row_type,date,ticker,direction,entry_time,exit_time,entry_price,exit_price,size,pnl,pnl_pct,hold_duration_ms,exit_reason,entry_composite,exit_composite,entry_1m,entry_5m,entry_1h,exit_1m,exit_5m,exit_1h,max_composite,max_composite_time,positive_ticks,total_ticks
summary,2023-01-02,SPY,,,,,,,0.00,,0,,,,,,,,,,0.6460,2022-12-30T20:51:00+00:00,250,489
summary,2023-01-02,QQQ,,,,,,,0.00,,0,,,,,,,,,,0.8888,2022-12-30T15:49:00+00:00,312,494
summary,2023-01-02,AAPL,,,,,,,0.00,,0,,,,,,,,,,0.9585,2022-12-30T15:48:00+00:00,344,494
summary,2023-01-02,NVDA,,,,,,,0.00,,0,,,,,,,,,,1.0000,2022-12-30T14:34:00+00:00,343,460
summary,2023-01-02,MSFT,,,,,,,0.00,,0,,,,,,,,,,0.8504,2022-12-30T15:49:00+00:00,254,444
summary,2023-01-03,SPY,,,,,,,0.00,,0,,,,,,,,,,0.4810,2023-01-03T09:16:00+00:00,148,685
summary,2023-01-03,QQQ,,,,,,,0.00,,0,,,,,,,,,,0.4967,2023-01-03T14:39:00+00:00,200,696
summary,2023-01-03,AAPL,,,,,,,0.00,,0,,,,,,,,,,0.5841,2023-01-03T09:04:00+00:00,95,655
trade,2023-01-03,NVDA,Long,2023-01-03T14:38:00+00:00,2023-01-03T14:46:00+00:00,148.4594,148.4771,2.02,0.04,0.000119,480000,ScoreExit,0.4297,-0.1691,0.3272,0.3620,0.5994,-0.3305,-0.2683,0.0831,,,
summary,2023-01-03,NVDA,,,,,,,0.04,,1,,,,,,,,,,0.8155,2023-01-03T09:36:00+00:00,133,610
summary,2023-01-03,MSFT,,,,,,,0.00,,0,,,,,,,,,,0.7629,2023-01-03T09:45:00+00:00,133,525
summary,2023-01-04,SPY,,,,,,,0.00,,0,,,,,,,,,,0.5030,2023-01-04T16:35:00+00:00,678,1493
summary,2023-01-04,QQQ,,,,,,,0.00,,0,,,,,,,,,,0.5135,2023-01-04T16:35:00+00:00,759,1541
trade,2023-01-04,AAPL,Long,2023-01-04T14:30:00+00:00,2023-01-04T14:44:00+00:00,126.9331,126.4584,2.36,-1.12,-0.003739,840000,ScoreExit,0.3530,-0.0616,0.5180,0.3114,0.3810,-0.4441,-0.2192,0.3810,,,
trade,2023-01-04,AAPL,Long,2023-01-04T15:43:00+00:00,2023-01-04T15:56:00+00:00,126.3407,126.7982,2.37,1.09,0.003622,780000,SessionClose,0.3597,0.3929,0.5717,0.3024,0.4038,0.1847,0.4008,0.4465,,,
trade,2023-01-04,AAPL,Long,2023-01-04T15:58:00+00:00,2023-01-04T15:59:00+00:00,126.8828,126.7770,2.36,-0.25,-0.000834,60000,SessionClose,0.3952,0.3720,0.2074,0.4008,0.4465,-0.0238,0.4008,0.4465,,,
summary,2023-01-04,AAPL,,,,,,,-0.29,,3,,,,,,,,,,0.5841,2023-01-03T09:04:00+00:00,553,1528
trade,2023-01-04,NVDA,Long,2023-01-04T14:36:00+00:00,2023-01-04T14:44:00+00:00,146.6390,146.0612,2.05,-1.18,-0.003940,480000,ScoreExit,0.4698,-0.0807,0.5842,0.4667,0.4379,-0.3798,-0.2901,0.4379,,,
summary,2023-01-04,NVDA,,,,,,,-1.18,,1,,,,,,,,,,0.8155,2023-01-03T09:36:00+00:00,636,1270
summary,2023-01-04,MSFT,,,,,,,0.00,,0,,,,,,,,,,0.7629,2023-01-03T09:45:00+00:00,185,1238
summary,2023-01-05,SPY,,,,,,,0.00,,0,,,,,,,,,,0.5030,2023-01-04T16:35:00+00:00,1027,2362
summary,2023-01-05,QQQ,,,,,,,0.00,,0,,,,,,,,,,0.5135,2023-01-04T16:35:00+00:00,1047,2434
trade,2023-01-05,AAPL,Long,2023-01-05T14:56:00+00:00,2023-01-05T15:31:00+00:00,127.0031,126.6769,2.36,-0.77,-0.002568,2100000,ScoreExit,0.3620,-0.0843,0.5987,0.3519,0.3032,-0.5023,-0.1322,0.1506,,,
summary,2023-01-05,AAPL,,,,,,,-0.77,,1,,,,,,,,,,0.5841,2023-01-03T09:04:00+00:00,1000,2416
summary,2023-01-05,NVDA,,,,,,,0.00,,0,,,,,,,,,,0.8155,2023-01-03T09:36:00+00:00,808,1952
summary,2023-01-05,MSFT,,,,,,,0.00,,0,,,,,,,,,,0.7629,2023-01-03T09:45:00+00:00,185,1971
trade,2023-01-06,SPY,Long,2023-01-06T15:36:00+00:00,2023-01-06T15:56:00+00:00,383.9501,385.0494,0.78,0.86,0.002863,1200000,SessionClose,0.4823,0.4315,0.5545,0.4736,0.4757,0.3581,0.4217,0.4757,,,
trade,2023-01-06,SPY,Long,2023-01-06T15:58:00+00:00,2023-01-06T15:59:00+00:00,385.3906,385.2344,0.78,-0.12,-0.000405,60000,SessionClose,0.4400,0.4476,0.4424,0.4217,0.4757,0.5193,0.4217,0.4757,,,
summary,2023-01-06,SPY,,,,,,,0.74,,2,,,,,,,,,,0.7856,2023-01-03T14:41:00+00:00,1303,2893
trade,2023-01-06,QQQ,Long,2023-01-06T15:36:00+00:00,2023-01-06T15:56:00+00:00,264.3943,265.2854,1.13,1.01,0.003370,1200000,SessionClose,0.4463,0.4520,0.5571,0.4622,0.3775,0.3194,0.4514,0.4976,,,
trade,2023-01-06,QQQ,Long,2023-01-06T15:58:00+00:00,2023-01-06T15:59:00+00:00,265.5847,265.5753,1.13,-0.01,-0.000035,60000,SessionClose,0.4665,0.4737,0.4642,0.4514,0.4976,0.5360,0.4514,0.4976,,,
summary,2023-01-06,QQQ,,,,,,,1.00,,2,,,,,,,,,,0.9208,2023-01-03T14:41:00+00:00,1211,2977
trade,2023-01-06,AAPL,Long,2023-01-06T15:08:00+00:00,2023-01-06T15:56:00+00:00,126.7430,127.2368,2.37,1.17,0.003896,2880000,SessionClose,0.3734,0.3173,0.4365,0.2909,0.5175,-0.1736,0.2990,0.5175,,,
trade,2023-01-06,AAPL,Long,2023-01-06T15:59:00+00:00,2023-01-06T16:00:00+00:00,127.3832,127.4018,2.36,0.04,0.000146,60000,SessionClose,0.3527,0.3761,0.1809,0.2990,0.5175,0.4146,0.2990,0.5175,,,
summary,2023-01-06,AAPL,,,,,,,1.21,,2,,,,,,,,,,1.0000,2023-01-03T14:41:00+00:00,1453,2956
trade,2023-01-06,NVDA,Long,2023-01-06T15:36:00+00:00,2023-01-06T15:56:00+00:00,143.3180,145.1514,2.09,3.83,0.012793,1200000,SessionClose,0.4131,0.5331,0.5406,0.4675,0.2618,0.1054,0.5900,0.5618,,,
trade,2023-01-06,NVDA,Long,2023-01-06T15:58:00+00:00,2023-01-06T15:59:00+00:00,145.4186,145.5113,2.06,0.19,0.000638,60000,SessionClose,0.5553,0.5703,0.3278,0.5900,0.5618,0.4782,0.5900,0.5618,,,
summary,2023-01-06,NVDA,,,,,,,4.02,,2,,,,,,,,,,1.0000,2023-01-03T14:38:00+00:00,1051,2358
summary,2023-01-06,MSFT,,,,,,,0.00,,0,,,,,,,,,,1.0000,2023-01-03T14:33:00+00:00,244,2477
summary,2023-01-09,SPY,,,,,,,0.00,,0,,,,,,,,,,0.9549,2023-01-06T15:49:00+00:00,930,1148
trade,2023-01-09,QQQ,Long,2023-01-09T14:36:00+00:00,2023-01-09T15:56:00+00:00,271.2864,274.6226,1.11,3.70,0.012298,4800000,SessionClose,0.4202,0.1991,-0.1208,0.3797,0.6815,0.4321,-0.0503,0.6201,,,
summary,2023-01-09,QQQ,,,,,,,3.70,,1,,,,,,,,,,0.9536,2023-01-06T15:58:00+00:00,984,1147
trade,2023-01-09,AAPL,Long,2023-01-09T15:34:00+00:00,2023-01-09T15:56:00+00:00,132.7348,132.9651,2.27,0.52,0.001735,1320000,SessionClose,0.4345,0.2411,0.5174,0.3141,0.6477,0.3900,0.0130,0.6477,,,
summary,2023-01-09,AAPL,,,,,,,0.52,,1,,,,,,,,,,1.0000,2023-01-06T14:34:00+00:00,980,1143
trade,2023-01-09,NVDA,Long,2023-01-09T15:29:00+00:00,2023-01-09T15:56:00+00:00,158.1874,159.6171,1.91,2.73,0.009038,1620000,SessionClose,0.6511,0.3791,0.3942,0.5283,0.9823,0.4806,0.0605,0.9823,,,
summary,2023-01-09,NVDA,,,,,,,2.73,,1,,,,,,,,,,0.9604,2023-01-06T15:53:00+00:00,925,1041
trade,2023-01-09,MSFT,Long,2023-01-09T15:36:00+00:00,2023-01-09T15:56:00+00:00,229.2638,229.8760,1.31,0.80,0.002671,1200000,SessionClose,0.4352,0.1737,0.4672,0.3306,0.6337,-0.0093,-0.0258,0.6337,,,
summary,2023-01-09,MSFT,,,,,,,0.80,,1,,,,,,,,,,1.0000,2023-01-06T14:35:00+00:00,795,980
summary,2023-01-10,SPY,,,,,,,0.00,,0,,,,,,,,,,0.7263,2023-01-09T10:23:00+00:00,583,1506
trade,2023-01-10,QQQ,Long,2023-01-10T14:35:00+00:00,2023-01-10T15:28:00+00:00,271.9666,271.7035,1.10,-0.29,-0.000967,3180000,ScoreExit,0.4094,-0.0591,0.5950,0.5225,0.1216,-0.2374,-0.1250,0.1320,,,
summary,2023-01-10,QQQ,,,,,,,-0.29,,1,,,,,,,,,,0.6886,2023-01-09T15:03:00+00:00,726,1518
trade,2023-01-10,AAPL,Long,2023-01-10T14:35:00+00:00,2023-01-10T15:51:00+00:00,131.2344,128.5764,2.29,-6.08,-0.020253,4560000,MaxHoldTimeout,0.3528,0.0000,0.5693,0.4705,0.0452,0.3508,-0.1931,-0.2070,,,
summary,2023-01-10,AAPL,,,,,,,-6.08,,1,,,,,,,,,,0.6707,2023-01-09T15:07:00+00:00,474,1444
trade,2023-01-10,NVDA,Long,2023-01-10T14:31:00+00:00,2023-01-10T14:47:00+00:00,155.7917,155.2984,1.93,-0.95,-0.003167,960000,ScoreExit,0.5256,-0.0548,0.3452,0.7279,0.1813,-0.6739,-0.0697,0.1813,,,
trade,2023-01-10,NVDA,Long,2023-01-10T15:13:00+00:00,2023-01-10T15:31:00+00:00,158.2325,156.9579,1.90,-2.42,-0.008055,1080000,ScoreExit,0.4955,-0.1420,0.5999,0.4376,0.5765,-0.6020,-0.2787,0.2847,,,
summary,2023-01-10,NVDA,,,,,,,-3.38,,2,,,,,,,,,,0.8975,2023-01-09T09:25:00+00:00,815,1264
trade,2023-01-10,MSFT,Long,2023-01-10T14:32:00+00:00,2023-01-10T15:31:00+00:00,229.4138,228.7663,1.31,-0.85,-0.002822,3540000,ScoreExit,0.4735,-0.2266,0.5311,0.4125,0.5761,-0.6119,-0.4419,0.3324,,,
summary,2023-01-10,MSFT,,,,,,,-0.85,,1,,,,,,,,,,0.6870,2023-01-09T15:00:00+00:00,698,1166
summary,2023-01-11,SPY,,,,,,,0.00,,0,,,,,,,,,,0.7263,2023-01-09T10:23:00+00:00,1276,2355
summary,2023-01-11,QQQ,,,,,,,0.00,,0,,,,,,,,,,0.6886,2023-01-09T15:03:00+00:00,1387,2351
trade,2023-01-11,AAPL,Long,2023-01-11T15:23:00+00:00,2023-01-11T15:56:00+00:00,131.6995,131.3656,2.28,-0.76,-0.002535,1980000,SessionClose,0.3757,0.0981,0.5441,0.3964,0.2782,-0.0830,0.0462,0.2622,,,
summary,2023-01-11,AAPL,,,,,,,-0.76,,1,,,,,,,,,,0.6707,2023-01-09T15:07:00+00:00,1059,2211
summary,2023-01-11,NVDA,,,,,,,0.00,,0,,,,,,,,,,0.8975,2023-01-09T09:25:00+00:00,1284,1926
trade,2023-01-11,MSFT,Long,2023-01-11T14:31:00+00:00,2023-01-11T15:56:00+00:00,231.7545,232.4053,1.30,0.84,0.002808,5100000,SessionClose,0.4695,0.0129,0.5350,0.4796,0.4274,-0.3835,-0.1417,0.4543,,,
summary,2023-01-11,MSFT,,,,,,,0.84,,1,,,,,,,,,,0.6870,2023-01-09T15:00:00+00:00,1269,1796
trade,2023-01-12,SPY,Long,2023-01-12T15:36:00+00:00,2023-01-12T15:56:00+00:00,396.6340,395.8462,0.76,-0.60,-0.001986,1200000,SessionClose,0.4102,0.1801,0.4926,0.4164,0.3703,0.4766,0.0356,0.3703,,,
summary,2023-01-12,SPY,,,,,,,-0.60,,1,,,,,,,,,,0.9343,2023-01-09T15:49:00+00:00,1741,2964
trade,2023-01-12,QQQ,Long,2023-01-12T15:40:00+00:00,2023-01-12T15:56:00+00:00,278.3335,277.1618,1.08,-1.26,-0.004210,960000,SessionClose,0.4013,0.1453,0.5404,0.3938,0.3700,0.4163,-0.0123,0.3700,,,
summary,2023-01-12,QQQ,,,,,,,-1.26,,1,,,,,,,,,,0.9547,2023-01-09T15:45:00+00:00,1804,2933
summary,2023-01-12,AAPL,,,,,,,0.00,,0,,,,,,,,,,0.9541,2023-01-09T15:46:00+00:00,1695,2775
trade,2023-01-12,NVDA,Long,2023-01-12T15:16:00+00:00,2023-01-12T15:56:00+00:00,159.8930,159.8520,1.85,-0.08,-0.000256,2400000,SessionClose,0.4207,0.2694,0.6499,0.3734,0.4390,0.5385,0.1398,0.4390,,,
summary,2023-01-12,NVDA,,,,,,,-0.08,,1,,,,,,,,,,1.0000,2023-01-09T14:41:00+00:00,1694,2406
trade,2023-01-12,MSFT,Long,2023-01-12T15:11:00+00:00,2023-01-12T15:56:00+00:00,236.5159,237.7037,1.27,1.51,0.005022,2700000,SessionClose,0.5199,0.1673,0.5375,0.5669,0.4200,0.5053,-0.0154,0.4200,,,
summary,2023-01-12,MSFT,,,,,,,1.51,,1,,,,,,,,,,0.9516,2023-01-09T15:40:00+00:00,1659,2303
trade,2023-01-13,SPY,Long,2023-01-13T15:23:00+00:00,2023-01-13T15:56:00+00:00,396.2538,396.4660,0.76,0.16,0.000535,1980000,SessionClose,0.4198,0.1694,0.5365,0.4797,0.2612,0.4974,0.0688,0.2612,,,
summary,2023-01-13,SPY,,,,,,,0.16,,1,,,,,,,,,,0.7325,2023-01-10T15:16:00+00:00,2309,2964
summary,2023-01-13,QQQ,,,,,,,0.00,,0,,,,,,,,,,1.0000,2023-01-10T14:34:00+00:00,2359,2928
trade,2023-01-13,AAPL,Long,2023-01-13T15:06:00+00:00,2023-01-13T15:56:00+00:00,133.2400,133.7549,2.25,1.16,0.003864,3000000,SessionClose,0.3618,0.2699,0.5703,0.3651,0.2858,0.3917,0.2417,0.2858,,,
summary,2023-01-13,AAPL,,,,,,,1.16,,1,,,,,,,,,,1.0000,2023-01-10T14:34:00+00:00,2039,2738
trade,2023-01-13,NVDA,Long,2023-01-13T14:31:00+00:00,2023-01-13T15:56:00+00:00,162.6936,167.7447,1.85,9.32,0.031047,5100000,SessionClose,0.4338,0.3148,0.2390,0.5109,0.3447,0.1684,0.2127,0.5680,,,
summary,2023-01-13,NVDA,,,,,,,9.32,,1,,,,,,,,,,1.0000,2023-01-10T14:32:00+00:00,1824,2408
summary,2023-01-13,MSFT,,,,,,,0.00,,0,,,,,,,,,,1.0000,2023-01-10T14:34:00+00:00,1570,2281
summary,2023-01-16,SPY,,,,,,,0.00,,0,,,,,,,,,,0.8819,2023-01-13T15:47:00+00:00,450,493
summary,2023-01-16,QQQ,,,,,,,0.00,,0,,,,,,,,,,0.9528,2023-01-13T15:47:00+00:00,437,488
summary,2023-01-16,AAPL,,,,,,,0.00,,0,,,,,,,,,,0.9576,2023-01-13T15:40:00+00:00,442,476
summary,2023-01-16,NVDA,,,,,,,0.00,,0,,,,,,,,,,1.0000,2023-01-13T14:34:00+00:00,412,454
summary,2023-01-16,MSFT,,,,,,,0.00,,0,,,,,,,,,,0.5967,2023-01-13T18:48:00+00:00,309,443
trade,2023-01-17,SPY,Long,2023-01-17T15:02:00+00:00,2023-01-17T15:36:00+00:00,399.5648,399.1952,0.75,-0.28,-0.000925,2040000,ScoreExit,0.4419,-0.1058,0.5603,0.3996,0.4872,-0.4811,-0.1771,0.1620,,,
summary,2023-01-17,SPY,,,,,,,-0.28,,1,,,,,,,,,,0.5142,2023-01-17T15:03:00+00:00,261,650
trade,2023-01-17,QQQ,Long,2023-01-17T14:54:00+00:00,2023-01-17T15:37:00+00:00,281.2794,281.4605,1.07,0.19,0.000644,2580000,ScoreExit,0.4252,-0.0939,0.5594,0.3801,0.4706,-0.5730,-0.1260,0.1300,,,
summary,2023-01-17,QQQ,,,,,,,0.19,,1,,,,,,,,,,0.6338,2023-01-17T15:06:00+00:00,388,656
trade,2023-01-17,AAPL,Long,2023-01-17T14:49:00+00:00,2023-01-17T15:41:00+00:00,135.4656,135.6393,2.22,0.38,0.001282,3120000,ScoreExit,0.3732,-0.1421,0.5393,0.0960,0.8720,-0.5834,-0.1455,0.0118,,,
summary,2023-01-17,AAPL,,,,,,,0.38,,1,,,,,,,,,,0.6752,2023-01-17T15:20:00+00:00,388,606
summary,2023-01-17,NVDA,,,,,,,0.00,,0,,,,,,,,,,0.8253,2023-01-17T14:39:00+00:00,465,557
summary,2023-01-17,MSFT,,,,,,,0.00,,0,,,,,,,,,,0.7203,2023-01-17T15:09:00+00:00,348,553
summary,2023-01-18,SPY,,,,,,,0.00,,0,,,,,,,,,,0.5142,2023-01-17T15:03:00+00:00,536,1477
summary,2023-01-18,QQQ,,,,,,,0.00,,0,,,,,,,,,,0.6338,2023-01-17T15:06:00+00:00,737,1484
summary,2023-01-18,AAPL,,,,,,,0.00,,0,,,,,,,,,,0.6752,2023-01-17T15:20:00+00:00,825,1394
trade,2023-01-18,NVDA,Long,2023-01-18T14:35:00+00:00,2023-01-18T15:16:00+00:00,177.6239,177.5417,1.69,-0.14,-0.000462,2460000,ScoreExit,0.4464,-0.0859,0.5509,0.4028,0.4987,-0.2052,-0.3297,0.4416,,,
summary,2023-01-18,NVDA,,,,,,,-0.14,,1,,,,,,,,,,0.8253,2023-01-17T14:39:00+00:00,987,1333
summary,2023-01-18,MSFT,,,,,,,0.00,,0,,,,,,,,,,0.7203,2023-01-17T15:09:00+00:00,559,1195
summary,2023-01-19,SPY,,,,,,,0.00,,0,,,,,,,,,,0.5142,2023-01-17T15:03:00+00:00,536,2378
summary,2023-01-19,QQQ,,,,,,,0.00,,0,,,,,,,,,,0.6338,2023-01-17T15:06:00+00:00,737,2364
summary,2023-01-19,AAPL,,,,,,,0.00,,0,,,,,,,,,,0.6752,2023-01-17T15:20:00+00:00,920,2233
summary,2023-01-19,NVDA,,,,,,,0.00,,0,,,,,,,,,,0.8253,2023-01-17T14:39:00+00:00,987,2048
summary,2023-01-19,MSFT,,,,,,,0.00,,0,,,,,,,,,,0.7203,2023-01-17T15:09:00+00:00,559,1873
summary,2023-01-20,SPY,,,,,,,0.00,,0,,,,,,,,,,0.6409,2023-01-17T15:03:00+00:00,560,2976
summary,2023-01-20,QQQ,,,,,,,0.00,,0,,,,,,,,,,0.9011,2023-01-17T15:03:00+00:00,831,2944
summary,2023-01-20,AAPL,,,,,,,0.00,,0,,,,,,,,,,0.8977,2023-01-17T15:05:00+00:00,1245,2777
summary,2023-01-20,NVDA,,,,,,,0.00,,0,,,,,,,,,,1.0000,2023-01-17T14:31:00+00:00,1219,2524
trade,2023-01-20,MSFT,Long,2023-01-20T14:41:00+00:00,2023-01-20T15:42:00+00:00,235.6457,235.7143,1.27,0.09,0.000291,3660000,ScoreExit,0.4151,-0.0885,0.3357,0.5910,0.0897,-0.5538,-0.1207,0.1310,,,
summary,2023-01-20,MSFT,,,,,,,0.09,,1,,,,,,,,,,0.8974,2023-01-17T15:03:00+00:00,892,2330
trade,2023-01-23,SPY,Long,2023-01-23T14:46:00+00:00,2023-01-23T15:56:00+00:00,397.1241,399.8250,0.76,2.04,0.006801,4200000,SessionClose,0.4389,0.3749,0.5603,0.3563,0.5637,0.5342,0.2472,0.5772,,,
summary,2023-01-23,SPY,,,,,,,2.04,,1,,,,,,,,,,0.8212,2023-01-20T16:04:00+00:00,1031,1153
trade,2023-01-23,QQQ,Long,2023-01-23T14:36:00+00:00,2023-01-23T15:56:00+00:00,283.9602,287.5087,1.06,3.75,0.012497,4800000,SessionClose,0.4301,0.2580,0.4969,0.3338,0.6005,0.2249,0.0930,0.5992,,,
summary,2023-01-23,QQQ,,,,,,,3.75,,1,,,,,,,,,,0.8710,2023-01-20T16:02:00+00:00,1045,1137
summary,2023-01-23,AAPL,,,,,,,0.00,,0,,,,,,,,,,0.7940,2023-01-20T15:35:00+00:00,1003,1121
trade,2023-01-23,NVDA,Long,2023-01-23T14:41:00+00:00,2023-01-23T15:56:00+00:00,180.4491,188.1585,1.66,12.81,0.042723,4500000,SessionClose,0.4910,0.5397,0.3266,0.3037,0.9204,0.2682,0.3549,1.0000,,,
trade,2023-01-23,NVDA,Long,2023-01-23T15:58:00+00:00,2023-01-23T15:59:00+00:00,188.5415,188.4584,1.59,-0.13,-0.000441,60000,SessionClose,0.5621,0.5620,0.4915,0.3549,1.0000,0.4903,0.3549,1.0000,,,
summary,2023-01-23,NVDA,,,,,,,12.68,,2,,,,,,,,,,0.8998,2023-01-20T15:06:00+00:00,1018,1106
trade,2023-01-23,MSFT,Long,2023-01-23T15:21:00+00:00,2023-01-23T15:56:00+00:00,241.7575,242.8721,1.24,1.38,0.004610,2100000,SessionClose,0.4795,0.2452,0.5178,0.3978,0.6301,-0.2832,0.1408,0.6301,,,
summary,2023-01-23,MSFT,,,,,,,1.38,,1,,,,,,,,,,0.9743,2023-01-20T14:41:00+00:00,962,1037
summary,2023-01-24,SPY,,,,,,,0.00,,0,,,,,,,,,,1.0000,2023-01-23T09:00:00+00:00,976,1501
trade,2023-01-24,QQQ,Long,2023-01-24T14:49:00+00:00,2023-01-24T15:01:00+00:00,288.8816,287.4087,1.04,-1.53,-0.005099,720000,ScoreExit,0.4049,-0.0708,0.5621,0.4334,0.2954,-0.6144,-0.1246,0.2179,,,
summary,2023-01-24,QQQ,,,,,,,-1.53,,1,,,,,,,,,,0.6697,2023-01-23T14:52:00+00:00,1033,1479
trade,2023-01-24,AAPL,Long,2023-01-24T14:31:00+00:00,2023-01-24T15:56:00+00:00,140.5171,142.0712,2.14,3.32,0.011059,5100000,SessionClose,0.3521,0.3528,0.3633,0.4562,0.1402,0.5432,0.1914,0.6122,,,
trade,2023-01-24,AAPL,Long,2023-01-24T15:58:00+00:00,2023-01-24T15:59:00+00:00,142.3177,142.1723,2.11,-0.31,-0.001021,60000,SessionClose,0.3535,0.3488,0.5505,0.1914,0.6122,0.5035,0.1914,0.6122,,,
summary,2023-01-24,AAPL,,,,,,,3.02,,2,,,,,,,,,,0.6727,2023-01-23T14:52:00+00:00,958,1405
trade,2023-01-24,NVDA,Long,2023-01-24T14:31:00+00:00,2023-01-24T15:56:00+00:00,188.4715,192.1626,1.60,5.89,0.019584,5100000,SessionClose,0.4382,0.3216,0.2876,0.4712,0.4225,0.5215,0.1104,0.6773,,,
summary,2023-01-24,NVDA,,,,,,,5.89,,1,,,,,,,,,,0.8363,2023-01-23T15:00:00+00:00,1104,1409
summary,2023-01-24,MSFT,,,,,,,0.00,,0,,,,,,,,,,0.6488,2023-01-23T16:07:00+00:00,781,1235
summary,2023-01-25,SPY,,,,,,,0.00,,0,,,,,,,,,,1.0000,2023-01-23T09:00:00+00:00,1187,2403
summary,2023-01-25,QQQ,,,,,,,0.00,,0,,,,,,,,,,0.6697,2023-01-23T14:52:00+00:00,1262,2402
summary,2023-01-25,AAPL,,,,,,,0.00,,0,,,,,,,,,,0.6727,2023-01-23T14:52:00+00:00,1238,2256
summary,2023-01-25,NVDA,,,,,,,0.00,,0,,,,,,,,,,0.8363,2023-01-23T15:00:00+00:00,1472,2231
summary,2023-01-25,MSFT,,,,,,,0.00,,0,,,,,,,,,,0.8569,2023-01-24T21:06:00+00:00,1103,2137
summary,2023-01-26,SPY,,,,,,,0.00,,0,,,,,,,,,,0.9543,2023-01-23T16:03:00+00:00,1615,3016
summary,2023-01-26,QQQ,,,,,,,0.00,,0,,,,,,,,,,0.9544,2023-01-23T15:49:00+00:00,1764,3015
summary,2023-01-26,AAPL,,,,,,,0.00,,0,,,,,,,,,,1.0000,2023-01-23T14:33:00+00:00,1598,2813
summary,2023-01-26,NVDA,,,,,,,0.00,,0,,,,,,,,,,0.9620,2023-01-23T15:49:00+00:00,2010,2791
summary,2023-01-26,MSFT,,,,,,,0.00,,0,,,,,,,,,,1.0000,2023-01-23T14:40:00+00:00,1436,2683
trade,2023-01-27,SPY,Long,2023-01-27T14:51:00+00:00,2023-01-27T15:46:00+00:00,405.4266,404.9720,0.74,-0.34,-0.001121,3300000,ScoreExit,0.4166,-0.1307,0.5670,0.4307,0.3382,-0.4889,-0.2887,0.3048,,,
summary,2023-01-27,SPY,,,,,,,-0.34,,1,,,,,,,,,,0.8909,2023-01-24T15:56:00+00:00,1956,3032
trade,2023-01-27,QQQ,Long,2023-01-27T14:36:00+00:00,2023-01-27T15:46:00+00:00,293.1029,294.4566,1.02,1.39,0.004619,4200000,ScoreExit,0.4054,-0.0613,0.5314,0.3768,0.4204,-0.4533,-0.2317,0.4102,,,
summary,2023-01-27,QQQ,,,,,,,1.39,,1,,,,,,,,,,0.8936,2023-01-24T14:54:00+00:00,1898,3064
trade,2023-01-27,AAPL,Long,2023-01-27T14:31:00+00:00,2023-01-27T15:56:00+00:00,143.8181,144.4017,2.09,1.22,0.004057,5100000,SessionClose,0.3724,-0.0189,0.5637,0.3195,0.4145,-0.5494,-0.1462,0.4124,,,
summary,2023-01-27,AAPL,,,,,,,1.22,,1,,,,,,,,,,0.9451,2023-01-24T14:43:00+00:00,1933,2834
trade,2023-01-27,NVDA,Long,2023-01-27T14:31:00+00:00,2023-01-27T15:56:00+00:00,195.9638,199.6736,1.53,5.69,0.018931,5100000,SessionClose,0.5196,0.0515,0.5825,0.4885,0.5608,-0.5307,-0.1284,0.6055,,,
summary,2023-01-27,NVDA,,,,,,,5.69,,1,,,,,,,,,,1.0000,2023-01-24T14:32:00+00:00,1752,2789
summary,2023-01-27,MSFT,,,,,,,0.00,,0,,,,,,,,,,0.9588,2023-01-24T21:06:00+00:00,1824,2694
summary,2023-01-30,SPY,,,,,,,0.00,,0,,,,,,,,,,0.7223,2023-01-27T15:10:00+00:00,309,1168
summary,2023-01-30,QQQ,,,,,,,0.00,,0,,,,,,,,,,0.8933,2023-01-27T15:07:00+00:00,394,1176
summary,2023-01-30,AAPL,,,,,,,0.00,,0,,,,,,,,,,0.8929,2023-01-27T14:49:00+00:00,378,1137
summary,2023-01-30,NVDA,,,,,,,0.00,,0,,,,,,,,,,1.0000,2023-01-27T14:32:00+00:00,548,1075
summary,2023-01-30,MSFT,,,,,,,0.00,,0,,,,,,,,,,0.5899,2023-01-27T20:07:00+00:00,238,1015
summary,2023-01-31,SPY,,,,,,,0.00,,0,,,,,,,,,,0.4871,2023-01-30T14:47:00+00:00,647,1573
trade,2023-01-31,QQQ,Long,2023-01-31T15:30:00+00:00,2023-01-31T15:56:00+00:00,292.5027,292.3973,1.03,-0.11,-0.000361,1560000,SessionClose,0.4167,0.3732,0.5401,0.3723,0.4644,0.1764,0.3525,0.4800,,,
trade,2023-01-31,QQQ,Long,2023-01-31T16:00:00+00:00,2023-01-31T16:01:00+00:00,292.8128,292.8671,1.02,0.06,0.000185,60000,SessionClose,0.4069,0.4009,0.4341,0.3525,0.5064,0.4753,0.3474,0.4832,,,
summary,2023-01-31,QQQ,,,,,,,-0.05,,2,,,,,,,,,,0.4639,2023-01-31T20:56:00+00:00,595,1562
summary,2023-01-31,AAPL,,,,,,,0.00,,0,,,,,,,,,,0.5085,2023-01-30T12:49:00+00:00,532,1423
trade,2023-01-31,NVDA,Long,2023-01-31T15:26:00+00:00,2023-01-31T15:56:00+00:00,193.6647,195.6013,1.55,3.00,0.010000,1800000,SessionClose,0.4617,0.6838,0.5521,0.4396,0.4757,0.5865,0.6166,0.8507,,,
trade,2023-01-31,NVDA,Long,2023-01-31T15:58:00+00:00,2023-01-31T15:59:00+00:00,195.9438,195.9662,1.53,0.03,0.000114,60000,SessionClose,0.6838,0.6823,0.5862,0.6166,0.8507,0.5712,0.6166,0.8507,,,
summary,2023-01-31,NVDA,,,,,,,3.03,,2,,,,,,,,,,0.6844,2023-01-31T15:56:00+00:00,468,1373
trade,2023-01-31,MSFT,Long,2023-01-31T15:13:00+00:00,2023-01-31T15:56:00+00:00,244.9343,244.6916,1.23,-0.30,-0.000991,2580000,SessionClose,0.4081,0.0483,0.5810,0.3221,0.5224,-0.4321,-0.1087,0.5224,,,
summary,2023-01-31,MSFT,,,,,,,-0.30,,1,,,,,,,,,,0.4842,2023-01-31T20:59:00+00:00,523,1193
summary,2023-02-01,SPY,,,,,,,0.00,,0,,,,,,,,,,0.6258,2023-02-01T20:09:00+00:00,1208,2436
summary,2023-02-01,QQQ,,,,,,,0.00,,0,,,,,,,,,,0.7030,2023-02-01T20:08:00+00:00,1210,2432
summary,2023-02-01,AAPL,,,,,,,0.00,,0,,,,,,,,,,0.5946,2023-02-01T20:09:00+00:00,874,2185
summary,2023-02-01,NVDA,,,,,,,0.00,,0,,,,,,,,,,0.7995,2023-02-01T20:08:00+00:00,1029,2132
summary,2023-02-01,MSFT,,,,,,,0.00,,0,,,,,,,,,,0.6978,2023-02-01T20:05:00+00:00,983,1779
trade,2023-02-02,SPY,Long,2023-02-02T15:31:00+00:00,2023-02-02T15:56:00+00:00,415.4496,416.6600,0.72,0.87,0.002913,1500000,SessionClose,0.4537,0.4098,0.5484,0.3849,0.5599,0.1910,0.3713,0.5599,,,
summary,2023-02-02,SPY,,,,,,,0.87,,1,,,,,,,,,,0.6238,2023-02-01T20:09:00+00:00,1728,3058
trade,2023-02-02,QQQ,Long,2023-02-02T14:48:00+00:00,2023-02-02T15:56:00+00:00,308.9427,310.5018,0.97,1.51,0.005047,4080000,SessionClose,0.4450,0.3474,0.5667,0.3923,0.5099,-0.2172,0.3307,0.5690,,,
summary,2023-02-02,QQQ,,,,,,,1.51,,1,,,,,,,,,,0.6989,2023-02-01T20:08:00+00:00,1823,3067
trade,2023-02-02,AAPL,Long,2023-02-02T15:58:00+00:00,2023-02-02T15:59:00+00:00,150.1900,149.9900,2.00,-0.40,-0.001332,60000,SessionClose,0.3709,0.3540,-0.3070,0.3513,0.6360,-0.4757,0.3513,0.6360,,,
summary,2023-02-02,AAPL,,,,,,,-0.40,,1,,,,,,,,,,0.5911,2023-02-01T20:09:00+00:00,1497,2853
trade,2023-02-02,NVDA,Long,2023-02-02T14:44:00+00:00,2023-02-02T15:56:00+00:00,214.1792,213.4509,1.41,-1.02,-0.003400,4320000,SessionClose,0.7124,0.0735,0.6057,0.7522,0.6684,-0.3399,-0.1662,0.6907,,,
summary,2023-02-02,NVDA,,,,,,,-1.02,,1,,,,,,,,,,0.9074,2023-01-30T14:47:00+00:00,1745,2767
trade,2023-02-02,MSFT,Long,2023-02-02T14:34:00+00:00,2023-02-02T15:50:00+00:00,260.5031,260.2469,1.15,-0.30,-0.000984,4560000,MaxHoldTimeout,0.6560,0.4261,0.6536,0.6408,0.6872,0.0089,0.3436,0.7302,,,
trade,2023-02-02,MSFT,Long,2023-02-02T15:52:00+00:00,2023-02-02T15:56:00+00:00,260.2731,260.2569,1.15,-0.02,-0.000062,240000,SessionClose,0.4157,0.3288,-0.2506,0.3694,0.7302,-0.1486,0.2077,0.7302,,,
summary,2023-02-02,MSFT,,,,,,,-0.31,,2,,,,,,,,,,0.6947,2023-02-01T20:05:00+00:00,1623,2387
trade,2023-02-03,SPY,Long,2023-02-03T15:13:00+00:00,2023-02-03T15:56:00+00:00,414.1892,415.5703,0.72,1.00,0.003334,2580000,SessionClose,0.4046,0.1035,0.5511,0.4542,0.2566,-0.4830,0.1246,0.2566,,,
summary,2023-02-03,SPY,,,,,,,1.00,,1,,,,,,,,,,0.8559,2023-01-31T16:02:00+00:00,2207,3061
trade,2023-02-03,QQQ,Long,2023-02-03T14:46:00+00:00,2023-02-03T15:56:00+00:00,307.6473,310.7817,0.98,3.06,0.010189,4200000,SessionClose,0.4410,0.0961,0.4472,0.5269,0.2674,-0.4772,0.0461,0.3871,,,
summary,2023-02-03,QQQ,,,,,,,3.06,,1,,,,,,,,,,0.9538,2023-01-31T16:02:00+00:00,2372,3123
trade,2023-02-03,AAPL,Long,2023-02-03T14:31:00+00:00,2023-02-03T15:56:00+00:00,149.6099,155.9083,2.01,12.64,0.042099,5100000,SessionClose,0.4859,0.2523,0.6101,0.3575,0.7011,-0.2581,0.1206,0.6858,,,
summary,2023-02-03,AAPL,,,,,,,12.64,,1,,,,,,,,,,0.8932,2023-01-31T14:48:00+00:00,2170,2988
trade,2023-02-03,NVDA,Long,2023-02-03T14:46:00+00:00,2023-02-03T15:56:00+00:00,212.2687,216.0952,1.33,5.09,0.018027,4200000,SessionClose,0.5020,0.0519,0.5692,0.4783,0.5272,-0.2422,-0.1098,0.4732,,,
summary,2023-02-03,NVDA,,,,,,,5.09,,1,,,,,,,,,,1.0000,2023-01-31T14:33:00+00:00,2124,2820
trade,2023-02-03,MSFT,Long,2023-02-03T15:11:00+00:00,2023-02-03T15:56:00+00:00,261.5433,261.8564,1.15,0.36,0.001197,2700000,SessionClose,0.4291,-0.0187,0.2308,0.4748,0.4038,-0.5357,-0.1437,0.4038,,,
summary,2023-02-03,MSFT,,,,,,,0.36,,1,,,,,,,,,,0.8446,2023-01-31T15:40:00+00:00,2043,2537
summary,2023-02-06,SPY,,,,,,,0.00,,0,,,,,,,,,,0.9511,2023-02-03T15:43:00+00:00,174,1185
summary,2023-02-06,QQQ,,,,,,,0.00,,0,,,,,,,,,,1.0000,2023-02-03T14:40:00+00:00,194,1196
summary,2023-02-06,AAPL,,,,,,,0.00,,0,,,,,,,,,,1.0000,2023-02-03T14:32:00+00:00,381,1188
trade,2023-02-06,NVDA,Long,2023-02-06T14:31:00+00:00,2023-02-06T15:21:00+00:00,208.0974,210.4518,1.44,3.40,0.011314,3000000,ScoreExit,0.4714,-0.0903,-0.0595,0.6290,0.3333,-0.6312,-0.2087,0.3266,,,
trade,2023-02-06,NVDA,Long,2023-02-06T15:52:00+00:00,2023-02-06T15:56:00+00:00,212.9089,212.7012,1.41,-0.29,-0.000975,240000,SessionClose,0.4021,0.2928,0.5856,0.2019,0.7412,0.4163,0.0570,0.7233,,,
summary,2023-02-06,NVDA,,,,,,,3.10,,2,,,,,,,,,,1.0000,2023-02-03T14:32:00+00:00,531,1056
summary,2023-02-06,MSFT,,,,,,,0.00,,0,,,,,,,,,,0.9375,2023-02-03T14:46:00+00:00,169,984
summary,2023-02-07,SPY,,,,,,,0.00,,0,,,,,,,,,,0.5629,2023-02-07T17:52:00+00:00,878,1552
summary,2023-02-07,QQQ,,,,,,,0.00,,0,,,,,,,,,,0.6282,2023-02-07T17:52:00+00:00,911,1561
trade,2023-02-07,AAPL,Long,2023-02-07T14:33:00+00:00,2023-02-07T15:56:00+00:00,152.0006,152.5992,1.97,1.18,0.003938,4980000,SessionClose,0.3588,0.0605,0.5876,0.4093,0.1816,-0.5100,0.0002,0.3712,,,
summary,2023-02-07,AAPL,,,,,,,1.18,,1,,,,,,,,,,0.5932,2023-02-06T16:28:00+00:00,611,1447
trade,2023-02-07,NVDA,Long,2023-02-07T16:00:00+00:00,2023-02-07T16:01:00+00:00,213.8941,214.6656,1.40,1.08,0.003607,60000,SessionClose,0.4036,0.5814,0.4936,0.3036,0.5736,0.5936,0.4484,0.8434,,,
summary,2023-02-07,NVDA,,,,,,,1.08,,1,,,,,,,,,,0.7900,2023-02-06T14:45:00+00:00,939,1370
trade,2023-02-07,MSFT,Long,2023-02-07T15:31:00+00:00,2023-02-07T15:56:00+00:00,262.6938,262.6862,1.14,-0.01,-0.000029,1500000,SessionClose,0.4632,0.2063,0.5557,0.3236,0.7113,-0.1777,0.0178,0.7113,,,
summary,2023-02-07,MSFT,,,,,,,-0.01,,1,,,,,,,,,,0.6737,2023-02-07T17:54:00+00:00,875,1265
summary,2023-02-08,SPY,,,,,,,0.00,,0,,,,,,,,,,0.5629,2023-02-07T17:52:00+00:00,1278,2403
summary,2023-02-08,QQQ,,,,,,,0.00,,0,,,,,,,,,,0.6282,2023-02-07T17:52:00+00:00,1361,2444
summary,2023-02-08,AAPL,,,,,,,0.00,,0,,,,,,,,,,0.5932,2023-02-06T16:28:00+00:00,898,2275
summary,2023-02-08,NVDA,,,,,,,0.00,,0,,,,,,,,,,0.7900,2023-02-06T14:45:00+00:00,1574,2199
summary,2023-02-08,MSFT,,,,,,,0.00,,0,,,,,,,,,,0.6737,2023-02-07T17:54:00+00:00,1498,2170
summary,2023-02-09,SPY,,,,,,,0.00,,0,,,,,,,,,,0.5942,2023-02-06T15:57:00+00:00,1410,3018
summary,2023-02-09,QQQ,,,,,,,0.00,,0,,,,,,,,,,0.6618,2023-02-06T15:09:00+00:00,1392,3016
summary,2023-02-09,AAPL,,,,,,,0.00,,0,,,,,,,,,,0.6045,2023-02-06T16:27:00+00:00,1195,2779
trade,2023-02-09,NVDA,Long,2023-02-09T15:58:00+00:00,2023-02-09T15:59:00+00:00,229.4438,229.5962,1.31,0.20,0.000664,60000,SessionClose,0.5092,0.5070,0.5952,0.4541,0.5909,0.5732,0.4541,0.5909,,,
summary,2023-02-09,NVDA,,,,,,,0.20,,1,,,,,,,,,,1.0000,2023-02-06T14:32:00+00:00,1920,2787
summary,2023-02-09,MSFT,,,,,,,0.00,,0,,,,,,,,,,0.7210,2023-02-06T15:09:00+00:00,1818,2792
summary,2023-02-10,SPY,,,,,,,0.00,,0,,,,,,,,,,0.6897,2023-02-07T17:52:00+00:00,1141,3033
summary,2023-02-10,QQQ,,,,,,,0.00,,0,,,,,,,,,,0.7150,2023-02-07T17:52:00+00:00,1083,3077
summary,2023-02-10,AAPL,,,,,,,0.00,,0,,,,,,,,,,0.9991,2023-02-07T14:34:00+00:00,1028,2811
summary,2023-02-10,NVDA,,,,,,,0.00,,0,,,,,,,,,,0.9594,2023-02-07T16:00:00+00:00,1614,2854
summary,2023-02-10,MSFT,,,,,,,0.00,,0,,,,,,,,,,1.0000,2023-02-07T14:37:00+00:00,1291,2843
trade,2023-02-13,SPY,Long,2023-02-13T14:47:00+00:00,2023-02-13T15:56:00+00:00,409.5678,411.6715,0.73,1.54,0.005136,4140000,SessionClose,0.4057,0.2934,0.4894,0.3646,0.4601,0.5559,0.1480,0.4967,,,
summary,2023-02-13,SPY,,,,,,,1.54,,1,,,,,,,,,,0.6406,2023-02-10T15:22:00+00:00,810,1123
trade,2023-02-13,QQQ,Long,2023-02-13T14:56:00+00:00,2023-02-13T15:56:00+00:00,301.9255,303.4839,0.99,1.55,0.005161,3600000,SessionClose,0.4539,0.3760,0.4255,0.4244,0.5224,0.5610,0.2565,0.5532,,,
summary,2023-02-13,QQQ,,,,,,,1.55,,1,,,,,,,,,,0.7843,2023-02-10T15:22:00+00:00,707,1138
trade,2023-02-13,AAPL,Long,2023-02-13T14:37:00+00:00,2023-02-13T15:56:00+00:00,151.2904,152.7192,1.98,2.83,0.009444,4740000,SessionClose,0.3814,0.3414,0.1335,0.3300,0.5669,0.5658,0.1737,0.6020,,,
summary,2023-02-13,AAPL,,,,,,,2.83,,1,,,,,,,,,,0.8992,2023-02-10T15:11:00+00:00,797,1074
trade,2023-02-13,NVDA,Long,2023-02-13T14:46:00+00:00,2023-02-13T15:56:00+00:00,214.8794,216.4900,1.40,2.25,0.007495,4200000,SessionClose,0.4433,0.4475,0.5883,0.2713,0.7391,0.2955,0.3196,0.7540,,,
trade,2023-02-13,NVDA,Long,2023-02-13T15:58:00+00:00,2023-02-13T15:59:00+00:00,216.6450,216.5400,1.39,-0.15,-0.000484,60000,SessionClose,0.4483,0.4494,0.3030,0.3196,0.7540,0.3149,0.3196,0.7540,,,
summary,2023-02-13,NVDA,,,,,,,2.11,,2,,,,,,,,,,1.0000,2023-02-10T14:35:00+00:00,558,1112
summary,2023-02-13,MSFT,,,,,,,0.00,,0,,,,,,,,,,0.9003,2023-02-10T15:11:00+00:00,683,1071
trade,2023-02-14,SPY,Long,2023-02-14T15:01:00+00:00,2023-02-14T15:36:00+00:00,413.5640,411.8314,0.73,-1.26,-0.004189,2100000,ScoreExit,0.4113,-0.2161,0.4732,0.4431,0.3270,-0.5993,-0.3486,0.1765,,,
summary,2023-02-14,SPY,,,,,,,-1.26,,1,,,,,,,,,,0.4830,2023-02-13T15:29:00+00:00,1016,1449
trade,2023-02-14,QQQ,Long,2023-02-14T14:56:00+00:00,2023-02-14T15:36:00+00:00,305.6667,304.2037,0.98,-1.44,-0.004786,2400000,ScoreExit,0.4563,-0.1833,0.5881,0.4494,0.4263,-0.6137,-0.3532,0.3002,,,
summary,2023-02-14,QQQ,,,,,,,-1.44,,1,,,,,,,,,,0.5935,2023-02-13T14:58:00+00:00,1121,1492
trade,2023-02-14,AAPL,Long,2023-02-14T15:04:00+00:00,2023-02-14T15:31:00+00:00,153.4960,152.8791,1.96,-1.21,-0.004019,1620000,ScoreExit,0.3507,-0.0512,0.5454,0.3646,0.2580,-0.5439,-0.0587,0.1280,,,
summary,2023-02-14,AAPL,,,,,,,-1.21,,1,,,,,,,,,,0.5933,2023-02-13T16:47:00+00:00,936,1336
trade,2023-02-14,NVDA,Long,2023-02-14T14:36:00+00:00,2023-02-14T15:54:00+00:00,216.3949,222.4282,1.08,6.54,0.027881,4680000,ScoreExit,0.4431,-0.0528,0.4190,0.3888,0.5596,-0.4261,-0.4122,0.7905,,,
summary,2023-02-14,NVDA,,,,,,,6.54,,1,,,,,,,,,,0.8672,2023-02-14T14:50:00+00:00,1160,1411
trade,2023-02-14,MSFT,Long,2023-02-14T15:06:00+00:00,2023-02-14T15:36:00+00:00,273.0919,271.4535,1.10,-1.80,-0.005999,1800000,ScoreExit,0.4532,-0.2581,0.5292,0.5165,0.3013,-0.6014,-0.3819,0.1040,,,
summary,2023-02-14,MSFT,,,,,,,-1.80,,1,,,,,,,,,,0.8024,2023-02-13T14:58:00+00:00,919,1372
summary,2023-02-15,SPY,,,,,,,0.00,,0,,,,,,,,,,0.4830,2023-02-13T15:29:00+00:00,1344,2276
summary,2023-02-15,QQQ,,,,,,,0.00,,0,,,,,,,,,,0.5935,2023-02-13T14:58:00+00:00,1666,2362
trade,2023-02-15,AAPL,Long,2023-02-15T14:35:00+00:00,2023-02-15T15:56:00+00:00,153.6511,153.9538,1.95,0.59,0.001970,4860000,SessionClose,0.3611,0.0141,0.5461,0.3955,0.2307,0.0832,-0.1244,0.2681,,,
summary,2023-02-15,AAPL,,,,,,,0.59,,1,,,,,,,,,,0.5933,2023-02-13T16:47:00+00:00,1371,2106
summary,2023-02-15,NVDA,,,,,,,0.00,,0,,,,,,,,,,0.8672,2023-02-14T14:50:00+00:00,1719,2244
summary,2023-02-15,MSFT,,,,,,,0.00,,0,,,,,,,,,,0.8024,2023-02-13T14:58:00+00:00,988,2057
summary,2023-02-16,SPY,,,,,,,0.00,,0,,,,,,,,,,0.9025,2023-02-13T15:55:00+00:00,1690,2882
trade,2023-02-16,QQQ,Long,2023-02-16T15:31:00+00:00,2023-02-16T15:56:00+00:00,306.6770,307.1528,0.98,0.47,0.001552,1500000,SessionClose,0.4023,0.2519,0.4990,0.4461,0.2824,-0.2898,0.3245,0.2871,,,
summary,2023-02-16,QQQ,,,,,,,0.47,,1,,,,,,,,,,0.9561,2023-02-13T15:55:00+00:00,2090,2971
trade,2023-02-16,AAPL,Long,2023-02-16T14:40:00+00:00,2023-02-16T15:56:00+00:00,154.5213,155.0202,1.94,0.97,0.003228,4560000,SessionClose,0.3525,0.3019,0.5863,0.3880,0.2034,0.1745,0.3112,0.3259,,,
summary,2023-02-16,AAPL,,,,,,,0.97,,1,,,,,,,,,,0.9566,2023-02-13T15:55:00+00:00,1814,2642
summary,2023-02-16,NVDA,,,,,,,0.00,,0,,,,,,,,,,0.9625,2023-02-13T15:49:00+00:00,1997,2773
summary,2023-02-16,MSFT,,,,,,,0.00,,0,,,,,,,,,,1.0000,2023-02-13T14:36:00+00:00,683,2479
summary,2023-02-17,SPY,,,,,,,0.00,,0,,,,,,,,,,0.8942,2023-02-14T14:55:00+00:00,1001,2955
summary,2023-02-17,QQQ,,,,,,,0.00,,0,,,,,,,,,,0.9720,2023-02-14T14:41:00+00:00,1504,3066
summary,2023-02-17,AAPL,,,,,,,0.00,,0,,,,,,,,,,0.9105,2023-02-14T14:46:00+00:00,1407,2721
summary,2023-02-17,NVDA,,,,,,,0.00,,0,,,,,,,,,,1.0000,2023-02-14T14:35:00+00:00,1259,2801
summary,2023-02-17,MSFT,,,,,,,0.00,,0,,,,,,,,,,0.9028,2023-02-14T15:11:00+00:00,358,2460
summary,2023-02-20,SPY,,,,,,,0.00,,0,,,,,,,,,,0.5802,2023-02-17T15:21:00+00:00,270,485
summary,2023-02-20,QQQ,,,,,,,0.00,,0,,,,,,,,,,0.5811,2023-02-17T15:20:00+00:00,224,485
summary,2023-02-20,AAPL,,,,,,,0.00,,0,,,,,,,,,,0.6792,2023-02-17T14:34:00+00:00,200,486
summary,2023-02-20,NVDA,,,,,,,0.00,,0,,,,,,,,,,1.0000,2023-02-17T14:38:00+00:00,160,480
summary,2023-02-20,MSFT,,,,,,,0.00,,0,,,,,,,,,,0.3733,2023-02-17T21:04:00+00:00,93,440
summary,2023-02-21,SPY,,,,,,,0.00,,0,,,,,,,,,,0.5569,2023-02-21T09:54:00+00:00,91,665
trade,2023-02-21,QQQ,Long,2023-02-21T14:42:00+00:00,2023-02-21T15:56:00+00:00,298.5445,296.0112,1.01,-2.55,-0.008486,4440000,SessionClose,0.4134,0.0000,0.5378,0.3722,0.4543,-0.5626,-0.1633,-0.8044,,,
summary,2023-02-21,QQQ,,,,,,,-2.55,,1,,,,,,,,,,0.7495,2023-02-21T09:54:00+00:00,155,690
trade,2023-02-21,AAPL,Long,2023-02-21T14:43:00+00:00,2023-02-21T14:56:00+00:00,150.7602,150.6198,1.99,-0.28,-0.000931,780000,ScoreExit,0.3504,-0.1024,0.4468,0.3722,0.2747,-0.1828,-0.1743,0.0683,,,
summary,2023-02-21,AAPL,,,,,,,-0.28,,1,,,,,,,,,,0.7343,2023-02-21T09:54:00+00:00,74,603
trade,2023-02-21,NVDA,Long,2023-02-21T14:31:00+00:00,2023-02-21T15:47:00+00:00,211.3784,210.9840,1.42,-0.56,-0.001866,4560000,MaxHoldTimeout,0.4300,0.0000,0.5129,0.3896,0.4833,0.2883,0.0598,-0.5719,,,
summary,2023-02-21,NVDA,,,,,,,-0.56,,1,,,,,,,,,,0.7438,2023-02-21T14:38:00+00:00,78,599
summary,2023-02-21,MSFT,,,,,,,0.00,,0,,,,,,,,,,0.8962,2023-02-21T09:55:00+00:00,80,557
summary,2023-02-22,SPY,,,,,,,0.00,,0,,,,,,,,,,0.5569,2023-02-21T09:54:00+00:00,343,1515
summary,2023-02-22,QQQ,,,,,,,0.00,,0,,,,,,,,,,0.7495,2023-02-21T09:54:00+00:00,362,1565
summary,2023-02-22,AAPL,,,,,,,0.00,,0,,,,,,,,,,0.7343,2023-02-21T09:54:00+00:00,289,1400
trade,2023-02-22,NVDA,Long,2023-02-22T14:41:00+00:00,2023-02-22T14:57:00+00:00,209.1677,208.6324,1.43,-0.77,-0.002559,960000,ScoreExit,0.4185,-0.0733,0.5521,0.4858,0.2393,-0.5811,-0.1088,0.1671,,,
summary,2023-02-22,NVDA,,,,,,,-0.77,,1,,,,,,,,,,0.7438,2023-02-21T14:38:00+00:00,405,1393
summary,2023-02-22,MSFT,,,,,,,0.00,,0,,,,,,,,,,0.8962,2023-02-21T09:55:00+00:00,413,1184
summary,2023-02-23,SPY,,,,,,,0.00,,0,,,,,,,,,,0.5569,2023-02-21T09:54:00+00:00,770,2375
summary,2023-02-23,QQQ,,,,,,,0.00,,0,,,,,,,,,,0.7495,2023-02-21T09:54:00+00:00,898,2455
summary,2023-02-23,AAPL,,,,,,,0.00,,0,,,,,,,,,,0.7343,2023-02-21T09:54:00+00:00,719,2192
summary,2023-02-23,NVDA,,,,,,,0.00,,0,,,,,,,,,,0.8593,2023-02-22T21:53:00+00:00,1180,2319
summary,2023-02-23,MSFT,,,,,,,0.00,,0,,,,,,,,,,0.8962,2023-02-21T09:55:00+00:00,741,1912
summary,2023-02-24,SPY,,,,,,,0.00,,0,,,,,,,,,,0.3840,2023-02-23T19:32:00+00:00,770,2961
summary,2023-02-24,QQQ,,,,,,,0.00,,0,,,,,,,,,,0.6159,2023-02-21T14:41:00+00:00,846,3027
summary,2023-02-24,AAPL,,,,,,,0.00,,0,,,,,,,,,,0.7483,2023-02-21T14:45:00+00:00,728,2686
summary,2023-02-24,NVDA,,,,,,,0.00,,0,,,,,,,,,,1.0000,2023-02-21T14:32:00+00:00,1694,2949
summary,2023-02-24,MSFT,,,,,,,0.00,,0,,,,,,,,,,0.7489,2023-02-21T14:44:00+00:00,802,2401
summary,2023-02-27,SPY,,,,,,,0.00,,0,,,,,,,,,,0.5790,2023-02-27T09:24:00+00:00,778,1124
summary,2023-02-27,QQQ,,,,,,,0.00,,0,,,,,,,,,,0.5862,2023-02-27T09:02:00+00:00,766,1149
trade,2023-02-27,AAPL,Long,2023-02-27T14:31:00+00:00,2023-02-27T15:37:00+00:00,148.2195,148.2505,2.03,0.06,0.000210,3960000,ScoreExit,0.3529,-0.0507,0.4908,0.2114,0.5901,-0.5243,-0.2723,0.5504,,,
summary,2023-02-27,AAPL,,,,,,,0.06,,1,,,,,,,,,,0.5280,2023-02-27T09:29:00+00:00,582,1062
summary,2023-02-27,NVDA,,,,,,,0.00,,0,,,,,,,,,,0.8424,2023-02-24T14:39:00+00:00,807,1093
summary,2023-02-27,MSFT,,,,,,,0.00,,0,,,,,,,,,,0.6121,2023-02-27T09:28:00+00:00,402,958
summary,2023-02-28,SPY,,,,,,,0.00,,0,,,,,,,,,,0.6676,2023-02-27T10:14:00+00:00,518,1481
summary,2023-02-28,QQQ,,,,,,,0.00,,0,,,,,,,,,,0.5534,2023-02-27T10:14:00+00:00,803,1519
summary,2023-02-28,AAPL,,,,,,,0.00,,0,,,,,,,,,,0.6000,2023-02-27T15:14:00+00:00,656,1278
summary,2023-02-28,NVDA,,,,,,,0.00,,0,,,,,,,,,,0.6613,2023-02-27T09:35:00+00:00,555,1368
summary,2023-02-28,MSFT,,,,,,,0.00,,0,,,,,,,,,,0.5952,2023-02-27T13:52:00+00:00,337,1083
summary,2023-03-01,SPY,,,,,,,0.00,,0,,,,,,,,,,0.6676,2023-02-27T10:14:00+00:00,634,2356
summary,2023-03-01,QQQ,,,,,,,0.00,,0,,,,,,,,,,0.5534,2023-02-27T10:14:00+00:00,951,2424
summary,2023-03-01,AAPL,,,,,,,0.00,,0,,,,,,,,,,0.6000,2023-02-27T15:14:00+00:00,726,2034
summary,2023-03-01,NVDA,,,,,,,0.00,,0,,,,,,,,,,0.6613,2023-02-27T09:35:00+00:00,555,2246
summary,2023-03-01,MSFT,,,,,,,0.00,,0,,,,,,,,,,0.5952,2023-02-27T13:52:00+00:00,434,1709
summary,2023-03-02,SPY,,,,,,,0.00,,0,,,,,,,,,,0.5885,2023-02-27T15:09:00+00:00,531,2960
summary,2023-03-02,QQQ,,,,,,,0.00,,0,,,,,,,,,,0.7179,2023-02-27T15:08:00+00:00,677,3053
summary,2023-03-02,AAPL,,,,,,,0.00,,0,,,,,,,,,,0.8869,2023-02-27T15:17:00+00:00,610,2654
summary,2023-03-02,NVDA,,,,,,,0.00,,0,,,,,,,,,,0.8131,2023-02-27T14:57:00+00:00,513,2806
summary,2023-03-02,MSFT,,,,,,,0.00,,0,,,,,,,,,,0.6134,2023-02-27T15:18:00+00:00,509,2290
summary,2023-03-03,SPY,,,,,,,0.00,,0,,,,,,,,,,0.6306,2023-02-28T16:02:00+00:00,1387,2996
summary,2023-03-03,QQQ,,,,,,,0.00,,0,,,,,,,,,,0.6356,2023-02-28T14:46:00+00:00,1222,3076
summary,2023-03-03,AAPL,,,,,,,0.00,,0,,,,,,,,,,0.6644,2023-02-28T15:00:00+00:00,1124,2713
summary,2023-03-03,NVDA,,,,,,,0.00,,0,,,,,,,,,,0.8828,2023-02-28T14:31:00+00:00,1212,2807
summary,2023-03-03,MSFT,,,,,,,0.00,,0,,,,,,,,,,0.6316,2023-02-28T14:40:00+00:00,1131,2338
trade,2023-03-06,SPY,Long,2023-03-06T15:42:00+00:00,2023-03-06T15:56:00+00:00,407.0171,406.7729,0.74,-0.18,-0.000600,840000,SessionClose,0.4163,0.0551,0.4542,0.3851,0.4662,-0.1910,-0.1094,0.4662,,,
summary,2023-03-06,SPY,,,,,,,-0.18,,1,,,,,,,,,,0.6287,2023-03-03T15:29:00+00:00,962,1161
trade,2023-03-06,QQQ,Long,2023-03-06T15:14:00+00:00,2023-03-06T15:56:00+00:00,301.9856,303.2540,0.99,1.26,0.004200,2520000,SessionClose,0.4175,0.2801,0.4045,0.3469,0.5630,0.1088,0.1673,0.5630,,,
summary,2023-03-06,QQQ,,,,,,,1.26,,1,,,,,,,,,,0.8841,2023-03-03T15:32:00+00:00,958,1159
summary,2023-03-06,AAPL,,,,,,,0.00,,0,,,,,,,,,,0.9982,2023-03-03T14:41:00+00:00,1062,1153
trade,2023-03-06,NVDA,Long,2023-03-06T15:11:00+00:00,2023-03-06T15:56:00+00:00,238.3566,242.2123,1.26,4.85,0.016176,2700000,SessionClose,0.4301,0.5624,0.4995,0.2371,0.7931,0.5199,0.4541,0.7931,,,
trade,2023-03-06,NVDA,Long,2023-03-06T15:58:00+00:00,2023-03-06T15:59:00+00:00,242.5077,241.8324,1.24,-0.84,-0.002785,60000,SessionClose,0.5631,0.4863,0.5273,0.4541,0.7931,-0.2413,0.4541,0.7931,,,
summary,2023-03-06,NVDA,,,,,,,4.02,,2,,,,,,,,,,0.6639,2023-03-03T17:58:00+00:00,781,1098
trade,2023-03-06,MSFT,Long,2023-03-06T15:09:00+00:00,2023-03-06T15:56:00+00:00,258.0324,259.2372,1.16,1.40,0.004669,2820000,SessionClose,0.4070,0.2178,0.5704,0.2702,0.6263,-0.4527,0.1254,0.6263,,,
summary,2023-03-06,MSFT,,,,,,,1.40,,1,,,,,,,,,,0.9232,2023-03-03T14:46:00+00:00,755,963
summary,2023-03-07,SPY,,,,,,,0.00,,0,,,,,,,,,,0.4897,2023-03-06T15:44:00+00:00,391,1444
summary,2023-03-07,QQQ,,,,,,,0.00,,0,,,,,,,,,,0.6236,2023-03-06T15:43:00+00:00,382,1451
summary,2023-03-07,AAPL,,,,,,,0.00,,0,,,,,,,,,,0.5729,2023-03-06T16:14:00+00:00,463,1429
summary,2023-03-07,NVDA,,,,,,,0.00,,0,,,,,,,,,,0.6993,2023-03-06T15:44:00+00:00,394,1287
summary,2023-03-07,MSFT,,,,,,,0.00,,0,,,,,,,,,,0.8389,2023-03-06T11:19:00+00:00,324,1082
summary,2023-03-08,SPY,,,,,,,0.00,,0,,,,,,,,,,0.4897,2023-03-06T15:44:00+00:00,391,2277
summary,2023-03-08,QQQ,,,,,,,0.00,,0,,,,,,,,,,0.6236,2023-03-06T15:43:00+00:00,385,2284
summary,2023-03-08,AAPL,,,,,,,0.00,,0,,,,,,,,,,0.5729,2023-03-06T16:14:00+00:00,513,2160
trade,2023-03-08,NVDA,Long,2023-03-08T14:56:00+00:00,2023-03-08T15:56:00+00:00,236.8960,238.8733,1.27,2.51,0.008347,3600000,SessionClose,0.4685,0.1234,0.5838,0.5679,0.2314,0.2209,-0.0760,0.4898,,,
summary,2023-03-08,NVDA,,,,,,,2.51,,1,,,,,,,,,,0.6993,2023-03-06T15:44:00+00:00,769,2008
summary,2023-03-08,MSFT,,,,,,,0.00,,0,,,,,,,,,,0.8389,2023-03-06T11:19:00+00:00,324,1651
summary,2023-03-09,SPY,,,,,,,0.00,,0,,,,,,,,,,0.8446,2023-03-06T15:44:00+00:00,296,2878
trade,2023-03-09,QQQ,Long,2023-03-09T14:48:00+00:00,2023-03-09T15:18:00+00:00,300.1750,299.1545,1.00,-1.02,-0.003400,1800000,ScoreExit,0.4022,-0.0660,0.5330,0.4029,0.3573,-0.5951,-0.1203,0.2192,,,
summary,2023-03-09,QQQ,,,,,,,-1.02,,1,,,,,,,,,,0.9555,2023-03-06T15:43:00+00:00,340,2903
summary,2023-03-09,AAPL,,,,,,,0.00,,0,,,,,,,,,,0.9557,2023-03-06T15:41:00+00:00,472,2639
summary,2023-03-09,NVDA,,,,,,,0.00,,0,,,,,,,,,,0.9575,2023-03-06T15:44:00+00:00,1117,2639
summary,2023-03-09,MSFT,,,,,,,0.00,,0,,,,,,,,,,0.9554,2023-03-06T15:41:00+00:00,413,2092
summary,2023-03-10,SPY,,,,,,,0.00,,0,,,,,,,,,,0.4074,2023-03-09T14:00:00+00:00,411,3016
summary,2023-03-10,QQQ,,,,,,,0.00,,0,,,,,,,,,,0.6995,2023-03-07T15:36:00+00:00,563,3017
summary,2023-03-10,AAPL,,,,,,,0.00,,0,,,,,,,,,,0.6800,2023-03-07T14:38:00+00:00,766,2665
summary,2023-03-10,NVDA,,,,,,,0.00,,0,,,,,,,,,,1.0000,2023-03-07T14:33:00+00:00,1070,2767
summary,2023-03-10,MSFT,,,,,,,0.00,,0,,,,,,,,,,0.7652,2023-03-07T14:37:00+00:00,384,2197
trade,2023-03-13,SPY,Long,2023-03-13T14:08:00+00:00,2023-03-13T15:55:00+00:00,386.4609,387.4887,0.73,0.75,0.002660,6420000,ScoreExit,0.4397,-0.0500,0.5580,0.5910,0.0977,-0.5990,-0.1659,0.3648,,,
summary,2023-03-13,SPY,,,,,,,0.75,,1,,,,,,,,,,0.9540,2023-03-10T15:59:00+00:00,386,1225
trade,2023-03-13,QQQ,Long,2023-03-13T13:56:00+00:00,2023-03-13T15:56:00+00:00,289.5818,292.4272,1.04,2.95,0.009826,7200000,SessionClose,0.4147,0.2630,0.5778,0.4728,0.2443,-0.5492,0.1393,0.7810,,,
summary,2023-03-13,QQQ,,,,,,,2.95,,1,,,,,,,,,,0.9593,2023-03-10T15:58:00+00:00,575,1212
trade,2023-03-13,AAPL,Long,2023-03-13T13:31:00+00:00,2023-03-13T15:32:00+00:00,148.9447,152.4103,2.01,6.98,0.023268,7260000,MaxHoldTimeout,0.4553,0.4749,0.5892,0.4734,0.3744,0.2314,0.2982,0.9093,,,
summary,2023-03-13,AAPL,,,,,,,6.98,,1,,,,,,,,,,0.8874,2023-03-10T15:59:00+00:00,586,1158
trade,2023-03-13,NVDA,Long,2023-03-13T14:34:00+00:00,2023-03-13T14:51:00+00:00,229.8839,227.4018,1.01,-2.50,-0.010798,1020000,ScoreExit,0.4647,-0.0540,0.6133,0.5346,0.2756,-0.4337,-0.0350,0.0344,,,
summary,2023-03-13,NVDA,,,,,,,-2.50,,1,,,,,,,,,,0.9523,2023-03-10T15:56:00+00:00,528,1153
trade,2023-03-13,MSFT,Long,2023-03-13T13:51:00+00:00,2023-03-13T15:52:00+00:00,249.3998,255.8282,1.20,7.73,0.025776,7260000,MaxHoldTimeout,0.4579,0.3009,0.6463,0.4621,0.3868,0.2559,-0.0403,0.9983,,,
summary,2023-03-13,MSFT,,,,,,,7.73,,1,,,,,,,,,,0.9591,2023-03-10T15:56:00+00:00,607,1067
summary,2023-03-14,SPY,,,,,,,0.00,,0,,,,,,,,,,0.7117,2023-03-13T14:07:00+00:00,985,1580
summary,2023-03-14,QQQ,,,,,,,0.00,,0,,,,,,,,,,0.7091,2023-03-13T14:08:00+00:00,1088,1575
trade,2023-03-14,AAPL,Long,2023-03-14T13:36:00+00:00,2023-03-14T15:37:00+00:00,152.0606,153.1091,1.98,2.07,0.006895,7260000,MaxHoldTimeout,0.3762,0.3659,0.5567,0.2385,0.5916,0.3224,0.2748,0.5624,,,
summary,2023-03-14,AAPL,,,,,,,2.07,,1,,,,,,,,,,0.7458,2023-03-13T14:08:00+00:00,933,1460
summary,2023-03-14,NVDA,,,,,,,0.00,,0,,,,,,,,,,0.7589,2023-03-13T08:14:00+00:00,946,1370
summary,2023-03-14,MSFT,,,,,,,0.00,,0,,,,,,,,,,0.7426,2023-03-13T14:33:00+00:00,945,1245
summary,2023-03-15,SPY,,,,,,,0.00,,0,,,,,,,,,,0.7117,2023-03-13T14:07:00+00:00,1231,2503
trade,2023-03-15,QQQ,Long,2023-03-15T13:31:00+00:00,2023-03-15T14:15:00+00:00,295.1135,294.5166,1.02,-0.61,-0.002023,2640000,ScoreExit,0.4209,-0.0569,0.4781,0.5088,0.2259,-0.4497,-0.1373,0.2347,,,
summary,2023-03-15,QQQ,,,,,,,-0.61,,1,,,,,,,,,,0.7091,2023-03-13T14:08:00+00:00,1669,2471
summary,2023-03-15,AAPL,,,,,,,0.00,,0,,,,,,,,,,0.7458,2023-03-13T14:08:00+00:00,1228,2258
summary,2023-03-15,NVDA,,,,,,,0.00,,0,,,,,,,,,,0.7589,2023-03-13T08:14:00+00:00,1528,2187
summary,2023-03-15,MSFT,,,,,,,0.00,,0,,,,,,,,,,0.7426,2023-03-13T14:33:00+00:00,1447,1953
trade,2023-03-16,SPY,Long,2023-03-16T14:46:00+00:00,2023-03-16T15:56:00+00:00,389.3618,393.6169,0.77,3.28,0.010928,4200000,SessionClose,0.4172,0.3560,0.5291,0.4739,0.2665,0.4036,0.3159,0.4203,,,
summary,2023-03-16,SPY,,,,,,,3.28,,1,,,,,,,,,,0.9601,2023-03-13T14:56:00+00:00,1793,3086
trade,2023-03-16,QQQ,Long,2023-03-16T14:41:00+00:00,2023-03-16T15:56:00+00:00,299.9350,304.6236,1.00,4.70,0.015632,4500000,SessionClose,0.4111,0.3729,0.5266,0.3856,0.4235,0.2381,0.2977,0.5681,,,
summary,2023-03-16,QQQ,,,,,,,4.70,,1,,,,,,,,,,0.9521,2023-03-13T15:02:00+00:00,2339,3043
trade,2023-03-16,AAPL,Long,2023-03-16T13:57:00+00:00,2023-03-16T15:56:00+00:00,153.0283,154.7786,1.96,3.44,0.011437,7140000,SessionClose,0.3795,0.3448,0.5514,0.3863,0.3085,-0.0124,0.3192,0.5150,,,
summary,2023-03-16,AAPL,,,,,,,3.44,,1,,,,,,,,,,0.9569,2023-03-13T13:33:00+00:00,1706,2742
trade,2023-03-16,NVDA,Long,2023-03-16T14:01:00+00:00,2023-03-16T15:56:00+00:00,243.1679,250.7098,1.24,9.34,0.031015,6900000,SessionClose,0.4253,0.6265,0.5781,0.3224,0.5800,0.5135,0.6228,0.6718,,,
summary,2023-03-16,NVDA,,,,,,,9.34,,1,,,,,,,,,,1.0000,2023-03-13T13:31:00+00:00,2193,2680
trade,2023-03-16,MSFT,Long,2023-03-16T14:51:00+00:00,2023-03-16T15:56:00+00:00,265.6447,273.1697,1.13,8.53,0.028328,3900000,SessionClose,0.4260,0.5181,0.5992,0.4553,0.3096,-0.0942,0.5738,0.6109,,,
summary,2023-03-16,MSFT,,,,,,,8.53,,1,,,,,,,,,,0.9640,2023-03-13T14:57:00+00:00,1993,2437
summary,2023-03-17,SPY,,,,,,,0.00,,0,,,,,,,,,,0.8790,2023-03-14T14:52:00+00:00,1507,3137
trade,2023-03-17,QQQ,Long,2023-03-17T13:38:00+00:00,2023-03-17T14:16:00+00:00,307.2171,307.6477,0.98,0.42,0.001401,2280000,ScoreExit,0.4125,-0.0871,0.4069,0.4316,0.3761,-0.5547,-0.1628,0.2202,,,
summary,2023-03-17,QQQ,,,,,,,0.42,,1,,,,,,,,,,0.9274,2023-03-14T14:48:00+00:00,2117,3080
trade,2023-03-17,AAPL,Long,2023-03-17T14:01:00+00:00,2023-03-17T14:16:00+00:00,156.0618,155.9182,1.92,-0.28,-0.000920,900000,ScoreExit,0.3518,-0.1093,0.5534,0.3913,0.2056,-0.5624,-0.1911,0.2056,,,
summary,2023-03-17,AAPL,,,,,,,-0.28,,1,,,,,,,,,,0.9315,2023-03-14T13:45:00+00:00,1669,2735
summary,2023-03-17,NVDA,,,,,,,0.00,,0,,,,,,,,,,1.0000,2023-03-14T13:37:00+00:00,2137,2855
trade,2023-03-17,MSFT,Long,2023-03-17T13:31:00+00:00,2023-03-17T15:01:00+00:00,278.7386,279.7810,1.08,1.13,0.003740,5400000,ScoreExit,0.4503,-0.1509,0.1007,0.4094,0.6484,-0.3719,-0.3936,0.4082,,,
summary,2023-03-17,MSFT,,,,,,,1.13,,1,,,,,,,,,,0.8242,2023-03-14T13:41:00+00:00,1943,2589
trade,2023-03-20,SPY,Long,2023-03-20T14:01:00+00:00,2023-03-20T14:18:00+00:00,392.4427,391.4015,0.76,-0.80,-0.002653,1020000,ScoreExit,0.4311,-0.0581,0.5617,0.3857,0.4784,-0.4135,-0.1974,0.3388,,,
summary,2023-03-20,SPY,,,,,,,-0.80,,1,,,,,,,,,,0.4985,2023-03-17T14:03:00+00:00,494,1223
summary,2023-03-20,QQQ,,,,,,,0.00,,0,,,,,,,,,,0.9001,2023-03-17T14:03:00+00:00,432,1211
trade,2023-03-20,AAPL,Long,2023-03-20T14:31:00+00:00,2023-03-20T15:56:00+00:00,155.5016,156.2590,1.93,1.46,0.004871,5100000,SessionClose,0.3692,0.1291,0.5264,0.3147,0.4260,-0.0203,-0.1109,0.6589,,,
summary,2023-03-20,AAPL,,,,,,,1.46,,1,,,,,,,,,,0.8975,2023-03-17T14:03:00+00:00,541,1143
summary,2023-03-20,NVDA,,,,,,,0.00,,0,,,,,,,,,,1.0000,2023-03-17T13:33:00+00:00,356,1123
summary,2023-03-20,MSFT,,,,,,,0.00,,0,,,,,,,,,,1.0000,2023-03-17T13:37:00+00:00,330,1114
trade,2023-03-21,SPY,Long,2023-03-21T13:31:00+00:00,2023-03-21T14:13:00+00:00,397.7343,397.1358,0.75,-0.45,-0.001505,2520000,ScoreExit,0.4138,-0.0529,0.4411,0.3499,0.5327,-0.2831,-0.2557,0.4295,,,
summary,2023-03-21,SPY,,,,,,,-0.45,,1,,,,,,,,,,0.8718,2023-03-20T09:07:00+00:00,1273,1570
trade,2023-03-21,QQQ,Long,2023-03-21T13:31:00+00:00,2023-03-21T14:15:00+00:00,308.4175,307.8826,0.97,-0.52,-0.001734,2640000,ScoreExit,0.4250,-0.0727,0.4624,0.3645,0.5335,-0.5256,-0.2239,0.3805,,,
summary,2023-03-21,QQQ,,,,,,,-0.52,,1,,,,,,,,,,0.9594,2023-03-20T09:34:00+00:00,1213,1550
trade,2023-03-21,AAPL,Long,2023-03-21T13:31:00+00:00,2023-03-21T14:16:00+00:00,157.7695,157.1886,1.90,-1.11,-0.003682,2700000,ScoreExit,0.4376,-0.0562,0.4906,0.4134,0.4683,-0.5403,-0.1384,0.2697,,,
summary,2023-03-21,AAPL,,,,,,,-1.11,,1,,,,,,,,,,0.9619,2023-03-20T09:32:00+00:00,1147,1418
trade,2023-03-21,NVDA,Long,2023-03-21T13:56:00+00:00,2023-03-21T14:06:00+00:00,262.3337,261.6365,1.15,-0.80,-0.002658,600000,ScoreExit,0.4122,-0.0768,0.5532,0.2637,0.6621,-0.5001,-0.2024,0.3154,,,
summary,2023-03-21,NVDA,,,,,,,-0.80,,1,,,,,,,,,,0.9582,2023-03-20T09:35:00+00:00,1095,1385
summary,2023-03-21,MSFT,,,,,,,0.00,,0,,,,,,,,,,0.9235,2023-03-20T09:34:00+00:00,525,1327
summary,2023-03-22,SPY,,,,,,,0.00,,0,,,,,,,,,,0.8718,2023-03-20T09:07:00+00:00,1779,2419
summary,2023-03-22,QQQ,,,,,,,0.00,,0,,,,,,,,,,0.9594,2023-03-20T09:34:00+00:00,1789,2400
trade,2023-03-22,AAPL,Long,2023-03-22T14:31:00+00:00,2023-03-22T15:56:00+00:00,160.1680,160.2869,1.87,0.22,0.000742,5100000,SessionClose,0.3636,0.3042,0.4473,0.3147,0.4336,0.2176,0.2462,0.4490,,,
summary,2023-03-22,AAPL,,,,,,,0.22,,1,,,,,,,,,,0.9619,2023-03-20T09:32:00+00:00,1711,2189
summary,2023-03-22,NVDA,,,,,,,0.00,,0,,,,,,,,,,0.9582,2023-03-20T09:35:00+00:00,1665,2178
trade,2023-03-22,MSFT,Long,2023-03-22T14:16:00+00:00,2023-03-22T15:56:00+00:00,274.7274,277.8416,1.09,3.40,0.011336,6000000,SessionClose,0.4036,0.2532,0.5942,0.3942,0.3589,-0.3106,0.2469,0.4539,,,
summary,2023-03-22,MSFT,,,,,,,3.40,,1,,,,,,,,,,0.9235,2023-03-20T09:34:00+00:00,956,1956
summary,2023-03-23,SPY,,,,,,,0.00,,0,,,,,,,,,,0.8938,2023-03-20T15:01:00+00:00,1676,3007
trade,2023-03-23,QQQ,Long,2023-03-23T14:08:00+00:00,2023-03-23T15:44:00+00:00,311.2883,312.7312,0.96,1.39,0.004635,5760000,ScoreExit,0.4032,-0.0721,0.2800,0.4234,0.4038,-0.5409,-0.2057,0.3515,,,
summary,2023-03-23,QQQ,,,,,,,1.39,,1,,,,,,,,,,0.9199,2023-03-20T15:04:00+00:00,2041,2999
trade,2023-03-23,AAPL,Long,2023-03-23T14:06:00+00:00,2023-03-23T15:26:00+00:00,159.8629,160.6868,1.88,1.55,0.005153,4800000,ScoreExit,0.3571,-0.0666,0.1836,0.3599,0.4092,-0.5450,-0.1878,0.3350,,,
summary,2023-03-23,AAPL,,,,,,,1.55,,1,,,,,,,,,,0.9553,2023-03-20T14:57:00+00:00,1943,2745
summary,2023-03-23,NVDA,,,,,,,0.00,,0,,,,,,,,,,0.9534,2023-03-20T15:03:00+00:00,2241,2819
trade,2023-03-23,MSFT,Long,2023-03-23T14:36:00+00:00,2023-03-23T15:56:00+00:00,277.9934,280.7879,1.08,3.02,0.010053,4800000,SessionClose,0.4301,0.1363,0.2238,0.4259,0.5071,0.5794,-0.1049,0.4708,,,
summary,2023-03-23,MSFT,,,,,,,3.02,,1,,,,,,,,,,0.5596,2023-03-20T15:29:00+00:00,1324,2447
summary,2023-03-24,SPY,,,,,,,0.00,,0,,,,,,,,,,0.6041,2023-03-21T19:40:00+00:00,919,3086
summary,2023-03-24,QQQ,,,,,,,0.00,,0,,,,,,,,,,0.5819,2023-03-21T19:09:00+00:00,1323,3056
summary,2023-03-24,AAPL,,,,,,,0.00,,0,,,,,,,,,,0.5899,2023-03-21T17:33:00+00:00,1392,2764
summary,2023-03-24,NVDA,,,,,,,0.00,,0,,,,,,,,,,0.8917,2023-03-21T13:58:00+00:00,1878,2910
summary,2023-03-24,MSFT,,,,,,,0.00,,0,,,,,,,,,,0.6062,2023-03-21T19:40:00+00:00,1493,2438
summary,2023-03-27,SPY,,,,,,,0.00,,0,,,,,,,,,,0.6807,2023-03-24T14:30:00+00:00,942,1164
summary,2023-03-27,QQQ,,,,,,,0.00,,0,,,,,,,,,,0.5575,2023-03-24T18:43:00+00:00,748,1140
trade,2023-03-27,AAPL,Long,2023-03-27T13:42:00+00:00,2023-03-27T14:30:00+00:00,160.0330,159.8670,1.87,-0.31,-0.001037,2880000,ScoreExit,0.3854,-0.0522,0.3559,0.3617,0.4425,-0.5273,-0.1667,0.3353,,,
summary,2023-03-27,AAPL,,,,,,,-0.31,,1,,,,,,,,,,0.8503,2023-03-24T13:58:00+00:00,615,1096
summary,2023-03-27,NVDA,,,,,,,0.00,,0,,,,,,,,,,0.5744,2023-03-27T08:35:00+00:00,544,1089
summary,2023-03-27,MSFT,,,,,,,0.00,,0,,,,,,,,,,0.9569,2023-03-24T14:56:00+00:00,552,1040
summary,2023-03-28,SPY,,,,,,,0.00,,0,,,,,,,,,,0.4396,2023-03-27T09:21:00+00:00,569,1491
summary,2023-03-28,QQQ,,,,,,,0.00,,0,,,,,,,,,,0.4370,2023-03-27T08:10:00+00:00,265,1448
summary,2023-03-28,AAPL,,,,,,,0.00,,0,,,,,,,,,,0.5024,2023-03-27T08:13:00+00:00,184,1309
summary,2023-03-28,NVDA,,,,,,,0.00,,0,,,,,,,,,,0.6708,2023-03-27T11:07:00+00:00,302,1323
summary,2023-03-28,MSFT,,,,,,,0.00,,0,,,,,,,,,,0.7673,2023-03-27T09:46:00+00:00,175,1162
summary,2023-03-29,SPY,,,,,,,0.00,,0,,,,,,,,,,0.4396,2023-03-27T09:21:00+00:00,1182,2323
summary,2023-03-29,QQQ,,,,,,,0.00,,0,,,,,,,,,,0.4370,2023-03-27T08:10:00+00:00,828,2267
summary,2023-03-29,AAPL,,,,,,,0.00,,0,,,,,,,,,,0.5024,2023-03-27T08:13:00+00:00,712,2017
summary,2023-03-29,NVDA,,,,,,,0.00,,0,,,,,,,,,,0.6708,2023-03-27T11:07:00+00:00,868,2096
summary,2023-03-29,MSFT,,,,,,,0.00,,0,,,,,,,,,,0.7673,2023-03-27T09:46:00+00:00,645,1756
summary,2023-03-30,SPY,,,,,,,0.00,,0,,,,,,,,,,0.4582,2023-03-29T08:00:00+00:00,1414,2881
summary,2023-03-30,QQQ,,,,,,,0.00,,0,,,,,,,,,,0.6340,2023-03-27T13:51:00+00:00,1337,2814
summary,2023-03-30,AAPL,,,,,,,0.00,,0,,,,,,,,,,0.7357,2023-03-27T13:51:00+00:00,1231,2543
trade,2023-03-30,NVDA,Long,2023-03-30T14:22:00+00:00,2023-03-30T15:31:00+00:00,273.2268,273.5728,1.10,0.38,0.001266,4140000,ScoreExit,0.4048,-0.0761,0.5731,0.3664,0.4255,-0.5096,-0.2240,0.3643,,,
summary,2023-03-30,NVDA,,,,,,,0.38,,1,,,,,,,,,,0.9228,2023-03-27T13:46:00+00:00,1330,2639
summary,2023-03-30,MSFT,,,,,,,0.00,,0,,,,,,,,,,0.6378,2023-03-27T14:07:00+00:00,1086,2246
summary,2023-03-31,SPY,,,,,,,0.00,,0,,,,,,,,,,0.4651,2023-03-30T08:11:00+00:00,2086,2862
summary,2023-03-31,QQQ,,,,,,,0.00,,0,,,,,,,,,,0.5599,2023-03-28T20:01:00+00:00,2089,2826
trade,2023-03-31,AAPL,Long,2023-03-31T13:31:00+00:00,2023-03-31T14:02:00+00:00,162.5738,162.5962,1.85,0.04,0.000138,1860000,ScoreExit,0.3579,-0.0635,0.5335,0.3879,0.2393,-0.2805,-0.1868,0.2553,,,
summary,2023-03-31,AAPL,,,,,,,0.04,,1,,,,,,,,,,0.5821,2023-03-28T19:59:00+00:00,1852,2524
trade,2023-03-31,NVDA,Long,2023-03-31T13:41:00+00:00,2023-03-31T15:06:00+00:00,273.5070,274.0528,1.10,0.60,0.001995,5100000,ScoreExit,0.4155,-0.1007,0.4859,0.4277,0.3675,-0.4645,-0.2865,0.3922,,,
summary,2023-03-31,NVDA,,,,,,,0.60,,1,,,,,,,,,,0.6552,2023-03-28T15:14:00+00:00,2052,2662
summary,2023-03-31,MSFT,,,,,,,0.00,,0,,,,,,,,,,0.5995,2023-03-28T20:01:00+00:00,1603,2246
trade,2023-04-03,SPY,Long,2023-04-03T13:37:00+00:00,2023-04-03T14:46:00+00:00,409.8779,410.1619,0.73,0.21,0.000693,4140000,ScoreExit,0.4024,-0.1083,0.5538,0.3692,0.4184,-0.5148,-0.2901,0.3908,,,
summary,2023-04-03,SPY,,,,,,,0.21,,1,,,,,,,,,,0.7631,2023-03-31T14:45:00+00:00,948,1168
summary,2023-04-03,QQQ,,,,,,,0.00,,0,,,,,,,,,,0.8561,2023-03-31T14:45:00+00:00,741,1176
trade,2023-04-03,AAPL,Long,2023-04-03T13:31:00+00:00,2023-04-03T14:47:00+00:00,164.8344,165.1454,1.82,0.57,0.001887,4560000,ScoreExit,0.4845,-0.0546,0.5290,0.4699,0.4989,-0.4894,-0.2504,0.4818,,,
summary,2023-04-03,AAPL,,,,,,,0.57,,1,,,,,,,,,,0.6787,2023-03-31T13:34:00+00:00,843,1084
trade,2023-04-03,NVDA,Long,2023-04-03T13:32:00+00:00,2023-04-03T14:52:00+00:00,276.2879,277.1018,1.08,0.88,0.002946,4800000,ScoreExit,0.4504,-0.0665,0.5728,0.4935,0.3233,-0.5840,-0.2526,0.4780,,,
summary,2023-04-03,NVDA,,,,,,,0.88,,1,,,,,,,,,,0.9308,2023-03-31T13:46:00+00:00,729,1059
trade,2023-04-03,MSFT,Long,2023-04-03T13:46:00+00:00,2023-04-03T14:40:00+00:00,287.5312,287.1688,1.04,-0.38,-0.001260,3240000,ScoreExit,0.4209,-0.0831,0.5710,0.4616,0.2897,-0.5726,-0.1326,0.1791,,,
summary,2023-04-03,MSFT,,,,,,,-0.38,,1,,,,,,,,,,0.6722,2023-03-31T15:59:00+00:00,583,1031
summary,2023-04-04,SPY,,,,,,,0.00,,0,,,,,,,,,,0.4694,2023-04-03T14:22:00+00:00,623,1494
summary,2023-04-04,QQQ,,,,,,,0.00,,0,,,,,,,,,,0.4568,2023-04-04T09:49:00+00:00,693,1527
summary,2023-04-04,AAPL,,,,,,,0.00,,0,,,,,,,,,,0.6596,2023-04-03T13:36:00+00:00,704,1309
summary,2023-04-04,NVDA,,,,,,,0.00,,0,,,,,,,,,,0.6847,2023-04-03T14:25:00+00:00,722,1369
trade,2023-04-04,MSFT,Long,2023-04-04T13:51:00+00:00,2023-04-04T15:06:00+00:00,288.7416,288.8183,1.04,0.08,0.000266,4500000,ScoreExit,0.4392,-0.0702,0.6022,0.4196,0.4242,-0.1707,-0.3063,0.4355,,,
summary,2023-04-04,MSFT,,,,,,,0.08,,1,,,,,,,,,,0.6210,2023-04-03T13:48:00+00:00,597,1193
summary,2023-04-05,SPY,,,,,,,0.00,,0,,,,,,,,,,0.4694,2023-04-03T14:22:00+00:00,776,2322
summary,2023-04-05,QQQ,,,,,,,0.00,,0,,,,,,,,,,0.4568,2023-04-04T09:49:00+00:00,851,2342
summary,2023-04-05,AAPL,,,,,,,0.00,,0,,,,,,,,,,0.6596,2023-04-03T13:36:00+00:00,850,2002
summary,2023-04-05,NVDA,,,,,,,0.00,,0,,,,,,,,,,0.6847,2023-04-03T14:25:00+00:00,752,2190
summary,2023-04-05,MSFT,,,,,,,0.00,,0,,,,,,,,,,0.6210,2023-04-03T13:48:00+00:00,689,1783
summary,2023-04-06,SPY,,,,,,,0.00,,0,,,,,,,,,,0.5483,2023-04-03T14:22:00+00:00,995,2854
summary,2023-04-06,QQQ,,,,,,,0.00,,0,,,,,,,,,,0.5191,2023-04-03T13:39:00+00:00,1088,2899
summary,2023-04-06,AAPL,,,,,,,0.00,,0,,,,,,,,,,0.9655,2023-04-03T13:36:00+00:00,979,2532
summary,2023-04-06,NVDA,,,,,,,0.00,,0,,,,,,,,,,1.0000,2023-04-03T13:32:00+00:00,897,2783
summary,2023-04-06,MSFT,,,,,,,0.00,,0,,,,,,,,,,0.8465,2023-04-03T13:50:00+00:00,892,2217
summary,2023-04-07,SPY,,,,,,,0.00,,0,,,,,,,,,,0.3809,2023-04-04T14:00:00+00:00,643,2206
summary,2023-04-07,QQQ,,,,,,,0.00,,0,,,,,,,,,,0.5969,2023-04-04T14:01:00+00:00,405,2204
summary,2023-04-07,AAPL,,,,,,,0.00,,0,,,,,,,,,,0.6811,2023-04-04T14:01:00+00:00,348,1938
summary,2023-04-07,NVDA,,,,,,,0.00,,0,,,,,,,,,,0.7088,2023-04-04T14:35:00+00:00,424,2154
summary,2023-04-07,MSFT,,,,,,,0.00,,0,,,,,,,,,,0.9008,2023-04-04T13:51:00+00:00,526,1749
summary,2023-04-10,SPY,,,,,,,0.00,,0,,,,,,,,,,0.7052,2023-04-10T09:41:00+00:00,369,619
trade,2023-04-10,QQQ,Long,2023-04-10T14:49:00+00:00,2023-04-10T15:56:00+00:00,315.0795,315.4203,0.95,0.32,0.001082,4020000,SessionClose,0.4105,0.0236,0.5247,0.3740,0.4454,-0.5508,-0.1617,0.5854,,,
summary,2023-04-10,QQQ,,,,,,,0.32,,1,,,,,,,,,,0.7433,2023-04-10T09:20:00+00:00,378,647
summary,2023-04-10,AAPL,,,,,,,0.00,,0,,,,,,,,,,0.5339,2023-04-10T18:16:00+00:00,257,579
trade,2023-04-10,NVDA,Long,2023-04-10T14:06:00+00:00,2023-04-10T15:56:00+00:00,268.7656,273.6229,1.12,5.42,0.018073,6600000,SessionClose,0.4922,0.2786,0.5119,0.4543,0.5616,-0.2285,0.0024,1.0000,,,
summary,2023-04-10,NVDA,,,,,,,5.42,,1,,,,,,,,,,0.7417,2023-04-10T14:40:00+00:00,401,556
summary,2023-04-10,MSFT,,,,,,,0.00,,0,,,,,,,,,,0.7651,2023-04-10T10:31:00+00:00,291,525
summary,2023-04-11,SPY,,,,,,,0.00,,0,,,,,,,,,,0.7052,2023-04-10T09:41:00+00:00,972,1415
summary,2023-04-11,QQQ,,,,,,,0.00,,0,,,,,,,,,,0.7433,2023-04-10T09:20:00+00:00,931,1461
summary,2023-04-11,AAPL,,,,,,,0.00,,0,,,,,,,,,,0.5339,2023-04-10T18:16:00+00:00,676,1286
summary,2023-04-11,NVDA,,,,,,,0.00,,0,,,,,,,,,,0.7417,2023-04-10T14:40:00+00:00,932,1347
summary,2023-04-11,MSFT,,,,,,,0.00,,0,,,,,,,,,,0.7651,2023-04-10T10:31:00+00:00,375,1218
summary,2023-04-12,SPY,,,,,,,0.00,,0,,,,,,,,,,0.7052,2023-04-10T09:41:00+00:00,1385,2206
summary,2023-04-12,QQQ,,,,,,,0.00,,0,,,,,,,,,,0.7433,2023-04-10T09:20:00+00:00,1187,2269
summary,2023-04-12,AAPL,,,,,,,0.00,,0,,,,,,,,,,0.5339,2023-04-10T18:16:00+00:00,914,1975
summary,2023-04-12,NVDA,,,,,,,0.00,,0,,,,,,,,,,0.7417,2023-04-10T14:40:00+00:00,1006,2032
summary,2023-04-12,MSFT,,,,,,,0.00,,0,,,,,,,,,,0.7651,2023-04-10T10:31:00+00:00,608,1843
summary,2023-04-13,SPY,,,,,,,0.00,,0,,,,,,,,,,0.7657,2023-04-10T14:44:00+00:00,1802,2804
trade,2023-04-13,QQQ,Long,2023-04-13T14:14:00+00:00,2023-04-13T15:51:00+00:00,316.9501,316.9099,0.95,-0.04,-0.000127,5820000,ScoreExit,0.4044,-0.0774,0.5638,0.4457,0.2685,-0.5513,-0.1880,0.3019,,,
summary,2023-04-13,QQQ,,,,,,,-0.04,,1,,,,,,,,,,0.8237,2023-04-10T14:49:00+00:00,1618,2871
trade,2023-04-13,AAPL,Long,2023-04-13T13:31:00+00:00,2023-04-13T15:32:00+00:00,161.7693,163.3710,1.85,2.97,0.009901,7260000,MaxHoldTimeout,0.3960,0.0948,0.5415,0.3660,0.4073,0.3802,-0.1344,0.4581,,,
summary,2023-04-13,AAPL,,,,,,,2.97,,1,,,,,,,,,,0.5619,2023-04-10T19:59:00+00:00,1534,2503
summary,2023-04-13,NVDA,,,,,,,0.00,,0,,,,,,,,,,0.9576,2023-04-10T14:40:00+00:00,1138,2642
trade,2023-04-13,MSFT,Long,2023-04-13T14:01:00+00:00,2023-04-13T15:31:00+00:00,286.0408,287.6519,1.05,1.69,0.005632,5400000,ScoreExit,0.4396,-0.0667,0.5168,0.4699,0.3530,-0.4100,-0.2298,0.3742,,,
summary,2023-04-13,MSFT,,,,,,,1.69,,1,,,,,,,,,,0.6154,2023-04-10T16:49:00+00:00,1001,2335
trade,2023-04-14,SPY,Long,2023-04-14T13:46:00+00:00,2023-04-14T14:06:00+00:00,414.6193,414.2207,0.72,-0.29,-0.000961,1200000,ScoreExit,0.4163,-0.0938,0.5684,0.4227,0.3527,-0.4281,-0.1957,0.2215,,,
summary,2023-04-14,SPY,,,,,,,-0.29,,1,,,,,,,,,,0.4762,2023-04-12T12:32:00+00:00,1472,2845
trade,2023-04-14,QQQ,Long,2023-04-14T13:36:00+00:00,2023-04-14T14:16:00+00:00,318.1304,318.5694,0.94,0.41,0.001380,2400000,ScoreExit,0.4073,-0.1143,0.5220,0.4252,0.3332,-0.4659,-0.2186,0.2114,,,
summary,2023-04-14,QQQ,,,,,,,0.41,,1,,,,,,,,,,0.5440,2023-04-12T12:34:00+00:00,1242,2889
trade,2023-04-14,AAPL,Long,2023-04-14T13:31:00+00:00,2023-04-14T14:21:00+00:00,165.0445,165.2554,1.82,0.38,0.001278,3000000,ScoreExit,0.3988,-0.0935,0.5006,0.3744,0.4137,-0.4767,-0.2366,0.3204,,,
summary,2023-04-14,AAPL,,,,,,,0.38,,1,,,,,,,,,,0.4919,2023-04-11T17:59:00+00:00,1441,2536
trade,2023-04-14,NVDA,Long,2023-04-14T13:51:00+00:00,2023-04-14T15:07:00+00:00,267.7053,266.2710,1.12,-1.61,-0.005358,4560000,MaxHoldTimeout,0.4308,0.0000,0.5584,0.5597,0.1306,0.5500,0.1169,-0.0957,,,
summary,2023-04-14,NVDA,,,,,,,-1.61,,1,,,,,,,,,,0.6218,2023-04-12T12:30:00+00:00,485,2602
summary,2023-04-14,MSFT,,,,,,,0.00,,0,,,,,,,,,,0.5712,2023-04-12T12:32:00+00:00,1209,2271
summary,2023-04-17,SPY,,,,,,,0.00,,0,,,,,,,,,,0.5068,2023-04-14T13:50:00+00:00,484,1142
summary,2023-04-17,QQQ,,,,,,,0.00,,0,,,,,,,,,,0.7407,2023-04-14T13:56:00+00:00,518,1128
summary,2023-04-17,AAPL,,,,,,,0.00,,0,,,,,,,,,,0.9272,2023-04-14T13:46:00+00:00,376,1048
trade,2023-04-17,NVDA,Long,2023-04-17T13:37:00+00:00,2023-04-17T14:43:00+00:00,266.8150,266.3092,1.12,-0.57,-0.001896,3960000,ScoreExit,0.4867,-0.0584,0.5933,0.4353,0.5538,-0.5809,-0.2109,0.4208,,,
summary,2023-04-17,NVDA,,,,,,,-0.57,,1,,,,,,,,,,1.0000,2023-04-14T13:38:00+00:00,654,1050
summary,2023-04-17,MSFT,,,,,,,0.00,,0,,,,,,,,,,0.6629,2023-04-14T14:04:00+00:00,528,1042
summary,2023-04-18,SPY,,,,,,,0.00,,0,,,,,,,,,,0.3853,2023-04-17T19:28:00+00:00,752,1453
summary,2023-04-18,QQQ,,,,,,,0.00,,0,,,,,,,,,,0.4340,2023-04-18T08:11:00+00:00,718,1477
trade,2023-04-18,AAPL,Long,2023-04-18T13:46:00+00:00,2023-04-18T14:31:00+00:00,166.5525,165.8652,1.80,-1.24,-0.004127,2700000,ScoreExit,0.4346,-0.1549,0.4624,0.3931,0.5083,-0.5585,-0.3305,0.3307,,,
summary,2023-04-18,AAPL,,,,,,,-1.24,,1,,,,,,,,,,0.5884,2023-04-17T11:04:00+00:00,746,1292
trade,2023-04-18,NVDA,Long,2023-04-18T13:36:00+00:00,2023-04-18T15:37:00+00:00,277.6783,278.3972,1.08,0.78,0.002589,7260000,MaxHoldTimeout,0.5809,-0.0034,0.5595,0.5105,0.7290,-0.3864,-0.2950,0.7074,,,
summary,2023-04-18,NVDA,,,,,,,0.78,,1,,,,,,,,,,0.6883,2023-04-18T13:49:00+00:00,921,1375
summary,2023-04-18,MSFT,,,,,,,0.00,,0,,,,,,,,,,0.7256,2023-04-17T10:52:00+00:00,516,1225
summary,2023-04-19,SPY,,,,,,,0.00,,0,,,,,,,,,,0.3853,2023-04-17T19:28:00+00:00,1090,2282
summary,2023-04-19,QQQ,,,,,,,0.00,,0,,,,,,,,,,0.4340,2023-04-18T08:11:00+00:00,1061,2337
trade,2023-04-19,AAPL,Long,2023-04-19T14:02:00+00:00,2023-04-19T15:56:00+00:00,166.5149,167.5784,1.80,1.92,0.006387,6840000,SessionClose,0.3576,0.1937,0.4988,0.3714,0.2829,0.3344,0.0896,0.3552,,,
summary,2023-04-19,AAPL,,,,,,,1.92,,1,,,,,,,,,,0.5884,2023-04-17T11:04:00+00:00,1184,1999
trade,2023-04-19,NVDA,Long,2023-04-19T13:35:00+00:00,2023-04-19T14:46:00+00:00,275.6877,276.3621,1.09,0.73,0.002446,4260000,ScoreExit,0.4080,-0.0511,0.6019,0.4526,0.2544,-0.5229,-0.1549,0.3139,,,
summary,2023-04-19,NVDA,,,,,,,0.73,,1,,,,,,,,,,0.6883,2023-04-18T13:49:00+00:00,1460,2136
summary,2023-04-19,MSFT,,,,,,,0.00,,0,,,,,,,,,,0.7256,2023-04-17T10:52:00+00:00,694,1818
summary,2023-04-20,SPY,,,,,,,0.00,,0,,,,,,,,,,0.4890,2023-04-17T20:04:00+00:00,1256,2886
summary,2023-04-20,QQQ,,,,,,,0.00,,0,,,,,,,,,,0.6336,2023-04-17T13:37:00+00:00,1308,2930
trade,2023-04-20,AAPL,Long,2023-04-20T13:33:00+00:00,2023-04-20T14:36:00+00:00,166.8050,166.9399,1.80,0.24,0.000809,3780000,ScoreExit,0.3575,-0.1004,0.5138,0.4073,0.2060,-0.4532,-0.2083,0.2331,,,
summary,2023-04-20,AAPL,,,,,,,0.24,,1,,,,,,,,,,0.6235,2023-04-17T13:37:00+00:00,1541,2598
trade,2023-04-20,NVDA,Long,2023-04-20T13:51:00+00:00,2023-04-20T14:36:00+00:00,278.6486,277.7916,1.08,-0.92,-0.003075,2700000,ScoreExit,0.4006,-0.1321,0.5001,0.4439,0.2808,-0.4724,-0.2375,0.1921,,,
summary,2023-04-20,NVDA,,,,,,,-0.92,,1,,,,,,,,,,1.0000,2023-04-17T13:36:00+00:00,1808,2754
summary,2023-04-20,MSFT,,,,,,,0.00,,0,,,,,,,,,,0.9519,2023-04-17T13:36:00+00:00,698,2232
summary,2023-04-21,SPY,,,,,,,0.00,,0,,,,,,,,,,0.3157,2023-04-19T17:12:00+00:00,583,2898
summary,2023-04-21,QQQ,,,,,,,0.00,,0,,,,,,,,,,0.3678,2023-04-18T13:48:00+00:00,510,2941
summary,2023-04-21,AAPL,,,,,,,0.00,,0,,,,,,,,,,0.8966,2023-04-18T13:49:00+00:00,981,2625
summary,2023-04-21,NVDA,,,,,,,0.00,,0,,,,,,,,,,1.0000,2023-04-18T13:36:00+00:00,640,2697
summary,2023-04-21,MSFT,,,,,,,0.00,,0,,,,,,,,,,0.3978,2023-04-19T16:33:00+00:00,457,2219
summary,2023-04-24,SPY,,,,,,,0.00,,0,,,,,,,,,,0.4136,2023-04-21T14:27:00+00:00,611,1105
trade,2023-04-24,QQQ,Long,2023-04-24T13:41:00+00:00,2023-04-24T14:01:00+00:00,317.6603,316.7000,0.94,-0.91,-0.003023,1200000,ScoreExit,0.4023,-0.1093,0.5480,0.3623,0.4337,-0.5536,-0.1841,0.1883,,,
summary,2023-04-24,QQQ,,,,,,,-0.91,,1,,,,,,,,,,0.6498,2023-04-21T15:03:00+00:00,594,1134
trade,2023-04-24,AAPL,Long,2023-04-24T13:41:00+00:00,2023-04-24T14:31:00+00:00,165.3246,165.2053,1.81,-0.22,-0.000721,3000000,ScoreExit,0.3513,-0.0755,0.5557,0.3694,0.2469,-0.2881,-0.1511,0.1466,,,
summary,2023-04-24,AAPL,,,,,,,-0.22,,1,,,,,,,,,,0.9578,2023-04-21T13:40:00+00:00,283,1029
trade,2023-04-24,NVDA,Long,2023-04-24T13:31:00+00:00,2023-04-24T14:07:00+00:00,271.5264,270.5009,1.10,-1.13,-0.003777,2160000,ScoreExit,0.4997,-0.0819,0.5598,0.4356,0.6078,-0.5844,-0.1182,0.1582,,,
summary,2023-04-24,NVDA,,,,,,,-1.13,,1,,,,,,,,,,0.8946,2023-04-21T14:26:00+00:00,595,987
summary,2023-04-24,MSFT,,,,,,,0.00,,0,,,,,,,,,,0.7543,2023-04-21T13:38:00+00:00,369,949
summary,2023-04-25,SPY,,,,,,,0.00,,0,,,,,,,,,,0.7579,2023-04-24T09:34:00+00:00,486,1440
summary,2023-04-25,QQQ,,,,,,,0.00,,0,,,,,,,,,,0.7904,2023-04-24T09:34:00+00:00,440,1503
summary,2023-04-25,AAPL,,,,,,,0.00,,0,,,,,,,,,,0.6308,2023-04-24T09:29:00+00:00,495,1253
summary,2023-04-25,NVDA,,,,,,,0.00,,0,,,,,,,,,,0.8007,2023-04-24T09:25:00+00:00,372,1184
summary,2023-04-25,MSFT,,,,,,,0.00,,0,,,,,,,,,,0.7248,2023-04-24T09:22:00+00:00,214,1134
summary,2023-04-26,SPY,,,,,,,0.00,,0,,,,,,,,,,0.7579,2023-04-24T09:34:00+00:00,486,2336
summary,2023-04-26,QQQ,,,,,,,0.00,,0,,,,,,,,,,0.7904,2023-04-24T09:34:00+00:00,783,2439
summary,2023-04-26,AAPL,,,,,,,0.00,,0,,,,,,,,,,0.6308,2023-04-24T09:29:00+00:00,612,2107
trade,2023-04-26,NVDA,Long,2023-04-26T14:31:00+00:00,2023-04-26T15:56:00+00:00,270.1760,272.3833,1.11,2.45,0.008170,5100000,SessionClose,0.4012,0.2548,0.5505,0.3807,0.3924,-0.3645,0.2333,0.5041,,,
summary,2023-04-26,NVDA,,,,,,,2.45,,1,,,,,,,,,,0.8007,2023-04-24T09:25:00+00:00,869,2022
trade,2023-04-26,MSFT,Long,2023-04-26T14:31:00+00:00,2023-04-26T15:56:00+00:00,295.5136,297.8856,1.02,2.41,0.008027,5100000,SessionClose,0.4031,0.5125,0.4749,0.3103,0.5647,0.4520,0.4634,0.6307,,,
summary,2023-04-26,MSFT,,,,,,,2.41,,1,,,,,,,,,,0.8745,2023-04-25T20:03:00+00:00,971,2071
summary,2023-04-27,SPY,,,,,,,0.00,,0,,,,,,,,,,0.3874,2023-04-24T13:41:00+00:00,557,2934
trade,2023-04-27,QQQ,Long,2023-04-27T14:41:00+00:00,2023-04-27T15:56:00+00:00,317.5202,317.8546,0.95,0.32,0.001053,4500000,SessionClose,0.4019,0.1557,0.5561,0.4225,0.3093,-0.2528,0.1286,0.3460,,,
summary,2023-04-27,QQQ,,,,,,,0.32,,1,,,,,,,,,,0.6569,2023-04-24T13:40:00+00:00,1335,3039
trade,2023-04-27,AAPL,Long,2023-04-27T13:31:00+00:00,2023-04-27T15:32:00+00:00,165.9247,166.5900,1.81,1.20,0.004010,7260000,MaxHoldTimeout,0.3726,0.1696,0.5411,0.3847,0.2922,-0.1186,0.1071,0.3908,,,
summary,2023-04-27,AAPL,,,,,,,1.20,,1,,,,,,,,,,0.6142,2023-04-24T13:40:00+00:00,1190,2681
summary,2023-04-27,NVDA,,,,,,,0.00,,0,,,,,,,,,,0.9771,2023-04-24T13:41:00+00:00,1365,2628
trade,2023-04-27,MSFT,Long,2023-04-27T13:31:00+00:00,2023-04-27T15:32:00+00:00,296.6990,303.0940,1.01,6.47,0.021554,7260000,MaxHoldTimeout,0.4868,0.2390,0.5386,0.4439,0.5553,0.0940,0.1000,0.5653,,,
summary,2023-04-27,MSFT,,,,,,,6.47,,1,,,,,,,,,,1.0000,2023-04-24T13:35:00+00:00,1482,2668
trade,2023-04-28,SPY,Long,2023-04-28T14:06:00+00:00,2023-04-28T14:56:00+00:00,413.4090,414.1807,0.73,0.56,0.001867,3000000,ScoreExit,0.4024,-0.0757,0.5600,0.4315,0.2918,-0.2220,-0.2350,0.2918,,,
summary,2023-04-28,SPY,,,,,,,0.56,,1,,,,,,,,,,0.4215,2023-04-28T14:19:00+00:00,1507,2998
trade,2023-04-28,QQQ,Long,2023-04-28T14:23:00+00:00,2023-04-28T14:56:00+00:00,321.4914,320.5838,0.93,-0.85,-0.002823,1980000,ScoreExit,0.4078,-0.1394,0.5064,0.4367,0.3172,-0.4366,-0.3182,0.3172,,,
summary,2023-04-28,QQQ,,,,,,,-0.85,,1,,,,,,,,,,0.5938,2023-04-25T22:07:00+00:00,2079,3092
trade,2023-04-28,AAPL,Long,2023-04-28T14:03:00+00:00,2023-04-28T14:57:00+00:00,168.6906,168.7344,1.78,0.08,0.000259,3240000,ScoreExit,0.3784,-0.0681,0.5496,0.3178,0.4425,-0.5604,-0.2414,0.4425,,,
summary,2023-04-28,AAPL,,,,,,,0.08,,1,,,,,,,,,,0.6170,2023-04-25T13:40:00+00:00,1377,2765
trade,2023-04-28,NVDA,Long,2023-04-28T14:11:00+00:00,2023-04-28T14:56:00+00:00,274.1972,273.5429,1.10,-0.72,-0.002386,2700000,ScoreExit,0.4244,-0.0809,0.6096,0.4427,0.3262,-0.4820,-0.2176,0.3262,,,
summary,2023-04-28,NVDA,,,,,,,-0.72,,1,,,,,,,,,,0.7242,2023-04-25T22:13:00+00:00,1748,2704
trade,2023-04-28,MSFT,Long,2023-04-28T13:38:00+00:00,2023-04-28T14:56:00+00:00,304.2863,306.0032,0.99,1.70,0.005642,4680000,ScoreExit,0.4136,-0.1648,0.3037,0.3867,0.5041,-0.5595,-0.3895,0.4162,,,
summary,2023-04-28,MSFT,,,,,,,1.70,,1,,,,,,,,,,0.9430,2023-04-25T20:03:00+00:00,2077,2813
summary,2023-05-01,SPY,,,,,,,0.00,,0,,,,,,,,,,0.8302,2023-04-28T14:53:00+00:00,850,1132
summary,2023-05-01,QQQ,,,,,,,0.00,,0,,,,,,,,,,0.8405,2023-04-28T14:29:00+00:00,837,1130
trade,2023-05-01,AAPL,Long,2023-05-01T13:41:00+00:00,2023-05-01T14:20:00+00:00,169.7034,169.3242,1.77,-0.67,-0.002235,2340000,ScoreExit,0.3800,-0.0705,0.3988,0.3731,0.3878,-0.4518,-0.1767,0.2690,,,
summary,2023-05-01,AAPL,,,,,,,-0.67,,1,,,,,,,,,,0.8903,2023-04-28T14:15:00+00:00,619,1077
trade,2023-05-01,NVDA,Long,2023-05-01T13:31:00+00:00,2023-05-01T15:32:00+00:00,278.5285,285.1044,1.08,7.09,0.023609,7260000,MaxHoldTimeout,0.4247,0.1893,-0.0229,0.3739,0.6756,-0.1619,-0.0119,0.7088,,,
summary,2023-05-01,NVDA,,,,,,,7.09,,1,,,,,,,,,,0.9024,2023-04-28T14:10:00+00:00,932,1006
trade,2023-05-01,MSFT,Long,2023-05-01T13:39:00+00:00,2023-05-01T14:05:00+00:00,307.7886,306.5330,0.97,-1.22,-0.004079,1560000,ScoreExit,0.4428,-0.0657,0.4491,0.4205,0.4853,-0.5982,-0.1161,0.2127,,,
summary,2023-05-01,MSFT,,,,,,,-1.22,,1,,,,,,,,,,0.9620,2023-04-28T13:39:00+00:00,430,961
summary,2023-05-02,SPY,,,,,,,0.00,,0,,,,,,,,,,0.6181,2023-05-01T09:21:00+00:00,237,1436
summary,2023-05-02,QQQ,,,,,,,0.00,,0,,,,,,,,,,0.7340,2023-05-01T09:22:00+00:00,447,1418
trade,2023-05-02,AAPL,Long,2023-05-02T13:34:00+00:00,2023-05-02T13:41:00+00:00,170.3861,169.6241,1.76,-1.34,-0.004472,420000,ScoreExit,0.3620,-0.1899,0.5623,0.3421,0.3349,-0.5018,-0.3265,0.1871,,,
summary,2023-05-02,AAPL,,,,,,,-1.34,,1,,,,,,,,,,0.6346,2023-05-01T09:21:00+00:00,641,1284
summary,2023-05-02,NVDA,,,,,,,0.00,,0,,,,,,,,,,0.8054,2023-05-01T11:06:00+00:00,814,1308
summary,2023-05-02,MSFT,,,,,,,0.00,,0,,,,,,,,,,0.4850,2023-05-01T13:50:00+00:00,419,1064
summary,2023-05-03,SPY,,,,,,,0.00,,0,,,,,,,,,,0.6181,2023-05-01T09:21:00+00:00,279,2241
summary,2023-05-03,QQQ,,,,,,,0.00,,0,,,,,,,,,,0.7340,2023-05-01T09:22:00+00:00,490,2260
trade,2023-05-03,AAPL,Long,2023-05-03T13:31:00+00:00,2023-05-03T14:30:00+00:00,169.7959,170.0240,1.77,0.40,0.001343,3540000,ScoreExit,0.3970,-0.1017,0.5389,0.4287,0.2863,-0.5284,-0.1772,0.1915,,,
summary,2023-05-03,AAPL,,,,,,,0.40,,1,,,,,,,,,,0.6346,2023-05-01T09:21:00+00:00,902,2021
summary,2023-05-03,NVDA,,,,,,,0.00,,0,,,,,,,,,,0.8054,2023-05-01T11:06:00+00:00,914,2097
summary,2023-05-03,MSFT,,,,,,,0.00,,0,,,,,,,,,,0.4850,2023-05-01T13:50:00+00:00,665,1707
summary,2023-05-04,SPY,,,,,,,0.00,,0,,,,,,,,,,0.7521,2023-05-01T14:49:00+00:00,245,2894
summary,2023-05-04,QQQ,,,,,,,0.00,,0,,,,,,,,,,0.7034,2023-05-01T14:59:00+00:00,435,2909
summary,2023-05-04,AAPL,,,,,,,0.00,,0,,,,,,,,,,0.5779,2023-05-01T13:41:00+00:00,732,2716
summary,2023-05-04,NVDA,,,,,,,0.00,,0,,,,,,,,,,1.0000,2023-05-01T13:39:00+00:00,815,2665
summary,2023-05-04,MSFT,,,,,,,0.00,,0,,,,,,,,,,0.7003,2023-05-01T13:50:00+00:00,782,2282
summary,2023-05-05,SPY,,,,,,,0.00,,0,,,,,,,,,,0.4424,2023-05-02T19:12:00+00:00,982,2944
trade,2023-05-05,QQQ,Long,2023-05-05T14:06:00+00:00,2023-05-05T15:54:00+00:00,320.2711,321.2386,0.94,0.91,0.003021,6480000,ScoreExit,0.4228,-0.0525,0.5452,0.4510,0.3256,-0.4162,-0.1747,0.3133,,,
summary,2023-05-05,QQQ,,,,,,,0.91,,1,,,,,,,,,,0.4304,2023-05-05T14:14:00+00:00,971,2968
summary,2023-05-05,AAPL,,,,,,,0.00,,0,,,,,,,,,,0.6773,2023-05-05T13:36:00+00:00,1313,2915
trade,2023-05-05,NVDA,Long,2023-05-05T13:50:00+00:00,2023-05-05T15:51:00+00:00,280.0390,284.1897,1.07,4.45,0.014822,7260000,MaxHoldTimeout,0.4309,0.0510,0.5797,0.4572,0.3289,0.3174,-0.2394,0.5428,,,
summary,2023-05-05,NVDA,,,,,,,4.45,,1,,,,,,,,,,0.8227,2023-05-02T13:33:00+00:00,537,2578
trade,2023-05-05,MSFT,Long,2023-05-05T14:06:00+00:00,2023-05-05T15:17:00+00:00,307.9273,308.6924,0.97,0.74,0.002484,4260000,ScoreExit,0.4250,-0.0542,0.5706,0.4626,0.3014,-0.3818,-0.1753,0.2972,,,
summary,2023-05-05,MSFT,,,,,,,0.74,,1,,,,,,,,,,0.7832,2023-05-02T13:49:00+00:00,965,2346
summary,2023-05-08,SPY,,,,,,,0.00,,0,,,,,,,,,,0.8411,2023-05-05T14:40:00+00:00,794,1103
summary,2023-05-08,QQQ,,,,,,,0.00,,0,,,,,,,,,,0.9532,2023-05-05T14:40:00+00:00,893,1091
trade,2023-05-08,AAPL,Long,2023-05-08T14:19:00+00:00,2023-05-08T14:33:00+00:00,173.5671,173.0981,1.73,-0.81,-0.002702,840000,ScoreExit,0.3594,-0.0669,0.4388,0.4035,0.2447,-0.5624,-0.0758,0.1161,,,
summary,2023-05-08,AAPL,,,,,,,-0.81,,1,,,,,,,,,,1.0000,2023-05-05T13:35:00+00:00,669,1098
trade,2023-05-08,NVDA,Long,2023-05-08T14:43:00+00:00,2023-05-08T15:56:00+00:00,285.6616,288.7084,1.05,3.20,0.010666,4380000,SessionClose,0.4063,0.3771,0.5884,0.3347,0.4887,-0.3483,0.3618,0.6494,,,
summary,2023-05-08,NVDA,,,,,,,3.20,,1,,,,,,,,,,0.9583,2023-05-05T14:41:00+00:00,938,1006
summary,2023-05-08,MSFT,,,,,,,0.00,,0,,,,,,,,,,0.9543,2023-05-05T14:41:00+00:00,562,948
summary,2023-05-09,SPY,,,,,,,0.00,,0,,,,,,,,,,0.6436,2023-05-08T09:42:00+00:00,587,1378
summary,2023-05-09,QQQ,,,,,,,0.00,,0,,,,,,,,,,0.5087,2023-05-08T17:39:00+00:00,663,1402
summary,2023-05-09,AAPL,,,,,,,0.00,,0,,,,,,,,,,0.5827,2023-05-08T14:19:00+00:00,409,1287
summary,2023-05-09,NVDA,,,,,,,0.00,,0,,,,,,,,,,0.6790,2023-05-08T15:09:00+00:00,597,1215
trade,2023-05-09,MSFT,Long,2023-05-09T13:31:00+00:00,2023-05-09T14:46:00+00:00,308.4375,308.5524,0.97,0.11,0.000373,4500000,ScoreExit,0.4020,-0.1234,0.5444,0.4417,0.2753,-0.2277,-0.2862,0.2369,,,
summary,2023-05-09,MSFT,,,,,,,0.11,,1,,,,,,,,,,0.4868,2023-05-09T13:49:00+00:00,302,1057
summary,2023-05-10,SPY,,,,,,,0.00,,0,,,,,,,,,,0.6436,2023-05-08T09:42:00+00:00,821,2183
summary,2023-05-10,QQQ,,,,,,,0.00,,0,,,,,,,,,,0.5087,2023-05-08T17:39:00+00:00,992,2170
summary,2023-05-10,AAPL,,,,,,,0.00,,0,,,,,,,,,,0.5827,2023-05-08T14:19:00+00:00,735,1983
summary,2023-05-10,NVDA,,,,,,,0.00,,0,,,,,,,,,,0.6790,2023-05-08T15:09:00+00:00,924,1869
summary,2023-05-10,MSFT,,,,,,,0.00,,0,,,,,,,,,,0.4868,2023-05-09T13:49:00+00:00,710,1657
summary,2023-05-11,SPY,,,,,,,0.00,,0,,,,,,,,,,0.5177,2023-05-08T15:04:00+00:00,1128,2760
summary,2023-05-11,QQQ,,,,,,,0.00,,0,,,,,,,,,,0.5097,2023-05-08T17:39:00+00:00,1495,2767
summary,2023-05-11,AAPL,,,,,,,0.00,,0,,,,,,,,,,0.8598,2023-05-08T14:23:00+00:00,1136,2482
summary,2023-05-11,NVDA,,,,,,,0.00,,0,,,,,,,,,,0.9601,2023-05-08T14:48:00+00:00,1159,2431
summary,2023-05-11,MSFT,,,,,,,0.00,,0,,,,,,,,,,0.5081,2023-05-09T13:49:00+00:00,1174,2188
summary,2023-05-12,SPY,,,,,,,0.00,,0,,,,,,,,,,0.5371,2023-05-10T12:49:00+00:00,1243,2803
summary,2023-05-12,QQQ,,,,,,,0.00,,0,,,,,,,,,,0.5301,2023-05-10T12:49:00+00:00,1436,2796
summary,2023-05-12,AAPL,,,,,,,0.00,,0,,,,,,,,,,0.4609,2023-05-10T13:14:00+00:00,1043,2477
summary,2023-05-12,NVDA,,,,,,,0.00,,0,,,,,,,,,,0.6273,2023-05-10T12:49:00+00:00,785,2426
summary,2023-05-12,MSFT,,,,,,,0.00,,0,,,,,,,,,,0.6190,2023-05-09T13:46:00+00:00,987,2186
summary,2023-05-15,SPY,,,,,,,0.00,,0,,,,,,,,,,0.6190,2023-05-15T08:11:00+00:00,499,1125
summary,2023-05-15,QQQ,,,,,,,0.00,,0,,,,,,,,,,0.5352,2023-05-15T08:15:00+00:00,515,1133
summary,2023-05-15,AAPL,,,,,,,0.00,,0,,,,,,,,,,0.4546,2023-05-15T08:00:00+00:00,318,1055
summary,2023-05-15,NVDA,,,,,,,0.00,,0,,,,,,,,,,0.9343,2023-05-12T13:34:00+00:00,480,974
summary,2023-05-15,MSFT,,,,,,,0.00,,0,,,,,,,,,,0.5623,2023-05-15T08:35:00+00:00,430,930
summary,2023-05-16,SPY,,,,,,,0.00,,0,,,,,,,,,,0.4870,2023-05-15T17:09:00+00:00,748,1426
trade,2023-05-16,QQQ,Long,2023-05-16T13:43:00+00:00,2023-05-16T15:44:00+00:00,327.3132,327.7966,0.92,0.44,0.001477,7260000,MaxHoldTimeout,0.4015,0.1458,0.5396,0.4116,0.3354,0.0720,0.0074,0.4471,,,
summary,2023-05-16,QQQ,,,,,,,0.44,,1,,,,,,,,,,0.5484,2023-05-15T09:30:00+00:00,894,1426
trade,2023-05-16,AAPL,Long,2023-05-16T13:31:00+00:00,2023-05-16T14:32:00+00:00,172.2667,172.2033,1.74,-0.11,-0.000368,3660000,ScoreExit,0.3530,-0.1070,0.5530,0.3730,0.2462,-0.3893,-0.2122,0.1976,,,
summary,2023-05-16,AAPL,,,,,,,-0.11,,1,,,,,,,,,,0.4693,2023-05-15T11:23:00+00:00,570,1215
trade,2023-05-16,NVDA,Long,2023-05-16T13:31:00+00:00,2023-05-16T15:32:00+00:00,289.3968,294.9065,1.04,5.72,0.019039,7260000,MaxHoldTimeout,0.5322,0.4264,0.5293,0.4636,0.6702,0.2789,0.2805,0.7674,,,
summary,2023-05-16,NVDA,,,,,,,5.72,,1,,,,,,,,,,0.7092,2023-05-15T15:34:00+00:00,905,1169
trade,2023-05-16,MSFT,Long,2023-05-16T13:31:00+00:00,2023-05-16T15:32:00+00:00,311.4384,312.7538,0.96,1.27,0.004224,7260000,MaxHoldTimeout,0.5385,0.0549,0.6258,0.5307,0.5252,-0.3776,-0.1335,0.5759,,,
summary,2023-05-16,MSFT,,,,,,,1.27,,1,,,,,,,,,,0.5494,2023-05-16T13:45:00+00:00,730,1057
summary,2023-05-17,SPY,,,,,,,0.00,,0,,,,,,,,,,0.4870,2023-05-15T17:09:00+00:00,1323,2260
summary,2023-05-17,QQQ,,,,,,,0.00,,0,,,,,,,,,,0.5484,2023-05-15T09:30:00+00:00,1447,2217
summary,2023-05-17,AAPL,,,,,,,0.00,,0,,,,,,,,,,0.4693,2023-05-15T11:23:00+00:00,808,1928
trade,2023-05-17,NVDA,Long,2023-05-17T14:06:00+00:00,2023-05-17T15:56:00+00:00,295.9770,297.3558,1.02,1.40,0.004658,6600000,SessionClose,0.4249,0.2244,0.4578,0.3874,0.4889,-0.4891,0.2154,0.4804,,,
summary,2023-05-17,NVDA,,,,,,,1.40,,1,,,,,,,,,,0.7092,2023-05-15T15:34:00+00:00,1602,1924
summary,2023-05-17,MSFT,,,,,,,0.00,,0,,,,,,,,,,0.5494,2023-05-16T13:45:00+00:00,1161,1688
trade,2023-05-18,SPY,Long,2023-05-18T14:21:00+00:00,2023-05-18T15:56:00+00:00,416.4949,417.8796,0.72,1.00,0.003325,5700000,SessionClose,0.4101,0.0199,0.5276,0.4315,0.3283,0.5232,-0.2106,0.3132,,,
summary,2023-05-18,SPY,,,,,,,1.00,,1,,,,,,,,,,0.7501,2023-05-15T14:54:00+00:00,1752,2805
trade,2023-05-18,QQQ,Long,2023-05-18T13:58:00+00:00,2023-05-18T15:56:00+00:00,333.1299,336.2441,0.90,2.81,0.009348,7080000,SessionClose,0.4020,0.1387,0.5279,0.4077,0.3484,0.5128,-0.0843,0.4601,,,
summary,2023-05-18,QQQ,,,,,,,2.81,,1,,,,,,,,,,0.6216,2023-05-15T14:54:00+00:00,2055,2765
trade,2023-05-18,AAPL,Long,2023-05-18T13:39:00+00:00,2023-05-18T13:46:00+00:00,173.3770,172.7333,1.73,-1.11,-0.003713,420000,ScoreExit,0.3510,-0.0521,0.4602,0.3878,0.2409,-0.5337,-0.1026,0.2093,,,
trade,2023-05-18,AAPL,Long,2023-05-18T14:18:00+00:00,2023-05-18T15:56:00+00:00,173.6371,174.8625,1.73,2.12,0.007058,5880000,SessionClose,0.3539,0.1393,0.5648,0.3133,0.3647,-0.0944,0.0506,0.3945,,,
summary,2023-05-18,AAPL,,,,,,,1.00,,2,,,,,,,,,,0.4313,2023-05-16T13:46:00+00:00,1109,2421
trade,2023-05-18,NVDA,Long,2023-05-18T13:34:00+00:00,2023-05-18T15:35:00+00:00,304.9965,315.6363,0.99,10.49,0.034885,7260000,MaxHoldTimeout,0.4170,0.5713,0.4776,0.3062,0.6184,0.2787,0.5515,0.7084,,,
summary,2023-05-18,NVDA,,,,,,,10.49,,1,,,,,,,,,,0.7144,2023-05-15T15:34:00+00:00,2273,2628
trade,2023-05-18,MSFT,Long,2023-05-18T14:31:00+00:00,2023-05-18T15:56:00+00:00,316.7300,317.5397,0.95,0.77,0.002556,5100000,SessionClose,0.4130,0.0188,0.5452,0.4216,0.3520,-0.0887,-0.1594,0.4112,,,
summary,2023-05-18,MSFT,,,,,,,0.77,,1,,,,,,,,,,0.8300,2023-05-15T14:52:00+00:00,1610,2166
summary,2023-05-19,SPY,,,,,,,0.00,,0,,,,,,,,,,0.4668,2023-05-17T17:04:00+00:00,1829,2895
summary,2023-05-19,QQQ,,,,,,,0.00,,0,,,,,,,,,,0.7866,2023-05-16T14:56:00+00:00,2063,2867
summary,2023-05-19,AAPL,,,,,,,0.00,,0,,,,,,,,,,0.5786,2023-05-16T13:46:00+00:00,1421,2584
summary,2023-05-19,NVDA,,,,,,,0.00,,0,,,,,,,,,,0.9497,2023-05-16T15:04:00+00:00,2228,2833
summary,2023-05-19,MSFT,,,,,,,0.00,,0,,,,,,,,,,0.8486,2023-05-16T13:46:00+00:00,1504,2296
summary,2023-05-22,SPY,,,,,,,0.00,,0,,,,,,,,,,0.3807,2023-05-19T13:38:00+00:00,339,1109
trade,2023-05-22,QQQ,Long,2023-05-22T13:42:00+00:00,2023-05-22T14:08:00+00:00,337.9464,337.3288,0.89,-0.55,-0.001827,1560000,ScoreExit,0.4070,-0.0786,0.5766,0.3813,0.4017,-0.5816,-0.1742,0.2803,,,
summary,2023-05-22,QQQ,,,,,,,-0.55,,1,,,,,,,,,,0.4606,2023-05-19T13:41:00+00:00,419,1119
summary,2023-05-22,AAPL,,,,,,,0.00,,0,,,,,,,,,,0.4411,2023-05-19T14:39:00+00:00,108,1092
trade,2023-05-22,NVDA,Long,2023-05-22T13:53:00+00:00,2023-05-22T15:35:00+00:00,312.2837,312.5740,0.96,0.28,0.000930,6120000,ScoreExit,0.4505,-0.0893,0.6465,0.4671,0.3521,-0.5523,-0.2586,0.4035,,,
summary,2023-05-22,NVDA,,,,,,,0.28,,1,,,,,,,,,,0.7336,2023-05-19T16:17:00+00:00,421,1127
trade,2023-05-22,MSFT,Long,2023-05-22T13:34:00+00:00,2023-05-22T15:35:00+00:00,319.1607,321.2686,0.94,1.98,0.006604,7260000,MaxHoldTimeout,0.4041,-0.0035,0.5188,0.3607,0.4528,-0.4665,-0.1870,0.5179,,,
summary,2023-05-22,MSFT,,,,,,,1.98,,1,,,,,,,,,,0.6783,2023-05-19T13:38:00+00:00,647,972
summary,2023-05-23,SPY,,,,,,,0.00,,0,,,,,,,,,,0.4201,2023-05-22T13:38:00+00:00,547,1439
summary,2023-05-23,QQQ,,,,,,,0.00,,0,,,,,,,,,,0.5220,2023-05-22T13:52:00+00:00,561,1467
summary,2023-05-23,AAPL,,,,,,,0.00,,0,,,,,,,,,,0.5073,2023-05-22T13:38:00+00:00,372,1350
summary,2023-05-23,NVDA,,,,,,,0.00,,0,,,,,,,,,,0.7540,2023-05-22T14:20:00+00:00,637,1378
summary,2023-05-23,MSFT,,,,,,,0.00,,0,,,,,,,,,,0.6588,2023-05-22T13:48:00+00:00,522,1197
summary,2023-05-24,SPY,,,,,,,0.00,,0,,,,,,,,,,0.4201,2023-05-22T13:38:00+00:00,547,2271
summary,2023-05-24,QQQ,,,,,,,0.00,,0,,,,,,,,,,0.5220,2023-05-22T13:52:00+00:00,561,2302
trade,2023-05-24,AAPL,Long,2023-05-24T13:34:00+00:00,2023-05-24T14:50:00+00:00,171.7769,171.3036,1.75,-0.83,-0.002755,4560000,MaxHoldTimeout,0.3547,0.0000,0.5966,0.4609,0.0617,-0.0685,-0.0868,-0.0221,,,
summary,2023-05-24,AAPL,,,,,,,-0.83,,1,,,,,,,,,,0.5073,2023-05-22T13:38:00+00:00,443,2118
summary,2023-05-24,NVDA,,,,,,,0.00,,0,,,,,,,,,,0.7540,2023-05-22T14:20:00+00:00,693,2179
summary,2023-05-24,MSFT,,,,,,,0.00,,0,,,,,,,,,,0.6588,2023-05-22T13:48:00+00:00,522,1853
summary,2023-05-25,SPY,,,,,,,0.00,,0,,,,,,,,,,0.5439,2023-05-22T13:38:00+00:00,535,2929
summary,2023-05-25,QQQ,,,,,,,0.00,,0,,,,,,,,,,0.6592,2023-05-22T13:52:00+00:00,1159,2975
summary,2023-05-25,AAPL,,,,,,,0.00,,0,,,,,,,,,,0.6567,2023-05-22T13:41:00+00:00,645,2761
trade,2023-05-25,NVDA,Long,2023-05-25T14:47:00+00:00,2023-05-25T15:56:00+00:00,382.6198,387.0688,0.33,1.48,0.011628,4140000,SessionClose,0.4070,0.0715,0.5095,0.2883,0.6102,-0.2328,-0.1435,0.6030,,,
summary,2023-05-25,NVDA,,,,,,,1.48,,1,,,,,,,,,,0.9118,2023-05-22T13:52:00+00:00,1213,2886
trade,2023-05-25,MSFT,Long,2023-05-25T14:36:00+00:00,2023-05-25T15:51:00+00:00,322.0916,323.5979,0.93,1.40,0.004677,4500000,ScoreExit,0.4004,-0.0523,0.1071,0.3363,0.6262,-0.5590,-0.2820,0.5759,,,
summary,2023-05-25,MSFT,,,,,,,1.40,,1,,,,,,,,,,0.9576,2023-05-22T15:03:00+00:00,1187,2566
trade,2023-05-26,SPY,Long,2023-05-26T13:41:00+00:00,2023-05-26T15:21:00+00:00,416.8550,418.4585,0.72,1.15,0.003847,6000000,ScoreExit,0.4091,-0.0695,0.5683,0.4178,0.3389,-0.4296,-0.2399,0.3914,,,
summary,2023-05-26,SPY,,,,,,,1.15,,1,,,,,,,,,,0.4647,2023-05-26T14:29:00+00:00,1297,2935
trade,2023-05-26,QQQ,Long,2023-05-26T13:37:00+00:00,2023-05-26T15:38:00+00:00,341.7275,346.3911,0.88,4.10,0.013647,7260000,MaxHoldTimeout,0.4162,0.2442,0.5654,0.3776,0.4436,0.0429,0.1132,0.5734,,,
summary,2023-05-26,QQQ,,,,,,,4.10,,1,,,,,,,,,,0.5639,2023-05-24T21:03:00+00:00,1612,2981
summary,2023-05-26,AAPL,,,,,,,0.00,,0,,,,,,,,,,0.4892,2023-05-23T13:43:00+00:00,1249,2717
trade,2023-05-26,NVDA,Long,2023-05-26T13:53:00+00:00,2023-05-26T15:11:00+00:00,382.0996,381.7204,0.62,-0.23,-0.000992,4680000,MaxHoldTimeout,0.4098,0.1236,0.6737,0.3681,0.4052,-0.6058,0.0077,0.5984,,,
summary,2023-05-26,NVDA,,,,,,,-0.23,,1,,,,,,,,,,0.9044,2023-05-24T20:21:00+00:00,1551,3014
trade,2023-05-26,MSFT,Long,2023-05-26T13:31:00+00:00,2023-05-26T15:32:00+00:00,325.4426,331.3956,0.92,5.49,0.018292,7260000,MaxHoldTimeout,0.4433,0.3162,0.5273,0.4099,0.4821,0.1303,0.1880,0.6348,,,
summary,2023-05-26,MSFT,,,,,,,5.49,,1,,,,,,,,,,0.8563,2023-05-23T13:32:00+00:00,1314,2563
summary,2023-05-29,SPY,,,,,,,0.00,,0,,,,,,,,,,0.9512,2023-05-26T14:41:00+00:00,455,499
summary,2023-05-29,QQQ,,,,,,,0.00,,0,,,,,,,,,,0.9565,2023-05-26T14:42:00+00:00,497,499
summary,2023-05-29,AAPL,,,,,,,0.00,,0,,,,,,,,,,0.9541,2023-05-26T15:00:00+00:00,386,472
summary,2023-05-29,NVDA,,,,,,,0.00,,0,,,,,,,,,,0.9651,2023-05-26T14:48:00+00:00,492,502
summary,2023-05-29,MSFT,,,,,,,0.00,,0,,,,,,,,,,0.9583,2023-05-26T15:01:00+00:00,450,456
summary,2023-05-30,SPY,,,,,,,0.00,,0,,,,,,,,,,0.7245,2023-05-30T09:20:00+00:00,233,675
summary,2023-05-30,QQQ,,,,,,,0.00,,0,,,,,,,,,,0.7835,2023-05-30T09:20:00+00:00,240,702
trade,2023-05-30,AAPL,Long,2023-05-30T13:34:00+00:00,2023-05-30T13:47:00+00:00,177.7533,177.7017,1.69,-0.09,-0.000290,780000,ScoreExit,0.3835,-0.0937,0.5262,0.1974,0.7082,-0.4218,-0.1681,0.1645,,,
summary,2023-05-30,AAPL,,,,,,,-0.09,,1,,,,,,,,,,0.8344,2023-05-30T09:20:00+00:00,392,676
trade,2023-05-30,NVDA,Long,2023-05-30T13:37:00+00:00,2023-05-30T14:26:00+00:00,406.4869,410.3069,0.52,1.97,0.009398,2940000,ScoreExit,0.4499,-0.0548,0.4195,0.3667,0.6263,-0.2481,-0.2106,0.3213,,,
summary,2023-05-30,NVDA,,,,,,,1.97,,1,,,,,,,,,,1.0000,2023-05-30T08:04:00+00:00,379,700
summary,2023-05-30,MSFT,,,,,,,0.00,,0,,,,,,,,,,0.6979,2023-05-30T08:37:00+00:00,206,635
summary,2023-05-31,SPY,,,,,,,0.00,,0,,,,,,,,,,0.7245,2023-05-30T09:20:00+00:00,439,1481
summary,2023-05-31,QQQ,,,,,,,0.00,,0,,,,,,,,,,0.7835,2023-05-30T09:20:00+00:00,366,1572
summary,2023-05-31,AAPL,,,,,,,0.00,,0,,,,,,,,,,0.8344,2023-05-30T09:20:00+00:00,891,1408
summary,2023-05-31,NVDA,,,,,,,0.00,,0,,,,,,,,,,1.0000,2023-05-30T08:04:00+00:00,566,1576
trade,2023-05-31,MSFT,Long,2023-05-31T13:32:00+00:00,2023-05-31T14:11:00+00:00,333.2950,333.5449,0.90,0.23,0.000750,2340000,ScoreExit,0.4065,-0.1389,0.5771,0.3769,0.4087,-0.5466,-0.2575,0.2342,,,
summary,2023-05-31,MSFT,,,,,,,0.23,,1,,,,,,,,,,0.6979,2023-05-30T08:37:00+00:00,399,1310
summary,2023-06-01,SPY,,,,,,,0.00,,0,,,,,,,,,,0.7245,2023-05-30T09:20:00+00:00,834,2307
summary,2023-06-01,QQQ,,,,,,,0.00,,0,,,,,,,,,,0.7835,2023-05-30T09:20:00+00:00,647,2386
trade,2023-06-01,AAPL,Long,2023-06-01T14:38:00+00:00,2023-06-01T15:56:00+00:00,178.4485,179.4611,1.68,1.70,0.005675,4680000,SessionClose,0.3610,0.2332,0.5440,0.3860,0.2500,0.2253,0.1765,0.3493,,,
summary,2023-06-01,AAPL,,,,,,,1.70,,1,,,,,,,,,,0.8344,2023-05-30T09:20:00+00:00,1350,2194
summary,2023-06-01,NVDA,,,,,,,0.00,,0,,,,,,,,,,1.0000,2023-05-30T08:04:00+00:00,937,2447
summary,2023-06-01,MSFT,,,,,,,0.00,,0,,,,,,,,,,0.6979,2023-05-30T08:37:00+00:00,655,1934
summary,2023-06-02,SPY,,,,,,,0.00,,0,,,,,,,,,,0.4266,2023-06-02T15:03:00+00:00,1299,2863
summary,2023-06-02,QQQ,,,,,,,0.00,,0,,,,,,,,,,0.5824,2023-05-30T13:40:00+00:00,892,2927
summary,2023-06-02,AAPL,,,,,,,0.00,,0,,,,,,,,,,1.0000,2023-05-30T13:37:00+00:00,1687,2736
trade,2023-06-02,NVDA,Long,2023-06-02T14:43:00+00:00,2023-06-02T15:48:00+00:00,397.0341,396.5760,0.58,-0.27,-0.001154,3900000,ScoreExit,0.4069,-0.0601,0.5412,0.3960,0.3840,-0.5126,-0.1510,0.2727,,,
summary,2023-06-02,NVDA,,,,,,,-0.27,,1,,,,,,,,,,1.0000,2023-05-30T13:37:00+00:00,1047,2990
trade,2023-06-02,MSFT,Long,2023-06-02T13:31:00+00:00,2023-06-02T13:59:00+00:00,334.5953,333.2800,0.90,-1.18,-0.003931,1680000,ScoreExit,0.4424,-0.0539,0.5206,0.5356,0.2301,-0.5506,-0.1130,0.2301,,,
summary,2023-06-02,MSFT,,,,,,,-1.18,,1,,,,,,,,,,0.6947,2023-05-30T13:39:00+00:00,930,2348
summary,2023-06-05,SPY,,,,,,,0.00,,0,,,,,,,,,,0.9279,2023-06-02T15:03:00+00:00,798,1128
trade,2023-06-05,QQQ,Long,2023-06-05T13:41:00+00:00,2023-06-05T13:53:00+00:00,355.8817,354.8485,0.84,-0.87,-0.002903,720000,ScoreExit,0.4249,-0.0574,0.5517,0.4313,0.3698,-0.5806,-0.1030,0.2082,,,
trade,2023-06-05,QQQ,Long,2023-06-05T14:56:00+00:00,2023-06-05T15:56:00+00:00,356.8670,357.0380,0.84,0.14,0.000479,3600000,SessionClose,0.4126,0.1204,0.5367,0.3438,0.5089,0.4493,-0.1126,0.4767,,,
summary,2023-06-05,QQQ,,,,,,,-0.73,,2,,,,,,,,,,0.8191,2023-06-02T15:03:00+00:00,786,1177
trade,2023-06-05,AAPL,Long,2023-06-05T14:49:00+00:00,2023-06-05T15:56:00+00:00,184.2102,184.1997,1.63,-0.02,-0.000057,4020000,SessionClose,0.3513,0.1140,0.3805,0.2233,0.5975,0.5262,-0.1654,0.5355,,,
summary,2023-06-05,AAPL,,,,,,,-0.02,,1,,,,,,,,,,0.5400,2023-06-02T15:59:00+00:00,845,1222
trade,2023-06-05,NVDA,Long,2023-06-05T13:41:00+00:00,2023-06-05T14:57:00+00:00,394.2432,392.2361,0.76,-1.53,-0.005091,4560000,MaxHoldTimeout,0.5159,0.0000,0.6170,0.7277,0.0587,0.6251,0.3683,-0.0071,,,
summary,2023-06-05,NVDA,,,,,,,-1.53,,1,,,,,,,,,,0.6873,2023-06-02T15:03:00+00:00,205,1197
trade,2023-06-05,MSFT,Long,2023-06-05T13:31:00+00:00,2023-06-05T13:53:00+00:00,335.7657,334.9045,0.89,-0.77,-0.002565,1320000,ScoreExit,0.4172,-0.0768,0.4986,0.4770,0.2704,-0.5935,-0.0921,0.1261,,,
trade,2023-06-05,MSFT,Long,2023-06-05T14:52:00+00:00,2023-06-05T15:56:00+00:00,337.1061,338.3535,0.89,1.11,0.003700,3840000,SessionClose,0.4018,0.2137,0.3010,0.3332,0.5724,0.3648,0.0154,0.5599,,,
summary,2023-06-05,MSFT,,,,,,,0.34,,2,,,,,,,,,,1.0000,2023-06-02T13:39:00+00:00,550,982
summary,2023-06-06,SPY,,,,,,,0.00,,0,,,,,,,,,,0.3688,2023-06-05T16:59:00+00:00,575,1369
summary,2023-06-06,QQQ,,,,,,,0.00,,0,,,,,,,,,,0.5152,2023-06-05T13:43:00+00:00,647,1420
summary,2023-06-06,AAPL,,,,,,,0.00,,0,,,,,,,,,,0.7597,2023-06-05T09:32:00+00:00,616,1533
summary,2023-06-06,NVDA,,,,,,,0.00,,0,,,,,,,,,,0.7975,2023-06-05T13:40:00+00:00,577,1357
summary,2023-06-06,MSFT,,,,,,,0.00,,0,,,,,,,,,,0.5773,2023-06-05T15:38:00+00:00,394,1087
summary,2023-06-07,SPY,,,,,,,0.00,,0,,,,,,,,,,0.3688,2023-06-05T16:59:00+00:00,854,2155
summary,2023-06-07,QQQ,,,,,,,0.00,,0,,,,,,,,,,0.5152,2023-06-05T13:43:00+00:00,778,2235
trade,2023-06-07,AAPL,Long,2023-06-07T13:35:00+00:00,2023-06-07T14:51:00+00:00,180.3982,178.9713,1.66,-2.37,-0.007910,4560000,MaxHoldTimeout,0.3508,0.0000,0.6029,0.4425,0.0835,-0.1746,-0.3927,-0.1298,,,
summary,2023-06-07,AAPL,,,,,,,-2.37,,1,,,,,,,,,,0.7597,2023-06-05T09:32:00+00:00,655,2305
trade,2023-06-07,NVDA,Long,2023-06-07T13:31:00+00:00,2023-06-07T14:16:00+00:00,391.4347,390.6978,0.77,-0.57,-0.001883,2700000,ScoreExit,0.5690,-0.1581,0.6205,0.6335,0.4229,-0.6025,-0.1747,0.0234,,,
summary,2023-06-07,NVDA,,,,,,,-0.57,,1,,,,,,,,,,0.7975,2023-06-05T13:40:00+00:00,737,2117
summary,2023-06-07,MSFT,,,,,,,0.00,,0,,,,,,,,,,0.5773,2023-06-05T15:38:00+00:00,394,1668
summary,2023-06-08,SPY,,,,,,,0.00,,0,,,,,,,,,,0.4971,2023-06-05T14:52:00+00:00,926,2733
summary,2023-06-08,QQQ,,,,,,,0.00,,0,,,,,,,,,,0.8570,2023-06-05T14:57:00+00:00,901,2876
summary,2023-06-08,AAPL,,,,,,,0.00,,0,,,,,,,,,,0.9306,2023-06-05T14:57:00+00:00,458,2749
trade,2023-06-08,NVDA,Long,2023-06-08T13:56:00+00:00,2023-06-08T15:56:00+00:00,381.1593,387.0588,0.58,3.41,0.015478,7200000,SessionClose,0.4592,0.3125,0.5312,0.6634,0.0268,0.5126,0.2309,0.4090,,,
summary,2023-06-08,NVDA,,,,,,,3.41,,1,,,,,,,,,,1.0000,2023-06-05T13:40:00+00:00,887,2686
summary,2023-06-08,MSFT,,,,,,,0.00,,0,,,,,,,,,,0.9116,2023-06-05T14:53:00+00:00,434,2201
summary,2023-06-09,SPY,,,,,,,0.00,,0,,,,,,,,,,0.8299,2023-06-06T14:51:00+00:00,1587,2779
trade,2023-06-09,QQQ,Long,2023-06-09T13:41:00+00:00,2023-06-09T14:36:00+00:00,355.7969,356.5980,0.84,0.68,0.002252,3300000,ScoreExit,0.4084,-0.0506,0.5545,0.4137,0.3492,-0.5381,-0.1373,0.2854,,,
summary,2023-06-09,QQQ,,,,,,,0.68,,1,,,,,,,,,,0.8624,2023-06-06T14:49:00+00:00,1365,2888
summary,2023-06-09,AAPL,,,,,,,0.00,,0,,,,,,,,,,0.8362,2023-06-06T14:46:00+00:00,1450,2681
summary,2023-06-09,NVDA,,,,,,,0.00,,0,,,,,,,,,,0.8822,2023-06-06T13:53:00+00:00,1242,2787
trade,2023-06-09,MSFT,Long,2023-06-09T13:35:00+00:00,2023-06-09T14:41:00+00:00,326.8630,328.3965,0.92,1.41,0.004691,3960000,ScoreExit,0.4176,-0.0631,0.6071,0.4532,0.2831,-0.4126,-0.1941,0.3153,,,
summary,2023-06-09,MSFT,,,,,,,1.41,,1,,,,,,,,,,0.6033,2023-06-09T13:53:00+00:00,536,2309
summary,2023-06-12,SPY,,,,,,,0.00,,0,,,,,,,,,,0.4500,2023-06-09T14:19:00+00:00,562,1157
summary,2023-06-12,QQQ,,,,,,,0.00,,0,,,,,,,,,,0.6835,2023-06-09T13:54:00+00:00,640,1186
summary,2023-06-12,AAPL,,,,,,,0.00,,0,,,,,,,,,,0.4930,2023-06-09T13:51:00+00:00,627,1097
summary,2023-06-12,NVDA,,,,,,,0.00,,0,,,,,,,,,,0.9123,2023-06-09T13:54:00+00:00,360,1109
summary,2023-06-12,MSFT,,,,,,,0.00,,0,,,,,,,,,,1.0000,2023-06-09T13:35:00+00:00,541,989
summary,2023-06-13,SPY,,,,,,,0.00,,0,,,,,,,,,,0.4599,2023-06-12T18:59:00+00:00,1019,1480
summary,2023-06-13,QQQ,,,,,,,0.00,,0,,,,,,,,,,0.7371,2023-06-12T09:13:00+00:00,1119,1528
trade,2023-06-13,AAPL,Long,2023-06-13T13:33:00+00:00,2023-06-13T14:07:00+00:00,183.5951,183.1200,1.63,-0.78,-0.002587,2040000,ScoreExit,0.3666,-0.0986,0.5636,0.3162,0.4016,-0.3497,-0.2441,0.2761,,,
summary,2023-06-13,AAPL,,,,,,,-0.78,,1,,,,,,,,,,0.6182,2023-06-12T08:00:00+00:00,1007,1399
trade,2023-06-13,NVDA,Long,2023-06-13T14:46:00+00:00,2023-06-13T15:56:00+00:00,400.8252,408.0276,0.58,4.20,0.017969,4200000,SessionClose,0.4095,0.2816,0.4756,0.2476,0.7114,0.4900,-0.0191,0.8134,,,
summary,2023-06-13,NVDA,,,,,,,4.20,,1,,,,,,,,,,0.7621,2023-06-13T15:19:00+00:00,926,1382
summary,2023-06-13,MSFT,,,,,,,0.00,,0,,,,,,,,,,0.6011,2023-06-12T17:59:00+00:00,857,1179
summary,2023-06-14,SPY,,,,,,,0.00,,0,,,,,,,,,,0.4599,2023-06-12T18:59:00+00:00,1538,2307
summary,2023-06-14,QQQ,,,,,,,0.00,,0,,,,,,,,,,0.7371,2023-06-12T09:13:00+00:00,1672,2372
summary,2023-06-14,AAPL,,,,,,,0.00,,0,,,,,,,,,,0.6182,2023-06-12T08:00:00+00:00,1448,2132
trade,2023-06-14,NVDA,Long,2023-06-14T13:41:00+00:00,2023-06-14T15:42:00+00:00,410.9883,419.8253,0.54,4.81,0.021502,7260000,MaxHoldTimeout,0.5429,-0.0223,0.5690,0.5606,0.4986,-0.5293,-0.2470,0.5960,,,
summary,2023-06-14,NVDA,,,,,,,4.81,,1,,,,,,,,,,0.7621,2023-06-13T15:19:00+00:00,1575,2224
trade,2023-06-14,MSFT,Long,2023-06-14T13:50:00+00:00,2023-06-14T15:51:00+00:00,335.6913,338.1035,0.89,2.16,0.007186,7260000,MaxHoldTimeout,0.4069,0.0874,0.6044,0.4301,0.2947,-0.3145,-0.0072,0.4106,,,
summary,2023-06-14,MSFT,,,,,,,2.16,,1,,,,,,,,,,0.6011,2023-06-12T17:59:00+00:00,1280,1771
trade,2023-06-15,SPY,Long,2023-06-15T13:47:00+00:00,2023-06-15T15:48:00+00:00,437.9764,440.1929,0.69,1.52,0.005061,7260000,MaxHoldTimeout,0.4048,-0.0120,0.5643,0.4383,0.2845,-0.5743,-0.1008,0.3530,,,
summary,2023-06-15,SPY,,,,,,,1.52,,1,,,,,,,,,,0.5886,2023-06-12T19:13:00+00:00,2087,2893
trade,2023-06-15,QQQ,Long,2023-06-15T13:52:00+00:00,2023-06-15T15:53:00+00:00,366.3149,367.9946,0.82,1.38,0.004585,7260000,MaxHoldTimeout,0.4002,0.0883,0.5303,0.4480,0.2612,-0.4730,0.0425,0.3668,,,
summary,2023-06-15,QQQ,,,,,,,1.38,,1,,,,,,,,,,0.7098,2023-06-12T14:48:00+00:00,2235,3002
summary,2023-06-15,AAPL,,,,,,,0.00,,0,,,,,,,,,,0.6061,2023-06-12T14:48:00+00:00,1873,2693
trade,2023-06-15,NVDA,Long,2023-06-15T13:41:00+00:00,2023-06-15T13:51:00+00:00,426.9530,425.9972,0.59,-0.57,-0.002239,600000,ScoreExit,0.4133,-0.0796,0.5529,0.5327,0.1281,-0.2541,-0.1543,0.1281,,,
trade,2023-06-15,NVDA,Long,2023-06-15T14:46:00+00:00,2023-06-15T15:48:00+00:00,427.5432,427.9062,0.52,0.19,0.000849,3720000,ScoreExit,0.4069,-0.0869,0.4071,0.4333,0.3540,-0.4716,-0.2546,0.3766,,,
summary,2023-06-15,NVDA,,,,,,,-0.38,,2,,,,,,,,,,0.7643,2023-06-13T15:19:00+00:00,2165,2965
summary,2023-06-15,MSFT,,,,,,,0.00,,0,,,,,,,,,,0.6294,2023-06-15T14:09:00+00:00,1803,2285
summary,2023-06-16,SPY,,,,,,,0.00,,0,,,,,,,,,,0.5090,2023-06-13T13:39:00+00:00,1820,2936
summary,2023-06-16,QQQ,,,,,,,0.00,,0,,,,,,,,,,0.5391,2023-06-14T19:07:00+00:00,2057,2978
summary,2023-06-16,AAPL,,,,,,,0.00,,0,,,,,,,,,,0.6888,2023-06-13T13:38:00+00:00,1564,2615
trade,2023-06-16,NVDA,Long,2023-06-16T14:22:00+00:00,2023-06-16T15:16:00+00:00,435.2055,434.2746,0.55,-0.51,-0.002139,3240000,ScoreExit,0.4294,-0.1646,0.2186,0.4943,0.3699,-0.5648,-0.3546,0.3487,,,
summary,2023-06-16,NVDA,,,,,,,-0.51,,1,,,,,,,,,,1.0000,2023-06-13T13:33:00+00:00,2271,2996
summary,2023-06-16,MSFT,,,,,,,0.00,,0,,,,,,,,,,0.9841,2023-06-13T13:41:00+00:00,1596,2356
summary,2023-06-19,SPY,,,,,,,0.00,,0,,,,,,,,,,0.3844,2023-06-16T16:52:00+00:00,68,546
summary,2023-06-19,QQQ,,,,,,,0.00,,0,,,,,,,,,,0.3972,2023-06-16T16:52:00+00:00,67,540
summary,2023-06-19,AAPL,,,,,,,0.00,,0,,,,,,,,,,0.0000,2023-06-16T13:30:00+00:00,0,518
summary,2023-06-19,NVDA,,,,,,,0.00,,0,,,,,,,,,,0.8982,2023-06-16T14:11:00+00:00,177,581
summary,2023-06-19,MSFT,,,,,,,0.00,,0,,,,,,,,,,0.0000,2023-06-16T13:30:00+00:00,0,502
summary,2023-06-20,SPY,,,,,,,0.00,,0,,,,,,,,,,0.4799,2023-06-20T16:48:00+00:00,277,654
trade,2023-06-20,QQQ,Long,2023-06-20T13:37:00+00:00,2023-06-20T14:53:00+00:00,367.6002,364.4056,0.82,-2.61,-0.008690,4560000,MaxHoldTimeout,0.4195,0.0000,0.5704,0.3619,0.4845,-0.2938,-0.2982,-0.7399,,,
summary,2023-06-20,QQQ,,,,,,,-2.61,,1,,,,,,,,,,0.5548,2023-06-20T16:49:00+00:00,332,687
trade,2023-06-20,AAPL,Long,2023-06-20T13:31:00+00:00,2023-06-20T14:52:00+00:00,184.8404,184.7651,1.62,-0.12,-0.000408,4860000,MaxHoldTimeout,0.3771,0.0000,0.5066,0.4377,0.2125,-0.1791,-0.1933,-0.4822,,,
summary,2023-06-20,AAPL,,,,,,,-0.12,,1,,,,,,,,,,0.6447,2023-06-20T13:39:00+00:00,287,574
summary,2023-06-20,NVDA,,,,,,,0.00,,0,,,,,,,,,,0.6804,2023-06-20T11:03:00+00:00,463,635
summary,2023-06-20,MSFT,,,,,,,0.00,,0,,,,,,,,,,0.5131,2023-06-20T16:49:00+00:00,222,548
summary,2023-06-21,SPY,,,,,,,0.00,,0,,,,,,,,,,0.4799,2023-06-20T16:48:00+00:00,600,1437
summary,2023-06-21,QQQ,,,,,,,0.00,,0,,,,,,,,,,0.5548,2023-06-20T16:49:00+00:00,586,1487
summary,2023-06-21,AAPL,,,,,,,0.00,,0,,,,,,,,,,0.6447,2023-06-20T13:39:00+00:00,486,1247
summary,2023-06-21,NVDA,,,,,,,0.00,,0,,,,,,,,,,0.6804,2023-06-20T11:03:00+00:00,906,1422
summary,2023-06-21,MSFT,,,,,,,0.00,,0,,,,,,,,,,0.5131,2023-06-20T16:49:00+00:00,270,1133
summary,2023-06-22,SPY,,,,,,,0.00,,0,,,,,,,,,,0.4799,2023-06-20T16:48:00+00:00,755,2251
summary,2023-06-22,QQQ,,,,,,,0.00,,0,,,,,,,,,,0.5548,2023-06-20T16:49:00+00:00,846,2323
trade,2023-06-22,AAPL,Long,2023-06-22T13:32:00+00:00,2023-06-22T15:33:00+00:00,184.3803,186.1491,1.63,2.88,0.009593,7260000,MaxHoldTimeout,0.3585,0.0344,0.5909,0.4244,0.1494,-0.3968,-0.0744,0.3956,,,
summary,2023-06-22,AAPL,,,,,,,2.88,,1,,,,,,,,,,0.6447,2023-06-20T13:39:00+00:00,842,1953
trade,2023-06-22,NVDA,Long,2023-06-22T14:12:00+00:00,2023-06-22T14:42:00+00:00,429.2437,429.8560,0.56,0.34,0.001426,1800000,ScoreExit,0.4473,-0.0666,0.4785,0.6339,0.0637,-0.6111,-0.0667,0.1152,,,
summary,2023-06-22,NVDA,,,,,,,0.34,,1,,,,,,,,,,0.6804,2023-06-20T11:03:00+00:00,1109,2256
trade,2023-06-22,MSFT,Long,2023-06-22T14:05:00+00:00,2023-06-22T14:36:00+00:00,337.5062,336.5241,0.89,-0.87,-0.002910,1860000,ScoreExit,0.4166,-0.1249,0.5551,0.5065,0.1908,-0.5504,-0.1757,0.1187,,,
summary,2023-06-22,MSFT,,,,,,,-0.87,,1,,,,,,,,,,0.5131,2023-06-20T16:49:00+00:00,582,1772
summary,2023-06-23,SPY,,,,,,,0.00,,0,,,,,,,,,,0.4849,2023-06-20T16:48:00+00:00,804,2788
summary,2023-06-23,QQQ,,,,,,,0.00,,0,,,,,,,,,,0.5667,2023-06-20T13:39:00+00:00,1051,2878
trade,2023-06-23,AAPL,Long,2023-06-23T14:42:00+00:00,2023-06-23T15:56:00+00:00,186.1358,186.4890,1.61,0.57,0.001898,4440000,SessionClose,0.3615,0.2289,0.5507,0.3810,0.2593,0.0325,0.2345,0.2831,,,
summary,2023-06-23,AAPL,,,,,,,0.57,,1,,,,,,,,,,0.9083,2023-06-20T13:39:00+00:00,1236,2544
summary,2023-06-23,NVDA,,,,,,,0.00,,0,,,,,,,,,,1.0000,2023-06-20T13:40:00+00:00,1178,2768
summary,2023-06-23,MSFT,,,,,,,0.00,,0,,,,,,,,,,1.0000,2023-06-20T13:41:00+00:00,767,2248
summary,2023-06-26,SPY,,,,,,,0.00,,0,,,,,,,,,,0.6022,2023-06-23T14:44:00+00:00,377,1170
trade,2023-06-26,QQQ,Long,2023-06-26T13:51:00+00:00,2023-06-26T14:32:00+00:00,363.8441,363.5059,0.82,-0.28,-0.000930,2460000,ScoreExit,0.4135,-0.0858,0.5552,0.4062,0.3809,-0.5626,-0.1932,0.2878,,,
summary,2023-06-26,QQQ,,,,,,,-0.28,,1,,,,,,,,,,0.6382,2023-06-23T14:44:00+00:00,394,1170
trade,2023-06-26,AAPL,Long,2023-06-26T13:39:00+00:00,2023-06-26T14:36:00+00:00,187.3612,187.4694,1.60,0.17,0.000578,3420000,ScoreExit,0.3909,-0.0511,0.5756,0.3296,0.4522,-0.3806,-0.2663,0.4891,,,
summary,2023-06-26,AAPL,,,,,,,0.17,,1,,,,,,,,,,0.8006,2023-06-23T14:44:00+00:00,639,1089
trade,2023-06-26,NVDA,Long,2023-06-26T13:53:00+00:00,2023-06-26T14:31:00+00:00,426.4529,426.1471,0.70,-0.22,-0.000717,2280000,ScoreExit,0.4546,-0.0815,0.6068,0.3137,0.6857,-0.1010,-0.3174,0.3968,,,
summary,2023-06-26,NVDA,,,,,,,-0.22,,1,,,,,,,,,,0.9197,2023-06-23T13:31:00+00:00,348,1124
summary,2023-06-26,MSFT,,,,,,,0.00,,0,,,,,,,,,,0.9552,2023-06-23T14:44:00+00:00,314,963
summary,2023-06-27,SPY,,,,,,,0.00,,0,,,,,,,,,,0.4791,2023-06-26T09:33:00+00:00,708,1450
summary,2023-06-27,QQQ,,,,,,,0.00,,0,,,,,,,,,,0.5312,2023-06-26T13:56:00+00:00,579,1475
trade,2023-06-27,AAPL,Long,2023-06-27T13:36:00+00:00,2023-06-27T15:01:00+00:00,186.5910,186.6690,1.61,0.13,0.000418,5100000,ScoreExit,0.3854,-0.0557,0.5615,0.3954,0.3066,0.1316,-0.2861,0.3427,,,
summary,2023-06-27,AAPL,,,,,,,0.13,,1,,,,,,,,,,0.5064,2023-06-26T13:53:00+00:00,560,1271
trade,2023-06-27,NVDA,Long,2023-06-27T13:35:00+00:00,2023-06-27T14:51:00+00:00,412.0774,405.4733,0.73,-4.81,-0.016026,4560000,MaxHoldTimeout,0.4109,0.0000,0.6089,0.4826,0.2016,0.0544,-0.3342,-0.2385,,,
summary,2023-06-27,NVDA,,,,,,,-4.81,,1,,,,,,,,,,0.8887,2023-06-26T09:48:00+00:00,543,1330
summary,2023-06-27,MSFT,,,,,,,0.00,,0,,,,,,,,,,0.5876,2023-06-26T12:02:00+00:00,473,1103
summary,2023-06-28,SPY,,,,,,,0.00,,0,,,,,,,,,,0.4791,2023-06-26T09:33:00+00:00,1193,2275
trade,2023-06-28,QQQ,Long,2023-06-28T14:19:00+00:00,2023-06-28T15:24:00+00:00,364.0942,364.5356,0.82,0.36,0.001212,3900000,ScoreExit,0.4016,-0.0894,0.5934,0.3905,0.3598,-0.5188,-0.2498,0.3744,,,
summary,2023-06-28,QQQ,,,,,,,0.36,,1,,,,,,,,,,0.5312,2023-06-26T13:56:00+00:00,1094,2325
trade,2023-06-28,AAPL,Long,2023-06-28T14:42:00+00:00,2023-06-28T15:56:00+00:00,188.9617,189.2832,1.59,0.51,0.001702,4440000,SessionClose,0.3503,0.1326,0.5539,0.2814,0.4204,-0.1449,0.0280,0.4343,,,
summary,2023-06-28,AAPL,,,,,,,0.51,,1,,,,,,,,,,0.5064,2023-06-26T13:53:00+00:00,1096,2016
trade,2023-06-28,NVDA,Long,2023-06-28T13:36:00+00:00,2023-06-28T15:24:00+00:00,407.3372,413.2710,0.52,3.09,0.014567,6480000,ScoreExit,0.4390,-0.0549,0.1050,0.6999,0.0285,-0.4675,-0.2639,0.5009,,,
summary,2023-06-28,NVDA,,,,,,,3.09,,1,,,,,,,,,,0.8887,2023-06-26T09:48:00+00:00,908,2226
trade,2023-06-28,MSFT,Long,2023-06-28T14:34:00+00:00,2023-06-28T15:21:00+00:00,337.1926,336.7539,0.89,-0.39,-0.001301,2820000,ScoreExit,0.4009,-0.0616,0.5539,0.3866,0.3785,0.0446,-0.2919,0.3635,,,
summary,2023-06-28,MSFT,,,,,,,-0.39,,1,,,,,,,,,,0.5876,2023-06-26T12:02:00+00:00,887,1757
summary,2023-06-29,SPY,,,,,,,0.00,,0,,,,,,,,,,0.4426,2023-06-26T13:41:00+00:00,1558,2845
summary,2023-06-29,QQQ,,,,,,,0.00,,0,,,,,,,,,,0.7043,2023-06-26T14:01:00+00:00,1463,2924
summary,2023-06-29,AAPL,,,,,,,0.00,,0,,,,,,,,,,0.6901,2023-06-26T13:53:00+00:00,1531,2603
summary,2023-06-29,NVDA,,,,,,,0.00,,0,,,,,,,,,,0.9076,2023-06-26T13:54:00+00:00,1089,2848
summary,2023-06-29,MSFT,,,,,,,0.00,,0,,,,,,,,,,0.8066,2023-06-26T14:15:00+00:00,1209,2267
summary,2023-06-30,SPY,,,,,,,0.00,,0,,,,,,,,,,0.6911,2023-06-27T14:59:00+00:00,2046,2855
summary,2023-06-30,QQQ,,,,,,,0.00,,0,,,,,,,,,,0.6489,2023-06-27T15:54:00+00:00,2147,2932
trade,2023-06-30,AAPL,Long,2023-06-30T13:41:00+00:00,2023-06-30T15:26:00+00:00,192.2112,192.5222,1.56,0.49,0.001618,6300000,ScoreExit,0.3897,-0.0570,0.5603,0.3266,0.4591,-0.2494,-0.2696,0.4325,,,
summary,2023-06-30,AAPL,,,,,,,0.49,,1,,,,,,,,,,0.7627,2023-06-27T13:38:00+00:00,2169,2733
trade,2023-06-30,NVDA,Long,2023-06-30T14:38:00+00:00,2023-06-30T15:31:00+00:00,423.8121,421.9884,0.71,-1.29,-0.004303,3180000,ScoreExit,0.4930,-0.1042,0.3529,0.4639,0.5977,-0.4883,-0.3926,0.6005,,,
summary,2023-06-30,NVDA,,,,,,,-1.29,,1,,,,,,,,,,0.9942,2023-06-27T13:35:00+00:00,1638,2820
trade,2023-06-30,MSFT,Long,2023-06-30T13:46:00+00:00,2023-06-30T15:01:00+00:00,340.2670,341.2176,0.88,0.84,0.002794,4500000,ScoreExit,0.4377,-0.0504,0.5664,0.4100,0.4501,-0.5197,-0.1922,0.3895,,,
summary,2023-06-30,MSFT,,,,,,,0.84,,1,,,,,,,,,,0.8745,2023-06-27T13:35:00+00:00,1412,2201
summary,2023-07-03,SPY,,,,,,,0.00,,0,,,,,,,,,,0.4510,2023-06-30T14:20:00+00:00,671,1076
summary,2023-07-03,QQQ,,,,,,,0.00,,0,,,,,,,,,,0.7862,2023-06-30T14:20:00+00:00,630,1095
summary,2023-07-03,AAPL,,,,,,,0.00,,0,,,,,,,,,,0.8134,2023-06-30T14:20:00+00:00,777,1140
trade,2023-07-03,NVDA,Long,2023-07-03T14:51:00+00:00,2023-07-03T15:32:00+00:00,427.3732,425.0204,0.70,-1.65,-0.005505,2460000,ScoreExit,0.4358,-0.0602,0.6028,0.3701,0.5115,-0.3571,-0.2535,0.4255,,,
summary,2023-07-03,NVDA,,,,,,,-1.65,,1,,,,,,,,,,0.9565,2023-06-30T14:40:00+00:00,733,1035
summary,2023-07-03,MSFT,,,,,,,0.00,,0,,,,,,,,,,0.9490,2023-06-30T14:46:00+00:00,252,852
summary,2023-07-04,SPY,,,,,,,0.00,,0,,,,,,,,,,0.3460,2023-07-03T10:28:00+00:00,298,565
summary,2023-07-04,QQQ,,,,,,,0.00,,0,,,,,,,,,,0.3660,2023-07-03T08:12:00+00:00,154,573
summary,2023-07-04,AAPL,,,,,,,0.00,,0,,,,,,,,,,0.3398,2023-07-03T13:28:00+00:00,44,560
summary,2023-07-04,NVDA,,,,,,,0.00,,0,,,,,,,,,,0.6771,2023-07-03T13:33:00+00:00,107,494
summary,2023-07-04,MSFT,,,,,,,0.00,,0,,,,,,,,,,0.5031,2023-07-03T13:49:00+00:00,56,388
summary,2023-07-05,SPY,,,,,,,0.00,,0,,,,,,,,,,0.3460,2023-07-03T10:28:00+00:00,548,1201
trade,2023-07-05,QQQ,Long,2023-07-05T13:41:00+00:00,2023-07-05T15:11:00+00:00,370.4162,371.1146,0.81,0.57,0.001886,5400000,ScoreExit,0.4140,-0.0723,0.5615,0.4674,0.2579,-0.4364,-0.1929,0.2903,,,
summary,2023-07-05,QQQ,,,,,,,0.57,,1,,,,,,,,,,0.4370,2023-07-05T13:44:00+00:00,430,1248
trade,2023-07-05,AAPL,Long,2023-07-05T13:42:00+00:00,2023-07-05T14:11:00+00:00,193.0042,192.2873,1.55,-1.11,-0.003714,1740000,ScoreExit,0.3929,-0.0608,0.5770,0.4516,0.2141,-0.3054,-0.1101,0.1195,,,
summary,2023-07-05,AAPL,,,,,,,-1.11,,1,,,,,,,,,,0.3929,2023-07-05T13:41:00+00:00,116,1155
trade,2023-07-05,NVDA,Long,2023-07-05T13:31:00+00:00,2023-07-05T15:01:00+00:00,424.3823,428.8963,0.71,3.19,0.010637,5400000,ScoreExit,0.4542,-0.0505,0.6573,0.5654,0.1642,-0.1096,-0.2949,0.4581,,,
summary,2023-07-05,NVDA,,,,,,,3.19,,1,,,,,,,,,,0.6942,2023-07-05T13:54:00+00:00,366,1071
trade,2023-07-05,MSFT,Long,2023-07-05T13:36:00+00:00,2023-07-05T15:16:00+00:00,338.3465,339.4351,0.89,0.96,0.003218,6000000,ScoreExit,0.4516,-0.1160,0.6252,0.5141,0.2686,-0.5727,-0.2867,0.3776,,,
summary,2023-07-05,MSFT,,,,,,,0.96,,1,,,,,,,,,,0.5698,2023-07-05T13:41:00+00:00,296,892
summary,2023-07-06,SPY,,,,,,,0.00,,0,,,,,,,,,,0.3633,2023-07-03T16:15:00+00:00,554,1762
summary,2023-07-06,QQQ,,,,,,,0.00,,0,,,,,,,,,,0.4388,2023-07-05T13:44:00+00:00,546,1818
summary,2023-07-06,AAPL,,,,,,,0.00,,0,,,,,,,,,,0.3993,2023-07-05T13:41:00+00:00,241,1650
summary,2023-07-06,NVDA,,,,,,,0.00,,0,,,,,,,,,,0.9373,2023-07-03T13:33:00+00:00,417,1659
trade,2023-07-06,MSFT,Long,2023-07-06T14:29:00+00:00,2023-07-06T14:56:00+00:00,339.8869,338.6834,0.88,-1.06,-0.003541,1620000,ScoreExit,0.4045,-0.0647,0.5878,0.4951,0.1622,-0.5371,-0.0502,0.0637,,,
summary,2023-07-06,MSFT,,,,,,,-1.06,,1,,,,,,,,,,0.6889,2023-07-03T13:49:00+00:00,688,1439
summary,2023-07-07,SPY,,,,,,,0.00,,0,,,,,,,,,,0.4067,2023-07-05T13:42:00+00:00,516,2190
summary,2023-07-07,QQQ,,,,,,,0.00,,0,,,,,,,,,,0.5325,2023-07-05T13:41:00+00:00,641,2292
summary,2023-07-07,AAPL,,,,,,,0.00,,0,,,,,,,,,,0.5995,2023-07-05T13:41:00+00:00,919,2054
summary,2023-07-07,NVDA,,,,,,,0.00,,0,,,,,,,,,,0.8088,2023-07-05T13:54:00+00:00,809,2050
summary,2023-07-07,MSFT,,,,,,,0.00,,0,,,,,,,,,,0.7411,2023-07-05T12:28:00+00:00,871,1829
summary,2023-07-10,SPY,,,,,,,0.00,,0,,,,,,,,,,0.5652,2023-07-07T16:43:00+00:00,418,1172
summary,2023-07-10,QQQ,,,,,,,0.00,,0,,,,,,,,,,0.5946,2023-07-07T16:17:00+00:00,323,1196
summary,2023-07-10,AAPL,,,,,,,0.00,,0,,,,,,,,,,0.6973,2023-07-07T16:03:00+00:00,257,1170
summary,2023-07-10,NVDA,,,,,,,0.00,,0,,,,,,,,,,0.8973,2023-07-07T14:03:00+00:00,493,1154
summary,2023-07-10,MSFT,,,,,,,0.00,,0,,,,,,,,,,0.6003,2023-07-07T13:57:00+00:00,151,1119
summary,2023-07-11,SPY,,,,,,,0.00,,0,,,,,,,,,,0.6896,2023-07-10T09:12:00+00:00,944,1436
summary,2023-07-11,QQQ,,,,,,,0.00,,0,,,,,,,,,,0.6259,2023-07-10T09:14:00+00:00,889,1444
summary,2023-07-11,AAPL,,,,,,,0.00,,0,,,,,,,,,,0.5398,2023-07-10T11:56:00+00:00,537,1392
trade,2023-07-11,NVDA,Long,2023-07-11T13:36:00+00:00,2023-07-11T13:46:00+00:00,426.6329,424.4976,0.70,-1.50,-0.005005,600000,ScoreExit,0.4487,-0.0942,0.5303,0.4688,0.3814,0.0341,-0.3534,0.3814,,,
trade,2023-07-11,NVDA,Long,2023-07-11T14:36:00+00:00,2023-07-11T15:21:00+00:00,426.8980,424.1377,0.70,-1.94,-0.006466,2700000,ScoreExit,0.4411,-0.0634,0.5672,0.4034,0.4745,-0.1017,-0.2797,0.3821,,,
summary,2023-07-11,NVDA,,,,,,,-3.44,,2,,,,,,,,,,0.7874,2023-07-10T09:20:00+00:00,741,1358
summary,2023-07-11,MSFT,,,,,,,0.00,,0,,,,,,,,,,0.5558,2023-07-10T12:03:00+00:00,590,1259
summary,2023-07-12,SPY,,,,,,,0.00,,0,,,,,,,,,,0.6896,2023-07-10T09:12:00+00:00,1574,2218
summary,2023-07-12,QQQ,,,,,,,0.00,,0,,,,,,,,,,0.6259,2023-07-10T09:14:00+00:00,1546,2262
summary,2023-07-12,AAPL,,,,,,,0.00,,0,,,,,,,,,,0.5398,2023-07-10T11:56:00+00:00,1064,2128
summary,2023-07-12,NVDA,,,,,,,0.00,,0,,,,,,,,,,0.7874,2023-07-10T09:20:00+00:00,1303,2059
summary,2023-07-12,MSFT,,,,,,,0.00,,0,,,,,,,,,,0.5558,2023-07-10T12:03:00+00:00,1066,1925
summary,2023-07-13,SPY,,,,,,,0.00,,0,,,,,,,,,,0.4565,2023-07-12T12:36:00+00:00,2097,2798
summary,2023-07-13,QQQ,,,,,,,0.00,,0,,,,,,,,,,0.5135,2023-07-10T14:24:00+00:00,2134,2843
summary,2023-07-13,AAPL,,,,,,,0.00,,0,,,,,,,,,,0.7235,2023-07-10T14:25:00+00:00,1455,2605
summary,2023-07-13,NVDA,,,,,,,0.00,,0,,,,,,,,,,0.8473,2023-07-10T14:24:00+00:00,2006,2697
trade,2023-07-13,MSFT,Long,2023-07-13T13:36:00+00:00,2023-07-13T15:21:00+00:00,341.0073,340.8327,0.88,-0.15,-0.000512,6300000,MaxHoldTimeout,0.4615,0.1481,0.5952,0.4804,0.3792,-0.4992,0.1333,0.3934,,,
summary,2023-07-13,MSFT,,,,,,,-0.15,,1,,,,,,,,,,0.5804,2023-07-10T14:26:00+00:00,1464,2317
summary,2023-07-14,SPY,,,,,,,0.00,,0,,,,,,,,,,0.6172,2023-07-11T15:04:00+00:00,2160,2797
trade,2023-07-14,QQQ,Long,2023-07-14T13:31:00+00:00,2023-07-14T14:46:00+00:00,380.3691,381.0906,0.79,0.57,0.001897,4500000,ScoreExit,0.4001,-0.1187,0.5232,0.3644,0.4304,-0.4874,-0.3212,0.4092,,,
summary,2023-07-14,QQQ,,,,,,,0.57,,1,,,,,,,,,,0.7605,2023-07-11T15:04:00+00:00,2280,2913
trade,2023-07-14,AAPL,Long,2023-07-14T13:39:00+00:00,2023-07-14T14:41:00+00:00,190.9489,190.6978,1.57,-0.39,-0.001315,3720000,ScoreExit,0.3536,-0.0700,0.5602,0.3822,0.2275,-0.1694,-0.1958,0.2146,,,
summary,2023-07-14,AAPL,,,,,,,-0.39,,1,,,,,,,,,,0.5601,2023-07-11T14:47:00+00:00,1585,2644
trade,2023-07-14,NVDA,Long,2023-07-14T13:31:00+00:00,2023-07-14T14:56:00+00:00,468.2054,474.3327,0.64,3.93,0.013087,5100000,ScoreExit,0.4171,-0.1357,0.5564,0.2251,0.7545,-0.3714,-0.5107,0.6931,,,
summary,2023-07-14,NVDA,,,,,,,3.93,,1,,,,,,,,,,0.9027,2023-07-11T14:30:00+00:00,2073,2835
trade,2023-07-14,MSFT,Long,2023-07-14T14:11:00+00:00,2023-07-14T15:56:00+00:00,348.6946,349.2102,0.86,0.44,0.001479,6300000,SessionClose,0.4663,0.1080,0.5637,0.4024,0.5619,0.1968,-0.1183,0.5310,,,
summary,2023-07-14,MSFT,,,,,,,0.44,,1,,,,,,,,,,0.9190,2023-07-11T15:04:00+00:00,1892,2396
summary,2023-07-17,SPY,,,,,,,0.00,,0,,,,,,,,,,0.3547,2023-07-17T19:19:00+00:00,371,1160
summary,2023-07-17,QQQ,,,,,,,0.00,,0,,,,,,,,,,0.7083,2023-07-14T14:17:00+00:00,439,1183
summary,2023-07-17,AAPL,,,,,,,0.00,,0,,,,,,,,,,0.5687,2023-07-14T13:38:00+00:00,697,1124
summary,2023-07-17,NVDA,,,,,,,0.00,,0,,,,,,,,,,1.0000,2023-07-14T13:37:00+00:00,257,1219
summary,2023-07-17,MSFT,,,,,,,0.00,,0,,,,,,,,,,0.9046,2023-07-14T14:20:00+00:00,248,1030
summary,2023-07-18,SPY,,,,,,,0.00,,0,,,,,,,,,,0.3975,2023-07-18T18:29:00+00:00,948,1387
summary,2023-07-18,QQQ,,,,,,,0.00,,0,,,,,,,,,,0.5311,2023-07-17T18:24:00+00:00,964,1470
summary,2023-07-18,AAPL,,,,,,,0.00,,0,,,,,,,,,,0.6272,2023-07-17T13:38:00+00:00,927,1299
summary,2023-07-18,NVDA,,,,,,,0.00,,0,,,,,,,,,,0.7865,2023-07-18T16:05:00+00:00,930,1431
summary,2023-07-18,MSFT,,,,,,,0.00,,0,,,,,,,,,,0.9156,2023-07-18T15:41:00+00:00,643,1140
summary,2023-07-19,SPY,,,,,,,0.00,,0,,,,,,,,,,0.3975,2023-07-18T18:29:00+00:00,1479,2157
summary,2023-07-19,QQQ,,,,,,,0.00,,0,,,,,,,,,,0.5311,2023-07-17T18:24:00+00:00,1567,2312
summary,2023-07-19,AAPL,,,,,,,0.00,,0,,,,,,,,,,0.6272,2023-07-17T13:38:00+00:00,1302,2003
summary,2023-07-19,NVDA,,,,,,,0.00,,0,,,,,,,,,,0.7865,2023-07-18T16:05:00+00:00,1412,2239
summary,2023-07-19,MSFT,,,,,,,0.00,,0,,,,,,,,,,0.9156,2023-07-18T15:41:00+00:00,1114,1960
summary,2023-07-20,SPY,,,,,,,0.00,,0,,,,,,,,,,0.6150,2023-07-17T14:49:00+00:00,1710,2766
summary,2023-07-20,QQQ,,,,,,,0.00,,0,,,,,,,,,,0.5728,2023-07-17T19:18:00+00:00,1537,2927
summary,2023-07-20,AAPL,,,,,,,0.00,,0,,,,,,,,,,0.7851,2023-07-17T13:38:00+00:00,1497,2601
trade,2023-07-20,NVDA,Long,2023-07-20T13:48:00+00:00,2023-07-20T14:31:00+00:00,469.2657,456.8529,0.49,-6.03,-0.026452,2580000,HardStop,0.4778,0.0000,0.6188,0.5836,0.2191,-0.5715,-0.9012,-0.1676,,,
summary,2023-07-20,NVDA,,,,,,,-6.03,,1,,,,,,,,,,0.9136,2023-07-17T14:13:00+00:00,1560,2848
trade,2023-07-20,MSFT,Long,2023-07-20T13:41:00+00:00,2023-07-20T14:57:00+00:00,357.1321,349.4348,0.84,-6.47,-0.021553,4560000,MaxHoldTimeout,0.4212,0.0000,0.4961,0.5094,0.2198,-0.2214,-0.2374,-0.3088,,,
summary,2023-07-20,MSFT,,,,,,,-6.47,,1,,,,,,,,,,0.9163,2023-07-18T15:41:00+00:00,1138,2562
summary,2023-07-21,SPY,,,,,,,0.00,,0,,,,,,,,,,0.8174,2023-07-18T15:04:00+00:00,1418,2758
summary,2023-07-21,QQQ,,,,,,,0.00,,0,,,,,,,,,,0.7658,2023-07-18T14:49:00+00:00,1056,2968
summary,2023-07-21,AAPL,,,,,,,0.00,,0,,,,,,,,,,0.6519,2023-07-18T15:04:00+00:00,941,2663
summary,2023-07-21,NVDA,,,,,,,0.00,,0,,,,,,,,,,0.8016,2023-07-18T16:30:00+00:00,1039,2865
summary,2023-07-21,MSFT,,,,,,,0.00,,0,,,,,,,,,,0.9244,2023-07-18T15:41:00+00:00,755,2657
summary,2023-07-24,SPY,,,,,,,0.00,,0,,,,,,,,,,0.3616,2023-07-21T17:39:00+00:00,546,1103
summary,2023-07-24,QQQ,,,,,,,0.00,,0,,,,,,,,,,0.3807,2023-07-21T17:58:00+00:00,343,1192
summary,2023-07-24,AAPL,,,,,,,0.00,,0,,,,,,,,,,0.5056,2023-07-24T13:35:00+00:00,318,1093
summary,2023-07-24,NVDA,,,,,,,0.00,,0,,,,,,,,,,0.7619,2023-07-21T17:58:00+00:00,423,1196
summary,2023-07-24,MSFT,,,,,,,0.00,,0,,,,,,,,,,0.9325,2023-07-21T13:45:00+00:00,362,1094
summary,2023-07-25,SPY,,,,,,,0.00,,0,,,,,,,,,,0.7012,2023-07-24T09:17:00+00:00,841,1331
trade,2023-07-25,QQQ,Long,2023-07-25T13:46:00+00:00,2023-07-25T14:48:00+00:00,378.4285,377.5617,0.79,-0.69,-0.002291,3720000,ScoreExit,0.4120,-0.0596,0.5579,0.3735,0.4401,-0.4443,-0.1739,0.2973,,,
summary,2023-07-25,QQQ,,,,,,,-0.69,,1,,,,,,,,,,0.6041,2023-07-24T09:18:00+00:00,893,1455
trade,2023-07-25,AAPL,Long,2023-07-25T13:56:00+00:00,2023-07-25T14:26:00+00:00,193.9265,193.4419,1.55,-0.75,-0.002498,1800000,ScoreExit,0.3684,-0.1092,0.5254,0.3467,0.3594,-0.5375,-0.1931,0.2016,,,
summary,2023-07-25,AAPL,,,,,,,-0.75,,1,,,,,,,,,,0.6162,2023-07-24T13:35:00+00:00,526,1254
trade,2023-07-25,NVDA,Long,2023-07-25T13:31:00+00:00,2023-07-25T14:51:00+00:00,451.6404,456.2281,0.67,3.05,0.010158,4800000,ScoreExit,0.6409,-0.0543,0.5263,0.5605,0.8399,-0.5744,-0.3373,0.6851,,,
summary,2023-07-25,NVDA,,,,,,,3.05,,1,,,,,,,,,,0.9499,2023-07-24T09:22:00+00:00,918,1351
summary,2023-07-25,MSFT,,,,,,,0.00,,0,,,,,,,,,,0.5212,2023-07-24T18:01:00+00:00,828,1334
summary,2023-07-26,SPY,,,,,,,0.00,,0,,,,,,,,,,0.7012,2023-07-24T09:17:00+00:00,1070,2149
summary,2023-07-26,QQQ,,,,,,,0.00,,0,,,,,,,,,,0.6041,2023-07-24T09:18:00+00:00,1287,2295
trade,2023-07-26,AAPL,Long,2023-07-26T14:42:00+00:00,2023-07-26T15:08:00+00:00,194.4083,194.1266,1.54,-0.43,-0.001449,1560000,ScoreExit,0.3528,-0.0709,0.5162,0.3841,0.2358,-0.5443,-0.1492,0.2435,,,
summary,2023-07-26,AAPL,,,,,,,-0.43,,1,,,,,,,,,,0.6162,2023-07-24T13:35:00+00:00,952,1975
summary,2023-07-26,NVDA,,,,,,,0.00,,0,,,,,,,,,,0.9499,2023-07-24T09:22:00+00:00,1388,2141
summary,2023-07-26,MSFT,,,,,,,0.00,,0,,,,,,,,,,0.5212,2023-07-24T18:01:00+00:00,954,2249
summary,2023-07-27,SPY,,,,,,,0.00,,0,,,,,,,,,,0.4961,2023-07-24T14:58:00+00:00,1420,2757
trade,2023-07-27,QQQ,Long,2023-07-27T13:41:00+00:00,2023-07-27T14:06:00+00:00,384.1702,383.5999,0.78,-0.45,-0.001485,1500000,ScoreExit,0.4082,-0.0816,0.4828,0.4009,0.3979,-0.4807,-0.1864,0.2609,,,
summary,2023-07-27,QQQ,,,,,,,-0.45,,1,,,,,,,,,,0.5130,2023-07-27T08:11:00+00:00,1770,2914
trade,2023-07-27,AAPL,Long,2023-07-27T13:32:00+00:00,2023-07-27T14:11:00+00:00,196.2138,196.3889,1.53,0.27,0.000892,2340000,ScoreExit,0.3787,-0.0800,0.4268,0.3621,0.3958,-0.5166,-0.1691,0.2439,,,
summary,2023-07-27,AAPL,,,,,,,0.27,,1,,,,,,,,,,0.7045,2023-07-24T13:37:00+00:00,1362,2563
trade,2023-07-27,NVDA,Long,2023-07-27T13:33:00+00:00,2023-07-27T14:26:00+00:00,466.4849,465.4953,0.64,-0.64,-0.002121,3180000,ScoreExit,0.4039,-0.2046,0.5446,0.3228,0.5192,-0.4825,-0.4664,0.4116,,,
summary,2023-07-27,NVDA,,,,,,,-0.64,,1,,,,,,,,,,0.8900,2023-07-24T14:24:00+00:00,1767,2737
summary,2023-07-27,MSFT,,,,,,,0.00,,0,,,,,,,,,,0.8611,2023-07-24T14:32:00+00:00,907,2864
summary,2023-07-28,SPY,,,,,,,0.00,,0,,,,,,,,,,0.4782,2023-07-27T08:19:00+00:00,1431,2828
summary,2023-07-28,QQQ,,,,,,,0.00,,0,,,,,,,,,,0.5571,2023-07-27T08:11:00+00:00,1576,2953
trade,2023-07-28,AAPL,Long,2023-07-28T13:51:00+00:00,2023-07-28T14:52:00+00:00,195.9238,195.5913,1.53,-0.51,-0.001697,3660000,ScoreExit,0.3555,-0.0902,0.5661,0.3640,0.2682,-0.2982,-0.2304,0.2593,,,
summary,2023-07-28,AAPL,,,,,,,-0.51,,1,,,,,,,,,,0.5100,2023-07-25T14:01:00+00:00,1464,2598
summary,2023-07-28,NVDA,,,,,,,0.00,,0,,,,,,,,,,1.0000,2023-07-25T13:34:00+00:00,1838,2826
summary,2023-07-28,MSFT,,,,,,,0.00,,0,,,,,,,,,,0.8861,2023-07-25T13:46:00+00:00,960,2858
summary,2023-07-31,SPY,,,,,,,0.00,,0,,,,,,,,,,0.4415,2023-07-28T15:42:00+00:00,702,1139
summary,2023-07-31,QQQ,,,,,,,0.00,,0,,,,,,,,,,0.6730,2023-07-28T15:54:00+00:00,790,1179
summary,2023-07-31,AAPL,,,,,,,0.00,,0,,,,,,,,,,0.6569,2023-07-28T13:52:00+00:00,691,1138
summary,2023-07-31,NVDA,,,,,,,0.00,,0,,,,,,,,,,0.9101,2023-07-28T14:04:00+00:00,669,1137
summary,2023-07-31,MSFT,,,,,,,0.00,,0,,,,,,,,,,0.8955,2023-07-28T13:50:00+00:00,507,1046
summary,2023-08-01,SPY,,,,,,,0.00,,0,,,,,,,,,,0.4671,2023-07-31T09:17:00+00:00,655,1408
summary,2023-08-01,QQQ,,,,,,,0.00,,0,,,,,,,,,,0.3479,2023-07-31T12:54:00+00:00,613,1482
trade,2023-08-01,AAPL,Long,2023-08-01T13:40:00+00:00,2023-08-01T14:06:00+00:00,196.6140,196.3947,1.53,-0.33,-0.001115,1560000,ScoreExit,0.3503,-0.0671,0.5459,0.3582,0.2693,-0.0314,-0.1929,0.1727,,,
summary,2023-08-01,AAPL,,,,,,,-0.33,,1,,,,,,,,,,0.4673,2023-07-31T11:09:00+00:00,757,1300
trade,2023-08-01,NVDA,Long,2023-08-01T14:46:00+00:00,2023-08-01T15:48:00+00:00,464.8044,465.6134,0.65,0.52,0.001740,3720000,ScoreExit,0.4373,-0.0708,0.4546,0.5224,0.2616,-0.5710,-0.1303,0.2148,,,
summary,2023-08-01,NVDA,,,,,,,0.52,,1,,,,,,,,,,0.6387,2023-08-01T14:56:00+00:00,561,1274
trade,2023-08-01,MSFT,Long,2023-08-01T14:36:00+00:00,2023-08-01T15:56:00+00:00,336.4559,337.7736,0.89,1.18,0.003917,4800000,SessionClose,0.4003,0.3356,0.3551,0.4040,0.4081,0.5233,0.2196,0.5050,,,
summary,2023-08-01,MSFT,,,,,,,1.18,,1,,,,,,,,,,0.4961,2023-08-01T14:49:00+00:00,557,1160
summary,2023-08-02,SPY,,,,,,,0.00,,0,,,,,,,,,,0.4671,2023-07-31T09:17:00+00:00,655,2314
summary,2023-08-02,QQQ,,,,,,,0.00,,0,,,,,,,,,,0.3479,2023-07-31T12:54:00+00:00,632,2406
summary,2023-08-02,AAPL,,,,,,,0.00,,0,,,,,,,,,,0.4673,2023-07-31T11:09:00+00:00,757,2152
summary,2023-08-02,NVDA,,,,,,,0.00,,0,,,,,,,,,,0.6387,2023-08-01T14:56:00+00:00,602,2135
summary,2023-08-02,MSFT,,,,,,,0.00,,0,,,,,,,,,,0.4961,2023-08-01T14:49:00+00:00,557,1884
summary,2023-08-03,SPY,,,,,,,0.00,,0,,,,,,,,,,0.3829,2023-07-31T20:00:00+00:00,417,2948
summary,2023-08-03,QQQ,,,,,,,0.00,,0,,,,,,,,,,0.4997,2023-07-31T15:04:00+00:00,419,3044
summary,2023-08-03,AAPL,,,,,,,0.00,,0,,,,,,,,,,0.7949,2023-07-31T15:04:00+00:00,600,2778
trade,2023-08-03,NVDA,Long,2023-08-03T13:36:00+00:00,2023-08-03T14:26:00+00:00,442.8528,443.6250,0.67,0.52,0.001744,3000000,ScoreExit,0.5541,-0.1325,0.6621,0.7765,0.0733,-0.5703,-0.1667,0.0817,,,
summary,2023-08-03,NVDA,,,,,,,0.52,,1,,,,,,,,,,0.8604,2023-07-31T13:43:00+00:00,550,2792
summary,2023-08-03,MSFT,,,,,,,0.00,,0,,,,,,,,,,0.6569,2023-07-31T15:03:00+00:00,497,2432
summary,2023-08-04,SPY,,,,,,,0.00,,0,,,,,,,,,,0.3374,2023-08-01T13:37:00+00:00,380,3000
summary,2023-08-04,QQQ,,,,,,,0.00,,0,,,,,,,,,,0.7843,2023-08-01T14:53:00+00:00,511,3090
summary,2023-08-04,AAPL,,,,,,,0.00,,0,,,,,,,,,,0.5017,2023-08-01T13:39:00+00:00,126,2978
trade,2023-08-04,NVDA,Long,2023-08-04T13:31:00+00:00,2023-08-04T13:53:00+00:00,452.9138,449.6914,0.66,-2.14,-0.007115,1320000,ScoreExit,0.5380,-0.1346,0.6273,0.7114,0.1613,-0.3604,-0.1793,0.0301,,,
summary,2023-08-04,NVDA,,,,,,,-2.14,,1,,,,,,,,,,0.9632,2023-08-01T14:55:00+00:00,847,2901
trade,2023-08-04,MSFT,Long,2023-08-04T13:31:00+00:00,2023-08-04T13:51:00+00:00,332.5447,332.1453,0.90,-0.36,-0.001201,1200000,ScoreExit,0.4577,-0.1086,0.5541,0.5348,0.2712,-0.4094,-0.2357,0.2459,,,
summary,2023-08-04,MSFT,,,,,,,-0.36,,1,,,,,,,,,,0.9569,2023-08-01T14:41:00+00:00,603,2547
summary,2023-08-07,SPY,,,,,,,0.00,,0,,,,,,,,,,0.5249,2023-08-04T14:56:00+00:00,556,1184
summary,2023-08-07,QQQ,,,,,,,0.00,,0,,,,,,,,,,0.7447,2023-08-04T15:03:00+00:00,513,1191
summary,2023-08-07,AAPL,,,,,,,0.00,,0,,,,,,,,,,1.0000,2023-08-04T13:35:00+00:00,66,1275
trade,2023-08-07,NVDA,Long,2023-08-07T13:31:00+00:00,2023-08-07T13:49:00+00:00,453.4510,451.0446,0.66,-1.59,-0.005307,1080000,ScoreExit,0.5062,-0.0717,0.5426,0.4272,0.6519,-0.6392,-0.2184,0.4108,,,
trade,2023-08-07,NVDA,Long,2023-08-07T13:54:00+00:00,2023-08-07T14:58:00+00:00,453.6465,451.9045,0.61,-1.07,-0.003840,3840000,ScoreExit,0.4052,-0.0565,0.4944,0.2671,0.6519,-0.5578,-0.2377,0.4729,,,
summary,2023-08-07,NVDA,,,,,,,-2.66,,2,,,,,,,,,,0.8849,2023-08-04T13:37:00+00:00,581,1137
summary,2023-08-07,MSFT,,,,,,,0.00,,0,,,,,,,,,,1.0000,2023-08-04T13:36:00+00:00,314,973
summary,2023-08-08,SPY,,,,,,,0.00,,0,,,,,,,,,,0.3949,2023-08-07T17:59:00+00:00,602,1471
summary,2023-08-08,QQQ,,,,,,,0.00,,0,,,,,,,,,,0.4120,2023-08-07T19:57:00+00:00,636,1498
summary,2023-08-08,AAPL,,,,,,,0.00,,0,,,,,,,,,,0.4025,2023-08-08T19:24:00+00:00,605,1491
summary,2023-08-08,NVDA,,,,,,,0.00,,0,,,,,,,,,,0.8086,2023-08-07T09:32:00+00:00,434,1338
summary,2023-08-08,MSFT,,,,,,,0.00,,0,,,,,,,,,,0.4939,2023-08-07T13:54:00+00:00,266,1071
summary,2023-08-09,SPY,,,,,,,0.00,,0,,,,,,,,,,0.3949,2023-08-07T17:59:00+00:00,894,2235
summary,2023-08-09,QQQ,,,,,,,0.00,,0,,,,,,,,,,0.4120,2023-08-07T19:57:00+00:00,843,2318
summary,2023-08-09,AAPL,,,,,,,0.00,,0,,,,,,,,,,0.4364,2023-08-09T08:27:00+00:00,997,2292
summary,2023-08-09,NVDA,,,,,,,0.00,,0,,,,,,,,,,0.8086,2023-08-07T09:32:00+00:00,462,2118
summary,2023-08-09,MSFT,,,,,,,0.00,,0,,,,,,,,,,0.4939,2023-08-07T13:54:00+00:00,286,1662
trade,2023-08-10,SPY,Long,2023-08-10T13:55:00+00:00,2023-08-10T14:37:00+00:00,450.8102,450.6198,0.67,-0.13,-0.000422,2520000,ScoreExit,0.4019,-0.0661,0.5536,0.4251,0.3049,-0.4065,-0.1665,0.2480,,,
summary,2023-08-10,SPY,,,,,,,-0.13,,1,,,,,,,,,,0.4280,2023-08-07T20:04:00+00:00,1117,2819
trade,2023-08-10,QQQ,Long,2023-08-10T13:48:00+00:00,2023-08-10T14:37:00+00:00,372.9869,373.2030,0.80,0.17,0.000579,2940000,ScoreExit,0.4009,-0.0648,0.5783,0.3909,0.3617,-0.3131,-0.1896,0.2678,,,
summary,2023-08-10,QQQ,,,,,,,0.17,,1,,,,,,,,,,0.5596,2023-08-07T19:57:00+00:00,1038,2919
trade,2023-08-10,AAPL,Long,2023-08-10T13:53:00+00:00,2023-08-10T14:38:00+00:00,180.0390,179.9810,1.67,-0.10,-0.000322,2700000,ScoreExit,0.3620,-0.0835,0.5061,0.3588,0.3204,-0.4004,-0.1867,0.2286,,,
summary,2023-08-10,AAPL,,,,,,,-0.10,,1,,,,,,,,,,0.4923,2023-08-09T08:27:00+00:00,1189,2826
trade,2023-08-10,NVDA,Long,2023-08-10T13:32:00+00:00,2023-08-10T15:03:00+00:00,425.8658,425.4673,0.47,-0.19,-0.000936,5460000,MaxHoldTimeout,0.4244,0.0000,0.6771,0.5495,0.0897,-0.5891,-0.6303,-0.3494,,,
summary,2023-08-10,NVDA,,,,,,,-0.19,,1,,,,,,,,,,0.7488,2023-08-07T14:26:00+00:00,392,2771
summary,2023-08-10,MSFT,,,,,,,0.00,,0,,,,,,,,,,0.6579,2023-08-07T13:54:00+00:00,418,2195
summary,2023-08-11,SPY,,,,,,,0.00,,0,,,,,,,,,,0.5249,2023-08-08T19:42:00+00:00,1049,2782
summary,2023-08-11,QQQ,,,,,,,0.00,,0,,,,,,,,,,0.5288,2023-08-08T19:45:00+00:00,902,2925
summary,2023-08-11,AAPL,,,,,,,0.00,,0,,,,,,,,,,0.6104,2023-08-08T14:29:00+00:00,1072,2740
summary,2023-08-11,NVDA,,,,,,,0.00,,0,,,,,,,,,,0.7897,2023-08-08T13:34:00+00:00,258,2772
summary,2023-08-11,MSFT,,,,,,,0.00,,0,,,,,,,,,,0.7270,2023-08-08T13:41:00+00:00,559,2222
trade,2023-08-14,SPY,Long,2023-08-14T14:38:00+00:00,2023-08-14T15:56:00+00:00,446.9841,447.3527,0.67,0.25,0.000825,4680000,SessionClose,0.4051,0.0538,0.5495,0.4233,0.3205,0.0781,-0.1204,0.3942,,,
summary,2023-08-14,SPY,,,,,,,0.25,,1,,,,,,,,,,0.7376,2023-08-11T14:40:00+00:00,686,1154
trade,2023-08-14,QQQ,Long,2023-08-14T14:05:00+00:00,2023-08-14T15:56:00+00:00,367.1051,369.2351,0.82,1.74,0.005802,6660000,SessionClose,0.4022,0.0310,0.5495,0.4156,0.3262,-0.2092,-0.1566,0.4861,,,
summary,2023-08-14,QQQ,,,,,,,1.74,,1,,,,,,,,,,0.7716,2023-08-11T14:21:00+00:00,698,1169
trade,2023-08-14,AAPL,Long,2023-08-14T13:35:00+00:00,2023-08-14T15:36:00+00:00,178.3185,179.1012,1.68,1.32,0.004389,7260000,MaxHoldTimeout,0.3605,0.0859,0.5607,0.3698,0.2751,-0.3613,-0.0437,0.4942,,,
summary,2023-08-14,AAPL,,,,,,,1.32,,1,,,,,,,,,,0.9200,2023-08-11T14:40:00+00:00,655,1138
trade,2023-08-14,NVDA,Long,2023-08-14T13:41:00+00:00,2023-08-14T15:42:00+00:00,410.5481,428.4667,0.61,10.95,0.043646,7260000,MaxHoldTimeout,0.5573,0.4828,0.7137,0.6467,0.3262,0.3434,0.2571,0.9809,,,
summary,2023-08-14,NVDA,,,,,,,10.95,,1,,,,,,,,,,0.9376,2023-08-14T14:14:00+00:00,402,1210
trade,2023-08-14,MSFT,Long,2023-08-14T14:14:00+00:00,2023-08-14T15:56:00+00:00,322.2316,323.2780,0.93,0.97,0.003247,6120000,SessionClose,0.4062,0.0667,0.5771,0.3641,0.4336,-0.2593,-0.0813,0.4714,,,
summary,2023-08-14,MSFT,,,,,,,0.97,,1,,,,,,,,,,0.8977,2023-08-11T14:16:00+00:00,602,955
summary,2023-08-15,SPY,,,,,,,0.00,,0,,,,,,,,,,0.5539,2023-08-14T14:53:00+00:00,569,1483
summary,2023-08-15,QQQ,,,,,,,0.00,,0,,,,,,,,,,0.6559,2023-08-14T14:51:00+00:00,886,1553
summary,2023-08-15,AAPL,,,,,,,0.00,,0,,,,,,,,,,0.6172,2023-08-14T14:51:00+00:00,776,1395
trade,2023-08-15,NVDA,Long,2023-08-15T13:33:00+00:00,2023-08-15T13:45:00+00:00,446.6339,444.8815,0.56,-0.97,-0.003924,720000,ScoreExit,0.4821,-0.0585,0.4676,0.4780,0.4950,-0.6248,-0.2409,0.4950,,,
summary,2023-08-15,NVDA,,,,,,,-0.97,,1,,,,,,,,,,0.9376,2023-08-14T14:14:00+00:00,1149,1552
trade,2023-08-15,MSFT,Long,2023-08-15T13:33:00+00:00,2023-08-15T14:01:00+00:00,323.8321,323.3780,0.93,-0.42,-0.001402,1680000,ScoreExit,0.4034,-0.1410,0.4438,0.4368,0.3231,-0.4922,-0.2435,0.1811,,,
summary,2023-08-15,MSFT,,,,,,,-0.42,,1,,,,,,,,,,0.6549,2023-08-14T14:54:00+00:00,603,1080
summary,2023-08-16,SPY,,,,,,,0.00,,0,,,,,,,,,,0.5539,2023-08-14T14:53:00+00:00,569,2318
summary,2023-08-16,QQQ,,,,,,,0.00,,0,,,,,,,,,,0.6559,2023-08-14T14:51:00+00:00,886,2385
summary,2023-08-16,AAPL,,,,,,,0.00,,0,,,,,,,,,,0.6172,2023-08-14T14:51:00+00:00,801,2139
summary,2023-08-16,NVDA,,,,,,,0.00,,0,,,,,,,,,,0.9376,2023-08-14T14:14:00+00:00,1648,2398
trade,2023-08-16,MSFT,Long,2023-08-16T14:19:00+00:00,2023-08-16T14:48:00+00:00,323.5970,322.6382,0.93,-0.89,-0.002963,1740000,ScoreExit,0.4001,-0.0860,0.5560,0.4903,0.1678,-0.3516,-0.1322,0.0950,,,
summary,2023-08-16,MSFT,,,,,,,-0.89,,1,,,,,,,,,,0.6549,2023-08-14T14:54:00+00:00,724,1638
summary,2023-08-17,SPY,,,,,,,0.00,,0,,,,,,,,,,0.8891,2023-08-14T14:53:00+00:00,532,2908
summary,2023-08-17,QQQ,,,,,,,0.00,,0,,,,,,,,,,0.9561,2023-08-14T14:51:00+00:00,896,2987
summary,2023-08-17,AAPL,,,,,,,0.00,,0,,,,,,,,,,0.9559,2023-08-14T14:51:00+00:00,665,2677
summary,2023-08-17,NVDA,,,,,,,0.00,,0,,,,,,,,,,1.0000,2023-08-14T13:33:00+00:00,1854,2969
summary,2023-08-17,MSFT,,,,,,,0.00,,0,,,,,,,,,,0.9600,2023-08-14T14:54:00+00:00,671,2132
summary,2023-08-18,SPY,,,,,,,0.00,,0,,,,,,,,,,0.3404,2023-08-16T13:49:00+00:00,185,2902
summary,2023-08-18,QQQ,,,,,,,0.00,,0,,,,,,,,,,0.4841,2023-08-15T13:39:00+00:00,183,3001
summary,2023-08-18,AAPL,,,,,,,0.00,,0,,,,,,,,,,0.3996,2023-08-16T14:18:00+00:00,287,2731
summary,2023-08-18,NVDA,,,,,,,0.00,,0,,,,,,,,,,1.0000,2023-08-15T13:33:00+00:00,666,2877
summary,2023-08-18,MSFT,,,,,,,0.00,,0,,,,,,,,,,0.6788,2023-08-15T15:59:00+00:00,370,2196
summary,2023-08-21,SPY,,,,,,,0.00,,0,,,,,,,,,,0.8069,2023-08-18T15:04:00+00:00,871,1205
trade,2023-08-21,QQQ,Long,2023-08-21T13:36:00+00:00,2023-08-21T14:26:00+00:00,360.9933,360.2869,0.83,-0.59,-0.001957,3000000,ScoreExit,0.4395,-0.0895,0.5641,0.3877,0.5017,-0.5868,-0.2661,0.4293,,,
summary,2023-08-21,QQQ,,,,,,,-0.59,,1,,,,,,,,,,0.7092,2023-08-18T15:04:00+00:00,1009,1242
trade,2023-08-21,AAPL,Long,2023-08-21T14:00:00+00:00,2023-08-21T14:11:00+00:00,175.4576,175.0334,1.71,-0.73,-0.002418,660000,ScoreExit,0.3508,-0.0703,0.5804,0.2635,0.4488,-0.5244,-0.2102,0.3608,,,
summary,2023-08-21,AAPL,,,,,,,-0.73,,1,,,,,,,,,,0.9027,2023-08-18T15:00:00+00:00,945,1141
summary,2023-08-21,NVDA,,,,,,,0.00,,0,,,,,,,,,,0.8199,2023-08-21T13:59:00+00:00,1172,1262
trade,2023-08-21,MSFT,Long,2023-08-21T13:36:00+00:00,2023-08-21T14:27:00+00:00,318.6706,318.0153,0.94,-0.62,-0.002056,3060000,ScoreExit,0.4497,-0.0507,0.5257,0.3923,0.5390,-0.5717,-0.2348,0.4913,,,
summary,2023-08-21,MSFT,,,,,,,-0.62,,1,,,,,,,,,,0.8905,2023-08-18T15:00:00+00:00,813,961
summary,2023-08-22,SPY,,,,,,,0.00,,0,,,,,,,,,,0.7406,2023-08-21T09:25:00+00:00,814,1483
summary,2023-08-22,QQQ,,,,,,,0.00,,0,,,,,,,,,,0.7486,2023-08-21T09:14:00+00:00,989,1570
trade,2023-08-22,AAPL,Long,2023-08-22T14:12:00+00:00,2023-08-22T15:41:00+00:00,176.8580,176.8569,1.70,-0.00,-0.000006,5340000,ScoreExit,0.3623,-0.0679,0.5020,0.2857,0.4689,-0.5304,-0.2239,0.3983,,,
summary,2023-08-22,AAPL,,,,,,,-0.00,,1,,,,,,,,,,0.5673,2023-08-21T17:44:00+00:00,972,1415
summary,2023-08-22,NVDA,,,,,,,0.00,,0,,,,,,,,,,0.9249,2023-08-21T09:16:00+00:00,1104,1584
summary,2023-08-22,MSFT,,,,,,,0.00,,0,,,,,,,,,,0.6744,2023-08-21T14:04:00+00:00,746,1150
summary,2023-08-23,SPY,,,,,,,0.00,,0,,,,,,,,,,0.7406,2023-08-21T09:25:00+00:00,1279,2290
trade,2023-08-23,QQQ,Long,2023-08-23T13:56:00+00:00,2023-08-23T15:56:00+00:00,366.2849,368.9943,0.82,2.22,0.007397,7200000,SessionClose,0.4078,0.2518,0.5425,0.4549,0.2687,0.5476,0.1386,0.3797,,,
summary,2023-08-23,QQQ,,,,,,,2.22,,1,,,,,,,,,,0.7486,2023-08-21T09:14:00+00:00,1544,2387
summary,2023-08-23,AAPL,,,,,,,0.00,,0,,,,,,,,,,0.5673,2023-08-21T17:44:00+00:00,1511,2129
trade,2023-08-23,NVDA,Long,2023-08-23T14:04:00+00:00,2023-08-23T15:41:00+00:00,460.6430,465.8339,0.36,1.85,0.011269,5820000,ScoreExit,0.4474,-0.0533,0.5414,0.5089,0.2930,-0.0740,-0.3132,0.4735,,,
summary,2023-08-23,NVDA,,,,,,,1.85,,1,,,,,,,,,,0.9249,2023-08-21T09:16:00+00:00,1497,2464
trade,2023-08-23,MSFT,Long,2023-08-23T13:56:00+00:00,2023-08-23T15:41:00+00:00,326.0928,327.7465,0.92,1.52,0.005071,6300000,ScoreExit,0.4262,-0.0807,0.5711,0.4530,0.3244,-0.4916,-0.2471,0.3891,,,
summary,2023-08-23,MSFT,,,,,,,1.52,,1,,,,,,,,,,0.6744,2023-08-21T14:04:00+00:00,1183,1719
summary,2023-08-24,SPY,,,,,,,0.00,,0,,,,,,,,,,0.5344,2023-08-21T19:23:00+00:00,1655,2907
summary,2023-08-24,QQQ,,,,,,,0.00,,0,,,,,,,,,,0.7035,2023-08-21T14:06:00+00:00,1897,3008
summary,2023-08-24,AAPL,,,,,,,0.00,,0,,,,,,,,,,0.6272,2023-08-21T13:37:00+00:00,1854,2777
summary,2023-08-24,NVDA,,,,,,,0.00,,0,,,,,,,,,,1.0000,2023-08-21T13:33:00+00:00,1852,3143
summary,2023-08-24,MSFT,,,,,,,0.00,,0,,,,,,,,,,0.8950,2023-08-21T14:05:00+00:00,1421,2367
summary,2023-08-25,SPY,,,,,,,0.00,,0,,,,,,,,,,0.4621,2023-08-23T20:41:00+00:00,1059,2916
summary,2023-08-25,QQQ,,,,,,,0.00,,0,,,,,,,,,,0.5382,2023-08-23T20:23:00+00:00,1061,3008
summary,2023-08-25,AAPL,,,,,,,0.00,,0,,,,,,,,,,0.8071,2023-08-22T15:01:00+00:00,1275,2743
summary,2023-08-25,NVDA,,,,,,,0.00,,0,,,,,,,,,,0.9360,2023-08-23T20:23:00+00:00,1042,3133
summary,2023-08-25,MSFT,,,,,,,0.00,,0,,,,,,,,,,0.7632,2023-08-23T20:28:00+00:00,784,2331
summary,2023-08-28,SPY,,,,,,,0.00,,0,,,,,,,,,,0.7487,2023-08-25T14:16:00+00:00,801,1109
summary,2023-08-28,QQQ,,,,,,,0.00,,0,,,,,,,,,,0.9066,2023-08-25T14:15:00+00:00,847,1188
summary,2023-08-28,AAPL,,,,,,,0.00,,0,,,,,,,,,,0.8390,2023-08-25T14:16:00+00:00,786,1068
summary,2023-08-28,NVDA,,,,,,,0.00,,0,,,,,,,,,,1.0000,2023-08-25T13:40:00+00:00,490,1231
summary,2023-08-28,MSFT,,,,,,,0.00,,0,,,,,,,,,,0.8998,2023-08-25T14:15:00+00:00,492,917
trade,2023-08-29,SPY,Long,2023-08-29T13:46:00+00:00,2023-08-29T15:47:00+00:00,444.1982,447.6407,0.68,2.33,0.007750,7260000,MaxHoldTimeout,0.4227,0.2760,0.5775,0.4094,0.3979,0.1952,0.1519,0.5511,,,
summary,2023-08-29,SPY,,,,,,,2.33,,1,,,,,,,,,,0.4935,2023-08-29T14:31:00+00:00,943,1353
trade,2023-08-29,QQQ,Long,2023-08-29T13:35:00+00:00,2023-08-29T15:36:00+00:00,367.5452,373.6129,0.82,4.96,0.016509,7260000,MaxHoldTimeout,0.4098,0.4156,0.5597,0.3750,0.4293,0.5567,0.2681,0.6635,,,
summary,2023-08-29,QQQ,,,,,,,4.96,,1,,,,,,,,,,0.6015,2023-08-29T14:15:00+00:00,1000,1432
trade,2023-08-29,AAPL,Long,2023-08-29T13:46:00+00:00,2023-08-29T15:47:00+00:00,180.8472,183.4450,1.66,4.31,0.014365,7260000,MaxHoldTimeout,0.4385,0.3286,0.5841,0.4072,0.4526,0.4256,0.1520,0.6496,,,
summary,2023-08-29,AAPL,,,,,,,4.31,,1,,,,,,,,,,0.5910,2023-08-28T17:05:00+00:00,916,1270
summary,2023-08-29,NVDA,,,,,,,0.00,,0,,,,,,,,,,0.8907,2023-08-29T14:23:00+00:00,1063,1419
trade,2023-08-29,MSFT,Long,2023-08-29T14:01:00+00:00,2023-08-29T15:56:00+00:00,324.4873,328.2265,0.92,3.46,0.011523,6900000,SessionClose,0.5110,0.0372,0.5846,0.4947,0.5192,-0.5170,-0.1536,0.6035,,,
summary,2023-08-29,MSFT,,,,,,,3.46,,1,,,,,,,,,,0.6065,2023-08-29T14:33:00+00:00,586,983
summary,2023-08-30,SPY,,,,,,,0.00,,0,,,,,,,,,,0.4935,2023-08-29T14:31:00+00:00,1536,2140
trade,2023-08-30,QQQ,Long,2023-08-30T14:11:00+00:00,2023-08-30T14:21:00+00:00,376.7380,375.3524,0.80,-1.10,-0.003678,600000,ScoreExit,0.4144,-0.1124,0.4723,0.4415,0.3408,-0.5705,-0.2627,0.3408,,,
summary,2023-08-30,QQQ,,,,,,,-1.10,,1,,,,,,,,,,0.6015,2023-08-29T14:15:00+00:00,1692,2307
trade,2023-08-30,AAPL,Long,2023-08-30T13:31:00+00:00,2023-08-30T15:32:00+00:00,185.3606,186.6290,1.62,2.06,0.006843,7260000,MaxHoldTimeout,0.4147,0.3328,0.5595,0.3415,0.5131,0.2781,0.2282,0.5600,,,
summary,2023-08-30,AAPL,,,,,,,2.06,,1,,,,,,,,,,0.5910,2023-08-28T17:05:00+00:00,1622,2069
trade,2023-08-30,NVDA,Long,2023-08-30T14:11:00+00:00,2023-08-30T14:21:00+00:00,492.0276,489.0181,0.38,-1.13,-0.006116,600000,ScoreExit,0.4939,-0.0808,0.2102,0.4781,0.6200,-0.6440,-0.3373,0.6200,,,
trade,2023-08-30,NVDA,Long,2023-08-30T14:31:00+00:00,2023-08-30T15:56:00+00:00,489.7869,494.7721,0.33,1.65,0.010178,5100000,SessionClose,0.4030,0.1308,0.3892,0.2968,0.6200,0.0368,-0.0980,0.6198,,,
summary,2023-08-30,NVDA,,,,,,,0.52,,2,,,,,,,,,,0.8907,2023-08-29T14:23:00+00:00,1723,2254
summary,2023-08-30,MSFT,,,,,,,0.00,,0,,,,,,,,,,0.6065,2023-08-29T14:33:00+00:00,1034,1560
summary,2023-08-31,SPY,,,,,,,0.00,,0,,,,,,,,,,0.4904,2023-08-29T14:31:00+00:00,1831,2690
trade,2023-08-31,QQQ,Long,2023-08-31T14:14:00+00:00,2023-08-31T15:21:00+00:00,379.1037,378.5014,0.79,-0.48,-0.001589,4020000,ScoreExit,0.4046,-0.1361,0.5426,0.4238,0.3202,-0.5041,-0.2965,0.3074,,,
summary,2023-08-31,QQQ,,,,,,,-0.48,,1,,,,,,,,,,0.5851,2023-08-29T14:15:00+00:00,2082,2852
trade,2023-08-31,AAPL,Long,2023-08-31T14:16:00+00:00,2023-08-31T15:24:00+00:00,188.2515,188.1485,1.60,-0.16,-0.000547,4080000,ScoreExit,0.3543,-0.0542,0.4985,0.3140,0.3869,-0.5172,-0.1839,0.3596,,,
summary,2023-08-31,AAPL,,,,,,,-0.16,,1,,,,,,,,,,0.5939,2023-08-28T17:05:00+00:00,2143,2678
trade,2023-08-31,NVDA,Long,2023-08-31T13:56:00+00:00,2023-08-31T14:46:00+00:00,494.8717,495.1559,0.43,0.12,0.000574,3000000,ScoreExit,0.4171,-0.1007,0.0165,0.4940,0.3968,-0.4324,-0.2544,0.3172,,,
summary,2023-08-31,NVDA,,,,,,,0.12,,1,,,,,,,,,,0.9004,2023-08-29T14:23:00+00:00,2342,2836
summary,2023-08-31,MSFT,,,,,,,0.00,,0,,,,,,,,,,0.6885,2023-08-28T13:33:00+00:00,1211,2034
summary,2023-09-01,SPY,,,,,,,0.00,,0,,,,,,,,,,0.7779,2023-08-29T14:36:00+00:00,2001,2708
summary,2023-09-01,QQQ,,,,,,,0.00,,0,,,,,,,,,,0.9554,2023-08-29T14:51:00+00:00,2226,2832
summary,2023-09-01,AAPL,,,,,,,0.00,,0,,,,,,,,,,0.9497,2023-08-29T14:49:00+00:00,2318,2724
summary,2023-09-01,NVDA,,,,,,,0.00,,0,,,,,,,,,,0.9547,2023-08-29T14:51:00+00:00,1966,2826
summary,2023-09-01,MSFT,,,,,,,0.00,,0,,,,,,,,,,0.9494,2023-08-29T14:50:00+00:00,1400,2084
summary,2023-09-04,SPY,,,,,,,0.00,,0,,,,,,,,,,0.3619,2023-09-01T14:13:00+00:00,26,552
summary,2023-09-04,QQQ,,,,,,,0.00,,0,,,,,,,,,,0.4408,2023-09-01T14:13:00+00:00,29,505
summary,2023-09-04,AAPL,,,,,,,0.00,,0,,,,,,,,,,0.5398,2023-09-01T14:13:00+00:00,285,537
summary,2023-09-04,NVDA,,,,,,,0.00,,0,,,,,,,,,,0.4689,2023-09-01T16:57:00+00:00,24,571
summary,2023-09-04,MSFT,,,,,,,0.00,,0,,,,,,,,,,0.4747,2023-09-01T14:13:00+00:00,42,449
summary,2023-09-05,SPY,,,,,,,0.00,,0,,,,,,,,,,0.7306,2023-09-05T09:34:00+00:00,300,635
trade,2023-09-05,QQQ,Long,2023-09-05T14:25:00+00:00,2023-09-05T15:32:00+00:00,377.5782,377.6617,0.79,0.07,0.000221,4020000,ScoreExit,0.4040,-0.0560,0.5498,0.3586,0.4461,-0.5605,-0.1552,0.3107,,,
summary,2023-09-05,QQQ,,,,,,,0.07,,1,,,,,,,,,,0.7475,2023-09-05T09:34:00+00:00,427,662
summary,2023-09-05,AAPL,,,,,,,0.00,,0,,,,,,,,,,0.6992,2023-09-05T09:28:00+00:00,386,644
trade,2023-09-05,NVDA,Long,2023-09-05T13:34:00+00:00,2023-09-05T15:29:00+00:00,483.3099,484.0542,0.62,0.46,0.001540,6900000,ScoreExit,0.5422,-0.1100,0.5854,0.3342,0.9439,-0.5512,-0.2151,0.2472,,,
summary,2023-09-05,NVDA,,,,,,,0.46,,1,,,,,,,,,,0.6918,2023-09-05T13:46:00+00:00,352,629
summary,2023-09-05,MSFT,,,,,,,0.00,,0,,,,,,,,,,0.7173,2023-09-05T15:08:00+00:00,396,485
summary,2023-09-06,SPY,,,,,,,0.00,,0,,,,,,,,,,0.7306,2023-09-05T09:34:00+00:00,300,1382
summary,2023-09-06,QQQ,,,,,,,0.00,,0,,,,,,,,,,0.7475,2023-09-05T09:34:00+00:00,578,1468
summary,2023-09-06,AAPL,,,,,,,0.00,,0,,,,,,,,,,0.6992,2023-09-05T09:28:00+00:00,501,1407
summary,2023-09-06,NVDA,,,,,,,0.00,,0,,,,,,,,,,0.6918,2023-09-05T13:46:00+00:00,489,1355
summary,2023-09-06,MSFT,,,,,,,0.00,,0,,,,,,,,,,0.7173,2023-09-05T15:08:00+00:00,644,1015
summary,2023-09-07,SPY,,,,,,,0.00,,0,,,,,,,,,,0.7306,2023-09-05T09:34:00+00:00,419,2151
summary,2023-09-07,QQQ,,,,,,,0.00,,0,,,,,,,,,,0.7475,2023-09-05T09:34:00+00:00,578,2315
summary,2023-09-07,AAPL,,,,,,,0.00,,0,,,,,,,,,,0.6992,2023-09-05T09:28:00+00:00,501,2331
summary,2023-09-07,NVDA,,,,,,,0.00,,0,,,,,,,,,,0.6918,2023-09-05T13:46:00+00:00,489,2206
summary,2023-09-07,MSFT,,,,,,,0.00,,0,,,,,,,,,,0.7173,2023-09-05T15:08:00+00:00,799,1611
summary,2023-09-08,SPY,,,,,,,0.00,,0,,,,,,,,,,0.7581,2023-09-05T15:04:00+00:00,618,2688
summary,2023-09-08,QQQ,,,,,,,0.00,,0,,,,,,,,,,0.9190,2023-09-05T15:04:00+00:00,451,2859
trade,2023-09-08,AAPL,Long,2023-09-08T13:41:00+00:00,2023-09-08T13:56:00+00:00,179.7661,179.4661,1.67,-0.50,-0.001669,900000,ScoreExit,0.3613,-0.1047,0.5768,0.5060,0.0001,-0.5387,-0.0848,0.0001,,,
summary,2023-09-08,AAPL,,,,,,,-0.50,,1,,,,,,,,,,0.9570,2023-09-05T14:52:00+00:00,590,2948
summary,2023-09-08,NVDA,,,,,,,0.00,,0,,,,,,,,,,1.0000,2023-09-05T13:33:00+00:00,387,2733
trade,2023-09-08,MSFT,Long,2023-09-08T13:35:00+00:00,2023-09-08T14:59:00+00:00,332.3097,334.1447,0.90,1.66,0.005522,5040000,ScoreExit,0.4009,-0.0778,0.6089,0.4469,0.2397,-0.4803,-0.2411,0.3828,,,
summary,2023-09-08,MSFT,,,,,,,1.66,,1,,,,,,,,,,0.9601,2023-09-05T15:04:00+00:00,985,2055
summary,2023-09-11,SPY,,,,,,,0.00,,0,,,,,,,,,,0.4420,2023-09-08T14:30:00+00:00,693,1193
summary,2023-09-11,QQQ,,,,,,,0.00,,0,,,,,,,,,,0.5292,2023-09-08T14:06:00+00:00,641,1193
summary,2023-09-11,AAPL,,,,,,,0.00,,0,,,,,,,,,,0.8347,2023-09-08T13:44:00+00:00,550,1211
summary,2023-09-11,NVDA,,,,,,,0.00,,0,,,,,,,,,,1.0000,2023-09-08T13:35:00+00:00,350,1173
summary,2023-09-11,MSFT,,,,,,,0.00,,0,,,,,,,,,,0.8963,2023-09-08T13:50:00+00:00,720,981
summary,2023-09-12,SPY,,,,,,,0.00,,0,,,,,,,,,,0.3930,2023-09-11T17:38:00+00:00,639,1345
summary,2023-09-12,QQQ,,,,,,,0.00,,0,,,,,,,,,,0.5561,2023-09-11T17:55:00+00:00,733,1484
summary,2023-09-12,AAPL,,,,,,,0.00,,0,,,,,,,,,,0.5499,2023-09-11T17:29:00+00:00,705,1442
trade,2023-09-12,NVDA,Long,2023-09-12T13:36:00+00:00,2023-09-12T14:26:00+00:00,449.1097,452.1993,0.64,1.99,0.006879,3000000,ScoreExit,0.4281,-0.0840,0.5374,0.4580,0.3321,-0.5628,-0.2228,0.3531,,,
summary,2023-09-12,NVDA,,,,,,,1.99,,1,,,,,,,,,,0.6478,2023-09-11T11:37:00+00:00,723,1352
summary,2023-09-12,MSFT,,,,,,,0.00,,0,,,,,,,,,,0.9124,2023-09-11T11:01:00+00:00,294,1103
summary,2023-09-13,SPY,,,,,,,0.00,,0,,,,,,,,,,0.3930,2023-09-11T17:38:00+00:00,719,2097
summary,2023-09-13,QQQ,,,,,,,0.00,,0,,,,,,,,,,0.5561,2023-09-11T17:55:00+00:00,927,2302
summary,2023-09-13,AAPL,,,,,,,0.00,,0,,,,,,,,,,0.5499,2023-09-11T17:29:00+00:00,718,2321
trade,2023-09-13,NVDA,Long,2023-09-13T13:36:00+00:00,2023-09-13T15:37:00+00:00,449.3248,456.4679,0.63,4.52,0.015898,7260000,MaxHoldTimeout,0.4077,0.5306,0.5831,0.5313,0.1021,0.2017,0.6113,0.4789,,,
summary,2023-09-13,NVDA,,,,,,,4.52,,1,,,,,,,,,,0.6478,2023-09-11T11:37:00+00:00,1022,2059
trade,2023-09-13,MSFT,Long,2023-09-13T13:41:00+00:00,2023-09-13T14:06:00+00:00,334.6854,333.1750,0.90,-1.35,-0.004513,1500000,ScoreExit,0.4346,-0.0930,0.5260,0.5576,0.1581,-0.5179,-0.0803,0.0231,,,
summary,2023-09-13,MSFT,,,,,,,-1.35,,1,,,,,,,,,,0.9124,2023-09-11T11:01:00+00:00,595,1633
summary,2023-09-14,SPY,,,,,,,0.00,,0,,,,,,,,,,0.3955,2023-09-11T17:38:00+00:00,1126,2626
summary,2023-09-14,QQQ,,,,,,,0.00,,0,,,,,,,,,,0.5604,2023-09-11T17:55:00+00:00,1347,2835
summary,2023-09-14,AAPL,,,,,,,0.00,,0,,,,,,,,,,0.5730,2023-09-11T17:29:00+00:00,621,2928
summary,2023-09-14,NVDA,,,,,,,0.00,,0,,,,,,,,,,0.6787,2023-09-12T13:55:00+00:00,1485,2602
trade,2023-09-14,MSFT,Long,2023-09-14T14:46:00+00:00,2023-09-14T15:36:00+00:00,339.2681,339.0433,0.88,-0.20,-0.000663,3000000,ScoreExit,0.4043,-0.0754,0.5482,0.3906,0.3838,-0.5680,-0.2325,0.4029,,,
summary,2023-09-14,MSFT,,,,,,,-0.20,,1,,,,,,,,,,0.5139,2023-09-11T18:15:00+00:00,915,2090
summary,2023-09-15,SPY,,,,,,,0.00,,0,,,,,,,,,,0.4445,2023-09-12T17:24:00+00:00,1158,2722
summary,2023-09-15,QQQ,,,,,,,0.00,,0,,,,,,,,,,0.5095,2023-09-12T13:40:00+00:00,1132,2814
summary,2023-09-15,AAPL,,,,,,,0.00,,0,,,,,,,,,,0.4461,2023-09-12T13:32:00+00:00,609,2883
summary,2023-09-15,NVDA,,,,,,,0.00,,0,,,,,,,,,,1.0000,2023-09-12T13:36:00+00:00,1122,2593
summary,2023-09-15,MSFT,,,,,,,0.00,,0,,,,,,,,,,0.5363,2023-09-13T13:41:00+00:00,905,2097
summary,2023-09-18,SPY,,,,,,,0.00,,0,,,,,,,,,,0.2976,2023-09-18T15:42:00+00:00,138,1189
summary,2023-09-18,QQQ,,,,,,,0.00,,0,,,,,,,,,,0.2888,2023-09-18T15:54:00+00:00,155,1186
summary,2023-09-18,AAPL,,,,,,,0.00,,0,,,,,,,,,,0.5496,2023-09-18T13:32:00+00:00,539,1206
trade,2023-09-18,NVDA,Long,2023-09-18T14:01:00+00:00,2023-09-18T15:21:00+00:00,432.5497,436.2341,0.37,1.35,0.008518,4800000,ScoreExit,0.4666,-0.0845,-0.2008,0.7432,0.1358,-0.5484,-0.1202,0.1415,,,
summary,2023-09-18,NVDA,,,,,,,1.35,,1,,,,,,,,,,0.6169,2023-09-18T14:09:00+00:00,271,1217
summary,2023-09-18,MSFT,,,,,,,0.00,,0,,,,,,,,,,0.3414,2023-09-18T19:57:00+00:00,43,979
summary,2023-09-19,SPY,,,,,,,0.00,,0,,,,,,,,,,0.4164,2023-09-18T15:42:00+00:00,579,1373
summary,2023-09-19,QQQ,,,,,,,0.00,,0,,,,,,,,,,0.4339,2023-09-18T13:37:00+00:00,614,1415
summary,2023-09-19,AAPL,,,,,,,0.00,,0,,,,,,,,,,0.6849,2023-09-18T13:32:00+00:00,934,1426
summary,2023-09-19,NVDA,,,,,,,0.00,,0,,,,,,,,,,0.8761,2023-09-18T14:09:00+00:00,746,1334
summary,2023-09-19,MSFT,,,,,,,0.00,,0,,,,,,,,,,0.5575,2023-09-18T15:32:00+00:00,389,1036
summary,2023-09-20,SPY,,,,,,,0.00,,0,,,,,,,,,,0.4164,2023-09-18T15:42:00+00:00,1014,2128
summary,2023-09-20,QQQ,,,,,,,0.00,,0,,,,,,,,,,0.4339,2023-09-18T13:37:00+00:00,980,2184
summary,2023-09-20,AAPL,,,,,,,0.00,,0,,,,,,,,,,0.6849,2023-09-18T13:32:00+00:00,1203,2144
summary,2023-09-20,NVDA,,,,,,,0.00,,0,,,,,,,,,,0.8761,2023-09-18T14:09:00+00:00,917,2066
summary,2023-09-20,MSFT,,,,,,,0.00,,0,,,,,,,,,,0.5575,2023-09-18T15:32:00+00:00,484,1546
summary,2023-09-21,SPY,,,,,,,0.00,,0,,,,,,,,,,0.5360,2023-09-18T14:56:00+00:00,939,2754
summary,2023-09-21,QQQ,,,,,,,0.00,,0,,,,,,,,,,0.6684,2023-09-18T13:37:00+00:00,917,2824
summary,2023-09-21,AAPL,,,,,,,0.00,,0,,,,,,,,,,1.0000,2023-09-18T13:36:00+00:00,949,2708
summary,2023-09-21,NVDA,,,,,,,0.00,,0,,,,,,,,,,1.0000,2023-09-18T13:34:00+00:00,1039,2703
trade,2023-09-21,MSFT,Long,2023-09-21T14:16:00+00:00,2023-09-21T15:21:00+00:00,318.0404,322.2483,0.91,3.84,0.013231,3900000,ScoreExit,0.4663,-0.0859,0.4276,0.6340,0.1439,-0.0447,-0.1528,0.0340,,,
summary,2023-09-21,MSFT,,,,,,,3.84,,1,,,,,,,,,,1.0000,2023-09-18T13:38:00+00:00,548,2100
summary,2023-09-22,SPY,,,,,,,0.00,,0,,,,,,,,,,0.4894,2023-09-19T18:37:00+00:00,679,2865
summary,2023-09-22,QQQ,,,,,,,0.00,,0,,,,,,,,,,0.5876,2023-09-19T17:54:00+00:00,676,2934
trade,2023-09-22,AAPL,Long,2023-09-22T14:35:00+00:00,2023-09-22T15:46:00+00:00,176.0028,176.1721,1.71,0.29,0.000962,4260000,ScoreExit,0.3613,-0.0984,0.5853,0.4419,0.1254,-0.5185,-0.1440,0.1330,,,
summary,2023-09-22,AAPL,,,,,,,0.29,,1,,,,,,,,,,0.6598,2023-09-19T13:41:00+00:00,739,2721
trade,2023-09-22,NVDA,Long,2023-09-22T14:58:00+00:00,2023-09-22T15:43:00+00:00,419.4608,419.1992,0.64,-0.17,-0.000624,2700000,ScoreExit,0.4040,-0.0541,0.3607,0.5198,0.1869,-0.5865,-0.0494,0.1140,,,
summary,2023-09-22,NVDA,,,,,,,-0.17,,1,,,,,,,,,,0.6617,2023-09-19T17:48:00+00:00,687,2866
summary,2023-09-22,MSFT,,,,,,,0.00,,0,,,,,,,,,,0.9306,2023-09-19T13:45:00+00:00,528,2220
summary,2023-09-25,SPY,,,,,,,0.00,,0,,,,,,,,,,0.8145,2023-09-22T14:55:00+00:00,385,1229
summary,2023-09-25,QQQ,,,,,,,0.00,,0,,,,,,,,,,0.9245,2023-09-22T14:57:00+00:00,370,1241
summary,2023-09-25,AAPL,,,,,,,0.00,,0,,,,,,,,,,0.9544,2023-09-22T14:47:00+00:00,467,1139
trade,2023-09-25,NVDA,Long,2023-09-25T13:30:00+00:00,2023-09-25T13:32:00+00:00,416.0398,412.8711,0.72,-2.29,-0.007616,120000,ScoreExit,0.4269,-0.0690,0.6397,0.4931,0.2235,-0.5490,-0.0684,0.0899,,,
trade,2023-09-25,NVDA,Long,2023-09-25T13:38:00+00:00,2023-09-25T14:56:00+00:00,416.3649,419.4191,0.63,1.91,0.007336,4680000,ScoreExit,0.4055,-0.1149,0.6268,0.4181,0.3065,-0.4420,-0.4092,0.5827,,,
summary,2023-09-25,NVDA,,,,,,,-0.38,,2,,,,,,,,,,0.9447,2023-09-22T14:59:00+00:00,538,1158
summary,2023-09-25,MSFT,,,,,,,0.00,,0,,,,,,,,,,0.8880,2023-09-22T14:58:00+00:00,182,984
summary,2023-09-26,SPY,,,,,,,0.00,,0,,,,,,,,,,0.5135,2023-09-25T15:19:00+00:00,528,1498
summary,2023-09-26,QQQ,,,,,,,0.00,,0,,,,,,,,,,0.5696,2023-09-25T15:19:00+00:00,557,1548
summary,2023-09-26,AAPL,,,,,,,0.00,,0,,,,,,,,,,0.6349,2023-09-25T15:15:00+00:00,505,1305
trade,2023-09-26,NVDA,Long,2023-09-26T14:26:00+00:00,2023-09-26T15:21:00+00:00,421.3225,422.6478,0.54,0.71,0.003146,3300000,ScoreExit,0.4794,-0.1707,0.1031,0.5559,0.4516,-0.5357,-0.3675,0.3444,,,
summary,2023-09-26,NVDA,,,,,,,0.71,,1,,,,,,,,,,0.9304,2023-09-25T13:47:00+00:00,692,1371
summary,2023-09-26,MSFT,,,,,,,0.00,,0,,,,,,,,,,0.9206,2023-09-25T10:21:00+00:00,264,1070
summary,2023-09-27,SPY,,,,,,,0.00,,0,,,,,,,,,,0.5135,2023-09-25T15:19:00+00:00,582,2339
summary,2023-09-27,QQQ,,,,,,,0.00,,0,,,,,,,,,,0.5696,2023-09-25T15:19:00+00:00,657,2420
summary,2023-09-27,AAPL,,,,,,,0.00,,0,,,,,,,,,,0.6349,2023-09-25T15:15:00+00:00,505,2038
trade,2023-09-27,NVDA,Long,2023-09-27T13:31:00+00:00,2023-09-27T14:01:00+00:00,424.9324,423.2780,0.71,-1.17,-0.003893,1800000,ScoreExit,0.4302,-0.1778,0.5644,0.4586,0.3288,-0.5481,-0.2664,0.1227,,,
summary,2023-09-27,NVDA,,,,,,,-1.17,,1,,,,,,,,,,0.9304,2023-09-25T13:47:00+00:00,972,2129
summary,2023-09-27,MSFT,,,,,,,0.00,,0,,,,,,,,,,0.9206,2023-09-25T10:21:00+00:00,371,1647
summary,2023-09-28,SPY,,,,,,,0.00,,0,,,,,,,,,,0.5320,2023-09-25T15:19:00+00:00,804,2919
summary,2023-09-28,QQQ,,,,,,,0.00,,0,,,,,,,,,,0.6811,2023-09-25T13:40:00+00:00,1032,2988
summary,2023-09-28,AAPL,,,,,,,0.00,,0,,,,,,,,,,0.7542,2023-09-25T13:56:00+00:00,480,2597
trade,2023-09-28,NVDA,Long,2023-09-28T13:51:00+00:00,2023-09-28T14:31:00+00:00,426.8730,424.9675,0.54,-1.03,-0.004464,2400000,ScoreExit,0.4675,-0.1026,0.6036,0.4869,0.3833,-0.5286,-0.2754,0.3849,,,
summary,2023-09-28,NVDA,,,,,,,-1.03,,1,,,,,,,,,,1.0000,2023-09-25T13:37:00+00:00,1537,2730
summary,2023-09-28,MSFT,,,,,,,0.00,,0,,,,,,,,,,0.5748,2023-09-25T13:40:00+00:00,580,2157
summary,2023-09-29,SPY,,,,,,,0.00,,0,,,,,,,,,,0.4304,2023-09-27T19:07:00+00:00,1314,2949
summary,2023-09-29,QQQ,,,,,,,0.00,,0,,,,,,,,,,0.5081,2023-09-27T19:07:00+00:00,1420,2982
summary,2023-09-29,AAPL,,,,,,,0.00,,0,,,,,,,,,,0.4126,2023-09-28T15:59:00+00:00,676,2644
summary,2023-09-29,NVDA,,,,,,,0.00,,0,,,,,,,,,,0.9570,2023-09-26T14:44:00+00:00,1700,2737
summary,2023-09-29,MSFT,,,,,,,0.00,,0,,,,,,,,,,0.6281,2023-09-26T13:39:00+00:00,1065,2198
summary,2023-10-02,SPY,,,,,,,0.00,,0,,,,,,,,,,0.4479,2023-10-02T08:04:00+00:00,108,1180
trade,2023-10-02,QQQ,Long,2023-10-02T13:39:00+00:00,2023-10-02T14:30:00+00:00,360.2230,359.8570,0.83,-0.30,-0.001016,3060000,ScoreExit,0.4026,-0.0722,0.5800,0.4747,0.1991,-0.4896,-0.1205,0.1637,,,
summary,2023-10-02,QQQ,,,,,,,-0.30,,1,,,,,,,,,,0.5967,2023-09-29T14:02:00+00:00,335,1245
trade,2023-10-02,AAPL,Long,2023-10-02T13:32:00+00:00,2023-10-02T15:33:00+00:00,172.3717,174.0128,1.74,2.85,0.009521,7260000,MaxHoldTimeout,0.4921,0.2493,0.5720,0.4756,0.4983,-0.0617,0.1456,0.5604,,,
summary,2023-10-02,AAPL,,,,,,,2.85,,1,,,,,,,,,,0.8072,2023-09-29T14:02:00+00:00,483,1106
summary,2023-10-02,NVDA,,,,,,,0.00,,0,,,,,,,,,,0.8981,2023-09-29T13:48:00+00:00,543,1158
trade,2023-10-02,MSFT,Long,2023-10-02T13:36:00+00:00,2023-10-02T14:43:00+00:00,317.3402,317.1598,0.95,-0.17,-0.000568,4020000,ScoreExit,0.4347,-0.0528,0.5936,0.4896,0.2720,-0.5606,-0.1313,0.2733,,,
summary,2023-10-02,MSFT,,,,,,,-0.17,,1,,,,,,,,,,0.9000,2023-09-29T13:48:00+00:00,446,981
summary,2023-10-03,SPY,,,,,,,0.00,,0,,,,,,,,,,0.4931,2023-10-02T15:21:00+00:00,373,1507
trade,2023-10-03,QQQ,Long,2023-10-03T13:51:00+00:00,2023-10-03T15:03:00+00:00,360.2931,354.9885,0.83,-4.42,-0.014723,4320000,TrailingStop,0.4001,0.0000,0.5284,0.4817,0.1941,-0.5578,-0.3894,-0.1652,,,
summary,2023-10-03,QQQ,,,,,,,-4.42,,1,,,,,,,,,,0.6313,2023-10-02T15:21:00+00:00,456,1548
trade,2023-10-03,AAPL,Long,2023-10-03T13:51:00+00:00,2023-10-03T15:07:00+00:00,173.3970,171.4436,1.73,-3.38,-0.011266,4560000,MaxHoldTimeout,0.3773,0.0000,0.4809,0.4342,0.2289,-0.0198,0.1237,-0.1596,,,
summary,2023-10-03,AAPL,,,,,,,-3.38,,1,,,,,,,,,,0.6820,2023-10-02T14:03:00+00:00,503,1304
trade,2023-10-03,NVDA,Long,2023-10-03T13:51:00+00:00,2023-10-03T14:01:00+00:00,448.6596,448.3205,0.60,-0.20,-0.000756,600000,ScoreExit,0.5019,-0.0773,0.3801,0.5213,0.5036,-0.3662,-0.1036,0.0716,,,
summary,2023-10-03,NVDA,,,,,,,-0.20,,1,,,,,,,,,,0.8791,2023-10-02T09:42:00+00:00,672,1436
summary,2023-10-03,MSFT,,,,,,,0.00,,0,,,,,,,,,,0.6803,2023-10-02T15:21:00+00:00,431,1116
summary,2023-10-04,SPY,,,,,,,0.00,,0,,,,,,,,,,0.4931,2023-10-02T15:21:00+00:00,569,2391
summary,2023-10-04,QQQ,,,,,,,0.00,,0,,,,,,,,,,0.6313,2023-10-02T15:21:00+00:00,734,2432
trade,2023-10-04,AAPL,Long,2023-10-04T14:31:00+00:00,2023-10-04T14:47:00+00:00,172.7568,172.8637,1.74,0.19,0.000619,960000,ScoreExit,0.3560,-0.0684,0.5591,0.3974,0.2055,-0.5129,-0.1488,0.2406,,,
summary,2023-10-04,AAPL,,,,,,,0.19,,1,,,,,,,,,,0.6820,2023-10-02T14:03:00+00:00,811,2102
summary,2023-10-04,NVDA,,,,,,,0.00,,0,,,,,,,,,,0.8791,2023-10-02T09:42:00+00:00,877,2224
trade,2023-10-04,MSFT,Long,2023-10-04T13:49:00+00:00,2023-10-04T14:06:00+00:00,317.9103,315.5803,0.94,-2.20,-0.007329,1020000,ScoreExit,0.4024,-0.0894,0.5594,0.4046,0.3457,-0.4994,-0.1320,0.1326,,,
summary,2023-10-04,MSFT,,,,,,,-2.20,,1,,,,,,,,,,0.6803,2023-10-02T15:21:00+00:00,788,1752
summary,2023-10-05,SPY,,,,,,,0.00,,0,,,,,,,,,,0.5056,2023-10-02T20:02:00+00:00,828,2916
summary,2023-10-05,QQQ,,,,,,,0.00,,0,,,,,,,,,,0.8076,2023-10-02T14:03:00+00:00,1114,2991
summary,2023-10-05,AAPL,,,,,,,0.00,,0,,,,,,,,,,1.0000,2023-10-02T13:31:00+00:00,1205,2597
summary,2023-10-05,NVDA,,,,,,,0.00,,0,,,,,,,,,,1.0000,2023-10-02T13:33:00+00:00,1190,2733
summary,2023-10-05,MSFT,,,,,,,0.00,,0,,,,,,,,,,1.0000,2023-10-02T13:38:00+00:00,1067,2189
trade,2023-10-06,SPY,Long,2023-10-06T14:36:00+00:00,2023-10-06T15:56:00+00:00,424.0322,428.0915,0.71,2.87,0.009573,4800000,SessionClose,0.4001,0.5109,0.5617,0.4872,0.1720,0.5299,0.5474,0.4317,,,
summary,2023-10-06,SPY,,,,,,,2.87,,1,,,,,,,,,,0.5146,2023-10-06T15:56:00+00:00,1270,2874
trade,2023-10-06,QQQ,Long,2023-10-06T14:26:00+00:00,2023-10-06T15:56:00+00:00,357.9323,362.3813,0.84,3.73,0.012429,5400000,SessionClose,0.4267,0.4916,0.5829,0.5037,0.2206,0.5274,0.5011,0.4607,,,
summary,2023-10-06,QQQ,,,,,,,3.73,,1,,,,,,,,,,0.6791,2023-10-03T13:54:00+00:00,1504,2962
trade,2023-10-06,AAPL,Long,2023-10-06T14:23:00+00:00,2023-10-06T15:56:00+00:00,174.2873,176.5220,1.72,3.85,0.012822,5580000,SessionClose,0.3795,0.4437,0.4531,0.3731,0.3676,0.4009,0.4242,0.4968,,,
summary,2023-10-06,AAPL,,,,,,,3.85,,1,,,,,,,,,,0.7195,2023-10-03T13:40:00+00:00,1514,2548
trade,2023-10-06,NVDA,Long,2023-10-06T14:11:00+00:00,2023-10-06T15:56:00+00:00,442.9278,453.3985,0.56,5.91,0.023640,6300000,SessionClose,0.4569,0.5892,0.5167,0.4636,0.4238,0.5409,0.5736,0.6366,,,
summary,2023-10-06,NVDA,,,,,,,5.91,,1,,,,,,,,,,0.9192,2023-10-03T13:54:00+00:00,1308,2686
trade,2023-10-06,MSFT,Long,2023-10-06T13:31:00+00:00,2023-10-06T15:32:00+00:00,317.7803,323.6479,0.94,5.54,0.018464,7260000,MaxHoldTimeout,0.4038,0.4711,0.5691,0.4331,0.2901,0.2559,0.4601,0.5649,,,
summary,2023-10-06,MSFT,,,,,,,5.54,,1,,,,,,,,,,0.5407,2023-10-06T14:33:00+00:00,1239,2153
trade,2023-10-09,SPY,Long,2023-10-09T13:45:00+00:00,2023-10-09T14:05:00+00:00,428.7036,427.6867,0.70,-0.71,-0.002372,1200000,ScoreExit,0.4035,-0.0574,0.5567,0.4091,0.3411,-0.5638,-0.0862,0.1690,,,
summary,2023-10-09,SPY,,,,,,,-0.71,,1,,,,,,,,,,0.9492,2023-10-06T15:04:00+00:00,959,1230
trade,2023-10-09,QQQ,Long,2023-10-09T13:46:00+00:00,2023-10-09T14:03:00+00:00,363.0339,362.5862,0.83,-0.37,-0.001233,1020000,ScoreExit,0.4164,-0.0800,0.5598,0.3939,0.4136,-0.5675,-0.1942,0.3109,,,
summary,2023-10-09,QQQ,,,,,,,-0.37,,1,,,,,,,,,,0.9550,2023-10-06T15:04:00+00:00,988,1242
summary,2023-10-09,AAPL,,,,,,,0.00,,0,,,,,,,,,,0.9556,2023-10-06T14:45:00+00:00,876,1133
summary,2023-10-09,NVDA,,,,,,,0.00,,0,,,,,,,,,,0.9565,2023-10-06T15:04:00+00:00,778,1278
trade,2023-10-09,MSFT,Long,2023-10-09T13:49:00+00:00,2023-10-09T14:47:00+00:00,326.8580,326.3071,0.92,-0.51,-0.001686,3480000,ScoreExit,0.4386,-0.0513,0.6186,0.4076,0.4408,-0.1191,-0.2166,0.3019,,,
summary,2023-10-09,MSFT,,,,,,,-0.51,,1,,,,,,,,,,0.9739,2023-10-06T13:32:00+00:00,925,1070
trade,2023-10-10,SPY,Long,2023-10-10T14:00:00+00:00,2023-10-10T15:56:00+00:00,433.7751,436.7839,0.69,2.08,0.006936,6960000,SessionClose,0.4002,0.2791,0.5573,0.3607,0.4267,0.5182,0.1077,0.5423,,,
summary,2023-10-10,SPY,,,,,,,2.08,,1,,,,,,,,,,0.8006,2023-10-09T09:28:00+00:00,1106,1483
trade,2023-10-10,QQQ,Long,2023-10-10T13:56:00+00:00,2023-10-10T15:56:00+00:00,367.5402,371.0037,0.82,2.83,0.009423,7200000,SessionClose,0.4029,0.2325,0.4606,0.3830,0.4233,0.4813,0.0268,0.5608,,,
summary,2023-10-10,QQQ,,,,,,,2.83,,1,,,,,,,,,,0.6520,2023-10-09T09:24:00+00:00,1145,1513
trade,2023-10-10,AAPL,Long,2023-10-10T13:59:00+00:00,2023-10-10T15:56:00+00:00,178.5495,179.5211,1.68,1.63,0.005442,7020000,SessionClose,0.3534,0.1110,0.4855,0.3351,0.3459,-0.2938,-0.0170,0.5019,,,
summary,2023-10-10,AAPL,,,,,,,1.63,,1,,,,,,,,,,0.5893,2023-10-09T17:56:00+00:00,963,1314
summary,2023-10-10,NVDA,,,,,,,0.00,,0,,,,,,,,,,0.7435,2023-10-09T17:44:00+00:00,927,1398
summary,2023-10-10,MSFT,,,,,,,0.00,,0,,,,,,,,,,0.6263,2023-10-09T14:24:00+00:00,813,1120
summary,2023-10-11,SPY,,,,,,,0.00,,0,,,,,,,,,,0.8006,2023-10-09T09:28:00+00:00,1613,2290
summary,2023-10-11,QQQ,,,,,,,0.00,,0,,,,,,,,,,0.6520,2023-10-09T09:24:00+00:00,1758,2329
trade,2023-10-11,AAPL,Long,2023-10-11T14:55:00+00:00,2023-10-11T15:26:00+00:00,179.1088,178.7114,1.68,-0.67,-0.002219,1860000,ScoreExit,0.3502,-0.0928,0.4977,0.3995,0.2027,-0.1927,-0.1721,0.0992,,,
summary,2023-10-11,AAPL,,,,,,,-0.67,,1,,,,,,,,,,0.5893,2023-10-09T17:56:00+00:00,1341,1981
trade,2023-10-11,NVDA,Long,2023-10-11T14:21:00+00:00,2023-10-11T15:26:00+00:00,464.6143,464.8955,0.65,0.18,0.000605,3900000,ScoreExit,0.4507,-0.0600,0.5767,0.4017,0.5068,-0.4154,-0.2435,0.4256,,,
summary,2023-10-11,NVDA,,,,,,,0.18,,1,,,,,,,,,,0.7435,2023-10-09T17:44:00+00:00,1514,2144
trade,2023-10-11,MSFT,Long,2023-10-11T13:36:00+00:00,2023-10-11T14:01:00+00:00,332.1046,330.8157,0.90,-1.16,-0.003881,1500000,ScoreExit,0.4033,-0.1249,0.4709,0.4408,0.3056,-0.4990,-0.2789,0.3078,,,
summary,2023-10-11,MSFT,,,,,,,-1.16,,1,,,,,,,,,,0.6263,2023-10-09T14:24:00+00:00,1189,1656
summary,2023-10-12,SPY,,,,,,,0.00,,0,,,,,,,,,,0.6362,2023-10-09T17:59:00+00:00,2013,2815
summary,2023-10-12,QQQ,,,,,,,0.00,,0,,,,,,,,,,0.7805,2023-10-09T13:49:00+00:00,2249,2875
trade,2023-10-12,AAPL,Long,2023-10-12T13:44:00+00:00,2023-10-12T15:45:00+00:00,180.6492,181.6955,1.66,1.74,0.005792,7260000,MaxHoldTimeout,0.3572,0.0623,0.5388,0.3518,0.3076,0.2971,-0.1364,0.3816,,,
summary,2023-10-12,AAPL,,,,,,,1.74,,1,,,,,,,,,,0.6736,2023-10-09T16:07:00+00:00,1823,2528
trade,2023-10-12,NVDA,Long,2023-10-12T13:51:00+00:00,2023-10-12T15:52:00+00:00,469.7658,472.7031,0.64,1.88,0.006253,7260000,MaxHoldTimeout,0.4365,0.1838,0.1598,0.4704,0.4610,-0.2170,0.0796,0.5257,,,
summary,2023-10-12,NVDA,,,,,,,1.88,,1,,,,,,,,,,0.7942,2023-10-09T13:49:00+00:00,2092,2670
trade,2023-10-12,MSFT,Long,2023-10-12T13:45:00+00:00,2023-10-12T14:52:00+00:00,332.0646,332.0763,0.90,0.01,0.000035,4020000,ScoreExit,0.4025,-0.0635,0.5099,0.4714,0.2288,-0.4186,-0.1681,0.2641,,,
summary,2023-10-12,MSFT,,,,,,,0.01,,1,,,,,,,,,,0.9036,2023-10-09T13:48:00+00:00,1511,2168
summary,2023-10-13,SPY,,,,,,,0.00,,0,,,,,,,,,,0.8211,2023-10-10T14:52:00+00:00,1147,2828
summary,2023-10-13,QQQ,,,,,,,0.00,,0,,,,,,,,,,0.9176,2023-10-10T14:52:00+00:00,1424,2923
summary,2023-10-13,AAPL,,,,,,,0.00,,0,,,,,,,,,,0.8970,2023-10-10T15:04:00+00:00,1333,2576
summary,2023-10-13,NVDA,,,,,,,0.00,,0,,,,,,,,,,0.9563,2023-10-10T14:51:00+00:00,1742,2716
trade,2023-10-13,MSFT,Long,2023-10-13T13:57:00+00:00,2023-10-13T14:13:00+00:00,333.4250,332.6930,0.90,-0.66,-0.002196,960000,ScoreExit,0.4100,-0.0541,0.5545,0.4344,0.3130,-0.1730,-0.1264,0.1300,,,
summary,2023-10-13,MSFT,,,,,,,-0.66,,1,,,,,,,,,,0.6195,2023-10-10T14:36:00+00:00,997,2162
trade,2023-10-16,SPY,Long,2023-10-16T14:16:00+00:00,2023-10-16T15:36:00+00:00,435.2105,436.1741,0.69,0.66,0.002214,4800000,ScoreExit,0.4076,-0.0582,0.5631,0.3248,0.5213,-0.4032,-0.2632,0.4668,,,
summary,2023-10-16,SPY,,,,,,,0.66,,1,,,,,,,,,,0.4880,2023-10-13T13:40:00+00:00,579,1211
trade,2023-10-16,QQQ,Long,2023-10-16T13:34:00+00:00,2023-10-16T15:35:00+00:00,367.8553,369.6441,0.82,1.46,0.004863,7260000,MaxHoldTimeout,0.4275,0.2010,0.5672,0.4106,0.4147,0.5035,0.0098,0.4826,,,
summary,2023-10-16,QQQ,,,,,,,1.46,,1,,,,,,,,,,0.4694,2023-10-16T14:29:00+00:00,454,1208
summary,2023-10-16,AAPL,,,,,,,0.00,,0,,,,,,,,,,0.3054,2023-10-16T19:22:00+00:00,149,1134
trade,2023-10-16,NVDA,Long,2023-10-16T13:36:00+00:00,2023-10-16T13:51:00+00:00,456.5719,453.2190,0.61,-2.03,-0.007344,900000,ScoreExit,0.4880,-0.1055,0.7315,0.6625,0.0581,-0.5980,-0.1053,0.0581,,,
trade,2023-10-16,NVDA,Long,2023-10-16T14:10:00+00:00,2023-10-16T15:19:00+00:00,457.6422,458.8473,0.49,0.59,0.002633,4140000,ScoreExit,0.4226,-0.0611,0.5911,0.4873,0.2369,-0.5263,-0.1772,0.3261,,,
summary,2023-10-16,NVDA,,,,,,,-1.44,,2,,,,,,,,,,0.6974,2023-10-13T13:56:00+00:00,350,1206
summary,2023-10-16,MSFT,,,,,,,0.00,,0,,,,,,,,,,0.5538,2023-10-13T13:59:00+00:00,452,987
summary,2023-10-17,SPY,,,,,,,0.00,,0,,,,,,,,,,0.5747,2023-10-16T14:32:00+00:00,886,1459
trade,2023-10-17,QQQ,Long,2023-10-17T14:38:00+00:00,2023-10-17T15:56:00+00:00,368.2454,368.7543,0.82,0.41,0.001382,4680000,SessionClose,0.4022,0.2498,0.5716,0.4609,0.2284,-0.1211,0.2495,0.3742,,,
summary,2023-10-17,QQQ,,,,,,,0.41,,1,,,,,,,,,,0.6067,2023-10-16T14:29:00+00:00,929,1502
summary,2023-10-17,AAPL,,,,,,,0.00,,0,,,,,,,,,,0.5878,2023-10-16T14:40:00+00:00,669,1296
summary,2023-10-17,NVDA,,,,,,,0.00,,0,,,,,,,,,,0.7686,2023-10-16T13:35:00+00:00,664,1360
trade,2023-10-17,MSFT,Long,2023-10-17T14:24:00+00:00,2023-10-17T15:07:00+00:00,332.3597,330.7907,0.90,-1.42,-0.004721,2580000,ScoreExit,0.4175,-0.1008,0.5907,0.4994,0.1960,-0.5297,-0.1145,0.0694,,,
summary,2023-10-17,MSFT,,,,,,,-1.42,,1,,,,,,,,,,0.9016,2023-10-16T08:50:00+00:00,634,1133
summary,2023-10-18,SPY,,,,,,,0.00,,0,,,,,,,,,,0.5747,2023-10-16T14:32:00+00:00,960,2272
summary,2023-10-18,QQQ,,,,,,,0.00,,0,,,,,,,,,,0.6067,2023-10-16T14:29:00+00:00,1006,2347
summary,2023-10-18,AAPL,,,,,,,0.00,,0,,,,,,,,,,0.5878,2023-10-16T14:40:00+00:00,808,1970
summary,2023-10-18,NVDA,,,,,,,0.00,,0,,,,,,,,,,0.7686,2023-10-16T13:35:00+00:00,664,2205
trade,2023-10-18,MSFT,Long,2023-10-18T13:33:00+00:00,2023-10-18T14:11:00+00:00,334.5853,333.4884,0.90,-0.98,-0.003278,2280000,ScoreExit,0.4188,-0.0967,0.6012,0.4581,0.2794,-0.5686,-0.1023,0.0719,,,
summary,2023-10-18,MSFT,,,,,,,-0.98,,1,,,,,,,,,,0.9016,2023-10-16T08:50:00+00:00,890,1769
summary,2023-10-19,SPY,,,,,,,0.00,,0,,,,,,,,,,0.8999,2023-10-16T15:00:00+00:00,704,2894
summary,2023-10-19,QQQ,,,,,,,0.00,,0,,,,,,,,,,0.8925,2023-10-16T14:32:00+00:00,782,2976
summary,2023-10-19,AAPL,,,,,,,0.00,,0,,,,,,,,,,1.0000,2023-10-16T13:34:00+00:00,881,2497
summary,2023-10-19,NVDA,,,,,,,0.00,,0,,,,,,,,,,1.0000,2023-10-16T13:33:00+00:00,857,2809
summary,2023-10-19,MSFT,,,,,,,0.00,,0,,,,,,,,,,0.9100,2023-10-16T14:41:00+00:00,997,2301
summary,2023-10-20,SPY,,,,,,,0.00,,0,,,,,,,,,,0.9080,2023-10-17T14:45:00+00:00,345,2939
summary,2023-10-20,QQQ,,,,,,,0.00,,0,,,,,,,,,,0.9465,2023-10-17T14:45:00+00:00,465,3039
summary,2023-10-20,AAPL,,,,,,,0.00,,0,,,,,,,,,,0.9410,2023-10-17T14:45:00+00:00,701,2551
summary,2023-10-20,NVDA,,,,,,,0.00,,0,,,,,,,,,,0.9587,2023-10-17T14:49:00+00:00,549,2909
summary,2023-10-20,MSFT,,,,,,,0.00,,0,,,,,,,,,,0.8977,2023-10-17T14:23:00+00:00,1045,2277
summary,2023-10-23,SPY,,,,,,,0.00,,0,,,,,,,,,,0.4379,2023-10-23T16:59:00+00:00,274,1250
summary,2023-10-23,QQQ,,,,,,,0.00,,0,,,,,,,,,,0.5542,2023-10-20T13:41:00+00:00,342,1231
summary,2023-10-23,AAPL,,,,,,,0.00,,0,,,,,,,,,,0.4916,2023-10-20T17:19:00+00:00,263,1182
trade,2023-10-23,NVDA,Long,2023-10-23T13:49:00+00:00,2023-10-23T15:50:00+00:00,415.1348,425.8972,0.62,6.65,0.025925,7260000,MaxHoldTimeout,0.4333,0.2807,0.6729,0.4263,0.3674,-0.2721,0.0529,0.9206,,,
summary,2023-10-23,NVDA,,,,,,,6.65,,1,,,,,,,,,,1.0000,2023-10-20T13:38:00+00:00,488,1201
summary,2023-10-23,MSFT,,,,,,,0.00,,0,,,,,,,,,,0.6532,2023-10-20T13:43:00+00:00,329,1024
summary,2023-10-24,SPY,,,,,,,0.00,,0,,,,,,,,,,0.5859,2023-10-23T16:59:00+00:00,1056,1538
summary,2023-10-24,QQQ,,,,,,,0.00,,0,,,,,,,,,,0.6256,2023-10-23T14:24:00+00:00,1189,1575
summary,2023-10-24,AAPL,,,,,,,0.00,,0,,,,,,,,,,0.6000,2023-10-23T15:20:00+00:00,877,1339
summary,2023-10-24,NVDA,,,,,,,0.00,,0,,,,,,,,,,0.9156,2023-10-23T14:23:00+00:00,1206,1465
summary,2023-10-24,MSFT,,,,,,,0.00,,0,,,,,,,,,,0.6611,2023-10-24T20:00:00+00:00,874,1189
summary,2023-10-25,SPY,,,,,,,0.00,,0,,,,,,,,,,0.5859,2023-10-23T16:59:00+00:00,1253,2377
summary,2023-10-25,QQQ,,,,,,,0.00,,0,,,,,,,,,,0.6256,2023-10-23T14:24:00+00:00,1387,2459
trade,2023-10-25,AAPL,Long,2023-10-25T14:48:00+00:00,2023-10-25T15:21:00+00:00,172.8868,172.5432,1.74,-0.60,-0.001988,1980000,ScoreExit,0.3559,-0.1381,0.5206,0.4525,0.1076,-0.5472,-0.1504,0.0231,,,
summary,2023-10-25,AAPL,,,,,,,-0.60,,1,,,,,,,,,,0.6000,2023-10-23T15:20:00+00:00,988,2060
summary,2023-10-25,NVDA,,,,,,,0.00,,0,,,,,,,,,,0.9156,2023-10-23T14:23:00+00:00,1475,2228
summary,2023-10-25,MSFT,,,,,,,0.00,,0,,,,,,,,,,0.8654,2023-10-24T20:01:00+00:00,1547,2067
summary,2023-10-26,SPY,,,,,,,0.00,,0,,,,,,,,,,0.7463,2023-10-23T14:25:00+00:00,1122,2962
summary,2023-10-26,QQQ,,,,,,,0.00,,0,,,,,,,,,,0.9362,2023-10-23T14:44:00+00:00,1322,3074
summary,2023-10-26,AAPL,,,,,,,0.00,,0,,,,,,,,,,0.8971,2023-10-23T15:01:00+00:00,1033,2622
summary,2023-10-26,NVDA,,,,,,,0.00,,0,,,,,,,,,,0.9609,2023-10-23T14:43:00+00:00,1438,2842
summary,2023-10-26,MSFT,,,,,,,0.00,,0,,,,,,,,,,0.9413,2023-10-24T20:01:00+00:00,1713,2664
summary,2023-10-27,SPY,,,,,,,0.00,,0,,,,,,,,,,0.6295,2023-10-24T14:49:00+00:00,263,3006
summary,2023-10-27,QQQ,,,,,,,0.00,,0,,,,,,,,,,0.7081,2023-10-24T14:48:00+00:00,261,3119
summary,2023-10-27,AAPL,,,,,,,0.00,,0,,,,,,,,,,0.5866,2023-10-24T19:14:00+00:00,362,2756
summary,2023-10-27,NVDA,,,,,,,0.00,,0,,,,,,,,,,1.0000,2023-10-24T13:34:00+00:00,715,2830
summary,2023-10-27,MSFT,,,,,,,0.00,,0,,,,,,,,,,0.9560,2023-10-24T20:01:00+00:00,1083,2760
trade,2023-10-30,SPY,Long,2023-10-30T13:31:00+00:00,2023-10-30T14:16:00+00:00,413.9091,413.5909,0.73,-0.23,-0.000769,2700000,ScoreExit,0.4154,-0.1037,0.4328,0.3704,0.4994,-0.5406,-0.2946,0.4238,,,
summary,2023-10-30,SPY,,,,,,,-0.23,,1,,,,,,,,,,0.4638,2023-10-30T17:51:00+00:00,587,1221
trade,2023-10-30,QQQ,Long,2023-10-30T13:33:00+00:00,2023-10-30T14:16:00+00:00,348.0494,348.5604,0.86,0.44,0.001468,2580000,ScoreExit,0.4111,-0.1087,0.4080,0.3621,0.5103,-0.5499,-0.2964,0.4137,,,
summary,2023-10-30,QQQ,,,,,,,0.44,,1,,,,,,,,,,0.5850,2023-10-27T15:22:00+00:00,622,1203
summary,2023-10-30,AAPL,,,,,,,0.00,,0,,,,,,,,,,0.8970,2023-10-27T14:06:00+00:00,666,1076
summary,2023-10-30,NVDA,,,,,,,0.00,,0,,,,,,,,,,0.7509,2023-10-30T13:47:00+00:00,540,1166
trade,2023-10-30,MSFT,Long,2023-10-30T13:36:00+00:00,2023-10-30T14:41:00+00:00,333.4850,335.1644,0.90,1.51,0.005036,3900000,ScoreExit,0.4949,-0.0560,0.4807,0.4027,0.6840,0.2810,-0.4169,0.5533,,,
summary,2023-10-30,MSFT,,,,,,,1.51,,1,,,,,,,,,,0.9214,2023-10-27T13:38:00+00:00,634,1014
summary,2023-10-31,SPY,,,,,,,0.00,,0,,,,,,,,,,0.7251,2023-10-30T09:17:00+00:00,962,1500
summary,2023-10-31,QQQ,,,,,,,0.00,,0,,,,,,,,,,0.7620,2023-10-30T09:17:00+00:00,872,1509
trade,2023-10-31,AAPL,Long,2023-10-31T14:43:00+00:00,2023-10-31T15:21:00+00:00,169.4359,169.3631,1.77,-0.13,-0.000430,2280000,ScoreExit,0.3597,-0.0749,0.5436,0.4197,0.1785,-0.4455,-0.1433,0.1853,,,
summary,2023-10-31,AAPL,,,,,,,-0.13,,1,,,,,,,,,,0.6913,2023-10-30T13:44:00+00:00,645,1291
trade,2023-10-31,NVDA,Long,2023-10-31T14:51:00+00:00,2023-10-31T15:46:00+00:00,399.8549,401.5107,0.48,0.79,0.004141,3300000,ScoreExit,0.4095,-0.1143,0.3879,0.6006,0.0344,-0.4716,-0.1158,0.0079,,,
summary,2023-10-31,NVDA,,,,,,,0.79,,1,,,,,,,,,,0.8445,2023-10-30T09:18:00+00:00,620,1363
summary,2023-10-31,MSFT,,,,,,,0.00,,0,,,,,,,,,,0.7586,2023-10-30T13:51:00+00:00,734,1150
summary,2023-11-01,SPY,,,,,,,0.00,,0,,,,,,,,,,0.7251,2023-10-30T09:17:00+00:00,1476,2314
summary,2023-11-01,QQQ,,,,,,,0.00,,0,,,,,,,,,,0.7620,2023-10-30T09:17:00+00:00,1399,2330
trade,2023-11-01,AAPL,Long,2023-11-01T14:21:00+00:00,2023-11-01T15:11:00+00:00,171.4864,171.2836,1.75,-0.36,-0.001183,3000000,ScoreExit,0.3585,-0.1104,0.5428,0.3529,0.3084,-0.3851,-0.3009,0.3621,,,
summary,2023-11-01,AAPL,,,,,,,-0.36,,1,,,,,,,,,,0.6913,2023-10-30T13:44:00+00:00,1136,1954
trade,2023-11-01,NVDA,Long,2023-11-01T14:37:00+00:00,2023-11-01T15:56:00+00:00,415.9748,418.7044,0.65,1.77,0.006562,4740000,SessionClose,0.4213,0.1444,0.4280,0.2996,0.6626,0.0466,-0.0677,0.6014,,,
summary,2023-11-01,NVDA,,,,,,,1.77,,1,,,,,,,,,,0.8445,2023-10-30T09:18:00+00:00,1122,2096
trade,2023-11-01,MSFT,Long,2023-11-01T14:40:00+00:00,2023-11-01T15:34:00+00:00,345.8487,344.6816,0.87,-1.01,-0.003375,3240000,ScoreExit,0.4027,-0.0561,0.4403,0.3189,0.5577,-0.4429,-0.2766,0.5137,,,
summary,2023-11-01,MSFT,,,,,,,-1.01,,1,,,,,,,,,,0.7586,2023-10-30T13:51:00+00:00,1164,1727
trade,2023-11-02,SPY,Long,2023-11-02T14:41:00+00:00,2023-11-02T15:56:00+00:00,428.9386,428.5464,0.70,-0.27,-0.000914,4500000,SessionClose,0.4209,-0.0125,0.5467,0.3529,0.5149,-0.5311,-0.1700,0.4754,,,
summary,2023-11-02,SPY,,,,,,,-0.27,,1,,,,,,,,,,0.5767,2023-10-30T17:52:00+00:00,2212,2919
summary,2023-11-02,QQQ,,,,,,,0.00,,0,,,,,,,,,,0.7460,2023-10-30T13:51:00+00:00,2193,2971
trade,2023-11-02,AAPL,Long,2023-11-02T13:41:00+00:00,2023-11-02T15:42:00+00:00,176.5149,176.9169,1.70,0.68,0.002277,7260000,MaxHoldTimeout,0.3714,0.0514,0.5573,0.2413,0.5697,-0.0370,-0.2051,0.5939,,,
summary,2023-11-02,AAPL,,,,,,,0.68,,1,,,,,,,,,,1.0000,2023-10-30T13:37:00+00:00,1727,2594
trade,2023-11-02,NVDA,Long,2023-11-02T14:29:00+00:00,2023-11-02T15:28:00+00:00,433.8851,431.9837,0.60,-1.14,-0.004382,3540000,ScoreExit,0.4005,-0.0507,0.5920,0.2641,0.6093,-0.5584,-0.2506,0.5186,,,
summary,2023-11-02,NVDA,,,,,,,-1.14,,1,,,,,,,,,,0.9385,2023-10-30T13:46:00+00:00,1807,2754
trade,2023-11-02,MSFT,Long,2023-11-02T14:52:00+00:00,2023-11-02T15:28:00+00:00,348.0109,347.3708,0.86,-0.55,-0.001839,2160000,ScoreExit,0.4082,-0.0620,0.4963,0.4186,0.3582,-0.5520,-0.1491,0.2757,,,
summary,2023-11-02,MSFT,,,,,,,-0.55,,1,,,,,,,,,,1.0000,2023-10-30T13:39:00+00:00,1575,2285
summary,2023-11-03,SPY,,,,,,,0.00,,0,,,,,,,,,,0.6751,2023-10-31T14:53:00+00:00,2309,2902
summary,2023-11-03,QQQ,,,,,,,0.00,,0,,,,,,,,,,0.7466,2023-10-31T14:54:00+00:00,2421,2974
trade,2023-11-03,AAPL,Long,2023-11-03T13:43:00+00:00,2023-11-03T15:26:00+00:00,174.7074,174.8125,1.72,0.18,0.000602,6180000,ScoreExit,0.3798,-0.0788,0.3137,0.3068,0.5479,-0.5379,-0.2919,0.5006,,,
summary,2023-11-03,AAPL,,,,,,,0.18,,1,,,,,,,,,,0.9536,2023-10-31T14:44:00+00:00,2243,2783
trade,2023-11-03,NVDA,Long,2023-11-03T13:52:00+00:00,2023-11-03T15:53:00+00:00,442.3639,446.5210,0.58,2.41,0.009398,7260000,MaxHoldTimeout,0.4029,0.3898,0.5434,0.2660,0.6299,0.4879,0.2512,0.6343,,,
summary,2023-11-03,NVDA,,,,,,,2.41,,1,,,,,,,,,,0.9060,2023-10-31T15:00:00+00:00,2423,2734
trade,2023-11-03,MSFT,Long,2023-11-03T14:17:00+00:00,2023-11-03T14:51:00+00:00,351.2804,350.3998,0.86,-0.75,-0.002507,2040000,ScoreExit,0.4089,-0.0520,0.5475,0.4619,0.2565,-0.3132,-0.1627,0.2565,,,
summary,2023-11-03,MSFT,,,,,,,-0.75,,1,,,,,,,,,,0.6319,2023-11-01T13:42:00+00:00,1745,2360
summary,2023-11-06,SPY,,,,,,,0.00,,0,,,,,,,,,,0.4941,2023-11-03T16:19:00+00:00,698,1161
trade,2023-11-06,QQQ,Long,2023-11-06T14:39:00+00:00,2023-11-06T14:49:00+00:00,369.6258,368.3645,0.81,-1.02,-0.003412,600000,ScoreExit,0.4002,-0.0555,0.5543,0.3691,0.4109,-0.5681,-0.1446,0.2935,,,
summary,2023-11-06,QQQ,,,,,,,-1.02,,1,,,,,,,,,,0.6597,2023-11-03T13:47:00+00:00,911,1199
summary,2023-11-06,AAPL,,,,,,,0.00,,0,,,,,,,,,,0.9382,2023-11-03T13:44:00+00:00,966,1164
trade,2023-11-06,NVDA,Long,2023-11-06T14:31:00+00:00,2023-11-06T15:56:00+00:00,454.0512,456.5880,0.66,1.68,0.005587,5100000,SessionClose,0.4198,0.2923,0.5512,0.3283,0.5591,0.3902,0.1514,0.5417,,,
summary,2023-11-06,NVDA,,,,,,,1.68,,1,,,,,,,,,,1.0000,2023-11-03T13:33:00+00:00,1012,1216
trade,2023-11-06,MSFT,Long,2023-11-06T14:31:00+00:00,2023-11-06T15:56:00+00:00,354.9715,357.0079,0.85,1.72,0.005737,5100000,SessionClose,0.4727,0.2354,0.5984,0.4364,0.5034,0.4619,0.0550,0.5205,,,
summary,2023-11-06,MSFT,,,,,,,1.72,,1,,,,,,,,,,0.9000,2023-11-03T14:18:00+00:00,810,1003
trade,2023-11-07,SPY,Long,2023-11-07T15:33:00+00:00,2023-11-07T15:56:00+00:00,436.8560,437.1038,0.69,0.17,0.000567,1380000,SessionClose,0.4010,0.3050,0.5537,0.3879,0.3763,0.2022,0.2680,0.4133,,,
summary,2023-11-07,SPY,,,,,,,0.17,,1,,,,,,,,,,0.4190,2023-11-07T15:49:00+00:00,688,1430
trade,2023-11-07,QQQ,Long,2023-11-07T15:01:00+00:00,2023-11-07T15:56:00+00:00,371.3964,372.9931,0.81,1.29,0.004299,3300000,SessionClose,0.4048,0.4453,0.5630,0.2995,0.5625,0.5198,0.3743,0.5625,,,
trade,2023-11-07,QQQ,Long,2023-11-07T16:00:00+00:00,2023-11-07T16:01:00+00:00,373.0969,372.7431,0.80,-0.28,-0.000948,60000,SessionClose,0.4219,0.2964,0.2859,0.3743,0.5625,-0.1509,0.2677,0.5028,,,
summary,2023-11-07,QQQ,,,,,,,1.01,,2,,,,,,,,,,0.4847,2023-11-07T15:50:00+00:00,797,1474
trade,2023-11-07,AAPL,Long,2023-11-07T15:58:00+00:00,2023-11-07T15:59:00+00:00,181.1693,181.1706,1.66,0.00,0.000007,60000,SessionClose,0.4236,0.4337,0.4369,0.3276,0.6113,0.5374,0.3276,0.6113,,,
summary,2023-11-07,AAPL,,,,,,,0.00,,1,,,,,,,,,,0.6746,2023-11-06T14:50:00+00:00,941,1295
trade,2023-11-07,NVDA,Long,2023-11-07T15:21:00+00:00,2023-11-07T15:56:00+00:00,457.1421,461.4165,0.63,2.70,0.009350,2100000,SessionClose,0.4761,0.5664,0.5743,0.3830,0.6297,0.5105,0.5302,0.6574,,,
trade,2023-11-07,NVDA,Long,2023-11-07T15:58:00+00:00,2023-11-07T15:59:00+00:00,461.1733,460.8726,0.65,-0.20,-0.000652,60000,SessionClose,0.5216,0.5178,0.0622,0.5302,0.6574,0.0243,0.5302,0.6574,,,
summary,2023-11-07,NVDA,,,,,,,2.51,,2,,,,,,,,,,0.8763,2023-11-06T10:10:00+00:00,830,1399
trade,2023-11-07,MSFT,Long,2023-11-07T15:26:00+00:00,2023-11-07T15:56:00+00:00,359.7829,361.9164,0.83,1.78,0.005930,1800000,SessionClose,0.4334,0.4177,0.2843,0.3677,0.6143,0.5536,0.2968,0.6143,,,
summary,2023-11-07,MSFT,,,,,,,1.78,,1,,,,,,,,,,0.5329,2023-11-06T14:41:00+00:00,755,1132
summary,2023-11-08,SPY,,,,,,,0.00,,0,,,,,,,,,,0.4190,2023-11-07T15:49:00+00:00,1068,2152
summary,2023-11-08,QQQ,,,,,,,0.00,,0,,,,,,,,,,0.4847,2023-11-07T15:50:00+00:00,1348,2294
summary,2023-11-08,AAPL,,,,,,,0.00,,0,,,,,,,,,,0.6746,2023-11-06T14:50:00+00:00,1485,2013
trade,2023-11-08,NVDA,Long,2023-11-08T14:34:00+00:00,2023-11-08T15:21:00+00:00,461.8935,461.7664,0.65,-0.08,-0.000275,2820000,ScoreExit,0.4061,-0.0656,0.5264,0.4036,0.3708,-0.5625,-0.1624,0.2937,,,
summary,2023-11-08,NVDA,,,,,,,-0.08,,1,,,,,,,,,,0.8763,2023-11-06T10:10:00+00:00,1344,2127
trade,2023-11-08,MSFT,Long,2023-11-08T14:31:00+00:00,2023-11-08T15:01:00+00:00,362.3137,362.2713,0.83,-0.04,-0.000117,1800000,ScoreExit,0.4347,-0.1216,0.5714,0.4956,0.2674,-0.2923,-0.2690,0.2301,,,
summary,2023-11-08,MSFT,,,,,,,-0.04,,1,,,,,,,,,,0.5329,2023-11-06T14:41:00+00:00,1160,1727
summary,2023-11-09,SPY,,,,,,,0.00,,0,,,,,,,,,,0.4233,2023-11-07T15:49:00+00:00,1238,2713
summary,2023-11-09,QQQ,,,,,,,0.00,,0,,,,,,,,,,0.4757,2023-11-07T15:50:00+00:00,1667,2826
summary,2023-11-09,AAPL,,,,,,,0.00,,0,,,,,,,,,,0.9921,2023-11-06T14:38:00+00:00,1859,2511
trade,2023-11-09,NVDA,Long,2023-11-09T14:51:00+00:00,2023-11-09T15:56:00+00:00,474.4073,476.6787,0.47,1.08,0.004788,3900000,SessionClose,0.4021,0.2682,0.2552,0.3076,0.6402,0.1976,0.1048,0.6186,,,
summary,2023-11-09,NVDA,,,,,,,1.08,,1,,,,,,,,,,1.0000,2023-11-06T14:37:00+00:00,1886,2724
summary,2023-11-09,MSFT,,,,,,,0.00,,0,,,,,,,,,,0.7742,2023-11-06T15:22:00+00:00,1427,2198
summary,2023-11-10,SPY,,,,,,,0.00,,0,,,,,,,,,,0.8671,2023-11-07T15:53:00+00:00,1345,2763
summary,2023-11-10,QQQ,,,,,,,0.00,,0,,,,,,,,,,0.9553,2023-11-07T15:50:00+00:00,1631,2902
summary,2023-11-10,AAPL,,,,,,,0.00,,0,,,,,,,,,,0.9555,2023-11-07T16:00:00+00:00,1973,2564
trade,2023-11-10,NVDA,Long,2023-11-10T14:33:00+00:00,2023-11-10T15:26:00+00:00,476.1478,475.7522,0.63,-0.25,-0.000831,3180000,ScoreExit,0.4418,-0.0844,0.5753,0.3954,0.4901,-0.2952,-0.3478,0.5126,,,
trade,2023-11-10,NVDA,Long,2023-11-10T15:56:00+00:00,2023-11-10T15:57:00+00:00,477.9683,477.8816,0.63,-0.05,-0.000182,60000,SessionClose,0.4296,0.4282,0.5582,0.3667,0.5126,0.5436,0.3667,0.5126,,,
trade,2023-11-10,NVDA,Long,2023-11-10T15:59:00+00:00,2023-11-10T16:00:00+00:00,478.7436,478.5814,0.63,-0.10,-0.000339,60000,SessionClose,0.4305,0.4312,0.5672,0.3667,0.5126,0.5741,0.3667,0.5126,,,
summary,2023-11-10,NVDA,,,,,,,-0.41,,3,,,,,,,,,,0.9589,2023-11-07T15:52:00+00:00,2088,2765
summary,2023-11-10,MSFT,,,,,,,0.00,,0,,,,,,,,,,0.9581,2023-11-07T15:46:00+00:00,1493,2262
summary,2023-11-13,SPY,,,,,,,0.00,,0,,,,,,,,,,0.7505,2023-11-10T16:04:00+00:00,882,1178
summary,2023-11-13,QQQ,,,,,,,0.00,,0,,,,,,,,,,0.8576,2023-11-10T16:04:00+00:00,944,1193
summary,2023-11-13,AAPL,,,,,,,0.00,,0,,,,,,,,,,0.7822,2023-11-10T16:04:00+00:00,677,1133
trade,2023-11-13,NVDA,Long,2023-11-13T15:01:00+00:00,2023-11-13T15:56:00+00:00,484.2105,486.1992,0.45,0.89,0.004107,3300000,SessionClose,0.4632,0.1016,0.5296,0.4211,0.5252,-0.3989,-0.0268,0.5252,,,
summary,2023-11-13,NVDA,,,,,,,0.89,,1,,,,,,,,,,1.0000,2023-11-10T14:40:00+00:00,1047,1231
summary,2023-11-13,MSFT,,,,,,,0.00,,0,,,,,,,,,,0.9568,2023-11-10T16:04:00+00:00,799,1055
summary,2023-11-14,SPY,,,,,,,0.00,,0,,,,,,,,,,0.6292,2023-11-14T13:49:00+00:00,947,1373
summary,2023-11-14,QQQ,,,,,,,0.00,,0,,,,,,,,,,0.7078,2023-11-13T10:34:00+00:00,1069,1486
summary,2023-11-14,AAPL,,,,,,,0.00,,0,,,,,,,,,,0.5631,2023-11-14T13:49:00+00:00,726,1232
trade,2023-11-14,NVDA,Long,2023-11-14T15:41:00+00:00,2023-11-14T15:56:00+00:00,495.9340,495.2414,0.55,-0.38,-0.001397,900000,SessionClose,0.4535,0.2208,0.5463,0.3532,0.6231,-0.2129,0.0920,0.6231,,,
summary,2023-11-14,NVDA,,,,,,,-0.38,,1,,,,,,,,,,0.8769,2023-11-13T10:25:00+00:00,1093,1433
summary,2023-11-14,MSFT,,,,,,,0.00,,0,,,,,,,,,,0.6628,2023-11-13T11:01:00+00:00,638,1147
summary,2023-11-15,SPY,,,,,,,0.00,,0,,,,,,,,,,0.6292,2023-11-14T13:49:00+00:00,1583,2213
summary,2023-11-15,QQQ,,,,,,,0.00,,0,,,,,,,,,,0.7078,2023-11-13T10:34:00+00:00,1733,2380
trade,2023-11-15,AAPL,Long,2023-11-15T14:31:00+00:00,2023-11-15T15:56:00+00:00,187.9214,189.1132,1.60,1.90,0.006342,5100000,SessionClose,0.3667,0.4152,0.3289,0.3647,0.3832,0.5258,0.3744,0.4598,,,
trade,2023-11-15,AAPL,Long,2023-11-15T15:58:00+00:00,2023-11-15T15:59:00+00:00,189.1317,188.9883,1.59,-0.23,-0.000758,60000,SessionClose,0.3785,0.3718,0.1595,0.3744,0.4598,0.0916,0.3744,0.4598,,,
summary,2023-11-15,AAPL,,,,,,,1.68,,2,,,,,,,,,,0.5631,2023-11-14T13:49:00+00:00,1271,1969
summary,2023-11-15,NVDA,,,,,,,0.00,,0,,,,,,,,,,0.8769,2023-11-13T10:25:00+00:00,1526,2259
summary,2023-11-15,MSFT,,,,,,,0.00,,0,,,,,,,,,,0.6628,2023-11-13T11:01:00+00:00,1072,1844
summary,2023-11-16,SPY,,,,,,,0.00,,0,,,,,,,,,,0.7791,2023-11-13T15:53:00+00:00,1970,2790
summary,2023-11-16,QQQ,,,,,,,0.00,,0,,,,,,,,,,0.7554,2023-11-13T15:53:00+00:00,2119,3004
summary,2023-11-16,AAPL,,,,,,,0.00,,0,,,,,,,,,,0.5503,2023-11-14T13:49:00+00:00,1717,2528
summary,2023-11-16,NVDA,,,,,,,0.00,,0,,,,,,,,,,1.0000,2023-11-13T14:32:00+00:00,1541,2795
trade,2023-11-16,MSFT,Long,2023-11-16T14:36:00+00:00,2023-11-16T15:36:00+00:00,372.5767,373.6779,0.81,0.89,0.002955,3600000,ScoreExit,0.4062,-0.0870,0.5471,0.3976,0.3764,-0.5925,-0.1869,0.2813,,,
summary,2023-11-16,MSFT,,,,,,,0.89,,1,,,,,,,,,,0.7930,2023-11-13T15:54:00+00:00,1546,2423
summary,2023-11-17,SPY,,,,,,,0.00,,0,,,,,,,,,,0.8521,2023-11-14T15:47:00+00:00,1679,2812
summary,2023-11-17,QQQ,,,,,,,0.00,,0,,,,,,,,,,0.7696,2023-11-14T15:47:00+00:00,1647,2998
summary,2023-11-17,AAPL,,,,,,,0.00,,0,,,,,,,,,,0.5224,2023-11-14T19:50:00+00:00,1727,2619
summary,2023-11-17,NVDA,,,,,,,0.00,,0,,,,,,,,,,0.9356,2023-11-14T15:44:00+00:00,1382,2801
summary,2023-11-17,MSFT,,,,,,,0.00,,0,,,,,,,,,,0.6808,2023-11-14T15:49:00+00:00,1364,2493
summary,2023-11-20,SPY,,,,,,,0.00,,0,,,,,,,,,,0.4102,2023-11-17T19:09:00+00:00,754,1128
trade,2023-11-20,QQQ,Long,2023-11-20T14:32:00+00:00,2023-11-20T15:56:00+00:00,387.3612,388.1785,0.77,0.63,0.002110,5040000,SessionClose,0.4119,0.3452,0.5888,0.3808,0.4151,0.5442,0.2452,0.4789,,,
summary,2023-11-20,QQQ,,,,,,,0.63,,1,,,,,,,,,,0.5028,2023-11-17T19:09:00+00:00,851,1204
trade,2023-11-20,AAPL,Long,2023-11-20T14:31:00+00:00,2023-11-20T15:56:00+00:00,190.6191,190.9177,1.57,0.47,0.001567,5100000,SessionClose,0.4406,0.3271,0.5302,0.3786,0.5346,0.4939,0.1993,0.5272,,,
summary,2023-11-20,AAPL,,,,,,,0.47,,1,,,,,,,,,,0.4483,2023-11-20T14:32:00+00:00,698,1089
trade,2023-11-20,NVDA,Long,2023-11-20T15:01:00+00:00,2023-11-20T15:56:00+00:00,495.5136,496.9359,0.55,0.79,0.002870,3300000,SessionClose,0.4237,0.1455,0.0895,0.4898,0.4030,-0.2878,0.0301,0.5207,,,
summary,2023-11-20,NVDA,,,,,,,0.79,,1,,,,,,,,,,0.8597,2023-11-17T14:51:00+00:00,688,1170
trade,2023-11-20,MSFT,Long,2023-11-20T14:31:00+00:00,2023-11-20T15:47:00+00:00,373.7371,372.6932,0.69,-0.72,-0.002793,4560000,MaxHoldTimeout,0.6279,0.0748,0.6462,0.5932,0.6913,-0.3121,-0.0785,0.5103,,,
summary,2023-11-20,MSFT,,,,,,,-0.72,,1,,,,,,,,,,0.8842,2023-11-20T09:05:00+00:00,710,1321
summary,2023-11-21,SPY,,,,,,,0.00,,0,,,,,,,,,,0.4637,2023-11-20T19:47:00+00:00,894,1398
summary,2023-11-21,QQQ,,,,,,,0.00,,0,,,,,,,,,,0.5613,2023-11-20T10:11:00+00:00,896,1507
summary,2023-11-21,AAPL,,,,,,,0.00,,0,,,,,,,,,,0.7597,2023-11-20T10:14:00+00:00,704,1240
trade,2023-11-21,NVDA,Long,2023-11-21T14:36:00+00:00,2023-11-21T14:48:00+00:00,503.5660,500.6477,0.60,-1.74,-0.005795,720000,ScoreExit,0.4467,-0.0678,0.5936,0.5287,0.2337,-0.6398,-0.0578,0.1028,,,
summary,2023-11-21,NVDA,,,,,,,-1.74,,1,,,,,,,,,,0.7125,2023-11-20T15:14:00+00:00,1005,1468
summary,2023-11-21,MSFT,,,,,,,0.00,,0,,,,,,,,,,1.0000,2023-11-20T09:00:00+00:00,614,1479
summary,2023-11-22,SPY,,,,,,,0.00,,0,,,,,,,,,,0.4637,2023-11-20T19:47:00+00:00,1360,2195
summary,2023-11-22,QQQ,,,,,,,0.00,,0,,,,,,,,,,0.5613,2023-11-20T10:11:00+00:00,1443,2397
trade,2023-11-22,AAPL,Long,2023-11-22T14:31:00+00:00,2023-11-22T15:01:00+00:00,192.4228,191.6275,1.56,-1.24,-0.004133,1800000,ScoreExit,0.4226,-0.0616,0.5948,0.4528,0.3048,-0.4409,-0.1367,0.2149,,,
summary,2023-11-22,AAPL,,,,,,,-1.24,,1,,,,,,,,,,0.7597,2023-11-20T10:14:00+00:00,1120,1932
summary,2023-11-22,NVDA,,,,,,,0.00,,0,,,,,,,,,,0.7218,2023-11-22T11:30:00+00:00,1298,2414
summary,2023-11-22,MSFT,,,,,,,0.00,,0,,,,,,,,,,1.0000,2023-11-20T09:00:00+00:00,1095,2242
summary,2023-11-23,SPY,,,,,,,0.00,,0,,,,,,,,,,0.7799,2023-11-20T16:03:00+00:00,1299,2118
summary,2023-11-23,QQQ,,,,,,,0.00,,0,,,,,,,,,,0.8212,2023-11-20T16:04:00+00:00,1457,2272
summary,2023-11-23,AAPL,,,,,,,0.00,,0,,,,,,,,,,0.7974,2023-11-20T14:33:00+00:00,914,1830
summary,2023-11-23,NVDA,,,,,,,0.00,,0,,,,,,,,,,0.9013,2023-11-20T15:04:00+00:00,1242,2393
summary,2023-11-23,MSFT,,,,,,,0.00,,0,,,,,,,,,,1.0000,2023-11-20T14:35:00+00:00,1088,2002
summary,2023-11-24,SPY,,,,,,,0.00,,0,,,,,,,,,,0.4032,2023-11-22T14:36:00+00:00,1062,1831
summary,2023-11-24,QQQ,,,,,,,0.00,,0,,,,,,,,,,0.4315,2023-11-22T14:31:00+00:00,1024,1945
summary,2023-11-24,AAPL,,,,,,,0.00,,0,,,,,,,,,,0.4771,2023-11-22T14:30:00+00:00,609,1598
summary,2023-11-24,NVDA,,,,,,,0.00,,0,,,,,,,,,,1.0000,2023-11-21T14:38:00+00:00,614,2200
summary,2023-11-24,MSFT,,,,,,,0.00,,0,,,,,,,,,,0.7238,2023-11-21T14:38:00+00:00,902,1610
summary,2023-11-27,SPY,,,,,,,0.00,,0,,,,,,,,,,0.3077,2023-11-24T17:16:00+00:00,334,937
summary,2023-11-27,QQQ,,,,,,,0.00,,0,,,,,,,,,,0.3565,2023-11-27T15:09:00+00:00,398,917
summary,2023-11-27,AAPL,,,,,,,0.00,,0,,,,,,,,,,0.3939,2023-11-27T16:54:00+00:00,325,831
trade,2023-11-27,NVDA,Long,2023-11-27T14:39:00+00:00,2023-11-27T15:54:00+00:00,480.0790,481.0905,0.62,0.62,0.002107,4500000,ScoreExit,0.4006,-0.0575,0.4415,0.5258,0.1367,-0.4979,-0.1506,0.2754,,,
summary,2023-11-27,NVDA,,,,,,,0.62,,1,,,,,,,,,,1.0000,2023-11-24T14:33:00+00:00,296,988
summary,2023-11-27,MSFT,,,,,,,0.00,,0,,,,,,,,,,0.4601,2023-11-27T17:10:00+00:00,448,769
summary,2023-11-28,SPY,,,,,,,0.00,,0,,,,,,,,,,0.6953,2023-11-27T10:26:00+00:00,686,1337
summary,2023-11-28,QQQ,,,,,,,0.00,,0,,,,,,,,,,0.5678,2023-11-27T10:23:00+00:00,635,1386
trade,2023-11-28,AAPL,Long,2023-11-28T15:40:00+00:00,2023-11-28T15:56:00+00:00,190.3721,189.9780,1.58,-0.62,-0.002070,960000,SessionClose,0.3545,0.0115,0.5380,0.3607,0.2810,-0.5456,-0.0008,0.2217,,,
summary,2023-11-28,AAPL,,,,,,,-0.62,,1,,,,,,,,,,0.7246,2023-11-27T11:00:00+00:00,680,1188
summary,2023-11-28,NVDA,,,,,,,0.00,,0,,,,,,,,,,0.6771,2023-11-27T14:39:00+00:00,694,1316
trade,2023-11-28,MSFT,Long,2023-11-28T14:31:00+00:00,2023-11-28T15:56:00+00:00,379.1987,380.9607,0.79,1.39,0.004647,5100000,SessionClose,0.4324,0.1131,0.5683,0.4721,0.3075,-0.5714,0.0213,0.5248,,,
summary,2023-11-28,MSFT,,,,,,,1.39,,1,,,,,,,,,,0.6102,2023-11-27T17:10:00+00:00,689,1067
summary,2023-11-29,SPY,,,,,,,0.00,,0,,,,,,,,,,0.6953,2023-11-27T10:26:00+00:00,1132,2088
summary,2023-11-29,QQQ,,,,,,,0.00,,0,,,,,,,,,,0.5678,2023-11-27T10:23:00+00:00,1186,2233
trade,2023-11-29,AAPL,Long,2023-11-29T14:31:00+00:00,2023-11-29T15:06:00+00:00,191.9126,191.2976,1.56,-0.96,-0.003204,2100000,ScoreExit,0.3892,-0.0810,0.6093,0.3981,0.2981,-0.5636,-0.1520,0.2218,,,
summary,2023-11-29,AAPL,,,,,,,-0.96,,1,,,,,,,,,,0.7246,2023-11-27T11:00:00+00:00,862,1925
trade,2023-11-29,NVDA,Long,2023-11-29T14:44:00+00:00,2023-11-29T15:06:00+00:00,485.8550,483.6468,0.62,-1.36,-0.004545,1320000,ScoreExit,0.4010,-0.1487,0.3951,0.4146,0.3756,-0.6004,-0.3078,0.3202,,,
summary,2023-11-29,NVDA,,,,,,,-1.36,,1,,,,,,,,,,0.6771,2023-11-27T14:39:00+00:00,1061,2093
summary,2023-11-29,MSFT,,,,,,,0.00,,0,,,,,,,,,,0.6102,2023-11-27T17:10:00+00:00,906,1704
summary,2023-11-30,SPY,,,,,,,0.00,,0,,,,,,,,,,0.3923,2023-11-27T15:41:00+00:00,1155,2645
summary,2023-11-30,QQQ,,,,,,,0.00,,0,,,,,,,,,,0.7110,2023-11-27T15:48:00+00:00,1272,2821
summary,2023-11-30,AAPL,,,,,,,0.00,,0,,,,,,,,,,0.6190,2023-11-27T16:54:00+00:00,924,2420
summary,2023-11-30,NVDA,,,,,,,0.00,,0,,,,,,,,,,1.0000,2023-11-27T14:39:00+00:00,978,2616
summary,2023-11-30,MSFT,,,,,,,0.00,,0,,,,,,,,,,0.7086,2023-11-27T15:57:00+00:00,904,2221
summary,2023-12-01,SPY,,,,,,,0.00,,0,,,,,,,,,,0.8244,2023-11-28T15:44:00+00:00,1458,2677
summary,2023-12-01,QQQ,,,,,,,0.00,,0,,,,,,,,,,0.8555,2023-11-28T15:44:00+00:00,1316,2838
summary,2023-12-01,AAPL,,,,,,,0.00,,0,,,,,,,,,,0.8369,2023-11-28T15:42:00+00:00,913,2416
summary,2023-12-01,NVDA,,,,,,,0.00,,0,,,,,,,,,,0.6231,2023-11-28T16:35:00+00:00,788,2656
summary,2023-12-01,MSFT,,,,,,,0.00,,0,,,,,,,,,,0.9400,2023-11-28T15:42:00+00:00,584,2243
summary,2023-12-04,SPY,,,,,,,0.00,,0,,,,,,,,,,0.5780,2023-12-01T16:53:00+00:00,619,1200
summary,2023-12-04,QQQ,,,,,,,0.00,,0,,,,,,,,,,0.6434,2023-12-01T16:04:00+00:00,572,1196
summary,2023-12-04,AAPL,,,,,,,0.00,,0,,,,,,,,,,0.8355,2023-12-01T16:04:00+00:00,456,1063
summary,2023-12-04,NVDA,,,,,,,0.00,,0,,,,,,,,,,1.0000,2023-12-01T14:40:00+00:00,344,1143
summary,2023-12-04,MSFT,,,,,,,0.00,,0,,,,,,,,,,0.5841,2023-12-01T17:54:00+00:00,230,991
summary,2023-12-05,SPY,,,,,,,0.00,,0,,,,,,,,,,0.4071,2023-12-04T17:33:00+00:00,672,1415
trade,2023-12-05,QQQ,Long,2023-12-05T15:01:00+00:00,2023-12-05T15:56:00+00:00,387.0311,388.2985,0.78,0.98,0.003275,3300000,SessionClose,0.5066,0.3170,0.5748,0.5038,0.4894,0.4548,0.2054,0.4945,,,
summary,2023-12-05,QQQ,,,,,,,0.98,,1,,,,,,,,,,0.5089,2023-12-05T15:04:00+00:00,701,1497
trade,2023-12-05,AAPL,Long,2023-12-05T14:31:00+00:00,2023-12-05T15:56:00+00:00,191.4524,194.1367,1.57,4.21,0.014021,5100000,SessionClose,0.5663,0.3516,0.5622,0.4856,0.7292,0.3391,0.1308,0.7973,,,
trade,2023-12-05,AAPL,Long,2023-12-05T15:58:00+00:00,2023-12-05T15:59:00+00:00,194.3033,194.1517,1.55,-0.23,-0.000780,60000,SessionClose,0.3517,0.3362,0.3405,0.1308,0.7973,0.1854,0.1308,0.7973,,,
summary,2023-12-05,AAPL,,,,,,,3.97,,2,,,,,,,,,,0.6575,2023-12-05T15:04:00+00:00,666,1263
summary,2023-12-05,NVDA,,,,,,,0.00,,0,,,,,,,,,,0.8491,2023-12-05T15:04:00+00:00,604,1382
trade,2023-12-05,MSFT,Long,2023-12-05T14:43:00+00:00,2023-12-05T15:56:00+00:00,369.1057,372.3536,0.81,2.64,0.008799,4380000,SessionClose,0.4227,0.1799,0.5894,0.4155,0.3813,0.0137,0.0472,0.5008,,,
summary,2023-12-05,MSFT,,,,,,,2.64,,1,,,,,,,,,,0.6903,2023-12-04T16:58:00+00:00,784,1154
summary,2023-12-06,SPY,,,,,,,0.00,,0,,,,,,,,,,0.4071,2023-12-04T17:33:00+00:00,1086,2181
summary,2023-12-06,QQQ,,,,,,,0.00,,0,,,,,,,,,,0.5089,2023-12-05T15:04:00+00:00,1203,2339
summary,2023-12-06,AAPL,,,,,,,0.00,,0,,,,,,,,,,0.6575,2023-12-05T15:04:00+00:00,1130,1987
summary,2023-12-06,NVDA,,,,,,,0.00,,0,,,,,,,,,,0.8491,2023-12-05T15:04:00+00:00,1056,2218
summary,2023-12-06,MSFT,,,,,,,0.00,,0,,,,,,,,,,0.6903,2023-12-04T16:58:00+00:00,1113,1752
summary,2023-12-07,SPY,,,,,,,0.00,,0,,,,,,,,,,0.4291,2023-12-04T17:14:00+00:00,1327,2709
summary,2023-12-07,QQQ,,,,,,,0.00,,0,,,,,,,,,,0.5143,2023-12-05T15:01:00+00:00,1617,2895
summary,2023-12-07,AAPL,,,,,,,0.00,,0,,,,,,,,,,0.6314,2023-12-05T14:43:00+00:00,1587,2480
trade,2023-12-07,NVDA,Long,2023-12-07T14:34:00+00:00,2023-12-07T15:56:00+00:00,460.3731,462.7894,0.65,1.58,0.005249,4920000,SessionClose,0.4179,0.2623,0.6584,0.5345,0.1043,-0.5496,0.3250,0.4076,,,
summary,2023-12-07,NVDA,,,,,,,1.58,,1,,,,,,,,,,0.9097,2023-12-04T15:04:00+00:00,1300,2836
summary,2023-12-07,MSFT,,,,,,,0.00,,0,,,,,,,,,,0.6907,2023-12-04T16:58:00+00:00,1415,2262
summary,2023-12-08,SPY,,,,,,,0.00,,0,,,,,,,,,,0.8183,2023-12-05T15:59:00+00:00,1460,2676
trade,2023-12-08,QQQ,Long,2023-12-08T15:05:00+00:00,2023-12-08T15:56:00+00:00,390.9823,391.8674,0.77,0.68,0.002264,3060000,SessionClose,0.4067,0.2953,0.5754,0.4035,0.3569,0.5513,0.2218,0.3569,,,
summary,2023-12-08,QQQ,,,,,,,0.68,,1,,,,,,,,,,0.9582,2023-12-05T15:46:00+00:00,1623,2827
summary,2023-12-08,AAPL,,,,,,,0.00,,0,,,,,,,,,,1.0000,2023-12-05T14:36:00+00:00,1409,2403
trade,2023-12-08,NVDA,Long,2023-12-08T14:31:00+00:00,2023-12-08T15:56:00+00:00,467.9904,476.6919,0.64,5.58,0.018594,5100000,SessionClose,0.4779,0.4304,0.6167,0.4672,0.4530,0.1845,0.3803,0.6124,,,
trade,2023-12-08,NVDA,Long,2023-12-08T15:58:00+00:00,2023-12-08T15:59:00+00:00,477.2381,477.0817,0.63,-0.10,-0.000328,60000,SessionClose,0.4537,0.4653,0.4177,0.3803,0.6124,0.5343,0.3803,0.6124,,,
summary,2023-12-08,NVDA,,,,,,,5.49,,2,,,,,,,,,,0.9604,2023-12-05T15:54:00+00:00,1685,2833
trade,2023-12-08,MSFT,Long,2023-12-08T15:03:00+00:00,2023-12-08T15:41:00+00:00,371.2263,371.1836,0.81,-0.03,-0.000115,2280000,ScoreExit,0.4004,-0.0555,0.5029,0.4540,0.2589,-0.5169,-0.1425,0.2723,,,
summary,2023-12-08,MSFT,,,,,,,-0.03,,1,,,,,,,,,,0.9601,2023-12-05T15:46:00+00:00,1215,2178
summary,2023-12-11,SPY,,,,,,,0.00,,0,,,,,,,,,,0.6534,2023-12-08T15:16:00+00:00,816,1144
trade,2023-12-11,QQQ,Long,2023-12-11T14:39:00+00:00,2023-12-11T15:56:00+00:00,393.2729,394.5016,0.76,0.94,0.003124,4620000,SessionClose,0.4287,0.1925,0.5711,0.3937,0.4514,0.5412,-0.0005,0.4620,,,
summary,2023-12-11,QQQ,,,,,,,0.94,,1,,,,,,,,,,0.8982,2023-12-08T15:09:00+00:00,904,1145
summary,2023-12-11,AAPL,,,,,,,0.00,,0,,,,,,,,,,0.7522,2023-12-08T15:55:00+00:00,485,1109
summary,2023-12-11,NVDA,,,,,,,0.00,,0,,,,,,,,,,1.0000,2023-12-08T14:40:00+00:00,619,1132
summary,2023-12-11,MSFT,,,,,,,0.00,,0,,,,,,,,,,0.9487,2023-12-08T15:55:00+00:00,568,985
summary,2023-12-12,SPY,,,,,,,0.00,,0,,,,,,,,,,0.3841,2023-12-12T20:07:00+00:00,995,1378
summary,2023-12-12,QQQ,,,,,,,0.00,,0,,,,,,,,,,0.5254,2023-12-11T18:04:00+00:00,1140,1441
trade,2023-12-12,AAPL,Long,2023-12-12T15:37:00+00:00,2023-12-12T15:56:00+00:00,193.2228,193.0371,1.55,-0.29,-0.000961,1140000,SessionClose,0.3535,0.1609,0.5485,0.3747,0.2462,-0.3595,0.2129,0.2304,,,
summary,2023-12-12,AAPL,,,,,,,-0.29,,1,,,,,,,,,,0.4296,2023-12-11T12:18:00+00:00,703,1276
trade,2023-12-12,NVDA,Long,2023-12-12T14:36:00+00:00,2023-12-12T15:56:00+00:00,464.3643,471.5435,0.46,3.28,0.015460,4800000,SessionClose,0.4747,0.3448,0.4991,0.4959,0.4243,0.5897,0.1691,0.6147,,,
summary,2023-12-12,NVDA,,,,,,,3.28,,1,,,,,,,,,,0.7985,2023-12-12T14:45:00+00:00,828,1324
summary,2023-12-12,MSFT,,,,,,,0.00,,0,,,,,,,,,,0.6077,2023-12-11T15:50:00+00:00,771,1116
summary,2023-12-13,SPY,,,,,,,0.00,,0,,,,,,,,,,0.4943,2023-12-13T19:40:00+00:00,1487,2127
summary,2023-12-13,QQQ,,,,,,,0.00,,0,,,,,,,,,,0.5254,2023-12-11T18:04:00+00:00,1785,2256
trade,2023-12-13,AAPL,Long,2023-12-13T15:29:00+00:00,2023-12-13T15:56:00+00:00,196.5539,196.1411,1.53,-0.63,-0.002100,1620000,SessionClose,0.3525,0.0573,0.5554,0.3028,0.3842,-0.5113,-0.0114,0.3842,,,
summary,2023-12-13,AAPL,,,,,,,-0.63,,1,,,,,,,,,,0.4296,2023-12-11T12:18:00+00:00,1253,1957
summary,2023-12-13,NVDA,,,,,,,0.00,,0,,,,,,,,,,0.7985,2023-12-12T14:45:00+00:00,1320,2072
summary,2023-12-13,MSFT,,,,,,,0.00,,0,,,,,,,,,,0.6077,2023-12-11T15:50:00+00:00,1161,1740
summary,2023-12-14,SPY,,,,,,,0.00,,0,,,,,,,,,,0.7666,2023-12-11T15:51:00+00:00,2062,2779
summary,2023-12-14,QQQ,,,,,,,0.00,,0,,,,,,,,,,0.8665,2023-12-11T15:52:00+00:00,2400,2928
trade,2023-12-14,AAPL,Long,2023-12-14T14:31:00+00:00,2023-12-14T15:56:00+00:00,198.7646,199.1452,1.51,0.57,0.001915,5100000,SessionClose,0.4601,0.1841,0.5621,0.4114,0.5235,0.4039,-0.0165,0.5119,,,
summary,2023-12-14,AAPL,,,,,,,0.57,,1,,,,,,,,,,0.5214,2023-12-12T00:23:00+00:00,1897,2576
summary,2023-12-14,NVDA,,,,,,,0.00,,0,,,,,,,,,,0.7908,2023-12-12T14:45:00+00:00,1790,2702
summary,2023-12-14,MSFT,,,,,,,0.00,,0,,,,,,,,,,0.9587,2023-12-11T15:47:00+00:00,1470,2350
summary,2023-12-15,SPY,,,,,,,0.00,,0,,,,,,,,,,0.7826,2023-12-12T16:04:00+00:00,2026,2859
summary,2023-12-15,QQQ,,,,,,,0.00,,0,,,,,,,,,,0.8191,2023-12-12T16:04:00+00:00,2295,2961
summary,2023-12-15,AAPL,,,,,,,0.00,,0,,,,,,,,,,0.8947,2023-12-12T15:42:00+00:00,2064,2605
trade,2023-12-15,NVDA,Long,2023-12-15T14:31:00+00:00,2023-12-15T15:56:00+00:00,484.4703,491.9251,0.56,4.18,0.015387,5100000,SessionClose,0.4775,0.1178,0.5534,0.4831,0.4409,-0.4397,0.0221,0.4951,,,
summary,2023-12-15,NVDA,,,,,,,4.18,,1,,,,,,,,,,1.0000,2023-12-12T14:36:00+00:00,1947,2718
summary,2023-12-15,MSFT,,,,,,,0.00,,0,,,,,,,,,,0.7126,2023-12-12T16:03:00+00:00,1223,2452
summary,2023-12-18,SPY,,,,,,,0.00,,0,,,,,,,,,,0.7453,2023-12-15T15:53:00+00:00,713,1141
summary,2023-12-18,QQQ,,,,,,,0.00,,0,,,,,,,,,,0.7388,2023-12-15T15:53:00+00:00,557,1172
summary,2023-12-18,AAPL,,,,,,,0.00,,0,,,,,,,,,,0.5704,2023-12-15T15:22:00+00:00,234,1185
summary,2023-12-18,NVDA,,,,,,,0.00,,0,,,,,,,,,,1.0000,2023-12-15T14:33:00+00:00,785,1117
trade,2023-12-18,MSFT,Long,2023-12-18T15:18:00+00:00,2023-12-18T15:56:00+00:00,371.2663,370.6638,0.81,-0.49,-0.001623,2280000,SessionClose,0.4024,-0.0235,0.5262,0.3687,0.4283,-0.2560,-0.1727,0.3525,,,
summary,2023-12-18,MSFT,,,,,,,-0.49,,1,,,,,,,,,,1.0000,2023-12-15T14:36:00+00:00,789,999
summary,2023-12-19,SPY,,,,,,,0.00,,0,,,,,,,,,,0.4851,2023-12-18T10:33:00+00:00,878,1309
summary,2023-12-19,QQQ,,,,,,,0.00,,0,,,,,,,,,,0.4501,2023-12-18T17:19:00+00:00,963,1383
trade,2023-12-19,AAPL,Long,2023-12-19T15:31:00+00:00,2023-12-19T15:56:00+00:00,196.6685,196.7260,1.53,0.09,0.000292,1500000,SessionClose,0.3630,0.2577,0.5151,0.3152,0.4080,0.5319,0.1313,0.4191,,,
summary,2023-12-19,AAPL,,,,,,,0.09,,1,,,,,,,,,,0.5651,2023-12-18T18:29:00+00:00,774,1275
summary,2023-12-19,NVDA,,,,,,,0.00,,0,,,,,,,,,,0.7085,2023-12-18T15:28:00+00:00,698,1345
summary,2023-12-19,MSFT,,,,,,,0.00,,0,,,,,,,,,,0.6395,2023-12-18T15:27:00+00:00,728,1070
summary,2023-12-20,SPY,,,,,,,0.00,,0,,,,,,,,,,0.4851,2023-12-18T10:33:00+00:00,1305,2066
summary,2023-12-20,QQQ,,,,,,,0.00,,0,,,,,,,,,,0.4501,2023-12-18T17:19:00+00:00,1464,2171
summary,2023-12-20,AAPL,,,,,,,0.00,,0,,,,,,,,,,0.5651,2023-12-18T18:29:00+00:00,1206,1984
trade,2023-12-20,NVDA,Long,2023-12-20T14:31:00+00:00,2023-12-20T15:31:00+00:00,495.9030,497.2488,0.61,0.81,0.002714,3600000,ScoreExit,0.4336,-0.0747,0.4472,0.5693,0.1574,-0.5216,-0.1749,0.2748,,,
summary,2023-12-20,NVDA,,,,,,,0.81,,1,,,,,,,,,,0.7085,2023-12-18T15:28:00+00:00,942,2111
summary,2023-12-20,MSFT,,,,,,,0.00,,0,,,,,,,,,,0.6395,2023-12-18T15:27:00+00:00,1088,1667
summary,2023-12-21,SPY,,,,,,,0.00,,0,,,,,,,,,,0.4791,2023-12-18T17:19:00+00:00,1283,2733
summary,2023-12-21,QQQ,,,,,,,0.00,,0,,,,,,,,,,0.5372,2023-12-18T17:19:00+00:00,1511,2818
summary,2023-12-21,AAPL,,,,,,,0.00,,0,,,,,,,,,,0.5823,2023-12-18T18:29:00+00:00,1276,2505
summary,2023-12-21,NVDA,,,,,,,0.00,,0,,,,,,,,,,0.9036,2023-12-18T15:19:00+00:00,888,2754
summary,2023-12-21,MSFT,,,,,,,0.00,,0,,,,,,,,,,0.8936,2023-12-18T15:27:00+00:00,1233,2180
summary,2023-12-22,SPY,,,,,,,0.00,,0,,,,,,,,,,0.7350,2023-12-19T16:04:00+00:00,1351,2808
summary,2023-12-22,QQQ,,,,,,,0.00,,0,,,,,,,,,,0.6222,2023-12-19T16:04:00+00:00,1321,2844
summary,2023-12-22,AAPL,,,,,,,0.00,,0,,,,,,,,,,0.5063,2023-12-19T15:32:00+00:00,549,2533
summary,2023-12-22,NVDA,,,,,,,0.00,,0,,,,,,,,,,0.8989,2023-12-19T14:32:00+00:00,953,2674
summary,2023-12-22,MSFT,,,,,,,0.00,,0,,,,,,,,,,0.4994,2023-12-19T20:59:00+00:00,1162,2187
summary,2023-12-25,SPY,,,,,,,0.00,,0,,,,,,,,,,0.3998,2023-12-22T14:40:00+00:00,97,499
summary,2023-12-25,QQQ,,,,,,,0.00,,0,,,,,,,,,,0.3630,2023-12-22T14:50:00+00:00,99,521
summary,2023-12-25,AAPL,,,,,,,0.00,,0,,,,,,,,,,0.4015,2023-12-22T14:53:00+00:00,16,502
summary,2023-12-25,NVDA,,,,,,,0.00,,0,,,,,,,,,,0.7701,2023-12-22T15:44:00+00:00,39,519
summary,2023-12-25,MSFT,,,,,,,0.00,,0,,,,,,,,,,0.7694,2023-12-22T15:40:00+00:00,293,474
summary,2023-12-26,SPY,,,,,,,0.00,,0,,,,,,,,,,0.4332,2023-12-26T11:04:00+00:00,357,557
summary,2023-12-26,QQQ,,,,,,,0.00,,0,,,,,,,,,,0.4081,2023-12-26T10:42:00+00:00,355,572
summary,2023-12-26,AAPL,,,,,,,0.00,,0,,,,,,,,,,0.3118,2023-12-26T20:27:00+00:00,93,522
trade,2023-12-26,NVDA,Long,2023-12-26T14:31:00+00:00,2023-12-26T15:30:00+00:00,490.9422,493.8668,0.61,1.79,0.005957,3540000,ScoreExit,0.4717,-0.0614,0.5751,0.4882,0.4043,-0.4555,-0.0566,0.0605,,,
summary,2023-12-26,NVDA,,,,,,,1.79,,1,,,,,,,,,,0.7728,2023-12-26T14:40:00+00:00,250,545
trade,2023-12-26,MSFT,Long,2023-12-26T14:43:00+00:00,2023-12-26T14:51:00+00:00,376.8681,375.7172,0.80,-0.92,-0.003054,480000,ScoreExit,0.4230,-0.0526,0.5611,0.2960,0.6308,-0.4474,-0.0370,0.0477,,,
summary,2023-12-26,MSFT,,,,,,,-0.92,,1,,,,,,,,,,0.4230,2023-12-26T14:42:00+00:00,102,471
summary,2023-12-27,SPY,,,,,,,0.00,,0,,,,,,,,,,0.4332,2023-12-26T11:04:00+00:00,784,1256
summary,2023-12-27,QQQ,,,,,,,0.00,,0,,,,,,,,,,0.4081,2023-12-26T10:42:00+00:00,851,1309
summary,2023-12-27,AAPL,,,,,,,0.00,,0,,,,,,,,,,0.3768,2023-12-27T18:48:00+00:00,353,1162
summary,2023-12-27,NVDA,,,,,,,0.00,,0,,,,,,,,,,0.7728,2023-12-26T14:40:00+00:00,698,1222
summary,2023-12-27,MSFT,,,,,,,0.00,,0,,,,,,,,,,0.4230,2023-12-26T14:42:00+00:00,336,985
summary,2023-12-28,SPY,,,,,,,0.00,,0,,,,,,,,,,0.4332,2023-12-26T11:04:00+00:00,1267,1992
summary,2023-12-28,QQQ,,,,,,,0.00,,0,,,,,,,,,,0.4081,2023-12-26T10:42:00+00:00,1298,2056
trade,2023-12-28,AAPL,Long,2023-12-28T14:43:00+00:00,2023-12-28T15:56:00+00:00,194.5133,194.3217,1.54,-0.30,-0.000985,4380000,SessionClose,0.3600,0.0702,0.3872,0.4035,0.2640,0.0862,-0.0387,0.2825,,,
summary,2023-12-28,AAPL,,,,,,,-0.30,,1,,,,,,,,,,0.3768,2023-12-27T18:48:00+00:00,840,1846
trade,2023-12-28,NVDA,Long,2023-12-28T15:46:00+00:00,2023-12-28T15:56:00+00:00,497.0891,497.6878,0.60,0.36,0.001205,600000,SessionClose,0.4360,0.2739,0.4452,0.4636,0.3777,0.0914,0.2524,0.3777,,,
summary,2023-12-28,NVDA,,,,,,,0.36,,1,,,,,,,,,,0.7728,2023-12-26T14:40:00+00:00,1145,1881
summary,2023-12-28,MSFT,,,,,,,0.00,,0,,,,,,,,,,0.4230,2023-12-26T14:42:00+00:00,735,1556
summary,2023-12-29,SPY,,,,,,,0.00,,0,,,,,,,,,,0.4049,2023-12-26T20:31:00+00:00,1481,2543
summary,2023-12-29,QQQ,,,,,,,0.00,,0,,,,,,,,,,0.4687,2023-12-26T20:32:00+00:00,1360,2574
summary,2023-12-29,AAPL,,,,,,,0.00,,0,,,,,,,,,,0.3927,2023-12-26T14:43:00+00:00,932,2354
summary,2023-12-29,NVDA,,,,,,,0.00,,0,,,,,,,,,,1.0000,2023-12-26T14:40:00+00:00,1355,2416
summary,2023-12-29,MSFT,,,,,,,0.00,,0,,,,,,,,,,0.6256,2023-12-26T14:42:00+00:00,923,2028
