row_type,date,ticker,direction,entry_time,exit_time,entry_price,exit_price,size,pnl,pnl_pct,hold_duration_ms,exit_reason,entry_composite,exit_composite,entry_1m,entry_5m,entry_1h,exit_1m,exit_5m,exit_1h,max_composite,max_composite_time,positive_ticks,total_ticks
summary,2023-01-02,SPY,,,,,,,0.00,,0,,,,,,,,,,0.5987,2022-12-30T15:49:00+00:00,248,489
summary,2023-01-02,QQQ,,,,,,,0.00,,0,,,,,,,,,,0.8876,2022-12-30T15:49:00+00:00,313,494
summary,2023-01-02,AAPL,,,,,,,0.00,,0,,,,,,,,,,0.9582,2022-12-30T15:48:00+00:00,346,494
summary,2023-01-02,NVDA,,,,,,,0.00,,0,,,,,,,,,,1.0000,2022-12-30T14:34:00+00:00,344,460
summary,2023-01-02,MSFT,,,,,,,0.00,,0,,,,,,,,,,0.8492,2022-12-30T15:49:00+00:00,255,444
trade,2023-01-03,SPY,Long,2023-01-03T14:42:00+00:00,2023-01-03T15:56:00+00:00,386.2508,381.1505,0.78,-3.96,-0.013205,4440000,SessionClose,0.3654,0.0000,0.5573,0.1425,0.7471,0.0585,0.2036,-0.7648,,,
summary,2023-01-03,SPY,,,,,,,-3.96,,1,,,,,,,,,,0.4810,2023-01-03T09:16:00+00:00,148,685
summary,2023-01-03,QQQ,,,,,,,0.00,,0,,,,,,,,,,0.4774,2023-01-03T14:39:00+00:00,201,696
summary,2023-01-03,AAPL,,,,,,,0.00,,0,,,,,,,,,,0.5841,2023-01-03T09:04:00+00:00,95,655
trade,2023-01-03,NVDA,Long,2023-01-03T14:38:00+00:00,2023-01-03T14:46:00+00:00,148.4594,148.4771,2.02,0.04,0.000119,480000,ScoreExit,0.4249,-0.1688,0.3210,0.3549,0.5994,-0.3220,-0.2692,0.0831,,,
summary,2023-01-03,NVDA,,,,,,,0.04,,1,,,,,,,,,,0.8150,2023-01-03T09:36:00+00:00,133,610
summary,2023-01-03,MSFT,,,,,,,0.00,,0,,,,,,,,,,0.7615,2023-01-03T09:45:00+00:00,132,525
trade,2023-01-04,SPY,Long,2023-01-04T14:40:00+00:00,2023-01-04T15:01:00+00:00,383.3100,382.0903,0.78,-0.95,-0.003182,1260000,ScoreExit,0.2385,-0.1365,0.1577,0.1659,0.4107,-0.3582,-0.3319,0.3283,,,
summary,2023-01-04,SPY,,,,,,,-0.95,,1,,,,,,,,,,0.4810,2023-01-03T09:16:00+00:00,703,1493
summary,2023-01-04,QQQ,,,,,,,0.00,,0,,,,,,,,,,0.4774,2023-01-03T14:39:00+00:00,778,1541
trade,2023-01-04,AAPL,Long,2023-01-04T15:49:00+00:00,2023-01-04T15:56:00+00:00,126.8730,126.7982,2.36,-0.18,-0.000590,420000,SessionClose,0.4060,0.3982,0.5038,0.3694,0.4465,0.1867,0.4092,0.4465,,,
trade,2023-01-04,AAPL,Long,2023-01-04T16:00:00+00:00,2023-01-04T16:01:00+00:00,127.0031,126.6330,2.36,-0.87,-0.002914,60000,SessionClose,0.4307,0.2096,0.5123,0.4092,0.4465,-0.4960,0.1392,0.5856,,,
summary,2023-01-04,AAPL,,,,,,,-1.05,,2,,,,,,,,,,0.5841,2023-01-03T09:04:00+00:00,557,1528
trade,2023-01-04,NVDA,Long,2023-01-04T14:46:00+00:00,2023-01-04T14:52:00+00:00,145.1788,145.8413,2.07,1.37,0.004563,360000,ScoreExit,0.0748,-0.0773,-0.5675,0.0002,0.4379,-0.1632,-0.3206,0.4379,,,
summary,2023-01-04,NVDA,,,,,,,1.37,,1,,,,,,,,,,0.8150,2023-01-03T09:36:00+00:00,640,1270
summary,2023-01-04,MSFT,,,,,,,0.00,,0,,,,,,,,,,0.7615,2023-01-03T09:45:00+00:00,186,1238
summary,2023-01-05,SPY,,,,,,,0.00,,0,,,,,,,,,,0.4810,2023-01-03T09:16:00+00:00,1053,2362
summary,2023-01-05,QQQ,,,,,,,0.00,,0,,,,,,,,,,0.4774,2023-01-03T14:39:00+00:00,1065,2434
summary,2023-01-05,AAPL,,,,,,,0.00,,0,,,,,,,,,,0.5841,2023-01-03T09:04:00+00:00,1006,2416
summary,2023-01-05,NVDA,,,,,,,0.00,,0,,,,,,,,,,0.8150,2023-01-03T09:36:00+00:00,812,1952
summary,2023-01-05,MSFT,,,,,,,0.00,,0,,,,,,,,,,0.7615,2023-01-03T09:45:00+00:00,186,1971
trade,2023-01-06,SPY,Long,2023-01-06T15:15:00+00:00,2023-01-06T15:56:00+00:00,382.7498,385.0494,0.78,1.80,0.006008,2460000,SessionClose,0.1688,0.3917,-0.0661,0.0825,0.4196,0.3618,0.3548,0.4757,,,
trade,2023-01-06,SPY,Long,2023-01-06T15:58:00+00:00,2023-01-06T15:59:00+00:00,385.3906,385.2344,0.78,-0.12,-0.000405,60000,SessionClose,0.4003,0.4078,0.4476,0.3548,0.4757,0.5219,0.3548,0.4757,,,
summary,2023-01-06,SPY,,,,,,,1.68,,2,,,,,,,,,,0.7856,2023-01-03T14:41:00+00:00,1358,2893
trade,2023-01-06,QQQ,Long,2023-01-06T15:34:00+00:00,2023-01-06T15:56:00+00:00,264.2042,265.2854,1.14,1.23,0.004092,1320000,SessionClose,0.3570,0.4215,0.4378,0.3418,0.3604,0.3203,0.4003,0.4976,,,
trade,2023-01-06,QQQ,Long,2023-01-06T15:58:00+00:00,2023-01-06T15:59:00+00:00,265.5847,265.5753,1.13,-0.01,-0.000035,60000,SessionClose,0.4361,0.4430,0.4668,0.4003,0.4976,0.5359,0.4003,0.4976,,,
summary,2023-01-06,QQQ,,,,,,,1.22,,2,,,,,,,,,,0.9208,2023-01-03T14:41:00+00:00,1229,2977
trade,2023-01-06,AAPL,Long,2023-01-06T15:06:00+00:00,2023-01-06T15:56:00+00:00,126.4315,127.2368,2.37,1.91,0.006369,3000000,SessionClose,0.3118,0.3041,0.1188,0.2742,0.4512,-0.1727,0.2768,0.5175,,,
trade,2023-01-06,AAPL,Long,2023-01-06T15:58:00+00:00,2023-01-06T15:59:00+00:00,127.3432,127.2968,2.36,-0.11,-0.000364,60000,SessionClose,0.3247,0.3395,0.0341,0.2768,0.5175,0.1814,0.2768,0.5175,,,
summary,2023-01-06,AAPL,,,,,,,1.80,,2,,,,,,,,,,1.0000,2023-01-03T14:41:00+00:00,1466,2956
trade,2023-01-06,NVDA,Long,2023-01-06T15:44:00+00:00,2023-01-06T15:56:00+00:00,144.2888,145.1514,2.08,1.79,0.005979,720000,SessionClose,0.4201,0.5222,0.5240,0.3991,0.4273,0.1088,0.5712,0.5618,,,
trade,2023-01-06,NVDA,Long,2023-01-06T15:58:00+00:00,2023-01-06T15:59:00+00:00,145.4186,145.5113,2.06,0.19,0.000638,60000,SessionClose,0.5445,0.5594,0.3325,0.5712,0.5618,0.4812,0.5712,0.5618,,,
summary,2023-01-06,NVDA,,,,,,,1.98,,2,,,,,,,,,,1.0000,2023-01-03T14:38:00+00:00,1064,2358
summary,2023-01-06,MSFT,,,,,,,0.00,,0,,,,,,,,,,1.0000,2023-01-03T14:33:00+00:00,249,2477
trade,2023-01-09,SPY,Long,2023-01-09T15:28:00+00:00,2023-01-09T15:56:00+00:00,391.6425,393.0570,0.77,1.08,0.003612,1680000,SessionClose,0.1628,0.1931,-0.1040,0.0312,0.5149,0.5148,-0.0215,0.5149,,,
summary,2023-01-09,SPY,,,,,,,1.08,,1,,,,,,,,,,0.9544,2023-01-06T15:49:00+00:00,956,1148
summary,2023-01-09,QQQ,,,,,,,0.00,,0,,,,,,,,,,0.9536,2023-01-06T15:58:00+00:00,1008,1147
trade,2023-01-09,AAPL,Long,2023-01-09T15:19:00+00:00,2023-01-09T15:56:00+00:00,132.1546,132.9651,2.27,1.84,0.006133,2220000,SessionClose,0.3163,0.2310,-0.2907,0.2519,0.6477,0.3903,-0.0038,0.6477,,,
summary,2023-01-09,AAPL,,,,,,,1.84,,1,,,,,,,,,,1.0000,2023-01-06T14:34:00+00:00,986,1143
trade,2023-01-09,NVDA,Long,2023-01-09T14:36:00+00:00,2023-01-09T15:56:00+00:00,151.8655,159.6171,1.98,15.35,0.051042,4800000,SessionClose,0.4178,0.3623,-0.5564,0.2890,1.0000,0.4794,0.0328,0.9823,,,
trade,2023-01-09,NVDA,Long,2023-01-09T15:58:00+00:00,2023-01-09T15:59:00+00:00,159.0527,159.0573,1.90,0.01,0.000029,60000,SessionClose,0.2606,0.2649,-0.5377,0.0328,0.9823,-0.4950,0.0328,0.9823,,,
summary,2023-01-09,NVDA,,,,,,,15.35,,2,,,,,,,,,,0.9600,2023-01-06T15:53:00+00:00,934,1041
trade,2023-01-09,MSFT,Long,2023-01-09T15:32:00+00:00,2023-01-09T15:56:00+00:00,229.1437,229.8760,1.31,0.96,0.003196,1440000,SessionClose,0.3144,0.1609,0.4188,0.1374,0.6337,-0.0052,-0.0478,0.6337,,,
summary,2023-01-09,MSFT,,,,,,,0.96,,1,,,,,,,,,,1.0000,2023-01-06T14:35:00+00:00,802,980
summary,2023-01-10,SPY,,,,,,,0.00,,0,,,,,,,,,,0.7258,2023-01-09T10:23:00+00:00,597,1506
summary,2023-01-10,QQQ,,,,,,,0.00,,0,,,,,,,,,,0.6488,2023-01-09T15:03:00+00:00,732,1518
summary,2023-01-10,AAPL,,,,,,,0.00,,0,,,,,,,,,,0.6675,2023-01-09T15:07:00+00:00,476,1444
trade,2023-01-10,NVDA,Long,2023-01-10T14:31:00+00:00,2023-01-10T14:47:00+00:00,155.7917,155.2984,1.93,-0.95,-0.003167,960000,ScoreExit,0.5069,-0.0527,0.3440,0.6969,0.1813,-0.6584,-0.0687,0.1813,,,
trade,2023-01-10,NVDA,Long,2023-01-10T15:12:00+00:00,2023-01-10T15:31:00+00:00,157.2522,156.9579,1.91,-0.56,-0.001871,1140000,ScoreExit,0.3818,-0.1408,0.3427,0.4109,0.3365,-0.5898,-0.2788,0.2847,,,
summary,2023-01-10,NVDA,,,,,,,-1.52,,2,,,,,,,,,,0.8975,2023-01-09T09:25:00+00:00,820,1264
trade,2023-01-10,MSFT,Long,2023-01-10T14:37:00+00:00,2023-01-10T15:31:00+00:00,230.0240,228.7663,1.30,-1.64,-0.005467,3240000,ScoreExit,0.3183,-0.2001,0.3253,0.1721,0.6084,-0.5920,-0.4010,0.3324,,,
summary,2023-01-10,MSFT,,,,,,,-1.64,,1,,,,,,,,,,0.6607,2023-01-09T15:00:00+00:00,710,1166
summary,2023-01-11,SPY,,,,,,,0.00,,0,,,,,,,,,,0.7258,2023-01-09T10:23:00+00:00,1304,2355
summary,2023-01-11,QQQ,,,,,,,0.00,,0,,,,,,,,,,0.6488,2023-01-09T15:03:00+00:00,1402,2351
summary,2023-01-11,AAPL,,,,,,,0.00,,0,,,,,,,,,,0.6675,2023-01-09T15:07:00+00:00,1062,2211
summary,2023-01-11,NVDA,,,,,,,0.00,,0,,,,,,,,,,0.8975,2023-01-09T09:25:00+00:00,1292,1926
summary,2023-01-11,MSFT,,,,,,,0.00,,0,,,,,,,,,,0.6607,2023-01-09T15:00:00+00:00,1290,1796
trade,2023-01-12,SPY,Long,2023-01-12T15:36:00+00:00,2023-01-12T15:56:00+00:00,396.6340,395.8462,0.76,-0.60,-0.001986,1200000,SessionClose,0.3864,0.1786,0.4803,0.3789,0.3703,0.4589,0.0361,0.3703,,,
summary,2023-01-12,SPY,,,,,,,-0.60,,1,,,,,,,,,,0.9339,2023-01-09T15:49:00+00:00,1779,2964
trade,2023-01-12,QQQ,Long,2023-01-12T15:36:00+00:00,2023-01-12T15:56:00+00:00,277.9684,277.1618,1.08,-0.87,-0.002902,1200000,SessionClose,0.3724,0.1508,0.4182,0.3660,0.3700,0.4014,-0.0005,0.3700,,,
summary,2023-01-12,QQQ,,,,,,,-0.87,,1,,,,,,,,,,0.9547,2023-01-09T15:45:00+00:00,1825,2933
summary,2023-01-12,AAPL,,,,,,,0.00,,0,,,,,,,,,,0.9540,2023-01-09T15:46:00+00:00,1703,2775
trade,2023-01-12,NVDA,Long,2023-01-12T15:23:00+00:00,2023-01-12T15:56:00+00:00,159.9330,159.8520,1.86,-0.15,-0.000506,1980000,SessionClose,0.2545,0.2790,0.0788,0.1916,0.4390,0.5273,0.1576,0.4390,,,
trade,2023-01-12,NVDA,Long,2023-01-12T16:00:00+00:00,2023-01-12T16:01:00+00:00,159.3873,158.5274,1.88,-1.62,-0.005395,60000,SessionClose,0.2024,0.0909,-0.2392,0.1576,0.4390,-0.5002,-0.0242,0.5182,,,
summary,2023-01-12,NVDA,,,,,,,-1.77,,2,,,,,,,,,,1.0000,2023-01-09T14:41:00+00:00,1700,2406
trade,2023-01-12,MSFT,Long,2023-01-12T15:08:00+00:00,2023-01-12T15:56:00+00:00,235.9106,237.7037,1.27,2.28,0.007601,2880000,SessionClose,0.2681,0.1650,0.1767,0.2075,0.4200,0.4902,-0.0167,0.4200,,,
summary,2023-01-12,MSFT,,,,,,,2.28,,1,,,,,,,,,,0.9507,2023-01-09T15:40:00+00:00,1693,2303
summary,2023-01-13,SPY,,,,,,,0.00,,0,,,,,,,,,,0.7288,2023-01-10T15:16:00+00:00,2348,2964
summary,2023-01-13,QQQ,,,,,,,0.00,,0,,,,,,,,,,1.0000,2023-01-10T14:34:00+00:00,2391,2928
trade,2023-01-13,AAPL,Long,2023-01-13T15:11:00+00:00,2023-01-13T15:56:00+00:00,133.1599,133.7549,2.25,1.34,0.004468,2700000,SessionClose,0.3779,0.2585,0.3512,0.4283,0.2858,0.3918,0.2227,0.2858,,,
summary,2023-01-13,AAPL,,,,,,,1.34,,1,,,,,,,,,,1.0000,2023-01-10T14:34:00+00:00,2061,2738
trade,2023-01-13,NVDA,Long,2023-01-13T14:34:00+00:00,2023-01-13T15:56:00+00:00,162.9439,167.7447,1.84,8.83,0.029463,4920000,SessionClose,0.4352,0.2888,0.3661,0.4920,0.3447,0.1725,0.1686,0.5680,,,
trade,2023-01-13,NVDA,Long,2023-01-13T15:58:00+00:00,2023-01-13T15:59:00+00:00,167.9554,167.4547,1.79,-0.90,-0.002981,60000,SessionClose,0.3034,0.2484,0.3183,0.1686,0.5680,-0.2321,0.1686,0.5680,,,
summary,2023-01-13,NVDA,,,,,,,7.94,,2,,,,,,,,,,1.0000,2023-01-10T14:32:00+00:00,1839,2408
summary,2023-01-13,MSFT,,,,,,,0.00,,0,,,,,,,,,,1.0000,2023-01-10T14:34:00+00:00,1596,2281
summary,2023-01-16,SPY,,,,,,,0.00,,0,,,,,,,,,,0.8811,2023-01-13T15:47:00+00:00,452,493
summary,2023-01-16,QQQ,,,,,,,0.00,,0,,,,,,,,,,0.9522,2023-01-13T15:47:00+00:00,437,488
summary,2023-01-16,AAPL,,,,,,,0.00,,0,,,,,,,,,,0.9573,2023-01-13T15:40:00+00:00,440,476
summary,2023-01-16,NVDA,,,,,,,0.00,,0,,,,,,,,,,1.0000,2023-01-13T14:34:00+00:00,410,454
summary,2023-01-16,MSFT,,,,,,,0.00,,0,,,,,,,,,,0.5954,2023-01-13T15:06:00+00:00,309,443
trade,2023-01-17,SPY,Long,2023-01-17T15:01:00+00:00,2023-01-17T15:36:00+00:00,399.2748,399.1952,0.75,-0.06,-0.000199,2100000,ScoreExit,0.3756,-0.1048,0.4279,0.3751,0.3592,-0.4770,-0.1762,0.1620,,,
summary,2023-01-17,SPY,,,,,,,-0.06,,1,,,,,,,,,,0.4970,2023-01-17T15:03:00+00:00,263,650
trade,2023-01-17,QQQ,Long,2023-01-17T14:30:00+00:00,2023-01-17T14:36:00+00:00,280.8592,280.5358,1.07,-0.35,-0.001152,360000,ScoreExit,0.3548,-0.1176,0.3080,0.3190,0.4421,-0.3627,-0.1541,0.0370,,,
trade,2023-01-17,QQQ,Long,2023-01-17T15:01:00+00:00,2023-01-17T15:37:00+00:00,281.7795,281.4605,1.07,-0.34,-0.001132,2160000,ScoreExit,0.5089,-0.0879,0.4811,0.4093,0.7176,-0.5683,-0.1169,0.1300,,,
summary,2023-01-17,QQQ,,,,,,,-0.69,,2,,,,,,,,,,0.6039,2023-01-17T15:03:00+00:00,391,656
trade,2023-01-17,AAPL,Long,2023-01-17T14:33:00+00:00,2023-01-17T14:37:00+00:00,135.0355,135.0345,2.22,-0.00,-0.000008,240000,ScoreExit,0.1701,-0.0518,0.1820,0.0403,0.4256,0.1358,-0.3089,0.3998,,,
trade,2023-01-17,AAPL,Long,2023-01-17T14:47:00+00:00,2023-01-17T15:41:00+00:00,135.3555,135.6393,2.22,0.63,0.002097,3240000,ScoreExit,0.3175,-0.1340,0.4780,0.0955,0.7080,-0.5813,-0.1323,0.0118,,,
summary,2023-01-17,AAPL,,,,,,,0.63,,2,,,,,,,,,,0.6707,2023-01-17T15:23:00+00:00,391,606
summary,2023-01-17,NVDA,,,,,,,0.00,,0,,,,,,,,,,0.7909,2023-01-17T14:39:00+00:00,465,557
summary,2023-01-17,MSFT,,,,,,,0.00,,0,,,,,,,,,,0.6751,2023-01-17T15:09:00+00:00,348,553
summary,2023-01-18,SPY,,,,,,,0.00,,0,,,,,,,,,,0.4970,2023-01-17T15:03:00+00:00,541,1477
summary,2023-01-18,QQQ,,,,,,,0.00,,0,,,,,,,,,,0.6039,2023-01-17T15:03:00+00:00,740,1484
summary,2023-01-18,AAPL,,,,,,,0.00,,0,,,,,,,,,,0.6707,2023-01-17T15:23:00+00:00,836,1394
trade,2023-01-18,NVDA,Long,2023-01-18T15:27:00+00:00,2023-01-18T15:36:00+00:00,177.0481,176.4720,1.70,-0.98,-0.003254,540000,ScoreExit,0.1570,-0.1457,0.1355,0.0183,0.4416,-0.4654,-0.3861,0.4416,,,
summary,2023-01-18,NVDA,,,,,,,-0.98,,1,,,,,,,,,,0.7909,2023-01-17T14:39:00+00:00,992,1333
summary,2023-01-18,MSFT,,,,,,,0.00,,0,,,,,,,,,,0.6751,2023-01-17T15:09:00+00:00,560,1195
summary,2023-01-19,SPY,,,,,,,0.00,,0,,,,,,,,,,0.4970,2023-01-17T15:03:00+00:00,541,2378
summary,2023-01-19,QQQ,,,,,,,0.00,,0,,,,,,,,,,0.6039,2023-01-17T15:03:00+00:00,740,2364
summary,2023-01-19,AAPL,,,,,,,0.00,,0,,,,,,,,,,0.6707,2023-01-17T15:23:00+00:00,931,2233
summary,2023-01-19,NVDA,,,,,,,0.00,,0,,,,,,,,,,0.7909,2023-01-17T14:39:00+00:00,992,2048
summary,2023-01-19,MSFT,,,,,,,0.00,,0,,,,,,,,,,0.6751,2023-01-17T15:09:00+00:00,560,1873
summary,2023-01-20,SPY,,,,,,,0.00,,0,,,,,,,,,,0.6349,2023-01-17T15:03:00+00:00,564,2976
summary,2023-01-20,QQQ,,,,,,,0.00,,0,,,,,,,,,,0.8959,2023-01-17T15:03:00+00:00,836,2944
summary,2023-01-20,AAPL,,,,,,,0.00,,0,,,,,,,,,,0.8964,2023-01-17T15:05:00+00:00,1255,2777
summary,2023-01-20,NVDA,,,,,,,0.00,,0,,,,,,,,,,1.0000,2023-01-17T14:31:00+00:00,1225,2524
trade,2023-01-20,MSFT,Long,2023-01-20T14:41:00+00:00,2023-01-20T15:42:00+00:00,235.6457,235.7143,1.27,0.09,0.000291,3660000,ScoreExit,0.3804,-0.0921,0.3453,0.5315,0.0897,-0.5459,-0.1280,0.1310,,,
summary,2023-01-20,MSFT,,,,,,,0.09,,1,,,,,,,,,,0.8955,2023-01-17T15:03:00+00:00,909,2330
trade,2023-01-23,SPY,Long,2023-01-23T16:00:00+00:00,2023-01-23T16:01:00+00:00,400.0250,399.8850,0.75,-0.11,-0.000350,60000,SessionClose,0.2898,0.4154,-0.0715,0.2063,0.5772,0.1676,0.3820,0.5648,,,
summary,2023-01-23,SPY,,,,,,,-0.11,,1,,,,,,,,,,0.8205,2023-01-20T16:04:00+00:00,1050,1153
trade,2023-01-23,QQQ,Long,2023-01-23T14:37:00+00:00,2023-01-23T15:56:00+00:00,283.4700,287.5087,1.06,4.28,0.014247,4740000,SessionClose,0.3696,0.2411,-0.0314,0.3210,0.6005,0.2283,0.0642,0.5992,,,
trade,2023-01-23,QQQ,Long,2023-01-23T15:58:00+00:00,2023-01-23T15:59:00+00:00,287.7113,287.6087,1.04,-0.11,-0.000357,60000,SessionClose,0.2470,0.2653,0.2867,0.0642,0.5992,0.4702,0.0642,0.5992,,,
summary,2023-01-23,QQQ,,,,,,,4.17,,2,,,,,,,,,,0.8699,2023-01-20T16:02:00+00:00,1057,1137
trade,2023-01-23,AAPL,Long,2023-01-23T15:58:00+00:00,2023-01-23T15:59:00+00:00,141.3924,141.2526,2.13,-0.30,-0.000989,60000,SessionClose,0.2854,0.2522,0.1986,0.0734,0.7382,-0.1338,0.0734,0.7382,,,
summary,2023-01-23,AAPL,,,,,,,-0.30,,1,,,,,,,,,,0.7934,2023-01-20T15:35:00+00:00,1018,1121
trade,2023-01-23,NVDA,Long,2023-01-23T14:41:00+00:00,2023-01-23T15:56:00+00:00,180.4491,188.1585,1.66,12.81,0.042723,4500000,SessionClose,0.4976,0.4969,0.3106,0.3174,0.9204,0.2738,0.2826,1.0000,,,
trade,2023-01-23,NVDA,Long,2023-01-23T15:58:00+00:00,2023-01-23T15:59:00+00:00,188.5415,188.4584,1.60,-0.13,-0.000441,60000,SessionClose,0.5192,0.5190,0.4965,0.2826,1.0000,0.4941,0.2826,1.0000,,,
summary,2023-01-23,NVDA,,,,,,,12.68,,2,,,,,,,,,,0.8965,2023-01-20T15:06:00+00:00,1022,1106
trade,2023-01-23,MSFT,Long,2023-01-23T14:36:00+00:00,2023-01-23T15:56:00+00:00,240.4171,242.8721,1.25,3.06,0.010211,4800000,SessionClose,0.2244,0.2388,-0.0133,0.0900,0.5724,-0.2756,0.1288,0.6301,,,
trade,2023-01-23,MSFT,Long,2023-01-23T15:58:00+00:00,2023-01-23T15:59:00+00:00,243.0679,242.9421,1.24,-0.16,-0.000518,60000,SessionClose,0.2723,0.2647,0.0596,0.1288,0.6301,-0.0166,0.1288,0.6301,,,
summary,2023-01-23,MSFT,,,,,,,2.91,,2,,,,,,,,,,0.9743,2023-01-20T14:41:00+00:00,969,1037
summary,2023-01-24,SPY,,,,,,,0.00,,0,,,,,,,,,,1.0000,2023-01-23T09:00:00+00:00,993,1501
summary,2023-01-24,QQQ,,,,,,,0.00,,0,,,,,,,,,,0.6369,2023-01-23T14:52:00+00:00,1043,1479
trade,2023-01-24,AAPL,Long,2023-01-24T14:38:00+00:00,2023-01-24T15:56:00+00:00,141.3624,142.0712,2.12,1.51,0.005014,4680000,SessionClose,0.4305,0.3416,0.5084,0.4499,0.3659,0.5407,0.1732,0.6122,,,
summary,2023-01-24,AAPL,,,,,,,1.51,,1,,,,,,,,,,0.6698,2023-01-23T14:52:00+00:00,963,1405
trade,2023-01-24,NVDA,Long,2023-01-24T14:32:00+00:00,2023-01-24T15:56:00+00:00,189.3070,192.1626,1.59,4.54,0.015085,5040000,SessionClose,0.5141,0.3093,0.5911,0.4650,0.5867,0.5171,0.0906,0.6773,,,
trade,2023-01-24,NVDA,Long,2023-01-24T16:00:00+00:00,2023-01-24T16:01:00+00:00,192.3827,192.0074,1.56,-0.59,-0.001951,60000,SessionClose,0.2663,0.3364,0.0872,0.0906,0.6773,-0.2144,0.2483,0.6961,,,
summary,2023-01-24,NVDA,,,,,,,3.95,,2,,,,,,,,,,0.8074,2023-01-23T09:33:00+00:00,1126,1409
summary,2023-01-24,MSFT,,,,,,,0.00,,0,,,,,,,,,,0.6232,2023-01-23T16:07:00+00:00,783,1235
summary,2023-01-25,SPY,,,,,,,0.00,,0,,,,,,,,,,1.0000,2023-01-23T09:00:00+00:00,1208,2403
summary,2023-01-25,QQQ,,,,,,,0.00,,0,,,,,,,,,,0.6369,2023-01-23T14:52:00+00:00,1272,2402
summary,2023-01-25,AAPL,,,,,,,0.00,,0,,,,,,,,,,0.6698,2023-01-23T14:52:00+00:00,1249,2256
summary,2023-01-25,NVDA,,,,,,,0.00,,0,,,,,,,,,,0.8074,2023-01-23T09:33:00+00:00,1499,2231
summary,2023-01-25,MSFT,,,,,,,0.00,,0,,,,,,,,,,0.7419,2023-01-24T21:06:00+00:00,1109,2137
summary,2023-01-26,SPY,,,,,,,0.00,,0,,,,,,,,,,0.9536,2023-01-23T16:03:00+00:00,1647,3016
summary,2023-01-26,QQQ,,,,,,,0.00,,0,,,,,,,,,,0.9534,2023-01-23T15:49:00+00:00,1792,3015
summary,2023-01-26,AAPL,,,,,,,0.00,,0,,,,,,,,,,1.0000,2023-01-23T14:33:00+00:00,1619,2813
summary,2023-01-26,NVDA,,,,,,,0.00,,0,,,,,,,,,,0.9608,2023-01-23T15:49:00+00:00,2056,2791
summary,2023-01-26,MSFT,,,,,,,0.00,,0,,,,,,,,,,1.0000,2023-01-23T14:40:00+00:00,1459,2683
trade,2023-01-27,SPY,Long,2023-01-27T14:50:00+00:00,2023-01-27T15:46:00+00:00,405.0565,404.9720,0.74,-0.06,-0.000209,3360000,ScoreExit,0.3601,-0.1098,0.4475,0.3565,0.3382,-0.4847,-0.2546,0.3048,,,
summary,2023-01-27,SPY,,,,,,,-0.06,,1,,,,,,,,,,0.8899,2023-01-24T15:56:00+00:00,2005,3032
trade,2023-01-27,QQQ,Long,2023-01-27T14:30:00+00:00,2023-01-27T15:46:00+00:00,292.0926,294.4566,1.03,2.43,0.008093,4560000,ScoreExit,0.1517,-0.0511,0.2175,0.0063,0.4204,-0.4472,-0.2157,0.4102,,,
summary,2023-01-27,QQQ,,,,,,,2.43,,1,,,,,,,,,,0.8917,2023-01-24T14:54:00+00:00,1952,3064
trade,2023-01-27,AAPL,Long,2023-01-27T14:36:00+00:00,2023-01-27T15:56:00+00:00,144.1982,144.4017,2.08,0.42,0.001411,4800000,SessionClose,0.4070,-0.0204,0.5127,0.3856,0.4145,-0.5485,-0.1488,0.4124,,,
summary,2023-01-27,AAPL,,,,,,,0.42,,1,,,,,,,,,,0.9451,2023-01-24T14:43:00+00:00,1951,2834
summary,2023-01-27,NVDA,,,,,,,0.00,,0,,,,,,,,,,1.0000,2023-01-24T14:32:00+00:00,1792,2789
summary,2023-01-27,MSFT,,,,,,,0.00,,0,,,,,,,,,,0.8939,2023-01-24T15:11:00+00:00,1861,2694
summary,2023-01-30,SPY,,,,,,,0.00,,0,,,,,,,,,,0.7207,2023-01-27T15:10:00+00:00,310,1168
summary,2023-01-30,QQQ,,,,,,,0.00,,0,,,,,,,,,,0.8908,2023-01-27T15:07:00+00:00,397,1176
summary,2023-01-30,AAPL,,,,,,,0.00,,0,,,,,,,,,,0.8919,2023-01-27T14:49:00+00:00,378,1137
summary,2023-01-30,NVDA,,,,,,,0.00,,0,,,,,,,,,,1.0000,2023-01-27T14:32:00+00:00,564,1075
summary,2023-01-30,MSFT,,,,,,,0.00,,0,,,,,,,,,,0.5767,2023-01-27T20:07:00+00:00,237,1015
summary,2023-01-31,SPY,,,,,,,0.00,,0,,,,,,,,,,0.4579,2023-01-30T14:47:00+00:00,650,1573
trade,2023-01-31,QQQ,Long,2023-01-31T15:29:00+00:00,2023-01-31T15:56:00+00:00,292.0726,292.3973,1.03,0.33,0.001112,1620000,SessionClose,0.3782,0.3694,0.4106,0.3541,0.4158,0.1774,0.3461,0.4800,,,
trade,2023-01-31,QQQ,Long,2023-01-31T15:58:00+00:00,2023-01-31T15:59:00+00:00,292.6828,292.5372,1.02,-0.15,-0.000497,60000,SessionClose,0.3914,0.3957,0.3597,0.3461,0.4925,0.3875,0.3461,0.4976,,,
summary,2023-01-31,QQQ,,,,,,,0.18,,2,,,,,,,,,,0.4448,2023-01-30T15:04:00+00:00,598,1562
summary,2023-01-31,AAPL,,,,,,,0.00,,0,,,,,,,,,,0.5065,2023-01-30T12:49:00+00:00,534,1423
trade,2023-01-31,NVDA,Long,2023-01-31T15:14:00+00:00,2023-01-31T15:56:00+00:00,192.0026,195.6013,1.56,5.62,0.018743,2520000,SessionClose,0.1839,0.6687,0.3194,0.0154,0.4757,0.5787,0.5927,0.8507,,,
trade,2023-01-31,NVDA,Long,2023-01-31T15:58:00+00:00,2023-01-31T15:59:00+00:00,195.9438,195.9662,1.53,0.03,0.000114,60000,SessionClose,0.6687,0.6673,0.5779,0.5927,0.8507,0.5642,0.5927,0.8507,,,
summary,2023-01-31,NVDA,,,,,,,5.66,,2,,,,,,,,,,0.6691,2023-01-31T15:56:00+00:00,479,1373
trade,2023-01-31,MSFT,Long,2023-01-31T14:46:00+00:00,2023-01-31T15:56:00+00:00,244.1282,244.6916,1.23,0.69,0.002308,4200000,SessionClose,0.2690,0.0603,0.2508,0.2039,0.4054,-0.4273,-0.0894,0.5224,,,
summary,2023-01-31,MSFT,,,,,,,0.69,,1,,,,,,,,,,0.4699,2023-01-31T20:57:00+00:00,530,1193
summary,2023-02-01,SPY,,,,,,,0.00,,0,,,,,,,,,,0.5267,2023-02-01T20:09:00+00:00,1223,2436
summary,2023-02-01,QQQ,,,,,,,0.00,,0,,,,,,,,,,0.6192,2023-02-01T20:08:00+00:00,1226,2432
summary,2023-02-01,AAPL,,,,,,,0.00,,0,,,,,,,,,,0.5811,2023-02-01T20:09:00+00:00,880,2185
summary,2023-02-01,NVDA,,,,,,,0.00,,0,,,,,,,,,,0.7300,2023-02-01T20:08:00+00:00,1055,2132
summary,2023-02-01,MSFT,,,,,,,0.00,,0,,,,,,,,,,0.6280,2023-02-01T20:05:00+00:00,999,1779
trade,2023-02-02,SPY,Long,2023-02-02T14:46:00+00:00,2023-02-02T14:56:00+00:00,413.8191,413.5809,0.73,-0.17,-0.000576,600000,ScoreExit,0.1045,-0.0796,-0.4595,0.0341,0.4332,-0.4272,-0.2781,0.4332,,,
trade,2023-02-02,SPY,Long,2023-02-02T15:16:00+00:00,2023-02-02T15:56:00+00:00,413.5190,416.6600,0.73,2.28,0.007596,2400000,SessionClose,0.2547,0.3781,0.0513,0.1360,0.5599,0.1938,0.3179,0.5599,,,
trade,2023-02-02,SPY,Long,2023-02-02T15:58:00+00:00,2023-02-02T15:59:00+00:00,416.6900,416.4850,0.72,-0.15,-0.000492,60000,SessionClose,0.3245,0.3424,-0.3419,0.3179,0.5599,-0.1633,0.3179,0.5599,,,
summary,2023-02-02,SPY,,,,,,,1.96,,3,,,,,,,,,,0.5752,2023-01-30T15:05:00+00:00,1771,3058
trade,2023-02-02,QQQ,Long,2023-02-02T15:58:00+00:00,2023-02-02T15:59:00+00:00,310.4881,310.4024,0.97,-0.08,-0.000276,60000,SessionClose,0.2952,0.3236,-0.5236,0.2948,0.5690,-0.2402,0.2948,0.5690,,,
summary,2023-02-02,QQQ,,,,,,,-0.08,,1,,,,,,,,,,0.6151,2023-02-01T20:08:00+00:00,1867,3067
trade,2023-02-02,AAPL,Long,2023-02-02T15:58:00+00:00,2023-02-02T15:59:00+00:00,150.1900,149.9900,2.00,-0.40,-0.001332,60000,SessionClose,0.3687,0.3520,-0.3036,0.3471,0.6360,-0.4714,0.3471,0.6360,,,
summary,2023-02-02,AAPL,,,,,,,-0.40,,1,,,,,,,,,,0.5777,2023-02-01T20:09:00+00:00,1510,2853
trade,2023-02-02,NVDA,Long,2023-02-02T14:42:00+00:00,2023-02-02T15:56:00+00:00,214.0292,213.4509,1.41,-0.81,-0.002702,4440000,SessionClose,0.6650,0.0817,0.5911,0.6756,0.6684,-0.3410,-0.1524,0.6907,,,
summary,2023-02-02,NVDA,,,,,,,-0.81,,1,,,,,,,,,,0.8997,2023-01-30T14:47:00+00:00,1796,2767
trade,2023-02-02,MSFT,Long,2023-02-02T14:33:00+00:00,2023-02-02T15:56:00+00:00,259.8329,260.2569,1.16,0.49,0.001632,4980000,SessionClose,0.6052,0.3352,0.5708,0.5699,0.6872,-0.1454,0.2178,0.7302,,,
trade,2023-02-02,MSFT,Long,2023-02-02T15:58:00+00:00,2023-02-02T15:59:00+00:00,260.3731,260.1519,1.15,-0.26,-0.000849,60000,SessionClose,0.3223,0.3154,-0.2746,0.2178,0.7302,-0.3436,0.2178,0.7302,,,
summary,2023-02-02,MSFT,,,,,,,0.24,,2,,,,,,,,,,0.6250,2023-02-01T20:05:00+00:00,1673,2387
summary,2023-02-03,SPY,,,,,,,0.00,,0,,,,,,,,,,0.8548,2023-01-31T16:02:00+00:00,2258,3061
trade,2023-02-03,QQQ,Long,2023-02-03T15:13:00+00:00,2023-02-03T15:56:00+00:00,308.8476,310.7817,0.97,1.88,0.006262,2580000,SessionClose,0.4473,0.0785,0.5260,0.4642,0.3871,-0.4673,0.0152,0.3871,,,
summary,2023-02-03,QQQ,,,,,,,1.88,,1,,,,,,,,,,0.9530,2023-01-31T16:02:00+00:00,2430,3123
trade,2023-02-03,AAPL,Long,2023-02-03T14:34:00+00:00,2023-02-03T15:56:00+00:00,149.4648,155.9083,2.01,12.96,0.043110,4920000,SessionClose,0.4589,0.2386,0.2514,0.3724,0.7011,-0.2573,0.0976,0.6858,,,
trade,2023-02-03,AAPL,Long,2023-02-03T15:58:00+00:00,2023-02-03T15:59:00+00:00,155.4516,155.6383,1.94,0.36,0.001201,60000,SessionClose,0.2077,0.2367,-0.5659,0.0976,0.6858,-0.2766,0.0976,0.6858,,,
summary,2023-02-03,AAPL,,,,,,,13.32,,2,,,,,,,,,,0.8918,2023-01-31T14:48:00+00:00,2201,2988
trade,2023-02-03,NVDA,Long,2023-02-03T14:36:00+00:00,2023-02-03T15:56:00+00:00,209.9580,216.0952,1.43,8.80,0.029231,4800000,SessionClose,0.1494,0.0374,-0.1005,0.0022,0.5272,-0.2287,-0.1360,0.4732,,,
summary,2023-02-03,NVDA,,,,,,,8.80,,1,,,,,,,,,,1.0000,2023-01-31T14:33:00+00:00,2177,2820
trade,2023-02-03,MSFT,Long,2023-02-03T14:35:00+00:00,2023-02-03T15:56:00+00:00,259.9029,261.8564,1.16,2.26,0.007516,4860000,SessionClose,0.1761,-0.0215,0.2529,0.0365,0.4295,-0.5262,-0.1501,0.4038,,,
summary,2023-02-03,MSFT,,,,,,,2.26,,1,,,,,,,,,,0.8444,2023-01-31T15:40:00+00:00,2086,2537
summary,2023-02-06,SPY,,,,,,,0.00,,0,,,,,,,,,,0.9512,2023-02-03T15:43:00+00:00,174,1185
summary,2023-02-06,QQQ,,,,,,,0.00,,0,,,,,,,,,,1.0000,2023-02-03T14:40:00+00:00,196,1196
summary,2023-02-06,MSFT,,,,,,,0.00,,0,,,,,,,,,,0.9375,2023-02-03T14:46:00+00:00,175,984
summary,2023-02-07,SPY,,,,,,,0.00,,0,,,,,,,,,,0.5034,2023-02-07T17:52:00+00:00,886,1552
summary,2023-02-07,QQQ,,,,,,,0.00,,0,,,,,,,,,,0.5815,2023-02-06T16:27:00+00:00,915,1561
trade,2023-02-07,AAPL,Long,2023-02-07T14:47:00+00:00,2023-02-07T15:56:00+00:00,152.5307,152.5992,1.97,0.13,0.000449,4140000,SessionClose,0.4078,0.0576,0.4526,0.4505,0.3075,-0.5056,-0.0053,0.3712,,,
summary,2023-02-07,AAPL,,,,,,,0.13,,1,,,,,,,,,,0.5951,2023-02-06T16:28:00+00:00,612,1447
trade,2023-02-07,NVDA,Long,2023-02-07T15:16:00+00:00,2023-02-07T15:34:00+00:00,213.2790,212.7252,1.41,-0.78,-0.002597,1080000,ScoreExit,0.3174,-0.0557,0.0546,0.2331,0.5736,-0.3367,-0.2858,0.4982,,,
trade,2023-02-07,NVDA,Long,2023-02-07T15:41:00+00:00,2023-02-07T15:56:00+00:00,212.3187,213.4309,1.42,1.57,0.005239,900000,SessionClose,0.1233,0.3546,-0.3311,0.0587,0.4041,0.1591,0.2777,0.5736,,,
trade,2023-02-07,NVDA,Long,2023-02-07T15:58:00+00:00,2023-02-07T15:59:00+00:00,213.5140,213.4209,1.41,-0.13,-0.000436,60000,SessionClose,0.3432,0.3376,0.0454,0.2777,0.5736,-0.0106,0.2777,0.5736,,,
summary,2023-02-07,NVDA,,,,,,,0.66,,3,,,,,,,,,,0.7404,2023-02-06T14:45:00+00:00,960,1370
trade,2023-02-07,MSFT,Long,2023-02-07T15:39:00+00:00,2023-02-07T15:56:00+00:00,263.2089,262.6862,1.14,-0.60,-0.001986,1020000,SessionClose,0.2850,0.2085,0.0048,0.1185,0.7113,-0.1707,0.0202,0.7113,,,
trade,2023-02-07,MSFT,Long,2023-02-07T15:58:00+00:00,2023-02-07T15:59:00+00:00,262.7038,262.4612,1.14,-0.28,-0.000923,60000,SessionClose,0.1832,0.1711,-0.4229,0.0202,0.7113,-0.5446,0.0202,0.7113,,,
summary,2023-02-07,MSFT,,,,,,,-0.87,,2,,,,,,,,,,0.6342,2023-02-07T17:54:00+00:00,887,1265
summary,2023-02-08,QQQ,,,,,,,0.00,,0,,,,,,,,,,0.5815,2023-02-06T16:27:00+00:00,1392,2444
summary,2023-02-08,NVDA,,,,,,,0.00,,0,,,,,,,,,,0.7404,2023-02-06T14:45:00+00:00,1610,2199
summary,2023-02-09,AAPL,,,,,,,0.00,,0,,,,,,,,,,0.6269,2023-02-06T16:27:00+00:00,1209,2779
trade,2023-02-09,NVDA,Long,2023-02-09T15:10:00+00:00,2023-02-09T15:56:00+00:00,228.4584,228.2365,1.32,-0.29,-0.000971,2760000,SessionClose,0.3167,0.4310,0.1591,0.2058,0.5909,0.0597,0.4129,0.5909,,,
summary,2023-02-09,NVDA,,,,,,,-0.29,,1,,,,,,,,,,1.0000,2023-02-06T14:32:00+00:00,1953,2787
summary,2023-02-10,SPY,,,,,,,0.00,,0,,,,,,,,,,0.6325,2023-02-07T17:52:00+00:00,1160,3033
summary,2023-02-10,QQQ,,,,,,,0.00,,0,,,,,,,,,,0.6678,2023-02-07T17:52:00+00:00,1106,3077
summary,2023-02-10,AAPL,,,,,,,0.00,,0,,,,,,,,,,0.9991,2023-02-07T14:34:00+00:00,1040,2811
summary,2023-02-10,NVDA,,,,,,,0.00,,0,,,,,,,,,,0.9580,2023-02-07T16:00:00+00:00,1640,2854
trade,2023-02-13,QQQ,Long,2023-02-13T14:39:00+00:00,2023-02-13T15:56:00+00:00,300.6752,303.4839,1.00,2.80,0.009341,4620000,SessionClose,0.1924,0.3520,0.0848,0.0924,0.4283,0.5566,0.2173,0.5532,,,
trade,2023-02-13,QQQ,Long,2023-02-13T15:59:00+00:00,2023-02-13T16:00:00+00:00,303.5459,303.2390,0.99,-0.30,-0.001011,60000,SessionClose,0.3195,0.2797,0.2312,0.2173,0.5532,-0.1661,0.2173,0.5532,,,
summary,2023-02-13,QQQ,,,,,,,2.50,,2,,,,,,,,,,0.7845,2023-02-10T15:22:00+00:00,726,1138
trade,2023-02-13,AAPL,Long,2023-02-13T14:31:00+00:00,2023-02-13T15:56:00+00:00,151.2404,152.7192,1.98,2.93,0.009778,5100000,SessionClose,0.3200,0.3313,0.3810,0.1943,0.5510,0.5626,0.1574,0.6020,,,
trade,2023-02-13,AAPL,Long,2023-02-13T15:58:00+00:00,2023-02-13T15:59:00+00:00,152.7008,152.5742,1.97,-0.25,-0.000829,60000,SessionClose,0.3027,0.2916,0.2765,0.1574,0.6020,0.1655,0.1574,0.6020,,,
summary,2023-02-13,AAPL,,,,,,,2.69,,2,,,,,,,,,,0.8965,2023-02-10T15:11:00+00:00,802,1074
trade,2023-02-13,NVDA,Long,2023-02-13T14:46:00+00:00,2023-02-13T15:56:00+00:00,214.8794,216.4900,1.40,2.25,0.007495,4200000,SessionClose,0.4538,0.4251,0.5423,0.2965,0.7391,0.3037,0.2809,0.7540,,,
trade,2023-02-13,NVDA,Long,2023-02-13T15:58:00+00:00,2023-02-13T15:59:00+00:00,216.6450,216.5400,1.39,-0.15,-0.000484,60000,SessionClose,0.4257,0.4269,0.3099,0.2809,0.7540,0.3214,0.2809,0.7540,,,
summary,2023-02-13,NVDA,,,,,,,2.10,,2,,,,,,,,,,1.0000,2023-02-10T14:35:00+00:00,566,1112
trade,2023-02-14,QQQ,Long,2023-02-14T14:57:00+00:00,2023-02-14T15:36:00+00:00,305.4866,304.2037,0.98,-1.26,-0.004200,2340000,ScoreExit,0.4245,-0.1666,0.5328,0.4055,0.4263,-0.5935,-0.3288,0.3002,,,
summary,2023-02-14,QQQ,,,,,,,-1.26,,1,,,,,,,,,,0.5707,2023-02-13T14:58:00+00:00,1140,1492
summary,2023-02-14,AAPL,,,,,,,0.00,,0,,,,,,,,,,0.5841,2023-02-13T16:47:00+00:00,939,1336
trade,2023-02-14,NVDA,Long,2023-02-14T14:36:00+00:00,2023-02-14T15:56:00+00:00,216.3949,222.0084,1.08,6.08,0.025941,4800000,SessionClose,0.4370,0.1243,0.3932,0.3830,0.5596,-0.4984,-0.1050,0.7905,,,
summary,2023-02-14,NVDA,,,,,,,6.08,,1,,,,,,,,,,0.8477,2023-02-13T09:31:00+00:00,1187,1411
trade,2023-02-14,MSFT,Long,2023-02-14T15:11:00+00:00,2023-02-14T15:36:00+00:00,274.0872,271.4535,1.10,-2.89,-0.009609,1500000,ScoreExit,0.4526,-0.2370,0.5524,0.5115,0.3013,-0.5904,-0.3486,0.1040,,,
summary,2023-02-14,MSFT,,,,,,,-2.89,,1,,,,,,,,,,0.7367,2023-02-13T14:58:00+00:00,936,1372
summary,2023-02-15,SPY,,,,,,,0.00,,0,,,,,,,,,,0.4747,2023-02-13T18:59:00+00:00,1377,2276
summary,2023-02-15,MSFT,,,,,,,0.00,,0,,,,,,,,,,0.7367,2023-02-13T14:58:00+00:00,1008,2057
trade,2023-02-16,QQQ,Long,2023-02-16T15:47:00+00:00,2023-02-16T15:56:00+00:00,307.3572,307.1528,0.98,-0.20,-0.000665,540000,SessionClose,0.3597,0.2050,0.3305,0.4009,0.2871,-0.2816,0.2451,0.2871,,,
summary,2023-02-16,QQQ,,,,,,,-0.20,,1,,,,,,,,,,0.9557,2023-02-13T15:55:00+00:00,2126,2971
summary,2023-02-16,NVDA,,,,,,,0.00,,0,,,,,,,,,,0.9603,2023-02-13T15:49:00+00:00,2044,2773
summary,2023-02-17,SPY,,,,,,,0.00,,0,,,,,,,,,,0.8932,2023-02-14T14:55:00+00:00,1021,2955
summary,2023-02-17,QQQ,,,,,,,0.00,,0,,,,,,,,,,0.9720,2023-02-14T14:41:00+00:00,1532,3066
summary,2023-02-17,AAPL,,,,,,,0.00,,0,,,,,,,,,,0.9105,2023-02-14T14:46:00+00:00,1414,2721
summary,2023-02-17,NVDA,,,,,,,0.00,,0,,,,,,,,,,1.0000,2023-02-14T14:35:00+00:00,1271,2801
summary,2023-02-17,MSFT,,,,,,,0.00,,0,,,,,,,,,,0.8996,2023-02-14T15:11:00+00:00,362,2460
summary,2023-02-20,SPY,,,,,,,0.00,,0,,,,,,,,,,0.5773,2023-02-17T15:21:00+00:00,272,485
summary,2023-02-20,QQQ,,,,,,,0.00,,0,,,,,,,,,,0.5778,2023-02-17T15:20:00+00:00,225,485
summary,2023-02-20,NVDA,,,,,,,0.00,,0,,,,,,,,,,1.0000,2023-02-17T14:38:00+00:00,161,480
summary,2023-02-20,MSFT,,,,,,,0.00,,0,,,,,,,,,,0.3601,2023-02-17T21:04:00+00:00,93,440
summary,2023-02-22,SPY,,,,,,,0.00,,0,,,,,,,,,,0.5551,2023-02-21T09:54:00+00:00,342,1515
trade,2023-02-22,NVDA,Long,2023-02-22T14:53:00+00:00,2023-02-22T14:57:00+00:00,210.0680,208.6324,1.43,-2.05,-0.006834,240000,ScoreExit,0.1704,-0.0719,0.2608,0.0347,0.4117,-0.5600,-0.1100,0.1671,,,
summary,2023-02-22,NVDA,,,,,,,-2.05,,1,,,,,,,,,,0.7178,2023-02-21T14:38:00+00:00,408,1393
summary,2023-02-22,MSFT,,,,,,,0.00,,0,,,,,,,,,,0.8937,2023-02-21T09:55:00+00:00,416,1184
summary,2023-02-23,SPY,,,,,,,0.00,,0,,,,,,,,,,0.5551,2023-02-21T09:54:00+00:00,772,2375
summary,2023-02-23,NVDA,,,,,,,0.00,,0,,,,,,,,,,0.8139,2023-02-22T22:14:00+00:00,1224,2319
summary,2023-02-23,MSFT,,,,,,,0.00,,0,,,,,,,,,,0.8937,2023-02-21T09:55:00+00:00,744,1912
summary,2023-02-24,QQQ,,,,,,,0.00,,0,,,,,,,,,,0.6159,2023-02-21T14:41:00+00:00,862,3027
summary,2023-02-24,NVDA,,,,,,,0.00,,0,,,,,,,,,,1.0000,2023-02-21T14:32:00+00:00,1769,2949
summary,2023-02-24,MSFT,,,,,,,0.00,,0,,,,,,,,,,0.7489,2023-02-21T14:44:00+00:00,807,2401
trade,2023-02-27,QQQ,Long,2023-02-27T15:29:00+00:00,2023-02-27T15:36:00+00:00,296.0338,295.1964,1.01,-0.85,-0.002829,420000,ScoreExit,0.1601,-0.0900,-0.1292,0.0399,0.4970,-0.5191,-0.3121,0.4970,,,
summary,2023-02-27,QQQ,,,,,,,-0.85,,1,,,,,,,,,,0.5823,2023-02-24T14:39:00+00:00,780,1149
summary,2023-02-27,AAPL,,,,,,,0.00,,0,,,,,,,,,,0.5239,2023-02-27T09:29:00+00:00,591,1062
summary,2023-02-27,NVDA,,,,,,,0.00,,0,,,,,,,,,,0.8424,2023-02-24T14:39:00+00:00,822,1093
summary,2023-02-28,SPY,,,,,,,0.00,,0,,,,,,,,,,0.6670,2023-02-27T10:14:00+00:00,521,1481
summary,2023-03-01,SPY,,,,,,,0.00,,0,,,,,,,,,,0.6670,2023-02-27T10:14:00+00:00,640,2356
summary,2023-03-01,QQQ,,,,,,,0.00,,0,,,,,,,,,,0.5529,2023-02-27T10:14:00+00:00,959,2424
summary,2023-03-01,NVDA,,,,,,,0.00,,0,,,,,,,,,,0.6604,2023-02-27T09:35:00+00:00,559,2246
summary,2023-03-01,MSFT,,,,,,,0.00,,0,,,,,,,,,,0.5746,2023-02-27T13:52:00+00:00,438,1709
summary,2023-03-02,SPY,,,,,,,0.00,,0,,,,,,,,,,0.5870,2023-02-27T15:09:00+00:00,531,2960
summary,2023-03-02,QQQ,,,,,,,0.00,,0,,,,,,,,,,0.7161,2023-02-27T15:08:00+00:00,687,3053
summary,2023-03-02,NVDA,,,,,,,0.00,,0,,,,,,,,,,0.8085,2023-02-27T14:57:00+00:00,517,2806
summary,2023-03-02,MSFT,,,,,,,0.00,,0,,,,,,,,,,0.6125,2023-02-27T15:18:00+00:00,514,2290
summary,2023-03-03,QQQ,,,,,,,0.00,,0,,,,,,,,,,0.6356,2023-02-28T14:46:00+00:00,1249,3076
trade,2023-03-03,AAPL,Long,2023-03-03T15:06:00+00:00,2023-03-03T15:56:00+00:00,149.3198,149.7801,2.01,0.93,0.003082,3000000,SessionClose,0.3359,0.1364,-0.0712,0.2946,0.5543,0.2218,-0.0868,0.5543,,,
summary,2023-03-03,AAPL,,,,,,,0.93,,1,,,,,,,,,,0.6641,2023-02-28T15:00:00+00:00,1138,2713
summary,2023-03-03,NVDA,,,,,,,0.00,,0,,,,,,,,,,0.8828,2023-02-28T14:31:00+00:00,1225,2807
summary,2023-03-03,MSFT,,,,,,,0.00,,0,,,,,,,,,,0.6316,2023-02-28T14:40:00+00:00,1158,2338
trade,2023-03-06,SPY,Long,2023-03-06T14:59:00+00:00,2023-03-06T15:56:00+00:00,405.7367,406.7729,0.74,0.77,0.002554,3420000,SessionClose,0.2959,0.0539,0.2185,0.2315,0.4505,-0.1893,-0.1117,0.4662,,,
summary,2023-03-06,SPY,,,,,,,0.77,,1,,,,,,,,,,0.6280,2023-03-03T15:29:00+00:00,977,1161
trade,2023-03-06,QQQ,Long,2023-03-06T15:58:00+00:00,2023-03-06T15:59:00+00:00,303.4960,303.1740,0.99,-0.32,-0.001061,60000,SessionClose,0.2726,0.2340,0.1899,0.1412,0.5630,-0.1960,0.1412,0.5630,,,
summary,2023-03-06,QQQ,,,,,,,-0.32,,1,,,,,,,,,,0.8838,2023-03-03T15:32:00+00:00,975,1159
summary,2023-03-06,AAPL,,,,,,,0.00,,0,,,,,,,,,,0.9982,2023-03-03T14:41:00+00:00,1072,1153
trade,2023-03-06,NVDA,Long,2023-03-06T15:11:00+00:00,2023-03-06T15:56:00+00:00,238.3566,242.2123,1.26,4.85,0.016176,2700000,SessionClose,0.4331,0.5388,0.4865,0.2443,0.7931,0.5203,0.4147,0.7931,,,
trade,2023-03-06,NVDA,Long,2023-03-06T15:58:00+00:00,2023-03-06T15:59:00+00:00,242.5077,241.8324,1.24,-0.84,-0.002785,60000,SessionClose,0.5394,0.4632,0.5257,0.4147,0.7931,-0.2356,0.4147,0.7931,,,
summary,2023-03-06,NVDA,,,,,,,4.02,,2,,,,,,,,,,0.6304,2023-03-03T17:58:00+00:00,800,1098
trade,2023-03-06,MSFT,Long,2023-03-06T15:04:00+00:00,2023-03-06T15:56:00+00:00,257.6223,259.2372,1.17,1.88,0.006269,3120000,SessionClose,0.3132,0.2043,0.2143,0.1732,0.6263,-0.4451,0.1016,0.6263,,,
trade,2023-03-06,MSFT,Long,2023-03-06T15:58:00+00:00,2023-03-06T15:59:00+00:00,259.4628,259.1672,1.16,-0.34,-0.001139,60000,SessionClose,0.2472,0.2082,-0.0167,0.1016,0.6263,-0.4068,0.1016,0.6263,,,
summary,2023-03-06,MSFT,,,,,,,1.54,,2,,,,,,,,,,0.9232,2023-03-03T14:46:00+00:00,770,963
summary,2023-03-07,NVDA,,,,,,,0.00,,0,,,,,,,,,,0.6742,2023-03-06T15:27:00+00:00,400,1287
summary,2023-03-08,SPY,,,,,,,0.00,,0,,,,,,,,,,0.4676,2023-03-06T15:44:00+00:00,392,2277
summary,2023-03-08,AAPL,,,,,,,0.00,,0,,,,,,,,,,0.5602,2023-03-06T16:14:00+00:00,513,2160
trade,2023-03-08,NVDA,Long,2023-03-08T14:58:00+00:00,2023-03-08T15:56:00+00:00,237.9964,238.8733,1.26,1.11,0.003685,3480000,SessionClose,0.4755,0.1206,0.5891,0.5104,0.3679,0.2138,-0.0795,0.4898,,,
summary,2023-03-08,NVDA,,,,,,,1.11,,1,,,,,,,,,,0.6742,2023-03-06T15:27:00+00:00,778,2008
summary,2023-03-08,MSFT,,,,,,,0.00,,0,,,,,,,,,,0.8378,2023-03-06T11:19:00+00:00,330,1651
summary,2023-03-09,SPY,,,,,,,0.00,,0,,,,,,,,,,0.8436,2023-03-06T15:44:00+00:00,298,2878
summary,2023-03-09,QQQ,,,,,,,0.00,,0,,,,,,,,,,0.9548,2023-03-06T15:43:00+00:00,347,2903
trade,2023-03-09,NVDA,Long,2023-03-09T14:46:00+00:00,2023-03-09T15:16:00+00:00,241.7276,242.8721,1.24,1.42,0.004735,1800000,ScoreExit,0.1729,-0.1242,0.1198,0.0261,0.4844,-0.3245,-0.3109,0.3161,,,
summary,2023-03-09,NVDA,,,,,,,1.42,,1,,,,,,,,,,0.9560,2023-03-06T15:44:00+00:00,1137,2639
summary,2023-03-10,QQQ,,,,,,,0.00,,0,,,,,,,,,,0.6949,2023-03-07T15:36:00+00:00,574,3017
summary,2023-03-10,MSFT,,,,,,,0.00,,0,,,,,,,,,,0.7652,2023-03-07T14:37:00+00:00,401,2197
trade,2023-03-13,QQQ,Long,2023-03-13T14:08:00+00:00,2023-03-13T15:56:00+00:00,290.3221,292.4272,1.03,2.17,0.007251,6480000,SessionClose,0.4855,0.2480,0.4932,0.4913,0.4712,-0.5287,0.1110,0.7810,,,
summary,2023-03-13,QQQ,,,,,,,2.17,,1,,,,,,,,,,0.9571,2023-03-10T15:59:00+00:00,590,1212
trade,2023-03-13,AAPL,Long,2023-03-13T13:32:00+00:00,2023-03-13T15:33:00+00:00,149.3698,152.2893,2.01,5.86,0.019545,7260000,MaxHoldTimeout,0.5174,0.4472,0.5065,0.4922,0.5714,-0.0087,0.2921,0.9093,,,
summary,2023-03-13,AAPL,,,,,,,5.86,,1,,,,,,,,,,0.8868,2023-03-10T15:59:00+00:00,595,1158
summary,2023-03-13,NVDA,,,,,,,0.00,,0,,,,,,,,,,0.9495,2023-03-10T15:56:00+00:00,544,1153
trade,2023-03-13,MSFT,Long,2023-03-13T13:53:00+00:00,2023-03-13T15:54:00+00:00,250.2000,255.6083,1.20,6.48,0.021616,7260000,MaxHoldTimeout,0.4988,0.2524,0.5710,0.4420,0.5884,-0.1234,-0.0579,0.9983,,,
summary,2023-03-13,MSFT,,,,,,,6.48,,1,,,,,,,,,,0.9574,2023-03-10T15:56:00+00:00,620,1067
trade,2023-03-14,SPY,Long,2023-03-14T14:46:00+00:00,2023-03-14T15:56:00+00:00,392.6428,392.5572,0.76,-0.07,-0.000218,4200000,SessionClose,0.3936,0.0177,0.2110,0.3253,0.5912,-0.2966,-0.2088,0.5753,,,
summary,2023-03-14,SPY,,,,,,,-0.07,,1,,,,,,,,,,0.6237,2023-03-13T14:07:00+00:00,1026,1580
trade,2023-03-14,QQQ,Long,2023-03-14T14:44:00+00:00,2023-03-14T15:56:00+00:00,296.8940,297.3758,1.01,0.49,0.001623,4320000,SessionClose,0.2160,0.1153,-0.4272,0.0923,0.6778,-0.3592,-0.0946,0.6932,,,
summary,2023-03-14,QQQ,,,,,,,0.49,,1,,,,,,,,,,0.6455,2023-03-13T14:08:00+00:00,1106,1575
trade,2023-03-14,AAPL,Long,2023-03-14T13:31:00+00:00,2023-03-14T15:32:00+00:00,151.7505,153.0291,1.98,2.53,0.008425,7260000,MaxHoldTimeout,0.2018,0.0837,0.3598,0.0059,0.5409,-0.1648,-0.1143,0.5624,,,
summary,2023-03-14,AAPL,,,,,,,2.53,,1,,,,,,,,,,0.7260,2023-03-13T14:08:00+00:00,947,1460
trade,2023-03-14,NVDA,Long,2023-03-14T13:31:00+00:00,2023-03-14T15:32:00+00:00,235.9958,241.0912,1.27,6.47,0.021591,7260000,MaxHoldTimeout,0.5679,0.2930,0.5961,0.3798,0.9347,-0.0526,0.0590,0.8764,,,
summary,2023-03-14,NVDA,,,,,,,6.47,,1,,,,,,,,,,0.7589,2023-03-13T08:14:00+00:00,972,1370
summary,2023-03-15,SPY,,,,,,,0.00,,0,,,,,,,,,,0.6237,2023-03-13T14:07:00+00:00,1277,2503
summary,2023-03-15,AAPL,,,,,,,0.00,,0,,,,,,,,,,0.7260,2023-03-13T14:08:00+00:00,1246,2258
summary,2023-03-15,MSFT,,,,,,,0.00,,0,,,,,,,,,,0.6932,2023-03-13T14:33:00+00:00,1478,1953
trade,2023-03-16,SPY,Long,2023-03-16T14:57:00+00:00,2023-03-16T15:56:00+00:00,391.4624,393.6169,0.77,1.65,0.005504,3540000,SessionClose,0.3795,0.3129,0.3263,0.4205,0.3152,0.4013,0.2445,0.4203,,,
summary,2023-03-16,SPY,,,,,,,1.65,,1,,,,,,,,,,0.9561,2023-03-13T14:56:00+00:00,1861,3086
trade,2023-03-16,AAPL,Long,2023-03-16T14:04:00+00:00,2023-03-16T15:56:00+00:00,153.3510,154.7786,1.96,2.80,0.009309,6720000,SessionClose,0.3867,0.3285,0.4649,0.3630,0.4080,-0.0114,0.2919,0.5150,,,
summary,2023-03-16,AAPL,,,,,,,2.80,,1,,,,,,,,,,0.9569,2023-03-13T13:33:00+00:00,1739,2742
summary,2023-03-16,MSFT,,,,,,,0.00,,0,,,,,,,,,,0.9605,2023-03-13T14:57:00+00:00,2043,2437
summary,2023-03-17,SPY,,,,,,,0.00,,0,,,,,,,,,,0.8789,2023-03-14T14:52:00+00:00,1551,3137
trade,2023-03-17,QQQ,Long,2023-03-17T13:38:00+00:00,2023-03-17T14:16:00+00:00,307.2171,307.6477,0.98,0.42,0.001401,2280000,ScoreExit,0.3959,-0.0968,0.4055,0.4042,0.3761,-0.5428,-0.1811,0.2202,,,
summary,2023-03-17,QQQ,,,,,,,0.42,,1,,,,,,,,,,0.9272,2023-03-14T14:48:00+00:00,2150,3080
summary,2023-03-17,AAPL,,,,,,,0.00,,0,,,,,,,,,,0.9315,2023-03-14T13:45:00+00:00,1687,2735
summary,2023-03-17,MSFT,,,,,,,0.00,,0,,,,,,,,,,0.8242,2023-03-14T13:41:00+00:00,1996,2589
trade,2023-03-20,SPY,Long,2023-03-20T14:03:00+00:00,2023-03-20T14:19:00+00:00,392.4827,391.1767,0.76,-1.00,-0.003328,960000,ScoreExit,0.4026,-0.0701,0.4885,0.3479,0.4833,-0.5238,-0.1770,0.2950,,,
trade,2023-03-20,SPY,Long,2023-03-20T14:33:00+00:00,2023-03-20T15:56:00+00:00,392.3777,392.7271,0.76,0.27,0.000891,4980000,ScoreExit,0.2639,-0.0559,0.0521,0.2049,0.4523,-0.4291,-0.2710,0.4987,,,
summary,2023-03-20,SPY,,,,,,,-0.73,,2,,,,,,,,,,0.4921,2023-03-17T14:03:00+00:00,499,1223
summary,2023-03-20,NVDA,,,,,,,0.00,,0,,,,,,,,,,1.0000,2023-03-17T13:33:00+00:00,361,1123
summary,2023-03-20,MSFT,,,,,,,0.00,,0,,,,,,,,,,1.0000,2023-03-17T13:37:00+00:00,331,1114
summary,2023-03-21,SPY,,,,,,,0.00,,0,,,,,,,,,,0.8715,2023-03-20T09:07:00+00:00,1288,1570
summary,2023-03-21,QQQ,,,,,,,0.00,,0,,,,,,,,,,0.9574,2023-03-20T09:34:00+00:00,1228,1550
trade,2023-03-21,AAPL,Long,2023-03-21T13:31:00+00:00,2023-03-21T14:16:00+00:00,157.7695,157.1886,1.90,-1.10,-0.003682,2700000,ScoreExit,0.4386,-0.0514,0.4848,0.4160,0.4683,-0.5376,-0.1309,0.2697,,,
summary,2023-03-21,AAPL,,,,,,,-1.10,,1,,,,,,,,,,0.9608,2023-03-20T09:32:00+00:00,1164,1418
trade,2023-03-21,NVDA,Long,2023-03-21T13:51:00+00:00,2023-03-21T14:06:00+00:00,261.4269,261.6365,1.15,0.24,0.000802,900000,ScoreExit,0.2150,-0.0615,0.0825,0.0135,0.6621,-0.4752,-0.1811,0.3154,,,
summary,2023-03-21,NVDA,,,,,,,0.24,,1,,,,,,,,,,0.9571,2023-03-20T09:38:00+00:00,1103,1385
summary,2023-03-21,MSFT,,,,,,,0.00,,0,,,,,,,,,,0.9219,2023-03-20T09:34:00+00:00,534,1327
summary,2023-03-22,SPY,,,,,,,0.00,,0,,,,,,,,,,0.8715,2023-03-20T09:07:00+00:00,1813,2419
trade,2023-03-22,AAPL,Long,2023-03-22T13:31:00+00:00,2023-03-22T15:32:00+00:00,159.6229,160.1788,1.88,1.04,0.003483,7260000,MaxHoldTimeout,0.3855,0.0902,0.4542,0.3731,0.3875,0.2232,-0.1114,0.4490,,,
summary,2023-03-22,AAPL,,,,,,,1.04,,1,,,,,,,,,,0.9608,2023-03-20T09:32:00+00:00,1734,2189
summary,2023-03-22,NVDA,,,,,,,0.00,,0,,,,,,,,,,0.9571,2023-03-20T09:38:00+00:00,1693,2178
summary,2023-03-23,SPY,,,,,,,0.00,,0,,,,,,,,,,0.8930,2023-03-20T15:01:00+00:00,1717,3007
trade,2023-03-23,AAPL,Long,2023-03-23T14:05:00+00:00,2023-03-23T15:27:00+00:00,159.7929,160.5468,1.88,1.42,0.004718,4920000,ScoreExit,0.2655,-0.0524,0.0356,0.2320,0.4092,-0.5717,-0.1595,0.3350,,,
summary,2023-03-23,AAPL,,,,,,,1.42,,1,,,,,,,,,,0.9551,2023-03-20T14:57:00+00:00,1963,2745
trade,2023-03-23,MSFT,Long,2023-03-23T14:06:00+00:00,2023-03-23T15:56:00+00:00,276.9080,280.7879,1.08,4.20,0.014011,6600000,SessionClose,0.1945,0.1408,-0.0330,0.0761,0.5071,0.5696,-0.0957,0.4708,,,
summary,2023-03-23,MSFT,,,,,,,4.20,,1,,,,,,,,,,0.5806,2023-03-20T15:29:00+00:00,1363,2447
summary,2023-03-24,SPY,,,,,,,0.00,,0,,,,,,,,,,0.5737,2023-03-21T19:40:00+00:00,925,3086
summary,2023-03-24,AAPL,,,,,,,0.00,,0,,,,,,,,,,0.5819,2023-03-21T17:33:00+00:00,1409,2764
summary,2023-03-24,NVDA,,,,,,,0.00,,0,,,,,,,,,,0.8874,2023-03-21T13:58:00+00:00,1922,2910
trade,2023-03-27,SPY,Long,2023-03-27T13:41:00+00:00,2023-03-27T14:18:00+00:00,397.8743,397.3258,0.75,-0.41,-0.001379,2220000,ScoreExit,0.2230,-0.0610,-0.2972,0.1981,0.4463,-0.3860,-0.2334,0.3919,,,
summary,2023-03-27,SPY,,,,,,,-0.41,,1,,,,,,,,,,0.6740,2023-03-24T14:30:00+00:00,963,1164
trade,2023-03-27,QQQ,Long,2023-03-27T13:41:00+00:00,2023-03-27T14:31:00+00:00,311.3084,310.5118,0.96,-0.77,-0.002559,3000000,ScoreExit,0.2907,-0.1348,0.0665,0.2393,0.4684,-0.5453,-0.2823,0.2970,,,
summary,2023-03-27,QQQ,,,,,,,-0.77,,1,,,,,,,,,,0.5427,2023-03-24T18:43:00+00:00,754,1140
trade,2023-03-27,AAPL,Long,2023-03-27T13:42:00+00:00,2023-03-27T14:31:00+00:00,160.0330,159.6971,1.87,-0.63,-0.002099,2940000,ScoreExit,0.3802,-0.1396,0.3538,0.3534,0.4425,-0.5264,-0.2748,0.2598,,,
summary,2023-03-27,AAPL,,,,,,,-0.63,,1,,,,,,,,,,0.8495,2023-03-24T13:58:00+00:00,622,1096
trade,2023-03-27,NVDA,Long,2023-03-27T13:48:00+00:00,2023-03-27T14:31:00+00:00,268.9161,267.1649,1.12,-1.95,-0.006512,2580000,ScoreExit,0.1815,-0.0878,0.1283,0.0199,0.5226,-0.5727,-0.1638,0.2261,,,
trade,2023-03-27,NVDA,Long,2023-03-27T14:51:00+00:00,2023-03-27T14:58:00+00:00,268.3255,268.0845,1.12,-0.27,-0.000898,420000,ScoreExit,0.2186,-0.0794,0.2005,0.0996,0.4625,-0.2626,-0.3108,0.4446,,,
summary,2023-03-27,NVDA,,,,,,,-2.22,,2,,,,,,,,,,0.5623,2023-03-27T08:35:00+00:00,555,1089
trade,2023-03-27,MSFT,Long,2023-03-27T13:55:00+00:00,2023-03-27T14:31:00+00:00,280.4491,279.3413,1.07,-1.19,-0.003950,2160000,ScoreExit,0.1739,-0.1264,-0.0620,0.0728,0.4548,-0.5469,-0.1789,0.1189,,,
summary,2023-03-27,MSFT,,,,,,,-1.19,,1,,,,,,,,,,0.9564,2023-03-24T14:56:00+00:00,556,1040
summary,2023-03-28,QQQ,,,,,,,0.00,,0,,,,,,,,,,0.4370,2023-03-27T08:10:00+00:00,268,1448
trade,2023-03-29,AAPL,Long,2023-03-29T13:32:00+00:00,2023-03-29T14:46:00+00:00,159.7229,159.6271,1.88,-0.18,-0.000600,4440000,ScoreExit,0.3997,-0.0654,0.5028,0.3997,0.3651,-0.2565,-0.2205,0.3086,,,
summary,2023-03-29,AAPL,,,,,,,-0.18,,1,,,,,,,,,,0.5024,2023-03-27T08:13:00+00:00,718,2017
summary,2023-03-29,MSFT,,,,,,,0.00,,0,,,,,,,,,,0.7668,2023-03-27T09:46:00+00:00,655,1756
summary,2023-03-30,SPY,,,,,,,0.00,,0,,,,,,,,,,0.4304,2023-03-29T08:00:00+00:00,1436,2881
summary,2023-03-30,MSFT,,,,,,,0.00,,0,,,,,,,,,,0.6357,2023-03-27T14:07:00+00:00,1104,2246
summary,2023-03-31,SPY,,,,,,,0.00,,0,,,,,,,,,,0.4408,2023-03-28T23:48:00+00:00,2130,2862
summary,2023-03-31,QQQ,,,,,,,0.00,,0,,,,,,,,,,0.5317,2023-03-28T20:01:00+00:00,2127,2826
summary,2023-03-31,AAPL,,,,,,,0.00,,0,,,,,,,,,,0.5672,2023-03-28T19:59:00+00:00,1875,2524
trade,2023-03-31,NVDA,Long,2023-03-31T13:41:00+00:00,2023-03-31T15:06:00+00:00,273.5070,274.0528,1.10,0.60,0.001995,5100000,ScoreExit,0.3939,-0.0869,0.4846,0.3920,0.3675,-0.4611,-0.2641,0.3922,,,
summary,2023-03-31,NVDA,,,,,,,0.60,,1,,,,,,,,,,0.6631,2023-03-28T15:13:00+00:00,2111,2662
summary,2023-03-31,MSFT,,,,,,,0.00,,0,,,,,,,,,,0.5725,2023-03-28T19:58:00+00:00,1632,2246
trade,2023-04-03,SPY,Long,2023-04-03T13:43:00+00:00,2023-04-03T14:46:00+00:00,409.7816,410.1619,0.73,0.28,0.000928,3780000,ScoreExit,0.2096,-0.0925,0.0180,0.1462,0.4001,-0.5160,-0.2636,0.3908,,,
summary,2023-04-03,SPY,,,,,,,0.28,,1,,,,,,,,,,0.7627,2023-03-31T14:45:00+00:00,962,1168
summary,2023-04-03,QQQ,,,,,,,0.00,,0,,,,,,,,,,0.8561,2023-03-31T14:45:00+00:00,741,1176
trade,2023-04-03,MSFT,Long,2023-04-03T14:25:00+00:00,2023-04-03T14:40:00+00:00,288.2014,287.1688,1.04,-1.08,-0.003583,900000,ScoreExit,0.3518,-0.0751,0.3796,0.3405,0.3650,-0.5638,-0.1208,0.1791,,,
summary,2023-04-03,MSFT,,,,,,,-1.08,,1,,,,,,,,,,0.6562,2023-03-31T15:59:00+00:00,583,1031
summary,2023-04-04,QQQ,,,,,,,0.00,,0,,,,,,,,,,0.4299,2023-04-04T09:49:00+00:00,706,1527
summary,2023-04-04,AAPL,,,,,,,0.00,,0,,,,,,,,,,0.6484,2023-04-03T13:36:00+00:00,715,1309
summary,2023-04-04,NVDA,,,,,,,0.00,,0,,,,,,,,,,0.6367,2023-04-03T13:33:00+00:00,734,1369
trade,2023-04-04,MSFT,Long,2023-04-04T13:58:00+00:00,2023-04-04T15:06:00+00:00,288.9817,288.8183,1.04,-0.17,-0.000565,4080000,ScoreExit,0.2268,-0.0607,0.1097,0.1476,0.4242,-0.1731,-0.2901,0.4355,,,
summary,2023-04-04,MSFT,,,,,,,-0.17,,1,,,,,,,,,,0.6151,2023-04-03T08:00:00+00:00,617,1193
summary,2023-04-05,QQQ,,,,,,,0.00,,0,,,,,,,,,,0.4299,2023-04-04T09:49:00+00:00,866,2342
summary,2023-04-06,SPY,,,,,,,0.00,,0,,,,,,,,,,0.5467,2023-04-03T14:22:00+00:00,1017,2854
summary,2023-04-06,QQQ,,,,,,,0.00,,0,,,,,,,,,,0.5191,2023-04-03T13:39:00+00:00,1103,2899
summary,2023-04-06,NVDA,,,,,,,0.00,,0,,,,,,,,,,1.0000,2023-04-03T13:32:00+00:00,915,2783
summary,2023-04-07,AAPL,,,,,,,0.00,,0,,,,,,,,,,0.6795,2023-04-04T14:01:00+00:00,351,1938
summary,2023-04-07,MSFT,,,,,,,0.00,,0,,,,,,,,,,0.8965,2023-04-04T13:54:00+00:00,526,1749
summary,2023-04-10,SPY,,,,,,,0.00,,0,,,,,,,,,,0.7051,2023-04-10T09:41:00+00:00,375,619
trade,2023-04-10,QQQ,Long,2023-04-10T14:47:00+00:00,2023-04-10T15:56:00+00:00,314.9595,315.4203,0.95,0.44,0.001463,4140000,SessionClose,0.3591,0.0224,0.4042,0.3382,0.3859,-0.5440,-0.1647,0.5854,,,
summary,2023-04-10,QQQ,,,,,,,0.44,,1,,,,,,,,,,0.7431,2023-04-10T09:20:00+00:00,383,647
summary,2023-04-10,AAPL,,,,,,,0.00,,0,,,,,,,,,,0.5247,2023-04-10T18:16:00+00:00,257,579
trade,2023-04-10,NVDA,Long,2023-04-10T14:08:00+00:00,2023-04-10T15:56:00+00:00,268.6362,273.6229,1.12,5.57,0.018563,6480000,SessionClose,0.3989,0.2748,0.3049,0.3960,0.4358,-0.2267,-0.0042,1.0000,,,
summary,2023-04-10,NVDA,,,,,,,5.57,,1,,,,,,,,,,0.6896,2023-04-10T14:40:00+00:00,402,556
summary,2023-04-10,MSFT,,,,,,,0.00,,0,,,,,,,,,,0.7648,2023-04-10T10:31:00+00:00,293,525
summary,2023-04-11,AAPL,,,,,,,0.00,,0,,,,,,,,,,0.5247,2023-04-10T18:16:00+00:00,681,1286
summary,2023-04-11,NVDA,,,,,,,0.00,,0,,,,,,,,,,0.6896,2023-04-10T14:40:00+00:00,941,1347
summary,2023-04-12,AAPL,,,,,,,0.00,,0,,,,,,,,,,0.5247,2023-04-10T18:16:00+00:00,916,1975
summary,2023-04-12,NVDA,,,,,,,0.00,,0,,,,,,,,,,0.6896,2023-04-10T14:40:00+00:00,1015,2032
summary,2023-04-12,MSFT,,,,,,,0.00,,0,,,,,,,,,,0.7648,2023-04-10T10:31:00+00:00,615,1843
summary,2023-04-13,SPY,,,,,,,0.00,,0,,,,,,,,,,0.7654,2023-04-10T14:44:00+00:00,1833,2804
trade,2023-04-13,QQQ,Long,2023-04-13T14:19:00+00:00,2023-04-13T15:35:00+00:00,317.3602,316.9399,0.95,-0.40,-0.001324,4560000,MaxHoldTimeout,0.3643,-0.0189,0.4362,0.3813,0.3063,-0.3738,-0.1214,0.3043,,,
summary,2023-04-13,QQQ,,,,,,,-0.40,,1,,,,,,,,,,0.8236,2023-04-10T14:49:00+00:00,1634,2871
trade,2023-04-13,AAPL,Long,2023-04-13T13:36:00+00:00,2023-04-13T15:37:00+00:00,162.5087,163.4942,1.85,1.82,0.006064,7260000,MaxHoldTimeout,0.4423,0.2445,0.5538,0.4210,0.4476,0.5538,0.0862,0.4581,,,
summary,2023-04-13,AAPL,,,,,,,1.82,,1,,,,,,,,,,0.5558,2023-04-10T19:59:00+00:00,1546,2503
summary,2023-04-13,NVDA,,,,,,,0.00,,0,,,,,,,,,,0.9567,2023-04-10T14:40:00+00:00,1145,2642
trade,2023-04-14,SPY,Long,2023-04-14T13:41:00+00:00,2023-04-14T14:06:00+00:00,413.9591,414.2207,0.72,0.19,0.000632,1500000,ScoreExit,0.3646,-0.0991,0.4310,0.3595,0.3527,-0.4172,-0.2064,0.2215,,,
summary,2023-04-14,SPY,,,,,,,0.19,,1,,,,,,,,,,0.4551,2023-04-12T12:34:00+00:00,1494,2845
trade,2023-04-14,QQQ,Long,2023-04-14T13:52:00+00:00,2023-04-14T14:16:00+00:00,319.9710,318.5694,0.94,-1.31,-0.004380,1440000,ScoreExit,0.3948,-0.0944,0.4801,0.4114,0.3332,-0.4684,-0.1850,0.2114,,,
summary,2023-04-14,QQQ,,,,,,,-1.31,,1,,,,,,,,,,0.5088,2023-04-12T12:34:00+00:00,1257,2889
trade,2023-04-14,NVDA,Long,2023-04-14T14:02:00+00:00,2023-04-14T15:18:00+00:00,268.5055,267.2348,1.12,-1.42,-0.004733,4560000,MaxHoldTimeout,0.3554,0.0000,0.2948,0.5169,0.0528,0.5568,0.3919,-0.0797,,,
summary,2023-04-14,NVDA,,,,,,,-1.42,,1,,,,,,,,,,0.5853,2023-04-12T12:30:00+00:00,479,2602
summary,2023-04-14,MSFT,,,,,,,0.00,,0,,,,,,,,,,0.5382,2023-04-12T12:32:00+00:00,1228,2271
summary,2023-04-17,SPY,,,,,,,0.00,,0,,,,,,,,,,0.5063,2023-04-14T13:50:00+00:00,496,1142
summary,2023-04-17,QQQ,,,,,,,0.00,,0,,,,,,,,,,0.7414,2023-04-14T13:56:00+00:00,525,1128
summary,2023-04-17,AAPL,,,,,,,0.00,,0,,,,,,,,,,0.9272,2023-04-14T13:46:00+00:00,377,1048
trade,2023-04-17,NVDA,Long,2023-04-17T13:36:00+00:00,2023-04-17T15:29:00+00:00,265.9248,266.9048,1.13,1.11,0.003685,6780000,ScoreExit,0.3794,-0.0573,0.2957,0.4157,0.3349,-0.5688,-0.2258,0.4502,,,
summary,2023-04-17,NVDA,,,,,,,1.11,,1,,,,,,,,,,1.0000,2023-04-14T13:38:00+00:00,659,1050
trade,2023-04-17,MSFT,Long,2023-04-17T13:40:00+00:00,2023-04-17T13:41:00+00:00,290.9135,290.4878,1.03,-0.44,-0.001463,60000,ScoreExit,0.1944,-0.0566,0.0930,0.0625,0.4920,-0.1018,-0.3233,0.4920,,,
summary,2023-04-17,MSFT,,,,,,,-0.44,,1,,,,,,,,,,0.6623,2023-04-14T14:04:00+00:00,543,1042
summary,2023-04-18,SPY,,,,,,,0.00,,0,,,,,,,,,,0.3582,2023-04-18T12:32:00+00:00,772,1453
summary,2023-04-18,QQQ,,,,,,,0.00,,0,,,,,,,,,,0.4114,2023-04-18T08:11:00+00:00,730,1477
trade,2023-04-18,AAPL,Long,2023-04-18T13:43:00+00:00,2023-04-18T14:31:00+00:00,166.3149,165.8652,1.80,-0.81,-0.002704,2880000,ScoreExit,0.1832,-0.1418,0.0355,0.0453,0.5083,-0.5564,-0.3090,0.3307,,,
summary,2023-04-18,AAPL,,,,,,,-0.81,,1,,,,,,,,,,0.5823,2023-04-17T11:04:00+00:00,756,1292
summary,2023-04-19,QQQ,,,,,,,0.00,,0,,,,,,,,,,0.4114,2023-04-18T08:11:00+00:00,1089,2337
trade,2023-04-19,AAPL,Long,2023-04-19T14:42:00+00:00,2023-04-19T15:56:00+00:00,166.9451,167.5784,1.80,1.14,0.003794,4440000,SessionClose,0.3553,0.1899,0.3766,0.3832,0.2923,0.3341,0.0833,0.3552,,,
summary,2023-04-19,AAPL,,,,,,,1.14,,1,,,,,,,,,,0.5823,2023-04-17T11:04:00+00:00,1199,1999
trade,2023-04-19,NVDA,Long,2023-04-19T14:02:00+00:00,2023-04-19T14:51:00+00:00,276.4879,276.1621,1.09,-0.35,-0.001178,2940000,ScoreExit,0.3816,-0.0660,0.4027,0.4119,0.3139,-0.3951,-0.2011,0.3139,,,
summary,2023-04-19,NVDA,,,,,,,-0.35,,1,,,,,,,,,,0.6142,2023-04-18T13:49:00+00:00,1485,2136
summary,2023-04-20,SPY,,,,,,,0.00,,0,,,,,,,,,,0.4664,2023-04-17T20:04:00+00:00,1293,2886
summary,2023-04-20,QQQ,,,,,,,0.00,,0,,,,,,,,,,0.6336,2023-04-17T13:37:00+00:00,1332,2930
summary,2023-04-21,SPY,,,,,,,0.00,,0,,,,,,,,,,0.3057,2023-04-19T17:12:00+00:00,598,2898
summary,2023-04-21,QQQ,,,,,,,0.00,,0,,,,,,,,,,0.3658,2023-04-18T13:48:00+00:00,516,2941
summary,2023-04-24,SPY,,,,,,,0.00,,0,,,,,,,,,,0.4131,2023-04-21T14:27:00+00:00,618,1105
trade,2023-04-24,QQQ,Long,2023-04-24T13:43:00+00:00,2023-04-24T14:01:00+00:00,317.5752,316.7000,0.94,-0.83,-0.002756,1080000,ScoreExit,0.3715,-0.0932,0.4670,0.3347,0.4133,-0.5458,-0.1585,0.1883,,,
summary,2023-04-24,QQQ,,,,,,,-0.83,,1,,,,,,,,,,0.6485,2023-04-21T15:03:00+00:00,602,1134
trade,2023-04-24,NVDA,Long,2023-04-24T13:43:00+00:00,2023-04-24T14:07:00+00:00,273.0872,270.5009,1.10,-2.84,-0.009471,1440000,ScoreExit,0.4252,-0.0745,0.2672,0.3602,0.6078,-0.5675,-0.1088,0.1582,,,
summary,2023-04-24,NVDA,,,,,,,-2.84,,1,,,,,,,,,,0.8925,2023-04-21T14:26:00+00:00,605,987
summary,2023-04-24,MSFT,,,,,,,0.00,,0,,,,,,,,,,0.7543,2023-04-21T13:38:00+00:00,381,949
summary,2023-04-25,SPY,,,,,,,0.00,,0,,,,,,,,,,0.7582,2023-04-24T09:34:00+00:00,492,1440
summary,2023-04-25,QQQ,,,,,,,0.00,,0,,,,,,,,,,0.7906,2023-04-24T09:34:00+00:00,442,1503
trade,2023-04-25,AAPL,Long,2023-04-25T13:31:00+00:00,2023-04-25T14:11:00+00:00,165.6747,165.6553,1.81,-0.04,-0.000117,2400000,ScoreExit,0.4419,-0.0603,0.5399,0.4132,0.4668,-0.5204,-0.1847,0.3419,,,
summary,2023-04-25,AAPL,,,,,,,-0.04,,1,,,,,,,,,,0.6307,2023-04-24T09:29:00+00:00,507,1253
summary,2023-04-25,MSFT,,,,,,,0.00,,0,,,,,,,,,,0.7248,2023-04-24T09:22:00+00:00,215,1134
summary,2023-04-26,QQQ,,,,,,,0.00,,0,,,,,,,,,,0.7906,2023-04-24T09:34:00+00:00,786,2439
summary,2023-04-26,AAPL,,,,,,,0.00,,0,,,,,,,,,,0.6307,2023-04-24T09:29:00+00:00,624,2107
trade,2023-04-26,NVDA,Long,2023-04-26T14:32:00+00:00,2023-04-26T15:56:00+00:00,270.1860,272.3833,1.11,2.44,0.008132,5040000,SessionClose,0.3910,0.2382,0.4806,0.3753,0.3924,-0.3592,0.2049,0.5041,,,
summary,2023-04-26,NVDA,,,,,,,2.44,,1,,,,,,,,,,0.7994,2023-04-24T09:25:00+00:00,893,2022
trade,2023-04-26,MSFT,Long,2023-04-26T14:11:00+00:00,2023-04-26T15:56:00+00:00,294.7134,297.8856,1.02,3.23,0.010764,6300000,SessionClose,0.1947,0.4698,0.1939,0.0098,0.5647,0.4454,0.3934,0.6307,,,
summary,2023-04-26,MSFT,,,,,,,3.23,,1,,,,,,,,,,0.7506,2023-04-25T20:03:00+00:00,1013,2071
summary,2023-04-27,SPY,,,,,,,0.00,,0,,,,,,,,,,0.3874,2023-04-24T13:41:00+00:00,560,2934
trade,2023-04-27,AAPL,Long,2023-04-27T13:34:00+00:00,2023-04-27T15:35:00+00:00,165.7147,166.6650,1.81,1.72,0.005734,7260000,MaxHoldTimeout,0.3576,0.1894,0.4140,0.3809,0.2922,0.1284,0.0989,0.3908,,,
summary,2023-04-27,AAPL,,,,,,,1.72,,1,,,,,,,,,,0.6142,2023-04-24T13:40:00+00:00,1203,2681
summary,2023-04-27,NVDA,,,,,,,0.00,,0,,,,,,,,,,0.9771,2023-04-24T13:41:00+00:00,1380,2628
trade,2023-04-28,SPY,Long,2023-04-28T14:22:00+00:00,2023-04-28T14:56:00+00:00,414.4382,414.1807,0.72,-0.19,-0.000621,2040000,ScoreExit,0.3522,-0.0677,0.3140,0.3887,0.2918,-0.2167,-0.2226,0.2918,,,
summary,2023-04-28,SPY,,,,,,,-0.19,,1,,,,,,,,,,0.3799,2023-04-28T14:19:00+00:00,1540,2998
trade,2023-04-28,QQQ,Long,2023-04-28T14:21:00+00:00,2023-04-28T14:56:00+00:00,321.3764,320.5838,0.93,-0.74,-0.002466,2100000,ScoreExit,0.3624,-0.1235,0.3302,0.3904,0.3172,-0.4321,-0.2924,0.3172,,,
summary,2023-04-28,QQQ,,,,,,,-0.74,,1,,,,,,,,,,0.5763,2023-04-25T22:07:00+00:00,2123,3092
trade,2023-04-28,NVDA,Long,2023-04-28T14:26:00+00:00,2023-04-28T14:56:00+00:00,274.9475,273.5429,1.09,-1.53,-0.005108,1800000,ScoreExit,0.3794,-0.0777,0.3922,0.4039,0.3262,-0.4722,-0.2139,0.3262,,,
summary,2023-04-28,NVDA,,,,,,,-1.53,,1,,,,,,,,,,0.6775,2023-04-25T22:13:00+00:00,1786,2704
trade,2023-04-28,MSFT,Long,2023-04-28T13:43:00+00:00,2023-04-28T14:44:00+00:00,305.4266,306.6780,0.98,1.23,0.004097,3660000,ScoreExit,0.2912,-0.0505,0.2082,0.1986,0.5041,-0.5657,-0.1980,0.4162,,,
summary,2023-04-28,MSFT,,,,,,,1.23,,1,,,,,,,,,,0.9023,2023-04-25T13:44:00+00:00,2147,2813
trade,2023-05-01,SPY,Long,2023-05-01T14:51:00+00:00,2023-05-01T15:16:00+00:00,416.8400,415.9402,0.72,-0.65,-0.002159,1500000,ScoreExit,0.2179,-0.1059,0.1489,0.1324,0.4119,-0.5613,-0.2222,0.2785,,,
summary,2023-05-01,SPY,,,,,,,-0.65,,1,,,,,,,,,,0.8296,2023-04-28T14:53:00+00:00,867,1132
trade,2023-05-01,AAPL,Long,2023-05-01T13:41:00+00:00,2023-05-01T14:20:00+00:00,169.7034,169.3242,1.77,-0.67,-0.002235,2340000,ScoreExit,0.3696,-0.0630,0.3956,0.3562,0.3878,-0.4511,-0.1643,0.2690,,,
summary,2023-05-01,AAPL,,,,,,,-0.67,,1,,,,,,,,,,0.8899,2023-04-28T14:15:00+00:00,621,1077
summary,2023-05-02,AAPL,,,,,,,0.00,,0,,,,,,,,,,0.6346,2023-05-01T09:21:00+00:00,641,1284
summary,2023-05-02,NVDA,,,,,,,0.00,,0,,,,,,,,,,0.8047,2023-05-01T11:06:00+00:00,832,1308
summary,2023-05-02,MSFT,,,,,,,0.00,,0,,,,,,,,,,0.4595,2023-05-01T12:02:00+00:00,426,1064
summary,2023-05-03,NVDA,,,,,,,0.00,,0,,,,,,,,,,0.8047,2023-05-01T11:06:00+00:00,930,2097
summary,2023-05-03,MSFT,,,,,,,0.00,,0,,,,,,,,,,0.4595,2023-05-01T12:02:00+00:00,675,1707
summary,2023-05-04,SPY,,,,,,,0.00,,0,,,,,,,,,,0.7515,2023-05-01T14:49:00+00:00,244,2894
summary,2023-05-04,NVDA,,,,,,,0.00,,0,,,,,,,,,,1.0000,2023-05-01T13:39:00+00:00,819,2665
summary,2023-05-05,SPY,,,,,,,0.00,,0,,,,,,,,,,0.4258,2023-05-02T19:12:00+00:00,1008,2944
trade,2023-05-05,MSFT,Long,2023-05-05T14:08:00+00:00,2023-05-05T15:17:00+00:00,307.8166,308.6924,0.97,0.85,0.002845,4140000,ScoreExit,0.3842,-0.0504,0.4485,0.4149,0.3014,-0.3793,-0.1695,0.2972,,,
summary,2023-05-05,MSFT,,,,,,,0.85,,1,,,,,,,,,,0.7789,2023-05-02T13:49:00+00:00,983,2346
summary,2023-05-08,SPY,,,,,,,0.00,,0,,,,,,,,,,0.8403,2023-05-05T14:40:00+00:00,812,1103
summary,2023-05-08,AAPL,,,,,,,0.00,,0,,,,,,,,,,1.0000,2023-05-05T13:35:00+00:00,680,1098
trade,2023-05-08,NVDA,Long,2023-05-08T14:46:00+00:00,2023-05-08T15:56:00+00:00,285.8757,288.7084,1.05,2.97,0.009909,4200000,SessionClose,0.4704,0.3404,0.5568,0.4283,0.5258,-0.3448,0.3002,0.6494,,,
summary,2023-05-08,NVDA,,,,,,,2.97,,1,,,,,,,,,,0.9572,2023-05-05T14:41:00+00:00,946,1006
summary,2023-05-08,MSFT,,,,,,,0.00,,0,,,,,,,,,,0.9542,2023-05-05T14:41:00+00:00,567,948
summary,2023-05-09,SPY,,,,,,,0.00,,0,,,,,,,,,,0.6433,2023-05-08T09:42:00+00:00,592,1378
summary,2023-05-09,AAPL,,,,,,,0.00,,0,,,,,,,,,,0.5759,2023-05-08T14:19:00+00:00,414,1287
trade,2023-05-09,MSFT,Long,2023-05-09T13:33:00+00:00,2023-05-09T14:46:00+00:00,308.5775,308.5524,0.97,-0.02,-0.000081,4380000,ScoreExit,0.3650,-0.1095,0.4347,0.3887,0.2945,-0.2239,-0.2637,0.2369,,,
summary,2023-05-09,MSFT,,,,,,,-0.02,,1,,,,,,,,,,0.4486,2023-05-09T13:49:00+00:00,303,1057
summary,2023-05-10,SPY,,,,,,,0.00,,0,,,,,,,,,,0.6433,2023-05-08T09:42:00+00:00,827,2183
summary,2023-05-10,QQQ,,,,,,,0.00,,0,,,,,,,,,,0.4967,2023-05-08T17:39:00+00:00,1011,2170
summary,2023-05-10,AAPL,,,,,,,0.00,,0,,,,,,,,,,0.5759,2023-05-08T14:19:00+00:00,747,1983
summary,2023-05-10,NVDA,,,,,,,0.00,,0,,,,,,,,,,0.6331,2023-05-08T15:19:00+00:00,935,1869
summary,2023-05-11,SPY,,,,,,,0.00,,0,,,,,,,,,,0.5176,2023-05-08T15:04:00+00:00,1141,2760
summary,2023-05-11,QQQ,,,,,,,0.00,,0,,,,,,,,,,0.4980,2023-05-08T17:39:00+00:00,1531,2767
summary,2023-05-11,NVDA,,,,,,,0.00,,0,,,,,,,,,,0.9583,2023-05-08T14:48:00+00:00,1163,2431
summary,2023-05-12,AAPL,,,,,,,0.00,,0,,,,,,,,,,0.4566,2023-05-10T12:56:00+00:00,1057,2477
summary,2023-05-12,NVDA,,,,,,,0.00,,0,,,,,,,,,,0.5732,2023-05-10T12:49:00+00:00,801,2426
summary,2023-05-12,MSFT,,,,,,,0.00,,0,,,,,,,,,,0.6190,2023-05-09T13:46:00+00:00,1007,2186
summary,2023-05-15,SPY,,,,,,,0.00,,0,,,,,,,,,,0.5799,2023-05-15T08:11:00+00:00,510,1125
summary,2023-05-15,QQQ,,,,,,,0.00,,0,,,,,,,,,,0.5082,2023-05-15T08:15:00+00:00,521,1133
summary,2023-05-15,AAPL,,,,,,,0.00,,0,,,,,,,,,,0.4494,2023-05-15T08:00:00+00:00,318,1055
summary,2023-05-15,NVDA,,,,,,,0.00,,0,,,,,,,,,,0.9343,2023-05-12T13:34:00+00:00,483,974
trade,2023-05-15,MSFT,Long,2023-05-15T14:55:00+00:00,2023-05-15T15:56:00+00:00,309.7380,309.2822,0.97,-0.44,-0.001472,3660000,SessionClose,0.2787,0.2266,0.0581,0.2521,0.4054,-0.1532,0.2201,0.3660,,,
summary,2023-05-15,MSFT,,,,,,,-0.44,,1,,,,,,,,,,0.5436,2023-05-15T08:35:00+00:00,435,930
summary,2023-05-16,SPY,,,,,,,0.00,,0,,,,,,,,,,0.4627,2023-05-15T17:09:00+00:00,758,1426
trade,2023-05-16,AAPL,Long,2023-05-16T13:40:00+00:00,2023-05-16T14:32:00+00:00,172.6168,172.2033,1.74,-0.72,-0.002395,3120000,ScoreExit,0.3549,-0.1061,0.3238,0.3770,0.3210,-0.3892,-0.2108,0.1976,,,
summary,2023-05-16,AAPL,,,,,,,-0.72,,1,,,,,,,,,,0.4565,2023-05-15T11:23:00+00:00,579,1215
summary,2023-05-16,MSFT,,,,,,,0.00,,0,,,,,,,,,,0.5027,2023-05-16T13:34:00+00:00,743,1057
summary,2023-05-17,SPY,,,,,,,0.00,,0,,,,,,,,,,0.4627,2023-05-15T17:09:00+00:00,1351,2260
summary,2023-05-17,AAPL,,,,,,,0.00,,0,,,,,,,,,,0.4565,2023-05-15T11:23:00+00:00,818,1928
summary,2023-05-18,NVDA,,,,,,,0.00,,0,,,,,,,,,,0.7175,2023-05-15T15:27:00+00:00,2316,2628
trade,2023-05-18,MSFT,Long,2023-05-18T14:21:00+00:00,2023-05-18T15:56:00+00:00,315.8597,317.5397,0.95,1.60,0.005319,5700000,SessionClose,0.3611,0.0228,0.4476,0.3512,0.3520,-0.0822,-0.1539,0.4112,,,
summary,2023-05-18,MSFT,,,,,,,1.60,,1,,,,,,,,,,0.8302,2023-05-15T14:52:00+00:00,1652,2166
summary,2023-05-19,QQQ,,,,,,,0.00,,0,,,,,,,,,,0.7857,2023-05-16T14:56:00+00:00,2114,2867
summary,2023-05-19,MSFT,,,,,,,0.00,,0,,,,,,,,,,0.8486,2023-05-16T13:46:00+00:00,1527,2296
summary,2023-05-22,SPY,,,,,,,0.00,,0,,,,,,,,,,0.3807,2023-05-19T13:38:00+00:00,338,1109
trade,2023-05-22,QQQ,Long,2023-05-22T13:45:00+00:00,2023-05-22T14:08:00+00:00,337.8963,337.3288,0.89,-0.50,-0.001680,1380000,ScoreExit,0.3597,-0.0793,0.3477,0.3470,0.3892,-0.5684,-0.1775,0.2803,,,
summary,2023-05-22,QQQ,,,,,,,-0.50,,1,,,,,,,,,,0.4606,2023-05-19T13:41:00+00:00,428,1119
trade,2023-05-22,NVDA,Long,2023-05-22T13:58:00+00:00,2023-05-22T15:35:00+00:00,312.8088,312.5740,0.96,-0.23,-0.000751,5820000,ScoreExit,0.4226,-0.0637,0.4092,0.4006,0.4710,-0.5381,-0.2183,0.4035,,,
summary,2023-05-22,NVDA,,,,,,,-0.23,,1,,,,,,,,,,0.7227,2023-05-19T16:17:00+00:00,439,1127
summary,2023-05-23,SPY,,,,,,,0.00,,0,,,,,,,,,,0.4018,2023-05-22T13:38:00+00:00,551,1439
summary,2023-05-23,AAPL,,,,,,,0.00,,0,,,,,,,,,,0.4941,2023-05-22T13:38:00+00:00,375,1350
summary,2023-05-23,MSFT,,,,,,,0.00,,0,,,,,,,,,,0.6202,2023-05-22T13:48:00+00:00,530,1197
summary,2023-05-24,SPY,,,,,,,0.00,,0,,,,,,,,,,0.4018,2023-05-22T13:38:00+00:00,551,2271
summary,2023-05-24,MSFT,,,,,,,0.00,,0,,,,,,,,,,0.6202,2023-05-22T13:48:00+00:00,530,1853
summary,2023-05-25,SPY,,,,,,,0.00,,0,,,,,,,,,,0.5439,2023-05-22T13:38:00+00:00,534,2929
trade,2023-05-25,MSFT,Long,2023-05-25T14:13:00+00:00,2023-05-25T15:56:00+00:00,321.7715,323.4029,0.93,1.52,0.005070,6180000,SessionClose,0.2300,-0.0154,0.2770,0.0241,0.6262,-0.3266,-0.2592,0.5759,,,
summary,2023-05-25,MSFT,,,,,,,1.52,,1,,,,,,,,,,0.9562,2023-05-22T15:04:00+00:00,1207,2566
trade,2023-05-26,SPY,Long,2023-05-26T14:08:00+00:00,2023-05-26T15:24:00+00:00,417.6002,418.2495,0.72,0.47,0.001555,4560000,ScoreExit,0.3992,-0.0540,0.4450,0.3798,0.4226,-0.5137,-0.2001,0.3914,,,
summary,2023-05-26,SPY,,,,,,,0.47,,1,,,,,,,,,,0.4181,2023-05-26T14:29:00+00:00,1331,2935
trade,2023-05-26,NVDA,Long,2023-05-26T13:41:00+00:00,2023-05-26T15:42:00+00:00,378.2800,385.9292,0.72,5.55,0.020221,7260000,MaxHoldTimeout,0.1419,0.3859,0.0293,0.0290,0.4052,0.3261,0.2896,0.5984,,,
summary,2023-05-26,NVDA,,,,,,,5.55,,1,,,,,,,,,,0.8785,2023-05-24T20:25:00+00:00,1643,3014
summary,2023-05-29,SPY,,,,,,,0.00,,0,,,,,,,,,,0.9509,2023-05-26T14:41:00+00:00,458,499
summary,2023-05-29,QQQ,,,,,,,0.00,,0,,,,,,,,,,0.9559,2023-05-26T14:42:00+00:00,497,499
summary,2023-05-29,NVDA,,,,,,,0.00,,0,,,,,,,,,,0.9613,2023-05-26T14:48:00+00:00,493,502
summary,2023-05-29,MSFT,,,,,,,0.00,,0,,,,,,,,,,0.9572,2023-05-26T15:01:00+00:00,450,456
summary,2023-05-30,SPY,,,,,,,0.00,,0,,,,,,,,,,0.7245,2023-05-30T09:20:00+00:00,237,675
summary,2023-05-30,QQQ,,,,,,,0.00,,0,,,,,,,,,,0.7835,2023-05-30T09:20:00+00:00,243,702
summary,2023-05-30,MSFT,,,,,,,0.00,,0,,,,,,,,,,0.6955,2023-05-30T08:37:00+00:00,206,635
summary,2023-05-31,QQQ,,,,,,,0.00,,0,,,,,,,,,,0.7835,2023-05-30T09:20:00+00:00,369,1572
trade,2023-05-31,AAPL,Long,2023-05-31T13:31:00+00:00,2023-05-31T14:31:00+00:00,177.6783,177.7017,1.69,0.04,0.000132,3600000,ScoreExit,0.4348,-0.1293,0.5224,0.4079,0.4594,-0.5269,-0.2977,0.3400,,,
trade,2023-05-31,AAPL,Long,2023-05-31T14:58:00+00:00,2023-05-31T15:56:00+00:00,178.3185,178.8333,1.68,0.87,0.002887,3480000,SessionClose,0.1685,0.3131,0.1641,0.0293,0.4485,0.2084,0.2093,0.5558,,,
summary,2023-05-31,AAPL,,,,,,,0.91,,2,,,,,,,,,,0.8343,2023-05-30T09:20:00+00:00,902,1408
summary,2023-05-31,NVDA,,,,,,,0.00,,0,,,,,,,,,,1.0000,2023-05-30T08:04:00+00:00,569,1576
trade,2023-06-01,NVDA,Long,2023-06-01T13:36:00+00:00,2023-06-01T14:21:00+00:00,385.8057,388.1885,0.76,1.81,0.006176,2700000,ScoreExit,0.3672,-0.1350,-0.0350,0.5066,0.2227,-0.4931,-0.2331,0.1807,,,
summary,2023-06-01,NVDA,,,,,,,1.81,,1,,,,,,,,,,1.0000,2023-05-30T08:04:00+00:00,948,2447
summary,2023-06-02,SPY,,,,,,,0.00,,0,,,,,,,,,,0.3902,2023-06-02T15:03:00+00:00,1329,2863
summary,2023-06-05,SPY,,,,,,,0.00,,0,,,,,,,,,,0.9268,2023-06-02T15:03:00+00:00,813,1128
trade,2023-06-05,QQQ,Long,2023-06-05T13:40:00+00:00,2023-06-05T13:53:00+00:00,355.6167,354.8485,0.84,-0.65,-0.002160,780000,ScoreExit,0.3577,-0.0688,0.4462,0.3581,0.3272,-0.5537,-0.1265,0.2082,,,
trade,2023-06-05,QQQ,Long,2023-06-05T14:50:00+00:00,2023-06-05T15:56:00+00:00,356.2218,357.0380,0.84,0.69,0.002291,3960000,SessionClose,0.1944,0.1397,0.0149,0.0896,0.4639,0.4486,-0.0802,0.4767,,,
summary,2023-06-05,QQQ,,,,,,,0.04,,2,,,,,,,,,,0.8186,2023-06-02T15:03:00+00:00,797,1177
trade,2023-06-05,AAPL,Long,2023-06-05T14:59:00+00:00,2023-06-05T15:56:00+00:00,184.3253,184.1997,1.63,-0.20,-0.000681,3420000,SessionClose,0.3941,0.1179,0.3312,0.3028,0.5975,0.5248,-0.1587,0.5355,,,
summary,2023-06-05,AAPL,,,,,,,-0.20,,1,,,,,,,,,,0.5311,2023-06-02T15:59:00+00:00,855,1222
trade,2023-06-05,MSFT,Long,2023-06-05T13:33:00+00:00,2023-06-05T13:51:00+00:00,336.4759,335.5293,0.89,-0.84,-0.002813,1080000,ScoreExit,0.4323,-0.0514,0.5475,0.4189,0.4205,-0.5451,-0.1271,0.2648,,,
trade,2023-06-05,MSFT,Long,2023-06-05T14:19:00+00:00,2023-06-05T15:56:00+00:00,336.1058,338.3535,0.89,2.01,0.006687,5820000,SessionClose,0.1525,0.2236,0.1978,0.0152,0.4119,0.3670,0.0316,0.5599,,,
summary,2023-06-05,MSFT,,,,,,,1.16,,2,,,,,,,,,,1.0000,2023-06-02T13:39:00+00:00,568,982
summary,2023-06-06,SPY,,,,,,,0.00,,0,,,,,,,,,,0.3582,2023-06-05T16:59:00+00:00,582,1369
summary,2023-06-06,QQQ,,,,,,,0.00,,0,,,,,,,,,,0.4874,2023-06-05T13:43:00+00:00,652,1420
summary,2023-06-06,AAPL,,,,,,,0.00,,0,,,,,,,,,,0.7594,2023-06-05T09:32:00+00:00,622,1533
summary,2023-06-06,NVDA,,,,,,,0.00,,0,,,,,,,,,,0.7097,2023-06-05T13:40:00+00:00,588,1357
summary,2023-06-08,SPY,,,,,,,0.00,,0,,,,,,,,,,0.4971,2023-06-05T14:52:00+00:00,935,2733
summary,2023-06-08,QQQ,,,,,,,0.00,,0,,,,,,,,,,0.8567,2023-06-05T14:57:00+00:00,911,2876
summary,2023-06-08,AAPL,,,,,,,0.00,,0,,,,,,,,,,0.9305,2023-06-05T14:57:00+00:00,459,2749
summary,2023-06-08,MSFT,,,,,,,0.00,,0,,,,,,,,,,0.9108,2023-06-05T14:53:00+00:00,441,2201
summary,2023-06-09,SPY,,,,,,,0.00,,0,,,,,,,,,,0.8294,2023-06-06T14:51:00+00:00,1613,2779
trade,2023-06-09,QQQ,Long,2023-06-09T13:33:00+00:00,2023-06-09T14:40:00+00:00,355.2916,356.4980,0.84,1.02,0.003396,4020000,ScoreExit,0.3511,-0.0504,0.4659,0.3330,0.3492,-0.5513,-0.1347,0.2854,,,
summary,2023-06-09,QQQ,,,,,,,1.02,,1,,,,,,,,,,0.8617,2023-06-06T14:49:00+00:00,1397,2888
summary,2023-06-12,NVDA,,,,,,,0.00,,0,,,,,,,,,,0.8987,2023-06-09T13:54:00+00:00,365,1109
trade,2023-06-13,QQQ,Long,2023-06-13T14:42:00+00:00,2023-06-13T15:56:00+00:00,361.5942,362.8461,0.83,1.04,0.003462,4440000,SessionClose,0.1398,0.0351,-0.0262,0.0319,0.4110,0.4926,-0.2302,0.4133,,,
summary,2023-06-13,QQQ,,,,,,,1.04,,1,,,,,,,,,,0.7369,2023-06-12T09:13:00+00:00,1142,1528
trade,2023-06-13,NVDA,Long,2023-06-13T14:36:00+00:00,2023-06-13T15:56:00+00:00,400.0507,408.0276,0.54,4.30,0.019940,4800000,SessionClose,0.3040,0.2710,0.4137,0.0820,0.7114,0.4771,-0.0346,0.8134,,,
summary,2023-06-13,NVDA,,,,,,,4.30,,1,,,,,,,,,,0.6631,2023-06-13T15:18:00+00:00,954,1382
summary,2023-06-13,MSFT,,,,,,,0.00,,0,,,,,,,,,,0.5766,2023-06-12T17:45:00+00:00,865,1179
summary,2023-06-14,SPY,,,,,,,0.00,,0,,,,,,,,,,0.4431,2023-06-12T18:59:00+00:00,1569,2307
summary,2023-06-14,QQQ,,,,,,,0.00,,0,,,,,,,,,,0.7369,2023-06-12T09:13:00+00:00,1712,2372
trade,2023-06-14,NVDA,Long,2023-06-14T13:31:00+00:00,2023-06-14T15:32:00+00:00,406.9970,421.1586,0.74,10.47,0.034795,7260000,MaxHoldTimeout,0.2917,0.1671,-0.2093,0.2717,0.4986,-0.1894,0.0120,0.5960,,,
summary,2023-06-14,NVDA,,,,,,,10.47,,1,,,,,,,,,,0.6631,2023-06-13T15:18:00+00:00,1646,2224
trade,2023-06-14,MSFT,Long,2023-06-14T13:56:00+00:00,2023-06-14T15:56:00+00:00,335.6407,337.4737,0.89,1.64,0.005461,7200000,SessionClose,0.3607,0.0879,0.4198,0.3839,0.2947,-0.5413,0.0315,0.4106,,,
summary,2023-06-14,MSFT,,,,,,,1.64,,1,,,,,,,,,,0.5766,2023-06-12T17:45:00+00:00,1296,1771
trade,2023-06-15,SPY,Long,2023-06-15T13:58:00+00:00,2023-06-15T15:56:00+00:00,438.7766,440.5528,0.68,1.22,0.004048,7080000,SessionClose,0.3593,0.1934,0.4290,0.3851,0.2845,0.3527,0.0870,0.3530,,,
summary,2023-06-15,SPY,,,,,,,1.22,,1,,,,,,,,,,0.5609,2023-06-12T19:13:00+00:00,2135,2893
summary,2023-06-15,AAPL,,,,,,,0.00,,0,,,,,,,,,,0.6057,2023-06-12T14:48:00+00:00,1899,2693
summary,2023-06-15,MSFT,,,,,,,0.00,,0,,,,,,,,,,0.5882,2023-06-12T19:08:00+00:00,1825,2285
summary,2023-06-16,SPY,,,,,,,0.00,,0,,,,,,,,,,0.5090,2023-06-13T13:39:00+00:00,1884,2936
summary,2023-06-16,QQQ,,,,,,,0.00,,0,,,,,,,,,,0.5184,2023-06-13T15:18:00+00:00,2107,2978
summary,2023-06-16,AAPL,,,,,,,0.00,,0,,,,,,,,,,0.6888,2023-06-13T13:38:00+00:00,1580,2615
trade,2023-06-16,NVDA,Long,2023-06-16T14:23:00+00:00,2023-06-16T15:16:00+00:00,435.6957,434.2746,0.55,-0.78,-0.003262,3180000,ScoreExit,0.3914,-0.1457,0.4314,0.3954,0.3699,-0.5346,-0.3280,0.3487,,,
summary,2023-06-16,NVDA,,,,,,,-0.78,,1,,,,,,,,,,1.0000,2023-06-13T13:33:00+00:00,2386,2996
summary,2023-06-19,SPY,,,,,,,0.00,,0,,,,,,,,,,0.3563,2023-06-16T16:52:00+00:00,68,546
summary,2023-06-19,QQQ,,,,,,,0.00,,0,,,,,,,,,,0.3761,2023-06-16T16:52:00+00:00,67,540
summary,2023-06-19,NVDA,,,,,,,0.00,,0,,,,,,,,,,0.8919,2023-06-16T14:11:00+00:00,182,581
summary,2023-06-19,MSFT,,,,,,,0.00,,0,,,,,,,,,,0.0000,2023-06-16T13:30:00+00:00,0,502
summary,2023-06-20,SPY,,,,,,,0.00,,0,,,,,,,,,,0.4392,2023-06-20T16:48:00+00:00,285,654
trade,2023-06-20,QQQ,Long,2023-06-20T13:47:00+00:00,2023-06-20T15:03:00+00:00,367.8053,364.6556,0.82,-2.57,-0.008564,4560000,MaxHoldTimeout,0.3540,0.0000,0.3699,0.3419,0.3728,0.3332,0.0851,-0.5736,,,
summary,2023-06-20,QQQ,,,,,,,-2.57,,1,,,,,,,,,,0.5149,2023-06-20T16:49:00+00:00,337,687
trade,2023-06-20,AAPL,Long,2023-06-20T13:32:00+00:00,2023-06-20T14:48:00+00:00,185.1005,184.7895,1.62,-0.50,-0.001680,4560000,MaxHoldTimeout,0.4326,0.0000,0.4969,0.4305,0.4154,0.0964,-0.1207,-0.4394,,,
summary,2023-06-20,AAPL,,,,,,,-0.50,,1,,,,,,,,,,0.6333,2023-06-20T13:39:00+00:00,289,574
trade,2023-06-20,NVDA,Long,2023-06-20T13:33:00+00:00,2023-06-20T14:49:00+00:00,430.3541,428.6664,0.70,-1.18,-0.003922,4560000,MaxHoldTimeout,0.4527,0.0000,0.4366,0.4072,0.5491,-0.0919,-0.1438,-0.6283,,,
summary,2023-06-20,NVDA,,,,,,,-1.18,,1,,,,,,,,,,0.6157,2023-06-20T11:03:00+00:00,467,635
trade,2023-06-20,MSFT,Long,2023-06-20T13:37:00+00:00,2023-06-20T13:44:00+00:00,340.9184,340.2129,0.88,-0.62,-0.002070,420000,ScoreExit,0.2504,-0.1116,0.3456,0.0954,0.5288,-0.2420,-0.1875,0.0837,,,
trade,2023-06-20,MSFT,Long,2023-06-20T13:48:00+00:00,2023-06-20T13:54:00+00:00,341.4774,340.2429,0.88,-1.08,-0.003615,360000,ScoreExit,0.3009,-0.1357,0.3704,0.1042,0.6709,-0.4893,-0.1469,0.0046,,,
summary,2023-06-20,MSFT,,,,,,,-1.71,,2,,,,,,,,,,0.4686,2023-06-20T17:21:00+00:00,224,548
summary,2023-06-21,SPY,,,,,,,0.00,,0,,,,,,,,,,0.4392,2023-06-20T16:48:00+00:00,611,1437
summary,2023-06-21,AAPL,,,,,,,0.00,,0,,,,,,,,,,0.6333,2023-06-20T13:39:00+00:00,485,1247
summary,2023-06-21,NVDA,,,,,,,0.00,,0,,,,,,,,,,0.6157,2023-06-20T11:03:00+00:00,923,1422
summary,2023-06-22,SPY,,,,,,,0.00,,0,,,,,,,,,,0.4392,2023-06-20T16:48:00+00:00,764,2251
trade,2023-06-22,AAPL,Long,2023-06-22T14:00:00+00:00,2023-06-22T15:56:00+00:00,185.5006,186.3046,1.62,1.30,0.004334,6960000,SessionClose,0.4125,0.0205,0.4541,0.4482,0.3271,-0.4893,-0.0820,0.3956,,,
summary,2023-06-22,AAPL,,,,,,,1.30,,1,,,,,,,,,,0.6333,2023-06-20T13:39:00+00:00,846,1953
trade,2023-06-22,NVDA,Long,2023-06-22T14:26:00+00:00,2023-06-22T14:41:00+00:00,431.4694,430.6558,0.59,-0.48,-0.001886,900000,ScoreExit,0.3611,-0.0653,-0.1470,0.5199,0.2128,-0.4867,-0.1145,0.1736,,,
summary,2023-06-22,NVDA,,,,,,,-0.48,,1,,,,,,,,,,0.6157,2023-06-20T11:03:00+00:00,1148,2256
summary,2023-06-23,SPY,,,,,,,0.00,,0,,,,,,,,,,0.4442,2023-06-20T16:48:00+00:00,822,2788
summary,2023-06-23,NVDA,,,,,,,0.00,,0,,,,,,,,,,1.0000,2023-06-20T13:40:00+00:00,1205,2768
trade,2023-06-26,QQQ,Long,2023-06-26T13:52:00+00:00,2023-06-26T14:32:00+00:00,363.9241,363.5059,0.82,-0.34,-0.001149,2400000,ScoreExit,0.3914,-0.0797,0.5165,0.3673,0.3981,-0.5556,-0.1841,0.2878,,,
summary,2023-06-26,QQQ,,,,,,,-0.34,,1,,,,,,,,,,0.6378,2023-06-23T14:44:00+00:00,402,1170
trade,2023-06-26,AAPL,Long,2023-06-26T13:50:00+00:00,2023-06-26T14:37:00+00:00,187.4712,187.4188,1.60,-0.08,-0.000280,2820000,ScoreExit,0.3678,-0.0566,0.3035,0.3229,0.4790,-0.4565,-0.2537,0.4709,,,
summary,2023-06-26,AAPL,,,,,,,-0.08,,1,,,,,,,,,,0.8002,2023-06-23T14:44:00+00:00,643,1089
trade,2023-06-26,NVDA,Long,2023-06-26T13:51:00+00:00,2023-06-26T14:32:00+00:00,424.9825,424.8675,0.71,-0.08,-0.000270,2460000,ScoreExit,0.3697,-0.1438,0.2790,0.3237,0.4921,-0.5491,-0.2590,0.2218,,,
summary,2023-06-26,NVDA,,,,,,,-0.08,,1,,,,,,,,,,0.9197,2023-06-23T13:31:00+00:00,359,1124
summary,2023-06-26,MSFT,,,,,,,0.00,,0,,,,,,,,,,0.9535,2023-06-23T14:44:00+00:00,314,963
summary,2023-06-27,SPY,,,,,,,0.00,,0,,,,,,,,,,0.4791,2023-06-26T09:33:00+00:00,710,1450
summary,2023-06-27,QQQ,,,,,,,0.00,,0,,,,,,,,,,0.5019,2023-06-26T13:56:00+00:00,586,1475
trade,2023-06-27,AAPL,Long,2023-06-27T13:40:00+00:00,2023-06-27T14:56:00+00:00,186.8010,186.6140,1.61,-0.30,-0.001001,4560000,MaxHoldTimeout,0.3775,0.0142,0.4889,0.3751,0.3453,-0.2700,-0.0779,0.2932,,,
summary,2023-06-27,AAPL,,,,,,,-0.30,,1,,,,,,,,,,0.4925,2023-06-26T13:53:00+00:00,564,1271
summary,2023-06-27,NVDA,,,,,,,0.00,,0,,,,,,,,,,0.8888,2023-06-26T09:48:00+00:00,550,1330
summary,2023-06-28,SPY,,,,,,,0.00,,0,,,,,,,,,,0.4791,2023-06-26T09:33:00+00:00,1208,2275
trade,2023-06-28,QQQ,Long,2023-06-28T14:17:00+00:00,2023-06-28T15:24:00+00:00,363.2638,364.5356,0.83,1.05,0.003501,4020000,ScoreExit,0.3704,-0.0614,0.4561,0.3614,0.3598,-0.5155,-0.2036,0.3744,,,
summary,2023-06-28,QQQ,,,,,,,1.05,,1,,,,,,,,,,0.5019,2023-06-26T13:56:00+00:00,1117,2325
trade,2023-06-28,AAPL,Long,2023-06-28T14:06:00+00:00,2023-06-28T15:56:00+00:00,187.9514,189.2832,1.60,2.13,0.007086,6600000,SessionClose,0.0932,0.1301,-0.3390,0.0062,0.4114,-0.1447,0.0237,0.4343,,,
summary,2023-06-28,AAPL,,,,,,,2.13,,1,,,,,,,,,,0.4925,2023-06-26T13:53:00+00:00,1107,2016
trade,2023-06-28,NVDA,Long,2023-06-28T13:36:00+00:00,2023-06-28T15:37:00+00:00,407.3372,415.3704,0.52,4.19,0.019721,7260000,MaxHoldTimeout,0.3693,0.2350,0.1277,0.5799,0.0285,0.2468,0.0884,0.5242,,,
summary,2023-06-28,NVDA,,,,,,,4.19,,1,,,,,,,,,,0.8888,2023-06-26T09:48:00+00:00,933,2226
trade,2023-06-28,MSFT,Long,2023-06-28T14:32:00+00:00,2023-06-28T15:23:00+00:00,336.7060,336.5640,0.89,-0.13,-0.000422,3060000,ScoreExit,0.3592,-0.0788,0.4315,0.3375,0.3785,-0.3843,-0.2491,0.3635,,,
summary,2023-06-28,MSFT,,,,,,,-0.13,,1,,,,,,,,,,0.5983,2023-06-26T12:02:00+00:00,906,1757
summary,2023-06-29,SPY,,,,,,,0.00,,0,,,,,,,,,,0.4426,2023-06-26T13:41:00+00:00,1582,2845
summary,2023-06-29,QQQ,,,,,,,0.00,,0,,,,,,,,,,0.7044,2023-06-26T14:01:00+00:00,1490,2924
summary,2023-06-29,NVDA,,,,,,,0.00,,0,,,,,,,,,,0.8979,2023-06-26T13:54:00+00:00,1120,2848
summary,2023-06-30,SPY,,,,,,,0.00,,0,,,,,,,,,,0.6910,2023-06-27T14:59:00+00:00,2083,2855
summary,2023-07-03,SPY,,,,,,,0.00,,0,,,,,,,,,,0.4505,2023-06-30T14:20:00+00:00,685,1076
summary,2023-07-03,AAPL,,,,,,,0.00,,0,,,,,,,,,,0.8124,2023-06-30T14:20:00+00:00,786,1140
trade,2023-07-03,NVDA,Long,2023-07-03T14:21:00+00:00,2023-07-03T14:32:00+00:00,424.8414,424.4475,0.71,-0.28,-0.000927,660000,ScoreExit,0.1905,-0.0503,0.1231,0.0527,0.4884,-0.5639,-0.2154,0.4512,,,
trade,2023-07-03,NVDA,Long,2023-07-03T14:41:00+00:00,2023-07-03T15:33:00+00:00,425.0875,424.8281,0.71,-0.18,-0.000610,3120000,ScoreExit,0.2194,-0.0550,0.0611,0.1024,0.5062,-0.4191,-0.2272,0.4107,,,
summary,2023-07-03,NVDA,,,,,,,-0.46,,2,,,,,,,,,,0.9550,2023-06-30T14:40:00+00:00,769,1035
summary,2023-07-03,MSFT,,,,,,,0.00,,0,,,,,,,,,,0.9487,2023-06-30T14:46:00+00:00,252,852
summary,2023-07-04,AAPL,,,,,,,0.00,,0,,,,,,,,,,0.3322,2023-07-03T13:28:00+00:00,44,560
summary,2023-07-04,NVDA,,,,,,,0.00,,0,,,,,,,,,,0.6242,2023-07-03T13:33:00+00:00,107,494
summary,2023-07-04,MSFT,,,,,,,0.00,,0,,,,,,,,,,0.4803,2023-07-03T13:49:00+00:00,56,388
summary,2023-07-05,SPY,,,,,,,0.00,,0,,,,,,,,,,0.3322,2023-07-03T10:28:00+00:00,553,1201
trade,2023-07-05,QQQ,Long,2023-07-05T13:55:00+00:00,2023-07-05T15:11:00+00:00,370.9963,371.1146,0.81,0.10,0.000319,4560000,ScoreExit,0.3834,-0.0562,0.4022,0.3995,0.3451,-0.4347,-0.1664,0.2903,,,
summary,2023-07-05,QQQ,,,,,,,0.10,,1,,,,,,,,,,0.3972,2023-07-05T13:44:00+00:00,439,1248
trade,2023-07-05,MSFT,Long,2023-07-05T13:41:00+00:00,2023-07-05T15:16:00+00:00,339.2768,339.4351,0.88,0.14,0.000467,5700000,ScoreExit,0.4690,-0.0867,0.5904,0.4568,0.4529,-0.5536,-0.2410,0.3776,,,
summary,2023-07-05,MSFT,,,,,,,0.14,,1,,,,,,,,,,0.5065,2023-07-05T13:41:00+00:00,318,892
summary,2023-07-06,SPY,,,,,,,0.00,,0,,,,,,,,,,0.3578,2023-07-03T13:45:00+00:00,559,1762
summary,2023-07-06,QQQ,,,,,,,0.00,,0,,,,,,,,,,0.3990,2023-07-05T13:44:00+00:00,555,1818
summary,2023-07-06,AAPL,,,,,,,0.00,,0,,,,,,,,,,0.3836,2023-07-05T13:41:00+00:00,242,1650
summary,2023-07-06,NVDA,,,,,,,0.00,,0,,,,,,,,,,0.9373,2023-07-03T13:33:00+00:00,437,1659
summary,2023-07-06,MSFT,,,,,,,0.00,,0,,,,,,,,,,0.6851,2023-07-03T13:49:00+00:00,719,1439
summary,2023-07-07,SPY,,,,,,,0.00,,0,,,,,,,,,,0.3758,2023-07-05T13:42:00+00:00,523,2190
summary,2023-07-07,QQQ,,,,,,,0.00,,0,,,,,,,,,,0.4924,2023-07-05T13:41:00+00:00,656,2292
summary,2023-07-07,AAPL,,,,,,,0.00,,0,,,,,,,,,,0.5840,2023-07-05T13:41:00+00:00,932,2054
summary,2023-07-07,MSFT,,,,,,,0.00,,0,,,,,,,,,,0.7246,2023-07-05T12:28:00+00:00,894,1829
summary,2023-07-10,SPY,,,,,,,0.00,,0,,,,,,,,,,0.5460,2023-07-07T15:04:00+00:00,425,1172
summary,2023-07-10,QQQ,,,,,,,0.00,,0,,,,,,,,,,0.5763,2023-07-07T16:17:00+00:00,331,1196
summary,2023-07-10,AAPL,,,,,,,0.00,,0,,,,,,,,,,0.6878,2023-07-07T16:03:00+00:00,260,1170
summary,2023-07-10,NVDA,,,,,,,0.00,,0,,,,,,,,,,0.8931,2023-07-07T13:55:00+00:00,514,1154
summary,2023-07-11,QQQ,,,,,,,0.00,,0,,,,,,,,,,0.6257,2023-07-10T09:14:00+00:00,910,1444
summary,2023-07-11,AAPL,,,,,,,0.00,,0,,,,,,,,,,0.5259,2023-07-10T11:56:00+00:00,544,1392
summary,2023-07-11,MSFT,,,,,,,0.00,,0,,,,,,,,,,0.5372,2023-07-10T12:03:00+00:00,601,1259
trade,2023-07-12,SPY,Long,2023-07-12T14:37:00+00:00,2023-07-12T15:06:00+00:00,447.2491,446.7009,0.67,-0.37,-0.001226,1740000,ScoreExit,0.2457,-0.0644,0.0499,0.1529,0.4966,-0.4948,-0.2231,0.3966,,,
summary,2023-07-12,SPY,,,,,,,-0.37,,1,,,,,,,,,,0.6889,2023-07-10T09:12:00+00:00,1604,2218
trade,2023-07-12,QQQ,Long,2023-07-12T14:37:00+00:00,2023-07-12T15:01:00+00:00,373.8021,372.9631,0.80,-0.67,-0.002245,1440000,ScoreExit,0.2036,-0.0827,0.0762,0.1137,0.4260,-0.3117,-0.2298,0.2880,,,
summary,2023-07-12,QQQ,,,,,,,-0.67,,1,,,,,,,,,,0.6257,2023-07-10T09:14:00+00:00,1583,2262
trade,2023-07-12,AAPL,Long,2023-07-12T13:37:00+00:00,2023-07-12T14:29:00+00:00,190.3521,190.4379,1.58,0.14,0.000451,3120000,ScoreExit,0.4073,-0.0743,0.4362,0.4069,0.3986,-0.5526,-0.1895,0.3156,,,
summary,2023-07-12,AAPL,,,,,,,0.14,,1,,,,,,,,,,0.5259,2023-07-10T11:56:00+00:00,1075,2128
summary,2023-07-12,MSFT,,,,,,,0.00,,0,,,,,,,,,,0.5372,2023-07-10T12:03:00+00:00,1103,1925
summary,2023-07-13,SPY,,,,,,,0.00,,0,,,,,,,,,,0.4205,2023-07-12T12:38:00+00:00,2133,2798
summary,2023-07-13,AAPL,,,,,,,0.00,,0,,,,,,,,,,0.7231,2023-07-10T14:25:00+00:00,1479,2605
summary,2023-07-13,NVDA,,,,,,,0.00,,0,,,,,,,,,,0.8432,2023-07-10T14:24:00+00:00,2093,2697
summary,2023-07-14,QQQ,,,,,,,0.00,,0,,,,,,,,,,0.7595,2023-07-11T15:04:00+00:00,2324,2913
summary,2023-07-14,AAPL,,,,,,,0.00,,0,,,,,,,,,,0.5598,2023-07-11T14:47:00+00:00,1613,2644
trade,2023-07-14,MSFT,Long,2023-07-14T13:36:00+00:00,2023-07-14T15:37:00+00:00,347.5787,349.3652,0.86,1.54,0.005140,7260000,MaxHoldTimeout,0.2146,0.1718,-0.0795,0.1319,0.4782,-0.0354,0.0268,0.5310,,,
summary,2023-07-14,MSFT,,,,,,,1.54,,1,,,,,,,,,,0.9181,2023-07-11T15:04:00+00:00,1942,2396
summary,2023-07-17,SPY,,,,,,,0.00,,0,,,,,,,,,,0.3543,2023-07-14T13:39:00+00:00,379,1160
summary,2023-07-17,QQQ,,,,,,,0.00,,0,,,,,,,,,,0.7063,2023-07-14T14:17:00+00:00,438,1183
summary,2023-07-17,AAPL,,,,,,,0.00,,0,,,,,,,,,,0.5687,2023-07-14T13:38:00+00:00,700,1124
summary,2023-07-17,NVDA,,,,,,,0.00,,0,,,,,,,,,,1.0000,2023-07-14T13:37:00+00:00,255,1219
summary,2023-07-17,MSFT,,,,,,,0.00,,0,,,,,,,,,,0.8983,2023-07-14T14:20:00+00:00,252,1030
summary,2023-07-18,SPY,,,,,,,0.00,,0,,,,,,,,,,0.3806,2023-07-18T18:29:00+00:00,959,1387
summary,2023-07-18,AAPL,,,,,,,0.00,,0,,,,,,,,,,0.6130,2023-07-17T13:38:00+00:00,935,1299
summary,2023-07-18,MSFT,,,,,,,0.00,,0,,,,,,,,,,0.7870,2023-07-18T15:45:00+00:00,657,1140
trade,2023-07-19,SPY,Long,2023-07-19T13:36:00+00:00,2023-07-19T14:31:00+00:00,455.7717,455.6583,0.66,-0.07,-0.000249,3300000,ScoreExit,0.3529,-0.0505,0.4231,0.3510,0.3333,-0.5292,-0.1501,0.3083,,,
summary,2023-07-19,SPY,,,,,,,-0.07,,1,,,,,,,,,,0.3806,2023-07-18T18:29:00+00:00,1507,2157
summary,2023-07-19,QQQ,,,,,,,0.00,,0,,,,,,,,,,0.5150,2023-07-17T18:24:00+00:00,1592,2312
summary,2023-07-19,NVDA,,,,,,,0.00,,0,,,,,,,,,,0.6358,2023-07-18T16:05:00+00:00,1485,2239
summary,2023-07-20,QQQ,,,,,,,0.00,,0,,,,,,,,,,0.5530,2023-07-17T19:18:00+00:00,1560,2927
summary,2023-07-20,NVDA,,,,,,,0.00,,0,,,,,,,,,,0.8994,2023-07-17T14:13:00+00:00,1625,2848
summary,2023-07-20,MSFT,,,,,,,0.00,,0,,,,,,,,,,0.7878,2023-07-18T15:45:00+00:00,1161,2562
summary,2023-07-21,QQQ,,,,,,,0.00,,0,,,,,,,,,,0.7655,2023-07-18T14:49:00+00:00,1074,2968
summary,2023-07-21,AAPL,,,,,,,0.00,,0,,,,,,,,,,0.6518,2023-07-18T15:04:00+00:00,951,2663
summary,2023-07-21,MSFT,,,,,,,0.00,,0,,,,,,,,,,0.9221,2023-07-18T15:41:00+00:00,799,2657
summary,2023-07-24,QQQ,,,,,,,0.00,,0,,,,,,,,,,0.3533,2023-07-21T17:58:00+00:00,345,1192
summary,2023-07-24,AAPL,,,,,,,0.00,,0,,,,,,,,,,0.4867,2023-07-24T13:35:00+00:00,330,1093
summary,2023-07-24,MSFT,,,,,,,0.00,,0,,,,,,,,,,0.9325,2023-07-21T13:45:00+00:00,370,1094
summary,2023-07-25,AAPL,,,,,,,0.00,,0,,,,,,,,,,0.5971,2023-07-24T13:35:00+00:00,534,1254
trade,2023-07-25,NVDA,Long,2023-07-25T13:31:00+00:00,2023-07-25T15:32:00+00:00,451.6404,457.8476,0.66,4.13,0.013744,7260000,MaxHoldTimeout,0.6011,0.3066,0.4901,0.5002,0.8399,0.1682,0.0961,0.7740,,,
summary,2023-07-25,NVDA,,,,,,,4.13,,1,,,,,,,,,,0.9496,2023-07-24T09:22:00+00:00,944,1351
trade,2023-07-25,MSFT,Long,2023-07-25T13:56:00+00:00,2023-07-25T14:44:00+00:00,347.1791,346.2311,0.86,-0.82,-0.002731,2880000,ScoreExit,0.1913,-0.0552,-0.3647,0.1714,0.4164,-0.4960,-0.1192,0.2198,,,
summary,2023-07-25,MSFT,,,,,,,-0.82,,1,,,,,,,,,,0.4882,2023-07-24T18:01:00+00:00,838,1334
summary,2023-07-26,SPY,,,,,,,0.00,,0,,,,,,,,,,0.7006,2023-07-24T09:17:00+00:00,1084,2149
summary,2023-07-26,AAPL,,,,,,,0.00,,0,,,,,,,,,,0.5971,2023-07-24T13:35:00+00:00,968,1975
summary,2023-07-26,NVDA,,,,,,,0.00,,0,,,,,,,,,,0.9496,2023-07-24T09:22:00+00:00,1438,2141
summary,2023-07-26,MSFT,,,,,,,0.00,,0,,,,,,,,,,0.4882,2023-07-24T18:01:00+00:00,970,2249
summary,2023-07-27,SPY,,,,,,,0.00,,0,,,,,,,,,,0.4956,2023-07-24T14:58:00+00:00,1446,2757
trade,2023-07-27,QQQ,Long,2023-07-27T13:41:00+00:00,2023-07-27T14:06:00+00:00,384.1702,383.5999,0.78,-0.45,-0.001485,1500000,ScoreExit,0.3869,-0.0761,0.4784,0.3662,0.3979,-0.4754,-0.1781,0.2609,,,
summary,2023-07-27,QQQ,,,,,,,-0.45,,1,,,,,,,,,,0.4639,2023-07-24T14:28:00+00:00,1812,2914
trade,2023-07-27,AAPL,Long,2023-07-27T13:32:00+00:00,2023-07-27T14:11:00+00:00,196.2138,196.3889,1.53,0.27,0.000892,2340000,ScoreExit,0.3710,-0.0736,0.4260,0.3494,0.3958,-0.5143,-0.1589,0.2439,,,
summary,2023-07-27,AAPL,,,,,,,0.27,,1,,,,,,,,,,0.7045,2023-07-24T13:37:00+00:00,1373,2563
summary,2023-07-27,NVDA,,,,,,,0.00,,0,,,,,,,,,,0.8879,2023-07-24T14:24:00+00:00,1875,2737
summary,2023-07-27,MSFT,,,,,,,0.00,,0,,,,,,,,,,0.8602,2023-07-24T14:32:00+00:00,923,2864
summary,2023-07-28,QQQ,,,,,,,0.00,,0,,,,,,,,,,0.5223,2023-07-25T18:44:00+00:00,1608,2953
summary,2023-07-28,MSFT,,,,,,,0.00,,0,,,,,,,,,,0.8861,2023-07-25T13:46:00+00:00,963,2858
summary,2023-07-31,QQQ,,,,,,,0.00,,0,,,,,,,,,,0.6587,2023-07-28T15:54:00+00:00,801,1179
summary,2023-07-31,AAPL,,,,,,,0.00,,0,,,,,,,,,,0.6564,2023-07-28T13:52:00+00:00,699,1138
trade,2023-07-31,NVDA,Long,2023-07-31T14:23:00+00:00,2023-07-31T14:31:00+00:00,469.1907,468.2545,0.64,-0.60,-0.001995,480000,ScoreExit,0.2224,-0.0882,0.2116,0.1310,0.4089,-0.4194,-0.2355,0.3170,,,
summary,2023-07-31,NVDA,,,,,,,-0.60,,1,,,,,,,,,,0.8942,2023-07-28T14:04:00+00:00,693,1137
summary,2023-07-31,MSFT,,,,,,,0.00,,0,,,,,,,,,,0.8942,2023-07-28T13:45:00+00:00,513,1046
summary,2023-08-01,SPY,,,,,,,0.00,,0,,,,,,,,,,0.4674,2023-07-31T09:17:00+00:00,659,1408
summary,2023-08-01,AAPL,,,,,,,0.00,,0,,,,,,,,,,0.4526,2023-07-31T11:09:00+00:00,767,1300
trade,2023-08-01,NVDA,Long,2023-08-01T14:52:00+00:00,2023-08-01T15:44:00+00:00,465.9948,466.0541,0.64,0.04,0.000127,3120000,ScoreExit,0.4470,-0.0551,0.4758,0.4901,0.3510,-0.4198,-0.1457,0.2477,,,
summary,2023-08-01,NVDA,,,,,,,0.04,,1,,,,,,,,,,0.5274,2023-08-01T14:56:00+00:00,570,1274
trade,2023-08-01,MSFT,Long,2023-08-01T14:36:00+00:00,2023-08-01T15:56:00+00:00,336.4559,337.7736,0.89,1.18,0.003917,4800000,SessionClose,0.3685,0.3274,0.3582,0.3503,0.4081,0.5189,0.2066,0.5050,,,
summary,2023-08-01,MSFT,,,,,,,1.18,,1,,,,,,,,,,0.4529,2023-08-01T14:49:00+00:00,565,1160
summary,2023-08-02,SPY,,,,,,,0.00,,0,,,,,,,,,,0.4674,2023-07-31T09:17:00+00:00,659,2314
summary,2023-08-02,AAPL,,,,,,,0.00,,0,,,,,,,,,,0.4526,2023-07-31T11:09:00+00:00,767,2152
summary,2023-08-02,NVDA,,,,,,,0.00,,0,,,,,,,,,,0.5274,2023-08-01T14:56:00+00:00,611,2135
summary,2023-08-03,QQQ,,,,,,,0.00,,0,,,,,,,,,,0.4995,2023-07-31T15:04:00+00:00,429,3044
summary,2023-08-03,AAPL,,,,,,,0.00,,0,,,,,,,,,,0.7947,2023-07-31T15:04:00+00:00,604,2778
trade,2023-08-03,NVDA,Long,2023-08-03T13:46:00+00:00,2023-08-03T14:26:00+00:00,444.4770,443.6250,0.56,-0.47,-0.001917,2400000,ScoreExit,0.4327,-0.1512,0.3164,0.6318,0.0733,-0.5472,-0.2017,0.0817,,,
summary,2023-08-03,NVDA,,,,,,,-0.47,,1,,,,,,,,,,0.8604,2023-07-31T13:43:00+00:00,565,2792
summary,2023-08-04,SPY,,,,,,,0.00,,0,,,,,,,,,,0.3374,2023-08-01T13:37:00+00:00,379,3000
summary,2023-08-04,AAPL,,,,,,,0.00,,0,,,,,,,,,,0.5017,2023-08-01T13:39:00+00:00,126,2978
summary,2023-08-04,NVDA,,,,,,,0.00,,0,,,,,,,,,,0.9591,2023-08-01T14:55:00+00:00,890,2901
summary,2023-08-04,MSFT,,,,,,,0.00,,0,,,,,,,,,,0.9567,2023-08-01T14:41:00+00:00,616,2547
summary,2023-08-07,QQQ,,,,,,,0.00,,0,,,,,,,,,,0.7443,2023-08-04T15:03:00+00:00,519,1191
summary,2023-08-07,AAPL,,,,,,,0.00,,0,,,,,,,,,,1.0000,2023-08-04T13:35:00+00:00,65,1275
summary,2023-08-07,MSFT,,,,,,,0.00,,0,,,,,,,,,,1.0000,2023-08-04T13:36:00+00:00,314,973
summary,2023-08-08,QQQ,,,,,,,0.00,,0,,,,,,,,,,0.3992,2023-08-07T18:02:00+00:00,639,1498
summary,2023-08-08,AAPL,,,,,,,0.00,,0,,,,,,,,,,0.3939,2023-08-08T19:24:00+00:00,606,1491
summary,2023-08-08,NVDA,,,,,,,0.00,,0,,,,,,,,,,0.8068,2023-08-07T09:32:00+00:00,446,1338
summary,2023-08-08,MSFT,,,,,,,0.00,,0,,,,,,,,,,0.4801,2023-08-07T13:54:00+00:00,266,1071
summary,2023-08-09,SPY,,,,,,,0.00,,0,,,,,,,,,,0.3818,2023-08-07T17:59:00+00:00,907,2235
summary,2023-08-09,QQQ,,,,,,,0.00,,0,,,,,,,,,,0.3992,2023-08-07T18:02:00+00:00,849,2318
summary,2023-08-09,MSFT,,,,,,,0.00,,0,,,,,,,,,,0.4801,2023-08-07T13:54:00+00:00,286,1662
trade,2023-08-10,QQQ,Long,2023-08-10T13:52:00+00:00,2023-08-10T14:38:00+00:00,372.9368,372.6732,0.80,-0.21,-0.000707,2760000,ScoreExit,0.3705,-0.0672,0.4115,0.3680,0.3617,-0.5140,-0.1529,0.2533,,,
summary,2023-08-10,QQQ,,,,,,,-0.21,,1,,,,,,,,,,0.5448,2023-08-07T19:57:00+00:00,1042,2919
summary,2023-08-10,AAPL,,,,,,,0.00,,0,,,,,,,,,,0.4802,2023-08-09T08:01:00+00:00,1195,2826
trade,2023-08-10,NVDA,Long,2023-08-10T13:44:00+00:00,2023-08-10T15:00:00+00:00,427.9834,426.3171,0.49,-0.82,-0.003893,4560000,MaxHoldTimeout,0.3605,0.0000,0.1654,0.5283,0.0897,-0.5777,-0.3701,-0.2112,,,
summary,2023-08-10,NVDA,,,,,,,-0.82,,1,,,,,,,,,,0.7390,2023-08-07T14:26:00+00:00,393,2771
summary,2023-08-11,SPY,,,,,,,0.00,,0,,,,,,,,,,0.5128,2023-08-08T19:42:00+00:00,1083,2782
summary,2023-08-11,QQQ,,,,,,,0.00,,0,,,,,,,,,,0.5142,2023-08-08T19:45:00+00:00,913,2925
trade,2023-08-14,QQQ,Long,2023-08-14T14:13:00+00:00,2023-08-14T15:56:00+00:00,367.5553,369.2351,0.82,1.37,0.004570,6180000,SessionClose,0.4128,0.0417,0.5139,0.3971,0.4105,-0.2011,-0.1399,0.4861,,,
summary,2023-08-14,QQQ,,,,,,,1.37,,1,,,,,,,,,,0.7702,2023-08-11T14:21:00+00:00,723,1169
trade,2023-08-14,AAPL,Long,2023-08-14T14:32:00+00:00,2023-08-14T15:56:00+00:00,178.5135,179.2362,1.68,1.21,0.004048,5040000,SessionClose,0.2389,-0.0131,-0.0283,0.1970,0.4119,-0.3321,-0.2137,0.4942,,,
summary,2023-08-14,AAPL,,,,,,,1.21,,1,,,,,,,,,,0.9196,2023-08-11T14:40:00+00:00,662,1138
trade,2023-08-14,MSFT,Long,2023-08-14T14:46:00+00:00,2023-08-14T15:56:00+00:00,322.1266,323.2780,0.93,1.07,0.003574,4200000,SessionClose,0.3818,0.0631,0.4549,0.3619,0.3974,-0.2469,-0.0894,0.4714,,,
summary,2023-08-14,MSFT,,,,,,,1.07,,1,,,,,,,,,,0.8907,2023-08-11T14:16:00+00:00,620,955
summary,2023-08-15,SPY,,,,,,,0.00,,0,,,,,,,,,,0.5086,2023-08-14T14:53:00+00:00,579,1483
summary,2023-08-15,AAPL,,,,,,,0.00,,0,,,,,,,,,,0.5981,2023-08-14T14:51:00+00:00,777,1395
trade,2023-08-15,MSFT,Long,2023-08-15T13:33:00+00:00,2023-08-15T14:01:00+00:00,323.8321,323.3780,0.93,-0.42,-0.001402,1680000,ScoreExit,0.3698,-0.1416,0.4311,0.3830,0.3231,-0.4779,-0.2470,0.1811,,,
summary,2023-08-15,MSFT,,,,,,,-0.42,,1,,,,,,,,,,0.6145,2023-08-14T14:54:00+00:00,614,1080
summary,2023-08-16,SPY,,,,,,,0.00,,0,,,,,,,,,,0.5086,2023-08-14T14:53:00+00:00,579,2318
summary,2023-08-16,AAPL,,,,,,,0.00,,0,,,,,,,,,,0.5981,2023-08-14T14:51:00+00:00,802,2139
summary,2023-08-16,NVDA,,,,,,,0.00,,0,,,,,,,,,,0.8139,2023-08-14T14:14:00+00:00,1693,2398
summary,2023-08-17,QQQ,,,,,,,0.00,,0,,,,,,,,,,0.9555,2023-08-14T14:51:00+00:00,899,2987
summary,2023-08-17,AAPL,,,,,,,0.00,,0,,,,,,,,,,0.9558,2023-08-14T14:51:00+00:00,670,2677
summary,2023-08-17,NVDA,,,,,,,0.00,,0,,,,,,,,,,1.0000,2023-08-14T13:33:00+00:00,1925,2969
summary,2023-08-17,MSFT,,,,,,,0.00,,0,,,,,,,,,,0.9583,2023-08-14T14:54:00+00:00,685,2132
summary,2023-08-18,QQQ,,,,,,,0.00,,0,,,,,,,,,,0.4841,2023-08-15T13:39:00+00:00,183,3001
summary,2023-08-18,NVDA,,,,,,,0.00,,0,,,,,,,,,,1.0000,2023-08-15T13:33:00+00:00,684,2877
summary,2023-08-18,MSFT,,,,,,,0.00,,0,,,,,,,,,,0.6733,2023-08-15T13:39:00+00:00,379,2196
trade,2023-08-21,SPY,Long,2023-08-21T13:39:00+00:00,2023-08-21T14:21:00+00:00,438.4465,437.5337,0.68,-0.62,-0.002082,2520000,ScoreExit,0.3639,-0.0753,0.4616,0.3131,0.4330,-0.4998,-0.2019,0.3194,,,
summary,2023-08-21,SPY,,,,,,,-0.62,,1,,,,,,,,,,0.8064,2023-08-18T15:04:00+00:00,877,1205
trade,2023-08-21,QQQ,Long,2023-08-21T13:45:00+00:00,2023-08-21T14:26:00+00:00,361.3034,360.2869,0.83,-0.84,-0.002813,2460000,ScoreExit,0.3194,-0.0764,0.1175,0.2618,0.5017,-0.5706,-0.2470,0.4293,,,
summary,2023-08-21,QQQ,,,,,,,-0.84,,1,,,,,,,,,,0.7082,2023-08-18T15:04:00+00:00,1031,1242
trade,2023-08-21,AAPL,Long,2023-08-21T13:43:00+00:00,2023-08-21T14:11:00+00:00,175.1075,175.0334,1.71,-0.13,-0.000423,1680000,ScoreExit,0.1880,-0.0651,0.2367,0.0495,0.4488,-0.5198,-0.2023,0.3608,,,
summary,2023-08-21,AAPL,,,,,,,-0.13,,1,,,,,,,,,,0.9023,2023-08-18T15:00:00+00:00,965,1141
summary,2023-08-21,MSFT,,,,,,,0.00,,0,,,,,,,,,,0.8889,2023-08-18T15:00:00+00:00,829,961
trade,2023-08-22,QQQ,Long,2023-08-22T14:11:00+00:00,2023-08-22T14:31:00+00:00,364.9244,364.3653,0.82,-0.46,-0.001532,1200000,ScoreExit,0.2006,-0.0974,0.0967,0.1163,0.4038,-0.5352,-0.2750,0.4038,,,
summary,2023-08-22,QQQ,,,,,,,-0.46,,1,,,,,,,,,,0.7485,2023-08-21T09:14:00+00:00,1025,1570
summary,2023-08-22,NVDA,,,,,,,0.00,,0,,,,,,,,,,0.9256,2023-08-21T09:16:00+00:00,1152,1584
summary,2023-08-23,SPY,,,,,,,0.00,,0,,,,,,,,,,0.7405,2023-08-21T09:25:00+00:00,1309,2290
trade,2023-08-23,NVDA,Long,2023-08-23T14:06:00+00:00,2023-08-23T15:42:00+00:00,460.8931,465.3926,0.35,1.59,0.009763,5760000,ScoreExit,0.4329,-0.0526,0.3548,0.5133,0.2982,-0.4355,-0.2519,0.4735,,,
summary,2023-08-23,NVDA,,,,,,,1.59,,1,,,,,,,,,,0.9256,2023-08-21T09:16:00+00:00,1557,2464
summary,2023-08-24,QQQ,,,,,,,0.00,,0,,,,,,,,,,0.7027,2023-08-21T14:06:00+00:00,1955,3008
summary,2023-08-24,NVDA,,,,,,,0.00,,0,,,,,,,,,,1.0000,2023-08-21T13:33:00+00:00,1935,3143
summary,2023-08-24,MSFT,,,,,,,0.00,,0,,,,,,,,,,0.8918,2023-08-21T14:05:00+00:00,1471,2367
summary,2023-08-25,SPY,,,,,,,0.00,,0,,,,,,,,,,0.4253,2023-08-23T20:41:00+00:00,1082,2916
summary,2023-08-25,AAPL,,,,,,,0.00,,0,,,,,,,,,,0.8071,2023-08-22T15:01:00+00:00,1298,2743
summary,2023-08-25,NVDA,,,,,,,0.00,,0,,,,,,,,,,0.8340,2023-08-23T20:23:00+00:00,1111,3133
summary,2023-08-25,MSFT,,,,,,,0.00,,0,,,,,,,,,,0.6734,2023-08-23T20:24:00+00:00,815,2331
trade,2023-08-28,SPY,Long,2023-08-28T13:41:00+00:00,2023-08-28T14:42:00+00:00,442.7578,442.1623,0.68,-0.40,-0.001345,3660000,ScoreExit,0.2077,-0.0529,-0.0211,0.1229,0.4534,-0.5275,-0.2194,0.4382,,,
summary,2023-08-28,SPY,,,,,,,-0.40,,1,,,,,,,,,,0.7367,2023-08-25T14:16:00+00:00,815,1109
trade,2023-08-28,QQQ,Long,2023-08-28T14:21:00+00:00,2023-08-28T14:41:00+00:00,366.1348,365.8252,0.82,-0.25,-0.000846,1200000,ScoreExit,0.2538,-0.0552,-0.0225,0.2030,0.4474,-0.5037,-0.2317,0.4474,,,
summary,2023-08-28,QQQ,,,,,,,-0.25,,1,,,,,,,,,,0.8933,2023-08-25T14:15:00+00:00,866,1188
summary,2023-08-28,AAPL,,,,,,,0.00,,0,,,,,,,,,,0.8354,2023-08-25T14:16:00+00:00,798,1068
summary,2023-08-28,NVDA,,,,,,,0.00,,0,,,,,,,,,,1.0000,2023-08-25T13:40:00+00:00,519,1231
trade,2023-08-28,MSFT,Long,2023-08-28T14:35:00+00:00,2023-08-28T14:41:00+00:00,324.3423,323.4179,0.93,-0.86,-0.002850,360000,ScoreExit,0.1756,-0.1074,-0.0456,0.0859,0.4287,-0.5089,-0.2564,0.3244,,,
summary,2023-08-28,MSFT,,,,,,,-0.86,,1,,,,,,,,,,0.8899,2023-08-25T14:15:00+00:00,505,917
trade,2023-08-29,QQQ,Long,2023-08-29T13:32:00+00:00,2023-08-29T15:33:00+00:00,366.8650,373.1430,0.82,5.14,0.017113,7260000,MaxHoldTimeout,0.3617,0.3569,0.4551,0.3445,0.3651,0.3707,0.2013,0.6635,,,
summary,2023-08-29,QQQ,,,,,,,5.14,,1,,,,,,,,,,0.5362,2023-08-29T14:15:00+00:00,1010,1432
trade,2023-08-29,AAPL,Long,2023-08-29T13:54:00+00:00,2023-08-29T15:55:00+00:00,180.9893,183.3550,1.66,3.92,0.013071,7260000,MaxHoldTimeout,0.3244,0.3018,0.2312,0.2759,0.4526,0.0290,0.1734,0.6496,,,
summary,2023-08-29,AAPL,,,,,,,3.92,,1,,,,,,,,,,0.5767,2023-08-28T17:05:00+00:00,923,1270
summary,2023-08-29,NVDA,,,,,,,0.00,,0,,,,,,,,,,0.7521,2023-08-29T14:23:00+00:00,1092,1419
trade,2023-08-30,QQQ,Long,2023-08-30T14:11:00+00:00,2023-08-30T14:21:00+00:00,376.7380,375.3524,0.80,-1.10,-0.003678,600000,ScoreExit,0.3877,-0.0944,0.4764,0.3963,0.3408,-0.5400,-0.2377,0.3408,,,
summary,2023-08-30,QQQ,,,,,,,-1.10,,1,,,,,,,,,,0.5362,2023-08-29T14:15:00+00:00,1725,2307
trade,2023-08-30,AAPL,Long,2023-08-30T14:24:00+00:00,2023-08-30T15:56:00+00:00,186.7410,186.9339,1.61,0.31,0.001033,5520000,SessionClose,0.1136,0.2727,-0.5522,0.0203,0.5222,-0.4591,0.2510,0.5600,,,
summary,2023-08-30,AAPL,,,,,,,0.31,,1,,,,,,,,,,0.5767,2023-08-28T17:05:00+00:00,1640,2069
trade,2023-08-30,NVDA,Long,2023-08-30T13:31:00+00:00,2023-08-30T13:37:00+00:00,489.8147,485.8492,0.55,-2.17,-0.008096,360000,ScoreExit,0.2548,-0.0684,-0.1065,0.2187,0.4475,-0.6012,-0.2376,0.4475,,,
trade,2023-08-30,NVDA,Long,2023-08-30T13:51:00+00:00,2023-08-30T15:52:00+00:00,486.9510,494.2767,0.34,2.46,0.015044,7260000,MaxHoldTimeout,0.1710,0.1013,0.1370,0.0383,0.4475,-0.3260,-0.0867,0.6198,,,
summary,2023-08-30,NVDA,,,,,,,0.29,,2,,,,,,,,,,0.7521,2023-08-29T14:23:00+00:00,1797,2254
trade,2023-08-31,QQQ,Long,2023-08-31T13:56:00+00:00,2023-08-31T15:21:00+00:00,378.4585,378.5014,0.79,0.03,0.000113,5100000,ScoreExit,0.3561,-0.1067,0.4378,0.3733,0.2946,-0.4949,-0.2491,0.3074,,,
summary,2023-08-31,QQQ,,,,,,,0.03,,1,,,,,,,,,,0.5198,2023-08-29T14:15:00+00:00,2137,2852
summary,2023-08-31,AAPL,,,,,,,0.00,,0,,,,,,,,,,0.5788,2023-08-28T17:05:00+00:00,2170,2678
summary,2023-09-01,SPY,,,,,,,0.00,,0,,,,,,,,,,0.7773,2023-08-29T14:36:00+00:00,2026,2708
summary,2023-09-01,QQQ,,,,,,,0.00,,0,,,,,,,,,,0.9543,2023-08-29T14:51:00+00:00,2268,2832
summary,2023-09-01,AAPL,,,,,,,0.00,,0,,,,,,,,,,0.9495,2023-08-29T14:49:00+00:00,2346,2724
summary,2023-09-01,NVDA,,,,,,,0.00,,0,,,,,,,,,,0.9508,2023-08-29T14:51:00+00:00,2043,2826
summary,2023-09-01,MSFT,,,,,,,0.00,,0,,,,,,,,,,0.9490,2023-08-29T14:50:00+00:00,1434,2084
summary,2023-09-04,SPY,,,,,,,0.00,,0,,,,,,,,,,0.3599,2023-09-01T14:13:00+00:00,26,552
summary,2023-09-04,QQQ,,,,,,,0.00,,0,,,,,,,,,,0.4384,2023-09-01T14:13:00+00:00,29,505
summary,2023-09-04,AAPL,,,,,,,0.00,,0,,,,,,,,,,0.5394,2023-09-01T14:13:00+00:00,288,537
summary,2023-09-04,NVDA,,,,,,,0.00,,0,,,,,,,,,,0.3685,2023-09-01T16:57:00+00:00,24,571
summary,2023-09-05,SPY,,,,,,,0.00,,0,,,,,,,,,,0.7306,2023-09-05T09:34:00+00:00,302,635
summary,2023-09-05,AAPL,,,,,,,0.00,,0,,,,,,,,,,0.6990,2023-09-05T09:28:00+00:00,391,644
summary,2023-09-05,MSFT,,,,,,,0.00,,0,,,,,,,,,,0.6658,2023-09-05T15:08:00+00:00,403,485
summary,2023-09-06,SPY,,,,,,,0.00,,0,,,,,,,,,,0.7306,2023-09-05T09:34:00+00:00,302,1382
summary,2023-09-06,QQQ,,,,,,,0.00,,0,,,,,,,,,,0.7472,2023-09-05T09:34:00+00:00,592,1468
summary,2023-09-06,AAPL,,,,,,,0.00,,0,,,,,,,,,,0.6990,2023-09-05T09:28:00+00:00,512,1407
summary,2023-09-06,NVDA,,,,,,,0.00,,0,,,,,,,,,,0.6129,2023-09-05T13:46:00+00:00,507,1355
summary,2023-09-06,MSFT,,,,,,,0.00,,0,,,,,,,,,,0.6658,2023-09-05T15:08:00+00:00,656,1015
summary,2023-09-07,SPY,,,,,,,0.00,,0,,,,,,,,,,0.7306,2023-09-05T09:34:00+00:00,421,2151
summary,2023-09-07,QQQ,,,,,,,0.00,,0,,,,,,,,,,0.7472,2023-09-05T09:34:00+00:00,592,2315
summary,2023-09-07,AAPL,,,,,,,0.00,,0,,,,,,,,,,0.6990,2023-09-05T09:28:00+00:00,512,2331
summary,2023-09-08,SPY,,,,,,,0.00,,0,,,,,,,,,,0.7576,2023-09-05T15:04:00+00:00,623,2688
summary,2023-09-08,QQQ,,,,,,,0.00,,0,,,,,,,,,,0.9180,2023-09-05T15:04:00+00:00,454,2859
summary,2023-09-08,AAPL,,,,,,,0.00,,0,,,,,,,,,,0.9565,2023-09-05T14:52:00+00:00,601,2948
summary,2023-09-11,SPY,,,,,,,0.00,,0,,,,,,,,,,0.4417,2023-09-08T14:30:00+00:00,697,1193
summary,2023-09-11,AAPL,,,,,,,0.00,,0,,,,,,,,,,0.8347,2023-09-08T13:44:00+00:00,551,1211
summary,2023-09-12,SPY,,,,,,,0.00,,0,,,,,,,,,,0.3712,2023-09-11T17:38:00+00:00,645,1345
summary,2023-09-12,AAPL,,,,,,,0.00,,0,,,,,,,,,,0.5383,2023-09-11T17:29:00+00:00,714,1442
trade,2023-09-12,NVDA,Long,2023-09-12T13:39:00+00:00,2023-09-12T14:26:00+00:00,451.5804,452.1993,0.64,0.40,0.001370,2820000,ScoreExit,0.4423,-0.0919,0.4285,0.4031,0.5255,-0.5251,-0.2423,0.3531,,,
summary,2023-09-12,NVDA,,,,,,,0.40,,1,,,,,,,,,,0.5954,2023-09-11T11:37:00+00:00,761,1352
summary,2023-09-12,MSFT,,,,,,,0.00,,0,,,,,,,,,,0.9088,2023-09-11T11:01:00+00:00,298,1103
summary,2023-09-13,SPY,,,,,,,0.00,,0,,,,,,,,,,0.3712,2023-09-11T17:38:00+00:00,726,2097
summary,2023-09-13,QQQ,,,,,,,0.00,,0,,,,,,,,,,0.5294,2023-09-11T17:55:00+00:00,942,2302
summary,2023-09-13,AAPL,,,,,,,0.00,,0,,,,,,,,,,0.5383,2023-09-11T17:29:00+00:00,727,2321
trade,2023-09-13,NVDA,Long,2023-09-13T13:46:00+00:00,2023-09-13T14:11:00+00:00,451.7505,449.4375,0.46,-1.07,-0.005120,1500000,ScoreExit,0.4502,-0.0532,0.1871,0.5868,0.2647,-0.5396,-0.0288,0.0603,,,
summary,2023-09-13,NVDA,,,,,,,-1.07,,1,,,,,,,,,,0.5954,2023-09-11T11:37:00+00:00,1066,2059
summary,2023-09-13,MSFT,,,,,,,0.00,,0,,,,,,,,,,0.9088,2023-09-11T11:01:00+00:00,609,1633
summary,2023-09-14,SPY,,,,,,,0.00,,0,,,,,,,,,,0.3726,2023-09-11T17:38:00+00:00,1142,2626
summary,2023-09-14,AAPL,,,,,,,0.00,,0,,,,,,,,,,0.5620,2023-09-11T17:29:00+00:00,630,2928
summary,2023-09-14,NVDA,,,,,,,0.00,,0,,,,,,,,,,0.5910,2023-09-11T19:22:00+00:00,1554,2602
trade,2023-09-14,MSFT,Long,2023-09-14T14:47:00+00:00,2023-09-14T15:36:00+00:00,339.3468,339.0433,0.88,-0.27,-0.000894,2940000,ScoreExit,0.3836,-0.0691,0.5120,0.3621,0.3838,-0.5622,-0.2229,0.4029,,,
summary,2023-09-14,MSFT,,,,,,,-0.27,,1,,,,,,,,,,0.4894,2023-09-11T18:15:00+00:00,947,2090
summary,2023-09-15,SPY,,,,,,,0.00,,0,,,,,,,,,,0.4243,2023-09-12T17:24:00+00:00,1176,2722
summary,2023-09-15,QQQ,,,,,,,0.00,,0,,,,,,,,,,0.5095,2023-09-12T13:40:00+00:00,1154,2814
summary,2023-09-15,AAPL,,,,,,,0.00,,0,,,,,,,,,,0.4461,2023-09-12T13:32:00+00:00,608,2883
summary,2023-09-15,NVDA,,,,,,,0.00,,0,,,,,,,,,,1.0000,2023-09-12T13:36:00+00:00,1152,2593
summary,2023-09-15,MSFT,,,,,,,0.00,,0,,,,,,,,,,0.5047,2023-09-12T13:40:00+00:00,932,2097
summary,2023-09-18,SPY,,,,,,,0.00,,0,,,,,,,,,,0.2747,2023-09-18T15:42:00+00:00,149,1189
trade,2023-09-18,NVDA,Long,2023-09-18T14:02:00+00:00,2023-09-18T15:21:00+00:00,433.2649,436.2341,0.37,1.09,0.006853,4740000,ScoreExit,0.3778,-0.0911,0.1500,0.5368,0.1358,-0.5399,-0.1326,0.1415,,,
summary,2023-09-18,NVDA,,,,,,,1.09,,1,,,,,,,,,,0.4735,2023-09-18T16:27:00+00:00,281,1217
summary,2023-09-18,MSFT,,,,,,,0.00,,0,,,,,,,,,,0.3136,2023-09-18T19:57:00+00:00,43,979
summary,2023-09-19,QQQ,,,,,,,0.00,,0,,,,,,,,,,0.4093,2023-09-18T15:32:00+00:00,623,1415
summary,2023-09-19,AAPL,,,,,,,0.00,,0,,,,,,,,,,0.6597,2023-09-18T13:31:00+00:00,945,1426
summary,2023-09-19,NVDA,,,,,,,0.00,,0,,,,,,,,,,0.7247,2023-09-18T14:09:00+00:00,768,1334
summary,2023-09-20,QQQ,,,,,,,0.00,,0,,,,,,,,,,0.4093,2023-09-18T15:32:00+00:00,991,2184
summary,2023-09-20,AAPL,,,,,,,0.00,,0,,,,,,,,,,0.6597,2023-09-18T13:31:00+00:00,1218,2144
summary,2023-09-20,NVDA,,,,,,,0.00,,0,,,,,,,,,,0.7247,2023-09-18T14:09:00+00:00,937,2066
summary,2023-09-20,MSFT,,,,,,,0.00,,0,,,,,,,,,,0.5339,2023-09-18T15:32:00+00:00,487,1546
summary,2023-09-21,NVDA,,,,,,,0.00,,0,,,,,,,,,,1.0000,2023-09-18T13:34:00+00:00,1076,2703
summary,2023-09-22,SPY,,,,,,,0.00,,0,,,,,,,,,,0.4655,2023-09-19T18:37:00+00:00,687,2865
summary,2023-09-22,NVDA,,,,,,,0.00,,0,,,,,,,,,,0.6544,2023-09-19T13:41:00+00:00,714,2866
summary,2023-09-22,MSFT,,,,,,,0.00,,0,,,,,,,,,,0.9306,2023-09-19T13:45:00+00:00,533,2220
summary,2023-09-25,SPY,,,,,,,0.00,,0,,,,,,,,,,0.8138,2023-09-22T14:55:00+00:00,396,1229
summary,2023-09-25,QQQ,,,,,,,0.00,,0,,,,,,,,,,0.9238,2023-09-22T14:57:00+00:00,374,1241
summary,2023-09-25,AAPL,,,,,,,0.00,,0,,,,,,,,,,0.9544,2023-09-22T14:47:00+00:00,475,1139
summary,2023-09-25,MSFT,,,,,,,0.00,,0,,,,,,,,,,0.8874,2023-09-22T14:58:00+00:00,184,984
summary,2023-09-26,QQQ,,,,,,,0.00,,0,,,,,,,,,,0.5480,2023-09-25T15:19:00+00:00,567,1548
summary,2023-09-27,SPY,,,,,,,0.00,,0,,,,,,,,,,0.4900,2023-09-25T15:19:00+00:00,589,2339
summary,2023-09-27,QQQ,,,,,,,0.00,,0,,,,,,,,,,0.5480,2023-09-25T15:19:00+00:00,667,2420
summary,2023-09-27,AAPL,,,,,,,0.00,,0,,,,,,,,,,0.6255,2023-09-25T15:15:00+00:00,512,2038
summary,2023-09-28,SPY,,,,,,,0.00,,0,,,,,,,,,,0.5201,2023-09-25T13:56:00+00:00,829,2919
summary,2023-09-28,QQQ,,,,,,,0.00,,0,,,,,,,,,,0.6811,2023-09-25T13:40:00+00:00,1059,2988
summary,2023-09-28,AAPL,,,,,,,0.00,,0,,,,,,,,,,0.7524,2023-09-25T13:56:00+00:00,486,2597
summary,2023-09-28,MSFT,,,,,,,0.00,,0,,,,,,,,,,0.5748,2023-09-25T13:40:00+00:00,592,2157
trade,2023-09-29,NVDA,Long,2023-09-29T14:16:00+00:00,2023-09-29T14:21:00+00:00,439.2867,439.0651,0.67,-0.15,-0.000504,300000,ScoreExit,0.1216,-0.0568,-0.1936,0.0026,0.4647,-0.0981,-0.3108,0.4647,,,
trade,2023-09-29,NVDA,Long,2023-09-29T14:36:00+00:00,2023-09-29T15:31:00+00:00,438.6365,438.1835,0.67,-0.30,-0.001033,3300000,ScoreExit,0.2084,-0.0931,0.1052,0.0974,0.4647,-0.4644,-0.2710,0.3864,,,
summary,2023-09-29,NVDA,,,,,,,-0.45,,2,,,,,,,,,,0.9558,2023-09-26T14:44:00+00:00,1772,2737
summary,2023-09-29,MSFT,,,,,,,0.00,,0,,,,,,,,,,0.6281,2023-09-26T13:39:00+00:00,1093,2198
summary,2023-10-02,SPY,,,,,,,0.00,,0,,,,,,,,,,0.4182,2023-10-02T08:04:00+00:00,109,1180
trade,2023-10-02,QQQ,Long,2023-10-02T14:05:00+00:00,2023-10-02T14:30:00+00:00,361.2733,359.8570,0.83,-1.18,-0.003920,1500000,ScoreExit,0.4058,-0.0858,0.5228,0.3915,0.3952,-0.4813,-0.1447,0.1637,,,
summary,2023-10-02,QQQ,,,,,,,-1.18,,1,,,,,,,,,,0.5947,2023-09-29T14:02:00+00:00,335,1245
summary,2023-10-02,NVDA,,,,,,,0.00,,0,,,,,,,,,,0.8853,2023-09-29T13:48:00+00:00,581,1158
summary,2023-10-03,SPY,,,,,,,0.00,,0,,,,,,,,,,0.4677,2023-10-02T15:21:00+00:00,377,1507
summary,2023-10-03,NVDA,,,,,,,0.00,,0,,,,,,,,,,0.8775,2023-10-02T09:42:00+00:00,698,1436
summary,2023-10-03,MSFT,,,,,,,0.00,,0,,,,,,,,,,0.6422,2023-10-02T15:21:00+00:00,438,1116
summary,2023-10-04,SPY,,,,,,,0.00,,0,,,,,,,,,,0.4677,2023-10-02T15:21:00+00:00,573,2391
summary,2023-10-04,AAPL,,,,,,,0.00,,0,,,,,,,,,,0.6665,2023-10-02T14:03:00+00:00,822,2102
summary,2023-10-04,NVDA,,,,,,,0.00,,0,,,,,,,,,,0.8775,2023-10-02T09:42:00+00:00,910,2224
summary,2023-10-04,MSFT,,,,,,,0.00,,0,,,,,,,,,,0.6422,2023-10-02T15:21:00+00:00,800,1752
summary,2023-10-05,SPY,,,,,,,0.00,,0,,,,,,,,,,0.4930,2023-10-02T15:21:00+00:00,837,2916
summary,2023-10-05,QQQ,,,,,,,0.00,,0,,,,,,,,,,0.8006,2023-10-02T14:03:00+00:00,1132,2991
summary,2023-10-05,AAPL,,,,,,,0.00,,0,,,,,,,,,,1.0000,2023-10-02T13:31:00+00:00,1220,2597
summary,2023-10-05,MSFT,,,,,,,0.00,,0,,,,,,,,,,1.0000,2023-10-02T13:38:00+00:00,1074,2189
trade,2023-10-06,QQQ,Long,2023-10-06T14:37:00+00:00,2023-10-06T15:56:00+00:00,358.9426,362.3813,0.84,2.87,0.009580,4740000,SessionClose,0.3575,0.4367,0.3365,0.3878,0.3040,0.5293,0.4093,0.4607,,,
summary,2023-10-06,QQQ,,,,,,,2.87,,1,,,,,,,,,,0.6756,2023-10-03T13:54:00+00:00,1524,2962
trade,2023-10-06,AAPL,Long,2023-10-06T14:36:00+00:00,2023-10-06T15:56:00+00:00,174.9425,176.5220,1.72,2.71,0.009029,4800000,SessionClose,0.3589,0.4202,0.2597,0.3711,0.3676,0.4025,0.3848,0.4968,,,
summary,2023-10-06,AAPL,,,,,,,2.71,,1,,,,,,,,,,0.7195,2023-10-03T13:40:00+00:00,1531,2548
trade,2023-10-06,NVDA,Long,2023-10-06T14:20:00+00:00,2023-10-06T15:56:00+00:00,444.6484,453.3985,0.58,5.05,0.019679,5760000,SessionClose,0.3343,0.5130,0.1719,0.3008,0.4553,0.5346,0.4476,0.6366,,,
summary,2023-10-06,NVDA,,,,,,,5.05,,1,,,,,,,,,,0.9016,2023-10-03T13:54:00+00:00,1336,2686
trade,2023-10-09,QQQ,Long,2023-10-09T13:47:00+00:00,2023-10-09T14:03:00+00:00,362.8638,362.5862,0.83,-0.23,-0.000765,960000,ScoreExit,0.3810,-0.0823,0.4820,0.3637,0.3818,-0.5512,-0.2008,0.3109,,,
summary,2023-10-09,QQQ,,,,,,,-0.23,,1,,,,,,,,,,0.9552,2023-10-06T14:45:00+00:00,996,1242
summary,2023-10-09,AAPL,,,,,,,0.00,,0,,,,,,,,,,0.9555,2023-10-06T14:45:00+00:00,883,1133
summary,2023-10-10,QQQ,,,,,,,0.00,,0,,,,,,,,,,0.6519,2023-10-09T09:24:00+00:00,1164,1513
trade,2023-10-10,AAPL,Long,2023-10-10T14:06:00+00:00,2023-10-10T15:56:00+00:00,178.7886,179.5211,1.68,1.23,0.004097,6600000,SessionClose,0.1636,0.1140,0.0452,0.0293,0.4718,-0.2933,-0.0121,0.5019,,,
summary,2023-10-10,AAPL,,,,,,,1.23,,1,,,,,,,,,,0.5816,2023-10-09T17:56:00+00:00,978,1314
summary,2023-10-10,MSFT,,,,,,,0.00,,0,,,,,,,,,,0.6060,2023-10-09T08:56:00+00:00,830,1120
summary,2023-10-11,SPY,,,,,,,0.00,,0,,,,,,,,,,0.8005,2023-10-09T09:28:00+00:00,1648,2290
summary,2023-10-11,QQQ,,,,,,,0.00,,0,,,,,,,,,,0.6519,2023-10-09T09:24:00+00:00,1788,2329
summary,2023-10-11,AAPL,,,,,,,0.00,,0,,,,,,,,,,0.5816,2023-10-09T17:56:00+00:00,1361,1981
trade,2023-10-11,NVDA,Long,2023-10-11T13:31:00+00:00,2023-10-11T15:32:00+00:00,462.6938,464.5241,0.65,1.19,0.003956,7260000,MaxHoldTimeout,0.3614,-0.0101,0.3759,0.3580,0.3633,-0.2068,-0.1952,0.4256,,,
summary,2023-10-11,NVDA,,,,,,,1.19,,1,,,,,,,,,,0.6505,2023-10-09T17:44:00+00:00,1594,2144
trade,2023-10-11,MSFT,Long,2023-10-11T13:31:00+00:00,2023-10-11T14:01:00+00:00,331.2043,330.8157,0.91,-0.35,-0.001173,1800000,ScoreExit,0.3587,-0.1114,0.4151,0.3758,0.3056,-0.4858,-0.2586,0.3078,,,
summary,2023-10-11,MSFT,,,,,,,-0.35,,1,,,,,,,,,,0.6060,2023-10-09T08:56:00+00:00,1217,1656
summary,2023-10-12,SPY,,,,,,,0.00,,0,,,,,,,,,,0.5934,2023-10-09T17:59:00+00:00,2066,2815
summary,2023-10-12,QQQ,,,,,,,0.00,,0,,,,,,,,,,0.7772,2023-10-09T13:49:00+00:00,2281,2875
trade,2023-10-12,AAPL,Long,2023-10-12T14:01:00+00:00,2023-10-12T15:50:00+00:00,181.0543,181.5055,1.66,0.75,0.002492,6540000,ScoreExit,0.4179,-0.0751,0.5231,0.4050,0.4087,-0.5368,-0.2265,0.3816,,,
summary,2023-10-12,AAPL,,,,,,,0.75,,1,,,,,,,,,,0.6661,2023-10-09T16:04:00+00:00,1847,2528
summary,2023-10-12,NVDA,,,,,,,0.00,,0,,,,,,,,,,0.7798,2023-10-09T13:49:00+00:00,2178,2670
summary,2023-10-13,SPY,,,,,,,0.00,,0,,,,,,,,,,0.8200,2023-10-10T14:52:00+00:00,1164,2828
trade,2023-10-13,MSFT,Long,2023-10-13T13:56:00+00:00,2023-10-13T14:12:00+00:00,332.9749,332.8451,0.90,-0.12,-0.000390,960000,ScoreExit,0.3592,-0.0500,0.3814,0.3785,0.3130,-0.0774,-0.1354,0.1300,,,
summary,2023-10-13,MSFT,,,,,,,-0.12,,1,,,,,,,,,,0.6147,2023-10-10T14:36:00+00:00,1019,2162
summary,2023-10-16,SPY,,,,,,,0.00,,0,,,,,,,,,,0.4880,2023-10-13T13:40:00+00:00,593,1211
trade,2023-10-16,QQQ,Long,2023-10-16T13:32:00+00:00,2023-10-16T13:50:00+00:00,367.2952,366.8449,0.82,-0.37,-0.001226,1080000,ScoreExit,0.3653,-0.0555,0.4597,0.3754,0.3136,-0.5237,-0.1333,0.2563,,,
trade,2023-10-16,QQQ,Long,2023-10-16T14:02:00+00:00,2023-10-16T15:56:00+00:00,367.9453,368.8643,0.82,0.75,0.002498,6840000,SessionClose,0.2126,-0.0417,0.2870,0.0785,0.4561,-0.4031,-0.2436,0.4826,,,
summary,2023-10-16,QQQ,,,,,,,0.38,,2,,,,,,,,,,0.4309,2023-10-16T14:29:00+00:00,459,1208
summary,2023-10-16,AAPL,,,,,,,0.00,,0,,,,,,,,,,0.3021,2023-10-16T14:40:00+00:00,147,1134
trade,2023-10-16,NVDA,Long,2023-10-16T14:16:00+00:00,2023-10-16T15:22:00+00:00,458.2624,458.3704,0.50,0.05,0.000236,3960000,ScoreExit,0.3764,-0.0573,0.3308,0.3989,0.3466,-0.5460,-0.1416,0.2740,,,
summary,2023-10-16,NVDA,,,,,,,0.05,,1,,,,,,,,,,0.6866,2023-10-13T13:56:00+00:00,364,1206
trade,2023-10-16,MSFT,Long,2023-10-16T14:49:00+00:00,2023-10-16T15:56:00+00:00,334.8754,333.6949,0.90,-1.06,-0.003525,4020000,SessionClose,0.2803,-0.0498,-0.5473,0.2358,0.6451,-0.4379,-0.2943,0.5688,,,
summary,2023-10-16,MSFT,,,,,,,-1.06,,1,,,,,,,,,,0.5522,2023-10-13T13:59:00+00:00,469,987
summary,2023-10-17,QQQ,,,,,,,0.00,,0,,,,,,,,,,0.5682,2023-10-16T14:29:00+00:00,955,1502
summary,2023-10-17,AAPL,,,,,,,0.00,,0,,,,,,,,,,0.5867,2023-10-16T14:40:00+00:00,678,1296
summary,2023-10-17,NVDA,,,,,,,0.00,,0,,,,,,,,,,0.6781,2023-10-16T13:35:00+00:00,674,1360
summary,2023-10-17,MSFT,,,,,,,0.00,,0,,,,,,,,,,0.8966,2023-10-16T08:50:00+00:00,643,1133
summary,2023-10-18,SPY,,,,,,,0.00,,0,,,,,,,,,,0.5443,2023-10-16T14:32:00+00:00,984,2272
summary,2023-10-18,QQQ,,,,,,,0.00,,0,,,,,,,,,,0.5682,2023-10-16T14:29:00+00:00,1035,2347
summary,2023-10-18,AAPL,,,,,,,0.00,,0,,,,,,,,,,0.5867,2023-10-16T14:40:00+00:00,817,1970
summary,2023-10-18,MSFT,,,,,,,0.00,,0,,,,,,,,,,0.8966,2023-10-16T08:50:00+00:00,904,1769
summary,2023-10-19,QQQ,,,,,,,0.00,,0,,,,,,,,,,0.8903,2023-10-16T14:32:00+00:00,806,2976
summary,2023-10-19,AAPL,,,,,,,0.00,,0,,,,,,,,,,1.0000,2023-10-16T13:34:00+00:00,890,2497
summary,2023-10-20,NVDA,,,,,,,0.00,,0,,,,,,,,,,0.9540,2023-10-17T14:49:00+00:00,583,2909
summary,2023-10-20,MSFT,,,,,,,0.00,,0,,,,,,,,,,0.8932,2023-10-17T14:23:00+00:00,1062,2277
summary,2023-10-23,SPY,,,,,,,0.00,,0,,,,,,,,,,0.4308,2023-10-20T13:41:00+00:00,278,1250
summary,2023-10-23,QQQ,,,,,,,0.00,,0,,,,,,,,,,0.5542,2023-10-20T13:41:00+00:00,349,1231
trade,2023-10-23,NVDA,Long,2023-10-23T13:51:00+00:00,2023-10-23T15:52:00+00:00,416.0298,426.4460,0.59,6.16,0.025037,7260000,MaxHoldTimeout,0.4840,0.3903,0.5623,0.4672,0.4916,0.2514,0.1483,0.9206,,,
summary,2023-10-23,NVDA,,,,,,,6.16,,1,,,,,,,,,,1.0000,2023-10-20T13:38:00+00:00,494,1201
summary,2023-10-23,MSFT,,,,,,,0.00,,0,,,,,,,,,,0.6532,2023-10-20T13:43:00+00:00,338,1024
trade,2023-10-24,SPY,Long,2023-10-24T13:32:00+00:00,2023-10-24T15:16:00+00:00,423.1169,423.5079,0.71,0.28,0.000924,6240000,ScoreExit,0.3509,-0.0549,0.4525,0.3192,0.3806,-0.5174,-0.1877,0.3647,,,
summary,2023-10-24,SPY,,,,,,,0.28,,1,,,,,,,,,,0.5695,2023-10-23T16:59:00+00:00,1081,1538
summary,2023-10-24,AAPL,,,,,,,0.00,,0,,,,,,,,,,0.5902,2023-10-23T14:04:00+00:00,884,1339
trade,2023-10-24,NVDA,Long,2023-10-24T13:51:00+00:00,2023-10-24T14:11:00+00:00,429.4138,430.6759,0.47,0.60,0.002939,1200000,ScoreExit,0.1605,-0.0548,-0.2727,0.0939,0.4379,-0.5589,-0.1475,0.2988,,,
summary,2023-10-24,NVDA,,,,,,,0.60,,1,,,,,,,,,,0.7655,2023-10-23T14:23:00+00:00,1238,1465
summary,2023-10-25,SPY,,,,,,,0.00,,0,,,,,,,,,,0.5695,2023-10-23T16:59:00+00:00,1281,2377
summary,2023-10-25,AAPL,,,,,,,0.00,,0,,,,,,,,,,0.5902,2023-10-23T14:04:00+00:00,997,2060
summary,2023-10-25,NVDA,,,,,,,0.00,,0,,,,,,,,,,0.7655,2023-10-23T14:23:00+00:00,1529,2228
trade,2023-10-25,MSFT,Long,2023-10-25T13:56:00+00:00,2023-10-25T14:03:00+00:00,342.9228,342.7854,0.82,-0.11,-0.000401,420000,ScoreExit,0.2049,-0.0515,0.0720,0.0246,0.6098,-0.2481,-0.2042,0.3192,,,
summary,2023-10-25,MSFT,,,,,,,-0.11,,1,,,,,,,,,,0.7397,2023-10-24T20:05:00+00:00,1601,2067
summary,2023-10-26,SPY,,,,,,,0.00,,0,,,,,,,,,,0.7445,2023-10-23T14:25:00+00:00,1153,2962
summary,2023-10-26,AAPL,,,,,,,0.00,,0,,,,,,,,,,0.8969,2023-10-23T15:01:00+00:00,1039,2622
summary,2023-10-26,MSFT,,,,,,,0.00,,0,,,,,,,,,,0.8156,2023-10-24T20:05:00+00:00,1767,2664
summary,2023-10-27,AAPL,,,,,,,0.00,,0,,,,,,,,,,0.5733,2023-10-24T19:14:00+00:00,367,2756
summary,2023-10-27,NVDA,,,,,,,0.00,,0,,,,,,,,,,1.0000,2023-10-24T13:34:00+00:00,729,2830
summary,2023-10-27,MSFT,,,,,,,0.00,,0,,,,,,,,,,0.8303,2023-10-24T20:05:00+00:00,1128,2760
summary,2023-10-30,SPY,,,,,,,0.00,,0,,,,,,,,,,0.4296,2023-10-30T17:51:00+00:00,604,1221
summary,2023-10-30,QQQ,,,,,,,0.00,,0,,,,,,,,,,0.5799,2023-10-27T15:22:00+00:00,635,1203
summary,2023-10-30,NVDA,,,,,,,0.00,,0,,,,,,,,,,0.6693,2023-10-27T15:23:00+00:00,570,1166
summary,2023-10-30,MSFT,,,,,,,0.00,,0,,,,,,,,,,0.9214,2023-10-27T13:38:00+00:00,652,1014
summary,2023-10-31,SPY,,,,,,,0.00,,0,,,,,,,,,,0.7253,2023-10-30T09:17:00+00:00,967,1500
summary,2023-10-31,QQQ,,,,,,,0.00,,0,,,,,,,,,,0.7618,2023-10-30T09:17:00+00:00,880,1509
summary,2023-10-31,NVDA,,,,,,,0.00,,0,,,,,,,,,,0.8445,2023-10-30T09:18:00+00:00,624,1363
summary,2023-10-31,MSFT,,,,,,,0.00,,0,,,,,,,,,,0.7153,2023-10-30T09:53:00+00:00,739,1150
summary,2023-11-01,SPY,,,,,,,0.00,,0,,,,,,,,,,0.7253,2023-10-30T09:17:00+00:00,1489,2314
summary,2023-11-01,AAPL,,,,,,,0.00,,0,,,,,,,,,,0.6798,2023-10-30T13:44:00+00:00,1149,1954
summary,2023-11-01,NVDA,,,,,,,0.00,,0,,,,,,,,,,0.8445,2023-10-30T09:18:00+00:00,1151,2096
trade,2023-11-01,MSFT,Long,2023-11-01T14:50:00+00:00,2023-11-01T15:38:00+00:00,346.0588,344.6316,0.87,-1.24,-0.004124,2880000,ScoreExit,0.2385,-0.0571,-0.0895,0.1336,0.5577,-0.5295,-0.2637,0.5137,,,
summary,2023-11-01,MSFT,,,,,,,-1.24,,1,,,,,,,,,,0.7153,2023-10-30T09:53:00+00:00,1201,1727
trade,2023-11-02,SPY,Long,2023-11-02T14:24:00+00:00,2023-11-02T15:56:00+00:00,427.6032,428.5464,0.70,0.66,0.002206,5520000,SessionClose,0.1656,0.0113,0.0390,0.0121,0.5149,-0.5261,-0.1312,0.4754,,,
summary,2023-11-02,SPY,,,,,,,0.66,,1,,,,,,,,,,0.5493,2023-10-30T19:23:00+00:00,2254,2919
trade,2023-11-02,AAPL,Long,2023-11-02T13:36:00+00:00,2023-11-02T15:37:00+00:00,175.9278,176.9819,1.71,1.80,0.005992,7260000,MaxHoldTimeout,0.2365,0.2110,0.0491,0.1011,0.5697,0.4934,-0.0275,0.5939,,,
summary,2023-11-02,AAPL,,,,,,,1.80,,1,,,,,,,,,,1.0000,2023-10-30T13:37:00+00:00,1738,2594
trade,2023-11-02,NVDA,Long,2023-11-02T13:36:00+00:00,2023-11-02T15:37:00+00:00,431.5944,431.9904,0.63,0.25,0.000917,7260000,MaxHoldTimeout,0.2869,0.0336,-0.2318,0.2209,0.5918,-0.1887,-0.1719,0.5186,,,
summary,2023-11-02,NVDA,,,,,,,0.25,,1,,,,,,,,,,0.9385,2023-10-30T13:46:00+00:00,1866,2754
trade,2023-11-02,MSFT,Long,2023-11-02T14:52:00+00:00,2023-11-02T15:26:00+00:00,348.0109,347.6107,0.86,-0.35,-0.001150,2040000,ScoreExit,0.3768,-0.0503,0.4992,0.3656,0.3582,-0.3146,-0.1692,0.2757,,,
summary,2023-11-02,MSFT,,,,,,,-0.35,,1,,,,,,,,,,1.0000,2023-10-30T13:39:00+00:00,1623,2285
summary,2023-11-03,QQQ,,,,,,,0.00,,0,,,,,,,,,,0.7458,2023-10-31T14:54:00+00:00,2472,2974
trade,2023-11-03,AAPL,Long,2023-11-03T13:34:00+00:00,2023-11-03T15:26:00+00:00,174.4473,174.8125,1.72,0.63,0.002094,6720000,ScoreExit,0.2486,-0.0657,0.1050,0.1413,0.5111,-0.5368,-0.2703,0.5006,,,
summary,2023-11-03,AAPL,,,,,,,0.63,,1,,,,,,,,,,0.9526,2023-10-31T14:44:00+00:00,2258,2783
summary,2023-11-06,SPY,,,,,,,0.00,,0,,,,,,,,,,0.4827,2023-11-03T16:19:00+00:00,710,1161
trade,2023-11-06,AAPL,Long,2023-11-06T15:58:00+00:00,2023-11-06T15:59:00+00:00,178.7586,178.6814,1.68,-0.13,-0.000432,60000,SessionClose,0.2593,0.2771,0.3488,0.0762,0.5956,0.5268,0.0762,0.5956,,,
summary,2023-11-06,AAPL,,,,,,,-0.13,,1,,,,,,,,,,0.9382,2023-11-03T13:44:00+00:00,981,1164
trade,2023-11-07,SPY,Long,2023-11-07T15:29:00+00:00,2023-11-07T15:56:00+00:00,436.4759,437.1038,0.69,0.43,0.001439,1620000,SessionClose,0.3623,0.2818,0.4911,0.3498,0.3444,0.2039,0.2291,0.4133,,,
trade,2023-11-07,SPY,Long,2023-11-07T16:00:00+00:00,2023-11-07T16:01:00+00:00,437.3062,436.9239,0.69,-0.26,-0.000874,60000,SessionClose,0.2716,0.1506,0.1217,0.2291,0.4065,-0.3677,0.1261,0.3724,,,
summary,2023-11-07,SPY,,,,,,,0.17,,2,,,,,,,,,,0.3881,2023-11-07T15:49:00+00:00,699,1430
trade,2023-11-07,QQQ,Long,2023-11-07T14:50:00+00:00,2023-11-07T15:56:00+00:00,369.9660,372.9931,0.81,2.46,0.008182,3960000,SessionClose,0.1516,0.4174,0.2051,0.0184,0.4002,0.5171,0.3283,0.5625,,,
trade,2023-11-07,QQQ,Long,2023-11-07T15:58:00+00:00,2023-11-07T15:59:00+00:00,372.9969,372.7481,0.80,-0.20,-0.000667,60000,SessionClose,0.3701,0.3633,0.0441,0.3283,0.5625,-0.0244,0.3283,0.5625,,,
summary,2023-11-07,QQQ,,,,,,,2.26,,2,,,,,,,,,,0.4516,2023-11-07T15:25:00+00:00,819,1474
trade,2023-11-07,AAPL,Long,2023-11-07T15:58:00+00:00,2023-11-07T15:59:00+00:00,181.1693,181.1706,1.66,0.00,0.000007,60000,SessionClose,0.4099,0.4200,0.4329,0.3054,0.6113,0.5336,0.3054,0.6113,,,
summary,2023-11-07,AAPL,,,,,,,0.00,,1,,,,,,,,,,0.6517,2023-11-06T14:50:00+00:00,950,1295
trade,2023-11-07,NVDA,Long,2023-11-07T15:03:00+00:00,2023-11-07T15:09:00+00:00,455.8817,454.3785,0.66,-0.99,-0.003297,360000,ScoreExit,0.1885,-0.0648,0.2535,0.0141,0.5154,-0.5545,-0.2183,0.4055,,,
trade,2023-11-07,NVDA,Long,2023-11-07T15:16:00+00:00,2023-11-07T15:56:00+00:00,454.8623,461.4165,0.64,4.19,0.014409,2400000,SessionClose,0.1845,0.4944,-0.4461,0.1661,0.4313,0.4940,0.4129,0.6574,,,
trade,2023-11-07,NVDA,Long,2023-11-07T15:58:00+00:00,2023-11-07T15:59:00+00:00,461.1733,460.8726,0.65,-0.20,-0.000652,60000,SessionClose,0.4527,0.4495,0.0768,0.4129,0.6574,0.0449,0.4129,0.6574,,,
summary,2023-11-07,NVDA,,,,,,,3.01,,3,,,,,,,,,,0.8761,2023-11-06T10:10:00+00:00,880,1399
trade,2023-11-07,MSFT,Long,2023-11-07T15:02:00+00:00,2023-11-07T15:56:00+00:00,359.4928,361.9164,0.84,2.02,0.006742,3240000,SessionClose,0.2764,0.3896,0.3014,0.1032,0.6143,0.5515,0.2503,0.6143,,,
trade,2023-11-07,MSFT,Long,2023-11-07T15:58:00+00:00,2023-11-07T15:59:00+00:00,361.4644,361.3472,0.83,-0.10,-0.000324,60000,SessionClose,0.3140,0.3252,-0.2051,0.2503,0.6143,-0.0924,0.2503,0.6143,,,
summary,2023-11-07,MSFT,,,,,,,1.93,,2,,,,,,,,,,0.4866,2023-11-06T14:39:00+00:00,771,1132
summary,2023-11-08,SPY,,,,,,,0.00,,0,,,,,,,,,,0.3881,2023-11-07T15:49:00+00:00,1089,2152
summary,2023-11-08,QQQ,,,,,,,0.00,,0,,,,,,,,,,0.4516,2023-11-07T15:25:00+00:00,1380,2294
trade,2023-11-08,NVDA,Long,2023-11-08T14:34:00+00:00,2023-11-08T15:21:00+00:00,461.8935,461.7664,0.65,-0.08,-0.000275,2820000,ScoreExit,0.3837,-0.0571,0.5015,0.3705,0.3708,-0.5499,-0.1503,0.2937,,,
summary,2023-11-08,NVDA,,,,,,,-0.08,,1,,,,,,,,,,0.8761,2023-11-06T10:10:00+00:00,1413,2127
summary,2023-11-09,SPY,,,,,,,0.00,,0,,,,,,,,,,0.3924,2023-11-07T15:49:00+00:00,1270,2713
summary,2023-11-09,QQQ,,,,,,,0.00,,0,,,,,,,,,,0.4544,2023-11-06T15:41:00+00:00,1710,2826
trade,2023-11-09,AAPL,Long,2023-11-09T14:35:00+00:00,2023-11-09T15:07:00+00:00,183.4100,182.7711,1.64,-1.05,-0.003484,1920000,ScoreExit,0.3583,-0.0690,0.4272,0.3863,0.2795,-0.4780,-0.1758,0.2808,,,
summary,2023-11-09,AAPL,,,,,,,-1.05,,1,,,,,,,,,,0.9921,2023-11-06T14:38:00+00:00,1883,2511
trade,2023-11-09,NVDA,Long,2023-11-09T14:46:00+00:00,2023-11-09T15:56:00+00:00,473.7123,476.6787,0.58,1.71,0.006262,4200000,SessionClose,0.2571,0.2793,0.0563,0.0991,0.6402,0.2017,0.1225,0.6186,,,
trade,2023-11-09,NVDA,Long,2023-11-09T15:58:00+00:00,2023-11-09T15:59:00+00:00,476.7830,476.5470,0.62,-0.15,-0.000495,60000,SessionClose,0.2450,0.2672,-0.1404,0.1225,0.6186,0.0807,0.1225,0.6186,,,
summary,2023-11-09,NVDA,,,,,,,1.57,,2,,,,,,,,,,1.0000,2023-11-06T14:37:00+00:00,1957,2724
summary,2023-11-10,SPY,,,,,,,0.00,,0,,,,,,,,,,0.8670,2023-11-07T15:53:00+00:00,1369,2763
summary,2023-11-10,QQQ,,,,,,,0.00,,0,,,,,,,,,,0.9549,2023-11-07T15:50:00+00:00,1651,2902
summary,2023-11-10,AAPL,,,,,,,0.00,,0,,,,,,,,,,0.9553,2023-11-07T16:00:00+00:00,1988,2564
trade,2023-11-10,NVDA,Long,2023-11-10T14:58:00+00:00,2023-11-10T15:56:00+00:00,476.5929,477.6717,0.62,0.67,0.002263,3480000,SessionClose,0.2139,0.4230,-0.5252,0.1990,0.4901,0.5554,0.3562,0.5126,,,
summary,2023-11-10,NVDA,,,,,,,0.67,,1,,,,,,,,,,0.9559,2023-11-07T15:52:00+00:00,2157,2765
summary,2023-11-13,SPY,,,,,,,0.00,,0,,,,,,,,,,0.7495,2023-11-10T16:04:00+00:00,909,1178
summary,2023-11-13,QQQ,,,,,,,0.00,,0,,,,,,,,,,0.8567,2023-11-10T16:04:00+00:00,951,1193
summary,2023-11-13,MSFT,,,,,,,0.00,,0,,,,,,,,,,0.9556,2023-11-10T16:04:00+00:00,808,1055
trade,2023-11-14,SPY,Long,2023-11-14T15:07:00+00:00,2023-11-14T15:56:00+00:00,448.4295,448.9603,0.67,0.36,0.001184,2940000,SessionClose,0.2103,0.1767,0.2176,0.0073,0.6137,-0.0251,-0.0083,0.6137,,,
summary,2023-11-14,SPY,,,,,,,0.36,,1,,,,,,,,,,0.5338,2023-11-14T13:31:00+00:00,970,1373
trade,2023-11-14,NVDA,Long,2023-11-14T15:34:00+00:00,2023-11-14T15:56:00+00:00,494.9634,495.2414,0.51,0.14,0.000562,1320000,SessionClose,0.3324,0.2338,0.4300,0.1708,0.6231,-0.2060,0.1124,0.6231,,,
trade,2023-11-14,NVDA,Long,2023-11-14T15:58:00+00:00,2023-11-14T15:59:00+00:00,495.1160,494.7665,0.61,-0.21,-0.000706,60000,SessionClose,0.2063,0.2034,-0.4805,0.1124,0.6231,-0.5098,0.1124,0.6231,,,
summary,2023-11-14,NVDA,,,,,,,-0.07,,2,,,,,,,,,,0.8737,2023-11-13T10:25:00+00:00,1130,1433
summary,2023-11-15,QQQ,,,,,,,0.00,,0,,,,,,,,,,0.7071,2023-11-13T10:34:00+00:00,1777,2380
summary,2023-11-15,NVDA,,,,,,,0.00,,0,,,,,,,,,,0.8737,2023-11-13T10:25:00+00:00,1574,2259
summary,2023-11-15,MSFT,,,,,,,0.00,,0,,,,,,,,,,0.6620,2023-11-13T11:01:00+00:00,1093,1844
summary,2023-11-16,SPY,,,,,,,0.00,,0,,,,,,,,,,0.7787,2023-11-13T15:53:00+00:00,2008,2790
summary,2023-11-16,QQQ,,,,,,,0.00,,0,,,,,,,,,,0.7550,2023-11-13T15:53:00+00:00,2175,3004
summary,2023-11-16,AAPL,,,,,,,0.00,,0,,,,,,,,,,0.5281,2023-11-14T13:49:00+00:00,1758,2528
summary,2023-11-17,SPY,,,,,,,0.00,,0,,,,,,,,,,0.8519,2023-11-14T15:47:00+00:00,1701,2812
summary,2023-11-17,QQQ,,,,,,,0.00,,0,,,,,,,,,,0.7693,2023-11-14T15:47:00+00:00,1667,2998
summary,2023-11-17,MSFT,,,,,,,0.00,,0,,,,,,,,,,0.6806,2023-11-14T15:49:00+00:00,1400,2493
trade,2023-11-20,NVDA,Long,2023-11-20T15:02:00+00:00,2023-11-20T15:56:00+00:00,496.5210,496.9359,0.55,0.23,0.000836,3240000,SessionClose,0.4522,0.1307,0.4986,0.4102,0.5207,-0.2851,0.0049,0.5207,,,
trade,2023-11-20,NVDA,Long,2023-11-20T15:58:00+00:00,2023-11-20T15:59:00+00:00,497.3191,496.9759,0.60,-0.21,-0.000690,60000,SessionClose,0.1591,0.1659,-0.0007,0.0049,0.5207,0.0677,0.0049,0.5207,,,
summary,2023-11-20,NVDA,,,,,,,0.02,,2,,,,,,,,,,0.8450,2023-11-17T14:51:00+00:00,706,1170
trade,2023-11-20,MSFT,Long,2023-11-20T14:31:00+00:00,2023-11-20T15:47:00+00:00,373.7371,372.6932,0.69,-0.72,-0.002793,4560000,MaxHoldTimeout,0.5835,0.0680,0.5816,0.5299,0.6913,-0.3086,-0.0904,0.5103,,,
trade,2023-11-20,MSFT,Long,2023-11-20T15:59:00+00:00,2023-11-20T16:00:00+00:00,374.3923,374.3827,0.80,-0.01,-0.000026,60000,SessionClose,0.3614,0.3629,0.5008,0.1917,0.6542,0.5160,0.1917,0.6542,,,
summary,2023-11-20,MSFT,,,,,,,-0.73,,2,,,,,,,,,,0.7517,2023-11-20T09:08:00+00:00,757,1321
summary,2023-11-21,AAPL,,,,,,,0.00,,0,,,,,,,,,,0.7596,2023-11-20T10:14:00+00:00,712,1240
summary,2023-11-21,NVDA,,,,,,,0.00,,0,,,,,,,,,,0.6288,2023-11-20T15:12:00+00:00,1032,1468
summary,2023-11-22,SPY,,,,,,,0.00,,0,,,,,,,,,,0.4547,2023-11-20T19:43:00+00:00,1382,2195
summary,2023-11-22,QQQ,,,,,,,0.00,,0,,,,,,,,,,0.5616,2023-11-20T10:11:00+00:00,1456,2397
summary,2023-11-22,NVDA,,,,,,,0.00,,0,,,,,,,,,,0.6288,2023-11-20T15:12:00+00:00,1340,2414
summary,2023-11-23,QQQ,,,,,,,0.00,,0,,,,,,,,,,0.8208,2023-11-20T16:04:00+00:00,1473,2272
summary,2023-11-23,AAPL,,,,,,,0.00,,0,,,,,,,,,,0.7974,2023-11-20T14:33:00+00:00,935,1830
summary,2023-11-23,MSFT,,,,,,,0.00,,0,,,,,,,,,,1.0000,2023-11-20T14:35:00+00:00,1108,2002
summary,2023-11-24,SPY,,,,,,,0.00,,0,,,,,,,,,,0.3808,2023-11-22T14:36:00+00:00,1077,1831
summary,2023-11-24,QQQ,,,,,,,0.00,,0,,,,,,,,,,0.4108,2023-11-22T14:31:00+00:00,1038,1945
summary,2023-11-24,AAPL,,,,,,,0.00,,0,,,,,,,,,,0.4658,2023-11-22T14:30:00+00:00,616,1598
summary,2023-11-24,MSFT,,,,,,,0.00,,0,,,,,,,,,,0.7238,2023-11-21T14:38:00+00:00,913,1610
summary,2023-11-27,SPY,,,,,,,0.00,,0,,,,,,,,,,0.2929,2023-11-24T17:16:00+00:00,334,937
summary,2023-11-27,QQQ,,,,,,,0.00,,0,,,,,,,,,,0.3422,2023-11-27T18:02:00+00:00,407,917
summary,2023-11-27,AAPL,,,,,,,0.00,,0,,,,,,,,,,0.3825,2023-11-27T16:54:00+00:00,331,831
summary,2023-11-27,MSFT,,,,,,,0.00,,0,,,,,,,,,,0.4497,2023-11-24T14:37:00+00:00,463,769
summary,2023-11-28,SPY,,,,,,,0.00,,0,,,,,,,,,,0.6951,2023-11-27T10:26:00+00:00,690,1337
summary,2023-11-28,QQQ,,,,,,,0.00,,0,,,,,,,,,,0.5668,2023-11-27T10:23:00+00:00,647,1386
trade,2023-11-28,MSFT,Long,2023-11-28T14:32:00+00:00,2023-11-28T15:56:00+00:00,379.8789,380.9607,0.79,0.85,0.002848,5040000,SessionClose,0.4130,0.1105,0.5156,0.4113,0.3821,-0.5515,0.0138,0.5248,,,
trade,2023-11-28,MSFT,Long,2023-11-28T15:58:00+00:00,2023-11-28T15:59:00+00:00,381.8195,381.5706,0.79,-0.20,-0.000652,60000,SessionClose,0.1615,0.1649,-0.0423,0.0138,0.5248,-0.0076,0.0138,0.5248,,,
summary,2023-11-28,MSFT,,,,,,,0.66,,2,,,,,,,,,,0.5819,2023-11-27T17:10:00+00:00,715,1067
summary,2023-11-29,QQQ,,,,,,,0.00,,0,,,,,,,,,,0.5668,2023-11-27T10:23:00+00:00,1202,2233
trade,2023-11-29,AAPL,Long,2023-11-29T14:48:00+00:00,2023-11-29T15:06:00+00:00,191.8475,191.2976,1.56,-0.86,-0.002867,1080000,ScoreExit,0.3529,-0.0730,0.2744,0.3934,0.2981,-0.5592,-0.1394,0.2218,,,
summary,2023-11-29,AAPL,,,,,,,-0.86,,1,,,,,,,,,,0.7245,2023-11-27T11:00:00+00:00,875,1925
trade,2023-11-29,NVDA,Long,2023-11-29T14:44:00+00:00,2023-11-29T15:06:00+00:00,485.8550,483.6468,0.62,-1.36,-0.004545,1320000,ScoreExit,0.3686,-0.1320,0.3986,0.3601,0.3756,-0.5390,-0.2903,0.3202,,,
summary,2023-11-29,NVDA,,,,,,,-1.36,,1,,,,,,,,,,0.6272,2023-11-27T14:39:00+00:00,1088,2093
summary,2023-11-30,QQQ,,,,,,,0.00,,0,,,,,,,,,,0.7110,2023-11-27T15:48:00+00:00,1294,2821
summary,2023-11-30,AAPL,,,,,,,0.00,,0,,,,,,,,,,0.6120,2023-11-27T16:54:00+00:00,937,2420
summary,2023-11-30,MSFT,,,,,,,0.00,,0,,,,,,,,,,0.7076,2023-11-27T15:57:00+00:00,936,2221
summary,2023-12-01,SPY,,,,,,,0.00,,0,,,,,,,,,,0.8229,2023-11-28T15:44:00+00:00,1483,2677
summary,2023-12-01,NVDA,,,,,,,0.00,,0,,,,,,,,,,0.6208,2023-11-28T16:35:00+00:00,817,2656
summary,2023-12-04,SPY,,,,,,,0.00,,0,,,,,,,,,,0.5700,2023-12-01T16:53:00+00:00,629,1200
summary,2023-12-04,AAPL,,,,,,,0.00,,0,,,,,,,,,,0.8351,2023-12-01T16:04:00+00:00,461,1063
summary,2023-12-04,NVDA,,,,,,,0.00,,0,,,,,,,,,,1.0000,2023-12-01T14:40:00+00:00,359,1143
summary,2023-12-04,MSFT,,,,,,,0.00,,0,,,,,,,,,,0.5283,2023-12-01T17:54:00+00:00,232,991
summary,2023-12-05,SPY,,,,,,,0.00,,0,,,,,,,,,,0.3723,2023-12-04T17:33:00+00:00,683,1415
trade,2023-12-05,QQQ,Long,2023-12-05T15:01:00+00:00,2023-12-05T15:56:00+00:00,387.0311,388.2985,0.78,0.98,0.003275,3300000,SessionClose,0.4653,0.2889,0.5633,0.4369,0.4894,0.4576,0.1579,0.4945,,,
trade,2023-12-05,QQQ,Long,2023-12-05T15:58:00+00:00,2023-12-05T15:59:00+00:00,388.3815,388.2285,0.77,-0.12,-0.000394,60000,SessionClose,0.2441,0.2685,0.0097,0.1579,0.4945,0.2539,0.1579,0.4945,,,
summary,2023-12-05,QQQ,,,,,,,0.86,,2,,,,,,,,,,0.4670,2023-12-05T15:04:00+00:00,718,1497
trade,2023-12-05,AAPL,Long,2023-12-05T15:58:00+00:00,2023-12-05T15:59:00+00:00,194.3033,194.1517,1.55,-0.23,-0.000780,60000,SessionClose,0.3416,0.3262,0.3407,0.1139,0.7973,0.1865,0.1139,0.7973,,,
summary,2023-12-05,AAPL,,,,,,,-0.23,,1,,,,,,,,,,0.6369,2023-12-05T15:04:00+00:00,677,1263
trade,2023-12-05,MSFT,Long,2023-12-05T15:01:00+00:00,2023-12-05T15:56:00+00:00,370.5611,372.3536,0.81,1.45,0.004837,3300000,SessionClose,0.4706,0.1497,0.4972,0.4510,0.5008,0.0295,-0.0058,0.5008,,,
summary,2023-12-05,MSFT,,,,,,,1.45,,1,,,,,,,,,,0.6035,2023-12-04T16:58:00+00:00,799,1154
summary,2023-12-06,QQQ,,,,,,,0.00,,0,,,,,,,,,,0.4670,2023-12-05T15:04:00+00:00,1232,2339
summary,2023-12-06,NVDA,,,,,,,0.00,,0,,,,,,,,,,0.6923,2023-12-05T15:04:00+00:00,1102,2218
summary,2023-12-06,MSFT,,,,,,,0.00,,0,,,,,,,,,,0.6035,2023-12-04T16:58:00+00:00,1130,1752
summary,2023-12-07,SPY,,,,,,,0.00,,0,,,,,,,,,,0.4159,2023-12-04T17:14:00+00:00,1364,2709
trade,2023-12-07,NVDA,Long,2023-12-07T15:26:00+00:00,2023-12-07T15:56:00+00:00,461.7435,462.7894,0.64,0.67,0.002265,1800000,SessionClose,0.2134,0.2211,0.0304,0.1467,0.4076,-0.5229,0.2518,0.4076,,,
trade,2023-12-07,NVDA,Long,2023-12-07T15:58:00+00:00,2023-12-07T15:59:00+00:00,462.7538,462.9211,0.65,0.11,0.000362,60000,SessionClose,0.2198,0.2593,-0.5357,0.2518,0.4076,-0.1410,0.2518,0.4076,,,
summary,2023-12-07,NVDA,,,,,,,0.78,,2,,,,,,,,,,0.8991,2023-12-04T15:04:00+00:00,1344,2836
summary,2023-12-08,SPY,,,,,,,0.00,,0,,,,,,,,,,0.8183,2023-12-05T15:59:00+00:00,1485,2676
trade,2023-12-08,QQQ,Long,2023-12-08T15:01:00+00:00,2023-12-08T15:36:00+00:00,390.6722,390.7577,0.77,0.07,0.000219,2100000,ScoreExit,0.3645,-0.0585,0.4588,0.3526,0.3569,-0.5665,-0.1815,0.3569,,,
summary,2023-12-08,QQQ,,,,,,,0.07,,1,,,,,,,,,,0.9569,2023-12-05T15:46:00+00:00,1674,2827
summary,2023-12-08,AAPL,,,,,,,0.00,,0,,,,,,,,,,1.0000,2023-12-05T14:36:00+00:00,1428,2403
trade,2023-12-08,NVDA,Long,2023-12-08T15:58:00+00:00,2023-12-08T15:59:00+00:00,477.2381,477.0817,0.63,-0.10,-0.000328,60000,SessionClose,0.3920,0.4030,0.4322,0.2750,0.6124,0.5428,0.2750,0.6124,,,
summary,2023-12-08,NVDA,,,,,,,-0.10,,1,,,,,,,,,,0.9579,2023-12-05T15:54:00+00:00,1743,2833
trade,2023-12-08,MSFT,Long,2023-12-08T15:12:00+00:00,2023-12-08T15:41:00+00:00,372.4367,371.1836,0.81,-1.01,-0.003365,1740000,ScoreExit,0.3953,-0.0537,0.4447,0.4124,0.3447,-0.5116,-0.1403,0.2723,,,
summary,2023-12-08,MSFT,,,,,,,-1.01,,1,,,,,,,,,,0.9578,2023-12-05T15:46:00+00:00,1236,2178
trade,2023-12-11,QQQ,Long,2023-12-11T14:38:00+00:00,2023-12-11T15:56:00+00:00,392.7628,394.5016,0.76,1.33,0.004427,4680000,SessionClose,0.3630,0.1853,0.3787,0.3570,0.3698,0.5430,-0.0127,0.4620,,,
summary,2023-12-11,QQQ,,,,,,,1.33,,1,,,,,,,,,,0.8944,2023-12-08T15:09:00+00:00,919,1145
summary,2023-12-11,AAPL,,,,,,,0.00,,0,,,,,,,,,,0.7520,2023-12-08T15:55:00+00:00,488,1109
summary,2023-12-11,NVDA,,,,,,,0.00,,0,,,,,,,,,,1.0000,2023-12-08T14:40:00+00:00,632,1132
summary,2023-12-11,MSFT,,,,,,,0.00,,0,,,,,,,,,,0.9465,2023-12-08T15:55:00+00:00,573,985
summary,2023-12-12,QQQ,,,,,,,0.00,,0,,,,,,,,,,0.5074,2023-12-11T18:04:00+00:00,1151,1441
trade,2023-12-12,NVDA,Long,2023-12-12T14:36:00+00:00,2023-12-12T15:56:00+00:00,464.3643,471.5435,0.46,3.28,0.015460,4800000,SessionClose,0.4455,0.3264,0.4430,0.4566,0.4243,0.5502,0.1450,0.6147,,,
summary,2023-12-12,NVDA,,,,,,,3.28,,1,,,,,,,,,,0.6459,2023-12-12T14:45:00+00:00,880,1324
summary,2023-12-13,SPY,,,,,,,0.00,,0,,,,,,,,,,0.4274,2023-12-13T19:40:00+00:00,1505,2127
summary,2023-12-13,QQQ,,,,,,,0.00,,0,,,,,,,,,,0.5074,2023-12-11T18:04:00+00:00,1813,2256
summary,2023-12-13,AAPL,,,,,,,0.00,,0,,,,,,,,,,0.4183,2023-12-11T12:18:00+00:00,1273,1957
summary,2023-12-13,NVDA,,,,,,,0.00,,0,,,,,,,,,,0.6459,2023-12-12T14:45:00+00:00,1436,2072
summary,2023-12-13,MSFT,,,,,,,0.00,,0,,,,,,,,,,0.5634,2023-12-11T15:50:00+00:00,1189,1740
summary,2023-12-14,SPY,,,,,,,0.00,,0,,,,,,,,,,0.7658,2023-12-11T15:51:00+00:00,2120,2779
summary,2023-12-14,AAPL,,,,,,,0.00,,0,,,,,,,,,,0.5122,2023-12-12T00:23:00+00:00,1917,2576
summary,2023-12-14,NVDA,,,,,,,0.00,,0,,,,,,,,,,0.6383,2023-12-12T14:45:00+00:00,1887,2702
summary,2023-12-14,MSFT,,,,,,,0.00,,0,,,,,,,,,,0.9572,2023-12-11T15:47:00+00:00,1500,2350
summary,2023-12-15,SPY,,,,,,,0.00,,0,,,,,,,,,,0.7825,2023-12-12T16:04:00+00:00,2083,2859
summary,2023-12-15,QQQ,,,,,,,0.00,,0,,,,,,,,,,0.8189,2023-12-12T16:04:00+00:00,2345,2961
summary,2023-12-15,AAPL,,,,,,,0.00,,0,,,,,,,,,,0.8945,2023-12-12T15:42:00+00:00,2095,2605
trade,2023-12-15,NVDA,Long,2023-12-15T15:58:00+00:00,2023-12-15T15:59:00+00:00,491.8225,491.8047,0.61,-0.01,-0.000036,60000,SessionClose,0.1088,0.1433,-0.4891,0.0154,0.4951,-0.1441,0.0154,0.4951,,,
summary,2023-12-15,NVDA,,,,,,,-0.01,,1,,,,,,,,,,1.0000,2023-12-12T14:36:00+00:00,2055,2718
summary,2023-12-15,MSFT,,,,,,,0.00,,0,,,,,,,,,,0.7121,2023-12-12T16:03:00+00:00,1238,2452
summary,2023-12-18,SPY,,,,,,,0.00,,0,,,,,,,,,,0.7448,2023-12-15T15:53:00+00:00,718,1141
summary,2023-12-18,QQQ,,,,,,,0.00,,0,,,,,,,,,,0.7380,2023-12-15T15:53:00+00:00,565,1172
summary,2023-12-18,AAPL,,,,,,,0.00,,0,,,,,,,,,,0.5705,2023-12-15T15:22:00+00:00,236,1185
summary,2023-12-18,NVDA,,,,,,,0.00,,0,,,,,,,,,,1.0000,2023-12-15T14:33:00+00:00,813,1117
trade,2023-12-18,MSFT,Long,2023-12-18T15:16:00+00:00,2023-12-18T15:56:00+00:00,370.9763,370.6638,0.81,-0.25,-0.000842,2400000,SessionClose,0.3565,-0.0153,0.4467,0.3315,0.3763,-0.2611,-0.1582,0.3525,,,
summary,2023-12-18,MSFT,,,,,,,-0.25,,1,,,,,,,,,,1.0000,2023-12-15T14:36:00+00:00,807,999
summary,2023-12-19,SPY,,,,,,,0.00,,0,,,,,,,,,,0.4847,2023-12-18T10:33:00+00:00,894,1309
summary,2023-12-19,QQQ,,,,,,,0.00,,0,,,,,,,,,,0.4330,2023-12-18T17:19:00+00:00,978,1383
trade,2023-12-19,AAPL,Long,2023-12-19T15:37:00+00:00,2023-12-19T15:56:00+00:00,196.7840,196.7260,1.53,-0.09,-0.000295,1140000,SessionClose,0.2065,0.2555,0.0896,0.1197,0.4191,0.5306,0.1278,0.4191,,,
trade,2023-12-19,AAPL,Long,2023-12-19T15:58:00+00:00,2023-12-19T15:59:00+00:00,196.7740,196.6560,1.52,-0.18,-0.000600,60000,SessionClose,0.2072,0.2139,0.0483,0.1278,0.4191,0.1152,0.1278,0.4191,,,
summary,2023-12-19,AAPL,,,,,,,-0.27,,2,,,,,,,,,,0.5480,2023-12-18T18:29:00+00:00,786,1275
summary,2023-12-19,NVDA,,,,,,,0.00,,0,,,,,,,,,,0.6242,2023-12-18T15:28:00+00:00,728,1345
summary,2023-12-19,MSFT,,,,,,,0.00,,0,,,,,,,,,,0.5968,2023-12-18T15:27:00+00:00,746,1070
summary,2023-12-20,QQQ,,,,,,,0.00,,0,,,,,,,,,,0.4330,2023-12-18T17:19:00+00:00,1480,2171
trade,2023-12-20,AAPL,Long,2023-12-20T14:38:00+00:00,2023-12-20T15:56:00+00:00,197.1741,197.3258,1.52,0.23,0.000769,4680000,SessionClose,0.3606,0.0245,0.4226,0.3785,0.3041,-0.1459,-0.0814,0.2930,,,
summary,2023-12-20,AAPL,,,,,,,0.23,,1,,,,,,,,,,0.5480,2023-12-18T18:29:00+00:00,1224,1984
trade,2023-12-20,NVDA,Long,2023-12-20T14:43:00+00:00,2023-12-20T15:31:00+00:00,499.2652,497.2488,0.60,-1.21,-0.004039,2880000,ScoreExit,0.3536,-0.0659,0.3702,0.3717,0.3119,-0.5057,-0.1630,0.2748,,,
summary,2023-12-20,NVDA,,,,,,,-1.21,,1,,,,,,,,,,0.6242,2023-12-18T15:28:00+00:00,1006,2111
summary,2023-12-21,SPY,,,,,,,0.00,,0,,,,,,,,,,0.4610,2023-12-18T17:19:00+00:00,1309,2733
summary,2023-12-21,QQQ,,,,,,,0.00,,0,,,,,,,,,,0.5197,2023-12-18T17:19:00+00:00,1521,2818
summary,2023-12-21,AAPL,,,,,,,0.00,,0,,,,,,,,,,0.5660,2023-12-18T18:29:00+00:00,1290,2505
summary,2023-12-21,NVDA,,,,,,,0.00,,0,,,,,,,,,,0.8938,2023-12-18T15:28:00+00:00,933,2754
summary,2023-12-21,MSFT,,,,,,,0.00,,0,,,,,,,,,,0.8917,2023-12-18T15:27:00+00:00,1247,2180
summary,2023-12-22,SPY,,,,,,,0.00,,0,,,,,,,,,,0.7348,2023-12-19T16:04:00+00:00,1369,2808
summary,2023-12-22,QQQ,,,,,,,0.00,,0,,,,,,,,,,0.6221,2023-12-19T16:04:00+00:00,1335,2844
summary,2023-12-22,NVDA,,,,,,,0.00,,0,,,,,,,,,,0.8989,2023-12-19T14:32:00+00:00,964,2674
summary,2023-12-22,MSFT,,,,,,,0.00,,0,,,,,,,,,,0.4801,2023-12-19T20:59:00+00:00,1173,2187
summary,2023-12-25,SPY,,,,,,,0.00,,0,,,,,,,,,,0.3998,2023-12-22T14:40:00+00:00,96,499
summary,2023-12-25,QQQ,,,,,,,0.00,,0,,,,,,,,,,0.3617,2023-12-22T14:50:00+00:00,97,521
summary,2023-12-25,AAPL,,,,,,,0.00,,0,,,,,,,,,,0.4003,2023-12-22T14:53:00+00:00,16,502
summary,2023-12-25,NVDA,,,,,,,0.00,,0,,,,,,,,,,0.7696,2023-12-22T15:44:00+00:00,39,519
summary,2023-12-25,MSFT,,,,,,,0.00,,0,,,,,,,,,,0.7694,2023-12-22T15:40:00+00:00,293,474
summary,2023-12-26,SPY,,,,,,,0.00,,0,,,,,,,,,,0.4330,2023-12-26T11:04:00+00:00,360,557
summary,2023-12-26,QQQ,,,,,,,0.00,,0,,,,,,,,,,0.4077,2023-12-26T10:42:00+00:00,357,572
summary,2023-12-26,AAPL,,,,,,,0.00,,0,,,,,,,,,,0.3015,2023-12-26T20:27:00+00:00,92,522
summary,2023-12-27,SPY,,,,,,,0.00,,0,,,,,,,,,,0.4330,2023-12-26T11:04:00+00:00,799,1256
summary,2023-12-27,QQQ,,,,,,,0.00,,0,,,,,,,,,,0.4077,2023-12-26T10:42:00+00:00,867,1309
summary,2023-12-27,AAPL,,,,,,,0.00,,0,,,,,,,,,,0.3658,2023-12-27T18:49:00+00:00,353,1162
summary,2023-12-27,NVDA,,,,,,,0.00,,0,,,,,,,,,,0.6730,2023-12-26T14:40:00+00:00,708,1222
summary,2023-12-27,MSFT,,,,,,,0.00,,0,,,,,,,,,,0.4087,2023-12-26T14:42:00+00:00,342,985
summary,2023-12-28,AAPL,,,,,,,0.00,,0,,,,,,,,,,0.3658,2023-12-27T18:49:00+00:00,846,1846
trade,2023-12-28,NVDA,Long,2023-12-28T15:46:00+00:00,2023-12-28T15:56:00+00:00,497.0891,497.6878,0.60,0.36,0.001205,600000,SessionClose,0.3931,0.2323,0.4435,0.3924,0.3777,0.1058,0.1807,0.3777,,,
summary,2023-12-28,NVDA,,,,,,,0.36,,1,,,,,,,,,,0.6730,2023-12-26T14:40:00+00:00,1178,1881
summary,2023-12-28,MSFT,,,,,,,0.00,,0,,,,,,,,,,0.4087,2023-12-26T14:42:00+00:00,748,1556
summary,2023-12-29,SPY,,,,,,,0.00,,0,,,,,,,,,,0.3885,2023-12-26T20:31:00+00:00,1508,2543
summary,2023-12-29,QQQ,,,,,,,0.00,,0,,,,,,,,,,0.4484,2023-12-26T20:32:00+00:00,1379,2574
summary,2023-12-29,MSFT,,,,,,,0.00,,0,,,,,,,,,,0.6256,2023-12-26T14:42:00+00:00,936,2028
