row_type,date,ticker,direction,entry_time,exit_time,entry_price,exit_price,size,pnl,pnl_pct,hold_duration_ms,exit_reason,entry_composite,exit_composite,entry_1m,entry_5m,entry_1h,exit_1m,exit_5m,exit_1h,max_composite,max_composite_time,positive_ticks,total_ticks
summary,2023-01-02,SPY,,,,,,,0.00,,0,,,,,,,,,,0.6101,2022-12-30T20:51:00+00:00,248,489
summary,2023-01-02,QQQ,,,,,,,0.00,,0,,,,,,,,,,0.8876,2022-12-30T15:49:00+00:00,312,494
summary,2023-01-02,AAPL,,,,,,,0.00,,0,,,,,,,,,,0.9582,2022-12-30T15:48:00+00:00,342,494
summary,2023-01-02,NVDA,,,,,,,0.00,,0,,,,,,,,,,1.0000,2022-12-30T14:34:00+00:00,343,460
summary,2023-01-02,MSFT,,,,,,,0.00,,0,,,,,,,,,,0.8492,2022-12-30T15:49:00+00:00,252,444
summary,2023-01-03,SPY,,,,,,,0.00,,0,,,,,,,,,,0.4810,2023-01-03T09:16:00+00:00,148,685
summary,2023-01-03,QQQ,,,,,,,0.00,,0,,,,,,,,,,0.4945,2023-01-03T14:39:00+00:00,194,696
summary,2023-01-03,AAPL,,,,,,,0.00,,0,,,,,,,,,,0.5841,2023-01-03T09:04:00+00:00,94,655
trade,2023-01-03,NVDA,Long,2023-01-03T14:38:00+00:00,2023-01-03T14:46:00+00:00,148.4594,148.4771,2.02,0.04,0.000119,480000,ScoreExit,0.4348,-0.1745,0.3210,0.3714,0.5994,-0.3220,-0.2787,0.0831,,,
summary,2023-01-03,NVDA,,,,,,,0.04,,1,,,,,,,,,,0.8150,2023-01-03T09:36:00+00:00,133,610
summary,2023-01-03,MSFT,,,,,,,0.00,,0,,,,,,,,,,0.7615,2023-01-03T09:45:00+00:00,131,525
summary,2023-01-04,SPY,,,,,,,0.00,,0,,,,,,,,,,0.4810,2023-01-03T09:16:00+00:00,692,1493
summary,2023-01-04,QQQ,,,,,,,0.00,,0,,,,,,,,,,0.4945,2023-01-03T14:39:00+00:00,758,1541
trade,2023-01-04,AAPL,Long,2023-01-04T15:43:00+00:00,2023-01-04T15:56:00+00:00,126.3407,126.7982,2.37,1.09,0.003622,780000,SessionClose,0.3672,0.3988,0.5708,0.3150,0.4038,0.1867,0.4103,0.4465,,,
trade,2023-01-04,AAPL,Long,2023-01-04T15:58:00+00:00,2023-01-04T15:59:00+00:00,126.8828,126.7770,2.36,-0.25,-0.000834,60000,SessionClose,0.4010,0.3779,0.2092,0.4103,0.4465,-0.0221,0.4103,0.4465,,,
summary,2023-01-04,AAPL,,,,,,,0.84,,2,,,,,,,,,,0.5841,2023-01-03T09:04:00+00:00,553,1528
trade,2023-01-04,NVDA,Long,2023-01-04T14:36:00+00:00,2023-01-04T14:43:00+00:00,146.6390,146.8109,2.05,0.35,0.001173,420000,ScoreExit,0.4773,-0.0533,0.5733,0.4810,0.4379,-0.0355,-0.3018,0.4379,,,
summary,2023-01-04,NVDA,,,,,,,0.35,,1,,,,,,,,,,0.8150,2023-01-03T09:36:00+00:00,636,1270
summary,2023-01-04,MSFT,,,,,,,0.00,,0,,,,,,,,,,0.7615,2023-01-03T09:45:00+00:00,184,1238
summary,2023-01-05,SPY,,,,,,,0.00,,0,,,,,,,,,,0.4810,2023-01-03T09:16:00+00:00,1038,2362
summary,2023-01-05,QQQ,,,,,,,0.00,,0,,,,,,,,,,0.4945,2023-01-03T14:39:00+00:00,1044,2434
trade,2023-01-05,AAPL,Long,2023-01-05T14:56:00+00:00,2023-01-05T15:31:00+00:00,127.0031,126.6769,2.36,-0.77,-0.002568,2100000,ScoreExit,0.3704,-0.0882,0.5948,0.3666,0.3032,-0.5019,-0.1387,0.1506,,,
summary,2023-01-05,AAPL,,,,,,,-0.77,,1,,,,,,,,,,0.5841,2023-01-03T09:04:00+00:00,998,2416
summary,2023-01-05,NVDA,,,,,,,0.00,,0,,,,,,,,,,0.8150,2023-01-03T09:36:00+00:00,808,1952
summary,2023-01-05,MSFT,,,,,,,0.00,,0,,,,,,,,,,0.7615,2023-01-03T09:45:00+00:00,184,1971
trade,2023-01-06,SPY,Long,2023-01-06T15:36:00+00:00,2023-01-06T15:56:00+00:00,383.9501,385.0494,0.78,0.86,0.002863,1200000,SessionClose,0.4640,0.4035,0.5451,0.4447,0.4757,0.3618,0.3743,0.4757,,,
trade,2023-01-06,SPY,Long,2023-01-06T15:58:00+00:00,2023-01-06T15:59:00+00:00,385.3906,385.2344,0.78,-0.12,-0.000405,60000,SessionClose,0.4121,0.4195,0.4476,0.3743,0.4757,0.5219,0.3743,0.4757,,,
summary,2023-01-06,SPY,,,,,,,0.74,,2,,,,,,,,,,0.7856,2023-01-03T14:41:00+00:00,1328,2893
trade,2023-01-06,QQQ,Long,2023-01-06T15:36:00+00:00,2023-01-06T15:56:00+00:00,264.3943,265.2854,1.13,1.01,0.003370,1200000,SessionClose,0.4335,0.4317,0.5474,0.4426,0.3775,0.3203,0.4174,0.4976,,,
trade,2023-01-06,QQQ,Long,2023-01-06T15:58:00+00:00,2023-01-06T15:59:00+00:00,265.5847,265.5753,1.13,-0.01,-0.000035,60000,SessionClose,0.4464,0.4533,0.4668,0.4174,0.4976,0.5359,0.4174,0.4976,,,
summary,2023-01-06,QQQ,,,,,,,1.00,,2,,,,,,,,,,0.9208,2023-01-03T14:41:00+00:00,1215,2977
trade,2023-01-06,AAPL,Long,2023-01-06T15:08:00+00:00,2023-01-06T15:56:00+00:00,126.7430,127.2368,2.37,1.17,0.003896,2880000,SessionClose,0.3800,0.3224,0.4353,0.3020,0.5175,-0.1727,0.3073,0.5175,,,
trade,2023-01-06,AAPL,Long,2023-01-06T15:59:00+00:00,2023-01-06T16:00:00+00:00,127.3832,127.4018,2.36,0.04,0.000146,60000,SessionClose,0.3578,0.3811,0.1814,0.3073,0.5175,0.4145,0.3073,0.5175,,,
summary,2023-01-06,AAPL,,,,,,,1.21,,2,,,,,,,,,,1.0000,2023-01-03T14:41:00+00:00,1450,2956
trade,2023-01-06,NVDA,Long,2023-01-06T15:36:00+00:00,2023-01-06T15:56:00+00:00,143.3180,145.1514,2.09,3.83,0.012793,1200000,SessionClose,0.4177,0.5260,0.5376,0.4756,0.2618,0.1088,0.5777,0.5618,,,
trade,2023-01-06,NVDA,Long,2023-01-06T15:58:00+00:00,2023-01-06T15:59:00+00:00,145.4186,145.5113,2.06,0.19,0.000638,60000,SessionClose,0.5484,0.5633,0.3325,0.5777,0.5618,0.4812,0.5777,0.5618,,,
summary,2023-01-06,NVDA,,,,,,,4.02,,2,,,,,,,,,,1.0000,2023-01-03T14:38:00+00:00,1047,2358
summary,2023-01-06,MSFT,,,,,,,0.00,,0,,,,,,,,,,1.0000,2023-01-03T14:33:00+00:00,246,2477
summary,2023-01-09,SPY,,,,,,,0.00,,0,,,,,,,,,,0.9544,2023-01-06T15:49:00+00:00,948,1148
trade,2023-01-09,QQQ,Long,2023-01-09T14:36:00+00:00,2023-01-09T15:56:00+00:00,271.2864,274.6226,1.11,3.70,0.012298,4800000,SessionClose,0.4190,0.1898,-0.1148,0.3768,0.6815,0.4348,-0.0662,0.6201,,,
summary,2023-01-09,QQQ,,,,,,,3.70,,1,,,,,,,,,,0.9536,2023-01-06T15:58:00+00:00,995,1147
trade,2023-01-09,AAPL,Long,2023-01-09T15:34:00+00:00,2023-01-09T15:56:00+00:00,132.7348,132.9651,2.27,0.52,0.001735,1320000,SessionClose,0.4364,0.2389,0.5174,0.3174,0.6477,0.3903,0.0093,0.6477,,,
summary,2023-01-09,AAPL,,,,,,,0.52,,1,,,,,,,,,,1.0000,2023-01-06T14:34:00+00:00,978,1143
trade,2023-01-09,NVDA,Long,2023-01-09T15:29:00+00:00,2023-01-09T15:56:00+00:00,158.1874,159.6171,1.91,2.73,0.009038,1620000,SessionClose,0.6406,0.3777,0.3907,0.5114,0.9823,0.4794,0.0585,0.9823,,,
summary,2023-01-09,NVDA,,,,,,,2.73,,1,,,,,,,,,,0.9600,2023-01-06T15:53:00+00:00,925,1041
trade,2023-01-09,MSFT,Long,2023-01-09T15:36:00+00:00,2023-01-09T15:56:00+00:00,229.2638,229.8760,1.31,0.80,0.002671,1200000,SessionClose,0.4280,0.1652,0.4655,0.3189,0.6337,-0.0052,-0.0406,0.6337,,,
summary,2023-01-09,MSFT,,,,,,,0.80,,1,,,,,,,,,,1.0000,2023-01-06T14:35:00+00:00,796,980
summary,2023-01-10,SPY,,,,,,,0.00,,0,,,,,,,,,,0.7258,2023-01-09T10:23:00+00:00,595,1506
summary,2023-01-10,QQQ,,,,,,,0.00,,0,,,,,,,,,,0.6582,2023-01-09T15:03:00+00:00,728,1518
trade,2023-01-10,AAPL,Long,2023-01-10T14:35:00+00:00,2023-01-10T15:51:00+00:00,131.2344,128.5764,2.29,-6.08,-0.020253,4560000,MaxHoldTimeout,0.3588,0.0000,0.5638,0.4815,0.0452,0.3473,-0.1873,-0.2070,,,
summary,2023-01-10,AAPL,,,,,,,-6.08,,1,,,,,,,,,,0.6750,2023-01-09T15:07:00+00:00,471,1444
trade,2023-01-10,NVDA,Long,2023-01-10T14:31:00+00:00,2023-01-10T14:47:00+00:00,155.7917,155.2984,1.93,-0.95,-0.003167,960000,ScoreExit,0.5177,-0.0679,0.3440,0.7147,0.1813,-0.6584,-0.0940,0.1813,,,
trade,2023-01-10,NVDA,Long,2023-01-10T15:13:00+00:00,2023-01-10T15:31:00+00:00,158.2325,156.9579,1.90,-2.42,-0.008055,1080000,ScoreExit,0.4912,-0.1485,0.5884,0.4324,0.5765,-0.5898,-0.2916,0.2847,,,
summary,2023-01-10,NVDA,,,,,,,-3.38,,2,,,,,,,,,,0.8975,2023-01-09T09:25:00+00:00,813,1264
trade,2023-01-10,MSFT,Long,2023-01-10T14:32:00+00:00,2023-01-10T15:31:00+00:00,229.4138,228.7663,1.31,-0.85,-0.002822,3540000,ScoreExit,0.4602,-0.2127,0.5189,0.3925,0.5761,-0.5920,-0.4220,0.3324,,,
summary,2023-01-10,MSFT,,,,,,,-0.85,,1,,,,,,,,,,0.6642,2023-01-09T15:00:00+00:00,697,1166
summary,2023-01-11,SPY,,,,,,,0.00,,0,,,,,,,,,,0.7258,2023-01-09T10:23:00+00:00,1286,2355
summary,2023-01-11,QQQ,,,,,,,0.00,,0,,,,,,,,,,0.6582,2023-01-09T15:03:00+00:00,1389,2351
trade,2023-01-11,AAPL,Long,2023-01-11T15:23:00+00:00,2023-01-11T15:56:00+00:00,131.6995,131.3656,2.28,-0.76,-0.002535,1980000,SessionClose,0.3843,0.0993,0.5430,0.4109,0.2782,-0.0824,0.0482,0.2622,,,
summary,2023-01-11,AAPL,,,,,,,-0.76,,1,,,,,,,,,,0.6750,2023-01-09T15:07:00+00:00,1056,2211
summary,2023-01-11,NVDA,,,,,,,0.00,,0,,,,,,,,,,0.8975,2023-01-09T09:25:00+00:00,1282,1926
summary,2023-01-11,MSFT,,,,,,,0.00,,0,,,,,,,,,,0.6642,2023-01-09T15:00:00+00:00,1268,1796
summary,2023-01-12,SPY,,,,,,,0.00,,0,,,,,,,,,,0.9339,2023-01-09T15:49:00+00:00,1751,2964
summary,2023-01-12,QQQ,,,,,,,0.00,,0,,,,,,,,,,0.9547,2023-01-09T15:45:00+00:00,1808,2933
summary,2023-01-12,AAPL,,,,,,,0.00,,0,,,,,,,,,,0.9540,2023-01-09T15:46:00+00:00,1688,2775
trade,2023-01-12,NVDA,Long,2023-01-12T15:16:00+00:00,2023-01-12T15:56:00+00:00,159.8930,159.8520,1.85,-0.08,-0.000256,2400000,SessionClose,0.4255,0.2577,0.6357,0.3837,0.4390,0.5273,0.1221,0.4390,,,
summary,2023-01-12,NVDA,,,,,,,-0.08,,1,,,,,,,,,,1.0000,2023-01-09T14:41:00+00:00,1695,2406
trade,2023-01-12,MSFT,Long,2023-01-12T15:11:00+00:00,2023-01-12T15:56:00+00:00,236.5159,237.7037,1.27,1.51,0.005022,2700000,SessionClose,0.5047,0.1615,0.5371,0.5416,0.4200,0.4902,-0.0225,0.4200,,,
summary,2023-01-12,MSFT,,,,,,,1.51,,1,,,,,,,,,,0.9507,2023-01-09T15:40:00+00:00,1666,2303
summary,2023-01-13,SPY,,,,,,,0.00,,0,,,,,,,,,,0.7288,2023-01-10T15:16:00+00:00,2315,2964
summary,2023-01-13,QQQ,,,,,,,0.00,,0,,,,,,,,,,1.0000,2023-01-10T14:34:00+00:00,2359,2928
trade,2023-01-13,AAPL,Long,2023-01-13T15:03:00+00:00,2023-01-13T15:56:00+00:00,132.9399,133.7549,2.25,1.84,0.006131,3180000,SessionClose,0.3515,0.2716,0.4587,0.3664,0.2858,0.3918,0.2446,0.2858,,,
summary,2023-01-13,AAPL,,,,,,,1.84,,1,,,,,,,,,,1.0000,2023-01-10T14:34:00+00:00,2030,2738
trade,2023-01-13,NVDA,Long,2023-01-13T14:31:00+00:00,2023-01-13T15:56:00+00:00,162.6936,167.7447,1.85,9.32,0.031047,5100000,SessionClose,0.4304,0.3057,0.2322,0.5064,0.3447,0.1725,0.1967,0.5680,,,
summary,2023-01-13,NVDA,,,,,,,9.32,,1,,,,,,,,,,1.0000,2023-01-10T14:32:00+00:00,1823,2408
summary,2023-01-13,MSFT,,,,,,,0.00,,0,,,,,,,,,,1.0000,2023-01-10T14:34:00+00:00,1576,2281
summary,2023-01-16,SPY,,,,,,,0.00,,0,,,,,,,,,,0.8811,2023-01-13T15:47:00+00:00,449,493
summary,2023-01-16,QQQ,,,,,,,0.00,,0,,,,,,,,,,0.9522,2023-01-13T15:47:00+00:00,436,488
summary,2023-01-16,AAPL,,,,,,,0.00,,0,,,,,,,,,,0.9573,2023-01-13T15:40:00+00:00,440,476
summary,2023-01-16,NVDA,,,,,,,0.00,,0,,,,,,,,,,1.0000,2023-01-13T14:34:00+00:00,410,454
summary,2023-01-16,MSFT,,,,,,,0.00,,0,,,,,,,,,,0.5954,2023-01-13T15:06:00+00:00,309,443
trade,2023-01-17,SPY,Long,2023-01-17T15:02:00+00:00,2023-01-17T15:36:00+00:00,399.5648,399.1952,0.75,-0.28,-0.000925,2040000,ScoreExit,0.4300,-0.1129,0.5462,0.3820,0.4872,-0.4770,-0.1897,0.1620,,,
summary,2023-01-17,SPY,,,,,,,-0.28,,1,,,,,,,,,,0.5012,2023-01-17T15:03:00+00:00,260,650
trade,2023-01-17,QQQ,Long,2023-01-17T14:54:00+00:00,2023-01-17T15:37:00+00:00,281.2794,281.4605,1.07,0.19,0.000644,2580000,ScoreExit,0.4234,-0.1018,0.5516,0.3784,0.4706,-0.5683,-0.1399,0.1300,,,
summary,2023-01-17,QQQ,,,,,,,0.19,,1,,,,,,,,,,0.6195,2023-01-17T15:03:00+00:00,386,656
trade,2023-01-17,AAPL,Long,2023-01-17T14:49:00+00:00,2023-01-17T15:41:00+00:00,135.4656,135.6393,2.22,0.38,0.001282,3120000,ScoreExit,0.3777,-0.1455,0.5352,0.1042,0.8720,-0.5813,-0.1515,0.0118,,,
summary,2023-01-17,AAPL,,,,,,,0.38,,1,,,,,,,,,,0.6785,2023-01-17T15:23:00+00:00,384,606
summary,2023-01-17,NVDA,,,,,,,0.00,,0,,,,,,,,,,0.8027,2023-01-17T14:39:00+00:00,465,557
summary,2023-01-17,MSFT,,,,,,,0.00,,0,,,,,,,,,,0.6835,2023-01-17T15:09:00+00:00,348,553
summary,2023-01-18,SPY,,,,,,,0.00,,0,,,,,,,,,,0.5012,2023-01-17T15:03:00+00:00,536,1477
summary,2023-01-18,QQQ,,,,,,,0.00,,0,,,,,,,,,,0.6195,2023-01-17T15:03:00+00:00,736,1484
summary,2023-01-18,AAPL,,,,,,,0.00,,0,,,,,,,,,,0.6785,2023-01-17T15:23:00+00:00,819,1394
trade,2023-01-18,NVDA,Long,2023-01-18T14:35:00+00:00,2023-01-18T15:16:00+00:00,177.6239,177.5417,1.69,-0.14,-0.000462,2460000,ScoreExit,0.4479,-0.0924,0.5368,0.4076,0.4987,-0.1964,-0.3421,0.4416,,,
summary,2023-01-18,NVDA,,,,,,,-0.14,,1,,,,,,,,,,0.8027,2023-01-17T14:39:00+00:00,985,1333
summary,2023-01-18,MSFT,,,,,,,0.00,,0,,,,,,,,,,0.6835,2023-01-17T15:09:00+00:00,557,1195
summary,2023-01-19,SPY,,,,,,,0.00,,0,,,,,,,,,,0.5012,2023-01-17T15:03:00+00:00,536,2378
summary,2023-01-19,QQQ,,,,,,,0.00,,0,,,,,,,,,,0.6195,2023-01-17T15:03:00+00:00,736,2364
summary,2023-01-19,AAPL,,,,,,,0.00,,0,,,,,,,,,,0.6785,2023-01-17T15:23:00+00:00,914,2233
summary,2023-01-19,NVDA,,,,,,,0.00,,0,,,,,,,,,,0.8027,2023-01-17T14:39:00+00:00,985,2048
summary,2023-01-19,MSFT,,,,,,,0.00,,0,,,,,,,,,,0.6835,2023-01-17T15:09:00+00:00,557,1873
summary,2023-01-20,SPY,,,,,,,0.00,,0,,,,,,,,,,0.6349,2023-01-17T15:03:00+00:00,564,2976
summary,2023-01-20,QQQ,,,,,,,0.00,,0,,,,,,,,,,0.8959,2023-01-17T15:03:00+00:00,832,2944
summary,2023-01-20,AAPL,,,,,,,0.00,,0,,,,,,,,,,0.8964,2023-01-17T15:05:00+00:00,1237,2777
summary,2023-01-20,NVDA,,,,,,,0.00,,0,,,,,,,,,,1.0000,2023-01-17T14:31:00+00:00,1212,2524
trade,2023-01-20,MSFT,Long,2023-01-20T14:42:00+00:00,2023-01-20T15:42:00+00:00,236.2859,235.7143,1.27,-0.73,-0.002419,3600000,ScoreExit,0.4365,-0.0877,0.5663,0.5458,0.1748,-0.5459,-0.1207,0.1310,,,
summary,2023-01-20,MSFT,,,,,,,-0.73,,1,,,,,,,,,,0.8955,2023-01-17T15:03:00+00:00,897,2330
trade,2023-01-23,SPY,Long,2023-01-23T14:46:00+00:00,2023-01-23T15:56:00+00:00,397.1241,399.8250,0.76,2.04,0.006801,4200000,SessionClose,0.4416,0.3604,0.5495,0.3626,0.5637,0.5352,0.2229,0.5772,,,
summary,2023-01-23,SPY,,,,,,,2.04,,1,,,,,,,,,,0.8205,2023-01-20T16:04:00+00:00,1040,1153
trade,2023-01-23,QQQ,Long,2023-01-23T14:36:00+00:00,2023-01-23T15:56:00+00:00,283.9602,287.5087,1.06,3.75,0.012497,4800000,SessionClose,0.4366,0.2474,0.4903,0.3457,0.6005,0.2283,0.0747,0.5992,,,
summary,2023-01-23,QQQ,,,,,,,3.75,,1,,,,,,,,,,0.8699,2023-01-20T16:02:00+00:00,1053,1137
summary,2023-01-23,AAPL,,,,,,,0.00,,0,,,,,,,,,,0.7934,2023-01-20T15:35:00+00:00,998,1121
trade,2023-01-23,NVDA,Long,2023-01-23T14:41:00+00:00,2023-01-23T15:56:00+00:00,180.4491,188.1585,1.66,12.81,0.042723,4500000,SessionClose,0.5010,0.5196,0.3106,0.3230,0.9204,0.2738,0.3203,1.0000,,,
trade,2023-01-23,NVDA,Long,2023-01-23T15:58:00+00:00,2023-01-23T15:59:00+00:00,188.5415,188.4584,1.59,-0.13,-0.000441,60000,SessionClose,0.5418,0.5416,0.4965,0.3203,1.0000,0.4941,0.3203,1.0000,,,
summary,2023-01-23,NVDA,,,,,,,12.68,,2,,,,,,,,,,0.8965,2023-01-20T15:06:00+00:00,1019,1106
trade,2023-01-23,MSFT,Long,2023-01-23T15:20:00+00:00,2023-01-23T15:56:00+00:00,241.7175,242.8721,1.24,1.43,0.004777,2160000,SessionClose,0.4015,0.2352,0.5742,0.2584,0.6301,-0.2756,0.1228,0.6301,,,
summary,2023-01-23,MSFT,,,,,,,1.43,,1,,,,,,,,,,0.9743,2023-01-20T14:41:00+00:00,967,1037
summary,2023-01-24,SPY,,,,,,,0.00,,0,,,,,,,,,,1.0000,2023-01-23T09:00:00+00:00,970,1501
trade,2023-01-24,QQQ,Long,2023-01-24T14:51:00+00:00,2023-01-24T15:01:00+00:00,288.7116,287.4087,1.04,-1.36,-0.004513,600000,ScoreExit,0.4013,-0.0859,0.4531,0.4558,0.2750,-0.5836,-0.1549,0.2179,,,
summary,2023-01-24,QQQ,,,,,,,-1.36,,1,,,,,,,,,,0.6470,2023-01-23T14:52:00+00:00,1029,1479
trade,2023-01-24,AAPL,Long,2023-01-24T14:31:00+00:00,2023-01-24T15:56:00+00:00,140.5171,142.0712,2.14,3.32,0.011059,5100000,SessionClose,0.3579,0.3565,0.3605,0.4663,0.1402,0.5407,0.1980,0.6122,,,
trade,2023-01-24,AAPL,Long,2023-01-24T15:58:00+00:00,2023-01-24T15:59:00+00:00,142.3177,142.1723,2.11,-0.31,-0.001021,60000,SessionClose,0.3572,0.3526,0.5475,0.1980,0.6122,0.5015,0.1980,0.6122,,,
summary,2023-01-24,AAPL,,,,,,,3.02,,2,,,,,,,,,,0.6761,2023-01-23T14:52:00+00:00,952,1405
trade,2023-01-24,NVDA,Long,2023-01-24T14:31:00+00:00,2023-01-24T15:56:00+00:00,188.4715,192.1626,1.60,5.89,0.019584,5100000,SessionClose,0.4384,0.3170,0.2822,0.4724,0.4225,0.5171,0.1036,0.6773,,,
summary,2023-01-24,NVDA,,,,,,,5.89,,1,,,,,,,,,,0.8074,2023-01-23T09:33:00+00:00,1105,1409
summary,2023-01-24,MSFT,,,,,,,0.00,,0,,,,,,,,,,0.6361,2023-01-23T16:07:00+00:00,774,1235
summary,2023-01-25,SPY,,,,,,,0.00,,0,,,,,,,,,,1.0000,2023-01-23T09:00:00+00:00,1182,2403
summary,2023-01-25,QQQ,,,,,,,0.00,,0,,,,,,,,,,0.6470,2023-01-23T14:52:00+00:00,1257,2402
summary,2023-01-25,AAPL,,,,,,,0.00,,0,,,,,,,,,,0.6761,2023-01-23T14:52:00+00:00,1232,2256
summary,2023-01-25,NVDA,,,,,,,0.00,,0,,,,,,,,,,0.8074,2023-01-23T09:33:00+00:00,1473,2231
summary,2023-01-25,MSFT,,,,,,,0.00,,0,,,,,,,,,,0.7570,2023-01-24T21:06:00+00:00,1102,2137
summary,2023-01-26,SPY,,,,,,,0.00,,0,,,,,,,,,,0.9536,2023-01-23T16:03:00+00:00,1624,3016
summary,2023-01-26,QQQ,,,,,,,0.00,,0,,,,,,,,,,0.9534,2023-01-23T15:49:00+00:00,1767,3015
summary,2023-01-26,AAPL,,,,,,,0.00,,0,,,,,,,,,,1.0000,2023-01-23T14:33:00+00:00,1599,2813
summary,2023-01-26,NVDA,,,,,,,0.00,,0,,,,,,,,,,0.9608,2023-01-23T15:49:00+00:00,2029,2791
summary,2023-01-26,MSFT,,,,,,,0.00,,0,,,,,,,,,,1.0000,2023-01-23T14:40:00+00:00,1446,2683
summary,2023-01-27,SPY,,,,,,,0.00,,0,,,,,,,,,,0.8899,2023-01-24T15:56:00+00:00,1969,3032
trade,2023-01-27,QQQ,Long,2023-01-27T14:36:00+00:00,2023-01-27T15:46:00+00:00,293.1029,294.4566,1.02,1.39,0.004619,4200000,ScoreExit,0.4023,-0.0617,0.5241,0.3729,0.4204,-0.4472,-0.2334,0.4102,,,
summary,2023-01-27,QQQ,,,,,,,1.39,,1,,,,,,,,,,0.8917,2023-01-24T14:54:00+00:00,1911,3064
trade,2023-01-27,AAPL,Long,2023-01-27T14:31:00+00:00,2023-01-27T15:56:00+00:00,143.8181,144.4017,2.09,1.22,0.004057,5100000,SessionClose,0.3811,-0.0182,0.5605,0.3345,0.4145,-0.5485,-0.1451,0.4124,,,
summary,2023-01-27,AAPL,,,,,,,1.22,,1,,,,,,,,,,0.9451,2023-01-24T14:43:00+00:00,1926,2834
trade,2023-01-27,NVDA,Long,2023-01-27T14:31:00+00:00,2023-01-27T15:56:00+00:00,195.9638,199.6736,1.53,5.69,0.018931,5100000,SessionClose,0.5196,0.0648,0.5680,0.4909,0.5608,-0.5310,-0.1062,0.6055,,,
summary,2023-01-27,NVDA,,,,,,,5.69,,1,,,,,,,,,,1.0000,2023-01-24T14:32:00+00:00,1768,2789
summary,2023-01-27,MSFT,,,,,,,0.00,,0,,,,,,,,,,0.8939,2023-01-24T15:11:00+00:00,1833,2694
summary,2023-01-30,SPY,,,,,,,0.00,,0,,,,,,,,,,0.7207,2023-01-27T15:10:00+00:00,309,1168
summary,2023-01-30,QQQ,,,,,,,0.00,,0,,,,,,,,,,0.8908,2023-01-27T15:07:00+00:00,395,1176
summary,2023-01-30,AAPL,,,,,,,0.00,,0,,,,,,,,,,0.8919,2023-01-27T14:49:00+00:00,378,1137
summary,2023-01-30,NVDA,,,,,,,0.00,,0,,,,,,,,,,1.0000,2023-01-27T14:32:00+00:00,551,1075
summary,2023-01-30,MSFT,,,,,,,0.00,,0,,,,,,,,,,0.5872,2023-01-27T20:07:00+00:00,236,1015
summary,2023-01-31,SPY,,,,,,,0.00,,0,,,,,,,,,,0.4715,2023-01-30T14:47:00+00:00,645,1573
trade,2023-01-31,QQQ,Long,2023-01-31T15:30:00+00:00,2023-01-31T15:56:00+00:00,292.5027,292.3973,1.03,-0.11,-0.000361,1560000,SessionClose,0.4194,0.3761,0.5336,0.3780,0.4644,0.1774,0.3572,0.4800,,,
trade,2023-01-31,QQQ,Long,2023-01-31T15:59:00+00:00,2023-01-31T16:00:00+00:00,292.7228,292.6272,1.02,-0.10,-0.000327,60000,SessionClose,0.4023,0.4092,0.3875,0.3572,0.4976,0.4299,0.3572,0.5064,,,
summary,2023-01-31,QQQ,,,,,,,-0.21,,2,,,,,,,,,,0.4603,2023-01-31T20:56:00+00:00,594,1562
summary,2023-01-31,AAPL,,,,,,,0.00,,0,,,,,,,,,,0.5147,2023-01-30T12:49:00+00:00,530,1423
trade,2023-01-31,NVDA,Long,2023-01-31T15:26:00+00:00,2023-01-31T15:56:00+00:00,193.6647,195.6013,1.55,3.00,0.010000,1800000,SessionClose,0.4603,0.6716,0.5442,0.4387,0.4757,0.5787,0.5975,0.8507,,,
trade,2023-01-31,NVDA,Long,2023-01-31T15:58:00+00:00,2023-01-31T15:59:00+00:00,195.9438,195.9662,1.53,0.03,0.000114,60000,SessionClose,0.6715,0.6702,0.5779,0.5975,0.8507,0.5642,0.5975,0.8507,,,
summary,2023-01-31,NVDA,,,,,,,3.03,,2,,,,,,,,,,0.6720,2023-01-31T15:56:00+00:00,472,1373
trade,2023-01-31,MSFT,Long,2023-01-31T15:12:00+00:00,2023-01-31T15:56:00+00:00,244.6784,244.6916,1.23,0.02,0.000054,2640000,SessionClose,0.4013,0.0502,0.4389,0.3346,0.5224,-0.4273,-0.1064,0.5224,,,
summary,2023-01-31,MSFT,,,,,,,0.02,,1,,,,,,,,,,0.4840,2023-01-31T20:57:00+00:00,522,1193
summary,2023-02-01,SPY,,,,,,,0.00,,0,,,,,,,,,,0.5354,2023-02-01T20:09:00+00:00,1205,2436
summary,2023-02-01,QQQ,,,,,,,0.00,,0,,,,,,,,,,0.6271,2023-02-01T20:08:00+00:00,1211,2432
summary,2023-02-01,AAPL,,,,,,,0.00,,0,,,,,,,,,,0.5914,2023-02-01T20:09:00+00:00,872,2185
summary,2023-02-01,NVDA,,,,,,,0.00,,0,,,,,,,,,,0.7422,2023-02-01T20:08:00+00:00,1037,2132
summary,2023-02-01,MSFT,,,,,,,0.00,,0,,,,,,,,,,0.6364,2023-02-01T20:05:00+00:00,982,1779
trade,2023-02-02,SPY,Long,2023-02-02T15:31:00+00:00,2023-02-02T15:56:00+00:00,415.4496,416.6600,0.72,0.87,0.002913,1500000,SessionClose,0.4509,0.3801,0.5407,0.3814,0.5599,0.1938,0.3212,0.5599,,,
summary,2023-02-02,SPY,,,,,,,0.87,,1,,,,,,,,,,0.5752,2023-01-30T15:05:00+00:00,1746,3058
trade,2023-02-02,QQQ,Long,2023-02-02T14:48:00+00:00,2023-02-02T15:56:00+00:00,308.9427,310.5018,0.97,1.51,0.005047,4080000,SessionClose,0.4346,0.3297,0.5629,0.3756,0.5099,-0.2113,0.3002,0.5690,,,
summary,2023-02-02,QQQ,,,,,,,1.51,,1,,,,,,,,,,0.6230,2023-02-01T20:08:00+00:00,1837,3067
trade,2023-02-02,AAPL,Long,2023-02-02T15:58:00+00:00,2023-02-02T15:59:00+00:00,150.1900,149.9900,2.00,-0.40,-0.001332,60000,SessionClose,0.3732,0.3565,-0.3036,0.3547,0.6360,-0.4714,0.3547,0.6360,,,
summary,2023-02-02,AAPL,,,,,,,-0.40,,1,,,,,,,,,,0.5880,2023-02-01T20:09:00+00:00,1495,2853
trade,2023-02-02,NVDA,Long,2023-02-02T14:44:00+00:00,2023-02-02T15:56:00+00:00,214.1792,213.4509,1.41,-1.02,-0.003400,4320000,SessionClose,0.6804,0.0854,0.5938,0.7009,0.6684,-0.3410,-0.1462,0.6907,,,
summary,2023-02-02,NVDA,,,,,,,-1.02,,1,,,,,,,,,,0.8997,2023-01-30T14:47:00+00:00,1773,2767
trade,2023-02-02,MSFT,Long,2023-02-02T14:34:00+00:00,2023-02-02T15:50:00+00:00,260.5031,260.2469,1.15,-0.30,-0.000984,4560000,MaxHoldTimeout,0.6259,0.4248,0.6313,0.5944,0.6872,0.0163,0.3401,0.7302,,,
trade,2023-02-02,MSFT,Long,2023-02-02T15:52:00+00:00,2023-02-02T15:56:00+00:00,260.2731,260.2569,1.15,-0.02,-0.000062,240000,SessionClose,0.4142,0.3267,-0.2429,0.3658,0.7302,-0.1454,0.2037,0.7302,,,
summary,2023-02-02,MSFT,,,,,,,-0.31,,2,,,,,,,,,,0.6333,2023-02-01T20:05:00+00:00,1649,2387
summary,2023-02-03,SPY,,,,,,,0.00,,0,,,,,,,,,,0.8548,2023-01-31T16:02:00+00:00,2221,3061
trade,2023-02-03,QQQ,Long,2023-02-03T14:46:00+00:00,2023-02-03T15:56:00+00:00,307.6473,310.7817,0.98,3.06,0.010189,4200000,SessionClose,0.4099,0.0697,0.4536,0.4738,0.2674,-0.4673,0.0006,0.3871,,,
summary,2023-02-03,QQQ,,,,,,,3.06,,1,,,,,,,,,,0.9530,2023-01-31T16:02:00+00:00,2384,3123
trade,2023-02-03,AAPL,Long,2023-02-03T14:31:00+00:00,2023-02-03T15:56:00+00:00,149.6099,155.9083,2.01,12.64,0.042099,5100000,SessionClose,0.4977,0.2507,0.5980,0.3793,0.7011,-0.2573,0.1178,0.6858,,,
summary,2023-02-03,AAPL,,,,,,,12.64,,1,,,,,,,,,,0.8918,2023-01-31T14:48:00+00:00,2168,2988
trade,2023-02-03,NVDA,Long,2023-02-03T14:46:00+00:00,2023-02-03T15:56:00+00:00,212.2687,216.0952,1.33,5.10,0.018027,4200000,SessionClose,0.5029,0.0358,0.5525,0.4825,0.5272,-0.2287,-0.1388,0.4732,,,
summary,2023-02-03,NVDA,,,,,,,5.10,,1,,,,,,,,,,1.0000,2023-01-31T14:33:00+00:00,2160,2820
trade,2023-02-03,MSFT,Long,2023-02-03T15:11:00+00:00,2023-02-03T15:56:00+00:00,261.5433,261.8564,1.15,0.36,0.001197,2700000,SessionClose,0.4023,-0.0241,0.2238,0.4313,0.4038,-0.5262,-0.1544,0.4038,,,
summary,2023-02-03,MSFT,,,,,,,0.36,,1,,,,,,,,,,0.8444,2023-01-31T15:40:00+00:00,2060,2537
summary,2023-02-06,SPY,,,,,,,0.00,,0,,,,,,,,,,0.9512,2023-02-03T15:43:00+00:00,170,1185
summary,2023-02-06,QQQ,,,,,,,0.00,,0,,,,,,,,,,1.0000,2023-02-03T14:40:00+00:00,194,1196
summary,2023-02-06,AAPL,,,,,,,0.00,,0,,,,,,,,,,1.0000,2023-02-03T14:32:00+00:00,383,1188
trade,2023-02-06,NVDA,Long,2023-02-06T14:31:00+00:00,2023-02-06T15:21:00+00:00,208.0974,210.4518,1.44,3.40,0.011314,3000000,ScoreExit,0.4632,-0.0940,-0.0577,0.6149,0.3333,-0.6194,-0.2168,0.3266,,,
trade,2023-02-06,NVDA,Long,2023-02-06T15:52:00+00:00,2023-02-06T15:56:00+00:00,212.9089,212.7012,1.41,-0.29,-0.000975,240000,SessionClose,0.4118,0.2984,0.5742,0.2201,0.7412,0.4127,0.0670,0.7233,,,
summary,2023-02-06,NVDA,,,,,,,3.10,,2,,,,,,,,,,1.0000,2023-02-03T14:32:00+00:00,533,1056
summary,2023-02-06,MSFT,,,,,,,0.00,,0,,,,,,,,,,0.9375,2023-02-03T14:46:00+00:00,167,984
summary,2023-02-07,SPY,,,,,,,0.00,,0,,,,,,,,,,0.5181,2023-02-07T17:52:00+00:00,873,1552
summary,2023-02-07,QQQ,,,,,,,0.00,,0,,,,,,,,,,0.5937,2023-02-07T17:52:00+00:00,907,1561
trade,2023-02-07,AAPL,Long,2023-02-07T14:33:00+00:00,2023-02-07T15:56:00+00:00,152.0006,152.5992,1.97,1.18,0.003938,4980000,SessionClose,0.3660,0.0577,0.5768,0.4231,0.1816,-0.5056,-0.0052,0.3712,,,
summary,2023-02-07,AAPL,,,,,,,1.18,,1,,,,,,,,,,0.5924,2023-02-06T16:28:00+00:00,610,1447
trade,2023-02-07,NVDA,Long,2023-02-07T16:00:00+00:00,2023-02-07T16:01:00+00:00,213.8941,214.6656,1.41,1.08,0.003607,60000,SessionClose,0.4015,0.5729,0.4939,0.3001,0.5736,0.5805,0.4363,0.8434,,,
summary,2023-02-07,NVDA,,,,,,,1.08,,1,,,,,,,,,,0.7475,2023-02-06T14:45:00+00:00,950,1370
trade,2023-02-07,MSFT,Long,2023-02-07T15:31:00+00:00,2023-02-07T15:56:00+00:00,262.6938,262.6862,1.14,-0.01,-0.000029,1500000,SessionClose,0.4602,0.2049,0.5550,0.3189,0.7113,-0.1707,0.0143,0.7113,,,
summary,2023-02-07,MSFT,,,,,,,-0.01,,1,,,,,,,,,,0.6529,2023-02-07T17:54:00+00:00,880,1265
summary,2023-02-08,SPY,,,,,,,0.00,,0,,,,,,,,,,0.5181,2023-02-07T17:52:00+00:00,1278,2403
summary,2023-02-08,QQQ,,,,,,,0.00,,0,,,,,,,,,,0.5937,2023-02-07T17:52:00+00:00,1363,2444
summary,2023-02-08,AAPL,,,,,,,0.00,,0,,,,,,,,,,0.5924,2023-02-06T16:28:00+00:00,898,2275
summary,2023-02-08,NVDA,,,,,,,0.00,,0,,,,,,,,,,0.7475,2023-02-06T14:45:00+00:00,1594,2199
summary,2023-02-08,MSFT,,,,,,,0.00,,0,,,,,,,,,,0.6529,2023-02-07T17:54:00+00:00,1510,2170
summary,2023-02-09,SPY,,,,,,,0.00,,0,,,,,,,,,,0.5942,2023-02-06T15:57:00+00:00,1433,3018
summary,2023-02-09,QQQ,,,,,,,0.00,,0,,,,,,,,,,0.6604,2023-02-06T15:09:00+00:00,1388,3016
summary,2023-02-09,AAPL,,,,,,,0.00,,0,,,,,,,,,,0.6268,2023-02-06T16:27:00+00:00,1193,2779
trade,2023-02-09,NVDA,Long,2023-02-09T15:58:00+00:00,2023-02-09T15:59:00+00:00,229.4438,229.5962,1.31,0.20,0.000664,60000,SessionClose,0.5067,0.5041,0.5835,0.4519,0.5909,0.5568,0.4519,0.5909,,,
summary,2023-02-09,NVDA,,,,,,,0.20,,1,,,,,,,,,,1.0000,2023-02-06T14:32:00+00:00,1933,2787
summary,2023-02-09,MSFT,,,,,,,0.00,,0,,,,,,,,,,0.7195,2023-02-06T15:09:00+00:00,1827,2792
summary,2023-02-10,SPY,,,,,,,0.00,,0,,,,,,,,,,0.6472,2023-02-07T17:52:00+00:00,1144,3033
summary,2023-02-10,QQQ,,,,,,,0.00,,0,,,,,,,,,,0.6818,2023-02-07T17:52:00+00:00,1086,3077
summary,2023-02-10,AAPL,,,,,,,0.00,,0,,,,,,,,,,0.9991,2023-02-07T14:34:00+00:00,1021,2811
summary,2023-02-10,NVDA,,,,,,,0.00,,0,,,,,,,,,,0.9580,2023-02-07T16:00:00+00:00,1624,2854
summary,2023-02-10,MSFT,,,,,,,0.00,,0,,,,,,,,,,1.0000,2023-02-07T14:37:00+00:00,1317,2843
trade,2023-02-13,SPY,Long,2023-02-13T14:47:00+00:00,2023-02-13T15:56:00+00:00,409.5678,411.6715,0.73,1.54,0.005136,4140000,SessionClose,0.4019,0.2763,0.4855,0.3589,0.4601,0.5516,0.1203,0.4967,,,
summary,2023-02-13,SPY,,,,,,,1.54,,1,,,,,,,,,,0.6413,2023-02-10T15:22:00+00:00,816,1123
trade,2023-02-13,QQQ,Long,2023-02-13T14:56:00+00:00,2023-02-13T15:56:00+00:00,301.9255,303.4839,0.99,1.55,0.005161,3600000,SessionClose,0.4447,0.3627,0.4262,0.4089,0.5224,0.5566,0.2352,0.5532,,,
summary,2023-02-13,QQQ,,,,,,,1.55,,1,,,,,,,,,,0.7845,2023-02-10T15:22:00+00:00,719,1138
trade,2023-02-13,AAPL,Long,2023-02-13T14:37:00+00:00,2023-02-13T15:56:00+00:00,151.2904,152.7192,1.98,2.83,0.009444,4740000,SessionClose,0.3898,0.3427,0.1325,0.3441,0.5669,0.5626,0.1764,0.6020,,,
summary,2023-02-13,AAPL,,,,,,,2.83,,1,,,,,,,,,,0.8965,2023-02-10T15:11:00+00:00,795,1074
trade,2023-02-13,NVDA,Long,2023-02-13T14:46:00+00:00,2023-02-13T15:56:00+00:00,214.8794,216.4900,1.40,2.25,0.007495,4200000,SessionClose,0.4484,0.4229,0.5423,0.2874,0.7391,0.3037,0.2772,0.7540,,,
trade,2023-02-13,NVDA,Long,2023-02-13T15:58:00+00:00,2023-02-13T15:59:00+00:00,216.6450,216.5400,1.39,-0.15,-0.000484,60000,SessionClose,0.4235,0.4247,0.3099,0.2772,0.7540,0.3214,0.2772,0.7540,,,
summary,2023-02-13,NVDA,,,,,,,2.11,,2,,,,,,,,,,1.0000,2023-02-10T14:35:00+00:00,563,1112
summary,2023-02-13,MSFT,,,,,,,0.00,,0,,,,,,,,,,0.8933,2023-02-10T15:11:00+00:00,698,1071
trade,2023-02-14,SPY,Long,2023-02-14T15:02:00+00:00,2023-02-14T15:36:00+00:00,413.8891,411.8314,0.73,-1.49,-0.004972,2040000,ScoreExit,0.4002,-0.2164,0.5580,0.3954,0.3572,-0.5777,-0.3526,0.1765,,,
summary,2023-02-14,SPY,,,,,,,-1.49,,1,,,,,,,,,,0.4860,2023-02-13T18:59:00+00:00,1021,1449
trade,2023-02-14,QQQ,Long,2023-02-14T14:56:00+00:00,2023-02-14T15:36:00+00:00,305.6667,304.2037,0.98,-1.44,-0.004786,2400000,ScoreExit,0.4335,-0.1873,0.5834,0.4122,0.4263,-0.5935,-0.3633,0.3002,,,
summary,2023-02-14,QQQ,,,,,,,-1.44,,1,,,,,,,,,,0.5827,2023-02-13T14:58:00+00:00,1129,1492
trade,2023-02-14,AAPL,Long,2023-02-14T15:04:00+00:00,2023-02-14T15:31:00+00:00,153.4960,152.8791,1.96,-1.21,-0.004019,1620000,ScoreExit,0.3532,-0.0590,0.5418,0.3694,0.2580,-0.5397,-0.0724,0.1280,,,
summary,2023-02-14,AAPL,,,,,,,-1.21,,1,,,,,,,,,,0.5999,2023-02-13T16:44:00+00:00,929,1336
trade,2023-02-14,NVDA,Long,2023-02-14T14:36:00+00:00,2023-02-14T15:56:00+00:00,216.3949,222.0084,1.08,6.08,0.025941,4800000,SessionClose,0.4497,0.1322,0.3932,0.4042,0.5596,-0.4984,-0.0919,0.7905,,,
summary,2023-02-14,NVDA,,,,,,,6.08,,1,,,,,,,,,,0.8477,2023-02-13T09:31:00+00:00,1180,1411
trade,2023-02-14,MSFT,Long,2023-02-14T15:06:00+00:00,2023-02-14T15:36:00+00:00,273.0919,271.4535,1.10,-1.80,-0.005999,1800000,ScoreExit,0.4324,-0.2596,0.5193,0.4834,0.3013,-0.5904,-0.3862,0.1040,,,
summary,2023-02-14,MSFT,,,,,,,-1.80,,1,,,,,,,,,,0.7439,2023-02-13T14:58:00+00:00,921,1372
summary,2023-02-15,SPY,,,,,,,0.00,,0,,,,,,,,,,0.4860,2023-02-13T18:59:00+00:00,1350,2276
summary,2023-02-15,QQQ,,,,,,,0.00,,0,,,,,,,,,,0.5827,2023-02-13T14:58:00+00:00,1673,2362
trade,2023-02-15,AAPL,Long,2023-02-15T14:35:00+00:00,2023-02-15T14:55:00+00:00,153.6511,153.3690,1.95,-0.55,-0.001836,1200000,ScoreExit,0.3664,-0.0532,0.5405,0.4053,0.2307,-0.5131,-0.0947,0.1833,,,
summary,2023-02-15,AAPL,,,,,,,-0.55,,1,,,,,,,,,,0.5999,2023-02-13T16:44:00+00:00,1361,2106
summary,2023-02-15,NVDA,,,,,,,0.00,,0,,,,,,,,,,0.8477,2023-02-13T09:31:00+00:00,1744,2244
summary,2023-02-15,MSFT,,,,,,,0.00,,0,,,,,,,,,,0.7439,2023-02-13T14:58:00+00:00,991,2057
summary,2023-02-16,SPY,,,,,,,0.00,,0,,,,,,,,,,0.9021,2023-02-13T15:55:00+00:00,1691,2882
summary,2023-02-16,QQQ,,,,,,,0.00,,0,,,,,,,,,,0.9557,2023-02-13T15:55:00+00:00,2100,2971
trade,2023-02-16,AAPL,Long,2023-02-16T14:39:00+00:00,2023-02-16T15:56:00+00:00,154.3113,155.0202,1.94,1.38,0.004594,4620000,SessionClose,0.3527,0.3005,0.5458,0.3953,0.2034,0.1748,0.3087,0.3259,,,
summary,2023-02-16,AAPL,,,,,,,1.38,,1,,,,,,,,,,0.9563,2023-02-13T15:55:00+00:00,1808,2642
summary,2023-02-16,NVDA,,,,,,,0.00,,0,,,,,,,,,,0.9603,2023-02-13T15:49:00+00:00,2000,2773
summary,2023-02-16,MSFT,,,,,,,0.00,,0,,,,,,,,,,1.0000,2023-02-13T14:36:00+00:00,690,2479
summary,2023-02-17,SPY,,,,,,,0.00,,0,,,,,,,,,,0.8932,2023-02-14T14:55:00+00:00,996,2955
summary,2023-02-17,QQQ,,,,,,,0.00,,0,,,,,,,,,,0.9720,2023-02-14T14:41:00+00:00,1507,3066
summary,2023-02-17,AAPL,,,,,,,0.00,,0,,,,,,,,,,0.9105,2023-02-14T14:46:00+00:00,1402,2721
summary,2023-02-17,NVDA,,,,,,,0.00,,0,,,,,,,,,,1.0000,2023-02-14T14:35:00+00:00,1256,2801
summary,2023-02-17,MSFT,,,,,,,0.00,,0,,,,,,,,,,0.8996,2023-02-14T15:11:00+00:00,359,2460
summary,2023-02-20,SPY,,,,,,,0.00,,0,,,,,,,,,,0.5773,2023-02-17T15:21:00+00:00,269,485
summary,2023-02-20,QQQ,,,,,,,0.00,,0,,,,,,,,,,0.5778,2023-02-17T15:20:00+00:00,224,485
summary,2023-02-20,AAPL,,,,,,,0.00,,0,,,,,,,,,,0.6792,2023-02-17T14:34:00+00:00,198,486
summary,2023-02-20,NVDA,,,,,,,0.00,,0,,,,,,,,,,1.0000,2023-02-17T14:38:00+00:00,160,480
summary,2023-02-20,MSFT,,,,,,,0.00,,0,,,,,,,,,,0.3762,2023-02-17T21:04:00+00:00,93,440
summary,2023-02-21,SPY,,,,,,,0.00,,0,,,,,,,,,,0.5551,2023-02-21T09:54:00+00:00,90,665
trade,2023-02-21,QQQ,Long,2023-02-21T14:42:00+00:00,2023-02-21T15:56:00+00:00,298.5445,296.0112,1.01,-2.55,-0.008486,4440000,SessionClose,0.4097,0.0000,0.5289,0.3676,0.4543,-0.5581,-0.1583,-0.8044,,,
summary,2023-02-21,QQQ,,,,,,,-2.55,,1,,,,,,,,,,0.7473,2023-02-21T09:54:00+00:00,155,690
trade,2023-02-21,AAPL,Long,2023-02-21T14:41:00+00:00,2023-02-21T14:56:00+00:00,150.7036,150.6198,1.99,-0.17,-0.000556,900000,ScoreExit,0.3549,-0.1354,0.5104,0.3839,0.2450,-0.1822,-0.2295,0.0683,,,
summary,2023-02-21,AAPL,,,,,,,-0.17,,1,,,,,,,,,,0.7332,2023-02-21T09:54:00+00:00,74,603
summary,2023-02-21,MSFT,,,,,,,0.00,,0,,,,,,,,,,0.8937,2023-02-21T09:55:00+00:00,80,557
summary,2023-02-22,QQQ,,,,,,,0.00,,0,,,,,,,,,,0.7473,2023-02-21T09:54:00+00:00,361,1565
summary,2023-02-22,AAPL,,,,,,,0.00,,0,,,,,,,,,,0.7332,2023-02-21T09:54:00+00:00,289,1400
trade,2023-02-22,NVDA,Long,2023-02-22T14:41:00+00:00,2023-02-22T14:57:00+00:00,209.1677,208.6324,1.43,-0.77,-0.002559,960000,ScoreExit,0.4188,-0.0766,0.5324,0.4896,0.2393,-0.5600,-0.1179,0.1671,,,
summary,2023-02-22,NVDA,,,,,,,-0.77,,1,,,,,,,,,,0.7270,2023-02-21T14:38:00+00:00,407,1393
summary,2023-02-22,MSFT,,,,,,,0.00,,0,,,,,,,,,,0.8937,2023-02-21T09:55:00+00:00,412,1184
summary,2023-02-23,QQQ,,,,,,,0.00,,0,,,,,,,,,,0.7473,2023-02-21T09:54:00+00:00,901,2455
summary,2023-02-23,AAPL,,,,,,,0.00,,0,,,,,,,,,,0.7332,2023-02-21T09:54:00+00:00,719,2192
summary,2023-02-23,NVDA,,,,,,,0.00,,0,,,,,,,,,,0.8372,2023-02-22T22:14:00+00:00,1214,2319
summary,2023-02-23,MSFT,,,,,,,0.00,,0,,,,,,,,,,0.8937,2023-02-21T09:55:00+00:00,737,1912
summary,2023-02-24,QQQ,,,,,,,0.00,,0,,,,,,,,,,0.6159,2023-02-21T14:41:00+00:00,846,3027
summary,2023-02-24,AAPL,,,,,,,0.00,,0,,,,,,,,,,0.7483,2023-02-21T14:45:00+00:00,727,2686
summary,2023-02-24,MSFT,,,,,,,0.00,,0,,,,,,,,,,0.7489,2023-02-21T14:44:00+00:00,799,2401
summary,2023-02-27,QQQ,,,,,,,0.00,,0,,,,,,,,,,0.5847,2023-02-27T09:03:00+00:00,771,1149
trade,2023-02-27,AAPL,Long,2023-02-27T14:31:00+00:00,2023-02-27T15:37:00+00:00,148.2195,148.2505,2.03,0.06,0.000210,3960000,ScoreExit,0.3572,-0.0555,0.4877,0.2190,0.5901,-0.5214,-0.2809,0.5504,,,
summary,2023-02-27,AAPL,,,,,,,0.06,,1,,,,,,,,,,0.5335,2023-02-27T09:29:00+00:00,578,1062
summary,2023-02-28,SPY,,,,,,,0.00,,0,,,,,,,,,,0.6670,2023-02-27T10:14:00+00:00,513,1481
summary,2023-02-28,QQQ,,,,,,,0.00,,0,,,,,,,,,,0.5529,2023-02-27T10:14:00+00:00,800,1519
summary,2023-02-28,NVDA,,,,,,,0.00,,0,,,,,,,,,,0.6604,2023-02-27T09:35:00+00:00,554,1368
summary,2023-03-01,NVDA,,,,,,,0.00,,0,,,,,,,,,,0.6604,2023-02-27T09:35:00+00:00,554,2246
summary,2023-03-02,QQQ,,,,,,,0.00,,0,,,,,,,,,,0.7161,2023-02-27T15:08:00+00:00,684,3053
summary,2023-03-02,NVDA,,,,,,,0.00,,0,,,,,,,,,,0.8085,2023-02-27T14:57:00+00:00,513,2806
summary,2023-03-03,SPY,,,,,,,0.00,,0,,,,,,,,,,0.6288,2023-02-28T16:02:00+00:00,1391,2996
summary,2023-03-03,QQQ,,,,,,,0.00,,0,,,,,,,,,,0.6356,2023-02-28T14:46:00+00:00,1232,3076
summary,2023-03-03,MSFT,,,,,,,0.00,,0,,,,,,,,,,0.6316,2023-02-28T14:40:00+00:00,1144,2338
trade,2023-03-06,SPY,Long,2023-03-06T15:42:00+00:00,2023-03-06T15:56:00+00:00,407.0171,406.7729,0.74,-0.18,-0.000600,840000,SessionClose,0.4096,0.0491,0.4530,0.3741,0.4662,-0.1893,-0.1198,0.4662,,,
summary,2023-03-06,SPY,,,,,,,-0.18,,1,,,,,,,,,,0.6280,2023-03-03T15:29:00+00:00,959,1161
trade,2023-03-06,QQQ,Long,2023-03-06T15:11:00+00:00,2023-03-06T15:56:00+00:00,301.9356,303.2540,0.99,1.31,0.004367,2700000,SessionClose,0.4255,0.2700,0.4634,0.3504,0.5630,0.1116,0.1499,0.5630,,,
summary,2023-03-06,QQQ,,,,,,,1.31,,1,,,,,,,,,,0.8838,2023-03-03T15:32:00+00:00,960,1159
summary,2023-03-06,AAPL,,,,,,,0.00,,0,,,,,,,,,,0.9982,2023-03-03T14:41:00+00:00,1055,1153
trade,2023-03-06,NVDA,Long,2023-03-06T15:11:00+00:00,2023-03-06T15:56:00+00:00,238.3566,242.2123,1.26,4.85,0.016176,2700000,SessionClose,0.4424,0.5347,0.4865,0.2597,0.7931,0.5203,0.4080,0.7931,,,
trade,2023-03-06,NVDA,Long,2023-03-06T15:58:00+00:00,2023-03-06T15:59:00+00:00,242.5077,241.8324,1.24,-0.84,-0.002785,60000,SessionClose,0.5353,0.4592,0.5257,0.4080,0.7931,-0.2356,0.4080,0.7931,,,
summary,2023-03-06,NVDA,,,,,,,4.02,,2,,,,,,,,,,0.6437,2023-03-03T17:58:00+00:00,788,1098
summary,2023-03-07,SPY,,,,,,,0.00,,0,,,,,,,,,,0.4822,2023-03-06T15:44:00+00:00,389,1444
summary,2023-03-07,NVDA,,,,,,,0.00,,0,,,,,,,,,,0.6758,2023-03-06T15:27:00+00:00,396,1287
summary,2023-03-08,QQQ,,,,,,,0.00,,0,,,,,,,,,,0.6113,2023-03-06T15:41:00+00:00,386,2284
summary,2023-03-08,AAPL,,,,,,,0.00,,0,,,,,,,,,,0.5801,2023-03-06T16:14:00+00:00,512,2160
trade,2023-03-09,QQQ,Long,2023-03-09T15:04:00+00:00,2023-03-09T15:18:00+00:00,300.8952,299.1545,1.00,-1.74,-0.005785,840000,ScoreExit,0.4024,-0.0708,0.5525,0.4164,0.3245,-0.5760,-0.1317,0.2192,,,
summary,2023-03-09,QQQ,,,,,,,-1.74,,1,,,,,,,,,,0.9548,2023-03-06T15:43:00+00:00,343,2903
summary,2023-03-09,AAPL,,,,,,,0.00,,0,,,,,,,,,,0.9554,2023-03-06T15:41:00+00:00,472,2639
summary,2023-03-09,NVDA,,,,,,,0.00,,0,,,,,,,,,,0.9560,2023-03-06T15:44:00+00:00,1120,2639
summary,2023-03-09,MSFT,,,,,,,0.00,,0,,,,,,,,,,0.9553,2023-03-06T15:41:00+00:00,418,2092
summary,2023-03-10,SPY,,,,,,,0.00,,0,,,,,,,,,,0.3806,2023-03-09T14:00:00+00:00,414,3016
summary,2023-03-10,QQQ,,,,,,,0.00,,0,,,,,,,,,,0.6949,2023-03-07T15:36:00+00:00,567,3017
summary,2023-03-10,MSFT,,,,,,,0.00,,0,,,,,,,,,,0.7652,2023-03-07T14:37:00+00:00,395,2197
trade,2023-03-13,QQQ,Long,2023-03-13T13:57:00+00:00,2023-03-13T15:56:00+00:00,290.1020,292.4272,1.03,2.40,0.008015,7140000,SessionClose,0.4155,0.2557,0.6105,0.4099,0.3616,-0.5287,0.1237,0.7810,,,
summary,2023-03-13,QQQ,,,,,,,2.40,,1,,,,,,,,,,0.9571,2023-03-10T15:59:00+00:00,585,1212
trade,2023-03-13,NVDA,Long,2023-03-13T14:34:00+00:00,2023-03-13T14:51:00+00:00,229.8839,227.4018,1.01,-2.50,-0.010798,1020000,ScoreExit,0.4304,-0.0761,0.5839,0.4822,0.2756,-0.4275,-0.0728,0.0344,,,
summary,2023-03-13,NVDA,,,,,,,-2.50,,1,,,,,,,,,,0.9495,2023-03-10T15:56:00+00:00,539,1153
summary,2023-03-14,QQQ,,,,,,,0.00,,0,,,,,,,,,,0.6538,2023-03-13T14:08:00+00:00,1091,1575
trade,2023-03-14,AAPL,Long,2023-03-14T13:36:00+00:00,2023-03-14T15:37:00+00:00,152.0606,153.1091,1.98,2.07,0.006895,7260000,MaxHoldTimeout,0.3831,0.3741,0.5522,0.2506,0.5916,0.3216,0.2887,0.5624,,,
summary,2023-03-14,AAPL,,,,,,,2.07,,1,,,,,,,,,,0.7327,2023-03-13T14:08:00+00:00,928,1460
summary,2023-03-14,NVDA,,,,,,,0.00,,0,,,,,,,,,,0.7589,2023-03-13T08:14:00+00:00,959,1370
summary,2023-03-14,MSFT,,,,,,,0.00,,0,,,,,,,,,,0.6965,2023-03-13T14:33:00+00:00,949,1245
summary,2023-03-15,SPY,,,,,,,0.00,,0,,,,,,,,,,0.6334,2023-03-13T14:07:00+00:00,1263,2503
summary,2023-03-15,NVDA,,,,,,,0.00,,0,,,,,,,,,,0.7589,2023-03-13T08:14:00+00:00,1541,2187
summary,2023-03-15,MSFT,,,,,,,0.00,,0,,,,,,,,,,0.6965,2023-03-13T14:33:00+00:00,1460,1953
trade,2023-03-16,SPY,Long,2023-03-16T14:49:00+00:00,2023-03-16T15:56:00+00:00,390.0820,393.6169,0.77,2.72,0.009062,4020000,SessionClose,0.4027,0.3319,0.5616,0.4200,0.3152,0.4013,0.2761,0.4203,,,
summary,2023-03-16,SPY,,,,,,,2.72,,1,,,,,,,,,,0.9561,2023-03-13T14:56:00+00:00,1840,3086
trade,2023-03-16,QQQ,Long,2023-03-16T14:46:00+00:00,2023-03-16T15:56:00+00:00,300.5651,304.6236,1.00,4.06,0.013503,4200000,SessionClose,0.4477,0.3499,0.5391,0.4446,0.4235,0.2383,0.2593,0.5681,,,
summary,2023-03-16,QQQ,,,,,,,4.06,,1,,,,,,,,,,0.9504,2023-03-13T15:02:00+00:00,2350,3043
summary,2023-03-17,SPY,,,,,,,0.00,,0,,,,,,,,,,0.8789,2023-03-14T14:52:00+00:00,1506,3137
trade,2023-03-17,QQQ,Long,2023-03-17T13:38:00+00:00,2023-03-17T14:16:00+00:00,307.2171,307.6477,0.98,0.42,0.001401,2280000,ScoreExit,0.4016,-0.1054,0.4055,0.4136,0.3761,-0.5428,-0.1953,0.2202,,,
summary,2023-03-17,QQQ,,,,,,,0.42,,1,,,,,,,,,,0.9272,2023-03-14T14:48:00+00:00,2127,3080
trade,2023-03-17,AAPL,Long,2023-03-17T14:01:00+00:00,2023-03-17T14:16:00+00:00,156.0618,155.9182,1.92,-0.28,-0.000920,900000,ScoreExit,0.3573,-0.1159,0.5498,0.4011,0.2056,-0.5566,-0.2032,0.2056,,,
summary,2023-03-17,AAPL,,,,,,,-0.28,,1,,,,,,,,,,0.9315,2023-03-14T13:45:00+00:00,1662,2735
summary,2023-03-17,NVDA,,,,,,,0.00,,0,,,,,,,,,,1.0000,2023-03-14T13:37:00+00:00,2162,2855
trade,2023-03-20,SPY,Long,2023-03-20T14:01:00+00:00,2023-03-20T14:18:00+00:00,392.4427,391.4015,0.76,-0.80,-0.002653,1020000,ScoreExit,0.4259,-0.0627,0.5554,0.3781,0.4784,-0.4097,-0.2056,0.3388,,,
summary,2023-03-20,SPY,,,,,,,-0.80,,1,,,,,,,,,,0.4921,2023-03-17T14:03:00+00:00,496,1223
summary,2023-03-20,NVDA,,,,,,,0.00,,0,,,,,,,,,,1.0000,2023-03-17T13:33:00+00:00,360,1123
summary,2023-03-20,MSFT,,,,,,,0.00,,0,,,,,,,,,,1.0000,2023-03-17T13:37:00+00:00,328,1114
trade,2023-03-21,SPY,Long,2023-03-21T13:31:00+00:00,2023-03-21T14:13:00+00:00,397.7343,397.1358,0.75,-0.45,-0.001505,2520000,ScoreExit,0.4172,-0.0521,0.4292,0.3575,0.5327,-0.2851,-0.2540,0.4295,,,
summary,2023-03-21,SPY,,,,,,,-0.45,,1,,,,,,,,,,0.8715,2023-03-20T09:07:00+00:00,1280,1570
trade,2023-03-21,NVDA,Long,2023-03-21T13:56:00+00:00,2023-03-21T14:06:00+00:00,262.3337,261.6365,1.15,-0.80,-0.002658,600000,ScoreExit,0.4290,-0.0677,0.5387,0.2942,0.6621,-0.4752,-0.1913,0.3154,,,
summary,2023-03-21,NVDA,,,,,,,-0.80,,1,,,,,,,,,,0.9571,2023-03-20T09:38:00+00:00,1101,1385
summary,2023-03-21,MSFT,,,,,,,0.00,,0,,,,,,,,,,0.9219,2023-03-20T09:34:00+00:00,528,1327
summary,2023-03-22,SPY,,,,,,,0.00,,0,,,,,,,,,,0.8715,2023-03-20T09:07:00+00:00,1792,2419
trade,2023-03-22,AAPL,Long,2023-03-22T14:31:00+00:00,2023-03-22T15:56:00+00:00,160.1680,160.2869,1.87,0.22,0.000742,5100000,SessionClose,0.3679,0.3122,0.4443,0.3223,0.4336,0.2178,0.2595,0.4490,,,
summary,2023-03-22,AAPL,,,,,,,0.22,,1,,,,,,,,,,0.9608,2023-03-20T09:32:00+00:00,1704,2189
summary,2023-03-22,NVDA,,,,,,,0.00,,0,,,,,,,,,,0.9571,2023-03-20T09:38:00+00:00,1683,2178
trade,2023-03-22,MSFT,Long,2023-03-22T14:21:00+00:00,2023-03-22T15:56:00+00:00,275.5176,277.8416,1.09,2.53,0.008435,5700000,SessionClose,0.4493,0.2474,0.5659,0.4752,0.3589,-0.3017,0.2356,0.4539,,,
summary,2023-03-22,MSFT,,,,,,,2.53,,1,,,,,,,,,,0.9219,2023-03-20T09:34:00+00:00,963,1956
summary,2023-03-23,SPY,,,,,,,0.00,,0,,,,,,,,,,0.8930,2023-03-20T15:01:00+00:00,1695,3007
trade,2023-03-23,AAPL,Long,2023-03-23T14:06:00+00:00,2023-03-23T15:26:00+00:00,159.8629,160.6868,1.88,1.55,0.005153,4800000,ScoreExit,0.3622,-0.0699,0.1858,0.3682,0.4092,-0.5446,-0.1933,0.3350,,,
summary,2023-03-23,AAPL,,,,,,,1.55,,1,,,,,,,,,,0.9551,2023-03-20T14:57:00+00:00,1938,2745
summary,2023-03-23,NVDA,,,,,,,0.00,,0,,,,,,,,,,0.9534,2023-03-20T15:03:00+00:00,2257,2819
trade,2023-03-23,MSFT,Long,2023-03-23T14:36:00+00:00,2023-03-23T15:56:00+00:00,277.9934,280.7879,1.08,3.02,0.010053,4800000,SessionClose,0.4231,0.1424,0.2258,0.4139,0.5071,0.5696,-0.0929,0.4708,,,
summary,2023-03-23,MSFT,,,,,,,3.02,,1,,,,,,,,,,0.5873,2023-03-20T15:29:00+00:00,1343,2447
summary,2023-03-24,SPY,,,,,,,0.00,,0,,,,,,,,,,0.5899,2023-03-21T19:40:00+00:00,922,3086
summary,2023-03-24,AAPL,,,,,,,0.00,,0,,,,,,,,,,0.5933,2023-03-21T17:33:00+00:00,1386,2764
summary,2023-03-24,NVDA,,,,,,,0.00,,0,,,,,,,,,,0.8874,2023-03-21T13:58:00+00:00,1896,2910
summary,2023-03-24,MSFT,,,,,,,0.00,,0,,,,,,,,,,0.5966,2023-03-21T19:40:00+00:00,1508,2438
summary,2023-03-27,SPY,,,,,,,0.00,,0,,,,,,,,,,0.6749,2023-03-24T15:59:00+00:00,940,1164
summary,2023-03-27,MSFT,,,,,,,0.00,,0,,,,,,,,,,0.9564,2023-03-24T14:56:00+00:00,551,1040
summary,2023-03-28,SPY,,,,,,,0.00,,0,,,,,,,,,,0.4473,2023-03-27T10:47:00+00:00,573,1491
summary,2023-03-28,QQQ,,,,,,,0.00,,0,,,,,,,,,,0.4370,2023-03-27T08:10:00+00:00,265,1448
summary,2023-03-28,AAPL,,,,,,,0.00,,0,,,,,,,,,,0.5024,2023-03-27T08:13:00+00:00,182,1309
summary,2023-03-28,NVDA,,,,,,,0.00,,0,,,,,,,,,,0.6931,2023-03-27T11:07:00+00:00,296,1323
summary,2023-03-28,MSFT,,,,,,,0.00,,0,,,,,,,,,,0.7668,2023-03-27T09:46:00+00:00,173,1162
summary,2023-03-29,SPY,,,,,,,0.00,,0,,,,,,,,,,0.4473,2023-03-27T10:47:00+00:00,1187,2323
summary,2023-03-29,AAPL,,,,,,,0.00,,0,,,,,,,,,,0.5024,2023-03-27T08:13:00+00:00,710,2017
summary,2023-03-29,NVDA,,,,,,,0.00,,0,,,,,,,,,,0.6931,2023-03-27T11:07:00+00:00,869,2096
summary,2023-03-29,MSFT,,,,,,,0.00,,0,,,,,,,,,,0.7668,2023-03-27T09:46:00+00:00,647,1756
summary,2023-03-30,SPY,,,,,,,0.00,,0,,,,,,,,,,0.4438,2023-03-29T08:00:00+00:00,1410,2881
summary,2023-03-30,AAPL,,,,,,,0.00,,0,,,,,,,,,,0.7351,2023-03-27T13:51:00+00:00,1227,2543
summary,2023-03-30,MSFT,,,,,,,0.00,,0,,,,,,,,,,0.6357,2023-03-27T14:07:00+00:00,1096,2246
summary,2023-03-31,SPY,,,,,,,0.00,,0,,,,,,,,,,0.4562,2023-03-28T23:48:00+00:00,2093,2862
trade,2023-03-31,NVDA,Long,2023-03-31T13:41:00+00:00,2023-03-31T15:06:00+00:00,273.5070,274.0528,1.10,0.60,0.001995,5100000,ScoreExit,0.4059,-0.0939,0.4846,0.4120,0.3675,-0.4611,-0.2758,0.3922,,,
summary,2023-03-31,NVDA,,,,,,,0.60,,1,,,,,,,,,,0.6817,2023-03-28T15:13:00+00:00,2068,2662
summary,2023-03-31,MSFT,,,,,,,0.00,,0,,,,,,,,,,0.5910,2023-03-28T20:01:00+00:00,1615,2246
trade,2023-04-03,SPY,Long,2023-04-03T13:47:00+00:00,2023-04-03T14:46:00+00:00,410.0780,410.1619,0.73,0.06,0.000205,3540000,ScoreExit,0.4012,-0.1043,0.5428,0.3648,0.4269,-0.5160,-0.2832,0.3908,,,
summary,2023-04-03,SPY,,,,,,,0.06,,1,,,,,,,,,,0.7627,2023-03-31T14:45:00+00:00,953,1168
summary,2023-04-03,QQQ,,,,,,,0.00,,0,,,,,,,,,,0.8561,2023-03-31T14:45:00+00:00,738,1176
trade,2023-04-03,AAPL,Long,2023-04-03T13:31:00+00:00,2023-04-03T14:47:00+00:00,164.8344,165.1454,1.82,0.57,0.001887,4560000,ScoreExit,0.4868,-0.0560,0.5215,0.4750,0.4989,-0.4889,-0.2528,0.4818,,,
summary,2023-04-03,AAPL,,,,,,,0.57,,1,,,,,,,,,,0.6787,2023-03-31T13:34:00+00:00,842,1084
trade,2023-04-03,NVDA,Long,2023-04-03T13:32:00+00:00,2023-04-03T13:59:00+00:00,276.2879,275.4622,1.09,-0.90,-0.002988,1620000,ScoreExit,0.4371,-0.0501,0.5556,0.4743,0.3233,-0.5451,-0.0575,0.1295,,,
trade,2023-04-03,NVDA,Long,2023-04-03T14:16:00+00:00,2023-04-03T14:52:00+00:00,277.6683,277.1018,1.08,-0.61,-0.002040,2160000,ScoreExit,0.4322,-0.0689,0.4971,0.3546,0.5657,-0.5630,-0.2600,0.4780,,,
summary,2023-04-03,NVDA,,,,,,,-1.51,,2,,,,,,,,,,0.9308,2023-03-31T13:46:00+00:00,731,1059
summary,2023-04-04,SPY,,,,,,,0.00,,0,,,,,,,,,,0.4522,2023-04-03T14:22:00+00:00,629,1494
summary,2023-04-04,AAPL,,,,,,,0.00,,0,,,,,,,,,,0.6576,2023-04-03T13:36:00+00:00,700,1309
summary,2023-04-04,NVDA,,,,,,,0.00,,0,,,,,,,,,,0.6525,2023-04-03T14:25:00+00:00,721,1369
trade,2023-04-04,MSFT,Long,2023-04-04T13:51:00+00:00,2023-04-04T15:06:00+00:00,288.7416,288.8183,1.04,0.08,0.000266,4500000,ScoreExit,0.4341,-0.0694,0.5842,0.4141,0.4242,-0.1731,-0.3045,0.4355,,,
summary,2023-04-04,MSFT,,,,,,,0.08,,1,,,,,,,,,,0.6151,2023-04-03T08:00:00+00:00,608,1193
summary,2023-04-05,SPY,,,,,,,0.00,,0,,,,,,,,,,0.4522,2023-04-03T14:22:00+00:00,785,2322
summary,2023-04-05,NVDA,,,,,,,0.00,,0,,,,,,,,,,0.6525,2023-04-03T14:25:00+00:00,750,2190
summary,2023-04-05,MSFT,,,,,,,0.00,,0,,,,,,,,,,0.6151,2023-04-03T08:00:00+00:00,700,1783
summary,2023-04-06,SPY,,,,,,,0.00,,0,,,,,,,,,,0.5467,2023-04-03T14:22:00+00:00,1000,2854
summary,2023-04-06,QQQ,,,,,,,0.00,,0,,,,,,,,,,0.5191,2023-04-03T13:39:00+00:00,1085,2899
summary,2023-04-06,MSFT,,,,,,,0.00,,0,,,,,,,,,,0.8461,2023-04-03T13:50:00+00:00,901,2217
summary,2023-04-07,QQQ,,,,,,,0.00,,0,,,,,,,,,,0.5929,2023-04-04T14:01:00+00:00,411,2204
summary,2023-04-07,NVDA,,,,,,,0.00,,0,,,,,,,,,,0.7053,2023-04-04T14:35:00+00:00,431,2154
summary,2023-04-10,MSFT,,,,,,,0.00,,0,,,,,,,,,,0.7648,2023-04-10T10:31:00+00:00,292,525
summary,2023-04-11,QQQ,,,,,,,0.00,,0,,,,,,,,,,0.7431,2023-04-10T09:20:00+00:00,933,1461
summary,2023-04-11,AAPL,,,,,,,0.00,,0,,,,,,,,,,0.5410,2023-04-10T18:16:00+00:00,672,1286
summary,2023-04-11,NVDA,,,,,,,0.00,,0,,,,,,,,,,0.6960,2023-04-10T14:40:00+00:00,933,1347
summary,2023-04-11,MSFT,,,,,,,0.00,,0,,,,,,,,,,0.7648,2023-04-10T10:31:00+00:00,376,1218
summary,2023-04-12,SPY,,,,,,,0.00,,0,,,,,,,,,,0.7051,2023-04-10T09:41:00+00:00,1394,2206
summary,2023-04-12,AAPL,,,,,,,0.00,,0,,,,,,,,,,0.5410,2023-04-10T18:16:00+00:00,910,1975
summary,2023-04-12,NVDA,,,,,,,0.00,,0,,,,,,,,,,0.6960,2023-04-10T14:40:00+00:00,1007,2032
trade,2023-04-13,AAPL,Long,2023-04-13T13:31:00+00:00,2023-04-13T15:32:00+00:00,161.7693,163.3710,1.85,2.97,0.009901,7260000,MaxHoldTimeout,0.3998,0.0986,0.5352,0.3734,0.4073,0.3799,-0.1280,0.4581,,,
summary,2023-04-13,AAPL,,,,,,,2.97,,1,,,,,,,,,,0.5787,2023-04-10T15:44:00+00:00,1532,2503
trade,2023-04-14,AAPL,Long,2023-04-14T13:31:00+00:00,2023-04-14T14:21:00+00:00,165.0445,165.2554,1.82,0.38,0.001278,3000000,ScoreExit,0.4031,-0.0991,0.4956,0.3823,0.4137,-0.4744,-0.2463,0.3204,,,
summary,2023-04-14,AAPL,,,,,,,0.38,,1,,,,,,,,,,0.4976,2023-04-11T17:59:00+00:00,1440,2536
trade,2023-04-14,NVDA,Long,2023-04-14T13:51:00+00:00,2023-04-14T15:07:00+00:00,267.7053,266.2710,1.12,-1.61,-0.005358,4560000,MaxHoldTimeout,0.4021,0.0000,0.5637,0.5108,0.1306,0.5464,0.1309,-0.0957,,,
summary,2023-04-14,NVDA,,,,,,,-1.61,,1,,,,,,,,,,0.5950,2023-04-12T12:30:00+00:00,478,2602
summary,2023-04-14,MSFT,,,,,,,0.00,,0,,,,,,,,,,0.5482,2023-04-12T12:32:00+00:00,1208,2271
summary,2023-04-17,QQQ,,,,,,,0.00,,0,,,,,,,,,,0.7414,2023-04-14T13:56:00+00:00,519,1128
summary,2023-04-17,AAPL,,,,,,,0.00,,0,,,,,,,,,,0.9272,2023-04-14T13:46:00+00:00,374,1048
trade,2023-04-17,NVDA,Long,2023-04-17T13:37:00+00:00,2023-04-17T14:43:00+00:00,266.8150,266.3092,1.12,-0.57,-0.001896,3960000,ScoreExit,0.4828,-0.0588,0.5677,0.4331,0.5538,-0.5628,-0.2147,0.4208,,,
summary,2023-04-17,NVDA,,,,,,,-0.57,,1,,,,,,,,,,1.0000,2023-04-14T13:38:00+00:00,655,1050
summary,2023-04-17,MSFT,,,,,,,0.00,,0,,,,,,,,,,0.6623,2023-04-14T14:04:00+00:00,536,1042
summary,2023-04-18,QQQ,,,,,,,0.00,,0,,,,,,,,,,0.4262,2023-04-18T08:11:00+00:00,721,1477
trade,2023-04-18,AAPL,Long,2023-04-18T13:46:00+00:00,2023-04-18T14:31:00+00:00,166.5525,165.8652,1.80,-1.24,-0.004127,2700000,ScoreExit,0.4424,-0.1577,0.4612,0.4063,0.5083,-0.5564,-0.3354,0.3307,,,
summary,2023-04-18,AAPL,,,,,,,-1.24,,1,,,,,,,,,,0.6122,2023-04-17T11:04:00+00:00,744,1292
trade,2023-04-18,NVDA,Long,2023-04-18T13:36:00+00:00,2023-04-18T15:37:00+00:00,277.6783,278.3972,1.08,0.78,0.002589,7260000,MaxHoldTimeout,0.5687,0.0018,0.5463,0.4922,0.7290,-0.3809,-0.2872,0.7074,,,
summary,2023-04-18,NVDA,,,,,,,0.78,,1,,,,,,,,,,0.6343,2023-04-18T13:49:00+00:00,930,1375
summary,2023-04-18,MSFT,,,,,,,0.00,,0,,,,,,,,,,0.7511,2023-04-17T10:52:00+00:00,517,1225
summary,2023-04-19,QQQ,,,,,,,0.00,,0,,,,,,,,,,0.4262,2023-04-18T08:11:00+00:00,1065,2337
trade,2023-04-19,NVDA,Long,2023-04-19T13:36:00+00:00,2023-04-19T14:46:00+00:00,275.9978,276.3621,1.09,0.40,0.001320,4200000,ScoreExit,0.4258,-0.0527,0.6066,0.4814,0.2544,-0.5159,-0.1588,0.3139,,,
summary,2023-04-19,NVDA,,,,,,,0.40,,1,,,,,,,,,,0.6343,2023-04-18T13:49:00+00:00,1473,2136
trade,2023-04-20,AAPL,Long,2023-04-20T13:33:00+00:00,2023-04-20T14:36:00+00:00,166.8050,166.9399,1.80,0.24,0.000809,3780000,ScoreExit,0.3617,-0.1049,0.5051,0.4157,0.2060,-0.4524,-0.2160,0.2331,,,
summary,2023-04-20,AAPL,,,,,,,0.24,,1,,,,,,,,,,0.6235,2023-04-17T13:37:00+00:00,1538,2598
summary,2023-04-20,MSFT,,,,,,,0.00,,0,,,,,,,,,,0.9519,2023-04-17T13:36:00+00:00,704,2232
summary,2023-04-21,SPY,,,,,,,0.00,,0,,,,,,,,,,0.3213,2023-04-19T17:12:00+00:00,578,2898
summary,2023-04-21,QQQ,,,,,,,0.00,,0,,,,,,,,,,0.3658,2023-04-18T13:48:00+00:00,514,2941
summary,2023-04-21,AAPL,,,,,,,0.00,,0,,,,,,,,,,0.8949,2023-04-18T13:49:00+00:00,974,2625
summary,2023-04-21,NVDA,,,,,,,0.00,,0,,,,,,,,,,1.0000,2023-04-18T13:36:00+00:00,648,2697
summary,2023-04-21,MSFT,,,,,,,0.00,,0,,,,,,,,,,0.3958,2023-04-19T16:33:00+00:00,458,2219
summary,2023-04-24,SPY,,,,,,,0.00,,0,,,,,,,,,,0.4131,2023-04-21T14:27:00+00:00,612,1105
trade,2023-04-24,QQQ,Long,2023-04-24T13:41:00+00:00,2023-04-24T14:01:00+00:00,317.6603,316.7000,0.94,-0.91,-0.003023,1200000,ScoreExit,0.4016,-0.1148,0.5362,0.3631,0.4337,-0.5458,-0.1945,0.1883,,,
summary,2023-04-24,QQQ,,,,,,,-0.91,,1,,,,,,,,,,0.6485,2023-04-21T15:03:00+00:00,592,1134
trade,2023-04-24,AAPL,Long,2023-04-24T13:41:00+00:00,2023-04-24T14:31:00+00:00,165.3246,165.2053,1.81,-0.22,-0.000721,3000000,ScoreExit,0.3564,-0.0809,0.5531,0.3783,0.2469,-0.2861,-0.1604,0.1466,,,
summary,2023-04-24,AAPL,,,,,,,-0.22,,1,,,,,,,,,,0.9578,2023-04-21T13:40:00+00:00,281,1029
trade,2023-04-24,NVDA,Long,2023-04-24T13:31:00+00:00,2023-04-24T14:06:00+00:00,271.5264,270.8620,1.10,-0.73,-0.002447,2100000,ScoreExit,0.4979,-0.0506,0.5384,0.4362,0.6078,-0.5496,-0.1251,0.2648,,,
summary,2023-04-24,NVDA,,,,,,,-0.73,,1,,,,,,,,,,0.8925,2023-04-21T14:26:00+00:00,597,987
summary,2023-04-24,MSFT,,,,,,,0.00,,0,,,,,,,,,,0.7543,2023-04-21T13:38:00+00:00,372,949
summary,2023-04-25,SPY,,,,,,,0.00,,0,,,,,,,,,,0.7582,2023-04-24T09:34:00+00:00,484,1440
summary,2023-04-25,QQQ,,,,,,,0.00,,0,,,,,,,,,,0.7906,2023-04-24T09:34:00+00:00,439,1503
summary,2023-04-25,AAPL,,,,,,,0.00,,0,,,,,,,,,,0.6307,2023-04-24T09:29:00+00:00,496,1253
summary,2023-04-25,NVDA,,,,,,,0.00,,0,,,,,,,,,,0.7994,2023-04-24T09:25:00+00:00,374,1184
summary,2023-04-25,MSFT,,,,,,,0.00,,0,,,,,,,,,,0.7248,2023-04-24T09:22:00+00:00,213,1134
summary,2023-04-26,SPY,,,,,,,0.00,,0,,,,,,,,,,0.7582,2023-04-24T09:34:00+00:00,484,2336
summary,2023-04-26,QQQ,,,,,,,0.00,,0,,,,,,,,,,0.7906,2023-04-24T09:34:00+00:00,781,2439
summary,2023-04-26,AAPL,,,,,,,0.00,,0,,,,,,,,,,0.6307,2023-04-24T09:29:00+00:00,613,2107
trade,2023-04-26,NVDA,Long,2023-04-26T14:34:00+00:00,2023-04-26T15:56:00+00:00,270.9838,272.3833,1.11,1.55,0.005164,4920000,SessionClose,0.4015,0.2489,0.5838,0.3757,0.3924,-0.3592,0.2227,0.5041,,,
summary,2023-04-26,NVDA,,,,,,,1.55,,1,,,,,,,,,,0.7994,2023-04-24T09:25:00+00:00,882,2022
trade,2023-04-26,MSFT,Long,2023-04-26T14:31:00+00:00,2023-04-26T15:56:00+00:00,295.5136,297.8856,1.02,2.41,0.008027,5100000,SessionClose,0.4001,0.4889,0.4653,0.3069,0.5647,0.4454,0.4253,0.6307,,,
summary,2023-04-26,MSFT,,,,,,,2.41,,1,,,,,,,,,,0.7629,2023-04-25T20:03:00+00:00,1004,2071
trade,2023-04-27,AAPL,Long,2023-04-27T13:31:00+00:00,2023-04-27T15:32:00+00:00,165.9247,166.5900,1.81,1.20,0.004010,7260000,MaxHoldTimeout,0.3797,0.1734,0.5338,0.3978,0.2922,-0.1165,0.1131,0.3908,,,
summary,2023-04-27,AAPL,,,,,,,1.20,,1,,,,,,,,,,0.6142,2023-04-24T13:40:00+00:00,1189,2681
summary,2023-04-27,NVDA,,,,,,,0.00,,0,,,,,,,,,,0.9771,2023-04-24T13:41:00+00:00,1364,2628
trade,2023-04-28,NVDA,Long,2023-04-28T14:11:00+00:00,2023-04-28T14:56:00+00:00,274.1972,273.5429,1.10,-0.72,-0.002386,2700000,ScoreExit,0.4147,-0.0873,0.5863,0.4303,0.3262,-0.4722,-0.2299,0.3262,,,
summary,2023-04-28,NVDA,,,,,,,-0.72,,1,,,,,,,,,,0.6928,2023-04-25T22:13:00+00:00,1765,2704
summary,2023-05-01,SPY,,,,,,,0.00,,0,,,,,,,,,,0.8296,2023-04-28T14:53:00+00:00,854,1132
summary,2023-05-01,QQQ,,,,,,,0.00,,0,,,,,,,,,,0.8411,2023-04-28T14:29:00+00:00,839,1130
trade,2023-05-01,AAPL,Long,2023-05-01T13:41:00+00:00,2023-05-01T14:20:00+00:00,169.7034,169.3242,1.77,-0.67,-0.002235,2340000,ScoreExit,0.3862,-0.0730,0.3956,0.3838,0.3878,-0.4511,-0.1811,0.2690,,,
summary,2023-05-01,AAPL,,,,,,,-0.67,,1,,,,,,,,,,0.8899,2023-04-28T14:15:00+00:00,618,1077
trade,2023-05-01,MSFT,Long,2023-05-01T13:39:00+00:00,2023-05-01T14:02:00+00:00,307.7886,306.9929,0.97,-0.78,-0.002585,1380000,ScoreExit,0.4288,-0.0528,0.4494,0.3971,0.4853,-0.5260,-0.1507,0.3006,,,
summary,2023-05-01,MSFT,,,,,,,-0.78,,1,,,,,,,,,,0.9620,2023-04-28T13:39:00+00:00,432,961
summary,2023-05-02,SPY,,,,,,,0.00,,0,,,,,,,,,,0.6176,2023-05-01T09:21:00+00:00,233,1436
summary,2023-05-02,QQQ,,,,,,,0.00,,0,,,,,,,,,,0.7337,2023-05-01T09:22:00+00:00,444,1418
summary,2023-05-02,NVDA,,,,,,,0.00,,0,,,,,,,,,,0.8047,2023-05-01T11:06:00+00:00,819,1308
summary,2023-05-02,MSFT,,,,,,,0.00,,0,,,,,,,,,,0.4947,2023-05-01T12:02:00+00:00,423,1064
trade,2023-05-03,AAPL,Long,2023-05-03T13:31:00+00:00,2023-05-03T14:30:00+00:00,169.7959,170.0240,1.77,0.40,0.001343,3540000,ScoreExit,0.4003,-0.1048,0.5334,0.4351,0.2863,-0.5273,-0.1825,0.1915,,,
summary,2023-05-03,AAPL,,,,,,,0.40,,1,,,,,,,,,,0.6346,2023-05-01T09:21:00+00:00,896,2021
summary,2023-05-04,AAPL,,,,,,,0.00,,0,,,,,,,,,,0.5779,2023-05-01T13:41:00+00:00,729,2716
summary,2023-05-04,MSFT,,,,,,,0.00,,0,,,,,,,,,,0.6940,2023-05-01T13:50:00+00:00,784,2282
summary,2023-05-05,SPY,,,,,,,0.00,,0,,,,,,,,,,0.4385,2023-05-02T19:12:00+00:00,991,2944
summary,2023-05-05,AAPL,,,,,,,0.00,,0,,,,,,,,,,0.6648,2023-05-05T13:36:00+00:00,1312,2915
trade,2023-05-05,NVDA,Long,2023-05-05T13:50:00+00:00,2023-05-05T15:51:00+00:00,280.0390,284.1897,1.07,4.45,0.014822,7260000,MaxHoldTimeout,0.4185,0.0768,0.5724,0.4376,0.3289,0.3184,-0.1966,0.5428,,,
summary,2023-05-05,NVDA,,,,,,,4.45,,1,,,,,,,,,,0.8227,2023-05-02T13:33:00+00:00,542,2578
summary,2023-05-08,SPY,,,,,,,0.00,,0,,,,,,,,,,0.8403,2023-05-05T14:40:00+00:00,799,1103
trade,2023-05-08,NVDA,Long,2023-05-08T14:43:00+00:00,2023-05-08T15:56:00+00:00,285.6616,288.7084,1.05,3.20,0.010666,4380000,SessionClose,0.4011,0.3603,0.5685,0.3295,0.4887,-0.3448,0.3333,0.6494,,,
summary,2023-05-08,NVDA,,,,,,,3.20,,1,,,,,,,,,,0.9572,2023-05-05T14:41:00+00:00,939,1006
summary,2023-05-09,SPY,,,,,,,0.00,,0,,,,,,,,,,0.6433,2023-05-08T09:42:00+00:00,582,1378
summary,2023-05-09,QQQ,,,,,,,0.00,,0,,,,,,,,,,0.5105,2023-05-08T17:39:00+00:00,652,1402
summary,2023-05-09,NVDA,,,,,,,0.00,,0,,,,,,,,,,0.6418,2023-05-08T15:09:00+00:00,599,1215
trade,2023-05-09,MSFT,Long,2023-05-09T13:35:00+00:00,2023-05-09T14:20:00+00:00,308.8926,308.2425,0.97,-0.63,-0.002105,2700000,ScoreExit,0.4000,-0.0517,0.5193,0.4143,0.3319,-0.5602,-0.0939,0.2024,,,
summary,2023-05-09,MSFT,,,,,,,-0.63,,1,,,,,,,,,,0.4568,2023-05-09T13:49:00+00:00,301,1057
summary,2023-05-10,SPY,,,,,,,0.00,,0,,,,,,,,,,0.6433,2023-05-08T09:42:00+00:00,818,2183
summary,2023-05-10,AAPL,,,,,,,0.00,,0,,,,,,,,,,0.5845,2023-05-08T14:19:00+00:00,738,1983
summary,2023-05-10,MSFT,,,,,,,0.00,,0,,,,,,,,,,0.4568,2023-05-09T13:49:00+00:00,718,1657
summary,2023-05-11,NVDA,,,,,,,0.00,,0,,,,,,,,,,0.9583,2023-05-08T14:48:00+00:00,1156,2431
summary,2023-05-11,MSFT,,,,,,,0.00,,0,,,,,,,,,,0.4781,2023-05-09T13:49:00+00:00,1176,2188
summary,2023-05-12,QQQ,,,,,,,0.00,,0,,,,,,,,,,0.4967,2023-05-10T12:49:00+00:00,1447,2796
summary,2023-05-12,AAPL,,,,,,,0.00,,0,,,,,,,,,,0.4595,2023-05-10T13:14:00+00:00,1041,2477
summary,2023-05-12,NVDA,,,,,,,0.00,,0,,,,,,,,,,0.5849,2023-05-10T12:49:00+00:00,787,2426
summary,2023-05-15,SPY,,,,,,,0.00,,0,,,,,,,,,,0.5917,2023-05-15T08:11:00+00:00,498,1125
summary,2023-05-15,QQQ,,,,,,,0.00,,0,,,,,,,,,,0.5194,2023-05-15T08:15:00+00:00,513,1133
summary,2023-05-15,AAPL,,,,,,,0.00,,0,,,,,,,,,,0.4627,2023-05-15T08:00:00+00:00,319,1055
summary,2023-05-15,NVDA,,,,,,,0.00,,0,,,,,,,,,,0.9343,2023-05-12T13:34:00+00:00,479,974
summary,2023-05-15,MSFT,,,,,,,0.00,,0,,,,,,,,,,0.5537,2023-05-15T08:35:00+00:00,430,930
trade,2023-05-16,QQQ,Long,2023-05-16T13:44:00+00:00,2023-05-16T15:45:00+00:00,327.6733,327.9366,0.92,0.24,0.000804,7260000,MaxHoldTimeout,0.4039,0.1787,0.5378,0.3953,0.3765,0.3215,0.0126,0.4635,,,
summary,2023-05-16,QQQ,,,,,,,0.24,,1,,,,,,,,,,0.5482,2023-05-15T09:30:00+00:00,891,1426
trade,2023-05-16,AAPL,Long,2023-05-16T13:31:00+00:00,2023-05-16T14:32:00+00:00,172.2667,172.2033,1.74,-0.11,-0.000368,3660000,ScoreExit,0.3577,-0.1314,0.5446,0.3823,0.2462,-0.3892,-0.2529,0.1976,,,
summary,2023-05-16,AAPL,,,,,,,-0.11,,1,,,,,,,,,,0.4915,2023-05-15T11:23:00+00:00,569,1215
summary,2023-05-17,SPY,,,,,,,0.00,,0,,,,,,,,,,0.4782,2023-05-15T17:09:00+00:00,1330,2260
summary,2023-05-17,AAPL,,,,,,,0.00,,0,,,,,,,,,,0.4915,2023-05-15T11:23:00+00:00,808,1928
trade,2023-05-18,QQQ,Long,2023-05-18T14:06:00+00:00,2023-05-18T15:56:00+00:00,333.0649,336.2441,0.90,2.86,0.009545,6600000,SessionClose,0.4130,0.1201,0.4386,0.3974,0.4356,0.5145,-0.1156,0.4601,,,
summary,2023-05-18,QQQ,,,,,,,2.86,,1,,,,,,,,,,0.6213,2023-05-15T14:54:00+00:00,2071,2765
summary,2023-05-19,SPY,,,,,,,0.00,,0,,,,,,,,,,0.4449,2023-05-17T17:01:00+00:00,1842,2895
summary,2023-05-19,QQQ,,,,,,,0.00,,0,,,,,,,,,,0.7857,2023-05-16T14:56:00+00:00,2073,2867
summary,2023-05-19,AAPL,,,,,,,0.00,,0,,,,,,,,,,0.5786,2023-05-16T13:46:00+00:00,1420,2584
summary,2023-05-22,SPY,,,,,,,0.00,,0,,,,,,,,,,0.3807,2023-05-19T13:38:00+00:00,337,1109
trade,2023-05-22,QQQ,Long,2023-05-22T13:43:00+00:00,2023-05-22T14:08:00+00:00,338.0664,337.3288,0.89,-0.65,-0.002182,1500000,ScoreExit,0.4010,-0.0931,0.5353,0.3669,0.4244,-0.5684,-0.2006,0.2803,,,
summary,2023-05-22,QQQ,,,,,,,-0.65,,1,,,,,,,,,,0.4606,2023-05-19T13:41:00+00:00,418,1119
summary,2023-05-22,AAPL,,,,,,,0.00,,0,,,,,,,,,,0.4407,2023-05-19T14:39:00+00:00,107,1092
trade,2023-05-22,NVDA,Long,2023-05-22T13:53:00+00:00,2023-05-22T15:35:00+00:00,312.2837,312.5740,0.96,0.28,0.000930,6120000,ScoreExit,0.4414,-0.0731,0.5958,0.4603,0.3521,-0.5381,-0.2338,0.4035,,,
summary,2023-05-22,NVDA,,,,,,,0.28,,1,,,,,,,,,,0.7570,2023-05-19T16:17:00+00:00,431,1127
trade,2023-05-22,MSFT,Long,2023-05-22T13:34:00+00:00,2023-05-22T15:35:00+00:00,319.1607,321.2686,0.94,1.98,0.006604,7260000,MaxHoldTimeout,0.4080,0.0069,0.5093,0.3687,0.4528,-0.4674,-0.1695,0.5179,,,
summary,2023-05-22,MSFT,,,,,,,1.98,,1,,,,,,,,,,0.6783,2023-05-19T13:38:00+00:00,655,972
summary,2023-05-23,QQQ,,,,,,,0.00,,0,,,,,,,,,,0.4995,2023-05-22T13:52:00+00:00,559,1467
summary,2023-05-23,AAPL,,,,,,,0.00,,0,,,,,,,,,,0.5071,2023-05-22T13:38:00+00:00,372,1350
summary,2023-05-23,NVDA,,,,,,,0.00,,0,,,,,,,,,,0.7017,2023-05-22T14:20:00+00:00,646,1378
trade,2023-05-24,AAPL,Long,2023-05-24T13:34:00+00:00,2023-05-24T14:50:00+00:00,171.7769,171.3036,1.75,-0.83,-0.002755,4560000,MaxHoldTimeout,0.3540,0.0000,0.5892,0.4609,0.0617,-0.0679,-0.0825,-0.0221,,,
summary,2023-05-24,AAPL,,,,,,,-0.83,,1,,,,,,,,,,0.5071,2023-05-22T13:38:00+00:00,443,2118
summary,2023-05-24,NVDA,,,,,,,0.00,,0,,,,,,,,,,0.7017,2023-05-22T14:20:00+00:00,702,2179
summary,2023-05-24,MSFT,,,,,,,0.00,,0,,,,,,,,,,0.6318,2023-05-22T13:48:00+00:00,524,1853
summary,2023-05-25,NVDA,,,,,,,0.00,,0,,,,,,,,,,0.9005,2023-05-22T13:56:00+00:00,1267,2886
trade,2023-05-26,SPY,Long,2023-05-26T14:08:00+00:00,2023-05-26T15:21:00+00:00,417.6002,418.4585,0.72,0.62,0.002055,4380000,ScoreExit,0.4129,-0.0520,0.4450,0.4027,0.4226,-0.4272,-0.2111,0.3914,,,
summary,2023-05-26,SPY,,,,,,,0.62,,1,,,,,,,,,,0.4345,2023-05-26T14:29:00+00:00,1298,2935
trade,2023-05-26,MSFT,Long,2023-05-26T13:31:00+00:00,2023-05-26T15:32:00+00:00,325.4426,331.3956,0.92,5.49,0.018292,7260000,MaxHoldTimeout,0.4376,0.3116,0.5151,0.4024,0.4821,0.1310,0.1801,0.6348,,,
summary,2023-05-26,MSFT,,,,,,,5.49,,1,,,,,,,,,,0.8563,2023-05-23T13:32:00+00:00,1350,2563
summary,2023-05-29,SPY,,,,,,,0.00,,0,,,,,,,,,,0.9509,2023-05-26T14:41:00+00:00,455,499
summary,2023-05-29,NVDA,,,,,,,0.00,,0,,,,,,,,,,0.9613,2023-05-26T14:48:00+00:00,493,502
summary,2023-05-30,SPY,,,,,,,0.00,,0,,,,,,,,,,0.7245,2023-05-30T09:20:00+00:00,230,675
trade,2023-05-30,AAPL,Long,2023-05-30T13:34:00+00:00,2023-05-30T13:47:00+00:00,177.7533,177.7017,1.69,-0.09,-0.000290,780000,ScoreExit,0.3928,-0.0948,0.5176,0.2144,0.7082,-0.4087,-0.1722,0.1645,,,
summary,2023-05-30,AAPL,,,,,,,-0.09,,1,,,,,,,,,,0.8343,2023-05-30T09:20:00+00:00,386,676
trade,2023-05-30,NVDA,Long,2023-05-30T13:37:00+00:00,2023-05-30T14:27:00+00:00,406.4869,410.1219,0.52,1.88,0.008943,3000000,ScoreExit,0.4729,-0.0732,0.3987,0.4085,0.6263,-0.2833,-0.1727,0.1957,,,
summary,2023-05-30,NVDA,,,,,,,1.88,,1,,,,,,,,,,1.0000,2023-05-30T08:04:00+00:00,383,700
summary,2023-05-30,MSFT,,,,,,,0.00,,0,,,,,,,,,,0.6955,2023-05-30T08:37:00+00:00,204,635
summary,2023-05-31,SPY,,,,,,,0.00,,0,,,,,,,,,,0.7245,2023-05-30T09:20:00+00:00,437,1481
summary,2023-05-31,QQQ,,,,,,,0.00,,0,,,,,,,,,,0.7835,2023-05-30T09:20:00+00:00,367,1572
summary,2023-05-31,AAPL,,,,,,,0.00,,0,,,,,,,,,,0.8343,2023-05-30T09:20:00+00:00,886,1408
trade,2023-05-31,MSFT,Long,2023-05-31T13:32:00+00:00,2023-05-31T14:11:00+00:00,333.2950,333.5449,0.90,0.22,0.000750,2340000,ScoreExit,0.4010,-0.1495,0.5564,0.3712,0.4087,-0.5341,-0.2773,0.2342,,,
summary,2023-05-31,MSFT,,,,,,,0.22,,1,,,,,,,,,,0.6955,2023-05-30T08:37:00+00:00,396,1310
summary,2023-06-01,SPY,,,,,,,0.00,,0,,,,,,,,,,0.7245,2023-05-30T09:20:00+00:00,838,2307
trade,2023-06-01,NVDA,Long,2023-06-01T13:37:00+00:00,2023-06-01T14:21:00+00:00,386.7970,388.1885,0.76,1.06,0.003598,2640000,ScoreExit,0.4124,-0.1416,0.3046,0.5253,0.2227,-0.4931,-0.2442,0.1807,,,
summary,2023-06-01,NVDA,,,,,,,1.06,,1,,,,,,,,,,1.0000,2023-05-30T08:04:00+00:00,945,2447
summary,2023-06-01,MSFT,,,,,,,0.00,,0,,,,,,,,,,0.6955,2023-05-30T08:37:00+00:00,651,1934
summary,2023-06-02,SPY,,,,,,,0.00,,0,,,,,,,,,,0.4081,2023-06-02T15:03:00+00:00,1313,2863
summary,2023-06-02,AAPL,,,,,,,0.00,,0,,,,,,,,,,1.0000,2023-05-30T13:37:00+00:00,1681,2736
trade,2023-06-05,QQQ,Long,2023-06-05T13:41:00+00:00,2023-06-05T13:53:00+00:00,355.8817,354.8485,0.84,-0.87,-0.002903,720000,ScoreExit,0.4093,-0.0759,0.5500,0.4057,0.3698,-0.5537,-0.1383,0.2082,,,
trade,2023-06-05,QQQ,Long,2023-06-05T14:56:00+00:00,2023-06-05T15:56:00+00:00,356.8670,357.0380,0.84,0.14,0.000479,3600000,SessionClose,0.4070,0.1212,0.5331,0.3351,0.5089,0.4486,-0.1111,0.4767,,,
summary,2023-06-05,QQQ,,,,,,,-0.73,,2,,,,,,,,,,0.8186,2023-06-02T15:03:00+00:00,785,1177
trade,2023-06-05,MSFT,Long,2023-06-05T13:32:00+00:00,2023-06-05T13:51:00+00:00,336.6559,335.5293,0.89,-1.00,-0.003346,1140000,ScoreExit,0.4560,-0.0607,0.5782,0.4425,0.4425,-0.5451,-0.1428,0.2648,,,
trade,2023-06-05,MSFT,Long,2023-06-05T14:53:00+00:00,2023-06-05T15:56:00+00:00,337.3962,338.3535,0.89,0.85,0.002837,3780000,SessionClose,0.4194,0.2098,0.5364,0.3234,0.5724,0.3670,0.0086,0.5599,,,
summary,2023-06-05,MSFT,,,,,,,-0.15,,2,,,,,,,,,,1.0000,2023-06-02T13:39:00+00:00,556,982
summary,2023-06-06,SPY,,,,,,,0.00,,0,,,,,,,,,,0.3838,2023-06-05T11:04:00+00:00,578,1369
summary,2023-06-06,QQQ,,,,,,,0.00,,0,,,,,,,,,,0.4990,2023-06-05T13:43:00+00:00,645,1420
summary,2023-06-06,AAPL,,,,,,,0.00,,0,,,,,,,,,,0.7594,2023-06-05T09:32:00+00:00,608,1533
summary,2023-06-06,NVDA,,,,,,,0.00,,0,,,,,,,,,,0.7144,2023-06-05T13:40:00+00:00,580,1357
summary,2023-06-06,MSFT,,,,,,,0.00,,0,,,,,,,,,,0.5790,2023-06-05T15:38:00+00:00,397,1087
summary,2023-06-07,SPY,,,,,,,0.00,,0,,,,,,,,,,0.3838,2023-06-05T11:04:00+00:00,854,2155
summary,2023-06-07,QQQ,,,,,,,0.00,,0,,,,,,,,,,0.4990,2023-06-05T13:43:00+00:00,773,2235
trade,2023-06-07,AAPL,Long,2023-06-07T13:35:00+00:00,2023-06-07T14:51:00+00:00,180.3982,178.9713,1.66,-2.37,-0.007910,4560000,MaxHoldTimeout,0.3548,0.0000,0.5847,0.4521,0.0835,-0.1747,-0.3851,-0.1298,,,
summary,2023-06-07,AAPL,,,,,,,-2.37,,1,,,,,,,,,,0.7594,2023-06-05T09:32:00+00:00,647,2305
trade,2023-06-07,NVDA,Long,2023-06-07T13:31:00+00:00,2023-06-07T14:16:00+00:00,391.4347,390.6978,0.77,-0.57,-0.001883,2700000,ScoreExit,0.5295,-0.1578,0.5766,0.5749,0.4229,-0.5589,-0.1816,0.0234,,,
summary,2023-06-07,NVDA,,,,,,,-0.57,,1,,,,,,,,,,0.7144,2023-06-05T13:40:00+00:00,741,2117
summary,2023-06-07,MSFT,,,,,,,0.00,,0,,,,,,,,,,0.5790,2023-06-05T15:38:00+00:00,397,1668
summary,2023-06-08,SPY,,,,,,,0.00,,0,,,,,,,,,,0.4971,2023-06-05T14:52:00+00:00,928,2733
summary,2023-06-08,NVDA,,,,,,,0.00,,0,,,,,,,,,,1.0000,2023-06-05T13:40:00+00:00,902,2686
trade,2023-06-09,QQQ,Long,2023-06-09T13:51:00+00:00,2023-06-09T14:36:00+00:00,356.5319,356.5980,0.84,0.06,0.000185,2700000,ScoreExit,0.4060,-0.0519,0.3443,0.4448,0.3492,-0.5272,-0.1414,0.2854,,,
summary,2023-06-09,QQQ,,,,,,,0.06,,1,,,,,,,,,,0.8617,2023-06-06T14:49:00+00:00,1381,2888
summary,2023-06-09,NVDA,,,,,,,0.00,,0,,,,,,,,,,0.8786,2023-06-06T13:53:00+00:00,1289,2787
trade,2023-06-09,MSFT,Long,2023-06-09T13:35:00+00:00,2023-06-09T14:41:00+00:00,326.8630,328.3965,0.92,1.41,0.004691,3960000,ScoreExit,0.4033,-0.0554,0.5773,0.4344,0.2831,-0.4100,-0.1817,0.3153,,,
summary,2023-06-09,MSFT,,,,,,,1.41,,1,,,,,,,,,,0.5438,2023-06-09T13:53:00+00:00,533,2309
summary,2023-06-12,SPY,,,,,,,0.00,,0,,,,,,,,,,0.4492,2023-06-09T14:19:00+00:00,561,1157
summary,2023-06-12,QQQ,,,,,,,0.00,,0,,,,,,,,,,0.6828,2023-06-09T13:54:00+00:00,639,1186
summary,2023-06-12,NVDA,,,,,,,0.00,,0,,,,,,,,,,0.8987,2023-06-09T13:54:00+00:00,365,1109
summary,2023-06-12,MSFT,,,,,,,0.00,,0,,,,,,,,,,1.0000,2023-06-09T13:35:00+00:00,542,989
summary,2023-06-13,SPY,,,,,,,0.00,,0,,,,,,,,,,0.4589,2023-06-12T18:59:00+00:00,1023,1480
summary,2023-06-13,QQQ,,,,,,,0.00,,0,,,,,,,,,,0.7369,2023-06-12T09:13:00+00:00,1128,1528
trade,2023-06-13,AAPL,Long,2023-06-13T13:33:00+00:00,2023-06-13T14:07:00+00:00,183.5951,183.1200,1.63,-0.78,-0.002587,2040000,ScoreExit,0.3725,-0.1008,0.5558,0.3273,0.4016,-0.3489,-0.2480,0.2761,,,
summary,2023-06-13,AAPL,,,,,,,-0.78,,1,,,,,,,,,,0.6182,2023-06-12T08:00:00+00:00,1003,1399
trade,2023-06-13,NVDA,Long,2023-06-13T14:46:00+00:00,2023-06-13T15:56:00+00:00,400.8252,408.0276,0.58,4.19,0.017969,4200000,SessionClose,0.4214,0.2563,0.4822,0.2664,0.7114,0.4771,-0.0591,0.8134,,,
summary,2023-06-13,NVDA,,,,,,,4.19,,1,,,,,,,,,,0.6686,2023-06-13T15:18:00+00:00,947,1382
summary,2023-06-14,QQQ,,,,,,,0.00,,0,,,,,,,,,,0.7369,2023-06-12T09:13:00+00:00,1684,2372
trade,2023-06-14,NVDA,Long,2023-06-14T13:41:00+00:00,2023-06-14T15:42:00+00:00,410.9883,419.8253,0.54,4.81,0.021502,7260000,MaxHoldTimeout,0.4755,-0.0011,0.5279,0.4551,0.4986,-0.5185,-0.2133,0.5960,,,
summary,2023-06-14,NVDA,,,,,,,4.81,,1,,,,,,,,,,0.6686,2023-06-13T15:18:00+00:00,1628,2224
trade,2023-06-14,MSFT,Long,2023-06-14T14:02:00+00:00,2023-06-14T15:56:00+00:00,335.9707,337.4737,0.89,1.34,0.004474,6840000,SessionClose,0.4016,0.0868,0.4988,0.4238,0.3250,-0.5413,0.0295,0.4106,,,
summary,2023-06-14,MSFT,,,,,,,1.34,,1,,,,,,,,,,0.5915,2023-06-12T17:56:00+00:00,1289,1771
trade,2023-06-15,QQQ,Long,2023-06-15T14:07:00+00:00,2023-06-15T15:56:00+00:00,366.9651,368.2645,0.82,1.06,0.003541,6540000,SessionClose,0.4059,0.2009,0.5281,0.4286,0.3198,0.2431,0.1109,0.3668,,,
summary,2023-06-15,QQQ,,,,,,,1.06,,1,,,,,,,,,,0.7090,2023-06-12T14:48:00+00:00,2256,3002
summary,2023-06-15,AAPL,,,,,,,0.00,,0,,,,,,,,,,0.6057,2023-06-12T14:48:00+00:00,1868,2693
summary,2023-06-15,MSFT,,,,,,,0.00,,0,,,,,,,,,,0.6053,2023-06-12T15:58:00+00:00,1808,2285
summary,2023-06-16,AAPL,,,,,,,0.00,,0,,,,,,,,,,0.6888,2023-06-13T13:38:00+00:00,1556,2615
summary,2023-06-16,MSFT,,,,,,,0.00,,0,,,,,,,,,,0.9841,2023-06-13T13:41:00+00:00,1607,2356
summary,2023-06-19,AAPL,,,,,,,0.00,,0,,,,,,,,,,0.0000,2023-06-16T13:30:00+00:00,0,518
summary,2023-06-19,NVDA,,,,,,,0.00,,0,,,,,,,,,,0.8919,2023-06-16T14:11:00+00:00,177,581
summary,2023-06-19,MSFT,,,,,,,0.00,,0,,,,,,,,,,0.0000,2023-06-16T13:30:00+00:00,0,502
summary,2023-06-20,SPY,,,,,,,0.00,,0,,,,,,,,,,0.4523,2023-06-20T16:48:00+00:00,279,654
trade,2023-06-20,QQQ,Long,2023-06-20T13:37:00+00:00,2023-06-20T14:53:00+00:00,367.6002,364.4056,0.82,-2.61,-0.008690,4560000,MaxHoldTimeout,0.4200,0.0000,0.5536,0.3655,0.4845,-0.2866,-0.2594,-0.7399,,,
summary,2023-06-20,QQQ,,,,,,,-2.61,,1,,,,,,,,,,0.5255,2023-06-20T16:49:00+00:00,332,687
trade,2023-06-20,AAPL,Long,2023-06-20T13:31:00+00:00,2023-06-20T14:52:00+00:00,184.8404,184.7651,1.62,-0.12,-0.000408,4860000,MaxHoldTimeout,0.3794,0.0000,0.4983,0.4430,0.2125,-0.1780,-0.1846,-0.4822,,,
summary,2023-06-20,AAPL,,,,,,,-0.12,,1,,,,,,,,,,0.6421,2023-06-20T13:39:00+00:00,286,574
summary,2023-06-20,NVDA,,,,,,,0.00,,0,,,,,,,,,,0.6426,2023-06-20T10:53:00+00:00,463,635
summary,2023-06-20,MSFT,,,,,,,0.00,,0,,,,,,,,,,0.4853,2023-06-20T17:21:00+00:00,222,548
summary,2023-06-21,AAPL,,,,,,,0.00,,0,,,,,,,,,,0.6421,2023-06-20T13:39:00+00:00,482,1247
summary,2023-06-21,NVDA,,,,,,,0.00,,0,,,,,,,,,,0.6426,2023-06-20T10:53:00+00:00,910,1422
summary,2023-06-21,MSFT,,,,,,,0.00,,0,,,,,,,,,,0.4853,2023-06-20T17:21:00+00:00,270,1133
summary,2023-06-22,QQQ,,,,,,,0.00,,0,,,,,,,,,,0.5255,2023-06-20T16:49:00+00:00,853,2323
trade,2023-06-22,NVDA,Long,2023-06-22T14:13:00+00:00,2023-06-22T14:41:00+00:00,430.2845,430.6558,0.56,0.21,0.000863,1680000,ScoreExit,0.4141,-0.0773,0.5707,0.5265,0.1371,-0.4867,-0.1346,0.1736,,,
summary,2023-06-22,NVDA,,,,,,,0.21,,1,,,,,,,,,,0.6426,2023-06-20T10:53:00+00:00,1130,2256
trade,2023-06-22,MSFT,Long,2023-06-22T14:12:00+00:00,2023-06-22T14:36:00+00:00,338.0314,336.5241,0.89,-1.34,-0.004459,1440000,ScoreExit,0.4152,-0.1306,0.5345,0.4850,0.2359,-0.5411,-0.1868,0.1187,,,
summary,2023-06-22,MSFT,,,,,,,-1.34,,1,,,,,,,,,,0.4853,2023-06-20T17:21:00+00:00,583,1772
summary,2023-06-23,SPY,,,,,,,0.00,,0,,,,,,,,,,0.4573,2023-06-20T16:48:00+00:00,811,2788
summary,2023-06-23,QQQ,,,,,,,0.00,,0,,,,,,,,,,0.5667,2023-06-20T13:39:00+00:00,1055,2878
trade,2023-06-23,AAPL,Long,2023-06-23T14:42:00+00:00,2023-06-23T15:56:00+00:00,186.1358,186.4890,1.61,0.57,0.001898,4440000,SessionClose,0.3624,0.2312,0.5475,0.3831,0.2593,0.0339,0.2382,0.2831,,,
summary,2023-06-23,AAPL,,,,,,,0.57,,1,,,,,,,,,,0.9083,2023-06-20T13:39:00+00:00,1237,2544
summary,2023-06-23,MSFT,,,,,,,0.00,,0,,,,,,,,,,1.0000,2023-06-20T13:41:00+00:00,765,2248
summary,2023-06-26,SPY,,,,,,,0.00,,0,,,,,,,,,,0.6019,2023-06-23T14:44:00+00:00,379,1170
trade,2023-06-26,QQQ,Long,2023-06-26T13:51:00+00:00,2023-06-26T14:32:00+00:00,363.8441,363.5059,0.82,-0.28,-0.000930,2460000,ScoreExit,0.4049,-0.0887,0.5546,0.3919,0.3809,-0.5556,-0.1992,0.2878,,,
summary,2023-06-26,QQQ,,,,,,,-0.28,,1,,,,,,,,,,0.6478,2023-06-23T16:19:00+00:00,398,1170
trade,2023-06-26,NVDA,Long,2023-06-26T13:53:00+00:00,2023-06-26T14:31:00+00:00,426.4529,426.1471,0.70,-0.22,-0.000717,2280000,ScoreExit,0.4655,-0.0657,0.5700,0.3380,0.6857,-0.1043,-0.2905,0.3968,,,
summary,2023-06-26,NVDA,,,,,,,-0.22,,1,,,,,,,,,,0.9197,2023-06-23T13:31:00+00:00,352,1124
summary,2023-06-26,MSFT,,,,,,,0.00,,0,,,,,,,,,,0.9535,2023-06-23T14:44:00+00:00,314,963
summary,2023-06-27,SPY,,,,,,,0.00,,0,,,,,,,,,,0.4791,2023-06-26T09:33:00+00:00,705,1450
summary,2023-06-27,QQQ,,,,,,,0.00,,0,,,,,,,,,,0.5149,2023-06-26T13:56:00+00:00,584,1475
trade,2023-06-27,AAPL,Long,2023-06-27T13:36:00+00:00,2023-06-27T14:08:00+00:00,186.5910,186.4790,1.61,-0.18,-0.000600,1920000,ScoreExit,0.3877,-0.0545,0.5545,0.4004,0.3066,-0.5331,-0.1385,0.2730,,,
summary,2023-06-27,AAPL,,,,,,,-0.18,,1,,,,,,,,,,0.5092,2023-06-26T13:53:00+00:00,558,1271
summary,2023-06-27,NVDA,,,,,,,0.00,,0,,,,,,,,,,0.8888,2023-06-26T09:48:00+00:00,543,1330
summary,2023-06-27,MSFT,,,,,,,0.00,,0,,,,,,,,,,0.6107,2023-06-26T12:02:00+00:00,473,1103
trade,2023-06-28,AAPL,Long,2023-06-28T13:37:00+00:00,2023-06-28T13:51:00+00:00,188.5465,188.0786,1.59,-0.74,-0.002482,840000,ScoreExit,0.3534,-0.1392,0.5618,0.3357,0.3193,-0.3358,-0.3358,0.3193,,,
trade,2023-06-28,AAPL,Long,2023-06-28T14:47:00+00:00,2023-06-28T15:56:00+00:00,188.9467,189.2832,1.59,0.53,0.001781,4140000,SessionClose,0.3928,0.1348,0.4097,0.3762,0.4204,-0.1447,0.0316,0.4343,,,
summary,2023-06-28,AAPL,,,,,,,-0.21,,2,,,,,,,,,,0.5092,2023-06-26T13:53:00+00:00,1095,2016
summary,2023-06-29,SPY,,,,,,,0.00,,0,,,,,,,,,,0.4426,2023-06-26T13:41:00+00:00,1562,2845
summary,2023-06-29,MSFT,,,,,,,0.00,,0,,,,,,,,,,0.8031,2023-06-26T14:15:00+00:00,1222,2267
trade,2023-06-30,AAPL,Long,2023-06-30T13:41:00+00:00,2023-06-30T15:26:00+00:00,192.2112,192.5222,1.56,0.49,0.001618,6300000,ScoreExit,0.3983,-0.0586,0.5539,0.3419,0.4591,-0.2495,-0.2723,0.4325,,,
summary,2023-06-30,AAPL,,,,,,,0.49,,1,,,,,,,,,,0.7627,2023-06-27T13:38:00+00:00,2168,2733
trade,2023-06-30,NVDA,Long,2023-06-30T14:43:00+00:00,2023-06-30T15:36:00+00:00,424.6724,421.5985,0.71,-2.18,-0.007238,3180000,ScoreExit,0.4266,-0.0667,0.4166,0.3426,0.5977,-0.4245,-0.3406,0.6005,,,
summary,2023-06-30,NVDA,,,,,,,-2.18,,1,,,,,,,,,,0.9942,2023-06-27T13:35:00+00:00,1657,2820
trade,2023-06-30,MSFT,Long,2023-06-30T13:46:00+00:00,2023-06-30T15:26:00+00:00,340.2670,341.4125,0.88,1.01,0.003366,6000000,ScoreExit,0.4263,-0.0517,0.5571,0.3926,0.4501,-0.1630,-0.2538,0.3895,,,
summary,2023-06-30,MSFT,,,,,,,1.01,,1,,,,,,,,,,0.8745,2023-06-27T13:35:00+00:00,1418,2201
summary,2023-07-03,QQQ,,,,,,,0.00,,0,,,,,,,,,,0.7836,2023-06-30T14:20:00+00:00,627,1095
trade,2023-07-03,NVDA,Long,2023-07-03T13:31:00+00:00,2023-07-03T13:56:00+00:00,426.1328,424.8554,0.70,-0.90,-0.002998,1500000,ScoreExit,0.4475,-0.0542,0.3197,0.4587,0.4675,-0.5366,-0.2346,0.4675,,,
trade,2023-07-03,NVDA,Long,2023-07-03T14:51:00+00:00,2023-07-03T15:32:00+00:00,427.3732,425.0204,0.70,-1.65,-0.005505,2460000,ScoreExit,0.4150,-0.0544,0.5735,0.3404,0.5115,-0.3585,-0.2437,0.4255,,,
summary,2023-07-03,NVDA,,,,,,,-2.55,,2,,,,,,,,,,0.9550,2023-06-30T14:40:00+00:00,757,1035
summary,2023-07-04,SPY,,,,,,,0.00,,0,,,,,,,,,,0.3639,2023-07-03T10:28:00+00:00,298,565
summary,2023-07-04,AAPL,,,,,,,0.00,,0,,,,,,,,,,0.3459,2023-07-03T13:28:00+00:00,44,560
summary,2023-07-04,NVDA,,,,,,,0.00,,0,,,,,,,,,,0.6369,2023-07-03T13:33:00+00:00,107,494
summary,2023-07-04,MSFT,,,,,,,0.00,,0,,,,,,,,,,0.4971,2023-07-03T13:49:00+00:00,56,388
summary,2023-07-05,SPY,,,,,,,0.00,,0,,,,,,,,,,0.3639,2023-07-03T10:28:00+00:00,549,1201
trade,2023-07-05,NVDA,Long,2023-07-05T13:31:00+00:00,2023-07-05T15:04:00+00:00,424.3823,428.0777,0.71,2.61,0.008708,5580000,ScoreExit,0.4069,-0.0536,0.5948,0.4969,0.1642,-0.5239,-0.2286,0.4530,,,
summary,2023-07-05,NVDA,,,,,,,2.61,,1,,,,,,,,,,0.6369,2023-07-03T13:33:00+00:00,375,1071
trade,2023-07-05,MSFT,Long,2023-07-05T13:36:00+00:00,2023-07-05T15:16:00+00:00,338.3465,339.4351,0.89,0.97,0.003218,6000000,ScoreExit,0.4120,-0.0936,0.5973,0.4528,0.2686,-0.5536,-0.2525,0.3776,,,
summary,2023-07-05,MSFT,,,,,,,0.97,,1,,,,,,,,,,0.5134,2023-07-05T13:41:00+00:00,306,892
summary,2023-07-06,SPY,,,,,,,0.00,,0,,,,,,,,,,0.3814,2023-07-03T16:15:00+00:00,556,1762
summary,2023-07-06,QQQ,,,,,,,0.00,,0,,,,,,,,,,0.4131,2023-07-05T13:44:00+00:00,545,1818
summary,2023-07-06,MSFT,,,,,,,0.00,,0,,,,,,,,,,0.6851,2023-07-03T13:49:00+00:00,702,1439
summary,2023-07-07,SPY,,,,,,,0.00,,0,,,,,,,,,,0.3903,2023-07-05T13:42:00+00:00,520,2190
summary,2023-07-07,QQQ,,,,,,,0.00,,0,,,,,,,,,,0.5065,2023-07-05T13:41:00+00:00,644,2292
summary,2023-07-07,AAPL,,,,,,,0.00,,0,,,,,,,,,,0.5971,2023-07-05T13:41:00+00:00,910,2054
summary,2023-07-10,QQQ,,,,,,,0.00,,0,,,,,,,,,,0.6168,2023-07-07T16:17:00+00:00,326,1196
summary,2023-07-10,AAPL,,,,,,,0.00,,0,,,,,,,,,,0.7214,2023-07-07T16:03:00+00:00,256,1170
summary,2023-07-10,NVDA,,,,,,,0.00,,0,,,,,,,,,,0.8931,2023-07-07T13:55:00+00:00,508,1154
summary,2023-07-10,MSFT,,,,,,,0.00,,0,,,,,,,,,,0.5982,2023-07-07T13:57:00+00:00,151,1119
summary,2023-07-11,SPY,,,,,,,0.00,,0,,,,,,,,,,0.6889,2023-07-10T09:12:00+00:00,944,1436
summary,2023-07-11,QQQ,,,,,,,0.00,,0,,,,,,,,,,0.6257,2023-07-10T09:14:00+00:00,894,1444
summary,2023-07-12,QQQ,,,,,,,0.00,,0,,,,,,,,,,0.6257,2023-07-10T09:14:00+00:00,1560,2262
summary,2023-07-12,NVDA,,,,,,,0.00,,0,,,,,,,,,,0.7859,2023-07-10T09:20:00+00:00,1342,2059
summary,2023-07-12,MSFT,,,,,,,0.00,,0,,,,,,,,,,0.5468,2023-07-10T12:03:00+00:00,1084,1925
summary,2023-07-13,QQQ,,,,,,,0.00,,0,,,,,,,,,,0.5123,2023-07-10T14:24:00+00:00,2142,2843
trade,2023-07-13,MSFT,Long,2023-07-13T13:36:00+00:00,2023-07-13T15:21:00+00:00,341.0073,340.8327,0.88,-0.15,-0.000512,6300000,MaxHoldTimeout,0.4408,0.1509,0.5748,0.4492,0.3792,-0.4960,0.1375,0.3934,,,
summary,2023-07-13,MSFT,,,,,,,-0.15,,1,,,,,,,,,,0.5781,2023-07-10T14:26:00+00:00,1472,2317
summary,2023-07-14,SPY,,,,,,,0.00,,0,,,,,,,,,,0.6168,2023-07-11T15:04:00+00:00,2167,2797
trade,2023-07-14,QQQ,Long,2023-07-14T13:32:00+00:00,2023-07-14T14:46:00+00:00,380.5391,381.0906,0.79,0.44,0.001449,4440000,ScoreExit,0.4023,-0.1077,0.5334,0.3663,0.4304,-0.4878,-0.3028,0.4092,,,
summary,2023-07-14,QQQ,,,,,,,0.44,,1,,,,,,,,,,0.7595,2023-07-11T15:04:00+00:00,2299,2913
summary,2023-07-17,SPY,,,,,,,0.00,,0,,,,,,,,,,0.3544,2023-07-17T19:19:00+00:00,366,1160
summary,2023-07-17,QQQ,,,,,,,0.00,,0,,,,,,,,,,0.7063,2023-07-14T14:17:00+00:00,439,1183
summary,2023-07-17,AAPL,,,,,,,0.00,,0,,,,,,,,,,0.5687,2023-07-14T13:38:00+00:00,697,1124
summary,2023-07-17,NVDA,,,,,,,0.00,,0,,,,,,,,,,1.0000,2023-07-14T13:37:00+00:00,255,1219
summary,2023-07-17,MSFT,,,,,,,0.00,,0,,,,,,,,,,0.8983,2023-07-14T14:20:00+00:00,248,1030
summary,2023-07-18,SPY,,,,,,,0.00,,0,,,,,,,,,,0.3963,2023-07-18T18:29:00+00:00,945,1387
summary,2023-07-18,QQQ,,,,,,,0.00,,0,,,,,,,,,,0.5311,2023-07-17T18:24:00+00:00,971,1470
summary,2023-07-18,AAPL,,,,,,,0.00,,0,,,,,,,,,,0.6233,2023-07-17T13:38:00+00:00,924,1299
summary,2023-07-18,NVDA,,,,,,,0.00,,0,,,,,,,,,,0.6427,2023-07-18T16:05:00+00:00,956,1431
summary,2023-07-19,SPY,,,,,,,0.00,,0,,,,,,,,,,0.3963,2023-07-18T18:29:00+00:00,1481,2157
summary,2023-07-19,QQQ,,,,,,,0.00,,0,,,,,,,,,,0.5311,2023-07-17T18:24:00+00:00,1571,2312
summary,2023-07-19,AAPL,,,,,,,0.00,,0,,,,,,,,,,0.6233,2023-07-17T13:38:00+00:00,1296,2003
summary,2023-07-19,NVDA,,,,,,,0.00,,0,,,,,,,,,,0.6427,2023-07-18T16:05:00+00:00,1449,2239
summary,2023-07-20,SPY,,,,,,,0.00,,0,,,,,,,,,,0.6146,2023-07-17T14:49:00+00:00,1714,2766
summary,2023-07-20,QQQ,,,,,,,0.00,,0,,,,,,,,,,0.5712,2023-07-17T19:18:00+00:00,1539,2927
summary,2023-07-20,AAPL,,,,,,,0.00,,0,,,,,,,,,,0.7851,2023-07-17T13:38:00+00:00,1495,2601
trade,2023-07-20,NVDA,Long,2023-07-20T13:48:00+00:00,2023-07-20T14:31:00+00:00,469.2657,456.8529,0.49,-6.02,-0.026452,2580000,HardStop,0.4174,0.0000,0.5814,0.4892,0.2191,-0.5541,-0.6719,-0.1676,,,
summary,2023-07-20,NVDA,,,,,,,-6.02,,1,,,,,,,,,,0.8994,2023-07-17T14:13:00+00:00,1600,2848
summary,2023-07-21,SPY,,,,,,,0.00,,0,,,,,,,,,,0.8170,2023-07-18T15:04:00+00:00,1414,2758
summary,2023-07-21,QQQ,,,,,,,0.00,,0,,,,,,,,,,0.7655,2023-07-18T14:49:00+00:00,1067,2968
summary,2023-07-21,MSFT,,,,,,,0.00,,0,,,,,,,,,,0.9682,2023-07-18T15:41:00+00:00,781,2657
summary,2023-07-24,NVDA,,,,,,,0.00,,0,,,,,,,,,,0.7299,2023-07-21T13:34:00+00:00,435,1196
trade,2023-07-25,QQQ,Long,2023-07-25T13:46:00+00:00,2023-07-25T14:48:00+00:00,378.4285,377.5617,0.79,-0.69,-0.002291,3720000,ScoreExit,0.4058,-0.0560,0.5491,0.3648,0.4401,-0.4426,-0.1682,0.2973,,,
summary,2023-07-25,QQQ,,,,,,,-0.69,,1,,,,,,,,,,0.6037,2023-07-24T09:18:00+00:00,893,1455
trade,2023-07-25,AAPL,Long,2023-07-25T13:50:00+00:00,2023-07-25T14:26:00+00:00,193.8131,193.4419,1.55,-0.57,-0.001915,2160000,ScoreExit,0.3502,-0.1131,0.5475,0.3253,0.3341,-0.5356,-0.2000,0.2016,,,
summary,2023-07-25,AAPL,,,,,,,-0.57,,1,,,,,,,,,,0.6084,2023-07-24T13:35:00+00:00,523,1254
trade,2023-07-25,NVDA,Long,2023-07-25T13:31:00+00:00,2023-07-25T15:32:00+00:00,451.6404,457.8476,0.66,4.13,0.013744,7260000,MaxHoldTimeout,0.6031,0.3118,0.4901,0.5035,0.8399,0.1682,0.1046,0.7740,,,
summary,2023-07-25,NVDA,,,,,,,4.13,,1,,,,,,,,,,0.9496,2023-07-24T09:22:00+00:00,934,1351
summary,2023-07-25,MSFT,,,,,,,0.00,,0,,,,,,,,,,0.5020,2023-07-24T18:01:00+00:00,830,1334
summary,2023-07-26,SPY,,,,,,,0.00,,0,,,,,,,,,,0.7006,2023-07-24T09:17:00+00:00,1072,2149
summary,2023-07-26,QQQ,,,,,,,0.00,,0,,,,,,,,,,0.6037,2023-07-24T09:18:00+00:00,1287,2295
summary,2023-07-26,NVDA,,,,,,,0.00,,0,,,,,,,,,,0.9496,2023-07-24T09:22:00+00:00,1423,2141
trade,2023-07-27,QQQ,Long,2023-07-27T13:41:00+00:00,2023-07-27T14:06:00+00:00,384.1702,383.5999,0.78,-0.45,-0.001485,1500000,ScoreExit,0.4000,-0.1079,0.4784,0.3880,0.3979,-0.4754,-0.2311,0.2609,,,
summary,2023-07-27,QQQ,,,,,,,-0.45,,1,,,,,,,,,,0.4686,2023-07-27T08:11:00+00:00,1781,2914
trade,2023-07-27,AAPL,Long,2023-07-27T13:32:00+00:00,2023-07-27T14:11:00+00:00,196.2138,196.3889,1.53,0.27,0.000892,2340000,ScoreExit,0.3854,-0.0851,0.4260,0.3734,0.3958,-0.5143,-0.1781,0.2439,,,
summary,2023-07-27,AAPL,,,,,,,0.27,,1,,,,,,,,,,0.7045,2023-07-24T13:37:00+00:00,1354,2563
summary,2023-07-27,MSFT,,,,,,,0.00,,0,,,,,,,,,,0.8602,2023-07-24T14:32:00+00:00,912,2864
trade,2023-07-28,AAPL,Long,2023-07-28T13:51:00+00:00,2023-07-28T14:52:00+00:00,195.9238,195.5913,1.53,-0.51,-0.001697,3660000,ScoreExit,0.3564,-0.0915,0.5625,0.3661,0.2682,-0.2991,-0.2323,0.2593,,,
summary,2023-07-28,AAPL,,,,,,,-0.51,,1,,,,,,,,,,0.5098,2023-07-25T14:01:00+00:00,1465,2598
summary,2023-07-28,NVDA,,,,,,,0.00,,0,,,,,,,,,,1.0000,2023-07-25T13:34:00+00:00,1888,2826
summary,2023-07-28,MSFT,,,,,,,0.00,,0,,,,,,,,,,0.8861,2023-07-25T13:46:00+00:00,960,2858
summary,2023-07-31,QQQ,,,,,,,0.00,,0,,,,,,,,,,0.6953,2023-07-28T15:54:00+00:00,790,1179
summary,2023-07-31,AAPL,,,,,,,0.00,,0,,,,,,,,,,0.6564,2023-07-28T13:52:00+00:00,690,1138
summary,2023-07-31,NVDA,,,,,,,0.00,,0,,,,,,,,,,0.8942,2023-07-28T14:04:00+00:00,680,1137
summary,2023-07-31,MSFT,,,,,,,0.00,,0,,,,,,,,,,0.8942,2023-07-28T13:45:00+00:00,510,1046
trade,2023-08-01,NVDA,Long,2023-08-01T14:50:00+00:00,2023-08-01T15:44:00+00:00,465.6087,466.0541,0.64,0.29,0.000957,3240000,ScoreExit,0.4059,-0.0541,0.5148,0.4294,0.3226,-0.4198,-0.1440,0.2477,,,
summary,2023-08-01,NVDA,,,,,,,0.29,,1,,,,,,,,,,0.5394,2023-07-31T13:43:00+00:00,567,1274
trade,2023-08-01,MSFT,Long,2023-08-01T14:41:00+00:00,2023-08-01T15:56:00+00:00,336.7560,337.7736,0.89,0.91,0.003022,4500000,SessionClose,0.4483,0.3383,0.5170,0.4435,0.4348,0.5189,0.2249,0.5050,,,
summary,2023-08-01,MSFT,,,,,,,0.91,,1,,,,,,,,,,0.4625,2023-08-01T14:49:00+00:00,557,1160
summary,2023-08-02,QQQ,,,,,,,0.00,,0,,,,,,,,,,0.3493,2023-07-31T12:54:00+00:00,631,2406
summary,2023-08-02,NVDA,,,,,,,0.00,,0,,,,,,,,,,0.5394,2023-07-31T13:43:00+00:00,608,2135
summary,2023-08-02,MSFT,,,,,,,0.00,,0,,,,,,,,,,0.4625,2023-08-01T14:49:00+00:00,557,1884
summary,2023-08-03,QQQ,,,,,,,0.00,,0,,,,,,,,,,0.4995,2023-07-31T15:04:00+00:00,420,3044
summary,2023-08-03,AAPL,,,,,,,0.00,,0,,,,,,,,,,0.7947,2023-07-31T15:04:00+00:00,600,2778
summary,2023-08-03,MSFT,,,,,,,0.00,,0,,,,,,,,,,0.6565,2023-07-31T15:03:00+00:00,498,2432
summary,2023-08-04,QQQ,,,,,,,0.00,,0,,,,,,,,,,0.7839,2023-08-01T14:53:00+00:00,512,3090
summary,2023-08-04,AAPL,,,,,,,0.00,,0,,,,,,,,,,0.5017,2023-08-01T13:39:00+00:00,126,2978
trade,2023-08-04,NVDA,Long,2023-08-04T13:31:00+00:00,2023-08-04T13:50:00+00:00,452.9138,450.7697,0.66,-1.42,-0.004734,1140000,ScoreExit,0.4508,-0.0545,0.5682,0.5760,0.1613,-0.5709,-0.0427,0.0941,,,
summary,2023-08-04,NVDA,,,,,,,-1.42,,1,,,,,,,,,,0.9591,2023-08-01T14:55:00+00:00,875,2901
trade,2023-08-04,MSFT,Long,2023-08-04T13:31:00+00:00,2023-08-04T13:51:00+00:00,332.5447,332.1453,0.90,-0.36,-0.001201,1200000,ScoreExit,0.4274,-0.1430,0.5398,0.4868,0.2712,-0.4055,-0.2937,0.2459,,,
summary,2023-08-04,MSFT,,,,,,,-0.36,,1,,,,,,,,,,0.9567,2023-08-01T14:41:00+00:00,610,2547
summary,2023-08-07,SPY,,,,,,,0.00,,0,,,,,,,,,,0.5242,2023-08-04T14:56:00+00:00,558,1184
summary,2023-08-07,QQQ,,,,,,,0.00,,0,,,,,,,,,,0.7443,2023-08-04T15:03:00+00:00,511,1191
summary,2023-08-07,AAPL,,,,,,,0.00,,0,,,,,,,,,,1.0000,2023-08-04T13:35:00+00:00,63,1275
summary,2023-08-07,MSFT,,,,,,,0.00,,0,,,,,,,,,,1.0000,2023-08-04T13:36:00+00:00,311,973
summary,2023-08-08,SPY,,,,,,,0.00,,0,,,,,,,,,,0.3983,2023-08-07T17:59:00+00:00,603,1471
summary,2023-08-08,AAPL,,,,,,,0.00,,0,,,,,,,,,,0.4085,2023-08-08T19:24:00+00:00,598,1491
summary,2023-08-08,NVDA,,,,,,,0.00,,0,,,,,,,,,,0.8068,2023-08-07T09:32:00+00:00,436,1338
summary,2023-08-08,MSFT,,,,,,,0.00,,0,,,,,,,,,,0.4879,2023-08-07T13:54:00+00:00,265,1071
summary,2023-08-09,SPY,,,,,,,0.00,,0,,,,,,,,,,0.3983,2023-08-07T17:59:00+00:00,895,2235
summary,2023-08-09,QQQ,,,,,,,0.00,,0,,,,,,,,,,0.4130,2023-08-07T17:59:00+00:00,841,2318
summary,2023-08-09,AAPL,,,,,,,0.00,,0,,,,,,,,,,0.4322,2023-08-09T08:27:00+00:00,990,2292
summary,2023-08-09,MSFT,,,,,,,0.00,,0,,,,,,,,,,0.4879,2023-08-07T13:54:00+00:00,285,1662
trade,2023-08-10,QQQ,Long,2023-08-10T13:51:00+00:00,2023-08-10T14:37:00+00:00,373.0619,373.2030,0.80,0.11,0.000378,2760000,ScoreExit,0.4014,-0.0655,0.5268,0.4003,0.3617,-0.3129,-0.1910,0.2678,,,
summary,2023-08-10,QQQ,,,,,,,0.11,,1,,,,,,,,,,0.5606,2023-08-07T19:57:00+00:00,1034,2919
trade,2023-08-10,NVDA,Long,2023-08-10T13:41:00+00:00,2023-08-10T14:58:00+00:00,428.1834,427.8666,0.49,-0.16,-0.000740,4620000,MaxHoldTimeout,0.4072,0.0000,0.5805,0.5371,0.0897,-0.0440,-0.4115,-0.2112,,,
summary,2023-08-10,NVDA,,,,,,,-0.16,,1,,,,,,,,,,0.7390,2023-08-07T14:26:00+00:00,392,2771
summary,2023-08-11,SPY,,,,,,,0.00,,0,,,,,,,,,,0.5265,2023-08-08T19:42:00+00:00,1063,2782
summary,2023-08-11,QQQ,,,,,,,0.00,,0,,,,,,,,,,0.5310,2023-08-08T19:45:00+00:00,905,2925
summary,2023-08-11,AAPL,,,,,,,0.00,,0,,,,,,,,,,0.6099,2023-08-08T14:29:00+00:00,1068,2740
summary,2023-08-11,NVDA,,,,,,,0.00,,0,,,,,,,,,,0.7897,2023-08-08T13:34:00+00:00,256,2772
summary,2023-08-11,MSFT,,,,,,,0.00,,0,,,,,,,,,,0.7270,2023-08-08T13:41:00+00:00,556,2222
trade,2023-08-14,QQQ,Long,2023-08-14T14:12:00+00:00,2023-08-14T15:56:00+00:00,367.3352,369.2351,0.82,1.55,0.005172,6240000,SessionClose,0.4144,0.0372,0.5334,0.4144,0.3747,-0.2011,-0.1476,0.4861,,,
summary,2023-08-14,QQQ,,,,,,,1.55,,1,,,,,,,,,,0.7702,2023-08-11T14:21:00+00:00,708,1169
trade,2023-08-14,AAPL,Long,2023-08-14T13:35:00+00:00,2023-08-14T15:36:00+00:00,178.3185,179.1012,1.68,1.32,0.004389,7260000,MaxHoldTimeout,0.3636,0.0870,0.5540,0.3761,0.2751,-0.3596,-0.0422,0.4942,,,
summary,2023-08-14,AAPL,,,,,,,1.32,,1,,,,,,,,,,0.9196,2023-08-11T14:40:00+00:00,653,1138
trade,2023-08-14,NVDA,Long,2023-08-14T13:41:00+00:00,2023-08-14T15:42:00+00:00,410.5481,428.4667,0.61,10.95,0.043646,7260000,MaxHoldTimeout,0.4865,0.5169,0.6276,0.5431,0.3262,0.3540,0.3121,0.9809,,,
summary,2023-08-14,NVDA,,,,,,,10.95,,1,,,,,,,,,,0.8573,2023-08-11T13:35:00+00:00,418,1210
trade,2023-08-14,MSFT,Long,2023-08-14T14:47:00+00:00,2023-08-14T15:56:00+00:00,322.4417,323.2780,0.93,0.78,0.002594,4140000,SessionClose,0.4243,0.0607,0.5484,0.3804,0.4707,-0.2469,-0.0934,0.4714,,,
summary,2023-08-14,MSFT,,,,,,,0.78,,1,,,,,,,,,,0.8907,2023-08-11T14:16:00+00:00,601,955
summary,2023-08-15,AAPL,,,,,,,0.00,,0,,,,,,,,,,0.6154,2023-08-14T14:51:00+00:00,773,1395
trade,2023-08-15,NVDA,Long,2023-08-15T13:33:00+00:00,2023-08-15T13:44:00+00:00,446.6339,446.9906,0.56,0.20,0.000798,660000,ScoreExit,0.4607,-0.0501,0.4572,0.4441,0.4950,-0.2945,-0.2820,0.4950,,,
summary,2023-08-15,NVDA,,,,,,,0.20,,1,,,,,,,,,,0.8278,2023-08-14T14:14:00+00:00,1177,1552
summary,2023-08-16,SPY,,,,,,,0.00,,0,,,,,,,,,,0.5240,2023-08-14T14:53:00+00:00,570,2318
summary,2023-08-16,AAPL,,,,,,,0.00,,0,,,,,,,,,,0.6154,2023-08-14T14:51:00+00:00,798,2139
summary,2023-08-17,SPY,,,,,,,0.00,,0,,,,,,,,,,0.8885,2023-08-14T14:53:00+00:00,531,2908
summary,2023-08-17,QQQ,,,,,,,0.00,,0,,,,,,,,,,0.9555,2023-08-14T14:51:00+00:00,891,2987
summary,2023-08-17,AAPL,,,,,,,0.00,,0,,,,,,,,,,0.9558,2023-08-14T14:51:00+00:00,665,2677
summary,2023-08-17,NVDA,,,,,,,0.00,,0,,,,,,,,,,1.0000,2023-08-14T13:33:00+00:00,1894,2969
summary,2023-08-17,MSFT,,,,,,,0.00,,0,,,,,,,,,,0.9583,2023-08-14T14:54:00+00:00,677,2132
summary,2023-08-18,SPY,,,,,,,0.00,,0,,,,,,,,,,0.3322,2023-08-15T15:59:00+00:00,184,2902
summary,2023-08-18,QQQ,,,,,,,0.00,,0,,,,,,,,,,0.4841,2023-08-15T13:39:00+00:00,183,3001
summary,2023-08-18,AAPL,,,,,,,0.00,,0,,,,,,,,,,0.3991,2023-08-16T14:18:00+00:00,287,2731
summary,2023-08-18,MSFT,,,,,,,0.00,,0,,,,,,,,,,0.7008,2023-08-15T15:59:00+00:00,372,2196
trade,2023-08-21,AAPL,Long,2023-08-21T13:59:00+00:00,2023-08-21T14:11:00+00:00,175.2376,175.0334,1.71,-0.35,-0.001165,720000,ScoreExit,0.3559,-0.0739,0.5461,0.2777,0.4488,-0.5198,-0.2169,0.3608,,,
summary,2023-08-21,AAPL,,,,,,,-0.35,,1,,,,,,,,,,0.9023,2023-08-18T15:00:00+00:00,939,1141
summary,2023-08-21,NVDA,,,,,,,0.00,,0,,,,,,,,,,0.7927,2023-08-18T16:08:00+00:00,1181,1262
summary,2023-08-22,SPY,,,,,,,0.00,,0,,,,,,,,,,0.7405,2023-08-21T09:25:00+00:00,815,1483
summary,2023-08-22,QQQ,,,,,,,0.00,,0,,,,,,,,,,0.7485,2023-08-21T09:14:00+00:00,995,1570
trade,2023-08-22,AAPL,Long,2023-08-22T14:12:00+00:00,2023-08-22T15:41:00+00:00,176.8580,176.8569,1.70,-0.00,-0.000006,5340000,ScoreExit,0.3699,-0.0733,0.4996,0.2988,0.4689,-0.5267,-0.2335,0.3983,,,
summary,2023-08-22,AAPL,,,,,,,-0.00,,1,,,,,,,,,,0.5706,2023-08-21T17:44:00+00:00,964,1415
summary,2023-08-22,NVDA,,,,,,,0.00,,0,,,,,,,,,,0.9256,2023-08-21T09:16:00+00:00,1141,1584
summary,2023-08-22,MSFT,,,,,,,0.00,,0,,,,,,,,,,0.6409,2023-08-21T14:04:00+00:00,758,1150
trade,2023-08-23,QQQ,Long,2023-08-23T14:07:00+00:00,2023-08-23T15:56:00+00:00,366.9350,368.9943,0.82,1.68,0.005612,6540000,SessionClose,0.4100,0.2708,0.4987,0.4159,0.3686,0.5424,0.1711,0.3797,,,
summary,2023-08-23,QQQ,,,,,,,1.68,,1,,,,,,,,,,0.7485,2023-08-21T09:14:00+00:00,1566,2387
summary,2023-08-23,AAPL,,,,,,,0.00,,0,,,,,,,,,,0.5706,2023-08-21T17:44:00+00:00,1506,2129
trade,2023-08-23,NVDA,Long,2023-08-23T14:04:00+00:00,2023-08-23T15:42:00+00:00,460.6430,465.3926,0.36,1.69,0.010311,5880000,ScoreExit,0.4005,-0.0551,0.5338,0.4321,0.2930,-0.4355,-0.2559,0.4735,,,
summary,2023-08-23,NVDA,,,,,,,1.69,,1,,,,,,,,,,0.9256,2023-08-21T09:16:00+00:00,1544,2464
trade,2023-08-23,MSFT,Long,2023-08-23T13:56:00+00:00,2023-08-23T15:41:00+00:00,326.0928,327.7465,0.92,1.52,0.005071,6300000,ScoreExit,0.4073,-0.0682,0.5613,0.4232,0.3244,-0.4870,-0.2271,0.3891,,,
summary,2023-08-23,MSFT,,,,,,,1.52,,1,,,,,,,,,,0.6409,2023-08-21T14:04:00+00:00,1200,1719
summary,2023-08-24,QQQ,,,,,,,0.00,,0,,,,,,,,,,0.7027,2023-08-21T14:06:00+00:00,1921,3008
summary,2023-08-24,MSFT,,,,,,,0.00,,0,,,,,,,,,,0.8918,2023-08-21T14:05:00+00:00,1450,2367
summary,2023-08-25,SPY,,,,,,,0.00,,0,,,,,,,,,,0.4355,2023-08-23T20:23:00+00:00,1072,2916
summary,2023-08-25,QQQ,,,,,,,0.00,,0,,,,,,,,,,0.5230,2023-08-23T20:23:00+00:00,1085,3008
summary,2023-08-25,NVDA,,,,,,,0.00,,0,,,,,,,,,,0.8506,2023-08-23T20:23:00+00:00,1103,3133
summary,2023-08-25,MSFT,,,,,,,0.00,,0,,,,,,,,,,0.6814,2023-08-23T20:24:00+00:00,804,2331
summary,2023-08-28,SPY,,,,,,,0.00,,0,,,,,,,,,,0.7367,2023-08-25T14:16:00+00:00,811,1109
summary,2023-08-28,QQQ,,,,,,,0.00,,0,,,,,,,,,,0.8933,2023-08-25T14:15:00+00:00,853,1188
summary,2023-08-28,AAPL,,,,,,,0.00,,0,,,,,,,,,,0.8354,2023-08-25T14:16:00+00:00,782,1068
summary,2023-08-28,NVDA,,,,,,,0.00,,0,,,,,,,,,,1.0000,2023-08-25T13:40:00+00:00,509,1231
summary,2023-08-28,MSFT,,,,,,,0.00,,0,,,,,,,,,,0.8899,2023-08-25T14:15:00+00:00,496,917
trade,2023-08-29,SPY,Long,2023-08-29T13:46:00+00:00,2023-08-29T15:47:00+00:00,444.1982,447.6407,0.68,2.33,0.007750,7260000,MaxHoldTimeout,0.4033,0.2697,0.5646,0.3791,0.3979,0.2029,0.1401,0.5511,,,
summary,2023-08-29,SPY,,,,,,,2.33,,1,,,,,,,,,,0.4560,2023-08-28T08:27:00+00:00,947,1353
trade,2023-08-29,QQQ,Long,2023-08-29T13:35:00+00:00,2023-08-29T15:36:00+00:00,367.5452,373.6129,0.82,4.96,0.016509,7260000,MaxHoldTimeout,0.4035,0.4200,0.5443,0.3671,0.4293,0.5483,0.2768,0.6635,,,
summary,2023-08-29,QQQ,,,,,,,4.96,,1,,,,,,,,,,0.5460,2023-08-29T14:15:00+00:00,1001,1432
trade,2023-08-29,AAPL,Long,2023-08-29T13:46:00+00:00,2023-08-29T15:47:00+00:00,180.8472,183.4450,1.66,4.31,0.014365,7260000,MaxHoldTimeout,0.4417,0.3310,0.5776,0.4135,0.4526,0.4268,0.1557,0.6496,,,
summary,2023-08-29,AAPL,,,,,,,4.31,,1,,,,,,,,,,0.5885,2023-08-28T17:05:00+00:00,913,1270
summary,2023-08-29,NVDA,,,,,,,0.00,,0,,,,,,,,,,0.7645,2023-08-29T14:23:00+00:00,1077,1419
trade,2023-08-29,MSFT,Long,2023-08-29T14:01:00+00:00,2023-08-29T15:56:00+00:00,324.4873,328.2265,0.92,3.46,0.011523,6900000,SessionClose,0.4855,0.0481,0.5701,0.4545,0.5192,-0.5084,-0.1369,0.6035,,,
summary,2023-08-29,MSFT,,,,,,,3.46,,1,,,,,,,,,,0.5974,2023-08-28T12:29:00+00:00,599,983
trade,2023-08-30,QQQ,Long,2023-08-30T14:12:00+00:00,2023-08-30T14:21:00+00:00,376.8430,375.3524,0.80,-1.19,-0.003956,540000,ScoreExit,0.4055,-0.1186,0.5568,0.4126,0.3408,-0.5400,-0.2781,0.3408,,,
summary,2023-08-30,QQQ,,,,,,,-1.19,,1,,,,,,,,,,0.5460,2023-08-29T14:15:00+00:00,1696,2307
trade,2023-08-30,AAPL,Long,2023-08-30T13:31:00+00:00,2023-08-30T15:32:00+00:00,185.3606,186.6290,1.62,2.06,0.006843,7260000,MaxHoldTimeout,0.4198,0.3443,0.5529,0.3510,0.5131,0.2771,0.2476,0.5600,,,
summary,2023-08-30,AAPL,,,,,,,2.06,,1,,,,,,,,,,0.5885,2023-08-28T17:05:00+00:00,1619,2069
trade,2023-08-30,NVDA,Long,2023-08-30T14:02:00+00:00,2023-08-30T14:21:00+00:00,491.8714,489.0181,0.36,-1.03,-0.005801,1140000,ScoreExit,0.4013,-0.0515,0.5952,0.2597,0.6200,-0.5458,-0.3049,0.6200,,,
trade,2023-08-30,NVDA,Long,2023-08-30T14:31:00+00:00,2023-08-30T15:56:00+00:00,489.7869,494.7721,0.33,1.65,0.010178,5100000,SessionClose,0.4023,0.1540,0.3163,0.3078,0.6200,0.0278,-0.0579,0.6198,,,
summary,2023-08-30,NVDA,,,,,,,0.63,,2,,,,,,,,,,0.7645,2023-08-29T14:23:00+00:00,1770,2254
summary,2023-08-30,MSFT,,,,,,,0.00,,0,,,,,,,,,,0.5974,2023-08-28T12:29:00+00:00,1049,1560
summary,2023-08-31,QQQ,,,,,,,0.00,,0,,,,,,,,,,0.5297,2023-08-29T14:15:00+00:00,2094,2852
summary,2023-08-31,MSFT,,,,,,,0.00,,0,,,,,,,,,,0.6885,2023-08-28T13:33:00+00:00,1228,2034
summary,2023-09-01,QQQ,,,,,,,0.00,,0,,,,,,,,,,0.9543,2023-08-29T14:51:00+00:00,2244,2832
summary,2023-09-01,AAPL,,,,,,,0.00,,0,,,,,,,,,,0.9495,2023-08-29T14:49:00+00:00,2317,2724
summary,2023-09-01,MSFT,,,,,,,0.00,,0,,,,,,,,,,0.9490,2023-08-29T14:50:00+00:00,1413,2084
summary,2023-09-04,SPY,,,,,,,0.00,,0,,,,,,,,,,0.3599,2023-09-01T14:13:00+00:00,26,552
summary,2023-09-04,QQQ,,,,,,,0.00,,0,,,,,,,,,,0.4384,2023-09-01T14:13:00+00:00,29,505
summary,2023-09-04,AAPL,,,,,,,0.00,,0,,,,,,,,,,0.5394,2023-09-01T14:13:00+00:00,283,537
summary,2023-09-04,NVDA,,,,,,,0.00,,0,,,,,,,,,,0.3779,2023-09-01T16:57:00+00:00,24,571
trade,2023-09-05,QQQ,Long,2023-09-05T14:25:00+00:00,2023-09-05T14:35:00+00:00,377.5782,376.6570,0.79,-0.73,-0.002440,600000,ScoreExit,0.4005,-0.0515,0.5403,0.3543,0.4461,-0.5516,-0.0161,0.0444,,,
trade,2023-09-05,QQQ,Long,2023-09-05T14:50:00+00:00,2023-09-05T15:32:00+00:00,377.8183,377.6617,0.79,-0.12,-0.000415,2520000,ScoreExit,0.4127,-0.0630,0.4977,0.3484,0.5128,-0.5519,-0.1684,0.3107,,,
summary,2023-09-05,QQQ,,,,,,,-0.86,,2,,,,,,,,,,0.7472,2023-09-05T09:34:00+00:00,429,662
trade,2023-09-05,AAPL,Long,2023-09-05T14:46:00+00:00,2023-09-05T15:56:00+00:00,188.7616,189.3082,1.59,0.87,0.002896,4200000,SessionClose,0.3962,0.4029,0.4726,0.3229,0.5174,0.5291,0.1561,0.8545,,,
summary,2023-09-05,AAPL,,,,,,,0.87,,1,,,,,,,,,,0.6990,2023-09-05T09:28:00+00:00,387,644
summary,2023-09-05,MSFT,,,,,,,0.00,,0,,,,,,,,,,0.6768,2023-09-05T15:08:00+00:00,401,485
summary,2023-09-06,AAPL,,,,,,,0.00,,0,,,,,,,,,,0.6990,2023-09-05T09:28:00+00:00,500,1407
summary,2023-09-06,NVDA,,,,,,,0.00,,0,,,,,,,,,,0.6239,2023-09-05T13:46:00+00:00,495,1355
summary,2023-09-06,MSFT,,,,,,,0.00,,0,,,,,,,,,,0.6768,2023-09-05T15:08:00+00:00,648,1015
summary,2023-09-07,SPY,,,,,,,0.00,,0,,,,,,,,,,0.7306,2023-09-05T09:34:00+00:00,418,2151
summary,2023-09-07,QQQ,,,,,,,0.00,,0,,,,,,,,,,0.7472,2023-09-05T09:34:00+00:00,580,2315
summary,2023-09-07,AAPL,,,,,,,0.00,,0,,,,,,,,,,0.6990,2023-09-05T09:28:00+00:00,500,2331
summary,2023-09-07,NVDA,,,,,,,0.00,,0,,,,,,,,,,0.6239,2023-09-05T13:46:00+00:00,495,2206
summary,2023-09-07,MSFT,,,,,,,0.00,,0,,,,,,,,,,0.6768,2023-09-05T15:08:00+00:00,798,1611
summary,2023-09-08,SPY,,,,,,,0.00,,0,,,,,,,,,,0.7576,2023-09-05T15:04:00+00:00,611,2688
summary,2023-09-08,QQQ,,,,,,,0.00,,0,,,,,,,,,,0.9180,2023-09-05T15:04:00+00:00,447,2859
trade,2023-09-08,AAPL,Long,2023-09-08T13:41:00+00:00,2023-09-08T13:56:00+00:00,179.7661,179.4661,1.67,-0.50,-0.001669,900000,ScoreExit,0.3559,-0.1170,0.5739,0.4976,0.0001,-0.5296,-0.1068,0.0001,,,
summary,2023-09-08,AAPL,,,,,,,-0.50,,1,,,,,,,,,,0.9565,2023-09-05T14:52:00+00:00,592,2948
summary,2023-09-08,NVDA,,,,,,,0.00,,0,,,,,,,,,,1.0000,2023-09-05T13:33:00+00:00,394,2733
trade,2023-09-08,MSFT,Long,2023-09-08T13:37:00+00:00,2023-09-08T14:59:00+00:00,332.5347,334.1447,0.90,1.45,0.004842,4920000,ScoreExit,0.4075,-0.0626,0.5633,0.4542,0.2621,-0.4734,-0.2168,0.3828,,,
summary,2023-09-08,MSFT,,,,,,,1.45,,1,,,,,,,,,,0.9580,2023-09-05T15:04:00+00:00,993,2055
summary,2023-09-11,SPY,,,,,,,0.00,,0,,,,,,,,,,0.4417,2023-09-08T14:30:00+00:00,687,1193
summary,2023-09-11,NVDA,,,,,,,0.00,,0,,,,,,,,,,1.0000,2023-09-08T13:35:00+00:00,354,1173
summary,2023-09-12,SPY,,,,,,,0.00,,0,,,,,,,,,,0.3999,2023-09-11T10:59:00+00:00,633,1345
summary,2023-09-12,QQQ,,,,,,,0.00,,0,,,,,,,,,,0.5443,2023-09-11T17:55:00+00:00,734,1484
trade,2023-09-12,NVDA,Long,2023-09-12T13:36:00+00:00,2023-09-12T14:26:00+00:00,449.1097,452.1993,0.64,1.99,0.006879,3000000,ScoreExit,0.4072,-0.1000,0.4923,0.4305,0.3321,-0.5251,-0.2558,0.3531,,,
summary,2023-09-12,NVDA,,,,,,,1.99,,1,,,,,,,,,,0.6083,2023-09-11T11:37:00+00:00,742,1352
summary,2023-09-13,SPY,,,,,,,0.00,,0,,,,,,,,,,0.3999,2023-09-11T10:59:00+00:00,710,2097
summary,2023-09-13,QQQ,,,,,,,0.00,,0,,,,,,,,,,0.5443,2023-09-11T17:55:00+00:00,927,2302
summary,2023-09-13,AAPL,,,,,,,0.00,,0,,,,,,,,,,0.5520,2023-09-11T17:29:00+00:00,713,2321
trade,2023-09-13,NVDA,Long,2023-09-13T13:38:00+00:00,2023-09-13T14:11:00+00:00,451.1103,449.4375,0.63,-1.06,-0.003708,1980000,ScoreExit,0.4031,-0.0717,0.5800,0.4665,0.2173,-0.5396,-0.0597,0.0603,,,
summary,2023-09-13,NVDA,,,,,,,-1.06,,1,,,,,,,,,,0.6083,2023-09-11T11:37:00+00:00,1043,2059
trade,2023-09-13,MSFT,Long,2023-09-13T13:42:00+00:00,2023-09-13T14:04:00+00:00,335.2255,333.5449,0.90,-1.50,-0.005013,1320000,ScoreExit,0.4168,-0.0535,0.5861,0.4915,0.2109,-0.5073,-0.0281,0.0470,,,
summary,2023-09-13,MSFT,,,,,,,-1.50,,1,,,,,,,,,,0.9088,2023-09-11T11:01:00+00:00,602,1633
summary,2023-09-14,QQQ,,,,,,,0.00,,0,,,,,,,,,,0.5481,2023-09-11T17:55:00+00:00,1340,2835
summary,2023-09-14,AAPL,,,,,,,0.00,,0,,,,,,,,,,0.5756,2023-09-11T17:29:00+00:00,620,2928
summary,2023-09-14,NVDA,,,,,,,0.00,,0,,,,,,,,,,0.6020,2023-09-11T19:22:00+00:00,1532,2602
trade,2023-09-14,MSFT,Long,2023-09-14T14:51:00+00:00,2023-09-14T15:36:00+00:00,339.6828,339.0433,0.88,-0.56,-0.001883,2700000,ScoreExit,0.4185,-0.0768,0.5235,0.4183,0.3838,-0.5622,-0.2357,0.4029,,,
summary,2023-09-14,MSFT,,,,,,,-0.56,,1,,,,,,,,,,0.5055,2023-09-11T18:15:00+00:00,925,2090
summary,2023-09-15,SPY,,,,,,,0.00,,0,,,,,,,,,,0.4390,2023-09-12T17:24:00+00:00,1161,2722
summary,2023-09-15,QQQ,,,,,,,0.00,,0,,,,,,,,,,0.5095,2023-09-12T13:40:00+00:00,1140,2814
summary,2023-09-18,SPY,,,,,,,0.00,,0,,,,,,,,,,0.2894,2023-09-18T15:42:00+00:00,142,1189
summary,2023-09-18,QQQ,,,,,,,0.00,,0,,,,,,,,,,0.2859,2023-09-18T15:32:00+00:00,160,1186
summary,2023-09-18,MSFT,,,,,,,0.00,,0,,,,,,,,,,0.3221,2023-09-18T19:57:00+00:00,43,979
summary,2023-09-19,AAPL,,,,,,,0.00,,0,,,,,,,,,,0.6782,2023-09-18T13:31:00+00:00,930,1426
summary,2023-09-19,NVDA,,,,,,,0.00,,0,,,,,,,,,,0.7308,2023-09-18T14:09:00+00:00,759,1334
summary,2023-09-19,MSFT,,,,,,,0.00,,0,,,,,,,,,,0.5418,2023-09-18T15:32:00+00:00,385,1036
summary,2023-09-20,SPY,,,,,,,0.00,,0,,,,,,,,,,0.4082,2023-09-18T15:42:00+00:00,1015,2128
summary,2023-09-20,NVDA,,,,,,,0.00,,0,,,,,,,,,,0.7308,2023-09-18T14:09:00+00:00,927,2066
summary,2023-09-21,SPY,,,,,,,0.00,,0,,,,,,,,,,0.5354,2023-09-18T14:56:00+00:00,939,2754
summary,2023-09-21,AAPL,,,,,,,0.00,,0,,,,,,,,,,1.0000,2023-09-18T13:36:00+00:00,946,2708
summary,2023-09-21,NVDA,,,,,,,0.00,,0,,,,,,,,,,1.0000,2023-09-18T13:34:00+00:00,1060,2703
summary,2023-09-22,SPY,,,,,,,0.00,,0,,,,,,,,,,0.4815,2023-09-19T18:37:00+00:00,681,2865
summary,2023-09-22,NVDA,,,,,,,0.00,,0,,,,,,,,,,0.6544,2023-09-19T13:41:00+00:00,708,2866
summary,2023-09-22,MSFT,,,,,,,0.00,,0,,,,,,,,,,0.9306,2023-09-19T13:45:00+00:00,529,2220
summary,2023-09-25,QQQ,,,,,,,0.00,,0,,,,,,,,,,0.9238,2023-09-22T14:57:00+00:00,370,1241
summary,2023-09-25,AAPL,,,,,,,0.00,,0,,,,,,,,,,0.9544,2023-09-22T14:47:00+00:00,468,1139
trade,2023-09-25,NVDA,Long,2023-09-25T13:41:00+00:00,2023-09-25T15:00:00+00:00,417.9590,418.7443,0.54,0.42,0.001879,4740000,ScoreExit,0.5842,-0.0959,0.5888,0.6053,0.5403,-0.5510,-0.3010,0.4659,,,
summary,2023-09-25,NVDA,,,,,,,0.42,,1,,,,,,,,,,0.9444,2023-09-22T14:48:00+00:00,554,1158
summary,2023-09-25,MSFT,,,,,,,0.00,,0,,,,,,,,,,0.8874,2023-09-22T14:58:00+00:00,184,984
summary,2023-09-26,SPY,,,,,,,0.00,,0,,,,,,,,,,0.5042,2023-09-25T15:19:00+00:00,530,1498
summary,2023-09-26,QQQ,,,,,,,0.00,,0,,,,,,,,,,0.5598,2023-09-25T15:19:00+00:00,557,1548
summary,2023-09-26,AAPL,,,,,,,0.00,,0,,,,,,,,,,0.6343,2023-09-25T15:15:00+00:00,506,1305
summary,2023-09-26,MSFT,,,,,,,0.00,,0,,,,,,,,,,0.9200,2023-09-25T10:21:00+00:00,262,1070
summary,2023-09-27,QQQ,,,,,,,0.00,,0,,,,,,,,,,0.5598,2023-09-25T15:19:00+00:00,656,2420
summary,2023-09-27,AAPL,,,,,,,0.00,,0,,,,,,,,,,0.6343,2023-09-25T15:15:00+00:00,506,2038
trade,2023-09-27,NVDA,Long,2023-09-27T13:31:00+00:00,2023-09-27T14:01:00+00:00,424.9324,423.2780,0.71,-1.17,-0.003893,1800000,ScoreExit,0.4074,-0.1780,0.5281,0.4266,0.3288,-0.5175,-0.2717,0.1227,,,
summary,2023-09-27,NVDA,,,,,,,-1.17,,1,,,,,,,,,,0.7847,2023-09-25T13:46:00+00:00,995,2129
summary,2023-09-27,MSFT,,,,,,,0.00,,0,,,,,,,,,,0.9200,2023-09-25T10:21:00+00:00,372,1647
summary,2023-09-28,AAPL,,,,,,,0.00,,0,,,,,,,,,,0.7524,2023-09-25T13:56:00+00:00,478,2597
summary,2023-09-28,MSFT,,,,,,,0.00,,0,,,,,,,,,,0.5748,2023-09-25T13:40:00+00:00,591,2157
summary,2023-09-29,QQQ,,,,,,,0.00,,0,,,,,,,,,,0.4995,2023-09-26T13:38:00+00:00,1420,2982
summary,2023-09-29,AAPL,,,,,,,0.00,,0,,,,,,,,,,0.4116,2023-09-28T15:59:00+00:00,674,2644
summary,2023-09-29,MSFT,,,,,,,0.00,,0,,,,,,,,,,0.6281,2023-09-26T13:39:00+00:00,1082,2198
summary,2023-10-02,SPY,,,,,,,0.00,,0,,,,,,,,,,0.4315,2023-10-02T08:04:00+00:00,109,1180
summary,2023-10-02,NVDA,,,,,,,0.00,,0,,,,,,,,,,0.8853,2023-09-29T13:48:00+00:00,571,1158
trade,2023-10-02,MSFT,Long,2023-10-02T13:36:00+00:00,2023-10-02T14:43:00+00:00,317.3402,317.1598,0.95,-0.17,-0.000568,4020000,ScoreExit,0.4096,-0.0602,0.5745,0.4509,0.2720,-0.5478,-0.1457,0.2733,,,
summary,2023-10-02,MSFT,,,,,,,-0.17,,1,,,,,,,,,,0.8949,2023-09-29T13:48:00+00:00,453,981
summary,2023-10-03,SPY,,,,,,,0.00,,0,,,,,,,,,,0.4802,2023-10-02T15:21:00+00:00,373,1507
trade,2023-10-03,AAPL,Long,2023-10-03T13:51:00+00:00,2023-10-03T15:07:00+00:00,173.3970,171.4436,1.73,-3.38,-0.011266,4560000,MaxHoldTimeout,0.3748,0.0000,0.4808,0.4300,0.2289,-0.0201,0.1282,-0.1596,,,
summary,2023-10-03,AAPL,,,,,,,-3.38,,1,,,,,,,,,,0.6748,2023-10-02T14:03:00+00:00,501,1304
trade,2023-10-03,NVDA,Long,2023-10-03T13:51:00+00:00,2023-10-03T14:01:00+00:00,448.6596,448.3205,0.60,-0.20,-0.000756,600000,ScoreExit,0.4553,-0.1077,0.3350,0.4512,0.5036,-0.3184,-0.1622,0.0716,,,
summary,2023-10-03,NVDA,,,,,,,-0.20,,1,,,,,,,,,,0.8775,2023-10-02T09:42:00+00:00,692,1436
trade,2023-10-03,MSFT,Long,2023-10-03T13:30:00+00:00,2023-10-03T14:46:00+00:00,320.9312,315.4303,0.93,-5.14,-0.017140,4560000,MaxHoldTimeout,0.4131,0.0000,0.5897,0.4091,0.3621,-0.2450,-0.4089,-0.2212,,,
summary,2023-10-03,MSFT,,,,,,,-5.14,,1,,,,,,,,,,0.6520,2023-10-02T15:21:00+00:00,434,1116
summary,2023-10-04,SPY,,,,,,,0.00,,0,,,,,,,,,,0.4802,2023-10-02T15:21:00+00:00,568,2391
trade,2023-10-04,AAPL,Long,2023-10-04T14:31:00+00:00,2023-10-04T14:47:00+00:00,172.7568,172.8637,1.74,0.19,0.000619,960000,ScoreExit,0.3622,-0.0740,0.5569,0.4081,0.2055,-0.5066,-0.1593,0.2406,,,
summary,2023-10-04,AAPL,,,,,,,0.19,,1,,,,,,,,,,0.6748,2023-10-02T14:03:00+00:00,808,2102
summary,2023-10-04,NVDA,,,,,,,0.00,,0,,,,,,,,,,0.8775,2023-10-02T09:42:00+00:00,902,2224
summary,2023-10-04,MSFT,,,,,,,0.00,,0,,,,,,,,,,0.6520,2023-10-02T15:21:00+00:00,791,1752
summary,2023-10-05,MSFT,,,,,,,0.00,,0,,,,,,,,,,1.0000,2023-10-02T13:38:00+00:00,1064,2189
summary,2023-10-06,SPY,,,,,,,0.00,,0,,,,,,,,,,0.4890,2023-10-03T13:51:00+00:00,1277,2874
trade,2023-10-06,QQQ,Long,2023-10-06T14:31:00+00:00,2023-10-06T15:56:00+00:00,358.7426,362.3813,0.84,3.04,0.010143,5100000,SessionClose,0.4104,0.4608,0.5693,0.4464,0.2856,0.5293,0.4494,0.4607,,,
summary,2023-10-06,QQQ,,,,,,,3.04,,1,,,,,,,,,,0.6756,2023-10-03T13:54:00+00:00,1506,2962
trade,2023-10-06,AAPL,Long,2023-10-06T14:23:00+00:00,2023-10-06T15:56:00+00:00,174.2873,176.5220,1.72,3.85,0.012822,5580000,SessionClose,0.3780,0.4426,0.4534,0.3706,0.3676,0.4025,0.4223,0.4968,,,
summary,2023-10-06,AAPL,,,,,,,3.85,,1,,,,,,,,,,0.7195,2023-10-03T13:40:00+00:00,1512,2548
trade,2023-10-06,NVDA,Long,2023-10-06T14:13:00+00:00,2023-10-06T15:56:00+00:00,443.4780,453.3985,0.56,5.59,0.022370,6180000,SessionClose,0.4097,0.5379,0.5136,0.3695,0.4553,0.5346,0.4891,0.6366,,,
summary,2023-10-06,NVDA,,,,,,,5.59,,1,,,,,,,,,,0.9016,2023-10-03T13:54:00+00:00,1318,2686
summary,2023-10-09,SPY,,,,,,,0.00,,0,,,,,,,,,,0.9477,2023-10-06T15:04:00+00:00,961,1230
trade,2023-10-09,QQQ,Long,2023-10-09T13:46:00+00:00,2023-10-09T14:02:00+00:00,363.0339,362.8561,0.83,-0.15,-0.000490,960000,ScoreExit,0.4074,-0.0545,0.5344,0.3832,0.4136,-0.3358,-0.2163,0.3628,,,
summary,2023-10-09,QQQ,,,,,,,-0.15,,1,,,,,,,,,,0.9552,2023-10-06T14:45:00+00:00,989,1242
summary,2023-10-09,NVDA,,,,,,,0.00,,0,,,,,,,,,,0.9550,2023-10-06T14:45:00+00:00,787,1278
trade,2023-10-09,MSFT,Long,2023-10-09T13:49:00+00:00,2023-10-09T14:47:00+00:00,326.8580,326.3071,0.92,-0.51,-0.001686,3480000,ScoreExit,0.4304,-0.0530,0.5922,0.3982,0.4408,-0.1255,-0.2184,0.3019,,,
summary,2023-10-09,MSFT,,,,,,,-0.51,,1,,,,,,,,,,0.9739,2023-10-06T13:32:00+00:00,930,1070
trade,2023-10-10,QQQ,Long,2023-10-10T13:59:00+00:00,2023-10-10T15:56:00+00:00,367.7153,371.0037,0.82,2.68,0.008943,7020000,SessionClose,0.4023,0.2318,0.5333,0.3699,0.4233,0.4818,0.0257,0.5608,,,
summary,2023-10-10,QQQ,,,,,,,2.68,,1,,,,,,,,,,0.6519,2023-10-09T09:24:00+00:00,1153,1513
summary,2023-10-10,NVDA,,,,,,,0.00,,0,,,,,,,,,,0.6669,2023-10-09T17:44:00+00:00,962,1398
summary,2023-10-10,MSFT,,,,,,,0.00,,0,,,,,,,,,,0.6060,2023-10-09T08:56:00+00:00,818,1120
summary,2023-10-11,SPY,,,,,,,0.00,,0,,,,,,,,,,0.8005,2023-10-09T09:28:00+00:00,1621,2290
summary,2023-10-11,QQQ,,,,,,,0.00,,0,,,,,,,,,,0.6519,2023-10-09T09:24:00+00:00,1768,2329
trade,2023-10-11,NVDA,Long,2023-10-11T14:21:00+00:00,2023-10-11T15:27:00+00:00,464.6143,464.6356,0.65,0.01,0.000046,3960000,ScoreExit,0.4282,-0.0567,0.5617,0.3666,0.5068,-0.5104,-0.2222,0.4256,,,
summary,2023-10-11,NVDA,,,,,,,0.01,,1,,,,,,,,,,0.6669,2023-10-09T17:44:00+00:00,1570,2144
summary,2023-10-12,QQQ,,,,,,,0.00,,0,,,,,,,,,,0.7772,2023-10-09T13:49:00+00:00,2263,2875
trade,2023-10-12,AAPL,Long,2023-10-12T13:44:00+00:00,2023-10-12T15:45:00+00:00,180.6492,181.6955,1.66,1.74,0.005792,7260000,MaxHoldTimeout,0.3605,0.0660,0.5386,0.3572,0.3076,0.2954,-0.1301,0.3816,,,
summary,2023-10-12,AAPL,,,,,,,1.74,,1,,,,,,,,,,0.6962,2023-10-09T16:07:00+00:00,1820,2528
trade,2023-10-12,NVDA,Long,2023-10-12T13:52:00+00:00,2023-10-12T15:53:00+00:00,470.4761,473.1059,0.64,1.68,0.005590,7260000,MaxHoldTimeout,0.4201,0.2516,0.3889,0.4048,0.4610,0.1876,0.1251,0.5257,,,
summary,2023-10-12,NVDA,,,,,,,1.68,,1,,,,,,,,,,0.7798,2023-10-09T13:49:00+00:00,2146,2670
trade,2023-10-12,MSFT,Long,2023-10-12T14:11:00+00:00,2023-10-12T14:45:00+00:00,332.9148,331.9554,0.90,-0.86,-0.002882,2040000,ScoreExit,0.4055,-0.0596,0.5703,0.4486,0.2641,-0.5358,-0.1421,0.2641,,,
summary,2023-10-12,MSFT,,,,,,,-0.86,,1,,,,,,,,,,0.8977,2023-10-09T13:48:00+00:00,1526,2168
summary,2023-10-13,QQQ,,,,,,,0.00,,0,,,,,,,,,,0.9170,2023-10-10T14:52:00+00:00,1427,2923
summary,2023-10-13,NVDA,,,,,,,0.00,,0,,,,,,,,,,0.9558,2023-10-10T14:51:00+00:00,1780,2716
summary,2023-10-13,MSFT,,,,,,,0.00,,0,,,,,,,,,,0.6188,2023-10-10T15:54:00+00:00,1006,2162
trade,2023-10-16,SPY,Long,2023-10-16T14:16:00+00:00,2023-10-16T15:37:00+00:00,435.2105,435.9992,0.69,0.54,0.001812,4860000,ScoreExit,0.4037,-0.0547,0.5507,0.3204,0.5213,-0.4956,-0.2421,0.4668,,,
summary,2023-10-16,SPY,,,,,,,0.54,,1,,,,,,,,,,0.4880,2023-10-13T13:40:00+00:00,584,1211
trade,2023-10-16,QQQ,Long,2023-10-16T13:34:00+00:00,2023-10-16T13:49:00+00:00,367.8553,367.0449,0.82,-0.66,-0.002203,900000,ScoreExit,0.4183,-0.0528,0.5464,0.3987,0.4147,-0.5254,-0.1437,0.2866,,,
trade,2023-10-16,QQQ,Long,2023-10-16T14:21:00+00:00,2023-10-16T15:47:00+00:00,368.9256,368.7243,0.81,-0.16,-0.000546,5160000,MaxHoldTimeout,0.4164,0.0342,0.4079,0.3548,0.5425,-0.5461,-0.0933,0.4826,,,
summary,2023-10-16,QQQ,,,,,,,-0.82,,2,,,,,,,,,,0.4508,2023-10-16T14:29:00+00:00,454,1208
trade,2023-10-16,NVDA,Long,2023-10-16T13:36:00+00:00,2023-10-16T13:47:00+00:00,456.5719,454.9454,0.61,-0.99,-0.003563,660000,ScoreExit,0.4094,-0.0522,0.6232,0.5494,0.0581,-0.3413,-0.0592,0.0581,,,
trade,2023-10-16,NVDA,Long,2023-10-16T14:17:00+00:00,2023-10-16T15:22:00+00:00,458.6756,458.3704,0.50,-0.15,-0.000665,3900000,ScoreExit,0.4026,-0.0553,0.4678,0.3941,0.3978,-0.5460,-0.1382,0.2740,,,
summary,2023-10-16,NVDA,,,,,,,-1.14,,2,,,,,,,,,,0.6866,2023-10-13T13:56:00+00:00,363,1206
summary,2023-10-17,SPY,,,,,,,0.00,,0,,,,,,,,,,0.5542,2023-10-16T14:32:00+00:00,893,1459
summary,2023-10-17,QQQ,,,,,,,0.00,,0,,,,,,,,,,0.5881,2023-10-16T14:29:00+00:00,942,1502
summary,2023-10-17,AAPL,,,,,,,0.00,,0,,,,,,,,,,0.5878,2023-10-16T14:40:00+00:00,664,1296
summary,2023-10-17,MSFT,,,,,,,0.00,,0,,,,,,,,,,0.8966,2023-10-16T08:50:00+00:00,636,1133
summary,2023-10-18,QQQ,,,,,,,0.00,,0,,,,,,,,,,0.5881,2023-10-16T14:29:00+00:00,1019,2347
summary,2023-10-18,NVDA,,,,,,,0.00,,0,,,,,,,,,,0.6916,2023-10-16T13:35:00+00:00,668,2205
trade,2023-10-18,MSFT,Long,2023-10-18T13:33:00+00:00,2023-10-18T14:11:00+00:00,334.5853,333.4884,0.90,-0.98,-0.003278,2280000,ScoreExit,0.4055,-0.1069,0.5645,0.4420,0.2794,-0.5490,-0.1226,0.0719,,,
summary,2023-10-18,MSFT,,,,,,,-0.98,,1,,,,,,,,,,0.8966,2023-10-16T08:50:00+00:00,896,1769
summary,2023-10-19,SPY,,,,,,,0.00,,0,,,,,,,,,,0.8990,2023-10-16T15:00:00+00:00,705,2894
summary,2023-10-19,QQQ,,,,,,,0.00,,0,,,,,,,,,,0.8903,2023-10-16T14:32:00+00:00,789,2976
summary,2023-10-19,AAPL,,,,,,,0.00,,0,,,,,,,,,,1.0000,2023-10-16T13:34:00+00:00,873,2497
summary,2023-10-19,MSFT,,,,,,,0.00,,0,,,,,,,,,,0.9104,2023-10-16T14:40:00+00:00,997,2301
summary,2023-10-20,QQQ,,,,,,,0.00,,0,,,,,,,,,,0.9468,2023-10-17T14:45:00+00:00,466,3039
summary,2023-10-20,AAPL,,,,,,,0.00,,0,,,,,,,,,,0.9413,2023-10-17T14:45:00+00:00,699,2551
summary,2023-10-20,NVDA,,,,,,,0.00,,0,,,,,,,,,,0.9540,2023-10-17T14:49:00+00:00,574,2909
summary,2023-10-23,SPY,,,,,,,0.00,,0,,,,,,,,,,0.4384,2023-10-23T16:59:00+00:00,276,1250
summary,2023-10-23,QQQ,,,,,,,0.00,,0,,,,,,,,,,0.5542,2023-10-20T13:41:00+00:00,341,1231
summary,2023-10-23,AAPL,,,,,,,0.00,,0,,,,,,,,,,0.4915,2023-10-20T17:19:00+00:00,261,1182
trade,2023-10-23,NVDA,Long,2023-10-23T13:49:00+00:00,2023-10-23T15:50:00+00:00,415.1348,425.8972,0.62,6.65,0.025925,7260000,MaxHoldTimeout,0.4232,0.3046,0.6036,0.4210,0.3674,-0.2633,0.0914,0.9206,,,
summary,2023-10-23,NVDA,,,,,,,6.65,,1,,,,,,,,,,1.0000,2023-10-20T13:38:00+00:00,491,1201
summary,2023-10-23,MSFT,,,,,,,0.00,,0,,,,,,,,,,0.6532,2023-10-20T13:43:00+00:00,332,1024
summary,2023-10-24,SPY,,,,,,,0.00,,0,,,,,,,,,,0.5864,2023-10-23T16:59:00+00:00,1056,1538
summary,2023-10-24,AAPL,,,,,,,0.00,,0,,,,,,,,,,0.6019,2023-10-23T16:59:00+00:00,871,1339
summary,2023-10-24,NVDA,,,,,,,0.00,,0,,,,,,,,,,0.7752,2023-10-23T14:23:00+00:00,1230,1465
summary,2023-10-24,MSFT,,,,,,,0.00,,0,,,,,,,,,,0.6241,2023-10-23T16:59:00+00:00,875,1189
summary,2023-10-25,SPY,,,,,,,0.00,,0,,,,,,,,,,0.5864,2023-10-23T16:59:00+00:00,1253,2377
summary,2023-10-25,QQQ,,,,,,,0.00,,0,,,,,,,,,,0.6021,2023-10-23T14:24:00+00:00,1395,2459
summary,2023-10-25,NVDA,,,,,,,0.00,,0,,,,,,,,,,0.7752,2023-10-23T14:23:00+00:00,1518,2228
summary,2023-10-26,SPY,,,,,,,0.00,,0,,,,,,,,,,0.7445,2023-10-23T14:25:00+00:00,1126,2962
summary,2023-10-26,QQQ,,,,,,,0.00,,0,,,,,,,,,,0.9351,2023-10-23T14:44:00+00:00,1340,3074
summary,2023-10-26,AAPL,,,,,,,0.00,,0,,,,,,,,,,0.8969,2023-10-23T15:01:00+00:00,1027,2622
summary,2023-10-27,SPY,,,,,,,0.00,,0,,,,,,,,,,0.6287,2023-10-24T14:49:00+00:00,264,3006
summary,2023-10-27,AAPL,,,,,,,0.00,,0,,,,,,,,,,0.5893,2023-10-24T19:14:00+00:00,360,2756
summary,2023-10-27,NVDA,,,,,,,0.00,,0,,,,,,,,,,1.0000,2023-10-24T13:34:00+00:00,725,2830
trade,2023-10-30,SPY,Long,2023-10-30T13:31:00+00:00,2023-10-30T14:12:00+00:00,413.9091,413.8708,0.73,-0.03,-0.000093,2460000,ScoreExit,0.4106,-0.0553,0.4285,0.3632,0.4994,-0.5565,-0.2191,0.4395,,,
summary,2023-10-30,SPY,,,,,,,-0.03,,1,,,,,,,,,,0.4412,2023-10-27T15:14:00+00:00,595,1221
trade,2023-10-30,QQQ,Long,2023-10-30T13:33:00+00:00,2023-10-30T14:16:00+00:00,348.0494,348.5604,0.86,0.44,0.001468,2580000,ScoreExit,0.4115,-0.1116,0.4068,0.3629,0.5103,-0.5403,-0.3027,0.4137,,,
summary,2023-10-30,QQQ,,,,,,,0.44,,1,,,,,,,,,,0.6063,2023-10-27T15:22:00+00:00,624,1203
summary,2023-10-30,AAPL,,,,,,,0.00,,0,,,,,,,,,,0.8953,2023-10-27T14:06:00+00:00,666,1076
summary,2023-10-30,NVDA,,,,,,,0.00,,0,,,,,,,,,,0.6932,2023-10-27T15:23:00+00:00,559,1166
summary,2023-10-31,QQQ,,,,,,,0.00,,0,,,,,,,,,,0.7618,2023-10-30T09:17:00+00:00,872,1509
trade,2023-10-31,AAPL,Long,2023-10-31T14:43:00+00:00,2023-10-31T15:21:00+00:00,169.4359,169.3631,1.77,-0.13,-0.000430,2280000,ScoreExit,0.3601,-0.0830,0.5370,0.4214,0.1785,-0.4439,-0.1571,0.1853,,,
summary,2023-10-31,AAPL,,,,,,,-0.13,,1,,,,,,,,,,0.6834,2023-10-30T13:44:00+00:00,644,1291
summary,2023-10-31,NVDA,,,,,,,0.00,,0,,,,,,,,,,0.8445,2023-10-30T09:18:00+00:00,617,1363
trade,2023-11-01,SPY,Long,2023-11-01T14:21:00+00:00,2023-11-01T15:12:00+00:00,420.7962,420.8777,0.71,0.06,0.000194,3060000,ScoreExit,0.4072,-0.0577,0.5338,0.4052,0.3692,-0.5475,-0.1752,0.3406,,,
summary,2023-11-01,SPY,,,,,,,0.06,,1,,,,,,,,,,0.7253,2023-10-30T09:17:00+00:00,1477,2314
trade,2023-11-01,AAPL,Long,2023-11-01T14:21:00+00:00,2023-11-01T15:11:00+00:00,171.4864,171.2836,1.75,-0.36,-0.001183,3000000,ScoreExit,0.3640,-0.1114,0.5372,0.3630,0.3084,-0.3852,-0.3025,0.3621,,,
summary,2023-11-01,AAPL,,,,,,,-0.36,,1,,,,,,,,,,0.6834,2023-10-30T13:44:00+00:00,1136,1954
trade,2023-11-01,NVDA,Long,2023-11-01T14:44:00+00:00,2023-11-01T15:56:00+00:00,416.3099,418.7044,0.67,1.60,0.005752,4320000,SessionClose,0.4061,0.1905,0.3925,0.2801,0.6626,0.0484,0.0087,0.6014,,,
summary,2023-11-01,NVDA,,,,,,,1.60,,1,,,,,,,,,,0.8445,2023-10-30T09:18:00+00:00,1134,2096
trade,2023-11-02,AAPL,Long,2023-11-02T13:41:00+00:00,2023-11-02T15:42:00+00:00,176.5149,176.9169,1.70,0.68,0.002277,7260000,MaxHoldTimeout,0.3782,0.0517,0.5521,0.2534,0.5697,-0.0366,-0.2047,0.5939,,,
summary,2023-11-02,AAPL,,,,,,,0.68,,1,,,,,,,,,,1.0000,2023-10-30T13:37:00+00:00,1723,2594
summary,2023-11-02,MSFT,,,,,,,0.00,,0,,,,,,,,,,1.0000,2023-10-30T13:39:00+00:00,1602,2285
summary,2023-11-03,SPY,,,,,,,0.00,,0,,,,,,,,,,0.6743,2023-10-31T14:53:00+00:00,2333,2902
summary,2023-11-03,QQQ,,,,,,,0.00,,0,,,,,,,,,,0.7458,2023-10-31T14:54:00+00:00,2435,2974
trade,2023-11-03,NVDA,Long,2023-11-03T13:49:00+00:00,2023-11-03T15:50:00+00:00,442.3677,446.2211,0.55,2.12,0.008711,7260000,MaxHoldTimeout,0.4007,0.4487,0.4858,0.2719,0.6299,0.4184,0.3609,0.6343,,,
summary,2023-11-03,NVDA,,,,,,,2.12,,1,,,,,,,,,,0.9048,2023-10-31T15:00:00+00:00,2489,2734
summary,2023-11-06,SPY,,,,,,,0.00,,0,,,,,,,,,,0.5142,2023-11-03T16:19:00+00:00,694,1161
summary,2023-11-06,AAPL,,,,,,,0.00,,0,,,,,,,,,,0.9382,2023-11-03T13:44:00+00:00,965,1164
trade,2023-11-06,MSFT,Long,2023-11-06T14:31:00+00:00,2023-11-06T15:56:00+00:00,354.9715,357.0079,0.85,1.72,0.005737,5100000,SessionClose,0.4617,0.2341,0.5721,0.4224,0.5034,0.4537,0.0543,0.5205,,,
summary,2023-11-06,MSFT,,,,,,,1.72,,1,,,,,,,,,,0.8936,2023-11-03T14:18:00+00:00,815,1003
trade,2023-11-07,SPY,Long,2023-11-07T15:49:00+00:00,2023-11-07T15:56:00+00:00,437.2411,437.1038,0.69,-0.09,-0.000314,420000,SessionClose,0.4014,0.2887,0.5479,0.3754,0.4046,0.2039,0.2406,0.4133,,,
summary,2023-11-07,SPY,,,,,,,-0.09,,1,,,,,,,,,,0.4167,2023-11-06T11:44:00+00:00,692,1430
trade,2023-11-07,AAPL,Long,2023-11-07T15:58:00+00:00,2023-11-07T15:59:00+00:00,181.1693,181.1706,1.66,0.00,0.000007,60000,SessionClose,0.4278,0.4378,0.4329,0.3351,0.6113,0.5336,0.3351,0.6113,,,
summary,2023-11-07,AAPL,,,,,,,0.00,,1,,,,,,,,,,0.6641,2023-11-06T14:50:00+00:00,939,1295
trade,2023-11-07,MSFT,Long,2023-11-07T15:26:00+00:00,2023-11-07T15:56:00+00:00,359.7829,361.9164,0.83,1.78,0.005930,1800000,SessionClose,0.4302,0.3934,0.2831,0.3627,0.6143,0.5515,0.2566,0.6143,,,
summary,2023-11-07,MSFT,,,,,,,1.78,,1,,,,,,,,,,0.4998,2023-11-06T14:39:00+00:00,766,1132
summary,2023-11-08,QQQ,,,,,,,0.00,,0,,,,,,,,,,0.4650,2023-11-07T15:50:00+00:00,1357,2294
summary,2023-11-08,AAPL,,,,,,,0.00,,0,,,,,,,,,,0.6641,2023-11-06T14:50:00+00:00,1478,2013
trade,2023-11-08,NVDA,Long,2023-11-08T14:36:00+00:00,2023-11-08T15:21:00+00:00,462.7051,461.7664,0.65,-0.61,-0.002029,2700000,ScoreExit,0.4009,-0.0801,0.4485,0.4079,0.3708,-0.5499,-0.1887,0.2937,,,
summary,2023-11-08,NVDA,,,,,,,-0.61,,1,,,,,,,,,,0.8761,2023-11-06T10:10:00+00:00,1383,2127
trade,2023-11-08,MSFT,Long,2023-11-08T14:31:00+00:00,2023-11-08T15:01:00+00:00,362.3137,362.2713,0.83,-0.04,-0.000117,1800000,ScoreExit,0.4116,-0.1286,0.5541,0.4599,0.2674,-0.2890,-0.2812,0.2301,,,
summary,2023-11-08,MSFT,,,,,,,-0.04,,1,,,,,,,,,,0.4998,2023-11-06T14:39:00+00:00,1172,1727
summary,2023-11-09,SPY,,,,,,,0.00,,0,,,,,,,,,,0.4077,2023-11-07T15:49:00+00:00,1239,2713
summary,2023-11-09,QQQ,,,,,,,0.00,,0,,,,,,,,,,0.4560,2023-11-07T15:50:00+00:00,1679,2826
summary,2023-11-09,AAPL,,,,,,,0.00,,0,,,,,,,,,,0.9921,2023-11-06T14:38:00+00:00,1853,2511
trade,2023-11-09,NVDA,Long,2023-11-09T14:51:00+00:00,2023-11-09T15:56:00+00:00,474.4073,476.6787,0.47,1.08,0.004788,3900000,SessionClose,0.4166,0.2838,0.2265,0.3364,0.6402,0.2017,0.1302,0.6186,,,
summary,2023-11-09,NVDA,,,,,,,1.08,,1,,,,,,,,,,1.0000,2023-11-06T14:37:00+00:00,1921,2724
summary,2023-11-09,MSFT,,,,,,,0.00,,0,,,,,,,,,,0.7719,2023-11-06T15:22:00+00:00,1442,2198
summary,2023-11-10,AAPL,,,,,,,0.00,,0,,,,,,,,,,0.9553,2023-11-07T16:00:00+00:00,1964,2564
trade,2023-11-10,NVDA,Long,2023-11-10T14:44:00+00:00,2023-11-10T15:28:00+00:00,479.0289,474.9975,0.63,-2.53,-0.008416,2640000,ScoreExit,0.4977,-0.0538,0.5623,0.4908,0.4901,-0.4764,-0.2666,0.5126,,,
trade,2023-11-10,NVDA,Long,2023-11-10T15:56:00+00:00,2023-11-10T15:57:00+00:00,477.9683,477.8816,0.63,-0.05,-0.000182,60000,SessionClose,0.4403,0.4387,0.5554,0.3850,0.5126,0.5395,0.3850,0.5126,,,
trade,2023-11-10,NVDA,Long,2023-11-10T15:59:00+00:00,2023-11-10T16:00:00+00:00,478.7436,478.5814,0.63,-0.10,-0.000339,60000,SessionClose,0.4405,0.4412,0.5572,0.3850,0.5126,0.5642,0.3850,0.5126,,,
summary,2023-11-10,NVDA,,,,,,,-2.69,,3,,,,,,,,,,0.9559,2023-11-07T15:52:00+00:00,2127,2765
summary,2023-11-13,SPY,,,,,,,0.00,,0,,,,,,,,,,0.7495,2023-11-10T16:04:00+00:00,887,1178
summary,2023-11-13,QQQ,,,,,,,0.00,,0,,,,,,,,,,0.8567,2023-11-10T16:04:00+00:00,943,1193
summary,2023-11-14,MSFT,,,,,,,0.00,,0,,,,,,,,,,0.6620,2023-11-13T11:01:00+00:00,642,1147
trade,2023-11-15,AAPL,Long,2023-11-15T14:31:00+00:00,2023-11-15T15:56:00+00:00,187.9214,189.1132,1.60,1.90,0.006342,5100000,SessionClose,0.3742,0.4143,0.3260,0.3778,0.3832,0.5246,0.3732,0.4598,,,
trade,2023-11-15,AAPL,Long,2023-11-15T15:58:00+00:00,2023-11-15T15:59:00+00:00,189.1317,188.9883,1.59,-0.23,-0.000758,60000,SessionClose,0.3780,0.3713,0.1616,0.3732,0.4598,0.0947,0.3732,0.4598,,,
summary,2023-11-15,AAPL,,,,,,,1.68,,2,,,,,,,,,,0.5487,2023-11-14T13:49:00+00:00,1267,1969
summary,2023-11-15,NVDA,,,,,,,0.00,,0,,,,,,,,,,0.8737,2023-11-13T10:25:00+00:00,1553,2259
summary,2023-11-15,MSFT,,,,,,,0.00,,0,,,,,,,,,,0.6620,2023-11-13T11:01:00+00:00,1079,1844
summary,2023-11-16,SPY,,,,,,,0.00,,0,,,,,,,,,,0.7787,2023-11-13T15:53:00+00:00,1979,2790
summary,2023-11-16,NVDA,,,,,,,0.00,,0,,,,,,,,,,1.0000,2023-11-13T14:32:00+00:00,1569,2795
summary,2023-11-17,SPY,,,,,,,0.00,,0,,,,,,,,,,0.8519,2023-11-14T15:47:00+00:00,1669,2812
summary,2023-11-17,NVDA,,,,,,,0.00,,0,,,,,,,,,,0.9349,2023-11-14T15:44:00+00:00,1394,2801
trade,2023-11-20,QQQ,Long,2023-11-20T14:32:00+00:00,2023-11-20T15:56:00+00:00,387.3612,388.1785,0.77,0.63,0.002110,5040000,SessionClose,0.4058,0.3490,0.5655,0.3746,0.4151,0.5414,0.2520,0.4789,,,
summary,2023-11-20,QQQ,,,,,,,0.63,,1,,,,,,,,,,0.5042,2023-11-17T19:09:00+00:00,849,1204
trade,2023-11-20,AAPL,Long,2023-11-20T14:31:00+00:00,2023-11-20T15:56:00+00:00,190.6191,190.9177,1.57,0.47,0.001567,5100000,SessionClose,0.4442,0.3346,0.5229,0.3859,0.5346,0.4931,0.2119,0.5272,,,
summary,2023-11-20,AAPL,,,,,,,0.47,,1,,,,,,,,,,0.4510,2023-11-20T14:32:00+00:00,696,1089
trade,2023-11-20,NVDA,Long,2023-11-20T15:02:00+00:00,2023-11-20T15:56:00+00:00,496.5210,496.9359,0.55,0.23,0.000836,3240000,SessionClose,0.4633,0.1342,0.4986,0.4287,0.5207,-0.2851,0.0108,0.5207,,,
summary,2023-11-20,NVDA,,,,,,,0.23,,1,,,,,,,,,,0.8450,2023-11-17T14:51:00+00:00,695,1170
summary,2023-11-21,SPY,,,,,,,0.00,,0,,,,,,,,,,0.4704,2023-11-20T19:43:00+00:00,891,1398
summary,2023-11-21,QQQ,,,,,,,0.00,,0,,,,,,,,,,0.5616,2023-11-20T10:11:00+00:00,895,1507
summary,2023-11-21,NVDA,,,,,,,0.00,,0,,,,,,,,,,0.6409,2023-11-20T19:22:00+00:00,1017,1468
summary,2023-11-21,MSFT,,,,,,,0.00,,0,,,,,,,,,,1.0000,2023-11-20T09:00:00+00:00,617,1479
summary,2023-11-22,SPY,,,,,,,0.00,,0,,,,,,,,,,0.4704,2023-11-20T19:43:00+00:00,1358,2195
trade,2023-11-22,AAPL,Long,2023-11-22T14:31:00+00:00,2023-11-22T14:55:00+00:00,192.4228,191.7275,1.56,-1.08,-0.003614,1440000,ScoreExit,0.4227,-0.0589,0.5835,0.4549,0.3048,-0.5646,-0.1387,0.2693,,,
summary,2023-11-22,AAPL,,,,,,,-1.08,,1,,,,,,,,,,0.7596,2023-11-20T10:14:00+00:00,1116,1932
summary,2023-11-22,MSFT,,,,,,,0.00,,0,,,,,,,,,,1.0000,2023-11-20T09:00:00+00:00,1105,2242
summary,2023-11-23,SPY,,,,,,,0.00,,0,,,,,,,,,,0.7797,2023-11-20T16:03:00+00:00,1304,2118
summary,2023-11-23,AAPL,,,,,,,0.00,,0,,,,,,,,,,0.7974,2023-11-20T14:33:00+00:00,907,1830
summary,2023-11-23,NVDA,,,,,,,0.00,,0,,,,,,,,,,0.8909,2023-11-20T15:04:00+00:00,1267,2393
summary,2023-11-23,MSFT,,,,,,,0.00,,0,,,,,,,,,,1.0000,2023-11-20T14:35:00+00:00,1101,2002
summary,2023-11-24,AAPL,,,,,,,0.00,,0,,,,,,,,,,0.4773,2023-11-22T14:30:00+00:00,605,1598
summary,2023-11-24,MSFT,,,,,,,0.00,,0,,,,,,,,,,0.7238,2023-11-21T14:38:00+00:00,904,1610
summary,2023-11-27,SPY,,,,,,,0.00,,0,,,,,,,,,,0.3249,2023-11-24T17:16:00+00:00,333,937
summary,2023-11-27,QQQ,,,,,,,0.00,,0,,,,,,,,,,0.3610,2023-11-24T16:53:00+00:00,399,917
summary,2023-11-27,AAPL,,,,,,,0.00,,0,,,,,,,,,,0.3933,2023-11-27T16:54:00+00:00,325,831
summary,2023-11-27,MSFT,,,,,,,0.00,,0,,,,,,,,,,0.4497,2023-11-24T14:37:00+00:00,456,769
summary,2023-11-28,SPY,,,,,,,0.00,,0,,,,,,,,,,0.6951,2023-11-27T10:26:00+00:00,682,1337
trade,2023-11-28,AAPL,Long,2023-11-28T15:39:00+00:00,2023-11-28T15:56:00+00:00,190.2721,189.9780,1.58,-0.46,-0.001546,1020000,SessionClose,0.3532,0.0083,0.5401,0.3693,0.2588,-0.5399,-0.0070,0.2217,,,
summary,2023-11-28,AAPL,,,,,,,-0.46,,1,,,,,,,,,,0.7245,2023-11-27T11:00:00+00:00,677,1188
summary,2023-11-28,NVDA,,,,,,,0.00,,0,,,,,,,,,,0.6604,2023-11-27T12:18:00+00:00,694,1316
trade,2023-11-28,MSFT,Long,2023-11-28T14:31:00+00:00,2023-11-28T15:56:00+00:00,379.1987,380.9607,0.79,1.39,0.004647,5100000,SessionClose,0.4057,0.1079,0.5425,0.4320,0.3075,-0.5515,0.0093,0.5248,,,
summary,2023-11-28,MSFT,,,,,,,1.39,,1,,,,,,,,,,0.5928,2023-11-27T17:10:00+00:00,702,1067
summary,2023-11-29,SPY,,,,,,,0.00,,0,,,,,,,,,,0.6951,2023-11-27T10:26:00+00:00,1131,2088
trade,2023-11-29,AAPL,Long,2023-11-29T14:31:00+00:00,2023-11-29T15:06:00+00:00,191.9126,191.2976,1.56,-0.96,-0.003204,2100000,ScoreExit,0.3934,-0.0870,0.5944,0.4075,0.2981,-0.5592,-0.1626,0.2218,,,
summary,2023-11-29,AAPL,,,,,,,-0.96,,1,,,,,,,,,,0.7245,2023-11-27T11:00:00+00:00,859,1925
trade,2023-11-29,NVDA,Long,2023-11-29T14:46:00+00:00,2023-11-29T15:06:00+00:00,486.2308,483.6468,0.62,-1.60,-0.005314,1200000,ScoreExit,0.4151,-0.1463,0.5149,0.4181,0.3756,-0.5390,-0.3141,0.3202,,,
summary,2023-11-29,NVDA,,,,,,,-1.60,,1,,,,,,,,,,0.6604,2023-11-27T12:18:00+00:00,1072,2093
summary,2023-11-29,MSFT,,,,,,,0.00,,0,,,,,,,,,,0.5928,2023-11-27T17:10:00+00:00,920,1704
summary,2023-11-30,SPY,,,,,,,0.00,,0,,,,,,,,,,0.3921,2023-11-27T15:41:00+00:00,1151,2645
summary,2023-11-30,AAPL,,,,,,,0.00,,0,,,,,,,,,,0.6429,2023-11-27T16:54:00+00:00,923,2420
summary,2023-11-30,MSFT,,,,,,,0.00,,0,,,,,,,,,,0.7121,2023-11-27T17:10:00+00:00,920,2221
summary,2023-12-01,SPY,,,,,,,0.00,,0,,,,,,,,,,0.8229,2023-11-28T15:44:00+00:00,1467,2677
summary,2023-12-01,AAPL,,,,,,,0.00,,0,,,,,,,,,,0.8365,2023-11-28T15:42:00+00:00,913,2416
summary,2023-12-04,QQQ,,,,,,,0.00,,0,,,,,,,,,,0.6421,2023-12-01T16:04:00+00:00,575,1196
summary,2023-12-04,AAPL,,,,,,,0.00,,0,,,,,,,,,,0.8351,2023-12-01T16:04:00+00:00,455,1063
summary,2023-12-04,NVDA,,,,,,,0.00,,0,,,,,,,,,,1.0000,2023-12-01T14:40:00+00:00,355,1143
summary,2023-12-04,MSFT,,,,,,,0.00,,0,,,,,,,,,,0.5417,2023-12-01T17:54:00+00:00,227,991
summary,2023-12-05,SPY,,,,,,,0.00,,0,,,,,,,,,,0.3871,2023-12-04T17:33:00+00:00,669,1415
trade,2023-12-05,QQQ,Long,2023-12-05T15:01:00+00:00,2023-12-05T15:56:00+00:00,387.0311,388.2985,0.78,0.98,0.003275,3300000,SessionClose,0.4757,0.3012,0.5633,0.4543,0.4894,0.4576,0.1784,0.4945,,,
summary,2023-12-05,QQQ,,,,,,,0.98,,1,,,,,,,,,,0.4774,2023-12-05T15:04:00+00:00,706,1497
trade,2023-12-05,AAPL,Long,2023-12-05T14:31:00+00:00,2023-12-05T15:56:00+00:00,191.4524,194.1367,1.57,4.21,0.014021,5100000,SessionClose,0.5703,0.3568,0.5457,0.4949,0.7292,0.3396,0.1393,0.7973,,,
trade,2023-12-05,AAPL,Long,2023-12-05T15:58:00+00:00,2023-12-05T15:59:00+00:00,194.3033,194.1517,1.55,-0.23,-0.000780,60000,SessionClose,0.3569,0.3414,0.3407,0.1393,0.7973,0.1865,0.1393,0.7973,,,
summary,2023-12-05,AAPL,,,,,,,3.97,,2,,,,,,,,,,0.6405,2023-12-05T15:04:00+00:00,667,1263
summary,2023-12-05,NVDA,,,,,,,0.00,,0,,,,,,,,,,0.7022,2023-12-05T15:04:00+00:00,618,1382
summary,2023-12-06,SPY,,,,,,,0.00,,0,,,,,,,,,,0.3871,2023-12-04T17:33:00+00:00,1088,2181
summary,2023-12-06,AAPL,,,,,,,0.00,,0,,,,,,,,,,0.6405,2023-12-05T15:04:00+00:00,1126,1987
summary,2023-12-06,MSFT,,,,,,,0.00,,0,,,,,,,,,,0.6145,2023-12-04T16:58:00+00:00,1114,1752
summary,2023-12-07,SPY,,,,,,,0.00,,0,,,,,,,,,,0.4496,2023-12-04T17:14:00+00:00,1342,2709
summary,2023-12-07,QQQ,,,,,,,0.00,,0,,,,,,,,,,0.5281,2023-12-04T16:58:00+00:00,1632,2895
summary,2023-12-07,AAPL,,,,,,,0.00,,0,,,,,,,,,,0.6201,2023-12-05T14:40:00+00:00,1585,2480
trade,2023-12-07,NVDA,Long,2023-12-07T14:35:00+00:00,2023-12-07T15:56:00+00:00,462.0836,462.7894,0.65,0.46,0.001528,4860000,SessionClose,0.4099,0.2300,0.6057,0.4919,0.1807,-0.5229,0.2667,0.4076,,,
summary,2023-12-07,NVDA,,,,,,,0.46,,1,,,,,,,,,,0.8991,2023-12-04T15:04:00+00:00,1329,2836
summary,2023-12-08,SPY,,,,,,,0.00,,0,,,,,,,,,,0.8183,2023-12-05T15:59:00+00:00,1457,2676
trade,2023-12-08,QQQ,Long,2023-12-08T15:06:00+00:00,2023-12-08T15:36:00+00:00,390.8922,390.7577,0.77,-0.10,-0.000344,1800000,ScoreExit,0.4266,-0.0671,0.5327,0.4437,0.3569,-0.5665,-0.1958,0.3569,,,
summary,2023-12-08,QQQ,,,,,,,-0.10,,1,,,,,,,,,,0.9569,2023-12-05T15:46:00+00:00,1631,2827
trade,2023-12-08,NVDA,Long,2023-12-08T14:31:00+00:00,2023-12-08T15:56:00+00:00,467.9904,476.6919,0.64,5.58,0.018594,5100000,SessionClose,0.4435,0.3957,0.5665,0.4183,0.4530,0.1939,0.3210,0.6124,,,
trade,2023-12-08,NVDA,Long,2023-12-08T15:58:00+00:00,2023-12-08T15:59:00+00:00,477.2381,477.0817,0.63,-0.10,-0.000328,60000,SessionClose,0.4196,0.4306,0.4322,0.3210,0.6124,0.5428,0.3210,0.6124,,,
summary,2023-12-08,NVDA,,,,,,,5.49,,2,,,,,,,,,,0.9579,2023-12-05T15:54:00+00:00,1723,2833
trade,2023-12-08,MSFT,Long,2023-12-08T15:07:00+00:00,2023-12-08T15:41:00+00:00,371.8265,371.1836,0.81,-0.52,-0.001729,2040000,ScoreExit,0.4224,-0.0646,0.5701,0.4541,0.3097,-0.5116,-0.1585,0.2723,,,
summary,2023-12-08,MSFT,,,,,,,-0.52,,1,,,,,,,,,,0.9578,2023-12-05T15:46:00+00:00,1222,2178
summary,2023-12-11,AAPL,,,,,,,0.00,,0,,,,,,,,,,0.7520,2023-12-08T15:55:00+00:00,479,1109
summary,2023-12-11,NVDA,,,,,,,0.00,,0,,,,,,,,,,1.0000,2023-12-08T14:40:00+00:00,625,1132
summary,2023-12-11,MSFT,,,,,,,0.00,,0,,,,,,,,,,0.9465,2023-12-08T15:55:00+00:00,569,985
summary,2023-12-12,SPY,,,,,,,0.00,,0,,,,,,,,,,0.3838,2023-12-12T20:07:00+00:00,996,1378
trade,2023-12-12,AAPL,Long,2023-12-12T15:37:00+00:00,2023-12-12T15:56:00+00:00,193.2228,193.0371,1.55,-0.29,-0.000961,1140000,SessionClose,0.3535,0.1595,0.5450,0.3752,0.2462,-0.3576,0.2103,0.2304,,,
summary,2023-12-12,AAPL,,,,,,,-0.29,,1,,,,,,,,,,0.4296,2023-12-11T12:18:00+00:00,702,1276
trade,2023-12-12,NVDA,Long,2023-12-12T14:36:00+00:00,2023-12-12T15:56:00+00:00,464.3643,471.5435,0.46,3.28,0.015460,4800000,SessionClose,0.4432,0.3480,0.4430,0.4526,0.4243,0.5502,0.1809,0.6147,,,
summary,2023-12-12,NVDA,,,,,,,3.28,,1,,,,,,,,,,0.6663,2023-12-11T12:18:00+00:00,872,1324
summary,2023-12-13,SPY,,,,,,,0.00,,0,,,,,,,,,,0.4380,2023-12-13T19:40:00+00:00,1490,2127
summary,2023-12-13,QQQ,,,,,,,0.00,,0,,,,,,,,,,0.5236,2023-12-11T18:04:00+00:00,1788,2256
trade,2023-12-13,AAPL,Long,2023-12-13T15:27:00+00:00,2023-12-13T15:56:00+00:00,196.4789,196.1411,1.53,-0.52,-0.001719,1740000,SessionClose,0.3544,0.0586,0.5173,0.3124,0.3842,-0.5101,-0.0094,0.3842,,,
summary,2023-12-13,AAPL,,,,,,,-0.52,,1,,,,,,,,,,0.4296,2023-12-11T12:18:00+00:00,1252,1957
summary,2023-12-13,NVDA,,,,,,,0.00,,0,,,,,,,,,,0.6663,2023-12-11T12:18:00+00:00,1420,2072
summary,2023-12-13,MSFT,,,,,,,0.00,,0,,,,,,,,,,0.5710,2023-12-11T15:50:00+00:00,1161,1740
trade,2023-12-14,AAPL,Long,2023-12-14T14:31:00+00:00,2023-12-14T15:56:00+00:00,198.7646,199.1452,1.51,0.57,0.001915,5100000,SessionClose,0.4633,0.1872,0.5503,0.4188,0.5235,0.4018,-0.0109,0.5119,,,
summary,2023-12-14,AAPL,,,,,,,0.57,,1,,,,,,,,,,0.5273,2023-12-12T00:23:00+00:00,1893,2576
summary,2023-12-15,SPY,,,,,,,0.00,,0,,,,,,,,,,0.7825,2023-12-12T16:04:00+00:00,2044,2859
summary,2023-12-15,AAPL,,,,,,,0.00,,0,,,,,,,,,,0.8945,2023-12-12T15:42:00+00:00,2064,2605
summary,2023-12-15,MSFT,,,,,,,0.00,,0,,,,,,,,,,0.7121,2023-12-12T16:03:00+00:00,1220,2452
summary,2023-12-18,SPY,,,,,,,0.00,,0,,,,,,,,,,0.7448,2023-12-15T15:53:00+00:00,713,1141
summary,2023-12-18,AAPL,,,,,,,0.00,,0,,,,,,,,,,0.5705,2023-12-15T15:22:00+00:00,233,1185
summary,2023-12-18,NVDA,,,,,,,0.00,,0,,,,,,,,,,1.0000,2023-12-15T14:33:00+00:00,802,1117
trade,2023-12-18,MSFT,Long,2023-12-18T15:20:00+00:00,2023-12-18T15:56:00+00:00,371.4964,370.6638,0.81,-0.67,-0.002241,2160000,SessionClose,0.4038,-0.0208,0.5582,0.3462,0.4675,-0.2611,-0.1674,0.3525,,,
summary,2023-12-18,MSFT,,,,,,,-0.67,,1,,,,,,,,,,1.0000,2023-12-15T14:36:00+00:00,795,999
summary,2023-12-19,SPY,,,,,,,0.00,,0,,,,,,,,,,0.4847,2023-12-18T10:33:00+00:00,873,1309
summary,2023-12-19,QQQ,,,,,,,0.00,,0,,,,,,,,,,0.4495,2023-12-18T17:19:00+00:00,964,1383
trade,2023-12-19,AAPL,Long,2023-12-19T15:31:00+00:00,2023-12-19T15:56:00+00:00,196.6685,196.7260,1.53,0.09,0.000292,1500000,SessionClose,0.3687,0.2575,0.5140,0.3248,0.4080,0.5306,0.1311,0.4191,,,
summary,2023-12-19,AAPL,,,,,,,0.09,,1,,,,,,,,,,0.5659,2023-12-18T18:29:00+00:00,771,1275
summary,2023-12-19,MSFT,,,,,,,0.00,,0,,,,,,,,,,0.6088,2023-12-18T15:27:00+00:00,733,1070
summary,2023-12-20,SPY,,,,,,,0.00,,0,,,,,,,,,,0.4847,2023-12-18T10:33:00+00:00,1303,2066
summary,2023-12-20,AAPL,,,,,,,0.00,,0,,,,,,,,,,0.5659,2023-12-18T18:29:00+00:00,1205,1984
summary,2023-12-21,SPY,,,,,,,0.00,,0,,,,,,,,,,0.5000,2023-12-18T17:19:00+00:00,1279,2733
summary,2023-12-22,SPY,,,,,,,0.00,,0,,,,,,,,,,0.7348,2023-12-19T16:04:00+00:00,1355,2808
summary,2023-12-22,QQQ,,,,,,,0.00,,0,,,,,,,,,,0.6221,2023-12-19T16:04:00+00:00,1326,2844
summary,2023-12-22,AAPL,,,,,,,0.00,,0,,,,,,,,,,0.5055,2023-12-19T15:32:00+00:00,547,2533
summary,2023-12-22,MSFT,,,,,,,0.00,,0,,,,,,,,,,0.4919,2023-12-19T20:59:00+00:00,1158,2187
summary,2023-12-25,SPY,,,,,,,0.00,,0,,,,,,,,,,0.3998,2023-12-22T14:40:00+00:00,96,499
summary,2023-12-25,NVDA,,,,,,,0.00,,0,,,,,,,,,,0.7696,2023-12-22T15:44:00+00:00,39,519
summary,2023-12-25,MSFT,,,,,,,0.00,,0,,,,,,,,,,0.7694,2023-12-22T15:40:00+00:00,293,474
summary,2023-12-26,SPY,,,,,,,0.00,,0,,,,,,,,,,0.4330,2023-12-26T11:04:00+00:00,357,557
summary,2023-12-26,QQQ,,,,,,,0.00,,0,,,,,,,,,,0.4077,2023-12-26T10:42:00+00:00,356,572
summary,2023-12-26,AAPL,,,,,,,0.00,,0,,,,,,,,,,0.3164,2023-12-26T20:27:00+00:00,91,522
trade,2023-12-26,NVDA,Long,2023-12-26T14:31:00+00:00,2023-12-26T15:30:00+00:00,490.9422,493.8668,0.61,1.79,0.005957,3540000,ScoreExit,0.4415,-0.0735,0.5516,0.4418,0.4043,-0.4511,-0.0776,0.0605,,,
summary,2023-12-26,NVDA,,,,,,,1.79,,1,,,,,,,,,,0.6817,2023-12-26T14:40:00+00:00,249,545
summary,2023-12-27,SPY,,,,,,,0.00,,0,,,,,,,,,,0.4330,2023-12-26T11:04:00+00:00,787,1256
summary,2023-12-27,QQQ,,,,,,,0.00,,0,,,,,,,,,,0.4077,2023-12-26T10:42:00+00:00,860,1309
summary,2023-12-27,AAPL,,,,,,,0.00,,0,,,,,,,,,,0.3819,2023-12-27T18:44:00+00:00,349,1162
summary,2023-12-27,NVDA,,,,,,,0.00,,0,,,,,,,,,,0.6817,2023-12-26T14:40:00+00:00,698,1222
summary,2023-12-27,MSFT,,,,,,,0.00,,0,,,,,,,,,,0.4190,2023-12-26T14:42:00+00:00,337,985
summary,2023-12-28,SPY,,,,,,,0.00,,0,,,,,,,,,,0.4330,2023-12-26T11:04:00+00:00,1271,1992
summary,2023-12-28,QQQ,,,,,,,0.00,,0,,,,,,,,,,0.4077,2023-12-26T10:42:00+00:00,1307,2056
summary,2023-12-28,MSFT,,,,,,,0.00,,0,,,,,,,,,,0.4190,2023-12-26T14:42:00+00:00,735,1556
summary,2023-12-29,SPY,,,,,,,0.00,,0,,,,,,,,,,0.4041,2023-12-26T20:31:00+00:00,1483,2543
summary,2023-12-29,AAPL,,,,,,,0.00,,0,,,,,,,,,,0.3927,2023-12-26T14:43:00+00:00,928,2354
summary,2023-12-29,NVDA,,,,,,,0.00,,0,,,,,,,,,,1.0000,2023-12-26T14:40:00+00:00,1369,2416
summary,2023-12-29,MSFT,,,,,,,0.00,,0,,,,,,,,,,0.6256,2023-12-26T14:42:00+00:00,923,2028
