row_type,date,ticker,direction,entry_time,exit_time,entry_price,exit_price,size,pnl,pnl_pct,hold_duration_ms,exit_reason,entry_composite,exit_composite,entry_1m,entry_5m,entry_1h,exit_1m,exit_5m,exit_1h,max_composite,max_composite_time,positive_ticks,total_ticks
summary,2025-01-01,SPY,,,,,,,0.00,,0,,,,,,,,,,0.5636,2024-12-30T17:48:00+00:00,631,1487
summary,2025-01-01,QQQ,,,,,,,0.00,,0,,,,,,,,,,0.5806,2024-12-30T17:48:00+00:00,605,1636
summary,2025-01-02,SPY,,,,,,,0.00,,0,,,,,,,,,,0.6109,2024-12-30T16:43:00+00:00,872,1910
trade,2025-01-02,NVDA,Long,2025-01-02T14:54:00+00:00,2025-01-02T15:56:00+00:00,137.0061,137.5437,2.19,1.18,0.003924,3720000,SessionClose,0.4007,0.1905,0.6128,0.4136,0.3042,0.4109,0.0442,0.4097,,,
summary,2025-01-02,NVDA,,,,,,,1.18,,1,,,,,,,,,,1.0000,2024-12-30T14:38:00+00:00,1123,2290
trade,2025-01-03,NVDA,Long,2025-01-03T15:09:00+00:00,2025-01-03T15:56:00+00:00,144.0382,142.8971,2.09,-2.38,-0.007922,2820000,SessionClose,0.5978,0.1264,0.4244,0.6154,0.6205,-0.5027,-0.0158,0.6205,,,
summary,2025-01-03,NVDA,,,,,,,-2.38,,1,,,,,,,,,,0.8993,2024-12-31T15:27:00+00:00,1512,2301
trade,2025-01-06,SPY,Long,2025-01-06T15:03:00+00:00,2025-01-06T15:56:00+00:00,598.3845,598.8753,0.50,0.25,0.000820,3180000,SessionClose,0.4068,0.2289,0.5221,0.3502,0.4817,0.4777,0.0610,0.4817,,,
summary,2025-01-06,SPY,,,,,,,0.25,,1,,,,,,,,,,0.7431,2025-01-03T16:03:00+00:00,962,1171
trade,2025-01-06,QQQ,Long,2025-01-06T14:31:00+00:00,2025-01-06T15:56:00+00:00,524.6724,527.4667,0.57,1.60,0.005326,5100000,SessionClose,0.4134,0.1954,0.5190,0.3469,0.5112,0.4013,-0.0123,0.5423,,,
summary,2025-01-06,QQQ,,,,,,,1.60,,1,,,,,,,,,,0.7286,2025-01-03T14:39:00+00:00,1036,1237
summary,2025-01-06,NVDA,,,,,,,0.00,,0,,,,,,,,,,1.0000,2025-01-03T14:32:00+00:00,1288,1351
summary,2025-01-07,SPY,,,,,,,0.00,,0,,,,,,,,,,0.7280,2025-01-06T10:19:00+00:00,517,1426
summary,2025-01-07,QQQ,,,,,,,0.00,,0,,,,,,,,,,0.7862,2025-01-06T10:22:00+00:00,717,1546
summary,2025-01-07,MSFT,,,,,,,0.00,,0,,,,,,,,,,0.9246,2025-01-06T10:22:00+00:00,393,1188
summary,2025-01-08,QQQ,,,,,,,0.00,,0,,,,,,,,,,0.7862,2025-01-06T10:22:00+00:00,718,2410
summary,2025-01-08,AAPL,,,,,,,0.00,,0,,,,,,,,,,0.6023,2025-01-06T16:06:00+00:00,436,2088
summary,2025-01-08,NVDA,,,,,,,0.00,,0,,,,,,,,,,0.8922,2025-01-06T09:53:00+00:00,1130,2641
summary,2025-01-08,MSFT,,,,,,,0.00,,0,,,,,,,,,,0.9246,2025-01-06T10:22:00+00:00,442,1769
summary,2025-01-09,AAPL,,,,,,,0.00,,0,,,,,,,,,,0.9551,2025-01-06T15:45:00+00:00,239,1944
summary,2025-01-09,NVDA,,,,,,,0.00,,0,,,,,,,,,,1.0000,2025-01-06T14:36:00+00:00,607,2550
summary,2025-01-09,MSFT,,,,,,,0.00,,0,,,,,,,,,,0.9373,2025-01-06T14:43:00+00:00,307,1622
summary,2025-01-10,AAPL,,,,,,,0.00,,0,,,,,,,,,,0.8735,2025-01-07T14:45:00+00:00,353,1754
summary,2025-01-10,NVDA,,,,,,,0.00,,0,,,,,,,,,,0.4246,2025-01-08T15:03:00+00:00,217,2311
summary,2025-01-10,MSFT,,,,,,,0.00,,0,,,,,,,,,,0.5984,2025-01-07T14:57:00+00:00,460,1537
summary,2025-01-13,AAPL,,,,,,,0.00,,0,,,,,,,,,,0.5794,2025-01-10T18:34:00+00:00,355,1155
summary,2025-01-13,NVDA,,,,,,,0.00,,0,,,,,,,,,,0.9552,2025-01-10T15:46:00+00:00,564,1349
summary,2025-01-14,QQQ,,,,,,,0.00,,0,,,,,,,,,,0.7061,2025-01-13T10:34:00+00:00,1060,1593
summary,2025-01-14,NVDA,,,,,,,0.00,,0,,,,,,,,,,0.6462,2025-01-13T15:48:00+00:00,950,1681
summary,2025-01-14,MSFT,,,,,,,0.00,,0,,,,,,,,,,0.8004,2025-01-13T10:30:00+00:00,606,1124
summary,2025-01-15,SPY,,,,,,,0.00,,0,,,,,,,,,,0.5158,2025-01-13T18:34:00+00:00,1631,2278
summary,2025-01-15,AAPL,,,,,,,0.00,,0,,,,,,,,,,0.7774,2025-01-13T10:32:00+00:00,1346,2051
trade,2025-01-15,NVDA,Long,2025-01-15T15:16:00+00:00,2025-01-15T15:56:00+00:00,134.0202,135.4344,2.24,3.16,0.010552,2400000,SessionClose,0.4164,0.3087,0.2265,0.3679,0.5767,0.5556,0.1335,0.5767,,,
summary,2025-01-15,NVDA,,,,,,,3.16,,1,,,,,,,,,,0.6462,2025-01-13T15:48:00+00:00,1491,2637
trade,2025-01-15,MSFT,Long,2025-01-15T14:41:00+00:00,2025-01-15T15:56:00+00:00,422.4117,425.1574,0.71,1.95,0.006500,4500000,SessionClose,0.4127,0.0392,0.5074,0.3604,0.4857,-0.3250,-0.1173,0.4736,,,
summary,2025-01-15,MSFT,,,,,,,1.95,,1,,,,,,,,,,0.8004,2025-01-13T10:30:00+00:00,1093,1718
summary,2025-01-16,SPY,,,,,,,0.00,,0,,,,,,,,,,0.8841,2025-01-13T15:46:00+00:00,2101,2829
summary,2025-01-16,QQQ,,,,,,,0.00,,0,,,,,,,,,,0.9504,2025-01-13T15:49:00+00:00,2172,2990
summary,2025-01-16,AAPL,,,,,,,0.00,,0,,,,,,,,,,0.7367,2025-01-13T17:19:00+00:00,1539,2480
summary,2025-01-16,NVDA,,,,,,,0.00,,0,,,,,,,,,,1.0000,2025-01-13T14:30:00+00:00,2198,3267
summary,2025-01-16,MSFT,,,,,,,0.00,,0,,,,,,,,,,0.8481,2025-01-13T14:37:00+00:00,1435,2170
summary,2025-01-17,SPY,,,,,,,0.00,,0,,,,,,,,,,0.5382,2025-01-15T13:39:00+00:00,1977,2813
trade,2025-01-17,NVDA,Long,2025-01-17T15:59:00+00:00,2025-01-17T16:00:00+00:00,137.9064,138.0236,2.18,0.26,0.000850,60000,SessionClose,0.4045,0.4600,-0.0069,0.3885,0.5737,0.5472,0.3885,0.5737,,,
summary,2025-01-17,NVDA,,,,,,,0.26,,1,,,,,,,,,,0.8394,2025-01-14T14:38:00+00:00,1844,3265
summary,2025-01-17,MSFT,,,,,,,0.00,,0,,,,,,,,,,0.7440,2025-01-14T14:36:00+00:00,1471,2203
summary,2025-01-20,AAPL,,,,,,,0.00,,0,,,,,,,,,,0.5034,2025-01-17T15:58:00+00:00,48,547
summary,2025-01-20,NVDA,,,,,,,0.00,,0,,,,,,,,,,0.9584,2025-01-17T15:40:00+00:00,522,630
summary,2025-01-20,MSFT,,,,,,,0.00,,0,,,,,,,,,,0.3890,2025-01-17T17:58:00+00:00,53,455
summary,2025-01-21,SPY,,,,,,,0.00,,0,,,,,,,,,,0.6102,2025-01-21T10:29:00+00:00,444,625
summary,2025-01-21,QQQ,,,,,,,0.00,,0,,,,,,,,,,0.6231,2025-01-21T10:33:00+00:00,445,676
summary,2025-01-21,AAPL,,,,,,,0.00,,0,,,,,,,,,,0.5281,2025-01-21T20:55:00+00:00,141,687
summary,2025-01-21,MSFT,,,,,,,0.00,,0,,,,,,,,,,0.7674,2025-01-21T10:37:00+00:00,196,512
summary,2025-01-22,SPY,,,,,,,0.00,,0,,,,,,,,,,0.6102,2025-01-21T10:29:00+00:00,1125,1466
trade,2025-01-22,MSFT,Long,2025-01-22T15:00:00+00:00,2025-01-22T15:56:00+00:00,441.4224,441.3226,0.68,-0.07,-0.000226,3360000,SessionClose,0.5753,0.1324,0.5167,0.4686,0.8082,-0.4525,-0.0695,0.7313,,,
summary,2025-01-22,MSFT,,,,,,,-0.07,,1,,,,,,,,,,0.7674,2025-01-21T10:37:00+00:00,903,1282
summary,2025-01-23,QQQ,,,,,,,0.00,,0,,,,,,,,,,0.6231,2025-01-21T10:33:00+00:00,1751,2437
trade,2025-01-23,NVDA,Long,2025-01-23T15:12:00+00:00,2025-01-23T15:56:00+00:00,145.3874,145.9713,2.07,1.21,0.004016,2640000,SessionClose,0.4024,0.1864,0.3681,0.4327,0.3531,-0.1577,0.1604,0.3531,,,
summary,2025-01-23,NVDA,,,,,,,1.21,,1,,,,,,,,,,0.6847,2025-01-21T09:07:00+00:00,1975,2636
summary,2025-01-23,MSFT,,,,,,,0.00,,0,,,,,,,,,,0.7674,2025-01-21T10:37:00+00:00,1391,1960
summary,2025-01-24,AAPL,,,,,,,0.00,,0,,,,,,,,,,0.6095,2025-01-21T20:55:00+00:00,1747,2970
summary,2025-01-24,NVDA,,,,,,,0.00,,0,,,,,,,,,,0.8937,2025-01-21T14:48:00+00:00,2315,3265
summary,2025-01-27,SPY,,,,,,,0.00,,0,,,,,,,,,,0.3325,2025-01-24T16:51:00+00:00,55,1223
summary,2025-01-27,NVDA,,,,,,,0.00,,0,,,,,,,,,,0.6263,2025-01-24T14:54:00+00:00,169,1351
summary,2025-01-27,MSFT,,,,,,,0.00,,0,,,,,,,,,,0.9095,2025-01-24T14:46:00+00:00,442,1161
trade,2025-01-28,SPY,Long,2025-01-28T15:21:00+00:00,2025-01-28T15:56:00+00:00,601.2353,602.5142,0.50,0.64,0.002127,2100000,SessionClose,0.4317,0.3978,0.5472,0.3885,0.4796,0.4601,0.3465,0.4796,,,
trade,2025-01-28,SPY,Long,2025-01-28T15:59:00+00:00,2025-01-28T16:00:00+00:00,603.1409,602.8741,0.50,-0.13,-0.000442,60000,SessionClose,0.4073,0.4062,0.5549,0.3465,0.4796,0.5442,0.3465,0.4796,,,
summary,2025-01-28,SPY,,,,,,,0.51,,2,,,,,,,,,,0.5299,2025-01-27T14:39:00+00:00,1015,1563
trade,2025-01-28,MSFT,Long,2025-01-28T15:01:00+00:00,2025-01-28T15:56:00+00:00,435.5456,440.4628,0.69,3.39,0.011290,3300000,SessionClose,0.4798,0.3709,0.0602,0.4063,0.7666,-0.0036,0.2354,0.7666,,,
trade,2025-01-28,MSFT,Long,2025-01-28T15:58:00+00:00,2025-01-28T15:59:00+00:00,441.1273,441.2926,0.68,0.11,0.000375,60000,SessionClose,0.4045,0.4268,0.3328,0.2354,0.7666,0.5558,0.2354,0.7666,,,
summary,2025-01-28,MSFT,,,,,,,3.51,,2,,,,,,,,,,0.7468,2025-01-27T13:18:00+00:00,1065,1397
summary,2025-01-29,QQQ,,,,,,,0.00,,0,,,,,,,,,,0.6195,2025-01-27T14:58:00+00:00,1611,2516
summary,2025-01-29,NVDA,,,,,,,0.00,,0,,,,,,,,,,1.0000,2025-01-27T09:06:00+00:00,1334,2641
summary,2025-01-30,SPY,,,,,,,0.00,,0,,,,,,,,,,0.7437,2025-01-27T15:42:00+00:00,1776,2793
trade,2025-01-30,AAPL,Long,2025-01-30T14:31:00+00:00,2025-01-30T15:01:00+00:00,238.9267,238.9783,1.26,0.07,0.000216,1800000,ScoreExit,0.3824,-0.0605,0.5140,0.4149,0.2737,-0.5504,-0.0872,0.1560,,,
summary,2025-01-30,AAPL,,,,,,,0.07,,1,,,,,,,,,,1.0000,2025-01-27T14:31:00+00:00,2239,2895
summary,2025-01-30,NVDA,,,,,,,0.00,,0,,,,,,,,,,1.0000,2025-01-27T14:31:00+00:00,1792,3271
summary,2025-01-30,MSFT,,,,,,,0.00,,0,,,,,,,,,,1.0000,2025-01-27T14:37:00+00:00,1354,2627
summary,2025-01-31,SPY,,,,,,,0.00,,0,,,,,,,,,,0.9229,2025-01-28T16:00:00+00:00,1644,2713
summary,2025-01-31,QQQ,,,,,,,0.00,,0,,,,,,,,,,0.8932,2025-01-28T15:05:00+00:00,2188,3032
summary,2025-01-31,AAPL,,,,,,,0.00,,0,,,,,,,,,,1.0000,2025-01-28T14:34:00+00:00,1778,2941
summary,2025-01-31,MSFT,,,,,,,0.00,,0,,,,,,,,,,0.9509,2025-01-28T15:58:00+00:00,808,2808
summary,2025-02-03,QQQ,,,,,,,0.00,,0,,,,,,,,,,0.9124,2025-01-31T16:02:00+00:00,320,1281
summary,2025-02-03,AAPL,,,,,,,0.00,,0,,,,,,,,,,0.1736,2025-02-03T15:30:00+00:00,39,1274
trade,2025-02-03,NVDA,Long,2025-02-03T15:22:00+00:00,2025-02-03T15:56:00+00:00,114.9795,117.2598,2.61,5.96,0.019832,2040000,SessionClose,0.4263,0.5158,0.5526,0.4517,0.3333,0.0823,0.6793,0.3333,,,
trade,2025-02-03,NVDA,Long,2025-02-03T15:58:00+00:00,2025-02-03T15:59:00+00:00,117.7103,117.9146,2.55,0.52,0.001736,60000,SessionClose,0.5546,0.5630,0.4697,0.6793,0.3333,0.5545,0.6793,0.3333,,,
summary,2025-02-03,NVDA,,,,,,,6.48,,2,,,,,,,,,,1.0000,2025-01-31T14:41:00+00:00,335,1351
trade,2025-02-04,SPY,Long,2025-02-04T15:03:00+00:00,2025-02-04T15:56:00+00:00,599.8249,600.5848,0.50,0.38,0.001267,3180000,SessionClose,0.4043,0.0659,0.4865,0.3724,0.4407,0.0862,-0.1276,0.4460,,,
summary,2025-02-04,SPY,,,,,,,0.38,,1,,,,,,,,,,0.6326,2025-02-03T15:42:00+00:00,1073,1544
summary,2025-02-04,NVDA,,,,,,,0.00,,0,,,,,,,,,,1.0000,2025-02-03T09:02:00+00:00,1266,1680
trade,2025-02-04,MSFT,Long,2025-02-04T15:38:00+00:00,2025-02-04T15:56:00+00:00,413.7591,412.8311,0.73,-0.67,-0.002243,1080000,SessionClose,0.4325,0.1321,0.5584,0.3891,0.4772,-0.5579,0.1067,0.4130,,,
summary,2025-02-04,MSFT,,,,,,,-0.67,,1,,,,,,,,,,0.7008,2025-02-03T10:33:00+00:00,872,1372
summary,2025-02-05,QQQ,,,,,,,0.00,,0,,,,,,,,,,0.7134,2025-02-03T10:32:00+00:00,1802,2525
trade,2025-02-05,AAPL,Long,2025-02-05T14:31:00+00:00,2025-02-05T15:10:00+00:00,229.4638,228.9163,1.31,-0.72,-0.002386,2340000,ScoreExit,0.3656,-0.0571,0.5713,0.3720,0.2843,-0.5325,-0.0895,0.1662,,,
summary,2025-02-05,AAPL,,,,,,,-0.72,,1,,,,,,,,,,0.5541,2025-02-03T14:38:00+00:00,1268,2374
trade,2025-02-05,NVDA,Long,2025-02-05T14:44:00+00:00,2025-02-05T15:56:00+00:00,122.3817,122.7534,2.46,0.91,0.003037,4320000,SessionClose,0.4345,0.2923,0.4845,0.2979,0.6911,0.3876,0.0874,0.6702,,,
summary,2025-02-05,NVDA,,,,,,,0.91,,1,,,,,,,,,,1.0000,2025-02-03T09:02:00+00:00,2095,2639
summary,2025-02-05,MSFT,,,,,,,0.00,,0,,,,,,,,,,0.7008,2025-02-03T10:33:00+00:00,1133,2094
trade,2025-02-06,MSFT,Long,2025-02-06T14:31:00+00:00,2025-02-06T15:56:00+00:00,415.1245,416.4450,0.72,0.95,0.003181,5100000,SessionClose,0.4070,0.0765,0.5416,0.4032,0.3697,-0.4751,0.0255,0.3623,,,
summary,2025-02-06,MSFT,,,,,,,0.95,,1,,,,,,,,,,1.0000,2025-02-03T14:32:00+00:00,1414,2483
summary,2025-02-07,QQQ,,,,,,,0.00,,0,,,,,,,,,,0.9542,2025-02-04T15:41:00+00:00,1684,2969
trade,2025-02-07,AAPL,Long,2025-02-07T14:36:00+00:00,2025-02-07T14:56:00+00:00,233.3450,232.8851,1.29,-0.59,-0.001971,1200000,ScoreExit,0.3511,-0.0741,0.3223,0.4152,0.2326,-0.5091,-0.1549,0.2326,,,
summary,2025-02-07,AAPL,,,,,,,-0.59,,1,,,,,,,,,,0.9564,2025-02-04T15:40:00+00:00,1725,2695
summary,2025-02-07,MSFT,,,,,,,0.00,,0,,,,,,,,,,0.9498,2025-02-04T15:40:00+00:00,1088,2365
summary,2025-02-10,SPY,,,,,,,0.00,,0,,,,,,,,,,0.3728,2025-02-10T15:47:00+00:00,462,1137
trade,2025-02-10,QQQ,Long,2025-02-10T15:06:00+00:00,2025-02-10T15:56:00+00:00,529.1237,529.7060,0.57,0.33,0.001101,3000000,SessionClose,0.4230,0.1667,0.5257,0.3616,0.5114,-0.0157,0.0247,0.5114,,,
summary,2025-02-10,QQQ,,,,,,,0.33,,1,,,,,,,,,,0.4249,2025-02-10T15:08:00+00:00,565,1214
summary,2025-02-10,NVDA,,,,,,,0.00,,0,,,,,,,,,,1.0000,2025-02-07T14:36:00+00:00,832,1350
trade,2025-02-10,MSFT,Long,2025-02-10T15:06:00+00:00,2025-02-10T15:56:00+00:00,413.3690,414.6506,0.73,0.93,0.003100,3000000,SessionClose,0.4241,0.4132,0.5161,0.3753,0.4910,0.5549,0.3313,0.5298,,,
trade,2025-02-10,MSFT,Long,2025-02-10T15:59:00+00:00,2025-02-10T16:00:00+00:00,414.9895,414.7705,0.72,-0.16,-0.000528,60000,SessionClose,0.4107,0.4088,0.5300,0.3313,0.5298,0.5103,0.3313,0.5298,,,
summary,2025-02-10,MSFT,,,,,,,0.77,,2,,,,,,,,,,0.7446,2025-02-07T14:38:00+00:00,404,1066
summary,2025-02-11,SPY,,,,,,,0.00,,0,,,,,,,,,,0.6813,2025-02-10T10:42:00+00:00,770,1363
trade,2025-02-11,AAPL,Long,2025-02-11T15:58:00+00:00,2025-02-11T15:59:00+00:00,234.2352,234.1047,1.28,-0.17,-0.000557,60000,SessionClose,0.4469,0.4347,-0.2912,0.3662,0.8543,-0.4130,0.3662,0.8543,,,
summary,2025-02-11,AAPL,,,,,,,-0.17,,1,,,,,,,,,,0.6585,2025-02-11T15:44:00+00:00,542,1274
trade,2025-02-11,NVDA,Long,2025-02-11T14:36:00+00:00,2025-02-11T15:56:00+00:00,133.5350,133.9648,2.25,0.97,0.003218,4800000,SessionClose,0.4803,0.1128,0.6117,0.5443,0.3084,0.0027,-0.0657,0.5066,,,
summary,2025-02-11,NVDA,,,,,,,0.97,,1,,,,,,,,,,0.7851,2025-02-10T14:46:00+00:00,988,1681
summary,2025-02-11,MSFT,,,,,,,0.00,,0,,,,,,,,,,0.7397,2025-02-10T10:38:00+00:00,360,1140
summary,2025-02-12,QQQ,,,,,,,0.00,,0,,,,,,,,,,0.7169,2025-02-10T10:27:00+00:00,1195,2255
summary,2025-02-12,NVDA,,,,,,,0.00,,0,,,,,,,,,,0.7851,2025-02-10T14:46:00+00:00,1171,2639
summary,2025-02-12,MSFT,,,,,,,0.00,,0,,,,,,,,,,0.7397,2025-02-10T10:38:00+00:00,407,1737
summary,2025-02-13,SPY,,,,,,,0.00,,0,,,,,,,,,,0.7810,2025-02-10T15:47:00+00:00,1453,2689
trade,2025-02-13,AAPL,Long,2025-02-13T14:31:00+00:00,2025-02-13T14:37:00+00:00,238.5065,238.2285,1.26,-0.35,-0.001166,360000,ScoreExit,0.3694,-0.0557,0.5647,0.4071,0.2289,0.1663,-0.2350,0.2289,,,
trade,2025-02-13,AAPL,Long,2025-02-13T15:26:00+00:00,2025-02-13T15:56:00+00:00,237.8713,238.8233,1.26,1.20,0.004002,1800000,SessionClose,0.3552,0.3818,0.5644,0.2703,0.4553,-0.1944,0.4410,0.4553,,,
trade,2025-02-13,AAPL,Long,2025-02-13T15:58:00+00:00,2025-02-13T15:59:00+00:00,239.2468,239.4331,1.26,0.23,0.000779,60000,SessionClose,0.4208,0.4565,0.1957,0.4410,0.4553,0.5527,0.4410,0.4553,,,
summary,2025-02-13,AAPL,,,,,,,1.09,,3,,,,,,,,,,0.6622,2025-02-10T15:14:00+00:00,1627,2533
summary,2025-02-14,SPY,,,,,,,0.00,,0,,,,,,,,,,0.7969,2025-02-11T15:54:00+00:00,1798,2674
summary,2025-02-14,QQQ,,,,,,,0.00,,0,,,,,,,,,,0.8513,2025-02-11T15:51:00+00:00,2004,2907
summary,2025-02-14,NVDA,,,,,,,0.00,,0,,,,,,,,,,1.0000,2025-02-11T14:35:00+00:00,1735,3264
summary,2025-02-14,MSFT,,,,,,,0.00,,0,,,,,,,,,,0.7711,2025-02-11T15:28:00+00:00,680,2236
summary,2025-02-17,QQQ,,,,,,,0.00,,0,,,,,,,,,,0.7455,2025-02-14T15:57:00+00:00,340,516
summary,2025-02-17,NVDA,,,,,,,0.00,,0,,,,,,,,,,0.9421,2025-02-14T14:38:00+00:00,508,629
summary,2025-02-17,MSFT,,,,,,,0.00,,0,,,,,,,,,,0.6157,2025-02-14T14:32:00+00:00,313,490
summary,2025-02-18,SPY,,,,,,,0.00,,0,,,,,,,,,,0.5366,2025-02-18T11:00:00+00:00,234,566
trade,2025-02-18,NVDA,Long,2025-02-18T14:31:00+00:00,2025-02-18T15:47:00+00:00,142.2677,139.4631,2.11,-5.92,-0.019713,4560000,MaxHoldTimeout,0.6493,0.0000,0.5625,0.4884,1.0000,-0.5129,-0.5235,-1.0000,,,
summary,2025-02-18,NVDA,,,,,,,-5.92,,1,,,,,,,,,,0.6528,2025-02-18T14:33:00+00:00,234,721
summary,2025-02-19,QQQ,,,,,,,0.00,,0,,,,,,,,,,0.3769,2025-02-19T19:54:00+00:00,721,1478
summary,2025-02-19,AAPL,,,,,,,0.00,,0,,,,,,,,,,0.4512,2025-02-18T14:54:00+00:00,643,1308
summary,2025-02-19,MSFT,,,,,,,0.00,,0,,,,,,,,,,0.4860,2025-02-19T19:20:00+00:00,613,1104
summary,2025-02-20,QQQ,,,,,,,0.00,,0,,,,,,,,,,0.3769,2025-02-19T19:54:00+00:00,838,2289
trade,2025-02-20,AAPL,Long,2025-02-20T14:31:00+00:00,2025-02-20T14:57:00+00:00,246.0138,244.8315,1.22,-1.44,-0.004806,1560000,ScoreExit,0.3738,-0.0572,0.5172,0.4345,0.2046,-0.5698,-0.0573,0.1140,,,
summary,2025-02-20,AAPL,,,,,,,-1.44,,1,,,,,,,,,,0.4512,2025-02-18T14:54:00+00:00,964,1962
summary,2025-02-20,MSFT,,,,,,,0.00,,0,,,,,,,,,,0.4860,2025-02-19T19:20:00+00:00,1142,1891
summary,2025-02-21,SPY,,,,,,,0.00,,0,,,,,,,,,,0.5078,2025-02-18T15:59:00+00:00,1053,2577
summary,2025-02-21,QQQ,,,,,,,0.00,,0,,,,,,,,,,0.4538,2025-02-19T00:19:00+00:00,1133,2821
summary,2025-02-21,NVDA,,,,,,,0.00,,0,,,,,,,,,,1.0000,2025-02-18T14:33:00+00:00,1090,3253
summary,2025-02-21,MSFT,,,,,,,0.00,,0,,,,,,,,,,0.6959,2025-02-18T14:34:00+00:00,1289,2347
trade,2025-02-24,NVDA,Long,2025-02-24T14:46:00+00:00,2025-02-24T14:51:00+00:00,138.0034,137.3038,2.17,-1.52,-0.005069,300000,ScoreExit,0.4521,-0.2124,0.5822,0.4425,0.4279,-0.4233,-0.3657,0.1645,,,
summary,2025-02-24,NVDA,,,,,,,-1.52,,1,,,,,,,,,,1.0000,2025-02-21T14:35:00+00:00,203,1351
summary,2025-02-25,QQQ,,,,,,,0.00,,0,,,,,,,,,,0.4430,2025-02-24T17:19:00+00:00,216,1585
summary,2025-02-25,AAPL,,,,,,,0.00,,0,,,,,,,,,,0.7038,2025-02-24T14:56:00+00:00,901,1420
summary,2025-02-25,NVDA,,,,,,,0.00,,0,,,,,,,,,,0.6241,2025-02-24T14:45:00+00:00,506,1681
summary,2025-02-25,MSFT,,,,,,,0.00,,0,,,,,,,,,,0.5223,2025-02-24T17:49:00+00:00,436,1185
summary,2025-02-26,SPY,,,,,,,0.00,,0,,,,,,,,,,0.4334,2025-02-24T17:19:00+00:00,807,2305
summary,2025-02-26,QQQ,,,,,,,0.00,,0,,,,,,,,,,0.4430,2025-02-24T17:19:00+00:00,442,2490
summary,2025-02-26,AAPL,,,,,,,0.00,,0,,,,,,,,,,0.7038,2025-02-24T14:56:00+00:00,901,2179
trade,2025-02-26,NVDA,Long,2025-02-26T14:38:00+00:00,2025-02-26T15:56:00+00:00,130.9243,131.9534,2.29,2.36,0.007861,4680000,SessionClose,0.4352,0.4748,0.4649,0.4109,0.4739,0.3860,0.4018,0.6505,,,
trade,2025-02-26,NVDA,Long,2025-02-26T15:58:00+00:00,2025-02-26T15:59:00+00:00,132.1546,131.9754,2.27,-0.41,-0.001356,60000,SessionClose,0.4898,0.4674,0.5356,0.4018,0.6505,0.3117,0.4018,0.6505,,,
summary,2025-02-26,NVDA,,,,,,,1.95,,2,,,,,,,,,,0.6241,2025-02-24T14:45:00+00:00,967,2641
summary,2025-02-27,QQQ,,,,,,,0.00,,0,,,,,,,,,,0.5734,2025-02-24T17:19:00+00:00,650,3112
summary,2025-02-27,NVDA,,,,,,,0.00,,0,,,,,,,,,,0.9269,2025-02-24T14:45:00+00:00,1148,3271
summary,2025-02-27,MSFT,,,,,,,0.00,,0,,,,,,,,,,0.9560,2025-02-24T16:03:00+00:00,740,2274
summary,2025-02-28,QQQ,,,,,,,0.00,,0,,,,,,,,,,0.5602,2025-02-25T18:07:00+00:00,1299,3105
summary,2025-02-28,AAPL,,,,,,,0.00,,0,,,,,,,,,,0.7709,2025-02-25T16:53:00+00:00,295,2615
summary,2025-03-03,SPY,,,,,,,0.00,,0,,,,,,,,,,0.9267,2025-02-28T15:58:00+00:00,828,1254
summary,2025-03-03,QQQ,,,,,,,0.00,,0,,,,,,,,,,0.9549,2025-02-28T15:58:00+00:00,876,1253
trade,2025-03-03,AAPL,Long,2025-03-03T15:43:00+00:00,2025-03-03T15:56:00+00:00,241.9576,241.5125,1.24,-0.55,-0.001839,780000,SessionClose,0.3682,0.0785,0.4206,0.2876,0.5121,-0.3874,-0.0607,0.5121,,,
summary,2025-03-03,AAPL,,,,,,,-0.55,,1,,,,,,,,,,0.9349,2025-02-28T14:43:00+00:00,901,1152
summary,2025-03-03,NVDA,,,,,,,0.00,,0,,,,,,,,,,1.0000,2025-02-28T14:35:00+00:00,922,1351
summary,2025-03-03,MSFT,,,,,,,0.00,,0,,,,,,,,,,0.9489,2025-02-28T15:53:00+00:00,685,1023
summary,2025-03-04,SPY,,,,,,,0.00,,0,,,,,,,,,,0.5120,2025-03-03T10:00:00+00:00,301,1530
summary,2025-03-04,QQQ,,,,,,,0.00,,0,,,,,,,,,,0.6465,2025-03-03T10:32:00+00:00,428,1624
summary,2025-03-04,AAPL,,,,,,,0.00,,0,,,,,,,,,,0.6194,2025-03-03T14:33:00+00:00,443,1388
summary,2025-03-04,NVDA,,,,,,,0.00,,0,,,,,,,,,,0.7614,2025-03-03T09:35:00+00:00,444,1681
summary,2025-03-04,MSFT,,,,,,,0.00,,0,,,,,,,,,,0.7137,2025-03-03T11:09:00+00:00,318,1276
summary,2025-03-05,SPY,,,,,,,0.00,,0,,,,,,,,,,0.5120,2025-03-03T10:00:00+00:00,608,2439
summary,2025-03-05,AAPL,,,,,,,0.00,,0,,,,,,,,,,0.6194,2025-03-03T14:33:00+00:00,571,2103
summary,2025-03-06,QQQ,,,,,,,0.00,,0,,,,,,,,,,0.5182,2025-03-03T15:44:00+00:00,864,3173
trade,2025-03-06,AAPL,Long,2025-03-06T15:20:00+00:00,2025-03-06T15:56:00+00:00,236.9661,236.6440,1.27,-0.41,-0.001359,2160000,SessionClose,0.3625,0.0114,0.4922,0.4404,0.1635,-0.5511,0.0417,0.1383,,,
summary,2025-03-06,AAPL,,,,,,,-0.41,,1,,,,,,,,,,1.0000,2025-03-03T14:33:00+00:00,534,2614
trade,2025-03-06,MSFT,Long,2025-03-06T15:02:00+00:00,2025-03-06T15:56:00+00:00,398.0044,399.5851,0.75,1.19,0.003972,3240000,SessionClose,0.4180,0.0473,0.4806,0.4277,0.3777,-0.5133,-0.0244,0.3777,,,
summary,2025-03-06,MSFT,,,,,,,1.19,,1,,,,,,,,,,0.5133,2025-03-05T19:13:00+00:00,1097,2432
summary,2025-03-07,QQQ,,,,,,,0.00,,0,,,,,,,,,,0.8660,2025-03-04T14:38:00+00:00,1383,3145
trade,2025-03-07,AAPL,Long,2025-03-07T14:31:00+00:00,2025-03-07T15:56:00+00:00,235.6057,238.9533,1.27,4.27,0.014209,5100000,SessionClose,0.3773,0.2222,0.5555,0.4088,0.2548,0.3017,0.0804,0.4793,,,
summary,2025-03-07,AAPL,,,,,,,4.27,,1,,,,,,,,,,0.8949,2025-03-04T15:33:00+00:00,994,2510
summary,2025-03-07,NVDA,,,,,,,0.00,,0,,,,,,,,,,1.0000,2025-03-04T14:33:00+00:00,1515,3270
summary,2025-03-07,MSFT,,,,,,,0.00,,0,,,,,,,,,,1.0000,2025-03-04T14:36:00+00:00,1525,2277
trade,2025-03-10,NVDA,Long,2025-03-10T13:41:00+00:00,2025-03-10T14:01:00+00:00,110.7132,109.7421,2.70,-2.63,-0.008772,1200000,ScoreExit,0.4606,-0.2011,0.5781,0.5996,0.1433,-0.5168,-0.3948,0.2915,,,
summary,2025-03-10,NVDA,,,,,,,-2.63,,1,,,,,,,,,,1.0000,2025-03-07T14:40:00+00:00,572,1351
summary,2025-03-10,MSFT,,,,,,,0.00,,0,,,,,,,,,,0.7440,2025-03-07T14:35:00+00:00,255,984
summary,2025-03-11,SPY,,,,,,,0.00,,0,,,,,,,,,,0.4677,2025-03-11T18:53:00+00:00,425,1615
summary,2025-03-11,QQQ,,,,,,,0.00,,0,,,,,,,,,,0.5415,2025-03-11T18:49:00+00:00,410,1646
summary,2025-03-11,AAPL,,,,,,,0.00,,0,,,,,,,,,,0.4586,2025-03-10T19:34:00+00:00,113,1495
summary,2025-03-11,NVDA,,,,,,,0.00,,0,,,,,,,,,,0.7921,2025-03-11T08:14:00+00:00,659,1681
trade,2025-03-11,MSFT,Long,2025-03-11T14:07:00+00:00,2025-03-11T15:01:00+00:00,382.6198,381.9904,0.78,-0.49,-0.001645,3240000,ScoreExit,0.4449,-0.0556,0.4021,0.4767,0.3956,-0.4405,-0.1922,0.3460,,,
summary,2025-03-11,MSFT,,,,,,,-0.49,,1,,,,,,,,,,0.5231,2025-03-11T18:45:00+00:00,442,1267
summary,2025-03-12,SPY,,,,,,,0.00,,0,,,,,,,,,,0.4677,2025-03-11T18:53:00+00:00,794,2477
summary,2025-03-12,AAPL,,,,,,,0.00,,0,,,,,,,,,,0.4586,2025-03-10T19:34:00+00:00,113,2270
summary,2025-03-12,MSFT,,,,,,,0.00,,0,,,,,,,,,,0.5231,2025-03-11T18:45:00+00:00,795,1865
summary,2025-03-13,QQQ,,,,,,,0.00,,0,,,,,,,,,,0.5457,2025-03-11T18:49:00+00:00,1225,3165
summary,2025-03-13,AAPL,,,,,,,0.00,,0,,,,,,,,,,0.5291,2025-03-11T08:26:00+00:00,217,2821
trade,2025-03-13,NVDA,Long,2025-03-13T14:16:00+00:00,2025-03-13T15:08:00+00:00,116.3499,116.2401,2.59,-0.28,-0.000944,3120000,ScoreExit,0.4134,-0.0505,0.5975,0.3560,0.4670,-0.4829,-0.1722,0.3371,,,
summary,2025-03-13,NVDA,,,,,,,-0.28,,1,,,,,,,,,,1.0000,2025-03-10T13:40:00+00:00,2176,3271
summary,2025-03-13,MSFT,,,,,,,0.00,,0,,,,,,,,,,0.6410,2025-03-10T14:16:00+00:00,965,2383
summary,2025-03-14,SPY,,,,,,,0.00,,0,,,,,,,,,,0.6495,2025-03-11T18:45:00+00:00,1342,3029
summary,2025-03-14,QQQ,,,,,,,0.00,,0,,,,,,,,,,0.8947,2025-03-11T13:39:00+00:00,1617,3145
trade,2025-03-14,AAPL,Long,2025-03-14T13:31:00+00:00,2025-03-14T14:47:00+00:00,211.9786,211.6115,1.41,-0.52,-0.001732,4560000,MaxHoldTimeout,0.3501,0.0000,0.4659,0.5014,0.0089,0.5548,0.1534,-0.0683,,,
summary,2025-03-14,AAPL,,,,,,,-0.52,,1,,,,,,,,,,1.0000,2025-03-11T13:36:00+00:00,457,2790
trade,2025-03-14,MSFT,Long,2025-03-14T14:57:00+00:00,2025-03-14T15:56:00+00:00,384.7804,386.2341,0.78,1.13,0.003778,3540000,SessionClose,0.4053,0.2395,0.4579,0.4371,0.3239,-0.0247,0.2096,0.3875,,,
summary,2025-03-14,MSFT,,,,,,,1.13,,1,,,,,,,,,,0.8920,2025-03-11T14:09:00+00:00,1184,2258
trade,2025-03-17,QQQ,Long,2025-03-17T13:36:00+00:00,2025-03-17T14:26:00+00:00,481.4094,481.1206,0.62,-0.18,-0.000600,3000000,ScoreExit,0.4261,-0.0927,0.5479,0.3583,0.5211,-0.5382,-0.2909,0.4523,,,
summary,2025-03-17,QQQ,,,,,,,-0.18,,1,,,,,,,,,,0.9509,2025-03-14T15:04:00+00:00,972,1261
summary,2025-03-17,NVDA,,,,,,,0.00,,0,,,,,,,,,,1.0000,2025-03-14T13:33:00+00:00,988,1351
summary,2025-03-18,SPY,,,,,,,0.00,,0,,,,,,,,,,0.6983,2025-03-17T09:39:00+00:00,630,1460
summary,2025-03-18,QQQ,,,,,,,0.00,,0,,,,,,,,,,0.7195,2025-03-17T09:34:00+00:00,644,1580
summary,2025-03-18,NVDA,,,,,,,0.00,,0,,,,,,,,,,0.8964,2025-03-17T08:25:00+00:00,478,1681
summary,2025-03-19,SPY,,,,,,,0.00,,0,,,,,,,,,,0.6983,2025-03-17T09:39:00+00:00,892,2261
summary,2025-03-19,QQQ,,,,,,,0.00,,0,,,,,,,,,,0.7195,2025-03-17T09:34:00+00:00,872,2464
summary,2025-03-19,NVDA,,,,,,,0.00,,0,,,,,,,,,,0.8964,2025-03-17T08:25:00+00:00,705,2640
trade,2025-03-20,SPY,Long,2025-03-20T14:01:00+00:00,2025-03-20T15:17:00+00:00,567.7553,569.1342,0.53,0.73,0.002429,4560000,ScoreExit,0.4070,-0.0571,0.5673,0.4361,0.2954,-0.3615,-0.1615,0.2532,,,
summary,2025-03-20,SPY,,,,,,,0.73,,1,,,,,,,,,,0.6839,2025-03-17T13:41:00+00:00,1154,2865
trade,2025-03-20,NVDA,Long,2025-03-20T13:33:00+00:00,2025-03-20T15:32:00+00:00,118.0704,119.3082,2.54,3.15,0.010483,7140000,ScoreExit,0.4180,-0.0507,0.6043,0.5022,0.1875,-0.5454,-0.2220,0.4568,,,
summary,2025-03-20,NVDA,,,,,,,3.15,,1,,,,,,,,,,0.6724,2025-03-17T18:31:00+00:00,1171,3270
summary,2025-03-21,SPY,,,,,,,0.00,,0,,,,,,,,,,0.4827,2025-03-19T19:07:00+00:00,1253,2896
trade,2025-03-21,AAPL,Long,2025-03-21T13:42:00+00:00,2025-03-21T15:14:00+00:00,213.4540,214.2207,1.41,1.08,0.003592,5520000,ScoreExit,0.3532,-0.0569,0.5578,0.4346,0.1222,-0.5629,-0.1046,0.2073,,,
summary,2025-03-21,AAPL,,,,,,,1.08,,1,,,,,,,,,,0.7095,2025-03-18T14:06:00+00:00,1105,2445
summary,2025-03-21,NVDA,,,,,,,0.00,,0,,,,,,,,,,0.7574,2025-03-18T16:14:00+00:00,1739,3269
summary,2025-03-21,MSFT,,,,,,,0.00,,0,,,,,,,,,,0.5600,2025-03-21T19:58:00+00:00,962,2031
trade,2025-03-24,SPY,Long,2025-03-24T13:37:00+00:00,2025-03-24T15:38:00+00:00,571.4664,573.2730,0.53,0.95,0.003161,7260000,MaxHoldTimeout,0.4040,-0.0305,0.5486,0.3359,0.4919,-0.5103,-0.2003,0.4690,,,
summary,2025-03-24,SPY,,,,,,,0.95,,1,,,,,,,,,,0.8711,2025-03-21T15:01:00+00:00,1049,1234
trade,2025-03-24,QQQ,Long,2025-03-24T14:17:00+00:00,2025-03-24T15:40:00+00:00,489.6018,489.4081,0.61,-0.12,-0.000396,4980000,MaxHoldTimeout,0.4099,-0.0410,0.5527,0.3205,0.5410,-0.5171,-0.2340,0.5036,,,
summary,2025-03-24,QQQ,,,,,,,-0.12,,1,,,,,,,,,,0.9334,2025-03-21T15:00:00+00:00,1149,1271
summary,2025-03-24,AAPL,,,,,,,0.00,,0,,,,,,,,,,1.0000,2025-03-21T13:41:00+00:00,1083,1201
summary,2025-03-24,NVDA,,,,,,,0.00,,0,,,,,,,,,,0.7187,2025-03-21T14:23:00+00:00,1147,1348
summary,2025-03-24,MSFT,,,,,,,0.00,,0,,,,,,,,,,0.7043,2025-03-21T19:58:00+00:00,803,1062
summary,2025-03-25,SPY,,,,,,,0.00,,0,,,,,,,,,,0.6705,2025-03-24T09:14:00+00:00,991,1497
trade,2025-03-25,QQQ,Long,2025-03-25T14:30:00+00:00,2025-03-25T15:46:00+00:00,492.8028,492.4088,0.61,-0.24,-0.000799,4560000,MaxHoldTimeout,0.4166,-0.0418,0.5579,0.3605,0.4818,-0.5401,-0.1890,0.4187,,,
summary,2025-03-25,QQQ,,,,,,,-0.24,,1,,,,,,,,,,0.5341,2025-03-24T08:09:00+00:00,1125,1597
trade,2025-03-25,AAPL,Long,2025-03-25T13:38:00+00:00,2025-03-25T15:39:00+00:00,221.9616,223.5129,1.35,2.10,0.006989,7260000,MaxHoldTimeout,0.3614,0.2689,0.5741,0.2264,0.5605,0.3678,0.1019,0.5700,,,
summary,2025-03-25,AAPL,,,,,,,2.10,,1,,,,,,,,,,0.7856,2025-03-24T09:23:00+00:00,868,1389
trade,2025-03-25,MSFT,Long,2025-03-25T14:23:00+00:00,2025-03-25T15:36:00+00:00,395.6036,394.8865,0.76,-0.54,-0.001813,4380000,ScoreExit,0.4018,-0.1051,0.4734,0.3679,0.4458,-0.4892,-0.2790,0.3708,,,
summary,2025-03-25,MSFT,,,,,,,-0.54,,1,,,,,,,,,,0.6302,2025-03-24T08:14:00+00:00,665,1153
summary,2025-03-26,SPY,,,,,,,0.00,,0,,,,,,,,,,0.6705,2025-03-24T09:14:00+00:00,1260,2280
summary,2025-03-26,QQQ,,,,,,,0.00,,0,,,,,,,,,,0.5341,2025-03-24T08:09:00+00:00,1435,2439
trade,2025-03-26,AAPL,Long,2025-03-26T13:45:00+00:00,2025-03-26T14:01:00+00:00,224.9325,223.7380,1.33,-1.59,-0.005310,960000,ScoreExit,0.3609,-0.1295,0.5646,0.3537,0.3073,-0.5396,-0.2489,0.2462,,,
summary,2025-03-26,AAPL,,,,,,,-1.59,,1,,,,,,,,,,0.7856,2025-03-24T09:23:00+00:00,1256,2052
summary,2025-03-26,NVDA,,,,,,,0.00,,0,,,,,,,,,,0.7151,2025-03-24T08:09:00+00:00,900,2637
summary,2025-03-26,MSFT,,,,,,,0.00,,0,,,,,,,,,,0.6302,2025-03-24T08:14:00+00:00,782,1650
summary,2025-03-27,SPY,,,,,,,0.00,,0,,,,,,,,,,0.7917,2025-03-24T14:49:00+00:00,1067,2888
trade,2025-03-27,AAPL,Long,2025-03-27T14:54:00+00:00,2025-03-27T15:56:00+00:00,222.2116,223.2016,1.35,1.34,0.004455,3720000,SessionClose,0.3536,0.0591,0.5349,0.3811,0.2381,0.0391,-0.0839,0.3516,,,
summary,2025-03-27,AAPL,,,,,,,1.34,,1,,,,,,,,,,0.8080,2025-03-24T13:38:00+00:00,1596,2469
summary,2025-03-27,NVDA,,,,,,,0.00,,0,,,,,,,,,,0.9591,2025-03-24T14:53:00+00:00,748,3267
summary,2025-03-28,SPY,,,,,,,0.00,,0,,,,,,,,,,0.7735,2025-03-25T14:41:00+00:00,412,2861
trade,2025-03-28,AAPL,Long,2025-03-28T13:47:00+00:00,2025-03-28T14:06:00+00:00,223.2620,223.1080,1.34,-0.21,-0.000689,1140000,ScoreExit,0.3645,-0.0884,0.5648,0.4486,0.1294,-0.1021,-0.1496,0.0385,,,
summary,2025-03-28,AAPL,,,,,,,-0.21,,1,,,,,,,,,,1.0000,2025-03-25T13:37:00+00:00,1007,2423
summary,2025-03-28,NVDA,,,,,,,0.00,,0,,,,,,,,,,0.6436,2025-03-25T16:08:00+00:00,556,3267
summary,2025-03-31,SPY,,,,,,,0.00,,0,,,,,,,,,,0.4697,2025-03-28T13:38:00+00:00,165,1274
summary,2025-03-31,QQQ,,,,,,,0.00,,0,,,,,,,,,,0.5057,2025-03-28T13:42:00+00:00,123,1304
trade,2025-03-31,AAPL,Long,2025-03-31T14:13:00+00:00,2025-03-31T15:56:00+00:00,218.3355,219.8690,1.37,2.11,0.007024,6180000,SessionClose,0.3549,0.4237,0.5315,0.4410,0.1239,0.0071,0.3598,0.6905,,,
summary,2025-03-31,AAPL,,,,,,,2.11,,1,,,,,,,,,,0.9007,2025-03-28T13:46:00+00:00,349,1146
summary,2025-03-31,NVDA,,,,,,,0.00,,0,,,,,,,,,,1.0000,2025-03-28T13:36:00+00:00,256,1350
summary,2025-03-31,MSFT,,,,,,,0.00,,0,,,,,,,,,,0.6909,2025-03-28T13:42:00+00:00,123,1062
trade,2025-04-01,SPY,Long,2025-04-01T14:51:00+00:00,2025-04-01T15:56:00+00:00,558.4925,561.0166,0.54,1.36,0.004520,3900000,SessionClose,0.4286,0.2157,0.4995,0.4062,0.4498,0.0516,0.0859,0.5299,,,
summary,2025-04-01,SPY,,,,,,,1.36,,1,,,,,,,,,,0.5998,2025-03-31T18:19:00+00:00,1022,1563
trade,2025-04-01,QQQ,Long,2025-04-01T13:48:00+00:00,2025-04-01T14:07:00+00:00,468.8456,466.6150,0.64,-1.43,-0.004758,1140000,ScoreExit,0.4034,-0.0757,0.5719,0.3741,0.4058,-0.4207,-0.3200,0.5280,,,
trade,2025-04-01,QQQ,Long,2025-04-01T14:42:00+00:00,2025-04-01T15:56:00+00:00,468.6055,471.7884,0.64,2.04,0.006792,4440000,SessionClose,0.4009,0.2294,0.5542,0.3099,0.5317,-0.0245,0.0855,0.6019,,,
summary,2025-04-01,QQQ,,,,,,,0.61,,2,,,,,,,,,,0.6049,2025-03-31T18:19:00+00:00,1137,1632
trade,2025-04-01,NVDA,Long,2025-04-01T14:51:00+00:00,2025-04-01T15:56:00+00:00,108.0274,109.1122,2.78,3.01,0.010042,3900000,SessionClose,0.4472,0.3156,0.4127,0.4113,0.5304,0.0375,0.1589,0.7216,,,
summary,2025-04-01,NVDA,,,,,,,3.01,,1,,,,,,,,,,0.7424,2025-03-31T18:39:00+00:00,1163,1681
summary,2025-04-01,MSFT,,,,,,,0.00,,0,,,,,,,,,,0.6231,2025-03-31T15:53:00+00:00,789,1181
trade,2025-04-02,QQQ,Long,2025-04-02T13:46:00+00:00,2025-04-02T15:13:00+00:00,471.5764,472.5732,0.64,0.63,0.002114,5220000,ScoreExit,0.4026,-0.0549,0.5771,0.4883,0.1730,-0.4407,-0.1616,0.2871,,,
summary,2025-04-02,QQQ,,,,,,,0.63,,1,,,,,,,,,,0.6049,2025-03-31T18:19:00+00:00,1698,2508
trade,2025-04-02,MSFT,Long,2025-04-02T13:36:00+00:00,2025-04-02T15:11:00+00:00,380.3591,381.3855,0.79,0.81,0.002699,5700000,ScoreExit,0.4198,-0.0789,0.5887,0.4686,0.2659,-0.1400,-0.2238,0.2312,,,
summary,2025-04-02,MSFT,,,,,,,0.81,,1,,,,,,,,,,0.6231,2025-03-31T15:53:00+00:00,1195,1753
summary,2025-04-03,AAPL,,,,,,,0.00,,0,,,,,,,,,,0.9271,2025-03-31T15:00:00+00:00,1361,2766
summary,2025-04-03,MSFT,,,,,,,0.00,,0,,,,,,,,,,0.7372,2025-03-31T15:53:00+00:00,1303,2402
summary,2025-04-04,SPY,,,,,,,0.00,,0,,,,,,,,,,0.9562,2025-04-01T15:01:00+00:00,770,3109
summary,2025-04-04,QQQ,,,,,,,0.00,,0,,,,,,,,,,0.9557,2025-04-01T14:54:00+00:00,851,3165
summary,2025-04-04,AAPL,,,,,,,0.00,,0,,,,,,,,,,0.9422,2025-04-01T13:45:00+00:00,735,2943
summary,2025-04-04,NVDA,,,,,,,0.00,,0,,,,,,,,,,0.9547,2025-04-01T14:54:00+00:00,1015,3269
trade,2025-04-07,SPY,Long,2025-04-07T13:56:00+00:00,2025-04-07T15:11:00+00:00,491.9225,502.8241,0.26,2.83,0.022161,4500000,ScoreExit,0.4128,-0.1435,0.5834,0.4241,0.3333,-0.4388,-0.3327,0.3333,,,
summary,2025-04-07,SPY,,,,,,,2.83,,1,,,,,,,,,,0.8442,2025-04-07T14:13:00+00:00,436,1347
trade,2025-04-07,QQQ,Long,2025-04-07T13:56:00+00:00,2025-04-07T15:11:00+00:00,412.8788,423.4779,0.31,3.27,0.025671,4500000,ScoreExit,0.4886,-0.1240,0.6073,0.5465,0.3333,-0.3332,-0.3330,0.3637,,,
summary,2025-04-07,QQQ,,,,,,,3.27,,1,,,,,,,,,,0.8932,2025-04-04T13:58:00+00:00,475,1334
trade,2025-04-07,NVDA,Long,2025-04-07T13:51:00+00:00,2025-04-07T15:24:00+00:00,89.8319,94.0068,3.34,13.96,0.046474,5580000,ScoreExit,0.5947,-0.1560,0.6976,0.7083,0.3333,-0.6136,-0.3970,0.4785,,,
summary,2025-04-07,NVDA,,,,,,,13.96,,1,,,,,,,,,,0.9875,2025-04-07T14:13:00+00:00,525,1351
trade,2025-04-07,MSFT,Long,2025-04-07T14:11:00+00:00,2025-04-07T15:11:00+00:00,357.5822,358.1075,0.29,0.15,0.001469,3600000,ScoreExit,0.5908,-0.1429,0.6472,0.7101,0.3333,-0.1573,-0.3787,0.3333,,,
summary,2025-04-07,MSFT,,,,,,,0.15,,1,,,,,,,,,,0.9377,2025-04-04T13:46:00+00:00,475,1238
trade,2025-04-08,SPY,Long,2025-04-08T14:06:00+00:00,2025-04-08T14:56:00+00:00,524.2622,519.3441,0.45,-2.21,-0.009381,3000000,ScoreExit,0.5209,-0.1025,0.5467,0.4003,0.7534,-0.5230,-0.4604,0.7534,,,
summary,2025-04-08,SPY,,,,,,,-2.21,,1,,,,,,,,,,0.8933,2025-04-07T08:04:00+00:00,1177,1668
summary,2025-04-08,QQQ,,,,,,,0.00,,0,,,,,,,,,,1.0000,2025-04-07T08:02:00+00:00,1231,1667
summary,2025-04-08,AAPL,,,,,,,0.00,,0,,,,,,,,,,1.0000,2025-04-07T08:02:00+00:00,1010,1650
summary,2025-04-08,NVDA,,,,,,,0.00,,0,,,,,,,,,,0.9858,2025-04-07T14:13:00+00:00,1306,1681
summary,2025-04-08,MSFT,,,,,,,0.00,,0,,,,,,,,,,1.0000,2025-04-07T08:02:00+00:00,1063,1464
summary,2025-04-09,AAPL,,,,,,,0.00,,0,,,,,,,,,,1.0000,2025-04-07T08:02:00+00:00,1368,2606
summary,2025-04-09,NVDA,,,,,,,0.00,,0,,,,,,,,,,0.9858,2025-04-07T14:13:00+00:00,1889,2641
summary,2025-04-09,MSFT,,,,,,,0.00,,0,,,,,,,,,,1.0000,2025-04-07T08:02:00+00:00,1491,2201
summary,2025-04-10,SPY,,,,,,,0.00,,0,,,,,,,,,,0.9551,2025-04-07T14:13:00+00:00,1795,3254
trade,2025-04-10,NVDA,Long,2025-04-10T14:31:00+00:00,2025-04-10T15:47:00+00:00,109.6578,107.8626,2.74,-4.91,-0.016371,4560000,MaxHoldTimeout,0.4681,0.0000,0.5207,0.4692,0.4485,-0.0539,-0.6737,-0.1355,,,
summary,2025-04-10,NVDA,,,,,,,-4.91,,1,,,,,,,,,,1.0000,2025-04-07T13:31:00+00:00,2283,3271
summary,2025-04-10,MSFT,,,,,,,0.00,,0,,,,,,,,,,0.9512,2025-04-07T14:16:00+00:00,1774,2676
summary,2025-04-11,SPY,,,,,,,0.00,,0,,,,,,,,,,0.8938,2025-04-08T14:03:00+00:00,1692,3254
trade,2025-04-11,QQQ,Long,2025-04-11T13:54:00+00:00,2025-04-11T14:16:00+00:00,449.8699,448.4904,0.47,-0.64,-0.003066,1320000,ScoreExit,0.4088,-0.0551,0.5736,0.4388,0.2940,0.4162,-0.2390,0.1555,,,
summary,2025-04-11,QQQ,,,,,,,-0.64,,1,,,,,,,,,,0.8969,2025-04-08T14:02:00+00:00,1753,3249
trade,2025-04-11,NVDA,Long,2025-04-11T13:36:00+00:00,2025-04-11T14:18:00+00:00,108.8777,109.1872,2.75,0.85,0.002843,2520000,ScoreExit,0.4458,-0.0906,0.3708,0.3847,0.5927,-0.4511,-0.2204,0.2892,,,
summary,2025-04-11,NVDA,,,,,,,0.85,,1,,,,,,,,,,0.9327,2025-04-08T13:46:00+00:00,2014,3271
trade,2025-04-11,MSFT,Long,2025-04-11T13:54:00+00:00,2025-04-11T14:17:00+00:00,385.7057,383.2200,0.67,-1.65,-0.006444,1380000,ScoreExit,0.4121,-0.0688,0.5291,0.4029,0.3915,0.0986,-0.2694,0.2766,,,
summary,2025-04-11,MSFT,,,,,,,-1.65,,1,,,,,,,,,,1.0000,2025-04-08T13:35:00+00:00,1544,2516
trade,2025-04-14,QQQ,Long,2025-04-14T14:51:00+00:00,2025-04-14T15:06:00+00:00,463.3790,460.5168,0.65,-1.85,-0.006177,900000,ScoreExit,0.4242,-0.0942,0.5188,0.3119,0.6175,-0.5676,-0.2667,0.4087,,,
summary,2025-04-14,QQQ,,,,,,,-1.85,,1,,,,,,,,,,0.9363,2025-04-11T13:45:00+00:00,1040,1272
summary,2025-04-14,AAPL,,,,,,,0.00,,0,,,,,,,,,,1.0000,2025-04-11T13:36:00+00:00,1177,1313
trade,2025-04-14,MSFT,Long,2025-04-14T14:36:00+00:00,2025-04-14T15:01:00+00:00,393.2689,392.3773,0.76,-0.68,-0.002267,1500000,ScoreExit,0.4298,-0.1071,0.3570,0.3484,0.6168,-0.5647,-0.2846,0.4003,,,
summary,2025-04-14,MSFT,,,,,,,-0.68,,1,,,,,,,,,,0.9318,2025-04-11T13:45:00+00:00,749,1017
trade,2025-04-15,SPY,Long,2025-04-15T13:38:00+00:00,2025-04-15T14:16:00+00:00,540.8172,542.0423,0.55,0.68,0.002265,2280000,ScoreExit,0.4057,-0.0632,0.5058,0.4278,0.3282,-0.1074,-0.2808,0.3866,,,
summary,2025-04-15,SPY,,,,,,,0.68,,1,,,,,,,,,,0.4942,2025-04-14T13:24:00+00:00,669,1587
trade,2025-04-15,QQQ,Long,2025-04-15T13:33:00+00:00,2025-04-15T14:17:00+00:00,459.3928,460.9367,0.65,1.01,0.003361,2640000,ScoreExit,0.4018,-0.0709,0.4897,0.4009,0.3745,-0.2979,-0.2922,0.4474,,,
summary,2025-04-15,QQQ,,,,,,,1.01,,1,,,,,,,,,,0.5506,2025-04-14T13:24:00+00:00,682,1625
trade,2025-04-15,AAPL,Long,2025-04-15T13:31:00+00:00,2025-04-15T14:47:00+00:00,202.7158,201.9644,1.48,-1.11,-0.003707,4560000,MaxHoldTimeout,0.3610,0.0000,0.5710,0.4891,0.0349,0.0727,-0.0174,-0.0813,,,
summary,2025-04-15,AAPL,,,,,,,-1.11,,1,,,,,,,,,,0.6312,2025-04-14T12:09:00+00:00,534,1585
trade,2025-04-15,NVDA,Long,2025-04-15T13:31:00+00:00,2025-04-15T14:18:00+00:00,111.5485,111.6113,2.69,0.17,0.000563,2820000,ScoreExit,0.5018,-0.1427,0.5959,0.5931,0.2877,-0.5165,-0.2978,0.2921,,,
summary,2025-04-15,NVDA,,,,,,,0.17,,1,,,,,,,,,,0.6690,2025-04-14T11:19:00+00:00,521,1681
trade,2025-04-15,MSFT,Long,2025-04-15T13:40:00+00:00,2025-04-15T14:01:00+00:00,390.6922,389.1982,0.77,-1.15,-0.003824,1260000,ScoreExit,0.4325,-0.1044,0.5610,0.4186,0.4175,-0.5763,-0.1921,0.2283,,,
summary,2025-04-15,MSFT,,,,,,,-1.15,,1,,,,,,,,,,0.5709,2025-04-14T08:06:00+00:00,305,1101
summary,2025-04-16,AAPL,,,,,,,0.00,,0,,,,,,,,,,0.6312,2025-04-14T12:09:00+00:00,534,2442
summary,2025-04-16,NVDA,,,,,,,0.00,,0,,,,,,,,,,0.6690,2025-04-14T11:19:00+00:00,551,2641
summary,2025-04-17,SPY,,,,,,,0.00,,0,,,,,,,,,,0.8794,2025-04-14T14:54:00+00:00,648,3106
summary,2025-04-17,QQQ,,,,,,,0.00,,0,,,,,,,,,,0.7616,2025-04-14T14:54:00+00:00,686,3145
summary,2025-04-17,AAPL,,,,,,,0.00,,0,,,,,,,,,,0.5240,2025-04-14T19:08:00+00:00,476,2918
summary,2025-04-17,NVDA,,,,,,,0.00,,0,,,,,,,,,,0.6681,2025-04-15T13:31:00+00:00,721,3271
summary,2025-04-18,QQQ,,,,,,,0.00,,0,,,,,,,,,,0.6830,2025-04-15T13:39:00+00:00,198,2408
summary,2025-04-18,AAPL,,,,,,,0.00,,0,,,,,,,,,,0.8577,2025-04-15T13:53:00+00:00,551,2195
summary,2025-04-18,MSFT,,,,,,,0.00,,0,,,,,,,,,,0.9648,2025-04-15T13:40:00+00:00,77,1644
summary,2025-04-21,SPY,,,,,,,0.00,,0,,,,,,,,,,0.3968,2025-04-21T10:56:00+00:00,110,625
summary,2025-04-21,QQQ,,,,,,,0.00,,0,,,,,,,,,,0.4909,2025-04-21T19:58:00+00:00,135,689
summary,2025-04-21,AAPL,,,,,,,0.00,,0,,,,,,,,,,0.5379,2025-04-21T19:58:00+00:00,89,610
trade,2025-04-21,NVDA,Long,2025-04-21T13:30:00+00:00,2025-04-21T14:14:00+00:00,98.8046,96.2908,3.04,-7.64,-0.025442,2640000,HardStop,0.4246,0.0000,0.5609,0.4037,0.4208,-0.4537,-0.6003,-1.0000,,,
summary,2025-04-21,NVDA,,,,,,,-7.64,,1,,,,,,,,,,0.6235,2025-04-21T13:30:00+00:00,75,721
summary,2025-04-21,MSFT,,,,,,,0.00,,0,,,,,,,,,,0.9005,2025-04-21T11:00:00+00:00,22,461
trade,2025-04-22,AAPL,Long,2025-04-22T14:49:00+00:00,2025-04-22T15:56:00+00:00,199.0757,198.2055,1.51,-1.31,-0.004371,4020000,SessionClose,0.4058,0.3617,0.5569,0.1956,0.7759,0.1116,0.2025,0.7634,,,
summary,2025-04-22,AAPL,,,,,,,-1.31,,1,,,,,,,,,,0.6248,2025-04-22T14:06:00+00:00,684,1326
trade,2025-04-22,NVDA,Long,2025-04-22T14:00:00+00:00,2025-04-22T15:26:00+00:00,98.9747,98.8753,3.03,-0.30,-0.001004,5160000,MaxHoldTimeout,0.4022,0.0967,0.3574,0.2496,0.7222,-0.5544,-0.0811,0.6693,,,
summary,2025-04-22,NVDA,,,,,,,-0.30,,1,,,,,,,,,,0.6883,2025-04-22T08:00:00+00:00,804,1681
trade,2025-04-22,MSFT,Long,2025-04-22T14:21:00+00:00,2025-04-22T15:56:00+00:00,362.7438,364.4606,0.83,1.42,0.004733,5700000,SessionClose,0.4162,0.4419,0.5277,0.3224,0.5666,0.4594,0.3483,0.6233,,,
summary,2025-04-22,MSFT,,,,,,,1.42,,1,,,,,,,,,,0.9005,2025-04-21T11:00:00+00:00,466,1028
summary,2025-04-23,SPY,,,,,,,0.00,,0,,,,,,,,,,0.5948,2025-04-22T21:44:00+00:00,1559,2429
summary,2025-04-23,QQQ,,,,,,,0.00,,0,,,,,,,,,,0.6254,2025-04-22T21:42:00+00:00,1641,2524
trade,2025-04-23,NVDA,Long,2025-04-23T14:31:00+00:00,2025-04-23T15:21:00+00:00,104.1462,103.8388,2.88,-0.88,-0.002952,3000000,ScoreExit,0.4306,-0.0509,0.4882,0.3817,0.5092,-0.4231,-0.2163,0.4042,,,
summary,2025-04-23,NVDA,,,,,,,-0.88,,1,,,,,,,,,,0.6883,2025-04-22T08:00:00+00:00,1579,2641
trade,2025-04-23,MSFT,Long,2025-04-23T13:32:00+00:00,2025-04-23T15:12:00+00:00,376.9581,378.4815,0.80,1.21,0.004041,6000000,ScoreExit,0.4240,-0.0516,0.3740,0.3766,0.5356,-0.4745,-0.1827,0.3515,,,
summary,2025-04-23,MSFT,,,,,,,1.21,,1,,,,,,,,,,0.9005,2025-04-21T11:00:00+00:00,1021,1765
trade,2025-04-24,SPY,Long,2025-04-24T14:01:00+00:00,2025-04-24T15:56:00+00:00,539.9520,543.6818,0.56,2.08,0.006908,6900000,SessionClose,0.4231,0.0782,0.5391,0.4190,0.3926,0.5505,-0.1447,0.3666,,,
summary,2025-04-24,SPY,,,,,,,2.08,,1,,,,,,,,,,0.6556,2025-04-22T21:44:00+00:00,2186,3100
trade,2025-04-24,AAPL,Long,2025-04-24T13:56:00+00:00,2025-04-24T15:56:00+00:00,204.9665,206.5530,1.47,2.33,0.007741,7200000,SessionClose,0.3564,0.0669,0.0997,0.4078,0.3392,0.4959,-0.1527,0.3631,,,
summary,2025-04-24,AAPL,,,,,,,2.33,,1,,,,,,,,,,0.7053,2025-04-22T21:42:00+00:00,2009,2807
trade,2025-04-24,NVDA,Long,2025-04-24T14:06:00+00:00,2025-04-24T15:56:00+00:00,104.8414,105.6583,2.87,2.34,0.007791,6600000,SessionClose,0.4542,0.1085,0.3522,0.4066,0.5836,0.5314,-0.1992,0.5828,,,
summary,2025-04-24,NVDA,,,,,,,2.34,,1,,,,,,,,,,0.7667,2025-04-22T21:29:00+00:00,2242,3270
summary,2025-04-25,SPY,,,,,,,0.00,,0,,,,,,,,,,0.9549,2025-04-22T15:01:00+00:00,2396,3137
summary,2025-04-25,QQQ,,,,,,,0.00,,0,,,,,,,,,,0.9539,2025-04-22T15:01:00+00:00,2522,3224
summary,2025-04-25,AAPL,,,,,,,0.00,,0,,,,,,,,,,0.9557,2025-04-22T14:47:00+00:00,2257,2919
trade,2025-04-25,NVDA,Long,2025-04-25T14:06:00+00:00,2025-04-25T15:56:00+00:00,107.3272,109.1273,2.80,5.04,0.016772,6600000,SessionClose,0.4730,0.2453,0.4752,0.4608,0.4966,0.3140,0.0680,0.5771,,,
summary,2025-04-25,NVDA,,,,,,,5.04,,1,,,,,,,,,,0.9554,2025-04-22T13:41:00+00:00,2618,3270
trade,2025-04-28,SPY,Long,2025-04-28T13:42:00+00:00,2025-04-28T13:56:00+00:00,552.8408,551.2146,0.54,-0.88,-0.002942,840000,ScoreExit,0.4170,-0.1165,0.5562,0.3819,0.4408,-0.5326,-0.3038,0.3968,,,
summary,2025-04-28,SPY,,,,,,,-0.88,,1,,,,,,,,,,0.5746,2025-04-25T17:27:00+00:00,848,1212
summary,2025-04-28,QQQ,,,,,,,0.00,,0,,,,,,,,,,0.7915,2025-04-25T14:12:00+00:00,934,1262
trade,2025-04-28,AAPL,Long,2025-04-28T13:41:00+00:00,2025-04-28T13:59:00+00:00,209.6325,209.1822,1.43,-0.64,-0.002148,1080000,ScoreExit,0.4113,-0.0750,0.0885,0.4173,0.5067,-0.5757,-0.2196,0.3812,,,
summary,2025-04-28,AAPL,,,,,,,-0.64,,1,,,,,,,,,,0.9400,2025-04-25T13:45:00+00:00,743,1106
summary,2025-04-28,NVDA,,,,,,,0.00,,0,,,,,,,,,,1.0000,2025-04-25T13:34:00+00:00,889,1351
trade,2025-04-29,SPY,Long,2025-04-29T14:06:00+00:00,2025-04-29T14:27:00+00:00,552.1406,549.5601,0.54,-1.40,-0.004674,1260000,ScoreExit,0.4084,-0.0516,0.5132,0.3880,0.4142,-0.5637,-0.1183,0.2523,,,
summary,2025-04-29,SPY,,,,,,,-1.40,,1,,,,,,,,,,0.8045,2025-04-28T09:32:00+00:00,845,1452
trade,2025-04-29,AAPL,Long,2025-04-29T13:44:00+00:00,2025-04-29T15:16:00+00:00,210.4455,211.0058,1.43,0.80,0.002662,5520000,ScoreExit,0.3613,-0.0706,0.5573,0.3147,0.3893,-0.3209,-0.2700,0.4116,,,
summary,2025-04-29,AAPL,,,,,,,0.80,,1,,,,,,,,,,0.9510,2025-04-28T09:31:00+00:00,801,1302
trade,2025-04-29,MSFT,Long,2025-04-29T13:46:00+00:00,2025-04-29T15:11:00+00:00,392.7514,393.5769,0.76,0.63,0.002102,5100000,ScoreExit,0.4732,-0.0672,0.5645,0.4568,0.4757,-0.5332,-0.2244,0.4027,,,
summary,2025-04-29,MSFT,,,,,,,0.63,,1,,,,,,,,,,0.7141,2025-04-28T09:53:00+00:00,650,1034
summary,2025-04-30,QQQ,,,,,,,0.00,,0,,,,,,,,,,0.8116,2025-04-28T09:32:00+00:00,1303,2456
summary,2025-04-30,NVDA,,,,,,,0.00,,0,,,,,,,,,,0.8603,2025-04-28T09:29:00+00:00,1101,2637
trade,2025-05-01,QQQ,Long,2025-05-01T14:36:00+00:00,2025-05-01T15:41:00+00:00,484.4103,485.3543,0.62,0.58,0.001949,3900000,ScoreExit,0.4078,-0.0742,0.5244,0.3732,0.4383,-0.4233,-0.2161,0.3260,,,
summary,2025-05-01,QQQ,,,,,,,0.58,,1,,,,,,,,,,0.6879,2025-04-28T13:46:00+00:00,1939,3095
trade,2025-05-01,AAPL,Long,2025-05-01T13:31:00+00:00,2025-05-01T15:32:00+00:00,210.7932,212.7112,1.42,2.73,0.009099,7260000,MaxHoldTimeout,0.3629,0.0063,0.5487,0.4435,0.1398,-0.4971,-0.0759,0.3387,,,
summary,2025-05-01,AAPL,,,,,,,2.73,,1,,,,,,,,,,0.9364,2025-04-28T13:43:00+00:00,1500,2687
summary,2025-05-01,MSFT,,,,,,,0.00,,0,,,,,,,,,,0.7755,2025-04-30T20:02:00+00:00,1723,2495
summary,2025-05-02,AAPL,,,,,,,0.00,,0,,,,,,,,,,0.9879,2025-04-29T13:39:00+00:00,952,2907
summary,2025-05-05,AAPL,,,,,,,0.00,,0,,,,,,,,,,0.9559,2025-05-02T14:46:00+00:00,394,1230
summary,2025-05-05,NVDA,,,,,,,0.00,,0,,,,,,,,,,0.9332,2025-05-02T13:33:00+00:00,423,1348
trade,2025-05-05,MSFT,Long,2025-05-05T13:54:00+00:00,2025-05-05T14:31:00+00:00,435.9607,434.8645,0.69,-0.75,-0.002515,2220000,ScoreExit,0.4317,-0.1007,0.4690,0.4996,0.2833,-0.4779,-0.1842,0.1922,,,
summary,2025-05-05,MSFT,,,,,,,-0.75,,1,,,,,,,,,,0.8968,2025-05-02T13:50:00+00:00,520,1030
summary,2025-05-06,QQQ,,,,,,,0.00,,0,,,,,,,,,,0.5541,2025-05-05T18:44:00+00:00,444,1573
trade,2025-05-06,AAPL,Long,2025-05-06T13:40:00+00:00,2025-05-06T14:56:00+00:00,199.8820,198.2755,1.50,-2.41,-0.008037,4560000,MaxHoldTimeout,0.3891,0.0000,0.5970,0.5186,0.0608,0.3563,-0.0709,-0.1029,,,
summary,2025-05-06,AAPL,,,,,,,-2.41,,1,,,,,,,,,,0.5773,2025-05-05T18:14:00+00:00,321,1423
trade,2025-05-06,NVDA,Long,2025-05-06T14:33:00+00:00,2025-05-06T15:09:00+00:00,112.8538,112.6894,2.66,-0.44,-0.001457,2160000,ScoreExit,0.4101,-0.0582,0.4391,0.5259,0.1689,-0.4964,-0.0620,0.0953,,,
summary,2025-05-06,NVDA,,,,,,,-0.44,,1,,,,,,,,,,0.6399,2025-05-05T13:34:00+00:00,709,1676
summary,2025-05-06,MSFT,,,,,,,0.00,,0,,,,,,,,,,0.6374,2025-05-05T13:54:00+00:00,608,1154
summary,2025-05-07,SPY,,,,,,,0.00,,0,,,,,,,,,,0.4813,2025-05-05T18:40:00+00:00,692,2363
summary,2025-05-07,QQQ,,,,,,,0.00,,0,,,,,,,,,,0.5541,2025-05-05T18:44:00+00:00,689,2494
summary,2025-05-07,AAPL,,,,,,,0.00,,0,,,,,,,,,,0.5773,2025-05-05T18:14:00+00:00,548,2255
summary,2025-05-07,MSFT,,,,,,,0.00,,0,,,,,,,,,,0.6374,2025-05-05T13:54:00+00:00,737,1780
summary,2025-05-08,SPY,,,,,,,0.00,,0,,,,,,,,,,0.8550,2025-05-05T14:57:00+00:00,1026,2956
summary,2025-05-08,QQQ,,,,,,,0.00,,0,,,,,,,,,,0.8203,2025-05-05T15:04:00+00:00,1249,3095
summary,2025-05-08,AAPL,,,,,,,0.00,,0,,,,,,,,,,0.6364,2025-05-06T22:07:00+00:00,1028,2876
summary,2025-05-08,NVDA,,,,,,,0.00,,0,,,,,,,,,,0.8896,2025-05-05T13:37:00+00:00,1909,3264
summary,2025-05-08,MSFT,,,,,,,0.00,,0,,,,,,,,,,0.9543,2025-05-05T15:01:00+00:00,1049,2265
summary,2025-05-09,SPY,,,,,,,0.00,,0,,,,,,,,,,0.8784,2025-05-06T14:46:00+00:00,1820,2976
summary,2025-05-09,QQQ,,,,,,,0.00,,0,,,,,,,,,,0.9528,2025-05-06T14:46:00+00:00,2000,3087
summary,2025-05-09,AAPL,,,,,,,0.00,,0,,,,,,,,,,1.0000,2025-05-06T13:31:00+00:00,1621,2879
summary,2025-05-09,NVDA,,,,,,,0.00,,0,,,,,,,,,,0.9519,2025-05-06T14:40:00+00:00,2538,3261
summary,2025-05-12,SPY,,,,,,,0.00,,0,,,,,,,,,,0.6982,2025-05-12T08:05:00+00:00,798,1288
summary,2025-05-12,QQQ,,,,,,,0.00,,0,,,,,,,,,,0.7587,2025-05-12T08:05:00+00:00,697,1272
trade,2025-05-12,AAPL,Long,2025-05-12T14:13:00+00:00,2025-05-12T15:12:00+00:00,209.9380,208.4724,1.43,-2.09,-0.006981,3540000,ScoreExit,0.3551,-0.0512,0.5603,0.1795,0.6380,-0.3508,-0.3242,0.5945,,,
summary,2025-05-12,AAPL,,,,,,,-2.09,,1,,,,,,,,,,0.8489,2025-05-12T08:10:00+00:00,724,1248
summary,2025-05-12,NVDA,,,,,,,0.00,,0,,,,,,,,,,0.8313,2025-05-12T08:07:00+00:00,682,1344
trade,2025-05-12,MSFT,Long,2025-05-12T14:23:00+00:00,2025-05-12T15:39:00+00:00,444.3683,443.7018,0.68,-0.45,-0.001500,4560000,MaxHoldTimeout,0.4045,0.1861,0.5186,0.2517,0.6722,0.1461,-0.0414,0.6546,,,
summary,2025-05-12,MSFT,,,,,,,-0.45,,1,,,,,,,,,,0.6522,2025-05-12T08:03:00+00:00,628,1026
trade,2025-05-13,QQQ,Long,2025-05-13T14:32:00+00:00,2025-05-13T15:56:00+00:00,514.5193,515.6671,0.58,0.67,0.002231,5040000,SessionClose,0.4087,0.2022,0.1500,0.3301,0.6523,-0.0806,0.0393,0.6221,,,
summary,2025-05-13,QQQ,,,,,,,0.67,,1,,,,,,,,,,0.9631,2025-05-12T08:00:00+00:00,1274,1630
trade,2025-05-13,AAPL,Long,2025-05-13T14:08:00+00:00,2025-05-13T15:41:00+00:00,210.8532,211.0717,1.42,0.31,0.001036,5580000,ScoreExit,0.3547,-0.1083,0.5606,0.2335,0.5282,-0.4840,-0.3345,0.4693,,,
summary,2025-05-13,AAPL,,,,,,,0.31,,1,,,,,,,,,,1.0000,2025-05-12T08:00:00+00:00,1190,1541
summary,2025-05-14,SPY,,,,,,,0.00,,0,,,,,,,,,,0.8147,2025-05-12T08:00:00+00:00,1719,2397
summary,2025-05-14,QQQ,,,,,,,0.00,,0,,,,,,,,,,0.9631,2025-05-12T08:00:00+00:00,1961,2529
trade,2025-05-14,NVDA,Long,2025-05-14T13:32:00+00:00,2025-05-14T13:51:00+00:00,133.2200,132.7665,2.26,-1.03,-0.003404,1140000,ScoreExit,0.4307,-0.1057,-0.1632,0.4624,0.5651,-0.4693,-0.3806,0.5651,,,
trade,2025-05-14,NVDA,Long,2025-05-14T14:51:00+00:00,2025-05-14T15:56:00+00:00,133.2225,134.1847,2.26,2.17,0.007223,3900000,SessionClose,0.4694,0.4407,0.5473,0.3858,0.6107,0.2045,0.3676,0.6657,,,
summary,2025-05-14,NVDA,,,,,,,1.15,,2,,,,,,,,,,1.0000,2025-05-12T08:00:00+00:00,2149,2640
trade,2025-05-14,MSFT,Long,2025-05-14T13:31:00+00:00,2025-05-14T15:01:00+00:00,449.1697,452.5092,0.67,2.23,0.007435,5400000,ScoreExit,0.4526,-0.0581,0.5049,0.4903,0.3596,-0.4288,-0.2003,0.3500,,,
summary,2025-05-14,MSFT,,,,,,,2.23,,1,,,,,,,,,,0.6125,2025-05-12T17:08:00+00:00,1174,1776
summary,2025-05-15,QQQ,,,,,,,0.00,,0,,,,,,,,,,0.5958,2025-05-12T17:08:00+00:00,2354,3118
summary,2025-05-15,NVDA,,,,,,,0.00,,0,,,,,,,,,,0.7821,2025-05-13T14:13:00+00:00,2753,3270
summary,2025-05-15,MSFT,,,,,,,0.00,,0,,,,,,,,,,0.7962,2025-05-12T14:25:00+00:00,1572,2165
summary,2025-05-16,AAPL,,,,,,,0.00,,0,,,,,,,,,,0.8915,2025-05-13T14:33:00+00:00,1215,2738
summary,2025-05-16,NVDA,,,,,,,0.00,,0,,,,,,,,,,1.0000,2025-05-13T13:33:00+00:00,2652,3271
summary,2025-05-19,SPY,,,,,,,0.00,,0,,,,,,,,,,0.4735,2025-05-16T18:51:00+00:00,663,1337
trade,2025-05-19,NVDA,Long,2025-05-19T13:36:00+00:00,2025-05-19T14:50:00+00:00,133.2450,134.3847,2.25,2.56,0.008554,4440000,ScoreExit,0.5097,-0.0739,0.4748,0.6036,0.3333,-0.5445,-0.2118,0.3589,,,
summary,2025-05-19,NVDA,,,,,,,2.56,,1,,,,,,,,,,0.6685,2025-05-19T14:15:00+00:00,700,1351
trade,2025-05-19,MSFT,Long,2025-05-19T13:31:00+00:00,2025-05-19T15:32:00+00:00,454.2312,456.7829,0.66,1.69,0.005618,7260000,MaxHoldTimeout,0.5611,0.2061,0.5931,0.5205,0.6316,0.2141,0.0027,0.6103,,,
summary,2025-05-19,MSFT,,,,,,,1.69,,1,,,,,,,,,,0.6121,2025-05-19T13:41:00+00:00,613,1009
summary,2025-05-20,SPY,,,,,,,0.00,,0,,,,,,,,,,0.7294,2025-05-19T09:33:00+00:00,1052,1554
summary,2025-05-20,QQQ,,,,,,,0.00,,0,,,,,,,,,,0.6742,2025-05-19T09:29:00+00:00,1067,1590
trade,2025-05-20,AAPL,Long,2025-05-20T14:49:00+00:00,2025-05-20T14:56:00+00:00,208.4775,208.1425,1.44,-0.48,-0.001607,420000,ScoreExit,0.3642,-0.0620,0.5363,0.3741,0.2873,-0.0725,-0.2150,0.2475,,,
summary,2025-05-20,AAPL,,,,,,,-0.48,,1,,,,,,,,,,0.8567,2025-05-19T09:29:00+00:00,911,1361
summary,2025-05-20,NVDA,,,,,,,0.00,,0,,,,,,,,,,0.7425,2025-05-19T10:44:00+00:00,1189,1679
summary,2025-05-20,MSFT,,,,,,,0.00,,0,,,,,,,,,,0.8279,2025-05-19T10:36:00+00:00,710,1059
summary,2025-05-21,SPY,,,,,,,0.00,,0,,,,,,,,,,0.7294,2025-05-19T09:33:00+00:00,1286,2429
summary,2025-05-21,AAPL,,,,,,,0.00,,0,,,,,,,,,,0.8567,2025-05-19T09:29:00+00:00,987,2053
trade,2025-05-21,NVDA,Long,2025-05-21T13:49:00+00:00,2025-05-21T14:13:00+00:00,134.5205,133.7599,2.23,-1.70,-0.005655,1440000,ScoreExit,0.4161,-0.0516,0.5755,0.4893,0.2167,-0.5302,-0.0578,0.1203,,,
trade,2025-05-21,NVDA,Long,2025-05-21T15:00:00+00:00,2025-05-21T15:56:00+00:00,134.8905,136.8439,2.23,4.35,0.014482,3360000,SessionClose,0.4035,0.3856,0.5667,0.4017,0.3526,0.4706,0.2630,0.6024,,,
summary,2025-05-21,NVDA,,,,,,,2.65,,2,,,,,,,,,,0.7425,2025-05-19T10:44:00+00:00,1501,2639
summary,2025-05-21,MSFT,,,,,,,0.00,,0,,,,,,,,,,0.8279,2025-05-19T10:36:00+00:00,855,1590
summary,2025-05-22,QQQ,,,,,,,0.00,,0,,,,,,,,,,0.8600,2025-05-19T14:09:00+00:00,1272,3068
summary,2025-05-22,AAPL,,,,,,,0.00,,0,,,,,,,,,,0.9552,2025-05-19T15:02:00+00:00,963,2606
trade,2025-05-22,MSFT,Long,2025-05-22T13:32:00+00:00,2025-05-22T14:50:00+00:00,455.9217,457.5577,0.66,1.08,0.003588,4680000,ScoreExit,0.4025,-0.0594,0.5681,0.4221,0.3082,-0.5556,-0.1642,0.3157,,,
summary,2025-05-22,MSFT,,,,,,,1.08,,1,,,,,,,,,,0.9284,2025-05-19T13:44:00+00:00,927,1997
summary,2025-05-23,SPY,,,,,,,0.00,,0,,,,,,,,,,0.7089,2025-05-20T14:44:00+00:00,294,3000
summary,2025-05-23,AAPL,,,,,,,0.00,,0,,,,,,,,,,0.9123,2025-05-20T14:49:00+00:00,178,2639
summary,2025-05-23,NVDA,,,,,,,0.00,,0,,,,,,,,,,0.6430,2025-05-20T15:56:00+00:00,1069,3267
summary,2025-05-23,MSFT,,,,,,,0.00,,0,,,,,,,,,,0.5648,2025-05-20T19:59:00+00:00,655,2038
summary,2025-05-26,SPY,,,,,,,0.00,,0,,,,,,,,,,0.5742,2025-05-23T17:29:00+00:00,351,540
summary,2025-05-26,QQQ,,,,,,,0.00,,0,,,,,,,,,,0.7488,2025-05-23T14:12:00+00:00,301,534
summary,2025-05-26,NVDA,,,,,,,0.00,,0,,,,,,,,,,1.0000,2025-05-23T13:33:00+00:00,435,628
summary,2025-05-26,MSFT,,,,,,,0.00,,0,,,,,,,,,,0.7656,2025-05-23T14:25:00+00:00,273,442
trade,2025-05-27,SPY,Long,2025-05-27T14:20:00+00:00,2025-05-27T15:56:00+00:00,587.8613,588.8283,0.51,0.49,0.001645,5760000,SessionClose,0.4139,0.3199,0.5404,0.3542,0.4910,0.3552,0.1685,0.6109,,,
summary,2025-05-27,SPY,,,,,,,0.49,,1,,,,,,,,,,0.7151,2025-05-27T09:14:00+00:00,473,694
trade,2025-05-27,QQQ,Long,2025-05-27T14:01:00+00:00,2025-05-27T15:56:00+00:00,517.9303,519.4491,0.58,0.88,0.002932,6900000,SessionClose,0.4459,0.3999,0.5366,0.3644,0.5788,0.4792,0.2419,0.6895,,,
summary,2025-05-27,QQQ,,,,,,,0.88,,1,,,,,,,,,,0.6697,2025-05-27T09:13:00+00:00,442,713
trade,2025-05-27,AAPL,Long,2025-05-27T14:41:00+00:00,2025-05-27T15:56:00+00:00,198.9446,199.8800,1.51,1.41,0.004702,4500000,SessionClose,0.4005,0.6119,0.5654,0.2741,0.5985,0.5589,0.4266,1.0000,,,
summary,2025-05-27,AAPL,,,,,,,1.41,,1,,,,,,,,,,0.6318,2025-05-27T16:04:00+00:00,412,661
trade,2025-05-27,MSFT,Long,2025-05-27T13:31:00+00:00,2025-05-27T14:24:00+00:00,457.3622,457.7776,0.66,0.27,0.000908,3180000,ScoreExit,0.4279,-0.0839,0.5491,0.4412,0.3611,-0.5608,-0.0930,0.0934,,,
summary,2025-05-27,MSFT,,,,,,,0.27,,1,,,,,,,,,,0.6201,2025-05-27T13:33:00+00:00,350,519
summary,2025-05-28,SPY,,,,,,,0.00,,0,,,,,,,,,,0.7151,2025-05-27T09:14:00+00:00,1009,1527
trade,2025-05-28,AAPL,Long,2025-05-28T13:31:00+00:00,2025-05-28T13:46:00+00:00,201.3354,200.7348,1.49,-0.90,-0.002983,900000,ScoreExit,0.3987,-0.1452,0.4799,0.4221,0.3249,-0.5765,-0.3083,0.3249,,,
summary,2025-05-28,AAPL,,,,,,,-0.90,,1,,,,,,,,,,0.6318,2025-05-27T16:04:00+00:00,1002,1401
summary,2025-05-28,NVDA,,,,,,,0.00,,0,,,,,,,,,,0.6086,2025-05-27T14:32:00+00:00,1188,1681
summary,2025-05-29,SPY,,,,,,,0.00,,0,,,,,,,,,,0.7151,2025-05-27T09:14:00+00:00,1545,2469
summary,2025-05-29,AAPL,,,,,,,0.00,,0,,,,,,,,,,0.7008,2025-05-28T23:20:00+00:00,1331,2314
trade,2025-05-29,NVDA,Long,2025-05-29T14:51:00+00:00,2025-05-29T15:50:00+00:00,141.2574,141.0427,2.13,-0.46,-0.001520,3540000,ScoreExit,0.4047,-0.0540,0.5481,0.3368,0.4927,-0.5307,-0.1533,0.3036,,,
summary,2025-05-29,NVDA,,,,,,,-0.46,,1,,,,,,,,,,0.7229,2025-05-28T20:59:00+00:00,1931,2641
summary,2025-05-29,MSFT,,,,,,,0.00,,0,,,,,,,,,,0.6201,2025-05-27T13:33:00+00:00,978,1748
summary,2025-05-30,SPY,,,,,,,0.00,,0,,,,,,,,,,0.8536,2025-05-27T14:48:00+00:00,1570,2975
summary,2025-05-30,AAPL,,,,,,,0.00,,0,,,,,,,,,,0.7709,2025-05-28T23:20:00+00:00,1425,2824
summary,2025-05-30,NVDA,,,,,,,0.00,,0,,,,,,,,,,0.9555,2025-05-27T14:46:00+00:00,2010,3271
summary,2025-05-30,MSFT,,,,,,,0.00,,0,,,,,,,,,,0.7913,2025-05-27T13:33:00+00:00,1176,2137
trade,2025-06-02,AAPL,Long,2025-06-02T14:52:00+00:00,2025-06-02T15:26:00+00:00,201.2303,200.6548,1.49,-0.86,-0.002860,2040000,ScoreExit,0.3560,-0.0584,0.5041,0.2090,0.6006,-0.5665,-0.2209,0.4359,,,
summary,2025-06-02,AAPL,,,,,,,-0.86,,1,,,,,,,,,,0.6268,2025-05-30T14:39:00+00:00,775,1160
summary,2025-06-02,NVDA,,,,,,,0.00,,0,,,,,,,,,,0.6949,2025-06-02T13:39:00+00:00,481,1351
trade,2025-06-03,QQQ,Long,2025-06-03T13:55:00+00:00,2025-06-03T15:56:00+00:00,524.8324,526.5070,0.57,0.96,0.003191,7260000,MaxHoldTimeout,0.4071,0.2833,0.4997,0.3587,0.4733,0.3861,0.1544,0.5069,,,
summary,2025-06-03,QQQ,,,,,,,0.96,,1,,,,,,,,,,0.6186,2025-06-02T13:38:00+00:00,1222,1562
summary,2025-06-03,MSFT,,,,,,,0.00,,0,,,,,,,,,,0.8980,2025-06-02T11:07:00+00:00,705,990
summary,2025-06-04,SPY,,,,,,,0.00,,0,,,,,,,,,,0.5352,2025-06-02T18:55:00+00:00,1701,2343
summary,2025-06-04,MSFT,,,,,,,0.00,,0,,,,,,,,,,0.8980,2025-06-02T11:07:00+00:00,1040,1508
summary,2025-06-05,SPY,,,,,,,0.00,,0,,,,,,,,,,0.6098,2025-06-02T14:57:00+00:00,2024,2859
summary,2025-06-05,AAPL,,,,,,,0.00,,0,,,,,,,,,,0.8219,2025-06-02T15:01:00+00:00,1460,2666
summary,2025-06-05,MSFT,,,,,,,0.00,,0,,,,,,,,,,0.8646,2025-06-02T13:32:00+00:00,1413,1958
summary,2025-06-06,SPY,,,,,,,0.00,,0,,,,,,,,,,0.8160,2025-06-03T15:03:00+00:00,1684,2892
summary,2025-06-06,QQQ,,,,,,,0.00,,0,,,,,,,,,,0.8678,2025-06-03T15:03:00+00:00,1872,3047
trade,2025-06-06,AAPL,Long,2025-06-06T13:30:00+00:00,2025-06-06T14:22:00+00:00,203.0659,203.8538,1.48,1.16,0.003880,3120000,ScoreExit,0.3521,-0.0677,0.5637,0.3478,0.2904,-0.5017,-0.1732,0.2880,,,
summary,2025-06-06,AAPL,,,,,,,1.16,,1,,,,,,,,,,0.8392,2025-06-03T14:02:00+00:00,1165,2728
trade,2025-06-06,MSFT,Long,2025-06-06T13:51:00+00:00,2025-06-06T14:56:00+00:00,472.0766,471.4085,0.64,-0.42,-0.001415,3900000,ScoreExit,0.4359,-0.0621,0.5618,0.3865,0.4929,-0.4354,-0.2569,0.4521,,,
summary,2025-06-06,MSFT,,,,,,,-0.42,,1,,,,,,,,,,0.4453,2025-06-04T13:59:00+00:00,1409,2005
summary,2025-06-09,SPY,,,,,,,0.00,,0,,,,,,,,,,0.5180,2025-06-06T13:41:00+00:00,638,1192
summary,2025-06-09,QQQ,,,,,,,0.00,,0,,,,,,,,,,0.5183,2025-06-06T13:46:00+00:00,609,1220
trade,2025-06-09,AAPL,Long,2025-06-09T13:36:00+00:00,2025-06-09T14:50:00+00:00,204.8914,204.9935,1.46,0.15,0.000498,4440000,ScoreExit,0.3819,-0.0513,0.4618,0.3655,0.3882,-0.5043,-0.1983,0.3936,,,
summary,2025-06-09,AAPL,,,,,,,0.15,,1,,,,,,,,,,0.6909,2025-06-06T13:31:00+00:00,514,1191
trade,2025-06-09,NVDA,Long,2025-06-09T14:28:00+00:00,2025-06-09T15:16:00+00:00,144.3483,144.0818,2.08,-0.55,-0.001846,2880000,ScoreExit,0.4099,-0.1106,0.5089,0.2758,0.6450,-0.5242,-0.3557,0.5174,,,
summary,2025-06-09,NVDA,,,,,,,-0.55,,1,,,,,,,,,,0.9143,2025-06-06T13:43:00+00:00,648,1343
summary,2025-06-09,MSFT,,,,,,,0.00,,0,,,,,,,,,,0.8150,2025-06-06T14:06:00+00:00,409,892
trade,2025-06-10,AAPL,Long,2025-06-10T13:51:00+00:00,2025-06-10T15:31:00+00:00,202.2957,203.0441,1.48,1.11,0.003700,6000000,ScoreExit,0.3612,-0.1029,0.5052,0.4464,0.1427,-0.5562,-0.2573,0.3571,,,
summary,2025-06-10,AAPL,,,,,,,1.11,,1,,,,,,,,,,0.5880,2025-06-09T14:13:00+00:00,396,1497
summary,2025-06-10,NVDA,,,,,,,0.00,,0,,,,,,,,,,0.6029,2025-06-09T12:38:00+00:00,712,1673
summary,2025-06-10,MSFT,,,,,,,0.00,,0,,,,,,,,,,0.5525,2025-06-09T18:53:00+00:00,553,1013
summary,2025-06-11,SPY,,,,,,,0.00,,0,,,,,,,,,,0.4048,2025-06-09T16:52:00+00:00,1357,2305
summary,2025-06-11,AAPL,,,,,,,0.00,,0,,,,,,,,,,0.5880,2025-06-09T14:13:00+00:00,667,2268
summary,2025-06-11,NVDA,,,,,,,0.00,,0,,,,,,,,,,0.6029,2025-06-09T12:38:00+00:00,1267,2632
trade,2025-06-12,NVDA,Long,2025-06-12T13:31:00+00:00,2025-06-12T15:32:00+00:00,142.6704,144.3017,2.10,3.43,0.011434,7260000,MaxHoldTimeout,0.4073,0.0402,0.5580,0.5454,0.0810,-0.2406,-0.1103,0.4348,,,
summary,2025-06-12,NVDA,,,,,,,3.43,,1,,,,,,,,,,0.8909,2025-06-09T14:34:00+00:00,1478,3264
summary,2025-06-13,SPY,,,,,,,0.00,,0,,,,,,,,,,0.7122,2025-06-10T14:43:00+00:00,1282,3051
summary,2025-06-13,NVDA,,,,,,,0.00,,0,,,,,,,,,,0.6344,2025-06-10T14:18:00+00:00,1723,3268
trade,2025-06-13,MSFT,Long,2025-06-13T13:31:00+00:00,2025-06-13T14:11:00+00:00,477.8433,476.8164,0.63,-0.65,-0.002149,2400000,ScoreExit,0.4289,-0.0645,0.5855,0.4460,0.3426,-0.5646,-0.1393,0.2518,,,
summary,2025-06-13,MSFT,,,,,,,-0.65,,1,,,,,,,,,,0.4865,2025-06-11T14:22:00+00:00,1297,2191
trade,2025-06-16,SPY,Long,2025-06-16T13:46:00+00:00,2025-06-16T15:27:00+00:00,602.0055,603.2440,0.50,0.62,0.002057,6060000,ScoreExit,0.4154,-0.0557,0.5452,0.3538,0.4953,-0.5317,-0.2326,0.4568,,,
summary,2025-06-16,SPY,,,,,,,0.62,,1,,,,,,,,,,0.6302,2025-06-13T15:51:00+00:00,652,1248
trade,2025-06-16,QQQ,Long,2025-06-16T13:31:00+00:00,2025-06-16T15:32:00+00:00,531.7845,534.5546,0.56,1.56,0.005209,7260000,MaxHoldTimeout,0.4116,0.0735,0.5581,0.3209,0.5442,-0.1667,-0.0934,0.4872,,,
summary,2025-06-16,QQQ,,,,,,,1.56,,1,,,,,,,,,,0.6586,2025-06-13T15:51:00+00:00,733,1237
trade,2025-06-16,AAPL,Long,2025-06-16T13:56:00+00:00,2025-06-16T15:04:00+00:00,197.9244,197.7856,1.52,-0.21,-0.000701,4080000,ScoreExit,0.4392,-0.0585,0.5555,0.3879,0.5031,-0.5494,-0.2038,0.3956,,,
summary,2025-06-16,AAPL,,,,,,,-0.21,,1,,,,,,,,,,0.5083,2025-06-16T08:08:00+00:00,547,1170
trade,2025-06-16,NVDA,Long,2025-06-16T13:31:00+00:00,2025-06-16T15:32:00+00:00,143.8081,145.4663,2.09,3.46,0.011531,7260000,MaxHoldTimeout,0.4730,0.3364,0.5215,0.3774,0.6481,-0.3436,0.2947,0.6466,,,
summary,2025-06-16,NVDA,,,,,,,3.46,,1,,,,,,,,,,0.6828,2025-06-13T15:51:00+00:00,776,1344
summary,2025-06-17,QQQ,,,,,,,0.00,,0,,,,,,,,,,0.5248,2025-06-16T14:01:00+00:00,713,1580
summary,2025-06-17,AAPL,,,,,,,0.00,,0,,,,,,,,,,0.5917,2025-06-16T13:59:00+00:00,555,1347
summary,2025-06-17,NVDA,,,,,,,0.00,,0,,,,,,,,,,0.6394,2025-06-16T15:09:00+00:00,968,1676
summary,2025-06-17,MSFT,,,,,,,0.00,,0,,,,,,,,,,0.5448,2025-06-16T14:12:00+00:00,473,1131
summary,2025-06-18,QQQ,,,,,,,0.00,,0,,,,,,,,,,0.5248,2025-06-16T14:01:00+00:00,841,2480
summary,2025-06-19,SPY,,,,,,,0.00,,0,,,,,,,,,,0.7786,2025-06-16T14:44:00+00:00,371,2372
summary,2025-06-19,AAPL,,,,,,,0.00,,0,,,,,,,,,,0.8965,2025-06-16T13:59:00+00:00,571,2085
summary,2025-06-19,NVDA,,,,,,,0.00,,0,,,,,,,,,,0.9583,2025-06-16T15:04:00+00:00,1214,2544
summary,2025-06-20,QQQ,,,,,,,0.00,,0,,,,,,,,,,0.4422,2025-06-17T14:15:00+00:00,646,2175
summary,2025-06-20,AAPL,,,,,,,0.00,,0,,,,,,,,,,0.7746,2025-06-17T14:20:00+00:00,944,1939
summary,2025-06-20,NVDA,,,,,,,0.00,,0,,,,,,,,,,0.5394,2025-06-17T13:39:00+00:00,1087,2305
summary,2025-06-20,MSFT,,,,,,,0.00,,0,,,,,,,,,,0.6815,2025-06-17T15:03:00+00:00,902,1494
trade,2025-06-23,SPY,Long,2025-06-23T14:07:00+00:00,2025-06-23T14:52:00+00:00,598.0844,596.8459,0.50,-0.62,-0.002071,2700000,ScoreExit,0.4057,-0.0550,0.5507,0.3816,0.4055,-0.5355,-0.1491,0.2934,,,
summary,2025-06-23,SPY,,,,,,,-0.62,,1,,,,,,,,,,0.4350,2025-06-23T17:36:00+00:00,453,1259
summary,2025-06-23,MSFT,,,,,,,0.00,,0,,,,,,,,,,0.6572,2025-06-20T13:39:00+00:00,298,935
summary,2025-06-24,SPY,,,,,,,0.00,,0,,,,,,,,,,0.5944,2025-06-23T17:37:00+00:00,1200,1610
summary,2025-06-24,AAPL,,,,,,,0.00,,0,,,,,,,,,,0.5992,2025-06-23T08:09:00+00:00,889,1514
summary,2025-06-24,NVDA,,,,,,,0.00,,0,,,,,,,,,,0.7370,2025-06-23T08:11:00+00:00,1226,1678
summary,2025-06-25,SPY,,,,,,,0.00,,0,,,,,,,,,,0.5944,2025-06-23T17:37:00+00:00,1670,2410
summary,2025-06-25,QQQ,,,,,,,0.00,,0,,,,,,,,,,0.6200,2025-06-23T17:28:00+00:00,1761,2509
trade,2025-06-25,AAPL,Long,2025-06-25T13:32:00+00:00,2025-06-25T13:56:00+00:00,202.5758,202.0844,1.48,-0.73,-0.002426,1440000,ScoreExit,0.3868,-0.0633,0.5643,0.4527,0.1958,-0.4240,-0.1139,0.1581,,,
summary,2025-06-25,AAPL,,,,,,,-0.73,,1,,,,,,,,,,0.5992,2025-06-23T08:09:00+00:00,1039,2304
summary,2025-06-25,NVDA,,,,,,,0.00,,0,,,,,,,,,,0.7370,2025-06-23T08:11:00+00:00,2100,2635
summary,2025-06-25,MSFT,,,,,,,0.00,,0,,,,,,,,,,0.6426,2025-06-23T17:28:00+00:00,1221,1641
summary,2025-06-26,SPY,,,,,,,0.00,,0,,,,,,,,,,0.6915,2025-06-23T14:06:00+00:00,2268,2959
summary,2025-06-26,QQQ,,,,,,,0.00,,0,,,,,,,,,,0.8727,2025-06-23T14:44:00+00:00,2402,3109
summary,2025-06-26,AAPL,,,,,,,0.00,,0,,,,,,,,,,0.8391,2025-06-23T14:08:00+00:00,1238,2821
trade,2025-06-26,NVDA,Long,2025-06-26T14:25:00+00:00,2025-06-26T15:22:00+00:00,156.3437,155.6064,1.92,-1.42,-0.004716,3420000,ScoreExit,0.4050,-0.0605,0.5474,0.3709,0.4257,-0.4840,-0.2089,0.3777,,,
summary,2025-06-26,NVDA,,,,,,,-1.42,,1,,,,,,,,,,0.8918,2025-06-23T14:05:00+00:00,2790,3265
summary,2025-06-26,MSFT,,,,,,,0.00,,0,,,,,,,,,,0.9449,2025-06-23T15:04:00+00:00,1652,2087
trade,2025-06-27,SPY,Long,2025-06-27T14:01:00+00:00,2025-06-27T15:17:00+00:00,615.1695,614.7205,0.49,-0.22,-0.000730,4560000,MaxHoldTimeout,0.4192,0.0244,0.5670,0.4270,0.3542,-0.5029,-0.0656,0.3803,,,
summary,2025-06-27,SPY,,,,,,,-0.22,,1,,,,,,,,,,0.5817,2025-06-24T14:42:00+00:00,2028,2889
trade,2025-06-27,AAPL,Long,2025-06-27T13:32:00+00:00,2025-06-27T14:06:00+00:00,202.4257,202.6792,1.48,0.38,0.001252,2040000,ScoreExit,0.3910,-0.0569,0.5349,0.4238,0.2774,-0.2095,-0.1262,0.1327,,,
summary,2025-06-27,AAPL,,,,,,,0.38,,1,,,,,,,,,,0.6471,2025-06-24T16:11:00+00:00,1109,2760
trade,2025-06-27,NVDA,Long,2025-06-27T14:21:00+00:00,2025-06-27T15:56:00+00:00,156.9121,158.3325,1.91,2.72,0.009052,5700000,SessionClose,0.4259,0.1399,0.5570,0.4310,0.3719,-0.1204,0.0086,0.4893,,,
summary,2025-06-27,NVDA,,,,,,,2.72,,1,,,,,,,,,,1.0000,2025-06-24T13:41:00+00:00,2656,3260
summary,2025-06-30,SPY,,,,,,,0.00,,0,,,,,,,,,,0.7415,2025-06-27T14:45:00+00:00,728,1259
summary,2025-06-30,NVDA,,,,,,,0.00,,0,,,,,,,,,,0.9522,2025-06-27T14:44:00+00:00,954,1349
summary,2025-07-01,SPY,,,,,,,0.00,,0,,,,,,,,,,0.6953,2025-06-30T09:39:00+00:00,719,1486
summary,2025-07-01,AAPL,,,,,,,0.00,,0,,,,,,,,,,0.7926,2025-06-30T19:30:00+00:00,1002,1514
summary,2025-07-01,NVDA,,,,,,,0.00,,0,,,,,,,,,,0.5940,2025-06-30T15:48:00+00:00,475,1672
summary,2025-07-01,MSFT,,,,,,,0.00,,0,,,,,,,,,,0.7243,2025-06-30T11:24:00+00:00,380,1037
summary,2025-07-02,SPY,,,,,,,0.00,,0,,,,,,,,,,0.6953,2025-06-30T09:39:00+00:00,1200,2309
summary,2025-07-02,QQQ,,,,,,,0.00,,0,,,,,,,,,,0.7323,2025-06-30T09:31:00+00:00,1007,2431
trade,2025-07-02,AAPL,Long,2025-07-02T13:36:00+00:00,2025-07-02T15:26:00+00:00,210.4236,211.9614,1.43,2.20,0.007308,6600000,ScoreExit,0.4960,-0.0941,0.6015,0.4124,0.6280,-0.5211,-0.3346,0.5292,,,
summary,2025-07-02,AAPL,,,,,,,2.20,,1,,,,,,,,,,0.7926,2025-06-30T19:30:00+00:00,1693,2376
summary,2025-07-02,MSFT,,,,,,,0.00,,0,,,,,,,,,,0.7243,2025-06-30T11:24:00+00:00,380,1585
trade,2025-07-03,SPY,Long,2025-07-03T13:46:00+00:00,2025-07-03T15:47:00+00:00,623.8221,625.7572,0.48,0.93,0.003102,7260000,MaxHoldTimeout,0.4062,0.2445,0.4572,0.4196,0.3626,0.0323,0.1994,0.4055,,,
summary,2025-07-03,SPY,,,,,,,0.93,,1,,,,,,,,,,0.5299,2025-06-30T19:53:00+00:00,1712,2848
summary,2025-07-03,NVDA,,,,,,,0.00,,0,,,,,,,,,,0.8496,2025-06-30T15:01:00+00:00,1514,3243
trade,2025-07-03,MSFT,Long,2025-07-03T13:31:00+00:00,2025-07-03T15:32:00+00:00,494.8934,498.3804,0.61,2.11,0.007046,7260000,MaxHoldTimeout,0.4204,0.0239,0.5292,0.5206,0.1839,-0.0283,-0.1654,0.4199,,,
summary,2025-07-03,MSFT,,,,,,,2.11,,1,,,,,,,,,,0.5906,2025-06-30T15:50:00+00:00,555,1927
summary,2025-07-04,SPY,,,,,,,0.00,,0,,,,,,,,,,0.4845,2025-07-01T16:14:00+00:00,1436,2064
summary,2025-07-04,QQQ,,,,,,,0.00,,0,,,,,,,,,,0.4709,2025-07-02T14:34:00+00:00,1169,2107
summary,2025-07-04,NVDA,,,,,,,0.00,,0,,,,,,,,,,0.7399,2025-07-02T13:35:00+00:00,1333,2348
summary,2025-07-07,SPY,,,,,,,0.00,,0,,,,,,,,,,0.4188,2025-07-07T10:09:00+00:00,181,656
summary,2025-07-07,QQQ,,,,,,,0.00,,0,,,,,,,,,,0.4331,2025-07-07T10:13:00+00:00,175,689
trade,2025-07-07,AAPL,Long,2025-07-07T13:31:00+00:00,2025-07-07T14:47:00+00:00,214.7694,211.9859,1.40,-3.89,-0.012961,4560000,MaxHoldTimeout,0.6184,0.0000,0.6479,0.4227,1.0000,0.0091,-0.0369,-1.0000,,,
summary,2025-07-07,AAPL,,,,,,,-3.89,,1,,,,,,,,,,0.6223,2025-07-07T13:31:00+00:00,91,618
trade,2025-07-07,NVDA,Long,2025-07-07T13:32:00+00:00,2025-07-07T14:28:00+00:00,159.0527,158.5424,1.89,-0.96,-0.003208,3360000,ScoreExit,0.4676,-0.0921,0.5379,0.2830,0.8132,-0.0877,-0.1455,0.0131,,,
summary,2025-07-07,NVDA,,,,,,,-0.96,,1,,,,,,,,,,0.5269,2025-07-07T10:34:00+00:00,295,721
summary,2025-07-09,SPY,,,,,,,0.00,,0,,,,,,,,,,0.4188,2025-07-07T10:09:00+00:00,1040,2241
trade,2025-07-09,QQQ,Long,2025-07-09T13:36:00+00:00,2025-07-09T14:26:00+00:00,555.8117,556.6030,0.54,0.43,0.001424,3000000,ScoreExit,0.4078,-0.0672,0.4967,0.4567,0.2803,-0.2521,-0.1596,0.1791,,,
summary,2025-07-09,QQQ,,,,,,,0.43,,1,,,,,,,,,,0.4454,2025-07-09T13:45:00+00:00,1161,2354
trade,2025-07-09,NVDA,Long,2025-07-09T13:31:00+00:00,2025-07-09T14:48:00+00:00,162.1636,162.7462,1.85,1.08,0.003592,4620000,ScoreExit,0.5840,-0.0707,0.5455,0.5930,0.5788,-0.3252,-0.3129,0.4987,,,
summary,2025-07-09,NVDA,,,,,,,1.08,,1,,,,,,,,,,0.6330,2025-07-09T13:35:00+00:00,1819,2624
summary,2025-07-10,SPY,,,,,,,0.00,,0,,,,,,,,,,0.4049,2025-07-09T13:49:00+00:00,1471,2808
summary,2025-07-10,QQQ,,,,,,,0.00,,0,,,,,,,,,,0.4489,2025-07-09T13:45:00+00:00,1550,2913
summary,2025-07-10,NVDA,,,,,,,0.00,,0,,,,,,,,,,0.6548,2025-07-07T13:41:00+00:00,2357,3253
summary,2025-07-11,SPY,,,,,,,0.00,,0,,,,,,,,,,0.4552,2025-07-09T13:49:00+00:00,1668,2846
summary,2025-07-11,QQQ,,,,,,,0.00,,0,,,,,,,,,,0.5052,2025-07-08T14:40:00+00:00,1577,2914
summary,2025-07-11,NVDA,,,,,,,0.00,,0,,,,,,,,,,0.6838,2025-07-09T13:35:00+00:00,2557,3253
trade,2025-07-11,MSFT,Long,2025-07-11T14:16:00+00:00,2025-07-11T15:15:00+00:00,501.8255,501.5745,0.60,-0.15,-0.000500,3540000,ScoreExit,0.4113,-0.0750,0.5579,0.5141,0.1570,-0.5785,-0.1349,0.2127,,,
summary,2025-07-11,MSFT,,,,,,,-0.15,,1,,,,,,,,,,0.6372,2025-07-09T10:35:00+00:00,1173,1984
summary,2025-07-14,SPY,,,,,,,0.00,,0,,,,,,,,,,0.5536,2025-07-11T14:44:00+00:00,517,1186
summary,2025-07-14,AAPL,,,,,,,0.00,,0,,,,,,,,,,0.8890,2025-07-11T14:11:00+00:00,247,1147
summary,2025-07-14,NVDA,,,,,,,0.00,,0,,,,,,,,,,0.9531,2025-07-11T14:49:00+00:00,349,1342
summary,2025-07-15,QQQ,,,,,,,0.00,,0,,,,,,,,,,0.6344,2025-07-14T09:24:00+00:00,1072,1569
summary,2025-07-15,AAPL,,,,,,,0.00,,0,,,,,,,,,,0.5110,2025-07-15T15:37:00+00:00,742,1435
trade,2025-07-15,NVDA,Long,2025-07-15T14:26:00+00:00,2025-07-15T15:43:00+00:00,171.3614,171.2537,1.75,-0.19,-0.000628,4620000,MaxHoldTimeout,0.4392,0.1716,0.4777,0.3193,0.6663,-0.0370,-0.0421,0.6686,,,
summary,2025-07-15,NVDA,,,,,,,-0.19,,1,,,,,,,,,,0.8974,2025-07-15T08:11:00+00:00,1201,1680
summary,2025-07-16,QQQ,,,,,,,0.00,,0,,,,,,,,,,0.6344,2025-07-14T09:24:00+00:00,1553,2458
summary,2025-07-16,NVDA,,,,,,,0.00,,0,,,,,,,,,,0.8974,2025-07-15T08:11:00+00:00,1813,2637
summary,2025-07-16,MSFT,,,,,,,0.00,,0,,,,,,,,,,0.4949,2025-07-15T13:43:00+00:00,992,1516
summary,2025-07-17,SPY,,,,,,,0.00,,0,,,,,,,,,,0.4766,2025-07-14T14:59:00+00:00,1572,2916
trade,2025-07-17,MSFT,Long,2025-07-17T13:41:00+00:00,2025-07-17T15:42:00+00:00,507.4872,512.5312,0.59,2.98,0.009939,7260000,MaxHoldTimeout,0.4197,0.3465,0.4453,0.4495,0.3515,0.5359,0.2721,0.4322,,,
summary,2025-07-17,MSFT,,,,,,,2.98,,1,,,,,,,,,,0.7759,2025-07-14T15:03:00+00:00,1309,1940
summary,2025-07-18,SPY,,,,,,,0.00,,0,,,,,,,,,,0.3650,2025-07-17T08:11:00+00:00,1347,2893
summary,2025-07-18,NVDA,,,,,,,0.00,,0,,,,,,,,,,1.0000,2025-07-15T13:36:00+00:00,1766,3253
summary,2025-07-18,MSFT,,,,,,,0.00,,0,,,,,,,,,,0.7443,2025-07-15T13:43:00+00:00,1193,1943
trade,2025-07-21,SPY,Long,2025-07-21T13:52:00+00:00,2025-07-21T15:53:00+00:00,630.2940,631.1856,0.48,0.42,0.001415,7260000,MaxHoldTimeout,0.4049,0.0433,0.5155,0.4269,0.3240,0.2338,-0.1609,0.3882,,,
summary,2025-07-21,SPY,,,,,,,0.42,,1,,,,,,,,,,0.4485,2025-07-21T14:02:00+00:00,466,1158
trade,2025-07-21,QQQ,Long,2025-07-21T13:36:00+00:00,2025-07-21T15:37:00+00:00,563.5240,565.4053,0.53,1.00,0.003338,7260000,MaxHoldTimeout,0.4184,0.1377,0.5681,0.4237,0.3581,0.5184,-0.0654,0.4170,,,
summary,2025-07-21,QQQ,,,,,,,1.00,,1,,,,,,,,,,0.4937,2025-07-21T14:00:00+00:00,596,1205
trade,2025-07-21,AAPL,Long,2025-07-21T13:36:00+00:00,2025-07-21T14:46:00+00:00,212.9822,213.5609,1.41,0.82,0.002717,4200000,ScoreExit,0.4642,-0.0894,0.4990,0.4186,0.5437,-0.5582,-0.3098,0.5074,,,
summary,2025-07-21,AAPL,,,,,,,0.82,,1,,,,,,,,,,0.7184,2025-07-18T14:53:00+00:00,830,1115
summary,2025-07-21,NVDA,,,,,,,0.00,,0,,,,,,,,,,0.5300,2025-07-18T13:33:00+00:00,414,1334
summary,2025-07-22,SPY,,,,,,,0.00,,0,,,,,,,,,,0.4521,2025-07-21T14:02:00+00:00,622,1405
summary,2025-07-22,QQQ,,,,,,,0.00,,0,,,,,,,,,,0.5378,2025-07-21T13:48:00+00:00,455,1529
summary,2025-07-22,AAPL,,,,,,,0.00,,0,,,,,,,,,,0.6687,2025-07-21T13:42:00+00:00,636,1315
summary,2025-07-22,MSFT,,,,,,,0.00,,0,,,,,,,,,,0.7120,2025-07-21T13:51:00+00:00,310,1036
summary,2025-07-23,SPY,,,,,,,0.00,,0,,,,,,,,,,0.4521,2025-07-21T14:02:00+00:00,1203,2280
summary,2025-07-23,AAPL,,,,,,,0.00,,0,,,,,,,,,,0.6687,2025-07-21T13:42:00+00:00,1147,2066
summary,2025-07-24,SPY,,,,,,,0.00,,0,,,,,,,,,,0.6667,2025-07-21T14:43:00+00:00,1583,2884
summary,2025-07-24,QQQ,,,,,,,0.00,,0,,,,,,,,,,0.6918,2025-07-21T14:41:00+00:00,1122,2999
summary,2025-07-24,NVDA,,,,,,,0.00,,0,,,,,,,,,,0.6554,2025-07-21T14:29:00+00:00,1600,3263
summary,2025-07-24,MSFT,,,,,,,0.00,,0,,,,,,,,,,0.9410,2025-07-21T13:45:00+00:00,619,1990
summary,2025-07-25,QQQ,,,,,,,0.00,,0,,,,,,,,,,0.4770,2025-07-23T20:13:00+00:00,1798,2944
summary,2025-07-25,AAPL,,,,,,,0.00,,0,,,,,,,,,,0.9632,2025-07-22T13:40:00+00:00,1547,2586
trade,2025-07-25,NVDA,Long,2025-07-25T14:01:00+00:00,2025-07-25T14:51:00+00:00,174.5123,174.1777,1.72,-0.58,-0.001917,3000000,ScoreExit,0.4234,-0.0716,0.5319,0.4706,0.2931,-0.2449,-0.2250,0.2931,,,
summary,2025-07-25,NVDA,,,,,,,-0.58,,1,,,,,,,,,,0.8202,2025-07-22T15:00:00+00:00,2367,3245
summary,2025-07-25,MSFT,,,,,,,0.00,,0,,,,,,,,,,0.4563,2025-07-25T18:05:00+00:00,968,1966
summary,2025-07-28,SPY,,,,,,,0.00,,0,,,,,,,,,,0.7052,2025-07-25T14:47:00+00:00,799,1194
summary,2025-07-28,QQQ,,,,,,,0.00,,0,,,,,,,,,,0.7221,2025-07-25T14:49:00+00:00,819,1182
trade,2025-07-28,AAPL,Long,2025-07-28T14:39:00+00:00,2025-07-28T15:16:00+00:00,214.8544,214.4157,1.40,-0.61,-0.002042,2220000,ScoreExit,0.3683,-0.0759,0.5318,0.3879,0.2747,0.1801,-0.2443,0.1755,,,
summary,2025-07-28,AAPL,,,,,,,-0.61,,1,,,,,,,,,,0.5442,2025-07-25T14:33:00+00:00,422,1105
summary,2025-07-28,MSFT,,,,,,,0.00,,0,,,,,,,,,,0.7330,2025-07-25T14:44:00+00:00,476,979
summary,2025-07-29,SPY,,,,,,,0.00,,0,,,,,,,,,,0.3516,2025-07-29T08:08:00+00:00,489,1440
summary,2025-07-29,QQQ,,,,,,,0.00,,0,,,,,,,,,,0.4160,2025-07-29T08:10:00+00:00,689,1510
summary,2025-07-29,AAPL,,,,,,,0.00,,0,,,,,,,,,,0.4565,2025-07-28T14:39:00+00:00,426,1280
summary,2025-07-29,NVDA,,,,,,,0.00,,0,,,,,,,,,,0.5737,2025-07-29T08:05:00+00:00,1125,1667
summary,2025-07-29,MSFT,,,,,,,0.00,,0,,,,,,,,,,0.5164,2025-07-29T13:36:00+00:00,376,1050
summary,2025-07-30,SPY,,,,,,,0.00,,0,,,,,,,,,,0.3516,2025-07-29T08:08:00+00:00,726,2247
summary,2025-07-30,QQQ,,,,,,,0.00,,0,,,,,,,,,,0.4160,2025-07-29T08:10:00+00:00,1129,2336
summary,2025-07-30,AAPL,,,,,,,0.00,,0,,,,,,,,,,0.4565,2025-07-28T14:39:00+00:00,470,2002
trade,2025-07-30,NVDA,Long,2025-07-30T13:46:00+00:00,2025-07-30T15:11:00+00:00,177.8533,178.4714,1.69,1.04,0.003475,5100000,ScoreExit,0.4169,-0.0579,0.5413,0.4346,0.3400,-0.5162,-0.2145,0.4082,,,
summary,2025-07-30,NVDA,,,,,,,1.04,,1,,,,,,,,,,0.5737,2025-07-29T08:05:00+00:00,1810,2607
summary,2025-07-31,QQQ,,,,,,,0.00,,0,,,,,,,,,,0.5632,2025-07-30T20:24:00+00:00,1571,2988
summary,2025-07-31,AAPL,,,,,,,0.00,,0,,,,,,,,,,0.5582,2025-07-28T13:31:00+00:00,321,2701
summary,2025-07-31,NVDA,,,,,,,0.00,,0,,,,,,,,,,0.6024,2025-07-28T13:59:00+00:00,2345,3248
summary,2025-07-31,MSFT,,,,,,,0.00,,0,,,,,,,,,,0.9210,2025-07-30T20:03:00+00:00,1254,2423
summary,2025-08-01,AAPL,,,,,,,0.00,,0,,,,,,,,,,0.6322,2025-07-31T20:46:00+00:00,428,2939
trade,2025-08-01,NVDA,Long,2025-08-01T14:31:00+00:00,2025-08-01T15:11:00+00:00,175.1475,174.6976,1.71,-0.77,-0.002569,2400000,ScoreExit,0.4203,-0.0996,0.4862,0.6134,0.0123,-0.3221,-0.1640,0.1033,,,
summary,2025-08-01,NVDA,,,,,,,-0.77,,1,,,,,,,,,,0.8198,2025-07-29T13:37:00+00:00,1216,3251
summary,2025-08-01,MSFT,,,,,,,0.00,,0,,,,,,,,,,0.9746,2025-07-30T20:03:00+00:00,1074,2632
trade,2025-08-04,SPY,Long,2025-08-04T13:31:00+00:00,2025-08-04T15:32:00+00:00,626.3729,628.7463,0.48,1.14,0.003789,7260000,MaxHoldTimeout,0.4397,0.0795,0.5079,0.3908,0.5148,-0.3372,-0.0469,0.4713,,,
summary,2025-08-04,SPY,,,,,,,1.14,,1,,,,,,,,,,0.5982,2025-08-01T16:04:00+00:00,695,1265
summary,2025-08-04,AAPL,,,,,,,0.00,,0,,,,,,,,,,1.0000,2025-08-01T13:31:00+00:00,295,1250
summary,2025-08-04,NVDA,,,,,,,0.00,,0,,,,,,,,,,0.9495,2025-08-01T14:47:00+00:00,870,1350
summary,2025-08-04,MSFT,,,,,,,0.00,,0,,,,,,,,,,0.7505,2025-08-04T13:57:00+00:00,450,1065
summary,2025-08-05,SPY,,,,,,,0.00,,0,,,,,,,,,,0.7336,2025-08-04T09:15:00+00:00,1025,1595
summary,2025-08-05,QQQ,,,,,,,0.00,,0,,,,,,,,,,0.7345,2025-08-04T09:14:00+00:00,1068,1620
trade,2025-08-05,AAPL,Long,2025-08-05T14:26:00+00:00,2025-08-05T15:18:00+00:00,204.2314,204.5936,1.47,0.53,0.001773,3120000,ScoreExit,0.3562,-0.0524,0.1603,0.4622,0.2095,-0.4784,-0.1362,0.2572,,,
summary,2025-08-05,AAPL,,,,,,,0.53,,1,,,,,,,,,,0.8047,2025-08-04T09:20:00+00:00,600,1437
summary,2025-08-05,NVDA,,,,,,,0.00,,0,,,,,,,,,,0.6756,2025-08-04T14:17:00+00:00,1270,1675
summary,2025-08-05,MSFT,,,,,,,0.00,,0,,,,,,,,,,0.8465,2025-08-04T13:57:00+00:00,515,1174
summary,2025-08-06,SPY,,,,,,,0.00,,0,,,,,,,,,,0.7336,2025-08-04T09:15:00+00:00,1539,2465
summary,2025-08-06,QQQ,,,,,,,0.00,,0,,,,,,,,,,0.7345,2025-08-04T09:14:00+00:00,1516,2537
trade,2025-08-06,AAPL,Long,2025-08-06T14:19:00+00:00,2025-08-06T15:56:00+00:00,210.8132,214.7408,1.43,5.61,0.018630,5820000,SessionClose,0.4413,0.4380,0.2474,0.3991,0.5901,0.5753,0.2960,0.6763,,,
summary,2025-08-06,AAPL,,,,,,,5.61,,1,,,,,,,,,,0.8047,2025-08-04T09:20:00+00:00,1092,2195
trade,2025-08-06,NVDA,Long,2025-08-06T13:54:00+00:00,2025-08-06T14:21:00+00:00,178.4534,178.4115,1.68,-0.07,-0.000235,1620000,ScoreExit,0.4213,-0.0596,0.5860,0.4974,0.2141,-0.4483,-0.1031,0.1572,,,
summary,2025-08-06,NVDA,,,,,,,-0.07,,1,,,,,,,,,,0.6756,2025-08-04T14:17:00+00:00,1630,2633
summary,2025-08-06,MSFT,,,,,,,0.00,,0,,,,,,,,,,0.8465,2025-08-04T13:57:00+00:00,528,1776
summary,2025-08-07,SPY,,,,,,,0.00,,0,,,,,,,,,,0.6501,2025-08-04T14:49:00+00:00,2001,3081
summary,2025-08-07,QQQ,,,,,,,0.00,,0,,,,,,,,,,0.6132,2025-08-04T13:46:00+00:00,1958,3131
trade,2025-08-07,AAPL,Long,2025-08-07T13:41:00+00:00,2025-08-07T14:16:00+00:00,219.2881,217.7827,1.37,-2.07,-0.006865,2100000,ScoreExit,0.4056,-0.0625,0.3633,0.3392,0.5527,-0.5865,-0.2490,0.4854,,,
trade,2025-08-07,AAPL,Long,2025-08-07T14:57:00+00:00,2025-08-07T15:56:00+00:00,218.9607,219.5941,1.37,0.87,0.002893,3540000,SessionClose,0.3837,0.0631,0.5407,0.3067,0.4854,-0.3968,-0.0785,0.4997,,,
summary,2025-08-07,AAPL,,,,,,,-1.20,,2,,,,,,,,,,0.9547,2025-08-04T14:40:00+00:00,1614,2887
trade,2025-08-07,NVDA,Long,2025-08-07T13:34:00+00:00,2025-08-07T14:51:00+00:00,182.2497,182.6102,1.65,0.59,0.001978,4620000,ScoreExit,0.4007,-0.1022,0.5457,0.3429,0.4680,-0.3201,-0.2636,0.2932,,,
summary,2025-08-07,NVDA,,,,,,,0.59,,1,,,,,,,,,,1.0000,2025-08-04T13:37:00+00:00,2173,3262
trade,2025-08-08,SPY,Long,2025-08-08T14:06:00+00:00,2025-08-08T14:51:00+00:00,636.5459,636.0041,0.47,-0.26,-0.000851,2700000,ScoreExit,0.4019,-0.0816,0.5358,0.4821,0.1970,-0.5562,-0.1417,0.1970,,,
summary,2025-08-08,SPY,,,,,,,-0.26,,1,,,,,,,,,,0.4578,2025-08-07T08:28:00+00:00,1700,3012
trade,2025-08-08,QQQ,Long,2025-08-08T13:46:00+00:00,2025-08-08T14:56:00+00:00,572.6467,573.1230,0.52,0.25,0.000832,4200000,ScoreExit,0.4055,-0.0571,0.5692,0.4564,0.2491,-0.4113,-0.1500,0.2467,,,
summary,2025-08-08,QQQ,,,,,,,0.25,,1,,,,,,,,,,0.4797,2025-08-05T13:38:00+00:00,1795,3074
trade,2025-08-08,AAPL,Long,2025-08-08T13:56:00+00:00,2025-08-08T15:56:00+00:00,221.5414,225.5173,1.36,5.40,0.017946,7200000,SessionClose,0.4462,0.5054,0.5645,0.4421,0.4150,0.5136,0.4564,0.6006,,,
summary,2025-08-08,AAPL,,,,,,,5.40,,1,,,,,,,,,,0.9153,2025-08-06T21:55:00+00:00,2158,2931
summary,2025-08-08,NVDA,,,,,,,0.00,,0,,,,,,,,,,0.9600,2025-08-05T13:38:00+00:00,1911,3263
summary,2025-08-11,QQQ,,,,,,,0.00,,0,,,,,,,,,,0.7845,2025-08-08T14:40:00+00:00,826,1231
trade,2025-08-11,NVDA,Long,2025-08-11T13:46:00+00:00,2025-08-11T15:47:00+00:00,182.3097,183.3450,1.65,1.70,0.005679,7260000,MaxHoldTimeout,0.4015,0.2681,0.4749,0.4372,0.3057,0.3229,0.0384,0.7093,,,
summary,2025-08-11,NVDA,,,,,,,1.70,,1,,,,,,,,,,0.9453,2025-08-08T13:45:00+00:00,837,1345
summary,2025-08-12,QQQ,,,,,,,0.00,,0,,,,,,,,,,0.7329,2025-08-11T09:30:00+00:00,715,1496
trade,2025-08-12,AAPL,Long,2025-08-12T14:16:00+00:00,2025-08-12T15:56:00+00:00,228.9918,229.6561,1.31,0.87,0.002901,6000000,SessionClose,0.3596,0.2405,0.5575,0.1971,0.6186,0.3252,0.0384,0.6163,,,
summary,2025-08-12,AAPL,,,,,,,0.87,,1,,,,,,,,,,0.6289,2025-08-11T16:06:00+00:00,881,1425
summary,2025-08-12,NVDA,,,,,,,0.00,,0,,,,,,,,,,0.8254,2025-08-11T09:12:00+00:00,1072,1663
summary,2025-08-13,SPY,,,,,,,0.00,,0,,,,,,,,,,0.7013,2025-08-11T09:30:00+00:00,1243,2267
summary,2025-08-13,QQQ,,,,,,,0.00,,0,,,,,,,,,,0.7329,2025-08-11T09:30:00+00:00,1326,2356
trade,2025-08-13,AAPL,Long,2025-08-13T14:03:00+00:00,2025-08-13T15:11:00+00:00,231.9396,232.5102,1.29,0.74,0.002460,4080000,ScoreExit,0.3506,-0.1090,0.4708,0.2440,0.5238,-0.5434,-0.3111,0.4399,,,
summary,2025-08-13,AAPL,,,,,,,0.74,,1,,,,,,,,,,0.6289,2025-08-11T16:06:00+00:00,1486,2125
summary,2025-08-14,SPY,,,,,,,0.00,,0,,,,,,,,,,0.5224,2025-08-11T16:09:00+00:00,1608,2789
summary,2025-08-14,QQQ,,,,,,,0.00,,0,,,,,,,,,,0.5474,2025-08-11T16:09:00+00:00,1636,2872
summary,2025-08-15,SPY,,,,,,,0.00,,0,,,,,,,,,,0.8004,2025-08-12T15:03:00+00:00,1885,2774
summary,2025-08-18,SPY,,,,,,,0.00,,0,,,,,,,,,,0.3439,2025-08-15T17:56:00+00:00,278,1214
summary,2025-08-18,QQQ,,,,,,,0.00,,0,,,,,,,,,,0.4014,2025-08-15T14:15:00+00:00,344,1197
trade,2025-08-18,AAPL,Long,2025-08-18T13:30:00+00:00,2025-08-18T14:11:00+00:00,231.8445,231.9654,1.29,0.16,0.000521,2460000,ScoreExit,0.3517,-0.1162,0.5651,0.3762,0.2315,-0.5012,-0.2120,0.2038,,,
summary,2025-08-18,AAPL,,,,,,,0.16,,1,,,,,,,,,,0.4238,2025-08-18T13:48:00+00:00,254,1048
summary,2025-08-18,NVDA,,,,,,,0.00,,0,,,,,,,,,,0.6124,2025-08-18T13:35:00+00:00,882,1338
summary,2025-08-18,MSFT,,,,,,,0.00,,0,,,,,,,,,,0.7183,2025-08-15T14:14:00+00:00,248,981
summary,2025-08-19,AAPL,,,,,,,0.00,,0,,,,,,,,,,0.4976,2025-08-18T14:04:00+00:00,364,1179
summary,2025-08-19,MSFT,,,,,,,0.00,,0,,,,,,,,,,0.4941,2025-08-18T10:45:00+00:00,144,1034
summary,2025-08-20,QQQ,,,,,,,0.00,,0,,,,,,,,,,0.3990,2025-08-18T10:44:00+00:00,413,2355
summary,2025-08-20,AAPL,,,,,,,0.00,,0,,,,,,,,,,0.4976,2025-08-18T14:04:00+00:00,366,1884
summary,2025-08-20,MSFT,,,,,,,0.00,,0,,,,,,,,,,0.4941,2025-08-18T10:45:00+00:00,144,1603
trade,2025-08-22,SPY,Long,2025-08-22T14:01:00+00:00,2025-08-22T15:51:00+00:00,642.8778,645.5413,0.47,1.24,0.004143,6600000,ScoreExit,0.5137,-0.0573,0.6499,0.5489,0.3978,-0.4692,-0.1930,0.3513,,,
summary,2025-08-22,SPY,,,,,,,1.24,,1,,,,,,,,,,0.5965,2025-08-22T14:10:00+00:00,637,2847
trade,2025-08-22,AAPL,Long,2025-08-22T14:07:00+00:00,2025-08-22T15:22:00+00:00,227.5032,228.1565,1.32,0.86,0.002872,4500000,ScoreExit,0.3605,-0.0559,0.2713,0.4587,0.1939,-0.5169,-0.1114,0.2089,,,
summary,2025-08-22,AAPL,,,,,,,0.86,,1,,,,,,,,,,0.8900,2025-08-19T14:05:00+00:00,269,2447
trade,2025-08-25,AAPL,Long,2025-08-25T13:42:00+00:00,2025-08-25T15:29:00+00:00,227.5933,228.5464,1.32,1.26,0.004188,6420000,ScoreExit,0.3535,-0.0616,0.5694,0.4438,0.1010,-0.5568,-0.2125,0.4053,,,
summary,2025-08-25,AAPL,,,,,,,1.26,,1,,,,,,,,,,0.9507,2025-08-22T14:49:00+00:00,532,1045
summary,2025-08-26,SPY,,,,,,,0.00,,0,,,,,,,,,,0.3490,2025-08-26T19:22:00+00:00,571,1424
summary,2025-08-27,QQQ,,,,,,,0.00,,0,,,,,,,,,,0.4580,2025-08-25T15:22:00+00:00,1118,2353
summary,2025-08-29,SPY,,,,,,,0.00,,0,,,,,,,,,,0.4607,2025-08-26T20:12:00+00:00,1601,2787
summary,2025-08-29,MSFT,,,,,,,0.00,,0,,,,,,,,,,0.6013,2025-08-26T13:37:00+00:00,1274,2073
summary,2025-09-01,QQQ,,,,,,,0.00,,0,,,,,,,,,,0.1402,2025-08-29T19:47:00+00:00,2,564
summary,2025-09-01,MSFT,,,,,,,0.00,,0,,,,,,,,,,0.4912,2025-08-29T15:27:00+00:00,263,463
trade,2025-09-02,NVDA,Long,2025-09-02T13:39:00+00:00,2025-09-02T14:06:00+00:00,170.5962,170.5338,1.76,-0.11,-0.000365,1620000,ScoreExit,0.4266,-0.1561,0.5645,0.2413,0.7513,-0.5667,-0.1883,0.0449,,,
summary,2025-09-02,NVDA,,,,,,,-0.11,,1,,,,,,,,,,0.7307,2025-09-02T13:50:00+00:00,158,720
trade,2025-09-03,NVDA,Long,2025-09-03T14:01:00+00:00,2025-09-03T15:17:00+00:00,171.6665,171.1637,1.75,-0.88,-0.002929,4560000,ScoreExit,0.4119,-0.0754,0.5647,0.3319,0.5210,-0.5252,-0.2458,0.4152,,,
summary,2025-09-03,NVDA,,,,,,,-0.88,,1,,,,,,,,,,0.7307,2025-09-02T13:50:00+00:00,831,1680
summary,2025-09-04,AAPL,,,,,,,0.00,,0,,,,,,,,,,0.9465,2025-09-02T20:27:00+00:00,1488,2251
summary,2025-09-05,SPY,,,,,,,0.00,,0,,,,,,,,,,0.6949,2025-09-02T14:00:00+00:00,2099,2921
summary,2025-09-05,QQQ,,,,,,,0.00,,0,,,,,,,,,,0.8940,2025-09-02T13:54:00+00:00,2287,3075
summary,2025-09-05,NVDA,,,,,,,0.00,,0,,,,,,,,,,1.0000,2025-09-02T13:38:00+00:00,1699,3254
summary,2025-09-08,SPY,,,,,,,0.00,,0,,,,,,,,,,0.4030,2025-09-08T08:12:00+00:00,423,1202
summary,2025-09-09,NVDA,,,,,,,0.00,,0,,,,,,,,,,0.7696,2025-09-08T13:52:00+00:00,769,1675
summary,2025-09-09,MSFT,,,,,,,0.00,,0,,,,,,,,,,0.7791,2025-09-08T09:51:00+00:00,516,1109
summary,2025-09-10,SPY,,,,,,,0.00,,0,,,,,,,,,,0.3625,2025-09-08T14:54:00+00:00,1261,2210
trade,2025-09-10,NVDA,Long,2025-09-10T13:33:00+00:00,2025-09-10T15:34:00+00:00,176.1578,178.4065,1.71,3.84,0.012765,7260000,MaxHoldTimeout,0.4100,0.0735,-0.1751,0.4098,0.6054,0.0147,-0.1711,0.5823,,,
summary,2025-09-10,NVDA,,,,,,,3.84,,1,,,,,,,,,,0.7696,2025-09-08T13:52:00+00:00,1591,2635
summary,2025-09-11,SPY,,,,,,,0.00,,0,,,,,,,,,,0.7410,2025-09-08T14:54:00+00:00,1803,2791
trade,2025-09-11,MSFT,Long,2025-09-11T14:34:00+00:00,2025-09-11T14:51:00+00:00,502.9608,501.5945,0.60,-0.82,-0.002717,1020000,ScoreExit,0.4027,-0.1089,0.5680,0.4772,0.1986,-0.5450,-0.1776,0.1741,,,
summary,2025-09-11,MSFT,,,,,,,-0.82,,1,,,,,,,,,,0.7864,2025-09-08T14:42:00+00:00,1224,2241
trade,2025-09-12,MSFT,Long,2025-09-12T14:57:00+00:00,2025-09-12T15:56:00+00:00,508.9677,510.6418,0.59,0.99,0.003289,3540000,SessionClose,0.4120,0.2740,0.5674,0.4144,0.3555,0.3059,0.1975,0.4163,,,
summary,2025-09-12,MSFT,,,,,,,0.99,,1,,,,,,,,,,0.7762,2025-09-11T21:51:00+00:00,1362,2399
trade,2025-09-15,MSFT,Long,2025-09-15T13:46:00+00:00,2025-09-15T15:47:00+00:00,510.7282,512.9411,0.59,1.30,0.004333,7260000,MaxHoldTimeout,0.4229,0.0978,0.3498,0.5187,0.2556,-0.4823,-0.0267,0.5402,,,
summary,2025-09-15,MSFT,,,,,,,1.30,,1,,,,,,,,,,0.9408,2025-09-12T14:57:00+00:00,704,1029
summary,2025-09-16,SPY,,,,,,,0.00,,0,,,,,,,,,,0.4132,2025-09-15T10:33:00+00:00,817,1401
summary,2025-09-16,QQQ,,,,,,,0.00,,0,,,,,,,,,,0.4490,2025-09-15T13:59:00+00:00,1009,1495
summary,2025-09-16,AAPL,,,,,,,0.00,,0,,,,,,,,,,0.9017,2025-09-15T08:42:00+00:00,884,1357
summary,2025-09-16,NVDA,,,,,,,0.00,,0,,,,,,,,,,0.6975,2025-09-15T15:54:00+00:00,997,1673
summary,2025-09-17,QQQ,,,,,,,0.00,,0,,,,,,,,,,0.4490,2025-09-15T13:59:00+00:00,1313,2310
summary,2025-09-17,NVDA,,,,,,,0.00,,0,,,,,,,,,,0.6975,2025-09-15T15:54:00+00:00,997,2630
trade,2025-09-18,SPY,Long,2025-09-18T14:16:00+00:00,2025-09-18T14:51:00+00:00,663.9441,663.0760,0.45,-0.39,-0.001307,2100000,ScoreExit,0.4019,-0.0710,0.5313,0.4754,0.2118,-0.5333,-0.1338,0.2087,,,
summary,2025-09-18,SPY,,,,,,,-0.39,,1,,,,,,,,,,0.6935,2025-09-15T14:55:00+00:00,1452,2814
summary,2025-09-19,SPY,,,,,,,0.00,,0,,,,,,,,,,0.4470,2025-09-18T08:01:00+00:00,1469,2887
summary,2025-09-22,SPY,,,,,,,0.00,,0,,,,,,,,,,0.4418,2025-09-19T19:54:00+00:00,708,1214
trade,2025-09-22,AAPL,Long,2025-09-22T13:59:00+00:00,2025-09-22T15:56:00+00:00,251.1653,256.0537,1.20,5.85,0.019463,7020000,SessionClose,0.5193,0.3522,0.5035,0.4182,0.7268,0.5497,0.1194,0.7519,,,
summary,2025-09-22,AAPL,,,,,,,5.85,,1,,,,,,,,,,0.9576,2025-09-19T14:52:00+00:00,1110,1241
summary,2025-09-22,NVDA,,,,,,,0.00,,0,,,,,,,,,,0.9002,2025-09-22T16:34:00+00:00,359,1338
summary,2025-09-23,NVDA,,,,,,,0.00,,0,,,,,,,,,,0.9156,2025-09-22T16:34:00+00:00,933,1674
summary,2025-09-25,AAPL,,,,,,,0.00,,0,,,,,,,,,,0.9573,2025-09-22T14:51:00+00:00,1425,2639
trade,2025-09-25,NVDA,Long,2025-09-25T14:01:00+00:00,2025-09-25T15:56:00+00:00,175.4876,179.7910,1.71,7.36,0.024523,6900000,SessionClose,0.4152,0.5055,0.5006,0.5573,0.1025,0.5226,0.4911,0.5284,,,
summary,2025-09-25,NVDA,,,,,,,7.36,,1,,,,,,,,,,0.9681,2025-09-22T16:11:00+00:00,1078,3261
summary,2025-09-26,QQQ,,,,,,,0.00,,0,,,,,,,,,,0.3679,2025-09-26T12:38:00+00:00,571,3029
summary,2025-09-26,NVDA,,,,,,,0.00,,0,,,,,,,,,,0.5844,2025-09-24T08:04:00+00:00,682,3254
summary,2025-09-29,SPY,,,,,,,0.00,,0,,,,,,,,,,0.4610,2025-09-29T08:06:00+00:00,779,1207
trade,2025-09-30,NVDA,Long,2025-09-30T13:45:00+00:00,2025-09-30T15:46:00+00:00,183.1799,186.0592,1.64,4.72,0.015718,7260000,MaxHoldTimeout,0.4018,0.2866,0.5868,0.2749,0.5939,0.3387,0.0200,0.8026,,,
summary,2025-09-30,NVDA,,,,,,,4.72,,1,,,,,,,,,,0.7727,2025-09-29T13:44:00+00:00,861,1665
summary,2025-10-01,AAPL,,,,,,,0.00,,0,,,,,,,,,,0.6308,2025-09-29T09:43:00+00:00,929,1900
trade,2025-10-01,NVDA,Long,2025-10-01T14:21:00+00:00,2025-10-01T15:27:00+00:00,185.4356,186.6390,1.62,1.95,0.006489,3960000,ScoreExit,0.4265,-0.0589,0.5075,0.4216,0.4095,-0.4919,-0.2141,0.3959,,,
summary,2025-10-01,NVDA,,,,,,,1.95,,1,,,,,,,,,,0.7727,2025-09-29T13:44:00+00:00,1472,2624
summary,2025-10-02,MSFT,,,,,,,0.00,,0,,,,,,,,,,0.9163,2025-09-29T13:45:00+00:00,1070,2093
summary,2025-10-03,NVDA,,,,,,,0.00,,0,,,,,,,,,,0.9585,2025-09-30T14:51:00+00:00,2240,3253
trade,2025-10-03,MSFT,Long,2025-10-03T13:52:00+00:00,2025-10-03T15:53:00+00:00,518.6616,519.6391,0.58,0.57,0.001885,7260000,MaxHoldTimeout,0.4057,0.1000,0.6232,0.4777,0.1893,0.0530,0.0404,0.2348,,,
summary,2025-10-03,MSFT,,,,,,,0.57,,1,,,,,,,,,,0.9606,2025-09-30T14:46:00+00:00,1142,2138
summary,2025-10-06,NVDA,,,,,,,0.00,,0,,,,,,,,,,0.6995,2025-10-03T13:39:00+00:00,261,1340
summary,2025-10-07,SPY,,,,,,,0.00,,0,,,,,,,,,,0.6998,2025-10-06T09:37:00+00:00,744,1432
summary,2025-10-07,QQQ,,,,,,,0.00,,0,,,,,,,,,,0.7057,2025-10-06T09:31:00+00:00,781,1596
summary,2025-10-09,SPY,,,,,,,0.00,,0,,,,,,,,,,0.4808,2025-10-06T15:04:00+00:00,1609,2768
summary,2025-10-09,AAPL,,,,,,,0.00,,0,,,,,,,,,,0.8971,2025-10-06T14:12:00+00:00,906,2356
trade,2025-10-09,NVDA,Long,2025-10-09T13:46:00+00:00,2025-10-09T14:36:00+00:00,192.7804,192.9671,1.56,0.29,0.000968,3000000,ScoreExit,0.5240,-0.0560,0.5702,0.4377,0.6810,-0.4688,-0.3521,0.6739,,,
summary,2025-10-09,NVDA,,,,,,,0.29,,1,,,,,,,,,,1.0000,2025-10-06T13:40:00+00:00,2110,3262
summary,2025-10-13,MSFT,,,,,,,0.00,,0,,,,,,,,,,0.7930,2025-10-13T08:01:00+00:00,346,1115
trade,2025-10-14,AAPL,Long,2025-10-14T14:33:00+00:00,2025-10-14T15:09:00+00:00,247.3822,247.0709,1.21,-0.38,-0.001259,2160000,ScoreExit,0.3512,-0.0779,0.5129,0.4298,0.1403,-0.4310,-0.1257,0.1353,,,
summary,2025-10-14,AAPL,,,,,,,-0.38,,1,,,,,,,,,,0.6286,2025-10-13T15:29:00+00:00,574,1337
trade,2025-10-15,SPY,Long,2025-10-15T14:06:00+00:00,2025-10-15T15:01:00+00:00,669.4958,668.6599,0.45,-0.37,-0.001248,3300000,ScoreExit,0.4161,-0.0739,0.5574,0.4710,0.2592,-0.0983,-0.1823,0.1510,,,
summary,2025-10-15,SPY,,,,,,,-0.37,,1,,,,,,,,,,0.4942,2025-10-13T14:00:00+00:00,1249,2436
trade,2025-10-15,AAPL,Long,2025-10-15T13:56:00+00:00,2025-10-15T14:51:00+00:00,250.4401,250.3699,1.20,-0.08,-0.000280,3300000,ScoreExit,0.4175,-0.0598,0.4574,0.3850,0.4691,-0.5476,-0.2333,0.4497,,,
summary,2025-10-15,AAPL,,,,,,,-0.08,,1,,,,,,,,,,0.6286,2025-10-13T15:29:00+00:00,1045,2027
summary,2025-10-15,MSFT,,,,,,,0.00,,0,,,,,,,,,,0.4794,2025-10-13T09:12:00+00:00,676,1645
summary,2025-10-17,SPY,,,,,,,0.00,,0,,,,,,,,,,0.9570,2025-10-14T15:04:00+00:00,1810,3062
trade,2025-10-17,QQQ,Long,2025-10-17T14:14:00+00:00,2025-10-17T14:36:00+00:00,602.4857,600.2649,0.44,-0.97,-0.003686,1320000,ScoreExit,0.4111,-0.1230,0.5808,0.5063,0.1640,-0.5274,-0.1531,0.0722,,,
summary,2025-10-17,QQQ,,,,,,,-0.97,,1,,,,,,,,,,0.9585,2025-10-14T15:04:00+00:00,1833,3168
trade,2025-10-17,AAPL,Long,2025-10-17T13:32:00+00:00,2025-10-17T13:42:00+00:00,249.0797,247.5807,1.20,-1.81,-0.006018,600000,ScoreExit,0.3905,-0.0731,0.5816,0.3673,0.3732,-0.5033,-0.1372,0.1986,,,
trade,2025-10-17,AAPL,Long,2025-10-17T14:04:00+00:00,2025-10-17T14:56:00+00:00,249.0897,248.9249,1.20,-0.20,-0.000662,3120000,ScoreExit,0.3679,-0.0550,0.5443,0.3424,0.3599,-0.5568,-0.1766,0.3555,,,
summary,2025-10-17,AAPL,,,,,,,-2.00,,2,,,,,,,,,,0.9556,2025-10-14T14:49:00+00:00,1592,2488
summary,2025-10-20,MSFT,,,,,,,0.00,,0,,,,,,,,,,0.9005,2025-10-17T14:15:00+00:00,696,924
summary,2025-10-21,NVDA,,,,,,,0.00,,0,,,,,,,,,,0.6861,2025-10-20T14:25:00+00:00,450,1665
summary,2025-10-21,MSFT,,,,,,,0.00,,0,,,,,,,,,,0.6454,2025-10-20T14:44:00+00:00,535,974
summary,2025-10-22,QQQ,,,,,,,0.00,,0,,,,,,,,,,0.5217,2025-10-20T14:54:00+00:00,1047,2547
trade,2025-10-22,NVDA,Long,2025-10-22T13:51:00+00:00,2025-10-22T15:07:00+00:00,182.4999,180.3309,1.64,-3.56,-0.011885,4560000,MaxHoldTimeout,0.4428,0.0000,0.5609,0.5571,0.1749,-0.0777,-0.1764,-0.1127,,,
summary,2025-10-22,NVDA,,,,,,,-3.56,,1,,,,,,,,,,0.6861,2025-10-20T14:25:00+00:00,533,2605
summary,2025-10-23,SPY,,,,,,,0.00,,0,,,,,,,,,,0.8270,2025-10-20T14:55:00+00:00,1436,2870
trade,2025-10-23,NVDA,Long,2025-10-23T13:51:00+00:00,2025-10-23T15:37:00+00:00,181.5795,181.6155,1.65,0.06,0.000198,6360000,ScoreExit,0.4294,-0.0677,0.5966,0.5189,0.1948,-0.5574,-0.1628,0.2858,,,
summary,2025-10-23,NVDA,,,,,,,0.06,,1,,,,,,,,,,0.9009,2025-10-20T14:23:00+00:00,718,3223
summary,2025-10-23,MSFT,,,,,,,0.00,,0,,,,,,,,,,0.9578,2025-10-20T14:45:00+00:00,1184,1939
summary,2025-10-24,SPY,,,,,,,0.00,,0,,,,,,,,,,0.7799,2025-10-21T14:59:00+00:00,1538,2852
summary,2025-10-24,MSFT,,,,,,,0.00,,0,,,,,,,,,,0.5126,2025-10-21T19:52:00+00:00,1300,2062
trade,2025-10-27,NVDA,Long,2025-10-27T13:41:00+00:00,2025-10-27T14:06:00+00:00,190.9289,190.4878,1.57,-0.69,-0.002310,1500000,ScoreExit,0.4519,-0.0541,0.5494,0.3766,0.5700,-0.5396,-0.2594,0.5183,,,
summary,2025-10-27,NVDA,,,,,,,-0.69,,1,,,,,,,,,,1.0000,2025-10-24T13:38:00+00:00,1090,1350
summary,2025-10-28,SPY,,,,,,,0.00,,0,,,,,,,,,,0.3942,2025-10-28T18:19:00+00:00,1014,1517
summary,2025-10-28,AAPL,,,,,,,0.00,,0,,,,,,,,,,0.5407,2025-10-27T19:53:00+00:00,933,1397
summary,2025-10-29,QQQ,,,,,,,0.00,,0,,,,,,,,,,0.6156,2025-10-27T09:34:00+00:00,1968,2575
trade,2025-10-29,AAPL,Long,2025-10-29T13:31:00+00:00,2025-10-29T14:31:00+00:00,269.3958,269.9840,1.11,0.65,0.002183,3600000,ScoreExit,0.3564,-0.1255,0.4896,0.3070,0.4107,-0.5485,-0.2475,0.2593,,,
summary,2025-10-29,AAPL,,,,,,,0.65,,1,,,,,,,,,,0.5407,2025-10-27T19:53:00+00:00,1422,2227
summary,2025-10-30,SPY,,,,,,,0.00,,0,,,,,,,,,,0.4754,2025-10-27T14:44:00+00:00,1748,2966
summary,2025-10-30,QQQ,,,,,,,0.00,,0,,,,,,,,,,0.7500,2025-10-27T14:44:00+00:00,2137,3194
summary,2025-10-30,AAPL,,,,,,,0.00,,0,,,,,,,,,,0.7399,2025-10-27T14:06:00+00:00,1925,2840
summary,2025-10-31,NVDA,,,,,,,0.00,,0,,,,,,,,,,1.0000,2025-10-28T13:32:00+00:00,2166,3269
summary,2025-10-31,MSFT,,,,,,,0.00,,0,,,,,,,,,,0.4625,2025-10-29T08:04:00+00:00,304,2826
summary,2025-11-03,SPY,,,,,,,0.00,,0,,,,,,,,,,0.6652,2025-10-31T14:45:00+00:00,548,1235
summary,2025-11-03,AAPL,,,,,,,0.00,,0,,,,,,,,,,0.6350,2025-10-31T16:36:00+00:00,174,1144
summary,2025-11-03,NVDA,,,,,,,0.00,,0,,,,,,,,,,0.9397,2025-10-31T13:37:00+00:00,660,1346
summary,2025-11-04,QQQ,,,,,,,0.00,,0,,,,,,,,,,0.4762,2025-11-03T10:23:00+00:00,432,1667
summary,2025-11-04,AAPL,,,,,,,0.00,,0,,,,,,,,,,0.5392,2025-11-04T16:22:00+00:00,612,1352
summary,2025-11-05,MSFT,,,,,,,0.00,,0,,,,,,,,,,0.7288,2025-11-03T10:29:00+00:00,309,2256
summary,2025-11-06,MSFT,,,,,,,0.00,,0,,,,,,,,,,1.0000,2025-11-03T14:32:00+00:00,125,2830
summary,2025-11-07,NVDA,,,,,,,0.00,,0,,,,,,,,,,0.8942,2025-11-04T14:53:00+00:00,647,3263
trade,2025-11-10,QQQ,Long,2025-11-10T14:31:00+00:00,2025-11-10T15:51:00+00:00,619.6808,619.7190,0.48,0.02,0.000062,4800000,ScoreExit,0.4142,-0.1485,0.5163,0.3399,0.5288,-0.5523,-0.3910,0.4711,,,
summary,2025-11-10,QQQ,,,,,,,0.02,,1,,,,,,,,,,0.6884,2025-11-07T19:40:00+00:00,997,1347
trade,2025-11-10,AAPL,Long,2025-11-10T14:31:00+00:00,2025-11-10T15:36:00+00:00,270.2160,271.7335,1.11,1.69,0.005616,3900000,ScoreExit,0.4533,-0.0574,0.4684,0.4006,0.5536,-0.2627,-0.3004,0.4969,,,
summary,2025-11-10,AAPL,,,,,,,1.69,,1,,,,,,,,,,0.8932,2025-11-07T15:17:00+00:00,484,1090
trade,2025-11-10,MSFT,Long,2025-11-10T14:41:00+00:00,2025-11-10T15:51:00+00:00,501.8355,502.8041,0.60,0.58,0.001930,4200000,ScoreExit,0.4354,-0.0730,0.5653,0.3768,0.5093,-0.5494,-0.2738,0.4873,,,
summary,2025-11-10,MSFT,,,,,,,0.58,,1,,,,,,,,,,0.5817,2025-11-10T15:07:00+00:00,826,1226
summary,2025-11-13,SPY,,,,,,,0.00,,0,,,,,,,,,,0.5711,2025-11-10T20:12:00+00:00,1614,3088
summary,2025-11-13,QQQ,,,,,,,0.00,,0,,,,,,,,,,0.5807,2025-11-11T00:04:00+00:00,1485,3214
summary,2025-11-14,SPY,,,,,,,0.00,,0,,,,,,,,,,0.5365,2025-11-11T18:19:00+00:00,1164,3147
trade,2025-11-14,QQQ,Long,2025-11-14T15:36:00+00:00,2025-11-14T15:56:00+00:00,606.9570,608.9123,0.43,0.84,0.003221,1200000,SessionClose,0.4181,0.2968,0.5178,0.6073,0.0064,-0.3743,0.5538,0.0064,,,
summary,2025-11-14,QQQ,,,,,,,0.84,,1,,,,,,,,,,0.5348,2025-11-11T18:58:00+00:00,1299,3221
trade,2025-11-14,NVDA,Long,2025-11-14T14:36:00+00:00,2025-11-14T15:56:00+00:00,182.8798,187.8256,1.64,8.12,0.027044,4800000,SessionClose,0.4419,0.2363,0.2547,0.6018,0.1846,-0.5464,0.3477,0.2744,,,
summary,2025-11-14,NVDA,,,,,,,8.12,,1,,,,,,,,,,0.6375,2025-11-14T14:53:00+00:00,1127,3258
summary,2025-11-17,AAPL,,,,,,,0.00,,0,,,,,,,,,,0.9553,2025-11-14T15:45:00+00:00,331,1113
trade,2025-11-17,NVDA,Long,2025-11-17T14:50:00+00:00,2025-11-17T15:56:00+00:00,188.6116,187.4887,1.59,-1.79,-0.005953,3960000,SessionClose,0.4015,0.0000,0.5210,0.4587,0.2473,0.2898,-0.0235,-0.1310,,,
summary,2025-11-17,NVDA,,,,,,,-1.79,,1,,,,,,,,,,1.0000,2025-11-14T14:36:00+00:00,820,1348
summary,2025-11-18,AAPL,,,,,,,0.00,,0,,,,,,,,,,0.5851,2025-11-17T14:51:00+00:00,554,1323
summary,2025-11-20,SPY,,,,,,,0.00,,0,,,,,,,,,,0.6979,2025-11-17T14:37:00+00:00,877,3200
summary,2025-11-20,NVDA,,,,,,,0.00,,0,,,,,,,,,,1.0000,2025-11-17T14:34:00+00:00,1425,3267
summary,2025-11-20,MSFT,,,,,,,0.00,,0,,,,,,,,,,1.0000,2025-11-17T14:36:00+00:00,373,2809
summary,2025-11-21,SPY,,,,,,,0.00,,0,,,,,,,,,,0.6481,2025-11-18T17:54:00+00:00,1315,3237
summary,2025-11-27,MSFT,,,,,,,0.00,,0,,,,,,,,,,0.9250,2025-11-24T15:45:00+00:00,1356,2136
trade,2025-11-28,MSFT,Long,2025-11-28T14:46:00+00:00,2025-11-28T15:56:00+00:00,488.9716,491.4975,0.61,1.55,0.005166,4200000,SessionClose,0.4126,0.2943,0.1036,0.4326,0.4757,0.4995,0.1706,0.4733,,,
summary,2025-11-28,MSFT,,,,,,,1.55,,1,,,,,,,,,,0.9490,2025-11-25T16:04:00+00:00,1534,1791
trade,2025-12-01,NVDA,Long,2025-12-01T14:42:00+00:00,2025-12-01T15:56:00+00:00,176.9899,179.4112,1.70,4.11,0.013680,4440000,SessionClose,0.5027,0.2362,0.6093,0.5785,0.3158,-0.1846,0.0307,0.7876,,,
summary,2025-12-01,NVDA,,,,,,,4.11,,1,,,,,,,,,,0.6982,2025-12-01T15:08:00+00:00,401,1170
summary,2025-12-01,MSFT,,,,,,,0.00,,0,,,,,,,,,,0.8917,2025-11-28T14:54:00+00:00,268,896
trade,2025-12-02,QQQ,Long,2025-12-02T14:36:00+00:00,2025-12-02T15:33:00+00:00,620.8612,620.8687,0.48,0.00,0.000012,3420000,ScoreExit,0.4558,-0.0518,0.5697,0.4273,0.4748,-0.4968,-0.2562,0.5053,,,
summary,2025-12-02,QQQ,,,,,,,0.00,,1,,,,,,,,,,0.5731,2025-12-01T17:04:00+00:00,1137,1645
trade,2025-12-05,SPY,Long,2025-12-05T15:11:00+00:00,2025-12-05T15:51:00+00:00,688.1414,687.5987,0.44,-0.24,-0.000789,2400000,ScoreExit,0.4039,-0.0607,0.5264,0.4901,0.1908,-0.0682,-0.1851,0.1908,,,
summary,2025-12-05,SPY,,,,,,,-0.24,,1,,,,,,,,,,0.6717,2025-12-02T16:03:00+00:00,1752,3057
trade,2025-12-05,QQQ,Long,2025-12-05T14:31:00+00:00,2025-12-05T15:51:00+00:00,625.8427,627.2568,0.48,0.68,0.002259,4800000,ScoreExit,0.4280,-0.1396,0.5542,0.4818,0.2782,-0.3921,-0.2823,0.2300,,,
summary,2025-12-05,QQQ,,,,,,,0.68,,1,,,,,,,,,,0.7179,2025-12-02T15:50:00+00:00,1991,3144
summary,2025-12-08,AAPL,,,,,,,0.00,,0,,,,,,,,,,0.6300,2025-12-05T15:21:00+00:00,141,1071
summary,2025-12-11,MSFT,,,,,,,0.00,,0,,,,,,,,,,0.8976,2025-12-08T15:04:00+00:00,911,2634
summary,2025-12-12,QQQ,,,,,,,0.00,,0,,,,,,,,,,0.8063,2025-12-09T16:02:00+00:00,1159,3197
summary,2025-12-15,SPY,,,,,,,0.00,,0,,,,,,,,,,0.4225,2025-12-15T09:14:00+00:00,447,1310
summary,2025-12-15,NVDA,,,,,,,0.00,,0,,,,,,,,,,0.7557,2025-12-12T14:39:00+00:00,424,1350
summary,2025-12-16,NVDA,,,,,,,0.00,,0,,,,,,,,,,0.6304,2025-12-15T09:26:00+00:00,815,1671
summary,2025-12-17,SPY,,,,,,,0.00,,0,,,,,,,,,,0.7130,2025-12-15T10:15:00+00:00,827,2526
summary,2025-12-17,QQQ,,,,,,,0.00,,0,,,,,,,,,,0.7130,2025-12-15T10:17:00+00:00,864,2618
summary,2025-12-17,NVDA,,,,,,,0.00,,0,,,,,,,,,,0.6304,2025-12-15T09:26:00+00:00,1142,2619
trade,2025-12-18,SPY,Long,2025-12-18T15:38:00+00:00,2025-12-18T15:56:00+00:00,680.3490,679.6810,0.44,-0.29,-0.000982,1080000,SessionClose,0.4044,0.2389,0.5556,0.4158,0.3313,-0.3621,0.2989,0.3193,,,
summary,2025-12-18,SPY,,,,,,,-0.29,,1,,,,,,,,,,0.4289,2025-12-18T15:42:00+00:00,784,3148
trade,2025-12-18,QQQ,Long,2025-12-18T15:31:00+00:00,2025-12-18T15:56:00+00:00,611.1683,611.8014,0.49,0.31,0.001036,1500000,SessionClose,0.4077,0.2731,0.5631,0.3988,0.3737,-0.1056,0.2691,0.4074,,,
summary,2025-12-18,QQQ,,,,,,,0.31,,1,,,,,,,,,,0.4889,2025-12-17T09:24:00+00:00,949,3248
trade,2025-12-19,SPY,Long,2025-12-19T14:41:00+00:00,2025-12-19T15:44:00+00:00,678.1934,679.1512,0.44,0.42,0.001412,3780000,ScoreExit,0.4041,-0.0664,0.3619,0.5337,0.1591,-0.3359,-0.1521,0.1948,,,
summary,2025-12-19,SPY,,,,,,,0.42,,1,,,,,,,,,,0.4966,2025-12-16T20:37:00+00:00,1350,3182
summary,2025-12-22,SPY,,,,,,,0.00,,0,,,,,,,,,,0.5151,2025-12-19T14:44:00+00:00,1052,1294
summary,2025-12-22,AAPL,,,,,,,0.00,,0,,,,,,,,,,0.6591,2025-12-19T20:59:00+00:00,216,1093
summary,2025-12-23,AAPL,,,,,,,0.00,,0,,,,,,,,,,0.3652,2025-12-23T19:49:00+00:00,391,1227
summary,2025-12-25,NVDA,,,,,,,0.00,,0,,,,,,,,,,0.6680,2025-12-22T14:59:00+00:00,1369,2313
trade,2025-12-26,NVDA,Long,2025-12-26T14:32:00+00:00,2025-12-26T15:11:00+00:00,190.6423,190.5978,1.58,-0.07,-0.000233,2340000,ScoreExit,0.4123,-0.0989,0.5168,0.3893,0.4235,-0.5655,-0.3021,0.4632,,,
summary,2025-12-26,NVDA,,,,,,,-0.07,,1,,,,,,,,,,0.9558,2025-12-23T15:56:00+00:00,1682,2078
summary,2025-12-29,SPY,,,,,,,0.00,,0,,,,,,,,,,0.3608,2025-12-26T14:41:00+00:00,143,1225
summary,2025-12-29,QQQ,,,,,,,0.00,,0,,,,,,,,,,0.5274,2025-12-26T16:03:00+00:00,152,1229
summary,2025-12-29,NVDA,,,,,,,0.00,,0,,,,,,,,,,1.0000,2025-12-26T14:35:00+00:00,308,1341
summary,2025-12-30,SPY,,,,,,,0.00,,0,,,,,,,,,,0.4287,2025-12-29T10:16:00+00:00,667,1529
summary,2025-12-30,QQQ,,,,,,,0.00,,0,,,,,,,,,,0.5035,2025-12-29T14:36:00+00:00,643,1571
summary,2025-12-30,AAPL,,,,,,,0.00,,0,,,,,,,,,,0.5513,2025-12-29T14:37:00+00:00,481,1086
summary,2025-12-31,SPY,,,,,,,0.00,,0,,,,,,,,,,0.4287,2025-12-29T10:16:00+00:00,771,2388
summary,2025-12-31,AAPL,,,,,,,0.00,,0,,,,,,,,,,0.5513,2025-12-29T14:37:00+00:00,590,1636
summary,2025-12-31,NVDA,,,,,,,0.00,,0,,,,,,,,,,0.5191,2025-12-29T19:57:00+00:00,1309,2543
summary,2025-12-31,MSFT,,,,,,,0.00,,0,,,,,,,,,,0.5576,2025-12-29T14:42:00+00:00,874,1826
