row_type,date,ticker,direction,entry_time,exit_time,entry_price,exit_price,size,pnl,pnl_pct,hold_duration_ms,exit_reason,entry_composite,exit_composite,entry_1m,entry_5m,entry_1h,exit_1m,exit_5m,exit_1h,max_composite,max_composite_time,positive_ticks,total_ticks
summary,2022-01-03,SPY,,,,,,,0.00,,0,,,,,,,,,,0.4661,2022-01-03T10:38:00+00:00,633,1128
trade,2022-01-03,QQQ,Long,2022-01-03T14:36:00+00:00,2022-01-03T14:46:00+00:00,400.4251,400.0150,0.75,-0.31,-0.001024,600000,ScoreExit,0.3607,-0.1138,0.4512,0.3498,0.3525,-0.5059,-0.2568,0.3029,,,
summary,2022-01-03,QQQ,,,,,,,-0.31,,1,,,,,,,,,,0.4075,2022-01-03T18:44:00+00:00,538,1105
trade,2022-01-03,AAPL,Long,2022-01-03T14:31:00+00:00,2022-01-03T15:56:00+00:00,178.1084,180.8857,1.68,4.68,0.015593,5100000,SessionClose,0.3886,0.1042,0.4548,0.3824,0.3790,-0.3346,-0.0659,0.5907,,,
summary,2022-01-03,AAPL,,,,,,,4.68,,1,,,,,,,,,,0.5734,2022-01-03T14:41:00+00:00,597,1134
trade,2022-01-03,NVDA,Long,2022-01-03T15:58:00+00:00,2022-01-03T15:59:00+00:00,305.2315,304.8835,0.94,-0.33,-0.001140,60000,SessionClose,0.4794,0.4542,0.3478,0.3169,0.8482,0.0961,0.3169,0.8482,,,
summary,2022-01-03,NVDA,,,,,,,-0.33,,1,,,,,,,,,,1.0000,2021-12-31T14:41:00+00:00,543,1076
summary,2022-01-03,MSFT,,,,,,,0.00,,0,,,,,,,,,,0.5132,2022-01-03T09:03:00+00:00,273,966
summary,2022-01-04,SPY,,,,,,,0.00,,0,,,,,,,,,,0.7453,2022-01-03T10:30:00+00:00,876,1485
summary,2022-01-04,QQQ,,,,,,,0.00,,0,,,,,,,,,,0.7302,2022-01-03T10:22:00+00:00,773,1449
summary,2022-01-04,AAPL,,,,,,,0.00,,0,,,,,,,,,,0.6898,2022-01-03T14:41:00+00:00,916,1527
summary,2022-01-04,NVDA,,,,,,,0.00,,0,,,,,,,,,,0.7835,2022-01-03T14:35:00+00:00,557,1357
summary,2022-01-04,MSFT,,,,,,,0.00,,0,,,,,,,,,,0.5301,2022-01-03T11:01:00+00:00,386,1154
summary,2022-01-05,SPY,,,,,,,0.00,,0,,,,,,,,,,0.7453,2022-01-03T10:30:00+00:00,1013,2336
summary,2022-01-05,QQQ,,,,,,,0.00,,0,,,,,,,,,,0.7302,2022-01-03T10:22:00+00:00,773,2270
summary,2022-01-05,AAPL,,,,,,,0.00,,0,,,,,,,,,,0.6898,2022-01-03T14:41:00+00:00,916,2311
summary,2022-01-05,NVDA,,,,,,,0.00,,0,,,,,,,,,,0.7835,2022-01-03T14:35:00+00:00,557,2135
summary,2022-01-05,MSFT,,,,,,,0.00,,0,,,,,,,,,,0.5301,2022-01-03T11:01:00+00:00,386,1745
summary,2022-01-06,SPY,,,,,,,0.00,,0,,,,,,,,,,0.4812,2022-01-03T14:37:00+00:00,1056,2996
summary,2022-01-06,QQQ,,,,,,,0.00,,0,,,,,,,,,,0.6862,2022-01-03T14:37:00+00:00,681,2922
summary,2022-01-06,AAPL,,,,,,,0.00,,0,,,,,,,,,,1.0000,2022-01-03T14:36:00+00:00,842,2962
trade,2022-01-06,NVDA,Long,2022-01-06T15:56:00+00:00,2022-01-06T15:57:00+00:00,280.2791,280.2409,0.63,-0.02,-0.000136,60000,SessionClose,0.4182,0.4352,0.3509,0.5782,0.1206,0.5203,0.5782,0.1206,,,
summary,2022-01-06,NVDA,,,,,,,-0.02,,1,,,,,,,,,,1.0000,2022-01-03T14:31:00+00:00,550,2765
summary,2022-01-06,MSFT,,,,,,,0.00,,0,,,,,,,,,,0.6808,2022-01-03T14:31:00+00:00,386,2340
summary,2022-01-07,SPY,,,,,,,0.00,,0,,,,,,,,,,0.3666,2022-01-04T14:41:00+00:00,257,3033
summary,2022-01-07,QQQ,,,,,,,0.00,,0,,,,,,,,,,0.4155,2022-01-04T20:49:00+00:00,233,2972
summary,2022-01-07,AAPL,,,,,,,0.00,,0,,,,,,,,,,0.5878,2022-01-04T14:56:00+00:00,25,2940
summary,2022-01-07,NVDA,,,,,,,0.00,,0,,,,,,,,,,0.6449,2022-01-04T20:48:00+00:00,660,2779
summary,2022-01-07,MSFT,,,,,,,0.00,,0,,,,,,,,,,0.3874,2022-01-04T20:49:00+00:00,25,2413
summary,2022-01-10,SPY,,,,,,,0.00,,0,,,,,,,,,,0.5404,2022-01-07T16:54:00+00:00,251,1132
summary,2022-01-10,QQQ,,,,,,,0.00,,0,,,,,,,,,,0.9103,2022-01-07T14:45:00+00:00,254,1130
summary,2022-01-10,AAPL,,,,,,,0.00,,0,,,,,,,,,,0.9397,2022-01-07T14:45:00+00:00,383,1130
summary,2022-01-10,NVDA,,,,,,,0.00,,0,,,,,,,,,,0.9115,2022-01-07T14:45:00+00:00,301,1143
summary,2022-01-10,MSFT,,,,,,,0.00,,0,,,,,,,,,,0.8884,2022-01-07T14:58:00+00:00,444,985
summary,2022-01-11,SPY,,,,,,,0.00,,0,,,,,,,,,,0.5827,2022-01-10T19:08:00+00:00,977,1534
summary,2022-01-11,QQQ,,,,,,,0.00,,0,,,,,,,,,,0.6204,2022-01-10T18:23:00+00:00,989,1546
summary,2022-01-11,AAPL,,,,,,,0.00,,0,,,,,,,,,,0.6211,2022-01-10T18:18:00+00:00,930,1472
summary,2022-01-11,NVDA,,,,,,,0.00,,0,,,,,,,,,,0.7731,2022-01-10T18:52:00+00:00,935,1479
summary,2022-01-11,MSFT,,,,,,,0.00,,0,,,,,,,,,,0.6702,2022-01-10T18:24:00+00:00,736,1203
summary,2022-01-12,SPY,,,,,,,0.00,,0,,,,,,,,,,0.5827,2022-01-10T19:08:00+00:00,1556,2339
summary,2022-01-12,QQQ,,,,,,,0.00,,0,,,,,,,,,,0.6204,2022-01-10T18:23:00+00:00,1605,2400
summary,2022-01-12,AAPL,,,,,,,0.00,,0,,,,,,,,,,0.6211,2022-01-10T18:18:00+00:00,1529,2282
summary,2022-01-12,NVDA,,,,,,,0.00,,0,,,,,,,,,,0.7731,2022-01-10T18:52:00+00:00,1489,2202
summary,2022-01-12,MSFT,,,,,,,0.00,,0,,,,,,,,,,0.6702,2022-01-10T18:24:00+00:00,1171,1824
summary,2022-01-13,SPY,,,,,,,0.00,,0,,,,,,,,,,0.6018,2022-01-10T20:58:00+00:00,1987,2904
summary,2022-01-13,QQQ,,,,,,,0.00,,0,,,,,,,,,,0.6350,2022-01-10T20:55:00+00:00,2037,2979
summary,2022-01-13,AAPL,,,,,,,0.00,,0,,,,,,,,,,0.8562,2022-01-10T14:50:00+00:00,1977,2804
summary,2022-01-13,NVDA,,,,,,,0.00,,0,,,,,,,,,,0.7710,2022-01-10T18:52:00+00:00,1821,2685
summary,2022-01-13,MSFT,,,,,,,0.00,,0,,,,,,,,,,0.6692,2022-01-10T18:24:00+00:00,1385,2270
summary,2022-01-14,SPY,,,,,,,0.00,,0,,,,,,,,,,0.6396,2022-01-11T16:37:00+00:00,1566,2859
summary,2022-01-14,QQQ,,,,,,,0.00,,0,,,,,,,,,,0.8952,2022-01-11T15:05:00+00:00,1578,2994
trade,2022-01-14,AAPL,Long,2022-01-14T14:59:00+00:00,2022-01-14T15:56:00+00:00,173.2570,172.3433,1.73,-1.58,-0.005274,3420000,SessionClose,0.3613,0.0000,0.2242,0.5137,0.1021,0.3963,-0.1405,-0.0217,,,
summary,2022-01-14,AAPL,,,,,,,-1.58,,1,,,,,,,,,,0.7621,2022-01-11T15:12:00+00:00,1510,2790
trade,2022-01-14,NVDA,Long,2022-01-14T14:43:00+00:00,2022-01-14T15:31:00+00:00,267.7753,268.3095,0.98,0.52,0.001995,2880000,ScoreExit,0.4986,-0.0842,0.1475,0.6937,0.2253,-0.5657,-0.1031,0.1139,,,
summary,2022-01-14,NVDA,,,,,,,0.52,,1,,,,,,,,,,1.0000,2022-01-11T14:36:00+00:00,1484,2655
trade,2022-01-14,MSFT,Long,2022-01-14T14:36:00+00:00,2022-01-14T15:56:00+00:00,305.8867,308.3725,0.98,2.44,0.008126,4800000,SessionClose,0.3845,0.0000,0.3262,0.5508,0.0711,0.4906,-0.0345,-0.0044,,,
summary,2022-01-14,MSFT,,,,,,,2.44,,1,,,,,,,,,,0.8885,2022-01-11T15:05:00+00:00,1100,2396
summary,2022-01-17,SPY,,,,,,,0.00,,0,,,,,,,,,,0.7865,2022-01-14T14:55:00+00:00,262,492
summary,2022-01-17,QQQ,,,,,,,0.00,,0,,,,,,,,,,0.9074,2022-01-14T14:40:00+00:00,285,474
summary,2022-01-17,AAPL,,,,,,,0.00,,0,,,,,,,,,,0.8954,2022-01-14T14:55:00+00:00,227,475
summary,2022-01-17,NVDA,,,,,,,0.00,,0,,,,,,,,,,1.0000,2022-01-14T14:31:00+00:00,257,477
summary,2022-01-17,MSFT,,,,,,,0.00,,0,,,,,,,,,,1.0000,2022-01-14T14:39:00+00:00,370,455
summary,2022-01-18,SPY,,,,,,,0.00,,0,,,,,,,,,,0.5522,2022-01-18T10:29:00+00:00,218,680
trade,2022-01-18,QQQ,Long,2022-01-18T15:07:00+00:00,2022-01-18T15:38:00+00:00,375.3526,374.2427,0.80,-0.89,-0.002957,1860000,ScoreExit,0.5533,-0.0597,0.5750,0.3682,0.9164,-0.5030,-0.0775,0.1237,,,
summary,2022-01-18,QQQ,,,,,,,-0.89,,1,,,,,,,,,,0.5769,2022-01-18T15:09:00+00:00,203,701
summary,2022-01-18,AAPL,,,,,,,0.00,,0,,,,,,,,,,0.6706,2022-01-18T10:13:00+00:00,202,660
trade,2022-01-18,NVDA,Long,2022-01-18T15:06:00+00:00,2022-01-18T15:34:00+00:00,263.5190,262.8461,0.91,-0.61,-0.002554,1680000,ScoreExit,0.5496,-0.0711,0.5035,0.3320,1.0000,-0.5601,-0.0608,0.0711,,,
summary,2022-01-18,NVDA,,,,,,,-0.61,,1,,,,,,,,,,0.7133,2022-01-18T10:26:00+00:00,249,614
trade,2022-01-18,MSFT,Long,2022-01-18T15:33:00+00:00,2022-01-18T15:53:00+00:00,308.4175,307.1028,0.97,-1.28,-0.004263,1200000,ScoreExit,0.3117,-0.0634,-0.4996,0.1028,1.0000,-0.5440,-0.2746,0.5192,,,
summary,2022-01-18,MSFT,,,,,,,-1.28,,1,,,,,,,,,,0.6446,2022-01-18T15:05:00+00:00,197,600
trade,2022-01-19,SPY,Long,2022-01-19T14:37:00+00:00,2022-01-19T15:06:00+00:00,458.8126,458.4674,0.65,-0.23,-0.000752,1740000,ScoreExit,0.3585,-0.1137,0.4580,0.3371,0.3683,-0.4715,-0.2108,0.1998,,,
summary,2022-01-19,SPY,,,,,,,-0.23,,1,,,,,,,,,,0.5522,2022-01-18T10:29:00+00:00,633,1555
trade,2022-01-19,QQQ,Long,2022-01-19T14:40:00+00:00,2022-01-19T15:21:00+00:00,373.5870,373.1230,0.80,-0.37,-0.001242,2460000,ScoreExit,0.3604,-0.0995,0.4279,0.3212,0.4164,-0.5002,-0.1554,0.1458,,,
summary,2022-01-19,QQQ,,,,,,,-0.37,,1,,,,,,,,,,0.5769,2022-01-18T15:09:00+00:00,565,1592
trade,2022-01-19,AAPL,Long,2022-01-19T14:59:00+00:00,2022-01-19T15:56:00+00:00,170.7912,168.9343,1.76,-3.26,-0.010872,3420000,SessionClose,0.3509,0.0000,0.4663,0.3341,0.3460,0.2741,-0.3181,-0.1703,,,
summary,2022-01-19,AAPL,,,,,,,-3.26,,1,,,,,,,,,,0.6706,2022-01-18T10:13:00+00:00,417,1469
trade,2022-01-19,NVDA,Long,2022-01-19T14:36:00+00:00,2022-01-19T15:21:00+00:00,262.1936,262.0863,1.14,-0.12,-0.000409,2700000,ScoreExit,0.5098,-0.0947,0.2423,0.4699,0.6786,-0.4672,-0.1791,0.1982,,,
summary,2022-01-19,NVDA,,,,,,,-0.12,,1,,,,,,,,,,0.7133,2022-01-18T10:26:00+00:00,458,1403
trade,2022-01-19,MSFT,Long,2022-01-19T14:36:00+00:00,2022-01-19T15:46:00+00:00,307.0971,309.1022,0.98,1.96,0.006529,4200000,ScoreExit,0.6221,-0.0873,0.5532,0.5036,0.8819,-0.1360,-0.4044,0.5630,,,
summary,2022-01-19,MSFT,,,,,,,1.96,,1,,,,,,,,,,0.7146,2022-01-19T14:57:00+00:00,587,1315
summary,2022-01-20,SPY,,,,,,,0.00,,0,,,,,,,,,,0.5522,2022-01-18T10:29:00+00:00,801,2458
summary,2022-01-20,QQQ,,,,,,,0.00,,0,,,,,,,,,,0.5769,2022-01-18T15:09:00+00:00,743,2509
summary,2022-01-20,AAPL,,,,,,,0.00,,0,,,,,,,,,,0.6706,2022-01-18T10:13:00+00:00,584,2328
summary,2022-01-20,NVDA,,,,,,,0.00,,0,,,,,,,,,,0.7133,2022-01-18T10:26:00+00:00,458,2212
trade,2022-01-20,MSFT,Long,2022-01-20T14:36:00+00:00,2022-01-20T15:17:00+00:00,307.8473,310.0120,0.98,2.11,0.007032,2460000,ScoreExit,0.0964,-0.0831,-0.5177,0.0307,0.4326,-0.5409,-0.2282,0.3597,,,
summary,2022-01-20,MSFT,,,,,,,2.11,,1,,,,,,,,,,0.7146,2022-01-19T14:57:00+00:00,932,2047
summary,2022-01-21,SPY,,,,,,,0.00,,0,,,,,,,,,,0.5178,2022-01-18T15:10:00+00:00,567,3098
summary,2022-01-21,QQQ,,,,,,,0.00,,0,,,,,,,,,,0.8957,2022-01-18T15:10:00+00:00,571,3134
summary,2022-01-21,AAPL,,,,,,,0.00,,0,,,,,,,,,,0.7414,2022-01-18T15:29:00+00:00,397,2981
summary,2022-01-21,NVDA,,,,,,,0.00,,0,,,,,,,,,,1.0000,2022-01-18T14:41:00+00:00,407,2851
summary,2022-01-21,MSFT,,,,,,,0.00,,0,,,,,,,,,,1.0000,2022-01-18T14:38:00+00:00,827,2655
summary,2022-01-24,SPY,,,,,,,0.00,,0,,,,,,,,,,0.9579,2022-01-21T15:50:00+00:00,246,1217
summary,2022-01-24,QQQ,,,,,,,0.00,,0,,,,,,,,,,0.9588,2022-01-21T15:50:00+00:00,316,1221
summary,2022-01-24,AAPL,,,,,,,0.00,,0,,,,,,,,,,0.9065,2022-01-21T14:31:00+00:00,249,1200
trade,2022-01-24,NVDA,Long,2022-01-24T14:31:00+00:00,2022-01-24T14:51:00+00:00,223.8921,221.2222,0.89,-2.37,-0.011925,1200000,ScoreExit,0.4489,-0.1452,0.4322,0.5094,0.3333,-0.6674,-0.2974,0.3333,,,
summary,2022-01-24,NVDA,,,,,,,-2.37,,1,,,,,,,,,,1.0000,2022-01-21T14:31:00+00:00,534,1187
summary,2022-01-24,MSFT,,,,,,,0.00,,0,,,,,,,,,,1.0000,2022-01-21T14:31:00+00:00,362,1173
summary,2022-01-25,SPY,,,,,,,0.00,,0,,,,,,,,,,0.6877,2022-01-24T20:58:00+00:00,834,1642
summary,2022-01-25,QQQ,,,,,,,0.00,,0,,,,,,,,,,0.7096,2022-01-24T18:19:00+00:00,858,1668
summary,2022-01-25,AAPL,,,,,,,0.00,,0,,,,,,,,,,0.7507,2022-01-24T20:56:00+00:00,624,1598
trade,2022-01-25,NVDA,Long,2022-01-25T15:27:00+00:00,2022-01-25T15:56:00+00:00,223.1218,225.9872,0.94,2.69,0.012842,1740000,SessionClose,0.3618,0.0986,0.3876,0.3974,0.2819,-0.4648,0.0815,0.3206,,,
summary,2022-01-25,NVDA,,,,,,,2.69,,1,,,,,,,,,,0.8105,2022-01-24T18:16:00+00:00,775,1550
summary,2022-01-25,MSFT,,,,,,,0.00,,0,,,,,,,,,,0.7957,2022-01-24T18:16:00+00:00,736,1505
trade,2022-01-26,SPY,Long,2022-01-26T14:51:00+00:00,2022-01-26T15:25:00+00:00,441.0223,439.9930,0.68,-0.70,-0.002334,2040000,ScoreExit,0.3918,-0.0570,0.4859,0.3683,0.4074,-0.5608,-0.1379,0.2727,,,
summary,2022-01-26,SPY,,,,,,,-0.70,,1,,,,,,,,,,0.6877,2022-01-24T20:58:00+00:00,1375,2562
trade,2022-01-26,QQQ,Long,2022-01-26T14:58:00+00:00,2022-01-26T15:22:00+00:00,351.8105,351.8894,0.85,0.07,0.000224,1440000,ScoreExit,0.2293,-0.0546,-0.0601,0.1760,0.4325,-0.0867,-0.2470,0.3407,,,
summary,2022-01-26,QQQ,,,,,,,0.07,,1,,,,,,,,,,0.7096,2022-01-24T18:19:00+00:00,1414,2620
summary,2022-01-26,AAPL,,,,,,,0.00,,0,,,,,,,,,,0.7507,2022-01-24T20:56:00+00:00,1192,2517
trade,2022-01-26,NVDA,Long,2022-01-26T14:51:00+00:00,2022-01-26T15:53:00+00:00,229.7039,231.1556,1.17,1.69,0.006320,3720000,ScoreExit,0.2698,-0.0571,0.2539,0.0903,0.6342,-0.4463,-0.3243,0.6070,,,
summary,2022-01-26,NVDA,,,,,,,1.69,,1,,,,,,,,,,0.8105,2022-01-24T18:16:00+00:00,1401,2465
trade,2022-01-26,MSFT,Long,2022-01-26T15:56:00+00:00,2022-01-26T15:57:00+00:00,299.5448,300.2749,0.93,0.68,0.002437,60000,SessionClose,0.2360,0.2824,0.0101,0.1085,0.5663,0.4742,0.1085,0.5663,,,
trade,2022-01-26,MSFT,Long,2022-01-26T15:59:00+00:00,2022-01-26T16:00:00+00:00,300.3651,300.3849,0.93,0.02,0.000066,60000,SessionClose,0.2591,0.2711,0.2412,0.1085,0.5663,0.3610,0.1085,0.5663,,,
summary,2022-01-26,MSFT,,,,,,,0.70,,2,,,,,,,,,,0.8212,2022-01-25T23:28:00+00:00,1385,2442
summary,2022-01-27,SPY,,,,,,,0.00,,0,,,,,,,,,,0.7084,2022-01-24T20:58:00+00:00,1887,3167
summary,2022-01-27,QQQ,,,,,,,0.00,,0,,,,,,,,,,0.8317,2022-01-24T14:38:00+00:00,1900,3236
summary,2022-01-27,AAPL,,,,,,,0.00,,0,,,,,,,,,,0.8534,2022-01-24T14:39:00+00:00,1794,3101
summary,2022-01-27,NVDA,,,,,,,0.00,,0,,,,,,,,,,1.0000,2022-01-24T14:31:00+00:00,1904,3043
trade,2022-01-27,MSFT,Long,2022-01-27T15:04:00+00:00,2022-01-27T15:37:00+00:00,305.2465,303.0541,0.98,-2.16,-0.007183,1980000,ScoreExit,0.3393,-0.0566,-0.2947,0.3234,0.5823,-0.3626,-0.3250,0.5823,,,
trade,2022-01-27,MSFT,Long,2022-01-27T15:56:00+00:00,2022-01-27T15:57:00+00:00,303.7161,303.8638,0.99,0.15,0.000486,60000,SessionClose,0.2216,0.2494,0.2661,0.0339,0.5823,0.5438,0.0339,0.5823,,,
summary,2022-01-27,MSFT,,,,,,,-2.01,,2,,,,,,,,,,0.8903,2022-01-25T23:28:00+00:00,1991,2955
summary,2022-01-28,SPY,,,,,,,0.00,,0,,,,,,,,,,0.8757,2022-01-25T15:48:00+00:00,1479,3136
summary,2022-01-28,QQQ,,,,,,,0.00,,0,,,,,,,,,,0.8150,2022-01-25T15:29:00+00:00,1510,3242
trade,2022-01-28,AAPL,Long,2022-01-28T15:01:00+00:00,2022-01-28T15:56:00+00:00,164.5744,166.2251,1.82,3.01,0.010030,3300000,SessionClose,0.2532,0.4592,0.2492,0.0885,0.5839,0.2254,0.4358,0.5839,,,
trade,2022-01-28,AAPL,Long,2022-01-28T15:59:00+00:00,2022-01-28T16:00:00+00:00,166.6750,166.7849,1.80,0.20,0.000660,60000,SessionClose,0.4918,0.4930,0.5521,0.4358,0.5839,0.5635,0.4358,0.5839,,,
summary,2022-01-28,AAPL,,,,,,,3.21,,2,,,,,,,,,,0.9555,2022-01-25T15:48:00+00:00,2131,3148
trade,2022-01-28,NVDA,Long,2022-01-28T15:46:00+00:00,2022-01-28T15:56:00+00:00,217.0701,221.4186,0.95,4.13,0.020032,600000,SessionClose,0.4605,0.5639,0.2248,0.6427,0.1747,0.6201,0.7491,0.1747,,,
summary,2022-01-28,NVDA,,,,,,,4.13,,1,,,,,,,,,,1.0000,2022-01-25T14:33:00+00:00,1370,3001
trade,2022-01-28,MSFT,Long,2022-01-28T15:47:00+00:00,2022-01-28T15:56:00+00:00,299.0847,301.1646,0.95,1.98,0.006954,540000,SessionClose,0.4422,0.5018,0.5121,0.4590,0.3854,0.5311,0.5552,0.3854,,,
trade,2022-01-28,MSFT,Long,2022-01-28T15:58:00+00:00,2022-01-28T15:59:00+00:00,301.5754,301.7844,1.00,0.21,0.000693,60000,SessionClose,0.5050,0.5070,0.5630,0.5552,0.3854,0.5823,0.5552,0.3854,,,
summary,2022-01-28,MSFT,,,,,,,2.19,,2,,,,,,,,,,0.9371,2022-01-25T23:28:00+00:00,2000,2900
trade,2022-01-31,SPY,Long,2022-01-31T14:34:00+00:00,2022-01-31T15:56:00+00:00,440.7272,445.1214,0.68,2.99,0.009970,4920000,SessionClose,0.3697,0.2750,-0.0256,0.3229,0.5949,0.5146,0.0786,0.5878,,,
trade,2022-01-31,SPY,Long,2022-01-31T15:58:00+00:00,2022-01-31T15:59:00+00:00,445.2085,444.6416,0.67,-0.38,-0.001273,60000,SessionClose,0.2463,0.2024,0.2274,0.0786,0.5878,-0.2115,0.0786,0.5878,,,
summary,2022-01-31,SPY,,,,,,,2.61,,2,,,,,,,,,,0.9494,2022-01-28T15:59:00+00:00,1029,1160
trade,2022-01-31,QQQ,Long,2022-01-31T14:34:00+00:00,2022-01-31T15:56:00+00:00,352.6608,358.6374,0.85,5.09,0.016947,4920000,SessionClose,0.4470,0.3253,0.0165,0.3634,0.7576,0.5196,0.1024,0.7063,,,
trade,2022-01-31,QQQ,Long,2022-01-31T15:58:00+00:00,2022-01-31T15:59:00+00:00,358.7426,358.2375,0.84,-0.42,-0.001408,60000,SessionClose,0.3072,0.2626,0.3388,0.1024,0.7063,-0.1069,0.1024,0.7063,,,
summary,2022-01-31,QQQ,,,,,,,4.66,,2,,,,,,,,,,0.9588,2022-01-28T15:54:00+00:00,1068,1177
trade,2022-01-31,AAPL,Long,2022-01-31T14:34:00+00:00,2022-01-31T15:56:00+00:00,170.3961,172.9231,1.76,4.45,0.014830,4920000,SessionClose,0.4724,0.3279,0.1015,0.3444,0.8519,0.4689,0.0954,0.7457,,,
trade,2022-01-31,AAPL,Long,2022-01-31T15:58:00+00:00,2022-01-31T15:59:00+00:00,173.1319,172.8231,1.73,-0.54,-0.001784,60000,SessionClose,0.3313,0.2713,0.5035,0.0954,0.7457,-0.0969,0.0954,0.7457,,,
summary,2022-01-31,AAPL,,,,,,,3.91,,2,,,,,,,,,,0.9579,2022-01-28T15:47:00+00:00,1124,1181
trade,2022-01-31,NVDA,Long,2022-01-31T14:34:00+00:00,2022-01-31T15:56:00+00:00,232.6348,237.7337,1.29,6.58,0.021918,4920000,SessionClose,0.6757,0.3504,0.5527,0.5341,1.0000,0.0138,0.0818,1.0000,,,
trade,2022-01-31,NVDA,Long,2022-01-31T15:58:00+00:00,2022-01-31T15:59:00+00:00,238.1021,237.6037,1.26,-0.63,-0.002093,60000,SessionClose,0.3720,0.3279,0.2290,0.0818,1.0000,-0.2120,0.0818,1.0000,,,
summary,2022-01-31,NVDA,,,,,,,5.95,,2,,,,,,,,,,0.9650,2022-01-28T15:49:00+00:00,975,1100
summary,2022-01-31,MSFT,,,,,,,0.00,,0,,,,,,,,,,0.9582,2022-01-28T15:58:00+00:00,914,1044
summary,2022-02-01,SPY,,,,,,,0.00,,0,,,,,,,,,,0.6208,2022-01-31T15:09:00+00:00,1219,1519
trade,2022-02-01,QQQ,Long,2022-02-01T15:27:00+00:00,2022-02-01T15:56:00+00:00,361.7735,361.5965,0.83,-0.15,-0.000489,1740000,SessionClose,0.1343,0.3590,0.1155,0.0035,0.4022,0.5453,0.3063,0.4022,,,
summary,2022-02-01,QQQ,,,,,,,-0.15,,1,,,,,,,,,,0.6863,2022-01-31T15:09:00+00:00,1262,1590
summary,2022-02-01,AAPL,,,,,,,0.00,,0,,,,,,,,,,0.6845,2022-01-31T15:00:00+00:00,1075,1521
summary,2022-02-01,NVDA,,,,,,,0.00,,0,,,,,,,,,,0.9949,2022-01-31T09:15:00+00:00,1129,1450
summary,2022-02-01,MSFT,,,,,,,0.00,,0,,,,,,,,,,0.6794,2022-01-31T15:08:00+00:00,428,1252
summary,2022-02-02,SPY,,,,,,,0.00,,0,,,,,,,,,,0.6208,2022-01-31T15:09:00+00:00,1916,2381
summary,2022-02-02,QQQ,,,,,,,0.00,,0,,,,,,,,,,0.6863,2022-01-31T15:09:00+00:00,1954,2496
summary,2022-02-02,AAPL,,,,,,,0.00,,0,,,,,,,,,,0.6845,2022-01-31T15:00:00+00:00,1649,2400
summary,2022-02-02,NVDA,,,,,,,0.00,,0,,,,,,,,,,0.9949,2022-01-31T09:15:00+00:00,1810,2328
trade,2022-02-02,MSFT,Long,2022-02-02T14:34:00+00:00,2022-02-02T15:53:00+00:00,310.3781,312.4062,0.97,1.96,0.006534,4740000,ScoreExit,0.4078,-0.0682,0.5137,0.3663,0.4555,-0.4716,-0.2236,0.3772,,,
summary,2022-02-02,MSFT,,,,,,,1.96,,1,,,,,,,,,,0.6794,2022-01-31T15:08:00+00:00,997,2025
summary,2022-02-03,SPY,,,,,,,0.00,,0,,,,,,,,,,0.8927,2022-01-31T15:09:00+00:00,2173,2988
summary,2022-02-03,QQQ,,,,,,,0.00,,0,,,,,,,,,,0.9651,2022-01-31T14:41:00+00:00,1890,3129
trade,2022-02-03,AAPL,Long,2022-02-03T15:11:00+00:00,2022-02-03T15:46:00+00:00,175.0675,175.5523,1.71,0.83,0.002769,2100000,ScoreExit,0.3757,-0.0529,0.3555,0.4218,0.2901,-0.4634,-0.1559,0.2901,,,
summary,2022-02-03,AAPL,,,,,,,0.83,,1,,,,,,,,,,1.0000,2022-01-31T14:40:00+00:00,2040,2987
trade,2022-02-03,NVDA,Long,2022-02-03T15:07:00+00:00,2022-02-03T15:56:00+00:00,246.8390,248.6005,1.09,1.92,0.007136,2940000,SessionClose,0.4492,0.1595,0.5502,0.4418,0.4302,0.4536,-0.0249,0.4302,,,
summary,2022-02-03,NVDA,,,,,,,1.92,,1,,,,,,,,,,1.0000,2022-01-31T14:34:00+00:00,1897,2941
summary,2022-02-03,MSFT,,,,,,,0.00,,0,,,,,,,,,,0.8992,2022-01-31T14:55:00+00:00,1103,2607
summary,2022-02-04,SPY,,,,,,,0.00,,0,,,,,,,,,,0.5660,2022-02-01T20:28:00+00:00,1379,3023
summary,2022-02-04,QQQ,,,,,,,0.00,,0,,,,,,,,,,0.6251,2022-02-01T16:13:00+00:00,1241,3159
trade,2022-02-04,MSFT,Long,2022-02-04T14:56:00+00:00,2022-02-04T15:31:00+00:00,303.7961,304.2437,0.99,0.44,0.001473,2100000,ScoreExit,0.4116,-0.0724,0.3933,0.5587,0.1235,-0.3631,-0.0898,0.0594,,,
summary,2022-02-04,MSFT,,,,,,,0.44,,1,,,,,,,,,,0.5849,2022-02-02T15:01:00+00:00,1328,2707
trade,2022-02-07,SPY,Long,2022-02-07T15:40:00+00:00,2022-02-07T15:56:00+00:00,450.4201,449.3991,0.67,-0.68,-0.002267,960000,SessionClose,0.2062,0.0819,-0.1427,0.1520,0.4308,-0.2561,0.0229,0.3124,,,
summary,2022-02-07,SPY,,,,,,,-0.68,,1,,,,,,,,,,0.7089,2022-02-04T14:43:00+00:00,692,1136
trade,2022-02-07,AAPL,Long,2022-02-07T14:37:00+00:00,2022-02-07T15:51:00+00:00,173.0569,172.8881,1.73,-0.29,-0.000975,4440000,ScoreExit,0.2474,-0.0654,0.1285,0.1457,0.4906,-0.5546,-0.1973,0.3614,,,
summary,2022-02-07,AAPL,,,,,,,-0.29,,1,,,,,,,,,,0.8913,2022-02-04T15:00:00+00:00,706,1074
summary,2022-02-08,SPY,,,,,,,0.00,,0,,,,,,,,,,0.4354,2022-02-07T15:34:00+00:00,713,1460
summary,2022-02-08,NVDA,,,,,,,0.00,,0,,,,,,,,,,0.6891,2022-02-07T14:54:00+00:00,825,1285
summary,2022-02-08,MSFT,,,,,,,0.00,,0,,,,,,,,,,0.8620,2022-02-07T12:34:00+00:00,398,1166
summary,2022-02-09,SPY,,,,,,,0.00,,0,,,,,,,,,,0.4354,2022-02-07T15:34:00+00:00,1383,2281
summary,2022-02-09,AAPL,,,,,,,0.00,,0,,,,,,,,,,0.6839,2022-02-07T10:48:00+00:00,1260,2154
summary,2022-02-10,SPY,,,,,,,0.00,,0,,,,,,,,,,0.5873,2022-02-07T15:34:00+00:00,1521,2850
summary,2022-02-10,NVDA,,,,,,,0.00,,0,,,,,,,,,,1.0000,2022-02-07T14:37:00+00:00,1915,2667
trade,2022-02-10,MSFT,Long,2022-02-10T15:06:00+00:00,2022-02-10T15:31:00+00:00,308.3575,306.1131,0.97,-2.18,-0.007278,1500000,ScoreExit,0.3880,-0.0533,0.3193,0.5144,0.1580,-0.4723,-0.0384,0.0565,,,
summary,2022-02-10,MSFT,,,,,,,-2.18,,1,,,,,,,,,,0.6037,2022-02-07T14:32:00+00:00,1059,2299
summary,2022-02-11,SPY,,,,,,,0.00,,0,,,,,,,,,,0.8953,2022-02-08T16:04:00+00:00,1555,2892
summary,2022-02-11,QQQ,,,,,,,0.00,,0,,,,,,,,,,0.9563,2022-02-08T15:53:00+00:00,1632,2975
summary,2022-02-11,AAPL,,,,,,,0.00,,0,,,,,,,,,,0.9525,2022-02-08T16:02:00+00:00,1502,2725
summary,2022-02-11,NVDA,,,,,,,0.00,,0,,,,,,,,,,1.0000,2022-02-08T14:37:00+00:00,1663,2680
summary,2022-02-14,SPY,,,,,,,0.00,,0,,,,,,,,,,0.7482,2022-02-11T14:46:00+00:00,43,1173
summary,2022-02-14,QQQ,,,,,,,0.00,,0,,,,,,,,,,0.7595,2022-02-11T14:46:00+00:00,197,1195
summary,2022-02-14,AAPL,,,,,,,0.00,,0,,,,,,,,,,0.5988,2022-02-11T14:46:00+00:00,411,1164
trade,2022-02-14,NVDA,Long,2022-02-14T14:31:00+00:00,2022-02-14T15:32:00+00:00,240.9518,243.8417,1.05,3.03,0.011994,3660000,ScoreExit,0.5376,-0.0541,0.6017,0.6290,0.3333,-0.4290,-0.1853,0.3333,,,
trade,2022-02-14,NVDA,Long,2022-02-14T15:51:00+00:00,2022-02-14T15:56:00+00:00,246.0188,246.3711,1.01,0.36,0.001432,300000,SessionClose,0.3587,0.3482,0.5285,0.1678,0.6841,0.5225,0.0847,0.8170,,,
trade,2022-02-14,NVDA,Long,2022-02-14T15:58:00+00:00,2022-02-14T15:59:00+00:00,245.8837,245.9513,1.06,0.07,0.000275,60000,SessionClose,0.2412,0.2866,-0.0421,0.0847,0.6485,0.1762,0.0847,0.7272,,,
summary,2022-02-14,NVDA,,,,,,,3.46,,3,,,,,,,,,,0.7760,2022-02-14T14:54:00+00:00,396,1154
summary,2022-02-14,MSFT,,,,,,,0.00,,0,,,,,,,,,,0.8113,2022-02-11T14:46:00+00:00,321,1076
trade,2022-02-15,QQQ,Long,2022-02-15T15:58:00+00:00,2022-02-15T15:59:00+00:00,354.3013,354.1287,0.85,-0.15,-0.000487,60000,SessionClose,0.1792,0.1846,-0.2353,0.0607,0.5544,-0.1814,0.0607,0.5544,,,
summary,2022-02-15,QQQ,,,,,,,-0.15,,1,,,,,,,,,,0.6324,2022-02-14T13:01:00+00:00,1219,1601
trade,2022-02-15,AAPL,Long,2022-02-15T14:41:00+00:00,2022-02-15T15:56:00+00:00,170.9263,171.0537,1.76,0.22,0.000745,4500000,SessionClose,0.2776,0.2114,0.1565,0.1897,0.4940,-0.4309,0.1634,0.5215,,,
trade,2022-02-15,AAPL,Long,2022-02-15T15:58:00+00:00,2022-02-15T15:59:00+00:00,171.2169,171.1633,1.75,-0.09,-0.000313,60000,SessionClose,0.2613,0.2784,0.0679,0.1634,0.5215,0.2394,0.1634,0.5215,,,
summary,2022-02-15,AAPL,,,,,,,0.13,,2,,,,,,,,,,0.6475,2022-02-14T13:01:00+00:00,1104,1452
trade,2022-02-15,NVDA,Long,2022-02-15T15:44:00+00:00,2022-02-15T15:56:00+00:00,259.6829,260.4268,1.03,0.77,0.002865,720000,SessionClose,0.7007,0.4666,0.5369,0.6371,0.8824,0.4786,0.2568,0.8824,,,
trade,2022-02-15,NVDA,Long,2022-02-15T15:58:00+00:00,2022-02-15T15:59:00+00:00,259.6829,259.8520,1.13,0.19,0.000651,60000,SessionClose,0.3921,0.4254,-0.2670,0.2568,0.8824,0.0659,0.2568,0.8824,,,
summary,2022-02-15,NVDA,,,,,,,0.96,,2,,,,,,,,,,1.0000,2022-02-14T09:08:00+00:00,1225,1469
trade,2022-02-15,MSFT,Long,2022-02-15T14:52:00+00:00,2022-02-15T15:01:00+00:00,299.2047,299.3152,1.00,0.11,0.000369,540000,ScoreExit,0.1076,-0.0667,-0.5412,0.0217,0.4954,-0.1395,-0.3489,0.5219,,,
trade,2022-02-15,MSFT,Long,2022-02-15T15:36:00+00:00,2022-02-15T15:56:00+00:00,299.0447,300.2249,1.00,1.18,0.003947,1200000,SessionClose,0.2352,0.2306,-0.0592,0.1409,0.5219,0.2140,0.0878,0.5219,,,
trade,2022-02-15,MSFT,Long,2022-02-15T15:58:00+00:00,2022-02-15T15:59:00+00:00,300.2050,300.0350,1.00,-0.17,-0.000567,60000,SessionClose,0.1789,0.1848,-0.3036,0.0878,0.5219,-0.2441,0.0878,0.5219,,,
summary,2022-02-15,MSFT,,,,,,,1.12,,3,,,,,,,,,,0.8195,2022-02-14T10:29:00+00:00,924,1243
summary,2022-02-16,QQQ,,,,,,,0.00,,0,,,,,,,,,,0.6324,2022-02-14T13:01:00+00:00,1805,2458
summary,2022-02-16,AAPL,,,,,,,0.00,,0,,,,,,,,,,0.6475,2022-02-14T13:01:00+00:00,1570,2193
trade,2022-02-16,NVDA,Long,2022-02-16T15:21:00+00:00,2022-02-16T15:56:00+00:00,258.5825,263.4441,1.11,5.42,0.018801,2100000,SessionClose,0.2331,0.4352,-0.4404,0.2020,0.5200,0.5497,0.3737,0.5200,,,
summary,2022-02-16,NVDA,,,,,,,5.42,,1,,,,,,,,,,1.0000,2022-02-14T09:08:00+00:00,1811,2323
summary,2022-02-17,SPY,,,,,,,0.00,,0,,,,,,,,,,0.5303,2022-02-15T09:17:00+00:00,1698,2945
summary,2022-02-17,QQQ,,,,,,,0.00,,0,,,,,,,,,,0.8916,2022-02-14T14:54:00+00:00,1845,3001
summary,2022-02-17,AAPL,,,,,,,0.00,,0,,,,,,,,,,0.8910,2022-02-14T14:49:00+00:00,1629,2636
summary,2022-02-17,NVDA,,,,,,,0.00,,0,,,,,,,,,,1.0000,2022-02-14T14:34:00+00:00,1673,2958
summary,2022-02-17,MSFT,,,,,,,0.00,,0,,,,,,,,,,0.8965,2022-02-14T14:51:00+00:00,1133,2204
summary,2022-02-18,NVDA,,,,,,,0.00,,0,,,,,,,,,,1.0000,2022-02-15T14:37:00+00:00,1186,2958
summary,2022-02-18,MSFT,,,,,,,0.00,,0,,,,,,,,,,0.8627,2022-02-15T15:49:00+00:00,368,2209
summary,2022-02-21,SPY,,,,,,,0.00,,0,,,,,,,,,,0.6055,2022-02-18T14:54:00+00:00,78,510
summary,2022-02-21,AAPL,,,,,,,0.00,,0,,,,,,,,,,0.4740,2022-02-18T19:31:00+00:00,31,501
summary,2022-02-21,NVDA,,,,,,,0.00,,0,,,,,,,,,,0.7264,2022-02-18T19:28:00+00:00,66,504
summary,2022-02-21,MSFT,,,,,,,0.00,,0,,,,,,,,,,0.3232,2022-02-18T19:31:00+00:00,17,472
trade,2022-02-22,SPY,Long,2022-02-22T14:50:00+00:00,2022-02-22T15:42:00+00:00,434.3853,433.0350,0.69,-0.93,-0.003108,3120000,ScoreExit,0.5361,-0.0890,0.5751,0.3219,0.9512,-0.5656,-0.0584,0.0087,,,
summary,2022-02-22,SPY,,,,,,,-0.93,,1,,,,,,,,,,0.9568,2022-02-22T10:22:00+00:00,344,721
trade,2022-02-22,QQQ,Long,2022-02-22T14:43:00+00:00,2022-02-22T15:42:00+00:00,340.9773,341.3526,0.88,0.33,0.001101,3540000,ScoreExit,0.5687,-0.0680,0.5818,0.3509,1.0000,-0.5817,-0.1483,0.2639,,,
summary,2022-02-22,QQQ,,,,,,,0.33,,1,,,,,,,,,,0.9577,2022-02-22T10:23:00+00:00,389,717
trade,2022-02-22,AAPL,Long,2022-02-22T14:50:00+00:00,2022-02-22T15:42:00+00:00,165.9248,165.4254,1.81,-0.90,-0.003010,3120000,ScoreExit,0.4842,-0.1135,0.5909,0.2086,1.0000,-0.5788,-0.1273,0.0693,,,
summary,2022-02-22,AAPL,,,,,,,-0.90,,1,,,,,,,,,,0.9581,2022-02-22T10:24:00+00:00,342,675
summary,2022-02-22,NVDA,,,,,,,0.00,,0,,,,,,,,,,0.9612,2022-02-22T10:14:00+00:00,412,697
trade,2022-02-22,MSFT,Long,2022-02-22T14:36:00+00:00,2022-02-22T15:56:00+00:00,286.4109,288.4584,1.05,2.15,0.007149,4800000,SessionClose,0.4214,-0.0087,0.5710,0.2444,0.7253,-0.4631,-0.2570,0.6394,,,
summary,2022-02-22,MSFT,,,,,,,2.15,,1,,,,,,,,,,0.9595,2022-02-22T10:39:00+00:00,296,608
summary,2022-02-23,QQQ,,,,,,,0.00,,0,,,,,,,,,,0.9577,2022-02-22T10:23:00+00:00,902,1655
summary,2022-02-23,NVDA,,,,,,,0.00,,0,,,,,,,,,,0.9612,2022-02-22T10:14:00+00:00,790,1460
trade,2022-02-23,MSFT,Long,2022-02-23T14:31:00+00:00,2022-02-23T14:41:00+00:00,291.0923,290.7977,1.03,-0.30,-0.001012,600000,ScoreExit,0.2139,-0.0524,0.2470,0.0977,0.4351,0.3244,-0.3590,0.4351,,,
summary,2022-02-23,MSFT,,,,,,,-0.30,,1,,,,,,,,,,0.9595,2022-02-22T10:39:00+00:00,550,1195
summary,2022-02-24,SPY,,,,,,,0.00,,0,,,,,,,,,,0.9568,2022-02-22T10:22:00+00:00,888,2549
summary,2022-02-24,AAPL,,,,,,,0.00,,0,,,,,,,,,,0.9581,2022-02-22T10:24:00+00:00,947,2415
trade,2022-02-24,NVDA,Long,2022-02-24T14:31:00+00:00,2022-02-24T15:56:00+00:00,212.0787,224.9275,0.99,12.77,0.060585,5100000,SessionClose,0.4938,0.3152,0.5197,0.7247,0.0232,0.6240,0.3240,0.1949,,,
summary,2022-02-24,NVDA,,,,,,,12.77,,1,,,,,,,,,,0.9612,2022-02-22T10:14:00+00:00,1151,2373
trade,2022-02-24,MSFT,Long,2022-02-24T14:36:00+00:00,2022-02-24T15:56:00+00:00,274.9174,282.8701,0.86,6.80,0.028927,4800000,SessionClose,0.4107,0.3009,0.4183,0.5884,0.0528,0.5394,0.2614,0.3004,,,
summary,2022-02-24,MSFT,,,,,,,6.80,,1,,,,,,,,,,0.9595,2022-02-22T10:39:00+00:00,943,2011
trade,2022-02-25,SPY,Long,2022-02-25T15:06:00+00:00,2022-02-25T15:56:00+00:00,428.9036,433.5249,0.70,3.23,0.010775,3000000,SessionClose,0.2268,0.4012,0.0678,0.1049,0.5236,0.5333,0.3180,0.5236,,,
trade,2022-02-25,SPY,Long,2022-02-25T15:59:00+00:00,2022-02-25T16:00:00+00:00,433.7851,433.1150,0.69,-0.46,-0.001545,60000,SessionClose,0.3717,0.3234,0.2384,0.3180,0.5236,-0.2447,0.3180,0.5236,,,
summary,2022-02-25,SPY,,,,,,,2.77,,2,,,,,,,,,,0.8937,2022-02-22T14:49:00+00:00,1409,3142
trade,2022-02-25,QQQ,Long,2022-02-25T15:06:00+00:00,2022-02-25T15:56:00+00:00,338.2664,343.0321,0.89,4.23,0.014088,3000000,SessionClose,0.1463,0.3816,-0.0959,0.0257,0.4684,0.3760,0.3391,0.4684,,,
trade,2022-02-25,QQQ,Long,2022-02-25T15:58:00+00:00,2022-02-25T15:59:00+00:00,343.5380,343.2620,0.87,-0.24,-0.000804,60000,SessionClose,0.3928,0.3890,0.4877,0.3391,0.4684,0.4503,0.3391,0.4684,,,
summary,2022-02-25,QQQ,,,,,,,3.99,,2,,,,,,,,,,0.9410,2022-02-22T14:46:00+00:00,1678,3208
trade,2022-02-25,AAPL,Long,2022-02-25T15:42:00+00:00,2022-02-25T15:56:00+00:00,162.2136,163.0561,1.85,1.56,0.005193,840000,SessionClose,0.3509,0.3712,0.4268,0.3196,0.3881,0.2979,0.3750,0.3881,,,
trade,2022-02-25,AAPL,Long,2022-02-25T15:58:00+00:00,2022-02-25T15:59:00+00:00,163.4440,163.3560,1.84,-0.16,-0.000539,60000,SessionClose,0.3915,0.3913,0.5009,0.3750,0.3881,0.4990,0.3750,0.3881,,,
summary,2022-02-25,AAPL,,,,,,,1.40,,2,,,,,,,,,,0.8976,2022-02-22T14:49:00+00:00,1355,2975
trade,2022-02-25,MSFT,Long,2022-02-25T15:06:00+00:00,2022-02-25T15:56:00+00:00,293.1729,295.2364,1.02,2.11,0.007038,3000000,SessionClose,0.2943,0.1767,0.2592,0.1902,0.5142,-0.3073,0.0886,0.5142,,,
trade,2022-02-25,MSFT,Long,2022-02-25T15:58:00+00:00,2022-02-25T15:59:00+00:00,295.5236,295.4463,1.02,-0.08,-0.000262,60000,SessionClose,0.1999,0.2152,-0.0759,0.0886,0.5142,0.0774,0.0886,0.5142,,,
summary,2022-02-25,MSFT,,,,,,,2.04,,2,,,,,,,,,,1.0000,2022-02-22T14:36:00+00:00,1343,2479
trade,2022-02-28,SPY,Long,2022-02-28T15:42:00+00:00,2022-02-28T15:56:00+00:00,435.3956,435.5343,0.69,0.10,0.000319,840000,SessionClose,0.4124,0.3934,0.5066,0.3783,0.4494,0.3272,0.3478,0.5066,,,
trade,2022-02-28,SPY,Long,2022-02-28T15:58:00+00:00,2022-02-28T15:59:00+00:00,435.7657,435.8042,0.69,0.03,0.000088,60000,SessionClose,0.3581,0.3985,0.0006,0.3478,0.4979,0.2700,0.3478,0.5427,,,
summary,2022-02-28,SPY,,,,,,,0.12,,2,,,,,,,,,,0.9566,2022-02-25T15:46:00+00:00,728,1200
trade,2022-02-28,QQQ,Long,2022-02-28T14:32:00+00:00,2022-02-28T15:11:00+00:00,343.5980,343.2120,0.87,-0.34,-0.001124,2340000,ScoreExit,0.3986,-0.0526,0.4667,0.4278,0.3176,-0.4936,-0.1749,0.3391,,,
trade,2022-02-28,QQQ,Long,2022-02-28T15:35:00+00:00,2022-02-28T15:56:00+00:00,344.5183,346.4710,0.87,1.70,0.005668,1260000,SessionClose,0.2930,0.4210,0.1967,0.1806,0.5498,0.2015,0.3534,0.6294,,,
trade,2022-02-28,QQQ,Long,2022-02-28T15:58:00+00:00,2022-02-28T15:59:00+00:00,346.6190,346.6670,0.87,0.04,0.000139,60000,SessionClose,0.3998,0.4190,-0.0104,0.3534,0.6294,0.1814,0.3534,0.6294,,,
summary,2022-02-28,QQQ,,,,,,,1.41,,3,,,,,,,,,,0.9584,2022-02-25T15:47:00+00:00,775,1221
trade,2022-02-28,AAPL,Long,2022-02-28T14:51:00+00:00,2022-02-28T15:11:00+00:00,164.0842,163.7009,1.83,-0.70,-0.002336,1200000,ScoreExit,0.4012,-0.0624,0.3130,0.4029,0.4273,-0.5154,-0.1749,0.3135,,,
trade,2022-02-28,AAPL,Long,2022-02-28T15:35:00+00:00,2022-02-28T15:56:00+00:00,164.1642,164.7356,1.83,1.04,0.003480,1260000,SessionClose,0.2255,0.4113,0.1968,0.1119,0.4623,0.4177,0.2774,0.6772,,,
trade,2022-02-28,AAPL,Long,2022-02-28T15:58:00+00:00,2022-02-28T15:59:00+00:00,164.9645,164.8755,1.82,-0.16,-0.000539,60000,SessionClose,0.3961,0.3994,0.2655,0.2774,0.6772,0.2984,0.2774,0.6772,,,
summary,2022-02-28,AAPL,,,,,,,0.18,,3,,,,,,,,,,0.9580,2022-02-25T15:47:00+00:00,757,1131
trade,2022-02-28,NVDA,Long,2022-02-28T14:51:00+00:00,2022-02-28T15:56:00+00:00,238.6416,244.4117,1.26,7.25,0.024179,3900000,SessionClose,0.3999,0.5222,0.0806,0.3634,0.5795,0.1005,0.3536,1.0000,,,
trade,2022-02-28,NVDA,Long,2022-02-28T15:58:00+00:00,2022-02-28T15:59:00+00:00,244.9785,245.0715,1.16,0.11,0.000380,60000,SessionClose,0.5355,0.5466,0.2336,0.3536,1.0000,0.3444,0.3536,1.0000,,,
summary,2022-02-28,NVDA,,,,,,,7.35,,2,,,,,,,,,,1.0000,2022-02-25T14:33:00+00:00,756,1078
trade,2022-02-28,MSFT,Long,2022-02-28T14:31:00+00:00,2022-02-28T15:11:00+00:00,296.0538,294.9165,1.01,-1.15,-0.003842,2400000,ScoreExit,0.4739,-0.1467,0.5721,0.5322,0.3245,-0.5756,-0.1936,0.0899,,,
trade,2022-02-28,MSFT,Long,2022-02-28T15:48:00+00:00,2022-02-28T15:56:00+00:00,297.3142,296.7959,1.01,-0.52,-0.001743,480000,SessionClose,0.3571,0.2821,0.3600,0.2342,0.6017,-0.0663,0.2163,0.5299,,,
trade,2022-02-28,MSFT,Long,2022-02-28T15:58:00+00:00,2022-02-28T15:59:00+00:00,296.9441,296.9159,1.01,-0.03,-0.000095,60000,SessionClose,0.2752,0.2940,-0.1326,0.2163,0.5287,-0.0183,0.2163,0.5533,,,
summary,2022-02-28,MSFT,,,,,,,-1.70,,3,,,,,,,,,,0.8922,2022-02-25T15:30:00+00:00,628,980
summary,2022-03-01,SPY,,,,,,,0.00,,0,,,,,,,,,,0.6901,2022-02-28T09:09:00+00:00,781,1608
trade,2022-03-01,QQQ,Long,2022-03-01T15:29:00+00:00,2022-03-01T15:41:00+00:00,347.4892,346.4810,0.86,-0.87,-0.002901,720000,ScoreExit,0.2065,-0.1205,-0.0310,0.1388,0.4210,-0.5192,-0.3222,0.4158,,,
summary,2022-03-01,QQQ,,,,,,,-0.87,,1,,,,,,,,,,0.8053,2022-02-28T09:09:00+00:00,853,1612
summary,2022-03-02,NVDA,,,,,,,0.00,,0,,,,,,,,,,1.0000,2022-02-28T09:07:00+00:00,1007,2011
summary,2022-03-02,MSFT,,,,,,,0.00,,0,,,,,,,,,,0.7268,2022-02-28T12:07:00+00:00,944,1702
summary,2022-03-03,SPY,,,,,,,0.00,,0,,,,,,,,,,0.9538,2022-02-28T15:43:00+00:00,1685,3058
trade,2022-03-03,AAPL,Long,2022-03-03T14:57:00+00:00,2022-03-03T15:06:00+00:00,168.0254,167.8146,1.79,-0.38,-0.001254,540000,ScoreExit,0.1608,-0.1486,0.2242,0.0259,0.4096,-0.3587,-0.2747,0.1738,,,
summary,2022-03-03,AAPL,,,,,,,-0.38,,1,,,,,,,,,,0.9523,2022-02-28T15:56:00+00:00,1509,2670
summary,2022-03-03,MSFT,,,,,,,0.00,,0,,,,,,,,,,0.9583,2022-02-28T15:42:00+00:00,1092,2168
summary,2022-03-04,SPY,,,,,,,0.00,,0,,,,,,,,,,0.4956,2022-03-02T16:13:00+00:00,1300,3047
summary,2022-03-04,QQQ,,,,,,,0.00,,0,,,,,,,,,,0.7648,2022-03-01T15:21:00+00:00,935,3036
summary,2022-03-04,AAPL,,,,,,,0.00,,0,,,,,,,,,,0.9842,2022-03-01T14:36:00+00:00,1134,2699
summary,2022-03-04,NVDA,,,,,,,0.00,,0,,,,,,,,,,0.8879,2022-03-01T15:32:00+00:00,931,2534
summary,2022-03-07,SPY,,,,,,,0.00,,0,,,,,,,,,,0.5864,2022-03-04T17:17:00+00:00,357,1194
trade,2022-03-07,AAPL,Long,2022-03-07T14:33:00+00:00,2022-03-07T14:56:00+00:00,164.5243,163.3460,1.82,-2.15,-0.007162,1380000,ScoreExit,0.4247,-0.1124,0.4117,0.3136,0.6511,-0.2936,-0.2850,0.2934,,,
summary,2022-03-07,AAPL,,,,,,,-2.15,,1,,,,,,,,,,0.5905,2022-03-04T14:35:00+00:00,325,1151
trade,2022-03-07,NVDA,Long,2022-03-07T14:40:00+00:00,2022-03-07T15:00:00+00:00,229.0937,222.9581,1.31,-8.03,-0.026782,1200000,HardStop,0.3506,0.0000,0.3274,0.5159,0.0280,-0.5758,-0.5230,-0.2425,,,
summary,2022-03-07,NVDA,,,,,,,-8.03,,1,,,,,,,,,,1.0000,2022-03-04T14:37:00+00:00,151,1083
summary,2022-03-07,MSFT,,,,,,,0.00,,0,,,,,,,,,,0.7054,2022-03-04T17:17:00+00:00,240,998
summary,2022-03-08,SPY,,,,,,,0.00,,0,,,,,,,,,,0.6252,2022-03-07T12:25:00+00:00,343,1620
summary,2022-03-08,AAPL,,,,,,,0.00,,0,,,,,,,,,,0.7238,2022-03-08T17:44:00+00:00,386,1540
trade,2022-03-09,QQQ,Long,2022-03-09T14:36:00+00:00,2022-03-09T14:44:00+00:00,330.5641,330.4158,0.91,-0.13,-0.000449,480000,ScoreExit,0.1028,-0.0572,-0.5369,0.0540,0.4136,-0.2879,-0.2542,0.4136,,,
trade,2022-03-09,QQQ,Long,2022-03-09T14:56:00+00:00,2022-03-09T15:56:00+00:00,329.7239,332.5552,0.91,2.58,0.008587,3600000,SessionClose,0.1110,0.3369,-0.3219,0.0319,0.4136,0.0257,0.3038,0.5070,,,
trade,2022-03-09,QQQ,Long,2022-03-09T15:58:00+00:00,2022-03-09T15:59:00+00:00,332.9449,333.4749,0.90,0.48,0.001592,60000,SessionClose,0.3645,0.3899,0.3019,0.3038,0.5070,0.5551,0.3038,0.5070,,,
summary,2022-03-09,QQQ,,,,,,,2.92,,3,,,,,,,,,,0.7055,2022-03-08T17:18:00+00:00,980,2533
trade,2022-03-09,AAPL,Long,2022-03-09T15:06:00+00:00,2022-03-09T15:56:00+00:00,160.7432,161.7765,1.87,1.93,0.006428,3000000,SessionClose,0.2500,0.3416,0.1802,0.1428,0.4878,-0.2033,0.3593,0.4878,,,
summary,2022-03-09,AAPL,,,,,,,1.93,,1,,,,,,,,,,0.7238,2022-03-08T17:44:00+00:00,945,2434
trade,2022-03-09,MSFT,Long,2022-03-09T14:30:00+00:00,2022-03-09T14:31:00+00:00,283.5300,282.8701,1.06,-0.70,-0.002328,60000,ScoreExit,0.1996,-0.0709,0.2724,0.0584,0.4579,-0.3649,-0.2862,0.4579,,,
trade,2022-03-09,MSFT,Long,2022-03-09T14:56:00+00:00,2022-03-09T15:56:00+00:00,282.1696,285.9220,1.06,3.99,0.013298,3600000,SessionClose,0.2624,0.4053,-0.2049,0.2425,0.4579,0.0212,0.3778,0.5884,,,
trade,2022-03-09,MSFT,Long,2022-03-09T15:58:00+00:00,2022-03-09T15:59:00+00:00,286.3859,286.8289,1.05,0.46,0.001547,60000,SessionClose,0.4425,0.4606,0.3929,0.3778,0.5884,0.5744,0.3778,0.5884,,,
summary,2022-03-09,MSFT,,,,,,,3.75,,3,,,,,,,,,,0.7650,2022-03-08T17:18:00+00:00,925,1941
summary,2022-03-10,SPY,,,,,,,0.00,,0,,,,,,,,,,0.5686,2022-03-08T17:18:00+00:00,1235,3155
summary,2022-03-10,QQQ,,,,,,,0.00,,0,,,,,,,,,,0.6975,2022-03-08T17:18:00+00:00,1200,3135
summary,2022-03-10,AAPL,,,,,,,0.00,,0,,,,,,,,,,0.7775,2022-03-07T14:31:00+00:00,963,3000
summary,2022-03-10,NVDA,,,,,,,0.00,,0,,,,,,,,,,0.7604,2022-03-08T17:45:00+00:00,1481,2785
summary,2022-03-11,SPY,,,,,,,0.00,,0,,,,,,,,,,0.8235,2022-03-08T17:18:00+00:00,1736,3085
summary,2022-03-11,QQQ,,,,,,,0.00,,0,,,,,,,,,,1.0000,2022-03-08T14:35:00+00:00,1754,3098
summary,2022-03-11,AAPL,,,,,,,0.00,,0,,,,,,,,,,1.0000,2022-03-08T14:35:00+00:00,1215,2973
summary,2022-03-11,MSFT,,,,,,,0.00,,0,,,,,,,,,,0.9306,2022-03-08T14:43:00+00:00,1476,2349
trade,2022-03-14,MSFT,Long,2022-03-14T13:45:00+00:00,2022-03-14T15:01:00+00:00,284.3603,284.0098,1.06,-0.37,-0.001233,4560000,MaxHoldTimeout,0.4777,0.0649,0.5549,0.4236,0.5602,-0.4146,-0.0457,0.4462,,,
summary,2022-03-14,MSFT,,,,,,,-0.37,,1,,,,,,,,,,0.8325,2022-03-11T15:51:00+00:00,133,1012
trade,2022-03-15,QQQ,Long,2022-03-15T14:02:00+00:00,2022-03-15T15:56:00+00:00,321.5714,324.6776,0.93,2.90,0.009659,6840000,SessionClose,0.3970,0.0441,0.2115,0.3635,0.5258,-0.5591,-0.1531,0.6396,,,
summary,2022-03-15,QQQ,,,,,,,2.90,,1,,,,,,,,,,0.6272,2022-03-14T09:52:00+00:00,607,1612
trade,2022-03-15,NVDA,Long,2022-03-15T14:00:00+00:00,2022-03-15T15:56:00+00:00,217.6304,224.8276,1.38,9.92,0.033071,6960000,SessionClose,0.5352,0.1163,0.5251,0.4524,0.7043,-0.5304,-0.1710,0.9067,,,
summary,2022-03-15,NVDA,,,,,,,9.92,,1,,,,,,,,,,0.9592,2022-03-14T09:44:00+00:00,767,1326
summary,2022-03-16,QQQ,,,,,,,0.00,,0,,,,,,,,,,0.6272,2022-03-14T09:52:00+00:00,1327,2523
trade,2022-03-16,AAPL,Long,2022-03-16T13:49:00+00:00,2022-03-16T15:50:00+00:00,157.1221,157.8576,1.91,1.41,0.004681,7260000,MaxHoldTimeout,0.2535,0.0848,0.2778,0.1548,0.4429,0.2527,-0.1355,0.4695,,,
summary,2022-03-16,AAPL,,,,,,,1.41,,1,,,,,,,,,,0.6963,2022-03-14T08:08:00+00:00,1383,2457
trade,2022-03-16,NVDA,Long,2022-03-16T13:41:00+00:00,2022-03-16T15:42:00+00:00,232.8048,241.4725,1.29,11.20,0.037232,7260000,MaxHoldTimeout,0.2378,0.0828,-0.2143,0.1269,0.6103,-0.4641,-0.1484,0.7276,,,
summary,2022-03-16,NVDA,,,,,,,11.20,,1,,,,,,,,,,0.9592,2022-03-14T09:44:00+00:00,1477,2137
summary,2022-03-17,SPY,,,,,,,0.00,,0,,,,,,,,,,0.9555,2022-03-14T14:59:00+00:00,1922,3065
trade,2022-03-17,QQQ,Long,2022-03-17T13:52:00+00:00,2022-03-17T14:37:00+00:00,339.2768,339.1632,0.89,-0.10,-0.000335,2700000,ScoreExit,0.3556,-0.0574,0.2636,0.3745,0.3485,-0.5125,-0.1135,0.2064,,,
summary,2022-03-17,QQQ,,,,,,,-0.10,,1,,,,,,,,,,0.8974,2022-03-14T14:12:00+00:00,1933,3141
trade,2022-03-17,NVDA,Long,2022-03-17T13:36:00+00:00,2022-03-17T14:41:00+00:00,241.3724,243.6819,1.25,2.89,0.009568,3900000,ScoreExit,0.3505,-0.0869,0.1320,0.2471,0.6301,0.3138,-0.3469,0.2994,,,
summary,2022-03-17,NVDA,,,,,,,2.89,,1,,,,,,,,,,0.9457,2022-03-14T13:46:00+00:00,1952,2734
trade,2022-03-18,SPY,Long,2022-03-18T14:01:00+00:00,2022-03-18T14:37:00+00:00,439.3418,439.0133,0.68,-0.22,-0.000748,2160000,ScoreExit,0.3798,-0.0511,0.4489,0.4083,0.2997,-0.5040,-0.1510,0.2997,,,
summary,2022-03-18,SPY,,,,,,,-0.22,,1,,,,,,,,,,0.9473,2022-03-15T14:40:00+00:00,2444,3055
summary,2022-03-18,QQQ,,,,,,,0.00,,0,,,,,,,,,,0.9559,2022-03-15T15:04:00+00:00,2550,3112
trade,2022-03-18,MSFT,Long,2022-03-18T14:05:00+00:00,2022-03-18T14:49:00+00:00,295.5336,295.3064,1.02,-0.23,-0.000769,2640000,ScoreExit,0.3666,-0.0571,0.4358,0.3793,0.3179,-0.3968,-0.1880,0.3179,,,
summary,2022-03-18,MSFT,,,,,,,-0.23,,1,,,,,,,,,,0.9565,2022-03-15T14:49:00+00:00,1798,2252
summary,2022-03-21,SPY,,,,,,,0.00,,0,,,,,,,,,,0.8139,2022-03-18T14:12:00+00:00,953,1160
summary,2022-03-22,SPY,,,,,,,0.00,,0,,,,,,,,,,0.4476,2022-03-21T13:36:00+00:00,904,1480
trade,2022-03-22,NVDA,Long,2022-03-22T14:01:00+00:00,2022-03-22T15:56:00+00:00,267.9654,270.4238,1.12,2.75,0.009175,6900000,ScoreExit,0.4408,-0.1179,0.5608,0.2649,0.7527,-0.1808,-0.4424,0.5519,,,
summary,2022-03-22,NVDA,,,,,,,2.75,,1,,,,,,,,,,0.8323,2022-03-21T09:34:00+00:00,896,1382
trade,2022-03-22,MSFT,Long,2022-03-22T13:31:00+00:00,2022-03-22T15:32:00+00:00,299.6749,304.6036,1.00,4.94,0.016447,7260000,MaxHoldTimeout,0.3785,0.1778,0.3347,0.3794,0.3913,-0.3459,0.0449,0.6182,,,
summary,2022-03-22,MSFT,,,,,,,4.94,,1,,,,,,,,,,0.8034,2022-03-21T09:33:00+00:00,672,1102
summary,2022-03-23,SPY,,,,,,,0.00,,0,,,,,,,,,,0.4476,2022-03-21T13:36:00+00:00,1263,2316
trade,2022-03-23,AAPL,Long,2022-03-23T13:37:00+00:00,2022-03-23T15:38:00+00:00,168.3546,171.2636,1.79,5.19,0.017279,7260000,MaxHoldTimeout,0.3632,0.3757,0.3762,0.3569,0.3714,-0.0613,0.3444,0.5840,,,
summary,2022-03-23,AAPL,,,,,,,5.19,,1,,,,,,,,,,0.6541,2022-03-21T15:22:00+00:00,1577,2157
summary,2022-03-23,MSFT,,,,,,,0.00,,0,,,,,,,,,,0.8034,2022-03-21T09:33:00+00:00,1002,1673
summary,2022-03-24,SPY,,,,,,,0.00,,0,,,,,,,,,,0.6855,2022-03-21T15:01:00+00:00,1565,2876
summary,2022-03-24,AAPL,,,,,,,0.00,,0,,,,,,,,,,1.0000,2022-03-21T13:41:00+00:00,2104,2768
trade,2022-03-24,NVDA,Long,2022-03-24T13:42:00+00:00,2022-03-24T15:43:00+00:00,265.3446,279.4911,1.13,16.04,0.053314,7260000,MaxHoldTimeout,0.5145,0.5642,0.6421,0.5532,0.3945,0.4604,0.5430,0.6411,,,
summary,2022-03-24,NVDA,,,,,,,16.04,,1,,,,,,,,,,1.0000,2022-03-21T13:40:00+00:00,1342,2709
summary,2022-03-24,MSFT,,,,,,,0.00,,0,,,,,,,,,,0.6846,2022-03-21T13:43:00+00:00,1239,2120
summary,2022-03-25,QQQ,,,,,,,0.00,,0,,,,,,,,,,0.9522,2022-03-22T14:48:00+00:00,1687,2985
summary,2022-03-25,AAPL,,,,,,,0.00,,0,,,,,,,,,,1.0000,2022-03-22T13:39:00+00:00,2178,2826
summary,2022-03-25,NVDA,,,,,,,0.00,,0,,,,,,,,,,0.9556,2022-03-22T15:03:00+00:00,1397,2749
summary,2022-03-25,MSFT,,,,,,,0.00,,0,,,,,,,,,,0.9492,2022-03-22T14:51:00+00:00,1100,2142
trade,2022-03-28,AAPL,Long,2022-03-28T13:36:00+00:00,2022-03-28T15:31:00+00:00,174.0252,174.1908,1.72,0.29,0.000952,6900000,ScoreExit,0.5334,-0.0834,0.6067,0.5397,0.4964,-0.4319,-0.2701,0.4061,,,
summary,2022-03-28,AAPL,,,,,,,0.29,,1,,,,,,,,,,0.9555,2022-03-25T14:42:00+00:00,632,1193
summary,2022-03-28,MSFT,,,,,,,0.00,,0,,,,,,,,,,0.8744,2022-03-25T14:42:00+00:00,586,934
trade,2022-03-29,SPY,Long,2022-03-29T14:41:00+00:00,2022-03-29T15:56:00+00:00,458.5825,459.4371,0.65,0.56,0.001864,4500000,SessionClose,0.1737,0.1213,0.2317,0.0215,0.4590,-0.1068,-0.0101,0.4600,,,
summary,2022-03-29,SPY,,,,,,,0.56,,1,,,,,,,,,,0.5620,2022-03-28T18:59:00+00:00,1073,1472
trade,2022-03-29,QQQ,Long,2022-03-29T14:47:00+00:00,2022-03-29T15:56:00+00:00,367.4653,368.9943,0.82,1.25,0.004161,4140000,SessionClose,0.2694,0.1612,0.3137,0.1291,0.5352,-0.0784,0.0076,0.5484,,,
summary,2022-03-29,QQQ,,,,,,,1.25,,1,,,,,,,,,,0.5867,2022-03-28T18:58:00+00:00,1176,1535
trade,2022-03-29,AAPL,Long,2022-03-29T13:49:00+00:00,2022-03-29T15:05:00+00:00,177.6183,177.1268,1.69,-0.83,-0.002767,4560000,MaxHoldTimeout,0.3369,0.1875,0.0343,0.2362,0.6391,-0.1411,0.0381,0.5960,,,
summary,2022-03-29,AAPL,,,,,,,-0.83,,1,,,,,,,,,,0.6839,2022-03-28T13:35:00+00:00,1139,1510
trade,2022-03-29,NVDA,Long,2022-03-29T14:26:00+00:00,2022-03-29T15:22:00+00:00,283.4030,282.2303,0.73,-0.86,-0.004138,3360000,ScoreExit,0.2349,-0.0748,0.3698,0.0365,0.5866,-0.5141,-0.2470,0.4160,,,
summary,2022-03-29,NVDA,,,,,,,-0.86,,1,,,,,,,,,,0.9345,2022-03-28T08:57:00+00:00,1040,1402
summary,2022-03-29,MSFT,,,,,,,0.00,,0,,,,,,,,,,0.7045,2022-03-28T13:36:00+00:00,804,1144
summary,2022-03-30,SPY,,,,,,,0.00,,0,,,,,,,,,,0.5620,2022-03-28T18:59:00+00:00,1542,2305
summary,2022-03-30,QQQ,,,,,,,0.00,,0,,,,,,,,,,0.5867,2022-03-28T18:58:00+00:00,1701,2393
summary,2022-03-30,AAPL,,,,,,,0.00,,0,,,,,,,,,,0.6839,2022-03-28T13:35:00+00:00,1669,2325
summary,2022-03-30,NVDA,,,,,,,0.00,,0,,,,,,,,,,0.9345,2022-03-28T08:57:00+00:00,1320,2152
summary,2022-03-30,MSFT,,,,,,,0.00,,0,,,,,,,,,,0.7045,2022-03-28T13:36:00+00:00,1134,1744
summary,2022-03-31,SPY,,,,,,,0.00,,0,,,,,,,,,,0.6057,2022-03-28T14:59:00+00:00,1705,2850
summary,2022-03-31,AAPL,,,,,,,0.00,,0,,,,,,,,,,1.0000,2022-03-28T13:35:00+00:00,1993,2801
summary,2022-03-31,NVDA,,,,,,,0.00,,0,,,,,,,,,,1.0000,2022-03-28T13:36:00+00:00,1293,2725
summary,2022-04-01,NVDA,,,,,,,0.00,,0,,,,,,,,,,1.0000,2022-03-29T13:32:00+00:00,457,2679
summary,2022-04-01,MSFT,,,,,,,0.00,,0,,,,,,,,,,0.5632,2022-03-29T18:47:00+00:00,832,2172
summary,2022-04-04,QQQ,,,,,,,0.00,,0,,,,,,,,,,0.5704,2022-04-01T14:58:00+00:00,777,1144
summary,2022-04-04,MSFT,,,,,,,0.00,,0,,,,,,,,,,0.8237,2022-04-01T14:53:00+00:00,594,937
summary,2022-04-05,SPY,,,,,,,0.00,,0,,,,,,,,,,0.7830,2022-04-04T09:12:00+00:00,784,1409
summary,2022-04-05,QQQ,,,,,,,0.00,,0,,,,,,,,,,0.8467,2022-04-04T09:15:00+00:00,828,1488
summary,2022-04-05,AAPL,,,,,,,0.00,,0,,,,,,,,,,0.8522,2022-04-04T09:13:00+00:00,708,1394
summary,2022-04-05,NVDA,,,,,,,0.00,,0,,,,,,,,,,0.8756,2022-04-04T09:23:00+00:00,582,1263
summary,2022-04-06,SPY,,,,,,,0.00,,0,,,,,,,,,,0.7830,2022-04-04T09:12:00+00:00,784,2274
summary,2022-04-06,AAPL,,,,,,,0.00,,0,,,,,,,,,,0.8522,2022-04-04T09:13:00+00:00,740,2224
summary,2022-04-06,NVDA,,,,,,,0.00,,0,,,,,,,,,,0.8756,2022-04-04T09:23:00+00:00,582,2086
summary,2022-04-07,SPY,,,,,,,0.00,,0,,,,,,,,,,0.7091,2022-04-04T15:04:00+00:00,767,2886
summary,2022-04-07,QQQ,,,,,,,0.00,,0,,,,,,,,,,0.9549,2022-04-04T15:04:00+00:00,746,2997
summary,2022-04-07,AAPL,,,,,,,0.00,,0,,,,,,,,,,1.0000,2022-04-04T13:34:00+00:00,728,2807
summary,2022-04-07,NVDA,,,,,,,0.00,,0,,,,,,,,,,1.0000,2022-04-04T13:40:00+00:00,581,2678
summary,2022-04-08,AAPL,,,,,,,0.00,,0,,,,,,,,,,0.6769,2022-04-05T13:45:00+00:00,140,2757
summary,2022-04-08,NVDA,,,,,,,0.00,,0,,,,,,,,,,0.5208,2022-04-05T13:32:00+00:00,155,2747
summary,2022-04-11,SPY,,,,,,,0.00,,0,,,,,,,,,,0.9570,2022-04-08T15:01:00+00:00,227,1152
summary,2022-04-11,QQQ,,,,,,,0.00,,0,,,,,,,,,,0.9584,2022-04-08T15:01:00+00:00,158,1188
summary,2022-04-11,AAPL,,,,,,,0.00,,0,,,,,,,,,,0.9422,2022-04-08T15:02:00+00:00,225,1119
summary,2022-04-11,NVDA,,,,,,,0.00,,0,,,,,,,,,,0.7430,2022-04-08T15:01:00+00:00,263,1161
trade,2022-04-12,AAPL,Long,2022-04-12T14:15:00+00:00,2022-04-12T14:46:00+00:00,169.6959,168.7843,1.77,-1.61,-0.005372,1860000,ScoreExit,0.4044,-0.0530,0.2792,0.3481,0.5586,-0.2699,-0.3226,0.5586,,,
summary,2022-04-12,AAPL,,,,,,,-1.61,,1,,,,,,,,,,0.5963,2022-04-12T12:34:00+00:00,446,1460
trade,2022-04-12,NVDA,Long,2022-04-12T13:51:00+00:00,2022-04-12T14:16:00+00:00,222.8618,223.9978,0.87,0.99,0.005097,1500000,ScoreExit,0.3446,-0.2048,0.6232,0.0369,0.8672,-0.5200,-0.3146,0.1198,,,
summary,2022-04-12,NVDA,,,,,,,0.99,,1,,,,,,,,,,0.7576,2022-04-12T12:34:00+00:00,539,1480
summary,2022-04-13,SPY,,,,,,,0.00,,0,,,,,,,,,,0.4661,2022-04-12T12:54:00+00:00,550,2349
summary,2022-04-13,QQQ,,,,,,,0.00,,0,,,,,,,,,,0.5747,2022-04-12T12:54:00+00:00,680,2451
trade,2022-04-13,AAPL,Long,2022-04-13T14:21:00+00:00,2022-04-13T15:56:00+00:00,168.7656,169.8587,1.78,1.95,0.006477,5700000,SessionClose,0.3903,0.2074,0.4369,0.4233,0.3088,0.2812,0.0798,0.4378,,,
summary,2022-04-13,AAPL,,,,,,,1.95,,1,,,,,,,,,,0.5963,2022-04-12T12:34:00+00:00,1030,2232
trade,2022-04-13,NVDA,Long,2022-04-13T13:45:00+00:00,2022-04-13T15:46:00+00:00,219.7509,220.9837,1.25,1.54,0.005610,7260000,MaxHoldTimeout,0.3974,0.0553,0.3255,0.5182,0.1799,-0.4894,-0.1299,0.6071,,,
summary,2022-04-13,NVDA,,,,,,,1.54,,1,,,,,,,,,,0.7576,2022-04-12T12:34:00+00:00,891,2297
summary,2022-04-13,MSFT,,,,,,,0.00,,0,,,,,,,,,,0.5969,2022-04-11T10:15:00+00:00,459,1875
summary,2022-04-14,SPY,,,,,,,0.00,,0,,,,,,,,,,0.4847,2022-04-12T12:54:00+00:00,817,2856
summary,2022-04-14,QQQ,,,,,,,0.00,,0,,,,,,,,,,0.5860,2022-04-12T12:54:00+00:00,957,2982
summary,2022-04-14,NVDA,,,,,,,0.00,,0,,,,,,,,,,0.9009,2022-04-11T13:47:00+00:00,1083,2799
summary,2022-04-14,MSFT,,,,,,,0.00,,0,,,,,,,,,,0.5901,2022-04-12T12:33:00+00:00,557,2254
summary,2022-04-15,QQQ,,,,,,,0.00,,0,,,,,,,,,,0.8971,2022-04-12T13:53:00+00:00,826,2276
summary,2022-04-15,NVDA,,,,,,,0.00,,0,,,,,,,,,,0.9210,2022-04-12T13:52:00+00:00,851,2162
trade,2022-04-18,SPY,Long,2022-04-18T13:35:00+00:00,2022-04-18T14:52:00+00:00,438.5965,438.5634,0.68,-0.02,-0.000076,4620000,ScoreExit,0.3641,-0.0588,0.4684,0.3572,0.3431,-0.4878,-0.0916,0.1497,,,
summary,2022-04-18,SPY,,,,,,,-0.02,,1,,,,,,,,,,0.4725,2022-04-18T17:49:00+00:00,258,632
trade,2022-04-18,QQQ,Long,2022-04-18T13:34:00+00:00,2022-04-18T15:10:00+00:00,339.2467,339.2682,0.88,0.02,0.000063,5760000,ScoreExit,0.5048,-0.0557,0.5681,0.3771,0.7390,-0.3998,-0.1695,0.2865,,,
summary,2022-04-18,QQQ,,,,,,,0.02,,1,,,,,,,,,,0.6022,2022-04-18T17:49:00+00:00,342,672
trade,2022-04-18,NVDA,Long,2022-04-18T13:31:00+00:00,2022-04-18T15:16:00+00:00,213.9115,215.6853,1.40,2.49,0.008292,6300000,ScoreExit,0.6297,-0.1044,0.4983,0.5194,0.8940,-0.5563,-0.3250,0.4874,,,
summary,2022-04-18,NVDA,,,,,,,2.49,,1,,,,,,,,,,0.7434,2022-04-18T17:44:00+00:00,301,578
trade,2022-04-18,MSFT,Long,2022-04-18T13:32:00+00:00,2022-04-18T14:57:00+00:00,280.5491,280.5408,1.07,-0.01,-0.000030,5100000,ScoreExit,0.4506,-0.0530,0.5362,0.3997,0.5238,-0.5627,-0.0599,0.1308,,,
summary,2022-04-18,MSFT,,,,,,,-0.01,,1,,,,,,,,,,0.8714,2022-04-18T11:14:00+00:00,237,500
trade,2022-04-19,SPY,Long,2022-04-19T13:44:00+00:00,2022-04-19T15:45:00+00:00,439.4768,443.7118,0.68,2.89,0.009637,7260000,MaxHoldTimeout,0.3971,0.2691,0.4880,0.3507,0.4595,0.4682,0.0846,0.5717,,,
summary,2022-04-19,SPY,,,,,,,2.89,,1,,,,,,,,,,0.5018,2022-04-19T14:09:00+00:00,922,1503
trade,2022-04-19,QQQ,Long,2022-04-19T13:52:00+00:00,2022-04-19T15:53:00+00:00,339.3768,345.5813,0.88,5.49,0.018282,7260000,MaxHoldTimeout,0.4073,0.3924,0.3275,0.4070,0.4344,0.5048,0.2153,0.7091,,,
summary,2022-04-19,QQQ,,,,,,,5.49,,1,,,,,,,,,,0.6022,2022-04-18T17:49:00+00:00,1026,1569
trade,2022-04-19,NVDA,Long,2022-04-19T14:01:00+00:00,2022-04-19T15:56:00+00:00,217.9804,222.9481,1.38,6.84,0.022790,6900000,SessionClose,0.5373,0.1361,0.6051,0.3614,0.8666,-0.5062,-0.1235,0.8693,,,
summary,2022-04-19,NVDA,,,,,,,6.84,,1,,,,,,,,,,0.7434,2022-04-18T17:44:00+00:00,942,1346
summary,2022-04-20,SPY,,,,,,,0.00,,0,,,,,,,,,,0.5018,2022-04-19T14:09:00+00:00,1517,2364
summary,2022-04-20,QQQ,,,,,,,0.00,,0,,,,,,,,,,0.6022,2022-04-18T17:49:00+00:00,1536,2500
summary,2022-04-20,NVDA,,,,,,,0.00,,0,,,,,,,,,,0.7434,2022-04-18T17:44:00+00:00,1196,2137
summary,2022-04-21,SPY,,,,,,,0.00,,0,,,,,,,,,,0.5408,2022-04-18T23:53:00+00:00,1879,2965
trade,2022-04-21,QQQ,Long,2022-04-21T13:42:00+00:00,2022-04-21T13:56:00+00:00,347.4942,346.5310,0.87,-0.83,-0.002772,840000,ScoreExit,0.3560,-0.0555,0.3837,0.3968,0.2650,-0.4942,-0.1427,0.2650,,,
summary,2022-04-21,QQQ,,,,,,,-0.83,,1,,,,,,,,,,0.8901,2022-04-18T14:25:00+00:00,1809,3079
summary,2022-04-21,AAPL,,,,,,,0.00,,0,,,,,,,,,,1.0000,2022-04-18T13:33:00+00:00,1777,2733
trade,2022-04-21,NVDA,Long,2022-04-21T13:40:00+00:00,2022-04-21T13:56:00+00:00,222.1116,219.0992,1.35,-4.08,-0.013562,960000,ScoreExit,0.4307,-0.1247,0.3053,0.5525,0.2289,-0.5788,-0.2257,0.2289,,,
summary,2022-04-21,NVDA,,,,,,,-4.08,,1,,,,,,,,,,1.0000,2022-04-18T13:33:00+00:00,1322,2742
trade,2022-04-21,MSFT,Long,2022-04-21T13:31:00+00:00,2022-04-21T14:41:00+00:00,289.0967,290.7977,1.04,1.77,0.005884,4200000,ScoreExit,0.4471,-0.0504,0.4457,0.4180,0.5059,-0.3606,-0.1927,0.3377,,,
summary,2022-04-21,MSFT,,,,,,,1.77,,1,,,,,,,,,,1.0000,2022-04-18T13:33:00+00:00,1373,2223
summary,2022-04-22,QQQ,,,,,,,0.00,,0,,,,,,,,,,0.9570,2022-04-19T14:41:00+00:00,1136,3061
summary,2022-04-25,SPY,,,,,,,0.00,,0,,,,,,,,,,0.4517,2022-04-25T20:00:00+00:00,114,1202
summary,2022-04-25,AAPL,,,,,,,0.00,,0,,,,,,,,,,1.0000,2022-04-22T13:33:00+00:00,213,1173
trade,2022-04-25,NVDA,Long,2022-04-25T14:31:00+00:00,2022-04-25T14:56:00+00:00,197.1641,194.7765,1.31,-3.13,-0.012110,1500000,ScoreExit,0.6198,-0.0523,0.6198,0.7009,0.4577,-0.5621,-0.1392,0.2915,,,
summary,2022-04-25,NVDA,,,,,,,-3.13,,1,,,,,,,,,,0.9364,2022-04-22T13:33:00+00:00,448,1159
trade,2022-04-25,MSFT,Long,2022-04-25T14:21:00+00:00,2022-04-25T14:56:00+00:00,276.0178,275.6723,1.09,-0.38,-0.001252,2100000,ScoreExit,0.4238,-0.0646,0.3169,0.5444,0.2183,-0.5259,-0.0975,0.1549,,,
summary,2022-04-25,MSFT,,,,,,,-0.38,,1,,,,,,,,,,0.7835,2022-04-22T13:33:00+00:00,277,1032
summary,2022-04-26,QQQ,,,,,,,0.00,,0,,,,,,,,,,0.6636,2022-04-25T14:31:00+00:00,817,1584
summary,2022-04-26,AAPL,,,,,,,0.00,,0,,,,,,,,,,0.6601,2022-04-25T18:53:00+00:00,598,1434
summary,2022-04-26,MSFT,,,,,,,0.00,,0,,,,,,,,,,0.6818,2022-04-25T14:24:00+00:00,614,1225
trade,2022-04-27,NVDA,Long,2022-04-27T13:41:00+00:00,2022-04-27T14:13:00+00:00,189.6919,184.6601,1.58,-7.95,-0.026526,1920000,HardStop,0.4756,0.0000,0.3319,0.7021,0.0705,-0.6759,-0.5271,-0.3249,,,
summary,2022-04-27,NVDA,,,,,,,-7.95,,1,,,,,,,,,,0.7901,2022-04-25T08:05:00+00:00,765,2210
trade,2022-04-27,MSFT,Long,2022-04-27T14:21:00+00:00,2022-04-27T15:56:00+00:00,281.4694,286.1491,0.91,4.26,0.016626,5700000,SessionClose,0.2394,-0.0138,0.3860,0.0341,0.6012,-0.5257,-0.2293,0.5879,,,
summary,2022-04-27,MSFT,,,,,,,4.26,,1,,,,,,,,,,0.7726,2022-04-26T22:15:00+00:00,1260,2113
summary,2022-04-28,SPY,,,,,,,0.00,,0,,,,,,,,,,0.8617,2022-04-25T14:37:00+00:00,1220,3086
trade,2022-04-28,NVDA,Long,2022-04-28T13:33:00+00:00,2022-04-28T13:41:00+00:00,191.1873,190.8978,1.57,-0.45,-0.001514,480000,ScoreExit,0.4044,-0.0663,0.1743,0.5602,0.1694,0.0370,-0.1990,0.1647,,,
summary,2022-04-28,NVDA,,,,,,,-0.45,,1,,,,,,,,,,1.0000,2022-04-25T13:31:00+00:00,1122,2778
summary,2022-04-28,MSFT,,,,,,,0.00,,0,,,,,,,,,,0.9440,2022-04-25T14:49:00+00:00,1704,2661
summary,2022-04-29,SPY,,,,,,,0.00,,0,,,,,,,,,,0.4869,2022-04-27T13:48:00+00:00,1277,3122
summary,2022-04-29,QQQ,,,,,,,0.00,,0,,,,,,,,,,0.6070,2022-04-27T13:48:00+00:00,1357,3200
summary,2022-04-29,AAPL,,,,,,,0.00,,0,,,,,,,,,,0.6761,2022-04-29T13:59:00+00:00,1543,3091
summary,2022-04-29,NVDA,,,,,,,0.00,,0,,,,,,,,,,0.7776,2022-04-27T13:44:00+00:00,1328,2872
summary,2022-04-29,MSFT,,,,,,,0.00,,0,,,,,,,,,,0.8621,2022-04-26T22:15:00+00:00,1471,2713
summary,2022-05-02,SPY,,,,,,,0.00,,0,,,,,,,,,,0.7674,2022-04-29T13:59:00+00:00,92,1162
summary,2022-05-02,AAPL,,,,,,,0.00,,0,,,,,,,,,,1.0000,2022-04-29T13:32:00+00:00,114,1141
trade,2022-05-02,NVDA,Long,2022-05-02T14:31:00+00:00,2022-05-02T14:58:00+00:00,191.3923,188.2535,1.36,-4.26,-0.016400,1620000,ScoreExit,0.5464,-0.0518,0.6579,0.3155,0.9711,-0.5339,-0.1639,0.3333,,,
summary,2022-05-02,NVDA,,,,,,,-4.26,,1,,,,,,,,,,1.0000,2022-04-29T13:33:00+00:00,401,1095
trade,2022-05-02,MSFT,Long,2022-05-02T14:28:00+00:00,2022-05-02T15:01:00+00:00,280.8492,279.7311,1.03,-1.15,-0.003981,1980000,ScoreExit,0.3892,-0.0589,0.4977,0.3800,0.3714,-0.5192,-0.1021,0.1807,,,
summary,2022-05-02,MSFT,,,,,,,-1.15,,1,,,,,,,,,,0.6957,2022-04-29T13:33:00+00:00,211,1010
trade,2022-05-03,SPY,Long,2022-05-03T13:51:00+00:00,2022-05-03T15:52:00+00:00,414.3593,417.3698,0.72,2.18,0.007265,7260000,MaxHoldTimeout,0.1722,0.1916,0.0972,0.0305,0.4805,-0.2908,0.0717,0.5923,,,
summary,2022-05-03,SPY,,,,,,,2.18,,1,,,,,,,,,,0.6715,2022-05-02T09:37:00+00:00,933,1509
trade,2022-05-03,QQQ,Long,2022-05-03T13:56:00+00:00,2022-05-03T14:41:00+00:00,317.4982,317.3948,0.95,-0.10,-0.000326,2700000,ScoreExit,0.3299,-0.0553,0.0929,0.2553,0.5580,-0.5530,-0.2048,0.4096,,,
summary,2022-05-03,QQQ,,,,,,,-0.10,,1,,,,,,,,,,0.6470,2022-05-02T19:34:00+00:00,966,1565
trade,2022-05-03,AAPL,Long,2022-05-03T13:56:00+00:00,2022-05-03T15:56:00+00:00,157.2822,159.5471,1.91,4.32,0.014401,7200000,SessionClose,0.2466,0.3195,0.0712,0.1557,0.4869,0.4760,0.1301,0.6460,,,
summary,2022-05-03,AAPL,,,,,,,4.32,,1,,,,,,,,,,0.7407,2022-05-02T19:34:00+00:00,897,1447
trade,2022-05-03,NVDA,Long,2022-05-03T13:56:00+00:00,2022-05-03T14:41:00+00:00,193.6826,194.1867,1.55,0.78,0.002603,2700000,ScoreExit,0.3847,-0.0646,0.2882,0.2499,0.6865,-0.5677,-0.2372,0.4483,,,
summary,2022-05-03,NVDA,,,,,,,0.78,,1,,,,,,,,,,0.8032,2022-05-02T13:43:00+00:00,946,1360
summary,2022-05-03,MSFT,,,,,,,0.00,,0,,,,,,,,,,0.6627,2022-05-02T19:32:00+00:00,706,1134
summary,2022-05-04,SPY,,,,,,,0.00,,0,,,,,,,,,,0.6715,2022-05-02T09:37:00+00:00,1518,2308
summary,2022-05-04,QQQ,,,,,,,0.00,,0,,,,,,,,,,0.6470,2022-05-02T19:34:00+00:00,1491,2390
trade,2022-05-04,AAPL,Long,2022-05-04T13:41:00+00:00,2022-05-04T14:21:00+00:00,160.3971,159.9570,1.87,-0.82,-0.002744,2400000,ScoreExit,0.3705,-0.0555,0.3467,0.4116,0.2964,-0.4181,-0.1606,0.2757,,,
summary,2022-05-04,AAPL,,,,,,,-0.82,,1,,,,,,,,,,0.7407,2022-05-02T19:34:00+00:00,1491,2197
summary,2022-05-04,NVDA,,,,,,,0.00,,0,,,,,,,,,,0.8032,2022-05-02T13:43:00+00:00,1426,2167
summary,2022-05-04,MSFT,,,,,,,0.00,,0,,,,,,,,,,0.6627,2022-05-02T19:32:00+00:00,1010,1677
summary,2022-05-05,NVDA,,,,,,,0.00,,0,,,,,,,,,,1.0000,2022-05-02T13:39:00+00:00,1673,2737
trade,2022-05-06,QQQ,Long,2022-05-06T14:52:00+00:00,2022-05-06T15:56:00+00:00,311.8185,310.2846,0.76,-1.17,-0.004919,3840000,SessionClose,0.3920,0.0000,0.3040,0.5562,0.0931,-0.3477,-0.3117,-0.0855,,,
summary,2022-05-06,QQQ,,,,,,,-1.17,,1,,,,,,,,,,0.8987,2022-05-03T14:00:00+00:00,1313,3045
trade,2022-05-06,AAPL,Long,2022-05-06T14:22:00+00:00,2022-05-06T15:32:00+00:00,158.0424,158.8073,1.90,1.45,0.004840,4200000,ScoreExit,0.4213,-0.0873,0.1175,0.5832,0.1989,-0.2849,-0.1363,0.0765,,,
summary,2022-05-06,AAPL,,,,,,,1.45,,1,,,,,,,,,,0.8946,2022-05-03T14:01:00+00:00,1464,2795
trade,2022-05-06,NVDA,Long,2022-05-06T14:16:00+00:00,2022-05-06T15:33:00+00:00,186.3909,192.3403,1.08,6.42,0.031919,4620000,ScoreExit,0.4997,-0.0690,0.4346,0.6565,0.2079,-0.5635,-0.0260,0.0098,,,
summary,2022-05-06,NVDA,,,,,,,6.42,,1,,,,,,,,,,0.9199,2022-05-03T14:00:00+00:00,1135,2753
summary,2022-05-06,MSFT,,,,,,,0.00,,0,,,,,,,,,,0.7239,2022-05-03T14:01:00+00:00,642,2199
summary,2022-05-09,SPY,,,,,,,0.00,,0,,,,,,,,,,0.9580,2022-05-06T14:54:00+00:00,267,1201
summary,2022-05-09,QQQ,,,,,,,0.00,,0,,,,,,,,,,0.9597,2022-05-06T14:54:00+00:00,184,1199
summary,2022-05-09,AAPL,,,,,,,0.00,,0,,,,,,,,,,0.9548,2022-05-06T14:58:00+00:00,233,1183
summary,2022-05-09,NVDA,,,,,,,0.00,,0,,,,,,,,,,0.9702,2022-05-06T14:49:00+00:00,375,1125
summary,2022-05-09,MSFT,,,,,,,0.00,,0,,,,,,,,,,0.9593,2022-05-06T14:54:00+00:00,194,1036
summary,2022-05-10,SPY,,,,,,,0.00,,0,,,,,,,,,,0.5897,2022-05-10T17:49:00+00:00,535,1613
trade,2022-05-10,AAPL,Long,2022-05-10T14:10:00+00:00,2022-05-10T14:46:00+00:00,155.9818,155.0585,1.92,-1.78,-0.005919,2160000,ScoreExit,0.1874,-0.0653,-0.1102,0.0781,0.5051,0.0361,-0.3675,0.5051,,,
summary,2022-05-10,AAPL,,,,,,,-1.78,,1,,,,,,,,,,0.6619,2022-05-10T17:49:00+00:00,611,1559
trade,2022-05-10,NVDA,Long,2022-05-10T13:56:00+00:00,2022-05-10T14:46:00+00:00,175.0575,176.0822,1.58,1.61,0.005853,3000000,ScoreExit,0.4553,-0.1942,0.5805,0.2728,0.7786,-0.5181,-0.4331,0.3917,,,
summary,2022-05-10,NVDA,,,,,,,1.61,,1,,,,,,,,,,0.7761,2022-05-10T18:03:00+00:00,664,1511
trade,2022-05-10,MSFT,Long,2022-05-10T13:56:00+00:00,2022-05-10T14:46:00+00:00,271.0263,269.7441,1.11,-1.42,-0.004731,3000000,ScoreExit,0.3566,-0.2110,0.3974,0.1704,0.7154,-0.5023,-0.4394,0.3430,,,
summary,2022-05-10,MSFT,,,,,,,-1.42,,1,,,,,,,,,,0.6822,2022-05-10T17:47:00+00:00,540,1314
trade,2022-05-11,SPY,Long,2022-05-11T13:49:00+00:00,2022-05-11T14:52:00+00:00,402.3957,401.6545,0.59,-0.44,-0.001842,3780000,ScoreExit,0.4788,-0.0587,0.6158,0.5122,0.3664,-0.5352,-0.1533,0.2891,,,
summary,2022-05-11,SPY,,,,,,,-0.44,,1,,,,,,,,,,0.5897,2022-05-10T17:49:00+00:00,845,2496
trade,2022-05-11,QQQ,Long,2022-05-11T13:49:00+00:00,2022-05-11T14:48:00+00:00,302.6858,300.9097,0.75,-1.34,-0.005868,3540000,ScoreExit,0.5214,-0.0586,0.6506,0.5566,0.4081,-0.3821,-0.1237,0.1795,,,
summary,2022-05-11,QQQ,,,,,,,-1.34,,1,,,,,,,,,,0.6369,2022-05-10T17:49:00+00:00,919,2562
summary,2022-05-11,AAPL,,,,,,,0.00,,0,,,,,,,,,,0.6619,2022-05-10T17:49:00+00:00,914,2368
trade,2022-05-11,NVDA,Long,2022-05-11T13:49:00+00:00,2022-05-11T14:07:00+00:00,176.0928,173.0531,1.18,-3.60,-0.017262,1080000,ScoreExit,0.5303,-0.0532,0.7377,0.6027,0.3163,-0.3873,-0.0617,0.0752,,,
trade,2022-05-11,NVDA,Long,2022-05-11T14:25:00+00:00,2022-05-11T14:51:00+00:00,176.2379,175.1624,1.06,-1.14,-0.006102,1560000,ScoreExit,0.4588,-0.0519,0.4859,0.4961,0.3752,-0.4903,-0.1429,0.2763,,,
summary,2022-05-11,NVDA,,,,,,,-4.74,,2,,,,,,,,,,0.7761,2022-05-10T18:03:00+00:00,986,2290
summary,2022-05-12,SPY,,,,,,,0.00,,0,,,,,,,,,,0.5578,2022-05-09T13:38:00+00:00,870,3105
trade,2022-05-12,QQQ,Long,2022-05-12T14:19:00+00:00,2022-05-12T15:51:00+00:00,290.6322,290.3022,0.90,-0.30,-0.001135,5520000,MaxHoldTimeout,0.3547,0.0000,-0.0604,0.5371,0.1285,-0.5564,-0.4428,-0.1984,,,
summary,2022-05-12,QQQ,,,,,,,-0.30,,1,,,,,,,,,,0.8767,2022-05-09T13:38:00+00:00,1043,3179
trade,2022-05-12,AAPL,Long,2022-05-12T14:21:00+00:00,2022-05-12T15:37:00+00:00,144.2783,143.9018,2.08,-0.78,-0.002609,4560000,MaxHoldTimeout,0.4981,0.0000,0.5040,0.7159,0.0604,-0.5422,-0.2413,-0.1561,,,
summary,2022-05-12,AAPL,,,,,,,-0.78,,1,,,,,,,,,,0.6730,2022-05-10T17:49:00+00:00,922,2997
trade,2022-05-13,QQQ,Long,2022-05-13T13:48:00+00:00,2022-05-13T15:49:00+00:00,297.2541,300.7048,1.01,3.49,0.011608,7260000,MaxHoldTimeout,0.2725,0.2260,0.3111,0.1533,0.4982,-0.1166,0.1026,0.5868,,,
summary,2022-05-13,QQQ,,,,,,,3.49,,1,,,,,,,,,,0.8978,2022-05-10T14:04:00+00:00,1308,3179
summary,2022-05-13,MSFT,,,,,,,0.00,,0,,,,,,,,,,0.8952,2022-05-10T14:03:00+00:00,730,2492
trade,2022-05-16,QQQ,Long,2022-05-16T14:30:00+00:00,2022-05-16T15:46:00+00:00,301.4954,299.2752,1.00,-2.21,-0.007364,4560000,MaxHoldTimeout,0.3756,0.2834,0.4920,0.3496,0.3889,0.5319,0.3384,0.0905,,,
summary,2022-05-16,QQQ,,,,,,,-2.21,,1,,,,,,,,,,0.9556,2022-05-13T14:54:00+00:00,760,1167
summary,2022-05-16,AAPL,,,,,,,0.00,,0,,,,,,,,,,0.9577,2022-05-13T14:54:00+00:00,729,1115
trade,2022-05-16,NVDA,Long,2022-05-16T13:53:00+00:00,2022-05-16T14:46:00+00:00,176.1078,174.9025,1.62,-1.95,-0.006844,3180000,ScoreExit,0.4530,-0.0924,0.6247,0.2588,0.7841,-0.5140,-0.1643,0.1919,,,
summary,2022-05-16,NVDA,,,,,,,-1.95,,1,,,,,,,,,,0.9669,2022-05-13T13:46:00+00:00,828,1073
summary,2022-05-16,MSFT,,,,,,,0.00,,0,,,,,,,,,,0.9032,2022-05-13T13:53:00+00:00,598,957
summary,2022-05-17,SPY,,,,,,,0.00,,0,,,,,,,,,,0.5802,2022-05-16T17:28:00+00:00,987,1521
summary,2022-05-17,AAPL,,,,,,,0.00,,0,,,,,,,,,,0.8292,2022-05-16T09:15:00+00:00,978,1469
summary,2022-05-17,NVDA,,,,,,,0.00,,0,,,,,,,,,,0.8432,2022-05-16T09:05:00+00:00,823,1343
summary,2022-05-17,MSFT,,,,,,,0.00,,0,,,,,,,,,,0.8647,2022-05-16T09:04:00+00:00,851,1156
summary,2022-05-18,SPY,,,,,,,0.00,,0,,,,,,,,,,0.5802,2022-05-16T17:28:00+00:00,1221,2371
summary,2022-05-18,QQQ,,,,,,,0.00,,0,,,,,,,,,,0.6084,2022-05-16T09:00:00+00:00,1151,2438
summary,2022-05-18,AAPL,,,,,,,0.00,,0,,,,,,,,,,0.8292,2022-05-16T09:15:00+00:00,1200,2259
trade,2022-05-18,NVDA,Long,2022-05-18T14:05:00+00:00,2022-05-18T15:01:00+00:00,179.5689,179.6996,1.67,0.22,0.000728,3360000,ScoreExit,0.4123,-0.0961,0.3489,0.5076,0.2428,0.1451,-0.2311,0.0935,,,
summary,2022-05-18,NVDA,,,,,,,0.22,,1,,,,,,,,,,0.8432,2022-05-16T09:05:00+00:00,1087,2117
summary,2022-05-18,MSFT,,,,,,,0.00,,0,,,,,,,,,,0.8647,2022-05-16T09:04:00+00:00,973,1777
summary,2022-05-19,SPY,,,,,,,0.00,,0,,,,,,,,,,0.8046,2022-05-16T14:29:00+00:00,1069,3038
summary,2022-05-19,NVDA,,,,,,,0.00,,0,,,,,,,,,,1.0000,2022-05-16T13:39:00+00:00,1344,2774
summary,2022-05-19,MSFT,,,,,,,0.00,,0,,,,,,,,,,0.7618,2022-05-16T14:29:00+00:00,1130,2393
summary,2022-05-20,QQQ,,,,,,,0.00,,0,,,,,,,,,,0.6126,2022-05-17T19:04:00+00:00,790,3062
summary,2022-05-20,NVDA,,,,,,,0.00,,0,,,,,,,,,,1.0000,2022-05-17T13:33:00+00:00,1042,2792
trade,2022-05-23,SPY,Long,2022-05-23T13:41:00+00:00,2022-05-23T15:42:00+00:00,392.1726,396.7259,0.76,3.48,0.011611,7260000,MaxHoldTimeout,0.2216,0.3726,-0.0426,0.0834,0.5860,0.3756,0.1981,0.7207,,,
summary,2022-05-23,SPY,,,,,,,3.48,,1,,,,,,,,,,0.6898,2022-05-20T19:58:00+00:00,752,1174
trade,2022-05-23,QQQ,Long,2022-05-23T13:41:00+00:00,2022-05-23T14:01:00+00:00,289.3118,288.1085,1.04,-1.25,-0.004159,1200000,ScoreExit,0.3221,-0.0833,0.1230,0.2226,0.5872,-0.6095,-0.3440,0.6134,,,
trade,2022-05-23,QQQ,Long,2022-05-23T14:17:00+00:00,2022-05-23T15:56:00+00:00,288.7416,292.1873,1.04,3.58,0.011934,5940000,SessionClose,0.2282,0.3491,0.0825,0.0598,0.6134,0.3558,0.1551,0.7349,,,
summary,2022-05-23,QQQ,,,,,,,2.33,,2,,,,,,,,,,0.7325,2022-05-20T19:58:00+00:00,785,1200
trade,2022-05-23,AAPL,Long,2022-05-23T13:31:00+00:00,2022-05-23T15:32:00+00:00,138.6666,141.1376,2.16,5.35,0.017820,7260000,MaxHoldTimeout,0.5433,0.5241,0.5676,0.3796,0.8626,0.0062,0.3849,0.9752,,,
summary,2022-05-23,AAPL,,,,,,,5.35,,1,,,,,,,,,,0.9332,2022-05-20T13:43:00+00:00,811,1162
trade,2022-05-23,NVDA,Long,2022-05-23T13:42:00+00:00,2022-05-23T14:42:00+00:00,165.0045,163.9658,1.82,-1.89,-0.006295,3600000,ScoreExit,0.5536,-0.0601,0.5682,0.4330,0.7899,-0.3600,-0.2315,0.3825,,,
summary,2022-05-23,NVDA,,,,,,,-1.89,,1,,,,,,,,,,0.8219,2022-05-20T19:55:00+00:00,655,1114
summary,2022-05-24,SPY,,,,,,,0.00,,0,,,,,,,,,,0.5997,2022-05-23T15:03:00+00:00,651,1579
summary,2022-05-24,QQQ,,,,,,,0.00,,0,,,,,,,,,,0.6213,2022-05-23T15:33:00+00:00,564,1629
summary,2022-05-24,NVDA,,,,,,,0.00,,0,,,,,,,,,,0.7576,2022-05-23T13:47:00+00:00,628,1408
summary,2022-05-24,MSFT,,,,,,,0.00,,0,,,,,,,,,,0.8091,2022-05-23T09:37:00+00:00,734,1215
trade,2022-05-25,NVDA,Long,2022-05-25T13:34:00+00:00,2022-05-25T14:50:00+00:00,165.2045,164.7356,1.81,-0.85,-0.002839,4560000,MaxHoldTimeout,0.6475,0.0103,0.7549,0.6972,0.5124,-0.5570,-0.1816,0.5833,,,
summary,2022-05-25,NVDA,,,,,,,-0.85,,1,,,,,,,,,,0.7576,2022-05-23T13:47:00+00:00,1110,2229
trade,2022-05-26,SPY,Long,2022-05-26T13:33:00+00:00,2022-05-26T15:34:00+00:00,399.4648,403.8838,0.75,3.32,0.011062,7260000,MaxHoldTimeout,0.3660,-0.0081,0.4030,0.3125,0.4608,-0.5328,-0.1554,0.4616,,,
summary,2022-05-26,SPY,,,,,,,3.32,,1,,,,,,,,,,0.9568,2022-05-23T15:03:00+00:00,1804,3025
trade,2022-05-27,SPY,Long,2022-05-27T14:15:00+00:00,2022-05-27T15:56:00+00:00,411.6585,412.3912,0.73,0.53,0.001780,6060000,SessionClose,0.4052,0.3842,0.3901,0.3663,0.4880,0.3155,0.3143,0.5467,,,
summary,2022-05-27,SPY,,,,,,,0.53,,1,,,,,,,,,,0.7075,2022-05-24T16:14:00+00:00,2380,2955
trade,2022-05-27,AAPL,Long,2022-05-27T14:04:00+00:00,2022-05-27T15:56:00+00:00,147.7593,148.5304,2.04,1.57,0.005219,6720000,SessionClose,0.4906,0.3967,0.5445,0.4621,0.5297,0.1400,0.3434,0.5886,,,
summary,2022-05-27,AAPL,,,,,,,1.57,,1,,,,,,,,,,0.7465,2022-05-24T16:14:00+00:00,1939,2923
summary,2022-05-27,MSFT,,,,,,,0.00,,0,,,,,,,,,,1.0000,2022-05-24T13:32:00+00:00,1773,2261
summary,2022-05-30,SPY,,,,,,,0.00,,0,,,,,,,,,,0.7939,2022-05-27T14:23:00+00:00,475,504
summary,2022-05-30,MSFT,,,,,,,0.00,,0,,,,,,,,,,1.0000,2022-05-27T13:36:00+00:00,366,467
trade,2022-05-31,SPY,Long,2022-05-31T14:41:00+00:00,2022-05-31T15:11:00+00:00,412.8188,412.0813,0.73,-0.54,-0.001786,1800000,ScoreExit,0.3777,-0.1011,0.4518,0.3343,0.4400,-0.4769,-0.1453,0.1126,,,
summary,2022-05-31,SPY,,,,,,,-0.54,,1,,,,,,,,,,0.6233,2022-05-31T16:02:00+00:00,344,709
trade,2022-05-31,QQQ,Long,2022-05-31T14:44:00+00:00,2022-05-31T15:16:00+00:00,307.9774,306.9929,0.97,-0.96,-0.003197,1920000,ScoreExit,0.5107,-0.0528,0.4827,0.3846,0.7721,-0.2557,-0.1078,0.1248,,,
summary,2022-05-31,QQQ,,,,,,,-0.96,,1,,,,,,,,,,0.6714,2022-05-31T08:27:00+00:00,405,711
trade,2022-05-31,AAPL,Long,2022-05-31T14:55:00+00:00,2022-05-31T15:56:00+00:00,148.7296,149.9322,2.02,2.43,0.008086,3660000,SessionClose,0.3700,0.5912,0.4502,0.3414,0.4006,0.5736,0.3897,1.0000,,,
summary,2022-05-31,AAPL,,,,,,,2.43,,1,,,,,,,,,,0.6855,2022-05-31T16:03:00+00:00,347,673
trade,2022-05-31,NVDA,Long,2022-05-31T14:26:00+00:00,2022-05-31T15:13:00+00:00,187.2512,187.1488,1.60,-0.16,-0.000546,2820000,ScoreExit,0.4642,-0.1191,0.5905,0.2431,0.8644,-0.5301,-0.1539,0.0875,,,
summary,2022-05-31,NVDA,,,,,,,-0.16,,1,,,,,,,,,,0.7443,2022-05-31T08:42:00+00:00,327,653
summary,2022-05-31,MSFT,,,,,,,0.00,,0,,,,,,,,,,0.7574,2022-05-31T08:31:00+00:00,323,559
summary,2022-06-01,QQQ,,,,,,,0.00,,0,,,,,,,,,,0.6714,2022-05-31T08:27:00+00:00,897,1581
summary,2022-06-01,AAPL,,,,,,,0.00,,0,,,,,,,,,,0.6855,2022-05-31T16:03:00+00:00,809,1458
trade,2022-06-01,NVDA,Long,2022-06-01T14:59:00+00:00,2022-06-01T15:56:00+00:00,187.9714,183.7898,1.59,-6.67,-0.022246,3420000,SessionClose,0.1658,0.0000,0.1632,0.0361,0.4262,-0.4176,-0.4873,-0.3452,,,
summary,2022-06-01,NVDA,,,,,,,-6.67,,1,,,,,,,,,,0.7443,2022-05-31T08:42:00+00:00,628,1413
summary,2022-06-01,MSFT,,,,,,,0.00,,0,,,,,,,,,,0.7574,2022-05-31T08:31:00+00:00,660,1164
summary,2022-06-02,SPY,,,,,,,0.00,,0,,,,,,,,,,0.6233,2022-05-31T16:02:00+00:00,1171,2413
summary,2022-06-03,SPY,,,,,,,0.00,,0,,,,,,,,,,0.8838,2022-05-31T15:03:00+00:00,1285,2939
summary,2022-06-03,NVDA,,,,,,,0.00,,0,,,,,,,,,,0.9564,2022-05-31T14:46:00+00:00,1162,2706
trade,2022-06-06,SPY,Long,2022-06-06T13:56:00+00:00,2022-06-06T15:09:00+00:00,414.6978,415.6403,0.72,0.68,0.002273,4380000,ScoreExit,0.3183,-0.0566,0.2525,0.2324,0.5121,-0.5032,-0.2358,0.4507,,,
summary,2022-06-06,SPY,,,,,,,0.68,,1,,,,,,,,,,0.6374,2022-06-06T08:11:00+00:00,529,1136
trade,2022-06-06,QQQ,Long,2022-06-06T13:56:00+00:00,2022-06-06T15:06:00+00:00,310.3181,311.3516,0.97,1.00,0.003330,4200000,ScoreExit,0.3305,-0.0791,0.3223,0.2139,0.5665,-0.3822,-0.3096,0.4829,,,
summary,2022-06-06,QQQ,,,,,,,1.00,,1,,,,,,,,,,0.7931,2022-06-03T14:01:00+00:00,484,1174
trade,2022-06-06,AAPL,Long,2022-06-06T13:32:00+00:00,2022-06-06T15:06:00+00:00,147.8393,147.9106,2.03,0.14,0.000482,5640000,ScoreExit,0.4614,-0.1064,0.4691,0.3772,0.6272,-0.5008,-0.3251,0.4623,,,
summary,2022-06-06,AAPL,,,,,,,0.14,,1,,,,,,,,,,0.8243,2022-06-03T14:00:00+00:00,429,1135
trade,2022-06-06,MSFT,Long,2022-06-06T13:35:00+00:00,2022-06-06T14:57:00+00:00,273.3470,273.2430,1.10,-0.11,-0.000380,4920000,MaxHoldTimeout,0.3531,0.2258,0.2794,0.2622,0.5594,-0.3892,0.1526,0.5771,,,
trade,2022-06-06,MSFT,Long,2022-06-06T14:59:00+00:00,2022-06-06T15:06:00+00:00,273.5420,273.4729,1.10,-0.08,-0.000253,420000,ScoreExit,0.2660,-0.0729,0.0132,0.1526,0.5771,-0.3682,-0.2713,0.4222,,,
summary,2022-06-06,MSFT,,,,,,,-0.19,,2,,,,,,,,,,1.0000,2022-06-03T13:32:00+00:00,268,951
trade,2022-06-07,AAPL,Long,2022-06-07T13:43:00+00:00,2022-06-07T15:30:00+00:00,145.9288,146.9209,2.06,2.04,0.006799,6420000,ScoreExit,0.4133,-0.0573,0.2841,0.5312,0.2203,-0.5426,-0.2863,0.5623,,,
summary,2022-06-07,AAPL,,,,,,,2.04,,1,,,,,,,,,,0.5504,2022-06-06T14:14:00+00:00,569,1432
trade,2022-06-07,NVDA,Long,2022-06-07T14:46:00+00:00,2022-06-07T15:20:00+00:00,188.3215,187.5837,1.59,-1.18,-0.003918,2040000,ScoreExit,0.5180,-0.0586,0.5904,0.5876,0.3546,-0.4436,-0.0617,0.0761,,,
summary,2022-06-07,NVDA,,,,,,,-1.18,,1,,,,,,,,,,0.8245,2022-06-06T08:44:00+00:00,462,1294
trade,2022-06-07,MSFT,Long,2022-06-07T14:02:00+00:00,2022-06-07T15:48:00+00:00,269.1357,270.0640,1.12,1.03,0.003449,6360000,ScoreExit,0.3984,-0.0869,0.3963,0.4299,0.3363,-0.4527,-0.2851,0.4312,,,
summary,2022-06-07,MSFT,,,,,,,1.03,,1,,,,,,,,,,0.5678,2022-06-06T08:11:00+00:00,460,1113
summary,2022-06-08,SPY,,,,,,,0.00,,0,,,,,,,,,,0.4613,2022-06-06T14:03:00+00:00,870,2306
trade,2022-06-08,AAPL,Long,2022-06-08T13:31:00+00:00,2022-06-08T14:13:00+00:00,148.5696,149.3902,2.02,1.66,0.005523,2520000,ScoreExit,0.3817,-0.0546,0.3209,0.3964,0.3727,-0.2152,-0.1945,0.2789,,,
summary,2022-06-08,AAPL,,,,,,,1.66,,1,,,,,,,,,,0.5504,2022-06-06T14:14:00+00:00,1061,2185
trade,2022-06-08,NVDA,Long,2022-06-08T13:37:00+00:00,2022-06-08T14:56:00+00:00,188.7325,190.1679,1.59,2.28,0.007606,4740000,ScoreExit,0.3809,-0.0800,0.4652,0.3650,0.3848,-0.3882,-0.2192,0.3011,,,
summary,2022-06-08,NVDA,,,,,,,2.28,,1,,,,,,,,,,0.8245,2022-06-06T08:44:00+00:00,748,1991
summary,2022-06-08,MSFT,,,,,,,0.00,,0,,,,,,,,,,0.5678,2022-06-06T08:11:00+00:00,735,1652
summary,2022-06-09,SPY,,,,,,,0.00,,0,,,,,,,,,,0.7226,2022-06-06T14:49:00+00:00,838,2857
summary,2022-06-09,QQQ,,,,,,,0.00,,0,,,,,,,,,,0.8761,2022-06-06T14:06:00+00:00,875,2886
trade,2022-06-09,NVDA,Long,2022-06-09T13:56:00+00:00,2022-06-09T14:47:00+00:00,187.3412,187.7687,1.60,0.68,0.002282,3060000,ScoreExit,0.3695,-0.0530,0.1300,0.5414,0.1056,-0.5688,-0.0420,0.0968,,,
summary,2022-06-09,NVDA,,,,,,,0.68,,1,,,,,,,,,,0.9001,2022-06-06T14:03:00+00:00,740,2483
summary,2022-06-10,SPY,,,,,,,0.00,,0,,,,,,,,,,0.9561,2022-06-07T14:42:00+00:00,936,2917
summary,2022-06-10,QQQ,,,,,,,0.00,,0,,,,,,,,,,0.9569,2022-06-07T14:42:00+00:00,1183,2929
summary,2022-06-10,AAPL,,,,,,,0.00,,0,,,,,,,,,,1.0000,2022-06-07T13:35:00+00:00,1148,2692
summary,2022-06-10,NVDA,,,,,,,0.00,,0,,,,,,,,,,1.0000,2022-06-07T13:37:00+00:00,869,2487
summary,2022-06-10,MSFT,,,,,,,0.00,,0,,,,,,,,,,1.0000,2022-06-07T13:40:00+00:00,920,2050
summary,2022-06-13,SPY,,,,,,,0.00,,0,,,,,,,,,,0.4950,2022-06-10T18:58:00+00:00,130,1209
summary,2022-06-13,AAPL,,,,,,,0.00,,0,,,,,,,,,,0.6075,2022-06-10T13:31:00+00:00,340,1187
summary,2022-06-13,NVDA,,,,,,,0.00,,0,,,,,,,,,,0.9463,2022-06-10T13:45:00+00:00,269,1151
summary,2022-06-14,SPY,,,,,,,0.00,,0,,,,,,,,,,0.5827,2022-06-13T16:38:00+00:00,430,1621
summary,2022-06-14,QQQ,,,,,,,0.00,,0,,,,,,,,,,0.6188,2022-06-13T16:38:00+00:00,535,1638
summary,2022-06-14,AAPL,,,,,,,0.00,,0,,,,,,,,,,0.6246,2022-06-13T13:59:00+00:00,748,1530
summary,2022-06-14,NVDA,,,,,,,0.00,,0,,,,,,,,,,0.8562,2022-06-13T08:08:00+00:00,606,1456
summary,2022-06-15,SPY,,,,,,,0.00,,0,,,,,,,,,,0.5827,2022-06-13T16:38:00+00:00,850,2506
trade,2022-06-15,QQQ,Long,2022-06-15T13:41:00+00:00,2022-06-15T14:31:00+00:00,280.1499,279.9710,1.07,-0.19,-0.000639,3000000,ScoreExit,0.3675,-0.0950,0.4309,0.3618,0.3577,-0.5296,-0.2337,0.3273,,,
summary,2022-06-15,QQQ,,,,,,,-0.19,,1,,,,,,,,,,0.6188,2022-06-13T16:38:00+00:00,1130,2519
summary,2022-06-15,AAPL,,,,,,,0.00,,0,,,,,,,,,,0.6246,2022-06-13T13:59:00+00:00,1378,2328
trade,2022-06-15,NVDA,Long,2022-06-15T14:46:00+00:00,2022-06-15T15:56:00+00:00,160.8435,162.4506,1.86,2.99,0.009992,4200000,SessionClose,0.1359,0.3644,-0.3721,0.0297,0.5175,0.3368,0.2615,0.5794,,,
summary,2022-06-15,NVDA,,,,,,,2.99,,1,,,,,,,,,,0.8562,2022-06-13T08:08:00+00:00,1255,2181
summary,2022-06-15,MSFT,,,,,,,0.00,,0,,,,,,,,,,0.6005,2022-06-15T18:44:00+00:00,1098,1867
summary,2022-06-16,SPY,,,,,,,0.00,,0,,,,,,,,,,0.5829,2022-06-13T16:38:00+00:00,1128,3122
summary,2022-06-16,QQQ,,,,,,,0.00,,0,,,,,,,,,,0.8271,2022-06-13T13:37:00+00:00,1205,3149
summary,2022-06-16,AAPL,,,,,,,0.00,,0,,,,,,,,,,0.9230,2022-06-13T13:43:00+00:00,1366,2923
summary,2022-06-16,MSFT,,,,,,,0.00,,0,,,,,,,,,,1.0000,2022-06-13T13:36:00+00:00,1099,2352
summary,2022-06-17,QQQ,,,,,,,0.00,,0,,,,,,,,,,0.9007,2022-06-14T14:02:00+00:00,1195,3140
summary,2022-06-17,NVDA,,,,,,,0.00,,0,,,,,,,,,,0.9103,2022-06-14T14:02:00+00:00,1340,2710
trade,2022-06-17,MSFT,Long,2022-06-17T13:41:00+00:00,2022-06-17T14:57:00+00:00,247.6694,245.2914,1.21,-2.88,-0.009601,4560000,MaxHoldTimeout,0.3571,0.0000,0.3519,0.3926,0.2877,0.5289,-0.2602,-0.1877,,,
summary,2022-06-17,MSFT,,,,,,,-2.88,,1,,,,,,,,,,0.7122,2022-06-14T14:49:00+00:00,1296,2332
summary,2022-06-20,SPY,,,,,,,0.00,,0,,,,,,,,,,0.9873,2022-06-17T13:41:00+00:00,304,508
summary,2022-06-20,QQQ,,,,,,,0.00,,0,,,,,,,,,,1.0000,2022-06-17T13:41:00+00:00,402,495
summary,2022-06-20,AAPL,,,,,,,0.00,,0,,,,,,,,,,1.0000,2022-06-17T13:33:00+00:00,388,503
summary,2022-06-20,NVDA,,,,,,,0.00,,0,,,,,,,,,,1.0000,2022-06-17T13:32:00+00:00,330,453
summary,2022-06-20,MSFT,,,,,,,0.00,,0,,,,,,,,,,1.0000,2022-06-17T13:32:00+00:00,359,445
trade,2022-06-21,AAPL,Long,2022-06-21T13:33:00+00:00,2022-06-21T15:34:00+00:00,134.1052,136.5690,2.24,5.51,0.018372,7260000,MaxHoldTimeout,0.5132,0.2761,0.5205,0.4831,0.5708,-0.0666,-0.0288,1.0000,,,
summary,2022-06-21,AAPL,,,,,,,5.51,,1,,,,,,,,,,0.7560,2022-06-21T08:02:00+00:00,315,659
summary,2022-06-21,NVDA,,,,,,,0.00,,0,,,,,,,,,,0.7859,2022-06-21T14:00:00+00:00,357,625
trade,2022-06-21,MSFT,Long,2022-06-21T13:34:00+00:00,2022-06-21T15:35:00+00:00,251.6405,253.8788,1.19,2.67,0.008895,7260000,MaxHoldTimeout,0.5877,0.2775,0.5829,0.3824,1.0000,0.4008,0.0027,0.7860,,,
summary,2022-06-21,MSFT,,,,,,,2.67,,1,,,,,,,,,,0.8100,2022-06-21T08:00:00+00:00,306,532
trade,2022-06-22,SPY,Long,2022-06-22T14:09:00+00:00,2022-06-22T15:48:00+00:00,374.0072,375.4723,0.80,1.18,0.003917,5940000,ScoreExit,0.3951,-0.0502,0.3728,0.3851,0.4227,-0.4800,-0.2079,0.4084,,,
summary,2022-06-22,SPY,,,,,,,1.18,,1,,,,,,,,,,0.6103,2022-06-21T14:04:00+00:00,815,1587
trade,2022-06-22,QQQ,Long,2022-06-22T13:50:00+00:00,2022-06-22T15:42:00+00:00,280.1490,283.2800,1.07,3.36,0.011176,6720000,ScoreExit,0.3537,-0.0592,0.2827,0.4021,0.2807,-0.5339,-0.2888,0.5582,,,
summary,2022-06-22,QQQ,,,,,,,3.36,,1,,,,,,,,,,0.6665,2022-06-21T14:04:00+00:00,692,1585
trade,2022-06-22,AAPL,Long,2022-06-22T13:51:00+00:00,2022-06-22T15:41:00+00:00,134.6054,136.5640,2.23,4.37,0.014551,6600000,ScoreExit,0.3603,-0.0843,-0.1457,0.5049,0.2398,-0.3854,-0.3272,0.5018,,,
summary,2022-06-22,AAPL,,,,,,,4.37,,1,,,,,,,,,,0.7560,2022-06-21T08:02:00+00:00,742,1485
trade,2022-06-22,NVDA,Long,2022-06-22T13:31:00+00:00,2022-06-22T14:49:00+00:00,162.5138,164.7456,1.85,4.13,0.013733,4680000,ScoreExit,0.4055,-0.0522,0.2270,0.5145,0.2470,-0.5925,-0.1038,0.2311,,,
summary,2022-06-22,NVDA,,,,,,,4.13,,1,,,,,,,,,,0.7859,2022-06-21T14:00:00+00:00,666,1341
trade,2022-06-23,QQQ,Long,2022-06-23T14:43:00+00:00,2022-06-23T15:32:00+00:00,284.4203,283.7531,1.06,-0.70,-0.002346,2940000,ScoreExit,0.3903,-0.0696,0.4946,0.3946,0.3468,-0.5624,-0.1353,0.2262,,,
summary,2022-06-23,QQQ,,,,,,,-0.70,,1,,,,,,,,,,0.6665,2022-06-21T14:04:00+00:00,1165,2493
summary,2022-06-23,NVDA,,,,,,,0.00,,0,,,,,,,,,,0.7859,2022-06-21T14:00:00+00:00,791,2091
summary,2022-06-24,SPY,,,,,,,0.00,,0,,,,,,,,,,0.9464,2022-06-21T14:55:00+00:00,1839,3075
trade,2022-06-24,NVDA,Long,2022-06-24T13:41:00+00:00,2022-06-24T15:16:00+00:00,165.2195,168.4045,1.82,5.79,0.019277,5700000,ScoreExit,0.4050,-0.0759,0.3976,0.4104,0.3965,-0.5868,-0.3243,0.5912,,,
summary,2022-06-24,NVDA,,,,,,,5.79,,1,,,,,,,,,,1.0000,2022-06-21T13:34:00+00:00,1168,2572
summary,2022-06-24,MSFT,,,,,,,0.00,,0,,,,,,,,,,1.0000,2022-06-21T13:33:00+00:00,1573,2170
summary,2022-06-27,MSFT,,,,,,,0.00,,0,,,,,,,,,,1.0000,2022-06-24T13:32:00+00:00,415,1008
trade,2022-06-28,SPY,Long,2022-06-28T13:31:00+00:00,2022-06-28T14:02:00+00:00,390.9823,391.8974,0.77,0.70,0.002341,1860000,ScoreExit,0.4310,-0.0654,0.5528,0.4131,0.4260,-0.2620,-0.1966,0.2626,,,
summary,2022-06-28,SPY,,,,,,,0.70,,1,,,,,,,,,,0.4927,2022-06-27T15:24:00+00:00,488,1509
trade,2022-06-28,QQQ,Long,2022-06-28T13:34:00+00:00,2022-06-28T14:01:00+00:00,295.0835,294.0167,1.02,-1.08,-0.003615,1620000,ScoreExit,0.3968,-0.1322,0.4857,0.4091,0.3425,-0.1052,-0.2841,0.1627,,,
summary,2022-06-28,QQQ,,,,,,,-1.08,,1,,,,,,,,,,0.5150,2022-06-27T08:07:00+00:00,402,1534
trade,2022-06-28,AAPL,Long,2022-06-28T13:34:00+00:00,2022-06-28T14:01:00+00:00,143.1782,142.3223,2.10,-1.79,-0.005978,1620000,ScoreExit,0.4418,-0.1774,0.5215,0.4589,0.3809,-0.3899,-0.3070,0.1526,,,
summary,2022-06-28,AAPL,,,,,,,-1.79,,1,,,,,,,,,,0.5183,2022-06-27T15:59:00+00:00,477,1384
trade,2022-06-28,NVDA,Long,2022-06-28T13:41:00+00:00,2022-06-28T13:56:00+00:00,171.0450,169.7441,1.76,-2.28,-0.007606,900000,ScoreExit,0.4310,-0.1487,0.2656,0.5486,0.2508,-0.5745,-0.2267,0.1492,,,
summary,2022-06-28,NVDA,,,,,,,-2.28,,1,,,,,,,,,,0.8712,2022-06-27T08:08:00+00:00,423,1212
summary,2022-06-28,MSFT,,,,,,,0.00,,0,,,,,,,,,,0.4175,2022-06-27T08:14:00+00:00,144,1053
trade,2022-06-29,AAPL,Long,2022-06-29T14:01:00+00:00,2022-06-29T15:16:00+00:00,139.2168,139.7930,2.15,1.24,0.004140,4500000,ScoreExit,0.4115,-0.0706,0.0550,0.5958,0.1617,-0.3565,-0.1412,0.1658,,,
summary,2022-06-29,AAPL,,,,,,,1.24,,1,,,,,,,,,,0.5183,2022-06-27T15:59:00+00:00,722,2164
trade,2022-06-29,MSFT,Long,2022-06-29T14:01:00+00:00,2022-06-29T15:02:00+00:00,260.0830,260.6768,1.15,0.69,0.002283,3660000,ScoreExit,0.4094,-0.0521,0.0582,0.6058,0.1338,-0.5290,-0.0695,0.1417,,,
summary,2022-06-29,MSFT,,,,,,,0.69,,1,,,,,,,,,,0.5083,2022-06-29T14:03:00+00:00,388,1616
summary,2022-06-30,SPY,,,,,,,0.00,,0,,,,,,,,,,0.8860,2022-06-27T14:57:00+00:00,544,2944
summary,2022-06-30,AAPL,,,,,,,0.00,,0,,,,,,,,,,0.8555,2022-06-27T14:57:00+00:00,551,2678
summary,2022-06-30,NVDA,,,,,,,0.00,,0,,,,,,,,,,0.9576,2022-06-27T14:50:00+00:00,421,2533
summary,2022-06-30,MSFT,,,,,,,0.00,,0,,,,,,,,,,0.7829,2022-06-27T14:56:00+00:00,513,2074
trade,2022-07-01,AAPL,Long,2022-07-01T13:51:00+00:00,2022-07-01T15:07:00+00:00,137.4862,136.5839,2.18,-1.97,-0.006563,4560000,MaxHoldTimeout,0.3540,0.0000,0.2920,0.5070,0.0687,0.3623,0.1890,-0.1584,,,
summary,2022-07-01,AAPL,,,,,,,-1.97,,1,,,,,,,,,,1.0000,2022-06-28T13:34:00+00:00,657,2745
summary,2022-07-01,NVDA,,,,,,,0.00,,0,,,,,,,,,,1.0000,2022-06-28T13:32:00+00:00,249,2695
summary,2022-07-01,MSFT,,,,,,,0.00,,0,,,,,,,,,,1.0000,2022-06-28T13:32:00+00:00,682,2130
summary,2022-07-04,QQQ,,,,,,,0.00,,0,,,,,,,,,,0.9362,2022-07-01T13:46:00+00:00,286,477
summary,2022-07-04,AAPL,,,,,,,0.00,,0,,,,,,,,,,0.9290,2022-07-01T13:46:00+00:00,341,489
summary,2022-07-04,NVDA,,,,,,,0.00,,0,,,,,,,,,,0.9000,2022-07-01T13:52:00+00:00,21,490
trade,2022-07-05,QQQ,Long,2022-07-05T14:11:00+00:00,2022-07-05T15:12:00+00:00,278.5585,278.7913,1.08,0.25,0.000836,3660000,ScoreExit,0.3740,-0.1557,0.4338,0.3739,0.3542,-0.5661,-0.1782,0.0261,,,
summary,2022-07-05,QQQ,,,,,,,0.25,,1,,,,,,,,,,0.6599,2022-07-05T08:00:00+00:00,366,692
trade,2022-07-05,AAPL,Long,2022-07-05T13:46:00+00:00,2022-07-05T15:06:00+00:00,138.2215,138.4135,2.17,0.42,0.001389,4800000,ScoreExit,0.5906,-0.0571,0.5622,0.4450,0.8914,-0.5320,-0.1532,0.2933,,,
summary,2022-07-05,AAPL,,,,,,,0.42,,1,,,,,,,,,,0.6261,2022-07-05T18:35:00+00:00,362,615
trade,2022-07-05,NVDA,Long,2022-07-05T13:43:00+00:00,2022-07-05T15:44:00+00:00,142.1176,145.5312,2.11,7.21,0.024020,7260000,MaxHoldTimeout,0.4359,0.3406,0.4738,0.3098,0.6755,0.4745,-0.0115,1.0000,,,
summary,2022-07-05,NVDA,,,,,,,7.21,,1,,,,,,,,,,0.8320,2022-07-05T14:37:00+00:00,385,610
trade,2022-07-06,SPY,Long,2022-07-06T13:56:00+00:00,2022-07-06T14:50:00+00:00,381.5395,380.9908,0.79,-0.43,-0.001438,3240000,ScoreExit,0.1805,-0.0628,0.0299,0.0662,0.4593,-0.5592,-0.2220,0.4213,,,
summary,2022-07-06,SPY,,,,,,,-0.43,,1,,,,,,,,,,0.6079,2022-07-05T16:24:00+00:00,977,1553
trade,2022-07-06,QQQ,Long,2022-07-06T14:26:00+00:00,2022-07-06T15:27:00+00:00,286.8710,286.7090,1.05,-0.17,-0.000565,3660000,ScoreExit,0.1767,-0.0742,-0.0747,0.0318,0.5505,-0.5325,-0.2585,0.4470,,,
summary,2022-07-06,QQQ,,,,,,,-0.17,,1,,,,,,,,,,0.6599,2022-07-05T08:00:00+00:00,1122,1590
trade,2022-07-06,NVDA,Long,2022-07-06T13:56:00+00:00,2022-07-06T15:31:00+00:00,149.3898,149.4772,2.01,0.18,0.000585,5700000,ScoreExit,0.2859,-0.0514,-0.0479,0.1348,0.6994,-0.5965,-0.2735,0.5746,,,
summary,2022-07-06,NVDA,,,,,,,0.18,,1,,,,,,,,,,0.8320,2022-07-05T14:37:00+00:00,1072,1367
trade,2022-07-07,QQQ,Long,2022-07-07T14:45:00+00:00,2022-07-07T15:56:00+00:00,292.6588,293.4369,1.03,0.80,0.002659,4260000,SessionClose,0.2226,0.4123,0.2738,0.0515,0.5479,0.5077,0.3148,0.5756,,,
summary,2022-07-07,QQQ,,,,,,,0.80,,1,,,,,,,,,,0.6599,2022-07-05T08:00:00+00:00,1902,2450
trade,2022-07-07,NVDA,Long,2022-07-07T14:39:00+00:00,2022-07-07T15:56:00+00:00,155.6800,157.1778,1.93,2.89,0.009621,4620000,SessionClose,0.2098,0.4930,-0.1923,0.0056,0.7520,0.3754,0.3736,0.7710,,,
summary,2022-07-07,NVDA,,,,,,,2.89,,1,,,,,,,,,,0.8320,2022-07-05T14:37:00+00:00,1768,2084
trade,2022-07-07,MSFT,Long,2022-07-07T13:51:00+00:00,2022-07-07T15:21:00+00:00,267.0751,267.9346,1.12,0.97,0.003218,5400000,ScoreExit,0.4175,-0.0797,0.5313,0.4131,0.3885,-0.5147,-0.2426,0.3911,,,
summary,2022-07-07,MSFT,,,,,,,0.97,,1,,,,,,,,,,0.6114,2022-07-05T18:36:00+00:00,1271,1616
trade,2022-07-08,SPY,Long,2022-07-08T14:44:00+00:00,2022-07-08T15:46:00+00:00,389.7382,389.5082,0.77,-0.18,-0.000590,3720000,ScoreExit,0.3878,-0.0828,0.3895,0.4283,0.3062,-0.5563,-0.2004,0.3100,,,
summary,2022-07-08,SPY,,,,,,,-0.18,,1,,,,,,,,,,0.8215,2022-07-05T14:38:00+00:00,2371,2958
trade,2022-07-08,QQQ,Long,2022-07-08T14:01:00+00:00,2022-07-08T15:56:00+00:00,291.3974,295.7862,1.03,4.52,0.015061,6900000,SessionClose,0.1632,0.2216,-0.5186,0.1297,0.4575,0.3630,0.0836,0.4506,,,
summary,2022-07-08,QQQ,,,,,,,4.52,,1,,,,,,,,,,0.8974,2022-07-05T14:37:00+00:00,2588,3013
trade,2022-07-08,AAPL,Long,2022-07-08T14:03:00+00:00,2022-07-08T15:56:00+00:00,146.0288,147.0959,2.06,2.19,0.007307,6780000,SessionClose,0.3721,0.2257,0.4754,0.3479,0.3861,0.3952,0.1028,0.4150,,,
summary,2022-07-08,AAPL,,,,,,,2.19,,1,,,,,,,,,,0.8959,2022-07-05T14:37:00+00:00,2240,2683
trade,2022-07-08,NVDA,Long,2022-07-08T14:01:00+00:00,2022-07-08T15:56:00+00:00,153.9512,158.6274,1.95,9.12,0.030375,6900000,SessionClose,0.1477,0.2032,-0.5864,0.0904,0.5070,0.2553,-0.0144,0.6209,,,
summary,2022-07-08,NVDA,,,,,,,9.12,,1,,,,,,,,,,0.9602,2022-07-05T14:41:00+00:00,2330,2609
summary,2022-07-08,MSFT,,,,,,,0.00,,0,,,,,,,,,,0.8929,2022-07-05T14:38:00+00:00,1661,2060
summary,2022-07-11,SPY,,,,,,,0.00,,0,,,,,,,,,,0.9444,2022-07-08T14:45:00+00:00,299,1136
summary,2022-07-11,AAPL,,,,,,,0.00,,0,,,,,,,,,,1.0000,2022-07-08T13:41:00+00:00,419,1111
summary,2022-07-11,NVDA,,,,,,,0.00,,0,,,,,,,,,,1.0000,2022-07-08T13:33:00+00:00,535,1029
summary,2022-07-11,MSFT,,,,,,,0.00,,0,,,,,,,,,,0.9566,2022-07-08T15:04:00+00:00,488,911
summary,2022-07-12,QQQ,,,,,,,0.00,,0,,,,,,,,,,0.6020,2022-07-11T09:13:00+00:00,657,1556
summary,2022-07-12,NVDA,,,,,,,0.00,,0,,,,,,,,,,0.5920,2022-07-11T17:24:00+00:00,539,1285
summary,2022-07-12,MSFT,,,,,,,0.00,,0,,,,,,,,,,0.6755,2022-07-11T11:07:00+00:00,429,1021
summary,2022-07-13,SPY,,,,,,,0.00,,0,,,,,,,,,,0.7454,2022-07-11T09:14:00+00:00,693,2315
summary,2022-07-13,QQQ,,,,,,,0.00,,0,,,,,,,,,,0.6020,2022-07-11T09:13:00+00:00,890,2398
summary,2022-07-14,SPY,,,,,,,0.00,,0,,,,,,,,,,0.5470,2022-07-11T17:39:00+00:00,509,2991
summary,2022-07-14,QQQ,,,,,,,0.00,,0,,,,,,,,,,0.6843,2022-07-11T14:41:00+00:00,761,3006
summary,2022-07-14,AAPL,,,,,,,0.00,,0,,,,,,,,,,0.9544,2022-07-11T14:40:00+00:00,1405,2650
summary,2022-07-14,NVDA,,,,,,,0.00,,0,,,,,,,,,,0.7867,2022-07-11T14:39:00+00:00,1223,2494
summary,2022-07-14,MSFT,,,,,,,0.00,,0,,,,,,,,,,0.9566,2022-07-11T14:41:00+00:00,733,2170
trade,2022-07-15,SPY,Long,2022-07-15T14:04:00+00:00,2022-07-15T15:56:00+00:00,382.5597,384.1597,0.78,1.26,0.004182,6720000,SessionClose,0.2681,-0.0165,0.0648,0.2029,0.4662,-0.4015,-0.1846,0.4480,,,
summary,2022-07-15,SPY,,,,,,,1.26,,1,,,,,,,,,,0.7124,2022-07-12T13:37:00+00:00,1175,2970
summary,2022-07-15,AAPL,,,,,,,0.00,,0,,,,,,,,,,1.0000,2022-07-12T13:36:00+00:00,1541,2676
summary,2022-07-15,MSFT,,,,,,,0.00,,0,,,,,,,,,,0.4933,2022-07-15T14:17:00+00:00,917,2225
trade,2022-07-18,QQQ,Long,2022-07-18T14:32:00+00:00,2022-07-18T14:46:00+00:00,294.8734,294.4666,1.02,-0.41,-0.001380,840000,ScoreExit,0.2082,-0.0702,0.1297,0.0790,0.4927,-0.4929,-0.2813,0.4927,,,
summary,2022-07-18,QQQ,,,,,,,-0.41,,1,,,,,,,,,,0.7049,2022-07-15T14:00:00+00:00,826,1163
trade,2022-07-18,AAPL,Long,2022-07-18T13:41:00+00:00,2022-07-18T15:42:00+00:00,150.5502,151.1546,1.99,1.20,0.004015,7260000,MaxHoldTimeout,0.1429,0.3760,-0.3733,0.0517,0.4975,0.4833,0.2842,0.5238,,,
summary,2022-07-18,AAPL,,,,,,,1.20,,1,,,,,,,,,,0.7998,2022-07-15T13:32:00+00:00,527,1103
trade,2022-07-18,NVDA,Long,2022-07-18T14:40:00+00:00,2022-07-18T15:56:00+00:00,165.5847,167.3448,1.82,3.20,0.010630,4560000,SessionClose,0.3594,0.6732,0.4280,0.0744,0.9064,0.5314,0.5335,1.0000,,,
summary,2022-07-18,NVDA,,,,,,,3.20,,1,,,,,,,,,,1.0000,2022-07-15T13:35:00+00:00,773,1112
summary,2022-07-18,MSFT,,,,,,,0.00,,0,,,,,,,,,,1.0000,2022-07-15T13:35:00+00:00,360,944
trade,2022-07-19,AAPL,Long,2022-07-19T14:42:00+00:00,2022-07-19T15:56:00+00:00,148.6496,149.7101,2.02,2.14,0.007134,4440000,SessionClose,0.3937,0.1752,0.4331,0.4237,0.3206,0.1780,-0.0036,0.5319,,,
summary,2022-07-19,AAPL,,,,,,,2.14,,1,,,,,,,,,,0.5213,2022-07-19T15:07:00+00:00,514,1457
trade,2022-07-20,SPY,Long,2022-07-20T14:06:00+00:00,2022-07-20T15:56:00+00:00,391.4723,395.5463,0.77,3.12,0.010407,6600000,SessionClose,0.1108,0.1884,-0.4074,0.0395,0.4262,0.1847,0.0744,0.4175,,,
summary,2022-07-20,SPY,,,,,,,3.12,,1,,,,,,,,,,0.5004,2022-07-18T09:22:00+00:00,1359,2357
trade,2022-07-20,NVDA,Long,2022-07-20T13:43:00+00:00,2022-07-20T15:44:00+00:00,170.8162,176.6720,1.76,10.31,0.034281,7260000,MaxHoldTimeout,0.4423,0.0905,0.4348,0.4806,0.3684,-0.5183,-0.1138,0.7020,,,
summary,2022-07-20,NVDA,,,,,,,10.31,,1,,,,,,,,,,0.9436,2022-07-18T08:18:00+00:00,1580,2240
trade,2022-07-20,MSFT,Long,2022-07-20T13:43:00+00:00,2022-07-20T15:44:00+00:00,259.8629,263.3360,1.15,4.01,0.013365,7260000,MaxHoldTimeout,0.3609,0.3317,0.4017,0.3935,0.2821,0.3520,0.2458,0.4968,,,
summary,2022-07-20,MSFT,,,,,,,4.01,,1,,,,,,,,,,0.7113,2022-07-18T08:29:00+00:00,953,1744
summary,2022-07-21,AAPL,,,,,,,0.00,,0,,,,,,,,,,0.7772,2022-07-18T14:01:00+00:00,1702,2834
trade,2022-07-21,NVDA,Long,2022-07-21T13:51:00+00:00,2022-07-21T14:11:00+00:00,178.4885,178.6914,1.69,0.34,0.001136,1200000,ScoreExit,0.2061,-0.0942,0.3658,0.0059,0.5533,0.0477,-0.4280,0.5261,,,
summary,2022-07-21,NVDA,,,,,,,0.34,,1,,,,,,,,,,1.0000,2022-07-18T13:32:00+00:00,2074,2795
summary,2022-07-21,MSFT,,,,,,,0.00,,0,,,,,,,,,,0.8528,2022-07-18T13:37:00+00:00,1404,2284
summary,2022-07-22,SPY,,,,,,,0.00,,0,,,,,,,,,,0.9559,2022-07-19T14:51:00+00:00,2200,2927
summary,2022-07-22,NVDA,,,,,,,0.00,,0,,,,,,,,,,0.9579,2022-07-19T14:48:00+00:00,2043,2813
summary,2022-07-25,SPY,,,,,,,0.00,,0,,,,,,,,,,0.5309,2022-07-22T13:39:00+00:00,345,1139
summary,2022-07-25,AAPL,,,,,,,0.00,,0,,,,,,,,,,0.7053,2022-07-22T13:50:00+00:00,159,1106
summary,2022-07-25,NVDA,,,,,,,0.00,,0,,,,,,,,,,0.6607,2022-07-22T14:54:00+00:00,252,1058
summary,2022-07-26,SPY,,,,,,,0.00,,0,,,,,,,,,,0.8031,2022-07-25T09:21:00+00:00,395,1526
summary,2022-07-26,QQQ,,,,,,,0.00,,0,,,,,,,,,,0.7909,2022-07-25T09:22:00+00:00,268,1534
summary,2022-07-26,MSFT,,,,,,,0.00,,0,,,,,,,,,,0.7742,2022-07-25T10:02:00+00:00,371,1128
summary,2022-07-27,SPY,,,,,,,0.00,,0,,,,,,,,,,0.8031,2022-07-25T09:21:00+00:00,986,2395
trade,2022-07-27,QQQ,Long,2022-07-27T13:36:00+00:00,2022-07-27T15:37:00+00:00,299.2547,302.0444,1.00,2.80,0.009322,7260000,MaxHoldTimeout,0.3600,0.1195,0.3572,0.3507,0.3794,0.0810,0.0015,0.3682,,,
summary,2022-07-27,QQQ,,,,,,,2.80,,1,,,,,,,,,,0.7909,2022-07-25T09:22:00+00:00,912,2439
trade,2022-07-27,AAPL,Long,2022-07-27T13:42:00+00:00,2022-07-27T15:06:00+00:00,153.6411,154.3337,1.95,1.35,0.004508,5040000,ScoreExit,0.4271,-0.0542,0.5386,0.4200,0.4041,-0.1586,-0.2279,0.3281,,,
summary,2022-07-27,AAPL,,,,,,,1.35,,1,,,,,,,,,,0.8419,2022-07-25T09:39:00+00:00,836,2266
summary,2022-07-27,MSFT,,,,,,,0.00,,0,,,,,,,,,,0.7952,2022-07-26T22:06:00+00:00,1082,1983
summary,2022-07-28,AAPL,,,,,,,0.00,,0,,,,,,,,,,0.5896,2022-07-25T13:32:00+00:00,1373,2860
trade,2022-07-28,NVDA,Long,2022-07-28T14:46:00+00:00,2022-07-28T15:56:00+00:00,175.0374,179.1412,1.72,7.06,0.023446,4200000,SessionClose,0.1748,0.1813,-0.0258,0.0726,0.4459,0.0330,-0.0030,0.5992,,,
summary,2022-07-28,NVDA,,,,,,,7.06,,1,,,,,,,,,,0.9315,2022-07-25T13:46:00+00:00,1671,2588
trade,2022-07-28,MSFT,Long,2022-07-28T14:44:00+00:00,2022-07-28T15:56:00+00:00,270.7562,274.3427,1.11,3.98,0.013246,4320000,SessionClose,0.2857,0.1062,-0.3052,0.2158,0.6225,-0.0079,-0.1156,0.5879,,,
summary,2022-07-28,MSFT,,,,,,,3.98,,1,,,,,,,,,,0.8364,2022-07-26T22:06:00+00:00,1492,2476
trade,2022-07-29,AAPL,Long,2022-07-29T13:36:00+00:00,2022-07-29T15:01:00+00:00,159.9030,162.3963,1.88,4.68,0.015593,5100000,ScoreExit,0.1949,-0.0825,-0.5924,0.1617,0.5239,-0.5285,-0.2978,0.4967,,,
summary,2022-07-29,AAPL,,,,,,,4.68,,1,,,,,,,,,,0.6996,2022-07-28T20:38:00+00:00,2287,2968
summary,2022-07-29,NVDA,,,,,,,0.00,,0,,,,,,,,,,0.8842,2022-07-26T13:56:00+00:00,1915,2659
trade,2022-08-01,QQQ,Long,2022-08-01T13:46:00+00:00,2022-08-01T15:47:00+00:00,314.9395,317.9296,0.95,2.85,0.009494,7260000,MaxHoldTimeout,0.3679,0.3094,0.4738,0.3360,0.3964,0.5569,0.1268,0.5920,,,
summary,2022-08-01,QQQ,,,,,,,2.85,,1,,,,,,,,,,0.9508,2022-07-29T14:44:00+00:00,849,1126
trade,2022-08-01,NVDA,Long,2022-08-01T13:36:00+00:00,2022-08-01T15:37:00+00:00,180.7392,185.2694,1.66,7.52,0.025065,7260000,MaxHoldTimeout,0.1320,0.0975,-0.4466,0.0541,0.4808,-0.5221,-0.1955,0.8899,,,
summary,2022-08-01,NVDA,,,,,,,7.52,,1,,,,,,,,,,1.0000,2022-07-29T13:31:00+00:00,811,1021
summary,2022-08-02,QQQ,,,,,,,0.00,,0,,,,,,,,,,0.6429,2022-08-01T14:05:00+00:00,667,1510
summary,2022-08-02,AAPL,,,,,,,0.00,,0,,,,,,,,,,0.6439,2022-08-01T13:48:00+00:00,356,1388
summary,2022-08-02,MSFT,,,,,,,0.00,,0,,,,,,,,,,0.6189,2022-08-01T14:53:00+00:00,266,1058
summary,2022-08-03,SPY,,,,,,,0.00,,0,,,,,,,,,,0.6911,2022-08-01T09:34:00+00:00,995,2274
trade,2022-08-03,AAPL,Long,2022-08-03T13:36:00+00:00,2022-08-03T15:37:00+00:00,162.0101,164.4357,1.85,4.49,0.014972,7260000,MaxHoldTimeout,0.4089,0.2743,0.4933,0.4068,0.3849,-0.3353,0.2423,0.5415,,,
summary,2022-08-03,AAPL,,,,,,,4.49,,1,,,,,,,,,,0.6439,2022-08-01T13:48:00+00:00,855,2168
trade,2022-08-03,NVDA,Long,2022-08-03T14:01:00+00:00,2022-08-03T14:36:00+00:00,184.5193,183.8598,1.63,-1.07,-0.003574,2100000,ScoreExit,0.3854,-0.1233,0.0977,0.5519,0.1484,-0.5650,-0.1515,0.0804,,,
summary,2022-08-03,NVDA,,,,,,,-1.07,,1,,,,,,,,,,0.7973,2022-08-01T14:13:00+00:00,1082,2013
summary,2022-08-04,QQQ,,,,,,,0.00,,0,,,,,,,,,,0.9570,2022-08-01T14:45:00+00:00,1707,2990
summary,2022-08-04,AAPL,,,,,,,0.00,,0,,,,,,,,,,1.0000,2022-08-01T13:40:00+00:00,1270,2721
trade,2022-08-04,NVDA,Long,2022-08-04T13:31:00+00:00,2022-08-04T13:37:00+00:00,188.3215,188.9583,1.59,1.01,0.003382,360000,ScoreExit,0.1748,-0.0764,-0.3667,0.0966,0.5119,0.1006,-0.4001,0.5119,,,
trade,2022-08-04,NVDA,Long,2022-08-04T13:42:00+00:00,2022-08-04T14:31:00+00:00,189.3618,189.2507,1.59,-0.18,-0.000587,2940000,ScoreExit,0.4595,-0.1445,0.4082,0.4418,0.5119,-0.5079,-0.3391,0.3659,,,
summary,2022-08-04,NVDA,,,,,,,0.84,,2,,,,,,,,,,1.0000,2022-08-01T13:41:00+00:00,1520,2555
summary,2022-08-05,QQQ,,,,,,,0.00,,0,,,,,,,,,,0.9577,2022-08-02T14:53:00+00:00,2063,2910
summary,2022-08-05,AAPL,,,,,,,0.00,,0,,,,,,,,,,0.9562,2022-08-02T14:53:00+00:00,1840,2654
trade,2022-08-08,QQQ,Long,2022-08-08T13:31:00+00:00,2022-08-08T14:48:00+00:00,322.6818,324.4676,0.93,1.66,0.005534,4620000,ScoreExit,0.2154,-0.0573,-0.1859,0.0954,0.5893,-0.5578,-0.2671,0.5291,,,
summary,2022-08-08,QQQ,,,,,,,1.66,,1,,,,,,,,,,0.8944,2022-08-05T14:13:00+00:00,599,1125
summary,2022-08-08,AAPL,,,,,,,0.00,,0,,,,,,,,,,0.9628,2022-08-05T13:38:00+00:00,628,1078
summary,2022-08-08,NVDA,,,,,,,0.00,,0,,,,,,,,,,0.9024,2022-08-05T14:13:00+00:00,474,1007
summary,2022-08-09,QQQ,,,,,,,0.00,,0,,,,,,,,,,0.6309,2022-08-08T13:50:00+00:00,241,1513
summary,2022-08-09,AAPL,,,,,,,0.00,,0,,,,,,,,,,0.5993,2022-08-08T13:44:00+00:00,352,1339
summary,2022-08-09,NVDA,,,,,,,0.00,,0,,,,,,,,,,0.7241,2022-08-08T19:39:00+00:00,332,1402
summary,2022-08-09,MSFT,,,,,,,0.00,,0,,,,,,,,,,0.7712,2022-08-08T10:54:00+00:00,357,1045
trade,2022-08-10,QQQ,Long,2022-08-10T14:40:00+00:00,2022-08-10T15:56:00+00:00,323.6920,325.3385,0.93,1.53,0.005087,4560000,SessionClose,0.1829,0.3179,0.3032,0.0133,0.4820,0.4838,0.1957,0.5071,,,
summary,2022-08-10,QQQ,,,,,,,1.53,,1,,,,,,,,,,0.6309,2022-08-08T13:50:00+00:00,660,2372
trade,2022-08-10,AAPL,Long,2022-08-10T14:49:00+00:00,2022-08-10T15:56:00+00:00,167.8803,168.1245,1.79,0.44,0.001455,4020000,SessionClose,0.1696,0.2699,0.0691,0.0465,0.4492,0.4248,0.1368,0.4844,,,
summary,2022-08-10,AAPL,,,,,,,0.44,,1,,,,,,,,,,0.5993,2022-08-08T13:44:00+00:00,860,2065
trade,2022-08-10,NVDA,Long,2022-08-10T14:45:00+00:00,2022-08-10T15:56:00+00:00,174.9525,179.2212,1.72,7.33,0.024399,4260000,SessionClose,0.3159,0.5218,0.4028,0.1712,0.5763,0.4581,0.4536,0.6794,,,
summary,2022-08-10,NVDA,,,,,,,7.33,,1,,,,,,,,,,0.7241,2022-08-08T19:39:00+00:00,774,2131
trade,2022-08-10,MSFT,Long,2022-08-10T13:48:00+00:00,2022-08-10T14:12:00+00:00,288.3215,287.8586,1.04,-0.48,-0.001605,1440000,ScoreExit,0.2459,-0.0531,0.1953,0.1066,0.5414,-0.5186,-0.2634,0.5227,,,
trade,2022-08-10,MSFT,Long,2022-08-10T14:36:00+00:00,2022-08-10T15:56:00+00:00,287.9614,288.6798,1.04,0.75,0.002495,4800000,SessionClose,0.2455,0.0958,0.2987,0.0981,0.5227,0.3165,-0.1452,0.5043,,,
summary,2022-08-10,MSFT,,,,,,,0.27,,2,,,,,,,,,,0.7712,2022-08-08T10:54:00+00:00,855,1632
summary,2022-08-11,QQQ,,,,,,,0.00,,0,,,,,,,,,,0.9214,2022-08-08T13:44:00+00:00,1094,2955
trade,2022-08-11,AAPL,Long,2022-08-11T13:41:00+00:00,2022-08-11T14:48:00+00:00,170.0560,169.8040,1.77,-0.44,-0.001482,4020000,ScoreExit,0.1880,-0.0507,0.1063,0.0382,0.5147,-0.5128,-0.2323,0.4666,,,
summary,2022-08-11,AAPL,,,,,,,-0.44,,1,,,,,,,,,,0.9344,2022-08-08T13:44:00+00:00,1419,2612
trade,2022-08-11,NVDA,Long,2022-08-11T13:44:00+00:00,2022-08-11T15:01:00+00:00,182.8298,184.5496,1.65,2.83,0.009406,4620000,ScoreExit,0.4065,-0.0590,0.5495,0.2359,0.6999,-0.2078,-0.3062,0.4851,,,
summary,2022-08-11,NVDA,,,,,,,2.83,,1,,,,,,,,,,1.0000,2022-08-08T13:32:00+00:00,1274,2690
summary,2022-08-12,SPY,,,,,,,0.00,,0,,,,,,,,,,0.5549,2022-08-10T12:35:00+00:00,2118,2857
summary,2022-08-12,AAPL,,,,,,,0.00,,0,,,,,,,,,,0.7032,2022-08-09T14:49:00+00:00,2184,2624
trade,2022-08-12,NVDA,Long,2022-08-12T13:36:00+00:00,2022-08-12T15:37:00+00:00,179.6789,184.6196,1.68,8.29,0.027497,7260000,MaxHoldTimeout,0.0976,0.2654,-0.5953,0.0512,0.4214,0.1416,0.1992,0.4390,,,
summary,2022-08-12,NVDA,,,,,,,8.29,,1,,,,,,,,,,0.9339,2022-08-09T13:41:00+00:00,1766,2517
trade,2022-08-15,QQQ,Long,2022-08-15T13:31:00+00:00,2022-08-15T14:21:00+00:00,330.2240,329.8852,0.91,-0.31,-0.001026,3000000,ScoreExit,0.4324,-0.0689,0.5310,0.3904,0.4836,-0.4820,-0.2078,0.3464,,,
summary,2022-08-15,QQQ,,,,,,,-0.31,,1,,,,,,,,,,0.7147,2022-08-12T14:19:00+00:00,966,1139
trade,2022-08-15,AAPL,Long,2022-08-15T13:36:00+00:00,2022-08-15T14:51:00+00:00,171.8588,171.8634,1.75,0.01,0.000027,4500000,ScoreExit,0.4001,-0.0528,0.4377,0.3977,0.3923,-0.5572,-0.1786,0.3671,,,
summary,2022-08-15,AAPL,,,,,,,0.01,,1,,,,,,,,,,0.8877,2022-08-12T15:04:00+00:00,936,1104
summary,2022-08-15,NVDA,,,,,,,0.00,,0,,,,,,,,,,1.0000,2022-08-12T13:40:00+00:00,972,1034
summary,2022-08-16,QQQ,,,,,,,0.00,,0,,,,,,,,,,0.6036,2022-08-15T15:48:00+00:00,920,1445
summary,2022-08-16,AAPL,,,,,,,0.00,,0,,,,,,,,,,0.6080,2022-08-15T15:48:00+00:00,910,1361
summary,2022-08-16,MSFT,,,,,,,0.00,,0,,,,,,,,,,0.7530,2022-08-15T10:10:00+00:00,678,1037
summary,2022-08-17,SPY,,,,,,,0.00,,0,,,,,,,,,,0.5442,2022-08-15T15:53:00+00:00,1087,2300
summary,2022-08-17,QQQ,,,,,,,0.00,,0,,,,,,,,,,0.6036,2022-08-15T15:48:00+00:00,1027,2267
summary,2022-08-17,NVDA,,,,,,,0.00,,0,,,,,,,,,,0.7399,2022-08-15T13:34:00+00:00,806,1870
summary,2022-08-18,SPY,,,,,,,0.00,,0,,,,,,,,,,0.6317,2022-08-15T13:58:00+00:00,1137,2850
summary,2022-08-18,QQQ,,,,,,,0.00,,0,,,,,,,,,,0.7102,2022-08-15T13:58:00+00:00,1052,2860
summary,2022-08-18,AAPL,,,,,,,0.00,,0,,,,,,,,,,0.6591,2022-08-15T15:48:00+00:00,1816,2829
summary,2022-08-18,MSFT,,,,,,,0.00,,0,,,,,,,,,,0.7745,2022-08-15T13:56:00+00:00,842,2056
summary,2022-08-19,SPY,,,,,,,0.00,,0,,,,,,,,,,0.6246,2022-08-16T15:54:00+00:00,682,2883
summary,2022-08-19,QQQ,,,,,,,0.00,,0,,,,,,,,,,0.6993,2022-08-16T15:54:00+00:00,669,2921
summary,2022-08-19,AAPL,,,,,,,0.00,,0,,,,,,,,,,0.6397,2022-08-16T15:19:00+00:00,1434,2899
summary,2022-08-19,NVDA,,,,,,,0.00,,0,,,,,,,,,,0.7305,2022-08-16T13:32:00+00:00,835,2465
summary,2022-08-19,MSFT,,,,,,,0.00,,0,,,,,,,,,,0.6789,2022-08-16T15:54:00+00:00,572,2058
summary,2022-08-22,SPY,,,,,,,0.00,,0,,,,,,,,,,0.2825,2022-08-19T16:39:00+00:00,35,1179
summary,2022-08-22,QQQ,,,,,,,0.00,,0,,,,,,,,,,0.2599,2022-08-19T17:04:00+00:00,12,1152
summary,2022-08-22,AAPL,,,,,,,0.00,,0,,,,,,,,,,0.3724,2022-08-19T17:04:00+00:00,24,1172
summary,2022-08-22,MSFT,,,,,,,0.00,,0,,,,,,,,,,0.4656,2022-08-19T13:32:00+00:00,8,970
summary,2022-08-23,SPY,,,,,,,0.00,,0,,,,,,,,,,0.3238,2022-08-23T14:09:00+00:00,322,1517
summary,2022-08-24,QQQ,,,,,,,0.00,,0,,,,,,,,,,0.3806,2022-08-23T14:10:00+00:00,651,2329
summary,2022-08-24,NVDA,,,,,,,0.00,,0,,,,,,,,,,0.5621,2022-08-23T13:50:00+00:00,619,1965
trade,2022-08-25,QQQ,Long,2022-08-25T14:22:00+00:00,2022-08-25T15:01:00+00:00,318.4105,318.3895,0.94,-0.02,-0.000066,2340000,ScoreExit,0.3841,-0.0893,0.3722,0.4226,0.3110,-0.5073,-0.1896,0.2506,,,
summary,2022-08-25,QQQ,,,,,,,-0.02,,1,,,,,,,,,,0.4508,2022-08-25T08:01:00+00:00,1106,2915
trade,2022-08-25,AAPL,Long,2022-08-25T13:31:00+00:00,2022-08-25T14:29:00+00:00,169.0557,169.1741,1.77,0.21,0.000701,3480000,ScoreExit,0.3748,-0.0511,0.4589,0.3592,0.3780,-0.5561,-0.1510,0.3171,,,
summary,2022-08-25,AAPL,,,,,,,0.21,,1,,,,,,,,,,0.4277,2022-08-25T08:01:00+00:00,1015,2681
trade,2022-08-25,NVDA,Long,2022-08-25T13:33:00+00:00,2022-08-25T15:34:00+00:00,170.5161,176.0597,1.76,9.76,0.032510,7260000,MaxHoldTimeout,0.4117,0.1397,0.3603,0.4560,0.3401,-0.1360,-0.0780,0.6670,,,
summary,2022-08-25,NVDA,,,,,,,9.76,,1,,,,,,,,,,0.9176,2022-08-22T13:45:00+00:00,1119,2678
summary,2022-08-26,QQQ,,,,,,,0.00,,0,,,,,,,,,,0.8933,2022-08-23T14:10:00+00:00,1415,2913
summary,2022-08-26,AAPL,,,,,,,0.00,,0,,,,,,,,,,0.7843,2022-08-23T14:11:00+00:00,1373,2639
summary,2022-08-26,NVDA,,,,,,,0.00,,0,,,,,,,,,,1.0000,2022-08-23T13:32:00+00:00,1215,2713
summary,2022-08-26,MSFT,,,,,,,0.00,,0,,,,,,,,,,0.8371,2022-08-23T14:11:00+00:00,782,2059
summary,2022-08-29,QQQ,,,,,,,0.00,,0,,,,,,,,,,0.8982,2022-08-26T14:09:00+00:00,18,1199
summary,2022-08-29,MSFT,,,,,,,0.00,,0,,,,,,,,,,0.7725,2022-08-26T14:09:00+00:00,25,991
summary,2022-08-30,QQQ,,,,,,,0.00,,0,,,,,,,,,,0.5739,2022-08-29T13:34:00+00:00,665,1566
summary,2022-08-30,AAPL,,,,,,,0.00,,0,,,,,,,,,,0.7184,2022-08-29T08:00:00+00:00,625,1470
summary,2022-08-30,NVDA,,,,,,,0.00,,0,,,,,,,,,,0.7136,2022-08-29T13:33:00+00:00,241,1395
summary,2022-08-31,AAPL,,,,,,,0.00,,0,,,,,,,,,,0.7184,2022-08-29T08:00:00+00:00,707,2264
summary,2022-08-31,NVDA,,,,,,,0.00,,0,,,,,,,,,,0.7136,2022-08-29T13:33:00+00:00,241,2118
summary,2022-09-01,SPY,,,,,,,0.00,,0,,,,,,,,,,0.6115,2022-08-29T14:17:00+00:00,579,3009
summary,2022-09-01,MSFT,,,,,,,0.00,,0,,,,,,,,,,0.9321,2022-08-29T13:36:00+00:00,529,2156
trade,2022-09-02,SPY,Long,2022-09-02T14:19:00+00:00,2022-09-02T15:56:00+00:00,399.4448,401.1646,0.75,1.29,0.004306,5820000,SessionClose,0.2227,0.2488,0.2837,0.1052,0.4376,0.5406,0.0967,0.4559,,,
summary,2022-09-02,SPY,,,,,,,1.29,,1,,,,,,,,,,0.4166,2022-09-02T12:30:00+00:00,802,2946
trade,2022-09-02,QQQ,Long,2022-09-02T14:21:00+00:00,2022-09-02T15:56:00+00:00,301.5454,302.7341,1.00,1.18,0.003942,5700000,SessionClose,0.2417,0.1743,0.0952,0.1758,0.4224,0.1623,0.0384,0.4499,,,
summary,2022-09-02,QQQ,,,,,,,1.18,,1,,,,,,,,,,0.4493,2022-08-31T10:51:00+00:00,946,3044
trade,2022-09-02,AAPL,Long,2022-09-02T14:35:00+00:00,2022-09-02T14:53:00+00:00,160.3531,159.3622,1.87,-1.85,-0.006180,1080000,ScoreExit,0.3772,-0.0713,0.4684,0.3799,0.3413,-0.5538,-0.1971,0.3413,,,
summary,2022-09-02,AAPL,,,,,,,-1.85,,1,,,,,,,,,,0.4401,2022-09-02T12:33:00+00:00,854,2835
summary,2022-09-05,MSFT,,,,,,,0.00,,0,,,,,,,,,,0.9547,2022-09-02T14:40:00+00:00,130,443
trade,2022-09-06,SPY,Long,2022-09-06T14:52:00+00:00,2022-09-06T15:56:00+00:00,392.8828,393.4569,0.76,0.44,0.001461,3840000,SessionClose,0.4950,0.3532,0.5491,0.3457,0.7756,0.3248,0.0811,0.9069,,,
summary,2022-09-06,SPY,,,,,,,0.44,,1,,,,,,,,,,0.5995,2022-09-06T15:08:00+00:00,210,656
trade,2022-09-06,QQQ,Long,2022-09-06T14:52:00+00:00,2022-09-06T15:56:00+00:00,294.7334,295.5863,1.02,0.87,0.002894,3840000,SessionClose,0.4963,0.4075,0.5484,0.3751,0.7213,0.4164,0.1099,1.0000,,,
summary,2022-09-06,QQQ,,,,,,,0.87,,1,,,,,,,,,,0.6097,2022-09-06T15:08:00+00:00,232,685
trade,2022-09-06,AAPL,Long,2022-09-06T14:52:00+00:00,2022-09-06T15:56:00+00:00,155.9918,156.1082,1.92,0.22,0.000746,3840000,SessionClose,0.5248,0.2993,0.5543,0.3867,0.7911,0.3566,0.0206,0.8377,,,
summary,2022-09-06,AAPL,,,,,,,0.22,,1,,,,,,,,,,0.6035,2022-09-06T15:08:00+00:00,239,640
trade,2022-09-06,NVDA,Long,2022-09-06T14:51:00+00:00,2022-09-06T15:56:00+00:00,135.6107,137.4038,2.21,3.97,0.013222,3900000,SessionClose,0.3933,0.4782,0.4759,0.3715,0.4093,0.3735,0.2347,1.0000,,,
summary,2022-09-06,NVDA,,,,,,,3.97,,1,,,,,,,,,,0.6666,2022-09-06T15:08:00+00:00,170,577
trade,2022-09-07,SPY,Long,2022-09-07T13:44:00+00:00,2022-09-07T14:12:00+00:00,392.3627,391.3526,0.76,-0.77,-0.002574,1680000,ScoreExit,0.3657,-0.0610,0.3313,0.4113,0.2860,-0.3426,-0.1803,0.2714,,,
summary,2022-09-07,SPY,,,,,,,-0.77,,1,,,,,,,,,,0.5995,2022-09-06T15:08:00+00:00,804,1493
trade,2022-09-07,QQQ,Long,2022-09-07T13:33:00+00:00,2022-09-07T14:11:00+00:00,294.2833,294.0967,1.02,-0.19,-0.000634,2280000,ScoreExit,0.3676,-0.0934,0.4353,0.3907,0.2988,-0.4128,-0.2248,0.2758,,,
summary,2022-09-07,QQQ,,,,,,,-0.19,,1,,,,,,,,,,0.6097,2022-09-06T15:08:00+00:00,794,1504
trade,2022-09-07,AAPL,Long,2022-09-07T13:36:00+00:00,2022-09-07T14:06:00+00:00,155.3816,155.1884,1.93,-0.37,-0.001243,1800000,ScoreExit,0.3547,-0.1107,0.3381,0.3997,0.2701,-0.2158,-0.1880,0.0787,,,
summary,2022-09-07,AAPL,,,,,,,-0.37,,1,,,,,,,,,,0.6035,2022-09-06T15:08:00+00:00,756,1424
trade,2022-09-07,NVDA,Long,2022-09-07T13:38:00+00:00,2022-09-07T13:44:00+00:00,136.5159,135.3944,2.20,-2.47,-0.008216,360000,ScoreExit,0.4100,-0.1194,0.3144,0.5205,0.2208,-0.5698,-0.1076,0.0070,,,
summary,2022-09-07,NVDA,,,,,,,-2.47,,1,,,,,,,,,,0.6666,2022-09-06T15:08:00+00:00,513,1272
trade,2022-09-07,MSFT,Long,2022-09-07T13:39:00+00:00,2022-09-07T14:06:00+00:00,255.3616,254.7386,1.18,-0.73,-0.002440,1620000,ScoreExit,0.3881,-0.1321,0.4840,0.3710,0.3903,-0.2779,-0.2909,0.2341,,,
summary,2022-09-07,MSFT,,,,,,,-0.73,,1,,,,,,,,,,0.5990,2022-09-06T14:57:00+00:00,523,1075
trade,2022-09-08,QQQ,Long,2022-09-08T14:17:00+00:00,2022-09-08T15:48:00+00:00,298.2919,300.3949,1.01,2.12,0.007050,5460000,ScoreExit,0.3848,-0.0784,0.4172,0.3875,0.3685,-0.4475,-0.2137,0.3153,,,
summary,2022-09-08,QQQ,,,,,,,2.12,,1,,,,,,,,,,0.6097,2022-09-06T15:08:00+00:00,1371,2341
trade,2022-09-08,NVDA,Long,2022-09-08T14:07:00+00:00,2022-09-08T15:56:00+00:00,136.4570,138.7034,2.20,4.94,0.016462,6540000,SessionClose,0.2976,0.0619,0.0240,0.2643,0.4555,0.0311,-0.1212,0.4384,,,
summary,2022-09-08,NVDA,,,,,,,4.94,,1,,,,,,,,,,0.6666,2022-09-06T15:08:00+00:00,1004,1957
trade,2022-09-08,MSFT,Long,2022-09-08T14:43:00+00:00,2022-09-08T15:38:00+00:00,258.7826,259.5871,1.16,0.93,0.003109,3300000,ScoreExit,0.3595,-0.0663,0.4458,0.3465,0.3568,-0.5477,-0.1581,0.2779,,,
summary,2022-09-08,MSFT,,,,,,,0.93,,1,,,,,,,,,,0.5990,2022-09-06T14:57:00+00:00,865,1607
trade,2022-09-09,SPY,Long,2022-09-09T14:45:00+00:00,2022-09-09T15:20:00+00:00,406.0568,404.9735,0.74,-0.80,-0.002668,2100000,ScoreExit,0.3654,-0.0522,0.4823,0.3552,0.3470,-0.5314,-0.1535,0.3102,,,
summary,2022-09-09,SPY,,,,,,,-0.80,,1,,,,,,,,,,0.9519,2022-09-06T14:57:00+00:00,1906,2908
trade,2022-09-09,NVDA,Long,2022-09-09T13:31:00+00:00,2022-09-09T15:32:00+00:00,141.6675,143.5777,2.12,4.05,0.013484,7260000,MaxHoldTimeout,0.1712,0.3681,-0.4863,0.0973,0.5383,0.0135,0.3159,0.5907,,,
summary,2022-09-09,NVDA,,,,,,,4.05,,1,,,,,,,,,,0.9544,2022-09-06T14:59:00+00:00,1584,2470
summary,2022-09-12,SPY,,,,,,,0.00,,0,,,,,,,,,,0.9009,2022-09-09T14:43:00+00:00,932,1150
trade,2022-09-12,QQQ,Long,2022-09-12T14:49:00+00:00,2022-09-12T15:01:00+00:00,310.4181,309.7121,0.97,-0.68,-0.002274,720000,ScoreExit,0.1719,-0.0781,0.1111,0.0162,0.5036,-0.3836,-0.2970,0.4614,,,
summary,2022-09-12,QQQ,,,,,,,-0.68,,1,,,,,,,,,,0.9540,2022-09-09T14:41:00+00:00,1029,1172
summary,2022-09-12,AAPL,,,,,,,0.00,,0,,,,,,,,,,0.9548,2022-09-09T14:42:00+00:00,1086,1139
trade,2022-09-12,NVDA,Long,2022-09-12T14:01:00+00:00,2022-09-12T14:14:00+00:00,144.4533,143.4919,2.08,-2.00,-0.006655,780000,ScoreExit,0.2319,-0.0809,0.2451,0.1305,0.4300,-0.5603,-0.0982,0.1136,,,
trade,2022-09-12,NVDA,Long,2022-09-12T14:17:00+00:00,2022-09-12T14:54:00+00:00,144.3383,144.0101,2.08,-0.68,-0.002274,2220000,ScoreExit,0.4264,-0.0581,0.3395,0.4391,0.4300,-0.4794,-0.1707,0.3075,,,
summary,2022-09-12,NVDA,,,,,,,-2.68,,2,,,,,,,,,,0.9622,2022-09-09T13:34:00+00:00,755,1036
summary,2022-09-12,MSFT,,,,,,,0.00,,0,,,,,,,,,,0.9561,2022-09-09T14:40:00+00:00,739,906
summary,2022-09-13,SPY,,,,,,,0.00,,0,,,,,,,,,,0.7477,2022-09-12T09:19:00+00:00,640,1482
summary,2022-09-13,QQQ,,,,,,,0.00,,0,,,,,,,,,,0.7871,2022-09-12T09:19:00+00:00,732,1527
summary,2022-09-13,NVDA,,,,,,,0.00,,0,,,,,,,,,,0.8579,2022-09-12T09:27:00+00:00,435,1275
summary,2022-09-13,MSFT,,,,,,,0.00,,0,,,,,,,,,,0.7304,2022-09-12T08:39:00+00:00,361,1065
summary,2022-09-14,NVDA,,,,,,,0.00,,0,,,,,,,,,,0.8579,2022-09-12T09:27:00+00:00,435,2101
summary,2022-09-15,QQQ,,,,,,,0.00,,0,,,,,,,,,,0.8273,2022-09-12T14:00:00+00:00,630,2984
summary,2022-09-15,AAPL,,,,,,,0.00,,0,,,,,,,,,,0.8944,2022-09-12T13:57:00+00:00,833,2926
summary,2022-09-15,MSFT,,,,,,,0.00,,0,,,,,,,,,,0.8884,2022-09-12T13:56:00+00:00,331,2208
summary,2022-09-16,SPY,,,,,,,0.00,,0,,,,,,,,,,0.3505,2022-09-13T13:51:00+00:00,458,3080
summary,2022-09-16,QQQ,,,,,,,0.00,,0,,,,,,,,,,0.5025,2022-09-13T13:31:00+00:00,368,3046
summary,2022-09-16,AAPL,,,,,,,0.00,,0,,,,,,,,,,0.4509,2022-09-14T13:59:00+00:00,432,2940
trade,2022-09-16,NVDA,Long,2022-09-16T14:12:00+00:00,2022-09-16T14:56:00+00:00,128.5884,129.3812,2.33,1.85,0.006165,2640000,ScoreExit,0.3922,-0.1073,0.2017,0.6026,0.0347,-0.5337,-0.1072,0.0347,,,
summary,2022-09-16,NVDA,,,,,,,1.85,,1,,,,,,,,,,1.0000,2022-09-13T13:31:00+00:00,562,2745
trade,2022-09-19,SPY,Long,2022-09-19T14:15:00+00:00,2022-09-19T15:26:00+00:00,385.5106,385.5493,0.78,0.03,0.000100,4260000,ScoreExit,0.3650,-0.0806,0.3571,0.3350,0.4277,-0.5185,-0.2488,0.4020,,,
summary,2022-09-19,SPY,,,,,,,0.03,,1,,,,,,,,,,0.8858,2022-09-16T14:36:00+00:00,603,1199
trade,2022-09-19,QQQ,Long,2022-09-19T13:54:00+00:00,2022-09-19T15:22:00+00:00,288.7266,288.6884,1.04,-0.04,-0.000132,5280000,ScoreExit,0.3896,-0.0520,0.4955,0.3767,0.3803,-0.5349,-0.1728,0.3504,,,
summary,2022-09-19,QQQ,,,,,,,-0.04,,1,,,,,,,,,,0.8920,2022-09-16T14:34:00+00:00,562,1167
trade,2022-09-19,AAPL,Long,2022-09-19T13:55:00+00:00,2022-09-19T15:56:00+00:00,150.7352,152.1094,1.99,2.74,0.009116,7260000,MaxHoldTimeout,0.4645,0.0380,0.4873,0.4129,0.5601,-0.3132,-0.1982,0.6274,,,
summary,2022-09-19,AAPL,,,,,,,2.74,,1,,,,,,,,,,0.6044,2022-09-16T18:53:00+00:00,604,1114
trade,2022-09-19,NVDA,Long,2022-09-19T14:09:00+00:00,2022-09-19T15:26:00+00:00,132.1046,132.8851,2.27,1.77,0.005908,4620000,ScoreExit,0.3155,-0.0542,-0.4736,0.1322,0.9453,-0.5202,-0.3687,0.7301,,,
summary,2022-09-19,NVDA,,,,,,,1.77,,1,,,,,,,,,,1.0000,2022-09-16T13:39:00+00:00,955,1079
summary,2022-09-19,MSFT,,,,,,,0.00,,0,,,,,,,,,,0.6082,2022-09-16T19:08:00+00:00,314,956
summary,2022-09-20,SPY,,,,,,,0.00,,0,,,,,,,,,,0.5606,2022-09-19T14:40:00+00:00,811,1559
summary,2022-09-20,QQQ,,,,,,,0.00,,0,,,,,,,,,,0.5701,2022-09-19T14:41:00+00:00,976,1544
trade,2022-09-20,AAPL,Long,2022-09-20T13:32:00+00:00,2022-09-20T15:33:00+00:00,153.7211,156.7550,1.95,5.93,0.019736,7260000,MaxHoldTimeout,0.4422,0.4425,0.4896,0.3894,0.5318,0.3168,0.2787,0.8119,,,
summary,2022-09-20,AAPL,,,,,,,5.93,,1,,,,,,,,,,0.6356,2022-09-19T13:58:00+00:00,1207,1455
trade,2022-09-20,NVDA,Long,2022-09-20T14:06:00+00:00,2022-09-20T15:56:00+00:00,133.3950,134.6846,2.25,2.90,0.009667,6600000,SessionClose,0.4756,0.4325,0.5804,0.4381,0.5158,0.5490,0.3002,0.6583,,,
summary,2022-09-20,NVDA,,,,,,,2.90,,1,,,,,,,,,,0.7128,2022-09-19T13:33:00+00:00,766,1333
summary,2022-09-20,MSFT,,,,,,,0.00,,0,,,,,,,,,,0.5518,2022-09-19T14:38:00+00:00,558,1118
summary,2022-09-21,SPY,,,,,,,0.00,,0,,,,,,,,,,0.5606,2022-09-19T14:40:00+00:00,1115,2420
summary,2022-09-21,AAPL,,,,,,,0.00,,0,,,,,,,,,,0.6356,2022-09-19T13:58:00+00:00,1794,2267
summary,2022-09-21,MSFT,,,,,,,0.00,,0,,,,,,,,,,0.5518,2022-09-19T14:38:00+00:00,954,1711
summary,2022-09-22,SPY,,,,,,,0.00,,0,,,,,,,,,,0.9554,2022-09-19T14:40:00+00:00,1119,3051
summary,2022-09-22,QQQ,,,,,,,0.00,,0,,,,,,,,,,0.9548,2022-09-19T14:41:00+00:00,1360,3036
summary,2022-09-22,NVDA,,,,,,,0.00,,0,,,,,,,,,,1.0000,2022-09-19T13:32:00+00:00,1213,2686
summary,2022-09-22,MSFT,,,,,,,0.00,,0,,,,,,,,,,0.9200,2022-09-19T14:40:00+00:00,905,2291
summary,2022-09-23,SPY,,,,,,,0.00,,0,,,,,,,,,,0.5840,2022-09-20T16:04:00+00:00,766,3088
summary,2022-09-23,QQQ,,,,,,,0.00,,0,,,,,,,,,,0.7828,2022-09-20T14:59:00+00:00,829,3091
summary,2022-09-23,AAPL,,,,,,,0.00,,0,,,,,,,,,,0.9529,2022-09-20T14:49:00+00:00,992,2929
summary,2022-09-23,MSFT,,,,,,,0.00,,0,,,,,,,,,,0.8869,2022-09-20T13:46:00+00:00,811,2357
trade,2022-09-26,SPY,Long,2022-09-26T13:55:00+00:00,2022-09-26T14:49:00+00:00,368.2955,367.7946,0.81,-0.41,-0.001360,3240000,ScoreExit,0.2225,-0.0633,0.0266,0.1638,0.4051,-0.5329,-0.1864,0.3395,,,
summary,2022-09-26,SPY,,,,,,,-0.41,,1,,,,,,,,,,0.5016,2022-09-23T19:44:00+00:00,317,1199
trade,2022-09-26,AAPL,Long,2022-09-26T13:34:00+00:00,2022-09-26T15:10:00+00:00,150.9703,152.0594,1.99,2.16,0.007214,5760000,ScoreExit,0.4786,-0.0525,0.5761,0.3035,0.7964,-0.5581,-0.3048,0.6205,,,
summary,2022-09-26,AAPL,,,,,,,2.16,,1,,,,,,,,,,0.6212,2022-09-26T13:59:00+00:00,577,1127
trade,2022-09-26,NVDA,Long,2022-09-26T13:51:00+00:00,2022-09-26T14:46:00+00:00,125.2526,124.8675,2.39,-0.92,-0.003074,3300000,ScoreExit,0.3175,-0.0716,0.3307,0.0438,0.8607,-0.5612,-0.3768,0.7021,,,
summary,2022-09-26,NVDA,,,,,,,-0.92,,1,,,,,,,,,,1.0000,2022-09-23T13:34:00+00:00,514,1076
trade,2022-09-26,MSFT,Long,2022-09-26T13:39:00+00:00,2022-09-26T15:06:00+00:00,239.6969,239.7730,1.25,0.10,0.000318,5220000,ScoreExit,0.4922,-0.0528,0.5809,0.3553,0.7363,-0.5174,-0.3158,0.6282,,,
summary,2022-09-26,MSFT,,,,,,,0.10,,1,,,,,,,,,,0.9354,2022-09-23T14:53:00+00:00,370,952
trade,2022-09-27,SPY,Long,2022-09-27T13:31:00+00:00,2022-09-27T14:01:00+00:00,367.8253,367.1848,0.82,-0.52,-0.001741,1800000,ScoreExit,0.1963,-0.1431,-0.5637,0.1785,0.4854,-0.5232,-0.3516,0.4006,,,
trade,2022-09-27,SPY,Long,2022-09-27T14:41:00+00:00,2022-09-27T15:16:00+00:00,367.8153,367.0449,0.82,-0.63,-0.002095,2100000,ScoreExit,0.2331,-0.1067,-0.0215,0.1778,0.4287,-0.5309,-0.1454,0.1123,,,
summary,2022-09-27,SPY,,,,,,,-1.15,,2,,,,,,,,,,0.6040,2022-09-26T14:16:00+00:00,615,1595
trade,2022-09-27,QQQ,Long,2022-09-27T13:31:00+00:00,2022-09-27T14:01:00+00:00,277.7883,277.1518,1.08,-0.69,-0.002291,1800000,ScoreExit,0.3228,-0.1348,-0.3989,0.3421,0.5246,-0.5392,-0.3703,0.4709,,,
trade,2022-09-27,QQQ,Long,2022-09-27T14:41:00+00:00,2022-09-27T15:16:00+00:00,277.5682,277.0219,1.08,-0.59,-0.001968,2100000,ScoreExit,0.2142,-0.0903,-0.0735,0.1281,0.4822,-0.5377,-0.1344,0.1471,,,
summary,2022-09-27,QQQ,,,,,,,-1.28,,2,,,,,,,,,,0.6358,2022-09-26T14:16:00+00:00,641,1620
trade,2022-09-27,AAPL,Long,2022-09-27T14:41:00+00:00,2022-09-27T15:01:00+00:00,153.0709,153.3790,1.96,0.60,0.002013,1200000,ScoreExit,0.2386,-0.0605,0.0437,0.0967,0.5875,-0.2220,-0.2172,0.3066,,,
summary,2022-09-27,AAPL,,,,,,,0.60,,1,,,,,,,,,,0.7132,2022-09-26T14:16:00+00:00,656,1455
summary,2022-09-27,NVDA,,,,,,,0.00,,0,,,,,,,,,,0.9116,2022-09-26T08:22:00+00:00,566,1378
trade,2022-09-27,MSFT,Long,2022-09-27T13:33:00+00:00,2022-09-27T14:01:00+00:00,240.6872,238.8833,1.25,-2.25,-0.007495,1680000,ScoreExit,0.3834,-0.1647,0.4690,0.3249,0.4720,-0.5199,-0.3347,0.2937,,,
trade,2022-09-27,MSFT,Long,2022-09-27T14:53:00+00:00,2022-09-27T15:02:00+00:00,239.8569,239.2932,1.25,-0.70,-0.002350,540000,ScoreExit,0.1560,-0.0912,0.0098,0.0552,0.4062,-0.5635,-0.0968,0.0775,,,
summary,2022-09-27,MSFT,,,,,,,-2.95,,2,,,,,,,,,,0.7692,2022-09-26T08:30:00+00:00,453,1166
summary,2022-09-28,AAPL,,,,,,,0.00,,0,,,,,,,,,,0.7132,2022-09-26T14:16:00+00:00,879,2355
trade,2022-09-28,MSFT,Long,2022-09-28T14:32:00+00:00,2022-09-28T15:39:00+00:00,238.0964,237.9736,1.26,-0.15,-0.000516,4020000,ScoreExit,0.3594,-0.0565,0.4248,0.3745,0.3073,-0.5129,-0.1912,0.3649,,,
summary,2022-09-28,MSFT,,,,,,,-0.15,,1,,,,,,,,,,0.7692,2022-09-26T08:30:00+00:00,783,1851
summary,2022-09-29,SPY,,,,,,,0.00,,0,,,,,,,,,,0.8924,2022-09-26T14:16:00+00:00,1291,3126
summary,2022-09-29,QQQ,,,,,,,0.00,,0,,,,,,,,,,0.8912,2022-09-26T14:16:00+00:00,1347,3149
summary,2022-09-29,AAPL,,,,,,,0.00,,0,,,,,,,,,,1.0000,2022-09-26T13:36:00+00:00,835,3010
summary,2022-09-29,NVDA,,,,,,,0.00,,0,,,,,,,,,,1.0000,2022-09-26T13:36:00+00:00,1237,2688
summary,2022-09-29,MSFT,,,,,,,0.00,,0,,,,,,,,,,1.0000,2022-09-26T13:33:00+00:00,792,2303
summary,2022-09-30,AAPL,,,,,,,0.00,,0,,,,,,,,,,1.0000,2022-09-27T13:33:00+00:00,384,3075
trade,2022-09-30,NVDA,Long,2022-09-30T13:41:00+00:00,2022-09-30T15:41:00+00:00,122.4667,124.9925,2.45,6.20,0.020624,7200000,ScoreExit,0.4248,-0.1025,0.2118,0.6434,0.0585,-0.5600,-0.3277,0.5003,,,
summary,2022-09-30,NVDA,,,,,,,6.20,,1,,,,,,,,,,1.0000,2022-09-27T13:34:00+00:00,957,2638
trade,2022-10-03,SPY,Long,2022-10-03T14:01:00+00:00,2022-10-03T15:56:00+00:00,362.0636,363.7358,0.83,1.39,0.004619,6900000,SessionClose,0.4134,-0.0121,0.5112,0.2669,0.6737,-0.4112,-0.2486,0.5939,,,
summary,2022-10-03,SPY,,,,,,,1.39,,1,,,,,,,,,,0.9480,2022-09-30T15:04:00+00:00,583,1198
trade,2022-10-03,QQQ,Long,2022-10-03T14:22:00+00:00,2022-10-03T15:38:00+00:00,270.5935,270.8437,1.11,0.28,0.000925,4560000,ScoreExit,0.3823,-0.0509,0.3480,0.4109,0.3363,-0.5550,-0.1842,0.3837,,,
summary,2022-10-03,QQQ,,,,,,,0.28,,1,,,,,,,,,,0.9524,2022-09-30T14:59:00+00:00,448,1190
trade,2022-10-03,AAPL,Long,2022-10-03T14:01:00+00:00,2022-10-03T15:38:00+00:00,139.8269,140.3229,2.15,1.06,0.003547,5820000,ScoreExit,0.4010,-0.0714,0.5024,0.3904,0.3885,-0.5685,-0.3128,0.5770,,,
summary,2022-10-03,AAPL,,,,,,,1.06,,1,,,,,,,,,,1.0000,2022-09-30T13:33:00+00:00,444,1177
trade,2022-10-03,MSFT,Long,2022-10-03T13:49:00+00:00,2022-10-03T13:56:00+00:00,236.6540,235.5356,1.27,-1.42,-0.004726,420000,ScoreExit,0.4322,-0.0816,0.3865,0.3515,0.6089,-0.4712,-0.2308,0.3466,,,
trade,2022-10-03,MSFT,Long,2022-10-03T14:01:00+00:00,2022-10-03T15:56:00+00:00,236.1858,237.2688,1.27,1.38,0.004585,6900000,SessionClose,0.3456,0.1676,0.3347,0.2201,0.6003,0.2640,-0.1036,0.6780,,,
summary,2022-10-03,MSFT,,,,,,,-0.04,,2,,,,,,,,,,0.9887,2022-09-30T13:33:00+00:00,547,1003
trade,2022-10-04,QQQ,Long,2022-10-04T14:54:00+00:00,2022-10-04T15:56:00+00:00,282.5697,281.7305,1.06,-0.89,-0.002970,3720000,SessionClose,0.3189,0.1916,0.2410,0.1230,0.7368,-0.3208,0.0194,0.7067,,,
summary,2022-10-04,QQQ,,,,,,,-0.89,,1,,,,,,,,,,0.8179,2022-10-03T09:34:00+00:00,1426,1601
summary,2022-10-04,AAPL,,,,,,,0.00,,0,,,,,,,,,,0.8895,2022-10-03T09:31:00+00:00,1367,1519
summary,2022-10-05,QQQ,,,,,,,0.00,,0,,,,,,,,,,0.8179,2022-10-03T09:34:00+00:00,1990,2480
summary,2022-10-05,AAPL,,,,,,,0.00,,0,,,,,,,,,,0.8895,2022-10-03T09:31:00+00:00,1953,2313
summary,2022-10-05,NVDA,,,,,,,0.00,,0,,,,,,,,,,0.7345,2022-10-03T09:59:00+00:00,1669,2081
summary,2022-10-06,SPY,,,,,,,0.00,,0,,,,,,,,,,0.9561,2022-10-03T14:47:00+00:00,2316,3101
trade,2022-10-06,AAPL,Long,2022-10-06T13:36:00+00:00,2022-10-06T14:01:00+00:00,146.7390,146.3061,2.04,-0.88,-0.002950,1500000,ScoreExit,0.3981,-0.0550,0.4299,0.4010,0.3815,-0.5818,-0.1801,0.3706,,,
summary,2022-10-06,AAPL,,,,,,,-0.88,,1,,,,,,,,,,1.0000,2022-10-03T13:36:00+00:00,2267,2844
summary,2022-10-07,SPY,,,,,,,0.00,,0,,,,,,,,,,0.9410,2022-10-04T14:58:00+00:00,918,3026
summary,2022-10-07,QQQ,,,,,,,0.00,,0,,,,,,,,,,0.9553,2022-10-04T14:58:00+00:00,1044,3015
summary,2022-10-07,AAPL,,,,,,,0.00,,0,,,,,,,,,,0.8952,2022-10-04T14:01:00+00:00,1183,2748
summary,2022-10-07,NVDA,,,,,,,0.00,,0,,,,,,,,,,1.0000,2022-10-04T13:39:00+00:00,1303,2698
summary,2022-10-07,MSFT,,,,,,,0.00,,0,,,,,,,,,,0.8985,2022-10-04T14:01:00+00:00,730,2223
summary,2022-10-10,QQQ,,,,,,,0.00,,0,,,,,,,,,,0.3009,2022-10-10T12:59:00+00:00,10,1186
summary,2022-10-10,AAPL,,,,,,,0.00,,0,,,,,,,,,,0.6053,2022-10-07T13:39:00+00:00,241,1143
summary,2022-10-10,NVDA,,,,,,,0.00,,0,,,,,,,,,,1.0000,2022-10-07T13:33:00+00:00,151,1075
summary,2022-10-11,QQQ,,,,,,,0.00,,0,,,,,,,,,,0.7651,2022-10-10T09:30:00+00:00,616,1589
summary,2022-10-11,AAPL,,,,,,,0.00,,0,,,,,,,,,,0.8075,2022-10-10T09:34:00+00:00,863,1437
summary,2022-10-11,NVDA,,,,,,,0.00,,0,,,,,,,,,,0.7464,2022-10-10T17:48:00+00:00,562,1352
summary,2022-10-11,MSFT,,,,,,,0.00,,0,,,,,,,,,,0.8987,2022-10-10T09:48:00+00:00,316,1127
summary,2022-10-12,SPY,,,,,,,0.00,,0,,,,,,,,,,0.7700,2022-10-10T09:30:00+00:00,810,2450
summary,2022-10-12,QQQ,,,,,,,0.00,,0,,,,,,,,,,0.7651,2022-10-10T09:30:00+00:00,792,2473
summary,2022-10-12,NVDA,,,,,,,0.00,,0,,,,,,,,,,0.7464,2022-10-10T17:48:00+00:00,886,2054
summary,2022-10-12,MSFT,,,,,,,0.00,,0,,,,,,,,,,0.8987,2022-10-10T09:48:00+00:00,343,1744
summary,2022-10-13,SPY,,,,,,,0.00,,0,,,,,,,,,,0.6822,2022-10-13T15:38:00+00:00,845,3038
summary,2022-10-13,AAPL,,,,,,,0.00,,0,,,,,,,,,,0.8830,2022-10-10T14:27:00+00:00,1171,2710
trade,2022-10-13,NVDA,Long,2022-10-13T14:07:00+00:00,2022-10-13T15:56:00+00:00,111.2184,118.8643,2.70,20.63,0.068747,6540000,SessionClose,0.4143,0.3491,0.0674,0.6530,0.0528,-0.4579,0.3200,0.6762,,,
summary,2022-10-13,NVDA,,,,,,,20.63,,1,,,,,,,,,,0.7500,2022-10-13T15:18:00+00:00,1252,2542
trade,2022-10-13,MSFT,Long,2022-10-13T14:04:00+00:00,2022-10-13T15:00:00+00:00,223.2219,225.0375,1.34,2.44,0.008133,3360000,ScoreExit,0.3790,-0.0706,0.3695,0.5440,0.0523,-0.5389,-0.0540,0.0523,,,
summary,2022-10-13,MSFT,,,,,,,2.44,,1,,,,,,,,,,0.6820,2022-10-13T15:38:00+00:00,537,2184
summary,2022-10-14,SPY,,,,,,,0.00,,0,,,,,,,,,,0.9564,2022-10-11T15:03:00+00:00,1626,3052
summary,2022-10-14,AAPL,,,,,,,0.00,,0,,,,,,,,,,0.8977,2022-10-11T15:04:00+00:00,1233,2769
summary,2022-10-14,MSFT,,,,,,,0.00,,0,,,,,,,,,,0.7616,2022-10-11T15:03:00+00:00,1223,2196
trade,2022-10-17,QQQ,Long,2022-10-17T14:36:00+00:00,2022-10-17T15:56:00+00:00,269.1557,269.5041,1.12,0.39,0.001294,4800000,SessionClose,0.2549,0.3511,0.2505,0.0446,0.6769,-0.0856,0.2211,0.7565,,,
summary,2022-10-17,QQQ,,,,,,,0.39,,1,,,,,,,,,,0.6362,2022-10-14T13:39:00+00:00,552,1171
trade,2022-10-17,AAPL,Long,2022-10-17T13:31:00+00:00,2022-10-17T14:52:00+00:00,141.0873,141.0630,2.13,-0.05,-0.000173,4860000,ScoreExit,0.3300,-0.0513,-0.3561,0.2024,0.8140,-0.5681,-0.3513,0.7207,,,
summary,2022-10-17,AAPL,,,,,,,-0.05,,1,,,,,,,,,,0.5413,2022-10-17T13:03:00+00:00,589,1130
summary,2022-10-17,NVDA,,,,,,,0.00,,0,,,,,,,,,,0.8065,2022-10-17T13:37:00+00:00,497,1075
trade,2022-10-18,SPY,Long,2022-10-18T14:06:00+00:00,2022-10-18T14:21:00+00:00,373.7671,373.2880,0.80,-0.38,-0.001282,900000,ScoreExit,0.2163,-0.0671,0.2148,0.0952,0.4591,-0.2893,-0.2931,0.4591,,,
summary,2022-10-18,SPY,,,,,,,-0.38,,1,,,,,,,,,,0.6408,2022-10-17T13:36:00+00:00,1248,1614
trade,2022-10-18,QQQ,Long,2022-10-18T14:46:00+00:00,2022-10-18T15:06:00+00:00,272.7068,272.5932,1.10,-0.13,-0.000417,1200000,ScoreExit,0.1429,-0.1091,0.0894,0.0105,0.4257,-0.0015,-0.3104,0.2576,,,
summary,2022-10-18,QQQ,,,,,,,-0.13,,1,,,,,,,,,,0.7555,2022-10-17T09:30:00+00:00,1299,1615
trade,2022-10-18,AAPL,Long,2022-10-18T14:46:00+00:00,2022-10-18T15:06:00+00:00,145.3036,145.0115,2.07,-0.60,-0.002010,1200000,ScoreExit,0.2553,-0.0984,0.2864,0.0695,0.6167,-0.0627,-0.3740,0.4409,,,
summary,2022-10-18,AAPL,,,,,,,-0.60,,1,,,,,,,,,,0.5979,2022-10-17T13:03:00+00:00,1174,1489
summary,2022-10-18,NVDA,,,,,,,0.00,,0,,,,,,,,,,0.8075,2022-10-17T13:37:00+00:00,1036,1335
summary,2022-10-18,MSFT,,,,,,,0.00,,0,,,,,,,,,,0.7908,2022-10-17T10:09:00+00:00,792,1194
summary,2022-10-19,SPY,,,,,,,0.00,,0,,,,,,,,,,0.6408,2022-10-17T13:36:00+00:00,1627,2539
summary,2022-10-19,MSFT,,,,,,,0.00,,0,,,,,,,,,,0.7908,2022-10-17T10:09:00+00:00,963,1875
trade,2022-10-20,SPY,Long,2022-10-20T14:23:00+00:00,2022-10-20T15:16:00+00:00,372.3867,371.2836,0.81,-0.89,-0.002962,3180000,ScoreExit,0.3789,-0.1007,0.3905,0.4029,0.3270,-0.4523,-0.2116,0.2383,,,
summary,2022-10-20,SPY,,,,,,,-0.89,,1,,,,,,,,,,0.9027,2022-10-17T13:40:00+00:00,1635,3144
trade,2022-10-20,QQQ,Long,2022-10-20T14:01:00+00:00,2022-10-20T15:27:00+00:00,272.2767,273.6929,1.10,1.56,0.005201,5160000,ScoreExit,0.4723,-0.0563,0.3060,0.5067,0.4591,-0.4321,-0.1990,0.3545,,,
summary,2022-10-20,QQQ,,,,,,,1.56,,1,,,,,,,,,,1.0000,2022-10-17T13:40:00+00:00,1661,3143
trade,2022-10-20,AAPL,Long,2022-10-20T13:33:00+00:00,2022-10-20T15:34:00+00:00,143.8882,145.2314,2.09,2.80,0.009335,7260000,MaxHoldTimeout,0.3857,0.1800,0.4247,0.4064,0.3313,0.2299,0.0664,0.3906,,,
summary,2022-10-20,AAPL,,,,,,,2.80,,1,,,,,,,,,,1.0000,2022-10-17T13:41:00+00:00,1903,2925
summary,2022-10-21,SPY,,,,,,,0.00,,0,,,,,,,,,,0.6049,2022-10-18T20:18:00+00:00,909,3086
summary,2022-10-21,QQQ,,,,,,,0.00,,0,,,,,,,,,,0.6697,2022-10-18T20:03:00+00:00,914,3101
summary,2022-10-21,AAPL,,,,,,,0.00,,0,,,,,,,,,,0.6683,2022-10-18T13:32:00+00:00,1301,2853
trade,2022-10-21,NVDA,Long,2022-10-21T13:51:00+00:00,2022-10-21T14:26:00+00:00,120.7312,121.8384,2.49,2.76,0.009171,2100000,ScoreExit,0.3796,-0.1155,0.2650,0.5325,0.1121,-0.6012,-0.1651,0.1457,,,
summary,2022-10-21,NVDA,,,,,,,2.76,,1,,,,,,,,,,0.7672,2022-10-19T14:28:00+00:00,1362,2631
trade,2022-10-24,AAPL,Long,2022-10-24T13:36:00+00:00,2022-10-24T14:21:00+00:00,147.2392,146.2211,2.04,-2.08,-0.006914,2700000,ScoreExit,0.4069,-0.0845,0.3153,0.2817,0.6879,-0.5410,-0.2927,0.4843,,,
trade,2022-10-24,AAPL,Long,2022-10-24T14:31:00+00:00,2022-10-24T15:56:00+00:00,146.5790,148.2205,2.05,3.36,0.011199,5100000,SessionClose,0.2158,0.4758,0.3284,0.0070,0.5960,0.5277,0.3526,0.7048,,,
summary,2022-10-24,AAPL,,,,,,,1.28,,2,,,,,,,,,,0.9423,2022-10-21T13:46:00+00:00,1057,1161
trade,2022-10-24,NVDA,Long,2022-10-24T14:56:00+00:00,2022-10-24T15:56:00+00:00,122.9919,124.8875,2.44,4.63,0.015413,3600000,SessionClose,0.3971,0.5533,0.4927,0.4022,0.3551,0.5202,0.4469,0.7771,,,
summary,2022-10-24,NVDA,,,,,,,4.63,,1,,,,,,,,,,1.0000,2022-10-21T13:32:00+00:00,898,1078
trade,2022-10-24,MSFT,Long,2022-10-24T13:36:00+00:00,2022-10-24T14:56:00+00:00,243.5380,243.4519,1.23,-0.11,-0.000354,4800000,MaxHoldTimeout,0.2553,0.3459,0.3420,0.0388,0.6595,-0.1626,0.2844,0.6384,,,
trade,2022-10-24,MSFT,Long,2022-10-24T14:58:00+00:00,2022-10-24T15:56:00+00:00,243.5780,245.6113,1.23,2.51,0.008347,3480000,SessionClose,0.3489,0.5035,-0.1325,0.2844,0.6384,0.5324,0.3905,0.7198,,,
summary,2022-10-24,MSFT,,,,,,,2.40,,2,,,,,,,,,,0.9294,2022-10-21T13:46:00+00:00,970,1033
summary,2022-10-25,SPY,,,,,,,0.00,,0,,,,,,,,,,0.6364,2022-10-24T10:19:00+00:00,1227,1594
trade,2022-10-25,QQQ,Long,2022-10-25T14:52:00+00:00,2022-10-25T15:56:00+00:00,282.4397,283.7099,1.06,1.35,0.004497,3840000,SessionClose,0.2633,0.2768,0.4523,0.0509,0.6250,0.4563,0.0416,0.6872,,,
summary,2022-10-25,QQQ,,,,,,,1.35,,1,,,,,,,,,,0.6246,2022-10-24T10:19:00+00:00,1258,1574
summary,2022-10-25,AAPL,,,,,,,0.00,,0,,,,,,,,,,0.6564,2022-10-24T10:33:00+00:00,1172,1467
trade,2022-10-25,NVDA,Long,2022-10-25T14:59:00+00:00,2022-10-25T15:56:00+00:00,130.8273,132.1953,2.30,3.15,0.010456,3420000,SessionClose,0.2653,0.1683,0.1794,0.0014,0.8218,-0.4179,-0.0705,0.8413,,,
summary,2022-10-25,NVDA,,,,,,,3.15,,1,,,,,,,,,,0.9579,2022-10-24T09:49:00+00:00,1056,1243
trade,2022-10-25,MSFT,Long,2022-10-25T13:46:00+00:00,2022-10-25T15:47:00+00:00,247.1990,249.6381,1.21,2.96,0.009867,7260000,MaxHoldTimeout,0.3272,0.4130,0.2282,0.1968,0.6211,0.2438,0.3406,0.6141,,,
summary,2022-10-25,MSFT,,,,,,,2.96,,1,,,,,,,,,,0.9583,2022-10-24T09:55:00+00:00,1048,1230
trade,2022-10-26,SPY,Long,2022-10-26T14:18:00+00:00,2022-10-26T15:56:00+00:00,383.9802,386.4140,0.78,1.90,0.006339,5880000,SessionClose,0.3639,0.0805,0.4132,0.3691,0.3372,-0.5502,0.0166,0.4184,,,
summary,2022-10-26,SPY,,,,,,,1.90,,1,,,,,,,,,,0.6364,2022-10-24T10:19:00+00:00,1732,2516
trade,2022-10-26,QQQ,Long,2022-10-26T14:29:00+00:00,2022-10-26T15:56:00+00:00,281.1593,282.7901,1.07,1.74,0.005800,5220000,SessionClose,0.3532,0.0736,0.4484,0.3302,0.3674,-0.5240,-0.0221,0.4643,,,
summary,2022-10-26,QQQ,,,,,,,1.74,,1,,,,,,,,,,0.6246,2022-10-24T10:19:00+00:00,1620,2507
summary,2022-10-26,AAPL,,,,,,,0.00,,0,,,,,,,,,,0.6564,2022-10-24T10:33:00+00:00,1614,2360
trade,2022-10-26,NVDA,Long,2022-10-26T13:46:00+00:00,2022-10-26T15:47:00+00:00,129.0937,133.0671,2.33,9.26,0.030779,7260000,MaxHoldTimeout,0.3529,0.0846,0.3279,0.3092,0.4487,-0.5250,-0.0740,0.6049,,,
summary,2022-10-26,NVDA,,,,,,,9.26,,1,,,,,,,,,,0.9579,2022-10-24T09:49:00+00:00,1520,2030
summary,2022-10-26,MSFT,,,,,,,0.00,,0,,,,,,,,,,0.9583,2022-10-24T09:55:00+00:00,1050,2162
summary,2022-10-27,SPY,,,,,,,0.00,,0,,,,,,,,,,0.9386,2022-10-24T13:45:00+00:00,1884,3109
summary,2022-10-27,QQQ,,,,,,,0.00,,0,,,,,,,,,,0.9241,2022-10-24T13:45:00+00:00,1458,3122
summary,2022-10-27,AAPL,,,,,,,0.00,,0,,,,,,,,,,0.9182,2022-10-24T13:45:00+00:00,1505,2952
trade,2022-10-27,NVDA,Long,2022-10-27T14:24:00+00:00,2022-10-27T15:12:00+00:00,135.3556,134.3247,2.23,-2.30,-0.007616,2880000,ScoreExit,0.2625,-0.0952,0.1290,0.1863,0.4594,-0.3279,-0.1981,0.1881,,,
summary,2022-10-27,NVDA,,,,,,,-2.30,,1,,,,,,,,,,0.8025,2022-10-25T13:59:00+00:00,1961,2636
summary,2022-10-27,MSFT,,,,,,,0.00,,0,,,,,,,,,,1.0000,2022-10-24T13:37:00+00:00,914,2786
trade,2022-10-28,NVDA,Long,2022-10-28T14:35:00+00:00,2022-10-28T15:56:00+00:00,133.5250,136.0892,2.25,5.78,0.019203,4860000,SessionClose,0.2011,0.1925,-0.0082,0.0196,0.6337,-0.2883,0.0235,0.6907,,,
summary,2022-10-28,NVDA,,,,,,,5.78,,1,,,,,,,,,,1.0000,2022-10-25T13:31:00+00:00,1649,2722
summary,2022-10-31,SPY,,,,,,,0.00,,0,,,,,,,,,,0.9564,2022-10-28T14:46:00+00:00,834,1196
summary,2022-10-31,AAPL,,,,,,,0.00,,0,,,,,,,,,,1.0000,2022-10-28T13:35:00+00:00,659,1169
summary,2022-10-31,NVDA,,,,,,,0.00,,0,,,,,,,,,,1.0000,2022-10-28T13:32:00+00:00,730,1075
summary,2022-11-01,SPY,,,,,,,0.00,,0,,,,,,,,,,0.5075,2022-10-31T15:54:00+00:00,729,1567
summary,2022-11-01,QQQ,,,,,,,0.00,,0,,,,,,,,,,0.5601,2022-10-31T15:54:00+00:00,634,1514
summary,2022-11-01,AAPL,,,,,,,0.00,,0,,,,,,,,,,0.7579,2022-10-31T09:24:00+00:00,638,1473
summary,2022-11-01,NVDA,,,,,,,0.00,,0,,,,,,,,,,0.7676,2022-10-31T09:34:00+00:00,714,1235
summary,2022-11-01,MSFT,,,,,,,0.00,,0,,,,,,,,,,0.6016,2022-10-31T15:54:00+00:00,363,1139
summary,2022-11-02,SPY,,,,,,,0.00,,0,,,,,,,,,,0.5075,2022-10-31T15:54:00+00:00,785,2366
summary,2022-11-02,QQQ,,,,,,,0.00,,0,,,,,,,,,,0.5601,2022-10-31T15:54:00+00:00,641,2363
summary,2022-11-02,AAPL,,,,,,,0.00,,0,,,,,,,,,,0.7579,2022-10-31T09:24:00+00:00,638,2250
trade,2022-11-02,NVDA,Long,2022-11-02T14:51:00+00:00,2022-11-02T15:28:00+00:00,138.9969,138.4235,2.16,-1.24,-0.004125,2220000,ScoreExit,0.2456,-0.0531,-0.0362,0.1180,0.5946,-0.4466,-0.2318,0.4355,,,
summary,2022-11-02,NVDA,,,,,,,-1.24,,1,,,,,,,,,,0.7676,2022-10-31T09:34:00+00:00,1192,1932
summary,2022-11-02,MSFT,,,,,,,0.00,,0,,,,,,,,,,0.6016,2022-10-31T15:54:00+00:00,363,1743
summary,2022-11-03,SPY,,,,,,,0.00,,0,,,,,,,,,,0.5992,2022-10-31T15:54:00+00:00,668,2987
summary,2022-11-03,QQQ,,,,,,,0.00,,0,,,,,,,,,,0.6692,2022-10-31T15:54:00+00:00,571,3007
trade,2022-11-03,NVDA,Long,2022-11-03T14:01:00+00:00,2022-11-03T15:11:00+00:00,130.1040,135.4044,2.31,12.23,0.040739,4200000,ScoreExit,0.3589,-0.0557,-0.4525,0.5163,0.3145,-0.6105,-0.0902,0.1984,,,
summary,2022-11-03,NVDA,,,,,,,12.23,,1,,,,,,,,,,0.7620,2022-10-31T15:54:00+00:00,1295,2486
summary,2022-11-04,SPY,,,,,,,0.00,,0,,,,,,,,,,0.4559,2022-11-02T18:01:00+00:00,233,2988
summary,2022-11-04,AAPL,,,,,,,0.00,,0,,,,,,,,,,0.4711,2022-11-02T18:01:00+00:00,157,2967
trade,2022-11-04,MSFT,Long,2022-11-04T14:43:00+00:00,2022-11-04T15:56:00+00:00,219.4189,216.0102,1.37,-4.66,-0.015535,4380000,SessionClose,0.3549,0.0000,0.1353,0.5202,0.0976,0.3103,-0.3795,-0.1418,,,
summary,2022-11-04,MSFT,,,,,,,-4.66,,1,,,,,,,,,,0.4979,2022-11-02T18:01:00+00:00,371,2427
trade,2022-11-07,NVDA,Long,2022-11-07T15:01:00+00:00,2022-11-07T15:56:00+00:00,140.7572,141.2526,2.13,1.05,0.003520,3300000,SessionClose,0.3915,0.3335,0.3945,0.2730,0.6275,0.2606,0.1952,0.6344,,,
trade,2022-11-07,NVDA,Long,2022-11-07T15:58:00+00:00,2022-11-07T15:59:00+00:00,141.3224,141.2326,2.12,-0.19,-0.000635,60000,SessionClose,0.3234,0.3187,0.1593,0.1952,0.6344,0.1122,0.1952,0.6344,,,
summary,2022-11-07,NVDA,,,,,,,0.86,,2,,,,,,,,,,0.9063,2022-11-04T14:00:00+00:00,767,1048
trade,2022-11-07,MSFT,Long,2022-11-07T15:58:00+00:00,2022-11-07T15:59:00+00:00,226.1228,226.1771,1.33,0.07,0.000240,60000,SessionClose,0.4864,0.4940,0.4821,0.3372,0.7861,0.5588,0.3372,0.7861,,,
summary,2022-11-07,MSFT,,,,,,,0.07,,1,,,,,,,,,,0.9562,2022-11-04T14:41:00+00:00,811,990
trade,2022-11-08,SPY,Long,2022-11-08T15:06:00+00:00,2022-11-08T15:56:00+00:00,381.0043,382.6291,0.79,1.28,0.004265,3000000,SessionClose,0.2651,0.2829,0.2891,0.1235,0.5404,-0.5200,0.2880,0.5404,,,
trade,2022-11-08,SPY,Long,2022-11-08T15:58:00+00:00,2022-11-08T15:59:00+00:00,383.0099,382.8101,0.78,-0.16,-0.000522,60000,SessionClose,0.3335,0.3369,-0.0142,0.2880,0.5404,0.0200,0.2880,0.5404,,,
summary,2022-11-08,SPY,,,,,,,1.12,,2,,,,,,,,,,0.7499,2022-11-07T10:23:00+00:00,1075,1544
trade,2022-11-08,AAPL,Long,2022-11-08T15:38:00+00:00,2022-11-08T15:56:00+00:00,138.7566,139.1632,2.16,0.88,0.002930,1080000,SessionClose,0.2287,0.3614,0.0509,0.1309,0.4835,-0.0439,0.3678,0.4835,,,
trade,2022-11-08,AAPL,Long,2022-11-08T15:58:00+00:00,2022-11-08T15:59:00+00:00,139.4269,139.3532,2.15,-0.16,-0.000529,60000,SessionClose,0.4137,0.4141,0.4795,0.3678,0.4835,0.4834,0.3678,0.4835,,,
summary,2022-11-08,AAPL,,,,,,,0.72,,2,,,,,,,,,,0.9202,2022-11-07T09:00:00+00:00,1024,1509
trade,2022-11-08,NVDA,Long,2022-11-08T15:33:00+00:00,2022-11-08T15:56:00+00:00,145.8687,145.7313,2.06,-0.28,-0.000942,1380000,SessionClose,0.2312,0.2473,0.1815,0.0646,0.5811,-0.5426,0.2120,0.5811,,,
trade,2022-11-08,NVDA,Long,2022-11-08T15:58:00+00:00,2022-11-08T15:59:00+00:00,146.1888,146.1610,2.05,-0.06,-0.000190,60000,SessionClose,0.3059,0.3171,0.0438,0.2120,0.5811,0.1552,0.2120,0.5811,,,
summary,2022-11-08,NVDA,,,,,,,-0.34,,2,,,,,,,,,,0.8932,2022-11-07T10:58:00+00:00,928,1340
summary,2022-11-09,SPY,,,,,,,0.00,,0,,,,,,,,,,0.7499,2022-11-07T10:23:00+00:00,1324,2457
summary,2022-11-09,AAPL,,,,,,,0.00,,0,,,,,,,,,,0.9202,2022-11-07T09:00:00+00:00,1233,2289
summary,2022-11-09,MSFT,,,,,,,0.00,,0,,,,,,,,,,0.8697,2022-11-07T11:03:00+00:00,960,1684
trade,2022-11-10,SPY,Long,2022-11-10T15:41:00+00:00,2022-11-10T15:56:00+00:00,388.8666,389.7730,0.77,0.70,0.002331,900000,SessionClose,0.2072,0.3083,-0.0284,0.0248,0.6507,0.0536,0.1796,0.6507,,,
trade,2022-11-10,SPY,Long,2022-11-10T16:00:00+00:00,2022-11-10T16:01:00+00:00,390.5621,390.1479,0.77,-0.32,-0.001061,60000,SessionClose,0.3491,0.2174,0.4614,0.1796,0.6507,0.1256,0.0169,0.6489,,,
summary,2022-11-10,SPY,,,,,,,0.38,,2,,,,,,,,,,0.6962,2022-11-10T13:40:00+00:00,1711,3003
trade,2022-11-10,AAPL,Long,2022-11-10T15:34:00+00:00,2022-11-10T15:56:00+00:00,143.2880,142.9421,2.10,-0.73,-0.002414,1320000,SessionClose,0.2518,0.1579,-0.0505,0.1028,0.6507,-0.3353,-0.0063,0.6507,,,
summary,2022-11-10,AAPL,,,,,,,-0.73,,1,,,,,,,,,,0.8889,2022-11-07T15:16:00+00:00,1638,2825
trade,2022-11-10,MSFT,Long,2022-11-10T15:04:00+00:00,2022-11-10T15:56:00+00:00,239.6969,238.1985,1.26,-1.88,-0.006251,3120000,SessionClose,0.5094,0.1650,0.1898,0.4613,0.7122,-0.4105,-0.0126,0.7122,,,
summary,2022-11-10,MSFT,,,,,,,-1.88,,1,,,,,,,,,,0.9563,2022-11-07T15:59:00+00:00,1338,2144
trade,2022-11-11,AAPL,Long,2022-11-11T15:01:00+00:00,2022-11-11T15:56:00+00:00,146.0488,148.2017,2.06,4.43,0.014741,3300000,SessionClose,0.2811,0.3565,0.2455,0.1424,0.5704,0.1099,0.2907,0.5704,,,
trade,2022-11-11,AAPL,Long,2022-11-11T15:58:00+00:00,2022-11-11T15:59:00+00:00,148.1444,148.2304,2.03,0.17,0.000580,60000,SessionClose,0.3330,0.3640,-0.1251,0.2907,0.5704,0.1842,0.2907,0.5704,,,
summary,2022-11-11,AAPL,,,,,,,4.60,,2,,,,,,,,,,0.7963,2022-11-08T15:59:00+00:00,1631,2905
trade,2022-11-11,NVDA,Long,2022-11-11T14:54:00+00:00,2022-11-11T15:56:00+00:00,159.3526,160.6468,1.90,2.45,0.008122,3720000,SessionClose,0.1828,0.2274,0.1335,0.0454,0.4741,-0.0621,0.1182,0.5422,,,
trade,2022-11-11,NVDA,Long,2022-11-11T15:58:00+00:00,2022-11-11T15:59:00+00:00,160.2130,160.3769,1.89,0.31,0.001023,60000,SessionClose,0.1931,0.2189,-0.4049,0.1182,0.5422,-0.1470,0.1182,0.5422,,,
summary,2022-11-11,NVDA,,,,,,,2.76,,2,,,,,,,,,,0.8131,2022-11-10T13:35:00+00:00,1527,2681
trade,2022-11-11,MSFT,Long,2022-11-11T15:58:00+00:00,2022-11-11T15:59:00+00:00,245.8287,245.7762,1.23,-0.06,-0.000213,60000,SessionClose,0.1586,0.1661,-0.3286,0.0277,0.5826,-0.2531,0.0277,0.5826,,,
summary,2022-11-11,MSFT,,,,,,,-0.06,,1,,,,,,,,,,0.9012,2022-11-08T14:53:00+00:00,1225,2210
trade,2022-11-14,SPY,Long,2022-11-14T15:15:00+00:00,2022-11-14T15:56:00+00:00,398.4095,398.3355,0.75,-0.06,-0.000186,2460000,SessionClose,0.3553,0.2221,0.4544,0.3472,0.3383,0.4192,0.1227,0.3552,,,
summary,2022-11-14,SPY,,,,,,,-0.06,,1,,,,,,,,,,0.8854,2022-11-11T15:21:00+00:00,817,1167
summary,2022-11-14,MSFT,,,,,,,0.00,,0,,,,,,,,,,0.9573,2022-11-11T15:48:00+00:00,379,978
trade,2022-11-15,QQQ,Long,2022-11-15T14:56:00+00:00,2022-11-15T15:56:00+00:00,291.4874,291.5975,1.03,0.11,0.000378,3600000,SessionClose,0.2500,0.0706,-0.0332,0.0786,0.6873,0.3174,-0.2233,0.5763,,,
summary,2022-11-15,QQQ,,,,,,,0.11,,1,,,,,,,,,,0.6374,2022-11-15T13:33:00+00:00,1028,1555
summary,2022-11-15,AAPL,,,,,,,0.00,,0,,,,,,,,,,0.6378,2022-11-15T13:33:00+00:00,903,1402
trade,2022-11-15,NVDA,Long,2022-11-15T15:07:00+00:00,2022-11-15T15:46:00+00:00,169.3958,167.8068,1.77,-2.82,-0.009380,2340000,ScoreExit,0.3156,-0.1073,0.1384,0.2306,0.5446,-0.0998,-0.4345,0.5446,,,
summary,2022-11-15,NVDA,,,,,,,-2.82,,1,,,,,,,,,,0.7298,2022-11-15T13:31:00+00:00,1016,1301
summary,2022-11-16,SPY,,,,,,,0.00,,0,,,,,,,,,,0.5562,2022-11-14T18:28:00+00:00,1080,2471
summary,2022-11-16,QQQ,,,,,,,0.00,,0,,,,,,,,,,0.6374,2022-11-15T13:33:00+00:00,1230,2431
summary,2022-11-16,NVDA,,,,,,,0.00,,0,,,,,,,,,,0.7298,2022-11-15T13:31:00+00:00,1122,2080
summary,2022-11-17,SPY,,,,,,,0.00,,0,,,,,,,,,,0.7618,2022-11-14T15:15:00+00:00,987,3075
summary,2022-11-17,QQQ,,,,,,,0.00,,0,,,,,,,,,,0.8891,2022-11-14T15:15:00+00:00,1160,3004
summary,2022-11-17,AAPL,,,,,,,0.00,,0,,,,,,,,,,0.6620,2022-11-14T17:13:00+00:00,1219,2767
summary,2022-11-17,NVDA,,,,,,,0.00,,0,,,,,,,,,,1.0000,2022-11-14T14:31:00+00:00,1269,2777
summary,2022-11-17,MSFT,,,,,,,0.00,,0,,,,,,,,,,0.8966,2022-11-14T15:00:00+00:00,1118,2265
summary,2022-11-18,SPY,,,,,,,0.00,,0,,,,,,,,,,0.3842,2022-11-15T15:02:00+00:00,479,3052
summary,2022-11-18,QQQ,,,,,,,0.00,,0,,,,,,,,,,0.5541,2022-11-15T15:05:00+00:00,406,3008
summary,2022-11-18,AAPL,,,,,,,0.00,,0,,,,,,,,,,1.0000,2022-11-15T14:32:00+00:00,1019,2774
summary,2022-11-18,NVDA,,,,,,,0.00,,0,,,,,,,,,,0.9034,2022-11-15T14:59:00+00:00,500,2837
summary,2022-11-18,MSFT,,,,,,,0.00,,0,,,,,,,,,,0.4385,2022-11-17T16:59:00+00:00,624,2171
summary,2022-11-21,SPY,,,,,,,0.00,,0,,,,,,,,,,0.4864,2022-11-18T20:49:00+00:00,319,1167
summary,2022-11-21,QQQ,,,,,,,0.00,,0,,,,,,,,,,0.4392,2022-11-18T20:49:00+00:00,136,1126
summary,2022-11-21,AAPL,,,,,,,0.00,,0,,,,,,,,,,0.5270,2022-11-18T16:19:00+00:00,106,1058
trade,2022-11-21,NVDA,Long,2022-11-21T14:55:00+00:00,2022-11-21T15:02:00+00:00,153.9212,153.0191,1.95,-1.76,-0.005861,420000,ScoreExit,0.4320,-0.0584,0.5002,0.4400,0.3933,-0.3753,-0.0702,0.0709,,,
summary,2022-11-21,NVDA,,,,,,,-1.76,,1,,,,,,,,,,0.5691,2022-11-21T16:24:00+00:00,333,1039
trade,2022-11-22,SPY,Long,2022-11-22T15:08:00+00:00,2022-11-22T15:56:00+00:00,396.5539,397.5657,0.76,0.77,0.002551,2880000,SessionClose,0.2484,0.3683,0.1271,0.1577,0.4704,0.5119,0.2804,0.4963,,,
trade,2022-11-22,SPY,Long,2022-11-22T15:58:00+00:00,2022-11-22T15:59:00+00:00,397.5350,397.5357,0.76,0.00,0.000002,60000,SessionClose,0.3194,0.3585,0.0226,0.2804,0.4963,0.4137,0.2804,0.4963,,,
summary,2022-11-22,SPY,,,,,,,0.77,,2,,,,,,,,,,0.4561,2022-11-21T18:39:00+00:00,996,1513
summary,2022-11-22,AAPL,,,,,,,0.00,,0,,,,,,,,,,0.4907,2022-11-21T13:22:00+00:00,664,1335
trade,2022-11-22,NVDA,Long,2022-11-22T15:01:00+00:00,2022-11-22T15:56:00+00:00,154.4513,157.3978,1.94,5.72,0.019077,3300000,SessionClose,0.5667,0.6763,0.6107,0.3790,0.9274,0.3009,0.6133,0.9274,,,
trade,2022-11-22,NVDA,Long,2022-11-22T15:58:00+00:00,2022-11-22T15:59:00+00:00,157.5522,158.0076,1.91,0.87,0.002890,60000,SessionClose,0.6821,0.7049,0.3592,0.6133,0.9274,0.5874,0.6133,0.9274,,,
summary,2022-11-22,NVDA,,,,,,,6.59,,2,,,,,,,,,,0.8323,2022-11-21T10:14:00+00:00,823,1162
summary,2022-11-22,MSFT,,,,,,,0.00,,0,,,,,,,,,,0.6405,2022-11-21T14:31:00+00:00,580,1020
trade,2022-11-23,SPY,Long,2022-11-23T14:37:00+00:00,2022-11-23T15:56:00+00:00,400.5851,401.8844,0.75,0.97,0.003243,4740000,SessionClose,0.3718,0.1641,0.5019,0.3585,0.3550,-0.0298,0.0891,0.3789,,,
summary,2022-11-23,SPY,,,,,,,0.97,,1,,,,,,,,,,0.4561,2022-11-21T18:39:00+00:00,1652,2367
trade,2022-11-23,AAPL,Long,2022-11-23T14:31:00+00:00,2022-11-23T15:56:00+00:00,149.5699,151.6095,2.01,4.09,0.013637,5100000,SessionClose,0.4055,0.1890,0.4071,0.4484,0.3192,0.3418,0.0646,0.3868,,,
summary,2022-11-23,AAPL,,,,,,,4.09,,1,,,,,,,,,,0.4907,2022-11-21T13:22:00+00:00,1174,2114
trade,2022-11-23,NVDA,Long,2022-11-23T15:58:00+00:00,2022-11-23T15:59:00+00:00,164.0971,164.0558,1.83,-0.08,-0.000252,60000,SessionClose,0.2357,0.2574,0.1207,0.0891,0.5673,0.3380,0.0891,0.5673,,,
summary,2022-11-23,NVDA,,,,,,,-0.08,,1,,,,,,,,,,0.8323,2022-11-21T10:14:00+00:00,1425,1888
summary,2022-11-24,QQQ,,,,,,,0.00,,0,,,,,,,,,,0.5766,2022-11-21T14:51:00+00:00,1379,2192
summary,2022-11-24,NVDA,,,,,,,0.00,,0,,,,,,,,,,1.0000,2022-11-21T14:40:00+00:00,1461,1846
summary,2022-11-25,AAPL,,,,,,,0.00,,0,,,,,,,,,,0.9540,2022-11-22T15:49:00+00:00,1167,1913
summary,2022-11-28,SPY,,,,,,,0.00,,0,,,,,,,,,,0.7132,2022-11-25T16:03:00+00:00,168,1064
summary,2022-11-28,QQQ,,,,,,,0.00,,0,,,,,,,,,,0.5810,2022-11-25T16:03:00+00:00,114,969
summary,2022-11-28,AAPL,,,,,,,0.00,,0,,,,,,,,,,0.8927,2022-11-25T14:58:00+00:00,156,1014
summary,2022-11-28,NVDA,,,,,,,0.00,,0,,,,,,,,,,0.8931,2022-11-25T15:17:00+00:00,126,843
summary,2022-11-28,MSFT,,,,,,,0.00,,0,,,,,,,,,,0.4929,2022-11-25T14:37:00+00:00,46,762
summary,2022-11-29,SPY,,,,,,,0.00,,0,,,,,,,,,,0.3740,2022-11-28T14:34:00+00:00,316,1567
summary,2022-11-29,NVDA,,,,,,,0.00,,0,,,,,,,,,,0.6686,2022-11-28T14:41:00+00:00,161,1203
summary,2022-11-29,MSFT,,,,,,,0.00,,0,,,,,,,,,,0.4056,2022-11-28T13:53:00+00:00,70,1109
summary,2022-11-30,SPY,,,,,,,0.00,,0,,,,,,,,,,0.5644,2022-11-30T19:16:00+00:00,590,2420
summary,2022-11-30,QQQ,,,,,,,0.00,,0,,,,,,,,,,0.6576,2022-11-30T19:19:00+00:00,537,2324
summary,2022-11-30,AAPL,,,,,,,0.00,,0,,,,,,,,,,0.6778,2022-11-30T19:18:00+00:00,520,2280
trade,2022-12-01,SPY,Long,2022-12-01T14:55:00+00:00,2022-12-01T15:01:00+00:00,409.4478,408.6224,0.73,-0.61,-0.002016,360000,ScoreExit,0.2536,-0.0840,0.1679,0.1795,0.4304,-0.4181,-0.2327,0.3249,,,
summary,2022-12-01,SPY,,,,,,,-0.61,,1,,,,,,,,,,0.5663,2022-11-30T19:16:00+00:00,1238,3021
trade,2022-12-01,QQQ,Long,2022-12-01T14:41:00+00:00,2022-12-01T15:06:00+00:00,293.9432,294.2467,1.02,0.31,0.001033,1500000,ScoreExit,0.2313,-0.0695,-0.1852,0.1522,0.5284,-0.4902,-0.2503,0.4323,,,
summary,2022-12-01,QQQ,,,,,,,0.31,,1,,,,,,,,,,0.6696,2022-11-28T14:41:00+00:00,1167,2957
trade,2022-12-01,MSFT,Long,2022-12-01T14:31:00+00:00,2022-12-01T15:06:00+00:00,253.5210,254.5886,1.18,1.26,0.004211,2100000,ScoreExit,0.2250,-0.0688,-0.4563,0.2048,0.4925,-0.1972,-0.2819,0.4002,,,
trade,2022-12-01,MSFT,Long,2022-12-01T15:56:00+00:00,2022-12-01T15:57:00+00:00,253.2610,253.1990,1.19,-0.07,-0.000245,60000,SessionClose,0.2785,0.2992,0.1621,0.2370,0.4002,0.3693,0.2370,0.4002,,,
summary,2022-12-01,MSFT,,,,,,,1.19,,2,,,,,,,,,,0.6749,2022-11-30T19:16:00+00:00,914,2179
summary,2022-12-02,SPY,,,,,,,0.00,,0,,,,,,,,,,0.6259,2022-11-30T19:16:00+00:00,1880,2999
summary,2022-12-02,QQQ,,,,,,,0.00,,0,,,,,,,,,,0.7171,2022-11-30T19:19:00+00:00,1807,2922
summary,2022-12-02,AAPL,,,,,,,0.00,,0,,,,,,,,,,0.8944,2022-11-29T15:29:00+00:00,1599,2760
summary,2022-12-02,MSFT,,,,,,,0.00,,0,,,,,,,,,,0.7397,2022-11-30T19:16:00+00:00,1393,2110
summary,2022-12-05,SPY,,,,,,,0.00,,0,,,,,,,,,,0.6877,2022-12-02T15:52:00+00:00,506,1201
summary,2022-12-05,QQQ,,,,,,,0.00,,0,,,,,,,,,,0.8937,2022-12-02T15:13:00+00:00,580,1128
trade,2022-12-05,NVDA,Long,2022-12-05T14:33:00+00:00,2022-12-05T15:36:00+00:00,167.6453,167.2548,1.79,-0.70,-0.002329,3780000,ScoreExit,0.3593,-0.0924,0.3312,0.2965,0.4941,-0.3065,-0.3019,0.3979,,,
trade,2022-12-05,NVDA,Long,2022-12-05T15:51:00+00:00,2022-12-05T15:56:00+00:00,168.2054,168.2227,1.78,0.03,0.000103,300000,SessionClose,0.3028,0.4681,0.5119,0.0840,0.6707,0.5536,0.3526,0.6707,,,
summary,2022-12-05,NVDA,,,,,,,-0.67,,2,,,,,,,,,,1.0000,2022-12-02T14:32:00+00:00,584,979
summary,2022-12-05,MSFT,,,,,,,0.00,,0,,,,,,,,,,0.8892,2022-12-02T15:13:00+00:00,464,937
summary,2022-12-06,SPY,,,,,,,0.00,,0,,,,,,,,,,0.3734,2022-12-05T11:49:00+00:00,243,1600
summary,2022-12-06,QQQ,,,,,,,0.00,,0,,,,,,,,,,0.3900,2022-12-05T11:48:00+00:00,202,1475
summary,2022-12-06,AAPL,,,,,,,0.00,,0,,,,,,,,,,0.7397,2022-12-05T14:39:00+00:00,244,1370
summary,2022-12-07,QQQ,,,,,,,0.00,,0,,,,,,,,,,0.3900,2022-12-05T11:48:00+00:00,232,2329
summary,2022-12-07,MSFT,,,,,,,0.00,,0,,,,,,,,,,0.7061,2022-12-05T11:52:00+00:00,280,1588
summary,2022-12-08,SPY,,,,,,,0.00,,0,,,,,,,,,,0.4240,2022-12-05T14:37:00+00:00,417,3031
summary,2022-12-08,QQQ,,,,,,,0.00,,0,,,,,,,,,,0.5532,2022-12-05T14:38:00+00:00,385,2904
summary,2022-12-09,SPY,,,,,,,0.00,,0,,,,,,,,,,0.3928,2022-12-08T15:34:00+00:00,1337,2968
trade,2022-12-09,AAPL,Long,2022-12-09T15:35:00+00:00,2022-12-09T15:56:00+00:00,142.8979,143.5269,2.10,1.32,0.004402,1260000,SessionClose,0.3948,0.5308,0.4063,0.3680,0.4446,0.5463,0.5447,0.4979,,,
trade,2022-12-09,AAPL,Long,2022-12-09T15:58:00+00:00,2022-12-09T15:59:00+00:00,143.9682,143.9918,2.09,0.05,0.000164,60000,SessionClose,0.5330,0.5346,0.5677,0.5447,0.4979,0.5838,0.5447,0.4979,,,
summary,2022-12-09,AAPL,,,,,,,1.37,,2,,,,,,,,,,0.5443,2022-12-09T16:03:00+00:00,861,2695
trade,2022-12-09,NVDA,Long,2022-12-09T14:31:00+00:00,2022-12-09T15:56:00+00:00,171.6565,173.5724,1.75,3.35,0.011161,5100000,SessionClose,0.4334,0.4720,0.4852,0.4190,0.4448,0.3224,0.4395,0.5869,,,
summary,2022-12-09,NVDA,,,,,,,3.35,,1,,,,,,,,,,0.7016,2022-12-08T15:34:00+00:00,1419,2400
summary,2022-12-12,SPY,,,,,,,0.00,,0,,,,,,,,,,0.8520,2022-12-09T16:04:00+00:00,535,1143
summary,2022-12-12,QQQ,,,,,,,0.00,,0,,,,,,,,,,0.9572,2022-12-09T15:59:00+00:00,390,1124
summary,2022-12-12,AAPL,,,,,,,0.00,,0,,,,,,,,,,0.9591,2022-12-09T15:59:00+00:00,466,1044
summary,2022-12-13,SPY,,,,,,,0.00,,0,,,,,,,,,,0.7777,2022-12-12T10:14:00+00:00,1245,1538
summary,2022-12-13,QQQ,,,,,,,0.00,,0,,,,,,,,,,0.7694,2022-12-12T10:11:00+00:00,1101,1482
trade,2022-12-13,AAPL,Long,2022-12-13T14:51:00+00:00,2022-12-13T15:26:00+00:00,149.0797,148.4804,2.01,-1.21,-0.004020,2100000,ScoreExit,0.1960,-0.0705,-0.4605,0.0054,0.7958,-0.3569,-0.4072,0.6984,,,
summary,2022-12-13,AAPL,,,,,,,-1.21,,1,,,,,,,,,,0.7581,2022-12-12T10:43:00+00:00,974,1330
summary,2022-12-13,NVDA,,,,,,,0.00,,0,,,,,,,,,,0.7745,2022-12-12T10:03:00+00:00,1092,1325
summary,2022-12-14,SPY,,,,,,,0.00,,0,,,,,,,,,,0.7777,2022-12-12T10:14:00+00:00,1716,2376
summary,2022-12-14,QQQ,,,,,,,0.00,,0,,,,,,,,,,0.7694,2022-12-12T10:11:00+00:00,1499,2323
summary,2022-12-14,AAPL,,,,,,,0.00,,0,,,,,,,,,,0.7581,2022-12-12T10:43:00+00:00,1243,2071
summary,2022-12-14,NVDA,,,,,,,0.00,,0,,,,,,,,,,0.7745,2022-12-12T10:03:00+00:00,1449,1972
summary,2022-12-14,MSFT,,,,,,,0.00,,0,,,,,,,,,,0.8458,2022-12-12T11:00:00+00:00,1266,1648
summary,2022-12-15,SPY,,,,,,,0.00,,0,,,,,,,,,,0.6656,2022-12-13T13:49:00+00:00,1717,3027
summary,2022-12-15,MSFT,,,,,,,0.00,,0,,,,,,,,,,1.0000,2022-12-12T14:35:00+00:00,1267,2198
summary,2022-12-16,QQQ,,,,,,,0.00,,0,,,,,,,,,,0.5732,2022-12-13T14:47:00+00:00,166,3009
summary,2022-12-16,AAPL,,,,,,,0.00,,0,,,,,,,,,,0.5073,2022-12-13T14:45:00+00:00,132,2805
summary,2022-12-16,MSFT,,,,,,,0.00,,0,,,,,,,,,,0.9113,2022-12-13T14:45:00+00:00,397,2203
summary,2022-12-19,SPY,,,,,,,0.00,,0,,,,,,,,,,0.5791,2022-12-16T20:30:00+00:00,298,1184
summary,2022-12-19,QQQ,,,,,,,0.00,,0,,,,,,,,,,0.8313,2022-12-16T14:49:00+00:00,225,1168
summary,2022-12-19,AAPL,,,,,,,0.00,,0,,,,,,,,,,0.9017,2022-12-16T14:53:00+00:00,266,1143
summary,2022-12-19,MSFT,,,,,,,0.00,,0,,,,,,,,,,0.8134,2022-12-16T14:50:00+00:00,104,975
trade,2022-12-20,SPY,Long,2022-12-20T15:37:00+00:00,2022-12-20T15:56:00+00:00,382.0199,381.9104,0.79,-0.09,-0.000287,1140000,SessionClose,0.3710,0.1934,0.4361,0.3698,0.3518,0.4982,0.0593,0.3600,,,
summary,2022-12-20,SPY,,,,,,,-0.09,,1,,,,,,,,,,0.6544,2022-12-19T10:22:00+00:00,570,1555
summary,2022-12-20,QQQ,,,,,,,0.00,,0,,,,,,,,,,0.6033,2022-12-19T10:21:00+00:00,361,1539
trade,2022-12-20,AAPL,Long,2022-12-20T15:27:00+00:00,2022-12-20T15:56:00+00:00,132.6848,132.7602,2.26,0.17,0.000568,1740000,SessionClose,0.3907,0.1685,0.1057,0.5145,0.2381,0.2766,0.0981,0.2733,,,
summary,2022-12-20,AAPL,,,,,,,0.17,,1,,,,,,,,,,0.6038,2022-12-19T10:23:00+00:00,439,1463
summary,2022-12-20,NVDA,,,,,,,0.00,,0,,,,,,,,,,0.6638,2022-12-19T17:49:00+00:00,321,1165
trade,2022-12-20,MSFT,Long,2022-12-20T15:27:00+00:00,2022-12-20T15:56:00+00:00,241.4274,241.8724,1.24,0.55,0.001843,1740000,SessionClose,0.3589,0.0894,0.3665,0.3870,0.3001,0.2122,-0.0752,0.3778,,,
summary,2022-12-20,MSFT,,,,,,,0.55,,1,,,,,,,,,,0.6718,2022-12-19T11:21:00+00:00,423,1118
trade,2022-12-21,SPY,Long,2022-12-21T15:05:00+00:00,2022-12-21T15:56:00+00:00,383.9901,386.3591,0.78,1.85,0.006169,3060000,SessionClose,0.2948,0.3554,0.2147,0.2438,0.4235,0.4369,0.3078,0.4235,,,
summary,2022-12-21,SPY,,,,,,,1.85,,1,,,,,,,,,,0.6544,2022-12-19T10:22:00+00:00,1218,2413
trade,2022-12-21,QQQ,Long,2022-12-21T15:07:00+00:00,2022-12-21T15:56:00+00:00,271.7265,273.6329,1.10,2.11,0.007016,2940000,SessionClose,0.3869,0.3651,0.4361,0.3778,0.3888,0.4860,0.3331,0.3888,,,
summary,2022-12-21,QQQ,,,,,,,2.11,,1,,,,,,,,,,0.6033,2022-12-19T10:21:00+00:00,979,2424
trade,2022-12-21,NVDA,Long,2022-12-21T14:39:00+00:00,2022-12-21T15:56:00+00:00,162.6988,165.1654,1.84,4.55,0.015161,4620000,SessionClose,0.4110,0.3578,0.3960,0.4287,0.3807,0.3469,0.2390,0.5992,,,
trade,2022-12-21,NVDA,Long,2022-12-21T15:58:00+00:00,2022-12-21T15:59:00+00:00,165.1345,165.2953,1.82,0.29,0.000974,60000,SessionClose,0.3304,0.3691,0.0725,0.2390,0.5992,0.4595,0.2390,0.5992,,,
summary,2022-12-21,NVDA,,,,,,,4.84,,2,,,,,,,,,,0.6638,2022-12-19T17:49:00+00:00,788,1819
trade,2022-12-21,MSFT,Long,2022-12-21T15:31:00+00:00,2022-12-21T15:56:00+00:00,243.1879,244.3517,1.23,1.44,0.004785,1500000,SessionClose,0.3502,0.3342,0.3184,0.3674,0.3266,0.5009,0.3102,0.3266,,,
summary,2022-12-21,MSFT,,,,,,,1.44,,1,,,,,,,,,,0.6718,2022-12-19T11:21:00+00:00,836,1712
summary,2022-12-22,SPY,,,,,,,0.00,,0,,,,,,,,,,0.4329,2022-12-19T15:21:00+00:00,1314,2993
summary,2022-12-22,QQQ,,,,,,,0.00,,0,,,,,,,,,,0.4307,2022-12-21T15:32:00+00:00,1087,2957
summary,2022-12-22,MSFT,,,,,,,0.00,,0,,,,,,,,,,0.4791,2022-12-20T15:32:00+00:00,845,2128
summary,2022-12-23,SPY,,,,,,,0.00,,0,,,,,,,,,,0.8952,2022-12-20T15:53:00+00:00,1640,2956
summary,2022-12-23,QQQ,,,,,,,0.00,,0,,,,,,,,,,0.9169,2022-12-20T15:53:00+00:00,1224,2975
summary,2022-12-23,NVDA,,,,,,,0.00,,0,,,,,,,,,,1.0000,2022-12-20T14:37:00+00:00,838,2422
summary,2022-12-26,SPY,,,,,,,0.00,,0,,,,,,,,,,0.8959,2022-12-23T15:18:00+00:00,396,482
summary,2022-12-26,QQQ,,,,,,,0.00,,0,,,,,,,,,,0.9011,2022-12-23T15:18:00+00:00,394,472
summary,2022-12-26,NVDA,,,,,,,0.00,,0,,,,,,,,,,0.9092,2022-12-23T15:18:00+00:00,304,438
summary,2022-12-26,MSFT,,,,,,,0.00,,0,,,,,,,,,,0.9571,2022-12-23T15:40:00+00:00,366,426
trade,2022-12-27,SPY,Long,2022-12-27T15:22:00+00:00,2022-12-27T15:56:00+00:00,382.9799,381.9404,0.78,-0.81,-0.002714,2040000,SessionClose,0.4458,0.0289,0.5648,0.2363,0.8250,-0.5596,0.0332,0.2165,,,
summary,2022-12-27,SPY,,,,,,,-0.81,,1,,,,,,,,,,0.6915,2022-12-27T10:30:00+00:00,264,636
trade,2022-12-27,AAPL,Long,2022-12-27T15:43:00+00:00,2022-12-27T15:56:00+00:00,130.2341,129.8360,2.30,-0.92,-0.003056,780000,SessionClose,0.2652,0.0000,0.3051,0.1610,0.4602,-0.5595,0.0972,-0.0532,,,
summary,2022-12-27,AAPL,,,,,,,-0.92,,1,,,,,,,,,,0.6537,2022-12-27T10:17:00+00:00,255,626
trade,2022-12-27,MSFT,Long,2022-12-27T15:22:00+00:00,2022-12-27T15:56:00+00:00,238.5165,237.4636,1.26,-1.32,-0.004414,2040000,SessionClose,0.4185,-0.0303,0.5743,0.1282,0.9471,-0.5577,0.0331,0.0185,,,
summary,2022-12-27,MSFT,,,,,,,-1.32,,1,,,,,,,,,,0.4474,2022-12-27T09:54:00+00:00,202,532
summary,2022-12-28,SPY,,,,,,,0.00,,0,,,,,,,,,,0.6915,2022-12-27T10:30:00+00:00,531,1422
summary,2022-12-28,QQQ,,,,,,,0.00,,0,,,,,,,,,,0.5211,2022-12-27T10:14:00+00:00,271,1516
summary,2022-12-28,AAPL,,,,,,,0.00,,0,,,,,,,,,,0.6537,2022-12-27T10:17:00+00:00,511,1415
summary,2022-12-28,NVDA,,,,,,,0.00,,0,,,,,,,,,,0.9370,2022-12-27T09:47:00+00:00,197,1363
trade,2022-12-28,MSFT,Long,2022-12-28T14:34:00+00:00,2022-12-28T15:26:00+00:00,238.4465,238.5034,1.26,0.07,0.000239,3120000,ScoreExit,0.4342,-0.0595,0.5286,0.4244,0.4222,-0.5081,-0.1619,0.2949,,,
summary,2022-12-28,MSFT,,,,,,,0.07,,1,,,,,,,,,,0.4474,2022-12-27T09:54:00+00:00,366,1080
trade,2022-12-29,SPY,Long,2022-12-29T15:07:00+00:00,2022-12-29T15:56:00+00:00,381.9095,382.9501,0.79,0.82,0.002725,2940000,SessionClose,0.3600,0.2210,0.3791,0.3560,0.3618,0.5008,0.0993,0.3711,,,
summary,2022-12-29,SPY,,,,,,,0.82,,1,,,,,,,,,,0.6915,2022-12-27T10:30:00+00:00,923,2276
trade,2022-12-29,QQQ,Long,2022-12-29T14:45:00+00:00,2022-12-29T15:56:00+00:00,264.6144,266.2251,1.13,1.83,0.006087,4260000,SessionClose,0.3663,0.2335,0.3412,0.3757,0.3561,0.1007,0.1535,0.4379,,,
trade,2022-12-29,QQQ,Long,2022-12-29T16:00:00+00:00,2022-12-29T16:01:00+00:00,266.5649,266.4450,1.13,-0.14,-0.000450,60000,SessionClose,0.2482,0.1757,0.2476,0.1535,0.4379,0.4110,0.0020,0.4448,,,
summary,2022-12-29,QQQ,,,,,,,1.69,,2,,,,,,,,,,0.5211,2022-12-27T10:14:00+00:00,676,2352
trade,2022-12-29,AAPL,Long,2022-12-29T15:30:00+00:00,2022-12-29T15:56:00+00:00,129.4338,129.5711,2.32,0.32,0.001061,1560000,SessionClose,0.2901,0.4356,0.1483,0.2107,0.4962,0.5323,0.3892,0.4962,,,
summary,2022-12-29,AAPL,,,,,,,0.32,,1,,,,,,,,,,0.6537,2022-12-27T10:17:00+00:00,864,2276
trade,2022-12-29,NVDA,Long,2022-12-29T14:52:00+00:00,2022-12-29T15:56:00+00:00,144.9093,144.9715,2.07,0.13,0.000429,3840000,SessionClose,0.2804,0.3746,0.4533,0.0897,0.6040,0.0500,0.2784,0.6752,,,
trade,2022-12-29,NVDA,Long,2022-12-29T15:59:00+00:00,2022-12-29T16:00:00+00:00,145.3686,145.3714,2.06,0.01,0.000019,60000,SessionClose,0.4087,0.4248,0.3910,0.2784,0.6752,0.5525,0.2784,0.6752,,,
summary,2022-12-29,NVDA,,,,,,,0.13,,2,,,,,,,,,,0.9370,2022-12-27T09:47:00+00:00,695,2035
summary,2022-12-30,SPY,,,,,,,0.00,,0,,,,,,,,,,0.8893,2022-12-27T15:46:00+00:00,1123,2872
summary,2022-12-30,QQQ,,,,,,,0.00,,0,,,,,,,,,,0.7833,2022-12-27T15:48:00+00:00,1043,2912
trade,2022-12-30,NVDA,Long,2022-12-30T14:36:00+00:00,2022-12-30T14:47:00+00:00,143.9182,143.5619,2.09,-0.74,-0.002475,660000,ScoreExit,0.3676,-0.0626,0.3928,0.3999,0.2946,-0.2570,-0.1756,0.2282,,,
summary,2022-12-30,NVDA,,,,,,,-0.74,,1,,,,,,,,,,0.9028,2022-12-27T15:21:00+00:00,1379,2515
summary,2022-12-30,MSFT,,,,,,,0.00,,0,,,,,,,,,,0.8936,2022-12-27T15:21:00+00:00,935,2050
