row_type,date,ticker,direction,entry_time,exit_time,entry_price,exit_price,size,pnl,pnl_pct,hold_duration_ms,exit_reason,entry_composite,exit_composite,entry_1m,entry_5m,entry_1h,exit_1m,exit_5m,exit_1h,max_composite,max_composite_time,positive_ticks,total_ticks
summary,2025-01-01,SPY,,,,,,,0.00,,0,,,,,,,,,,0.5484,2024-12-30T16:43:00+00:00,635,1487
summary,2025-01-01,QQQ,,,,,,,0.00,,0,,,,,,,,,,0.5628,2024-12-30T17:48:00+00:00,612,1636
summary,2025-01-01,AAPL,,,,,,,0.00,,0,,,,,,,,,,0.5464,2024-12-30T17:28:00+00:00,428,1297
summary,2025-01-01,NVDA,,,,,,,0.00,,0,,,,,,,,,,0.7698,2024-12-30T14:50:00+00:00,789,1896
summary,2025-01-01,MSFT,,,,,,,0.00,,0,,,,,,,,,,0.5531,2024-12-30T17:45:00+00:00,433,1112
summary,2025-01-02,SPY,,,,,,,0.00,,0,,,,,,,,,,0.5824,2024-12-30T16:43:00+00:00,884,1910
summary,2025-01-02,QQQ,,,,,,,0.00,,0,,,,,,,,,,0.5904,2024-12-30T16:42:00+00:00,757,2023
summary,2025-01-02,AAPL,,,,,,,0.00,,0,,,,,,,,,,0.5445,2024-12-30T17:28:00+00:00,421,1742
trade,2025-01-02,NVDA,Long,2025-01-02T15:01:00+00:00,2025-01-02T15:56:00+00:00,137.3662,137.5437,2.18,0.39,0.001292,3300000,SessionClose,0.4977,0.1765,0.5110,0.5506,0.3876,0.4109,0.0208,0.4097,,,
trade,2025-01-02,NVDA,Long,2025-01-02T15:58:00+00:00,2025-01-02T15:59:00+00:00,137.5462,137.3638,2.18,-0.40,-0.001327,60000,SessionClose,0.1490,0.1255,0.1362,0.0208,0.4097,-0.0588,0.0208,0.3963,,,
summary,2025-01-02,NVDA,,,,,,,-0.01,,2,,,,,,,,,,1.0000,2024-12-30T14:38:00+00:00,1133,2290
summary,2025-01-02,MSFT,,,,,,,0.00,,0,,,,,,,,,,0.6494,2024-12-30T15:44:00+00:00,535,1543
summary,2025-01-03,AAPL,,,,,,,0.00,,0,,,,,,,,,,0.4252,2025-01-02T09:23:00+00:00,72,1837
summary,2025-01-03,MSFT,,,,,,,0.00,,0,,,,,,,,,,0.4684,2025-01-02T09:07:00+00:00,505,1569
trade,2025-01-06,SPY,Long,2025-01-06T15:58:00+00:00,2025-01-06T15:59:00+00:00,599.0947,598.7253,0.50,-0.19,-0.000617,60000,SessionClose,0.1775,0.1811,0.0272,0.0504,0.4817,0.0628,0.0504,0.4817,,,
summary,2025-01-06,SPY,,,,,,,-0.19,,1,,,,,,,,,,0.7431,2025-01-03T16:03:00+00:00,980,1171
summary,2025-01-06,QQQ,,,,,,,0.00,,0,,,,,,,,,,0.7286,2025-01-03T14:39:00+00:00,1055,1237
trade,2025-01-06,AAPL,Long,2025-01-06T14:31:00+00:00,2025-01-06T15:56:00+00:00,244.9335,246.1391,1.23,1.48,0.004922,5100000,SessionClose,0.4077,0.3922,0.5197,0.3784,0.4291,0.3724,0.3256,0.5320,,,
trade,2025-01-06,AAPL,Long,2025-01-06T15:58:00+00:00,2025-01-06T15:59:00+00:00,246.2288,246.2111,1.22,-0.02,-0.000072,60000,SessionClose,0.3516,0.3962,-0.0339,0.3256,0.5320,0.4120,0.3256,0.5320,,,
summary,2025-01-06,AAPL,,,,,,,1.46,,2,,,,,,,,,,0.8627,2025-01-03T14:43:00+00:00,693,1144
trade,2025-01-06,NVDA,Long,2025-01-06T15:29:00+00:00,2025-01-06T15:56:00+00:00,151.6565,151.8194,1.98,0.32,0.001075,1620000,SessionClose,0.6038,0.3227,0.5145,0.4748,0.8913,0.4168,0.0227,0.8913,,,
trade,2025-01-06,NVDA,Long,2025-01-06T15:58:00+00:00,2025-01-06T15:59:00+00:00,151.8846,151.6395,1.98,-0.49,-0.001613,60000,SessionClose,0.3132,0.2732,0.3219,0.0227,0.8913,-0.0785,0.0227,0.8913,,,
summary,2025-01-06,NVDA,,,,,,,-0.16,,2,,,,,,,,,,1.0000,2025-01-03T14:32:00+00:00,1296,1351
trade,2025-01-06,MSFT,Long,2025-01-06T15:58:00+00:00,2025-01-06T15:59:00+00:00,432.0546,432.0054,0.70,-0.03,-0.000114,60000,SessionClose,0.1622,0.2075,-0.1422,0.0042,0.5797,0.3101,0.0042,0.5797,,,
summary,2025-01-06,MSFT,,,,,,,-0.03,,1,,,,,,,,,,0.7559,2025-01-03T15:04:00+00:00,720,1044
summary,2025-01-07,SPY,,,,,,,0.00,,0,,,,,,,,,,0.7280,2025-01-06T10:19:00+00:00,521,1426
summary,2025-01-07,AAPL,,,,,,,0.00,,0,,,,,,,,,,0.5863,2025-01-06T16:06:00+00:00,397,1384
summary,2025-01-07,MSFT,,,,,,,0.00,,0,,,,,,,,,,0.9246,2025-01-06T10:22:00+00:00,393,1188
summary,2025-01-08,SPY,,,,,,,0.00,,0,,,,,,,,,,0.7280,2025-01-06T10:19:00+00:00,521,2255
summary,2025-01-08,QQQ,,,,,,,0.00,,0,,,,,,,,,,0.7862,2025-01-06T10:22:00+00:00,728,2410
summary,2025-01-08,AAPL,,,,,,,0.00,,0,,,,,,,,,,0.5863,2025-01-06T16:06:00+00:00,440,2088
summary,2025-01-08,NVDA,,,,,,,0.00,,0,,,,,,,,,,0.8922,2025-01-06T09:53:00+00:00,1137,2641
summary,2025-01-09,QQQ,,,,,,,0.00,,0,,,,,,,,,,0.8293,2025-01-06T15:45:00+00:00,376,2290
summary,2025-01-09,AAPL,,,,,,,0.00,,0,,,,,,,,,,0.9551,2025-01-06T15:45:00+00:00,238,1944
summary,2025-01-09,MSFT,,,,,,,0.00,,0,,,,,,,,,,0.9373,2025-01-06T14:43:00+00:00,305,1622
summary,2025-01-10,SPY,,,,,,,0.00,,0,,,,,,,,,,0.2812,2025-01-08T09:03:00+00:00,312,2021
summary,2025-01-10,QQQ,,,,,,,0.00,,0,,,,,,,,,,0.3546,2025-01-07T14:52:00+00:00,265,2086
summary,2025-01-10,NVDA,,,,,,,0.00,,0,,,,,,,,,,0.4224,2025-01-08T15:03:00+00:00,218,2311
summary,2025-01-10,MSFT,,,,,,,0.00,,0,,,,,,,,,,0.5984,2025-01-07T14:57:00+00:00,463,1537
summary,2025-01-13,SPY,,,,,,,0.00,,0,,,,,,,,,,0.5436,2025-01-10T18:57:00+00:00,289,1201
summary,2025-01-13,QQQ,,,,,,,0.00,,0,,,,,,,,,,0.7101,2025-01-10T15:48:00+00:00,345,1243
summary,2025-01-13,AAPL,,,,,,,0.00,,0,,,,,,,,,,0.5623,2025-01-10T18:34:00+00:00,360,1155
summary,2025-01-13,MSFT,,,,,,,0.00,,0,,,,,,,,,,0.6157,2025-01-10T18:23:00+00:00,267,1006
summary,2025-01-14,SPY,,,,,,,0.00,,0,,,,,,,,,,0.5115,2025-01-13T10:31:00+00:00,1017,1478
summary,2025-01-14,QQQ,,,,,,,0.00,,0,,,,,,,,,,0.7061,2025-01-13T10:34:00+00:00,1076,1593
summary,2025-01-14,AAPL,,,,,,,0.00,,0,,,,,,,,,,0.7774,2025-01-13T10:32:00+00:00,871,1398
summary,2025-01-14,NVDA,,,,,,,0.00,,0,,,,,,,,,,0.6305,2025-01-13T14:52:00+00:00,960,1681
summary,2025-01-14,MSFT,,,,,,,0.00,,0,,,,,,,,,,0.8004,2025-01-13T10:30:00+00:00,615,1124
trade,2025-01-15,SPY,Long,2025-01-15T15:05:00+00:00,2025-01-15T15:56:00+00:00,592.3476,591.6574,0.51,-0.35,-0.001165,3060000,SessionClose,0.2018,0.0317,0.1380,0.0983,0.4300,0.3859,-0.2265,0.4300,,,
summary,2025-01-15,SPY,,,,,,,-0.35,,1,,,,,,,,,,0.5115,2025-01-13T10:31:00+00:00,1664,2278
trade,2025-01-15,QQQ,Long,2025-01-15T15:26:00+00:00,2025-01-15T15:56:00+00:00,516.2998,515.6304,0.58,-0.39,-0.001297,1800000,SessionClose,0.2444,0.0034,-0.2965,0.2399,0.4336,0.1901,-0.2428,0.4336,,,
summary,2025-01-15,QQQ,,,,,,,-0.39,,1,,,,,,,,,,0.7061,2025-01-13T10:34:00+00:00,1721,2416
summary,2025-01-15,AAPL,,,,,,,0.00,,0,,,,,,,,,,0.7774,2025-01-13T10:32:00+00:00,1362,2051
trade,2025-01-15,NVDA,Long,2025-01-15T14:41:00+00:00,2025-01-15T15:56:00+00:00,132.8849,135.4344,2.26,5.76,0.019186,4500000,SessionClose,0.1523,0.3122,0.2140,0.0150,0.4064,0.5556,0.1393,0.5767,,,
trade,2025-01-15,NVDA,Long,2025-01-15T15:58:00+00:00,2025-01-15T15:59:00+00:00,135.0055,134.8045,2.23,-0.45,-0.001488,60000,SessionClose,0.2433,0.2283,-0.1333,0.1393,0.5767,-0.2833,0.1393,0.5767,,,
summary,2025-01-15,NVDA,,,,,,,5.31,,2,,,,,,,,,,0.6305,2025-01-13T14:52:00+00:00,1507,2637
trade,2025-01-15,MSFT,Long,2025-01-15T14:31:00+00:00,2025-01-15T15:56:00+00:00,419.2307,425.1574,0.72,4.24,0.014137,5100000,SessionClose,0.1783,0.0386,-0.3821,0.1180,0.4857,-0.3250,-0.1183,0.4736,,,
summary,2025-01-15,MSFT,,,,,,,4.24,,1,,,,,,,,,,0.8004,2025-01-13T10:30:00+00:00,1104,1718
summary,2025-01-16,QQQ,,,,,,,0.00,,0,,,,,,,,,,0.9504,2025-01-13T15:49:00+00:00,2206,2990
summary,2025-01-16,NVDA,,,,,,,0.00,,0,,,,,,,,,,1.0000,2025-01-13T14:30:00+00:00,2237,3267
summary,2025-01-16,MSFT,,,,,,,0.00,,0,,,,,,,,,,0.8481,2025-01-13T14:37:00+00:00,1462,2170
summary,2025-01-17,SPY,,,,,,,0.00,,0,,,,,,,,,,0.5268,2025-01-15T13:39:00+00:00,2034,2813
trade,2025-01-17,QQQ,Long,2025-01-17T15:11:00+00:00,2025-01-17T15:56:00+00:00,520.6011,520.9787,0.58,0.22,0.000725,2700000,SessionClose,0.1221,0.3459,-0.0567,0.0041,0.4178,0.4736,0.2886,0.4178,,,
summary,2025-01-17,QQQ,,,,,,,0.22,,1,,,,,,,,,,0.6005,2025-01-14T14:38:00+00:00,2067,2964
trade,2025-01-17,NVDA,Long,2025-01-17T15:38:00+00:00,2025-01-17T15:56:00+00:00,137.2862,137.9436,2.19,1.44,0.004789,1080000,SessionClose,0.4047,0.4255,0.3791,0.3245,0.5737,0.4069,0.3544,0.5737,,,
trade,2025-01-17,NVDA,Long,2025-01-17T15:58:00+00:00,2025-01-17T15:59:00+00:00,137.8663,137.8136,2.18,-0.11,-0.000382,60000,SessionClose,0.3642,0.3841,-0.2056,0.3544,0.5737,-0.0069,0.3544,0.5737,,,
summary,2025-01-17,NVDA,,,,,,,1.32,,2,,,,,,,,,,0.8394,2025-01-14T14:38:00+00:00,1876,3265
summary,2025-01-20,SPY,,,,,,,0.00,,0,,,,,,,,,,0.7679,2025-01-17T15:59:00+00:00,292,553
summary,2025-01-20,AAPL,,,,,,,0.00,,0,,,,,,,,,,0.5034,2025-01-17T15:58:00+00:00,49,547
summary,2025-01-20,NVDA,,,,,,,0.00,,0,,,,,,,,,,0.9584,2025-01-17T15:40:00+00:00,531,630
summary,2025-01-21,AAPL,,,,,,,0.00,,0,,,,,,,,,,0.5136,2025-01-21T20:54:00+00:00,141,687
trade,2025-01-21,NVDA,Long,2025-01-21T14:46:00+00:00,2025-01-21T15:56:00+00:00,139.2468,138.7933,2.16,-0.98,-0.003256,4200000,SessionClose,0.4294,0.1636,0.4463,0.3314,0.6199,0.0011,0.1964,0.1521,,,
summary,2025-01-21,NVDA,,,,,,,-0.98,,1,,,,,,,,,,0.6847,2025-01-21T09:07:00+00:00,423,716
summary,2025-01-21,MSFT,,,,,,,0.00,,0,,,,,,,,,,0.7674,2025-01-21T10:37:00+00:00,200,512
summary,2025-01-22,SPY,,,,,,,0.00,,0,,,,,,,,,,0.6102,2025-01-21T10:29:00+00:00,1142,1466
trade,2025-01-22,QQQ,Long,2025-01-22T14:31:00+00:00,2025-01-22T15:56:00+00:00,529.6739,531.6754,0.57,1.13,0.003779,5100000,SessionClose,0.3798,-0.0330,0.3454,0.3186,0.5137,-0.5008,-0.2042,0.4655,,,
summary,2025-01-22,QQQ,,,,,,,1.13,,1,,,,,,,,,,0.6231,2025-01-21T10:33:00+00:00,1247,1567
trade,2025-01-22,AAPL,Long,2025-01-22T14:51:00+00:00,2025-01-22T15:26:00+00:00,222.5267,221.6906,1.35,-1.13,-0.003758,2100000,ScoreExit,0.3872,-0.0535,0.4346,0.4017,0.3425,-0.5382,-0.1077,0.2163,,,
summary,2025-01-22,AAPL,,,,,,,-1.13,,1,,,,,,,,,,0.5136,2025-01-21T20:54:00+00:00,817,1596
trade,2025-01-22,NVDA,Long,2025-01-22T14:37:00+00:00,2025-01-22T15:56:00+00:00,145.1285,146.2511,2.07,2.32,0.007735,4740000,SessionClose,0.4164,0.0052,0.0512,0.2964,0.7781,-0.5413,-0.2762,0.7503,,,
summary,2025-01-22,NVDA,,,,,,,2.32,,1,,,,,,,,,,0.6847,2025-01-21T09:07:00+00:00,1379,1676
summary,2025-01-22,MSFT,,,,,,,0.00,,0,,,,,,,,,,0.7674,2025-01-21T10:37:00+00:00,913,1282
summary,2025-01-23,SPY,,,,,,,0.00,,0,,,,,,,,,,0.6102,2025-01-21T10:29:00+00:00,1673,2275
summary,2025-01-23,QQQ,,,,,,,0.00,,0,,,,,,,,,,0.6231,2025-01-21T10:33:00+00:00,1777,2437
trade,2025-01-23,AAPL,Long,2025-01-23T14:36:00+00:00,2025-01-23T15:51:00+00:00,225.7307,225.6673,1.33,-0.08,-0.000281,4500000,ScoreExit,0.3572,-0.0915,0.3405,0.3745,0.3283,-0.4319,-0.2455,0.3299,,,
summary,2025-01-23,AAPL,,,,,,,-0.08,,1,,,,,,,,,,0.5136,2025-01-21T20:54:00+00:00,1322,2436
trade,2025-01-23,NVDA,Long,2025-01-23T14:43:00+00:00,2025-01-23T15:56:00+00:00,145.0285,145.9713,2.07,1.95,0.006501,4380000,SessionClose,0.3653,0.1814,0.4481,0.3833,0.3019,-0.1577,0.1521,0.3531,,,
summary,2025-01-23,NVDA,,,,,,,1.95,,1,,,,,,,,,,0.6847,2025-01-21T09:07:00+00:00,2023,2636
summary,2025-01-24,SPY,,,,,,,0.00,,0,,,,,,,,,,0.4669,2025-01-22T00:48:00+00:00,1961,2801
summary,2025-01-24,QQQ,,,,,,,0.00,,0,,,,,,,,,,0.5573,2025-01-21T22:43:00+00:00,2097,2965
summary,2025-01-24,AAPL,,,,,,,0.00,,0,,,,,,,,,,0.5968,2025-01-21T20:54:00+00:00,1772,2970
summary,2025-01-24,MSFT,,,,,,,0.00,,0,,,,,,,,,,0.7363,2025-01-21T22:41:00+00:00,1760,2427
summary,2025-01-27,QQQ,,,,,,,0.00,,0,,,,,,,,,,0.3771,2025-01-24T14:48:00+00:00,66,1235
trade,2025-01-27,AAPL,Long,2025-01-27T15:58:00+00:00,2025-01-27T15:59:00+00:00,227.8533,227.8631,1.32,0.01,0.000043,60000,SessionClose,0.3526,0.3853,-0.0785,0.1331,0.9354,0.2483,0.1331,0.9354,,,
summary,2025-01-27,AAPL,,,,,,,0.01,,1,,,,,,,,,,0.6905,2025-01-27T14:31:00+00:00,489,1281
summary,2025-01-27,NVDA,,,,,,,0.00,,0,,,,,,,,,,0.6263,2025-01-24T14:54:00+00:00,170,1351
trade,2025-01-28,QQQ,Long,2025-01-28T15:09:00+00:00,2025-01-28T15:56:00+00:00,516.1598,518.0295,0.58,1.09,0.003622,2820000,SessionClose,0.2492,0.3021,-0.0013,0.1419,0.5473,0.1224,0.2080,0.5502,,,
summary,2025-01-28,QQQ,,,,,,,1.09,,1,,,,,,,,,,0.6100,2025-01-27T14:58:00+00:00,1087,1651
trade,2025-01-28,AAPL,Long,2025-01-28T15:54:00+00:00,2025-01-28T15:56:00+00:00,239.0517,238.9433,1.26,-0.14,-0.000453,120000,SessionClose,0.5377,0.5149,0.5541,0.3576,0.8924,0.4946,0.3295,0.8924,,,
trade,2025-01-28,AAPL,Long,2025-01-28T15:58:00+00:00,2025-01-28T15:59:00+00:00,239.1871,238.9533,1.26,-0.29,-0.000978,60000,SessionClose,0.5162,0.4993,0.5076,0.3295,0.8924,0.3384,0.3295,0.8924,,,
summary,2025-01-28,AAPL,,,,,,,-0.43,,2,,,,,,,,,,0.9081,2025-01-27T10:10:00+00:00,1397,1582
trade,2025-01-28,NVDA,Long,2025-01-28T15:28:00+00:00,2025-01-28T15:56:00+00:00,121.7515,119.9903,2.46,-4.33,-0.014466,1680000,SessionClose,0.4848,0.0000,0.6190,0.5511,0.3073,0.0172,0.2303,-0.0534,,,
summary,2025-01-28,NVDA,,,,,,,-4.33,,1,,,,,,,,,,1.0000,2025-01-27T09:06:00+00:00,855,1681
trade,2025-01-28,MSFT,Long,2025-01-28T15:00:00+00:00,2025-01-28T15:56:00+00:00,435.3005,440.4628,0.69,3.56,0.011859,3360000,SessionClose,0.1787,0.3755,-0.0650,0.0809,0.4553,-0.0036,0.2432,0.7666,,,
trade,2025-01-28,MSFT,Long,2025-01-28T15:58:00+00:00,2025-01-28T15:59:00+00:00,441.1273,441.2926,0.68,0.11,0.000375,60000,SessionClose,0.4092,0.4315,0.3328,0.2432,0.7666,0.5558,0.2432,0.7666,,,
summary,2025-01-28,MSFT,,,,,,,3.68,,2,,,,,,,,,,0.7395,2025-01-27T13:18:00+00:00,1076,1397
summary,2025-01-29,QQQ,,,,,,,0.00,,0,,,,,,,,,,0.6100,2025-01-27T14:58:00+00:00,1640,2516
summary,2025-01-29,MSFT,,,,,,,0.00,,0,,,,,,,,,,0.7395,2025-01-27T13:18:00+00:00,1532,2028
summary,2025-01-30,SPY,,,,,,,0.00,,0,,,,,,,,,,0.7437,2025-01-27T15:42:00+00:00,1804,2793
summary,2025-01-30,QQQ,,,,,,,0.00,,0,,,,,,,,,,0.9235,2025-01-27T15:40:00+00:00,2070,3094
trade,2025-01-30,AAPL,Long,2025-01-30T14:35:00+00:00,2025-01-30T15:01:00+00:00,240.0770,238.9783,1.25,-1.38,-0.004577,1560000,ScoreExit,0.3550,-0.0561,0.3896,0.3900,0.2737,-0.5504,-0.0799,0.1560,,,
summary,2025-01-30,AAPL,,,,,,,-1.38,,1,,,,,,,,,,1.0000,2025-01-27T14:31:00+00:00,2274,2895
summary,2025-01-30,MSFT,,,,,,,0.00,,0,,,,,,,,,,1.0000,2025-01-27T14:37:00+00:00,1366,2627
summary,2025-01-31,AAPL,,,,,,,0.00,,0,,,,,,,,,,1.0000,2025-01-28T14:34:00+00:00,1802,2941
trade,2025-01-31,NVDA,Long,2025-01-31T15:45:00+00:00,2025-01-31T15:56:00+00:00,126.3629,126.2855,2.37,-0.18,-0.000612,660000,SessionClose,0.3782,0.3713,0.0219,0.3071,0.6390,0.0827,0.2855,0.6390,,,
trade,2025-01-31,NVDA,Long,2025-01-31T16:00:00+00:00,2025-01-31T16:01:00+00:00,126.8330,126.9369,2.36,0.25,0.000819,60000,SessionClose,0.3860,0.4467,0.2298,0.2855,0.6390,0.4362,0.4167,0.5101,,,
summary,2025-01-31,NVDA,,,,,,,0.06,,2,,,,,,,,,,0.9247,2025-01-28T17:03:00+00:00,1899,3271
summary,2025-01-31,MSFT,,,,,,,0.00,,0,,,,,,,,,,0.9509,2025-01-28T15:58:00+00:00,812,2808
summary,2025-02-03,SPY,,,,,,,0.00,,0,,,,,,,,,,0.7841,2025-01-31T16:02:00+00:00,269,1260
summary,2025-02-03,QQQ,,,,,,,0.00,,0,,,,,,,,,,0.9124,2025-01-31T16:02:00+00:00,323,1281
summary,2025-02-03,AAPL,,,,,,,0.00,,0,,,,,,,,,,0.1656,2025-02-03T15:30:00+00:00,41,1274
trade,2025-02-03,NVDA,Long,2025-02-03T15:27:00+00:00,2025-02-03T15:56:00+00:00,115.6597,117.2598,2.60,4.15,0.013835,1740000,SessionClose,0.4001,0.5069,0.4205,0.4302,0.3333,0.0823,0.6644,0.3333,,,
trade,2025-02-03,NVDA,Long,2025-02-03T15:58:00+00:00,2025-02-03T15:59:00+00:00,117.7103,117.9146,2.55,0.52,0.001736,60000,SessionClose,0.5456,0.5541,0.4697,0.6644,0.3333,0.5545,0.6644,0.3333,,,
summary,2025-02-03,NVDA,,,,,,,4.67,,2,,,,,,,,,,1.0000,2025-01-31T14:41:00+00:00,334,1351
summary,2025-02-03,MSFT,,,,,,,0.00,,0,,,,,,,,,,0.8905,2025-01-31T15:07:00+00:00,252,1178
trade,2025-02-04,SPY,Long,2025-02-04T15:01:00+00:00,2025-02-04T15:56:00+00:00,599.6848,600.5848,0.50,0.45,0.001501,3300000,SessionClose,0.3852,0.0691,0.4536,0.3503,0.4323,0.0862,-0.1223,0.4460,,,
summary,2025-02-04,SPY,,,,,,,0.45,,1,,,,,,,,,,0.6227,2025-02-03T15:42:00+00:00,1091,1544
trade,2025-02-04,AAPL,Long,2025-02-04T15:00:00+00:00,2025-02-04T15:56:00+00:00,229.0137,230.8057,1.31,2.35,0.007825,3360000,SessionClose,0.3994,0.1046,0.3807,0.4076,0.3891,-0.4910,-0.0472,0.6066,,,
summary,2025-02-04,AAPL,,,,,,,2.35,,1,,,,,,,,,,0.5437,2025-02-03T14:38:00+00:00,761,1503
trade,2025-02-05,AAPL,Long,2025-02-05T14:48:00+00:00,2025-02-05T15:16:00+00:00,230.2791,228.8463,1.30,-1.87,-0.006222,1680000,ScoreExit,0.4292,-0.0945,0.4673,0.4413,0.3923,-0.0749,-0.2243,0.1588,,,
summary,2025-02-05,AAPL,,,,,,,-1.87,,1,,,,,,,,,,0.5437,2025-02-03T14:38:00+00:00,1282,2374
trade,2025-02-05,NVDA,Long,2025-02-05T15:58:00+00:00,2025-02-05T15:59:00+00:00,122.6568,122.4383,2.46,-0.54,-0.001782,60000,SessionClose,0.2398,0.2088,-0.0838,0.0786,0.6702,-0.3941,0.0786,0.6702,,,
summary,2025-02-05,NVDA,,,,,,,-0.54,,1,,,,,,,,,,1.0000,2025-02-03T09:02:00+00:00,2129,2639
summary,2025-02-05,MSFT,,,,,,,0.00,,0,,,,,,,,,,0.7008,2025-02-03T10:33:00+00:00,1152,2094
summary,2025-02-06,QQQ,,,,,,,0.00,,0,,,,,,,,,,0.9543,2025-02-03T15:42:00+00:00,2341,3055
trade,2025-02-06,AAPL,Long,2025-02-06T14:36:00+00:00,2025-02-06T15:16:00+00:00,231.4994,232.6852,1.30,1.54,0.005122,2400000,ScoreExit,0.3805,-0.0581,0.2730,0.4012,0.3748,-0.4060,-0.1204,0.1825,,,
summary,2025-02-06,AAPL,,,,,,,1.54,,1,,,,,,,,,,0.9539,2025-02-03T14:38:00+00:00,1691,2818
trade,2025-02-06,MSFT,Long,2025-02-06T14:32:00+00:00,2025-02-06T15:56:00+00:00,414.9394,416.4450,0.72,1.09,0.003628,5040000,SessionClose,0.3890,0.0697,0.4985,0.3804,0.3697,-0.4751,0.0142,0.3623,,,
summary,2025-02-06,MSFT,,,,,,,1.09,,1,,,,,,,,,,1.0000,2025-02-03T14:32:00+00:00,1453,2483
summary,2025-02-07,SPY,,,,,,,0.00,,0,,,,,,,,,,0.8468,2025-02-04T15:41:00+00:00,1511,2700
summary,2025-02-07,QQQ,,,,,,,0.00,,0,,,,,,,,,,0.9542,2025-02-04T15:41:00+00:00,1717,2969
summary,2025-02-07,AAPL,,,,,,,0.00,,0,,,,,,,,,,0.9564,2025-02-04T15:40:00+00:00,1744,2695
trade,2025-02-07,NVDA,Long,2025-02-07T15:36:00+00:00,2025-02-07T15:56:00+00:00,129.3038,129.0863,2.32,-0.51,-0.001682,1200000,SessionClose,0.2200,0.1887,0.2068,0.0857,0.4929,0.0759,0.0554,0.4929,,,
trade,2025-02-07,NVDA,Long,2025-02-07T15:58:00+00:00,2025-02-07T15:59:00+00:00,129.0737,129.1362,2.33,0.15,0.000485,60000,SessionClose,0.1840,0.2045,0.0286,0.0554,0.4929,0.2343,0.0554,0.4929,,,
summary,2025-02-07,NVDA,,,,,,,-0.36,,2,,,,,,,,,,1.0000,2025-02-04T14:35:00+00:00,2578,3270
summary,2025-02-10,SPY,,,,,,,0.00,,0,,,,,,,,,,0.3616,2025-02-10T15:47:00+00:00,467,1137
summary,2025-02-10,NVDA,,,,,,,0.00,,0,,,,,,,,,,1.0000,2025-02-07T14:36:00+00:00,839,1350
trade,2025-02-10,MSFT,Long,2025-02-10T14:30:00+00:00,2025-02-10T14:31:00+00:00,413.7591,412.5312,0.73,-0.89,-0.002968,60000,ScoreExit,0.3674,-0.0629,0.4287,0.3175,0.4468,-0.3123,-0.2177,0.3300,,,
trade,2025-02-10,MSFT,Long,2025-02-10T15:07:00+00:00,2025-02-10T15:56:00+00:00,413.3790,414.6506,0.73,0.92,0.003076,2940000,SessionClose,0.4055,0.3957,0.4826,0.3501,0.4906,0.5549,0.3021,0.5298,,,
trade,2025-02-10,MSFT,Long,2025-02-10T15:58:00+00:00,2025-02-10T15:59:00+00:00,414.8294,414.7305,0.72,-0.07,-0.000238,60000,SessionClose,0.3517,0.3932,0.1145,0.3021,0.5298,0.5300,0.3021,0.5298,,,
summary,2025-02-10,MSFT,,,,,,,-0.04,,3,,,,,,,,,,0.7446,2025-02-07T14:38:00+00:00,412,1066
summary,2025-02-11,SPY,,,,,,,0.00,,0,,,,,,,,,,0.6813,2025-02-10T10:42:00+00:00,776,1363
trade,2025-02-11,NVDA,Long,2025-02-11T14:36:00+00:00,2025-02-11T15:56:00+00:00,133.5350,133.9648,2.25,0.97,0.003218,4800000,SessionClose,0.4773,0.1269,0.6117,0.5394,0.3084,0.0027,-0.0423,0.5066,,,
summary,2025-02-11,NVDA,,,,,,,0.97,,1,,,,,,,,,,0.7748,2025-02-10T14:46:00+00:00,996,1681
summary,2025-02-11,MSFT,,,,,,,0.00,,0,,,,,,,,,,0.7397,2025-02-10T10:38:00+00:00,366,1140
summary,2025-02-12,SPY,,,,,,,0.00,,0,,,,,,,,,,0.6813,2025-02-10T10:42:00+00:00,1101,2110
summary,2025-02-12,QQQ,,,,,,,0.00,,0,,,,,,,,,,0.7169,2025-02-10T10:27:00+00:00,1214,2255
summary,2025-02-12,NVDA,,,,,,,0.00,,0,,,,,,,,,,0.7748,2025-02-10T14:46:00+00:00,1181,2639
summary,2025-02-12,MSFT,,,,,,,0.00,,0,,,,,,,,,,0.7397,2025-02-10T10:38:00+00:00,413,1737
summary,2025-02-13,SPY,,,,,,,0.00,,0,,,,,,,,,,0.7810,2025-02-10T15:47:00+00:00,1471,2689
summary,2025-02-13,QQQ,,,,,,,0.00,,0,,,,,,,,,,0.8529,2025-02-10T15:40:00+00:00,1599,2845
trade,2025-02-13,NVDA,Long,2025-02-13T15:58:00+00:00,2025-02-13T15:59:00+00:00,136.0135,135.9442,2.21,-0.15,-0.000509,60000,SessionClose,0.3754,0.4011,-0.3110,0.3221,0.7108,-0.0542,0.3221,0.7108,,,
summary,2025-02-13,NVDA,,,,,,,-0.15,,1,,,,,,,,,,1.0000,2025-02-10T14:31:00+00:00,1281,3265
summary,2025-02-13,MSFT,,,,,,,0.00,,0,,,,,,,,,,0.9239,2025-02-10T16:00:00+00:00,378,2176
summary,2025-02-14,QQQ,,,,,,,0.00,,0,,,,,,,,,,0.8513,2025-02-11T15:51:00+00:00,2047,2907
trade,2025-02-14,NVDA,Long,2025-02-14T15:31:00+00:00,2025-02-14T15:56:00+00:00,137.9464,137.8036,2.18,-0.31,-0.001035,1500000,SessionClose,0.4316,0.2462,0.1682,0.3987,0.5854,0.2294,0.0793,0.5854,,,
trade,2025-02-14,NVDA,Long,2025-02-14T15:58:00+00:00,2025-02-14T15:59:00+00:00,137.9618,137.7737,2.18,-0.41,-0.001364,60000,SessionClose,0.2660,0.2264,0.4274,0.0793,0.5854,0.0318,0.0793,0.5854,,,
summary,2025-02-14,NVDA,,,,,,,-0.72,,2,,,,,,,,,,1.0000,2025-02-11T14:35:00+00:00,1764,3264
summary,2025-02-17,QQQ,,,,,,,0.00,,0,,,,,,,,,,0.7455,2025-02-14T15:57:00+00:00,345,516
summary,2025-02-17,AAPL,,,,,,,0.00,,0,,,,,,,,,,0.8907,2025-02-14T15:10:00+00:00,382,517
summary,2025-02-17,NVDA,,,,,,,0.00,,0,,,,,,,,,,0.9421,2025-02-14T14:38:00+00:00,508,629
summary,2025-02-17,MSFT,,,,,,,0.00,,0,,,,,,,,,,0.6157,2025-02-14T14:32:00+00:00,316,490
summary,2025-02-18,SPY,,,,,,,0.00,,0,,,,,,,,,,0.5366,2025-02-18T11:00:00+00:00,236,566
summary,2025-02-18,QQQ,,,,,,,0.00,,0,,,,,,,,,,0.3490,2025-02-18T20:59:00+00:00,182,667
trade,2025-02-18,AAPL,Long,2025-02-18T14:57:00+00:00,2025-02-18T15:26:00+00:00,245.1711,244.2917,1.22,-1.08,-0.003587,1740000,ScoreExit,0.4051,-0.0886,0.5519,0.2227,0.7210,-0.4540,-0.0872,0.0304,,,
summary,2025-02-18,AAPL,,,,,,,-1.08,,1,,,,,,,,,,0.4350,2025-02-18T14:54:00+00:00,167,601
summary,2025-02-18,MSFT,,,,,,,0.00,,0,,,,,,,,,,0.3963,2025-02-18T20:59:00+00:00,152,530
summary,2025-02-19,SPY,,,,,,,0.00,,0,,,,,,,,,,0.5366,2025-02-18T11:00:00+00:00,754,1305
summary,2025-02-19,AAPL,,,,,,,0.00,,0,,,,,,,,,,0.4350,2025-02-18T14:54:00+00:00,646,1308
summary,2025-02-19,NVDA,,,,,,,0.00,,0,,,,,,,,,,0.6376,2025-02-18T14:33:00+00:00,579,1680
summary,2025-02-19,MSFT,,,,,,,0.00,,0,,,,,,,,,,0.4684,2025-02-19T19:20:00+00:00,614,1104
summary,2025-02-20,SPY,,,,,,,0.00,,0,,,,,,,,,,0.5366,2025-02-18T11:00:00+00:00,1018,2040
summary,2025-02-20,NVDA,,,,,,,0.00,,0,,,,,,,,,,0.6376,2025-02-18T14:33:00+00:00,881,2637
summary,2025-02-20,MSFT,,,,,,,0.00,,0,,,,,,,,,,0.4684,2025-02-19T19:20:00+00:00,1148,1891
summary,2025-02-21,SPY,,,,,,,0.00,,0,,,,,,,,,,0.5078,2025-02-18T15:59:00+00:00,1064,2577
summary,2025-02-21,AAPL,,,,,,,0.00,,0,,,,,,,,,,0.7881,2025-02-18T14:56:00+00:00,1381,2375
summary,2025-02-24,SPY,,,,,,,0.00,,0,,,,,,,,,,0.3465,2025-02-24T09:07:00+00:00,240,1222
summary,2025-02-24,QQQ,,,,,,,0.00,,0,,,,,,,,,,0.2859,2025-02-24T09:23:00+00:00,17,1251
trade,2025-02-24,AAPL,Long,2025-02-24T14:51:00+00:00,2025-02-24T15:38:00+00:00,246.3388,246.3986,1.22,0.07,0.000243,2820000,ScoreExit,0.4051,-0.0889,0.3543,0.5064,0.2193,-0.5635,-0.1585,0.2085,,,
summary,2025-02-24,AAPL,,,,,,,0.07,,1,,,,,,,,,,0.5954,2025-02-21T16:21:00+00:00,496,1154
trade,2025-02-24,NVDA,Long,2025-02-24T14:47:00+00:00,2025-02-24T14:51:00+00:00,138.1064,137.3038,2.17,-1.74,-0.005812,240000,ScoreExit,0.4323,-0.1721,0.5446,0.4158,0.4279,-0.4233,-0.2986,0.1645,,,
summary,2025-02-24,NVDA,,,,,,,-1.74,,1,,,,,,,,,,1.0000,2025-02-21T14:35:00+00:00,203,1351
summary,2025-02-24,MSFT,,,,,,,0.00,,0,,,,,,,,,,0.3290,2025-02-24T09:07:00+00:00,5,1065
summary,2025-02-25,AAPL,,,,,,,0.00,,0,,,,,,,,,,0.7000,2025-02-24T14:56:00+00:00,918,1420
summary,2025-02-25,NVDA,,,,,,,0.00,,0,,,,,,,,,,0.6103,2025-02-24T13:08:00+00:00,510,1681
summary,2025-02-26,QQQ,,,,,,,0.00,,0,,,,,,,,,,0.4236,2025-02-24T17:19:00+00:00,439,2490
summary,2025-02-26,AAPL,,,,,,,0.00,,0,,,,,,,,,,0.7000,2025-02-24T14:56:00+00:00,918,2179
trade,2025-02-26,MSFT,Long,2025-02-26T15:24:00+00:00,2025-02-26T15:56:00+00:00,402.8908,402.5998,0.74,-0.22,-0.000722,1920000,SessionClose,0.3923,0.1928,0.4516,0.4085,0.3402,0.1571,0.1285,0.3333,,,
summary,2025-02-26,MSFT,,,,,,,-0.22,,1,,,,,,,,,,0.5261,2025-02-24T16:03:00+00:00,605,1793
summary,2025-02-27,SPY,,,,,,,0.00,,0,,,,,,,,,,0.5113,2025-02-24T17:19:00+00:00,997,2911
summary,2025-02-27,QQQ,,,,,,,0.00,,0,,,,,,,,,,0.5312,2025-02-24T17:19:00+00:00,654,3112
summary,2025-02-27,NVDA,,,,,,,0.00,,0,,,,,,,,,,0.9269,2025-02-24T14:45:00+00:00,1155,3271
summary,2025-02-27,MSFT,,,,,,,0.00,,0,,,,,,,,,,0.9560,2025-02-24T16:03:00+00:00,747,2274
summary,2025-02-28,SPY,,,,,,,0.00,,0,,,,,,,,,,0.5687,2025-02-25T20:24:00+00:00,1296,2940
summary,2025-02-28,QQQ,,,,,,,0.00,,0,,,,,,,,,,0.5437,2025-02-25T18:07:00+00:00,1312,3105
summary,2025-02-28,AAPL,,,,,,,0.00,,0,,,,,,,,,,0.7403,2025-02-25T16:53:00+00:00,298,2615
trade,2025-02-28,NVDA,Long,2025-02-28T15:06:00+00:00,2025-02-28T15:56:00+00:00,118.5405,122.6982,2.54,10.55,0.035073,3000000,SessionClose,0.3786,0.3178,-0.0041,0.6152,0.0330,0.5303,0.4248,0.0330,,,
summary,2025-02-28,NVDA,,,,,,,10.55,,1,,,,,,,,,,0.9224,2025-02-25T14:36:00+00:00,1579,3271
summary,2025-02-28,MSFT,,,,,,,0.00,,0,,,,,,,,,,0.5114,2025-02-26T15:18:00+00:00,678,2322
summary,2025-03-03,SPY,,,,,,,0.00,,0,,,,,,,,,,0.9267,2025-02-28T15:58:00+00:00,841,1254
summary,2025-03-03,QQQ,,,,,,,0.00,,0,,,,,,,,,,0.9549,2025-02-28T15:58:00+00:00,886,1253
trade,2025-03-03,AAPL,Long,2025-03-03T15:37:00+00:00,2025-03-03T15:56:00+00:00,241.8875,241.5125,1.24,-0.47,-0.001550,1140000,SessionClose,0.2164,0.0940,0.3376,0.0483,0.5121,-0.3874,-0.0347,0.5121,,,
summary,2025-03-03,AAPL,,,,,,,-0.47,,1,,,,,,,,,,0.9349,2025-02-28T14:43:00+00:00,921,1152
summary,2025-03-03,NVDA,,,,,,,0.00,,0,,,,,,,,,,1.0000,2025-02-28T14:35:00+00:00,933,1351
summary,2025-03-04,SPY,,,,,,,0.00,,0,,,,,,,,,,0.5120,2025-03-03T10:00:00+00:00,304,1530
summary,2025-03-04,QQQ,,,,,,,0.00,,0,,,,,,,,,,0.6465,2025-03-03T10:32:00+00:00,429,1624
summary,2025-03-04,NVDA,,,,,,,0.00,,0,,,,,,,,,,0.7614,2025-03-03T09:35:00+00:00,447,1681
summary,2025-03-04,MSFT,,,,,,,0.00,,0,,,,,,,,,,0.7137,2025-03-03T11:09:00+00:00,318,1276
summary,2025-03-05,QQQ,,,,,,,0.00,,0,,,,,,,,,,0.6465,2025-03-03T10:32:00+00:00,897,2552
summary,2025-03-05,NVDA,,,,,,,0.00,,0,,,,,,,,,,0.7614,2025-03-03T09:35:00+00:00,1083,2641
summary,2025-03-05,MSFT,,,,,,,0.00,,0,,,,,,,,,,0.7137,2025-03-03T11:09:00+00:00,835,1921
summary,2025-03-06,SPY,,,,,,,0.00,,0,,,,,,,,,,0.5779,2025-03-03T15:44:00+00:00,566,3036
summary,2025-03-06,NVDA,,,,,,,0.00,,0,,,,,,,,,,0.6698,2025-03-04T17:26:00+00:00,1312,3271
trade,2025-03-06,MSFT,Long,2025-03-06T15:01:00+00:00,2025-03-06T15:56:00+00:00,397.5842,399.5851,0.75,1.51,0.005033,3300000,SessionClose,0.3803,0.0443,0.2647,0.4009,0.3777,-0.5133,-0.0294,0.3777,,,
summary,2025-03-06,MSFT,,,,,,,1.51,,1,,,,,,,,,,0.4968,2025-03-05T19:13:00+00:00,1112,2432
summary,2025-03-07,SPY,,,,,,,0.00,,0,,,,,,,,,,0.5861,2025-03-04T20:24:00+00:00,1233,3010
summary,2025-03-07,NVDA,,,,,,,0.00,,0,,,,,,,,,,1.0000,2025-03-04T14:33:00+00:00,1538,3270
summary,2025-03-07,MSFT,,,,,,,0.00,,0,,,,,,,,,,1.0000,2025-03-04T14:36:00+00:00,1548,2277
summary,2025-03-10,SPY,,,,,,,0.00,,0,,,,,,,,,,0.8284,2025-03-07T14:53:00+00:00,436,1285
summary,2025-03-10,QQQ,,,,,,,0.00,,0,,,,,,,,,,0.8668,2025-03-07T14:53:00+00:00,404,1259
summary,2025-03-10,MSFT,,,,,,,0.00,,0,,,,,,,,,,0.7440,2025-03-07T14:35:00+00:00,255,984
trade,2025-03-11,MSFT,Long,2025-03-11T14:07:00+00:00,2025-03-11T15:01:00+00:00,382.6198,381.9904,0.78,-0.49,-0.001645,3240000,ScoreExit,0.4396,-0.0512,0.4021,0.4679,0.3956,-0.4405,-0.1849,0.3460,,,
summary,2025-03-11,MSFT,,,,,,,-0.49,,1,,,,,,,,,,0.5144,2025-03-11T18:45:00+00:00,445,1267
summary,2025-03-12,SPY,,,,,,,0.00,,0,,,,,,,,,,0.4554,2025-03-11T18:49:00+00:00,800,2477
summary,2025-03-12,QQQ,,,,,,,0.00,,0,,,,,,,,,,0.5330,2025-03-11T18:49:00+00:00,962,2568
summary,2025-03-12,NVDA,,,,,,,0.00,,0,,,,,,,,,,0.7815,2025-03-11T08:14:00+00:00,1521,2641
summary,2025-03-12,MSFT,,,,,,,0.00,,0,,,,,,,,,,0.5144,2025-03-11T18:45:00+00:00,804,1865
summary,2025-03-13,QQQ,,,,,,,0.00,,0,,,,,,,,,,0.5372,2025-03-11T18:49:00+00:00,1241,3165
summary,2025-03-13,AAPL,,,,,,,0.00,,0,,,,,,,,,,0.5324,2025-03-11T08:26:00+00:00,222,2821
trade,2025-03-13,NVDA,Long,2025-03-13T14:12:00+00:00,2025-03-13T15:11:00+00:00,115.1779,116.1052,2.62,2.43,0.008050,3540000,ScoreExit,0.1825,-0.0964,-0.0760,0.0834,0.4670,-0.3609,-0.2690,0.3371,,,
summary,2025-03-13,NVDA,,,,,,,2.43,,1,,,,,,,,,,1.0000,2025-03-10T13:40:00+00:00,2202,3271
summary,2025-03-13,MSFT,,,,,,,0.00,,0,,,,,,,,,,0.6410,2025-03-10T14:16:00+00:00,974,2383
summary,2025-03-14,SPY,,,,,,,0.00,,0,,,,,,,,,,0.6396,2025-03-11T18:45:00+00:00,1356,3029
trade,2025-03-14,NVDA,Long,2025-03-14T14:56:00+00:00,2025-03-14T15:56:00+00:00,119.9510,121.0037,2.52,2.65,0.008776,3600000,SessionClose,0.2162,0.0657,-0.5331,0.1370,0.6244,-0.4684,-0.1153,0.6059,,,
summary,2025-03-14,NVDA,,,,,,,2.65,,1,,,,,,,,,,1.0000,2025-03-11T13:31:00+00:00,2686,3271
trade,2025-03-14,MSFT,Long,2025-03-14T14:57:00+00:00,2025-03-14T15:56:00+00:00,384.7804,386.2341,0.78,1.13,0.003778,3540000,SessionClose,0.3925,0.2254,0.4579,0.4159,0.3239,-0.0247,0.1860,0.3875,,,
summary,2025-03-14,MSFT,,,,,,,1.13,,1,,,,,,,,,,0.8920,2025-03-11T14:09:00+00:00,1200,2258
summary,2025-03-17,SPY,,,,,,,0.00,,0,,,,,,,,,,0.9502,2025-03-14T15:02:00+00:00,959,1233
trade,2025-03-17,AAPL,Long,2025-03-17T13:52:00+00:00,2025-03-17T14:02:00+00:00,213.3790,213.3094,1.41,-0.10,-0.000326,600000,ScoreExit,0.1113,-0.1418,-0.4962,0.0464,0.4435,-0.3523,-0.3362,0.3173,,,
summary,2025-03-17,AAPL,,,,,,,-0.10,,1,,,,,,,,,,1.0000,2025-03-14T13:34:00+00:00,779,1148
summary,2025-03-17,NVDA,,,,,,,0.00,,0,,,,,,,,,,1.0000,2025-03-14T13:33:00+00:00,1002,1351
trade,2025-03-17,MSFT,Long,2025-03-17T13:31:00+00:00,2025-03-17T14:52:00+00:00,387.0261,388.2885,0.78,0.98,0.003262,4860000,ScoreExit,0.3573,-0.0714,0.4127,0.3819,0.2898,-0.5563,-0.2652,0.4778,,,
summary,2025-03-17,MSFT,,,,,,,0.98,,1,,,,,,,,,,1.0000,2025-03-14T13:35:00+00:00,808,1011
summary,2025-03-18,QQQ,,,,,,,0.00,,0,,,,,,,,,,0.7195,2025-03-17T09:34:00+00:00,654,1580
summary,2025-03-18,NVDA,,,,,,,0.00,,0,,,,,,,,,,0.8964,2025-03-17T08:25:00+00:00,484,1681
summary,2025-03-18,MSFT,,,,,,,0.00,,0,,,,,,,,,,0.7328,2025-03-17T10:19:00+00:00,318,1078
summary,2025-03-19,SPY,,,,,,,0.00,,0,,,,,,,,,,0.6983,2025-03-17T09:39:00+00:00,904,2261
summary,2025-03-19,QQQ,,,,,,,0.00,,0,,,,,,,,,,0.7195,2025-03-17T09:34:00+00:00,882,2464
summary,2025-03-19,AAPL,,,,,,,0.00,,0,,,,,,,,,,0.6210,2025-03-17T18:13:00+00:00,942,1951
summary,2025-03-19,MSFT,,,,,,,0.00,,0,,,,,,,,,,0.7328,2025-03-17T10:19:00+00:00,570,1583
trade,2025-03-20,SPY,Long,2025-03-20T14:10:00+00:00,2025-03-20T15:17:00+00:00,568.4755,569.1342,0.53,0.35,0.001159,4020000,ScoreExit,0.3559,-0.0550,0.4293,0.3738,0.2954,-0.3615,-0.1580,0.2532,,,
summary,2025-03-20,SPY,,,,,,,0.35,,1,,,,,,,,,,0.6839,2025-03-17T13:41:00+00:00,1168,2865
trade,2025-03-20,AAPL,Long,2025-03-20T14:02:00+00:00,2025-03-20T14:56:00+00:00,215.5747,216.3801,1.39,1.12,0.003736,3240000,ScoreExit,0.3802,-0.0729,0.3757,0.4233,0.2953,-0.5336,-0.1803,0.2953,,,
summary,2025-03-20,AAPL,,,,,,,1.12,,1,,,,,,,,,,1.0000,2025-03-17T13:37:00+00:00,1263,2455
trade,2025-03-20,MSFT,Long,2025-03-20T14:11:00+00:00,2025-03-20T15:01:00+00:00,389.0817,388.9183,0.77,-0.13,-0.000420,3000000,ScoreExit,0.3989,-0.0974,0.3190,0.4476,0.3281,-0.5665,-0.1899,0.2439,,,
summary,2025-03-20,MSFT,,,,,,,-0.13,,1,,,,,,,,,,0.9632,2025-03-17T13:36:00+00:00,728,2043
summary,2025-03-21,SPY,,,,,,,0.00,,0,,,,,,,,,,0.4669,2025-03-19T19:07:00+00:00,1280,2896
summary,2025-03-21,QQQ,,,,,,,0.00,,0,,,,,,,,,,0.4974,2025-03-19T19:06:00+00:00,1602,3056
summary,2025-03-21,NVDA,,,,,,,0.00,,0,,,,,,,,,,0.7097,2025-03-18T16:14:00+00:00,1752,3269
trade,2025-03-24,QQQ,Long,2025-03-24T13:36:00+00:00,2025-03-24T15:37:00+00:00,487.4012,489.8580,0.62,1.51,0.005041,7260000,MaxHoldTimeout,0.2101,0.0056,-0.5069,0.1655,0.5383,-0.1480,-0.2179,0.5036,,,
summary,2025-03-24,QQQ,,,,,,,1.51,,1,,,,,,,,,,0.9334,2025-03-21T15:00:00+00:00,1163,1271
trade,2025-03-24,AAPL,Long,2025-03-24T13:36:00+00:00,2025-03-24T15:21:00+00:00,218.9207,219.5441,1.37,0.85,0.002848,6300000,ScoreExit,0.1423,-0.0767,-0.5390,0.0480,0.5582,-0.5559,-0.3018,0.5332,,,
summary,2025-03-24,AAPL,,,,,,,0.85,,1,,,,,,,,,,1.0000,2025-03-21T13:41:00+00:00,1097,1201
trade,2025-03-24,MSFT,Long,2025-03-24T14:31:00+00:00,2025-03-24T15:56:00+00:00,391.8575,393.2092,0.77,1.04,0.003449,5100000,SessionClose,0.0902,0.1789,-0.3769,0.0053,0.4156,0.4378,0.0002,0.4498,,,
summary,2025-03-24,MSFT,,,,,,,1.04,,1,,,,,,,,,,0.6959,2025-03-21T19:58:00+00:00,819,1062
trade,2025-03-25,QQQ,Long,2025-03-25T14:06:00+00:00,2025-03-25T15:53:00+00:00,491.5724,492.3772,0.61,0.49,0.001637,6420000,ScoreExit,0.2257,-0.0857,0.2205,0.1374,0.4040,-0.4738,-0.2721,0.4163,,,
summary,2025-03-25,QQQ,,,,,,,0.49,,1,,,,,,,,,,0.5341,2025-03-24T08:09:00+00:00,1155,1597
summary,2025-03-25,NVDA,,,,,,,0.00,,0,,,,,,,,,,0.7151,2025-03-24T08:09:00+00:00,915,1681
trade,2025-03-25,MSFT,Long,2025-03-25T14:01:00+00:00,2025-03-25T15:36:00+00:00,394.4533,394.8865,0.76,0.33,0.001098,5700000,ScoreExit,0.1307,-0.0929,-0.4519,0.0889,0.4085,-0.4892,-0.2587,0.3708,,,
summary,2025-03-25,MSFT,,,,,,,0.33,,1,,,,,,,,,,0.6302,2025-03-24T08:14:00+00:00,668,1153
summary,2025-03-26,QQQ,,,,,,,0.00,,0,,,,,,,,,,0.5341,2025-03-24T08:09:00+00:00,1467,2439
summary,2025-03-26,AAPL,,,,,,,0.00,,0,,,,,,,,,,0.7856,2025-03-24T09:23:00+00:00,1275,2052
summary,2025-03-26,NVDA,,,,,,,0.00,,0,,,,,,,,,,0.7151,2025-03-24T08:09:00+00:00,917,2637
summary,2025-03-26,MSFT,,,,,,,0.00,,0,,,,,,,,,,0.6302,2025-03-24T08:14:00+00:00,787,1650
summary,2025-03-27,SPY,,,,,,,0.00,,0,,,,,,,,,,0.7917,2025-03-24T14:49:00+00:00,1086,2888
summary,2025-03-27,QQQ,,,,,,,0.00,,0,,,,,,,,,,0.8316,2025-03-24T14:49:00+00:00,1305,3057
summary,2025-03-27,MSFT,,,,,,,0.00,,0,,,,,,,,,,0.4090,2025-03-25T14:22:00+00:00,734,2014
summary,2025-03-28,SPY,,,,,,,0.00,,0,,,,,,,,,,0.7735,2025-03-25T14:41:00+00:00,412,2861
summary,2025-03-28,QQQ,,,,,,,0.00,,0,,,,,,,,,,0.8517,2025-03-25T14:44:00+00:00,619,3017
summary,2025-03-28,AAPL,,,,,,,0.00,,0,,,,,,,,,,1.0000,2025-03-25T13:37:00+00:00,1021,2423
summary,2025-03-31,MSFT,,,,,,,0.00,,0,,,,,,,,,,0.6909,2025-03-28T13:42:00+00:00,124,1062
trade,2025-04-01,SPY,Long,2025-04-01T14:51:00+00:00,2025-04-01T15:56:00+00:00,558.4925,561.0166,0.54,1.36,0.004520,3900000,SessionClose,0.4187,0.2102,0.4995,0.3897,0.4498,0.0516,0.0767,0.5299,,,
summary,2025-04-01,SPY,,,,,,,1.36,,1,,,,,,,,,,0.5880,2025-03-31T18:19:00+00:00,1036,1563
trade,2025-04-01,QQQ,Long,2025-04-01T13:37:00+00:00,2025-04-01T14:07:00+00:00,467.2351,466.6150,0.64,-0.40,-0.001327,1800000,ScoreExit,0.1401,-0.0624,-0.0760,0.0433,0.4058,-0.4207,-0.2979,0.5280,,,
trade,2025-04-01,QQQ,Long,2025-04-01T14:36:00+00:00,2025-04-01T15:56:00+00:00,466.7550,471.7884,0.64,3.24,0.010784,4800000,SessionClose,0.2787,0.2227,0.1945,0.1812,0.5019,-0.0245,0.0743,0.6019,,,
summary,2025-04-01,QQQ,,,,,,,2.84,,2,,,,,,,,,,0.5964,2025-03-31T18:31:00+00:00,1152,1632
summary,2025-04-01,MSFT,,,,,,,0.00,,0,,,,,,,,,,0.6194,2025-03-31T15:53:00+00:00,803,1181
summary,2025-04-02,QQQ,,,,,,,0.00,,0,,,,,,,,,,0.5964,2025-03-31T18:31:00+00:00,1718,2508
summary,2025-04-02,MSFT,,,,,,,0.00,,0,,,,,,,,,,0.6194,2025-03-31T15:53:00+00:00,1214,1753
summary,2025-04-03,SPY,,,,,,,0.00,,0,,,,,,,,,,0.8569,2025-03-31T15:02:00+00:00,1565,3049
summary,2025-04-03,QQQ,,,,,,,0.00,,0,,,,,,,,,,0.8208,2025-03-31T14:08:00+00:00,1758,3139
summary,2025-04-03,NVDA,,,,,,,0.00,,0,,,,,,,,,,0.8975,2025-03-31T14:01:00+00:00,1922,3269
summary,2025-04-03,MSFT,,,,,,,0.00,,0,,,,,,,,,,0.7174,2025-03-31T15:53:00+00:00,1324,2402
summary,2025-04-04,SPY,,,,,,,0.00,,0,,,,,,,,,,0.9562,2025-04-01T15:01:00+00:00,776,3109
summary,2025-04-04,QQQ,,,,,,,0.00,,0,,,,,,,,,,0.9557,2025-04-01T14:54:00+00:00,857,3165
summary,2025-04-04,AAPL,,,,,,,0.00,,0,,,,,,,,,,0.9422,2025-04-01T13:45:00+00:00,743,2943
summary,2025-04-04,NVDA,,,,,,,0.00,,0,,,,,,,,,,0.9547,2025-04-01T14:54:00+00:00,1021,3269
trade,2025-04-04,MSFT,Long,2025-04-04T13:56:00+00:00,2025-04-04T14:31:00+00:00,369.3958,370.6038,0.48,0.57,0.003270,2100000,ScoreExit,0.4347,-0.1036,0.0560,0.6117,0.2071,-0.4317,-0.1243,0.0472,,,
summary,2025-04-04,MSFT,,,,,,,0.57,,1,,,,,,,,,,0.9556,2025-04-01T14:42:00+00:00,877,2547
trade,2025-04-07,SPY,Long,2025-04-07T14:11:00+00:00,2025-04-07T15:11:00+00:00,502.5357,502.8241,0.16,0.04,0.000574,3600000,ScoreExit,0.6114,-0.1255,0.6276,0.7478,0.3333,-0.4388,-0.3027,0.3333,,,
summary,2025-04-07,SPY,,,,,,,0.04,,1,,,,,,,,,,0.8307,2025-04-07T14:13:00+00:00,446,1347
trade,2025-04-07,NVDA,Long,2025-04-07T13:51:00+00:00,2025-04-07T15:24:00+00:00,89.8319,94.0068,3.34,13.96,0.046474,5580000,ScoreExit,0.5783,-0.1256,0.6976,0.6809,0.3333,-0.6136,-0.3462,0.4785,,,
summary,2025-04-07,NVDA,,,,,,,13.96,,1,,,,,,,,,,0.9627,2025-04-07T14:13:00+00:00,533,1351
trade,2025-04-08,SPY,Long,2025-04-08T14:06:00+00:00,2025-04-08T14:56:00+00:00,524.2622,519.3441,0.45,-2.21,-0.009381,3000000,ScoreExit,0.5034,-0.0888,0.5467,0.3711,0.7534,-0.5230,-0.4375,0.7534,,,
summary,2025-04-08,SPY,,,,,,,-2.21,,1,,,,,,,,,,0.8933,2025-04-07T08:04:00+00:00,1180,1668
summary,2025-04-08,AAPL,,,,,,,0.00,,0,,,,,,,,,,1.0000,2025-04-07T08:02:00+00:00,1021,1650
trade,2025-04-08,NVDA,Long,2025-04-08T14:10:00+00:00,2025-04-08T14:56:00+00:00,105.5617,103.8038,2.86,-5.03,-0.016652,2760000,ScoreExit,0.6671,-0.1020,0.5530,0.6162,0.8071,-0.5118,-0.4882,0.8071,,,
summary,2025-04-08,NVDA,,,,,,,-5.03,,1,,,,,,,,,,0.9611,2025-04-07T14:13:00+00:00,1329,1681
trade,2025-04-08,MSFT,Long,2025-04-08T14:27:00+00:00,2025-04-08T15:24:00+00:00,372.7418,367.6933,0.73,-3.67,-0.013544,3420000,ScoreExit,0.3224,-0.0604,0.0309,0.0842,0.8957,-0.3890,-0.4428,0.8138,,,
summary,2025-04-08,MSFT,,,,,,,-3.67,,1,,,,,,,,,,1.0000,2025-04-07T08:02:00+00:00,1079,1464
trade,2025-04-09,SPY,Long,2025-04-09T13:36:00+00:00,2025-04-09T14:52:00+00:00,496.2438,495.3913,0.35,-0.30,-0.001718,4560000,MaxHoldTimeout,0.4002,0.0000,0.3717,0.5883,0.0334,-0.5541,-0.3895,-0.2139,,,
summary,2025-04-09,SPY,,,,,,,-0.30,,1,,,,,,,,,,0.8933,2025-04-07T08:04:00+00:00,1472,2625
summary,2025-04-09,QQQ,,,,,,,0.00,,0,,,,,,,,,,1.0000,2025-04-07T08:02:00+00:00,1545,2625
summary,2025-04-09,NVDA,,,,,,,0.00,,0,,,,,,,,,,0.9611,2025-04-07T14:13:00+00:00,1917,2641
summary,2025-04-09,MSFT,,,,,,,0.00,,0,,,,,,,,,,1.0000,2025-04-07T08:02:00+00:00,1506,2201
summary,2025-04-10,QQQ,,,,,,,0.00,,0,,,,,,,,,,0.9585,2025-04-07T14:13:00+00:00,1875,3252
trade,2025-04-10,AAPL,Long,2025-04-10T13:31:00+00:00,2025-04-10T14:42:00+00:00,190.2521,192.3773,1.58,3.36,0.011171,4260000,ScoreExit,0.3933,-0.0637,0.1160,0.3724,0.5273,-0.4300,-0.1678,0.2665,,,
summary,2025-04-10,AAPL,,,,,,,3.36,,1,,,,,,,,,,0.9579,2025-04-07T14:13:00+00:00,1759,3232
trade,2025-04-11,QQQ,Long,2025-04-11T13:53:00+00:00,2025-04-11T14:17:00+00:00,448.9596,447.4107,0.47,-0.73,-0.003450,1440000,ScoreExit,0.3815,-0.0728,0.4033,0.4216,0.2940,-0.0346,-0.1933,0.1555,,,
summary,2025-04-11,QQQ,,,,,,,-0.73,,1,,,,,,,,,,0.8969,2025-04-08T14:02:00+00:00,1785,3249
trade,2025-04-11,NVDA,Long,2025-04-11T13:36:00+00:00,2025-04-11T14:18:00+00:00,108.8777,109.1872,2.76,0.85,0.002843,2520000,ScoreExit,0.4305,-0.0672,0.3708,0.3593,0.5927,-0.4511,-0.1815,0.2892,,,
summary,2025-04-11,NVDA,,,,,,,0.85,,1,,,,,,,,,,0.9327,2025-04-08T13:46:00+00:00,2039,3271
trade,2025-04-14,SPY,Long,2025-04-14T14:01:00+00:00,2025-04-14T15:13:00+00:00,540.6571,540.9677,0.56,0.17,0.000574,4320000,ScoreExit,0.2016,-0.0706,-0.2762,0.0810,0.6021,-0.4302,-0.2656,0.4392,,,
summary,2025-04-14,SPY,,,,,,,0.17,,1,,,,,,,,,,0.9402,2025-04-11T13:45:00+00:00,1086,1292
trade,2025-04-14,QQQ,Long,2025-04-14T14:01:00+00:00,2025-04-14T15:06:00+00:00,460.3281,460.5168,0.64,0.12,0.000410,3900000,ScoreExit,0.1806,-0.0685,-0.2026,0.0260,0.6175,-0.5676,-0.2239,0.4087,,,
summary,2025-04-14,QQQ,,,,,,,0.12,,1,,,,,,,,,,0.9363,2025-04-11T13:45:00+00:00,1044,1272
trade,2025-04-14,AAPL,Long,2025-04-14T14:46:00+00:00,2025-04-14T15:27:00+00:00,205.8717,203.8338,1.46,-2.97,-0.009899,2460000,ScoreExit,0.3045,-0.0504,0.2284,0.0572,0.8245,-0.5661,-0.3151,0.6510,,,
summary,2025-04-14,AAPL,,,,,,,-2.97,,1,,,,,,,,,,1.0000,2025-04-11T13:36:00+00:00,1198,1313
trade,2025-04-14,MSFT,Long,2025-04-14T14:01:00+00:00,2025-04-14T15:01:00+00:00,391.4724,392.3773,0.77,0.69,0.002311,3600000,ScoreExit,0.2717,-0.0853,-0.0543,0.1536,0.6168,-0.5647,-0.2482,0.4003,,,
summary,2025-04-14,MSFT,,,,,,,0.69,,1,,,,,,,,,,0.9318,2025-04-11T13:45:00+00:00,756,1017
trade,2025-04-15,QQQ,Long,2025-04-15T13:32:00+00:00,2025-04-15T14:17:00+00:00,458.8426,460.9367,0.65,1.37,0.004564,2700000,ScoreExit,0.3664,-0.0556,0.4304,0.3758,0.3263,-0.2979,-0.2668,0.4474,,,
summary,2025-04-15,QQQ,,,,,,,1.37,,1,,,,,,,,,,0.5355,2025-04-14T13:24:00+00:00,692,1625
summary,2025-04-15,AAPL,,,,,,,0.00,,0,,,,,,,,,,0.6140,2025-04-14T12:09:00+00:00,552,1585
trade,2025-04-15,NVDA,Long,2025-04-15T13:32:00+00:00,2025-04-15T14:18:00+00:00,112.0286,111.6113,2.68,-1.12,-0.003725,2760000,ScoreExit,0.5473,-0.1085,0.6206,0.5853,0.4469,-0.5165,-0.2408,0.2921,,,
summary,2025-04-15,NVDA,,,,,,,-1.12,,1,,,,,,,,,,0.6553,2025-04-14T11:13:00+00:00,530,1681
trade,2025-04-15,MSFT,Long,2025-04-15T13:35:00+00:00,2025-04-15T14:01:00+00:00,390.1320,389.1982,0.77,-0.72,-0.002394,1560000,ScoreExit,0.3710,-0.0835,0.4383,0.3657,0.3590,-0.5763,-0.1574,0.2283,,,
summary,2025-04-15,MSFT,,,,,,,-0.72,,1,,,,,,,,,,0.5709,2025-04-14T08:06:00+00:00,307,1101
summary,2025-04-16,QQQ,,,,,,,0.00,,0,,,,,,,,,,0.5355,2025-04-14T13:24:00+00:00,767,2560
summary,2025-04-16,AAPL,,,,,,,0.00,,0,,,,,,,,,,0.6140,2025-04-14T12:09:00+00:00,552,2442
summary,2025-04-16,MSFT,,,,,,,0.00,,0,,,,,,,,,,0.5709,2025-04-14T08:06:00+00:00,307,1644
summary,2025-04-17,SPY,,,,,,,0.00,,0,,,,,,,,,,0.8794,2025-04-14T14:54:00+00:00,652,3106
summary,2025-04-17,QQQ,,,,,,,0.00,,0,,,,,,,,,,0.7616,2025-04-14T14:54:00+00:00,698,3145
summary,2025-04-17,AAPL,,,,,,,0.00,,0,,,,,,,,,,0.5053,2025-04-14T19:08:00+00:00,477,2918
summary,2025-04-17,NVDA,,,,,,,0.00,,0,,,,,,,,,,0.6634,2025-04-15T13:31:00+00:00,731,3271
summary,2025-04-18,SPY,,,,,,,0.00,,0,,,,,,,,,,0.5739,2025-04-15T13:42:00+00:00,217,2403
summary,2025-04-18,QQQ,,,,,,,0.00,,0,,,,,,,,,,0.6830,2025-04-15T13:39:00+00:00,197,2408
summary,2025-04-18,AAPL,,,,,,,0.00,,0,,,,,,,,,,0.8577,2025-04-15T13:53:00+00:00,554,2195
summary,2025-04-21,QQQ,,,,,,,0.00,,0,,,,,,,,,,0.4809,2025-04-21T19:58:00+00:00,135,689
trade,2025-04-21,NVDA,Long,2025-04-21T13:31:00+00:00,2025-04-21T14:01:00+00:00,99.3148,96.6459,3.02,-8.07,-0.026873,1800000,HardStop,0.6029,0.0000,0.5522,0.4127,1.0000,-0.5968,-0.4988,-1.0000,,,
summary,2025-04-21,NVDA,,,,,,,-8.07,,1,,,,,,,,,,0.6103,2025-04-21T19:57:00+00:00,75,721
summary,2025-04-21,MSFT,,,,,,,0.00,,0,,,,,,,,,,0.9005,2025-04-21T11:00:00+00:00,22,461
trade,2025-04-22,SPY,Long,2025-04-22T14:06:00+00:00,2025-04-22T15:56:00+00:00,522.0516,524.5376,0.58,1.43,0.004762,6600000,SessionClose,0.3985,0.3666,-0.0309,0.3663,0.6061,0.4617,0.2248,0.6184,,,
summary,2025-04-22,SPY,,,,,,,1.43,,1,,,,,,,,,,0.4930,2025-04-22T08:00:00+00:00,839,1490
trade,2025-04-22,QQQ,Long,2025-04-22T14:06:00+00:00,2025-04-22T15:56:00+00:00,441.3074,442.8421,0.68,1.04,0.003478,6600000,SessionClose,0.4345,0.3360,0.0205,0.3982,0.6451,0.3359,0.1821,0.6438,,,
summary,2025-04-22,QQQ,,,,,,,1.04,,1,,,,,,,,,,0.5033,2025-04-22T08:00:00+00:00,881,1579
trade,2025-04-22,AAPL,Long,2025-04-22T14:19:00+00:00,2025-04-22T15:56:00+00:00,197.9544,198.2055,1.52,0.38,0.001269,5820000,SessionClose,0.2869,0.3468,-0.5162,0.1762,0.7759,0.1116,0.1778,0.7634,,,
summary,2025-04-22,AAPL,,,,,,,0.38,,1,,,,,,,,,,0.6188,2025-04-22T14:06:00+00:00,690,1326
trade,2025-04-22,NVDA,Long,2025-04-22T13:36:00+00:00,2025-04-22T15:37:00+00:00,97.8098,98.7417,3.06,2.86,0.009527,7260000,MaxHoldTimeout,0.2198,0.0665,-0.3863,0.0697,0.7222,-0.5141,-0.1381,0.6693,,,
summary,2025-04-22,NVDA,,,,,,,2.86,,1,,,,,,,,,,0.6796,2025-04-22T08:00:00+00:00,811,1681
trade,2025-04-23,SPY,Long,2025-04-23T14:38:00+00:00,2025-04-23T15:11:00+00:00,544.8484,542.0023,0.52,-1.48,-0.005224,1980000,ScoreExit,0.2626,-0.0670,0.2176,0.1319,0.5392,-0.3205,-0.2240,0.3317,,,
summary,2025-04-23,SPY,,,,,,,-1.48,,1,,,,,,,,,,0.5898,2025-04-22T21:44:00+00:00,1574,2429
trade,2025-04-23,QQQ,Long,2025-04-23T14:38:00+00:00,2025-04-23T15:16:00+00:00,462.9939,460.5268,0.65,-1.60,-0.005328,2280000,ScoreExit,0.3140,-0.1136,0.2751,0.1926,0.5698,-0.3436,-0.3233,0.3824,,,
summary,2025-04-23,QQQ,,,,,,,-1.60,,1,,,,,,,,,,0.6171,2025-04-22T21:42:00+00:00,1657,2524
trade,2025-04-23,NVDA,Long,2025-04-23T14:21:00+00:00,2025-04-23T15:26:00+00:00,103.3960,103.6239,2.90,0.66,0.002204,3900000,ScoreExit,0.2005,-0.1601,-0.2609,0.1231,0.5092,-0.4036,-0.4016,0.4042,,,
summary,2025-04-23,NVDA,,,,,,,0.66,,1,,,,,,,,,,0.6796,2025-04-22T08:00:00+00:00,1598,2641
trade,2025-04-23,MSFT,Long,2025-04-23T14:21:00+00:00,2025-04-23T15:16:00+00:00,377.3382,378.3815,0.80,0.83,0.002765,3300000,ScoreExit,0.1870,-0.1130,-0.5179,0.1315,0.5329,-0.5119,-0.2787,0.3515,,,
summary,2025-04-23,MSFT,,,,,,,0.83,,1,,,,,,,,,,0.9005,2025-04-21T11:00:00+00:00,1029,1765
summary,2025-04-24,QQQ,,,,,,,0.00,,0,,,,,,,,,,0.6883,2025-04-22T21:42:00+00:00,2305,3173
trade,2025-04-24,NVDA,Long,2025-04-24T14:08:00+00:00,2025-04-24T15:56:00+00:00,104.8164,105.6583,2.87,2.42,0.008032,6480000,SessionClose,0.4254,0.1140,0.1036,0.3999,0.5836,0.5314,-0.1900,0.5828,,,
summary,2025-04-24,NVDA,,,,,,,2.42,,1,,,,,,,,,,0.7566,2025-04-22T21:29:00+00:00,2269,3270
summary,2025-04-24,MSFT,,,,,,,0.00,,0,,,,,,,,,,0.6891,2025-04-22T21:41:00+00:00,1485,2271
trade,2025-04-28,SPY,Long,2025-04-28T14:23:00+00:00,2025-04-28T14:31:00+00:00,551.6154,550.2599,0.54,-0.74,-0.002457,480000,ScoreExit,0.2072,-0.0691,0.2304,0.1052,0.4034,-0.5626,-0.1572,0.2715,,,
summary,2025-04-28,SPY,,,,,,,-0.74,,1,,,,,,,,,,0.5563,2025-04-25T17:27:00+00:00,861,1212
trade,2025-04-28,QQQ,Long,2025-04-28T13:50:00+00:00,2025-04-28T13:56:00+00:00,474.1231,472.1733,0.63,-1.23,-0.004112,360000,ScoreExit,0.2140,-0.1349,0.0155,0.1391,0.4301,-0.5659,-0.3142,0.3674,,,
summary,2025-04-28,QQQ,,,,,,,-1.23,,1,,,,,,,,,,0.7915,2025-04-25T14:12:00+00:00,946,1262
summary,2025-04-28,NVDA,,,,,,,0.00,,0,,,,,,,,,,1.0000,2025-04-25T13:34:00+00:00,901,1351
summary,2025-04-28,MSFT,,,,,,,0.00,,0,,,,,,,,,,0.6712,2025-04-25T14:12:00+00:00,646,965
trade,2025-04-29,SPY,Long,2025-04-29T14:04:00+00:00,2025-04-29T15:23:00+00:00,551.2703,550.9997,0.54,-0.15,-0.000491,4740000,MaxHoldTimeout,0.3509,-0.0336,0.2948,0.3589,0.3535,-0.5342,-0.1109,0.2879,,,
summary,2025-04-29,SPY,,,,,,,-0.15,,1,,,,,,,,,,0.8045,2025-04-28T09:32:00+00:00,856,1452
trade,2025-04-29,AAPL,Long,2025-04-29T13:47:00+00:00,2025-04-29T15:16:00+00:00,210.6412,211.0058,1.42,0.52,0.001731,5340000,ScoreExit,0.4199,-0.0604,0.5352,0.3948,0.4318,-0.3209,-0.2530,0.4116,,,
summary,2025-04-29,AAPL,,,,,,,0.52,,1,,,,,,,,,,0.9510,2025-04-28T09:31:00+00:00,815,1302
trade,2025-04-29,MSFT,Long,2025-04-29T13:36:00+00:00,2025-04-29T15:11:00+00:00,391.9125,393.5769,0.77,1.27,0.004247,5700000,ScoreExit,0.3574,-0.0588,0.3596,0.3199,0.4317,-0.5332,-0.2105,0.4027,,,
summary,2025-04-29,MSFT,,,,,,,1.27,,1,,,,,,,,,,0.7141,2025-04-28T09:53:00+00:00,659,1034
summary,2025-04-30,SPY,,,,,,,0.00,,0,,,,,,,,,,0.8045,2025-04-28T09:32:00+00:00,1239,2284
summary,2025-04-30,QQQ,,,,,,,0.00,,0,,,,,,,,,,0.8116,2025-04-28T09:32:00+00:00,1323,2456
summary,2025-04-30,AAPL,,,,,,,0.00,,0,,,,,,,,,,0.9510,2025-04-28T09:31:00+00:00,1152,1987
summary,2025-04-30,NVDA,,,,,,,0.00,,0,,,,,,,,,,0.8603,2025-04-28T09:29:00+00:00,1123,2637
summary,2025-04-30,MSFT,,,,,,,0.00,,0,,,,,,,,,,0.7141,2025-04-28T09:53:00+00:00,962,1659
trade,2025-05-01,SPY,Long,2025-05-01T14:21:00+00:00,2025-05-01T15:32:00+00:00,561.1683,562.5662,0.53,0.75,0.002491,4260000,ScoreExit,0.3585,-0.0518,0.4215,0.3428,0.3690,-0.5184,-0.1243,0.2489,,,
summary,2025-05-01,SPY,,,,,,,0.75,,1,,,,,,,,,,0.5687,2025-04-28T19:53:00+00:00,1818,2955
trade,2025-05-01,QQQ,Long,2025-05-01T14:11:00+00:00,2025-05-01T15:41:00+00:00,481.6995,485.3543,0.62,2.28,0.007587,5400000,ScoreExit,0.1197,-0.0527,-0.4011,0.0472,0.4383,-0.4233,-0.1802,0.3260,,,
summary,2025-05-01,QQQ,,,,,,,2.28,,1,,,,,,,,,,0.6879,2025-04-28T13:46:00+00:00,1971,3095
trade,2025-05-01,AAPL,Long,2025-05-01T14:31:00+00:00,2025-05-01T15:51:00+00:00,211.5484,212.4612,1.42,1.29,0.004315,4800000,ScoreExit,0.2450,-0.1129,0.0283,0.1948,0.4178,-0.4122,-0.2888,0.3387,,,
summary,2025-05-01,AAPL,,,,,,,1.29,,1,,,,,,,,,,0.9364,2025-04-28T13:43:00+00:00,1527,2687
trade,2025-05-01,NVDA,Long,2025-05-01T13:54:00+00:00,2025-05-01T13:59:00+00:00,113.4690,113.0111,2.64,-1.21,-0.004036,300000,ScoreExit,0.1510,-0.0572,0.0186,0.0237,0.4497,-0.5343,-0.2312,0.4497,,,
trade,2025-05-01,NVDA,Long,2025-05-01T14:23:00+00:00,2025-05-01T15:55:00+00:00,113.0339,113.5109,2.65,1.27,0.004220,5520000,ScoreExit,0.2104,-0.0541,0.2589,0.0431,0.5288,-0.5769,-0.2184,0.4488,,,
summary,2025-05-01,NVDA,,,,,,,0.06,,2,,,,,,,,,,0.8369,2025-04-28T13:46:00+00:00,1809,3267
trade,2025-05-01,MSFT,Long,2025-05-01T14:41:00+00:00,2025-05-01T15:41:00+00:00,431.8345,430.6319,0.62,-0.74,-0.002785,3600000,ScoreExit,0.2605,-0.0665,0.2202,0.0920,0.6108,-0.4874,-0.3130,0.5667,,,
summary,2025-05-01,MSFT,,,,,,,-0.74,,1,,,,,,,,,,0.7602,2025-04-30T20:02:00+00:00,1743,2495
summary,2025-05-02,SPY,,,,,,,0.00,,0,,,,,,,,,,0.8742,2025-04-29T14:59:00+00:00,2071,2990
summary,2025-05-02,AAPL,,,,,,,0.00,,0,,,,,,,,,,0.9879,2025-04-29T13:39:00+00:00,966,2907
summary,2025-05-05,SPY,,,,,,,0.00,,0,,,,,,,,,,0.6157,2025-05-02T16:14:00+00:00,578,1223
summary,2025-05-05,QQQ,,,,,,,0.00,,0,,,,,,,,,,0.7070,2025-05-02T14:29:00+00:00,577,1239
summary,2025-05-05,AAPL,,,,,,,0.00,,0,,,,,,,,,,0.9559,2025-05-02T14:46:00+00:00,401,1230
summary,2025-05-05,NVDA,,,,,,,0.00,,0,,,,,,,,,,0.9332,2025-05-02T13:33:00+00:00,427,1348
summary,2025-05-06,SPY,,,,,,,0.00,,0,,,,,,,,,,0.4664,2025-05-05T18:40:00+00:00,478,1494
summary,2025-05-06,QQQ,,,,,,,0.00,,0,,,,,,,,,,0.5388,2025-05-05T18:44:00+00:00,447,1573
summary,2025-05-06,MSFT,,,,,,,0.00,,0,,,,,,,,,,0.6306,2025-05-05T13:54:00+00:00,611,1154
summary,2025-05-07,SPY,,,,,,,0.00,,0,,,,,,,,,,0.4664,2025-05-05T18:40:00+00:00,697,2363
summary,2025-05-07,MSFT,,,,,,,0.00,,0,,,,,,,,,,0.6306,2025-05-05T13:54:00+00:00,741,1780
summary,2025-05-08,QQQ,,,,,,,0.00,,0,,,,,,,,,,0.8203,2025-05-05T15:04:00+00:00,1260,3095
summary,2025-05-08,MSFT,,,,,,,0.00,,0,,,,,,,,,,0.9543,2025-05-05T15:01:00+00:00,1063,2265
summary,2025-05-09,QQQ,,,,,,,0.00,,0,,,,,,,,,,0.9528,2025-05-06T14:46:00+00:00,2026,3087
trade,2025-05-09,AAPL,Long,2025-05-09T13:35:00+00:00,2025-05-09T13:41:00+00:00,200.2050,198.7931,1.50,-2.12,-0.007052,360000,ScoreExit,0.3942,-0.0593,0.4198,0.4316,0.3110,-0.4875,-0.1730,0.3110,,,
summary,2025-05-09,AAPL,,,,,,,-2.12,,1,,,,,,,,,,1.0000,2025-05-06T13:31:00+00:00,1630,2879
summary,2025-05-09,NVDA,,,,,,,0.00,,0,,,,,,,,,,0.9519,2025-05-06T14:40:00+00:00,2574,3261
trade,2025-05-12,SPY,Long,2025-05-12T14:11:00+00:00,2025-05-12T15:27:00+00:00,579.6889,578.5914,0.52,-0.57,-0.001893,4560000,MaxHoldTimeout,0.2664,0.1285,0.3320,0.1472,0.4829,0.0166,-0.0201,0.4628,,,
summary,2025-05-12,SPY,,,,,,,-0.57,,1,,,,,,,,,,0.6873,2025-05-12T08:05:00+00:00,808,1288
trade,2025-05-12,QQQ,Long,2025-05-12T14:11:00+00:00,2025-05-12T14:26:00+00:00,504.5363,503.9438,0.59,-0.35,-0.001174,900000,ScoreExit,0.2282,-0.0989,0.2583,0.0927,0.4893,-0.5024,-0.3258,0.4893,,,
trade,2025-05-12,QQQ,Long,2025-05-12T14:48:00+00:00,2025-05-12T15:56:00+00:00,504.0524,503.4939,0.60,-0.33,-0.001108,4080000,SessionClose,0.2259,0.0455,0.2612,0.0884,0.4893,0.1645,-0.1949,0.4867,,,
summary,2025-05-12,QQQ,,,,,,,-0.69,,2,,,,,,,,,,0.7503,2025-05-12T08:05:00+00:00,704,1272
trade,2025-05-12,AAPL,Long,2025-05-12T14:07:00+00:00,2025-05-12T15:15:00+00:00,209.4328,208.2724,1.43,-1.66,-0.005541,4080000,ScoreExit,0.2848,-0.0594,0.3805,0.0923,0.6380,-0.5172,-0.3101,0.5945,,,
summary,2025-05-12,AAPL,,,,,,,-1.66,,1,,,,,,,,,,0.8380,2025-05-12T08:10:00+00:00,734,1248
trade,2025-05-12,NVDA,Long,2025-05-12T13:51:00+00:00,2025-05-12T14:04:00+00:00,121.6065,120.9687,2.47,-1.57,-0.005245,780000,ScoreExit,0.3433,-0.0545,0.4249,0.1920,0.6186,-0.5535,-0.2808,0.5644,,,
trade,2025-05-12,NVDA,Long,2025-05-12T14:11:00+00:00,2025-05-12T14:31:00+00:00,121.0220,120.6488,2.48,-0.92,-0.003084,1200000,ScoreExit,0.1399,-0.1019,-0.5307,0.0394,0.5644,-0.4649,-0.3745,0.5644,,,
trade,2025-05-12,NVDA,Long,2025-05-12T14:51:00+00:00,2025-05-12T15:56:00+00:00,120.6466,121.6186,2.49,2.42,0.008057,3900000,SessionClose,0.1419,0.3800,-0.3196,0.0075,0.5644,0.2914,0.2568,0.6561,,,
summary,2025-05-12,NVDA,,,,,,,-0.08,,3,,,,,,,,,,0.8161,2025-05-12T08:07:00+00:00,696,1344
trade,2025-05-12,MSFT,Long,2025-05-12T14:12:00+00:00,2025-05-12T15:54:00+00:00,442.9578,442.8021,0.68,-0.11,-0.000352,6120000,MaxHoldTimeout,0.3433,0.0926,0.5040,0.1521,0.6722,-0.5361,-0.0836,0.6546,,,
summary,2025-05-12,MSFT,,,,,,,-0.11,,1,,,,,,,,,,0.6434,2025-05-12T08:03:00+00:00,640,1026
trade,2025-05-13,QQQ,Long,2025-05-13T14:10:00+00:00,2025-05-13T15:56:00+00:00,513.3290,515.6671,0.58,1.37,0.004555,6360000,SessionClose,0.4900,0.2012,0.4975,0.4076,0.6523,-0.0806,0.0377,0.6221,,,
summary,2025-05-13,QQQ,,,,,,,1.37,,1,,,,,,,,,,0.9631,2025-05-12T08:00:00+00:00,1294,1630
trade,2025-05-13,AAPL,Long,2025-05-13T14:17:00+00:00,2025-05-13T15:41:00+00:00,211.1083,211.0717,1.42,-0.05,-0.000174,5040000,ScoreExit,0.3631,-0.0912,0.0217,0.3313,0.5405,-0.4840,-0.3060,0.4693,,,
summary,2025-05-13,AAPL,,,,,,,-0.05,,1,,,,,,,,,,1.0000,2025-05-12T08:00:00+00:00,1210,1541
trade,2025-05-13,MSFT,Long,2025-05-13T13:46:00+00:00,2025-05-13T14:37:00+00:00,448.6160,448.4817,0.67,-0.09,-0.000299,3060000,ScoreExit,0.2301,-0.0616,0.2331,0.1100,0.4692,-0.4073,-0.2315,0.3933,,,
summary,2025-05-13,MSFT,,,,,,,-0.09,,1,,,,,,,,,,0.6013,2025-05-12T17:08:00+00:00,832,1177
trade,2025-05-14,AAPL,Long,2025-05-14T13:41:00+00:00,2025-05-14T13:47:00+00:00,213.0240,212.5212,1.41,-0.71,-0.002360,360000,ScoreExit,0.3912,-0.0572,0.4682,0.3824,0.3832,-0.4566,-0.2108,0.3832,,,
summary,2025-05-14,AAPL,,,,,,,-0.71,,1,,,,,,,,,,1.0000,2025-05-12T08:00:00+00:00,1749,2374
summary,2025-05-15,QQQ,,,,,,,0.00,,0,,,,,,,,,,0.5805,2025-05-12T17:08:00+00:00,2393,3118
summary,2025-05-15,NVDA,,,,,,,0.00,,0,,,,,,,,,,0.7716,2025-05-13T14:13:00+00:00,2784,3270
summary,2025-05-16,QQQ,,,,,,,0.00,,0,,,,,,,,,,0.9440,2025-05-13T14:55:00+00:00,2152,3095
summary,2025-05-16,AAPL,,,,,,,0.00,,0,,,,,,,,,,0.8915,2025-05-13T14:33:00+00:00,1226,2738
summary,2025-05-16,NVDA,,,,,,,0.00,,0,,,,,,,,,,1.0000,2025-05-13T13:33:00+00:00,2680,3271
summary,2025-05-16,MSFT,,,,,,,0.00,,0,,,,,,,,,,0.8409,2025-05-13T13:52:00+00:00,1206,2115
summary,2025-05-19,SPY,,,,,,,0.00,,0,,,,,,,,,,0.4604,2025-05-16T18:51:00+00:00,671,1337
trade,2025-05-19,NVDA,Long,2025-05-19T13:36:00+00:00,2025-05-19T15:37:00+00:00,133.2450,135.2744,2.25,4.57,0.015231,7260000,MaxHoldTimeout,0.4959,0.4976,0.4748,0.5808,0.3333,0.5573,0.3395,0.7939,,,
summary,2025-05-19,NVDA,,,,,,,4.57,,1,,,,,,,,,,0.6652,2025-05-19T14:15:00+00:00,712,1351
trade,2025-05-19,MSFT,Long,2025-05-19T13:31:00+00:00,2025-05-19T15:32:00+00:00,454.2312,456.7829,0.66,1.69,0.005618,7260000,MaxHoldTimeout,0.5498,0.2054,0.5931,0.5016,0.6316,0.2141,0.0015,0.6103,,,
summary,2025-05-19,MSFT,,,,,,,1.69,,1,,,,,,,,,,0.6022,2025-05-19T13:41:00+00:00,627,1009
summary,2025-05-20,AAPL,,,,,,,0.00,,0,,,,,,,,,,0.8567,2025-05-19T09:29:00+00:00,929,1361
summary,2025-05-20,NVDA,,,,,,,0.00,,0,,,,,,,,,,0.7305,2025-05-19T13:47:00+00:00,1206,1679
summary,2025-05-20,MSFT,,,,,,,0.00,,0,,,,,,,,,,0.8279,2025-05-19T10:36:00+00:00,723,1059
summary,2025-05-21,AAPL,,,,,,,0.00,,0,,,,,,,,,,0.8567,2025-05-19T09:29:00+00:00,1005,2053
summary,2025-05-22,SPY,,,,,,,0.00,,0,,,,,,,,,,0.7923,2025-05-19T14:06:00+00:00,1096,3002
summary,2025-05-22,QQQ,,,,,,,0.00,,0,,,,,,,,,,0.8600,2025-05-19T14:09:00+00:00,1288,3068
summary,2025-05-22,AAPL,,,,,,,0.00,,0,,,,,,,,,,0.9552,2025-05-19T15:02:00+00:00,971,2606
summary,2025-05-22,NVDA,,,,,,,0.00,,0,,,,,,,,,,1.0000,2025-05-19T13:36:00+00:00,1367,3269
trade,2025-05-22,MSFT,Long,2025-05-22T13:41:00+00:00,2025-05-22T14:50:00+00:00,457.1321,457.5577,0.66,0.28,0.000931,4140000,ScoreExit,0.3565,-0.0608,0.3249,0.3484,0.3832,-0.5556,-0.1665,0.3157,,,
summary,2025-05-22,MSFT,,,,,,,0.28,,1,,,,,,,,,,0.9284,2025-05-19T13:44:00+00:00,938,1997
summary,2025-05-23,SPY,,,,,,,0.00,,0,,,,,,,,,,0.7089,2025-05-20T14:44:00+00:00,295,3000
summary,2025-05-23,QQQ,,,,,,,0.00,,0,,,,,,,,,,0.6717,2025-05-20T14:48:00+00:00,696,3128
summary,2025-05-23,AAPL,,,,,,,0.00,,0,,,,,,,,,,0.9123,2025-05-20T14:49:00+00:00,178,2639
summary,2025-05-23,NVDA,,,,,,,0.00,,0,,,,,,,,,,0.6166,2025-05-21T15:43:00+00:00,1072,3267
summary,2025-05-23,MSFT,,,,,,,0.00,,0,,,,,,,,,,0.5566,2025-05-20T19:59:00+00:00,661,2038
summary,2025-05-26,SPY,,,,,,,0.00,,0,,,,,,,,,,0.5602,2025-05-23T17:29:00+00:00,355,540
summary,2025-05-26,QQQ,,,,,,,0.00,,0,,,,,,,,,,0.7488,2025-05-23T14:12:00+00:00,304,534
summary,2025-05-26,NVDA,,,,,,,0.00,,0,,,,,,,,,,1.0000,2025-05-23T13:33:00+00:00,438,628
trade,2025-05-27,QQQ,Long,2025-05-27T14:10:00+00:00,2025-05-27T15:56:00+00:00,518.5205,519.4491,0.58,0.54,0.001791,6360000,SessionClose,0.4799,0.3900,0.5475,0.3464,0.7245,0.4792,0.2254,0.6895,,,
summary,2025-05-27,QQQ,,,,,,,0.54,,1,,,,,,,,,,0.6697,2025-05-27T09:13:00+00:00,448,713
trade,2025-05-27,NVDA,Long,2025-05-27T14:01:00+00:00,2025-05-27T15:48:00+00:00,134.6904,134.8545,2.23,0.37,0.001219,6420000,ScoreExit,0.4227,-0.0882,0.5400,0.2164,0.7963,-0.4761,-0.2301,0.3250,,,
summary,2025-05-27,NVDA,,,,,,,0.37,,1,,,,,,,,,,0.6096,2025-05-27T14:32:00+00:00,438,721
summary,2025-05-28,QQQ,,,,,,,0.00,,0,,,,,,,,,,0.6697,2025-05-27T09:13:00+00:00,1075,1612
trade,2025-05-28,AAPL,Long,2025-05-28T14:51:00+00:00,2025-05-28T15:56:00+00:00,200.9153,200.9747,1.49,0.09,0.000296,3900000,SessionClose,0.1515,-0.0182,0.1186,0.0315,0.4026,-0.3020,-0.1856,0.4113,,,
summary,2025-05-28,AAPL,,,,,,,0.09,,1,,,,,,,,,,0.6194,2025-05-27T16:04:00+00:00,1014,1401
trade,2025-05-28,MSFT,Long,2025-05-28T13:37:00+00:00,2025-05-28T13:48:00+00:00,461.4235,461.3016,0.65,-0.08,-0.000264,660000,ScoreExit,0.2309,-0.0611,0.0835,0.1688,0.4042,-0.2921,-0.2548,0.4033,,,
summary,2025-05-28,MSFT,,,,,,,-0.08,,1,,,,,,,,,,0.6092,2025-05-27T13:33:00+00:00,630,1087
summary,2025-05-29,QQQ,,,,,,,0.00,,0,,,,,,,,,,0.6697,2025-05-27T09:13:00+00:00,1692,2567
summary,2025-05-29,AAPL,,,,,,,0.00,,0,,,,,,,,,,0.6890,2025-05-28T23:20:00+00:00,1360,2314
trade,2025-05-29,NVDA,Long,2025-05-29T14:56:00+00:00,2025-05-29T15:50:00+00:00,141.4975,141.0427,2.12,-0.96,-0.003215,3240000,ScoreExit,0.4130,-0.0582,0.4139,0.3730,0.4927,-0.5307,-0.1603,0.3036,,,
summary,2025-05-29,NVDA,,,,,,,-0.96,,1,,,,,,,,,,0.7095,2025-05-28T20:59:00+00:00,1959,2641
summary,2025-05-29,MSFT,,,,,,,0.00,,0,,,,,,,,,,0.6092,2025-05-27T13:33:00+00:00,986,1748
summary,2025-05-30,SPY,,,,,,,0.00,,0,,,,,,,,,,0.8536,2025-05-27T14:48:00+00:00,1593,2975
summary,2025-05-30,QQQ,,,,,,,0.00,,0,,,,,,,,,,0.8736,2025-05-27T14:48:00+00:00,1936,3146
summary,2025-05-30,AAPL,,,,,,,0.00,,0,,,,,,,,,,0.7590,2025-05-28T23:20:00+00:00,1446,2824
summary,2025-05-30,MSFT,,,,,,,0.00,,0,,,,,,,,,,0.7913,2025-05-27T13:33:00+00:00,1194,2137
trade,2025-06-02,MSFT,Long,2025-06-02T13:57:00+00:00,2025-06-02T14:54:00+00:00,461.1133,459.9420,0.65,-0.76,-0.002540,3420000,ScoreExit,0.3676,-0.0635,0.4944,0.3531,0.3543,-0.4565,-0.1430,0.2266,,,
summary,2025-06-02,MSFT,,,,,,,-0.76,,1,,,,,,,,,,0.5670,2025-05-30T19:48:00+00:00,513,910
trade,2025-06-03,AAPL,Long,2025-06-03T13:40:00+00:00,2025-06-03T14:29:00+00:00,201.8555,201.6995,1.49,-0.23,-0.000773,2940000,ScoreExit,0.2129,-0.0539,0.2109,0.1087,0.4221,-0.5639,-0.1597,0.3276,,,
summary,2025-06-03,AAPL,,,,,,,-0.23,,1,,,,,,,,,,0.6392,2025-06-02T13:32:00+00:00,917,1300
trade,2025-06-03,NVDA,Long,2025-06-03T14:49:00+00:00,2025-06-03T15:56:00+00:00,141.3536,141.3926,2.13,0.08,0.000276,4020000,SessionClose,0.2991,0.1847,0.1255,0.0730,0.8094,0.1617,-0.0959,0.7535,,,
summary,2025-06-03,NVDA,,,,,,,0.08,,1,,,,,,,,,,0.7486,2025-06-02T13:39:00+00:00,1341,1677
summary,2025-06-03,MSFT,,,,,,,0.00,,0,,,,,,,,,,0.8980,2025-06-02T11:07:00+00:00,717,990
summary,2025-06-04,SPY,,,,,,,0.00,,0,,,,,,,,,,0.5303,2025-06-02T18:55:00+00:00,1718,2343
summary,2025-06-04,AAPL,,,,,,,0.00,,0,,,,,,,,,,0.6392,2025-06-02T13:32:00+00:00,1396,2065
summary,2025-06-04,MSFT,,,,,,,0.00,,0,,,,,,,,,,0.8980,2025-06-02T11:07:00+00:00,1055,1508
summary,2025-06-05,AAPL,,,,,,,0.00,,0,,,,,,,,,,0.8219,2025-06-02T15:01:00+00:00,1486,2666
trade,2025-06-05,NVDA,Long,2025-06-05T14:53:00+00:00,2025-06-05T15:56:00+00:00,142.1726,143.6969,2.11,3.22,0.010721,3780000,SessionClose,0.3606,0.2823,0.4240,0.3750,0.3106,0.1140,0.2178,0.4672,,,
summary,2025-06-05,NVDA,,,,,,,3.22,,1,,,,,,,,,,1.0000,2025-06-02T13:39:00+00:00,2443,3265
summary,2025-06-05,MSFT,,,,,,,0.00,,0,,,,,,,,,,0.8646,2025-06-02T13:32:00+00:00,1430,1958
summary,2025-06-06,QQQ,,,,,,,0.00,,0,,,,,,,,,,0.8678,2025-06-03T15:03:00+00:00,1913,3047
trade,2025-06-06,AAPL,Long,2025-06-06T13:31:00+00:00,2025-06-06T14:22:00+00:00,204.5063,203.8538,1.47,-0.96,-0.003191,3060000,ScoreExit,0.4894,-0.0705,0.5775,0.5207,0.3973,-0.5017,-0.1779,0.2880,,,
summary,2025-06-06,AAPL,,,,,,,-0.96,,1,,,,,,,,,,0.8392,2025-06-03T14:02:00+00:00,1172,2728
trade,2025-06-06,MSFT,Long,2025-06-06T13:37:00+00:00,2025-06-06T14:56:00+00:00,470.2660,471.4085,0.64,0.73,0.002429,4740000,ScoreExit,0.2691,-0.0546,0.2050,0.1678,0.4929,-0.4354,-0.2445,0.4521,,,
summary,2025-06-06,MSFT,,,,,,,0.73,,1,,,,,,,,,,0.4395,2025-06-03T15:04:00+00:00,1428,2005
summary,2025-06-09,SPY,,,,,,,0.00,,0,,,,,,,,,,0.5180,2025-06-06T13:41:00+00:00,646,1192
summary,2025-06-09,QQQ,,,,,,,0.00,,0,,,,,,,,,,0.5183,2025-06-06T13:46:00+00:00,612,1220
trade,2025-06-09,AAPL,Long,2025-06-09T13:36:00+00:00,2025-06-09T14:51:00+00:00,204.8914,204.9135,1.46,0.03,0.000108,4500000,ScoreExit,0.3694,-0.1122,0.4618,0.3446,0.3882,-0.4892,-0.2886,0.3663,,,
summary,2025-06-09,AAPL,,,,,,,0.03,,1,,,,,,,,,,0.6909,2025-06-06T13:31:00+00:00,521,1191
summary,2025-06-09,MSFT,,,,,,,0.00,,0,,,,,,,,,,0.8150,2025-06-06T14:06:00+00:00,410,892
summary,2025-06-10,QQQ,,,,,,,0.00,,0,,,,,,,,,,0.4269,2025-06-09T14:33:00+00:00,980,1541
trade,2025-06-10,AAPL,Long,2025-06-10T14:02:00+00:00,2025-06-10T15:31:00+00:00,202.8157,203.0441,1.48,0.34,0.001126,5340000,ScoreExit,0.3986,-0.0833,0.4574,0.3585,0.4593,-0.5562,-0.2247,0.3571,,,
summary,2025-06-10,AAPL,,,,,,,0.34,,1,,,,,,,,,,0.5802,2025-06-09T14:13:00+00:00,405,1497
summary,2025-06-10,NVDA,,,,,,,0.00,,0,,,,,,,,,,0.5878,2025-06-09T14:36:00+00:00,728,1673
summary,2025-06-10,MSFT,,,,,,,0.00,,0,,,,,,,,,,0.5372,2025-06-09T18:53:00+00:00,556,1013
summary,2025-06-11,AAPL,,,,,,,0.00,,0,,,,,,,,,,0.5802,2025-06-09T14:13:00+00:00,679,2268
trade,2025-06-11,MSFT,Long,2025-06-11T14:06:00+00:00,2025-06-11T15:43:00+00:00,473.3570,474.3526,0.63,0.63,0.002103,5820000,ScoreExit,0.3762,-0.0696,0.3405,0.3820,0.3764,-0.5162,-0.1966,0.3331,,,
summary,2025-06-11,MSFT,,,,,,,0.63,,1,,,,,,,,,,0.5372,2025-06-09T18:53:00+00:00,899,1582
summary,2025-06-12,SPY,,,,,,,0.00,,0,,,,,,,,,,0.4161,2025-06-11T12:36:00+00:00,1456,2970
trade,2025-06-12,NVDA,Long,2025-06-12T13:36:00+00:00,2025-06-12T15:37:00+00:00,143.1129,144.5166,2.10,2.94,0.009808,7260000,MaxHoldTimeout,0.4209,0.0798,0.3501,0.5565,0.1733,0.4387,-0.1574,0.4348,,,
summary,2025-06-12,NVDA,,,,,,,2.94,,1,,,,,,,,,,0.8916,2025-06-09T14:34:00+00:00,1495,3264
summary,2025-06-12,MSFT,,,,,,,0.00,,0,,,,,,,,,,0.5381,2025-06-09T18:57:00+00:00,1331,2104
summary,2025-06-13,SPY,,,,,,,0.00,,0,,,,,,,,,,0.7126,2025-06-10T14:43:00+00:00,1289,3051
summary,2025-06-13,AAPL,,,,,,,0.00,,0,,,,,,,,,,0.9576,2025-06-10T14:53:00+00:00,566,2803
summary,2025-06-13,NVDA,,,,,,,0.00,,0,,,,,,,,,,0.6346,2025-06-10T14:18:00+00:00,1734,3268
trade,2025-06-13,MSFT,Long,2025-06-13T13:36:00+00:00,2025-06-13T14:14:00+00:00,478.2134,476.0521,0.63,-1.36,-0.004519,2280000,ScoreExit,0.4843,-0.0505,0.5420,0.5454,0.3426,-0.5978,-0.0992,0.2296,,,
summary,2025-06-13,MSFT,,,,,,,-1.36,,1,,,,,,,,,,0.5262,2025-06-11T14:22:00+00:00,1273,2191
trade,2025-06-16,SPY,Long,2025-06-16T13:37:00+00:00,2025-06-16T15:27:00+00:00,601.4854,603.2440,0.50,0.88,0.002924,6600000,ScoreExit,0.3520,-0.0562,0.2731,0.2934,0.4953,-0.5427,-0.2317,0.4568,,,
summary,2025-06-16,SPY,,,,,,,0.88,,1,,,,,,,,,,0.5950,2025-06-13T15:51:00+00:00,642,1248
trade,2025-06-16,QQQ,Long,2025-06-16T13:33:00+00:00,2025-06-16T15:34:00+00:00,531.9245,534.4637,0.56,1.43,0.004774,7260000,MaxHoldTimeout,0.3673,0.0616,0.3423,0.2831,0.5442,-0.2154,-0.1050,0.4872,,,
summary,2025-06-16,QQQ,,,,,,,1.43,,1,,,,,,,,,,0.6233,2025-06-13T15:51:00+00:00,722,1237
trade,2025-06-16,AAPL,Long,2025-06-16T14:03:00+00:00,2025-06-16T15:06:00+00:00,198.3146,197.7487,1.51,-0.86,-0.002854,3780000,ScoreExit,0.3733,-0.0533,0.2973,0.3038,0.5376,-0.5343,-0.1913,0.3831,,,
summary,2025-06-16,AAPL,,,,,,,-0.86,,1,,,,,,,,,,0.5110,2025-06-16T08:08:00+00:00,553,1170
summary,2025-06-17,SPY,,,,,,,0.00,,0,,,,,,,,,,0.4807,2025-06-16T14:19:00+00:00,626,1577
summary,2025-06-17,QQQ,,,,,,,0.00,,0,,,,,,,,,,0.5569,2025-06-16T14:01:00+00:00,712,1580
summary,2025-06-17,MSFT,,,,,,,0.00,,0,,,,,,,,,,0.5953,2025-06-16T14:12:00+00:00,468,1131
summary,2025-06-18,SPY,,,,,,,0.00,,0,,,,,,,,,,0.4807,2025-06-16T14:19:00+00:00,716,2460
summary,2025-06-18,QQQ,,,,,,,0.00,,0,,,,,,,,,,0.5569,2025-06-16T14:01:00+00:00,839,2480
summary,2025-06-18,MSFT,,,,,,,0.00,,0,,,,,,,,,,0.5953,2025-06-16T14:12:00+00:00,751,1665
summary,2025-06-19,QQQ,,,,,,,0.00,,0,,,,,,,,,,0.7838,2025-06-16T14:44:00+00:00,460,2385
summary,2025-06-19,NVDA,,,,,,,0.00,,0,,,,,,,,,,0.9587,2025-06-16T15:04:00+00:00,1222,2544
summary,2025-06-19,MSFT,,,,,,,0.00,,0,,,,,,,,,,0.7720,2025-06-16T14:01:00+00:00,723,1646
trade,2025-06-23,SPY,Long,2025-06-23T14:01:00+00:00,2025-06-23T14:52:00+00:00,596.9740,596.8459,0.50,-0.06,-0.000215,3060000,ScoreExit,0.3743,-0.0514,0.3865,0.4166,0.2858,-0.5405,-0.1423,0.2934,,,
summary,2025-06-23,SPY,,,,,,,-0.06,,1,,,,,,,,,,0.5140,2025-06-23T17:36:00+00:00,454,1259
trade,2025-06-23,QQQ,Long,2025-06-23T14:14:00+00:00,2025-06-23T14:56:00+00:00,529.6138,529.1462,0.57,-0.26,-0.000883,2520000,ScoreExit,0.3941,-0.0752,0.3083,0.4298,0.3511,-0.5250,-0.1965,0.3173,,,
summary,2025-06-23,QQQ,,,,,,,-0.26,,1,,,,,,,,,,0.5356,2025-06-23T17:36:00+00:00,369,1251
trade,2025-06-23,AAPL,Long,2025-06-23T13:41:00+00:00,2025-06-23T14:51:00+00:00,200.9753,201.0997,1.49,0.19,0.000619,4200000,ScoreExit,0.2327,-0.0560,0.1405,0.0515,0.6259,-0.4416,-0.2914,0.5433,,,
summary,2025-06-23,AAPL,,,,,,,0.19,,1,,,,,,,,,,1.0000,2025-06-20T13:34:00+00:00,965,1277
summary,2025-06-23,NVDA,,,,,,,0.00,,0,,,,,,,,,,0.4639,2025-06-20T13:46:00+00:00,194,1346
summary,2025-06-23,MSFT,,,,,,,0.00,,0,,,,,,,,,,0.6572,2025-06-20T13:39:00+00:00,290,935
trade,2025-06-24,SPY,Long,2025-06-24T14:17:00+00:00,2025-06-24T15:56:00+00:00,604.4363,605.6832,0.50,0.62,0.002063,5940000,SessionClose,0.2050,0.1025,0.1826,0.0771,0.4683,-0.2064,-0.0315,0.4735,,,
summary,2025-06-24,SPY,,,,,,,0.62,,1,,,,,,,,,,0.6735,2025-06-23T17:37:00+00:00,1204,1610
summary,2025-06-24,AAPL,,,,,,,0.00,,0,,,,,,,,,,0.5992,2025-06-23T08:09:00+00:00,903,1514
trade,2025-06-24,NVDA,Long,2025-06-24T14:59:00+00:00,2025-06-24T15:56:00+00:00,147.2091,146.7613,2.04,-0.91,-0.003043,3420000,SessionClose,0.2068,-0.0251,0.0076,0.0191,0.6485,-0.1685,-0.2996,0.5717,,,
summary,2025-06-24,NVDA,,,,,,,-0.91,,1,,,,,,,,,,0.7370,2025-06-23T08:11:00+00:00,1238,1678
trade,2025-06-24,MSFT,Long,2025-06-24T14:41:00+00:00,2025-06-24T15:56:00+00:00,487.9113,491.0576,0.61,1.93,0.006449,4500000,SessionClose,0.2460,0.2783,0.1762,0.1583,0.4445,0.4558,0.1210,0.5336,,,
summary,2025-06-24,MSFT,,,,,,,1.93,,1,,,,,,,,,,0.7030,2025-06-23T17:37:00+00:00,862,1092
summary,2025-06-25,SPY,,,,,,,0.00,,0,,,,,,,,,,0.6735,2025-06-23T17:37:00+00:00,1675,2410
summary,2025-06-25,QQQ,,,,,,,0.00,,0,,,,,,,,,,0.6862,2025-06-23T17:36:00+00:00,1760,2509
trade,2025-06-25,NVDA,Long,2025-06-25T14:39:00+00:00,2025-06-25T15:55:00+00:00,152.6192,151.7095,1.97,-1.79,-0.005961,4560000,MaxHoldTimeout,0.4277,0.0743,0.5030,0.2640,0.7301,-0.2834,-0.1639,0.6698,,,
summary,2025-06-25,NVDA,,,,,,,-1.79,,1,,,,,,,,,,0.7370,2025-06-23T08:11:00+00:00,2118,2635
summary,2025-06-25,MSFT,,,,,,,0.00,,0,,,,,,,,,,0.7030,2025-06-23T17:37:00+00:00,1207,1641
summary,2025-06-26,AAPL,,,,,,,0.00,,0,,,,,,,,,,0.8402,2025-06-23T14:08:00+00:00,1251,2821
summary,2025-06-26,MSFT,,,,,,,0.00,,0,,,,,,,,,,0.9463,2025-06-23T15:04:00+00:00,1629,2087
trade,2025-06-27,SPY,Long,2025-06-27T13:51:00+00:00,2025-06-27T15:52:00+00:00,614.0092,615.6702,0.49,0.81,0.002705,7260000,MaxHoldTimeout,0.3539,0.2349,0.4747,0.3367,0.3480,-0.3587,0.2612,0.3803,,,
summary,2025-06-27,SPY,,,,,,,0.81,,1,,,,,,,,,,0.5817,2025-06-24T14:42:00+00:00,2050,2889
summary,2025-06-27,QQQ,,,,,,,0.00,,0,,,,,,,,,,0.6682,2025-06-24T14:42:00+00:00,2237,3048
summary,2025-06-27,MSFT,,,,,,,0.00,,0,,,,,,,,,,0.8948,2025-06-24T15:02:00+00:00,1357,2062
summary,2025-06-30,SPY,,,,,,,0.00,,0,,,,,,,,,,0.7415,2025-06-27T14:45:00+00:00,744,1259
summary,2025-06-30,QQQ,,,,,,,0.00,,0,,,,,,,,,,0.7346,2025-06-27T14:43:00+00:00,753,1287
summary,2025-06-30,AAPL,,,,,,,0.00,,0,,,,,,,,,,0.8124,2025-06-27T13:33:00+00:00,384,1199
summary,2025-06-30,NVDA,,,,,,,0.00,,0,,,,,,,,,,0.9522,2025-06-27T14:44:00+00:00,968,1349
summary,2025-06-30,MSFT,,,,,,,0.00,,0,,,,,,,,,,0.4790,2025-06-27T15:47:00+00:00,418,929
summary,2025-07-01,SPY,,,,,,,0.00,,0,,,,,,,,,,0.6953,2025-06-30T09:39:00+00:00,741,1486
summary,2025-07-01,QQQ,,,,,,,0.00,,0,,,,,,,,,,0.7323,2025-06-30T09:31:00+00:00,656,1580
summary,2025-07-01,NVDA,,,,,,,0.00,,0,,,,,,,,,,0.5754,2025-06-30T15:48:00+00:00,482,1672
summary,2025-07-01,MSFT,,,,,,,0.00,,0,,,,,,,,,,0.7243,2025-06-30T11:24:00+00:00,390,1037
summary,2025-07-02,SPY,,,,,,,0.00,,0,,,,,,,,,,0.6953,2025-06-30T09:39:00+00:00,1233,2309
summary,2025-07-02,QQQ,,,,,,,0.00,,0,,,,,,,,,,0.7323,2025-06-30T09:31:00+00:00,1023,2431
trade,2025-07-02,AAPL,Long,2025-07-02T13:45:00+00:00,2025-07-02T15:26:00+00:00,211.4884,211.9614,1.42,0.67,0.002236,6060000,ScoreExit,0.4951,-0.0785,0.4399,0.4379,0.6280,-0.5211,-0.3086,0.5292,,,
summary,2025-07-02,AAPL,,,,,,,0.67,,1,,,,,,,,,,0.7753,2025-06-30T19:30:00+00:00,1715,2376
trade,2025-07-02,NVDA,Long,2025-07-02T14:01:00+00:00,2025-07-02T15:56:00+00:00,154.6263,156.5895,1.94,3.81,0.012697,6900000,SessionClose,0.4603,0.2144,0.3097,0.5365,0.3581,0.5555,-0.0217,0.5728,,,
summary,2025-07-02,NVDA,,,,,,,3.81,,1,,,,,,,,,,0.5754,2025-06-30T15:48:00+00:00,852,2625
summary,2025-07-02,MSFT,,,,,,,0.00,,0,,,,,,,,,,0.7243,2025-06-30T11:24:00+00:00,390,1585
trade,2025-07-03,SPY,Long,2025-07-03T13:43:00+00:00,2025-07-03T15:44:00+00:00,623.5920,625.8372,0.48,1.08,0.003600,7260000,MaxHoldTimeout,0.3605,0.3064,0.2591,0.3764,0.3626,0.5454,0.2170,0.4055,,,
summary,2025-07-03,SPY,,,,,,,1.08,,1,,,,,,,,,,0.5097,2025-06-30T19:53:00+00:00,1741,2848
trade,2025-07-03,QQQ,Long,2025-07-03T13:33:00+00:00,2025-07-03T15:34:00+00:00,554.3047,556.3980,0.54,1.13,0.003776,7260000,MaxHoldTimeout,0.3736,0.1943,0.4918,0.3567,0.3679,0.3443,0.0599,0.4130,,,
summary,2025-07-03,QQQ,,,,,,,1.13,,1,,,,,,,,,,0.5384,2025-06-30T19:54:00+00:00,1495,2942
summary,2025-07-03,AAPL,,,,,,,0.00,,0,,,,,,,,,,0.8455,2025-06-30T19:30:00+00:00,2229,2927
trade,2025-07-03,MSFT,Long,2025-07-03T14:01:00+00:00,2025-07-03T15:56:00+00:00,496.9340,499.4251,0.60,1.50,0.005013,6900000,SessionClose,0.4771,0.2039,0.5400,0.5204,0.3695,0.0681,0.1186,0.4199,,,
summary,2025-07-03,MSFT,,,,,,,1.50,,1,,,,,,,,,,0.5639,2025-06-30T15:50:00+00:00,562,1927
summary,2025-07-04,MSFT,,,,,,,0.00,,0,,,,,,,,,,0.5323,2025-07-03T14:08:00+00:00,434,1387
summary,2025-07-08,QQQ,,,,,,,0.00,,0,,,,,,,,,,0.4026,2025-07-07T10:13:00+00:00,636,1558
summary,2025-07-08,AAPL,,,,,,,0.00,,0,,,,,,,,,,0.6108,2025-07-07T13:31:00+00:00,228,1419
summary,2025-07-08,MSFT,,,,,,,0.00,,0,,,,,,,,,,0.8453,2025-07-07T10:03:00+00:00,486,984
summary,2025-07-09,AAPL,,,,,,,0.00,,0,,,,,,,,,,0.6108,2025-07-07T13:31:00+00:00,331,2119
summary,2025-07-09,MSFT,,,,,,,0.00,,0,,,,,,,,,,0.8453,2025-07-07T10:03:00+00:00,889,1534
summary,2025-07-10,SPY,,,,,,,0.00,,0,,,,,,,,,,0.3875,2025-07-09T13:49:00+00:00,1489,2808
trade,2025-07-10,AAPL,Long,2025-07-10T14:01:00+00:00,2025-07-10T15:51:00+00:00,211.2184,212.7212,1.42,2.13,0.007115,6600000,ScoreExit,0.4040,-0.0607,0.4820,0.4194,0.3471,-0.2880,-0.2300,0.3538,,,
summary,2025-07-10,AAPL,,,,,,,2.13,,1,,,,,,,,,,1.0000,2025-07-07T13:31:00+00:00,896,2665
summary,2025-07-10,MSFT,,,,,,,0.00,,0,,,,,,,,,,0.5692,2025-07-09T10:35:00+00:00,1057,1958
summary,2025-07-11,QQQ,,,,,,,0.00,,0,,,,,,,,,,0.5052,2025-07-08T14:40:00+00:00,1601,2914
summary,2025-07-11,NVDA,,,,,,,0.00,,0,,,,,,,,,,0.6693,2025-07-09T13:35:00+00:00,2598,3253
summary,2025-07-11,MSFT,,,,,,,0.00,,0,,,,,,,,,,0.6172,2025-07-09T10:35:00+00:00,1181,1984
summary,2025-07-14,SPY,,,,,,,0.00,,0,,,,,,,,,,0.5536,2025-07-11T14:44:00+00:00,528,1186
summary,2025-07-14,QQQ,,,,,,,0.00,,0,,,,,,,,,,0.5335,2025-07-11T14:26:00+00:00,569,1229
summary,2025-07-15,QQQ,,,,,,,0.00,,0,,,,,,,,,,0.6344,2025-07-14T09:24:00+00:00,1089,1569
trade,2025-07-15,AAPL,Long,2025-07-15T13:31:00+00:00,2025-07-15T14:37:00+00:00,209.6829,209.6671,1.43,-0.02,-0.000075,3960000,ScoreExit,0.4054,-0.0514,0.4774,0.4070,0.3782,-0.4510,-0.1707,0.3205,,,
summary,2025-07-15,AAPL,,,,,,,-0.02,,1,,,,,,,,,,0.4973,2025-07-15T15:37:00+00:00,754,1435
trade,2025-07-15,NVDA,Long,2025-07-15T14:14:00+00:00,2025-07-15T15:56:00+00:00,170.7864,171.1037,1.76,0.56,0.001857,6120000,SessionClose,0.2332,0.2108,0.1744,0.0264,0.6663,-0.1872,0.0482,0.6686,,,
summary,2025-07-15,NVDA,,,,,,,0.56,,1,,,,,,,,,,0.8750,2025-07-15T08:11:00+00:00,1225,1680
trade,2025-07-15,MSFT,Long,2025-07-15T13:43:00+00:00,2025-07-15T14:59:00+00:00,505.4666,504.5586,0.59,-0.54,-0.001796,4560000,MaxHoldTimeout,0.4736,0.0264,0.5831,0.4623,0.4597,-0.0715,-0.1247,0.3614,,,
summary,2025-07-15,MSFT,,,,,,,-0.54,,1,,,,,,,,,,0.4769,2025-07-15T13:43:00+00:00,653,973
summary,2025-07-16,SPY,,,,,,,0.00,,0,,,,,,,,,,0.7201,2025-07-14T09:24:00+00:00,1259,2356
summary,2025-07-16,QQQ,,,,,,,0.00,,0,,,,,,,,,,0.6344,2025-07-14T09:24:00+00:00,1574,2458
summary,2025-07-16,MSFT,,,,,,,0.00,,0,,,,,,,,,,0.4769,2025-07-15T13:43:00+00:00,1002,1516
summary,2025-07-17,SPY,,,,,,,0.00,,0,,,,,,,,,,0.4766,2025-07-14T14:59:00+00:00,1596,2916
summary,2025-07-17,QQQ,,,,,,,0.00,,0,,,,,,,,,,0.8589,2025-07-14T15:03:00+00:00,2040,3006
summary,2025-07-17,AAPL,,,,,,,0.00,,0,,,,,,,,,,0.5169,2025-07-15T15:37:00+00:00,1570,2683
summary,2025-07-18,QQQ,,,,,,,0.00,,0,,,,,,,,,,0.3868,2025-07-17T08:01:00+00:00,1466,2971
summary,2025-07-18,AAPL,,,,,,,0.00,,0,,,,,,,,,,0.7306,2025-07-15T13:42:00+00:00,1203,2550
summary,2025-07-18,NVDA,,,,,,,0.00,,0,,,,,,,,,,1.0000,2025-07-15T13:36:00+00:00,1796,3253
summary,2025-07-18,MSFT,,,,,,,0.00,,0,,,,,,,,,,0.7443,2025-07-15T13:43:00+00:00,1218,1943
trade,2025-07-21,SPY,Long,2025-07-21T13:58:00+00:00,2025-07-21T15:56:00+00:00,630.6534,631.1356,0.48,0.23,0.000765,7080000,SessionClose,0.3913,0.0422,0.3500,0.4145,0.3585,0.0428,-0.1275,0.3814,,,
summary,2025-07-21,SPY,,,,,,,0.23,,1,,,,,,,,,,0.4326,2025-07-21T14:02:00+00:00,476,1158
trade,2025-07-21,QQQ,Long,2025-07-21T13:38:00+00:00,2025-07-21T15:39:00+00:00,563.7041,565.3553,0.53,0.88,0.002929,7260000,MaxHoldTimeout,0.4019,0.1131,0.5224,0.3949,0.3757,0.2234,-0.0572,0.4170,,,
summary,2025-07-21,QQQ,,,,,,,0.88,,1,,,,,,,,,,0.4792,2025-07-21T14:00:00+00:00,605,1205
trade,2025-07-21,AAPL,Long,2025-07-21T13:31:00+00:00,2025-07-21T14:46:00+00:00,212.0086,213.5609,1.42,2.20,0.007322,4500000,ScoreExit,0.1944,-0.0797,-0.4483,0.1351,0.5272,-0.5582,-0.2936,0.5074,,,
summary,2025-07-21,AAPL,,,,,,,2.20,,1,,,,,,,,,,0.7184,2025-07-18T14:53:00+00:00,837,1115
summary,2025-07-22,SPY,,,,,,,0.00,,0,,,,,,,,,,0.4362,2025-07-21T14:02:00+00:00,624,1405
summary,2025-07-22,QQQ,,,,,,,0.00,,0,,,,,,,,,,0.5213,2025-07-21T13:48:00+00:00,463,1529
summary,2025-07-22,AAPL,,,,,,,0.00,,0,,,,,,,,,,0.6557,2025-07-21T13:42:00+00:00,645,1315
summary,2025-07-23,SPY,,,,,,,0.00,,0,,,,,,,,,,0.4362,2025-07-21T14:02:00+00:00,1218,2280
summary,2025-07-23,QQQ,,,,,,,0.00,,0,,,,,,,,,,0.5213,2025-07-21T13:48:00+00:00,710,2406
summary,2025-07-23,NVDA,,,,,,,0.00,,0,,,,,,,,,,0.4894,2025-07-21T09:24:00+00:00,791,2629
summary,2025-07-24,SPY,,,,,,,0.00,,0,,,,,,,,,,0.6667,2025-07-21T14:43:00+00:00,1608,2884
trade,2025-07-24,NVDA,Long,2025-07-24T13:40:00+00:00,2025-07-24T13:51:00+00:00,173.2370,172.3433,1.73,-1.55,-0.005159,660000,ScoreExit,0.3565,-0.0827,0.3701,0.3864,0.2922,-0.5781,-0.1875,0.2922,,,
summary,2025-07-24,NVDA,,,,,,,-1.55,,1,,,,,,,,,,0.6554,2025-07-21T14:29:00+00:00,1624,3263
summary,2025-07-25,SPY,,,,,,,0.00,,0,,,,,,,,,,0.4702,2025-07-22T23:54:00+00:00,2124,2871
summary,2025-07-25,AAPL,,,,,,,0.00,,0,,,,,,,,,,0.9632,2025-07-22T13:40:00+00:00,1574,2586
trade,2025-07-25,NVDA,Long,2025-07-25T14:00:00+00:00,2025-07-25T14:51:00+00:00,174.3373,174.1777,1.72,-0.27,-0.000915,3060000,ScoreExit,0.3603,-0.0644,0.3526,0.3853,0.3127,-0.2449,-0.2131,0.2931,,,
summary,2025-07-25,NVDA,,,,,,,-0.27,,1,,,,,,,,,,0.8202,2025-07-22T15:00:00+00:00,2407,3245
summary,2025-07-25,MSFT,,,,,,,0.00,,0,,,,,,,,,,0.4435,2025-07-22T14:43:00+00:00,982,1966
summary,2025-07-28,AAPL,,,,,,,0.00,,0,,,,,,,,,,0.5442,2025-07-25T14:33:00+00:00,422,1105
trade,2025-07-28,NVDA,Long,2025-07-28T13:32:00+00:00,2025-07-28T15:18:00+00:00,174.8074,174.8975,1.72,0.15,0.000515,6360000,ScoreExit,0.3924,-0.0658,0.3474,0.3433,0.5055,-0.3790,-0.2771,0.4614,,,
summary,2025-07-28,NVDA,,,,,,,0.15,,1,,,,,,,,,,0.8805,2025-07-25T14:06:00+00:00,764,1333
trade,2025-07-29,QQQ,Long,2025-07-29T13:32:00+00:00,2025-07-29T14:01:00+00:00,571.4464,570.3538,0.53,-0.57,-0.001912,1740000,ScoreExit,0.3542,-0.1069,0.4325,0.3410,0.3546,0.0241,-0.3026,0.2407,,,
summary,2025-07-29,QQQ,,,,,,,-0.57,,1,,,,,,,,,,0.3989,2025-07-29T08:10:00+00:00,693,1510
trade,2025-07-29,NVDA,Long,2025-07-29T13:36:00+00:00,2025-07-29T14:14:00+00:00,178.3085,178.5014,1.68,0.32,0.001082,2280000,ScoreExit,0.2772,-0.0594,0.0771,0.1871,0.5242,-0.4543,-0.1691,0.2917,,,
summary,2025-07-29,NVDA,,,,,,,0.32,,1,,,,,,,,,,0.5611,2025-07-29T08:05:00+00:00,1140,1667
summary,2025-07-30,SPY,,,,,,,0.00,,0,,,,,,,,,,0.3355,2025-07-29T08:08:00+00:00,737,2247
summary,2025-07-31,NVDA,,,,,,,0.00,,0,,,,,,,,,,0.6024,2025-07-28T13:59:00+00:00,2382,3248
summary,2025-07-31,MSFT,,,,,,,0.00,,0,,,,,,,,,,0.8960,2025-07-30T20:03:00+00:00,1276,2423
summary,2025-08-01,SPY,,,,,,,0.00,,0,,,,,,,,,,0.5626,2025-07-30T20:13:00+00:00,877,3025
summary,2025-08-01,MSFT,,,,,,,0.00,,0,,,,,,,,,,0.9496,2025-07-30T20:03:00+00:00,1104,2632
summary,2025-08-04,QQQ,,,,,,,0.00,,0,,,,,,,,,,0.6445,2025-08-01T14:37:00+00:00,736,1279
summary,2025-08-04,AAPL,,,,,,,0.00,,0,,,,,,,,,,1.0000,2025-08-01T13:31:00+00:00,297,1250
summary,2025-08-05,NVDA,,,,,,,0.00,,0,,,,,,,,,,0.6712,2025-08-04T14:17:00+00:00,1298,1675
trade,2025-08-06,NVDA,Long,2025-08-06T14:01:00+00:00,2025-08-06T14:21:00+00:00,178.7286,178.4115,1.68,-0.53,-0.001774,1200000,ScoreExit,0.4308,-0.0594,0.3978,0.5556,0.1923,-0.4483,-0.1028,0.1572,,,
summary,2025-08-06,NVDA,,,,,,,-0.53,,1,,,,,,,,,,0.6712,2025-08-04T14:17:00+00:00,1659,2633
trade,2025-08-07,NVDA,Long,2025-08-07T13:31:00+00:00,2025-08-07T14:51:00+00:00,181.3694,182.6102,1.65,2.05,0.006841,4800000,ScoreExit,0.2745,-0.0968,-0.5558,0.3162,0.4680,-0.3201,-0.2545,0.2932,,,
summary,2025-08-07,NVDA,,,,,,,2.05,,1,,,,,,,,,,1.0000,2025-08-04T13:37:00+00:00,2197,3262
summary,2025-08-08,SPY,,,,,,,0.00,,0,,,,,,,,,,0.4402,2025-08-07T08:28:00+00:00,1726,3012
trade,2025-08-08,AAPL,Long,2025-08-08T13:51:00+00:00,2025-08-08T15:52:00+00:00,220.6434,224.7476,1.36,5.60,0.018601,7260000,MaxHoldTimeout,0.2693,0.3848,0.2333,0.2024,0.4150,-0.3771,0.4039,0.6006,,,
summary,2025-08-08,AAPL,,,,,,,5.60,,1,,,,,,,,,,0.8917,2025-08-06T21:55:00+00:00,2191,2931
summary,2025-08-08,MSFT,,,,,,,0.00,,0,,,,,,,,,,0.5183,2025-08-06T08:09:00+00:00,109,2228
summary,2025-08-11,SPY,,,,,,,0.00,,0,,,,,,,,,,0.5136,2025-08-08T14:40:00+00:00,782,1223
summary,2025-08-12,SPY,,,,,,,0.00,,0,,,,,,,,,,0.7013,2025-08-11T09:30:00+00:00,687,1465
trade,2025-08-12,AAPL,Long,2025-08-12T14:12:00+00:00,2025-08-12T15:56:00+00:00,228.1684,229.6561,1.32,1.96,0.006520,6240000,SessionClose,0.2511,0.2348,0.1069,0.1309,0.5397,0.3252,0.0289,0.6163,,,
summary,2025-08-12,AAPL,,,,,,,1.96,,1,,,,,,,,,,0.6164,2025-08-11T16:06:00+00:00,900,1425
summary,2025-08-12,NVDA,,,,,,,0.00,,0,,,,,,,,,,0.8254,2025-08-11T09:12:00+00:00,1081,1663
trade,2025-08-12,MSFT,Long,2025-08-12T14:27:00+00:00,2025-08-12T15:56:00+00:00,526.3729,526.6869,0.57,0.18,0.000597,5340000,SessionClose,0.2461,0.2685,0.1470,0.1786,0.4141,0.1711,0.1747,0.4885,,,
summary,2025-08-12,MSFT,,,,,,,0.18,,1,,,,,,,,,,0.7159,2025-08-11T08:32:00+00:00,678,1030
summary,2025-08-18,QQQ,,,,,,,0.00,,0,,,,,,,,,,0.4014,2025-08-15T14:15:00+00:00,353,1197
trade,2025-08-19,AAPL,Long,2025-08-19T13:49:00+00:00,2025-08-19T14:37:00+00:00,231.8745,231.6955,1.29,-0.23,-0.000772,2880000,ScoreExit,0.4160,-0.0778,0.4871,0.4136,0.3969,-0.3750,-0.1954,0.2567,,,
summary,2025-08-19,AAPL,,,,,,,-0.23,,1,,,,,,,,,,0.4864,2025-08-18T14:04:00+00:00,369,1179
summary,2025-08-19,NVDA,,,,,,,0.00,,0,,,,,,,,,,0.6975,2025-08-18T13:35:00+00:00,686,1658
summary,2025-08-21,AAPL,,,,,,,0.00,,0,,,,,,,,,,0.6915,2025-08-18T14:07:00+00:00,340,2438
trade,2025-08-22,SPY,Long,2025-08-22T14:01:00+00:00,2025-08-22T15:52:00+00:00,642.8778,645.4813,0.47,1.22,0.004050,6660000,ScoreExit,0.4976,-0.0569,0.6499,0.5222,0.3978,-0.5428,-0.1800,0.3513,,,
summary,2025-08-22,SPY,,,,,,,1.22,,1,,,,,,,,,,0.5754,2025-08-22T14:10:00+00:00,654,2847
trade,2025-08-22,AAPL,Long,2025-08-22T14:47:00+00:00,2025-08-22T15:22:00+00:00,228.5734,228.1565,1.31,-0.55,-0.001824,2100000,ScoreExit,0.3643,-0.0564,0.4581,0.3681,0.3255,-0.5169,-0.1123,0.2089,,,
summary,2025-08-22,AAPL,,,,,,,-0.55,,1,,,,,,,,,,0.8900,2025-08-19T14:05:00+00:00,274,2447
summary,2025-08-25,QQQ,,,,,,,0.00,,0,,,,,,,,,,0.9567,2025-08-22T15:03:00+00:00,645,1233
trade,2025-08-25,NVDA,Long,2025-08-25T14:01:00+00:00,2025-08-25T15:56:00+00:00,178.4035,181.5455,1.68,5.29,0.017612,6900000,SessionClose,0.5361,0.4111,0.4544,0.4910,0.6535,0.4708,0.2531,0.7072,,,
summary,2025-08-25,NVDA,,,,,,,5.29,,1,,,,,,,,,,1.0000,2025-08-22T13:36:00+00:00,1210,1345
summary,2025-08-25,MSFT,,,,,,,0.00,,0,,,,,,,,,,0.9585,2025-08-22T14:47:00+00:00,304,981
summary,2025-08-26,QQQ,,,,,,,0.00,,0,,,,,,,,,,0.4409,2025-08-25T15:22:00+00:00,600,1508
summary,2025-08-26,AAPL,,,,,,,0.00,,0,,,,,,,,,,0.6305,2025-08-25T13:48:00+00:00,470,1120
trade,2025-08-26,NVDA,Long,2025-08-26T14:21:00+00:00,2025-08-26T15:35:00+00:00,180.5892,180.7608,1.66,0.29,0.000950,4440000,ScoreExit,0.4287,-0.0550,0.5089,0.4024,0.4546,-0.5353,-0.2250,0.4452,,,
summary,2025-08-26,NVDA,,,,,,,0.29,,1,,,,,,,,,,0.6561,2025-08-25T14:04:00+00:00,1141,1670
summary,2025-08-27,AAPL,,,,,,,0.00,,0,,,,,,,,,,0.6305,2025-08-25T13:48:00+00:00,986,1816
trade,2025-08-27,NVDA,Long,2025-08-27T14:51:00+00:00,2025-08-27T15:56:00+00:00,181.9646,181.9054,1.65,-0.10,-0.000325,3900000,SessionClose,0.4584,0.1071,0.5434,0.5041,0.3388,-0.0543,0.0259,0.3235,,,
summary,2025-08-27,NVDA,,,,,,,-0.10,,1,,,,,,,,,,0.6561,2025-08-25T14:04:00+00:00,1855,2630
summary,2025-08-28,AAPL,,,,,,,0.00,,0,,,,,,,,,,0.9077,2025-08-25T14:49:00+00:00,1477,2393
summary,2025-08-29,NVDA,,,,,,,0.00,,0,,,,,,,,,,0.9562,2025-08-26T14:44:00+00:00,1772,3270
summary,2025-08-29,MSFT,,,,,,,0.00,,0,,,,,,,,,,0.6013,2025-08-26T13:37:00+00:00,1295,2073
summary,2025-09-01,SPY,,,,,,,0.00,,0,,,,,,,,,,0.2788,2025-08-29T21:44:00+00:00,141,572
trade,2025-09-03,QQQ,Long,2025-09-03T14:09:00+00:00,2025-09-03T15:26:00+00:00,569.8259,569.7140,0.53,-0.06,-0.000196,4620000,ScoreExit,0.2215,-0.1439,0.2401,0.0908,0.4767,-0.5662,-0.3364,0.3818,,,
summary,2025-09-03,QQQ,,,,,,,-0.06,,1,,,,,,,,,,0.6476,2025-09-02T13:54:00+00:00,930,1629
summary,2025-09-04,QQQ,,,,,,,0.00,,0,,,,,,,,,,0.6476,2025-09-02T13:54:00+00:00,1555,2489
summary,2025-09-04,NVDA,,,,,,,0.00,,0,,,,,,,,,,0.7197,2025-09-02T13:50:00+00:00,1400,2627
summary,2025-09-05,QQQ,,,,,,,0.00,,0,,,,,,,,,,0.8940,2025-09-02T13:54:00+00:00,2320,3075
summary,2025-09-05,MSFT,,,,,,,0.00,,0,,,,,,,,,,1.0000,2025-09-02T13:34:00+00:00,1033,2098
summary,2025-09-08,AAPL,,,,,,,0.00,,0,,,,,,,,,,0.8336,2025-09-05T14:11:00+00:00,229,1038
summary,2025-09-09,NVDA,,,,,,,0.00,,0,,,,,,,,,,0.7603,2025-09-08T13:52:00+00:00,782,1675
summary,2025-09-09,MSFT,,,,,,,0.00,,0,,,,,,,,,,0.7791,2025-09-08T09:51:00+00:00,526,1109
summary,2025-09-10,SPY,,,,,,,0.00,,0,,,,,,,,,,0.3471,2025-09-08T14:54:00+00:00,1278,2210
summary,2025-09-10,QQQ,,,,,,,0.00,,0,,,,,,,,,,0.4141,2025-09-08T13:54:00+00:00,1402,2418
summary,2025-09-10,MSFT,,,,,,,0.00,,0,,,,,,,,,,0.7791,2025-09-08T09:51:00+00:00,955,1833
summary,2025-09-11,QQQ,,,,,,,0.00,,0,,,,,,,,,,0.6964,2025-09-08T14:42:00+00:00,1746,2988
summary,2025-09-11,NVDA,,,,,,,0.00,,0,,,,,,,,,,1.0000,2025-09-08T13:34:00+00:00,2038,3256
summary,2025-09-11,MSFT,,,,,,,0.00,,0,,,,,,,,,,0.7864,2025-09-08T14:42:00+00:00,1247,2241
summary,2025-09-12,SPY,,,,,,,0.00,,0,,,,,,,,,,0.4468,2025-09-09T20:43:00+00:00,2030,2841
summary,2025-09-15,SPY,,,,,,,0.00,,0,,,,,,,,,,0.6711,2025-09-12T14:55:00+00:00,709,1159
trade,2025-09-15,QQQ,Long,2025-09-15T13:32:00+00:00,2025-09-15T15:33:00+00:00,589.2267,590.1179,0.51,0.45,0.001512,7260000,MaxHoldTimeout,0.3670,0.0613,0.4546,0.3309,0.4102,0.2059,-0.1436,0.4229,,,
summary,2025-09-15,QQQ,,,,,,,0.45,,1,,,,,,,,,,0.7967,2025-09-12T14:54:00+00:00,952,1203
summary,2025-09-15,NVDA,,,,,,,0.00,,0,,,,,,,,,,0.9265,2025-09-12T14:54:00+00:00,562,1337
summary,2025-09-16,AAPL,,,,,,,0.00,,0,,,,,,,,,,0.9017,2025-09-15T08:42:00+00:00,892,1357
summary,2025-09-16,NVDA,,,,,,,0.00,,0,,,,,,,,,,0.6861,2025-09-15T15:54:00+00:00,1016,1673
summary,2025-09-16,MSFT,,,,,,,0.00,,0,,,,,,,,,,0.6560,2025-09-15T14:04:00+00:00,640,1165
trade,2025-09-17,AAPL,Long,2025-09-17T13:44:00+00:00,2025-09-17T15:00:00+00:00,239.8869,239.4631,1.25,-0.53,-0.001767,4560000,ScoreExit,0.3563,-0.0544,0.2748,0.3977,0.3008,-0.5085,-0.1721,0.3324,,,
summary,2025-09-17,AAPL,,,,,,,-0.53,,1,,,,,,,,,,0.9017,2025-09-15T08:42:00+00:00,1384,2060
summary,2025-09-18,SPY,,,,,,,0.00,,0,,,,,,,,,,0.6935,2025-09-15T14:55:00+00:00,1464,2814
trade,2025-09-18,NVDA,Long,2025-09-18T14:17:00+00:00,2025-09-18T15:56:00+00:00,174.8409,175.7623,1.72,1.58,0.005269,5940000,SessionClose,0.2981,0.1965,0.2441,0.2509,0.4105,0.4179,0.0268,0.4623,,,
summary,2025-09-18,NVDA,,,,,,,1.58,,1,,,,,,,,,,0.7757,2025-09-15T15:54:00+00:00,1437,3260
summary,2025-09-18,MSFT,,,,,,,0.00,,0,,,,,,,,,,0.9461,2025-09-15T15:04:00+00:00,801,2197
summary,2025-09-19,SPY,,,,,,,0.00,,0,,,,,,,,,,0.4289,2025-09-18T08:01:00+00:00,1494,2887
summary,2025-09-23,QQQ,,,,,,,0.00,,0,,,,,,,,,,0.4777,2025-09-22T16:34:00+00:00,879,1566
summary,2025-09-23,AAPL,,,,,,,0.00,,0,,,,,,,,,,0.7702,2025-09-22T08:48:00+00:00,1213,1484
summary,2025-09-23,NVDA,,,,,,,0.00,,0,,,,,,,,,,0.8942,2025-09-22T16:34:00+00:00,941,1674
summary,2025-09-24,AAPL,,,,,,,0.00,,0,,,,,,,,,,0.7702,2025-09-22T08:48:00+00:00,1405,2181
summary,2025-09-24,MSFT,,,,,,,0.00,,0,,,,,,,,,,0.4149,2025-09-22T14:42:00+00:00,301,1646
summary,2025-09-25,SPY,,,,,,,0.00,,0,,,,,,,,,,0.8106,2025-09-22T15:01:00+00:00,872,2712
trade,2025-09-26,MSFT,Long,2025-09-26T13:41:00+00:00,2025-09-26T14:06:00+00:00,512.7588,511.5715,0.59,-0.69,-0.002316,1500000,ScoreExit,0.4038,-0.1959,0.4511,0.4288,0.3382,-0.4910,-0.3166,0.1440,,,
summary,2025-09-26,MSFT,,,,,,,-0.69,,1,,,,,,,,,,0.4181,2025-09-26T13:42:00+00:00,643,2044
trade,2025-09-29,NVDA,Long,2025-09-29T14:27:00+00:00,2025-09-29T15:26:00+00:00,183.5500,182.4254,1.64,-1.84,-0.006127,3540000,ScoreExit,0.3269,-0.0878,0.5434,0.0940,0.7205,-0.4905,-0.3719,0.6146,,,
summary,2025-09-29,NVDA,,,,,,,-1.84,,1,,,,,,,,,,0.8722,2025-09-26T13:32:00+00:00,1056,1340
summary,2025-09-30,QQQ,,,,,,,0.00,,0,,,,,,,,,,0.6093,2025-09-29T09:28:00+00:00,578,1569
trade,2025-09-30,MSFT,Long,2025-09-30T14:44:00+00:00,2025-09-30T15:26:00+00:00,514.1492,515.3394,0.58,0.69,0.002315,2520000,ScoreExit,0.3538,-0.0526,0.2738,0.4076,0.2729,-0.5339,-0.1603,0.3232,,,
summary,2025-09-30,MSFT,,,,,,,0.69,,1,,,,,,,,,,0.6568,2025-09-29T14:07:00+00:00,599,985
summary,2025-10-01,SPY,,,,,,,0.00,,0,,,,,,,,,,0.6011,2025-09-29T09:27:00+00:00,1136,2349
trade,2025-10-01,AAPL,Long,2025-10-01T13:33:00+00:00,2025-10-01T13:50:00+00:00,255.9968,255.3484,1.17,-0.76,-0.002533,1020000,ScoreExit,0.3592,-0.0546,0.4567,0.3516,0.3419,-0.6644,-0.1340,0.3075,,,
summary,2025-10-01,AAPL,,,,,,,-0.76,,1,,,,,,,,,,0.6308,2025-09-29T09:43:00+00:00,944,1900
summary,2025-10-02,SPY,,,,,,,0.00,,0,,,,,,,,,,0.3883,2025-09-29T14:43:00+00:00,1384,2889
summary,2025-10-03,QQQ,,,,,,,0.00,,0,,,,,,,,,,0.8157,2025-09-30T15:01:00+00:00,2011,3045
trade,2025-10-03,AAPL,Long,2025-10-03T13:36:00+00:00,2025-10-03T15:37:00+00:00,257.2872,258.6374,1.17,1.57,0.005248,7260000,MaxHoldTimeout,0.5402,0.3268,0.6288,0.6097,0.3715,0.4312,0.2948,0.3561,,,
summary,2025-10-03,AAPL,,,,,,,1.57,,1,,,,,,,,,,0.6695,2025-09-30T14:02:00+00:00,1346,2488
summary,2025-10-06,SPY,,,,,,,0.00,,0,,,,,,,,,,0.7709,2025-10-03T14:41:00+00:00,612,1185
summary,2025-10-06,AAPL,,,,,,,0.00,,0,,,,,,,,,,1.0000,2025-10-03T13:34:00+00:00,587,1104
trade,2025-10-06,MSFT,Long,2025-10-06T13:31:00+00:00,2025-10-06T15:32:00+00:00,519.9309,523.6379,0.58,2.14,0.007130,7260000,MaxHoldTimeout,0.4162,0.1811,0.4440,0.4079,0.4234,0.0932,0.0117,0.5490,,,
summary,2025-10-06,MSFT,,,,,,,2.14,,1,,,,,,,,,,0.8966,2025-10-03T14:48:00+00:00,598,955
summary,2025-10-07,AAPL,,,,,,,0.00,,0,,,,,,,,,,0.5564,2025-10-06T11:13:00+00:00,601,1281
summary,2025-10-08,SPY,,,,,,,0.00,,0,,,,,,,,,,0.6998,2025-10-06T09:37:00+00:00,1280,2222
summary,2025-10-08,QQQ,,,,,,,0.00,,0,,,,,,,,,,0.7057,2025-10-06T09:31:00+00:00,1206,2471
summary,2025-10-10,AAPL,,,,,,,0.00,,0,,,,,,,,,,0.4093,2025-10-08T14:08:00+00:00,633,2362
summary,2025-10-13,AAPL,,,,,,,0.00,,0,,,,,,,,,,0.8349,2025-10-10T13:41:00+00:00,474,1263
summary,2025-10-14,AAPL,,,,,,,0.00,,0,,,,,,,,,,0.6099,2025-10-13T15:29:00+00:00,586,1337
summary,2025-10-14,MSFT,,,,,,,0.00,,0,,,,,,,,,,0.4794,2025-10-13T09:12:00+00:00,399,1091
summary,2025-10-15,SPY,,,,,,,0.00,,0,,,,,,,,,,0.4758,2025-10-13T17:03:00+00:00,1264,2436
trade,2025-10-15,QQQ,Long,2025-10-15T14:26:00+00:00,2025-10-15T15:11:00+00:00,606.6269,605.8782,0.49,-0.37,-0.001234,2700000,ScoreExit,0.3717,-0.0564,0.3688,0.4053,0.3053,-0.3048,-0.1359,0.1854,,,
summary,2025-10-15,QQQ,,,,,,,-0.37,,1,,,,,,,,,,0.5125,2025-10-13T16:58:00+00:00,1261,2536
trade,2025-10-15,AAPL,Long,2025-10-15T13:51:00+00:00,2025-10-15T14:51:00+00:00,249.5498,250.3699,1.20,0.99,0.003286,3600000,ScoreExit,0.1350,-0.0561,-0.3301,0.0455,0.4691,-0.5476,-0.2270,0.4497,,,
summary,2025-10-15,AAPL,,,,,,,0.99,,1,,,,,,,,,,0.6099,2025-10-13T15:29:00+00:00,1064,2027
summary,2025-10-16,MSFT,,,,,,,0.00,,0,,,,,,,,,,0.5469,2025-10-13T14:01:00+00:00,818,2039
summary,2025-10-22,QQQ,,,,,,,0.00,,0,,,,,,,,,,0.5016,2025-10-20T14:54:00+00:00,1056,2547
summary,2025-10-23,MSFT,,,,,,,0.00,,0,,,,,,,,,,0.9578,2025-10-20T14:45:00+00:00,1197,1939
trade,2025-10-24,AAPL,Long,2025-10-24T14:50:00+00:00,2025-10-24T15:56:00+00:00,262.1386,262.8761,1.14,0.84,0.002813,3960000,SessionClose,0.3922,0.1241,0.3640,0.4314,0.3232,-0.5474,0.0811,0.4340,,,
summary,2025-10-24,AAPL,,,,,,,0.84,,1,,,,,,,,,,1.0000,2025-10-21T13:39:00+00:00,558,2508
trade,2025-10-24,NVDA,Long,2025-10-24T14:43:00+00:00,2025-10-24T15:56:00+00:00,185.1355,185.0795,1.62,-0.09,-0.000303,4380000,SessionClose,0.2366,0.2150,0.1966,0.1213,0.4807,-0.5030,0.1795,0.5252,,,
summary,2025-10-24,NVDA,,,,,,,-0.09,,1,,,,,,,,,,0.6659,2025-10-21T15:14:00+00:00,1856,3223
trade,2025-10-27,NVDA,Long,2025-10-27T14:47:00+00:00,2025-10-27T15:56:00+00:00,190.4471,190.8936,1.58,0.70,0.002344,4140000,SessionClose,0.2020,0.0708,-0.2137,0.1132,0.5183,-0.2796,-0.1142,0.5576,,,
summary,2025-10-27,NVDA,,,,,,,0.70,,1,,,,,,,,,,1.0000,2025-10-24T13:38:00+00:00,1114,1350
trade,2025-10-28,NVDA,Long,2025-10-28T15:00:00+00:00,2025-10-28T15:33:00+00:00,193.2480,192.6322,1.55,-0.96,-0.003186,1980000,ScoreExit,0.2227,-0.0607,0.2866,0.0544,0.5380,-0.1724,-0.3437,0.5424,,,
summary,2025-10-28,NVDA,,,,,,,-0.96,,1,,,,,,,,,,0.8686,2025-10-27T09:16:00+00:00,1332,1671
summary,2025-10-29,QQQ,,,,,,,0.00,,0,,,,,,,,,,0.6156,2025-10-27T09:34:00+00:00,1991,2575
summary,2025-10-31,NVDA,,,,,,,0.00,,0,,,,,,,,,,1.0000,2025-10-28T13:32:00+00:00,2182,3269
trade,2025-11-03,NVDA,Long,2025-11-03T15:14:00+00:00,2025-11-03T15:56:00+00:00,208.1552,207.7027,1.44,-0.65,-0.002174,2520000,SessionClose,0.3250,0.2953,0.5001,0.1073,0.7020,0.0986,0.1246,0.7020,,,
trade,2025-11-03,NVDA,Long,2025-11-03T15:58:00+00:00,2025-11-03T15:59:00+00:00,208.0324,208.1226,1.44,0.13,0.000434,60000,SessionClose,0.3299,0.3422,0.4454,0.1246,0.7020,0.5676,0.1246,0.7020,,,
summary,2025-11-03,NVDA,,,,,,,-0.52,,2,,,,,,,,,,0.9397,2025-10-31T13:37:00+00:00,667,1346
summary,2025-11-04,QQQ,,,,,,,0.00,,0,,,,,,,,,,0.4762,2025-11-03T10:23:00+00:00,436,1667
summary,2025-11-04,NVDA,,,,,,,0.00,,0,,,,,,,,,,0.8933,2025-11-03T09:43:00+00:00,576,1680
summary,2025-11-05,MSFT,,,,,,,0.00,,0,,,,,,,,,,0.7288,2025-11-03T10:29:00+00:00,312,2256
summary,2025-11-07,QQQ,,,,,,,0.00,,0,,,,,,,,,,0.8566,2025-11-04T15:41:00+00:00,876,3259
summary,2025-11-07,NVDA,,,,,,,0.00,,0,,,,,,,,,,0.8942,2025-11-04T14:53:00+00:00,658,3263
trade,2025-11-10,NVDA,Long,2025-11-10T14:56:00+00:00,2025-11-10T15:56:00+00:00,194.2933,194.9364,1.54,0.99,0.003310,3600000,ScoreExit,0.2687,-0.0774,-0.3045,0.1572,0.6827,-0.5690,-0.3457,0.6230,,,
summary,2025-11-10,NVDA,,,,,,,0.99,,1,,,,,,,,,,1.0000,2025-11-07T14:32:00+00:00,1126,1350
summary,2025-11-11,SPY,,,,,,,0.00,,0,,,,,,,,,,0.5360,2025-11-10T19:53:00+00:00,1017,1597
summary,2025-11-11,QQQ,,,,,,,0.00,,0,,,,,,,,,,0.5033,2025-11-10T19:53:00+00:00,975,1672
summary,2025-11-11,NVDA,,,,,,,0.00,,0,,,,,,,,,,0.8318,2025-11-10T10:18:00+00:00,856,1678
summary,2025-11-11,MSFT,,,,,,,0.00,,0,,,,,,,,,,0.7713,2025-11-10T10:19:00+00:00,909,1363
summary,2025-11-12,MSFT,,,,,,,0.00,,0,,,,,,,,,,0.7713,2025-11-10T10:19:00+00:00,1306,2072
summary,2025-11-14,SPY,,,,,,,0.00,,0,,,,,,,,,,0.5173,2025-11-11T18:19:00+00:00,1190,3147
trade,2025-11-14,QQQ,Long,2025-11-14T15:37:00+00:00,2025-11-14T15:56:00+00:00,606.8470,608.9123,0.43,0.89,0.003403,1140000,SessionClose,0.3762,0.2701,0.4037,0.5566,0.0064,-0.3743,0.5094,0.0064,,,
summary,2025-11-14,QQQ,,,,,,,0.89,,1,,,,,,,,,,0.5182,2025-11-11T18:58:00+00:00,1319,3221
summary,2025-11-17,SPY,,,,,,,0.00,,0,,,,,,,,,,0.9576,2025-11-14T15:47:00+00:00,770,1313
summary,2025-11-18,AAPL,,,,,,,0.00,,0,,,,,,,,,,0.5688,2025-11-17T14:51:00+00:00,567,1323
summary,2025-11-18,NVDA,,,,,,,0.00,,0,,,,,,,,,,0.6144,2025-11-17T14:47:00+00:00,410,1676
summary,2025-11-18,MSFT,,,,,,,0.00,,0,,,,,,,,,,0.6501,2025-11-17T14:36:00+00:00,219,1354
trade,2025-11-19,AAPL,Long,2025-11-19T14:43:00+00:00,2025-11-19T15:56:00+00:00,269.0107,270.5938,1.12,1.77,0.005885,4380000,ScoreExit,0.4880,-0.0940,0.6166,0.5366,0.3479,-0.5577,-0.2307,0.3338,,,
summary,2025-11-19,AAPL,,,,,,,1.77,,1,,,,,,,,,,0.5703,2025-11-19T14:59:00+00:00,850,1971
trade,2025-11-19,NVDA,Long,2025-11-19T14:36:00+00:00,2025-11-19T15:51:00+00:00,184.5403,186.4291,1.63,3.07,0.010235,4500000,ScoreExit,0.3339,-0.0677,0.2854,0.2474,0.5229,-0.5655,-0.2479,0.4587,,,
summary,2025-11-19,NVDA,,,,,,,3.07,,1,,,,,,,,,,0.6255,2025-11-19T14:58:00+00:00,946,2636
trade,2025-11-20,QQQ,Long,2025-11-20T14:53:00+00:00,2025-11-20T15:06:00+00:00,612.3787,612.1413,0.49,-0.12,-0.000388,780000,ScoreExit,0.2551,-0.0799,0.1644,0.1968,0.4019,-0.4530,-0.2116,0.3077,,,
summary,2025-11-20,QQQ,,,,,,,-0.12,,1,,,,,,,,,,0.9013,2025-11-17T14:37:00+00:00,959,3252
summary,2025-11-20,MSFT,,,,,,,0.00,,0,,,,,,,,,,1.0000,2025-11-17T14:36:00+00:00,373,2809
summary,2025-11-21,QQQ,,,,,,,0.00,,0,,,,,,,,,,0.6441,2025-11-18T17:57:00+00:00,1434,3263
trade,2025-11-21,AAPL,Long,2025-11-21T15:01:00+00:00,2025-11-21T15:56:00+00:00,268.3355,271.2986,1.12,3.32,0.011043,3300000,SessionClose,0.3561,0.3231,-0.3322,0.5116,0.2746,0.5800,0.2025,0.4785,,,
trade,2025-11-21,AAPL,Long,2025-11-21T15:58:00+00:00,2025-11-21T15:59:00+00:00,270.7462,271.0137,1.11,0.30,0.000988,60000,SessionClose,0.2512,0.2974,-0.1387,0.2025,0.4785,0.3238,0.2025,0.4785,,,
summary,2025-11-21,AAPL,,,,,,,3.62,,2,,,,,,,,,,0.6569,2025-11-19T14:59:00+00:00,1213,2569
trade,2025-11-24,MSFT,Long,2025-11-24T15:44:00+00:00,2025-11-24T15:56:00+00:00,475.0675,473.9228,0.63,-0.72,-0.002410,720000,SessionClose,0.4827,0.1751,0.5805,0.4877,0.4400,-0.5895,0.2314,0.3173,,,
summary,2025-11-24,MSFT,,,,,,,-0.72,,1,,,,,,,,,,0.6540,2025-11-21T17:09:00+00:00,583,1143
trade,2025-11-25,SPY,Long,2025-11-25T15:41:00+00:00,2025-11-25T15:56:00+00:00,669.7359,668.8443,0.45,-0.40,-0.001331,900000,SessionClose,0.3780,0.1703,0.4464,0.3946,0.3220,-0.5530,0.2299,0.2924,,,
summary,2025-11-25,SPY,,,,,,,-0.40,,1,,,,,,,,,,0.5915,2025-11-24T16:09:00+00:00,1173,1619
trade,2025-11-26,NVDA,Long,2025-11-26T15:38:00+00:00,2025-11-26T15:56:00+00:00,180.2501,180.2409,1.67,-0.02,-0.000051,1080000,SessionClose,0.2271,0.3722,0.2504,0.0344,0.6045,0.3774,0.2552,0.6045,,,
summary,2025-11-26,NVDA,,,,,,,-0.02,,1,,,,,,,,,,0.7484,2025-11-24T16:20:00+00:00,1262,2641
summary,2025-11-28,AAPL,,,,,,,0.00,,0,,,,,,,,,,1.0000,2025-11-25T14:33:00+00:00,658,1541
summary,2025-12-01,SPY,,,,,,,0.00,,0,,,,,,,,,,0.7455,2025-11-28T15:50:00+00:00,545,1126
summary,2025-12-01,QQQ,,,,,,,0.00,,0,,,,,,,,,,0.7080,2025-11-28T15:53:00+00:00,625,1147
summary,2025-12-02,SPY,,,,,,,0.00,,0,,,,,,,,,,0.4399,2025-12-01T14:54:00+00:00,910,1612
trade,2025-12-02,QQQ,Long,2025-12-02T15:21:00+00:00,2025-12-02T15:56:00+00:00,622.4217,623.2080,0.48,0.38,0.001263,2100000,SessionClose,0.3057,0.2866,-0.5341,0.3458,0.5053,0.4245,0.1543,0.5053,,,
trade,2025-12-02,QQQ,Long,2025-12-02T15:58:00+00:00,2025-12-02T15:59:00+00:00,623.4220,623.0980,0.48,-0.16,-0.000520,60000,SessionClose,0.2413,0.2480,-0.0286,0.1543,0.5053,0.0387,0.1543,0.5053,,,
summary,2025-12-02,QQQ,,,,,,,0.22,,2,,,,,,,,,,0.5583,2025-12-01T17:04:00+00:00,1150,1645
trade,2025-12-02,AAPL,Long,2025-12-02T15:58:00+00:00,2025-12-02T15:59:00+00:00,286.7310,286.8189,1.05,0.09,0.000307,60000,SessionClose,0.5401,0.5484,0.4804,0.4609,0.7185,0.5628,0.4609,0.7185,,,
summary,2025-12-02,AAPL,,,,,,,0.09,,1,,,,,,,,,,0.7477,2025-12-01T10:13:00+00:00,1094,1303
summary,2025-12-03,QQQ,,,,,,,0.00,,0,,,,,,,,,,0.5583,2025-12-01T17:04:00+00:00,1821,2575
summary,2025-12-08,SPY,,,,,,,0.00,,0,,,,,,,,,,0.4746,2025-12-05T15:12:00+00:00,296,1264
summary,2025-12-08,QQQ,,,,,,,0.00,,0,,,,,,,,,,0.6797,2025-12-05T15:17:00+00:00,403,1287
summary,2025-12-09,SPY,,,,,,,0.00,,0,,,,,,,,,,0.5390,2025-12-08T10:34:00+00:00,727,1602
summary,2025-12-09,QQQ,,,,,,,0.00,,0,,,,,,,,,,0.6726,2025-12-08T10:34:00+00:00,794,1638
summary,2025-12-10,SPY,,,,,,,0.00,,0,,,,,,,,,,0.5390,2025-12-08T10:34:00+00:00,1227,2487
summary,2025-12-10,AAPL,,,,,,,0.00,,0,,,,,,,,,,0.5075,2025-12-08T14:31:00+00:00,812,1899
summary,2025-12-11,SPY,,,,,,,0.00,,0,,,,,,,,,,0.4193,2025-12-10T20:04:00+00:00,1590,3126
summary,2025-12-11,NVDA,,,,,,,0.00,,0,,,,,,,,,,1.0000,2025-12-08T14:32:00+00:00,1042,3253
summary,2025-12-12,MSFT,,,,,,,0.00,,0,,,,,,,,,,0.7567,2025-12-09T15:02:00+00:00,816,2708
summary,2025-12-15,NVDA,,,,,,,0.00,,0,,,,,,,,,,0.7557,2025-12-12T14:39:00+00:00,432,1350
summary,2025-12-15,MSFT,,,,,,,0.00,,0,,,,,,,,,,0.7379,2025-12-12T14:31:00+00:00,236,1093
summary,2025-12-16,SPY,,,,,,,0.00,,0,,,,,,,,,,0.7130,2025-12-15T10:15:00+00:00,526,1607
summary,2025-12-16,NVDA,,,,,,,0.00,,0,,,,,,,,,,0.6304,2025-12-15T09:26:00+00:00,830,1671
summary,2025-12-17,SPY,,,,,,,0.00,,0,,,,,,,,,,0.7130,2025-12-15T10:15:00+00:00,832,2526
trade,2025-12-18,SPY,Long,2025-12-18T15:41:00+00:00,2025-12-18T15:56:00+00:00,680.3390,679.6810,0.44,-0.29,-0.000967,900000,SessionClose,0.3919,0.2337,0.3895,0.4230,0.3305,-0.3621,0.2903,0.3193,,,
summary,2025-12-18,SPY,,,,,,,-0.29,,1,,,,,,,,,,0.4103,2025-12-18T15:42:00+00:00,790,3148
trade,2025-12-18,QQQ,Long,2025-12-18T15:36:00+00:00,2025-12-18T15:56:00+00:00,611.8885,611.8014,0.49,-0.04,-0.000142,1200000,SessionClose,0.4486,0.2676,0.5250,0.4569,0.4064,-0.1056,0.2599,0.4074,,,
summary,2025-12-18,QQQ,,,,,,,-0.04,,1,,,,,,,,,,0.4746,2025-12-17T09:24:00+00:00,965,3248
summary,2025-12-18,AAPL,,,,,,,0.00,,0,,,,,,,,,,0.3912,2025-12-18T15:38:00+00:00,720,2432
summary,2025-12-19,SPY,,,,,,,0.00,,0,,,,,,,,,,0.4816,2025-12-16T20:37:00+00:00,1372,3182
summary,2025-12-22,SPY,,,,,,,0.00,,0,,,,,,,,,,0.5151,2025-12-19T14:44:00+00:00,1069,1294
summary,2025-12-22,AAPL,,,,,,,0.00,,0,,,,,,,,,,0.6434,2025-12-19T20:59:00+00:00,220,1093
summary,2025-12-23,AAPL,,,,,,,0.00,,0,,,,,,,,,,0.3569,2025-12-22T10:43:00+00:00,396,1227
summary,2025-12-23,MSFT,,,,,,,0.00,,0,,,,,,,,,,0.7281,2025-12-22T10:33:00+00:00,758,1191
summary,2025-12-24,QQQ,,,,,,,0.00,,0,,,,,,,,,,0.5090,2025-12-22T10:12:00+00:00,1510,2410
trade,2025-12-24,AAPL,Long,2025-12-24T14:38:00+00:00,2025-12-24T15:56:00+00:00,274.2522,274.2427,1.09,-0.01,-0.000035,4680000,SessionClose,0.4297,0.2739,0.4381,0.4745,0.3374,0.0281,0.2794,0.3449,,,
summary,2025-12-24,AAPL,,,,,,,-0.01,,1,,,,,,,,,,0.4457,2025-12-24T14:35:00+00:00,754,1711
summary,2025-12-25,QQQ,,,,,,,0.00,,0,,,,,,,,,,0.3507,2025-12-23T14:44:00+00:00,1229,2128
summary,2025-12-25,AAPL,,,,,,,0.00,,0,,,,,,,,,,0.4529,2025-12-24T14:35:00+00:00,682,1558
summary,2025-12-26,QQQ,,,,,,,0.00,,0,,,,,,,,,,0.7579,2025-12-23T16:02:00+00:00,1409,1903
summary,2025-12-26,AAPL,,,,,,,0.00,,0,,,,,,,,,,0.8213,2025-12-23T16:04:00+00:00,956,1355
trade,2025-12-26,NVDA,Long,2025-12-26T14:38:00+00:00,2025-12-26T15:11:00+00:00,191.5624,190.5978,1.57,-1.51,-0.005036,1980000,ScoreExit,0.4168,-0.0731,0.3652,0.4221,0.4235,-0.5655,-0.2592,0.4632,,,
trade,2025-12-26,NVDA,Long,2025-12-26T15:16:00+00:00,2025-12-26T15:56:00+00:00,190.5940,191.9125,1.57,2.08,0.006918,2400000,SessionClose,0.1622,0.3013,-0.1605,0.0655,0.4632,0.4240,0.1999,0.4632,,,
trade,2025-12-26,NVDA,Long,2025-12-26T16:00:00+00:00,2025-12-26T16:01:00+00:00,191.9826,191.8136,1.56,-0.26,-0.000880,60000,SessionClose,0.2530,0.1481,-0.0589,0.1999,0.4632,-0.1611,0.0979,0.3517,,,
summary,2025-12-26,NVDA,,,,,,,0.30,,3,,,,,,,,,,0.9558,2025-12-23T15:56:00+00:00,1707,2078
summary,2025-12-29,AAPL,,,,,,,0.00,,0,,,,,,,,,,0.5471,2025-12-26T14:36:00+00:00,308,1004
summary,2025-12-29,MSFT,,,,,,,0.00,,0,,,,,,,,,,0.3909,2025-12-29T14:49:00+00:00,434,1026
summary,2025-12-30,QQQ,,,,,,,0.00,,0,,,,,,,,,,0.4907,2025-12-29T14:36:00+00:00,654,1571
summary,2025-12-30,NVDA,,,,,,,0.00,,0,,,,,,,,,,0.5099,2025-12-29T14:38:00+00:00,924,1631
summary,2025-12-31,SPY,,,,,,,0.00,,0,,,,,,,,,,0.4287,2025-12-29T10:16:00+00:00,779,2388
summary,2025-12-31,NVDA,,,,,,,0.00,,0,,,,,,,,,,0.5099,2025-12-29T14:38:00+00:00,1328,2543
