row_type,date,ticker,direction,entry_time,exit_time,entry_price,exit_price,size,pnl,pnl_pct,hold_duration_ms,exit_reason,entry_reason,candle_pattern,entry_composite,exit_composite,entry_1m,entry_5m,entry_1h,exit_1m,exit_5m,exit_1h,max_composite,max_composite_time,positive_ticks,total_ticks
summary,2024-01-01,SPY,,,,,,,0.00,,0,,,,,,,,,,,,0.2999,2023-12-29T14:38:00+00:00,142,524
summary,2024-01-01,QQQ,,,,,,,0.00,,0,,,,,,,,,,,,0.3505,2023-12-29T18:49:00+00:00,119,518
summary,2024-01-01,AAPL,,,,,,,0.00,,0,,,,,,,,,,,,0.2890,2023-12-29T20:28:00+00:00,33,543
summary,2024-01-01,MSFT,,,,,,,0.00,,0,,,,,,,,,,,,0.4099,2023-12-29T14:51:00+00:00,189,464
summary,2024-01-02,SPY,,,,,,,0.00,,0,,,,,,,,,,,,0.4014,2024-01-02T16:49:00+00:00,159,655
summary,2024-01-02,QQQ,,,,,,,0.00,,0,,,,,,,,,,,,0.3739,2024-01-02T21:00:00+00:00,74,658
summary,2024-01-02,AAPL,,,,,,,0.00,,0,,,,,,,,,,,,0.6821,2024-01-02T10:21:00+00:00,121,636
summary,2024-01-02,MSFT,,,,,,,0.00,,0,,,,,,,,,,,,0.7394,2024-01-02T13:02:00+00:00,168,527
summary,2024-01-03,SPY,,,,,,,0.00,,0,,,,,,,,,,,,0.4014,2024-01-02T16:49:00+00:00,379,1444
summary,2024-01-03,QQQ,,,,,,,0.00,,0,,,,,,,,,,,,0.3913,2024-01-02T21:03:00+00:00,182,1490
summary,2024-01-03,AAPL,,,,,,,0.00,,0,,,,,,,,,,,,0.6821,2024-01-02T10:21:00+00:00,218,1436
trade,2024-01-03,MSFT,Long,2024-01-03T14:32:00+00:00,2024-01-03T15:56:00+00:00,370.7062,371.7684,0.81,0.86,0.002865,5040000,SessionClose,window:strong core,three_outside_up,0.5062,0.2242,0.6186,0.5541,0.3729,0.4152,0.0676,0.4737,,,
summary,2024-01-03,MSFT,,,,,,,0.86,,1,,,,,,,,,,,,0.7394,2024-01-02T13:02:00+00:00,510,1134
summary,2024-01-04,SPY,,,,,,,0.00,,0,,,,,,,,,,,,0.4014,2024-01-02T16:49:00+00:00,405,2253
summary,2024-01-04,QQQ,,,,,,,0.00,,0,,,,,,,,,,,,0.3913,2024-01-02T21:03:00+00:00,182,2288
summary,2024-01-04,AAPL,,,,,,,0.00,,0,,,,,,,,,,,,0.6821,2024-01-02T10:21:00+00:00,218,2203
summary,2024-01-04,MSFT,,,,,,,0.00,,0,,,,,,,,,,,,0.7394,2024-01-02T13:02:00+00:00,680,1690
summary,2024-01-05,SPY,,,,,,,0.00,,0,,,,,,,,,,,,0.4579,2024-01-02T17:00:00+00:00,546,2805
summary,2024-01-05,QQQ,,,,,,,0.00,,0,,,,,,,,,,,,0.3732,2024-01-02T21:03:00+00:00,238,2844
summary,2024-01-05,AAPL,,,,,,,0.00,,0,,,,,,,,,,,,0.7542,2024-01-02T14:32:00+00:00,102,2729
summary,2024-01-05,MSFT,,,,,,,0.00,,0,,,,,,,,,,,,0.6079,2024-01-03T14:48:00+00:00,769,2145
trade,2024-01-08,SPY,Long,2024-01-08T15:01:00+00:00,2024-01-08T15:56:00+00:00,469.7859,470.2939,0.64,0.32,0.001081,3300000,SessionClose,window:strong core,three_outside_up,0.3592,0.0896,0.4901,0.3613,0.3114,-0.2738,-0.0057,0.4013,,,
summary,2024-01-08,SPY,,,,,,,0.32,,1,,,,,,,,,,,,0.7281,2024-01-05T15:52:00+00:00,616,1149
trade,2024-01-08,QQQ,Long,2024-01-08T14:31:00+00:00,2024-01-08T15:56:00+00:00,398.2544,401.5545,0.75,2.49,0.008286,5100000,SessionClose,window:strong core,three_outside_up,0.3674,0.1759,0.4365,0.3676,0.3438,0.3380,-0.0213,0.5163,,,
summary,2024-01-08,QQQ,,,,,,,2.49,,1,,,,,,,,,,,,0.8122,2024-01-05T15:55:00+00:00,596,1185
summary,2024-01-08,AAPL,,,,,,,0.00,,0,,,,,,,,,,,,0.7314,2024-01-05T15:59:00+00:00,596,1170
trade,2024-01-08,MSFT,Long,2024-01-08T14:36:00+00:00,2024-01-08T15:44:00+00:00,369.9159,369.9140,0.81,-0.00,-0.000005,4080000,ScoreExit,window:strong core,shooting_star,0.3517,-0.0989,0.3997,0.3638,0.3116,-0.5265,-0.2182,0.2823,,,
summary,2024-01-08,MSFT,,,,,,,-0.00,,1,,,,,,,,,,,,0.8739,2024-01-05T16:01:00+00:00,550,962
summary,2024-01-09,SPY,,,,,,,0.00,,0,,,,,,,,,,,,0.6394,2024-01-08T10:34:00+00:00,1080,1425
trade,2024-01-09,QQQ,Long,2024-01-09T15:16:00+00:00,2024-01-09T15:56:00+00:00,403.6961,403.6239,0.74,-0.05,-0.000179,2400000,SessionClose,window:strong core,bullish_engulfing,0.3765,0.1381,0.5463,0.3817,0.3095,0.2937,0.0209,0.3207,,,
summary,2024-01-09,QQQ,,,,,,,-0.05,,1,,,,,,,,,,,,0.6935,2024-01-08T10:33:00+00:00,1227,1545
summary,2024-01-09,AAPL,,,,,,,0.00,,0,,,,,,,,,,,,0.6888,2024-01-08T11:34:00+00:00,1049,1371
trade,2024-01-09,MSFT,Long,2024-01-09T15:56:00+00:00,2024-01-09T15:57:00+00:00,374.4973,373.5129,0.80,-0.79,-0.002629,60000,SessionClose,window:candle reversal,shooting_star,0.3972,0.3421,0.5822,0.3748,0.3802,0.2553,0.3748,0.3054,,,
trade,2024-01-09,MSFT,Long,2024-01-09T16:00:00+00:00,2024-01-09T16:01:00+00:00,373.6971,373.9028,0.80,0.17,0.000550,60000,SessionClose,window:candle reversal,shooting_star,0.3287,0.4473,0.1381,0.3748,0.2999,0.4446,0.4409,0.4610,,,
summary,2024-01-09,MSFT,,,,,,,-0.62,,2,,,,,,,,,,,,0.8373,2024-01-08T11:52:00+00:00,864,1168
summary,2024-01-10,SPY,,,,,,,0.00,,0,,,,,,,,,,,,0.6394,2024-01-08T10:34:00+00:00,1600,2195
summary,2024-01-10,QQQ,,,,,,,0.00,,0,,,,,,,,,,,,0.6935,2024-01-08T10:33:00+00:00,1845,2388
summary,2024-01-10,AAPL,,,,,,,0.00,,0,,,,,,,,,,,,0.6888,2024-01-08T11:34:00+00:00,1465,2107
trade,2024-01-10,MSFT,Long,2024-01-10T14:31:00+00:00,2024-01-10T15:56:00+00:00,377.3732,381.5305,0.80,3.31,0.011016,5100000,SessionClose,window:strong core,,0.4216,0.1595,0.4667,0.4253,0.3991,-0.1733,0.0634,0.4628,,,
summary,2024-01-10,MSFT,,,,,,,3.31,,1,,,,,,,,,,,,0.8373,2024-01-08T11:52:00+00:00,1377,1790
summary,2024-01-11,SPY,,,,,,,0.00,,0,,,,,,,,,,,,0.8019,2024-01-08T15:49:00+00:00,2000,2747
trade,2024-01-11,QQQ,Long,2024-01-11T14:37:00+00:00,2024-01-11T15:01:00+00:00,410.9382,408.6324,0.73,-1.68,-0.005611,1440000,ScoreExit,window:candle reversal,shooting_star,0.3405,-0.1484,0.4748,0.3488,0.2791,-0.2554,-0.2919,0.1742,,,
summary,2024-01-11,QQQ,,,,,,,-1.68,,1,,,,,,,,,,,,0.9019,2024-01-08T15:49:00+00:00,2285,2969
summary,2024-01-11,AAPL,,,,,,,0.00,,0,,,,,,,,,,,,0.9828,2024-01-08T14:41:00+00:00,1809,2640
summary,2024-01-11,MSFT,,,,,,,0.00,,0,,,,,,,,,,,,0.5958,2024-01-08T19:28:00+00:00,1807,2364
summary,2024-01-12,SPY,,,,,,,0.00,,0,,,,,,,,,,,,0.5700,2024-01-09T16:59:00+00:00,1851,2745
summary,2024-01-12,QQQ,,,,,,,0.00,,0,,,,,,,,,,,,0.7605,2024-01-09T16:03:00+00:00,2226,2941
summary,2024-01-12,AAPL,,,,,,,0.00,,0,,,,,,,,,,,,0.6773,2024-01-09T16:55:00+00:00,1775,2604
summary,2024-01-12,MSFT,,,,,,,0.00,,0,,,,,,,,,,,,0.9582,2024-01-09T15:55:00+00:00,1873,2334
summary,2024-01-15,SPY,,,,,,,0.00,,0,,,,,,,,,,,,0.3764,2024-01-12T14:40:00+00:00,76,556
summary,2024-01-15,QQQ,,,,,,,0.00,,0,,,,,,,,,,,,0.4822,2024-01-12T14:45:00+00:00,115,501
summary,2024-01-15,AAPL,,,,,,,0.00,,0,,,,,,,,,,,,0.3980,2024-01-12T14:31:00+00:00,87,517
summary,2024-01-15,MSFT,,,,,,,0.00,,0,,,,,,,,,,,,0.9170,2024-01-12T16:02:00+00:00,362,477
trade,2024-01-16,SPY,Long,2024-01-16T15:21:00+00:00,2024-01-16T15:56:00+00:00,475.7377,476.3570,0.63,0.39,0.001302,2100000,SessionClose,window:strong core,,0.4029,0.3388,0.5052,0.3842,0.4063,0.4074,0.2095,0.5744,,,
summary,2024-01-16,SPY,,,,,,,0.39,,1,,,,,,,,,,,,0.4700,2024-01-16T15:24:00+00:00,220,621
trade,2024-01-16,QQQ,Long,2024-01-16T15:16:00+00:00,2024-01-16T15:56:00+00:00,408.9877,410.7817,0.73,1.32,0.004387,2400000,SessionClose,window:strong core,,0.4068,0.4488,0.4989,0.3884,0.4130,0.0011,0.2477,1.0000,,,
summary,2024-01-16,QQQ,,,,,,,1.32,,1,,,,,,,,,,,,0.6197,2024-01-16T15:24:00+00:00,331,656
trade,2024-01-16,AAPL,Long,2024-01-16T15:26:00+00:00,2024-01-16T15:56:00+00:00,182.5111,183.7099,1.64,1.97,0.006568,1800000,SessionClose,window:strong core,,0.4614,0.6219,0.5128,0.3918,0.5837,0.4054,0.4690,1.0000,,,
trade,2024-01-16,AAPL,Long,2024-01-16T15:58:00+00:00,2024-01-16T15:59:00+00:00,183.8501,183.7104,1.63,-0.23,-0.000760,60000,SessionClose,window:candle reversal,shooting_star,0.6239,0.6067,0.4256,0.4690,1.0000,0.2527,0.4690,1.0000,,,
summary,2024-01-16,AAPL,,,,,,,1.74,,2,,,,,,,,,,,,0.6855,2024-01-16T15:48:00+00:00,231,626
summary,2024-01-16,MSFT,,,,,,,0.00,,0,,,,,,,,,,,,0.8159,2024-01-16T10:23:00+00:00,235,582
summary,2024-01-17,SPY,,,,,,,0.00,,0,,,,,,,,,,,,0.4700,2024-01-16T15:24:00+00:00,352,1393
summary,2024-01-17,QQQ,,,,,,,0.00,,0,,,,,,,,,,,,0.6197,2024-01-16T15:24:00+00:00,564,1506
summary,2024-01-17,AAPL,,,,,,,0.00,,0,,,,,,,,,,,,0.6855,2024-01-16T15:48:00+00:00,505,1350
summary,2024-01-17,MSFT,,,,,,,0.00,,0,,,,,,,,,,,,0.8159,2024-01-16T10:23:00+00:00,553,1242
summary,2024-01-18,SPY,,,,,,,0.00,,0,,,,,,,,,,,,0.4700,2024-01-16T15:24:00+00:00,897,2192
summary,2024-01-18,QQQ,,,,,,,0.00,,0,,,,,,,,,,,,0.6197,2024-01-16T15:24:00+00:00,1241,2375
trade,2024-01-18,AAPL,Long,2024-01-18T14:46:00+00:00,2024-01-18T15:56:00+00:00,186.9102,187.9236,1.61,1.63,0.005422,4200000,SessionClose,window:candle reversal,shooting_star,0.3522,0.4207,0.1704,0.3131,0.4909,0.5423,0.3576,0.5064,,,
trade,2024-01-18,AAPL,Long,2024-01-18T15:59:00+00:00,2024-01-18T16:00:00+00:00,187.9938,188.0286,1.60,0.06,0.000185,60000,SessionClose,window:strong core,three_outside_up,0.3980,0.4178,0.3153,0.3576,0.5064,0.5130,0.3576,0.5064,,,
summary,2024-01-18,AAPL,,,,,,,1.69,,2,,,,,,,,,,,,0.6855,2024-01-16T15:48:00+00:00,1022,2112
summary,2024-01-18,MSFT,,,,,,,0.00,,0,,,,,,,,,,,,0.8159,2024-01-16T10:23:00+00:00,996,1899
summary,2024-01-19,SPY,,,,,,,0.00,,0,,,,,,,,,,,,0.8418,2024-01-16T15:41:00+00:00,1406,2799
summary,2024-01-19,QQQ,,,,,,,0.00,,0,,,,,,,,,,,,0.9554,2024-01-16T15:48:00+00:00,1744,3008
summary,2024-01-19,AAPL,,,,,,,0.00,,0,,,,,,,,,,,,0.9584,2024-01-16T15:48:00+00:00,1734,2723
summary,2024-01-19,MSFT,,,,,,,0.00,,0,,,,,,,,,,,,0.5434,2024-01-18T09:01:00+00:00,1282,2418
summary,2024-01-22,SPY,,,,,,,0.00,,0,,,,,,,,,,,,0.5943,2024-01-19T16:03:00+00:00,1047,1208
trade,2024-01-22,QQQ,Long,2024-01-22T14:31:00+00:00,2024-01-22T14:41:00+00:00,423.8721,423.3779,0.71,-0.35,-0.001166,600000,ScoreExit,window:strong core,shooting_star,0.3864,-0.0567,0.4793,0.3555,0.4173,-0.4842,-0.2225,0.4173,,,
summary,2024-01-22,QQQ,,,,,,,-0.35,,1,,,,,,,,,,,,0.5784,2024-01-19T19:13:00+00:00,1057,1254
trade,2024-01-22,AAPL,Long,2024-01-22T14:31:00+00:00,2024-01-22T15:47:00+00:00,192.5527,194.5466,1.56,3.11,0.010355,4560000,ScoreExit,window:strong core,three_outside_up,0.5101,-0.0586,0.5349,0.4675,0.5870,-0.5500,-0.2641,0.5162,,,
summary,2024-01-22,AAPL,,,,,,,3.11,,1,,,,,,,,,,,,0.5739,2024-01-19T18:40:00+00:00,1022,1157
summary,2024-01-22,MSFT,,,,,,,0.00,,0,,,,,,,,,,,,0.5878,2024-01-19T20:59:00+00:00,809,1164
summary,2024-01-23,SPY,,,,,,,0.00,,0,,,,,,,,,,,,0.4726,2024-01-22T10:13:00+00:00,652,1348
summary,2024-01-23,QQQ,,,,,,,0.00,,0,,,,,,,,,,,,0.4774,2024-01-22T10:14:00+00:00,647,1526
summary,2024-01-23,AAPL,,,,,,,0.00,,0,,,,,,,,,,,,0.7258,2024-01-22T10:29:00+00:00,768,1309
summary,2024-01-23,MSFT,,,,,,,0.00,,0,,,,,,,,,,,,0.5213,2024-01-22T10:14:00+00:00,534,1175
summary,2024-01-24,SPY,,,,,,,0.00,,0,,,,,,,,,,,,0.4726,2024-01-22T10:13:00+00:00,1166,2141
trade,2024-01-24,QQQ,Long,2024-01-24T15:26:00+00:00,2024-01-24T15:56:00+00:00,428.0034,428.0865,0.70,0.06,0.000194,1800000,SessionClose,window:strong core,hammer,0.3809,0.1444,0.4914,0.3724,0.3611,-0.5615,0.1537,0.3611,,,
summary,2024-01-24,QQQ,,,,,,,0.06,,1,,,,,,,,,,,,0.4774,2024-01-22T10:14:00+00:00,1306,2387
trade,2024-01-24,AAPL,Long,2024-01-24T15:41:00+00:00,2024-01-24T15:56:00+00:00,196.0438,195.7962,1.53,-0.38,-0.001263,900000,SessionClose,window:strong core,,0.3748,0.1497,0.3362,0.3793,0.3785,-0.4988,0.1433,0.3785,,,
summary,2024-01-24,AAPL,,,,,,,-0.38,,1,,,,,,,,,,,,0.7258,2024-01-22T10:29:00+00:00,1272,2060
trade,2024-01-24,MSFT,Long,2024-01-24T14:56:00+00:00,2024-01-24T15:56:00+00:00,402.2556,403.5346,0.75,0.95,0.003179,3600000,SessionClose,window:strong core,hammer,0.3544,-0.0130,0.4131,0.3618,0.3200,-0.5464,-0.1044,0.3476,,,
summary,2024-01-24,MSFT,,,,,,,0.95,,1,,,,,,,,,,,,0.5213,2024-01-22T10:14:00+00:00,1059,1866
summary,2024-01-25,SPY,,,,,,,0.00,,0,,,,,,,,,,,,0.3873,2024-01-24T09:23:00+00:00,1285,2664
summary,2024-01-25,QQQ,,,,,,,0.00,,0,,,,,,,,,,,,0.4437,2024-01-24T09:02:00+00:00,1619,2959
summary,2024-01-25,AAPL,,,,,,,0.00,,0,,,,,,,,,,,,1.0000,2024-01-22T14:34:00+00:00,1292,2581
trade,2024-01-25,MSFT,Long,2024-01-25T15:21:00+00:00,2024-01-25T15:56:00+00:00,406.0668,406.3730,0.74,0.23,0.000754,2100000,SessionClose,window:strong core,,0.3870,0.3510,0.5297,0.3688,0.3760,-0.0233,0.4009,0.3760,,,
trade,2024-01-25,MSFT,Long,2024-01-25T15:58:00+00:00,2024-01-25T15:59:00+00:00,407.0691,406.8329,0.74,-0.17,-0.000580,60000,SessionClose,window:strong core,,0.4071,0.4080,0.5373,0.4009,0.3760,0.5466,0.4009,0.3760,,,
summary,2024-01-25,MSFT,,,,,,,0.05,,2,,,,,,,,,,,,0.5023,2024-01-22T16:24:00+00:00,1420,2363
summary,2024-01-26,SPY,,,,,,,0.00,,0,,,,,,,,,,,,0.4638,2024-01-24T00:58:00+00:00,1690,2796
summary,2024-01-26,QQQ,,,,,,,0.00,,0,,,,,,,,,,,,0.5344,2024-01-24T00:58:00+00:00,1626,3059
summary,2024-01-26,AAPL,,,,,,,0.00,,0,,,,,,,,,,,,0.4230,2024-01-24T15:44:00+00:00,862,2648
summary,2024-01-26,MSFT,,,,,,,0.00,,0,,,,,,,,,,,,0.5799,2024-01-23T20:12:00+00:00,1794,2440
summary,2024-01-29,SPY,,,,,,,0.00,,0,,,,,,,,,,,,0.7775,2024-01-26T15:50:00+00:00,563,1111
summary,2024-01-29,QQQ,,,,,,,0.00,,0,,,,,,,,,,,,0.8829,2024-01-26T15:59:00+00:00,598,1206
summary,2024-01-29,AAPL,,,,,,,0.00,,0,,,,,,,,,,,,0.5205,2024-01-26T15:03:00+00:00,137,1095
trade,2024-01-29,MSFT,Long,2024-01-29T14:46:00+00:00,2024-01-29T15:34:00+00:00,407.2771,405.4533,0.74,-1.34,-0.004478,2880000,ScoreExit,window:strong core,three_outside_down,0.4258,-0.0501,0.5816,0.3700,0.4854,-0.5527,-0.1118,0.2408,,,
summary,2024-01-29,MSFT,,,,,,,-1.34,,1,,,,,,,,,,,,0.8854,2024-01-26T15:49:00+00:00,649,1052
trade,2024-01-30,SPY,Long,2024-01-30T14:49:00+00:00,2024-01-30T15:40:00+00:00,491.2673,490.5578,0.61,-0.43,-0.001444,3060000,ScoreExit,window:strong core,hammer,0.3511,-0.0535,0.4469,0.3526,0.3162,-0.1945,-0.1786,0.2436,,,
summary,2024-01-30,SPY,,,,,,,-0.43,,1,,,,,,,,,,,,0.4486,2024-01-29T20:23:00+00:00,926,1406
summary,2024-01-30,QQQ,,,,,,,0.00,,0,,,,,,,,,,,,0.4550,2024-01-29T20:19:00+00:00,945,1547
summary,2024-01-30,AAPL,,,,,,,0.00,,0,,,,,,,,,,,,0.4267,2024-01-29T19:11:00+00:00,350,1335
summary,2024-01-30,MSFT,,,,,,,0.00,,0,,,,,,,,,,,,0.9874,2024-01-29T09:03:00+00:00,1000,1412
summary,2024-01-31,SPY,,,,,,,0.00,,0,,,,,,,,,,,,0.4486,2024-01-29T20:23:00+00:00,1019,2254
summary,2024-01-31,QQQ,,,,,,,0.00,,0,,,,,,,,,,,,0.4550,2024-01-29T20:19:00+00:00,997,2471
summary,2024-01-31,AAPL,,,,,,,0.00,,0,,,,,,,,,,,,0.4267,2024-01-29T19:11:00+00:00,350,2136
trade,2024-01-31,MSFT,Long,2024-01-31T14:31:00+00:00,2024-01-31T14:46:00+00:00,410.8082,407.6877,0.65,-2.04,-0.007596,900000,ScoreExit,window:strong core,three_outside_up,0.5754,-0.0964,0.6882,0.6849,0.3189,-0.6406,-0.1078,0.1077,,,
summary,2024-01-31,MSFT,,,,,,,-2.04,,1,,,,,,,,,,,,0.9874,2024-01-29T09:03:00+00:00,1150,2303
summary,2024-02-01,SPY,,,,,,,0.00,,0,,,,,,,,,,,,0.6119,2024-01-29T20:23:00+00:00,1236,2900
summary,2024-02-01,QQQ,,,,,,,0.00,,0,,,,,,,,,,,,0.6122,2024-01-29T20:19:00+00:00,1042,3091
summary,2024-02-01,AAPL,,,,,,,0.00,,0,,,,,,,,,,,,0.5445,2024-01-29T20:20:00+00:00,339,2730
trade,2024-02-01,MSFT,Long,2024-02-01T14:46:00+00:00,2024-02-01T15:35:00+00:00,405.9763,405.9732,0.74,-0.00,-0.000008,2940000,ScoreExit,window:5m thrust,hammer,0.4346,-0.0525,0.3371,0.5664,0.2035,-0.4662,-0.0660,0.1122,,,
summary,2024-02-01,MSFT,,,,,,,-0.00,,1,,,,,,,,,,,,0.9022,2024-01-29T14:51:00+00:00,1228,2930
summary,2024-02-02,SPY,,,,,,,0.00,,0,,,,,,,,,,,,0.4164,2024-02-01T21:49:00+00:00,1012,2934
trade,2024-02-02,QQQ,Long,2024-02-02T14:46:00+00:00,2024-02-02T15:56:00+00:00,426.1528,427.1268,0.70,0.69,0.002286,4200000,SessionClose,window:candle reversal,shooting_star,0.3514,0.2426,0.5676,0.3684,0.2454,0.3489,0.2069,0.2787,,,
summary,2024-02-02,QQQ,,,,,,,0.69,,1,,,,,,,,,,,,0.4885,2024-02-01T21:49:00+00:00,914,3098
trade,2024-02-02,AAPL,Long,2024-02-02T15:11:00+00:00,2024-02-02T15:56:00+00:00,183.1299,185.5293,1.64,3.93,0.013102,2700000,SessionClose,window:5m thrust,hammer,0.4306,0.4551,0.3482,0.5364,0.2464,0.5406,0.4848,0.3673,,,
trade,2024-02-02,AAPL,Long,2024-02-02T15:58:00+00:00,2024-02-02T15:59:00+00:00,185.9808,185.4993,1.61,-0.78,-0.002589,60000,SessionClose,window:strong core,,0.4752,0.4137,0.5813,0.4848,0.4206,0.1427,0.4848,0.3617,,,
summary,2024-02-02,AAPL,,,,,,,3.15,,2,,,,,,,,,,,,0.5170,2024-02-02T16:13:00+00:00,507,2877
trade,2024-02-02,MSFT,Long,2024-02-02T14:42:00+00:00,2024-02-02T15:56:00+00:00,407.7307,408.4124,0.74,0.50,0.001672,4440000,SessionClose,window:strong core,hammer,0.3944,0.0172,0.3228,0.4455,0.3161,-0.0578,-0.1227,0.3220,,,
summary,2024-02-02,MSFT,,,,,,,0.50,,1,,,,,,,,,,,,0.8398,2024-01-30T23:08:00+00:00,1051,2855
summary,2024-02-05,SPY,,,,,,,0.00,,0,,,,,,,,,,,,0.8604,2024-02-02T15:44:00+00:00,754,1184
summary,2024-02-05,QQQ,,,,,,,0.00,,0,,,,,,,,,,,,0.9324,2024-02-02T15:44:00+00:00,872,1244
trade,2024-02-05,AAPL,Long,2024-02-05T15:11:00+00:00,2024-02-05T15:56:00+00:00,187.9614,186.6490,1.60,-2.09,-0.006982,2700000,SessionClose,window:strong core,shooting_star,0.4604,0.2353,0.5845,0.3672,0.6055,0.5673,-0.0051,0.6055,,,
summary,2024-02-05,AAPL,,,,,,,-2.09,,1,,,,,,,,,,,,1.0000,2024-02-02T14:31:00+00:00,1094,1237
summary,2024-02-05,MSFT,,,,,,,0.00,,0,,,,,,,,,,,,1.0000,2024-02-02T14:34:00+00:00,535,1051
summary,2024-02-06,SPY,,,,,,,0.00,,0,,,,,,,,,,,,0.7076,2024-02-05T10:41:00+00:00,795,1352
summary,2024-02-06,QQQ,,,,,,,0.00,,0,,,,,,,,,,,,0.7066,2024-02-05T10:34:00+00:00,853,1527
trade,2024-02-06,AAPL,Long,2024-02-06T14:48:00+00:00,2024-02-06T15:39:00+00:00,188.5115,187.8486,1.59,-1.06,-0.003517,3060000,ScoreExit,window:candle reversal,shooting_star,0.3120,-0.0602,0.5135,0.2451,0.3788,-0.3475,-0.1607,0.2364,,,
summary,2024-02-06,AAPL,,,,,,,-1.06,,1,,,,,,,,,,,,0.6080,2024-02-05T17:44:00+00:00,984,1385
summary,2024-02-06,MSFT,,,,,,,0.00,,0,,,,,,,,,,,,0.4706,2024-02-05T09:43:00+00:00,352,1205
summary,2024-02-07,SPY,,,,,,,0.00,,0,,,,,,,,,,,,0.7076,2024-02-05T10:41:00+00:00,1388,2110
trade,2024-02-07,QQQ,Long,2024-02-07T15:21:00+00:00,2024-02-07T15:56:00+00:00,431.4344,431.8254,0.70,0.27,0.000906,2100000,SessionClose,window:strong core,shooting_star,0.3867,0.0868,0.3525,0.4032,0.3652,-0.5021,0.0457,0.3652,,,
summary,2024-02-07,QQQ,,,,,,,0.27,,1,,,,,,,,,,,,0.7066,2024-02-05T10:34:00+00:00,1444,2354
summary,2024-02-07,AAPL,,,,,,,0.00,,0,,,,,,,,,,,,0.6080,2024-02-05T17:44:00+00:00,1568,2148
trade,2024-02-07,MSFT,Long,2024-02-07T14:31:00+00:00,2024-02-07T15:56:00+00:00,408.2924,410.9317,0.74,1.94,0.006464,5100000,SessionClose,window:candle reversal,shooting_star,0.3078,0.0845,0.4216,0.2779,0.3297,-0.5423,0.0232,0.4159,,,
summary,2024-02-07,MSFT,,,,,,,1.94,,1,,,,,,,,,,,,0.4706,2024-02-05T09:43:00+00:00,851,1817
summary,2024-02-08,SPY,,,,,,,0.00,,0,,,,,,,,,,,,0.4722,2024-02-05T19:46:00+00:00,1760,2644
summary,2024-02-08,QQQ,,,,,,,0.00,,0,,,,,,,,,,,,0.5079,2024-02-05T19:46:00+00:00,1941,2878
summary,2024-02-08,AAPL,,,,,,,0.00,,0,,,,,,,,,,,,0.8982,2024-02-05T15:14:00+00:00,1765,2556
trade,2024-02-08,MSFT,Long,2024-02-08T14:36:00+00:00,2024-02-08T15:01:00+00:00,414.3593,413.4809,0.72,-0.64,-0.002120,1500000,ScoreExit,window:strong core,bullish_engulfing,0.3718,-0.0546,0.3754,0.3958,0.3228,-0.3217,-0.2090,0.3432,,,
summary,2024-02-08,MSFT,,,,,,,-0.64,,1,,,,,,,,,,,,0.4693,2024-02-07T15:29:00+00:00,1197,2309
summary,2024-02-09,SPY,,,,,,,0.00,,0,,,,,,,,,,,,0.4260,2024-02-07T15:29:00+00:00,1919,2682
trade,2024-02-09,QQQ,Long,2024-02-09T15:36:00+00:00,2024-02-09T15:56:00+00:00,435.9657,435.6943,0.69,-0.19,-0.000623,1200000,SessionClose,window:candle reversal,shooting_star,0.3569,0.2385,0.5454,0.3671,0.2737,-0.3713,0.3226,0.2737,,,
summary,2024-02-09,QQQ,,,,,,,-0.19,,1,,,,,,,,,,,,0.4965,2024-02-07T15:29:00+00:00,1936,2844
summary,2024-02-09,AAPL,,,,,,,0.00,,0,,,,,,,,,,,,0.9017,2024-02-06T14:46:00+00:00,1422,2470
trade,2024-02-09,MSFT,Long,2024-02-09T15:16:00+00:00,2024-02-09T15:56:00+00:00,417.9603,418.2395,0.72,0.20,0.000668,2400000,SessionClose,window:strong core,shooting_star,0.4014,0.1856,0.5705,0.3969,0.3541,-0.5373,0.2218,0.3541,,,
summary,2024-02-09,MSFT,,,,,,,0.20,,1,,,,,,,,,,,,0.5066,2024-02-07T15:29:00+00:00,1547,2224
summary,2024-02-12,SPY,,,,,,,0.00,,0,,,,,,,,,,,,0.7354,2024-02-09T16:02:00+00:00,775,1085
trade,2024-02-12,QQQ,Long,2024-02-12T15:53:00+00:00,2024-02-12T15:56:00+00:00,438.1164,437.9736,0.68,-0.10,-0.000326,180000,SessionClose,window:strong core,,0.3738,0.3351,0.5563,0.3700,0.3205,0.4909,0.3064,0.3405,,,
summary,2024-02-12,QQQ,,,,,,,-0.10,,1,,,,,,,,,,,,0.8598,2024-02-09T15:46:00+00:00,845,1163
summary,2024-02-12,MSFT,,,,,,,0.00,,0,,,,,,,,,,,,0.9545,2024-02-09T15:41:00+00:00,642,1001
summary,2024-02-13,SPY,,,,,,,0.00,,0,,,,,,,,,,,,0.6591,2024-02-12T11:17:00+00:00,248,1380
summary,2024-02-13,QQQ,,,,,,,0.00,,0,,,,,,,,,,,,0.4936,2024-02-12T16:34:00+00:00,212,1506
summary,2024-02-13,AAPL,,,,,,,0.00,,0,,,,,,,,,,,,0.5990,2024-02-12T09:07:00+00:00,131,1262
summary,2024-02-13,MSFT,,,,,,,0.00,,0,,,,,,,,,,,,0.5764,2024-02-12T09:51:00+00:00,181,1180
summary,2024-02-14,QQQ,,,,,,,0.00,,0,,,,,,,,,,,,0.4936,2024-02-12T16:34:00+00:00,606,2396
summary,2024-02-14,AAPL,,,,,,,0.00,,0,,,,,,,,,,,,0.5990,2024-02-12T09:07:00+00:00,227,1971
summary,2024-02-14,MSFT,,,,,,,0.00,,0,,,,,,,,,,,,0.5764,2024-02-12T09:51:00+00:00,215,1859
summary,2024-02-15,SPY,,,,,,,0.00,,0,,,,,,,,,,,,0.7333,2024-02-12T15:54:00+00:00,1175,2799
summary,2024-02-15,QQQ,,,,,,,0.00,,0,,,,,,,,,,,,0.8009,2024-02-12T15:54:00+00:00,1134,2949
summary,2024-02-15,AAPL,,,,,,,0.00,,0,,,,,,,,,,,,0.3950,2024-02-15T20:57:00+00:00,239,2603
summary,2024-02-15,MSFT,,,,,,,0.00,,0,,,,,,,,,,,,0.7990,2024-02-12T15:59:00+00:00,316,2381
summary,2024-02-16,SPY,,,,,,,0.00,,0,,,,,,,,,,,,0.7568,2024-02-13T15:43:00+00:00,1835,2772
summary,2024-02-16,QQQ,,,,,,,0.00,,0,,,,,,,,,,,,0.9559,2024-02-13T15:43:00+00:00,1953,2957
summary,2024-02-16,MSFT,,,,,,,0.00,,0,,,,,,,,,,,,0.9529,2024-02-13T15:41:00+00:00,1173,2388
summary,2024-02-19,SPY,,,,,,,0.00,,0,,,,,,,,,,,,0.5555,2024-02-16T15:54:00+00:00,190,554
summary,2024-02-19,QQQ,,,,,,,0.00,,0,,,,,,,,,,,,0.5130,2024-02-16T16:20:00+00:00,176,540
summary,2024-02-19,AAPL,,,,,,,0.00,,0,,,,,,,,,,,,1.0000,2024-02-16T14:37:00+00:00,77,549
summary,2024-02-19,MSFT,,,,,,,0.00,,0,,,,,,,,,,,,0.5288,2024-02-16T19:24:00+00:00,134,488
summary,2024-02-20,SPY,,,,,,,0.00,,0,,,,,,,,,,,,0.3364,2024-02-20T19:49:00+00:00,165,636
summary,2024-02-20,QQQ,,,,,,,0.00,,0,,,,,,,,,,,,0.3886,2024-02-20T20:59:00+00:00,190,694
summary,2024-02-20,AAPL,,,,,,,0.00,,0,,,,,,,,,,,,0.5111,2024-02-20T12:14:00+00:00,243,588
summary,2024-02-20,MSFT,,,,,,,0.00,,0,,,,,,,,,,,,0.6080,2024-02-20T13:12:00+00:00,227,563
summary,2024-02-21,SPY,,,,,,,0.00,,0,,,,,,,,,,,,0.4375,2024-02-21T20:55:00+00:00,548,1407
summary,2024-02-21,QQQ,,,,,,,0.00,,0,,,,,,,,,,,,0.4704,2024-02-21T20:59:00+00:00,424,1550
trade,2024-02-21,AAPL,Long,2024-02-21T14:32:00+00:00,2024-02-21T15:52:00+00:00,182.7398,182.2270,1.64,-0.84,-0.002806,4800000,ScoreExit,window:strong core,,0.4227,-0.0510,0.5813,0.3691,0.4769,-0.5126,-0.2101,0.4211,,,
summary,2024-02-21,AAPL,,,,,,,-0.84,,1,,,,,,,,,,,,0.5111,2024-02-20T12:14:00+00:00,752,1328
summary,2024-02-21,MSFT,,,,,,,0.00,,0,,,,,,,,,,,,0.6080,2024-02-20T13:12:00+00:00,472,1177
trade,2024-02-22,QQQ,Long,2024-02-22T14:46:00+00:00,2024-02-22T15:46:00+00:00,435.4756,434.7245,0.69,-0.52,-0.001725,3600000,ScoreExit,window:strong core,bullish_engulfing,0.4001,-0.0711,0.5686,0.3677,0.4087,-0.5671,-0.2144,0.3808,,,
summary,2024-02-22,QQQ,,,,,,,-0.52,,1,,,,,,,,,,,,0.5106,2024-02-22T09:05:00+00:00,1260,2493
summary,2024-02-22,AAPL,,,,,,,0.00,,0,,,,,,,,,,,,0.5111,2024-02-20T12:14:00+00:00,1379,2158
trade,2024-02-22,MSFT,Long,2024-02-22T14:39:00+00:00,2024-02-22T15:46:00+00:00,410.2180,410.0120,0.73,-0.15,-0.000502,4020000,ScoreExit,window:candle reversal,bearish_engulfing,0.3041,-0.0914,0.4545,0.1968,0.4686,-0.5907,-0.2527,0.3976,,,
summary,2024-02-22,MSFT,,,,,,,-0.15,,1,,,,,,,,,,,,0.6080,2024-02-20T13:12:00+00:00,1183,2005
trade,2024-02-23,SPY,Long,2024-02-23T14:31:00+00:00,2024-02-23T15:29:00+00:00,509.5178,509.4121,0.59,-0.06,-0.000207,3480000,ScoreExit,window:strong core,bullish_engulfing,0.3640,-0.0769,0.4839,0.3604,0.3312,-0.1713,-0.2489,0.2984,,,
summary,2024-02-23,SPY,,,,,,,-0.06,,1,,,,,,,,,,,,0.5759,2024-02-20T16:01:00+00:00,1747,2841
trade,2024-02-23,QQQ,Long,2024-02-23T14:31:00+00:00,2024-02-23T14:56:00+00:00,439.9770,439.7130,0.68,-0.18,-0.000600,1500000,ScoreExit,window:candle reversal,shooting_star,0.3790,-0.0694,0.5266,0.3962,0.2953,-0.3248,-0.2091,0.2953,,,
summary,2024-02-23,QQQ,,,,,,,-0.18,,1,,,,,,,,,,,,0.6540,2024-02-20T16:01:00+00:00,1741,3046
summary,2024-02-23,AAPL,,,,,,,0.00,,0,,,,,,,,,,,,0.5300,2024-02-21T00:24:00+00:00,1595,2643
summary,2024-02-23,MSFT,,,,,,,0.00,,0,,,,,,,,,,,,0.7532,2024-02-20T16:04:00+00:00,1506,2470
summary,2024-02-26,SPY,,,,,,,0.00,,0,,,,,,,,,,,,0.2966,2024-02-23T14:44:00+00:00,186,1097
summary,2024-02-26,QQQ,,,,,,,0.00,,0,,,,,,,,,,,,0.3218,2024-02-26T16:53:00+00:00,286,1184
summary,2024-02-26,AAPL,,,,,,,0.00,,0,,,,,,,,,,,,0.1117,2024-02-23T14:31:00+00:00,2,1104
summary,2024-02-26,MSFT,,,,,,,0.00,,0,,,,,,,,,,,,0.3384,2024-02-23T14:41:00+00:00,44,946
summary,2024-02-27,SPY,,,,,,,0.00,,0,,,,,,,,,,,,0.7181,2024-02-26T10:44:00+00:00,491,1351
summary,2024-02-27,QQQ,,,,,,,0.00,,0,,,,,,,,,,,,0.7343,2024-02-26T10:29:00+00:00,795,1493
summary,2024-02-27,AAPL,,,,,,,0.00,,0,,,,,,,,,,,,0.6317,2024-02-27T19:32:00+00:00,460,1265
summary,2024-02-27,MSFT,,,,,,,0.00,,0,,,,,,,,,,,,0.4717,2024-02-26T11:18:00+00:00,165,1077
summary,2024-02-28,SPY,,,,,,,0.00,,0,,,,,,,,,,,,0.7181,2024-02-26T10:44:00+00:00,707,2150
summary,2024-02-28,QQQ,,,,,,,0.00,,0,,,,,,,,,,,,0.7343,2024-02-26T10:29:00+00:00,876,2324
summary,2024-02-28,AAPL,,,,,,,0.00,,0,,,,,,,,,,,,0.6317,2024-02-27T19:32:00+00:00,789,2098
summary,2024-02-29,SPY,,,,,,,0.00,,0,,,,,,,,,,,,0.3892,2024-02-29T13:44:00+00:00,839,2737
summary,2024-02-29,QQQ,,,,,,,0.00,,0,,,,,,,,,,,,0.5115,2024-02-26T15:44:00+00:00,1016,2876
summary,2024-02-29,AAPL,,,,,,,0.00,,0,,,,,,,,,,,,0.6368,2024-02-27T19:32:00+00:00,721,2672
summary,2024-03-01,SPY,,,,,,,0.00,,0,,,,,,,,,,,,0.3950,2024-02-29T13:44:00+00:00,1575,2795
summary,2024-03-01,QQQ,,,,,,,0.00,,0,,,,,,,,,,,,0.4717,2024-02-27T15:19:00+00:00,1472,2888
summary,2024-03-01,AAPL,,,,,,,0.00,,0,,,,,,,,,,,,0.7627,2024-02-27T19:32:00+00:00,808,2819
summary,2024-03-01,MSFT,,,,,,,0.00,,0,,,,,,,,,,,,0.6140,2024-02-27T15:48:00+00:00,1401,2182
summary,2024-03-04,SPY,,,,,,,0.00,,0,,,,,,,,,,,,0.8055,2024-03-01T16:04:00+00:00,824,1136
summary,2024-03-04,QQQ,,,,,,,0.00,,0,,,,,,,,,,,,0.8572,2024-03-01T16:04:00+00:00,929,1197
summary,2024-03-04,AAPL,,,,,,,0.00,,0,,,,,,,,,,,,0.5971,2024-03-01T19:28:00+00:00,235,1204
trade,2024-03-04,MSFT,Long,2024-03-04T14:46:00+00:00,2024-03-04T15:56:00+00:00,415.1535,415.0604,0.72,-0.07,-0.000224,4200000,SessionClose,window:strong core,,0.4026,0.1362,0.5675,0.4118,0.3292,-0.0244,0.0824,0.2974,,,
summary,2024-03-04,MSFT,,,,,,,-0.07,,1,,,,,,,,,,,,0.7609,2024-03-01T14:42:00+00:00,690,1018
summary,2024-03-05,SPY,,,,,,,0.00,,0,,,,,,,,,,,,0.4298,2024-03-04T19:39:00+00:00,295,1383
summary,2024-03-05,QQQ,,,,,,,0.00,,0,,,,,,,,,,,,0.3839,2024-03-04T19:39:00+00:00,172,1518
summary,2024-03-05,AAPL,,,,,,,0.00,,0,,,,,,,,,,,,0.6010,2024-03-04T13:04:00+00:00,158,1485
summary,2024-03-06,SPY,,,,,,,0.00,,0,,,,,,,,,,,,0.4298,2024-03-04T19:39:00+00:00,819,2201
summary,2024-03-06,QQQ,,,,,,,0.00,,0,,,,,,,,,,,,0.3839,2024-03-04T19:39:00+00:00,526,2408
summary,2024-03-06,AAPL,,,,,,,0.00,,0,,,,,,,,,,,,0.6010,2024-03-04T13:04:00+00:00,159,2340
summary,2024-03-06,MSFT,,,,,,,0.00,,0,,,,,,,,,,,,0.6967,2024-03-04T15:00:00+00:00,286,1806
summary,2024-03-07,SPY,,,,,,,0.00,,0,,,,,,,,,,,,0.7092,2024-03-04T15:41:00+00:00,1233,2787
trade,2024-03-07,QQQ,Long,2024-03-07T15:38:00+00:00,2024-03-07T15:56:00+00:00,443.8681,443.7318,0.68,-0.09,-0.000307,1080000,SessionClose,window:strong core,hammer,0.3616,0.0903,0.4826,0.3659,0.3127,-0.4965,0.0769,0.3127,,,
summary,2024-03-07,QQQ,,,,,,,-0.09,,1,,,,,,,,,,,,0.6069,2024-03-04T15:41:00+00:00,1068,3034
summary,2024-03-07,AAPL,,,,,,,0.00,,0,,,,,,,,,,,,0.6224,2024-03-04T19:43:00+00:00,184,2957
trade,2024-03-07,MSFT,Long,2024-03-07T15:47:00+00:00,2024-03-07T15:56:00+00:00,408.1124,407.0428,0.74,-0.79,-0.002621,540000,SessionClose,window:strong core,,0.4229,0.2475,0.5707,0.4511,0.3171,-0.5456,0.3753,0.2562,,,
summary,2024-03-07,MSFT,,,,,,,-0.79,,1,,,,,,,,,,,,0.8951,2024-03-04T15:00:00+00:00,631,2299
summary,2024-03-08,SPY,,,,,,,0.00,,0,,,,,,,,,,,,0.4067,2024-03-06T16:19:00+00:00,1618,2785
summary,2024-03-08,QQQ,,,,,,,0.00,,0,,,,,,,,,,,,0.4811,2024-03-06T09:17:00+00:00,1841,3068
trade,2024-03-08,AAPL,Long,2024-03-08T14:54:00+00:00,2024-03-08T15:56:00+00:00,170.5662,171.1735,1.76,1.07,0.003561,3720000,SessionClose,window:strong core,hammer,0.3754,0.1469,0.5820,0.3781,0.3013,0.1145,0.0326,0.3864,,,
summary,2024-03-08,AAPL,,,,,,,1.07,,1,,,,,,,,,,,,1.0000,2024-03-05T14:33:00+00:00,1027,2945
summary,2024-03-08,MSFT,,,,,,,0.00,,0,,,,,,,,,,,,0.5129,2024-03-06T09:16:00+00:00,1113,2342
summary,2024-03-11,SPY,,,,,,,0.00,,0,,,,,,,,,,,,0.5101,2024-03-08T15:01:00+00:00,164,1192
summary,2024-03-11,QQQ,,,,,,,0.00,,0,,,,,,,,,,,,0.7309,2024-03-08T15:06:00+00:00,69,1271
summary,2024-03-11,AAPL,,,,,,,0.00,,0,,,,,,,,,,,,0.8978,2024-03-08T14:55:00+00:00,817,1234
summary,2024-03-11,MSFT,,,,,,,0.00,,0,,,,,,,,,,,,0.8818,2024-03-08T15:13:00+00:00,247,985
trade,2024-03-12,SPY,Long,2024-03-12T14:11:00+00:00,2024-03-12T15:56:00+00:00,513.9891,515.7302,0.58,1.02,0.003387,6300000,SessionClose,window:candle reversal,shooting_star,0.3212,0.1233,0.4270,0.2166,0.4951,0.3471,-0.0922,0.4796,,,
summary,2024-03-12,SPY,,,,,,,1.02,,1,,,,,,,,,,,,0.5085,2024-03-11T09:21:00+00:00,983,1406
trade,2024-03-12,QQQ,Long,2024-03-12T14:11:00+00:00,2024-03-12T15:56:00+00:00,440.2020,442.2523,0.68,1.40,0.004658,6300000,SessionClose,window:candle reversal,shooting_star,0.3125,0.0834,0.4867,0.1814,0.5165,0.0850,-0.1269,0.5036,,,
summary,2024-03-12,QQQ,,,,,,,1.40,,1,,,,,,,,,,,,0.7915,2024-03-11T09:22:00+00:00,1039,1509
trade,2024-03-12,AAPL,Long,2024-03-12T14:55:00+00:00,2024-03-12T15:42:00+00:00,172.8118,172.5232,1.74,-0.50,-0.001670,2820000,ScoreExit,window:candle reversal,evening_star,0.3220,-0.0794,0.4300,0.3415,0.2471,-0.4471,-0.1547,0.1939,,,
summary,2024-03-12,AAPL,,,,,,,-0.50,,1,,,,,,,,,,,,0.6220,2024-03-11T13:29:00+00:00,802,1399
trade,2024-03-12,MSFT,Long,2024-03-12T13:36:00+00:00,2024-03-12T15:41:00+00:00,409.1827,413.1510,0.73,2.91,0.009698,7500000,MaxHoldTimeout,window:strong core,,0.4700,0.0658,0.4553,0.4378,0.5395,-0.4660,-0.1271,0.6290,,,
summary,2024-03-12,MSFT,,,,,,,2.91,,1,,,,,,,,,,,,0.6450,2024-03-12T14:31:00+00:00,817,1070
summary,2024-03-13,SPY,,,,,,,0.00,,0,,,,,,,,,,,,0.5085,2024-03-11T09:21:00+00:00,1495,2186
summary,2024-03-13,QQQ,,,,,,,0.00,,0,,,,,,,,,,,,0.7915,2024-03-11T09:22:00+00:00,1572,2387
summary,2024-03-13,AAPL,,,,,,,0.00,,0,,,,,,,,,,,,0.6220,2024-03-11T13:29:00+00:00,917,2122
summary,2024-03-13,MSFT,,,,,,,0.00,,0,,,,,,,,,,,,0.6450,2024-03-12T14:31:00+00:00,1308,1712
summary,2024-03-14,SPY,,,,,,,0.00,,0,,,,,,,,,,,,0.6192,2024-03-11T15:00:00+00:00,1845,2734
summary,2024-03-14,QQQ,,,,,,,0.00,,0,,,,,,,,,,,,0.8032,2024-03-11T14:54:00+00:00,1954,2947
trade,2024-03-14,AAPL,Long,2024-03-14T14:11:00+00:00,2024-03-14T15:21:00+00:00,172.8318,173.7229,1.74,1.55,0.005155,4200000,ScoreExit,window:candle reversal,shooting_star,0.3202,-0.0792,0.2757,0.3552,0.2649,-0.5540,-0.1866,0.2936,,,
summary,2024-03-14,AAPL,,,,,,,1.55,,1,,,,,,,,,,,,0.6472,2024-03-11T13:36:00+00:00,1047,2641
summary,2024-03-14,MSFT,,,,,,,0.00,,0,,,,,,,,,,,,0.7099,2024-03-11T14:54:00+00:00,1804,2256
summary,2024-03-15,SPY,,,,,,,0.00,,0,,,,,,,,,,,,0.9562,2024-03-12T14:51:00+00:00,1366,2784
summary,2024-03-15,QQQ,,,,,,,0.00,,0,,,,,,,,,,,,0.9567,2024-03-12T14:49:00+00:00,1251,2986
summary,2024-03-15,AAPL,,,,,,,0.00,,0,,,,,,,,,,,,0.8934,2024-03-12T14:31:00+00:00,1194,2641
summary,2024-03-15,MSFT,,,,,,,0.00,,0,,,,,,,,,,,,0.9559,2024-03-12T14:49:00+00:00,1586,2374
trade,2024-03-18,SPY,Long,2024-03-18T14:26:00+00:00,2024-03-18T15:31:00+00:00,515.5396,514.3456,0.58,-0.69,-0.002316,3900000,ScoreExit,window:candle reversal,shooting_star,0.3376,-0.0681,0.5560,0.2328,0.4745,-0.1809,-0.3075,0.4484,,,
summary,2024-03-18,SPY,,,,,,,-0.69,,1,,,,,,,,,,,,0.7995,2024-03-15T14:49:00+00:00,634,1146
trade,2024-03-18,QQQ,Long,2024-03-18T13:41:00+00:00,2024-03-18T15:13:00+00:00,440.0570,439.4081,0.68,-0.44,-0.001474,5520000,ScoreExit,window:candle reversal,shooting_star,0.3815,-0.0584,0.5137,0.3069,0.4868,-0.5696,-0.2488,0.4928,,,
summary,2024-03-18,QQQ,,,,,,,-0.44,,1,,,,,,,,,,,,0.8217,2024-03-15T14:49:00+00:00,620,1214
summary,2024-03-18,AAPL,,,,,,,0.00,,0,,,,,,,,,,,,0.6355,2024-03-18T13:46:00+00:00,711,1175
summary,2024-03-19,SPY,,,,,,,0.00,,0,,,,,,,,,,,,0.3971,2024-03-19T16:44:00+00:00,612,1413
summary,2024-03-19,QQQ,,,,,,,0.00,,0,,,,,,,,,,,,0.4949,2024-03-18T12:13:00+00:00,534,1548
summary,2024-03-19,AAPL,,,,,,,0.00,,0,,,,,,,,,,,,0.7135,2024-03-18T13:46:00+00:00,591,1416
summary,2024-03-19,MSFT,,,,,,,0.00,,0,,,,,,,,,,,,0.7837,2024-03-18T13:41:00+00:00,664,1187
summary,2024-03-20,SPY,,,,,,,0.00,,0,,,,,,,,,,,,0.4296,2024-03-20T18:47:00+00:00,1118,2144
summary,2024-03-20,QQQ,,,,,,,0.00,,0,,,,,,,,,,,,0.4949,2024-03-18T12:13:00+00:00,1058,2395
summary,2024-03-20,AAPL,,,,,,,0.00,,0,,,,,,,,,,,,0.7135,2024-03-18T13:46:00+00:00,1102,2150
summary,2024-03-20,MSFT,,,,,,,0.00,,0,,,,,,,,,,,,0.7837,2024-03-18T13:41:00+00:00,1036,1717
summary,2024-03-21,SPY,,,,,,,0.00,,0,,,,,,,,,,,,0.4551,2024-03-18T14:49:00+00:00,1528,2800
summary,2024-03-21,QQQ,,,,,,,0.00,,0,,,,,,,,,,,,0.6873,2024-03-18T14:42:00+00:00,1484,3034
summary,2024-03-21,AAPL,,,,,,,0.00,,0,,,,,,,,,,,,0.9380,2024-03-18T13:46:00+00:00,1184,2774
summary,2024-03-22,SPY,,,,,,,0.00,,0,,,,,,,,,,,,0.7426,2024-03-19T14:49:00+00:00,2099,2738
summary,2024-03-22,QQQ,,,,,,,0.00,,0,,,,,,,,,,,,0.8014,2024-03-19T14:49:00+00:00,2282,2995
summary,2024-03-22,AAPL,,,,,,,0.00,,0,,,,,,,,,,,,0.9453,2024-03-19T14:40:00+00:00,1354,2833
summary,2024-03-22,MSFT,,,,,,,0.00,,0,,,,,,,,,,,,0.9527,2024-03-19T14:55:00+00:00,1531,2147
summary,2024-03-25,SPY,,,,,,,0.00,,0,,,,,,,,,,,,0.3308,2024-03-22T17:55:00+00:00,284,1151
summary,2024-03-25,QQQ,,,,,,,0.00,,0,,,,,,,,,,,,0.4690,2024-03-22T17:13:00+00:00,497,1166
summary,2024-03-25,MSFT,,,,,,,0.00,,0,,,,,,,,,,,,0.5063,2024-03-22T18:03:00+00:00,194,964
summary,2024-03-26,SPY,,,,,,,0.00,,0,,,,,,,,,,,,0.3248,2024-03-25T14:11:00+00:00,655,1363
summary,2024-03-26,QQQ,,,,,,,0.00,,0,,,,,,,,,,,,0.4476,2024-03-25T14:21:00+00:00,858,1495
summary,2024-03-26,AAPL,,,,,,,0.00,,0,,,,,,,,,,,,0.6043,2024-03-25T12:04:00+00:00,752,1307
summary,2024-03-26,MSFT,,,,,,,0.00,,0,,,,,,,,,,,,0.4894,2024-03-25T12:03:00+00:00,484,1089
summary,2024-03-27,SPY,,,,,,,0.00,,0,,,,,,,,,,,,0.3997,2024-03-27T19:59:00+00:00,1107,2191
summary,2024-03-27,QQQ,,,,,,,0.00,,0,,,,,,,,,,,,0.4476,2024-03-25T14:21:00+00:00,1124,2338
trade,2024-03-27,AAPL,Long,2024-03-27T13:38:00+00:00,2024-03-27T15:39:00+00:00,170.8462,172.5532,1.76,3.00,0.009991,7260000,MaxHoldTimeout,window:strong core,,0.3679,0.0567,0.5171,0.3633,0.3275,-0.0284,-0.0750,0.3484,,,
summary,2024-03-27,AAPL,,,,,,,3.00,,1,,,,,,,,,,,,0.6043,2024-03-25T12:04:00+00:00,1229,2089
summary,2024-03-27,MSFT,,,,,,,0.00,,0,,,,,,,,,,,,0.4894,2024-03-25T12:03:00+00:00,521,1670
summary,2024-03-28,SPY,,,,,,,0.00,,0,,,,,,,,,,,,0.5000,2024-03-25T15:03:00+00:00,1623,2782
summary,2024-03-28,QQQ,,,,,,,0.00,,0,,,,,,,,,,,,0.7129,2024-03-25T15:03:00+00:00,1475,2890
summary,2024-03-28,AAPL,,,,,,,0.00,,0,,,,,,,,,,,,0.8629,2024-03-25T15:02:00+00:00,1699,2635
summary,2024-03-28,MSFT,,,,,,,0.00,,0,,,,,,,,,,,,0.7029,2024-03-25T14:44:00+00:00,478,2050
summary,2024-03-29,SPY,,,,,,,0.00,,0,,,,,,,,,,,,0.4587,2024-03-27T20:02:00+00:00,1146,2179
summary,2024-03-29,QQQ,,,,,,,0.00,,0,,,,,,,,,,,,0.3987,2024-03-27T20:02:00+00:00,769,2185
summary,2024-03-29,AAPL,,,,,,,0.00,,0,,,,,,,,,,,,0.6855,2024-03-26T14:02:00+00:00,1162,2068
summary,2024-03-29,MSFT,,,,,,,0.00,,0,,,,,,,,,,,,0.3863,2024-03-26T15:58:00+00:00,178,1553
summary,2024-04-01,SPY,,,,,,,0.00,,0,,,,,,,,,,,,0.2497,2024-04-01T19:54:00+00:00,81,596
trade,2024-04-01,QQQ,Long,2024-04-01T13:35:00+00:00,2024-04-01T14:17:00+00:00,446.2988,446.6160,0.67,0.21,0.000711,2520000,ScoreExit,window:strong core,,0.3819,-0.0582,0.5902,0.3569,0.3626,-0.1361,-0.1060,0.0633,,,
summary,2024-04-01,QQQ,,,,,,,0.21,,1,,,,,,,,,,,,0.5002,2024-04-01T13:39:00+00:00,120,636
summary,2024-04-01,AAPL,,,,,,,0.00,,0,,,,,,,,,,,,0.5467,2024-04-01T09:34:00+00:00,60,539
trade,2024-04-01,MSFT,Long,2024-04-01T13:33:00+00:00,2024-04-01T14:38:00+00:00,424.6724,424.8075,0.71,0.10,0.000318,3900000,ScoreExit,window:strong core,hammer,0.4916,-0.1311,0.5369,0.4769,0.5058,-0.1493,-0.2050,0.0228,,,
summary,2024-04-01,MSFT,,,,,,,0.10,,1,,,,,,,,,,,,0.6505,2024-04-01T13:34:00+00:00,106,502
summary,2024-04-02,SPY,,,,,,,0.00,,0,,,,,,,,,,,,0.2676,2024-04-02T19:49:00+00:00,141,1352
summary,2024-04-02,QQQ,,,,,,,0.00,,0,,,,,,,,,,,,0.5002,2024-04-01T13:39:00+00:00,255,1421
summary,2024-04-02,AAPL,,,,,,,0.00,,0,,,,,,,,,,,,0.5467,2024-04-01T09:34:00+00:00,118,1314
summary,2024-04-02,MSFT,,,,,,,0.00,,0,,,,,,,,,,,,0.6505,2024-04-01T13:34:00+00:00,279,1080
summary,2024-04-03,SPY,,,,,,,0.00,,0,,,,,,,,,,,,0.3571,2024-04-03T14:19:00+00:00,436,2130
trade,2024-04-03,QQQ,Long,2024-04-03T14:34:00+00:00,2024-04-03T15:51:00+00:00,443.3780,443.1120,0.68,-0.18,-0.000600,4620000,ScoreExit,window:strong core,three_outside_up,0.4200,-0.1471,0.4615,0.4730,0.3001,-0.5411,-0.2762,0.2423,,,
summary,2024-04-03,QQQ,,,,,,,-0.18,,1,,,,,,,,,,,,0.5002,2024-04-01T13:39:00+00:00,589,2206
summary,2024-04-03,MSFT,,,,,,,0.00,,0,,,,,,,,,,,,0.6505,2024-04-01T13:34:00+00:00,484,1627
summary,2024-04-04,SPY,,,,,,,0.00,,0,,,,,,,,,,,,0.3631,2024-04-03T14:19:00+00:00,850,2708
summary,2024-04-04,QQQ,,,,,,,0.00,,0,,,,,,,,,,,,0.6886,2024-04-01T13:38:00+00:00,1008,2763
summary,2024-04-04,AAPL,,,,,,,0.00,,0,,,,,,,,,,,,0.4355,2024-04-03T14:43:00+00:00,954,2565
summary,2024-04-04,MSFT,,,,,,,0.00,,0,,,,,,,,,,,,1.0000,2024-04-01T13:34:00+00:00,761,2061
summary,2024-04-05,SPY,,,,,,,0.00,,0,,,,,,,,,,,,0.4295,2024-04-03T14:19:00+00:00,1383,2764
summary,2024-04-05,QQQ,,,,,,,0.00,,0,,,,,,,,,,,,0.5472,2024-04-02T19:49:00+00:00,1444,2871
summary,2024-04-05,AAPL,,,,,,,0.00,,0,,,,,,,,,,,,0.4935,2024-04-03T14:43:00+00:00,1368,2542
trade,2024-04-05,MSFT,Long,2024-04-05T14:56:00+00:00,2024-04-05T15:56:00+00:00,423.7121,425.7472,0.71,1.44,0.004803,3600000,SessionClose,window:strong core,,0.3955,0.3458,0.4927,0.4173,0.3197,0.5176,0.2957,0.3886,,,
summary,2024-04-05,MSFT,,,,,,,1.44,,1,,,,,,,,,,,,0.5274,2024-04-02T17:36:00+00:00,1279,2077
trade,2024-04-08,SPY,Long,2024-04-08T14:36:00+00:00,2024-04-08T15:28:00+00:00,520.0210,519.2390,0.58,-0.45,-0.001504,3120000,ScoreExit,window:candle reversal,shooting_star,0.3436,-0.0746,0.4542,0.3161,0.3616,-0.5591,-0.1603,0.2583,,,
summary,2024-04-08,SPY,,,,,,,-0.45,,1,,,,,,,,,,,,0.9255,2024-04-05T14:59:00+00:00,797,1140
trade,2024-04-08,QQQ,Long,2024-04-08T14:51:00+00:00,2024-04-08T15:28:00+00:00,442.4731,441.2926,0.68,-0.80,-0.002668,2220000,ScoreExit,window:strong core,three_outside_up,0.4089,-0.0887,0.4990,0.3777,0.4412,-0.5577,-0.1786,0.2474,,,
summary,2024-04-08,QQQ,,,,,,,-0.80,,1,,,,,,,,,,,,0.9562,2024-04-05T15:00:00+00:00,833,1184
trade,2024-04-08,MSFT,Long,2024-04-08T14:21:00+00:00,2024-04-08T15:16:00+00:00,426.2778,425.8772,0.70,-0.28,-0.000940,3300000,ScoreExit,window:strong core,,0.3831,-0.0642,0.3247,0.3626,0.4436,-0.3141,-0.2301,0.3510,,,
summary,2024-04-08,MSFT,,,,,,,-0.28,,1,,,,,,,,,,,,0.9581,2024-04-05T14:50:00+00:00,765,957
summary,2024-04-09,SPY,,,,,,,0.00,,0,,,,,,,,,,,,0.4169,2024-04-09T19:59:00+00:00,693,1322
summary,2024-04-09,QQQ,,,,,,,0.00,,0,,,,,,,,,,,,0.4811,2024-04-08T14:51:00+00:00,757,1417
summary,2024-04-09,AAPL,,,,,,,0.00,,0,,,,,,,,,,,,0.4218,2024-04-09T19:59:00+00:00,540,1293
summary,2024-04-09,MSFT,,,,,,,0.00,,0,,,,,,,,,,,,0.5787,2024-04-08T14:30:00+00:00,508,1010
summary,2024-04-10,SPY,,,,,,,0.00,,0,,,,,,,,,,,,0.4199,2024-04-09T20:02:00+00:00,891,2064
summary,2024-04-10,QQQ,,,,,,,0.00,,0,,,,,,,,,,,,0.4811,2024-04-08T14:51:00+00:00,1024,2233
summary,2024-04-10,AAPL,,,,,,,0.00,,0,,,,,,,,,,,,0.4218,2024-04-09T19:59:00+00:00,923,2033
summary,2024-04-10,MSFT,,,,,,,0.00,,0,,,,,,,,,,,,0.5787,2024-04-08T14:30:00+00:00,603,1583
summary,2024-04-11,SPY,,,,,,,0.00,,0,,,,,,,,,,,,0.7697,2024-04-08T14:54:00+00:00,959,2672
summary,2024-04-11,QQQ,,,,,,,0.00,,0,,,,,,,,,,,,0.8584,2024-04-08T14:51:00+00:00,1247,2807
summary,2024-04-11,AAPL,,,,,,,0.00,,0,,,,,,,,,,,,0.5588,2024-04-11T17:34:00+00:00,1215,2574
summary,2024-04-11,MSFT,,,,,,,0.00,,0,,,,,,,,,,,,0.8352,2024-04-08T14:30:00+00:00,931,2100
summary,2024-04-12,SPY,,,,,,,0.00,,0,,,,,,,,,,,,0.6527,2024-04-09T20:02:00+00:00,935,2758
summary,2024-04-12,QQQ,,,,,,,0.00,,0,,,,,,,,,,,,0.6622,2024-04-09T20:02:00+00:00,1312,2928
trade,2024-04-12,AAPL,Long,2024-04-12T13:31:00+00:00,2024-04-12T14:33:00+00:00,174.6374,176.2618,1.72,2.79,0.009302,3720000,ScoreExit,window:strong core,bearish_engulfing,0.5473,-0.0530,0.5695,0.4872,0.6603,-0.5693,-0.2512,0.5155,,,
summary,2024-04-12,AAPL,,,,,,,2.79,,1,,,,,,,,,,,,0.8971,2024-04-09T13:40:00+00:00,1677,2731
summary,2024-04-12,MSFT,,,,,,,0.00,,0,,,,,,,,,,,,0.7173,2024-04-09T13:41:00+00:00,757,2159
summary,2024-04-15,SPY,,,,,,,0.00,,0,,,,,,,,,,,,0.4526,2024-04-15T08:00:00+00:00,326,1182
summary,2024-04-15,QQQ,,,,,,,0.00,,0,,,,,,,,,,,,0.4856,2024-04-15T08:11:00+00:00,372,1235
summary,2024-04-15,AAPL,,,,,,,0.00,,0,,,,,,,,,,,,1.0000,2024-04-12T13:36:00+00:00,228,1209
summary,2024-04-15,MSFT,,,,,,,0.00,,0,,,,,,,,,,,,0.6174,2024-04-12T13:46:00+00:00,297,981
summary,2024-04-16,SPY,,,,,,,0.00,,0,,,,,,,,,,,,0.4043,2024-04-15T13:02:00+00:00,214,1504
summary,2024-04-16,QQQ,,,,,,,0.00,,0,,,,,,,,,,,,0.3946,2024-04-15T13:14:00+00:00,251,1626
summary,2024-04-16,AAPL,,,,,,,0.00,,0,,,,,,,,,,,,0.6349,2024-04-15T15:05:00+00:00,251,1425
summary,2024-04-16,MSFT,,,,,,,0.00,,0,,,,,,,,,,,,0.4682,2024-04-15T13:27:00+00:00,306,1172
summary,2024-04-17,SPY,,,,,,,0.00,,0,,,,,,,,,,,,0.4043,2024-04-15T13:02:00+00:00,290,2348
summary,2024-04-17,QQQ,,,,,,,0.00,,0,,,,,,,,,,,,0.3946,2024-04-15T13:14:00+00:00,270,2492
summary,2024-04-17,AAPL,,,,,,,0.00,,0,,,,,,,,,,,,0.6349,2024-04-15T15:05:00+00:00,251,2136
summary,2024-04-17,MSFT,,,,,,,0.00,,0,,,,,,,,,,,,0.4682,2024-04-15T13:27:00+00:00,405,1759
summary,2024-04-18,SPY,,,,,,,0.00,,0,,,,,,,,,,,,0.3888,2024-04-15T13:40:00+00:00,209,2899
summary,2024-04-18,QQQ,,,,,,,0.00,,0,,,,,,,,,,,,0.3996,2024-04-15T13:40:00+00:00,283,3044
summary,2024-04-18,AAPL,,,,,,,0.00,,0,,,,,,,,,,,,0.9578,2024-04-15T15:04:00+00:00,138,2604
summary,2024-04-19,SPY,,,,,,,0.00,,0,,,,,,,,,,,,0.5584,2024-04-16T18:09:00+00:00,612,2912
summary,2024-04-19,QQQ,,,,,,,0.00,,0,,,,,,,,,,,,0.6375,2024-04-16T14:15:00+00:00,582,3033
summary,2024-04-19,AAPL,,,,,,,0.00,,0,,,,,,,,,,,,0.8937,2024-04-16T13:54:00+00:00,226,2613
summary,2024-04-19,MSFT,,,,,,,0.00,,0,,,,,,,,,,,,0.8914,2024-04-16T14:04:00+00:00,380,2227
summary,2024-04-22,SPY,,,,,,,0.00,,0,,,,,,,,,,,,0.4889,2024-04-22T17:51:00+00:00,478,1216
summary,2024-04-22,QQQ,,,,,,,0.00,,0,,,,,,,,,,,,0.5072,2024-04-19T13:46:00+00:00,460,1284
trade,2024-04-22,MSFT,Long,2024-04-22T13:36:00+00:00,2024-04-22T13:56:00+00:00,401.7455,400.4348,0.75,-0.98,-0.003262,1200000,ScoreExit,window:strong core,hammer,0.4402,-0.1272,0.6163,0.4747,0.3126,-0.5612,-0.1924,0.1481,,,
summary,2024-04-22,MSFT,,,,,,,-0.98,,1,,,,,,,,,,,,0.4681,2024-04-22T18:34:00+00:00,304,1073
summary,2024-04-23,QQQ,,,,,,,0.00,,0,,,,,,,,,,,,0.7511,2024-04-22T09:19:00+00:00,1164,1585
trade,2024-04-23,AAPL,Long,2024-04-23T13:47:00+00:00,2024-04-23T14:24:00+00:00,166.1548,166.0303,1.81,-0.22,-0.000750,2220000,ScoreExit,window:candle reversal,shooting_star,0.3170,-0.0511,0.3438,0.3426,0.2568,-0.4966,-0.1494,0.2941,,,
summary,2024-04-23,AAPL,,,,,,,-0.22,,1,,,,,,,,,,,,0.8385,2024-04-22T09:17:00+00:00,793,1330
summary,2024-04-23,MSFT,,,,,,,0.00,,0,,,,,,,,,,,,0.7604,2024-04-22T09:42:00+00:00,778,1127
summary,2024-04-24,SPY,,,,,,,0.00,,0,,,,,,,,,,,,0.7431,2024-04-22T09:25:00+00:00,1646,2350
trade,2024-04-24,QQQ,Long,2024-04-24T13:36:00+00:00,2024-04-24T14:14:00+00:00,428.7836,428.2565,0.70,-0.37,-0.001229,2280000,ScoreExit,window:strong core,three_outside_up,0.3712,-0.0558,0.5429,0.3697,0.3171,-0.3858,-0.1540,0.2507,,,
summary,2024-04-24,QQQ,,,,,,,-0.37,,1,,,,,,,,,,,,0.7511,2024-04-22T09:19:00+00:00,1806,2516
trade,2024-04-24,AAPL,Long,2024-04-24T13:36:00+00:00,2024-04-24T15:41:00+00:00,166.8050,168.2945,1.80,2.68,0.008929,7500000,MaxHoldTimeout,window:candle reversal,shooting_star,0.3123,0.1233,-0.0201,0.4183,0.2109,0.5037,-0.0625,0.3682,,,
summary,2024-04-24,AAPL,,,,,,,2.68,,1,,,,,,,,,,,,0.8385,2024-04-22T09:17:00+00:00,1364,2125
trade,2024-04-24,MSFT,Long,2024-04-24T13:41:00+00:00,2024-04-24T13:56:00+00:00,410.9630,409.9220,0.73,-0.76,-0.002533,900000,ScoreExit,window:strong core,bearish_engulfing,0.3779,-0.0680,0.4937,0.3525,0.3899,-0.5909,-0.2098,0.3899,,,
summary,2024-04-24,MSFT,,,,,,,-0.76,,1,,,,,,,,,,,,0.7604,2024-04-22T09:42:00+00:00,1271,1829
summary,2024-04-25,SPY,,,,,,,0.00,,0,,,,,,,,,,,,0.6327,2024-04-22T17:51:00+00:00,1795,2978
summary,2024-04-25,QQQ,,,,,,,0.00,,0,,,,,,,,,,,,0.6380,2024-04-22T17:54:00+00:00,1897,3142
summary,2024-04-25,AAPL,,,,,,,0.00,,0,,,,,,,,,,,,0.6085,2024-04-22T17:51:00+00:00,1746,2708
summary,2024-04-25,MSFT,,,,,,,0.00,,0,,,,,,,,,,,,0.8835,2024-04-25T20:00:00+00:00,1306,2456
summary,2024-04-26,SPY,,,,,,,0.00,,0,,,,,,,,,,,,0.8569,2024-04-23T14:59:00+00:00,1643,2979
trade,2024-04-26,QQQ,Long,2024-04-26T13:51:00+00:00,2024-04-26T15:52:00+00:00,429.8439,431.5456,0.70,1.19,0.003959,7260000,MaxHoldTimeout,window:strong core,three_outside_up,0.4033,0.1045,0.5789,0.3798,0.3919,0.2237,-0.0732,0.4201,,,
summary,2024-04-26,QQQ,,,,,,,1.19,,1,,,,,,,,,,,,0.9312,2024-04-23T14:59:00+00:00,1888,3174
trade,2024-04-26,AAPL,Long,2024-04-26T14:56:00+00:00,2024-04-26T15:11:00+00:00,171.1713,170.7138,1.75,-0.80,-0.002673,900000,ScoreExit,window:candle reversal,shooting_star,0.3293,-0.0928,0.5261,0.2518,0.4187,-0.5490,-0.2402,0.3541,,,
summary,2024-04-26,AAPL,,,,,,,-0.80,,1,,,,,,,,,,,,0.8783,2024-04-23T13:45:00+00:00,2060,2735
summary,2024-04-26,MSFT,,,,,,,0.00,,0,,,,,,,,,,,,0.8905,2024-04-23T14:26:00+00:00,1487,2748
summary,2024-04-29,SPY,,,,,,,0.00,,0,,,,,,,,,,,,0.7512,2024-04-26T15:03:00+00:00,773,1149
summary,2024-04-29,QQQ,,,,,,,0.00,,0,,,,,,,,,,,,0.9562,2024-04-26T15:03:00+00:00,928,1217
summary,2024-04-29,AAPL,,,,,,,0.00,,0,,,,,,,,,,,,0.8227,2024-04-26T15:01:00+00:00,717,1221
summary,2024-04-29,MSFT,,,,,,,0.00,,0,,,,,,,,,,,,0.9047,2024-04-26T14:23:00+00:00,153,1042
summary,2024-04-30,SPY,,,,,,,0.00,,0,,,,,,,,,,,,0.3208,2024-04-29T19:59:00+00:00,513,1347
summary,2024-04-30,QQQ,,,,,,,0.00,,0,,,,,,,,,,,,0.3772,2024-04-29T17:34:00+00:00,562,1504
trade,2024-04-30,AAPL,Long,2024-04-30T13:53:00+00:00,2024-04-30T14:51:00+00:00,174.6504,174.4726,1.72,-0.31,-0.001018,3480000,ScoreExit,window:strong core,,0.4299,-0.0664,0.5639,0.4618,0.3215,-0.5128,-0.1547,0.2592,,,
summary,2024-04-30,AAPL,,,,,,,-0.31,,1,,,,,,,,,,,,0.6779,2024-04-29T13:45:00+00:00,469,1394
summary,2024-04-30,MSFT,,,,,,,0.00,,0,,,,,,,,,,,,0.7099,2024-04-29T12:02:00+00:00,173,1067
summary,2024-05-01,SPY,,,,,,,0.00,,0,,,,,,,,,,,,0.5570,2024-05-01T18:44:00+00:00,793,2196
summary,2024-05-01,QQQ,,,,,,,0.00,,0,,,,,,,,,,,,0.5709,2024-05-01T18:44:00+00:00,649,2389
summary,2024-05-01,AAPL,,,,,,,0.00,,0,,,,,,,,,,,,0.6779,2024-04-29T13:45:00+00:00,627,2160
summary,2024-05-01,MSFT,,,,,,,0.00,,0,,,,,,,,,,,,0.7099,2024-04-29T12:02:00+00:00,377,1756
summary,2024-05-02,SPY,,,,,,,0.00,,0,,,,,,,,,,,,0.5544,2024-05-01T18:44:00+00:00,841,2795
summary,2024-05-02,QQQ,,,,,,,0.00,,0,,,,,,,,,,,,0.5710,2024-05-01T18:44:00+00:00,772,2974
summary,2024-05-02,AAPL,,,,,,,0.00,,0,,,,,,,,,,,,1.0000,2024-04-29T13:35:00+00:00,659,2683
summary,2024-05-02,MSFT,,,,,,,0.00,,0,,,,,,,,,,,,0.6001,2024-05-01T18:58:00+00:00,720,2242
summary,2024-05-03,SPY,,,,,,,0.00,,0,,,,,,,,,,,,0.6111,2024-05-01T18:44:00+00:00,1244,2883
summary,2024-05-03,QQQ,,,,,,,0.00,,0,,,,,,,,,,,,0.6497,2024-05-01T18:44:00+00:00,1216,3011
summary,2024-05-03,AAPL,,,,,,,0.00,,0,,,,,,,,,,,,0.8984,2024-04-30T13:51:00+00:00,1380,2890
summary,2024-05-03,MSFT,,,,,,,0.00,,0,,,,,,,,,,,,0.6525,2024-05-01T18:58:00+00:00,1228,2354
summary,2024-05-06,SPY,,,,,,,0.00,,0,,,,,,,,,,,,0.4402,2024-05-03T22:07:00+00:00,984,1184
summary,2024-05-06,QQQ,,,,,,,0.00,,0,,,,,,,,,,,,0.5817,2024-05-03T14:44:00+00:00,978,1170
summary,2024-05-06,AAPL,,,,,,,0.00,,0,,,,,,,,,,,,0.5494,2024-05-03T17:28:00+00:00,203,1288
trade,2024-05-06,MSFT,Long,2024-05-06T14:56:00+00:00,2024-05-06T15:56:00+00:00,408.8876,409.8320,0.73,0.69,0.002310,3600000,SessionClose,window:strong core,shooting_star,0.3712,0.2153,0.1634,0.3665,0.4501,0.3357,0.0657,0.4745,,,
summary,2024-05-06,MSFT,,,,,,,0.69,,1,,,,,,,,,,,,0.9398,2024-05-03T13:44:00+00:00,861,962
trade,2024-05-07,QQQ,Long,2024-05-07T13:32:00+00:00,2024-05-07T13:58:00+00:00,441.2173,440.1229,0.68,-0.74,-0.002480,1560000,ScoreExit,window:strong core,hammer,0.3814,-0.0757,0.5374,0.3578,0.3767,-0.5080,-0.2015,0.3199,,,
trade,2024-05-07,QQQ,Long,2024-05-07T14:56:00+00:00,2024-05-07T15:56:00+00:00,441.4474,441.5924,0.68,0.10,0.000328,3600000,SessionClose,window:strong core,three_outside_up,0.3977,0.1517,0.5166,0.3566,0.4403,0.0372,0.0345,0.4242,,,
summary,2024-05-07,QQQ,,,,,,,-0.65,,2,,,,,,,,,,,,0.7133,2024-05-06T09:34:00+00:00,1075,1451
trade,2024-05-07,AAPL,Long,2024-05-07T13:36:00+00:00,2024-05-07T14:01:00+00:00,183.7001,183.6399,1.63,-0.10,-0.000328,1500000,ScoreExit,window:candle reversal,shooting_star,0.3495,-0.0857,0.1450,0.2985,0.5198,-0.5792,-0.2238,0.3549,,,
summary,2024-05-07,AAPL,,,,,,,-0.10,,1,,,,,,,,,,,,0.8921,2024-05-06T09:29:00+00:00,815,1489
summary,2024-05-08,SPY,,,,,,,0.00,,0,,,,,,,,,,,,0.7091,2024-05-06T09:26:00+00:00,1432,2121
summary,2024-05-08,QQQ,,,,,,,0.00,,0,,,,,,,,,,,,0.7133,2024-05-06T09:34:00+00:00,1409,2234
summary,2024-05-08,AAPL,,,,,,,0.00,,0,,,,,,,,,,,,0.8921,2024-05-06T09:29:00+00:00,1157,2256
summary,2024-05-08,MSFT,,,,,,,0.00,,0,,,,,,,,,,,,0.6727,2024-05-06T10:59:00+00:00,915,1654
summary,2024-05-09,SPY,,,,,,,0.00,,0,,,,,,,,,,,,0.4796,2024-05-06T19:59:00+00:00,1761,2620
summary,2024-05-09,QQQ,,,,,,,0.00,,0,,,,,,,,,,,,0.5383,2024-05-06T19:59:00+00:00,1614,2734
summary,2024-05-09,AAPL,,,,,,,0.00,,0,,,,,,,,,,,,1.0000,2024-05-06T13:32:00+00:00,1331,2607
summary,2024-05-09,MSFT,,,,,,,0.00,,0,,,,,,,,,,,,0.8753,2024-05-06T15:00:00+00:00,1173,2061
trade,2024-05-10,SPY,Long,2024-05-10T13:57:00+00:00,2024-05-10T14:01:00+00:00,522.6918,521.7784,0.57,-0.52,-0.001747,240000,ScoreExit,window:candle reversal,shooting_star,0.3134,-0.0609,0.4429,0.2742,0.3489,-0.5014,-0.1435,0.2513,,,
summary,2024-05-10,SPY,,,,,,,-0.52,,1,,,,,,,,,,,,0.7316,2024-05-07T15:00:00+00:00,1346,2637
summary,2024-05-10,AAPL,,,,,,,0.00,,0,,,,,,,,,,,,0.7552,2024-05-07T13:47:00+00:00,1107,2494
summary,2024-05-10,MSFT,,,,,,,0.00,,0,,,,,,,,,,,,0.4484,2024-05-08T14:48:00+00:00,1017,2016
summary,2024-05-13,SPY,,,,,,,0.00,,0,,,,,,,,,,,,0.4076,2024-05-10T13:41:00+00:00,467,1153
summary,2024-05-13,QQQ,,,,,,,0.00,,0,,,,,,,,,,,,0.5080,2024-05-10T13:41:00+00:00,541,1128
trade,2024-05-13,AAPL,Long,2024-05-13T14:31:00+00:00,2024-05-13T15:56:00+00:00,185.8507,185.8891,1.61,0.06,0.000206,5100000,SessionClose,window:strong core,,0.4388,0.1534,0.5264,0.3649,0.5572,-0.0250,-0.0134,0.5466,,,
summary,2024-05-13,AAPL,,,,,,,0.06,,1,,,,,,,,,,,,0.5140,2024-05-13T08:24:00+00:00,611,1132
summary,2024-05-13,MSFT,,,,,,,0.00,,0,,,,,,,,,,,,0.8551,2024-05-10T13:37:00+00:00,627,962
summary,2024-05-14,SPY,,,,,,,0.00,,0,,,,,,,,,,,,0.6154,2024-05-13T09:42:00+00:00,544,1276
trade,2024-05-14,MSFT,Long,2024-05-14T14:28:00+00:00,2024-05-14T14:51:00+00:00,415.3823,413.8780,0.72,-1.09,-0.003621,1380000,ScoreExit,window:strong core,,0.4326,-0.0509,0.5494,0.4785,0.3018,-0.5146,-0.0947,0.1913,,,
summary,2024-05-14,MSFT,,,,,,,-1.09,,1,,,,,,,,,,,,0.7454,2024-05-13T09:48:00+00:00,585,1071
summary,2024-05-15,SPY,,,,,,,0.00,,0,,,,,,,,,,,,0.6154,2024-05-13T09:42:00+00:00,1125,2007
trade,2024-05-15,AAPL,Long,2024-05-15T13:50:00+00:00,2024-05-15T15:38:00+00:00,188.2264,189.6181,1.59,2.22,0.007393,6480000,ScoreExit,window:candle reversal,shooting_star,0.3309,-0.0525,0.2996,0.3338,0.3355,-0.5401,-0.1981,0.4013,,,
summary,2024-05-15,AAPL,,,,,,,2.22,,1,,,,,,,,,,,,0.8113,2024-05-13T09:33:00+00:00,1586,2046
summary,2024-05-15,MSFT,,,,,,,0.00,,0,,,,,,,,,,,,0.7454,2024-05-13T09:48:00+00:00,1060,1638
trade,2024-05-16,SPY,Long,2024-05-16T14:46:00+00:00,2024-05-16T15:56:00+00:00,531.0943,530.8257,0.57,-0.15,-0.000506,4200000,SessionClose,window:candle reversal,shooting_star,0.3582,0.0885,0.5361,0.2997,0.4158,0.4730,-0.1280,0.3933,,,
summary,2024-05-16,SPY,,,,,,,-0.15,,1,,,,,,,,,,,,0.4046,2024-05-15T12:32:00+00:00,1591,2594
trade,2024-05-16,QQQ,Long,2024-05-16T14:56:00+00:00,2024-05-16T15:56:00+00:00,454.2912,454.1587,0.66,-0.09,-0.000292,3600000,SessionClose,window:strong core,,0.3752,0.0911,0.4857,0.3585,0.3719,0.4077,-0.0930,0.3537,,,
summary,2024-05-16,QQQ,,,,,,,-0.09,,1,,,,,,,,,,,,0.4191,2024-05-15T12:31:00+00:00,1909,2763
summary,2024-05-16,AAPL,,,,,,,0.00,,0,,,,,,,,,,,,0.9537,2024-05-13T14:49:00+00:00,1868,2505
summary,2024-05-16,MSFT,,,,,,,0.00,,0,,,,,,,,,,,,0.5465,2024-05-13T16:31:00+00:00,1386,2089
summary,2024-05-17,SPY,,,,,,,0.00,,0,,,,,,,,,,,,0.4732,2024-05-14T18:41:00+00:00,1912,2680
summary,2024-05-17,QQQ,,,,,,,0.00,,0,,,,,,,,,,,,0.6583,2024-05-14T14:30:00+00:00,2141,2828
summary,2024-05-17,AAPL,,,,,,,0.00,,0,,,,,,,,,,,,0.4865,2024-05-15T14:20:00+00:00,1507,2350
summary,2024-05-17,MSFT,,,,,,,0.00,,0,,,,,,,,,,,,0.8925,2024-05-14T14:25:00+00:00,1430,2060
trade,2024-05-20,SPY,Long,2024-05-20T13:52:00+00:00,2024-05-20T15:41:00+00:00,531.0544,531.1155,0.57,0.03,0.000115,6540000,ScoreExit,window:strong core,three_outside_up,0.3721,-0.0776,0.5637,0.3706,0.3112,-0.4645,-0.2135,0.3233,,,
summary,2024-05-20,SPY,,,,,,,0.03,,1,,,,,,,,,,,,0.5539,2024-05-17T14:46:00+00:00,615,1108
trade,2024-05-20,QQQ,Long,2024-05-20T13:36:00+00:00,2024-05-20T15:41:00+00:00,453.3610,454.4575,0.66,0.73,0.002419,7500000,MaxHoldTimeout,window:strong core,,0.3686,-0.0360,0.5747,0.3522,0.3327,-0.4350,-0.1961,0.4173,,,
summary,2024-05-20,QQQ,,,,,,,0.73,,1,,,,,,,,,,,,0.6234,2024-05-17T14:49:00+00:00,575,1099
trade,2024-05-20,AAPL,Long,2024-05-20T13:53:00+00:00,2024-05-20T15:30:00+00:00,190.4021,191.1126,1.58,1.12,0.003732,5820000,ScoreExit,window:strong core,hammer,0.3976,-0.0546,0.5353,0.4174,0.3120,-0.5487,-0.2587,0.5184,,,
summary,2024-05-20,AAPL,,,,,,,1.12,,1,,,,,,,,,,,,0.8585,2024-05-17T13:41:00+00:00,527,1088
trade,2024-05-20,MSFT,Long,2024-05-20T13:32:00+00:00,2024-05-20T14:53:00+00:00,421.5114,424.3926,0.71,2.05,0.006835,4860000,ScoreExit,window:strong core,evening_star,0.4231,-0.0500,0.5795,0.3689,0.4792,-0.5668,-0.2331,0.4885,,,
summary,2024-05-20,MSFT,,,,,,,2.05,,1,,,,,,,,,,,,0.6180,2024-05-20T13:50:00+00:00,445,913
summary,2024-05-21,SPY,,,,,,,0.00,,0,,,,,,,,,,,,0.3795,2024-05-20T13:56:00+00:00,553,1262
summary,2024-05-21,QQQ,,,,,,,0.00,,0,,,,,,,,,,,,0.4926,2024-05-20T09:39:00+00:00,793,1335
trade,2024-05-21,AAPL,Long,2024-05-21T13:56:00+00:00,2024-05-21T15:42:00+00:00,191.9926,192.0075,1.56,0.02,0.000078,6360000,ScoreExit,window:strong core,hammer,0.4016,-0.0510,0.4864,0.3736,0.4294,-0.5531,-0.1863,0.3870,,,
summary,2024-05-21,AAPL,,,,,,,0.02,,1,,,,,,,,,,,,0.6476,2024-05-20T14:00:00+00:00,895,1244
trade,2024-05-21,MSFT,Long,2024-05-21T13:37:00+00:00,2024-05-21T13:47:00+00:00,427.4732,425.3174,0.70,-1.51,-0.005043,600000,ScoreExit,window:strong core,bearish_engulfing,0.3907,-0.0515,0.5438,0.3562,0.4087,-0.5706,-0.1219,0.2623,,,
trade,2024-05-21,MSFT,Long,2024-05-21T14:11:00+00:00,2024-05-21T15:56:00+00:00,427.4432,431.9550,0.70,3.17,0.010555,6300000,SessionClose,window:strong core,hammer,0.3837,0.3207,-0.1898,0.4203,0.5018,-0.0401,0.2263,0.6298,,,
summary,2024-05-21,MSFT,,,,,,,1.65,,2,,,,,,,,,,,,0.7508,2024-05-20T13:50:00+00:00,760,1047
summary,2024-05-22,SPY,,,,,,,0.00,,0,,,,,,,,,,,,0.3795,2024-05-20T13:56:00+00:00,909,1964
summary,2024-05-22,QQQ,,,,,,,0.00,,0,,,,,,,,,,,,0.4926,2024-05-20T09:39:00+00:00,1226,2107
summary,2024-05-22,AAPL,,,,,,,0.00,,0,,,,,,,,,,,,0.6476,2024-05-20T14:00:00+00:00,1095,1886
trade,2024-05-22,MSFT,Long,2024-05-22T13:31:00+00:00,2024-05-22T14:55:00+00:00,431.1343,431.2852,0.70,0.11,0.000350,5040000,ScoreExit,window:strong core,three_outside_up,0.3960,-0.0643,0.5152,0.4236,0.3009,-0.4897,-0.1632,0.2753,,,
summary,2024-05-22,MSFT,,,,,,,0.11,,1,,,,,,,,,,,,0.7508,2024-05-20T13:50:00+00:00,1092,1590
summary,2024-05-23,SPY,,,,,,,0.00,,0,,,,,,,,,,,,0.7336,2024-05-20T14:49:00+00:00,1233,2564
summary,2024-05-23,QQQ,,,,,,,0.00,,0,,,,,,,,,,,,0.7975,2024-05-20T14:49:00+00:00,1610,2741
summary,2024-05-23,AAPL,,,,,,,0.00,,0,,,,,,,,,,,,0.8935,2024-05-20T13:58:00+00:00,1056,2437
summary,2024-05-23,MSFT,,,,,,,0.00,,0,,,,,,,,,,,,0.9965,2024-05-20T13:38:00+00:00,1417,2222
summary,2024-05-24,SPY,,,,,,,0.00,,0,,,,,,,,,,,,0.7406,2024-05-21T14:42:00+00:00,1325,2617
summary,2024-05-24,QQQ,,,,,,,0.00,,0,,,,,,,,,,,,0.7720,2024-05-21T15:03:00+00:00,1587,2826
summary,2024-05-24,AAPL,,,,,,,0.00,,0,,,,,,,,,,,,0.7192,2024-05-21T14:00:00+00:00,716,2496
summary,2024-05-24,MSFT,,,,,,,0.00,,0,,,,,,,,,,,,0.9136,2024-05-21T14:41:00+00:00,1140,2184
summary,2024-05-27,QQQ,,,,,,,0.00,,0,,,,,,,,,,,,0.9396,2024-05-24T15:04:00+00:00,367,494
summary,2024-05-27,AAPL,,,,,,,0.00,,0,,,,,,,,,,,,0.9560,2024-05-24T15:04:00+00:00,430,498
summary,2024-05-27,MSFT,,,,,,,0.00,,0,,,,,,,,,,,,0.9577,2024-05-24T15:04:00+00:00,415,450
summary,2024-05-28,SPY,,,,,,,0.00,,0,,,,,,,,,,,,0.4161,2024-05-28T09:53:00+00:00,253,595
summary,2024-05-28,QQQ,,,,,,,0.00,,0,,,,,,,,,,,,0.5262,2024-05-28T09:24:00+00:00,308,653
summary,2024-05-28,AAPL,,,,,,,0.00,,0,,,,,,,,,,,,0.9560,2024-05-28T09:34:00+00:00,164,679
summary,2024-05-28,MSFT,,,,,,,0.00,,0,,,,,,,,,,,,0.3977,2024-05-28T12:05:00+00:00,272,526
summary,2024-05-29,SPY,,,,,,,0.00,,0,,,,,,,,,,,,0.4161,2024-05-28T09:53:00+00:00,437,1374
trade,2024-05-29,AAPL,Long,2024-05-29T13:37:00+00:00,2024-05-29T15:06:00+00:00,190.9023,191.8305,1.57,1.46,0.004863,5340000,ScoreExit,window:strong core,bearish_engulfing,0.3964,-0.0719,0.5677,0.4054,0.3212,-0.5402,-0.2385,0.4175,,,
summary,2024-05-29,AAPL,,,,,,,1.46,,1,,,,,,,,,,,,0.9560,2024-05-28T09:34:00+00:00,447,1411
trade,2024-05-29,MSFT,Long,2024-05-29T13:51:00+00:00,2024-05-29T15:06:00+00:00,430.2940,429.4461,0.70,-0.59,-0.001971,4500000,ScoreExit,window:strong core,hammer,0.4373,-0.0895,0.6165,0.4729,0.3062,-0.2216,-0.2498,0.2751,,,
summary,2024-05-29,MSFT,,,,,,,-0.59,,1,,,,,,,,,,,,0.4373,2024-05-29T13:50:00+00:00,586,1059
summary,2024-05-30,SPY,,,,,,,0.00,,0,,,,,,,,,,,,0.4161,2024-05-28T09:53:00+00:00,471,2199
summary,2024-05-30,QQQ,,,,,,,0.00,,0,,,,,,,,,,,,0.5262,2024-05-28T09:24:00+00:00,635,2321
summary,2024-05-30,AAPL,,,,,,,0.00,,0,,,,,,,,,,,,0.9560,2024-05-28T09:34:00+00:00,691,2122
summary,2024-05-30,MSFT,,,,,,,0.00,,0,,,,,,,,,,,,0.4373,2024-05-29T13:50:00+00:00,586,1710
summary,2024-05-31,SPY,,,,,,,0.00,,0,,,,,,,,,,,,0.5326,2024-05-31T20:00:00+00:00,471,2800
summary,2024-05-31,QQQ,,,,,,,0.00,,0,,,,,,,,,,,,0.7131,2024-05-28T14:58:00+00:00,640,2918
summary,2024-05-31,AAPL,,,,,,,0.00,,0,,,,,,,,,,,,0.9929,2024-05-28T13:38:00+00:00,969,2556
summary,2024-05-31,MSFT,,,,,,,0.00,,0,,,,,,,,,,,,0.8201,2024-05-28T13:40:00+00:00,583,2242
summary,2024-06-03,SPY,,,,,,,0.00,,0,,,,,,,,,,,,0.7389,2024-05-31T20:00:00+00:00,791,1230
trade,2024-06-03,QQQ,Long,2024-06-03T13:41:00+00:00,2024-06-03T13:51:00+00:00,455.1315,454.4786,0.66,-0.43,-0.001434,600000,ScoreExit,window:candle reversal,shooting_star,0.3643,-0.0549,0.5477,0.2931,0.4456,-0.5682,-0.2195,0.4456,,,
summary,2024-06-03,QQQ,,,,,,,-0.43,,1,,,,,,,,,,,,0.7361,2024-05-31T20:00:00+00:00,745,1219
trade,2024-06-03,AAPL,Long,2024-06-03T13:41:00+00:00,2024-06-03T14:58:00+00:00,193.5066,193.9868,1.55,0.74,0.002481,4620000,ScoreExit,window:strong core,hammer,0.4401,-0.0523,0.3570,0.4062,0.5355,-0.5557,-0.2504,0.5118,,,
summary,2024-06-03,AAPL,,,,,,,0.74,,1,,,,,,,,,,,,0.6510,2024-05-31T13:41:00+00:00,689,1133
summary,2024-06-04,SPY,,,,,,,0.00,,0,,,,,,,,,,,,0.4287,2024-06-04T18:29:00+00:00,709,1441
summary,2024-06-04,AAPL,,,,,,,0.00,,0,,,,,,,,,,,,0.6259,2024-06-03T13:47:00+00:00,725,1302
summary,2024-06-04,MSFT,,,,,,,0.00,,0,,,,,,,,,,,,0.4590,2024-06-04T12:03:00+00:00,558,1110
summary,2024-06-05,SPY,,,,,,,0.00,,0,,,,,,,,,,,,0.4287,2024-06-04T18:29:00+00:00,1361,2215
trade,2024-06-05,QQQ,Long,2024-06-05T14:31:00+00:00,2024-06-05T15:56:00+00:00,459.4528,460.7367,0.65,0.84,0.002795,5100000,SessionClose,window:strong core,,0.4353,0.0488,0.5617,0.4168,0.4303,-0.3386,-0.0818,0.4389,,,
summary,2024-06-05,QQQ,,,,,,,0.84,,1,,,,,,,,,,,,0.4713,2024-06-04T18:29:00+00:00,1537,2320
summary,2024-06-05,AAPL,,,,,,,0.00,,0,,,,,,,,,,,,0.6259,2024-06-03T13:47:00+00:00,1308,2003
trade,2024-06-05,MSFT,Long,2024-06-05T14:31:00+00:00,2024-06-05T15:56:00+00:00,418.6504,420.6988,0.72,1.47,0.004893,5100000,SessionClose,window:strong core,,0.3974,0.0958,0.5564,0.3798,0.3797,-0.3040,0.0070,0.4066,,,
summary,2024-06-05,MSFT,,,,,,,1.47,,1,,,,,,,,,,,,0.4590,2024-06-04T12:03:00+00:00,1066,1692
summary,2024-06-06,SPY,,,,,,,0.00,,0,,,,,,,,,,,,0.4704,2024-06-03T20:21:00+00:00,1619,2704
summary,2024-06-06,QQQ,,,,,,,0.00,,0,,,,,,,,,,,,0.5068,2024-06-03T20:19:00+00:00,1952,2882
summary,2024-06-06,AAPL,,,,,,,0.00,,0,,,,,,,,,,,,0.8924,2024-06-03T14:18:00+00:00,1699,2536
trade,2024-06-06,MSFT,Long,2024-06-06T13:33:00+00:00,2024-06-06T13:57:00+00:00,424.1122,423.5979,0.71,-0.36,-0.001213,1440000,ScoreExit,window:strong core,hammer,0.3772,-0.0636,0.3835,0.3861,0.3572,-0.5617,-0.1909,0.3572,,,
summary,2024-06-06,MSFT,,,,,,,-0.36,,1,,,,,,,,,,,,0.5510,2024-06-03T23:09:00+00:00,1370,2120
summary,2024-06-07,SPY,,,,,,,0.00,,0,,,,,,,,,,,,0.5889,2024-06-04T18:29:00+00:00,1934,2635
summary,2024-06-07,QQQ,,,,,,,0.00,,0,,,,,,,,,,,,0.6341,2024-06-04T18:29:00+00:00,2222,2827
summary,2024-06-07,AAPL,,,,,,,0.00,,0,,,,,,,,,,,,0.6348,2024-06-04T14:44:00+00:00,1604,2527
trade,2024-06-07,MSFT,Long,2024-06-07T13:30:00+00:00,2024-06-07T14:01:00+00:00,426.3329,424.8275,0.70,-1.06,-0.003531,1860000,ScoreExit,window:strong core,bullish_engulfing,0.3601,-0.0679,0.5698,0.3537,0.3030,-0.3329,-0.2121,0.3089,,,
summary,2024-06-07,MSFT,,,,,,,-1.06,,1,,,,,,,,,,,,0.9050,2024-06-04T14:40:00+00:00,1678,2087
summary,2024-06-10,SPY,,,,,,,0.00,,0,,,,,,,,,,,,0.8901,2024-06-07T14:48:00+00:00,477,1129
summary,2024-06-10,AAPL,,,,,,,0.00,,0,,,,,,,,,,,,0.9402,2024-06-07T14:48:00+00:00,744,1217
summary,2024-06-11,SPY,,,,,,,0.00,,0,,,,,,,,,,,,0.4155,2024-06-10T17:49:00+00:00,846,1313
trade,2024-06-11,QQQ,Long,2024-06-11T14:42:00+00:00,2024-06-11T15:41:00+00:00,464.7744,464.5556,0.65,-0.14,-0.000471,3540000,ScoreExit,window:strong core,three_outside_up,0.3792,-0.1185,0.5412,0.3891,0.3054,-0.5609,-0.2199,0.2317,,,
summary,2024-06-11,QQQ,,,,,,,-0.14,,1,,,,,,,,,,,,0.4904,2024-06-10T15:09:00+00:00,920,1394
summary,2024-06-11,AAPL,,,,,,,0.00,,0,,,,,,,,,,,,0.8308,2024-06-11T13:59:00+00:00,585,1509
trade,2024-06-11,MSFT,Long,2024-06-11T14:40:00+00:00,2024-06-11T15:56:00+00:00,427.6733,428.3764,0.70,0.49,0.001644,4560000,SessionClose,window:strong core,hammer,0.3700,0.0914,0.5134,0.3808,0.3007,0.0306,-0.0432,0.3810,,,
summary,2024-06-11,MSFT,,,,,,,0.49,,1,,,,,,,,,,,,0.6627,2024-06-10T12:09:00+00:00,678,992
summary,2024-06-12,SPY,,,,,,,0.00,,0,,,,,,,,,,,,0.4860,2024-06-12T12:52:00+00:00,1397,2030
summary,2024-06-12,QQQ,,,,,,,0.00,,0,,,,,,,,,,,,0.5053,2024-06-12T12:31:00+00:00,1578,2183
summary,2024-06-12,AAPL,,,,,,,0.00,,0,,,,,,,,,,,,0.8308,2024-06-11T13:59:00+00:00,1315,2418
trade,2024-06-12,MSFT,Long,2024-06-12T13:51:00+00:00,2024-06-12T15:56:00+00:00,438.4365,439.0733,0.68,0.44,0.001453,7500000,MaxHoldTimeout,window:strong core,three_outside_up,0.4400,0.1448,0.6122,0.3828,0.4970,0.1595,-0.0414,0.5124,,,
summary,2024-06-12,MSFT,,,,,,,0.44,,1,,,,,,,,,,,,0.6627,2024-06-10T12:09:00+00:00,1267,1646
summary,2024-06-13,SPY,,,,,,,0.00,,0,,,,,,,,,,,,0.6891,2024-06-10T14:52:00+00:00,1834,2638
summary,2024-06-13,QQQ,,,,,,,0.00,,0,,,,,,,,,,,,0.8342,2024-06-10T15:00:00+00:00,2170,2796
summary,2024-06-13,AAPL,,,,,,,0.00,,0,,,,,,,,,,,,0.8508,2024-06-11T14:00:00+00:00,1926,3077
trade,2024-06-13,MSFT,Long,2024-06-13T13:46:00+00:00,2024-06-13T15:47:00+00:00,442.1276,442.7421,0.68,0.42,0.001390,7260000,MaxHoldTimeout,window:strong core,three_outside_up,0.4579,0.0219,0.5896,0.4791,0.3715,-0.1215,-0.1297,0.3729,,,
summary,2024-06-13,MSFT,,,,,,,0.42,,1,,,,,,,,,,,,0.9059,2024-06-10T13:50:00+00:00,1723,2250
summary,2024-06-14,SPY,,,,,,,0.00,,0,,,,,,,,,,,,0.8104,2024-06-11T14:59:00+00:00,1934,2689
trade,2024-06-14,QQQ,Long,2024-06-14T13:51:00+00:00,2024-06-14T14:36:00+00:00,477.8483,476.9409,0.63,-0.57,-0.001899,2700000,ScoreExit,window:candle reversal,shooting_star,0.3501,-0.1421,0.5352,0.3781,0.2323,-0.5436,-0.2524,0.2122,,,
summary,2024-06-14,QQQ,,,,,,,-0.57,,1,,,,,,,,,,,,0.8674,2024-06-11T14:59:00+00:00,2355,2886
summary,2024-06-14,AAPL,,,,,,,0.00,,0,,,,,,,,,,,,1.0000,2024-06-11T13:33:00+00:00,2427,3056
summary,2024-06-14,MSFT,,,,,,,0.00,,0,,,,,,,,,,,,0.8706,2024-06-11T14:53:00+00:00,1875,2348
summary,2024-06-17,SPY,,,,,,,0.00,,0,,,,,,,,,,,,0.4118,2024-06-17T16:29:00+00:00,829,1122
summary,2024-06-17,QQQ,,,,,,,0.00,,0,,,,,,,,,,,,0.4711,2024-06-17T17:35:00+00:00,981,1210
trade,2024-06-17,AAPL,Long,2024-06-17T14:01:00+00:00,2024-06-17T15:56:00+00:00,214.0192,216.1501,1.40,2.99,0.009957,6900000,SessionClose,window:strong core,hammer,0.4718,0.0325,0.3339,0.4008,0.6598,-0.5592,-0.1592,0.6132,,,
summary,2024-06-17,AAPL,,,,,,,2.99,,1,,,,,,,,,,,,0.6677,2024-06-14T13:33:00+00:00,615,1234
summary,2024-06-17,MSFT,,,,,,,0.00,,0,,,,,,,,,,,,0.9561,2024-06-14T14:59:00+00:00,779,942
trade,2024-06-18,SPY,Long,2024-06-18T13:39:00+00:00,2024-06-18T14:21:00+00:00,548.0694,547.2905,0.55,-0.43,-0.001421,2520000,ScoreExit,window:candle reversal,shooting_star,0.3086,-0.1107,0.3885,0.2899,0.3194,-0.5218,-0.2277,0.2604,,,
summary,2024-06-18,SPY,,,,,,,-0.43,,1,,,,,,,,,,,,0.5560,2024-06-17T18:07:00+00:00,900,1300
summary,2024-06-18,QQQ,,,,,,,0.00,,0,,,,,,,,,,,,0.6046,2024-06-17T16:46:00+00:00,944,1468
summary,2024-06-18,AAPL,,,,,,,0.00,,0,,,,,,,,,,,,0.7606,2024-06-17T08:18:00+00:00,789,1471
summary,2024-06-18,MSFT,,,,,,,0.00,,0,,,,,,,,,,,,0.6314,2024-06-17T15:24:00+00:00,666,1067
summary,2024-06-19,SPY,,,,,,,0.00,,0,,,,,,,,,,,,0.5560,2024-06-17T18:07:00+00:00,1032,1455
summary,2024-06-19,QQQ,,,,,,,0.00,,0,,,,,,,,,,,,0.6046,2024-06-17T16:46:00+00:00,1058,1612
summary,2024-06-19,AAPL,,,,,,,0.00,,0,,,,,,,,,,,,0.7606,2024-06-17T08:18:00+00:00,789,1666
summary,2024-06-19,MSFT,,,,,,,0.00,,0,,,,,,,,,,,,0.6314,2024-06-17T15:24:00+00:00,712,1164
summary,2024-06-20,SPY,,,,,,,0.00,,0,,,,,,,,,,,,0.7562,2024-06-17T15:04:00+00:00,1351,1859
summary,2024-06-20,QQQ,,,,,,,0.00,,0,,,,,,,,,,,,0.7438,2024-06-17T15:04:00+00:00,1286,2010
summary,2024-06-20,AAPL,,,,,,,0.00,,0,,,,,,,,,,,,0.9599,2024-06-17T14:57:00+00:00,741,2009
summary,2024-06-20,MSFT,,,,,,,0.00,,0,,,,,,,,,,,,0.6800,2024-06-17T13:31:00+00:00,769,1598
summary,2024-06-21,SPY,,,,,,,0.00,,0,,,,,,,,,,,,0.3891,2024-06-20T08:01:00+00:00,749,1929
summary,2024-06-21,QQQ,,,,,,,0.00,,0,,,,,,,,,,,,0.4570,2024-06-20T08:06:00+00:00,650,2062
trade,2024-06-21,MSFT,Long,2024-06-21T13:31:00+00:00,2024-06-21T13:51:00+00:00,447.6893,446.9409,0.67,-0.50,-0.001672,1200000,ScoreExit,window:5m thrust,three_outside_up,0.4092,-0.0566,0.3363,0.5196,0.2127,-0.5242,-0.1041,0.1942,,,
summary,2024-06-21,MSFT,,,,,,,-0.50,,1,,,,,,,,,,,,0.4544,2024-06-21T13:32:00+00:00,725,1608
trade,2024-06-24,SPY,Long,2024-06-24T14:08:00+00:00,2024-06-24T14:45:00+00:00,546.5689,545.2214,0.55,-0.74,-0.002465,2220000,ScoreExit,window:strong core,,0.4237,-0.0527,0.5464,0.4615,0.3072,-0.5259,-0.0896,0.1790,,,
summary,2024-06-24,SPY,,,,,,,-0.74,,1,,,,,,,,,,,,0.5887,2024-06-21T15:02:00+00:00,610,1161
summary,2024-06-24,QQQ,,,,,,,0.00,,0,,,,,,,,,,,,0.5863,2024-06-21T15:02:00+00:00,281,1198
trade,2024-06-24,AAPL,Long,2024-06-24T14:02:00+00:00,2024-06-24T15:56:00+00:00,208.9277,211.9764,1.44,4.38,0.014592,6840000,SessionClose,window:candle reversal,shooting_star,0.3575,0.1646,0.5000,0.3291,0.3670,0.0945,-0.0577,0.6326,,,
summary,2024-06-24,AAPL,,,,,,,4.38,,1,,,,,,,,,,,,1.0000,2024-06-21T13:32:00+00:00,333,1261
trade,2024-06-24,MSFT,Long,2024-06-24T14:02:00+00:00,2024-06-24T14:41:00+00:00,451.2303,449.1302,0.67,-1.40,-0.004654,2340000,ScoreExit,window:strong core,,0.4408,-0.1478,0.5979,0.4506,0.3690,-0.5698,-0.1902,0.0778,,,
summary,2024-06-24,MSFT,,,,,,,-1.40,,1,,,,,,,,,,,,1.0000,2024-06-21T13:34:00+00:00,598,987
summary,2024-06-25,SPY,,,,,,,0.00,,0,,,,,,,,,,,,0.5469,2024-06-24T14:09:00+00:00,573,1363
summary,2024-06-25,QQQ,,,,,,,0.00,,0,,,,,,,,,,,,0.4721,2024-06-24T14:09:00+00:00,538,1506
summary,2024-06-25,AAPL,,,,,,,0.00,,0,,,,,,,,,,,,0.6820,2024-06-24T15:03:00+00:00,752,1442
trade,2024-06-25,MSFT,Long,2024-06-25T14:32:00+00:00,2024-06-25T15:06:00+00:00,449.8374,448.6254,0.67,-0.81,-0.002694,2040000,ScoreExit,window:strong core,bullish_engulfing,0.3833,-0.0605,0.5642,0.3898,0.3098,-0.5151,-0.1507,0.2715,,,
summary,2024-06-25,MSFT,,,,,,,-0.81,,1,,,,,,,,,,,,0.7631,2024-06-24T10:20:00+00:00,476,1084
summary,2024-06-26,SPY,,,,,,,0.00,,0,,,,,,,,,,,,0.5469,2024-06-24T14:09:00+00:00,875,2127
trade,2024-06-26,QQQ,Long,2024-06-26T13:54:00+00:00,2024-06-26T15:00:00+00:00,480.1490,479.5111,0.62,-0.40,-0.001329,3960000,ScoreExit,window:candle reversal,shooting_star,0.3101,-0.0735,0.4123,0.3360,0.2241,-0.5438,-0.1411,0.2185,,,
summary,2024-06-26,QQQ,,,,,,,-0.40,,1,,,,,,,,,,,,0.4721,2024-06-24T14:09:00+00:00,1081,2337
summary,2024-06-26,AAPL,,,,,,,0.00,,0,,,,,,,,,,,,0.6820,2024-06-24T15:03:00+00:00,1200,2209
summary,2024-06-26,MSFT,,,,,,,0.00,,0,,,,,,,,,,,,0.7631,2024-06-24T10:20:00+00:00,847,1635
summary,2024-06-27,SPY,,,,,,,0.00,,0,,,,,,,,,,,,0.6674,2024-06-24T14:09:00+00:00,1188,2646
summary,2024-06-27,QQQ,,,,,,,0.00,,0,,,,,,,,,,,,0.6152,2024-06-24T14:01:00+00:00,1550,2874
trade,2024-06-27,AAPL,Long,2024-06-27T13:31:00+00:00,2024-06-27T13:46:00+00:00,214.8994,214.6606,1.40,-0.33,-0.001112,900000,ScoreExit,window:strong core,,0.3660,-0.0577,0.4820,0.3754,0.3086,-0.3334,-0.1949,0.3086,,,
summary,2024-06-27,AAPL,,,,,,,-0.33,,1,,,,,,,,,,,,0.9598,2024-06-24T15:03:00+00:00,1677,2678
summary,2024-06-27,MSFT,,,,,,,0.00,,0,,,,,,,,,,,,0.9011,2024-06-24T14:03:00+00:00,1105,2031
summary,2024-06-28,SPY,,,,,,,0.00,,0,,,,,,,,,,,,0.3989,2024-06-28T14:12:00+00:00,1506,2646
trade,2024-06-28,QQQ,Long,2024-06-28T13:55:00+00:00,2024-06-28T14:51:00+00:00,483.9701,484.6596,0.62,0.43,0.001424,3360000,ScoreExit,window:candle reversal,shooting_star,0.3004,-0.1374,0.3731,0.2979,0.2810,-0.5527,-0.2708,0.2679,,,
summary,2024-06-28,QQQ,,,,,,,0.43,,1,,,,,,,,,,,,0.5802,2024-06-25T15:03:00+00:00,1886,2825
summary,2024-06-28,AAPL,,,,,,,0.00,,0,,,,,,,,,,,,0.9911,2024-06-25T13:38:00+00:00,1637,2654
summary,2024-06-28,MSFT,,,,,,,0.00,,0,,,,,,,,,,,,0.8814,2024-06-25T14:41:00+00:00,1247,2002
summary,2024-07-01,SPY,,,,,,,0.00,,0,,,,,,,,,,,,0.6462,2024-06-28T14:12:00+00:00,253,1159
summary,2024-07-01,QQQ,,,,,,,0.00,,0,,,,,,,,,,,,0.8989,2024-06-28T14:05:00+00:00,245,1166
trade,2024-07-01,MSFT,Long,2024-07-01T14:19:00+00:00,2024-07-01T15:56:00+00:00,450.2168,452.3493,0.67,1.42,0.004736,5820000,SessionClose,window:candle reversal,bearish_engulfing,0.3525,0.4107,0.5707,0.3675,0.2498,0.2846,0.3533,0.5676,,,
summary,2024-07-01,MSFT,,,,,,,1.42,,1,,,,,,,,,,,,0.8552,2024-06-28T14:08:00+00:00,492,999
trade,2024-07-02,SPY,Long,2024-07-02T13:41:00+00:00,2024-07-02T15:42:00+00:00,545.5986,546.1211,0.55,0.29,0.000958,7260000,MaxHoldTimeout,window:candle reversal,shooting_star,0.3406,0.1277,0.5768,0.3613,0.2203,-0.0093,0.0711,0.2865,,,
summary,2024-07-02,SPY,,,,,,,0.29,,1,,,,,,,,,,,,0.3962,2024-07-02T19:59:00+00:00,779,1367
trade,2024-07-02,QQQ,Long,2024-07-02T13:32:00+00:00,2024-07-02T15:45:00+00:00,481.1793,483.9898,0.62,1.75,0.005841,7980000,MaxHoldTimeout,window:strong core,hammer,0.3888,0.1432,0.5281,0.3989,0.3220,-0.2797,0.0614,0.4478,,,
summary,2024-07-02,QQQ,,,,,,,1.75,,1,,,,,,,,,,,,0.5913,2024-07-01T16:14:00+00:00,1037,1441
trade,2024-07-02,AAPL,Long,2024-07-02T13:36:00+00:00,2024-07-02T15:46:00+00:00,215.9698,219.8390,1.39,5.38,0.017916,7800000,MaxHoldTimeout,window:strong core,bullish_engulfing,0.3741,0.1435,0.0438,0.3840,0.4645,0.1604,-0.0993,0.6234,,,
summary,2024-07-02,AAPL,,,,,,,5.38,,1,,,,,,,,,,,,0.6252,2024-07-01T16:44:00+00:00,1100,1327
trade,2024-07-02,MSFT,Long,2024-07-02T13:51:00+00:00,2024-07-02T15:18:00+00:00,455.7817,456.2016,0.66,0.28,0.000921,5220000,ScoreExit,window:strong core,three_outside_up,0.3551,-0.0851,0.0816,0.3833,0.3899,-0.4831,-0.2482,0.3737,,,
summary,2024-07-02,MSFT,,,,,,,0.28,,1,,,,,,,,,,,,0.7654,2024-07-01T10:46:00+00:00,915,1078
summary,2024-07-03,SPY,,,,,,,0.00,,0,,,,,,,,,,,,0.3962,2024-07-02T19:59:00+00:00,1298,2076
trade,2024-07-03,QQQ,Long,2024-07-03T13:51:00+00:00,2024-07-03T15:56:00+00:00,487.5312,489.8130,0.62,1.40,0.004680,7500000,SessionClose,window:candle reversal,shooting_star,0.3129,0.3733,0.4087,0.3086,0.2895,0.5442,0.3463,0.3704,,,
summary,2024-07-03,QQQ,,,,,,,1.40,,1,,,,,,,,,,,,0.5913,2024-07-01T16:14:00+00:00,1604,2195
summary,2024-07-03,MSFT,,,,,,,0.00,,0,,,,,,,,,,,,0.7654,2024-07-01T10:46:00+00:00,1188,1467
summary,2024-07-04,SPY,,,,,,,0.00,,0,,,,,,,,,,,,0.4134,2024-07-01T16:14:00+00:00,1159,1865
summary,2024-07-04,QQQ,,,,,,,0.00,,0,,,,,,,,,,,,0.6563,2024-07-01T16:14:00+00:00,1548,1966
summary,2024-07-04,AAPL,,,,,,,0.00,,0,,,,,,,,,,,,0.9726,2024-07-01T13:36:00+00:00,1596,1906
summary,2024-07-04,MSFT,,,,,,,0.00,,0,,,,,,,,,,,,0.8988,2024-07-01T14:22:00+00:00,1190,1380
summary,2024-07-05,SPY,,,,,,,0.00,,0,,,,,,,,,,,,0.5843,2024-07-02T14:54:00+00:00,1424,1699
trade,2024-07-05,QQQ,Long,2024-07-05T13:37:00+00:00,2024-07-05T15:56:00+00:00,492.7228,495.3963,0.61,1.63,0.005426,8340000,SessionClose,window:strong core,,0.3849,0.2583,0.4563,0.3705,0.3900,-0.0262,0.2214,0.4268,,,
summary,2024-07-05,QQQ,,,,,,,1.63,,1,,,,,,,,,,,,0.8296,2024-07-02T15:02:00+00:00,1579,1818
trade,2024-07-05,AAPL,Long,2024-07-05T13:31:00+00:00,2024-07-05T15:56:00+00:00,221.9616,225.1198,1.35,4.27,0.014229,8700000,SessionClose,window:strong core,bullish_engulfing,0.4601,0.4195,0.4131,0.3814,0.6333,0.4065,0.3046,0.6537,,,
summary,2024-07-05,AAPL,,,,,,,4.27,,1,,,,,,,,,,,,0.9584,2024-07-02T14:51:00+00:00,1423,1710
trade,2024-07-05,MSFT,Long,2024-07-05T13:36:00+00:00,2024-07-05T15:40:00+00:00,461.9635,465.4153,0.65,2.24,0.007472,7440000,MaxHoldTimeout,window:strong core,three_outside_up,0.4726,0.1306,0.5806,0.4197,0.5424,-0.0458,-0.0468,0.5443,,,
summary,2024-07-05,MSFT,,,,,,,2.24,,1,,,,,,,,,,,,0.9363,2024-07-02T13:46:00+00:00,1041,1272
summary,2024-07-08,SPY,,,,,,,0.00,,0,,,,,,,,,,,,0.5579,2024-07-05T14:44:00+00:00,798,1094
summary,2024-07-08,QQQ,,,,,,,0.00,,0,,,,,,,,,,,,0.8005,2024-07-05T14:48:00+00:00,909,1163
summary,2024-07-08,AAPL,,,,,,,0.00,,0,,,,,,,,,,,,0.8958,2024-07-05T14:01:00+00:00,1066,1170
summary,2024-07-08,MSFT,,,,,,,0.00,,0,,,,,,,,,,,,0.9763,2024-07-05T13:39:00+00:00,682,959
summary,2024-07-09,SPY,,,,,,,0.00,,0,,,,,,,,,,,,0.4813,2024-07-08T09:54:00+00:00,697,1305
trade,2024-07-09,QQQ,Long,2024-07-09T13:31:00+00:00,2024-07-09T14:23:00+00:00,499.1347,499.1052,0.60,-0.02,-0.000059,3120000,ScoreExit,window:strong core,hammer,0.3701,-0.0812,0.4582,0.3570,0.3671,-0.4226,-0.2169,0.3041,,,
summary,2024-07-09,QQQ,,,,,,,-0.02,,1,,,,,,,,,,,,0.5549,2024-07-08T09:28:00+00:00,949,1419
trade,2024-07-09,AAPL,Long,2024-07-09T14:11:00+00:00,2024-07-09T14:36:00+00:00,228.7096,228.0361,1.31,-0.88,-0.002945,1500000,ScoreExit,window:strong core,bullish_engulfing,0.4005,-0.0689,0.5635,0.3591,0.4288,-0.5201,-0.2425,0.4288,,,
summary,2024-07-09,AAPL,,,,,,,-0.88,,1,,,,,,,,,,,,0.6356,2024-07-08T15:09:00+00:00,1068,1364
summary,2024-07-10,SPY,,,,,,,0.00,,0,,,,,,,,,,,,0.4813,2024-07-08T09:54:00+00:00,1225,2008
summary,2024-07-10,QQQ,,,,,,,0.00,,0,,,,,,,,,,,,0.5549,2024-07-08T09:28:00+00:00,1554,2185
trade,2024-07-10,AAPL,Long,2024-07-10T13:31:00+00:00,2024-07-10T14:56:00+00:00,229.4558,230.5058,1.31,1.37,0.004576,5100000,ScoreExit,window:strong core,hammer,0.3767,-0.1156,0.4223,0.3665,0.3820,-0.4042,-0.2780,0.3054,,,
summary,2024-07-10,AAPL,,,,,,,1.37,,1,,,,,,,,,,,,0.6356,2024-07-08T15:09:00+00:00,1708,2109
summary,2024-07-10,MSFT,,,,,,,0.00,,0,,,,,,,,,,,,0.4410,2024-07-10T17:04:00+00:00,408,1586
summary,2024-07-11,SPY,,,,,,,0.00,,0,,,,,,,,,,,,0.4177,2024-07-11T12:32:00+00:00,1498,2578
summary,2024-07-11,QQQ,,,,,,,0.00,,0,,,,,,,,,,,,0.5375,2024-07-08T23:59:00+00:00,1718,2728
summary,2024-07-11,AAPL,,,,,,,0.00,,0,,,,,,,,,,,,0.8652,2024-07-08T15:04:00+00:00,1929,2649
summary,2024-07-11,MSFT,,,,,,,0.00,,0,,,,,,,,,,,,0.5786,2024-07-08T13:51:00+00:00,514,2070
summary,2024-07-12,SPY,,,,,,,0.00,,0,,,,,,,,,,,,0.4154,2024-07-11T12:32:00+00:00,1268,2599
summary,2024-07-12,QQQ,,,,,,,0.00,,0,,,,,,,,,,,,0.4258,2024-07-10T16:43:00+00:00,1185,2841
trade,2024-07-12,AAPL,Long,2024-07-12T13:35:00+00:00,2024-07-12T15:36:00+00:00,230.2541,231.5855,1.30,1.74,0.005783,7260000,MaxHoldTimeout,window:strong core,,0.4475,-0.0304,0.6170,0.4794,0.3271,-0.3906,-0.1472,0.3233,,,
summary,2024-07-12,AAPL,,,,,,,1.74,,1,,,,,,,,,,,,0.8901,2024-07-09T14:18:00+00:00,1462,2698
summary,2024-07-12,MSFT,,,,,,,0.00,,0,,,,,,,,,,,,0.5116,2024-07-10T17:00:00+00:00,574,2154
trade,2024-07-15,SPY,Long,2024-07-15T14:36:00+00:00,2024-07-15T15:32:00+00:00,563.3139,563.4859,0.53,0.09,0.000305,3360000,ScoreExit,window:candle reversal,shooting_star,0.3108,-0.0526,0.5059,0.2474,0.3725,-0.5201,-0.2018,0.4014,,,
summary,2024-07-15,SPY,,,,,,,0.09,,1,,,,,,,,,,,,0.8986,2024-07-12T14:49:00+00:00,723,1146
trade,2024-07-15,QQQ,Long,2024-07-15T14:03:00+00:00,2024-07-15T15:34:00+00:00,497.5542,499.0152,0.60,0.88,0.002936,5460000,ScoreExit,window:strong core,hammer,0.3529,-0.0515,0.5045,0.3522,0.3038,-0.5797,-0.2217,0.4651,,,
summary,2024-07-15,QQQ,,,,,,,0.88,,1,,,,,,,,,,,,0.9578,2024-07-12T14:40:00+00:00,710,1171
summary,2024-07-15,AAPL,,,,,,,0.00,,0,,,,,,,,,,,,0.9566,2024-07-12T14:55:00+00:00,858,1214
trade,2024-07-15,MSFT,Long,2024-07-15T13:34:00+00:00,2024-07-15T14:18:00+00:00,455.0254,453.9088,0.66,-0.74,-0.002454,2640000,ScoreExit,window:strong core,three_outside_up,0.3937,-0.0610,0.5770,0.3984,0.3230,-0.5593,-0.1250,0.2331,,,
trade,2024-07-15,MSFT,Long,2024-07-15T14:46:00+00:00,2024-07-15T15:31:00+00:00,455.5966,455.3184,0.66,-0.18,-0.000611,2700000,ScoreExit,window:strong core,shooting_star,0.4025,-0.0510,0.5524,0.3643,0.4291,-0.5278,-0.2023,0.4105,,,
summary,2024-07-15,MSFT,,,,,,,-0.92,,2,,,,,,,,,,,,0.8997,2024-07-12T14:44:00+00:00,601,982
summary,2024-07-16,SPY,,,,,,,0.00,,0,,,,,,,,,,,,0.7021,2024-07-15T09:25:00+00:00,758,1344
summary,2024-07-16,QQQ,,,,,,,0.00,,0,,,,,,,,,,,,0.6127,2024-07-15T15:14:00+00:00,625,1440
summary,2024-07-16,MSFT,,,,,,,0.00,,0,,,,,,,,,,,,0.6954,2024-07-15T12:04:00+00:00,233,1033
summary,2024-07-17,SPY,,,,,,,0.00,,0,,,,,,,,,,,,0.7021,2024-07-15T09:25:00+00:00,865,2155
summary,2024-07-17,QQQ,,,,,,,0.00,,0,,,,,,,,,,,,0.6127,2024-07-15T15:14:00+00:00,685,2291
summary,2024-07-17,AAPL,,,,,,,0.00,,0,,,,,,,,,,,,0.9587,2024-07-15T09:17:00+00:00,879,2261
summary,2024-07-17,MSFT,,,,,,,0.00,,0,,,,,,,,,,,,0.6954,2024-07-15T12:04:00+00:00,233,1670
summary,2024-07-18,SPY,,,,,,,0.00,,0,,,,,,,,,,,,0.8198,2024-07-15T15:04:00+00:00,708,2757
summary,2024-07-18,QQQ,,,,,,,0.00,,0,,,,,,,,,,,,0.9099,2024-07-15T15:01:00+00:00,504,2964
summary,2024-07-18,AAPL,,,,,,,0.00,,0,,,,,,,,,,,,0.6800,2024-07-15T15:04:00+00:00,559,2747
summary,2024-07-18,MSFT,,,,,,,0.00,,0,,,,,,,,,,,,0.9695,2024-07-15T13:41:00+00:00,201,2152
summary,2024-07-19,SPY,,,,,,,0.00,,0,,,,,,,,,,,,0.5894,2024-07-16T15:04:00+00:00,348,2824
summary,2024-07-19,QQQ,,,,,,,0.00,,0,,,,,,,,,,,,0.4594,2024-07-16T13:39:00+00:00,206,3061
summary,2024-07-19,AAPL,,,,,,,0.00,,0,,,,,,,,,,,,0.6970,2024-07-16T13:34:00+00:00,292,2784
summary,2024-07-19,MSFT,,,,,,,0.00,,0,,,,,,,,,,,,0.4470,2024-07-19T14:09:00+00:00,332,2430
trade,2024-07-22,SPY,Long,2024-07-22T13:46:00+00:00,2024-07-22T14:00:00+00:00,554.0011,552.4992,0.54,-0.81,-0.002711,840000,ScoreExit,window:strong core,bullish_engulfing,0.4112,-0.0517,0.5168,0.3834,0.4317,-0.5573,-0.1978,0.4090,,,
summary,2024-07-22,SPY,,,,,,,-0.81,,1,,,,,,,,,,,,0.5549,2024-07-19T13:41:00+00:00,574,1177
trade,2024-07-22,QQQ,Long,2024-07-22T13:39:00+00:00,2024-07-22T14:06:00+00:00,481.7822,480.6108,0.62,-0.73,-0.002431,1620000,ScoreExit,window:candle reversal,bearish_engulfing,0.3090,-0.0818,0.5806,0.1635,0.5095,-0.4918,-0.3042,0.4996,,,
summary,2024-07-22,QQQ,,,,,,,-0.73,,1,,,,,,,,,,,,0.8561,2024-07-19T13:40:00+00:00,617,1225
summary,2024-07-22,AAPL,,,,,,,0.00,,0,,,,,,,,,,,,0.9340,2024-07-19T13:39:00+00:00,467,1091
summary,2024-07-22,MSFT,,,,,,,0.00,,0,,,,,,,,,,,,1.0000,2024-07-19T13:33:00+00:00,684,1006
trade,2024-07-23,SPY,Long,2024-07-23T13:49:00+00:00,2024-07-23T14:41:00+00:00,555.7917,555.2234,0.54,-0.31,-0.001023,3120000,ScoreExit,window:strong core,hammer,0.3627,-0.0846,0.4978,0.3611,0.3208,-0.5420,-0.1858,0.2702,,,
summary,2024-07-23,SPY,,,,,,,-0.31,,1,,,,,,,,,,,,0.5445,2024-07-22T09:37:00+00:00,892,1416
trade,2024-07-23,QQQ,Long,2024-07-23T13:38:00+00:00,2024-07-23T14:03:00+00:00,482.3397,481.6105,0.62,-0.45,-0.001512,1500000,ScoreExit,window:strong core,bearish_engulfing,0.3573,-0.0530,0.5434,0.3534,0.3029,-0.5843,-0.0993,0.2167,,,
summary,2024-07-23,QQQ,,,,,,,-0.45,,1,,,,,,,,,,,,0.5743,2024-07-22T13:47:00+00:00,980,1546
summary,2024-07-23,AAPL,,,,,,,0.00,,0,,,,,,,,,,,,0.5932,2024-07-22T10:32:00+00:00,488,1260
summary,2024-07-24,SPY,,,,,,,0.00,,0,,,,,,,,,,,,0.5445,2024-07-22T09:37:00+00:00,905,2278
summary,2024-07-24,QQQ,,,,,,,0.00,,0,,,,,,,,,,,,0.5743,2024-07-22T13:47:00+00:00,1024,2455
summary,2024-07-24,AAPL,,,,,,,0.00,,0,,,,,,,,,,,,0.5932,2024-07-22T10:32:00+00:00,583,2043
summary,2024-07-24,MSFT,,,,,,,0.00,,0,,,,,,,,,,,,0.6469,2024-07-22T13:50:00+00:00,767,1734
summary,2024-07-25,SPY,,,,,,,0.00,,0,,,,,,,,,,,,0.7905,2024-07-22T14:44:00+00:00,990,2920
trade,2024-07-25,QQQ,Long,2024-07-25T14:56:00+00:00,2024-07-25T15:42:00+00:00,462.8738,462.4962,0.65,-0.24,-0.000816,2760000,ScoreExit,window:5m thrust,,0.3718,-0.0914,0.0415,0.5810,0.0637,-0.5547,-0.0998,0.0797,,,
summary,2024-07-25,QQQ,,,,,,,-0.24,,1,,,,,,,,,,,,0.7878,2024-07-22T14:40:00+00:00,945,3101
trade,2024-07-25,AAPL,Long,2024-07-25T14:56:00+00:00,2024-07-25T15:56:00+00:00,218.0604,218.7693,1.38,0.98,0.003251,3600000,SessionClose,window:5m thrust,,0.3620,0.2062,0.3601,0.5198,0.0472,0.0792,0.2771,0.1069,,,
summary,2024-07-25,AAPL,,,,,,,0.98,,1,,,,,,,,,,,,0.7292,2024-07-22T14:15:00+00:00,600,2708
summary,2024-07-25,MSFT,,,,,,,0.00,,0,,,,,,,,,,,,0.9180,2024-07-22T14:40:00+00:00,681,2290
summary,2024-07-26,SPY,,,,,,,0.00,,0,,,,,,,,,,,,0.3981,2024-07-25T16:22:00+00:00,502,2982
summary,2024-07-26,QQQ,,,,,,,0.00,,0,,,,,,,,,,,,0.5192,2024-07-23T15:18:00+00:00,408,3139
summary,2024-07-26,AAPL,,,,,,,0.00,,0,,,,,,,,,,,,0.8431,2024-07-23T14:22:00+00:00,546,2752
summary,2024-07-26,MSFT,,,,,,,0.00,,0,,,,,,,,,,,,0.9454,2024-07-23T13:44:00+00:00,315,2442
summary,2024-07-29,SPY,,,,,,,0.00,,0,,,,,,,,,,,,0.6817,2024-07-26T16:09:00+00:00,703,1135
trade,2024-07-29,QQQ,Long,2024-07-29T13:56:00+00:00,2024-07-29T14:11:00+00:00,466.9750,465.9652,0.64,-0.65,-0.002163,900000,ScoreExit,window:strong core,evening_star,0.3932,-0.0934,0.2414,0.3739,0.4824,-0.5589,-0.2576,0.3901,,,
summary,2024-07-29,QQQ,,,,,,,-0.65,,1,,,,,,,,,,,,0.7107,2024-07-26T14:28:00+00:00,762,1192
summary,2024-07-29,MSFT,,,,,,,0.00,,0,,,,,,,,,,,,0.9615,2024-07-26T15:00:00+00:00,802,1009
summary,2024-07-30,SPY,,,,,,,0.00,,0,,,,,,,,,,,,0.7463,2024-07-29T10:07:00+00:00,513,1351
summary,2024-07-30,QQQ,,,,,,,0.00,,0,,,,,,,,,,,,0.5671,2024-07-29T16:19:00+00:00,517,1482
summary,2024-07-30,AAPL,,,,,,,0.00,,0,,,,,,,,,,,,0.7506,2024-07-29T09:41:00+00:00,698,1259
trade,2024-07-31,SPY,Long,2024-07-31T14:21:00+00:00,2024-07-31T15:51:00+00:00,550.6101,550.8797,0.54,0.15,0.000490,5400000,ScoreExit,window:strong core,hammer,0.3600,-0.0756,0.5225,0.3521,0.3216,-0.4811,-0.1924,0.2932,,,
summary,2024-07-31,SPY,,,,,,,0.15,,1,,,,,,,,,,,,0.7463,2024-07-29T10:07:00+00:00,1064,2229
trade,2024-07-31,QQQ,Long,2024-07-31T14:18:00+00:00,2024-07-31T15:56:00+00:00,469.8359,470.1039,0.64,0.17,0.000570,5880000,SessionClose,window:strong core,bullish_engulfing,0.3976,0.0245,0.5009,0.3643,0.4299,-0.3095,-0.1012,0.3871,,,
summary,2024-07-31,QQQ,,,,,,,0.17,,1,,,,,,,,,,,,0.5671,2024-07-29T16:19:00+00:00,1137,2403
summary,2024-07-31,AAPL,,,,,,,0.00,,0,,,,,,,,,,,,0.7506,2024-07-29T09:41:00+00:00,1208,2089
summary,2024-07-31,MSFT,,,,,,,0.00,,0,,,,,,,,,,,,0.6353,2024-07-29T10:35:00+00:00,803,2091
summary,2024-08-01,SPY,,,,,,,0.00,,0,,,,,,,,,,,,0.5377,2024-07-31T08:01:00+00:00,1313,2866
summary,2024-08-01,QQQ,,,,,,,0.00,,0,,,,,,,,,,,,0.7417,2024-07-29T13:45:00+00:00,1371,3040
summary,2024-08-01,AAPL,,,,,,,0.00,,0,,,,,,,,,,,,1.0000,2024-07-29T13:38:00+00:00,1596,2710
trade,2024-08-01,MSFT,Long,2024-08-01T13:41:00+00:00,2024-08-01T14:44:00+00:00,420.4411,424.5476,0.71,2.93,0.009767,3780000,ScoreExit,window:strong core,evening_star,0.5266,-0.0505,0.3947,0.5467,0.5303,-0.3352,-0.2216,0.3865,,,
summary,2024-08-01,MSFT,,,,,,,2.93,,1,,,,,,,,,,,,0.6644,2024-08-01T13:55:00+00:00,1078,2663
summary,2024-08-02,SPY,,,,,,,0.00,,0,,,,,,,,,,,,0.5475,2024-07-31T08:01:00+00:00,1084,3010
summary,2024-08-02,QQQ,,,,,,,0.00,,0,,,,,,,,,,,,0.5849,2024-07-31T08:01:00+00:00,1242,3153
summary,2024-08-02,AAPL,,,,,,,0.00,,0,,,,,,,,,,,,0.9164,2024-07-30T13:41:00+00:00,1468,2943
summary,2024-08-02,MSFT,,,,,,,0.00,,0,,,,,,,,,,,,0.8403,2024-07-31T12:44:00+00:00,960,2728
summary,2024-08-05,SPY,,,,,,,0.00,,0,,,,,,,,,,,,0.6629,2024-08-02T13:40:00+00:00,180,1312
summary,2024-08-05,QQQ,,,,,,,0.00,,0,,,,,,,,,,,,1.0000,2024-08-02T13:39:00+00:00,502,1287
trade,2024-08-05,AAPL,Long,2024-08-05T13:31:00+00:00,2024-08-05T15:32:00+00:00,198.8246,210.8117,0.86,10.27,0.060290,7260000,MaxHoldTimeout,window:5m thrust,hammer,0.5787,0.0737,-0.1109,0.8163,0.3333,-0.5023,0.0399,0.3333,,,
summary,2024-08-05,AAPL,,,,,,,10.27,,1,,,,,,,,,,,,1.0000,2024-08-02T13:31:00+00:00,599,1285
trade,2024-08-06,SPY,Long,2024-08-06T13:51:00+00:00,2024-08-06T15:26:00+00:00,519.8909,523.8078,0.58,2.26,0.007534,5700000,ScoreExit,window:strong core,three_outside_up,0.4244,-0.0829,0.4891,0.4167,0.4184,-0.1910,-0.3990,0.5854,,,
summary,2024-08-06,SPY,,,,,,,2.26,,1,,,,,,,,,,,,0.7837,2024-08-05T14:01:00+00:00,1061,1647
trade,2024-08-06,QQQ,Long,2024-08-06T14:01:00+00:00,2024-08-06T15:56:00+00:00,438.3265,443.3919,0.60,3.05,0.011556,6900000,SessionClose,window:strong core,,0.4603,0.4368,-0.1281,0.4533,0.6705,0.5083,0.2916,0.7034,,,
summary,2024-08-06,QQQ,,,,,,,3.05,,1,,,,,,,,,,,,1.0000,2024-08-05T08:09:00+00:00,1160,1663
trade,2024-08-06,AAPL,Long,2024-08-06T14:50:00+00:00,2024-08-06T15:30:00+00:00,206.7728,206.0532,1.45,-1.05,-0.003480,2400000,ScoreExit,window:5m thrust,bearish_engulfing,0.3967,-0.0712,0.2730,0.5209,0.1894,-0.5707,-0.1169,0.1867,,,
summary,2024-08-06,AAPL,,,,,,,-1.05,,1,,,,,,,,,,,,1.0000,2024-08-05T08:01:00+00:00,1061,1603
trade,2024-08-06,MSFT,Long,2024-08-06T13:31:00+00:00,2024-08-06T15:27:00+00:00,400.9753,402.5642,0.75,1.19,0.003963,6960000,ScoreExit,window:strong core,,0.4800,-0.0538,0.3245,0.4406,0.6105,-0.4782,-0.4050,0.7901,,,
summary,2024-08-06,MSFT,,,,,,,1.19,,1,,,,,,,,,,,,1.0000,2024-08-05T08:08:00+00:00,1033,1388
trade,2024-08-07,SPY,Long,2024-08-07T13:36:00+00:00,2024-08-07T14:18:00+00:00,529.1437,529.5861,0.57,0.25,0.000836,2520000,ScoreExit,window:strong core,,0.3834,-0.0591,0.4964,0.3661,0.3801,-0.5395,-0.1756,0.3340,,,
summary,2024-08-07,SPY,,,,,,,0.25,,1,,,,,,,,,,,,0.7837,2024-08-05T14:01:00+00:00,1488,2571
trade,2024-08-07,QQQ,Long,2024-08-07T13:31:00+00:00,2024-08-07T14:17:00+00:00,447.4392,447.5657,0.67,0.09,0.000283,2760000,ScoreExit,window:strong core,,0.4139,-0.0707,0.5946,0.3718,0.4378,-0.3120,-0.2683,0.4049,,,
summary,2024-08-07,QQQ,,,,,,,0.09,,1,,,,,,,,,,,,1.0000,2024-08-05T08:09:00+00:00,1570,2594
trade,2024-08-07,AAPL,Long,2024-08-07T13:31:00+00:00,2024-08-07T15:41:00+00:00,208.3675,213.1610,1.44,6.91,0.023005,7800000,MaxHoldTimeout,window:strong core,bearish_engulfing,0.4970,-0.0163,0.5511,0.4372,0.5986,-0.2572,-0.2521,0.5357,,,
summary,2024-08-07,AAPL,,,,,,,6.91,,1,,,,,,,,,,,,1.0000,2024-08-05T08:01:00+00:00,1497,2444
summary,2024-08-07,MSFT,,,,,,,0.00,,0,,,,,,,,,,,,1.0000,2024-08-05T08:08:00+00:00,1426,2104
trade,2024-08-08,SPY,Long,2024-08-08T14:01:00+00:00,2024-08-08T15:11:00+00:00,525.5226,527.3867,0.57,1.07,0.003547,4200000,ScoreExit,window:strong core,three_outside_up,0.4192,-0.0794,0.6018,0.3701,0.4566,-0.5571,-0.2444,0.4098,,,
summary,2024-08-08,SPY,,,,,,,1.07,,1,,,,,,,,,,,,1.0000,2024-08-05T13:39:00+00:00,1862,3134
trade,2024-08-08,QQQ,Long,2024-08-08T14:11:00+00:00,2024-08-08T15:16:00+00:00,442.6978,443.8418,0.68,0.78,0.002584,3900000,ScoreExit,window:strong core,hammer,0.4489,-0.0517,0.5441,0.3951,0.5250,-0.2766,-0.2810,0.4819,,,
summary,2024-08-08,QQQ,,,,,,,0.78,,1,,,,,,,,,,,,1.0000,2024-08-05T13:33:00+00:00,1926,3184
trade,2024-08-08,AAPL,Long,2024-08-08T14:46:00+00:00,2024-08-08T15:11:00+00:00,212.3887,211.6215,1.42,-1.09,-0.003612,1500000,ScoreExit,window:strong core,,0.3654,-0.0986,-0.1672,0.4168,0.4399,-0.4900,-0.3105,0.4556,,,
summary,2024-08-08,AAPL,,,,,,,-1.09,,1,,,,,,,,,,,,1.0000,2024-08-05T13:31:00+00:00,1960,2909
trade,2024-08-08,MSFT,Long,2024-08-08T14:26:00+00:00,2024-08-08T15:06:00+00:00,404.7564,403.6039,0.74,-0.85,-0.002847,2400000,ScoreExit,window:strong core,bullish_engulfing,0.4442,-0.0963,0.3414,0.4690,0.4288,-0.4054,-0.2840,0.3822,,,
summary,2024-08-08,MSFT,,,,,,,-0.85,,1,,,,,,,,,,,,1.0000,2024-08-05T13:34:00+00:00,1672,2485
summary,2024-08-09,SPY,,,,,,,0.00,,0,,,,,,,,,,,,0.9590,2024-08-06T14:47:00+00:00,1746,3049
summary,2024-08-09,QQQ,,,,,,,0.00,,0,,,,,,,,,,,,0.9599,2024-08-06T14:47:00+00:00,1825,3170
trade,2024-08-09,AAPL,Long,2024-08-09T13:39:00+00:00,2024-08-09T15:40:00+00:00,213.2071,215.2804,1.41,2.92,0.009724,7260000,MaxHoldTimeout,window:5m thrust,hammer,0.4121,0.1243,0.3174,0.5204,0.2270,-0.1636,0.0343,0.4004,,,
summary,2024-08-09,AAPL,,,,,,,2.92,,1,,,,,,,,,,,,0.9605,2024-08-06T14:47:00+00:00,2098,2816
summary,2024-08-09,MSFT,,,,,,,0.00,,0,,,,,,,,,,,,0.9035,2024-08-06T14:37:00+00:00,1338,2434
trade,2024-08-12,SPY,Long,2024-08-12T14:26:00+00:00,2024-08-12T15:21:00+00:00,534.5953,534.9245,0.56,0.18,0.000616,3300000,ScoreExit,window:candle reversal,shooting_star,0.3405,-0.1259,0.5336,0.2749,0.4075,-0.3517,-0.3683,0.4342,,,
summary,2024-08-12,SPY,,,,,,,0.18,,1,,,,,,,,,,,,0.8757,2024-08-09T15:04:00+00:00,807,1153
trade,2024-08-12,QQQ,Long,2024-08-12T14:21:00+00:00,2024-08-12T15:21:00+00:00,452.3907,453.5989,0.66,0.80,0.002671,3600000,ScoreExit,window:strong core,,0.4315,-0.1414,0.5205,0.3904,0.4839,-0.4169,-0.4057,0.4791,,,
summary,2024-08-12,QQQ,,,,,,,0.80,,1,,,,,,,,,,,,0.8726,2024-08-09T15:04:00+00:00,860,1137
trade,2024-08-12,AAPL,Long,2024-08-12T13:31:00+00:00,2024-08-12T15:21:00+00:00,216.5399,218.7943,1.39,3.12,0.010411,6600000,ScoreExit,window:strong core,shooting_star,0.4029,-0.1032,0.5118,0.3579,0.4566,-0.4485,-0.3781,0.5615,,,
summary,2024-08-12,AAPL,,,,,,,3.12,,1,,,,,,,,,,,,0.9564,2024-08-09T15:03:00+00:00,901,1074
trade,2024-08-12,MSFT,Long,2024-08-12T14:49:00+00:00,2024-08-12T15:21:00+00:00,406.6570,407.3559,0.74,0.52,0.001719,1920000,ScoreExit,window:strong core,shooting_star,0.3621,-0.0863,0.5240,0.3616,0.3092,-0.5327,-0.3065,0.5031,,,
summary,2024-08-12,MSFT,,,,,,,0.52,,1,,,,,,,,,,,,0.7798,2024-08-09T15:04:00+00:00,628,926
summary,2024-08-13,SPY,,,,,,,0.00,,0,,,,,,,,,,,,0.5050,2024-08-12T15:02:00+00:00,895,1372
summary,2024-08-13,QQQ,,,,,,,0.00,,0,,,,,,,,,,,,0.6527,2024-08-12T14:36:00+00:00,944,1420
trade,2024-08-13,AAPL,Long,2024-08-13T13:31:00+00:00,2024-08-13T15:32:00+00:00,219.8709,220.9487,1.37,1.47,0.004902,7260000,MaxHoldTimeout,window:strong core,shooting_star,0.5664,0.1050,0.5783,0.5160,0.6634,-0.4881,-0.0332,0.5792,,,
summary,2024-08-13,AAPL,,,,,,,1.47,,1,,,,,,,,,,,,0.6399,2024-08-12T14:18:00+00:00,862,1276
summary,2024-08-13,MSFT,,,,,,,0.00,,0,,,,,,,,,,,,0.7336,2024-08-12T09:58:00+00:00,694,1108
summary,2024-08-14,SPY,,,,,,,0.00,,0,,,,,,,,,,,,0.5050,2024-08-12T15:02:00+00:00,1516,2148
summary,2024-08-14,QQQ,,,,,,,0.00,,0,,,,,,,,,,,,0.6527,2024-08-12T14:36:00+00:00,1579,2280
summary,2024-08-14,AAPL,,,,,,,0.00,,0,,,,,,,,,,,,0.6399,2024-08-12T14:18:00+00:00,1415,2012
trade,2024-08-14,MSFT,Long,2024-08-14T13:36:00+00:00,2024-08-14T14:11:00+00:00,415.7897,414.7655,0.72,-0.74,-0.002463,2100000,ScoreExit,window:candle reversal,shooting_star,0.3523,-0.0950,0.1868,0.4086,0.2950,-0.2208,-0.2560,0.2690,,,
summary,2024-08-14,MSFT,,,,,,,-0.74,,1,,,,,,,,,,,,0.7336,2024-08-12T09:58:00+00:00,1145,1713
summary,2024-08-15,SPY,,,,,,,0.00,,0,,,,,,,,,,,,0.8755,2024-08-12T15:02:00+00:00,2025,2684
trade,2024-08-15,AAPL,Long,2024-08-15T14:36:00+00:00,2024-08-15T15:26:00+00:00,224.9925,224.2977,1.33,-0.93,-0.003088,3000000,ScoreExit,window:strong core,,0.3903,-0.1182,0.3112,0.3931,0.4109,-0.4654,-0.3321,0.4253,,,
summary,2024-08-15,AAPL,,,,,,,-0.93,,1,,,,,,,,,,,,0.9560,2024-08-12T14:48:00+00:00,1873,2531
summary,2024-08-15,MSFT,,,,,,,0.00,,0,,,,,,,,,,,,0.8882,2024-08-12T15:02:00+00:00,1537,2192
trade,2024-08-16,SPY,Long,2024-08-16T13:46:00+00:00,2024-08-16T14:47:00+00:00,552.0606,552.3293,0.54,0.15,0.000487,3660000,ScoreExit,window:candle reversal,shooting_star,0.3054,-0.0827,-0.2944,0.4105,0.2952,-0.2555,-0.2319,0.2731,,,
summary,2024-08-16,SPY,,,,,,,0.15,,1,,,,,,,,,,,,0.7825,2024-08-13T15:04:00+00:00,2243,2741
summary,2024-08-16,QQQ,,,,,,,0.00,,0,,,,,,,,,,,,0.8681,2024-08-13T15:04:00+00:00,2415,2943
summary,2024-08-16,AAPL,,,,,,,0.00,,0,,,,,,,,,,,,0.8921,2024-08-13T14:04:00+00:00,1828,2585
summary,2024-08-16,MSFT,,,,,,,0.00,,0,,,,,,,,,,,,0.8602,2024-08-13T15:04:00+00:00,1614,2200
trade,2024-08-19,SPY,Long,2024-08-19T14:51:00+00:00,2024-08-19T15:56:00+00:00,556.2968,556.5580,0.54,0.14,0.000469,3900000,SessionClose,window:strong core,hammer,0.3884,0.0011,0.5530,0.3669,0.3766,-0.0492,-0.1947,0.4096,,,
summary,2024-08-19,SPY,,,,,,,0.14,,1,,,,,,,,,,,,0.4920,2024-08-16T16:14:00+00:00,927,1145
trade,2024-08-19,QQQ,Long,2024-08-19T14:51:00+00:00,2024-08-19T15:56:00+00:00,476.0778,476.5421,0.63,0.29,0.000975,3900000,SessionClose,window:strong core,shooting_star,0.3754,0.0043,0.5570,0.3588,0.3482,-0.0746,-0.1951,0.4295,,,
summary,2024-08-19,QQQ,,,,,,,0.29,,1,,,,,,,,,,,,0.6878,2024-08-16T14:18:00+00:00,951,1223
summary,2024-08-19,AAPL,,,,,,,0.00,,0,,,,,,,,,,,,0.7016,2024-08-16T15:53:00+00:00,742,1119
summary,2024-08-19,MSFT,,,,,,,0.00,,0,,,,,,,,,,,,0.4545,2024-08-16T13:37:00+00:00,384,975
trade,2024-08-20,SPY,Long,2024-08-20T13:51:00+00:00,2024-08-20T14:12:00+00:00,560.5231,559.5371,0.54,-0.53,-0.001759,1260000,ScoreExit,window:strong core,three_outside_up,0.3845,-0.0598,0.5262,0.3564,0.3934,-0.5675,-0.1271,0.2440,,,
summary,2024-08-20,SPY,,,,,,,-0.53,,1,,,,,,,,,,,,0.5476,2024-08-19T09:33:00+00:00,1022,1386
trade,2024-08-20,QQQ,Long,2024-08-20T13:46:00+00:00,2024-08-20T14:16:00+00:00,481.6695,480.6808,0.62,-0.62,-0.002053,1800000,ScoreExit,window:strong core,three_outside_up,0.3717,-0.0533,0.2594,0.3552,0.4422,-0.5190,-0.1427,0.2809,,,
summary,2024-08-20,QQQ,,,,,,,-0.62,,1,,,,,,,,,,,,0.7212,2024-08-19T09:33:00+00:00,1146,1544
trade,2024-08-20,AAPL,Long,2024-08-20T13:31:00+00:00,2024-08-20T14:36:00+00:00,226.0028,226.0022,1.33,-0.00,-0.000003,3900000,ScoreExit,window:strong core,three_outside_up,0.3946,-0.1137,0.4618,0.3547,0.4520,-0.5564,-0.2577,0.3217,,,
summary,2024-08-20,AAPL,,,,,,,-0.00,,1,,,,,,,,,,,,0.4439,2024-08-19T19:53:00+00:00,839,1283
trade,2024-08-20,MSFT,Long,2024-08-20T13:46:00+00:00,2024-08-20T14:42:00+00:00,422.8430,422.3083,0.71,-0.38,-0.001265,3360000,ScoreExit,window:strong core,,0.4048,-0.0813,0.2732,0.4122,0.4339,-0.3206,-0.2805,0.3969,,,
summary,2024-08-20,MSFT,,,,,,,-0.38,,1,,,,,,,,,,,,0.7873,2024-08-19T10:02:00+00:00,753,1082
summary,2024-08-21,SPY,,,,,,,0.00,,0,,,,,,,,,,,,0.5476,2024-08-19T09:33:00+00:00,1503,2116
summary,2024-08-21,QQQ,,,,,,,0.00,,0,,,,,,,,,,,,0.7212,2024-08-19T09:33:00+00:00,1650,2356
summary,2024-08-21,AAPL,,,,,,,0.00,,0,,,,,,,,,,,,0.4439,2024-08-19T19:53:00+00:00,1199,1949
summary,2024-08-21,MSFT,,,,,,,0.00,,0,,,,,,,,,,,,0.7873,2024-08-19T10:02:00+00:00,1101,1648
summary,2024-08-22,SPY,,,,,,,0.00,,0,,,,,,,,,,,,0.8158,2024-08-19T14:53:00+00:00,1709,2629
summary,2024-08-22,QQQ,,,,,,,0.00,,0,,,,,,,,,,,,0.8500,2024-08-19T15:04:00+00:00,1856,2864
summary,2024-08-22,AAPL,,,,,,,0.00,,0,,,,,,,,,,,,0.5873,2024-08-19T19:53:00+00:00,1392,2375
summary,2024-08-22,MSFT,,,,,,,0.00,,0,,,,,,,,,,,,0.5806,2024-08-19T19:56:00+00:00,1205,2130
trade,2024-08-23,SPY,Long,2024-08-23T14:11:00+00:00,2024-08-23T14:46:00+00:00,562.7738,561.3116,0.53,-0.78,-0.002598,2100000,ScoreExit,window:candle reversal,shooting_star,0.3641,-0.1308,0.5802,0.3932,0.2338,-0.1994,-0.2941,0.2186,,,
summary,2024-08-23,SPY,,,,,,,-0.78,,1,,,,,,,,,,,,0.3899,2024-08-21T14:42:00+00:00,1311,2641
summary,2024-08-23,QQQ,,,,,,,0.00,,0,,,,,,,,,,,,0.5283,2024-08-20T13:58:00+00:00,1104,2824
summary,2024-08-23,AAPL,,,,,,,0.00,,0,,,,,,,,,,,,0.7386,2024-08-20T13:38:00+00:00,1090,2343
summary,2024-08-23,MSFT,,,,,,,0.00,,0,,,,,,,,,,,,0.5997,2024-08-20T18:24:00+00:00,751,2139
summary,2024-08-26,SPY,,,,,,,0.00,,0,,,,,,,,,,,,0.7741,2024-08-23T14:13:00+00:00,694,1129
summary,2024-08-26,QQQ,,,,,,,0.00,,0,,,,,,,,,,,,0.9064,2024-08-23T14:02:00+00:00,419,1168
summary,2024-08-26,AAPL,,,,,,,0.00,,0,,,,,,,,,,,,0.8929,2024-08-23T14:10:00+00:00,529,1036
summary,2024-08-26,MSFT,,,,,,,0.00,,0,,,,,,,,,,,,0.7391,2024-08-23T14:10:00+00:00,199,944
trade,2024-08-27,SPY,Long,2024-08-27T14:31:00+00:00,2024-08-27T15:26:00+00:00,561.4234,560.7467,0.53,-0.36,-0.001205,3300000,ScoreExit,window:candle reversal,shooting_star,0.3290,-0.1270,0.5214,0.3588,0.2053,-0.4828,-0.2037,0.1452,,,
summary,2024-08-27,SPY,,,,,,,-0.36,,1,,,,,,,,,,,,0.3659,2024-08-27T14:29:00+00:00,488,1336
trade,2024-08-27,QQQ,Long,2024-08-27T14:31:00+00:00,2024-08-27T15:26:00+00:00,476.7780,476.3521,0.63,-0.27,-0.000893,3300000,ScoreExit,window:candle reversal,shooting_star,0.4376,-0.1098,0.5370,0.4798,0.3200,-0.4951,-0.2156,0.2302,,,
summary,2024-08-27,QQQ,,,,,,,-0.27,,1,,,,,,,,,,,,0.4483,2024-08-27T14:29:00+00:00,491,1459
summary,2024-08-27,MSFT,,,,,,,0.00,,0,,,,,,,,,,,,0.3970,2024-08-26T10:38:00+00:00,309,1022
summary,2024-08-28,SPY,,,,,,,0.00,,0,,,,,,,,,,,,0.3659,2024-08-27T14:29:00+00:00,617,2056
summary,2024-08-28,QQQ,,,,,,,0.00,,0,,,,,,,,,,,,0.4483,2024-08-27T14:29:00+00:00,618,2258
summary,2024-08-28,AAPL,,,,,,,0.00,,0,,,,,,,,,,,,0.5279,2024-08-27T14:23:00+00:00,1034,1936
summary,2024-08-28,MSFT,,,,,,,0.00,,0,,,,,,,,,,,,0.3970,2024-08-26T10:38:00+00:00,381,1547
summary,2024-08-29,SPY,,,,,,,0.00,,0,,,,,,,,,,,,0.4317,2024-08-29T08:14:00+00:00,914,2758
trade,2024-08-29,QQQ,Long,2024-08-29T13:33:00+00:00,2024-08-29T15:21:00+00:00,474.5573,476.0221,0.63,0.93,0.003087,6480000,ScoreExit,window:strong core,bearish_engulfing,0.4203,-0.0658,0.5338,0.4602,0.3027,-0.5887,-0.1709,0.3186,,,
summary,2024-08-29,QQQ,,,,,,,0.93,,1,,,,,,,,,,,,0.4808,2024-08-29T08:11:00+00:00,979,2952
trade,2024-08-29,AAPL,Long,2024-08-29T13:46:00+00:00,2024-08-29T15:42:00+00:00,231.1443,231.9855,1.30,1.09,0.003639,6960000,ScoreExit,window:strong core,three_outside_up,0.4541,-0.0641,0.3383,0.4599,0.4812,-0.4974,-0.2434,0.4388,,,
summary,2024-08-29,AAPL,,,,,,,1.09,,1,,,,,,,,,,,,0.5810,2024-08-26T19:59:00+00:00,1472,2653
summary,2024-08-29,MSFT,,,,,,,0.00,,0,,,,,,,,,,,,0.7151,2024-08-29T13:57:00+00:00,617,2132
summary,2024-08-30,SPY,,,,,,,0.00,,0,,,,,,,,,,,,0.8380,2024-08-27T15:00:00+00:00,1259,2772
summary,2024-08-30,QQQ,,,,,,,0.00,,0,,,,,,,,,,,,0.9522,2024-08-27T14:59:00+00:00,1270,2953
summary,2024-08-30,AAPL,,,,,,,0.00,,0,,,,,,,,,,,,0.9555,2024-08-27T14:59:00+00:00,1470,2663
summary,2024-08-30,MSFT,,,,,,,0.00,,0,,,,,,,,,,,,0.8901,2024-08-27T14:29:00+00:00,945,2171
summary,2024-09-02,SPY,,,,,,,0.00,,0,,,,,,,,,,,,0.5895,2024-08-30T19:50:00+00:00,290,539
summary,2024-09-02,QQQ,,,,,,,0.00,,0,,,,,,,,,,,,0.6238,2024-08-30T14:02:00+00:00,257,526
summary,2024-09-02,AAPL,,,,,,,0.00,,0,,,,,,,,,,,,0.7404,2024-08-30T14:49:00+00:00,124,518
summary,2024-09-02,MSFT,,,,,,,0.00,,0,,,,,,,,,,,,0.6702,2024-08-30T19:57:00+00:00,135,469
summary,2024-09-03,SPY,,,,,,,0.00,,0,,,,,,,,,,,,0.4219,2024-09-03T12:23:00+00:00,47,664
summary,2024-09-03,QQQ,,,,,,,0.00,,0,,,,,,,,,,,,0.4944,2024-09-03T12:23:00+00:00,27,700
summary,2024-09-03,AAPL,,,,,,,0.00,,0,,,,,,,,,,,,0.4351,2024-09-03T08:21:00+00:00,16,597
summary,2024-09-03,MSFT,,,,,,,0.00,,0,,,,,,,,,,,,0.6568,2024-09-03T13:46:00+00:00,52,494
summary,2024-09-04,SPY,,,,,,,0.00,,0,,,,,,,,,,,,0.4219,2024-09-03T12:23:00+00:00,133,1493
summary,2024-09-04,QQQ,,,,,,,0.00,,0,,,,,,,,,,,,0.4944,2024-09-03T12:23:00+00:00,143,1596
summary,2024-09-04,AAPL,,,,,,,0.00,,0,,,,,,,,,,,,0.4351,2024-09-03T08:21:00+00:00,16,1420
trade,2024-09-04,MSFT,Long,2024-09-04T14:58:00+00:00,2024-09-04T15:26:00+00:00,410.2730,410.0120,0.73,-0.19,-0.000636,1680000,ScoreExit,window:5m thrust,three_outside_up,0.3819,-0.0530,0.2981,0.5023,0.1692,-0.0700,-0.1354,0.1173,,,
summary,2024-09-04,MSFT,,,,,,,-0.19,,1,,,,,,,,,,,,0.6568,2024-09-03T13:46:00+00:00,252,1082
summary,2024-09-05,SPY,,,,,,,0.00,,0,,,,,,,,,,,,0.4219,2024-09-03T12:23:00+00:00,141,2274
trade,2024-09-05,QQQ,Long,2024-09-05T13:53:00+00:00,2024-09-05T15:54:00+00:00,462.2236,458.6774,0.65,-2.30,-0.007672,7260000,MaxHoldTimeout,window:5m thrust,bullish_engulfing,0.3628,0.0000,0.3639,0.5221,0.0438,-0.2471,-0.2920,-0.2123,,,
summary,2024-09-05,QQQ,,,,,,,-2.30,,1,,,,,,,,,,,,0.4944,2024-09-03T12:23:00+00:00,208,2450
trade,2024-09-05,AAPL,Long,2024-09-05T13:31:00+00:00,2024-09-05T14:46:00+00:00,222.5117,224.1862,1.35,2.26,0.007525,4500000,ScoreExit,window:strong core,shooting_star,0.5186,-0.0529,0.5507,0.5822,0.3807,-0.5753,-0.1779,0.3713,,,
summary,2024-09-05,AAPL,,,,,,,2.26,,1,,,,,,,,,,,,0.5785,2024-09-05T13:36:00+00:00,280,2113
trade,2024-09-05,MSFT,Long,2024-09-05T13:36:00+00:00,2024-09-05T14:46:00+00:00,410.8683,410.8917,0.73,0.02,0.000057,4200000,ScoreExit,window:candle reversal,shooting_star,0.4574,-0.1413,0.6473,0.5403,0.2283,-0.6026,-0.2125,0.1547,,,
summary,2024-09-05,MSFT,,,,,,,0.02,,1,,,,,,,,,,,,0.6568,2024-09-03T13:46:00+00:00,340,1655
summary,2024-09-06,SPY,,,,,,,0.00,,0,,,,,,,,,,,,0.3381,2024-09-06T12:49:00+00:00,213,2800
summary,2024-09-06,QQQ,,,,,,,0.00,,0,,,,,,,,,,,,0.4288,2024-09-05T14:02:00+00:00,313,3020
summary,2024-09-06,MSFT,,,,,,,0.00,,0,,,,,,,,,,,,0.9432,2024-09-03T13:46:00+00:00,372,2135
trade,2024-09-09,SPY,Long,2024-09-09T13:31:00+00:00,2024-09-09T14:31:00+00:00,544.6183,543.9718,0.55,-0.36,-0.001187,3600000,ScoreExit,window:strong core,three_outside_up,0.3732,-0.1228,0.2601,0.3635,0.4303,-0.5658,-0.2654,0.3099,,,
summary,2024-09-09,SPY,,,,,,,-0.36,,1,,,,,,,,,,,,0.4979,2024-09-09T08:01:00+00:00,481,1237
summary,2024-09-09,QQQ,,,,,,,0.00,,0,,,,,,,,,,,,0.5900,2024-09-09T08:02:00+00:00,468,1267
summary,2024-09-09,AAPL,,,,,,,0.00,,0,,,,,,,,,,,,0.8482,2024-09-06T13:45:00+00:00,304,1162
summary,2024-09-09,MSFT,,,,,,,0.00,,0,,,,,,,,,,,,0.6456,2024-09-09T08:02:00+00:00,311,990
summary,2024-09-10,SPY,,,,,,,0.00,,0,,,,,,,,,,,,0.7276,2024-09-09T09:24:00+00:00,965,1468
summary,2024-09-10,QQQ,,,,,,,0.00,,0,,,,,,,,,,,,0.7412,2024-09-09T09:25:00+00:00,996,1555
summary,2024-09-10,AAPL,,,,,,,0.00,,0,,,,,,,,,,,,0.6659,2024-09-09T16:02:00+00:00,732,1467
trade,2024-09-10,MSFT,Long,2024-09-10T13:31:00+00:00,2024-09-10T14:51:00+00:00,408.6081,412.6012,0.73,2.93,0.009772,4800000,ScoreExit,window:strong core,three_outside_up,0.5499,-0.0618,0.2391,0.5088,0.7358,-0.5481,-0.3141,0.6047,,,
summary,2024-09-10,MSFT,,,,,,,2.93,,1,,,,,,,,,,,,0.7080,2024-09-09T10:17:00+00:00,598,1085
summary,2024-09-11,SPY,,,,,,,0.00,,0,,,,,,,,,,,,0.7276,2024-09-09T09:24:00+00:00,1450,2223
summary,2024-09-11,QQQ,,,,,,,0.00,,0,,,,,,,,,,,,0.7412,2024-09-09T09:25:00+00:00,1582,2370
summary,2024-09-11,AAPL,,,,,,,0.00,,0,,,,,,,,,,,,0.6659,2024-09-09T16:02:00+00:00,1135,2116
summary,2024-09-11,MSFT,,,,,,,0.00,,0,,,,,,,,,,,,0.7080,2024-09-09T10:17:00+00:00,1078,1668
summary,2024-09-12,SPY,,,,,,,0.00,,0,,,,,,,,,,,,0.5412,2024-09-09T16:19:00+00:00,1881,2746
trade,2024-09-12,QQQ,Long,2024-09-12T14:16:00+00:00,2024-09-12T15:26:00+00:00,469.9659,469.5741,0.64,-0.25,-0.000834,4200000,ScoreExit,window:strong core,hammer,0.3844,-0.0969,0.5200,0.3994,0.3092,-0.5508,-0.2146,0.2898,,,
summary,2024-09-12,QQQ,,,,,,,-0.25,,1,,,,,,,,,,,,0.5984,2024-09-09T14:10:00+00:00,2203,2945
summary,2024-09-12,MSFT,,,,,,,0.00,,0,,,,,,,,,,,,0.6580,2024-09-09T13:39:00+00:00,1465,2159
trade,2024-09-13,SPY,Long,2024-09-13T14:21:00+00:00,2024-09-13T15:56:00+00:00,561.8035,562.5462,0.53,0.40,0.001322,5700000,SessionClose,window:strong core,hammer,0.3603,0.3030,0.3015,0.3880,0.3245,0.4946,0.2512,0.3430,,,
summary,2024-09-13,SPY,,,,,,,0.40,,1,,,,,,,,,,,,0.4707,2024-09-11T16:04:00+00:00,1893,2708
trade,2024-09-13,QQQ,Long,2024-09-13T14:07:00+00:00,2024-09-13T15:56:00+00:00,474.8457,475.3823,0.63,0.34,0.001130,6540000,SessionClose,window:strong core,hammer,0.3746,0.2340,0.5247,0.3706,0.3324,0.3196,0.1646,0.3444,,,
summary,2024-09-13,QQQ,,,,,,,0.34,,1,,,,,,,,,,,,0.6086,2024-09-11T16:04:00+00:00,2179,2903
summary,2024-09-13,AAPL,,,,,,,0.00,,0,,,,,,,,,,,,0.8959,2024-09-10T14:28:00+00:00,1739,2412
trade,2024-09-13,MSFT,Long,2024-09-13T13:38:00+00:00,2024-09-13T15:39:00+00:00,427.1231,428.0465,0.70,0.65,0.002162,7260000,MaxHoldTimeout,window:strong core,,0.3514,-0.0266,0.4686,0.3526,0.3098,-0.5174,-0.1507,0.3854,,,
summary,2024-09-13,MSFT,,,,,,,0.65,,1,,,,,,,,,,,,1.0000,2024-09-10T13:32:00+00:00,1478,2140
summary,2024-09-16,SPY,,,,,,,0.00,,0,,,,,,,,,,,,0.7793,2024-09-13T14:44:00+00:00,648,1103
summary,2024-09-16,QQQ,,,,,,,0.00,,0,,,,,,,,,,,,0.6469,2024-09-13T14:46:00+00:00,491,1169
summary,2024-09-16,AAPL,,,,,,,0.00,,0,,,,,,,,,,,,0.6860,2024-09-13T15:04:00+00:00,290,1187
trade,2024-09-16,MSFT,Long,2024-09-16T13:39:00+00:00,2024-09-16T14:26:00+00:00,431.1093,431.1256,0.70,0.01,0.000038,2820000,ScoreExit,window:strong core,three_outside_up,0.3913,-0.0580,0.5264,0.4019,0.3252,-0.5431,-0.1302,0.2481,,,
summary,2024-09-16,MSFT,,,,,,,0.01,,1,,,,,,,,,,,,0.8642,2024-09-13T13:40:00+00:00,649,919
trade,2024-09-17,SPY,Long,2024-09-17T14:25:00+00:00,2024-09-17T15:26:00+00:00,566.2548,565.3154,0.53,-0.50,-0.001659,3660000,ScoreExit,window:strong core,hammer,0.3739,-0.0650,0.4444,0.3561,0.3859,-0.1505,-0.2665,0.3664,,,
summary,2024-09-17,SPY,,,,,,,-0.50,,1,,,,,,,,,,,,0.4070,2024-09-16T13:54:00+00:00,730,1394
trade,2024-09-17,QQQ,Long,2024-09-17T14:46:00+00:00,2024-09-17T15:01:00+00:00,477.4882,475.4823,0.63,-1.26,-0.004201,900000,ScoreExit,window:strong core,shooting_star,0.3915,-0.0845,0.5688,0.3638,0.3878,-0.4969,-0.2501,0.3842,,,
summary,2024-09-17,QQQ,,,,,,,-1.26,,1,,,,,,,,,,,,0.4194,2024-09-16T17:39:00+00:00,787,1468
summary,2024-09-17,AAPL,,,,,,,0.00,,0,,,,,,,,,,,,0.5715,2024-09-16T14:14:00+00:00,748,1431
summary,2024-09-17,MSFT,,,,,,,0.00,,0,,,,,,,,,,,,0.6661,2024-09-16T13:44:00+00:00,647,1158
summary,2024-09-18,SPY,,,,,,,0.00,,0,,,,,,,,,,,,0.4070,2024-09-16T13:54:00+00:00,1099,2123
summary,2024-09-18,QQQ,,,,,,,0.00,,0,,,,,,,,,,,,0.4268,2024-09-18T18:34:00+00:00,1225,2252
summary,2024-09-18,AAPL,,,,,,,0.00,,0,,,,,,,,,,,,0.5715,2024-09-16T14:14:00+00:00,1269,2130
trade,2024-09-19,SPY,Long,2024-09-19T14:31:00+00:00,2024-09-19T15:56:00+00:00,571.6464,570.3638,0.52,-0.67,-0.002244,5100000,SessionClose,window:strong core,three_outside_up,0.3639,0.0285,0.5152,0.3553,0.3306,-0.1425,-0.0928,0.3280,,,
summary,2024-09-19,SPY,,,,,,,-0.67,,1,,,,,,,,,,,,0.5536,2024-09-19T08:11:00+00:00,1748,2815
summary,2024-09-19,QQQ,,,,,,,0.00,,0,,,,,,,,,,,,0.6320,2024-09-16T13:56:00+00:00,1921,2915
trade,2024-09-19,AAPL,Long,2024-09-19T13:36:00+00:00,2024-09-19T15:45:00+00:00,225.7827,228.4165,1.33,3.50,0.011665,7740000,MaxHoldTimeout,window:strong core,three_outside_up,0.4730,0.1237,0.3530,0.4121,0.6348,-0.2101,-0.0692,0.6207,,,
summary,2024-09-19,AAPL,,,,,,,3.50,,1,,,,,,,,,,,,0.8992,2024-09-16T14:14:00+00:00,2066,2659
summary,2024-09-19,MSFT,,,,,,,0.00,,0,,,,,,,,,,,,0.9413,2024-09-16T13:44:00+00:00,1198,2276
summary,2024-09-20,SPY,,,,,,,0.00,,0,,,,,,,,,,,,0.7587,2024-09-17T14:46:00+00:00,1489,2818
summary,2024-09-20,QQQ,,,,,,,0.00,,0,,,,,,,,,,,,0.8338,2024-09-17T14:46:00+00:00,1614,2952
summary,2024-09-20,AAPL,,,,,,,0.00,,0,,,,,,,,,,,,0.9251,2024-09-17T14:49:00+00:00,2175,2665
summary,2024-09-20,MSFT,,,,,,,0.00,,0,,,,,,,,,,,,0.9382,2024-09-17T13:46:00+00:00,710,2137
summary,2024-09-23,SPY,,,,,,,0.00,,0,,,,,,,,,,,,0.4971,2024-09-20T19:44:00+00:00,742,1201
summary,2024-09-23,QQQ,,,,,,,0.00,,0,,,,,,,,,,,,0.5954,2024-09-20T19:38:00+00:00,712,1190
summary,2024-09-23,AAPL,,,,,,,0.00,,0,,,,,,,,,,,,0.7612,2024-09-20T13:36:00+00:00,283,1215
summary,2024-09-23,MSFT,,,,,,,0.00,,0,,,,,,,,,,,,0.5625,2024-09-20T13:50:00+00:00,287,1013
summary,2024-09-24,SPY,,,,,,,0.00,,0,,,,,,,,,,,,0.4050,2024-09-24T08:18:00+00:00,760,1332
summary,2024-09-24,QQQ,,,,,,,0.00,,0,,,,,,,,,,,,0.4825,2024-09-24T15:53:00+00:00,834,1456
summary,2024-09-24,AAPL,,,,,,,0.00,,0,,,,,,,,,,,,0.6479,2024-09-23T14:53:00+00:00,614,1364
summary,2024-09-24,MSFT,,,,,,,0.00,,0,,,,,,,,,,,,0.5858,2024-09-23T14:45:00+00:00,277,1082
summary,2024-09-25,SPY,,,,,,,0.00,,0,,,,,,,,,,,,0.4050,2024-09-24T08:18:00+00:00,1087,2051
summary,2024-09-25,QQQ,,,,,,,0.00,,0,,,,,,,,,,,,0.4825,2024-09-24T15:53:00+00:00,1300,2284
summary,2024-09-25,AAPL,,,,,,,0.00,,0,,,,,,,,,,,,0.6479,2024-09-23T14:53:00+00:00,747,2124
summary,2024-09-25,MSFT,,,,,,,0.00,,0,,,,,,,,,,,,0.5858,2024-09-23T14:45:00+00:00,543,1631
summary,2024-09-26,SPY,,,,,,,0.00,,0,,,,,,,,,,,,0.4715,2024-09-23T14:53:00+00:00,1484,2623
summary,2024-09-26,QQQ,,,,,,,0.00,,0,,,,,,,,,,,,0.5481,2024-09-26T08:13:00+00:00,1742,2881
summary,2024-09-26,MSFT,,,,,,,0.00,,0,,,,,,,,,,,,0.9589,2024-09-23T14:44:00+00:00,807,2097
summary,2024-09-27,SPY,,,,,,,0.00,,0,,,,,,,,,,,,0.5482,2024-09-24T14:57:00+00:00,1617,2674
summary,2024-09-27,AAPL,,,,,,,0.00,,0,,,,,,,,,,,,0.5702,2024-09-24T15:04:00+00:00,1256,2614
summary,2024-09-27,MSFT,,,,,,,0.00,,0,,,,,,,,,,,,0.5595,2024-09-26T08:11:00+00:00,1042,2096
summary,2024-09-30,SPY,,,,,,,0.00,,0,,,,,,,,,,,,0.4813,2024-09-30T19:57:00+00:00,273,1169
summary,2024-09-30,QQQ,,,,,,,0.00,,0,,,,,,,,,,,,0.4519,2024-09-30T19:57:00+00:00,145,1191
trade,2024-09-30,AAPL,Long,2024-09-30T14:56:00+00:00,2024-09-30T15:56:00+00:00,231.7472,232.1553,1.30,0.53,0.001761,3600000,SessionClose,window:candle reversal,shooting_star,0.3898,0.3590,0.5505,0.2718,0.5721,0.2325,0.2555,0.6082,,,
summary,2024-09-30,AAPL,,,,,,,0.53,,1,,,,,,,,,,,,0.5349,2024-09-27T14:03:00+00:00,623,1142
summary,2024-09-30,MSFT,,,,,,,0.00,,0,,,,,,,,,,,,0.5077,2024-09-30T19:57:00+00:00,185,930
summary,2024-10-01,SPY,,,,,,,0.00,,0,,,,,,,,,,,,0.4892,2024-09-30T19:57:00+00:00,631,1451
summary,2024-10-01,QQQ,,,,,,,0.00,,0,,,,,,,,,,,,0.4907,2024-09-30T19:57:00+00:00,593,1468
summary,2024-10-01,AAPL,,,,,,,0.00,,0,,,,,,,,,,,,0.9423,2024-09-30T09:26:00+00:00,653,1419
summary,2024-10-01,MSFT,,,,,,,0.00,,0,,,,,,,,,,,,0.5346,2024-09-30T19:57:00+00:00,374,1053
summary,2024-10-02,SPY,,,,,,,0.00,,0,,,,,,,,,,,,0.4892,2024-09-30T19:57:00+00:00,683,2289
summary,2024-10-02,QQQ,,,,,,,0.00,,0,,,,,,,,,,,,0.4907,2024-09-30T19:57:00+00:00,807,2336
summary,2024-10-02,AAPL,,,,,,,0.00,,0,,,,,,,,,,,,0.9423,2024-09-30T09:26:00+00:00,746,2197
summary,2024-10-02,MSFT,,,,,,,0.00,,0,,,,,,,,,,,,0.5346,2024-09-30T19:57:00+00:00,374,1614
summary,2024-10-03,SPY,,,,,,,0.00,,0,,,,,,,,,,,,0.6542,2024-09-30T19:57:00+00:00,701,2815
summary,2024-10-03,QQQ,,,,,,,0.00,,0,,,,,,,,,,,,0.6505,2024-09-30T19:57:00+00:00,884,2881
summary,2024-10-03,AAPL,,,,,,,0.00,,0,,,,,,,,,,,,0.9213,2024-09-30T13:33:00+00:00,556,2606
summary,2024-10-03,MSFT,,,,,,,0.00,,0,,,,,,,,,,,,0.8135,2024-09-30T13:33:00+00:00,294,2051
summary,2024-10-04,SPY,,,,,,,0.00,,0,,,,,,,,,,,,0.5492,2024-10-01T18:16:00+00:00,1186,2798
summary,2024-10-04,QQQ,,,,,,,0.00,,0,,,,,,,,,,,,0.6263,2024-10-01T18:16:00+00:00,1418,2941
summary,2024-10-04,AAPL,,,,,,,0.00,,0,,,,,,,,,,,,0.4713,2024-10-02T14:49:00+00:00,967,2558
summary,2024-10-04,MSFT,,,,,,,0.00,,0,,,,,,,,,,,,0.5343,2024-10-01T18:29:00+00:00,206,2072
summary,2024-10-07,SPY,,,,,,,0.00,,0,,,,,,,,,,,,0.5044,2024-10-04T19:44:00+00:00,498,1184
summary,2024-10-07,QQQ,,,,,,,0.00,,0,,,,,,,,,,,,0.5458,2024-10-04T19:34:00+00:00,536,1214
summary,2024-10-07,AAPL,,,,,,,0.00,,0,,,,,,,,,,,,0.5876,2024-10-04T19:57:00+00:00,279,1153
trade,2024-10-08,SPY,Long,2024-10-08T14:01:00+00:00,2024-10-08T15:56:00+00:00,571.4364,572.0833,0.53,0.34,0.001132,6900000,SessionClose,window:strong core,hammer,0.3848,0.3523,0.5708,0.3614,0.3696,0.5346,0.2910,0.4143,,,
summary,2024-10-08,SPY,,,,,,,0.34,,1,,,,,,,,,,,,0.3927,2024-10-08T14:42:00+00:00,733,1450
summary,2024-10-08,AAPL,,,,,,,0.00,,0,,,,,,,,,,,,0.5409,2024-10-07T08:35:00+00:00,675,1385
trade,2024-10-08,MSFT,Long,2024-10-08T13:33:00+00:00,2024-10-08T15:34:00+00:00,411.8185,413.5345,0.73,1.25,0.004167,7260000,MaxHoldTimeout,window:strong core,three_outside_up,0.3783,0.1449,0.5669,0.3630,0.3461,0.5110,-0.0934,0.4995,,,
summary,2024-10-08,MSFT,,,,,,,1.25,,1,,,,,,,,,,,,0.5627,2024-10-08T13:53:00+00:00,454,1211
summary,2024-10-09,SPY,,,,,,,0.00,,0,,,,,,,,,,,,0.3927,2024-10-08T14:42:00+00:00,1273,2208
summary,2024-10-09,QQQ,,,,,,,0.00,,0,,,,,,,,,,,,0.4798,2024-10-08T14:00:00+00:00,1339,2345
trade,2024-10-09,AAPL,Long,2024-10-09T14:17:00+00:00,2024-10-09T15:56:00+00:00,226.3029,228.4065,1.33,2.79,0.009295,5940000,SessionClose,window:candle reversal,three_outside_down,0.3242,0.1768,0.2790,0.3136,0.3607,0.0181,0.0969,0.3896,,,
summary,2024-10-09,AAPL,,,,,,,2.79,,1,,,,,,,,,,,,0.5409,2024-10-07T08:35:00+00:00,1176,2011
trade,2024-10-09,MSFT,Long,2024-10-09T14:20:00+00:00,2024-10-09T15:56:00+00:00,417.4502,420.1189,0.72,1.92,0.006393,5760000,SessionClose,window:strong core,shooting_star,0.3727,0.1665,0.5196,0.3746,0.3200,0.5335,-0.0055,0.3881,,,
summary,2024-10-09,MSFT,,,,,,,1.92,,1,,,,,,,,,,,,0.5627,2024-10-08T13:53:00+00:00,874,1813
summary,2024-10-10,SPY,,,,,,,0.00,,0,,,,,,,,,,,,0.4016,2024-10-08T14:42:00+00:00,1647,2740
summary,2024-10-10,QQQ,,,,,,,0.00,,0,,,,,,,,,,,,0.4812,2024-10-08T14:00:00+00:00,1782,2864
summary,2024-10-10,AAPL,,,,,,,0.00,,0,,,,,,,,,,,,0.5748,2024-10-07T14:42:00+00:00,1541,2453
summary,2024-10-10,MSFT,,,,,,,0.00,,0,,,,,,,,,,,,0.6111,2024-10-08T13:53:00+00:00,1185,2285
summary,2024-10-11,SPY,,,,,,,0.00,,0,,,,,,,,,,,,0.8329,2024-10-08T14:42:00+00:00,1907,2674
summary,2024-10-11,QQQ,,,,,,,0.00,,0,,,,,,,,,,,,0.9475,2024-10-08T14:47:00+00:00,2059,2796
summary,2024-10-11,MSFT,,,,,,,0.00,,0,,,,,,,,,,,,0.9558,2024-10-08T14:42:00+00:00,1310,2116
trade,2024-10-14,SPY,Long,2024-10-14T13:41:00+00:00,2024-10-14T15:01:00+00:00,582.0396,582.4499,0.52,0.21,0.000705,4800000,ScoreExit,window:strong core,hammer,0.3819,-0.0546,0.4650,0.3542,0.4096,-0.5322,-0.2114,0.4183,,,
summary,2024-10-14,SPY,,,,,,,0.21,,1,,,,,,,,,,,,0.6604,2024-10-11T14:40:00+00:00,855,1181
summary,2024-10-14,QQQ,,,,,,,0.00,,0,,,,,,,,,,,,0.7891,2024-10-11T14:27:00+00:00,896,1188
trade,2024-10-14,AAPL,Long,2024-10-14T13:31:00+00:00,2024-10-14T14:51:00+00:00,229.5738,230.2609,1.31,0.90,0.002993,4800000,ScoreExit,window:strong core,bullish_engulfing,0.4619,-0.0706,0.5023,0.4012,0.5696,-0.5267,-0.2841,0.5083,,,
summary,2024-10-14,AAPL,,,,,,,0.90,,1,,,,,,,,,,,,0.7031,2024-10-11T14:38:00+00:00,655,1065
summary,2024-10-14,MSFT,,,,,,,0.00,,0,,,,,,,,,,,,0.8460,2024-10-11T14:28:00+00:00,626,936
summary,2024-10-15,SPY,,,,,,,0.00,,0,,,,,,,,,,,,0.4456,2024-10-14T13:49:00+00:00,834,1414
summary,2024-10-15,QQQ,,,,,,,0.00,,0,,,,,,,,,,,,0.5652,2024-10-14T13:59:00+00:00,720,1493
trade,2024-10-15,AAPL,Long,2024-10-15T13:41:00+00:00,2024-10-15T14:50:00+00:00,235.3806,235.0944,1.28,-0.37,-0.001216,4140000,ScoreExit,window:strong core,hammer,0.5626,-0.0516,0.5823,0.4433,0.7946,-0.5577,-0.3292,0.6724,,,
summary,2024-10-15,AAPL,,,,,,,-0.37,,1,,,,,,,,,,,,0.6522,2024-10-14T13:37:00+00:00,937,1326
summary,2024-10-15,MSFT,,,,,,,0.00,,0,,,,,,,,,,,,0.6578,2024-10-14T13:50:00+00:00,336,1077
summary,2024-10-16,SPY,,,,,,,0.00,,0,,,,,,,,,,,,0.4456,2024-10-14T13:49:00+00:00,1239,2191
summary,2024-10-16,QQQ,,,,,,,0.00,,0,,,,,,,,,,,,0.5652,2024-10-14T13:59:00+00:00,797,2331
summary,2024-10-16,AAPL,,,,,,,0.00,,0,,,,,,,,,,,,0.6522,2024-10-14T13:37:00+00:00,1075,2012
summary,2024-10-16,MSFT,,,,,,,0.00,,0,,,,,,,,,,,,0.6578,2024-10-14T13:50:00+00:00,399,1649
summary,2024-10-17,SPY,,,,,,,0.00,,0,,,,,,,,,,,,0.7668,2024-10-14T14:43:00+00:00,1490,2763
summary,2024-10-17,QQQ,,,,,,,0.00,,0,,,,,,,,,,,,0.6465,2024-10-14T13:59:00+00:00,1023,2884
summary,2024-10-17,AAPL,,,,,,,0.00,,0,,,,,,,,,,,,1.0000,2024-10-14T13:35:00+00:00,1206,2575
summary,2024-10-17,MSFT,,,,,,,0.00,,0,,,,,,,,,,,,0.8950,2024-10-14T14:23:00+00:00,501,2153
summary,2024-10-18,SPY,,,,,,,0.00,,0,,,,,,,,,,,,0.4407,2024-10-17T08:31:00+00:00,1269,2711
summary,2024-10-18,QQQ,,,,,,,0.00,,0,,,,,,,,,,,,0.4951,2024-10-17T08:01:00+00:00,1367,2910
summary,2024-10-18,AAPL,,,,,,,0.00,,0,,,,,,,,,,,,1.0000,2024-10-15T13:35:00+00:00,783,2585
summary,2024-10-18,MSFT,,,,,,,0.00,,0,,,,,,,,,,,,0.4543,2024-10-17T08:31:00+00:00,846,2132
summary,2024-10-21,SPY,,,,,,,0.00,,0,,,,,,,,,,,,0.4691,2024-10-18T14:46:00+00:00,594,1105
trade,2024-10-21,QQQ,Long,2024-10-21T14:06:00+00:00,2024-10-21T14:36:00+00:00,495.4036,494.7364,0.61,-0.40,-0.001347,1800000,ScoreExit,window:candle reversal,shooting_star,0.3739,-0.1501,0.5493,0.4255,0.2123,-0.2627,-0.2838,0.1546,,,
summary,2024-10-21,QQQ,,,,,,,-0.40,,1,,,,,,,,,,,,0.4789,2024-10-18T13:41:00+00:00,525,1155
trade,2024-10-21,AAPL,Long,2024-10-21T13:43:00+00:00,2024-10-21T15:06:00+00:00,235.4456,235.6578,1.27,0.27,0.000901,4980000,ScoreExit,window:candle reversal,shooting_star,0.3790,-0.0754,0.4914,0.4446,0.2105,-0.4421,-0.2322,0.3605,,,
summary,2024-10-21,AAPL,,,,,,,0.27,,1,,,,,,,,,,,,0.5644,2024-10-18T14:01:00+00:00,480,1095
summary,2024-10-21,MSFT,,,,,,,0.00,,0,,,,,,,,,,,,0.9011,2024-10-18T13:41:00+00:00,384,947
summary,2024-10-22,SPY,,,,,,,0.00,,0,,,,,,,,,,,,0.3705,2024-10-22T18:04:00+00:00,666,1383
summary,2024-10-22,QQQ,,,,,,,0.00,,0,,,,,,,,,,,,0.5279,2024-10-21T14:17:00+00:00,775,1509
summary,2024-10-22,AAPL,,,,,,,0.00,,0,,,,,,,,,,,,0.5515,2024-10-21T14:14:00+00:00,683,1315
summary,2024-10-22,MSFT,,,,,,,0.00,,0,,,,,,,,,,,,0.7376,2024-10-22T13:57:00+00:00,769,1105
summary,2024-10-23,SPY,,,,,,,0.00,,0,,,,,,,,,,,,0.3705,2024-10-22T18:04:00+00:00,746,2152
summary,2024-10-23,QQQ,,,,,,,0.00,,0,,,,,,,,,,,,0.5279,2024-10-21T14:17:00+00:00,884,2340
summary,2024-10-23,AAPL,,,,,,,0.00,,0,,,,,,,,,,,,0.5515,2024-10-21T14:14:00+00:00,739,1971
summary,2024-10-24,SPY,,,,,,,0.00,,0,,,,,,,,,,,,0.3706,2024-10-22T18:04:00+00:00,693,2755
summary,2024-10-24,QQQ,,,,,,,0.00,,0,,,,,,,,,,,,0.5690,2024-10-21T14:17:00+00:00,1030,2962
summary,2024-10-24,AAPL,,,,,,,0.00,,0,,,,,,,,,,,,0.6258,2024-10-21T14:16:00+00:00,659,2515
summary,2024-10-25,SPY,,,,,,,0.00,,0,,,,,,,,,,,,0.6939,2024-10-22T14:54:00+00:00,1025,2707
summary,2024-10-25,QQQ,,,,,,,0.00,,0,,,,,,,,,,,,0.7322,2024-10-22T14:08:00+00:00,1393,2936
trade,2024-10-25,AAPL,Long,2024-10-25T13:57:00+00:00,2024-10-25T15:26:00+00:00,231.9246,232.6652,1.29,0.96,0.003193,5340000,ScoreExit,window:strong core,bullish_engulfing,0.4266,-0.0538,0.5602,0.4571,0.3211,-0.1409,-0.2414,0.3503,,,
summary,2024-10-25,AAPL,,,,,,,0.96,,1,,,,,,,,,,,,0.8585,2024-10-22T14:57:00+00:00,855,2533
trade,2024-10-25,MSFT,Long,2024-10-25T13:31:00+00:00,2024-10-25T14:46:00+00:00,428.0234,430.6058,0.70,1.81,0.006033,4500000,ScoreExit,window:candle reversal,evening_star,0.3477,-0.0560,0.4657,0.3215,0.3608,-0.4837,-0.1920,0.3586,,,
summary,2024-10-25,MSFT,,,,,,,1.81,,1,,,,,,,,,,,,0.9345,2024-10-22T13:46:00+00:00,993,2211
summary,2024-10-28,SPY,,,,,,,0.00,,0,,,,,,,,,,,,0.4810,2024-10-25T14:02:00+00:00,489,1237
summary,2024-10-28,QQQ,,,,,,,0.00,,0,,,,,,,,,,,,0.8650,2024-10-25T14:02:00+00:00,513,1234
trade,2024-10-28,AAPL,Long,2024-10-28T14:41:00+00:00,2024-10-28T15:56:00+00:00,234.2552,233.4699,1.28,-1.01,-0.003352,4500000,SessionClose,window:candle reversal,shooting_star,0.4355,0.1169,0.5594,0.3474,0.5704,-0.1900,-0.0473,0.5474,,,
summary,2024-10-28,AAPL,,,,,,,-1.01,,1,,,,,,,,,,,,0.9532,2024-10-25T14:54:00+00:00,707,1112
summary,2024-10-28,MSFT,,,,,,,0.00,,0,,,,,,,,,,,,0.9245,2024-10-25T13:46:00+00:00,296,1017
summary,2024-10-29,SPY,,,,,,,0.00,,0,,,,,,,,,,,,0.3775,2024-10-29T14:24:00+00:00,593,1406
trade,2024-10-29,QQQ,Long,2024-10-29T14:25:00+00:00,2024-10-29T15:56:00+00:00,497.7343,497.9455,0.60,0.13,0.000424,5460000,SessionClose,window:strong core,,0.4272,0.2972,0.5771,0.4568,0.3181,0.1943,0.2843,0.3571,,,
summary,2024-10-29,QQQ,,,,,,,0.13,,1,,,,,,,,,,,,0.4272,2024-10-29T14:24:00+00:00,631,1480
summary,2024-10-29,AAPL,,,,,,,0.00,,0,,,,,,,,,,,,0.5586,2024-10-28T16:44:00+00:00,683,1337
summary,2024-10-30,SPY,,,,,,,0.00,,0,,,,,,,,,,,,0.3775,2024-10-29T14:24:00+00:00,944,2216
summary,2024-10-30,QQQ,,,,,,,0.00,,0,,,,,,,,,,,,0.4272,2024-10-29T14:24:00+00:00,1193,2368
summary,2024-10-30,AAPL,,,,,,,0.00,,0,,,,,,,,,,,,0.5586,2024-10-28T16:44:00+00:00,706,2110
trade,2024-10-30,MSFT,Long,2024-10-30T14:26:00+00:00,2024-10-30T15:31:00+00:00,437.6363,436.1344,0.69,-1.03,-0.003432,3900000,ScoreExit,window:strong core,,0.4004,-0.0543,0.5025,0.3931,0.3810,-0.4586,-0.2007,0.3731,,,
summary,2024-10-30,MSFT,,,,,,,-1.03,,1,,,,,,,,,,,,0.5698,2024-10-28T09:52:00+00:00,1158,1950
summary,2024-10-31,SPY,,,,,,,0.00,,0,,,,,,,,,,,,0.4002,2024-10-28T14:45:00+00:00,726,2802
summary,2024-10-31,QQQ,,,,,,,0.00,,0,,,,,,,,,,,,0.4833,2024-10-28T14:42:00+00:00,1069,2972
summary,2024-10-31,AAPL,,,,,,,0.00,,0,,,,,,,,,,,,0.8528,2024-10-28T14:42:00+00:00,581,2668
summary,2024-10-31,MSFT,,,,,,,0.00,,0,,,,,,,,,,,,0.6316,2024-10-30T20:03:00+00:00,1122,2704
summary,2024-11-01,SPY,,,,,,,0.00,,0,,,,,,,,,,,,0.6901,2024-10-29T15:03:00+00:00,800,2894
summary,2024-11-01,QQQ,,,,,,,0.00,,0,,,,,,,,,,,,0.8648,2024-10-29T14:57:00+00:00,935,3050
summary,2024-11-01,AAPL,,,,,,,0.00,,0,,,,,,,,,,,,0.6346,2024-10-29T13:45:00+00:00,339,2859
summary,2024-11-01,MSFT,,,,,,,0.00,,0,,,,,,,,,,,,0.8610,2024-10-29T14:52:00+00:00,1239,2960
summary,2024-11-04,SPY,,,,,,,0.00,,0,,,,,,,,,,,,0.7730,2024-11-01T14:29:00+00:00,351,1146
summary,2024-11-04,QQQ,,,,,,,0.00,,0,,,,,,,,,,,,0.8905,2024-11-01T14:29:00+00:00,508,1193
summary,2024-11-04,MSFT,,,,,,,0.00,,0,,,,,,,,,,,,0.9597,2024-11-01T15:02:00+00:00,291,1017
trade,2024-11-05,SPY,Long,2024-11-05T14:36:00+00:00,2024-11-05T15:56:00+00:00,572.1254,573.7028,0.52,0.83,0.002757,4800000,SessionClose,window:strong core,three_outside_up,0.3937,0.0102,0.5041,0.3835,0.3771,-0.5519,-0.1062,0.4303,,,
summary,2024-11-05,SPY,,,,,,,0.83,,1,,,,,,,,,,,,0.7573,2024-11-04T10:39:00+00:00,775,1337
trade,2024-11-05,QQQ,Long,2024-11-05T14:31:00+00:00,2024-11-05T15:56:00+00:00,488.4315,489.7580,0.61,0.81,0.002716,5100000,SessionClose,window:strong core,,0.4000,-0.0109,0.4689,0.3705,0.4359,-0.5514,-0.1539,0.4551,,,
summary,2024-11-05,QQQ,,,,,,,0.81,,1,,,,,,,,,,,,0.7634,2024-11-04T10:34:00+00:00,906,1462
trade,2024-11-05,AAPL,Long,2024-11-05T14:31:00+00:00,2024-11-05T15:47:00+00:00,223.1519,222.7282,1.35,-0.57,-0.001899,4560000,ScoreExit,window:strong core,shooting_star,0.4607,-0.0700,0.5790,0.4105,0.5217,-0.5548,-0.1889,0.3293,,,
summary,2024-11-05,AAPL,,,,,,,-0.57,,1,,,,,,,,,,,,0.5914,2024-11-04T15:07:00+00:00,748,1262
trade,2024-11-05,MSFT,Long,2024-11-05T14:36:00+00:00,2024-11-05T15:56:00+00:00,410.6382,411.5215,0.73,0.65,0.002151,4800000,SessionClose,window:strong core,three_outside_up,0.4526,-0.0450,0.4602,0.4177,0.5198,-0.5583,-0.2031,0.4424,,,
summary,2024-11-05,MSFT,,,,,,,0.65,,1,,,,,,,,,,,,0.5170,2024-11-05T14:59:00+00:00,583,1096
summary,2024-11-06,SPY,,,,,,,0.00,,0,,,,,,,,,,,,0.7847,2024-11-06T09:02:00+00:00,1558,2265
trade,2024-11-06,QQQ,Long,2024-11-06T14:36:00+00:00,2024-11-06T14:51:00+00:00,502.0556,499.8350,0.60,-1.33,-0.004423,900000,ScoreExit,window:strong core,,0.4202,-0.0830,0.5315,0.4258,0.3719,-0.5739,-0.2286,0.3719,,,
trade,2024-11-06,QQQ,Long,2024-11-06T15:31:00+00:00,2024-11-06T15:56:00+00:00,503.3760,501.2646,0.60,-1.26,-0.004194,1500000,SessionClose,window:candle reversal,shooting_star,0.3615,0.0011,0.4991,0.3243,0.3899,-0.2712,-0.1479,0.3899,,,
summary,2024-11-06,QQQ,,,,,,,-2.59,,2,,,,,,,,,,,,0.7634,2024-11-04T10:34:00+00:00,1663,2378
trade,2024-11-06,AAPL,Long,2024-11-06T15:21:00+00:00,2024-11-06T15:51:00+00:00,225.7827,224.6776,1.33,-1.47,-0.004895,1800000,ScoreExit,window:candle reversal,shooting_star,0.3601,-0.0916,0.5743,0.3592,0.2905,-0.5667,-0.2035,0.2905,,,
summary,2024-11-06,AAPL,,,,,,,-1.47,,1,,,,,,,,,,,,0.5914,2024-11-04T15:07:00+00:00,1247,2089
trade,2024-11-06,MSFT,Long,2024-11-06T14:56:00+00:00,2024-11-06T15:51:00+00:00,416.9610,417.0099,0.68,0.03,0.000117,3300000,ScoreExit,window:strong core,shooting_star,0.3616,-0.1205,0.3803,0.3762,0.3261,-0.5450,-0.2385,0.2570,,,
summary,2024-11-06,MSFT,,,,,,,0.03,,1,,,,,,,,,,,,0.5218,2024-11-06T09:01:00+00:00,1111,1832
trade,2024-11-07,SPY,Long,2024-11-07T14:57:00+00:00,2024-11-07T15:56:00+00:00,594.1332,594.6066,0.51,0.24,0.000797,3540000,SessionClose,window:strong core,shooting_star,0.3589,0.1812,0.5623,0.3505,0.3078,0.0798,0.1313,0.3149,,,
summary,2024-11-07,SPY,,,,,,,0.24,,1,,,,,,,,,,,,0.8282,2024-11-06T09:02:00+00:00,2082,2905
summary,2024-11-07,AAPL,,,,,,,0.00,,0,,,,,,,,,,,,0.8925,2024-11-04T15:07:00+00:00,1770,2644
trade,2024-11-07,MSFT,Long,2024-11-07T15:20:00+00:00,2024-11-07T15:56:00+00:00,422.8118,423.6879,0.71,0.62,0.002072,2160000,SessionClose,window:strong core,hammer,0.3678,0.2712,0.4585,0.3619,0.3492,0.0607,0.2673,0.3492,,,
summary,2024-11-07,MSFT,,,,,,,0.62,,1,,,,,,,,,,,,0.8971,2024-11-04T15:49:00+00:00,1582,2317
summary,2024-11-08,SPY,,,,,,,0.00,,0,,,,,,,,,,,,0.8127,2024-11-05T15:46:00+00:00,2463,2990
summary,2024-11-08,QQQ,,,,,,,0.00,,0,,,,,,,,,,,,0.7123,2024-11-05T15:01:00+00:00,2446,3025
trade,2024-11-08,AAPL,Long,2024-11-08T14:36:00+00:00,2024-11-08T15:24:00+00:00,228.3937,227.5967,1.31,-1.05,-0.003490,2880000,ScoreExit,window:strong core,three_outside_up,0.3778,-0.0676,0.4513,0.3827,0.3436,-0.5061,-0.1486,0.2407,,,
summary,2024-11-08,AAPL,,,,,,,-1.05,,1,,,,,,,,,,,,0.8098,2024-11-05T14:55:00+00:00,1727,2695
summary,2024-11-08,MSFT,,,,,,,0.00,,0,,,,,,,,,,,,0.8282,2024-11-05T15:00:00+00:00,1590,2362
summary,2024-11-11,SPY,,,,,,,0.00,,0,,,,,,,,,,,,0.7392,2024-11-08T15:52:00+00:00,675,1140
summary,2024-11-11,QQQ,,,,,,,0.00,,0,,,,,,,,,,,,0.4236,2024-11-08T18:39:00+00:00,698,1154
summary,2024-11-11,AAPL,,,,,,,0.00,,0,,,,,,,,,,,,0.6243,2024-11-08T14:32:00+00:00,107,1084
summary,2024-11-11,MSFT,,,,,,,0.00,,0,,,,,,,,,,,,0.5436,2024-11-08T14:37:00+00:00,83,989
summary,2024-11-12,SPY,,,,,,,0.00,,0,,,,,,,,,,,,0.3395,2024-11-12T19:02:00+00:00,398,1430
trade,2024-11-12,AAPL,Long,2024-11-12T15:46:00+00:00,2024-11-12T15:56:00+00:00,224.6574,224.7176,1.34,0.08,0.000268,600000,SessionClose,window:strong core,hammer,0.3684,0.2573,0.4192,0.3565,0.3751,0.3039,0.1812,0.3937,,,
summary,2024-11-12,AAPL,,,,,,,0.08,,1,,,,,,,,,,,,0.4189,2024-11-12T16:19:00+00:00,596,1322
trade,2024-11-12,MSFT,Long,2024-11-12T14:35:00+00:00,2024-11-12T15:01:00+00:00,419.8909,418.5194,0.71,-0.98,-0.003266,1560000,ScoreExit,window:candle reversal,shooting_star,0.3494,-0.1298,0.5260,0.3941,0.2010,-0.5073,-0.1921,0.1205,,,
summary,2024-11-12,MSFT,,,,,,,-0.98,,1,,,,,,,,,,,,0.4682,2024-11-12T19:04:00+00:00,458,1122
summary,2024-11-13,SPY,,,,,,,0.00,,0,,,,,,,,,,,,0.3463,2024-11-13T13:40:00+00:00,631,2220
summary,2024-11-13,AAPL,,,,,,,0.00,,0,,,,,,,,,,,,0.4437,2024-11-13T17:47:00+00:00,928,1965
summary,2024-11-13,MSFT,,,,,,,0.00,,0,,,,,,,,,,,,0.5511,2024-11-13T16:51:00+00:00,785,1715
summary,2024-11-14,SPY,,,,,,,0.00,,0,,,,,,,,,,,,0.3983,2024-11-11T15:57:00+00:00,708,2816
summary,2024-11-14,AAPL,,,,,,,0.00,,0,,,,,,,,,,,,0.4843,2024-11-11T20:59:00+00:00,1474,2453
summary,2024-11-14,MSFT,,,,,,,0.00,,0,,,,,,,,,,,,0.5494,2024-11-13T16:51:00+00:00,1077,2151
summary,2024-11-15,SPY,,,,,,,0.00,,0,,,,,,,,,,,,0.3881,2024-11-13T13:40:00+00:00,719,2829
summary,2024-11-15,QQQ,,,,,,,0.00,,0,,,,,,,,,,,,0.4135,2024-11-12T14:38:00+00:00,576,2875
summary,2024-11-15,AAPL,,,,,,,0.00,,0,,,,,,,,,,,,0.8284,2024-11-12T16:04:00+00:00,1122,2415
summary,2024-11-15,MSFT,,,,,,,0.00,,0,,,,,,,,,,,,0.8232,2024-11-12T14:36:00+00:00,1142,2158
trade,2024-11-18,SPY,Long,2024-11-18T15:35:00+00:00,2024-11-18T15:56:00+00:00,588.2214,588.0485,0.51,-0.09,-0.000294,1260000,SessionClose,window:strong core,hammer,0.3831,0.2812,0.5581,0.3955,0.3001,0.0662,0.2985,0.3183,,,
summary,2024-11-18,SPY,,,,,,,-0.09,,1,,,,,,,,,,,,0.3964,2024-11-18T15:49:00+00:00,419,1187
trade,2024-11-18,QQQ,Long,2024-11-18T15:21:00+00:00,2024-11-18T15:56:00+00:00,499.6398,500.9247,0.60,0.77,0.002572,2100000,SessionClose,window:strong core,three_outside_up,0.4179,0.3455,0.4875,0.4121,0.4064,-0.1409,0.3490,0.5004,,,
trade,2024-11-18,QQQ,Long,2024-11-18T15:58:00+00:00,2024-11-18T15:59:00+00:00,501.0753,500.9147,0.60,-0.10,-0.000321,60000,SessionClose,window:candle reversal,evening_star,0.3061,0.3573,-0.5342,0.3490,0.5004,-0.0227,0.3490,0.5004,,,
summary,2024-11-18,QQQ,,,,,,,0.68,,2,,,,,,,,,,,,0.5079,2024-11-18T15:34:00+00:00,482,1243
trade,2024-11-18,AAPL,Long,2024-11-18T14:31:00+00:00,2024-11-18T15:56:00+00:00,226.2929,228.5664,1.33,3.01,0.010047,5100000,SessionClose,window:strong core,shooting_star,0.4062,0.1677,0.4909,0.3529,0.4844,-0.2761,0.0303,0.5903,,,
summary,2024-11-18,AAPL,,,,,,,3.01,,1,,,,,,,,,,,,0.5233,2024-11-18T15:17:00+00:00,465,1038
trade,2024-11-18,MSFT,Long,2024-11-18T15:29:00+00:00,2024-11-18T15:56:00+00:00,417.2901,417.3498,0.72,0.04,0.000143,1620000,SessionClose,window:strong core,,0.3973,0.1261,0.5716,0.4020,0.3299,-0.5761,0.1215,0.3696,,,
summary,2024-11-18,MSFT,,,,,,,0.04,,1,,,,,,,,,,,,0.4783,2024-11-18T15:34:00+00:00,306,984
summary,2024-11-19,SPY,,,,,,,0.00,,0,,,,,,,,,,,,0.4734,2024-11-18T15:49:00+00:00,864,1449
trade,2024-11-19,QQQ,Long,2024-11-19T15:34:00+00:00,2024-11-19T15:56:00+00:00,499.8949,500.2549,0.60,0.22,0.000720,1320000,SessionClose,window:strong core,hammer,0.3770,0.3351,0.5569,0.3781,0.3147,0.2610,0.3338,0.3626,,,
trade,2024-11-19,QQQ,Long,2024-11-19T15:58:00+00:00,2024-11-19T15:59:00+00:00,500.6652,500.1849,0.60,-0.29,-0.000959,60000,SessionClose,window:candle reversal,shooting_star,0.3445,0.3112,0.3395,0.3338,0.3677,0.0379,0.3338,0.3573,,,
summary,2024-11-19,QQQ,,,,,,,-0.07,,2,,,,,,,,,,,,0.6583,2024-11-18T15:34:00+00:00,868,1555
trade,2024-11-19,AAPL,Long,2024-11-19T14:32:00+00:00,2024-11-19T15:56:00+00:00,228.5120,229.1862,1.31,0.89,0.002950,5040000,SessionClose,window:strong core,,0.3828,0.1798,0.6046,0.3788,0.3168,0.1739,0.0185,0.5043,,,
summary,2024-11-19,AAPL,,,,,,,0.89,,1,,,,,,,,,,,,0.6464,2024-11-18T15:17:00+00:00,857,1224
summary,2024-11-19,MSFT,,,,,,,0.00,,0,,,,,,,,,,,,0.7585,2024-11-18T10:50:00+00:00,544,1097
summary,2024-11-20,SPY,,,,,,,0.00,,0,,,,,,,,,,,,0.4734,2024-11-18T15:49:00+00:00,1210,2228
summary,2024-11-20,QQQ,,,,,,,0.00,,0,,,,,,,,,,,,0.6583,2024-11-18T15:34:00+00:00,1326,2417
summary,2024-11-20,AAPL,,,,,,,0.00,,0,,,,,,,,,,,,0.6464,2024-11-18T15:17:00+00:00,1042,1878
summary,2024-11-20,MSFT,,,,,,,0.00,,0,,,,,,,,,,,,0.7585,2024-11-18T10:50:00+00:00,743,1679
summary,2024-11-21,SPY,,,,,,,0.00,,0,,,,,,,,,,,,0.8251,2024-11-18T15:49:00+00:00,1599,2807
summary,2024-11-21,QQQ,,,,,,,0.00,,0,,,,,,,,,,,,0.9543,2024-11-18T15:51:00+00:00,1807,2994
summary,2024-11-21,AAPL,,,,,,,0.00,,0,,,,,,,,,,,,0.9548,2024-11-18T15:52:00+00:00,1278,2428
summary,2024-11-21,MSFT,,,,,,,0.00,,0,,,,,,,,,,,,0.9559,2024-11-18T15:49:00+00:00,816,2141
summary,2024-11-22,SPY,,,,,,,0.00,,0,,,,,,,,,,,,0.8943,2024-11-19T15:52:00+00:00,1861,2800
summary,2024-11-22,QQQ,,,,,,,0.00,,0,,,,,,,,,,,,0.8915,2024-11-19T15:52:00+00:00,2007,2967
summary,2024-11-22,AAPL,,,,,,,0.00,,0,,,,,,,,,,,,0.9557,2024-11-19T15:52:00+00:00,1146,2387
summary,2024-11-22,MSFT,,,,,,,0.00,,0,,,,,,,,,,,,0.7717,2024-11-19T15:49:00+00:00,1054,2157
summary,2024-11-25,SPY,,,,,,,0.00,,0,,,,,,,,,,,,0.5555,2024-11-22T15:59:00+00:00,799,1190
summary,2024-11-25,QQQ,,,,,,,0.00,,0,,,,,,,,,,,,0.5525,2024-11-22T15:44:00+00:00,852,1212
trade,2024-11-25,AAPL,Long,2024-11-25T14:36:00+00:00,2024-11-25T15:56:00+00:00,232.7148,232.1503,1.29,-0.73,-0.002426,4800000,SessionClose,window:strong core,hammer,0.4605,-0.0201,0.5506,0.4008,0.5498,-0.5076,-0.2039,0.5099,,,
summary,2024-11-25,AAPL,,,,,,,-0.73,,1,,,,,,,,,,,,0.8346,2024-11-22T14:39:00+00:00,696,1058
trade,2024-11-25,MSFT,Long,2024-11-25T14:36:00+00:00,2024-11-25T14:51:00+00:00,419.1207,417.7496,0.72,-0.98,-0.003271,900000,ScoreExit,window:strong core,hammer,0.4196,-0.1613,0.5437,0.4144,0.3887,-0.6443,-0.3558,0.3887,,,
summary,2024-11-25,MSFT,,,,,,,-0.98,,1,,,,,,,,,,,,0.9704,2024-11-22T14:41:00+00:00,722,1008
summary,2024-11-26,SPY,,,,,,,0.00,,0,,,,,,,,,,,,0.3781,2024-11-25T13:52:00+00:00,757,1427
summary,2024-11-26,QQQ,,,,,,,0.00,,0,,,,,,,,,,,,0.5862,2024-11-25T10:19:00+00:00,764,1547
trade,2024-11-26,AAPL,Long,2024-11-26T14:31:00+00:00,2024-11-26T15:56:00+00:00,234.2073,235.3844,1.28,1.51,0.005026,5100000,SessionClose,window:strong core,three_outside_up,0.4559,0.3304,0.4200,0.3796,0.6205,0.4699,0.1581,0.6285,,,
summary,2024-11-26,AAPL,,,,,,,1.51,,1,,,,,,,,,,,,0.7846,2024-11-25T10:43:00+00:00,839,1347
trade,2024-11-26,MSFT,Long,2024-11-26T14:41:00+00:00,2024-11-26T15:56:00+00:00,421.6164,425.5373,0.71,2.79,0.009300,4500000,SessionClose,window:strong core,hammer,0.5110,0.1320,0.0583,0.5000,0.6838,-0.4924,-0.0333,0.6709,,,
summary,2024-11-26,MSFT,,,,,,,2.79,,1,,,,,,,,,,,,0.6120,2024-11-25T14:39:00+00:00,691,1145
summary,2024-11-27,QQQ,,,,,,,0.00,,0,,,,,,,,,,,,0.5862,2024-11-25T10:19:00+00:00,982,2393
summary,2024-11-27,MSFT,,,,,,,0.00,,0,,,,,,,,,,,,0.6120,2024-11-25T14:39:00+00:00,1029,1743
summary,2024-11-28,SPY,,,,,,,0.00,,0,,,,,,,,,,,,0.4744,2024-11-25T14:37:00+00:00,922,2101
summary,2024-11-28,QQQ,,,,,,,0.00,,0,,,,,,,,,,,,0.6654,2024-11-25T14:41:00+00:00,851,2249
summary,2024-11-28,AAPL,,,,,,,0.00,,0,,,,,,,,,,,,0.7188,2024-11-25T14:44:00+00:00,1220,1991
summary,2024-11-28,MSFT,,,,,,,0.00,,0,,,,,,,,,,,,1.0000,2024-11-25T14:39:00+00:00,951,1731
summary,2024-11-29,SPY,,,,,,,0.00,,0,,,,,,,,,,,,0.4964,2024-11-26T16:02:00+00:00,1161,1828
summary,2024-11-29,QQQ,,,,,,,0.00,,0,,,,,,,,,,,,0.4109,2024-11-29T15:17:00+00:00,748,1913
summary,2024-11-29,AAPL,,,,,,,0.00,,0,,,,,,,,,,,,0.9055,2024-11-26T15:44:00+00:00,976,1647
summary,2024-11-29,MSFT,,,,,,,0.00,,0,,,,,,,,,,,,0.9567,2024-11-26T15:42:00+00:00,621,1485
summary,2024-12-02,SPY,,,,,,,0.00,,0,,,,,,,,,,,,0.7533,2024-11-29T16:01:00+00:00,682,997
trade,2024-12-02,QQQ,Long,2024-12-02T14:31:00+00:00,2024-12-02T15:56:00+00:00,511.5789,513.6557,0.59,1.22,0.004059,5100000,SessionClose,window:strong core,bearish_engulfing,0.4450,-0.0202,0.5482,0.4028,0.4949,-0.4489,-0.1860,0.4543,,,
summary,2024-12-02,QQQ,,,,,,,1.22,,1,,,,,,,,,,,,0.8468,2024-11-29T15:43:00+00:00,814,995
trade,2024-12-02,AAPL,Long,2024-12-02T14:31:00+00:00,2024-12-02T15:56:00+00:00,238.7666,240.0631,1.26,1.63,0.005430,5100000,SessionClose,window:strong core,hammer,0.4997,0.0982,0.5968,0.4632,0.5404,-0.4348,-0.0484,0.5690,,,
summary,2024-12-02,AAPL,,,,,,,1.63,,1,,,,,,,,,,,,0.7779,2024-11-29T14:40:00+00:00,812,936
trade,2024-12-02,MSFT,Long,2024-12-02T14:32:00+00:00,2024-12-02T15:56:00+00:00,423.1269,431.3056,0.71,5.80,0.019329,5040000,SessionClose,window:strong core,bullish_engulfing,0.3843,0.2383,0.5386,0.3901,0.3212,-0.4414,0.1396,0.6623,,,
summary,2024-12-02,MSFT,,,,,,,5.80,,1,,,,,,,,,,,,0.9546,2024-11-29T15:43:00+00:00,617,773
summary,2024-12-03,SPY,,,,,,,0.00,,0,,,,,,,,,,,,0.5032,2024-12-02T10:22:00+00:00,826,1321
summary,2024-12-03,QQQ,,,,,,,0.00,,0,,,,,,,,,,,,0.5318,2024-12-02T14:54:00+00:00,999,1433
trade,2024-12-03,AAPL,Long,2024-12-03T14:51:00+00:00,2024-12-03T15:56:00+00:00,240.4571,240.7691,1.25,0.39,0.001298,3900000,SessionClose,window:strong core,hammer,0.3742,0.2194,0.4500,0.3554,0.3863,-0.2269,0.1736,0.4598,,,
summary,2024-12-03,AAPL,,,,,,,0.39,,1,,,,,,,,,,,,0.6345,2024-12-02T14:34:00+00:00,892,1244
trade,2024-12-03,MSFT,Long,2024-12-03T15:00:00+00:00,2024-12-03T15:26:00+00:00,431.4094,430.0859,0.70,-0.92,-0.003068,1560000,ScoreExit,window:strong core,hammer,0.3956,-0.1146,0.5646,0.3982,0.3340,-0.5427,-0.2076,0.2141,,,
summary,2024-12-03,MSFT,,,,,,,-0.92,,1,,,,,,,,,,,,0.7571,2024-12-02T15:32:00+00:00,793,1055
summary,2024-12-04,SPY,,,,,,,0.00,,0,,,,,,,,,,,,0.5032,2024-12-02T10:22:00+00:00,1378,2081
trade,2024-12-04,QQQ,Long,2024-12-04T15:32:00+00:00,2024-12-04T15:56:00+00:00,521.4513,521.3985,0.58,-0.03,-0.000101,1440000,SessionClose,window:strong core,shooting_star,0.3519,0.2407,0.3359,0.3693,0.3225,-0.2385,0.2796,0.3225,,,
summary,2024-12-04,QQQ,,,,,,,-0.03,,1,,,,,,,,,,,,0.5318,2024-12-02T14:54:00+00:00,1703,2278
summary,2024-12-04,AAPL,,,,,,,0.00,,0,,,,,,,,,,,,0.6345,2024-12-02T14:34:00+00:00,1440,1936
trade,2024-12-04,MSFT,Long,2024-12-04T14:36:00+00:00,2024-12-04T15:56:00+00:00,435.9758,438.3535,0.69,1.64,0.005454,4800000,SessionClose,window:strong core,three_outside_up,0.4243,0.2273,0.5627,0.4139,0.3990,0.1480,0.1491,0.4101,,,
summary,2024-12-04,MSFT,,,,,,,1.64,,1,,,,,,,,,,,,0.7571,2024-12-02T15:32:00+00:00,1289,1710
summary,2024-12-05,SPY,,,,,,,0.00,,0,,,,,,,,,,,,0.4346,2024-12-02T15:49:00+00:00,1527,2540
summary,2024-12-05,QQQ,,,,,,,0.00,,0,,,,,,,,,,,,0.5961,2024-12-02T17:04:00+00:00,2000,2816
summary,2024-12-05,AAPL,,,,,,,0.00,,0,,,,,,,,,,,,0.8933,2024-12-02T15:31:00+00:00,1643,2388
summary,2024-12-05,MSFT,,,,,,,0.00,,0,,,,,,,,,,,,1.0000,2024-12-02T14:38:00+00:00,1668,2173
summary,2024-12-06,SPY,,,,,,,0.00,,0,,,,,,,,,,,,0.3662,2024-12-04T19:32:00+00:00,1567,2540
trade,2024-12-06,QQQ,Long,2024-12-06T15:04:00+00:00,2024-12-06T15:51:00+00:00,525.4927,525.0704,0.57,-0.24,-0.000804,2820000,ScoreExit,window:candle reversal,shooting_star,0.3077,-0.0648,0.3404,0.3143,0.2835,-0.5383,-0.1601,0.2835,,,
summary,2024-12-06,QQQ,,,,,,,-0.24,,1,,,,,,,,,,,,0.5848,2024-12-03T16:02:00+00:00,2132,2814
summary,2024-12-06,AAPL,,,,,,,0.00,,0,,,,,,,,,,,,0.8539,2024-12-03T15:01:00+00:00,1618,2335
summary,2024-12-06,MSFT,,,,,,,0.00,,0,,,,,,,,,,,,0.9045,2024-12-03T15:02:00+00:00,1620,2251
summary,2024-12-09,SPY,,,,,,,0.00,,0,,,,,,,,,,,,0.3490,2024-12-06T14:48:00+00:00,251,1152
summary,2024-12-09,QQQ,,,,,,,0.00,,0,,,,,,,,,,,,0.5623,2024-12-06T14:52:00+00:00,532,1201
trade,2024-12-09,MSFT,Long,2024-12-09T15:16:00+00:00,2024-12-09T15:56:00+00:00,444.2082,444.1817,0.68,-0.02,-0.000060,2400000,SessionClose,window:candle reversal,shooting_star,0.3533,0.1924,0.4921,0.3741,0.2654,-0.4020,0.2381,0.2991,,,
summary,2024-12-09,MSFT,,,,,,,-0.02,,1,,,,,,,,,,,,0.7598,2024-12-06T14:48:00+00:00,422,1013
summary,2024-12-10,SPY,,,,,,,0.00,,0,,,,,,,,,,,,0.2974,2024-12-09T12:04:00+00:00,282,1326
trade,2024-12-10,QQQ,Long,2024-12-10T14:48:00+00:00,2024-12-10T15:42:00+00:00,524.7724,523.8228,0.57,-0.54,-0.001810,3240000,ScoreExit,window:candle reversal,shooting_star,0.3220,-0.0644,0.4158,0.3246,0.2856,-0.5050,-0.1140,0.1816,,,
summary,2024-12-10,QQQ,,,,,,,-0.54,,1,,,,,,,,,,,,0.3733,2024-12-10T14:44:00+00:00,317,1482
summary,2024-12-10,AAPL,,,,,,,0.00,,0,,,,,,,,,,,,0.6352,2024-12-09T16:04:00+00:00,990,1308
trade,2024-12-10,MSFT,Long,2024-12-10T14:31:00+00:00,2024-12-10T15:56:00+00:00,445.5936,447.5607,0.67,1.33,0.004414,5100000,SessionClose,window:strong core,three_outside_up,0.4711,0.0060,0.5854,0.5066,0.3619,-0.5102,-0.1451,0.4802,,,
summary,2024-12-10,MSFT,,,,,,,1.33,,1,,,,,,,,,,,,0.6268,2024-12-09T15:35:00+00:00,607,1164
summary,2024-12-11,SPY,,,,,,,0.00,,0,,,,,,,,,,,,0.3502,2024-12-11T14:06:00+00:00,844,2040
summary,2024-12-11,QQQ,,,,,,,0.00,,0,,,,,,,,,,,,0.4418,2024-12-11T14:51:00+00:00,752,2287
trade,2024-12-11,AAPL,Long,2024-12-11T14:52:00+00:00,2024-12-11T15:56:00+00:00,249.5128,249.7755,1.20,0.32,0.001053,3840000,SessionClose,window:strong core,three_outside_up,0.3623,0.2368,0.3493,0.3883,0.3145,0.1038,0.1922,0.3702,,,
summary,2024-12-11,AAPL,,,,,,,0.32,,1,,,,,,,,,,,,0.6352,2024-12-09T16:04:00+00:00,1384,1981
trade,2024-12-11,MSFT,Long,2024-12-11T15:02:00+00:00,2024-12-11T15:56:00+00:00,446.6089,447.7506,0.67,0.77,0.002556,3240000,SessionClose,window:strong core,,0.4039,0.1080,0.5225,0.4274,0.3175,-0.5308,0.0773,0.3824,,,
summary,2024-12-11,MSFT,,,,,,,0.77,,1,,,,,,,,,,,,0.6268,2024-12-09T15:35:00+00:00,947,1764
summary,2024-12-12,SPY,,,,,,,0.00,,0,,,,,,,,,,,,0.3585,2024-12-11T14:06:00+00:00,1165,2569
summary,2024-12-12,QQQ,,,,,,,0.00,,0,,,,,,,,,,,,0.4498,2024-12-11T14:51:00+00:00,1380,2820
summary,2024-12-12,AAPL,,,,,,,0.00,,0,,,,,,,,,,,,0.9568,2024-12-09T15:58:00+00:00,1694,2541
trade,2024-12-12,MSFT,Long,2024-12-12T15:58:00+00:00,2024-12-12T15:59:00+00:00,454.7314,454.6786,0.66,-0.03,-0.000116,60000,SessionClose,window:strong core,hammer,0.3600,0.3809,-0.2772,0.3978,0.4966,-0.0680,0.3978,0.4966,,,
summary,2024-12-12,MSFT,,,,,,,-0.03,,1,,,,,,,,,,,,0.8990,2024-12-09T15:35:00+00:00,1173,2164
summary,2024-12-13,SPY,,,,,,,0.00,,0,,,,,,,,,,,,0.5580,2024-12-10T15:43:00+00:00,1323,2648
trade,2024-12-13,QQQ,Long,2024-12-13T14:52:00+00:00,2024-12-13T15:19:00+00:00,533.0549,531.3755,0.56,-0.95,-0.003150,1620000,ScoreExit,window:candle reversal,shooting_star,0.3001,-0.0629,0.3494,0.3058,0.2723,-0.4040,-0.0907,0.1063,,,
summary,2024-12-13,QQQ,,,,,,,-0.95,,1,,,,,,,,,,,,0.5327,2024-12-10T14:45:00+00:00,1741,2926
summary,2024-12-13,AAPL,,,,,,,0.00,,0,,,,,,,,,,,,0.7373,2024-12-10T14:48:00+00:00,1225,2579
summary,2024-12-13,MSFT,,,,,,,0.00,,0,,,,,,,,,,,,0.9063,2024-12-10T14:32:00+00:00,908,2196
summary,2024-12-16,SPY,,,,,,,0.00,,0,,,,,,,,,,,,0.3551,2024-12-16T18:29:00+00:00,503,1102
trade,2024-12-16,QQQ,Long,2024-12-16T14:56:00+00:00,2024-12-16T15:56:00+00:00,534.6754,535.2944,0.56,0.35,0.001158,3600000,SessionClose,window:strong core,hammer,0.4064,0.1404,0.3398,0.3849,0.4715,0.2371,-0.0402,0.4693,,,
summary,2024-12-16,QQQ,,,,,,,0.35,,1,,,,,,,,,,,,0.6709,2024-12-13T14:45:00+00:00,764,1175
trade,2024-12-16,AAPL,Long,2024-12-16T14:32:00+00:00,2024-12-16T15:56:00+00:00,248.9096,249.2102,1.21,0.36,0.001208,5040000,SessionClose,window:strong core,hammer,0.4368,0.1952,0.5908,0.4424,0.3743,-0.1305,0.1198,0.4546,,,
summary,2024-12-16,AAPL,,,,,,,0.36,,1,,,,,,,,,,,,0.7569,2024-12-13T14:37:00+00:00,648,1037
summary,2024-12-16,MSFT,,,,,,,0.00,,0,,,,,,,,,,,,0.7116,2024-12-13T14:40:00+00:00,398,945
summary,2024-12-17,SPY,,,,,,,0.00,,0,,,,,,,,,,,,0.7087,2024-12-16T10:33:00+00:00,536,1346
summary,2024-12-17,QQQ,,,,,,,0.00,,0,,,,,,,,,,,,0.7392,2024-12-16T10:30:00+00:00,1038,1546
trade,2024-12-17,AAPL,Long,2024-12-17T14:36:00+00:00,2024-12-17T15:56:00+00:00,251.0603,252.1643,1.20,1.32,0.004397,4800000,SessionClose,window:strong core,,0.3983,0.1037,0.4924,0.3900,0.3835,-0.3848,-0.0161,0.5061,,,
summary,2024-12-17,AAPL,,,,,,,1.32,,1,,,,,,,,,,,,0.6279,2024-12-16T14:34:00+00:00,922,1209
trade,2024-12-17,MSFT,Long,2024-12-17T14:42:00+00:00,2024-12-17T15:56:00+00:00,451.0903,452.2593,0.67,0.78,0.002591,4440000,SessionClose,window:candle reversal,shooting_star,0.3597,0.4273,0.2257,0.4161,0.2916,0.5111,0.3790,0.4959,,,
trade,2024-12-17,MSFT,Long,2024-12-17T15:58:00+00:00,2024-12-17T15:59:00+00:00,452.7308,453.0191,0.66,0.19,0.000637,60000,SessionClose,window:strong core,hammer,0.4286,0.4328,0.5239,0.3790,0.4959,0.5665,0.3790,0.4959,,,
summary,2024-12-17,MSFT,,,,,,,0.97,,2,,,,,,,,,,,,0.5641,2024-12-16T19:54:00+00:00,751,1025
summary,2024-12-18,SPY,,,,,,,0.00,,0,,,,,,,,,,,,0.7087,2024-12-16T10:33:00+00:00,714,2077
summary,2024-12-18,QQQ,,,,,,,0.00,,0,,,,,,,,,,,,0.7392,2024-12-16T10:30:00+00:00,1186,2380
summary,2024-12-18,AAPL,,,,,,,0.00,,0,,,,,,,,,,,,0.6279,2024-12-16T14:34:00+00:00,1336,1890
summary,2024-12-18,MSFT,,,,,,,0.00,,0,,,,,,,,,,,,0.5641,2024-12-16T19:54:00+00:00,1044,1629
summary,2024-12-19,SPY,,,,,,,0.00,,0,,,,,,,,,,,,0.5449,2024-12-16T15:42:00+00:00,614,2797
summary,2024-12-19,QQQ,,,,,,,0.00,,0,,,,,,,,,,,,0.7460,2024-12-16T16:04:00+00:00,970,3046
trade,2024-12-19,AAPL,Long,2024-12-19T15:19:00+00:00,2024-12-19T15:56:00+00:00,250.6717,249.8800,1.20,-0.95,-0.003158,2220000,SessionClose,window:5m thrust,three_outside_up,0.4036,0.1084,0.2801,0.5491,0.1537,-0.3487,0.1966,0.0843,,,
summary,2024-12-19,AAPL,,,,,,,-0.95,,1,,,,,,,,,,,,1.0000,2024-12-16T14:34:00+00:00,1496,2588
summary,2024-12-19,MSFT,,,,,,,0.00,,0,,,,,,,,,,,,0.5866,2024-12-16T20:27:00+00:00,1005,2211
trade,2024-12-20,SPY,Long,2024-12-20T15:35:00+00:00,2024-12-20T15:56:00+00:00,588.2514,588.6983,0.51,0.23,0.000760,1260000,SessionClose,window:5m thrust,three_outside_up,0.3837,0.2658,0.3712,0.5358,0.0838,0.4210,0.3310,0.0838,,,
summary,2024-12-20,SPY,,,,,,,0.23,,1,,,,,,,,,,,,0.5469,2024-12-17T16:00:00+00:00,705,2936
trade,2024-12-20,QQQ,Long,2024-12-20T15:35:00+00:00,2024-12-20T15:56:00+00:00,517.7403,518.1895,0.58,0.26,0.000868,1260000,SessionClose,window:5m thrust,,0.4497,0.3038,0.4116,0.6016,0.1586,0.4270,0.3559,0.1586,,,
summary,2024-12-20,QQQ,,,,,,,0.26,,1,,,,,,,,,,,,0.5181,2024-12-20T16:43:00+00:00,715,3093
summary,2024-12-20,AAPL,,,,,,,0.00,,0,,,,,,,,,,,,0.9452,2024-12-17T14:41:00+00:00,1245,2710
trade,2024-12-20,MSFT,Long,2024-12-20T15:37:00+00:00,2024-12-20T15:56:00+00:00,435.2855,436.3541,0.69,0.74,0.002455,1140000,SessionClose,window:5m thrust,shooting_star,0.3953,0.3683,0.4207,0.5829,0.0115,0.3960,0.5420,0.0115,,,
summary,2024-12-20,MSFT,,,,,,,0.74,,1,,,,,,,,,,,,0.9218,2024-12-17T16:00:00+00:00,690,2360
summary,2024-12-23,SPY,,,,,,,0.00,,0,,,,,,,,,,,,0.9598,2024-12-20T16:04:00+00:00,899,1250
trade,2024-12-23,QQQ,Long,2024-12-23T14:36:00+00:00,2024-12-23T14:47:00+00:00,520.6311,518.7193,0.58,-1.10,-0.003672,660000,ScoreExit,window:strong core,,0.3795,-0.0874,0.4821,0.3976,0.3089,-0.5141,-0.1129,0.1056,,,
summary,2024-12-23,QQQ,,,,,,,-1.10,,1,,,,,,,,,,,,0.9603,2024-12-20T16:04:00+00:00,883,1269
summary,2024-12-23,AAPL,,,,,,,0.00,,0,,,,,,,,,,,,0.9567,2024-12-20T16:04:00+00:00,978,1195
trade,2024-12-23,MSFT,Long,2024-12-23T14:40:00+00:00,2024-12-23T14:42:00+00:00,437.5162,436.3541,0.69,-0.80,-0.002656,120000,ScoreExit,window:strong core,bearish_engulfing,0.3624,-0.0825,0.5374,0.3642,0.3006,-0.2043,-0.1933,0.1797,,,
summary,2024-12-23,MSFT,,,,,,,-0.80,,1,,,,,,,,,,,,0.9579,2024-12-20T16:04:00+00:00,508,981
trade,2024-12-24,SPY,Long,2024-12-24T14:46:00+00:00,2024-12-24T15:56:00+00:00,597.1241,598.7061,0.50,0.80,0.002649,4200000,SessionClose,window:candle reversal,shooting_star,0.3705,0.2221,0.5231,0.3197,0.4211,-0.2454,0.1775,0.4672,,,
summary,2024-12-24,SPY,,,,,,,0.80,,1,,,,,,,,,,,,0.5507,2024-12-23T17:01:00+00:00,879,1312
trade,2024-12-24,QQQ,Long,2024-12-24T14:46:00+00:00,2024-12-24T15:56:00+00:00,526.1028,527.7066,0.57,0.91,0.003049,4200000,SessionClose,window:candle reversal,shooting_star,0.3581,0.2262,0.5280,0.2641,0.4895,-0.0351,0.1285,0.5086,,,
summary,2024-12-24,QQQ,,,,,,,0.91,,1,,,,,,,,,,,,0.5773,2024-12-23T17:01:00+00:00,1021,1405
trade,2024-12-24,AAPL,Long,2024-12-24T14:31:00+00:00,2024-12-24T15:56:00+00:00,255.9017,257.5277,1.17,1.91,0.006354,5100000,SessionClose,window:strong core,hammer,0.4400,0.0983,0.4474,0.4335,0.4505,-0.4164,-0.0224,0.5114,,,
summary,2024-12-24,AAPL,,,,,,,1.91,,1,,,,,,,,,,,,0.4707,2024-12-23T09:11:00+00:00,601,1147
trade,2024-12-24,MSFT,Long,2024-12-24T14:38:00+00:00,2024-12-24T15:56:00+00:00,436.1458,438.0136,0.69,1.28,0.004282,4680000,SessionClose,window:strong core,,0.3727,0.1827,0.6064,0.3541,0.3321,-0.1873,0.0920,0.4873,,,
summary,2024-12-24,MSFT,,,,,,,1.28,,1,,,,,,,,,,,,0.6794,2024-12-23T12:23:00+00:00,391,907
summary,2024-12-25,SPY,,,,,,,0.00,,0,,,,,,,,,,,,0.5507,2024-12-23T17:01:00+00:00,904,1340
summary,2024-12-25,QQQ,,,,,,,0.00,,0,,,,,,,,,,,,0.5773,2024-12-23T17:01:00+00:00,1047,1430
summary,2024-12-25,AAPL,,,,,,,0.00,,0,,,,,,,,,,,,0.4707,2024-12-23T09:11:00+00:00,617,1163
summary,2024-12-25,MSFT,,,,,,,0.00,,0,,,,,,,,,,,,0.6794,2024-12-23T12:23:00+00:00,396,912
summary,2024-12-26,SPY,,,,,,,0.00,,0,,,,,,,,,,,,0.5749,2024-12-23T17:01:00+00:00,1359,1700
summary,2024-12-26,QQQ,,,,,,,0.00,,0,,,,,,,,,,,,0.6053,2024-12-23T17:01:00+00:00,1467,1813
trade,2024-12-26,AAPL,Long,2024-12-26T14:31:00+00:00,2024-12-26T14:51:00+00:00,258.9927,258.5874,1.16,-0.47,-0.001565,1200000,ScoreExit,window:strong core,three_outside_up,0.4093,-0.0713,0.5171,0.4241,0.3438,-0.5286,-0.2027,0.3438,,,
summary,2024-12-26,AAPL,,,,,,,-0.47,,1,,,,,,,,,,,,0.5185,2024-12-23T20:54:00+00:00,970,1481
summary,2024-12-26,MSFT,,,,,,,0.00,,0,,,,,,,,,,,,0.4653,2024-12-23T18:39:00+00:00,702,1267
summary,2024-12-27,SPY,,,,,,,0.00,,0,,,,,,,,,,,,0.8389,2024-12-24T15:46:00+00:00,725,1686
summary,2024-12-27,QQQ,,,,,,,0.00,,0,,,,,,,,,,,,0.8541,2024-12-24T15:46:00+00:00,823,1748
summary,2024-12-27,AAPL,,,,,,,0.00,,0,,,,,,,,,,,,0.8889,2024-12-24T15:49:00+00:00,802,1500
summary,2024-12-27,MSFT,,,,,,,0.00,,0,,,,,,,,,,,,0.9549,2024-12-24T15:49:00+00:00,577,1193
summary,2024-12-30,SPY,,,,,,,0.00,,0,,,,,,,,,,,,0.4041,2024-12-27T19:56:00+00:00,375,1134
summary,2024-12-30,QQQ,,,,,,,0.00,,0,,,,,,,,,,,,0.5266,2024-12-27T21:04:00+00:00,438,1194
summary,2024-12-30,AAPL,,,,,,,0.00,,0,,,,,,,,,,,,0.4407,2024-12-27T21:02:00+00:00,241,1094
summary,2024-12-30,MSFT,,,,,,,0.00,,0,,,,,,,,,,,,0.4658,2024-12-27T21:09:00+00:00,317,980
summary,2024-12-31,SPY,,,,,,,0.00,,0,,,,,,,,,,,,0.6204,2024-12-30T16:43:00+00:00,625,1345
summary,2024-12-31,QQQ,,,,,,,0.00,,0,,,,,,,,,,,,0.6107,2024-12-30T16:42:00+00:00,603,1513
summary,2024-12-31,AAPL,,,,,,,0.00,,0,,,,,,,,,,,,0.5601,2024-12-30T17:28:00+00:00,426,1215
summary,2024-12-31,MSFT,,,,,,,0.00,,0,,,,,,,,,,,,0.5826,2024-12-30T17:45:00+00:00,430,1058
