row_type,date,ticker,direction,entry_time,exit_time,entry_price,exit_price,size,pnl,pnl_pct,hold_duration_ms,exit_reason,entry_reason,candle_pattern,entry_composite,exit_composite,entry_1m,entry_5m,entry_1h,exit_1m,exit_5m,exit_1h,max_composite,max_composite_time,positive_ticks,total_ticks
summary,2022-01-03,SPY,,,,,,,0.00,,0,,,,,,,,,,,,0.4714,2022-01-03T10:38:00+00:00,625,1128
summary,2022-01-03,QQQ,,,,,,,0.00,,0,,,,,,,,,,,,0.4206,2022-01-03T18:44:00+00:00,530,1105
trade,2022-01-03,AAPL,Long,2022-01-03T14:36:00+00:00,2022-01-03T15:56:00+00:00,179.3388,180.8857,1.67,2.59,0.008626,4800000,SessionClose,window:strong core,,0.5684,0.1021,0.5866,0.5434,0.6124,-0.3366,-0.0692,0.5907,,,
summary,2022-01-03,AAPL,,,,,,,2.59,,1,,,,,,,,,,,,0.5981,2022-01-03T14:41:00+00:00,596,1134
summary,2022-01-03,MSFT,,,,,,,0.00,,0,,,,,,,,,,,,0.5420,2022-01-03T09:03:00+00:00,272,966
summary,2022-01-04,SPY,,,,,,,0.00,,0,,,,,,,,,,,,0.7454,2022-01-03T10:30:00+00:00,887,1485
summary,2022-01-04,QQQ,,,,,,,0.00,,0,,,,,,,,,,,,0.7304,2022-01-03T10:22:00+00:00,759,1449
summary,2022-01-04,AAPL,,,,,,,0.00,,0,,,,,,,,,,,,0.7146,2022-01-03T14:41:00+00:00,916,1527
summary,2022-01-04,MSFT,,,,,,,0.00,,0,,,,,,,,,,,,0.5309,2022-01-03T11:01:00+00:00,385,1154
summary,2022-01-05,SPY,,,,,,,0.00,,0,,,,,,,,,,,,0.7454,2022-01-03T10:30:00+00:00,1020,2336
summary,2022-01-05,QQQ,,,,,,,0.00,,0,,,,,,,,,,,,0.7304,2022-01-03T10:22:00+00:00,759,2270
summary,2022-01-05,AAPL,,,,,,,0.00,,0,,,,,,,,,,,,0.7146,2022-01-03T14:41:00+00:00,916,2311
summary,2022-01-05,MSFT,,,,,,,0.00,,0,,,,,,,,,,,,0.5309,2022-01-03T11:01:00+00:00,385,1745
summary,2022-01-06,SPY,,,,,,,0.00,,0,,,,,,,,,,,,0.4812,2022-01-03T14:37:00+00:00,1056,2996
summary,2022-01-06,QQQ,,,,,,,0.00,,0,,,,,,,,,,,,0.6862,2022-01-03T14:37:00+00:00,672,2922
summary,2022-01-06,AAPL,,,,,,,0.00,,0,,,,,,,,,,,,1.0000,2022-01-03T14:36:00+00:00,841,2962
summary,2022-01-06,MSFT,,,,,,,0.00,,0,,,,,,,,,,,,0.6808,2022-01-03T14:31:00+00:00,384,2340
summary,2022-01-07,SPY,,,,,,,0.00,,0,,,,,,,,,,,,0.3666,2022-01-04T14:41:00+00:00,259,3033
summary,2022-01-07,QQQ,,,,,,,0.00,,0,,,,,,,,,,,,0.4470,2022-01-04T20:49:00+00:00,236,2972
summary,2022-01-07,AAPL,,,,,,,0.00,,0,,,,,,,,,,,,0.5892,2022-01-04T14:56:00+00:00,25,2940
summary,2022-01-07,MSFT,,,,,,,0.00,,0,,,,,,,,,,,,0.4246,2022-01-04T20:49:00+00:00,25,2413
summary,2022-01-10,SPY,,,,,,,0.00,,0,,,,,,,,,,,,0.5506,2022-01-07T16:54:00+00:00,254,1132
summary,2022-01-10,QQQ,,,,,,,0.00,,0,,,,,,,,,,,,0.9103,2022-01-07T14:45:00+00:00,255,1130
summary,2022-01-10,AAPL,,,,,,,0.00,,0,,,,,,,,,,,,0.9397,2022-01-07T14:45:00+00:00,389,1130
summary,2022-01-10,MSFT,,,,,,,0.00,,0,,,,,,,,,,,,0.8914,2022-01-07T14:58:00+00:00,448,985
summary,2022-01-11,SPY,,,,,,,0.00,,0,,,,,,,,,,,,0.6316,2022-01-10T19:08:00+00:00,964,1534
trade,2022-01-11,QQQ,Long,2022-01-11T15:21:00+00:00,2022-01-11T15:41:00+00:00,380.4742,378.7913,0.79,-1.33,-0.004423,1200000,ScoreExit,window:candle reversal,shooting_star,0.2246,-0.1234,-0.2695,0.2709,0.2969,-0.5572,-0.2613,0.2969,,,
summary,2022-01-11,QQQ,,,,,,,-1.33,,1,,,,,,,,,,,,0.6733,2022-01-10T18:23:00+00:00,971,1546
summary,2022-01-11,AAPL,,,,,,,0.00,,0,,,,,,,,,,,,0.6348,2022-01-10T18:18:00+00:00,930,1472
summary,2022-01-11,MSFT,,,,,,,0.00,,0,,,,,,,,,,,,0.7303,2022-01-10T18:24:00+00:00,719,1203
summary,2022-01-12,SPY,,,,,,,0.00,,0,,,,,,,,,,,,0.6316,2022-01-10T19:08:00+00:00,1544,2339
summary,2022-01-12,QQQ,,,,,,,0.00,,0,,,,,,,,,,,,0.6733,2022-01-10T18:23:00+00:00,1587,2400
trade,2022-01-12,AAPL,Long,2022-01-12T15:20:00+00:00,2022-01-12T15:36:00+00:00,176.8080,176.3821,1.70,-0.72,-0.002409,960000,ScoreExit,window:candle reversal,bearish_engulfing,0.2162,-0.0519,0.1375,0.1962,0.2823,-0.1061,-0.2100,0.2823,,,
summary,2022-01-12,AAPL,,,,,,,-0.72,,1,,,,,,,,,,,,0.6348,2022-01-10T18:18:00+00:00,1525,2282
summary,2022-01-12,MSFT,,,,,,,0.00,,0,,,,,,,,,,,,0.7303,2022-01-10T18:24:00+00:00,1156,1824
summary,2022-01-13,SPY,,,,,,,0.00,,0,,,,,,,,,,,,0.6298,2022-01-10T20:58:00+00:00,1986,2904
summary,2022-01-13,QQQ,,,,,,,0.00,,0,,,,,,,,,,,,0.6685,2022-01-10T18:23:00+00:00,2019,2979
summary,2022-01-13,AAPL,,,,,,,0.00,,0,,,,,,,,,,,,0.8583,2022-01-10T14:50:00+00:00,1972,2804
summary,2022-01-13,MSFT,,,,,,,0.00,,0,,,,,,,,,,,,0.7265,2022-01-10T18:24:00+00:00,1362,2270
trade,2022-01-14,SPY,Long,2022-01-14T14:54:00+00:00,2022-01-14T15:56:00+00:00,463.6115,462.4462,0.65,-0.75,-0.002514,3720000,SessionClose,window:5m thrust,shooting_star,0.3519,0.0000,0.3596,0.5242,0.0047,0.2686,-0.1198,-0.0555,,,
summary,2022-01-14,SPY,,,,,,,-0.75,,1,,,,,,,,,,,,0.6405,2022-01-11T16:38:00+00:00,1561,2859
trade,2022-01-14,QQQ,Long,2022-01-14T14:42:00+00:00,2022-01-14T15:56:00+00:00,378.0684,377.7516,0.79,-0.25,-0.000838,4440000,SessionClose,window:5m thrust,,0.4114,0.0000,0.3878,0.6153,0.0116,0.4849,-0.1533,-0.0971,,,
summary,2022-01-14,QQQ,,,,,,,-0.25,,1,,,,,,,,,,,,0.9035,2022-01-11T15:05:00+00:00,1570,2994
trade,2022-01-14,AAPL,Long,2022-01-14T14:42:00+00:00,2022-01-14T15:56:00+00:00,172.3667,172.3433,1.74,-0.04,-0.000136,4440000,SessionClose,window:5m thrust,shooting_star,0.3695,0.0000,0.1991,0.5317,0.1021,0.3998,-0.1568,-0.0217,,,
summary,2022-01-14,AAPL,,,,,,,-0.04,,1,,,,,,,,,,,,0.7629,2022-01-11T15:12:00+00:00,1512,2790
trade,2022-01-14,MSFT,Long,2022-01-14T14:36:00+00:00,2022-01-14T15:56:00+00:00,305.8867,308.3725,0.98,2.44,0.008126,4800000,SessionClose,window:5m thrust,shooting_star,0.4681,0.0000,0.3240,0.6906,0.0711,0.4934,-0.0412,-0.0044,,,
summary,2022-01-14,MSFT,,,,,,,2.44,,1,,,,,,,,,,,,0.8938,2022-01-11T15:05:00+00:00,1082,2396
summary,2022-01-17,SPY,,,,,,,0.00,,0,,,,,,,,,,,,0.7904,2022-01-14T14:55:00+00:00,266,492
summary,2022-01-17,QQQ,,,,,,,0.00,,0,,,,,,,,,,,,0.9074,2022-01-14T14:40:00+00:00,290,474
summary,2022-01-17,AAPL,,,,,,,0.00,,0,,,,,,,,,,,,0.8967,2022-01-14T14:55:00+00:00,227,475
summary,2022-01-17,MSFT,,,,,,,0.00,,0,,,,,,,,,,,,1.0000,2022-01-14T14:39:00+00:00,369,455
summary,2022-01-18,SPY,,,,,,,0.00,,0,,,,,,,,,,,,0.5527,2022-01-18T10:29:00+00:00,217,680
trade,2022-01-18,QQQ,Long,2022-01-18T15:11:00+00:00,2022-01-18T15:38:00+00:00,376.1978,374.2427,0.80,-1.56,-0.005197,1620000,ScoreExit,window:candle reversal,shooting_star,0.5335,-0.0513,0.6104,0.2875,1.0000,-0.5089,-0.0625,0.1237,,,
summary,2022-01-18,QQQ,,,,,,,-1.56,,1,,,,,,,,,,,,0.6085,2022-01-18T15:29:00+00:00,211,701
trade,2022-01-18,AAPL,Long,2022-01-18T14:31:00+00:00,2022-01-18T15:46:00+00:00,171.9866,171.6135,1.74,-0.65,-0.002169,4500000,ScoreExit,window:candle reversal,shooting_star,0.4860,-0.0718,0.4658,0.3677,0.7293,-0.1754,-0.1657,0.1505,,,
summary,2022-01-18,AAPL,,,,,,,-0.65,,1,,,,,,,,,,,,0.6712,2022-01-18T10:13:00+00:00,203,660
summary,2022-01-18,MSFT,,,,,,,0.00,,0,,,,,,,,,,,,0.6814,2022-01-18T15:05:00+00:00,198,600
trade,2022-01-19,SPY,Long,2022-01-19T14:36:00+00:00,2022-01-19T15:06:00+00:00,458.4125,458.4674,0.65,0.04,0.000120,1800000,ScoreExit,window:candle reversal,shooting_star,0.3147,-0.1076,0.0442,0.3488,0.3366,-0.4834,-0.1986,0.1998,,,
summary,2022-01-19,SPY,,,,,,,0.04,,1,,,,,,,,,,,,0.5527,2022-01-18T10:29:00+00:00,626,1555
trade,2022-01-19,QQQ,Long,2022-01-19T14:36:00+00:00,2022-01-19T15:21:00+00:00,372.7368,373.1230,0.80,0.31,0.001036,2700000,ScoreExit,window:candle reversal,shooting_star,0.3038,-0.0979,0.1173,0.3217,0.3302,-0.5140,-0.1504,0.1458,,,
summary,2022-01-19,QQQ,,,,,,,0.31,,1,,,,,,,,,,,,0.6085,2022-01-18T15:29:00+00:00,574,1592
trade,2022-01-19,AAPL,Long,2022-01-19T14:56:00+00:00,2022-01-19T15:56:00+00:00,170.6312,168.9343,1.76,-2.98,-0.009945,3600000,SessionClose,window:candle reversal,shooting_star,0.3545,0.0000,0.4912,0.3545,0.3090,0.2788,-0.3425,-0.1703,,,
summary,2022-01-19,AAPL,,,,,,,-2.98,,1,,,,,,,,,,,,0.6712,2022-01-18T10:13:00+00:00,418,1469
summary,2022-01-19,MSFT,,,,,,,0.00,,0,,,,,,,,,,,,0.8115,2022-01-19T14:57:00+00:00,573,1315
trade,2022-01-20,SPY,Long,2022-01-20T15:42:00+00:00,2022-01-20T15:56:00+00:00,457.4822,457.9426,0.66,0.30,0.001006,840000,SessionClose,window:candle reversal,shooting_star,0.2409,0.2569,0.1605,0.2428,0.2638,0.0918,0.2573,0.3113,,,
summary,2022-01-20,SPY,,,,,,,0.30,,1,,,,,,,,,,,,0.5527,2022-01-18T10:29:00+00:00,788,2458
trade,2022-01-20,QQQ,Long,2022-01-20T15:43:00+00:00,2022-01-20T15:56:00+00:00,373.0119,373.0630,0.80,0.04,0.000137,780000,SessionClose,window:candle reversal,shooting_star,0.2001,0.1839,0.2582,0.1374,0.3063,-0.1155,0.1634,0.3249,,,
summary,2022-01-20,QQQ,,,,,,,0.04,,1,,,,,,,,,,,,0.6085,2022-01-18T15:29:00+00:00,747,2509
trade,2022-01-20,AAPL,Long,2022-01-20T15:31:00+00:00,2022-01-20T15:56:00+00:00,169.3758,169.2143,1.77,-0.29,-0.000953,1500000,SessionClose,window:candle reversal,shooting_star,0.3385,0.0993,0.5166,0.3569,0.2422,0.1375,0.0260,0.2331,,,
summary,2022-01-20,AAPL,,,,,,,-0.29,,1,,,,,,,,,,,,0.6712,2022-01-18T10:13:00+00:00,584,2328
summary,2022-01-20,MSFT,,,,,,,0.00,,0,,,,,,,,,,,,0.8115,2022-01-19T14:57:00+00:00,907,2047
summary,2022-01-21,SPY,,,,,,,0.00,,0,,,,,,,,,,,,0.5242,2022-01-18T15:10:00+00:00,562,3098
summary,2022-01-21,QQQ,,,,,,,0.00,,0,,,,,,,,,,,,0.9026,2022-01-18T15:10:00+00:00,569,3134
summary,2022-01-21,AAPL,,,,,,,0.00,,0,,,,,,,,,,,,0.7419,2022-01-18T15:29:00+00:00,398,2981
summary,2022-01-21,MSFT,,,,,,,0.00,,0,,,,,,,,,,,,1.0000,2022-01-18T14:38:00+00:00,792,2655
summary,2022-01-24,SPY,,,,,,,0.00,,0,,,,,,,,,,,,0.9625,2022-01-21T15:50:00+00:00,242,1217
summary,2022-01-24,QQQ,,,,,,,0.00,,0,,,,,,,,,,,,0.9629,2022-01-21T15:50:00+00:00,315,1221
summary,2022-01-24,AAPL,,,,,,,0.00,,0,,,,,,,,,,,,0.9065,2022-01-21T14:31:00+00:00,249,1200
summary,2022-01-24,MSFT,,,,,,,0.00,,0,,,,,,,,,,,,1.0000,2022-01-21T14:31:00+00:00,357,1173
trade,2022-01-25,SPY,Long,2022-01-25T15:47:00+00:00,2022-01-25T15:56:00+00:00,432.7448,432.0154,0.64,-0.47,-0.001686,540000,SessionClose,window:5m thrust,three_outside_up,0.4290,0.1070,0.3157,0.5476,0.2296,-0.4222,0.1550,0.1876,,,
summary,2022-01-25,SPY,,,,,,,-0.47,,1,,,,,,,,,,,,0.8100,2022-01-24T20:58:00+00:00,812,1642
trade,2022-01-25,QQQ,Long,2022-01-25T15:51:00+00:00,2022-01-25T15:56:00+00:00,346.3189,345.0515,0.78,-0.99,-0.003660,300000,SessionClose,window:candle reversal,bearish_engulfing,0.2094,0.0319,0.1204,0.2116,0.2347,-0.4563,0.0450,0.1684,,,
summary,2022-01-25,QQQ,,,,,,,-0.99,,1,,,,,,,,,,,,0.8441,2022-01-24T18:19:00+00:00,839,1668
trade,2022-01-25,AAPL,Long,2022-01-25T15:49:00+00:00,2022-01-25T15:56:00+00:00,159.7129,158.7774,1.88,-1.76,-0.005858,420000,SessionClose,window:strong core,hammer,0.4393,0.0427,0.5610,0.4871,0.3031,-0.4297,0.0848,0.1160,,,
summary,2022-01-25,AAPL,,,,,,,-1.76,,1,,,,,,,,,,,,0.7814,2022-01-24T20:59:00+00:00,623,1598
summary,2022-01-25,MSFT,,,,,,,0.00,,0,,,,,,,,,,,,0.9153,2022-01-24T18:16:00+00:00,730,1505
summary,2022-01-26,SPY,,,,,,,0.00,,0,,,,,,,,,,,,0.8100,2022-01-24T20:58:00+00:00,1340,2562
trade,2022-01-26,QQQ,Long,2022-01-26T15:01:00+00:00,2022-01-26T15:21:00+00:00,352.9809,351.8994,0.85,-0.92,-0.003064,1200000,ScoreExit,window:strong core,hammer,0.4013,-0.0559,0.5744,0.4028,0.3407,-0.0165,-0.2608,0.3407,,,
summary,2022-01-26,QQQ,,,,,,,-0.92,,1,,,,,,,,,,,,0.8441,2022-01-24T18:19:00+00:00,1384,2620
summary,2022-01-26,AAPL,,,,,,,0.00,,0,,,,,,,,,,,,0.7814,2022-01-24T20:59:00+00:00,1190,2517
summary,2022-01-26,MSFT,,,,,,,0.00,,0,,,,,,,,,,,,0.9153,2022-01-24T18:16:00+00:00,1337,2442
summary,2022-01-27,SPY,,,,,,,0.00,,0,,,,,,,,,,,,0.8304,2022-01-24T20:58:00+00:00,1825,3167
summary,2022-01-27,QQQ,,,,,,,0.00,,0,,,,,,,,,,,,0.8476,2022-01-24T18:16:00+00:00,1863,3236
summary,2022-01-27,AAPL,,,,,,,0.00,,0,,,,,,,,,,,,0.8534,2022-01-24T14:39:00+00:00,1787,3101
summary,2022-01-27,MSFT,,,,,,,0.00,,0,,,,,,,,,,,,0.9268,2022-01-25T23:10:00+00:00,1929,2955
summary,2022-01-28,SPY,,,,,,,0.00,,0,,,,,,,,,,,,0.8784,2022-01-25T15:48:00+00:00,1434,3136
trade,2022-01-28,QQQ,Long,2022-01-28T15:57:00+00:00,2022-01-28T15:58:00+00:00,343.7481,343.9833,0.85,0.20,0.000684,60000,SessionClose,window:5m thrust,three_outside_up,0.4839,0.4966,0.4224,0.6662,0.1396,0.5494,0.6662,0.1396,,,
summary,2022-01-28,QQQ,,,,,,,0.20,,1,,,,,,,,,,,,0.8252,2022-01-25T15:29:00+00:00,1487,3242
trade,2022-01-28,AAPL,Long,2022-01-28T15:16:00+00:00,2022-01-28T15:56:00+00:00,165.6947,166.2251,1.81,0.96,0.003201,2400000,SessionClose,window:strong core,,0.5200,0.4730,0.5566,0.4820,0.5839,0.2239,0.4590,0.5839,,,
trade,2022-01-28,AAPL,Long,2022-01-28T15:58:00+00:00,2022-01-28T15:59:00+00:00,166.3349,166.5650,1.81,0.42,0.001384,60000,SessionClose,window:strong core,three_outside_up,0.4718,0.5059,0.2123,0.4590,0.5839,0.5529,0.4590,0.5839,,,
summary,2022-01-28,AAPL,,,,,,,1.38,,2,,,,,,,,,,,,0.9561,2022-01-25T15:48:00+00:00,2116,3148
trade,2022-01-28,MSFT,Long,2022-01-28T15:46:00+00:00,2022-01-28T15:56:00+00:00,298.3145,301.1646,0.95,2.72,0.009554,600000,SessionClose,window:strong core,bullish_engulfing,0.4425,0.5752,0.0762,0.5321,0.3854,0.5344,0.6770,0.3854,,,
trade,2022-01-28,MSFT,Long,2022-01-28T15:58:00+00:00,2022-01-28T15:59:00+00:00,301.5754,301.7844,1.00,0.21,0.000693,60000,SessionClose,window:strong core,three_outside_up,0.5776,0.5799,0.5578,0.6770,0.3854,0.5808,0.6770,0.3854,,,
summary,2022-01-28,MSFT,,,,,,,2.92,,2,,,,,,,,,,,,0.9736,2022-01-25T23:10:00+00:00,1933,2900
summary,2022-01-31,SPY,,,,,,,0.00,,0,,,,,,,,,,,,0.9499,2022-01-28T15:59:00+00:00,1018,1160
summary,2022-01-31,QQQ,,,,,,,0.00,,0,,,,,,,,,,,,0.9601,2022-01-28T15:54:00+00:00,1058,1177
trade,2022-01-31,AAPL,Long,2022-01-31T14:41:00+00:00,2022-01-31T15:56:00+00:00,171.6165,172.9231,1.75,2.28,0.007614,4500000,SessionClose,window:strong core,hammer,0.5678,0.3263,0.5647,0.4263,0.8519,0.4690,0.0927,0.7457,,,
summary,2022-01-31,AAPL,,,,,,,2.28,,1,,,,,,,,,,,,0.9588,2022-01-28T15:47:00+00:00,1117,1181
summary,2022-01-31,MSFT,,,,,,,0.00,,0,,,,,,,,,,,,0.9593,2022-01-28T15:50:00+00:00,898,1044
summary,2022-02-01,SPY,,,,,,,0.00,,0,,,,,,,,,,,,0.6798,2022-01-31T15:09:00+00:00,1208,1519
summary,2022-02-01,QQQ,,,,,,,0.00,,0,,,,,,,,,,,,0.7650,2022-01-31T15:09:00+00:00,1244,1590
summary,2022-02-01,AAPL,,,,,,,0.00,,0,,,,,,,,,,,,0.7084,2022-01-31T15:00:00+00:00,1074,1521
summary,2022-02-01,MSFT,,,,,,,0.00,,0,,,,,,,,,,,,0.7466,2022-01-31T15:08:00+00:00,422,1252
summary,2022-02-02,SPY,,,,,,,0.00,,0,,,,,,,,,,,,0.6798,2022-01-31T15:09:00+00:00,1895,2381
summary,2022-02-02,QQQ,,,,,,,0.00,,0,,,,,,,,,,,,0.7650,2022-01-31T15:09:00+00:00,1923,2496
summary,2022-02-02,AAPL,,,,,,,0.00,,0,,,,,,,,,,,,0.7084,2022-01-31T15:00:00+00:00,1651,2400
trade,2022-02-02,MSFT,Long,2022-02-02T14:36:00+00:00,2022-02-02T15:52:00+00:00,311.1483,312.5912,0.96,1.39,0.004637,4560000,ScoreExit,window:strong core,shooting_star,0.4319,-0.0532,0.5076,0.4075,0.4555,-0.1979,-0.2442,0.3772,,,
summary,2022-02-02,MSFT,,,,,,,1.39,,1,,,,,,,,,,,,0.7466,2022-01-31T15:08:00+00:00,988,2025
summary,2022-02-03,SPY,,,,,,,0.00,,0,,,,,,,,,,,,0.8950,2022-01-31T15:09:00+00:00,2161,2988
summary,2022-02-03,QQQ,,,,,,,0.00,,0,,,,,,,,,,,,0.9651,2022-01-31T14:41:00+00:00,1865,3129
trade,2022-02-03,AAPL,Long,2022-02-03T15:21:00+00:00,2022-02-03T15:47:00+00:00,175.8055,175.3174,1.71,-0.83,-0.002777,1560000,ScoreExit,window:candle reversal,shooting_star,0.3656,-0.0507,0.5365,0.3749,0.2901,-0.5682,-0.1349,0.2901,,,
summary,2022-02-03,AAPL,,,,,,,-0.83,,1,,,,,,,,,,,,1.0000,2022-01-31T14:40:00+00:00,2033,2987
summary,2022-02-03,MSFT,,,,,,,0.00,,0,,,,,,,,,,,,0.9104,2022-01-31T14:55:00+00:00,1094,2607
summary,2022-02-04,SPY,,,,,,,0.00,,0,,,,,,,,,,,,0.5961,2022-02-01T20:28:00+00:00,1377,3023
summary,2022-02-04,QQQ,,,,,,,0.00,,0,,,,,,,,,,,,0.6603,2022-02-01T21:29:00+00:00,1236,3159
summary,2022-02-04,AAPL,,,,,,,0.00,,0,,,,,,,,,,,,0.7523,2022-02-01T15:59:00+00:00,1667,3023
trade,2022-02-04,MSFT,Long,2022-02-04T14:48:00+00:00,2022-02-04T15:34:00+00:00,303.5660,303.7638,0.99,0.20,0.000652,2760000,ScoreExit,window:5m thrust,shooting_star,0.4125,-0.0512,0.3577,0.5661,0.1235,-0.5513,-0.0232,0.0594,,,
summary,2022-02-04,MSFT,,,,,,,0.20,,1,,,,,,,,,,,,0.6550,2022-02-02T15:01:00+00:00,1307,2707
summary,2022-02-07,SPY,,,,,,,0.00,,0,,,,,,,,,,,,0.7089,2022-02-04T14:43:00+00:00,685,1136
trade,2022-02-07,QQQ,Long,2022-02-07T14:46:00+00:00,2022-02-07T15:49:00+00:00,360.2130,358.4274,0.83,-1.49,-0.004957,3780000,ScoreExit,window:candle reversal,bearish_engulfing,0.2699,-0.0626,0.4306,0.0752,0.6057,-0.5040,-0.2612,0.4816,,,
summary,2022-02-07,QQQ,,,,,,,-1.49,,1,,,,,,,,,,,,0.9369,2022-02-04T14:45:00+00:00,810,1160
trade,2022-02-07,AAPL,Long,2022-02-07T14:51:00+00:00,2022-02-07T15:51:00+00:00,173.4870,172.8881,1.73,-1.04,-0.003452,3600000,ScoreExit,window:candle reversal,bearish_engulfing,0.4095,-0.0658,0.2595,0.3485,0.5813,-0.5568,-0.1976,0.3614,,,
summary,2022-02-07,AAPL,,,,,,,-1.04,,1,,,,,,,,,,,,0.8932,2022-02-04T15:00:00+00:00,703,1074
summary,2022-02-07,MSFT,,,,,,,0.00,,0,,,,,,,,,,,,1.0000,2022-02-04T14:41:00+00:00,473,950
summary,2022-02-08,SPY,,,,,,,0.00,,0,,,,,,,,,,,,0.4618,2022-02-08T20:54:00+00:00,708,1460
summary,2022-02-08,QQQ,,,,,,,0.00,,0,,,,,,,,,,,,0.5774,2022-02-07T14:54:00+00:00,528,1508
trade,2022-02-08,AAPL,Long,2022-02-08T15:51:00+00:00,2022-02-08T15:56:00+00:00,172.6568,172.6331,1.74,-0.04,-0.000137,300000,SessionClose,window:candle reversal,shooting_star,0.3422,0.3256,0.4161,0.3609,0.2803,0.3045,0.3415,0.3009,,,
summary,2022-02-08,AAPL,,,,,,,-0.04,,1,,,,,,,,,,,,0.6844,2022-02-07T10:48:00+00:00,622,1353
summary,2022-02-08,MSFT,,,,,,,0.00,,0,,,,,,,,,,,,0.8624,2022-02-07T12:34:00+00:00,386,1166
summary,2022-02-09,SPY,,,,,,,0.00,,0,,,,,,,,,,,,0.4618,2022-02-08T20:54:00+00:00,1375,2281
summary,2022-02-09,QQQ,,,,,,,0.00,,0,,,,,,,,,,,,0.5774,2022-02-07T14:54:00+00:00,1256,2382
summary,2022-02-09,AAPL,,,,,,,0.00,,0,,,,,,,,,,,,0.6844,2022-02-07T10:48:00+00:00,1257,2154
trade,2022-02-09,MSFT,Long,2022-02-09T14:36:00+00:00,2022-02-09T15:12:00+00:00,309.6179,308.9623,0.97,-0.64,-0.002117,2160000,ScoreExit,window:strong core,hammer,0.4272,-0.0625,-0.1493,0.4811,0.5115,-0.3976,-0.2681,0.4604,,,
summary,2022-02-09,MSFT,,,,,,,-0.64,,1,,,,,,,,,,,,0.8624,2022-02-07T12:34:00+00:00,965,1819
trade,2022-02-10,SPY,Long,2022-02-10T15:01:00+00:00,2022-02-10T15:52:00+00:00,455.3616,455.9932,0.66,0.42,0.001387,3060000,ScoreExit,window:5m thrust,,0.4627,-0.0510,0.1952,0.6197,0.2378,-0.5935,-0.1049,0.2378,,,
summary,2022-02-10,SPY,,,,,,,0.42,,1,,,,,,,,,,,,0.5916,2022-02-07T15:34:00+00:00,1509,2850
trade,2022-02-10,QQQ,Long,2022-02-10T14:44:00+00:00,2022-02-10T15:56:00+00:00,361.7635,364.0657,0.83,1.91,0.006364,4320000,SessionClose,window:candle reversal,shooting_star,0.2323,-0.0482,0.3271,0.2274,0.2106,-0.5078,-0.1092,0.2272,,,
summary,2022-02-10,QQQ,,,,,,,1.91,,1,,,,,,,,,,,,0.7790,2022-02-07T14:41:00+00:00,1470,2940
summary,2022-02-10,AAPL,,,,,,,0.00,,0,,,,,,,,,,,,0.8792,2022-02-07T14:42:00+00:00,1405,2687
trade,2022-02-10,MSFT,Long,2022-02-10T15:01:00+00:00,2022-02-10T15:54:00+00:00,307.0871,306.8129,0.98,-0.27,-0.000893,3180000,ScoreExit,window:5m thrust,,0.3757,-0.0597,-0.1406,0.5805,0.1383,-0.5897,-0.0634,0.1245,,,
summary,2022-02-10,MSFT,,,,,,,-0.27,,1,,,,,,,,,,,,0.6037,2022-02-07T14:32:00+00:00,1047,2299
summary,2022-02-11,SPY,,,,,,,0.00,,0,,,,,,,,,,,,0.8957,2022-02-08T16:04:00+00:00,1538,2892
summary,2022-02-11,QQQ,,,,,,,0.00,,0,,,,,,,,,,,,0.9564,2022-02-08T15:53:00+00:00,1618,2975
summary,2022-02-11,AAPL,,,,,,,0.00,,0,,,,,,,,,,,,0.9526,2022-02-08T16:02:00+00:00,1501,2725
summary,2022-02-11,MSFT,,,,,,,0.00,,0,,,,,,,,,,,,0.9559,2022-02-08T16:02:00+00:00,1115,2307
summary,2022-02-14,SPY,,,,,,,0.00,,0,,,,,,,,,,,,0.7482,2022-02-11T14:46:00+00:00,43,1173
summary,2022-02-14,QQQ,,,,,,,0.00,,0,,,,,,,,,,,,0.7595,2022-02-11T14:46:00+00:00,190,1195
summary,2022-02-14,AAPL,,,,,,,0.00,,0,,,,,,,,,,,,0.5988,2022-02-11T14:46:00+00:00,417,1164
summary,2022-02-14,MSFT,,,,,,,0.00,,0,,,,,,,,,,,,0.8113,2022-02-11T14:46:00+00:00,318,1076
trade,2022-02-15,SPY,Long,2022-02-15T15:56:00+00:00,2022-02-15T15:57:00+00:00,445.9637,445.2614,0.67,-0.47,-0.001575,60000,SessionClose,window:candle reversal,evening_star,0.3473,0.2505,0.4886,0.2359,0.5230,-0.4796,0.2359,0.5230,,,
trade,2022-02-15,SPY,Long,2022-02-15T15:59:00+00:00,2022-02-15T16:00:00+00:00,445.7987,445.3713,0.67,-0.29,-0.000959,60000,SessionClose,window:candle reversal,evening_star,0.3055,0.2755,0.0703,0.2359,0.5230,-0.2296,0.2359,0.5230,,,
summary,2022-02-15,SPY,,,,,,,-0.76,,2,,,,,,,,,,,,0.6343,2022-02-15T09:19:00+00:00,1071,1559
summary,2022-02-15,QQQ,,,,,,,0.00,,0,,,,,,,,,,,,0.7142,2022-02-15T09:18:00+00:00,1203,1601
trade,2022-02-15,AAPL,Long,2022-02-15T15:51:00+00:00,2022-02-15T15:56:00+00:00,171.3914,171.0537,1.75,-0.59,-0.001971,300000,SessionClose,window:candle reversal,bearish_engulfing,0.2898,0.2066,0.5452,0.1313,0.5215,-0.4338,0.1559,0.5215,,,
summary,2022-02-15,AAPL,,,,,,,-0.59,,1,,,,,,,,,,,,0.6744,2022-02-14T13:01:00+00:00,1102,1452
summary,2022-02-15,MSFT,,,,,,,0.00,,0,,,,,,,,,,,,0.8205,2022-02-14T10:23:00+00:00,917,1243
summary,2022-02-16,SPY,,,,,,,0.00,,0,,,,,,,,,,,,0.6343,2022-02-15T09:19:00+00:00,1620,2394
summary,2022-02-16,QQQ,,,,,,,0.00,,0,,,,,,,,,,,,0.7142,2022-02-15T09:18:00+00:00,1780,2458
summary,2022-02-16,AAPL,,,,,,,0.00,,0,,,,,,,,,,,,0.6744,2022-02-14T13:01:00+00:00,1567,2193
summary,2022-02-16,MSFT,,,,,,,0.00,,0,,,,,,,,,,,,0.8205,2022-02-14T10:23:00+00:00,1214,1802
summary,2022-02-17,SPY,,,,,,,0.00,,0,,,,,,,,,,,,0.6293,2022-02-15T09:19:00+00:00,1662,2945
summary,2022-02-17,QQQ,,,,,,,0.00,,0,,,,,,,,,,,,0.8970,2022-02-14T14:52:00+00:00,1818,3001
summary,2022-02-17,AAPL,,,,,,,0.00,,0,,,,,,,,,,,,0.8932,2022-02-14T14:49:00+00:00,1633,2636
summary,2022-02-17,MSFT,,,,,,,0.00,,0,,,,,,,,,,,,0.9077,2022-02-14T14:51:00+00:00,1117,2204
summary,2022-02-18,SPY,,,,,,,0.00,,0,,,,,,,,,,,,0.8173,2022-02-15T15:49:00+00:00,781,2907
summary,2022-02-18,QQQ,,,,,,,0.00,,0,,,,,,,,,,,,0.8717,2022-02-15T15:49:00+00:00,1008,3000
summary,2022-02-18,AAPL,,,,,,,0.00,,0,,,,,,,,,,,,0.7223,2022-02-15T15:49:00+00:00,796,2634
summary,2022-02-18,MSFT,,,,,,,0.00,,0,,,,,,,,,,,,0.8630,2022-02-15T15:49:00+00:00,363,2209
summary,2022-02-21,SPY,,,,,,,0.00,,0,,,,,,,,,,,,0.6135,2022-02-18T14:54:00+00:00,83,510
summary,2022-02-21,QQQ,,,,,,,0.00,,0,,,,,,,,,,,,0.7418,2022-02-18T14:54:00+00:00,62,506
summary,2022-02-21,AAPL,,,,,,,0.00,,0,,,,,,,,,,,,0.4940,2022-02-18T19:31:00+00:00,33,501
summary,2022-02-21,MSFT,,,,,,,0.00,,0,,,,,,,,,,,,0.3679,2022-02-18T19:31:00+00:00,17,472
trade,2022-02-22,SPY,Long,2022-02-22T14:51:00+00:00,2022-02-22T15:42:00+00:00,434.3153,433.0350,0.69,-0.88,-0.002948,3060000,ScoreExit,window:strong core,,0.5758,-0.0924,0.5930,0.4106,0.9007,-0.5835,-0.0611,0.0087,,,
summary,2022-02-22,SPY,,,,,,,-0.88,,1,,,,,,,,,,,,0.9569,2022-02-22T10:22:00+00:00,345,721
trade,2022-02-22,QQQ,Long,2022-02-22T14:46:00+00:00,2022-02-22T15:42:00+00:00,341.3474,341.3526,0.88,0.00,0.000015,3360000,ScoreExit,window:strong core,shooting_star,0.6505,-0.0689,0.6000,0.4842,1.0000,-0.5999,-0.1468,0.2639,,,
summary,2022-02-22,QQQ,,,,,,,0.00,,1,,,,,,,,,,,,0.9584,2022-02-22T10:23:00+00:00,389,717
trade,2022-02-22,AAPL,Long,2022-02-22T15:21:00+00:00,2022-02-22T15:42:00+00:00,166.1048,165.4254,1.81,-1.23,-0.004091,1260000,ScoreExit,window:candle reversal,shooting_star,0.4443,-0.1111,0.2939,0.2365,0.9102,-0.5861,-0.1222,0.0693,,,
summary,2022-02-22,AAPL,,,,,,,-1.23,,1,,,,,,,,,,,,0.9584,2022-02-22T10:24:00+00:00,343,675
trade,2022-02-22,MSFT,Long,2022-02-22T14:41:00+00:00,2022-02-22T15:56:00+00:00,286.8010,288.4584,1.05,1.74,0.005779,4500000,SessionClose,window:strong core,shooting_star,0.5826,-0.0375,0.4299,0.4748,0.8490,-0.4673,-0.3043,0.6394,,,
summary,2022-02-22,MSFT,,,,,,,1.74,,1,,,,,,,,,,,,0.9613,2022-02-22T10:39:00+00:00,294,608
summary,2022-02-23,SPY,,,,,,,0.00,,0,,,,,,,,,,,,0.9569,2022-02-22T10:22:00+00:00,757,1599
summary,2022-02-23,QQQ,,,,,,,0.00,,0,,,,,,,,,,,,0.9584,2022-02-22T10:23:00+00:00,898,1655
summary,2022-02-23,AAPL,,,,,,,0.00,,0,,,,,,,,,,,,0.9584,2022-02-22T10:24:00+00:00,721,1469
summary,2022-02-23,MSFT,,,,,,,0.00,,0,,,,,,,,,,,,0.9613,2022-02-22T10:39:00+00:00,548,1195
summary,2022-02-24,SPY,,,,,,,0.00,,0,,,,,,,,,,,,0.9569,2022-02-22T10:22:00+00:00,876,2549
trade,2022-02-24,QQQ,Long,2022-02-24T15:23:00+00:00,2022-02-24T15:56:00+00:00,327.6533,328.4864,0.78,0.65,0.002543,1980000,SessionClose,window:5m thrust,,0.3582,0.2620,0.0894,0.5275,0.1093,0.5854,0.2845,0.1093,,,
summary,2022-02-24,QQQ,,,,,,,0.65,,1,,,,,,,,,,,,0.9584,2022-02-22T10:23:00+00:00,1193,2612
summary,2022-02-24,AAPL,,,,,,,0.00,,0,,,,,,,,,,,,0.9584,2022-02-22T10:24:00+00:00,949,2415
trade,2022-02-24,MSFT,Long,2022-02-24T14:36:00+00:00,2022-02-24T15:56:00+00:00,274.9174,282.8701,0.86,6.81,0.028927,4800000,SessionClose,window:5m thrust,shooting_star,0.4797,0.3496,0.4314,0.7012,0.0528,0.5607,0.3389,0.3004,,,
trade,2022-02-24,MSFT,Long,2022-02-24T15:59:00+00:00,2022-02-24T16:00:00+00:00,282.6798,282.6902,1.06,0.01,0.000037,60000,SessionClose,window:candle reversal,shooting_star,0.3015,0.3092,0.1280,0.3389,0.2845,0.2048,0.3389,0.2845,,,
summary,2022-02-24,MSFT,,,,,,,6.82,,2,,,,,,,,,,,,0.9613,2022-02-22T10:39:00+00:00,935,2011
trade,2022-02-25,SPY,Long,2022-02-25T15:41:00+00:00,2022-02-25T15:56:00+00:00,431.9645,433.5249,0.69,1.08,0.003612,900000,SessionClose,window:strong core,,0.4637,0.4427,0.4278,0.4397,0.5236,0.5276,0.3881,0.5236,,,
summary,2022-02-25,SPY,,,,,,,1.08,,1,,,,,,,,,,,,0.9018,2022-02-22T14:49:00+00:00,1367,3142
trade,2022-02-25,QQQ,Long,2022-02-25T15:41:00+00:00,2022-02-25T15:56:00+00:00,341.1923,343.0321,0.88,1.62,0.005392,900000,SessionClose,window:strong core,bullish_engulfing,0.4406,0.4354,0.2381,0.4604,0.4684,0.3647,0.4307,0.4684,,,
trade,2022-02-25,QQQ,Long,2022-02-25T15:58:00+00:00,2022-02-25T15:59:00+00:00,343.5380,343.2620,0.87,-0.24,-0.000804,60000,SessionClose,window:strong core,three_outside_up,0.4471,0.4434,0.4815,0.4307,0.4684,0.4447,0.4307,0.4684,,,
summary,2022-02-25,QQQ,,,,,,,1.38,,2,,,,,,,,,,,,0.9410,2022-02-22T14:46:00+00:00,1651,3208
trade,2022-02-25,AAPL,Long,2022-02-25T15:46:00+00:00,2022-02-25T15:56:00+00:00,162.6438,163.0561,1.85,0.76,0.002535,600000,SessionClose,window:strong core,,0.4242,0.3983,0.5737,0.4173,0.3881,0.2945,0.4208,0.3881,,,
trade,2022-02-25,AAPL,Long,2022-02-25T15:58:00+00:00,2022-02-25T15:59:00+00:00,163.4440,163.3560,1.84,-0.16,-0.000539,60000,SessionClose,window:candle reversal,shooting_star,0.4189,0.4187,0.4997,0.4208,0.3881,0.4981,0.4208,0.3881,,,
summary,2022-02-25,AAPL,,,,,,,0.60,,2,,,,,,,,,,,,0.9001,2022-02-22T14:49:00+00:00,1354,2975
trade,2022-02-25,MSFT,Long,2022-02-25T15:46:00+00:00,2022-02-25T15:56:00+00:00,295.6337,295.2364,1.02,-0.40,-0.001344,600000,SessionClose,window:strong core,,0.4550,0.1939,0.5423,0.4108,0.5142,-0.3207,0.1194,0.5142,,,
summary,2022-02-25,MSFT,,,,,,,-0.40,,1,,,,,,,,,,,,1.0000,2022-02-22T14:36:00+00:00,1320,2479
trade,2022-02-28,SPY,Long,2022-02-28T15:41:00+00:00,2022-02-28T15:56:00+00:00,435.4156,435.5343,0.69,0.08,0.000273,900000,SessionClose,window:strong core,bullish_engulfing,0.4569,0.4360,0.5887,0.4353,0.4561,0.3234,0.4195,0.5066,,,
trade,2022-02-28,SPY,Long,2022-02-28T15:58:00+00:00,2022-02-28T15:59:00+00:00,435.7657,435.8042,0.69,0.03,0.000088,60000,SessionClose,window:strong core,,0.4011,0.4416,0.0005,0.4195,0.4979,0.2711,0.4195,0.5427,,,
summary,2022-02-28,SPY,,,,,,,0.11,,2,,,,,,,,,,,,0.9585,2022-02-25T15:46:00+00:00,725,1200
trade,2022-02-28,QQQ,Long,2022-02-28T14:31:00+00:00,2022-02-28T15:12:00+00:00,343.8281,342.6422,0.87,-1.04,-0.003449,2460000,ScoreExit,window:strong core,shooting_star,0.4530,-0.0886,0.5614,0.4788,0.3651,-0.5973,-0.1614,0.2264,,,
trade,2022-02-28,QQQ,Long,2022-02-28T15:41:00+00:00,2022-02-28T15:56:00+00:00,346.1888,346.4710,0.87,0.24,0.000815,900000,SessionClose,window:strong core,,0.5396,0.4719,0.5401,0.4946,0.6294,0.1953,0.4394,0.6294,,,
trade,2022-02-28,QQQ,Long,2022-02-28T15:58:00+00:00,2022-02-28T15:59:00+00:00,346.6190,346.6670,0.87,0.04,0.000139,60000,SessionClose,window:strong core,shooting_star,0.4512,0.4704,-0.0118,0.4394,0.6294,0.1799,0.4394,0.6294,,,
summary,2022-02-28,QQQ,,,,,,,-0.75,,3,,,,,,,,,,,,0.9610,2022-02-25T15:47:00+00:00,769,1221
trade,2022-02-28,AAPL,Long,2022-02-28T14:31:00+00:00,2022-02-28T15:11:00+00:00,163.6641,163.7009,1.83,0.07,0.000225,2400000,ScoreExit,window:candle reversal,shooting_star,0.3600,-0.0538,0.5169,0.3836,0.2606,-0.5188,-0.1599,0.3135,,,
trade,2022-02-28,AAPL,Long,2022-02-28T15:46:00+00:00,2022-02-28T15:56:00+00:00,164.7444,164.7356,1.82,-0.02,-0.000054,600000,SessionClose,window:candle reversal,shooting_star,0.3675,0.4227,0.4591,0.1973,0.6772,0.4182,0.2962,0.6772,,,
summary,2022-02-28,AAPL,,,,,,,0.05,,2,,,,,,,,,,,,0.9586,2022-02-25T15:47:00+00:00,755,1131
trade,2022-02-28,MSFT,Long,2022-02-28T14:31:00+00:00,2022-02-28T15:11:00+00:00,296.0538,294.9165,1.01,-1.15,-0.003842,2400000,ScoreExit,window:strong core,shooting_star,0.5310,-0.1366,0.5998,0.6228,0.3245,-0.5876,-0.1746,0.0899,,,
trade,2022-02-28,MSFT,Long,2022-02-28T15:41:00+00:00,2022-02-28T15:56:00+00:00,296.7040,296.7959,1.01,0.09,0.000310,900000,SessionClose,window:strong core,,0.4426,0.3145,0.5734,0.4071,0.4699,-0.0769,0.2720,0.5299,,,
trade,2022-02-28,MSFT,Long,2022-02-28T15:58:00+00:00,2022-02-28T15:59:00+00:00,296.9441,296.9159,1.01,-0.03,-0.000095,60000,SessionClose,window:candle reversal,shooting_star,0.3082,0.3270,-0.1364,0.2720,0.5287,-0.0225,0.2720,0.5533,,,
summary,2022-02-28,MSFT,,,,,,,-1.09,,3,,,,,,,,,,,,0.8986,2022-02-25T15:11:00+00:00,629,980
summary,2022-03-01,SPY,,,,,,,0.00,,0,,,,,,,,,,,,0.6901,2022-02-28T09:09:00+00:00,769,1608
trade,2022-03-01,QQQ,Long,2022-03-01T15:33:00+00:00,2022-03-01T15:41:00+00:00,348.0494,346.4810,0.86,-1.35,-0.004506,480000,ScoreExit,window:candle reversal,evening_star,0.2182,-0.1279,0.4922,0.0711,0.4210,-0.5312,-0.3325,0.4158,,,
summary,2022-03-01,QQQ,,,,,,,-1.35,,1,,,,,,,,,,,,0.8053,2022-02-28T09:09:00+00:00,847,1612
summary,2022-03-01,AAPL,,,,,,,0.00,,0,,,,,,,,,,,,0.9316,2022-02-28T09:08:00+00:00,792,1403
trade,2022-03-01,MSFT,Long,2022-03-01T15:21:00+00:00,2022-03-01T15:41:00+00:00,299.4648,298.6054,1.00,-0.86,-0.002870,1200000,ScoreExit,window:strong core,,0.4357,-0.0585,0.5228,0.4196,0.4391,-0.5297,-0.2288,0.4391,,,
summary,2022-03-01,MSFT,,,,,,,-0.86,,1,,,,,,,,,,,,0.7280,2022-02-28T12:07:00+00:00,518,1120
trade,2022-03-02,SPY,Long,2022-03-02T14:45:00+00:00,2022-03-02T15:07:00+00:00,433.9702,433.6049,0.69,-0.25,-0.000842,1320000,ScoreExit,window:candle reversal,shooting_star,0.4001,-0.0690,0.5362,0.4745,0.2058,-0.3415,-0.1703,0.2244,,,
summary,2022-03-02,SPY,,,,,,,-0.25,,1,,,,,,,,,,,,0.6901,2022-02-28T09:09:00+00:00,1226,2496
summary,2022-03-02,QQQ,,,,,,,0.00,,0,,,,,,,,,,,,0.8053,2022-02-28T09:09:00+00:00,1261,2491
summary,2022-03-02,AAPL,,,,,,,0.00,,0,,,,,,,,,,,,0.9316,2022-02-28T09:08:00+00:00,1180,2179
summary,2022-03-02,MSFT,,,,,,,0.00,,0,,,,,,,,,,,,0.7280,2022-02-28T12:07:00+00:00,938,1702
summary,2022-03-03,SPY,,,,,,,0.00,,0,,,,,,,,,,,,0.9548,2022-02-28T15:42:00+00:00,1679,3058
summary,2022-03-03,QQQ,,,,,,,0.00,,0,,,,,,,,,,,,0.9598,2022-02-28T15:42:00+00:00,1396,3025
summary,2022-03-03,AAPL,,,,,,,0.00,,0,,,,,,,,,,,,0.9527,2022-02-28T15:56:00+00:00,1516,2670
summary,2022-03-03,MSFT,,,,,,,0.00,,0,,,,,,,,,,,,0.9601,2022-02-28T15:42:00+00:00,1092,2168
summary,2022-03-04,SPY,,,,,,,0.00,,0,,,,,,,,,,,,0.5426,2022-03-02T16:13:00+00:00,1295,3047
summary,2022-03-04,QQQ,,,,,,,0.00,,0,,,,,,,,,,,,0.7714,2022-03-01T15:21:00+00:00,934,3036
summary,2022-03-04,AAPL,,,,,,,0.00,,0,,,,,,,,,,,,0.9842,2022-03-01T14:36:00+00:00,1139,2699
summary,2022-03-04,MSFT,,,,,,,0.00,,0,,,,,,,,,,,,0.8982,2022-03-01T14:50:00+00:00,682,2171
summary,2022-03-07,SPY,,,,,,,0.00,,0,,,,,,,,,,,,0.6250,2022-03-04T18:04:00+00:00,355,1194
summary,2022-03-07,QQQ,,,,,,,0.00,,0,,,,,,,,,,,,0.6248,2022-03-04T18:04:00+00:00,155,1185
trade,2022-03-07,AAPL,Long,2022-03-07T14:31:00+00:00,2022-03-07T14:56:00+00:00,164.5844,163.3460,1.82,-2.26,-0.007524,1500000,ScoreExit,window:candle reversal,shooting_star,0.4640,-0.1126,0.5932,0.3489,0.6511,-0.2943,-0.2853,0.2934,,,
summary,2022-03-07,AAPL,,,,,,,-2.26,,1,,,,,,,,,,,,0.5943,2022-03-04T18:07:00+00:00,327,1151
summary,2022-03-07,MSFT,,,,,,,0.00,,0,,,,,,,,,,,,0.7062,2022-03-04T17:17:00+00:00,249,998
summary,2022-03-08,SPY,,,,,,,0.00,,0,,,,,,,,,,,,0.7091,2022-03-08T17:18:00+00:00,343,1620
summary,2022-03-08,QQQ,,,,,,,0.00,,0,,,,,,,,,,,,0.8269,2022-03-08T17:18:00+00:00,356,1611
summary,2022-03-08,AAPL,,,,,,,0.00,,0,,,,,,,,,,,,0.7650,2022-03-08T17:44:00+00:00,386,1540
summary,2022-03-08,MSFT,,,,,,,0.00,,0,,,,,,,,,,,,0.8851,2022-03-08T17:18:00+00:00,397,1267
trade,2022-03-09,SPY,Long,2022-03-09T15:41:00+00:00,2022-03-09T15:56:00+00:00,426.3629,426.0571,0.70,-0.22,-0.000717,900000,SessionClose,window:candle reversal,bearish_engulfing,0.2753,0.3418,0.4621,0.1749,0.4136,0.3470,0.3051,0.4136,,,
summary,2022-03-09,SPY,,,,,,,-0.22,,1,,,,,,,,,,,,0.7091,2022-03-08T17:18:00+00:00,921,2562
summary,2022-03-09,QQQ,,,,,,,0.00,,0,,,,,,,,,,,,0.8269,2022-03-08T17:18:00+00:00,972,2533
trade,2022-03-09,AAPL,Long,2022-03-09T15:46:00+00:00,2022-03-09T15:56:00+00:00,161.8835,161.7765,1.85,-0.20,-0.000662,600000,SessionClose,window:strong core,,0.4620,0.3579,0.5374,0.4365,0.4878,-0.2075,0.3872,0.4878,,,
summary,2022-03-09,AAPL,,,,,,,-0.20,,1,,,,,,,,,,,,0.7650,2022-03-08T17:44:00+00:00,944,2434
trade,2022-03-09,MSFT,Long,2022-03-09T15:01:00+00:00,2022-03-09T15:56:00+00:00,283.7701,285.9220,1.06,2.28,0.007583,3300000,SessionClose,window:candle reversal,shooting_star,0.4038,0.4432,0.5005,0.2953,0.5884,0.0146,0.4421,0.5884,,,
trade,2022-03-09,MSFT,Long,2022-03-09T15:58:00+00:00,2022-03-09T15:59:00+00:00,286.3859,286.8289,1.05,0.46,0.001547,60000,SessionClose,window:strong core,shooting_star,0.4809,0.5003,0.3914,0.4421,0.5884,0.5852,0.4421,0.5884,,,
summary,2022-03-09,MSFT,,,,,,,2.74,,2,,,,,,,,,,,,0.8851,2022-03-08T17:18:00+00:00,913,1941
summary,2022-03-10,SPY,,,,,,,0.00,,0,,,,,,,,,,,,0.6932,2022-03-08T17:18:00+00:00,1210,3155
summary,2022-03-10,QQQ,,,,,,,0.00,,0,,,,,,,,,,,,0.8189,2022-03-08T17:18:00+00:00,1189,3135
summary,2022-03-10,AAPL,,,,,,,0.00,,0,,,,,,,,,,,,0.7775,2022-03-07T14:31:00+00:00,960,3000
summary,2022-03-10,MSFT,,,,,,,0.00,,0,,,,,,,,,,,,0.8892,2022-03-08T17:18:00+00:00,1218,2476
summary,2022-03-11,SPY,,,,,,,0.00,,0,,,,,,,,,,,,0.8254,2022-03-08T17:18:00+00:00,1705,3085
summary,2022-03-11,QQQ,,,,,,,0.00,,0,,,,,,,,,,,,1.0000,2022-03-08T14:35:00+00:00,1710,3098
summary,2022-03-11,AAPL,,,,,,,0.00,,0,,,,,,,,,,,,1.0000,2022-03-08T14:35:00+00:00,1195,2973
trade,2022-03-11,MSFT,Long,2022-03-11T15:51:00+00:00,2022-03-11T15:56:00+00:00,287.4412,287.2771,1.05,-0.17,-0.000571,300000,SessionClose,window:strong core,shooting_star,0.3799,0.2403,0.3447,0.4248,0.3016,-0.0929,0.2652,0.3016,,,
summary,2022-03-11,MSFT,,,,,,,-0.17,,1,,,,,,,,,,,,0.9306,2022-03-08T14:43:00+00:00,1455,2349
trade,2022-03-14,SPY,Long,2022-03-14T14:53:00+00:00,2022-03-14T15:11:00+00:00,424.0622,423.3180,0.71,-0.53,-0.001755,1080000,ScoreExit,window:strong core,shooting_star,0.4062,-0.0797,0.4982,0.4419,0.3042,-0.5426,-0.0948,0.1046,,,
summary,2022-03-14,SPY,,,,,,,-0.53,,1,,,,,,,,,,,,0.4430,2022-03-11T15:57:00+00:00,139,1180
summary,2022-03-14,QQQ,,,,,,,0.00,,0,,,,,,,,,,,,0.1049,2022-03-11T14:50:00+00:00,8,1191
summary,2022-03-14,AAPL,,,,,,,0.00,,0,,,,,,,,,,,,0.4828,2022-03-11T14:35:00+00:00,45,1194
trade,2022-03-14,MSFT,Long,2022-03-14T13:43:00+00:00,2022-03-14T15:11:00+00:00,283.6308,283.6999,1.06,0.07,0.000244,5280000,ScoreExit,window:strong core,bullish_engulfing,0.4581,-0.1494,0.6365,0.4642,0.3863,-0.5206,-0.3485,0.3727,,,
summary,2022-03-14,MSFT,,,,,,,0.07,,1,,,,,,,,,,,,0.8330,2022-03-11T15:51:00+00:00,132,1012
trade,2022-03-15,SPY,Long,2022-03-15T14:06:00+00:00,2022-03-15T15:56:00+00:00,420.9612,422.3283,0.71,0.97,0.003247,6600000,SessionClose,window:candle reversal,bearish_engulfing,0.2016,0.0227,0.4844,0.0102,0.4900,-0.5784,-0.1362,0.5409,,,
summary,2022-03-15,SPY,,,,,,,0.97,,1,,,,,,,,,,,,0.6209,2022-03-14T14:59:00+00:00,673,1568
trade,2022-03-15,QQQ,Long,2022-03-15T14:26:00+00:00,2022-03-15T15:56:00+00:00,322.8018,324.6776,0.93,1.74,0.005811,5400000,SessionClose,window:strong core,,0.5392,0.0361,0.5144,0.4806,0.6645,-0.5891,-0.1614,0.6396,,,
summary,2022-03-15,QQQ,,,,,,,1.74,,1,,,,,,,,,,,,0.6532,2022-03-14T14:12:00+00:00,596,1612
trade,2022-03-15,AAPL,Long,2022-03-15T14:41:00+00:00,2022-03-15T15:56:00+00:00,152.2507,153.3490,1.97,2.16,0.007214,4500000,SessionClose,window:strong core,,0.4222,0.0753,-0.1220,0.4225,0.6031,-0.5390,-0.1312,0.6930,,,
summary,2022-03-15,AAPL,,,,,,,2.16,,1,,,,,,,,,,,,0.6963,2022-03-14T08:08:00+00:00,705,1587
trade,2022-03-15,MSFT,Long,2022-03-15T13:31:00+00:00,2022-03-15T15:56:00+00:00,281.1193,282.6602,1.07,1.64,0.005481,8700000,MaxHoldTimeout,window:candle reversal,shooting_star,0.2578,0.0872,0.5677,0.0574,0.5551,-0.5969,-0.0960,0.6818,,,
summary,2022-03-15,MSFT,,,,,,,1.64,,1,,,,,,,,,,,,0.9613,2022-03-14T09:51:00+00:00,647,1224
trade,2022-03-16,SPY,Long,2022-03-16T13:41:00+00:00,2022-03-16T15:42:00+00:00,431.9645,432.3353,0.69,0.26,0.000858,7260000,MaxHoldTimeout,window:strong core,three_outside_up,0.4289,-0.0163,0.5285,0.4212,0.4110,-0.2976,-0.1809,0.4066,,,
summary,2022-03-16,SPY,,,,,,,0.26,,1,,,,,,,,,,,,0.6209,2022-03-14T14:59:00+00:00,1323,2447
trade,2022-03-16,QQQ,Long,2022-03-16T13:41:00+00:00,2022-03-16T15:42:00+00:00,333.6651,336.5340,0.90,2.58,0.008598,7260000,MaxHoldTimeout,window:strong core,bearish_engulfing,0.4341,0.0227,0.4779,0.4050,0.4778,-0.4028,-0.1582,0.5264,,,
summary,2022-03-16,QQQ,,,,,,,2.58,,1,,,,,,,,,,,,0.6532,2022-03-14T14:12:00+00:00,1296,2523
trade,2022-03-16,AAPL,Long,2022-03-16T14:21:00+00:00,2022-03-16T15:56:00+00:00,157.9424,157.9376,1.90,-0.01,-0.000030,5700000,SessionClose,window:candle reversal,shooting_star,0.3964,0.2209,0.5159,0.3080,0.5334,0.2999,0.0834,0.4695,,,
summary,2022-03-16,AAPL,,,,,,,-0.01,,1,,,,,,,,,,,,0.6963,2022-03-14T08:08:00+00:00,1381,2457
trade,2022-03-16,MSFT,Long,2022-03-16T13:36:00+00:00,2022-03-16T15:37:00+00:00,290.8972,291.3576,1.03,0.47,0.001582,7260000,MaxHoldTimeout,window:strong core,three_outside_up,0.4383,0.1118,0.4928,0.4348,0.4272,0.2034,-0.0432,0.3913,,,
summary,2022-03-16,MSFT,,,,,,,0.47,,1,,,,,,,,,,,,0.9613,2022-03-14T09:51:00+00:00,1092,1880
trade,2022-03-17,SPY,Long,2022-03-17T13:47:00+00:00,2022-03-17T14:42:00+00:00,435.2555,435.4843,0.69,0.16,0.000526,3300000,ScoreExit,window:candle reversal,shooting_star,0.3210,-0.0510,0.4645,0.3182,0.2789,-0.2884,-0.1441,0.2144,,,
summary,2022-03-17,SPY,,,,,,,0.16,,1,,,,,,,,,,,,0.9557,2022-03-14T14:59:00+00:00,1880,3065
trade,2022-03-17,QQQ,Long,2022-03-17T13:47:00+00:00,2022-03-17T14:37:00+00:00,339.4168,339.1632,0.88,-0.22,-0.000747,3000000,ScoreExit,window:candle reversal,shooting_star,0.2587,-0.0548,0.4805,0.1768,0.3485,-0.5166,-0.1084,0.2064,,,
summary,2022-03-17,QQQ,,,,,,,-0.22,,1,,,,,,,,,,,,0.9027,2022-03-14T14:12:00+00:00,1896,3141
trade,2022-03-17,AAPL,Long,2022-03-17T13:56:00+00:00,2022-03-17T14:26:00+00:00,159.0627,159.0673,1.89,0.01,0.000029,1800000,ScoreExit,window:strong core,three_outside_up,0.3845,-0.0611,0.4202,0.4198,0.3020,-0.2316,-0.1278,0.1290,,,
summary,2022-03-17,AAPL,,,,,,,0.01,,1,,,,,,,,,,,,1.0000,2022-03-14T13:31:00+00:00,1819,3007
summary,2022-03-17,MSFT,,,,,,,0.00,,0,,,,,,,,,,,,0.9578,2022-03-14T13:36:00+00:00,1444,2352
trade,2022-03-18,SPY,Long,2022-03-18T13:38:00+00:00,2022-03-18T14:50:00+00:00,438.4065,438.6934,0.68,0.20,0.000654,4320000,ScoreExit,window:candle reversal,shooting_star,0.2836,-0.0668,0.3798,0.2704,0.2779,-0.4213,-0.1910,0.2997,,,
summary,2022-03-18,SPY,,,,,,,0.20,,1,,,,,,,,,,,,0.9463,2022-03-15T14:40:00+00:00,2397,3055
trade,2022-03-18,QQQ,Long,2022-03-18T13:46:00+00:00,2022-03-18T15:47:00+00:00,343.8781,347.3608,0.87,3.04,0.010128,7260000,MaxHoldTimeout,window:strong core,hammer,0.4809,0.0568,0.5809,0.4737,0.4621,-0.3080,-0.1096,0.5111,,,
summary,2022-03-18,QQQ,,,,,,,3.04,,1,,,,,,,,,,,,0.9571,2022-03-15T15:04:00+00:00,2509,3112
trade,2022-03-18,AAPL,Long,2022-03-18T13:36:00+00:00,2022-03-18T15:50:00+00:00,160.7032,162.0664,1.87,2.55,0.008483,8040000,MaxHoldTimeout,window:candle reversal,shooting_star,0.2693,0.1452,0.4386,0.1642,0.4232,-0.5559,0.0657,0.5378,,,
summary,2022-03-18,AAPL,,,,,,,2.55,,1,,,,,,,,,,,,0.9552,2022-03-15T14:54:00+00:00,2407,2891
trade,2022-03-18,MSFT,Long,2022-03-18T13:57:00+00:00,2022-03-18T14:49:00+00:00,294.8784,295.3064,1.02,0.44,0.001451,3120000,ScoreExit,window:strong core,shooting_star,0.3836,-0.0587,0.4891,0.4070,0.3015,-0.3944,-0.1910,0.3179,,,
summary,2022-03-18,MSFT,,,,,,,0.44,,1,,,,,,,,,,,,0.9579,2022-03-15T14:49:00+00:00,1762,2252
trade,2022-03-21,SPY,Long,2022-03-21T13:36:00+00:00,2022-03-21T13:51:00+00:00,446.2188,445.1314,0.67,-0.73,-0.002437,900000,ScoreExit,window:strong core,three_outside_up,0.4327,-0.0743,0.5864,0.4118,0.4233,-0.3802,-0.2721,0.4233,,,
summary,2022-03-21,SPY,,,,,,,-0.73,,1,,,,,,,,,,,,0.8156,2022-03-18T14:12:00+00:00,946,1160
summary,2022-03-21,QQQ,,,,,,,0.00,,0,,,,,,,,,,,,0.9577,2022-03-18T15:04:00+00:00,915,1182
trade,2022-03-21,AAPL,Long,2022-03-21T13:36:00+00:00,2022-03-21T14:12:00+00:00,164.4193,163.4260,1.83,-1.81,-0.006042,2160000,ScoreExit,window:strong core,three_outside_up,0.4790,-0.0819,0.5108,0.4515,0.5234,-0.5415,-0.3148,0.5371,,,
summary,2022-03-21,AAPL,,,,,,,-1.81,,1,,,,,,,,,,,,0.9568,2022-03-18T15:04:00+00:00,967,1080
summary,2022-03-21,MSFT,,,,,,,0.00,,0,,,,,,,,,,,,0.9515,2022-03-18T15:04:00+00:00,705,981
trade,2022-03-22,SPY,Long,2022-03-22T14:01:00+00:00,2022-03-22T15:44:00+00:00,448.0394,448.6147,0.67,0.39,0.001284,6180000,ScoreExit,window:strong core,bullish_engulfing,0.4604,-0.0537,0.5518,0.4199,0.5110,-0.4748,-0.2497,0.4786,,,
summary,2022-03-22,SPY,,,,,,,0.39,,1,,,,,,,,,,,,0.4748,2022-03-21T13:36:00+00:00,896,1480
trade,2022-03-22,QQQ,Long,2022-03-22T13:36:00+00:00,2022-03-22T15:41:00+00:00,351.9105,357.1178,0.85,4.44,0.014797,7500000,MaxHoldTimeout,window:strong core,hammer,0.4817,0.1358,0.5630,0.4534,0.5110,0.2931,-0.1387,0.6324,,,
summary,2022-03-22,QQQ,,,,,,,4.44,,1,,,,,,,,,,,,0.6927,2022-03-21T15:27:00+00:00,955,1563
trade,2022-03-22,AAPL,Long,2022-03-22T13:36:00+00:00,2022-03-22T15:41:00+00:00,166.1948,168.6844,1.81,4.50,0.014980,7500000,MaxHoldTimeout,window:strong core,,0.4643,0.0989,0.5595,0.4263,0.5087,-0.0135,-0.1867,0.7075,,,
summary,2022-03-22,AAPL,,,,,,,4.50,,1,,,,,,,,,,,,0.6682,2022-03-21T15:22:00+00:00,968,1376
trade,2022-03-22,MSFT,Long,2022-03-22T13:31:00+00:00,2022-03-22T15:36:00+00:00,299.6749,304.3037,1.00,4.64,0.015446,7500000,MaxHoldTimeout,window:strong core,hammer,0.3941,0.1068,0.3438,0.4038,0.3913,-0.5549,-0.0387,0.6182,,,
summary,2022-03-22,MSFT,,,,,,,4.64,,1,,,,,,,,,,,,0.8033,2022-03-21T09:33:00+00:00,659,1102
summary,2022-03-23,SPY,,,,,,,0.00,,0,,,,,,,,,,,,0.4748,2022-03-21T13:36:00+00:00,1253,2316
summary,2022-03-23,QQQ,,,,,,,0.00,,0,,,,,,,,,,,,0.6927,2022-03-21T15:27:00+00:00,1399,2426
summary,2022-03-23,AAPL,,,,,,,0.00,,0,,,,,,,,,,,,0.6682,2022-03-21T15:22:00+00:00,1572,2157
summary,2022-03-23,MSFT,,,,,,,0.00,,0,,,,,,,,,,,,0.8033,2022-03-21T09:33:00+00:00,991,1673
summary,2022-03-24,SPY,,,,,,,0.00,,0,,,,,,,,,,,,0.6858,2022-03-21T15:01:00+00:00,1543,2876
summary,2022-03-24,QQQ,,,,,,,0.00,,0,,,,,,,,,,,,0.8235,2022-03-21T13:41:00+00:00,1780,3000
summary,2022-03-24,AAPL,,,,,,,0.00,,0,,,,,,,,,,,,1.0000,2022-03-21T13:41:00+00:00,2104,2768
summary,2022-03-24,MSFT,,,,,,,0.00,,0,,,,,,,,,,,,0.6846,2022-03-21T13:43:00+00:00,1224,2120
trade,2022-03-25,SPY,Long,2022-03-25T14:39:00+00:00,2022-03-25T15:06:00+00:00,452.6007,451.6295,0.66,-0.64,-0.002146,1620000,ScoreExit,window:candle reversal,shooting_star,0.2868,-0.1853,0.2292,0.2956,0.2883,-0.4161,-0.3172,0.1554,,,
summary,2022-03-25,SPY,,,,,,,-0.64,,1,,,,,,,,,,,,0.8474,2022-03-22T14:43:00+00:00,1417,2858
summary,2022-03-25,QQQ,,,,,,,0.00,,0,,,,,,,,,,,,0.9523,2022-03-22T14:48:00+00:00,1668,2985
trade,2022-03-25,AAPL,Long,2022-03-25T14:39:00+00:00,2022-03-25T15:01:00+00:00,174.7974,174.3927,1.72,-0.70,-0.002316,1320000,ScoreExit,window:candle reversal,shooting_star,0.2636,-0.0827,0.3134,0.2280,0.3181,-0.5125,-0.1291,0.1532,,,
summary,2022-03-25,AAPL,,,,,,,-0.70,,1,,,,,,,,,,,,1.0000,2022-03-22T13:39:00+00:00,2178,2826
summary,2022-03-25,MSFT,,,,,,,0.00,,0,,,,,,,,,,,,0.9491,2022-03-22T14:51:00+00:00,1096,2142
trade,2022-03-28,SPY,Long,2022-03-28T13:44:00+00:00,2022-03-28T15:02:00+00:00,452.7958,452.5492,0.66,-0.16,-0.000545,4680000,ScoreExit,window:candle reversal,shooting_star,0.2231,-0.0634,0.4108,0.1316,0.3434,-0.3163,-0.1652,0.2245,,,
summary,2022-03-28,SPY,,,,,,,-0.16,,1,,,,,,,,,,,,0.8392,2022-03-25T14:42:00+00:00,722,1128
trade,2022-03-28,QQQ,Long,2022-03-28T13:36:00+00:00,2022-03-28T15:31:00+00:00,361.1833,360.9167,0.83,-0.22,-0.000738,6900000,ScoreExit,window:strong core,,0.5106,-0.1009,0.5911,0.4531,0.5988,-0.1800,-0.3705,0.4648,,,
summary,2022-03-28,QQQ,,,,,,,-0.22,,1,,,,,,,,,,,,0.7592,2022-03-25T14:42:00+00:00,732,1126
trade,2022-03-28,AAPL,Long,2022-03-28T13:35:00+00:00,2022-03-28T15:31:00+00:00,173.6271,174.1908,1.73,0.97,0.003247,6960000,ScoreExit,window:strong core,shooting_star,0.4454,-0.0996,0.5587,0.4760,0.3465,-0.4322,-0.2970,0.4061,,,
summary,2022-03-28,AAPL,,,,,,,0.97,,1,,,,,,,,,,,,0.9559,2022-03-25T14:42:00+00:00,630,1193
trade,2022-03-28,MSFT,Long,2022-03-28T13:31:00+00:00,2022-03-28T15:03:00+00:00,305.4366,308.2875,0.98,2.80,0.009334,5520000,ScoreExit,window:strong core,three_outside_up,0.6002,-0.0517,0.5725,0.5303,0.7493,-0.4995,-0.2688,0.5316,,,
summary,2022-03-28,MSFT,,,,,,,2.80,,1,,,,,,,,,,,,0.8742,2022-03-25T14:42:00+00:00,580,934
summary,2022-03-29,SPY,,,,,,,0.00,,0,,,,,,,,,,,,0.5877,2022-03-28T18:59:00+00:00,1069,1472
summary,2022-03-29,QQQ,,,,,,,0.00,,0,,,,,,,,,,,,0.6247,2022-03-28T13:55:00+00:00,1165,1535
trade,2022-03-29,AAPL,Long,2022-03-29T14:56:00+00:00,2022-03-29T15:56:00+00:00,177.3482,177.6217,1.69,0.46,0.001542,3600000,SessionClose,window:candle reversal,shooting_star,0.2595,0.0765,0.5690,0.0498,0.5758,-0.3034,-0.1200,0.5960,,,
summary,2022-03-29,AAPL,,,,,,,0.46,,1,,,,,,,,,,,,0.7043,2022-03-28T13:35:00+00:00,1139,1510
summary,2022-03-29,MSFT,,,,,,,0.00,,0,,,,,,,,,,,,0.7866,2022-03-28T13:58:00+00:00,795,1144
summary,2022-03-30,SPY,,,,,,,0.00,,0,,,,,,,,,,,,0.5877,2022-03-28T18:59:00+00:00,1524,2305
trade,2022-03-30,QQQ,Long,2022-03-30T14:00:00+00:00,2022-03-30T14:07:00+00:00,369.9660,369.0243,0.81,-0.76,-0.002545,420000,ScoreExit,window:candle reversal,bearish_engulfing,0.2045,-0.0703,0.2806,0.1740,0.2402,-0.5667,-0.1270,0.2084,,,
summary,2022-03-30,QQQ,,,,,,,-0.76,,1,,,,,,,,,,,,0.6247,2022-03-28T13:55:00+00:00,1682,2393
trade,2022-03-30,AAPL,Long,2022-03-30T13:48:00+00:00,2022-03-30T14:31:00+00:00,178.7686,178.7813,1.68,0.02,0.000071,2580000,ScoreExit,window:candle reversal,shooting_star,0.2117,-0.0615,-0.1620,0.2443,0.2712,-0.4903,-0.1155,0.1896,,,
summary,2022-03-30,AAPL,,,,,,,0.02,,1,,,,,,,,,,,,0.7043,2022-03-28T13:35:00+00:00,1674,2325
summary,2022-03-30,MSFT,,,,,,,0.00,,0,,,,,,,,,,,,0.7866,2022-03-28T13:58:00+00:00,1119,1744
summary,2022-03-31,SPY,,,,,,,0.00,,0,,,,,,,,,,,,0.6055,2022-03-28T14:59:00+00:00,1688,2850
summary,2022-03-31,QQQ,,,,,,,0.00,,0,,,,,,,,,,,,0.8082,2022-03-28T13:55:00+00:00,1825,2932
summary,2022-03-31,AAPL,,,,,,,0.00,,0,,,,,,,,,,,,1.0000,2022-03-28T13:35:00+00:00,2000,2801
trade,2022-03-31,MSFT,Long,2022-03-31T14:59:00+00:00,2022-03-31T15:16:00+00:00,313.7211,312.4712,0.96,-1.20,-0.003984,1020000,ScoreExit,window:candle reversal,shooting_star,0.2846,-0.0809,0.3499,0.3110,0.2099,-0.5508,-0.0827,0.0794,,,
summary,2022-03-31,MSFT,,,,,,,-1.20,,1,,,,,,,,,,,,1.0000,2022-03-28T13:34:00+00:00,1309,2192
summary,2022-04-01,SPY,,,,,,,0.00,,0,,,,,,,,,,,,0.5752,2022-03-29T19:34:00+00:00,710,2873
summary,2022-04-01,QQQ,,,,,,,0.00,,0,,,,,,,,,,,,0.5764,2022-03-29T19:08:00+00:00,763,2900
summary,2022-04-01,AAPL,,,,,,,0.00,,0,,,,,,,,,,,,0.8963,2022-03-29T13:47:00+00:00,1025,2818
summary,2022-04-01,MSFT,,,,,,,0.00,,0,,,,,,,,,,,,0.5791,2022-03-29T18:47:00+00:00,827,2172
summary,2022-04-04,SPY,,,,,,,0.00,,0,,,,,,,,,,,,0.5043,2022-04-01T18:32:00+00:00,709,1110
trade,2022-04-04,QQQ,Long,2022-04-04T13:36:00+00:00,2022-04-04T15:56:00+00:00,363.7641,367.9346,0.82,3.44,0.011465,8400000,SessionClose,window:strong core,three_outside_up,0.4740,0.2030,0.5606,0.4008,0.5915,0.2905,0.0147,0.5505,,,
summary,2022-04-04,QQQ,,,,,,,3.44,,1,,,,,,,,,,,,0.5723,2022-04-04T13:55:00+00:00,768,1144
trade,2022-04-04,AAPL,Long,2022-04-04T13:31:00+00:00,2022-04-04T15:33:00+00:00,174.6074,177.5117,1.72,4.99,0.016634,7320000,MaxHoldTimeout,window:strong core,three_outside_up,0.5374,0.1020,0.3143,0.4746,0.7376,-0.3003,-0.0802,0.6007,,,
summary,2022-04-04,AAPL,,,,,,,4.99,,1,,,,,,,,,,,,0.6837,2022-04-04T13:54:00+00:00,723,1064
trade,2022-04-04,MSFT,Long,2022-04-04T13:36:00+00:00,2022-04-04T15:37:00+00:00,312.3187,312.9061,0.96,0.56,0.001881,7260000,MaxHoldTimeout,window:strong core,three_outside_up,0.5811,0.1385,0.6012,0.5549,0.6268,-0.4343,0.0066,0.5932,,,
summary,2022-04-04,MSFT,,,,,,,0.56,,1,,,,,,,,,,,,0.8249,2022-04-01T14:53:00+00:00,591,937
trade,2022-04-05,SPY,Long,2022-04-05T13:43:00+00:00,2022-04-05T14:06:00+00:00,457.0021,456.3181,0.66,-0.45,-0.001497,1380000,ScoreExit,window:candle reversal,shooting_star,0.3088,-0.1764,0.3170,0.3063,0.3111,-0.5015,-0.3006,0.1804,,,
summary,2022-04-05,SPY,,,,,,,-0.45,,1,,,,,,,,,,,,0.7840,2022-04-04T09:12:00+00:00,782,1409
summary,2022-04-05,QQQ,,,,,,,0.00,,0,,,,,,,,,,,,0.8469,2022-04-04T09:15:00+00:00,825,1488
summary,2022-04-05,AAPL,,,,,,,0.00,,0,,,,,,,,,,,,0.8525,2022-04-04T09:13:00+00:00,706,1394
summary,2022-04-05,MSFT,,,,,,,0.00,,0,,,,,,,,,,,,0.7697,2022-04-04T10:22:00+00:00,540,1071
summary,2022-04-06,SPY,,,,,,,0.00,,0,,,,,,,,,,,,0.7840,2022-04-04T09:12:00+00:00,782,2274
summary,2022-04-06,QQQ,,,,,,,0.00,,0,,,,,,,,,,,,0.8469,2022-04-04T09:15:00+00:00,825,2380
summary,2022-04-06,AAPL,,,,,,,0.00,,0,,,,,,,,,,,,0.8525,2022-04-04T09:13:00+00:00,740,2224
summary,2022-04-06,MSFT,,,,,,,0.00,,0,,,,,,,,,,,,0.7697,2022-04-04T10:22:00+00:00,540,1731
summary,2022-04-07,SPY,,,,,,,0.00,,0,,,,,,,,,,,,0.7100,2022-04-04T15:04:00+00:00,769,2886
summary,2022-04-07,QQQ,,,,,,,0.00,,0,,,,,,,,,,,,0.9559,2022-04-04T15:04:00+00:00,744,2997
summary,2022-04-07,AAPL,,,,,,,0.00,,0,,,,,,,,,,,,1.0000,2022-04-04T13:34:00+00:00,727,2807
summary,2022-04-07,MSFT,,,,,,,0.00,,0,,,,,,,,,,,,1.0000,2022-04-04T13:35:00+00:00,520,2276
summary,2022-04-08,SPY,,,,,,,0.00,,0,,,,,,,,,,,,0.4735,2022-04-05T13:41:00+00:00,600,2884
summary,2022-04-08,QQQ,,,,,,,0.00,,0,,,,,,,,,,,,0.3961,2022-04-07T19:14:00+00:00,247,3031
summary,2022-04-08,AAPL,,,,,,,0.00,,0,,,,,,,,,,,,0.6769,2022-04-05T13:45:00+00:00,142,2757
summary,2022-04-08,MSFT,,,,,,,0.00,,0,,,,,,,,,,,,0.4409,2022-04-05T14:54:00+00:00,97,2254
summary,2022-04-11,SPY,,,,,,,0.00,,0,,,,,,,,,,,,0.9581,2022-04-08T15:01:00+00:00,226,1152
summary,2022-04-11,QQQ,,,,,,,0.00,,0,,,,,,,,,,,,0.9594,2022-04-08T15:01:00+00:00,160,1188
summary,2022-04-11,AAPL,,,,,,,0.00,,0,,,,,,,,,,,,0.9427,2022-04-08T15:02:00+00:00,227,1119
summary,2022-04-11,MSFT,,,,,,,0.00,,0,,,,,,,,,,,,0.9597,2022-04-08T15:01:00+00:00,166,1002
summary,2022-04-12,SPY,,,,,,,0.00,,0,,,,,,,,,,,,0.5355,2022-04-12T12:54:00+00:00,248,1520
summary,2022-04-12,QQQ,,,,,,,0.00,,0,,,,,,,,,,,,0.6620,2022-04-12T12:54:00+00:00,321,1581
summary,2022-04-12,AAPL,,,,,,,0.00,,0,,,,,,,,,,,,0.6117,2022-04-12T12:34:00+00:00,446,1460
summary,2022-04-12,MSFT,,,,,,,0.00,,0,,,,,,,,,,,,0.5992,2022-04-11T10:15:00+00:00,204,1258
summary,2022-04-13,SPY,,,,,,,0.00,,0,,,,,,,,,,,,0.5355,2022-04-12T12:54:00+00:00,541,2349
summary,2022-04-13,QQQ,,,,,,,0.00,,0,,,,,,,,,,,,0.6620,2022-04-12T12:54:00+00:00,672,2451
trade,2022-04-13,AAPL,Long,2022-04-13T13:50:00+00:00,2022-04-13T15:56:00+00:00,168.1753,169.8587,1.79,3.01,0.010010,7560000,SessionClose,window:candle reversal,shooting_star,0.2501,0.2098,0.1824,0.2848,0.2032,0.2828,0.0837,0.4378,,,
summary,2022-04-13,AAPL,,,,,,,3.01,,1,,,,,,,,,,,,0.6117,2022-04-12T12:34:00+00:00,1028,2232
summary,2022-04-13,MSFT,,,,,,,0.00,,0,,,,,,,,,,,,0.5992,2022-04-11T10:15:00+00:00,455,1875
trade,2022-04-14,SPY,Long,2022-04-14T13:30:00+00:00,2022-04-14T13:45:00+00:00,443.6881,442.5922,0.68,-0.74,-0.002470,900000,ScoreExit,window:candle reversal,shooting_star,0.3350,-0.0565,0.5430,0.3676,0.2005,-0.5814,-0.0696,0.1447,,,
summary,2022-04-14,SPY,,,,,,,-0.74,,1,,,,,,,,,,,,0.5541,2022-04-12T12:54:00+00:00,809,2856
summary,2022-04-14,QQQ,,,,,,,0.00,,0,,,,,,,,,,,,0.6733,2022-04-12T12:54:00+00:00,940,2982
summary,2022-04-14,AAPL,,,,,,,0.00,,0,,,,,,,,,,,,0.6297,2022-04-12T12:34:00+00:00,1257,2729
summary,2022-04-14,MSFT,,,,,,,0.00,,0,,,,,,,,,,,,0.6338,2022-04-12T12:33:00+00:00,553,2254
summary,2022-04-15,SPY,,,,,,,0.00,,0,,,,,,,,,,,,0.8706,2022-04-12T13:53:00+00:00,802,2189
summary,2022-04-15,QQQ,,,,,,,0.00,,0,,,,,,,,,,,,0.9010,2022-04-12T13:53:00+00:00,821,2276
summary,2022-04-15,AAPL,,,,,,,0.00,,0,,,,,,,,,,,,0.9383,2022-04-12T13:45:00+00:00,857,2084
summary,2022-04-15,MSFT,,,,,,,0.00,,0,,,,,,,,,,,,0.9416,2022-04-12T13:45:00+00:00,508,1658
trade,2022-04-18,SPY,Long,2022-04-18T13:44:00+00:00,2022-04-18T14:52:00+00:00,439.3268,438.5634,0.68,-0.52,-0.001738,4080000,ScoreExit,window:strong core,three_outside_up,0.4563,-0.0582,0.5317,0.4403,0.4630,-0.4988,-0.0887,0.1497,,,
summary,2022-04-18,SPY,,,,,,,-0.52,,1,,,,,,,,,,,,0.5285,2022-04-18T17:49:00+00:00,258,632
trade,2022-04-18,QQQ,Long,2022-04-18T13:31:00+00:00,2022-04-18T15:10:00+00:00,338.5265,339.2682,0.89,0.66,0.002191,5940000,ScoreExit,window:strong core,,0.4698,-0.0694,0.5624,0.4014,0.5755,-0.4040,-0.1916,0.2865,,,
summary,2022-04-18,QQQ,,,,,,,0.66,,1,,,,,,,,,,,,0.6635,2022-04-18T17:49:00+00:00,343,672
trade,2022-04-18,AAPL,Long,2022-04-18T13:31:00+00:00,2022-04-18T13:52:00+00:00,164.5343,164.8755,1.82,0.62,0.002074,1260000,ScoreExit,window:candle reversal,three_outside_down,0.2956,-0.0820,0.3474,0.2887,0.2921,-0.3949,-0.1490,0.1564,,,
trade,2022-04-18,AAPL,Long,2022-04-18T14:21:00+00:00,2022-04-18T15:08:00+00:00,165.5129,165.3404,1.81,-0.31,-0.001043,2820000,ScoreExit,window:strong core,three_outside_up,0.5125,-0.0853,0.2558,0.4313,0.7605,-0.4449,-0.2090,0.2818,,,
summary,2022-04-18,AAPL,,,,,,,0.31,,2,,,,,,,,,,,,0.6395,2022-04-18T14:44:00+00:00,292,584
trade,2022-04-18,MSFT,Long,2022-04-18T13:32:00+00:00,2022-04-18T14:57:00+00:00,280.5491,280.5408,1.07,-0.01,-0.000030,5100000,ScoreExit,window:strong core,bullish_engulfing,0.4669,-0.0533,0.5623,0.4226,0.5238,-0.5751,-0.0585,0.1308,,,
summary,2022-04-18,MSFT,,,,,,,-0.01,,1,,,,,,,,,,,,0.8715,2022-04-18T11:14:00+00:00,237,500
trade,2022-04-19,SPY,Long,2022-04-19T13:51:00+00:00,2022-04-19T15:56:00+00:00,439.6368,443.7518,0.68,2.81,0.009360,7500000,MaxHoldTimeout,window:strong core,three_outside_up,0.4515,0.0772,0.1773,0.4879,0.4702,-0.3376,-0.1009,0.5717,,,
summary,2022-04-19,SPY,,,,,,,2.81,,1,,,,,,,,,,,,0.5691,2022-04-19T14:09:00+00:00,917,1503
trade,2022-04-19,QQQ,Long,2022-04-19T13:51:00+00:00,2022-04-19T15:56:00+00:00,339.1667,345.3214,0.88,5.44,0.018146,7500000,MaxHoldTimeout,window:strong core,three_outside_up,0.4147,0.1248,0.2209,0.4445,0.4197,-0.4505,-0.0715,0.7091,,,
summary,2022-04-19,QQQ,,,,,,,5.44,,1,,,,,,,,,,,,0.6635,2022-04-18T17:49:00+00:00,1021,1569
trade,2022-04-19,AAPL,Long,2022-04-19T14:06:00+00:00,2022-04-19T15:56:00+00:00,165.5647,167.0949,1.81,2.77,0.009242,6600000,SessionClose,window:strong core,hammer,0.4746,0.0527,0.5522,0.4219,0.5540,-0.5147,-0.1351,0.6175,,,
summary,2022-04-19,AAPL,,,,,,,2.77,,1,,,,,,,,,,,,0.6395,2022-04-18T14:44:00+00:00,903,1356
trade,2022-04-19,MSFT,Long,2022-04-19T13:51:00+00:00,2022-04-19T15:56:00+00:00,280.9593,284.4696,1.07,3.75,0.012494,7500000,MaxHoldTimeout,window:strong core,three_outside_up,0.4467,0.1074,0.5132,0.4379,0.4422,-0.1826,-0.1100,0.6388,,,
summary,2022-04-19,MSFT,,,,,,,3.75,,1,,,,,,,,,,,,0.8715,2022-04-18T11:14:00+00:00,734,1113
trade,2022-04-20,SPY,Long,2022-04-20T14:43:00+00:00,2022-04-20T15:16:00+00:00,446.7690,445.3414,0.67,-0.96,-0.003195,1980000,ScoreExit,window:candle reversal,shooting_star,0.3142,-0.1329,0.3223,0.3111,0.3177,-0.5015,-0.2729,0.2699,,,
summary,2022-04-20,SPY,,,,,,,-0.96,,1,,,,,,,,,,,,0.5691,2022-04-19T14:09:00+00:00,1506,2364
summary,2022-04-20,QQQ,,,,,,,0.00,,0,,,,,,,,,,,,0.6635,2022-04-18T17:49:00+00:00,1525,2500
trade,2022-04-20,AAPL,Long,2022-04-20T14:41:00+00:00,2022-04-20T15:01:00+00:00,168.2154,167.3448,1.79,-1.55,-0.005176,1200000,ScoreExit,window:candle reversal,shooting_star,0.3007,-0.0981,0.4225,0.2793,0.3028,-0.5409,-0.1668,0.1867,,,
summary,2022-04-20,AAPL,,,,,,,-1.55,,1,,,,,,,,,,,,0.6395,2022-04-18T14:44:00+00:00,1402,2165
trade,2022-04-20,MSFT,Long,2022-04-20T14:36:00+00:00,2022-04-20T15:16:00+00:00,288.4416,286.9289,1.04,-1.57,-0.005244,2400000,ScoreExit,window:candle reversal,shooting_star,0.4132,-0.1304,0.4646,0.3929,0.4366,-0.3018,-0.3518,0.3696,,,
summary,2022-04-20,MSFT,,,,,,,-1.57,,1,,,,,,,,,,,,0.8715,2022-04-18T11:14:00+00:00,1162,1761
summary,2022-04-21,SPY,,,,,,,0.00,,0,,,,,,,,,,,,0.5637,2022-04-19T14:09:00+00:00,1856,2965
summary,2022-04-21,QQQ,,,,,,,0.00,,0,,,,,,,,,,,,0.8942,2022-04-18T14:25:00+00:00,1779,3079
trade,2022-04-21,AAPL,Long,2022-04-21T13:31:00+00:00,2022-04-21T15:33:00+00:00,168.8256,170.7438,1.78,3.41,0.011362,7320000,MaxHoldTimeout,window:strong core,bullish_engulfing,0.3664,0.1221,-0.1303,0.4115,0.4419,-0.4674,0.0760,0.4109,,,
summary,2022-04-21,AAPL,,,,,,,3.41,,1,,,,,,,,,,,,1.0000,2022-04-18T13:33:00+00:00,1774,2733
trade,2022-04-21,MSFT,Long,2022-04-21T13:31:00+00:00,2022-04-21T14:41:00+00:00,289.0967,290.7977,1.04,1.76,0.005884,4200000,ScoreExit,window:strong core,bullish_engulfing,0.4550,-0.0656,0.4534,0.4298,0.5059,-0.3712,-0.2164,0.3377,,,
summary,2022-04-21,MSFT,,,,,,,1.76,,1,,,,,,,,,,,,1.0000,2022-04-18T13:33:00+00:00,1353,2223
summary,2022-04-22,SPY,,,,,,,0.00,,0,,,,,,,,,,,,0.9566,2022-04-19T14:41:00+00:00,1353,2919
summary,2022-04-22,QQQ,,,,,,,0.00,,0,,,,,,,,,,,,0.9585,2022-04-19T14:41:00+00:00,1130,3061
summary,2022-04-22,AAPL,,,,,,,0.00,,0,,,,,,,,,,,,0.9575,2022-04-19T14:41:00+00:00,1345,2759
summary,2022-04-22,MSFT,,,,,,,0.00,,0,,,,,,,,,,,,0.9584,2022-04-19T14:40:00+00:00,1098,2219
summary,2022-04-25,SPY,,,,,,,0.00,,0,,,,,,,,,,,,0.4781,2022-04-25T19:53:00+00:00,115,1202
summary,2022-04-25,QQQ,,,,,,,0.00,,0,,,,,,,,,,,,0.6606,2022-04-22T14:06:00+00:00,127,1213
summary,2022-04-25,AAPL,,,,,,,0.00,,0,,,,,,,,,,,,1.0000,2022-04-22T13:33:00+00:00,213,1173
trade,2022-04-25,MSFT,Long,2022-04-25T14:16:00+00:00,2022-04-25T14:56:00+00:00,275.4876,275.6723,1.09,0.20,0.000670,2400000,ScoreExit,window:5m thrust,three_outside_up,0.3718,-0.0534,0.2939,0.5294,0.0826,-0.5410,-0.0763,0.1549,,,
summary,2022-04-25,MSFT,,,,,,,0.20,,1,,,,,,,,,,,,0.7835,2022-04-22T13:33:00+00:00,279,1032
summary,2022-04-26,SPY,,,,,,,0.00,,0,,,,,,,,,,,,0.6646,2022-04-25T18:51:00+00:00,736,1544
summary,2022-04-26,QQQ,,,,,,,0.00,,0,,,,,,,,,,,,0.7093,2022-04-25T14:31:00+00:00,807,1584
summary,2022-04-26,AAPL,,,,,,,0.00,,0,,,,,,,,,,,,0.6774,2022-04-25T18:53:00+00:00,599,1434
summary,2022-04-26,MSFT,,,,,,,0.00,,0,,,,,,,,,,,,0.7308,2022-04-25T14:31:00+00:00,610,1225
summary,2022-04-27,SPY,,,,,,,0.00,,0,,,,,,,,,,,,0.6646,2022-04-25T18:51:00+00:00,846,2487
trade,2022-04-27,QQQ,Long,2022-04-27T13:46:00+00:00,2022-04-27T15:47:00+00:00,321.6115,319.4191,0.93,-2.04,-0.006817,7260000,MaxHoldTimeout,window:5m thrust,three_outside_up,0.4804,0.0000,0.5128,0.6947,0.0410,-0.4711,0.0628,-0.1290,,,
summary,2022-04-27,QQQ,,,,,,,-2.04,,1,,,,,,,,,,,,0.7093,2022-04-25T14:31:00+00:00,892,2533
summary,2022-04-27,AAPL,,,,,,,0.00,,0,,,,,,,,,,,,0.6774,2022-04-25T18:53:00+00:00,680,2323
trade,2022-04-27,MSFT,Long,2022-04-27T14:46:00+00:00,2022-04-27T15:56:00+00:00,284.9405,286.1491,1.02,1.23,0.004242,4200000,SessionClose,window:strong core,,0.4901,-0.0398,0.5586,0.4231,0.6012,-0.5371,-0.2708,0.5879,,,
summary,2022-04-27,MSFT,,,,,,,1.23,,1,,,,,,,,,,,,0.8666,2022-04-26T22:06:00+00:00,1239,2113
summary,2022-04-28,SPY,,,,,,,0.00,,0,,,,,,,,,,,,0.8612,2022-04-25T14:37:00+00:00,1209,3086
summary,2022-04-28,QQQ,,,,,,,0.00,,0,,,,,,,,,,,,0.9067,2022-04-25T14:25:00+00:00,1334,3148
trade,2022-04-28,AAPL,Long,2022-04-28T14:16:00+00:00,2022-04-28T14:31:00+00:00,159.5655,159.4571,1.88,-0.20,-0.000679,900000,ScoreExit,window:strong core,bullish_engulfing,0.3604,-0.0747,-0.1482,0.4584,0.3340,-0.5914,-0.1923,0.3327,,,
summary,2022-04-28,AAPL,,,,,,,-0.20,,1,,,,,,,,,,,,0.9055,2022-04-25T14:26:00+00:00,1330,2924
summary,2022-04-28,MSFT,,,,,,,0.00,,0,,,,,,,,,,,,0.9456,2022-04-25T14:49:00+00:00,1692,2661
summary,2022-04-29,SPY,,,,,,,0.00,,0,,,,,,,,,,,,0.5580,2022-04-27T13:48:00+00:00,1261,3122
trade,2022-04-29,QQQ,Long,2022-04-29T13:56:00+00:00,2022-04-29T14:16:00+00:00,325.9427,324.7176,0.92,-1.13,-0.003759,1200000,ScoreExit,window:strong core,,0.5058,-0.1634,0.5919,0.5567,0.3753,-0.5256,-0.2238,0.0781,,,
summary,2022-04-29,QQQ,,,,,,,-1.13,,1,,,,,,,,,,,,0.6879,2022-04-27T13:48:00+00:00,1345,3200
trade,2022-04-29,AAPL,Long,2022-04-29T13:31:00+00:00,2022-04-29T14:35:00+00:00,161.6235,162.7961,1.86,2.18,0.007256,3840000,ScoreExit,window:strong core,,0.4731,-0.0546,-0.2326,0.4994,0.6556,-0.5638,-0.2563,0.5187,,,
summary,2022-04-29,AAPL,,,,,,,2.18,,1,,,,,,,,,,,,0.7075,2022-04-29T13:59:00+00:00,1537,3091
summary,2022-04-29,MSFT,,,,,,,0.00,,0,,,,,,,,,,,,0.9561,2022-04-26T22:06:00+00:00,1445,2713
summary,2022-05-02,SPY,,,,,,,0.00,,0,,,,,,,,,,,,0.7756,2022-04-29T13:59:00+00:00,92,1162
summary,2022-05-02,QQQ,,,,,,,0.00,,0,,,,,,,,,,,,0.9079,2022-04-29T13:56:00+00:00,102,1181
summary,2022-05-02,AAPL,,,,,,,0.00,,0,,,,,,,,,,,,1.0000,2022-04-29T13:32:00+00:00,116,1141
trade,2022-05-02,MSFT,Long,2022-05-02T14:26:00+00:00,2022-05-02T15:01:00+00:00,280.6892,279.7311,1.03,-0.99,-0.003413,2100000,ScoreExit,window:strong core,three_outside_up,0.4213,-0.0542,0.6251,0.4340,0.3280,-0.5219,-0.0937,0.1807,,,
summary,2022-05-02,MSFT,,,,,,,-0.99,,1,,,,,,,,,,,,0.7417,2022-05-02T19:32:00+00:00,206,1010
trade,2022-05-03,SPY,Long,2022-05-03T14:15:00+00:00,2022-05-03T15:56:00+00:00,415.1995,417.6396,0.72,1.76,0.005877,6060000,SessionClose,window:candle reversal,bearish_engulfing,0.2238,0.2596,0.3131,0.0890,0.4635,0.2133,0.1009,0.5923,,,
summary,2022-05-03,SPY,,,,,,,1.76,,1,,,,,,,,,,,,0.7883,2022-05-02T19:32:00+00:00,907,1509
summary,2022-05-03,QQQ,,,,,,,0.00,,0,,,,,,,,,,,,0.7469,2022-05-02T19:34:00+00:00,940,1565
trade,2022-05-03,AAPL,Long,2022-05-03T14:36:00+00:00,2022-05-03T15:56:00+00:00,158.2912,159.5471,1.89,2.38,0.007934,4800000,SessionClose,window:candle reversal,bearish_engulfing,0.2502,0.3373,0.4968,0.1291,0.4101,0.4835,0.1586,0.6460,,,
summary,2022-05-03,AAPL,,,,,,,2.38,,1,,,,,,,,,,,,0.7710,2022-05-02T19:32:00+00:00,891,1447
summary,2022-05-03,MSFT,,,,,,,0.00,,0,,,,,,,,,,,,0.7449,2022-05-02T19:32:00+00:00,693,1134
summary,2022-05-04,SPY,,,,,,,0.00,,0,,,,,,,,,,,,0.7883,2022-05-02T19:32:00+00:00,1485,2308
summary,2022-05-04,QQQ,,,,,,,0.00,,0,,,,,,,,,,,,0.7469,2022-05-02T19:34:00+00:00,1463,2390
summary,2022-05-04,AAPL,,,,,,,0.00,,0,,,,,,,,,,,,0.7710,2022-05-02T19:32:00+00:00,1485,2197
summary,2022-05-04,MSFT,,,,,,,0.00,,0,,,,,,,,,,,,0.7449,2022-05-02T19:32:00+00:00,994,1677
summary,2022-05-05,SPY,,,,,,,0.00,,0,,,,,,,,,,,,0.9070,2022-05-02T14:25:00+00:00,1828,2969
summary,2022-05-05,QQQ,,,,,,,0.00,,0,,,,,,,,,,,,0.9329,2022-05-02T13:43:00+00:00,1798,3020
summary,2022-05-05,AAPL,,,,,,,0.00,,0,,,,,,,,,,,,0.9150,2022-05-02T14:30:00+00:00,1731,2748
summary,2022-05-05,MSFT,,,,,,,0.00,,0,,,,,,,,,,,,0.9281,2022-05-02T13:43:00+00:00,1108,2148
trade,2022-05-06,SPY,Long,2022-05-06T14:49:00+00:00,2022-05-06T15:56:00+00:00,411.2283,410.2519,0.62,-0.61,-0.002374,4020000,SessionClose,window:5m thrust,hammer,0.3803,0.0000,0.3996,0.5521,0.0304,-0.3170,-0.3495,-0.0937,,,
summary,2022-05-06,SPY,,,,,,,-0.61,,1,,,,,,,,,,,,0.7830,2022-05-04T19:12:00+00:00,1309,3000
trade,2022-05-06,QQQ,Long,2022-05-06T14:49:00+00:00,2022-05-06T15:56:00+00:00,311.4184,310.2846,0.75,-0.85,-0.003641,4020000,SessionClose,window:5m thrust,hammer,0.4137,0.0000,0.3409,0.5862,0.0931,-0.3541,-0.3684,-0.0855,,,
summary,2022-05-06,QQQ,,,,,,,-0.85,,1,,,,,,,,,,,,0.9070,2022-05-03T14:00:00+00:00,1292,3045
trade,2022-05-06,AAPL,Long,2022-05-06T14:11:00+00:00,2022-05-06T15:32:00+00:00,155.8017,158.8073,1.92,5.79,0.019291,4860000,ScoreExit,window:5m thrust,shooting_star,0.3645,-0.0612,-0.0252,0.5123,0.1989,-0.2893,-0.0920,0.0765,,,
summary,2022-05-06,AAPL,,,,,,,5.79,,1,,,,,,,,,,,,0.8963,2022-05-03T14:01:00+00:00,1467,2795
summary,2022-05-06,MSFT,,,,,,,0.00,,0,,,,,,,,,,,,0.7718,2022-05-04T19:31:00+00:00,639,2199
summary,2022-05-09,SPY,,,,,,,0.00,,0,,,,,,,,,,,,0.9629,2022-05-06T14:47:00+00:00,273,1201
summary,2022-05-09,QQQ,,,,,,,0.00,,0,,,,,,,,,,,,0.9632,2022-05-06T14:46:00+00:00,181,1199
summary,2022-05-09,AAPL,,,,,,,0.00,,0,,,,,,,,,,,,0.9553,2022-05-06T14:58:00+00:00,235,1183
summary,2022-05-09,MSFT,,,,,,,0.00,,0,,,,,,,,,,,,0.9608,2022-05-06T14:58:00+00:00,194,1036
summary,2022-05-10,SPY,,,,,,,0.00,,0,,,,,,,,,,,,0.7060,2022-05-10T17:49:00+00:00,529,1613
summary,2022-05-10,QQQ,,,,,,,0.00,,0,,,,,,,,,,,,0.7302,2022-05-10T17:49:00+00:00,532,1656
summary,2022-05-10,AAPL,,,,,,,0.00,,0,,,,,,,,,,,,0.6862,2022-05-10T17:49:00+00:00,607,1559
trade,2022-05-10,MSFT,Long,2022-05-10T14:09:00+00:00,2022-05-10T14:38:00+00:00,273.0369,270.4938,1.10,-2.79,-0.009314,1740000,ScoreExit,window:candle reversal,shooting_star,0.2345,-0.0615,0.4105,0.1510,0.3430,-0.3695,-0.2124,0.3430,,,
summary,2022-05-10,MSFT,,,,,,,-2.79,,1,,,,,,,,,,,,0.7588,2022-05-10T17:47:00+00:00,532,1314
trade,2022-05-11,SPY,Long,2022-05-11T13:43:00+00:00,2022-05-11T15:02:00+00:00,398.5645,400.6248,0.64,1.32,0.005169,4740000,ScoreExit,window:5m thrust,hammer,0.3646,-0.0977,0.3433,0.5094,0.0821,-0.5604,-0.1731,0.2073,,,
summary,2022-05-11,SPY,,,,,,,1.32,,1,,,,,,,,,,,,0.7060,2022-05-10T17:49:00+00:00,838,2496
trade,2022-05-11,QQQ,Long,2022-05-11T13:49:00+00:00,2022-05-11T14:51:00+00:00,302.6858,300.3349,0.76,-1.78,-0.007767,3720000,ScoreExit,window:strong core,three_outside_up,0.6051,-0.1583,0.7002,0.6878,0.4081,-0.5450,-0.2383,0.1306,,,
summary,2022-05-11,QQQ,,,,,,,-1.78,,1,,,,,,,,,,,,0.7302,2022-05-10T17:49:00+00:00,903,2562
summary,2022-05-11,AAPL,,,,,,,0.00,,0,,,,,,,,,,,,0.6862,2022-05-10T17:49:00+00:00,908,2368
trade,2022-05-11,MSFT,Long,2022-05-11T13:49:00+00:00,2022-05-11T15:50:00+00:00,269.3558,266.2751,0.83,-2.55,-0.011437,7260000,MaxHoldTimeout,window:strong core,three_outside_up,0.4922,0.0000,0.6988,0.5207,0.3665,-0.3195,0.1525,-0.1601,,,
summary,2022-05-11,MSFT,,,,,,,-2.55,,1,,,,,,,,,,,,0.7588,2022-05-10T17:47:00+00:00,706,1971
trade,2022-05-12,SPY,Long,2022-05-12T14:21:00+00:00,2022-05-12T15:56:00+00:00,391.6625,389.1182,0.67,-1.70,-0.006496,5700000,SessionClose,window:5m thrust,hammer,0.4045,0.0000,0.1447,0.6070,0.0859,-0.5649,-0.6320,-0.1664,,,
summary,2022-05-12,SPY,,,,,,,-1.70,,1,,,,,,,,,,,,0.6525,2022-05-10T17:49:00+00:00,870,3105
trade,2022-05-12,QQQ,Long,2022-05-12T14:15:00+00:00,2022-05-12T15:56:00+00:00,290.9523,289.3582,0.87,-1.38,-0.005479,6060000,SessionClose,window:5m thrust,shooting_star,0.3780,0.0000,0.2616,0.5221,0.1285,-0.5404,-0.6678,-0.1984,,,
summary,2022-05-12,QQQ,,,,,,,-1.38,,1,,,,,,,,,,,,0.8767,2022-05-09T13:38:00+00:00,1027,3179
trade,2022-05-12,AAPL,Long,2022-05-12T14:19:00+00:00,2022-05-12T15:56:00+00:00,143.5080,141.9024,2.09,-3.36,-0.011188,5820000,SessionClose,window:5m thrust,hammer,0.3572,0.0000,0.0829,0.5514,0.0604,-0.5344,-0.7031,-0.1561,,,
summary,2022-05-12,AAPL,,,,,,,-3.36,,1,,,,,,,,,,,,0.6973,2022-05-10T17:49:00+00:00,920,2997
summary,2022-05-12,MSFT,,,,,,,0.00,,0,,,,,,,,,,,,0.7714,2022-05-10T17:47:00+00:00,721,2522
trade,2022-05-13,SPY,Long,2022-05-13T14:01:00+00:00,2022-05-13T15:56:00+00:00,399.0747,401.4245,0.75,1.77,0.005888,6900000,SessionClose,window:strong core,bullish_engulfing,0.4852,0.2574,0.5139,0.4728,0.5005,0.4810,0.1020,0.4938,,,
summary,2022-05-13,SPY,,,,,,,1.77,,1,,,,,,,,,,,,0.8063,2022-05-10T17:49:00+00:00,1180,3089
trade,2022-05-13,QQQ,Long,2022-05-13T13:51:00+00:00,2022-05-13T15:56:00+00:00,297.9944,301.1846,1.01,3.21,0.010706,7500000,SessionClose,window:strong core,,0.5099,0.3271,0.5769,0.4906,0.5264,0.4227,0.1813,0.5868,,,
summary,2022-05-13,QQQ,,,,,,,3.21,,1,,,,,,,,,,,,0.9038,2022-05-10T14:04:00+00:00,1286,3179
trade,2022-05-13,AAPL,Long,2022-05-13T14:26:00+00:00,2022-05-13T15:49:00+00:00,146.2989,146.8659,2.05,1.16,0.003876,4980000,ScoreExit,window:candle reversal,shooting_star,0.3995,-0.0595,0.5369,0.4631,0.2267,-0.5261,-0.1117,0.2005,,,
summary,2022-05-13,AAPL,,,,,,,1.16,,1,,,,,,,,,,,,0.8422,2022-05-10T14:06:00+00:00,874,3030
summary,2022-05-13,MSFT,,,,,,,0.00,,0,,,,,,,,,,,,0.9006,2022-05-10T14:03:00+00:00,728,2492
summary,2022-05-16,SPY,,,,,,,0.00,,0,,,,,,,,,,,,0.9111,2022-05-13T14:54:00+00:00,744,1146
summary,2022-05-16,QQQ,,,,,,,0.00,,0,,,,,,,,,,,,0.9576,2022-05-13T14:54:00+00:00,765,1167
summary,2022-05-16,AAPL,,,,,,,0.00,,0,,,,,,,,,,,,0.9584,2022-05-13T14:54:00+00:00,732,1115
summary,2022-05-16,MSFT,,,,,,,0.00,,0,,,,,,,,,,,,0.9103,2022-05-13T13:53:00+00:00,590,957
summary,2022-05-17,SPY,,,,,,,0.00,,0,,,,,,,,,,,,0.6228,2022-05-17T08:38:00+00:00,966,1521
summary,2022-05-17,QQQ,,,,,,,0.00,,0,,,,,,,,,,,,0.6626,2022-05-17T08:16:00+00:00,892,1582
summary,2022-05-17,AAPL,,,,,,,0.00,,0,,,,,,,,,,,,0.8292,2022-05-16T09:15:00+00:00,977,1469
trade,2022-05-17,MSFT,Long,2022-05-17T13:31:00+00:00,2022-05-17T14:06:00+00:00,266.3849,265.5753,1.13,-0.91,-0.003039,2100000,ScoreExit,window:strong core,,0.4604,-0.0632,0.4141,0.4181,0.5602,-0.3675,-0.2106,0.3330,,,
summary,2022-05-17,MSFT,,,,,,,-0.91,,1,,,,,,,,,,,,0.8647,2022-05-16T09:04:00+00:00,824,1156
summary,2022-05-18,SPY,,,,,,,0.00,,0,,,,,,,,,,,,0.6228,2022-05-17T08:38:00+00:00,1196,2371
summary,2022-05-18,QQQ,,,,,,,0.00,,0,,,,,,,,,,,,0.6626,2022-05-17T08:16:00+00:00,1125,2438
summary,2022-05-18,AAPL,,,,,,,0.00,,0,,,,,,,,,,,,0.8292,2022-05-16T09:15:00+00:00,1201,2259
summary,2022-05-18,MSFT,,,,,,,0.00,,0,,,,,,,,,,,,0.8647,2022-05-16T09:04:00+00:00,945,1777
summary,2022-05-19,SPY,,,,,,,0.00,,0,,,,,,,,,,,,0.8060,2022-05-16T14:29:00+00:00,1035,3038
summary,2022-05-19,QQQ,,,,,,,0.00,,0,,,,,,,,,,,,0.8875,2022-05-16T14:17:00+00:00,1154,3092
summary,2022-05-19,AAPL,,,,,,,0.00,,0,,,,,,,,,,,,0.8902,2022-05-16T13:43:00+00:00,1059,2949
summary,2022-05-19,MSFT,,,,,,,0.00,,0,,,,,,,,,,,,0.7618,2022-05-16T14:29:00+00:00,1090,2393
summary,2022-05-20,SPY,,,,,,,0.00,,0,,,,,,,,,,,,0.5965,2022-05-17T19:04:00+00:00,732,3024
summary,2022-05-20,QQQ,,,,,,,0.00,,0,,,,,,,,,,,,0.6432,2022-05-17T19:04:00+00:00,779,3062
summary,2022-05-20,AAPL,,,,,,,0.00,,0,,,,,,,,,,,,0.6778,2022-05-17T13:33:00+00:00,531,2973
summary,2022-05-20,MSFT,,,,,,,0.00,,0,,,,,,,,,,,,0.9309,2022-05-17T13:45:00+00:00,543,2346
summary,2022-05-23,SPY,,,,,,,0.00,,0,,,,,,,,,,,,0.7967,2022-05-20T19:58:00+00:00,733,1174
summary,2022-05-23,QQQ,,,,,,,0.00,,0,,,,,,,,,,,,0.8237,2022-05-20T19:58:00+00:00,765,1200
summary,2022-05-23,AAPL,,,,,,,0.00,,0,,,,,,,,,,,,0.9332,2022-05-20T13:43:00+00:00,811,1162
summary,2022-05-23,MSFT,,,,,,,0.00,,0,,,,,,,,,,,,0.8657,2022-05-20T13:54:00+00:00,632,1029
summary,2022-05-24,SPY,,,,,,,0.00,,0,,,,,,,,,,,,0.6350,2022-05-23T15:03:00+00:00,646,1579
summary,2022-05-24,QQQ,,,,,,,0.00,,0,,,,,,,,,,,,0.6576,2022-05-23T15:33:00+00:00,563,1629
summary,2022-05-24,AAPL,,,,,,,0.00,,0,,,,,,,,,,,,0.7516,2022-05-23T13:48:00+00:00,841,1521
summary,2022-05-24,MSFT,,,,,,,0.00,,0,,,,,,,,,,,,0.8109,2022-05-23T09:37:00+00:00,740,1215
trade,2022-05-25,SPY,Long,2022-05-25T14:19:00+00:00,2022-05-25T15:31:00+00:00,395.8536,395.5363,0.76,-0.24,-0.000802,4320000,ScoreExit,window:strong core,three_outside_up,0.3928,-0.1450,0.5792,0.4059,0.3046,-0.4238,-0.2949,0.2476,,,
summary,2022-05-25,SPY,,,,,,,-0.24,,1,,,,,,,,,,,,0.6350,2022-05-23T15:03:00+00:00,1197,2447
trade,2022-05-25,QQQ,Long,2022-05-25T13:45:00+00:00,2022-05-25T15:05:00+00:00,288.2815,288.6684,1.04,0.40,0.001342,4800000,ScoreExit,window:5m thrust,bearish_engulfing,0.3547,-0.0747,0.2909,0.5198,0.0459,-0.4892,-0.1320,0.1781,,,
summary,2022-05-25,QQQ,,,,,,,0.40,,1,,,,,,,,,,,,0.6576,2022-05-23T15:33:00+00:00,1012,2542
summary,2022-05-25,AAPL,,,,,,,0.00,,0,,,,,,,,,,,,0.7516,2022-05-23T13:48:00+00:00,1159,2370
summary,2022-05-25,MSFT,,,,,,,0.00,,0,,,,,,,,,,,,0.8109,2022-05-23T09:37:00+00:00,1197,1860
trade,2022-05-26,SPY,Long,2022-05-26T13:41:00+00:00,2022-05-26T15:46:00+00:00,401.3354,404.0288,0.75,2.01,0.006711,7500000,MaxHoldTimeout,window:candle reversal,shooting_star,0.4060,0.0340,0.5298,0.3579,0.4608,-0.1429,-0.1504,0.4616,,,
summary,2022-05-26,SPY,,,,,,,2.01,,1,,,,,,,,,,,,0.9598,2022-05-23T15:03:00+00:00,1763,3025
trade,2022-05-26,QQQ,Long,2022-05-26T13:41:00+00:00,2022-05-26T15:46:00+00:00,293.6031,297.6457,1.02,4.13,0.013769,7500000,MaxHoldTimeout,window:strong core,,0.4595,0.1306,0.5519,0.4080,0.5318,0.0215,-0.0675,0.5632,,,
summary,2022-05-26,QQQ,,,,,,,4.13,,1,,,,,,,,,,,,0.9024,2022-05-23T13:45:00+00:00,1747,3138
trade,2022-05-26,AAPL,Long,2022-05-26T13:58:00+00:00,2022-05-26T15:56:00+00:00,140.6572,142.8521,2.13,4.68,0.015605,7080000,SessionClose,window:strong core,,0.4965,0.2771,0.4924,0.5943,0.3023,0.4503,0.0955,0.5828,,,
summary,2022-05-26,AAPL,,,,,,,4.68,,1,,,,,,,,,,,,1.0000,2022-05-23T13:40:00+00:00,1376,2983
trade,2022-05-26,MSFT,Long,2022-05-26T13:51:00+00:00,2022-05-26T15:26:00+00:00,264.4343,265.0954,1.14,0.75,0.002500,5700000,ScoreExit,window:strong core,hammer,0.4265,-0.0806,0.5370,0.4191,0.4046,-0.5069,-0.2524,0.4051,,,
summary,2022-05-26,MSFT,,,,,,,0.75,,1,,,,,,,,,,,,0.9806,2022-05-23T13:41:00+00:00,1550,2318
summary,2022-05-27,SPY,,,,,,,0.00,,0,,,,,,,,,,,,0.7085,2022-05-24T16:14:00+00:00,2336,2955
summary,2022-05-27,QQQ,,,,,,,0.00,,0,,,,,,,,,,,,0.7299,2022-05-24T16:14:00+00:00,2471,3072
summary,2022-05-27,AAPL,,,,,,,0.00,,0,,,,,,,,,,,,0.7468,2022-05-24T16:14:00+00:00,1942,2923
summary,2022-05-27,MSFT,,,,,,,0.00,,0,,,,,,,,,,,,1.0000,2022-05-24T13:32:00+00:00,1748,2261
summary,2022-05-30,SPY,,,,,,,0.00,,0,,,,,,,,,,,,0.7955,2022-05-27T14:23:00+00:00,475,504
summary,2022-05-30,QQQ,,,,,,,0.00,,0,,,,,,,,,,,,0.8876,2022-05-27T14:21:00+00:00,483,503
summary,2022-05-30,AAPL,,,,,,,0.00,,0,,,,,,,,,,,,0.8949,2022-05-27T14:12:00+00:00,496,509
summary,2022-05-30,MSFT,,,,,,,0.00,,0,,,,,,,,,,,,1.0000,2022-05-27T13:36:00+00:00,364,467
summary,2022-05-31,SPY,,,,,,,0.00,,0,,,,,,,,,,,,0.6773,2022-05-31T16:02:00+00:00,341,709
trade,2022-05-31,QQQ,Long,2022-05-31T14:41:00+00:00,2022-05-31T15:18:00+00:00,307.6873,306.8129,0.98,-0.85,-0.002842,2220000,ScoreExit,window:strong core,shooting_star,0.4979,-0.0784,0.5029,0.4466,0.5990,-0.4408,-0.0590,0.0038,,,
summary,2022-05-31,QQQ,,,,,,,-0.85,,1,,,,,,,,,,,,0.7131,2022-05-31T16:04:00+00:00,404,711
summary,2022-05-31,AAPL,,,,,,,0.00,,0,,,,,,,,,,,,0.7100,2022-05-31T16:03:00+00:00,347,673
summary,2022-05-31,MSFT,,,,,,,0.00,,0,,,,,,,,,,,,0.7581,2022-05-31T08:31:00+00:00,322,559
summary,2022-06-01,SPY,,,,,,,0.00,,0,,,,,,,,,,,,0.6773,2022-05-31T16:02:00+00:00,799,1565
summary,2022-06-01,QQQ,,,,,,,0.00,,0,,,,,,,,,,,,0.7131,2022-05-31T16:04:00+00:00,895,1581
trade,2022-06-01,AAPL,Long,2022-06-01T13:36:00+00:00,2022-06-01T14:11:00+00:00,150.4080,150.3007,2.00,-0.21,-0.000713,2100000,ScoreExit,window:candle reversal,shooting_star,0.3986,-0.0611,0.1968,0.2870,0.6890,-0.5107,-0.2425,0.4516,,,
summary,2022-06-01,AAPL,,,,,,,-0.21,,1,,,,,,,,,,,,0.7100,2022-05-31T16:03:00+00:00,808,1458
summary,2022-06-01,MSFT,,,,,,,0.00,,0,,,,,,,,,,,,0.7581,2022-05-31T08:31:00+00:00,655,1164
summary,2022-06-02,SPY,,,,,,,0.00,,0,,,,,,,,,,,,0.6773,2022-05-31T16:02:00+00:00,1162,2413
summary,2022-06-02,QQQ,,,,,,,0.00,,0,,,,,,,,,,,,0.7131,2022-05-31T16:04:00+00:00,1310,2465
summary,2022-06-02,AAPL,,,,,,,0.00,,0,,,,,,,,,,,,0.7100,2022-05-31T16:03:00+00:00,1155,2229
summary,2022-06-02,MSFT,,,,,,,0.00,,0,,,,,,,,,,,,0.7581,2022-05-31T08:31:00+00:00,943,1738
summary,2022-06-03,SPY,,,,,,,0.00,,0,,,,,,,,,,,,0.8846,2022-05-31T15:03:00+00:00,1271,2939
summary,2022-06-03,QQQ,,,,,,,0.00,,0,,,,,,,,,,,,0.9539,2022-05-31T15:04:00+00:00,1553,3044
summary,2022-06-03,AAPL,,,,,,,0.00,,0,,,,,,,,,,,,0.8162,2022-05-31T16:03:00+00:00,1214,2773
summary,2022-06-03,MSFT,,,,,,,0.00,,0,,,,,,,,,,,,0.7699,2022-05-31T16:04:00+00:00,1116,2276
trade,2022-06-06,SPY,Long,2022-06-06T14:06:00+00:00,2022-06-06T15:09:00+00:00,416.3799,415.6403,0.72,-0.53,-0.001776,3780000,ScoreExit,window:candle reversal,shooting_star,0.4035,-0.0595,0.5672,0.3153,0.5253,-0.5100,-0.2395,0.4507,,,
summary,2022-06-06,SPY,,,,,,,-0.53,,1,,,,,,,,,,,,0.7151,2022-06-06T08:11:00+00:00,532,1136
trade,2022-06-06,QQQ,Long,2022-06-06T14:06:00+00:00,2022-06-06T15:06:00+00:00,312.0386,311.3516,0.96,-0.66,-0.002202,3600000,ScoreExit,window:candle reversal,shooting_star,0.4261,-0.0925,0.5680,0.3166,0.5980,-0.3853,-0.3314,0.4829,,,
summary,2022-06-06,QQQ,,,,,,,-0.66,,1,,,,,,,,,,,,0.7975,2022-06-03T14:01:00+00:00,480,1174
trade,2022-06-06,AAPL,Long,2022-06-06T13:41:00+00:00,2022-06-06T15:06:00+00:00,147.6493,147.9106,2.03,0.53,0.001770,5100000,ScoreExit,window:strong core,hammer,0.4331,-0.1036,0.0305,0.4031,0.6272,-0.5026,-0.3200,0.4623,,,
summary,2022-06-06,AAPL,,,,,,,0.53,,1,,,,,,,,,,,,0.8253,2022-06-03T14:00:00+00:00,427,1135
trade,2022-06-06,MSFT,Long,2022-06-06T14:16:00+00:00,2022-06-06T15:06:00+00:00,273.4470,273.4729,1.10,0.03,0.000095,3000000,ScoreExit,window:candle reversal,bearish_engulfing,0.2343,-0.0752,-0.1232,0.1225,0.5771,-0.3733,-0.2743,0.4222,,,
summary,2022-06-06,MSFT,,,,,,,0.03,,1,,,,,,,,,,,,1.0000,2022-06-03T13:32:00+00:00,263,951
trade,2022-06-07,SPY,Long,2022-06-07T14:37:00+00:00,2022-06-07T15:21:00+00:00,412.8388,412.5412,0.73,-0.22,-0.000721,2640000,ScoreExit,window:strong core,,0.4674,-0.0537,0.5831,0.5213,0.3209,-0.4773,-0.1301,0.2401,,,
summary,2022-06-07,SPY,,,,,,,-0.22,,1,,,,,,,,,,,,0.5008,2022-06-07T14:48:00+00:00,490,1473
trade,2022-06-07,QQQ,Long,2022-06-07T14:06:00+00:00,2022-06-07T15:21:00+00:00,306.1468,308.1125,0.98,1.93,0.006421,4500000,ScoreExit,window:candle reversal,bearish_engulfing,0.2149,-0.0630,0.3569,0.1861,0.2250,-0.4760,-0.1872,0.3232,,,
summary,2022-06-07,QQQ,,,,,,,1.93,,1,,,,,,,,,,,,0.6340,2022-06-06T08:00:00+00:00,539,1522
trade,2022-06-07,AAPL,Long,2022-06-07T13:31:00+00:00,2022-06-07T15:29:00+00:00,144.8985,147.0359,2.07,4.43,0.014751,7080000,ScoreExit,window:5m thrust,shooting_star,0.3880,-0.0559,0.2908,0.5028,0.1908,-0.5283,-0.3012,0.5923,,,
summary,2022-06-07,AAPL,,,,,,,4.43,,1,,,,,,,,,,,,0.5683,2022-06-07T14:04:00+00:00,568,1432
trade,2022-06-07,MSFT,Long,2022-06-07T13:47:00+00:00,2022-06-07T15:47:00+00:00,268.3655,270.3639,1.12,2.23,0.007446,7200000,ScoreExit,window:5m thrust,shooting_star,0.3732,-0.0530,0.3495,0.5541,0.0195,0.0451,-0.3352,0.4787,,,
summary,2022-06-07,MSFT,,,,,,,2.23,,1,,,,,,,,,,,,0.5829,2022-06-06T14:00:00+00:00,447,1113
summary,2022-06-08,SPY,,,,,,,0.00,,0,,,,,,,,,,,,0.5008,2022-06-07T14:48:00+00:00,861,2306
trade,2022-06-08,QQQ,Long,2022-06-08T13:46:00+00:00,2022-06-08T14:56:00+00:00,309.6978,310.2519,0.97,0.54,0.001789,4200000,ScoreExit,window:strong core,hammer,0.4026,-0.0898,0.2068,0.4812,0.3106,-0.3580,-0.2212,0.2624,,,
summary,2022-06-08,QQQ,,,,,,,0.54,,1,,,,,,,,,,,,0.6340,2022-06-06T08:00:00+00:00,889,2351
trade,2022-06-08,AAPL,Long,2022-06-08T13:31:00+00:00,2022-06-08T14:13:00+00:00,148.5696,149.3902,2.02,1.66,0.005523,2520000,ScoreExit,window:strong core,bearish_engulfing,0.3861,-0.0510,0.3224,0.4035,0.3727,-0.2162,-0.1884,0.2789,,,
summary,2022-06-08,AAPL,,,,,,,1.66,,1,,,,,,,,,,,,0.5683,2022-06-07T14:04:00+00:00,1058,2185
summary,2022-06-08,MSFT,,,,,,,0.00,,0,,,,,,,,,,,,0.5829,2022-06-06T14:00:00+00:00,721,1652
summary,2022-06-09,SPY,,,,,,,0.00,,0,,,,,,,,,,,,0.7230,2022-06-06T14:49:00+00:00,817,2857
summary,2022-06-09,QQQ,,,,,,,0.00,,0,,,,,,,,,,,,0.8778,2022-06-06T14:06:00+00:00,857,2886
summary,2022-06-09,AAPL,,,,,,,0.00,,0,,,,,,,,,,,,0.7820,2022-06-06T14:41:00+00:00,1158,2697
trade,2022-06-09,MSFT,Long,2022-06-09T13:56:00+00:00,2022-06-09T14:51:00+00:00,271.8865,271.4835,1.10,-0.45,-0.001482,3300000,ScoreExit,window:strong core,hammer,0.5077,-0.0794,0.6186,0.5883,0.3096,-0.5364,-0.1661,0.2465,,,
summary,2022-06-09,MSFT,,,,,,,-0.45,,1,,,,,,,,,,,,0.9062,2022-06-06T14:00:00+00:00,911,2051
summary,2022-06-10,SPY,,,,,,,0.00,,0,,,,,,,,,,,,0.9559,2022-06-07T14:42:00+00:00,928,2917
summary,2022-06-10,QQQ,,,,,,,0.00,,0,,,,,,,,,,,,0.9567,2022-06-07T14:42:00+00:00,1164,2929
summary,2022-06-10,AAPL,,,,,,,0.00,,0,,,,,,,,,,,,1.0000,2022-06-07T13:35:00+00:00,1146,2692
summary,2022-06-10,MSFT,,,,,,,0.00,,0,,,,,,,,,,,,1.0000,2022-06-07T13:40:00+00:00,924,2050
summary,2022-06-13,SPY,,,,,,,0.00,,0,,,,,,,,,,,,0.5254,2022-06-10T19:27:00+00:00,138,1209
summary,2022-06-13,QQQ,,,,,,,0.00,,0,,,,,,,,,,,,0.5469,2022-06-10T19:27:00+00:00,186,1202
trade,2022-06-13,AAPL,Long,2022-06-13T13:37:00+00:00,2022-06-13T14:11:00+00:00,133.6351,133.8648,2.25,0.52,0.001719,2040000,ScoreExit,window:candle reversal,shooting_star,0.2578,-0.0772,0.3516,0.2570,0.2280,-0.5715,-0.0739,0.0812,,,
summary,2022-06-13,AAPL,,,,,,,0.52,,1,,,,,,,,,,,,0.6075,2022-06-10T13:31:00+00:00,346,1187
summary,2022-06-13,MSFT,,,,,,,0.00,,0,,,,,,,,,,,,0.3927,2022-06-10T19:27:00+00:00,136,1059
summary,2022-06-14,SPY,,,,,,,0.00,,0,,,,,,,,,,,,0.6441,2022-06-13T16:38:00+00:00,433,1621
summary,2022-06-14,QQQ,,,,,,,0.00,,0,,,,,,,,,,,,0.6669,2022-06-13T16:38:00+00:00,541,1638
summary,2022-06-14,AAPL,,,,,,,0.00,,0,,,,,,,,,,,,0.6315,2022-06-13T13:59:00+00:00,751,1530
summary,2022-06-14,MSFT,,,,,,,0.00,,0,,,,,,,,,,,,0.6281,2022-06-13T16:38:00+00:00,577,1272
trade,2022-06-15,SPY,Long,2022-06-15T13:56:00+00:00,2022-06-15T14:31:00+00:00,378.8586,378.1416,0.79,-0.57,-0.001893,2100000,ScoreExit,window:candle reversal,bearish_engulfing,0.2554,-0.0818,0.1945,0.2390,0.3086,-0.4268,-0.1879,0.2453,,,
summary,2022-06-15,SPY,,,,,,,-0.57,,1,,,,,,,,,,,,0.6441,2022-06-13T16:38:00+00:00,853,2506
summary,2022-06-15,QQQ,,,,,,,0.00,,0,,,,,,,,,,,,0.6669,2022-06-13T16:38:00+00:00,1125,2519
trade,2022-06-15,AAPL,Long,2022-06-15T13:46:00+00:00,2022-06-15T14:31:00+00:00,134.4153,134.0448,2.23,-0.83,-0.002757,2700000,ScoreExit,window:candle reversal,shooting_star,0.2449,-0.1408,0.3155,0.1664,0.3784,-0.5112,-0.3018,0.3045,,,
summary,2022-06-15,AAPL,,,,,,,-0.83,,1,,,,,,,,,,,,0.6315,2022-06-13T13:59:00+00:00,1384,2328
summary,2022-06-15,MSFT,,,,,,,0.00,,0,,,,,,,,,,,,0.6365,2022-06-15T18:44:00+00:00,1088,1867
summary,2022-06-16,SPY,,,,,,,0.00,,0,,,,,,,,,,,,0.6456,2022-06-13T16:38:00+00:00,1129,3122
summary,2022-06-16,QQQ,,,,,,,0.00,,0,,,,,,,,,,,,0.8271,2022-06-13T13:37:00+00:00,1197,3149
summary,2022-06-16,AAPL,,,,,,,0.00,,0,,,,,,,,,,,,0.9230,2022-06-13T13:43:00+00:00,1368,2923
summary,2022-06-16,MSFT,,,,,,,0.00,,0,,,,,,,,,,,,1.0000,2022-06-13T13:36:00+00:00,1080,2352
summary,2022-06-17,SPY,,,,,,,0.00,,0,,,,,,,,,,,,0.8371,2022-06-14T14:02:00+00:00,873,3138
summary,2022-06-17,QQQ,,,,,,,0.00,,0,,,,,,,,,,,,0.9053,2022-06-14T14:02:00+00:00,1181,3140
trade,2022-06-17,AAPL,Long,2022-06-17T13:46:00+00:00,2022-06-17T15:47:00+00:00,131.9347,131.5954,2.27,-0.77,-0.002571,7260000,MaxHoldTimeout,window:5m thrust,shooting_star,0.3746,0.0000,0.3760,0.5352,0.0527,-0.5814,0.1436,-0.0947,,,
summary,2022-06-17,AAPL,,,,,,,-0.77,,1,,,,,,,,,,,,0.8893,2022-06-14T13:58:00+00:00,1230,2938
trade,2022-06-17,MSFT,Long,2022-06-17T13:42:00+00:00,2022-06-17T15:43:00+00:00,248.3195,247.7507,1.21,-0.69,-0.002291,7260000,MaxHoldTimeout,window:strong core,shooting_star,0.4127,0.2036,0.5822,0.4348,0.3119,-0.3297,0.2772,0.2342,,,
summary,2022-06-17,MSFT,,,,,,,-0.69,,1,,,,,,,,,,,,0.7147,2022-06-14T14:49:00+00:00,1287,2332
summary,2022-06-20,SPY,,,,,,,0.00,,0,,,,,,,,,,,,0.9873,2022-06-17T13:41:00+00:00,302,508
summary,2022-06-20,QQQ,,,,,,,0.00,,0,,,,,,,,,,,,1.0000,2022-06-17T13:41:00+00:00,402,495
summary,2022-06-20,AAPL,,,,,,,0.00,,0,,,,,,,,,,,,1.0000,2022-06-17T13:33:00+00:00,389,503
summary,2022-06-20,MSFT,,,,,,,0.00,,0,,,,,,,,,,,,1.0000,2022-06-17T13:32:00+00:00,352,445
trade,2022-06-21,SPY,Long,2022-06-21T13:36:00+00:00,2022-06-21T15:37:00+00:00,373.0269,374.9025,0.80,1.51,0.005028,7260000,ScoreExit,window:strong core,three_outside_up,0.4654,-0.1351,0.5813,0.4383,0.4808,-0.5390,-0.3177,0.3648,,,
summary,2022-06-21,SPY,,,,,,,1.51,,1,,,,,,,,,,,,0.6665,2022-06-21T14:04:00+00:00,364,681
trade,2022-06-21,QQQ,Long,2022-06-21T13:36:00+00:00,2022-06-21T15:37:00+00:00,280.7792,282.4602,1.07,1.80,0.005987,7260000,MaxHoldTimeout,window:strong core,three_outside_up,0.6636,-0.0415,0.6207,0.5026,1.0000,-0.5369,-0.3164,0.6733,,,
summary,2022-06-21,QQQ,,,,,,,1.80,,1,,,,,,,,,,,,0.7219,2022-06-21T14:04:00+00:00,285,708
trade,2022-06-21,AAPL,Long,2022-06-21T13:33:00+00:00,2022-06-21T15:37:00+00:00,134.1052,136.4890,2.24,5.33,0.017776,7440000,MaxHoldTimeout,window:strong core,bullish_engulfing,0.5194,0.1495,0.5237,0.4930,0.5708,-0.3568,-0.1914,1.0000,,,
summary,2022-06-21,AAPL,,,,,,,5.33,,1,,,,,,,,,,,,0.7560,2022-06-21T08:02:00+00:00,314,659
trade,2022-06-21,MSFT,Long,2022-06-21T13:34:00+00:00,2022-06-21T15:37:00+00:00,251.6405,253.6789,1.19,2.43,0.008100,7380000,MaxHoldTimeout,window:strong core,shooting_star,0.6072,0.0511,0.6065,0.4109,1.0000,-0.2662,-0.1743,0.6079,,,
summary,2022-06-21,MSFT,,,,,,,2.43,,1,,,,,,,,,,,,0.8100,2022-06-21T08:00:00+00:00,303,532
trade,2022-06-22,SPY,Long,2022-06-22T13:42:00+00:00,2022-06-22T15:43:00+00:00,371.7765,376.3721,0.81,3.71,0.012361,7260000,ScoreExit,window:5m thrust,,0.3529,-0.0608,0.0859,0.5153,0.1171,-0.3223,-0.2956,0.4958,,,
summary,2022-06-22,SPY,,,,,,,3.71,,1,,,,,,,,,,,,0.6665,2022-06-21T14:04:00+00:00,804,1587
trade,2022-06-22,QQQ,Long,2022-06-22T13:31:00+00:00,2022-06-22T15:39:00+00:00,278.4185,283.9448,1.08,5.96,0.019849,7680000,MaxHoldTimeout,window:5m thrust,,0.3992,0.1494,0.0887,0.5286,0.2438,0.0153,-0.0326,0.5582,,,
summary,2022-06-22,QQQ,,,,,,,5.96,,1,,,,,,,,,,,,0.7219,2022-06-21T14:04:00+00:00,677,1585
summary,2022-06-22,AAPL,,,,,,,0.00,,0,,,,,,,,,,,,0.7560,2022-06-21T08:02:00+00:00,742,1485
summary,2022-06-22,MSFT,,,,,,,0.00,,0,,,,,,,,,,,,0.8100,2022-06-21T08:00:00+00:00,680,1126
trade,2022-06-23,SPY,Long,2022-06-23T14:46:00+00:00,2022-06-23T15:21:00+00:00,377.5582,377.3618,0.80,-0.16,-0.000520,2100000,ScoreExit,window:candle reversal,shooting_star,0.2808,-0.0625,0.3527,0.2615,0.2955,-0.2736,-0.1428,0.1685,,,
summary,2022-06-23,SPY,,,,,,,-0.16,,1,,,,,,,,,,,,0.6665,2022-06-21T14:04:00+00:00,1225,2487
trade,2022-06-23,QQQ,Long,2022-06-23T14:33:00+00:00,2022-06-23T15:32:00+00:00,283.2800,283.7531,1.06,0.50,0.001670,3540000,ScoreExit,window:candle reversal,shooting_star,0.2459,-0.0653,0.0622,0.2278,0.3433,-0.5717,-0.1266,0.2262,,,
summary,2022-06-23,QQQ,,,,,,,0.50,,1,,,,,,,,,,,,0.7219,2022-06-21T14:04:00+00:00,1149,2493
trade,2022-06-23,AAPL,Long,2022-06-23T14:21:00+00:00,2022-06-23T15:31:00+00:00,137.1361,137.6938,2.19,1.22,0.004066,4200000,ScoreExit,window:candle reversal,shooting_star,0.2758,-0.0617,0.4525,0.1800,0.4087,-0.5248,-0.1759,0.3210,,,
summary,2022-06-23,AAPL,,,,,,,1.22,,1,,,,,,,,,,,,0.7560,2022-06-21T08:02:00+00:00,1211,2314
trade,2022-06-23,MSFT,Long,2022-06-23T14:01:00+00:00,2022-06-23T15:32:00+00:00,256.7220,256.9879,1.17,0.31,0.001036,5460000,ScoreExit,window:candle reversal,shooting_star,0.3683,-0.0596,0.5859,0.2868,0.4589,-0.5526,-0.1610,0.3075,,,
summary,2022-06-23,MSFT,,,,,,,0.31,,1,,,,,,,,,,,,0.8100,2022-06-21T08:00:00+00:00,1079,1709
trade,2022-06-24,SPY,Long,2022-06-24T13:41:00+00:00,2022-06-24T15:46:00+00:00,382.7798,386.7689,0.78,3.13,0.010421,7500000,MaxHoldTimeout,window:strong core,bullish_engulfing,0.4462,0.1120,0.4696,0.4494,0.4321,-0.1058,-0.0381,0.4849,,,
summary,2022-06-24,SPY,,,,,,,3.13,,1,,,,,,,,,,,,0.9465,2022-06-21T14:55:00+00:00,1815,3075
trade,2022-06-24,QQQ,Long,2022-06-24T13:31:00+00:00,2022-06-24T15:11:00+00:00,288.0114,291.5475,1.04,3.69,0.012278,6000000,ScoreExit,window:strong core,three_outside_up,0.4463,-0.0537,0.3543,0.4295,0.5106,-0.5520,-0.2592,0.5233,,,
summary,2022-06-24,QQQ,,,,,,,3.69,,1,,,,,,,,,,,,1.0000,2022-06-21T13:36:00+00:00,1743,3065
summary,2022-06-24,AAPL,,,,,,,0.00,,0,,,,,,,,,,,,1.0000,2022-06-21T13:33:00+00:00,1744,2845
trade,2022-06-24,MSFT,Long,2022-06-24T13:31:00+00:00,2022-06-24T15:14:00+00:00,262.9138,264.6856,1.14,2.03,0.006739,6180000,ScoreExit,window:strong core,hammer,0.5524,-0.0558,0.5955,0.5563,0.5301,-0.5488,-0.2430,0.4830,,,
summary,2022-06-24,MSFT,,,,,,,2.03,,1,,,,,,,,,,,,1.0000,2022-06-21T13:33:00+00:00,1528,2170
trade,2022-06-27,SPY,Long,2022-06-27T14:56:00+00:00,2022-06-27T15:56:00+00:00,390.5121,390.4278,0.77,-0.06,-0.000216,3600000,SessionClose,window:candle reversal,shooting_star,0.4027,0.1583,0.5207,0.3672,0.4344,-0.1378,0.0663,0.4411,,,
summary,2022-06-27,SPY,,,,,,,-0.06,,1,,,,,,,,,,,,0.9567,2022-06-24T15:03:00+00:00,959,1182
summary,2022-06-27,QQQ,,,,,,,0.00,,0,,,,,,,,,,,,0.9007,2022-06-24T14:02:00+00:00,869,1189
summary,2022-06-27,AAPL,,,,,,,0.00,,0,,,,,,,,,,,,0.9193,2022-06-24T13:36:00+00:00,719,1144
summary,2022-06-27,MSFT,,,,,,,0.00,,0,,,,,,,,,,,,1.0000,2022-06-24T13:32:00+00:00,415,1008
trade,2022-06-28,SPY,Long,2022-06-28T13:31:00+00:00,2022-06-28T14:03:00+00:00,390.9823,391.4675,0.77,0.37,0.001241,1920000,ScoreExit,window:strong core,bullish_engulfing,0.4596,-0.0723,0.5617,0.4594,0.4260,-0.5020,-0.1681,0.2626,,,
summary,2022-06-28,SPY,,,,,,,0.37,,1,,,,,,,,,,,,0.5367,2022-06-27T15:25:00+00:00,484,1509
trade,2022-06-28,QQQ,Long,2022-06-28T13:33:00+00:00,2022-06-28T14:01:00+00:00,294.9935,294.0167,1.02,-0.99,-0.003311,1680000,ScoreExit,window:strong core,bullish_engulfing,0.4231,-0.1288,0.5825,0.4368,0.3425,-0.1091,-0.2778,0.1627,,,
summary,2022-06-28,QQQ,,,,,,,-0.99,,1,,,,,,,,,,,,0.5347,2022-06-27T14:57:00+00:00,411,1534
trade,2022-06-28,AAPL,Long,2022-06-28T13:31:00+00:00,2022-06-28T14:01:00+00:00,142.4877,142.3223,2.11,-0.35,-0.001161,1800000,ScoreExit,window:strong core,shooting_star,0.4323,-0.1721,0.5324,0.4784,0.3068,-0.3913,-0.2979,0.1526,,,
summary,2022-06-28,AAPL,,,,,,,-0.35,,1,,,,,,,,,,,,0.5213,2022-06-27T15:59:00+00:00,476,1384
summary,2022-06-28,MSFT,,,,,,,0.00,,0,,,,,,,,,,,,0.4307,2022-06-27T14:56:00+00:00,141,1053
summary,2022-06-29,SPY,,,,,,,0.00,,0,,,,,,,,,,,,0.5367,2022-06-27T15:25:00+00:00,484,2366
summary,2022-06-29,QQQ,,,,,,,0.00,,0,,,,,,,,,,,,0.5347,2022-06-27T14:57:00+00:00,411,2416
trade,2022-06-29,AAPL,Long,2022-06-29T13:59:00+00:00,2022-06-29T15:16:00+00:00,139.3868,139.7930,2.15,0.87,0.002915,4620000,ScoreExit,window:5m thrust,shooting_star,0.4336,-0.0544,0.4279,0.6032,0.0961,-0.3570,-0.1141,0.1658,,,
summary,2022-06-29,AAPL,,,,,,,0.87,,1,,,,,,,,,,,,0.5213,2022-06-27T15:59:00+00:00,720,2164
trade,2022-06-29,MSFT,Long,2022-06-29T14:01:00+00:00,2022-06-29T15:02:00+00:00,260.0830,260.6768,1.15,0.69,0.002283,3660000,ScoreExit,window:5m thrust,,0.4696,-0.0543,0.0457,0.7082,0.1338,-0.5362,-0.0720,0.1417,,,
summary,2022-06-29,MSFT,,,,,,,0.69,,1,,,,,,,,,,,,0.5710,2022-06-29T14:03:00+00:00,382,1616
summary,2022-06-30,SPY,,,,,,,0.00,,0,,,,,,,,,,,,0.8862,2022-06-27T14:57:00+00:00,541,2944
summary,2022-06-30,QQQ,,,,,,,0.00,,0,,,,,,,,,,,,0.9347,2022-06-27T14:57:00+00:00,481,2985
summary,2022-06-30,AAPL,,,,,,,0.00,,0,,,,,,,,,,,,0.8555,2022-06-27T14:57:00+00:00,550,2678
summary,2022-06-30,MSFT,,,,,,,0.00,,0,,,,,,,,,,,,0.7832,2022-06-27T14:56:00+00:00,511,2074
summary,2022-07-01,SPY,,,,,,,0.00,,0,,,,,,,,,,,,0.6508,2022-06-28T13:38:00+00:00,247,2987
summary,2022-07-01,QQQ,,,,,,,0.00,,0,,,,,,,,,,,,0.7391,2022-06-28T13:32:00+00:00,286,3024
trade,2022-07-01,AAPL,Long,2022-07-01T13:51:00+00:00,2022-07-01T15:52:00+00:00,137.4862,136.5190,2.18,-2.11,-0.007035,7260000,MaxHoldTimeout,window:5m thrust,bullish_engulfing,0.3635,0.0000,0.2923,0.5227,0.0687,-0.5368,-0.1986,-0.1584,,,
summary,2022-07-01,AAPL,,,,,,,-2.11,,1,,,,,,,,,,,,1.0000,2022-06-28T13:34:00+00:00,660,2745
summary,2022-07-01,MSFT,,,,,,,0.00,,0,,,,,,,,,,,,1.0000,2022-06-28T13:32:00+00:00,685,2130
summary,2022-07-04,SPY,,,,,,,0.00,,0,,,,,,,,,,,,0.9051,2022-07-01T13:47:00+00:00,326,488
summary,2022-07-04,QQQ,,,,,,,0.00,,0,,,,,,,,,,,,0.9362,2022-07-01T13:46:00+00:00,286,477
summary,2022-07-04,AAPL,,,,,,,0.00,,0,,,,,,,,,,,,0.9290,2022-07-01T13:46:00+00:00,341,489
summary,2022-07-04,MSFT,,,,,,,0.00,,0,,,,,,,,,,,,0.8987,2022-07-01T13:57:00+00:00,297,431
summary,2022-07-05,SPY,,,,,,,0.00,,0,,,,,,,,,,,,0.6557,2022-07-05T16:24:00+00:00,279,678
trade,2022-07-05,QQQ,Long,2022-07-05T14:11:00+00:00,2022-07-05T15:12:00+00:00,278.5585,278.7913,1.08,0.25,0.000836,3660000,ScoreExit,window:strong core,three_outside_up,0.3986,-0.1569,0.4466,0.4128,0.3542,-0.5677,-0.1799,0.0261,,,
summary,2022-07-05,QQQ,,,,,,,0.25,,1,,,,,,,,,,,,0.7087,2022-07-05T14:38:00+00:00,364,692
trade,2022-07-05,AAPL,Long,2022-07-05T13:46:00+00:00,2022-07-05T15:06:00+00:00,138.2215,138.4135,2.17,0.42,0.001389,4800000,ScoreExit,window:strong core,shooting_star,0.6025,-0.0579,0.5672,0.4640,0.8914,-0.5332,-0.1542,0.2933,,,
summary,2022-07-05,AAPL,,,,,,,0.42,,1,,,,,,,,,,,,0.6364,2022-07-05T13:47:00+00:00,361,615
trade,2022-07-05,MSFT,Long,2022-07-05T14:11:00+00:00,2022-07-05T15:03:00+00:00,256.8420,256.5380,1.17,-0.36,-0.001184,3120000,ScoreExit,window:strong core,three_outside_up,0.5158,-0.0513,0.5309,0.4321,0.6782,-0.5223,-0.0924,0.1878,,,
summary,2022-07-05,MSFT,,,,,,,-0.36,,1,,,,,,,,,,,,0.6374,2022-07-05T14:38:00+00:00,341,498
summary,2022-07-06,SPY,,,,,,,0.00,,0,,,,,,,,,,,,0.6557,2022-07-05T16:24:00+00:00,964,1553
trade,2022-07-06,QQQ,Long,2022-07-06T14:46:00+00:00,2022-07-06T15:27:00+00:00,288.1364,286.7090,1.04,-1.49,-0.004954,2460000,ScoreExit,window:candle reversal,bearish_engulfing,0.2182,-0.0838,0.5700,-0.0066,0.5505,-0.5418,-0.2729,0.4470,,,
summary,2022-07-06,QQQ,,,,,,,-1.49,,1,,,,,,,,,,,,0.7087,2022-07-05T14:38:00+00:00,1106,1590
summary,2022-07-06,AAPL,,,,,,,0.00,,0,,,,,,,,,,,,0.6364,2022-07-05T13:47:00+00:00,998,1382
summary,2022-07-06,MSFT,,,,,,,0.00,,0,,,,,,,,,,,,0.6374,2022-07-05T14:38:00+00:00,835,1063
summary,2022-07-07,SPY,,,,,,,0.00,,0,,,,,,,,,,,,0.6557,2022-07-05T16:24:00+00:00,1689,2383
trade,2022-07-07,QQQ,Long,2022-07-07T13:31:00+00:00,2022-07-07T15:32:00+00:00,290.5721,292.3823,1.03,1.87,0.006229,7260000,MaxHoldTimeout,window:candle reversal,shooting_star,0.4732,0.0562,0.5601,0.4162,0.5583,-0.4372,-0.1213,0.5756,,,
summary,2022-07-07,QQQ,,,,,,,1.87,,1,,,,,,,,,,,,0.7087,2022-07-05T14:38:00+00:00,1882,2450
trade,2022-07-07,AAPL,Long,2022-07-07T13:36:00+00:00,2022-07-07T15:37:00+00:00,144.1882,145.1614,2.08,2.03,0.006749,7260000,MaxHoldTimeout,window:strong core,hammer,0.4755,0.0095,0.5490,0.4132,0.5755,0.2453,-0.2951,0.5401,,,
summary,2022-07-07,AAPL,,,,,,,2.03,,1,,,,,,,,,,,,0.6364,2022-07-05T13:47:00+00:00,1665,2146
trade,2022-07-07,MSFT,Long,2022-07-07T13:51:00+00:00,2022-07-07T15:21:00+00:00,267.0751,267.9346,1.12,0.97,0.003218,5400000,ScoreExit,window:strong core,hammer,0.4368,-0.0930,0.5364,0.4445,0.3885,-0.5176,-0.2644,0.3911,,,
summary,2022-07-07,MSFT,,,,,,,0.97,,1,,,,,,,,,,,,0.6374,2022-07-05T14:38:00+00:00,1258,1616
trade,2022-07-08,SPY,Long,2022-07-08T14:26:00+00:00,2022-07-08T15:46:00+00:00,388.4916,389.5082,0.77,0.79,0.002617,4800000,ScoreExit,window:strong core,bullish_engulfing,0.3976,-0.0826,0.5784,0.4132,0.3062,-0.5634,-0.1987,0.3100,,,
summary,2022-07-08,SPY,,,,,,,0.79,,1,,,,,,,,,,,,0.8291,2022-07-05T14:38:00+00:00,2343,2958
trade,2022-07-08,QQQ,Long,2022-07-08T13:41:00+00:00,2022-07-08T13:51:00+00:00,293.2429,291.4176,1.02,-1.87,-0.006225,600000,ScoreExit,window:candle reversal,shooting_star,0.3277,-0.0631,0.4084,0.3395,0.2772,-0.6152,-0.1413,0.2772,,,
trade,2022-07-08,QQQ,Long,2022-07-08T14:26:00+00:00,2022-07-08T15:56:00+00:00,293.9732,295.7862,1.02,1.85,0.006167,5400000,SessionClose,window:strong core,bullish_engulfing,0.4583,0.2153,0.5727,0.4396,0.4575,0.3729,0.0714,0.4506,,,
summary,2022-07-08,QQQ,,,,,,,-0.02,,2,,,,,,,,,,,,0.9041,2022-07-05T14:38:00+00:00,2558,3013
trade,2022-07-08,AAPL,Long,2022-07-08T13:41:00+00:00,2022-07-08T15:42:00+00:00,146.2138,147.1109,2.05,1.84,0.006135,7260000,MaxHoldTimeout,window:candle reversal,shooting_star,0.3804,0.1419,0.5210,0.4123,0.2697,-0.4722,0.1077,0.4150,,,
summary,2022-07-08,AAPL,,,,,,,1.84,,1,,,,,,,,,,,,0.8972,2022-07-05T14:37:00+00:00,2235,2683
summary,2022-07-08,MSFT,,,,,,,0.00,,0,,,,,,,,,,,,0.8990,2022-07-05T14:38:00+00:00,1650,2060
summary,2022-07-11,SPY,,,,,,,0.00,,0,,,,,,,,,,,,0.9440,2022-07-08T14:45:00+00:00,297,1136
summary,2022-07-11,QQQ,,,,,,,0.00,,0,,,,,,,,,,,,0.9555,2022-07-08T15:02:00+00:00,388,1165
summary,2022-07-11,AAPL,,,,,,,0.00,,0,,,,,,,,,,,,1.0000,2022-07-08T13:41:00+00:00,420,1111
summary,2022-07-11,MSFT,,,,,,,0.00,,0,,,,,,,,,,,,0.9578,2022-07-08T15:01:00+00:00,488,911
trade,2022-07-12,SPY,Long,2022-07-12T13:38:00+00:00,2022-07-12T13:56:00+00:00,385.9307,384.6096,0.78,-1.03,-0.003423,1080000,ScoreExit,window:strong core,,0.4347,-0.0663,0.6018,0.4722,0.3040,-0.2801,-0.1628,0.1980,,,
summary,2022-07-12,SPY,,,,,,,-1.03,,1,,,,,,,,,,,,0.7461,2022-07-11T09:14:00+00:00,560,1494
summary,2022-07-12,QQQ,,,,,,,0.00,,0,,,,,,,,,,,,0.6021,2022-07-11T09:13:00+00:00,658,1556
summary,2022-07-12,AAPL,,,,,,,0.00,,0,,,,,,,,,,,,0.6513,2022-07-11T09:38:00+00:00,917,1370
summary,2022-07-12,MSFT,,,,,,,0.00,,0,,,,,,,,,,,,0.6761,2022-07-11T11:07:00+00:00,422,1021
summary,2022-07-13,SPY,,,,,,,0.00,,0,,,,,,,,,,,,0.7461,2022-07-11T09:14:00+00:00,688,2315
trade,2022-07-13,QQQ,Long,2022-07-13T14:50:00+00:00,2022-07-13T15:26:00+00:00,286.8410,285.5093,1.05,-1.39,-0.004643,2160000,ScoreExit,window:5m thrust,shooting_star,0.4084,-0.1187,0.2853,0.5721,0.1221,-0.5789,-0.1031,0.0037,,,
summary,2022-07-13,QQQ,,,,,,,-1.39,,1,,,,,,,,,,,,0.6021,2022-07-11T09:13:00+00:00,892,2398
summary,2022-07-13,AAPL,,,,,,,0.00,,0,,,,,,,,,,,,0.6513,2022-07-11T09:38:00+00:00,1330,2099
summary,2022-07-13,MSFT,,,,,,,0.00,,0,,,,,,,,,,,,0.6761,2022-07-11T11:07:00+00:00,588,1678
summary,2022-07-14,SPY,,,,,,,0.00,,0,,,,,,,,,,,,0.5724,2022-07-11T17:39:00+00:00,506,2991
summary,2022-07-14,QQQ,,,,,,,0.00,,0,,,,,,,,,,,,0.6849,2022-07-11T14:41:00+00:00,758,3006
summary,2022-07-14,AAPL,,,,,,,0.00,,0,,,,,,,,,,,,0.9544,2022-07-11T14:40:00+00:00,1404,2650
summary,2022-07-14,MSFT,,,,,,,0.00,,0,,,,,,,,,,,,0.9571,2022-07-11T14:41:00+00:00,726,2170
summary,2022-07-15,SPY,,,,,,,0.00,,0,,,,,,,,,,,,0.7124,2022-07-12T13:37:00+00:00,1166,2970
summary,2022-07-15,QQQ,,,,,,,0.00,,0,,,,,,,,,,,,0.7224,2022-07-12T13:38:00+00:00,1370,3004
summary,2022-07-15,AAPL,,,,,,,0.00,,0,,,,,,,,,,,,1.0000,2022-07-12T13:36:00+00:00,1538,2676
summary,2022-07-15,MSFT,,,,,,,0.00,,0,,,,,,,,,,,,0.5329,2022-07-15T14:17:00+00:00,915,2225
summary,2022-07-18,SPY,,,,,,,0.00,,0,,,,,,,,,,,,0.7217,2022-07-15T15:02:00+00:00,812,1154
trade,2022-07-18,QQQ,Long,2022-07-18T13:56:00+00:00,2022-07-18T14:46:00+00:00,295.9938,294.4666,1.01,-1.55,-0.005159,3000000,ScoreExit,window:candle reversal,shooting_star,0.3650,-0.0791,0.5007,0.2642,0.5212,-0.4970,-0.2954,0.4927,,,
summary,2022-07-18,QQQ,,,,,,,-1.55,,1,,,,,,,,,,,,0.7166,2022-07-15T14:00:00+00:00,821,1163
trade,2022-07-18,AAPL,Long,2022-07-18T13:56:00+00:00,2022-07-18T15:56:00+00:00,151.2003,151.3218,1.98,0.24,0.000803,7200000,SessionClose,window:candle reversal,shooting_star,0.2755,0.3765,0.3235,0.1566,0.4975,0.5017,0.2820,0.5238,,,
summary,2022-07-18,AAPL,,,,,,,0.24,,1,,,,,,,,,,,,0.7998,2022-07-15T13:32:00+00:00,528,1103
trade,2022-07-18,MSFT,Long,2022-07-18T13:36:00+00:00,2022-07-18T14:21:00+00:00,259.8829,259.5771,1.15,-0.35,-0.001177,2700000,ScoreExit,window:candle reversal,shooting_star,0.3380,-0.0539,0.3675,0.2380,0.5281,-0.4516,-0.2395,0.4498,,,
summary,2022-07-18,MSFT,,,,,,,-0.35,,1,,,,,,,,,,,,1.0000,2022-07-15T13:35:00+00:00,355,944
summary,2022-07-19,SPY,,,,,,,0.00,,0,,,,,,,,,,,,0.5009,2022-07-18T09:22:00+00:00,693,1515
trade,2022-07-19,QQQ,Long,2022-07-19T14:13:00+00:00,2022-07-19T15:56:00+00:00,293.2529,295.7063,1.02,2.51,0.008366,6180000,SessionClose,window:candle reversal,shooting_star,0.2246,0.2853,0.4551,0.0536,0.4898,0.3932,0.1195,0.5810,,,
summary,2022-07-19,QQQ,,,,,,,2.51,,1,,,,,,,,,,,,0.5696,2022-07-18T08:28:00+00:00,731,1562
trade,2022-07-19,AAPL,Long,2022-07-19T14:33:00+00:00,2022-07-19T15:56:00+00:00,148.4396,149.7101,2.02,2.57,0.008559,4980000,SessionClose,window:candle reversal,shooting_star,0.2687,0.1735,0.2069,0.2799,0.2667,0.1788,-0.0065,0.5319,,,
summary,2022-07-19,AAPL,,,,,,,2.57,,1,,,,,,,,,,,,0.5367,2022-07-19T15:07:00+00:00,516,1457
trade,2022-07-19,MSFT,Long,2022-07-19T14:51:00+00:00,2022-07-19T15:56:00+00:00,257.0221,257.3678,1.17,0.40,0.001345,3900000,SessionClose,window:candle reversal,shooting_star,0.4023,0.1816,0.5359,0.4386,0.2850,0.4157,0.0360,0.3947,,,
summary,2022-07-19,MSFT,,,,,,,0.40,,1,,,,,,,,,,,,0.7113,2022-07-18T08:29:00+00:00,452,1106
trade,2022-07-20,SPY,Long,2022-07-20T14:31:00+00:00,2022-07-20T15:56:00+00:00,393.7031,395.5463,0.76,1.41,0.004682,5100000,SessionClose,window:strong core,hammer,0.4379,0.1839,0.5424,0.4264,0.4262,0.1859,0.0668,0.4175,,,
summary,2022-07-20,SPY,,,,,,,1.41,,1,,,,,,,,,,,,0.5037,2022-07-20T14:52:00+00:00,1341,2357
trade,2022-07-20,QQQ,Long,2022-07-20T14:31:00+00:00,2022-07-20T15:56:00+00:00,301.3504,303.6439,1.00,2.28,0.007611,5100000,SessionClose,window:strong core,three_outside_up,0.4796,0.1927,0.5586,0.4438,0.5250,0.1453,0.0411,0.5118,,,
summary,2022-07-20,QQQ,,,,,,,2.28,,1,,,,,,,,,,,,0.5696,2022-07-18T08:28:00+00:00,1442,2479
trade,2022-07-20,AAPL,Long,2022-07-20T14:11:00+00:00,2022-07-20T15:56:00+00:00,151.5204,153.1790,1.98,3.29,0.010946,6300000,SessionClose,window:candle reversal,shooting_star,0.2509,0.0837,0.5045,0.0773,0.5137,-0.0419,-0.0957,0.4846,,,
summary,2022-07-20,AAPL,,,,,,,3.29,,1,,,,,,,,,,,,0.5367,2022-07-19T15:07:00+00:00,1164,2275
trade,2022-07-20,MSFT,Long,2022-07-20T14:51:00+00:00,2022-07-20T15:56:00+00:00,262.5637,263.4559,1.14,1.02,0.003398,3900000,SessionClose,window:strong core,three_outside_up,0.4571,0.3105,0.5321,0.4306,0.4851,-0.1510,0.2942,0.4968,,,
summary,2022-07-20,MSFT,,,,,,,1.02,,1,,,,,,,,,,,,0.7113,2022-07-18T08:29:00+00:00,943,1744
summary,2022-07-21,SPY,,,,,,,0.00,,0,,,,,,,,,,,,0.5042,2022-07-20T14:52:00+00:00,1824,2962
summary,2022-07-21,QQQ,,,,,,,0.00,,0,,,,,,,,,,,,0.6314,2022-07-18T14:01:00+00:00,2014,3082
summary,2022-07-21,AAPL,,,,,,,0.00,,0,,,,,,,,,,,,0.7778,2022-07-18T14:01:00+00:00,1701,2834
summary,2022-07-21,MSFT,,,,,,,0.00,,0,,,,,,,,,,,,0.8528,2022-07-18T13:37:00+00:00,1383,2284
trade,2022-07-22,SPY,Long,2022-07-22T13:36:00+00:00,2022-07-22T13:56:00+00:00,398.3745,398.4454,0.75,0.05,0.000178,1200000,ScoreExit,window:candle reversal,evening_star,0.2605,-0.1437,-0.5243,0.3787,0.2859,-0.5493,-0.2909,0.2859,,,
summary,2022-07-22,SPY,,,,,,,0.05,,1,,,,,,,,,,,,0.9569,2022-07-19T14:51:00+00:00,2185,2927
summary,2022-07-22,QQQ,,,,,,,0.00,,0,,,,,,,,,,,,0.9578,2022-07-19T14:51:00+00:00,2322,3075
trade,2022-07-22,AAPL,Long,2022-07-22T14:16:00+00:00,2022-07-22T15:01:00+00:00,155.8417,155.5383,1.93,-0.58,-0.001947,2700000,ScoreExit,window:candle reversal,shooting_star,0.2970,-0.1626,0.3817,0.2601,0.3425,-0.3437,-0.3159,0.2045,,,
summary,2022-07-22,AAPL,,,,,,,-0.58,,1,,,,,,,,,,,,0.9567,2022-07-19T14:49:00+00:00,2262,2802
summary,2022-07-22,MSFT,,,,,,,0.00,,0,,,,,,,,,,,,0.9576,2022-07-19T14:51:00+00:00,1611,2317
summary,2022-07-25,SPY,,,,,,,0.00,,0,,,,,,,,,,,,0.5309,2022-07-22T13:39:00+00:00,344,1139
summary,2022-07-25,QQQ,,,,,,,0.00,,0,,,,,,,,,,,,0.8697,2022-07-22T13:50:00+00:00,104,1155
summary,2022-07-25,AAPL,,,,,,,0.00,,0,,,,,,,,,,,,0.7076,2022-07-22T13:50:00+00:00,157,1106
summary,2022-07-25,MSFT,,,,,,,0.00,,0,,,,,,,,,,,,0.6420,2022-07-22T13:51:00+00:00,101,966
summary,2022-07-26,SPY,,,,,,,0.00,,0,,,,,,,,,,,,0.8033,2022-07-25T09:21:00+00:00,400,1526
summary,2022-07-26,QQQ,,,,,,,0.00,,0,,,,,,,,,,,,0.7913,2022-07-25T09:22:00+00:00,272,1534
summary,2022-07-26,AAPL,,,,,,,0.00,,0,,,,,,,,,,,,0.8420,2022-07-25T09:39:00+00:00,230,1441
summary,2022-07-26,MSFT,,,,,,,0.00,,0,,,,,,,,,,,,0.7743,2022-07-25T10:02:00+00:00,371,1128
summary,2022-07-27,SPY,,,,,,,0.00,,0,,,,,,,,,,,,0.8033,2022-07-25T09:21:00+00:00,992,2395
trade,2022-07-27,QQQ,Long,2022-07-27T13:36:00+00:00,2022-07-27T15:37:00+00:00,299.2547,302.0444,1.00,2.80,0.009322,7260000,MaxHoldTimeout,window:candle reversal,shooting_star,0.3817,0.1119,0.3611,0.3863,0.3794,0.0826,-0.0113,0.3682,,,
summary,2022-07-27,QQQ,,,,,,,2.80,,1,,,,,,,,,,,,0.7913,2022-07-25T09:22:00+00:00,909,2439
trade,2022-07-27,AAPL,Long,2022-07-27T13:41:00+00:00,2022-07-27T15:06:00+00:00,153.7211,154.3337,1.95,1.20,0.003985,5100000,ScoreExit,window:strong core,three_outside_up,0.4383,-0.0508,0.5823,0.4314,0.4041,-0.1597,-0.2221,0.3281,,,
summary,2022-07-27,AAPL,,,,,,,1.20,,1,,,,,,,,,,,,0.8420,2022-07-25T09:39:00+00:00,838,2266
summary,2022-07-27,MSFT,,,,,,,0.00,,0,,,,,,,,,,,,0.9125,2022-07-26T22:08:00+00:00,1050,1983
trade,2022-07-28,SPY,Long,2022-07-28T14:56:00+00:00,2022-07-28T15:56:00+00:00,401.1353,403.9438,0.75,2.10,0.007001,3600000,SessionClose,window:strong core,hammer,0.4423,0.1574,0.4998,0.4479,0.4120,-0.1289,0.0319,0.5040,,,
summary,2022-07-28,SPY,,,,,,,2.10,,1,,,,,,,,,,,,0.5480,2022-07-27T19:04:00+00:00,1579,2964
summary,2022-07-28,QQQ,,,,,,,0.00,,0,,,,,,,,,,,,0.5596,2022-07-27T18:44:00+00:00,1500,3049
summary,2022-07-28,AAPL,,,,,,,0.00,,0,,,,,,,,,,,,0.5896,2022-07-25T13:32:00+00:00,1371,2860
summary,2022-07-28,MSFT,,,,,,,0.00,,0,,,,,,,,,,,,0.9538,2022-07-26T22:08:00+00:00,1451,2476
trade,2022-07-29,SPY,Long,2022-07-29T14:01:00+00:00,2022-07-29T14:56:00+00:00,409.5478,410.0220,0.73,0.35,0.001158,3300000,ScoreExit,window:strong core,,0.4460,-0.0635,0.4673,0.4770,0.3768,-0.5335,-0.2053,0.3768,,,
summary,2022-07-29,SPY,,,,,,,0.35,,1,,,,,,,,,,,,0.6028,2022-07-26T22:09:00+00:00,2153,2953
trade,2022-07-29,QQQ,Long,2022-07-29T14:01:00+00:00,2022-07-29T14:56:00+00:00,313.3750,313.4709,0.96,0.09,0.000306,3300000,ScoreExit,window:strong core,,0.4337,-0.0940,0.4717,0.4813,0.3258,-0.5570,-0.2267,0.3258,,,
summary,2022-07-29,QQQ,,,,,,,0.09,,1,,,,,,,,,,,,0.6517,2022-07-26T22:09:00+00:00,2229,3080
trade,2022-07-29,AAPL,Long,2022-07-29T13:46:00+00:00,2022-07-29T15:01:00+00:00,162.4212,162.3963,1.85,-0.05,-0.000154,4500000,ScoreExit,window:strong core,,0.4898,-0.0891,0.6011,0.4542,0.5239,-0.5313,-0.3083,0.4967,,,
summary,2022-07-29,AAPL,,,,,,,-0.05,,1,,,,,,,,,,,,0.7374,2022-07-28T20:38:00+00:00,2284,2968
trade,2022-07-29,MSFT,Long,2022-07-29T13:31:00+00:00,2022-07-29T15:01:00+00:00,278.1514,279.4112,1.08,1.36,0.004529,5400000,ScoreExit,window:candle reversal,shooting_star,0.2828,-0.0919,0.5094,0.1141,0.5449,-0.5118,-0.3113,0.4870,,,
summary,2022-07-29,MSFT,,,,,,,1.36,,1,,,,,,,,,,,,0.9769,2022-07-26T22:08:00+00:00,1916,2589
trade,2022-08-01,SPY,Long,2022-08-01T14:01:00+00:00,2022-08-01T14:26:00+00:00,411.8185,410.5018,0.73,-0.96,-0.003197,1500000,ScoreExit,window:candle reversal,shooting_star,0.3971,-0.0632,0.4731,0.4503,0.2654,-0.5776,-0.0520,0.0858,,,
summary,2022-08-01,SPY,,,,,,,-0.96,,1,,,,,,,,,,,,0.8733,2022-07-29T14:27:00+00:00,707,1101
trade,2022-08-01,QQQ,Long,2022-08-01T13:51:00+00:00,2022-08-01T15:56:00+00:00,315.1195,317.8696,0.95,2.62,0.008727,7500000,SessionClose,window:strong core,three_outside_up,0.4600,0.1515,0.2784,0.5046,0.4312,-0.2893,0.0048,0.5920,,,
summary,2022-08-01,QQQ,,,,,,,2.62,,1,,,,,,,,,,,,0.9514,2022-07-29T14:44:00+00:00,837,1126
trade,2022-08-01,AAPL,Long,2022-08-01T13:40:00+00:00,2022-08-01T15:41:00+00:00,162.5337,162.7248,1.85,0.35,0.001175,7260000,MaxHoldTimeout,window:strong core,three_outside_up,0.4057,0.0407,0.5830,0.4215,0.3149,-0.5606,-0.0535,0.4295,,,
summary,2022-08-01,AAPL,,,,,,,0.35,,1,,,,,,,,,,,,1.0000,2022-07-29T13:40:00+00:00,575,1098
trade,2022-08-01,MSFT,Long,2022-08-01T14:07:00+00:00,2022-08-01T14:16:00+00:00,279.8739,278.9413,1.07,-1.00,-0.003332,540000,ScoreExit,window:candle reversal,shooting_star,0.3572,-0.0602,0.5340,0.4016,0.2094,-0.3488,-0.0616,0.0389,,,
trade,2022-08-01,MSFT,Long,2022-08-01T14:51:00+00:00,2022-08-01T15:56:00+00:00,280.2591,280.1410,1.07,-0.13,-0.000421,3900000,SessionClose,window:strong core,,0.4393,-0.0333,0.4914,0.4954,0.3099,-0.4835,-0.1156,0.2814,,,
summary,2022-08-01,MSFT,,,,,,,-1.13,,2,,,,,,,,,,,,0.8985,2022-07-29T14:27:00+00:00,456,950
trade,2022-08-02,SPY,Long,2022-08-02T14:55:00+00:00,2022-08-02T15:32:00+00:00,411.3884,409.4620,0.73,-1.41,-0.004683,2220000,ScoreExit,window:strong core,hammer,0.4423,-0.0742,0.5589,0.4931,0.3020,-0.5272,-0.1143,0.1569,,,
summary,2022-08-02,SPY,,,,,,,-1.41,,1,,,,,,,,,,,,0.6918,2022-08-01T09:34:00+00:00,529,1454
trade,2022-08-02,QQQ,Long,2022-08-02T14:53:00+00:00,2022-08-02T15:32:00+00:00,315.8697,314.2907,0.95,-1.50,-0.004999,2340000,ScoreExit,window:strong core,hammer,0.4609,-0.0559,0.5614,0.4986,0.3522,-0.5469,-0.1055,0.2070,,,
summary,2022-08-02,QQQ,,,,,,,-1.50,,1,,,,,,,,,,,,0.6927,2022-08-01T14:05:00+00:00,667,1510
summary,2022-08-02,AAPL,,,,,,,0.00,,0,,,,,,,,,,,,0.6582,2022-08-01T13:48:00+00:00,359,1388
summary,2022-08-02,MSFT,,,,,,,0.00,,0,,,,,,,,,,,,0.6535,2022-08-01T14:53:00+00:00,270,1058
trade,2022-08-03,SPY,Long,2022-08-03T14:13:00+00:00,2022-08-03T14:17:00+00:00,412.3287,411.8214,0.73,-0.37,-0.001230,240000,ScoreExit,window:candle reversal,shooting_star,0.3026,-0.0694,0.3062,0.3466,0.2134,-0.2508,-0.1710,0.1940,,,
summary,2022-08-03,SPY,,,,,,,-0.37,,1,,,,,,,,,,,,0.6918,2022-08-01T09:34:00+00:00,985,2274
trade,2022-08-03,QQQ,Long,2022-08-03T13:36:00+00:00,2022-08-03T15:56:00+00:00,317.3002,321.2786,0.95,3.76,0.012538,8400000,SessionClose,window:strong core,three_outside_up,0.4053,0.3856,0.4083,0.4118,0.3911,0.4012,0.3370,0.4776,,,
summary,2022-08-03,QQQ,,,,,,,3.76,,1,,,,,,,,,,,,0.6927,2022-08-01T14:05:00+00:00,1194,2366
trade,2022-08-03,AAPL,Long,2022-08-03T13:36:00+00:00,2022-08-03T15:56:00+00:00,162.0101,164.9355,1.85,5.42,0.018057,8400000,SessionClose,window:strong core,three_outside_up,0.4138,0.3619,0.5004,0.4137,0.3849,0.5352,0.2432,0.5415,,,
summary,2022-08-03,AAPL,,,,,,,5.42,,1,,,,,,,,,,,,0.6582,2022-08-01T13:48:00+00:00,860,2168
trade,2022-08-03,MSFT,Long,2022-08-03T13:42:00+00:00,2022-08-03T15:56:00+00:00,278.8886,280.9507,1.08,2.22,0.007394,8040000,SessionClose,window:candle reversal,shooting_star,0.2906,0.3841,0.3273,0.2430,0.3735,0.2252,0.3479,0.5094,,,
summary,2022-08-03,MSFT,,,,,,,2.22,,1,,,,,,,,,,,,0.6535,2022-08-01T14:53:00+00:00,687,1602
summary,2022-08-04,SPY,,,,,,,0.00,,0,,,,,,,,,,,,0.9576,2022-08-01T14:53:00+00:00,1363,2880
summary,2022-08-04,QQQ,,,,,,,0.00,,0,,,,,,,,,,,,0.9574,2022-08-01T14:45:00+00:00,1687,2990
summary,2022-08-04,AAPL,,,,,,,0.00,,0,,,,,,,,,,,,1.0000,2022-08-01T13:40:00+00:00,1271,2721
summary,2022-08-04,MSFT,,,,,,,0.00,,0,,,,,,,,,,,,0.9569,2022-08-01T14:55:00+00:00,1049,2084
trade,2022-08-05,SPY,Long,2022-08-05T14:01:00+00:00,2022-08-05T15:01:00+00:00,412.0386,412.5712,0.73,0.39,0.001293,3600000,ScoreExit,window:5m thrust,three_outside_up,0.3510,-0.1544,0.1709,0.5331,0.0467,-0.4655,-0.1834,0.0075,,,
summary,2022-08-05,SPY,,,,,,,0.39,,1,,,,,,,,,,,,0.9563,2022-08-02T14:53:00+00:00,1773,2815
trade,2022-08-05,QQQ,Long,2022-08-05T14:06:00+00:00,2022-08-05T14:59:00+00:00,321.6515,321.8085,0.93,0.15,0.000488,3180000,ScoreExit,window:5m thrust,hammer,0.4219,-0.0674,0.3327,0.5400,0.2155,-0.3433,-0.1629,0.2155,,,
summary,2022-08-05,QQQ,,,,,,,0.15,,1,,,,,,,,,,,,0.9593,2022-08-02T14:53:00+00:00,2046,2910
trade,2022-08-05,AAPL,Long,2022-08-05T13:54:00+00:00,2022-08-05T14:49:00+00:00,164.7294,164.8905,1.82,0.29,0.000978,3300000,ScoreExit,window:candle reversal,shooting_star,0.2738,-0.0757,0.1227,0.3322,0.2071,-0.4893,-0.1572,0.2252,,,
summary,2022-08-05,AAPL,,,,,,,0.29,,1,,,,,,,,,,,,0.9567,2022-08-02T14:44:00+00:00,1837,2654
trade,2022-08-05,MSFT,Long,2022-08-05T14:01:00+00:00,2022-08-05T15:01:00+00:00,281.2093,281.6866,1.07,0.51,0.001697,3600000,ScoreExit,window:5m thrust,hammer,0.3928,-0.0954,0.0224,0.5130,0.2760,-0.5248,-0.1502,0.1575,,,
summary,2022-08-05,MSFT,,,,,,,0.51,,1,,,,,,,,,,,,0.9433,2022-08-02T14:54:00+00:00,1508,2089
trade,2022-08-08,SPY,Long,2022-08-08T14:01:00+00:00,2022-08-08T15:12:00+00:00,417.3602,416.4100,0.72,-0.68,-0.002277,4260000,ScoreExit,window:candle reversal,shooting_star,0.3424,-0.0566,-0.0569,0.3411,0.4783,-0.4193,-0.2378,0.4268,,,
summary,2022-08-08,SPY,,,,,,,-0.68,,1,,,,,,,,,,,,0.8899,2022-08-05T14:15:00+00:00,765,1125
trade,2022-08-08,QQQ,Long,2022-08-08T13:51:00+00:00,2022-08-08T14:48:00+00:00,326.0028,324.4676,0.92,-1.41,-0.004709,3420000,ScoreExit,window:strong core,bullish_engulfing,0.5448,-0.0712,0.5756,0.5151,0.5940,-0.5723,-0.2878,0.5291,,,
summary,2022-08-08,QQQ,,,,,,,-1.41,,1,,,,,,,,,,,,0.8971,2022-08-05T14:13:00+00:00,588,1125
trade,2022-08-08,AAPL,Long,2022-08-08T13:41:00+00:00,2022-08-08T14:48:00+00:00,166.9051,166.7550,1.80,-0.27,-0.000899,4020000,ScoreExit,window:strong core,hammer,0.4682,-0.0545,0.3975,0.4146,0.5990,-0.4050,-0.2879,0.5291,,,
summary,2022-08-08,AAPL,,,,,,,-0.27,,1,,,,,,,,,,,,0.9628,2022-08-05T13:38:00+00:00,624,1078
trade,2022-08-08,MSFT,Long,2022-08-08T14:01:00+00:00,2022-08-08T14:35:00+00:00,285.2806,284.1997,1.05,-1.14,-0.003789,2040000,ScoreExit,window:candle reversal,shooting_star,0.2527,-0.0565,-0.4655,0.2685,0.4605,-0.4001,-0.2577,0.4605,,,
summary,2022-08-08,MSFT,,,,,,,-1.14,,1,,,,,,,,,,,,0.8946,2022-08-05T14:02:00+00:00,462,911
summary,2022-08-09,SPY,,,,,,,0.00,,0,,,,,,,,,,,,0.4722,2022-08-08T13:50:00+00:00,319,1446
summary,2022-08-09,QQQ,,,,,,,0.00,,0,,,,,,,,,,,,0.6674,2022-08-08T13:50:00+00:00,239,1513
summary,2022-08-09,AAPL,,,,,,,0.00,,0,,,,,,,,,,,,0.6074,2022-08-08T13:51:00+00:00,353,1339
summary,2022-08-09,MSFT,,,,,,,0.00,,0,,,,,,,,,,,,0.7731,2022-08-08T10:54:00+00:00,357,1045
trade,2022-08-10,SPY,Long,2022-08-10T14:46:00+00:00,2022-08-10T15:56:00+00:00,418.7406,419.4191,0.72,0.49,0.001620,4200000,SessionClose,window:candle reversal,shooting_star,0.2620,0.2309,0.5268,0.1258,0.4460,0.5008,0.0745,0.4538,,,
summary,2022-08-10,SPY,,,,,,,0.49,,1,,,,,,,,,,,,0.6053,2022-08-10T12:35:00+00:00,746,2241
trade,2022-08-10,QQQ,Long,2022-08-10T14:51:00+00:00,2022-08-10T15:56:00+00:00,324.4123,325.3385,0.93,0.86,0.002855,3900000,SessionClose,window:candle reversal,shooting_star,0.3076,0.3175,0.5132,0.1862,0.4820,0.4871,0.1944,0.5071,,,
summary,2022-08-10,QQQ,,,,,,,0.86,,1,,,,,,,,,,,,0.6704,2022-08-10T12:41:00+00:00,646,2372
summary,2022-08-10,AAPL,,,,,,,0.00,,0,,,,,,,,,,,,0.6074,2022-08-08T13:51:00+00:00,861,2065
summary,2022-08-10,MSFT,,,,,,,0.00,,0,,,,,,,,,,,,0.7731,2022-08-08T10:54:00+00:00,853,1632
trade,2022-08-11,SPY,Long,2022-08-11T13:46:00+00:00,2022-08-11T15:01:00+00:00,423.0319,423.3180,0.71,0.20,0.000676,4500000,ScoreExit,window:candle reversal,shooting_star,0.2514,-0.1163,0.3663,0.1382,0.4395,-0.3820,-0.2979,0.3356,,,
summary,2022-08-11,SPY,,,,,,,0.20,,1,,,,,,,,,,,,0.6079,2022-08-10T12:35:00+00:00,1226,2849
trade,2022-08-11,QQQ,Long,2022-08-11T13:48:00+00:00,2022-08-11T14:41:00+00:00,328.5835,328.8163,0.91,0.21,0.000708,3180000,ScoreExit,window:candle reversal,shooting_star,0.2146,-0.0818,0.4186,0.1173,0.3412,-0.5522,-0.2063,0.3239,,,
summary,2022-08-11,QQQ,,,,,,,0.21,,1,,,,,,,,,,,,0.9214,2022-08-08T13:44:00+00:00,1072,2955
trade,2022-08-11,AAPL,Long,2022-08-11T13:51:00+00:00,2022-08-11T14:48:00+00:00,170.2060,169.8040,1.76,-0.71,-0.002362,3420000,ScoreExit,window:candle reversal,shooting_star,0.3354,-0.0599,0.3767,0.2389,0.5147,-0.5133,-0.2475,0.4666,,,
summary,2022-08-11,AAPL,,,,,,,-0.71,,1,,,,,,,,,,,,0.9344,2022-08-08T13:44:00+00:00,1419,2612
summary,2022-08-11,MSFT,,,,,,,0.00,,0,,,,,,,,,,,,1.0000,2022-08-08T13:39:00+00:00,1163,2131
trade,2022-08-12,SPY,Long,2022-08-12T14:17:00+00:00,2022-08-12T14:37:00+00:00,422.3917,422.2583,0.71,-0.09,-0.000316,1200000,ScoreExit,window:candle reversal,shooting_star,0.2132,-0.0581,0.1900,0.2162,0.2149,-0.1636,-0.1770,0.2149,,,
summary,2022-08-12,SPY,,,,,,,-0.09,,1,,,,,,,,,,,,0.6493,2022-08-10T12:35:00+00:00,2081,2857
summary,2022-08-12,QQQ,,,,,,,0.00,,0,,,,,,,,,,,,0.7311,2022-08-10T12:41:00+00:00,2120,2942
summary,2022-08-12,AAPL,,,,,,,0.00,,0,,,,,,,,,,,,0.7033,2022-08-09T14:49:00+00:00,2186,2624
summary,2022-08-12,MSFT,,,,,,,0.00,,0,,,,,,,,,,,,0.9553,2022-08-09T14:48:00+00:00,1678,2114
trade,2022-08-15,SPY,Long,2022-08-15T13:51:00+00:00,2022-08-15T14:21:00+00:00,426.2228,425.7272,0.70,-0.35,-0.001163,1800000,ScoreExit,window:strong core,,0.4314,-0.0532,0.5610,0.4550,0.3410,-0.4948,-0.1321,0.2519,,,
summary,2022-08-15,SPY,,,,,,,-0.35,,1,,,,,,,,,,,,0.6331,2022-08-12T15:02:00+00:00,927,1164
trade,2022-08-15,QQQ,Long,2022-08-15T13:31:00+00:00,2022-08-15T14:21:00+00:00,330.2240,329.8852,0.91,-0.31,-0.001026,3000000,ScoreExit,window:strong core,,0.4537,-0.0680,0.5434,0.4237,0.4836,-0.4803,-0.2065,0.3464,,,
summary,2022-08-15,QQQ,,,,,,,-0.31,,1,,,,,,,,,,,,0.7167,2022-08-12T14:19:00+00:00,961,1139
trade,2022-08-15,AAPL,Long,2022-08-15T13:36:00+00:00,2022-08-15T14:51:00+00:00,171.8588,171.8634,1.75,0.01,0.000027,4500000,ScoreExit,window:strong core,,0.4071,-0.0540,0.4386,0.4093,0.3923,-0.5621,-0.1798,0.3671,,,
summary,2022-08-15,AAPL,,,,,,,0.01,,1,,,,,,,,,,,,0.8880,2022-08-12T15:04:00+00:00,935,1104
summary,2022-08-15,MSFT,,,,,,,0.00,,0,,,,,,,,,,,,0.6251,2022-08-12T14:19:00+00:00,746,917
summary,2022-08-16,SPY,,,,,,,0.00,,0,,,,,,,,,,,,0.5708,2022-08-15T15:53:00+00:00,949,1462
summary,2022-08-16,QQQ,,,,,,,0.00,,0,,,,,,,,,,,,0.6302,2022-08-15T15:48:00+00:00,909,1445
summary,2022-08-16,AAPL,,,,,,,0.00,,0,,,,,,,,,,,,0.6165,2022-08-15T15:48:00+00:00,909,1361
summary,2022-08-16,MSFT,,,,,,,0.00,,0,,,,,,,,,,,,0.7530,2022-08-15T10:10:00+00:00,674,1037
summary,2022-08-17,SPY,,,,,,,0.00,,0,,,,,,,,,,,,0.5708,2022-08-15T15:53:00+00:00,1081,2300
summary,2022-08-17,QQQ,,,,,,,0.00,,0,,,,,,,,,,,,0.6302,2022-08-15T15:48:00+00:00,1027,2267
trade,2022-08-17,AAPL,Long,2022-08-17T13:46:00+00:00,2022-08-17T14:36:00+00:00,173.9572,173.7429,1.72,-0.37,-0.001232,3000000,ScoreExit,window:strong core,bullish_engulfing,0.4006,-0.0757,0.4567,0.4396,0.3038,-0.3871,-0.1598,0.1965,,,
summary,2022-08-17,AAPL,,,,,,,-0.37,,1,,,,,,,,,,,,0.6165,2022-08-15T15:48:00+00:00,1392,2194
summary,2022-08-17,MSFT,,,,,,,0.00,,0,,,,,,,,,,,,0.7530,2022-08-15T10:10:00+00:00,881,1603
summary,2022-08-18,SPY,,,,,,,0.00,,0,,,,,,,,,,,,0.6333,2022-08-15T13:58:00+00:00,1123,2850
summary,2022-08-18,QQQ,,,,,,,0.00,,0,,,,,,,,,,,,0.7136,2022-08-15T13:58:00+00:00,1057,2860
summary,2022-08-18,AAPL,,,,,,,0.00,,0,,,,,,,,,,,,0.6594,2022-08-15T15:48:00+00:00,1813,2829
summary,2022-08-18,MSFT,,,,,,,0.00,,0,,,,,,,,,,,,0.7824,2022-08-15T13:56:00+00:00,842,2056
summary,2022-08-19,SPY,,,,,,,0.00,,0,,,,,,,,,,,,0.6251,2022-08-16T15:54:00+00:00,687,2883
summary,2022-08-19,QQQ,,,,,,,0.00,,0,,,,,,,,,,,,0.7118,2022-08-16T15:54:00+00:00,669,2921
summary,2022-08-19,AAPL,,,,,,,0.00,,0,,,,,,,,,,,,0.6452,2022-08-16T15:19:00+00:00,1442,2899
summary,2022-08-19,MSFT,,,,,,,0.00,,0,,,,,,,,,,,,0.6793,2022-08-16T15:54:00+00:00,568,2058
summary,2022-08-22,SPY,,,,,,,0.00,,0,,,,,,,,,,,,0.3128,2022-08-19T16:39:00+00:00,36,1179
summary,2022-08-22,QQQ,,,,,,,0.00,,0,,,,,,,,,,,,0.2898,2022-08-19T17:04:00+00:00,12,1152
summary,2022-08-22,AAPL,,,,,,,0.00,,0,,,,,,,,,,,,0.3889,2022-08-19T17:04:00+00:00,24,1172
summary,2022-08-22,MSFT,,,,,,,0.00,,0,,,,,,,,,,,,0.4656,2022-08-19T13:32:00+00:00,8,970
summary,2022-08-23,SPY,,,,,,,0.00,,0,,,,,,,,,,,,0.3554,2022-08-23T14:09:00+00:00,326,1517
summary,2022-08-23,QQQ,,,,,,,0.00,,0,,,,,,,,,,,,0.4218,2022-08-23T14:10:00+00:00,431,1523
summary,2022-08-23,AAPL,,,,,,,0.00,,0,,,,,,,,,,,,0.5148,2022-08-22T13:29:00+00:00,407,1451
summary,2022-08-23,MSFT,,,,,,,0.00,,0,,,,,,,,,,,,0.4201,2022-08-22T13:29:00+00:00,90,1082
summary,2022-08-24,SPY,,,,,,,0.00,,0,,,,,,,,,,,,0.3554,2022-08-23T14:09:00+00:00,519,2310
summary,2022-08-24,QQQ,,,,,,,0.00,,0,,,,,,,,,,,,0.4218,2022-08-23T14:10:00+00:00,657,2329
summary,2022-08-24,AAPL,,,,,,,0.00,,0,,,,,,,,,,,,0.5148,2022-08-22T13:29:00+00:00,581,2191
summary,2022-08-24,MSFT,,,,,,,0.00,,0,,,,,,,,,,,,0.4201,2022-08-22T13:29:00+00:00,90,1624
trade,2022-08-25,SPY,Long,2022-08-25T14:16:00+00:00,2022-08-25T15:01:00+00:00,416.6400,416.8399,0.72,0.14,0.000480,2700000,ScoreExit,window:candle reversal,shooting_star,0.2741,-0.0604,-0.0231,0.2947,0.3319,-0.5221,-0.1519,0.2766,,,
summary,2022-08-25,SPY,,,,,,,0.14,,1,,,,,,,,,,,,0.4693,2022-08-25T08:01:00+00:00,961,2835
trade,2022-08-25,QQQ,Long,2022-08-25T14:16:00+00:00,2022-08-25T15:01:00+00:00,318.1104,318.3895,0.94,0.26,0.000877,2700000,ScoreExit,window:candle reversal,shooting_star,0.2847,-0.0831,0.0493,0.3108,0.3110,-0.5098,-0.1789,0.2506,,,
summary,2022-08-25,QQQ,,,,,,,0.26,,1,,,,,,,,,,,,0.4864,2022-08-25T08:01:00+00:00,1118,2915
trade,2022-08-25,AAPL,Long,2022-08-25T13:41:00+00:00,2022-08-25T14:29:00+00:00,169.5158,169.1741,1.77,-0.60,-0.002016,2880000,ScoreExit,window:strong core,hammer,0.4195,-0.0523,0.4965,0.4275,0.3780,-0.5580,-0.1527,0.3171,,,
summary,2022-08-25,AAPL,,,,,,,-0.60,,1,,,,,,,,,,,,0.4364,2022-08-25T08:01:00+00:00,1019,2681
summary,2022-08-25,MSFT,,,,,,,0.00,,0,,,,,,,,,,,,0.4432,2022-08-25T19:59:00+00:00,263,2047
summary,2022-08-26,SPY,,,,,,,0.00,,0,,,,,,,,,,,,0.7181,2022-08-23T14:10:00+00:00,1327,2843
summary,2022-08-26,QQQ,,,,,,,0.00,,0,,,,,,,,,,,,0.8990,2022-08-23T14:10:00+00:00,1417,2913
summary,2022-08-26,AAPL,,,,,,,0.00,,0,,,,,,,,,,,,0.7857,2022-08-23T14:11:00+00:00,1374,2639
summary,2022-08-26,MSFT,,,,,,,0.00,,0,,,,,,,,,,,,0.8420,2022-08-23T14:11:00+00:00,781,2059
summary,2022-08-29,SPY,,,,,,,0.00,,0,,,,,,,,,,,,0.7474,2022-08-26T14:09:00+00:00,20,1196
summary,2022-08-29,QQQ,,,,,,,0.00,,0,,,,,,,,,,,,0.9163,2022-08-26T14:09:00+00:00,18,1199
summary,2022-08-29,AAPL,,,,,,,0.00,,0,,,,,,,,,,,,0.7981,2022-08-26T14:09:00+00:00,15,1178
summary,2022-08-29,MSFT,,,,,,,0.00,,0,,,,,,,,,,,,0.7842,2022-08-26T14:09:00+00:00,25,991
summary,2022-08-30,SPY,,,,,,,0.00,,0,,,,,,,,,,,,0.5755,2022-08-29T16:50:00+00:00,663,1571
summary,2022-08-30,QQQ,,,,,,,0.00,,0,,,,,,,,,,,,0.5930,2022-08-29T13:34:00+00:00,661,1566
summary,2022-08-30,AAPL,,,,,,,0.00,,0,,,,,,,,,,,,0.7184,2022-08-29T08:00:00+00:00,627,1470
summary,2022-08-30,MSFT,,,,,,,0.00,,0,,,,,,,,,,,,1.0000,2022-08-29T08:00:00+00:00,354,1083
summary,2022-08-31,SPY,,,,,,,0.00,,0,,,,,,,,,,,,0.5755,2022-08-29T16:50:00+00:00,716,2425
summary,2022-08-31,QQQ,,,,,,,0.00,,0,,,,,,,,,,,,0.5930,2022-08-29T13:34:00+00:00,813,2407
summary,2022-08-31,AAPL,,,,,,,0.00,,0,,,,,,,,,,,,0.7184,2022-08-29T08:00:00+00:00,709,2264
trade,2022-08-31,MSFT,Long,2022-08-31T13:51:00+00:00,2022-08-31T14:01:00+00:00,266.8750,265.3054,1.12,-1.76,-0.005882,600000,ScoreExit,window:candle reversal,shooting_star,0.3630,-0.1333,0.6032,0.3570,0.2948,-0.5820,-0.1915,0.1326,,,
summary,2022-08-31,MSFT,,,,,,,-1.76,,1,,,,,,,,,,,,1.0000,2022-08-29T08:00:00+00:00,510,1632
summary,2022-09-01,SPY,,,,,,,0.00,,0,,,,,,,,,,,,0.6170,2022-08-29T14:17:00+00:00,567,3009
summary,2022-09-01,QQQ,,,,,,,0.00,,0,,,,,,,,,,,,0.9714,2022-08-29T13:36:00+00:00,645,3021
summary,2022-09-01,AAPL,,,,,,,0.00,,0,,,,,,,,,,,,1.0000,2022-08-29T13:34:00+00:00,645,2834
summary,2022-09-01,MSFT,,,,,,,0.00,,0,,,,,,,,,,,,0.9321,2022-08-29T13:36:00+00:00,531,2156
trade,2022-09-02,SPY,Long,2022-09-02T14:36:00+00:00,2022-09-02T15:56:00+00:00,401.0653,401.1646,0.75,0.07,0.000248,4800000,SessionClose,window:strong core,,0.4344,0.2406,0.5224,0.4182,0.4376,0.5432,0.0825,0.4559,,,
summary,2022-09-02,SPY,,,,,,,0.07,,1,,,,,,,,,,,,0.4556,2022-09-02T12:37:00+00:00,800,2946
trade,2022-09-02,QQQ,Long,2022-09-02T14:31:00+00:00,2022-09-02T15:56:00+00:00,302.7858,302.7341,0.99,-0.05,-0.000171,5100000,SessionClose,window:strong core,three_outside_up,0.4667,0.1655,0.5529,0.4745,0.4224,0.1609,0.0241,0.4499,,,
summary,2022-09-02,QQQ,,,,,,,-0.05,,1,,,,,,,,,,,,0.4709,2022-08-31T10:51:00+00:00,935,3044
trade,2022-09-02,AAPL,Long,2022-09-02T14:36:00+00:00,2022-09-02T14:53:00+00:00,160.3431,159.3622,1.87,-1.84,-0.006118,1020000,ScoreExit,window:candle reversal,bearish_engulfing,0.2529,-0.0717,0.4240,0.1801,0.3413,-0.5574,-0.1973,0.3413,,,
summary,2022-09-02,AAPL,,,,,,,-1.84,,1,,,,,,,,,,,,0.4483,2022-09-02T12:33:00+00:00,856,2835
trade,2022-09-02,MSFT,Long,2022-09-02T14:16:00+00:00,2022-09-02T15:42:00+00:00,262.7898,263.2960,1.14,0.58,0.001926,5160000,ScoreExit,window:candle reversal,shooting_star,0.3118,-0.0597,0.5766,0.2074,0.4324,-0.5658,-0.2090,0.4077,,,
summary,2022-09-02,MSFT,,,,,,,0.58,,1,,,,,,,,,,,,0.4804,2022-08-31T10:50:00+00:00,639,2204
summary,2022-09-05,SPY,,,,,,,0.00,,0,,,,,,,,,,,,0.9541,2022-09-02T14:42:00+00:00,120,490
summary,2022-09-05,QQQ,,,,,,,0.00,,0,,,,,,,,,,,,0.9520,2022-09-02T14:42:00+00:00,117,483
summary,2022-09-05,AAPL,,,,,,,0.00,,0,,,,,,,,,,,,0.8888,2022-09-02T14:32:00+00:00,97,496
summary,2022-09-05,MSFT,,,,,,,0.00,,0,,,,,,,,,,,,0.9545,2022-09-02T14:40:00+00:00,130,443
trade,2022-09-06,SPY,Long,2022-09-06T14:51:00+00:00,2022-09-06T15:56:00+00:00,392.2526,393.4569,0.77,0.92,0.003070,3900000,SessionClose,window:strong core,hammer,0.4469,0.3877,0.5309,0.4231,0.4664,0.3284,0.1380,0.9069,,,
summary,2022-09-06,SPY,,,,,,,0.92,,1,,,,,,,,,,,,0.6720,2022-09-06T15:08:00+00:00,212,656
trade,2022-09-06,QQQ,Long,2022-09-06T14:51:00+00:00,2022-09-06T15:56:00+00:00,294.1727,295.5863,1.02,1.44,0.004805,3900000,SessionClose,window:strong core,hammer,0.4291,0.4415,0.5414,0.4357,0.3785,0.4227,0.1654,1.0000,,,
summary,2022-09-06,QQQ,,,,,,,1.44,,1,,,,,,,,,,,,0.6697,2022-09-06T15:08:00+00:00,232,685
trade,2022-09-06,AAPL,Long,2022-09-06T14:51:00+00:00,2022-09-06T15:56:00+00:00,155.7417,156.1082,1.93,0.71,0.002353,3900000,SessionClose,window:strong core,hammer,0.4447,0.3181,0.5576,0.4050,0.4866,0.3584,0.0516,0.8377,,,
summary,2022-09-06,AAPL,,,,,,,0.71,,1,,,,,,,,,,,,0.6201,2022-09-06T15:08:00+00:00,239,640
trade,2022-09-06,MSFT,Long,2022-09-06T14:52:00+00:00,2022-09-06T15:56:00+00:00,256.0268,256.3381,1.17,0.36,0.001216,3840000,SessionClose,window:strong core,hammer,0.4719,0.2079,0.5039,0.4375,0.5298,0.2026,-0.0176,0.6605,,,
summary,2022-09-06,MSFT,,,,,,,0.36,,1,,,,,,,,,,,,0.6371,2022-09-06T14:57:00+00:00,102,499
trade,2022-09-07,SPY,Long,2022-09-07T13:42:00+00:00,2022-09-07T14:13:00+00:00,392.5527,391.2376,0.76,-1.01,-0.003350,1860000,ScoreExit,window:strong core,shooting_star,0.4386,-0.0572,0.5463,0.4871,0.3056,-0.4112,-0.1544,0.2551,,,
summary,2022-09-07,SPY,,,,,,,-1.01,,1,,,,,,,,,,,,0.6720,2022-09-06T15:08:00+00:00,804,1493
trade,2022-09-07,QQQ,Long,2022-09-07T13:32:00+00:00,2022-09-07T14:11:00+00:00,294.4633,294.0967,1.02,-0.37,-0.001245,2340000,ScoreExit,window:strong core,hammer,0.4080,-0.0929,0.5153,0.4337,0.3208,-0.4157,-0.2235,0.2758,,,
summary,2022-09-07,QQQ,,,,,,,-0.37,,1,,,,,,,,,,,,0.6697,2022-09-06T15:08:00+00:00,792,1504
trade,2022-09-07,AAPL,Long,2022-09-07T13:37:00+00:00,2022-09-07T14:06:00+00:00,155.5516,155.1884,1.93,-0.70,-0.002335,1740000,ScoreExit,window:strong core,three_outside_up,0.3902,-0.1091,0.4876,0.4127,0.3125,-0.2157,-0.1852,0.0787,,,
summary,2022-09-07,AAPL,,,,,,,-0.70,,1,,,,,,,,,,,,0.6201,2022-09-06T15:08:00+00:00,760,1424
summary,2022-09-07,MSFT,,,,,,,0.00,,0,,,,,,,,,,,,0.6371,2022-09-06T14:57:00+00:00,520,1075
trade,2022-09-08,SPY,Long,2022-09-08T14:16:00+00:00,2022-09-08T15:48:00+00:00,396.5789,399.4051,0.76,2.14,0.007126,5520000,ScoreExit,window:strong core,bearish_engulfing,0.3571,-0.0782,-0.2231,0.4608,0.3430,-0.4248,-0.2143,0.3095,,,
summary,2022-09-08,SPY,,,,,,,2.14,,1,,,,,,,,,,,,0.6720,2022-09-06T15:08:00+00:00,1367,2320
trade,2022-09-08,QQQ,Long,2022-09-08T13:56:00+00:00,2022-09-08T15:46:00+00:00,299.2648,300.5748,1.00,1.31,0.004378,6600000,ScoreExit,window:candle reversal,shooting_star,0.3484,-0.0621,0.5744,0.3562,0.2577,-0.1239,-0.2404,0.3153,,,
summary,2022-09-08,QQQ,,,,,,,1.31,,1,,,,,,,,,,,,0.6697,2022-09-06T15:08:00+00:00,1364,2341
summary,2022-09-08,AAPL,,,,,,,0.00,,0,,,,,,,,,,,,0.6201,2022-09-06T15:08:00+00:00,1029,2215
trade,2022-09-08,MSFT,Long,2022-09-08T13:57:00+00:00,2022-09-08T15:38:00+00:00,257.8523,259.5871,1.16,2.02,0.006728,6060000,ScoreExit,window:candle reversal,shooting_star,0.2420,-0.0611,-0.0306,0.2802,0.2563,-0.5508,-0.1490,0.2779,,,
summary,2022-09-08,MSFT,,,,,,,2.02,,1,,,,,,,,,,,,0.6371,2022-09-06T14:57:00+00:00,863,1607
trade,2022-09-09,SPY,Long,2022-09-09T14:06:00+00:00,2022-09-09T15:19:00+00:00,405.0165,405.0135,0.74,-0.00,-0.000007,4380000,ScoreExit,window:strong core,,0.4065,-0.0558,0.5203,0.4174,0.3470,-0.5120,-0.1627,0.3102,,,
summary,2022-09-09,SPY,,,,,,,-0.00,,1,,,,,,,,,,,,0.9519,2022-09-06T14:57:00+00:00,1868,2908
trade,2022-09-09,QQQ,Long,2022-09-09T14:01:00+00:00,2022-09-09T15:56:00+00:00,305.1065,305.9331,0.98,0.81,0.002709,6900000,SessionClose,window:strong core,,0.4422,0.1041,0.5689,0.4391,0.4063,-0.1269,0.0086,0.3722,,,
summary,2022-09-09,QQQ,,,,,,,0.81,,1,,,,,,,,,,,,0.9520,2022-09-06T14:57:00+00:00,1920,2923
trade,2022-09-09,AAPL,Long,2022-09-09T14:16:00+00:00,2022-09-09T15:56:00+00:00,156.4219,156.7280,1.92,0.59,0.001957,6000000,SessionClose,window:candle reversal,shooting_star,0.3508,0.0476,0.4914,0.3452,0.3151,-0.4687,-0.0010,0.3170,,,
summary,2022-09-09,AAPL,,,,,,,0.59,,1,,,,,,,,,,,,0.9517,2022-09-06T14:57:00+00:00,1295,2804
trade,2022-09-09,MSFT,Long,2022-09-09T14:01:00+00:00,2022-09-09T15:18:00+00:00,262.5838,263.7009,1.14,1.28,0.004254,4620000,ScoreExit,window:strong core,,0.4772,-0.0765,0.5496,0.4551,0.4974,-0.5586,-0.2343,0.3997,,,
summary,2022-09-09,MSFT,,,,,,,1.28,,1,,,,,,,,,,,,0.9511,2022-09-06T14:57:00+00:00,1322,2102
trade,2022-09-12,SPY,Long,2022-09-12T13:51:00+00:00,2022-09-12T15:01:00+00:00,410.0280,410.4518,0.73,0.31,0.001034,4200000,ScoreExit,window:strong core,,0.4613,-0.0546,0.5314,0.4200,0.5203,-0.2947,-0.2586,0.4335,,,
summary,2022-09-12,SPY,,,,,,,0.31,,1,,,,,,,,,,,,0.9016,2022-09-09T14:43:00+00:00,928,1150
summary,2022-09-12,QQQ,,,,,,,0.00,,0,,,,,,,,,,,,0.9547,2022-09-09T14:41:00+00:00,1020,1172
summary,2022-09-12,AAPL,,,,,,,0.00,,0,,,,,,,,,,,,0.9551,2022-09-09T14:42:00+00:00,1086,1139
trade,2022-09-12,MSFT,Long,2022-09-12T13:56:00+00:00,2022-09-12T15:06:00+00:00,266.8450,266.1051,1.12,-0.83,-0.002773,4200000,ScoreExit,window:strong core,,0.4841,-0.0908,0.5885,0.4381,0.5413,-0.5382,-0.2991,0.4749,,,
summary,2022-09-12,MSFT,,,,,,,-0.83,,1,,,,,,,,,,,,0.9561,2022-09-09T14:40:00+00:00,736,906
summary,2022-09-13,SPY,,,,,,,0.00,,0,,,,,,,,,,,,0.7478,2022-09-12T09:19:00+00:00,636,1482
summary,2022-09-13,QQQ,,,,,,,0.00,,0,,,,,,,,,,,,0.7871,2022-09-12T09:19:00+00:00,729,1527
summary,2022-09-13,AAPL,,,,,,,0.00,,0,,,,,,,,,,,,0.8334,2022-09-12T09:21:00+00:00,962,1510
summary,2022-09-13,MSFT,,,,,,,0.00,,0,,,,,,,,,,,,0.7304,2022-09-12T08:39:00+00:00,360,1065
summary,2022-09-14,SPY,,,,,,,0.00,,0,,,,,,,,,,,,0.7478,2022-09-12T09:19:00+00:00,636,2404
summary,2022-09-14,QQQ,,,,,,,0.00,,0,,,,,,,,,,,,0.7871,2022-09-12T09:19:00+00:00,729,2435
summary,2022-09-14,AAPL,,,,,,,0.00,,0,,,,,,,,,,,,0.8334,2022-09-12T09:21:00+00:00,1015,2373
summary,2022-09-14,MSFT,,,,,,,0.00,,0,,,,,,,,,,,,0.7304,2022-09-12T08:39:00+00:00,360,1714
summary,2022-09-15,SPY,,,,,,,0.00,,0,,,,,,,,,,,,0.7038,2022-09-12T14:25:00+00:00,554,3020
summary,2022-09-15,QQQ,,,,,,,0.00,,0,,,,,,,,,,,,0.8282,2022-09-12T14:00:00+00:00,635,2984
summary,2022-09-15,AAPL,,,,,,,0.00,,0,,,,,,,,,,,,0.8965,2022-09-12T13:57:00+00:00,833,2926
summary,2022-09-15,MSFT,,,,,,,0.00,,0,,,,,,,,,,,,0.8936,2022-09-12T13:56:00+00:00,333,2208
summary,2022-09-16,SPY,,,,,,,0.00,,0,,,,,,,,,,,,0.3963,2022-09-14T20:02:00+00:00,464,3080
summary,2022-09-16,QQQ,,,,,,,0.00,,0,,,,,,,,,,,,0.5025,2022-09-13T13:31:00+00:00,364,3046
summary,2022-09-16,AAPL,,,,,,,0.00,,0,,,,,,,,,,,,0.4635,2022-09-14T13:59:00+00:00,433,2940
summary,2022-09-16,MSFT,,,,,,,0.00,,0,,,,,,,,,,,,0.4923,2022-09-13T13:31:00+00:00,136,2307
summary,2022-09-19,SPY,,,,,,,0.00,,0,,,,,,,,,,,,0.8899,2022-09-16T14:36:00+00:00,595,1199
trade,2022-09-19,QQQ,Long,2022-09-19T13:52:00+00:00,2022-09-19T15:22:00+00:00,288.3715,288.6884,1.04,0.33,0.001099,5400000,ScoreExit,window:strong core,bullish_engulfing,0.3892,-0.0524,0.5017,0.4116,0.3071,-0.5464,-0.1715,0.3504,,,
summary,2022-09-19,QQQ,,,,,,,0.33,,1,,,,,,,,,,,,0.8951,2022-09-16T14:34:00+00:00,553,1167
trade,2022-09-19,AAPL,Long,2022-09-19T13:51:00+00:00,2022-09-19T15:52:00+00:00,150.3446,152.2993,2.00,3.90,0.013002,7260000,MaxHoldTimeout,window:strong core,hammer,0.4266,0.1434,0.5740,0.4215,0.3879,-0.0148,-0.0722,0.6274,,,
summary,2022-09-19,AAPL,,,,,,,3.90,,1,,,,,,,,,,,,0.6127,2022-09-16T18:53:00+00:00,601,1114
trade,2022-09-19,MSFT,Long,2022-09-19T14:43:00+00:00,2022-09-19T14:51:00+00:00,244.2883,243.6719,1.23,-0.76,-0.002523,480000,ScoreExit,window:candle reversal,shooting_star,0.2649,-0.0526,0.2151,0.2889,0.2335,-0.5078,-0.0600,0.1139,,,
summary,2022-09-19,MSFT,,,,,,,-0.76,,1,,,,,,,,,,,,0.6359,2022-09-16T19:08:00+00:00,313,956
summary,2022-09-20,SPY,,,,,,,0.00,,0,,,,,,,,,,,,0.5925,2022-09-19T14:40:00+00:00,813,1559
summary,2022-09-20,QQQ,,,,,,,0.00,,0,,,,,,,,,,,,0.5877,2022-09-19T14:41:00+00:00,972,1544
trade,2022-09-20,AAPL,Long,2022-09-20T13:31:00+00:00,2022-09-20T15:56:00+00:00,153.5110,157.3467,1.96,7.50,0.024986,8700000,SessionClose,window:candle reversal,bearish_engulfing,0.4322,0.5498,0.3615,0.3942,0.5318,0.5762,0.4144,0.8119,,,
summary,2022-09-20,AAPL,,,,,,,7.50,,1,,,,,,,,,,,,0.6443,2022-09-19T13:58:00+00:00,1206,1455
summary,2022-09-20,MSFT,,,,,,,0.00,,0,,,,,,,,,,,,0.5625,2022-09-19T14:13:00+00:00,560,1118
summary,2022-09-21,SPY,,,,,,,0.00,,0,,,,,,,,,,,,0.5925,2022-09-19T14:40:00+00:00,1116,2420
summary,2022-09-21,QQQ,,,,,,,0.00,,0,,,,,,,,,,,,0.5877,2022-09-19T14:41:00+00:00,1463,2401
summary,2022-09-21,AAPL,,,,,,,0.00,,0,,,,,,,,,,,,0.6443,2022-09-19T13:58:00+00:00,1789,2267
summary,2022-09-21,MSFT,,,,,,,0.00,,0,,,,,,,,,,,,0.5625,2022-09-19T14:13:00+00:00,962,1711
summary,2022-09-22,SPY,,,,,,,0.00,,0,,,,,,,,,,,,0.9561,2022-09-19T14:40:00+00:00,1123,3051
summary,2022-09-22,QQQ,,,,,,,0.00,,0,,,,,,,,,,,,0.9554,2022-09-19T14:41:00+00:00,1359,3036
summary,2022-09-22,AAPL,,,,,,,0.00,,0,,,,,,,,,,,,0.9570,2022-09-19T14:43:00+00:00,1689,2906
summary,2022-09-22,MSFT,,,,,,,0.00,,0,,,,,,,,,,,,0.9207,2022-09-19T14:40:00+00:00,910,2291
summary,2022-09-23,SPY,,,,,,,0.00,,0,,,,,,,,,,,,0.5837,2022-09-20T16:04:00+00:00,758,3088
summary,2022-09-23,QQQ,,,,,,,0.00,,0,,,,,,,,,,,,0.7826,2022-09-20T14:59:00+00:00,823,3091
summary,2022-09-23,AAPL,,,,,,,0.00,,0,,,,,,,,,,,,0.9530,2022-09-20T14:49:00+00:00,987,2929
summary,2022-09-23,MSFT,,,,,,,0.00,,0,,,,,,,,,,,,0.8869,2022-09-20T13:46:00+00:00,805,2357
trade,2022-09-26,SPY,Long,2022-09-26T13:51:00+00:00,2022-09-26T14:49:00+00:00,368.4355,367.7946,0.81,-0.52,-0.001739,3480000,ScoreExit,window:candle reversal,shooting_star,0.3075,-0.0709,0.4673,0.2215,0.4262,-0.5485,-0.1965,0.3395,,,
summary,2022-09-26,SPY,,,,,,,-0.52,,1,,,,,,,,,,,,0.5604,2022-09-23T19:44:00+00:00,318,1199
summary,2022-09-26,QQQ,,,,,,,0.00,,0,,,,,,,,,,,,0.5799,2022-09-26T13:59:00+00:00,494,1200
trade,2022-09-26,AAPL,Long,2022-09-26T13:36:00+00:00,2022-09-26T15:06:00+00:00,151.1410,152.2493,1.99,2.20,0.007333,5400000,ScoreExit,window:strong core,three_outside_up,0.5913,-0.0607,0.5998,0.4872,0.7964,-0.5142,-0.3258,0.6205,,,
summary,2022-09-26,AAPL,,,,,,,2.20,,1,,,,,,,,,,,,0.6383,2022-09-26T13:59:00+00:00,580,1127
trade,2022-09-26,MSFT,Long,2022-09-26T13:31:00+00:00,2022-09-26T15:06:00+00:00,237.8063,239.7730,1.26,2.48,0.008270,5700000,ScoreExit,window:candle reversal,three_outside_down,0.3130,-0.0742,0.4541,0.3044,0.2833,-0.5262,-0.3501,0.6282,,,
summary,2022-09-26,MSFT,,,,,,,2.48,,1,,,,,,,,,,,,0.9358,2022-09-23T14:53:00+00:00,364,952
trade,2022-09-27,SPY,Long,2022-09-27T13:41:00+00:00,2022-09-27T14:01:00+00:00,370.4861,367.1848,0.81,-2.67,-0.008911,1200000,ScoreExit,window:candle reversal,shooting_star,0.3431,-0.1630,0.5964,0.2298,0.4854,-0.5370,-0.3825,0.4006,,,
trade,2022-09-27,SPY,Long,2022-09-27T14:51:00+00:00,2022-09-27T15:16:00+00:00,368.5755,367.0449,0.81,-1.25,-0.004153,1500000,ScoreExit,window:candle reversal,bearish_engulfing,0.2336,-0.1054,-0.0453,0.1630,0.4677,-0.5473,-0.1405,0.1123,,,
summary,2022-09-27,SPY,,,,,,,-3.92,,2,,,,,,,,,,,,0.6343,2022-09-26T14:16:00+00:00,601,1595
summary,2022-09-27,QQQ,,,,,,,0.00,,0,,,,,,,,,,,,0.6738,2022-09-26T14:16:00+00:00,644,1620
trade,2022-09-27,AAPL,Long,2022-09-27T13:31:00+00:00,2022-09-27T14:29:00+00:00,152.9409,152.8791,1.96,-0.12,-0.000404,3480000,ScoreExit,window:strong core,bullish_engulfing,0.4758,-0.0509,0.2710,0.4129,0.6701,-0.4857,-0.2976,0.5875,,,
trade,2022-09-27,AAPL,Long,2022-09-27T14:46:00+00:00,2022-09-27T15:01:00+00:00,153.5511,153.3790,1.95,-0.34,-0.001121,900000,ScoreExit,window:candle reversal,shooting_star,0.2477,-0.0603,0.4769,0.0396,0.5875,-0.2228,-0.2167,0.3066,,,
summary,2022-09-27,AAPL,,,,,,,-0.46,,2,,,,,,,,,,,,0.7309,2022-09-26T14:16:00+00:00,652,1455
trade,2022-09-27,MSFT,Long,2022-09-27T13:36:00+00:00,2022-09-27T14:01:00+00:00,241.0023,238.8833,1.25,-2.64,-0.008792,1500000,ScoreExit,window:strong core,evening_star,0.4364,-0.1775,0.5416,0.4011,0.4720,-0.5291,-0.3546,0.2937,,,
summary,2022-09-27,MSFT,,,,,,,-2.64,,1,,,,,,,,,,,,0.7692,2022-09-26T08:30:00+00:00,449,1166
trade,2022-09-28,SPY,Long,2022-09-28T14:30:00+00:00,2022-09-28T15:56:00+00:00,366.5449,368.1646,0.82,1.32,0.004419,5160000,SessionClose,window:strong core,hammer,0.4265,0.3571,0.5853,0.4578,0.3109,0.5380,0.2902,0.4304,,,
summary,2022-09-28,SPY,,,,,,,1.32,,1,,,,,,,,,,,,0.6343,2022-09-26T14:16:00+00:00,976,2519
trade,2022-09-28,QQQ,Long,2022-09-28T14:29:00+00:00,2022-09-28T15:56:00+00:00,276.0978,277.8016,1.09,1.85,0.006171,5220000,SessionClose,window:strong core,,0.4394,0.4101,0.5729,0.4813,0.3111,0.5532,0.3543,0.4739,,,
summary,2022-09-28,QQQ,,,,,,,1.85,,1,,,,,,,,,,,,0.6738,2022-09-26T14:16:00+00:00,1135,2552
summary,2022-09-28,AAPL,,,,,,,0.00,,0,,,,,,,,,,,,0.7309,2022-09-26T14:16:00+00:00,876,2355
trade,2022-09-28,MSFT,Long,2022-09-28T14:30:00+00:00,2022-09-28T15:36:00+00:00,238.4265,238.0736,1.26,-0.44,-0.001480,3960000,ScoreExit,window:strong core,bearish_engulfing,0.4781,-0.0519,0.5809,0.5282,0.3437,-0.4793,-0.1967,0.3802,,,
summary,2022-09-28,MSFT,,,,,,,-0.44,,1,,,,,,,,,,,,0.7692,2022-09-26T08:30:00+00:00,777,1851
summary,2022-09-29,SPY,,,,,,,0.00,,0,,,,,,,,,,,,0.9023,2022-09-26T14:16:00+00:00,1260,3126
summary,2022-09-29,QQQ,,,,,,,0.00,,0,,,,,,,,,,,,0.8972,2022-09-26T14:16:00+00:00,1339,3149
summary,2022-09-29,AAPL,,,,,,,0.00,,0,,,,,,,,,,,,1.0000,2022-09-26T13:36:00+00:00,829,3010
summary,2022-09-29,MSFT,,,,,,,0.00,,0,,,,,,,,,,,,1.0000,2022-09-26T13:33:00+00:00,786,2303
summary,2022-09-30,SPY,,,,,,,0.00,,0,,,,,,,,,,,,0.8942,2022-09-27T13:40:00+00:00,932,3139
summary,2022-09-30,QQQ,,,,,,,0.00,,0,,,,,,,,,,,,0.9355,2022-09-27T13:40:00+00:00,905,3144
summary,2022-09-30,AAPL,,,,,,,0.00,,0,,,,,,,,,,,,1.0000,2022-09-27T13:33:00+00:00,383,3075
summary,2022-09-30,MSFT,,,,,,,0.00,,0,,,,,,,,,,,,1.0000,2022-09-27T13:37:00+00:00,847,2311
trade,2022-10-03,SPY,Long,2022-10-03T14:21:00+00:00,2022-10-03T15:41:00+00:00,363.7241,363.8958,0.82,0.14,0.000472,4800000,ScoreExit,window:strong core,three_outside_up,0.5395,-0.0525,0.4097,0.4862,0.6894,-0.5428,-0.2939,0.5939,,,
summary,2022-10-03,SPY,,,,,,,0.14,,1,,,,,,,,,,,,0.9490,2022-09-30T15:04:00+00:00,575,1198
trade,2022-10-03,QQQ,Long,2022-10-03T14:22:00+00:00,2022-10-03T15:38:00+00:00,270.5935,270.8437,1.11,0.28,0.000925,4560000,ScoreExit,window:strong core,three_outside_up,0.4004,-0.0591,0.3513,0.4407,0.3363,-0.5721,-0.1950,0.3837,,,
summary,2022-10-03,QQQ,,,,,,,0.28,,1,,,,,,,,,,,,0.9531,2022-09-30T14:59:00+00:00,446,1190
trade,2022-10-03,AAPL,Long,2022-10-03T14:06:00+00:00,2022-10-03T15:36:00+00:00,139.9527,140.4628,2.14,1.09,0.003645,5400000,ScoreExit,window:strong core,hammer,0.4691,-0.0527,0.4614,0.4774,0.4553,-0.5659,-0.3202,0.6534,,,
summary,2022-10-03,AAPL,,,,,,,1.09,,1,,,,,,,,,,,,1.0000,2022-09-30T13:33:00+00:00,443,1177
trade,2022-10-03,MSFT,Long,2022-10-03T14:41:00+00:00,2022-10-03T15:56:00+00:00,237.5863,237.2688,1.26,-0.40,-0.001336,4500000,SessionClose,window:strong core,bullish_engulfing,0.4933,0.1571,0.2820,0.4036,0.7431,0.2666,-0.1215,0.6780,,,
summary,2022-10-03,MSFT,,,,,,,-0.40,,1,,,,,,,,,,,,0.9887,2022-09-30T13:33:00+00:00,541,1003
trade,2022-10-04,SPY,Long,2022-10-04T13:36:00+00:00,2022-10-04T15:41:00+00:00,373.7771,376.8519,0.80,2.47,0.008226,7500000,MaxHoldTimeout,window:strong core,hammer,0.5472,0.0796,0.5311,0.4577,0.7317,-0.3523,-0.1509,0.6847,,,
summary,2022-10-04,SPY,,,,,,,2.47,,1,,,,,,,,,,,,0.7561,2022-10-03T09:32:00+00:00,1408,1613
trade,2022-10-04,QQQ,Long,2022-10-04T13:31:00+00:00,2022-10-04T15:32:00+00:00,279.3038,282.4502,1.07,3.38,0.011265,7260000,MaxHoldTimeout,window:strong core,,0.4963,0.1377,0.3581,0.4042,0.7266,0.4934,-0.2061,0.7067,,,
summary,2022-10-04,QQQ,,,,,,,3.38,,1,,,,,,,,,,,,0.8182,2022-10-03T09:34:00+00:00,1408,1601
summary,2022-10-04,AAPL,,,,,,,0.00,,0,,,,,,,,,,,,0.8897,2022-10-03T09:31:00+00:00,1364,1519
trade,2022-10-04,MSFT,Long,2022-10-04T13:36:00+00:00,2022-10-04T15:37:00+00:00,245.5786,248.8303,1.22,3.97,0.013241,7260000,MaxHoldTimeout,window:strong core,hammer,0.4980,-0.0068,0.0366,0.4436,0.7607,-0.3307,-0.3212,0.7302,,,
summary,2022-10-04,MSFT,,,,,,,3.97,,1,,,,,,,,,,,,0.7035,2022-10-03T08:21:00+00:00,1052,1185
summary,2022-10-05,SPY,,,,,,,0.00,,0,,,,,,,,,,,,0.7561,2022-10-03T09:32:00+00:00,2015,2506
summary,2022-10-05,QQQ,,,,,,,0.00,,0,,,,,,,,,,,,0.8182,2022-10-03T09:34:00+00:00,1970,2480
summary,2022-10-05,AAPL,,,,,,,0.00,,0,,,,,,,,,,,,0.8897,2022-10-03T09:31:00+00:00,1954,2313
summary,2022-10-05,MSFT,,,,,,,0.00,,0,,,,,,,,,,,,0.7035,2022-10-03T08:21:00+00:00,1458,1772
trade,2022-10-06,SPY,Long,2022-10-06T13:51:00+00:00,2022-10-06T13:56:00+00:00,377.5382,377.0419,0.80,-0.39,-0.001315,300000,ScoreExit,window:candle reversal,bearish_engulfing,0.2437,-0.0587,-0.1110,0.3166,0.2161,-0.4306,-0.1340,0.2161,,,
summary,2022-10-06,SPY,,,,,,,-0.39,,1,,,,,,,,,,,,0.9575,2022-10-03T14:47:00+00:00,2280,3101
summary,2022-10-06,QQQ,,,,,,,0.00,,0,,,,,,,,,,,,0.9567,2022-10-03T14:47:00+00:00,2258,3075
trade,2022-10-06,AAPL,Long,2022-10-06T13:46:00+00:00,2022-10-06T14:01:00+00:00,147.0491,146.3061,2.04,-1.52,-0.005053,900000,ScoreExit,window:candle reversal,shooting_star,0.2868,-0.0512,0.1152,0.2680,0.3815,-0.5889,-0.1724,0.3706,,,
summary,2022-10-06,AAPL,,,,,,,-1.52,,1,,,,,,,,,,,,1.0000,2022-10-03T13:36:00+00:00,2270,2844
summary,2022-10-06,MSFT,,,,,,,0.00,,0,,,,,,,,,,,,0.9562,2022-10-03T14:46:00+00:00,1693,2241
summary,2022-10-07,SPY,,,,,,,0.00,,0,,,,,,,,,,,,0.9427,2022-10-04T14:58:00+00:00,915,3026
summary,2022-10-07,QQQ,,,,,,,0.00,,0,,,,,,,,,,,,0.9558,2022-10-04T14:58:00+00:00,1030,3015
summary,2022-10-07,AAPL,,,,,,,0.00,,0,,,,,,,,,,,,0.8969,2022-10-04T14:01:00+00:00,1182,2748
summary,2022-10-07,MSFT,,,,,,,0.00,,0,,,,,,,,,,,,0.9019,2022-10-04T14:01:00+00:00,724,2223
summary,2022-10-10,SPY,,,,,,,0.00,,0,,,,,,,,,,,,0.4297,2022-10-10T17:54:00+00:00,77,1168
summary,2022-10-10,QQQ,,,,,,,0.00,,0,,,,,,,,,,,,0.3159,2022-10-10T12:59:00+00:00,10,1186
summary,2022-10-10,AAPL,,,,,,,0.00,,0,,,,,,,,,,,,0.6053,2022-10-07T13:39:00+00:00,242,1143
summary,2022-10-10,MSFT,,,,,,,0.00,,0,,,,,,,,,,,,0.4577,2022-10-07T13:36:00+00:00,57,978
summary,2022-10-11,SPY,,,,,,,0.00,,0,,,,,,,,,,,,0.7702,2022-10-10T09:30:00+00:00,620,1559
summary,2022-10-11,QQQ,,,,,,,0.00,,0,,,,,,,,,,,,0.7656,2022-10-10T09:30:00+00:00,617,1589
summary,2022-10-11,AAPL,,,,,,,0.00,,0,,,,,,,,,,,,0.8075,2022-10-10T09:34:00+00:00,859,1437
summary,2022-10-11,MSFT,,,,,,,0.00,,0,,,,,,,,,,,,0.9046,2022-10-10T09:47:00+00:00,312,1127
summary,2022-10-12,SPY,,,,,,,0.00,,0,,,,,,,,,,,,0.7702,2022-10-10T09:30:00+00:00,807,2450
summary,2022-10-12,QQQ,,,,,,,0.00,,0,,,,,,,,,,,,0.7656,2022-10-10T09:30:00+00:00,793,2473
summary,2022-10-12,AAPL,,,,,,,0.00,,0,,,,,,,,,,,,0.8075,2022-10-10T09:34:00+00:00,1054,2220
summary,2022-10-12,MSFT,,,,,,,0.00,,0,,,,,,,,,,,,0.9046,2022-10-10T09:47:00+00:00,339,1744
summary,2022-10-13,SPY,,,,,,,0.00,,0,,,,,,,,,,,,0.8291,2022-10-13T15:38:00+00:00,844,3038
summary,2022-10-13,QQQ,,,,,,,0.00,,0,,,,,,,,,,,,0.8218,2022-10-13T15:38:00+00:00,899,3013
summary,2022-10-13,AAPL,,,,,,,0.00,,0,,,,,,,,,,,,0.8836,2022-10-10T14:27:00+00:00,1171,2710
trade,2022-10-13,MSFT,Long,2022-10-13T14:04:00+00:00,2022-10-13T15:56:00+00:00,223.2219,233.1950,1.34,13.41,0.044678,6720000,SessionClose,window:5m thrust,shooting_star,0.4459,0.5514,0.3693,0.6555,0.0523,-0.0156,0.5842,0.6748,,,
summary,2022-10-13,MSFT,,,,,,,13.41,,1,,,,,,,,,,,,0.7687,2022-10-13T15:40:00+00:00,539,2184
summary,2022-10-14,SPY,,,,,,,0.00,,0,,,,,,,,,,,,0.9592,2022-10-11T15:03:00+00:00,1619,3052
summary,2022-10-14,QQQ,,,,,,,0.00,,0,,,,,,,,,,,,0.9431,2022-10-11T15:03:00+00:00,1568,3020
summary,2022-10-14,AAPL,,,,,,,0.00,,0,,,,,,,,,,,,0.8984,2022-10-11T15:04:00+00:00,1228,2769
summary,2022-10-14,MSFT,,,,,,,0.00,,0,,,,,,,,,,,,0.7698,2022-10-13T15:40:00+00:00,1219,2196
summary,2022-10-17,SPY,,,,,,,0.00,,0,,,,,,,,,,,,0.8443,2022-10-14T13:39:00+00:00,611,1172
summary,2022-10-17,QQQ,,,,,,,0.00,,0,,,,,,,,,,,,0.6362,2022-10-14T13:39:00+00:00,546,1171
summary,2022-10-17,AAPL,,,,,,,0.00,,0,,,,,,,,,,,,0.5560,2022-10-17T13:04:00+00:00,588,1130
summary,2022-10-17,MSFT,,,,,,,0.00,,0,,,,,,,,,,,,0.7713,2022-10-17T13:49:00+00:00,500,972
summary,2022-10-18,SPY,,,,,,,0.00,,0,,,,,,,,,,,,0.6933,2022-10-17T13:36:00+00:00,1221,1614
summary,2022-10-18,QQQ,,,,,,,0.00,,0,,,,,,,,,,,,0.7558,2022-10-17T09:30:00+00:00,1285,1615
trade,2022-10-18,AAPL,Long,2022-10-18T13:31:00+00:00,2022-10-18T14:37:00+00:00,146.1388,145.0965,2.05,-2.14,-0.007133,3960000,ScoreExit,window:strong core,three_outside_up,0.5116,-0.0896,0.4970,0.4130,0.7135,-0.5057,-0.3735,0.6167,,,
summary,2022-10-18,AAPL,,,,,,,-2.14,,1,,,,,,,,,,,,0.6130,2022-10-17T13:04:00+00:00,1176,1489
summary,2022-10-18,MSFT,,,,,,,0.00,,0,,,,,,,,,,,,0.8086,2022-10-17T13:49:00+00:00,776,1194
summary,2022-10-19,SPY,,,,,,,0.00,,0,,,,,,,,,,,,0.6933,2022-10-17T13:36:00+00:00,1589,2539
trade,2022-10-19,QQQ,Long,2022-10-19T14:26:00+00:00,2022-10-19T14:51:00+00:00,273.0714,272.0334,1.10,-1.14,-0.003801,1500000,ScoreExit,window:5m thrust,,0.3788,-0.0878,0.3599,0.5180,0.1068,-0.4843,-0.1185,0.1057,,,
summary,2022-10-19,QQQ,,,,,,,-1.14,,1,,,,,,,,,,,,0.7558,2022-10-17T09:30:00+00:00,1645,2552
trade,2022-10-19,AAPL,Long,2022-10-19T13:32:00+00:00,2022-10-19T14:52:00+00:00,143.3380,143.8318,2.09,1.03,0.003445,4800000,ScoreExit,window:strong core,bullish_engulfing,0.4721,-0.0556,0.6214,0.5303,0.3059,-0.4880,-0.1961,0.3696,,,
summary,2022-10-19,AAPL,,,,,,,1.03,,1,,,,,,,,,,,,0.6130,2022-10-17T13:04:00+00:00,1696,2387
summary,2022-10-19,MSFT,,,,,,,0.00,,0,,,,,,,,,,,,0.8086,2022-10-17T13:49:00+00:00,941,1875
trade,2022-10-20,SPY,Long,2022-10-20T14:01:00+00:00,2022-10-20T15:16:00+00:00,369.7959,371.2836,0.81,1.21,0.004023,4500000,ScoreExit,window:candle reversal,shooting_star,0.3984,-0.0962,0.3665,0.4811,0.2436,-0.4583,-0.2032,0.2383,,,
summary,2022-10-20,SPY,,,,,,,1.21,,1,,,,,,,,,,,,0.9027,2022-10-17T13:40:00+00:00,1600,3144
trade,2022-10-20,QQQ,Long,2022-10-20T13:56:00+00:00,2022-10-20T15:27:00+00:00,272.1366,273.6929,1.10,1.72,0.005719,5460000,ScoreExit,window:candle reversal,shooting_star,0.3352,-0.0759,0.2916,0.3688,0.2827,-0.4314,-0.2318,0.3545,,,
summary,2022-10-20,QQQ,,,,,,,1.72,,1,,,,,,,,,,,,1.0000,2022-10-17T13:40:00+00:00,1631,3143
trade,2022-10-20,AAPL,Long,2022-10-20T13:31:00+00:00,2022-10-20T15:56:00+00:00,144.2583,145.5613,2.08,2.71,0.009033,8700000,MaxHoldTimeout,window:strong core,three_outside_up,0.4100,0.0048,0.6140,0.4106,0.3409,-0.2603,-0.1439,0.3906,,,
summary,2022-10-20,AAPL,,,,,,,2.71,,1,,,,,,,,,,,,1.0000,2022-10-17T13:41:00+00:00,1901,2925
trade,2022-10-20,MSFT,Long,2022-10-20T13:46:00+00:00,2022-10-20T15:16:00+00:00,238.2164,239.5181,1.26,1.64,0.005464,5400000,ScoreExit,window:strong core,three_outside_up,0.4400,-0.0714,0.6020,0.4795,0.3069,-0.4637,-0.2604,0.4374,,,
summary,2022-10-20,MSFT,,,,,,,1.64,,1,,,,,,,,,,,,1.0000,2022-10-17T13:40:00+00:00,1009,2337
summary,2022-10-21,SPY,,,,,,,0.00,,0,,,,,,,,,,,,0.6629,2022-10-18T20:18:00+00:00,910,3086
summary,2022-10-21,QQQ,,,,,,,0.00,,0,,,,,,,,,,,,0.7251,2022-10-18T20:19:00+00:00,909,3101
summary,2022-10-21,AAPL,,,,,,,0.00,,0,,,,,,,,,,,,0.6683,2022-10-18T13:32:00+00:00,1301,2853
summary,2022-10-21,MSFT,,,,,,,0.00,,0,,,,,,,,,,,,0.7119,2022-10-18T20:03:00+00:00,695,2271
summary,2022-10-24,SPY,,,,,,,0.00,,0,,,,,,,,,,,,0.9441,2022-10-21T13:46:00+00:00,1056,1205
trade,2022-10-24,QQQ,Long,2022-10-24T14:56:00+00:00,2022-10-24T15:56:00+00:00,274.7574,276.7719,1.09,2.20,0.007332,3600000,SessionClose,window:strong core,three_outside_up,0.4271,0.5040,0.1611,0.4030,0.5639,0.5602,0.4274,0.6383,,,
summary,2022-10-24,QQQ,,,,,,,2.20,,1,,,,,,,,,,,,0.9431,2022-10-21T13:46:00+00:00,1049,1200
trade,2022-10-24,AAPL,Long,2022-10-24T13:46:00+00:00,2022-10-24T14:21:00+00:00,148.0494,146.2211,2.03,-3.71,-0.012349,2100000,ScoreExit,window:candle reversal,shooting_star,0.2506,-0.0911,0.5178,-0.0126,0.6879,-0.5400,-0.3040,0.4843,,,
summary,2022-10-24,AAPL,,,,,,,-3.71,,1,,,,,,,,,,,,0.9423,2022-10-21T13:46:00+00:00,1050,1161
trade,2022-10-24,MSFT,Long,2022-10-24T13:56:00+00:00,2022-10-24T14:06:00+00:00,245.3586,242.8321,1.22,-3.09,-0.010297,600000,ScoreExit,window:candle reversal,bearish_engulfing,0.3227,-0.0545,0.2763,0.1621,0.6595,-0.5894,-0.3118,0.6384,,,
summary,2022-10-24,MSFT,,,,,,,-3.09,,1,,,,,,,,,,,,0.9294,2022-10-21T13:46:00+00:00,968,1033
trade,2022-10-25,SPY,Long,2022-10-25T13:31:00+00:00,2022-10-25T15:56:00+00:00,379.4688,383.7198,0.79,3.36,0.011203,8700000,SessionClose,window:strong core,hammer,0.5092,0.1866,0.4537,0.4556,0.6349,0.3000,-0.0466,0.6153,,,
summary,2022-10-25,SPY,,,,,,,3.36,,1,,,,,,,,,,,,0.6378,2022-10-24T10:19:00+00:00,1210,1594
summary,2022-10-25,QQQ,,,,,,,0.00,,0,,,,,,,,,,,,0.6447,2022-10-24T10:19:00+00:00,1242,1574
summary,2022-10-25,AAPL,,,,,,,0.00,,0,,,,,,,,,,,,0.6566,2022-10-24T10:33:00+00:00,1173,1467
trade,2022-10-25,MSFT,Long,2022-10-25T14:51:00+00:00,2022-10-25T15:56:00+00:00,249.5919,249.9050,1.20,0.38,0.001255,3900000,SessionClose,window:candle reversal,shooting_star,0.3173,0.2864,0.5691,0.1706,0.5268,0.4764,0.0910,0.6141,,,
summary,2022-10-25,MSFT,,,,,,,0.38,,1,,,,,,,,,,,,0.9600,2022-10-24T09:55:00+00:00,1040,1230
trade,2022-10-26,SPY,Long,2022-10-26T14:02:00+00:00,2022-10-26T15:56:00+00:00,382.8998,386.4140,0.78,2.76,0.009178,6840000,SessionClose,window:candle reversal,shooting_star,0.2009,0.0718,0.1383,0.1433,0.3372,-0.5563,0.0032,0.4184,,,
summary,2022-10-26,SPY,,,,,,,2.76,,1,,,,,,,,,,,,0.6378,2022-10-24T10:19:00+00:00,1700,2516
trade,2022-10-26,QQQ,Long,2022-10-26T14:18:00+00:00,2022-10-26T15:56:00+00:00,280.2090,282.7901,1.07,2.77,0.009211,5880000,SessionClose,window:strong core,,0.3813,0.0659,0.2301,0.4442,0.3060,-0.5273,-0.0344,0.4643,,,
summary,2022-10-26,QQQ,,,,,,,2.77,,1,,,,,,,,,,,,0.6447,2022-10-24T10:19:00+00:00,1594,2507
trade,2022-10-26,AAPL,Long,2022-10-26T14:43:00+00:00,2022-10-26T15:56:00+00:00,150.6852,151.3996,1.99,1.42,0.004741,4380000,SessionClose,window:candle reversal,shooting_star,0.2057,0.1700,0.2139,0.1934,0.2276,-0.2006,0.1405,0.3525,,,
summary,2022-10-26,AAPL,,,,,,,1.42,,1,,,,,,,,,,,,0.6566,2022-10-24T10:33:00+00:00,1616,2360
summary,2022-10-26,MSFT,,,,,,,0.00,,0,,,,,,,,,,,,0.9600,2022-10-24T09:55:00+00:00,1042,2162
summary,2022-10-27,SPY,,,,,,,0.00,,0,,,,,,,,,,,,0.9386,2022-10-24T13:45:00+00:00,1860,3109
summary,2022-10-27,QQQ,,,,,,,0.00,,0,,,,,,,,,,,,0.9241,2022-10-24T13:45:00+00:00,1434,3122
summary,2022-10-27,AAPL,,,,,,,0.00,,0,,,,,,,,,,,,0.9182,2022-10-24T13:45:00+00:00,1509,2952
summary,2022-10-27,MSFT,,,,,,,0.00,,0,,,,,,,,,,,,1.0000,2022-10-24T13:37:00+00:00,911,2786
trade,2022-10-28,SPY,Long,2022-10-28T13:38:00+00:00,2022-10-28T15:54:00+00:00,381.8195,385.7892,0.79,3.12,0.010397,8160000,MaxHoldTimeout,window:5m thrust,three_outside_up,0.4246,0.1112,0.3337,0.5450,0.2140,-0.2267,-0.0227,0.4916,,,
summary,2022-10-28,SPY,,,,,,,3.12,,1,,,,,,,,,,,,0.8946,2022-10-25T13:55:00+00:00,1308,3103
trade,2022-10-28,QQQ,Long,2022-10-28T13:38:00+00:00,2022-10-28T15:49:00+00:00,274.4673,278.6414,1.09,4.57,0.015208,7860000,MaxHoldTimeout,window:5m thrust,,0.4808,0.1446,0.4635,0.6582,0.1318,0.1646,-0.0135,0.4540,,,
summary,2022-10-28,QQQ,,,,,,,4.57,,1,,,,,,,,,,,,0.9037,2022-10-25T13:49:00+00:00,889,3172
summary,2022-10-28,AAPL,,,,,,,0.00,,0,,,,,,,,,,,,0.8977,2022-10-25T13:52:00+00:00,1004,3079
trade,2022-10-28,MSFT,Long,2022-10-28T13:39:00+00:00,2022-10-28T15:26:00+00:00,228.9137,233.0551,1.31,5.43,0.018092,6420000,ScoreExit,window:5m thrust,three_outside_up,0.4245,-0.0823,0.3614,0.5469,0.2007,-0.5577,-0.2264,0.3642,,,
summary,2022-10-28,MSFT,,,,,,,5.43,,1,,,,,,,,,,,,0.9034,2022-10-25T13:55:00+00:00,939,2927
summary,2022-10-31,SPY,,,,,,,0.00,,0,,,,,,,,,,,,0.9573,2022-10-28T14:46:00+00:00,836,1196
summary,2022-10-31,QQQ,,,,,,,0.00,,0,,,,,,,,,,,,1.0000,2022-10-28T13:40:00+00:00,864,1179
summary,2022-10-31,AAPL,,,,,,,0.00,,0,,,,,,,,,,,,1.0000,2022-10-28T13:35:00+00:00,658,1169
summary,2022-10-31,MSFT,,,,,,,0.00,,0,,,,,,,,,,,,1.0000,2022-10-28T13:32:00+00:00,748,1007
summary,2022-11-01,SPY,,,,,,,0.00,,0,,,,,,,,,,,,0.5370,2022-10-31T15:54:00+00:00,735,1567
summary,2022-11-01,QQQ,,,,,,,0.00,,0,,,,,,,,,,,,0.5936,2022-10-31T15:54:00+00:00,636,1514
summary,2022-11-01,AAPL,,,,,,,0.00,,0,,,,,,,,,,,,0.7580,2022-10-31T09:24:00+00:00,641,1473
summary,2022-11-01,MSFT,,,,,,,0.00,,0,,,,,,,,,,,,0.6286,2022-10-31T15:54:00+00:00,363,1139
summary,2022-11-02,SPY,,,,,,,0.00,,0,,,,,,,,,,,,0.5370,2022-10-31T15:54:00+00:00,796,2366
summary,2022-11-02,QQQ,,,,,,,0.00,,0,,,,,,,,,,,,0.5936,2022-10-31T15:54:00+00:00,643,2363
summary,2022-11-02,AAPL,,,,,,,0.00,,0,,,,,,,,,,,,0.7580,2022-10-31T09:24:00+00:00,641,2250
summary,2022-11-02,MSFT,,,,,,,0.00,,0,,,,,,,,,,,,0.6286,2022-10-31T15:54:00+00:00,364,1743
summary,2022-11-03,SPY,,,,,,,0.00,,0,,,,,,,,,,,,0.5993,2022-10-31T15:54:00+00:00,677,2987
summary,2022-11-03,QQQ,,,,,,,0.00,,0,,,,,,,,,,,,0.6694,2022-10-31T15:54:00+00:00,573,3007
summary,2022-11-03,AAPL,,,,,,,0.00,,0,,,,,,,,,,,,0.6569,2022-10-31T15:50:00+00:00,566,2861
summary,2022-11-03,MSFT,,,,,,,0.00,,0,,,,,,,,,,,,0.6967,2022-10-31T15:54:00+00:00,315,2298
summary,2022-11-04,SPY,,,,,,,0.00,,0,,,,,,,,,,,,0.5239,2022-11-02T18:01:00+00:00,240,2988
summary,2022-11-04,QQQ,,,,,,,0.00,,0,,,,,,,,,,,,0.5129,2022-11-02T18:01:00+00:00,174,3070
summary,2022-11-04,AAPL,,,,,,,0.00,,0,,,,,,,,,,,,0.4911,2022-11-02T18:08:00+00:00,164,2967
trade,2022-11-04,MSFT,Long,2022-11-04T14:33:00+00:00,2022-11-04T15:56:00+00:00,218.8606,216.0102,1.37,-3.91,-0.013024,4980000,SessionClose,window:5m thrust,shooting_star,0.3736,0.0000,0.3341,0.5181,0.0976,0.3144,-0.4303,-0.1418,,,
summary,2022-11-04,MSFT,,,,,,,-3.91,,1,,,,,,,,,,,,0.5468,2022-11-02T18:01:00+00:00,373,2427
trade,2022-11-07,SPY,Long,2022-11-07T15:16:00+00:00,2022-11-07T15:56:00+00:00,378.0384,377.3768,0.79,-0.52,-0.001750,2400000,SessionClose,window:candle reversal,shooting_star,0.3492,0.3710,0.5584,0.2326,0.5128,0.4621,0.2849,0.5128,,,
summary,2022-11-07,SPY,,,,,,,-0.52,,1,,,,,,,,,,,,0.9546,2022-11-04T14:40:00+00:00,826,1189
trade,2022-11-07,QQQ,Long,2022-11-07T15:16:00+00:00,2022-11-07T15:56:00+00:00,265.8547,265.1053,1.13,-0.85,-0.002819,2400000,SessionClose,window:candle reversal,shooting_star,0.3202,0.3973,0.5563,0.1392,0.6035,0.4261,0.2894,0.6035,,,
summary,2022-11-07,QQQ,,,,,,,-0.85,,1,,,,,,,,,,,,0.9560,2022-11-04T14:40:00+00:00,822,1156
trade,2022-11-07,AAPL,Long,2022-11-07T15:16:00+00:00,2022-11-07T15:49:00+00:00,137.3080,136.3341,2.18,-2.13,-0.007093,1980000,ScoreExit,window:candle reversal,shooting_star,0.3865,-0.0663,0.5546,0.2621,0.5792,-0.4167,-0.1591,0.2360,,,
summary,2022-11-07,AAPL,,,,,,,-2.13,,1,,,,,,,,,,,,0.8925,2022-11-04T14:25:00+00:00,626,1193
trade,2022-11-07,MSFT,Long,2022-11-07T14:41:00+00:00,2022-11-07T15:56:00+00:00,222.0616,225.7073,1.35,4.92,0.016417,4500000,SessionClose,window:strong core,bullish_engulfing,0.4653,0.4814,-0.0372,0.4076,0.7481,0.2610,0.3657,0.7861,,,
summary,2022-11-07,MSFT,,,,,,,4.92,,1,,,,,,,,,,,,0.9572,2022-11-04T14:41:00+00:00,804,990
trade,2022-11-08,SPY,Long,2022-11-08T15:21:00+00:00,2022-11-08T15:56:00+00:00,382.1096,382.6291,0.79,0.41,0.001360,2100000,SessionClose,window:candle reversal,shooting_star,0.4211,0.3128,0.5610,0.3381,0.5404,-0.5305,0.3395,0.5404,,,
summary,2022-11-08,SPY,,,,,,,0.41,,1,,,,,,,,,,,,0.7502,2022-11-07T10:23:00+00:00,1070,1544
trade,2022-11-08,QQQ,Long,2022-11-08T15:21:00+00:00,2022-11-08T15:56:00+00:00,269.6659,270.0240,1.11,0.40,0.001328,2100000,SessionClose,window:candle reversal,shooting_star,0.3990,0.3289,0.5530,0.2909,0.5638,-0.4591,0.3427,0.5638,,,
summary,2022-11-08,QQQ,,,,,,,0.40,,1,,,,,,,,,,,,0.6568,2022-11-07T10:23:00+00:00,1022,1500
summary,2022-11-08,AAPL,,,,,,,0.00,,0,,,,,,,,,,,,0.9202,2022-11-07T09:00:00+00:00,1022,1509
trade,2022-11-08,MSFT,Long,2022-11-08T15:21:00+00:00,2022-11-08T15:56:00+00:00,230.5441,229.1462,1.30,-1.82,-0.006064,2100000,SessionClose,window:candle reversal,shooting_star,0.3394,0.0349,0.5933,0.1998,0.5340,-0.5688,-0.1140,0.5340,,,
summary,2022-11-08,MSFT,,,,,,,-1.82,,1,,,,,,,,,,,,0.8701,2022-11-07T11:03:00+00:00,857,1137
summary,2022-11-09,SPY,,,,,,,0.00,,0,,,,,,,,,,,,0.7502,2022-11-07T10:23:00+00:00,1319,2457
summary,2022-11-09,QQQ,,,,,,,0.00,,0,,,,,,,,,,,,0.6568,2022-11-07T10:23:00+00:00,1297,2391
summary,2022-11-09,AAPL,,,,,,,0.00,,0,,,,,,,,,,,,0.9202,2022-11-07T09:00:00+00:00,1233,2289
summary,2022-11-09,MSFT,,,,,,,0.00,,0,,,,,,,,,,,,0.8701,2022-11-07T11:03:00+00:00,956,1684
trade,2022-11-10,SPY,Long,2022-11-10T15:51:00+00:00,2022-11-10T15:56:00+00:00,390.1720,389.7730,0.77,-0.31,-0.001023,300000,SessionClose,window:candle reversal,shooting_star,0.2796,0.2729,0.5735,0.0451,0.6507,0.0464,0.1217,0.6507,,,
summary,2022-11-10,SPY,,,,,,,-0.31,,1,,,,,,,,,,,,0.8292,2022-11-10T13:40:00+00:00,1684,3003
trade,2022-11-10,QQQ,Long,2022-11-10T15:51:00+00:00,2022-11-10T15:56:00+00:00,278.2985,277.7516,1.08,-0.59,-0.001965,300000,SessionClose,window:candle reversal,shooting_star,0.2945,0.2490,0.5863,0.0192,0.7478,-0.1456,0.0653,0.7478,,,
summary,2022-11-10,QQQ,,,,,,,-0.59,,1,,,,,,,,,,,,0.8740,2022-11-07T15:16:00+00:00,1716,2977
summary,2022-11-10,AAPL,,,,,,,0.00,,0,,,,,,,,,,,,0.8900,2022-11-07T15:16:00+00:00,1635,2825
summary,2022-11-10,MSFT,,,,,,,0.00,,0,,,,,,,,,,,,0.9571,2022-11-07T15:59:00+00:00,1318,2144
trade,2022-11-11,SPY,Long,2022-11-11T15:21:00+00:00,2022-11-11T15:56:00+00:00,397.2741,396.4160,0.76,-0.65,-0.002160,2100000,SessionClose,window:candle reversal,shooting_star,0.4089,0.0775,0.5512,0.3725,0.4342,-0.3555,-0.0287,0.4342,,,
summary,2022-11-11,SPY,,,,,,,-0.65,,1,,,,,,,,,,,,0.9561,2022-11-08T15:43:00+00:00,1563,3071
trade,2022-11-11,QQQ,Long,2022-11-11T15:06:00+00:00,2022-11-11T15:56:00+00:00,284.0552,285.6293,1.06,1.66,0.005542,3000000,SessionClose,window:candle reversal,shooting_star,0.3446,0.2571,0.5286,0.1928,0.5869,-0.2521,0.1770,0.5869,,,
summary,2022-11-11,QQQ,,,,,,,1.66,,1,,,,,,,,,,,,0.9524,2022-11-08T15:48:00+00:00,1662,3080
trade,2022-11-11,AAPL,Long,2022-11-11T15:11:00+00:00,2022-11-11T15:56:00+00:00,146.5788,148.2017,2.05,3.33,0.011072,2700000,SessionClose,window:strong core,bearish_engulfing,0.4751,0.3865,0.5764,0.4105,0.5704,0.1077,0.3410,0.5704,,,
trade,2022-11-11,AAPL,Long,2022-11-11T15:58:00+00:00,2022-11-11T15:59:00+00:00,148.1444,148.2304,2.03,0.17,0.000580,60000,SessionClose,window:candle reversal,evening_star,0.3627,0.3939,-0.1301,0.3410,0.5704,0.1810,0.3410,0.5704,,,
summary,2022-11-11,AAPL,,,,,,,3.50,,2,,,,,,,,,,,,0.7964,2022-11-08T15:59:00+00:00,1629,2905
trade,2022-11-11,MSFT,Long,2022-11-11T14:46:00+00:00,2022-11-11T15:56:00+00:00,243.7481,245.9712,1.23,2.74,0.009120,4200000,SessionClose,window:strong core,hammer,0.4312,0.2039,0.4774,0.4026,0.4730,-0.1259,0.0695,0.5826,,,
summary,2022-11-11,MSFT,,,,,,,2.74,,1,,,,,,,,,,,,0.9070,2022-11-08T14:53:00+00:00,1202,2210
trade,2022-11-14,SPY,Long,2022-11-14T15:41:00+00:00,2022-11-14T15:56:00+00:00,398.4745,398.3355,0.75,-0.10,-0.000349,900000,SessionClose,window:candle reversal,shooting_star,0.2837,0.2455,0.4857,0.2210,0.3419,0.4267,0.1604,0.3552,,,
trade,2022-11-14,SPY,Long,2022-11-14T15:59:00+00:00,2022-11-14T16:00:00+00:00,398.7946,398.3005,0.75,-0.37,-0.001239,60000,SessionClose,window:candle reversal,shooting_star,0.2633,0.2025,0.4987,0.1604,0.3906,0.0178,0.1604,0.3484,,,
summary,2022-11-14,SPY,,,,,,,-0.48,,2,,,,,,,,,,,,0.8869,2022-11-11T15:21:00+00:00,808,1167
trade,2022-11-14,QQQ,Long,2022-11-14T15:11:00+00:00,2022-11-14T15:56:00+00:00,286.9311,286.8289,1.05,-0.11,-0.000356,2700000,SessionClose,window:candle reversal,shooting_star,0.3818,0.2626,0.5298,0.3302,0.4356,0.4406,0.1442,0.4400,,,
summary,2022-11-14,QQQ,,,,,,,-0.11,,1,,,,,,,,,,,,0.9589,2022-11-11T15:49:00+00:00,890,1171
summary,2022-11-14,AAPL,,,,,,,0.00,,0,,,,,,,,,,,,0.9600,2022-11-11T15:49:00+00:00,898,1102
summary,2022-11-14,MSFT,,,,,,,0.00,,0,,,,,,,,,,,,0.9587,2022-11-11T15:51:00+00:00,379,978
trade,2022-11-15,SPY,Long,2022-11-15T15:01:00+00:00,2022-11-15T15:20:00+00:00,402.0756,400.3649,0.75,-1.28,-0.004255,1140000,ScoreExit,window:candle reversal,shooting_star,0.2446,-0.0554,0.5955,0.0715,0.4739,-0.5243,-0.2420,0.4739,,,
summary,2022-11-15,SPY,,,,,,,-1.28,,1,,,,,,,,,,,,0.5709,2022-11-14T18:26:00+00:00,903,1573
summary,2022-11-15,QQQ,,,,,,,0.00,,0,,,,,,,,,,,,0.6805,2022-11-15T13:33:00+00:00,1016,1555
trade,2022-11-15,AAPL,Long,2022-11-15T14:56:00+00:00,2022-11-15T15:56:00+00:00,152.1406,152.6792,1.97,1.06,0.003540,3600000,SessionClose,window:candle reversal,three_outside_down,0.3053,0.1229,-0.1237,0.1329,0.7931,0.3984,-0.2203,0.7175,,,
summary,2022-11-15,AAPL,,,,,,,1.06,,1,,,,,,,,,,,,0.6565,2022-11-15T13:33:00+00:00,904,1402
summary,2022-11-15,MSFT,,,,,,,0.00,,0,,,,,,,,,,,,0.7084,2022-11-15T13:33:00+00:00,753,1180
summary,2022-11-16,SPY,,,,,,,0.00,,0,,,,,,,,,,,,0.5709,2022-11-14T18:26:00+00:00,1062,2471
summary,2022-11-16,QQQ,,,,,,,0.00,,0,,,,,,,,,,,,0.6805,2022-11-15T13:33:00+00:00,1215,2431
summary,2022-11-16,AAPL,,,,,,,0.00,,0,,,,,,,,,,,,0.6565,2022-11-15T13:33:00+00:00,1027,2211
summary,2022-11-16,MSFT,,,,,,,0.00,,0,,,,,,,,,,,,0.7084,2022-11-15T13:33:00+00:00,926,1786
summary,2022-11-17,SPY,,,,,,,0.00,,0,,,,,,,,,,,,0.7639,2022-11-14T15:15:00+00:00,972,3075
summary,2022-11-17,QQQ,,,,,,,0.00,,0,,,,,,,,,,,,0.8896,2022-11-14T15:15:00+00:00,1145,3004
summary,2022-11-17,AAPL,,,,,,,0.00,,0,,,,,,,,,,,,0.6619,2022-11-14T17:13:00+00:00,1224,2767
summary,2022-11-17,MSFT,,,,,,,0.00,,0,,,,,,,,,,,,0.8991,2022-11-14T15:00:00+00:00,1105,2265
summary,2022-11-18,SPY,,,,,,,0.00,,0,,,,,,,,,,,,0.3878,2022-11-15T15:02:00+00:00,475,3052
summary,2022-11-18,QQQ,,,,,,,0.00,,0,,,,,,,,,,,,0.5550,2022-11-15T15:05:00+00:00,410,3008
summary,2022-11-18,AAPL,,,,,,,0.00,,0,,,,,,,,,,,,1.0000,2022-11-15T14:32:00+00:00,1024,2774
summary,2022-11-18,MSFT,,,,,,,0.00,,0,,,,,,,,,,,,0.4569,2022-11-17T16:59:00+00:00,630,2171
summary,2022-11-21,SPY,,,,,,,0.00,,0,,,,,,,,,,,,0.5143,2022-11-18T20:49:00+00:00,320,1167
summary,2022-11-21,QQQ,,,,,,,0.00,,0,,,,,,,,,,,,0.4589,2022-11-18T20:49:00+00:00,136,1126
summary,2022-11-21,AAPL,,,,,,,0.00,,0,,,,,,,,,,,,0.5274,2022-11-18T16:19:00+00:00,107,1058
trade,2022-11-21,MSFT,Long,2022-11-21T14:31:00+00:00,2022-11-21T15:22:00+00:00,242.7778,241.6692,1.24,-1.37,-0.004566,3060000,ScoreExit,window:strong core,hammer,0.5641,-0.0719,0.5622,0.5094,0.6742,-0.4494,-0.2481,0.4063,,,
summary,2022-11-21,MSFT,,,,,,,-1.37,,1,,,,,,,,,,,,0.5721,2022-11-21T14:31:00+00:00,443,915
trade,2022-11-22,SPY,Long,2022-11-22T15:21:00+00:00,2022-11-22T15:56:00+00:00,397.0741,397.5657,0.76,0.37,0.001238,2100000,SessionClose,window:candle reversal,shooting_star,0.2468,0.3904,-0.1077,0.1811,0.4963,0.5128,0.3170,0.4963,,,
summary,2022-11-22,SPY,,,,,,,0.37,,1,,,,,,,,,,,,0.4785,2022-11-21T18:39:00+00:00,999,1513
trade,2022-11-22,QQQ,Long,2022-11-22T15:47:00+00:00,2022-11-22T15:56:00+00:00,282.5998,283.3307,1.06,0.78,0.002586,540000,SessionClose,window:strong core,hammer,0.4051,0.4416,0.5473,0.4287,0.3103,0.5408,0.4326,0.4263,,,
trade,2022-11-22,QQQ,Long,2022-11-22T15:58:00+00:00,2022-11-22T15:59:00+00:00,283.3200,283.4199,1.06,0.11,0.000353,60000,SessionClose,window:strong core,shooting_star,0.4019,0.4457,0.2142,0.4326,0.4031,0.5488,0.4326,0.4375,,,
summary,2022-11-22,QQQ,,,,,,,0.88,,2,,,,,,,,,,,,0.4457,2022-11-22T15:58:00+00:00,762,1445
trade,2022-11-22,AAPL,Long,2022-11-22T15:50:00+00:00,2022-11-22T15:56:00+00:00,148.7796,148.5796,2.02,-0.40,-0.001344,360000,SessionClose,window:strong core,shooting_star,0.4052,0.3265,0.5436,0.4220,0.3255,0.3490,0.3350,0.3021,,,
summary,2022-11-22,AAPL,,,,,,,-0.40,,1,,,,,,,,,,,,0.5054,2022-11-21T13:22:00+00:00,665,1335
summary,2022-11-22,MSFT,,,,,,,0.00,,0,,,,,,,,,,,,0.6674,2022-11-21T14:31:00+00:00,584,1020
trade,2022-11-23,SPY,Long,2022-11-23T14:51:00+00:00,2022-11-23T15:56:00+00:00,401.7155,401.8844,0.75,0.13,0.000420,3900000,SessionClose,window:strong core,,0.4147,0.1701,0.5020,0.4299,0.3550,-0.0281,0.0987,0.3789,,,
summary,2022-11-23,SPY,,,,,,,0.13,,1,,,,,,,,,,,,0.4785,2022-11-21T18:39:00+00:00,1644,2367
trade,2022-11-23,QQQ,Long,2022-11-23T14:46:00+00:00,2022-11-23T15:56:00+00:00,287.3412,288.7733,1.04,1.50,0.004984,4200000,SessionClose,window:strong core,three_outside_up,0.4079,0.2357,0.3625,0.4182,0.4026,0.1049,0.1414,0.4678,,,
summary,2022-11-23,QQQ,,,,,,,1.50,,1,,,,,,,,,,,,0.4735,2022-11-23T19:04:00+00:00,1371,2261
trade,2022-11-23,AAPL,Long,2022-11-23T14:31:00+00:00,2022-11-23T15:56:00+00:00,149.5699,151.6095,2.01,4.09,0.013637,5100000,SessionClose,window:strong core,bearish_engulfing,0.4116,0.2041,0.4087,0.4583,0.3192,0.3433,0.0896,0.3868,,,
trade,2022-11-23,AAPL,Long,2022-11-23T15:58:00+00:00,2022-11-23T15:59:00+00:00,151.7255,151.5694,1.98,-0.31,-0.001029,60000,SessionClose,window:candle reversal,shooting_star,0.2188,0.1769,0.4898,0.0896,0.3868,0.0716,0.0896,0.3868,,,
summary,2022-11-23,AAPL,,,,,,,3.78,,2,,,,,,,,,,,,0.5054,2022-11-21T13:22:00+00:00,1176,2114
trade,2022-11-23,MSFT,Long,2022-11-23T15:11:00+00:00,2022-11-23T15:56:00+00:00,247.3192,247.3408,1.21,0.03,0.000087,2700000,SessionClose,window:candle reversal,shooting_star,0.3978,0.3031,0.5670,0.3563,0.4245,0.3858,0.2286,0.4245,,,
trade,2022-11-23,MSFT,Long,2022-11-23T15:58:00+00:00,2022-11-23T15:59:00+00:00,247.5993,247.4567,1.21,-0.17,-0.000576,60000,SessionClose,window:candle reversal,shooting_star,0.3074,0.3119,0.4287,0.2286,0.4245,0.4741,0.2286,0.4245,,,
summary,2022-11-23,MSFT,,,,,,,-0.15,,2,,,,,,,,,,,,0.6674,2022-11-21T14:31:00+00:00,1003,1561
summary,2022-11-24,SPY,,,,,,,0.00,,0,,,,,,,,,,,,0.4800,2022-11-21T18:39:00+00:00,1661,2275
summary,2022-11-24,QQQ,,,,,,,0.00,,0,,,,,,,,,,,,0.5785,2022-11-21T14:51:00+00:00,1372,2192
summary,2022-11-24,AAPL,,,,,,,0.00,,0,,,,,,,,,,,,0.5977,2022-11-21T15:00:00+00:00,1183,2082
summary,2022-11-24,MSFT,,,,,,,0.00,,0,,,,,,,,,,,,1.0000,2022-11-21T14:31:00+00:00,939,1531
trade,2022-11-25,SPY,Long,2022-11-25T15:16:00+00:00,2022-11-25T15:56:00+00:00,402.6458,402.5092,0.75,-0.10,-0.000339,2400000,SessionClose,window:candle reversal,shooting_star,0.2311,0.1551,-0.0711,0.2867,0.2206,0.2446,0.1074,0.2206,,,
summary,2022-11-25,SPY,,,,,,,-0.10,,1,,,,,,,,,,,,0.8250,2022-11-22T15:55:00+00:00,1564,2005
summary,2022-11-25,QQQ,,,,,,,0.00,,0,,,,,,,,,,,,0.9552,2022-11-22T15:50:00+00:00,1514,1927
summary,2022-11-25,AAPL,,,,,,,0.00,,0,,,,,,,,,,,,0.9544,2022-11-22T15:49:00+00:00,1163,1913
trade,2022-11-25,MSFT,Long,2022-11-25T14:56:00+00:00,2022-11-25T15:56:00+00:00,248.0483,247.8956,1.21,-0.18,-0.000616,3600000,SessionClose,window:candle reversal,shooting_star,0.2004,0.2518,0.1751,0.1551,0.2995,0.3093,0.2148,0.3066,,,
summary,2022-11-25,MSFT,,,,,,,-0.18,,1,,,,,,,,,,,,0.8479,2022-11-22T15:59:00+00:00,1081,1333
summary,2022-11-28,SPY,,,,,,,0.00,,0,,,,,,,,,,,,0.7135,2022-11-25T16:03:00+00:00,167,1064
summary,2022-11-28,QQQ,,,,,,,0.00,,0,,,,,,,,,,,,0.5815,2022-11-25T16:03:00+00:00,114,969
summary,2022-11-28,AAPL,,,,,,,0.00,,0,,,,,,,,,,,,0.8934,2022-11-25T14:58:00+00:00,156,1014
summary,2022-11-28,MSFT,,,,,,,0.00,,0,,,,,,,,,,,,0.4929,2022-11-25T14:37:00+00:00,46,762
summary,2022-11-29,SPY,,,,,,,0.00,,0,,,,,,,,,,,,0.3832,2022-11-28T14:34:00+00:00,324,1567
summary,2022-11-29,QQQ,,,,,,,0.00,,0,,,,,,,,,,,,0.5423,2022-11-28T14:41:00+00:00,311,1504
summary,2022-11-29,AAPL,,,,,,,0.00,,0,,,,,,,,,,,,0.6535,2022-11-28T14:43:00+00:00,286,1471
summary,2022-11-29,MSFT,,,,,,,0.00,,0,,,,,,,,,,,,0.4126,2022-11-28T13:53:00+00:00,72,1109
summary,2022-11-30,SPY,,,,,,,0.00,,0,,,,,,,,,,,,0.6764,2022-11-30T19:19:00+00:00,598,2420
summary,2022-11-30,QQQ,,,,,,,0.00,,0,,,,,,,,,,,,0.7529,2022-11-30T19:19:00+00:00,539,2324
summary,2022-11-30,AAPL,,,,,,,0.00,,0,,,,,,,,,,,,0.7026,2022-11-30T19:19:00+00:00,517,2280
trade,2022-11-30,MSFT,Long,2022-11-30T14:35:00+00:00,2022-11-30T15:16:00+00:00,242.7278,242.1673,1.24,-0.69,-0.002309,2460000,ScoreExit,window:strong core,three_outside_up,0.4158,-0.0572,0.6233,0.4082,0.3619,-0.5290,-0.0669,0.1196,,,
summary,2022-11-30,MSFT,,,,,,,-0.69,,1,,,,,,,,,,,,0.7454,2022-11-30T19:16:00+00:00,396,1614
summary,2022-12-01,SPY,,,,,,,0.00,,0,,,,,,,,,,,,0.6783,2022-11-30T19:19:00+00:00,1230,3021
trade,2022-12-01,QQQ,Long,2022-12-01T14:51:00+00:00,2022-12-01T15:06:00+00:00,295.2858,294.2467,1.02,-1.06,-0.003519,900000,ScoreExit,window:candle reversal,shooting_star,0.3873,-0.0711,0.5597,0.2880,0.5284,-0.4990,-0.2516,0.4323,,,
summary,2022-12-01,QQQ,,,,,,,-1.06,,1,,,,,,,,,,,,0.7550,2022-11-30T19:19:00+00:00,1156,2957
summary,2022-12-01,AAPL,,,,,,,0.00,,0,,,,,,,,,,,,0.9977,2022-11-28T14:33:00+00:00,1077,2874
summary,2022-12-01,MSFT,,,,,,,0.00,,0,,,,,,,,,,,,0.7470,2022-11-30T19:16:00+00:00,907,2179
summary,2022-12-02,SPY,,,,,,,0.00,,0,,,,,,,,,,,,0.7379,2022-11-30T19:19:00+00:00,1866,2999
summary,2022-12-02,QQQ,,,,,,,0.00,,0,,,,,,,,,,,,0.8124,2022-11-30T19:19:00+00:00,1795,2922
summary,2022-12-02,AAPL,,,,,,,0.00,,0,,,,,,,,,,,,0.8952,2022-11-29T15:29:00+00:00,1601,2760
trade,2022-12-02,MSFT,Long,2022-12-02T15:51:00+00:00,2022-12-02T15:56:00+00:00,252.0506,251.7694,1.19,-0.33,-0.001115,300000,SessionClose,window:candle reversal,shooting_star,0.2596,0.0170,-0.0023,0.3011,0.2640,-0.4460,-0.0293,0.2640,,,
summary,2022-12-02,MSFT,,,,,,,-0.33,,1,,,,,,,,,,,,0.8117,2022-11-30T19:16:00+00:00,1392,2110
summary,2022-12-05,SPY,,,,,,,0.00,,0,,,,,,,,,,,,0.6882,2022-12-02T15:52:00+00:00,496,1201
summary,2022-12-05,QQQ,,,,,,,0.00,,0,,,,,,,,,,,,0.8999,2022-12-02T15:13:00+00:00,572,1128
trade,2022-12-05,AAPL,Long,2022-12-05T14:31:00+00:00,2022-12-05T15:16:00+00:00,148.3195,148.6304,2.02,0.63,0.002096,2700000,ScoreExit,window:strong core,shooting_star,0.5340,-0.0599,0.5568,0.4625,0.6693,-0.5688,-0.2487,0.4874,,,
summary,2022-12-05,AAPL,,,,,,,0.63,,1,,,,,,,,,,,,0.7545,2022-12-02T15:13:00+00:00,585,1078
summary,2022-12-05,MSFT,,,,,,,0.00,,0,,,,,,,,,,,,0.8928,2022-12-02T15:13:00+00:00,465,937
summary,2022-12-06,SPY,,,,,,,0.00,,0,,,,,,,,,,,,0.3737,2022-12-05T11:49:00+00:00,244,1600
summary,2022-12-06,QQQ,,,,,,,0.00,,0,,,,,,,,,,,,0.3902,2022-12-05T11:48:00+00:00,202,1475
summary,2022-12-06,AAPL,,,,,,,0.00,,0,,,,,,,,,,,,0.7587,2022-12-05T14:39:00+00:00,246,1370
summary,2022-12-06,MSFT,,,,,,,0.00,,0,,,,,,,,,,,,0.7068,2022-12-05T11:52:00+00:00,193,1037
summary,2022-12-07,SPY,,,,,,,0.00,,0,,,,,,,,,,,,0.3737,2022-12-05T11:49:00+00:00,244,2475
summary,2022-12-07,QQQ,,,,,,,0.00,,0,,,,,,,,,,,,0.3902,2022-12-05T11:48:00+00:00,232,2329
summary,2022-12-07,AAPL,,,,,,,0.00,,0,,,,,,,,,,,,0.7587,2022-12-05T14:39:00+00:00,246,2185
summary,2022-12-07,MSFT,,,,,,,0.00,,0,,,,,,,,,,,,0.7068,2022-12-05T11:52:00+00:00,279,1588
summary,2022-12-08,SPY,,,,,,,0.00,,0,,,,,,,,,,,,0.4240,2022-12-05T14:37:00+00:00,419,3031
trade,2022-12-08,QQQ,Long,2022-12-08T15:16:00+00:00,2022-12-08T15:56:00+00:00,283.7601,283.8898,1.06,0.14,0.000457,2400000,SessionClose,window:candle reversal,bearish_engulfing,0.2698,0.1857,0.4084,0.2715,0.2203,0.5173,0.0959,0.2550,,,
summary,2022-12-08,QQQ,,,,,,,0.14,,1,,,,,,,,,,,,0.5532,2022-12-05T14:38:00+00:00,383,2904
summary,2022-12-08,AAPL,,,,,,,0.00,,0,,,,,,,,,,,,1.0000,2022-12-05T14:35:00+00:00,263,2727
summary,2022-12-08,MSFT,,,,,,,0.00,,0,,,,,,,,,,,,0.6131,2022-12-05T14:49:00+00:00,476,2016
summary,2022-12-09,SPY,,,,,,,0.00,,0,,,,,,,,,,,,0.4203,2022-12-08T15:34:00+00:00,1352,2968
summary,2022-12-09,QQQ,,,,,,,0.00,,0,,,,,,,,,,,,0.4843,2022-12-08T15:34:00+00:00,1075,2894
trade,2022-12-09,AAPL,Long,2022-12-09T15:36:00+00:00,2022-12-09T15:56:00+00:00,142.8278,143.5269,2.10,1.47,0.004895,1200000,SessionClose,window:strong core,,0.4309,0.5469,0.2037,0.4694,0.4298,0.5497,0.5710,0.4979,,,
trade,2022-12-09,AAPL,Long,2022-12-09T15:58:00+00:00,2022-12-09T15:59:00+00:00,143.9682,143.9918,2.08,0.05,0.000164,60000,SessionClose,window:strong core,three_outside_up,0.5492,0.5508,0.5722,0.5710,0.4979,0.5880,0.5710,0.4979,,,
summary,2022-12-09,AAPL,,,,,,,1.52,,2,,,,,,,,,,,,0.5625,2022-12-09T16:03:00+00:00,864,2695
trade,2022-12-09,MSFT,Long,2022-12-09T15:37:00+00:00,2022-12-09T15:56:00+00:00,246.5289,246.6010,1.22,0.09,0.000292,1140000,SessionClose,window:strong core,,0.3893,0.4603,0.4986,0.4102,0.3112,0.5443,0.5083,0.3362,,,
trade,2022-12-09,MSFT,Long,2022-12-09T15:58:00+00:00,2022-12-09T15:59:00+00:00,247.2091,247.2408,1.21,0.04,0.000128,60000,SessionClose,window:strong core,three_outside_up,0.4708,0.4731,0.5454,0.5083,0.3709,0.5689,0.5083,0.3709,,,
summary,2022-12-09,MSFT,,,,,,,0.13,,2,,,,,,,,,,,,0.4965,2022-12-09T16:02:00+00:00,916,2032
summary,2022-12-12,SPY,,,,,,,0.00,,0,,,,,,,,,,,,0.8522,2022-12-09T16:04:00+00:00,532,1143
summary,2022-12-12,QQQ,,,,,,,0.00,,0,,,,,,,,,,,,0.9588,2022-12-09T15:59:00+00:00,390,1124
summary,2022-12-12,AAPL,,,,,,,0.00,,0,,,,,,,,,,,,0.9596,2022-12-09T15:59:00+00:00,465,1044
trade,2022-12-12,MSFT,Long,2022-12-12T14:31:00+00:00,2022-12-12T15:56:00+00:00,248.2394,249.2002,1.21,1.16,0.003870,5100000,SessionClose,window:strong core,three_outside_up,0.5781,0.1385,0.5892,0.4998,0.7309,0.1401,-0.1132,0.6414,,,
summary,2022-12-12,MSFT,,,,,,,1.16,,1,,,,,,,,,,,,0.9597,2022-12-09T15:59:00+00:00,729,915
summary,2022-12-13,SPY,,,,,,,0.00,,0,,,,,,,,,,,,0.8280,2022-12-13T13:49:00+00:00,1228,1538
summary,2022-12-13,QQQ,,,,,,,0.00,,0,,,,,,,,,,,,0.8904,2022-12-13T13:49:00+00:00,1077,1482
summary,2022-12-13,AAPL,,,,,,,0.00,,0,,,,,,,,,,,,0.7650,2022-12-13T13:41:00+00:00,974,1330
summary,2022-12-13,MSFT,,,,,,,0.00,,0,,,,,,,,,,,,0.8454,2022-12-12T11:00:00+00:00,822,1094
summary,2022-12-14,SPY,,,,,,,0.00,,0,,,,,,,,,,,,0.8280,2022-12-13T13:49:00+00:00,1705,2376
trade,2022-12-14,QQQ,Long,2022-12-14T15:11:00+00:00,2022-12-14T15:56:00+00:00,290.5621,290.1779,1.03,-0.40,-0.001322,2700000,SessionClose,window:candle reversal,shooting_star,0.3851,0.0168,0.4897,0.4232,0.2741,-0.4991,-0.0259,0.2741,,,
summary,2022-12-14,QQQ,,,,,,,-0.40,,1,,,,,,,,,,,,0.8904,2022-12-13T13:49:00+00:00,1477,2323
trade,2022-12-14,AAPL,Long,2022-12-14T15:11:00+00:00,2022-12-14T15:31:00+00:00,146.5189,145.9162,2.05,-1.24,-0.004114,1200000,ScoreExit,window:candle reversal,shooting_star,0.3018,-0.0863,0.1938,0.3699,0.2017,-0.4864,-0.1637,0.2017,,,
summary,2022-12-14,AAPL,,,,,,,-1.24,,1,,,,,,,,,,,,0.7650,2022-12-13T13:41:00+00:00,1245,2071
summary,2022-12-14,MSFT,,,,,,,0.00,,0,,,,,,,,,,,,0.8454,2022-12-12T11:00:00+00:00,1247,1648
summary,2022-12-15,SPY,,,,,,,0.00,,0,,,,,,,,,,,,0.8082,2022-12-13T13:49:00+00:00,1694,3027
summary,2022-12-15,QQQ,,,,,,,0.00,,0,,,,,,,,,,,,0.8919,2022-12-13T13:49:00+00:00,1353,2950
summary,2022-12-15,AAPL,,,,,,,0.00,,0,,,,,,,,,,,,0.7666,2022-12-13T13:41:00+00:00,1183,2689
summary,2022-12-15,MSFT,,,,,,,0.00,,0,,,,,,,,,,,,1.0000,2022-12-12T14:35:00+00:00,1245,2198
summary,2022-12-16,SPY,,,,,,,0.00,,0,,,,,,,,,,,,0.5161,2022-12-13T14:55:00+00:00,229,3067
summary,2022-12-16,QQQ,,,,,,,0.00,,0,,,,,,,,,,,,0.5789,2022-12-13T14:47:00+00:00,166,3009
summary,2022-12-16,AAPL,,,,,,,0.00,,0,,,,,,,,,,,,0.5073,2022-12-13T14:45:00+00:00,133,2805
summary,2022-12-16,MSFT,,,,,,,0.00,,0,,,,,,,,,,,,0.9113,2022-12-13T14:45:00+00:00,397,2203
summary,2022-12-19,SPY,,,,,,,0.00,,0,,,,,,,,,,,,0.6194,2022-12-16T20:30:00+00:00,299,1184
summary,2022-12-19,QQQ,,,,,,,0.00,,0,,,,,,,,,,,,0.8357,2022-12-16T14:49:00+00:00,224,1168
summary,2022-12-19,AAPL,,,,,,,0.00,,0,,,,,,,,,,,,0.9035,2022-12-16T14:53:00+00:00,268,1143
summary,2022-12-19,MSFT,,,,,,,0.00,,0,,,,,,,,,,,,0.8184,2022-12-16T14:50:00+00:00,104,975
trade,2022-12-20,SPY,Long,2022-12-20T15:08:00+00:00,2022-12-20T15:56:00+00:00,380.5491,381.9104,0.79,1.07,0.003577,2880000,SessionClose,window:candle reversal,shooting_star,0.2748,0.2129,0.1507,0.3264,0.2129,0.5029,0.0911,0.3600,,,
summary,2022-12-20,SPY,,,,,,,1.07,,1,,,,,,,,,,,,0.6552,2022-12-19T10:22:00+00:00,568,1555
trade,2022-12-20,QQQ,Long,2022-12-20T15:36:00+00:00,2022-12-20T15:56:00+00:00,270.9363,270.6538,1.11,-0.31,-0.001043,1200000,SessionClose,window:candle reversal,shooting_star,0.3656,0.0575,0.1474,0.4748,0.2200,0.2395,-0.0452,0.2024,,,
summary,2022-12-20,QQQ,,,,,,,-0.31,,1,,,,,,,,,,,,0.6038,2022-12-19T10:21:00+00:00,359,1539
trade,2022-12-20,AAPL,Long,2022-12-20T15:27:00+00:00,2022-12-20T15:56:00+00:00,132.6848,132.7602,2.26,0.17,0.000568,1740000,SessionClose,window:5m thrust,hammer,0.4023,0.1738,0.1038,0.5342,0.2381,0.2778,0.1066,0.2733,,,
summary,2022-12-20,AAPL,,,,,,,0.17,,1,,,,,,,,,,,,0.6039,2022-12-19T10:23:00+00:00,445,1463
trade,2022-12-20,MSFT,Long,2022-12-20T15:26:00+00:00,2022-12-20T15:56:00+00:00,241.6275,241.8724,1.24,0.30,0.001014,1800000,SessionClose,window:strong core,hammer,0.4137,0.1011,0.5763,0.4285,0.3299,0.2129,-0.0559,0.3778,,,
summary,2022-12-20,MSFT,,,,,,,0.30,,1,,,,,,,,,,,,0.6723,2022-12-19T11:21:00+00:00,422,1118
trade,2022-12-21,SPY,Long,2022-12-21T15:21:00+00:00,2022-12-21T15:56:00+00:00,384.8404,386.3591,0.78,1.18,0.003946,2100000,SessionClose,window:strong core,,0.4122,0.3858,0.4196,0.4054,0.4235,0.4399,0.3579,0.4235,,,
summary,2022-12-21,SPY,,,,,,,1.18,,1,,,,,,,,,,,,0.6552,2022-12-19T10:22:00+00:00,1202,2413
trade,2022-12-21,QQQ,Long,2022-12-21T15:06:00+00:00,2022-12-21T15:56:00+00:00,271.6165,273.6329,1.10,2.23,0.007424,3000000,SessionClose,window:strong core,,0.3811,0.3873,0.2294,0.4025,0.3888,0.4878,0.3699,0.3888,,,
summary,2022-12-21,QQQ,,,,,,,2.23,,1,,,,,,,,,,,,0.6038,2022-12-19T10:21:00+00:00,966,2424
trade,2022-12-21,AAPL,Long,2022-12-21T14:32:00+00:00,2022-12-21T15:56:00+00:00,133.3227,136.1491,2.25,6.36,0.021200,5040000,SessionClose,window:candle reversal,evening_star,0.2905,0.5565,0.0908,0.3292,0.2796,0.4899,0.5414,0.6087,,,
trade,2022-12-21,AAPL,Long,2022-12-21T15:58:00+00:00,2022-12-21T15:59:00+00:00,136.5660,136.5057,2.20,-0.13,-0.000441,60000,SessionClose,window:strong core,bullish_engulfing,0.5652,0.5642,0.5770,0.5414,0.6087,0.5671,0.5414,0.6087,,,
summary,2022-12-21,AAPL,,,,,,,6.23,,2,,,,,,,,,,,,0.6039,2022-12-19T10:23:00+00:00,1119,2288
trade,2022-12-21,MSFT,Long,2022-12-21T15:14:00+00:00,2022-12-21T15:56:00+00:00,243.3780,244.3517,1.23,1.20,0.004001,2520000,SessionClose,window:candle reversal,shooting_star,0.2817,0.3528,0.2752,0.2604,0.3266,0.5069,0.3401,0.3266,,,
summary,2022-12-21,MSFT,,,,,,,1.20,,1,,,,,,,,,,,,0.6723,2022-12-19T11:21:00+00:00,822,1712
summary,2022-12-22,SPY,,,,,,,0.00,,0,,,,,,,,,,,,0.4675,2022-12-21T15:39:00+00:00,1299,2993
summary,2022-12-22,QQQ,,,,,,,0.00,,0,,,,,,,,,,,,0.4649,2022-12-20T15:32:00+00:00,1071,2957
summary,2022-12-22,AAPL,,,,,,,0.00,,0,,,,,,,,,,,,0.5657,2022-12-21T15:57:00+00:00,1253,2797
summary,2022-12-22,MSFT,,,,,,,0.00,,0,,,,,,,,,,,,0.5107,2022-12-20T15:32:00+00:00,834,2128
trade,2022-12-23,SPY,Long,2022-12-23T15:36:00+00:00,2022-12-23T15:56:00+00:00,382.0596,381.2934,0.79,-0.60,-0.002005,1200000,SessionClose,window:5m thrust,hammer,0.3776,0.0000,0.2498,0.5671,0.0410,0.1109,0.0120,-0.0025,,,
summary,2022-12-23,SPY,,,,,,,-0.60,,1,,,,,,,,,,,,0.8958,2022-12-20T15:53:00+00:00,1619,2956
summary,2022-12-23,QQQ,,,,,,,0.00,,0,,,,,,,,,,,,0.9173,2022-12-20T15:53:00+00:00,1208,2975
summary,2022-12-23,AAPL,,,,,,,0.00,,0,,,,,,,,,,,,0.9448,2022-12-20T15:53:00+00:00,1382,2778
summary,2022-12-23,MSFT,,,,,,,0.00,,0,,,,,,,,,,,,0.9431,2022-12-20T15:49:00+00:00,878,2083
summary,2022-12-26,SPY,,,,,,,0.00,,0,,,,,,,,,,,,0.9022,2022-12-23T15:18:00+00:00,395,482
summary,2022-12-26,QQQ,,,,,,,0.00,,0,,,,,,,,,,,,0.9066,2022-12-23T15:18:00+00:00,394,472
summary,2022-12-26,AAPL,,,,,,,0.00,,0,,,,,,,,,,,,0.9004,2022-12-23T15:18:00+00:00,391,476
summary,2022-12-26,MSFT,,,,,,,0.00,,0,,,,,,,,,,,,0.9581,2022-12-23T15:40:00+00:00,363,426
trade,2022-12-27,SPY,Long,2022-12-27T15:36:00+00:00,2022-12-27T15:56:00+00:00,382.5197,381.9404,0.78,-0.45,-0.001515,1200000,SessionClose,window:strong core,hammer,0.3947,0.0651,0.0487,0.4021,0.4952,-0.5742,0.0959,0.2165,,,
summary,2022-12-27,SPY,,,,,,,-0.45,,1,,,,,,,,,,,,0.6918,2022-12-27T10:30:00+00:00,265,636
summary,2022-12-27,QQQ,,,,,,,0.00,,0,,,,,,,,,,,,0.5213,2022-12-27T10:14:00+00:00,143,656
trade,2022-12-27,AAPL,Long,2022-12-27T15:42:00+00:00,2022-12-27T15:56:00+00:00,130.1640,129.8360,2.31,-0.76,-0.002520,840000,SessionClose,window:candle reversal,bearish_engulfing,0.2329,0.0000,0.1604,0.1687,0.3853,-0.5611,0.1155,-0.0532,,,
summary,2022-12-27,AAPL,,,,,,,-0.76,,1,,,,,,,,,,,,0.6537,2022-12-27T10:17:00+00:00,256,626
trade,2022-12-27,MSFT,Long,2022-12-27T15:41:00+00:00,2022-12-27T15:56:00+00:00,238.0064,237.4636,1.26,-0.68,-0.002280,900000,SessionClose,window:candle reversal,bearish_engulfing,0.2548,-0.0105,0.0565,0.2062,0.4179,-0.5635,0.0672,0.0185,,,
summary,2022-12-27,MSFT,,,,,,,-0.68,,1,,,,,,,,,,,,0.4617,2022-12-27T15:39:00+00:00,206,532
summary,2022-12-28,SPY,,,,,,,0.00,,0,,,,,,,,,,,,0.6918,2022-12-27T10:30:00+00:00,528,1422
trade,2022-12-28,QQQ,Long,2022-12-28T14:44:00+00:00,2022-12-28T15:56:00+00:00,264.8244,262.0863,1.13,-3.10,-0.010339,4320000,SessionClose,window:candle reversal,shooting_star,0.2171,0.0000,0.1293,0.2398,0.2010,-0.5511,-0.4924,-0.1638,,,
summary,2022-12-28,QQQ,,,,,,,-3.10,,1,,,,,,,,,,,,0.5213,2022-12-27T10:14:00+00:00,276,1516
trade,2022-12-28,AAPL,Long,2022-12-28T14:46:00+00:00,2022-12-28T14:54:00+00:00,130.6342,129.7960,2.30,-1.93,-0.006416,480000,ScoreExit,window:candle reversal,shooting_star,0.2710,-0.0547,0.1639,0.2699,0.3089,-0.5915,-0.0402,0.0953,,,
summary,2022-12-28,AAPL,,,,,,,-1.93,,1,,,,,,,,,,,,0.6537,2022-12-27T10:17:00+00:00,515,1415
trade,2022-12-28,MSFT,Long,2022-12-28T14:33:00+00:00,2022-12-28T15:28:00+00:00,238.0664,238.1936,1.26,0.16,0.000534,3300000,ScoreExit,window:strong core,,0.4323,-0.0608,0.5632,0.4432,0.3670,-0.5590,-0.1367,0.2571,,,
summary,2022-12-28,MSFT,,,,,,,0.16,,1,,,,,,,,,,,,0.4617,2022-12-27T15:39:00+00:00,371,1080
trade,2022-12-29,SPY,Long,2022-12-29T15:11:00+00:00,2022-12-29T15:56:00+00:00,382.2546,382.9501,0.78,0.55,0.001819,2700000,SessionClose,window:strong core,hammer,0.4156,0.2276,0.4764,0.4277,0.3711,0.5048,0.1096,0.3711,,,
summary,2022-12-29,SPY,,,,,,,0.55,,1,,,,,,,,,,,,0.6918,2022-12-27T10:30:00+00:00,921,2276
trade,2022-12-29,QQQ,Long,2022-12-29T14:46:00+00:00,2022-12-29T15:56:00+00:00,264.6744,266.2251,1.13,1.76,0.005859,4200000,SessionClose,window:strong core,hammer,0.4074,0.2400,0.3822,0.4373,0.3561,0.0996,0.1645,0.4379,,,
summary,2022-12-29,QQQ,,,,,,,1.76,,1,,,,,,,,,,,,0.5213,2022-12-27T10:14:00+00:00,677,2352
summary,2022-12-29,AAPL,,,,,,,0.00,,0,,,,,,,,,,,,0.6537,2022-12-27T10:17:00+00:00,866,2276
trade,2022-12-29,MSFT,Long,2022-12-29T14:57:00+00:00,2022-12-29T15:56:00+00:00,238.0064,239.6431,1.26,2.06,0.006877,3540000,SessionClose,window:strong core,,0.3510,0.3489,0.0228,0.4127,0.3372,0.0644,0.3421,0.4574,,,
summary,2022-12-29,MSFT,,,,,,,2.06,,1,,,,,,,,,,,,0.4828,2022-12-29T15:18:00+00:00,760,1661
summary,2022-12-30,SPY,,,,,,,0.00,,0,,,,,,,,,,,,0.8898,2022-12-27T15:46:00+00:00,1121,2872
summary,2022-12-30,QQQ,,,,,,,0.00,,0,,,,,,,,,,,,0.7837,2022-12-27T15:48:00+00:00,1037,2912
summary,2022-12-30,AAPL,,,,,,,0.00,,0,,,,,,,,,,,,0.6701,2022-12-27T17:11:00+00:00,1165,2817
summary,2022-12-30,MSFT,,,,,,,0.00,,0,,,,,,,,,,,,0.8979,2022-12-27T15:21:00+00:00,942,2050
