row_type,date,ticker,direction,entry_time,exit_time,entry_price,exit_price,size,pnl,pnl_pct,hold_duration_ms,exit_reason,entry_reason,candle_pattern,entry_composite,exit_composite,entry_1m,entry_5m,entry_1h,exit_1m,exit_5m,exit_1h,max_composite,max_composite_time,positive_ticks,total_ticks
summary,2024-01-01,QQQ,,,,,,,0.00,,0,,,,,,,,,,,,0.3505,2023-12-29T18:49:00+00:00,119,518
summary,2024-01-01,AAPL,,,,,,,0.00,,0,,,,,,,,,,,,0.2890,2023-12-29T20:28:00+00:00,33,543
summary,2024-01-01,MSFT,,,,,,,0.00,,0,,,,,,,,,,,,0.4099,2023-12-29T14:51:00+00:00,189,464
summary,2024-01-01,AMZN,,,,,,,0.00,,0,,,,,,,,,,,,0.6558,2023-12-29T15:08:00+00:00,56,516
summary,2024-01-02,QQQ,,,,,,,0.00,,0,,,,,,,,,,,,0.3739,2024-01-02T21:00:00+00:00,74,658
summary,2024-01-02,AAPL,,,,,,,0.00,,0,,,,,,,,,,,,0.6821,2024-01-02T10:21:00+00:00,121,636
summary,2024-01-02,MSFT,,,,,,,0.00,,0,,,,,,,,,,,,0.7394,2024-01-02T13:02:00+00:00,168,527
summary,2024-01-02,AMZN,,,,,,,0.00,,0,,,,,,,,,,,,0.5994,2024-01-02T13:01:00+00:00,101,576
summary,2024-01-03,QQQ,,,,,,,0.00,,0,,,,,,,,,,,,0.3913,2024-01-02T21:03:00+00:00,182,1490
summary,2024-01-03,AAPL,,,,,,,0.00,,0,,,,,,,,,,,,0.6821,2024-01-02T10:21:00+00:00,218,1436
trade,2024-01-03,MSFT,Long,2024-01-03T14:32:00+00:00,2024-01-03T15:56:00+00:00,370.7062,371.7684,20.69,21.98,0.002865,5040000,SessionClose,window:strong core,three_outside_up,0.5062,0.2242,0.6186,0.5541,0.3729,0.4152,0.0676,0.4737,,,
summary,2024-01-03,MSFT,,,,,,,21.98,,1,,,,,,,,,,,,0.7394,2024-01-02T13:02:00+00:00,510,1134
trade,2024-01-03,AMZN,Long,2024-01-03T14:34:00+00:00,2024-01-03T15:40:00+00:00,150.5001,150.0299,51.16,-24.06,-0.003125,3960000,ScoreExit,window:strong core,bearish_engulfing,0.4774,-0.0613,0.6165,0.4975,0.3906,-0.4003,-0.1838,0.2965,,,
summary,2024-01-03,AMZN,,,,,,,-24.06,,1,,,,,,,,,,,,0.5994,2024-01-02T13:01:00+00:00,357,1297
summary,2024-01-04,QQQ,,,,,,,0.00,,0,,,,,,,,,,,,0.3913,2024-01-02T21:03:00+00:00,182,2288
summary,2024-01-04,AAPL,,,,,,,0.00,,0,,,,,,,,,,,,0.6821,2024-01-02T10:21:00+00:00,218,2203
summary,2024-01-04,MSFT,,,,,,,0.00,,0,,,,,,,,,,,,0.7394,2024-01-02T13:02:00+00:00,680,1690
summary,2024-01-04,AMZN,,,,,,,0.00,,0,,,,,,,,,,,,0.5994,2024-01-02T13:01:00+00:00,357,2031
summary,2024-01-05,QQQ,,,,,,,0.00,,0,,,,,,,,,,,,0.3732,2024-01-02T21:03:00+00:00,238,2844
summary,2024-01-05,AAPL,,,,,,,0.00,,0,,,,,,,,,,,,0.7542,2024-01-02T14:32:00+00:00,102,2729
summary,2024-01-05,MSFT,,,,,,,0.00,,0,,,,,,,,,,,,0.6079,2024-01-03T14:48:00+00:00,769,2145
summary,2024-01-05,AMZN,,,,,,,0.00,,0,,,,,,,,,,,,0.6537,2024-01-02T17:04:00+00:00,489,2577
trade,2024-01-08,QQQ,Long,2024-01-08T14:36:00+00:00,2024-01-08T15:56:00+00:00,399.1147,401.5545,19.53,47.65,0.006113,4800000,SessionClose,window:strong core,,0.4530,0.1759,0.5659,0.4187,0.4838,0.3380,-0.0213,0.5163,,,
summary,2024-01-08,QQQ,,,,,,,47.65,,1,,,,,,,,,,,,0.8122,2024-01-05T15:55:00+00:00,596,1185
trade,2024-01-08,AAPL,Long,2024-01-08T14:46:00+00:00,2024-01-08T15:56:00+00:00,183.1199,183.6999,42.58,24.70,0.003167,4200000,SessionClose,window:candle reversal,shooting_star,0.4038,0.1746,0.5340,0.2553,0.6576,0.5355,-0.0905,0.5846,,,
summary,2024-01-08,AAPL,,,,,,,24.70,,1,,,,,,,,,,,,0.7314,2024-01-05T15:59:00+00:00,596,1170
summary,2024-01-08,MSFT,,,,,,,0.00,,0,,,,,,,,,,,,0.8739,2024-01-05T16:01:00+00:00,550,962
trade,2024-01-08,AMZN,Long,2024-01-08T14:31:00+00:00,2024-01-08T15:56:00+00:00,146.2739,147.9106,53.26,87.17,0.011190,5100000,SessionClose,window:strong core,three_outside_up,0.4443,0.1622,-0.2429,0.4392,0.6836,0.4458,-0.0982,0.5883,,,
summary,2024-01-08,AMZN,,,,,,,87.17,,1,,,,,,,,,,,,1.0000,2024-01-05T14:37:00+00:00,571,1039
summary,2024-01-09,QQQ,,,,,,,0.00,,0,,,,,,,,,,,,0.6935,2024-01-08T10:33:00+00:00,1227,1545
summary,2024-01-09,AAPL,,,,,,,0.00,,0,,,,,,,,,,,,0.6888,2024-01-08T11:34:00+00:00,1049,1371
trade,2024-01-09,MSFT,Long,2024-01-09T15:56:00+00:00,2024-01-09T15:57:00+00:00,374.4973,373.5129,20.94,-20.61,-0.002629,60000,SessionClose,window:candle reversal,shooting_star,0.3972,0.3421,0.5822,0.3748,0.3802,0.2553,0.3748,0.3054,,,
trade,2024-01-09,MSFT,Long,2024-01-09T16:00:00+00:00,2024-01-09T16:01:00+00:00,373.6971,373.9028,20.94,4.31,0.000550,60000,SessionClose,window:candle reversal,shooting_star,0.3287,0.4473,0.1381,0.3748,0.2999,0.4446,0.4409,0.4610,,,
summary,2024-01-09,MSFT,,,,,,,-16.30,,2,,,,,,,,,,,,0.8373,2024-01-08T11:52:00+00:00,864,1168
trade,2024-01-09,AMZN,Long,2024-01-09T14:31:00+00:00,2024-01-09T15:56:00+00:00,148.4795,150.2999,53.13,96.72,0.012260,5100000,SessionClose,window:strong core,,0.4567,0.2563,0.3231,0.5048,0.4052,0.3941,0.0401,0.6425,,,
summary,2024-01-09,AMZN,,,,,,,96.72,,1,,,,,,,,,,,,0.6686,2024-01-08T14:44:00+00:00,1049,1268
summary,2024-01-10,QQQ,,,,,,,0.00,,0,,,,,,,,,,,,0.6935,2024-01-08T10:33:00+00:00,1845,2388
summary,2024-01-10,AAPL,,,,,,,0.00,,0,,,,,,,,,,,,0.6888,2024-01-08T11:34:00+00:00,1465,2107
trade,2024-01-10,MSFT,Long,2024-01-10T14:31:00+00:00,2024-01-10T15:56:00+00:00,377.3732,381.5305,20.83,86.60,0.011016,5100000,SessionClose,window:strong core,,0.4216,0.1595,0.4667,0.4253,0.3991,-0.1733,0.0634,0.4628,,,
summary,2024-01-10,MSFT,,,,,,,86.60,,1,,,,,,,,,,,,0.8373,2024-01-08T11:52:00+00:00,1377,1790
summary,2024-01-10,AMZN,,,,,,,0.00,,0,,,,,,,,,,,,0.6686,2024-01-08T14:44:00+00:00,1657,1978
trade,2024-01-11,QQQ,Long,2024-01-11T14:37:00+00:00,2024-01-11T15:01:00+00:00,410.9382,408.6324,19.21,-44.29,-0.005611,1440000,ScoreExit,window:candle reversal,shooting_star,0.3405,-0.1484,0.4748,0.3488,0.2791,-0.2554,-0.2919,0.1742,,,
summary,2024-01-11,QQQ,,,,,,,-44.29,,1,,,,,,,,,,,,0.9019,2024-01-08T15:49:00+00:00,2285,2969
summary,2024-01-11,AAPL,,,,,,,0.00,,0,,,,,,,,,,,,0.9828,2024-01-08T14:41:00+00:00,1809,2640
trade,2024-01-11,MSFT,Long,2024-01-11T14:31:00+00:00,2024-01-11T15:05:00+00:00,387.2711,385.2794,20.56,-40.95,-0.005143,2040000,ScoreExit,window:strong core,,0.5170,-0.0590,0.5354,0.5660,0.4131,-0.5474,-0.1139,0.2138,,,
summary,2024-01-11,MSFT,,,,,,,-40.95,,1,,,,,,,,,,,,0.5958,2024-01-08T19:28:00+00:00,1807,2364
trade,2024-01-11,AMZN,Long,2024-01-11T14:31:00+00:00,2024-01-11T15:06:00+00:00,155.7417,154.8285,51.58,-47.10,-0.005863,2100000,ScoreExit,window:strong core,hammer,0.5224,-0.1557,0.5446,0.5701,0.4197,-0.4704,-0.3450,0.3277,,,
summary,2024-01-11,AMZN,,,,,,,-47.10,,1,,,,,,,,,,,,0.8943,2024-01-08T15:04:00+00:00,2119,2582
summary,2024-01-12,QQQ,,,,,,,0.00,,0,,,,,,,,,,,,0.7605,2024-01-09T16:03:00+00:00,2226,2941
summary,2024-01-12,AAPL,,,,,,,0.00,,0,,,,,,,,,,,,0.6773,2024-01-09T16:55:00+00:00,1775,2604
summary,2024-01-12,MSFT,,,,,,,0.00,,0,,,,,,,,,,,,0.9582,2024-01-09T15:55:00+00:00,1873,2334
summary,2024-01-12,AMZN,,,,,,,0.00,,0,,,,,,,,,,,,0.9553,2024-01-09T15:40:00+00:00,2058,2557
summary,2024-01-15,QQQ,,,,,,,0.00,,0,,,,,,,,,,,,0.4822,2024-01-12T14:45:00+00:00,115,501
summary,2024-01-15,AAPL,,,,,,,0.00,,0,,,,,,,,,,,,0.3980,2024-01-12T14:31:00+00:00,87,517
summary,2024-01-15,MSFT,,,,,,,0.00,,0,,,,,,,,,,,,0.9170,2024-01-12T16:02:00+00:00,362,477
summary,2024-01-15,AMZN,,,,,,,0.00,,0,,,,,,,,,,,,0.8650,2024-01-12T14:49:00+00:00,87,505
trade,2024-01-16,QQQ,Long,2024-01-16T15:21:00+00:00,2024-01-16T15:56:00+00:00,409.8179,410.7817,19.20,18.51,0.002352,2100000,SessionClose,window:strong core,,0.5554,0.4488,0.5404,0.4386,0.7938,0.0011,0.2477,1.0000,,,
summary,2024-01-16,QQQ,,,,,,,18.51,,1,,,,,,,,,,,,0.6197,2024-01-16T15:24:00+00:00,331,656
trade,2024-01-16,AAPL,Long,2024-01-16T15:36:00+00:00,2024-01-16T15:56:00+00:00,182.8198,183.7099,43.01,38.28,0.004868,1200000,SessionClose,window:strong core,,0.5555,0.6219,0.2334,0.4741,0.8256,0.4054,0.4690,1.0000,,,
trade,2024-01-16,AAPL,Long,2024-01-16T15:58:00+00:00,2024-01-16T15:59:00+00:00,183.8501,183.7104,42.92,-6.00,-0.000760,60000,SessionClose,window:candle reversal,shooting_star,0.6239,0.6067,0.4256,0.4690,1.0000,0.2527,0.4690,1.0000,,,
summary,2024-01-16,AAPL,,,,,,,32.28,,2,,,,,,,,,,,,0.6855,2024-01-16T15:48:00+00:00,231,626
summary,2024-01-16,MSFT,,,,,,,0.00,,0,,,,,,,,,,,,0.8159,2024-01-16T10:23:00+00:00,235,582
summary,2024-01-16,AMZN,,,,,,,0.00,,0,,,,,,,,,,,,0.5815,2024-01-16T14:32:00+00:00,203,578
summary,2024-01-17,QQQ,,,,,,,0.00,,0,,,,,,,,,,,,0.6197,2024-01-16T15:24:00+00:00,564,1506
summary,2024-01-17,AAPL,,,,,,,0.00,,0,,,,,,,,,,,,0.6855,2024-01-16T15:48:00+00:00,505,1350
summary,2024-01-17,MSFT,,,,,,,0.00,,0,,,,,,,,,,,,0.8159,2024-01-16T10:23:00+00:00,553,1242
summary,2024-01-17,AMZN,,,,,,,0.00,,0,,,,,,,,,,,,0.5815,2024-01-16T14:32:00+00:00,359,1270
summary,2024-01-18,QQQ,,,,,,,0.00,,0,,,,,,,,,,,,0.6197,2024-01-16T15:24:00+00:00,1241,2375
trade,2024-01-18,AAPL,Long,2024-01-18T14:46:00+00:00,2024-01-18T15:56:00+00:00,186.9102,187.9236,42.86,43.43,0.005422,4200000,SessionClose,window:candle reversal,shooting_star,0.3522,0.4207,0.1704,0.3131,0.4909,0.5423,0.3576,0.5064,,,
summary,2024-01-18,AAPL,,,,,,,43.43,,1,,,,,,,,,,,,0.6855,2024-01-16T15:48:00+00:00,1022,2112
summary,2024-01-18,MSFT,,,,,,,0.00,,0,,,,,,,,,,,,0.8159,2024-01-16T10:23:00+00:00,996,1899
summary,2024-01-18,AMZN,,,,,,,0.00,,0,,,,,,,,,,,,0.5815,2024-01-16T14:32:00+00:00,826,2002
summary,2024-01-19,QQQ,,,,,,,0.00,,0,,,,,,,,,,,,0.9554,2024-01-16T15:48:00+00:00,1744,3008
summary,2024-01-19,AAPL,,,,,,,0.00,,0,,,,,,,,,,,,0.9584,2024-01-16T15:48:00+00:00,1734,2723
summary,2024-01-19,MSFT,,,,,,,0.00,,0,,,,,,,,,,,,0.5434,2024-01-18T09:01:00+00:00,1282,2418
summary,2024-01-19,AMZN,,,,,,,0.00,,0,,,,,,,,,,,,1.0000,2024-01-16T14:32:00+00:00,1161,2522
summary,2024-01-22,QQQ,,,,,,,0.00,,0,,,,,,,,,,,,0.5784,2024-01-19T19:13:00+00:00,1057,1254
trade,2024-01-22,AAPL,Long,2024-01-22T14:31:00+00:00,2024-01-22T15:47:00+00:00,192.5527,194.5466,41.06,81.87,0.010355,4560000,ScoreExit,window:strong core,three_outside_up,0.5101,-0.0586,0.5349,0.4675,0.5870,-0.5500,-0.2641,0.5162,,,
summary,2024-01-22,AAPL,,,,,,,81.87,,1,,,,,,,,,,,,0.5739,2024-01-19T18:40:00+00:00,1022,1157
summary,2024-01-22,MSFT,,,,,,,0.00,,0,,,,,,,,,,,,0.5878,2024-01-19T20:59:00+00:00,809,1164
summary,2024-01-22,AMZN,,,,,,,0.00,,0,,,,,,,,,,,,0.6068,2024-01-19T17:37:00+00:00,823,1124
summary,2024-01-23,QQQ,,,,,,,0.00,,0,,,,,,,,,,,,0.4774,2024-01-22T10:14:00+00:00,647,1526
summary,2024-01-23,AAPL,,,,,,,0.00,,0,,,,,,,,,,,,0.7258,2024-01-22T10:29:00+00:00,768,1309
summary,2024-01-23,MSFT,,,,,,,0.00,,0,,,,,,,,,,,,0.5213,2024-01-22T10:14:00+00:00,534,1175
summary,2024-01-23,AMZN,,,,,,,0.00,,0,,,,,,,,,,,,0.5939,2024-01-22T14:27:00+00:00,571,1254
trade,2024-01-24,QQQ,Long,2024-01-24T15:36:00+00:00,2024-01-24T15:56:00+00:00,428.4135,428.0865,18.50,-6.05,-0.000763,1200000,SessionClose,window:strong core,hammer,0.4117,0.1444,0.5507,0.4138,0.3611,-0.5615,0.1537,0.3611,,,
summary,2024-01-24,QQQ,,,,,,,-6.05,,1,,,,,,,,,,,,0.4774,2024-01-22T10:14:00+00:00,1306,2387
summary,2024-01-24,AAPL,,,,,,,0.00,,0,,,,,,,,,,,,0.7258,2024-01-22T10:29:00+00:00,1272,2060
trade,2024-01-24,MSFT,Long,2024-01-24T15:06:00+00:00,2024-01-24T15:56:00+00:00,403.1709,403.5346,19.64,7.14,0.000902,3000000,SessionClose,window:strong core,hammer,0.4063,-0.0130,0.5584,0.4102,0.3476,-0.5464,-0.1044,0.3476,,,
summary,2024-01-24,MSFT,,,,,,,7.14,,1,,,,,,,,,,,,0.5213,2024-01-22T10:14:00+00:00,1059,1866
summary,2024-01-24,AMZN,,,,,,,0.00,,0,,,,,,,,,,,,0.5939,2024-01-22T14:27:00+00:00,1128,2041
summary,2024-01-25,QQQ,,,,,,,0.00,,0,,,,,,,,,,,,0.4437,2024-01-24T09:02:00+00:00,1619,2959
summary,2024-01-25,AAPL,,,,,,,0.00,,0,,,,,,,,,,,,1.0000,2024-01-22T14:34:00+00:00,1292,2581
trade,2024-01-25,MSFT,Long,2024-01-25T15:31:00+00:00,2024-01-25T15:56:00+00:00,406.2969,406.3730,19.52,1.49,0.000188,1500000,SessionClose,window:candle reversal,shooting_star,0.3078,0.3510,0.3060,0.2740,0.3760,-0.0233,0.4009,0.3760,,,
trade,2024-01-25,MSFT,Long,2024-01-25T15:58:00+00:00,2024-01-25T15:59:00+00:00,407.0691,406.8329,19.49,-4.60,-0.000580,60000,SessionClose,window:strong core,,0.4071,0.4080,0.5373,0.4009,0.3760,0.5466,0.4009,0.3760,,,
summary,2024-01-25,MSFT,,,,,,,-3.11,,2,,,,,,,,,,,,0.5023,2024-01-22T16:24:00+00:00,1420,2363
trade,2024-01-25,AMZN,Long,2024-01-25T15:26:00+00:00,2024-01-25T15:56:00+00:00,157.3722,157.3128,50.39,-2.99,-0.000377,1800000,SessionClose,window:strong core,three_outside_up,0.4179,0.3163,0.5680,0.4291,0.3455,-0.2773,0.4006,0.3455,,,
trade,2024-01-25,AMZN,Long,2024-01-25T15:58:00+00:00,2024-01-25T15:59:00+00:00,157.6323,157.6828,50.30,2.54,0.000320,60000,SessionClose,window:strong core,bullish_engulfing,0.3866,0.3995,0.4257,0.4006,0.3455,0.5552,0.4006,0.3455,,,
summary,2024-01-25,AMZN,,,,,,,-0.45,,2,,,,,,,,,,,,0.4643,2024-01-24T09:02:00+00:00,1485,2666
summary,2024-01-26,QQQ,,,,,,,0.00,,0,,,,,,,,,,,,0.5344,2024-01-24T00:58:00+00:00,1626,3059
summary,2024-01-26,AAPL,,,,,,,0.00,,0,,,,,,,,,,,,0.4230,2024-01-24T15:44:00+00:00,862,2648
summary,2024-01-26,MSFT,,,,,,,0.00,,0,,,,,,,,,,,,0.5799,2024-01-23T20:12:00+00:00,1794,2440
trade,2024-01-26,AMZN,Long,2024-01-26T15:42:00+00:00,2024-01-26T15:56:00+00:00,158.8826,158.9773,49.84,4.72,0.000596,840000,SessionClose,window:candle reversal,shooting_star,0.3199,0.3174,0.4292,0.3117,0.3000,0.5129,0.2935,0.3000,,,
summary,2024-01-26,AMZN,,,,,,,4.72,,1,,,,,,,,,,,,0.6805,2024-01-23T15:11:00+00:00,1909,2770
summary,2024-01-29,QQQ,,,,,,,0.00,,0,,,,,,,,,,,,0.8829,2024-01-26T15:59:00+00:00,598,1206
summary,2024-01-29,AAPL,,,,,,,0.00,,0,,,,,,,,,,,,0.5205,2024-01-26T15:03:00+00:00,137,1095
trade,2024-01-29,MSFT,Long,2024-01-29T14:51:00+00:00,2024-01-29T15:34:00+00:00,408.8076,405.4533,19.39,-65.05,-0.008205,2580000,ScoreExit,window:strong core,three_outside_down,0.4692,-0.0501,0.5881,0.4412,0.4854,-0.5527,-0.1118,0.2408,,,
summary,2024-01-29,MSFT,,,,,,,-65.05,,1,,,,,,,,,,,,0.8854,2024-01-26T15:49:00+00:00,649,1052
summary,2024-01-29,AMZN,,,,,,,0.00,,0,,,,,,,,,,,,0.8343,2024-01-26T14:33:00+00:00,620,1136
summary,2024-01-30,QQQ,,,,,,,0.00,,0,,,,,,,,,,,,0.4550,2024-01-29T20:19:00+00:00,945,1547
summary,2024-01-30,AAPL,,,,,,,0.00,,0,,,,,,,,,,,,0.4267,2024-01-29T19:11:00+00:00,350,1335
summary,2024-01-30,MSFT,,,,,,,0.00,,0,,,,,,,,,,,,0.9874,2024-01-29T09:03:00+00:00,1000,1412
summary,2024-01-30,AMZN,,,,,,,0.00,,0,,,,,,,,,,,,0.7248,2024-01-29T10:34:00+00:00,731,1394
summary,2024-01-31,QQQ,,,,,,,0.00,,0,,,,,,,,,,,,0.4550,2024-01-29T20:19:00+00:00,997,2471
summary,2024-01-31,AAPL,,,,,,,0.00,,0,,,,,,,,,,,,0.4267,2024-01-29T19:11:00+00:00,350,2136
trade,2024-01-31,MSFT,Long,2024-01-31T14:31:00+00:00,2024-01-31T14:46:00+00:00,410.8082,407.6877,19.15,-59.76,-0.007596,900000,ScoreExit,window:strong core,three_outside_up,0.5754,-0.0964,0.6882,0.6849,0.3189,-0.6406,-0.1078,0.1077,,,
summary,2024-01-31,MSFT,,,,,,,-59.76,,1,,,,,,,,,,,,0.9874,2024-01-29T09:03:00+00:00,1150,2303
trade,2024-01-31,AMZN,Long,2024-01-31T14:31:00+00:00,2024-01-31T14:41:00+00:00,157.1421,157.0937,50.22,-2.43,-0.000308,600000,ScoreExit,window:5m thrust,three_outside_up,0.3601,-0.0799,0.4164,0.5257,0.0100,-0.4299,-0.0665,0.0100,,,
summary,2024-01-31,AMZN,,,,,,,-2.43,,1,,,,,,,,,,,,0.7248,2024-01-29T10:34:00+00:00,775,2281
summary,2024-02-01,QQQ,,,,,,,0.00,,0,,,,,,,,,,,,0.6122,2024-01-29T20:19:00+00:00,1042,3091
summary,2024-02-01,AAPL,,,,,,,0.00,,0,,,,,,,,,,,,0.5445,2024-01-29T20:20:00+00:00,339,2730
trade,2024-02-01,MSFT,Long,2024-02-01T14:46:00+00:00,2024-02-01T15:35:00+00:00,405.9763,405.9732,19.31,-0.06,-0.000008,2940000,ScoreExit,window:5m thrust,hammer,0.4346,-0.0525,0.3371,0.5664,0.2035,-0.4662,-0.0660,0.1122,,,
summary,2024-02-01,MSFT,,,,,,,-0.06,,1,,,,,,,,,,,,0.9022,2024-01-29T14:51:00+00:00,1228,2930
trade,2024-02-01,AMZN,Long,2024-02-01T14:58:00+00:00,2024-02-01T15:38:00+00:00,158.3225,157.9220,49.74,-19.92,-0.002529,2400000,ScoreExit,window:candle reversal,shooting_star,0.3909,-0.0940,0.4312,0.4734,0.2122,-0.5202,-0.0716,0.0032,,,
summary,2024-02-01,AMZN,,,,,,,-19.92,,1,,,,,,,,,,,,0.6533,2024-01-29T16:56:00+00:00,974,2903
trade,2024-02-02,QQQ,Long,2024-02-02T14:46:00+00:00,2024-02-02T15:56:00+00:00,426.1528,427.1268,18.48,18.00,0.002286,4200000,SessionClose,window:candle reversal,shooting_star,0.3514,0.2426,0.5676,0.3684,0.2454,0.3489,0.2069,0.2787,,,
summary,2024-02-02,QQQ,,,,,,,18.00,,1,,,,,,,,,,,,0.4885,2024-02-01T21:49:00+00:00,914,3098
trade,2024-02-02,AAPL,Long,2024-02-02T15:11:00+00:00,2024-02-02T15:56:00+00:00,183.1299,185.5293,43.00,103.18,0.013102,2700000,SessionClose,window:5m thrust,hammer,0.4306,0.4551,0.3482,0.5364,0.2464,0.5406,0.4848,0.3673,,,
trade,2024-02-02,AAPL,Long,2024-02-02T15:58:00+00:00,2024-02-02T15:59:00+00:00,185.9808,185.4993,42.76,-20.59,-0.002589,60000,SessionClose,window:strong core,,0.4752,0.4137,0.5813,0.4848,0.4206,0.1427,0.4848,0.3617,,,
summary,2024-02-02,AAPL,,,,,,,82.59,,2,,,,,,,,,,,,0.5170,2024-02-02T16:13:00+00:00,507,2877
trade,2024-02-02,MSFT,Long,2024-02-02T14:42:00+00:00,2024-02-02T15:56:00+00:00,407.7307,408.4124,19.09,13.01,0.001672,4440000,SessionClose,window:strong core,hammer,0.3944,0.0172,0.3228,0.4455,0.3161,-0.0578,-0.1227,0.3220,,,
summary,2024-02-02,MSFT,,,,,,,13.01,,1,,,,,,,,,,,,0.8398,2024-01-30T23:08:00+00:00,1051,2855
summary,2024-02-02,AMZN,,,,,,,0.00,,0,,,,,,,,,,,,0.9005,2024-01-30T14:48:00+00:00,1432,3035
summary,2024-02-05,QQQ,,,,,,,0.00,,0,,,,,,,,,,,,0.9324,2024-02-02T15:44:00+00:00,872,1244
summary,2024-02-05,AAPL,,,,,,,0.00,,0,,,,,,,,,,,,1.0000,2024-02-02T14:31:00+00:00,1094,1237
summary,2024-02-05,MSFT,,,,,,,0.00,,0,,,,,,,,,,,,1.0000,2024-02-02T14:34:00+00:00,535,1051
summary,2024-02-05,AMZN,,,,,,,0.00,,0,,,,,,,,,,,,1.0000,2024-02-02T14:36:00+00:00,624,1235
summary,2024-02-06,QQQ,,,,,,,0.00,,0,,,,,,,,,,,,0.7066,2024-02-05T10:34:00+00:00,853,1527
trade,2024-02-06,AAPL,Long,2024-02-06T14:48:00+00:00,2024-02-06T15:39:00+00:00,188.5115,187.8486,42.02,-27.85,-0.003517,3060000,ScoreExit,window:candle reversal,shooting_star,0.3120,-0.0602,0.5135,0.2451,0.3788,-0.3475,-0.1607,0.2364,,,
summary,2024-02-06,AAPL,,,,,,,-27.85,,1,,,,,,,,,,,,0.6080,2024-02-05T17:44:00+00:00,984,1385
summary,2024-02-06,MSFT,,,,,,,0.00,,0,,,,,,,,,,,,0.4706,2024-02-05T09:43:00+00:00,352,1205
summary,2024-02-06,AMZN,,,,,,,0.00,,0,,,,,,,,,,,,0.6153,2024-02-05T17:29:00+00:00,572,1413
trade,2024-02-07,QQQ,Long,2024-02-07T15:21:00+00:00,2024-02-07T15:56:00+00:00,431.4344,431.8254,18.35,7.17,0.000906,2100000,SessionClose,window:strong core,shooting_star,0.3867,0.0868,0.3525,0.4032,0.3652,-0.5021,0.0457,0.3652,,,
summary,2024-02-07,QQQ,,,,,,,7.17,,1,,,,,,,,,,,,0.7066,2024-02-05T10:34:00+00:00,1444,2354
summary,2024-02-07,AAPL,,,,,,,0.00,,0,,,,,,,,,,,,0.6080,2024-02-05T17:44:00+00:00,1568,2148
trade,2024-02-07,MSFT,Long,2024-02-07T14:31:00+00:00,2024-02-07T15:56:00+00:00,408.2924,410.9317,19.37,51.12,0.006464,5100000,SessionClose,window:candle reversal,shooting_star,0.3078,0.0845,0.4216,0.2779,0.3297,-0.5423,0.0232,0.4159,,,
summary,2024-02-07,MSFT,,,,,,,51.12,,1,,,,,,,,,,,,0.4706,2024-02-05T09:43:00+00:00,851,1817
summary,2024-02-07,AMZN,,,,,,,0.00,,0,,,,,,,,,,,,0.6153,2024-02-05T17:29:00+00:00,954,2079
summary,2024-02-08,QQQ,,,,,,,0.00,,0,,,,,,,,,,,,0.5079,2024-02-05T19:46:00+00:00,1941,2878
summary,2024-02-08,AAPL,,,,,,,0.00,,0,,,,,,,,,,,,0.8982,2024-02-05T15:14:00+00:00,1765,2556
trade,2024-02-08,MSFT,Long,2024-02-08T14:42:00+00:00,2024-02-08T15:01:00+00:00,415.1295,413.4809,19.16,-31.59,-0.003971,1140000,ScoreExit,window:strong core,three_outside_up,0.3791,-0.0546,0.4142,0.4014,0.3228,-0.3217,-0.2090,0.3432,,,
summary,2024-02-08,MSFT,,,,,,,-31.59,,1,,,,,,,,,,,,0.4693,2024-02-07T15:29:00+00:00,1197,2309
trade,2024-02-08,AMZN,Long,2024-02-08T15:16:00+00:00,2024-02-08T15:56:00+00:00,171.2514,170.8397,46.30,-19.06,-0.002404,2400000,SessionClose,window:candle reversal,shooting_star,0.3775,0.1420,0.5604,0.3987,0.2740,-0.2515,0.1415,0.2740,,,
summary,2024-02-08,AMZN,,,,,,,-19.06,,1,,,,,,,,,,,,0.6638,2024-02-05T17:13:00+00:00,1361,2527
trade,2024-02-09,QQQ,Long,2024-02-09T15:36:00+00:00,2024-02-09T15:56:00+00:00,435.9657,435.6943,18.16,-4.93,-0.000623,1200000,SessionClose,window:candle reversal,shooting_star,0.3569,0.2385,0.5454,0.3671,0.2737,-0.3713,0.3226,0.2737,,,
summary,2024-02-09,QQQ,,,,,,,-4.93,,1,,,,,,,,,,,,0.4965,2024-02-07T15:29:00+00:00,1936,2844
summary,2024-02-09,AAPL,,,,,,,0.00,,0,,,,,,,,,,,,0.9017,2024-02-06T14:46:00+00:00,1422,2470
trade,2024-02-09,MSFT,Long,2024-02-09T15:21:00+00:00,2024-02-09T15:56:00+00:00,418.4005,418.2395,18.97,-3.05,-0.000385,2100000,SessionClose,window:strong core,shooting_star,0.4079,0.1856,0.5034,0.4189,0.3541,-0.5373,0.2218,0.3541,,,
summary,2024-02-09,MSFT,,,,,,,-3.05,,1,,,,,,,,,,,,0.5066,2024-02-07T15:29:00+00:00,1547,2224
trade,2024-02-09,AMZN,Long,2024-02-09T15:31:00+00:00,2024-02-09T15:56:00+00:00,171.8465,173.2480,45.87,64.28,0.008155,1500000,SessionClose,window:strong core,,0.4700,0.5066,0.5354,0.4367,0.5148,0.4199,0.5169,0.5148,,,
trade,2024-02-09,AMZN,Long,2024-02-09T15:58:00+00:00,2024-02-09T15:59:00+00:00,173.1669,173.0631,45.80,-4.76,-0.000600,60000,SessionClose,window:strong core,hammer,0.4405,0.4460,-0.2404,0.5169,0.5148,-0.1862,0.5169,0.5148,,,
summary,2024-02-09,AMZN,,,,,,,59.52,,2,,,,,,,,,,,,0.5385,2024-02-09T15:46:00+00:00,1489,2458
summary,2024-02-12,QQQ,,,,,,,0.00,,0,,,,,,,,,,,,0.8598,2024-02-09T15:46:00+00:00,845,1163
summary,2024-02-12,AAPL,,,,,,,0.00,,0,,,,,,,,,,,,0.6271,2024-02-09T16:44:00+00:00,255,1095
summary,2024-02-12,MSFT,,,,,,,0.00,,0,,,,,,,,,,,,0.9545,2024-02-09T15:41:00+00:00,642,1001
summary,2024-02-12,AMZN,,,,,,,0.00,,0,,,,,,,,,,,,0.9563,2024-02-09T15:42:00+00:00,767,1147
summary,2024-02-13,QQQ,,,,,,,0.00,,0,,,,,,,,,,,,0.4936,2024-02-12T16:34:00+00:00,212,1506
summary,2024-02-13,AAPL,,,,,,,0.00,,0,,,,,,,,,,,,0.5990,2024-02-12T09:07:00+00:00,131,1262
summary,2024-02-13,MSFT,,,,,,,0.00,,0,,,,,,,,,,,,0.5764,2024-02-12T09:51:00+00:00,181,1180
summary,2024-02-13,AMZN,,,,,,,0.00,,0,,,,,,,,,,,,0.5259,2024-02-12T10:17:00+00:00,122,1348
summary,2024-02-14,QQQ,,,,,,,0.00,,0,,,,,,,,,,,,0.4936,2024-02-12T16:34:00+00:00,606,2396
summary,2024-02-14,AAPL,,,,,,,0.00,,0,,,,,,,,,,,,0.5990,2024-02-12T09:07:00+00:00,227,1971
summary,2024-02-14,MSFT,,,,,,,0.00,,0,,,,,,,,,,,,0.5764,2024-02-12T09:51:00+00:00,215,1859
summary,2024-02-14,AMZN,,,,,,,0.00,,0,,,,,,,,,,,,0.5259,2024-02-12T10:17:00+00:00,184,2073
summary,2024-02-15,QQQ,,,,,,,0.00,,0,,,,,,,,,,,,0.8009,2024-02-12T15:54:00+00:00,1134,2949
summary,2024-02-15,AAPL,,,,,,,0.00,,0,,,,,,,,,,,,0.3950,2024-02-15T20:57:00+00:00,239,2603
summary,2024-02-15,MSFT,,,,,,,0.00,,0,,,,,,,,,,,,0.7990,2024-02-12T15:59:00+00:00,316,2381
summary,2024-02-15,AMZN,,,,,,,0.00,,0,,,,,,,,,,,,0.6281,2024-02-12T14:34:00+00:00,322,2580
summary,2024-02-16,QQQ,,,,,,,0.00,,0,,,,,,,,,,,,0.9559,2024-02-13T15:43:00+00:00,1953,2957
summary,2024-02-16,AAPL,,,,,,,0.00,,0,,,,,,,,,,,,0.9558,2024-02-13T15:54:00+00:00,774,2755
summary,2024-02-16,MSFT,,,,,,,0.00,,0,,,,,,,,,,,,0.9529,2024-02-13T15:41:00+00:00,1173,2388
summary,2024-02-16,AMZN,,,,,,,0.00,,0,,,,,,,,,,,,1.0000,2024-02-13T14:35:00+00:00,1438,2547
summary,2024-02-19,QQQ,,,,,,,0.00,,0,,,,,,,,,,,,0.5130,2024-02-16T16:20:00+00:00,176,540
summary,2024-02-19,AAPL,,,,,,,0.00,,0,,,,,,,,,,,,1.0000,2024-02-16T14:37:00+00:00,77,549
summary,2024-02-19,MSFT,,,,,,,0.00,,0,,,,,,,,,,,,0.5288,2024-02-16T19:24:00+00:00,134,488
summary,2024-02-19,AMZN,,,,,,,0.00,,0,,,,,,,,,,,,0.9563,2024-02-16T16:01:00+00:00,317,516
summary,2024-02-20,QQQ,,,,,,,0.00,,0,,,,,,,,,,,,0.3886,2024-02-20T20:59:00+00:00,190,694
summary,2024-02-20,AAPL,,,,,,,0.00,,0,,,,,,,,,,,,0.5111,2024-02-20T12:14:00+00:00,243,588
summary,2024-02-20,MSFT,,,,,,,0.00,,0,,,,,,,,,,,,0.6080,2024-02-20T13:12:00+00:00,227,563
summary,2024-02-20,AMZN,,,,,,,0.00,,0,,,,,,,,,,,,0.5466,2024-02-20T16:00:00+00:00,164,601
summary,2024-02-21,QQQ,,,,,,,0.00,,0,,,,,,,,,,,,0.4704,2024-02-21T20:59:00+00:00,424,1550
trade,2024-02-21,AAPL,Long,2024-02-21T14:36:00+00:00,2024-02-21T15:52:00+00:00,182.5698,182.2270,43.01,-14.74,-0.001877,4560000,ScoreExit,window:candle reversal,shooting_star,0.3348,-0.0510,0.3843,0.2555,0.4769,-0.5126,-0.2101,0.4211,,,
summary,2024-02-21,AAPL,,,,,,,-14.74,,1,,,,,,,,,,,,0.5111,2024-02-20T12:14:00+00:00,752,1328
summary,2024-02-21,MSFT,,,,,,,0.00,,0,,,,,,,,,,,,0.6080,2024-02-20T13:12:00+00:00,472,1177
trade,2024-02-21,AMZN,Long,2024-02-21T14:31:00+00:00,2024-02-21T15:11:00+00:00,169.2858,169.1942,46.84,-4.29,-0.000541,2400000,ScoreExit,window:strong core,three_outside_up,0.4832,-0.0944,0.5841,0.4508,0.5144,-0.4423,-0.2407,0.3141,,,
summary,2024-02-21,AMZN,,,,,,,-4.29,,1,,,,,,,,,,,,0.6046,2024-02-20T22:27:00+00:00,816,1449
summary,2024-02-22,QQQ,,,,,,,0.00,,0,,,,,,,,,,,,0.5106,2024-02-22T09:05:00+00:00,1260,2493
summary,2024-02-22,AAPL,,,,,,,0.00,,0,,,,,,,,,,,,0.5111,2024-02-20T12:14:00+00:00,1379,2158
trade,2024-02-22,MSFT,Long,2024-02-22T14:39:00+00:00,2024-02-22T15:46:00+00:00,410.2180,410.0120,19.24,-3.96,-0.000502,4020000,ScoreExit,window:candle reversal,bearish_engulfing,0.3041,-0.0914,0.4545,0.1968,0.4686,-0.5907,-0.2527,0.3976,,,
summary,2024-02-22,MSFT,,,,,,,-3.96,,1,,,,,,,,,,,,0.6080,2024-02-20T13:12:00+00:00,1183,2005
trade,2024-02-22,AMZN,Long,2024-02-22T14:46:00+00:00,2024-02-22T15:01:00+00:00,172.8367,172.4433,45.70,-17.98,-0.002277,900000,ScoreExit,window:candle reversal,bearish_engulfing,0.3227,-0.0930,0.2052,0.2370,0.5332,-0.4970,-0.3386,0.5329,,,
summary,2024-02-22,AMZN,,,,,,,-17.98,,1,,,,,,,,,,,,0.6046,2024-02-20T22:27:00+00:00,1604,2309
trade,2024-02-23,QQQ,Long,2024-02-23T14:31:00+00:00,2024-02-23T14:56:00+00:00,439.9770,439.7130,17.96,-4.74,-0.000600,1500000,ScoreExit,window:candle reversal,shooting_star,0.3790,-0.0694,0.5266,0.3962,0.2953,-0.3248,-0.2091,0.2953,,,
summary,2024-02-23,QQQ,,,,,,,-4.74,,1,,,,,,,,,,,,0.6540,2024-02-20T16:01:00+00:00,1741,3046
summary,2024-02-23,AAPL,,,,,,,0.00,,0,,,,,,,,,,,,0.5300,2024-02-21T00:24:00+00:00,1595,2643
summary,2024-02-23,MSFT,,,,,,,0.00,,0,,,,,,,,,,,,0.7532,2024-02-20T16:04:00+00:00,1506,2470
summary,2024-02-23,AMZN,,,,,,,0.00,,0,,,,,,,,,,,,0.9258,2024-02-20T16:00:00+00:00,2115,2867
summary,2024-02-26,QQQ,,,,,,,0.00,,0,,,,,,,,,,,,0.3218,2024-02-26T16:53:00+00:00,286,1184
summary,2024-02-26,AAPL,,,,,,,0.00,,0,,,,,,,,,,,,0.1117,2024-02-23T14:31:00+00:00,2,1104
summary,2024-02-26,MSFT,,,,,,,0.00,,0,,,,,,,,,,,,0.3384,2024-02-23T14:41:00+00:00,44,946
trade,2024-02-26,AMZN,Long,2024-02-26T15:33:00+00:00,2024-02-26T15:56:00+00:00,175.5977,175.4424,45.06,-7.00,-0.000884,1380000,SessionClose,window:candle reversal,shooting_star,0.3093,0.0472,-0.0468,0.3370,0.3725,-0.1901,-0.0604,0.3414,,,
summary,2024-02-26,AMZN,,,,,,,-7.00,,1,,,,,,,,,,,,0.8979,2024-02-23T15:11:00+00:00,548,1107
summary,2024-02-27,QQQ,,,,,,,0.00,,0,,,,,,,,,,,,0.7343,2024-02-26T10:29:00+00:00,795,1493
summary,2024-02-27,AAPL,,,,,,,0.00,,0,,,,,,,,,,,,0.6317,2024-02-27T19:32:00+00:00,460,1265
summary,2024-02-27,MSFT,,,,,,,0.00,,0,,,,,,,,,,,,0.4717,2024-02-26T11:18:00+00:00,165,1077
summary,2024-02-27,AMZN,,,,,,,0.00,,0,,,,,,,,,,,,0.7601,2024-02-26T10:43:00+00:00,284,1268
summary,2024-02-28,QQQ,,,,,,,0.00,,0,,,,,,,,,,,,0.7343,2024-02-26T10:29:00+00:00,876,2324
summary,2024-02-28,AAPL,,,,,,,0.00,,0,,,,,,,,,,,,0.6317,2024-02-27T19:32:00+00:00,789,2098
summary,2024-02-28,MSFT,,,,,,,0.00,,0,,,,,,,,,,,,0.4717,2024-02-26T11:18:00+00:00,420,1617
summary,2024-02-28,AMZN,,,,,,,0.00,,0,,,,,,,,,,,,0.7601,2024-02-26T10:43:00+00:00,365,1947
summary,2024-02-29,QQQ,,,,,,,0.00,,0,,,,,,,,,,,,0.5115,2024-02-26T15:44:00+00:00,1016,2876
summary,2024-02-29,AAPL,,,,,,,0.00,,0,,,,,,,,,,,,0.6368,2024-02-27T19:32:00+00:00,721,2672
summary,2024-02-29,MSFT,,,,,,,0.00,,0,,,,,,,,,,,,0.4949,2024-02-29T20:55:00+00:00,729,2136
trade,2024-02-29,AMZN,Long,2024-02-29T14:46:00+00:00,2024-02-29T15:56:00+00:00,174.1622,174.7126,45.40,24.98,0.003160,4200000,SessionClose,window:strong core,,0.4318,0.0524,0.2828,0.4906,0.3640,-0.0441,-0.1110,0.4114,,,
summary,2024-02-29,AMZN,,,,,,,24.98,,1,,,,,,,,,,,,0.7686,2024-02-26T14:31:00+00:00,653,2519
summary,2024-03-01,QQQ,,,,,,,0.00,,0,,,,,,,,,,,,0.4717,2024-02-27T15:19:00+00:00,1472,2888
summary,2024-03-01,AAPL,,,,,,,0.00,,0,,,,,,,,,,,,0.7627,2024-02-27T19:32:00+00:00,808,2819
summary,2024-03-01,MSFT,,,,,,,0.00,,0,,,,,,,,,,,,0.6140,2024-02-27T15:48:00+00:00,1401,2182
trade,2024-03-01,AMZN,Long,2024-03-01T15:01:00+00:00,2024-03-01T15:56:00+00:00,176.9681,177.6017,44.86,28.43,0.003580,3300000,SessionClose,window:candle reversal,shooting_star,0.3055,0.2268,0.3876,0.2437,0.4018,0.2714,0.1318,0.4018,,,
summary,2024-03-01,AMZN,,,,,,,28.43,,1,,,,,,,,,,,,0.5061,2024-02-29T14:48:00+00:00,1351,2579
summary,2024-03-04,QQQ,,,,,,,0.00,,0,,,,,,,,,,,,0.8572,2024-03-01T16:04:00+00:00,929,1197
summary,2024-03-04,AAPL,,,,,,,0.00,,0,,,,,,,,,,,,0.5971,2024-03-01T19:28:00+00:00,235,1204
trade,2024-03-04,MSFT,Long,2024-03-04T14:46:00+00:00,2024-03-04T15:56:00+00:00,415.1535,415.0604,19.10,-1.78,-0.000224,4200000,SessionClose,window:strong core,,0.4026,0.1362,0.5675,0.4118,0.3292,-0.0244,0.0824,0.2974,,,
summary,2024-03-04,MSFT,,,,,,,-1.78,,1,,,,,,,,,,,,0.7609,2024-03-01T14:42:00+00:00,690,1018
trade,2024-03-04,AMZN,Long,2024-03-04T14:31:00+00:00,2024-03-04T15:56:00+00:00,178.6686,179.7910,44.34,49.77,0.006282,5100000,SessionClose,window:strong core,bullish_engulfing,0.4787,0.2311,0.5734,0.4647,0.4750,-0.1678,0.1370,0.5524,,,
summary,2024-03-04,AMZN,,,,,,,49.77,,1,,,,,,,,,,,,0.7696,2024-03-01T16:02:00+00:00,706,1058
summary,2024-03-05,QQQ,,,,,,,0.00,,0,,,,,,,,,,,,0.3839,2024-03-04T19:39:00+00:00,172,1518
summary,2024-03-05,AAPL,,,,,,,0.00,,0,,,,,,,,,,,,0.6010,2024-03-04T13:04:00+00:00,158,1485
summary,2024-03-05,MSFT,,,,,,,0.00,,0,,,,,,,,,,,,0.6967,2024-03-04T15:00:00+00:00,286,1102
summary,2024-03-05,AMZN,,,,,,,0.00,,0,,,,,,,,,,,,0.6665,2024-03-04T14:36:00+00:00,138,1288
summary,2024-03-06,QQQ,,,,,,,0.00,,0,,,,,,,,,,,,0.3839,2024-03-04T19:39:00+00:00,526,2408
summary,2024-03-06,AAPL,,,,,,,0.00,,0,,,,,,,,,,,,0.6010,2024-03-04T13:04:00+00:00,159,2340
summary,2024-03-06,MSFT,,,,,,,0.00,,0,,,,,,,,,,,,0.6967,2024-03-04T15:00:00+00:00,286,1806
summary,2024-03-06,AMZN,,,,,,,0.00,,0,,,,,,,,,,,,0.6665,2024-03-04T14:36:00+00:00,185,2055
summary,2024-03-07,QQQ,,,,,,,0.00,,0,,,,,,,,,,,,0.6069,2024-03-04T15:41:00+00:00,1068,3034
summary,2024-03-07,AAPL,,,,,,,0.00,,0,,,,,,,,,,,,0.6224,2024-03-04T19:43:00+00:00,184,2957
trade,2024-03-07,MSFT,Long,2024-03-07T15:47:00+00:00,2024-03-07T15:56:00+00:00,408.1124,407.0428,19.48,-20.83,-0.002621,540000,SessionClose,window:strong core,,0.4229,0.2475,0.5707,0.4511,0.3171,-0.5456,0.3753,0.2562,,,
summary,2024-03-07,MSFT,,,,,,,-20.83,,1,,,,,,,,,,,,0.8951,2024-03-04T15:00:00+00:00,631,2299
trade,2024-03-07,AMZN,Long,2024-03-07T15:31:00+00:00,2024-03-07T15:56:00+00:00,176.0378,176.0122,45.14,-1.16,-0.000146,1500000,SessionClose,window:5m thrust,three_outside_up,0.3723,-0.0066,0.1678,0.5055,0.1740,-0.5236,-0.0171,0.1866,,,
summary,2024-03-07,AMZN,,,,,,,-1.16,,1,,,,,,,,,,,,1.0000,2024-03-04T14:34:00+00:00,372,2594
summary,2024-03-08,QQQ,,,,,,,0.00,,0,,,,,,,,,,,,0.4811,2024-03-06T09:17:00+00:00,1841,3068
trade,2024-03-08,AAPL,Long,2024-03-08T15:01:00+00:00,2024-03-08T15:56:00+00:00,170.9313,171.1735,46.44,11.25,0.001417,3300000,SessionClose,window:strong core,hammer,0.4429,0.1469,0.5531,0.4527,0.3864,0.1145,0.0326,0.3864,,,
summary,2024-03-08,AAPL,,,,,,,11.25,,1,,,,,,,,,,,,1.0000,2024-03-05T14:33:00+00:00,1027,2945
summary,2024-03-08,MSFT,,,,,,,0.00,,0,,,,,,,,,,,,0.5129,2024-03-06T09:16:00+00:00,1113,2342
trade,2024-03-08,AMZN,Long,2024-03-08T15:06:00+00:00,2024-03-08T15:56:00+00:00,178.1684,178.0816,44.51,-3.87,-0.000488,3000000,SessionClose,window:strong core,,0.3988,0.1240,0.5234,0.4069,0.3411,0.3132,-0.0161,0.3411,,,
summary,2024-03-08,AMZN,,,,,,,-3.87,,1,,,,,,,,,,,,0.4853,2024-03-06T09:18:00+00:00,1139,2535
summary,2024-03-11,QQQ,,,,,,,0.00,,0,,,,,,,,,,,,0.7309,2024-03-08T15:06:00+00:00,69,1271
summary,2024-03-11,AAPL,,,,,,,0.00,,0,,,,,,,,,,,,0.8978,2024-03-08T14:55:00+00:00,817,1234
summary,2024-03-11,MSFT,,,,,,,0.00,,0,,,,,,,,,,,,0.8818,2024-03-08T15:13:00+00:00,247,985
summary,2024-03-11,AMZN,,,,,,,0.00,,0,,,,,,,,,,,,0.8941,2024-03-08T15:00:00+00:00,88,1085
trade,2024-03-12,QQQ,Long,2024-03-12T14:11:00+00:00,2024-03-12T15:56:00+00:00,440.2020,442.2523,17.87,36.64,0.004658,6300000,SessionClose,window:candle reversal,shooting_star,0.3125,0.0834,0.4867,0.1814,0.5165,0.0850,-0.1269,0.5036,,,
summary,2024-03-12,QQQ,,,,,,,36.64,,1,,,,,,,,,,,,0.7915,2024-03-11T09:22:00+00:00,1039,1509
trade,2024-03-12,AAPL,Long,2024-03-12T14:55:00+00:00,2024-03-12T15:42:00+00:00,172.8118,172.5232,46.20,-13.33,-0.001670,2820000,ScoreExit,window:candle reversal,evening_star,0.3220,-0.0794,0.4300,0.3415,0.2471,-0.4471,-0.1547,0.1939,,,
summary,2024-03-12,AAPL,,,,,,,-13.33,,1,,,,,,,,,,,,0.6220,2024-03-11T13:29:00+00:00,802,1399
trade,2024-03-12,MSFT,Long,2024-03-12T13:36:00+00:00,2024-03-12T15:41:00+00:00,409.1827,413.1510,19.37,76.88,0.009698,7500000,MaxHoldTimeout,window:strong core,,0.4700,0.0658,0.4553,0.4378,0.5395,-0.4660,-0.1271,0.6290,,,
summary,2024-03-12,MSFT,,,,,,,76.88,,1,,,,,,,,,,,,0.6450,2024-03-12T14:31:00+00:00,817,1070
trade,2024-03-12,AMZN,Long,2024-03-12T14:06:00+00:00,2024-03-12T15:56:00+00:00,173.8721,175.8323,45.48,89.16,0.011274,6600000,SessionClose,window:strong core,,0.5358,-0.0219,0.5853,0.4173,0.7563,-0.5581,-0.2614,0.6356,,,
summary,2024-03-12,AMZN,,,,,,,89.16,,1,,,,,,,,,,,,0.6610,2024-03-12T14:28:00+00:00,659,1259
summary,2024-03-13,QQQ,,,,,,,0.00,,0,,,,,,,,,,,,0.7915,2024-03-11T09:22:00+00:00,1572,2387
summary,2024-03-13,AAPL,,,,,,,0.00,,0,,,,,,,,,,,,0.6220,2024-03-11T13:29:00+00:00,917,2122
summary,2024-03-13,MSFT,,,,,,,0.00,,0,,,,,,,,,,,,0.6450,2024-03-12T14:31:00+00:00,1308,1712
summary,2024-03-13,AMZN,,,,,,,0.00,,0,,,,,,,,,,,,0.6610,2024-03-12T14:28:00+00:00,1161,1974
summary,2024-03-14,QQQ,,,,,,,0.00,,0,,,,,,,,,,,,0.8032,2024-03-11T14:54:00+00:00,1954,2947
trade,2024-03-14,AAPL,Long,2024-03-14T14:11:00+00:00,2024-03-14T15:21:00+00:00,172.8318,173.7229,46.31,41.26,0.005155,4200000,ScoreExit,window:candle reversal,shooting_star,0.3202,-0.0792,0.2757,0.3552,0.2649,-0.5540,-0.1866,0.2936,,,
summary,2024-03-14,AAPL,,,,,,,41.26,,1,,,,,,,,,,,,0.6472,2024-03-11T13:36:00+00:00,1047,2641
trade,2024-03-14,MSFT,Long,2024-03-14T13:31:00+00:00,2024-03-14T15:32:00+00:00,418.7006,426.3171,19.32,147.12,0.018191,7260000,MaxHoldTimeout,window:strong core,hammer,0.3690,0.0565,-0.1333,0.4272,0.4199,-0.3190,-0.0999,0.4943,,,
summary,2024-03-14,MSFT,,,,,,,147.12,,1,,,,,,,,,,,,0.7099,2024-03-11T14:54:00+00:00,1804,2256
trade,2024-03-14,AMZN,Long,2024-03-14T14:11:00+00:00,2024-03-14T15:21:00+00:00,177.3449,178.6114,45.40,57.50,0.007142,4200000,ScoreExit,window:strong core,,0.4219,-0.0504,0.5571,0.4184,0.3837,-0.5795,-0.1420,0.3090,,,
summary,2024-03-14,AMZN,,,,,,,57.50,,1,,,,,,,,,,,,0.7219,2024-03-11T15:04:00+00:00,1615,2499
summary,2024-03-15,QQQ,,,,,,,0.00,,0,,,,,,,,,,,,0.9567,2024-03-12T14:49:00+00:00,1251,2986
summary,2024-03-15,AAPL,,,,,,,0.00,,0,,,,,,,,,,,,0.8934,2024-03-12T14:31:00+00:00,1194,2641
summary,2024-03-15,MSFT,,,,,,,0.00,,0,,,,,,,,,,,,0.9559,2024-03-12T14:49:00+00:00,1586,2374
summary,2024-03-15,AMZN,,,,,,,0.00,,0,,,,,,,,,,,,0.9556,2024-03-12T14:46:00+00:00,1496,2505
trade,2024-03-18,QQQ,Long,2024-03-18T13:41:00+00:00,2024-03-18T15:13:00+00:00,440.0570,439.4081,18.44,-11.96,-0.001474,5520000,ScoreExit,window:candle reversal,shooting_star,0.3815,-0.0584,0.5137,0.3069,0.4868,-0.5696,-0.2488,0.4928,,,
summary,2024-03-18,QQQ,,,,,,,-11.96,,1,,,,,,,,,,,,0.8217,2024-03-15T14:49:00+00:00,620,1214
summary,2024-03-18,AAPL,,,,,,,0.00,,0,,,,,,,,,,,,0.6355,2024-03-18T13:46:00+00:00,711,1175
trade,2024-03-18,MSFT,Long,2024-03-18T13:36:00+00:00,2024-03-18T15:12:00+00:00,418.0459,418.4274,19.31,7.37,0.000913,5760000,ScoreExit,window:strong core,,0.5625,-0.0647,0.6534,0.6507,0.3559,-0.3345,-0.2821,0.4599,,,
summary,2024-03-18,MSFT,,,,,,,7.37,,1,,,,,,,,,,,,0.6372,2024-03-18T13:41:00+00:00,353,1071
trade,2024-03-18,AMZN,Long,2024-03-18T13:46:00+00:00,2024-03-18T13:52:00+00:00,176.2824,175.9822,45.97,-13.80,-0.001703,360000,ScoreExit,window:candle reversal,shooting_star,0.3193,-0.0727,0.5188,0.2081,0.4753,-0.3688,-0.2966,0.4738,,,
trade,2024-03-18,AMZN,Long,2024-03-18T14:41:00+00:00,2024-03-18T15:17:00+00:00,176.5985,175.7623,45.83,-38.32,-0.004735,2160000,ScoreExit,window:candle reversal,shooting_star,0.3848,-0.0585,0.5225,0.2629,0.5827,-0.5385,-0.1964,0.3774,,,
summary,2024-03-18,AMZN,,,,,,,-52.12,,2,,,,,,,,,,,,0.4070,2024-03-18T14:28:00+00:00,339,1088
summary,2024-03-19,QQQ,,,,,,,0.00,,0,,,,,,,,,,,,0.4949,2024-03-18T12:13:00+00:00,534,1548
summary,2024-03-19,AAPL,,,,,,,0.00,,0,,,,,,,,,,,,0.7135,2024-03-18T13:46:00+00:00,591,1416
summary,2024-03-19,MSFT,,,,,,,0.00,,0,,,,,,,,,,,,0.7837,2024-03-18T13:41:00+00:00,664,1187
trade,2024-03-19,AMZN,Long,2024-03-19T13:50:00+00:00,2024-03-19T15:21:00+00:00,175.0975,174.9863,45.94,-5.11,-0.000635,5460000,ScoreExit,window:strong core,three_outside_up,0.4298,-0.0570,0.5674,0.4685,0.3066,-0.4843,-0.1620,0.2954,,,
summary,2024-03-19,AMZN,,,,,,,-5.11,,1,,,,,,,,,,,,0.6263,2024-03-18T09:50:00+00:00,525,1206
summary,2024-03-20,QQQ,,,,,,,0.00,,0,,,,,,,,,,,,0.4949,2024-03-18T12:13:00+00:00,1058,2395
summary,2024-03-20,AAPL,,,,,,,0.00,,0,,,,,,,,,,,,0.7135,2024-03-18T13:46:00+00:00,1102,2150
summary,2024-03-20,MSFT,,,,,,,0.00,,0,,,,,,,,,,,,0.7837,2024-03-18T13:41:00+00:00,1036,1717
summary,2024-03-20,AMZN,,,,,,,0.00,,0,,,,,,,,,,,,0.6263,2024-03-18T09:50:00+00:00,838,1796
summary,2024-03-21,QQQ,,,,,,,0.00,,0,,,,,,,,,,,,0.6873,2024-03-18T14:42:00+00:00,1484,3034
summary,2024-03-21,AAPL,,,,,,,0.00,,0,,,,,,,,,,,,0.9380,2024-03-18T13:46:00+00:00,1184,2774
summary,2024-03-21,MSFT,,,,,,,0.00,,0,,,,,,,,,,,,1.0000,2024-03-18T13:35:00+00:00,1443,2187
trade,2024-03-21,AMZN,Long,2024-03-21T13:31:00+00:00,2024-03-21T13:48:00+00:00,180.4991,179.5311,44.60,-43.17,-0.005363,1020000,ScoreExit,window:strong core,hammer,0.4367,-0.0654,0.4147,0.4058,0.5059,-0.4911,-0.2801,0.5059,,,
summary,2024-03-21,AMZN,,,,,,,-43.17,,1,,,,,,,,,,,,0.7658,2024-03-18T13:38:00+00:00,1274,2401
summary,2024-03-22,QQQ,,,,,,,0.00,,0,,,,,,,,,,,,0.8014,2024-03-19T14:49:00+00:00,2282,2995
summary,2024-03-22,AAPL,,,,,,,0.00,,0,,,,,,,,,,,,0.9453,2024-03-19T14:40:00+00:00,1354,2833
summary,2024-03-22,MSFT,,,,,,,0.00,,0,,,,,,,,,,,,0.9527,2024-03-19T14:55:00+00:00,1531,2147
summary,2024-03-22,AMZN,,,,,,,0.00,,0,,,,,,,,,,,,0.8777,2024-03-19T14:08:00+00:00,1758,2411
summary,2024-03-25,QQQ,,,,,,,0.00,,0,,,,,,,,,,,,0.4690,2024-03-22T17:13:00+00:00,497,1166
summary,2024-03-25,AAPL,,,,,,,0.00,,0,,,,,,,,,,,,0.9570,2024-03-22T14:42:00+00:00,628,1138
summary,2024-03-25,MSFT,,,,,,,0.00,,0,,,,,,,,,,,,0.5063,2024-03-22T18:03:00+00:00,194,964
trade,2024-03-25,AMZN,Long,2024-03-25T14:06:00+00:00,2024-03-25T15:07:00+00:00,179.6239,179.3612,44.97,-11.81,-0.001462,3660000,ScoreExit,window:strong core,hammer,0.4628,-0.0837,0.3954,0.4594,0.4921,-0.5276,-0.2568,0.4104,,,
summary,2024-03-25,AMZN,,,,,,,-11.81,,1,,,,,,,,,,,,0.8915,2024-03-22T14:05:00+00:00,798,999
summary,2024-03-26,QQQ,,,,,,,0.00,,0,,,,,,,,,,,,0.4476,2024-03-25T14:21:00+00:00,858,1495
summary,2024-03-26,AAPL,,,,,,,0.00,,0,,,,,,,,,,,,0.6043,2024-03-25T12:04:00+00:00,752,1307
summary,2024-03-26,MSFT,,,,,,,0.00,,0,,,,,,,,,,,,0.4894,2024-03-25T12:03:00+00:00,484,1089
summary,2024-03-26,AMZN,,,,,,,0.00,,0,,,,,,,,,,,,0.7064,2024-03-25T14:19:00+00:00,770,1184
summary,2024-03-27,QQQ,,,,,,,0.00,,0,,,,,,,,,,,,0.4476,2024-03-25T14:21:00+00:00,1124,2338
trade,2024-03-27,AAPL,Long,2024-03-27T13:41:00+00:00,2024-03-27T15:42:00+00:00,171.3664,172.3083,46.79,44.07,0.005496,7260000,MaxHoldTimeout,window:strong core,,0.4469,0.0053,0.5787,0.4389,0.4190,-0.5230,-0.0782,0.3484,,,
summary,2024-03-27,AAPL,,,,,,,44.07,,1,,,,,,,,,,,,0.6043,2024-03-25T12:04:00+00:00,1229,2089
summary,2024-03-27,MSFT,,,,,,,0.00,,0,,,,,,,,,,,,0.4894,2024-03-25T12:03:00+00:00,521,1670
summary,2024-03-27,AMZN,,,,,,,0.00,,0,,,,,,,,,,,,0.7064,2024-03-25T14:19:00+00:00,851,1826
summary,2024-03-28,QQQ,,,,,,,0.00,,0,,,,,,,,,,,,0.7129,2024-03-25T15:03:00+00:00,1475,2890
summary,2024-03-28,AAPL,,,,,,,0.00,,0,,,,,,,,,,,,0.8629,2024-03-25T15:02:00+00:00,1699,2635
summary,2024-03-28,MSFT,,,,,,,0.00,,0,,,,,,,,,,,,0.7029,2024-03-25T14:44:00+00:00,478,2050
trade,2024-03-28,AMZN,Long,2024-03-28T14:05:00+00:00,2024-03-28T14:53:00+00:00,181.4444,180.6908,44.51,-33.54,-0.004154,2880000,ScoreExit,window:strong core,,0.3666,-0.0710,0.3483,0.4019,0.3022,-0.4648,-0.1920,0.3022,,,
summary,2024-03-28,AMZN,,,,,,,-33.54,,1,,,,,,,,,,,,0.9027,2024-03-25T13:46:00+00:00,1329,2378
summary,2024-03-29,QQQ,,,,,,,0.00,,0,,,,,,,,,,,,0.3987,2024-03-27T20:02:00+00:00,769,2185
summary,2024-03-29,AAPL,,,,,,,0.00,,0,,,,,,,,,,,,0.6855,2024-03-26T14:02:00+00:00,1162,2068
summary,2024-03-29,MSFT,,,,,,,0.00,,0,,,,,,,,,,,,0.3863,2024-03-26T15:58:00+00:00,178,1553
summary,2024-03-29,AMZN,,,,,,,0.00,,0,,,,,,,,,,,,0.5157,2024-03-26T15:39:00+00:00,925,1827
trade,2024-04-01,QQQ,Long,2024-04-01T13:36:00+00:00,2024-04-01T14:17:00+00:00,446.6193,446.6160,18.05,-0.06,-0.000008,2460000,ScoreExit,window:strong core,,0.4576,-0.0582,0.5544,0.4321,0.4763,-0.1361,-0.1060,0.0633,,,
summary,2024-04-01,QQQ,,,,,,,-0.06,,1,,,,,,,,,,,,0.5002,2024-04-01T13:39:00+00:00,120,636
summary,2024-04-01,AAPL,,,,,,,0.00,,0,,,,,,,,,,,,0.5467,2024-04-01T09:34:00+00:00,60,539
trade,2024-04-01,MSFT,Long,2024-04-01T13:33:00+00:00,2024-04-01T14:38:00+00:00,424.6724,424.8075,18.95,2.56,0.000318,3900000,ScoreExit,window:strong core,hammer,0.4916,-0.1311,0.5369,0.4769,0.5058,-0.1493,-0.2050,0.0228,,,
summary,2024-04-01,MSFT,,,,,,,2.56,,1,,,,,,,,,,,,0.6505,2024-04-01T13:34:00+00:00,106,502
trade,2024-04-01,AMZN,Long,2024-04-01T13:36:00+00:00,2024-04-01T13:47:00+00:00,182.4997,181.8704,44.20,-27.81,-0.003448,660000,ScoreExit,window:candle reversal,shooting_star,0.5287,-0.0827,0.5524,0.2891,1.0000,-0.4290,-0.1454,0.1579,,,
summary,2024-04-01,AMZN,,,,,,,-27.81,,1,,,,,,,,,,,,0.8332,2024-04-01T09:58:00+00:00,133,549
summary,2024-04-02,QQQ,,,,,,,0.00,,0,,,,,,,,,,,,0.5002,2024-04-01T13:39:00+00:00,255,1421
summary,2024-04-02,AAPL,,,,,,,0.00,,0,,,,,,,,,,,,0.5467,2024-04-01T09:34:00+00:00,118,1314
summary,2024-04-02,MSFT,,,,,,,0.00,,0,,,,,,,,,,,,0.6505,2024-04-01T13:34:00+00:00,279,1080
summary,2024-04-02,AMZN,,,,,,,0.00,,0,,,,,,,,,,,,0.8332,2024-04-01T09:58:00+00:00,458,1217
trade,2024-04-03,QQQ,Long,2024-04-03T14:34:00+00:00,2024-04-03T15:51:00+00:00,443.3780,443.1120,18.17,-4.83,-0.000600,4620000,ScoreExit,window:strong core,three_outside_up,0.4200,-0.1471,0.4615,0.4730,0.3001,-0.5411,-0.2762,0.2423,,,
summary,2024-04-03,QQQ,,,,,,,-4.83,,1,,,,,,,,,,,,0.5002,2024-04-01T13:39:00+00:00,589,2206
trade,2024-04-03,AAPL,Long,2024-04-03T14:31:00+00:00,2024-04-03T15:56:00+00:00,170.0663,170.3489,47.33,13.37,0.001662,5100000,SessionClose,window:candle reversal,shooting_star,0.3541,-0.0473,0.4882,0.3704,0.2768,-0.5056,-0.1437,0.2981,,,
summary,2024-04-03,AAPL,,,,,,,13.37,,1,,,,,,,,,,,,0.5467,2024-04-01T09:34:00+00:00,490,2021
summary,2024-04-03,MSFT,,,,,,,0.00,,0,,,,,,,,,,,,0.6505,2024-04-01T13:34:00+00:00,484,1627
trade,2024-04-03,AMZN,Long,2024-04-03T14:11:00+00:00,2024-04-03T15:56:00+00:00,181.3594,182.2203,44.32,38.15,0.004747,6300000,SessionClose,window:strong core,bullish_engulfing,0.3885,-0.0363,0.2413,0.4413,0.3319,-0.5428,-0.1353,0.3306,,,
summary,2024-04-03,AMZN,,,,,,,38.15,,1,,,,,,,,,,,,0.8332,2024-04-01T09:58:00+00:00,897,1844
summary,2024-04-04,QQQ,,,,,,,0.00,,0,,,,,,,,,,,,0.6886,2024-04-01T13:38:00+00:00,1008,2763
summary,2024-04-04,AAPL,,,,,,,0.00,,0,,,,,,,,,,,,0.4355,2024-04-03T14:43:00+00:00,954,2565
summary,2024-04-04,MSFT,,,,,,,0.00,,0,,,,,,,,,,,,1.0000,2024-04-01T13:34:00+00:00,761,2061
summary,2024-04-04,AMZN,,,,,,,0.00,,0,,,,,,,,,,,,1.0000,2024-04-01T13:32:00+00:00,1208,2382
summary,2024-04-05,QQQ,,,,,,,0.00,,0,,,,,,,,,,,,0.5472,2024-04-02T19:49:00+00:00,1444,2871
summary,2024-04-05,AAPL,,,,,,,0.00,,0,,,,,,,,,,,,0.4935,2024-04-03T14:43:00+00:00,1368,2542
trade,2024-04-05,MSFT,Long,2024-04-05T14:56:00+00:00,2024-04-05T15:56:00+00:00,423.7121,425.7472,19.14,38.96,0.004803,3600000,SessionClose,window:strong core,,0.3955,0.3458,0.4927,0.4173,0.3197,0.5176,0.2957,0.3886,,,
summary,2024-04-05,MSFT,,,,,,,38.96,,1,,,,,,,,,,,,0.5274,2024-04-02T17:36:00+00:00,1279,2077
trade,2024-04-05,AMZN,Long,2024-04-05T13:36:00+00:00,2024-04-05T15:37:00+00:00,182.7198,184.9695,44.37,99.81,0.012312,7260000,MaxHoldTimeout,window:candle reversal,shooting_star,0.3706,0.1422,0.5535,0.2763,0.4983,0.0835,-0.0394,0.5252,,,
summary,2024-04-05,AMZN,,,,,,,99.81,,1,,,,,,,,,,,,0.8580,2024-04-02T14:24:00+00:00,1751,2442
summary,2024-04-08,QQQ,,,,,,,0.00,,0,,,,,,,,,,,,0.9562,2024-04-05T15:00:00+00:00,833,1184
summary,2024-04-08,AAPL,,,,,,,0.00,,0,,,,,,,,,,,,0.7759,2024-04-05T15:00:00+00:00,262,1103
trade,2024-04-08,MSFT,Long,2024-04-08T14:26:00+00:00,2024-04-08T15:16:00+00:00,426.5829,425.8772,19.04,-13.44,-0.001654,3000000,ScoreExit,window:strong core,,0.4330,-0.0642,0.4290,0.4052,0.4899,-0.3141,-0.2301,0.3510,,,
summary,2024-04-08,MSFT,,,,,,,-13.44,,1,,,,,,,,,,,,0.9581,2024-04-05T14:50:00+00:00,765,957
summary,2024-04-08,AMZN,,,,,,,0.00,,0,,,,,,,,,,,,0.9572,2024-04-05T14:50:00+00:00,895,1182
summary,2024-04-09,QQQ,,,,,,,0.00,,0,,,,,,,,,,,,0.4811,2024-04-08T14:51:00+00:00,757,1417
summary,2024-04-09,AAPL,,,,,,,0.00,,0,,,,,,,,,,,,0.4218,2024-04-09T19:59:00+00:00,540,1293
summary,2024-04-09,MSFT,,,,,,,0.00,,0,,,,,,,,,,,,0.5787,2024-04-08T14:30:00+00:00,508,1010
summary,2024-04-09,AMZN,,,,,,,0.00,,0,,,,,,,,,,,,0.9362,2024-04-08T09:24:00+00:00,589,1295
summary,2024-04-10,QQQ,,,,,,,0.00,,0,,,,,,,,,,,,0.4811,2024-04-08T14:51:00+00:00,1024,2233
summary,2024-04-10,AAPL,,,,,,,0.00,,0,,,,,,,,,,,,0.4218,2024-04-09T19:59:00+00:00,923,2033
summary,2024-04-10,MSFT,,,,,,,0.00,,0,,,,,,,,,,,,0.5787,2024-04-08T14:30:00+00:00,603,1583
summary,2024-04-10,AMZN,,,,,,,0.00,,0,,,,,,,,,,,,0.9362,2024-04-08T09:24:00+00:00,921,1979
summary,2024-04-11,QQQ,,,,,,,0.00,,0,,,,,,,,,,,,0.8584,2024-04-08T14:51:00+00:00,1247,2807
summary,2024-04-11,AAPL,,,,,,,0.00,,0,,,,,,,,,,,,0.5588,2024-04-11T17:34:00+00:00,1215,2574
summary,2024-04-11,MSFT,,,,,,,0.00,,0,,,,,,,,,,,,0.8352,2024-04-08T14:30:00+00:00,931,2100
summary,2024-04-11,AMZN,,,,,,,0.00,,0,,,,,,,,,,,,0.8820,2024-04-08T14:54:00+00:00,1160,2468
summary,2024-04-12,QQQ,,,,,,,0.00,,0,,,,,,,,,,,,0.6622,2024-04-09T20:02:00+00:00,1312,2928
trade,2024-04-12,AAPL,Long,2024-04-12T13:31:00+00:00,2024-04-12T14:33:00+00:00,174.6374,176.2618,46.48,75.51,0.009302,3720000,ScoreExit,window:strong core,bearish_engulfing,0.5473,-0.0530,0.5695,0.4872,0.6603,-0.5693,-0.2512,0.5155,,,
summary,2024-04-12,AAPL,,,,,,,75.51,,1,,,,,,,,,,,,0.8971,2024-04-09T13:40:00+00:00,1677,2731
summary,2024-04-12,MSFT,,,,,,,0.00,,0,,,,,,,,,,,,0.7173,2024-04-09T13:41:00+00:00,757,2159
summary,2024-04-12,AMZN,,,,,,,0.00,,0,,,,,,,,,,,,0.5723,2024-04-09T14:17:00+00:00,1341,2575
summary,2024-04-15,QQQ,,,,,,,0.00,,0,,,,,,,,,,,,0.4856,2024-04-15T08:11:00+00:00,372,1235
summary,2024-04-15,AAPL,,,,,,,0.00,,0,,,,,,,,,,,,1.0000,2024-04-12T13:36:00+00:00,228,1209
summary,2024-04-15,MSFT,,,,,,,0.00,,0,,,,,,,,,,,,0.6174,2024-04-12T13:46:00+00:00,297,981
summary,2024-04-15,AMZN,,,,,,,0.00,,0,,,,,,,,,,,,0.4625,2024-04-15T08:01:00+00:00,311,1097
summary,2024-04-16,QQQ,,,,,,,0.00,,0,,,,,,,,,,,,0.3946,2024-04-15T13:14:00+00:00,251,1626
summary,2024-04-16,AAPL,,,,,,,0.00,,0,,,,,,,,,,,,0.6349,2024-04-15T15:05:00+00:00,251,1425
summary,2024-04-16,MSFT,,,,,,,0.00,,0,,,,,,,,,,,,0.4682,2024-04-15T13:27:00+00:00,306,1172
summary,2024-04-16,AMZN,,,,,,,0.00,,0,,,,,,,,,,,,0.4960,2024-04-15T13:49:00+00:00,268,1340
summary,2024-04-17,QQQ,,,,,,,0.00,,0,,,,,,,,,,,,0.3946,2024-04-15T13:14:00+00:00,270,2492
summary,2024-04-17,AAPL,,,,,,,0.00,,0,,,,,,,,,,,,0.6349,2024-04-15T15:05:00+00:00,251,2136
summary,2024-04-17,MSFT,,,,,,,0.00,,0,,,,,,,,,,,,0.4682,2024-04-15T13:27:00+00:00,405,1759
summary,2024-04-17,AMZN,,,,,,,0.00,,0,,,,,,,,,,,,0.4960,2024-04-15T13:49:00+00:00,321,2018
summary,2024-04-18,QQQ,,,,,,,0.00,,0,,,,,,,,,,,,0.3996,2024-04-15T13:40:00+00:00,283,3044
summary,2024-04-18,AAPL,,,,,,,0.00,,0,,,,,,,,,,,,0.9578,2024-04-15T15:04:00+00:00,138,2604
summary,2024-04-18,MSFT,,,,,,,0.00,,0,,,,,,,,,,,,0.5601,2024-04-15T14:00:00+00:00,363,2197
summary,2024-04-18,AMZN,,,,,,,0.00,,0,,,,,,,,,,,,0.8990,2024-04-15T13:49:00+00:00,197,2487
summary,2024-04-19,QQQ,,,,,,,0.00,,0,,,,,,,,,,,,0.6375,2024-04-16T14:15:00+00:00,582,3033
summary,2024-04-19,AAPL,,,,,,,0.00,,0,,,,,,,,,,,,0.8937,2024-04-16T13:54:00+00:00,226,2613
summary,2024-04-19,MSFT,,,,,,,0.00,,0,,,,,,,,,,,,0.8914,2024-04-16T14:04:00+00:00,380,2227
summary,2024-04-19,AMZN,,,,,,,0.00,,0,,,,,,,,,,,,0.8981,2024-04-16T13:56:00+00:00,449,2516
summary,2024-04-22,QQQ,,,,,,,0.00,,0,,,,,,,,,,,,0.5072,2024-04-19T13:46:00+00:00,460,1284
summary,2024-04-22,AAPL,,,,,,,0.00,,0,,,,,,,,,,,,0.4878,2024-04-22T17:51:00+00:00,468,1139
trade,2024-04-22,MSFT,Long,2024-04-22T13:36:00+00:00,2024-04-22T13:56:00+00:00,401.7455,400.4348,20.28,-26.58,-0.003262,1200000,ScoreExit,window:strong core,hammer,0.4402,-0.1272,0.6163,0.4747,0.3126,-0.5612,-0.1924,0.1481,,,
summary,2024-04-22,MSFT,,,,,,,-26.58,,1,,,,,,,,,,,,0.4681,2024-04-22T18:34:00+00:00,304,1073
summary,2024-04-22,AMZN,,,,,,,0.00,,0,,,,,,,,,,,,0.8837,2024-04-19T13:46:00+00:00,461,1132
summary,2024-04-23,QQQ,,,,,,,0.00,,0,,,,,,,,,,,,0.7511,2024-04-22T09:19:00+00:00,1164,1585
trade,2024-04-23,AAPL,Long,2024-04-23T13:47:00+00:00,2024-04-23T14:24:00+00:00,166.1548,166.0303,48.89,-6.09,-0.000750,2220000,ScoreExit,window:candle reversal,shooting_star,0.3170,-0.0511,0.3438,0.3426,0.2568,-0.4966,-0.1494,0.2941,,,
summary,2024-04-23,AAPL,,,,,,,-6.09,,1,,,,,,,,,,,,0.8385,2024-04-22T09:17:00+00:00,793,1330
summary,2024-04-23,MSFT,,,,,,,0.00,,0,,,,,,,,,,,,0.7604,2024-04-22T09:42:00+00:00,778,1127
summary,2024-04-23,AMZN,,,,,,,0.00,,0,,,,,,,,,,,,0.7865,2024-04-22T09:32:00+00:00,926,1312
trade,2024-04-24,QQQ,Long,2024-04-24T13:46:00+00:00,2024-04-24T14:14:00+00:00,429.3438,428.2565,19.06,-20.73,-0.002532,1680000,ScoreExit,window:strong core,three_outside_up,0.3766,-0.0558,0.3455,0.4115,0.3171,-0.3858,-0.1540,0.2507,,,
summary,2024-04-24,QQQ,,,,,,,-20.73,,1,,,,,,,,,,,,0.7511,2024-04-22T09:19:00+00:00,1806,2516
trade,2024-04-24,AAPL,Long,2024-04-24T13:36:00+00:00,2024-04-24T15:41:00+00:00,166.8050,168.2945,48.66,72.47,0.008929,7500000,MaxHoldTimeout,window:candle reversal,shooting_star,0.3123,0.1233,-0.0201,0.4183,0.2109,0.5037,-0.0625,0.3682,,,
summary,2024-04-24,AAPL,,,,,,,72.47,,1,,,,,,,,,,,,0.8385,2024-04-22T09:17:00+00:00,1364,2125
summary,2024-04-24,MSFT,,,,,,,0.00,,0,,,,,,,,,,,,0.7604,2024-04-22T09:42:00+00:00,1271,1829
summary,2024-04-24,AMZN,,,,,,,0.00,,0,,,,,,,,,,,,0.7865,2024-04-22T09:32:00+00:00,1212,2075
summary,2024-04-25,QQQ,,,,,,,0.00,,0,,,,,,,,,,,,0.6380,2024-04-22T17:54:00+00:00,1897,3142
summary,2024-04-25,AAPL,,,,,,,0.00,,0,,,,,,,,,,,,0.6085,2024-04-22T17:51:00+00:00,1746,2708
summary,2024-04-25,MSFT,,,,,,,0.00,,0,,,,,,,,,,,,0.8835,2024-04-25T20:00:00+00:00,1306,2456
summary,2024-04-25,AMZN,,,,,,,0.00,,0,,,,,,,,,,,,1.0000,2024-04-22T13:33:00+00:00,1074,2723
trade,2024-04-26,QQQ,Long,2024-04-26T13:57:00+00:00,2024-04-26T15:56:00+00:00,429.9039,431.1756,18.91,24.05,0.002958,7140000,SessionClose,window:candle reversal,shooting_star,0.3640,0.0406,0.3697,0.3492,0.3919,-0.4105,-0.0740,0.4201,,,
summary,2024-04-26,QQQ,,,,,,,24.05,,1,,,,,,,,,,,,0.9312,2024-04-23T14:59:00+00:00,1888,3174
trade,2024-04-26,AAPL,Long,2024-04-26T14:56:00+00:00,2024-04-26T15:11:00+00:00,171.1713,170.7138,47.81,-21.88,-0.002673,900000,ScoreExit,window:candle reversal,shooting_star,0.3293,-0.0928,0.5261,0.2518,0.4187,-0.5490,-0.2402,0.3541,,,
summary,2024-04-26,AAPL,,,,,,,-21.88,,1,,,,,,,,,,,,0.8783,2024-04-23T13:45:00+00:00,2060,2735
summary,2024-04-26,MSFT,,,,,,,0.00,,0,,,,,,,,,,,,0.8905,2024-04-23T14:26:00+00:00,1487,2748
trade,2024-04-26,AMZN,Long,2024-04-26T14:41:00+00:00,2024-04-26T15:56:00+00:00,177.9584,179.3412,45.82,63.36,0.007770,4500000,SessionClose,window:strong core,,0.3846,0.1140,0.3932,0.4052,0.3404,-0.3667,0.0654,0.3715,,,
summary,2024-04-26,AMZN,,,,,,,63.36,,1,,,,,,,,,,,,0.8291,2024-04-23T14:59:00+00:00,1361,2827
summary,2024-04-29,QQQ,,,,,,,0.00,,0,,,,,,,,,,,,0.9562,2024-04-26T15:03:00+00:00,928,1217
summary,2024-04-29,AAPL,,,,,,,0.00,,0,,,,,,,,,,,,0.8227,2024-04-26T15:01:00+00:00,717,1221
summary,2024-04-29,MSFT,,,,,,,0.00,,0,,,,,,,,,,,,0.9047,2024-04-26T14:23:00+00:00,153,1042
summary,2024-04-29,AMZN,,,,,,,0.00,,0,,,,,,,,,,,,0.9574,2024-04-26T14:42:00+00:00,1070,1235
summary,2024-04-30,QQQ,,,,,,,0.00,,0,,,,,,,,,,,,0.3772,2024-04-29T17:34:00+00:00,562,1504
trade,2024-04-30,AAPL,Long,2024-04-30T13:53:00+00:00,2024-04-30T14:51:00+00:00,174.6504,174.4726,46.75,-8.31,-0.001018,3480000,ScoreExit,window:strong core,,0.4299,-0.0664,0.5639,0.4618,0.3215,-0.5128,-0.1547,0.2592,,,
summary,2024-04-30,AAPL,,,,,,,-8.31,,1,,,,,,,,,,,,0.6779,2024-04-29T13:45:00+00:00,469,1394
summary,2024-04-30,MSFT,,,,,,,0.00,,0,,,,,,,,,,,,0.7099,2024-04-29T12:02:00+00:00,173,1067
summary,2024-04-30,AMZN,,,,,,,0.00,,0,,,,,,,,,,,,0.7155,2024-04-29T10:20:00+00:00,757,1510
summary,2024-05-01,QQQ,,,,,,,0.00,,0,,,,,,,,,,,,0.5709,2024-05-01T18:44:00+00:00,649,2389
summary,2024-05-01,AAPL,,,,,,,0.00,,0,,,,,,,,,,,,0.6779,2024-04-29T13:45:00+00:00,627,2160
summary,2024-05-01,MSFT,,,,,,,0.00,,0,,,,,,,,,,,,0.7099,2024-04-29T12:02:00+00:00,377,1756
summary,2024-05-01,AMZN,,,,,,,0.00,,0,,,,,,,,,,,,0.7468,2024-05-01T18:44:00+00:00,1067,2387
summary,2024-05-02,QQQ,,,,,,,0.00,,0,,,,,,,,,,,,0.5710,2024-05-01T18:44:00+00:00,772,2974
summary,2024-05-02,AAPL,,,,,,,0.00,,0,,,,,,,,,,,,1.0000,2024-04-29T13:35:00+00:00,659,2683
summary,2024-05-02,MSFT,,,,,,,0.00,,0,,,,,,,,,,,,0.6001,2024-05-01T18:58:00+00:00,720,2242
trade,2024-05-02,AMZN,Long,2024-05-02T13:41:00+00:00,2024-05-02T14:17:00+00:00,182.2101,181.1406,44.57,-47.67,-0.005870,2160000,ScoreExit,window:strong core,three_outside_up,0.4779,-0.0747,0.6252,0.4497,0.4853,-0.3262,-0.2661,0.3920,,,
summary,2024-05-02,AMZN,,,,,,,-47.67,,1,,,,,,,,,,,,0.9616,2024-04-29T13:32:00+00:00,1645,2953
summary,2024-05-03,QQQ,,,,,,,0.00,,0,,,,,,,,,,,,0.6497,2024-05-01T18:44:00+00:00,1216,3011
summary,2024-05-03,AAPL,,,,,,,0.00,,0,,,,,,,,,,,,0.8984,2024-04-30T13:51:00+00:00,1380,2890
summary,2024-05-03,MSFT,,,,,,,0.00,,0,,,,,,,,,,,,0.6525,2024-05-01T18:58:00+00:00,1228,2354
trade,2024-05-03,AMZN,Long,2024-05-03T14:41:00+00:00,2024-05-03T15:06:00+00:00,187.4512,186.6490,43.83,-35.16,-0.004280,1500000,ScoreExit,window:strong core,three_outside_up,0.4812,-0.0803,0.5392,0.4343,0.5557,-0.2555,-0.3484,0.5142,,,
summary,2024-05-03,AMZN,,,,,,,-35.16,,1,,,,,,,,,,,,0.8195,2024-05-01T18:44:00+00:00,1912,2888
summary,2024-05-06,QQQ,,,,,,,0.00,,0,,,,,,,,,,,,0.5817,2024-05-03T14:44:00+00:00,978,1170
summary,2024-05-06,AAPL,,,,,,,0.00,,0,,,,,,,,,,,,0.5494,2024-05-03T17:28:00+00:00,203,1288
summary,2024-05-06,MSFT,,,,,,,0.00,,0,,,,,,,,,,,,0.9398,2024-05-03T13:44:00+00:00,861,962
summary,2024-05-06,AMZN,,,,,,,0.00,,0,,,,,,,,,,,,0.9582,2024-05-03T14:44:00+00:00,504,1116
summary,2024-05-07,QQQ,,,,,,,0.00,,0,,,,,,,,,,,,0.7133,2024-05-06T09:34:00+00:00,1075,1451
trade,2024-05-07,AAPL,Long,2024-05-07T13:36:00+00:00,2024-05-07T14:01:00+00:00,183.7001,183.6399,43.90,-2.64,-0.000328,1500000,ScoreExit,window:candle reversal,shooting_star,0.3495,-0.0857,0.1450,0.2985,0.5198,-0.5792,-0.2238,0.3549,,,
summary,2024-05-07,AAPL,,,,,,,-2.64,,1,,,,,,,,,,,,0.8921,2024-05-06T09:29:00+00:00,815,1489
summary,2024-05-07,MSFT,,,,,,,0.00,,0,,,,,,,,,,,,0.6727,2024-05-06T10:59:00+00:00,738,1095
summary,2024-05-07,AMZN,,,,,,,0.00,,0,,,,,,,,,,,,0.6347,2024-05-06T09:41:00+00:00,995,1276
summary,2024-05-08,QQQ,,,,,,,0.00,,0,,,,,,,,,,,,0.7133,2024-05-06T09:34:00+00:00,1409,2234
summary,2024-05-08,AAPL,,,,,,,0.00,,0,,,,,,,,,,,,0.8921,2024-05-06T09:29:00+00:00,1157,2256
summary,2024-05-08,MSFT,,,,,,,0.00,,0,,,,,,,,,,,,0.6727,2024-05-06T10:59:00+00:00,915,1654
summary,2024-05-08,AMZN,,,,,,,0.00,,0,,,,,,,,,,,,0.6347,2024-05-06T09:41:00+00:00,1262,1949
summary,2024-05-09,QQQ,,,,,,,0.00,,0,,,,,,,,,,,,0.5383,2024-05-06T19:59:00+00:00,1614,2734
summary,2024-05-09,AAPL,,,,,,,0.00,,0,,,,,,,,,,,,1.0000,2024-05-06T13:32:00+00:00,1331,2607
summary,2024-05-09,MSFT,,,,,,,0.00,,0,,,,,,,,,,,,0.8753,2024-05-06T15:00:00+00:00,1173,2061
trade,2024-05-09,AMZN,Long,2024-05-09T14:41:00+00:00,2024-05-09T15:56:00+00:00,189.8719,190.4578,42.99,25.19,0.003086,4500000,SessionClose,window:strong core,,0.4219,0.0161,0.5282,0.4147,0.4009,-0.4979,-0.1116,0.4427,,,
summary,2024-05-09,AMZN,,,,,,,25.19,,1,,,,,,,,,,,,0.9075,2024-05-06T15:00:00+00:00,1613,2374
trade,2024-05-10,QQQ,Long,2024-05-10T13:46:00+00:00,2024-05-10T14:11:00+00:00,443.7631,442.5822,18.40,-21.72,-0.002661,1500000,ScoreExit,window:strong core,hammer,0.3717,-0.1459,0.1975,0.4177,0.3378,-0.5671,-0.2512,0.2052,,,
summary,2024-05-10,QQQ,,,,,,,-21.72,,1,,,,,,,,,,,,0.7877,2024-05-07T14:59:00+00:00,1215,2689
summary,2024-05-10,AAPL,,,,,,,0.00,,0,,,,,,,,,,,,0.7552,2024-05-07T13:47:00+00:00,1107,2494
summary,2024-05-10,MSFT,,,,,,,0.00,,0,,,,,,,,,,,,0.4484,2024-05-08T14:48:00+00:00,1017,2016
summary,2024-05-10,AMZN,,,,,,,0.00,,0,,,,,,,,,,,,0.6301,2024-05-07T14:57:00+00:00,867,2373
summary,2024-05-13,QQQ,,,,,,,0.00,,0,,,,,,,,,,,,0.5080,2024-05-10T13:41:00+00:00,541,1128
trade,2024-05-13,AAPL,Long,2024-05-13T14:46:00+00:00,2024-05-13T15:56:00+00:00,186.2258,185.8891,43.84,-14.76,-0.001808,4200000,SessionClose,window:strong core,,0.4698,0.1534,0.5061,0.4201,0.5572,-0.0250,-0.0134,0.5466,,,
summary,2024-05-13,AAPL,,,,,,,-14.76,,1,,,,,,,,,,,,0.5140,2024-05-13T08:24:00+00:00,611,1132
summary,2024-05-13,MSFT,,,,,,,0.00,,0,,,,,,,,,,,,0.8551,2024-05-10T13:37:00+00:00,627,962
summary,2024-05-13,AMZN,,,,,,,0.00,,0,,,,,,,,,,,,0.7101,2024-05-10T13:48:00+00:00,106,1037
summary,2024-05-14,QQQ,,,,,,,0.00,,0,,,,,,,,,,,,0.7142,2024-05-13T09:39:00+00:00,806,1330
summary,2024-05-14,AAPL,,,,,,,0.00,,0,,,,,,,,,,,,0.8113,2024-05-13T09:33:00+00:00,1080,1390
trade,2024-05-14,MSFT,Long,2024-05-14T14:28:00+00:00,2024-05-14T14:51:00+00:00,415.3823,413.8780,19.57,-29.44,-0.003621,1380000,ScoreExit,window:strong core,,0.4326,-0.0509,0.5494,0.4785,0.3018,-0.5146,-0.0947,0.1913,,,
summary,2024-05-14,MSFT,,,,,,,-29.44,,1,,,,,,,,,,,,0.7454,2024-05-13T09:48:00+00:00,585,1071
summary,2024-05-14,AMZN,,,,,,,0.00,,0,,,,,,,,,,,,0.5016,2024-05-13T10:29:00+00:00,491,1161
summary,2024-05-15,QQQ,,,,,,,0.00,,0,,,,,,,,,,,,0.7142,2024-05-13T09:39:00+00:00,1431,2120
trade,2024-05-15,AAPL,Long,2024-05-15T13:50:00+00:00,2024-05-15T15:38:00+00:00,188.2264,189.6181,43.20,60.13,0.007393,6480000,ScoreExit,window:candle reversal,shooting_star,0.3309,-0.0525,0.2996,0.3338,0.3355,-0.5401,-0.1981,0.4013,,,
summary,2024-05-15,AAPL,,,,,,,60.13,,1,,,,,,,,,,,,0.8113,2024-05-13T09:33:00+00:00,1586,2046
summary,2024-05-15,MSFT,,,,,,,0.00,,0,,,,,,,,,,,,0.7454,2024-05-13T09:48:00+00:00,1060,1638
summary,2024-05-15,AMZN,,,,,,,0.00,,0,,,,,,,,,,,,0.5016,2024-05-13T10:29:00+00:00,748,1806
summary,2024-05-16,QQQ,,,,,,,0.00,,0,,,,,,,,,,,,0.4191,2024-05-15T12:31:00+00:00,1909,2763
summary,2024-05-16,AAPL,,,,,,,0.00,,0,,,,,,,,,,,,0.9537,2024-05-13T14:49:00+00:00,1868,2505
summary,2024-05-16,MSFT,,,,,,,0.00,,0,,,,,,,,,,,,0.5465,2024-05-13T16:31:00+00:00,1386,2089
summary,2024-05-16,AMZN,,,,,,,0.00,,0,,,,,,,,,,,,0.4432,2024-05-15T15:24:00+00:00,947,2428
summary,2024-05-17,QQQ,,,,,,,0.00,,0,,,,,,,,,,,,0.6583,2024-05-14T14:30:00+00:00,2141,2828
summary,2024-05-17,AAPL,,,,,,,0.00,,0,,,,,,,,,,,,0.4865,2024-05-15T14:20:00+00:00,1507,2350
summary,2024-05-17,MSFT,,,,,,,0.00,,0,,,,,,,,,,,,0.8925,2024-05-14T14:25:00+00:00,1430,2060
summary,2024-05-17,AMZN,,,,,,,0.00,,0,,,,,,,,,,,,1.0000,2024-05-14T13:32:00+00:00,1200,2469
trade,2024-05-20,QQQ,Long,2024-05-20T13:51:00+00:00,2024-05-20T15:52:00+00:00,454.0312,454.1187,17.94,1.57,0.000193,7260000,ScoreExit,window:strong core,hammer,0.4393,-0.0852,0.5378,0.4350,0.4150,-0.4960,-0.2598,0.4012,,,
summary,2024-05-20,QQQ,,,,,,,1.57,,1,,,,,,,,,,,,0.6234,2024-05-17T14:49:00+00:00,575,1099
trade,2024-05-20,AAPL,Long,2024-05-20T13:53:00+00:00,2024-05-20T15:30:00+00:00,190.4021,191.1126,42.80,30.41,0.003732,5820000,ScoreExit,window:strong core,hammer,0.3976,-0.0546,0.5353,0.4174,0.3120,-0.5487,-0.2587,0.5184,,,
summary,2024-05-20,AAPL,,,,,,,30.41,,1,,,,,,,,,,,,0.8585,2024-05-17T13:41:00+00:00,527,1088
trade,2024-05-20,MSFT,Long,2024-05-20T13:36:00+00:00,2024-05-20T14:53:00+00:00,423.0695,424.3926,19.25,25.48,0.003128,4620000,ScoreExit,window:strong core,evening_star,0.4888,-0.0500,0.6037,0.4316,0.5648,-0.5668,-0.2331,0.4885,,,
summary,2024-05-20,MSFT,,,,,,,25.48,,1,,,,,,,,,,,,0.6180,2024-05-20T13:50:00+00:00,445,913
trade,2024-05-20,AMZN,Long,2024-05-20T13:31:00+00:00,2024-05-20T14:11:00+00:00,185.4406,185.2193,43.95,-9.73,-0.001193,2400000,ScoreExit,window:strong core,bullish_engulfing,0.4438,-0.0552,0.5644,0.4206,0.4500,-0.4860,-0.1482,0.2743,,,
summary,2024-05-20,AMZN,,,,,,,-9.73,,1,,,,,,,,,,,,0.8334,2024-05-17T13:37:00+00:00,468,1064
summary,2024-05-21,QQQ,,,,,,,0.00,,0,,,,,,,,,,,,0.4926,2024-05-20T09:39:00+00:00,793,1335
summary,2024-05-21,AAPL,,,,,,,0.00,,0,,,,,,,,,,,,0.6476,2024-05-20T14:00:00+00:00,895,1244
trade,2024-05-21,MSFT,Long,2024-05-21T14:11:00+00:00,2024-05-21T15:56:00+00:00,427.4432,431.9550,19.21,86.68,0.010555,6300000,SessionClose,window:strong core,hammer,0.3837,0.3207,-0.1898,0.4203,0.5018,-0.0401,0.2263,0.6298,,,
summary,2024-05-21,MSFT,,,,,,,86.68,,1,,,,,,,,,,,,0.7508,2024-05-20T13:50:00+00:00,760,1047
summary,2024-05-21,AMZN,,,,,,,0.00,,0,,,,,,,,,,,,0.6147,2024-05-20T13:33:00+00:00,152,1192
summary,2024-05-22,QQQ,,,,,,,0.00,,0,,,,,,,,,,,,0.4926,2024-05-20T09:39:00+00:00,1226,2107
summary,2024-05-22,AAPL,,,,,,,0.00,,0,,,,,,,,,,,,0.6476,2024-05-20T14:00:00+00:00,1095,1886
trade,2024-05-22,MSFT,Long,2024-05-22T13:31:00+00:00,2024-05-22T14:55:00+00:00,431.1343,431.2852,19.28,2.91,0.000350,5040000,ScoreExit,window:strong core,three_outside_up,0.3960,-0.0643,0.5152,0.4236,0.3009,-0.4897,-0.1632,0.2753,,,
summary,2024-05-22,MSFT,,,,,,,2.91,,1,,,,,,,,,,,,0.7508,2024-05-20T13:50:00+00:00,1092,1590
summary,2024-05-22,AMZN,,,,,,,0.00,,0,,,,,,,,,,,,0.6147,2024-05-20T13:33:00+00:00,464,1850
summary,2024-05-23,QQQ,,,,,,,0.00,,0,,,,,,,,,,,,0.7975,2024-05-20T14:49:00+00:00,1610,2741
summary,2024-05-23,AAPL,,,,,,,0.00,,0,,,,,,,,,,,,0.8935,2024-05-20T13:58:00+00:00,1056,2437
summary,2024-05-23,MSFT,,,,,,,0.00,,0,,,,,,,,,,,,0.9965,2024-05-20T13:38:00+00:00,1417,2222
summary,2024-05-23,AMZN,,,,,,,0.00,,0,,,,,,,,,,,,1.0000,2024-05-20T13:33:00+00:00,755,2506
summary,2024-05-24,QQQ,,,,,,,0.00,,0,,,,,,,,,,,,0.7720,2024-05-21T15:03:00+00:00,1587,2826
summary,2024-05-24,AAPL,,,,,,,0.00,,0,,,,,,,,,,,,0.7192,2024-05-21T14:00:00+00:00,716,2496
summary,2024-05-24,MSFT,,,,,,,0.00,,0,,,,,,,,,,,,0.9136,2024-05-21T14:41:00+00:00,1140,2184
summary,2024-05-24,AMZN,,,,,,,0.00,,0,,,,,,,,,,,,0.9777,2024-05-21T13:37:00+00:00,1274,2515
summary,2024-05-27,QQQ,,,,,,,0.00,,0,,,,,,,,,,,,0.9396,2024-05-24T15:04:00+00:00,367,494
summary,2024-05-27,AAPL,,,,,,,0.00,,0,,,,,,,,,,,,0.9560,2024-05-24T15:04:00+00:00,430,498
summary,2024-05-27,MSFT,,,,,,,0.00,,0,,,,,,,,,,,,0.9577,2024-05-24T15:04:00+00:00,415,450
summary,2024-05-27,AMZN,,,,,,,0.00,,0,,,,,,,,,,,,0.6547,2024-05-24T13:36:00+00:00,183,533
summary,2024-05-28,QQQ,,,,,,,0.00,,0,,,,,,,,,,,,0.5262,2024-05-28T09:24:00+00:00,308,653
summary,2024-05-28,AAPL,,,,,,,0.00,,0,,,,,,,,,,,,0.9560,2024-05-28T09:34:00+00:00,164,679
summary,2024-05-28,MSFT,,,,,,,0.00,,0,,,,,,,,,,,,0.3977,2024-05-28T12:05:00+00:00,272,526
trade,2024-05-28,AMZN,Long,2024-05-28T14:06:00+00:00,2024-05-28T15:31:00+00:00,180.9293,181.0891,44.88,7.17,0.000883,5100000,ScoreExit,window:candle reversal,shooting_star,0.3898,-0.0825,0.5727,0.2340,0.6403,-0.3975,-0.2774,0.4122,,,
summary,2024-05-28,AMZN,,,,,,,7.17,,1,,,,,,,,,,,,0.5895,2024-05-28T14:20:00+00:00,314,566
summary,2024-05-29,QQQ,,,,,,,0.00,,0,,,,,,,,,,,,0.5262,2024-05-28T09:24:00+00:00,635,1473
trade,2024-05-29,AAPL,Long,2024-05-29T13:37:00+00:00,2024-05-29T15:06:00+00:00,190.9023,191.8305,42.91,39.83,0.004863,5340000,ScoreExit,window:strong core,bearish_engulfing,0.3964,-0.0719,0.5677,0.4054,0.3212,-0.5402,-0.2385,0.4175,,,
summary,2024-05-29,AAPL,,,,,,,39.83,,1,,,,,,,,,,,,0.9560,2024-05-28T09:34:00+00:00,447,1411
trade,2024-05-29,MSFT,Long,2024-05-29T13:51:00+00:00,2024-05-29T15:06:00+00:00,430.2940,429.4461,19.06,-16.16,-0.001971,4500000,ScoreExit,window:strong core,hammer,0.4373,-0.0895,0.6165,0.4729,0.3062,-0.2216,-0.2498,0.2751,,,
summary,2024-05-29,MSFT,,,,,,,-16.16,,1,,,,,,,,,,,,0.4373,2024-05-29T13:50:00+00:00,586,1059
summary,2024-05-29,AMZN,,,,,,,0.00,,0,,,,,,,,,,,,0.5895,2024-05-28T14:20:00+00:00,777,1220
summary,2024-05-30,QQQ,,,,,,,0.00,,0,,,,,,,,,,,,0.5262,2024-05-28T09:24:00+00:00,635,2321
summary,2024-05-30,AAPL,,,,,,,0.00,,0,,,,,,,,,,,,0.9560,2024-05-28T09:34:00+00:00,691,2122
summary,2024-05-30,MSFT,,,,,,,0.00,,0,,,,,,,,,,,,0.4373,2024-05-29T13:50:00+00:00,586,1710
summary,2024-05-30,AMZN,,,,,,,0.00,,0,,,,,,,,,,,,0.5895,2024-05-28T14:20:00+00:00,788,1901
summary,2024-05-31,QQQ,,,,,,,0.00,,0,,,,,,,,,,,,0.7131,2024-05-28T14:58:00+00:00,640,2918
summary,2024-05-31,AAPL,,,,,,,0.00,,0,,,,,,,,,,,,0.9929,2024-05-28T13:38:00+00:00,969,2556
summary,2024-05-31,MSFT,,,,,,,0.00,,0,,,,,,,,,,,,0.8201,2024-05-28T13:40:00+00:00,583,2242
summary,2024-05-31,AMZN,,,,,,,0.00,,0,,,,,,,,,,,,0.8916,2024-05-28T14:26:00+00:00,865,2480
trade,2024-06-03,QQQ,Long,2024-06-03T13:41:00+00:00,2024-06-03T13:51:00+00:00,455.1315,454.4786,18.04,-11.78,-0.001434,600000,ScoreExit,window:candle reversal,shooting_star,0.3643,-0.0549,0.5477,0.2931,0.4456,-0.5682,-0.2195,0.4456,,,
summary,2024-06-03,QQQ,,,,,,,-11.78,,1,,,,,,,,,,,,0.7361,2024-05-31T20:00:00+00:00,745,1219
trade,2024-06-03,AAPL,Long,2024-06-03T13:41:00+00:00,2024-06-03T14:58:00+00:00,193.5066,193.9868,42.44,20.38,0.002481,4620000,ScoreExit,window:strong core,hammer,0.4401,-0.0523,0.3570,0.4062,0.5355,-0.5557,-0.2504,0.5118,,,
summary,2024-06-03,AAPL,,,,,,,20.38,,1,,,,,,,,,,,,0.6510,2024-05-31T13:41:00+00:00,689,1133
summary,2024-06-03,MSFT,,,,,,,0.00,,0,,,,,,,,,,,,0.8704,2024-05-31T19:55:00+00:00,465,1053
summary,2024-06-03,AMZN,,,,,,,0.00,,0,,,,,,,,,,,,0.6451,2024-05-31T19:59:00+00:00,679,1146
summary,2024-06-04,QQQ,,,,,,,0.00,,0,,,,,,,,,,,,0.4713,2024-06-04T18:29:00+00:00,779,1496
summary,2024-06-04,AAPL,,,,,,,0.00,,0,,,,,,,,,,,,0.6259,2024-06-03T13:47:00+00:00,725,1302
summary,2024-06-04,MSFT,,,,,,,0.00,,0,,,,,,,,,,,,0.4590,2024-06-04T12:03:00+00:00,558,1110
summary,2024-06-04,AMZN,,,,,,,0.00,,0,,,,,,,,,,,,0.6152,2024-06-03T08:35:00+00:00,769,1215
trade,2024-06-05,QQQ,Long,2024-06-05T14:31:00+00:00,2024-06-05T15:56:00+00:00,459.4528,460.7367,17.86,22.93,0.002795,5100000,SessionClose,window:strong core,,0.4353,0.0488,0.5617,0.4168,0.4303,-0.3386,-0.0818,0.4389,,,
summary,2024-06-05,QQQ,,,,,,,22.93,,1,,,,,,,,,,,,0.4713,2024-06-04T18:29:00+00:00,1537,2320
summary,2024-06-05,AAPL,,,,,,,0.00,,0,,,,,,,,,,,,0.6259,2024-06-03T13:47:00+00:00,1308,2003
trade,2024-06-05,MSFT,Long,2024-06-05T14:51:00+00:00,2024-06-05T15:56:00+00:00,419.7709,420.6988,19.47,18.07,0.002210,3900000,SessionClose,window:strong core,,0.4125,0.0958,0.5366,0.4082,0.3797,-0.3040,0.0070,0.4066,,,
summary,2024-06-05,MSFT,,,,,,,18.07,,1,,,,,,,,,,,,0.4590,2024-06-04T12:03:00+00:00,1066,1692
summary,2024-06-05,AMZN,,,,,,,0.00,,0,,,,,,,,,,,,0.6152,2024-06-03T08:35:00+00:00,1314,1890
summary,2024-06-06,QQQ,,,,,,,0.00,,0,,,,,,,,,,,,0.5068,2024-06-03T20:19:00+00:00,1952,2882
summary,2024-06-06,AAPL,,,,,,,0.00,,0,,,,,,,,,,,,0.8924,2024-06-03T14:18:00+00:00,1699,2536
trade,2024-06-06,MSFT,Long,2024-06-06T13:38:00+00:00,2024-06-06T13:57:00+00:00,424.2522,423.5979,19.34,-12.65,-0.001542,1140000,ScoreExit,window:candle reversal,shooting_star,0.3004,-0.0636,-0.0029,0.3226,0.3572,-0.5617,-0.1909,0.3572,,,
summary,2024-06-06,MSFT,,,,,,,-12.65,,1,,,,,,,,,,,,0.5510,2024-06-03T23:09:00+00:00,1370,2120
trade,2024-06-06,AMZN,Long,2024-06-06T13:32:00+00:00,2024-06-06T15:36:00+00:00,182.1996,183.7399,45.18,69.59,0.008453,7440000,MaxHoldTimeout,window:strong core,,0.4086,0.0862,0.5260,0.4149,0.3567,-0.0181,-0.0687,0.4307,,,
summary,2024-06-06,AMZN,,,,,,,69.59,,1,,,,,,,,,,,,0.9547,2024-06-03T13:32:00+00:00,1821,2361
summary,2024-06-07,QQQ,,,,,,,0.00,,0,,,,,,,,,,,,0.6341,2024-06-04T18:29:00+00:00,2222,2827
summary,2024-06-07,AAPL,,,,,,,0.00,,0,,,,,,,,,,,,0.6348,2024-06-04T14:44:00+00:00,1604,2527
summary,2024-06-07,MSFT,,,,,,,0.00,,0,,,,,,,,,,,,0.9050,2024-06-04T14:40:00+00:00,1678,2087
summary,2024-06-07,AMZN,,,,,,,0.00,,0,,,,,,,,,,,,0.8933,2024-06-04T14:01:00+00:00,2076,2436
summary,2024-06-10,QQQ,,,,,,,0.00,,0,,,,,,,,,,,,0.8879,2024-06-07T14:48:00+00:00,509,1177
summary,2024-06-10,AAPL,,,,,,,0.00,,0,,,,,,,,,,,,0.9402,2024-06-07T14:48:00+00:00,744,1217
trade,2024-06-10,MSFT,Long,2024-06-10T13:48:00+00:00,2024-06-10T15:49:00+00:00,425.7827,427.1768,19.36,26.98,0.003274,7260000,MaxHoldTimeout,window:strong core,bullish_engulfing,0.3901,0.1349,0.4167,0.4130,0.3356,-0.1475,0.0122,0.4744,,,
summary,2024-06-10,MSFT,,,,,,,26.98,,1,,,,,,,,,,,,0.7772,2024-06-07T14:49:00+00:00,534,915
trade,2024-06-10,AMZN,Long,2024-06-10T13:56:00+00:00,2024-06-10T15:56:00+00:00,185.2650,186.6390,44.39,60.99,0.007417,7200000,SessionClose,window:candle reversal,shooting_star,0.3705,0.0699,0.4877,0.3850,0.3024,0.3595,-0.1905,0.4940,,,
summary,2024-06-10,AMZN,,,,,,,60.99,,1,,,,,,,,,,,,0.9550,2024-06-07T14:48:00+00:00,619,1006
trade,2024-06-11,QQQ,Long,2024-06-11T14:56:00+00:00,2024-06-11T15:41:00+00:00,465.4296,464.5556,17.78,-15.54,-0.001878,2700000,ScoreExit,window:strong core,three_outside_up,0.3966,-0.1185,0.4817,0.4030,0.3554,-0.5609,-0.2199,0.2317,,,
summary,2024-06-11,QQQ,,,,,,,-15.54,,1,,,,,,,,,,,,0.4904,2024-06-10T15:09:00+00:00,920,1394
summary,2024-06-11,AAPL,,,,,,,0.00,,0,,,,,,,,,,,,0.8308,2024-06-11T13:59:00+00:00,585,1509
trade,2024-06-11,MSFT,Long,2024-06-11T14:42:00+00:00,2024-06-11T15:56:00+00:00,427.8733,428.3764,19.39,9.76,0.001176,4440000,SessionClose,window:strong core,hammer,0.4022,0.0914,0.5584,0.4192,0.3163,0.0306,-0.0432,0.3810,,,
summary,2024-06-11,MSFT,,,,,,,9.76,,1,,,,,,,,,,,,0.6627,2024-06-10T12:09:00+00:00,678,992
summary,2024-06-11,AMZN,,,,,,,0.00,,0,,,,,,,,,,,,0.7434,2024-06-10T11:13:00+00:00,771,1115
summary,2024-06-12,QQQ,,,,,,,0.00,,0,,,,,,,,,,,,0.5053,2024-06-12T12:31:00+00:00,1578,2183
trade,2024-06-12,AAPL,Long,2024-06-12T13:31:00+00:00,2024-06-12T15:36:00+00:00,207.8773,216.9999,41.46,378.21,0.043884,7500000,MaxHoldTimeout,window:strong core,hammer,0.6453,0.0316,0.5828,0.6381,0.6808,-0.5463,-0.1649,0.6174,,,
summary,2024-06-12,AAPL,,,,,,,378.21,,1,,,,,,,,,,,,0.8308,2024-06-11T13:59:00+00:00,1315,2418
trade,2024-06-12,MSFT,Long,2024-06-12T13:56:00+00:00,2024-06-12T15:56:00+00:00,438.0864,439.0733,18.86,18.61,0.002253,7200000,SessionClose,window:candle reversal,shooting_star,0.3509,0.1448,0.2963,0.2870,0.4970,0.1595,-0.0414,0.5124,,,
summary,2024-06-12,MSFT,,,,,,,18.61,,1,,,,,,,,,,,,0.6627,2024-06-10T12:09:00+00:00,1267,1646
summary,2024-06-12,AMZN,,,,,,,0.00,,0,,,,,,,,,,,,0.7434,2024-06-10T11:13:00+00:00,1136,1760
summary,2024-06-13,QQQ,,,,,,,0.00,,0,,,,,,,,,,,,0.8342,2024-06-10T15:00:00+00:00,2170,2796
summary,2024-06-13,AAPL,,,,,,,0.00,,0,,,,,,,,,,,,0.8508,2024-06-11T14:00:00+00:00,1926,3077
trade,2024-06-13,MSFT,Long,2024-06-13T13:46:00+00:00,2024-06-13T15:47:00+00:00,442.1276,442.7421,18.95,11.64,0.001390,7260000,MaxHoldTimeout,window:strong core,three_outside_up,0.4579,0.0219,0.5896,0.4791,0.3715,-0.1215,-0.1297,0.3729,,,
summary,2024-06-13,MSFT,,,,,,,11.64,,1,,,,,,,,,,,,0.9059,2024-06-10T13:50:00+00:00,1723,2250
summary,2024-06-13,AMZN,,,,,,,0.00,,0,,,,,,,,,,,,0.9560,2024-06-10T14:55:00+00:00,1220,2374
trade,2024-06-14,QQQ,Long,2024-06-14T13:51:00+00:00,2024-06-14T14:36:00+00:00,477.8483,476.9409,17.71,-16.07,-0.001899,2700000,ScoreExit,window:candle reversal,shooting_star,0.3501,-0.1421,0.5352,0.3781,0.2323,-0.5436,-0.2524,0.2122,,,
summary,2024-06-14,QQQ,,,,,,,-16.07,,1,,,,,,,,,,,,0.8674,2024-06-11T14:59:00+00:00,2355,2886
summary,2024-06-14,AAPL,,,,,,,0.00,,0,,,,,,,,,,,,1.0000,2024-06-11T13:33:00+00:00,2427,3056
summary,2024-06-14,MSFT,,,,,,,0.00,,0,,,,,,,,,,,,0.8706,2024-06-11T14:53:00+00:00,1875,2348
summary,2024-06-14,AMZN,,,,,,,0.00,,0,,,,,,,,,,,,0.5905,2024-06-11T19:59:00+00:00,724,2454
summary,2024-06-17,QQQ,,,,,,,0.00,,0,,,,,,,,,,,,0.4711,2024-06-17T17:35:00+00:00,981,1210
trade,2024-06-17,AAPL,Long,2024-06-17T14:01:00+00:00,2024-06-17T15:56:00+00:00,214.0192,216.1501,39.40,83.96,0.009957,6900000,SessionClose,window:strong core,hammer,0.4718,0.0325,0.3339,0.4008,0.6598,-0.5592,-0.1592,0.6132,,,
summary,2024-06-17,AAPL,,,,,,,83.96,,1,,,,,,,,,,,,0.6677,2024-06-14T13:33:00+00:00,615,1234
summary,2024-06-17,MSFT,,,,,,,0.00,,0,,,,,,,,,,,,0.9561,2024-06-14T14:59:00+00:00,779,942
summary,2024-06-17,AMZN,,,,,,,0.00,,0,,,,,,,,,,,,0.5454,2024-06-14T14:24:00+00:00,525,1042
summary,2024-06-18,QQQ,,,,,,,0.00,,0,,,,,,,,,,,,0.6046,2024-06-17T16:46:00+00:00,944,1468
summary,2024-06-18,AAPL,,,,,,,0.00,,0,,,,,,,,,,,,0.7606,2024-06-17T08:18:00+00:00,789,1471
summary,2024-06-18,MSFT,,,,,,,0.00,,0,,,,,,,,,,,,0.6314,2024-06-17T15:24:00+00:00,666,1067
summary,2024-06-18,AMZN,,,,,,,0.00,,0,,,,,,,,,,,,0.6588,2024-06-17T18:00:00+00:00,508,1176
summary,2024-06-19,QQQ,,,,,,,0.00,,0,,,,,,,,,,,,0.6046,2024-06-17T16:46:00+00:00,1058,1612
summary,2024-06-19,AAPL,,,,,,,0.00,,0,,,,,,,,,,,,0.7606,2024-06-17T08:18:00+00:00,789,1666
summary,2024-06-19,MSFT,,,,,,,0.00,,0,,,,,,,,,,,,0.6314,2024-06-17T15:24:00+00:00,712,1164
summary,2024-06-19,AMZN,,,,,,,0.00,,0,,,,,,,,,,,,0.6588,2024-06-17T18:00:00+00:00,515,1316
summary,2024-06-20,QQQ,,,,,,,0.00,,0,,,,,,,,,,,,0.7438,2024-06-17T15:04:00+00:00,1286,2010
summary,2024-06-20,AAPL,,,,,,,0.00,,0,,,,,,,,,,,,0.9599,2024-06-17T14:57:00+00:00,741,2009
summary,2024-06-20,MSFT,,,,,,,0.00,,0,,,,,,,,,,,,0.6800,2024-06-17T13:31:00+00:00,769,1598
trade,2024-06-20,AMZN,Long,2024-06-20T13:32:00+00:00,2024-06-20T15:26:00+00:00,184.1102,185.1194,45.86,46.28,0.005482,6840000,ScoreExit,window:strong core,bullish_engulfing,0.4498,-0.0503,0.6111,0.4798,0.3361,-0.4904,-0.1668,0.3292,,,
summary,2024-06-20,AMZN,,,,,,,46.28,,1,,,,,,,,,,,,0.8935,2024-06-17T14:36:00+00:00,1023,1728
summary,2024-06-21,QQQ,,,,,,,0.00,,0,,,,,,,,,,,,0.4570,2024-06-20T08:06:00+00:00,650,2062
summary,2024-06-21,AAPL,,,,,,,0.00,,0,,,,,,,,,,,,0.6163,2024-06-18T13:34:00+00:00,120,1993
trade,2024-06-21,MSFT,Long,2024-06-21T13:31:00+00:00,2024-06-21T13:51:00+00:00,447.6893,446.9409,18.94,-14.18,-0.001672,1200000,ScoreExit,window:5m thrust,three_outside_up,0.4092,-0.0566,0.3363,0.5196,0.2127,-0.5242,-0.1041,0.1942,,,
summary,2024-06-21,MSFT,,,,,,,-14.18,,1,,,,,,,,,,,,0.4544,2024-06-21T13:32:00+00:00,725,1608
summary,2024-06-21,AMZN,,,,,,,0.00,,0,,,,,,,,,,,,0.9006,2024-06-18T14:14:00+00:00,1226,1804
summary,2024-06-24,QQQ,,,,,,,0.00,,0,,,,,,,,,,,,0.5863,2024-06-21T15:02:00+00:00,281,1198
trade,2024-06-24,AAPL,Long,2024-06-24T14:02:00+00:00,2024-06-24T15:56:00+00:00,208.9277,211.9764,40.46,123.35,0.014592,6840000,SessionClose,window:candle reversal,shooting_star,0.3575,0.1646,0.5000,0.3291,0.3670,0.0945,-0.0577,0.6326,,,
summary,2024-06-24,AAPL,,,,,,,123.35,,1,,,,,,,,,,,,1.0000,2024-06-21T13:32:00+00:00,333,1261
trade,2024-06-24,MSFT,Long,2024-06-24T14:02:00+00:00,2024-06-24T14:41:00+00:00,451.2303,449.1302,18.77,-39.42,-0.004654,2340000,ScoreExit,window:strong core,,0.4408,-0.1478,0.5979,0.4506,0.3690,-0.5698,-0.1902,0.0778,,,
summary,2024-06-24,MSFT,,,,,,,-39.42,,1,,,,,,,,,,,,1.0000,2024-06-21T13:34:00+00:00,598,987
trade,2024-06-24,AMZN,Long,2024-06-24T14:06:00+00:00,2024-06-24T14:41:00+00:00,189.6629,188.8483,44.42,-36.18,-0.004295,2100000,ScoreExit,window:strong core,shooting_star,0.3988,-0.2053,0.2155,0.4323,0.3930,-0.5678,-0.3886,0.2823,,,
summary,2024-06-24,AMZN,,,,,,,-36.18,,1,,,,,,,,,,,,0.6641,2024-06-21T19:55:00+00:00,520,1143
summary,2024-06-25,QQQ,,,,,,,0.00,,0,,,,,,,,,,,,0.4721,2024-06-24T14:09:00+00:00,538,1506
summary,2024-06-25,AAPL,,,,,,,0.00,,0,,,,,,,,,,,,0.6820,2024-06-24T15:03:00+00:00,752,1442
trade,2024-06-25,MSFT,Long,2024-06-25T14:41:00+00:00,2024-06-25T15:06:00+00:00,450.1300,448.6254,18.77,-28.25,-0.003343,1500000,ScoreExit,window:candle reversal,shooting_star,0.3613,-0.0605,0.5102,0.3505,0.3334,-0.5151,-0.1507,0.2715,,,
summary,2024-06-25,MSFT,,,,,,,-28.25,,1,,,,,,,,,,,,0.7631,2024-06-24T10:20:00+00:00,476,1084
trade,2024-06-25,AMZN,Long,2024-06-25T14:12:00+00:00,2024-06-25T15:56:00+00:00,187.6613,188.5784,45.19,41.45,0.004887,6240000,SessionClose,window:strong core,,0.4079,0.0955,0.5473,0.4017,0.3739,-0.0010,-0.0980,0.5147,,,
summary,2024-06-25,AMZN,,,,,,,41.45,,1,,,,,,,,,,,,0.6322,2024-06-24T14:24:00+00:00,426,1272
trade,2024-06-26,QQQ,Long,2024-06-26T13:54:00+00:00,2024-06-26T15:00:00+00:00,480.1490,479.5111,17.64,-11.26,-0.001329,3960000,ScoreExit,window:candle reversal,shooting_star,0.3101,-0.0735,0.4123,0.3360,0.2241,-0.5438,-0.1411,0.2185,,,
summary,2024-06-26,QQQ,,,,,,,-11.26,,1,,,,,,,,,,,,0.4721,2024-06-24T14:09:00+00:00,1081,2337
trade,2024-06-26,AAPL,Long,2024-06-26T13:31:00+00:00,2024-06-26T15:32:00+00:00,211.4984,213.0911,40.58,64.63,0.007530,7260000,MaxHoldTimeout,window:strong core,hammer,0.4086,0.1054,0.4392,0.4406,0.3345,-0.3910,-0.0120,0.5056,,,
summary,2024-06-26,AAPL,,,,,,,64.63,,1,,,,,,,,,,,,0.6820,2024-06-24T15:03:00+00:00,1200,2209
summary,2024-06-26,MSFT,,,,,,,0.00,,0,,,,,,,,,,,,0.7631,2024-06-24T10:20:00+00:00,847,1635
trade,2024-06-26,AMZN,Long,2024-06-26T14:11:00+00:00,2024-06-26T15:56:00+00:00,187.6413,191.3576,45.40,168.70,0.019805,6300000,SessionClose,window:strong core,three_outside_up,0.3791,0.2854,-0.2296,0.4585,0.4231,0.4959,0.1156,0.5549,,,
summary,2024-06-26,AMZN,,,,,,,168.70,,1,,,,,,,,,,,,0.6322,2024-06-24T14:24:00+00:00,826,1986
summary,2024-06-27,QQQ,,,,,,,0.00,,0,,,,,,,,,,,,0.6152,2024-06-24T14:01:00+00:00,1550,2874
summary,2024-06-27,AAPL,,,,,,,0.00,,0,,,,,,,,,,,,0.9598,2024-06-24T15:03:00+00:00,1677,2678
summary,2024-06-27,MSFT,,,,,,,0.00,,0,,,,,,,,,,,,0.9011,2024-06-24T14:03:00+00:00,1105,2031
trade,2024-06-27,AMZN,Long,2024-06-27T14:21:00+00:00,2024-06-27T15:31:00+00:00,196.4939,195.3414,44.63,-51.44,-0.005866,4200000,ScoreExit,window:candle reversal,shooting_star,0.3655,-0.0604,0.3534,0.3031,0.4943,-0.3819,-0.2977,0.5211,,,
summary,2024-06-27,AMZN,,,,,,,-51.44,,1,,,,,,,,,,,,0.8956,2024-06-24T14:24:00+00:00,1413,2572
trade,2024-06-28,QQQ,Long,2024-06-28T13:55:00+00:00,2024-06-28T14:51:00+00:00,483.9701,484.6596,17.62,12.15,0.001424,3360000,ScoreExit,window:candle reversal,shooting_star,0.3004,-0.1374,0.3731,0.2979,0.2810,-0.5527,-0.2708,0.2679,,,
summary,2024-06-28,QQQ,,,,,,,12.15,,1,,,,,,,,,,,,0.5802,2024-06-25T15:03:00+00:00,1886,2825
summary,2024-06-28,AAPL,,,,,,,0.00,,0,,,,,,,,,,,,0.9911,2024-06-25T13:38:00+00:00,1637,2654
summary,2024-06-28,MSFT,,,,,,,0.00,,0,,,,,,,,,,,,0.8814,2024-06-25T14:41:00+00:00,1247,2002
summary,2024-06-28,AMZN,,,,,,,0.00,,0,,,,,,,,,,,,0.9540,2024-06-25T14:42:00+00:00,1805,2646
summary,2024-07-01,QQQ,,,,,,,0.00,,0,,,,,,,,,,,,0.8989,2024-06-28T14:05:00+00:00,245,1166
trade,2024-07-01,AAPL,Long,2024-07-01T13:32:00+00:00,2024-07-01T15:37:00+00:00,213.0889,214.9005,40.18,72.79,0.008502,7500000,MaxHoldTimeout,window:strong core,,0.4630,0.1482,0.5621,0.4832,0.3896,0.0906,-0.0983,0.6604,,,
summary,2024-07-01,AAPL,,,,,,,72.79,,1,,,,,,,,,,,,0.5650,2024-06-28T14:14:00+00:00,397,1129
trade,2024-07-01,MSFT,Long,2024-07-01T14:19:00+00:00,2024-07-01T15:56:00+00:00,450.2168,452.3493,19.02,40.55,0.004736,5820000,SessionClose,window:candle reversal,bearish_engulfing,0.3525,0.4107,0.5707,0.3675,0.2498,0.2846,0.3533,0.5676,,,
summary,2024-07-01,MSFT,,,,,,,40.55,,1,,,,,,,,,,,,0.8552,2024-06-28T14:08:00+00:00,492,999
trade,2024-07-01,AMZN,Long,2024-07-01T14:06:00+00:00,2024-07-01T15:56:00+00:00,195.3336,196.0462,43.82,31.23,0.003648,6600000,SessionClose,window:strong core,three_outside_up,0.4493,0.4535,0.3593,0.4466,0.4848,0.5434,0.3545,0.6214,,,
summary,2024-07-01,AMZN,,,,,,,31.23,,1,,,,,,,,,,,,0.9000,2024-06-28T14:02:00+00:00,546,1160
trade,2024-07-02,QQQ,Long,2024-07-02T13:36:00+00:00,2024-07-02T15:45:00+00:00,481.3594,483.9898,17.89,47.07,0.005465,7740000,MaxHoldTimeout,window:strong core,hammer,0.3830,0.1432,0.2641,0.4265,0.3358,-0.2797,0.0614,0.4478,,,
summary,2024-07-02,QQQ,,,,,,,47.07,,1,,,,,,,,,,,,0.5913,2024-07-01T16:14:00+00:00,1037,1441
trade,2024-07-02,AAPL,Long,2024-07-02T13:41:00+00:00,2024-07-02T15:46:00+00:00,216.9490,219.8390,40.01,115.64,0.013321,7500000,MaxHoldTimeout,window:strong core,three_outside_up,0.5032,0.1435,0.4887,0.4596,0.5952,0.1604,-0.0993,0.6234,,,
summary,2024-07-02,AAPL,,,,,,,115.64,,1,,,,,,,,,,,,0.6252,2024-07-01T16:44:00+00:00,1100,1327
trade,2024-07-02,MSFT,Long,2024-07-02T14:01:00+00:00,2024-07-02T15:18:00+00:00,456.5919,456.2016,18.95,-7.40,-0.000855,4620000,ScoreExit,window:strong core,three_outside_up,0.4417,-0.0851,0.4501,0.4395,0.4434,-0.4831,-0.2482,0.3737,,,
summary,2024-07-02,MSFT,,,,,,,-7.40,,1,,,,,,,,,,,,0.7654,2024-07-01T10:46:00+00:00,915,1078
summary,2024-07-02,AMZN,,,,,,,0.00,,0,,,,,,,,,,,,0.6198,2024-07-01T14:07:00+00:00,1087,1308
trade,2024-07-03,QQQ,Long,2024-07-03T13:51:00+00:00,2024-07-03T15:56:00+00:00,487.5312,489.8130,17.86,40.75,0.004680,7500000,SessionClose,window:candle reversal,shooting_star,0.3129,0.3733,0.4087,0.3086,0.2895,0.5442,0.3463,0.3704,,,
summary,2024-07-03,QQQ,,,,,,,40.75,,1,,,,,,,,,,,,0.5913,2024-07-01T16:14:00+00:00,1604,2195
summary,2024-07-03,AAPL,,,,,,,0.00,,0,,,,,,,,,,,,0.6252,2024-07-01T16:44:00+00:00,1629,2064
summary,2024-07-03,MSFT,,,,,,,0.00,,0,,,,,,,,,,,,0.7654,2024-07-01T10:46:00+00:00,1188,1467
summary,2024-07-03,AMZN,,,,,,,0.00,,0,,,,,,,,,,,,0.6198,2024-07-01T14:07:00+00:00,1460,2034
summary,2024-07-04,QQQ,,,,,,,0.00,,0,,,,,,,,,,,,0.6563,2024-07-01T16:14:00+00:00,1548,1966
summary,2024-07-04,AAPL,,,,,,,0.00,,0,,,,,,,,,,,,0.9726,2024-07-01T13:36:00+00:00,1596,1906
summary,2024-07-04,MSFT,,,,,,,0.00,,0,,,,,,,,,,,,0.8988,2024-07-01T14:22:00+00:00,1190,1380
summary,2024-07-04,AMZN,,,,,,,0.00,,0,,,,,,,,,,,,0.9000,2024-07-01T14:02:00+00:00,1435,1852
trade,2024-07-05,QQQ,Long,2024-07-05T14:01:00+00:00,2024-07-05T15:56:00+00:00,494.1432,495.3963,17.67,22.14,0.002536,6900000,SessionClose,window:strong core,three_outside_up,0.4178,0.2583,0.5744,0.4114,0.3786,-0.0262,0.2214,0.4268,,,
summary,2024-07-05,QQQ,,,,,,,22.14,,1,,,,,,,,,,,,0.8296,2024-07-02T15:02:00+00:00,1579,1818
trade,2024-07-05,AAPL,Long,2024-07-05T13:36:00+00:00,2024-07-05T15:56:00+00:00,222.3967,225.1198,39.13,106.57,0.012245,8400000,SessionClose,window:strong core,three_outside_up,0.4695,0.4195,0.3269,0.4114,0.6333,0.4065,0.3046,0.6537,,,
summary,2024-07-05,AAPL,,,,,,,106.57,,1,,,,,,,,,,,,0.9584,2024-07-02T14:51:00+00:00,1423,1710
trade,2024-07-05,MSFT,Long,2024-07-05T13:36:00+00:00,2024-07-05T15:40:00+00:00,461.9635,465.4153,18.74,64.69,0.007472,7440000,MaxHoldTimeout,window:strong core,three_outside_up,0.4726,0.1306,0.5806,0.4197,0.5424,-0.0458,-0.0468,0.5443,,,
summary,2024-07-05,MSFT,,,,,,,64.69,,1,,,,,,,,,,,,0.9363,2024-07-02T13:46:00+00:00,1041,1272
trade,2024-07-05,AMZN,Long,2024-07-05T13:36:00+00:00,2024-07-05T15:02:00+00:00,199.2648,199.4951,43.70,10.07,0.001156,5160000,ScoreExit,window:strong core,three_outside_up,0.4318,-0.0587,0.5220,0.4650,0.3355,-0.5580,-0.1803,0.3509,,,
summary,2024-07-05,AMZN,,,,,,,10.07,,1,,,,,,,,,,,,0.9130,2024-07-02T15:04:00+00:00,1075,1714
summary,2024-07-08,QQQ,,,,,,,0.00,,0,,,,,,,,,,,,0.8005,2024-07-05T14:48:00+00:00,909,1163
summary,2024-07-08,AAPL,,,,,,,0.00,,0,,,,,,,,,,,,0.8958,2024-07-05T14:01:00+00:00,1066,1170
summary,2024-07-08,MSFT,,,,,,,0.00,,0,,,,,,,,,,,,0.9763,2024-07-05T13:39:00+00:00,682,959
trade,2024-07-08,AMZN,Long,2024-07-08T13:51:00+00:00,2024-07-08T14:41:00+00:00,200.7432,199.8100,43.58,-40.67,-0.004649,3000000,ScoreExit,window:strong core,hammer,0.3971,-0.1076,0.3630,0.4229,0.3569,0.1381,-0.2358,0.0669,,,
summary,2024-07-08,AMZN,,,,,,,-40.67,,1,,,,,,,,,,,,0.9210,2024-07-05T13:36:00+00:00,523,1070
summary,2024-07-09,QQQ,,,,,,,0.00,,0,,,,,,,,,,,,0.5549,2024-07-08T09:28:00+00:00,949,1419
summary,2024-07-09,AAPL,,,,,,,0.00,,0,,,,,,,,,,,,0.6356,2024-07-08T15:09:00+00:00,1068,1364
summary,2024-07-09,MSFT,,,,,,,0.00,,0,,,,,,,,,,,,0.4035,2024-07-08T12:03:00+00:00,205,1016
summary,2024-07-09,AMZN,,,,,,,0.00,,0,,,,,,,,,,,,0.5616,2024-07-08T13:54:00+00:00,580,1204
summary,2024-07-10,QQQ,,,,,,,0.00,,0,,,,,,,,,,,,0.5549,2024-07-08T09:28:00+00:00,1554,2185
trade,2024-07-10,AAPL,Long,2024-07-10T13:41:00+00:00,2024-07-10T14:56:00+00:00,230.7042,230.5058,37.88,-7.51,-0.000860,4500000,ScoreExit,window:strong core,hammer,0.4104,-0.1156,0.4756,0.4136,0.3820,-0.4042,-0.2780,0.3054,,,
summary,2024-07-10,AAPL,,,,,,,-7.51,,1,,,,,,,,,,,,0.6356,2024-07-08T15:09:00+00:00,1708,2109
summary,2024-07-10,MSFT,,,,,,,0.00,,0,,,,,,,,,,,,0.4410,2024-07-10T17:04:00+00:00,408,1586
summary,2024-07-10,AMZN,,,,,,,0.00,,0,,,,,,,,,,,,0.5616,2024-07-08T13:54:00+00:00,897,1910
summary,2024-07-11,QQQ,,,,,,,0.00,,0,,,,,,,,,,,,0.5375,2024-07-08T23:59:00+00:00,1718,2728
summary,2024-07-11,AAPL,,,,,,,0.00,,0,,,,,,,,,,,,0.8652,2024-07-08T15:04:00+00:00,1929,2649
summary,2024-07-11,MSFT,,,,,,,0.00,,0,,,,,,,,,,,,0.5786,2024-07-08T13:51:00+00:00,514,2070
summary,2024-07-11,AMZN,,,,,,,0.00,,0,,,,,,,,,,,,0.8996,2024-07-08T13:47:00+00:00,961,2441
summary,2024-07-12,QQQ,,,,,,,0.00,,0,,,,,,,,,,,,0.4258,2024-07-10T16:43:00+00:00,1185,2841
trade,2024-07-12,AAPL,Long,2024-07-12T13:35:00+00:00,2024-07-12T15:36:00+00:00,230.2541,231.5855,37.89,50.44,0.005783,7260000,MaxHoldTimeout,window:strong core,,0.4475,-0.0304,0.6170,0.4794,0.3271,-0.3906,-0.1472,0.3233,,,
summary,2024-07-12,AAPL,,,,,,,50.44,,1,,,,,,,,,,,,0.8901,2024-07-09T14:18:00+00:00,1462,2698
summary,2024-07-12,MSFT,,,,,,,0.00,,0,,,,,,,,,,,,0.5116,2024-07-10T17:00:00+00:00,574,2154
summary,2024-07-12,AMZN,,,,,,,0.00,,0,,,,,,,,,,,,0.4473,2024-07-09T14:03:00+00:00,686,2528
trade,2024-07-15,QQQ,Long,2024-07-15T14:56:00+00:00,2024-07-15T15:34:00+00:00,499.6749,499.0152,17.53,-11.56,-0.001320,2280000,ScoreExit,window:candle reversal,shooting_star,0.3809,-0.0515,0.5556,0.3015,0.4815,-0.5797,-0.2217,0.4651,,,
summary,2024-07-15,QQQ,,,,,,,-11.56,,1,,,,,,,,,,,,0.9578,2024-07-12T14:40:00+00:00,710,1171
summary,2024-07-15,AAPL,,,,,,,0.00,,0,,,,,,,,,,,,0.9566,2024-07-12T14:55:00+00:00,858,1214
trade,2024-07-15,MSFT,Long,2024-07-15T13:39:00+00:00,2024-07-15T14:18:00+00:00,455.2095,453.9088,19.17,-24.93,-0.002857,2340000,ScoreExit,window:strong core,three_outside_up,0.4394,-0.0610,0.5655,0.4567,0.3627,-0.5593,-0.1250,0.2331,,,
summary,2024-07-15,MSFT,,,,,,,-24.93,,1,,,,,,,,,,,,0.8997,2024-07-12T14:44:00+00:00,601,982
trade,2024-07-15,AMZN,Long,2024-07-15T14:36:00+00:00,2024-07-15T14:49:00+00:00,195.9538,195.2064,44.63,-33.35,-0.003814,780000,ScoreExit,window:candle reversal,shooting_star,0.3805,-0.0586,0.5601,0.3074,0.4670,-0.5820,-0.1324,0.2635,,,
summary,2024-07-15,AMZN,,,,,,,-33.35,,1,,,,,,,,,,,,0.8244,2024-07-12T14:44:00+00:00,381,1118
summary,2024-07-16,QQQ,,,,,,,0.00,,0,,,,,,,,,,,,0.6127,2024-07-15T15:14:00+00:00,625,1440
trade,2024-07-16,AAPL,Long,2024-07-16T13:32:00+00:00,2024-07-16T13:46:00+00:00,235.5056,235.1045,37.14,-14.90,-0.001703,840000,ScoreExit,window:candle reversal,shooting_star,0.3653,-0.1450,0.5372,0.4110,0.2168,-0.5070,-0.2441,0.1738,,,
summary,2024-07-16,AAPL,,,,,,,-14.90,,1,,,,,,,,,,,,0.9587,2024-07-15T09:17:00+00:00,852,1458
summary,2024-07-16,MSFT,,,,,,,0.00,,0,,,,,,,,,,,,0.6954,2024-07-15T12:04:00+00:00,233,1033
summary,2024-07-16,AMZN,,,,,,,0.00,,0,,,,,,,,,,,,0.5638,2024-07-15T14:30:00+00:00,730,1356
summary,2024-07-17,QQQ,,,,,,,0.00,,0,,,,,,,,,,,,0.6127,2024-07-15T15:14:00+00:00,685,2291
summary,2024-07-17,AAPL,,,,,,,0.00,,0,,,,,,,,,,,,0.9587,2024-07-15T09:17:00+00:00,879,2261
summary,2024-07-17,MSFT,,,,,,,0.00,,0,,,,,,,,,,,,0.6954,2024-07-15T12:04:00+00:00,233,1670
summary,2024-07-17,AMZN,,,,,,,0.00,,0,,,,,,,,,,,,0.5638,2024-07-15T14:30:00+00:00,730,2085
summary,2024-07-18,QQQ,,,,,,,0.00,,0,,,,,,,,,,,,0.9099,2024-07-15T15:01:00+00:00,504,2964
summary,2024-07-18,AAPL,,,,,,,0.00,,0,,,,,,,,,,,,0.6800,2024-07-15T15:04:00+00:00,559,2747
summary,2024-07-18,MSFT,,,,,,,0.00,,0,,,,,,,,,,,,0.9695,2024-07-15T13:41:00+00:00,201,2152
summary,2024-07-18,AMZN,,,,,,,0.00,,0,,,,,,,,,,,,0.9432,2024-07-15T14:41:00+00:00,664,2633
summary,2024-07-19,QQQ,,,,,,,0.00,,0,,,,,,,,,,,,0.4594,2024-07-16T13:39:00+00:00,206,3061
summary,2024-07-19,AAPL,,,,,,,0.00,,0,,,,,,,,,,,,0.6970,2024-07-16T13:34:00+00:00,292,2784
summary,2024-07-19,MSFT,,,,,,,0.00,,0,,,,,,,,,,,,0.4470,2024-07-19T14:09:00+00:00,332,2430
trade,2024-07-19,AMZN,Long,2024-07-19T14:03:00+00:00,2024-07-19T14:42:00+00:00,183.7651,183.7199,47.51,-2.15,-0.000246,2340000,ScoreExit,window:5m thrust,,0.3829,-0.0646,0.3252,0.5491,0.0697,-0.3427,-0.0854,0.0697,,,
summary,2024-07-19,AMZN,,,,,,,-2.15,,1,,,,,,,,,,,,0.9855,2024-07-16T13:32:00+00:00,189,2691
trade,2024-07-22,QQQ,Long,2024-07-22T13:39:00+00:00,2024-07-22T14:06:00+00:00,481.7822,480.6108,18.08,-21.18,-0.002431,1620000,ScoreExit,window:candle reversal,bearish_engulfing,0.3090,-0.0818,0.5806,0.1635,0.5095,-0.4918,-0.3042,0.4996,,,
summary,2024-07-22,QQQ,,,,,,,-21.18,,1,,,,,,,,,,,,0.8561,2024-07-19T13:40:00+00:00,617,1225
summary,2024-07-22,AAPL,,,,,,,0.00,,0,,,,,,,,,,,,0.9340,2024-07-19T13:39:00+00:00,467,1091
summary,2024-07-22,MSFT,,,,,,,0.00,,0,,,,,,,,,,,,1.0000,2024-07-19T13:33:00+00:00,684,1006
summary,2024-07-22,AMZN,,,,,,,0.00,,0,,,,,,,,,,,,1.0000,2024-07-19T13:32:00+00:00,623,1134
trade,2024-07-23,QQQ,Long,2024-07-23T13:41:00+00:00,2024-07-23T14:03:00+00:00,482.7823,481.6105,18.05,-21.15,-0.002427,1320000,ScoreExit,window:strong core,bearish_engulfing,0.3922,-0.0530,0.5018,0.4029,0.3342,-0.5843,-0.0993,0.2167,,,
summary,2024-07-23,QQQ,,,,,,,-21.15,,1,,,,,,,,,,,,0.5743,2024-07-22T13:47:00+00:00,980,1546
summary,2024-07-23,AAPL,,,,,,,0.00,,0,,,,,,,,,,,,0.5932,2024-07-22T10:32:00+00:00,488,1260
trade,2024-07-23,MSFT,Long,2024-07-23T13:41:00+00:00,2024-07-23T14:46:00+00:00,445.6787,444.7915,19.65,-17.43,-0.001991,3900000,ScoreExit,window:strong core,three_outside_down,0.5137,-0.0766,0.5519,0.5168,0.4949,-0.5275,-0.2619,0.4441,,,
summary,2024-07-23,MSFT,,,,,,,-17.43,,1,,,,,,,,,,,,0.6469,2024-07-22T13:50:00+00:00,700,1068
summary,2024-07-23,AMZN,,,,,,,0.00,,0,,,,,,,,,,,,0.8615,2024-07-22T09:59:00+00:00,734,1303
summary,2024-07-24,QQQ,,,,,,,0.00,,0,,,,,,,,,,,,0.5743,2024-07-22T13:47:00+00:00,1024,2455
summary,2024-07-24,AAPL,,,,,,,0.00,,0,,,,,,,,,,,,0.5932,2024-07-22T10:32:00+00:00,583,2043
summary,2024-07-24,MSFT,,,,,,,0.00,,0,,,,,,,,,,,,0.6469,2024-07-22T13:50:00+00:00,767,1734
summary,2024-07-24,AMZN,,,,,,,0.00,,0,,,,,,,,,,,,0.8615,2024-07-22T09:59:00+00:00,918,2090
trade,2024-07-25,QQQ,Long,2024-07-25T14:56:00+00:00,2024-07-25T15:42:00+00:00,462.8738,462.4962,18.74,-7.08,-0.000816,2760000,ScoreExit,window:5m thrust,,0.3718,-0.0914,0.0415,0.5810,0.0637,-0.5547,-0.0998,0.0797,,,
summary,2024-07-25,QQQ,,,,,,,-7.08,,1,,,,,,,,,,,,0.7878,2024-07-22T14:40:00+00:00,945,3101
trade,2024-07-25,AAPL,Long,2024-07-25T14:56:00+00:00,2024-07-25T15:56:00+00:00,218.0604,218.7693,39.93,28.31,0.003251,3600000,SessionClose,window:5m thrust,,0.3620,0.2062,0.3601,0.5198,0.0472,0.0792,0.2771,0.1069,,,
summary,2024-07-25,AAPL,,,,,,,28.31,,1,,,,,,,,,,,,0.7292,2024-07-22T14:15:00+00:00,600,2708
summary,2024-07-25,MSFT,,,,,,,0.00,,0,,,,,,,,,,,,0.9180,2024-07-22T14:40:00+00:00,681,2290
summary,2024-07-25,AMZN,,,,,,,0.00,,0,,,,,,,,,,,,0.8323,2024-07-22T13:59:00+00:00,946,2708
summary,2024-07-26,QQQ,,,,,,,0.00,,0,,,,,,,,,,,,0.5192,2024-07-23T15:18:00+00:00,408,3139
summary,2024-07-26,AAPL,,,,,,,0.00,,0,,,,,,,,,,,,0.8431,2024-07-23T14:22:00+00:00,546,2752
summary,2024-07-26,MSFT,,,,,,,0.00,,0,,,,,,,,,,,,0.9454,2024-07-23T13:44:00+00:00,315,2442
summary,2024-07-26,AMZN,,,,,,,0.00,,0,,,,,,,,,,,,1.0000,2024-07-23T13:37:00+00:00,384,2719
summary,2024-07-29,QQQ,,,,,,,0.00,,0,,,,,,,,,,,,0.7107,2024-07-26T14:28:00+00:00,762,1192
trade,2024-07-29,AAPL,Long,2024-07-29T13:42:00+00:00,2024-07-29T14:26:00+00:00,218.3392,217.7796,39.91,-22.33,-0.002563,2640000,ScoreExit,window:strong core,hammer,0.4299,-0.0954,0.5743,0.4628,0.3161,-0.4259,-0.1350,0.0940,,,
summary,2024-07-29,AAPL,,,,,,,-22.33,,1,,,,,,,,,,,,0.7782,2024-07-26T15:04:00+00:00,621,1100
summary,2024-07-29,MSFT,,,,,,,0.00,,0,,,,,,,,,,,,0.9615,2024-07-26T15:00:00+00:00,802,1009
summary,2024-07-29,AMZN,,,,,,,0.00,,0,,,,,,,,,,,,0.8961,2024-07-26T14:26:00+00:00,849,1093
summary,2024-07-30,QQQ,,,,,,,0.00,,0,,,,,,,,,,,,0.5671,2024-07-29T16:19:00+00:00,517,1482
summary,2024-07-30,AAPL,,,,,,,0.00,,0,,,,,,,,,,,,0.7506,2024-07-29T09:41:00+00:00,698,1259
summary,2024-07-30,MSFT,,,,,,,0.00,,0,,,,,,,,,,,,0.6353,2024-07-29T10:35:00+00:00,478,1195
trade,2024-07-30,AMZN,Long,2024-07-30T13:32:00+00:00,2024-07-30T13:46:00+00:00,184.7404,183.7898,47.03,-44.71,-0.005145,840000,ScoreExit,window:strong core,hammer,0.3916,-0.1048,0.3304,0.4137,0.3679,-0.4454,-0.2159,0.2308,,,
summary,2024-07-30,AMZN,,,,,,,-44.71,,1,,,,,,,,,,,,0.6141,2024-07-29T16:19:00+00:00,529,1246
summary,2024-07-31,QQQ,,,,,,,0.00,,0,,,,,,,,,,,,0.5671,2024-07-29T16:19:00+00:00,1137,2403
summary,2024-07-31,AAPL,,,,,,,0.00,,0,,,,,,,,,,,,0.7506,2024-07-29T09:41:00+00:00,1208,2089
summary,2024-07-31,MSFT,,,,,,,0.00,,0,,,,,,,,,,,,0.6353,2024-07-29T10:35:00+00:00,803,2091
summary,2024-07-31,AMZN,,,,,,,0.00,,0,,,,,,,,,,,,0.6141,2024-07-29T16:19:00+00:00,1168,2094
summary,2024-08-01,QQQ,,,,,,,0.00,,0,,,,,,,,,,,,0.7417,2024-07-29T13:45:00+00:00,1371,3040
summary,2024-08-01,AAPL,,,,,,,0.00,,0,,,,,,,,,,,,1.0000,2024-07-29T13:38:00+00:00,1596,2710
trade,2024-08-01,MSFT,Long,2024-08-01T13:41:00+00:00,2024-08-01T14:44:00+00:00,420.4411,424.5476,20.83,85.53,0.009767,3780000,ScoreExit,window:strong core,evening_star,0.5266,-0.0505,0.3947,0.5467,0.5303,-0.3352,-0.2216,0.3865,,,
summary,2024-08-01,MSFT,,,,,,,85.53,,1,,,,,,,,,,,,0.6644,2024-08-01T13:55:00+00:00,1078,2663
summary,2024-08-01,AMZN,,,,,,,0.00,,0,,,,,,,,,,,,0.7521,2024-07-29T13:32:00+00:00,1500,2777
summary,2024-08-02,QQQ,,,,,,,0.00,,0,,,,,,,,,,,,0.5849,2024-07-31T08:01:00+00:00,1242,3153
summary,2024-08-02,AAPL,,,,,,,0.00,,0,,,,,,,,,,,,0.9164,2024-07-30T13:41:00+00:00,1468,2943
summary,2024-08-02,MSFT,,,,,,,0.00,,0,,,,,,,,,,,,0.8403,2024-07-31T12:44:00+00:00,960,2728
summary,2024-08-02,AMZN,,,,,,,0.00,,0,,,,,,,,,,,,0.8389,2024-07-30T13:35:00+00:00,1100,3040
summary,2024-08-05,QQQ,,,,,,,0.00,,0,,,,,,,,,,,,1.0000,2024-08-02T13:39:00+00:00,502,1287
trade,2024-08-05,AAPL,Long,2024-08-05T13:31:00+00:00,2024-08-05T15:32:00+00:00,198.8246,210.8117,43.81,525.13,0.060290,7260000,MaxHoldTimeout,window:5m thrust,hammer,0.5787,0.0737,-0.1109,0.8163,0.3333,-0.5023,0.0399,0.3333,,,
summary,2024-08-05,AAPL,,,,,,,525.13,,1,,,,,,,,,,,,1.0000,2024-08-02T13:31:00+00:00,599,1285
summary,2024-08-05,MSFT,,,,,,,0.00,,0,,,,,,,,,,,,0.6521,2024-08-02T13:32:00+00:00,445,1178
summary,2024-08-05,AMZN,,,,,,,0.00,,0,,,,,,,,,,,,0.8486,2024-08-02T15:31:00+00:00,855,1314
trade,2024-08-06,QQQ,Long,2024-08-06T14:01:00+00:00,2024-08-06T15:56:00+00:00,438.3265,443.3919,20.71,104.90,0.011556,6900000,SessionClose,window:strong core,,0.4603,0.4368,-0.1281,0.4533,0.6705,0.5083,0.2916,0.7034,,,
summary,2024-08-06,QQQ,,,,,,,104.90,,1,,,,,,,,,,,,1.0000,2024-08-05T08:09:00+00:00,1160,1663
trade,2024-08-06,AAPL,Long,2024-08-06T14:50:00+00:00,2024-08-06T15:30:00+00:00,206.7728,206.0532,44.46,-31.99,-0.003480,2400000,ScoreExit,window:5m thrust,bearish_engulfing,0.3967,-0.0712,0.2730,0.5209,0.1894,-0.5707,-0.1169,0.1867,,,
summary,2024-08-06,AAPL,,,,,,,-31.99,,1,,,,,,,,,,,,1.0000,2024-08-05T08:01:00+00:00,1061,1603
trade,2024-08-06,MSFT,Long,2024-08-06T13:31:00+00:00,2024-08-06T15:27:00+00:00,400.9753,402.5642,22.48,35.72,0.003963,6960000,ScoreExit,window:strong core,,0.4800,-0.0538,0.3245,0.4406,0.6105,-0.4782,-0.4050,0.7901,,,
summary,2024-08-06,MSFT,,,,,,,35.72,,1,,,,,,,,,,,,1.0000,2024-08-05T08:08:00+00:00,1033,1388
trade,2024-08-06,AMZN,Long,2024-08-06T14:41:00+00:00,2024-08-06T15:56:00+00:00,161.4384,162.9611,56.29,85.71,0.009432,4500000,SessionClose,window:strong core,hammer,0.5223,0.4240,0.5455,0.4550,0.6490,0.4601,0.2693,0.7216,,,
summary,2024-08-06,AMZN,,,,,,,85.71,,1,,,,,,,,,,,,1.0000,2024-08-05T08:05:00+00:00,1210,1599
trade,2024-08-07,QQQ,Long,2024-08-07T13:41:00+00:00,2024-08-07T14:17:00+00:00,447.7593,447.5657,20.73,-4.01,-0.000432,2160000,ScoreExit,window:strong core,hammer,0.3917,-0.0707,0.0031,0.4334,0.4378,-0.3120,-0.2683,0.4049,,,
summary,2024-08-07,QQQ,,,,,,,-4.01,,1,,,,,,,,,,,,1.0000,2024-08-05T08:09:00+00:00,1570,2594
trade,2024-08-07,AAPL,Long,2024-08-07T13:31:00+00:00,2024-08-07T15:41:00+00:00,208.3675,213.1610,44.41,212.87,0.023005,7800000,MaxHoldTimeout,window:strong core,bearish_engulfing,0.4970,-0.0163,0.5511,0.4372,0.5986,-0.2572,-0.2521,0.5357,,,
summary,2024-08-07,AAPL,,,,,,,212.87,,1,,,,,,,,,,,,1.0000,2024-08-05T08:01:00+00:00,1497,2444
summary,2024-08-07,MSFT,,,,,,,0.00,,0,,,,,,,,,,,,1.0000,2024-08-05T08:08:00+00:00,1426,2104
summary,2024-08-07,AMZN,,,,,,,0.00,,0,,,,,,,,,,,,1.0000,2024-08-05T08:05:00+00:00,1692,2430
trade,2024-08-08,QQQ,Long,2024-08-08T14:16:00+00:00,2024-08-08T15:16:00+00:00,443.0416,443.8418,20.88,16.71,0.001806,3600000,ScoreExit,window:strong core,hammer,0.4542,-0.0517,0.5129,0.4090,0.5250,-0.2766,-0.2810,0.4819,,,
summary,2024-08-08,QQQ,,,,,,,16.71,,1,,,,,,,,,,,,1.0000,2024-08-05T13:33:00+00:00,1926,3184
trade,2024-08-08,AAPL,Long,2024-08-08T14:46:00+00:00,2024-08-08T15:11:00+00:00,212.3887,211.6215,43.65,-33.49,-0.003612,1500000,ScoreExit,window:strong core,,0.3654,-0.0986,-0.1672,0.4168,0.4399,-0.4900,-0.3105,0.4556,,,
summary,2024-08-08,AAPL,,,,,,,-33.49,,1,,,,,,,,,,,,1.0000,2024-08-05T13:31:00+00:00,1960,2909
trade,2024-08-08,MSFT,Long,2024-08-08T14:26:00+00:00,2024-08-08T15:06:00+00:00,404.7564,403.6039,22.49,-25.92,-0.002847,2400000,ScoreExit,window:strong core,bullish_engulfing,0.4442,-0.0963,0.3414,0.4690,0.4288,-0.4054,-0.2840,0.3822,,,
summary,2024-08-08,MSFT,,,,,,,-25.92,,1,,,,,,,,,,,,1.0000,2024-08-05T13:34:00+00:00,1672,2485
trade,2024-08-08,AMZN,Long,2024-08-08T14:36:00+00:00,2024-08-08T15:11:00+00:00,164.7170,164.6520,56.10,-3.65,-0.000395,2100000,ScoreExit,window:candle reversal,shooting_star,0.3155,-0.0819,0.4383,0.1977,0.5100,-0.5740,-0.2199,0.3583,,,
summary,2024-08-08,AMZN,,,,,,,-3.65,,1,,,,,,,,,,,,1.0000,2024-08-05T13:30:00+00:00,2151,2908
summary,2024-08-09,QQQ,,,,,,,0.00,,0,,,,,,,,,,,,0.9599,2024-08-06T14:47:00+00:00,1825,3170
trade,2024-08-09,AAPL,Long,2024-08-09T13:39:00+00:00,2024-08-09T15:40:00+00:00,213.2071,215.2804,43.50,90.19,0.009724,7260000,MaxHoldTimeout,window:5m thrust,hammer,0.4121,0.1243,0.3174,0.5204,0.2270,-0.1636,0.0343,0.4004,,,
summary,2024-08-09,AAPL,,,,,,,90.19,,1,,,,,,,,,,,,0.9605,2024-08-06T14:47:00+00:00,2098,2816
summary,2024-08-09,MSFT,,,,,,,0.00,,0,,,,,,,,,,,,0.9035,2024-08-06T14:37:00+00:00,1338,2434
summary,2024-08-09,AMZN,,,,,,,0.00,,0,,,,,,,,,,,,0.9611,2024-08-06T14:45:00+00:00,1767,2835
trade,2024-08-12,QQQ,Long,2024-08-12T14:26:00+00:00,2024-08-12T15:21:00+00:00,453.2909,453.5989,19.98,6.15,0.000679,3300000,ScoreExit,window:candle reversal,shooting_star,0.4115,-0.1414,0.5488,0.3523,0.4839,-0.4169,-0.4057,0.4791,,,
summary,2024-08-12,QQQ,,,,,,,6.15,,1,,,,,,,,,,,,0.8726,2024-08-09T15:04:00+00:00,860,1137
trade,2024-08-12,AAPL,Long,2024-08-12T14:06:00+00:00,2024-08-12T15:21:00+00:00,217.2402,218.7943,41.87,65.08,0.007154,4500000,ScoreExit,window:candle reversal,shooting_star,0.3588,-0.1032,0.2928,0.2714,0.5555,-0.4485,-0.3781,0.5615,,,
summary,2024-08-12,AAPL,,,,,,,65.08,,1,,,,,,,,,,,,0.9564,2024-08-09T15:03:00+00:00,901,1074
summary,2024-08-12,MSFT,,,,,,,0.00,,0,,,,,,,,,,,,0.7798,2024-08-09T15:04:00+00:00,628,926
trade,2024-08-12,AMZN,Long,2024-08-12T14:26:00+00:00,2024-08-12T15:21:00+00:00,168.5048,167.9646,53.92,-29.13,-0.003206,3300000,ScoreExit,window:candle reversal,shooting_star,0.3340,-0.1703,0.5647,0.2150,0.4951,-0.5076,-0.4357,0.4730,,,
summary,2024-08-12,AMZN,,,,,,,-29.13,,1,,,,,,,,,,,,0.8985,2024-08-09T14:07:00+00:00,603,1096
summary,2024-08-13,QQQ,,,,,,,0.00,,0,,,,,,,,,,,,0.6527,2024-08-12T14:36:00+00:00,944,1420
trade,2024-08-13,AAPL,Long,2024-08-13T13:31:00+00:00,2024-08-13T15:32:00+00:00,219.8709,220.9487,41.40,44.62,0.004902,7260000,MaxHoldTimeout,window:strong core,shooting_star,0.5664,0.1050,0.5783,0.5160,0.6634,-0.4881,-0.0332,0.5792,,,
summary,2024-08-13,AAPL,,,,,,,44.62,,1,,,,,,,,,,,,0.6399,2024-08-12T14:18:00+00:00,862,1276
summary,2024-08-13,MSFT,,,,,,,0.00,,0,,,,,,,,,,,,0.7336,2024-08-12T09:58:00+00:00,694,1108
summary,2024-08-13,AMZN,,,,,,,0.00,,0,,,,,,,,,,,,0.7757,2024-08-12T09:45:00+00:00,742,1243
summary,2024-08-14,QQQ,,,,,,,0.00,,0,,,,,,,,,,,,0.6527,2024-08-12T14:36:00+00:00,1579,2280
summary,2024-08-14,AAPL,,,,,,,0.00,,0,,,,,,,,,,,,0.6399,2024-08-12T14:18:00+00:00,1415,2012
trade,2024-08-14,MSFT,Long,2024-08-14T13:36:00+00:00,2024-08-14T14:11:00+00:00,415.7897,414.7655,21.95,-22.48,-0.002463,2100000,ScoreExit,window:candle reversal,shooting_star,0.3523,-0.0950,0.1868,0.4086,0.2950,-0.2208,-0.2560,0.2690,,,
summary,2024-08-14,MSFT,,,,,,,-22.48,,1,,,,,,,,,,,,0.7336,2024-08-12T09:58:00+00:00,1145,1713
summary,2024-08-14,AMZN,,,,,,,0.00,,0,,,,,,,,,,,,0.7757,2024-08-12T09:45:00+00:00,1337,1981
summary,2024-08-15,QQQ,,,,,,,0.00,,0,,,,,,,,,,,,0.9545,2024-08-12T15:03:00+00:00,2145,2872
summary,2024-08-15,AAPL,,,,,,,0.00,,0,,,,,,,,,,,,0.9560,2024-08-12T14:48:00+00:00,1873,2531
summary,2024-08-15,MSFT,,,,,,,0.00,,0,,,,,,,,,,,,0.8882,2024-08-12T15:02:00+00:00,1537,2192
trade,2024-08-15,AMZN,Long,2024-08-15T13:56:00+00:00,2024-08-15T15:56:00+00:00,176.6880,176.7420,52.04,2.81,0.000305,7200000,SessionClose,window:candle reversal,shooting_star,0.4202,0.0427,0.6260,0.2799,0.6321,-0.5118,-0.1490,0.6108,,,
summary,2024-08-15,AMZN,,,,,,,2.81,,1,,,,,,,,,,,,0.8912,2024-08-12T14:25:00+00:00,1856,2538
summary,2024-08-16,QQQ,,,,,,,0.00,,0,,,,,,,,,,,,0.8681,2024-08-13T15:04:00+00:00,2415,2943
summary,2024-08-16,AAPL,,,,,,,0.00,,0,,,,,,,,,,,,0.8921,2024-08-13T14:04:00+00:00,1828,2585
summary,2024-08-16,MSFT,,,,,,,0.00,,0,,,,,,,,,,,,0.8602,2024-08-13T15:04:00+00:00,1614,2200
trade,2024-08-16,AMZN,Long,2024-08-16T14:06:00+00:00,2024-08-16T15:18:00+00:00,177.5933,177.5367,51.92,-2.94,-0.000318,4320000,ScoreExit,window:strong core,hammer,0.3728,-0.0511,-0.0032,0.4059,0.4317,-0.5084,-0.2128,0.4248,,,
summary,2024-08-16,AMZN,,,,,,,-2.94,,1,,,,,,,,,,,,1.0000,2024-08-13T13:33:00+00:00,2108,2631
summary,2024-08-19,QQQ,,,,,,,0.00,,0,,,,,,,,,,,,0.6878,2024-08-16T14:18:00+00:00,951,1223
summary,2024-08-19,AAPL,,,,,,,0.00,,0,,,,,,,,,,,,0.7016,2024-08-16T15:53:00+00:00,742,1119
summary,2024-08-19,MSFT,,,,,,,0.00,,0,,,,,,,,,,,,0.4545,2024-08-16T13:37:00+00:00,384,975
summary,2024-08-19,AMZN,,,,,,,0.00,,0,,,,,,,,,,,,0.8896,2024-08-16T14:17:00+00:00,555,1096
trade,2024-08-20,QQQ,Long,2024-08-20T13:51:00+00:00,2024-08-20T14:16:00+00:00,482.2396,480.6808,18.89,-29.45,-0.003233,1500000,ScoreExit,window:strong core,three_outside_up,0.4361,-0.0533,0.5502,0.4140,0.4422,-0.5190,-0.1427,0.2809,,,
summary,2024-08-20,QQQ,,,,,,,-29.45,,1,,,,,,,,,,,,0.7212,2024-08-19T09:33:00+00:00,1146,1544
trade,2024-08-20,AAPL,Long,2024-08-20T13:36:00+00:00,2024-08-20T14:36:00+00:00,226.7330,226.0022,40.10,-29.31,-0.003223,3600000,ScoreExit,window:strong core,three_outside_up,0.4360,-0.1137,0.5575,0.4029,0.4618,-0.5564,-0.2577,0.3217,,,
summary,2024-08-20,AAPL,,,,,,,-29.31,,1,,,,,,,,,,,,0.4439,2024-08-19T19:53:00+00:00,839,1283
trade,2024-08-20,MSFT,Long,2024-08-20T13:46:00+00:00,2024-08-20T14:42:00+00:00,422.8430,422.3083,21.54,-11.52,-0.001265,3360000,ScoreExit,window:strong core,,0.4048,-0.0813,0.2732,0.4122,0.4339,-0.3206,-0.2805,0.3969,,,
summary,2024-08-20,MSFT,,,,,,,-11.52,,1,,,,,,,,,,,,0.7873,2024-08-19T10:02:00+00:00,753,1082
trade,2024-08-20,AMZN,Long,2024-08-20T13:55:00+00:00,2024-08-20T14:36:00+00:00,178.4385,178.3015,51.06,-7.00,-0.000768,2460000,ScoreExit,window:candle reversal,bearish_engulfing,0.3103,-0.1247,0.3790,0.2469,0.4143,-0.4799,-0.2762,0.2967,,,
summary,2024-08-20,AMZN,,,,,,,-7.00,,1,,,,,,,,,,,,0.6154,2024-08-19T09:35:00+00:00,834,1279
summary,2024-08-21,QQQ,,,,,,,0.00,,0,,,,,,,,,,,,0.7212,2024-08-19T09:33:00+00:00,1650,2356
summary,2024-08-21,AAPL,,,,,,,0.00,,0,,,,,,,,,,,,0.4439,2024-08-19T19:53:00+00:00,1199,1949
summary,2024-08-21,MSFT,,,,,,,0.00,,0,,,,,,,,,,,,0.7873,2024-08-19T10:02:00+00:00,1101,1648
trade,2024-08-21,AMZN,Long,2024-08-21T13:36:00+00:00,2024-08-21T14:46:00+00:00,180.5892,181.4206,50.48,41.97,0.004604,4200000,ScoreExit,window:candle reversal,shooting_star,0.3330,-0.0557,0.1249,0.3251,0.4182,0.2088,-0.2712,0.2871,,,
summary,2024-08-21,AMZN,,,,,,,41.97,,1,,,,,,,,,,,,0.6154,2024-08-19T09:35:00+00:00,1351,1982
summary,2024-08-22,QQQ,,,,,,,0.00,,0,,,,,,,,,,,,0.8500,2024-08-19T15:04:00+00:00,1856,2864
summary,2024-08-22,AAPL,,,,,,,0.00,,0,,,,,,,,,,,,0.5873,2024-08-19T19:53:00+00:00,1392,2375
summary,2024-08-22,MSFT,,,,,,,0.00,,0,,,,,,,,,,,,0.5806,2024-08-19T19:56:00+00:00,1205,2130
summary,2024-08-22,AMZN,,,,,,,0.00,,0,,,,,,,,,,,,0.5619,2024-08-19T19:59:00+00:00,1521,2478
summary,2024-08-23,QQQ,,,,,,,0.00,,0,,,,,,,,,,,,0.5283,2024-08-20T13:58:00+00:00,1104,2824
summary,2024-08-23,AAPL,,,,,,,0.00,,0,,,,,,,,,,,,0.7386,2024-08-20T13:38:00+00:00,1090,2343
summary,2024-08-23,MSFT,,,,,,,0.00,,0,,,,,,,,,,,,0.5997,2024-08-20T18:24:00+00:00,751,2139
summary,2024-08-23,AMZN,,,,,,,0.00,,0,,,,,,,,,,,,0.7276,2024-08-20T13:58:00+00:00,981,2511
summary,2024-08-26,QQQ,,,,,,,0.00,,0,,,,,,,,,,,,0.9064,2024-08-23T14:02:00+00:00,419,1168
summary,2024-08-26,AAPL,,,,,,,0.00,,0,,,,,,,,,,,,0.8929,2024-08-23T14:10:00+00:00,529,1036
summary,2024-08-26,MSFT,,,,,,,0.00,,0,,,,,,,,,,,,0.7391,2024-08-23T14:10:00+00:00,199,944
summary,2024-08-26,AMZN,,,,,,,0.00,,0,,,,,,,,,,,,0.8977,2024-08-23T14:11:00+00:00,178,1086
trade,2024-08-27,QQQ,Long,2024-08-27T14:31:00+00:00,2024-08-27T15:26:00+00:00,476.7780,476.3521,19.07,-8.12,-0.000893,3300000,ScoreExit,window:candle reversal,shooting_star,0.4376,-0.1098,0.5370,0.4798,0.3200,-0.4951,-0.2156,0.2302,,,
summary,2024-08-27,QQQ,,,,,,,-8.12,,1,,,,,,,,,,,,0.4483,2024-08-27T14:29:00+00:00,491,1459
trade,2024-08-27,AAPL,Long,2024-08-27T14:01:00+00:00,2024-08-27T15:56:00+00:00,227.1031,227.9966,39.99,35.73,0.003934,6900000,SessionClose,window:strong core,,0.4721,0.0032,0.5696,0.4164,0.5510,-0.5092,-0.1612,0.5026,,,
summary,2024-08-27,AAPL,,,,,,,35.73,,1,,,,,,,,,,,,0.5279,2024-08-27T14:23:00+00:00,764,1256
summary,2024-08-27,MSFT,,,,,,,0.00,,0,,,,,,,,,,,,0.3970,2024-08-26T10:38:00+00:00,309,1022
summary,2024-08-27,AMZN,,,,,,,0.00,,0,,,,,,,,,,,,0.7196,2024-08-26T10:14:00+00:00,193,1210
summary,2024-08-28,QQQ,,,,,,,0.00,,0,,,,,,,,,,,,0.4483,2024-08-27T14:29:00+00:00,618,2258
summary,2024-08-28,AAPL,,,,,,,0.00,,0,,,,,,,,,,,,0.5279,2024-08-27T14:23:00+00:00,1034,1936
summary,2024-08-28,MSFT,,,,,,,0.00,,0,,,,,,,,,,,,0.3970,2024-08-26T10:38:00+00:00,381,1547
summary,2024-08-28,AMZN,,,,,,,0.00,,0,,,,,,,,,,,,0.7196,2024-08-26T10:14:00+00:00,323,1896
trade,2024-08-29,QQQ,Long,2024-08-29T13:33:00+00:00,2024-08-29T15:21:00+00:00,474.5573,476.0221,19.26,28.21,0.003087,6480000,ScoreExit,window:strong core,bearish_engulfing,0.4203,-0.0658,0.5338,0.4602,0.3027,-0.5887,-0.1709,0.3186,,,
summary,2024-08-29,QQQ,,,,,,,28.21,,1,,,,,,,,,,,,0.4808,2024-08-29T08:11:00+00:00,979,2952
trade,2024-08-29,AAPL,Long,2024-08-29T13:46:00+00:00,2024-08-29T15:42:00+00:00,231.1443,231.9855,39.59,33.30,0.003639,6960000,ScoreExit,window:strong core,three_outside_up,0.4541,-0.0641,0.3383,0.4599,0.4812,-0.4974,-0.2434,0.4388,,,
summary,2024-08-29,AAPL,,,,,,,33.30,,1,,,,,,,,,,,,0.5810,2024-08-26T19:59:00+00:00,1472,2653
trade,2024-08-29,MSFT,Long,2024-08-29T13:31:00+00:00,2024-08-29T15:18:00+00:00,414.7744,419.1842,22.04,97.21,0.010632,6420000,ScoreExit,window:strong core,three_outside_up,0.5354,-0.0525,0.4636,0.5165,0.5969,-0.4780,-0.2461,0.4764,,,
summary,2024-08-29,MSFT,,,,,,,97.21,,1,,,,,,,,,,,,0.7151,2024-08-29T13:57:00+00:00,617,2132
trade,2024-08-29,AMZN,Long,2024-08-29T14:46:00+00:00,2024-08-29T15:56:00+00:00,173.5470,173.7229,52.26,9.19,0.001013,4200000,SessionClose,window:strong core,,0.3630,0.2604,0.1086,0.4082,0.3574,0.5086,0.1512,0.3961,,,
summary,2024-08-29,AMZN,,,,,,,9.19,,1,,,,,,,,,,,,0.7448,2024-08-26T13:34:00+00:00,578,2539
summary,2024-08-30,QQQ,,,,,,,0.00,,0,,,,,,,,,,,,0.9522,2024-08-27T14:59:00+00:00,1270,2953
summary,2024-08-30,AAPL,,,,,,,0.00,,0,,,,,,,,,,,,0.9555,2024-08-27T14:59:00+00:00,1470,2663
summary,2024-08-30,MSFT,,,,,,,0.00,,0,,,,,,,,,,,,0.8901,2024-08-27T14:29:00+00:00,945,2171
trade,2024-08-30,AMZN,Long,2024-08-30T13:41:00+00:00,2024-08-30T14:51:00+00:00,174.1344,174.7394,52.93,32.02,0.003474,4200000,ScoreExit,window:strong core,shooting_star,0.4504,-0.0808,0.5854,0.4446,0.4171,-0.2331,-0.2274,0.2632,,,
summary,2024-08-30,AMZN,,,,,,,32.02,,1,,,,,,,,,,,,0.7477,2024-08-27T14:30:00+00:00,1163,2549
summary,2024-09-02,QQQ,,,,,,,0.00,,0,,,,,,,,,,,,0.6238,2024-08-30T14:02:00+00:00,257,526
summary,2024-09-02,AAPL,,,,,,,0.00,,0,,,,,,,,,,,,0.7404,2024-08-30T14:49:00+00:00,124,518
summary,2024-09-02,MSFT,,,,,,,0.00,,0,,,,,,,,,,,,0.6702,2024-08-30T19:57:00+00:00,135,469
summary,2024-09-02,AMZN,,,,,,,0.00,,0,,,,,,,,,,,,0.9584,2024-08-30T13:41:00+00:00,498,561
summary,2024-09-03,QQQ,,,,,,,0.00,,0,,,,,,,,,,,,0.4944,2024-09-03T12:23:00+00:00,27,700
summary,2024-09-03,AAPL,,,,,,,0.00,,0,,,,,,,,,,,,0.4351,2024-09-03T08:21:00+00:00,16,597
trade,2024-09-03,MSFT,Long,2024-09-03T13:46:00+00:00,2024-09-03T14:04:00+00:00,419.1207,417.4997,21.90,-35.49,-0.003868,1080000,ScoreExit,window:strong core,hammer,0.6230,-0.0712,0.5965,0.4888,0.9001,-0.5099,-0.0491,0.0311,,,
summary,2024-09-03,MSFT,,,,,,,-35.49,,1,,,,,,,,,,,,0.6568,2024-09-03T13:46:00+00:00,52,494
summary,2024-09-03,AMZN,,,,,,,0.00,,0,,,,,,,,,,,,0.4759,2024-09-03T13:49:00+00:00,131,609
summary,2024-09-04,QQQ,,,,,,,0.00,,0,,,,,,,,,,,,0.4944,2024-09-03T12:23:00+00:00,143,1596
summary,2024-09-04,AAPL,,,,,,,0.00,,0,,,,,,,,,,,,0.4351,2024-09-03T08:21:00+00:00,16,1420
trade,2024-09-04,MSFT,Long,2024-09-04T14:58:00+00:00,2024-09-04T15:26:00+00:00,410.2730,410.0120,22.28,-5.82,-0.000636,1680000,ScoreExit,window:5m thrust,three_outside_up,0.3819,-0.0530,0.2981,0.5023,0.1692,-0.0700,-0.1354,0.1173,,,
summary,2024-09-04,MSFT,,,,,,,-5.82,,1,,,,,,,,,,,,0.6568,2024-09-03T13:46:00+00:00,252,1082
summary,2024-09-04,AMZN,,,,,,,0.00,,0,,,,,,,,,,,,0.4759,2024-09-03T13:49:00+00:00,258,1318
trade,2024-09-05,QQQ,Long,2024-09-05T13:53:00+00:00,2024-09-05T15:54:00+00:00,462.2236,458.6774,19.68,-69.79,-0.007672,7260000,MaxHoldTimeout,window:5m thrust,bullish_engulfing,0.3628,0.0000,0.3639,0.5221,0.0438,-0.2471,-0.2920,-0.2123,,,
summary,2024-09-05,QQQ,,,,,,,-69.79,,1,,,,,,,,,,,,0.4944,2024-09-03T12:23:00+00:00,208,2450
trade,2024-09-05,AAPL,Long,2024-09-05T13:31:00+00:00,2024-09-05T14:46:00+00:00,222.5117,224.1862,41.17,68.94,0.007525,4500000,ScoreExit,window:strong core,shooting_star,0.5186,-0.0529,0.5507,0.5822,0.3807,-0.5753,-0.1779,0.3713,,,
summary,2024-09-05,AAPL,,,,,,,68.94,,1,,,,,,,,,,,,0.5785,2024-09-05T13:36:00+00:00,280,2113
trade,2024-09-05,MSFT,Long,2024-09-05T13:36:00+00:00,2024-09-05T14:46:00+00:00,410.8683,410.8917,22.22,0.52,0.000057,4200000,ScoreExit,window:candle reversal,shooting_star,0.4574,-0.1413,0.6473,0.5403,0.2283,-0.6026,-0.2125,0.1547,,,
summary,2024-09-05,MSFT,,,,,,,0.52,,1,,,,,,,,,,,,0.6568,2024-09-03T13:46:00+00:00,340,1655
trade,2024-09-05,AMZN,Long,2024-09-05T13:31:00+00:00,2024-09-05T14:56:00+00:00,175.8877,178.1115,52.05,115.75,0.012643,5100000,ScoreExit,window:strong core,bullish_engulfing,0.5067,-0.0864,0.5066,0.4712,0.5778,-0.4893,-0.3175,0.5102,,,
summary,2024-09-05,AMZN,,,,,,,115.75,,1,,,,,,,,,,,,0.6204,2024-09-05T13:37:00+00:00,679,2059
summary,2024-09-06,QQQ,,,,,,,0.00,,0,,,,,,,,,,,,0.4288,2024-09-05T14:02:00+00:00,313,3020
summary,2024-09-06,AAPL,,,,,,,0.00,,0,,,,,,,,,,,,0.5959,2024-09-05T13:36:00+00:00,500,2584
summary,2024-09-06,MSFT,,,,,,,0.00,,0,,,,,,,,,,,,0.9432,2024-09-03T13:46:00+00:00,372,2135
summary,2024-09-06,AMZN,,,,,,,0.00,,0,,,,,,,,,,,,0.8322,2024-09-03T13:49:00+00:00,658,2584
trade,2024-09-09,QQQ,Long,2024-09-09T13:36:00+00:00,2024-09-09T14:22:00+00:00,453.8211,453.2090,20.29,-12.42,-0.001349,2760000,ScoreExit,window:strong core,three_outside_up,0.4643,-0.0540,0.5151,0.4076,0.5609,-0.4955,-0.1867,0.3588,,,
summary,2024-09-09,QQQ,,,,,,,-12.42,,1,,,,,,,,,,,,0.5900,2024-09-09T08:02:00+00:00,468,1267
summary,2024-09-09,AAPL,,,,,,,0.00,,0,,,,,,,,,,,,0.8482,2024-09-06T13:45:00+00:00,304,1162
trade,2024-09-09,MSFT,Long,2024-09-09T13:31:00+00:00,2024-09-09T14:01:00+00:00,406.9170,406.1831,22.64,-16.62,-0.001804,1800000,ScoreExit,window:candle reversal,shooting_star,0.3560,-0.0818,0.3596,0.2746,0.5177,-0.5322,-0.2330,0.3710,,,
summary,2024-09-09,MSFT,,,,,,,-16.62,,1,,,,,,,,,,,,0.6456,2024-09-09T08:02:00+00:00,311,990
summary,2024-09-09,AMZN,,,,,,,0.00,,0,,,,,,,,,,,,0.5646,2024-09-09T08:00:00+00:00,458,1115
summary,2024-09-10,QQQ,,,,,,,0.00,,0,,,,,,,,,,,,0.7412,2024-09-09T09:25:00+00:00,996,1555
summary,2024-09-10,AAPL,,,,,,,0.00,,0,,,,,,,,,,,,0.6659,2024-09-09T16:02:00+00:00,732,1467
trade,2024-09-10,MSFT,Long,2024-09-10T13:31:00+00:00,2024-09-10T14:51:00+00:00,408.6081,412.6012,22.20,88.63,0.009772,4800000,ScoreExit,window:strong core,three_outside_up,0.5499,-0.0618,0.2391,0.5088,0.7358,-0.5481,-0.3141,0.6047,,,
summary,2024-09-10,MSFT,,,,,,,88.63,,1,,,,,,,,,,,,0.7080,2024-09-09T10:17:00+00:00,598,1085
summary,2024-09-10,AMZN,,,,,,,0.00,,0,,,,,,,,,,,,0.7706,2024-09-09T09:47:00+00:00,960,1287
summary,2024-09-11,QQQ,,,,,,,0.00,,0,,,,,,,,,,,,0.7412,2024-09-09T09:25:00+00:00,1582,2370
summary,2024-09-11,AAPL,,,,,,,0.00,,0,,,,,,,,,,,,0.6659,2024-09-09T16:02:00+00:00,1135,2116
summary,2024-09-11,MSFT,,,,,,,0.00,,0,,,,,,,,,,,,0.7080,2024-09-09T10:17:00+00:00,1078,1668
summary,2024-09-11,AMZN,,,,,,,0.00,,0,,,,,,,,,,,,0.7706,2024-09-09T09:47:00+00:00,1434,1939
trade,2024-09-12,QQQ,Long,2024-09-12T14:24:00+00:00,2024-09-12T15:26:00+00:00,470.6812,469.5741,19.61,-21.71,-0.002352,3720000,ScoreExit,window:candle reversal,shooting_star,0.3440,-0.0969,0.4853,0.3379,0.3092,-0.5508,-0.2146,0.2898,,,
summary,2024-09-12,QQQ,,,,,,,-21.71,,1,,,,,,,,,,,,0.5984,2024-09-09T14:10:00+00:00,2203,2945
summary,2024-09-12,AAPL,,,,,,,0.00,,0,,,,,,,,,,,,0.7343,2024-09-09T16:02:00+00:00,1642,2561
summary,2024-09-12,MSFT,,,,,,,0.00,,0,,,,,,,,,,,,0.6580,2024-09-09T13:39:00+00:00,1465,2159
trade,2024-09-12,AMZN,Long,2024-09-12T13:31:00+00:00,2024-09-12T14:07:00+00:00,185.6007,184.7346,50.57,-43.80,-0.004666,2160000,ScoreExit,window:strong core,three_outside_up,0.4246,-0.0532,0.5023,0.4224,0.4029,-0.4123,-0.1652,0.2903,,,
summary,2024-09-12,AMZN,,,,,,,-43.80,,1,,,,,,,,,,,,1.0000,2024-09-09T13:33:00+00:00,1973,2538
summary,2024-09-13,QQQ,,,,,,,0.00,,0,,,,,,,,,,,,0.6086,2024-09-11T16:04:00+00:00,2179,2903
summary,2024-09-13,AAPL,,,,,,,0.00,,0,,,,,,,,,,,,0.8959,2024-09-10T14:28:00+00:00,1739,2412
trade,2024-09-13,MSFT,Long,2024-09-13T13:41:00+00:00,2024-09-13T15:42:00+00:00,428.6035,428.6364,21.41,0.70,0.000077,7260000,MaxHoldTimeout,window:strong core,,0.4088,0.2460,0.6137,0.4242,0.3098,0.4258,0.1463,0.3854,,,
summary,2024-09-13,MSFT,,,,,,,0.70,,1,,,,,,,,,,,,1.0000,2024-09-10T13:32:00+00:00,1478,2140
trade,2024-09-13,AMZN,Long,2024-09-13T13:46:00+00:00,2024-09-13T14:51:00+00:00,188.0513,187.3988,48.43,-31.60,-0.003470,3900000,ScoreExit,window:strong core,hammer,0.4241,-0.0947,0.5645,0.4005,0.4244,-0.4929,-0.2573,0.3632,,,
summary,2024-09-13,AMZN,,,,,,,-31.60,,1,,,,,,,,,,,,1.0000,2024-09-10T13:32:00+00:00,1926,2530
summary,2024-09-16,QQQ,,,,,,,0.00,,0,,,,,,,,,,,,0.6469,2024-09-13T14:46:00+00:00,491,1169
summary,2024-09-16,AAPL,,,,,,,0.00,,0,,,,,,,,,,,,0.6860,2024-09-13T15:04:00+00:00,290,1187
trade,2024-09-16,MSFT,Long,2024-09-16T13:39:00+00:00,2024-09-16T14:26:00+00:00,431.1093,431.1256,21.34,0.35,0.000038,2820000,ScoreExit,window:strong core,three_outside_up,0.3913,-0.0580,0.5264,0.4019,0.3252,-0.5431,-0.1302,0.2481,,,
summary,2024-09-16,MSFT,,,,,,,0.35,,1,,,,,,,,,,,,0.8642,2024-09-13T13:40:00+00:00,649,919
summary,2024-09-16,AMZN,,,,,,,0.00,,0,,,,,,,,,,,,0.9383,2024-09-13T13:41:00+00:00,217,1015
summary,2024-09-17,QQQ,,,,,,,0.00,,0,,,,,,,,,,,,0.4194,2024-09-16T17:39:00+00:00,787,1468
summary,2024-09-17,AAPL,,,,,,,0.00,,0,,,,,,,,,,,,0.5715,2024-09-16T14:14:00+00:00,748,1431
summary,2024-09-17,MSFT,,,,,,,0.00,,0,,,,,,,,,,,,0.6661,2024-09-16T13:44:00+00:00,647,1158
summary,2024-09-17,AMZN,,,,,,,0.00,,0,,,,,,,,,,,,0.8055,2024-09-16T10:07:00+00:00,714,1167
summary,2024-09-18,QQQ,,,,,,,0.00,,0,,,,,,,,,,,,0.4268,2024-09-18T18:34:00+00:00,1225,2252
summary,2024-09-18,AAPL,,,,,,,0.00,,0,,,,,,,,,,,,0.5715,2024-09-16T14:14:00+00:00,1269,2130
summary,2024-09-18,MSFT,,,,,,,0.00,,0,,,,,,,,,,,,0.6661,2024-09-16T13:44:00+00:00,811,1716
summary,2024-09-18,AMZN,,,,,,,0.00,,0,,,,,,,,,,,,0.8055,2024-09-16T10:07:00+00:00,1110,1780
trade,2024-09-19,QQQ,Long,2024-09-19T14:26:00+00:00,2024-09-19T15:56:00+00:00,483.8101,483.8798,19.03,1.33,0.000144,5400000,SessionClose,window:strong core,shooting_star,0.4287,-0.0091,0.5473,0.4254,0.3957,-0.3337,-0.1563,0.3936,,,
summary,2024-09-19,QQQ,,,,,,,1.33,,1,,,,,,,,,,,,0.6320,2024-09-16T13:56:00+00:00,1921,2915
trade,2024-09-19,AAPL,Long,2024-09-19T13:36:00+00:00,2024-09-19T15:45:00+00:00,225.7827,228.4165,41.19,108.49,0.011665,7740000,MaxHoldTimeout,window:strong core,three_outside_up,0.4730,0.1237,0.3530,0.4121,0.6348,-0.2101,-0.0692,0.6207,,,
summary,2024-09-19,AAPL,,,,,,,108.49,,1,,,,,,,,,,,,0.8992,2024-09-16T14:14:00+00:00,2066,2659
summary,2024-09-19,MSFT,,,,,,,0.00,,0,,,,,,,,,,,,0.9413,2024-09-16T13:44:00+00:00,1198,2276
trade,2024-09-19,AMZN,Long,2024-09-19T14:26:00+00:00,2024-09-19T14:51:00+00:00,190.3921,189.7661,48.76,-30.53,-0.003288,1500000,ScoreExit,window:strong core,hammer,0.3900,-0.0583,0.5708,0.4047,0.3003,-0.5675,-0.1528,0.3003,,,
summary,2024-09-19,AMZN,,,,,,,-30.53,,1,,,,,,,,,,,,0.8942,2024-09-16T13:54:00+00:00,1681,2402
summary,2024-09-20,QQQ,,,,,,,0.00,,0,,,,,,,,,,,,0.8338,2024-09-17T14:46:00+00:00,1614,2952
summary,2024-09-20,AAPL,,,,,,,0.00,,0,,,,,,,,,,,,0.9251,2024-09-17T14:49:00+00:00,2175,2665
summary,2024-09-20,MSFT,,,,,,,0.00,,0,,,,,,,,,,,,0.9382,2024-09-17T13:46:00+00:00,710,2137
summary,2024-09-20,AMZN,,,,,,,0.00,,0,,,,,,,,,,,,1.0000,2024-09-17T13:32:00+00:00,1257,2428
summary,2024-09-23,QQQ,,,,,,,0.00,,0,,,,,,,,,,,,0.5954,2024-09-20T19:38:00+00:00,712,1190
summary,2024-09-23,AAPL,,,,,,,0.00,,0,,,,,,,,,,,,0.7612,2024-09-20T13:36:00+00:00,283,1215
summary,2024-09-23,MSFT,,,,,,,0.00,,0,,,,,,,,,,,,0.5625,2024-09-20T13:50:00+00:00,287,1013
summary,2024-09-23,AMZN,,,,,,,0.00,,0,,,,,,,,,,,,0.6468,2024-09-20T19:58:00+00:00,772,1083
summary,2024-09-24,QQQ,,,,,,,0.00,,0,,,,,,,,,,,,0.4825,2024-09-24T15:53:00+00:00,834,1456
summary,2024-09-24,AAPL,,,,,,,0.00,,0,,,,,,,,,,,,0.6479,2024-09-23T14:53:00+00:00,614,1364
summary,2024-09-24,MSFT,,,,,,,0.00,,0,,,,,,,,,,,,0.5858,2024-09-23T14:45:00+00:00,277,1082
summary,2024-09-24,AMZN,,,,,,,0.00,,0,,,,,,,,,,,,0.6433,2024-09-23T09:51:00+00:00,791,1267
summary,2024-09-25,QQQ,,,,,,,0.00,,0,,,,,,,,,,,,0.4825,2024-09-24T15:53:00+00:00,1300,2284
summary,2024-09-25,AAPL,,,,,,,0.00,,0,,,,,,,,,,,,0.6479,2024-09-23T14:53:00+00:00,747,2124
summary,2024-09-25,MSFT,,,,,,,0.00,,0,,,,,,,,,,,,0.5858,2024-09-23T14:45:00+00:00,543,1631
summary,2024-09-25,AMZN,,,,,,,0.00,,0,,,,,,,,,,,,0.6433,2024-09-23T09:51:00+00:00,1001,1921
summary,2024-09-26,QQQ,,,,,,,0.00,,0,,,,,,,,,,,,0.5481,2024-09-26T08:13:00+00:00,1742,2881
summary,2024-09-26,AAPL,,,,,,,0.00,,0,,,,,,,,,,,,0.9572,2024-09-23T14:47:00+00:00,1068,2657
summary,2024-09-26,MSFT,,,,,,,0.00,,0,,,,,,,,,,,,0.9589,2024-09-23T14:44:00+00:00,807,2097
summary,2024-09-26,AMZN,,,,,,,0.00,,0,,,,,,,,,,,,0.7165,2024-09-23T13:49:00+00:00,1042,2500
summary,2024-09-27,QQQ,,,,,,,0.00,,0,,,,,,,,,,,,0.7235,2024-09-24T15:04:00+00:00,1883,2948
summary,2024-09-27,AAPL,,,,,,,0.00,,0,,,,,,,,,,,,0.5702,2024-09-24T15:04:00+00:00,1256,2614
summary,2024-09-27,MSFT,,,,,,,0.00,,0,,,,,,,,,,,,0.5595,2024-09-26T08:11:00+00:00,1042,2096
summary,2024-09-27,AMZN,,,,,,,0.00,,0,,,,,,,,,,,,0.6121,2024-09-24T19:55:00+00:00,929,2405
summary,2024-09-30,QQQ,,,,,,,0.00,,0,,,,,,,,,,,,0.4519,2024-09-30T19:57:00+00:00,145,1191
trade,2024-09-30,AAPL,Long,2024-09-30T13:31:00+00:00,2024-09-30T15:56:00+00:00,231.0963,232.1553,40.09,42.45,0.004583,8700000,SessionClose,window:strong core,bearish_engulfing,0.5008,0.3590,0.5558,0.4754,0.5333,0.2325,0.2555,0.6082,,,
summary,2024-09-30,AAPL,,,,,,,42.45,,1,,,,,,,,,,,,0.5349,2024-09-27T14:03:00+00:00,623,1142
summary,2024-09-30,MSFT,,,,,,,0.00,,0,,,,,,,,,,,,0.5077,2024-09-30T19:57:00+00:00,185,930
summary,2024-09-30,AMZN,,,,,,,0.00,,0,,,,,,,,,,,,0.4060,2024-09-27T14:03:00+00:00,19,1086
summary,2024-10-01,QQQ,,,,,,,0.00,,0,,,,,,,,,,,,0.4907,2024-09-30T19:57:00+00:00,593,1468
summary,2024-10-01,AAPL,,,,,,,0.00,,0,,,,,,,,,,,,0.9423,2024-09-30T09:26:00+00:00,653,1419
summary,2024-10-01,MSFT,,,,,,,0.00,,0,,,,,,,,,,,,0.5346,2024-09-30T19:57:00+00:00,374,1053
summary,2024-10-01,AMZN,,,,,,,0.00,,0,,,,,,,,,,,,0.6259,2024-09-30T13:37:00+00:00,455,1293
summary,2024-10-02,QQQ,,,,,,,0.00,,0,,,,,,,,,,,,0.4907,2024-09-30T19:57:00+00:00,807,2336
summary,2024-10-02,AAPL,,,,,,,0.00,,0,,,,,,,,,,,,0.9423,2024-09-30T09:26:00+00:00,746,2197
summary,2024-10-02,MSFT,,,,,,,0.00,,0,,,,,,,,,,,,0.5346,2024-09-30T19:57:00+00:00,374,1614
summary,2024-10-02,AMZN,,,,,,,0.00,,0,,,,,,,,,,,,0.6259,2024-09-30T13:37:00+00:00,679,1959
summary,2024-10-03,QQQ,,,,,,,0.00,,0,,,,,,,,,,,,0.6505,2024-09-30T19:57:00+00:00,884,2881
summary,2024-10-03,AAPL,,,,,,,0.00,,0,,,,,,,,,,,,0.9213,2024-09-30T13:33:00+00:00,556,2606
summary,2024-10-03,MSFT,,,,,,,0.00,,0,,,,,,,,,,,,0.8135,2024-09-30T13:33:00+00:00,294,2051
summary,2024-10-03,AMZN,,,,,,,0.00,,0,,,,,,,,,,,,1.0000,2024-09-30T13:37:00+00:00,651,2445
summary,2024-10-04,QQQ,,,,,,,0.00,,0,,,,,,,,,,,,0.6263,2024-10-01T18:16:00+00:00,1418,2941
summary,2024-10-04,AAPL,,,,,,,0.00,,0,,,,,,,,,,,,0.4713,2024-10-02T14:49:00+00:00,967,2558
summary,2024-10-04,MSFT,,,,,,,0.00,,0,,,,,,,,,,,,0.5343,2024-10-01T18:29:00+00:00,206,2072
summary,2024-10-04,AMZN,,,,,,,0.00,,0,,,,,,,,,,,,0.6244,2024-10-01T17:59:00+00:00,1231,2501
summary,2024-10-07,QQQ,,,,,,,0.00,,0,,,,,,,,,,,,0.5458,2024-10-04T19:34:00+00:00,536,1214
summary,2024-10-07,AAPL,,,,,,,0.00,,0,,,,,,,,,,,,0.5876,2024-10-04T19:57:00+00:00,279,1153
summary,2024-10-07,MSFT,,,,,,,0.00,,0,,,,,,,,,,,,0.5454,2024-10-04T16:44:00+00:00,196,1007
summary,2024-10-07,AMZN,,,,,,,0.00,,0,,,,,,,,,,,,1.0000,2024-10-04T13:38:00+00:00,218,1164
trade,2024-10-08,QQQ,Long,2024-10-08T13:56:00+00:00,2024-10-08T15:56:00+00:00,485.7807,488.0535,19.01,43.22,0.004679,7200000,SessionClose,window:strong core,hammer,0.4122,0.3333,0.5677,0.4065,0.3716,0.5262,0.2169,0.5016,,,
summary,2024-10-08,QQQ,,,,,,,43.22,,1,,,,,,,,,,,,0.4798,2024-10-08T14:00:00+00:00,725,1520
trade,2024-10-08,AAPL,Long,2024-10-08T13:51:00+00:00,2024-10-08T15:56:00+00:00,224.5223,225.2824,41.10,31.24,0.003385,7500000,SessionClose,window:strong core,hammer,0.4592,0.2618,0.5056,0.4107,0.5406,-0.0329,0.1757,0.5322,,,
summary,2024-10-08,AAPL,,,,,,,31.24,,1,,,,,,,,,,,,0.5409,2024-10-07T08:35:00+00:00,675,1385
trade,2024-10-08,MSFT,Long,2024-10-08T13:41:00+00:00,2024-10-08T15:56:00+00:00,410.7682,414.2407,22.23,77.19,0.008454,8100000,SessionClose,window:candle reversal,evening_star,0.3016,0.3750,-0.0207,0.3749,0.2624,0.5455,0.2606,0.5470,,,
summary,2024-10-08,MSFT,,,,,,,77.19,,1,,,,,,,,,,,,0.5627,2024-10-08T13:53:00+00:00,454,1211
trade,2024-10-08,AMZN,Long,2024-10-08T13:56:00+00:00,2024-10-08T15:56:00+00:00,182.4497,182.4303,50.59,-0.98,-0.000107,7200000,SessionClose,window:candle reversal,shooting_star,0.3572,0.1604,0.4585,0.3095,0.4188,0.2902,0.0080,0.4220,,,
summary,2024-10-08,AMZN,,,,,,,-0.98,,1,,,,,,,,,,,,0.5009,2024-10-07T13:08:00+00:00,704,1429
summary,2024-10-09,QQQ,,,,,,,0.00,,0,,,,,,,,,,,,0.4798,2024-10-08T14:00:00+00:00,1339,2345
trade,2024-10-09,AAPL,Long,2024-10-09T14:17:00+00:00,2024-10-09T15:56:00+00:00,226.3029,228.4065,41.13,86.52,0.009295,5940000,SessionClose,window:candle reversal,three_outside_down,0.3242,0.1768,0.2790,0.3136,0.3607,0.0181,0.0969,0.3896,,,
summary,2024-10-09,AAPL,,,,,,,86.52,,1,,,,,,,,,,,,0.5409,2024-10-07T08:35:00+00:00,1176,2011
summary,2024-10-09,MSFT,,,,,,,0.00,,0,,,,,,,,,,,,0.5627,2024-10-08T13:53:00+00:00,874,1813
summary,2024-10-09,AMZN,,,,,,,0.00,,0,,,,,,,,,,,,0.5009,2024-10-07T13:08:00+00:00,1214,2112
summary,2024-10-10,QQQ,,,,,,,0.00,,0,,,,,,,,,,,,0.4812,2024-10-08T14:00:00+00:00,1782,2864
summary,2024-10-10,AAPL,,,,,,,0.00,,0,,,,,,,,,,,,0.5748,2024-10-07T14:42:00+00:00,1541,2453
summary,2024-10-10,MSFT,,,,,,,0.00,,0,,,,,,,,,,,,0.6111,2024-10-08T13:53:00+00:00,1185,2285
summary,2024-10-10,AMZN,,,,,,,0.00,,0,,,,,,,,,,,,0.4808,2024-10-10T12:03:00+00:00,1639,2536
summary,2024-10-11,QQQ,,,,,,,0.00,,0,,,,,,,,,,,,0.9475,2024-10-08T14:47:00+00:00,2059,2796
summary,2024-10-11,AAPL,,,,,,,0.00,,0,,,,,,,,,,,,0.9267,2024-10-08T14:43:00+00:00,1627,2290
summary,2024-10-11,MSFT,,,,,,,0.00,,0,,,,,,,,,,,,0.9558,2024-10-08T14:42:00+00:00,1310,2116
trade,2024-10-11,AMZN,Long,2024-10-11T14:06:00+00:00,2024-10-11T15:16:00+00:00,188.2471,188.7334,49.58,24.11,0.002583,4200000,ScoreExit,window:strong core,hammer,0.4619,-0.0839,0.1195,0.4675,0.5647,-0.5649,-0.3045,0.5178,,,
summary,2024-10-11,AMZN,,,,,,,24.11,,1,,,,,,,,,,,,0.9514,2024-10-08T14:48:00+00:00,1807,2363
summary,2024-10-14,QQQ,,,,,,,0.00,,0,,,,,,,,,,,,0.7891,2024-10-11T14:27:00+00:00,896,1188
trade,2024-10-14,AAPL,Long,2024-10-14T13:31:00+00:00,2024-10-14T14:51:00+00:00,229.5738,230.2609,40.52,27.84,0.002993,4800000,ScoreExit,window:strong core,bullish_engulfing,0.4619,-0.0706,0.5023,0.4012,0.5696,-0.5267,-0.2841,0.5083,,,
summary,2024-10-14,AAPL,,,,,,,27.84,,1,,,,,,,,,,,,0.7031,2024-10-11T14:38:00+00:00,655,1065
summary,2024-10-14,MSFT,,,,,,,0.00,,0,,,,,,,,,,,,0.8460,2024-10-11T14:28:00+00:00,626,936
summary,2024-10-14,AMZN,,,,,,,0.00,,0,,,,,,,,,,,,0.8938,2024-10-11T14:09:00+00:00,497,1031
summary,2024-10-15,QQQ,,,,,,,0.00,,0,,,,,,,,,,,,0.5652,2024-10-14T13:59:00+00:00,720,1493
trade,2024-10-15,AAPL,Long,2024-10-15T13:41:00+00:00,2024-10-15T14:50:00+00:00,235.3806,235.0944,40.14,-11.49,-0.001216,4140000,ScoreExit,window:strong core,hammer,0.5626,-0.0516,0.5823,0.4433,0.7946,-0.5577,-0.3292,0.6724,,,
summary,2024-10-15,AAPL,,,,,,,-11.49,,1,,,,,,,,,,,,0.6522,2024-10-14T13:37:00+00:00,937,1326
summary,2024-10-15,MSFT,,,,,,,0.00,,0,,,,,,,,,,,,0.6578,2024-10-14T13:50:00+00:00,336,1077
summary,2024-10-15,AMZN,,,,,,,0.00,,0,,,,,,,,,,,,0.7458,2024-10-14T10:04:00+00:00,384,1223
summary,2024-10-16,QQQ,,,,,,,0.00,,0,,,,,,,,,,,,0.5652,2024-10-14T13:59:00+00:00,797,2331
summary,2024-10-16,AAPL,,,,,,,0.00,,0,,,,,,,,,,,,0.6522,2024-10-14T13:37:00+00:00,1075,2012
summary,2024-10-16,MSFT,,,,,,,0.00,,0,,,,,,,,,,,,0.6578,2024-10-14T13:50:00+00:00,399,1649
summary,2024-10-16,AMZN,,,,,,,0.00,,0,,,,,,,,,,,,0.7458,2024-10-14T10:04:00+00:00,601,1878
summary,2024-10-17,QQQ,,,,,,,0.00,,0,,,,,,,,,,,,0.6465,2024-10-14T13:59:00+00:00,1023,2884
summary,2024-10-17,AAPL,,,,,,,0.00,,0,,,,,,,,,,,,1.0000,2024-10-14T13:35:00+00:00,1206,2575
summary,2024-10-17,MSFT,,,,,,,0.00,,0,,,,,,,,,,,,0.8950,2024-10-14T14:23:00+00:00,501,2153
summary,2024-10-17,AMZN,,,,,,,0.00,,0,,,,,,,,,,,,0.5147,2024-10-14T14:03:00+00:00,861,2409
summary,2024-10-18,QQQ,,,,,,,0.00,,0,,,,,,,,,,,,0.4951,2024-10-17T08:01:00+00:00,1367,2910
summary,2024-10-18,AAPL,,,,,,,0.00,,0,,,,,,,,,,,,1.0000,2024-10-15T13:35:00+00:00,783,2585
summary,2024-10-18,MSFT,,,,,,,0.00,,0,,,,,,,,,,,,0.4543,2024-10-17T08:31:00+00:00,846,2132
summary,2024-10-18,AMZN,,,,,,,0.00,,0,,,,,,,,,,,,0.8090,2024-10-15T13:55:00+00:00,1399,2378
trade,2024-10-21,QQQ,Long,2024-10-21T14:06:00+00:00,2024-10-21T14:36:00+00:00,495.4036,494.7364,18.84,-12.57,-0.001347,1800000,ScoreExit,window:candle reversal,shooting_star,0.3739,-0.1501,0.5493,0.4255,0.2123,-0.2627,-0.2838,0.1546,,,
summary,2024-10-21,QQQ,,,,,,,-12.57,,1,,,,,,,,,,,,0.4789,2024-10-18T13:41:00+00:00,525,1155
trade,2024-10-21,AAPL,Long,2024-10-21T13:43:00+00:00,2024-10-21T15:06:00+00:00,235.4456,235.6578,39.67,8.42,0.000901,4980000,ScoreExit,window:candle reversal,shooting_star,0.3790,-0.0754,0.4914,0.4446,0.2105,-0.4421,-0.2322,0.3605,,,
summary,2024-10-21,AAPL,,,,,,,8.42,,1,,,,,,,,,,,,0.5644,2024-10-18T14:01:00+00:00,480,1095
summary,2024-10-21,MSFT,,,,,,,0.00,,0,,,,,,,,,,,,0.9011,2024-10-18T13:41:00+00:00,384,947
summary,2024-10-21,AMZN,,,,,,,0.00,,0,,,,,,,,,,,,1.0000,2024-10-18T13:41:00+00:00,546,1061
summary,2024-10-22,QQQ,,,,,,,0.00,,0,,,,,,,,,,,,0.5279,2024-10-21T14:17:00+00:00,775,1509
summary,2024-10-22,AAPL,,,,,,,0.00,,0,,,,,,,,,,,,0.5515,2024-10-21T14:14:00+00:00,683,1315
trade,2024-10-22,MSFT,Long,2024-10-22T13:31:00+00:00,2024-10-22T15:26:00+00:00,419.0107,426.0272,22.29,156.39,0.016745,6900000,ScoreExit,window:candle reversal,bearish_engulfing,0.3958,-0.0686,-0.1452,0.3256,0.7166,-0.5251,-0.3617,0.6696,,,
summary,2024-10-22,MSFT,,,,,,,156.39,,1,,,,,,,,,,,,0.7376,2024-10-22T13:57:00+00:00,769,1105
trade,2024-10-22,AMZN,Long,2024-10-22T14:01:00+00:00,2024-10-22T15:56:00+00:00,188.7883,189.9880,49.29,59.13,0.006355,6900000,SessionClose,window:strong core,bullish_engulfing,0.3914,0.1795,0.0555,0.4340,0.4181,0.5251,-0.0284,0.4802,,,
summary,2024-10-22,AMZN,,,,,,,59.13,,1,,,,,,,,,,,,0.6165,2024-10-21T14:26:00+00:00,830,1218
summary,2024-10-23,QQQ,,,,,,,0.00,,0,,,,,,,,,,,,0.5279,2024-10-21T14:17:00+00:00,884,2340
summary,2024-10-23,AAPL,,,,,,,0.00,,0,,,,,,,,,,,,0.5515,2024-10-21T14:14:00+00:00,739,1971
summary,2024-10-23,MSFT,,,,,,,0.00,,0,,,,,,,,,,,,0.7376,2024-10-22T13:57:00+00:00,1172,1752
summary,2024-10-23,AMZN,,,,,,,0.00,,0,,,,,,,,,,,,0.6165,2024-10-21T14:26:00+00:00,964,1862
summary,2024-10-24,QQQ,,,,,,,0.00,,0,,,,,,,,,,,,0.5690,2024-10-21T14:17:00+00:00,1030,2962
summary,2024-10-24,AAPL,,,,,,,0.00,,0,,,,,,,,,,,,0.6258,2024-10-21T14:16:00+00:00,659,2515
summary,2024-10-24,MSFT,,,,,,,0.00,,0,,,,,,,,,,,,0.7125,2024-10-22T13:57:00+00:00,1410,2258
summary,2024-10-24,AMZN,,,,,,,0.00,,0,,,,,,,,,,,,0.8920,2024-10-21T14:14:00+00:00,954,2499
summary,2024-10-25,QQQ,,,,,,,0.00,,0,,,,,,,,,,,,0.7322,2024-10-22T14:08:00+00:00,1393,2936
trade,2024-10-25,AAPL,Long,2024-10-25T13:57:00+00:00,2024-10-25T15:26:00+00:00,231.9246,232.6652,40.68,30.13,0.003193,5340000,ScoreExit,window:strong core,bullish_engulfing,0.4266,-0.0538,0.5602,0.4571,0.3211,-0.1409,-0.2414,0.3503,,,
summary,2024-10-25,AAPL,,,,,,,30.13,,1,,,,,,,,,,,,0.8585,2024-10-22T14:57:00+00:00,855,2533
trade,2024-10-25,MSFT,Long,2024-10-25T13:31:00+00:00,2024-10-25T14:46:00+00:00,428.0234,430.6058,21.87,56.48,0.006033,4500000,ScoreExit,window:candle reversal,evening_star,0.3477,-0.0560,0.4657,0.3215,0.3608,-0.4837,-0.1920,0.3586,,,
summary,2024-10-25,MSFT,,,,,,,56.48,,1,,,,,,,,,,,,0.9345,2024-10-22T13:46:00+00:00,993,2211
trade,2024-10-25,AMZN,Long,2024-10-25T13:36:00+00:00,2024-10-25T15:35:00+00:00,188.6316,189.5581,49.97,46.30,0.004912,7140000,ScoreExit,window:candle reversal,shooting_star,0.3766,-0.0527,0.5038,0.3431,0.4011,-0.5199,-0.1639,0.3253,,,
summary,2024-10-25,AMZN,,,,,,,46.30,,1,,,,,,,,,,,,0.8958,2024-10-22T14:14:00+00:00,726,2505
summary,2024-10-28,QQQ,,,,,,,0.00,,0,,,,,,,,,,,,0.8650,2024-10-25T14:02:00+00:00,513,1234
trade,2024-10-28,AAPL,Long,2024-10-28T14:41:00+00:00,2024-10-28T15:56:00+00:00,234.2552,233.4699,40.40,-31.72,-0.003352,4500000,SessionClose,window:candle reversal,shooting_star,0.4355,0.1169,0.5594,0.3474,0.5704,-0.1900,-0.0473,0.5474,,,
summary,2024-10-28,AAPL,,,,,,,-31.72,,1,,,,,,,,,,,,0.9532,2024-10-25T14:54:00+00:00,707,1112
summary,2024-10-28,MSFT,,,,,,,0.00,,0,,,,,,,,,,,,0.9245,2024-10-25T13:46:00+00:00,296,1017
trade,2024-10-28,AMZN,Long,2024-10-28T13:40:00+00:00,2024-10-28T13:51:00+00:00,189.8019,189.3482,49.96,-22.67,-0.002391,660000,ScoreExit,window:candle reversal,shooting_star,0.3160,-0.1157,0.3873,0.2104,0.5034,-0.3788,-0.3192,0.3790,,,
trade,2024-10-28,AMZN,Long,2024-10-28T14:41:00+00:00,2024-10-28T15:01:00+00:00,189.7719,189.0383,49.90,-36.61,-0.003866,1200000,ScoreExit,window:candle reversal,shooting_star,0.3140,-0.1416,0.4856,0.2109,0.4629,-0.5472,-0.2696,0.2497,,,
summary,2024-10-28,AMZN,,,,,,,-59.28,,2,,,,,,,,,,,,0.8939,2024-10-25T14:23:00+00:00,592,1152
trade,2024-10-29,QQQ,Long,2024-10-29T14:25:00+00:00,2024-10-29T15:56:00+00:00,497.7343,497.9455,18.95,4.00,0.000424,5460000,SessionClose,window:strong core,,0.4272,0.2972,0.5771,0.4568,0.3181,0.1943,0.2843,0.3571,,,
summary,2024-10-29,QQQ,,,,,,,4.00,,1,,,,,,,,,,,,0.4272,2024-10-29T14:24:00+00:00,631,1480
summary,2024-10-29,AAPL,,,,,,,0.00,,0,,,,,,,,,,,,0.5586,2024-10-28T16:44:00+00:00,683,1337
summary,2024-10-29,MSFT,,,,,,,0.00,,0,,,,,,,,,,,,0.5698,2024-10-28T09:52:00+00:00,487,1112
summary,2024-10-29,AMZN,,,,,,,0.00,,0,,,,,,,,,,,,0.6649,2024-10-28T08:39:00+00:00,569,1297
summary,2024-10-30,QQQ,,,,,,,0.00,,0,,,,,,,,,,,,0.4272,2024-10-29T14:24:00+00:00,1193,2368
summary,2024-10-30,AAPL,,,,,,,0.00,,0,,,,,,,,,,,,0.5586,2024-10-28T16:44:00+00:00,706,2110
trade,2024-10-30,MSFT,Long,2024-10-30T14:31:00+00:00,2024-10-30T15:31:00+00:00,437.8613,436.1344,21.63,-37.35,-0.003944,3600000,ScoreExit,window:strong core,hammer,0.3862,-0.0543,0.2270,0.4153,0.3810,-0.4586,-0.2007,0.3731,,,
summary,2024-10-30,MSFT,,,,,,,-37.35,,1,,,,,,,,,,,,0.5698,2024-10-28T09:52:00+00:00,1158,1950
summary,2024-10-30,AMZN,,,,,,,0.00,,0,,,,,,,,,,,,0.6649,2024-10-28T08:39:00+00:00,1320,2194
summary,2024-10-31,QQQ,,,,,,,0.00,,0,,,,,,,,,,,,0.4833,2024-10-28T14:42:00+00:00,1069,2972
summary,2024-10-31,AAPL,,,,,,,0.00,,0,,,,,,,,,,,,0.8528,2024-10-28T14:42:00+00:00,581,2668
summary,2024-10-31,MSFT,,,,,,,0.00,,0,,,,,,,,,,,,0.6316,2024-10-30T20:03:00+00:00,1122,2704
summary,2024-10-31,AMZN,,,,,,,0.00,,0,,,,,,,,,,,,0.5425,2024-10-29T20:53:00+00:00,1379,2828
summary,2024-11-01,QQQ,,,,,,,0.00,,0,,,,,,,,,,,,0.8648,2024-10-29T14:57:00+00:00,935,3050
summary,2024-11-01,AAPL,,,,,,,0.00,,0,,,,,,,,,,,,0.6346,2024-10-29T13:45:00+00:00,339,2859
summary,2024-11-01,MSFT,,,,,,,0.00,,0,,,,,,,,,,,,0.8610,2024-10-29T14:52:00+00:00,1239,2960
summary,2024-11-01,AMZN,,,,,,,0.00,,0,,,,,,,,,,,,0.8708,2024-10-31T20:05:00+00:00,2140,3067
summary,2024-11-04,QQQ,,,,,,,0.00,,0,,,,,,,,,,,,0.8905,2024-11-01T14:29:00+00:00,508,1193
summary,2024-11-04,AAPL,,,,,,,0.00,,0,,,,,,,,,,,,1.0000,2024-11-01T13:36:00+00:00,345,1139
summary,2024-11-04,MSFT,,,,,,,0.00,,0,,,,,,,,,,,,0.9597,2024-11-01T15:02:00+00:00,291,1017
summary,2024-11-04,AMZN,,,,,,,0.00,,0,,,,,,,,,,,,0.9213,2024-11-01T13:31:00+00:00,114,1241
trade,2024-11-05,QQQ,Long,2024-11-05T14:36:00+00:00,2024-11-05T15:56:00+00:00,489.0016,489.7580,19.24,14.55,0.001547,4800000,SessionClose,window:strong core,,0.4392,-0.0109,0.4636,0.4162,0.4771,-0.5514,-0.1539,0.4551,,,
summary,2024-11-05,QQQ,,,,,,,14.55,,1,,,,,,,,,,,,0.7634,2024-11-04T10:34:00+00:00,906,1462
trade,2024-11-05,AAPL,Long,2024-11-05T14:31:00+00:00,2024-11-05T15:47:00+00:00,223.1519,222.7282,42.22,-17.89,-0.001899,4560000,ScoreExit,window:strong core,shooting_star,0.4607,-0.0700,0.5790,0.4105,0.5217,-0.5548,-0.1889,0.3293,,,
summary,2024-11-05,AAPL,,,,,,,-17.89,,1,,,,,,,,,,,,0.5914,2024-11-04T15:07:00+00:00,748,1262
trade,2024-11-05,MSFT,Long,2024-11-05T14:36:00+00:00,2024-11-05T15:56:00+00:00,410.6382,411.5215,22.92,20.25,0.002151,4800000,SessionClose,window:strong core,three_outside_up,0.4526,-0.0450,0.4602,0.4177,0.5198,-0.5583,-0.2031,0.4424,,,
summary,2024-11-05,MSFT,,,,,,,20.25,,1,,,,,,,,,,,,0.5170,2024-11-05T14:59:00+00:00,583,1096
summary,2024-11-05,AMZN,,,,,,,0.00,,0,,,,,,,,,,,,0.5174,2024-11-04T15:49:00+00:00,670,1331
trade,2024-11-06,QQQ,Long,2024-11-06T14:36:00+00:00,2024-11-06T14:51:00+00:00,502.0556,499.8350,18.74,-41.62,-0.004423,900000,ScoreExit,window:strong core,,0.4202,-0.0830,0.5315,0.4258,0.3719,-0.5739,-0.2286,0.3719,,,
trade,2024-11-06,QQQ,Long,2024-11-06T15:31:00+00:00,2024-11-06T15:56:00+00:00,503.3760,501.2646,18.64,-39.35,-0.004194,1500000,SessionClose,window:candle reversal,shooting_star,0.3615,0.0011,0.4991,0.3243,0.3899,-0.2712,-0.1479,0.3899,,,
summary,2024-11-06,QQQ,,,,,,,-80.97,,2,,,,,,,,,,,,0.7634,2024-11-04T10:34:00+00:00,1663,2378
trade,2024-11-06,AAPL,Long,2024-11-06T15:21:00+00:00,2024-11-06T15:51:00+00:00,225.7827,224.6776,41.55,-45.92,-0.004895,1800000,ScoreExit,window:candle reversal,shooting_star,0.3601,-0.0916,0.5743,0.3592,0.2905,-0.5667,-0.2035,0.2905,,,
summary,2024-11-06,AAPL,,,,,,,-45.92,,1,,,,,,,,,,,,0.5914,2024-11-04T15:07:00+00:00,1247,2089
trade,2024-11-06,MSFT,Long,2024-11-06T15:16:00+00:00,2024-11-06T15:51:00+00:00,417.9804,417.0099,22.61,-21.94,-0.002322,2100000,ScoreExit,window:5m thrust,hammer,0.3542,-0.1205,-0.3073,0.5131,0.2570,-0.5450,-0.2385,0.2570,,,
summary,2024-11-06,MSFT,,,,,,,-21.94,,1,,,,,,,,,,,,0.5218,2024-11-06T09:01:00+00:00,1111,1832
trade,2024-11-06,AMZN,Long,2024-11-06T15:06:00+00:00,2024-11-06T15:56:00+00:00,201.5404,204.0958,46.50,118.81,0.012679,3000000,SessionClose,window:strong core,,0.5209,0.1678,0.4942,0.4802,0.6112,-0.3169,0.0269,0.6112,,,
summary,2024-11-06,AMZN,,,,,,,118.81,,1,,,,,,,,,,,,0.6871,2024-11-06T15:31:00+00:00,1369,2209
trade,2024-11-07,QQQ,Long,2024-11-07T14:42:00+00:00,2024-11-07T15:56:00+00:00,510.3080,511.6415,18.31,24.42,0.002613,4440000,SessionClose,window:candle reversal,shooting_star,0.3835,0.3044,0.5472,0.3448,0.4064,0.2705,0.2547,0.4152,,,
summary,2024-11-07,QQQ,,,,,,,24.42,,1,,,,,,,,,,,,0.9061,2024-11-04T15:49:00+00:00,2237,2967
trade,2024-11-07,AAPL,Long,2024-11-07T14:31:00+00:00,2024-11-07T15:56:00+00:00,225.7227,226.0272,41.30,12.57,0.001349,5100000,SessionClose,window:strong core,three_outside_up,0.4698,0.2835,0.5647,0.4876,0.4024,0.5248,0.1954,0.3795,,,
summary,2024-11-07,AAPL,,,,,,,12.57,,1,,,,,,,,,,,,0.8925,2024-11-04T15:07:00+00:00,1770,2644
trade,2024-11-07,MSFT,Long,2024-11-07T15:46:00+00:00,2024-11-07T15:56:00+00:00,423.6721,423.6879,22.27,0.35,0.000037,600000,SessionClose,window:strong core,,0.4033,0.2712,0.5725,0.4022,0.3492,0.0607,0.2673,0.3492,,,
summary,2024-11-07,MSFT,,,,,,,0.35,,1,,,,,,,,,,,,0.8971,2024-11-04T15:49:00+00:00,1582,2317
trade,2024-11-07,AMZN,Long,2024-11-07T14:41:00+00:00,2024-11-07T15:56:00+00:00,209.4978,211.3916,45.10,85.40,0.009039,4500000,SessionClose,window:strong core,,0.5232,0.2379,0.6035,0.4473,0.6482,0.4085,0.0179,0.6208,,,
summary,2024-11-07,AMZN,,,,,,,85.40,,1,,,,,,,,,,,,0.8624,2024-11-04T14:45:00+00:00,1958,2748
summary,2024-11-08,QQQ,,,,,,,0.00,,0,,,,,,,,,,,,0.7123,2024-11-05T15:01:00+00:00,2446,3025
summary,2024-11-08,AAPL,,,,,,,0.00,,0,,,,,,,,,,,,0.8098,2024-11-05T14:55:00+00:00,1727,2695
summary,2024-11-08,MSFT,,,,,,,0.00,,0,,,,,,,,,,,,0.8282,2024-11-05T15:00:00+00:00,1590,2362
summary,2024-11-08,AMZN,,,,,,,0.00,,0,,,,,,,,,,,,0.7346,2024-11-05T15:49:00+00:00,2310,2802
summary,2024-11-11,QQQ,,,,,,,0.00,,0,,,,,,,,,,,,0.4236,2024-11-08T18:39:00+00:00,698,1154
summary,2024-11-11,AAPL,,,,,,,0.00,,0,,,,,,,,,,,,0.6243,2024-11-08T14:32:00+00:00,107,1084
summary,2024-11-11,MSFT,,,,,,,0.00,,0,,,,,,,,,,,,0.5436,2024-11-08T14:37:00+00:00,83,989
summary,2024-11-11,AMZN,,,,,,,0.00,,0,,,,,,,,,,,,0.5391,2024-11-08T14:36:00+00:00,255,1132
summary,2024-11-12,QQQ,,,,,,,0.00,,0,,,,,,,,,,,,0.3609,2024-11-11T13:03:00+00:00,652,1500
summary,2024-11-12,AAPL,,,,,,,0.00,,0,,,,,,,,,,,,0.4189,2024-11-12T16:19:00+00:00,596,1322
trade,2024-11-12,MSFT,Long,2024-11-12T14:35:00+00:00,2024-11-12T15:01:00+00:00,419.8909,418.5194,22.52,-30.89,-0.003266,1560000,ScoreExit,window:candle reversal,shooting_star,0.3494,-0.1298,0.5260,0.3941,0.2010,-0.5073,-0.1921,0.1205,,,
summary,2024-11-12,MSFT,,,,,,,-30.89,,1,,,,,,,,,,,,0.4682,2024-11-12T19:04:00+00:00,458,1122
summary,2024-11-12,AMZN,,,,,,,0.00,,0,,,,,,,,,,,,0.6328,2024-11-11T12:47:00+00:00,572,1341
summary,2024-11-13,QQQ,,,,,,,0.00,,0,,,,,,,,,,,,0.3642,2024-11-13T13:41:00+00:00,1006,2296
summary,2024-11-13,AAPL,,,,,,,0.00,,0,,,,,,,,,,,,0.4437,2024-11-13T17:47:00+00:00,928,1965
summary,2024-11-13,MSFT,,,,,,,0.00,,0,,,,,,,,,,,,0.5511,2024-11-13T16:51:00+00:00,785,1715
trade,2024-11-13,AMZN,Long,2024-11-13T14:36:00+00:00,2024-11-13T15:56:00+00:00,210.6682,211.3616,44.51,30.87,0.003291,4800000,SessionClose,window:candle reversal,shooting_star,0.3229,0.4593,0.5699,0.2168,0.4528,0.5416,0.4165,0.5175,,,
trade,2024-11-13,AMZN,Long,2024-11-13T15:58:00+00:00,2024-11-13T15:59:00+00:00,211.8385,211.7515,44.39,-3.87,-0.000411,60000,SessionClose,window:strong core,bullish_engulfing,0.4563,0.4596,0.5113,0.4165,0.5175,0.5447,0.4165,0.5175,,,
summary,2024-11-13,AMZN,,,,,,,27.00,,2,,,,,,,,,,,,0.6328,2024-11-11T12:47:00+00:00,1211,2073
summary,2024-11-14,QQQ,,,,,,,0.00,,0,,,,,,,,,,,,0.3666,2024-11-13T13:41:00+00:00,948,2845
summary,2024-11-14,AAPL,,,,,,,0.00,,0,,,,,,,,,,,,0.4843,2024-11-11T20:59:00+00:00,1474,2453
summary,2024-11-14,MSFT,,,,,,,0.00,,0,,,,,,,,,,,,0.5494,2024-11-13T16:51:00+00:00,1077,2151
summary,2024-11-14,AMZN,,,,,,,0.00,,0,,,,,,,,,,,,0.8039,2024-11-11T14:34:00+00:00,1622,2620
summary,2024-11-15,QQQ,,,,,,,0.00,,0,,,,,,,,,,,,0.4135,2024-11-12T14:38:00+00:00,576,2875
summary,2024-11-15,AAPL,,,,,,,0.00,,0,,,,,,,,,,,,0.8284,2024-11-12T16:04:00+00:00,1122,2415
summary,2024-11-15,MSFT,,,,,,,0.00,,0,,,,,,,,,,,,0.8232,2024-11-12T14:36:00+00:00,1142,2158
summary,2024-11-15,AMZN,,,,,,,0.00,,0,,,,,,,,,,,,0.6513,2024-11-12T17:33:00+00:00,1445,2629
trade,2024-11-18,QQQ,Long,2024-11-18T15:21:00+00:00,2024-11-18T15:56:00+00:00,499.6398,500.9247,18.90,24.28,0.002572,2100000,SessionClose,window:strong core,three_outside_up,0.4179,0.3455,0.4875,0.4121,0.4064,-0.1409,0.3490,0.5004,,,
trade,2024-11-18,QQQ,Long,2024-11-18T15:58:00+00:00,2024-11-18T15:59:00+00:00,501.0753,500.9147,18.88,-3.03,-0.000321,60000,SessionClose,window:candle reversal,evening_star,0.3061,0.3573,-0.5342,0.3490,0.5004,-0.0227,0.3490,0.5004,,,
summary,2024-11-18,QQQ,,,,,,,21.25,,2,,,,,,,,,,,,0.5079,2024-11-18T15:34:00+00:00,482,1243
trade,2024-11-18,AAPL,Long,2024-11-18T14:37:00+00:00,2024-11-18T15:56:00+00:00,226.7930,228.5664,41.55,73.68,0.007819,4740000,SessionClose,window:candle reversal,shooting_star,0.3323,0.1677,0.4899,0.2234,0.4975,-0.2761,0.0303,0.5903,,,
summary,2024-11-18,AAPL,,,,,,,73.68,,1,,,,,,,,,,,,0.5233,2024-11-18T15:17:00+00:00,465,1038
trade,2024-11-18,MSFT,Long,2024-11-18T15:29:00+00:00,2024-11-18T15:56:00+00:00,417.2901,417.3498,22.67,1.35,0.000143,1620000,SessionClose,window:strong core,,0.3973,0.1261,0.5716,0.4020,0.3299,-0.5761,0.1215,0.3696,,,
summary,2024-11-18,MSFT,,,,,,,1.35,,1,,,,,,,,,,,,0.4783,2024-11-18T15:34:00+00:00,306,984
summary,2024-11-18,AMZN,,,,,,,0.00,,0,,,,,,,,,,,,0.6562,2024-11-15T14:51:00+00:00,257,1179
trade,2024-11-19,QQQ,Long,2024-11-19T15:56:00+00:00,2024-11-19T15:57:00+00:00,500.5651,500.1850,19.03,-7.23,-0.000759,60000,SessionClose,window:candle reversal,shooting_star,0.3351,0.3161,0.2610,0.3338,0.3626,0.0892,0.3338,0.3565,,,
trade,2024-11-19,QQQ,Long,2024-11-19T15:59:00+00:00,2024-11-19T16:00:00+00:00,500.4951,500.0949,19.02,-7.61,-0.000800,60000,SessionClose,window:candle reversal,shooting_star,0.3112,0.2908,0.0379,0.3338,0.3573,-0.1450,0.3338,0.3502,,,
summary,2024-11-19,QQQ,,,,,,,-14.84,,2,,,,,,,,,,,,0.6583,2024-11-18T15:34:00+00:00,868,1555
trade,2024-11-19,AAPL,Long,2024-11-19T14:58:00+00:00,2024-11-19T15:56:00+00:00,228.4235,229.1862,41.74,31.84,0.003339,3480000,SessionClose,window:strong core,hammer,0.4459,0.1798,0.5532,0.4960,0.3098,0.1739,0.0185,0.5043,,,
summary,2024-11-19,AAPL,,,,,,,31.84,,1,,,,,,,,,,,,0.6464,2024-11-18T15:17:00+00:00,857,1224
summary,2024-11-19,MSFT,,,,,,,0.00,,0,,,,,,,,,,,,0.7585,2024-11-18T10:50:00+00:00,544,1097
trade,2024-11-19,AMZN,Long,2024-11-19T15:36:00+00:00,2024-11-19T15:56:00+00:00,201.9356,202.3443,46.98,19.20,0.002024,1200000,SessionClose,window:candle reversal,shooting_star,0.3711,0.4009,0.5491,0.3711,0.3118,0.3498,0.4047,0.4105,,,
trade,2024-11-19,AMZN,Long,2024-11-19T15:58:00+00:00,2024-11-19T15:59:00+00:00,202.5407,202.3543,46.92,-8.75,-0.000921,60000,SessionClose,window:strong core,shooting_star,0.4119,0.3893,0.4256,0.4047,0.4218,0.2364,0.4047,0.4094,,,
summary,2024-11-19,AMZN,,,,,,,10.45,,2,,,,,,,,,,,,0.8474,2024-11-18T10:28:00+00:00,514,1341
summary,2024-11-20,QQQ,,,,,,,0.00,,0,,,,,,,,,,,,0.6583,2024-11-18T15:34:00+00:00,1326,2417
summary,2024-11-20,AAPL,,,,,,,0.00,,0,,,,,,,,,,,,0.6464,2024-11-18T15:17:00+00:00,1042,1878
summary,2024-11-20,MSFT,,,,,,,0.00,,0,,,,,,,,,,,,0.7585,2024-11-18T10:50:00+00:00,743,1679
summary,2024-11-20,AMZN,,,,,,,0.00,,0,,,,,,,,,,,,0.8474,2024-11-18T10:28:00+00:00,759,2052
summary,2024-11-21,QQQ,,,,,,,0.00,,0,,,,,,,,,,,,0.9543,2024-11-18T15:51:00+00:00,1807,2994
summary,2024-11-21,AAPL,,,,,,,0.00,,0,,,,,,,,,,,,0.9548,2024-11-18T15:52:00+00:00,1278,2428
summary,2024-11-21,MSFT,,,,,,,0.00,,0,,,,,,,,,,,,0.9559,2024-11-18T15:49:00+00:00,816,2141
summary,2024-11-21,AMZN,,,,,,,0.00,,0,,,,,,,,,,,,0.6824,2024-11-18T23:04:00+00:00,823,2536
summary,2024-11-22,QQQ,,,,,,,0.00,,0,,,,,,,,,,,,0.8915,2024-11-19T15:52:00+00:00,2007,2967
summary,2024-11-22,AAPL,,,,,,,0.00,,0,,,,,,,,,,,,0.9557,2024-11-19T15:52:00+00:00,1146,2387
summary,2024-11-22,MSFT,,,,,,,0.00,,0,,,,,,,,,,,,0.7717,2024-11-19T15:49:00+00:00,1054,2157
summary,2024-11-22,AMZN,,,,,,,0.00,,0,,,,,,,,,,,,1.0000,2024-11-19T14:33:00+00:00,942,2538
summary,2024-11-25,QQQ,,,,,,,0.00,,0,,,,,,,,,,,,0.5525,2024-11-22T15:44:00+00:00,852,1212
summary,2024-11-25,AAPL,,,,,,,0.00,,0,,,,,,,,,,,,0.8346,2024-11-22T14:39:00+00:00,696,1058
trade,2024-11-25,MSFT,Long,2024-11-25T14:36:00+00:00,2024-11-25T14:51:00+00:00,419.1207,417.7496,22.68,-31.09,-0.003271,900000,ScoreExit,window:strong core,hammer,0.4196,-0.1613,0.5437,0.4144,0.3887,-0.6443,-0.3558,0.3887,,,
summary,2024-11-25,MSFT,,,,,,,-31.09,,1,,,,,,,,,,,,0.9704,2024-11-22T14:41:00+00:00,722,1008
summary,2024-11-25,AMZN,,,,,,,0.00,,0,,,,,,,,,,,,0.8052,2024-11-22T15:44:00+00:00,628,1167
summary,2024-11-26,QQQ,,,,,,,0.00,,0,,,,,,,,,,,,0.5862,2024-11-25T10:19:00+00:00,764,1547
trade,2024-11-26,AAPL,Long,2024-11-26T14:46:00+00:00,2024-11-26T15:56:00+00:00,234.7354,235.3844,40.33,26.17,0.002765,4200000,SessionClose,window:strong core,three_outside_up,0.4938,0.3304,0.3115,0.4608,0.6205,0.4699,0.1581,0.6285,,,
summary,2024-11-26,AAPL,,,,,,,26.17,,1,,,,,,,,,,,,0.7846,2024-11-25T10:43:00+00:00,839,1347
trade,2024-11-26,MSFT,Long,2024-11-26T14:41:00+00:00,2024-11-26T15:56:00+00:00,421.6164,425.5373,22.53,88.34,0.009300,4500000,SessionClose,window:strong core,hammer,0.5110,0.1320,0.0583,0.5000,0.6838,-0.4924,-0.0333,0.6709,,,
summary,2024-11-26,MSFT,,,,,,,88.34,,1,,,,,,,,,,,,0.6120,2024-11-25T14:39:00+00:00,691,1145
trade,2024-11-26,AMZN,Long,2024-11-26T14:31:00+00:00,2024-11-26T15:56:00+00:00,202.3957,207.1628,46.88,223.48,0.023554,5100000,SessionClose,window:strong core,,0.5639,0.4183,0.4707,0.4425,0.8378,0.5769,0.2038,0.7945,,,
summary,2024-11-26,AMZN,,,,,,,223.48,,1,,,,,,,,,,,,0.6973,2024-11-26T14:49:00+00:00,1038,1388
summary,2024-11-27,QQQ,,,,,,,0.00,,0,,,,,,,,,,,,0.5862,2024-11-25T10:19:00+00:00,982,2393
summary,2024-11-27,AAPL,,,,,,,0.00,,0,,,,,,,,,,,,0.7846,2024-11-25T10:43:00+00:00,1317,2089
summary,2024-11-27,MSFT,,,,,,,0.00,,0,,,,,,,,,,,,0.6120,2024-11-25T14:39:00+00:00,1029,1743
summary,2024-11-27,AMZN,,,,,,,0.00,,0,,,,,,,,,,,,0.6973,2024-11-26T14:49:00+00:00,1566,2172
summary,2024-11-28,QQQ,,,,,,,0.00,,0,,,,,,,,,,,,0.6654,2024-11-25T14:41:00+00:00,851,2249
summary,2024-11-28,AAPL,,,,,,,0.00,,0,,,,,,,,,,,,0.7188,2024-11-25T14:44:00+00:00,1220,1991
summary,2024-11-28,MSFT,,,,,,,0.00,,0,,,,,,,,,,,,1.0000,2024-11-25T14:39:00+00:00,951,1731
summary,2024-11-28,AMZN,,,,,,,0.00,,0,,,,,,,,,,,,0.9465,2024-11-25T14:41:00+00:00,1543,2096
summary,2024-11-29,QQQ,,,,,,,0.00,,0,,,,,,,,,,,,0.4109,2024-11-29T15:17:00+00:00,748,1913
summary,2024-11-29,AAPL,,,,,,,0.00,,0,,,,,,,,,,,,0.9055,2024-11-26T15:44:00+00:00,976,1647
summary,2024-11-29,MSFT,,,,,,,0.00,,0,,,,,,,,,,,,0.9567,2024-11-26T15:42:00+00:00,621,1485
summary,2024-11-29,AMZN,,,,,,,0.00,,0,,,,,,,,,,,,1.0000,2024-11-26T14:34:00+00:00,1222,1820
trade,2024-12-02,QQQ,Long,2024-12-02T14:31:00+00:00,2024-12-02T15:56:00+00:00,511.5789,513.6557,18.78,39.01,0.004059,5100000,SessionClose,window:strong core,bearish_engulfing,0.4450,-0.0202,0.5482,0.4028,0.4949,-0.4489,-0.1860,0.4543,,,
summary,2024-12-02,QQQ,,,,,,,39.01,,1,,,,,,,,,,,,0.8468,2024-11-29T15:43:00+00:00,814,995
trade,2024-12-02,AAPL,Long,2024-12-02T14:31:00+00:00,2024-12-02T15:56:00+00:00,238.7666,240.0631,40.26,52.19,0.005430,5100000,SessionClose,window:strong core,hammer,0.4997,0.0982,0.5968,0.4632,0.5404,-0.4348,-0.0484,0.5690,,,
summary,2024-12-02,AAPL,,,,,,,52.19,,1,,,,,,,,,,,,0.7779,2024-11-29T14:40:00+00:00,812,936
trade,2024-12-02,MSFT,Long,2024-12-02T14:36:00+00:00,2024-12-02T15:56:00+00:00,424.3723,431.3056,22.65,157.05,0.016338,4800000,SessionClose,window:strong core,three_outside_up,0.4768,0.2383,0.5520,0.4436,0.5181,-0.4414,0.1396,0.6623,,,
summary,2024-12-02,MSFT,,,,,,,157.05,,1,,,,,,,,,,,,0.9546,2024-11-29T15:43:00+00:00,617,773
trade,2024-12-02,AMZN,Long,2024-12-02T14:31:00+00:00,2024-12-02T15:56:00+00:00,210.6782,211.4315,45.66,34.40,0.003575,5100000,SessionClose,window:strong core,,0.5101,-0.0168,0.5863,0.4447,0.6157,-0.5377,-0.2338,0.5909,,,
summary,2024-12-02,AMZN,,,,,,,34.40,,1,,,,,,,,,,,,0.7425,2024-11-29T15:43:00+00:00,875,990
summary,2024-12-03,QQQ,,,,,,,0.00,,0,,,,,,,,,,,,0.5318,2024-12-02T14:54:00+00:00,999,1433
trade,2024-12-03,AAPL,Long,2024-12-03T15:01:00+00:00,2024-12-03T15:56:00+00:00,240.9995,240.7691,40.48,-9.32,-0.000956,3300000,SessionClose,window:candle reversal,shooting_star,0.3666,0.2194,0.5122,0.2916,0.4681,-0.2269,0.1736,0.4598,,,
summary,2024-12-03,AAPL,,,,,,,-9.32,,1,,,,,,,,,,,,0.6345,2024-12-02T14:34:00+00:00,892,1244
trade,2024-12-03,MSFT,Long,2024-12-03T15:06:00+00:00,2024-12-03T15:26:00+00:00,432.5847,430.0859,22.73,-56.80,-0.005776,1200000,ScoreExit,window:candle reversal,shooting_star,0.4120,-0.1146,0.5893,0.3940,0.3889,-0.5427,-0.2076,0.2141,,,
summary,2024-12-03,MSFT,,,,,,,-56.80,,1,,,,,,,,,,,,0.7571,2024-12-02T15:32:00+00:00,793,1055
trade,2024-12-03,AMZN,Long,2024-12-03T15:06:00+00:00,2024-12-03T15:56:00+00:00,211.9745,211.6515,46.00,-14.86,-0.001524,3000000,SessionClose,window:candle reversal,shooting_star,0.4102,0.2714,0.5699,0.3411,0.4952,0.0205,0.2230,0.4519,,,
summary,2024-12-03,AMZN,,,,,,,-14.86,,1,,,,,,,,,,,,0.7829,2024-12-02T10:25:00+00:00,845,1312
trade,2024-12-04,QQQ,Long,2024-12-04T15:41:00+00:00,2024-12-04T15:56:00+00:00,522.0116,521.3985,18.64,-11.43,-0.001174,900000,SessionClose,window:candle reversal,shooting_star,0.3224,0.2407,0.3198,0.3228,0.3225,-0.2385,0.2796,0.3225,,,
summary,2024-12-04,QQQ,,,,,,,-11.43,,1,,,,,,,,,,,,0.5318,2024-12-02T14:54:00+00:00,1703,2278
summary,2024-12-04,AAPL,,,,,,,0.00,,0,,,,,,,,,,,,0.6345,2024-12-02T14:34:00+00:00,1440,1936
trade,2024-12-04,MSFT,Long,2024-12-04T14:36:00+00:00,2024-12-04T15:56:00+00:00,435.9758,438.3535,22.44,53.37,0.005454,4800000,SessionClose,window:strong core,three_outside_up,0.4243,0.2273,0.5627,0.4139,0.3990,0.1480,0.1491,0.4101,,,
summary,2024-12-04,MSFT,,,,,,,53.37,,1,,,,,,,,,,,,0.7571,2024-12-02T15:32:00+00:00,1289,1710
trade,2024-12-04,AMZN,Long,2024-12-04T14:41:00+00:00,2024-12-04T15:56:00+00:00,217.6103,219.5741,44.63,87.65,0.009025,4500000,SessionClose,window:strong core,three_outside_up,0.5152,0.2691,0.5194,0.4704,0.6032,-0.0049,0.1412,0.6162,,,
trade,2024-12-04,AMZN,Long,2024-12-04T15:58:00+00:00,2024-12-04T15:59:00+00:00,220.0460,219.7788,44.43,-11.87,-0.001214,60000,SessionClose,window:candle reversal,shooting_star,0.3234,0.2974,0.5381,0.1412,0.6162,0.2774,0.1412,0.6162,,,
summary,2024-12-04,AMZN,,,,,,,75.78,,2,,,,,,,,,,,,0.7829,2024-12-02T10:25:00+00:00,1532,2109
summary,2024-12-05,QQQ,,,,,,,0.00,,0,,,,,,,,,,,,0.5961,2024-12-02T17:04:00+00:00,2000,2816
summary,2024-12-05,AAPL,,,,,,,0.00,,0,,,,,,,,,,,,0.8933,2024-12-02T15:31:00+00:00,1643,2388
summary,2024-12-05,MSFT,,,,,,,0.00,,0,,,,,,,,,,,,1.0000,2024-12-02T14:38:00+00:00,1668,2173
trade,2024-12-05,AMZN,Long,2024-12-05T15:36:00+00:00,2024-12-05T15:56:00+00:00,219.4507,219.3392,44.60,-4.97,-0.000508,1200000,SessionClose,window:strong core,,0.4206,0.1262,0.5569,0.4044,0.4076,0.3906,-0.0586,0.4076,,,
summary,2024-12-05,AMZN,,,,,,,-4.97,,1,,,,,,,,,,,,1.0000,2024-12-02T14:32:00+00:00,1825,2613
trade,2024-12-06,QQQ,Long,2024-12-06T15:04:00+00:00,2024-12-06T15:51:00+00:00,525.4927,525.0704,18.53,-7.83,-0.000804,2820000,ScoreExit,window:candle reversal,shooting_star,0.3077,-0.0648,0.3404,0.3143,0.2835,-0.5383,-0.1601,0.2835,,,
summary,2024-12-06,QQQ,,,,,,,-7.83,,1,,,,,,,,,,,,0.5848,2024-12-03T16:02:00+00:00,2132,2814
summary,2024-12-06,AAPL,,,,,,,0.00,,0,,,,,,,,,,,,0.8539,2024-12-03T15:01:00+00:00,1618,2335
summary,2024-12-06,MSFT,,,,,,,0.00,,0,,,,,,,,,,,,0.9045,2024-12-03T15:02:00+00:00,1620,2251
trade,2024-12-06,AMZN,Long,2024-12-06T14:41:00+00:00,2024-12-06T15:56:00+00:00,222.4517,224.1777,43.80,75.61,0.007759,4500000,SessionClose,window:strong core,shooting_star,0.4932,0.2701,0.5661,0.4190,0.6173,0.0815,0.1077,0.6578,,,
summary,2024-12-06,AMZN,,,,,,,75.61,,1,,,,,,,,,,,,0.9571,2024-12-03T16:02:00+00:00,2328,2618
summary,2024-12-09,QQQ,,,,,,,0.00,,0,,,,,,,,,,,,0.5623,2024-12-06T14:52:00+00:00,532,1201
trade,2024-12-09,AAPL,Long,2024-12-09T14:47:00+00:00,2024-12-09T15:56:00+00:00,243.7421,245.9012,40.05,86.47,0.008858,4140000,SessionClose,window:strong core,three_outside_up,0.4055,0.4580,0.5582,0.4206,0.3245,0.5297,0.3802,0.5898,,,
summary,2024-12-09,AAPL,,,,,,,86.47,,1,,,,,,,,,,,,0.7979,2024-12-06T15:06:00+00:00,516,1072
trade,2024-12-09,MSFT,Long,2024-12-09T15:16:00+00:00,2024-12-09T15:56:00+00:00,444.2082,444.1817,21.97,-0.58,-0.000060,2400000,SessionClose,window:candle reversal,shooting_star,0.3533,0.1924,0.4921,0.3741,0.2654,-0.4020,0.2381,0.2991,,,
summary,2024-12-09,MSFT,,,,,,,-0.58,,1,,,,,,,,,,,,0.7598,2024-12-06T14:48:00+00:00,422,1013
trade,2024-12-09,AMZN,Long,2024-12-09T14:31:00+00:00,2024-12-09T15:31:00+00:00,228.3535,227.8866,42.65,-19.91,-0.002045,3600000,ScoreExit,window:strong core,bearish_engulfing,0.5114,-0.1021,0.6020,0.4507,0.6024,-0.4495,-0.3551,0.5198,,,
summary,2024-12-09,AMZN,,,,,,,-19.91,,1,,,,,,,,,,,,1.0000,2024-12-06T14:41:00+00:00,972,1199
trade,2024-12-10,QQQ,Long,2024-12-10T14:48:00+00:00,2024-12-10T15:42:00+00:00,524.7724,523.8228,18.64,-17.70,-0.001810,3240000,ScoreExit,window:candle reversal,shooting_star,0.3220,-0.0644,0.4158,0.3246,0.2856,-0.5050,-0.1140,0.1816,,,
summary,2024-12-10,QQQ,,,,,,,-17.70,,1,,,,,,,,,,,,0.3733,2024-12-10T14:44:00+00:00,317,1482
summary,2024-12-10,AAPL,,,,,,,0.00,,0,,,,,,,,,,,,0.6352,2024-12-09T16:04:00+00:00,990,1308
trade,2024-12-10,MSFT,Long,2024-12-10T14:31:00+00:00,2024-12-10T15:56:00+00:00,445.5936,447.5607,21.93,43.14,0.004414,5100000,SessionClose,window:strong core,three_outside_up,0.4711,0.0060,0.5854,0.5066,0.3619,-0.5102,-0.1451,0.4802,,,
summary,2024-12-10,MSFT,,,,,,,43.14,,1,,,,,,,,,,,,0.6268,2024-12-09T15:35:00+00:00,607,1164
trade,2024-12-10,AMZN,Long,2024-12-10T14:46:00+00:00,2024-12-10T15:56:00+00:00,228.0384,227.8966,42.98,-6.09,-0.000622,4200000,SessionClose,window:strong core,three_outside_up,0.4168,-0.0250,0.6021,0.4439,0.3006,-0.2524,-0.1719,0.3446,,,
summary,2024-12-10,AMZN,,,,,,,-6.09,,1,,,,,,,,,,,,0.6862,2024-12-09T09:16:00+00:00,389,1383
summary,2024-12-11,QQQ,,,,,,,0.00,,0,,,,,,,,,,,,0.4418,2024-12-11T14:51:00+00:00,752,2287
summary,2024-12-11,AAPL,,,,,,,0.00,,0,,,,,,,,,,,,0.6352,2024-12-09T16:04:00+00:00,1384,1981
trade,2024-12-11,MSFT,Long,2024-12-11T15:02:00+00:00,2024-12-11T15:56:00+00:00,446.6089,447.7506,21.97,25.09,0.002556,3240000,SessionClose,window:strong core,,0.4039,0.1080,0.5225,0.4274,0.3175,-0.5308,0.0773,0.3824,,,
summary,2024-12-11,MSFT,,,,,,,25.09,,1,,,,,,,,,,,,0.6268,2024-12-09T15:35:00+00:00,947,1764
trade,2024-12-11,AMZN,Long,2024-12-11T14:32:00+00:00,2024-12-11T15:56:00+00:00,227.5332,230.0360,43.10,107.87,0.010999,5040000,SessionClose,window:strong core,bullish_engulfing,0.3874,0.0542,0.5179,0.4031,0.3124,-0.5127,-0.0570,0.4653,,,
summary,2024-12-11,AMZN,,,,,,,107.87,,1,,,,,,,,,,,,0.6862,2024-12-09T09:16:00+00:00,735,2099
summary,2024-12-12,QQQ,,,,,,,0.00,,0,,,,,,,,,,,,0.4498,2024-12-11T14:51:00+00:00,1380,2820
summary,2024-12-12,AAPL,,,,,,,0.00,,0,,,,,,,,,,,,0.9568,2024-12-09T15:58:00+00:00,1694,2541
trade,2024-12-12,MSFT,Long,2024-12-12T14:31:00+00:00,2024-12-12T15:56:00+00:00,450.6502,454.6886,21.86,88.28,0.008961,5100000,SessionClose,window:strong core,,0.5247,0.3774,0.5681,0.5959,0.3678,-0.1024,0.3978,0.4966,,,
summary,2024-12-12,MSFT,,,,,,,88.28,,1,,,,,,,,,,,,0.8990,2024-12-09T15:35:00+00:00,1173,2164
summary,2024-12-12,AMZN,,,,,,,0.00,,0,,,,,,,,,,,,0.8973,2024-12-09T15:07:00+00:00,1102,2573
trade,2024-12-13,QQQ,Long,2024-12-13T14:52:00+00:00,2024-12-13T15:19:00+00:00,533.0549,531.3755,18.63,-31.29,-0.003150,1620000,ScoreExit,window:candle reversal,shooting_star,0.3001,-0.0629,0.3494,0.3058,0.2723,-0.4040,-0.0907,0.1063,,,
summary,2024-12-13,QQQ,,,,,,,-31.29,,1,,,,,,,,,,,,0.5327,2024-12-10T14:45:00+00:00,1741,2926
summary,2024-12-13,AAPL,,,,,,,0.00,,0,,,,,,,,,,,,0.7373,2024-12-10T14:48:00+00:00,1225,2579
summary,2024-12-13,MSFT,,,,,,,0.00,,0,,,,,,,,,,,,0.9063,2024-12-10T14:32:00+00:00,908,2196
summary,2024-12-13,AMZN,,,,,,,0.00,,0,,,,,,,,,,,,0.9374,2024-12-10T14:45:00+00:00,1264,2563
trade,2024-12-16,QQQ,Long,2024-12-16T15:01:00+00:00,2024-12-16T15:56:00+00:00,535.2862,535.2944,18.41,0.15,0.000015,3300000,SessionClose,window:strong core,hammer,0.4413,0.1404,0.5539,0.4084,0.4693,0.2371,-0.0402,0.4693,,,
summary,2024-12-16,QQQ,,,,,,,0.15,,1,,,,,,,,,,,,0.6709,2024-12-13T14:45:00+00:00,764,1175
trade,2024-12-16,AAPL,Long,2024-12-16T14:32:00+00:00,2024-12-16T15:56:00+00:00,248.9096,249.2102,39.62,11.91,0.001208,5040000,SessionClose,window:strong core,hammer,0.4368,0.1952,0.5908,0.4424,0.3743,-0.1305,0.1198,0.4546,,,
summary,2024-12-16,AAPL,,,,,,,11.91,,1,,,,,,,,,,,,0.7569,2024-12-13T14:37:00+00:00,648,1037
summary,2024-12-16,MSFT,,,,,,,0.00,,0,,,,,,,,,,,,0.7116,2024-12-13T14:40:00+00:00,398,945
trade,2024-12-16,AMZN,Long,2024-12-16T15:46:00+00:00,2024-12-16T15:56:00+00:00,230.2340,229.9060,42.70,-14.01,-0.001425,600000,SessionClose,window:candle reversal,shooting_star,0.3593,0.2914,0.4903,0.2503,0.5336,0.0118,0.2170,0.5336,,,
summary,2024-12-16,AMZN,,,,,,,-14.01,,1,,,,,,,,,,,,0.7477,2024-12-13T14:44:00+00:00,638,1071
summary,2024-12-17,QQQ,,,,,,,0.00,,0,,,,,,,,,,,,0.7392,2024-12-16T10:30:00+00:00,1038,1546
trade,2024-12-17,AAPL,Long,2024-12-17T14:41:00+00:00,2024-12-17T15:56:00+00:00,251.7705,252.1643,39.21,15.44,0.001564,4500000,SessionClose,window:strong core,,0.5080,0.1037,0.5851,0.5043,0.4897,-0.3848,-0.0161,0.5061,,,
summary,2024-12-17,AAPL,,,,,,,15.44,,1,,,,,,,,,,,,0.6279,2024-12-16T14:34:00+00:00,922,1209
trade,2024-12-17,MSFT,Long,2024-12-17T14:42:00+00:00,2024-12-17T15:56:00+00:00,451.0903,452.2593,21.85,25.54,0.002591,4440000,SessionClose,window:candle reversal,shooting_star,0.3597,0.4273,0.2257,0.4161,0.2916,0.5111,0.3790,0.4959,,,
summary,2024-12-17,MSFT,,,,,,,25.54,,1,,,,,,,,,,,,0.5641,2024-12-16T19:54:00+00:00,751,1025
summary,2024-12-17,AMZN,,,,,,,0.00,,0,,,,,,,,,,,,0.5953,2024-12-16T14:31:00+00:00,923,1275
summary,2024-12-18,QQQ,,,,,,,0.00,,0,,,,,,,,,,,,0.7392,2024-12-16T10:30:00+00:00,1186,2380
summary,2024-12-18,AAPL,,,,,,,0.00,,0,,,,,,,,,,,,0.6279,2024-12-16T14:34:00+00:00,1336,1890
summary,2024-12-18,MSFT,,,,,,,0.00,,0,,,,,,,,,,,,0.5641,2024-12-16T19:54:00+00:00,1044,1629
summary,2024-12-18,AMZN,,,,,,,0.00,,0,,,,,,,,,,,,0.5953,2024-12-16T14:31:00+00:00,1061,1978
summary,2024-12-19,QQQ,,,,,,,0.00,,0,,,,,,,,,,,,0.7460,2024-12-16T16:04:00+00:00,970,3046
trade,2024-12-19,AAPL,Long,2024-12-19T15:19:00+00:00,2024-12-19T15:56:00+00:00,250.6717,249.8800,39.43,-31.21,-0.003158,2220000,SessionClose,window:5m thrust,three_outside_up,0.4036,0.1084,0.2801,0.5491,0.1537,-0.3487,0.1966,0.0843,,,
summary,2024-12-19,AAPL,,,,,,,-31.21,,1,,,,,,,,,,,,1.0000,2024-12-16T14:34:00+00:00,1496,2588
summary,2024-12-19,MSFT,,,,,,,0.00,,0,,,,,,,,,,,,0.5866,2024-12-16T20:27:00+00:00,1005,2211
summary,2024-12-19,AMZN,,,,,,,0.00,,0,,,,,,,,,,,,0.7900,2024-12-16T14:31:00+00:00,1010,2650
trade,2024-12-20,QQQ,Long,2024-12-20T15:35:00+00:00,2024-12-20T15:56:00+00:00,517.7403,518.1895,19.05,8.56,0.000868,1260000,SessionClose,window:5m thrust,,0.4497,0.3038,0.4116,0.6016,0.1586,0.4270,0.3559,0.1586,,,
summary,2024-12-20,QQQ,,,,,,,8.56,,1,,,,,,,,,,,,0.5181,2024-12-20T16:43:00+00:00,715,3093
summary,2024-12-20,AAPL,,,,,,,0.00,,0,,,,,,,,,,,,0.9452,2024-12-17T14:41:00+00:00,1245,2710
trade,2024-12-20,MSFT,Long,2024-12-20T15:37:00+00:00,2024-12-20T15:56:00+00:00,435.2855,436.3541,22.69,24.24,0.002455,1140000,SessionClose,window:5m thrust,shooting_star,0.3953,0.3683,0.4207,0.5829,0.0115,0.3960,0.5420,0.0115,,,
summary,2024-12-20,MSFT,,,,,,,24.24,,1,,,,,,,,,,,,0.9218,2024-12-17T16:00:00+00:00,690,2360
trade,2024-12-20,AMZN,Long,2024-12-20T15:34:00+00:00,2024-12-20T15:56:00+00:00,223.2319,222.9281,44.13,-13.41,-0.001361,1320000,SessionClose,window:5m thrust,shooting_star,0.3567,0.0808,0.1586,0.5163,0.1036,-0.0925,0.0983,0.1036,,,
summary,2024-12-20,AMZN,,,,,,,-13.41,,1,,,,,,,,,,,,0.9045,2024-12-17T16:04:00+00:00,878,2799
summary,2024-12-23,QQQ,,,,,,,0.00,,0,,,,,,,,,,,,0.9603,2024-12-20T16:04:00+00:00,883,1269
summary,2024-12-23,AAPL,,,,,,,0.00,,0,,,,,,,,,,,,0.9567,2024-12-20T16:04:00+00:00,978,1195
summary,2024-12-23,MSFT,,,,,,,0.00,,0,,,,,,,,,,,,0.9579,2024-12-20T16:04:00+00:00,508,981
summary,2024-12-23,AMZN,,,,,,,0.00,,0,,,,,,,,,,,,1.0000,2024-12-20T14:41:00+00:00,977,1132
trade,2024-12-24,QQQ,Long,2024-12-24T14:46:00+00:00,2024-12-24T15:56:00+00:00,526.1028,527.7066,18.78,30.12,0.003049,4200000,SessionClose,window:candle reversal,shooting_star,0.3581,0.2262,0.5280,0.2641,0.4895,-0.0351,0.1285,0.5086,,,
summary,2024-12-24,QQQ,,,,,,,30.12,,1,,,,,,,,,,,,0.5773,2024-12-23T17:01:00+00:00,1021,1405
trade,2024-12-24,AAPL,Long,2024-12-24T14:31:00+00:00,2024-12-24T15:56:00+00:00,255.9017,257.5277,38.57,62.72,0.006354,5100000,SessionClose,window:strong core,hammer,0.4400,0.0983,0.4474,0.4335,0.4505,-0.4164,-0.0224,0.5114,,,
summary,2024-12-24,AAPL,,,,,,,62.72,,1,,,,,,,,,,,,0.4707,2024-12-23T09:11:00+00:00,601,1147
trade,2024-12-24,MSFT,Long,2024-12-24T15:11:00+00:00,2024-12-24T15:56:00+00:00,437.0461,438.0136,22.54,21.81,0.002214,2700000,SessionClose,window:strong core,hammer,0.4486,0.1827,0.5379,0.4185,0.4792,-0.1873,0.0920,0.4873,,,
summary,2024-12-24,MSFT,,,,,,,21.81,,1,,,,,,,,,,,,0.6794,2024-12-23T12:23:00+00:00,391,907
summary,2024-12-24,AMZN,,,,,,,0.00,,0,,,,,,,,,,,,0.5641,2024-12-24T14:47:00+00:00,700,1145
summary,2024-12-25,QQQ,,,,,,,0.00,,0,,,,,,,,,,,,0.5773,2024-12-23T17:01:00+00:00,1047,1430
summary,2024-12-25,AAPL,,,,,,,0.00,,0,,,,,,,,,,,,0.4707,2024-12-23T09:11:00+00:00,617,1163
summary,2024-12-25,MSFT,,,,,,,0.00,,0,,,,,,,,,,,,0.6794,2024-12-23T12:23:00+00:00,396,912
summary,2024-12-25,AMZN,,,,,,,0.00,,0,,,,,,,,,,,,0.5641,2024-12-24T14:47:00+00:00,713,1161
summary,2024-12-26,QQQ,,,,,,,0.00,,0,,,,,,,,,,,,0.6053,2024-12-23T17:01:00+00:00,1467,1813
trade,2024-12-26,AAPL,Long,2024-12-26T14:31:00+00:00,2024-12-26T14:51:00+00:00,258.9927,258.5874,38.46,-15.59,-0.001565,1200000,ScoreExit,window:strong core,three_outside_up,0.4093,-0.0713,0.5171,0.4241,0.3438,-0.5286,-0.2027,0.3438,,,
summary,2024-12-26,AAPL,,,,,,,-15.59,,1,,,,,,,,,,,,0.5185,2024-12-23T20:54:00+00:00,970,1481
summary,2024-12-26,MSFT,,,,,,,0.00,,0,,,,,,,,,,,,0.4653,2024-12-23T18:39:00+00:00,702,1267
summary,2024-12-26,AMZN,,,,,,,0.00,,0,,,,,,,,,,,,0.9274,2024-12-23T16:04:00+00:00,972,1469
summary,2024-12-27,QQQ,,,,,,,0.00,,0,,,,,,,,,,,,0.8541,2024-12-24T15:46:00+00:00,823,1748
summary,2024-12-27,AAPL,,,,,,,0.00,,0,,,,,,,,,,,,0.8889,2024-12-24T15:49:00+00:00,802,1500
summary,2024-12-27,MSFT,,,,,,,0.00,,0,,,,,,,,,,,,0.9549,2024-12-24T15:49:00+00:00,577,1193
summary,2024-12-27,AMZN,,,,,,,0.00,,0,,,,,,,,,,,,0.9571,2024-12-24T15:42:00+00:00,436,1481
summary,2024-12-30,QQQ,,,,,,,0.00,,0,,,,,,,,,,,,0.5266,2024-12-27T21:04:00+00:00,438,1194
summary,2024-12-30,AAPL,,,,,,,0.00,,0,,,,,,,,,,,,0.4407,2024-12-27T21:02:00+00:00,241,1094
summary,2024-12-30,MSFT,,,,,,,0.00,,0,,,,,,,,,,,,0.4658,2024-12-27T21:09:00+00:00,317,980
summary,2024-12-30,AMZN,,,,,,,0.00,,0,,,,,,,,,,,,0.5803,2024-12-27T21:04:00+00:00,487,1070
summary,2024-12-31,QQQ,,,,,,,0.00,,0,,,,,,,,,,,,0.6107,2024-12-30T16:42:00+00:00,603,1513
summary,2024-12-31,AAPL,,,,,,,0.00,,0,,,,,,,,,,,,0.5601,2024-12-30T17:28:00+00:00,426,1215
summary,2024-12-31,MSFT,,,,,,,0.00,,0,,,,,,,,,,,,0.5826,2024-12-30T17:45:00+00:00,430,1058
summary,2024-12-31,AMZN,,,,,,,0.00,,0,,,,,,,,,,,,0.6096,2024-12-30T16:54:00+00:00,671,1235
