row_type,date,ticker,direction,entry_time,exit_time,entry_price,exit_price,size,pnl,pnl_pct,hold_duration_ms,exit_reason,entry_reason,candle_pattern,entry_composite,exit_composite,entry_1m,entry_5m,entry_1h,exit_1m,exit_5m,exit_1h,max_composite,max_composite_time,positive_ticks,total_ticks
summary,2022-01-03,QQQ,,,,,,,0.00,,0,,,,,,,,,,,,0.4206,2022-01-03T18:44:00+00:00,530,1105
trade,2022-01-03,AAPL,Long,2022-01-03T14:36:00+00:00,2022-01-03T15:56:00+00:00,179.3388,180.8857,20.64,31.93,0.008626,4800000,SessionClose,window:strong core,,0.5684,0.1021,0.5866,0.5434,0.6124,-0.3366,-0.0692,0.5907,,,
summary,2022-01-03,AAPL,,,,,,,31.93,,1,,,,,,,,,,,,0.5981,2022-01-03T14:41:00+00:00,596,1134
summary,2022-01-03,MSFT,,,,,,,0.00,,0,,,,,,,,,,,,0.5420,2022-01-03T09:03:00+00:00,272,966
trade,2022-01-03,AMZN,Long,2022-01-03T15:16:00+00:00,2022-01-03T15:56:00+00:00,3353.6308,3391.6972,1.10,41.90,0.011351,2400000,SessionClose,window:strong core,,0.4107,0.6176,0.6267,0.4129,0.3342,-0.4274,0.7993,0.6023,,,
trade,2022-01-03,AMZN,Long,2022-01-03T15:58:00+00:00,2022-01-03T15:59:00+00:00,3398.1141,3396.5257,1.09,-1.74,-0.000467,60000,SessionClose,window:5m thrust,hammer,0.6782,0.6738,0.1795,0.7993,0.6023,0.1355,0.7993,0.6023,,,
summary,2022-01-03,AMZN,,,,,,,40.16,,2,,,,,,,,,,,,0.7493,2022-01-03T16:09:00+00:00,300,848
summary,2022-01-04,QQQ,,,,,,,0.00,,0,,,,,,,,,,,,0.7304,2022-01-03T10:22:00+00:00,759,1449
summary,2022-01-04,AAPL,,,,,,,0.00,,0,,,,,,,,,,,,0.7146,2022-01-03T14:41:00+00:00,916,1527
summary,2022-01-04,MSFT,,,,,,,0.00,,0,,,,,,,,,,,,0.5309,2022-01-03T11:01:00+00:00,385,1154
trade,2022-01-04,AMZN,Long,2022-01-04T14:31:00+00:00,2022-01-04T14:51:00+00:00,3415.0592,3397.7554,1.09,-18.90,-0.005067,1200000,ScoreExit,window:strong core,,0.4124,-0.2242,0.2547,0.4777,0.3343,-0.3978,-0.4168,0.2189,,,
summary,2022-01-04,AMZN,,,,,,,-18.90,,1,,,,,,,,,,,,0.8645,2022-01-03T16:09:00+00:00,350,865
summary,2022-01-05,QQQ,,,,,,,0.00,,0,,,,,,,,,,,,0.7304,2022-01-03T10:22:00+00:00,759,2270
summary,2022-01-05,AAPL,,,,,,,0.00,,0,,,,,,,,,,,,0.7146,2022-01-03T14:41:00+00:00,916,2311
summary,2022-01-05,MSFT,,,,,,,0.00,,0,,,,,,,,,,,,0.5309,2022-01-03T11:01:00+00:00,385,1745
summary,2022-01-05,AMZN,,,,,,,0.00,,0,,,,,,,,,,,,0.8645,2022-01-03T16:09:00+00:00,350,1303
summary,2022-01-06,QQQ,,,,,,,0.00,,0,,,,,,,,,,,,0.6862,2022-01-03T14:37:00+00:00,672,2922
summary,2022-01-06,AAPL,,,,,,,0.00,,0,,,,,,,,,,,,1.0000,2022-01-03T14:36:00+00:00,841,2962
summary,2022-01-06,MSFT,,,,,,,0.00,,0,,,,,,,,,,,,0.6808,2022-01-03T14:31:00+00:00,384,2340
summary,2022-01-06,AMZN,,,,,,,0.00,,0,,,,,,,,,,,,0.9685,2022-01-03T16:00:00+00:00,359,1695
summary,2022-01-07,QQQ,,,,,,,0.00,,0,,,,,,,,,,,,0.4470,2022-01-04T20:49:00+00:00,236,2972
summary,2022-01-07,AAPL,,,,,,,0.00,,0,,,,,,,,,,,,0.5892,2022-01-04T14:56:00+00:00,25,2940
summary,2022-01-07,MSFT,,,,,,,0.00,,0,,,,,,,,,,,,0.4246,2022-01-04T20:49:00+00:00,25,2413
summary,2022-01-07,AMZN,,,,,,,0.00,,0,,,,,,,,,,,,0.6746,2022-01-04T14:37:00+00:00,45,1704
summary,2022-01-10,QQQ,,,,,,,0.00,,0,,,,,,,,,,,,0.9103,2022-01-07T14:45:00+00:00,255,1130
summary,2022-01-10,AAPL,,,,,,,0.00,,0,,,,,,,,,,,,0.9397,2022-01-07T14:45:00+00:00,389,1130
summary,2022-01-10,MSFT,,,,,,,0.00,,0,,,,,,,,,,,,0.8914,2022-01-07T14:58:00+00:00,448,985
summary,2022-01-10,AMZN,,,,,,,0.00,,0,,,,,,,,,,,,0.9272,2022-01-07T14:46:00+00:00,271,841
summary,2022-01-11,QQQ,,,,,,,0.00,,0,,,,,,,,,,,,0.6733,2022-01-10T18:23:00+00:00,971,1546
summary,2022-01-11,AAPL,,,,,,,0.00,,0,,,,,,,,,,,,0.6348,2022-01-10T18:18:00+00:00,930,1472
summary,2022-01-11,MSFT,,,,,,,0.00,,0,,,,,,,,,,,,0.7303,2022-01-10T18:24:00+00:00,719,1203
trade,2022-01-11,AMZN,Long,2022-01-11T15:01:00+00:00,2022-01-11T15:56:00+00:00,3245.8385,3251.2293,1.14,6.14,0.001661,3300000,SessionClose,window:5m thrust,three_outside_up,0.7255,0.3177,0.6223,0.7742,0.6626,0.6176,0.0952,0.6626,,,
summary,2022-01-11,AMZN,,,,,,,6.14,,1,,,,,,,,,,,,0.8161,2022-01-10T18:53:00+00:00,562,865
summary,2022-01-12,QQQ,,,,,,,0.00,,0,,,,,,,,,,,,0.6733,2022-01-10T18:23:00+00:00,1587,2400
summary,2022-01-12,AAPL,,,,,,,0.00,,0,,,,,,,,,,,,0.6348,2022-01-10T18:18:00+00:00,1525,2282
summary,2022-01-12,MSFT,,,,,,,0.00,,0,,,,,,,,,,,,0.7303,2022-01-10T18:24:00+00:00,1156,1824
summary,2022-01-12,AMZN,,,,,,,0.00,,0,,,,,,,,,,,,0.8161,2022-01-10T18:53:00+00:00,785,1300
summary,2022-01-13,QQQ,,,,,,,0.00,,0,,,,,,,,,,,,0.6685,2022-01-10T18:23:00+00:00,2019,2979
summary,2022-01-13,AAPL,,,,,,,0.00,,0,,,,,,,,,,,,0.8583,2022-01-10T14:50:00+00:00,1972,2804
summary,2022-01-13,MSFT,,,,,,,0.00,,0,,,,,,,,,,,,0.7265,2022-01-10T18:24:00+00:00,1362,2270
trade,2022-01-13,AMZN,Long,2022-01-13T14:31:00+00:00,2022-01-13T15:01:00+00:00,3302.2296,3302.0041,1.12,-0.25,-0.000068,1800000,ScoreExit,window:5m thrust,bullish_engulfing,0.4318,-0.4218,-0.2191,0.6666,0.1794,-0.6998,-0.6460,0.1194,,,
summary,2022-01-13,AMZN,,,,,,,-0.25,,1,,,,,,,,,,,,0.8160,2022-01-10T18:53:00+00:00,881,1677
trade,2022-01-14,QQQ,Long,2022-01-14T14:42:00+00:00,2022-01-14T15:56:00+00:00,378.0684,377.7516,9.79,-3.10,-0.000838,4440000,SessionClose,window:5m thrust,,0.4114,0.0000,0.3878,0.6153,0.0116,0.4849,-0.1533,-0.0971,,,
summary,2022-01-14,QQQ,,,,,,,-3.10,,1,,,,,,,,,,,,0.9035,2022-01-11T15:05:00+00:00,1570,2994
trade,2022-01-14,AAPL,Long,2022-01-14T14:38:00+00:00,2022-01-14T15:56:00+00:00,172.1966,172.3433,21.50,3.15,0.000852,4680000,SessionClose,window:5m thrust,shooting_star,0.3746,0.0000,0.3764,0.5106,0.1021,0.3998,-0.1568,-0.0217,,,
summary,2022-01-14,AAPL,,,,,,,3.15,,1,,,,,,,,,,,,0.7629,2022-01-11T15:12:00+00:00,1512,2790
trade,2022-01-14,MSFT,Long,2022-01-14T14:36:00+00:00,2022-01-14T15:56:00+00:00,305.8867,308.3725,12.19,30.30,0.008126,4800000,SessionClose,window:5m thrust,shooting_star,0.4681,0.0000,0.3240,0.6906,0.0711,0.4934,-0.0412,-0.0044,,,
summary,2022-01-14,MSFT,,,,,,,30.30,,1,,,,,,,,,,,,0.8938,2022-01-11T15:05:00+00:00,1082,2396
summary,2022-01-14,AMZN,,,,,,,0.00,,0,,,,,,,,,,,,1.0000,2022-01-11T14:35:00+00:00,635,1694
summary,2022-01-17,QQQ,,,,,,,0.00,,0,,,,,,,,,,,,0.9074,2022-01-14T14:40:00+00:00,290,474
summary,2022-01-17,AAPL,,,,,,,0.00,,0,,,,,,,,,,,,0.8967,2022-01-14T14:55:00+00:00,227,475
summary,2022-01-17,MSFT,,,,,,,0.00,,0,,,,,,,,,,,,1.0000,2022-01-14T14:39:00+00:00,369,455
summary,2022-01-17,AMZN,,,,,,,0.00,,0,,,,,,,,,,,,1.0000,2022-01-14T14:35:00+00:00,195,409
trade,2022-01-18,QQQ,Long,2022-01-18T15:11:00+00:00,2022-01-18T15:38:00+00:00,376.1978,374.2427,9.83,-19.22,-0.005197,1620000,ScoreExit,window:candle reversal,shooting_star,0.5335,-0.0513,0.6104,0.2875,1.0000,-0.5089,-0.0625,0.1237,,,
summary,2022-01-18,QQQ,,,,,,,-19.22,,1,,,,,,,,,,,,0.6085,2022-01-18T15:29:00+00:00,211,701
trade,2022-01-18,AAPL,Long,2022-01-18T14:31:00+00:00,2022-01-18T15:46:00+00:00,171.9866,171.6135,21.50,-8.02,-0.002169,4500000,ScoreExit,window:candle reversal,shooting_star,0.4860,-0.0718,0.4658,0.3677,0.7293,-0.1754,-0.1657,0.1505,,,
summary,2022-01-18,AAPL,,,,,,,-8.02,,1,,,,,,,,,,,,0.6712,2022-01-18T10:13:00+00:00,203,660
summary,2022-01-18,MSFT,,,,,,,0.00,,0,,,,,,,,,,,,0.6814,2022-01-18T15:05:00+00:00,198,600
summary,2022-01-18,AMZN,,,,,,,0.00,,0,,,,,,,,,,,,0.9007,2022-01-18T13:00:00+00:00,148,425
trade,2022-01-19,QQQ,Long,2022-01-19T14:36:00+00:00,2022-01-19T15:21:00+00:00,372.7368,373.1230,9.89,3.82,0.001036,2700000,ScoreExit,window:candle reversal,shooting_star,0.3038,-0.0979,0.1173,0.3217,0.3302,-0.5140,-0.1504,0.1458,,,
summary,2022-01-19,QQQ,,,,,,,3.82,,1,,,,,,,,,,,,0.6085,2022-01-18T15:29:00+00:00,574,1592
trade,2022-01-19,AAPL,Long,2022-01-19T14:56:00+00:00,2022-01-19T15:56:00+00:00,170.6312,168.9343,21.64,-36.73,-0.009945,3600000,SessionClose,window:candle reversal,shooting_star,0.3545,0.0000,0.4912,0.3545,0.3090,0.2788,-0.3425,-0.1703,,,
summary,2022-01-19,AAPL,,,,,,,-36.73,,1,,,,,,,,,,,,0.6712,2022-01-18T10:13:00+00:00,418,1469
summary,2022-01-19,MSFT,,,,,,,0.00,,0,,,,,,,,,,,,0.8115,2022-01-19T14:57:00+00:00,573,1315
summary,2022-01-19,AMZN,,,,,,,0.00,,0,,,,,,,,,,,,0.9007,2022-01-18T13:00:00+00:00,288,857
summary,2022-01-20,QQQ,,,,,,,0.00,,0,,,,,,,,,,,,0.6085,2022-01-18T15:29:00+00:00,747,2509
trade,2022-01-20,AAPL,Long,2022-01-20T15:31:00+00:00,2022-01-20T15:56:00+00:00,169.3758,169.2143,21.65,-3.50,-0.000953,1500000,SessionClose,window:candle reversal,shooting_star,0.3385,0.0993,0.5166,0.3569,0.2422,0.1375,0.0260,0.2331,,,
summary,2022-01-20,AAPL,,,,,,,-3.50,,1,,,,,,,,,,,,0.6712,2022-01-18T10:13:00+00:00,584,2328
summary,2022-01-20,MSFT,,,,,,,0.00,,0,,,,,,,,,,,,0.8115,2022-01-19T14:57:00+00:00,907,2047
summary,2022-01-20,AMZN,,,,,,,0.00,,0,,,,,,,,,,,,0.9007,2022-01-18T13:00:00+00:00,289,1311
summary,2022-01-21,QQQ,,,,,,,0.00,,0,,,,,,,,,,,,0.9026,2022-01-18T15:10:00+00:00,569,3134
summary,2022-01-21,AAPL,,,,,,,0.00,,0,,,,,,,,,,,,0.7419,2022-01-18T15:29:00+00:00,398,2981
summary,2022-01-21,MSFT,,,,,,,0.00,,0,,,,,,,,,,,,1.0000,2022-01-18T14:38:00+00:00,792,2655
summary,2022-01-21,AMZN,,,,,,,0.00,,0,,,,,,,,,,,,0.9472,2022-01-18T15:11:00+00:00,262,1809
summary,2022-01-24,QQQ,,,,,,,0.00,,0,,,,,,,,,,,,0.9629,2022-01-21T15:50:00+00:00,315,1221
summary,2022-01-24,AAPL,,,,,,,0.00,,0,,,,,,,,,,,,0.9065,2022-01-21T14:31:00+00:00,249,1200
summary,2022-01-24,MSFT,,,,,,,0.00,,0,,,,,,,,,,,,1.0000,2022-01-21T14:31:00+00:00,357,1173
summary,2022-01-24,AMZN,,,,,,,0.00,,0,,,,,,,,,,,,1.0000,2022-01-21T14:33:00+00:00,283,956
summary,2022-01-25,QQQ,,,,,,,0.00,,0,,,,,,,,,,,,0.8441,2022-01-24T18:19:00+00:00,839,1668
trade,2022-01-25,AAPL,Long,2022-01-25T15:49:00+00:00,2022-01-25T15:56:00+00:00,159.7129,158.7774,22.74,-21.28,-0.005858,420000,SessionClose,window:strong core,hammer,0.4393,0.0427,0.5610,0.4871,0.3031,-0.4297,0.0848,0.1160,,,
summary,2022-01-25,AAPL,,,,,,,-21.28,,1,,,,,,,,,,,,0.7814,2022-01-24T20:59:00+00:00,623,1598
summary,2022-01-25,MSFT,,,,,,,0.00,,0,,,,,,,,,,,,0.9153,2022-01-24T18:16:00+00:00,730,1505
summary,2022-01-25,AMZN,,,,,,,0.00,,0,,,,,,,,,,,,0.9611,2022-01-24T20:33:00+00:00,397,976
trade,2022-01-26,QQQ,Long,2022-01-26T15:01:00+00:00,2022-01-26T15:21:00+00:00,352.9809,351.8994,10.52,-11.38,-0.003064,1200000,ScoreExit,window:strong core,hammer,0.4013,-0.0559,0.5744,0.4028,0.3407,-0.0165,-0.2608,0.3407,,,
summary,2022-01-26,QQQ,,,,,,,-11.38,,1,,,,,,,,,,,,0.8441,2022-01-24T18:19:00+00:00,1384,2620
summary,2022-01-26,AAPL,,,,,,,0.00,,0,,,,,,,,,,,,0.7814,2022-01-24T20:59:00+00:00,1190,2517
summary,2022-01-26,MSFT,,,,,,,0.00,,0,,,,,,,,,,,,0.9153,2022-01-24T18:16:00+00:00,1337,2442
summary,2022-01-26,AMZN,,,,,,,0.00,,0,,,,,,,,,,,,0.9611,2022-01-24T20:33:00+00:00,620,1528
summary,2022-01-27,QQQ,,,,,,,0.00,,0,,,,,,,,,,,,0.8476,2022-01-24T18:16:00+00:00,1863,3236
summary,2022-01-27,AAPL,,,,,,,0.00,,0,,,,,,,,,,,,0.8534,2022-01-24T14:39:00+00:00,1787,3101
summary,2022-01-27,MSFT,,,,,,,0.00,,0,,,,,,,,,,,,0.9268,2022-01-25T23:10:00+00:00,1929,2955
trade,2022-01-27,AMZN,Long,2022-01-27T14:41:00+00:00,2022-01-27T15:36:00+00:00,2804.0960,2832.2251,1.32,37.04,0.010031,3300000,ScoreExit,window:5m thrust,shooting_star,0.4001,-0.1913,0.0377,0.5809,0.1593,0.0426,-0.5401,0.4285,,,
summary,2022-01-27,AMZN,,,,,,,37.04,,1,,,,,,,,,,,,1.0000,2022-01-24T14:33:00+00:00,742,1889
trade,2022-01-28,QQQ,Long,2022-01-28T15:56:00+00:00,2022-01-28T15:57:00+00:00,343.9081,343.5319,10.67,-4.01,-0.001094,60000,SessionClose,window:5m thrust,three_outside_up,0.4969,0.4839,0.5532,0.6662,0.1396,0.4224,0.6662,0.1396,,,
summary,2022-01-28,QQQ,,,,,,,-4.01,,1,,,,,,,,,,,,0.8252,2022-01-25T15:29:00+00:00,1487,3242
trade,2022-01-28,AAPL,Long,2022-01-28T15:16:00+00:00,2022-01-28T15:56:00+00:00,165.6947,166.2251,22.47,11.92,0.003201,2400000,SessionClose,window:strong core,,0.5200,0.4730,0.5566,0.4820,0.5839,0.2239,0.4590,0.5839,,,
trade,2022-01-28,AAPL,Long,2022-01-28T15:58:00+00:00,2022-01-28T15:59:00+00:00,166.3349,166.5650,22.44,5.16,0.001384,60000,SessionClose,window:strong core,three_outside_up,0.4718,0.5059,0.2123,0.4590,0.5839,0.5529,0.4590,0.5839,,,
summary,2022-01-28,AAPL,,,,,,,17.08,,2,,,,,,,,,,,,0.9561,2022-01-25T15:48:00+00:00,2116,3148
trade,2022-01-28,MSFT,Long,2022-01-28T15:46:00+00:00,2022-01-28T15:56:00+00:00,298.3145,301.1646,12.54,35.75,0.009554,600000,SessionClose,window:5m thrust,bullish_engulfing,0.4425,0.5752,0.0762,0.5321,0.3854,0.5344,0.6770,0.3854,,,
trade,2022-01-28,MSFT,Long,2022-01-28T15:58:00+00:00,2022-01-28T15:59:00+00:00,301.5754,301.7844,12.50,2.61,0.000693,60000,SessionClose,window:5m thrust,three_outside_up,0.5776,0.5799,0.5578,0.6770,0.3854,0.5808,0.6770,0.3854,,,
summary,2022-01-28,MSFT,,,,,,,38.37,,2,,,,,,,,,,,,0.9736,2022-01-25T23:10:00+00:00,1933,2900
summary,2022-01-28,AMZN,,,,,,,0.00,,0,,,,,,,,,,,,0.9176,2022-01-26T11:06:00+00:00,703,1918
summary,2022-01-31,QQQ,,,,,,,0.00,,0,,,,,,,,,,,,0.9601,2022-01-28T15:54:00+00:00,1058,1177
trade,2022-01-31,AAPL,Long,2022-01-31T14:41:00+00:00,2022-01-31T15:56:00+00:00,171.6165,172.9231,21.56,28.17,0.007614,4500000,SessionClose,window:strong core,hammer,0.5678,0.3263,0.5647,0.4263,0.8519,0.4690,0.0927,0.7457,,,
summary,2022-01-31,AAPL,,,,,,,28.17,,1,,,,,,,,,,,,0.9588,2022-01-28T15:47:00+00:00,1117,1181
summary,2022-01-31,MSFT,,,,,,,0.00,,0,,,,,,,,,,,,0.9593,2022-01-28T15:50:00+00:00,898,1044
trade,2022-01-31,AMZN,Long,2022-01-31T14:31:00+00:00,2022-01-31T15:56:00+00:00,2909.0754,2953.9535,1.27,56.84,0.015427,5100000,SessionClose,window:strong core,,0.7854,0.5559,0.6434,0.8139,0.7756,0.8167,0.3542,0.8722,,,
summary,2022-01-31,AMZN,,,,,,,56.84,,1,,,,,,,,,,,,0.9152,2022-01-28T15:59:00+00:00,650,863
summary,2022-02-01,QQQ,,,,,,,0.00,,0,,,,,,,,,,,,0.7650,2022-01-31T15:09:00+00:00,1244,1590
summary,2022-02-01,AAPL,,,,,,,0.00,,0,,,,,,,,,,,,0.7084,2022-01-31T15:00:00+00:00,1074,1521
summary,2022-02-01,MSFT,,,,,,,0.00,,0,,,,,,,,,,,,0.7466,2022-01-31T15:08:00+00:00,422,1252
summary,2022-02-01,AMZN,,,,,,,0.00,,0,,,,,,,,,,,,0.8319,2022-01-31T14:40:00+00:00,693,861
summary,2022-02-02,QQQ,,,,,,,0.00,,0,,,,,,,,,,,,0.7650,2022-01-31T15:09:00+00:00,1923,2496
summary,2022-02-02,AAPL,,,,,,,0.00,,0,,,,,,,,,,,,0.7084,2022-01-31T15:00:00+00:00,1651,2400
trade,2022-02-02,MSFT,Long,2022-02-02T14:36:00+00:00,2022-02-02T15:52:00+00:00,311.1483,312.5912,11.85,17.10,0.004637,4560000,ScoreExit,window:strong core,shooting_star,0.4319,-0.0532,0.5076,0.4075,0.4555,-0.1979,-0.2442,0.3772,,,
summary,2022-02-02,MSFT,,,,,,,17.10,,1,,,,,,,,,,,,0.7466,2022-01-31T15:08:00+00:00,988,2025
summary,2022-02-02,AMZN,,,,,,,0.00,,0,,,,,,,,,,,,0.8659,2022-02-01T21:12:00+00:00,989,1412
summary,2022-02-03,QQQ,,,,,,,0.00,,0,,,,,,,,,,,,0.9651,2022-01-31T14:41:00+00:00,1865,3129
trade,2022-02-03,AAPL,Long,2022-02-03T15:21:00+00:00,2022-02-03T15:47:00+00:00,175.8055,175.3174,20.96,-10.23,-0.002777,1560000,ScoreExit,window:candle reversal,shooting_star,0.3656,-0.0507,0.5365,0.3749,0.2901,-0.5682,-0.1349,0.2901,,,
summary,2022-02-03,AAPL,,,,,,,-10.23,,1,,,,,,,,,,,,1.0000,2022-01-31T14:40:00+00:00,2033,2987
summary,2022-02-03,MSFT,,,,,,,0.00,,0,,,,,,,,,,,,0.9104,2022-01-31T14:55:00+00:00,1094,2607
summary,2022-02-03,AMZN,,,,,,,0.00,,0,,,,,,,,,,,,1.0000,2022-01-31T14:34:00+00:00,989,1975
summary,2022-02-04,QQQ,,,,,,,0.00,,0,,,,,,,,,,,,0.6603,2022-02-01T21:29:00+00:00,1236,3159
summary,2022-02-04,AAPL,,,,,,,0.00,,0,,,,,,,,,,,,0.7523,2022-02-01T15:59:00+00:00,1667,3023
trade,2022-02-04,MSFT,Long,2022-02-04T14:48:00+00:00,2022-02-04T15:34:00+00:00,303.5660,303.7638,12.15,2.40,0.000652,2760000,ScoreExit,window:5m thrust,shooting_star,0.4125,-0.0512,0.3577,0.5661,0.1235,-0.5513,-0.0232,0.0594,,,
summary,2022-02-04,MSFT,,,,,,,2.40,,1,,,,,,,,,,,,0.6550,2022-02-02T15:01:00+00:00,1307,2707
trade,2022-02-04,AMZN,Long,2022-02-04T15:06:00+00:00,2022-02-04T15:56:00+00:00,3108.9674,3111.0164,1.18,2.42,0.000659,3000000,SessionClose,window:candle reversal,shooting_star,0.5979,0.5176,0.8518,0.5759,0.5573,0.4782,0.5043,0.5573,,,
trade,2022-02-04,AMZN,Long,2022-02-04T15:58:00+00:00,2022-02-04T15:59:00+00:00,3112.3084,3110.5416,1.18,-2.08,-0.000568,60000,SessionClose,window:strong core,shooting_star,0.5051,0.4822,0.3527,0.5043,0.5573,0.1238,0.5043,0.5573,,,
summary,2022-02-04,AMZN,,,,,,,0.34,,2,,,,,,,,,,,,0.9106,2022-02-01T21:12:00+00:00,1032,2343
trade,2022-02-07,QQQ,Long,2022-02-07T14:51:00+00:00,2022-02-07T15:49:00+00:00,360.1680,358.4274,10.29,-17.92,-0.004833,3480000,ScoreExit,window:candle reversal,bearish_engulfing,0.4728,-0.0626,0.3190,0.4319,0.6057,-0.5040,-0.2612,0.4816,,,
summary,2022-02-07,QQQ,,,,,,,-17.92,,1,,,,,,,,,,,,0.9369,2022-02-04T14:45:00+00:00,810,1160
trade,2022-02-07,AAPL,Long,2022-02-07T14:51:00+00:00,2022-02-07T15:51:00+00:00,173.4870,172.8881,21.26,-12.74,-0.003452,3600000,ScoreExit,window:candle reversal,bearish_engulfing,0.4095,-0.0658,0.2595,0.3485,0.5813,-0.5568,-0.1976,0.3614,,,
summary,2022-02-07,AAPL,,,,,,,-12.74,,1,,,,,,,,,,,,0.8932,2022-02-04T15:00:00+00:00,703,1074
summary,2022-02-07,MSFT,,,,,,,0.00,,0,,,,,,,,,,,,1.0000,2022-02-04T14:41:00+00:00,473,950
summary,2022-02-07,AMZN,,,,,,,0.00,,0,,,,,,,,,,,,0.9635,2022-02-04T15:08:00+00:00,660,915
summary,2022-02-08,QQQ,,,,,,,0.00,,0,,,,,,,,,,,,0.5774,2022-02-07T14:54:00+00:00,528,1508
trade,2022-02-08,AAPL,Long,2022-02-08T15:51:00+00:00,2022-02-08T15:56:00+00:00,172.6568,172.6331,21.52,-0.51,-0.000137,300000,SessionClose,window:candle reversal,shooting_star,0.3422,0.3256,0.4161,0.3609,0.2803,0.3045,0.3415,0.3009,,,
summary,2022-02-08,AAPL,,,,,,,-0.51,,1,,,,,,,,,,,,0.6844,2022-02-07T10:48:00+00:00,622,1353
summary,2022-02-08,MSFT,,,,,,,0.00,,0,,,,,,,,,,,,0.8624,2022-02-07T12:34:00+00:00,386,1166
trade,2022-02-08,AMZN,Long,2022-02-08T15:37:00+00:00,2022-02-08T15:56:00+00:00,3126.6127,3171.3233,1.20,53.48,0.014300,1140000,SessionClose,window:5m thrust,evening_star,0.3934,0.4995,0.3604,0.5504,0.0903,0.7369,0.6432,0.1330,,,
trade,2022-02-08,AMZN,Long,2022-02-08T15:58:00+00:00,2022-02-08T15:59:00+00:00,3166.7747,3167.0746,1.19,0.36,0.000095,60000,SessionClose,window:5m thrust,,0.4138,0.4183,0.0085,0.6432,0.0903,0.0533,0.6432,0.0903,,,
summary,2022-02-08,AMZN,,,,,,,53.83,,2,,,,,,,,,,,,0.9348,2022-02-07T14:42:00+00:00,413,898
summary,2022-02-09,QQQ,,,,,,,0.00,,0,,,,,,,,,,,,0.5774,2022-02-07T14:54:00+00:00,1256,2382
summary,2022-02-09,AAPL,,,,,,,0.00,,0,,,,,,,,,,,,0.6844,2022-02-07T10:48:00+00:00,1257,2154
trade,2022-02-09,MSFT,Long,2022-02-09T14:36:00+00:00,2022-02-09T15:12:00+00:00,309.6179,308.9623,11.97,-7.85,-0.002117,2160000,ScoreExit,window:strong core,hammer,0.4272,-0.0625,-0.1493,0.4811,0.5115,-0.3976,-0.2681,0.4604,,,
summary,2022-02-09,MSFT,,,,,,,-7.85,,1,,,,,,,,,,,,0.8624,2022-02-07T12:34:00+00:00,965,1819
summary,2022-02-09,AMZN,,,,,,,0.00,,0,,,,,,,,,,,,0.9348,2022-02-07T14:42:00+00:00,651,1344
trade,2022-02-10,QQQ,Long,2022-02-10T14:56:00+00:00,2022-02-10T15:56:00+00:00,364.0342,364.0657,10.16,0.32,0.000087,3600000,SessionClose,window:candle reversal,shooting_star,0.4264,-0.0482,0.5826,0.5082,0.2106,-0.5078,-0.1092,0.2272,,,
summary,2022-02-10,QQQ,,,,,,,0.32,,1,,,,,,,,,,,,0.7790,2022-02-07T14:41:00+00:00,1470,2940
summary,2022-02-10,AAPL,,,,,,,0.00,,0,,,,,,,,,,,,0.8792,2022-02-07T14:42:00+00:00,1405,2687
trade,2022-02-10,MSFT,Long,2022-02-10T15:01:00+00:00,2022-02-10T15:54:00+00:00,307.0871,306.8129,12.04,-3.30,-0.000893,3180000,ScoreExit,window:5m thrust,,0.3757,-0.0597,-0.1406,0.5805,0.1383,-0.5897,-0.0634,0.1245,,,
summary,2022-02-10,MSFT,,,,,,,-3.30,,1,,,,,,,,,,,,0.6037,2022-02-07T14:32:00+00:00,1047,2299
trade,2022-02-10,AMZN,Long,2022-02-10T15:06:00+00:00,2022-02-10T15:56:00+00:00,3196.3814,3192.1371,1.16,-4.92,-0.001328,3000000,SessionClose,window:5m thrust,hammer,0.5130,0.0000,0.5939,0.7456,0.0210,-0.7464,0.2269,-0.0048,,,
summary,2022-02-10,AMZN,,,,,,,-4.92,,1,,,,,,,,,,,,1.0000,2022-02-07T14:34:00+00:00,719,1738
summary,2022-02-11,QQQ,,,,,,,0.00,,0,,,,,,,,,,,,0.9564,2022-02-08T15:53:00+00:00,1618,2975
summary,2022-02-11,AAPL,,,,,,,0.00,,0,,,,,,,,,,,,0.9526,2022-02-08T16:02:00+00:00,1501,2725
summary,2022-02-11,MSFT,,,,,,,0.00,,0,,,,,,,,,,,,0.9559,2022-02-08T16:02:00+00:00,1115,2307
summary,2022-02-11,AMZN,,,,,,,0.00,,0,,,,,,,,,,,,0.9818,2022-02-08T15:44:00+00:00,701,1734
summary,2022-02-14,QQQ,,,,,,,0.00,,0,,,,,,,,,,,,0.7595,2022-02-11T14:46:00+00:00,190,1195
summary,2022-02-14,AAPL,,,,,,,0.00,,0,,,,,,,,,,,,0.5988,2022-02-11T14:46:00+00:00,417,1164
summary,2022-02-14,MSFT,,,,,,,0.00,,0,,,,,,,,,,,,0.8113,2022-02-11T14:46:00+00:00,318,1076
trade,2022-02-14,AMZN,Long,2022-02-14T14:45:00+00:00,2022-02-14T15:56:00+00:00,3059.0624,3127.0966,1.21,82.10,0.022240,4260000,SessionClose,window:5m thrust,shooting_star,0.3956,0.5870,0.1178,0.5538,0.1717,0.0354,0.5017,0.9414,,,
trade,2022-02-14,AMZN,Long,2022-02-14T15:58:00+00:00,2022-02-14T15:59:00+00:00,3120.9410,3119.6888,1.20,-1.51,-0.000401,60000,SessionClose,window:strong core,,0.5231,0.5411,-0.6030,0.5017,0.9414,-0.4235,0.5017,0.9414,,,
summary,2022-02-14,AMZN,,,,,,,80.60,,2,,,,,,,,,,,,0.8624,2022-02-14T15:49:00+00:00,318,871
summary,2022-02-15,QQQ,,,,,,,0.00,,0,,,,,,,,,,,,0.7142,2022-02-15T09:18:00+00:00,1203,1601
summary,2022-02-15,AAPL,,,,,,,0.00,,0,,,,,,,,,,,,0.6744,2022-02-14T13:01:00+00:00,1102,1452
summary,2022-02-15,MSFT,,,,,,,0.00,,0,,,,,,,,,,,,0.8205,2022-02-14T10:23:00+00:00,917,1243
summary,2022-02-15,AMZN,,,,,,,0.00,,0,,,,,,,,,,,,1.0000,2022-02-14T12:40:00+00:00,551,899
summary,2022-02-16,QQQ,,,,,,,0.00,,0,,,,,,,,,,,,0.7142,2022-02-15T09:18:00+00:00,1780,2458
summary,2022-02-16,AAPL,,,,,,,0.00,,0,,,,,,,,,,,,0.6744,2022-02-14T13:01:00+00:00,1567,2193
summary,2022-02-16,MSFT,,,,,,,0.00,,0,,,,,,,,,,,,0.8205,2022-02-14T10:23:00+00:00,1214,1802
trade,2022-02-16,AMZN,Long,2022-02-16T15:11:00+00:00,2022-02-16T15:56:00+00:00,3120.9210,3128.3862,1.20,8.97,0.002392,2700000,SessionClose,window:5m thrust,,0.3670,0.3286,0.0448,0.5561,0.0963,0.3986,0.3940,0.1743,,,
summary,2022-02-16,AMZN,,,,,,,8.97,,1,,,,,,,,,,,,1.0000,2022-02-14T12:40:00+00:00,828,1337
summary,2022-02-17,QQQ,,,,,,,0.00,,0,,,,,,,,,,,,0.8970,2022-02-14T14:52:00+00:00,1818,3001
summary,2022-02-17,AAPL,,,,,,,0.00,,0,,,,,,,,,,,,0.8932,2022-02-14T14:49:00+00:00,1633,2636
summary,2022-02-17,MSFT,,,,,,,0.00,,0,,,,,,,,,,,,0.9077,2022-02-14T14:51:00+00:00,1117,2204
trade,2022-02-17,AMZN,Long,2022-02-17T14:31:00+00:00,2022-02-17T15:21:00+00:00,3171.8763,3169.5538,1.17,-2.73,-0.000732,3000000,ScoreExit,window:5m thrust,,0.6509,-0.1406,0.6652,0.7748,0.3983,-0.8327,-0.2303,0.2697,,,
summary,2022-02-17,AMZN,,,,,,,-2.73,,1,,,,,,,,,,,,0.9826,2022-02-14T15:49:00+00:00,850,1775
summary,2022-02-18,QQQ,,,,,,,0.00,,0,,,,,,,,,,,,0.8717,2022-02-15T15:49:00+00:00,1008,3000
summary,2022-02-18,AAPL,,,,,,,0.00,,0,,,,,,,,,,,,0.7223,2022-02-15T15:49:00+00:00,796,2634
summary,2022-02-18,MSFT,,,,,,,0.00,,0,,,,,,,,,,,,0.8630,2022-02-15T15:49:00+00:00,363,2209
summary,2022-02-18,AMZN,,,,,,,0.00,,0,,,,,,,,,,,,0.7369,2022-02-16T22:07:00+00:00,446,1752
summary,2022-02-21,QQQ,,,,,,,0.00,,0,,,,,,,,,,,,0.7418,2022-02-18T14:54:00+00:00,62,506
summary,2022-02-21,AAPL,,,,,,,0.00,,0,,,,,,,,,,,,0.4940,2022-02-18T19:31:00+00:00,33,501
summary,2022-02-21,MSFT,,,,,,,0.00,,0,,,,,,,,,,,,0.3679,2022-02-18T19:31:00+00:00,17,472
summary,2022-02-21,AMZN,,,,,,,0.00,,0,,,,,,,,,,,,0.7900,2022-02-18T20:01:00+00:00,47,438
trade,2022-02-22,QQQ,Long,2022-02-22T14:46:00+00:00,2022-02-22T15:42:00+00:00,341.3474,341.3526,10.94,0.06,0.000015,3360000,ScoreExit,window:strong core,shooting_star,0.6505,-0.0689,0.6000,0.4842,1.0000,-0.5999,-0.1468,0.2639,,,
summary,2022-02-22,QQQ,,,,,,,0.06,,1,,,,,,,,,,,,0.9584,2022-02-22T10:23:00+00:00,389,717
trade,2022-02-22,AAPL,Long,2022-02-22T15:21:00+00:00,2022-02-22T15:42:00+00:00,166.1048,165.4254,22.48,-15.27,-0.004091,1260000,ScoreExit,window:candle reversal,shooting_star,0.4443,-0.1111,0.2939,0.2365,0.9102,-0.5861,-0.1222,0.0693,,,
summary,2022-02-22,AAPL,,,,,,,-15.27,,1,,,,,,,,,,,,0.9584,2022-02-22T10:24:00+00:00,343,675
trade,2022-02-22,MSFT,Long,2022-02-22T14:41:00+00:00,2022-02-22T15:56:00+00:00,286.8010,288.4584,13.00,21.55,0.005779,4500000,SessionClose,window:strong core,shooting_star,0.5826,-0.0375,0.4299,0.4748,0.8490,-0.4673,-0.3043,0.6394,,,
summary,2022-02-22,MSFT,,,,,,,21.55,,1,,,,,,,,,,,,0.9613,2022-02-22T10:39:00+00:00,294,608
trade,2022-02-22,AMZN,Long,2022-02-22T14:51:00+00:00,2022-02-22T15:07:00+00:00,3040.7069,3025.6175,1.21,-18.31,-0.004962,960000,ScoreExit,window:strong core,,0.7111,-0.0725,0.6522,0.5765,1.0000,-0.6193,-0.0608,0.0862,,,
trade,2022-02-22,AMZN,Long,2022-02-22T15:11:00+00:00,2022-02-22T15:41:00+00:00,3032.6645,3039.5629,1.21,8.36,0.002275,1800000,ScoreExit,window:strong core,hammer,0.3970,-0.1345,0.0758,0.4166,0.4649,-0.7618,-0.4147,0.6349,,,
summary,2022-02-22,AMZN,,,,,,,-9.95,,2,,,,,,,,,,,,1.0000,2022-02-22T10:23:00+00:00,149,438
summary,2022-02-23,QQQ,,,,,,,0.00,,0,,,,,,,,,,,,0.9584,2022-02-22T10:23:00+00:00,898,1655
summary,2022-02-23,AAPL,,,,,,,0.00,,0,,,,,,,,,,,,0.9584,2022-02-22T10:24:00+00:00,721,1469
summary,2022-02-23,MSFT,,,,,,,0.00,,0,,,,,,,,,,,,0.9613,2022-02-22T10:39:00+00:00,548,1195
summary,2022-02-23,AMZN,,,,,,,0.00,,0,,,,,,,,,,,,1.0000,2022-02-22T10:23:00+00:00,171,862
trade,2022-02-24,QQQ,Long,2022-02-24T15:09:00+00:00,2022-02-24T15:56:00+00:00,324.9197,328.4864,11.45,40.83,0.010977,2820000,SessionClose,window:5m thrust,shooting_star,0.3744,0.2620,0.4022,0.5023,0.1093,0.5854,0.2845,0.1093,,,
summary,2022-02-24,QQQ,,,,,,,40.83,,1,,,,,,,,,,,,0.9584,2022-02-22T10:23:00+00:00,1193,2612
summary,2022-02-24,AAPL,,,,,,,0.00,,0,,,,,,,,,,,,0.9584,2022-02-22T10:24:00+00:00,949,2415
trade,2022-02-24,MSFT,Long,2022-02-24T14:36:00+00:00,2022-02-24T15:56:00+00:00,274.9174,282.8701,13.59,108.10,0.028927,4800000,SessionClose,window:5m thrust,shooting_star,0.4797,0.3496,0.4314,0.7012,0.0528,0.5607,0.3389,0.3004,,,
trade,2022-02-24,MSFT,Long,2022-02-24T15:59:00+00:00,2022-02-24T16:00:00+00:00,282.6798,282.6902,13.50,0.14,0.000037,60000,SessionClose,window:candle reversal,shooting_star,0.3015,0.3092,0.1280,0.3389,0.2845,0.2048,0.3389,0.2845,,,
summary,2022-02-24,MSFT,,,,,,,108.24,,2,,,,,,,,,,,,0.9613,2022-02-22T10:39:00+00:00,935,2011
trade,2022-02-24,AMZN,Long,2022-02-24T15:06:00+00:00,2022-02-24T15:56:00+00:00,2830.8740,2926.8095,1.30,124.32,0.033889,3000000,SessionClose,window:5m thrust,bullish_engulfing,0.4023,0.6683,-0.5887,0.6268,0.2835,0.8471,0.8309,0.2835,,,
trade,2022-02-24,AMZN,Long,2022-02-24T15:58:00+00:00,2022-02-24T15:59:00+00:00,2937.3159,2925.1172,1.28,-15.63,-0.004153,60000,SessionClose,window:candle reversal,shooting_star,0.6668,0.6121,0.8320,0.8309,0.2835,0.2848,0.8309,0.2835,,,
summary,2022-02-24,AMZN,,,,,,,108.69,,2,,,,,,,,,,,,1.0000,2022-02-22T10:23:00+00:00,460,1386
trade,2022-02-25,QQQ,Long,2022-02-25T15:41:00+00:00,2022-02-25T15:56:00+00:00,341.1923,343.0321,10.91,20.08,0.005392,900000,SessionClose,window:strong core,bullish_engulfing,0.4406,0.4354,0.2381,0.4604,0.4684,0.3647,0.4307,0.4684,,,
trade,2022-02-25,QQQ,Long,2022-02-25T15:58:00+00:00,2022-02-25T15:59:00+00:00,343.5380,343.2620,10.88,-3.00,-0.000804,60000,SessionClose,window:strong core,three_outside_up,0.4471,0.4434,0.4815,0.4307,0.4684,0.4447,0.4307,0.4684,,,
summary,2022-02-25,QQQ,,,,,,,17.07,,2,,,,,,,,,,,,0.9410,2022-02-22T14:46:00+00:00,1651,3208
trade,2022-02-25,AAPL,Long,2022-02-25T15:46:00+00:00,2022-02-25T15:56:00+00:00,162.6438,163.0561,22.67,9.35,0.002535,600000,SessionClose,window:strong core,,0.4242,0.3983,0.5737,0.4173,0.3881,0.2945,0.4208,0.3881,,,
trade,2022-02-25,AAPL,Long,2022-02-25T15:58:00+00:00,2022-02-25T15:59:00+00:00,163.4440,163.3560,22.60,-1.99,-0.000539,60000,SessionClose,window:candle reversal,shooting_star,0.4189,0.4187,0.4997,0.4208,0.3881,0.4981,0.4208,0.3881,,,
summary,2022-02-25,AAPL,,,,,,,7.36,,2,,,,,,,,,,,,0.9001,2022-02-22T14:49:00+00:00,1354,2975
trade,2022-02-25,MSFT,Long,2022-02-25T15:46:00+00:00,2022-02-25T15:56:00+00:00,295.6337,295.2364,12.78,-5.08,-0.001344,600000,SessionClose,window:strong core,,0.4550,0.1939,0.5423,0.4108,0.5142,-0.3207,0.1194,0.5142,,,
summary,2022-02-25,MSFT,,,,,,,-5.08,,1,,,,,,,,,,,,1.0000,2022-02-22T14:36:00+00:00,1320,2479
trade,2022-02-25,AMZN,Long,2022-02-25T15:26:00+00:00,2022-02-25T15:56:00+00:00,3025.6324,3045.8410,1.25,25.18,0.006679,1800000,SessionClose,window:strong core,three_outside_up,0.6357,0.5836,0.8295,0.6452,0.5521,0.1548,0.6707,0.5521,,,
trade,2022-02-25,AMZN,Long,2022-02-25T15:58:00+00:00,2022-02-25T15:59:00+00:00,3049.7296,3047.0906,1.24,-3.28,-0.000865,60000,SessionClose,window:5m thrust,evening_star,0.5869,0.5976,0.1880,0.6707,0.5521,0.2949,0.6707,0.5521,,,
summary,2022-02-25,AMZN,,,,,,,21.90,,2,,,,,,,,,,,,0.9542,2022-02-22T15:12:00+00:00,734,1805
trade,2022-02-28,QQQ,Long,2022-02-28T14:31:00+00:00,2022-02-28T15:12:00+00:00,343.8281,342.6422,10.80,-12.81,-0.003449,2460000,ScoreExit,window:strong core,shooting_star,0.4530,-0.0886,0.5614,0.4788,0.3651,-0.5973,-0.1614,0.2264,,,
trade,2022-02-28,QQQ,Long,2022-02-28T15:41:00+00:00,2022-02-28T15:56:00+00:00,346.1888,346.4710,10.70,3.02,0.000815,900000,SessionClose,window:strong core,,0.5396,0.4719,0.5401,0.4946,0.6294,0.1953,0.4394,0.6294,,,
trade,2022-02-28,QQQ,Long,2022-02-28T15:58:00+00:00,2022-02-28T15:59:00+00:00,346.6190,346.6670,10.70,0.51,0.000139,60000,SessionClose,window:strong core,shooting_star,0.4512,0.4704,-0.0118,0.4394,0.6294,0.1799,0.4394,0.6294,,,
summary,2022-02-28,QQQ,,,,,,,-9.28,,3,,,,,,,,,,,,0.9610,2022-02-25T15:47:00+00:00,769,1221
trade,2022-02-28,AAPL,Long,2022-02-28T14:31:00+00:00,2022-02-28T15:11:00+00:00,163.6641,163.7009,22.70,0.83,0.000225,2400000,ScoreExit,window:candle reversal,shooting_star,0.3600,-0.0538,0.5169,0.3836,0.2606,-0.5188,-0.1599,0.3135,,,
trade,2022-02-28,AAPL,Long,2022-02-28T15:46:00+00:00,2022-02-28T15:56:00+00:00,164.7444,164.7356,22.56,-0.20,-0.000054,600000,SessionClose,window:candle reversal,shooting_star,0.3675,0.4227,0.4591,0.1973,0.6772,0.4182,0.2962,0.6772,,,
summary,2022-02-28,AAPL,,,,,,,0.64,,2,,,,,,,,,,,,0.9586,2022-02-25T15:47:00+00:00,755,1131
trade,2022-02-28,MSFT,Long,2022-02-28T14:31:00+00:00,2022-02-28T15:11:00+00:00,296.0538,294.9165,12.52,-14.24,-0.003842,2400000,ScoreExit,window:strong core,shooting_star,0.5310,-0.1366,0.5998,0.6228,0.3245,-0.5876,-0.1746,0.0899,,,
trade,2022-02-28,MSFT,Long,2022-02-28T15:41:00+00:00,2022-02-28T15:56:00+00:00,296.7040,296.7959,12.46,1.15,0.000310,900000,SessionClose,window:strong core,,0.4426,0.3145,0.5734,0.4071,0.4699,-0.0769,0.2720,0.5299,,,
trade,2022-02-28,MSFT,Long,2022-02-28T15:58:00+00:00,2022-02-28T15:59:00+00:00,296.9441,296.9159,12.46,-0.35,-0.000095,60000,SessionClose,window:candle reversal,shooting_star,0.3082,0.3270,-0.1364,0.2720,0.5287,-0.0225,0.2720,0.5533,,,
summary,2022-02-28,MSFT,,,,,,,-13.44,,3,,,,,,,,,,,,0.8986,2022-02-25T15:11:00+00:00,629,980
trade,2022-02-28,AMZN,Long,2022-02-28T14:31:00+00:00,2022-02-28T14:41:00+00:00,3064.4641,3037.1536,1.21,-33.04,-0.008912,600000,ScoreExit,window:strong core,three_outside_up,0.5937,-0.1892,0.7933,0.5697,0.5751,-0.7801,-0.1883,0.0059,,,
trade,2022-02-28,AMZN,Long,2022-02-28T14:59:00+00:00,2022-02-28T15:04:00+00:00,3054.0842,3038.3482,1.21,-19.00,-0.005152,300000,ScoreExit,window:strong core,hammer,0.4466,-0.0710,0.8104,0.4360,0.3466,-0.6350,-0.0724,0.1198,,,
trade,2022-02-28,AMZN,Long,2022-02-28T15:36:00+00:00,2022-02-28T15:56:00+00:00,3043.5678,3073.7076,1.21,36.38,0.009903,1200000,SessionClose,window:5m thrust,,0.5619,0.6092,0.5501,0.7317,0.2262,0.1166,0.6695,0.6529,,,
trade,2022-02-28,AMZN,Long,2022-02-28T15:58:00+00:00,2022-02-28T15:59:00+00:00,3072.3664,3074.2325,1.20,2.25,0.000607,60000,SessionClose,window:candle reversal,shooting_star,0.5731,0.6082,-0.2451,0.6695,0.6529,0.1063,0.6695,0.6529,,,
summary,2022-02-28,AMZN,,,,,,,-13.41,,4,,,,,,,,,,,,0.9834,2022-02-25T15:47:00+00:00,572,853
summary,2022-03-01,QQQ,,,,,,,0.00,,0,,,,,,,,,,,,0.8053,2022-02-28T09:09:00+00:00,847,1612
trade,2022-03-01,AAPL,Long,2022-03-01T14:31:00+00:00,2022-03-01T15:41:00+00:00,165.2246,165.3654,22.37,3.15,0.000852,4200000,ScoreExit,window:strong core,shooting_star,0.4880,-0.0848,0.5039,0.4203,0.6182,-0.5499,-0.3156,0.5317,,,
summary,2022-03-01,AAPL,,,,,,,3.15,,1,,,,,,,,,,,,0.9316,2022-02-28T09:08:00+00:00,792,1403
trade,2022-03-01,MSFT,Long,2022-03-01T15:21:00+00:00,2022-03-01T15:41:00+00:00,299.4648,298.6054,12.37,-10.63,-0.002870,1200000,ScoreExit,window:strong core,,0.4357,-0.0585,0.5228,0.4196,0.4391,-0.5297,-0.2288,0.4391,,,
summary,2022-03-01,MSFT,,,,,,,-10.63,,1,,,,,,,,,,,,0.7280,2022-02-28T12:07:00+00:00,518,1120
trade,2022-03-01,AMZN,Long,2022-03-01T14:39:00+00:00,2022-03-01T14:44:00+00:00,3062.9636,3054.0785,1.21,-10.79,-0.002901,300000,ScoreExit,window:strong core,hammer,0.4596,-0.0550,0.7114,0.4901,0.3148,-0.2721,-0.1279,0.1633,,,
trade,2022-03-01,AMZN,Long,2022-03-01T15:06:00+00:00,2022-03-01T15:51:00+00:00,3068.3052,3059.4719,1.21,-10.70,-0.002879,2700000,ScoreExit,window:candle reversal,shooting_star,0.3552,-0.1726,0.4692,0.3398,0.3482,-0.5981,-0.3031,0.2301,,,
summary,2022-03-01,AMZN,,,,,,,-21.49,,2,,,,,,,,,,,,0.9306,2022-02-28T12:27:00+00:00,280,857
summary,2022-03-02,QQQ,,,,,,,0.00,,0,,,,,,,,,,,,0.8053,2022-02-28T09:09:00+00:00,1261,2491
summary,2022-03-02,AAPL,,,,,,,0.00,,0,,,,,,,,,,,,0.9316,2022-02-28T09:08:00+00:00,1180,2179
summary,2022-03-02,MSFT,,,,,,,0.00,,0,,,,,,,,,,,,0.7280,2022-02-28T12:07:00+00:00,938,1702
summary,2022-03-02,AMZN,,,,,,,0.00,,0,,,,,,,,,,,,0.9306,2022-02-28T12:27:00+00:00,452,1296
summary,2022-03-03,QQQ,,,,,,,0.00,,0,,,,,,,,,,,,0.9598,2022-02-28T15:42:00+00:00,1396,3025
summary,2022-03-03,AAPL,,,,,,,0.00,,0,,,,,,,,,,,,0.9527,2022-02-28T15:56:00+00:00,1516,2670
summary,2022-03-03,MSFT,,,,,,,0.00,,0,,,,,,,,,,,,0.9601,2022-02-28T15:42:00+00:00,1092,2168
summary,2022-03-03,AMZN,,,,,,,0.00,,0,,,,,,,,,,,,0.9847,2022-02-28T15:41:00+00:00,414,1675
summary,2022-03-04,QQQ,,,,,,,0.00,,0,,,,,,,,,,,,0.7714,2022-03-01T15:21:00+00:00,934,3036
summary,2022-03-04,AAPL,,,,,,,0.00,,0,,,,,,,,,,,,0.9842,2022-03-01T14:36:00+00:00,1139,2699
summary,2022-03-04,MSFT,,,,,,,0.00,,0,,,,,,,,,,,,0.8982,2022-03-01T14:50:00+00:00,682,2171
summary,2022-03-04,AMZN,,,,,,,0.00,,0,,,,,,,,,,,,0.9545,2022-03-01T15:21:00+00:00,326,1701
summary,2022-03-07,QQQ,,,,,,,0.00,,0,,,,,,,,,,,,0.6248,2022-03-04T18:04:00+00:00,155,1185
trade,2022-03-07,AAPL,Long,2022-03-07T14:31:00+00:00,2022-03-07T14:56:00+00:00,164.5844,163.3460,22.50,-27.86,-0.007524,1500000,ScoreExit,window:candle reversal,shooting_star,0.4640,-0.1126,0.5932,0.3489,0.6511,-0.2943,-0.2853,0.2934,,,
summary,2022-03-07,AAPL,,,,,,,-27.86,,1,,,,,,,,,,,,0.5943,2022-03-04T18:07:00+00:00,327,1151
summary,2022-03-07,MSFT,,,,,,,0.00,,0,,,,,,,,,,,,0.7062,2022-03-04T17:17:00+00:00,249,998
summary,2022-03-07,AMZN,,,,,,,0.00,,0,,,,,,,,,,,,0.8125,2022-03-04T18:03:00+00:00,213,840
summary,2022-03-08,QQQ,,,,,,,0.00,,0,,,,,,,,,,,,0.8269,2022-03-08T17:18:00+00:00,356,1611
summary,2022-03-08,AAPL,,,,,,,0.00,,0,,,,,,,,,,,,0.7650,2022-03-08T17:44:00+00:00,386,1540
summary,2022-03-08,MSFT,,,,,,,0.00,,0,,,,,,,,,,,,0.8851,2022-03-08T17:18:00+00:00,397,1267
summary,2022-03-08,AMZN,,,,,,,0.00,,0,,,,,,,,,,,,1.0000,2022-03-07T12:26:00+00:00,124,896
summary,2022-03-09,QQQ,,,,,,,0.00,,0,,,,,,,,,,,,0.8269,2022-03-08T17:18:00+00:00,972,2533
trade,2022-03-09,AAPL,Long,2022-03-09T15:46:00+00:00,2022-03-09T15:56:00+00:00,161.8835,161.7765,22.95,-2.46,-0.000662,600000,SessionClose,window:strong core,,0.4620,0.3579,0.5374,0.4365,0.4878,-0.2075,0.3872,0.4878,,,
summary,2022-03-09,AAPL,,,,,,,-2.46,,1,,,,,,,,,,,,0.7650,2022-03-08T17:44:00+00:00,944,2434
trade,2022-03-09,MSFT,Long,2022-03-09T15:01:00+00:00,2022-03-09T15:56:00+00:00,283.7701,285.9220,13.21,28.42,0.007583,3300000,SessionClose,window:candle reversal,shooting_star,0.4038,0.4432,0.5005,0.2953,0.5884,0.0146,0.4421,0.5884,,,
trade,2022-03-09,MSFT,Long,2022-03-09T15:58:00+00:00,2022-03-09T15:59:00+00:00,286.3859,286.8289,13.16,5.83,0.001547,60000,SessionClose,window:strong core,shooting_star,0.4809,0.5003,0.3914,0.4421,0.5884,0.5852,0.4421,0.5884,,,
summary,2022-03-09,MSFT,,,,,,,34.25,,2,,,,,,,,,,,,0.8851,2022-03-08T17:18:00+00:00,913,1941
trade,2022-03-09,AMZN,Long,2022-03-09T15:26:00+00:00,2022-03-09T15:56:00+00:00,2786.1706,2781.6802,1.30,-5.84,-0.001612,1800000,SessionClose,window:strong core,bullish_engulfing,0.4735,0.4662,0.8064,0.4509,0.4079,-0.7151,0.6922,0.4079,,,
trade,2022-03-09,AMZN,Long,2022-03-09T15:58:00+00:00,2022-03-09T15:59:00+00:00,2784.9392,2789.6379,1.30,6.11,0.001687,60000,SessionClose,window:5m thrust,hammer,0.5219,0.5967,-0.1576,0.6922,0.4079,0.5897,0.6922,0.4079,,,
summary,2022-03-09,AMZN,,,,,,,0.27,,2,,,,,,,,,,,,1.0000,2022-03-07T12:26:00+00:00,365,1355
summary,2022-03-10,QQQ,,,,,,,0.00,,0,,,,,,,,,,,,0.8189,2022-03-08T17:18:00+00:00,1189,3135
summary,2022-03-10,AAPL,,,,,,,0.00,,0,,,,,,,,,,,,0.7775,2022-03-07T14:31:00+00:00,960,3000
summary,2022-03-10,MSFT,,,,,,,0.00,,0,,,,,,,,,,,,0.8892,2022-03-08T17:18:00+00:00,1218,2476
summary,2022-03-10,AMZN,,,,,,,0.00,,0,,,,,,,,,,,,0.8860,2022-03-08T17:39:00+00:00,765,2005
summary,2022-03-11,QQQ,,,,,,,0.00,,0,,,,,,,,,,,,1.0000,2022-03-08T14:35:00+00:00,1710,3098
summary,2022-03-11,AAPL,,,,,,,0.00,,0,,,,,,,,,,,,1.0000,2022-03-08T14:35:00+00:00,1195,2973
trade,2022-03-11,MSFT,Long,2022-03-11T15:51:00+00:00,2022-03-11T15:56:00+00:00,287.4412,287.2771,13.17,-2.16,-0.000571,300000,SessionClose,window:strong core,shooting_star,0.3799,0.2403,0.3447,0.4248,0.3016,-0.0929,0.2652,0.3016,,,
summary,2022-03-11,MSFT,,,,,,,-2.16,,1,,,,,,,,,,,,0.9306,2022-03-08T14:43:00+00:00,1455,2349
trade,2022-03-11,AMZN,Long,2022-03-11T15:47:00+00:00,2022-03-11T15:56:00+00:00,2957.8921,2966.0949,1.25,10.27,0.002773,540000,SessionClose,window:strong core,,0.3944,0.6017,0.2951,0.4267,0.3629,0.6161,0.7186,0.3629,,,
trade,2022-03-11,AMZN,Long,2022-03-11T15:58:00+00:00,2022-03-11T15:59:00+00:00,2970.3458,2970.2637,1.25,-0.10,-0.000028,60000,SessionClose,window:strong core,,0.6110,0.6054,0.7089,0.7186,0.3629,0.6533,0.7186,0.3629,,,
summary,2022-03-11,AMZN,,,,,,,10.17,,2,,,,,,,,,,,,1.0000,2022-03-08T14:35:00+00:00,1168,2039
summary,2022-03-14,QQQ,,,,,,,0.00,,0,,,,,,,,,,,,0.1049,2022-03-11T14:50:00+00:00,8,1191
summary,2022-03-14,AAPL,,,,,,,0.00,,0,,,,,,,,,,,,0.4828,2022-03-11T14:35:00+00:00,45,1194
trade,2022-03-14,MSFT,Long,2022-03-14T13:43:00+00:00,2022-03-14T15:11:00+00:00,283.6308,283.6999,13.03,0.90,0.000244,5280000,ScoreExit,window:strong core,bullish_engulfing,0.4581,-0.1494,0.6365,0.4642,0.3863,-0.5206,-0.3485,0.3727,,,
summary,2022-03-14,MSFT,,,,,,,0.90,,1,,,,,,,,,,,,0.8330,2022-03-11T15:51:00+00:00,132,1012
trade,2022-03-14,AMZN,Long,2022-03-14T13:41:00+00:00,2022-03-14T15:01:00+00:00,2931.2991,2915.7900,1.26,-19.61,-0.005291,4800000,ScoreExit,window:5m thrust,,0.5247,-0.0731,0.5386,0.7789,0.0115,-0.0190,-0.1263,0.0154,,,
summary,2022-03-14,AMZN,,,,,,,-19.61,,1,,,,,,,,,,,,0.9260,2022-03-11T15:57:00+00:00,101,825
trade,2022-03-15,QQQ,Long,2022-03-15T14:26:00+00:00,2022-03-15T15:56:00+00:00,322.8018,324.6776,11.44,21.45,0.005811,5400000,SessionClose,window:strong core,,0.5392,0.0361,0.5144,0.4806,0.6645,-0.5891,-0.1614,0.6396,,,
summary,2022-03-15,QQQ,,,,,,,21.45,,1,,,,,,,,,,,,0.6532,2022-03-14T14:12:00+00:00,596,1612
trade,2022-03-15,AAPL,Long,2022-03-15T14:41:00+00:00,2022-03-15T15:56:00+00:00,152.2507,153.3490,24.29,26.68,0.007214,4500000,SessionClose,window:strong core,,0.4222,0.0753,-0.1220,0.4225,0.6031,-0.5390,-0.1312,0.6930,,,
summary,2022-03-15,AAPL,,,,,,,26.68,,1,,,,,,,,,,,,0.6963,2022-03-14T08:08:00+00:00,705,1587
trade,2022-03-15,MSFT,Long,2022-03-15T14:26:00+00:00,2022-03-15T15:56:00+00:00,280.6992,282.6602,13.13,25.74,0.006986,5400000,SessionClose,window:candle reversal,shooting_star,0.3464,0.0872,0.5300,0.2159,0.5463,-0.5969,-0.0960,0.6818,,,
summary,2022-03-15,MSFT,,,,,,,25.74,,1,,,,,,,,,,,,0.9613,2022-03-14T09:51:00+00:00,647,1224
trade,2022-03-15,AMZN,Long,2022-03-15T14:01:00+00:00,2022-03-15T15:41:00+00:00,2890.2969,2937.6234,1.26,59.62,0.016374,6000000,ScoreExit,window:strong core,,0.8134,-0.0557,0.8470,0.8004,0.8282,-0.5927,-0.3522,0.7164,,,
summary,2022-03-15,AMZN,,,,,,,59.62,,1,,,,,,,,,,,,0.8653,2022-03-15T14:38:00+00:00,312,876
trade,2022-03-16,QQQ,Long,2022-03-16T13:41:00+00:00,2022-03-16T15:42:00+00:00,333.6651,336.5340,11.14,31.97,0.008598,7260000,MaxHoldTimeout,window:strong core,bearish_engulfing,0.4341,0.0227,0.4779,0.4050,0.4778,-0.4028,-0.1582,0.5264,,,
summary,2022-03-16,QQQ,,,,,,,31.97,,1,,,,,,,,,,,,0.6532,2022-03-14T14:12:00+00:00,1296,2523
trade,2022-03-16,AAPL,Long,2022-03-16T14:21:00+00:00,2022-03-16T15:56:00+00:00,157.9424,157.9376,23.59,-0.11,-0.000030,5700000,SessionClose,window:candle reversal,shooting_star,0.3964,0.2209,0.5159,0.3080,0.5334,0.2999,0.0834,0.4695,,,
summary,2022-03-16,AAPL,,,,,,,-0.11,,1,,,,,,,,,,,,0.6963,2022-03-14T08:08:00+00:00,1381,2457
trade,2022-03-16,MSFT,Long,2022-03-16T13:36:00+00:00,2022-03-16T15:37:00+00:00,290.8972,291.3576,12.77,5.88,0.001582,7260000,MaxHoldTimeout,window:strong core,three_outside_up,0.4383,0.1118,0.4928,0.4348,0.4272,0.2034,-0.0432,0.3913,,,
summary,2022-03-16,MSFT,,,,,,,5.88,,1,,,,,,,,,,,,0.9613,2022-03-14T09:51:00+00:00,1092,1880
trade,2022-03-16,AMZN,Long,2022-03-16T14:11:00+00:00,2022-03-16T15:56:00+00:00,2973.9669,3020.5704,1.24,57.73,0.015670,6300000,SessionClose,window:strong core,bullish_engulfing,0.4201,0.3652,-0.4905,0.5117,0.5406,0.7230,0.1990,0.5783,,,
summary,2022-03-16,AMZN,,,,,,,57.73,,1,,,,,,,,,,,,0.8653,2022-03-15T14:38:00+00:00,603,1333
trade,2022-03-17,QQQ,Long,2022-03-17T13:52:00+00:00,2022-03-17T14:37:00+00:00,339.2768,339.1632,11.05,-1.25,-0.000335,2700000,ScoreExit,window:strong core,bullish_engulfing,0.3754,-0.0548,0.2585,0.4083,0.3485,-0.5166,-0.1084,0.2064,,,
summary,2022-03-17,QQQ,,,,,,,-1.25,,1,,,,,,,,,,,,0.9027,2022-03-14T14:12:00+00:00,1896,3141
trade,2022-03-17,AAPL,Long,2022-03-17T13:56:00+00:00,2022-03-17T14:26:00+00:00,159.0627,159.0673,23.32,0.11,0.000029,1800000,ScoreExit,window:strong core,three_outside_up,0.3845,-0.0611,0.4202,0.4198,0.3020,-0.2316,-0.1278,0.1290,,,
summary,2022-03-17,AAPL,,,,,,,0.11,,1,,,,,,,,,,,,1.0000,2022-03-14T13:31:00+00:00,1819,3007
summary,2022-03-17,MSFT,,,,,,,0.00,,0,,,,,,,,,,,,0.9578,2022-03-14T13:36:00+00:00,1444,2352
trade,2022-03-17,AMZN,Long,2022-03-17T13:31:00+00:00,2022-03-17T14:46:00+00:00,3054.9962,3082.8339,1.24,34.43,0.009112,4500000,ScoreExit,window:strong core,bullish_engulfing,0.6581,-0.1535,0.8200,0.6938,0.5326,0.4301,-0.5306,0.4061,,,
summary,2022-03-17,AMZN,,,,,,,34.43,,1,,,,,,,,,,,,1.0000,2022-03-14T13:41:00+00:00,951,1757
trade,2022-03-18,QQQ,Long,2022-03-18T13:46:00+00:00,2022-03-18T15:47:00+00:00,343.8781,347.3608,10.87,37.85,0.010128,7260000,MaxHoldTimeout,window:strong core,hammer,0.4809,0.0568,0.5809,0.4737,0.4621,-0.3080,-0.1096,0.5111,,,
summary,2022-03-18,QQQ,,,,,,,37.85,,1,,,,,,,,,,,,0.9571,2022-03-15T15:04:00+00:00,2509,3112
trade,2022-03-18,AAPL,Long,2022-03-18T14:01:00+00:00,2022-03-18T15:56:00+00:00,161.2033,162.1463,23.00,21.69,0.005850,6900000,SessionClose,window:strong core,shooting_star,0.4450,0.2553,0.5226,0.4405,0.4282,-0.0356,0.1625,0.5378,,,
summary,2022-03-18,AAPL,,,,,,,21.69,,1,,,,,,,,,,,,0.9552,2022-03-15T14:54:00+00:00,2407,2891
trade,2022-03-18,MSFT,Long,2022-03-18T13:57:00+00:00,2022-03-18T14:49:00+00:00,294.8784,295.3064,12.65,5.41,0.001451,3120000,ScoreExit,window:strong core,shooting_star,0.3836,-0.0587,0.4891,0.4070,0.3015,-0.3944,-0.1910,0.3179,,,
summary,2022-03-18,MSFT,,,,,,,5.41,,1,,,,,,,,,,,,0.9579,2022-03-15T14:49:00+00:00,1762,2252
trade,2022-03-18,AMZN,Long,2022-03-18T13:36:00+00:00,2022-03-18T14:36:00+00:00,3139.6966,3136.8337,1.19,-3.41,-0.000912,3600000,ScoreExit,window:5m thrust,bullish_engulfing,0.5587,-0.2635,0.1043,0.6721,0.4832,-0.4829,-0.5816,0.4458,,,
summary,2022-03-18,AMZN,,,,,,,-3.41,,1,,,,,,,,,,,,0.9803,2022-03-15T15:04:00+00:00,1317,1746
summary,2022-03-21,QQQ,,,,,,,0.00,,0,,,,,,,,,,,,0.9577,2022-03-18T15:04:00+00:00,915,1182
trade,2022-03-21,AAPL,Long,2022-03-21T13:36:00+00:00,2022-03-21T14:12:00+00:00,164.4193,163.4260,22.51,-22.36,-0.006042,2160000,ScoreExit,window:strong core,three_outside_up,0.4790,-0.0819,0.5108,0.4515,0.5234,-0.5415,-0.3148,0.5371,,,
summary,2022-03-21,AAPL,,,,,,,-22.36,,1,,,,,,,,,,,,0.9568,2022-03-18T15:04:00+00:00,967,1080
summary,2022-03-21,MSFT,,,,,,,0.00,,0,,,,,,,,,,,,0.9515,2022-03-18T15:04:00+00:00,705,981
trade,2022-03-21,AMZN,Long,2022-03-21T14:51:00+00:00,2022-03-21T15:56:00+00:00,3216.9848,3248.2802,1.16,36.20,0.009728,3900000,SessionClose,window:strong core,shooting_star,0.5920,0.4840,0.7205,0.5832,0.5669,-0.2677,0.4979,0.7066,,,
summary,2022-03-21,AMZN,,,,,,,36.20,,1,,,,,,,,,,,,0.9311,2022-03-18T15:02:00+00:00,649,839
trade,2022-03-22,QQQ,Long,2022-03-22T13:36:00+00:00,2022-03-22T15:41:00+00:00,351.9105,357.1178,10.51,54.74,0.014797,7500000,MaxHoldTimeout,window:strong core,hammer,0.4817,0.1358,0.5630,0.4534,0.5110,0.2931,-0.1387,0.6324,,,
summary,2022-03-22,QQQ,,,,,,,54.74,,1,,,,,,,,,,,,0.6927,2022-03-21T15:27:00+00:00,955,1563
trade,2022-03-22,AAPL,Long,2022-03-22T13:36:00+00:00,2022-03-22T15:41:00+00:00,166.1948,168.6844,22.40,55.77,0.014980,7500000,MaxHoldTimeout,window:strong core,,0.4643,0.0989,0.5595,0.4263,0.5087,-0.0135,-0.1867,0.7075,,,
summary,2022-03-22,AAPL,,,,,,,55.77,,1,,,,,,,,,,,,0.6682,2022-03-21T15:22:00+00:00,968,1376
trade,2022-03-22,MSFT,Long,2022-03-22T13:31:00+00:00,2022-03-22T15:36:00+00:00,299.6749,304.3037,12.31,56.97,0.015446,7500000,MaxHoldTimeout,window:strong core,hammer,0.3941,0.1068,0.3438,0.4038,0.3913,-0.5549,-0.0387,0.6182,,,
summary,2022-03-22,MSFT,,,,,,,56.97,,1,,,,,,,,,,,,0.8033,2022-03-21T09:33:00+00:00,659,1102
summary,2022-03-22,AMZN,,,,,,,0.00,,0,,,,,,,,,,,,0.8951,2022-03-21T13:41:00+00:00,528,847
summary,2022-03-23,QQQ,,,,,,,0.00,,0,,,,,,,,,,,,0.6927,2022-03-21T15:27:00+00:00,1399,2426
trade,2022-03-23,AAPL,Long,2022-03-23T13:41:00+00:00,2022-03-23T15:56:00+00:00,168.7556,171.7035,22.31,65.77,0.017468,8100000,SessionClose,window:candle reversal,shooting_star,0.3896,0.3818,0.5456,0.3727,0.3714,0.4829,0.2639,0.5840,,,
summary,2022-03-23,AAPL,,,,,,,65.77,,1,,,,,,,,,,,,0.6682,2022-03-21T15:22:00+00:00,1572,2157
summary,2022-03-23,MSFT,,,,,,,0.00,,0,,,,,,,,,,,,0.8033,2022-03-21T09:33:00+00:00,991,1673
trade,2022-03-23,AMZN,Long,2022-03-23T14:11:00+00:00,2022-03-23T15:56:00+00:00,3278.4082,3317.4095,1.15,44.77,0.011896,6300000,SessionClose,window:strong core,three_outside_down,0.5424,0.3708,0.6486,0.6273,0.3371,0.3812,0.3599,0.3892,,,
summary,2022-03-23,AMZN,,,,,,,44.77,,1,,,,,,,,,,,,0.8951,2022-03-21T13:41:00+00:00,723,1276
summary,2022-03-24,QQQ,,,,,,,0.00,,0,,,,,,,,,,,,0.8235,2022-03-21T13:41:00+00:00,1780,3000
summary,2022-03-24,AAPL,,,,,,,0.00,,0,,,,,,,,,,,,1.0000,2022-03-21T13:41:00+00:00,2104,2768
summary,2022-03-24,MSFT,,,,,,,0.00,,0,,,,,,,,,,,,0.6846,2022-03-21T13:43:00+00:00,1224,2120
summary,2022-03-24,AMZN,,,,,,,0.00,,0,,,,,,,,,,,,0.8403,2022-03-21T15:02:00+00:00,870,1702
summary,2022-03-25,QQQ,,,,,,,0.00,,0,,,,,,,,,,,,0.9523,2022-03-22T14:48:00+00:00,1668,2985
trade,2022-03-25,AAPL,Long,2022-03-25T14:41:00+00:00,2022-03-25T15:01:00+00:00,175.0475,174.3927,21.48,-14.07,-0.003741,1200000,ScoreExit,window:candle reversal,shooting_star,0.3772,-0.0827,0.4720,0.3910,0.3181,-0.5125,-0.1291,0.1532,,,
summary,2022-03-25,AAPL,,,,,,,-14.07,,1,,,,,,,,,,,,1.0000,2022-03-22T13:39:00+00:00,2178,2826
summary,2022-03-25,MSFT,,,,,,,0.00,,0,,,,,,,,,,,,0.9491,2022-03-22T14:51:00+00:00,1096,2142
trade,2022-03-25,AMZN,Long,2022-03-25T13:53:00+00:00,2022-03-25T14:01:00+00:00,3294.6831,3282.3300,1.13,-13.98,-0.003749,480000,ScoreExit,window:5m thrust,,0.4401,-0.2554,0.3235,0.5436,0.2719,-0.7382,-0.4167,0.2283,,,
trade,2022-03-25,AMZN,Long,2022-03-25T14:36:00+00:00,2022-03-25T15:01:00+00:00,3300.5549,3286.0089,1.13,-16.39,-0.004407,1500000,ScoreExit,window:strong core,bullish_engulfing,0.4627,-0.2662,0.8030,0.4782,0.3182,-0.6097,-0.3421,0.0002,,,
summary,2022-03-25,AMZN,,,,,,,-30.37,,2,,,,,,,,,,,,1.0000,2022-03-22T13:36:00+00:00,756,1694
trade,2022-03-28,QQQ,Long,2022-03-28T13:36:00+00:00,2022-03-28T15:31:00+00:00,361.1833,360.9167,10.24,-2.73,-0.000738,6900000,ScoreExit,window:strong core,,0.5106,-0.1009,0.5911,0.4531,0.5988,-0.1800,-0.3705,0.4648,,,
summary,2022-03-28,QQQ,,,,,,,-2.73,,1,,,,,,,,,,,,0.7592,2022-03-25T14:42:00+00:00,732,1126
trade,2022-03-28,AAPL,Long,2022-03-28T13:35:00+00:00,2022-03-28T15:31:00+00:00,173.6271,174.1908,21.24,11.97,0.003247,6960000,ScoreExit,window:strong core,shooting_star,0.4454,-0.0996,0.5587,0.4760,0.3465,-0.4322,-0.2970,0.4061,,,
summary,2022-03-28,AAPL,,,,,,,11.97,,1,,,,,,,,,,,,0.9559,2022-03-25T14:42:00+00:00,630,1193
trade,2022-03-28,MSFT,Long,2022-03-28T13:31:00+00:00,2022-03-28T15:03:00+00:00,305.4366,308.2875,11.96,34.10,0.009334,5520000,ScoreExit,window:strong core,three_outside_up,0.6002,-0.0517,0.5725,0.5303,0.7493,-0.4995,-0.2688,0.5316,,,
summary,2022-03-28,MSFT,,,,,,,34.10,,1,,,,,,,,,,,,0.8742,2022-03-25T14:42:00+00:00,580,934
trade,2022-03-28,AMZN,Long,2022-03-28T13:36:00+00:00,2022-03-28T14:21:00+00:00,3324.1119,3318.9990,1.11,-5.66,-0.001538,2700000,ScoreExit,window:strong core,three_outside_up,0.7560,-0.1333,0.8222,0.7932,0.6597,-0.7716,-0.4550,0.7227,,,
trade,2022-03-28,AMZN,Long,2022-03-28T14:51:00+00:00,2022-03-28T15:21:00+00:00,3348.2092,3341.1823,1.10,-7.71,-0.002099,1800000,ScoreExit,window:strong core,,0.5515,-0.0706,0.4921,0.4759,0.7227,0.4024,-0.4800,0.5906,,,
summary,2022-03-28,AMZN,,,,,,,-13.37,,2,,,,,,,,,,,,0.9529,2022-03-25T14:36:00+00:00,533,814
summary,2022-03-29,QQQ,,,,,,,0.00,,0,,,,,,,,,,,,0.6247,2022-03-28T13:55:00+00:00,1165,1535
trade,2022-03-29,AAPL,Long,2022-03-29T13:46:00+00:00,2022-03-29T15:52:00+00:00,177.5182,177.6302,20.98,2.35,0.000631,7560000,MaxHoldTimeout,window:candle reversal,shooting_star,0.4048,0.2909,0.4965,0.2724,0.6391,-0.1757,0.2162,0.5960,,,
summary,2022-03-29,AAPL,,,,,,,2.35,,1,,,,,,,,,,,,0.7043,2022-03-28T13:35:00+00:00,1139,1510
summary,2022-03-29,MSFT,,,,,,,0.00,,0,,,,,,,,,,,,0.7866,2022-03-28T13:58:00+00:00,795,1144
summary,2022-03-29,AMZN,,,,,,,0.00,,0,,,,,,,,,,,,0.9825,2022-03-28T13:36:00+00:00,574,873
summary,2022-03-30,QQQ,,,,,,,0.00,,0,,,,,,,,,,,,0.6247,2022-03-28T13:55:00+00:00,1682,2393
summary,2022-03-30,AAPL,,,,,,,0.00,,0,,,,,,,,,,,,0.7043,2022-03-28T13:35:00+00:00,1674,2325
summary,2022-03-30,MSFT,,,,,,,0.00,,0,,,,,,,,,,,,0.7866,2022-03-28T13:58:00+00:00,1119,1744
summary,2022-03-30,AMZN,,,,,,,0.00,,0,,,,,,,,,,,,0.9825,2022-03-28T13:36:00+00:00,577,1304
summary,2022-03-31,QQQ,,,,,,,0.00,,0,,,,,,,,,,,,0.8082,2022-03-28T13:55:00+00:00,1825,2932
summary,2022-03-31,AAPL,,,,,,,0.00,,0,,,,,,,,,,,,1.0000,2022-03-28T13:35:00+00:00,2000,2801
summary,2022-03-31,MSFT,,,,,,,0.00,,0,,,,,,,,,,,,1.0000,2022-03-28T13:34:00+00:00,1309,2192
summary,2022-03-31,AMZN,,,,,,,0.00,,0,,,,,,,,,,,,1.0000,2022-03-28T13:36:00+00:00,580,1712
summary,2022-04-01,QQQ,,,,,,,0.00,,0,,,,,,,,,,,,0.5764,2022-03-29T19:08:00+00:00,763,2900
summary,2022-04-01,AAPL,,,,,,,0.00,,0,,,,,,,,,,,,0.8963,2022-03-29T13:47:00+00:00,1025,2818
summary,2022-04-01,MSFT,,,,,,,0.00,,0,,,,,,,,,,,,0.5791,2022-03-29T18:47:00+00:00,827,2172
trade,2022-04-01,AMZN,Long,2022-04-01T14:11:00+00:00,2022-04-01T15:56:00+00:00,3274.6513,3285.2491,1.13,11.98,0.003236,6300000,SessionClose,window:5m thrust,three_outside_up,0.5122,0.0000,0.5473,0.6842,0.1566,-0.3991,-0.6611,-0.0391,,,
summary,2022-04-01,AMZN,,,,,,,11.98,,1,,,,,,,,,,,,0.7331,2022-03-29T19:09:00+00:00,214,1705
trade,2022-04-04,QQQ,Long,2022-04-04T13:36:00+00:00,2022-04-04T15:56:00+00:00,363.7641,367.9346,10.12,42.19,0.011465,8400000,SessionClose,window:strong core,three_outside_up,0.4740,0.2030,0.5606,0.4008,0.5915,0.2905,0.0147,0.5505,,,
summary,2022-04-04,QQQ,,,,,,,42.19,,1,,,,,,,,,,,,0.5723,2022-04-04T13:55:00+00:00,768,1144
trade,2022-04-04,AAPL,Long,2022-04-04T13:31:00+00:00,2022-04-04T15:33:00+00:00,174.6074,177.5117,21.16,61.47,0.016634,7320000,MaxHoldTimeout,window:strong core,three_outside_up,0.5374,0.1020,0.3143,0.4746,0.7376,-0.3003,-0.0802,0.6007,,,
summary,2022-04-04,AAPL,,,,,,,61.47,,1,,,,,,,,,,,,0.6837,2022-04-04T13:54:00+00:00,723,1064
trade,2022-04-04,MSFT,Long,2022-04-04T13:36:00+00:00,2022-04-04T15:37:00+00:00,312.3187,312.9061,11.86,6.96,0.001881,7260000,MaxHoldTimeout,window:strong core,three_outside_up,0.5811,0.1385,0.6012,0.5549,0.6268,-0.4343,0.0066,0.5932,,,
summary,2022-04-04,MSFT,,,,,,,6.96,,1,,,,,,,,,,,,0.8249,2022-04-01T14:53:00+00:00,591,937
trade,2022-04-04,AMZN,Long,2022-04-04T13:36:00+00:00,2022-04-04T15:16:00+00:00,3289.3915,3333.4897,1.12,49.58,0.013406,6000000,ScoreExit,window:strong core,,0.6247,-0.1237,0.5760,0.6489,0.5924,-0.4471,-0.4508,0.6384,,,
summary,2022-04-04,AMZN,,,,,,,49.58,,1,,,,,,,,,,,,0.9748,2022-04-01T14:45:00+00:00,439,821
summary,2022-04-05,QQQ,,,,,,,0.00,,0,,,,,,,,,,,,0.8469,2022-04-04T09:15:00+00:00,825,1488
summary,2022-04-05,AAPL,,,,,,,0.00,,0,,,,,,,,,,,,0.8525,2022-04-04T09:13:00+00:00,706,1394
summary,2022-04-05,MSFT,,,,,,,0.00,,0,,,,,,,,,,,,0.7697,2022-04-04T10:22:00+00:00,540,1071
summary,2022-04-05,AMZN,,,,,,,0.00,,0,,,,,,,,,,,,0.9841,2022-04-04T13:43:00+00:00,373,837
summary,2022-04-06,QQQ,,,,,,,0.00,,0,,,,,,,,,,,,0.8469,2022-04-04T09:15:00+00:00,825,2380
summary,2022-04-06,AAPL,,,,,,,0.00,,0,,,,,,,,,,,,0.8525,2022-04-04T09:13:00+00:00,740,2224
summary,2022-04-06,MSFT,,,,,,,0.00,,0,,,,,,,,,,,,0.7697,2022-04-04T10:22:00+00:00,540,1731
summary,2022-04-06,AMZN,,,,,,,0.00,,0,,,,,,,,,,,,0.9841,2022-04-04T13:43:00+00:00,373,1303
summary,2022-04-07,QQQ,,,,,,,0.00,,0,,,,,,,,,,,,0.9559,2022-04-04T15:04:00+00:00,744,2997
summary,2022-04-07,AAPL,,,,,,,0.00,,0,,,,,,,,,,,,1.0000,2022-04-04T13:34:00+00:00,727,2807
summary,2022-04-07,MSFT,,,,,,,0.00,,0,,,,,,,,,,,,1.0000,2022-04-04T13:35:00+00:00,520,2276
summary,2022-04-07,AMZN,,,,,,,0.00,,0,,,,,,,,,,,,1.0000,2022-04-04T13:37:00+00:00,489,1719
summary,2022-04-08,QQQ,,,,,,,0.00,,0,,,,,,,,,,,,0.3961,2022-04-07T19:14:00+00:00,247,3031
summary,2022-04-08,AAPL,,,,,,,0.00,,0,,,,,,,,,,,,0.6769,2022-04-05T13:45:00+00:00,142,2757
summary,2022-04-08,MSFT,,,,,,,0.00,,0,,,,,,,,,,,,0.4409,2022-04-05T14:54:00+00:00,97,2254
summary,2022-04-08,AMZN,,,,,,,0.00,,0,,,,,,,,,,,,0.5662,2022-04-07T19:01:00+00:00,112,1719
summary,2022-04-11,QQQ,,,,,,,0.00,,0,,,,,,,,,,,,0.9594,2022-04-08T15:01:00+00:00,160,1188
summary,2022-04-11,AAPL,,,,,,,0.00,,0,,,,,,,,,,,,0.9427,2022-04-08T15:02:00+00:00,227,1119
summary,2022-04-11,MSFT,,,,,,,0.00,,0,,,,,,,,,,,,0.9597,2022-04-08T15:01:00+00:00,166,1002
summary,2022-04-11,AMZN,,,,,,,0.00,,0,,,,,,,,,,,,0.8341,2022-04-08T15:02:00+00:00,141,823
summary,2022-04-12,QQQ,,,,,,,0.00,,0,,,,,,,,,,,,0.6620,2022-04-12T12:54:00+00:00,321,1581
summary,2022-04-12,AAPL,,,,,,,0.00,,0,,,,,,,,,,,,0.6117,2022-04-12T12:34:00+00:00,446,1460
summary,2022-04-12,MSFT,,,,,,,0.00,,0,,,,,,,,,,,,0.5992,2022-04-11T10:15:00+00:00,204,1258
trade,2022-04-12,AMZN,Long,2022-04-12T14:16:00+00:00,2022-04-12T14:37:00+00:00,3089.0915,3082.4100,1.20,-7.99,-0.002163,1260000,ScoreExit,window:candle reversal,shooting_star,0.4516,-0.0718,0.5560,0.3068,0.7066,-0.6242,-0.3689,0.7066,,,
summary,2022-04-12,AMZN,,,,,,,-7.99,,1,,,,,,,,,,,,0.8468,2022-04-12T12:34:00+00:00,248,874
summary,2022-04-13,QQQ,,,,,,,0.00,,0,,,,,,,,,,,,0.6620,2022-04-12T12:54:00+00:00,672,2451
trade,2022-04-13,AAPL,Long,2022-04-13T14:04:00+00:00,2022-04-13T15:56:00+00:00,168.1354,169.8587,22.21,38.28,0.010249,6720000,SessionClose,window:candle reversal,bearish_engulfing,0.3130,0.2098,0.2671,0.3411,0.2719,0.2828,0.0837,0.4378,,,
summary,2022-04-13,AAPL,,,,,,,38.28,,1,,,,,,,,,,,,0.6117,2022-04-12T12:34:00+00:00,1028,2232
summary,2022-04-13,MSFT,,,,,,,0.00,,0,,,,,,,,,,,,0.5992,2022-04-11T10:15:00+00:00,455,1875
trade,2022-04-13,AMZN,Long,2022-04-13T14:25:00+00:00,2022-04-13T15:56:00+00:00,3036.6458,3067.0746,1.22,36.98,0.010021,5460000,SessionClose,window:5m thrust,shooting_star,0.5266,0.3417,0.6485,0.7656,0.0080,-0.0248,0.3689,0.4097,,,
summary,2022-04-13,AMZN,,,,,,,36.98,,1,,,,,,,,,,,,0.8468,2022-04-12T12:34:00+00:00,474,1300
summary,2022-04-14,QQQ,,,,,,,0.00,,0,,,,,,,,,,,,0.6733,2022-04-12T12:54:00+00:00,940,2982
trade,2022-04-14,AAPL,Long,2022-04-14T13:32:00+00:00,2022-04-14T13:37:00+00:00,170.7162,170.3939,22.04,-7.11,-0.001888,300000,ScoreExit,window:candle reversal,shooting_star,0.3121,-0.0537,-0.0333,0.3947,0.2621,-0.4954,-0.1379,0.2621,,,
summary,2022-04-14,AAPL,,,,,,,-7.11,,1,,,,,,,,,,,,0.6297,2022-04-12T12:34:00+00:00,1257,2729
summary,2022-04-14,MSFT,,,,,,,0.00,,0,,,,,,,,,,,,0.6338,2022-04-12T12:33:00+00:00,553,2254
summary,2022-04-14,AMZN,,,,,,,0.00,,0,,,,,,,,,,,,0.9425,2022-04-11T13:44:00+00:00,627,1706
summary,2022-04-15,QQQ,,,,,,,0.00,,0,,,,,,,,,,,,0.9010,2022-04-12T13:53:00+00:00,821,2276
summary,2022-04-15,AAPL,,,,,,,0.00,,0,,,,,,,,,,,,0.9383,2022-04-12T13:45:00+00:00,857,2084
summary,2022-04-15,MSFT,,,,,,,0.00,,0,,,,,,,,,,,,0.9416,2022-04-12T13:45:00+00:00,508,1658
summary,2022-04-15,AMZN,,,,,,,0.00,,0,,,,,,,,,,,,0.9427,2022-04-12T14:17:00+00:00,395,1259
trade,2022-04-18,QQQ,Long,2022-04-18T13:31:00+00:00,2022-04-18T15:10:00+00:00,338.5265,339.2682,10.92,8.10,0.002191,5940000,ScoreExit,window:strong core,,0.4698,-0.0694,0.5624,0.4014,0.5755,-0.4040,-0.1916,0.2865,,,
summary,2022-04-18,QQQ,,,,,,,8.10,,1,,,,,,,,,,,,0.6635,2022-04-18T17:49:00+00:00,343,672
trade,2022-04-18,AAPL,Long,2022-04-18T13:32:00+00:00,2022-04-18T13:52:00+00:00,164.8945,164.8755,22.41,-0.42,-0.000115,1200000,ScoreExit,window:candle reversal,three_outside_down,0.4460,-0.0820,0.5617,0.2887,0.7221,-0.3949,-0.1490,0.1564,,,
trade,2022-04-18,AAPL,Long,2022-04-18T14:21:00+00:00,2022-04-18T15:08:00+00:00,165.5129,165.3404,22.33,-3.85,-0.001043,2820000,ScoreExit,window:strong core,three_outside_up,0.5125,-0.0853,0.2558,0.4313,0.7605,-0.4449,-0.2090,0.2818,,,
summary,2022-04-18,AAPL,,,,,,,-4.28,,2,,,,,,,,,,,,0.6395,2022-04-18T14:44:00+00:00,292,584
trade,2022-04-18,MSFT,Long,2022-04-18T13:32:00+00:00,2022-04-18T14:57:00+00:00,280.5491,280.5408,13.17,-0.11,-0.000030,5100000,ScoreExit,window:strong core,bullish_engulfing,0.4669,-0.0533,0.5623,0.4226,0.5238,-0.5751,-0.0585,0.1308,,,
summary,2022-04-18,MSFT,,,,,,,-0.11,,1,,,,,,,,,,,,0.8715,2022-04-18T11:14:00+00:00,237,500
trade,2022-04-18,AMZN,Long,2022-04-18T14:11:00+00:00,2022-04-18T14:51:00+00:00,3055.9515,3056.2159,1.21,0.32,0.000087,2400000,ScoreExit,window:5m thrust,,0.6574,-0.1363,-0.3394,0.9585,0.3873,-0.5893,-0.1868,0.1159,,,
summary,2022-04-18,AMZN,,,,,,,0.32,,1,,,,,,,,,,,,1.0000,2022-04-18T13:32:00+00:00,169,399
trade,2022-04-19,QQQ,Long,2022-04-19T13:51:00+00:00,2022-04-19T15:56:00+00:00,339.1667,345.3214,10.91,67.16,0.018146,7500000,MaxHoldTimeout,window:strong core,three_outside_up,0.4147,0.1248,0.2209,0.4445,0.4197,-0.4505,-0.0715,0.7091,,,
summary,2022-04-19,QQQ,,,,,,,67.16,,1,,,,,,,,,,,,0.6635,2022-04-18T17:49:00+00:00,1021,1569
trade,2022-04-19,AAPL,Long,2022-04-19T14:06:00+00:00,2022-04-19T15:56:00+00:00,165.5647,167.0949,22.31,34.13,0.009242,6600000,SessionClose,window:strong core,hammer,0.4746,0.0527,0.5522,0.4219,0.5540,-0.5147,-0.1351,0.6175,,,
summary,2022-04-19,AAPL,,,,,,,34.13,,1,,,,,,,,,,,,0.6395,2022-04-18T14:44:00+00:00,903,1356
trade,2022-04-19,MSFT,Long,2022-04-19T13:51:00+00:00,2022-04-19T15:56:00+00:00,280.9593,284.4696,13.15,46.16,0.012494,7500000,MaxHoldTimeout,window:strong core,three_outside_up,0.4467,0.1074,0.5132,0.4379,0.4422,-0.1826,-0.1100,0.6388,,,
summary,2022-04-19,MSFT,,,,,,,46.16,,1,,,,,,,,,,,,0.8715,2022-04-18T11:14:00+00:00,734,1113
trade,2022-04-19,AMZN,Long,2022-04-19T13:51:00+00:00,2022-04-19T15:56:00+00:00,3057.5670,3152.9588,1.21,115.52,0.031199,7500000,SessionClose,window:5m thrust,three_outside_up,0.5674,0.5222,0.4892,0.6258,0.4767,0.0827,0.4439,0.8254,,,
summary,2022-04-19,AMZN,,,,,,,115.52,,1,,,,,,,,,,,,1.0000,2022-04-18T13:32:00+00:00,509,840
summary,2022-04-20,QQQ,,,,,,,0.00,,0,,,,,,,,,,,,0.6635,2022-04-18T17:49:00+00:00,1525,2500
trade,2022-04-20,AAPL,Long,2022-04-20T14:41:00+00:00,2022-04-20T15:01:00+00:00,168.2154,167.3448,22.19,-19.32,-0.005176,1200000,ScoreExit,window:candle reversal,shooting_star,0.3007,-0.0981,0.4225,0.2793,0.3028,-0.5409,-0.1668,0.1867,,,
summary,2022-04-20,AAPL,,,,,,,-19.32,,1,,,,,,,,,,,,0.6395,2022-04-18T14:44:00+00:00,1402,2165
trade,2022-04-20,MSFT,Long,2022-04-20T14:36:00+00:00,2022-04-20T15:16:00+00:00,288.4416,286.9289,12.85,-19.44,-0.005244,2400000,ScoreExit,window:candle reversal,shooting_star,0.4132,-0.1304,0.4646,0.3929,0.4366,-0.3018,-0.3518,0.3696,,,
summary,2022-04-20,MSFT,,,,,,,-19.44,,1,,,,,,,,,,,,0.8715,2022-04-18T11:14:00+00:00,1162,1761
trade,2022-04-20,AMZN,Long,2022-04-20T14:57:00+00:00,2022-04-20T15:56:00+00:00,3098.9244,3085.0292,1.23,-17.02,-0.004484,3540000,SessionClose,window:5m thrust,bearish_engulfing,0.3926,0.0000,0.1624,0.5756,0.1035,-0.1951,0.2536,-0.1375,,,
summary,2022-04-20,AMZN,,,,,,,-17.02,,1,,,,,,,,,,,,1.0000,2022-04-18T13:32:00+00:00,666,1333
summary,2022-04-21,QQQ,,,,,,,0.00,,0,,,,,,,,,,,,0.8942,2022-04-18T14:25:00+00:00,1779,3079
trade,2022-04-21,AAPL,Long,2022-04-21T13:31:00+00:00,2022-04-21T15:33:00+00:00,168.8256,170.7438,22.01,42.22,0.011362,7320000,MaxHoldTimeout,window:strong core,bullish_engulfing,0.3664,0.1221,-0.1303,0.4115,0.4419,-0.4674,0.0760,0.4109,,,
summary,2022-04-21,AAPL,,,,,,,42.22,,1,,,,,,,,,,,,1.0000,2022-04-18T13:33:00+00:00,1774,2733
trade,2022-04-21,MSFT,Long,2022-04-21T13:31:00+00:00,2022-04-21T14:41:00+00:00,289.0967,290.7977,12.77,21.72,0.005884,4200000,ScoreExit,window:strong core,bullish_engulfing,0.4550,-0.0656,0.4534,0.4298,0.5059,-0.3712,-0.2164,0.3377,,,
summary,2022-04-21,MSFT,,,,,,,21.72,,1,,,,,,,,,,,,1.0000,2022-04-18T13:33:00+00:00,1353,2223
trade,2022-04-21,AMZN,Long,2022-04-21T13:39:00+00:00,2022-04-21T13:51:00+00:00,3126.5577,3115.6800,1.21,-13.17,-0.003479,720000,ScoreExit,window:5m thrust,bullish_engulfing,0.3908,-0.1159,0.1984,0.5548,0.1270,-0.1310,-0.2348,0.1270,,,
summary,2022-04-21,AMZN,,,,,,,-13.17,,1,,,,,,,,,,,,1.0000,2022-04-18T13:32:00+00:00,707,1773
summary,2022-04-22,QQQ,,,,,,,0.00,,0,,,,,,,,,,,,0.9585,2022-04-19T14:41:00+00:00,1130,3061
summary,2022-04-22,AAPL,,,,,,,0.00,,0,,,,,,,,,,,,0.9575,2022-04-19T14:41:00+00:00,1345,2759
summary,2022-04-22,MSFT,,,,,,,0.00,,0,,,,,,,,,,,,0.9584,2022-04-19T14:40:00+00:00,1098,2219
summary,2022-04-22,AMZN,,,,,,,0.00,,0,,,,,,,,,,,,0.9748,2022-04-19T14:45:00+00:00,425,1776
summary,2022-04-25,QQQ,,,,,,,0.00,,0,,,,,,,,,,,,0.6606,2022-04-22T14:06:00+00:00,127,1213
summary,2022-04-25,AAPL,,,,,,,0.00,,0,,,,,,,,,,,,1.0000,2022-04-22T13:33:00+00:00,213,1173
trade,2022-04-25,MSFT,Long,2022-04-25T14:16:00+00:00,2022-04-25T14:56:00+00:00,275.4876,275.6723,13.43,2.48,0.000670,2400000,ScoreExit,window:5m thrust,three_outside_up,0.3718,-0.0534,0.2939,0.5294,0.0826,-0.5410,-0.0763,0.1549,,,
summary,2022-04-25,MSFT,,,,,,,2.48,,1,,,,,,,,,,,,0.7835,2022-04-22T13:33:00+00:00,279,1032
trade,2022-04-25,AMZN,Long,2022-04-25T14:24:00+00:00,2022-04-25T14:51:00+00:00,2883.7899,2886.1989,1.29,3.10,0.000835,1620000,ScoreExit,window:5m thrust,hammer,0.3758,-0.0758,0.0627,0.6056,0.0206,-0.6594,-0.0267,0.0206,,,
summary,2022-04-25,AMZN,,,,,,,3.10,,1,,,,,,,,,,,,0.9412,2022-04-22T14:09:00+00:00,300,854
summary,2022-04-26,QQQ,,,,,,,0.00,,0,,,,,,,,,,,,0.7093,2022-04-25T14:31:00+00:00,807,1584
summary,2022-04-26,AAPL,,,,,,,0.00,,0,,,,,,,,,,,,0.6774,2022-04-25T18:53:00+00:00,599,1434
summary,2022-04-26,MSFT,,,,,,,0.00,,0,,,,,,,,,,,,0.7308,2022-04-25T14:31:00+00:00,610,1225
summary,2022-04-26,AMZN,,,,,,,0.00,,0,,,,,,,,,,,,0.9213,2022-04-25T12:45:00+00:00,261,856
trade,2022-04-27,QQQ,Long,2022-04-27T13:46:00+00:00,2022-04-27T15:47:00+00:00,321.6115,319.4191,11.49,-25.18,-0.006817,7260000,MaxHoldTimeout,window:5m thrust,three_outside_up,0.4804,0.0000,0.5128,0.6947,0.0410,-0.4711,0.0628,-0.1290,,,
summary,2022-04-27,QQQ,,,,,,,-25.18,,1,,,,,,,,,,,,0.7093,2022-04-25T14:31:00+00:00,892,2533
summary,2022-04-27,AAPL,,,,,,,0.00,,0,,,,,,,,,,,,0.6774,2022-04-25T18:53:00+00:00,680,2323
trade,2022-04-27,MSFT,Long,2022-04-27T14:46:00+00:00,2022-04-27T15:56:00+00:00,284.9405,286.1491,13.05,15.77,0.004242,4200000,SessionClose,window:strong core,,0.4901,-0.0398,0.5586,0.4231,0.6012,-0.5371,-0.2708,0.5879,,,
summary,2022-04-27,MSFT,,,,,,,15.77,,1,,,,,,,,,,,,0.8666,2022-04-26T22:06:00+00:00,1239,2113
summary,2022-04-27,AMZN,,,,,,,0.00,,0,,,,,,,,,,,,0.9213,2022-04-25T12:45:00+00:00,308,1381
summary,2022-04-28,QQQ,,,,,,,0.00,,0,,,,,,,,,,,,0.9067,2022-04-25T14:25:00+00:00,1334,3148
trade,2022-04-28,AAPL,Long,2022-04-28T14:16:00+00:00,2022-04-28T14:31:00+00:00,159.5655,159.4571,23.02,-2.49,-0.000679,900000,ScoreExit,window:strong core,bullish_engulfing,0.3604,-0.0747,-0.1482,0.4584,0.3340,-0.5914,-0.1923,0.3327,,,
summary,2022-04-28,AAPL,,,,,,,-2.49,,1,,,,,,,,,,,,0.9055,2022-04-25T14:26:00+00:00,1330,2924
summary,2022-04-28,MSFT,,,,,,,0.00,,0,,,,,,,,,,,,0.9456,2022-04-25T14:49:00+00:00,1692,2661
summary,2022-04-28,AMZN,,,,,,,0.00,,0,,,,,,,,,,,,0.9543,2022-04-25T14:26:00+00:00,588,1845
trade,2022-04-29,QQQ,Long,2022-04-29T13:56:00+00:00,2022-04-29T14:16:00+00:00,325.9427,324.7176,11.31,-13.86,-0.003759,1200000,ScoreExit,window:strong core,,0.5058,-0.1634,0.5919,0.5567,0.3753,-0.5256,-0.2238,0.0781,,,
summary,2022-04-29,QQQ,,,,,,,-13.86,,1,,,,,,,,,,,,0.6879,2022-04-27T13:48:00+00:00,1345,3200
trade,2022-04-29,AAPL,Long,2022-04-29T13:31:00+00:00,2022-04-29T14:35:00+00:00,161.6235,162.7961,22.95,26.91,0.007256,3840000,ScoreExit,window:strong core,,0.4731,-0.0546,-0.2326,0.4994,0.6556,-0.5638,-0.2563,0.5187,,,
summary,2022-04-29,AAPL,,,,,,,26.91,,1,,,,,,,,,,,,0.7075,2022-04-29T13:59:00+00:00,1537,3091
summary,2022-04-29,MSFT,,,,,,,0.00,,0,,,,,,,,,,,,0.9561,2022-04-26T22:06:00+00:00,1445,2713
summary,2022-04-29,AMZN,,,,,,,0.00,,0,,,,,,,,,,,,0.8974,2022-04-26T22:28:00+00:00,474,2142
summary,2022-05-02,QQQ,,,,,,,0.00,,0,,,,,,,,,,,,0.9079,2022-04-29T13:56:00+00:00,102,1181
summary,2022-05-02,AAPL,,,,,,,0.00,,0,,,,,,,,,,,,1.0000,2022-04-29T13:32:00+00:00,116,1141
trade,2022-05-02,MSFT,Long,2022-05-02T14:26:00+00:00,2022-05-02T15:01:00+00:00,280.6892,279.7311,13.19,-12.64,-0.003413,2100000,ScoreExit,window:strong core,three_outside_up,0.4213,-0.0542,0.6251,0.4340,0.3280,-0.5219,-0.0937,0.1807,,,
summary,2022-05-02,MSFT,,,,,,,-12.64,,1,,,,,,,,,,,,0.7417,2022-05-02T19:32:00+00:00,206,1010
summary,2022-05-02,AMZN,,,,,,,0.00,,0,,,,,,,,,,,,1.0000,2022-04-29T13:34:00+00:00,67,916
summary,2022-05-03,QQQ,,,,,,,0.00,,0,,,,,,,,,,,,0.7469,2022-05-02T19:34:00+00:00,940,1565
summary,2022-05-03,AAPL,,,,,,,0.00,,0,,,,,,,,,,,,0.7710,2022-05-02T19:32:00+00:00,891,1447
summary,2022-05-03,MSFT,,,,,,,0.00,,0,,,,,,,,,,,,0.7449,2022-05-02T19:32:00+00:00,693,1134
summary,2022-05-03,AMZN,,,,,,,0.00,,0,,,,,,,,,,,,0.9447,2022-05-02T19:51:00+00:00,437,916
summary,2022-05-04,QQQ,,,,,,,0.00,,0,,,,,,,,,,,,0.7469,2022-05-02T19:34:00+00:00,1463,2390
summary,2022-05-04,AAPL,,,,,,,0.00,,0,,,,,,,,,,,,0.7710,2022-05-02T19:32:00+00:00,1485,2197
summary,2022-05-04,MSFT,,,,,,,0.00,,0,,,,,,,,,,,,0.7449,2022-05-02T19:32:00+00:00,994,1677
summary,2022-05-04,AMZN,,,,,,,0.00,,0,,,,,,,,,,,,0.9447,2022-05-02T19:51:00+00:00,575,1341
summary,2022-05-05,QQQ,,,,,,,0.00,,0,,,,,,,,,,,,0.9329,2022-05-02T13:43:00+00:00,1798,3020
summary,2022-05-05,AAPL,,,,,,,0.00,,0,,,,,,,,,,,,0.9150,2022-05-02T14:30:00+00:00,1731,2748
summary,2022-05-05,MSFT,,,,,,,0.00,,0,,,,,,,,,,,,0.9281,2022-05-02T13:43:00+00:00,1108,2148
summary,2022-05-05,AMZN,,,,,,,0.00,,0,,,,,,,,,,,,0.9666,2022-05-02T14:30:00+00:00,623,1711
trade,2022-05-06,QQQ,Long,2022-05-06T14:49:00+00:00,2022-05-06T15:56:00+00:00,311.4184,310.2846,11.88,-13.47,-0.003641,4020000,SessionClose,window:5m thrust,hammer,0.4137,0.0000,0.3409,0.5862,0.0931,-0.3541,-0.3684,-0.0855,,,
summary,2022-05-06,QQQ,,,,,,,-13.47,,1,,,,,,,,,,,,0.9070,2022-05-03T14:00:00+00:00,1292,3045
trade,2022-05-06,AAPL,Long,2022-05-06T14:11:00+00:00,2022-05-06T15:32:00+00:00,155.8017,158.8073,23.59,70.89,0.019291,4860000,ScoreExit,window:5m thrust,shooting_star,0.3645,-0.0612,-0.0252,0.5123,0.1989,-0.2893,-0.0920,0.0765,,,
summary,2022-05-06,AAPL,,,,,,,70.89,,1,,,,,,,,,,,,0.8963,2022-05-03T14:01:00+00:00,1467,2795
summary,2022-05-06,MSFT,,,,,,,0.00,,0,,,,,,,,,,,,0.7718,2022-05-04T19:31:00+00:00,639,2199
trade,2022-05-06,AMZN,Long,2022-05-06T14:16:00+00:00,2022-05-06T15:56:00+00:00,2310.3980,2323.8726,1.60,21.51,0.005832,6000000,SessionClose,window:5m thrust,,0.6567,0.0000,0.7633,0.8777,0.1792,-0.6091,-0.6330,-0.0621,,,
summary,2022-05-06,AMZN,,,,,,,21.51,,1,,,,,,,,,,,,1.0000,2022-05-03T13:34:00+00:00,339,1741
summary,2022-05-09,QQQ,,,,,,,0.00,,0,,,,,,,,,,,,0.9632,2022-05-06T14:46:00+00:00,181,1199
summary,2022-05-09,AAPL,,,,,,,0.00,,0,,,,,,,,,,,,0.9553,2022-05-06T14:58:00+00:00,235,1183
summary,2022-05-09,MSFT,,,,,,,0.00,,0,,,,,,,,,,,,0.9608,2022-05-06T14:58:00+00:00,194,1036
trade,2022-05-09,AMZN,Long,2022-05-09T13:31:00+00:00,2022-05-09T15:32:00+00:00,2235.8105,2212.2111,1.66,-39.10,-0.010555,7260000,MaxHoldTimeout,window:5m thrust,three_outside_down,0.5787,0.0000,0.7114,0.8244,0.0429,-0.6281,-0.2681,-0.0626,,,
summary,2022-05-09,AMZN,,,,,,,-39.10,,1,,,,,,,,,,,,0.9837,2022-05-06T14:45:00+00:00,211,912
summary,2022-05-10,QQQ,,,,,,,0.00,,0,,,,,,,,,,,,0.7302,2022-05-10T17:49:00+00:00,532,1656
summary,2022-05-10,AAPL,,,,,,,0.00,,0,,,,,,,,,,,,0.6862,2022-05-10T17:49:00+00:00,607,1559
summary,2022-05-10,MSFT,,,,,,,0.00,,0,,,,,,,,,,,,0.7588,2022-05-10T17:47:00+00:00,532,1314
summary,2022-05-10,AMZN,,,,,,,0.00,,0,,,,,,,,,,,,0.9043,2022-05-09T13:38:00+00:00,307,1001
trade,2022-05-11,QQQ,Long,2022-05-11T13:49:00+00:00,2022-05-11T14:51:00+00:00,302.6858,300.3349,12.36,-29.06,-0.007767,3720000,ScoreExit,window:strong core,three_outside_up,0.6051,-0.1583,0.7002,0.6878,0.4081,-0.5450,-0.2383,0.1306,,,
summary,2022-05-11,QQQ,,,,,,,-29.06,,1,,,,,,,,,,,,0.7302,2022-05-10T17:49:00+00:00,903,2562
summary,2022-05-11,AAPL,,,,,,,0.00,,0,,,,,,,,,,,,0.6862,2022-05-10T17:49:00+00:00,908,2368
trade,2022-05-11,MSFT,Long,2022-05-11T13:49:00+00:00,2022-05-11T15:50:00+00:00,269.3558,266.2751,13.57,-41.79,-0.011437,7260000,MaxHoldTimeout,window:strong core,three_outside_up,0.4922,0.0000,0.6988,0.5207,0.3665,-0.3195,0.1525,-0.1601,,,
summary,2022-05-11,MSFT,,,,,,,-41.79,,1,,,,,,,,,,,,0.7588,2022-05-10T17:47:00+00:00,706,1971
trade,2022-05-11,AMZN,Long,2022-05-11T13:41:00+00:00,2022-05-11T15:42:00+00:00,2142.1374,2177.7114,1.72,61.35,0.016607,7260000,MaxHoldTimeout,window:5m thrust,bullish_engulfing,0.3830,0.0000,-0.4413,0.7079,0.0078,0.3161,0.3791,-0.1723,,,
summary,2022-05-11,AMZN,,,,,,,61.35,,1,,,,,,,,,,,,0.9043,2022-05-09T13:38:00+00:00,342,1484
trade,2022-05-12,QQQ,Long,2022-05-12T14:15:00+00:00,2022-05-12T15:56:00+00:00,290.9523,289.3582,12.76,-20.35,-0.005479,6060000,SessionClose,window:5m thrust,shooting_star,0.3780,0.0000,0.2616,0.5221,0.1285,-0.5404,-0.6678,-0.1984,,,
summary,2022-05-12,QQQ,,,,,,,-20.35,,1,,,,,,,,,,,,0.8767,2022-05-09T13:38:00+00:00,1027,3179
trade,2022-05-12,AAPL,Long,2022-05-12T14:16:00+00:00,2022-05-12T15:56:00+00:00,143.8231,141.9024,25.96,-49.85,-0.013355,6000000,SessionClose,window:5m thrust,hammer,0.3923,0.0000,0.4340,0.5514,0.0604,-0.5344,-0.7031,-0.1561,,,
summary,2022-05-12,AAPL,,,,,,,-49.85,,1,,,,,,,,,,,,0.6973,2022-05-10T17:49:00+00:00,920,2997
summary,2022-05-12,MSFT,,,,,,,0.00,,0,,,,,,,,,,,,0.7714,2022-05-10T17:47:00+00:00,721,2522
trade,2022-05-12,AMZN,Long,2022-05-12T14:01:00+00:00,2022-05-12T15:31:00+00:00,2088.1913,2190.1528,1.78,181.20,0.048828,5400000,ScoreExit,window:5m thrust,hammer,0.4832,-0.0907,-0.7822,0.7411,0.3893,-0.0340,-0.4304,0.5696,,,
summary,2022-05-12,AMZN,,,,,,,181.20,,1,,,,,,,,,,,,1.0000,2022-05-09T13:33:00+00:00,413,1882
trade,2022-05-13,QQQ,Long,2022-05-13T13:51:00+00:00,2022-05-13T15:56:00+00:00,297.9944,301.1846,12.39,39.52,0.010706,7500000,SessionClose,window:strong core,,0.5099,0.3271,0.5769,0.4906,0.5264,0.4227,0.1813,0.5868,,,
summary,2022-05-13,QQQ,,,,,,,39.52,,1,,,,,,,,,,,,0.9038,2022-05-10T14:04:00+00:00,1286,3179
trade,2022-05-13,AAPL,Long,2022-05-13T14:26:00+00:00,2022-05-13T15:49:00+00:00,146.2989,146.8659,24.89,14.12,0.003876,4980000,ScoreExit,window:candle reversal,shooting_star,0.3995,-0.0595,0.5369,0.4631,0.2267,-0.5261,-0.1117,0.2005,,,
summary,2022-05-13,AAPL,,,,,,,14.12,,1,,,,,,,,,,,,0.8422,2022-05-10T14:06:00+00:00,874,3030
summary,2022-05-13,MSFT,,,,,,,0.00,,0,,,,,,,,,,,,0.9006,2022-05-10T14:03:00+00:00,728,2492
trade,2022-05-13,AMZN,Long,2022-05-13T13:46:00+00:00,2022-05-13T15:01:00+00:00,2200.2695,2215.3202,1.75,26.37,0.006840,4500000,ScoreExit,window:strong core,evening_star,0.5309,-0.1502,0.7656,0.4371,0.6404,-0.6577,-0.4718,0.6622,,,
summary,2022-05-13,AMZN,,,,,,,26.37,,1,,,,,,,,,,,,0.9682,2022-05-10T14:03:00+00:00,696,1862
summary,2022-05-16,QQQ,,,,,,,0.00,,0,,,,,,,,,,,,0.9576,2022-05-13T14:54:00+00:00,765,1167
summary,2022-05-16,AAPL,,,,,,,0.00,,0,,,,,,,,,,,,0.9584,2022-05-13T14:54:00+00:00,732,1115
summary,2022-05-16,MSFT,,,,,,,0.00,,0,,,,,,,,,,,,0.9103,2022-05-13T13:53:00+00:00,590,957
summary,2022-05-16,AMZN,,,,,,,0.00,,0,,,,,,,,,,,,0.9852,2022-05-13T13:40:00+00:00,492,858
summary,2022-05-17,QQQ,,,,,,,0.00,,0,,,,,,,,,,,,0.6626,2022-05-17T08:16:00+00:00,892,1582
summary,2022-05-17,AAPL,,,,,,,0.00,,0,,,,,,,,,,,,0.8292,2022-05-16T09:15:00+00:00,977,1469
trade,2022-05-17,MSFT,Long,2022-05-17T13:31:00+00:00,2022-05-17T14:06:00+00:00,266.3849,265.5753,13.96,-11.31,-0.003039,2100000,ScoreExit,window:strong core,,0.4604,-0.0632,0.4141,0.4181,0.5602,-0.3675,-0.2106,0.3330,,,
summary,2022-05-17,MSFT,,,,,,,-11.31,,1,,,,,,,,,,,,0.8647,2022-05-16T09:04:00+00:00,824,1156
trade,2022-05-17,AMZN,Long,2022-05-17T13:31:00+00:00,2022-05-17T13:46:00+00:00,2260.2829,2257.9074,1.63,-3.86,-0.001051,900000,ScoreExit,window:5m thrust,shooting_star,0.4573,-0.2207,-0.4027,0.6657,0.3273,-0.7325,-0.4093,0.3273,,,
summary,2022-05-17,AMZN,,,,,,,-3.86,,1,,,,,,,,,,,,0.9461,2022-05-16T12:35:00+00:00,379,878
summary,2022-05-18,QQQ,,,,,,,0.00,,0,,,,,,,,,,,,0.6626,2022-05-17T08:16:00+00:00,1125,2438
summary,2022-05-18,AAPL,,,,,,,0.00,,0,,,,,,,,,,,,0.8292,2022-05-16T09:15:00+00:00,1201,2259
summary,2022-05-18,MSFT,,,,,,,0.00,,0,,,,,,,,,,,,0.8647,2022-05-16T09:04:00+00:00,945,1777
summary,2022-05-18,AMZN,,,,,,,0.00,,0,,,,,,,,,,,,0.9461,2022-05-16T12:35:00+00:00,401,1368
summary,2022-05-19,QQQ,,,,,,,0.00,,0,,,,,,,,,,,,0.8875,2022-05-16T14:17:00+00:00,1154,3092
summary,2022-05-19,AAPL,,,,,,,0.00,,0,,,,,,,,,,,,0.8902,2022-05-16T13:43:00+00:00,1059,2949
summary,2022-05-19,MSFT,,,,,,,0.00,,0,,,,,,,,,,,,0.7618,2022-05-16T14:29:00+00:00,1090,2393
summary,2022-05-19,AMZN,,,,,,,0.00,,0,,,,,,,,,,,,1.0000,2022-05-16T13:39:00+00:00,603,1829
summary,2022-05-20,QQQ,,,,,,,0.00,,0,,,,,,,,,,,,0.6432,2022-05-17T19:04:00+00:00,779,3062
summary,2022-05-20,AAPL,,,,,,,0.00,,0,,,,,,,,,,,,0.6778,2022-05-17T13:33:00+00:00,531,2973
summary,2022-05-20,MSFT,,,,,,,0.00,,0,,,,,,,,,,,,0.9309,2022-05-17T13:45:00+00:00,543,2346
summary,2022-05-20,AMZN,,,,,,,0.00,,0,,,,,,,,,,,,1.0000,2022-05-17T13:34:00+00:00,545,1829
summary,2022-05-23,QQQ,,,,,,,0.00,,0,,,,,,,,,,,,0.8237,2022-05-20T19:58:00+00:00,765,1200
trade,2022-05-23,AAPL,Long,2022-05-23T13:41:00+00:00,2022-05-23T15:56:00+00:00,139.4468,141.5375,26.38,55.15,0.014993,8100000,SessionClose,window:strong core,hammer,0.6724,0.4923,0.6001,0.5894,0.8626,0.3475,0.2750,0.9752,,,
summary,2022-05-23,AAPL,,,,,,,55.15,,1,,,,,,,,,,,,0.9332,2022-05-20T13:43:00+00:00,811,1162
trade,2022-05-23,MSFT,Long,2022-05-23T13:46:00+00:00,2022-05-23T15:56:00+00:00,256.5920,259.6971,14.29,44.38,0.012101,7800000,SessionClose,window:strong core,three_outside_up,0.5510,0.4121,0.6255,0.4322,0.7637,0.2118,0.2211,0.8608,,,
summary,2022-05-23,MSFT,,,,,,,44.38,,1,,,,,,,,,,,,0.8657,2022-05-20T13:54:00+00:00,632,1029
summary,2022-05-23,AMZN,,,,,,,0.00,,0,,,,,,,,,,,,0.9595,2022-05-20T14:28:00+00:00,339,848
summary,2022-05-24,QQQ,,,,,,,0.00,,0,,,,,,,,,,,,0.6576,2022-05-23T15:33:00+00:00,563,1629
summary,2022-05-24,AAPL,,,,,,,0.00,,0,,,,,,,,,,,,0.7516,2022-05-23T13:48:00+00:00,841,1521
summary,2022-05-24,MSFT,,,,,,,0.00,,0,,,,,,,,,,,,0.8109,2022-05-23T09:37:00+00:00,740,1215
summary,2022-05-24,AMZN,,,,,,,0.00,,0,,,,,,,,,,,,0.9017,2022-05-23T18:10:00+00:00,234,936
trade,2022-05-25,QQQ,Long,2022-05-25T13:40:00+00:00,2022-05-25T15:05:00+00:00,288.2765,288.6684,12.85,5.04,0.001360,5100000,ScoreExit,window:5m thrust,bearish_engulfing,0.3706,-0.0747,0.3948,0.5275,0.0488,-0.4892,-0.1320,0.1781,,,
summary,2022-05-25,QQQ,,,,,,,5.04,,1,,,,,,,,,,,,0.6576,2022-05-23T15:33:00+00:00,1012,2542
summary,2022-05-25,AAPL,,,,,,,0.00,,0,,,,,,,,,,,,0.7516,2022-05-23T13:48:00+00:00,1159,2370
summary,2022-05-25,MSFT,,,,,,,0.00,,0,,,,,,,,,,,,0.8109,2022-05-23T09:37:00+00:00,1197,1860
trade,2022-05-25,AMZN,Long,2022-05-25T13:37:00+00:00,2022-05-25T15:21:00+00:00,2102.6456,2135.6541,1.75,57.83,0.015699,6240000,ScoreExit,window:strong core,three_outside_up,0.7150,-0.1777,0.8319,0.8767,0.3527,-0.7441,-0.4557,0.5671,,,
summary,2022-05-25,AMZN,,,,,,,57.83,,1,,,,,,,,,,,,0.9017,2022-05-23T18:10:00+00:00,528,1377
trade,2022-05-26,QQQ,Long,2022-05-26T13:41:00+00:00,2022-05-26T15:46:00+00:00,293.6031,297.6457,12.61,50.98,0.013769,7500000,MaxHoldTimeout,window:strong core,,0.4595,0.1306,0.5519,0.4080,0.5318,0.0215,-0.0675,0.5632,,,
summary,2022-05-26,QQQ,,,,,,,50.98,,1,,,,,,,,,,,,0.9024,2022-05-23T13:45:00+00:00,1747,3138
trade,2022-05-26,AAPL,Long,2022-05-26T13:54:00+00:00,2022-05-26T15:56:00+00:00,140.4471,142.8521,26.44,63.60,0.017124,7320000,SessionClose,window:5m thrust,,0.4683,0.2771,0.4624,0.5755,0.2561,0.4503,0.0955,0.5828,,,
summary,2022-05-26,AAPL,,,,,,,63.60,,1,,,,,,,,,,,,1.0000,2022-05-23T13:40:00+00:00,1376,2983
trade,2022-05-26,MSFT,Long,2022-05-26T13:51:00+00:00,2022-05-26T15:26:00+00:00,264.4343,265.0954,14.05,9.29,0.002500,5700000,ScoreExit,window:strong core,hammer,0.4265,-0.0806,0.5370,0.4191,0.4046,-0.5069,-0.2524,0.4051,,,
summary,2022-05-26,MSFT,,,,,,,9.29,,1,,,,,,,,,,,,0.9806,2022-05-23T13:41:00+00:00,1550,2318
trade,2022-05-26,AMZN,Long,2022-05-26T13:33:00+00:00,2022-05-26T15:26:00+00:00,2175.6175,2216.1300,1.72,69.62,0.018621,6780000,ScoreExit,window:candle reversal,shooting_star,0.3629,-0.1027,0.7814,0.1510,0.6472,-0.6519,-0.3687,0.6123,,,
summary,2022-05-26,AMZN,,,,,,,69.62,,1,,,,,,,,,,,,0.9017,2022-05-23T18:10:00+00:00,802,1818
summary,2022-05-27,QQQ,,,,,,,0.00,,0,,,,,,,,,,,,0.7299,2022-05-24T16:14:00+00:00,2471,3072
summary,2022-05-27,AAPL,,,,,,,0.00,,0,,,,,,,,,,,,0.7468,2022-05-24T16:14:00+00:00,1942,2923
summary,2022-05-27,MSFT,,,,,,,0.00,,0,,,,,,,,,,,,1.0000,2022-05-24T13:32:00+00:00,1748,2261
summary,2022-05-27,AMZN,,,,,,,0.00,,0,,,,,,,,,,,,1.0000,2022-05-24T13:32:00+00:00,1220,1791
summary,2022-05-30,QQQ,,,,,,,0.00,,0,,,,,,,,,,,,0.8876,2022-05-27T14:21:00+00:00,483,503
summary,2022-05-30,AAPL,,,,,,,0.00,,0,,,,,,,,,,,,0.8949,2022-05-27T14:12:00+00:00,496,509
summary,2022-05-30,MSFT,,,,,,,0.00,,0,,,,,,,,,,,,1.0000,2022-05-27T13:36:00+00:00,364,467
summary,2022-05-30,AMZN,,,,,,,0.00,,0,,,,,,,,,,,,0.9522,2022-05-27T13:48:00+00:00,217,451
trade,2022-05-31,QQQ,Long,2022-05-31T14:41:00+00:00,2022-05-31T15:18:00+00:00,307.6873,306.8129,12.02,-10.51,-0.002842,2220000,ScoreExit,window:strong core,shooting_star,0.4979,-0.0784,0.5029,0.4466,0.5990,-0.4408,-0.0590,0.0038,,,
summary,2022-05-31,QQQ,,,,,,,-10.51,,1,,,,,,,,,,,,0.7131,2022-05-31T16:04:00+00:00,404,711
summary,2022-05-31,AAPL,,,,,,,0.00,,0,,,,,,,,,,,,0.7100,2022-05-31T16:03:00+00:00,347,673
summary,2022-05-31,MSFT,,,,,,,0.00,,0,,,,,,,,,,,,0.7581,2022-05-31T08:31:00+00:00,322,559
summary,2022-05-31,AMZN,,,,,,,0.00,,0,,,,,,,,,,,,0.9131,2022-05-31T13:32:00+00:00,363,460
summary,2022-06-01,QQQ,,,,,,,0.00,,0,,,,,,,,,,,,0.7131,2022-05-31T16:04:00+00:00,895,1581
trade,2022-06-01,AAPL,Long,2022-06-01T13:36:00+00:00,2022-06-01T14:11:00+00:00,150.4080,150.3007,24.61,-2.64,-0.000713,2100000,ScoreExit,window:candle reversal,shooting_star,0.3986,-0.0611,0.1968,0.2870,0.6890,-0.5107,-0.2425,0.4516,,,
summary,2022-06-01,AAPL,,,,,,,-2.64,,1,,,,,,,,,,,,0.7100,2022-05-31T16:03:00+00:00,808,1458
summary,2022-06-01,MSFT,,,,,,,0.00,,0,,,,,,,,,,,,0.7581,2022-05-31T08:31:00+00:00,655,1164
summary,2022-06-01,AMZN,,,,,,,0.00,,0,,,,,,,,,,,,0.9131,2022-05-31T13:32:00+00:00,699,981
summary,2022-06-02,QQQ,,,,,,,0.00,,0,,,,,,,,,,,,0.7131,2022-05-31T16:04:00+00:00,1310,2465
summary,2022-06-02,AAPL,,,,,,,0.00,,0,,,,,,,,,,,,0.7100,2022-05-31T16:03:00+00:00,1155,2229
summary,2022-06-02,MSFT,,,,,,,0.00,,0,,,,,,,,,,,,0.7581,2022-05-31T08:31:00+00:00,943,1738
trade,2022-06-02,AMZN,Long,2022-06-02T14:53:00+00:00,2022-06-02T15:56:00+00:00,2432.3421,2450.7995,1.54,28.48,0.007588,3780000,SessionClose,window:5m thrust,,0.4094,0.2651,0.2971,0.5234,0.2190,-0.4079,0.3401,0.3393,,,
summary,2022-06-02,AMZN,,,,,,,28.48,,1,,,,,,,,,,,,0.9131,2022-05-31T13:32:00+00:00,1053,1498
summary,2022-06-03,QQQ,,,,,,,0.00,,0,,,,,,,,,,,,0.9539,2022-05-31T15:04:00+00:00,1553,3044
summary,2022-06-03,AAPL,,,,,,,0.00,,0,,,,,,,,,,,,0.8162,2022-05-31T16:03:00+00:00,1214,2773
summary,2022-06-03,MSFT,,,,,,,0.00,,0,,,,,,,,,,,,0.7699,2022-05-31T16:04:00+00:00,1116,2276
summary,2022-06-03,AMZN,,,,,,,0.00,,0,,,,,,,,,,,,1.0000,2022-05-31T13:32:00+00:00,1221,1970
trade,2022-06-06,QQQ,Long,2022-06-06T14:06:00+00:00,2022-06-06T15:06:00+00:00,312.0386,311.3516,11.84,-8.13,-0.002202,3600000,ScoreExit,window:candle reversal,shooting_star,0.4261,-0.0925,0.5680,0.3166,0.5980,-0.3853,-0.3314,0.4829,,,
summary,2022-06-06,QQQ,,,,,,,-8.13,,1,,,,,,,,,,,,0.7975,2022-06-03T14:01:00+00:00,480,1174
trade,2022-06-06,AAPL,Long,2022-06-06T13:41:00+00:00,2022-06-06T15:06:00+00:00,147.6493,147.9106,25.01,6.53,0.001770,5100000,ScoreExit,window:strong core,hammer,0.4331,-0.1036,0.0305,0.4031,0.6272,-0.5026,-0.3200,0.4623,,,
summary,2022-06-06,AAPL,,,,,,,6.53,,1,,,,,,,,,,,,0.8253,2022-06-03T14:00:00+00:00,427,1135
summary,2022-06-06,MSFT,,,,,,,0.00,,0,,,,,,,,,,,,1.0000,2022-06-03T13:32:00+00:00,263,951
summary,2022-06-06,AMZN,,,,,,,0.00,,0,,,,,,,,,,,,0.7147,2022-06-03T18:56:00+00:00,485,1139
trade,2022-06-07,QQQ,Long,2022-06-07T14:33:00+00:00,2022-06-07T15:21:00+00:00,307.7173,308.1125,11.99,4.74,0.001284,2880000,ScoreExit,window:strong core,hammer,0.4694,-0.0630,0.5681,0.5057,0.3640,-0.4760,-0.1872,0.3232,,,
summary,2022-06-07,QQQ,,,,,,,4.74,,1,,,,,,,,,,,,0.6340,2022-06-06T08:00:00+00:00,539,1522
trade,2022-06-07,AAPL,Long,2022-06-07T13:31:00+00:00,2022-06-07T15:29:00+00:00,144.8985,147.0359,25.46,54.41,0.014751,7080000,ScoreExit,window:5m thrust,shooting_star,0.3880,-0.0559,0.2908,0.5028,0.1908,-0.5283,-0.3012,0.5923,,,
summary,2022-06-07,AAPL,,,,,,,54.41,,1,,,,,,,,,,,,0.5683,2022-06-07T14:04:00+00:00,568,1432
trade,2022-06-07,MSFT,Long,2022-06-07T13:47:00+00:00,2022-06-07T15:47:00+00:00,268.3655,270.3639,13.79,27.56,0.007446,7200000,ScoreExit,window:5m thrust,shooting_star,0.3732,-0.0530,0.3495,0.5541,0.0195,0.0451,-0.3352,0.4787,,,
summary,2022-06-07,MSFT,,,,,,,27.56,,1,,,,,,,,,,,,0.5829,2022-06-06T14:00:00+00:00,447,1113
trade,2022-06-07,AMZN,Long,2022-06-07T14:01:00+00:00,2022-06-07T14:11:00+00:00,122.4417,122.1783,30.72,-8.09,-0.002151,600000,ScoreExit,window:5m thrust,shooting_star,0.3729,-0.0697,0.1501,0.5129,0.1673,-0.5096,-0.1150,0.1673,,,
summary,2022-06-07,AMZN,,,,,,,-8.09,,1,,,,,,,,,,,,0.7148,2022-06-06T14:35:00+00:00,608,1571
trade,2022-06-08,QQQ,Long,2022-06-08T13:46:00+00:00,2022-06-08T14:56:00+00:00,309.6978,310.2519,11.93,6.61,0.001789,4200000,ScoreExit,window:strong core,hammer,0.4026,-0.0898,0.2068,0.4812,0.3106,-0.3580,-0.2212,0.2624,,,
summary,2022-06-08,QQQ,,,,,,,6.61,,1,,,,,,,,,,,,0.6340,2022-06-06T08:00:00+00:00,889,2351
trade,2022-06-08,AAPL,Long,2022-06-08T13:31:00+00:00,2022-06-08T14:13:00+00:00,148.5696,149.3902,25.10,20.60,0.005523,2520000,ScoreExit,window:strong core,bearish_engulfing,0.3861,-0.0510,0.3224,0.4035,0.3727,-0.2162,-0.1884,0.2789,,,
summary,2022-06-08,AAPL,,,,,,,20.60,,1,,,,,,,,,,,,0.5683,2022-06-07T14:04:00+00:00,1058,2185
summary,2022-06-08,MSFT,,,,,,,0.00,,0,,,,,,,,,,,,0.5829,2022-06-06T14:00:00+00:00,721,1652
summary,2022-06-08,AMZN,,,,,,,0.00,,0,,,,,,,,,,,,0.7148,2022-06-06T14:35:00+00:00,607,2375
summary,2022-06-09,QQQ,,,,,,,0.00,,0,,,,,,,,,,,,0.8778,2022-06-06T14:06:00+00:00,857,2886
summary,2022-06-09,AAPL,,,,,,,0.00,,0,,,,,,,,,,,,0.7820,2022-06-06T14:41:00+00:00,1158,2697
trade,2022-06-09,MSFT,Long,2022-06-09T13:56:00+00:00,2022-06-09T14:51:00+00:00,271.8865,271.4835,13.67,-5.51,-0.001482,3300000,ScoreExit,window:strong core,hammer,0.5077,-0.0794,0.6186,0.5883,0.3096,-0.5364,-0.1661,0.2465,,,
summary,2022-06-09,MSFT,,,,,,,-5.51,,1,,,,,,,,,,,,0.9062,2022-06-06T14:00:00+00:00,911,2051
summary,2022-06-09,AMZN,,,,,,,0.00,,0,,,,,,,,,,,,1.0000,2022-06-06T13:41:00+00:00,123,2880
summary,2022-06-10,QQQ,,,,,,,0.00,,0,,,,,,,,,,,,0.9567,2022-06-07T14:42:00+00:00,1164,2929
summary,2022-06-10,AAPL,,,,,,,0.00,,0,,,,,,,,,,,,1.0000,2022-06-07T13:35:00+00:00,1146,2692
summary,2022-06-10,MSFT,,,,,,,0.00,,0,,,,,,,,,,,,1.0000,2022-06-07T13:40:00+00:00,924,2050
summary,2022-06-10,AMZN,,,,,,,0.00,,0,,,,,,,,,,,,0.9533,2022-06-07T14:48:00+00:00,615,2832
summary,2022-06-13,QQQ,,,,,,,0.00,,0,,,,,,,,,,,,0.5469,2022-06-10T19:27:00+00:00,186,1202
summary,2022-06-13,AAPL,,,,,,,0.00,,0,,,,,,,,,,,,0.6075,2022-06-10T13:31:00+00:00,346,1187
summary,2022-06-13,MSFT,,,,,,,0.00,,0,,,,,,,,,,,,0.3927,2022-06-10T19:27:00+00:00,136,1059
summary,2022-06-13,AMZN,,,,,,,0.00,,0,,,,,,,,,,,,0.4299,2022-06-10T13:31:00+00:00,158,1166
summary,2022-06-14,QQQ,,,,,,,0.00,,0,,,,,,,,,,,,0.6669,2022-06-13T16:38:00+00:00,541,1638
summary,2022-06-14,AAPL,,,,,,,0.00,,0,,,,,,,,,,,,0.6315,2022-06-13T13:59:00+00:00,751,1530
summary,2022-06-14,MSFT,,,,,,,0.00,,0,,,,,,,,,,,,0.6281,2022-06-13T16:38:00+00:00,577,1272
summary,2022-06-14,AMZN,,,,,,,0.00,,0,,,,,,,,,,,,0.6628,2022-06-13T16:38:00+00:00,648,1534
summary,2022-06-15,QQQ,,,,,,,0.00,,0,,,,,,,,,,,,0.6669,2022-06-13T16:38:00+00:00,1125,2519
summary,2022-06-15,AAPL,,,,,,,0.00,,0,,,,,,,,,,,,0.6315,2022-06-13T13:59:00+00:00,1384,2328
summary,2022-06-15,MSFT,,,,,,,0.00,,0,,,,,,,,,,,,0.6365,2022-06-15T18:44:00+00:00,1088,1867
trade,2022-06-15,AMZN,Long,2022-06-15T13:31:00+00:00,2022-06-15T15:56:00+00:00,104.0462,106.2431,34.47,75.72,0.021115,8700000,SessionClose,window:strong core,hammer,0.4614,0.3580,0.4552,0.5068,0.3726,0.3658,0.2319,0.6075,,,
summary,2022-06-15,AMZN,,,,,,,75.72,,1,,,,,,,,,,,,0.6628,2022-06-13T16:38:00+00:00,1099,2381
summary,2022-06-16,QQQ,,,,,,,0.00,,0,,,,,,,,,,,,0.8271,2022-06-13T13:37:00+00:00,1197,3149
summary,2022-06-16,AAPL,,,,,,,0.00,,0,,,,,,,,,,,,0.9230,2022-06-13T13:43:00+00:00,1368,2923
summary,2022-06-16,MSFT,,,,,,,0.00,,0,,,,,,,,,,,,1.0000,2022-06-13T13:36:00+00:00,1080,2352
summary,2022-06-16,AMZN,,,,,,,0.00,,0,,,,,,,,,,,,1.0000,2022-06-13T13:32:00+00:00,1342,2988
summary,2022-06-17,QQQ,,,,,,,0.00,,0,,,,,,,,,,,,0.9053,2022-06-14T14:02:00+00:00,1181,3140
trade,2022-06-17,AAPL,Long,2022-06-17T13:46:00+00:00,2022-06-17T15:47:00+00:00,131.9347,131.5954,27.98,-9.49,-0.002571,7260000,MaxHoldTimeout,window:5m thrust,shooting_star,0.3746,0.0000,0.3760,0.5352,0.0527,-0.5814,0.1436,-0.0947,,,
summary,2022-06-17,AAPL,,,,,,,-9.49,,1,,,,,,,,,,,,0.8893,2022-06-14T13:58:00+00:00,1230,2938
trade,2022-06-17,MSFT,Long,2022-06-17T13:42:00+00:00,2022-06-17T15:43:00+00:00,248.3195,247.7507,14.96,-8.51,-0.002291,7260000,MaxHoldTimeout,window:strong core,shooting_star,0.4127,0.2036,0.5822,0.4348,0.3119,-0.3297,0.2772,0.2342,,,
summary,2022-06-17,MSFT,,,,,,,-8.51,,1,,,,,,,,,,,,0.7147,2022-06-14T14:49:00+00:00,1287,2332
trade,2022-06-17,AMZN,Long,2022-06-17T13:41:00+00:00,2022-06-17T14:36:00+00:00,105.0265,104.5336,35.68,-17.59,-0.004693,3300000,ScoreExit,window:strong core,three_outside_up,0.4796,-0.0674,0.6280,0.4985,0.3924,-0.5727,-0.0924,0.1508,,,
summary,2022-06-17,AMZN,,,,,,,-17.59,,1,,,,,,,,,,,,0.8520,2022-06-14T14:02:00+00:00,1456,2928
summary,2022-06-20,QQQ,,,,,,,0.00,,0,,,,,,,,,,,,1.0000,2022-06-17T13:41:00+00:00,402,495
summary,2022-06-20,AAPL,,,,,,,0.00,,0,,,,,,,,,,,,1.0000,2022-06-17T13:33:00+00:00,389,503
summary,2022-06-20,MSFT,,,,,,,0.00,,0,,,,,,,,,,,,1.0000,2022-06-17T13:32:00+00:00,352,445
summary,2022-06-20,AMZN,,,,,,,0.00,,0,,,,,,,,,,,,1.0000,2022-06-17T13:32:00+00:00,468,493
trade,2022-06-21,QQQ,Long,2022-06-21T13:36:00+00:00,2022-06-21T15:37:00+00:00,280.7792,282.4602,13.18,22.16,0.005987,7260000,MaxHoldTimeout,window:strong core,three_outside_up,0.6636,-0.0415,0.6207,0.5026,1.0000,-0.5369,-0.3164,0.6733,,,
summary,2022-06-21,QQQ,,,,,,,22.16,,1,,,,,,,,,,,,0.7219,2022-06-21T14:04:00+00:00,285,708
trade,2022-06-21,AAPL,Long,2022-06-21T13:33:00+00:00,2022-06-21T15:37:00+00:00,134.1052,136.4890,27.60,65.80,0.017776,7440000,MaxHoldTimeout,window:strong core,bullish_engulfing,0.5194,0.1495,0.5237,0.4930,0.5708,-0.3568,-0.1914,1.0000,,,
summary,2022-06-21,AAPL,,,,,,,65.80,,1,,,,,,,,,,,,0.7560,2022-06-21T08:02:00+00:00,314,659
trade,2022-06-21,MSFT,Long,2022-06-21T13:34:00+00:00,2022-06-21T15:37:00+00:00,251.6405,253.6789,14.71,29.98,0.008100,7380000,MaxHoldTimeout,window:strong core,shooting_star,0.6072,0.0511,0.6065,0.4109,1.0000,-0.2662,-0.1743,0.6079,,,
summary,2022-06-21,MSFT,,,,,,,29.98,,1,,,,,,,,,,,,0.8100,2022-06-21T08:00:00+00:00,303,532
summary,2022-06-21,AMZN,,,,,,,0.00,,0,,,,,,,,,,,,0.7430,2022-06-21T14:15:00+00:00,204,630
trade,2022-06-22,QQQ,Long,2022-06-22T13:31:00+00:00,2022-06-22T15:39:00+00:00,278.4185,283.9448,13.35,73.80,0.019849,7680000,MaxHoldTimeout,window:5m thrust,,0.3992,0.1494,0.0887,0.5286,0.2438,0.0153,-0.0326,0.5582,,,
summary,2022-06-22,QQQ,,,,,,,73.80,,1,,,,,,,,,,,,0.7219,2022-06-21T14:04:00+00:00,677,1585
trade,2022-06-22,AAPL,Long,2022-06-22T13:51:00+00:00,2022-06-22T15:15:00+00:00,134.6054,136.2241,27.86,45.10,0.012026,5040000,ScoreExit,window:5m thrust,hammer,0.3673,-0.0559,-0.1464,0.5166,0.2398,-0.4902,-0.2307,0.4386,,,
summary,2022-06-22,AAPL,,,,,,,45.10,,1,,,,,,,,,,,,0.7560,2022-06-21T08:02:00+00:00,742,1485
summary,2022-06-22,MSFT,,,,,,,0.00,,0,,,,,,,,,,,,0.8100,2022-06-21T08:00:00+00:00,680,1126
summary,2022-06-22,AMZN,,,,,,,0.00,,0,,,,,,,,,,,,0.7430,2022-06-21T14:15:00+00:00,583,1373
trade,2022-06-23,QQQ,Long,2022-06-23T14:41:00+00:00,2022-06-23T15:32:00+00:00,284.4803,283.7531,13.24,-9.63,-0.002556,3060000,ScoreExit,window:strong core,shooting_star,0.4306,-0.0653,0.5855,0.4467,0.3468,-0.5717,-0.1266,0.2262,,,
summary,2022-06-23,QQQ,,,,,,,-9.63,,1,,,,,,,,,,,,0.7219,2022-06-21T14:04:00+00:00,1149,2493
trade,2022-06-23,AAPL,Long,2022-06-23T14:41:00+00:00,2022-06-23T15:31:00+00:00,137.4962,137.6938,27.53,5.44,0.001437,3000000,ScoreExit,window:strong core,shooting_star,0.4467,-0.0617,0.5363,0.4508,0.4087,-0.5248,-0.1759,0.3210,,,
summary,2022-06-23,AAPL,,,,,,,5.44,,1,,,,,,,,,,,,0.7560,2022-06-21T08:02:00+00:00,1211,2314
trade,2022-06-23,MSFT,Long,2022-06-23T14:01:00+00:00,2022-06-23T15:32:00+00:00,256.7220,256.9879,14.66,3.90,0.001036,5460000,ScoreExit,window:candle reversal,shooting_star,0.3683,-0.0596,0.5859,0.2868,0.4589,-0.5526,-0.1610,0.3075,,,
summary,2022-06-23,MSFT,,,,,,,3.90,,1,,,,,,,,,,,,0.8100,2022-06-21T08:00:00+00:00,1079,1709
trade,2022-06-23,AMZN,Long,2022-06-23T14:41:00+00:00,2022-06-23T15:36:00+00:00,110.8427,110.7417,34.63,-3.50,-0.000912,3300000,ScoreExit,window:strong core,hammer,0.4999,-0.0621,0.5449,0.4789,0.5270,-0.5351,-0.1971,0.3656,,,
summary,2022-06-23,AMZN,,,,,,,-3.50,,1,,,,,,,,,,,,0.7430,2022-06-21T14:15:00+00:00,1066,2136
trade,2022-06-24,QQQ,Long,2022-06-24T13:31:00+00:00,2022-06-24T15:11:00+00:00,288.0114,291.5475,13.00,45.96,0.012278,6000000,ScoreExit,window:strong core,three_outside_up,0.4463,-0.0537,0.3543,0.4295,0.5106,-0.5520,-0.2592,0.5233,,,
summary,2022-06-24,QQQ,,,,,,,45.96,,1,,,,,,,,,,,,1.0000,2022-06-21T13:36:00+00:00,1743,3065
trade,2022-06-24,AAPL,Long,2022-06-24T13:31:00+00:00,2022-06-24T14:41:00+00:00,140.1070,140.3329,26.60,6.01,0.001612,4200000,ScoreExit,window:candle reversal,evening_star,0.4378,-0.0545,0.4766,0.4385,0.4236,-0.4464,-0.2458,0.4587,,,
summary,2022-06-24,AAPL,,,,,,,6.01,,1,,,,,,,,,,,,1.0000,2022-06-21T13:33:00+00:00,1744,2845
trade,2022-06-24,MSFT,Long,2022-06-24T13:31:00+00:00,2022-06-24T15:14:00+00:00,262.9138,264.6856,14.38,25.48,0.006739,6180000,ScoreExit,window:strong core,hammer,0.5524,-0.0558,0.5955,0.5563,0.5301,-0.5488,-0.2430,0.4830,,,
summary,2022-06-24,MSFT,,,,,,,25.48,,1,,,,,,,,,,,,1.0000,2022-06-21T13:33:00+00:00,1528,2170
trade,2022-06-24,AMZN,Long,2022-06-24T13:41:00+00:00,2022-06-24T15:16:00+00:00,113.6691,114.3207,33.28,21.68,0.005732,5700000,ScoreExit,window:strong core,bearish_engulfing,0.4698,-0.1003,0.4436,0.4686,0.4810,-0.5636,-0.3570,0.5677,,,
summary,2022-06-24,AMZN,,,,,,,21.68,,1,,,,,,,,,,,,1.0000,2022-06-21T13:35:00+00:00,1630,2695
summary,2022-06-27,QQQ,,,,,,,0.00,,0,,,,,,,,,,,,0.9007,2022-06-24T14:02:00+00:00,869,1189
summary,2022-06-27,AAPL,,,,,,,0.00,,0,,,,,,,,,,,,0.9193,2022-06-24T13:36:00+00:00,719,1144
summary,2022-06-27,MSFT,,,,,,,0.00,,0,,,,,,,,,,,,1.0000,2022-06-24T13:32:00+00:00,415,1008
summary,2022-06-27,AMZN,,,,,,,0.00,,0,,,,,,,,,,,,1.0000,2022-06-24T13:33:00+00:00,718,1125
trade,2022-06-28,QQQ,Long,2022-06-28T13:33:00+00:00,2022-06-28T14:01:00+00:00,294.9935,294.0167,12.55,-12.26,-0.003311,1680000,ScoreExit,window:strong core,bullish_engulfing,0.4231,-0.1288,0.5825,0.4368,0.3425,-0.1091,-0.2778,0.1627,,,
summary,2022-06-28,QQQ,,,,,,,-12.26,,1,,,,,,,,,,,,0.5347,2022-06-27T14:57:00+00:00,411,1534
trade,2022-06-28,AAPL,Long,2022-06-28T13:31:00+00:00,2022-06-28T14:01:00+00:00,142.4877,142.3223,25.97,-4.30,-0.001161,1800000,ScoreExit,window:strong core,shooting_star,0.4323,-0.1721,0.5324,0.4784,0.3068,-0.3913,-0.2979,0.1526,,,
summary,2022-06-28,AAPL,,,,,,,-4.30,,1,,,,,,,,,,,,0.5213,2022-06-27T15:59:00+00:00,476,1384
summary,2022-06-28,MSFT,,,,,,,0.00,,0,,,,,,,,,,,,0.4307,2022-06-27T14:56:00+00:00,141,1053
summary,2022-06-28,AMZN,,,,,,,0.00,,0,,,,,,,,,,,,0.5489,2022-06-27T08:08:00+00:00,152,1393
summary,2022-06-29,QQQ,,,,,,,0.00,,0,,,,,,,,,,,,0.5347,2022-06-27T14:57:00+00:00,411,2416
trade,2022-06-29,AAPL,Long,2022-06-29T13:59:00+00:00,2022-06-29T15:16:00+00:00,139.3868,139.7930,26.53,10.78,0.002915,4620000,ScoreExit,window:5m thrust,shooting_star,0.4336,-0.0544,0.4279,0.6032,0.0961,-0.3570,-0.1141,0.1658,,,
summary,2022-06-29,AAPL,,,,,,,10.78,,1,,,,,,,,,,,,0.5213,2022-06-27T15:59:00+00:00,720,2164
trade,2022-06-29,MSFT,Long,2022-06-29T13:58:00+00:00,2022-06-29T15:02:00+00:00,260.3331,260.6768,14.22,4.89,0.001320,3840000,ScoreExit,window:5m thrust,,0.4911,-0.0543,0.5422,0.6645,0.1271,-0.5362,-0.0720,0.1417,,,
summary,2022-06-29,MSFT,,,,,,,4.89,,1,,,,,,,,,,,,0.5710,2022-06-29T14:03:00+00:00,382,1616
trade,2022-06-29,AMZN,Long,2022-06-29T13:40:00+00:00,2022-06-29T14:56:00+00:00,108.6076,110.0820,33.41,49.25,0.013575,4560000,ScoreExit,window:5m thrust,three_outside_up,0.3698,-0.0742,0.2709,0.5056,0.1313,-0.3393,-0.1307,0.1270,,,
summary,2022-06-29,AMZN,,,,,,,49.25,,1,,,,,,,,,,,,0.5489,2022-06-27T08:08:00+00:00,325,2176
summary,2022-06-30,QQQ,,,,,,,0.00,,0,,,,,,,,,,,,0.9347,2022-06-27T14:57:00+00:00,481,2985
summary,2022-06-30,AAPL,,,,,,,0.00,,0,,,,,,,,,,,,0.8555,2022-06-27T14:57:00+00:00,550,2678
summary,2022-06-30,MSFT,,,,,,,0.00,,0,,,,,,,,,,,,0.7832,2022-06-27T14:56:00+00:00,511,2074
summary,2022-06-30,AMZN,,,,,,,0.00,,0,,,,,,,,,,,,0.7081,2022-06-27T14:57:00+00:00,448,2685
summary,2022-07-01,QQQ,,,,,,,0.00,,0,,,,,,,,,,,,0.7391,2022-06-28T13:32:00+00:00,286,3024
trade,2022-07-01,AAPL,Long,2022-07-01T13:51:00+00:00,2022-07-01T15:52:00+00:00,137.4862,136.5190,27.05,-26.16,-0.007035,7260000,MaxHoldTimeout,window:5m thrust,bullish_engulfing,0.3635,0.0000,0.2923,0.5227,0.0687,-0.5368,-0.1986,-0.1584,,,
summary,2022-07-01,AAPL,,,,,,,-26.16,,1,,,,,,,,,,,,1.0000,2022-06-28T13:34:00+00:00,660,2745
summary,2022-07-01,MSFT,,,,,,,0.00,,0,,,,,,,,,,,,1.0000,2022-06-28T13:32:00+00:00,685,2130
trade,2022-07-01,AMZN,Long,2022-07-01T13:31:00+00:00,2022-07-01T14:26:00+00:00,107.2872,107.0729,34.54,-7.40,-0.001998,3300000,ScoreExit,window:candle reversal,shooting_star,0.3913,-0.1211,0.5763,0.4207,0.2709,-0.5257,-0.1515,0.0744,,,
summary,2022-07-01,AMZN,,,,,,,-7.40,,1,,,,,,,,,,,,1.0000,2022-06-28T13:32:00+00:00,898,2694
summary,2022-07-04,QQQ,,,,,,,0.00,,0,,,,,,,,,,,,0.9362,2022-07-01T13:46:00+00:00,286,477
summary,2022-07-04,AAPL,,,,,,,0.00,,0,,,,,,,,,,,,0.9290,2022-07-01T13:46:00+00:00,341,489
summary,2022-07-04,MSFT,,,,,,,0.00,,0,,,,,,,,,,,,0.8987,2022-07-01T13:57:00+00:00,297,431
summary,2022-07-04,AMZN,,,,,,,0.00,,0,,,,,,,,,,,,0.9262,2022-07-01T13:46:00+00:00,405,487
trade,2022-07-05,QQQ,Long,2022-07-05T14:11:00+00:00,2022-07-05T15:12:00+00:00,278.5585,278.7913,13.29,3.09,0.000836,3660000,ScoreExit,window:strong core,three_outside_up,0.3986,-0.1569,0.4466,0.4128,0.3542,-0.5677,-0.1799,0.0261,,,
summary,2022-07-05,QQQ,,,,,,,3.09,,1,,,,,,,,,,,,0.7087,2022-07-05T14:38:00+00:00,364,692
trade,2022-07-05,AAPL,Long,2022-07-05T13:46:00+00:00,2022-07-05T15:06:00+00:00,138.2215,138.4135,26.78,5.14,0.001389,4800000,ScoreExit,window:strong core,shooting_star,0.6025,-0.0579,0.5672,0.4640,0.8914,-0.5332,-0.1542,0.2933,,,
summary,2022-07-05,AAPL,,,,,,,5.14,,1,,,,,,,,,,,,0.6364,2022-07-05T13:47:00+00:00,361,615
trade,2022-07-05,MSFT,Long,2022-07-05T14:11:00+00:00,2022-07-05T15:03:00+00:00,256.8420,256.5380,14.41,-4.38,-0.001184,3120000,ScoreExit,window:strong core,three_outside_up,0.5158,-0.0513,0.5309,0.4321,0.6782,-0.5223,-0.0924,0.1878,,,
summary,2022-07-05,MSFT,,,,,,,-4.38,,1,,,,,,,,,,,,0.6374,2022-07-05T14:38:00+00:00,341,498
trade,2022-07-05,AMZN,Long,2022-07-05T13:46:00+00:00,2022-07-05T15:56:00+00:00,108.2775,111.7415,34.17,118.38,0.031992,7800000,SessionClose,window:strong core,,0.6124,0.5035,0.6060,0.4197,1.0000,0.3220,0.2856,1.0000,,,
summary,2022-07-05,AMZN,,,,,,,118.38,,1,,,,,,,,,,,,0.7459,2022-07-05T14:13:00+00:00,396,583
summary,2022-07-06,QQQ,,,,,,,0.00,,0,,,,,,,,,,,,0.7087,2022-07-05T14:38:00+00:00,1106,1590
summary,2022-07-06,AAPL,,,,,,,0.00,,0,,,,,,,,,,,,0.6364,2022-07-05T13:47:00+00:00,998,1382
summary,2022-07-06,MSFT,,,,,,,0.00,,0,,,,,,,,,,,,0.6374,2022-07-05T14:38:00+00:00,835,1063
trade,2022-07-06,AMZN,Long,2022-07-06T14:41:00+00:00,2022-07-06T15:27:00+00:00,113.6991,113.2810,33.15,-13.86,-0.003677,2760000,ScoreExit,window:strong core,shooting_star,0.4793,-0.0887,0.4032,0.4280,0.6073,-0.5171,-0.2921,0.4607,,,
summary,2022-07-06,AMZN,,,,,,,-13.86,,1,,,,,,,,,,,,0.7459,2022-07-05T14:13:00+00:00,1052,1322
trade,2022-07-07,QQQ,Long,2022-07-07T13:31:00+00:00,2022-07-07T15:32:00+00:00,290.5721,292.3823,12.68,22.96,0.006229,7260000,MaxHoldTimeout,window:candle reversal,shooting_star,0.4732,0.0562,0.5601,0.4162,0.5583,-0.4372,-0.1213,0.5756,,,
summary,2022-07-07,QQQ,,,,,,,22.96,,1,,,,,,,,,,,,0.7087,2022-07-05T14:38:00+00:00,1882,2450
trade,2022-07-07,AAPL,Long,2022-07-07T13:36:00+00:00,2022-07-07T15:37:00+00:00,144.1882,145.1614,25.81,25.12,0.006749,7260000,MaxHoldTimeout,window:strong core,hammer,0.4755,0.0095,0.5490,0.4132,0.5755,0.2453,-0.2951,0.5401,,,
summary,2022-07-07,AAPL,,,,,,,25.12,,1,,,,,,,,,,,,0.6364,2022-07-05T13:47:00+00:00,1665,2146
trade,2022-07-07,MSFT,Long,2022-07-07T13:51:00+00:00,2022-07-07T15:21:00+00:00,267.0751,267.9346,13.92,11.96,0.003218,5400000,ScoreExit,window:strong core,hammer,0.4368,-0.0930,0.5364,0.4445,0.3885,-0.5176,-0.2644,0.3911,,,
summary,2022-07-07,MSFT,,,,,,,11.96,,1,,,,,,,,,,,,0.6374,2022-07-05T14:38:00+00:00,1258,1616
trade,2022-07-07,AMZN,Long,2022-07-07T13:55:00+00:00,2022-07-07T14:21:00+00:00,115.1495,114.1407,32.57,-32.86,-0.008761,1560000,ScoreExit,window:candle reversal,bearish_engulfing,0.3144,-0.1020,0.3737,0.3063,0.3108,-0.3254,-0.2887,0.3458,,,
trade,2022-07-07,AMZN,Long,2022-07-07T14:57:00+00:00,2022-07-07T15:56:00+00:00,114.9695,115.9702,32.41,32.43,0.008704,3540000,SessionClose,window:candle reversal,shooting_star,0.3102,0.4283,0.4625,0.2670,0.3458,0.0715,0.4316,0.5405,,,
summary,2022-07-07,AMZN,,,,,,,-0.43,,2,,,,,,,,,,,,0.7459,2022-07-05T14:13:00+00:00,1668,2051
trade,2022-07-08,QQQ,Long,2022-07-08T13:41:00+00:00,2022-07-08T13:51:00+00:00,293.2429,291.4176,12.57,-22.95,-0.006225,600000,ScoreExit,window:candle reversal,shooting_star,0.3277,-0.0631,0.4084,0.3395,0.2772,-0.6152,-0.1413,0.2772,,,
trade,2022-07-08,QQQ,Long,2022-07-08T14:26:00+00:00,2022-07-08T15:56:00+00:00,293.9732,295.7862,12.48,22.63,0.006167,5400000,SessionClose,window:strong core,bullish_engulfing,0.4583,0.2153,0.5727,0.4396,0.4575,0.3729,0.0714,0.4506,,,
summary,2022-07-08,QQQ,,,,,,,-0.32,,2,,,,,,,,,,,,0.9041,2022-07-05T14:38:00+00:00,2558,3013
trade,2022-07-08,AAPL,Long,2022-07-08T13:41:00+00:00,2022-07-08T15:42:00+00:00,146.2138,147.1109,25.40,22.79,0.006135,7260000,MaxHoldTimeout,window:candle reversal,shooting_star,0.3804,0.1419,0.5210,0.4123,0.2697,-0.4722,0.1077,0.4150,,,
summary,2022-07-08,AAPL,,,,,,,22.79,,1,,,,,,,,,,,,0.8972,2022-07-05T14:37:00+00:00,2235,2683
summary,2022-07-08,MSFT,,,,,,,0.00,,0,,,,,,,,,,,,0.8990,2022-07-05T14:38:00+00:00,1650,2060
trade,2022-07-08,AMZN,Long,2022-07-08T14:31:00+00:00,2022-07-08T15:46:00+00:00,115.7220,115.9802,31.81,8.21,0.002231,4500000,ScoreExit,window:strong core,hammer,0.4446,-0.0649,0.5825,0.4419,0.4041,-0.5705,-0.2220,0.4179,,,
summary,2022-07-08,AMZN,,,,,,,8.21,,1,,,,,,,,,,,,1.0000,2022-07-05T13:41:00+00:00,2166,2599
summary,2022-07-11,QQQ,,,,,,,0.00,,0,,,,,,,,,,,,0.9555,2022-07-08T15:02:00+00:00,388,1165
summary,2022-07-11,AAPL,,,,,,,0.00,,0,,,,,,,,,,,,1.0000,2022-07-08T13:41:00+00:00,420,1111
summary,2022-07-11,MSFT,,,,,,,0.00,,0,,,,,,,,,,,,0.9578,2022-07-08T15:01:00+00:00,488,911
summary,2022-07-11,AMZN,,,,,,,0.00,,0,,,,,,,,,,,,0.9723,2022-07-08T13:41:00+00:00,497,1009
summary,2022-07-12,QQQ,,,,,,,0.00,,0,,,,,,,,,,,,0.6021,2022-07-11T09:13:00+00:00,658,1556
trade,2022-07-12,AAPL,Long,2022-07-12T13:31:00+00:00,2022-07-12T15:41:00+00:00,146.2489,147.6807,25.28,36.19,0.009790,7800000,MaxHoldTimeout,window:strong core,,0.4861,0.1480,0.5189,0.4442,0.5590,-0.3561,-0.0738,0.7596,,,
summary,2022-07-12,AAPL,,,,,,,36.19,,1,,,,,,,,,,,,0.6513,2022-07-11T09:38:00+00:00,917,1370
summary,2022-07-12,MSFT,,,,,,,0.00,,0,,,,,,,,,,,,0.6761,2022-07-11T11:07:00+00:00,422,1021
summary,2022-07-12,AMZN,,,,,,,0.00,,0,,,,,,,,,,,,0.6534,2022-07-11T08:37:00+00:00,420,1285
trade,2022-07-13,QQQ,Long,2022-07-13T14:50:00+00:00,2022-07-13T15:26:00+00:00,286.8410,285.5093,12.89,-17.17,-0.004643,2160000,ScoreExit,window:5m thrust,shooting_star,0.4084,-0.1187,0.2853,0.5721,0.1221,-0.5789,-0.1031,0.0037,,,
summary,2022-07-13,QQQ,,,,,,,-17.17,,1,,,,,,,,,,,,0.6021,2022-07-11T09:13:00+00:00,892,2398
summary,2022-07-13,AAPL,,,,,,,0.00,,0,,,,,,,,,,,,0.6513,2022-07-11T09:38:00+00:00,1330,2099
summary,2022-07-13,MSFT,,,,,,,0.00,,0,,,,,,,,,,,,0.6761,2022-07-11T11:07:00+00:00,588,1678
trade,2022-07-13,AMZN,Long,2022-07-13T14:01:00+00:00,2022-07-13T15:44:00+00:00,108.3975,110.5468,34.12,73.33,0.019828,6180000,ScoreExit,window:5m thrust,hammer,0.4308,-0.0863,-0.1704,0.6031,0.2868,-0.5532,-0.2027,0.3023,,,
summary,2022-07-13,AMZN,,,,,,,73.33,,1,,,,,,,,,,,,0.6534,2022-07-11T08:37:00+00:00,696,2010
summary,2022-07-14,QQQ,,,,,,,0.00,,0,,,,,,,,,,,,0.6849,2022-07-11T14:41:00+00:00,758,3006
summary,2022-07-14,AAPL,,,,,,,0.00,,0,,,,,,,,,,,,0.9544,2022-07-11T14:40:00+00:00,1404,2650
summary,2022-07-14,MSFT,,,,,,,0.00,,0,,,,,,,,,,,,0.9571,2022-07-11T14:41:00+00:00,726,2170
summary,2022-07-14,AMZN,,,,,,,0.00,,0,,,,,,,,,,,,0.9226,2022-07-11T14:40:00+00:00,674,2583
summary,2022-07-15,QQQ,,,,,,,0.00,,0,,,,,,,,,,,,0.7224,2022-07-12T13:38:00+00:00,1370,3004
summary,2022-07-15,AAPL,,,,,,,0.00,,0,,,,,,,,,,,,1.0000,2022-07-12T13:36:00+00:00,1538,2676
summary,2022-07-15,MSFT,,,,,,,0.00,,0,,,,,,,,,,,,0.5329,2022-07-15T14:17:00+00:00,915,2225
summary,2022-07-15,AMZN,,,,,,,0.00,,0,,,,,,,,,,,,0.9747,2022-07-12T13:31:00+00:00,1315,2599
trade,2022-07-18,QQQ,Long,2022-07-18T13:56:00+00:00,2022-07-18T14:46:00+00:00,295.9938,294.4666,12.50,-19.09,-0.005159,3000000,ScoreExit,window:candle reversal,shooting_star,0.3650,-0.0791,0.5007,0.2642,0.5212,-0.4970,-0.2954,0.4927,,,
summary,2022-07-18,QQQ,,,,,,,-19.09,,1,,,,,,,,,,,,0.7166,2022-07-15T14:00:00+00:00,821,1163
trade,2022-07-18,AAPL,Long,2022-07-18T14:02:00+00:00,2022-07-18T15:56:00+00:00,151.5938,151.3218,24.36,-6.62,-0.001794,6840000,SessionClose,window:candle reversal,shooting_star,0.3617,0.3765,0.5541,0.2577,0.5055,0.5017,0.2820,0.5238,,,
summary,2022-07-18,AAPL,,,,,,,-6.62,,1,,,,,,,,,,,,0.7998,2022-07-15T13:32:00+00:00,528,1103
trade,2022-07-18,MSFT,Long,2022-07-18T13:36:00+00:00,2022-07-18T14:21:00+00:00,259.8829,259.5771,14.24,-4.35,-0.001177,2700000,ScoreExit,window:candle reversal,shooting_star,0.3380,-0.0539,0.3675,0.2380,0.5281,-0.4516,-0.2395,0.4498,,,
summary,2022-07-18,MSFT,,,,,,,-4.35,,1,,,,,,,,,,,,1.0000,2022-07-15T13:35:00+00:00,355,944
summary,2022-07-18,AMZN,,,,,,,0.00,,0,,,,,,,,,,,,1.0000,2022-07-15T13:32:00+00:00,715,1067
trade,2022-07-19,QQQ,Long,2022-07-19T14:31:00+00:00,2022-07-19T15:56:00+00:00,294.0032,295.7063,12.58,21.43,0.005793,5100000,SessionClose,window:candle reversal,shooting_star,0.3606,0.2853,0.5596,0.2219,0.5718,0.3932,0.1195,0.5810,,,
summary,2022-07-19,QQQ,,,,,,,21.43,,1,,,,,,,,,,,,0.5696,2022-07-18T08:28:00+00:00,731,1562
trade,2022-07-19,AAPL,Long,2022-07-19T14:41:00+00:00,2022-07-19T15:56:00+00:00,148.6946,149.7101,24.82,25.20,0.006829,4500000,SessionClose,window:strong core,three_outside_up,0.4164,0.1735,0.5560,0.4357,0.3312,0.1788,-0.0065,0.5319,,,
summary,2022-07-19,AAPL,,,,,,,25.20,,1,,,,,,,,,,,,0.5367,2022-07-19T15:07:00+00:00,516,1457
trade,2022-07-19,MSFT,Long,2022-07-19T14:51:00+00:00,2022-07-19T15:56:00+00:00,257.0221,257.3678,14.37,4.97,0.001345,3900000,SessionClose,window:candle reversal,shooting_star,0.4023,0.1816,0.5359,0.4386,0.2850,0.4157,0.0360,0.3947,,,
summary,2022-07-19,MSFT,,,,,,,4.97,,1,,,,,,,,,,,,0.7113,2022-07-18T08:29:00+00:00,452,1106
trade,2022-07-19,AMZN,Long,2022-07-19T14:51:00+00:00,2022-07-19T15:56:00+00:00,115.6797,116.4146,32.01,23.52,0.006353,3900000,SessionClose,window:strong core,,0.4765,0.4222,0.5050,0.4243,0.5716,0.5003,0.2605,0.7195,,,
summary,2022-07-19,AMZN,,,,,,,23.52,,1,,,,,,,,,,,,0.6714,2022-07-18T15:33:00+00:00,766,1305
trade,2022-07-20,QQQ,Long,2022-07-20T14:31:00+00:00,2022-07-20T15:56:00+00:00,301.3504,303.6439,12.33,28.27,0.007611,5100000,SessionClose,window:strong core,three_outside_up,0.4796,0.1927,0.5586,0.4438,0.5250,0.1453,0.0411,0.5118,,,
summary,2022-07-20,QQQ,,,,,,,28.27,,1,,,,,,,,,,,,0.5696,2022-07-18T08:28:00+00:00,1442,2479
trade,2022-07-20,AAPL,Long,2022-07-20T14:26:00+00:00,2022-07-20T15:56:00+00:00,151.5004,153.1790,24.46,41.05,0.011080,5400000,SessionClose,window:candle reversal,shooting_star,0.4275,0.0837,0.4777,0.3761,0.5137,-0.0419,-0.0957,0.4846,,,
summary,2022-07-20,AAPL,,,,,,,41.05,,1,,,,,,,,,,,,0.5367,2022-07-19T15:07:00+00:00,1164,2275
trade,2022-07-20,MSFT,Long,2022-07-20T14:51:00+00:00,2022-07-20T15:56:00+00:00,262.5637,263.4559,14.09,12.57,0.003398,3900000,SessionClose,window:strong core,three_outside_up,0.4571,0.3105,0.5321,0.4306,0.4851,-0.1510,0.2942,0.4968,,,
summary,2022-07-20,MSFT,,,,,,,12.57,,1,,,,,,,,,,,,0.7113,2022-07-18T08:29:00+00:00,943,1744
summary,2022-07-20,AMZN,,,,,,,0.00,,0,,,,,,,,,,,,0.6714,2022-07-18T15:33:00+00:00,1455,2091
summary,2022-07-21,QQQ,,,,,,,0.00,,0,,,,,,,,,,,,0.6314,2022-07-18T14:01:00+00:00,2014,3082
summary,2022-07-21,AAPL,,,,,,,0.00,,0,,,,,,,,,,,,0.7778,2022-07-18T14:01:00+00:00,1701,2834
summary,2022-07-21,MSFT,,,,,,,0.00,,0,,,,,,,,,,,,0.8528,2022-07-18T13:37:00+00:00,1383,2284
trade,2022-07-21,AMZN,Long,2022-07-21T14:56:00+00:00,2022-07-21T15:51:00+00:00,122.7307,122.7882,31.04,1.78,0.000468,3300000,ScoreExit,window:strong core,three_outside_up,0.4448,-0.0656,0.5482,0.4301,0.4397,-0.5541,-0.2175,0.4013,,,
summary,2022-07-21,AMZN,,,,,,,1.78,,1,,,,,,,,,,,,1.0000,2022-07-18T13:33:00+00:00,1949,2676
summary,2022-07-22,QQQ,,,,,,,0.00,,0,,,,,,,,,,,,0.9578,2022-07-19T14:51:00+00:00,2322,3075
trade,2022-07-22,AAPL,Long,2022-07-22T14:18:00+00:00,2022-07-22T15:01:00+00:00,155.8918,155.5383,24.05,-8.50,-0.002267,2580000,ScoreExit,window:candle reversal,shooting_star,0.3016,-0.1626,0.4280,0.2601,0.3425,-0.3437,-0.3159,0.2045,,,
summary,2022-07-22,AAPL,,,,,,,-8.50,,1,,,,,,,,,,,,0.9567,2022-07-19T14:49:00+00:00,2262,2802
summary,2022-07-22,MSFT,,,,,,,0.00,,0,,,,,,,,,,,,0.9576,2022-07-19T14:51:00+00:00,1611,2317
summary,2022-07-22,AMZN,,,,,,,0.00,,0,,,,,,,,,,,,0.9568,2022-07-19T14:51:00+00:00,2243,2749
summary,2022-07-25,QQQ,,,,,,,0.00,,0,,,,,,,,,,,,0.8697,2022-07-22T13:50:00+00:00,104,1155
summary,2022-07-25,AAPL,,,,,,,0.00,,0,,,,,,,,,,,,0.7076,2022-07-22T13:50:00+00:00,157,1106
summary,2022-07-25,MSFT,,,,,,,0.00,,0,,,,,,,,,,,,0.6420,2022-07-22T13:51:00+00:00,101,966
summary,2022-07-25,AMZN,,,,,,,0.00,,0,,,,,,,,,,,,0.7149,2022-07-22T13:40:00+00:00,151,1061
summary,2022-07-26,QQQ,,,,,,,0.00,,0,,,,,,,,,,,,0.7913,2022-07-25T09:22:00+00:00,272,1534
summary,2022-07-26,AAPL,,,,,,,0.00,,0,,,,,,,,,,,,0.8420,2022-07-25T09:39:00+00:00,230,1441
summary,2022-07-26,MSFT,,,,,,,0.00,,0,,,,,,,,,,,,0.7743,2022-07-25T10:02:00+00:00,371,1128
summary,2022-07-26,AMZN,,,,,,,0.00,,0,,,,,,,,,,,,0.6852,2022-07-25T08:03:00+00:00,311,1465
trade,2022-07-27,QQQ,Long,2022-07-27T13:36:00+00:00,2022-07-27T15:37:00+00:00,299.2547,302.0444,12.36,34.49,0.009322,7260000,MaxHoldTimeout,window:candle reversal,shooting_star,0.3817,0.1119,0.3611,0.3863,0.3794,0.0826,-0.0113,0.3682,,,
summary,2022-07-27,QQQ,,,,,,,34.49,,1,,,,,,,,,,,,0.7913,2022-07-25T09:22:00+00:00,909,2439
trade,2022-07-27,AAPL,Long,2022-07-27T13:41:00+00:00,2022-07-27T15:06:00+00:00,153.7211,154.3337,24.09,14.76,0.003985,5100000,ScoreExit,window:strong core,three_outside_up,0.4383,-0.0508,0.5823,0.4314,0.4041,-0.1597,-0.2221,0.3281,,,
summary,2022-07-27,AAPL,,,,,,,14.76,,1,,,,,,,,,,,,0.8420,2022-07-25T09:39:00+00:00,838,2266
summary,2022-07-27,MSFT,,,,,,,0.00,,0,,,,,,,,,,,,0.9125,2022-07-26T22:08:00+00:00,1050,1983
trade,2022-07-27,AMZN,Long,2022-07-27T13:37:00+00:00,2022-07-27T15:56:00+00:00,117.9904,119.7891,31.31,56.31,0.015244,8340000,SessionClose,window:candle reversal,shooting_star,0.4378,0.3780,0.5569,0.4974,0.2789,-0.0915,0.3399,0.6105,,,
summary,2022-07-27,AMZN,,,,,,,56.31,,1,,,,,,,,,,,,0.6852,2022-07-25T08:03:00+00:00,714,2283
summary,2022-07-28,QQQ,,,,,,,0.00,,0,,,,,,,,,,,,0.5596,2022-07-27T18:44:00+00:00,1500,3049
summary,2022-07-28,AAPL,,,,,,,0.00,,0,,,,,,,,,,,,0.5896,2022-07-25T13:32:00+00:00,1371,2860
summary,2022-07-28,MSFT,,,,,,,0.00,,0,,,,,,,,,,,,0.9538,2022-07-26T22:08:00+00:00,1451,2476
trade,2022-07-28,AMZN,Long,2022-07-28T14:56:00+00:00,2022-07-28T15:56:00+00:00,119.6409,121.2786,31.15,51.02,0.013689,3600000,SessionClose,window:strong core,three_outside_up,0.4513,0.1722,0.5871,0.4744,0.3598,-0.0025,0.0464,0.4820,,,
summary,2022-07-28,AMZN,,,,,,,51.02,,1,,,,,,,,,,,,1.0000,2022-07-25T13:32:00+00:00,1285,2878
trade,2022-07-29,QQQ,Long,2022-07-29T14:01:00+00:00,2022-07-29T14:56:00+00:00,313.3750,313.4709,11.90,1.14,0.000306,3300000,ScoreExit,window:strong core,,0.4337,-0.0940,0.4717,0.4813,0.3258,-0.5570,-0.2267,0.3258,,,
summary,2022-07-29,QQQ,,,,,,,1.14,,1,,,,,,,,,,,,0.6517,2022-07-26T22:09:00+00:00,2229,3080
trade,2022-07-29,AAPL,Long,2022-07-29T13:46:00+00:00,2022-07-29T15:01:00+00:00,162.4212,162.3963,22.83,-0.57,-0.000154,4500000,ScoreExit,window:strong core,,0.4898,-0.0891,0.6011,0.4542,0.5239,-0.5313,-0.3083,0.4967,,,
summary,2022-07-29,AAPL,,,,,,,-0.57,,1,,,,,,,,,,,,0.7374,2022-07-28T20:38:00+00:00,2284,2968
trade,2022-07-29,MSFT,Long,2022-07-29T13:46:00+00:00,2022-07-29T15:01:00+00:00,278.3785,279.4112,13.59,14.04,0.003710,4500000,ScoreExit,window:strong core,hammer,0.4670,-0.0919,0.5238,0.4185,0.5449,-0.5118,-0.3113,0.4870,,,
summary,2022-07-29,MSFT,,,,,,,14.04,,1,,,,,,,,,,,,0.9769,2022-07-26T22:08:00+00:00,1916,2589
trade,2022-07-29,AMZN,Long,2022-07-29T13:46:00+00:00,2022-07-29T15:01:00+00:00,134.9955,136.2291,28.12,34.69,0.009138,4500000,ScoreExit,window:strong core,three_outside_up,0.5042,-0.0946,0.0044,0.5384,0.6024,-0.5476,-0.3459,0.5591,,,
summary,2022-07-29,AMZN,,,,,,,34.69,,1,,,,,,,,,,,,1.0000,2022-07-26T13:35:00+00:00,2149,2945
trade,2022-08-01,QQQ,Long,2022-08-01T13:51:00+00:00,2022-08-01T15:56:00+00:00,315.1195,317.8696,11.73,32.26,0.008727,7500000,SessionClose,window:strong core,three_outside_up,0.4600,0.1515,0.2784,0.5046,0.4312,-0.2893,0.0048,0.5920,,,
summary,2022-08-01,QQQ,,,,,,,32.26,,1,,,,,,,,,,,,0.9514,2022-07-29T14:44:00+00:00,837,1126
trade,2022-08-01,AAPL,Long,2022-08-01T13:40:00+00:00,2022-08-01T15:41:00+00:00,162.5337,162.7248,22.67,4.33,0.001175,7260000,MaxHoldTimeout,window:strong core,three_outside_up,0.4057,0.0407,0.5830,0.4215,0.3149,-0.5606,-0.0535,0.4295,,,
summary,2022-08-01,AAPL,,,,,,,4.33,,1,,,,,,,,,,,,1.0000,2022-07-29T13:40:00+00:00,575,1098
trade,2022-08-01,MSFT,Long,2022-08-01T14:07:00+00:00,2022-08-01T14:16:00+00:00,279.8739,278.9413,13.19,-12.30,-0.003332,540000,ScoreExit,window:candle reversal,shooting_star,0.3572,-0.0602,0.5340,0.4016,0.2094,-0.3488,-0.0616,0.0389,,,
trade,2022-08-01,MSFT,Long,2022-08-01T14:51:00+00:00,2022-08-01T15:56:00+00:00,280.2591,280.1410,13.14,-1.55,-0.000421,3900000,SessionClose,window:strong core,,0.4393,-0.0333,0.4914,0.4954,0.3099,-0.4835,-0.1156,0.2814,,,
summary,2022-08-01,MSFT,,,,,,,-13.85,,2,,,,,,,,,,,,0.8985,2022-07-29T14:27:00+00:00,456,950
trade,2022-08-01,AMZN,Long,2022-08-01T13:44:00+00:00,2022-08-01T15:56:00+00:00,135.8257,138.3835,27.15,69.43,0.018831,7920000,SessionClose,window:strong core,,0.4834,0.2433,0.6395,0.4923,0.4136,-0.2756,0.0154,0.8720,,,
summary,2022-08-01,AMZN,,,,,,,69.43,,1,,,,,,,,,,,,1.0000,2022-07-29T13:40:00+00:00,586,1102
trade,2022-08-02,QQQ,Long,2022-08-02T14:53:00+00:00,2022-08-02T15:32:00+00:00,315.8697,314.2907,11.79,-18.62,-0.004999,2340000,ScoreExit,window:strong core,hammer,0.4609,-0.0559,0.5614,0.4986,0.3522,-0.5469,-0.1055,0.2070,,,
summary,2022-08-02,QQQ,,,,,,,-18.62,,1,,,,,,,,,,,,0.6927,2022-08-01T14:05:00+00:00,667,1510
summary,2022-08-02,AAPL,,,,,,,0.00,,0,,,,,,,,,,,,0.6582,2022-08-01T13:48:00+00:00,359,1388
summary,2022-08-02,MSFT,,,,,,,0.00,,0,,,,,,,,,,,,0.6535,2022-08-01T14:53:00+00:00,270,1058
trade,2022-08-02,AMZN,Long,2022-08-02T13:31:00+00:00,2022-08-02T14:09:00+00:00,135.1555,135.3444,27.88,5.26,0.001397,2280000,ScoreExit,window:candle reversal,shooting_star,0.3272,-0.0518,0.2935,0.3908,0.2113,-0.5348,-0.0904,0.1864,,,
summary,2022-08-02,AMZN,,,,,,,5.26,,1,,,,,,,,,,,,0.7932,2022-08-01T14:11:00+00:00,444,1372
trade,2022-08-03,QQQ,Long,2022-08-03T13:36:00+00:00,2022-08-03T15:56:00+00:00,317.3002,321.2786,11.70,46.53,0.012538,8400000,SessionClose,window:strong core,three_outside_up,0.4053,0.3856,0.4083,0.4118,0.3911,0.4012,0.3370,0.4776,,,
summary,2022-08-03,QQQ,,,,,,,46.53,,1,,,,,,,,,,,,0.6927,2022-08-01T14:05:00+00:00,1194,2366
trade,2022-08-03,AAPL,Long,2022-08-03T13:36:00+00:00,2022-08-03T15:56:00+00:00,162.0101,164.9355,22.94,67.11,0.018057,8400000,SessionClose,window:strong core,three_outside_up,0.4138,0.3619,0.5004,0.4137,0.3849,0.5352,0.2432,0.5415,,,
summary,2022-08-03,AAPL,,,,,,,67.11,,1,,,,,,,,,,,,0.6582,2022-08-01T13:48:00+00:00,860,2168
trade,2022-08-03,MSFT,Long,2022-08-03T14:01:00+00:00,2022-08-03T15:56:00+00:00,278.6986,280.9507,13.31,29.98,0.008081,6900000,SessionClose,window:strong core,hammer,0.3750,0.3841,0.0314,0.4408,0.3579,0.2252,0.3479,0.5094,,,
summary,2022-08-03,MSFT,,,,,,,29.98,,1,,,,,,,,,,,,0.6535,2022-08-01T14:53:00+00:00,687,1602
trade,2022-08-03,AMZN,Long,2022-08-03T13:31:00+00:00,2022-08-03T15:56:00+00:00,136.9361,139.2532,27.54,63.82,0.016921,8700000,SessionClose,window:candle reversal,shooting_star,0.4885,0.5179,0.5927,0.4240,0.5827,0.5254,0.4481,0.6549,,,
summary,2022-08-03,AMZN,,,,,,,63.82,,1,,,,,,,,,,,,0.7932,2022-08-01T14:11:00+00:00,893,2140
summary,2022-08-04,QQQ,,,,,,,0.00,,0,,,,,,,,,,,,0.9574,2022-08-01T14:45:00+00:00,1687,2990
summary,2022-08-04,AAPL,,,,,,,0.00,,0,,,,,,,,,,,,1.0000,2022-08-01T13:40:00+00:00,1271,2721
summary,2022-08-04,MSFT,,,,,,,0.00,,0,,,,,,,,,,,,0.9569,2022-08-01T14:55:00+00:00,1049,2084
trade,2022-08-04,AMZN,Long,2022-08-04T13:31:00+00:00,2022-08-04T13:38:00+00:00,140.6022,140.8127,26.72,5.63,0.001498,420000,ScoreExit,window:strong core,,0.4135,-0.0526,0.1895,0.4116,0.4919,-0.1476,-0.3091,0.4919,,,
summary,2022-08-04,AMZN,,,,,,,5.63,,1,,,,,,,,,,,,1.0000,2022-08-01T13:41:00+00:00,1459,2733
trade,2022-08-05,QQQ,Long,2022-08-05T14:06:00+00:00,2022-08-05T14:59:00+00:00,321.6515,321.8085,11.65,1.83,0.000488,3180000,ScoreExit,window:5m thrust,hammer,0.4219,-0.0674,0.3327,0.5400,0.2155,-0.3433,-0.1629,0.2155,,,
summary,2022-08-05,QQQ,,,,,,,1.83,,1,,,,,,,,,,,,0.9593,2022-08-02T14:53:00+00:00,2046,2910
trade,2022-08-05,AAPL,Long,2022-08-05T14:06:00+00:00,2022-08-05T14:49:00+00:00,164.9445,164.8905,22.76,-1.23,-0.000327,2580000,ScoreExit,window:5m thrust,hammer,0.3818,-0.0757,0.1030,0.5066,0.2252,-0.4893,-0.1572,0.2252,,,
summary,2022-08-05,AAPL,,,,,,,-1.23,,1,,,,,,,,,,,,0.9567,2022-08-02T14:44:00+00:00,1837,2654
trade,2022-08-05,MSFT,Long,2022-08-05T14:01:00+00:00,2022-08-05T15:01:00+00:00,281.2093,281.6866,13.16,6.28,0.001697,3600000,ScoreExit,window:5m thrust,hammer,0.3928,-0.0954,0.0224,0.5130,0.2760,-0.5248,-0.1502,0.1575,,,
summary,2022-08-05,MSFT,,,,,,,6.28,,1,,,,,,,,,,,,0.9433,2022-08-02T14:54:00+00:00,1508,2089
trade,2022-08-05,AMZN,Long,2022-08-05T14:06:00+00:00,2022-08-05T15:01:00+00:00,141.4974,141.6624,26.66,4.40,0.001166,3300000,ScoreExit,window:strong core,three_outside_up,0.4674,-0.1670,0.4545,0.4763,0.4541,-0.5663,-0.3069,0.2459,,,
summary,2022-08-05,AMZN,,,,,,,4.40,,1,,,,,,,,,,,,1.0000,2022-08-02T13:40:00+00:00,1898,2709
trade,2022-08-08,QQQ,Long,2022-08-08T13:51:00+00:00,2022-08-08T14:48:00+00:00,326.0028,324.4676,11.35,-17.42,-0.004709,3420000,ScoreExit,window:strong core,bullish_engulfing,0.5448,-0.0712,0.5756,0.5151,0.5940,-0.5723,-0.2878,0.5291,,,
summary,2022-08-08,QQQ,,,,,,,-17.42,,1,,,,,,,,,,,,0.8971,2022-08-05T14:13:00+00:00,588,1125
trade,2022-08-08,AAPL,Long,2022-08-08T13:41:00+00:00,2022-08-08T14:48:00+00:00,166.9051,166.7550,22.18,-3.33,-0.000899,4020000,ScoreExit,window:strong core,hammer,0.4682,-0.0545,0.3975,0.4146,0.5990,-0.4050,-0.2879,0.5291,,,
summary,2022-08-08,AAPL,,,,,,,-3.33,,1,,,,,,,,,,,,0.9628,2022-08-05T13:38:00+00:00,624,1078
trade,2022-08-08,MSFT,Long,2022-08-08T14:02:00+00:00,2022-08-08T14:35:00+00:00,285.5706,284.1997,12.91,-17.69,-0.004801,1980000,ScoreExit,window:candle reversal,shooting_star,0.3145,-0.0565,0.1522,0.2685,0.4605,-0.4001,-0.2577,0.4605,,,
summary,2022-08-08,MSFT,,,,,,,-17.69,,1,,,,,,,,,,,,0.8946,2022-08-05T14:02:00+00:00,462,911
trade,2022-08-08,AMZN,Long,2022-08-08T13:41:00+00:00,2022-08-08T14:35:00+00:00,143.7381,142.4423,25.67,-33.27,-0.009015,3240000,ScoreExit,window:strong core,three_outside_up,0.6039,-0.0541,0.5521,0.5537,0.7215,-0.4326,-0.2782,0.5202,,,
summary,2022-08-08,AMZN,,,,,,,-33.27,,1,,,,,,,,,,,,1.0000,2022-08-05T13:34:00+00:00,441,1051
summary,2022-08-09,QQQ,,,,,,,0.00,,0,,,,,,,,,,,,0.6674,2022-08-08T13:50:00+00:00,239,1513
summary,2022-08-09,AAPL,,,,,,,0.00,,0,,,,,,,,,,,,0.6074,2022-08-08T13:51:00+00:00,353,1339
summary,2022-08-09,MSFT,,,,,,,0.00,,0,,,,,,,,,,,,0.7731,2022-08-08T10:54:00+00:00,357,1045
summary,2022-08-09,AMZN,,,,,,,0.00,,0,,,,,,,,,,,,0.6905,2022-08-08T13:43:00+00:00,290,1345
trade,2022-08-10,QQQ,Long,2022-08-10T14:51:00+00:00,2022-08-10T15:56:00+00:00,324.4123,325.3385,11.40,10.56,0.002855,3900000,SessionClose,window:candle reversal,shooting_star,0.3076,0.3175,0.5132,0.1862,0.4820,0.4871,0.1944,0.5071,,,
summary,2022-08-10,QQQ,,,,,,,10.56,,1,,,,,,,,,,,,0.6704,2022-08-10T12:41:00+00:00,646,2372
summary,2022-08-10,AAPL,,,,,,,0.00,,0,,,,,,,,,,,,0.6074,2022-08-08T13:51:00+00:00,861,2065
summary,2022-08-10,MSFT,,,,,,,0.00,,0,,,,,,,,,,,,0.7731,2022-08-08T10:54:00+00:00,853,1632
summary,2022-08-10,AMZN,,,,,,,0.00,,0,,,,,,,,,,,,0.7050,2022-08-10T12:49:00+00:00,733,2062
trade,2022-08-11,QQQ,Long,2022-08-11T14:16:00+00:00,2022-08-11T14:41:00+00:00,330.1340,328.8163,11.23,-14.80,-0.003991,1500000,ScoreExit,window:strong core,hammer,0.4110,-0.0818,0.5611,0.4295,0.3239,-0.5522,-0.2063,0.3239,,,
summary,2022-08-11,QQQ,,,,,,,-14.80,,1,,,,,,,,,,,,0.9214,2022-08-08T13:44:00+00:00,1072,2955
trade,2022-08-11,AAPL,Long,2022-08-11T13:51:00+00:00,2022-08-11T14:48:00+00:00,170.2060,169.8040,21.92,-8.81,-0.002362,3420000,ScoreExit,window:candle reversal,shooting_star,0.3354,-0.0599,0.3767,0.2389,0.5147,-0.5133,-0.2475,0.4666,,,
summary,2022-08-11,AAPL,,,,,,,-8.81,,1,,,,,,,,,,,,0.9344,2022-08-08T13:44:00+00:00,1419,2612
summary,2022-08-11,MSFT,,,,,,,0.00,,0,,,,,,,,,,,,1.0000,2022-08-08T13:39:00+00:00,1163,2131
summary,2022-08-11,AMZN,,,,,,,0.00,,0,,,,,,,,,,,,1.0000,2022-08-08T13:34:00+00:00,995,2615
summary,2022-08-12,QQQ,,,,,,,0.00,,0,,,,,,,,,,,,0.7311,2022-08-10T12:41:00+00:00,2120,2942
summary,2022-08-12,AAPL,,,,,,,0.00,,0,,,,,,,,,,,,0.7033,2022-08-09T14:49:00+00:00,2186,2624
summary,2022-08-12,MSFT,,,,,,,0.00,,0,,,,,,,,,,,,0.9553,2022-08-09T14:48:00+00:00,1678,2114
summary,2022-08-12,AMZN,,,,,,,0.00,,0,,,,,,,,,,,,0.8336,2022-08-09T14:34:00+00:00,1924,2575
trade,2022-08-15,QQQ,Long,2022-08-15T13:31:00+00:00,2022-08-15T14:21:00+00:00,330.2240,329.8852,11.21,-3.80,-0.001026,3000000,ScoreExit,window:strong core,,0.4537,-0.0680,0.5434,0.4237,0.4836,-0.4803,-0.2065,0.3464,,,
summary,2022-08-15,QQQ,,,,,,,-3.80,,1,,,,,,,,,,,,0.7167,2022-08-12T14:19:00+00:00,961,1139
trade,2022-08-15,AAPL,Long,2022-08-15T13:36:00+00:00,2022-08-15T14:51:00+00:00,171.8588,171.8634,21.59,0.10,0.000027,4500000,ScoreExit,window:strong core,,0.4071,-0.0540,0.4386,0.4093,0.3923,-0.5621,-0.1798,0.3671,,,
summary,2022-08-15,AAPL,,,,,,,0.10,,1,,,,,,,,,,,,0.8880,2022-08-12T15:04:00+00:00,935,1104
summary,2022-08-15,MSFT,,,,,,,0.00,,0,,,,,,,,,,,,0.6251,2022-08-12T14:19:00+00:00,746,917
trade,2022-08-15,AMZN,Long,2022-08-15T13:31:00+00:00,2022-08-15T13:42:00+00:00,143.2780,142.2623,25.79,-26.20,-0.007089,660000,ScoreExit,window:candle reversal,shooting_star,0.4802,-0.0730,0.5622,0.4236,0.5662,-0.5809,-0.1625,0.2752,,,
trade,2022-08-15,AMZN,Long,2022-08-15T13:51:00+00:00,2022-08-15T14:04:00+00:00,142.7878,142.5522,25.75,-6.07,-0.001650,780000,ScoreExit,window:candle reversal,shooting_star,0.3022,-0.0619,0.1988,0.2293,0.4825,-0.5248,-0.1636,0.2958,,,
summary,2022-08-15,AMZN,,,,,,,-32.26,,2,,,,,,,,,,,,0.5967,2022-08-12T19:59:00+00:00,822,1070
summary,2022-08-16,QQQ,,,,,,,0.00,,0,,,,,,,,,,,,0.6302,2022-08-15T15:48:00+00:00,909,1445
summary,2022-08-16,AAPL,,,,,,,0.00,,0,,,,,,,,,,,,0.6165,2022-08-15T15:48:00+00:00,909,1361
summary,2022-08-16,MSFT,,,,,,,0.00,,0,,,,,,,,,,,,0.7530,2022-08-15T10:10:00+00:00,674,1037
summary,2022-08-16,AMZN,,,,,,,0.00,,0,,,,,,,,,,,,0.5604,2022-08-16T15:54:00+00:00,862,1318
summary,2022-08-17,QQQ,,,,,,,0.00,,0,,,,,,,,,,,,0.6302,2022-08-15T15:48:00+00:00,1027,2267
trade,2022-08-17,AAPL,Long,2022-08-17T13:46:00+00:00,2022-08-17T14:36:00+00:00,173.9572,173.7429,21.22,-4.55,-0.001232,3000000,ScoreExit,window:strong core,bullish_engulfing,0.4006,-0.0757,0.4567,0.4396,0.3038,-0.3871,-0.1598,0.1965,,,
summary,2022-08-17,AAPL,,,,,,,-4.55,,1,,,,,,,,,,,,0.6165,2022-08-15T15:48:00+00:00,1392,2194
summary,2022-08-17,MSFT,,,,,,,0.00,,0,,,,,,,,,,,,0.7530,2022-08-15T10:10:00+00:00,881,1603
summary,2022-08-17,AMZN,,,,,,,0.00,,0,,,,,,,,,,,,0.5604,2022-08-16T15:54:00+00:00,1008,2061
summary,2022-08-18,QQQ,,,,,,,0.00,,0,,,,,,,,,,,,0.7136,2022-08-15T13:58:00+00:00,1057,2860
summary,2022-08-18,AAPL,,,,,,,0.00,,0,,,,,,,,,,,,0.6594,2022-08-15T15:48:00+00:00,1813,2829
summary,2022-08-18,MSFT,,,,,,,0.00,,0,,,,,,,,,,,,0.7824,2022-08-15T13:56:00+00:00,842,2056
summary,2022-08-18,AMZN,,,,,,,0.00,,0,,,,,,,,,,,,0.6655,2022-08-15T13:57:00+00:00,960,2606
summary,2022-08-19,QQQ,,,,,,,0.00,,0,,,,,,,,,,,,0.7118,2022-08-16T15:54:00+00:00,669,2921
summary,2022-08-19,AAPL,,,,,,,0.00,,0,,,,,,,,,,,,0.6452,2022-08-16T15:19:00+00:00,1442,2899
summary,2022-08-19,MSFT,,,,,,,0.00,,0,,,,,,,,,,,,0.6793,2022-08-16T15:54:00+00:00,568,2058
summary,2022-08-19,AMZN,,,,,,,0.00,,0,,,,,,,,,,,,0.7730,2022-08-16T15:54:00+00:00,441,2577
summary,2022-08-22,QQQ,,,,,,,0.00,,0,,,,,,,,,,,,0.2898,2022-08-19T17:04:00+00:00,12,1152
summary,2022-08-22,AAPL,,,,,,,0.00,,0,,,,,,,,,,,,0.3889,2022-08-19T17:04:00+00:00,24,1172
summary,2022-08-22,MSFT,,,,,,,0.00,,0,,,,,,,,,,,,0.4656,2022-08-19T13:32:00+00:00,8,970
summary,2022-08-22,AMZN,,,,,,,0.00,,0,,,,,,,,,,,,0.7026,2022-08-19T13:36:00+00:00,7,1098
summary,2022-08-23,QQQ,,,,,,,0.00,,0,,,,,,,,,,,,0.4218,2022-08-23T14:10:00+00:00,431,1523
summary,2022-08-23,AAPL,,,,,,,0.00,,0,,,,,,,,,,,,0.5148,2022-08-22T13:29:00+00:00,407,1451
summary,2022-08-23,MSFT,,,,,,,0.00,,0,,,,,,,,,,,,0.4201,2022-08-22T13:29:00+00:00,90,1082
trade,2022-08-23,AMZN,Long,2022-08-23T13:51:00+00:00,2022-08-23T14:51:00+00:00,134.5980,133.9848,27.53,-16.88,-0.004556,3600000,ScoreExit,window:strong core,shooting_star,0.4249,-0.0739,0.5940,0.4096,0.3992,0.2376,-0.2469,0.1683,,,
summary,2022-08-23,AMZN,,,,,,,-16.88,,1,,,,,,,,,,,,0.4464,2022-08-22T10:10:00+00:00,434,1352
summary,2022-08-24,QQQ,,,,,,,0.00,,0,,,,,,,,,,,,0.4218,2022-08-23T14:10:00+00:00,657,2329
summary,2022-08-24,AAPL,,,,,,,0.00,,0,,,,,,,,,,,,0.5148,2022-08-22T13:29:00+00:00,581,2191
summary,2022-08-24,MSFT,,,,,,,0.00,,0,,,,,,,,,,,,0.4201,2022-08-22T13:29:00+00:00,90,1624
summary,2022-08-24,AMZN,,,,,,,0.00,,0,,,,,,,,,,,,0.4464,2022-08-22T10:10:00+00:00,752,2029
trade,2022-08-25,QQQ,Long,2022-08-25T14:18:00+00:00,2022-08-25T15:01:00+00:00,318.3505,318.3895,11.56,0.45,0.000122,2580000,ScoreExit,window:candle reversal,shooting_star,0.3091,-0.0831,0.2924,0.3108,0.3110,-0.5098,-0.1789,0.2506,,,
summary,2022-08-25,QQQ,,,,,,,0.45,,1,,,,,,,,,,,,0.4864,2022-08-25T08:01:00+00:00,1118,2915
trade,2022-08-25,AAPL,Long,2022-08-25T13:41:00+00:00,2022-08-25T14:29:00+00:00,169.5158,169.1741,21.77,-7.44,-0.002016,2880000,ScoreExit,window:strong core,hammer,0.4195,-0.0523,0.4965,0.4275,0.3780,-0.5580,-0.1527,0.3171,,,
summary,2022-08-25,AAPL,,,,,,,-7.44,,1,,,,,,,,,,,,0.4364,2022-08-25T08:01:00+00:00,1019,2681
summary,2022-08-25,MSFT,,,,,,,0.00,,0,,,,,,,,,,,,0.4432,2022-08-25T19:59:00+00:00,263,2047
trade,2022-08-25,AMZN,Long,2022-08-25T14:11:00+00:00,2022-08-25T15:14:00+00:00,135.9958,136.2446,26.79,6.67,0.001830,3780000,ScoreExit,window:strong core,three_outside_up,0.3981,-0.0692,0.2352,0.4021,0.4445,-0.4975,-0.2248,0.3848,,,
summary,2022-08-25,AMZN,,,,,,,6.67,,1,,,,,,,,,,,,0.5251,2022-08-25T08:03:00+00:00,1279,2534
summary,2022-08-26,QQQ,,,,,,,0.00,,0,,,,,,,,,,,,0.8990,2022-08-23T14:10:00+00:00,1417,2913
summary,2022-08-26,AAPL,,,,,,,0.00,,0,,,,,,,,,,,,0.7857,2022-08-23T14:11:00+00:00,1374,2639
summary,2022-08-26,MSFT,,,,,,,0.00,,0,,,,,,,,,,,,0.8420,2022-08-23T14:11:00+00:00,781,2059
summary,2022-08-26,AMZN,,,,,,,0.00,,0,,,,,,,,,,,,0.8990,2022-08-23T13:50:00+00:00,1356,2473
summary,2022-08-29,QQQ,,,,,,,0.00,,0,,,,,,,,,,,,0.9163,2022-08-26T14:09:00+00:00,18,1199
summary,2022-08-29,AAPL,,,,,,,0.00,,0,,,,,,,,,,,,0.7981,2022-08-26T14:09:00+00:00,15,1178
summary,2022-08-29,MSFT,,,,,,,0.00,,0,,,,,,,,,,,,0.7842,2022-08-26T14:09:00+00:00,25,991
summary,2022-08-29,AMZN,,,,,,,0.00,,0,,,,,,,,,,,,0.9387,2022-08-26T13:35:00+00:00,32,1113
summary,2022-08-30,QQQ,,,,,,,0.00,,0,,,,,,,,,,,,0.5930,2022-08-29T13:34:00+00:00,661,1566
summary,2022-08-30,AAPL,,,,,,,0.00,,0,,,,,,,,,,,,0.7184,2022-08-29T08:00:00+00:00,627,1470
summary,2022-08-30,MSFT,,,,,,,0.00,,0,,,,,,,,,,,,1.0000,2022-08-29T08:00:00+00:00,354,1083
summary,2022-08-30,AMZN,,,,,,,0.00,,0,,,,,,,,,,,,0.9312,2022-08-29T08:00:00+00:00,616,1354
summary,2022-08-31,QQQ,,,,,,,0.00,,0,,,,,,,,,,,,0.5930,2022-08-29T13:34:00+00:00,813,2407
summary,2022-08-31,AAPL,,,,,,,0.00,,0,,,,,,,,,,,,0.7184,2022-08-29T08:00:00+00:00,709,2264
trade,2022-08-31,MSFT,Long,2022-08-31T13:51:00+00:00,2022-08-31T14:01:00+00:00,266.8750,265.3054,13.78,-21.64,-0.005882,600000,ScoreExit,window:candle reversal,shooting_star,0.3630,-0.1333,0.6032,0.3570,0.2948,-0.5820,-0.1915,0.1326,,,
summary,2022-08-31,MSFT,,,,,,,-21.64,,1,,,,,,,,,,,,1.0000,2022-08-29T08:00:00+00:00,510,1632
summary,2022-08-31,AMZN,,,,,,,0.00,,0,,,,,,,,,,,,0.9312,2022-08-29T08:00:00+00:00,787,2056
summary,2022-09-01,QQQ,,,,,,,0.00,,0,,,,,,,,,,,,0.9714,2022-08-29T13:36:00+00:00,645,3021
summary,2022-09-01,AAPL,,,,,,,0.00,,0,,,,,,,,,,,,1.0000,2022-08-29T13:34:00+00:00,645,2834
summary,2022-09-01,MSFT,,,,,,,0.00,,0,,,,,,,,,,,,0.9321,2022-08-29T13:36:00+00:00,531,2156
summary,2022-09-01,AMZN,,,,,,,0.00,,0,,,,,,,,,,,,1.0000,2022-08-29T13:33:00+00:00,775,2623
trade,2022-09-02,QQQ,Long,2022-09-02T14:31:00+00:00,2022-09-02T15:56:00+00:00,302.7858,302.7341,12.20,-0.63,-0.000171,5100000,SessionClose,window:strong core,three_outside_up,0.4667,0.1655,0.5529,0.4745,0.4224,0.1609,0.0241,0.4499,,,
summary,2022-09-02,QQQ,,,,,,,-0.63,,1,,,,,,,,,,,,0.4709,2022-08-31T10:51:00+00:00,935,3044
summary,2022-09-02,AAPL,,,,,,,0.00,,0,,,,,,,,,,,,0.4483,2022-09-02T12:33:00+00:00,856,2835
trade,2022-09-02,MSFT,Long,2022-09-02T14:16:00+00:00,2022-09-02T15:42:00+00:00,262.7898,263.2960,13.92,7.04,0.001926,5160000,ScoreExit,window:candle reversal,shooting_star,0.3118,-0.0597,0.5766,0.2074,0.4324,-0.5658,-0.2090,0.4077,,,
summary,2022-09-02,MSFT,,,,,,,7.04,,1,,,,,,,,,,,,0.4804,2022-08-31T10:50:00+00:00,639,2204
trade,2022-09-02,AMZN,Long,2022-09-02T14:31:00+00:00,2022-09-02T15:56:00+00:00,130.7792,130.8307,28.33,1.46,0.000394,5100000,SessionClose,window:strong core,three_outside_up,0.5805,0.1195,0.5693,0.5557,0.6339,-0.1741,-0.0842,0.6247,,,
summary,2022-09-02,AMZN,,,,,,,1.46,,1,,,,,,,,,,,,0.7778,2022-08-30T13:35:00+00:00,894,2605
summary,2022-09-05,QQQ,,,,,,,0.00,,0,,,,,,,,,,,,0.9520,2022-09-02T14:42:00+00:00,117,483
summary,2022-09-05,AAPL,,,,,,,0.00,,0,,,,,,,,,,,,0.8888,2022-09-02T14:32:00+00:00,97,496
summary,2022-09-05,MSFT,,,,,,,0.00,,0,,,,,,,,,,,,0.9545,2022-09-02T14:40:00+00:00,130,443
summary,2022-09-05,AMZN,,,,,,,0.00,,0,,,,,,,,,,,,0.9563,2022-09-02T14:42:00+00:00,127,478
trade,2022-09-06,QQQ,Long,2022-09-06T14:51:00+00:00,2022-09-06T15:56:00+00:00,294.1727,295.5863,12.57,17.77,0.004805,3900000,SessionClose,window:strong core,hammer,0.4291,0.4415,0.5414,0.4357,0.3785,0.4227,0.1654,1.0000,,,
summary,2022-09-06,QQQ,,,,,,,17.77,,1,,,,,,,,,,,,0.6697,2022-09-06T15:08:00+00:00,232,685
trade,2022-09-06,AAPL,Long,2022-09-06T14:51:00+00:00,2022-09-06T15:56:00+00:00,155.7417,156.1082,23.72,8.69,0.002353,3900000,SessionClose,window:strong core,hammer,0.4447,0.3181,0.5576,0.4050,0.4866,0.3584,0.0516,0.8377,,,
summary,2022-09-06,AAPL,,,,,,,8.69,,1,,,,,,,,,,,,0.6201,2022-09-06T15:08:00+00:00,239,640
trade,2022-09-06,MSFT,Long,2022-09-06T14:52:00+00:00,2022-09-06T15:56:00+00:00,256.0268,256.3381,14.46,4.50,0.001216,3840000,SessionClose,window:strong core,hammer,0.4719,0.2079,0.5039,0.4375,0.5298,0.2026,-0.0176,0.6605,,,
summary,2022-09-06,MSFT,,,,,,,4.50,,1,,,,,,,,,,,,0.6371,2022-09-06T14:57:00+00:00,102,499
summary,2022-09-06,AMZN,,,,,,,0.00,,0,,,,,,,,,,,,0.8150,2022-09-06T10:17:00+00:00,188,555
trade,2022-09-07,QQQ,Long,2022-09-07T13:32:00+00:00,2022-09-07T14:11:00+00:00,294.4633,294.0967,12.58,-4.61,-0.001245,2340000,ScoreExit,window:strong core,hammer,0.4080,-0.0929,0.5153,0.4337,0.3208,-0.4157,-0.2235,0.2758,,,
summary,2022-09-07,QQQ,,,,,,,-4.61,,1,,,,,,,,,,,,0.6697,2022-09-06T15:08:00+00:00,792,1504
trade,2022-09-07,AAPL,Long,2022-09-07T13:37:00+00:00,2022-09-07T14:06:00+00:00,155.5516,155.1884,23.79,-8.64,-0.002335,1740000,ScoreExit,window:strong core,three_outside_up,0.3902,-0.1091,0.4876,0.4127,0.3125,-0.2157,-0.1852,0.0787,,,
summary,2022-09-07,AAPL,,,,,,,-8.64,,1,,,,,,,,,,,,0.6201,2022-09-06T15:08:00+00:00,760,1424
summary,2022-09-07,MSFT,,,,,,,0.00,,0,,,,,,,,,,,,0.6371,2022-09-06T14:57:00+00:00,520,1075
trade,2022-09-07,AMZN,Long,2022-09-07T13:37:00+00:00,2022-09-07T13:59:00+00:00,127.1531,126.2254,29.10,-27.00,-0.007296,1320000,ScoreExit,window:strong core,hammer,0.4163,-0.0891,0.5942,0.4319,0.3260,-0.5519,-0.1211,0.1292,,,
summary,2022-09-07,AMZN,,,,,,,-27.00,,1,,,,,,,,,,,,0.8150,2022-09-06T10:17:00+00:00,662,1209
trade,2022-09-08,QQQ,Long,2022-09-08T13:56:00+00:00,2022-09-08T15:46:00+00:00,299.2648,300.5748,12.37,16.21,0.004378,6600000,ScoreExit,window:candle reversal,shooting_star,0.3484,-0.0621,0.5744,0.3562,0.2577,-0.1239,-0.2404,0.3153,,,
summary,2022-09-08,QQQ,,,,,,,16.21,,1,,,,,,,,,,,,0.6697,2022-09-06T15:08:00+00:00,1364,2341
summary,2022-09-08,AAPL,,,,,,,0.00,,0,,,,,,,,,,,,0.6201,2022-09-06T15:08:00+00:00,1029,2215
trade,2022-09-08,MSFT,Long,2022-09-08T14:56:00+00:00,2022-09-08T15:38:00+00:00,258.9402,259.5871,14.31,9.26,0.002498,2520000,ScoreExit,window:strong core,hammer,0.4208,-0.0611,0.2701,0.4780,0.3568,-0.5508,-0.1490,0.2779,,,
summary,2022-09-08,MSFT,,,,,,,9.26,,1,,,,,,,,,,,,0.6371,2022-09-06T14:57:00+00:00,863,1607
trade,2022-09-08,AMZN,Long,2022-09-08T14:46:00+00:00,2022-09-08T15:37:00+00:00,129.5639,129.8610,28.41,8.44,0.002294,3060000,ScoreExit,window:strong core,,0.4092,-0.0561,0.5465,0.4177,0.3465,-0.0079,-0.2128,0.2412,,,
summary,2022-09-08,AMZN,,,,,,,8.44,,1,,,,,,,,,,,,0.8150,2022-09-06T10:17:00+00:00,1143,1882
trade,2022-09-09,QQQ,Long,2022-09-09T14:01:00+00:00,2022-09-09T15:56:00+00:00,305.1065,305.9331,12.18,10.07,0.002709,6900000,SessionClose,window:strong core,,0.4422,0.1041,0.5689,0.4391,0.4063,-0.1269,0.0086,0.3722,,,
summary,2022-09-09,QQQ,,,,,,,10.07,,1,,,,,,,,,,,,0.9520,2022-09-06T14:57:00+00:00,1920,2923
trade,2022-09-09,AAPL,Long,2022-09-09T14:16:00+00:00,2022-09-09T15:56:00+00:00,156.4219,156.7280,23.73,7.26,0.001957,6000000,SessionClose,window:candle reversal,shooting_star,0.3508,0.0476,0.4914,0.3452,0.3151,-0.4687,-0.0010,0.3170,,,
summary,2022-09-09,AAPL,,,,,,,7.26,,1,,,,,,,,,,,,0.9517,2022-09-06T14:57:00+00:00,1295,2804
trade,2022-09-09,MSFT,Long,2022-09-09T14:01:00+00:00,2022-09-09T15:18:00+00:00,262.5838,263.7009,14.14,15.80,0.004254,4620000,ScoreExit,window:strong core,,0.4772,-0.0765,0.5496,0.4551,0.4974,-0.5586,-0.2343,0.3997,,,
summary,2022-09-09,MSFT,,,,,,,15.80,,1,,,,,,,,,,,,0.9511,2022-09-06T14:57:00+00:00,1322,2102
trade,2022-09-09,AMZN,Long,2022-09-09T14:16:00+00:00,2022-09-09T15:06:00+00:00,132.2954,132.0554,28.01,-6.72,-0.001814,3000000,ScoreExit,window:candle reversal,shooting_star,0.3022,-0.0825,0.4750,0.2308,0.3872,-0.4407,-0.2420,0.3559,,,
summary,2022-09-09,AMZN,,,,,,,-6.72,,1,,,,,,,,,,,,0.8996,2022-09-06T14:58:00+00:00,1677,2437
summary,2022-09-12,QQQ,,,,,,,0.00,,0,,,,,,,,,,,,0.9547,2022-09-09T14:41:00+00:00,1020,1172
summary,2022-09-12,AAPL,,,,,,,0.00,,0,,,,,,,,,,,,0.9551,2022-09-09T14:42:00+00:00,1086,1139
trade,2022-09-12,MSFT,Long,2022-09-12T13:56:00+00:00,2022-09-12T15:06:00+00:00,266.8450,266.1051,13.79,-10.20,-0.002773,4200000,ScoreExit,window:strong core,,0.4841,-0.0908,0.5885,0.4381,0.5413,-0.5382,-0.2991,0.4749,,,
summary,2022-09-12,MSFT,,,,,,,-10.20,,1,,,,,,,,,,,,0.9561,2022-09-09T14:40:00+00:00,736,906
trade,2022-09-12,AMZN,Long,2022-09-12T13:31:00+00:00,2022-09-12T15:51:00+00:00,134.7554,135.5843,27.29,22.62,0.006151,8400000,MaxHoldTimeout,window:strong core,bullish_engulfing,0.5146,0.1141,0.5588,0.4307,0.6677,-0.2391,-0.0729,0.6057,,,
summary,2022-09-12,AMZN,,,,,,,22.62,,1,,,,,,,,,,,,0.9551,2022-09-09T13:34:00+00:00,914,1026
summary,2022-09-13,QQQ,,,,,,,0.00,,0,,,,,,,,,,,,0.7871,2022-09-12T09:19:00+00:00,729,1527
summary,2022-09-13,AAPL,,,,,,,0.00,,0,,,,,,,,,,,,0.8334,2022-09-12T09:21:00+00:00,962,1510
summary,2022-09-13,MSFT,,,,,,,0.00,,0,,,,,,,,,,,,0.7304,2022-09-12T08:39:00+00:00,360,1065
summary,2022-09-13,AMZN,,,,,,,0.00,,0,,,,,,,,,,,,0.8131,2022-09-12T08:45:00+00:00,665,1305
summary,2022-09-14,QQQ,,,,,,,0.00,,0,,,,,,,,,,,,0.7871,2022-09-12T09:19:00+00:00,729,2435
summary,2022-09-14,AAPL,,,,,,,0.00,,0,,,,,,,,,,,,0.8334,2022-09-12T09:21:00+00:00,1015,2373
summary,2022-09-14,MSFT,,,,,,,0.00,,0,,,,,,,,,,,,0.7304,2022-09-12T08:39:00+00:00,360,1714
summary,2022-09-14,AMZN,,,,,,,0.00,,0,,,,,,,,,,,,0.8131,2022-09-12T08:45:00+00:00,665,2114
summary,2022-09-15,QQQ,,,,,,,0.00,,0,,,,,,,,,,,,0.8282,2022-09-12T14:00:00+00:00,635,2984
summary,2022-09-15,AAPL,,,,,,,0.00,,0,,,,,,,,,,,,0.8965,2022-09-12T13:57:00+00:00,833,2926
summary,2022-09-15,MSFT,,,,,,,0.00,,0,,,,,,,,,,,,0.8936,2022-09-12T13:56:00+00:00,333,2208
trade,2022-09-15,AMZN,Long,2022-09-15T13:59:00+00:00,2022-09-15T15:45:00+00:00,129.7139,127.3368,27.92,-66.38,-0.018326,6360000,TrailingStop,window:5m thrust,hammer,0.3734,0.0000,0.3307,0.5272,0.0800,-0.0828,0.0325,-0.2945,,,
summary,2022-09-15,AMZN,,,,,,,-66.38,,1,,,,,,,,,,,,0.8962,2022-09-12T14:00:00+00:00,691,2642
summary,2022-09-16,QQQ,,,,,,,0.00,,0,,,,,,,,,,,,0.5025,2022-09-13T13:31:00+00:00,364,3046
summary,2022-09-16,AAPL,,,,,,,0.00,,0,,,,,,,,,,,,0.4635,2022-09-14T13:59:00+00:00,433,2940
summary,2022-09-16,MSFT,,,,,,,0.00,,0,,,,,,,,,,,,0.4923,2022-09-13T13:31:00+00:00,136,2307
summary,2022-09-16,AMZN,,,,,,,0.00,,0,,,,,,,,,,,,0.7034,2022-09-13T13:31:00+00:00,561,2738
trade,2022-09-19,QQQ,Long,2022-09-19T13:52:00+00:00,2022-09-19T15:22:00+00:00,288.3715,288.6884,12.83,4.07,0.001099,5400000,ScoreExit,window:strong core,bullish_engulfing,0.3892,-0.0524,0.5017,0.4116,0.3071,-0.5464,-0.1715,0.3504,,,
summary,2022-09-19,QQQ,,,,,,,4.07,,1,,,,,,,,,,,,0.8951,2022-09-16T14:34:00+00:00,553,1167
trade,2022-09-19,AAPL,Long,2022-09-19T13:51:00+00:00,2022-09-19T15:52:00+00:00,150.3446,152.2993,24.62,48.12,0.013002,7260000,MaxHoldTimeout,window:strong core,hammer,0.4266,0.1434,0.5740,0.4215,0.3879,-0.0148,-0.0722,0.6274,,,
summary,2022-09-19,AAPL,,,,,,,48.12,,1,,,,,,,,,,,,0.6127,2022-09-16T18:53:00+00:00,601,1114
summary,2022-09-19,MSFT,,,,,,,0.00,,0,,,,,,,,,,,,0.6359,2022-09-16T19:08:00+00:00,313,956
trade,2022-09-19,AMZN,Long,2022-09-19T13:41:00+00:00,2022-09-19T15:36:00+00:00,123.0519,123.1680,29.90,3.47,0.000944,6900000,ScoreExit,window:strong core,,0.4465,-0.0970,0.5142,0.4072,0.5027,-0.5728,-0.3287,0.5250,,,
summary,2022-09-19,AMZN,,,,,,,3.47,,1,,,,,,,,,,,,0.8832,2022-09-16T14:36:00+00:00,760,1053
summary,2022-09-20,QQQ,,,,,,,0.00,,0,,,,,,,,,,,,0.5877,2022-09-19T14:41:00+00:00,972,1544
trade,2022-09-20,AAPL,Long,2022-09-20T13:31:00+00:00,2022-09-20T15:56:00+00:00,153.5110,157.3467,24.29,93.15,0.024986,8700000,SessionClose,window:candle reversal,bearish_engulfing,0.4322,0.5498,0.3615,0.3942,0.5318,0.5762,0.4144,0.8119,,,
summary,2022-09-20,AAPL,,,,,,,93.15,,1,,,,,,,,,,,,0.6443,2022-09-19T13:58:00+00:00,1206,1455
summary,2022-09-20,MSFT,,,,,,,0.00,,0,,,,,,,,,,,,0.5625,2022-09-19T14:13:00+00:00,560,1118
summary,2022-09-20,AMZN,,,,,,,0.00,,0,,,,,,,,,,,,0.6858,2022-09-19T13:52:00+00:00,672,1318
summary,2022-09-21,QQQ,,,,,,,0.00,,0,,,,,,,,,,,,0.5877,2022-09-19T14:41:00+00:00,1463,2401
summary,2022-09-21,AAPL,,,,,,,0.00,,0,,,,,,,,,,,,0.6443,2022-09-19T13:58:00+00:00,1789,2267
summary,2022-09-21,MSFT,,,,,,,0.00,,0,,,,,,,,,,,,0.5625,2022-09-19T14:13:00+00:00,962,1711
summary,2022-09-21,AMZN,,,,,,,0.00,,0,,,,,,,,,,,,0.6858,2022-09-19T13:52:00+00:00,685,2010
summary,2022-09-22,QQQ,,,,,,,0.00,,0,,,,,,,,,,,,0.9554,2022-09-19T14:41:00+00:00,1359,3036
summary,2022-09-22,AAPL,,,,,,,0.00,,0,,,,,,,,,,,,0.9570,2022-09-19T14:43:00+00:00,1689,2906
summary,2022-09-22,MSFT,,,,,,,0.00,,0,,,,,,,,,,,,0.9207,2022-09-19T14:40:00+00:00,910,2291
summary,2022-09-22,AMZN,,,,,,,0.00,,0,,,,,,,,,,,,1.0000,2022-09-19T13:35:00+00:00,598,2647
summary,2022-09-23,QQQ,,,,,,,0.00,,0,,,,,,,,,,,,0.7826,2022-09-20T14:59:00+00:00,823,3091
summary,2022-09-23,AAPL,,,,,,,0.00,,0,,,,,,,,,,,,0.9530,2022-09-20T14:49:00+00:00,987,2929
summary,2022-09-23,MSFT,,,,,,,0.00,,0,,,,,,,,,,,,0.8869,2022-09-20T13:46:00+00:00,805,2357
summary,2022-09-23,AMZN,,,,,,,0.00,,0,,,,,,,,,,,,0.8843,2022-09-20T14:07:00+00:00,293,2690
summary,2022-09-26,QQQ,,,,,,,0.00,,0,,,,,,,,,,,,0.5799,2022-09-26T13:59:00+00:00,494,1200
trade,2022-09-26,AAPL,Long,2022-09-26T13:36:00+00:00,2022-09-26T15:06:00+00:00,151.1410,152.2493,24.38,27.03,0.007333,5400000,ScoreExit,window:strong core,three_outside_up,0.5913,-0.0607,0.5998,0.4872,0.7964,-0.5142,-0.3258,0.6205,,,
summary,2022-09-26,AAPL,,,,,,,27.03,,1,,,,,,,,,,,,0.6383,2022-09-26T13:59:00+00:00,580,1127
trade,2022-09-26,MSFT,Long,2022-09-26T13:31:00+00:00,2022-09-26T15:06:00+00:00,237.8063,239.7730,15.49,30.46,0.008270,5700000,ScoreExit,window:candle reversal,three_outside_down,0.3130,-0.0742,0.4541,0.3044,0.2833,-0.5262,-0.3501,0.6282,,,
summary,2022-09-26,MSFT,,,,,,,30.46,,1,,,,,,,,,,,,0.9358,2022-09-23T14:53:00+00:00,364,952
trade,2022-09-26,AMZN,Long,2022-09-26T13:36:00+00:00,2022-09-26T15:26:00+00:00,115.2496,115.2203,32.06,-0.94,-0.000254,6600000,ScoreExit,window:strong core,three_outside_up,0.6456,-0.0724,0.6201,0.4727,1.0000,-0.5647,-0.4318,0.8103,,,
summary,2022-09-26,AMZN,,,,,,,-0.94,,1,,,,,,,,,,,,0.7527,2022-09-26T13:55:00+00:00,533,1067
summary,2022-09-27,QQQ,,,,,,,0.00,,0,,,,,,,,,,,,0.6738,2022-09-26T14:16:00+00:00,644,1620
trade,2022-09-27,AAPL,Long,2022-09-27T13:31:00+00:00,2022-09-27T14:29:00+00:00,152.9409,152.8791,24.21,-1.49,-0.000404,3480000,ScoreExit,window:strong core,bullish_engulfing,0.4758,-0.0509,0.2710,0.4129,0.6701,-0.4857,-0.2976,0.5875,,,
summary,2022-09-27,AAPL,,,,,,,-1.49,,1,,,,,,,,,,,,0.7309,2022-09-26T14:16:00+00:00,652,1455
trade,2022-09-27,MSFT,Long,2022-09-27T13:36:00+00:00,2022-09-27T14:01:00+00:00,241.0023,238.8833,15.35,-32.52,-0.008792,1500000,ScoreExit,window:strong core,evening_star,0.4364,-0.1775,0.5416,0.4011,0.4720,-0.5291,-0.3546,0.2937,,,
summary,2022-09-27,MSFT,,,,,,,-32.52,,1,,,,,,,,,,,,0.7692,2022-09-26T08:30:00+00:00,449,1166
summary,2022-09-27,AMZN,,,,,,,0.00,,0,,,,,,,,,,,,0.7524,2022-09-26T13:55:00+00:00,662,1347
trade,2022-09-28,QQQ,Long,2022-09-28T14:29:00+00:00,2022-09-28T15:56:00+00:00,276.0978,277.8016,13.38,22.80,0.006171,5220000,SessionClose,window:strong core,,0.4394,0.4101,0.5729,0.4813,0.3111,0.5532,0.3543,0.4739,,,
summary,2022-09-28,QQQ,,,,,,,22.80,,1,,,,,,,,,,,,0.6738,2022-09-26T14:16:00+00:00,1135,2552
summary,2022-09-28,AAPL,,,,,,,0.00,,0,,,,,,,,,,,,0.7309,2022-09-26T14:16:00+00:00,876,2355
trade,2022-09-28,MSFT,Long,2022-09-28T14:30:00+00:00,2022-09-28T15:36:00+00:00,238.4265,238.0736,15.42,-5.44,-0.001480,3960000,ScoreExit,window:strong core,bearish_engulfing,0.4781,-0.0519,0.5809,0.5282,0.3437,-0.4793,-0.1967,0.3802,,,
summary,2022-09-28,MSFT,,,,,,,-5.44,,1,,,,,,,,,,,,0.7692,2022-09-26T08:30:00+00:00,777,1851
trade,2022-09-28,AMZN,Long,2022-09-28T14:21:00+00:00,2022-09-28T15:56:00+00:00,115.3196,116.8699,32.16,49.86,0.013444,5700000,SessionClose,window:strong core,three_outside_up,0.4038,0.4294,0.5759,0.4187,0.3168,0.4983,0.3333,0.5987,,,
summary,2022-09-28,AMZN,,,,,,,49.86,,1,,,,,,,,,,,,0.7524,2022-09-26T13:55:00+00:00,1062,2141
summary,2022-09-29,QQQ,,,,,,,0.00,,0,,,,,,,,,,,,0.8972,2022-09-26T14:16:00+00:00,1339,3149
summary,2022-09-29,AAPL,,,,,,,0.00,,0,,,,,,,,,,,,1.0000,2022-09-26T13:36:00+00:00,829,3010
summary,2022-09-29,MSFT,,,,,,,0.00,,0,,,,,,,,,,,,1.0000,2022-09-26T13:33:00+00:00,786,2303
summary,2022-09-29,AMZN,,,,,,,0.00,,0,,,,,,,,,,,,1.0000,2022-09-26T13:33:00+00:00,1101,2675
summary,2022-09-30,QQQ,,,,,,,0.00,,0,,,,,,,,,,,,0.9355,2022-09-27T13:40:00+00:00,905,3144
summary,2022-09-30,AAPL,,,,,,,0.00,,0,,,,,,,,,,,,1.0000,2022-09-27T13:33:00+00:00,383,3075
summary,2022-09-30,MSFT,,,,,,,0.00,,0,,,,,,,,,,,,1.0000,2022-09-27T13:37:00+00:00,847,2311
trade,2022-09-30,AMZN,Long,2022-09-30T14:34:00+00:00,2022-09-30T15:41:00+00:00,115.8497,115.7403,32.16,-3.52,-0.000945,4020000,ScoreExit,window:strong core,hammer,0.4624,-0.1347,0.5797,0.5193,0.3096,-0.5854,-0.2441,0.2343,,,
summary,2022-09-30,AMZN,,,,,,,-3.52,,1,,,,,,,,,,,,1.0000,2022-09-27T13:34:00+00:00,821,2630
trade,2022-10-03,QQQ,Long,2022-10-03T14:22:00+00:00,2022-10-03T15:38:00+00:00,270.5935,270.8437,13.67,3.42,0.000925,4560000,ScoreExit,window:strong core,three_outside_up,0.4004,-0.0591,0.3513,0.4407,0.3363,-0.5721,-0.1950,0.3837,,,
summary,2022-10-03,QQQ,,,,,,,3.42,,1,,,,,,,,,,,,0.9531,2022-09-30T14:59:00+00:00,446,1190
trade,2022-10-03,AAPL,Long,2022-10-03T14:06:00+00:00,2022-10-03T15:36:00+00:00,139.9527,140.4628,26.45,13.49,0.003645,5400000,ScoreExit,window:strong core,hammer,0.4691,-0.0527,0.4614,0.4774,0.4553,-0.5659,-0.3202,0.6534,,,
summary,2022-10-03,AAPL,,,,,,,13.49,,1,,,,,,,,,,,,1.0000,2022-09-30T13:33:00+00:00,443,1177
trade,2022-10-03,MSFT,Long,2022-10-03T14:41:00+00:00,2022-10-03T15:56:00+00:00,237.5863,237.2688,15.58,-4.95,-0.001336,4500000,SessionClose,window:strong core,bullish_engulfing,0.4933,0.1571,0.2820,0.4036,0.7431,0.2666,-0.1215,0.6780,,,
summary,2022-10-03,MSFT,,,,,,,-4.95,,1,,,,,,,,,,,,0.9887,2022-09-30T13:33:00+00:00,541,1003
trade,2022-10-03,AMZN,Long,2022-10-03T14:31:00+00:00,2022-10-03T15:56:00+00:00,114.4293,114.6756,32.33,7.96,0.002152,5100000,SessionClose,window:candle reversal,shooting_star,0.4686,0.1526,0.5953,0.4064,0.5508,-0.3115,-0.0601,0.7326,,,
summary,2022-10-03,AMZN,,,,,,,7.96,,1,,,,,,,,,,,,0.9574,2022-09-30T14:59:00+00:00,602,1087
trade,2022-10-04,QQQ,Long,2022-10-04T13:31:00+00:00,2022-10-04T15:32:00+00:00,279.3038,282.4502,13.35,42.00,0.011265,7260000,MaxHoldTimeout,window:strong core,,0.4963,0.1377,0.3581,0.4042,0.7266,0.4934,-0.2061,0.7067,,,
summary,2022-10-04,QQQ,,,,,,,42.00,,1,,,,,,,,,,,,0.8182,2022-10-03T09:34:00+00:00,1408,1601
trade,2022-10-04,AAPL,Long,2022-10-04T14:16:00+00:00,2022-10-04T15:34:00+00:00,146.0988,144.9815,25.52,-28.51,-0.007648,4680000,ScoreExit,window:candle reversal,shooting_star,0.4415,-0.0501,0.5364,0.3046,0.6836,-0.5486,-0.2873,0.5907,,,
summary,2022-10-04,AAPL,,,,,,,-28.51,,1,,,,,,,,,,,,0.8897,2022-10-03T09:31:00+00:00,1364,1519
trade,2022-10-04,MSFT,Long,2022-10-04T13:36:00+00:00,2022-10-04T15:37:00+00:00,245.5786,248.8303,15.13,49.20,0.013241,7260000,MaxHoldTimeout,window:strong core,hammer,0.4980,-0.0068,0.0366,0.4436,0.7607,-0.3307,-0.3212,0.7302,,,
summary,2022-10-04,MSFT,,,,,,,49.20,,1,,,,,,,,,,,,0.7035,2022-10-03T08:21:00+00:00,1052,1185
summary,2022-10-04,AMZN,,,,,,,0.00,,0,,,,,,,,,,,,0.6668,2022-10-03T09:31:00+00:00,1226,1370
summary,2022-10-05,QQQ,,,,,,,0.00,,0,,,,,,,,,,,,0.8182,2022-10-03T09:34:00+00:00,1970,2480
summary,2022-10-05,AAPL,,,,,,,0.00,,0,,,,,,,,,,,,0.8897,2022-10-03T09:31:00+00:00,1954,2313
summary,2022-10-05,MSFT,,,,,,,0.00,,0,,,,,,,,,,,,0.7035,2022-10-03T08:21:00+00:00,1458,1772
summary,2022-10-05,AMZN,,,,,,,0.00,,0,,,,,,,,,,,,0.6668,2022-10-03T09:31:00+00:00,1730,2109
summary,2022-10-06,QQQ,,,,,,,0.00,,0,,,,,,,,,,,,0.9567,2022-10-03T14:47:00+00:00,2258,3075
trade,2022-10-06,AAPL,Long,2022-10-06T13:47:00+00:00,2022-10-06T14:01:00+00:00,147.2145,146.3061,24.89,-22.61,-0.006171,840000,ScoreExit,window:candle reversal,shooting_star,0.3112,-0.0512,0.3593,0.2680,0.3815,-0.5889,-0.1724,0.3706,,,
summary,2022-10-06,AAPL,,,,,,,-22.61,,1,,,,,,,,,,,,1.0000,2022-10-03T13:36:00+00:00,2270,2844
summary,2022-10-06,MSFT,,,,,,,0.00,,0,,,,,,,,,,,,0.9562,2022-10-03T14:46:00+00:00,1693,2241
summary,2022-10-06,AMZN,,,,,,,0.00,,0,,,,,,,,,,,,0.9550,2022-10-03T14:48:00+00:00,2057,2602
summary,2022-10-07,QQQ,,,,,,,0.00,,0,,,,,,,,,,,,0.9558,2022-10-04T14:58:00+00:00,1030,3015
summary,2022-10-07,AAPL,,,,,,,0.00,,0,,,,,,,,,,,,0.8969,2022-10-04T14:01:00+00:00,1182,2748
summary,2022-10-07,MSFT,,,,,,,0.00,,0,,,,,,,,,,,,0.9019,2022-10-04T14:01:00+00:00,724,2223
summary,2022-10-07,AMZN,,,,,,,0.00,,0,,,,,,,,,,,,1.0000,2022-10-04T13:33:00+00:00,797,2528
summary,2022-10-10,QQQ,,,,,,,0.00,,0,,,,,,,,,,,,0.3159,2022-10-10T12:59:00+00:00,10,1186
summary,2022-10-10,AAPL,,,,,,,0.00,,0,,,,,,,,,,,,0.6053,2022-10-07T13:39:00+00:00,242,1143
summary,2022-10-10,MSFT,,,,,,,0.00,,0,,,,,,,,,,,,0.4577,2022-10-07T13:36:00+00:00,57,978
trade,2022-10-10,AMZN,Long,2022-10-10T13:46:00+00:00,2022-10-10T14:01:00+00:00,115.8097,114.9205,31.95,-28.41,-0.007678,900000,ScoreExit,window:candle reversal,shooting_star,0.3950,-0.1807,0.5685,0.2456,0.6359,-0.5286,-0.2600,0.0938,,,
summary,2022-10-10,AMZN,,,,,,,-28.41,,1,,,,,,,,,,,,0.4743,2022-10-10T12:57:00+00:00,124,1054
summary,2022-10-11,QQQ,,,,,,,0.00,,0,,,,,,,,,,,,0.7656,2022-10-10T09:30:00+00:00,617,1589
summary,2022-10-11,AAPL,,,,,,,0.00,,0,,,,,,,,,,,,0.8075,2022-10-10T09:34:00+00:00,859,1437
summary,2022-10-11,MSFT,,,,,,,0.00,,0,,,,,,,,,,,,0.9046,2022-10-10T09:47:00+00:00,312,1127
summary,2022-10-11,AMZN,,,,,,,0.00,,0,,,,,,,,,,,,0.9148,2022-10-10T09:30:00+00:00,439,1292
summary,2022-10-12,QQQ,,,,,,,0.00,,0,,,,,,,,,,,,0.7656,2022-10-10T09:30:00+00:00,793,2473
summary,2022-10-12,AAPL,,,,,,,0.00,,0,,,,,,,,,,,,0.8075,2022-10-10T09:34:00+00:00,1054,2220
summary,2022-10-12,MSFT,,,,,,,0.00,,0,,,,,,,,,,,,0.9046,2022-10-10T09:47:00+00:00,339,1744
summary,2022-10-12,AMZN,,,,,,,0.00,,0,,,,,,,,,,,,0.9148,2022-10-10T09:30:00+00:00,623,2015
summary,2022-10-13,QQQ,,,,,,,0.00,,0,,,,,,,,,,,,0.8218,2022-10-13T15:38:00+00:00,899,3013
summary,2022-10-13,AAPL,,,,,,,0.00,,0,,,,,,,,,,,,0.8836,2022-10-10T14:27:00+00:00,1171,2710
trade,2022-10-13,MSFT,Long,2022-10-13T14:02:00+00:00,2022-10-13T15:56:00+00:00,223.3170,233.1950,16.57,163.72,0.044233,6840000,SessionClose,window:5m thrust,shooting_star,0.4628,0.5514,0.5388,0.6555,0.0523,-0.0156,0.5842,0.6748,,,
summary,2022-10-13,MSFT,,,,,,,163.72,,1,,,,,,,,,,,,0.7687,2022-10-13T15:40:00+00:00,539,2184
summary,2022-10-13,AMZN,,,,,,,0.00,,0,,,,,,,,,,,,0.9453,2022-10-10T13:46:00+00:00,859,2525
summary,2022-10-14,QQQ,,,,,,,0.00,,0,,,,,,,,,,,,0.9431,2022-10-11T15:03:00+00:00,1568,3020
summary,2022-10-14,AAPL,,,,,,,0.00,,0,,,,,,,,,,,,0.8984,2022-10-11T15:04:00+00:00,1228,2769
summary,2022-10-14,MSFT,,,,,,,0.00,,0,,,,,,,,,,,,0.7698,2022-10-13T15:40:00+00:00,1219,2196
summary,2022-10-14,AMZN,,,,,,,0.00,,0,,,,,,,,,,,,0.8880,2022-10-11T15:03:00+00:00,1347,2563
summary,2022-10-17,QQQ,,,,,,,0.00,,0,,,,,,,,,,,,0.6362,2022-10-14T13:39:00+00:00,546,1171
summary,2022-10-17,AAPL,,,,,,,0.00,,0,,,,,,,,,,,,0.5560,2022-10-17T13:04:00+00:00,588,1130
summary,2022-10-17,MSFT,,,,,,,0.00,,0,,,,,,,,,,,,0.7713,2022-10-17T13:49:00+00:00,500,972
summary,2022-10-17,AMZN,,,,,,,0.00,,0,,,,,,,,,,,,1.0000,2022-10-14T13:39:00+00:00,513,1105
summary,2022-10-18,QQQ,,,,,,,0.00,,0,,,,,,,,,,,,0.7558,2022-10-17T09:30:00+00:00,1285,1615
trade,2022-10-18,AAPL,Long,2022-10-18T13:31:00+00:00,2022-10-18T14:37:00+00:00,146.1388,145.0965,25.23,-26.29,-0.007133,3960000,ScoreExit,window:strong core,three_outside_up,0.5116,-0.0896,0.4970,0.4130,0.7135,-0.5057,-0.3735,0.6167,,,
summary,2022-10-18,AAPL,,,,,,,-26.29,,1,,,,,,,,,,,,0.6130,2022-10-17T13:04:00+00:00,1176,1489
summary,2022-10-18,MSFT,,,,,,,0.00,,0,,,,,,,,,,,,0.8086,2022-10-17T13:49:00+00:00,776,1194
summary,2022-10-18,AMZN,,,,,,,0.00,,0,,,,,,,,,,,,0.7982,2022-10-17T14:14:00+00:00,1237,1438
trade,2022-10-19,QQQ,Long,2022-10-19T14:26:00+00:00,2022-10-19T14:51:00+00:00,273.0714,272.0334,13.75,-14.27,-0.003801,1500000,ScoreExit,window:5m thrust,,0.3788,-0.0878,0.3599,0.5180,0.1068,-0.4843,-0.1185,0.1057,,,
summary,2022-10-19,QQQ,,,,,,,-14.27,,1,,,,,,,,,,,,0.7558,2022-10-17T09:30:00+00:00,1645,2552
trade,2022-10-19,AAPL,Long,2022-10-19T13:32:00+00:00,2022-10-19T14:52:00+00:00,143.3380,143.8318,25.59,12.64,0.003445,4800000,ScoreExit,window:strong core,bullish_engulfing,0.4721,-0.0556,0.6214,0.5303,0.3059,-0.4880,-0.1961,0.3696,,,
summary,2022-10-19,AAPL,,,,,,,12.64,,1,,,,,,,,,,,,0.6130,2022-10-17T13:04:00+00:00,1696,2387
summary,2022-10-19,MSFT,,,,,,,0.00,,0,,,,,,,,,,,,0.8086,2022-10-17T13:49:00+00:00,941,1875
trade,2022-10-19,AMZN,Long,2022-10-19T14:21:00+00:00,2022-10-19T15:26:00+00:00,115.5997,115.2804,32.45,-10.36,-0.002762,3900000,ScoreExit,window:strong core,three_outside_up,0.5143,-0.0592,0.5274,0.5830,0.3723,-0.5519,-0.1747,0.3361,,,
summary,2022-10-19,AMZN,,,,,,,-10.36,,1,,,,,,,,,,,,0.7982,2022-10-17T14:14:00+00:00,1698,2299
trade,2022-10-20,QQQ,Long,2022-10-20T13:56:00+00:00,2022-10-20T15:27:00+00:00,272.1366,273.6929,13.59,21.15,0.005719,5460000,ScoreExit,window:candle reversal,shooting_star,0.3352,-0.0759,0.2916,0.3688,0.2827,-0.4314,-0.2318,0.3545,,,
summary,2022-10-20,QQQ,,,,,,,21.15,,1,,,,,,,,,,,,1.0000,2022-10-17T13:40:00+00:00,1631,3143
trade,2022-10-20,AAPL,Long,2022-10-20T13:31:00+00:00,2022-10-20T15:56:00+00:00,144.2583,145.5613,25.42,33.13,0.009033,8700000,MaxHoldTimeout,window:strong core,three_outside_up,0.4100,0.0048,0.6140,0.4106,0.3409,-0.2603,-0.1439,0.3906,,,
summary,2022-10-20,AAPL,,,,,,,33.13,,1,,,,,,,,,,,,1.0000,2022-10-17T13:41:00+00:00,1901,2925
trade,2022-10-20,MSFT,Long,2022-10-20T13:46:00+00:00,2022-10-20T15:16:00+00:00,238.2164,239.5181,15.53,20.21,0.005464,5400000,ScoreExit,window:strong core,three_outside_up,0.4400,-0.0714,0.6020,0.4795,0.3069,-0.4637,-0.2604,0.4374,,,
summary,2022-10-20,MSFT,,,,,,,20.21,,1,,,,,,,,,,,,1.0000,2022-10-17T13:40:00+00:00,1009,2337
trade,2022-10-20,AMZN,Long,2022-10-20T13:41:00+00:00,2022-10-20T15:56:00+00:00,114.6894,117.9896,31.82,105.02,0.028775,8100000,MaxHoldTimeout,window:candle reversal,shooting_star,0.3560,0.0930,0.0099,0.4868,0.2097,-0.0576,-0.1274,0.5838,,,
summary,2022-10-20,AMZN,,,,,,,105.02,,1,,,,,,,,,,,,1.0000,2022-10-17T13:36:00+00:00,1942,2827
summary,2022-10-21,QQQ,,,,,,,0.00,,0,,,,,,,,,,,,0.7251,2022-10-18T20:19:00+00:00,909,3101
summary,2022-10-21,AAPL,,,,,,,0.00,,0,,,,,,,,,,,,0.6683,2022-10-18T13:32:00+00:00,1301,2853
summary,2022-10-21,MSFT,,,,,,,0.00,,0,,,,,,,,,,,,0.7119,2022-10-18T20:03:00+00:00,695,2271
summary,2022-10-21,AMZN,,,,,,,0.00,,0,,,,,,,,,,,,0.7659,2022-10-18T20:19:00+00:00,954,2736
trade,2022-10-24,QQQ,Long,2022-10-24T14:56:00+00:00,2022-10-24T15:56:00+00:00,274.7574,276.7719,13.49,27.18,0.007332,3600000,SessionClose,window:strong core,three_outside_up,0.4271,0.5040,0.1611,0.4030,0.5639,0.5602,0.4274,0.6383,,,
summary,2022-10-24,QQQ,,,,,,,27.18,,1,,,,,,,,,,,,0.9431,2022-10-21T13:46:00+00:00,1049,1200
trade,2022-10-24,AAPL,Long,2022-10-24T13:51:00+00:00,2022-10-24T14:21:00+00:00,147.5007,146.2211,25.19,-32.23,-0.008675,1800000,ScoreExit,window:candle reversal,shooting_star,0.4402,-0.0911,0.0637,0.3791,0.6879,-0.5400,-0.3040,0.4843,,,
summary,2022-10-24,AAPL,,,,,,,-32.23,,1,,,,,,,,,,,,0.9423,2022-10-21T13:46:00+00:00,1050,1161
trade,2022-10-24,MSFT,Long,2022-10-24T13:56:00+00:00,2022-10-24T14:06:00+00:00,245.3586,242.8321,15.13,-38.22,-0.010297,600000,ScoreExit,window:candle reversal,bearish_engulfing,0.3227,-0.0545,0.2763,0.1621,0.6595,-0.5894,-0.3118,0.6384,,,
summary,2022-10-24,MSFT,,,,,,,-38.22,,1,,,,,,,,,,,,0.9294,2022-10-21T13:46:00+00:00,968,1033
summary,2022-10-24,AMZN,,,,,,,0.00,,0,,,,,,,,,,,,1.0000,2022-10-21T13:32:00+00:00,980,1116
summary,2022-10-25,QQQ,,,,,,,0.00,,0,,,,,,,,,,,,0.6447,2022-10-24T10:19:00+00:00,1242,1574
summary,2022-10-25,AAPL,,,,,,,0.00,,0,,,,,,,,,,,,0.6566,2022-10-24T10:33:00+00:00,1173,1467
trade,2022-10-25,MSFT,Long,2022-10-25T14:51:00+00:00,2022-10-25T15:56:00+00:00,249.5919,249.9050,14.87,4.66,0.001255,3900000,SessionClose,window:candle reversal,shooting_star,0.3173,0.2864,0.5691,0.1706,0.5268,0.4764,0.0910,0.6141,,,
summary,2022-10-25,MSFT,,,,,,,4.66,,1,,,,,,,,,,,,0.9600,2022-10-24T09:55:00+00:00,1040,1230
summary,2022-10-25,AMZN,,,,,,,0.00,,0,,,,,,,,,,,,0.6792,2022-10-24T10:19:00+00:00,926,1386
trade,2022-10-26,QQQ,Long,2022-10-26T14:18:00+00:00,2022-10-26T15:56:00+00:00,280.2090,282.7901,13.46,34.75,0.009211,5880000,SessionClose,window:strong core,,0.3813,0.0659,0.2301,0.4442,0.3060,-0.5273,-0.0344,0.4643,,,
summary,2022-10-26,QQQ,,,,,,,34.75,,1,,,,,,,,,,,,0.6447,2022-10-24T10:19:00+00:00,1594,2507
summary,2022-10-26,AAPL,,,,,,,0.00,,0,,,,,,,,,,,,0.6566,2022-10-24T10:33:00+00:00,1616,2360
summary,2022-10-26,MSFT,,,,,,,0.00,,0,,,,,,,,,,,,0.9600,2022-10-24T09:55:00+00:00,1042,2162
summary,2022-10-26,AMZN,,,,,,,0.00,,0,,,,,,,,,,,,0.6792,2022-10-24T10:19:00+00:00,986,2264
summary,2022-10-27,QQQ,,,,,,,0.00,,0,,,,,,,,,,,,0.9241,2022-10-24T13:45:00+00:00,1434,3122
summary,2022-10-27,AAPL,,,,,,,0.00,,0,,,,,,,,,,,,0.9182,2022-10-24T13:45:00+00:00,1509,2952
summary,2022-10-27,MSFT,,,,,,,0.00,,0,,,,,,,,,,,,1.0000,2022-10-24T13:37:00+00:00,911,2786
summary,2022-10-27,AMZN,,,,,,,0.00,,0,,,,,,,,,,,,0.9523,2022-10-24T13:38:00+00:00,814,2880
trade,2022-10-28,QQQ,Long,2022-10-28T13:38:00+00:00,2022-10-28T15:49:00+00:00,274.4673,278.6414,13.54,56.53,0.015208,7860000,MaxHoldTimeout,window:5m thrust,,0.4808,0.1446,0.4635,0.6582,0.1318,0.1646,-0.0135,0.4540,,,
summary,2022-10-28,QQQ,,,,,,,56.53,,1,,,,,,,,,,,,0.9037,2022-10-25T13:49:00+00:00,889,3172
summary,2022-10-28,AAPL,,,,,,,0.00,,0,,,,,,,,,,,,0.8977,2022-10-25T13:52:00+00:00,1004,3079
trade,2022-10-28,MSFT,Long,2022-10-28T13:39:00+00:00,2022-10-28T15:26:00+00:00,228.9137,233.0551,16.33,67.64,0.018092,6420000,ScoreExit,window:5m thrust,three_outside_up,0.4245,-0.0823,0.3614,0.5469,0.2007,-0.5577,-0.2264,0.3642,,,
summary,2022-10-28,MSFT,,,,,,,67.64,,1,,,,,,,,,,,,0.9034,2022-10-25T13:55:00+00:00,939,2927
summary,2022-10-28,AMZN,,,,,,,0.00,,0,,,,,,,,,,,,0.9328,2022-10-25T13:46:00+00:00,590,3083
summary,2022-10-31,QQQ,,,,,,,0.00,,0,,,,,,,,,,,,1.0000,2022-10-28T13:40:00+00:00,864,1179
summary,2022-10-31,AAPL,,,,,,,0.00,,0,,,,,,,,,,,,1.0000,2022-10-28T13:35:00+00:00,658,1169
summary,2022-10-31,MSFT,,,,,,,0.00,,0,,,,,,,,,,,,1.0000,2022-10-28T13:32:00+00:00,748,1007
trade,2022-10-31,AMZN,Long,2022-10-31T13:31:00+00:00,2022-10-31T13:51:00+00:00,103.9962,102.3783,35.48,-57.41,-0.015557,1200000,ScoreExit,window:strong core,three_outside_up,0.5401,-0.0919,0.4525,0.4731,0.7032,-0.6352,-0.3989,0.7032,,,
summary,2022-10-31,AMZN,,,,,,,-57.41,,1,,,,,,,,,,,,1.0000,2022-10-28T13:30:00+00:00,978,1157
summary,2022-11-01,QQQ,,,,,,,0.00,,0,,,,,,,,,,,,0.5936,2022-10-31T15:54:00+00:00,636,1514
summary,2022-11-01,AAPL,,,,,,,0.00,,0,,,,,,,,,,,,0.7580,2022-10-31T09:24:00+00:00,641,1473
summary,2022-11-01,MSFT,,,,,,,0.00,,0,,,,,,,,,,,,0.6286,2022-10-31T15:54:00+00:00,363,1139
summary,2022-11-01,AMZN,,,,,,,0.00,,0,,,,,,,,,,,,0.6921,2022-10-31T11:02:00+00:00,633,1463
summary,2022-11-02,QQQ,,,,,,,0.00,,0,,,,,,,,,,,,0.5936,2022-10-31T15:54:00+00:00,643,2363
summary,2022-11-02,AAPL,,,,,,,0.00,,0,,,,,,,,,,,,0.7580,2022-10-31T09:24:00+00:00,641,2250
summary,2022-11-02,MSFT,,,,,,,0.00,,0,,,,,,,,,,,,0.6286,2022-10-31T15:54:00+00:00,364,1743
summary,2022-11-02,AMZN,,,,,,,0.00,,0,,,,,,,,,,,,0.6921,2022-10-31T11:02:00+00:00,633,2326
summary,2022-11-03,QQQ,,,,,,,0.00,,0,,,,,,,,,,,,0.6694,2022-10-31T15:54:00+00:00,573,3007
summary,2022-11-03,AAPL,,,,,,,0.00,,0,,,,,,,,,,,,0.6569,2022-10-31T15:50:00+00:00,566,2861
summary,2022-11-03,MSFT,,,,,,,0.00,,0,,,,,,,,,,,,0.6967,2022-10-31T15:54:00+00:00,315,2298
summary,2022-11-03,AMZN,,,,,,,0.00,,0,,,,,,,,,,,,0.8636,2022-10-31T13:34:00+00:00,465,2928
summary,2022-11-04,QQQ,,,,,,,0.00,,0,,,,,,,,,,,,0.5129,2022-11-02T18:01:00+00:00,174,3070
summary,2022-11-04,AAPL,,,,,,,0.00,,0,,,,,,,,,,,,0.4911,2022-11-02T18:08:00+00:00,164,2967
trade,2022-11-04,MSFT,Long,2022-11-04T14:33:00+00:00,2022-11-04T15:56:00+00:00,218.8606,216.0102,16.91,-48.21,-0.013024,4980000,SessionClose,window:5m thrust,shooting_star,0.3736,0.0000,0.3341,0.5181,0.0976,0.3144,-0.4303,-0.1418,,,
summary,2022-11-04,MSFT,,,,,,,-48.21,,1,,,,,,,,,,,,0.5468,2022-11-02T18:01:00+00:00,373,2427
trade,2022-11-04,AMZN,Long,2022-11-04T14:36:00+00:00,2022-11-04T15:54:00+00:00,91.4323,89.0483,40.49,-96.52,-0.026074,4680000,HardStop,window:5m thrust,bullish_engulfing,0.3715,0.0000,0.2715,0.5703,0.0071,-0.5489,-0.4655,-0.3341,,,
summary,2022-11-04,AMZN,,,,,,,-96.52,,1,,,,,,,,,,,,0.4021,2022-11-04T14:38:00+00:00,146,3013
trade,2022-11-07,QQQ,Long,2022-11-07T15:16:00+00:00,2022-11-07T15:56:00+00:00,265.8547,265.1053,13.83,-10.36,-0.002819,2400000,SessionClose,window:candle reversal,shooting_star,0.3202,0.3973,0.5563,0.1392,0.6035,0.4261,0.2894,0.6035,,,
summary,2022-11-07,QQQ,,,,,,,-10.36,,1,,,,,,,,,,,,0.9560,2022-11-04T14:40:00+00:00,822,1156
trade,2022-11-07,AAPL,Long,2022-11-07T15:16:00+00:00,2022-11-07T15:49:00+00:00,137.3080,136.3341,26.87,-26.17,-0.007093,1980000,ScoreExit,window:candle reversal,shooting_star,0.3865,-0.0663,0.5546,0.2621,0.5792,-0.4167,-0.1591,0.2360,,,
summary,2022-11-07,AAPL,,,,,,,-26.17,,1,,,,,,,,,,,,0.8925,2022-11-04T14:25:00+00:00,626,1193
trade,2022-11-07,MSFT,Long,2022-11-07T14:41:00+00:00,2022-11-07T15:56:00+00:00,222.0616,225.7073,16.55,60.32,0.016417,4500000,SessionClose,window:strong core,bullish_engulfing,0.4653,0.4814,-0.0372,0.4076,0.7481,0.2610,0.3657,0.7861,,,
summary,2022-11-07,MSFT,,,,,,,60.32,,1,,,,,,,,,,,,0.9572,2022-11-04T14:41:00+00:00,804,990
summary,2022-11-07,AMZN,,,,,,,0.00,,0,,,,,,,,,,,,0.9583,2022-11-04T14:40:00+00:00,623,1163
trade,2022-11-08,QQQ,Long,2022-11-08T15:21:00+00:00,2022-11-08T15:56:00+00:00,269.6659,270.0240,13.67,4.90,0.001328,2100000,SessionClose,window:candle reversal,shooting_star,0.3990,0.3289,0.5530,0.2909,0.5638,-0.4591,0.3427,0.5638,,,
summary,2022-11-08,QQQ,,,,,,,4.90,,1,,,,,,,,,,,,0.6568,2022-11-07T10:23:00+00:00,1022,1500
summary,2022-11-08,AAPL,,,,,,,0.00,,0,,,,,,,,,,,,0.9202,2022-11-07T09:00:00+00:00,1022,1509
trade,2022-11-08,MSFT,Long,2022-11-08T15:21:00+00:00,2022-11-08T15:56:00+00:00,230.5441,229.1462,16.21,-22.66,-0.006064,2100000,SessionClose,window:candle reversal,shooting_star,0.3394,0.0349,0.5933,0.1998,0.5340,-0.5688,-0.1140,0.5340,,,
summary,2022-11-08,MSFT,,,,,,,-22.66,,1,,,,,,,,,,,,0.8701,2022-11-07T11:03:00+00:00,857,1137
trade,2022-11-08,AMZN,Long,2022-11-08T15:41:00+00:00,2022-11-08T15:56:00+00:00,90.7026,90.7178,40.83,0.62,0.000167,900000,SessionClose,window:strong core,shooting_star,0.3965,0.2627,0.3033,0.4174,0.3858,-0.1856,0.2759,0.3858,,,
summary,2022-11-08,AMZN,,,,,,,0.62,,1,,,,,,,,,,,,0.8844,2022-11-07T10:24:00+00:00,880,1487
summary,2022-11-09,QQQ,,,,,,,0.00,,0,,,,,,,,,,,,0.6568,2022-11-07T10:23:00+00:00,1297,2391
summary,2022-11-09,AAPL,,,,,,,0.00,,0,,,,,,,,,,,,0.9202,2022-11-07T09:00:00+00:00,1233,2289
summary,2022-11-09,MSFT,,,,,,,0.00,,0,,,,,,,,,,,,0.8701,2022-11-07T11:03:00+00:00,956,1684
summary,2022-11-09,AMZN,,,,,,,0.00,,0,,,,,,,,,,,,0.8844,2022-11-07T10:24:00+00:00,1075,2311
summary,2022-11-10,QQQ,,,,,,,0.00,,0,,,,,,,,,,,,0.8740,2022-11-07T15:16:00+00:00,1716,2977
summary,2022-11-10,AAPL,,,,,,,0.00,,0,,,,,,,,,,,,0.8900,2022-11-07T15:16:00+00:00,1635,2825
summary,2022-11-10,MSFT,,,,,,,0.00,,0,,,,,,,,,,,,0.9571,2022-11-07T15:59:00+00:00,1318,2144
trade,2022-11-10,AMZN,Long,2022-11-10T15:46:00+00:00,2022-11-10T15:56:00+00:00,95.8255,97.3258,40.16,60.25,0.015656,600000,SessionClose,window:strong core,three_outside_up,0.5115,0.4797,0.6478,0.4004,0.6885,0.1253,0.4344,0.6885,,,
trade,2022-11-10,AMZN,Long,2022-11-10T15:58:00+00:00,2022-11-10T15:59:00+00:00,97.3092,97.5457,40.02,9.47,0.002431,60000,SessionClose,window:strong core,three_outside_up,0.4635,0.4915,-0.0368,0.4344,0.6885,0.2434,0.4344,0.6885,,,
summary,2022-11-10,AMZN,,,,,,,69.72,,2,,,,,,,,,,,,0.7409,2022-11-10T13:47:00+00:00,1379,2915
trade,2022-11-11,QQQ,Long,2022-11-11T15:06:00+00:00,2022-11-11T15:56:00+00:00,284.0552,285.6293,13.17,20.74,0.005542,3000000,SessionClose,window:candle reversal,shooting_star,0.3446,0.2571,0.5286,0.1928,0.5869,-0.2521,0.1770,0.5869,,,
summary,2022-11-11,QQQ,,,,,,,20.74,,1,,,,,,,,,,,,0.9524,2022-11-08T15:48:00+00:00,1662,3080
trade,2022-11-11,AAPL,Long,2022-11-11T15:11:00+00:00,2022-11-11T15:56:00+00:00,146.5788,148.2017,25.67,41.66,0.011072,2700000,SessionClose,window:strong core,bearish_engulfing,0.4751,0.3865,0.5764,0.4105,0.5704,0.1077,0.3410,0.5704,,,
trade,2022-11-11,AAPL,Long,2022-11-11T15:58:00+00:00,2022-11-11T15:59:00+00:00,148.1444,148.2304,25.61,2.20,0.000580,60000,SessionClose,window:candle reversal,evening_star,0.3627,0.3939,-0.1301,0.3410,0.5704,0.1810,0.3410,0.5704,,,
summary,2022-11-11,AAPL,,,,,,,43.86,,2,,,,,,,,,,,,0.7964,2022-11-08T15:59:00+00:00,1629,2905
trade,2022-11-11,MSFT,Long,2022-11-11T14:46:00+00:00,2022-11-11T15:56:00+00:00,243.7481,245.9712,15.48,34.42,0.009120,4200000,SessionClose,window:strong core,hammer,0.4312,0.2039,0.4774,0.4026,0.4730,-0.1259,0.0695,0.5826,,,
summary,2022-11-11,MSFT,,,,,,,34.42,,1,,,,,,,,,,,,0.9070,2022-11-08T14:53:00+00:00,1202,2210
trade,2022-11-11,AMZN,Long,2022-11-11T14:46:00+00:00,2022-11-11T15:56:00+00:00,98.4945,100.1749,39.22,65.91,0.017061,4200000,SessionClose,window:strong core,,0.5233,0.2612,0.5281,0.4834,0.6016,-0.1047,0.0999,0.7058,,,
summary,2022-11-11,AMZN,,,,,,,65.91,,1,,,,,,,,,,,,0.9560,2022-11-08T15:43:00+00:00,1621,2980
trade,2022-11-14,QQQ,Long,2022-11-14T15:11:00+00:00,2022-11-14T15:56:00+00:00,286.9311,286.8289,12.92,-1.32,-0.000356,2700000,SessionClose,window:candle reversal,shooting_star,0.3818,0.2626,0.5298,0.3302,0.4356,0.4406,0.1442,0.4400,,,
summary,2022-11-14,QQQ,,,,,,,-1.32,,1,,,,,,,,,,,,0.9589,2022-11-11T15:49:00+00:00,890,1171
summary,2022-11-14,AAPL,,,,,,,0.00,,0,,,,,,,,,,,,0.9600,2022-11-11T15:49:00+00:00,898,1102
summary,2022-11-14,MSFT,,,,,,,0.00,,0,,,,,,,,,,,,0.9587,2022-11-11T15:51:00+00:00,379,978
summary,2022-11-14,AMZN,,,,,,,0.00,,0,,,,,,,,,,,,1.0000,2022-11-11T14:41:00+00:00,672,1123
summary,2022-11-15,QQQ,,,,,,,0.00,,0,,,,,,,,,,,,0.6805,2022-11-15T13:33:00+00:00,1016,1555
summary,2022-11-15,AAPL,,,,,,,0.00,,0,,,,,,,,,,,,0.6565,2022-11-15T13:33:00+00:00,904,1402
summary,2022-11-15,MSFT,,,,,,,0.00,,0,,,,,,,,,,,,0.7084,2022-11-15T13:33:00+00:00,753,1180
summary,2022-11-15,AMZN,,,,,,,0.00,,0,,,,,,,,,,,,0.7029,2022-11-15T13:31:00+00:00,824,1500
summary,2022-11-16,QQQ,,,,,,,0.00,,0,,,,,,,,,,,,0.6805,2022-11-15T13:33:00+00:00,1215,2431
summary,2022-11-16,AAPL,,,,,,,0.00,,0,,,,,,,,,,,,0.6565,2022-11-15T13:33:00+00:00,1027,2211
summary,2022-11-16,MSFT,,,,,,,0.00,,0,,,,,,,,,,,,0.7084,2022-11-15T13:33:00+00:00,926,1786
summary,2022-11-16,AMZN,,,,,,,0.00,,0,,,,,,,,,,,,0.7029,2022-11-15T13:31:00+00:00,858,2362
summary,2022-11-17,QQQ,,,,,,,0.00,,0,,,,,,,,,,,,0.8896,2022-11-14T15:15:00+00:00,1145,3004
summary,2022-11-17,AAPL,,,,,,,0.00,,0,,,,,,,,,,,,0.6619,2022-11-14T17:13:00+00:00,1224,2767
summary,2022-11-17,MSFT,,,,,,,0.00,,0,,,,,,,,,,,,0.8991,2022-11-14T15:00:00+00:00,1105,2265
summary,2022-11-17,AMZN,,,,,,,0.00,,0,,,,,,,,,,,,0.9431,2022-11-14T14:39:00+00:00,874,2923
summary,2022-11-18,QQQ,,,,,,,0.00,,0,,,,,,,,,,,,0.5550,2022-11-15T15:05:00+00:00,410,3008
summary,2022-11-18,AAPL,,,,,,,0.00,,0,,,,,,,,,,,,1.0000,2022-11-15T14:32:00+00:00,1024,2774
summary,2022-11-18,MSFT,,,,,,,0.00,,0,,,,,,,,,,,,0.4569,2022-11-17T16:59:00+00:00,630,2171
summary,2022-11-18,AMZN,,,,,,,0.00,,0,,,,,,,,,,,,0.4864,2022-11-16T16:47:00+00:00,445,2861
summary,2022-11-21,QQQ,,,,,,,0.00,,0,,,,,,,,,,,,0.4589,2022-11-18T20:49:00+00:00,136,1126
summary,2022-11-21,AAPL,,,,,,,0.00,,0,,,,,,,,,,,,0.5274,2022-11-18T16:19:00+00:00,107,1058
trade,2022-11-21,MSFT,Long,2022-11-21T14:31:00+00:00,2022-11-21T15:22:00+00:00,242.7778,241.6692,15.24,-16.90,-0.004566,3060000,ScoreExit,window:strong core,hammer,0.5641,-0.0719,0.5622,0.5094,0.6742,-0.4494,-0.2481,0.4063,,,
summary,2022-11-21,MSFT,,,,,,,-16.90,,1,,,,,,,,,,,,0.5721,2022-11-21T14:31:00+00:00,443,915
trade,2022-11-21,AMZN,Long,2022-11-21T14:31:00+00:00,2022-11-21T14:51:00+00:00,94.9435,93.8618,38.99,-42.17,-0.011392,1200000,ScoreExit,window:candle reversal,shooting_star,0.4539,-0.0977,0.6392,0.3902,0.5196,-0.3470,-0.1765,0.1430,,,
summary,2022-11-21,AMZN,,,,,,,-42.17,,1,,,,,,,,,,,,0.5832,2022-11-18T20:44:00+00:00,346,1069
trade,2022-11-22,QQQ,Long,2022-11-22T15:47:00+00:00,2022-11-22T15:56:00+00:00,282.5998,283.3307,13.11,9.58,0.002586,540000,SessionClose,window:strong core,hammer,0.4051,0.4416,0.5473,0.4287,0.3103,0.5408,0.4326,0.4263,,,
trade,2022-11-22,QQQ,Long,2022-11-22T15:58:00+00:00,2022-11-22T15:59:00+00:00,283.3200,283.4199,13.10,1.31,0.000353,60000,SessionClose,window:strong core,shooting_star,0.4019,0.4457,0.2142,0.4326,0.4031,0.5488,0.4326,0.4375,,,
summary,2022-11-22,QQQ,,,,,,,10.89,,2,,,,,,,,,,,,0.4457,2022-11-22T15:58:00+00:00,762,1445
trade,2022-11-22,AAPL,Long,2022-11-22T15:50:00+00:00,2022-11-22T15:56:00+00:00,148.7796,148.5796,24.82,-4.96,-0.001344,360000,SessionClose,window:strong core,shooting_star,0.4052,0.3265,0.5436,0.4220,0.3255,0.3490,0.3350,0.3021,,,
summary,2022-11-22,AAPL,,,,,,,-4.96,,1,,,,,,,,,,,,0.5054,2022-11-21T13:22:00+00:00,665,1335
summary,2022-11-22,MSFT,,,,,,,0.00,,0,,,,,,,,,,,,0.6674,2022-11-21T14:31:00+00:00,584,1020
summary,2022-11-22,AMZN,,,,,,,0.00,,0,,,,,,,,,,,,0.6020,2022-11-21T14:30:00+00:00,802,1356
trade,2022-11-23,QQQ,Long,2022-11-23T14:46:00+00:00,2022-11-23T15:56:00+00:00,287.3412,288.7733,12.92,18.50,0.004984,4200000,SessionClose,window:strong core,three_outside_up,0.4079,0.2357,0.3625,0.4182,0.4026,0.1049,0.1414,0.4678,,,
summary,2022-11-23,QQQ,,,,,,,18.50,,1,,,,,,,,,,,,0.4735,2022-11-23T19:04:00+00:00,1371,2261
trade,2022-11-23,AAPL,Long,2022-11-23T14:31:00+00:00,2022-11-23T15:56:00+00:00,149.5699,151.6095,24.67,50.32,0.013637,5100000,SessionClose,window:strong core,bearish_engulfing,0.4116,0.2041,0.4087,0.4583,0.3192,0.3433,0.0896,0.3868,,,
summary,2022-11-23,AAPL,,,,,,,50.32,,1,,,,,,,,,,,,0.5054,2022-11-21T13:22:00+00:00,1176,2114
trade,2022-11-23,MSFT,Long,2022-11-23T15:11:00+00:00,2022-11-23T15:56:00+00:00,247.3192,247.3408,15.02,0.32,0.000087,2700000,SessionClose,window:candle reversal,shooting_star,0.3978,0.3031,0.5670,0.3563,0.4245,0.3858,0.2286,0.4245,,,
trade,2022-11-23,MSFT,Long,2022-11-23T15:58:00+00:00,2022-11-23T15:59:00+00:00,247.5993,247.4567,15.00,-2.14,-0.000576,60000,SessionClose,window:candle reversal,shooting_star,0.3074,0.3119,0.4287,0.2286,0.4245,0.4741,0.2286,0.4245,,,
summary,2022-11-23,MSFT,,,,,,,-1.81,,2,,,,,,,,,,,,0.6674,2022-11-21T14:31:00+00:00,1003,1561
trade,2022-11-23,AMZN,Long,2022-11-23T15:31:00+00:00,2022-11-23T15:56:00+00:00,93.7731,93.8418,38.90,2.67,0.000733,1500000,SessionClose,window:strong core,hammer,0.3808,0.2886,0.2805,0.4198,0.3365,0.3220,0.2590,0.3365,,,
summary,2022-11-23,AMZN,,,,,,,2.67,,1,,,,,,,,,,,,0.6020,2022-11-21T14:30:00+00:00,1336,2120
summary,2022-11-24,QQQ,,,,,,,0.00,,0,,,,,,,,,,,,0.5785,2022-11-21T14:51:00+00:00,1372,2192
summary,2022-11-24,AAPL,,,,,,,0.00,,0,,,,,,,,,,,,0.5977,2022-11-21T15:00:00+00:00,1183,2082
summary,2022-11-24,MSFT,,,,,,,0.00,,0,,,,,,,,,,,,1.0000,2022-11-21T14:31:00+00:00,939,1531
summary,2022-11-24,AMZN,,,,,,,0.00,,0,,,,,,,,,,,,0.7169,2022-11-21T14:30:00+00:00,1505,2149
summary,2022-11-25,QQQ,,,,,,,0.00,,0,,,,,,,,,,,,0.9552,2022-11-22T15:50:00+00:00,1514,1927
summary,2022-11-25,AAPL,,,,,,,0.00,,0,,,,,,,,,,,,0.9544,2022-11-22T15:49:00+00:00,1163,1913
summary,2022-11-25,MSFT,,,,,,,0.00,,0,,,,,,,,,,,,0.8479,2022-11-22T15:59:00+00:00,1081,1333
summary,2022-11-25,AMZN,,,,,,,0.00,,0,,,,,,,,,,,,0.9027,2022-11-22T15:14:00+00:00,1465,1938
summary,2022-11-28,QQQ,,,,,,,0.00,,0,,,,,,,,,,,,0.5815,2022-11-25T16:03:00+00:00,114,969
summary,2022-11-28,AAPL,,,,,,,0.00,,0,,,,,,,,,,,,0.8934,2022-11-25T14:58:00+00:00,156,1014
summary,2022-11-28,MSFT,,,,,,,0.00,,0,,,,,,,,,,,,0.4929,2022-11-25T14:37:00+00:00,46,762
trade,2022-11-28,AMZN,Long,2022-11-28T14:31:00+00:00,2022-11-28T15:21:00+00:00,94.0932,94.6065,39.41,20.23,0.005455,3000000,ScoreExit,window:strong core,bullish_engulfing,0.4939,-0.0678,0.3694,0.4335,0.6563,-0.5053,-0.3455,0.6335,,,
summary,2022-11-28,AMZN,,,,,,,20.23,,1,,,,,,,,,,,,0.8936,2022-11-25T15:17:00+00:00,488,1000
summary,2022-11-29,QQQ,,,,,,,0.00,,0,,,,,,,,,,,,0.5423,2022-11-28T14:41:00+00:00,311,1504
summary,2022-11-29,AAPL,,,,,,,0.00,,0,,,,,,,,,,,,0.6535,2022-11-28T14:43:00+00:00,286,1471
summary,2022-11-29,MSFT,,,,,,,0.00,,0,,,,,,,,,,,,0.4126,2022-11-28T13:53:00+00:00,72,1109
summary,2022-11-29,AMZN,,,,,,,0.00,,0,,,,,,,,,,,,0.7310,2022-11-28T11:56:00+00:00,502,1434
summary,2022-11-30,QQQ,,,,,,,0.00,,0,,,,,,,,,,,,0.7529,2022-11-30T19:19:00+00:00,539,2324
summary,2022-11-30,AAPL,,,,,,,0.00,,0,,,,,,,,,,,,0.7026,2022-11-30T19:19:00+00:00,517,2280
trade,2022-11-30,MSFT,Long,2022-11-30T14:35:00+00:00,2022-11-30T15:16:00+00:00,242.7278,242.1673,15.25,-8.55,-0.002309,2460000,ScoreExit,window:strong core,three_outside_up,0.4158,-0.0572,0.6233,0.4082,0.3619,-0.5290,-0.0669,0.1196,,,
summary,2022-11-30,MSFT,,,,,,,-8.55,,1,,,,,,,,,,,,0.7454,2022-11-30T19:16:00+00:00,396,1614
summary,2022-11-30,AMZN,,,,,,,0.00,,0,,,,,,,,,,,,0.7310,2022-11-28T11:56:00+00:00,678,2226
trade,2022-12-01,QQQ,Long,2022-12-01T14:51:00+00:00,2022-12-01T15:06:00+00:00,295.2858,294.2467,12.53,-13.02,-0.003519,900000,ScoreExit,window:candle reversal,shooting_star,0.3873,-0.0711,0.5597,0.2880,0.5284,-0.4990,-0.2516,0.4323,,,
summary,2022-12-01,QQQ,,,,,,,-13.02,,1,,,,,,,,,,,,0.7550,2022-11-30T19:19:00+00:00,1156,2957
summary,2022-12-01,AAPL,,,,,,,0.00,,0,,,,,,,,,,,,0.9977,2022-11-28T14:33:00+00:00,1077,2874
summary,2022-12-01,MSFT,,,,,,,0.00,,0,,,,,,,,,,,,0.7470,2022-11-30T19:16:00+00:00,907,2179
summary,2022-12-01,AMZN,,,,,,,0.00,,0,,,,,,,,,,,,1.0000,2022-11-28T14:33:00+00:00,1051,2862
summary,2022-12-02,QQQ,,,,,,,0.00,,0,,,,,,,,,,,,0.8124,2022-11-30T19:19:00+00:00,1795,2922
summary,2022-12-02,AAPL,,,,,,,0.00,,0,,,,,,,,,,,,0.8952,2022-11-29T15:29:00+00:00,1601,2760
summary,2022-12-02,MSFT,,,,,,,0.00,,0,,,,,,,,,,,,0.8117,2022-11-30T19:16:00+00:00,1392,2110
summary,2022-12-02,AMZN,,,,,,,0.00,,0,,,,,,,,,,,,0.7461,2022-11-30T19:19:00+00:00,1393,2837
summary,2022-12-05,QQQ,,,,,,,0.00,,0,,,,,,,,,,,,0.8999,2022-12-02T15:13:00+00:00,572,1128
trade,2022-12-05,AAPL,Long,2022-12-05T14:31:00+00:00,2022-12-05T15:16:00+00:00,148.3195,148.6304,24.94,7.75,0.002096,2700000,ScoreExit,window:strong core,shooting_star,0.5340,-0.0599,0.5568,0.4625,0.6693,-0.5688,-0.2487,0.4874,,,
summary,2022-12-05,AAPL,,,,,,,7.75,,1,,,,,,,,,,,,0.7545,2022-12-02T15:13:00+00:00,585,1078
summary,2022-12-05,MSFT,,,,,,,0.00,,0,,,,,,,,,,,,0.8928,2022-12-02T15:13:00+00:00,465,937
summary,2022-12-05,AMZN,,,,,,,0.00,,0,,,,,,,,,,,,0.7705,2022-12-02T14:32:00+00:00,172,1114
summary,2022-12-06,QQQ,,,,,,,0.00,,0,,,,,,,,,,,,0.3902,2022-12-05T11:48:00+00:00,202,1475
summary,2022-12-06,AAPL,,,,,,,0.00,,0,,,,,,,,,,,,0.7587,2022-12-05T14:39:00+00:00,246,1370
summary,2022-12-06,MSFT,,,,,,,0.00,,0,,,,,,,,,,,,0.7068,2022-12-05T11:52:00+00:00,193,1037
summary,2022-12-06,AMZN,,,,,,,0.00,,0,,,,,,,,,,,,0.6224,2022-12-05T10:13:00+00:00,77,1434
summary,2022-12-07,QQQ,,,,,,,0.00,,0,,,,,,,,,,,,0.3902,2022-12-05T11:48:00+00:00,232,2329
summary,2022-12-07,AAPL,,,,,,,0.00,,0,,,,,,,,,,,,0.7587,2022-12-05T14:39:00+00:00,246,2185
summary,2022-12-07,MSFT,,,,,,,0.00,,0,,,,,,,,,,,,0.7068,2022-12-05T11:52:00+00:00,279,1588
summary,2022-12-07,AMZN,,,,,,,0.00,,0,,,,,,,,,,,,0.6224,2022-12-05T10:13:00+00:00,216,2278
trade,2022-12-08,QQQ,Long,2022-12-08T15:31:00+00:00,2022-12-08T15:56:00+00:00,283.7701,283.8898,13.04,1.56,0.000422,1500000,SessionClose,window:5m thrust,bearish_engulfing,0.3727,0.1857,-0.1256,0.5310,0.2223,0.5173,0.0959,0.2550,,,
summary,2022-12-08,QQQ,,,,,,,1.56,,1,,,,,,,,,,,,0.5532,2022-12-05T14:38:00+00:00,383,2904
summary,2022-12-08,AAPL,,,,,,,0.00,,0,,,,,,,,,,,,1.0000,2022-12-05T14:35:00+00:00,263,2727
summary,2022-12-08,MSFT,,,,,,,0.00,,0,,,,,,,,,,,,0.6131,2022-12-05T14:49:00+00:00,476,2016
trade,2022-12-08,AMZN,Long,2022-12-08T14:57:00+00:00,2022-12-08T15:56:00+00:00,89.7019,90.3879,41.26,28.30,0.007647,3540000,SessionClose,window:strong core,three_outside_up,0.4396,-0.0058,0.6235,0.4737,0.3100,-0.4120,-0.1601,0.4383,,,
summary,2022-12-08,AMZN,,,,,,,28.30,,1,,,,,,,,,,,,1.0000,2022-12-05T14:41:00+00:00,581,2827
summary,2022-12-09,QQQ,,,,,,,0.00,,0,,,,,,,,,,,,0.4843,2022-12-08T15:34:00+00:00,1075,2894
trade,2022-12-09,AAPL,Long,2022-12-09T15:36:00+00:00,2022-12-09T15:56:00+00:00,142.8278,143.5269,25.93,18.12,0.004895,1200000,SessionClose,window:strong core,,0.4309,0.5469,0.2037,0.4694,0.4298,0.5497,0.5710,0.4979,,,
trade,2022-12-09,AAPL,Long,2022-12-09T15:58:00+00:00,2022-12-09T15:59:00+00:00,143.9682,143.9918,25.82,0.61,0.000164,60000,SessionClose,window:strong core,three_outside_up,0.5492,0.5508,0.5722,0.5710,0.4979,0.5880,0.5710,0.4979,,,
summary,2022-12-09,AAPL,,,,,,,18.73,,2,,,,,,,,,,,,0.5625,2022-12-09T16:03:00+00:00,864,2695
trade,2022-12-09,MSFT,Long,2022-12-09T15:37:00+00:00,2022-12-09T15:56:00+00:00,246.5289,246.6010,15.01,1.08,0.000292,1140000,SessionClose,window:strong core,,0.3893,0.4603,0.4986,0.4102,0.3112,0.5443,0.5083,0.3362,,,
trade,2022-12-09,MSFT,Long,2022-12-09T15:58:00+00:00,2022-12-09T15:59:00+00:00,247.2091,247.2408,14.98,0.47,0.000128,60000,SessionClose,window:strong core,three_outside_up,0.4708,0.4731,0.5454,0.5083,0.3709,0.5689,0.5083,0.3709,,,
summary,2022-12-09,MSFT,,,,,,,1.56,,2,,,,,,,,,,,,0.4965,2022-12-09T16:02:00+00:00,916,2032
summary,2022-12-09,AMZN,,,,,,,0.00,,0,,,,,,,,,,,,0.6931,2022-12-06T14:37:00+00:00,1358,2808
summary,2022-12-12,QQQ,,,,,,,0.00,,0,,,,,,,,,,,,0.9588,2022-12-09T15:59:00+00:00,390,1124
summary,2022-12-12,AAPL,,,,,,,0.00,,0,,,,,,,,,,,,0.9596,2022-12-09T15:59:00+00:00,465,1044
trade,2022-12-12,MSFT,Long,2022-12-12T14:31:00+00:00,2022-12-12T15:56:00+00:00,248.2394,249.2002,14.92,14.33,0.003870,5100000,SessionClose,window:strong core,three_outside_up,0.5781,0.1385,0.5892,0.4998,0.7309,0.1401,-0.1132,0.6414,,,
summary,2022-12-12,MSFT,,,,,,,14.33,,1,,,,,,,,,,,,0.9597,2022-12-09T15:59:00+00:00,729,915
summary,2022-12-12,AMZN,,,,,,,0.00,,0,,,,,,,,,,,,0.9281,2022-12-09T14:44:00+00:00,451,1078
summary,2022-12-13,QQQ,,,,,,,0.00,,0,,,,,,,,,,,,0.8904,2022-12-13T13:49:00+00:00,1077,1482
summary,2022-12-13,AAPL,,,,,,,0.00,,0,,,,,,,,,,,,0.7650,2022-12-13T13:41:00+00:00,974,1330
summary,2022-12-13,MSFT,,,,,,,0.00,,0,,,,,,,,,,,,0.8454,2022-12-12T11:00:00+00:00,822,1094
summary,2022-12-13,AMZN,,,,,,,0.00,,0,,,,,,,,,,,,0.7793,2022-12-13T13:49:00+00:00,1047,1393
trade,2022-12-14,QQQ,Long,2022-12-14T15:11:00+00:00,2022-12-14T15:56:00+00:00,290.5621,290.1779,13.00,-4.99,-0.001322,2700000,SessionClose,window:candle reversal,shooting_star,0.3851,0.0168,0.4897,0.4232,0.2741,-0.4991,-0.0259,0.2741,,,
summary,2022-12-14,QQQ,,,,,,,-4.99,,1,,,,,,,,,,,,0.8904,2022-12-13T13:49:00+00:00,1477,2323
trade,2022-12-14,AAPL,Long,2022-12-14T15:11:00+00:00,2022-12-14T15:31:00+00:00,146.5189,145.9162,25.79,-15.54,-0.004114,1200000,ScoreExit,window:candle reversal,shooting_star,0.3018,-0.0863,0.1938,0.3699,0.2017,-0.4864,-0.1637,0.2017,,,
summary,2022-12-14,AAPL,,,,,,,-15.54,,1,,,,,,,,,,,,0.7650,2022-12-13T13:41:00+00:00,1245,2071
trade,2022-12-14,MSFT,Long,2022-12-14T14:31:00+00:00,2022-12-14T15:56:00+00:00,258.2124,260.5668,14.76,34.74,0.009118,5100000,SessionClose,window:strong core,hammer,0.4456,0.0570,0.5500,0.4150,0.4721,-0.3850,-0.0553,0.4288,,,
summary,2022-12-14,MSFT,,,,,,,34.74,,1,,,,,,,,,,,,0.8454,2022-12-12T11:00:00+00:00,1247,1648
summary,2022-12-14,AMZN,,,,,,,0.00,,0,,,,,,,,,,,,0.7793,2022-12-13T13:49:00+00:00,1527,2153
summary,2022-12-15,QQQ,,,,,,,0.00,,0,,,,,,,,,,,,0.8919,2022-12-13T13:49:00+00:00,1353,2950
summary,2022-12-15,AAPL,,,,,,,0.00,,0,,,,,,,,,,,,0.7666,2022-12-13T13:41:00+00:00,1183,2689
summary,2022-12-15,MSFT,,,,,,,0.00,,0,,,,,,,,,,,,1.0000,2022-12-12T14:35:00+00:00,1245,2198
summary,2022-12-15,AMZN,,,,,,,0.00,,0,,,,,,,,,,,,0.8014,2022-12-13T13:49:00+00:00,1615,2766
summary,2022-12-16,QQQ,,,,,,,0.00,,0,,,,,,,,,,,,0.5789,2022-12-13T14:47:00+00:00,166,3009
summary,2022-12-16,AAPL,,,,,,,0.00,,0,,,,,,,,,,,,0.5073,2022-12-13T14:45:00+00:00,133,2805
summary,2022-12-16,MSFT,,,,,,,0.00,,0,,,,,,,,,,,,0.9113,2022-12-13T14:45:00+00:00,397,2203
trade,2022-12-16,AMZN,Long,2022-12-16T14:47:00+00:00,2022-12-16T15:56:00+00:00,88.9770,87.8136,41.41,-48.17,-0.013075,4140000,SessionClose,window:5m thrust,three_outside_up,0.3643,0.0000,0.2886,0.5461,0.0260,0.2048,-0.1213,-0.1692,,,
summary,2022-12-16,AMZN,,,,,,,-48.17,,1,,,,,,,,,,,,0.5200,2022-12-13T14:57:00+00:00,214,2806
summary,2022-12-19,QQQ,,,,,,,0.00,,0,,,,,,,,,,,,0.8357,2022-12-16T14:49:00+00:00,224,1168
summary,2022-12-19,AAPL,,,,,,,0.00,,0,,,,,,,,,,,,0.9035,2022-12-16T14:53:00+00:00,268,1143
summary,2022-12-19,MSFT,,,,,,,0.00,,0,,,,,,,,,,,,0.8184,2022-12-16T14:50:00+00:00,104,975
summary,2022-12-19,AMZN,,,,,,,0.00,,0,,,,,,,,,,,,0.9252,2022-12-16T14:43:00+00:00,209,1109
trade,2022-12-20,QQQ,Long,2022-12-20T15:36:00+00:00,2022-12-20T15:56:00+00:00,270.9363,270.6538,13.66,-3.86,-0.001043,1200000,SessionClose,window:candle reversal,shooting_star,0.3656,0.0575,0.1474,0.4748,0.2200,0.2395,-0.0452,0.2024,,,
summary,2022-12-20,QQQ,,,,,,,-3.86,,1,,,,,,,,,,,,0.6038,2022-12-19T10:21:00+00:00,359,1539
trade,2022-12-20,AAPL,Long,2022-12-20T15:27:00+00:00,2022-12-20T15:56:00+00:00,132.6848,132.7602,27.89,2.10,0.000568,1740000,SessionClose,window:5m thrust,hammer,0.4023,0.1738,0.1038,0.5342,0.2381,0.2778,0.1066,0.2733,,,
summary,2022-12-20,AAPL,,,,,,,2.10,,1,,,,,,,,,,,,0.6039,2022-12-19T10:23:00+00:00,445,1463
trade,2022-12-20,MSFT,Long,2022-12-20T15:26:00+00:00,2022-12-20T15:56:00+00:00,241.6275,241.8724,15.22,3.73,0.001014,1800000,SessionClose,window:strong core,hammer,0.4137,0.1011,0.5763,0.4285,0.3299,0.2129,-0.0559,0.3778,,,
summary,2022-12-20,MSFT,,,,,,,3.73,,1,,,,,,,,,,,,0.6723,2022-12-19T11:21:00+00:00,422,1118
trade,2022-12-20,AMZN,Long,2022-12-20T15:01:00+00:00,2022-12-20T15:56:00+00:00,85.8007,85.9192,43.11,5.11,0.001381,3300000,SessionClose,window:strong core,bearish_engulfing,0.4730,0.0014,0.6004,0.4903,0.3959,-0.3656,-0.1467,0.4198,,,
summary,2022-12-20,AMZN,,,,,,,5.11,,1,,,,,,,,,,,,0.7244,2022-12-19T10:22:00+00:00,324,1465
trade,2022-12-21,QQQ,Long,2022-12-21T15:06:00+00:00,2022-12-21T15:56:00+00:00,271.6165,273.6329,13.61,27.45,0.007424,3000000,SessionClose,window:strong core,,0.3811,0.3873,0.2294,0.4025,0.3888,0.4878,0.3699,0.3888,,,
summary,2022-12-21,QQQ,,,,,,,27.45,,1,,,,,,,,,,,,0.6038,2022-12-19T10:21:00+00:00,966,2424
trade,2022-12-21,AAPL,Long,2022-12-21T14:35:00+00:00,2022-12-21T15:56:00+00:00,133.4350,136.1491,27.75,75.31,0.020340,4860000,SessionClose,window:candle reversal,evening_star,0.3061,0.5565,0.2474,0.3292,0.2796,0.4899,0.5414,0.6087,,,
trade,2022-12-21,AAPL,Long,2022-12-21T15:58:00+00:00,2022-12-21T15:59:00+00:00,136.5660,136.5057,27.52,-1.66,-0.000441,60000,SessionClose,window:strong core,bullish_engulfing,0.5652,0.5642,0.5770,0.5414,0.6087,0.5671,0.5414,0.6087,,,
summary,2022-12-21,AAPL,,,,,,,73.65,,2,,,,,,,,,,,,0.6039,2022-12-19T10:23:00+00:00,1119,2288
trade,2022-12-21,MSFT,Long,2022-12-21T15:36:00+00:00,2022-12-21T15:56:00+00:00,243.6784,244.3517,15.11,10.17,0.002763,1200000,SessionClose,window:strong core,bearish_engulfing,0.3964,0.3528,0.4539,0.4218,0.3266,0.5069,0.3401,0.3266,,,
summary,2022-12-21,MSFT,,,,,,,10.17,,1,,,,,,,,,,,,0.6723,2022-12-19T11:21:00+00:00,822,1712
trade,2022-12-21,AMZN,Long,2022-12-21T15:36:00+00:00,2022-12-21T15:56:00+00:00,86.6610,86.6090,42.73,-2.22,-0.000600,1200000,SessionClose,window:strong core,,0.4373,0.2639,0.5525,0.4594,0.3546,0.0171,0.2596,0.3546,,,
summary,2022-12-21,AMZN,,,,,,,-2.22,,1,,,,,,,,,,,,0.7244,2022-12-19T10:22:00+00:00,987,2273
summary,2022-12-22,QQQ,,,,,,,0.00,,0,,,,,,,,,,,,0.4649,2022-12-20T15:32:00+00:00,1071,2957
summary,2022-12-22,AAPL,,,,,,,0.00,,0,,,,,,,,,,,,0.5657,2022-12-21T15:57:00+00:00,1253,2797
summary,2022-12-22,MSFT,,,,,,,0.00,,0,,,,,,,,,,,,0.5107,2022-12-20T15:32:00+00:00,834,2128
summary,2022-12-22,AMZN,,,,,,,0.00,,0,,,,,,,,,,,,0.7017,2022-12-19T14:38:00+00:00,1084,2821
summary,2022-12-23,QQQ,,,,,,,0.00,,0,,,,,,,,,,,,0.9173,2022-12-20T15:53:00+00:00,1208,2975
summary,2022-12-23,AAPL,,,,,,,0.00,,0,,,,,,,,,,,,0.9448,2022-12-20T15:53:00+00:00,1382,2778
summary,2022-12-23,MSFT,,,,,,,0.00,,0,,,,,,,,,,,,0.9431,2022-12-20T15:49:00+00:00,878,2083
summary,2022-12-23,AMZN,,,,,,,0.00,,0,,,,,,,,,,,,0.9354,2022-12-20T15:44:00+00:00,1310,2780
summary,2022-12-26,QQQ,,,,,,,0.00,,0,,,,,,,,,,,,0.9066,2022-12-23T15:18:00+00:00,394,472
summary,2022-12-26,AAPL,,,,,,,0.00,,0,,,,,,,,,,,,0.9004,2022-12-23T15:18:00+00:00,391,476
summary,2022-12-26,MSFT,,,,,,,0.00,,0,,,,,,,,,,,,0.9581,2022-12-23T15:40:00+00:00,363,426
summary,2022-12-26,AMZN,,,,,,,0.00,,0,,,,,,,,,,,,0.9059,2022-12-23T15:40:00+00:00,451,491
summary,2022-12-27,QQQ,,,,,,,0.00,,0,,,,,,,,,,,,0.5213,2022-12-27T10:14:00+00:00,143,656
summary,2022-12-27,AAPL,,,,,,,0.00,,0,,,,,,,,,,,,0.6537,2022-12-27T10:17:00+00:00,256,626
trade,2022-12-27,MSFT,Long,2022-12-27T15:42:00+00:00,2022-12-27T15:56:00+00:00,238.1414,237.4636,15.54,-10.54,-0.002846,840000,SessionClose,window:candle reversal,bearish_engulfing,0.3103,-0.0105,0.2910,0.2062,0.5250,-0.5635,0.0672,0.0185,,,
summary,2022-12-27,MSFT,,,,,,,-10.54,,1,,,,,,,,,,,,0.4617,2022-12-27T15:39:00+00:00,206,532
trade,2022-12-27,AMZN,Long,2022-12-27T15:22:00+00:00,2022-12-27T15:56:00+00:00,84.5903,84.4097,43.75,-7.90,-0.002135,2040000,SessionClose,window:candle reversal,shooting_star,0.4059,0.1537,0.6047,0.1304,0.8907,-0.5594,0.1641,0.3706,,,
summary,2022-12-27,AMZN,,,,,,,-7.90,,1,,,,,,,,,,,,0.6189,2022-12-27T15:45:00+00:00,86,608
trade,2022-12-28,QQQ,Long,2022-12-28T14:46:00+00:00,2022-12-28T15:56:00+00:00,264.8844,262.0863,13.96,-39.07,-0.010563,4200000,SessionClose,window:candle reversal,shooting_star,0.3276,0.0000,0.1840,0.4121,0.2063,-0.5511,-0.4924,-0.1638,,,
summary,2022-12-28,QQQ,,,,,,,-39.07,,1,,,,,,,,,,,,0.5213,2022-12-27T10:14:00+00:00,276,1516
summary,2022-12-28,AAPL,,,,,,,0.00,,0,,,,,,,,,,,,0.6537,2022-12-27T10:17:00+00:00,515,1415
trade,2022-12-28,MSFT,Long,2022-12-28T14:33:00+00:00,2022-12-28T15:28:00+00:00,238.0664,238.1936,15.51,1.97,0.000534,3300000,ScoreExit,window:strong core,,0.4323,-0.0608,0.5632,0.4432,0.3670,-0.5590,-0.1367,0.2571,,,
summary,2022-12-28,MSFT,,,,,,,1.97,,1,,,,,,,,,,,,0.4617,2022-12-27T15:39:00+00:00,371,1080
summary,2022-12-28,AMZN,,,,,,,0.00,,0,,,,,,,,,,,,0.6189,2022-12-27T15:45:00+00:00,87,1414
trade,2022-12-29,QQQ,Long,2022-12-29T14:46:00+00:00,2022-12-29T15:56:00+00:00,264.6744,266.2251,13.87,21.50,0.005859,4200000,SessionClose,window:strong core,hammer,0.4074,0.2400,0.3822,0.4373,0.3561,0.0996,0.1645,0.4379,,,
summary,2022-12-29,QQQ,,,,,,,21.50,,1,,,,,,,,,,,,0.5213,2022-12-27T10:14:00+00:00,677,2352
summary,2022-12-29,AAPL,,,,,,,0.00,,0,,,,,,,,,,,,0.6537,2022-12-27T10:17:00+00:00,866,2276
trade,2022-12-29,MSFT,Long,2022-12-29T14:57:00+00:00,2022-12-29T15:56:00+00:00,238.0064,239.6431,15.53,25.42,0.006877,3540000,SessionClose,window:strong core,,0.3510,0.3489,0.0228,0.4127,0.3372,0.0644,0.3421,0.4574,,,
summary,2022-12-29,MSFT,,,,,,,25.42,,1,,,,,,,,,,,,0.4828,2022-12-29T15:18:00+00:00,760,1661
trade,2022-12-29,AMZN,Long,2022-12-29T14:46:00+00:00,2022-12-29T15:56:00+00:00,83.2600,83.5799,44.39,14.20,0.003843,4200000,SessionClose,window:candle reversal,shooting_star,0.3215,0.0969,0.0577,0.3775,0.2974,-0.4584,0.0272,0.4213,,,
summary,2022-12-29,AMZN,,,,,,,14.20,,1,,,,,,,,,,,,0.6189,2022-12-27T15:45:00+00:00,535,2211
summary,2022-12-30,QQQ,,,,,,,0.00,,0,,,,,,,,,,,,0.7837,2022-12-27T15:48:00+00:00,1037,2912
summary,2022-12-30,AAPL,,,,,,,0.00,,0,,,,,,,,,,,,0.6701,2022-12-27T17:11:00+00:00,1165,2817
summary,2022-12-30,MSFT,,,,,,,0.00,,0,,,,,,,,,,,,0.8979,2022-12-27T15:21:00+00:00,942,2050
summary,2022-12-30,AMZN,,,,,,,0.00,,0,,,,,,,,,,,,0.9578,2022-12-27T15:45:00+00:00,789,2752
