row_type,date,ticker,direction,entry_time,exit_time,entry_price,exit_price,size,pnl,pnl_pct,hold_duration_ms,exit_reason,entry_composite,exit_composite,entry_1m,entry_5m,entry_1h,exit_1m,exit_5m,exit_1h,max_composite,max_composite_time,positive_ticks,total_ticks
summary,2022-01-03,SPY,,,,,,,0.00,,0,,,,,,,,,,0.4797,2022-01-03T10:28:00+00:00,621,1128
trade,2022-01-03,QQQ,Long,2022-01-03T14:37:00+00:00,2022-01-03T14:46:00+00:00,400.7452,400.0150,0.75,-0.55,-0.001822,540000,ScoreExit,0.4066,-0.1245,0.5306,0.3869,0.4047,-0.5312,-0.2704,0.3029,,,
summary,2022-01-03,QQQ,,,,,,,-0.55,,1,,,,,,,,,,0.4282,2022-01-03T18:44:00+00:00,527,1105
trade,2022-01-03,AAPL,Long,2022-01-03T14:31:00+00:00,2022-01-03T15:56:00+00:00,178.1084,180.8857,1.68,4.68,0.015593,5100000,SessionClose,0.3963,0.1133,0.4580,0.3947,0.3790,-0.3366,-0.0504,0.5907,,,
summary,2022-01-03,AAPL,,,,,,,4.68,,1,,,,,,,,,,0.5934,2022-01-03T14:41:00+00:00,593,1134
trade,2022-01-03,NVDA,Long,2022-01-03T14:31:00+00:00,2022-01-03T15:56:00+00:00,298.4645,304.9935,1.01,6.56,0.021875,5100000,SessionClose,0.6127,0.5311,-0.1083,0.7038,0.6709,0.5433,0.3705,0.8482,,,
trade,2022-01-03,NVDA,Long,2022-01-03T15:58:00+00:00,2022-01-03T15:59:00+00:00,305.2315,304.8835,0.94,-0.33,-0.001140,60000,SessionClose,0.5113,0.4854,0.3458,0.3705,0.8482,0.0866,0.3705,0.8482,,,
summary,2022-01-03,NVDA,,,,,,,6.24,,2,,,,,,,,,,1.0000,2021-12-31T14:41:00+00:00,531,1076
summary,2022-01-03,MSFT,,,,,,,0.00,,0,,,,,,,,,,0.5374,2022-01-03T09:03:00+00:00,269,966
summary,2022-01-04,SPY,,,,,,,0.00,,0,,,,,,,,,,0.7454,2022-01-03T10:30:00+00:00,874,1485
summary,2022-01-04,QQQ,,,,,,,0.00,,0,,,,,,,,,,0.7304,2022-01-03T10:22:00+00:00,755,1449
summary,2022-01-04,AAPL,,,,,,,0.00,,0,,,,,,,,,,0.7100,2022-01-03T14:41:00+00:00,907,1527
summary,2022-01-04,NVDA,,,,,,,0.00,,0,,,,,,,,,,0.8758,2022-01-03T14:35:00+00:00,546,1357
summary,2022-01-04,MSFT,,,,,,,0.00,,0,,,,,,,,,,0.5309,2022-01-03T11:01:00+00:00,382,1154
summary,2022-01-05,SPY,,,,,,,0.00,,0,,,,,,,,,,0.7454,2022-01-03T10:30:00+00:00,1006,2336
summary,2022-01-05,QQQ,,,,,,,0.00,,0,,,,,,,,,,0.7304,2022-01-03T10:22:00+00:00,755,2270
summary,2022-01-05,AAPL,,,,,,,0.00,,0,,,,,,,,,,0.7100,2022-01-03T14:41:00+00:00,907,2311
summary,2022-01-05,NVDA,,,,,,,0.00,,0,,,,,,,,,,0.8758,2022-01-03T14:35:00+00:00,546,2135
summary,2022-01-05,MSFT,,,,,,,0.00,,0,,,,,,,,,,0.5309,2022-01-03T11:01:00+00:00,382,1745
summary,2022-01-06,SPY,,,,,,,0.00,,0,,,,,,,,,,0.4812,2022-01-03T14:37:00+00:00,1045,2996
summary,2022-01-06,QQQ,,,,,,,0.00,,0,,,,,,,,,,0.6862,2022-01-03T14:37:00+00:00,665,2922
summary,2022-01-06,AAPL,,,,,,,0.00,,0,,,,,,,,,,1.0000,2022-01-03T14:36:00+00:00,825,2962
trade,2022-01-06,NVDA,Long,2022-01-06T15:48:00+00:00,2022-01-06T15:56:00+00:00,280.0991,280.1009,0.64,0.00,0.000007,480000,SessionClose,0.4132,0.4838,0.4818,0.5481,0.1206,0.3511,0.6876,0.1206,,,
trade,2022-01-06,NVDA,Long,2022-01-06T15:58:00+00:00,2022-01-06T15:59:00+00:00,282.6398,283.0001,0.63,0.23,0.001275,60000,SessionClose,0.5169,0.5171,0.6821,0.6876,0.1206,0.6837,0.6876,0.1206,,,
summary,2022-01-06,NVDA,,,,,,,0.23,,2,,,,,,,,,,1.0000,2022-01-03T14:31:00+00:00,539,2765
summary,2022-01-06,MSFT,,,,,,,0.00,,0,,,,,,,,,,0.6808,2022-01-03T14:31:00+00:00,377,2340
summary,2022-01-07,SPY,,,,,,,0.00,,0,,,,,,,,,,0.3666,2022-01-04T14:41:00+00:00,257,3033
summary,2022-01-07,QQQ,,,,,,,0.00,,0,,,,,,,,,,0.4567,2022-01-04T20:49:00+00:00,234,2972
summary,2022-01-07,AAPL,,,,,,,0.00,,0,,,,,,,,,,0.5892,2022-01-04T14:56:00+00:00,25,2940
summary,2022-01-07,NVDA,,,,,,,0.00,,0,,,,,,,,,,0.7115,2022-01-04T20:38:00+00:00,651,2779
summary,2022-01-07,MSFT,,,,,,,0.00,,0,,,,,,,,,,0.4313,2022-01-04T20:49:00+00:00,25,2413
summary,2022-01-10,SPY,,,,,,,0.00,,0,,,,,,,,,,0.5417,2022-01-07T16:54:00+00:00,248,1132
summary,2022-01-10,QQQ,,,,,,,0.00,,0,,,,,,,,,,0.9103,2022-01-07T14:45:00+00:00,255,1130
summary,2022-01-10,AAPL,,,,,,,0.00,,0,,,,,,,,,,0.9397,2022-01-07T14:45:00+00:00,379,1130
summary,2022-01-10,NVDA,,,,,,,0.00,,0,,,,,,,,,,0.9115,2022-01-07T14:45:00+00:00,299,1143
summary,2022-01-10,MSFT,,,,,,,0.00,,0,,,,,,,,,,0.8914,2022-01-07T14:58:00+00:00,443,985
summary,2022-01-11,SPY,,,,,,,0.00,,0,,,,,,,,,,0.6415,2022-01-10T19:08:00+00:00,955,1534
summary,2022-01-11,QQQ,,,,,,,0.00,,0,,,,,,,,,,0.6668,2022-01-10T18:23:00+00:00,961,1546
summary,2022-01-11,AAPL,,,,,,,0.00,,0,,,,,,,,,,0.6330,2022-01-10T18:18:00+00:00,912,1472
trade,2022-01-11,NVDA,Long,2022-01-11T15:12:00+00:00,2022-01-11T15:41:00+00:00,274.7573,270.9137,0.78,-3.00,-0.013989,1740000,ScoreExit,0.4140,-0.1707,0.4501,0.4907,0.2487,-0.5780,-0.3125,0.2487,,,
summary,2022-01-11,NVDA,,,,,,,-3.00,,1,,,,,,,,,,0.8554,2022-01-10T18:52:00+00:00,911,1479
summary,2022-01-11,MSFT,,,,,,,0.00,,0,,,,,,,,,,0.7209,2022-01-10T18:24:00+00:00,715,1203
summary,2022-01-12,SPY,,,,,,,0.00,,0,,,,,,,,,,0.6415,2022-01-10T19:08:00+00:00,1531,2339
summary,2022-01-12,QQQ,,,,,,,0.00,,0,,,,,,,,,,0.6668,2022-01-10T18:23:00+00:00,1569,2400
summary,2022-01-12,AAPL,,,,,,,0.00,,0,,,,,,,,,,0.6330,2022-01-10T18:18:00+00:00,1504,2282
summary,2022-01-12,NVDA,,,,,,,0.00,,0,,,,,,,,,,0.8554,2022-01-10T18:52:00+00:00,1455,2202
summary,2022-01-12,MSFT,,,,,,,0.00,,0,,,,,,,,,,0.7209,2022-01-10T18:24:00+00:00,1142,1824
summary,2022-01-13,SPY,,,,,,,0.00,,0,,,,,,,,,,0.6394,2022-01-10T19:08:00+00:00,1960,2904
summary,2022-01-13,QQQ,,,,,,,0.00,,0,,,,,,,,,,0.6618,2022-01-10T18:23:00+00:00,1997,2979
trade,2022-01-13,AAPL,Long,2022-01-13T14:36:00+00:00,2022-01-13T15:01:00+00:00,176.3679,175.9922,1.70,-0.64,-0.002130,1500000,ScoreExit,0.3658,-0.1042,0.5593,0.3828,0.2674,-0.2491,-0.2329,0.2016,,,
summary,2022-01-13,AAPL,,,,,,,-0.64,,1,,,,,,,,,,0.8583,2022-01-10T14:50:00+00:00,1950,2804
summary,2022-01-13,NVDA,,,,,,,0.00,,0,,,,,,,,,,0.8484,2022-01-10T18:52:00+00:00,1776,2685
summary,2022-01-13,MSFT,,,,,,,0.00,,0,,,,,,,,,,0.7168,2022-01-10T18:24:00+00:00,1349,2270
summary,2022-01-14,SPY,,,,,,,0.00,,0,,,,,,,,,,0.6399,2022-01-11T16:38:00+00:00,1549,2859
trade,2022-01-14,QQQ,Long,2022-01-14T14:36:00+00:00,2022-01-14T15:53:00+00:00,377.0481,376.8719,0.80,-0.14,-0.000467,4620000,MaxHoldTimeout,0.4021,0.0000,0.5896,0.5661,0.0116,-0.4579,-0.1784,-0.0971,,,
summary,2022-01-14,QQQ,,,,,,,-0.14,,1,,,,,,,,,,0.9035,2022-01-11T15:05:00+00:00,1562,2994
trade,2022-01-14,AAPL,Long,2022-01-14T14:36:00+00:00,2022-01-14T15:52:00+00:00,172.2667,172.1632,1.74,-0.18,-0.000600,4560000,MaxHoldTimeout,0.3754,0.0000,0.5320,0.4859,0.1021,-0.0657,-0.1849,-0.0217,,,
summary,2022-01-14,AAPL,,,,,,,-0.18,,1,,,,,,,,,,0.7629,2022-01-11T15:12:00+00:00,1498,2790
trade,2022-01-14,NVDA,Long,2022-01-14T14:31:00+00:00,2022-01-14T15:31:00+00:00,263.9041,268.3095,1.14,5.01,0.016693,3600000,ScoreExit,0.4542,-0.0698,0.5631,0.5505,0.2253,-0.5856,-0.0757,0.1139,,,
summary,2022-01-14,NVDA,,,,,,,5.01,,1,,,,,,,,,,1.0000,2022-01-11T14:36:00+00:00,1449,2655
trade,2022-01-14,MSFT,Long,2022-01-14T14:36:00+00:00,2022-01-14T15:56:00+00:00,305.8867,308.3725,0.98,2.44,0.008126,4800000,SessionClose,0.4490,0.0000,0.3240,0.6587,0.0711,0.4934,-0.0247,-0.0044,,,
summary,2022-01-14,MSFT,,,,,,,2.44,,1,,,,,,,,,,0.8938,2022-01-11T15:05:00+00:00,1070,2396
summary,2022-01-17,SPY,,,,,,,0.00,,0,,,,,,,,,,0.7904,2022-01-14T14:55:00+00:00,264,492
summary,2022-01-17,QQQ,,,,,,,0.00,,0,,,,,,,,,,0.9074,2022-01-14T14:40:00+00:00,287,474
summary,2022-01-17,AAPL,,,,,,,0.00,,0,,,,,,,,,,0.8967,2022-01-14T14:55:00+00:00,227,475
summary,2022-01-17,NVDA,,,,,,,0.00,,0,,,,,,,,,,1.0000,2022-01-14T14:31:00+00:00,255,477
summary,2022-01-17,MSFT,,,,,,,0.00,,0,,,,,,,,,,1.0000,2022-01-14T14:39:00+00:00,368,455
summary,2022-01-18,SPY,,,,,,,0.00,,0,,,,,,,,,,0.5527,2022-01-18T10:29:00+00:00,215,680
trade,2022-01-18,QQQ,Long,2022-01-18T15:06:00+00:00,2022-01-18T15:38:00+00:00,374.3373,374.2427,0.80,-0.08,-0.000253,1920000,ScoreExit,0.4096,-0.0627,0.5401,0.3928,0.3997,-0.5089,-0.0814,0.1237,,,
summary,2022-01-18,QQQ,,,,,,,-0.08,,1,,,,,,,,,,0.5993,2022-01-18T15:29:00+00:00,203,701
summary,2022-01-18,AAPL,,,,,,,0.00,,0,,,,,,,,,,0.6712,2022-01-18T10:13:00+00:00,202,660
trade,2022-01-18,NVDA,Long,2022-01-18T15:06:00+00:00,2022-01-18T15:34:00+00:00,263.5190,262.8461,0.91,-0.61,-0.002554,1680000,ScoreExit,0.5626,-0.0699,0.5246,0.3503,1.0000,-0.5906,-0.0537,0.0711,,,
summary,2022-01-18,NVDA,,,,,,,-0.61,,1,,,,,,,,,,0.7140,2022-01-18T10:26:00+00:00,247,614
trade,2022-01-18,MSFT,Long,2022-01-18T14:38:00+00:00,2022-01-18T15:52:00+00:00,305.4366,307.2928,0.80,1.49,0.006077,4440000,ScoreExit,0.4098,-0.0591,0.4725,0.2634,0.6817,-0.5427,-0.3177,0.6194,,,
summary,2022-01-18,MSFT,,,,,,,1.49,,1,,,,,,,,,,0.6844,2022-01-18T15:05:00+00:00,199,600
summary,2022-01-19,SPY,,,,,,,0.00,,0,,,,,,,,,,0.5527,2022-01-18T10:29:00+00:00,616,1555
trade,2022-01-19,QQQ,Long,2022-01-19T14:53:00+00:00,2022-01-19T15:21:00+00:00,374.0872,373.1230,0.80,-0.77,-0.002577,1680000,ScoreExit,0.4121,-0.1107,0.4500,0.3804,0.4629,-0.5140,-0.1717,0.1458,,,
summary,2022-01-19,QQQ,,,,,,,-0.77,,1,,,,,,,,,,0.5993,2022-01-18T15:29:00+00:00,564,1592
trade,2022-01-19,AAPL,Long,2022-01-19T14:57:00+00:00,2022-01-19T15:56:00+00:00,170.7210,168.9343,1.76,-3.14,-0.010466,3540000,SessionClose,0.3587,0.0000,0.5389,0.3425,0.3309,0.2788,-0.3439,-0.1703,,,
summary,2022-01-19,AAPL,,,,,,,-3.14,,1,,,,,,,,,,0.6712,2022-01-18T10:13:00+00:00,415,1469
trade,2022-01-19,NVDA,Long,2022-01-19T14:36:00+00:00,2022-01-19T15:21:00+00:00,262.1936,262.0863,1.14,-0.12,-0.000409,2700000,ScoreExit,0.5259,-0.1174,0.2505,0.4955,0.6786,-0.4729,-0.2160,0.1982,,,
summary,2022-01-19,NVDA,,,,,,,-0.12,,1,,,,,,,,,,0.7140,2022-01-18T10:26:00+00:00,456,1403
trade,2022-01-19,MSFT,Long,2022-01-19T15:06:00+00:00,2022-01-19T15:37:00+00:00,313.2790,309.8230,0.96,-3.32,-0.011031,1860000,ScoreExit,0.4929,-0.0630,0.0820,0.5264,0.5630,-0.4769,-0.3070,0.5630,,,
summary,2022-01-19,MSFT,,,,,,,-3.32,,1,,,,,,,,,,0.8068,2022-01-19T14:57:00+00:00,567,1315
trade,2022-01-20,SPY,Long,2022-01-20T14:58:00+00:00,2022-01-20T15:56:00+00:00,456.9120,457.9426,0.66,0.68,0.002255,3480000,SessionClose,0.4023,0.2622,0.5740,0.4743,0.2011,0.0918,0.2660,0.3113,,,
summary,2022-01-20,SPY,,,,,,,0.68,,1,,,,,,,,,,0.5527,2022-01-18T10:29:00+00:00,774,2458
trade,2022-01-20,QQQ,Long,2022-01-20T14:58:00+00:00,2022-01-20T15:17:00+00:00,372.5867,371.6935,0.81,-0.72,-0.002398,1140000,ScoreExit,0.4019,-0.0759,0.5625,0.4440,0.2640,-0.3893,-0.1712,0.2193,,,
summary,2022-01-20,QQQ,,,,,,,-0.72,,1,,,,,,,,,,0.5993,2022-01-18T15:29:00+00:00,737,2509
trade,2022-01-20,AAPL,Long,2022-01-20T14:43:00+00:00,2022-01-20T15:56:00+00:00,168.2255,169.2143,1.78,1.76,0.005878,4380000,SessionClose,0.3500,0.1042,0.5880,0.4444,0.0821,0.1375,0.0342,0.2331,,,
summary,2022-01-20,AAPL,,,,,,,1.76,,1,,,,,,,,,,0.6712,2022-01-18T10:13:00+00:00,578,2328
summary,2022-01-20,NVDA,,,,,,,0.00,,0,,,,,,,,,,0.7140,2022-01-18T10:26:00+00:00,456,2212
trade,2022-01-20,MSFT,Long,2022-01-20T14:47:00+00:00,2022-01-20T15:17:00+00:00,310.9740,310.0120,0.97,-0.93,-0.003093,1800000,ScoreExit,0.4049,-0.0923,0.6192,0.3500,0.4435,-0.5483,-0.2422,0.3597,,,
summary,2022-01-20,MSFT,,,,,,,-0.93,,1,,,,,,,,,,0.8068,2022-01-19T14:57:00+00:00,898,2047
summary,2022-01-21,SPY,,,,,,,0.00,,0,,,,,,,,,,0.5242,2022-01-18T15:10:00+00:00,545,3098
summary,2022-01-21,QQQ,,,,,,,0.00,,0,,,,,,,,,,0.9026,2022-01-18T15:10:00+00:00,562,3134
summary,2022-01-21,AAPL,,,,,,,0.00,,0,,,,,,,,,,0.7419,2022-01-18T15:29:00+00:00,392,2981
summary,2022-01-21,NVDA,,,,,,,0.00,,0,,,,,,,,,,1.0000,2022-01-18T14:41:00+00:00,403,2851
summary,2022-01-21,MSFT,,,,,,,0.00,,0,,,,,,,,,,1.0000,2022-01-18T14:38:00+00:00,782,2655
summary,2022-01-24,SPY,,,,,,,0.00,,0,,,,,,,,,,0.9625,2022-01-21T15:50:00+00:00,241,1217
summary,2022-01-24,QQQ,,,,,,,0.00,,0,,,,,,,,,,0.9629,2022-01-21T15:50:00+00:00,307,1221
summary,2022-01-24,AAPL,,,,,,,0.00,,0,,,,,,,,,,0.9065,2022-01-21T14:31:00+00:00,243,1200
trade,2022-01-24,NVDA,Long,2022-01-24T14:31:00+00:00,2022-01-24T14:51:00+00:00,223.8921,221.2222,0.89,-2.37,-0.011925,1200000,ScoreExit,0.4833,-0.1512,0.4494,0.5639,0.3333,-0.6957,-0.3026,0.3333,,,
summary,2022-01-24,NVDA,,,,,,,-2.37,,1,,,,,,,,,,1.0000,2022-01-21T14:31:00+00:00,516,1187
summary,2022-01-24,MSFT,,,,,,,0.00,,0,,,,,,,,,,1.0000,2022-01-21T14:31:00+00:00,351,1173
trade,2022-01-25,SPY,Long,2022-01-25T15:45:00+00:00,2022-01-25T15:56:00+00:00,433.1749,432.0154,0.63,-0.73,-0.002677,660000,SessionClose,0.4035,0.0885,0.5889,0.4597,0.2296,-0.4222,0.1240,0.1876,,,
summary,2022-01-25,SPY,,,,,,,-0.73,,1,,,,,,,,,,0.8077,2022-01-24T20:58:00+00:00,803,1642
summary,2022-01-25,QQQ,,,,,,,0.00,,0,,,,,,,,,,0.8394,2022-01-24T18:19:00+00:00,830,1668
trade,2022-01-25,AAPL,Long,2022-01-25T15:45:00+00:00,2022-01-25T15:56:00+00:00,159.3530,158.7774,1.88,-1.08,-0.003612,660000,SessionClose,0.4057,0.0028,0.5607,0.4665,0.2325,-0.4297,0.0184,0.1160,,,
summary,2022-01-25,AAPL,,,,,,,-1.08,,1,,,,,,,,,,0.7751,2022-01-24T20:59:00+00:00,616,1598
trade,2022-01-25,NVDA,Long,2022-01-25T15:28:00+00:00,2022-01-25T15:56:00+00:00,223.6771,225.9872,0.93,2.16,0.010328,1680000,SessionClose,0.4087,0.1009,0.5705,0.4258,0.3206,-0.5060,0.0922,0.3206,,,
summary,2022-01-25,NVDA,,,,,,,2.16,,1,,,,,,,,,,0.9095,2022-01-24T18:16:00+00:00,754,1550
summary,2022-01-25,MSFT,,,,,,,0.00,,0,,,,,,,,,,0.9114,2022-01-24T18:16:00+00:00,728,1505
trade,2022-01-26,SPY,Long,2022-01-26T14:51:00+00:00,2022-01-26T15:25:00+00:00,441.0223,439.9930,0.68,-0.70,-0.002334,2040000,ScoreExit,0.4093,-0.0663,0.5123,0.3931,0.4074,-0.5757,-0.1510,0.2727,,,
summary,2022-01-26,SPY,,,,,,,-0.70,,1,,,,,,,,,,0.8077,2022-01-24T20:58:00+00:00,1330,2562
trade,2022-01-26,QQQ,Long,2022-01-26T15:01:00+00:00,2022-01-26T15:21:00+00:00,352.9809,351.8994,0.85,-0.92,-0.003064,1200000,ScoreExit,0.4008,-0.0622,0.5744,0.4019,0.3407,-0.0165,-0.2713,0.3407,,,
summary,2022-01-26,QQQ,,,,,,,-0.92,,1,,,,,,,,,,0.8394,2022-01-24T18:19:00+00:00,1373,2620
summary,2022-01-26,AAPL,,,,,,,0.00,,0,,,,,,,,,,0.7751,2022-01-24T20:59:00+00:00,1180,2517
trade,2022-01-26,NVDA,Long,2022-01-26T15:01:00+00:00,2022-01-26T15:51:00+00:00,232.6949,231.3256,1.06,-1.45,-0.005885,3000000,ScoreExit,0.5177,-0.0649,0.5911,0.4608,0.6070,-0.3184,-0.3586,0.6070,,,
summary,2022-01-26,NVDA,,,,,,,-1.45,,1,,,,,,,,,,0.9095,2022-01-24T18:16:00+00:00,1360,2465
summary,2022-01-26,MSFT,,,,,,,0.00,,0,,,,,,,,,,0.9114,2022-01-24T18:16:00+00:00,1326,2442
summary,2022-01-27,SPY,,,,,,,0.00,,0,,,,,,,,,,0.8280,2022-01-24T20:58:00+00:00,1810,3167
summary,2022-01-27,QQQ,,,,,,,0.00,,0,,,,,,,,,,0.8427,2022-01-24T18:16:00+00:00,1849,3236
trade,2022-01-27,AAPL,Long,2022-01-27T14:41:00+00:00,2022-01-27T15:31:00+00:00,162.3637,162.6362,1.85,0.50,0.001678,3000000,ScoreExit,0.3825,-0.1338,0.0364,0.4146,0.4336,-0.3890,-0.3574,0.3986,,,
summary,2022-01-27,AAPL,,,,,,,0.50,,1,,,,,,,,,,0.8534,2022-01-24T14:39:00+00:00,1775,3101
summary,2022-01-27,NVDA,,,,,,,0.00,,0,,,,,,,,,,1.0000,2022-01-24T14:31:00+00:00,1860,3043
trade,2022-01-27,MSFT,Long,2022-01-27T14:55:00+00:00,2022-01-27T15:31:00+00:00,306.8470,303.6939,0.98,-3.08,-0.010276,2160000,ScoreExit,0.6497,-0.0685,0.5217,0.6857,0.6204,-0.6130,-0.3032,0.5823,,,
summary,2022-01-27,MSFT,,,,,,,-3.08,,1,,,,,,,,,,0.9258,2022-01-25T23:10:00+00:00,1918,2955
summary,2022-01-28,SPY,,,,,,,0.00,,0,,,,,,,,,,0.8784,2022-01-25T15:48:00+00:00,1407,3136
trade,2022-01-28,QQQ,Long,2022-01-28T15:51:00+00:00,2022-01-28T15:56:00+00:00,343.3930,343.6919,0.84,0.25,0.000870,300000,SessionClose,0.4419,0.4882,0.5920,0.5680,0.1396,0.5532,0.6517,0.1396,,,
trade,2022-01-28,QQQ,Long,2022-01-28T15:58:00+00:00,2022-01-28T15:59:00+00:00,344.1997,344.2117,0.85,0.01,0.000035,60000,SessionClose,0.4879,0.4898,0.5494,0.6517,0.1396,0.5690,0.6517,0.1396,,,
summary,2022-01-28,QQQ,,,,,,,0.26,,2,,,,,,,,,,0.8252,2022-01-25T15:29:00+00:00,1479,3242
trade,2022-01-28,AAPL,Long,2022-01-28T15:11:00+00:00,2022-01-28T15:56:00+00:00,165.2246,166.2251,1.82,1.82,0.006056,2700000,SessionClose,0.4064,0.4713,0.5390,0.2955,0.5839,0.2239,0.4563,0.5839,,,
trade,2022-01-28,AAPL,Long,2022-01-28T15:58:00+00:00,2022-01-28T15:59:00+00:00,166.3349,166.5650,1.81,0.42,0.001384,60000,SessionClose,0.4702,0.5042,0.2123,0.4563,0.5839,0.5529,0.4563,0.5839,,,
summary,2022-01-28,AAPL,,,,,,,2.23,,2,,,,,,,,,,0.9561,2022-01-25T15:48:00+00:00,2102,3148
trade,2022-01-28,NVDA,Long,2022-01-28T15:46:00+00:00,2022-01-28T15:56:00+00:00,217.0701,221.4186,0.95,4.14,0.020032,600000,SessionClose,0.4976,0.6537,0.2193,0.7054,0.1747,0.6269,0.8977,0.1747,,,
trade,2022-01-28,NVDA,Long,2022-01-28T15:58:00+00:00,2022-01-28T15:59:00+00:00,222.1666,222.2483,0.96,0.08,0.000368,60000,SessionClose,0.6536,0.6532,0.6259,0.8977,0.1747,0.6221,0.8977,0.1747,,,
summary,2022-01-28,NVDA,,,,,,,4.21,,2,,,,,,,,,,1.0000,2022-01-25T14:33:00+00:00,1336,3001
trade,2022-01-28,MSFT,Long,2022-01-28T15:16:00+00:00,2022-01-28T15:56:00+00:00,298.8246,301.1646,1.01,2.35,0.007831,2400000,SessionClose,0.4098,0.5668,0.5947,0.3912,0.3854,0.5344,0.6629,0.3854,,,
trade,2022-01-28,MSFT,Long,2022-01-28T15:58:00+00:00,2022-01-28T15:59:00+00:00,301.5754,301.7844,1.00,0.21,0.000693,60000,SessionClose,0.5691,0.5714,0.5578,0.6629,0.3854,0.5808,0.6629,0.3854,,,
summary,2022-01-28,MSFT,,,,,,,2.56,,2,,,,,,,,,,0.9726,2022-01-25T23:10:00+00:00,1917,2900
summary,2022-01-31,SPY,,,,,,,0.00,,0,,,,,,,,,,0.9499,2022-01-28T15:59:00+00:00,1008,1160
summary,2022-01-31,QQQ,,,,,,,0.00,,0,,,,,,,,,,0.9601,2022-01-28T15:54:00+00:00,1051,1177
trade,2022-01-31,AAPL,Long,2022-01-31T14:31:00+00:00,2022-01-31T15:56:00+00:00,170.9763,172.9231,1.76,3.42,0.011387,5100000,SessionClose,0.5300,0.3394,0.5721,0.3620,0.8519,0.4690,0.1146,0.7457,,,
summary,2022-01-31,AAPL,,,,,,,3.42,,1,,,,,,,,,,0.9588,2022-01-28T15:47:00+00:00,1116,1181
trade,2022-01-31,NVDA,Long,2022-01-31T14:59:00+00:00,2022-01-31T15:56:00+00:00,236.4759,237.7337,1.20,1.51,0.005319,3420000,SessionClose,0.6602,0.3580,0.5403,0.5103,1.0000,0.0082,0.0954,1.0000,,,
summary,2022-01-31,NVDA,,,,,,,1.51,,1,,,,,,,,,,0.9693,2022-01-28T15:49:00+00:00,947,1100
trade,2022-01-31,MSFT,Long,2022-01-31T14:51:00+00:00,2022-01-31T15:52:00+00:00,307.2271,308.5824,0.98,1.33,0.004411,3660000,ScoreExit,0.4335,-0.0528,-0.5268,0.4017,0.8173,-0.4416,-0.3712,0.7137,,,
summary,2022-01-31,MSFT,,,,,,,1.33,,1,,,,,,,,,,0.9593,2022-01-28T15:50:00+00:00,895,1044
summary,2022-02-01,SPY,,,,,,,0.00,,0,,,,,,,,,,0.6808,2022-01-31T15:09:00+00:00,1197,1519
summary,2022-02-01,QQQ,,,,,,,0.00,,0,,,,,,,,,,0.7602,2022-01-31T15:09:00+00:00,1237,1590
summary,2022-02-01,AAPL,,,,,,,0.00,,0,,,,,,,,,,0.7015,2022-01-31T15:00:00+00:00,1060,1521
summary,2022-02-01,NVDA,,,,,,,0.00,,0,,,,,,,,,,0.9949,2022-01-31T09:15:00+00:00,1114,1450
summary,2022-02-01,MSFT,,,,,,,0.00,,0,,,,,,,,,,0.7299,2022-01-31T15:08:00+00:00,421,1252
summary,2022-02-02,SPY,,,,,,,0.00,,0,,,,,,,,,,0.6808,2022-01-31T15:09:00+00:00,1874,2381
summary,2022-02-02,QQQ,,,,,,,0.00,,0,,,,,,,,,,0.7602,2022-01-31T15:09:00+00:00,1906,2496
summary,2022-02-02,AAPL,,,,,,,0.00,,0,,,,,,,,,,0.7015,2022-01-31T15:00:00+00:00,1630,2400
summary,2022-02-02,NVDA,,,,,,,0.00,,0,,,,,,,,,,0.9949,2022-01-31T09:15:00+00:00,1766,2328
trade,2022-02-02,MSFT,Long,2022-02-02T14:34:00+00:00,2022-02-02T15:53:00+00:00,310.3781,312.4062,0.97,1.96,0.006534,4740000,ScoreExit,0.4164,-0.0746,0.5242,0.3790,0.4555,-0.4792,-0.2331,0.3772,,,
summary,2022-02-02,MSFT,,,,,,,1.96,,1,,,,,,,,,,0.7299,2022-01-31T15:08:00+00:00,978,2025
summary,2022-02-03,SPY,,,,,,,0.00,,0,,,,,,,,,,0.8950,2022-01-31T15:09:00+00:00,2128,2988
summary,2022-02-03,QQQ,,,,,,,0.00,,0,,,,,,,,,,0.9651,2022-01-31T14:41:00+00:00,1854,3129
trade,2022-02-03,AAPL,Long,2022-02-03T15:11:00+00:00,2022-02-03T15:46:00+00:00,175.0675,175.5523,1.71,0.83,0.002769,2100000,ScoreExit,0.3848,-0.0510,0.3552,0.4371,0.2901,-0.4682,-0.1520,0.2901,,,
summary,2022-02-03,AAPL,,,,,,,0.83,,1,,,,,,,,,,1.0000,2022-01-31T14:40:00+00:00,2009,2987
trade,2022-02-03,NVDA,Long,2022-02-03T14:36:00+00:00,2022-02-03T15:56:00+00:00,246.2576,248.6005,1.22,2.86,0.009514,4800000,SessionClose,0.4698,0.1710,0.5675,0.5783,0.2201,0.4771,-0.0096,0.4302,,,
summary,2022-02-03,NVDA,,,,,,,2.86,,1,,,,,,,,,,1.0000,2022-01-31T14:34:00+00:00,1866,2941
summary,2022-02-03,MSFT,,,,,,,0.00,,0,,,,,,,,,,0.9104,2022-01-31T14:55:00+00:00,1085,2607
summary,2022-02-04,SPY,,,,,,,0.00,,0,,,,,,,,,,0.5996,2022-02-01T20:28:00+00:00,1353,3023
summary,2022-02-04,QQQ,,,,,,,0.00,,0,,,,,,,,,,0.6635,2022-02-01T21:29:00+00:00,1226,3159
summary,2022-02-04,AAPL,,,,,,,0.00,,0,,,,,,,,,,0.7523,2022-02-01T15:59:00+00:00,1658,3023
summary,2022-02-04,NVDA,,,,,,,0.00,,0,,,,,,,,,,0.9319,2022-02-01T21:27:00+00:00,1253,2887
trade,2022-02-04,MSFT,Long,2022-02-04T14:41:00+00:00,2022-02-04T15:31:00+00:00,302.3757,304.2437,0.99,1.85,0.006178,3000000,ScoreExit,0.4263,-0.0501,0.5980,0.5491,0.1235,-0.3910,-0.0480,0.0594,,,
summary,2022-02-04,MSFT,,,,,,,1.85,,1,,,,,,,,,,0.6476,2022-02-02T15:01:00+00:00,1295,2707
trade,2022-02-07,SPY,Long,2022-02-07T15:34:00+00:00,2022-02-07T15:56:00+00:00,450.7302,449.3991,0.67,-0.89,-0.002953,1320000,SessionClose,0.4134,0.0839,0.5651,0.3585,0.4727,-0.2542,0.0259,0.3124,,,
summary,2022-02-07,SPY,,,,,,,-0.89,,1,,,,,,,,,,0.7089,2022-02-04T14:43:00+00:00,682,1136
trade,2022-02-07,QQQ,Long,2022-02-07T14:41:00+00:00,2022-02-07T15:49:00+00:00,359.6128,358.4274,0.83,-0.99,-0.003296,4080000,ScoreExit,0.4265,-0.0652,0.4944,0.3256,0.6057,-0.5040,-0.2655,0.4816,,,
summary,2022-02-07,QQQ,,,,,,,-0.99,,1,,,,,,,,,,0.9369,2022-02-04T14:45:00+00:00,797,1160
trade,2022-02-07,AAPL,Long,2022-02-07T14:41:00+00:00,2022-02-07T15:51:00+00:00,173.2270,172.8881,1.73,-0.59,-0.001956,4200000,ScoreExit,0.3863,-0.0719,0.3672,0.3040,0.5573,-0.5568,-0.2078,0.3614,,,
summary,2022-02-07,AAPL,,,,,,,-0.59,,1,,,,,,,,,,0.8932,2022-02-04T15:00:00+00:00,694,1074
trade,2022-02-07,NVDA,Long,2022-02-07T14:41:00+00:00,2022-02-07T15:56:00+00:00,245.6387,247.2208,1.22,1.93,0.006441,4500000,SessionClose,0.4840,0.4503,0.5954,0.2450,0.9249,-0.0282,0.2853,0.9398,,,
trade,2022-02-07,NVDA,Long,2022-02-07T15:58:00+00:00,2022-02-07T15:59:00+00:00,247.8843,247.9656,1.16,0.09,0.000328,60000,SessionClose,0.4960,0.5022,0.4288,0.2853,0.9398,0.4903,0.2853,0.9398,,,
summary,2022-02-07,NVDA,,,,,,,2.02,,2,,,,,,,,,,1.0000,2022-02-04T14:41:00+00:00,779,1013
summary,2022-02-07,MSFT,,,,,,,0.00,,0,,,,,,,,,,1.0000,2022-02-04T14:41:00+00:00,472,950
summary,2022-02-08,SPY,,,,,,,0.00,,0,,,,,,,,,,0.4547,2022-02-07T19:42:00+00:00,699,1460
summary,2022-02-08,QQQ,,,,,,,0.00,,0,,,,,,,,,,0.5676,2022-02-07T14:54:00+00:00,522,1508
trade,2022-02-08,AAPL,Long,2022-02-08T15:47:00+00:00,2022-02-08T15:56:00+00:00,172.6668,172.6331,1.74,-0.06,-0.000195,540000,SessionClose,0.3576,0.3202,0.5364,0.3631,0.2870,0.3045,0.3325,0.3009,,,
summary,2022-02-08,AAPL,,,,,,,-0.06,,1,,,,,,,,,,0.6844,2022-02-07T10:48:00+00:00,614,1353
summary,2022-02-08,NVDA,,,,,,,0.00,,0,,,,,,,,,,0.7076,2022-02-07T14:54:00+00:00,804,1285
summary,2022-02-08,MSFT,,,,,,,0.00,,0,,,,,,,,,,0.8624,2022-02-07T12:34:00+00:00,383,1166
summary,2022-02-09,SPY,,,,,,,0.00,,0,,,,,,,,,,0.4547,2022-02-07T19:42:00+00:00,1362,2281
summary,2022-02-09,QQQ,,,,,,,0.00,,0,,,,,,,,,,0.5676,2022-02-07T14:54:00+00:00,1241,2382
summary,2022-02-09,AAPL,,,,,,,0.00,,0,,,,,,,,,,0.6844,2022-02-07T10:48:00+00:00,1245,2154
trade,2022-02-09,NVDA,Long,2022-02-09T15:31:00+00:00,2022-02-09T15:56:00+00:00,256.6220,259.5271,1.17,3.40,0.011321,1500000,SessionClose,0.4436,0.6458,0.5463,0.3675,0.5618,0.5123,0.7100,0.5618,,,
trade,2022-02-09,NVDA,Long,2022-02-09T15:58:00+00:00,2022-02-09T15:59:00+00:00,260.1396,259.7970,1.16,-0.40,-0.001317,60000,SessionClose,0.6466,0.6309,0.5201,0.7100,0.5618,0.3638,0.7100,0.5618,,,
summary,2022-02-09,NVDA,,,,,,,3.01,,2,,,,,,,,,,0.7076,2022-02-07T14:54:00+00:00,1474,2060
summary,2022-02-09,MSFT,,,,,,,0.00,,0,,,,,,,,,,0.8624,2022-02-07T12:34:00+00:00,957,1819
trade,2022-02-10,SPY,Long,2022-02-10T14:51:00+00:00,2022-02-10T15:56:00+00:00,455.2815,455.5983,0.66,0.21,0.000696,3900000,ScoreExit,0.4218,-0.0508,0.5712,0.4952,0.2253,-0.4994,-0.1204,0.2378,,,
summary,2022-02-10,SPY,,,,,,,0.21,,1,,,,,,,,,,0.5916,2022-02-07T15:34:00+00:00,1486,2850
trade,2022-02-10,QQQ,Long,2022-02-10T14:51:00+00:00,2022-02-10T15:56:00+00:00,363.1139,364.0657,0.83,0.79,0.002621,3900000,ScoreExit,0.4338,-0.0552,0.5721,0.5223,0.2106,-0.5078,-0.1209,0.2272,,,
summary,2022-02-10,QQQ,,,,,,,0.79,,1,,,,,,,,,,0.7790,2022-02-07T14:41:00+00:00,1458,2940
trade,2022-02-10,AAPL,Long,2022-02-10T15:02:00+00:00,2022-02-10T15:51:00+00:00,175.3226,174.6126,1.71,-1.22,-0.004050,2940000,ScoreExit,0.3595,-0.1556,0.5060,0.4262,0.1772,-0.5399,-0.2331,0.1274,,,
summary,2022-02-10,AAPL,,,,,,,-1.22,,1,,,,,,,,,,0.8792,2022-02-07T14:42:00+00:00,1394,2687
trade,2022-02-10,NVDA,Long,2022-02-10T14:36:00+00:00,2022-02-10T15:56:00+00:00,262.9739,265.3254,1.14,2.69,0.008942,4800000,SessionClose,0.4537,0.0544,0.6568,0.4345,0.4245,-0.5314,-0.0636,0.4857,,,
summary,2022-02-10,NVDA,,,,,,,2.69,,1,,,,,,,,,,1.0000,2022-02-07T14:37:00+00:00,1852,2667
trade,2022-02-10,MSFT,Long,2022-02-10T15:02:00+00:00,2022-02-10T15:34:00+00:00,307.8473,305.8832,0.97,-1.91,-0.006380,1920000,ScoreExit,0.4364,-0.0591,0.5161,0.5623,0.1580,-0.5289,-0.0286,0.0366,,,
summary,2022-02-10,MSFT,,,,,,,-1.91,,1,,,,,,,,,,0.6037,2022-02-07T14:32:00+00:00,1042,2299
summary,2022-02-11,SPY,,,,,,,0.00,,0,,,,,,,,,,0.8957,2022-02-08T16:04:00+00:00,1525,2892
summary,2022-02-11,QQQ,,,,,,,0.00,,0,,,,,,,,,,0.9564,2022-02-08T15:53:00+00:00,1599,2975
summary,2022-02-11,AAPL,,,,,,,0.00,,0,,,,,,,,,,0.9526,2022-02-08T16:02:00+00:00,1496,2725
summary,2022-02-11,NVDA,,,,,,,0.00,,0,,,,,,,,,,1.0000,2022-02-08T14:37:00+00:00,1612,2680
summary,2022-02-11,MSFT,,,,,,,0.00,,0,,,,,,,,,,0.9559,2022-02-08T16:02:00+00:00,1106,2307
summary,2022-02-14,SPY,,,,,,,0.00,,0,,,,,,,,,,0.7482,2022-02-11T14:46:00+00:00,43,1173
summary,2022-02-14,QQQ,,,,,,,0.00,,0,,,,,,,,,,0.7595,2022-02-11T14:46:00+00:00,189,1195
trade,2022-02-14,AAPL,Long,2022-02-14T14:49:00+00:00,2022-02-14T15:01:00+00:00,168.5505,168.1745,1.78,-0.67,-0.002231,720000,ScoreExit,0.3574,-0.1334,0.5593,0.4305,0.1440,-0.4280,-0.1784,0.0549,,,
summary,2022-02-14,AAPL,,,,,,,-0.67,,1,,,,,,,,,,0.5988,2022-02-11T14:46:00+00:00,416,1164
trade,2022-02-14,NVDA,Long,2022-02-14T14:31:00+00:00,2022-02-14T15:32:00+00:00,240.9518,243.8417,1.05,3.03,0.011994,3660000,ScoreExit,0.5548,-0.0674,0.6369,0.6518,0.3333,-0.4349,-0.2066,0.3333,,,
trade,2022-02-14,NVDA,Long,2022-02-14T15:49:00+00:00,2022-02-14T15:56:00+00:00,246.1487,246.3711,0.98,0.22,0.000903,420000,SessionClose,0.4083,0.3508,0.6141,0.2177,0.7209,0.5215,0.0893,0.8170,,,
summary,2022-02-14,NVDA,,,,,,,3.25,,2,,,,,,,,,,0.8552,2022-02-14T14:54:00+00:00,399,1154
summary,2022-02-14,MSFT,,,,,,,0.00,,0,,,,,,,,,,0.8113,2022-02-11T14:46:00+00:00,315,1076
trade,2022-02-15,SPY,Long,2022-02-15T15:41:00+00:00,2022-02-15T15:56:00+00:00,445.1985,445.6863,0.67,0.33,0.001096,900000,SessionClose,0.4286,0.3354,0.4872,0.3716,0.5230,0.4886,0.2160,0.5230,,,
summary,2022-02-15,SPY,,,,,,,0.33,,1,,,,,,,,,,0.6319,2022-02-15T09:19:00+00:00,1059,1559
trade,2022-02-15,QQQ,Long,2022-02-15T15:41:00+00:00,2022-02-15T15:56:00+00:00,354.0012,354.4386,0.85,0.37,0.001236,900000,SessionClose,0.4609,0.2733,0.5582,0.3980,0.5544,0.4434,0.1044,0.5544,,,
summary,2022-02-15,QQQ,,,,,,,0.37,,1,,,,,,,,,,0.7077,2022-02-15T09:18:00+00:00,1196,1601
trade,2022-02-15,AAPL,Long,2022-02-15T15:41:00+00:00,2022-02-15T15:56:00+00:00,171.0463,171.0537,1.75,0.01,0.000043,900000,SessionClose,0.3694,0.2059,0.3588,0.2952,0.5215,-0.4338,0.1547,0.5215,,,
summary,2022-02-15,AAPL,,,,,,,0.01,,1,,,,,,,,,,0.6583,2022-02-14T13:01:00+00:00,1096,1452
trade,2022-02-15,NVDA,Long,2022-02-15T15:58:00+00:00,2022-02-15T15:59:00+00:00,259.6829,259.8520,1.13,0.19,0.000651,60000,SessionClose,0.4698,0.5034,-0.2819,0.3887,0.8824,0.0547,0.3887,0.8824,,,
summary,2022-02-15,NVDA,,,,,,,0.19,,1,,,,,,,,,,1.0000,2022-02-14T09:08:00+00:00,1177,1469
trade,2022-02-15,MSFT,Long,2022-02-15T15:41:00+00:00,2022-02-15T15:56:00+00:00,299.7649,300.2249,1.00,0.46,0.001535,900000,SessionClose,0.4095,0.2438,0.5745,0.3258,0.5219,0.2072,0.1109,0.5219,,,
summary,2022-02-15,MSFT,,,,,,,0.46,,1,,,,,,,,,,0.8205,2022-02-14T10:23:00+00:00,908,1243
summary,2022-02-16,SPY,,,,,,,0.00,,0,,,,,,,,,,0.6319,2022-02-15T09:19:00+00:00,1594,2394
summary,2022-02-16,QQQ,,,,,,,0.00,,0,,,,,,,,,,0.7077,2022-02-15T09:18:00+00:00,1759,2458
summary,2022-02-16,AAPL,,,,,,,0.00,,0,,,,,,,,,,0.6583,2022-02-14T13:01:00+00:00,1554,2193
trade,2022-02-16,NVDA,Long,2022-02-16T15:26:00+00:00,2022-02-16T15:56:00+00:00,260.1230,263.4441,1.15,3.81,0.012768,1800000,SessionClose,0.4093,0.4995,0.4391,0.3490,0.5200,0.5557,0.4799,0.5200,,,
trade,2022-02-16,NVDA,Long,2022-02-16T15:58:00+00:00,2022-02-16T15:59:00+00:00,262.8894,262.4862,1.15,-0.46,-0.001534,60000,SessionClose,0.4330,0.4114,-0.1093,0.4799,0.5200,-0.3252,0.4799,0.5200,,,
summary,2022-02-16,NVDA,,,,,,,3.35,,2,,,,,,,,,,1.0000,2022-02-14T09:08:00+00:00,1759,2323
summary,2022-02-16,MSFT,,,,,,,0.00,,0,,,,,,,,,,0.8205,2022-02-14T10:23:00+00:00,1205,1802
summary,2022-02-17,SPY,,,,,,,0.00,,0,,,,,,,,,,0.6268,2022-02-15T09:19:00+00:00,1651,2945
summary,2022-02-17,QQQ,,,,,,,0.00,,0,,,,,,,,,,0.8970,2022-02-14T14:52:00+00:00,1797,3001
summary,2022-02-17,AAPL,,,,,,,0.00,,0,,,,,,,,,,0.8932,2022-02-14T14:49:00+00:00,1610,2636
summary,2022-02-17,NVDA,,,,,,,0.00,,0,,,,,,,,,,1.0000,2022-02-14T14:34:00+00:00,1602,2958
summary,2022-02-17,MSFT,,,,,,,0.00,,0,,,,,,,,,,0.9077,2022-02-14T14:51:00+00:00,1109,2204
summary,2022-02-18,SPY,,,,,,,0.00,,0,,,,,,,,,,0.8173,2022-02-15T15:49:00+00:00,776,2907
summary,2022-02-18,QQQ,,,,,,,0.00,,0,,,,,,,,,,0.8717,2022-02-15T15:49:00+00:00,989,3000
summary,2022-02-18,AAPL,,,,,,,0.00,,0,,,,,,,,,,0.7223,2022-02-15T15:49:00+00:00,787,2634
summary,2022-02-18,NVDA,,,,,,,0.00,,0,,,,,,,,,,1.0000,2022-02-15T14:37:00+00:00,1124,2958
summary,2022-02-18,MSFT,,,,,,,0.00,,0,,,,,,,,,,0.8630,2022-02-15T15:49:00+00:00,361,2209
summary,2022-02-21,SPY,,,,,,,0.00,,0,,,,,,,,,,0.6135,2022-02-18T14:54:00+00:00,83,510
summary,2022-02-21,QQQ,,,,,,,0.00,,0,,,,,,,,,,0.7418,2022-02-18T14:54:00+00:00,62,506
summary,2022-02-21,AAPL,,,,,,,0.00,,0,,,,,,,,,,0.4881,2022-02-18T19:31:00+00:00,33,501
summary,2022-02-21,NVDA,,,,,,,0.00,,0,,,,,,,,,,0.7962,2022-02-18T19:28:00+00:00,66,504
summary,2022-02-21,MSFT,,,,,,,0.00,,0,,,,,,,,,,0.3669,2022-02-18T19:31:00+00:00,17,472
trade,2022-02-22,SPY,Long,2022-02-22T14:48:00+00:00,2022-02-22T15:42:00+00:00,433.6350,433.0350,0.69,-0.42,-0.001384,3240000,ScoreExit,0.4479,-0.0884,0.6149,0.3190,0.6501,-0.5835,-0.0544,0.0087,,,
summary,2022-02-22,SPY,,,,,,,-0.42,,1,,,,,,,,,,0.9569,2022-02-22T10:22:00+00:00,343,721
trade,2022-02-22,QQQ,Long,2022-02-22T14:41:00+00:00,2022-02-22T15:42:00+00:00,339.7469,341.3526,0.88,1.42,0.004726,3660000,ScoreExit,0.4257,-0.0645,0.5423,0.3596,0.5190,-0.5999,-0.1394,0.2639,,,
summary,2022-02-22,QQQ,,,,,,,1.42,,1,,,,,,,,,,0.9584,2022-02-22T10:23:00+00:00,387,717
trade,2022-02-22,AAPL,Long,2022-02-22T14:48:00+00:00,2022-02-22T15:42:00+00:00,165.5446,165.4254,1.81,-0.22,-0.000721,3240000,ScoreExit,0.3676,-0.1115,0.5945,0.2017,0.6236,-0.5861,-0.1228,0.0693,,,
summary,2022-02-22,AAPL,,,,,,,-0.22,,1,,,,,,,,,,0.9584,2022-02-22T10:24:00+00:00,340,675
trade,2022-02-22,NVDA,Long,2022-02-22T14:31:00+00:00,2022-02-22T15:51:00+00:00,232.4447,235.5743,1.29,4.05,0.013464,4800000,ScoreExit,0.4527,-0.1269,0.5713,0.1592,1.0000,-0.5431,-0.3078,0.3736,,,
summary,2022-02-22,NVDA,,,,,,,4.05,,1,,,,,,,,,,0.9636,2022-02-22T10:14:00+00:00,405,697
trade,2022-02-22,MSFT,Long,2022-02-22T14:36:00+00:00,2022-02-22T15:56:00+00:00,286.4109,288.4584,1.05,2.15,0.007149,4800000,SessionClose,0.4260,-0.0324,0.5914,0.2487,0.7253,-0.4673,-0.2959,0.6394,,,
summary,2022-02-22,MSFT,,,,,,,2.15,,1,,,,,,,,,,0.9613,2022-02-22T10:39:00+00:00,294,608
summary,2022-02-23,SPY,,,,,,,0.00,,0,,,,,,,,,,0.9569,2022-02-22T10:22:00+00:00,754,1599
summary,2022-02-23,QQQ,,,,,,,0.00,,0,,,,,,,,,,0.9584,2022-02-22T10:23:00+00:00,893,1655
summary,2022-02-23,AAPL,,,,,,,0.00,,0,,,,,,,,,,0.9584,2022-02-22T10:24:00+00:00,715,1469
summary,2022-02-23,NVDA,,,,,,,0.00,,0,,,,,,,,,,0.9636,2022-02-22T10:14:00+00:00,780,1460
summary,2022-02-23,MSFT,,,,,,,0.00,,0,,,,,,,,,,0.9613,2022-02-22T10:39:00+00:00,548,1195
summary,2022-02-24,SPY,,,,,,,0.00,,0,,,,,,,,,,0.9569,2022-02-22T10:22:00+00:00,873,2549
trade,2022-02-24,QQQ,Long,2022-02-24T15:11:00+00:00,2022-02-24T15:56:00+00:00,325.2626,328.4864,0.77,2.50,0.009911,2700000,SessionClose,0.4438,0.2531,0.5073,0.6005,0.1093,0.5854,0.2697,0.1093,,,
summary,2022-02-24,QQQ,,,,,,,2.50,,1,,,,,,,,,,0.9584,2022-02-22T10:23:00+00:00,1191,2612
summary,2022-02-24,AAPL,,,,,,,0.00,,0,,,,,,,,,,0.9584,2022-02-22T10:24:00+00:00,939,2415
summary,2022-02-24,NVDA,,,,,,,0.00,,0,,,,,,,,,,0.9636,2022-02-22T10:14:00+00:00,1137,2373
trade,2022-02-24,MSFT,Long,2022-02-24T14:31:00+00:00,2022-02-24T15:56:00+00:00,273.1469,282.8701,0.94,9.10,0.035597,5100000,SessionClose,0.4084,0.3444,0.5440,0.5637,0.0528,0.5607,0.3303,0.3004,,,
summary,2022-02-24,MSFT,,,,,,,9.10,,1,,,,,,,,,,0.9613,2022-02-22T10:39:00+00:00,933,2011
trade,2022-02-25,SPY,Long,2022-02-25T15:26:00+00:00,2022-02-25T15:56:00+00:00,431.9445,433.5249,0.70,1.10,0.003659,1800000,SessionClose,0.4275,0.4459,0.5816,0.3537,0.5236,0.5276,0.3934,0.5236,,,
trade,2022-02-25,SPY,Long,2022-02-25T15:58:00+00:00,2022-02-25T15:59:00+00:00,433.9752,433.5149,0.69,-0.32,-0.001061,60000,SessionClose,0.4443,0.4162,0.5122,0.3934,0.5236,0.2306,0.3934,0.5236,,,
summary,2022-02-25,SPY,,,,,,,0.78,,2,,,,,,,,,,0.9018,2022-02-22T14:49:00+00:00,1349,3142
trade,2022-02-25,QQQ,Long,2022-02-25T15:41:00+00:00,2022-02-25T15:56:00+00:00,341.1923,343.0321,0.88,1.62,0.005392,900000,SessionClose,0.4320,0.4273,0.2381,0.4462,0.4684,0.3647,0.4171,0.4684,,,
trade,2022-02-25,QQQ,Long,2022-02-25T15:58:00+00:00,2022-02-25T15:59:00+00:00,343.5380,343.2620,0.87,-0.24,-0.000804,60000,SessionClose,0.4389,0.4353,0.4815,0.4171,0.4684,0.4447,0.4171,0.4684,,,
summary,2022-02-25,QQQ,,,,,,,1.38,,2,,,,,,,,,,0.9410,2022-02-22T14:46:00+00:00,1643,3208
trade,2022-02-25,AAPL,Long,2022-02-25T15:44:00+00:00,2022-02-25T15:56:00+00:00,162.4987,163.0561,1.85,1.03,0.003430,720000,SessionClose,0.3515,0.3694,0.5709,0.2967,0.3881,0.2945,0.3726,0.3881,,,
trade,2022-02-25,AAPL,Long,2022-02-25T15:58:00+00:00,2022-02-25T15:59:00+00:00,163.4440,163.3560,1.84,-0.16,-0.000539,60000,SessionClose,0.3900,0.3898,0.4997,0.3726,0.3881,0.4981,0.3726,0.3881,,,
summary,2022-02-25,AAPL,,,,,,,0.87,,2,,,,,,,,,,0.9001,2022-02-22T14:49:00+00:00,1345,2975
trade,2022-02-25,NVDA,Long,2022-02-25T15:19:00+00:00,2022-02-25T15:56:00+00:00,238.1464,239.7938,0.84,1.38,0.006918,2220000,SessionClose,0.4011,0.4199,0.5917,0.2814,0.5770,0.2417,0.3711,0.5770,,,
trade,2022-02-25,NVDA,Long,2022-02-25T15:58:00+00:00,2022-02-25T15:59:00+00:00,240.5872,240.3366,1.11,-0.28,-0.001042,60000,SessionClose,0.4448,0.4423,0.4904,0.3711,0.5770,0.4656,0.3711,0.5770,,,
summary,2022-02-25,NVDA,,,,,,,1.10,,2,,,,,,,,,,1.0000,2022-02-22T14:40:00+00:00,1512,2900
trade,2022-02-25,MSFT,Long,2022-02-25T15:26:00+00:00,2022-02-25T15:56:00+00:00,295.6637,295.2364,1.02,-0.43,-0.001445,1800000,SessionClose,0.4252,0.1935,0.5822,0.3545,0.5142,-0.3207,0.1188,0.5142,,,
summary,2022-02-25,MSFT,,,,,,,-0.43,,1,,,,,,,,,,1.0000,2022-02-22T14:36:00+00:00,1315,2479
trade,2022-02-28,SPY,Long,2022-02-28T15:40:00+00:00,2022-02-28T15:56:00+00:00,435.1555,435.5343,0.69,0.26,0.000870,960000,SessionClose,0.4085,0.4401,0.5793,0.3792,0.4103,0.3234,0.4262,0.5066,,,
trade,2022-02-28,SPY,Long,2022-02-28T15:58:00+00:00,2022-02-28T15:59:00+00:00,435.7657,435.8042,0.69,0.03,0.000088,60000,SessionClose,0.4051,0.4457,0.0005,0.4262,0.4979,0.2711,0.4262,0.5427,,,
summary,2022-02-28,SPY,,,,,,,0.29,,2,,,,,,,,,,0.9585,2022-02-25T15:46:00+00:00,723,1200
trade,2022-02-28,QQQ,Long,2022-02-28T14:31:00+00:00,2022-02-28T15:12:00+00:00,343.8281,342.6422,0.87,-1.04,-0.003449,2460000,ScoreExit,0.4443,-0.0924,0.5614,0.4644,0.3651,-0.5973,-0.1677,0.2264,,,
trade,2022-02-28,QQQ,Long,2022-02-28T15:36:00+00:00,2022-02-28T15:56:00+00:00,344.9785,346.4710,0.87,1.30,0.004327,1200000,SessionClose,0.4910,0.4667,0.5421,0.4133,0.6294,0.1953,0.4307,0.6294,,,
trade,2022-02-28,QQQ,Long,2022-02-28T15:58:00+00:00,2022-02-28T15:59:00+00:00,346.6190,346.6670,0.87,0.04,0.000139,60000,SessionClose,0.4460,0.4652,-0.0118,0.4307,0.6294,0.1799,0.4307,0.6294,,,
summary,2022-02-28,QQQ,,,,,,,0.30,,3,,,,,,,,,,0.9610,2022-02-25T15:47:00+00:00,761,1221
trade,2022-02-28,AAPL,Long,2022-02-28T14:37:00+00:00,2022-02-28T15:11:00+00:00,164.2443,163.7009,1.83,-0.99,-0.003308,2040000,ScoreExit,0.3861,-0.0757,0.5763,0.2988,0.4973,-0.5188,-0.1964,0.3135,,,
trade,2022-02-28,AAPL,Long,2022-02-28T15:41:00+00:00,2022-02-28T15:56:00+00:00,164.5977,164.7356,1.82,0.25,0.000838,900000,SessionClose,0.4079,0.4213,0.5199,0.2742,0.6380,0.4182,0.2939,0.6772,,,
trade,2022-02-28,AAPL,Long,2022-02-28T15:58:00+00:00,2022-02-28T15:59:00+00:00,164.9645,164.8755,1.82,-0.16,-0.000539,60000,SessionClose,0.4063,0.4095,0.2681,0.2939,0.6772,0.3001,0.2939,0.6772,,,
summary,2022-02-28,AAPL,,,,,,,-0.90,,3,,,,,,,,,,0.9586,2022-02-25T15:47:00+00:00,752,1131
trade,2022-02-28,NVDA,Long,2022-02-28T14:51:00+00:00,2022-02-28T15:56:00+00:00,238.6416,244.4117,1.26,7.25,0.024179,3900000,SessionClose,0.4117,0.5699,0.0892,0.3815,0.5795,0.0996,0.4332,1.0000,,,
trade,2022-02-28,NVDA,Long,2022-02-28T15:58:00+00:00,2022-02-28T15:59:00+00:00,244.9785,245.0715,1.16,0.11,0.000380,60000,SessionClose,0.5846,0.5955,0.2462,0.4332,1.0000,0.3558,0.4332,1.0000,,,
summary,2022-02-28,NVDA,,,,,,,7.36,,2,,,,,,,,,,1.0000,2022-02-25T14:33:00+00:00,748,1078
trade,2022-02-28,MSFT,Long,2022-02-28T14:31:00+00:00,2022-02-28T15:11:00+00:00,296.0538,294.9165,1.01,-1.15,-0.003842,2400000,ScoreExit,0.5173,-0.1391,0.5998,0.5999,0.3245,-0.5876,-0.1789,0.0899,,,
trade,2022-02-28,MSFT,Long,2022-02-28T15:41:00+00:00,2022-02-28T15:56:00+00:00,296.7040,296.7959,1.01,0.09,0.000310,900000,SessionClose,0.4592,0.3069,0.5734,0.4347,0.4699,-0.0769,0.2593,0.5299,,,
summary,2022-02-28,MSFT,,,,,,,-1.06,,2,,,,,,,,,,0.8986,2022-02-25T15:11:00+00:00,624,980
trade,2022-03-01,SPY,Long,2022-03-01T14:37:00+00:00,2022-03-01T14:52:00+00:00,436.9460,435.1944,0.69,-1.20,-0.004009,900000,ScoreExit,0.4036,-0.0694,0.5844,0.3751,0.4002,-0.5219,-0.1733,0.2892,,,
summary,2022-03-01,SPY,,,,,,,-1.20,,1,,,,,,,,,,0.6901,2022-02-28T09:09:00+00:00,764,1608
summary,2022-03-01,QQQ,,,,,,,0.00,,0,,,,,,,,,,0.8053,2022-02-28T09:09:00+00:00,838,1612
summary,2022-03-01,AAPL,,,,,,,0.00,,0,,,,,,,,,,0.9316,2022-02-28T09:08:00+00:00,784,1403
summary,2022-03-01,NVDA,,,,,,,0.00,,0,,,,,,,,,,1.0000,2022-02-28T09:07:00+00:00,622,1314
trade,2022-03-01,MSFT,Long,2022-03-01T15:16:00+00:00,2022-03-01T15:41:00+00:00,298.7946,298.6054,1.00,-0.19,-0.000633,1500000,ScoreExit,0.4001,-0.0642,0.5168,0.3612,0.4391,-0.5297,-0.2383,0.4391,,,
summary,2022-03-01,MSFT,,,,,,,-0.19,,1,,,,,,,,,,0.7280,2022-02-28T12:07:00+00:00,517,1120
trade,2022-03-02,SPY,Long,2022-03-02T14:48:00+00:00,2022-03-02T15:07:00+00:00,434.5553,433.6049,0.69,-0.66,-0.002187,1140000,ScoreExit,0.4043,-0.0732,0.5722,0.4557,0.2453,-0.3415,-0.1773,0.2244,,,
summary,2022-03-02,SPY,,,,,,,-0.66,,1,,,,,,,,,,0.6901,2022-02-28T09:09:00+00:00,1219,2496
summary,2022-03-02,QQQ,,,,,,,0.00,,0,,,,,,,,,,0.8053,2022-02-28T09:09:00+00:00,1249,2491
trade,2022-03-02,AAPL,Long,2022-03-02T15:37:00+00:00,2022-03-02T15:56:00+00:00,165.0345,164.3157,1.82,-1.31,-0.004355,1140000,SessionClose,0.3858,0.0837,0.5970,0.4158,0.2553,-0.5134,0.1542,0.1417,,,
summary,2022-03-02,AAPL,,,,,,,-1.31,,1,,,,,,,,,,0.9316,2022-02-28T09:08:00+00:00,1169,2179
trade,2022-03-02,NVDA,Long,2022-03-02T14:44:00+00:00,2022-03-02T15:06:00+00:00,239.2669,238.8924,1.26,-0.47,-0.001565,1320000,ScoreExit,0.4308,-0.1382,0.6207,0.5382,0.1526,0.1392,-0.2628,0.0183,,,
summary,2022-03-02,NVDA,,,,,,,-0.47,,1,,,,,,,,,,1.0000,2022-02-28T09:07:00+00:00,994,2011
summary,2022-03-02,MSFT,,,,,,,0.00,,0,,,,,,,,,,0.7280,2022-02-28T12:07:00+00:00,936,1702
summary,2022-03-03,SPY,,,,,,,0.00,,0,,,,,,,,,,0.9548,2022-02-28T15:42:00+00:00,1668,3058
summary,2022-03-03,QQQ,,,,,,,0.00,,0,,,,,,,,,,0.9598,2022-02-28T15:42:00+00:00,1384,3025
summary,2022-03-03,AAPL,,,,,,,0.00,,0,,,,,,,,,,0.9527,2022-02-28T15:56:00+00:00,1504,2670
summary,2022-03-03,NVDA,,,,,,,0.00,,0,,,,,,,,,,0.9594,2022-02-28T15:42:00+00:00,1172,2512
summary,2022-03-03,MSFT,,,,,,,0.00,,0,,,,,,,,,,0.9601,2022-02-28T15:42:00+00:00,1083,2168
summary,2022-03-04,SPY,,,,,,,0.00,,0,,,,,,,,,,0.5406,2022-03-02T16:13:00+00:00,1284,3047
summary,2022-03-04,QQQ,,,,,,,0.00,,0,,,,,,,,,,0.7714,2022-03-01T15:21:00+00:00,929,3036
summary,2022-03-04,AAPL,,,,,,,0.00,,0,,,,,,,,,,0.9842,2022-03-01T14:36:00+00:00,1132,2699
summary,2022-03-04,NVDA,,,,,,,0.00,,0,,,,,,,,,,0.8883,2022-03-01T15:32:00+00:00,928,2534
summary,2022-03-04,MSFT,,,,,,,0.00,,0,,,,,,,,,,0.8982,2022-03-01T14:50:00+00:00,682,2171
summary,2022-03-07,SPY,,,,,,,0.00,,0,,,,,,,,,,0.6347,2022-03-04T18:04:00+00:00,355,1194
summary,2022-03-07,QQQ,,,,,,,0.00,,0,,,,,,,,,,0.6350,2022-03-04T18:04:00+00:00,153,1185
summary,2022-03-07,AAPL,,,,,,,0.00,,0,,,,,,,,,,0.6009,2022-03-04T18:07:00+00:00,325,1151
trade,2022-03-07,NVDA,Long,2022-03-07T14:38:00+00:00,2022-03-07T14:59:00+00:00,229.4838,223.6079,1.30,-7.67,-0.025605,1260000,HardStop,0.4258,0.0000,0.5689,0.5584,0.1128,-0.4894,-0.6013,-0.2425,,,
summary,2022-03-07,NVDA,,,,,,,-7.67,,1,,,,,,,,,,1.0000,2022-03-04T14:37:00+00:00,153,1083
summary,2022-03-07,MSFT,,,,,,,0.00,,0,,,,,,,,,,0.6899,2022-03-04T17:17:00+00:00,246,998
summary,2022-03-08,SPY,,,,,,,0.00,,0,,,,,,,,,,0.7077,2022-03-08T17:18:00+00:00,341,1620
summary,2022-03-08,QQQ,,,,,,,0.00,,0,,,,,,,,,,0.8241,2022-03-08T17:18:00+00:00,359,1611
summary,2022-03-08,AAPL,,,,,,,0.00,,0,,,,,,,,,,0.7585,2022-03-08T17:44:00+00:00,386,1540
trade,2022-03-08,NVDA,Long,2022-03-08T15:51:00+00:00,2022-03-08T15:56:00+00:00,211.2784,213.8308,0.99,2.53,0.012081,300000,SessionClose,0.5106,0.6348,0.5943,0.6462,0.2115,0.6655,0.8413,0.2115,,,
trade,2022-03-08,NVDA,Long,2022-03-08T15:58:00+00:00,2022-03-08T15:59:00+00:00,214.6494,215.4703,0.98,0.80,0.003825,60000,SessionClose,0.6386,0.6389,0.7033,0.8413,0.2115,0.7065,0.8413,0.2115,,,
summary,2022-03-08,NVDA,,,,,,,3.34,,2,,,,,,,,,,0.8979,2022-03-07T09:08:00+00:00,446,1422
summary,2022-03-08,MSFT,,,,,,,0.00,,0,,,,,,,,,,0.8838,2022-03-08T17:18:00+00:00,397,1267
summary,2022-03-09,SPY,,,,,,,0.00,,0,,,,,,,,,,0.7077,2022-03-08T17:18:00+00:00,919,2562
trade,2022-03-09,QQQ,Long,2022-03-09T15:21:00+00:00,2022-03-09T15:56:00+00:00,332.2162,332.5552,0.90,0.31,0.001020,2100000,SessionClose,0.4149,0.3562,0.2496,0.3964,0.5070,0.0215,0.3366,0.5070,,,
trade,2022-03-09,QQQ,Long,2022-03-09T15:59:00+00:00,2022-03-09T16:00:00+00:00,333.6851,333.1250,0.90,-0.50,-0.001678,60000,SessionClose,0.4110,0.3865,0.5694,0.3366,0.5070,0.3245,0.3366,0.5070,,,
summary,2022-03-09,QQQ,,,,,,,-0.20,,2,,,,,,,,,,0.8241,2022-03-08T17:18:00+00:00,969,2533
trade,2022-03-09,AAPL,Long,2022-03-09T15:21:00+00:00,2022-03-09T15:56:00+00:00,161.3926,161.7765,1.86,0.71,0.002378,2100000,SessionClose,0.3703,0.3510,0.2446,0.3326,0.4878,-0.2075,0.3757,0.4878,,,
trade,2022-03-09,AAPL,Long,2022-03-09T15:58:00+00:00,2022-03-09T15:59:00+00:00,161.9136,162.2063,1.86,0.54,0.001808,60000,SessionClose,0.3643,0.4278,-0.0748,0.3757,0.4878,0.5605,0.3757,0.4878,,,
summary,2022-03-09,AAPL,,,,,,,1.26,,2,,,,,,,,,,0.7585,2022-03-08T17:44:00+00:00,937,2434
trade,2022-03-09,NVDA,Long,2022-03-09T14:56:00+00:00,2022-03-09T15:56:00+00:00,224.4600,227.4367,1.20,3.57,0.013262,3600000,SessionClose,0.4361,0.0325,-0.0006,0.4203,0.6131,-0.4327,-0.1754,0.6035,,,
summary,2022-03-09,NVDA,,,,,,,3.57,,1,,,,,,,,,,0.8979,2022-03-07T09:08:00+00:00,1069,2246
trade,2022-03-09,MSFT,Long,2022-03-09T15:18:00+00:00,2022-03-09T15:56:00+00:00,283.7901,285.9220,1.06,2.25,0.007512,2280000,SessionClose,0.4179,0.4395,0.2392,0.3625,0.5884,0.0146,0.4359,0.5884,,,
trade,2022-03-09,MSFT,Long,2022-03-09T15:58:00+00:00,2022-03-09T15:59:00+00:00,286.3859,286.8289,1.05,0.46,0.001547,60000,SessionClose,0.4772,0.4966,0.3914,0.4359,0.5884,0.5852,0.4359,0.5884,,,
summary,2022-03-09,MSFT,,,,,,,2.72,,2,,,,,,,,,,0.8838,2022-03-08T17:18:00+00:00,905,1941
summary,2022-03-10,SPY,,,,,,,0.00,,0,,,,,,,,,,0.6918,2022-03-08T17:18:00+00:00,1202,3155
summary,2022-03-10,QQQ,,,,,,,0.00,,0,,,,,,,,,,0.8161,2022-03-08T17:18:00+00:00,1179,3135
summary,2022-03-10,AAPL,,,,,,,0.00,,0,,,,,,,,,,0.7775,2022-03-07T14:31:00+00:00,950,3000
summary,2022-03-10,NVDA,,,,,,,0.00,,0,,,,,,,,,,0.8466,2022-03-09T09:20:00+00:00,1451,2785
summary,2022-03-10,MSFT,,,,,,,0.00,,0,,,,,,,,,,0.8879,2022-03-08T17:18:00+00:00,1205,2476
summary,2022-03-11,SPY,,,,,,,0.00,,0,,,,,,,,,,0.8230,2022-03-08T17:18:00+00:00,1676,3085
summary,2022-03-11,QQQ,,,,,,,0.00,,0,,,,,,,,,,1.0000,2022-03-08T14:35:00+00:00,1688,3098
summary,2022-03-11,AAPL,,,,,,,0.00,,0,,,,,,,,,,1.0000,2022-03-08T14:35:00+00:00,1185,2973
summary,2022-03-11,NVDA,,,,,,,0.00,,0,,,,,,,,,,0.9936,2022-03-08T14:35:00+00:00,1789,2718
summary,2022-03-11,MSFT,,,,,,,0.00,,0,,,,,,,,,,0.9306,2022-03-08T14:43:00+00:00,1445,2349
trade,2022-03-14,SPY,Long,2022-03-14T14:53:00+00:00,2022-03-14T15:11:00+00:00,424.0622,423.3180,0.71,-0.53,-0.001755,1080000,ScoreExit,0.4015,-0.0779,0.4982,0.4341,0.3042,-0.5426,-0.0917,0.1046,,,
summary,2022-03-14,SPY,,,,,,,-0.53,,1,,,,,,,,,,0.4430,2022-03-11T15:57:00+00:00,138,1180
summary,2022-03-14,QQQ,,,,,,,0.00,,0,,,,,,,,,,0.1049,2022-03-11T14:50:00+00:00,8,1191
summary,2022-03-14,AAPL,,,,,,,0.00,,0,,,,,,,,,,0.4828,2022-03-11T14:35:00+00:00,45,1194
trade,2022-03-14,NVDA,Long,2022-03-14T14:11:00+00:00,2022-03-14T14:41:00+00:00,221.0300,219.6791,1.30,-1.75,-0.006112,1800000,ScoreExit,0.4092,-0.1202,0.6228,0.5500,0.0566,-0.0239,-0.2246,0.0566,,,
summary,2022-03-14,NVDA,,,,,,,-1.75,,1,,,,,,,,,,0.4956,2022-03-11T14:30:00+00:00,99,1059
trade,2022-03-14,MSFT,Long,2022-03-14T13:43:00+00:00,2022-03-14T15:11:00+00:00,283.6308,283.6999,1.06,0.07,0.000244,5280000,ScoreExit,0.4687,-0.1478,0.6365,0.4819,0.3863,-0.5206,-0.3460,0.3727,,,
summary,2022-03-14,MSFT,,,,,,,0.07,,1,,,,,,,,,,0.8330,2022-03-11T15:51:00+00:00,132,1012
trade,2022-03-15,SPY,Long,2022-03-15T13:33:00+00:00,2022-03-15T13:41:00+00:00,421.3314,420.0489,0.71,-0.91,-0.003044,480000,ScoreExit,0.4159,-0.0630,0.5848,0.3644,0.4625,-0.0974,-0.2743,0.3709,,,
trade,2022-03-15,SPY,Long,2022-03-15T14:26:00+00:00,2022-03-15T15:56:00+00:00,421.0913,422.3283,0.71,0.88,0.002938,5400000,SessionClose,0.4075,-0.0005,0.5413,0.3384,0.5011,-0.5784,-0.1749,0.5409,,,
summary,2022-03-15,SPY,,,,,,,-0.03,,2,,,,,,,,,,0.6251,2022-03-14T14:59:00+00:00,660,1568
trade,2022-03-15,QQQ,Long,2022-03-15T14:01:00+00:00,2022-03-15T15:56:00+00:00,322.1116,324.6776,0.93,2.39,0.007966,6900000,SessionClose,0.4665,0.0152,0.5857,0.3880,0.5838,-0.5891,-0.1964,0.6396,,,
summary,2022-03-15,QQQ,,,,,,,2.39,,1,,,,,,,,,,0.6545,2022-03-14T14:12:00+00:00,596,1612
trade,2022-03-15,AAPL,Long,2022-03-15T13:32:00+00:00,2022-03-15T13:41:00+00:00,151.6705,150.9597,1.98,-1.41,-0.004686,540000,ScoreExit,0.3540,-0.1209,0.5424,0.3403,0.3188,-0.4223,-0.2156,0.1691,,,
trade,2022-03-15,AAPL,Long,2022-03-15T14:26:00+00:00,2022-03-15T15:56:00+00:00,151.6905,153.3490,1.98,3.28,0.010933,5400000,SessionClose,0.4008,0.0812,0.5907,0.3342,0.4708,-0.5390,-0.1214,0.6930,,,
summary,2022-03-15,AAPL,,,,,,,1.87,,2,,,,,,,,,,0.6963,2022-03-14T08:08:00+00:00,700,1587
trade,2022-03-15,NVDA,Long,2022-03-15T13:31:00+00:00,2022-03-15T13:41:00+00:00,216.3749,214.8805,1.39,-2.07,-0.006906,600000,ScoreExit,0.4345,-0.1230,0.5608,0.3419,0.5774,-0.3651,-0.3184,0.3486,,,
trade,2022-03-15,NVDA,Long,2022-03-15T13:56:00+00:00,2022-03-15T15:56:00+00:00,216.5066,224.8276,1.39,11.53,0.038433,7200000,SessionClose,0.5384,0.0810,0.6470,0.4815,0.6160,-0.5503,-0.2266,0.9067,,,
summary,2022-03-15,NVDA,,,,,,,9.46,,2,,,,,,,,,,0.9609,2022-03-14T09:44:00+00:00,761,1326
trade,2022-03-15,MSFT,Long,2022-03-15T14:01:00+00:00,2022-03-15T15:56:00+00:00,280.6792,282.6602,1.07,2.12,0.007058,6900000,SessionClose,0.4377,0.0861,0.5963,0.3566,0.5469,-0.5969,-0.0979,0.6818,,,
summary,2022-03-15,MSFT,,,,,,,2.12,,1,,,,,,,,,,0.9613,2022-03-14T09:51:00+00:00,644,1224
trade,2022-03-16,SPY,Long,2022-03-16T13:37:00+00:00,2022-03-16T15:38:00+00:00,431.2843,432.3653,0.70,0.75,0.002506,7260000,MaxHoldTimeout,0.4041,-0.0357,0.5550,0.3755,0.4110,-0.5338,-0.1738,0.4066,,,
summary,2022-03-16,SPY,,,,,,,0.75,,1,,,,,,,,,,0.6251,2022-03-14T14:59:00+00:00,1303,2447
trade,2022-03-16,QQQ,Long,2022-03-16T13:41:00+00:00,2022-03-16T15:42:00+00:00,333.6651,336.5340,0.90,2.58,0.008598,7260000,MaxHoldTimeout,0.4293,0.0147,0.4779,0.3969,0.4778,-0.4028,-0.1715,0.5264,,,
summary,2022-03-16,QQQ,,,,,,,2.58,,1,,,,,,,,,,0.6545,2022-03-14T14:12:00+00:00,1288,2523
trade,2022-03-16,AAPL,Long,2022-03-16T14:16:00+00:00,2022-03-16T15:38:00+00:00,157.8123,157.7677,1.90,-0.08,-0.000283,4920000,MaxHoldTimeout,0.3966,0.0376,0.5862,0.2965,0.5334,-0.5339,-0.0830,0.4695,,,
summary,2022-03-16,AAPL,,,,,,,-0.08,,1,,,,,,,,,,0.6963,2022-03-14T08:08:00+00:00,1370,2457
trade,2022-03-16,NVDA,Long,2022-03-16T13:46:00+00:00,2022-03-16T15:47:00+00:00,235.2856,241.7701,1.28,8.29,0.027560,7260000,MaxHoldTimeout,0.4226,0.1294,0.5740,0.3034,0.6103,-0.2635,-0.1042,0.7276,,,
summary,2022-03-16,NVDA,,,,,,,8.29,,1,,,,,,,,,,0.9609,2022-03-14T09:44:00+00:00,1433,2137
trade,2022-03-16,MSFT,Long,2022-03-16T13:36:00+00:00,2022-03-16T15:37:00+00:00,290.8972,291.3576,1.03,0.48,0.001582,7260000,MaxHoldTimeout,0.4324,0.1138,0.4928,0.4250,0.4272,0.2034,-0.0398,0.3913,,,
summary,2022-03-16,MSFT,,,,,,,0.48,,1,,,,,,,,,,0.9613,2022-03-14T09:51:00+00:00,1082,1880
trade,2022-03-17,SPY,Long,2022-03-17T13:56:00+00:00,2022-03-17T14:42:00+00:00,435.4456,435.4843,0.69,0.03,0.000089,2760000,ScoreExit,0.4053,-0.0533,0.4399,0.4627,0.2789,-0.2884,-0.1479,0.2144,,,
summary,2022-03-17,SPY,,,,,,,0.03,,1,,,,,,,,,,0.9557,2022-03-14T14:59:00+00:00,1853,3065
trade,2022-03-17,QQQ,Long,2022-03-17T13:56:00+00:00,2022-03-17T14:37:00+00:00,340.1270,339.1632,0.88,-0.85,-0.002834,2460000,ScoreExit,0.4659,-0.0586,0.5772,0.5060,0.3485,-0.5166,-0.1148,0.2064,,,
summary,2022-03-17,QQQ,,,,,,,-0.85,,1,,,,,,,,,,0.9027,2022-03-14T14:12:00+00:00,1882,3141
trade,2022-03-17,AAPL,Long,2022-03-17T13:56:00+00:00,2022-03-17T14:26:00+00:00,159.0627,159.0673,1.89,0.01,0.000029,1800000,ScoreExit,0.3850,-0.0686,0.4202,0.4207,0.3020,-0.2316,-0.1402,0.1290,,,
summary,2022-03-17,AAPL,,,,,,,0.01,,1,,,,,,,,,,1.0000,2022-03-14T13:31:00+00:00,1804,3007
trade,2022-03-17,NVDA,Long,2022-03-17T13:41:00+00:00,2022-03-17T14:37:00+00:00,243.5480,242.2323,1.24,-1.63,-0.005402,3360000,ScoreExit,0.5317,-0.0546,0.6097,0.4695,0.6301,-0.5726,-0.1453,0.2994,,,
summary,2022-03-17,NVDA,,,,,,,-1.63,,1,,,,,,,,,,0.9457,2022-03-14T13:46:00+00:00,1912,2734
summary,2022-03-17,MSFT,,,,,,,0.00,,0,,,,,,,,,,0.9578,2022-03-14T13:36:00+00:00,1432,2352
trade,2022-03-18,SPY,Long,2022-03-18T14:01:00+00:00,2022-03-18T14:38:00+00:00,439.3418,438.6734,0.68,-0.46,-0.001521,2220000,ScoreExit,0.4253,-0.0513,0.4596,0.4824,0.2997,-0.5409,-0.1452,0.2997,,,
summary,2022-03-18,SPY,,,,,,,-0.46,,1,,,,,,,,,,0.9463,2022-03-15T14:40:00+00:00,2366,3055
summary,2022-03-18,QQQ,,,,,,,0.00,,0,,,,,,,,,,0.9571,2022-03-15T15:04:00+00:00,2493,3112
summary,2022-03-18,AAPL,,,,,,,0.00,,0,,,,,,,,,,0.9552,2022-03-15T14:54:00+00:00,2390,2891
summary,2022-03-18,NVDA,,,,,,,0.00,,0,,,,,,,,,,0.9581,2022-03-15T14:46:00+00:00,2319,2674
trade,2022-03-18,MSFT,Long,2022-03-18T14:01:00+00:00,2022-03-18T14:48:00+00:00,295.4536,295.3764,1.02,-0.08,-0.000261,2820000,ScoreExit,0.4053,-0.0506,0.5305,0.4281,0.3179,-0.2871,-0.1954,0.3179,,,
summary,2022-03-18,MSFT,,,,,,,-0.08,,1,,,,,,,,,,0.9579,2022-03-15T14:49:00+00:00,1743,2252
trade,2022-03-21,SPY,Long,2022-03-21T13:31:00+00:00,2022-03-21T13:51:00+00:00,444.9384,445.1314,0.67,0.13,0.000434,1200000,ScoreExit,0.4037,-0.0811,0.4844,0.3805,0.4233,-0.3802,-0.2834,0.4233,,,
summary,2022-03-21,SPY,,,,,,,0.13,,1,,,,,,,,,,0.8156,2022-03-18T14:12:00+00:00,940,1160
trade,2022-03-21,QQQ,Long,2022-03-21T13:36:00+00:00,2022-03-21T13:51:00+00:00,351.1003,350.4298,0.85,-0.57,-0.001910,900000,ScoreExit,0.4080,-0.1559,0.5028,0.3866,0.4193,-0.3712,-0.4077,0.4193,,,
summary,2022-03-21,QQQ,,,,,,,-0.57,,1,,,,,,,,,,0.9577,2022-03-18T15:04:00+00:00,908,1182
trade,2022-03-21,AAPL,Long,2022-03-21T14:48:00+00:00,2022-03-21T15:56:00+00:00,164.1742,165.9252,1.83,3.20,0.010665,4080000,SessionClose,0.3508,0.3991,0.4822,0.2095,0.5897,-0.2014,0.3494,0.6987,,,
summary,2022-03-21,AAPL,,,,,,,3.20,,1,,,,,,,,,,0.9568,2022-03-18T15:04:00+00:00,959,1080
trade,2022-03-21,NVDA,Long,2022-03-21T13:41:00+00:00,2022-03-21T13:51:00+00:00,267.8871,265.0155,1.12,-3.22,-0.010720,600000,ScoreExit,0.4960,-0.1759,0.6766,0.3828,0.6622,-0.2139,-0.5887,0.6622,,,
trade,2022-03-21,NVDA,Long,2022-03-21T14:46:00+00:00,2022-03-21T15:56:00+00:00,262.9088,270.4139,0.97,7.29,0.028546,4200000,SessionClose,0.4868,0.7856,0.5087,0.3260,0.8011,0.6021,0.7090,1.0000,,,
summary,2022-03-21,NVDA,,,,,,,4.08,,2,,,,,,,,,,1.0000,2022-03-18T13:32:00+00:00,968,1101
trade,2022-03-21,MSFT,Long,2022-03-21T13:42:00+00:00,2022-03-21T13:51:00+00:00,299.7847,298.8253,1.00,-0.96,-0.003200,540000,ScoreExit,0.4235,-0.1736,0.5325,0.4008,0.4324,-0.3505,-0.3933,0.3248,,,
summary,2022-03-21,MSFT,,,,,,,-0.96,,1,,,,,,,,,,0.9515,2022-03-18T15:04:00+00:00,702,981
summary,2022-03-22,SPY,,,,,,,0.00,,0,,,,,,,,,,0.4784,2022-03-21T13:36:00+00:00,889,1480
summary,2022-03-22,QQQ,,,,,,,0.00,,0,,,,,,,,,,0.6840,2022-03-21T15:27:00+00:00,946,1563
summary,2022-03-22,AAPL,,,,,,,0.00,,0,,,,,,,,,,0.6574,2022-03-21T15:27:00+00:00,960,1376
trade,2022-03-22,NVDA,Long,2022-03-22T14:01:00+00:00,2022-03-22T15:56:00+00:00,267.9654,270.4238,1.12,2.75,0.009175,6900000,ScoreExit,0.4433,-0.1557,0.5958,0.2632,0.7527,-0.1808,-0.5053,0.5519,,,
summary,2022-03-22,NVDA,,,,,,,2.75,,1,,,,,,,,,,0.8342,2022-03-21T09:34:00+00:00,877,1382
trade,2022-03-22,MSFT,Long,2022-03-22T13:32:00+00:00,2022-03-22T15:33:00+00:00,300.6702,304.6636,1.00,3.98,0.013282,7260000,MaxHoldTimeout,0.4221,0.2124,0.5619,0.4081,0.4034,-0.1374,0.0678,0.6182,,,
summary,2022-03-22,MSFT,,,,,,,3.98,,1,,,,,,,,,,0.8033,2022-03-21T09:33:00+00:00,650,1102
summary,2022-03-23,SPY,,,,,,,0.00,,0,,,,,,,,,,0.4784,2022-03-21T13:36:00+00:00,1242,2316
summary,2022-03-23,QQQ,,,,,,,0.00,,0,,,,,,,,,,0.6840,2022-03-21T15:27:00+00:00,1385,2426
trade,2022-03-23,AAPL,Long,2022-03-23T13:36:00+00:00,2022-03-23T15:37:00+00:00,168.4555,171.3036,1.78,5.08,0.016907,7260000,MaxHoldTimeout,0.3866,0.3895,0.5123,0.3732,0.3714,0.0258,0.3528,0.5840,,,
summary,2022-03-23,AAPL,,,,,,,5.08,,1,,,,,,,,,,0.6574,2022-03-21T15:27:00+00:00,1556,2157
summary,2022-03-23,NVDA,,,,,,,0.00,,0,,,,,,,,,,0.8342,2022-03-21T09:34:00+00:00,963,2140
summary,2022-03-23,MSFT,,,,,,,0.00,,0,,,,,,,,,,0.8033,2022-03-21T09:33:00+00:00,975,1673
summary,2022-03-24,SPY,,,,,,,0.00,,0,,,,,,,,,,0.6858,2022-03-21T15:01:00+00:00,1528,2876
summary,2022-03-24,QQQ,,,,,,,0.00,,0,,,,,,,,,,0.8235,2022-03-21T13:41:00+00:00,1769,3000
trade,2022-03-24,AAPL,Long,2022-03-24T13:37:00+00:00,2022-03-24T13:56:00+00:00,171.6465,171.7784,1.75,0.23,0.000769,1140000,ScoreExit,0.3565,-0.0941,0.5332,0.3837,0.2432,0.1414,-0.3019,0.2432,,,
summary,2022-03-24,AAPL,,,,,,,0.23,,1,,,,,,,,,,1.0000,2022-03-21T13:41:00+00:00,2075,2768
trade,2022-03-24,NVDA,Long,2022-03-24T13:41:00+00:00,2022-03-24T15:42:00+00:00,264.0392,279.4711,1.14,17.56,0.058446,7260000,MaxHoldTimeout,0.5128,0.6479,0.6969,0.6052,0.2666,0.5247,0.6718,0.6411,,,
summary,2022-03-24,NVDA,,,,,,,17.56,,1,,,,,,,,,,1.0000,2022-03-21T13:40:00+00:00,1299,2709
summary,2022-03-24,MSFT,,,,,,,0.00,,0,,,,,,,,,,0.6846,2022-03-21T13:43:00+00:00,1206,2120
summary,2022-03-25,SPY,,,,,,,0.00,,0,,,,,,,,,,0.8474,2022-03-22T14:43:00+00:00,1403,2858
summary,2022-03-25,QQQ,,,,,,,0.00,,0,,,,,,,,,,0.9523,2022-03-22T14:48:00+00:00,1657,2985
trade,2022-03-25,AAPL,Long,2022-03-25T14:23:00+00:00,2022-03-25T15:01:00+00:00,174.4373,174.3927,1.73,-0.08,-0.000256,2280000,ScoreExit,0.3539,-0.0859,0.4994,0.3476,0.3181,-0.5125,-0.1344,0.1532,,,
summary,2022-03-25,AAPL,,,,,,,-0.08,,1,,,,,,,,,,1.0000,2022-03-22T13:39:00+00:00,2153,2826
summary,2022-03-25,NVDA,,,,,,,0.00,,0,,,,,,,,,,0.9567,2022-03-22T15:03:00+00:00,1360,2749
summary,2022-03-25,MSFT,,,,,,,0.00,,0,,,,,,,,,,0.9491,2022-03-22T14:51:00+00:00,1089,2142
trade,2022-03-28,SPY,Long,2022-03-28T13:56:00+00:00,2022-03-28T15:02:00+00:00,453.6010,452.5492,0.66,-0.70,-0.002319,3960000,ScoreExit,0.4186,-0.0665,0.5474,0.3805,0.4518,-0.3163,-0.1703,0.2245,,,
summary,2022-03-28,SPY,,,,,,,-0.70,,1,,,,,,,,,,0.8392,2022-03-25T14:42:00+00:00,721,1128
trade,2022-03-28,QQQ,Long,2022-03-28T13:31:00+00:00,2022-03-28T15:31:00+00:00,359.8829,360.9167,0.83,0.86,0.002872,7200000,ScoreExit,0.4330,-0.1108,0.4547,0.3465,0.5988,-0.1800,-0.3871,0.4648,,,
summary,2022-03-28,QQQ,,,,,,,0.86,,1,,,,,,,,,,0.7592,2022-03-25T14:42:00+00:00,729,1126
trade,2022-03-28,AAPL,Long,2022-03-28T13:31:00+00:00,2022-03-28T15:31:00+00:00,172.7268,174.1908,1.74,2.54,0.008476,7200000,ScoreExit,0.3598,-0.1094,0.4370,0.4551,0.1435,-0.4322,-0.3134,0.4061,,,
summary,2022-03-28,AAPL,,,,,,,2.54,,1,,,,,,,,,,0.9559,2022-03-25T14:42:00+00:00,628,1193
trade,2022-03-28,NVDA,Long,2022-03-28T13:36:00+00:00,2022-03-28T14:16:00+00:00,278.6687,277.7916,1.07,-0.94,-0.003147,2400000,ScoreExit,0.5293,-0.1553,0.4706,0.3562,0.8951,-0.4642,-0.4259,0.4890,,,
trade,2022-03-28,NVDA,Long,2022-03-28T14:51:00+00:00,2022-03-28T15:02:00+00:00,279.3287,277.6817,1.07,-1.77,-0.005896,660000,ScoreExit,0.4060,-0.1170,0.5964,0.1893,0.7757,-0.3955,-0.2762,0.2940,,,
summary,2022-03-28,NVDA,,,,,,,-2.71,,2,,,,,,,,,,1.0000,2022-03-25T13:31:00+00:00,486,1083
summary,2022-03-28,MSFT,,,,,,,0.00,,0,,,,,,,,,,0.8742,2022-03-25T14:42:00+00:00,577,934
summary,2022-03-29,SPY,,,,,,,0.00,,0,,,,,,,,,,0.5954,2022-03-28T18:59:00+00:00,1059,1472
summary,2022-03-29,QQQ,,,,,,,0.00,,0,,,,,,,,,,0.6183,2022-03-28T18:59:00+00:00,1155,1535
trade,2022-03-29,AAPL,Long,2022-03-29T13:44:00+00:00,2022-03-29T14:40:00+00:00,177.2882,176.6320,1.69,-1.11,-0.003701,3360000,ScoreExit,0.3790,-0.0514,0.2082,0.2775,0.6391,-0.5262,-0.2859,0.5758,,,
summary,2022-03-29,AAPL,,,,,,,-1.11,,1,,,,,,,,,,0.6920,2022-03-28T13:35:00+00:00,1133,1510
trade,2022-03-29,NVDA,Long,2022-03-29T14:51:00+00:00,2022-03-29T15:22:00+00:00,285.0405,282.2303,0.86,-2.43,-0.009859,1860000,ScoreExit,0.4278,-0.0766,0.6069,0.3185,0.5866,-0.5155,-0.2497,0.4160,,,
summary,2022-03-29,NVDA,,,,,,,-2.43,,1,,,,,,,,,,0.9345,2022-03-28T08:57:00+00:00,1018,1402
summary,2022-03-29,MSFT,,,,,,,0.00,,0,,,,,,,,,,0.7795,2022-03-28T13:58:00+00:00,790,1144
summary,2022-03-30,SPY,,,,,,,0.00,,0,,,,,,,,,,0.5954,2022-03-28T18:59:00+00:00,1508,2305
summary,2022-03-30,QQQ,,,,,,,0.00,,0,,,,,,,,,,0.6183,2022-03-28T18:59:00+00:00,1662,2393
summary,2022-03-30,AAPL,,,,,,,0.00,,0,,,,,,,,,,0.6920,2022-03-28T13:35:00+00:00,1656,2325
summary,2022-03-30,NVDA,,,,,,,0.00,,0,,,,,,,,,,0.9345,2022-03-28T08:57:00+00:00,1288,2152
summary,2022-03-30,MSFT,,,,,,,0.00,,0,,,,,,,,,,0.7795,2022-03-28T13:58:00+00:00,1108,1744
summary,2022-03-31,SPY,,,,,,,0.00,,0,,,,,,,,,,0.6055,2022-03-28T14:59:00+00:00,1664,2850
summary,2022-03-31,QQQ,,,,,,,0.00,,0,,,,,,,,,,0.8082,2022-03-28T13:55:00+00:00,1808,2932
summary,2022-03-31,AAPL,,,,,,,0.00,,0,,,,,,,,,,1.0000,2022-03-28T13:35:00+00:00,1975,2801
trade,2022-03-31,NVDA,Long,2022-03-31T14:16:00+00:00,2022-03-31T15:46:00+00:00,280.4891,281.0207,0.89,0.47,0.001895,5400000,ScoreExit,0.4545,-0.1273,0.6709,0.5988,0.0939,-0.3534,-0.2036,0.1006,,,
summary,2022-03-31,NVDA,,,,,,,0.47,,1,,,,,,,,,,1.0000,2022-03-28T13:36:00+00:00,1276,2725
summary,2022-03-31,MSFT,,,,,,,0.00,,0,,,,,,,,,,1.0000,2022-03-28T13:34:00+00:00,1304,2192
summary,2022-04-01,SPY,,,,,,,0.00,,0,,,,,,,,,,0.5843,2022-03-29T19:34:00+00:00,698,2873
summary,2022-04-01,QQQ,,,,,,,0.00,,0,,,,,,,,,,0.5840,2022-03-29T19:08:00+00:00,755,2900
summary,2022-04-01,AAPL,,,,,,,0.00,,0,,,,,,,,,,0.8963,2022-03-29T13:47:00+00:00,1016,2818
summary,2022-04-01,NVDA,,,,,,,0.00,,0,,,,,,,,,,1.0000,2022-03-29T13:32:00+00:00,454,2679
summary,2022-04-01,MSFT,,,,,,,0.00,,0,,,,,,,,,,0.5895,2022-03-29T18:47:00+00:00,817,2172
trade,2022-04-04,SPY,Long,2022-04-04T13:56:00+00:00,2022-04-04T15:56:00+00:00,454.8064,455.4983,0.66,0.46,0.001521,7200000,SessionClose,0.4251,0.3016,0.5858,0.3843,0.4533,0.5075,0.1828,0.4706,,,
summary,2022-04-04,SPY,,,,,,,0.46,,1,,,,,,,,,,0.5055,2022-04-01T18:32:00+00:00,704,1110
trade,2022-04-04,QQQ,Long,2022-04-04T13:36:00+00:00,2022-04-04T15:37:00+00:00,363.7641,367.3847,0.82,2.99,0.009953,7260000,MaxHoldTimeout,0.4744,0.2137,0.5606,0.4015,0.5915,-0.2895,0.1291,0.5505,,,
summary,2022-04-04,QQQ,,,,,,,2.99,,1,,,,,,,,,,0.5717,2022-04-04T13:55:00+00:00,760,1144
summary,2022-04-04,AAPL,,,,,,,0.00,,0,,,,,,,,,,0.6705,2022-04-01T13:31:00+00:00,705,1064
trade,2022-04-04,NVDA,Long,2022-04-04T13:36:00+00:00,2022-04-04T15:37:00+00:00,268.0736,274.3127,1.12,6.99,0.023274,7260000,MaxHoldTimeout,0.4741,0.6643,0.3799,0.2876,0.8787,0.5962,0.5506,0.9143,,,
summary,2022-04-04,NVDA,,,,,,,6.99,,1,,,,,,,,,,0.7933,2022-04-04T13:55:00+00:00,555,1059
trade,2022-04-04,MSFT,Long,2022-04-04T13:31:00+00:00,2022-04-04T15:32:00+00:00,310.2771,312.9811,0.97,2.62,0.008715,7260000,MaxHoldTimeout,0.4173,0.0243,-0.0275,0.3867,0.6268,-0.5584,-0.1630,0.5932,,,
summary,2022-04-04,MSFT,,,,,,,2.62,,1,,,,,,,,,,0.8249,2022-04-01T14:53:00+00:00,582,937
summary,2022-04-05,SPY,,,,,,,0.00,,0,,,,,,,,,,0.7840,2022-04-04T09:12:00+00:00,773,1409
summary,2022-04-05,QQQ,,,,,,,0.00,,0,,,,,,,,,,0.8469,2022-04-04T09:15:00+00:00,814,1488
summary,2022-04-05,AAPL,,,,,,,0.00,,0,,,,,,,,,,0.8525,2022-04-04T09:13:00+00:00,696,1394
summary,2022-04-05,NVDA,,,,,,,0.00,,0,,,,,,,,,,0.8769,2022-04-04T09:23:00+00:00,579,1263
summary,2022-04-05,MSFT,,,,,,,0.00,,0,,,,,,,,,,0.7697,2022-04-04T10:22:00+00:00,535,1071
summary,2022-04-06,SPY,,,,,,,0.00,,0,,,,,,,,,,0.7840,2022-04-04T09:12:00+00:00,773,2274
summary,2022-04-06,QQQ,,,,,,,0.00,,0,,,,,,,,,,0.8469,2022-04-04T09:15:00+00:00,814,2380
summary,2022-04-06,AAPL,,,,,,,0.00,,0,,,,,,,,,,0.8525,2022-04-04T09:13:00+00:00,729,2224
summary,2022-04-06,NVDA,,,,,,,0.00,,0,,,,,,,,,,0.8769,2022-04-04T09:23:00+00:00,579,2086
summary,2022-04-06,MSFT,,,,,,,0.00,,0,,,,,,,,,,0.7697,2022-04-04T10:22:00+00:00,535,1731
summary,2022-04-07,SPY,,,,,,,0.00,,0,,,,,,,,,,0.7100,2022-04-04T15:04:00+00:00,763,2886
summary,2022-04-07,QQQ,,,,,,,0.00,,0,,,,,,,,,,0.9559,2022-04-04T15:04:00+00:00,736,2997
summary,2022-04-07,AAPL,,,,,,,0.00,,0,,,,,,,,,,1.0000,2022-04-04T13:34:00+00:00,726,2807
summary,2022-04-07,NVDA,,,,,,,0.00,,0,,,,,,,,,,1.0000,2022-04-04T13:40:00+00:00,581,2678
summary,2022-04-07,MSFT,,,,,,,0.00,,0,,,,,,,,,,1.0000,2022-04-04T13:35:00+00:00,515,2276
trade,2022-04-08,SPY,Long,2022-04-08T14:56:00+00:00,2022-04-08T15:56:00+00:00,449.2552,449.1302,0.67,-0.08,-0.000278,3600000,SessionClose,0.4144,0.0490,0.5690,0.4986,0.1944,-0.4020,0.0690,0.1591,,,
summary,2022-04-08,SPY,,,,,,,-0.08,,1,,,,,,,,,,0.4735,2022-04-05T13:41:00+00:00,595,2884
summary,2022-04-08,QQQ,,,,,,,0.00,,0,,,,,,,,,,0.4006,2022-04-07T19:14:00+00:00,244,3031
summary,2022-04-08,AAPL,,,,,,,0.00,,0,,,,,,,,,,0.6769,2022-04-05T13:45:00+00:00,141,2757
summary,2022-04-08,NVDA,,,,,,,0.00,,0,,,,,,,,,,0.5208,2022-04-05T13:32:00+00:00,155,2747
summary,2022-04-08,MSFT,,,,,,,0.00,,0,,,,,,,,,,0.4409,2022-04-05T14:54:00+00:00,97,2254
summary,2022-04-11,SPY,,,,,,,0.00,,0,,,,,,,,,,0.9581,2022-04-08T15:01:00+00:00,225,1152
summary,2022-04-11,QQQ,,,,,,,0.00,,0,,,,,,,,,,0.9594,2022-04-08T15:01:00+00:00,158,1188
summary,2022-04-11,AAPL,,,,,,,0.00,,0,,,,,,,,,,0.9427,2022-04-08T15:02:00+00:00,222,1119
summary,2022-04-11,NVDA,,,,,,,0.00,,0,,,,,,,,,,0.7439,2022-04-08T15:02:00+00:00,257,1161
summary,2022-04-11,MSFT,,,,,,,0.00,,0,,,,,,,,,,0.9597,2022-04-08T15:01:00+00:00,166,1002
summary,2022-04-12,SPY,,,,,,,0.00,,0,,,,,,,,,,0.5390,2022-04-12T12:54:00+00:00,244,1520
summary,2022-04-12,QQQ,,,,,,,0.00,,0,,,,,,,,,,0.6611,2022-04-12T12:54:00+00:00,312,1581
trade,2022-04-12,AAPL,Long,2022-04-12T14:04:00+00:00,2022-04-12T14:46:00+00:00,169.3358,168.7843,1.77,-0.98,-0.003256,2520000,ScoreExit,0.3794,-0.0674,-0.0567,0.3625,0.5586,-0.2682,-0.3469,0.5586,,,
summary,2022-04-12,AAPL,,,,,,,-0.98,,1,,,,,,,,,,0.6040,2022-04-12T12:34:00+00:00,442,1460
summary,2022-04-12,NVDA,,,,,,,0.00,,0,,,,,,,,,,0.8244,2022-04-12T12:43:00+00:00,529,1480
summary,2022-04-12,MSFT,,,,,,,0.00,,0,,,,,,,,,,0.5956,2022-04-11T10:15:00+00:00,204,1258
summary,2022-04-13,SPY,,,,,,,0.00,,0,,,,,,,,,,0.5390,2022-04-12T12:54:00+00:00,533,2349
summary,2022-04-13,QQQ,,,,,,,0.00,,0,,,,,,,,,,0.6611,2022-04-12T12:54:00+00:00,662,2451
trade,2022-04-13,AAPL,Long,2022-04-13T14:16:00+00:00,2022-04-13T15:56:00+00:00,168.7256,169.8587,1.78,2.02,0.006716,6000000,SessionClose,0.4004,0.2117,0.5567,0.4202,0.3088,0.2828,0.0869,0.4378,,,
summary,2022-04-13,AAPL,,,,,,,2.02,,1,,,,,,,,,,0.6040,2022-04-12T12:34:00+00:00,1023,2232
trade,2022-04-13,NVDA,Long,2022-04-13T13:38:00+00:00,2022-04-13T15:39:00+00:00,218.6606,221.0986,1.29,3.15,0.011150,7260000,MaxHoldTimeout,0.4226,0.0517,0.6584,0.5757,0.0377,-0.5366,-0.1280,0.6071,,,
summary,2022-04-13,NVDA,,,,,,,3.15,,1,,,,,,,,,,0.8244,2022-04-12T12:43:00+00:00,866,2297
summary,2022-04-13,MSFT,,,,,,,0.00,,0,,,,,,,,,,0.5956,2022-04-11T10:15:00+00:00,455,1875
summary,2022-04-14,SPY,,,,,,,0.00,,0,,,,,,,,,,0.5576,2022-04-12T12:54:00+00:00,794,2856
summary,2022-04-14,QQQ,,,,,,,0.00,,0,,,,,,,,,,0.6723,2022-04-12T12:54:00+00:00,918,2982
trade,2022-04-14,AAPL,Long,2022-04-14T13:34:00+00:00,2022-04-14T13:37:00+00:00,171.0363,170.3939,1.76,-1.13,-0.003756,180000,ScoreExit,0.3561,-0.0637,0.4528,0.3870,0.2621,-0.4954,-0.1546,0.2621,,,
summary,2022-04-14,AAPL,,,,,,,-1.13,,1,,,,,,,,,,0.6220,2022-04-12T12:34:00+00:00,1238,2729
summary,2022-04-14,NVDA,,,,,,,0.00,,0,,,,,,,,,,0.9090,2022-04-11T13:47:00+00:00,1059,2799
summary,2022-04-14,MSFT,,,,,,,0.00,,0,,,,,,,,,,0.6225,2022-04-12T12:33:00+00:00,545,2254
summary,2022-04-15,SPY,,,,,,,0.00,,0,,,,,,,,,,0.8706,2022-04-12T13:53:00+00:00,787,2189
summary,2022-04-15,QQQ,,,,,,,0.00,,0,,,,,,,,,,0.9010,2022-04-12T13:53:00+00:00,815,2276
summary,2022-04-15,AAPL,,,,,,,0.00,,0,,,,,,,,,,0.9383,2022-04-12T13:45:00+00:00,850,2084
summary,2022-04-15,NVDA,,,,,,,0.00,,0,,,,,,,,,,0.9354,2022-04-12T13:52:00+00:00,829,2162
summary,2022-04-15,MSFT,,,,,,,0.00,,0,,,,,,,,,,0.9416,2022-04-12T13:45:00+00:00,506,1658
trade,2022-04-18,SPY,Long,2022-04-18T13:32:00+00:00,2022-04-18T14:52:00+00:00,438.5415,438.5634,0.68,0.01,0.000050,4800000,ScoreExit,0.4408,-0.0594,0.5835,0.3913,0.4922,-0.4988,-0.0908,0.1497,,,
summary,2022-04-18,SPY,,,,,,,0.01,,1,,,,,,,,,,0.5325,2022-04-18T17:49:00+00:00,257,632
trade,2022-04-18,QQQ,Long,2022-04-18T13:31:00+00:00,2022-04-18T15:10:00+00:00,338.5265,339.2682,0.89,0.66,0.002191,5940000,ScoreExit,0.4736,-0.0694,0.5624,0.4078,0.5755,-0.4040,-0.1915,0.2865,,,
summary,2022-04-18,QQQ,,,,,,,0.66,,1,,,,,,,,,,0.6618,2022-04-18T17:53:00+00:00,342,672
trade,2022-04-18,AAPL,Long,2022-04-18T14:13:00+00:00,2022-04-18T15:08:00+00:00,165.3796,165.3404,1.81,-0.07,-0.000237,3300000,ScoreExit,0.4455,-0.0835,0.5612,0.3244,0.6491,-0.4449,-0.2060,0.2818,,,
summary,2022-04-18,AAPL,,,,,,,-0.07,,1,,,,,,,,,,0.6316,2022-04-18T14:44:00+00:00,289,584
trade,2022-04-18,NVDA,Long,2022-04-18T13:31:00+00:00,2022-04-18T15:16:00+00:00,213.9115,215.6853,1.40,2.49,0.008292,6300000,ScoreExit,0.6502,-0.1349,0.5246,0.5493,0.8940,-0.5684,-0.3739,0.4874,,,
summary,2022-04-18,NVDA,,,,,,,2.49,,1,,,,,,,,,,0.7957,2022-04-18T17:44:00+00:00,291,578
trade,2022-04-18,MSFT,Long,2022-04-18T13:32:00+00:00,2022-04-18T14:57:00+00:00,280.5491,280.5408,1.07,-0.01,-0.000030,5100000,ScoreExit,0.4701,-0.0573,0.5623,0.4279,0.5238,-0.5751,-0.0651,0.1308,,,
summary,2022-04-18,MSFT,,,,,,,-0.01,,1,,,,,,,,,,0.8715,2022-04-18T11:14:00+00:00,237,500
trade,2022-04-19,SPY,Long,2022-04-19T13:43:00+00:00,2022-04-19T15:44:00+00:00,439.0967,443.6918,0.68,3.14,0.010465,7260000,MaxHoldTimeout,0.4145,0.2514,0.5362,0.3878,0.4272,0.4261,0.0622,0.5717,,,
summary,2022-04-19,SPY,,,,,,,3.14,,1,,,,,,,,,,0.5683,2022-04-19T14:09:00+00:00,909,1503
trade,2022-04-19,QQQ,Long,2022-04-19T13:51:00+00:00,2022-04-19T15:52:00+00:00,339.1667,345.6013,0.88,5.69,0.018972,7260000,MaxHoldTimeout,0.4135,0.3932,0.2209,0.4425,0.4197,0.5302,0.2125,0.7091,,,
summary,2022-04-19,QQQ,,,,,,,5.69,,1,,,,,,,,,,0.6618,2022-04-18T17:53:00+00:00,1018,1569
trade,2022-04-19,AAPL,Long,2022-04-19T14:01:00+00:00,2022-04-19T15:56:00+00:00,165.1645,167.0949,1.82,3.51,0.011687,6900000,SessionClose,0.3957,0.0511,0.5231,0.3414,0.4619,-0.5147,-0.1378,0.6175,,,
summary,2022-04-19,AAPL,,,,,,,3.51,,1,,,,,,,,,,0.6316,2022-04-18T14:44:00+00:00,892,1356
trade,2022-04-19,NVDA,Long,2022-04-19T14:01:00+00:00,2022-04-19T15:56:00+00:00,217.9804,222.9481,1.38,6.84,0.022790,6900000,SessionClose,0.5430,0.1308,0.6199,0.3684,0.8666,-0.5182,-0.1303,0.8693,,,
summary,2022-04-19,NVDA,,,,,,,6.84,,1,,,,,,,,,,0.7957,2022-04-18T17:44:00+00:00,923,1346
trade,2022-04-19,MSFT,Long,2022-04-19T13:48:00+00:00,2022-04-19T15:49:00+00:00,281.1193,284.5096,1.07,3.62,0.012060,7260000,MaxHoldTimeout,0.4061,0.2909,0.6149,0.3455,0.4579,0.4769,0.0859,0.6388,,,
summary,2022-04-19,MSFT,,,,,,,3.62,,1,,,,,,,,,,0.8715,2022-04-18T11:14:00+00:00,723,1113
summary,2022-04-20,SPY,,,,,,,0.00,,0,,,,,,,,,,0.5683,2022-04-19T14:09:00+00:00,1490,2364
summary,2022-04-20,QQQ,,,,,,,0.00,,0,,,,,,,,,,0.6618,2022-04-18T17:53:00+00:00,1517,2500
summary,2022-04-20,AAPL,,,,,,,0.00,,0,,,,,,,,,,0.6316,2022-04-18T14:44:00+00:00,1385,2165
summary,2022-04-20,NVDA,,,,,,,0.00,,0,,,,,,,,,,0.7957,2022-04-18T17:44:00+00:00,1176,2137
summary,2022-04-20,MSFT,,,,,,,0.00,,0,,,,,,,,,,0.8715,2022-04-18T11:14:00+00:00,1147,1761
summary,2022-04-21,SPY,,,,,,,0.00,,0,,,,,,,,,,0.5629,2022-04-19T14:09:00+00:00,1841,2965
trade,2022-04-21,QQQ,Long,2022-04-21T13:43:00+00:00,2022-04-21T13:56:00+00:00,347.6581,346.5310,0.86,-0.97,-0.003242,780000,ScoreExit,0.4047,-0.0502,0.5075,0.4575,0.2650,-0.5122,-0.1309,0.2650,,,
summary,2022-04-21,QQQ,,,,,,,-0.97,,1,,,,,,,,,,0.8942,2022-04-18T14:25:00+00:00,1769,3079
trade,2022-04-21,AAPL,Long,2022-04-21T13:31:00+00:00,2022-04-21T15:32:00+00:00,168.8256,171.0337,1.78,3.93,0.013079,7260000,MaxHoldTimeout,0.3689,0.1476,-0.1303,0.4156,0.4419,-0.1269,0.0617,0.4109,,,
summary,2022-04-21,AAPL,,,,,,,3.93,,1,,,,,,,,,,1.0000,2022-04-18T13:33:00+00:00,1754,2733
trade,2022-04-21,NVDA,Long,2022-04-21T13:31:00+00:00,2022-04-21T13:56:00+00:00,218.6156,219.0992,1.38,0.67,0.002212,1500000,ScoreExit,0.4888,-0.1258,0.5009,0.6420,0.1783,-0.6007,-0.2239,0.2289,,,
summary,2022-04-21,NVDA,,,,,,,0.67,,1,,,,,,,,,,1.0000,2022-04-18T13:33:00+00:00,1282,2742
trade,2022-04-21,MSFT,Long,2022-04-21T13:31:00+00:00,2022-04-21T14:41:00+00:00,289.0967,290.7977,1.04,1.77,0.005884,4200000,ScoreExit,0.4577,-0.0613,0.4534,0.4343,0.5059,-0.3712,-0.2091,0.3377,,,
summary,2022-04-21,MSFT,,,,,,,1.77,,1,,,,,,,,,,1.0000,2022-04-18T13:33:00+00:00,1337,2223
summary,2022-04-22,SPY,,,,,,,0.00,,0,,,,,,,,,,0.9566,2022-04-19T14:41:00+00:00,1341,2919
summary,2022-04-22,QQQ,,,,,,,0.00,,0,,,,,,,,,,0.9585,2022-04-19T14:41:00+00:00,1126,3061
summary,2022-04-22,AAPL,,,,,,,0.00,,0,,,,,,,,,,0.9575,2022-04-19T14:41:00+00:00,1317,2759
summary,2022-04-22,NVDA,,,,,,,0.00,,0,,,,,,,,,,0.9614,2022-04-19T14:41:00+00:00,710,2792
summary,2022-04-22,MSFT,,,,,,,0.00,,0,,,,,,,,,,0.9584,2022-04-19T14:40:00+00:00,1083,2219
summary,2022-04-25,SPY,,,,,,,0.00,,0,,,,,,,,,,0.4812,2022-04-25T19:40:00+00:00,114,1202
summary,2022-04-25,QQQ,,,,,,,0.00,,0,,,,,,,,,,0.6606,2022-04-22T14:06:00+00:00,127,1213
summary,2022-04-25,AAPL,,,,,,,0.00,,0,,,,,,,,,,1.0000,2022-04-22T13:33:00+00:00,213,1173
trade,2022-04-25,NVDA,Long,2022-04-25T13:32:00+00:00,2022-04-25T13:41:00+00:00,192.9229,193.5769,1.55,1.02,0.003390,540000,ScoreExit,0.4290,-0.1155,0.5039,0.5605,0.1409,-0.3021,-0.2126,0.1409,,,
trade,2022-04-25,NVDA,Long,2022-04-25T14:21:00+00:00,2022-04-25T15:02:00+00:00,193.2630,194.5466,1.22,1.57,0.006642,2460000,ScoreExit,0.4154,-0.0738,0.2020,0.5129,0.2915,-0.4448,-0.1316,0.1655,,,
summary,2022-04-25,NVDA,,,,,,,2.59,,2,,,,,,,,,,0.9364,2022-04-22T13:33:00+00:00,440,1159
trade,2022-04-25,MSFT,Long,2022-04-25T14:17:00+00:00,2022-04-25T14:56:00+00:00,275.7309,275.6723,1.09,-0.06,-0.000213,2340000,ScoreExit,0.4126,-0.0771,0.4582,0.5433,0.1360,-0.5410,-0.1159,0.1549,,,
summary,2022-04-25,MSFT,,,,,,,-0.06,,1,,,,,,,,,,0.7835,2022-04-22T13:33:00+00:00,279,1032
summary,2022-04-26,SPY,,,,,,,0.00,,0,,,,,,,,,,0.6589,2022-04-25T18:51:00+00:00,726,1544
summary,2022-04-26,QQQ,,,,,,,0.00,,0,,,,,,,,,,0.7039,2022-04-25T14:31:00+00:00,801,1584
summary,2022-04-26,AAPL,,,,,,,0.00,,0,,,,,,,,,,0.6606,2022-04-25T18:53:00+00:00,597,1434
summary,2022-04-26,NVDA,,,,,,,0.00,,0,,,,,,,,,,0.8257,2022-04-25T14:31:00+00:00,635,1377
summary,2022-04-26,MSFT,,,,,,,0.00,,0,,,,,,,,,,0.7209,2022-04-25T14:31:00+00:00,609,1225
trade,2022-04-27,SPY,Long,2022-04-27T13:46:00+00:00,2022-04-27T15:02:00+00:00,420.7612,419.5391,0.71,-0.87,-0.002904,4560000,MaxHoldTimeout,0.4005,0.0000,0.5636,0.5724,0.0022,0.5488,0.1131,-0.0820,,,
summary,2022-04-27,SPY,,,,,,,-0.87,,1,,,,,,,,,,0.6589,2022-04-25T18:51:00+00:00,835,2487
trade,2022-04-27,QQQ,Long,2022-04-27T13:44:00+00:00,2022-04-27T15:00:00+00:00,321.5714,317.7396,0.93,-3.58,-0.011916,4560000,MaxHoldTimeout,0.4523,0.0000,0.6137,0.6345,0.0341,-0.5252,-0.0610,-0.1832,,,
summary,2022-04-27,QQQ,,,,,,,-3.58,,1,,,,,,,,,,0.7039,2022-04-25T14:31:00+00:00,887,2533
summary,2022-04-27,AAPL,,,,,,,0.00,,0,,,,,,,,,,0.6606,2022-04-25T18:53:00+00:00,678,2323
trade,2022-04-27,NVDA,Long,2022-04-27T13:31:00+00:00,2022-04-27T14:15:00+00:00,189.2418,184.4397,1.59,-7.61,-0.025375,2640000,HardStop,0.4862,0.0000,0.6857,0.6609,0.0705,-0.6293,-0.5811,-0.3249,,,
summary,2022-04-27,NVDA,,,,,,,-7.61,,1,,,,,,,,,,0.8257,2022-04-25T14:31:00+00:00,764,2210
trade,2022-04-27,MSFT,Long,2022-04-27T14:41:00+00:00,2022-04-27T15:56:00+00:00,284.3603,286.1491,0.99,1.77,0.006291,4500000,SessionClose,0.4123,-0.0368,0.5326,0.2979,0.6012,-0.5371,-0.2658,0.5879,,,
summary,2022-04-27,MSFT,,,,,,,1.77,,1,,,,,,,,,,0.8655,2022-04-26T22:06:00+00:00,1236,2113
summary,2022-04-28,SPY,,,,,,,0.00,,0,,,,,,,,,,0.8612,2022-04-25T14:37:00+00:00,1204,3086
summary,2022-04-28,QQQ,,,,,,,0.00,,0,,,,,,,,,,0.9067,2022-04-25T14:25:00+00:00,1326,3148
trade,2022-04-28,AAPL,Long,2022-04-28T13:31:00+00:00,2022-04-28T14:01:00+00:00,160.3631,159.1254,1.87,-2.32,-0.007718,1800000,ScoreExit,0.3731,-0.0552,0.5893,0.3748,0.2977,-0.5355,-0.1386,0.2718,,,
trade,2022-04-28,AAPL,Long,2022-04-28T14:16:00+00:00,2022-04-28T14:31:00+00:00,159.5655,159.4571,1.88,-0.20,-0.000679,900000,ScoreExit,0.3547,-0.0773,-0.1482,0.4489,0.3340,-0.5914,-0.1967,0.3327,,,
trade,2022-04-28,AAPL,Long,2022-04-28T14:56:00+00:00,2022-04-28T15:36:00+00:00,160.5031,160.9467,1.87,0.83,0.002764,2400000,ScoreExit,0.3778,-0.0667,0.5747,0.3365,0.3949,-0.5712,-0.2001,0.3684,,,
summary,2022-04-28,AAPL,,,,,,,-1.69,,3,,,,,,,,,,0.9055,2022-04-25T14:26:00+00:00,1312,2924
trade,2022-04-28,NVDA,Long,2022-04-28T13:31:00+00:00,2022-04-28T13:41:00+00:00,192.4027,190.8978,1.56,-2.34,-0.007822,600000,ScoreExit,0.5014,-0.0732,0.6536,0.5971,0.2593,0.0217,-0.2080,0.1647,,,
summary,2022-04-28,NVDA,,,,,,,-2.34,,1,,,,,,,,,,1.0000,2022-04-25T13:31:00+00:00,1117,2778
summary,2022-04-28,MSFT,,,,,,,0.00,,0,,,,,,,,,,0.9456,2022-04-25T14:49:00+00:00,1679,2661
summary,2022-04-29,SPY,,,,,,,0.00,,0,,,,,,,,,,0.5562,2022-04-27T13:48:00+00:00,1247,3122
trade,2022-04-29,QQQ,Long,2022-04-29T13:56:00+00:00,2022-04-29T14:16:00+00:00,325.9427,324.7176,0.92,-1.13,-0.003759,1200000,ScoreExit,0.5001,-0.1685,0.5919,0.5472,0.3753,-0.5256,-0.2323,0.0781,,,
summary,2022-04-29,QQQ,,,,,,,-1.13,,1,,,,,,,,,,0.6840,2022-04-27T13:48:00+00:00,1326,3200
trade,2022-04-29,AAPL,Long,2022-04-29T13:31:00+00:00,2022-04-29T14:31:00+00:00,161.6235,163.0361,1.86,2.62,0.008740,3600000,ScoreExit,0.4777,-0.0615,-0.2326,0.5071,0.6556,-0.4212,-0.2916,0.5187,,,
summary,2022-04-29,AAPL,,,,,,,2.62,,1,,,,,,,,,,0.6965,2022-04-29T13:59:00+00:00,1519,3091
trade,2022-04-29,NVDA,Long,2022-04-29T13:31:00+00:00,2022-04-29T14:26:00+00:00,195.5036,195.3818,1.53,-0.19,-0.000623,3300000,ScoreExit,0.5854,-0.1103,0.5383,0.5828,0.6062,-0.3357,-0.3023,0.3489,,,
summary,2022-04-29,NVDA,,,,,,,-0.19,,1,,,,,,,,,,0.8257,2022-04-27T13:44:00+00:00,1302,2872
summary,2022-04-29,MSFT,,,,,,,0.00,,0,,,,,,,,,,0.9550,2022-04-26T22:06:00+00:00,1420,2713
summary,2022-05-02,SPY,,,,,,,0.00,,0,,,,,,,,,,0.7756,2022-04-29T13:59:00+00:00,92,1162
trade,2022-05-02,QQQ,Long,2022-05-02T14:34:00+00:00,2022-05-02T15:50:00+00:00,317.5002,312.7811,0.90,-4.22,-0.014863,4560000,MaxHoldTimeout,0.4052,0.0000,0.5730,0.5144,0.1309,-0.2321,-0.3152,-0.1320,,,
summary,2022-05-02,QQQ,,,,,,,-4.22,,1,,,,,,,,,,0.9079,2022-04-29T13:56:00+00:00,102,1181
summary,2022-05-02,AAPL,,,,,,,0.00,,0,,,,,,,,,,1.0000,2022-04-29T13:32:00+00:00,114,1141
trade,2022-05-02,NVDA,Long,2022-05-02T14:26:00+00:00,2022-05-02T14:57:00+00:00,189.3418,188.5141,1.30,-1.08,-0.004371,1860000,ScoreExit,0.4574,-0.0529,0.6595,0.4858,0.3333,-0.4442,-0.1808,0.3333,,,
summary,2022-05-02,NVDA,,,,,,,-1.08,,1,,,,,,,,,,1.0000,2022-04-29T13:33:00+00:00,388,1095
trade,2022-05-02,MSFT,Long,2022-05-02T13:57:00+00:00,2022-05-02T15:01:00+00:00,280.0190,279.7311,1.07,-0.31,-0.001028,3840000,ScoreExit,0.4066,-0.0836,0.5952,0.4999,0.1570,-0.5219,-0.1428,0.1807,,,
summary,2022-05-02,MSFT,,,,,,,-0.31,,1,,,,,,,,,,0.7351,2022-05-02T19:32:00+00:00,204,1010
trade,2022-05-03,SPY,Long,2022-05-03T14:31:00+00:00,2022-05-03T15:56:00+00:00,415.9097,417.6396,0.72,1.25,0.004159,5100000,SessionClose,0.4001,0.2657,0.4605,0.3583,0.4635,0.2133,0.1112,0.5923,,,
summary,2022-05-03,SPY,,,,,,,1.25,,1,,,,,,,,,,0.7830,2022-05-02T19:32:00+00:00,891,1509
trade,2022-05-03,QQQ,Long,2022-05-03T14:01:00+00:00,2022-05-03T14:41:00+00:00,319.9410,317.3948,0.94,-2.39,-0.007958,2400000,ScoreExit,0.4064,-0.0886,0.6293,0.3677,0.4096,-0.5780,-0.2562,0.4096,,,
summary,2022-05-03,QQQ,,,,,,,-2.39,,1,,,,,,,,,,0.7412,2022-05-02T19:34:00+00:00,933,1565
trade,2022-05-03,AAPL,Long,2022-05-03T14:31:00+00:00,2022-05-03T15:56:00+00:00,157.8519,159.5471,1.90,3.22,0.010739,5100000,SessionClose,0.3548,0.3335,0.3689,0.3248,0.4101,0.4835,0.1522,0.6460,,,
summary,2022-05-03,AAPL,,,,,,,3.22,,1,,,,,,,,,,0.7630,2022-05-02T19:32:00+00:00,884,1447
trade,2022-05-03,NVDA,Long,2022-05-03T13:57:00+00:00,2022-05-03T14:41:00+00:00,194.9935,194.1867,1.54,-1.24,-0.004137,2640000,ScoreExit,0.4161,-0.0960,0.6095,0.2486,0.6865,-0.5885,-0.2861,0.4483,,,
summary,2022-05-03,NVDA,,,,,,,-1.24,,1,,,,,,,,,,0.8579,2022-05-02T13:43:00+00:00,929,1360
summary,2022-05-03,MSFT,,,,,,,0.00,,0,,,,,,,,,,0.7383,2022-05-02T19:32:00+00:00,683,1134
summary,2022-05-04,SPY,,,,,,,0.00,,0,,,,,,,,,,0.7830,2022-05-02T19:32:00+00:00,1465,2308
summary,2022-05-04,QQQ,,,,,,,0.00,,0,,,,,,,,,,0.7418,2022-05-04T19:12:00+00:00,1453,2390
trade,2022-05-04,AAPL,Long,2022-05-04T13:31:00+00:00,2022-05-04T14:21:00+00:00,159.9530,159.9570,1.87,0.01,0.000025,3000000,ScoreExit,0.3521,-0.0579,0.4910,0.3568,0.2964,-0.4190,-0.1645,0.2757,,,
summary,2022-05-04,AAPL,,,,,,,0.01,,1,,,,,,,,,,0.7630,2022-05-02T19:32:00+00:00,1473,2197
summary,2022-05-04,NVDA,,,,,,,0.00,,0,,,,,,,,,,0.8579,2022-05-02T13:43:00+00:00,1403,2167
summary,2022-05-04,MSFT,,,,,,,0.00,,0,,,,,,,,,,0.7383,2022-05-02T19:32:00+00:00,983,1677
summary,2022-05-05,SPY,,,,,,,0.00,,0,,,,,,,,,,0.9070,2022-05-02T14:25:00+00:00,1812,2969
summary,2022-05-05,QQQ,,,,,,,0.00,,0,,,,,,,,,,0.9329,2022-05-02T13:43:00+00:00,1782,3020
summary,2022-05-05,AAPL,,,,,,,0.00,,0,,,,,,,,,,0.9150,2022-05-02T14:30:00+00:00,1717,2748
summary,2022-05-05,NVDA,,,,,,,0.00,,0,,,,,,,,,,1.0000,2022-05-02T13:39:00+00:00,1648,2737
summary,2022-05-05,MSFT,,,,,,,0.00,,0,,,,,,,,,,0.9281,2022-05-02T13:43:00+00:00,1098,2148
trade,2022-05-06,SPY,Long,2022-05-06T14:51:00+00:00,2022-05-06T15:56:00+00:00,411.6284,410.2519,0.63,-0.87,-0.003344,3900000,SessionClose,0.4063,0.0000,0.3746,0.5995,0.0304,-0.3170,-0.3548,-0.0937,,,
summary,2022-05-06,SPY,,,,,,,-0.87,,1,,,,,,,,,,0.7776,2022-05-04T19:12:00+00:00,1298,3000
trade,2022-05-06,QQQ,Long,2022-05-06T14:46:00+00:00,2022-05-06T15:56:00+00:00,311.3484,310.2846,0.75,-0.80,-0.003417,4200000,SessionClose,0.4296,0.0000,0.6077,0.5682,0.0931,-0.3541,-0.3905,-0.0855,,,
summary,2022-05-06,QQQ,,,,,,,-0.80,,1,,,,,,,,,,0.9070,2022-05-03T14:00:00+00:00,1283,3045
trade,2022-05-06,AAPL,Long,2022-05-06T14:12:00+00:00,2022-05-06T15:32:00+00:00,156.3219,158.8073,1.92,4.77,0.015900,4800000,ScoreExit,0.3880,-0.0774,0.4433,0.4734,0.1989,-0.2893,-0.1190,0.0765,,,
summary,2022-05-06,AAPL,,,,,,,4.77,,1,,,,,,,,,,0.8963,2022-05-03T14:01:00+00:00,1450,2795
trade,2022-05-06,NVDA,Long,2022-05-06T14:16:00+00:00,2022-05-06T15:56:00+00:00,186.3909,188.3135,1.08,2.07,0.010315,6000000,SessionClose,0.5344,0.0000,0.4317,0.7149,0.2079,-0.1282,-0.5026,-0.1438,,,
summary,2022-05-06,NVDA,,,,,,,2.07,,1,,,,,,,,,,0.9289,2022-05-03T14:00:00+00:00,1123,2753
summary,2022-05-06,MSFT,,,,,,,0.00,,0,,,,,,,,,,0.7644,2022-05-04T19:31:00+00:00,632,2199
summary,2022-05-09,SPY,,,,,,,0.00,,0,,,,,,,,,,0.9629,2022-05-06T14:47:00+00:00,273,1201
summary,2022-05-09,QQQ,,,,,,,0.00,,0,,,,,,,,,,0.9632,2022-05-06T14:46:00+00:00,181,1199
summary,2022-05-09,AAPL,,,,,,,0.00,,0,,,,,,,,,,0.9553,2022-05-06T14:58:00+00:00,233,1183
summary,2022-05-09,NVDA,,,,,,,0.00,,0,,,,,,,,,,0.9733,2022-05-06T14:49:00+00:00,375,1125
summary,2022-05-09,MSFT,,,,,,,0.00,,0,,,,,,,,,,0.9608,2022-05-06T14:58:00+00:00,192,1036
summary,2022-05-10,SPY,,,,,,,0.00,,0,,,,,,,,,,0.7023,2022-05-10T17:49:00+00:00,528,1613
summary,2022-05-10,QQQ,,,,,,,0.00,,0,,,,,,,,,,0.7244,2022-05-10T17:49:00+00:00,531,1656
trade,2022-05-10,AAPL,Long,2022-05-10T14:04:00+00:00,2022-05-10T14:46:00+00:00,156.1918,155.0585,1.92,-2.18,-0.007256,2520000,ScoreExit,0.3551,-0.0792,0.5833,0.2421,0.5051,0.0404,-0.3914,0.5051,,,
summary,2022-05-10,AAPL,,,,,,,-2.18,,1,,,,,,,,,,0.6770,2022-05-10T17:49:00+00:00,605,1559
trade,2022-05-10,NVDA,Long,2022-05-10T13:56:00+00:00,2022-05-10T14:46:00+00:00,175.0575,176.0822,1.57,1.61,0.005853,3000000,ScoreExit,0.4631,-0.2249,0.6257,0.2783,0.7786,-0.5176,-0.4844,0.3917,,,
summary,2022-05-10,NVDA,,,,,,,1.61,,1,,,,,,,,,,0.8267,2022-05-10T18:03:00+00:00,656,1511
summary,2022-05-10,MSFT,,,,,,,0.00,,0,,,,,,,,,,0.7524,2022-05-10T17:47:00+00:00,532,1314
trade,2022-05-11,SPY,Long,2022-05-11T13:45:00+00:00,2022-05-11T15:02:00+00:00,400.5651,400.6248,0.64,0.04,0.000149,4620000,ScoreExit,0.4257,-0.0976,0.6315,0.4880,0.2325,-0.5604,-0.1730,0.2073,,,
summary,2022-05-11,SPY,,,,,,,0.04,,1,,,,,,,,,,0.7023,2022-05-10T17:49:00+00:00,836,2496
trade,2022-05-11,QQQ,Long,2022-05-11T13:45:00+00:00,2022-05-11T14:51:00+00:00,300.7352,300.3349,0.83,-0.33,-0.001331,3960000,ScoreExit,0.4056,-0.1515,0.6417,0.4361,0.2657,-0.5450,-0.2270,0.1306,,,
summary,2022-05-11,QQQ,,,,,,,-0.33,,1,,,,,,,,,,0.7244,2022-05-10T17:49:00+00:00,899,2562
trade,2022-05-11,AAPL,Long,2022-05-11T13:49:00+00:00,2022-05-11T15:05:00+00:00,154.9197,152.4193,1.94,-4.84,-0.016140,4560000,MaxHoldTimeout,0.3932,0.0000,0.6829,0.3943,0.2945,-0.2814,-0.3152,-0.1384,,,
summary,2022-05-11,AAPL,,,,,,,-4.84,,1,,,,,,,,,,0.6770,2022-05-10T17:49:00+00:00,900,2368
trade,2022-05-11,NVDA,Long,2022-05-11T13:46:00+00:00,2022-05-11T14:07:00+00:00,174.0322,173.0531,1.20,-1.17,-0.005626,1260000,ScoreExit,0.4524,-0.0523,0.6110,0.6440,0.0163,-0.3961,-0.0588,0.0752,,,
trade,2022-05-11,NVDA,Long,2022-05-11T14:22:00+00:00,2022-05-11T14:52:00+00:00,176.1040,174.4526,1.06,-1.75,-0.009377,1800000,ScoreExit,0.5099,-0.0779,0.7034,0.5450,0.3752,-0.6232,-0.1119,0.1717,,,
summary,2022-05-11,NVDA,,,,,,,-2.92,,2,,,,,,,,,,0.8267,2022-05-10T18:03:00+00:00,961,2290
trade,2022-05-11,MSFT,Long,2022-05-11T13:47:00+00:00,2022-05-11T15:03:00+00:00,268.0154,264.4256,0.83,-2.99,-0.013394,4560000,MaxHoldTimeout,0.4345,0.0000,0.6606,0.4998,0.2286,-0.5832,-0.3664,-0.1601,,,
summary,2022-05-11,MSFT,,,,,,,-2.99,,1,,,,,,,,,,0.7524,2022-05-10T17:47:00+00:00,698,1971
trade,2022-05-12,SPY,Long,2022-05-12T14:22:00+00:00,2022-05-12T15:38:00+00:00,392.3227,391.7674,0.67,-0.37,-0.001415,4560000,MaxHoldTimeout,0.4299,0.0000,0.4691,0.5953,0.0859,-0.2818,-0.0944,-0.1664,,,
summary,2022-05-12,SPY,,,,,,,-0.37,,1,,,,,,,,,,0.6489,2022-05-10T17:49:00+00:00,863,3105
trade,2022-05-12,QQQ,Long,2022-05-12T14:08:00+00:00,2022-05-12T15:53:00+00:00,289.7762,289.0683,0.89,-0.63,-0.002443,6300000,MaxHoldTimeout,0.4067,0.0000,0.6391,0.5071,0.1285,-0.6380,-0.5783,-0.1984,,,
summary,2022-05-12,QQQ,,,,,,,-0.63,,1,,,,,,,,,,0.8767,2022-05-09T13:38:00+00:00,1021,3179
trade,2022-05-12,AAPL,Long,2022-05-12T14:16:00+00:00,2022-05-12T15:38:00+00:00,143.8231,143.6719,2.08,-0.32,-0.001052,4920000,MaxHoldTimeout,0.3884,0.0000,0.4340,0.5449,0.0604,-0.5958,-0.2656,-0.1561,,,
summary,2022-05-12,AAPL,,,,,,,-0.32,,1,,,,,,,,,,0.6881,2022-05-10T17:49:00+00:00,906,2997
trade,2022-05-12,NVDA,Long,2022-05-12T14:21:00+00:00,2022-05-12T15:46:00+00:00,162.8688,162.7662,1.30,-0.13,-0.000631,5100000,MaxHoldTimeout,0.5276,0.0000,0.5838,0.7179,0.1284,-0.5242,-0.5540,-0.3375,,,
summary,2022-05-12,NVDA,,,,,,,-0.13,,1,,,,,,,,,,1.0000,2022-05-09T13:41:00+00:00,837,2864
summary,2022-05-12,MSFT,,,,,,,0.00,,0,,,,,,,,,,0.7650,2022-05-10T17:47:00+00:00,710,2522
trade,2022-05-13,SPY,Long,2022-05-13T13:51:00+00:00,2022-05-13T15:52:00+00:00,397.9444,401.1446,0.75,2.41,0.008042,7260000,MaxHoldTimeout,0.4120,0.2740,0.5012,0.3856,0.4350,0.2946,0.1606,0.4938,,,
summary,2022-05-13,SPY,,,,,,,2.41,,1,,,,,,,,,,0.8028,2022-05-10T17:49:00+00:00,1176,3089
trade,2022-05-13,QQQ,Long,2022-05-13T13:51:00+00:00,2022-05-13T15:52:00+00:00,297.9944,301.0247,1.01,3.05,0.010169,7260000,MaxHoldTimeout,0.5105,0.3835,0.5769,0.4915,0.5264,0.4537,0.2701,0.5868,,,
summary,2022-05-13,QQQ,,,,,,,3.05,,1,,,,,,,,,,0.9038,2022-05-10T14:04:00+00:00,1271,3179
trade,2022-05-13,AAPL,Long,2022-05-13T14:01:00+00:00,2022-05-13T15:49:00+00:00,145.4106,146.8659,2.06,3.00,0.010008,6480000,ScoreExit,0.3519,-0.0575,0.5485,0.3817,0.2267,-0.5261,-0.1084,0.2005,,,
summary,2022-05-13,AAPL,,,,,,,3.00,,1,,,,,,,,,,0.8422,2022-05-10T14:06:00+00:00,864,3030
trade,2022-05-13,NVDA,Long,2022-05-13T13:42:00+00:00,2022-05-13T15:43:00+00:00,168.0454,175.7942,1.79,13.84,0.046112,7260000,MaxHoldTimeout,0.4049,0.2168,0.1848,0.4883,0.3113,-0.1004,0.0839,0.5883,,,
summary,2022-05-13,NVDA,,,,,,,13.84,,1,,,,,,,,,,0.9448,2022-05-10T13:57:00+00:00,1091,2848
trade,2022-05-13,MSFT,Long,2022-05-13T14:21:00+00:00,2022-05-13T15:01:00+00:00,261.2534,260.4268,1.15,-0.95,-0.003164,2400000,ScoreExit,0.4652,-0.0656,0.5596,0.6084,0.1472,-0.3817,-0.0903,0.0891,,,
summary,2022-05-13,MSFT,,,,,,,-0.95,,1,,,,,,,,,,0.9006,2022-05-10T14:03:00+00:00,715,2492
summary,2022-05-16,SPY,,,,,,,0.00,,0,,,,,,,,,,0.9111,2022-05-13T14:54:00+00:00,744,1146
trade,2022-05-16,QQQ,Long,2022-05-16T14:30:00+00:00,2022-05-16T15:46:00+00:00,301.4954,299.2752,1.00,-2.21,-0.007364,4560000,MaxHoldTimeout,0.4030,0.2970,0.4974,0.3943,0.3889,0.5489,0.3583,0.0905,,,
summary,2022-05-16,QQQ,,,,,,,-2.21,,1,,,,,,,,,,0.9576,2022-05-13T14:54:00+00:00,758,1167
summary,2022-05-16,AAPL,,,,,,,0.00,,0,,,,,,,,,,0.9584,2022-05-13T14:54:00+00:00,728,1115
trade,2022-05-16,NVDA,Long,2022-05-16T13:53:00+00:00,2022-05-16T14:46:00+00:00,176.1078,174.9025,1.62,-1.95,-0.006844,3180000,ScoreExit,0.4555,-0.1019,0.6560,0.2577,0.7841,-0.5147,-0.1801,0.1919,,,
summary,2022-05-16,NVDA,,,,,,,-1.95,,1,,,,,,,,,,0.9669,2022-05-13T13:46:00+00:00,814,1073
summary,2022-05-16,MSFT,,,,,,,0.00,,0,,,,,,,,,,0.9103,2022-05-13T13:53:00+00:00,590,957
summary,2022-05-17,SPY,,,,,,,0.00,,0,,,,,,,,,,0.6199,2022-05-17T08:38:00+00:00,951,1521
trade,2022-05-17,QQQ,Long,2022-05-17T13:34:00+00:00,2022-05-17T13:51:00+00:00,305.1964,303.8138,0.98,-1.36,-0.004530,1020000,ScoreExit,0.4297,-0.0873,0.5773,0.3782,0.4836,-0.3465,-0.3296,0.4836,,,
summary,2022-05-17,QQQ,,,,,,,-1.36,,1,,,,,,,,,,0.6582,2022-05-17T08:16:00+00:00,885,1582
summary,2022-05-17,AAPL,,,,,,,0.00,,0,,,,,,,,,,0.8292,2022-05-16T09:15:00+00:00,969,1469
trade,2022-05-17,NVDA,Long,2022-05-17T13:37:00+00:00,2022-05-17T14:06:00+00:00,181.8845,180.0810,1.65,-2.98,-0.009916,1740000,ScoreExit,0.6340,-0.0697,0.2191,0.6170,0.8062,0.0767,-0.4249,0.5919,,,
summary,2022-05-17,NVDA,,,,,,,-2.98,,1,,,,,,,,,,0.8462,2022-05-17T08:16:00+00:00,810,1343
summary,2022-05-17,MSFT,,,,,,,0.00,,0,,,,,,,,,,0.8647,2022-05-16T09:04:00+00:00,813,1156
summary,2022-05-18,SPY,,,,,,,0.00,,0,,,,,,,,,,0.6199,2022-05-17T08:38:00+00:00,1180,2371
summary,2022-05-18,QQQ,,,,,,,0.00,,0,,,,,,,,,,0.6582,2022-05-17T08:16:00+00:00,1114,2438
summary,2022-05-18,AAPL,,,,,,,0.00,,0,,,,,,,,,,0.8292,2022-05-16T09:15:00+00:00,1185,2259
trade,2022-05-18,NVDA,Long,2022-05-18T14:01:00+00:00,2022-05-18T15:01:00+00:00,179.1087,179.6996,1.68,0.99,0.003299,3600000,ScoreExit,0.4359,-0.0862,0.4409,0.5316,0.2428,0.1515,-0.2156,0.0935,,,
summary,2022-05-18,NVDA,,,,,,,0.99,,1,,,,,,,,,,0.8462,2022-05-17T08:16:00+00:00,1074,2117
summary,2022-05-18,MSFT,,,,,,,0.00,,0,,,,,,,,,,0.8647,2022-05-16T09:04:00+00:00,933,1777
summary,2022-05-19,SPY,,,,,,,0.00,,0,,,,,,,,,,0.8060,2022-05-16T14:29:00+00:00,1023,3038
summary,2022-05-19,QQQ,,,,,,,0.00,,0,,,,,,,,,,0.8875,2022-05-16T14:17:00+00:00,1135,3092
summary,2022-05-19,AAPL,,,,,,,0.00,,0,,,,,,,,,,0.8902,2022-05-16T13:43:00+00:00,1047,2949
summary,2022-05-19,NVDA,,,,,,,0.00,,0,,,,,,,,,,1.0000,2022-05-16T13:39:00+00:00,1325,2774
summary,2022-05-19,MSFT,,,,,,,0.00,,0,,,,,,,,,,0.7618,2022-05-16T14:29:00+00:00,1072,2393
summary,2022-05-20,SPY,,,,,,,0.00,,0,,,,,,,,,,0.5956,2022-05-17T19:04:00+00:00,728,3024
summary,2022-05-20,QQQ,,,,,,,0.00,,0,,,,,,,,,,0.6392,2022-05-17T19:04:00+00:00,777,3062
summary,2022-05-20,AAPL,,,,,,,0.00,,0,,,,,,,,,,0.6778,2022-05-17T13:33:00+00:00,529,2973
summary,2022-05-20,NVDA,,,,,,,0.00,,0,,,,,,,,,,1.0000,2022-05-17T13:33:00+00:00,1037,2792
summary,2022-05-20,MSFT,,,,,,,0.00,,0,,,,,,,,,,0.9309,2022-05-17T13:45:00+00:00,538,2346
trade,2022-05-23,SPY,Long,2022-05-23T14:27:00+00:00,2022-05-23T15:56:00+00:00,393.2729,396.3761,0.76,2.37,0.007890,5340000,SessionClose,0.4367,0.3121,0.3267,0.3523,0.6423,0.3324,0.1043,0.7207,,,
summary,2022-05-23,SPY,,,,,,,2.37,,1,,,,,,,,,,0.7942,2022-05-20T19:58:00+00:00,726,1174
trade,2022-05-23,QQQ,Long,2022-05-23T13:46:00+00:00,2022-05-23T14:01:00+00:00,291.1223,288.1085,1.03,-3.11,-0.010352,900000,ScoreExit,0.4453,-0.1129,0.6061,0.3476,0.5872,-0.6483,-0.3868,0.6134,,,
summary,2022-05-23,QQQ,,,,,,,-3.11,,1,,,,,,,,,,0.8179,2022-05-20T19:58:00+00:00,759,1200
trade,2022-05-23,AAPL,Long,2022-05-23T13:31:00+00:00,2022-05-23T15:32:00+00:00,138.6666,141.1376,2.16,5.33,0.017820,7260000,MaxHoldTimeout,0.5466,0.5263,0.5719,0.3844,0.8626,0.0069,0.3885,0.9752,,,
summary,2022-05-23,AAPL,,,,,,,5.33,,1,,,,,,,,,,0.9332,2022-05-20T13:43:00+00:00,810,1162
trade,2022-05-23,NVDA,Long,2022-05-23T13:42:00+00:00,2022-05-23T14:42:00+00:00,165.0045,163.9658,1.82,-1.89,-0.006295,3600000,ScoreExit,0.5505,-0.0509,0.5805,0.4258,0.7899,-0.3696,-0.2145,0.3825,,,
summary,2022-05-23,NVDA,,,,,,,-1.89,,1,,,,,,,,,,0.8767,2022-05-20T19:55:00+00:00,654,1114
summary,2022-05-23,MSFT,,,,,,,0.00,,0,,,,,,,,,,0.8657,2022-05-20T13:54:00+00:00,620,1029
summary,2022-05-24,SPY,,,,,,,0.00,,0,,,,,,,,,,0.6356,2022-05-23T15:33:00+00:00,644,1579
summary,2022-05-24,QQQ,,,,,,,0.00,,0,,,,,,,,,,0.6588,2022-05-23T15:39:00+00:00,559,1629
summary,2022-05-24,AAPL,,,,,,,0.00,,0,,,,,,,,,,0.7424,2022-05-23T13:48:00+00:00,832,1521
summary,2022-05-24,NVDA,,,,,,,0.00,,0,,,,,,,,,,0.7816,2022-05-23T13:47:00+00:00,618,1408
summary,2022-05-24,MSFT,,,,,,,0.00,,0,,,,,,,,,,0.8109,2022-05-23T09:37:00+00:00,734,1215
trade,2022-05-25,SPY,Long,2022-05-25T14:26:00+00:00,2022-05-25T15:31:00+00:00,395.8137,395.5363,0.76,-0.21,-0.000701,3900000,ScoreExit,0.4166,-0.1634,0.4190,0.4721,0.3046,-0.4238,-0.3254,0.2476,,,
summary,2022-05-25,SPY,,,,,,,-0.21,,1,,,,,,,,,,0.6356,2022-05-23T15:33:00+00:00,1192,2447
trade,2022-05-25,QQQ,Long,2022-05-25T14:26:00+00:00,2022-05-25T15:05:00+00:00,289.1817,288.6684,1.04,-0.53,-0.001775,2340000,ScoreExit,0.4002,-0.0728,0.5329,0.4516,0.2532,-0.4892,-0.1289,0.1781,,,
summary,2022-05-25,QQQ,,,,,,,-0.53,,1,,,,,,,,,,0.6588,2022-05-23T15:39:00+00:00,1007,2542
trade,2022-05-25,AAPL,Long,2022-05-25T14:29:00+00:00,2022-05-25T14:48:00+00:00,140.6772,140.2629,2.14,-0.88,-0.002945,1140000,ScoreExit,0.3639,-0.0532,0.5684,0.4664,0.0908,-0.5862,0.0002,0.0176,,,
summary,2022-05-25,AAPL,,,,,,,-0.88,,1,,,,,,,,,,0.7424,2022-05-23T13:48:00+00:00,1151,2370
trade,2022-05-25,NVDA,Long,2022-05-25T13:31:00+00:00,2022-05-25T15:05:00+00:00,162.0536,164.3257,1.85,4.20,0.014021,5640000,ScoreExit,0.5661,-0.0780,0.6288,0.7326,0.2124,-0.5286,-0.3340,0.5843,,,
summary,2022-05-25,NVDA,,,,,,,4.20,,1,,,,,,,,,,0.7816,2022-05-23T13:47:00+00:00,1095,2229
summary,2022-05-25,MSFT,,,,,,,0.00,,0,,,,,,,,,,0.8109,2022-05-23T09:37:00+00:00,1185,1860
trade,2022-05-26,SPY,Long,2022-05-26T13:36:00+00:00,2022-05-26T15:37:00+00:00,400.6151,403.8838,0.75,2.45,0.008159,7260000,MaxHoldTimeout,0.4295,0.1192,0.5995,0.3855,0.4608,-0.3588,0.0276,0.4616,,,
summary,2022-05-26,SPY,,,,,,,2.45,,1,,,,,,,,,,0.9598,2022-05-23T15:03:00+00:00,1750,3025
trade,2022-05-26,QQQ,Long,2022-05-26T13:36:00+00:00,2022-05-26T15:37:00+00:00,292.8128,297.2558,1.02,4.55,0.015173,7260000,MaxHoldTimeout,0.4615,0.1834,0.6194,0.4000,0.5318,-0.2207,0.0608,0.5632,,,
summary,2022-05-26,QQQ,,,,,,,4.55,,1,,,,,,,,,,0.9024,2022-05-23T13:45:00+00:00,1738,3138
trade,2022-05-26,AAPL,Long,2022-05-26T13:46:00+00:00,2022-05-26T15:47:00+00:00,139.3718,142.6522,2.16,7.07,0.023537,7260000,MaxHoldTimeout,0.3820,0.1607,0.5556,0.4943,0.0996,-0.0731,-0.0113,0.5828,,,
summary,2022-05-26,AAPL,,,,,,,7.07,,1,,,,,,,,,,1.0000,2022-05-23T13:40:00+00:00,1375,2983
trade,2022-05-26,NVDA,Long,2022-05-26T13:31:00+00:00,2022-05-26T15:32:00+00:00,162.1855,175.2824,1.60,20.92,0.080752,7260000,MaxHoldTimeout,0.5249,0.0811,0.4324,0.6362,0.3332,-0.4388,-0.1000,0.6168,,,
summary,2022-05-26,NVDA,,,,,,,20.92,,1,,,,,,,,,,1.0000,2022-05-23T13:35:00+00:00,1828,2925
trade,2022-05-26,MSFT,Long,2022-05-26T13:49:00+00:00,2022-05-26T15:26:00+00:00,264.4044,265.0954,1.14,0.79,0.002614,5820000,ScoreExit,0.4040,-0.0836,0.5936,0.3720,0.4046,-0.5069,-0.2573,0.4051,,,
summary,2022-05-26,MSFT,,,,,,,0.79,,1,,,,,,,,,,0.9806,2022-05-23T13:41:00+00:00,1535,2318
summary,2022-05-27,SPY,,,,,,,0.00,,0,,,,,,,,,,0.7141,2022-05-24T16:14:00+00:00,2319,2955
trade,2022-05-27,QQQ,Long,2022-05-27T14:39:00+00:00,2022-05-27T15:55:00+00:00,307.0071,306.7678,0.98,-0.23,-0.000779,4560000,MaxHoldTimeout,0.4134,0.3022,0.3461,0.3309,0.6010,-0.1628,0.2111,0.6392,,,
summary,2022-05-27,QQQ,,,,,,,-0.23,,1,,,,,,,,,,0.7313,2022-05-24T16:14:00+00:00,2443,3072
trade,2022-05-27,AAPL,Long,2022-05-27T14:09:00+00:00,2022-05-27T15:56:00+00:00,147.4692,148.5304,2.04,2.17,0.007196,6420000,SessionClose,0.4449,0.3882,-0.0068,0.4777,0.5297,0.1393,0.3295,0.5886,,,
summary,2022-05-27,AAPL,,,,,,,2.17,,1,,,,,,,,,,0.7475,2022-05-24T16:14:00+00:00,1932,2923
trade,2022-05-27,NVDA,Long,2022-05-27T14:37:00+00:00,2022-05-27T15:02:00+00:00,186.3309,184.0898,1.62,-3.64,-0.012028,1500000,ScoreExit,0.4584,-0.0532,0.5363,0.3692,0.6107,-0.5574,-0.3176,0.6437,,,
summary,2022-05-27,NVDA,,,,,,,-3.64,,1,,,,,,,,,,0.9594,2022-05-24T13:32:00+00:00,2183,2954
summary,2022-05-27,MSFT,,,,,,,0.00,,0,,,,,,,,,,1.0000,2022-05-24T13:32:00+00:00,1741,2261
summary,2022-05-30,SPY,,,,,,,0.00,,0,,,,,,,,,,0.7955,2022-05-27T14:23:00+00:00,473,504
summary,2022-05-30,QQQ,,,,,,,0.00,,0,,,,,,,,,,0.8876,2022-05-27T14:21:00+00:00,483,503
summary,2022-05-30,AAPL,,,,,,,0.00,,0,,,,,,,,,,0.8949,2022-05-27T14:12:00+00:00,496,509
summary,2022-05-30,NVDA,,,,,,,0.00,,0,,,,,,,,,,1.0000,2022-05-27T13:32:00+00:00,440,497
summary,2022-05-30,MSFT,,,,,,,0.00,,0,,,,,,,,,,1.0000,2022-05-27T13:36:00+00:00,362,467
trade,2022-05-31,SPY,Long,2022-05-31T14:41:00+00:00,2022-05-31T15:11:00+00:00,412.8188,412.0813,0.73,-0.54,-0.001786,1800000,ScoreExit,0.4102,-0.0906,0.4554,0.3878,0.4400,-0.4955,-0.1247,0.1126,,,
summary,2022-05-31,SPY,,,,,,,-0.54,,1,,,,,,,,,,0.6767,2022-05-31T16:02:00+00:00,336,709
trade,2022-05-31,QQQ,Long,2022-05-31T14:41:00+00:00,2022-05-31T15:17:00+00:00,307.6873,306.8829,0.98,-0.78,-0.002614,2160000,ScoreExit,0.4872,-0.0672,0.5029,0.4287,0.5990,-0.3375,-0.0919,0.0723,,,
summary,2022-05-31,QQQ,,,,,,,-0.78,,1,,,,,,,,,,0.7113,2022-05-31T16:04:00+00:00,403,711
trade,2022-05-31,AAPL,Long,2022-05-31T14:44:00+00:00,2022-05-31T15:56:00+00:00,148.6296,149.9322,2.02,2.63,0.008764,4320000,SessionClose,0.3603,0.6100,0.4940,0.3568,0.3229,0.5749,0.4208,1.0000,,,
summary,2022-05-31,AAPL,,,,,,,2.63,,1,,,,,,,,,,0.6948,2022-05-31T16:03:00+00:00,346,673
trade,2022-05-31,NVDA,Long,2022-05-31T14:30:00+00:00,2022-05-31T15:13:00+00:00,187.1961,187.1488,1.60,-0.08,-0.000253,2580000,ScoreExit,0.4492,-0.1108,0.4772,0.2409,0.8565,-0.5333,-0.1395,0.0875,,,
summary,2022-05-31,NVDA,,,,,,,-0.08,,1,,,,,,,,,,0.7451,2022-05-31T08:42:00+00:00,327,653
summary,2022-05-31,MSFT,,,,,,,0.00,,0,,,,,,,,,,0.7581,2022-05-31T08:31:00+00:00,321,559
summary,2022-06-01,SPY,,,,,,,0.00,,0,,,,,,,,,,0.6767,2022-05-31T16:02:00+00:00,791,1565
summary,2022-06-01,QQQ,,,,,,,0.00,,0,,,,,,,,,,0.7113,2022-05-31T16:04:00+00:00,889,1581
trade,2022-06-01,AAPL,Long,2022-06-01T14:02:00+00:00,2022-06-01T14:11:00+00:00,151.4209,150.3007,1.98,-2.22,-0.007398,540000,ScoreExit,0.4131,-0.0671,0.2978,0.4131,0.4516,-0.5107,-0.2524,0.4516,,,
summary,2022-06-01,AAPL,,,,,,,-2.22,,1,,,,,,,,,,0.6948,2022-05-31T16:03:00+00:00,806,1458
summary,2022-06-01,NVDA,,,,,,,0.00,,0,,,,,,,,,,0.7451,2022-05-31T08:42:00+00:00,624,1413
summary,2022-06-01,MSFT,,,,,,,0.00,,0,,,,,,,,,,0.7581,2022-05-31T08:31:00+00:00,654,1164
summary,2022-06-02,SPY,,,,,,,0.00,,0,,,,,,,,,,0.6767,2022-05-31T16:02:00+00:00,1152,2413
summary,2022-06-02,QQQ,,,,,,,0.00,,0,,,,,,,,,,0.7113,2022-05-31T16:04:00+00:00,1305,2465
summary,2022-06-02,AAPL,,,,,,,0.00,,0,,,,,,,,,,0.6948,2022-05-31T16:03:00+00:00,1153,2229
trade,2022-06-02,NVDA,Long,2022-06-02T13:36:00+00:00,2022-06-02T15:37:00+00:00,184.2403,193.3370,1.63,14.79,0.049374,7260000,MaxHoldTimeout,0.4236,0.5040,0.5210,0.5391,0.1602,-0.2496,0.5385,0.6860,,,
summary,2022-06-02,NVDA,,,,,,,14.79,,1,,,,,,,,,,0.7515,2022-06-02T14:13:00+00:00,992,2150
summary,2022-06-02,MSFT,,,,,,,0.00,,0,,,,,,,,,,0.7581,2022-05-31T08:31:00+00:00,942,1738
summary,2022-06-03,SPY,,,,,,,0.00,,0,,,,,,,,,,0.8846,2022-05-31T15:03:00+00:00,1259,2939
summary,2022-06-03,QQQ,,,,,,,0.00,,0,,,,,,,,,,0.9539,2022-05-31T15:04:00+00:00,1545,3044
summary,2022-06-03,AAPL,,,,,,,0.00,,0,,,,,,,,,,0.8162,2022-05-31T14:44:00+00:00,1210,2773
summary,2022-06-03,NVDA,,,,,,,0.00,,0,,,,,,,,,,0.9569,2022-05-31T14:46:00+00:00,1149,2706
summary,2022-06-03,MSFT,,,,,,,0.00,,0,,,,,,,,,,0.7705,2022-05-31T16:04:00+00:00,1110,2276
trade,2022-06-06,SPY,Long,2022-06-06T14:01:00+00:00,2022-06-06T15:09:00+00:00,416.0498,415.6403,0.72,-0.29,-0.000984,4080000,ScoreExit,0.4373,-0.0713,0.6113,0.3644,0.5253,-0.5100,-0.2591,0.4507,,,
summary,2022-06-06,SPY,,,,,,,-0.29,,1,,,,,,,,,,0.7160,2022-06-06T08:11:00+00:00,528,1136
trade,2022-06-06,QQQ,Long,2022-06-06T14:01:00+00:00,2022-06-06T15:06:00+00:00,311.6985,311.3516,0.96,-0.33,-0.001113,3900000,ScoreExit,0.4653,-0.0978,0.6265,0.3721,0.5980,-0.3853,-0.3402,0.4829,,,
summary,2022-06-06,QQQ,,,,,,,-0.33,,1,,,,,,,,,,0.7975,2022-06-03T14:01:00+00:00,469,1174
trade,2022-06-06,AAPL,Long,2022-06-06T13:31:00+00:00,2022-06-06T15:05:00+00:00,147.9894,147.9006,2.02,-0.18,-0.000600,5640000,MaxHoldTimeout,0.4800,-0.0267,0.6004,0.3864,0.6272,-0.5424,-0.1852,0.4623,,,
summary,2022-06-06,AAPL,,,,,,,-0.18,,1,,,,,,,,,,0.8253,2022-06-03T14:00:00+00:00,421,1135
trade,2022-06-06,NVDA,Long,2022-06-06T14:01:00+00:00,2022-06-06T15:06:00+00:00,191.6840,191.0677,1.56,-0.96,-0.003215,3900000,ScoreExit,0.4878,-0.1401,0.6474,0.3643,0.6817,-0.4378,-0.4210,0.5208,,,
summary,2022-06-06,NVDA,,,,,,,-0.96,,1,,,,,,,,,,1.0000,2022-06-03T13:31:00+00:00,368,1061
trade,2022-06-06,MSFT,Long,2022-06-06T13:56:00+00:00,2022-06-06T15:06:00+00:00,272.6368,273.4729,1.10,0.92,0.003067,4200000,ScoreExit,0.4021,-0.0791,0.5523,0.2985,0.5594,-0.3733,-0.2807,0.4222,,,
summary,2022-06-06,MSFT,,,,,,,0.92,,1,,,,,,,,,,1.0000,2022-06-03T13:32:00+00:00,260,951
trade,2022-06-07,SPY,Long,2022-06-07T14:31:00+00:00,2022-06-07T15:21:00+00:00,411.4484,412.5412,0.73,0.80,0.002656,3000000,ScoreExit,0.4035,-0.0785,0.5508,0.4860,0.1895,-0.4773,-0.1713,0.2401,,,
summary,2022-06-07,SPY,,,,,,,0.80,,1,,,,,,,,,,0.5088,2022-06-07T14:48:00+00:00,485,1473
trade,2022-06-07,QQQ,Long,2022-06-07T14:29:00+00:00,2022-06-07T15:21:00+00:00,307.0971,308.1125,0.98,0.99,0.003307,3120000,ScoreExit,0.4087,-0.0613,0.5781,0.4390,0.2916,-0.4760,-0.1844,0.3232,,,
summary,2022-06-07,QQQ,,,,,,,0.99,,1,,,,,,,,,,0.6340,2022-06-06T08:00:00+00:00,536,1522
trade,2022-06-07,AAPL,Long,2022-06-07T13:31:00+00:00,2022-06-07T15:29:00+00:00,144.8985,147.0359,2.07,4.43,0.014751,7080000,ScoreExit,0.3753,-0.0528,0.2908,0.4816,0.1908,-0.5283,-0.2962,0.5923,,,
summary,2022-06-07,AAPL,,,,,,,4.43,,1,,,,,,,,,,0.5579,2022-06-07T14:04:00+00:00,568,1432
trade,2022-06-07,NVDA,Long,2022-06-07T14:38:00+00:00,2022-06-07T15:21:00+00:00,187.0717,187.7067,1.60,1.02,0.003394,2580000,ScoreExit,0.4098,-0.0999,0.5427,0.5077,0.1698,-0.4178,-0.1439,0.0941,,,
summary,2022-06-07,NVDA,,,,,,,1.02,,1,,,,,,,,,,0.8249,2022-06-06T08:44:00+00:00,459,1294
trade,2022-06-07,MSFT,Long,2022-06-07T14:02:00+00:00,2022-06-07T15:47:00+00:00,269.1357,270.3639,1.12,1.37,0.004563,6300000,ScoreExit,0.4359,-0.0525,0.4000,0.4918,0.3363,0.0451,-0.3344,0.4787,,,
summary,2022-06-07,MSFT,,,,,,,1.37,,1,,,,,,,,,,0.5849,2022-06-06T14:00:00+00:00,443,1113
summary,2022-06-08,SPY,,,,,,,0.00,,0,,,,,,,,,,0.5088,2022-06-07T14:48:00+00:00,854,2306
trade,2022-06-08,QQQ,Long,2022-06-08T13:46:00+00:00,2022-06-08T14:56:00+00:00,309.6978,310.2519,0.97,0.54,0.001789,4200000,ScoreExit,0.4017,-0.0892,0.2068,0.4798,0.3106,-0.3580,-0.2202,0.2624,,,
summary,2022-06-08,QQQ,,,,,,,0.54,,1,,,,,,,,,,0.6340,2022-06-06T08:00:00+00:00,883,2351
trade,2022-06-08,AAPL,Long,2022-06-08T13:31:00+00:00,2022-06-08T14:13:00+00:00,148.5696,149.3902,2.02,1.66,0.005523,2520000,ScoreExit,0.3841,-0.0583,0.3224,0.4000,0.3727,-0.2162,-0.2006,0.2789,,,
summary,2022-06-08,AAPL,,,,,,,1.66,,1,,,,,,,,,,0.5579,2022-06-07T14:04:00+00:00,1056,2185
trade,2022-06-08,NVDA,Long,2022-06-08T13:39:00+00:00,2022-06-08T14:56:00+00:00,189.8461,190.1679,1.58,0.51,0.001695,4620000,ScoreExit,0.4152,-0.0785,0.6318,0.3582,0.4570,-0.3926,-0.2160,0.3011,,,
summary,2022-06-08,NVDA,,,,,,,0.51,,1,,,,,,,,,,0.8249,2022-06-06T08:44:00+00:00,744,1991
summary,2022-06-08,MSFT,,,,,,,0.00,,0,,,,,,,,,,0.5849,2022-06-06T14:00:00+00:00,712,1652
summary,2022-06-09,SPY,,,,,,,0.00,,0,,,,,,,,,,0.7230,2022-06-06T14:49:00+00:00,803,2857
summary,2022-06-09,QQQ,,,,,,,0.00,,0,,,,,,,,,,0.8778,2022-06-06T14:06:00+00:00,846,2886
summary,2022-06-09,AAPL,,,,,,,0.00,,0,,,,,,,,,,0.7820,2022-06-06T14:41:00+00:00,1155,2697
trade,2022-06-09,NVDA,Long,2022-06-09T13:52:00+00:00,2022-06-09T14:51:00+00:00,188.1814,187.4887,1.59,-1.10,-0.003681,3540000,ScoreExit,0.4095,-0.1827,0.6690,0.4514,0.2391,-0.5592,-0.2379,0.0531,,,
summary,2022-06-09,NVDA,,,,,,,-1.10,,1,,,,,,,,,,0.9051,2022-06-06T14:03:00+00:00,731,2483
trade,2022-06-09,MSFT,Long,2022-06-09T13:52:00+00:00,2022-06-09T14:51:00+00:00,270.9663,271.4835,1.11,0.57,0.001909,3540000,ScoreExit,0.4388,-0.0739,0.6182,0.5202,0.2160,-0.5364,-0.1570,0.2465,,,
summary,2022-06-09,MSFT,,,,,,,0.57,,1,,,,,,,,,,0.9062,2022-06-06T14:00:00+00:00,903,2051
summary,2022-06-10,SPY,,,,,,,0.00,,0,,,,,,,,,,0.9559,2022-06-07T14:42:00+00:00,921,2917
summary,2022-06-10,QQQ,,,,,,,0.00,,0,,,,,,,,,,0.9567,2022-06-07T14:42:00+00:00,1154,2929
summary,2022-06-10,AAPL,,,,,,,0.00,,0,,,,,,,,,,1.0000,2022-06-07T13:35:00+00:00,1141,2692
summary,2022-06-10,NVDA,,,,,,,0.00,,0,,,,,,,,,,1.0000,2022-06-07T13:37:00+00:00,864,2487
summary,2022-06-10,MSFT,,,,,,,0.00,,0,,,,,,,,,,1.0000,2022-06-07T13:40:00+00:00,916,2050
summary,2022-06-13,SPY,,,,,,,0.00,,0,,,,,,,,,,0.5197,2022-06-10T18:58:00+00:00,135,1209
summary,2022-06-13,QQQ,,,,,,,0.00,,0,,,,,,,,,,0.5305,2022-06-10T19:27:00+00:00,182,1202
trade,2022-06-13,AAPL,Long,2022-06-13T13:43:00+00:00,2022-06-13T14:11:00+00:00,133.7432,133.8648,2.24,0.27,0.000909,1680000,ScoreExit,0.3677,-0.0962,0.3926,0.4335,0.2280,-0.5715,-0.1058,0.0812,,,
summary,2022-06-13,AAPL,,,,,,,0.27,,1,,,,,,,,,,0.6075,2022-06-10T13:31:00+00:00,342,1187
summary,2022-06-13,NVDA,,,,,,,0.00,,0,,,,,,,,,,0.9463,2022-06-10T13:45:00+00:00,269,1151
summary,2022-06-13,MSFT,,,,,,,0.00,,0,,,,,,,,,,0.3947,2022-06-10T19:27:00+00:00,129,1059
summary,2022-06-14,SPY,,,,,,,0.00,,0,,,,,,,,,,0.6514,2022-06-13T16:38:00+00:00,431,1621
summary,2022-06-14,QQQ,,,,,,,0.00,,0,,,,,,,,,,0.6715,2022-06-13T16:38:00+00:00,535,1638
summary,2022-06-14,AAPL,,,,,,,0.00,,0,,,,,,,,,,0.6286,2022-06-13T13:59:00+00:00,744,1530
summary,2022-06-14,NVDA,,,,,,,0.00,,0,,,,,,,,,,0.8562,2022-06-13T08:08:00+00:00,604,1456
summary,2022-06-14,MSFT,,,,,,,0.00,,0,,,,,,,,,,0.6230,2022-06-13T16:38:00+00:00,568,1272
summary,2022-06-15,SPY,,,,,,,0.00,,0,,,,,,,,,,0.6514,2022-06-13T16:38:00+00:00,846,2506
summary,2022-06-15,QQQ,,,,,,,0.00,,0,,,,,,,,,,0.6715,2022-06-13T16:38:00+00:00,1116,2519
summary,2022-06-15,AAPL,,,,,,,0.00,,0,,,,,,,,,,0.6286,2022-06-13T13:59:00+00:00,1365,2328
trade,2022-06-15,NVDA,Long,2022-06-15T13:31:00+00:00,2022-06-15T14:31:00+00:00,160.6532,161.4266,1.86,1.44,0.004814,3600000,ScoreExit,0.4189,-0.0885,-0.4417,0.5432,0.4573,-0.5564,-0.3135,0.5175,,,
summary,2022-06-15,NVDA,,,,,,,1.44,,1,,,,,,,,,,0.8562,2022-06-13T08:08:00+00:00,1249,2181
trade,2022-06-15,MSFT,Long,2022-06-15T13:41:00+00:00,2022-06-15T14:52:00+00:00,248.8096,248.7004,1.21,-0.13,-0.000439,4260000,ScoreExit,0.5173,-0.0525,0.5413,0.4734,0.5970,-0.1233,-0.3270,0.5201,,,
summary,2022-06-15,MSFT,,,,,,,-0.13,,1,,,,,,,,,,0.6313,2022-06-15T18:44:00+00:00,1071,1867
summary,2022-06-16,SPY,,,,,,,0.00,,0,,,,,,,,,,0.6530,2022-06-13T16:38:00+00:00,1121,3122
summary,2022-06-16,QQQ,,,,,,,0.00,,0,,,,,,,,,,0.8271,2022-06-13T13:37:00+00:00,1186,3149
summary,2022-06-16,AAPL,,,,,,,0.00,,0,,,,,,,,,,0.9230,2022-06-13T13:43:00+00:00,1358,2923
summary,2022-06-16,NVDA,,,,,,,0.00,,0,,,,,,,,,,1.0000,2022-06-13T13:32:00+00:00,1363,2728
summary,2022-06-16,MSFT,,,,,,,0.00,,0,,,,,,,,,,1.0000,2022-06-13T13:36:00+00:00,1069,2352
summary,2022-06-17,SPY,,,,,,,0.00,,0,,,,,,,,,,0.8371,2022-06-14T14:02:00+00:00,866,3138
summary,2022-06-17,QQQ,,,,,,,0.00,,0,,,,,,,,,,0.9053,2022-06-14T14:02:00+00:00,1176,3140
trade,2022-06-17,AAPL,Long,2022-06-17T13:46:00+00:00,2022-06-17T15:02:00+00:00,131.9347,130.5358,2.27,-3.18,-0.010603,4560000,MaxHoldTimeout,0.3605,0.0000,0.3760,0.5118,0.0527,0.3304,-0.0015,-0.1148,,,
summary,2022-06-17,AAPL,,,,,,,-3.18,,1,,,,,,,,,,0.8893,2022-06-14T13:58:00+00:00,1221,2938
summary,2022-06-17,NVDA,,,,,,,0.00,,0,,,,,,,,,,0.9131,2022-06-14T14:02:00+00:00,1336,2710
trade,2022-06-17,MSFT,Long,2022-06-17T13:42:00+00:00,2022-06-17T14:58:00+00:00,248.3195,245.2614,1.21,-3.69,-0.012315,4560000,MaxHoldTimeout,0.4096,0.0000,0.5822,0.4298,0.3119,0.4751,-0.2988,-0.1920,,,
summary,2022-06-17,MSFT,,,,,,,-3.69,,1,,,,,,,,,,0.7147,2022-06-14T14:49:00+00:00,1281,2332
summary,2022-06-20,SPY,,,,,,,0.00,,0,,,,,,,,,,0.9873,2022-06-17T13:41:00+00:00,299,508
summary,2022-06-20,QQQ,,,,,,,0.00,,0,,,,,,,,,,1.0000,2022-06-17T13:41:00+00:00,400,495
summary,2022-06-20,AAPL,,,,,,,0.00,,0,,,,,,,,,,1.0000,2022-06-17T13:33:00+00:00,385,503
summary,2022-06-20,NVDA,,,,,,,0.00,,0,,,,,,,,,,1.0000,2022-06-17T13:32:00+00:00,330,453
summary,2022-06-20,MSFT,,,,,,,0.00,,0,,,,,,,,,,1.0000,2022-06-17T13:32:00+00:00,352,445
trade,2022-06-21,SPY,Long,2022-06-21T13:36:00+00:00,2022-06-21T15:37:00+00:00,373.0269,374.9025,0.80,1.51,0.005028,7260000,ScoreExit,0.4706,-0.1462,0.5813,0.4470,0.4808,-0.5390,-0.3362,0.3648,,,
summary,2022-06-21,SPY,,,,,,,1.51,,1,,,,,,,,,,0.6687,2022-06-21T14:04:00+00:00,360,681
trade,2022-06-21,QQQ,Long,2022-06-21T13:34:00+00:00,2022-06-21T15:35:00+00:00,279.5388,282.8001,1.07,3.50,0.011667,7260000,MaxHoldTimeout,0.4040,0.2236,0.5319,0.4101,0.3492,0.0487,-0.0940,0.9172,,,
summary,2022-06-21,QQQ,,,,,,,3.50,,1,,,,,,,,,,0.7196,2022-06-21T14:04:00+00:00,284,708
trade,2022-06-21,AAPL,Long,2022-06-21T13:32:00+00:00,2022-06-21T15:33:00+00:00,133.8001,136.4940,2.24,6.04,0.020134,7260000,MaxHoldTimeout,0.3713,0.2314,0.3219,0.4903,0.1499,-0.4682,-0.0363,1.0000,,,
summary,2022-06-21,AAPL,,,,,,,6.04,,1,,,,,,,,,,0.7560,2022-06-21T08:02:00+00:00,313,659
summary,2022-06-21,NVDA,,,,,,,0.00,,0,,,,,,,,,,0.8226,2022-06-21T14:00:00+00:00,355,625
trade,2022-06-21,MSFT,Long,2022-06-21T13:34:00+00:00,2022-06-21T15:24:00+00:00,251.6405,253.4589,1.19,2.17,0.007226,6600000,ScoreExit,0.6066,-0.0525,0.6065,0.4098,1.0000,-0.5542,-0.2144,0.4387,,,
summary,2022-06-21,MSFT,,,,,,,2.17,,1,,,,,,,,,,0.8100,2022-06-21T08:00:00+00:00,299,532
trade,2022-06-22,SPY,Long,2022-06-22T13:52:00+00:00,2022-06-22T15:43:00+00:00,372.4267,376.3721,0.81,3.18,0.010594,6660000,ScoreExit,0.4160,-0.0615,0.1485,0.6100,0.1171,-0.3223,-0.2967,0.4958,,,
summary,2022-06-22,SPY,,,,,,,3.18,,1,,,,,,,,,,0.6687,2022-06-21T14:04:00+00:00,793,1587
trade,2022-06-22,QQQ,Long,2022-06-22T13:32:00+00:00,2022-06-22T15:33:00+00:00,279.4988,284.1897,1.07,5.04,0.016783,7260000,MaxHoldTimeout,0.4416,0.2095,0.5485,0.5226,0.2438,0.5548,-0.0224,0.5582,,,
summary,2022-06-22,QQQ,,,,,,,5.04,,1,,,,,,,,,,0.7196,2022-06-21T14:04:00+00:00,676,1585
summary,2022-06-22,AAPL,,,,,,,0.00,,0,,,,,,,,,,0.7560,2022-06-21T08:02:00+00:00,738,1485
summary,2022-06-22,NVDA,,,,,,,0.00,,0,,,,,,,,,,0.8226,2022-06-21T14:00:00+00:00,660,1341
summary,2022-06-22,MSFT,,,,,,,0.00,,0,,,,,,,,,,0.8100,2022-06-21T08:00:00+00:00,673,1126
summary,2022-06-23,SPY,,,,,,,0.00,,0,,,,,,,,,,0.6687,2022-06-21T14:04:00+00:00,1210,2487
trade,2022-06-23,QQQ,Long,2022-06-23T14:41:00+00:00,2022-06-23T15:32:00+00:00,284.4803,283.7531,1.06,-0.77,-0.002556,3060000,ScoreExit,0.4117,-0.0599,0.5855,0.4152,0.3468,-0.5717,-0.1177,0.2262,,,
summary,2022-06-23,QQQ,,,,,,,-0.77,,1,,,,,,,,,,0.7196,2022-06-21T14:04:00+00:00,1144,2493
trade,2022-06-23,AAPL,Long,2022-06-23T14:01:00+00:00,2022-06-23T15:31:00+00:00,137.0561,137.6938,2.19,1.40,0.004653,5400000,ScoreExit,0.3580,-0.0682,0.5600,0.2989,0.4087,-0.5248,-0.1867,0.3210,,,
summary,2022-06-23,AAPL,,,,,,,1.40,,1,,,,,,,,,,0.7560,2022-06-21T08:02:00+00:00,1203,2314
summary,2022-06-23,NVDA,,,,,,,0.00,,0,,,,,,,,,,0.8226,2022-06-21T14:00:00+00:00,780,2091
trade,2022-06-23,MSFT,Long,2022-06-23T14:36:00+00:00,2022-06-23T15:32:00+00:00,256.8620,256.9879,1.17,0.15,0.000490,3360000,ScoreExit,0.4574,-0.0543,0.4848,0.4522,0.4589,-0.5526,-0.1522,0.3075,,,
summary,2022-06-23,MSFT,,,,,,,0.15,,1,,,,,,,,,,0.8100,2022-06-21T08:00:00+00:00,1070,1709
trade,2022-06-24,SPY,Long,2022-06-24T13:31:00+00:00,2022-06-24T15:32:00+00:00,381.6495,386.7489,0.79,4.01,0.013362,7260000,MaxHoldTimeout,0.4004,0.1506,0.2890,0.4031,0.4321,0.5195,-0.0780,0.4849,,,
summary,2022-06-24,SPY,,,,,,,4.01,,1,,,,,,,,,,0.9465,2022-06-21T14:55:00+00:00,1790,3075
summary,2022-06-24,QQQ,,,,,,,0.00,,0,,,,,,,,,,1.0000,2022-06-21T13:36:00+00:00,1725,3065
summary,2022-06-24,AAPL,,,,,,,0.00,,0,,,,,,,,,,1.0000,2022-06-21T13:33:00+00:00,1725,2845
trade,2022-06-24,NVDA,Long,2022-06-24T13:41:00+00:00,2022-06-24T15:16:00+00:00,165.2195,168.4045,1.82,5.80,0.019277,5700000,ScoreExit,0.4110,-0.0921,0.4015,0.4199,0.3965,-0.5951,-0.3499,0.5912,,,
summary,2022-06-24,NVDA,,,,,,,5.80,,1,,,,,,,,,,1.0000,2022-06-21T13:34:00+00:00,1156,2572
summary,2022-06-24,MSFT,,,,,,,0.00,,0,,,,,,,,,,1.0000,2022-06-21T13:33:00+00:00,1508,2170
trade,2022-06-27,SPY,Long,2022-06-27T14:51:00+00:00,2022-06-27T15:56:00+00:00,390.4321,390.4278,0.77,-0.00,-0.000011,3900000,SessionClose,0.4033,0.1594,0.5683,0.3603,0.4344,-0.1378,0.0681,0.4411,,,
summary,2022-06-27,SPY,,,,,,,-0.00,,1,,,,,,,,,,0.9567,2022-06-24T15:03:00+00:00,954,1182
trade,2022-06-27,QQQ,Long,2022-06-27T14:56:00+00:00,2022-06-27T15:56:00+00:00,294.6534,294.3267,1.02,-0.33,-0.001109,3600000,SessionClose,0.4214,0.1084,0.5301,0.3842,0.4594,-0.1110,-0.0211,0.4406,,,
summary,2022-06-27,QQQ,,,,,,,-0.33,,1,,,,,,,,,,0.9007,2022-06-24T14:02:00+00:00,863,1189
trade,2022-06-27,AAPL,Long,2022-06-27T14:01:00+00:00,2022-06-27T15:56:00+00:00,142.1676,142.8521,2.11,1.44,0.004815,6900000,SessionClose,0.3610,0.4014,0.4687,0.2277,0.5917,0.2347,0.3251,0.6095,,,
summary,2022-06-27,AAPL,,,,,,,1.44,,1,,,,,,,,,,0.9193,2022-06-24T13:36:00+00:00,711,1144
trade,2022-06-27,NVDA,Long,2022-06-27T14:43:00+00:00,2022-06-27T15:56:00+00:00,169.0307,170.5838,1.78,2.76,0.009188,4380000,SessionClose,0.4239,0.1765,0.4735,0.2577,0.7396,-0.5050,-0.1217,1.0000,,,
summary,2022-06-27,NVDA,,,,,,,2.76,,1,,,,,,,,,,1.0000,2022-06-24T13:41:00+00:00,850,1063
summary,2022-06-27,MSFT,,,,,,,0.00,,0,,,,,,,,,,1.0000,2022-06-24T13:32:00+00:00,413,1008
trade,2022-06-28,SPY,Long,2022-06-28T13:31:00+00:00,2022-06-28T14:02:00+00:00,390.9823,391.8974,0.77,0.70,0.002341,1860000,ScoreExit,0.4596,-0.0548,0.5617,0.4593,0.4260,-0.2674,-0.1780,0.2626,,,
summary,2022-06-28,SPY,,,,,,,0.70,,1,,,,,,,,,,0.5327,2022-06-27T15:24:00+00:00,483,1509
trade,2022-06-28,QQQ,Long,2022-06-28T13:33:00+00:00,2022-06-28T14:01:00+00:00,294.9935,294.0167,1.02,-0.99,-0.003311,1680000,ScoreExit,0.4222,-0.1356,0.5825,0.4353,0.3425,-0.1091,-0.2892,0.1627,,,
summary,2022-06-28,QQQ,,,,,,,-0.99,,1,,,,,,,,,,0.5282,2022-06-27T14:57:00+00:00,408,1534
trade,2022-06-28,AAPL,Long,2022-06-28T13:31:00+00:00,2022-06-28T13:57:00+00:00,142.4877,142.3723,2.11,-0.24,-0.000810,1560000,ScoreExit,0.4228,-0.0562,0.5324,0.4625,0.3068,-0.5743,-0.1361,0.2762,,,
summary,2022-06-28,AAPL,,,,,,,-0.24,,1,,,,,,,,,,0.5265,2022-06-27T15:59:00+00:00,473,1384
trade,2022-06-28,NVDA,Long,2022-06-28T13:31:00+00:00,2022-06-28T13:56:00+00:00,170.0824,169.7441,1.77,-0.60,-0.001989,1500000,ScoreExit,0.4475,-0.1499,0.5851,0.5331,0.2303,-0.5862,-0.2268,0.1492,,,
summary,2022-06-28,NVDA,,,,,,,-0.60,,1,,,,,,,,,,0.8712,2022-06-27T08:08:00+00:00,418,1212
summary,2022-06-28,MSFT,,,,,,,0.00,,0,,,,,,,,,,0.4237,2022-06-27T14:56:00+00:00,141,1053
summary,2022-06-29,SPY,,,,,,,0.00,,0,,,,,,,,,,0.5327,2022-06-27T15:24:00+00:00,483,2366
summary,2022-06-29,QQQ,,,,,,,0.00,,0,,,,,,,,,,0.5282,2022-06-27T14:57:00+00:00,408,2416
trade,2022-06-29,AAPL,Long,2022-06-29T13:51:00+00:00,2022-06-29T15:16:00+00:00,138.7950,139.7930,2.16,2.16,0.007191,5100000,ScoreExit,0.4101,-0.0683,0.5877,0.5375,0.0961,-0.3570,-0.1372,0.1658,,,
summary,2022-06-29,AAPL,,,,,,,2.16,,1,,,,,,,,,,0.5265,2022-06-27T15:59:00+00:00,715,2164
summary,2022-06-29,NVDA,,,,,,,0.00,,0,,,,,,,,,,0.8712,2022-06-27T08:08:00+00:00,418,1944
trade,2022-06-29,MSFT,Long,2022-06-29T13:51:00+00:00,2022-06-29T15:03:00+00:00,259.1027,260.6568,1.16,1.80,0.005998,4320000,ScoreExit,0.4457,-0.0536,0.5829,0.5821,0.1271,-0.5574,-0.0615,0.1303,,,
summary,2022-06-29,MSFT,,,,,,,1.80,,1,,,,,,,,,,0.5644,2022-06-29T14:03:00+00:00,377,1616
summary,2022-06-30,SPY,,,,,,,0.00,,0,,,,,,,,,,0.8862,2022-06-27T14:57:00+00:00,538,2944
summary,2022-06-30,QQQ,,,,,,,0.00,,0,,,,,,,,,,0.9347,2022-06-27T14:57:00+00:00,479,2985
summary,2022-06-30,AAPL,,,,,,,0.00,,0,,,,,,,,,,0.8555,2022-06-27T14:57:00+00:00,544,2678
summary,2022-06-30,NVDA,,,,,,,0.00,,0,,,,,,,,,,0.9583,2022-06-27T14:50:00+00:00,423,2533
summary,2022-06-30,MSFT,,,,,,,0.00,,0,,,,,,,,,,0.7832,2022-06-27T14:56:00+00:00,505,2074
summary,2022-07-01,SPY,,,,,,,0.00,,0,,,,,,,,,,0.6508,2022-06-28T13:38:00+00:00,246,2987
summary,2022-07-01,QQQ,,,,,,,0.00,,0,,,,,,,,,,0.7391,2022-06-28T13:32:00+00:00,285,3024
trade,2022-07-01,AAPL,Long,2022-07-01T13:47:00+00:00,2022-07-01T15:03:00+00:00,137.5663,136.3534,2.18,-2.65,-0.008817,4560000,MaxHoldTimeout,0.3629,0.0000,0.5597,0.4697,0.0836,-0.3747,-0.1222,-0.1584,,,
summary,2022-07-01,AAPL,,,,,,,-2.65,,1,,,,,,,,,,1.0000,2022-06-28T13:34:00+00:00,649,2745
summary,2022-07-01,NVDA,,,,,,,0.00,,0,,,,,,,,,,1.0000,2022-06-28T13:32:00+00:00,250,2695
summary,2022-07-01,MSFT,,,,,,,0.00,,0,,,,,,,,,,1.0000,2022-06-28T13:32:00+00:00,675,2130
summary,2022-07-04,SPY,,,,,,,0.00,,0,,,,,,,,,,0.9051,2022-07-01T13:47:00+00:00,326,488
summary,2022-07-04,QQQ,,,,,,,0.00,,0,,,,,,,,,,0.9362,2022-07-01T13:46:00+00:00,286,477
summary,2022-07-04,AAPL,,,,,,,0.00,,0,,,,,,,,,,0.9290,2022-07-01T13:46:00+00:00,341,489
summary,2022-07-04,NVDA,,,,,,,0.00,,0,,,,,,,,,,0.9022,2022-07-01T13:52:00+00:00,21,490
summary,2022-07-04,MSFT,,,,,,,0.00,,0,,,,,,,,,,0.8987,2022-07-01T13:57:00+00:00,296,431
trade,2022-07-05,SPY,Long,2022-07-05T14:37:00+00:00,2022-07-05T15:53:00+00:00,375.6176,375.0225,0.80,-0.48,-0.001585,4560000,MaxHoldTimeout,0.4216,0.3618,0.5627,0.3874,0.4429,-0.0133,0.4512,0.3080,,,
summary,2022-07-05,SPY,,,,,,,-0.48,,1,,,,,,,,,,0.6558,2022-07-05T16:24:00+00:00,279,678
trade,2022-07-05,QQQ,Long,2022-07-05T14:11:00+00:00,2022-07-05T15:12:00+00:00,278.5585,278.7913,1.08,0.25,0.000836,3660000,ScoreExit,0.4051,-0.1555,0.4466,0.4236,0.3542,-0.5677,-0.1776,0.0261,,,
summary,2022-07-05,QQQ,,,,,,,0.25,,1,,,,,,,,,,0.7113,2022-07-05T14:38:00+00:00,364,692
trade,2022-07-05,AAPL,Long,2022-07-05T13:46:00+00:00,2022-07-05T15:06:00+00:00,138.2215,138.4135,2.17,0.42,0.001389,4800000,ScoreExit,0.5938,-0.0580,0.5672,0.4494,0.8914,-0.5332,-0.1545,0.2933,,,
summary,2022-07-05,AAPL,,,,,,,0.42,,1,,,,,,,,,,0.6377,2022-07-05T18:35:00+00:00,361,615
trade,2022-07-05,NVDA,Long,2022-07-05T13:43:00+00:00,2022-07-05T15:44:00+00:00,142.1176,145.5312,2.11,7.21,0.024020,7260000,MaxHoldTimeout,0.4372,0.3409,0.4781,0.3113,0.6755,0.4796,-0.0117,1.0000,,,
summary,2022-07-05,NVDA,,,,,,,7.21,,1,,,,,,,,,,0.8726,2022-07-05T14:38:00+00:00,385,610
trade,2022-07-05,MSFT,Long,2022-07-05T13:49:00+00:00,2022-07-05T15:04:00+00:00,256.7570,256.5380,1.17,-0.26,-0.000853,4500000,ScoreExit,0.4329,-0.0664,0.5596,0.2514,0.7538,-0.5288,-0.0886,0.1323,,,
summary,2022-07-05,MSFT,,,,,,,-0.26,,1,,,,,,,,,,0.6454,2022-07-05T14:38:00+00:00,339,498
summary,2022-07-06,SPY,,,,,,,0.00,,0,,,,,,,,,,0.6558,2022-07-05T16:24:00+00:00,952,1553
summary,2022-07-06,QQQ,,,,,,,0.00,,0,,,,,,,,,,0.7113,2022-07-05T14:38:00+00:00,1098,1590
summary,2022-07-06,AAPL,,,,,,,0.00,,0,,,,,,,,,,0.6377,2022-07-05T18:35:00+00:00,990,1382
trade,2022-07-06,NVDA,Long,2022-07-06T14:41:00+00:00,2022-07-06T15:31:00+00:00,149.1397,149.4772,2.01,0.68,0.002263,3000000,ScoreExit,0.4774,-0.0544,0.2765,0.3340,0.8312,-0.6024,-0.2775,0.5746,,,
summary,2022-07-06,NVDA,,,,,,,0.68,,1,,,,,,,,,,0.8726,2022-07-05T14:38:00+00:00,1062,1367
summary,2022-07-06,MSFT,,,,,,,0.00,,0,,,,,,,,,,0.6454,2022-07-05T14:38:00+00:00,826,1063
trade,2022-07-07,SPY,Long,2022-07-07T13:31:00+00:00,2022-07-07T15:32:00+00:00,386.0008,387.0089,0.78,0.78,0.002612,7260000,MaxHoldTimeout,0.4313,0.0836,0.5642,0.3942,0.4612,-0.3616,-0.0283,0.4557,,,
summary,2022-07-07,SPY,,,,,,,0.78,,1,,,,,,,,,,0.6558,2022-07-05T16:24:00+00:00,1668,2383
trade,2022-07-07,QQQ,Long,2022-07-07T13:31:00+00:00,2022-07-07T15:32:00+00:00,290.5721,292.3823,1.03,1.87,0.006229,7260000,MaxHoldTimeout,0.4661,0.0527,0.5601,0.4043,0.5583,-0.4372,-0.1272,0.5756,,,
summary,2022-07-07,QQQ,,,,,,,1.87,,1,,,,,,,,,,0.7113,2022-07-05T14:38:00+00:00,1862,2450
trade,2022-07-07,AAPL,Long,2022-07-07T13:31:00+00:00,2022-07-07T15:27:00+00:00,144.1782,145.1614,2.08,2.05,0.006819,6960000,ScoreExit,0.4716,-0.0510,0.6010,0.3981,0.5755,-0.4696,-0.2768,0.5401,,,
summary,2022-07-07,AAPL,,,,,,,2.05,,1,,,,,,,,,,0.6377,2022-07-05T18:35:00+00:00,1650,2146
trade,2022-07-07,NVDA,Long,2022-07-07T14:51:00+00:00,2022-07-07T15:56:00+00:00,156.1818,157.1778,1.93,1.92,0.006377,3900000,SessionClose,0.4091,0.5086,0.1196,0.2859,0.7520,0.3737,0.3998,0.7710,,,
summary,2022-07-07,NVDA,,,,,,,1.92,,1,,,,,,,,,,0.8726,2022-07-05T14:38:00+00:00,1752,2084
trade,2022-07-07,MSFT,Long,2022-07-07T13:51:00+00:00,2022-07-07T15:21:00+00:00,267.0751,267.9346,1.12,0.97,0.003218,5400000,ScoreExit,0.4357,-0.0932,0.5364,0.4426,0.3885,-0.5176,-0.2646,0.3911,,,
summary,2022-07-07,MSFT,,,,,,,0.97,,1,,,,,,,,,,0.6454,2022-07-05T14:38:00+00:00,1245,1616
trade,2022-07-08,SPY,Long,2022-07-08T14:26:00+00:00,2022-07-08T15:46:00+00:00,388.4916,389.5082,0.77,0.78,0.002617,4800000,ScoreExit,0.4107,-0.0957,0.5784,0.4350,0.3062,-0.5634,-0.2205,0.3100,,,
summary,2022-07-08,SPY,,,,,,,0.78,,1,,,,,,,,,,0.8291,2022-07-05T14:38:00+00:00,2315,2958
trade,2022-07-08,QQQ,Long,2022-07-08T14:24:00+00:00,2022-07-08T15:56:00+00:00,293.3930,295.7862,1.02,2.45,0.008157,5520000,SessionClose,0.4042,0.2241,0.5260,0.3573,0.4575,0.3729,0.0860,0.4506,,,
summary,2022-07-08,QQQ,,,,,,,2.45,,1,,,,,,,,,,0.9041,2022-07-05T14:38:00+00:00,2535,3013
trade,2022-07-08,AAPL,Long,2022-07-08T13:31:00+00:00,2022-07-08T15:32:00+00:00,145.4586,147.2708,2.06,3.74,0.012458,7260000,MaxHoldTimeout,0.3507,0.2676,0.4366,0.3769,0.2697,0.0715,0.2265,0.4150,,,
summary,2022-07-08,AAPL,,,,,,,3.74,,1,,,,,,,,,,0.8972,2022-07-05T14:37:00+00:00,2221,2683
trade,2022-07-08,NVDA,Long,2022-07-08T14:26:00+00:00,2022-07-08T15:56:00+00:00,155.7017,158.6274,1.93,5.65,0.018790,5400000,SessionClose,0.4184,0.2130,0.5777,0.3476,0.5070,0.2615,0.0010,0.6209,,,
summary,2022-07-08,NVDA,,,,,,,5.65,,1,,,,,,,,,,0.9600,2022-07-05T14:41:00+00:00,2313,2609
summary,2022-07-08,MSFT,,,,,,,0.00,,0,,,,,,,,,,0.8990,2022-07-05T14:38:00+00:00,1628,2060
summary,2022-07-11,SPY,,,,,,,0.00,,0,,,,,,,,,,0.9440,2022-07-08T14:45:00+00:00,295,1136
summary,2022-07-11,QQQ,,,,,,,0.00,,0,,,,,,,,,,0.9555,2022-07-08T15:02:00+00:00,386,1165
summary,2022-07-11,AAPL,,,,,,,0.00,,0,,,,,,,,,,1.0000,2022-07-08T13:41:00+00:00,416,1111
summary,2022-07-11,NVDA,,,,,,,0.00,,0,,,,,,,,,,1.0000,2022-07-08T13:33:00+00:00,538,1029
summary,2022-07-11,MSFT,,,,,,,0.00,,0,,,,,,,,,,0.9578,2022-07-08T15:01:00+00:00,488,911
trade,2022-07-12,SPY,Long,2022-07-12T13:36:00+00:00,2022-07-12T13:56:00+00:00,385.2835,384.6096,0.78,-0.52,-0.001749,1200000,ScoreExit,0.4165,-0.0689,0.5651,0.4783,0.2432,-0.2801,-0.1671,0.1980,,,
summary,2022-07-12,SPY,,,,,,,-0.52,,1,,,,,,,,,,0.7461,2022-07-11T09:14:00+00:00,553,1494
trade,2022-07-12,QQQ,Long,2022-07-12T13:36:00+00:00,2022-07-12T13:46:00+00:00,291.4524,290.4478,1.03,-1.03,-0.003447,600000,ScoreExit,0.4168,-0.1246,0.5352,0.4677,0.2754,-0.4627,-0.2209,0.1807,,,
summary,2022-07-12,QQQ,,,,,,,-1.03,,1,,,,,,,,,,0.6021,2022-07-11T09:13:00+00:00,653,1556
summary,2022-07-12,AAPL,,,,,,,0.00,,0,,,,,,,,,,0.6513,2022-07-11T09:38:00+00:00,910,1370
trade,2022-07-12,NVDA,Long,2022-07-12T13:36:00+00:00,2022-07-12T13:46:00+00:00,153.8111,152.8691,1.95,-1.84,-0.006124,600000,ScoreExit,0.4294,-0.1003,0.5126,0.5017,0.2571,-0.4072,-0.2278,0.2571,,,
summary,2022-07-12,NVDA,,,,,,,-1.84,,1,,,,,,,,,,0.6028,2022-07-11T17:24:00+00:00,537,1285
summary,2022-07-12,MSFT,,,,,,,0.00,,0,,,,,,,,,,0.6761,2022-07-11T11:07:00+00:00,420,1021
summary,2022-07-13,SPY,,,,,,,0.00,,0,,,,,,,,,,0.7461,2022-07-11T09:14:00+00:00,677,2315
trade,2022-07-13,QQQ,Long,2022-07-13T14:41:00+00:00,2022-07-13T15:26:00+00:00,285.4606,285.5093,1.05,0.05,0.000171,2700000,ScoreExit,0.4650,-0.1255,0.5690,0.6492,0.0620,-0.5789,-0.1144,0.0037,,,
summary,2022-07-13,QQQ,,,,,,,0.05,,1,,,,,,,,,,0.6021,2022-07-11T09:13:00+00:00,887,2398
trade,2022-07-13,AAPL,Long,2022-07-13T14:41:00+00:00,2022-07-13T15:26:00+00:00,145.3713,145.3264,2.07,-0.09,-0.000309,2700000,ScoreExit,0.3943,-0.0848,0.5256,0.5260,0.0871,-0.5502,-0.0753,0.0515,,,
summary,2022-07-13,AAPL,,,,,,,-0.09,,1,,,,,,,,,,0.6513,2022-07-11T09:38:00+00:00,1321,2099
trade,2022-07-13,NVDA,Long,2022-07-13T14:03:00+00:00,2022-07-13T15:31:00+00:00,149.1797,151.3296,2.01,4.32,0.014411,5280000,ScoreExit,0.4168,-0.0918,0.3877,0.4984,0.2635,-0.5771,-0.2229,0.3320,,,
summary,2022-07-13,NVDA,,,,,,,4.32,,1,,,,,,,,,,0.7215,2022-07-13T14:44:00+00:00,843,1958
summary,2022-07-13,MSFT,,,,,,,0.00,,0,,,,,,,,,,0.6761,2022-07-11T11:07:00+00:00,586,1678
summary,2022-07-14,SPY,,,,,,,0.00,,0,,,,,,,,,,0.5772,2022-07-11T17:39:00+00:00,494,2991
summary,2022-07-14,QQQ,,,,,,,0.00,,0,,,,,,,,,,0.6849,2022-07-11T14:41:00+00:00,754,3006
summary,2022-07-14,AAPL,,,,,,,0.00,,0,,,,,,,,,,0.9544,2022-07-11T14:40:00+00:00,1398,2650
summary,2022-07-14,NVDA,,,,,,,0.00,,0,,,,,,,,,,0.7878,2022-07-11T14:39:00+00:00,1221,2494
summary,2022-07-14,MSFT,,,,,,,0.00,,0,,,,,,,,,,0.9571,2022-07-11T14:41:00+00:00,720,2170
trade,2022-07-15,SPY,Long,2022-07-15T14:26:00+00:00,2022-07-15T15:56:00+00:00,383.5550,384.1597,0.78,0.47,0.001577,5400000,SessionClose,0.4355,-0.0390,0.5126,0.4074,0.4662,-0.4064,-0.2213,0.4480,,,
summary,2022-07-15,SPY,,,,,,,0.47,,1,,,,,,,,,,0.7124,2022-07-12T13:37:00+00:00,1152,2970
summary,2022-07-15,QQQ,,,,,,,0.00,,0,,,,,,,,,,0.7224,2022-07-12T13:38:00+00:00,1351,3004
summary,2022-07-15,AAPL,,,,,,,0.00,,0,,,,,,,,,,1.0000,2022-07-12T13:36:00+00:00,1529,2676
summary,2022-07-15,NVDA,,,,,,,0.00,,0,,,,,,,,,,0.9850,2022-07-12T13:41:00+00:00,1623,2521
summary,2022-07-15,MSFT,,,,,,,0.00,,0,,,,,,,,,,0.5430,2022-07-15T13:35:00+00:00,901,2225
summary,2022-07-18,SPY,,,,,,,0.00,,0,,,,,,,,,,0.7217,2022-07-15T15:02:00+00:00,801,1154
trade,2022-07-18,QQQ,Long,2022-07-18T13:46:00+00:00,2022-07-18T14:46:00+00:00,295.1636,294.4666,1.02,-0.71,-0.002361,3600000,ScoreExit,0.4242,-0.0818,0.3766,0.3836,0.5212,-0.4970,-0.2999,0.4927,,,
summary,2022-07-18,QQQ,,,,,,,-0.71,,1,,,,,,,,,,0.7166,2022-07-15T14:00:00+00:00,818,1163
trade,2022-07-18,AAPL,Long,2022-07-18T14:56:00+00:00,2022-07-18T15:56:00+00:00,150.9704,151.3218,1.99,0.70,0.002328,3600000,SessionClose,0.3667,0.3840,0.5584,0.2653,0.5055,0.5017,0.2946,0.5238,,,
summary,2022-07-18,AAPL,,,,,,,0.70,,1,,,,,,,,,,0.7998,2022-07-15T13:32:00+00:00,521,1103
summary,2022-07-18,NVDA,,,,,,,0.00,,0,,,,,,,,,,1.0000,2022-07-15T13:35:00+00:00,769,1112
summary,2022-07-18,MSFT,,,,,,,0.00,,0,,,,,,,,,,1.0000,2022-07-15T13:35:00+00:00,354,944
trade,2022-07-19,SPY,Long,2022-07-19T14:00:00+00:00,2022-07-19T15:56:00+00:00,387.0061,389.3332,0.78,1.80,0.006013,6960000,SessionClose,0.4001,0.2676,0.5690,0.3654,0.4130,0.5462,0.0924,0.5252,,,
summary,2022-07-19,SPY,,,,,,,1.80,,1,,,,,,,,,,0.5009,2022-07-18T09:22:00+00:00,690,1515
trade,2022-07-19,QQQ,Long,2022-07-19T14:40:00+00:00,2022-07-19T15:56:00+00:00,293.8031,295.7063,1.02,1.94,0.006478,4560000,SessionClose,0.4008,0.2953,0.3212,0.3333,0.5624,0.3932,0.1360,0.5810,,,
summary,2022-07-19,QQQ,,,,,,,1.94,,1,,,,,,,,,,0.5696,2022-07-18T08:28:00+00:00,723,1562
trade,2022-07-19,AAPL,Long,2022-07-19T14:29:00+00:00,2022-07-19T15:56:00+00:00,148.5195,149.7101,2.02,2.40,0.008016,5220000,SessionClose,0.3535,0.1843,0.5500,0.3545,0.2860,0.1788,0.0114,0.5319,,,
summary,2022-07-19,AAPL,,,,,,,2.40,,1,,,,,,,,,,0.5256,2022-07-19T15:07:00+00:00,511,1457
trade,2022-07-19,NVDA,Long,2022-07-19T14:40:00+00:00,2022-07-19T15:56:00+00:00,164.2190,166.7150,1.83,4.57,0.015199,4560000,SessionClose,0.4030,0.3417,0.3684,0.3107,0.5992,0.0720,0.1243,0.8663,,,
summary,2022-07-19,NVDA,,,,,,,4.57,,1,,,,,,,,,,0.9436,2022-07-18T08:18:00+00:00,871,1412
trade,2022-07-19,MSFT,Long,2022-07-19T15:00:00+00:00,2022-07-19T15:56:00+00:00,257.1521,257.3678,1.17,0.25,0.000839,3360000,SessionClose,0.4006,0.1899,0.4550,0.4425,0.2986,0.4157,0.0499,0.3947,,,
summary,2022-07-19,MSFT,,,,,,,0.25,,1,,,,,,,,,,0.7113,2022-07-18T08:29:00+00:00,450,1106
trade,2022-07-20,SPY,Long,2022-07-20T14:26:00+00:00,2022-07-20T15:56:00+00:00,393.4525,395.5463,0.76,1.60,0.005322,5400000,SessionClose,0.4177,0.1906,0.5736,0.3875,0.4262,0.1859,0.0778,0.4175,,,
summary,2022-07-20,SPY,,,,,,,1.60,,1,,,,,,,,,,0.5039,2022-07-20T14:52:00+00:00,1324,2357
trade,2022-07-20,QQQ,Long,2022-07-20T14:24:00+00:00,2022-07-20T15:56:00+00:00,300.3951,303.6439,1.00,3.25,0.010815,5520000,SessionClose,0.4009,0.1981,0.5535,0.3133,0.5250,0.1453,0.0500,0.5118,,,
summary,2022-07-20,QQQ,,,,,,,3.25,,1,,,,,,,,,,0.5696,2022-07-18T08:28:00+00:00,1431,2479
trade,2022-07-20,AAPL,Long,2022-07-20T14:26:00+00:00,2022-07-20T15:56:00+00:00,151.5004,153.1790,1.98,3.32,0.011080,5400000,SessionClose,0.4210,0.0900,0.4777,0.3653,0.5137,-0.0419,-0.0852,0.4846,,,
summary,2022-07-20,AAPL,,,,,,,3.32,,1,,,,,,,,,,0.5256,2022-07-19T15:07:00+00:00,1159,2275
trade,2022-07-20,NVDA,Long,2022-07-20T13:41:00+00:00,2022-07-20T15:42:00+00:00,170.9530,176.5720,1.76,9.88,0.032869,7260000,MaxHoldTimeout,0.4661,0.0797,0.5748,0.4968,0.3684,-0.5448,-0.1274,0.7020,,,
summary,2022-07-20,NVDA,,,,,,,9.88,,1,,,,,,,,,,0.9436,2022-07-18T08:18:00+00:00,1562,2240
trade,2022-07-20,MSFT,Long,2022-07-20T13:46:00+00:00,2022-07-20T15:47:00+00:00,260.5863,263.4160,1.15,3.26,0.010859,7260000,MaxHoldTimeout,0.4387,0.3083,0.5729,0.4946,0.2821,0.4076,0.1974,0.4968,,,
summary,2022-07-20,MSFT,,,,,,,3.26,,1,,,,,,,,,,0.7113,2022-07-18T08:29:00+00:00,942,1744
summary,2022-07-21,SPY,,,,,,,0.00,,0,,,,,,,,,,0.5044,2022-07-20T14:52:00+00:00,1810,2962
summary,2022-07-21,QQQ,,,,,,,0.00,,0,,,,,,,,,,0.6314,2022-07-18T14:01:00+00:00,1994,3082
summary,2022-07-21,AAPL,,,,,,,0.00,,0,,,,,,,,,,0.7778,2022-07-18T14:01:00+00:00,1687,2834
trade,2022-07-21,NVDA,Long,2022-07-21T14:56:00+00:00,2022-07-21T15:56:00+00:00,178.2985,179.5910,1.69,2.18,0.007249,3600000,SessionClose,0.4197,0.3938,0.5791,0.3399,0.5261,0.4844,0.2802,0.5908,,,
summary,2022-07-21,NVDA,,,,,,,2.18,,1,,,,,,,,,,1.0000,2022-07-18T13:32:00+00:00,2049,2795
summary,2022-07-21,MSFT,,,,,,,0.00,,0,,,,,,,,,,0.8528,2022-07-18T13:37:00+00:00,1375,2284
summary,2022-07-22,SPY,,,,,,,0.00,,0,,,,,,,,,,0.9569,2022-07-19T14:51:00+00:00,2160,2927
summary,2022-07-22,QQQ,,,,,,,0.00,,0,,,,,,,,,,0.9578,2022-07-19T14:51:00+00:00,2294,3075
summary,2022-07-22,AAPL,,,,,,,0.00,,0,,,,,,,,,,0.9567,2022-07-19T14:49:00+00:00,2240,2802
summary,2022-07-22,NVDA,,,,,,,0.00,,0,,,,,,,,,,0.9583,2022-07-19T14:48:00+00:00,2012,2813
summary,2022-07-22,MSFT,,,,,,,0.00,,0,,,,,,,,,,0.9576,2022-07-19T14:51:00+00:00,1596,2317
summary,2022-07-25,SPY,,,,,,,0.00,,0,,,,,,,,,,0.5309,2022-07-22T13:39:00+00:00,343,1139
summary,2022-07-25,QQQ,,,,,,,0.00,,0,,,,,,,,,,0.8697,2022-07-22T13:50:00+00:00,103,1155
summary,2022-07-25,AAPL,,,,,,,0.00,,0,,,,,,,,,,0.7076,2022-07-22T13:50:00+00:00,154,1106
summary,2022-07-25,NVDA,,,,,,,0.00,,0,,,,,,,,,,0.6617,2022-07-22T14:54:00+00:00,250,1058
summary,2022-07-25,MSFT,,,,,,,0.00,,0,,,,,,,,,,0.6420,2022-07-22T13:51:00+00:00,99,966
summary,2022-07-26,SPY,,,,,,,0.00,,0,,,,,,,,,,0.8033,2022-07-25T09:21:00+00:00,396,1526
summary,2022-07-26,QQQ,,,,,,,0.00,,0,,,,,,,,,,0.7913,2022-07-25T09:22:00+00:00,267,1534
summary,2022-07-26,AAPL,,,,,,,0.00,,0,,,,,,,,,,0.8420,2022-07-25T09:39:00+00:00,225,1441
summary,2022-07-26,NVDA,,,,,,,0.00,,0,,,,,,,,,,0.8846,2022-07-25T08:42:00+00:00,380,1262
summary,2022-07-26,MSFT,,,,,,,0.00,,0,,,,,,,,,,0.7743,2022-07-25T10:02:00+00:00,369,1128
summary,2022-07-27,SPY,,,,,,,0.00,,0,,,,,,,,,,0.8033,2022-07-25T09:21:00+00:00,983,2395
trade,2022-07-27,QQQ,Long,2022-07-27T13:40:00+00:00,2022-07-27T15:41:00+00:00,300.2150,302.1043,1.00,1.89,0.006293,7260000,MaxHoldTimeout,0.4003,0.1520,0.5786,0.3809,0.3794,0.1809,0.0391,0.3682,,,
summary,2022-07-27,QQQ,,,,,,,1.89,,1,,,,,,,,,,0.7913,2022-07-25T09:22:00+00:00,899,2439
trade,2022-07-27,AAPL,Long,2022-07-27T13:38:00+00:00,2022-07-27T15:06:00+00:00,153.3510,154.3337,1.96,1.92,0.006408,5280000,ScoreExit,0.3786,-0.0549,0.5752,0.3331,0.4041,-0.1597,-0.2290,0.3281,,,
summary,2022-07-27,AAPL,,,,,,,1.92,,1,,,,,,,,,,0.8420,2022-07-25T09:39:00+00:00,831,2266
summary,2022-07-27,NVDA,,,,,,,0.00,,0,,,,,,,,,,0.8846,2022-07-25T08:42:00+00:00,963,2046
summary,2022-07-27,MSFT,,,,,,,0.00,,0,,,,,,,,,,0.9068,2022-07-26T22:08:00+00:00,1038,1983
trade,2022-07-28,SPY,Long,2022-07-28T14:56:00+00:00,2022-07-28T15:56:00+00:00,401.1353,403.9438,0.75,2.10,0.007001,3600000,SessionClose,0.4369,0.1523,0.4998,0.4388,0.4120,-0.1289,0.0234,0.5040,,,
summary,2022-07-28,SPY,,,,,,,2.10,,1,,,,,,,,,,0.5476,2022-07-27T19:04:00+00:00,1564,2964
trade,2022-07-28,QQQ,Long,2022-07-28T14:56:00+00:00,2022-07-28T15:56:00+00:00,305.2866,308.2525,0.98,2.92,0.009715,3600000,SessionClose,0.4006,0.1911,0.5366,0.4291,0.2983,0.0975,0.0894,0.4257,,,
summary,2022-07-28,QQQ,,,,,,,2.92,,1,,,,,,,,,,0.5598,2022-07-27T18:44:00+00:00,1486,3049
summary,2022-07-28,AAPL,,,,,,,0.00,,0,,,,,,,,,,0.5896,2022-07-25T13:32:00+00:00,1361,2860
summary,2022-07-28,NVDA,,,,,,,0.00,,0,,,,,,,,,,0.9315,2022-07-25T13:46:00+00:00,1646,2588
trade,2022-07-28,MSFT,Long,2022-07-28T14:48:00+00:00,2022-07-28T15:56:00+00:00,271.4664,274.3427,1.11,3.18,0.010595,4080000,SessionClose,0.4907,0.0963,0.5604,0.4133,0.6225,-0.0055,-0.1325,0.5879,,,
summary,2022-07-28,MSFT,,,,,,,3.18,,1,,,,,,,,,,0.9481,2022-07-26T22:08:00+00:00,1439,2476
trade,2022-07-29,SPY,Long,2022-07-29T14:01:00+00:00,2022-07-29T14:56:00+00:00,409.5478,410.0220,0.73,0.35,0.001158,3300000,ScoreExit,0.4463,-0.0642,0.4673,0.4775,0.3768,-0.5335,-0.2065,0.3768,,,
summary,2022-07-29,SPY,,,,,,,0.35,,1,,,,,,,,,,0.6080,2022-07-26T22:09:00+00:00,2124,2953
trade,2022-07-29,QQQ,Long,2022-07-29T14:01:00+00:00,2022-07-29T14:56:00+00:00,313.3750,313.4709,0.96,0.09,0.000306,3300000,ScoreExit,0.4321,-0.0937,0.4717,0.4786,0.3258,-0.5570,-0.2262,0.3258,,,
summary,2022-07-29,QQQ,,,,,,,0.09,,1,,,,,,,,,,0.6566,2022-07-26T22:09:00+00:00,2218,3080
trade,2022-07-29,AAPL,Long,2022-07-29T13:41:00+00:00,2022-07-29T15:01:00+00:00,161.9344,162.3963,1.85,0.86,0.002852,4800000,ScoreExit,0.3934,-0.0924,0.6199,0.2903,0.5239,-0.5313,-0.3138,0.4967,,,
summary,2022-07-29,AAPL,,,,,,,0.86,,1,,,,,,,,,,0.7312,2022-07-28T20:38:00+00:00,2266,2968
trade,2022-07-29,NVDA,Long,2022-07-29T13:41:00+00:00,2022-07-29T14:58:00+00:00,179.0887,178.7814,1.68,-0.52,-0.001716,4620000,ScoreExit,0.4124,-0.1021,0.5643,0.4394,0.3077,-0.5796,-0.1952,0.2432,,,
summary,2022-07-29,NVDA,,,,,,,-0.52,,1,,,,,,,,,,0.8857,2022-07-26T13:56:00+00:00,1854,2659
summary,2022-07-29,MSFT,,,,,,,0.00,,0,,,,,,,,,,0.9711,2022-07-26T22:08:00+00:00,1902,2589
trade,2022-08-01,SPY,Long,2022-08-01T14:06:00+00:00,2022-08-01T14:26:00+00:00,412.3987,410.5018,0.73,-1.38,-0.004600,1200000,ScoreExit,0.4541,-0.0856,0.5592,0.4844,0.3583,-0.5776,-0.0894,0.0858,,,
trade,2022-08-01,SPY,Long,2022-08-01T14:51:00+00:00,2022-08-01T15:17:00+00:00,412.9538,411.8269,0.73,-0.82,-0.002729,1560000,ScoreExit,0.4091,-0.0539,0.5559,0.3691,0.4403,-0.5175,-0.1445,0.2819,,,
summary,2022-08-01,SPY,,,,,,,-2.20,,2,,,,,,,,,,0.8733,2022-07-29T14:27:00+00:00,700,1101
trade,2022-08-01,QQQ,Long,2022-08-01T13:49:00+00:00,2022-08-01T15:50:00+00:00,315.3196,318.1997,0.95,2.74,0.009134,7260000,MaxHoldTimeout,0.4143,0.3046,0.5481,0.3644,0.4697,0.5693,0.1167,0.5920,,,
summary,2022-08-01,QQQ,,,,,,,2.74,,1,,,,,,,,,,0.9514,2022-07-29T14:44:00+00:00,833,1126
trade,2022-08-01,AAPL,Long,2022-08-01T13:37:00+00:00,2022-08-01T15:38:00+00:00,162.1136,162.8561,1.85,1.37,0.004580,7260000,MaxHoldTimeout,0.3508,-0.0126,0.5353,0.4203,0.1503,-0.4834,-0.1851,0.4895,,,
summary,2022-08-01,AAPL,,,,,,,1.37,,1,,,,,,,,,,1.0000,2022-07-29T13:40:00+00:00,568,1098
trade,2022-08-01,NVDA,Long,2022-08-01T13:41:00+00:00,2022-08-01T15:42:00+00:00,181.7926,185.6893,1.65,6.43,0.021435,7260000,MaxHoldTimeout,0.5528,0.1531,0.4169,0.5005,0.7028,0.1320,-0.2117,0.8899,,,
summary,2022-08-01,NVDA,,,,,,,6.43,,1,,,,,,,,,,1.0000,2022-07-29T13:31:00+00:00,805,1021
trade,2022-08-01,MSFT,Long,2022-08-01T14:51:00+00:00,2022-08-01T15:56:00+00:00,280.2591,280.1410,1.07,-0.13,-0.000421,3900000,SessionClose,0.4402,-0.0307,0.4914,0.4968,0.3099,-0.4835,-0.1112,0.2814,,,
summary,2022-08-01,MSFT,,,,,,,-0.13,,1,,,,,,,,,,0.8985,2022-07-29T14:27:00+00:00,453,950
trade,2022-08-02,SPY,Long,2022-08-02T14:51:00+00:00,2022-08-02T15:32:00+00:00,410.5281,409.4620,0.73,-0.78,-0.002597,2460000,ScoreExit,0.4164,-0.0735,0.5421,0.4922,0.2228,-0.5272,-0.1131,0.1569,,,
summary,2022-08-02,SPY,,,,,,,-0.78,,1,,,,,,,,,,0.6918,2022-08-01T09:34:00+00:00,524,1454
trade,2022-08-02,QQQ,Long,2022-08-02T14:51:00+00:00,2022-08-02T15:32:00+00:00,315.2996,314.2907,0.95,-0.96,-0.003200,2460000,ScoreExit,0.4415,-0.0561,0.5529,0.4991,0.2892,-0.5469,-0.1058,0.2070,,,
summary,2022-08-02,QQQ,,,,,,,-0.96,,1,,,,,,,,,,0.6869,2022-08-01T14:05:00+00:00,659,1510
trade,2022-08-02,AAPL,Long,2022-08-02T14:51:00+00:00,2022-08-02T15:11:00+00:00,161.4135,160.8617,1.86,-1.03,-0.003418,1200000,ScoreExit,0.3787,-0.0626,0.5585,0.4603,0.1554,-0.5205,-0.0373,0.0395,,,
summary,2022-08-02,AAPL,,,,,,,-1.03,,1,,,,,,,,,,0.6510,2022-08-01T13:48:00+00:00,354,1388
trade,2022-08-02,NVDA,Long,2022-08-02T13:37:00+00:00,2022-08-02T14:06:00+00:00,183.4200,182.5902,1.64,-1.36,-0.004524,1740000,ScoreExit,0.4033,-0.1068,0.5504,0.5439,0.0731,-0.3901,-0.2369,0.2478,,,
trade,2022-08-02,NVDA,Long,2022-08-02T14:47:00+00:00,2022-08-02T15:56:00+00:00,184.0248,185.3087,1.63,2.10,0.006977,4140000,SessionClose,0.4069,0.2545,0.5717,0.4085,0.3486,-0.2203,0.1419,0.6380,,,
summary,2022-08-02,NVDA,,,,,,,0.74,,2,,,,,,,,,,0.8451,2022-08-01T14:13:00+00:00,704,1248
summary,2022-08-02,MSFT,,,,,,,0.00,,0,,,,,,,,,,0.6544,2022-08-01T14:53:00+00:00,267,1058
summary,2022-08-03,SPY,,,,,,,0.00,,0,,,,,,,,,,0.6918,2022-08-01T09:34:00+00:00,972,2274
trade,2022-08-03,QQQ,Long,2022-08-03T13:36:00+00:00,2022-08-03T15:37:00+00:00,317.3002,320.6088,0.95,3.13,0.010427,7260000,MaxHoldTimeout,0.4113,0.3997,0.4083,0.4220,0.3911,0.1803,0.3974,0.4776,,,
summary,2022-08-03,QQQ,,,,,,,3.13,,1,,,,,,,,,,0.6869,2022-08-01T14:05:00+00:00,1183,2366
trade,2022-08-03,AAPL,Long,2022-08-03T13:36:00+00:00,2022-08-03T15:37:00+00:00,162.0101,164.4357,1.85,4.49,0.014972,7260000,MaxHoldTimeout,0.4189,0.2768,0.5004,0.4223,0.3849,-0.3361,0.2465,0.5415,,,
summary,2022-08-03,AAPL,,,,,,,4.49,,1,,,,,,,,,,0.6510,2022-08-01T13:48:00+00:00,849,2168
trade,2022-08-03,NVDA,Long,2022-08-03T13:58:00+00:00,2022-08-03T14:36:00+00:00,184.9814,183.8598,1.63,-1.82,-0.006063,2280000,ScoreExit,0.4007,-0.1539,0.5545,0.4694,0.2119,-0.5747,-0.2009,0.0804,,,
summary,2022-08-03,NVDA,,,,,,,-1.82,,1,,,,,,,,,,0.8451,2022-08-01T14:13:00+00:00,1071,2013
trade,2022-08-03,MSFT,Long,2022-08-03T14:03:00+00:00,2022-08-03T15:56:00+00:00,279.0588,280.9507,1.08,2.03,0.006780,6780000,SessionClose,0.4241,0.3864,0.4662,0.4502,0.3579,0.2252,0.3517,0.5094,,,
summary,2022-08-03,MSFT,,,,,,,2.03,,1,,,,,,,,,,0.6544,2022-08-01T14:53:00+00:00,678,1602
summary,2022-08-04,SPY,,,,,,,0.00,,0,,,,,,,,,,0.9576,2022-08-01T14:53:00+00:00,1352,2880
summary,2022-08-04,QQQ,,,,,,,0.00,,0,,,,,,,,,,0.9574,2022-08-01T14:45:00+00:00,1674,2990
summary,2022-08-04,AAPL,,,,,,,0.00,,0,,,,,,,,,,1.0000,2022-08-01T13:40:00+00:00,1258,2721
trade,2022-08-04,NVDA,Long,2022-08-04T13:41:00+00:00,2022-08-04T14:31:00+00:00,188.2915,189.2507,1.59,1.53,0.005094,3000000,ScoreExit,0.4101,-0.1494,-0.2305,0.4659,0.5119,-0.5218,-0.3450,0.3659,,,
summary,2022-08-04,NVDA,,,,,,,1.53,,1,,,,,,,,,,1.0000,2022-08-01T13:41:00+00:00,1498,2555
summary,2022-08-04,MSFT,,,,,,,0.00,,0,,,,,,,,,,0.9569,2022-08-01T14:55:00+00:00,1042,2084
trade,2022-08-05,SPY,Long,2022-08-05T14:03:00+00:00,2022-08-05T15:01:00+00:00,413.0789,412.5712,0.73,-0.37,-0.001229,3480000,ScoreExit,0.4028,-0.1615,0.5815,0.5128,0.1230,-0.4655,-0.1953,0.0075,,,
summary,2022-08-05,SPY,,,,,,,-0.37,,1,,,,,,,,,,0.9563,2022-08-02T14:53:00+00:00,1752,2815
trade,2022-08-05,QQQ,Long,2022-08-05T14:06:00+00:00,2022-08-05T14:59:00+00:00,321.6515,321.8085,0.93,0.15,0.000488,3180000,ScoreExit,0.4099,-0.0654,0.3327,0.5200,0.2155,-0.3433,-0.1595,0.2155,,,
summary,2022-08-05,QQQ,,,,,,,0.15,,1,,,,,,,,,,0.9593,2022-08-02T14:53:00+00:00,2030,2910
trade,2022-08-05,AAPL,Long,2022-08-05T14:02:00+00:00,2022-08-05T14:49:00+00:00,164.7644,164.8905,1.82,0.23,0.000765,2820000,ScoreExit,0.3738,-0.0746,0.2826,0.4644,0.2232,-0.4893,-0.1554,0.2252,,,
summary,2022-08-05,AAPL,,,,,,,0.23,,1,,,,,,,,,,0.9567,2022-08-02T14:44:00+00:00,1817,2654
trade,2022-08-05,NVDA,Long,2022-08-05T14:03:00+00:00,2022-08-05T15:01:00+00:00,189.5418,190.0080,1.59,0.74,0.002459,3480000,ScoreExit,0.4248,-0.1834,0.5769,0.4156,0.3924,-0.5767,-0.2670,0.1148,,,
summary,2022-08-05,NVDA,,,,,,,0.74,,1,,,,,,,,,,1.0000,2022-08-02T13:31:00+00:00,1778,2508
trade,2022-08-05,MSFT,Long,2022-08-05T14:02:00+00:00,2022-08-05T15:01:00+00:00,281.5294,281.6866,1.07,0.17,0.000558,3540000,ScoreExit,0.4067,-0.0903,0.2886,0.4918,0.2760,-0.5248,-0.1417,0.1575,,,
summary,2022-08-05,MSFT,,,,,,,0.17,,1,,,,,,,,,,0.9433,2022-08-02T14:54:00+00:00,1497,2089
trade,2022-08-08,SPY,Long,2022-08-08T13:51:00+00:00,2022-08-08T15:07:00+00:00,417.4202,416.8699,0.72,-0.40,-0.001318,4560000,MaxHoldTimeout,0.4464,0.0934,0.5627,0.4001,0.5001,0.2643,-0.1018,0.4268,,,
summary,2022-08-08,SPY,,,,,,,-0.40,,1,,,,,,,,,,0.8899,2022-08-05T14:15:00+00:00,759,1125
trade,2022-08-08,QQQ,Long,2022-08-08T13:41:00+00:00,2022-08-08T14:48:00+00:00,324.6424,324.4676,0.92,-0.16,-0.000538,4020000,ScoreExit,0.4827,-0.0692,0.5826,0.4103,0.5940,-0.5723,-0.2844,0.5291,,,
summary,2022-08-08,QQQ,,,,,,,-0.16,,1,,,,,,,,,,0.8971,2022-08-05T14:13:00+00:00,588,1125
trade,2022-08-08,AAPL,Long,2022-08-08T13:31:00+00:00,2022-08-08T14:48:00+00:00,166.4699,166.7550,1.80,0.51,0.001712,4620000,ScoreExit,0.3892,-0.0534,0.3691,0.2877,0.5990,-0.4050,-0.2861,0.5291,,,
summary,2022-08-08,AAPL,,,,,,,0.51,,1,,,,,,,,,,0.9628,2022-08-05T13:38:00+00:00,621,1078
summary,2022-08-08,NVDA,,,,,,,0.00,,0,,,,,,,,,,0.9055,2022-08-05T14:13:00+00:00,472,1007
trade,2022-08-08,MSFT,Long,2022-08-08T13:36:00+00:00,2022-08-08T14:35:00+00:00,284.1302,284.1997,1.06,0.07,0.000245,3540000,ScoreExit,0.4030,-0.0590,0.3799,0.3377,0.5415,-0.4001,-0.2619,0.4605,,,
summary,2022-08-08,MSFT,,,,,,,0.07,,1,,,,,,,,,,0.8946,2022-08-05T14:02:00+00:00,461,911
summary,2022-08-09,SPY,,,,,,,0.00,,0,,,,,,,,,,0.4798,2022-08-08T10:41:00+00:00,317,1446
summary,2022-08-09,QQQ,,,,,,,0.00,,0,,,,,,,,,,0.6601,2022-08-08T13:50:00+00:00,240,1513
summary,2022-08-09,AAPL,,,,,,,0.00,,0,,,,,,,,,,0.6120,2022-08-08T13:44:00+00:00,350,1339
summary,2022-08-09,NVDA,,,,,,,0.00,,0,,,,,,,,,,0.7519,2022-08-08T19:39:00+00:00,321,1402
summary,2022-08-09,MSFT,,,,,,,0.00,,0,,,,,,,,,,0.7731,2022-08-08T10:54:00+00:00,353,1045
summary,2022-08-10,SPY,,,,,,,0.00,,0,,,,,,,,,,0.5987,2022-08-10T12:35:00+00:00,740,2241
summary,2022-08-10,QQQ,,,,,,,0.00,,0,,,,,,,,,,0.6601,2022-08-08T13:50:00+00:00,644,2372
summary,2022-08-10,AAPL,,,,,,,0.00,,0,,,,,,,,,,0.6120,2022-08-08T13:44:00+00:00,853,2065
trade,2022-08-10,NVDA,Long,2022-08-10T14:51:00+00:00,2022-08-10T15:56:00+00:00,175.8677,179.2212,1.71,5.72,0.019068,3900000,SessionClose,0.4418,0.5609,0.5800,0.3279,0.6236,0.4621,0.5182,0.6794,,,
summary,2022-08-10,NVDA,,,,,,,5.72,,1,,,,,,,,,,0.7709,2022-08-10T12:48:00+00:00,756,2131
summary,2022-08-10,MSFT,,,,,,,0.00,,0,,,,,,,,,,0.7731,2022-08-08T10:54:00+00:00,847,1632
trade,2022-08-11,SPY,Long,2022-08-11T14:16:00+00:00,2022-08-11T15:01:00+00:00,424.5723,423.3180,0.71,-0.89,-0.002954,2700000,ScoreExit,0.4342,-0.1200,0.5587,0.4092,0.4428,-0.3820,-0.3041,0.3356,,,
summary,2022-08-11,SPY,,,,,,,-0.89,,1,,,,,,,,,,0.6012,2022-08-10T12:35:00+00:00,1207,2849
trade,2022-08-11,QQQ,Long,2022-08-11T14:16:00+00:00,2022-08-11T14:41:00+00:00,330.1340,328.8163,0.91,-1.20,-0.003991,1500000,ScoreExit,0.4149,-0.0921,0.5611,0.4360,0.3239,-0.5522,-0.2235,0.3239,,,
summary,2022-08-11,QQQ,,,,,,,-1.20,,1,,,,,,,,,,0.9214,2022-08-08T13:44:00+00:00,1054,2955
trade,2022-08-11,AAPL,Long,2022-08-11T14:00:00+00:00,2022-08-11T14:41:00+00:00,170.3061,170.0440,1.76,-0.46,-0.001539,2460000,ScoreExit,0.3760,-0.0628,0.4370,0.2965,0.5147,-0.5356,-0.2487,0.4666,,,
summary,2022-08-11,AAPL,,,,,,,-0.46,,1,,,,,,,,,,0.9344,2022-08-08T13:44:00+00:00,1390,2612
trade,2022-08-11,NVDA,Long,2022-08-11T13:41:00+00:00,2022-08-11T15:01:00+00:00,182.6398,184.5496,1.64,3.13,0.010457,4800000,ScoreExit,0.4134,-0.0770,0.6172,0.2362,0.6999,-0.2048,-0.3367,0.4851,,,
summary,2022-08-11,NVDA,,,,,,,3.13,,1,,,,,,,,,,1.0000,2022-08-08T13:32:00+00:00,1249,2690
summary,2022-08-11,MSFT,,,,,,,0.00,,0,,,,,,,,,,1.0000,2022-08-08T13:39:00+00:00,1154,2131
summary,2022-08-12,SPY,,,,,,,0.00,,0,,,,,,,,,,0.6427,2022-08-10T12:35:00+00:00,2054,2857
summary,2022-08-12,QQQ,,,,,,,0.00,,0,,,,,,,,,,0.7120,2022-08-10T12:31:00+00:00,2084,2942
trade,2022-08-12,AAPL,Long,2022-08-12T14:19:00+00:00,2022-08-12T15:56:00+00:00,170.5645,170.9822,1.76,0.74,0.002449,5820000,SessionClose,0.3540,0.1059,0.5266,0.3386,0.3271,0.4670,-0.0735,0.3444,,,
summary,2022-08-12,AAPL,,,,,,,0.74,,1,,,,,,,,,,0.7033,2022-08-09T14:49:00+00:00,2161,2624
trade,2022-08-12,NVDA,Long,2022-08-12T13:41:00+00:00,2022-08-12T15:42:00+00:00,182.3775,184.6334,1.65,3.73,0.012369,7260000,MaxHoldTimeout,0.4544,0.0438,0.6150,0.4441,0.4214,-0.1065,-0.1287,0.4390,,,
summary,2022-08-12,NVDA,,,,,,,3.73,,1,,,,,,,,,,0.9339,2022-08-09T13:41:00+00:00,1749,2517
summary,2022-08-12,MSFT,,,,,,,0.00,,0,,,,,,,,,,0.9553,2022-08-09T14:48:00+00:00,1656,2114
trade,2022-08-15,SPY,Long,2022-08-15T13:51:00+00:00,2022-08-15T14:21:00+00:00,426.2228,425.7272,0.70,-0.35,-0.001163,1800000,ScoreExit,0.4341,-0.0552,0.5610,0.4595,0.3410,-0.4948,-0.1354,0.2519,,,
summary,2022-08-15,SPY,,,,,,,-0.35,,1,,,,,,,,,,0.6331,2022-08-12T15:02:00+00:00,923,1164
trade,2022-08-15,QQQ,Long,2022-08-15T13:31:00+00:00,2022-08-15T14:21:00+00:00,330.2240,329.8852,0.91,-0.31,-0.001026,3000000,ScoreExit,0.4578,-0.0775,0.5434,0.4305,0.4836,-0.4803,-0.2224,0.3464,,,
summary,2022-08-15,QQQ,,,,,,,-0.31,,1,,,,,,,,,,0.7167,2022-08-12T14:19:00+00:00,959,1139
trade,2022-08-15,AAPL,Long,2022-08-15T13:36:00+00:00,2022-08-15T14:51:00+00:00,171.8588,171.8634,1.75,0.01,0.000027,4500000,ScoreExit,0.4077,-0.0541,0.4386,0.4102,0.3923,-0.5621,-0.1801,0.3671,,,
summary,2022-08-15,AAPL,,,,,,,0.01,,1,,,,,,,,,,0.8880,2022-08-12T15:04:00+00:00,923,1104
summary,2022-08-15,NVDA,,,,,,,0.00,,0,,,,,,,,,,1.0000,2022-08-12T13:40:00+00:00,963,1034
trade,2022-08-15,MSFT,Long,2022-08-15T13:31:00+00:00,2022-08-15T13:43:00+00:00,291.5524,290.8877,1.03,-0.68,-0.002280,720000,ScoreExit,0.4019,-0.0605,0.5639,0.3674,0.4170,-0.4618,-0.1755,0.3034,,,
summary,2022-08-15,MSFT,,,,,,,-0.68,,1,,,,,,,,,,0.6251,2022-08-12T14:19:00+00:00,739,917
summary,2022-08-16,SPY,,,,,,,0.00,,0,,,,,,,,,,0.5742,2022-08-15T15:53:00+00:00,937,1462
summary,2022-08-16,QQQ,,,,,,,0.00,,0,,,,,,,,,,0.6286,2022-08-15T15:48:00+00:00,898,1445
summary,2022-08-16,AAPL,,,,,,,0.00,,0,,,,,,,,,,0.6149,2022-08-15T15:48:00+00:00,906,1361
summary,2022-08-16,NVDA,,,,,,,0.00,,0,,,,,,,,,,0.7580,2022-08-15T13:34:00+00:00,742,1206
summary,2022-08-16,MSFT,,,,,,,0.00,,0,,,,,,,,,,0.7530,2022-08-15T10:10:00+00:00,672,1037
summary,2022-08-17,SPY,,,,,,,0.00,,0,,,,,,,,,,0.5742,2022-08-15T15:53:00+00:00,1067,2300
summary,2022-08-17,QQQ,,,,,,,0.00,,0,,,,,,,,,,0.6286,2022-08-15T15:48:00+00:00,1010,2267
trade,2022-08-17,AAPL,Long,2022-08-17T13:33:00+00:00,2022-08-17T14:36:00+00:00,173.6171,173.7429,1.73,0.22,0.000725,3780000,ScoreExit,0.3575,-0.0880,0.5614,0.3513,0.3018,-0.3871,-0.1804,0.1965,,,
summary,2022-08-17,AAPL,,,,,,,0.22,,1,,,,,,,,,,0.6149,2022-08-15T15:48:00+00:00,1384,2194
summary,2022-08-17,NVDA,,,,,,,0.00,,0,,,,,,,,,,0.7580,2022-08-15T13:34:00+00:00,793,1870
summary,2022-08-17,MSFT,,,,,,,0.00,,0,,,,,,,,,,0.7530,2022-08-15T10:10:00+00:00,877,1603
summary,2022-08-18,SPY,,,,,,,0.00,,0,,,,,,,,,,0.6333,2022-08-15T13:58:00+00:00,1113,2850
summary,2022-08-18,QQQ,,,,,,,0.00,,0,,,,,,,,,,0.7136,2022-08-15T13:58:00+00:00,1045,2860
summary,2022-08-18,AAPL,,,,,,,0.00,,0,,,,,,,,,,0.6599,2022-08-15T15:48:00+00:00,1801,2829
trade,2022-08-18,NVDA,Long,2022-08-18T14:46:00+00:00,2022-08-18T15:56:00+00:00,185.9408,188.4684,1.61,4.08,0.013594,4200000,SessionClose,0.4362,0.2311,0.5729,0.4945,0.2742,0.5469,0.0006,0.5867,,,
summary,2022-08-18,NVDA,,,,,,,4.08,,1,,,,,,,,,,1.0000,2022-08-15T13:33:00+00:00,1084,2426
summary,2022-08-18,MSFT,,,,,,,0.00,,0,,,,,,,,,,0.7824,2022-08-15T13:56:00+00:00,835,2056
summary,2022-08-19,SPY,,,,,,,0.00,,0,,,,,,,,,,0.6310,2022-08-16T15:54:00+00:00,681,2883
summary,2022-08-19,QQQ,,,,,,,0.00,,0,,,,,,,,,,0.7001,2022-08-16T15:54:00+00:00,667,2921
summary,2022-08-19,AAPL,,,,,,,0.00,,0,,,,,,,,,,0.6398,2022-08-16T15:19:00+00:00,1422,2899
summary,2022-08-19,NVDA,,,,,,,0.00,,0,,,,,,,,,,0.7305,2022-08-16T13:32:00+00:00,826,2465
summary,2022-08-19,MSFT,,,,,,,0.00,,0,,,,,,,,,,0.6806,2022-08-16T15:54:00+00:00,561,2058
summary,2022-08-22,SPY,,,,,,,0.00,,0,,,,,,,,,,0.3150,2022-08-19T16:39:00+00:00,36,1179
summary,2022-08-22,QQQ,,,,,,,0.00,,0,,,,,,,,,,0.2867,2022-08-19T17:04:00+00:00,12,1152
summary,2022-08-22,AAPL,,,,,,,0.00,,0,,,,,,,,,,0.3847,2022-08-19T17:04:00+00:00,24,1172
summary,2022-08-22,NVDA,,,,,,,0.00,,0,,,,,,,,,,0.7849,2022-08-19T13:31:00+00:00,75,1064
summary,2022-08-22,MSFT,,,,,,,0.00,,0,,,,,,,,,,0.4656,2022-08-19T13:32:00+00:00,8,970
summary,2022-08-23,SPY,,,,,,,0.00,,0,,,,,,,,,,0.3565,2022-08-23T14:09:00+00:00,320,1517
trade,2022-08-23,QQQ,Long,2022-08-23T14:11:00+00:00,2022-08-23T14:37:00+00:00,316.8000,315.3204,0.95,-1.40,-0.004671,1560000,ScoreExit,0.4214,-0.0557,0.5958,0.4894,0.2272,-0.4781,-0.0491,0.0720,,,
summary,2022-08-23,QQQ,,,,,,,-1.40,,1,,,,,,,,,,0.4214,2022-08-23T14:10:00+00:00,428,1523
trade,2022-08-23,AAPL,Long,2022-08-23T14:10:00+00:00,2022-08-23T14:36:00+00:00,168.5656,168.0247,1.78,-0.96,-0.003209,1560000,ScoreExit,0.3523,-0.0966,0.5702,0.4249,0.1343,-0.4308,-0.1087,0.0390,,,
summary,2022-08-23,AAPL,,,,,,,-0.96,,1,,,,,,,,,,0.5147,2022-08-22T13:29:00+00:00,403,1451
trade,2022-08-23,NVDA,Long,2022-08-23T13:31:00+00:00,2022-08-23T14:54:00+00:00,170.8762,172.3733,1.76,2.63,0.008761,4980000,ScoreExit,0.4052,-0.1112,0.5082,0.5080,0.1653,-0.4959,-0.2682,0.3312,,,
summary,2022-08-23,NVDA,,,,,,,2.63,,1,,,,,,,,,,0.5810,2022-08-23T13:50:00+00:00,382,1291
summary,2022-08-23,MSFT,,,,,,,0.00,,0,,,,,,,,,,0.4251,2022-08-22T13:29:00+00:00,88,1082
summary,2022-08-24,SPY,,,,,,,0.00,,0,,,,,,,,,,0.3565,2022-08-23T14:09:00+00:00,511,2310
summary,2022-08-24,QQQ,,,,,,,0.00,,0,,,,,,,,,,0.4214,2022-08-23T14:10:00+00:00,654,2329
summary,2022-08-24,AAPL,,,,,,,0.00,,0,,,,,,,,,,0.5147,2022-08-22T13:29:00+00:00,577,2191
summary,2022-08-24,NVDA,,,,,,,0.00,,0,,,,,,,,,,0.5810,2022-08-23T13:50:00+00:00,613,1965
summary,2022-08-24,MSFT,,,,,,,0.00,,0,,,,,,,,,,0.4251,2022-08-22T13:29:00+00:00,88,1624
trade,2022-08-25,SPY,Long,2022-08-25T14:21:00+00:00,2022-08-25T15:01:00+00:00,416.8501,416.8399,0.72,-0.01,-0.000024,2400000,ScoreExit,0.4045,-0.0729,0.3097,0.4566,0.3319,-0.5221,-0.1728,0.2766,,,
summary,2022-08-25,SPY,,,,,,,-0.01,,1,,,,,,,,,,0.4706,2022-08-25T08:01:00+00:00,948,2835
trade,2022-08-25,QQQ,Long,2022-08-25T14:21:00+00:00,2022-08-25T15:01:00+00:00,318.3305,318.3895,0.94,0.06,0.000185,2400000,ScoreExit,0.4044,-0.0966,0.2612,0.4750,0.3110,-0.5098,-0.2013,0.2506,,,
summary,2022-08-25,QQQ,,,,,,,0.06,,1,,,,,,,,,,0.4820,2022-08-25T08:01:00+00:00,1097,2915
trade,2022-08-25,AAPL,Long,2022-08-25T13:31:00+00:00,2022-08-25T14:29:00+00:00,169.0557,169.1741,1.77,0.21,0.000701,3480000,ScoreExit,0.3817,-0.0519,0.4613,0.3703,0.3780,-0.5580,-0.1521,0.3171,,,
summary,2022-08-25,AAPL,,,,,,,0.21,,1,,,,,,,,,,0.4376,2022-08-25T08:01:00+00:00,1001,2681
summary,2022-08-25,NVDA,,,,,,,0.00,,0,,,,,,,,,,0.9176,2022-08-22T13:45:00+00:00,1086,2678
summary,2022-08-25,MSFT,,,,,,,0.00,,0,,,,,,,,,,0.4445,2022-08-25T19:59:00+00:00,263,2047
summary,2022-08-26,SPY,,,,,,,0.00,,0,,,,,,,,,,0.7181,2022-08-23T14:10:00+00:00,1304,2843
summary,2022-08-26,QQQ,,,,,,,0.00,,0,,,,,,,,,,0.8990,2022-08-23T14:10:00+00:00,1388,2913
summary,2022-08-26,AAPL,,,,,,,0.00,,0,,,,,,,,,,0.7857,2022-08-23T14:11:00+00:00,1362,2639
summary,2022-08-26,NVDA,,,,,,,0.00,,0,,,,,,,,,,1.0000,2022-08-23T13:32:00+00:00,1180,2713
summary,2022-08-26,MSFT,,,,,,,0.00,,0,,,,,,,,,,0.8420,2022-08-23T14:11:00+00:00,775,2059
summary,2022-08-29,SPY,,,,,,,0.00,,0,,,,,,,,,,0.7474,2022-08-26T14:09:00+00:00,20,1196
summary,2022-08-29,QQQ,,,,,,,0.00,,0,,,,,,,,,,0.9163,2022-08-26T14:09:00+00:00,18,1199
summary,2022-08-29,AAPL,,,,,,,0.00,,0,,,,,,,,,,0.7981,2022-08-26T14:09:00+00:00,15,1178
trade,2022-08-29,NVDA,Long,2022-08-29T13:31:00+00:00,2022-08-29T14:47:00+00:00,161.4210,159.2972,1.85,-3.94,-0.013157,4560000,MaxHoldTimeout,0.4611,0.0000,0.5208,0.6019,0.1594,-0.3630,-0.3644,-0.0657,,,
summary,2022-08-29,NVDA,,,,,,,-3.94,,1,,,,,,,,,,0.9232,2022-08-26T14:09:00+00:00,168,1119
summary,2022-08-29,MSFT,,,,,,,0.00,,0,,,,,,,,,,0.7842,2022-08-26T14:09:00+00:00,25,991
summary,2022-08-30,SPY,,,,,,,0.00,,0,,,,,,,,,,0.5853,2022-08-29T16:50:00+00:00,648,1571
summary,2022-08-30,QQQ,,,,,,,0.00,,0,,,,,,,,,,0.5961,2022-08-29T13:34:00+00:00,652,1566
summary,2022-08-30,AAPL,,,,,,,0.00,,0,,,,,,,,,,0.7184,2022-08-29T08:00:00+00:00,619,1470
summary,2022-08-30,NVDA,,,,,,,0.00,,0,,,,,,,,,,0.7256,2022-08-29T13:33:00+00:00,238,1395
summary,2022-08-30,MSFT,,,,,,,0.00,,0,,,,,,,,,,1.0000,2022-08-29T08:00:00+00:00,348,1083
summary,2022-08-31,SPY,,,,,,,0.00,,0,,,,,,,,,,0.5853,2022-08-29T16:50:00+00:00,701,2425
summary,2022-08-31,QQQ,,,,,,,0.00,,0,,,,,,,,,,0.5961,2022-08-29T13:34:00+00:00,803,2407
summary,2022-08-31,AAPL,,,,,,,0.00,,0,,,,,,,,,,0.7184,2022-08-29T08:00:00+00:00,701,2264
summary,2022-08-31,NVDA,,,,,,,0.00,,0,,,,,,,,,,0.7256,2022-08-29T13:33:00+00:00,238,2118
summary,2022-08-31,MSFT,,,,,,,0.00,,0,,,,,,,,,,1.0000,2022-08-29T08:00:00+00:00,504,1632
summary,2022-09-01,SPY,,,,,,,0.00,,0,,,,,,,,,,0.6170,2022-08-29T14:17:00+00:00,551,3009
summary,2022-09-01,QQQ,,,,,,,0.00,,0,,,,,,,,,,0.9714,2022-08-29T13:36:00+00:00,632,3021
summary,2022-09-01,AAPL,,,,,,,0.00,,0,,,,,,,,,,1.0000,2022-08-29T13:34:00+00:00,635,2834
summary,2022-09-01,NVDA,,,,,,,0.00,,0,,,,,,,,,,1.0000,2022-08-29T13:31:00+00:00,229,2792
summary,2022-09-01,MSFT,,,,,,,0.00,,0,,,,,,,,,,0.9321,2022-08-29T13:36:00+00:00,524,2156
trade,2022-09-02,SPY,Long,2022-09-02T14:31:00+00:00,2022-09-02T15:56:00+00:00,400.6852,401.1646,0.75,0.36,0.001197,5100000,SessionClose,0.4179,0.2399,0.5398,0.3877,0.4376,0.5432,0.0814,0.4559,,,
summary,2022-09-02,SPY,,,,,,,0.36,,1,,,,,,,,,,0.4603,2022-09-02T12:37:00+00:00,784,2946
trade,2022-09-02,QQQ,Long,2022-09-02T14:31:00+00:00,2022-09-02T15:47:00+00:00,302.7858,302.5742,0.99,-0.21,-0.000699,4560000,MaxHoldTimeout,0.4595,0.2073,0.5529,0.4625,0.4224,0.4563,0.0446,0.4499,,,
summary,2022-09-02,QQQ,,,,,,,-0.21,,1,,,,,,,,,,0.4759,2022-08-31T10:51:00+00:00,932,3044
trade,2022-09-02,AAPL,Long,2022-09-02T14:31:00+00:00,2022-09-02T14:52:00+00:00,160.2180,159.8570,1.87,-0.68,-0.002253,1260000,ScoreExit,0.3841,-0.0598,0.5059,0.3851,0.3413,-0.2237,-0.2330,0.3413,,,
summary,2022-09-02,AAPL,,,,,,,-0.68,,1,,,,,,,,,,0.4471,2022-08-31T10:54:00+00:00,839,2835
summary,2022-09-02,NVDA,,,,,,,0.00,,0,,,,,,,,,,0.5581,2022-08-30T13:33:00+00:00,290,2853
trade,2022-09-02,MSFT,Long,2022-09-02T14:27:00+00:00,2022-09-02T15:42:00+00:00,263.3340,263.2960,1.14,-0.04,-0.000144,4500000,ScoreExit,0.4200,-0.0606,0.4853,0.4029,0.4324,-0.5658,-0.2105,0.4077,,,
summary,2022-09-02,MSFT,,,,,,,-0.04,,1,,,,,,,,,,0.4811,2022-08-31T10:50:00+00:00,635,2204
summary,2022-09-05,SPY,,,,,,,0.00,,0,,,,,,,,,,0.9541,2022-09-02T14:42:00+00:00,120,490
summary,2022-09-05,QQQ,,,,,,,0.00,,0,,,,,,,,,,0.9520,2022-09-02T14:42:00+00:00,117,483
summary,2022-09-05,AAPL,,,,,,,0.00,,0,,,,,,,,,,0.8888,2022-09-02T14:32:00+00:00,97,496
summary,2022-09-05,NVDA,,,,,,,0.00,,0,,,,,,,,,,0.9527,2022-09-02T14:42:00+00:00,111,479
summary,2022-09-05,MSFT,,,,,,,0.00,,0,,,,,,,,,,0.9545,2022-09-02T14:40:00+00:00,130,443
trade,2022-09-06,SPY,Long,2022-09-06T14:51:00+00:00,2022-09-06T15:56:00+00:00,392.2526,393.4569,0.77,0.92,0.003070,3900000,SessionClose,0.4330,0.3915,0.5309,0.4000,0.4664,0.3284,0.1443,0.9069,,,
summary,2022-09-06,SPY,,,,,,,0.92,,1,,,,,,,,,,0.6600,2022-09-06T15:08:00+00:00,212,656
trade,2022-09-06,QQQ,Long,2022-09-06T14:51:00+00:00,2022-09-06T15:56:00+00:00,294.1727,295.5863,1.02,1.44,0.004805,3900000,SessionClose,0.4144,0.4469,0.5414,0.4111,0.3785,0.4227,0.1743,1.0000,,,
summary,2022-09-06,QQQ,,,,,,,1.44,,1,,,,,,,,,,0.6575,2022-09-06T15:08:00+00:00,232,685
trade,2022-09-06,AAPL,Long,2022-09-06T14:41:00+00:00,2022-09-06T15:56:00+00:00,155.7117,156.1082,1.93,0.76,0.002546,4500000,SessionClose,0.3689,0.3151,0.5903,0.2699,0.4932,0.3584,0.0466,0.8377,,,
summary,2022-09-06,AAPL,,,,,,,0.76,,1,,,,,,,,,,0.6058,2022-09-06T15:08:00+00:00,238,640
trade,2022-09-06,NVDA,Long,2022-09-06T14:52:00+00:00,2022-09-06T15:56:00+00:00,136.1158,137.4038,2.20,2.84,0.009462,3840000,SessionClose,0.5723,0.5065,0.5747,0.3581,1.0000,0.3750,0.2817,1.0000,,,
summary,2022-09-06,NVDA,,,,,,,2.84,,1,,,,,,,,,,0.6722,2022-09-06T15:08:00+00:00,170,577
trade,2022-09-06,MSFT,Long,2022-09-06T14:52:00+00:00,2022-09-06T15:56:00+00:00,256.0268,256.3381,1.17,0.36,0.001216,3840000,SessionClose,0.4591,0.2166,0.5039,0.4162,0.5298,0.2026,-0.0030,0.6605,,,
summary,2022-09-06,MSFT,,,,,,,0.36,,1,,,,,,,,,,0.6235,2022-09-06T14:57:00+00:00,103,499
trade,2022-09-07,SPY,Long,2022-09-07T13:37:00+00:00,2022-09-07T14:12:00+00:00,392.2026,391.3526,0.77,-0.65,-0.002167,2100000,ScoreExit,0.4140,-0.0537,0.5980,0.4544,0.2718,-0.3487,-0.1672,0.2714,,,
summary,2022-09-07,SPY,,,,,,,-0.65,,1,,,,,,,,,,0.6600,2022-09-06T15:08:00+00:00,803,1493
trade,2022-09-07,QQQ,Long,2022-09-07T13:32:00+00:00,2022-09-07T14:11:00+00:00,294.4633,294.0967,1.02,-0.37,-0.001245,2340000,ScoreExit,0.4135,-0.0975,0.5153,0.4429,0.3208,-0.4157,-0.2310,0.2758,,,
summary,2022-09-07,QQQ,,,,,,,-0.37,,1,,,,,,,,,,0.6575,2022-09-06T15:08:00+00:00,787,1504
trade,2022-09-07,AAPL,Long,2022-09-07T13:36:00+00:00,2022-09-07T14:06:00+00:00,155.3816,155.1884,1.93,-0.37,-0.001243,1800000,ScoreExit,0.3653,-0.1115,0.3403,0.4170,0.2701,-0.2157,-0.1892,0.0787,,,
summary,2022-09-07,AAPL,,,,,,,-0.37,,1,,,,,,,,,,0.6058,2022-09-06T15:08:00+00:00,750,1424
trade,2022-09-07,NVDA,Long,2022-09-07T13:36:00+00:00,2022-09-07T13:44:00+00:00,136.5760,135.3944,2.20,-2.60,-0.008652,480000,ScoreExit,0.4489,-0.1225,0.6022,0.5374,0.2208,-0.5793,-0.1110,0.0070,,,
summary,2022-09-07,NVDA,,,,,,,-2.60,,1,,,,,,,,,,0.6722,2022-09-06T15:08:00+00:00,513,1272
trade,2022-09-07,MSFT,Long,2022-09-07T13:37:00+00:00,2022-09-07T14:06:00+00:00,255.3716,254.7386,1.18,-0.74,-0.002479,1740000,ScoreExit,0.4110,-0.1428,0.5605,0.3990,0.3851,-0.2783,-0.3086,0.2341,,,
summary,2022-09-07,MSFT,,,,,,,-0.74,,1,,,,,,,,,,0.6235,2022-09-06T14:57:00+00:00,521,1075
trade,2022-09-08,SPY,Long,2022-09-08T14:17:00+00:00,2022-09-08T15:48:00+00:00,397.0991,399.4051,0.76,1.74,0.005807,5460000,ScoreExit,0.4169,-0.0779,0.4458,0.4490,0.3430,-0.4248,-0.2138,0.3095,,,
summary,2022-09-08,SPY,,,,,,,1.74,,1,,,,,,,,,,0.6600,2022-09-06T15:08:00+00:00,1361,2320
trade,2022-09-08,QQQ,Long,2022-09-08T14:17:00+00:00,2022-09-08T15:46:00+00:00,298.2919,300.5748,1.01,2.30,0.007653,5340000,ScoreExit,0.4118,-0.0605,0.4220,0.4318,0.3685,-0.1239,-0.2378,0.3153,,,
summary,2022-09-08,QQQ,,,,,,,2.30,,1,,,,,,,,,,0.6575,2022-09-06T15:08:00+00:00,1350,2341
summary,2022-09-08,AAPL,,,,,,,0.00,,0,,,,,,,,,,0.6058,2022-09-06T15:08:00+00:00,1013,2215
trade,2022-09-08,NVDA,Long,2022-09-08T13:52:00+00:00,2022-09-08T15:53:00+00:00,137.2362,138.6635,2.19,3.12,0.010401,7260000,MaxHoldTimeout,0.4282,0.0728,0.6288,0.4790,0.2598,-0.0535,-0.0889,0.4384,,,
summary,2022-09-08,NVDA,,,,,,,3.12,,1,,,,,,,,,,0.6722,2022-09-06T15:08:00+00:00,1000,1957
trade,2022-09-08,MSFT,Long,2022-09-08T14:39:00+00:00,2022-09-08T15:38:00+00:00,258.8926,259.5871,1.16,0.80,0.002682,3540000,ScoreExit,0.4031,-0.0641,0.5742,0.3978,0.3568,-0.5508,-0.1540,0.2779,,,
summary,2022-09-08,MSFT,,,,,,,0.80,,1,,,,,,,,,,0.6235,2022-09-06T14:57:00+00:00,860,1607
trade,2022-09-09,SPY,Long,2022-09-09T14:01:00+00:00,2022-09-09T15:19:00+00:00,404.5163,405.0135,0.74,0.37,0.001229,4680000,ScoreExit,0.4033,-0.0572,0.5833,0.4015,0.3470,-0.5120,-0.1651,0.3102,,,
summary,2022-09-09,SPY,,,,,,,0.37,,1,,,,,,,,,,0.9519,2022-09-06T14:57:00+00:00,1848,2908
trade,2022-09-09,QQQ,Long,2022-09-09T14:00:00+00:00,2022-09-09T15:56:00+00:00,305.0065,305.9331,0.98,0.91,0.003038,6960000,SessionClose,0.4025,0.1045,0.5539,0.4042,0.3487,-0.1269,0.0092,0.3722,,,
summary,2022-09-09,QQQ,,,,,,,0.91,,1,,,,,,,,,,0.9520,2022-09-06T14:57:00+00:00,1903,2923
trade,2022-09-09,AAPL,Long,2022-09-09T14:01:00+00:00,2022-09-09T15:56:00+00:00,156.1518,156.7280,1.92,1.11,0.003690,6900000,SessionClose,0.3750,0.0384,0.5660,0.3731,0.3151,-0.4687,-0.0163,0.3170,,,
summary,2022-09-09,AAPL,,,,,,,1.11,,1,,,,,,,,,,0.9517,2022-09-06T14:57:00+00:00,1274,2804
trade,2022-09-09,NVDA,Long,2022-09-09T13:56:00+00:00,2022-09-09T15:56:00+00:00,142.5479,143.8819,2.11,2.81,0.009359,7200000,SessionClose,0.4022,0.2525,0.1961,0.3685,0.5383,-0.4455,0.1997,0.5907,,,
summary,2022-09-09,NVDA,,,,,,,2.81,,1,,,,,,,,,,0.9545,2022-09-06T14:59:00+00:00,1574,2470
trade,2022-09-09,MSFT,Long,2022-09-09T14:01:00+00:00,2022-09-09T15:18:00+00:00,262.5838,263.7009,1.14,1.28,0.004254,4620000,ScoreExit,0.4763,-0.0769,0.5496,0.4535,0.4974,-0.5586,-0.2349,0.3997,,,
summary,2022-09-09,MSFT,,,,,,,1.28,,1,,,,,,,,,,0.9511,2022-09-06T14:57:00+00:00,1313,2102
trade,2022-09-12,SPY,Long,2022-09-12T13:31:00+00:00,2022-09-12T15:01:00+00:00,409.1077,410.4518,0.73,0.99,0.003286,5400000,ScoreExit,0.4337,-0.0570,0.5471,0.3715,0.5203,-0.2947,-0.2627,0.4335,,,
summary,2022-09-12,SPY,,,,,,,0.99,,1,,,,,,,,,,0.9016,2022-09-09T14:43:00+00:00,921,1150
trade,2022-09-12,QQQ,Long,2022-09-12T13:31:00+00:00,2022-09-12T14:59:00+00:00,308.8976,309.6621,0.97,0.74,0.002475,5280000,ScoreExit,0.4475,-0.0586,0.5323,0.3810,0.5522,-0.5537,-0.2572,0.5036,,,
summary,2022-09-12,QQQ,,,,,,,0.74,,1,,,,,,,,,,0.9547,2022-09-09T14:41:00+00:00,1016,1172
summary,2022-09-12,AAPL,,,,,,,0.00,,0,,,,,,,,,,0.9551,2022-09-09T14:42:00+00:00,1077,1139
trade,2022-09-12,NVDA,Long,2022-09-12T13:57:00+00:00,2022-09-12T14:14:00+00:00,144.8234,143.4919,2.07,-2.76,-0.009194,1020000,ScoreExit,0.4007,-0.0799,0.6145,0.2991,0.5326,-0.5688,-0.0951,0.1136,,,
trade,2022-09-12,NVDA,Long,2022-09-12T14:17:00+00:00,2022-09-12T14:54:00+00:00,144.3383,144.0101,2.08,-0.68,-0.002274,2220000,ScoreExit,0.4259,-0.0616,0.3404,0.4381,0.4300,-0.4811,-0.1762,0.3075,,,
summary,2022-09-12,NVDA,,,,,,,-3.44,,2,,,,,,,,,,0.9622,2022-09-09T13:34:00+00:00,751,1036
summary,2022-09-12,MSFT,,,,,,,0.00,,0,,,,,,,,,,0.9561,2022-09-09T14:40:00+00:00,731,906
summary,2022-09-13,SPY,,,,,,,0.00,,0,,,,,,,,,,0.7478,2022-09-12T09:19:00+00:00,632,1482
summary,2022-09-13,QQQ,,,,,,,0.00,,0,,,,,,,,,,0.7871,2022-09-12T09:19:00+00:00,724,1527
summary,2022-09-13,AAPL,,,,,,,0.00,,0,,,,,,,,,,0.8334,2022-09-12T09:21:00+00:00,951,1510
summary,2022-09-13,NVDA,,,,,,,0.00,,0,,,,,,,,,,0.8579,2022-09-12T09:27:00+00:00,436,1275
summary,2022-09-13,MSFT,,,,,,,0.00,,0,,,,,,,,,,0.7304,2022-09-12T08:39:00+00:00,360,1065
summary,2022-09-14,SPY,,,,,,,0.00,,0,,,,,,,,,,0.7478,2022-09-12T09:19:00+00:00,632,2404
summary,2022-09-14,QQQ,,,,,,,0.00,,0,,,,,,,,,,0.7871,2022-09-12T09:19:00+00:00,724,2435
summary,2022-09-14,AAPL,,,,,,,0.00,,0,,,,,,,,,,0.8334,2022-09-12T09:21:00+00:00,1004,2373
summary,2022-09-14,NVDA,,,,,,,0.00,,0,,,,,,,,,,0.8579,2022-09-12T09:27:00+00:00,436,2101
summary,2022-09-14,MSFT,,,,,,,0.00,,0,,,,,,,,,,0.7304,2022-09-12T08:39:00+00:00,360,1714
summary,2022-09-15,SPY,,,,,,,0.00,,0,,,,,,,,,,0.7038,2022-09-12T14:25:00+00:00,546,3020
summary,2022-09-15,QQQ,,,,,,,0.00,,0,,,,,,,,,,0.8282,2022-09-12T14:00:00+00:00,621,2984
summary,2022-09-15,AAPL,,,,,,,0.00,,0,,,,,,,,,,0.8965,2022-09-12T13:57:00+00:00,832,2926
summary,2022-09-15,NVDA,,,,,,,0.00,,0,,,,,,,,,,0.9037,2022-09-12T13:56:00+00:00,488,2654
summary,2022-09-15,MSFT,,,,,,,0.00,,0,,,,,,,,,,0.8936,2022-09-12T13:56:00+00:00,332,2208
summary,2022-09-16,SPY,,,,,,,0.00,,0,,,,,,,,,,0.3975,2022-09-14T20:02:00+00:00,458,3080
summary,2022-09-16,QQQ,,,,,,,0.00,,0,,,,,,,,,,0.5025,2022-09-13T13:31:00+00:00,361,3046
summary,2022-09-16,AAPL,,,,,,,0.00,,0,,,,,,,,,,0.4670,2022-09-14T13:59:00+00:00,429,2940
trade,2022-09-16,NVDA,Long,2022-09-16T14:13:00+00:00,2022-09-16T14:56:00+00:00,128.8686,129.3812,2.33,1.19,0.003977,2580000,ScoreExit,0.4178,-0.1039,0.4617,0.6020,0.0347,-0.5336,-0.1015,0.0347,,,
summary,2022-09-16,NVDA,,,,,,,1.19,,1,,,,,,,,,,1.0000,2022-09-13T13:31:00+00:00,565,2745
summary,2022-09-16,MSFT,,,,,,,0.00,,0,,,,,,,,,,0.4923,2022-09-13T13:31:00+00:00,136,2307
trade,2022-09-19,SPY,Long,2022-09-19T13:53:00+00:00,2022-09-19T15:26:00+00:00,385.3306,385.5493,0.78,0.17,0.000568,5580000,ScoreExit,0.4073,-0.1154,0.5692,0.3942,0.3794,-0.5279,-0.3053,0.4020,,,
summary,2022-09-19,SPY,,,,,,,0.17,,1,,,,,,,,,,0.8899,2022-09-16T14:36:00+00:00,594,1199
trade,2022-09-19,QQQ,Long,2022-09-19T13:53:00+00:00,2022-09-19T15:22:00+00:00,288.7616,288.6884,1.04,-0.08,-0.000254,5340000,ScoreExit,0.4258,-0.0650,0.5658,0.4227,0.3855,-0.5464,-0.1924,0.3504,,,
summary,2022-09-19,QQQ,,,,,,,-0.08,,1,,,,,,,,,,0.8951,2022-09-16T14:34:00+00:00,551,1167
trade,2022-09-19,AAPL,Long,2022-09-19T13:46:00+00:00,2022-09-19T15:47:00+00:00,150.2301,152.4243,2.00,4.38,0.014606,7260000,MaxHoldTimeout,0.3564,0.3329,0.5799,0.3281,0.3387,0.5362,0.1518,0.6274,,,
summary,2022-09-19,AAPL,,,,,,,4.38,,1,,,,,,,,,,0.6157,2022-09-16T18:53:00+00:00,596,1114
trade,2022-09-19,NVDA,Long,2022-09-19T14:39:00+00:00,2022-09-19T15:26:00+00:00,134.1059,132.8851,2.24,-2.74,-0.009103,2820000,ScoreExit,0.6087,-0.0608,0.5753,0.4459,0.9453,-0.5214,-0.3794,0.7301,,,
summary,2022-09-19,NVDA,,,,,,,-2.74,,1,,,,,,,,,,1.0000,2022-09-16T13:39:00+00:00,951,1079
summary,2022-09-19,MSFT,,,,,,,0.00,,0,,,,,,,,,,0.6314,2022-09-16T19:08:00+00:00,313,956
summary,2022-09-20,SPY,,,,,,,0.00,,0,,,,,,,,,,0.6024,2022-09-19T14:40:00+00:00,802,1559
summary,2022-09-20,QQQ,,,,,,,0.00,,0,,,,,,,,,,0.5989,2022-09-19T14:41:00+00:00,965,1544
trade,2022-09-20,AAPL,Long,2022-09-20T13:31:00+00:00,2022-09-20T15:32:00+00:00,153.5110,156.6480,1.96,6.14,0.020435,7260000,MaxHoldTimeout,0.4238,0.4301,0.3615,0.3802,0.5318,0.1069,0.2930,0.8119,,,
summary,2022-09-20,AAPL,,,,,,,6.14,,1,,,,,,,,,,0.6453,2022-09-19T13:58:00+00:00,1203,1455
trade,2022-09-20,NVDA,Long,2022-09-20T14:06:00+00:00,2022-09-20T15:56:00+00:00,133.3950,134.6846,2.25,2.90,0.009667,6600000,SessionClose,0.4782,0.4443,0.5846,0.4416,0.5158,0.5524,0.3192,0.6583,,,
summary,2022-09-20,NVDA,,,,,,,2.90,,1,,,,,,,,,,0.7222,2022-09-19T13:33:00+00:00,765,1333
summary,2022-09-20,MSFT,,,,,,,0.00,,0,,,,,,,,,,0.5682,2022-09-19T14:13:00+00:00,556,1118
summary,2022-09-21,SPY,,,,,,,0.00,,0,,,,,,,,,,0.6024,2022-09-19T14:40:00+00:00,1102,2420
summary,2022-09-21,QQQ,,,,,,,0.00,,0,,,,,,,,,,0.5989,2022-09-19T14:41:00+00:00,1448,2401
summary,2022-09-21,AAPL,,,,,,,0.00,,0,,,,,,,,,,0.6453,2022-09-19T13:58:00+00:00,1774,2267
trade,2022-09-21,NVDA,Long,2022-09-21T14:01:00+00:00,2022-09-21T15:56:00+00:00,133.7251,134.7796,2.25,2.37,0.007885,6900000,SessionClose,0.4649,0.2105,0.5202,0.4859,0.4046,-0.1723,0.1179,0.5233,,,
summary,2022-09-21,NVDA,,,,,,,2.37,,1,,,,,,,,,,0.7222,2022-09-19T13:33:00+00:00,1146,2041
summary,2022-09-21,MSFT,,,,,,,0.00,,0,,,,,,,,,,0.5682,2022-09-19T14:13:00+00:00,949,1711
summary,2022-09-22,SPY,,,,,,,0.00,,0,,,,,,,,,,0.9561,2022-09-19T14:40:00+00:00,1111,3051
summary,2022-09-22,QQQ,,,,,,,0.00,,0,,,,,,,,,,0.9554,2022-09-19T14:41:00+00:00,1345,3036
summary,2022-09-22,AAPL,,,,,,,0.00,,0,,,,,,,,,,0.9570,2022-09-19T14:43:00+00:00,1679,2906
summary,2022-09-22,NVDA,,,,,,,0.00,,0,,,,,,,,,,1.0000,2022-09-19T13:32:00+00:00,1206,2686
summary,2022-09-22,MSFT,,,,,,,0.00,,0,,,,,,,,,,0.9207,2022-09-19T14:40:00+00:00,904,2291
summary,2022-09-23,SPY,,,,,,,0.00,,0,,,,,,,,,,0.6035,2022-09-20T16:04:00+00:00,754,3088
summary,2022-09-23,QQQ,,,,,,,0.00,,0,,,,,,,,,,0.7826,2022-09-20T14:59:00+00:00,816,3091
summary,2022-09-23,AAPL,,,,,,,0.00,,0,,,,,,,,,,0.9530,2022-09-20T14:49:00+00:00,979,2929
summary,2022-09-23,NVDA,,,,,,,0.00,,0,,,,,,,,,,0.9543,2022-09-20T14:51:00+00:00,692,2760
summary,2022-09-23,MSFT,,,,,,,0.00,,0,,,,,,,,,,0.8869,2022-09-20T13:46:00+00:00,798,2357
trade,2022-09-26,SPY,Long,2022-09-26T14:14:00+00:00,2022-09-26T14:49:00+00:00,368.8456,367.7946,0.81,-0.86,-0.002849,2100000,ScoreExit,0.4345,-0.0723,0.4749,0.3971,0.4960,-0.5485,-0.1988,0.3395,,,
summary,2022-09-26,SPY,,,,,,,-0.86,,1,,,,,,,,,,0.5525,2022-09-23T19:44:00+00:00,317,1199
summary,2022-09-26,QQQ,,,,,,,0.00,,0,,,,,,,,,,0.5852,2022-09-26T13:59:00+00:00,483,1200
trade,2022-09-26,AAPL,Long,2022-09-26T13:31:00+00:00,2022-09-26T15:06:00+00:00,150.4001,152.2493,1.99,3.69,0.012295,5700000,ScoreExit,0.4140,-0.0562,0.4929,0.3100,0.5957,-0.5142,-0.3182,0.6205,,,
summary,2022-09-26,AAPL,,,,,,,3.69,,1,,,,,,,,,,0.6354,2022-09-26T13:59:00+00:00,568,1127
trade,2022-09-26,NVDA,Long,2022-09-26T13:56:00+00:00,2022-09-26T14:46:00+00:00,125.4426,124.8675,2.39,-1.38,-0.004585,3000000,ScoreExit,0.4573,-0.0775,0.4200,0.2619,0.8607,-0.5634,-0.3863,0.7021,,,
summary,2022-09-26,NVDA,,,,,,,-1.38,,1,,,,,,,,,,1.0000,2022-09-23T13:34:00+00:00,509,1076
trade,2022-09-26,MSFT,Long,2022-09-26T13:34:00+00:00,2022-09-26T15:06:00+00:00,239.0767,239.7730,1.25,0.87,0.002913,5520000,ScoreExit,0.4173,-0.0703,0.6131,0.2838,0.6191,-0.5262,-0.3436,0.6282,,,
summary,2022-09-26,MSFT,,,,,,,0.87,,1,,,,,,,,,,0.9358,2022-09-23T14:53:00+00:00,359,952
summary,2022-09-27,SPY,,,,,,,0.00,,0,,,,,,,,,,0.6347,2022-09-26T14:16:00+00:00,599,1595
trade,2022-09-27,QQQ,Long,2022-09-27T13:32:00+00:00,2022-09-27T14:01:00+00:00,278.4485,277.1518,1.08,-1.40,-0.004657,1740000,ScoreExit,0.4162,-0.1598,0.4995,0.3481,0.5246,-0.5493,-0.4103,0.4709,,,
summary,2022-09-27,QQQ,,,,,,,-1.40,,1,,,,,,,,,,0.6653,2022-09-26T13:59:00+00:00,640,1620
trade,2022-09-27,AAPL,Long,2022-09-27T13:31:00+00:00,2022-09-27T14:06:00+00:00,152.9409,152.7192,1.96,-0.44,-0.001450,2100000,ScoreExit,0.4787,-0.0505,0.2710,0.4177,0.6701,-0.5603,-0.2846,0.5875,,,
summary,2022-09-27,AAPL,,,,,,,-0.44,,1,,,,,,,,,,0.7210,2022-09-26T14:16:00+00:00,647,1455
trade,2022-09-27,NVDA,Long,2022-09-27T13:39:00+00:00,2022-09-27T14:55:00+00:00,127.0131,126.4571,2.36,-1.31,-0.004378,4560000,MaxHoldTimeout,0.6126,0.3089,0.5777,0.5372,0.7748,-0.2680,0.1193,0.8805,,,
trade,2022-09-27,NVDA,Long,2022-09-27T14:57:00+00:00,2022-09-27T15:21:00+00:00,126.7930,125.9572,2.36,-1.98,-0.006592,1440000,ScoreExit,0.4402,-0.0551,0.2511,0.2516,0.8805,-0.3852,-0.2786,0.5019,,,
summary,2022-09-27,NVDA,,,,,,,-3.29,,2,,,,,,,,,,0.9116,2022-09-26T08:22:00+00:00,564,1378
trade,2022-09-27,MSFT,Long,2022-09-27T13:36:00+00:00,2022-09-27T13:50:00+00:00,241.0023,239.5331,1.24,-1.83,-0.006096,840000,ScoreExit,0.4365,-0.0527,0.5416,0.4012,0.4720,-0.6010,-0.2142,0.4530,,,
summary,2022-09-27,MSFT,,,,,,,-1.83,,1,,,,,,,,,,0.7692,2022-09-26T08:30:00+00:00,443,1166
trade,2022-09-28,SPY,Long,2022-09-28T14:28:00+00:00,2022-09-28T15:56:00+00:00,365.8847,368.1646,0.82,1.87,0.006231,5280000,SessionClose,0.4044,0.3650,0.5672,0.4505,0.2578,0.5380,0.3035,0.4304,,,
summary,2022-09-28,SPY,,,,,,,1.87,,1,,,,,,,,,,0.6347,2022-09-26T14:16:00+00:00,971,2519
trade,2022-09-28,QQQ,Long,2022-09-28T14:27:00+00:00,2022-09-28T15:56:00+00:00,275.4176,277.8016,1.09,2.60,0.008656,5340000,SessionClose,0.4084,0.4179,0.5229,0.4738,0.2394,0.5532,0.3673,0.4739,,,
summary,2022-09-28,QQQ,,,,,,,2.60,,1,,,,,,,,,,0.6653,2022-09-26T13:59:00+00:00,1125,2552
summary,2022-09-28,AAPL,,,,,,,0.00,,0,,,,,,,,,,0.7210,2022-09-26T14:16:00+00:00,872,2355
summary,2022-09-28,NVDA,,,,,,,0.00,,0,,,,,,,,,,0.9116,2022-09-26T08:22:00+00:00,1108,2155
trade,2022-09-28,MSFT,Long,2022-09-28T14:26:00+00:00,2022-09-28T15:36:00+00:00,237.4262,238.0736,1.26,0.82,0.002727,4200000,ScoreExit,0.4256,-0.0577,0.5204,0.5122,0.2209,-0.4793,-0.2065,0.3802,,,
summary,2022-09-28,MSFT,,,,,,,0.82,,1,,,,,,,,,,0.7692,2022-09-26T08:30:00+00:00,767,1851
summary,2022-09-29,SPY,,,,,,,0.00,,0,,,,,,,,,,0.9023,2022-09-26T14:16:00+00:00,1246,3126
summary,2022-09-29,QQQ,,,,,,,0.00,,0,,,,,,,,,,0.8972,2022-09-26T14:16:00+00:00,1327,3149
summary,2022-09-29,AAPL,,,,,,,0.00,,0,,,,,,,,,,1.0000,2022-09-26T13:36:00+00:00,818,3010
summary,2022-09-29,NVDA,,,,,,,0.00,,0,,,,,,,,,,1.0000,2022-09-26T13:36:00+00:00,1226,2688
summary,2022-09-29,MSFT,,,,,,,0.00,,0,,,,,,,,,,1.0000,2022-09-26T13:33:00+00:00,779,2303
summary,2022-09-30,SPY,,,,,,,0.00,,0,,,,,,,,,,0.8942,2022-09-27T13:40:00+00:00,923,3139
summary,2022-09-30,QQQ,,,,,,,0.00,,0,,,,,,,,,,0.9355,2022-09-27T13:40:00+00:00,900,3144
summary,2022-09-30,AAPL,,,,,,,0.00,,0,,,,,,,,,,1.0000,2022-09-27T13:33:00+00:00,377,3075
trade,2022-09-30,NVDA,Long,2022-09-30T13:41:00+00:00,2022-09-30T15:41:00+00:00,122.4667,124.9925,2.45,6.20,0.020624,7200000,ScoreExit,0.4264,-0.1087,0.2090,0.6466,0.0585,-0.5621,-0.3376,0.5003,,,
summary,2022-09-30,NVDA,,,,,,,6.20,,1,,,,,,,,,,1.0000,2022-09-27T13:34:00+00:00,945,2638
summary,2022-09-30,MSFT,,,,,,,0.00,,0,,,,,,,,,,1.0000,2022-09-27T13:37:00+00:00,844,2311
trade,2022-10-03,SPY,Long,2022-10-03T14:01:00+00:00,2022-10-03T15:41:00+00:00,362.0636,363.8958,0.83,1.52,0.005060,6000000,ScoreExit,0.4207,-0.0596,0.5287,0.2762,0.6737,-0.5428,-0.3059,0.5939,,,
summary,2022-10-03,SPY,,,,,,,1.52,,1,,,,,,,,,,0.9490,2022-09-30T15:04:00+00:00,572,1198
trade,2022-10-03,QQQ,Long,2022-10-03T14:07:00+00:00,2022-10-03T15:37:00+00:00,270.8542,271.0437,1.11,0.21,0.000699,5400000,ScoreExit,0.4034,-0.0576,0.5740,0.3819,0.3896,-0.5836,-0.2165,0.4356,,,
summary,2022-10-03,QQQ,,,,,,,0.21,,1,,,,,,,,,,0.9531,2022-09-30T14:59:00+00:00,445,1190
trade,2022-10-03,AAPL,Long,2022-10-03T14:01:00+00:00,2022-10-03T15:36:00+00:00,139.8269,140.4628,2.15,1.36,0.004548,5700000,ScoreExit,0.4120,-0.0530,0.5058,0.4082,0.3885,-0.5659,-0.3206,0.6534,,,
summary,2022-10-03,AAPL,,,,,,,1.36,,1,,,,,,,,,,1.0000,2022-09-30T13:33:00+00:00,443,1177
trade,2022-10-03,NVDA,Long,2022-10-03T14:01:00+00:00,2022-10-03T15:56:00+00:00,123.4820,124.1877,2.43,1.72,0.005715,6900000,SessionClose,0.5124,0.0171,0.5266,0.4071,0.7183,-0.5471,-0.3084,0.8563,,,
summary,2022-10-03,NVDA,,,,,,,1.72,,1,,,,,,,,,,1.0000,2022-09-30T13:31:00+00:00,649,1048
trade,2022-10-03,MSFT,Long,2022-10-03T13:46:00+00:00,2022-10-03T13:56:00+00:00,236.6460,235.5356,1.27,-1.41,-0.004692,600000,ScoreExit,0.4543,-0.0906,0.5656,0.3658,0.5943,-0.4860,-0.2434,0.3466,,,
trade,2022-10-03,MSFT,Long,2022-10-03T14:04:00+00:00,2022-10-03T15:56:00+00:00,236.6560,237.2688,1.27,0.78,0.002590,6720000,SessionClose,0.4161,0.1536,0.5350,0.2327,0.7431,0.2666,-0.1274,0.6780,,,
summary,2022-10-03,MSFT,,,,,,,-0.63,,2,,,,,,,,,,0.9887,2022-09-30T13:33:00+00:00,539,1003
trade,2022-10-04,SPY,Long,2022-10-04T13:31:00+00:00,2022-10-04T15:32:00+00:00,372.4567,377.3068,0.81,3.91,0.013022,7260000,MaxHoldTimeout,0.4708,0.1717,0.2044,0.3847,0.7317,0.5176,-0.1425,0.6847,,,
summary,2022-10-04,SPY,,,,,,,3.91,,1,,,,,,,,,,0.7561,2022-10-03T09:32:00+00:00,1402,1613
summary,2022-10-04,QQQ,,,,,,,0.00,,0,,,,,,,,,,0.8182,2022-10-03T09:34:00+00:00,1401,1601
trade,2022-10-04,AAPL,Long,2022-10-04T13:36:00+00:00,2022-10-04T15:34:00+00:00,145.0385,144.9815,2.07,-0.12,-0.000393,7080000,MaxHoldTimeout,0.3730,-0.0496,0.3257,0.2572,0.6203,-0.5486,-0.2865,0.5907,,,
summary,2022-10-04,AAPL,,,,,,,-0.12,,1,,,,,,,,,,0.8897,2022-10-03T09:31:00+00:00,1359,1519
summary,2022-10-04,NVDA,,,,,,,0.00,,0,,,,,,,,,,0.7346,2022-10-03T09:59:00+00:00,1179,1341
trade,2022-10-04,MSFT,Long,2022-10-04T13:31:00+00:00,2022-10-04T15:32:00+00:00,245.7637,249.2502,1.22,4.26,0.014186,7260000,MaxHoldTimeout,0.5139,0.0989,0.4998,0.3928,0.7607,0.1030,-0.2174,0.7302,,,
summary,2022-10-04,MSFT,,,,,,,4.26,,1,,,,,,,,,,0.7035,2022-10-03T08:21:00+00:00,1045,1185
summary,2022-10-05,SPY,,,,,,,0.00,,0,,,,,,,,,,0.7561,2022-10-03T09:32:00+00:00,1999,2506
summary,2022-10-05,QQQ,,,,,,,0.00,,0,,,,,,,,,,0.8182,2022-10-03T09:34:00+00:00,1958,2480
trade,2022-10-05,AAPL,Long,2022-10-05T13:48:00+00:00,2022-10-05T14:08:00+00:00,144.8093,144.3017,2.07,-1.05,-0.003506,1200000,ScoreExit,0.3596,-0.0540,0.5361,0.3768,0.2663,-0.5650,-0.0991,0.2065,,,
summary,2022-10-05,AAPL,,,,,,,-1.05,,1,,,,,,,,,,0.8897,2022-10-03T09:31:00+00:00,1938,2313
summary,2022-10-05,NVDA,,,,,,,0.00,,0,,,,,,,,,,0.7346,2022-10-03T09:59:00+00:00,1658,2081
summary,2022-10-05,MSFT,,,,,,,0.00,,0,,,,,,,,,,0.7035,2022-10-03T08:21:00+00:00,1448,1772
summary,2022-10-06,SPY,,,,,,,0.00,,0,,,,,,,,,,0.9575,2022-10-03T14:47:00+00:00,2263,3101
trade,2022-10-06,QQQ,Long,2022-10-06T13:41:00+00:00,2022-10-06T14:01:00+00:00,283.6001,281.3756,1.06,-2.36,-0.007844,1200000,ScoreExit,0.4017,-0.1770,0.5991,0.4325,0.2744,-0.6126,-0.3281,0.2703,,,
summary,2022-10-06,QQQ,,,,,,,-2.36,,1,,,,,,,,,,0.9567,2022-10-03T14:47:00+00:00,2238,3075
trade,2022-10-06,AAPL,Long,2022-10-06T13:36:00+00:00,2022-10-06T14:01:00+00:00,146.7390,146.3061,2.04,-0.89,-0.002950,1500000,ScoreExit,0.4046,-0.0631,0.4343,0.4111,0.3815,-0.5889,-0.1923,0.3706,,,
summary,2022-10-06,AAPL,,,,,,,-0.89,,1,,,,,,,,,,1.0000,2022-10-03T13:36:00+00:00,2254,2844
trade,2022-10-06,NVDA,Long,2022-10-06T14:56:00+00:00,2022-10-06T15:44:00+00:00,133.9803,133.0251,2.25,-2.15,-0.007129,2880000,ScoreExit,0.4360,-0.0684,0.5303,0.3390,0.5986,-0.3924,-0.2330,0.3688,,,
summary,2022-10-06,NVDA,,,,,,,-2.15,,1,,,,,,,,,,0.9568,2022-10-03T14:46:00+00:00,2035,2645
summary,2022-10-06,MSFT,,,,,,,0.00,,0,,,,,,,,,,0.9562,2022-10-03T14:46:00+00:00,1680,2241
summary,2022-10-07,SPY,,,,,,,0.00,,0,,,,,,,,,,0.9427,2022-10-04T14:58:00+00:00,899,3026
summary,2022-10-07,QQQ,,,,,,,0.00,,0,,,,,,,,,,0.9558,2022-10-04T14:58:00+00:00,1026,3015
summary,2022-10-07,AAPL,,,,,,,0.00,,0,,,,,,,,,,0.8969,2022-10-04T14:01:00+00:00,1170,2748
summary,2022-10-07,NVDA,,,,,,,0.00,,0,,,,,,,,,,1.0000,2022-10-04T13:39:00+00:00,1295,2698
summary,2022-10-07,MSFT,,,,,,,0.00,,0,,,,,,,,,,0.9019,2022-10-04T14:01:00+00:00,719,2223
summary,2022-10-10,SPY,,,,,,,0.00,,0,,,,,,,,,,0.4217,2022-10-10T17:54:00+00:00,77,1168
summary,2022-10-10,QQQ,,,,,,,0.00,,0,,,,,,,,,,0.3192,2022-10-10T12:59:00+00:00,10,1186
summary,2022-10-10,AAPL,,,,,,,0.00,,0,,,,,,,,,,0.6053,2022-10-07T13:39:00+00:00,241,1143
summary,2022-10-10,NVDA,,,,,,,0.00,,0,,,,,,,,,,1.0000,2022-10-07T13:33:00+00:00,151,1075
summary,2022-10-10,MSFT,,,,,,,0.00,,0,,,,,,,,,,0.4577,2022-10-07T13:36:00+00:00,57,978
summary,2022-10-11,SPY,,,,,,,0.00,,0,,,,,,,,,,0.7702,2022-10-10T09:30:00+00:00,616,1559
summary,2022-10-11,QQQ,,,,,,,0.00,,0,,,,,,,,,,0.7656,2022-10-10T09:30:00+00:00,611,1589
summary,2022-10-11,AAPL,,,,,,,0.00,,0,,,,,,,,,,0.8075,2022-10-10T09:34:00+00:00,853,1437
summary,2022-10-11,NVDA,,,,,,,0.00,,0,,,,,,,,,,0.7469,2022-10-10T17:50:00+00:00,558,1352
summary,2022-10-11,MSFT,,,,,,,0.00,,0,,,,,,,,,,0.9046,2022-10-10T09:47:00+00:00,309,1127
summary,2022-10-12,SPY,,,,,,,0.00,,0,,,,,,,,,,0.7702,2022-10-10T09:30:00+00:00,801,2450
summary,2022-10-12,QQQ,,,,,,,0.00,,0,,,,,,,,,,0.7656,2022-10-10T09:30:00+00:00,786,2473
summary,2022-10-12,AAPL,,,,,,,0.00,,0,,,,,,,,,,0.8075,2022-10-10T09:34:00+00:00,1047,2220
summary,2022-10-12,NVDA,,,,,,,0.00,,0,,,,,,,,,,0.7469,2022-10-10T17:50:00+00:00,882,2054
summary,2022-10-12,MSFT,,,,,,,0.00,,0,,,,,,,,,,0.9046,2022-10-10T09:47:00+00:00,336,1744
summary,2022-10-13,SPY,,,,,,,0.00,,0,,,,,,,,,,0.8280,2022-10-13T15:38:00+00:00,844,3038
summary,2022-10-13,QQQ,,,,,,,0.00,,0,,,,,,,,,,0.8204,2022-10-13T15:38:00+00:00,894,3013
summary,2022-10-13,AAPL,,,,,,,0.00,,0,,,,,,,,,,0.8836,2022-10-10T14:27:00+00:00,1167,2710
trade,2022-10-13,NVDA,Long,2022-10-13T14:06:00+00:00,2022-10-13T15:56:00+00:00,111.5384,118.8643,2.69,19.71,0.065680,6600000,SessionClose,0.4611,0.3663,0.5268,0.6543,0.0528,-0.4599,0.3491,0.6762,,,
summary,2022-10-13,NVDA,,,,,,,19.71,,1,,,,,,,,,,0.7648,2022-10-13T15:18:00+00:00,1246,2542
trade,2022-10-13,MSFT,Long,2022-10-13T14:01:00+00:00,2022-10-13T15:56:00+00:00,223.3120,233.1950,1.34,13.28,0.044257,6900000,SessionClose,0.4557,0.5441,0.5838,0.6360,0.0523,-0.0156,0.5720,0.6748,,,
summary,2022-10-13,MSFT,,,,,,,13.28,,1,,,,,,,,,,0.7625,2022-10-13T15:38:00+00:00,540,2184
summary,2022-10-14,SPY,,,,,,,0.00,,0,,,,,,,,,,0.9592,2022-10-11T15:03:00+00:00,1594,3052
summary,2022-10-14,QQQ,,,,,,,0.00,,0,,,,,,,,,,0.9431,2022-10-11T15:03:00+00:00,1558,3020
summary,2022-10-14,AAPL,,,,,,,0.00,,0,,,,,,,,,,0.8984,2022-10-11T15:04:00+00:00,1222,2769
summary,2022-10-14,NVDA,,,,,,,0.00,,0,,,,,,,,,,0.9291,2022-10-11T13:31:00+00:00,1377,2496
summary,2022-10-14,MSFT,,,,,,,0.00,,0,,,,,,,,,,0.7637,2022-10-13T15:38:00+00:00,1210,2196
summary,2022-10-17,SPY,,,,,,,0.00,,0,,,,,,,,,,0.8443,2022-10-14T13:39:00+00:00,608,1172
summary,2022-10-17,QQQ,,,,,,,0.00,,0,,,,,,,,,,0.6362,2022-10-14T13:39:00+00:00,543,1171
summary,2022-10-17,AAPL,,,,,,,0.00,,0,,,,,,,,,,0.5473,2022-10-17T13:04:00+00:00,585,1130
summary,2022-10-17,NVDA,,,,,,,0.00,,0,,,,,,,,,,0.8113,2022-10-17T13:37:00+00:00,494,1075
trade,2022-10-17,MSFT,Long,2022-10-17T14:11:00+00:00,2022-10-17T15:27:00+00:00,237.0561,236.2376,1.27,-1.04,-0.003453,4560000,MaxHoldTimeout,0.4133,0.4016,0.0870,0.2872,0.7745,0.5346,0.1595,0.8414,,,
summary,2022-10-17,MSFT,,,,,,,-1.04,,1,,,,,,,,,,0.7692,2022-10-17T13:49:00+00:00,499,972
summary,2022-10-18,SPY,,,,,,,0.00,,0,,,,,,,,,,0.6960,2022-10-17T13:36:00+00:00,1212,1614
summary,2022-10-18,QQQ,,,,,,,0.00,,0,,,,,,,,,,0.7558,2022-10-17T09:30:00+00:00,1271,1615
summary,2022-10-18,AAPL,,,,,,,0.00,,0,,,,,,,,,,0.6044,2022-10-17T13:04:00+00:00,1165,1489
summary,2022-10-18,NVDA,,,,,,,0.00,,0,,,,,,,,,,0.8125,2022-10-17T13:37:00+00:00,1037,1335
summary,2022-10-18,MSFT,,,,,,,0.00,,0,,,,,,,,,,0.8067,2022-10-17T13:49:00+00:00,775,1194
summary,2022-10-19,SPY,,,,,,,0.00,,0,,,,,,,,,,0.6960,2022-10-17T13:36:00+00:00,1579,2539
trade,2022-10-19,QQQ,Long,2022-10-19T14:21:00+00:00,2022-10-19T14:51:00+00:00,272.4967,272.0334,1.10,-0.51,-0.001700,1800000,ScoreExit,0.4024,-0.1027,0.5137,0.5317,0.1068,-0.4843,-0.1434,0.1057,,,
summary,2022-10-19,QQQ,,,,,,,-0.51,,1,,,,,,,,,,0.7558,2022-10-17T09:30:00+00:00,1625,2552
trade,2022-10-19,AAPL,Long,2022-10-19T13:31:00+00:00,2022-10-19T14:51:00+00:00,142.7878,143.8718,2.10,2.28,0.007592,4800000,ScoreExit,0.4238,-0.0555,0.5813,0.5147,0.1895,-0.4031,-0.2101,0.3696,,,
summary,2022-10-19,AAPL,,,,,,,2.28,,1,,,,,,,,,,0.6044,2022-10-17T13:04:00+00:00,1684,2387
trade,2022-10-19,NVDA,Long,2022-10-19T13:31:00+00:00,2022-10-19T13:48:00+00:00,119.8059,118.9593,2.51,-2.13,-0.007067,1020000,ScoreExit,0.4564,-0.0514,0.5862,0.5901,0.1457,-0.4585,-0.0126,0.0066,,,
trade,2022-10-19,NVDA,Long,2022-10-19T14:06:00+00:00,2022-10-19T15:56:00+00:00,119.9115,121.9984,2.51,5.23,0.017404,6600000,SessionClose,0.4829,0.2648,0.5369,0.4804,0.4698,0.5890,0.0707,0.5448,,,
summary,2022-10-19,NVDA,,,,,,,3.11,,2,,,,,,,,,,0.8125,2022-10-17T13:37:00+00:00,1484,2124
summary,2022-10-19,MSFT,,,,,,,0.00,,0,,,,,,,,,,0.8067,2022-10-17T13:49:00+00:00,940,1875
trade,2022-10-20,SPY,Long,2022-10-20T14:03:00+00:00,2022-10-20T15:16:00+00:00,370.2560,371.2836,0.81,0.83,0.002775,4380000,ScoreExit,0.4139,-0.1057,0.5467,0.4566,0.2841,-0.4583,-0.2189,0.2383,,,
summary,2022-10-20,SPY,,,,,,,0.83,,1,,,,,,,,,,0.9027,2022-10-17T13:40:00+00:00,1589,3144
trade,2022-10-20,QQQ,Long,2022-10-20T13:51:00+00:00,2022-10-20T15:27:00+00:00,271.9466,273.6929,1.10,1.93,0.006422,5760000,ScoreExit,0.4019,-0.0747,0.5677,0.4451,0.2603,-0.4314,-0.2298,0.3545,,,
summary,2022-10-20,QQQ,,,,,,,1.93,,1,,,,,,,,,,1.0000,2022-10-17T13:40:00+00:00,1626,3143
trade,2022-10-20,AAPL,Long,2022-10-20T13:31:00+00:00,2022-10-20T15:32:00+00:00,144.2583,145.2514,2.08,2.07,0.006885,7260000,MaxHoldTimeout,0.4031,0.1901,0.6140,0.3990,0.3409,0.3684,0.0601,0.3906,,,
summary,2022-10-20,AAPL,,,,,,,2.07,,1,,,,,,,,,,1.0000,2022-10-17T13:41:00+00:00,1881,2925
trade,2022-10-20,NVDA,Long,2022-10-20T13:31:00+00:00,2022-10-20T15:26:00+00:00,121.8716,126.0672,2.46,10.33,0.034426,6900000,ScoreExit,0.5724,-0.0712,0.5973,0.5286,0.6518,-0.2491,-0.3976,0.6410,,,
summary,2022-10-20,NVDA,,,,,,,10.33,,1,,,,,,,,,,1.0000,2022-10-17T13:32:00+00:00,1751,2641
trade,2022-10-20,MSFT,Long,2022-10-20T13:46:00+00:00,2022-10-20T15:16:00+00:00,238.2164,239.5181,1.26,1.64,0.005464,5400000,ScoreExit,0.4269,-0.0652,0.6020,0.4576,0.3069,-0.4637,-0.2500,0.4374,,,
summary,2022-10-20,MSFT,,,,,,,1.64,,1,,,,,,,,,,1.0000,2022-10-17T13:40:00+00:00,1004,2337
summary,2022-10-21,SPY,,,,,,,0.00,,0,,,,,,,,,,0.6610,2022-10-18T20:18:00+00:00,908,3086
summary,2022-10-21,QQQ,,,,,,,0.00,,0,,,,,,,,,,0.7187,2022-10-18T20:19:00+00:00,906,3101
summary,2022-10-21,AAPL,,,,,,,0.00,,0,,,,,,,,,,0.6683,2022-10-18T13:32:00+00:00,1287,2853
trade,2022-10-21,NVDA,Long,2022-10-21T13:53:00+00:00,2022-10-21T14:26:00+00:00,121.3714,121.8384,2.48,1.16,0.003848,1980000,ScoreExit,0.4584,-0.1165,0.6023,0.5455,0.2362,-0.6058,-0.1661,0.1457,,,
summary,2022-10-21,NVDA,,,,,,,1.16,,1,,,,,,,,,,0.7888,2022-10-19T14:28:00+00:00,1349,2631
summary,2022-10-21,MSFT,,,,,,,0.00,,0,,,,,,,,,,0.7010,2022-10-18T20:03:00+00:00,694,2271
trade,2022-10-24,SPY,Long,2022-10-24T13:51:00+00:00,2022-10-24T14:01:00+00:00,377.4232,376.3321,0.79,-0.87,-0.002891,600000,ScoreExit,0.4084,-0.0727,0.0675,0.3564,0.6262,-0.5519,-0.3238,0.5893,,,
summary,2022-10-24,SPY,,,,,,,-0.87,,1,,,,,,,,,,0.9441,2022-10-21T13:46:00+00:00,1049,1205
trade,2022-10-24,QQQ,Long,2022-10-24T14:56:00+00:00,2022-10-24T15:56:00+00:00,274.7574,276.7719,1.09,2.20,0.007332,3600000,SessionClose,0.4121,0.5137,0.1611,0.3781,0.5639,0.5602,0.4436,0.6383,,,
summary,2022-10-24,QQQ,,,,,,,2.20,,1,,,,,,,,,,0.9431,2022-10-21T13:46:00+00:00,1043,1200
trade,2022-10-24,AAPL,Long,2022-10-24T13:36:00+00:00,2022-10-24T14:10:00+00:00,147.2392,146.4111,2.04,-1.69,-0.005624,2040000,ScoreExit,0.4043,-0.0575,0.3175,0.2769,0.6879,-0.5767,-0.2879,0.5762,,,
trade,2022-10-24,AAPL,Long,2022-10-24T14:56:00+00:00,2022-10-24T15:56:00+00:00,147.1691,148.2205,2.04,2.14,0.007144,3600000,SessionClose,0.3972,0.4869,0.3584,0.2843,0.6359,0.5318,0.3704,0.7048,,,
summary,2022-10-24,AAPL,,,,,,,0.46,,2,,,,,,,,,,0.9423,2022-10-21T13:46:00+00:00,1045,1161
trade,2022-10-24,NVDA,Long,2022-10-24T14:55:00+00:00,2022-10-24T15:56:00+00:00,123.1219,124.8875,2.44,4.30,0.014340,3660000,SessionClose,0.4011,0.5755,0.5851,0.3526,0.4367,0.5233,0.4835,0.7771,,,
summary,2022-10-24,NVDA,,,,,,,4.30,,1,,,,,,,,,,1.0000,2022-10-21T13:32:00+00:00,895,1078
trade,2022-10-24,MSFT,Long,2022-10-24T13:51:00+00:00,2022-10-24T14:06:00+00:00,245.3316,242.8321,1.22,-3.06,-0.010188,900000,ScoreExit,0.4745,-0.0687,0.4537,0.3854,0.6595,-0.5894,-0.3355,0.6384,,,
trade,2022-10-24,MSFT,Long,2022-10-24T15:00:00+00:00,2022-10-24T15:56:00+00:00,244.3233,245.6113,1.23,1.58,0.005272,3360000,SessionClose,0.4139,0.5346,0.4875,0.2894,0.6384,0.5412,0.4408,0.7198,,,
summary,2022-10-24,MSFT,,,,,,,-1.48,,2,,,,,,,,,,0.9294,2022-10-21T13:46:00+00:00,962,1033
summary,2022-10-25,SPY,,,,,,,0.00,,0,,,,,,,,,,0.6431,2022-10-24T10:19:00+00:00,1204,1594
summary,2022-10-25,QQQ,,,,,,,0.00,,0,,,,,,,,,,0.6371,2022-10-25T13:54:00+00:00,1232,1574
summary,2022-10-25,AAPL,,,,,,,0.00,,0,,,,,,,,,,0.6700,2022-10-24T10:33:00+00:00,1162,1467
summary,2022-10-25,NVDA,,,,,,,0.00,,0,,,,,,,,,,0.9582,2022-10-24T09:49:00+00:00,1049,1243
trade,2022-10-25,MSFT,Long,2022-10-25T13:51:00+00:00,2022-10-25T15:52:00+00:00,248.2845,249.7700,1.21,1.79,0.005983,7260000,MaxHoldTimeout,0.4222,0.4101,0.5482,0.3017,0.6211,0.2492,0.3349,0.6141,,,
summary,2022-10-25,MSFT,,,,,,,1.79,,1,,,,,,,,,,0.9600,2022-10-24T09:55:00+00:00,1032,1230
trade,2022-10-26,SPY,Long,2022-10-26T14:18:00+00:00,2022-10-26T15:56:00+00:00,383.9802,386.4140,0.78,1.90,0.006339,5880000,SessionClose,0.4039,0.0722,0.4079,0.4365,0.3372,-0.5563,0.0039,0.4184,,,
summary,2022-10-26,SPY,,,,,,,1.90,,1,,,,,,,,,,0.6431,2022-10-24T10:19:00+00:00,1685,2516
trade,2022-10-26,QQQ,Long,2022-10-26T14:19:00+00:00,2022-10-26T15:56:00+00:00,280.6592,282.7901,1.07,2.28,0.007593,5820000,SessionClose,0.4287,0.0673,0.5559,0.4438,0.3561,-0.5273,-0.0321,0.4643,,,
summary,2022-10-26,QQQ,,,,,,,2.28,,1,,,,,,,,,,0.6371,2022-10-25T13:54:00+00:00,1579,2507
summary,2022-10-26,AAPL,,,,,,,0.00,,0,,,,,,,,,,0.6700,2022-10-24T10:33:00+00:00,1598,2360
trade,2022-10-26,NVDA,Long,2022-10-26T13:51:00+00:00,2022-10-26T15:52:00+00:00,129.9440,132.8361,2.32,6.70,0.022257,7260000,MaxHoldTimeout,0.4961,0.0453,0.5665,0.5081,0.4487,-0.5079,-0.1423,0.6049,,,
summary,2022-10-26,NVDA,,,,,,,6.70,,1,,,,,,,,,,0.9582,2022-10-24T09:49:00+00:00,1494,2030
summary,2022-10-26,MSFT,,,,,,,0.00,,0,,,,,,,,,,0.9600,2022-10-24T09:55:00+00:00,1034,2162
summary,2022-10-27,SPY,,,,,,,0.00,,0,,,,,,,,,,0.9386,2022-10-24T13:45:00+00:00,1829,3109
summary,2022-10-27,QQQ,,,,,,,0.00,,0,,,,,,,,,,0.9241,2022-10-24T13:45:00+00:00,1427,3122
summary,2022-10-27,AAPL,,,,,,,0.00,,0,,,,,,,,,,0.9182,2022-10-24T13:45:00+00:00,1501,2952
trade,2022-10-27,NVDA,Long,2022-10-27T13:31:00+00:00,2022-10-27T13:36:00+00:00,137.2662,135.8082,2.20,-3.21,-0.010621,300000,ScoreExit,0.4005,-0.2081,0.5677,0.4937,0.1583,-0.5498,-0.3344,0.1583,,,
summary,2022-10-27,NVDA,,,,,,,-3.21,,1,,,,,,,,,,0.8189,2022-10-25T13:59:00+00:00,1933,2636
summary,2022-10-27,MSFT,,,,,,,0.00,,0,,,,,,,,,,1.0000,2022-10-24T13:37:00+00:00,901,2786
trade,2022-10-28,SPY,Long,2022-10-28T13:33:00+00:00,2022-10-28T15:34:00+00:00,381.6495,385.0694,0.79,2.69,0.008961,7260000,MaxHoldTimeout,0.4156,0.0245,0.5997,0.4929,0.1995,-0.4439,-0.1309,0.4916,,,
summary,2022-10-28,SPY,,,,,,,2.69,,1,,,,,,,,,,0.8946,2022-10-25T13:55:00+00:00,1299,3103
trade,2022-10-28,QQQ,Long,2022-10-28T13:31:00+00:00,2022-10-28T15:32:00+00:00,272.8468,277.9216,1.10,5.58,0.018599,7260000,MaxHoldTimeout,0.4299,0.0120,0.4985,0.5676,0.1318,-0.4555,-0.0913,0.3744,,,
summary,2022-10-28,QQQ,,,,,,,5.58,,1,,,,,,,,,,0.9037,2022-10-25T13:49:00+00:00,885,3172
summary,2022-10-28,AAPL,,,,,,,0.00,,0,,,,,,,,,,0.8977,2022-10-25T13:52:00+00:00,991,3079
trade,2022-10-28,NVDA,Long,2022-10-28T14:47:00+00:00,2022-10-28T15:56:00+00:00,134.1052,136.0892,2.24,4.45,0.014794,4140000,SessionClose,0.4461,0.2066,0.4484,0.3520,0.6337,-0.2913,0.0476,0.6907,,,
summary,2022-10-28,NVDA,,,,,,,4.45,,1,,,,,,,,,,1.0000,2022-10-25T13:31:00+00:00,1644,2722
trade,2022-10-28,MSFT,Long,2022-10-28T13:31:00+00:00,2022-10-28T15:26:00+00:00,227.0031,233.0551,1.32,8.01,0.026660,6900000,ScoreExit,0.4539,-0.0765,0.5512,0.5643,0.2007,-0.5577,-0.2166,0.3642,,,
summary,2022-10-28,MSFT,,,,,,,8.01,,1,,,,,,,,,,0.9034,2022-10-25T13:55:00+00:00,934,2927
summary,2022-10-31,SPY,,,,,,,0.00,,0,,,,,,,,,,0.9573,2022-10-28T14:46:00+00:00,831,1196
summary,2022-10-31,QQQ,,,,,,,0.00,,0,,,,,,,,,,1.0000,2022-10-28T13:40:00+00:00,855,1179
summary,2022-10-31,AAPL,,,,,,,0.00,,0,,,,,,,,,,1.0000,2022-10-28T13:35:00+00:00,654,1169
trade,2022-10-31,NVDA,Long,2022-10-31T13:32:00+00:00,2022-10-31T13:37:00+00:00,138.3666,136.4740,2.17,-4.10,-0.013678,300000,ScoreExit,0.4065,-0.0959,0.5820,0.3336,0.4938,-0.4743,-0.2650,0.3685,,,
summary,2022-10-31,NVDA,,,,,,,-4.10,,1,,,,,,,,,,1.0000,2022-10-28T13:32:00+00:00,727,1075
trade,2022-10-31,MSFT,Long,2022-10-31T13:45:00+00:00,2022-10-31T13:46:00+00:00,234.6854,233.9898,1.28,-0.89,-0.002964,60000,ScoreExit,0.4118,-0.0748,0.4760,0.3727,0.4688,0.0096,-0.2919,0.3315,,,
summary,2022-10-31,MSFT,,,,,,,-0.89,,1,,,,,,,,,,1.0000,2022-10-28T13:32:00+00:00,742,1007
summary,2022-11-01,SPY,,,,,,,0.00,,0,,,,,,,,,,0.5433,2022-10-31T15:54:00+00:00,724,1567
summary,2022-11-01,QQQ,,,,,,,0.00,,0,,,,,,,,,,0.5967,2022-10-31T15:54:00+00:00,630,1514
summary,2022-11-01,AAPL,,,,,,,0.00,,0,,,,,,,,,,0.7580,2022-10-31T09:24:00+00:00,631,1473
summary,2022-11-01,NVDA,,,,,,,0.00,,0,,,,,,,,,,0.7678,2022-10-31T09:34:00+00:00,700,1235
summary,2022-11-01,MSFT,,,,,,,0.00,,0,,,,,,,,,,0.6312,2022-10-31T15:54:00+00:00,361,1139
summary,2022-11-02,SPY,,,,,,,0.00,,0,,,,,,,,,,0.5433,2022-10-31T15:54:00+00:00,781,2366
summary,2022-11-02,QQQ,,,,,,,0.00,,0,,,,,,,,,,0.5967,2022-10-31T15:54:00+00:00,637,2363
summary,2022-11-02,AAPL,,,,,,,0.00,,0,,,,,,,,,,0.7580,2022-10-31T09:24:00+00:00,631,2250
summary,2022-11-02,NVDA,,,,,,,0.00,,0,,,,,,,,,,0.7678,2022-10-31T09:34:00+00:00,1168,1932
summary,2022-11-02,MSFT,,,,,,,0.00,,0,,,,,,,,,,0.6312,2022-10-31T15:54:00+00:00,361,1743
summary,2022-11-03,SPY,,,,,,,0.00,,0,,,,,,,,,,0.6127,2022-10-31T15:54:00+00:00,663,2987
summary,2022-11-03,QQQ,,,,,,,0.00,,0,,,,,,,,,,0.6778,2022-10-31T15:54:00+00:00,566,3007
summary,2022-11-03,AAPL,,,,,,,0.00,,0,,,,,,,,,,0.6456,2022-10-31T15:50:00+00:00,563,2861
trade,2022-11-03,NVDA,Long,2022-11-03T14:02:00+00:00,2022-11-03T15:16:00+00:00,130.9143,135.0130,2.29,9.40,0.031308,4440000,ScoreExit,0.4619,-0.0584,0.5009,0.5291,0.3145,-0.6154,-0.0940,0.1984,,,
summary,2022-11-03,NVDA,,,,,,,9.40,,1,,,,,,,,,,0.7514,2022-10-31T13:31:00+00:00,1264,2486
summary,2022-11-03,MSFT,,,,,,,0.00,,0,,,,,,,,,,0.7052,2022-10-31T15:54:00+00:00,309,2298
summary,2022-11-04,SPY,,,,,,,0.00,,0,,,,,,,,,,0.5111,2022-11-02T18:01:00+00:00,236,2988
summary,2022-11-04,QQQ,,,,,,,0.00,,0,,,,,,,,,,0.5031,2022-11-02T18:01:00+00:00,171,3070
summary,2022-11-04,AAPL,,,,,,,0.00,,0,,,,,,,,,,0.4828,2022-11-02T18:08:00+00:00,162,2967
trade,2022-11-04,NVDA,Long,2022-11-04T14:39:00+00:00,2022-11-04T15:09:00+00:00,141.8075,139.9930,2.12,-3.85,-0.012796,1800000,ScoreExit,0.5266,-0.0536,-0.0084,0.4970,0.7643,-0.5831,-0.2883,0.5921,,,
summary,2022-11-04,NVDA,,,,,,,-3.85,,1,,,,,,,,,,0.8835,2022-11-01T13:32:00+00:00,1278,2542
trade,2022-11-04,MSFT,Long,2022-11-04T14:21:00+00:00,2022-11-04T15:37:00+00:00,217.8853,216.4400,1.38,-1.99,-0.006633,4560000,MaxHoldTimeout,0.4248,0.0000,0.5842,0.5618,0.0976,0.2005,-0.3922,-0.1418,,,
summary,2022-11-04,MSFT,,,,,,,-1.99,,1,,,,,,,,,,0.5424,2022-11-02T18:01:00+00:00,370,2427
summary,2022-11-07,SPY,,,,,,,0.00,,0,,,,,,,,,,0.9546,2022-11-04T14:40:00+00:00,820,1189
trade,2022-11-07,QQQ,Long,2022-11-07T15:56:00+00:00,2022-11-07T15:57:00+00:00,265.2745,264.9555,1.13,-0.36,-0.001202,60000,SessionClose,0.4001,0.3670,0.4261,0.2941,0.6035,0.0946,0.2941,0.6035,,,
trade,2022-11-07,QQQ,Long,2022-11-07T15:59:00+00:00,2022-11-07T16:00:00+00:00,265.4346,265.3854,1.13,-0.06,-0.000186,60000,SessionClose,0.4069,0.4117,0.4935,0.2941,0.6035,0.5418,0.2941,0.6035,,,
summary,2022-11-07,QQQ,,,,,,,-0.42,,2,,,,,,,,,,0.9560,2022-11-04T14:40:00+00:00,813,1156
trade,2022-11-07,AAPL,Long,2022-11-07T15:16:00+00:00,2022-11-07T15:46:00+00:00,137.3080,136.4222,2.18,-1.94,-0.006451,1800000,ScoreExit,0.3753,-0.0528,0.5546,0.2434,0.5792,-0.1682,-0.1780,0.2360,,,
summary,2022-11-07,AAPL,,,,,,,-1.94,,1,,,,,,,,,,0.8925,2022-11-04T14:25:00+00:00,620,1193
trade,2022-11-07,NVDA,Long,2022-11-07T15:02:00+00:00,2022-11-07T15:56:00+00:00,141.2474,141.2526,2.12,0.01,0.000037,3240000,SessionClose,0.4182,0.3375,0.5918,0.2812,0.6344,0.2623,0.2016,0.6344,,,
summary,2022-11-07,NVDA,,,,,,,0.01,,1,,,,,,,,,,0.9084,2022-11-04T14:00:00+00:00,761,1048
trade,2022-11-07,MSFT,Long,2022-11-07T14:31:00+00:00,2022-11-07T15:56:00+00:00,223.4720,225.7073,1.34,3.00,0.010002,5100000,SessionClose,0.4700,0.4952,0.6260,0.3049,0.7481,0.2610,0.3888,0.7861,,,
trade,2022-11-07,MSFT,Long,2022-11-07T15:58:00+00:00,2022-11-07T15:59:00+00:00,226.1228,226.1771,1.33,0.07,0.000240,60000,SessionClose,0.5178,0.5256,0.4866,0.3888,0.7861,0.5651,0.3888,0.7861,,,
summary,2022-11-07,MSFT,,,,,,,3.07,,2,,,,,,,,,,0.9572,2022-11-04T14:41:00+00:00,802,990
trade,2022-11-08,SPY,Long,2022-11-08T15:16:00+00:00,2022-11-08T15:56:00+00:00,381.2803,382.6291,0.79,1.06,0.003537,2400000,SessionClose,0.4257,0.3141,0.4526,0.3639,0.5404,-0.5305,0.3418,0.5404,,,
trade,2022-11-08,SPY,Long,2022-11-08T16:00:00+00:00,2022-11-08T16:01:00+00:00,383.2299,382.6802,0.78,-0.43,-0.001435,60000,SessionClose,0.4014,0.2444,0.3425,0.3418,0.5404,-0.3538,0.1698,0.5930,,,
summary,2022-11-08,SPY,,,,,,,0.63,,2,,,,,,,,,,0.7502,2022-11-07T10:23:00+00:00,1057,1544
trade,2022-11-08,QQQ,Long,2022-11-08T15:31:00+00:00,2022-11-08T15:56:00+00:00,269.7359,270.0240,1.11,0.32,0.001068,1500000,SessionClose,0.4363,0.3170,0.3607,0.3852,0.5638,-0.4591,0.3230,0.5638,,,
summary,2022-11-08,QQQ,,,,,,,0.32,,1,,,,,,,,,,0.6568,2022-11-07T10:23:00+00:00,1018,1500
trade,2022-11-08,AAPL,Long,2022-11-08T15:41:00+00:00,2022-11-08T15:56:00+00:00,138.9975,139.1632,2.16,0.36,0.001192,900000,SessionClose,0.3619,0.3510,0.5074,0.2769,0.4835,-0.0455,0.3508,0.4835,,,
trade,2022-11-08,AAPL,Long,2022-11-08T15:58:00+00:00,2022-11-08T15:59:00+00:00,139.4269,139.3532,2.15,-0.16,-0.000529,60000,SessionClose,0.4034,0.4039,0.4792,0.3508,0.4835,0.4836,0.3508,0.4835,,,
summary,2022-11-08,AAPL,,,,,,,0.20,,2,,,,,,,,,,0.9202,2022-11-07T09:00:00+00:00,1017,1509
summary,2022-11-08,NVDA,,,,,,,0.00,,0,,,,,,,,,,0.8933,2022-11-07T10:58:00+00:00,922,1340
trade,2022-11-08,MSFT,Long,2022-11-08T14:51:00+00:00,2022-11-08T15:56:00+00:00,229.2940,229.1462,1.31,-0.19,-0.000644,3900000,SessionClose,0.4216,0.0127,0.5391,0.3245,0.5766,-0.5688,-0.1510,0.5340,,,
summary,2022-11-08,MSFT,,,,,,,-0.19,,1,,,,,,,,,,0.8701,2022-11-07T11:03:00+00:00,847,1137
summary,2022-11-09,SPY,,,,,,,0.00,,0,,,,,,,,,,0.7502,2022-11-07T10:23:00+00:00,1300,2457
summary,2022-11-09,QQQ,,,,,,,0.00,,0,,,,,,,,,,0.6568,2022-11-07T10:23:00+00:00,1286,2391
summary,2022-11-09,AAPL,,,,,,,0.00,,0,,,,,,,,,,0.9202,2022-11-07T09:00:00+00:00,1224,2289
summary,2022-11-09,NVDA,,,,,,,0.00,,0,,,,,,,,,,0.8933,2022-11-07T10:58:00+00:00,1039,2075
summary,2022-11-09,MSFT,,,,,,,0.00,,0,,,,,,,,,,0.8701,2022-11-07T11:03:00+00:00,946,1684
summary,2022-11-10,SPY,,,,,,,0.00,,0,,,,,,,,,,0.8281,2022-11-10T13:40:00+00:00,1672,3003
summary,2022-11-10,QQQ,,,,,,,0.00,,0,,,,,,,,,,0.8740,2022-11-07T15:16:00+00:00,1703,2977
summary,2022-11-10,AAPL,,,,,,,0.00,,0,,,,,,,,,,0.8900,2022-11-07T15:16:00+00:00,1628,2825
summary,2022-11-10,NVDA,,,,,,,0.00,,0,,,,,,,,,,0.9177,2022-11-07T15:04:00+00:00,1492,2617
trade,2022-11-10,MSFT,Long,2022-11-10T15:20:00+00:00,2022-11-10T15:56:00+00:00,239.5268,238.1985,1.26,-1.67,-0.005546,2160000,SessionClose,0.4217,0.1276,0.2797,0.3001,0.7122,-0.4207,-0.0733,0.7122,,,
summary,2022-11-10,MSFT,,,,,,,-1.67,,1,,,,,,,,,,0.9571,2022-11-07T15:59:00+00:00,1307,2144
trade,2022-11-11,SPY,Long,2022-11-11T15:16:00+00:00,2022-11-11T15:56:00+00:00,396.6640,396.4160,0.76,-0.19,-0.000625,2400000,SessionClose,0.4099,0.0717,0.5278,0.3781,0.4342,-0.3555,-0.0384,0.4342,,,
summary,2022-11-11,SPY,,,,,,,-0.19,,1,,,,,,,,,,0.9561,2022-11-08T15:43:00+00:00,1558,3071
trade,2022-11-11,QQQ,Long,2022-11-11T15:11:00+00:00,2022-11-11T15:56:00+00:00,283.9402,285.6293,1.06,1.79,0.005949,2700000,SessionClose,0.4706,0.2551,0.3771,0.4280,0.5869,-0.2521,0.1737,0.5869,,,
summary,2022-11-11,QQQ,,,,,,,1.79,,1,,,,,,,,,,0.9524,2022-11-08T15:48:00+00:00,1646,3080
trade,2022-11-11,AAPL,Long,2022-11-11T15:06:00+00:00,2022-11-11T15:56:00+00:00,146.2490,148.2017,2.05,4.01,0.013352,3000000,SessionClose,0.3893,0.3710,0.4804,0.2836,0.5704,0.1077,0.3152,0.5704,,,
trade,2022-11-11,AAPL,Long,2022-11-11T15:59:00+00:00,2022-11-11T16:00:00+00:00,148.3294,148.0706,2.03,-0.52,-0.001745,60000,SessionClose,0.3783,0.3491,0.1810,0.3152,0.5704,-0.1108,0.3152,0.5704,,,
summary,2022-11-11,AAPL,,,,,,,3.49,,2,,,,,,,,,,0.7964,2022-11-08T15:59:00+00:00,1616,2905
trade,2022-11-11,NVDA,Long,2022-11-11T15:14:00+00:00,2022-11-11T15:56:00+00:00,159.3928,160.6468,1.89,2.37,0.007867,2520000,SessionClose,0.4068,0.2321,0.5117,0.3217,0.5422,-0.0660,0.1267,0.5422,,,
summary,2022-11-11,NVDA,,,,,,,2.37,,1,,,,,,,,,,0.8698,2022-11-10T13:35:00+00:00,1512,2681
trade,2022-11-11,MSFT,Long,2022-11-11T14:46:00+00:00,2022-11-11T15:56:00+00:00,243.7481,245.9712,1.23,2.74,0.009120,4200000,SessionClose,0.4319,0.2007,0.4774,0.4037,0.4730,-0.1259,0.0642,0.5826,,,
summary,2022-11-11,MSFT,,,,,,,2.74,,1,,,,,,,,,,0.9070,2022-11-08T14:53:00+00:00,1190,2210
summary,2022-11-14,SPY,,,,,,,0.00,,0,,,,,,,,,,0.8869,2022-11-11T15:21:00+00:00,803,1167
trade,2022-11-14,QQQ,Long,2022-11-14T15:16:00+00:00,2022-11-14T15:56:00+00:00,287.2196,286.8289,1.05,-0.41,-0.001360,2400000,SessionClose,0.4005,0.2670,0.5583,0.3248,0.4991,0.4406,0.1516,0.4400,,,
summary,2022-11-14,QQQ,,,,,,,-0.41,,1,,,,,,,,,,0.9589,2022-11-11T15:49:00+00:00,884,1171
summary,2022-11-14,AAPL,,,,,,,0.00,,0,,,,,,,,,,0.9600,2022-11-11T15:49:00+00:00,890,1102
trade,2022-11-14,NVDA,Long,2022-11-14T15:01:00+00:00,2022-11-14T15:56:00+00:00,162.0036,163.2860,1.85,2.38,0.007916,3300000,SessionClose,0.4314,0.3506,0.6349,0.2177,0.7911,0.2721,0.1435,0.7911,,,
summary,2022-11-14,NVDA,,,,,,,2.38,,1,,,,,,,,,,1.0000,2022-11-11T14:40:00+00:00,953,1071
summary,2022-11-14,MSFT,,,,,,,0.00,,0,,,,,,,,,,0.9587,2022-11-11T15:51:00+00:00,379,978
summary,2022-11-15,SPY,,,,,,,0.00,,0,,,,,,,,,,0.5805,2022-11-14T18:26:00+00:00,890,1573
summary,2022-11-15,QQQ,,,,,,,0.00,,0,,,,,,,,,,0.6807,2022-11-15T13:33:00+00:00,1013,1555
trade,2022-11-15,AAPL,Long,2022-11-15T14:41:00+00:00,2022-11-15T15:56:00+00:00,152.5307,152.6792,1.97,0.29,0.000973,4500000,SessionClose,0.3586,0.1250,-0.0282,0.2059,0.7931,0.3984,-0.2169,0.7175,,,
summary,2022-11-15,AAPL,,,,,,,0.29,,1,,,,,,,,,,0.6425,2022-11-15T13:33:00+00:00,894,1402
summary,2022-11-15,NVDA,,,,,,,0.00,,0,,,,,,,,,,0.7449,2022-11-15T13:31:00+00:00,1001,1301
summary,2022-11-15,MSFT,,,,,,,0.00,,0,,,,,,,,,,0.7065,2022-11-15T13:33:00+00:00,746,1180
summary,2022-11-16,SPY,,,,,,,0.00,,0,,,,,,,,,,0.5805,2022-11-14T18:26:00+00:00,1048,2471
summary,2022-11-16,QQQ,,,,,,,0.00,,0,,,,,,,,,,0.6807,2022-11-15T13:33:00+00:00,1206,2431
summary,2022-11-16,AAPL,,,,,,,0.00,,0,,,,,,,,,,0.6425,2022-11-15T13:33:00+00:00,1013,2211
summary,2022-11-16,NVDA,,,,,,,0.00,,0,,,,,,,,,,0.7449,2022-11-15T13:31:00+00:00,1108,2080
summary,2022-11-16,MSFT,,,,,,,0.00,,0,,,,,,,,,,0.7065,2022-11-15T13:33:00+00:00,917,1786
summary,2022-11-17,SPY,,,,,,,0.00,,0,,,,,,,,,,0.7639,2022-11-14T15:15:00+00:00,964,3075
summary,2022-11-17,QQQ,,,,,,,0.00,,0,,,,,,,,,,0.8896,2022-11-14T15:15:00+00:00,1139,3004
trade,2022-11-17,AAPL,Long,2022-11-17T15:16:00+00:00,2022-11-17T15:46:00+00:00,148.0994,148.2306,2.03,0.27,0.000886,1800000,ScoreExit,0.3598,-0.0911,0.4456,0.5197,0.0114,-0.5675,-0.0629,0.0114,,,
summary,2022-11-17,AAPL,,,,,,,0.27,,1,,,,,,,,,,0.6640,2022-11-14T17:13:00+00:00,1206,2767
trade,2022-11-17,NVDA,Long,2022-11-17T15:30:00+00:00,2022-11-17T15:56:00+00:00,162.5368,160.3669,1.85,-4.01,-0.013351,1560000,SessionClose,0.4870,0.0000,0.5652,0.7109,0.0132,-0.3452,-0.2181,-0.0157,,,
summary,2022-11-17,NVDA,,,,,,,-4.01,,1,,,,,,,,,,1.0000,2022-11-14T14:31:00+00:00,1238,2777
summary,2022-11-17,MSFT,,,,,,,0.00,,0,,,,,,,,,,0.8991,2022-11-14T15:00:00+00:00,1101,2265
summary,2022-11-18,SPY,,,,,,,0.00,,0,,,,,,,,,,0.3878,2022-11-15T15:02:00+00:00,475,3052
summary,2022-11-18,QQQ,,,,,,,0.00,,0,,,,,,,,,,0.5550,2022-11-15T15:05:00+00:00,407,3008
summary,2022-11-18,AAPL,,,,,,,0.00,,0,,,,,,,,,,1.0000,2022-11-15T14:32:00+00:00,1000,2774
summary,2022-11-18,NVDA,,,,,,,0.00,,0,,,,,,,,,,0.9070,2022-11-15T15:00:00+00:00,489,2837
summary,2022-11-18,MSFT,,,,,,,0.00,,0,,,,,,,,,,0.4463,2022-11-17T16:59:00+00:00,625,2171
summary,2022-11-21,SPY,,,,,,,0.00,,0,,,,,,,,,,0.5193,2022-11-18T20:49:00+00:00,313,1167
summary,2022-11-21,QQQ,,,,,,,0.00,,0,,,,,,,,,,0.4630,2022-11-18T20:49:00+00:00,136,1126
summary,2022-11-21,AAPL,,,,,,,0.00,,0,,,,,,,,,,0.5270,2022-11-18T16:19:00+00:00,107,1058
trade,2022-11-21,NVDA,Long,2022-11-21T14:52:00+00:00,2022-11-21T15:02:00+00:00,153.8611,153.0191,1.95,-1.64,-0.005473,600000,ScoreExit,0.4466,-0.0567,0.5964,0.4658,0.3583,-0.3827,-0.0661,0.0709,,,
summary,2022-11-21,NVDA,,,,,,,-1.64,,1,,,,,,,,,,0.5756,2022-11-21T16:18:00+00:00,331,1039
summary,2022-11-21,MSFT,,,,,,,0.00,,0,,,,,,,,,,0.5746,2022-11-21T14:31:00+00:00,432,915
trade,2022-11-22,SPY,Long,2022-11-22T15:11:00+00:00,2022-11-22T15:56:00+00:00,396.8440,397.5657,0.76,0.55,0.001819,2700000,SessionClose,0.4105,0.3861,0.4901,0.3543,0.4963,0.5128,0.3100,0.4963,,,
summary,2022-11-22,SPY,,,,,,,0.55,,1,,,,,,,,,,0.4867,2022-11-21T18:39:00+00:00,984,1513
trade,2022-11-22,QQQ,Long,2022-11-22T15:48:00+00:00,2022-11-22T15:56:00+00:00,282.9699,283.3307,1.06,0.38,0.001275,480000,SessionClose,0.4106,0.4313,0.5445,0.4156,0.3559,0.5408,0.4156,0.4263,,,
trade,2022-11-22,QQQ,Long,2022-11-22T15:59:00+00:00,2022-11-22T16:00:00+00:00,283.6001,283.3700,1.06,-0.24,-0.000811,60000,SessionClose,0.4355,0.4236,0.5488,0.4156,0.4375,0.4506,0.4156,0.4305,,,
summary,2022-11-22,QQQ,,,,,,,0.14,,2,,,,,,,,,,0.4410,2022-11-22T20:33:00+00:00,753,1445
trade,2022-11-22,AAPL,Long,2022-11-22T15:47:00+00:00,2022-11-22T15:56:00+00:00,148.4395,148.5796,2.02,0.28,0.000944,540000,SessionClose,0.3681,0.3249,0.5228,0.4050,0.2426,0.3490,0.3322,0.3021,,,
trade,2022-11-22,AAPL,Long,2022-11-22T15:59:00+00:00,2022-11-22T16:00:00+00:00,148.8296,148.6654,2.02,-0.33,-0.001104,60000,SessionClose,0.3531,0.3283,0.5185,0.3322,0.3397,0.3235,0.3322,0.3219,,,
summary,2022-11-22,AAPL,,,,,,,-0.05,,2,,,,,,,,,,0.4996,2022-11-21T13:22:00+00:00,660,1335
trade,2022-11-22,NVDA,Long,2022-11-22T15:01:00+00:00,2022-11-22T15:56:00+00:00,154.4513,157.3978,1.94,5.72,0.019077,3300000,SessionClose,0.5789,0.6939,0.6210,0.3977,0.9274,0.2952,0.6437,0.9274,,,
trade,2022-11-22,NVDA,Long,2022-11-22T15:58:00+00:00,2022-11-22T15:59:00+00:00,157.5522,158.0076,1.91,0.87,0.002890,60000,SessionClose,0.6998,0.7232,0.3536,0.6437,0.9274,0.5879,0.6437,0.9274,,,
summary,2022-11-22,NVDA,,,,,,,6.59,,2,,,,,,,,,,0.8330,2022-11-21T10:14:00+00:00,817,1162
summary,2022-11-22,MSFT,,,,,,,0.00,,0,,,,,,,,,,0.6698,2022-11-21T14:31:00+00:00,572,1020
trade,2022-11-23,SPY,Long,2022-11-23T14:51:00+00:00,2022-11-23T15:56:00+00:00,401.7155,401.8844,0.75,0.13,0.000420,3900000,SessionClose,0.4177,0.1693,0.5020,0.4349,0.3550,-0.0281,0.0973,0.3789,,,
summary,2022-11-23,SPY,,,,,,,0.13,,1,,,,,,,,,,0.4867,2022-11-21T18:39:00+00:00,1622,2367
trade,2022-11-23,QQQ,Long,2022-11-23T14:36:00+00:00,2022-11-23T15:56:00+00:00,286.8110,288.7733,1.05,2.05,0.006842,4800000,SessionClose,0.4066,0.2398,0.5701,0.3813,0.4026,0.1049,0.1483,0.4678,,,
summary,2022-11-23,QQQ,,,,,,,2.05,,1,,,,,,,,,,0.4690,2022-11-23T19:04:00+00:00,1349,2261
trade,2022-11-23,AAPL,Long,2022-11-23T14:31:00+00:00,2022-11-23T15:56:00+00:00,149.5699,151.6095,2.01,4.09,0.013637,5100000,SessionClose,0.3978,0.1974,0.4087,0.4353,0.3192,0.3433,0.0783,0.3868,,,
summary,2022-11-23,AAPL,,,,,,,4.09,,1,,,,,,,,,,0.4996,2022-11-21T13:22:00+00:00,1165,2114
trade,2022-11-23,NVDA,Long,2022-11-23T14:32:00+00:00,2022-11-23T15:56:00+00:00,161.4034,164.0558,1.86,4.94,0.016433,5040000,SessionClose,0.4111,0.2559,0.3432,0.3603,0.5354,0.1810,0.1126,0.5673,,,
summary,2022-11-23,NVDA,,,,,,,4.94,,1,,,,,,,,,,0.8330,2022-11-21T10:14:00+00:00,1408,1888
trade,2022-11-23,MSFT,Long,2022-11-23T15:03:00+00:00,2022-11-23T15:56:00+00:00,246.7490,247.3408,1.22,0.72,0.002398,3180000,SessionClose,0.4148,0.2967,0.4674,0.4011,0.4245,0.3858,0.2180,0.4245,,,
summary,2022-11-23,MSFT,,,,,,,0.72,,1,,,,,,,,,,0.6698,2022-11-21T14:31:00+00:00,984,1561
summary,2022-11-24,SPY,,,,,,,0.00,,0,,,,,,,,,,0.4882,2022-11-21T18:39:00+00:00,1636,2275
summary,2022-11-24,QQQ,,,,,,,0.00,,0,,,,,,,,,,0.5785,2022-11-21T14:51:00+00:00,1349,2192
summary,2022-11-24,AAPL,,,,,,,0.00,,0,,,,,,,,,,0.5977,2022-11-21T15:00:00+00:00,1173,2082
summary,2022-11-24,NVDA,,,,,,,0.00,,0,,,,,,,,,,1.0000,2022-11-21T14:40:00+00:00,1447,1846
summary,2022-11-24,MSFT,,,,,,,0.00,,0,,,,,,,,,,1.0000,2022-11-21T14:31:00+00:00,927,1531
summary,2022-11-25,SPY,,,,,,,0.00,,0,,,,,,,,,,0.8250,2022-11-22T15:55:00+00:00,1541,2005
summary,2022-11-25,QQQ,,,,,,,0.00,,0,,,,,,,,,,0.9552,2022-11-22T15:50:00+00:00,1503,1927
summary,2022-11-25,AAPL,,,,,,,0.00,,0,,,,,,,,,,0.9544,2022-11-22T15:49:00+00:00,1157,1913
summary,2022-11-25,NVDA,,,,,,,0.00,,0,,,,,,,,,,0.9631,2022-11-22T15:49:00+00:00,1362,1663
summary,2022-11-25,MSFT,,,,,,,0.00,,0,,,,,,,,,,0.8479,2022-11-22T15:59:00+00:00,1074,1333
summary,2022-11-28,SPY,,,,,,,0.00,,0,,,,,,,,,,0.7135,2022-11-25T16:03:00+00:00,167,1064
summary,2022-11-28,QQQ,,,,,,,0.00,,0,,,,,,,,,,0.5815,2022-11-25T16:03:00+00:00,115,969
summary,2022-11-28,AAPL,,,,,,,0.00,,0,,,,,,,,,,0.8934,2022-11-25T14:58:00+00:00,156,1014
trade,2022-11-28,NVDA,Long,2022-11-28T14:43:00+00:00,2022-11-28T15:56:00+00:00,162.6238,160.8867,1.84,-3.20,-0.010681,4380000,SessionClose,0.4013,0.0000,0.5367,0.5517,0.0554,0.3045,-0.4389,-0.2603,,,
summary,2022-11-28,NVDA,,,,,,,-3.20,,1,,,,,,,,,,0.8942,2022-11-25T15:17:00+00:00,125,843
summary,2022-11-28,MSFT,,,,,,,0.00,,0,,,,,,,,,,0.4929,2022-11-25T14:37:00+00:00,46,762
summary,2022-11-29,SPY,,,,,,,0.00,,0,,,,,,,,,,0.3896,2022-11-28T14:34:00+00:00,313,1567
summary,2022-11-29,QQQ,,,,,,,0.00,,0,,,,,,,,,,0.5477,2022-11-28T14:41:00+00:00,307,1504
summary,2022-11-29,AAPL,,,,,,,0.00,,0,,,,,,,,,,0.6407,2022-11-28T14:43:00+00:00,282,1471
summary,2022-11-29,NVDA,,,,,,,0.00,,0,,,,,,,,,,0.6868,2022-11-28T14:41:00+00:00,160,1203
summary,2022-11-29,MSFT,,,,,,,0.00,,0,,,,,,,,,,0.4192,2022-11-28T13:53:00+00:00,69,1109
summary,2022-11-30,SPY,,,,,,,0.00,,0,,,,,,,,,,0.6663,2022-11-30T19:19:00+00:00,584,2420
summary,2022-11-30,QQQ,,,,,,,0.00,,0,,,,,,,,,,0.7490,2022-11-30T19:19:00+00:00,535,2324
summary,2022-11-30,AAPL,,,,,,,0.00,,0,,,,,,,,,,0.6962,2022-11-30T19:19:00+00:00,511,2280
trade,2022-11-30,NVDA,Long,2022-11-30T14:34:00+00:00,2022-11-30T15:50:00+00:00,158.8844,157.2978,1.89,-2.99,-0.009986,4560000,MaxHoldTimeout,0.4925,0.0000,0.6729,0.6537,0.1098,-0.1465,-0.1532,-0.0311,,,
summary,2022-11-30,NVDA,,,,,,,-2.99,,1,,,,,,,,,,0.7635,2022-11-30T19:16:00+00:00,437,1812
trade,2022-11-30,MSFT,Long,2022-11-30T14:35:00+00:00,2022-11-30T15:16:00+00:00,242.7278,242.1673,1.24,-0.69,-0.002309,2460000,ScoreExit,0.4163,-0.0763,0.6233,0.4091,0.3619,-0.5290,-0.0987,0.1196,,,
summary,2022-11-30,MSFT,,,,,,,-0.69,,1,,,,,,,,,,0.7405,2022-11-30T19:16:00+00:00,393,1614
summary,2022-12-01,SPY,,,,,,,0.00,,0,,,,,,,,,,0.6682,2022-11-30T19:19:00+00:00,1212,3021
summary,2022-12-01,QQQ,,,,,,,0.00,,0,,,,,,,,,,0.7511,2022-11-30T19:19:00+00:00,1147,2957
trade,2022-12-01,AAPL,Long,2022-12-01T14:46:00+00:00,2022-12-01T15:01:00+00:00,148.8046,148.0906,2.02,-1.44,-0.004799,900000,ScoreExit,0.3601,-0.1362,0.5772,0.2668,0.4742,-0.4271,-0.3756,0.4396,,,
trade,2022-12-01,AAPL,Long,2022-12-01T15:56:00+00:00,2022-12-01T15:57:00+00:00,147.8693,147.8756,2.03,0.01,0.000042,60000,SessionClose,0.3910,0.4012,0.4653,0.3543,0.4396,0.5675,0.3543,0.4396,,,
trade,2022-12-01,AAPL,Long,2022-12-01T15:59:00+00:00,2022-12-01T16:00:00+00:00,148.0494,148.1805,2.03,0.27,0.000886,60000,SessionClose,0.3978,0.4018,0.5331,0.3543,0.4396,0.5734,0.3543,0.4396,,,
summary,2022-12-01,AAPL,,,,,,,-1.16,,3,,,,,,,,,,0.9977,2022-11-28T14:33:00+00:00,1069,2874
trade,2022-12-01,NVDA,Long,2022-12-01T14:56:00+00:00,2022-12-01T15:06:00+00:00,171.7115,170.2639,1.74,-2.53,-0.008430,600000,ScoreExit,0.4978,-0.0682,0.6384,0.4289,0.5888,-0.4069,-0.3187,0.5457,,,
trade,2022-12-01,NVDA,Long,2022-12-01T15:56:00+00:00,2022-12-01T15:57:00+00:00,169.8659,169.9940,1.76,0.23,0.000754,60000,SessionClose,0.5001,0.5100,0.4658,0.4830,0.5457,0.5653,0.4830,0.5457,,,
trade,2022-12-01,NVDA,Long,2022-12-01T15:59:00+00:00,2022-12-01T16:00:00+00:00,170.5111,170.6838,1.76,0.30,0.001012,60000,SessionClose,0.5100,0.5125,0.5646,0.4830,0.5457,0.5899,0.4830,0.5457,,,
summary,2022-12-01,NVDA,,,,,,,-2.00,,3,,,,,,,,,,1.0000,2022-11-28T14:31:00+00:00,1080,2443
trade,2022-12-01,MSFT,Long,2022-12-01T14:46:00+00:00,2022-12-01T15:06:00+00:00,256.0618,254.5886,1.17,-1.73,-0.005753,1200000,ScoreExit,0.4537,-0.0833,0.5701,0.4150,0.4925,-0.1968,-0.3061,0.4002,,,
summary,2022-12-01,MSFT,,,,,,,-1.73,,1,,,,,,,,,,0.7421,2022-11-30T19:16:00+00:00,893,2179
trade,2022-12-02,SPY,Long,2022-12-02T15:14:00+00:00,2022-12-02T15:56:00+00:00,404.6364,404.3437,0.74,-0.22,-0.000723,2520000,SessionClose,0.4009,0.0133,0.5800,0.4718,0.1995,-0.2221,-0.0376,0.1936,,,
summary,2022-12-02,SPY,,,,,,,-0.22,,1,,,,,,,,,,0.7278,2022-11-30T19:19:00+00:00,1850,2999
trade,2022-12-02,QQQ,Long,2022-12-02T15:11:00+00:00,2022-12-02T15:56:00+00:00,289.9620,290.1379,1.03,0.18,0.000607,2700000,SessionClose,0.4142,-0.0328,0.4951,0.4970,0.2216,-0.4124,-0.0968,0.2216,,,
summary,2022-12-02,QQQ,,,,,,,0.18,,1,,,,,,,,,,0.8085,2022-11-30T19:19:00+00:00,1775,2922
summary,2022-12-02,AAPL,,,,,,,0.00,,0,,,,,,,,,,0.8952,2022-11-29T15:29:00+00:00,1583,2760
summary,2022-12-02,NVDA,,,,,,,0.00,,0,,,,,,,,,,0.8968,2022-11-29T15:08:00+00:00,1545,2450
trade,2022-12-02,MSFT,Long,2022-12-02T15:11:00+00:00,2022-12-02T15:56:00+00:00,251.3085,251.7694,1.19,0.55,0.001834,2700000,SessionClose,0.4041,0.0102,0.4791,0.4667,0.2539,-0.4460,-0.0407,0.2640,,,
summary,2022-12-02,MSFT,,,,,,,0.55,,1,,,,,,,,,,0.8068,2022-11-30T19:16:00+00:00,1372,2110
summary,2022-12-05,SPY,,,,,,,0.00,,0,,,,,,,,,,0.6882,2022-12-02T15:52:00+00:00,492,1201
summary,2022-12-05,QQQ,,,,,,,0.00,,0,,,,,,,,,,0.8999,2022-12-02T15:13:00+00:00,567,1128
trade,2022-12-05,AAPL,Long,2022-12-05T14:31:00+00:00,2022-12-05T15:16:00+00:00,148.3195,148.6304,2.02,0.63,0.002096,2700000,ScoreExit,0.5322,-0.0763,0.5568,0.4595,0.6693,-0.5688,-0.2761,0.4874,,,
summary,2022-12-05,AAPL,,,,,,,0.63,,1,,,,,,,,,,0.7545,2022-12-02T15:13:00+00:00,582,1078
trade,2022-12-05,NVDA,Long,2022-12-05T14:32:00+00:00,2022-12-05T15:36:00+00:00,167.8753,167.2548,1.79,-1.11,-0.003696,3840000,ScoreExit,0.4195,-0.0962,0.5424,0.3053,0.6070,-0.3067,-0.3082,0.3979,,,
trade,2022-12-05,NVDA,Long,2022-12-05T15:56:00+00:00,2022-12-05T15:57:00+00:00,168.3337,168.1397,1.78,-0.35,-0.001152,60000,SessionClose,0.4756,0.4654,0.5543,0.3650,0.6707,0.4515,0.3650,0.6707,,,
trade,2022-12-05,NVDA,Long,2022-12-05T15:59:00+00:00,2022-12-05T16:00:00+00:00,168.6256,168.5744,1.78,-0.09,-0.000303,60000,SessionClose,0.4758,0.4743,0.5554,0.3650,0.6707,0.5409,0.3650,0.6707,,,
summary,2022-12-05,NVDA,,,,,,,-1.54,,3,,,,,,,,,,1.0000,2022-12-02T14:32:00+00:00,579,979
summary,2022-12-05,MSFT,,,,,,,0.00,,0,,,,,,,,,,0.8928,2022-12-02T15:13:00+00:00,461,937
summary,2022-12-06,SPY,,,,,,,0.00,,0,,,,,,,,,,0.3828,2022-12-05T11:49:00+00:00,242,1600
summary,2022-12-06,QQQ,,,,,,,0.00,,0,,,,,,,,,,0.4064,2022-12-05T11:48:00+00:00,201,1475
summary,2022-12-06,AAPL,,,,,,,0.00,,0,,,,,,,,,,0.7474,2022-12-05T14:39:00+00:00,244,1370
summary,2022-12-06,NVDA,,,,,,,0.00,,0,,,,,,,,,,0.6250,2022-12-05T16:08:00+00:00,172,1106
summary,2022-12-06,MSFT,,,,,,,0.00,,0,,,,,,,,,,0.7068,2022-12-05T11:52:00+00:00,189,1037
summary,2022-12-07,SPY,,,,,,,0.00,,0,,,,,,,,,,0.3828,2022-12-05T11:49:00+00:00,242,2475
summary,2022-12-07,QQQ,,,,,,,0.00,,0,,,,,,,,,,0.4064,2022-12-05T11:48:00+00:00,231,2329
summary,2022-12-07,AAPL,,,,,,,0.00,,0,,,,,,,,,,0.7474,2022-12-05T14:39:00+00:00,244,2185
summary,2022-12-07,NVDA,,,,,,,0.00,,0,,,,,,,,,,0.6250,2022-12-05T16:08:00+00:00,343,1757
summary,2022-12-07,MSFT,,,,,,,0.00,,0,,,,,,,,,,0.7068,2022-12-05T11:52:00+00:00,276,1588
summary,2022-12-08,SPY,,,,,,,0.00,,0,,,,,,,,,,0.4240,2022-12-05T14:37:00+00:00,412,3031
trade,2022-12-08,QQQ,Long,2022-12-08T15:27:00+00:00,2022-12-08T15:56:00+00:00,284.3553,283.8898,1.06,-0.49,-0.001637,1740000,SessionClose,0.4088,0.1911,0.5768,0.4432,0.2838,0.5173,0.1048,0.2550,,,
summary,2022-12-08,QQQ,,,,,,,-0.49,,1,,,,,,,,,,0.5532,2022-12-05T14:38:00+00:00,383,2904
summary,2022-12-08,AAPL,,,,,,,0.00,,0,,,,,,,,,,1.0000,2022-12-05T14:35:00+00:00,262,2727
trade,2022-12-08,NVDA,Long,2022-12-08T15:01:00+00:00,2022-12-08T15:56:00+00:00,163.2390,167.3848,1.84,7.63,0.025397,3300000,SessionClose,0.5355,0.4131,0.5534,0.4701,0.6603,-0.5676,0.4355,0.6953,,,
trade,2022-12-08,NVDA,Long,2022-12-08T15:58:00+00:00,2022-12-08T15:59:00+00:00,167.3952,167.0849,1.80,-0.56,-0.001854,60000,SessionClose,0.4161,0.4124,-0.5381,0.4355,0.6953,-0.5743,0.4355,0.6953,,,
summary,2022-12-08,NVDA,,,,,,,7.07,,2,,,,,,,,,,0.8335,2022-12-05T16:04:00+00:00,799,2238
summary,2022-12-08,MSFT,,,,,,,0.00,,0,,,,,,,,,,0.6131,2022-12-05T14:49:00+00:00,467,2016
summary,2022-12-09,SPY,,,,,,,0.00,,0,,,,,,,,,,0.4147,2022-12-08T15:34:00+00:00,1331,2968
trade,2022-12-09,QQQ,Long,2022-12-09T15:56:00+00:00,2022-12-09T15:57:00+00:00,284.4703,284.5296,1.06,0.06,0.000208,60000,SessionClose,0.4163,0.4149,0.5434,0.4551,0.2964,0.5292,0.4551,0.2964,,,
trade,2022-12-09,QQQ,Long,2022-12-09T15:59:00+00:00,2022-12-09T16:00:00+00:00,284.9805,285.2294,1.05,0.26,0.000874,60000,SessionClose,0.4201,0.4208,0.5813,0.4551,0.2964,0.5885,0.4551,0.2964,,,
summary,2022-12-09,QQQ,,,,,,,0.32,,2,,,,,,,,,,0.4686,2022-12-08T15:34:00+00:00,1061,2894
trade,2022-12-09,AAPL,Long,2022-12-09T15:31:00+00:00,2022-12-09T15:56:00+00:00,142.8278,143.5269,2.10,1.47,0.004895,1500000,SessionClose,0.4119,0.5426,0.5729,0.3769,0.4282,0.5497,0.5638,0.4979,,,
trade,2022-12-09,AAPL,Long,2022-12-09T15:58:00+00:00,2022-12-09T15:59:00+00:00,143.9682,143.9918,2.08,0.05,0.000164,60000,SessionClose,0.5449,0.5464,0.5722,0.5638,0.4979,0.5880,0.5638,0.4979,,,
summary,2022-12-09,AAPL,,,,,,,1.52,,2,,,,,,,,,,0.5567,2022-12-09T16:03:00+00:00,856,2695
trade,2022-12-09,NVDA,Long,2022-12-09T14:31:00+00:00,2022-12-09T15:56:00+00:00,171.6565,173.5724,1.75,3.35,0.011161,5100000,SessionClose,0.4280,0.5012,0.4929,0.4088,0.4448,0.3282,0.4873,0.5869,,,
trade,2022-12-09,NVDA,Long,2022-12-09T15:58:00+00:00,2022-12-09T15:59:00+00:00,174.0472,174.1227,1.73,0.13,0.000434,60000,SessionClose,0.5236,0.5279,0.5514,0.4873,0.5869,0.5949,0.4873,0.5869,,,
summary,2022-12-09,NVDA,,,,,,,3.48,,2,,,,,,,,,,0.7394,2022-12-08T15:34:00+00:00,1400,2400
trade,2022-12-09,MSFT,Long,2022-12-09T15:40:00+00:00,2022-12-09T15:56:00+00:00,246.7990,246.6010,1.22,-0.24,-0.000802,960000,SessionClose,0.4041,0.4629,0.5599,0.4124,0.3357,0.5443,0.5127,0.3362,,,
trade,2022-12-09,MSFT,Long,2022-12-09T15:58:00+00:00,2022-12-09T15:59:00+00:00,247.2091,247.2408,1.21,0.04,0.000128,60000,SessionClose,0.4735,0.4758,0.5454,0.5127,0.3709,0.5689,0.5127,0.3709,,,
summary,2022-12-09,MSFT,,,,,,,-0.20,,2,,,,,,,,,,0.4923,2022-12-09T16:02:00+00:00,902,2032
summary,2022-12-12,SPY,,,,,,,0.00,,0,,,,,,,,,,0.8522,2022-12-09T16:04:00+00:00,523,1143
summary,2022-12-12,QQQ,,,,,,,0.00,,0,,,,,,,,,,0.9588,2022-12-09T15:59:00+00:00,385,1124
summary,2022-12-12,AAPL,,,,,,,0.00,,0,,,,,,,,,,0.9596,2022-12-09T15:59:00+00:00,461,1044
trade,2022-12-12,NVDA,Long,2022-12-12T15:06:00+00:00,2022-12-12T15:56:00+00:00,172.2166,170.7038,1.74,-2.64,-0.008785,3000000,SessionClose,0.4125,0.0000,0.6023,0.4979,0.1786,0.4350,-0.0179,-0.0374,,,
summary,2022-12-12,NVDA,,,,,,,-2.64,,1,,,,,,,,,,1.0000,2022-12-09T14:35:00+00:00,425,1025
summary,2022-12-12,MSFT,,,,,,,0.00,,0,,,,,,,,,,0.9597,2022-12-09T15:59:00+00:00,721,915
summary,2022-12-13,SPY,,,,,,,0.00,,0,,,,,,,,,,0.8257,2022-12-13T13:49:00+00:00,1213,1538
summary,2022-12-13,QQQ,,,,,,,0.00,,0,,,,,,,,,,0.8893,2022-12-13T13:49:00+00:00,1068,1482
summary,2022-12-13,AAPL,,,,,,,0.00,,0,,,,,,,,,,0.7590,2022-12-13T13:41:00+00:00,963,1330
summary,2022-12-13,NVDA,,,,,,,0.00,,0,,,,,,,,,,0.8396,2022-12-13T13:49:00+00:00,1085,1325
summary,2022-12-13,MSFT,,,,,,,0.00,,0,,,,,,,,,,0.8454,2022-12-12T11:00:00+00:00,822,1094
summary,2022-12-14,SPY,,,,,,,0.00,,0,,,,,,,,,,0.8257,2022-12-13T13:49:00+00:00,1679,2376
trade,2022-12-14,QQQ,Long,2022-12-14T15:06:00+00:00,2022-12-14T15:56:00+00:00,290.4321,290.1779,1.04,-0.26,-0.000875,3000000,SessionClose,0.4057,0.0211,0.5605,0.4458,0.2741,-0.4991,-0.0187,0.2741,,,
summary,2022-12-14,QQQ,,,,,,,-0.26,,1,,,,,,,,,,0.8893,2022-12-13T13:49:00+00:00,1467,2323
trade,2022-12-14,AAPL,Long,2022-12-14T14:51:00+00:00,2022-12-14T15:30:00+00:00,146.0038,145.9612,2.06,-0.09,-0.000292,2340000,ScoreExit,0.3631,-0.0526,0.4722,0.4083,0.2363,-0.4711,-0.1099,0.2017,,,
summary,2022-12-14,AAPL,,,,,,,-0.09,,1,,,,,,,,,,0.7590,2022-12-13T13:41:00+00:00,1226,2071
trade,2022-12-14,NVDA,Long,2022-12-14T14:31:00+00:00,2022-12-14T14:41:00+00:00,180.2591,179.2612,1.67,-1.66,-0.005536,600000,ScoreExit,0.4124,-0.1375,0.3621,0.4837,0.2866,-0.5302,-0.2841,0.2866,,,
trade,2022-12-14,NVDA,Long,2022-12-14T15:06:00+00:00,2022-12-14T15:51:00+00:00,181.7845,180.9707,1.65,-1.35,-0.004477,2700000,ScoreExit,0.4205,-0.0756,0.5962,0.4840,0.2351,0.0578,-0.2532,0.2351,,,
summary,2022-12-14,NVDA,,,,,,,-3.01,,2,,,,,,,,,,0.8396,2022-12-13T13:49:00+00:00,1439,1972
trade,2022-12-14,MSFT,Long,2022-12-14T14:31:00+00:00,2022-12-14T15:56:00+00:00,258.2124,260.5668,1.17,2.74,0.009118,5100000,SessionClose,0.4530,0.0625,0.5500,0.4272,0.4721,-0.3850,-0.0461,0.4288,,,
summary,2022-12-14,MSFT,,,,,,,2.74,,1,,,,,,,,,,0.8454,2022-12-12T11:00:00+00:00,1236,1648
summary,2022-12-15,SPY,,,,,,,0.00,,0,,,,,,,,,,0.8060,2022-12-13T13:49:00+00:00,1678,3027
summary,2022-12-15,QQQ,,,,,,,0.00,,0,,,,,,,,,,0.8908,2022-12-13T13:49:00+00:00,1339,2950
summary,2022-12-15,AAPL,,,,,,,0.00,,0,,,,,,,,,,0.7606,2022-12-13T13:41:00+00:00,1170,2689
summary,2022-12-15,NVDA,,,,,,,0.00,,0,,,,,,,,,,0.9073,2022-12-12T14:53:00+00:00,1341,2544
summary,2022-12-15,MSFT,,,,,,,0.00,,0,,,,,,,,,,1.0000,2022-12-12T14:35:00+00:00,1235,2198
summary,2022-12-16,SPY,,,,,,,0.00,,0,,,,,,,,,,0.5161,2022-12-13T14:55:00+00:00,227,3067
summary,2022-12-16,QQQ,,,,,,,0.00,,0,,,,,,,,,,0.5789,2022-12-13T14:47:00+00:00,165,3009
summary,2022-12-16,AAPL,,,,,,,0.00,,0,,,,,,,,,,0.5073,2022-12-13T14:45:00+00:00,131,2805
summary,2022-12-16,NVDA,,,,,,,0.00,,0,,,,,,,,,,0.9464,2022-12-13T14:46:00+00:00,133,2471
summary,2022-12-16,MSFT,,,,,,,0.00,,0,,,,,,,,,,0.9113,2022-12-13T14:45:00+00:00,393,2203
summary,2022-12-19,SPY,,,,,,,0.00,,0,,,,,,,,,,0.6204,2022-12-16T20:30:00+00:00,294,1184
summary,2022-12-19,QQQ,,,,,,,0.00,,0,,,,,,,,,,0.8357,2022-12-16T14:49:00+00:00,224,1168
summary,2022-12-19,AAPL,,,,,,,0.00,,0,,,,,,,,,,0.9035,2022-12-16T14:53:00+00:00,265,1143
summary,2022-12-19,NVDA,,,,,,,0.00,,0,,,,,,,,,,1.0000,2022-12-16T14:33:00+00:00,211,986
summary,2022-12-19,MSFT,,,,,,,0.00,,0,,,,,,,,,,0.8184,2022-12-16T14:50:00+00:00,104,975
trade,2022-12-20,SPY,Long,2022-12-20T15:22:00+00:00,2022-12-20T15:56:00+00:00,381.4894,381.9104,0.79,0.33,0.001104,2040000,SessionClose,0.4249,0.2157,0.5533,0.4636,0.3047,0.5029,0.0957,0.3600,,,
summary,2022-12-20,SPY,,,,,,,0.33,,1,,,,,,,,,,0.6552,2022-12-19T10:22:00+00:00,567,1555
trade,2022-12-20,QQQ,Long,2022-12-20T15:33:00+00:00,2022-12-20T15:56:00+00:00,271.3564,270.6538,1.11,-0.78,-0.002589,1380000,SessionClose,0.4156,0.0572,0.5716,0.4591,0.2765,0.2395,-0.0457,0.2024,,,
summary,2022-12-20,QQQ,,,,,,,-0.78,,1,,,,,,,,,,0.6038,2022-12-19T10:21:00+00:00,355,1539
trade,2022-12-20,AAPL,Long,2022-12-20T15:19:00+00:00,2022-12-20T15:56:00+00:00,132.3047,132.7602,2.27,1.03,0.003443,2220000,SessionClose,0.3685,0.1619,0.5696,0.4522,0.1340,0.2778,0.0868,0.2733,,,
summary,2022-12-20,AAPL,,,,,,,1.03,,1,,,,,,,,,,0.6039,2022-12-19T10:23:00+00:00,439,1463
trade,2022-12-20,NVDA,Long,2022-12-20T14:59:00+00:00,2022-12-20T15:56:00+00:00,162.4536,162.2463,1.85,-0.38,-0.001276,3420000,SessionClose,0.4109,0.1457,0.7119,0.4800,0.1724,0.5337,0.1068,0.0943,,,
summary,2022-12-20,NVDA,,,,,,,-0.38,,1,,,,,,,,,,0.6689,2022-12-19T17:49:00+00:00,322,1165
trade,2022-12-20,MSFT,Long,2022-12-20T15:26:00+00:00,2022-12-20T15:56:00+00:00,241.6275,241.8724,1.24,0.30,0.001014,1800000,SessionClose,0.4192,0.1018,0.5763,0.4377,0.3299,0.2129,-0.0548,0.3778,,,
summary,2022-12-20,MSFT,,,,,,,0.30,,1,,,,,,,,,,0.6723,2022-12-19T11:21:00+00:00,418,1118
trade,2022-12-21,SPY,Long,2022-12-21T15:06:00+00:00,2022-12-21T15:56:00+00:00,384.2602,386.3591,0.78,1.64,0.005462,3000000,SessionClose,0.4069,0.3937,0.5059,0.3820,0.4235,0.4399,0.3710,0.4235,,,
trade,2022-12-21,SPY,Long,2022-12-21T15:59:00+00:00,2022-12-21T16:00:00+00:00,386.6810,386.4590,0.78,-0.17,-0.000574,60000,SessionClose,0.4046,0.4045,0.5495,0.3710,0.4235,0.5479,0.3710,0.4235,,,
summary,2022-12-21,SPY,,,,,,,1.47,,2,,,,,,,,,,0.6552,2022-12-19T10:22:00+00:00,1197,2413
trade,2022-12-21,QQQ,Long,2022-12-21T15:07:00+00:00,2022-12-21T15:56:00+00:00,271.7265,273.6329,1.10,2.11,0.007016,2940000,SessionClose,0.4031,0.3974,0.4411,0.4039,0.3888,0.4878,0.3866,0.3888,,,
trade,2022-12-21,QQQ,Long,2022-12-21T15:59:00+00:00,2022-12-21T16:00:00+00:00,273.9121,273.7628,1.10,-0.16,-0.000545,60000,SessionClose,0.4026,0.4029,0.5399,0.3866,0.3888,0.5431,0.3866,0.3888,,,
summary,2022-12-21,QQQ,,,,,,,1.94,,2,,,,,,,,,,0.6038,2022-12-19T10:21:00+00:00,955,2424
trade,2022-12-21,AAPL,Long,2022-12-21T14:36:00+00:00,2022-12-21T15:56:00+00:00,133.7651,136.1491,2.24,5.35,0.017822,4800000,SessionClose,0.4033,0.5625,0.5256,0.4448,0.2796,0.4899,0.5516,0.6087,,,
trade,2022-12-21,AAPL,Long,2022-12-21T15:58:00+00:00,2022-12-21T15:59:00+00:00,136.5660,136.5057,2.20,-0.13,-0.000441,60000,SessionClose,0.5713,0.5703,0.5770,0.5516,0.6087,0.5671,0.5516,0.6087,,,
summary,2022-12-21,AAPL,,,,,,,5.22,,2,,,,,,,,,,0.6039,2022-12-19T10:23:00+00:00,1110,2288
trade,2022-12-21,NVDA,Long,2022-12-21T14:36:00+00:00,2022-12-21T15:56:00+00:00,162.5638,165.1654,1.85,4.80,0.016004,4800000,SessionClose,0.4273,0.3761,0.5610,0.4386,0.3602,0.3453,0.2697,0.5992,,,
summary,2022-12-21,NVDA,,,,,,,4.80,,1,,,,,,,,,,0.6689,2022-12-19T17:49:00+00:00,783,1819
trade,2022-12-21,MSFT,Long,2022-12-21T15:36:00+00:00,2022-12-21T15:56:00+00:00,243.6784,244.3517,1.23,0.83,0.002763,1200000,SessionClose,0.4057,0.3595,0.4539,0.4372,0.3266,0.5069,0.3513,0.3266,,,
summary,2022-12-21,MSFT,,,,,,,0.83,,1,,,,,,,,,,0.6723,2022-12-19T11:21:00+00:00,814,1712
summary,2022-12-22,SPY,,,,,,,0.00,,0,,,,,,,,,,0.4719,2022-12-21T15:39:00+00:00,1284,2993
summary,2022-12-22,QQQ,,,,,,,0.00,,0,,,,,,,,,,0.4559,2022-12-21T15:32:00+00:00,1057,2957
summary,2022-12-22,AAPL,,,,,,,0.00,,0,,,,,,,,,,0.5718,2022-12-21T15:57:00+00:00,1241,2797
summary,2022-12-22,NVDA,,,,,,,0.00,,0,,,,,,,,,,0.7280,2022-12-19T15:30:00+00:00,772,2337
summary,2022-12-22,MSFT,,,,,,,0.00,,0,,,,,,,,,,0.5043,2022-12-20T15:32:00+00:00,823,2128
trade,2022-12-23,SPY,Long,2022-12-23T15:38:00+00:00,2022-12-23T15:56:00+00:00,382.3397,381.2934,0.79,-0.82,-0.002737,1080000,SessionClose,0.4076,0.0000,0.5353,0.5582,0.0638,0.1109,-0.0130,-0.0025,,,
summary,2022-12-23,SPY,,,,,,,-0.82,,1,,,,,,,,,,0.8958,2022-12-20T15:53:00+00:00,1599,2956
summary,2022-12-23,QQQ,,,,,,,0.00,,0,,,,,,,,,,0.9173,2022-12-20T15:53:00+00:00,1183,2975
summary,2022-12-23,AAPL,,,,,,,0.00,,0,,,,,,,,,,0.9448,2022-12-20T15:53:00+00:00,1370,2778
summary,2022-12-23,NVDA,,,,,,,0.00,,0,,,,,,,,,,1.0000,2022-12-20T14:37:00+00:00,830,2422
summary,2022-12-23,MSFT,,,,,,,0.00,,0,,,,,,,,,,0.9431,2022-12-20T15:49:00+00:00,870,2083
summary,2022-12-26,SPY,,,,,,,0.00,,0,,,,,,,,,,0.9022,2022-12-23T15:18:00+00:00,389,482
summary,2022-12-26,QQQ,,,,,,,0.00,,0,,,,,,,,,,0.9066,2022-12-23T15:18:00+00:00,392,472
summary,2022-12-26,AAPL,,,,,,,0.00,,0,,,,,,,,,,0.9004,2022-12-23T15:18:00+00:00,388,476
summary,2022-12-26,NVDA,,,,,,,0.00,,0,,,,,,,,,,0.9120,2022-12-23T15:18:00+00:00,304,438
summary,2022-12-26,MSFT,,,,,,,0.00,,0,,,,,,,,,,0.9581,2022-12-23T15:40:00+00:00,362,426
trade,2022-12-27,SPY,Long,2022-12-27T15:22:00+00:00,2022-12-27T15:56:00+00:00,382.9799,381.9404,0.78,-0.81,-0.002714,2040000,SessionClose,0.4684,0.0321,0.5912,0.2696,0.8250,-0.5742,0.0409,0.2165,,,
summary,2022-12-27,SPY,,,,,,,-0.81,,1,,,,,,,,,,0.6918,2022-12-27T10:30:00+00:00,264,636
trade,2022-12-27,QQQ,Long,2022-12-27T15:47:00+00:00,2022-12-27T15:56:00+00:00,265.8347,264.8455,1.13,-1.12,-0.003721,540000,SessionClose,0.4113,0.0000,0.4656,0.3264,0.5632,-0.5744,0.0475,-0.1142,,,
summary,2022-12-27,QQQ,,,,,,,-1.12,,1,,,,,,,,,,0.5213,2022-12-27T10:14:00+00:00,143,656
trade,2022-12-27,AAPL,Long,2022-12-27T15:39:00+00:00,2022-12-27T15:56:00+00:00,130.3041,129.8360,2.30,-1.08,-0.003592,1020000,SessionClose,0.3761,0.0000,0.5308,0.2417,0.5934,-0.5611,0.0509,-0.0532,,,
summary,2022-12-27,AAPL,,,,,,,-1.08,,1,,,,,,,,,,0.6537,2022-12-27T10:17:00+00:00,255,626
summary,2022-12-27,NVDA,,,,,,,0.00,,0,,,,,,,,,,0.9370,2022-12-27T09:47:00+00:00,52,562
trade,2022-12-27,MSFT,Long,2022-12-27T15:22:00+00:00,2022-12-27T15:56:00+00:00,238.5165,237.4636,1.26,-1.32,-0.004414,2040000,SessionClose,0.4237,-0.0443,0.5917,0.1340,0.9471,-0.5635,0.0108,0.0185,,,
summary,2022-12-27,MSFT,,,,,,,-1.32,,1,,,,,,,,,,0.4474,2022-12-27T09:54:00+00:00,201,532
summary,2022-12-28,SPY,,,,,,,0.00,,0,,,,,,,,,,0.6918,2022-12-27T10:30:00+00:00,525,1422
summary,2022-12-28,QQQ,,,,,,,0.00,,0,,,,,,,,,,0.5213,2022-12-27T10:14:00+00:00,271,1516
trade,2022-12-28,AAPL,Long,2022-12-28T14:35:00+00:00,2022-12-28T14:53:00+00:00,130.6142,129.9760,2.30,-1.47,-0.004886,1080000,ScoreExit,0.3796,-0.0520,0.5880,0.3802,0.3091,-0.5382,-0.0698,0.1457,,,
summary,2022-12-28,AAPL,,,,,,,-1.47,,1,,,,,,,,,,0.6537,2022-12-27T10:17:00+00:00,509,1415
summary,2022-12-28,NVDA,,,,,,,0.00,,0,,,,,,,,,,0.9370,2022-12-27T09:47:00+00:00,196,1363
trade,2022-12-28,MSFT,Long,2022-12-28T14:33:00+00:00,2022-12-28T15:26:00+00:00,238.0664,238.5034,1.26,0.55,0.001836,3180000,ScoreExit,0.4331,-0.0646,0.5632,0.4445,0.3670,-0.5241,-0.1677,0.2949,,,
summary,2022-12-28,MSFT,,,,,,,0.55,,1,,,,,,,,,,0.4617,2022-12-28T14:34:00+00:00,365,1080
trade,2022-12-29,SPY,Long,2022-12-29T15:08:00+00:00,2022-12-29T15:56:00+00:00,382.0395,382.9501,0.79,0.72,0.002384,2880000,SessionClose,0.4073,0.2291,0.5076,0.4088,0.3710,0.5048,0.1122,0.3711,,,
summary,2022-12-29,SPY,,,,,,,0.72,,1,,,,,,,,,,0.6918,2022-12-27T10:30:00+00:00,910,2276
trade,2022-12-29,QQQ,Long,2022-12-29T14:41:00+00:00,2022-12-29T15:56:00+00:00,264.5343,266.2251,1.13,1.92,0.006392,4500000,SessionClose,0.4133,0.2427,0.5947,0.4118,0.3561,0.0996,0.1689,0.4379,,,
summary,2022-12-29,QQQ,,,,,,,1.92,,1,,,,,,,,,,0.5213,2022-12-27T10:14:00+00:00,671,2352
trade,2022-12-29,AAPL,Long,2022-12-29T14:36:00+00:00,2022-12-29T15:04:00+00:00,129.0437,128.4764,2.32,-1.32,-0.004396,1680000,ScoreExit,0.3516,-0.0602,0.5780,0.3484,0.2825,-0.5089,-0.1745,0.3181,,,
trade,2022-12-29,AAPL,Long,2022-12-29T15:21:00+00:00,2022-12-29T15:56:00+00:00,129.1937,129.5711,2.32,0.88,0.002921,2100000,SessionClose,0.3813,0.4384,0.5492,0.3100,0.4681,0.5336,0.3937,0.4962,,,
trade,2022-12-29,AAPL,Long,2022-12-29T15:58:00+00:00,2022-12-29T15:59:00+00:00,129.9441,129.9132,2.31,-0.07,-0.000237,60000,SessionClose,0.4419,0.4425,0.5686,0.3937,0.4962,0.5746,0.3937,0.4962,,,
summary,2022-12-29,AAPL,,,,,,,-0.51,,3,,,,,,,,,,0.6537,2022-12-27T10:17:00+00:00,858,2276
trade,2022-12-29,NVDA,Long,2022-12-29T14:46:00+00:00,2022-12-29T15:56:00+00:00,144.4283,144.9715,2.08,1.13,0.003761,4200000,SessionClose,0.4065,0.3757,0.5423,0.2851,0.6040,0.0506,0.2802,0.6752,,,
trade,2022-12-29,NVDA,Long,2022-12-29T15:58:00+00:00,2022-12-29T15:59:00+00:00,145.3836,145.2714,2.07,-0.23,-0.000772,60000,SessionClose,0.4268,0.4100,0.5611,0.2802,0.6752,0.3937,0.2802,0.6752,,,
summary,2022-12-29,NVDA,,,,,,,0.90,,2,,,,,,,,,,0.9370,2022-12-27T09:47:00+00:00,689,2035
trade,2022-12-29,MSFT,Long,2022-12-29T15:07:00+00:00,2022-12-29T15:56:00+00:00,238.3565,239.6431,1.26,1.62,0.005398,2940000,SessionClose,0.4166,0.3545,0.4686,0.3876,0.4574,0.0644,0.3513,0.4574,,,
summary,2022-12-29,MSFT,,,,,,,1.62,,1,,,,,,,,,,0.4721,2022-12-29T15:18:00+00:00,750,1661
summary,2022-12-30,SPY,,,,,,,0.00,,0,,,,,,,,,,0.8898,2022-12-27T15:46:00+00:00,1104,2872
summary,2022-12-30,QQQ,,,,,,,0.00,,0,,,,,,,,,,0.7837,2022-12-27T15:48:00+00:00,1029,2912
trade,2022-12-30,AAPL,Long,2022-12-30T15:46:00+00:00,2022-12-30T15:56:00+00:00,128.7786,128.7756,2.33,-0.01,-0.000024,600000,SessionClose,0.3568,0.1910,0.5358,0.4341,0.1427,-0.2545,0.2802,0.1610,,,
summary,2022-12-30,AAPL,,,,,,,-0.01,,1,,,,,,,,,,0.6710,2022-12-27T17:11:00+00:00,1142,2817
trade,2022-12-30,NVDA,Long,2022-12-30T14:40:00+00:00,2022-12-30T14:47:00+00:00,144.2605,143.5619,2.08,-1.45,-0.004842,420000,ScoreExit,0.4053,-0.0610,0.5489,0.4139,0.3402,-0.2598,-0.1725,0.2282,,,
summary,2022-12-30,NVDA,,,,,,,-1.45,,1,,,,,,,,,,0.9051,2022-12-27T15:21:00+00:00,1360,2515
summary,2022-12-30,MSFT,,,,,,,0.00,,0,,,,,,,,,,0.8979,2022-12-27T15:21:00+00:00,928,2050
