row_type,date,ticker,direction,entry_time,exit_time,entry_price,exit_price,size,pnl,pnl_pct,hold_duration_ms,exit_reason,entry_composite,exit_composite,entry_1m,entry_5m,entry_1h,exit_1m,exit_5m,exit_1h,max_composite,max_composite_time,positive_ticks,total_ticks
summary,2025-01-01,SPY,,,,,,,0.00,,0,,,,,,,,,,0.6264,2024-12-30T16:43:00+00:00,636,1487
summary,2025-01-01,QQQ,,,,,,,0.00,,0,,,,,,,,,,0.6166,2024-12-30T16:42:00+00:00,597,1636
summary,2025-01-01,AAPL,,,,,,,0.00,,0,,,,,,,,,,0.5697,2024-12-30T17:28:00+00:00,425,1297
summary,2025-01-01,NVDA,,,,,,,0.00,,0,,,,,,,,,,0.7850,2024-12-30T14:51:00+00:00,783,1896
summary,2025-01-01,MSFT,,,,,,,0.00,,0,,,,,,,,,,0.5902,2024-12-30T17:45:00+00:00,428,1112
summary,2025-01-02,SPY,,,,,,,0.00,,0,,,,,,,,,,0.5906,2024-12-30T16:43:00+00:00,867,1910
summary,2025-01-02,QQQ,,,,,,,0.00,,0,,,,,,,,,,0.5990,2024-12-30T16:42:00+00:00,734,2023
summary,2025-01-02,AAPL,,,,,,,0.00,,0,,,,,,,,,,0.5631,2024-12-30T17:28:00+00:00,411,1742
trade,2025-01-02,NVDA,Long,2025-01-02T14:55:00+00:00,2025-01-02T15:56:00+00:00,137.0661,137.5437,2.19,1.05,0.003485,3660000,SessionClose,0.4011,0.1915,0.6111,0.4070,0.3191,0.4125,0.0455,0.4097,,,
summary,2025-01-02,NVDA,,,,,,,1.05,,1,,,,,,,,,,1.0000,2024-12-30T14:38:00+00:00,1129,2290
summary,2025-01-02,MSFT,,,,,,,0.00,,0,,,,,,,,,,0.6498,2024-12-30T15:44:00+00:00,526,1543
summary,2025-01-03,SPY,,,,,,,0.00,,0,,,,,,,,,,0.4882,2025-01-02T09:15:00+00:00,926,1934
trade,2025-01-03,QQQ,Long,2025-01-03T14:37:00+00:00,2025-01-03T15:16:00+00:00,514.3894,514.4406,0.58,0.03,0.000100,2340000,ScoreExit,0.4119,-0.0708,0.1780,0.5105,0.2928,-0.5444,-0.1766,0.2986,,,
summary,2025-01-03,QQQ,,,,,,,0.03,,1,,,,,,,,,,0.5311,2025-01-02T09:09:00+00:00,965,1988
summary,2025-01-03,AAPL,,,,,,,0.00,,0,,,,,,,,,,0.4473,2025-01-02T09:23:00+00:00,71,1837
summary,2025-01-03,NVDA,,,,,,,0.00,,0,,,,,,,,,,0.9004,2024-12-31T15:27:00+00:00,1516,2301
trade,2025-01-03,MSFT,Long,2025-01-03T14:40:00+00:00,2025-01-03T15:16:00+00:00,422.7318,421.4985,0.71,-0.88,-0.002917,2160000,ScoreExit,0.4038,-0.1310,0.5380,0.4768,0.2130,-0.5224,-0.1797,0.0970,,,
summary,2025-01-03,MSFT,,,,,,,-0.88,,1,,,,,,,,,,0.5230,2025-01-02T09:07:00+00:00,494,1569
trade,2025-01-06,SPY,Long,2025-01-06T15:02:00+00:00,2025-01-06T15:56:00+00:00,598.1444,598.8753,0.50,0.37,0.001222,3240000,SessionClose,0.4001,0.2322,0.2357,0.3867,0.4817,0.4837,0.0655,0.4817,,,
summary,2025-01-06,SPY,,,,,,,0.37,,1,,,,,,,,,,0.7443,2025-01-03T16:03:00+00:00,951,1171
trade,2025-01-06,QQQ,Long,2025-01-06T14:31:00+00:00,2025-01-06T15:56:00+00:00,524.6724,527.4667,0.57,1.60,0.005326,5100000,SessionClose,0.4072,0.2011,0.5530,0.3309,0.5112,0.4032,-0.0031,0.5423,,,
summary,2025-01-06,QQQ,,,,,,,1.60,,1,,,,,,,,,,0.7286,2025-01-03T14:39:00+00:00,1012,1237
trade,2025-01-06,AAPL,Long,2025-01-06T14:31:00+00:00,2025-01-06T15:56:00+00:00,244.9335,246.1391,1.23,1.48,0.004922,5100000,SessionClose,0.4201,0.4126,0.5419,0.3953,0.4291,0.3719,0.3597,0.5320,,,
trade,2025-01-06,AAPL,Long,2025-01-06T15:58:00+00:00,2025-01-06T15:59:00+00:00,246.2288,246.2111,1.22,-0.02,-0.000072,60000,SessionClose,0.3720,0.4167,-0.0346,0.3597,0.5320,0.4131,0.3597,0.5320,,,
summary,2025-01-06,AAPL,,,,,,,1.46,,2,,,,,,,,,,0.8627,2025-01-03T14:43:00+00:00,688,1144
summary,2025-01-06,NVDA,,,,,,,0.00,,0,,,,,,,,,,1.0000,2025-01-03T14:32:00+00:00,1289,1351
trade,2025-01-06,MSFT,Long,2025-01-06T14:38:00+00:00,2025-01-06T15:56:00+00:00,428.5135,431.7254,0.70,2.25,0.007496,4680000,SessionClose,0.4204,0.1663,0.4002,0.3488,0.5704,-0.1392,0.0105,0.5797,,,
summary,2025-01-06,MSFT,,,,,,,2.25,,1,,,,,,,,,,0.7629,2025-01-03T15:04:00+00:00,694,1044
summary,2025-01-07,SPY,,,,,,,0.00,,0,,,,,,,,,,0.7286,2025-01-06T10:19:00+00:00,520,1426
summary,2025-01-07,QQQ,,,,,,,0.00,,0,,,,,,,,,,0.7863,2025-01-06T10:22:00+00:00,716,1546
trade,2025-01-07,AAPL,Long,2025-01-07T14:36:00+00:00,2025-01-07T15:36:00+00:00,244.3683,244.7166,1.23,0.43,0.001425,3600000,ScoreExit,0.3667,-0.0671,0.4264,0.4469,0.1864,-0.4046,-0.1643,0.2397,,,
summary,2025-01-07,AAPL,,,,,,,0.43,,1,,,,,,,,,,0.6123,2025-01-06T16:06:00+00:00,397,1384
summary,2025-01-07,NVDA,,,,,,,0.00,,0,,,,,,,,,,0.8928,2025-01-06T09:53:00+00:00,1114,1681
summary,2025-01-07,MSFT,,,,,,,0.00,,0,,,,,,,,,,0.9249,2025-01-06T10:22:00+00:00,388,1188
summary,2025-01-08,SPY,,,,,,,0.00,,0,,,,,,,,,,0.7286,2025-01-06T10:19:00+00:00,520,2255
summary,2025-01-08,QQQ,,,,,,,0.00,,0,,,,,,,,,,0.7863,2025-01-06T10:22:00+00:00,717,2410
trade,2025-01-08,AAPL,Long,2025-01-08T15:53:00+00:00,2025-01-08T15:56:00+00:00,243.5080,243.3320,1.23,-0.22,-0.000723,180000,SessionClose,0.3568,0.2776,0.5573,0.4785,0.0465,0.2485,0.4011,0.0405,,,
summary,2025-01-08,AAPL,,,,,,,-0.22,,1,,,,,,,,,,0.6123,2025-01-06T16:06:00+00:00,441,2088
summary,2025-01-08,NVDA,,,,,,,0.00,,0,,,,,,,,,,0.8928,2025-01-06T09:53:00+00:00,1136,2641
summary,2025-01-08,MSFT,,,,,,,0.00,,0,,,,,,,,,,0.9249,2025-01-06T10:22:00+00:00,442,1769
summary,2025-01-09,SPY,,,,,,,0.00,,0,,,,,,,,,,0.7652,2025-01-06T15:54:00+00:00,274,2172
summary,2025-01-09,QQQ,,,,,,,0.00,,0,,,,,,,,,,0.8302,2025-01-06T15:45:00+00:00,376,2290
summary,2025-01-09,AAPL,,,,,,,0.00,,0,,,,,,,,,,0.9556,2025-01-06T15:45:00+00:00,241,1944
summary,2025-01-09,NVDA,,,,,,,0.00,,0,,,,,,,,,,1.0000,2025-01-06T14:36:00+00:00,612,2550
summary,2025-01-09,MSFT,,,,,,,0.00,,0,,,,,,,,,,0.9373,2025-01-06T14:43:00+00:00,313,1622
summary,2025-01-10,SPY,,,,,,,0.00,,0,,,,,,,,,,0.3190,2025-01-08T16:42:00+00:00,311,2021
summary,2025-01-10,QQQ,,,,,,,0.00,,0,,,,,,,,,,0.3576,2025-01-07T14:52:00+00:00,264,2086
summary,2025-01-10,AAPL,,,,,,,0.00,,0,,,,,,,,,,0.8735,2025-01-07T14:45:00+00:00,361,1754
summary,2025-01-10,NVDA,,,,,,,0.00,,0,,,,,,,,,,0.4248,2025-01-08T15:03:00+00:00,219,2311
summary,2025-01-10,MSFT,,,,,,,0.00,,0,,,,,,,,,,0.6002,2025-01-07T14:57:00+00:00,461,1537
summary,2025-01-13,SPY,,,,,,,0.00,,0,,,,,,,,,,0.5997,2025-01-10T18:57:00+00:00,275,1201
summary,2025-01-13,QQQ,,,,,,,0.00,,0,,,,,,,,,,0.7119,2025-01-10T15:48:00+00:00,331,1243
summary,2025-01-13,AAPL,,,,,,,0.00,,0,,,,,,,,,,0.5985,2025-01-10T18:34:00+00:00,356,1155
summary,2025-01-13,NVDA,,,,,,,0.00,,0,,,,,,,,,,0.9552,2025-01-10T15:46:00+00:00,568,1349
summary,2025-01-13,MSFT,,,,,,,0.00,,0,,,,,,,,,,0.6804,2025-01-10T18:23:00+00:00,259,1006
summary,2025-01-14,SPY,,,,,,,0.00,,0,,,,,,,,,,0.5335,2025-01-13T18:34:00+00:00,991,1478
summary,2025-01-14,QQQ,,,,,,,0.00,,0,,,,,,,,,,0.7066,2025-01-13T10:34:00+00:00,1043,1593
summary,2025-01-14,AAPL,,,,,,,0.00,,0,,,,,,,,,,0.7781,2025-01-13T10:32:00+00:00,866,1398
summary,2025-01-14,NVDA,,,,,,,0.00,,0,,,,,,,,,,0.6436,2025-01-13T15:48:00+00:00,951,1681
summary,2025-01-14,MSFT,,,,,,,0.00,,0,,,,,,,,,,0.8010,2025-01-13T10:30:00+00:00,603,1124
summary,2025-01-15,SPY,,,,,,,0.00,,0,,,,,,,,,,0.6022,2025-01-15T13:35:00+00:00,1614,2278
summary,2025-01-15,QQQ,,,,,,,0.00,,0,,,,,,,,,,0.7066,2025-01-13T10:34:00+00:00,1670,2416
summary,2025-01-15,AAPL,,,,,,,0.00,,0,,,,,,,,,,0.7781,2025-01-13T10:32:00+00:00,1354,2051
trade,2025-01-15,NVDA,Long,2025-01-15T15:16:00+00:00,2025-01-15T15:56:00+00:00,134.0202,135.4344,2.24,3.16,0.010552,2400000,SessionClose,0.4070,0.3093,0.2262,0.3523,0.5767,0.5609,0.1337,0.5767,,,
summary,2025-01-15,NVDA,,,,,,,3.16,,1,,,,,,,,,,0.6436,2025-01-13T15:48:00+00:00,1497,2637
trade,2025-01-15,MSFT,Long,2025-01-15T14:41:00+00:00,2025-01-15T15:56:00+00:00,422.4117,425.1574,0.71,1.95,0.006500,4500000,SessionClose,0.4206,0.0187,0.5177,0.3718,0.4857,-0.3284,-0.1509,0.4736,,,
summary,2025-01-15,MSFT,,,,,,,1.95,,1,,,,,,,,,,0.8010,2025-01-13T10:30:00+00:00,1081,1718
summary,2025-01-16,SPY,,,,,,,0.00,,0,,,,,,,,,,0.8850,2025-01-13T15:46:00+00:00,2064,2829
summary,2025-01-16,QQQ,,,,,,,0.00,,0,,,,,,,,,,0.9504,2025-01-13T15:49:00+00:00,2150,2990
summary,2025-01-16,AAPL,,,,,,,0.00,,0,,,,,,,,,,0.7115,2025-01-13T17:19:00+00:00,1542,2480
summary,2025-01-16,NVDA,,,,,,,0.00,,0,,,,,,,,,,1.0000,2025-01-13T14:30:00+00:00,2214,3267
summary,2025-01-16,MSFT,,,,,,,0.00,,0,,,,,,,,,,0.8481,2025-01-13T14:37:00+00:00,1433,2170
summary,2025-01-17,SPY,,,,,,,0.00,,0,,,,,,,,,,0.6366,2025-01-15T13:35:00+00:00,1947,2813
summary,2025-01-17,QQQ,,,,,,,0.00,,0,,,,,,,,,,0.6788,2025-01-15T13:35:00+00:00,1995,2964
summary,2025-01-17,AAPL,,,,,,,0.00,,0,,,,,,,,,,0.8644,2025-01-14T14:34:00+00:00,786,2606
trade,2025-01-17,NVDA,Long,2025-01-17T16:00:00+00:00,2025-01-17T16:01:00+00:00,138.1164,137.7837,2.17,-0.72,-0.002409,60000,SessionClose,0.4538,0.2052,0.5469,0.3783,0.5737,-0.1275,0.1060,0.5145,,,
summary,2025-01-17,NVDA,,,,,,,-0.72,,1,,,,,,,,,,0.8394,2025-01-14T14:38:00+00:00,1859,3265
summary,2025-01-17,MSFT,,,,,,,0.00,,0,,,,,,,,,,0.7440,2025-01-14T14:36:00+00:00,1435,2203
summary,2025-01-20,SPY,,,,,,,0.00,,0,,,,,,,,,,0.7683,2025-01-17T15:59:00+00:00,288,553
summary,2025-01-20,QQQ,,,,,,,0.00,,0,,,,,,,,,,0.7227,2025-01-17T15:59:00+00:00,319,555
summary,2025-01-20,AAPL,,,,,,,0.00,,0,,,,,,,,,,0.5036,2025-01-17T15:58:00+00:00,47,547
summary,2025-01-20,NVDA,,,,,,,0.00,,0,,,,,,,,,,0.9588,2025-01-17T15:40:00+00:00,526,630
summary,2025-01-20,MSFT,,,,,,,0.00,,0,,,,,,,,,,0.4193,2025-01-17T17:58:00+00:00,54,455
summary,2025-01-21,SPY,,,,,,,0.00,,0,,,,,,,,,,0.6095,2025-01-21T10:29:00+00:00,446,625
summary,2025-01-21,QQQ,,,,,,,0.00,,0,,,,,,,,,,0.6236,2025-01-21T10:33:00+00:00,447,676
summary,2025-01-21,AAPL,,,,,,,0.00,,0,,,,,,,,,,0.5330,2025-01-21T20:55:00+00:00,141,687
trade,2025-01-21,NVDA,Long,2025-01-21T14:46:00+00:00,2025-01-21T15:56:00+00:00,139.2468,138.7933,2.16,-0.98,-0.003256,4200000,SessionClose,0.4383,0.1625,0.4540,0.3449,0.6199,0.0009,0.1946,0.1521,,,
summary,2025-01-21,NVDA,,,,,,,-0.98,,1,,,,,,,,,,0.6847,2025-01-21T09:07:00+00:00,423,716
summary,2025-01-21,MSFT,,,,,,,0.00,,0,,,,,,,,,,0.7673,2025-01-21T10:37:00+00:00,201,512
summary,2025-01-22,SPY,,,,,,,0.00,,0,,,,,,,,,,0.6095,2025-01-21T10:29:00+00:00,1131,1466
trade,2025-01-22,QQQ,Long,2025-01-22T14:32:00+00:00,2025-01-22T15:56:00+00:00,530.6641,531.6754,0.57,0.57,0.001906,5040000,SessionClose,0.4109,-0.0466,0.5649,0.3339,0.5137,-0.5077,-0.2257,0.4655,,,
summary,2025-01-22,QQQ,,,,,,,0.57,,1,,,,,,,,,,0.6236,2025-01-21T10:33:00+00:00,1227,1567
trade,2025-01-22,AAPL,Long,2025-01-22T14:34:00+00:00,2025-01-22T15:26:00+00:00,222.3017,221.6906,1.35,-0.82,-0.002749,3120000,ScoreExit,0.3523,-0.0544,0.5901,0.3366,0.3044,-0.5436,-0.1082,0.2163,,,
trade,2025-01-22,AAPL,Long,2025-01-22T15:58:00+00:00,2025-01-22T15:59:00+00:00,222.9797,222.7182,1.34,-0.35,-0.001173,60000,SessionClose,0.3535,0.3393,0.5647,0.2963,0.3975,0.4499,0.2963,0.3884,,,
summary,2025-01-22,AAPL,,,,,,,-1.18,,2,,,,,,,,,,0.5330,2025-01-21T20:55:00+00:00,806,1596
trade,2025-01-22,NVDA,Long,2025-01-22T14:37:00+00:00,2025-01-22T15:56:00+00:00,145.1285,146.2511,2.07,2.32,0.007735,4740000,SessionClose,0.4232,0.0015,0.0492,0.3080,0.7781,-0.5454,-0.2818,0.7503,,,
summary,2025-01-22,NVDA,,,,,,,2.32,,1,,,,,,,,,,0.6847,2025-01-21T09:07:00+00:00,1373,1676
trade,2025-01-22,MSFT,Long,2025-01-22T14:59:00+00:00,2025-01-22T15:56:00+00:00,441.3774,441.3226,0.68,-0.04,-0.000124,3420000,SessionClose,0.6123,0.1394,0.5373,0.5269,0.8082,-0.4690,-0.0552,0.7313,,,
summary,2025-01-22,MSFT,,,,,,,-0.04,,1,,,,,,,,,,0.7978,2025-01-21T22:41:00+00:00,892,1282
summary,2025-01-23,SPY,,,,,,,0.00,,0,,,,,,,,,,0.6095,2025-01-21T10:29:00+00:00,1659,2275
summary,2025-01-23,QQQ,,,,,,,0.00,,0,,,,,,,,,,0.6236,2025-01-21T10:33:00+00:00,1759,2437
trade,2025-01-23,AAPL,Long,2025-01-23T14:36:00+00:00,2025-01-23T15:50:00+00:00,225.7307,225.5873,1.33,-0.19,-0.000635,4440000,ScoreExit,0.3685,-0.0538,0.3422,0.3929,0.3283,-0.5556,-0.1619,0.3299,,,
summary,2025-01-23,AAPL,,,,,,,-0.19,,1,,,,,,,,,,0.5330,2025-01-21T20:55:00+00:00,1307,2436
trade,2025-01-23,NVDA,Long,2025-01-23T15:12:00+00:00,2025-01-23T15:56:00+00:00,145.3874,145.9713,2.07,1.21,0.004016,2640000,SessionClose,0.4022,0.1857,0.3709,0.4320,0.3531,-0.1600,0.1597,0.3531,,,
summary,2025-01-23,NVDA,,,,,,,1.21,,1,,,,,,,,,,0.6847,2025-01-21T09:07:00+00:00,2011,2636
summary,2025-01-23,MSFT,,,,,,,0.00,,0,,,,,,,,,,0.7978,2025-01-21T22:41:00+00:00,1376,1960
summary,2025-01-24,SPY,,,,,,,0.00,,0,,,,,,,,,,0.4800,2025-01-22T00:48:00+00:00,1943,2801
summary,2025-01-24,QQQ,,,,,,,0.00,,0,,,,,,,,,,0.5866,2025-01-21T22:41:00+00:00,2070,2965
summary,2025-01-24,AAPL,,,,,,,0.00,,0,,,,,,,,,,0.6139,2025-01-21T20:55:00+00:00,1754,2970
summary,2025-01-24,NVDA,,,,,,,0.00,,0,,,,,,,,,,0.8962,2025-01-21T14:48:00+00:00,2345,3265
summary,2025-01-24,MSFT,,,,,,,0.00,,0,,,,,,,,,,0.8843,2025-01-21T22:41:00+00:00,1713,2427
summary,2025-01-27,SPY,,,,,,,0.00,,0,,,,,,,,,,0.3169,2025-01-24T16:51:00+00:00,55,1223
summary,2025-01-27,QQQ,,,,,,,0.00,,0,,,,,,,,,,0.3842,2025-01-27T14:58:00+00:00,66,1235
trade,2025-01-27,AAPL,Long,2025-01-27T15:58:00+00:00,2025-01-27T15:59:00+00:00,227.8533,227.8631,1.32,0.01,0.000043,60000,SessionClose,0.3652,0.3979,-0.0764,0.1538,0.9354,0.2506,0.1538,0.9354,,,
summary,2025-01-27,AAPL,,,,,,,0.01,,1,,,,,,,,,,0.7181,2025-01-27T14:31:00+00:00,488,1281
summary,2025-01-27,NVDA,,,,,,,0.00,,0,,,,,,,,,,0.6277,2025-01-24T14:54:00+00:00,172,1351
trade,2025-01-27,MSFT,Long,2025-01-27T14:57:00+00:00,2025-01-27T15:56:00+00:00,429.2337,430.3134,0.53,0.57,0.002515,3540000,ScoreExit,0.4192,-0.1365,0.3564,0.5737,0.1310,-0.4676,-0.2087,0.1183,,,
summary,2025-01-27,MSFT,,,,,,,0.57,,1,,,,,,,,,,0.9095,2025-01-24T14:46:00+00:00,452,1161
trade,2025-01-28,SPY,Long,2025-01-28T15:17:00+00:00,2025-01-28T15:56:00+00:00,600.9752,602.5142,0.50,0.77,0.002561,2340000,SessionClose,0.4040,0.4397,0.5180,0.3490,0.4761,0.4586,0.4166,0.4796,,,
trade,2025-01-28,SPY,Long,2025-01-28T15:58:00+00:00,2025-01-28T15:59:00+00:00,602.8158,602.7691,0.50,-0.02,-0.000077,60000,SessionClose,0.4237,0.4498,0.2985,0.4166,0.4796,0.5595,0.4166,0.4796,,,
summary,2025-01-28,SPY,,,,,,,0.75,,2,,,,,,,,,,0.5552,2025-01-27T14:39:00+00:00,1005,1563
trade,2025-01-28,QQQ,Long,2025-01-28T15:01:00+00:00,2025-01-28T15:56:00+00:00,515.3696,518.0295,0.58,1.55,0.005161,3300000,SessionClose,0.4553,0.3462,0.5766,0.4172,0.4912,0.1201,0.2819,0.5502,,,
summary,2025-01-28,QQQ,,,,,,,1.55,,1,,,,,,,,,,0.6767,2025-01-27T14:58:00+00:00,1050,1651
trade,2025-01-28,AAPL,Long,2025-01-28T15:58:00+00:00,2025-01-28T15:59:00+00:00,239.1871,238.9533,1.26,-0.29,-0.000978,60000,SessionClose,0.5526,0.5355,0.5096,0.3900,0.8924,0.3383,0.3900,0.8924,,,
summary,2025-01-28,AAPL,,,,,,,-0.29,,1,,,,,,,,,,0.9082,2025-01-27T10:10:00+00:00,1375,1582
trade,2025-01-28,NVDA,Long,2025-01-28T15:26:00+00:00,2025-01-28T15:56:00+00:00,121.1613,119.9903,2.47,-2.90,-0.009665,1800000,SessionClose,0.4274,0.0000,0.6011,0.5497,0.1247,0.0184,0.2046,-0.0534,,,
summary,2025-01-28,NVDA,,,,,,,-2.90,,1,,,,,,,,,,1.0000,2025-01-27T09:06:00+00:00,850,1681
trade,2025-01-28,MSFT,Long,2025-01-28T15:01:00+00:00,2025-01-28T15:56:00+00:00,435.5456,440.4628,0.69,3.39,0.011290,3300000,SessionClose,0.5028,0.4290,0.0354,0.4489,0.7666,-0.0063,0.3328,0.7666,,,
trade,2025-01-28,MSFT,Long,2025-01-28T15:58:00+00:00,2025-01-28T15:59:00+00:00,441.1273,441.2926,0.68,0.11,0.000375,60000,SessionClose,0.4638,0.4870,0.3417,0.3328,0.7666,0.5730,0.3328,0.7666,,,
summary,2025-01-28,MSFT,,,,,,,3.50,,2,,,,,,,,,,0.8898,2025-01-27T13:18:00+00:00,1033,1397
summary,2025-01-29,SPY,,,,,,,0.00,,0,,,,,,,,,,0.5552,2025-01-27T14:39:00+00:00,1393,2329
summary,2025-01-29,QQQ,,,,,,,0.00,,0,,,,,,,,,,0.6767,2025-01-27T14:58:00+00:00,1578,2516
trade,2025-01-29,AAPL,Long,2025-01-29T14:41:00+00:00,2025-01-29T15:56:00+00:00,235.7290,237.7220,1.28,2.55,0.008454,4500000,SessionClose,0.3668,0.2888,0.5302,0.4123,0.2214,0.1350,0.2820,0.3536,,,
summary,2025-01-29,AAPL,,,,,,,2.55,,1,,,,,,,,,,0.9082,2025-01-27T10:10:00+00:00,1924,2407
summary,2025-01-29,NVDA,,,,,,,0.00,,0,,,,,,,,,,1.0000,2025-01-27T09:06:00+00:00,1347,2641
summary,2025-01-29,MSFT,,,,,,,0.00,,0,,,,,,,,,,0.8898,2025-01-27T13:18:00+00:00,1472,2028
summary,2025-01-30,SPY,,,,,,,0.00,,0,,,,,,,,,,0.7436,2025-01-27T15:42:00+00:00,1764,2793
summary,2025-01-30,QQQ,,,,,,,0.00,,0,,,,,,,,,,0.9232,2025-01-27T15:42:00+00:00,2013,3094
trade,2025-01-30,AAPL,Long,2025-01-30T14:31:00+00:00,2025-01-30T15:01:00+00:00,238.9267,238.9783,1.26,0.07,0.000216,1800000,ScoreExit,0.3824,-0.0527,0.5354,0.4113,0.2737,-0.5642,-0.0718,0.1560,,,
summary,2025-01-30,AAPL,,,,,,,0.07,,1,,,,,,,,,,1.0000,2025-01-27T14:31:00+00:00,2230,2895
summary,2025-01-30,NVDA,,,,,,,0.00,,0,,,,,,,,,,1.0000,2025-01-27T14:31:00+00:00,1799,3271
summary,2025-01-30,MSFT,,,,,,,0.00,,0,,,,,,,,,,1.0000,2025-01-27T14:37:00+00:00,1334,2627
summary,2025-01-31,SPY,,,,,,,0.00,,0,,,,,,,,,,0.9241,2025-01-28T16:00:00+00:00,1620,2713
trade,2025-01-31,QQQ,Long,2025-01-31T14:56:00+00:00,2025-01-31T15:56:00+00:00,529.1637,530.5858,0.57,0.81,0.002687,3600000,SessionClose,0.4009,0.2221,0.5359,0.4331,0.2915,0.3315,0.1508,0.3281,,,
summary,2025-01-31,QQQ,,,,,,,0.81,,1,,,,,,,,,,0.8979,2025-01-28T15:03:00+00:00,2151,3032
summary,2025-01-31,AAPL,,,,,,,0.00,,0,,,,,,,,,,1.0000,2025-01-28T14:34:00+00:00,1783,2941
trade,2025-01-31,NVDA,Long,2025-01-31T15:54:00+00:00,2025-01-31T15:56:00+00:00,126.4829,126.2855,2.37,-0.47,-0.001561,120000,SessionClose,0.4077,0.3746,0.4571,0.2839,0.6390,0.0841,0.2909,0.6390,,,
trade,2025-01-31,NVDA,Long,2025-01-31T15:58:00+00:00,2025-01-31T15:59:00+00:00,126.9631,127.0769,2.36,0.27,0.000896,60000,SessionClose,0.4239,0.4263,0.5770,0.2909,0.6390,0.6004,0.2909,0.6390,,,
summary,2025-01-31,NVDA,,,,,,,-0.20,,2,,,,,,,,,,0.9223,2025-01-28T17:03:00+00:00,1880,3271
summary,2025-01-31,MSFT,,,,,,,0.00,,0,,,,,,,,,,0.9527,2025-01-28T15:58:00+00:00,811,2808
summary,2025-02-03,SPY,,,,,,,0.00,,0,,,,,,,,,,0.7846,2025-01-31T16:02:00+00:00,261,1260
summary,2025-02-03,QQQ,,,,,,,0.00,,0,,,,,,,,,,0.9130,2025-01-31T16:02:00+00:00,315,1281
summary,2025-02-03,AAPL,,,,,,,0.00,,0,,,,,,,,,,0.1766,2025-02-03T15:30:00+00:00,40,1274
trade,2025-02-03,NVDA,Long,2025-02-03T15:22:00+00:00,2025-02-03T15:56:00+00:00,114.9795,117.2598,2.61,5.96,0.019832,2040000,SessionClose,0.4170,0.5100,0.5559,0.4356,0.3333,0.0806,0.6699,0.3333,,,
trade,2025-02-03,NVDA,Long,2025-02-03T15:58:00+00:00,2025-02-03T15:59:00+00:00,117.7103,117.9146,2.55,0.52,0.001736,60000,SessionClose,0.5489,0.5575,0.4701,0.6699,0.3333,0.5561,0.6699,0.3333,,,
summary,2025-02-03,NVDA,,,,,,,6.48,,2,,,,,,,,,,1.0000,2025-01-31T14:41:00+00:00,335,1351
summary,2025-02-03,MSFT,,,,,,,0.00,,0,,,,,,,,,,0.8957,2025-01-31T15:07:00+00:00,247,1178
trade,2025-02-04,SPY,Long,2025-02-04T15:01:00+00:00,2025-02-04T15:56:00+00:00,599.6848,600.5848,0.50,0.45,0.001501,3300000,SessionClose,0.4181,0.0734,0.4603,0.4040,0.4323,0.0906,-0.1158,0.4460,,,
summary,2025-02-04,SPY,,,,,,,0.45,,1,,,,,,,,,,0.7328,2025-02-03T15:42:00+00:00,1060,1544
trade,2025-02-04,QQQ,Long,2025-02-04T14:36:00+00:00,2025-02-04T15:56:00+00:00,519.9109,523.6479,0.58,2.16,0.007188,4800000,SessionClose,0.4328,0.1034,0.5826,0.3777,0.4932,-0.1903,-0.0732,0.5545,,,
summary,2025-02-04,QQQ,,,,,,,2.16,,1,,,,,,,,,,0.7216,2025-02-03T15:42:00+00:00,1205,1639
trade,2025-02-04,AAPL,Long,2025-02-04T14:38:00+00:00,2025-02-04T15:56:00+00:00,228.4785,230.8057,1.31,3.06,0.010186,4680000,SessionClose,0.3714,0.1209,0.5683,0.3724,0.3036,-0.4976,-0.0189,0.6066,,,
summary,2025-02-04,AAPL,,,,,,,3.06,,1,,,,,,,,,,0.5541,2025-02-03T14:38:00+00:00,749,1503
summary,2025-02-04,NVDA,,,,,,,0.00,,0,,,,,,,,,,1.0000,2025-02-03T09:02:00+00:00,1282,1680
trade,2025-02-04,MSFT,Long,2025-02-04T15:37:00+00:00,2025-02-04T15:56:00+00:00,413.2489,412.8311,0.73,-0.30,-0.001011,1140000,SessionClose,0.4155,0.1451,0.3465,0.4192,0.4312,-0.5628,0.1291,0.4130,,,
summary,2025-02-04,MSFT,,,,,,,-0.30,,1,,,,,,,,,,0.7016,2025-02-03T10:33:00+00:00,877,1372
summary,2025-02-05,SPY,,,,,,,0.00,,0,,,,,,,,,,0.7328,2025-02-03T15:42:00+00:00,1618,2351
summary,2025-02-05,QQQ,,,,,,,0.00,,0,,,,,,,,,,0.7216,2025-02-03T15:42:00+00:00,1783,2525
trade,2025-02-05,AAPL,Long,2025-02-05T14:31:00+00:00,2025-02-05T15:13:00+00:00,229.4638,228.4265,1.31,-1.36,-0.004521,2520000,ScoreExit,0.3689,-0.0539,0.5903,0.3744,0.2843,-0.5658,-0.0497,0.1082,,,
summary,2025-02-05,AAPL,,,,,,,-1.36,,1,,,,,,,,,,0.5541,2025-02-03T14:38:00+00:00,1266,2374
trade,2025-02-05,NVDA,Long,2025-02-05T14:44:00+00:00,2025-02-05T15:56:00+00:00,122.3817,122.7534,2.46,0.91,0.003037,4320000,SessionClose,0.4430,0.2912,0.4873,0.3115,0.6911,0.3891,0.0854,0.6702,,,
summary,2025-02-05,NVDA,,,,,,,0.91,,1,,,,,,,,,,1.0000,2025-02-03T09:02:00+00:00,2115,2639
summary,2025-02-05,MSFT,,,,,,,0.00,,0,,,,,,,,,,0.7016,2025-02-03T10:33:00+00:00,1139,2094
summary,2025-02-06,SPY,,,,,,,0.00,,0,,,,,,,,,,0.9548,2025-02-03T15:42:00+00:00,2140,2826
summary,2025-02-06,QQQ,,,,,,,0.00,,0,,,,,,,,,,0.9559,2025-02-03T15:42:00+00:00,2285,3055
trade,2025-02-06,AAPL,Long,2025-02-06T14:36:00+00:00,2025-02-06T15:16:00+00:00,231.4994,232.6852,1.30,1.54,0.005122,2400000,ScoreExit,0.3895,-0.0601,0.2758,0.4158,0.3748,-0.4129,-0.1226,0.1825,,,
summary,2025-02-06,AAPL,,,,,,,1.54,,1,,,,,,,,,,0.9539,2025-02-03T14:38:00+00:00,1657,2818
summary,2025-02-06,NVDA,,,,,,,0.00,,0,,,,,,,,,,1.0000,2025-02-03T14:32:00+00:00,2950,3269
trade,2025-02-06,MSFT,Long,2025-02-06T14:31:00+00:00,2025-02-06T15:56:00+00:00,415.1245,416.4450,0.72,0.95,0.003181,5100000,SessionClose,0.4299,0.0653,0.5721,0.4364,0.3697,-0.4753,0.0070,0.3623,,,
summary,2025-02-06,MSFT,,,,,,,0.95,,1,,,,,,,,,,1.0000,2025-02-03T14:32:00+00:00,1415,2483
summary,2025-02-07,SPY,,,,,,,0.00,,0,,,,,,,,,,0.8476,2025-02-04T15:41:00+00:00,1482,2700
summary,2025-02-07,QQQ,,,,,,,0.00,,0,,,,,,,,,,0.9554,2025-02-04T15:40:00+00:00,1653,2969
trade,2025-02-07,AAPL,Long,2025-02-07T14:36:00+00:00,2025-02-07T14:56:00+00:00,233.3450,232.8851,1.29,-0.59,-0.001971,1200000,ScoreExit,0.3551,-0.0610,0.3286,0.4208,0.2326,-0.5158,-0.1320,0.2326,,,
summary,2025-02-07,AAPL,,,,,,,-0.59,,1,,,,,,,,,,0.9566,2025-02-04T15:40:00+00:00,1737,2695
summary,2025-02-07,NVDA,,,,,,,0.00,,0,,,,,,,,,,1.0000,2025-02-04T14:35:00+00:00,2568,3270
summary,2025-02-07,MSFT,,,,,,,0.00,,0,,,,,,,,,,0.9505,2025-02-04T15:40:00+00:00,1081,2365
summary,2025-02-10,SPY,,,,,,,0.00,,0,,,,,,,,,,0.3861,2025-02-10T15:47:00+00:00,457,1137
trade,2025-02-10,QQQ,Long,2025-02-10T15:06:00+00:00,2025-02-10T15:56:00+00:00,529.1237,529.7060,0.57,0.33,0.001101,3000000,SessionClose,0.4370,0.1807,0.5416,0.3824,0.5114,-0.0194,0.0487,0.5114,,,
summary,2025-02-10,QQQ,,,,,,,0.33,,1,,,,,,,,,,0.4405,2025-02-10T09:17:00+00:00,567,1214
trade,2025-02-10,AAPL,Long,2025-02-10T15:11:00+00:00,2025-02-10T15:31:00+00:00,230.3941,229.6561,1.30,-0.96,-0.003203,1200000,ScoreExit,0.4003,-0.0582,0.5972,0.3352,0.4650,-0.5377,-0.1539,0.2930,,,
summary,2025-02-10,AAPL,,,,,,,-0.96,,1,,,,,,,,,,0.6794,2025-02-07T14:39:00+00:00,269,1112
summary,2025-02-10,NVDA,,,,,,,0.00,,0,,,,,,,,,,1.0000,2025-02-07T14:36:00+00:00,837,1350
trade,2025-02-10,MSFT,Long,2025-02-10T15:06:00+00:00,2025-02-10T15:56:00+00:00,413.3690,414.6506,0.73,0.93,0.003100,3000000,SessionClose,0.4256,0.4247,0.5294,0.3756,0.4910,0.5585,0.3499,0.5298,,,
trade,2025-02-10,MSFT,Long,2025-02-10T15:59:00+00:00,2025-02-10T16:00:00+00:00,414.9895,414.7705,0.72,-0.16,-0.000528,60000,SessionClose,0.4223,0.4204,0.5342,0.3499,0.5298,0.5153,0.3499,0.5298,,,
summary,2025-02-10,MSFT,,,,,,,0.77,,2,,,,,,,,,,0.7446,2025-02-07T14:38:00+00:00,389,1066
summary,2025-02-11,SPY,,,,,,,0.00,,0,,,,,,,,,,0.6819,2025-02-10T10:42:00+00:00,770,1363
summary,2025-02-11,QQQ,,,,,,,0.00,,0,,,,,,,,,,0.7173,2025-02-10T10:27:00+00:00,788,1453
trade,2025-02-11,AAPL,Long,2025-02-11T15:58:00+00:00,2025-02-11T15:59:00+00:00,234.2352,234.1047,1.28,-0.17,-0.000557,60000,SessionClose,0.4611,0.4487,-0.3007,0.3914,0.8543,-0.4245,0.3914,0.8543,,,
summary,2025-02-11,AAPL,,,,,,,-0.17,,1,,,,,,,,,,0.6755,2025-02-11T15:44:00+00:00,540,1274
trade,2025-02-11,NVDA,Long,2025-02-11T14:36:00+00:00,2025-02-11T15:56:00+00:00,133.5350,133.9648,2.25,0.97,0.003218,4800000,SessionClose,0.4740,0.1312,0.6175,0.5329,0.3084,0.0025,-0.0350,0.5066,,,
summary,2025-02-11,NVDA,,,,,,,0.97,,1,,,,,,,,,,0.7862,2025-02-10T14:46:00+00:00,991,1681
summary,2025-02-11,MSFT,,,,,,,0.00,,0,,,,,,,,,,0.7405,2025-02-10T10:38:00+00:00,367,1140
summary,2025-02-12,SPY,,,,,,,0.00,,0,,,,,,,,,,0.6819,2025-02-10T10:42:00+00:00,1098,2110
summary,2025-02-12,QQQ,,,,,,,0.00,,0,,,,,,,,,,0.7173,2025-02-10T10:27:00+00:00,1185,2255
trade,2025-02-12,AAPL,Long,2025-02-12T14:51:00+00:00,2025-02-12T15:56:00+00:00,232.0096,234.5644,1.30,3.31,0.011012,3900000,SessionClose,0.3933,0.4360,0.4675,0.4483,0.2584,0.5387,0.4254,0.4228,,,
trade,2025-02-12,AAPL,Long,2025-02-12T15:58:00+00:00,2025-02-12T15:59:00+00:00,234.7204,234.6346,1.28,-0.11,-0.000366,60000,SessionClose,0.4301,0.4317,0.4800,0.4254,0.4228,0.4961,0.4254,0.4228,,,
summary,2025-02-12,AAPL,,,,,,,3.20,,2,,,,,,,,,,0.6755,2025-02-11T15:44:00+00:00,1107,1967
summary,2025-02-12,NVDA,,,,,,,0.00,,0,,,,,,,,,,0.7862,2025-02-10T14:46:00+00:00,1176,2639
summary,2025-02-12,MSFT,,,,,,,0.00,,0,,,,,,,,,,0.7405,2025-02-10T10:38:00+00:00,415,1737
summary,2025-02-13,SPY,,,,,,,0.00,,0,,,,,,,,,,0.7820,2025-02-10T15:47:00+00:00,1451,2689
trade,2025-02-13,QQQ,Long,2025-02-13T15:36:00+00:00,2025-02-13T15:56:00+00:00,533.2149,533.6250,0.56,0.23,0.000769,1200000,SessionClose,0.4137,0.2370,0.4962,0.4389,0.3359,-0.5584,0.3202,0.3359,,,
summary,2025-02-13,QQQ,,,,,,,0.23,,1,,,,,,,,,,0.8529,2025-02-10T15:40:00+00:00,1565,2845
trade,2025-02-13,AAPL,Long,2025-02-13T15:26:00+00:00,2025-02-13T15:56:00+00:00,237.8713,238.8233,1.26,1.20,0.004002,1800000,SessionClose,0.3554,0.3992,0.5706,0.2695,0.4553,-0.1998,0.4710,0.4553,,,
trade,2025-02-13,AAPL,Long,2025-02-13T15:58:00+00:00,2025-02-13T15:59:00+00:00,239.2468,239.4331,1.26,0.23,0.000779,60000,SessionClose,0.4385,0.4748,0.1936,0.4710,0.4553,0.5559,0.4710,0.4553,,,
summary,2025-02-13,AAPL,,,,,,,1.44,,2,,,,,,,,,,0.6634,2025-02-11T15:44:00+00:00,1622,2533
trade,2025-02-13,NVDA,Long,2025-02-13T14:31:00+00:00,2025-02-13T15:56:00+00:00,131.8846,135.9442,2.28,9.24,0.030782,5100000,SessionClose,0.4428,0.4154,0.3492,0.5025,0.3547,-0.0853,0.3511,0.7108,,,
trade,2025-02-13,NVDA,Long,2025-02-13T15:59:00+00:00,2025-02-13T16:00:00+00:00,136.0358,136.0792,2.21,0.10,0.000319,60000,SessionClose,0.4184,0.4605,-0.0554,0.3511,0.7108,0.3656,0.3511,0.7108,,,
summary,2025-02-13,NVDA,,,,,,,9.34,,2,,,,,,,,,,1.0000,2025-02-10T14:31:00+00:00,1274,3265
summary,2025-02-13,MSFT,,,,,,,0.00,,0,,,,,,,,,,0.9250,2025-02-10T16:00:00+00:00,380,2176
summary,2025-02-14,SPY,,,,,,,0.00,,0,,,,,,,,,,0.7970,2025-02-11T15:54:00+00:00,1782,2674
summary,2025-02-14,QQQ,,,,,,,0.00,,0,,,,,,,,,,0.8517,2025-02-11T15:51:00+00:00,1984,2907
summary,2025-02-14,AAPL,,,,,,,0.00,,0,,,,,,,,,,1.0000,2025-02-11T14:35:00+00:00,2020,2580
summary,2025-02-14,NVDA,,,,,,,0.00,,0,,,,,,,,,,1.0000,2025-02-11T14:35:00+00:00,1752,3264
summary,2025-02-14,MSFT,,,,,,,0.00,,0,,,,,,,,,,0.7753,2025-02-11T15:28:00+00:00,681,2236
summary,2025-02-17,SPY,,,,,,,0.00,,0,,,,,,,,,,0.3988,2025-02-14T16:02:00+00:00,120,513
summary,2025-02-17,QQQ,,,,,,,0.00,,0,,,,,,,,,,0.7466,2025-02-14T15:57:00+00:00,338,516
summary,2025-02-17,AAPL,,,,,,,0.00,,0,,,,,,,,,,0.8920,2025-02-14T15:10:00+00:00,378,517
summary,2025-02-17,NVDA,,,,,,,0.00,,0,,,,,,,,,,0.9421,2025-02-14T14:38:00+00:00,508,629
summary,2025-02-17,MSFT,,,,,,,0.00,,0,,,,,,,,,,0.6157,2025-02-14T14:32:00+00:00,314,490
summary,2025-02-18,SPY,,,,,,,0.00,,0,,,,,,,,,,0.5372,2025-02-18T11:00:00+00:00,236,566
summary,2025-02-18,QQQ,,,,,,,0.00,,0,,,,,,,,,,0.3834,2025-02-18T20:59:00+00:00,185,667
trade,2025-02-18,AAPL,Long,2025-02-18T14:53:00+00:00,2025-02-18T15:26:00+00:00,244.8284,244.2917,1.23,-0.66,-0.002192,1980000,ScoreExit,0.3881,-0.0976,0.5823,0.3171,0.4654,-0.4596,-0.1012,0.0304,,,
summary,2025-02-18,AAPL,,,,,,,-0.66,,1,,,,,,,,,,0.4465,2025-02-18T14:54:00+00:00,168,601
trade,2025-02-18,NVDA,Long,2025-02-18T14:31:00+00:00,2025-02-18T15:47:00+00:00,142.2677,139.4631,2.11,-5.92,-0.019713,4560000,MaxHoldTimeout,0.6394,0.0000,0.5703,0.4706,1.0000,-0.5134,-0.5256,-1.0000,,,
summary,2025-02-18,NVDA,,,,,,,-5.92,,1,,,,,,,,,,0.6435,2025-02-18T14:33:00+00:00,234,721
summary,2025-02-18,MSFT,,,,,,,0.00,,0,,,,,,,,,,0.4395,2025-02-18T20:59:00+00:00,152,530
summary,2025-02-19,SPY,,,,,,,0.00,,0,,,,,,,,,,0.5372,2025-02-18T11:00:00+00:00,751,1305
summary,2025-02-19,QQQ,,,,,,,0.00,,0,,,,,,,,,,0.3834,2025-02-18T20:59:00+00:00,728,1478
summary,2025-02-19,AAPL,,,,,,,0.00,,0,,,,,,,,,,0.4465,2025-02-18T14:54:00+00:00,647,1308
summary,2025-02-19,NVDA,,,,,,,0.00,,0,,,,,,,,,,0.6435,2025-02-18T14:33:00+00:00,582,1680
summary,2025-02-19,MSFT,,,,,,,0.00,,0,,,,,,,,,,0.5036,2025-02-19T19:20:00+00:00,611,1104
summary,2025-02-20,SPY,,,,,,,0.00,,0,,,,,,,,,,0.5372,2025-02-18T11:00:00+00:00,1011,2040
summary,2025-02-20,QQQ,,,,,,,0.00,,0,,,,,,,,,,0.3834,2025-02-18T20:59:00+00:00,844,2289
trade,2025-02-20,AAPL,Long,2025-02-20T14:31:00+00:00,2025-02-20T15:21:00+00:00,246.0138,244.9465,1.22,-1.30,-0.004338,3000000,ScoreExit,0.3829,-0.0595,0.5460,0.4449,0.2046,0.0693,-0.1847,0.1479,,,
summary,2025-02-20,AAPL,,,,,,,-1.30,,1,,,,,,,,,,0.4465,2025-02-18T14:54:00+00:00,968,1962
summary,2025-02-20,NVDA,,,,,,,0.00,,0,,,,,,,,,,0.6435,2025-02-18T14:33:00+00:00,885,2637
summary,2025-02-20,MSFT,,,,,,,0.00,,0,,,,,,,,,,0.5226,2025-02-20T09:22:00+00:00,1126,1891
summary,2025-02-21,SPY,,,,,,,0.00,,0,,,,,,,,,,0.5078,2025-02-18T15:59:00+00:00,1049,2577
summary,2025-02-21,QQQ,,,,,,,0.00,,0,,,,,,,,,,0.4481,2025-02-19T00:19:00+00:00,1139,2821
summary,2025-02-21,AAPL,,,,,,,0.00,,0,,,,,,,,,,0.7893,2025-02-18T14:56:00+00:00,1360,2375
summary,2025-02-21,NVDA,,,,,,,0.00,,0,,,,,,,,,,1.0000,2025-02-18T14:33:00+00:00,1106,3253
summary,2025-02-21,MSFT,,,,,,,0.00,,0,,,,,,,,,,0.6959,2025-02-18T14:34:00+00:00,1274,2347
summary,2025-02-24,SPY,,,,,,,0.00,,0,,,,,,,,,,0.4089,2025-02-24T09:06:00+00:00,241,1222
summary,2025-02-24,QQQ,,,,,,,0.00,,0,,,,,,,,,,0.3507,2025-02-24T09:23:00+00:00,17,1251
trade,2025-02-24,AAPL,Long,2025-02-24T14:32:00+00:00,2025-02-24T15:38:00+00:00,246.8740,246.3986,1.22,-0.58,-0.001926,3960000,ScoreExit,0.4062,-0.0919,0.6727,0.3844,0.3612,-0.5788,-0.1609,0.2085,,,
summary,2025-02-24,AAPL,,,,,,,-0.58,,1,,,,,,,,,,0.6130,2025-02-24T14:59:00+00:00,486,1154
trade,2025-02-24,NVDA,Long,2025-02-24T14:46:00+00:00,2025-02-24T14:51:00+00:00,138.0034,137.3038,2.17,-1.52,-0.005069,300000,ScoreExit,0.4451,-0.1782,0.5867,0.4302,0.4279,-0.4277,-0.3080,0.1645,,,
summary,2025-02-24,NVDA,,,,,,,-1.52,,1,,,,,,,,,,1.0000,2025-02-21T14:35:00+00:00,203,1351
summary,2025-02-24,MSFT,,,,,,,0.00,,0,,,,,,,,,,0.3719,2025-02-24T09:07:00+00:00,5,1065
summary,2025-02-25,SPY,,,,,,,0.00,,0,,,,,,,,,,0.4760,2025-02-24T17:19:00+00:00,413,1485
summary,2025-02-25,QQQ,,,,,,,0.00,,0,,,,,,,,,,0.4933,2025-02-24T17:19:00+00:00,217,1585
summary,2025-02-25,AAPL,,,,,,,0.00,,0,,,,,,,,,,0.7367,2025-02-24T14:59:00+00:00,900,1420
summary,2025-02-25,NVDA,,,,,,,0.00,,0,,,,,,,,,,0.6173,2025-02-24T14:45:00+00:00,511,1681
summary,2025-02-25,MSFT,,,,,,,0.00,,0,,,,,,,,,,0.6016,2025-02-24T16:03:00+00:00,443,1185
summary,2025-02-26,SPY,,,,,,,0.00,,0,,,,,,,,,,0.4760,2025-02-24T17:19:00+00:00,806,2305
summary,2025-02-26,QQQ,,,,,,,0.00,,0,,,,,,,,,,0.4933,2025-02-24T17:19:00+00:00,439,2490
summary,2025-02-26,AAPL,,,,,,,0.00,,0,,,,,,,,,,0.7367,2025-02-24T14:59:00+00:00,900,2179
trade,2025-02-26,NVDA,Long,2025-02-26T14:38:00+00:00,2025-02-26T15:56:00+00:00,130.9243,131.9534,2.29,2.36,0.007861,4680000,SessionClose,0.4258,0.4702,0.4687,0.3946,0.4739,0.3871,0.3939,0.6505,,,
trade,2025-02-26,NVDA,Long,2025-02-26T15:58:00+00:00,2025-02-26T15:59:00+00:00,132.1546,131.9754,2.27,-0.41,-0.001356,60000,SessionClose,0.4852,0.4628,0.5372,0.3939,0.6505,0.3125,0.3939,0.6505,,,
summary,2025-02-26,NVDA,,,,,,,1.95,,2,,,,,,,,,,0.6173,2025-02-24T14:45:00+00:00,969,2641
trade,2025-02-26,MSFT,Long,2025-02-26T15:12:00+00:00,2025-02-26T15:56:00+00:00,401.1953,402.5998,0.75,1.05,0.003501,2640000,SessionClose,0.4155,0.2247,0.5359,0.4963,0.2137,0.1565,0.1817,0.3333,,,
summary,2025-02-26,MSFT,,,,,,,1.05,,1,,,,,,,,,,0.6016,2025-02-24T16:03:00+00:00,598,1793
summary,2025-02-27,SPY,,,,,,,0.00,,0,,,,,,,,,,0.5310,2025-02-24T17:19:00+00:00,987,2911
summary,2025-02-27,QQQ,,,,,,,0.00,,0,,,,,,,,,,0.5536,2025-02-24T17:19:00+00:00,647,3112
summary,2025-02-27,AAPL,,,,,,,0.00,,0,,,,,,,,,,1.0000,2025-02-24T14:32:00+00:00,746,2695
summary,2025-02-27,NVDA,,,,,,,0.00,,0,,,,,,,,,,0.9269,2025-02-24T14:45:00+00:00,1154,3271
summary,2025-02-27,MSFT,,,,,,,0.00,,0,,,,,,,,,,0.9572,2025-02-24T16:03:00+00:00,735,2274
summary,2025-02-28,SPY,,,,,,,0.00,,0,,,,,,,,,,0.6084,2025-02-25T18:07:00+00:00,1277,2940
summary,2025-02-28,QQQ,,,,,,,0.00,,0,,,,,,,,,,0.6112,2025-02-25T18:07:00+00:00,1294,3105
summary,2025-02-28,AAPL,,,,,,,0.00,,0,,,,,,,,,,0.7442,2025-02-25T16:53:00+00:00,295,2615
trade,2025-02-28,NVDA,Long,2025-02-28T15:07:00+00:00,2025-02-28T15:56:00+00:00,119.3008,122.6982,2.52,8.57,0.028478,2940000,SessionClose,0.4353,0.3359,0.5274,0.6211,0.0330,0.5327,0.4546,0.0330,,,
summary,2025-02-28,NVDA,,,,,,,8.57,,1,,,,,,,,,,0.9224,2025-02-25T14:36:00+00:00,1564,3271
summary,2025-02-28,MSFT,,,,,,,0.00,,0,,,,,,,,,,0.5758,2025-02-26T15:18:00+00:00,664,2322
summary,2025-03-03,SPY,,,,,,,0.00,,0,,,,,,,,,,0.9277,2025-02-28T15:58:00+00:00,826,1254
summary,2025-03-03,QQQ,,,,,,,0.00,,0,,,,,,,,,,0.9563,2025-02-28T15:58:00+00:00,880,1253
trade,2025-03-03,AAPL,Long,2025-03-03T15:43:00+00:00,2025-03-03T15:56:00+00:00,241.9576,241.5125,1.24,-0.55,-0.001839,780000,SessionClose,0.3715,0.0835,0.4193,0.2932,0.5121,-0.3905,-0.0518,0.5121,,,
summary,2025-03-03,AAPL,,,,,,,-0.55,,1,,,,,,,,,,0.9349,2025-02-28T14:43:00+00:00,910,1152
summary,2025-03-03,NVDA,,,,,,,0.00,,0,,,,,,,,,,1.0000,2025-02-28T14:35:00+00:00,925,1351
summary,2025-03-03,MSFT,,,,,,,0.00,,0,,,,,,,,,,0.9497,2025-02-28T15:53:00+00:00,686,1023
summary,2025-03-04,SPY,,,,,,,0.00,,0,,,,,,,,,,0.5130,2025-03-03T10:00:00+00:00,302,1530
summary,2025-03-04,QQQ,,,,,,,0.00,,0,,,,,,,,,,0.6471,2025-03-03T10:32:00+00:00,428,1624
summary,2025-03-04,AAPL,,,,,,,0.00,,0,,,,,,,,,,0.6285,2025-03-03T14:33:00+00:00,448,1388
summary,2025-03-04,NVDA,,,,,,,0.00,,0,,,,,,,,,,0.7616,2025-03-03T09:35:00+00:00,444,1681
summary,2025-03-04,MSFT,,,,,,,0.00,,0,,,,,,,,,,0.7141,2025-03-03T11:09:00+00:00,316,1276
summary,2025-03-05,SPY,,,,,,,0.00,,0,,,,,,,,,,0.5130,2025-03-03T10:00:00+00:00,607,2439
summary,2025-03-05,QQQ,,,,,,,0.00,,0,,,,,,,,,,0.6471,2025-03-03T10:32:00+00:00,882,2552
summary,2025-03-05,AAPL,,,,,,,0.00,,0,,,,,,,,,,0.6285,2025-03-03T14:33:00+00:00,579,2103
summary,2025-03-05,NVDA,,,,,,,0.00,,0,,,,,,,,,,0.7616,2025-03-03T09:35:00+00:00,1074,2641
summary,2025-03-05,MSFT,,,,,,,0.00,,0,,,,,,,,,,0.7141,2025-03-03T11:09:00+00:00,823,1921
summary,2025-03-06,SPY,,,,,,,0.00,,0,,,,,,,,,,0.5809,2025-03-03T15:44:00+00:00,546,3036
trade,2025-03-06,QQQ,Long,2025-03-06T15:39:00+00:00,2025-03-06T15:51:00+00:00,497.4633,496.7059,0.60,-0.46,-0.001522,720000,ScoreExit,0.4035,-0.0566,0.4824,0.5455,0.0933,-0.5599,-0.0339,0.0657,,,
summary,2025-03-06,QQQ,,,,,,,-0.46,,1,,,,,,,,,,0.5206,2025-03-03T15:44:00+00:00,841,3173
trade,2025-03-06,AAPL,Long,2025-03-06T15:16:00+00:00,2025-03-06T15:56:00+00:00,236.5459,236.6440,1.27,0.12,0.000414,2400000,SessionClose,0.3512,0.0172,0.3549,0.4698,0.1127,-0.5675,0.0541,0.1383,,,
summary,2025-03-06,AAPL,,,,,,,0.12,,1,,,,,,,,,,1.0000,2025-03-03T14:33:00+00:00,538,2614
summary,2025-03-06,NVDA,,,,,,,0.00,,0,,,,,,,,,,0.6686,2025-03-04T17:26:00+00:00,1304,3271
trade,2025-03-06,MSFT,Long,2025-03-06T15:01:00+00:00,2025-03-06T15:56:00+00:00,397.5842,399.5851,0.75,1.51,0.005033,3300000,SessionClose,0.4316,0.0475,0.2641,0.4865,0.3777,-0.5237,-0.0224,0.3777,,,
summary,2025-03-06,MSFT,,,,,,,1.51,,1,,,,,,,,,,0.5586,2025-03-06T15:17:00+00:00,1082,2432
summary,2025-03-07,SPY,,,,,,,0.00,,0,,,,,,,,,,0.6419,2025-03-04T19:07:00+00:00,1197,3010
summary,2025-03-07,QQQ,,,,,,,0.00,,0,,,,,,,,,,0.8660,2025-03-04T14:38:00+00:00,1342,3145
trade,2025-03-07,AAPL,Long,2025-03-07T14:31:00+00:00,2025-03-07T15:56:00+00:00,235.6057,238.9533,1.27,4.27,0.014209,5100000,SessionClose,0.3791,0.2186,0.5712,0.4092,0.2548,0.2953,0.0754,0.4793,,,
summary,2025-03-07,AAPL,,,,,,,4.27,,1,,,,,,,,,,0.8989,2025-03-04T15:33:00+00:00,994,2510
summary,2025-03-07,NVDA,,,,,,,0.00,,0,,,,,,,,,,1.0000,2025-03-04T14:33:00+00:00,1532,3270
summary,2025-03-07,MSFT,,,,,,,0.00,,0,,,,,,,,,,1.0000,2025-03-04T14:36:00+00:00,1518,2277
summary,2025-03-10,SPY,,,,,,,0.00,,0,,,,,,,,,,0.8288,2025-03-07T14:53:00+00:00,432,1285
summary,2025-03-10,QQQ,,,,,,,0.00,,0,,,,,,,,,,0.8695,2025-03-07T14:53:00+00:00,406,1259
summary,2025-03-10,AAPL,,,,,,,0.00,,0,,,,,,,,,,1.0000,2025-03-07T14:35:00+00:00,283,1128
trade,2025-03-10,NVDA,Long,2025-03-10T13:41:00+00:00,2025-03-10T14:01:00+00:00,110.7132,109.7421,2.70,-2.63,-0.008772,1200000,ScoreExit,0.4489,-0.1910,0.5795,0.5800,0.1433,-0.5181,-0.3778,0.2915,,,
summary,2025-03-10,NVDA,,,,,,,-2.63,,1,,,,,,,,,,1.0000,2025-03-07T14:40:00+00:00,575,1351
summary,2025-03-10,MSFT,,,,,,,0.00,,0,,,,,,,,,,0.7442,2025-03-07T14:55:00+00:00,251,984
summary,2025-03-11,SPY,,,,,,,0.00,,0,,,,,,,,,,0.5849,2025-03-11T18:53:00+00:00,420,1615
trade,2025-03-11,QQQ,Long,2025-03-11T13:48:00+00:00,2025-03-11T14:01:00+00:00,475.5976,476.0321,0.63,0.27,0.000914,780000,ScoreExit,0.4205,-0.1294,0.5601,0.5100,0.1948,0.4876,-0.3112,0.0285,,,
summary,2025-03-11,QQQ,,,,,,,0.27,,1,,,,,,,,,,0.6473,2025-03-11T18:45:00+00:00,406,1646
summary,2025-03-11,AAPL,,,,,,,0.00,,0,,,,,,,,,,0.4739,2025-03-10T19:34:00+00:00,114,1495
summary,2025-03-11,NVDA,,,,,,,0.00,,0,,,,,,,,,,0.7799,2025-03-11T08:14:00+00:00,665,1681
trade,2025-03-11,MSFT,Long,2025-03-11T14:07:00+00:00,2025-03-11T15:01:00+00:00,382.6198,381.9904,0.78,-0.49,-0.001645,3240000,ScoreExit,0.4802,-0.0610,0.4094,0.5343,0.3956,-0.4543,-0.1990,0.3460,,,
summary,2025-03-11,MSFT,,,,,,,-0.49,,1,,,,,,,,,,0.5898,2025-03-11T18:45:00+00:00,429,1267
summary,2025-03-12,SPY,,,,,,,0.00,,0,,,,,,,,,,0.5849,2025-03-11T18:53:00+00:00,795,2477
summary,2025-03-12,QQQ,,,,,,,0.00,,0,,,,,,,,,,0.6473,2025-03-11T18:45:00+00:00,942,2568
summary,2025-03-12,AAPL,,,,,,,0.00,,0,,,,,,,,,,0.4739,2025-03-10T19:34:00+00:00,114,2270
summary,2025-03-12,NVDA,,,,,,,0.00,,0,,,,,,,,,,0.7799,2025-03-11T08:14:00+00:00,1518,2641
summary,2025-03-12,MSFT,,,,,,,0.00,,0,,,,,,,,,,0.5898,2025-03-11T18:45:00+00:00,777,1865
summary,2025-03-13,SPY,,,,,,,0.00,,0,,,,,,,,,,0.5881,2025-03-11T18:53:00+00:00,831,3068
summary,2025-03-13,QQQ,,,,,,,0.00,,0,,,,,,,,,,0.6515,2025-03-11T18:45:00+00:00,1204,3165
summary,2025-03-13,AAPL,,,,,,,0.00,,0,,,,,,,,,,0.5568,2025-03-11T08:26:00+00:00,216,2821
trade,2025-03-13,NVDA,Long,2025-03-13T14:16:00+00:00,2025-03-13T15:11:00+00:00,116.3499,116.1052,2.59,-0.63,-0.002103,3300000,ScoreExit,0.4055,-0.0915,0.5999,0.3424,0.4670,-0.3633,-0.2606,0.3371,,,
summary,2025-03-13,NVDA,,,,,,,-0.63,,1,,,,,,,,,,1.0000,2025-03-10T13:40:00+00:00,2196,3271
summary,2025-03-13,MSFT,,,,,,,0.00,,0,,,,,,,,,,0.6437,2025-03-10T14:16:00+00:00,947,2383
trade,2025-03-14,SPY,Long,2025-03-14T13:51:00+00:00,2025-03-14T14:11:00+00:00,559.4628,557.3477,0.54,-1.13,-0.003780,1200000,ScoreExit,0.4103,-0.0557,0.5467,0.4495,0.2865,-0.1060,-0.1969,0.2433,,,
trade,2025-03-14,SPY,Long,2025-03-14T15:00:00+00:00,2025-03-14T15:56:00+00:00,560.4431,561.6964,0.54,0.67,0.002236,3360000,SessionClose,0.4021,0.2545,0.5799,0.3966,0.3539,0.3131,0.1800,0.3841,,,
summary,2025-03-14,SPY,,,,,,,-0.46,,2,,,,,,,,,,0.7601,2025-03-11T18:45:00+00:00,1324,3029
trade,2025-03-14,QQQ,Long,2025-03-14T13:46:00+00:00,2025-03-14T14:09:00+00:00,476.9580,475.0125,0.63,-1.22,-0.004079,1380000,ScoreExit,0.4057,-0.0536,0.5016,0.4470,0.2910,-0.1812,-0.2013,0.2842,,,
summary,2025-03-14,QQQ,,,,,,,-1.22,,1,,,,,,,,,,0.8947,2025-03-11T13:39:00+00:00,1589,3145
trade,2025-03-14,AAPL,Long,2025-03-14T13:31:00+00:00,2025-03-14T14:47:00+00:00,211.9786,211.6115,1.41,-0.52,-0.001732,4560000,MaxHoldTimeout,0.3538,0.0000,0.4747,0.5060,0.0089,0.5604,0.1375,-0.0683,,,
summary,2025-03-14,AAPL,,,,,,,-0.52,,1,,,,,,,,,,1.0000,2025-03-11T13:36:00+00:00,472,2790
trade,2025-03-14,NVDA,Long,2025-03-14T13:32:00+00:00,2025-03-14T15:33:00+00:00,118.9507,120.9887,2.53,5.15,0.017133,7260000,MaxHoldTimeout,0.4083,0.3950,0.4453,0.2987,0.6151,0.3206,0.3019,0.6059,,,
summary,2025-03-14,NVDA,,,,,,,5.15,,1,,,,,,,,,,1.0000,2025-03-11T13:31:00+00:00,2672,3271
trade,2025-03-14,MSFT,Long,2025-03-14T14:57:00+00:00,2025-03-14T15:56:00+00:00,384.7804,386.2341,0.78,1.13,0.003778,3540000,SessionClose,0.4371,0.2565,0.4457,0.4922,0.3239,-0.0247,0.2378,0.3875,,,
summary,2025-03-14,MSFT,,,,,,,1.13,,1,,,,,,,,,,0.9002,2025-03-11T14:09:00+00:00,1173,2258
summary,2025-03-17,SPY,,,,,,,0.00,,0,,,,,,,,,,0.9519,2025-03-14T15:02:00+00:00,927,1233
trade,2025-03-17,QQQ,Long,2025-03-17T13:36:00+00:00,2025-03-17T14:26:00+00:00,481.4094,481.1206,0.62,-0.18,-0.000600,3000000,ScoreExit,0.4355,-0.1067,0.5806,0.3686,0.5211,-0.5543,-0.3116,0.4523,,,
summary,2025-03-17,QQQ,,,,,,,-0.18,,1,,,,,,,,,,0.9518,2025-03-14T15:02:00+00:00,966,1261
summary,2025-03-17,AAPL,,,,,,,0.00,,0,,,,,,,,,,1.0000,2025-03-14T13:34:00+00:00,767,1148
summary,2025-03-17,NVDA,,,,,,,0.00,,0,,,,,,,,,,1.0000,2025-03-14T13:33:00+00:00,992,1351
trade,2025-03-17,MSFT,Long,2025-03-17T13:32:00+00:00,2025-03-17T14:51:00+00:00,387.8363,388.7483,0.77,0.71,0.002352,4740000,ScoreExit,0.4472,-0.0548,0.5629,0.4405,0.4219,-0.3335,-0.3054,0.5392,,,
summary,2025-03-17,MSFT,,,,,,,0.71,,1,,,,,,,,,,1.0000,2025-03-14T13:35:00+00:00,790,1011
summary,2025-03-18,SPY,,,,,,,0.00,,0,,,,,,,,,,0.6987,2025-03-17T09:39:00+00:00,619,1460
summary,2025-03-18,QQQ,,,,,,,0.00,,0,,,,,,,,,,0.7200,2025-03-17T09:34:00+00:00,625,1580
trade,2025-03-18,AAPL,Long,2025-03-18T13:57:00+00:00,2025-03-18T14:46:00+00:00,214.3793,214.0508,1.40,-0.46,-0.001532,2940000,ScoreExit,0.3758,-0.0583,0.4625,0.3325,0.4335,-0.5020,-0.1661,0.3053,,,
summary,2025-03-18,AAPL,,,,,,,-0.46,,1,,,,,,,,,,0.6491,2025-03-17T18:13:00+00:00,612,1309
summary,2025-03-18,NVDA,,,,,,,0.00,,0,,,,,,,,,,0.8970,2025-03-17T08:25:00+00:00,484,1681
summary,2025-03-18,MSFT,,,,,,,0.00,,0,,,,,,,,,,0.7343,2025-03-17T10:19:00+00:00,308,1078
summary,2025-03-19,SPY,,,,,,,0.00,,0,,,,,,,,,,0.6987,2025-03-17T09:39:00+00:00,885,2261
summary,2025-03-19,QQQ,,,,,,,0.00,,0,,,,,,,,,,0.7200,2025-03-17T09:34:00+00:00,849,2464
summary,2025-03-19,AAPL,,,,,,,0.00,,0,,,,,,,,,,0.6491,2025-03-17T18:13:00+00:00,920,1951
summary,2025-03-19,NVDA,,,,,,,0.00,,0,,,,,,,,,,0.8970,2025-03-17T08:25:00+00:00,712,2640
trade,2025-03-19,MSFT,Long,2025-03-19T14:07:00+00:00,2025-03-19T14:39:00+00:00,387.7713,386.6990,0.77,-0.83,-0.002765,1920000,ScoreExit,0.4034,-0.0567,0.5307,0.4948,0.1782,-0.5175,-0.0644,0.1124,,,
summary,2025-03-19,MSFT,,,,,,,-0.83,,1,,,,,,,,,,0.7343,2025-03-17T10:19:00+00:00,556,1583
trade,2025-03-20,SPY,Long,2025-03-20T14:01:00+00:00,2025-03-20T15:16:00+00:00,567.7553,569.2542,0.53,0.79,0.002640,4500000,ScoreExit,0.4717,-0.0508,0.5913,0.5400,0.2954,-0.1811,-0.1811,0.2532,,,
summary,2025-03-20,SPY,,,,,,,0.79,,1,,,,,,,,,,0.6839,2025-03-17T13:41:00+00:00,1148,2865
trade,2025-03-20,QQQ,Long,2025-03-20T14:00:00+00:00,2025-03-20T15:18:00+00:00,480.6191,482.6302,0.62,1.26,0.004184,4680000,ScoreExit,0.4129,-0.0542,0.4807,0.4884,0.2394,-0.3701,-0.1951,0.3331,,,
summary,2025-03-20,QQQ,,,,,,,1.26,,1,,,,,,,,,,0.8622,2025-03-17T13:41:00+00:00,1074,3068
trade,2025-03-20,AAPL,Long,2025-03-20T13:52:00+00:00,2025-03-20T14:56:00+00:00,215.1045,216.3801,1.40,1.78,0.005930,3840000,ScoreExit,0.3540,-0.0711,0.5762,0.3805,0.2269,-0.5386,-0.1763,0.2953,,,
summary,2025-03-20,AAPL,,,,,,,1.78,,1,,,,,,,,,,1.0000,2025-03-17T13:37:00+00:00,1245,2455
trade,2025-03-20,NVDA,Long,2025-03-20T13:33:00+00:00,2025-03-20T15:34:00+00:00,118.0704,119.1901,2.54,2.85,0.009484,7260000,MaxHoldTimeout,0.4075,-0.0458,0.6103,0.4837,0.1875,-0.5397,-0.2148,0.4568,,,
summary,2025-03-20,NVDA,,,,,,,2.85,,1,,,,,,,,,,0.6656,2025-03-17T18:31:00+00:00,1180,3270
trade,2025-03-20,MSFT,Long,2025-03-20T14:04:00+00:00,2025-03-20T15:01:00+00:00,388.4415,388.9183,0.77,0.37,0.001227,3420000,ScoreExit,0.4101,-0.1032,0.5911,0.4377,0.2947,-0.5855,-0.1964,0.2439,,,
summary,2025-03-20,MSFT,,,,,,,0.37,,1,,,,,,,,,,0.9632,2025-03-17T13:36:00+00:00,702,2043
summary,2025-03-21,SPY,,,,,,,0.00,,0,,,,,,,,,,0.5685,2025-03-19T19:07:00+00:00,1250,2896
summary,2025-03-21,QQQ,,,,,,,0.00,,0,,,,,,,,,,0.5987,2025-03-19T19:07:00+00:00,1534,3056
trade,2025-03-21,AAPL,Long,2025-03-21T13:41:00+00:00,2025-03-21T15:14:00+00:00,212.8588,214.2207,1.41,1.92,0.006398,5580000,ScoreExit,0.3594,-0.0513,0.5521,0.4627,0.0887,-0.5680,-0.0944,0.2073,,,
summary,2025-03-21,AAPL,,,,,,,1.92,,1,,,,,,,,,,0.7116,2025-03-18T14:06:00+00:00,1113,2445
summary,2025-03-21,NVDA,,,,,,,0.00,,0,,,,,,,,,,0.7309,2025-03-18T16:14:00+00:00,1750,3269
summary,2025-03-21,MSFT,,,,,,,0.00,,0,,,,,,,,,,0.6173,2025-03-21T19:55:00+00:00,951,2031
trade,2025-03-24,SPY,Long,2025-03-24T13:46:00+00:00,2025-03-24T15:47:00+00:00,572.2666,573.3929,0.52,0.59,0.001968,7260000,MaxHoldTimeout,0.4148,0.0425,0.4437,0.3715,0.4919,0.3556,-0.2229,0.4690,,,
summary,2025-03-24,SPY,,,,,,,0.59,,1,,,,,,,,,,0.8725,2025-03-21T15:01:00+00:00,1031,1234
trade,2025-03-24,QQQ,Long,2025-03-24T14:16:00+00:00,2025-03-24T15:38:00+00:00,489.3518,489.6281,0.61,0.17,0.000565,4920000,ScoreExit,0.4006,-0.0502,0.4182,0.3275,0.5410,-0.5336,-0.2465,0.5036,,,
summary,2025-03-24,QQQ,,,,,,,0.17,,1,,,,,,,,,,0.9356,2025-03-21T15:00:00+00:00,1134,1271
summary,2025-03-24,AAPL,,,,,,,0.00,,0,,,,,,,,,,1.0000,2025-03-21T13:41:00+00:00,1087,1201
trade,2025-03-24,NVDA,Long,2025-03-24T13:31:00+00:00,2025-03-24T15:32:00+00:00,120.2510,121.8383,2.50,3.96,0.013201,7260000,MaxHoldTimeout,0.4645,0.2994,0.5277,0.3528,0.6667,-0.4697,0.1855,0.7836,,,
summary,2025-03-24,NVDA,,,,,,,3.96,,1,,,,,,,,,,0.7195,2025-03-21T14:23:00+00:00,1156,1348
summary,2025-03-24,MSFT,,,,,,,0.00,,0,,,,,,,,,,0.7616,2025-03-21T19:55:00+00:00,794,1062
summary,2025-03-25,SPY,,,,,,,0.00,,0,,,,,,,,,,0.6709,2025-03-24T09:14:00+00:00,989,1497
trade,2025-03-25,QQQ,Long,2025-03-25T14:30:00+00:00,2025-03-25T15:46:00+00:00,492.8028,492.4088,0.61,-0.24,-0.000799,4560000,ScoreExit,0.4220,-0.0514,0.5672,0.3679,0.4818,-0.5395,-0.2051,0.4187,,,
summary,2025-03-25,QQQ,,,,,,,-0.24,,1,,,,,,,,,,0.5341,2025-03-24T08:09:00+00:00,1134,1597
trade,2025-03-25,AAPL,Long,2025-03-25T13:38:00+00:00,2025-03-25T15:39:00+00:00,221.9616,223.5129,1.35,2.10,0.006989,7260000,MaxHoldTimeout,0.3517,0.2623,0.5977,0.2062,0.5605,0.3674,0.0909,0.5700,,,
summary,2025-03-25,AAPL,,,,,,,2.10,,1,,,,,,,,,,0.7858,2025-03-24T09:23:00+00:00,869,1389
summary,2025-03-25,NVDA,,,,,,,0.00,,0,,,,,,,,,,0.7151,2025-03-24T08:09:00+00:00,909,1681
trade,2025-03-25,MSFT,Long,2025-03-25T14:23:00+00:00,2025-03-25T15:36:00+00:00,395.6036,394.8865,0.76,-0.54,-0.001813,4380000,ScoreExit,0.4071,-0.1102,0.4731,0.3768,0.4458,-0.4953,-0.2864,0.3708,,,
summary,2025-03-25,MSFT,,,,,,,-0.54,,1,,,,,,,,,,0.6302,2025-03-24T08:14:00+00:00,665,1153
summary,2025-03-26,SPY,,,,,,,0.00,,0,,,,,,,,,,0.6709,2025-03-24T09:14:00+00:00,1257,2280
summary,2025-03-26,QQQ,,,,,,,0.00,,0,,,,,,,,,,0.5341,2025-03-24T08:09:00+00:00,1441,2439
trade,2025-03-26,AAPL,Long,2025-03-26T13:45:00+00:00,2025-03-26T14:01:00+00:00,224.9325,223.7380,1.33,-1.59,-0.005310,960000,ScoreExit,0.3534,-0.1275,0.5741,0.3396,0.3073,-0.5494,-0.2441,0.2462,,,
summary,2025-03-26,AAPL,,,,,,,-1.59,,1,,,,,,,,,,0.7858,2025-03-24T09:23:00+00:00,1260,2052
summary,2025-03-26,NVDA,,,,,,,0.00,,0,,,,,,,,,,0.7151,2025-03-24T08:09:00+00:00,911,2637
summary,2025-03-26,MSFT,,,,,,,0.00,,0,,,,,,,,,,0.6302,2025-03-24T08:14:00+00:00,780,1650
summary,2025-03-27,SPY,,,,,,,0.00,,0,,,,,,,,,,0.7931,2025-03-24T14:49:00+00:00,1062,2888
summary,2025-03-27,QQQ,,,,,,,0.00,,0,,,,,,,,,,0.8326,2025-03-24T14:49:00+00:00,1275,3057
trade,2025-03-27,AAPL,Long,2025-03-27T14:54:00+00:00,2025-03-27T15:56:00+00:00,222.2116,223.2016,1.35,1.34,0.004455,3720000,SessionClose,0.3510,0.0648,0.5440,0.3752,0.2381,0.0380,-0.0741,0.3516,,,
summary,2025-03-27,AAPL,,,,,,,1.34,,1,,,,,,,,,,0.8080,2025-03-24T13:38:00+00:00,1606,2469
summary,2025-03-27,NVDA,,,,,,,0.00,,0,,,,,,,,,,0.9593,2025-03-24T14:53:00+00:00,754,3267
summary,2025-03-27,MSFT,,,,,,,0.00,,0,,,,,,,,,,0.4198,2025-03-25T14:22:00+00:00,721,2014
summary,2025-03-28,SPY,,,,,,,0.00,,0,,,,,,,,,,0.7739,2025-03-25T14:41:00+00:00,415,2861
summary,2025-03-28,QQQ,,,,,,,0.00,,0,,,,,,,,,,0.8521,2025-03-25T14:44:00+00:00,616,3017
trade,2025-03-28,AAPL,Long,2025-03-28T13:47:00+00:00,2025-03-28T14:06:00+00:00,223.2620,223.1080,1.34,-0.21,-0.000689,1140000,ScoreExit,0.3729,-0.0750,0.5694,0.4619,0.1294,-0.1047,-0.1269,0.0385,,,
summary,2025-03-28,AAPL,,,,,,,-0.21,,1,,,,,,,,,,1.0000,2025-03-25T13:37:00+00:00,1014,2423
summary,2025-03-28,NVDA,,,,,,,0.00,,0,,,,,,,,,,0.6242,2025-03-25T16:08:00+00:00,559,3267
summary,2025-03-28,MSFT,,,,,,,0.00,,0,,,,,,,,,,0.7425,2025-03-25T13:41:00+00:00,304,1944
summary,2025-03-31,SPY,,,,,,,0.00,,0,,,,,,,,,,0.4697,2025-03-28T13:38:00+00:00,167,1274
summary,2025-03-31,QQQ,,,,,,,0.00,,0,,,,,,,,,,0.5057,2025-03-28T13:42:00+00:00,124,1304
trade,2025-03-31,AAPL,Long,2025-03-31T14:13:00+00:00,2025-03-31T15:56:00+00:00,218.3355,219.8690,1.37,2.11,0.007024,6180000,SessionClose,0.3559,0.4172,0.5387,0.4414,0.1239,0.0064,0.3491,0.6905,,,
summary,2025-03-31,AAPL,,,,,,,2.11,,1,,,,,,,,,,0.9007,2025-03-28T13:46:00+00:00,349,1146
summary,2025-03-31,NVDA,,,,,,,0.00,,0,,,,,,,,,,1.0000,2025-03-28T13:36:00+00:00,261,1350
summary,2025-03-31,MSFT,,,,,,,0.00,,0,,,,,,,,,,0.6909,2025-03-28T13:42:00+00:00,125,1062
trade,2025-04-01,SPY,Long,2025-04-01T14:51:00+00:00,2025-04-01T15:56:00+00:00,558.4925,561.0166,0.54,1.36,0.004520,3900000,SessionClose,0.4720,0.2349,0.4876,0.4804,0.4498,0.0454,0.1189,0.5299,,,
summary,2025-04-01,SPY,,,,,,,1.36,,1,,,,,,,,,,0.6310,2025-03-31T18:19:00+00:00,980,1563
trade,2025-04-01,QQQ,Long,2025-04-01T13:46:00+00:00,2025-04-01T14:07:00+00:00,468.0454,466.6150,0.64,-0.92,-0.003056,1260000,ScoreExit,0.4009,-0.0772,0.4199,0.3952,0.4058,-0.4271,-0.3214,0.5280,,,
trade,2025-04-01,QQQ,Long,2025-04-01T14:41:00+00:00,2025-04-01T15:56:00+00:00,468.2254,471.7884,0.64,2.28,0.007610,4500000,SessionClose,0.4098,0.2439,0.5076,0.3325,0.5317,-0.0331,0.1111,0.6019,,,
summary,2025-04-01,QQQ,,,,,,,1.37,,2,,,,,,,,,,0.6395,2025-03-31T18:31:00+00:00,1102,1632
trade,2025-04-01,AAPL,Long,2025-04-01T13:37:00+00:00,2025-04-01T15:38:00+00:00,220.6612,222.4332,1.36,2.41,0.008031,7260000,MaxHoldTimeout,0.3975,0.0956,0.5521,0.3258,0.4895,-0.4887,-0.0626,0.6068,,,
summary,2025-04-01,AAPL,,,,,,,2.41,,1,,,,,,,,,,0.6597,2025-03-31T08:15:00+00:00,1093,1382
trade,2025-04-01,NVDA,Long,2025-04-01T14:51:00+00:00,2025-04-01T15:56:00+00:00,108.0274,109.1122,2.78,3.01,0.010042,3900000,SessionClose,0.4384,0.3131,0.4123,0.3967,0.5304,0.0370,0.1549,0.7216,,,
summary,2025-04-01,NVDA,,,,,,,3.01,,1,,,,,,,,,,0.7290,2025-03-31T18:39:00+00:00,1175,1681
summary,2025-04-01,MSFT,,,,,,,0.00,,0,,,,,,,,,,0.6901,2025-03-31T15:53:00+00:00,783,1181
trade,2025-04-02,SPY,Long,2025-04-02T13:46:00+00:00,2025-04-02T15:46:00+00:00,559.2925,562.1863,0.54,1.55,0.005174,7200000,ScoreExit,0.4166,-0.0957,0.5601,0.5498,0.1025,-0.4896,-0.2063,0.2568,,,
summary,2025-04-02,SPY,,,,,,,1.55,,1,,,,,,,,,,0.6310,2025-03-31T18:19:00+00:00,1469,2397
trade,2025-04-02,QQQ,Long,2025-04-02T13:36:00+00:00,2025-04-02T15:13:00+00:00,468.9156,472.5732,0.64,2.34,0.007800,5820000,ScoreExit,0.4124,-0.0537,0.6060,0.5074,0.1579,-0.4546,-0.1572,0.2871,,,
summary,2025-04-02,QQQ,,,,,,,2.34,,1,,,,,,,,,,0.6395,2025-03-31T18:31:00+00:00,1652,2508
trade,2025-04-02,AAPL,Long,2025-04-02T13:36:00+00:00,2025-04-02T15:11:00+00:00,222.2116,223.9428,1.35,2.34,0.007791,5700000,ScoreExit,0.3716,-0.0831,0.5504,0.4171,0.2211,-0.4905,-0.1987,0.2840,,,
summary,2025-04-02,AAPL,,,,,,,2.34,,1,,,,,,,,,,0.6597,2025-03-31T08:15:00+00:00,1547,2054
trade,2025-04-02,NVDA,Long,2025-04-02T13:46:00+00:00,2025-04-02T15:02:00+00:00,109.1477,109.0620,2.75,-0.24,-0.000786,4560000,MaxHoldTimeout,0.4652,0.1499,0.6147,0.5728,0.2001,-0.2533,0.1159,0.3524,,,
summary,2025-04-02,NVDA,,,,,,,-0.24,,1,,,,,,,,,,0.7290,2025-03-31T18:39:00+00:00,1797,2639
trade,2025-04-02,MSFT,Long,2025-04-02T13:36:00+00:00,2025-04-02T15:11:00+00:00,380.3591,381.3855,0.79,0.81,0.002699,5700000,ScoreExit,0.4611,-0.0824,0.6565,0.5262,0.2659,-0.1400,-0.2296,0.2312,,,
summary,2025-04-02,MSFT,,,,,,,0.81,,1,,,,,,,,,,0.6901,2025-03-31T15:53:00+00:00,1193,1753
summary,2025-04-03,SPY,,,,,,,0.00,,0,,,,,,,,,,0.8585,2025-03-31T15:02:00+00:00,1520,3049
summary,2025-04-03,QQQ,,,,,,,0.00,,0,,,,,,,,,,0.8237,2025-03-31T14:08:00+00:00,1710,3139
summary,2025-04-03,AAPL,,,,,,,0.00,,0,,,,,,,,,,0.9274,2025-03-31T15:00:00+00:00,1360,2766
summary,2025-04-03,NVDA,,,,,,,0.00,,0,,,,,,,,,,0.8977,2025-03-31T14:01:00+00:00,1913,3269
summary,2025-04-03,MSFT,,,,,,,0.00,,0,,,,,,,,,,0.7126,2025-03-31T15:53:00+00:00,1300,2402
summary,2025-04-04,SPY,,,,,,,0.00,,0,,,,,,,,,,0.9564,2025-04-01T15:01:00+00:00,751,3109
summary,2025-04-04,QQQ,,,,,,,0.00,,0,,,,,,,,,,0.9559,2025-04-01T14:54:00+00:00,830,3165
summary,2025-04-04,AAPL,,,,,,,0.00,,0,,,,,,,,,,0.9422,2025-04-01T13:45:00+00:00,735,2943
summary,2025-04-04,NVDA,,,,,,,0.00,,0,,,,,,,,,,0.9547,2025-04-01T14:54:00+00:00,1017,3269
summary,2025-04-04,MSFT,,,,,,,0.00,,0,,,,,,,,,,0.9576,2025-04-01T14:42:00+00:00,853,2547
trade,2025-04-07,SPY,Long,2025-04-07T13:56:00+00:00,2025-04-07T15:11:00+00:00,491.9225,502.8241,0.26,2.83,0.022161,4500000,ScoreExit,0.4362,-0.1447,0.6404,0.4537,0.3333,-0.5360,-0.3184,0.3333,,,
summary,2025-04-07,SPY,,,,,,,2.83,,1,,,,,,,,,,0.9714,2025-04-07T14:13:00+00:00,412,1347
trade,2025-04-07,QQQ,Long,2025-04-07T13:56:00+00:00,2025-04-07T15:11:00+00:00,412.8788,423.4779,0.31,3.27,0.025671,4500000,ScoreExit,0.5319,-0.1532,0.6645,0.6090,0.3333,-0.4141,-0.3681,0.3637,,,
summary,2025-04-07,QQQ,,,,,,,3.27,,1,,,,,,,,,,0.9724,2025-04-07T14:13:00+00:00,445,1334
trade,2025-04-07,AAPL,Long,2025-04-07T14:11:00+00:00,2025-04-07T14:36:00+00:00,184.0402,180.7708,0.88,-2.89,-0.017765,1500000,ScoreExit,0.5909,-0.1484,0.6721,0.8489,0.0479,-0.6637,-0.1606,0.0479,,,
summary,2025-04-07,AAPL,,,,,,,-2.89,,1,,,,,,,,,,1.0000,2025-04-04T13:30:00+00:00,164,1331
trade,2025-04-07,NVDA,Long,2025-04-07T13:51:00+00:00,2025-04-07T15:24:00+00:00,89.8319,94.0068,3.34,13.96,0.046474,5580000,ScoreExit,0.5720,-0.1183,0.6909,0.6715,0.3333,-0.6133,-0.3341,0.4785,,,
summary,2025-04-07,NVDA,,,,,,,13.96,,1,,,,,,,,,,0.9601,2025-04-07T14:13:00+00:00,532,1351
trade,2025-04-07,MSFT,Long,2025-04-07T14:11:00+00:00,2025-04-07T15:11:00+00:00,357.5822,358.1075,0.29,0.15,0.001469,3600000,ScoreExit,0.7004,-0.1365,0.7440,0.8767,0.3333,-0.1905,-0.3625,0.3333,,,
summary,2025-04-07,MSFT,,,,,,,0.15,,1,,,,,,,,,,0.9377,2025-04-04T13:46:00+00:00,465,1238
trade,2025-04-08,SPY,Long,2025-04-08T14:06:00+00:00,2025-04-08T14:51:00+00:00,524.2622,520.8187,0.45,-1.55,-0.006568,2700000,ScoreExit,0.5570,-0.1116,0.5513,0.4598,0.7534,-0.4880,-0.4814,0.7534,,,
summary,2025-04-08,SPY,,,,,,,-1.55,,1,,,,,,,,,,0.9714,2025-04-07T14:13:00+00:00,1135,1668
summary,2025-04-08,QQQ,,,,,,,0.00,,0,,,,,,,,,,1.0000,2025-04-07T08:02:00+00:00,1185,1667
summary,2025-04-08,AAPL,,,,,,,0.00,,0,,,,,,,,,,1.0000,2025-04-07T08:02:00+00:00,1002,1650
summary,2025-04-08,NVDA,,,,,,,0.00,,0,,,,,,,,,,0.9584,2025-04-07T14:13:00+00:00,1316,1681
summary,2025-04-08,MSFT,,,,,,,0.00,,0,,,,,,,,,,1.0000,2025-04-07T08:02:00+00:00,1012,1464
summary,2025-04-09,SPY,,,,,,,0.00,,0,,,,,,,,,,0.9714,2025-04-07T14:13:00+00:00,1421,2625
summary,2025-04-09,QQQ,,,,,,,0.00,,0,,,,,,,,,,1.0000,2025-04-07T08:02:00+00:00,1479,2625
summary,2025-04-09,AAPL,,,,,,,0.00,,0,,,,,,,,,,1.0000,2025-04-07T08:02:00+00:00,1350,2606
summary,2025-04-09,NVDA,,,,,,,0.00,,0,,,,,,,,,,0.9584,2025-04-07T14:13:00+00:00,1905,2641
summary,2025-04-09,MSFT,,,,,,,0.00,,0,,,,,,,,,,1.0000,2025-04-07T08:02:00+00:00,1431,2201
summary,2025-04-10,SPY,,,,,,,0.00,,0,,,,,,,,,,0.9994,2025-04-07T14:16:00+00:00,1738,3254
summary,2025-04-10,QQQ,,,,,,,0.00,,0,,,,,,,,,,0.9993,2025-04-07T14:16:00+00:00,1791,3252
trade,2025-04-10,AAPL,Long,2025-04-10T13:31:00+00:00,2025-04-10T14:42:00+00:00,190.2521,192.3773,1.58,3.36,0.011171,4260000,ScoreExit,0.3889,-0.0517,0.1053,0.3670,0.5273,-0.4402,-0.1460,0.2665,,,
summary,2025-04-10,AAPL,,,,,,,3.36,,1,,,,,,,,,,0.9766,2025-04-07T14:13:00+00:00,1737,3232
trade,2025-04-10,NVDA,Long,2025-04-10T14:31:00+00:00,2025-04-10T15:47:00+00:00,109.6578,107.8626,2.73,-4.91,-0.016371,4560000,MaxHoldTimeout,0.4582,0.0000,0.5202,0.4527,0.4485,-0.0536,-0.6410,-0.1355,,,
summary,2025-04-10,NVDA,,,,,,,-4.91,,1,,,,,,,,,,1.0000,2025-04-07T13:31:00+00:00,2305,3271
summary,2025-04-10,MSFT,,,,,,,0.00,,0,,,,,,,,,,0.9882,2025-04-07T14:16:00+00:00,1697,2676
trade,2025-04-11,SPY,Long,2025-04-11T13:53:00+00:00,2025-04-11T14:18:00+00:00,527.4032,524.8565,0.36,-0.92,-0.004829,1500000,ScoreExit,0.4047,-0.0850,0.4289,0.4771,0.2517,-0.4465,-0.1411,0.1476,,,
summary,2025-04-11,SPY,,,,,,,-0.92,,1,,,,,,,,,,0.9358,2025-04-09T17:24:00+00:00,1648,3254
trade,2025-04-11,QQQ,Long,2025-04-11T13:53:00+00:00,2025-04-11T14:17:00+00:00,448.9596,447.4107,0.47,-0.73,-0.003450,1440000,ScoreExit,0.4399,-0.0877,0.3823,0.5224,0.2940,-0.0292,-0.2191,0.1555,,,
summary,2025-04-11,QQQ,,,,,,,-0.73,,1,,,,,,,,,,0.9323,2025-04-09T17:24:00+00:00,1701,3249
trade,2025-04-11,AAPL,Long,2025-04-11T13:36:00+00:00,2025-04-11T15:37:00+00:00,188.2164,193.5069,1.60,8.45,0.028109,7260000,MaxHoldTimeout,0.4056,0.5224,0.4114,0.3919,0.4308,0.4301,0.4927,0.6125,,,
summary,2025-04-11,AAPL,,,,,,,8.45,,1,,,,,,,,,,0.9144,2025-04-08T13:42:00+00:00,1849,3182
trade,2025-04-11,NVDA,Long,2025-04-11T13:36:00+00:00,2025-04-11T14:18:00+00:00,108.8777,109.1872,2.75,0.85,0.002843,2520000,ScoreExit,0.4356,-0.0848,0.3711,0.3678,0.5927,-0.4524,-0.2106,0.2892,,,
summary,2025-04-11,NVDA,,,,,,,0.85,,1,,,,,,,,,,0.9327,2025-04-08T13:46:00+00:00,2026,3271
trade,2025-04-11,MSFT,Long,2025-04-11T13:51:00+00:00,2025-04-11T14:17:00+00:00,385.0505,383.2200,0.67,-1.22,-0.004754,1560000,ScoreExit,0.4202,-0.0743,0.3149,0.4521,0.3915,0.1107,-0.2806,0.2766,,,
summary,2025-04-11,MSFT,,,,,,,-1.22,,1,,,,,,,,,,1.0000,2025-04-08T13:35:00+00:00,1512,2516
trade,2025-04-14,SPY,Long,2025-04-14T14:51:00+00:00,2025-04-14T15:06:00+00:00,543.7281,541.2026,0.55,-1.39,-0.004645,900000,ScoreExit,0.4690,-0.0610,0.5541,0.3883,0.6021,-0.5724,-0.2259,0.4392,,,
summary,2025-04-14,SPY,,,,,,,-1.39,,1,,,,,,,,,,0.9402,2025-04-11T13:45:00+00:00,1059,1292
trade,2025-04-14,QQQ,Long,2025-04-14T14:51:00+00:00,2025-04-14T15:06:00+00:00,463.3790,460.5168,0.65,-1.85,-0.006177,900000,ScoreExit,0.4457,-0.0987,0.5269,0.3462,0.6175,-0.5843,-0.2715,0.4087,,,
summary,2025-04-14,QQQ,,,,,,,-1.85,,1,,,,,,,,,,0.9363,2025-04-11T13:45:00+00:00,1021,1272
summary,2025-04-14,AAPL,,,,,,,0.00,,0,,,,,,,,,,1.0000,2025-04-11T13:36:00+00:00,1171,1313
summary,2025-04-14,NVDA,,,,,,,0.00,,0,,,,,,,,,,1.0000,2025-04-11T13:39:00+00:00,1017,1350
trade,2025-04-14,MSFT,Long,2025-04-14T14:36:00+00:00,2025-04-14T15:01:00+00:00,393.2689,392.3773,0.76,-0.68,-0.002267,1500000,ScoreExit,0.4413,-0.0959,0.3625,0.3667,0.6168,-0.5795,-0.2634,0.4003,,,
summary,2025-04-14,MSFT,,,,,,,-0.68,,1,,,,,,,,,,0.9318,2025-04-11T13:45:00+00:00,747,1017
trade,2025-04-15,SPY,Long,2025-04-15T13:31:00+00:00,2025-04-15T14:17:00+00:00,539.8969,541.7924,0.56,1.05,0.003511,2760000,ScoreExit,0.4035,-0.0723,0.4521,0.4634,0.2676,-0.3146,-0.2520,0.3679,,,
summary,2025-04-15,SPY,,,,,,,1.05,,1,,,,,,,,,,0.5244,2025-04-15T13:48:00+00:00,661,1587
trade,2025-04-15,QQQ,Long,2025-04-15T13:30:00+00:00,2025-04-15T14:17:00+00:00,458.6826,460.9367,0.65,1.47,0.004914,2820000,ScoreExit,0.4120,-0.0550,0.5721,0.4332,0.3163,-0.3160,-0.2627,0.4474,,,
summary,2025-04-15,QQQ,,,,,,,1.47,,1,,,,,,,,,,0.5662,2025-04-14T13:24:00+00:00,678,1625
trade,2025-04-15,AAPL,Long,2025-04-15T13:31:00+00:00,2025-04-15T14:47:00+00:00,202.7158,201.9644,1.48,-1.11,-0.003707,4560000,MaxHoldTimeout,0.3784,0.0000,0.5940,0.5142,0.0349,0.0740,-0.0230,-0.0813,,,
summary,2025-04-15,AAPL,,,,,,,-1.11,,1,,,,,,,,,,0.6424,2025-04-14T12:09:00+00:00,542,1585
trade,2025-04-15,NVDA,Long,2025-04-15T13:31:00+00:00,2025-04-15T14:18:00+00:00,111.5485,111.6113,2.69,0.17,0.000563,2820000,ScoreExit,0.4900,-0.1085,0.5980,0.5731,0.2877,-0.5176,-0.2407,0.2921,,,
summary,2025-04-15,NVDA,,,,,,,0.17,,1,,,,,,,,,,0.6609,2025-04-14T11:19:00+00:00,527,1681
trade,2025-04-15,MSFT,Long,2025-04-15T13:35:00+00:00,2025-04-15T14:01:00+00:00,390.1320,389.1982,0.77,-0.72,-0.002394,1560000,ScoreExit,0.4051,-0.0772,0.4628,0.4186,0.3590,-0.6100,-0.1412,0.2283,,,
summary,2025-04-15,MSFT,,,,,,,-0.72,,1,,,,,,,,,,0.5709,2025-04-14T08:06:00+00:00,304,1101
summary,2025-04-16,SPY,,,,,,,0.00,,0,,,,,,,,,,0.5244,2025-04-15T13:48:00+00:00,661,2504
summary,2025-04-16,QQQ,,,,,,,0.00,,0,,,,,,,,,,0.5662,2025-04-14T13:24:00+00:00,753,2560
summary,2025-04-16,AAPL,,,,,,,0.00,,0,,,,,,,,,,0.6424,2025-04-14T12:09:00+00:00,542,2442
summary,2025-04-16,NVDA,,,,,,,0.00,,0,,,,,,,,,,0.6609,2025-04-14T11:19:00+00:00,557,2641
summary,2025-04-16,MSFT,,,,,,,0.00,,0,,,,,,,,,,0.5709,2025-04-14T08:06:00+00:00,304,1644
summary,2025-04-17,SPY,,,,,,,0.00,,0,,,,,,,,,,0.8804,2025-04-14T14:54:00+00:00,635,3106
summary,2025-04-17,QQQ,,,,,,,0.00,,0,,,,,,,,,,0.7623,2025-04-14T14:54:00+00:00,676,3145
summary,2025-04-17,AAPL,,,,,,,0.00,,0,,,,,,,,,,0.5253,2025-04-14T19:08:00+00:00,477,2918
summary,2025-04-17,NVDA,,,,,,,0.00,,0,,,,,,,,,,0.6564,2025-04-15T13:31:00+00:00,731,3271
summary,2025-04-17,MSFT,,,,,,,0.00,,0,,,,,,,,,,0.9584,2025-04-14T14:50:00+00:00,208,2123
summary,2025-04-18,SPY,,,,,,,0.00,,0,,,,,,,,,,0.5744,2025-04-15T14:12:00+00:00,216,2403
summary,2025-04-18,QQQ,,,,,,,0.00,,0,,,,,,,,,,0.6830,2025-04-15T13:39:00+00:00,194,2408
summary,2025-04-18,AAPL,,,,,,,0.00,,0,,,,,,,,,,0.8599,2025-04-15T13:53:00+00:00,549,2195
summary,2025-04-18,NVDA,,,,,,,0.00,,0,,,,,,,,,,1.0000,2025-04-15T13:32:00+00:00,573,2550
summary,2025-04-18,MSFT,,,,,,,0.00,,0,,,,,,,,,,0.9648,2025-04-15T13:40:00+00:00,77,1644
summary,2025-04-21,SPY,,,,,,,0.00,,0,,,,,,,,,,0.4719,2025-04-21T19:58:00+00:00,113,625
summary,2025-04-21,QQQ,,,,,,,0.00,,0,,,,,,,,,,0.5587,2025-04-21T19:58:00+00:00,135,689
summary,2025-04-21,AAPL,,,,,,,0.00,,0,,,,,,,,,,0.5496,2025-04-21T19:58:00+00:00,90,610
trade,2025-04-21,NVDA,Long,2025-04-21T13:30:00+00:00,2025-04-21T14:14:00+00:00,98.8046,96.2908,3.04,-7.64,-0.025442,2640000,HardStop,0.4138,0.0000,0.5608,0.3859,0.4208,-0.4539,-0.5711,-1.0000,,,
summary,2025-04-21,NVDA,,,,,,,-7.64,,1,,,,,,,,,,0.6117,2025-04-21T13:30:00+00:00,75,721
summary,2025-04-21,MSFT,,,,,,,0.00,,0,,,,,,,,,,0.9005,2025-04-21T11:00:00+00:00,22,461
trade,2025-04-22,SPY,Long,2025-04-22T14:54:00+00:00,2025-04-22T15:56:00+00:00,524.1222,524.5376,0.57,0.24,0.000793,3720000,SessionClose,0.4149,0.3526,0.1205,0.3683,0.6061,0.4754,0.1992,0.6184,,,
summary,2025-04-22,SPY,,,,,,,0.24,,1,,,,,,,,,,0.5649,2025-04-22T08:00:00+00:00,824,1490
trade,2025-04-22,QQQ,Long,2025-04-22T14:55:00+00:00,2025-04-22T15:41:00+00:00,443.1516,442.6721,0.68,-0.32,-0.001082,2760000,ScoreExit,0.4023,-0.0841,0.3913,0.2827,0.6451,-0.5624,-0.3684,0.6438,,,
summary,2025-04-22,QQQ,,,,,,,-0.32,,1,,,,,,,,,,0.5683,2025-04-22T08:00:00+00:00,868,1579
trade,2025-04-22,AAPL,Long,2025-04-22T14:49:00+00:00,2025-04-22T15:56:00+00:00,199.0757,198.2055,1.51,-1.31,-0.004371,4020000,SessionClose,0.4061,0.3395,0.5611,0.1954,0.7759,0.1142,0.1650,0.7634,,,
summary,2025-04-22,AAPL,,,,,,,-1.31,,1,,,,,,,,,,0.6433,2025-04-22T14:06:00+00:00,682,1326
trade,2025-04-22,NVDA,Long,2025-04-22T14:10:00+00:00,2025-04-22T15:26:00+00:00,99.1247,98.8753,3.02,-0.75,-0.002516,4560000,MaxHoldTimeout,0.4054,0.0989,0.5300,0.2688,0.6371,-0.5543,-0.0775,0.6693,,,
summary,2025-04-22,NVDA,,,,,,,-0.75,,1,,,,,,,,,,0.6709,2025-04-22T08:00:00+00:00,808,1681
trade,2025-04-22,MSFT,Long,2025-04-22T14:21:00+00:00,2025-04-22T15:56:00+00:00,362.7438,364.4606,0.83,1.42,0.004733,5700000,SessionClose,0.4308,0.4360,0.5379,0.3450,0.5666,0.4657,0.3374,0.6233,,,
summary,2025-04-22,MSFT,,,,,,,1.42,,1,,,,,,,,,,0.9005,2025-04-21T11:00:00+00:00,460,1028
summary,2025-04-23,SPY,,,,,,,0.00,,0,,,,,,,,,,0.7506,2025-04-22T21:44:00+00:00,1535,2429
trade,2025-04-23,QQQ,Long,2025-04-23T14:35:00+00:00,2025-04-23T15:16:00+00:00,462.7738,460.5268,0.63,-1.41,-0.004855,2460000,ScoreExit,0.4177,-0.1652,0.5567,0.3185,0.5698,-0.3481,-0.4086,0.3824,,,
summary,2025-04-23,QQQ,,,,,,,-1.41,,1,,,,,,,,,,0.7689,2025-04-22T21:42:00+00:00,1616,2524
trade,2025-04-23,AAPL,Long,2025-04-23T13:46:00+00:00,2025-04-23T15:02:00+00:00,207.1021,206.8229,1.45,-0.40,-0.001348,4560000,MaxHoldTimeout,0.3872,0.1519,0.4312,0.2675,0.6119,-0.3054,0.1348,0.3386,,,
summary,2025-04-23,AAPL,,,,,,,-0.40,,1,,,,,,,,,,0.6852,2025-04-22T21:42:00+00:00,1430,2233
trade,2025-04-23,NVDA,Long,2025-04-23T14:31:00+00:00,2025-04-23T15:26:00+00:00,104.1462,103.6239,2.88,-1.50,-0.005015,3300000,ScoreExit,0.4212,-0.1612,0.4884,0.3660,0.5092,-0.4040,-0.4034,0.4042,,,
summary,2025-04-23,NVDA,,,,,,,-1.50,,1,,,,,,,,,,0.6709,2025-04-22T08:00:00+00:00,1594,2641
trade,2025-04-23,MSFT,Long,2025-04-23T13:32:00+00:00,2025-04-23T15:11:00+00:00,376.9581,378.7713,0.80,1.44,0.004810,5940000,ScoreExit,0.4202,-0.0559,0.3798,0.3693,0.5356,-0.4206,-0.1989,0.3515,,,
summary,2025-04-23,MSFT,,,,,,,1.44,,1,,,,,,,,,,0.9005,2025-04-21T11:00:00+00:00,1012,1765
trade,2025-04-24,SPY,Long,2025-04-24T13:51:00+00:00,2025-04-24T15:52:00+00:00,538.4655,542.4822,0.56,2.24,0.007460,7260000,MaxHoldTimeout,0.4089,0.1926,0.5024,0.4481,0.2996,-0.0220,0.1414,0.3666,,,
summary,2025-04-24,SPY,,,,,,,2.24,,1,,,,,,,,,,0.8113,2025-04-22T21:44:00+00:00,2170,3100
trade,2025-04-24,QQQ,Long,2025-04-24T13:38:00+00:00,2025-04-24T15:39:00+00:00,457.0872,463.5559,0.66,4.25,0.014152,7260000,MaxHoldTimeout,0.4013,0.1752,0.4167,0.3778,0.4430,0.5545,-0.0248,0.4487,,,
summary,2025-04-24,QQQ,,,,,,,4.25,,1,,,,,,,,,,0.8401,2025-04-22T21:42:00+00:00,2262,3173
trade,2025-04-24,AAPL,Long,2025-04-24T13:56:00+00:00,2025-04-24T15:56:00+00:00,204.9665,206.5530,1.47,2.33,0.007741,7200000,SessionClose,0.3538,0.0839,0.0962,0.4040,0.3392,0.5011,-0.1252,0.3631,,,
summary,2025-04-24,AAPL,,,,,,,2.33,,1,,,,,,,,,,0.7399,2025-04-22T21:42:00+00:00,2020,2807
trade,2025-04-24,NVDA,Long,2025-04-24T14:06:00+00:00,2025-04-24T15:56:00+00:00,104.8414,105.6583,2.87,2.34,0.007791,6600000,SessionClose,0.4446,0.1130,0.3519,0.3906,0.5836,0.5317,-0.1917,0.5828,,,
summary,2025-04-24,NVDA,,,,,,,2.34,,1,,,,,,,,,,0.7493,2025-04-22T21:29:00+00:00,2260,3270
trade,2025-04-24,MSFT,Long,2025-04-24T13:34:00+00:00,2025-04-24T15:35:00+00:00,376.5779,383.6299,0.80,5.62,0.018726,7260000,MaxHoldTimeout,0.4095,0.1585,0.4882,0.3369,0.5283,0.2225,-0.0256,0.5053,,,
summary,2025-04-24,MSFT,,,,,,,5.62,,1,,,,,,,,,,0.7836,2025-04-22T21:41:00+00:00,1449,2271
summary,2025-04-25,SPY,,,,,,,0.00,,0,,,,,,,,,,0.9557,2025-04-22T15:01:00+00:00,2376,3137
summary,2025-04-25,QQQ,,,,,,,0.00,,0,,,,,,,,,,0.9545,2025-04-22T15:01:00+00:00,2504,3224
summary,2025-04-25,AAPL,,,,,,,0.00,,0,,,,,,,,,,0.9561,2025-04-22T14:48:00+00:00,2269,2919
trade,2025-04-25,NVDA,Long,2025-04-25T14:06:00+00:00,2025-04-25T15:56:00+00:00,107.3272,109.1273,2.80,5.04,0.016772,6600000,SessionClose,0.4623,0.2439,0.4755,0.4429,0.4966,0.3141,0.0656,0.5771,,,
summary,2025-04-25,NVDA,,,,,,,5.04,,1,,,,,,,,,,0.9554,2025-04-22T13:41:00+00:00,2635,3270
summary,2025-04-25,MSFT,,,,,,,0.00,,0,,,,,,,,,,0.9577,2025-04-22T14:55:00+00:00,1897,2312
trade,2025-04-28,SPY,Long,2025-04-28T13:41:00+00:00,2025-04-28T13:56:00+00:00,552.3006,551.2146,0.54,-0.59,-0.001966,900000,ScoreExit,0.4068,-0.1200,0.3253,0.4035,0.4408,-0.5636,-0.3045,0.3968,,,
summary,2025-04-28,SPY,,,,,,,-0.59,,1,,,,,,,,,,0.5999,2025-04-25T17:27:00+00:00,843,1212
summary,2025-04-28,QQQ,,,,,,,0.00,,0,,,,,,,,,,0.7959,2025-04-25T14:12:00+00:00,938,1262
trade,2025-04-28,AAPL,Long,2025-04-28T13:41:00+00:00,2025-04-28T13:59:00+00:00,209.6325,209.1822,1.43,-0.64,-0.002148,1080000,ScoreExit,0.4038,-0.0745,0.0912,0.4045,0.5067,-0.5897,-0.2165,0.3812,,,
summary,2025-04-28,AAPL,,,,,,,-0.64,,1,,,,,,,,,,0.9400,2025-04-25T13:45:00+00:00,740,1106
summary,2025-04-28,NVDA,,,,,,,0.00,,0,,,,,,,,,,1.0000,2025-04-25T13:34:00+00:00,895,1351
summary,2025-04-28,MSFT,,,,,,,0.00,,0,,,,,,,,,,0.6737,2025-04-25T14:12:00+00:00,630,965
trade,2025-04-29,SPY,Long,2025-04-29T14:05:00+00:00,2025-04-29T15:22:00+00:00,551.5004,551.2796,0.54,-0.12,-0.000400,4620000,MaxHoldTimeout,0.4282,-0.0321,0.5530,0.4363,0.3703,-0.5289,-0.1181,0.3054,,,
summary,2025-04-29,SPY,,,,,,,-0.12,,1,,,,,,,,,,0.8059,2025-04-28T09:32:00+00:00,830,1452
trade,2025-04-29,QQQ,Long,2025-04-29T14:02:00+00:00,2025-04-29T15:17:00+00:00,472.7868,473.0331,0.63,0.16,0.000521,4500000,ScoreExit,0.4573,-0.0600,0.4212,0.4793,0.4254,-0.4020,-0.2205,0.3751,,,
summary,2025-04-29,QQQ,,,,,,,0.16,,1,,,,,,,,,,0.8121,2025-04-28T09:32:00+00:00,898,1559
trade,2025-04-29,AAPL,Long,2025-04-29T13:44:00+00:00,2025-04-29T15:16:00+00:00,210.4455,211.0058,1.43,0.80,0.002662,5520000,ScoreExit,0.3605,-0.0706,0.5651,0.3120,0.3893,-0.3215,-0.2699,0.4116,,,
summary,2025-04-29,AAPL,,,,,,,0.80,,1,,,,,,,,,,0.9516,2025-04-28T09:31:00+00:00,799,1302
trade,2025-04-29,NVDA,Long,2025-04-29T13:43:00+00:00,2025-04-29T15:44:00+00:00,108.4375,109.0873,2.77,1.80,0.005992,7260000,MaxHoldTimeout,0.4053,0.4193,0.4288,0.3946,0.4190,0.4971,0.3676,0.4967,,,
summary,2025-04-29,NVDA,,,,,,,1.80,,1,,,,,,,,,,0.8604,2025-04-28T09:29:00+00:00,928,1679
trade,2025-04-29,MSFT,Long,2025-04-29T13:40:00+00:00,2025-04-29T15:11:00+00:00,392.0326,393.5769,0.77,1.18,0.003939,5460000,ScoreExit,0.4063,-0.0774,0.4828,0.3715,0.4504,-0.5433,-0.2397,0.4027,,,
summary,2025-04-29,MSFT,,,,,,,1.18,,1,,,,,,,,,,0.7155,2025-04-28T09:53:00+00:00,646,1034
summary,2025-04-30,SPY,,,,,,,0.00,,0,,,,,,,,,,0.8059,2025-04-28T09:32:00+00:00,1198,2284
summary,2025-04-30,QQQ,,,,,,,0.00,,0,,,,,,,,,,0.8121,2025-04-28T09:32:00+00:00,1279,2456
summary,2025-04-30,AAPL,,,,,,,0.00,,0,,,,,,,,,,0.9516,2025-04-28T09:31:00+00:00,1134,1987
summary,2025-04-30,NVDA,,,,,,,0.00,,0,,,,,,,,,,0.8604,2025-04-28T09:29:00+00:00,1116,2637
summary,2025-04-30,MSFT,,,,,,,0.00,,0,,,,,,,,,,0.7498,2025-04-30T20:00:00+00:00,950,1659
trade,2025-05-01,SPY,Long,2025-05-01T14:24:00+00:00,2025-05-01T15:41:00+00:00,561.7835,562.4462,0.53,0.35,0.001180,4620000,ScoreExit,0.4010,-0.1261,0.5565,0.3910,0.3690,-0.4738,-0.2557,0.2489,,,
summary,2025-05-01,SPY,,,,,,,0.35,,1,,,,,,,,,,0.6087,2025-04-28T19:52:00+00:00,1735,2955
trade,2025-05-01,QQQ,Long,2025-05-01T14:26:00+00:00,2025-05-01T15:41:00+00:00,483.8801,485.3543,0.62,0.91,0.003047,4500000,ScoreExit,0.4103,-0.0597,0.5763,0.3686,0.4383,-0.4233,-0.1919,0.3260,,,
summary,2025-05-01,QQQ,,,,,,,0.91,,1,,,,,,,,,,0.6879,2025-04-28T13:46:00+00:00,1891,3095
trade,2025-05-01,AAPL,Long,2025-05-01T13:31:00+00:00,2025-05-01T15:32:00+00:00,210.7932,212.7112,1.42,2.73,0.009099,7260000,MaxHoldTimeout,0.3664,0.0065,0.5643,0.4467,0.1398,-0.4987,-0.0754,0.3387,,,
summary,2025-05-01,AAPL,,,,,,,2.73,,1,,,,,,,,,,0.9364,2025-04-28T13:43:00+00:00,1501,2687
summary,2025-05-01,NVDA,,,,,,,0.00,,0,,,,,,,,,,0.8369,2025-04-28T13:46:00+00:00,1798,3267
summary,2025-05-01,MSFT,,,,,,,0.00,,0,,,,,,,,,,0.8755,2025-04-30T20:01:00+00:00,1667,2495
summary,2025-05-02,SPY,,,,,,,0.00,,0,,,,,,,,,,0.8749,2025-04-29T14:59:00+00:00,1999,2990
trade,2025-05-02,QQQ,Long,2025-05-02T14:27:00+00:00,2025-05-02T15:26:00+00:00,488.4415,487.7786,0.61,-0.41,-0.001357,3540000,ScoreExit,0.4069,-0.0715,0.4860,0.3800,0.4343,-0.5373,-0.2484,0.4377,,,
summary,2025-05-02,QQQ,,,,,,,-0.41,,1,,,,,,,,,,0.9049,2025-04-29T14:55:00+00:00,2102,3142
summary,2025-05-02,AAPL,,,,,,,0.00,,0,,,,,,,,,,0.9879,2025-04-29T13:39:00+00:00,951,2907
trade,2025-05-02,NVDA,Long,2025-05-02T14:56:00+00:00,2025-05-02T15:56:00+00:00,114.3504,114.6107,2.62,0.68,0.002276,3600000,SessionClose,0.4035,0.2010,0.5412,0.3245,0.5158,-0.2069,0.1074,0.5242,,,
summary,2025-05-02,NVDA,,,,,,,0.68,,1,,,,,,,,,,1.0000,2025-04-29T13:32:00+00:00,2111,3266
summary,2025-05-02,MSFT,,,,,,,0.00,,0,,,,,,,,,,0.9459,2025-04-30T20:01:00+00:00,1929,2714
summary,2025-05-05,SPY,,,,,,,0.00,,0,,,,,,,,,,0.6301,2025-05-02T16:04:00+00:00,572,1223
summary,2025-05-05,QQQ,,,,,,,0.00,,0,,,,,,,,,,0.7108,2025-05-02T14:29:00+00:00,566,1239
summary,2025-05-05,AAPL,,,,,,,0.00,,0,,,,,,,,,,0.9571,2025-05-02T14:46:00+00:00,397,1230
summary,2025-05-05,NVDA,,,,,,,0.00,,0,,,,,,,,,,0.9332,2025-05-02T13:33:00+00:00,426,1348
trade,2025-05-05,MSFT,Long,2025-05-05T13:35:00+00:00,2025-05-05T14:31:00+00:00,434.8183,434.8645,0.69,0.03,0.000106,3360000,ScoreExit,0.4061,-0.0984,0.5721,0.5250,0.1128,-0.4833,-0.1796,0.1922,,,
summary,2025-05-05,MSFT,,,,,,,0.03,,1,,,,,,,,,,0.9016,2025-05-02T13:55:00+00:00,511,1030
summary,2025-05-06,SPY,,,,,,,0.00,,0,,,,,,,,,,0.4830,2025-05-05T15:01:00+00:00,476,1494
summary,2025-05-06,QQQ,,,,,,,0.00,,0,,,,,,,,,,0.5546,2025-05-05T18:44:00+00:00,441,1573
trade,2025-05-06,AAPL,Long,2025-05-06T13:40:00+00:00,2025-05-06T14:56:00+00:00,199.8820,198.2755,1.50,-2.41,-0.008037,4560000,MaxHoldTimeout,0.3997,0.0000,0.6009,0.5356,0.0608,0.3588,-0.0759,-0.1029,,,
summary,2025-05-06,AAPL,,,,,,,-2.41,,1,,,,,,,,,,0.5736,2025-05-05T18:14:00+00:00,324,1423
trade,2025-05-06,NVDA,Long,2025-05-06T14:33:00+00:00,2025-05-06T15:09:00+00:00,112.8538,112.6894,2.66,-0.44,-0.001457,2160000,ScoreExit,0.4008,-0.0553,0.4387,0.5104,0.1689,-0.4964,-0.0570,0.0953,,,
summary,2025-05-06,NVDA,,,,,,,-0.44,,1,,,,,,,,,,0.6294,2025-05-05T13:34:00+00:00,718,1676
summary,2025-05-06,MSFT,,,,,,,0.00,,0,,,,,,,,,,0.7148,2025-05-05T13:54:00+00:00,601,1154
summary,2025-05-07,SPY,,,,,,,0.00,,0,,,,,,,,,,0.5183,2025-05-06T22:07:00+00:00,691,2363
summary,2025-05-07,QQQ,,,,,,,0.00,,0,,,,,,,,,,0.5546,2025-05-05T18:44:00+00:00,675,2494
summary,2025-05-07,AAPL,,,,,,,0.00,,0,,,,,,,,,,0.5740,2025-05-06T22:07:00+00:00,551,2255
summary,2025-05-07,NVDA,,,,,,,0.00,,0,,,,,,,,,,0.6847,2025-05-07T19:42:00+00:00,1303,2633
summary,2025-05-07,MSFT,,,,,,,0.00,,0,,,,,,,,,,0.7148,2025-05-05T13:54:00+00:00,735,1780
summary,2025-05-08,SPY,,,,,,,0.00,,0,,,,,,,,,,0.8558,2025-05-05T14:57:00+00:00,1006,2956
summary,2025-05-08,QQQ,,,,,,,0.00,,0,,,,,,,,,,0.8203,2025-05-05T15:04:00+00:00,1214,3095
summary,2025-05-08,AAPL,,,,,,,0.00,,0,,,,,,,,,,0.6572,2025-05-06T22:07:00+00:00,1022,2876
summary,2025-05-08,NVDA,,,,,,,0.00,,0,,,,,,,,,,0.8896,2025-05-05T13:37:00+00:00,1926,3264
summary,2025-05-08,MSFT,,,,,,,0.00,,0,,,,,,,,,,0.9555,2025-05-05T15:01:00+00:00,1026,2265
summary,2025-05-09,SPY,,,,,,,0.00,,0,,,,,,,,,,0.8795,2025-05-06T14:46:00+00:00,1803,2976
summary,2025-05-09,QQQ,,,,,,,0.00,,0,,,,,,,,,,0.9538,2025-05-06T14:46:00+00:00,1962,3087
summary,2025-05-09,AAPL,,,,,,,0.00,,0,,,,,,,,,,1.0000,2025-05-06T13:31:00+00:00,1623,2879
summary,2025-05-09,NVDA,,,,,,,0.00,,0,,,,,,,,,,0.9519,2025-05-06T14:40:00+00:00,2554,3261
summary,2025-05-09,MSFT,,,,,,,0.00,,0,,,,,,,,,,0.9575,2025-05-06T15:03:00+00:00,1374,2221
summary,2025-05-12,SPY,,,,,,,0.00,,0,,,,,,,,,,0.8456,2025-05-12T08:05:00+00:00,794,1288
summary,2025-05-12,QQQ,,,,,,,0.00,,0,,,,,,,,,,0.9138,2025-05-12T08:02:00+00:00,674,1272
trade,2025-05-12,AAPL,Long,2025-05-12T14:13:00+00:00,2025-05-12T15:15:00+00:00,209.9380,208.2724,1.43,-2.38,-0.007934,3720000,ScoreExit,0.3509,-0.0626,0.5564,0.1731,0.6380,-0.5186,-0.3152,0.5945,,,
summary,2025-05-12,AAPL,,,,,,,-2.38,,1,,,,,,,,,,0.9291,2025-05-12T08:10:00+00:00,728,1248
summary,2025-05-12,NVDA,,,,,,,0.00,,0,,,,,,,,,,0.8316,2025-05-12T08:05:00+00:00,686,1344
trade,2025-05-12,MSFT,Long,2025-05-12T14:23:00+00:00,2025-05-12T15:39:00+00:00,444.3683,443.7018,0.68,-0.45,-0.001500,4560000,MaxHoldTimeout,0.4156,0.2088,0.5092,0.2718,0.6722,0.1431,-0.0031,0.6546,,,
summary,2025-05-12,MSFT,,,,,,,-0.45,,1,,,,,,,,,,0.7538,2025-05-12T08:02:00+00:00,620,1026
trade,2025-05-13,SPY,Long,2025-05-13T13:41:00+00:00,2025-05-13T15:42:00+00:00,584.6716,587.8186,0.50,1.58,0.005382,7260000,MaxHoldTimeout,0.4047,0.3514,0.5769,0.3151,0.5266,0.1636,0.2653,0.5863,,,
summary,2025-05-13,SPY,,,,,,,1.58,,1,,,,,,,,,,0.8147,2025-05-12T08:00:00+00:00,1153,1557
trade,2025-05-13,QQQ,Long,2025-05-13T14:32:00+00:00,2025-05-13T15:56:00+00:00,514.5193,515.6671,0.58,0.67,0.002231,5040000,SessionClose,0.4438,0.1784,0.1393,0.3903,0.6523,-0.0820,0.0000,0.6221,,,
summary,2025-05-13,QQQ,,,,,,,0.67,,1,,,,,,,,,,0.9631,2025-05-12T08:00:00+00:00,1260,1630
trade,2025-05-13,AAPL,Long,2025-05-13T14:11:00+00:00,2025-05-13T15:41:00+00:00,211.0583,211.0717,1.42,0.02,0.000063,5400000,ScoreExit,0.4285,-0.1008,0.5219,0.3569,0.5405,-0.4874,-0.3214,0.4693,,,
summary,2025-05-13,AAPL,,,,,,,0.02,,1,,,,,,,,,,1.0000,2025-05-12T08:00:00+00:00,1193,1541
trade,2025-05-13,NVDA,Long,2025-05-13T14:17:00+00:00,2025-05-13T15:56:00+00:00,129.1187,129.8460,2.33,1.70,0.005633,5940000,SessionClose,0.7432,0.1910,0.6025,0.6831,0.9102,-0.0297,-0.0918,0.8302,,,
summary,2025-05-13,NVDA,,,,,,,1.70,,1,,,,,,,,,,1.0000,2025-05-12T08:00:00+00:00,1310,1680
trade,2025-05-13,MSFT,Long,2025-05-13T13:51:00+00:00,2025-05-13T14:36:00+00:00,449.1797,448.7103,0.67,-0.31,-0.001045,2700000,ScoreExit,0.4076,-0.0571,0.5363,0.3553,0.4692,-0.1397,-0.2686,0.3935,,,
summary,2025-05-13,MSFT,,,,,,,-0.31,,1,,,,,,,,,,0.6583,2025-05-12T17:08:00+00:00,825,1177
summary,2025-05-14,SPY,,,,,,,0.00,,0,,,,,,,,,,0.8147,2025-05-12T08:00:00+00:00,1707,2397
summary,2025-05-14,QQQ,,,,,,,0.00,,0,,,,,,,,,,0.9631,2025-05-12T08:00:00+00:00,1944,2529
trade,2025-05-14,AAPL,Long,2025-05-14T14:18:00+00:00,2025-05-14T14:41:00+00:00,213.4040,212.7911,1.41,-0.86,-0.002872,1380000,ScoreExit,0.3622,-0.0724,0.5486,0.3223,0.3797,-0.5182,-0.2242,0.3797,,,
summary,2025-05-14,AAPL,,,,,,,-0.86,,1,,,,,,,,,,1.0000,2025-05-12T08:00:00+00:00,1728,2374
trade,2025-05-14,NVDA,Long,2025-05-14T13:32:00+00:00,2025-05-14T13:51:00+00:00,133.2200,132.7665,2.26,-1.03,-0.003404,1140000,ScoreExit,0.4188,-0.1017,-0.1656,0.4431,0.5651,-0.4725,-0.3733,0.5651,,,
trade,2025-05-14,NVDA,Long,2025-05-14T14:51:00+00:00,2025-05-14T15:56:00+00:00,133.2225,134.1847,2.26,2.17,0.007223,3900000,SessionClose,0.4625,0.4361,0.5503,0.3737,0.6107,0.2047,0.3599,0.6657,,,
summary,2025-05-14,NVDA,,,,,,,1.15,,2,,,,,,,,,,1.0000,2025-05-12T08:00:00+00:00,2150,2640
trade,2025-05-14,MSFT,Long,2025-05-14T13:31:00+00:00,2025-05-14T15:01:00+00:00,449.1697,452.5092,0.67,2.23,0.007435,5400000,ScoreExit,0.4938,-0.0810,0.5404,0.5531,0.3596,-0.4383,-0.2369,0.3500,,,
summary,2025-05-14,MSFT,,,,,,,2.23,,1,,,,,,,,,,0.6583,2025-05-12T17:08:00+00:00,1178,1776
summary,2025-05-15,SPY,,,,,,,0.00,,0,,,,,,,,,,0.6386,2025-05-12T17:08:00+00:00,2081,2953
summary,2025-05-15,QQQ,,,,,,,0.00,,0,,,,,,,,,,0.6307,2025-05-12T17:08:00+00:00,2327,3118
trade,2025-05-15,AAPL,Long,2025-05-15T13:32:00+00:00,2025-05-15T13:51:00+00:00,211.5785,210.9417,1.42,-0.90,-0.003010,1140000,ScoreExit,0.3656,-0.1050,0.5289,0.4693,0.1037,-0.2015,-0.1566,0.0302,,,
trade,2025-05-15,AAPL,Long,2025-05-15T14:56:00+00:00,2025-05-15T15:56:00+00:00,211.7085,212.3013,1.42,0.84,0.002800,3600000,SessionClose,0.3789,-0.0367,0.5373,0.4237,0.2363,-0.2751,-0.1711,0.3115,,,
summary,2025-05-15,AAPL,,,,,,,-0.06,,2,,,,,,,,,,0.9001,2025-05-12T14:05:00+00:00,1861,2840
summary,2025-05-15,NVDA,,,,,,,0.00,,0,,,,,,,,,,0.7773,2025-05-13T14:13:00+00:00,2761,3270
summary,2025-05-15,MSFT,,,,,,,0.00,,0,,,,,,,,,,0.7968,2025-05-12T14:25:00+00:00,1568,2165
summary,2025-05-16,SPY,,,,,,,0.00,,0,,,,,,,,,,0.8440,2025-05-13T14:17:00+00:00,1686,2953
summary,2025-05-16,QQQ,,,,,,,0.00,,0,,,,,,,,,,0.9458,2025-05-13T14:55:00+00:00,2109,3095
summary,2025-05-16,AAPL,,,,,,,0.00,,0,,,,,,,,,,0.8928,2025-05-13T14:33:00+00:00,1224,2738
summary,2025-05-16,NVDA,,,,,,,0.00,,0,,,,,,,,,,1.0000,2025-05-13T13:33:00+00:00,2670,3271
summary,2025-05-16,MSFT,,,,,,,0.00,,0,,,,,,,,,,0.8448,2025-05-13T13:52:00+00:00,1185,2115
trade,2025-05-19,SPY,Long,2025-05-19T14:06:00+00:00,2025-05-19T14:49:00+00:00,592.2226,591.8274,0.51,-0.20,-0.000667,2580000,ScoreExit,0.4133,-0.0722,0.4750,0.5297,0.1599,-0.5277,-0.1087,0.1526,,,
summary,2025-05-19,SPY,,,,,,,-0.20,,1,,,,,,,,,,0.4703,2025-05-16T18:51:00+00:00,657,1337
trade,2025-05-19,QQQ,Long,2025-05-19T13:49:00+00:00,2025-05-19T14:49:00+00:00,518.5155,518.7793,0.58,0.15,0.000509,3600000,ScoreExit,0.4118,-0.0610,0.5717,0.5429,0.0962,-0.5343,-0.0937,0.1622,,,
summary,2025-05-19,QQQ,,,,,,,0.15,,1,,,,,,,,,,0.4957,2025-05-19T14:09:00+00:00,596,1350
summary,2025-05-19,AAPL,,,,,,,0.00,,0,,,,,,,,,,0.4978,2025-05-16T13:39:00+00:00,264,1233
trade,2025-05-19,NVDA,Long,2025-05-19T13:36:00+00:00,2025-05-19T15:37:00+00:00,133.2450,135.2744,2.25,4.57,0.015231,7260000,MaxHoldTimeout,0.5030,0.4962,0.4755,0.5924,0.3333,0.5589,0.3369,0.7939,,,
summary,2025-05-19,NVDA,,,,,,,4.57,,1,,,,,,,,,,0.6671,2025-05-19T14:16:00+00:00,709,1351
trade,2025-05-19,MSFT,Long,2025-05-19T13:31:00+00:00,2025-05-19T15:32:00+00:00,454.2312,456.7829,0.66,1.69,0.005618,7260000,MaxHoldTimeout,0.6052,0.1710,0.6681,0.5816,0.6316,0.2188,-0.0566,0.6103,,,
summary,2025-05-19,MSFT,,,,,,,1.69,,1,,,,,,,,,,0.7198,2025-05-19T13:41:00+00:00,608,1009
summary,2025-05-20,SPY,,,,,,,0.00,,0,,,,,,,,,,0.7296,2025-05-19T09:33:00+00:00,1055,1554
summary,2025-05-20,QQQ,,,,,,,0.00,,0,,,,,,,,,,0.7006,2025-05-19T14:09:00+00:00,1058,1590
trade,2025-05-20,AAPL,Long,2025-05-20T14:49:00+00:00,2025-05-20T14:56:00+00:00,208.4775,208.1425,1.44,-0.48,-0.001607,420000,ScoreExit,0.3654,-0.0516,0.5407,0.3753,0.2873,-0.0753,-0.1972,0.2475,,,
summary,2025-05-20,AAPL,,,,,,,-0.48,,1,,,,,,,,,,0.8568,2025-05-19T09:29:00+00:00,917,1361
summary,2025-05-20,NVDA,,,,,,,0.00,,0,,,,,,,,,,0.7408,2025-05-19T13:47:00+00:00,1195,1679
summary,2025-05-20,MSFT,,,,,,,0.00,,0,,,,,,,,,,0.8276,2025-05-19T10:36:00+00:00,703,1059
summary,2025-05-21,SPY,,,,,,,0.00,,0,,,,,,,,,,0.7296,2025-05-19T09:33:00+00:00,1291,2429
summary,2025-05-21,QQQ,,,,,,,0.00,,0,,,,,,,,,,0.7006,2025-05-19T14:09:00+00:00,1397,2476
summary,2025-05-21,AAPL,,,,,,,0.00,,0,,,,,,,,,,0.8568,2025-05-19T09:29:00+00:00,994,2053
trade,2025-05-21,NVDA,Long,2025-05-21T13:49:00+00:00,2025-05-21T14:34:00+00:00,134.5205,133.8798,2.23,-1.43,-0.004763,2700000,ScoreExit,0.4129,-0.0724,0.5768,0.4837,0.2167,-0.4647,-0.1163,0.1463,,,
summary,2025-05-21,NVDA,,,,,,,-1.43,,1,,,,,,,,,,0.7408,2025-05-19T13:47:00+00:00,1510,2639
summary,2025-05-21,MSFT,,,,,,,0.00,,0,,,,,,,,,,0.8276,2025-05-19T10:36:00+00:00,850,1590
summary,2025-05-22,SPY,,,,,,,0.00,,0,,,,,,,,,,0.7968,2025-05-19T14:06:00+00:00,1086,3002
summary,2025-05-22,QQQ,,,,,,,0.00,,0,,,,,,,,,,0.8633,2025-05-19T14:09:00+00:00,1278,3068
summary,2025-05-22,AAPL,,,,,,,0.00,,0,,,,,,,,,,0.9558,2025-05-19T15:02:00+00:00,971,2606
summary,2025-05-22,NVDA,,,,,,,0.00,,0,,,,,,,,,,1.0000,2025-05-19T13:36:00+00:00,1361,3269
summary,2025-05-22,MSFT,,,,,,,0.00,,0,,,,,,,,,,0.9284,2025-05-19T13:44:00+00:00,923,1997
summary,2025-05-23,SPY,,,,,,,0.00,,0,,,,,,,,,,0.7094,2025-05-20T14:44:00+00:00,297,3000
summary,2025-05-23,QQQ,,,,,,,0.00,,0,,,,,,,,,,0.6715,2025-05-20T14:48:00+00:00,699,3128
summary,2025-05-23,AAPL,,,,,,,0.00,,0,,,,,,,,,,0.9128,2025-05-20T14:49:00+00:00,178,2639
summary,2025-05-23,NVDA,,,,,,,0.00,,0,,,,,,,,,,0.6235,2025-05-20T15:56:00+00:00,1074,3267
summary,2025-05-23,MSFT,,,,,,,0.00,,0,,,,,,,,,,0.5988,2025-05-20T19:59:00+00:00,648,2038
summary,2025-05-26,SPY,,,,,,,0.00,,0,,,,,,,,,,0.6000,2025-05-23T17:29:00+00:00,350,540
summary,2025-05-26,QQQ,,,,,,,0.00,,0,,,,,,,,,,0.7525,2025-05-23T14:12:00+00:00,298,534
summary,2025-05-26,AAPL,,,,,,,0.00,,0,,,,,,,,,,1.0000,2025-05-23T13:33:00+00:00,113,594
summary,2025-05-26,NVDA,,,,,,,0.00,,0,,,,,,,,,,1.0000,2025-05-23T13:33:00+00:00,434,628
summary,2025-05-26,MSFT,,,,,,,0.00,,0,,,,,,,,,,0.7684,2025-05-23T14:25:00+00:00,270,442
trade,2025-05-27,SPY,Long,2025-05-27T14:18:00+00:00,2025-05-27T15:56:00+00:00,587.6012,588.8283,0.51,0.63,0.002088,5880000,SessionClose,0.4091,0.3211,0.5019,0.3916,0.4131,0.3572,0.1702,0.6109,,,
summary,2025-05-27,SPY,,,,,,,0.63,,1,,,,,,,,,,0.7155,2025-05-27T09:14:00+00:00,468,694
trade,2025-05-27,QQQ,Long,2025-05-27T14:01:00+00:00,2025-05-27T15:56:00+00:00,517.9303,519.4491,0.58,0.88,0.002932,6900000,SessionClose,0.4605,0.3918,0.5502,0.3863,0.5788,0.4818,0.2280,0.6895,,,
summary,2025-05-27,QQQ,,,,,,,0.88,,1,,,,,,,,,,0.6699,2025-05-27T09:13:00+00:00,438,713
trade,2025-05-27,AAPL,Long,2025-05-27T14:41:00+00:00,2025-05-27T15:56:00+00:00,198.9446,199.8800,1.51,1.41,0.004702,4500000,SessionClose,0.4005,0.6157,0.5746,0.2725,0.5985,0.5614,0.4325,1.0000,,,
summary,2025-05-27,AAPL,,,,,,,1.41,,1,,,,,,,,,,0.6380,2025-05-27T16:04:00+00:00,416,661
trade,2025-05-27,NVDA,Long,2025-05-27T14:01:00+00:00,2025-05-27T15:48:00+00:00,134.6904,134.8545,2.23,0.37,0.001219,6420000,ScoreExit,0.4311,-0.0941,0.5425,0.2299,0.7963,-0.4764,-0.2399,0.3250,,,
summary,2025-05-27,NVDA,,,,,,,0.37,,1,,,,,,,,,,0.6047,2025-05-27T14:32:00+00:00,437,721
trade,2025-05-27,MSFT,Long,2025-05-27T13:31:00+00:00,2025-05-27T14:24:00+00:00,457.3622,457.7776,0.66,0.27,0.000908,3180000,ScoreExit,0.4568,-0.0676,0.5663,0.4864,0.3611,-0.5802,-0.0627,0.0934,,,
summary,2025-05-27,MSFT,,,,,,,0.27,,1,,,,,,,,,,0.6532,2025-05-27T13:33:00+00:00,351,519
summary,2025-05-28,SPY,,,,,,,0.00,,0,,,,,,,,,,0.7155,2025-05-27T09:14:00+00:00,1007,1527
summary,2025-05-28,QQQ,,,,,,,0.00,,0,,,,,,,,,,0.6699,2025-05-27T09:13:00+00:00,1047,1612
trade,2025-05-28,AAPL,Long,2025-05-28T13:31:00+00:00,2025-05-28T13:46:00+00:00,201.3354,200.7348,1.49,-0.90,-0.002983,900000,ScoreExit,0.3931,-0.1454,0.4850,0.4119,0.3249,-0.5880,-0.3068,0.3249,,,
summary,2025-05-28,AAPL,,,,,,,-0.90,,1,,,,,,,,,,0.6380,2025-05-27T16:04:00+00:00,1011,1401
summary,2025-05-28,NVDA,,,,,,,0.00,,0,,,,,,,,,,0.6047,2025-05-27T14:32:00+00:00,1205,1681
summary,2025-05-28,MSFT,,,,,,,0.00,,0,,,,,,,,,,0.6532,2025-05-27T13:33:00+00:00,618,1087
summary,2025-05-29,SPY,,,,,,,0.00,,0,,,,,,,,,,0.7155,2025-05-27T09:14:00+00:00,1536,2469
summary,2025-05-29,QQQ,,,,,,,0.00,,0,,,,,,,,,,0.6699,2025-05-27T09:13:00+00:00,1649,2567
summary,2025-05-29,AAPL,,,,,,,0.00,,0,,,,,,,,,,0.7470,2025-05-28T23:20:00+00:00,1332,2314
trade,2025-05-29,NVDA,Long,2025-05-29T14:51:00+00:00,2025-05-29T15:56:00+00:00,141.2574,141.1226,2.13,-0.29,-0.000954,3900000,ScoreExit,0.4013,-0.1244,0.5507,0.3307,0.4927,-0.3725,-0.2970,0.3036,,,
summary,2025-05-29,NVDA,,,,,,,-0.29,,1,,,,,,,,,,0.7399,2025-05-28T20:59:00+00:00,1953,2641
summary,2025-05-29,MSFT,,,,,,,0.00,,0,,,,,,,,,,0.6532,2025-05-27T13:33:00+00:00,969,1748
summary,2025-05-30,SPY,,,,,,,0.00,,0,,,,,,,,,,0.8545,2025-05-27T14:48:00+00:00,1555,2975
summary,2025-05-30,QQQ,,,,,,,0.00,,0,,,,,,,,,,0.8743,2025-05-27T14:48:00+00:00,1903,3146
summary,2025-05-30,AAPL,,,,,,,0.00,,0,,,,,,,,,,0.8170,2025-05-28T23:20:00+00:00,1418,2824
summary,2025-05-30,NVDA,,,,,,,0.00,,0,,,,,,,,,,0.9557,2025-05-27T14:46:00+00:00,2024,3271
summary,2025-05-30,MSFT,,,,,,,0.00,,0,,,,,,,,,,0.7913,2025-05-27T13:33:00+00:00,1176,2137
summary,2025-06-02,SPY,,,,,,,0.00,,0,,,,,,,,,,0.5983,2025-05-30T19:18:00+00:00,683,1261
trade,2025-06-02,QQQ,Long,2025-06-02T13:31:00+00:00,2025-06-02T13:58:00+00:00,518.4405,517.6996,0.58,-0.43,-0.001429,1620000,ScoreExit,0.4160,-0.0877,0.5721,0.4580,0.2800,-0.5370,-0.1590,0.2046,,,
summary,2025-06-02,QQQ,,,,,,,-0.43,,1,,,,,,,,,,0.6150,2025-05-30T19:18:00+00:00,743,1247
trade,2025-06-02,AAPL,Long,2025-06-02T14:52:00+00:00,2025-06-02T15:26:00+00:00,201.2303,200.6548,1.49,-0.86,-0.002860,2040000,ScoreExit,0.3517,-0.0582,0.5042,0.2018,0.6006,-0.5696,-0.2200,0.4359,,,
summary,2025-06-02,AAPL,,,,,,,-0.86,,1,,,,,,,,,,0.6274,2025-05-30T14:39:00+00:00,777,1160
summary,2025-06-02,NVDA,,,,,,,0.00,,0,,,,,,,,,,0.6929,2025-06-02T13:39:00+00:00,489,1351
trade,2025-06-02,MSFT,Long,2025-06-02T13:39:00+00:00,2025-06-02T14:54:00+00:00,460.7532,459.9420,0.65,-0.53,-0.001761,4500000,ScoreExit,0.4127,-0.0711,0.5811,0.4337,0.3147,-0.4597,-0.1553,0.2266,,,
summary,2025-06-02,MSFT,,,,,,,-0.53,,1,,,,,,,,,,0.5970,2025-05-30T19:48:00+00:00,509,910
trade,2025-06-03,SPY,Long,2025-06-03T14:27:00+00:00,2025-06-03T15:56:00+00:00,593.7631,595.0364,0.51,0.64,0.002145,5340000,SessionClose,0.4034,0.3177,0.5424,0.3502,0.4634,-0.1893,0.3210,0.4800,,,
summary,2025-06-03,SPY,,,,,,,0.64,,1,,,,,,,,,,0.5506,2025-06-02T18:55:00+00:00,1157,1528
trade,2025-06-03,QQQ,Long,2025-06-03T13:55:00+00:00,2025-06-03T15:56:00+00:00,524.8324,526.5070,0.57,0.96,0.003191,7260000,MaxHoldTimeout,0.4131,0.2781,0.5001,0.3685,0.4733,0.3910,0.1449,0.5069,,,
summary,2025-06-03,QQQ,,,,,,,0.96,,1,,,,,,,,,,0.6724,2025-06-02T13:38:00+00:00,1213,1562
trade,2025-06-03,AAPL,Long,2025-06-03T13:46:00+00:00,2025-06-03T14:29:00+00:00,202.0656,201.6995,1.49,-0.54,-0.001812,2580000,ScoreExit,0.4044,-0.0634,0.3852,0.3767,0.4663,-0.5673,-0.1748,0.3276,,,
summary,2025-06-03,AAPL,,,,,,,-0.54,,1,,,,,,,,,,0.6558,2025-06-02T13:32:00+00:00,904,1300
summary,2025-06-03,NVDA,,,,,,,0.00,,0,,,,,,,,,,0.7609,2025-06-02T13:39:00+00:00,1335,1677
summary,2025-06-03,MSFT,,,,,,,0.00,,0,,,,,,,,,,0.8993,2025-06-02T11:07:00+00:00,709,990
summary,2025-06-04,SPY,,,,,,,0.00,,0,,,,,,,,,,0.5506,2025-06-02T18:55:00+00:00,1698,2343
summary,2025-06-04,QQQ,,,,,,,0.00,,0,,,,,,,,,,0.6724,2025-06-02T13:38:00+00:00,1838,2424
summary,2025-06-04,AAPL,,,,,,,0.00,,0,,,,,,,,,,0.6558,2025-06-02T13:32:00+00:00,1374,2065
summary,2025-06-04,NVDA,,,,,,,0.00,,0,,,,,,,,,,0.7609,2025-06-02T13:39:00+00:00,2087,2637
trade,2025-06-04,MSFT,Long,2025-06-04T13:56:00+00:00,2025-06-04T14:23:00+00:00,465.0795,464.5056,0.65,-0.37,-0.001234,1620000,ScoreExit,0.4052,-0.0556,0.4715,0.4605,0.2724,-0.4769,-0.1341,0.2417,,,
summary,2025-06-04,MSFT,,,,,,,-0.37,,1,,,,,,,,,,0.8993,2025-06-02T11:07:00+00:00,1040,1508
summary,2025-06-05,SPY,,,,,,,0.00,,0,,,,,,,,,,0.6104,2025-06-02T14:57:00+00:00,2021,2859
summary,2025-06-05,QQQ,,,,,,,0.00,,0,,,,,,,,,,0.6763,2025-06-02T13:38:00+00:00,2183,2985
summary,2025-06-05,AAPL,,,,,,,0.00,,0,,,,,,,,,,0.8224,2025-06-02T15:01:00+00:00,1468,2666
trade,2025-06-05,NVDA,Long,2025-06-05T14:57:00+00:00,2025-06-05T15:56:00+00:00,142.3778,143.6969,2.11,2.79,0.009265,3540000,SessionClose,0.4018,0.2954,0.5342,0.4253,0.3106,0.1123,0.2400,0.4672,,,
summary,2025-06-05,NVDA,,,,,,,2.79,,1,,,,,,,,,,1.0000,2025-06-02T13:39:00+00:00,2425,3265
summary,2025-06-05,MSFT,,,,,,,0.00,,0,,,,,,,,,,0.8646,2025-06-02T13:32:00+00:00,1407,1958
trade,2025-06-06,SPY,Long,2025-06-06T13:41:00+00:00,2025-06-06T14:27:00+00:00,600.0049,599.4951,0.50,-0.26,-0.000850,2760000,ScoreExit,0.4132,-0.0511,0.5126,0.4387,0.3291,-0.2178,-0.1976,0.2974,,,
summary,2025-06-06,SPY,,,,,,,-0.26,,1,,,,,,,,,,0.8167,2025-06-03T15:03:00+00:00,1674,2892
summary,2025-06-06,QQQ,,,,,,,0.00,,0,,,,,,,,,,0.8682,2025-06-03T15:03:00+00:00,1860,3047
trade,2025-06-06,AAPL,Long,2025-06-06T13:30:00+00:00,2025-06-06T14:22:00+00:00,203.0659,203.8538,1.48,1.16,0.003880,3120000,ScoreExit,0.3520,-0.0673,0.5695,0.3466,0.2904,-0.5025,-0.1725,0.2880,,,
summary,2025-06-06,AAPL,,,,,,,1.16,,1,,,,,,,,,,0.8405,2025-06-03T14:02:00+00:00,1165,2728
summary,2025-06-06,NVDA,,,,,,,0.00,,0,,,,,,,,,,0.9569,2025-06-03T14:58:00+00:00,1961,3264
trade,2025-06-06,MSFT,Long,2025-06-06T13:51:00+00:00,2025-06-06T14:45:00+00:00,472.0766,471.4185,0.64,-0.42,-0.001394,3240000,ScoreExit,0.4493,-0.0527,0.5716,0.4070,0.4929,-0.5409,-0.2238,0.4521,,,
summary,2025-06-06,MSFT,,,,,,,-0.42,,1,,,,,,,,,,0.4773,2025-06-04T13:59:00+00:00,1399,2005
summary,2025-06-09,SPY,,,,,,,0.00,,0,,,,,,,,,,0.5180,2025-06-06T13:41:00+00:00,644,1192
summary,2025-06-09,QQQ,,,,,,,0.00,,0,,,,,,,,,,0.5183,2025-06-06T13:46:00+00:00,611,1220
trade,2025-06-09,AAPL,Long,2025-06-09T13:36:00+00:00,2025-06-09T14:51:00+00:00,204.8914,204.9135,1.46,0.03,0.000108,4500000,ScoreExit,0.3754,-0.1227,0.4704,0.3532,0.3882,-0.4931,-0.3054,0.3663,,,
summary,2025-06-09,AAPL,,,,,,,0.03,,1,,,,,,,,,,0.6909,2025-06-06T13:31:00+00:00,519,1191
trade,2025-06-09,NVDA,Long,2025-06-09T14:28:00+00:00,2025-06-09T15:16:00+00:00,144.3483,144.0818,2.08,-0.55,-0.001846,2880000,ScoreExit,0.4056,-0.1074,0.5094,0.2686,0.6450,-0.5267,-0.3499,0.5174,,,
summary,2025-06-09,NVDA,,,,,,,-0.55,,1,,,,,,,,,,0.9143,2025-06-06T13:43:00+00:00,651,1343
summary,2025-06-09,MSFT,,,,,,,0.00,,0,,,,,,,,,,0.8178,2025-06-06T14:06:00+00:00,415,892
summary,2025-06-10,SPY,,,,,,,0.00,,0,,,,,,,,,,0.4153,2025-06-09T16:52:00+00:00,908,1466
summary,2025-06-10,QQQ,,,,,,,0.00,,0,,,,,,,,,,0.4642,2025-06-09T14:33:00+00:00,970,1541
trade,2025-06-10,AAPL,Long,2025-06-10T13:51:00+00:00,2025-06-10T15:31:00+00:00,202.2957,203.0441,1.48,1.11,0.003700,6000000,ScoreExit,0.3647,-0.0984,0.5116,0.4512,0.1427,-0.5628,-0.2488,0.3571,,,
summary,2025-06-10,AAPL,,,,,,,1.11,,1,,,,,,,,,,0.5919,2025-06-09T14:13:00+00:00,399,1497
summary,2025-06-10,NVDA,,,,,,,0.00,,0,,,,,,,,,,0.5981,2025-06-09T12:38:00+00:00,725,1673
summary,2025-06-10,MSFT,,,,,,,0.00,,0,,,,,,,,,,0.5446,2025-06-09T18:57:00+00:00,553,1013
summary,2025-06-11,SPY,,,,,,,0.00,,0,,,,,,,,,,0.4184,2025-06-11T12:36:00+00:00,1357,2305
summary,2025-06-11,QQQ,,,,,,,0.00,,0,,,,,,,,,,0.4642,2025-06-09T14:33:00+00:00,1418,2398
summary,2025-06-11,AAPL,,,,,,,0.00,,0,,,,,,,,,,0.5919,2025-06-09T14:13:00+00:00,672,2268
summary,2025-06-11,NVDA,,,,,,,0.00,,0,,,,,,,,,,0.5981,2025-06-09T12:38:00+00:00,1280,2632
trade,2025-06-11,MSFT,Long,2025-06-11T13:46:00+00:00,2025-06-11T15:40:00+00:00,472.9318,474.4876,0.63,0.99,0.003290,6840000,ScoreExit,0.4049,-0.0523,0.5535,0.4419,0.2814,-0.4352,-0.1812,0.3331,,,
summary,2025-06-11,MSFT,,,,,,,0.99,,1,,,,,,,,,,0.5446,2025-06-09T18:57:00+00:00,884,1582
summary,2025-06-12,SPY,,,,,,,0.00,,0,,,,,,,,,,0.4211,2025-06-11T12:36:00+00:00,1450,2970
summary,2025-06-12,QQQ,,,,,,,0.00,,0,,,,,,,,,,0.5316,2025-06-09T14:33:00+00:00,1497,3018
summary,2025-06-12,AAPL,,,,,,,0.00,,0,,,,,,,,,,0.8859,2025-06-09T14:13:00+00:00,587,2889
trade,2025-06-12,NVDA,Long,2025-06-12T13:31:00+00:00,2025-06-12T15:32:00+00:00,142.6704,144.3017,2.10,3.43,0.011434,7260000,MaxHoldTimeout,0.4043,0.0359,0.5658,0.5390,0.0810,-0.2395,-0.1177,0.4348,,,
summary,2025-06-12,NVDA,,,,,,,3.43,,1,,,,,,,,,,0.8916,2025-06-09T14:34:00+00:00,1494,3264
summary,2025-06-12,MSFT,,,,,,,0.00,,0,,,,,,,,,,0.5451,2025-06-09T18:57:00+00:00,1331,2104
summary,2025-06-13,SPY,,,,,,,0.00,,0,,,,,,,,,,0.7126,2025-06-10T14:43:00+00:00,1285,3051
summary,2025-06-13,QQQ,,,,,,,0.00,,0,,,,,,,,,,0.6009,2025-06-10T19:05:00+00:00,1253,3039
summary,2025-06-13,AAPL,,,,,,,0.00,,0,,,,,,,,,,0.9576,2025-06-10T14:53:00+00:00,563,2803
summary,2025-06-13,NVDA,,,,,,,0.00,,0,,,,,,,,,,0.6346,2025-06-10T14:18:00+00:00,1729,3268
trade,2025-06-13,MSFT,Long,2025-06-13T13:31:00+00:00,2025-06-13T14:11:00+00:00,477.8433,476.8164,0.63,-0.64,-0.002149,2400000,ScoreExit,0.4651,-0.0537,0.6392,0.4973,0.3426,-0.5878,-0.1174,0.2518,,,
summary,2025-06-13,MSFT,,,,,,,-0.64,,1,,,,,,,,,,0.5274,2025-06-11T14:22:00+00:00,1270,2191
trade,2025-06-16,SPY,Long,2025-06-16T13:46:00+00:00,2025-06-16T15:27:00+00:00,602.0055,603.2440,0.50,0.62,0.002057,6060000,ScoreExit,0.4181,-0.0596,0.5453,0.3584,0.4953,-0.5427,-0.2372,0.4568,,,
summary,2025-06-16,SPY,,,,,,,0.62,,1,,,,,,,,,,0.6101,2025-06-13T15:51:00+00:00,640,1248
trade,2025-06-16,QQQ,Long,2025-06-16T13:38:00+00:00,2025-06-16T15:39:00+00:00,532.0346,534.7095,0.56,1.51,0.005028,7260000,MaxHoldTimeout,0.4052,0.0968,0.3647,0.3425,0.5442,0.2670,-0.1267,0.4872,,,
summary,2025-06-16,QQQ,,,,,,,1.51,,1,,,,,,,,,,0.6383,2025-06-13T15:51:00+00:00,718,1237
trade,2025-06-16,AAPL,Long,2025-06-16T13:56:00+00:00,2025-06-16T15:06:00+00:00,197.9244,197.7487,1.52,-0.27,-0.000888,4200000,ScoreExit,0.4330,-0.0554,0.5649,0.3760,0.5031,-0.5343,-0.1948,0.3831,,,
summary,2025-06-16,AAPL,,,,,,,-0.27,,1,,,,,,,,,,0.5118,2025-06-16T08:08:00+00:00,549,1170
trade,2025-06-16,NVDA,Long,2025-06-16T13:31:00+00:00,2025-06-16T15:32:00+00:00,143.8081,145.4663,2.09,3.46,0.011531,7260000,MaxHoldTimeout,0.4644,0.3339,0.5254,0.3624,0.6481,-0.3451,0.2907,0.6466,,,
summary,2025-06-16,NVDA,,,,,,,3.46,,1,,,,,,,,,,0.6610,2025-06-13T15:51:00+00:00,779,1344
trade,2025-06-16,MSFT,Long,2025-06-16T13:46:00+00:00,2025-06-16T15:47:00+00:00,478.2884,480.4208,0.63,1.34,0.004458,7260000,MaxHoldTimeout,0.4396,0.3857,0.3465,0.4076,0.5347,0.5331,0.3002,0.5074,,,
summary,2025-06-16,MSFT,,,,,,,1.34,,1,,,,,,,,,,0.5658,2025-06-13T13:39:00+00:00,414,925
summary,2025-06-17,SPY,,,,,,,0.00,,0,,,,,,,,,,0.4828,2025-06-16T14:19:00+00:00,625,1577
summary,2025-06-17,QQQ,,,,,,,0.00,,0,,,,,,,,,,0.5604,2025-06-16T14:01:00+00:00,710,1580
summary,2025-06-17,AAPL,,,,,,,0.00,,0,,,,,,,,,,0.5857,2025-06-16T13:59:00+00:00,562,1347
summary,2025-06-17,NVDA,,,,,,,0.00,,0,,,,,,,,,,0.6358,2025-06-16T15:09:00+00:00,972,1676
summary,2025-06-17,MSFT,,,,,,,0.00,,0,,,,,,,,,,0.5944,2025-06-16T14:12:00+00:00,467,1131
summary,2025-06-18,SPY,,,,,,,0.00,,0,,,,,,,,,,0.4828,2025-06-16T14:19:00+00:00,715,2460
summary,2025-06-18,QQQ,,,,,,,0.00,,0,,,,,,,,,,0.5604,2025-06-16T14:01:00+00:00,837,2480
trade,2025-06-18,AAPL,Long,2025-06-18T14:33:00+00:00,2025-06-18T15:04:00+00:00,197.4173,197.0559,1.52,-0.55,-0.001831,1860000,ScoreExit,0.3524,-0.0529,0.4115,0.4336,0.1704,-0.4159,-0.0629,0.0881,,,
summary,2025-06-18,AAPL,,,,,,,-0.55,,1,,,,,,,,,,0.5857,2025-06-16T13:59:00+00:00,708,2133
summary,2025-06-18,NVDA,,,,,,,0.00,,0,,,,,,,,,,0.6358,2025-06-16T15:09:00+00:00,1393,2635
summary,2025-06-18,MSFT,,,,,,,0.00,,0,,,,,,,,,,0.5944,2025-06-16T14:12:00+00:00,749,1665
summary,2025-06-19,SPY,,,,,,,0.00,,0,,,,,,,,,,0.7792,2025-06-16T14:44:00+00:00,386,2372
summary,2025-06-19,QQQ,,,,,,,0.00,,0,,,,,,,,,,0.7838,2025-06-16T14:44:00+00:00,459,2385
summary,2025-06-19,AAPL,,,,,,,0.00,,0,,,,,,,,,,0.8986,2025-06-16T13:59:00+00:00,577,2085
summary,2025-06-19,NVDA,,,,,,,0.00,,0,,,,,,,,,,0.9587,2025-06-16T15:04:00+00:00,1220,2544
summary,2025-06-19,MSFT,,,,,,,0.00,,0,,,,,,,,,,0.7720,2025-06-16T14:01:00+00:00,718,1646
summary,2025-06-20,SPY,,,,,,,0.00,,0,,,,,,,,,,0.4181,2025-06-18T14:31:00+00:00,581,2135
summary,2025-06-20,QQQ,,,,,,,0.00,,0,,,,,,,,,,0.4433,2025-06-17T14:15:00+00:00,652,2175
summary,2025-06-20,AAPL,,,,,,,0.00,,0,,,,,,,,,,0.7748,2025-06-17T14:20:00+00:00,949,1939
summary,2025-06-20,NVDA,,,,,,,0.00,,0,,,,,,,,,,0.5394,2025-06-17T13:39:00+00:00,1098,2305
summary,2025-06-20,MSFT,,,,,,,0.00,,0,,,,,,,,,,0.6826,2025-06-17T15:03:00+00:00,899,1494
trade,2025-06-23,SPY,Long,2025-06-23T14:02:00+00:00,2025-06-23T14:52:00+00:00,597.2641,596.8459,0.50,-0.21,-0.000700,3000000,ScoreExit,0.4004,-0.0521,0.4801,0.4284,0.3180,-0.5405,-0.1434,0.2934,,,
summary,2025-06-23,SPY,,,,,,,-0.21,,1,,,,,,,,,,0.5162,2025-06-23T17:36:00+00:00,453,1259
trade,2025-06-23,QQQ,Long,2025-06-23T14:06:00+00:00,2025-06-23T14:56:00+00:00,529.5038,529.1462,0.57,-0.20,-0.000675,3000000,ScoreExit,0.4368,-0.0763,0.5535,0.4665,0.3387,-0.5250,-0.1983,0.3173,,,
summary,2025-06-23,QQQ,,,,,,,-0.20,,1,,,,,,,,,,0.5358,2025-06-23T17:36:00+00:00,367,1251
trade,2025-06-23,AAPL,Long,2025-06-23T14:09:00+00:00,2025-06-23T14:51:00+00:00,202.2957,201.0997,1.48,-1.77,-0.005912,2520000,ScoreExit,0.3542,-0.0616,0.5617,0.2251,0.5433,-0.4416,-0.3007,0.5433,,,
summary,2025-06-23,AAPL,,,,,,,-1.77,,1,,,,,,,,,,1.0000,2025-06-20T13:34:00+00:00,961,1277
summary,2025-06-23,NVDA,,,,,,,0.00,,0,,,,,,,,,,0.4639,2025-06-20T13:46:00+00:00,198,1346
summary,2025-06-23,MSFT,,,,,,,0.00,,0,,,,,,,,,,0.6572,2025-06-20T13:39:00+00:00,290,935
summary,2025-06-24,SPY,,,,,,,0.00,,0,,,,,,,,,,0.6757,2025-06-23T17:37:00+00:00,1196,1610
summary,2025-06-24,QQQ,,,,,,,0.00,,0,,,,,,,,,,0.6864,2025-06-23T17:36:00+00:00,1187,1624
summary,2025-06-24,AAPL,,,,,,,0.00,,0,,,,,,,,,,0.5992,2025-06-23T08:09:00+00:00,895,1514
summary,2025-06-24,NVDA,,,,,,,0.00,,0,,,,,,,,,,0.7370,2025-06-23T08:11:00+00:00,1233,1678
trade,2025-06-24,MSFT,Long,2025-06-24T14:51:00+00:00,2025-06-24T15:56:00+00:00,488.6015,491.0576,0.61,1.51,0.005027,3900000,SessionClose,0.4146,0.2825,0.4782,0.3890,0.4445,0.4558,0.1280,0.5336,,,
summary,2025-06-24,MSFT,,,,,,,1.51,,1,,,,,,,,,,0.7053,2025-06-23T17:37:00+00:00,858,1092
summary,2025-06-25,SPY,,,,,,,0.00,,0,,,,,,,,,,0.6757,2025-06-23T17:37:00+00:00,1665,2410
summary,2025-06-25,QQQ,,,,,,,0.00,,0,,,,,,,,,,0.6864,2025-06-23T17:36:00+00:00,1749,2509
trade,2025-06-25,AAPL,Long,2025-06-25T13:32:00+00:00,2025-06-25T13:57:00+00:00,202.5758,201.9344,1.48,-0.95,-0.003166,1500000,ScoreExit,0.3917,-0.0671,0.5802,0.4582,0.1958,-0.5324,-0.0898,0.1334,,,
summary,2025-06-25,AAPL,,,,,,,-0.95,,1,,,,,,,,,,0.5992,2025-06-23T08:09:00+00:00,1046,2304
summary,2025-06-25,NVDA,,,,,,,0.00,,0,,,,,,,,,,0.7370,2025-06-23T08:11:00+00:00,2109,2635
summary,2025-06-25,MSFT,,,,,,,0.00,,0,,,,,,,,,,0.7053,2025-06-23T17:37:00+00:00,1201,1641
summary,2025-06-26,SPY,,,,,,,0.00,,0,,,,,,,,,,0.6947,2025-06-23T14:06:00+00:00,2265,2959
summary,2025-06-26,QQQ,,,,,,,0.00,,0,,,,,,,,,,0.8736,2025-06-23T14:44:00+00:00,2391,3109
summary,2025-06-26,AAPL,,,,,,,0.00,,0,,,,,,,,,,0.8402,2025-06-23T14:08:00+00:00,1244,2821
trade,2025-06-26,NVDA,Long,2025-06-26T14:25:00+00:00,2025-06-26T15:26:00+00:00,156.3437,155.4434,1.92,-1.73,-0.005759,3660000,ScoreExit,0.4027,-0.1724,0.5487,0.3669,0.4257,-0.5355,-0.3870,0.3777,,,
summary,2025-06-26,NVDA,,,,,,,-1.73,,1,,,,,,,,,,0.8926,2025-06-23T14:05:00+00:00,2811,3265
summary,2025-06-26,MSFT,,,,,,,0.00,,0,,,,,,,,,,0.9463,2025-06-23T15:04:00+00:00,1622,2087
trade,2025-06-27,SPY,Long,2025-06-27T14:01:00+00:00,2025-06-27T15:17:00+00:00,615.1695,614.7205,0.49,-0.22,-0.000730,4560000,MaxHoldTimeout,0.4081,0.0262,0.5670,0.4085,0.3542,-0.5029,-0.0627,0.3803,,,
summary,2025-06-27,SPY,,,,,,,-0.22,,1,,,,,,,,,,0.5817,2025-06-24T14:42:00+00:00,2044,2889
summary,2025-06-27,QQQ,,,,,,,0.00,,0,,,,,,,,,,0.6682,2025-06-24T14:42:00+00:00,2230,3048
trade,2025-06-27,AAPL,Long,2025-06-27T13:32:00+00:00,2025-06-27T14:06:00+00:00,202.4257,202.6792,1.48,0.38,0.001252,2040000,ScoreExit,0.3799,-0.0536,0.5349,0.4053,0.2774,-0.2095,-0.1207,0.1327,,,
summary,2025-06-27,AAPL,,,,,,,0.38,,1,,,,,,,,,,0.6278,2025-06-24T16:11:00+00:00,1122,2760
trade,2025-06-27,NVDA,Long,2025-06-27T14:21:00+00:00,2025-06-27T15:56:00+00:00,156.9121,158.3325,1.92,2.72,0.009052,5700000,SessionClose,0.4146,0.1397,0.5570,0.4123,0.3719,-0.1204,0.0083,0.4893,,,
summary,2025-06-27,NVDA,,,,,,,2.72,,1,,,,,,,,,,1.0000,2025-06-24T13:41:00+00:00,2688,3260
summary,2025-06-27,MSFT,,,,,,,0.00,,0,,,,,,,,,,0.8948,2025-06-24T15:02:00+00:00,1345,2062
summary,2025-06-30,SPY,,,,,,,0.00,,0,,,,,,,,,,0.7415,2025-06-27T14:45:00+00:00,739,1259
summary,2025-06-30,QQQ,,,,,,,0.00,,0,,,,,,,,,,0.7346,2025-06-27T14:43:00+00:00,748,1287
summary,2025-06-30,AAPL,,,,,,,0.00,,0,,,,,,,,,,0.8124,2025-06-27T13:33:00+00:00,381,1199
summary,2025-06-30,NVDA,,,,,,,0.00,,0,,,,,,,,,,0.9522,2025-06-27T14:44:00+00:00,962,1349
summary,2025-06-30,MSFT,,,,,,,0.00,,0,,,,,,,,,,0.4846,2025-06-27T15:58:00+00:00,418,929
summary,2025-07-01,SPY,,,,,,,0.00,,0,,,,,,,,,,0.6953,2025-06-30T09:39:00+00:00,739,1486
summary,2025-07-01,QQQ,,,,,,,0.00,,0,,,,,,,,,,0.7323,2025-06-30T09:31:00+00:00,654,1580
summary,2025-07-01,AAPL,,,,,,,0.00,,0,,,,,,,,,,0.7705,2025-06-30T19:30:00+00:00,1008,1514
summary,2025-07-01,NVDA,,,,,,,0.00,,0,,,,,,,,,,0.5836,2025-06-30T15:48:00+00:00,479,1672
summary,2025-07-01,MSFT,,,,,,,0.00,,0,,,,,,,,,,0.7243,2025-06-30T11:24:00+00:00,388,1037
summary,2025-07-02,SPY,,,,,,,0.00,,0,,,,,,,,,,0.6953,2025-06-30T09:39:00+00:00,1228,2309
summary,2025-07-02,QQQ,,,,,,,0.00,,0,,,,,,,,,,0.7323,2025-06-30T09:31:00+00:00,1019,2431
trade,2025-07-02,AAPL,Long,2025-07-02T13:36:00+00:00,2025-07-02T15:26:00+00:00,210.4236,211.9614,1.43,2.20,0.007308,6600000,ScoreExit,0.4852,-0.0854,0.6015,0.3944,0.6280,-0.5211,-0.3200,0.5292,,,
summary,2025-07-02,AAPL,,,,,,,2.20,,1,,,,,,,,,,0.7705,2025-06-30T19:30:00+00:00,1709,2376
trade,2025-07-02,NVDA,Long,2025-07-02T13:31:00+00:00,2025-07-02T15:32:00+00:00,153.9012,156.2594,1.95,4.60,0.015323,7260000,MaxHoldTimeout,0.4324,-0.0020,0.5996,0.5964,0.0486,-0.5255,-0.1918,0.5521,,,
summary,2025-07-02,NVDA,,,,,,,4.60,,1,,,,,,,,,,0.5836,2025-06-30T15:48:00+00:00,849,2625
summary,2025-07-02,MSFT,,,,,,,0.00,,0,,,,,,,,,,0.7243,2025-06-30T11:24:00+00:00,388,1585
trade,2025-07-03,SPY,Long,2025-07-03T13:48:00+00:00,2025-07-03T15:49:00+00:00,623.9971,625.8322,0.48,0.88,0.002941,7260000,MaxHoldTimeout,0.4037,0.2834,0.5411,0.4013,0.3626,0.4734,0.1907,0.4055,,,
summary,2025-07-03,SPY,,,,,,,0.88,,1,,,,,,,,,,0.5188,2025-06-30T19:53:00+00:00,1729,2848
trade,2025-07-03,QQQ,Long,2025-07-03T13:52:00+00:00,2025-07-03T15:53:00+00:00,554.8114,556.7979,0.54,1.07,0.003581,7260000,MaxHoldTimeout,0.4054,0.1400,0.5349,0.4026,0.3679,-0.1926,0.0590,0.4130,,,
summary,2025-07-03,QQQ,,,,,,,1.07,,1,,,,,,,,,,0.5471,2025-06-30T19:54:00+00:00,1488,2942
trade,2025-07-03,AAPL,Long,2025-07-03T14:34:00+00:00,2025-07-03T15:56:00+00:00,214.2092,214.4140,1.40,0.29,0.000956,4920000,SessionClose,0.3985,0.1895,0.4383,0.3645,0.4534,0.1960,0.0484,0.4693,,,
summary,2025-07-03,AAPL,,,,,,,0.29,,1,,,,,,,,,,0.8407,2025-06-30T19:30:00+00:00,2216,2927
summary,2025-07-03,NVDA,,,,,,,0.00,,0,,,,,,,,,,0.8496,2025-06-30T15:01:00+00:00,1539,3243
trade,2025-07-03,MSFT,Long,2025-07-03T13:31:00+00:00,2025-07-03T15:32:00+00:00,494.8934,498.3804,0.61,2.11,0.007046,7260000,MaxHoldTimeout,0.4069,0.0282,0.5292,0.4979,0.1839,-0.0283,-0.1582,0.4199,,,
summary,2025-07-03,MSFT,,,,,,,2.11,,1,,,,,,,,,,0.5723,2025-06-30T15:50:00+00:00,559,1927
summary,2025-07-04,SPY,,,,,,,0.00,,0,,,,,,,,,,0.4628,2025-07-01T16:14:00+00:00,1450,2064
summary,2025-07-04,QQQ,,,,,,,0.00,,0,,,,,,,,,,0.4586,2025-07-02T14:34:00+00:00,1186,2107
summary,2025-07-04,AAPL,,,,,,,0.00,,0,,,,,,,,,,0.8967,2025-07-01T13:49:00+00:00,1485,2076
summary,2025-07-04,NVDA,,,,,,,0.00,,0,,,,,,,,,,0.7208,2025-07-02T13:35:00+00:00,1349,2348
summary,2025-07-04,MSFT,,,,,,,0.00,,0,,,,,,,,,,0.5365,2025-07-03T14:08:00+00:00,430,1387
summary,2025-07-07,SPY,,,,,,,0.00,,0,,,,,,,,,,0.3982,2025-07-07T10:09:00+00:00,181,656
summary,2025-07-07,QQQ,,,,,,,0.00,,0,,,,,,,,,,0.4130,2025-07-07T10:13:00+00:00,177,689
trade,2025-07-07,AAPL,Long,2025-07-07T13:31:00+00:00,2025-07-07T14:47:00+00:00,214.7694,211.9859,1.40,-3.89,-0.012961,4560000,MaxHoldTimeout,0.6074,0.0000,0.6479,0.4044,1.0000,0.0091,-0.0353,-1.0000,,,
summary,2025-07-07,AAPL,,,,,,,-3.89,,1,,,,,,,,,,0.6113,2025-07-07T13:31:00+00:00,92,618
trade,2025-07-07,NVDA,Long,2025-07-07T13:32:00+00:00,2025-07-07T14:28:00+00:00,159.0527,158.5424,1.89,-0.96,-0.003208,3360000,ScoreExit,0.4602,-0.0883,0.5379,0.2707,0.8132,-0.0877,-0.1391,0.0131,,,
summary,2025-07-07,NVDA,,,,,,,-0.96,,1,,,,,,,,,,0.5067,2025-07-07T10:34:00+00:00,300,721
summary,2025-07-07,MSFT,,,,,,,0.00,,0,,,,,,,,,,0.8453,2025-07-07T10:03:00+00:00,249,509
summary,2025-07-08,SPY,,,,,,,0.00,,0,,,,,,,,,,0.3982,2025-07-07T10:09:00+00:00,532,1487
summary,2025-07-08,QQQ,,,,,,,0.00,,0,,,,,,,,,,0.4130,2025-07-07T10:13:00+00:00,636,1558
trade,2025-07-08,AAPL,Long,2025-07-08T14:59:00+00:00,2025-07-08T15:21:00+00:00,210.8150,210.3219,1.42,-0.70,-0.002339,1320000,ScoreExit,0.3653,-0.1196,0.5715,0.4140,0.1994,-0.5832,-0.1569,0.1096,,,
summary,2025-07-08,AAPL,,,,,,,-0.70,,1,,,,,,,,,,0.6113,2025-07-07T13:31:00+00:00,225,1419
summary,2025-07-08,NVDA,,,,,,,0.00,,0,,,,,,,,,,0.5067,2025-07-07T10:34:00+00:00,1052,1670
summary,2025-07-08,MSFT,,,,,,,0.00,,0,,,,,,,,,,0.8453,2025-07-07T10:03:00+00:00,483,984
summary,2025-07-09,SPY,,,,,,,0.00,,0,,,,,,,,,,0.3982,2025-07-07T10:09:00+00:00,1045,2241
trade,2025-07-09,QQQ,Long,2025-07-09T13:39:00+00:00,2025-07-09T14:26:00+00:00,556.1418,556.6030,0.54,0.25,0.000829,2820000,ScoreExit,0.4014,-0.0631,0.5525,0.4369,0.2803,-0.2521,-0.1527,0.1791,,,
summary,2025-07-09,QQQ,,,,,,,0.25,,1,,,,,,,,,,0.4321,2025-07-09T13:45:00+00:00,1176,2354
summary,2025-07-09,AAPL,,,,,,,0.00,,0,,,,,,,,,,0.6113,2025-07-07T13:31:00+00:00,328,2119
trade,2025-07-09,NVDA,Long,2025-07-09T13:31:00+00:00,2025-07-09T14:48:00+00:00,162.1636,162.7462,1.85,1.08,0.003592,4620000,ScoreExit,0.5685,-0.0625,0.5455,0.5673,0.5788,-0.3252,-0.2993,0.4987,,,
summary,2025-07-09,NVDA,,,,,,,1.08,,1,,,,,,,,,,0.6158,2025-07-09T13:35:00+00:00,1846,2624
trade,2025-07-09,MSFT,Long,2025-07-09T13:33:00+00:00,2025-07-09T14:36:00+00:00,502.4157,503.2090,0.60,0.47,0.001579,3780000,ScoreExit,0.4122,-0.0528,0.5980,0.3684,0.4380,-0.5059,-0.1536,0.2997,,,
summary,2025-07-09,MSFT,,,,,,,0.47,,1,,,,,,,,,,0.8453,2025-07-07T10:03:00+00:00,882,1534
summary,2025-07-10,SPY,,,,,,,0.00,,0,,,,,,,,,,0.3932,2025-07-09T13:49:00+00:00,1479,2808
summary,2025-07-10,QQQ,,,,,,,0.00,,0,,,,,,,,,,0.4356,2025-07-09T13:45:00+00:00,1561,2913
trade,2025-07-10,AAPL,Long,2025-07-10T14:00:00+00:00,2025-07-10T15:51:00+00:00,211.3384,212.7212,1.42,1.96,0.006543,6660000,ScoreExit,0.3797,-0.0613,0.5562,0.4072,0.2658,-0.2880,-0.2311,0.3538,,,
summary,2025-07-10,AAPL,,,,,,,1.96,,1,,,,,,,,,,1.0000,2025-07-07T13:31:00+00:00,890,2665
summary,2025-07-10,NVDA,,,,,,,0.00,,0,,,,,,,,,,0.6548,2025-07-07T13:41:00+00:00,2389,3253
summary,2025-07-10,MSFT,,,,,,,0.00,,0,,,,,,,,,,0.5710,2025-07-09T10:35:00+00:00,1050,1958
summary,2025-07-11,SPY,,,,,,,0.00,,0,,,,,,,,,,0.4435,2025-07-09T13:49:00+00:00,1675,2846
summary,2025-07-11,QQQ,,,,,,,0.00,,0,,,,,,,,,,0.5052,2025-07-08T14:40:00+00:00,1595,2914
trade,2025-07-11,AAPL,Long,2025-07-11T14:21:00+00:00,2025-07-11T14:42:00+00:00,211.7985,211.0917,1.42,-1.00,-0.003337,1260000,ScoreExit,0.3701,-0.0500,0.5143,0.4300,0.2023,-0.5562,-0.0576,0.1340,,,
summary,2025-07-11,AAPL,,,,,,,-1.00,,1,,,,,,,,,,0.9578,2025-07-08T15:00:00+00:00,1626,2618
summary,2025-07-11,NVDA,,,,,,,0.00,,0,,,,,,,,,,0.6666,2025-07-09T13:35:00+00:00,2590,3253
trade,2025-07-11,MSFT,Long,2025-07-11T14:17:00+00:00,2025-07-11T15:15:00+00:00,502.2456,501.5745,0.60,-0.40,-0.001336,3480000,ScoreExit,0.4038,-0.0715,0.5486,0.4917,0.1796,-0.5785,-0.1291,0.2127,,,
summary,2025-07-11,MSFT,,,,,,,-0.40,,1,,,,,,,,,,0.6190,2025-07-09T10:35:00+00:00,1179,1984
summary,2025-07-14,SPY,,,,,,,0.00,,0,,,,,,,,,,0.5536,2025-07-11T14:44:00+00:00,525,1186
summary,2025-07-14,QQQ,,,,,,,0.00,,0,,,,,,,,,,0.5335,2025-07-11T14:26:00+00:00,569,1229
summary,2025-07-14,AAPL,,,,,,,0.00,,0,,,,,,,,,,0.8890,2025-07-11T14:11:00+00:00,250,1147
summary,2025-07-14,NVDA,,,,,,,0.00,,0,,,,,,,,,,0.9531,2025-07-11T14:49:00+00:00,351,1342
summary,2025-07-14,MSFT,,,,,,,0.00,,0,,,,,,,,,,0.8666,2025-07-11T15:02:00+00:00,580,878
summary,2025-07-15,SPY,,,,,,,0.00,,0,,,,,,,,,,0.7201,2025-07-14T09:24:00+00:00,933,1501
summary,2025-07-15,QQQ,,,,,,,0.00,,0,,,,,,,,,,0.6344,2025-07-14T09:24:00+00:00,1083,1569
trade,2025-07-15,AAPL,Long,2025-07-15T13:31:00+00:00,2025-07-15T14:37:00+00:00,209.6829,209.6671,1.43,-0.02,-0.000075,3960000,ScoreExit,0.4095,-0.0533,0.4774,0.4138,0.3782,-0.4510,-0.1740,0.3205,,,
summary,2025-07-15,AAPL,,,,,,,-0.02,,1,,,,,,,,,,0.4981,2025-07-15T15:37:00+00:00,755,1435
trade,2025-07-15,NVDA,Long,2025-07-15T14:26:00+00:00,2025-07-15T15:43:00+00:00,171.3614,171.2537,1.75,-0.19,-0.000628,4620000,MaxHoldTimeout,0.4309,0.1807,0.4777,0.3054,0.6663,-0.0370,-0.0269,0.6686,,,
summary,2025-07-15,NVDA,,,,,,,-0.19,,1,,,,,,,,,,0.8727,2025-07-15T08:11:00+00:00,1214,1680
trade,2025-07-15,MSFT,Long,2025-07-15T13:41:00+00:00,2025-07-15T15:42:00+00:00,504.0316,506.5080,0.60,1.47,0.004913,7260000,MaxHoldTimeout,0.4446,0.2188,0.5473,0.4710,0.3574,-0.4270,0.1770,0.5178,,,
summary,2025-07-15,MSFT,,,,,,,1.47,,1,,,,,,,,,,0.4821,2025-07-15T13:43:00+00:00,650,973
summary,2025-07-16,SPY,,,,,,,0.00,,0,,,,,,,,,,0.7201,2025-07-14T09:24:00+00:00,1254,2356
summary,2025-07-16,QQQ,,,,,,,0.00,,0,,,,,,,,,,0.6344,2025-07-14T09:24:00+00:00,1565,2458
trade,2025-07-16,AAPL,Long,2025-07-16T13:31:00+00:00,2025-07-16T14:41:00+00:00,210.9483,211.2516,1.42,0.43,0.001438,4200000,ScoreExit,0.3744,-0.0669,0.5596,0.3665,0.3284,-0.4879,-0.1851,0.3100,,,
summary,2025-07-16,AAPL,,,,,,,0.43,,1,,,,,,,,,,0.4981,2025-07-15T15:37:00+00:00,1141,2182
summary,2025-07-16,NVDA,,,,,,,0.00,,0,,,,,,,,,,0.8727,2025-07-15T08:11:00+00:00,1840,2637
summary,2025-07-16,MSFT,,,,,,,0.00,,0,,,,,,,,,,0.4821,2025-07-15T13:43:00+00:00,998,1516
summary,2025-07-17,SPY,,,,,,,0.00,,0,,,,,,,,,,0.4766,2025-07-14T14:59:00+00:00,1589,2916
summary,2025-07-17,QQQ,,,,,,,0.00,,0,,,,,,,,,,0.8589,2025-07-14T15:03:00+00:00,2032,3006
summary,2025-07-17,AAPL,,,,,,,0.00,,0,,,,,,,,,,0.5177,2025-07-15T15:37:00+00:00,1561,2683
summary,2025-07-17,NVDA,,,,,,,0.00,,0,,,,,,,,,,0.9585,2025-07-14T15:01:00+00:00,2250,3260
trade,2025-07-17,MSFT,Long,2025-07-17T13:41:00+00:00,2025-07-17T15:42:00+00:00,507.4872,512.5312,0.59,2.98,0.009939,7260000,MaxHoldTimeout,0.4080,0.3394,0.4453,0.4300,0.3515,0.5359,0.2603,0.4322,,,
summary,2025-07-17,MSFT,,,,,,,2.98,,1,,,,,,,,,,0.7759,2025-07-14T15:03:00+00:00,1321,1940
summary,2025-07-18,SPY,,,,,,,0.00,,0,,,,,,,,,,0.3553,2025-07-17T08:11:00+00:00,1366,2893
summary,2025-07-18,QQQ,,,,,,,0.00,,0,,,,,,,,,,0.3925,2025-07-17T08:01:00+00:00,1455,2971
summary,2025-07-18,AAPL,,,,,,,0.00,,0,,,,,,,,,,0.7306,2025-07-15T13:42:00+00:00,1199,2550
summary,2025-07-18,NVDA,,,,,,,0.00,,0,,,,,,,,,,1.0000,2025-07-15T13:36:00+00:00,1788,3253
summary,2025-07-18,MSFT,,,,,,,0.00,,0,,,,,,,,,,0.7443,2025-07-15T13:43:00+00:00,1210,1943
trade,2025-07-21,SPY,Long,2025-07-21T13:55:00+00:00,2025-07-21T15:56:00+00:00,630.5241,631.1356,0.48,0.29,0.000970,7260000,MaxHoldTimeout,0.4044,0.0392,0.5547,0.4083,0.3464,0.0428,-0.1326,0.3814,,,
summary,2025-07-21,SPY,,,,,,,0.29,,1,,,,,,,,,,0.4367,2025-07-21T14:02:00+00:00,475,1158
trade,2025-07-21,QQQ,Long,2025-07-21T13:36:00+00:00,2025-07-21T15:37:00+00:00,563.5240,565.4053,0.53,1.00,0.003338,7260000,MaxHoldTimeout,0.4074,0.1415,0.5681,0.4053,0.3581,0.5184,-0.0591,0.4170,,,
summary,2025-07-21,QQQ,,,,,,,1.00,,1,,,,,,,,,,0.4802,2025-07-21T14:00:00+00:00,604,1205
trade,2025-07-21,AAPL,Long,2025-07-21T13:36:00+00:00,2025-07-21T14:46:00+00:00,212.9822,213.5609,1.41,0.82,0.002717,4200000,ScoreExit,0.4532,-0.0814,0.4990,0.4004,0.5437,-0.5582,-0.2963,0.5074,,,
summary,2025-07-21,AAPL,,,,,,,0.82,,1,,,,,,,,,,0.7184,2025-07-18T14:53:00+00:00,835,1115
summary,2025-07-21,NVDA,,,,,,,0.00,,0,,,,,,,,,,0.5300,2025-07-18T13:33:00+00:00,423,1334
trade,2025-07-21,MSFT,Long,2025-07-21T13:43:00+00:00,2025-07-21T14:48:00+00:00,510.3981,510.7517,0.59,0.21,0.000693,3900000,ScoreExit,0.4124,-0.0625,0.5965,0.5361,0.1035,-0.5633,-0.0933,0.1659,,,
summary,2025-07-21,MSFT,,,,,,,0.21,,1,,,,,,,,,,0.4910,2025-07-21T13:55:00+00:00,286,950
summary,2025-07-22,SPY,,,,,,,0.00,,0,,,,,,,,,,0.4403,2025-07-21T14:02:00+00:00,622,1405
summary,2025-07-22,QQQ,,,,,,,0.00,,0,,,,,,,,,,0.5244,2025-07-21T13:48:00+00:00,463,1529
summary,2025-07-22,AAPL,,,,,,,0.00,,0,,,,,,,,,,0.6554,2025-07-21T13:42:00+00:00,644,1315
summary,2025-07-22,NVDA,,,,,,,0.00,,0,,,,,,,,,,0.4894,2025-07-21T09:24:00+00:00,236,1672
summary,2025-07-22,MSFT,,,,,,,0.00,,0,,,,,,,,,,0.6964,2025-07-21T13:51:00+00:00,317,1036
summary,2025-07-23,SPY,,,,,,,0.00,,0,,,,,,,,,,0.4403,2025-07-21T14:02:00+00:00,1208,2280
summary,2025-07-23,QQQ,,,,,,,0.00,,0,,,,,,,,,,0.5244,2025-07-21T13:48:00+00:00,711,2406
summary,2025-07-23,AAPL,,,,,,,0.00,,0,,,,,,,,,,0.6554,2025-07-21T13:42:00+00:00,1160,2066
summary,2025-07-23,NVDA,,,,,,,0.00,,0,,,,,,,,,,0.4894,2025-07-21T09:24:00+00:00,792,2629
summary,2025-07-23,MSFT,,,,,,,0.00,,0,,,,,,,,,,0.6964,2025-07-21T13:51:00+00:00,317,1577
summary,2025-07-24,SPY,,,,,,,0.00,,0,,,,,,,,,,0.6667,2025-07-21T14:43:00+00:00,1597,2884
summary,2025-07-24,QQQ,,,,,,,0.00,,0,,,,,,,,,,0.6918,2025-07-21T14:41:00+00:00,1138,2999
trade,2025-07-24,AAPL,Long,2025-07-24T13:32:00+00:00,2025-07-24T13:51:00+00:00,215.1395,214.0808,1.39,-1.48,-0.004921,1140000,ScoreExit,0.3887,-0.1043,0.6062,0.4478,0.1978,-0.5543,-0.1378,0.1129,,,
summary,2025-07-24,AAPL,,,,,,,-1.48,,1,,,,,,,,,,1.0000,2025-07-21T13:39:00+00:00,1388,2628
summary,2025-07-24,NVDA,,,,,,,0.00,,0,,,,,,,,,,0.6554,2025-07-21T14:29:00+00:00,1623,3263
summary,2025-07-24,MSFT,,,,,,,0.00,,0,,,,,,,,,,0.9410,2025-07-21T13:45:00+00:00,628,1990
summary,2025-07-25,SPY,,,,,,,0.00,,0,,,,,,,,,,0.4754,2025-07-22T23:54:00+00:00,2114,2871
summary,2025-07-25,QQQ,,,,,,,0.00,,0,,,,,,,,,,0.4651,2025-07-23T20:13:00+00:00,1820,2944
summary,2025-07-25,AAPL,,,,,,,0.00,,0,,,,,,,,,,0.9632,2025-07-22T13:40:00+00:00,1569,2586
trade,2025-07-25,NVDA,Long,2025-07-25T14:01:00+00:00,2025-07-25T14:51:00+00:00,174.5123,174.1777,1.72,-0.58,-0.001917,3000000,ScoreExit,0.4112,-0.0622,0.5319,0.4501,0.2931,-0.2449,-0.2095,0.2931,,,
summary,2025-07-25,NVDA,,,,,,,-0.58,,1,,,,,,,,,,0.8202,2025-07-22T15:00:00+00:00,2396,3245
summary,2025-07-25,MSFT,,,,,,,0.00,,0,,,,,,,,,,0.4438,2025-07-25T18:05:00+00:00,977,1966
summary,2025-07-28,SPY,,,,,,,0.00,,0,,,,,,,,,,0.7052,2025-07-25T14:47:00+00:00,810,1194
summary,2025-07-28,QQQ,,,,,,,0.00,,0,,,,,,,,,,0.7221,2025-07-25T14:49:00+00:00,822,1182
trade,2025-07-28,AAPL,Long,2025-07-28T14:39:00+00:00,2025-07-28T15:16:00+00:00,214.8544,214.4157,1.40,-0.61,-0.002042,2220000,ScoreExit,0.3582,-0.0695,0.5318,0.3710,0.2747,0.1801,-0.2337,0.1755,,,
summary,2025-07-28,AAPL,,,,,,,-0.61,,1,,,,,,,,,,0.5442,2025-07-25T14:33:00+00:00,422,1105
trade,2025-07-28,NVDA,Long,2025-07-28T13:31:00+00:00,2025-07-28T15:16:00+00:00,174.8174,174.9275,1.72,0.19,0.000630,6300000,ScoreExit,0.4195,-0.0528,0.5010,0.3555,0.5203,-0.2355,-0.2846,0.4715,,,
summary,2025-07-28,NVDA,,,,,,,0.19,,1,,,,,,,,,,0.8805,2025-07-25T14:06:00+00:00,761,1333
summary,2025-07-28,MSFT,,,,,,,0.00,,0,,,,,,,,,,0.7330,2025-07-25T14:44:00+00:00,482,979
summary,2025-07-29,SPY,,,,,,,0.00,,0,,,,,,,,,,0.3417,2025-07-29T08:08:00+00:00,497,1440
summary,2025-07-29,QQQ,,,,,,,0.00,,0,,,,,,,,,,0.4051,2025-07-29T08:10:00+00:00,693,1510
summary,2025-07-29,AAPL,,,,,,,0.00,,0,,,,,,,,,,0.4464,2025-07-28T14:39:00+00:00,426,1280
summary,2025-07-29,NVDA,,,,,,,0.00,,0,,,,,,,,,,0.5588,2025-07-29T08:05:00+00:00,1139,1667
summary,2025-07-29,MSFT,,,,,,,0.00,,0,,,,,,,,,,0.5018,2025-07-29T13:36:00+00:00,379,1050
summary,2025-07-30,SPY,,,,,,,0.00,,0,,,,,,,,,,0.3417,2025-07-29T08:08:00+00:00,736,2247
summary,2025-07-30,QQQ,,,,,,,0.00,,0,,,,,,,,,,0.4051,2025-07-29T08:10:00+00:00,1135,2336
summary,2025-07-30,AAPL,,,,,,,0.00,,0,,,,,,,,,,0.4464,2025-07-28T14:39:00+00:00,470,2002
trade,2025-07-30,NVDA,Long,2025-07-30T13:46:00+00:00,2025-07-30T15:28:00+00:00,177.8533,178.2765,1.69,0.71,0.002379,6120000,ScoreExit,0.4055,-0.0521,0.5413,0.4157,0.3400,-0.3910,-0.2258,0.4082,,,
summary,2025-07-30,NVDA,,,,,,,0.71,,1,,,,,,,,,,0.5588,2025-07-29T08:05:00+00:00,1833,2607
summary,2025-07-30,MSFT,,,,,,,0.00,,0,,,,,,,,,,0.5018,2025-07-29T13:36:00+00:00,636,1615
summary,2025-07-31,SPY,,,,,,,0.00,,0,,,,,,,,,,0.4968,2025-07-30T20:13:00+00:00,1290,2880
summary,2025-07-31,QQQ,,,,,,,0.00,,0,,,,,,,,,,0.5501,2025-07-30T20:24:00+00:00,1581,2988
summary,2025-07-31,AAPL,,,,,,,0.00,,0,,,,,,,,,,0.5582,2025-07-28T13:31:00+00:00,322,2701
summary,2025-07-31,NVDA,,,,,,,0.00,,0,,,,,,,,,,0.6024,2025-07-28T13:59:00+00:00,2373,3248
summary,2025-07-31,MSFT,,,,,,,0.00,,0,,,,,,,,,,0.8949,2025-07-30T20:03:00+00:00,1267,2423
summary,2025-08-01,SPY,,,,,,,0.00,,0,,,,,,,,,,0.5562,2025-07-30T20:13:00+00:00,878,3025
summary,2025-08-01,QQQ,,,,,,,0.00,,0,,,,,,,,,,0.5964,2025-07-30T20:24:00+00:00,894,3097
summary,2025-08-01,AAPL,,,,,,,0.00,,0,,,,,,,,,,0.6120,2025-07-31T20:46:00+00:00,437,2939
trade,2025-08-01,NVDA,Long,2025-08-01T14:31:00+00:00,2025-08-01T15:11:00+00:00,175.1475,174.6976,1.71,-0.77,-0.002569,2400000,ScoreExit,0.4043,-0.0953,0.4862,0.5867,0.0123,-0.3221,-0.1569,0.1033,,,
summary,2025-08-01,NVDA,,,,,,,-0.77,,1,,,,,,,,,,0.8198,2025-07-29T13:37:00+00:00,1228,3251
summary,2025-08-01,MSFT,,,,,,,0.00,,0,,,,,,,,,,0.9485,2025-07-30T20:03:00+00:00,1096,2632
trade,2025-08-04,SPY,Long,2025-08-04T13:31:00+00:00,2025-08-04T15:32:00+00:00,626.3729,628.7463,0.48,1.14,0.003789,7260000,MaxHoldTimeout,0.4295,0.0842,0.5079,0.3738,0.5148,-0.3372,-0.0391,0.4713,,,
summary,2025-08-04,SPY,,,,,,,1.14,,1,,,,,,,,,,0.5753,2025-08-01T16:04:00+00:00,705,1265
summary,2025-08-04,QQQ,,,,,,,0.00,,0,,,,,,,,,,0.6445,2025-08-01T14:37:00+00:00,733,1279
summary,2025-08-04,AAPL,,,,,,,0.00,,0,,,,,,,,,,1.0000,2025-08-01T13:31:00+00:00,296,1250
summary,2025-08-04,NVDA,,,,,,,0.00,,0,,,,,,,,,,0.9495,2025-08-01T14:47:00+00:00,874,1350
summary,2025-08-04,MSFT,,,,,,,0.00,,0,,,,,,,,,,0.7292,2025-08-04T13:57:00+00:00,459,1065
summary,2025-08-05,SPY,,,,,,,0.00,,0,,,,,,,,,,0.7336,2025-08-04T09:15:00+00:00,1042,1595
summary,2025-08-05,QQQ,,,,,,,0.00,,0,,,,,,,,,,0.7345,2025-08-04T09:14:00+00:00,1077,1620
trade,2025-08-05,AAPL,Long,2025-08-05T14:28:00+00:00,2025-08-05T15:20:00+00:00,204.3563,204.3637,1.47,0.01,0.000036,3120000,ScoreExit,0.3763,-0.0702,0.4238,0.4421,0.2288,-0.5762,-0.1302,0.2186,,,
summary,2025-08-05,AAPL,,,,,,,0.01,,1,,,,,,,,,,0.8047,2025-08-04T09:20:00+00:00,603,1437
summary,2025-08-05,NVDA,,,,,,,0.00,,0,,,,,,,,,,0.6646,2025-08-04T09:14:00+00:00,1289,1675
summary,2025-08-05,MSFT,,,,,,,0.00,,0,,,,,,,,,,0.8252,2025-08-04T13:57:00+00:00,519,1174
summary,2025-08-06,SPY,,,,,,,0.00,,0,,,,,,,,,,0.7336,2025-08-04T09:15:00+00:00,1564,2465
summary,2025-08-06,QQQ,,,,,,,0.00,,0,,,,,,,,,,0.7345,2025-08-04T09:14:00+00:00,1533,2537
trade,2025-08-06,AAPL,Long,2025-08-06T14:19:00+00:00,2025-08-06T15:56:00+00:00,210.8132,214.7408,1.43,5.60,0.018630,5820000,SessionClose,0.4308,0.4303,0.2474,0.3818,0.5901,0.5753,0.2831,0.6763,,,
summary,2025-08-06,AAPL,,,,,,,5.60,,1,,,,,,,,,,0.8047,2025-08-04T09:20:00+00:00,1102,2195
trade,2025-08-06,NVDA,Long,2025-08-06T13:54:00+00:00,2025-08-06T14:21:00+00:00,178.4534,178.4115,1.68,-0.07,-0.000235,1620000,ScoreExit,0.4083,-0.0569,0.5860,0.4758,0.2141,-0.4483,-0.0987,0.1572,,,
summary,2025-08-06,NVDA,,,,,,,-0.07,,1,,,,,,,,,,0.6646,2025-08-04T09:14:00+00:00,1649,2633
summary,2025-08-06,MSFT,,,,,,,0.00,,0,,,,,,,,,,0.8252,2025-08-04T13:57:00+00:00,532,1776
summary,2025-08-07,SPY,,,,,,,0.00,,0,,,,,,,,,,0.6501,2025-08-04T14:49:00+00:00,2026,3081
summary,2025-08-07,QQQ,,,,,,,0.00,,0,,,,,,,,,,0.6132,2025-08-04T13:46:00+00:00,1991,3131
trade,2025-08-07,AAPL,Long,2025-08-07T13:41:00+00:00,2025-08-07T14:16:00+00:00,219.2881,217.7827,1.37,-2.07,-0.006865,2100000,ScoreExit,0.3968,-0.0560,0.3633,0.3244,0.5527,-0.5865,-0.2382,0.4854,,,
trade,2025-08-07,AAPL,Long,2025-08-07T14:57:00+00:00,2025-08-07T15:56:00+00:00,218.9607,219.5941,1.37,0.87,0.002893,3540000,SessionClose,0.3757,0.0652,0.5407,0.2934,0.4854,-0.3968,-0.0751,0.4997,,,
summary,2025-08-07,AAPL,,,,,,,-1.20,,2,,,,,,,,,,0.9547,2025-08-04T14:40:00+00:00,1632,2887
trade,2025-08-07,NVDA,Long,2025-08-07T13:36:00+00:00,2025-08-07T14:51:00+00:00,182.6143,182.6102,1.64,-0.01,-0.000022,4500000,ScoreExit,0.4566,-0.0953,0.5874,0.4291,0.4680,-0.3201,-0.2521,0.2932,,,
summary,2025-08-07,NVDA,,,,,,,-0.01,,1,,,,,,,,,,1.0000,2025-08-04T13:37:00+00:00,2192,3262
summary,2025-08-07,MSFT,,,,,,,0.00,,0,,,,,,,,,,0.9388,2025-08-04T13:46:00+00:00,466,2243
summary,2025-08-08,SPY,,,,,,,0.00,,0,,,,,,,,,,0.4462,2025-08-07T08:28:00+00:00,1718,3012
trade,2025-08-08,QQQ,Long,2025-08-08T14:02:00+00:00,2025-08-08T14:56:00+00:00,573.1969,573.1230,0.52,-0.04,-0.000129,3240000,ScoreExit,0.4027,-0.0532,0.5351,0.4586,0.2467,-0.4113,-0.1435,0.2467,,,
summary,2025-08-08,QQQ,,,,,,,-0.04,,1,,,,,,,,,,0.4797,2025-08-05T13:38:00+00:00,1823,3074
trade,2025-08-08,AAPL,Long,2025-08-08T13:56:00+00:00,2025-08-08T15:56:00+00:00,221.5414,225.5173,1.36,5.40,0.017946,7200000,SessionClose,0.4347,0.4935,0.5645,0.4229,0.4150,0.5136,0.4365,0.6006,,,
summary,2025-08-08,AAPL,,,,,,,5.40,,1,,,,,,,,,,0.8899,2025-08-06T21:55:00+00:00,2176,2931
summary,2025-08-08,NVDA,,,,,,,0.00,,0,,,,,,,,,,0.9600,2025-08-05T13:38:00+00:00,1922,3263
summary,2025-08-08,MSFT,,,,,,,0.00,,0,,,,,,,,,,0.5220,2025-08-06T08:09:00+00:00,109,2228
summary,2025-08-11,SPY,,,,,,,0.00,,0,,,,,,,,,,0.5136,2025-08-08T14:40:00+00:00,778,1223
summary,2025-08-11,QQQ,,,,,,,0.00,,0,,,,,,,,,,0.7845,2025-08-08T14:40:00+00:00,843,1231
summary,2025-08-11,AAPL,,,,,,,0.00,,0,,,,,,,,,,0.9552,2025-08-08T14:40:00+00:00,966,1257
trade,2025-08-11,NVDA,Long,2025-08-11T13:47:00+00:00,2025-08-11T15:06:00+00:00,182.6998,182.6252,1.64,-0.12,-0.000408,4740000,MaxHoldTimeout,0.4470,-0.0018,0.5828,0.4257,0.4444,-0.5369,-0.1596,0.4924,,,
summary,2025-08-11,NVDA,,,,,,,-0.12,,1,,,,,,,,,,0.9453,2025-08-08T13:45:00+00:00,847,1345
trade,2025-08-11,MSFT,Long,2025-08-11T14:51:00+00:00,2025-08-11T15:38:00+00:00,524.9124,524.4376,0.57,-0.27,-0.000905,2820000,ScoreExit,0.4172,-0.0620,0.5677,0.3847,0.4320,-0.5620,-0.2105,0.4018,,,
summary,2025-08-11,MSFT,,,,,,,-0.27,,1,,,,,,,,,,0.4708,2025-08-11T15:14:00+00:00,379,946
summary,2025-08-12,SPY,,,,,,,0.00,,0,,,,,,,,,,0.7013,2025-08-11T09:30:00+00:00,684,1465
summary,2025-08-12,QQQ,,,,,,,0.00,,0,,,,,,,,,,0.7329,2025-08-11T09:30:00+00:00,723,1496
trade,2025-08-12,AAPL,Long,2025-08-12T14:16:00+00:00,2025-08-12T15:56:00+00:00,228.9918,229.6561,1.31,0.87,0.002901,6000000,SessionClose,0.3544,0.2395,0.5575,0.1885,0.6186,0.3252,0.0368,0.6163,,,
summary,2025-08-12,AAPL,,,,,,,0.87,,1,,,,,,,,,,0.6170,2025-08-11T16:06:00+00:00,892,1425
summary,2025-08-12,NVDA,,,,,,,0.00,,0,,,,,,,,,,0.8254,2025-08-11T09:12:00+00:00,1082,1663
trade,2025-08-12,MSFT,Long,2025-08-12T13:36:00+00:00,2025-08-12T14:06:00+00:00,525.5676,523.8928,0.57,-0.96,-0.003187,1800000,ScoreExit,0.4120,-0.1812,0.4873,0.4110,0.3889,-0.3492,-0.3852,0.2827,,,
summary,2025-08-12,MSFT,,,,,,,-0.96,,1,,,,,,,,,,0.7159,2025-08-11T08:32:00+00:00,678,1030
summary,2025-08-13,SPY,,,,,,,0.00,,0,,,,,,,,,,0.7013,2025-08-11T09:30:00+00:00,1257,2267
summary,2025-08-13,QQQ,,,,,,,0.00,,0,,,,,,,,,,0.7329,2025-08-11T09:30:00+00:00,1339,2356
trade,2025-08-13,AAPL,Long,2025-08-13T14:06:00+00:00,2025-08-13T15:11:00+00:00,231.6745,232.5102,1.30,1.08,0.003607,3900000,ScoreExit,0.3584,-0.0974,-0.0942,0.3511,0.5238,-0.5434,-0.2918,0.4399,,,
summary,2025-08-13,AAPL,,,,,,,1.08,,1,,,,,,,,,,0.6170,2025-08-11T16:06:00+00:00,1501,2125
summary,2025-08-13,NVDA,,,,,,,0.00,,0,,,,,,,,,,0.8254,2025-08-11T09:12:00+00:00,1548,2614
summary,2025-08-13,MSFT,,,,,,,0.00,,0,,,,,,,,,,0.7159,2025-08-11T08:32:00+00:00,914,1607
summary,2025-08-14,SPY,,,,,,,0.00,,0,,,,,,,,,,0.5003,2025-08-11T16:09:00+00:00,1625,2789
summary,2025-08-14,QQQ,,,,,,,0.00,,0,,,,,,,,,,0.5252,2025-08-11T16:09:00+00:00,1652,2872
summary,2025-08-14,AAPL,,,,,,,0.00,,0,,,,,,,,,,0.8923,2025-08-11T14:38:00+00:00,1742,2596
trade,2025-08-14,NVDA,Long,2025-08-14T13:49:00+00:00,2025-08-14T14:56:00+00:00,182.2947,182.3618,1.65,0.11,0.000368,4020000,ScoreExit,0.4005,-0.0721,0.5608,0.5183,0.1115,-0.5541,-0.1083,0.1609,,,
summary,2025-08-14,NVDA,,,,,,,0.11,,1,,,,,,,,,,0.9535,2025-08-11T14:44:00+00:00,1366,3215
summary,2025-08-14,MSFT,,,,,,,0.00,,0,,,,,,,,,,0.9567,2025-08-11T15:00:00+00:00,944,2160
summary,2025-08-15,SPY,,,,,,,0.00,,0,,,,,,,,,,0.8004,2025-08-12T15:03:00+00:00,1907,2774
summary,2025-08-15,QQQ,,,,,,,0.00,,0,,,,,,,,,,0.8091,2025-08-12T15:03:00+00:00,1696,2864
summary,2025-08-15,AAPL,,,,,,,0.00,,0,,,,,,,,,,0.9555,2025-08-12T15:03:00+00:00,1503,2555
summary,2025-08-15,NVDA,,,,,,,0.00,,0,,,,,,,,,,0.7661,2025-08-12T15:03:00+00:00,1698,3200
summary,2025-08-15,MSFT,,,,,,,0.00,,0,,,,,,,,,,0.7703,2025-08-12T13:42:00+00:00,724,2148
summary,2025-08-18,SPY,,,,,,,0.00,,0,,,,,,,,,,0.3345,2025-08-15T17:56:00+00:00,284,1214
summary,2025-08-18,QQQ,,,,,,,0.00,,0,,,,,,,,,,0.4014,2025-08-15T14:15:00+00:00,351,1197
trade,2025-08-18,AAPL,Long,2025-08-18T13:40:00+00:00,2025-08-18T14:11:00+00:00,232.1246,231.9654,1.29,-0.21,-0.000686,1860000,ScoreExit,0.3697,-0.1106,0.4180,0.3909,0.3112,-0.5012,-0.2028,0.2038,,,
summary,2025-08-18,AAPL,,,,,,,-0.21,,1,,,,,,,,,,0.4140,2025-08-18T13:48:00+00:00,257,1048
summary,2025-08-18,NVDA,,,,,,,0.00,,0,,,,,,,,,,0.5971,2025-08-18T13:35:00+00:00,889,1338
summary,2025-08-18,MSFT,,,,,,,0.00,,0,,,,,,,,,,0.7183,2025-08-15T14:14:00+00:00,250,981
summary,2025-08-19,SPY,,,,,,,0.00,,0,,,,,,,,,,0.3645,2025-08-18T10:42:00+00:00,483,1412
summary,2025-08-19,QQQ,,,,,,,0.00,,0,,,,,,,,,,0.3781,2025-08-18T10:44:00+00:00,364,1428
summary,2025-08-19,AAPL,,,,,,,0.00,,0,,,,,,,,,,0.4867,2025-08-18T14:04:00+00:00,367,1179
summary,2025-08-19,NVDA,,,,,,,0.00,,0,,,,,,,,,,0.6947,2025-08-18T13:35:00+00:00,681,1658
summary,2025-08-19,MSFT,,,,,,,0.00,,0,,,,,,,,,,0.4941,2025-08-18T10:45:00+00:00,146,1034
summary,2025-08-20,SPY,,,,,,,0.00,,0,,,,,,,,,,0.3645,2025-08-18T10:42:00+00:00,773,2251
summary,2025-08-20,QQQ,,,,,,,0.00,,0,,,,,,,,,,0.3781,2025-08-18T10:44:00+00:00,421,2355
summary,2025-08-20,AAPL,,,,,,,0.00,,0,,,,,,,,,,0.4867,2025-08-18T14:04:00+00:00,370,1884
summary,2025-08-20,NVDA,,,,,,,0.00,,0,,,,,,,,,,0.6947,2025-08-18T13:35:00+00:00,982,2613
summary,2025-08-20,MSFT,,,,,,,0.00,,0,,,,,,,,,,0.4941,2025-08-18T10:45:00+00:00,146,1603
summary,2025-08-21,SPY,,,,,,,0.00,,0,,,,,,,,,,0.3490,2025-08-20T19:24:00+00:00,775,2814
summary,2025-08-21,QQQ,,,,,,,0.00,,0,,,,,,,,,,0.3813,2025-08-18T22:10:00+00:00,374,2989
summary,2025-08-21,AAPL,,,,,,,0.00,,0,,,,,,,,,,0.6915,2025-08-18T14:07:00+00:00,339,2438
summary,2025-08-21,NVDA,,,,,,,0.00,,0,,,,,,,,,,0.9280,2025-08-18T13:34:00+00:00,1092,3246
summary,2025-08-21,MSFT,,,,,,,0.00,,0,,,,,,,,,,0.3549,2025-08-18T19:57:00+00:00,98,2079
trade,2025-08-22,SPY,Long,2025-08-22T14:01:00+00:00,2025-08-22T15:51:00+00:00,642.8778,645.5413,0.47,1.24,0.004143,6600000,ScoreExit,0.4993,-0.0523,0.6499,0.5250,0.3978,-0.4692,-0.1846,0.3513,,,
summary,2025-08-22,SPY,,,,,,,1.24,,1,,,,,,,,,,0.5782,2025-08-22T14:10:00+00:00,647,2847
trade,2025-08-22,QQQ,Long,2025-08-22T14:01:00+00:00,2025-08-22T15:47:00+00:00,569.5358,572.9930,0.53,1.82,0.006070,6360000,ScoreExit,0.5401,-0.0664,0.6474,0.5826,0.4193,-0.2063,-0.2562,0.3598,,,
summary,2025-08-22,QQQ,,,,,,,1.82,,1,,,,,,,,,,0.6454,2025-08-22T14:10:00+00:00,458,3085
trade,2025-08-22,AAPL,Long,2025-08-22T14:09:00+00:00,2025-08-22T15:22:00+00:00,227.7133,228.1565,1.32,0.58,0.001946,4380000,ScoreExit,0.3607,-0.0530,0.3450,0.4388,0.2097,-0.5169,-0.1066,0.2089,,,
summary,2025-08-22,AAPL,,,,,,,0.58,,1,,,,,,,,,,0.8900,2025-08-19T14:05:00+00:00,272,2447
trade,2025-08-22,NVDA,Long,2025-08-22T13:46:00+00:00,2025-08-22T15:47:00+00:00,174.4673,178.2798,1.72,6.56,0.021852,7260000,MaxHoldTimeout,0.4406,0.1576,0.6099,0.5619,0.1415,0.1582,-0.0701,0.6129,,,
summary,2025-08-22,NVDA,,,,,,,6.56,,1,,,,,,,,,,0.7276,2025-08-22T14:09:00+00:00,1217,3259
trade,2025-08-22,MSFT,Long,2025-08-22T14:06:00+00:00,2025-08-22T15:17:00+00:00,507.1071,509.1695,0.59,1.22,0.004067,4260000,ScoreExit,0.4026,-0.0505,0.5710,0.4830,0.1858,-0.5791,-0.0962,0.2171,,,
summary,2025-08-22,MSFT,,,,,,,1.22,,1,,,,,,,,,,0.6143,2025-08-19T13:41:00+00:00,380,2055
summary,2025-08-25,SPY,,,,,,,0.00,,0,,,,,,,,,,0.9574,2025-08-22T14:46:00+00:00,601,1216
summary,2025-08-25,QQQ,,,,,,,0.00,,0,,,,,,,,,,0.9567,2025-08-22T15:03:00+00:00,645,1233
trade,2025-08-25,AAPL,Long,2025-08-25T13:44:00+00:00,2025-08-25T15:29:00+00:00,227.9194,228.5464,1.32,0.83,0.002751,6300000,ScoreExit,0.3686,-0.0561,0.5764,0.4245,0.1874,-0.5568,-0.2033,0.4053,,,
summary,2025-08-25,AAPL,,,,,,,0.83,,1,,,,,,,,,,0.9507,2025-08-22T14:49:00+00:00,538,1045
trade,2025-08-25,NVDA,Long,2025-08-25T13:57:00+00:00,2025-08-25T15:56:00+00:00,177.9584,181.5455,1.69,6.05,0.020157,7140000,SessionClose,0.4034,0.4204,0.5595,0.3047,0.5487,0.4708,0.2685,0.7072,,,
summary,2025-08-25,NVDA,,,,,,,6.05,,1,,,,,,,,,,1.0000,2025-08-22T13:36:00+00:00,1204,1345
summary,2025-08-25,MSFT,,,,,,,0.00,,0,,,,,,,,,,0.9585,2025-08-22T14:47:00+00:00,305,981
summary,2025-08-26,SPY,,,,,,,0.00,,0,,,,,,,,,,0.3396,2025-08-26T19:22:00+00:00,577,1424
summary,2025-08-26,QQQ,,,,,,,0.00,,0,,,,,,,,,,0.4493,2025-08-25T15:22:00+00:00,595,1508
summary,2025-08-26,AAPL,,,,,,,0.00,,0,,,,,,,,,,0.6363,2025-08-25T13:48:00+00:00,468,1120
trade,2025-08-26,NVDA,Long,2025-08-26T14:21:00+00:00,2025-08-26T15:35:00+00:00,180.5892,180.7608,1.66,0.29,0.000950,4440000,ScoreExit,0.4285,-0.0532,0.5089,0.4020,0.4546,-0.5353,-0.2220,0.4452,,,
summary,2025-08-26,NVDA,,,,,,,0.29,,1,,,,,,,,,,0.6555,2025-08-25T14:04:00+00:00,1140,1670
summary,2025-08-26,MSFT,,,,,,,0.00,,0,,,,,,,,,,0.4294,2025-08-25T14:49:00+00:00,143,1016
summary,2025-08-27,SPY,,,,,,,0.00,,0,,,,,,,,,,0.3396,2025-08-26T19:22:00+00:00,1084,2166
summary,2025-08-27,QQQ,,,,,,,0.00,,0,,,,,,,,,,0.4493,2025-08-25T15:22:00+00:00,1131,2353
trade,2025-08-27,AAPL,Long,2025-08-27T13:39:00+00:00,2025-08-27T15:08:00+00:00,229.4048,229.8860,1.31,0.63,0.002098,5340000,ScoreExit,0.3671,-0.0677,0.5234,0.4058,0.2377,-0.5328,-0.1315,0.2149,,,
summary,2025-08-27,AAPL,,,,,,,0.63,,1,,,,,,,,,,0.6363,2025-08-25T13:48:00+00:00,984,1816
trade,2025-08-27,NVDA,Long,2025-08-27T14:47:00+00:00,2025-08-27T15:56:00+00:00,181.7345,181.9054,1.65,0.28,0.000940,4140000,SessionClose,0.4053,0.1082,0.5148,0.4202,0.3388,-0.0543,0.0276,0.3235,,,
summary,2025-08-27,NVDA,,,,,,,0.28,,1,,,,,,,,,,0.6555,2025-08-25T14:04:00+00:00,1849,2630
trade,2025-08-27,MSFT,Long,2025-08-27T14:32:00+00:00,2025-08-27T15:32:00+00:00,504.6013,504.0137,0.59,-0.35,-0.001164,3600000,ScoreExit,0.4195,-0.0827,0.5453,0.5344,0.1477,-0.4688,-0.1335,0.1474,,,
summary,2025-08-27,MSFT,,,,,,,-0.35,,1,,,,,,,,,,0.4306,2025-08-27T14:33:00+00:00,557,1584
summary,2025-08-28,SPY,,,,,,,0.00,,0,,,,,,,,,,0.5706,2025-08-25T15:04:00+00:00,1425,2736
summary,2025-08-28,QQQ,,,,,,,0.00,,0,,,,,,,,,,0.8189,2025-08-25T15:04:00+00:00,1665,2958
trade,2025-08-28,AAPL,Long,2025-08-28T14:51:00+00:00,2025-08-28T15:22:00+00:00,231.6245,231.1156,1.30,-0.66,-0.002197,1860000,ScoreExit,0.3621,-0.0622,0.5219,0.3981,0.2366,-0.4576,-0.1472,0.2395,,,
summary,2025-08-28,AAPL,,,,,,,-0.66,,1,,,,,,,,,,0.9077,2025-08-25T14:49:00+00:00,1467,2393
summary,2025-08-28,NVDA,,,,,,,0.00,,0,,,,,,,,,,0.9569,2025-08-25T15:02:00+00:00,2358,3264
summary,2025-08-28,MSFT,,,,,,,0.00,,0,,,,,,,,,,0.7931,2025-08-25T14:49:00+00:00,977,2099
summary,2025-08-29,SPY,,,,,,,0.00,,0,,,,,,,,,,0.4510,2025-08-26T20:12:00+00:00,1621,2787
summary,2025-08-29,QQQ,,,,,,,0.00,,0,,,,,,,,,,0.6096,2025-08-26T14:44:00+00:00,1784,3009
summary,2025-08-29,AAPL,,,,,,,0.00,,0,,,,,,,,,,0.9454,2025-08-26T14:44:00+00:00,1906,2461
summary,2025-08-29,NVDA,,,,,,,0.00,,0,,,,,,,,,,0.9562,2025-08-26T14:44:00+00:00,1762,3270
summary,2025-08-29,MSFT,,,,,,,0.00,,0,,,,,,,,,,0.6013,2025-08-26T13:37:00+00:00,1289,2073
summary,2025-09-01,SPY,,,,,,,0.00,,0,,,,,,,,,,0.2855,2025-08-29T21:44:00+00:00,141,572
summary,2025-09-01,QQQ,,,,,,,0.00,,0,,,,,,,,,,0.1378,2025-08-29T19:47:00+00:00,2,564
summary,2025-09-01,AAPL,,,,,,,0.00,,0,,,,,,,,,,0.5828,2025-08-29T14:39:00+00:00,159,507
summary,2025-09-01,NVDA,,,,,,,0.00,,0,,,,,,,,,,0.2473,2025-08-29T15:24:00+00:00,7,630
summary,2025-09-01,MSFT,,,,,,,0.00,,0,,,,,,,,,,0.4731,2025-08-29T15:27:00+00:00,263,463
trade,2025-09-02,SPY,Long,2025-09-02T13:51:00+00:00,2025-09-02T14:42:00+00:00,638.5765,638.3434,0.47,-0.11,-0.000365,3060000,ScoreExit,0.4105,-0.0718,0.5822,0.4044,0.3654,-0.4954,-0.1176,0.1610,,,
summary,2025-09-02,SPY,,,,,,,-0.11,,1,,,,,,,,,,0.5104,2025-09-02T09:36:00+00:00,224,661
trade,2025-09-02,QQQ,Long,2025-09-02T13:46:00+00:00,2025-09-02T14:41:00+00:00,562.9938,563.9358,0.53,0.50,0.001673,3300000,ScoreExit,0.4074,-0.0655,0.4405,0.4471,0.3171,-0.4964,-0.1697,0.2866,,,
summary,2025-09-02,QQQ,,,,,,,0.50,,1,,,,,,,,,,0.6485,2025-09-02T13:54:00+00:00,247,716
trade,2025-09-02,AAPL,Long,2025-09-02T13:51:00+00:00,2025-09-02T14:41:00+00:00,229.9540,229.8910,1.31,-0.08,-0.000274,3000000,ScoreExit,0.4911,-0.1143,0.5554,0.3304,0.7911,-0.5699,-0.2677,0.3444,,,
summary,2025-09-02,AAPL,,,,,,,-0.08,,1,,,,,,,,,,0.5557,2025-09-02T13:52:00+00:00,161,562
trade,2025-09-02,NVDA,Long,2025-09-02T13:39:00+00:00,2025-09-02T14:06:00+00:00,170.5962,170.5338,1.76,-0.11,-0.000365,1620000,ScoreExit,0.4203,-0.1512,0.5645,0.2308,0.7513,-0.5667,-0.1801,0.0449,,,
summary,2025-09-02,NVDA,,,,,,,-0.11,,1,,,,,,,,,,0.7146,2025-09-02T13:50:00+00:00,158,720
trade,2025-09-02,MSFT,Long,2025-09-02T13:35:00+00:00,2025-09-02T14:51:00+00:00,501.9105,502.9441,0.60,0.62,0.002059,4560000,ScoreExit,0.4372,-0.0916,0.6131,0.1992,0.8546,-0.5611,-0.2434,0.3685,,,
summary,2025-09-02,MSFT,,,,,,,0.62,,1,,,,,,,,,,0.6470,2025-09-02T14:29:00+00:00,208,492
summary,2025-09-03,SPY,,,,,,,0.00,,0,,,,,,,,,,0.5104,2025-09-02T09:36:00+00:00,870,1572
trade,2025-09-03,QQQ,Long,2025-09-03T14:32:00+00:00,2025-09-03T15:26:00+00:00,570.4461,569.7140,0.53,-0.39,-0.001283,3240000,ScoreExit,0.4074,-0.1490,0.4702,0.3623,0.4767,-0.5662,-0.3449,0.3818,,,
summary,2025-09-03,QQQ,,,,,,,-0.39,,1,,,,,,,,,,0.6485,2025-09-02T13:54:00+00:00,920,1629
trade,2025-09-03,AAPL,Long,2025-09-03T14:16:00+00:00,2025-09-03T15:06:00+00:00,236.1458,236.3541,1.27,0.26,0.000882,3000000,ScoreExit,0.3536,-0.0551,0.4526,0.2560,0.5157,-0.3450,-0.2215,0.3742,,,
summary,2025-09-03,AAPL,,,,,,,0.26,,1,,,,,,,,,,0.9211,2025-09-02T20:27:00+00:00,903,1474
trade,2025-09-03,NVDA,Long,2025-09-03T14:01:00+00:00,2025-09-03T15:17:00+00:00,171.6665,171.1637,1.75,-0.88,-0.002929,4560000,ScoreExit,0.4033,-0.0690,0.5647,0.3175,0.5210,-0.5252,-0.2351,0.4152,,,
summary,2025-09-03,NVDA,,,,,,,-0.88,,1,,,,,,,,,,0.7146,2025-09-02T13:50:00+00:00,840,1680
trade,2025-09-03,MSFT,Long,2025-09-03T13:33:00+00:00,2025-09-03T15:26:00+00:00,504.7064,505.5283,0.59,0.49,0.001629,6780000,ScoreExit,0.4042,-0.1041,0.5795,0.4044,0.3454,-0.4131,-0.3051,0.4008,,,
summary,2025-09-03,MSFT,,,,,,,0.49,,1,,,,,,,,,,0.6470,2025-09-02T14:29:00+00:00,549,1082
summary,2025-09-04,SPY,,,,,,,0.00,,0,,,,,,,,,,0.5104,2025-09-02T09:36:00+00:00,1439,2348
summary,2025-09-04,QQQ,,,,,,,0.00,,0,,,,,,,,,,0.6485,2025-09-02T13:54:00+00:00,1544,2489
summary,2025-09-04,AAPL,,,,,,,0.00,,0,,,,,,,,,,0.9211,2025-09-02T20:27:00+00:00,1502,2251
summary,2025-09-04,NVDA,,,,,,,0.00,,0,,,,,,,,,,0.7146,2025-09-02T13:50:00+00:00,1395,2627
trade,2025-09-04,MSFT,Long,2025-09-04T14:46:00+00:00,2025-09-04T15:33:00+00:00,507.4065,506.8029,0.59,-0.36,-0.001190,2820000,ScoreExit,0.4106,-0.0521,0.5020,0.4655,0.2703,-0.5642,-0.1192,0.2528,,,
summary,2025-09-04,MSFT,,,,,,,-0.36,,1,,,,,,,,,,0.6470,2025-09-02T14:29:00+00:00,847,1634
summary,2025-09-05,SPY,,,,,,,0.00,,0,,,,,,,,,,0.6949,2025-09-02T14:00:00+00:00,2123,2921
summary,2025-09-05,QQQ,,,,,,,0.00,,0,,,,,,,,,,0.8940,2025-09-02T13:54:00+00:00,2312,3075
summary,2025-09-05,AAPL,,,,,,,0.00,,0,,,,,,,,,,0.9211,2025-09-02T20:27:00+00:00,2088,2801
summary,2025-09-05,NVDA,,,,,,,0.00,,0,,,,,,,,,,1.0000,2025-09-02T13:38:00+00:00,1713,3254
summary,2025-09-05,MSFT,,,,,,,0.00,,0,,,,,,,,,,1.0000,2025-09-02T13:34:00+00:00,1031,2098
summary,2025-09-08,SPY,,,,,,,0.00,,0,,,,,,,,,,0.3912,2025-09-08T08:12:00+00:00,430,1202
trade,2025-09-08,QQQ,Long,2025-09-08T13:35:00+00:00,2025-09-08T15:36:00+00:00,579.3888,580.2209,0.52,0.43,0.001436,7260000,MaxHoldTimeout,0.4141,0.1426,0.5640,0.3717,0.4489,-0.1539,0.0371,0.4522,,,
summary,2025-09-08,QQQ,,,,,,,0.43,,1,,,,,,,,,,0.4442,2025-09-08T08:18:00+00:00,508,1230
summary,2025-09-08,AAPL,,,,,,,0.00,,0,,,,,,,,,,0.8336,2025-09-05T14:11:00+00:00,230,1038
trade,2025-09-08,NVDA,Long,2025-09-08T13:31:00+00:00,2025-09-08T15:32:00+00:00,168.2054,169.9840,1.78,3.17,0.010574,7260000,MaxHoldTimeout,0.5770,0.3474,0.5035,0.5166,0.7223,0.5106,0.1503,0.6872,,,
summary,2025-09-08,NVDA,,,,,,,3.17,,1,,,,,,,,,,1.0000,2025-09-05T13:41:00+00:00,932,1348
trade,2025-09-08,MSFT,Long,2025-09-08T13:50:00+00:00,2025-09-08T15:51:00+00:00,499.4062,500.2958,0.60,0.53,0.001781,7260000,MaxHoldTimeout,0.4139,0.0987,0.5103,0.3681,0.4732,-0.3701,-0.0329,0.5181,,,
summary,2025-09-08,MSFT,,,,,,,0.53,,1,,,,,,,,,,0.5811,2025-09-08T08:28:00+00:00,361,1045
summary,2025-09-09,SPY,,,,,,,0.00,,0,,,,,,,,,,0.3529,2025-09-08T14:54:00+00:00,745,1361
summary,2025-09-09,QQQ,,,,,,,0.00,,0,,,,,,,,,,0.4222,2025-09-08T13:54:00+00:00,824,1514
summary,2025-09-09,AAPL,,,,,,,0.00,,0,,,,,,,,,,0.4002,2025-09-09T17:13:00+00:00,252,1257
summary,2025-09-09,NVDA,,,,,,,0.00,,0,,,,,,,,,,0.7517,2025-09-08T13:52:00+00:00,780,1675
summary,2025-09-09,MSFT,,,,,,,0.00,,0,,,,,,,,,,0.7791,2025-09-08T09:51:00+00:00,523,1109
summary,2025-09-10,SPY,,,,,,,0.00,,0,,,,,,,,,,0.3529,2025-09-08T14:54:00+00:00,1272,2210
summary,2025-09-10,QQQ,,,,,,,0.00,,0,,,,,,,,,,0.4222,2025-09-08T13:54:00+00:00,1394,2418
summary,2025-09-10,AAPL,,,,,,,0.00,,0,,,,,,,,,,0.4002,2025-09-09T17:13:00+00:00,252,2107
trade,2025-09-10,NVDA,Long,2025-09-10T14:48:00+00:00,2025-09-10T15:41:00+00:00,179.2137,178.0666,1.68,-1.92,-0.006401,3180000,ScoreExit,0.4149,-0.0612,0.5733,0.2736,0.6448,-0.5566,-0.3005,0.5823,,,
summary,2025-09-10,NVDA,,,,,,,-1.92,,1,,,,,,,,,,0.7517,2025-09-08T13:52:00+00:00,1610,2635
summary,2025-09-10,MSFT,,,,,,,0.00,,0,,,,,,,,,,0.7791,2025-09-08T09:51:00+00:00,950,1833
summary,2025-09-11,SPY,,,,,,,0.00,,0,,,,,,,,,,0.7410,2025-09-08T14:54:00+00:00,1832,2791
summary,2025-09-11,QQQ,,,,,,,0.00,,0,,,,,,,,,,0.6964,2025-09-08T14:42:00+00:00,1741,2988
summary,2025-09-11,AAPL,,,,,,,0.00,,0,,,,,,,,,,0.4730,2025-09-08T13:36:00+00:00,141,2810
summary,2025-09-11,NVDA,,,,,,,0.00,,0,,,,,,,,,,1.0000,2025-09-08T13:34:00+00:00,2029,3256
summary,2025-09-11,MSFT,,,,,,,0.00,,0,,,,,,,,,,0.7864,2025-09-08T14:42:00+00:00,1237,2241
summary,2025-09-12,SPY,,,,,,,0.00,,0,,,,,,,,,,0.4532,2025-09-09T20:43:00+00:00,2019,2841
summary,2025-09-12,QQQ,,,,,,,0.00,,0,,,,,,,,,,0.4748,2025-09-09T20:43:00+00:00,2067,3005
trade,2025-09-12,AAPL,Long,2025-09-12T13:32:00+00:00,2025-09-12T13:41:00+00:00,230.4741,229.4262,1.30,-1.36,-0.004547,540000,ScoreExit,0.3550,-0.0958,0.5664,0.4325,0.1295,-0.4241,-0.0953,0.0126,,,
trade,2025-09-12,AAPL,Long,2025-09-12T13:57:00+00:00,2025-09-12T15:56:00+00:00,230.6442,234.1247,1.30,4.53,0.015091,7140000,SessionClose,0.3539,0.0350,0.5832,0.4152,0.1547,-0.1134,-0.1523,0.4591,,,
summary,2025-09-12,AAPL,,,,,,,3.16,,2,,,,,,,,,,0.6477,2025-09-09T17:12:00+00:00,507,2837
summary,2025-09-12,NVDA,,,,,,,0.00,,0,,,,,,,,,,0.7889,2025-09-09T20:29:00+00:00,2418,3253
trade,2025-09-12,MSFT,Long,2025-09-12T14:57:00+00:00,2025-09-12T15:56:00+00:00,508.9677,510.6418,0.59,0.99,0.003289,3540000,SessionClose,0.4012,0.2688,0.5674,0.3964,0.3555,0.3059,0.1889,0.4163,,,
summary,2025-09-12,MSFT,,,,,,,0.99,,1,,,,,,,,,,0.7525,2025-09-11T21:51:00+00:00,1381,2399
summary,2025-09-15,SPY,,,,,,,0.00,,0,,,,,,,,,,0.6711,2025-09-12T14:55:00+00:00,707,1159
trade,2025-09-15,QQQ,Long,2025-09-15T13:39:00+00:00,2025-09-15T15:40:00+00:00,589.6318,590.3978,0.51,0.39,0.001299,7260000,MaxHoldTimeout,0.4043,0.3011,0.5417,0.3608,0.4457,0.5083,0.2057,0.4229,,,
summary,2025-09-15,QQQ,,,,,,,0.39,,1,,,,,,,,,,0.7967,2025-09-12T14:54:00+00:00,945,1203
trade,2025-09-15,AAPL,Long,2025-09-15T14:41:00+00:00,2025-09-15T15:56:00+00:00,236.2258,236.9839,1.27,0.96,0.003209,4500000,SessionClose,0.3685,0.3022,0.4241,0.2768,0.5332,0.1015,0.2172,0.5390,,,
summary,2025-09-15,AAPL,,,,,,,0.96,,1,,,,,,,,,,0.9538,2025-09-12T15:00:00+00:00,984,1206
summary,2025-09-15,NVDA,,,,,,,0.00,,0,,,,,,,,,,0.9265,2025-09-12T14:54:00+00:00,560,1337
trade,2025-09-15,MSFT,Long,2025-09-15T13:46:00+00:00,2025-09-15T15:47:00+00:00,510.7282,512.9411,0.59,1.30,0.004333,7260000,MaxHoldTimeout,0.4094,0.1082,0.3498,0.4962,0.2556,-0.4823,-0.0094,0.5402,,,
summary,2025-09-15,MSFT,,,,,,,1.30,,1,,,,,,,,,,0.9408,2025-09-12T14:57:00+00:00,715,1029
summary,2025-09-16,SPY,,,,,,,0.00,,0,,,,,,,,,,0.3925,2025-09-15T10:33:00+00:00,820,1401
summary,2025-09-16,QQQ,,,,,,,0.00,,0,,,,,,,,,,0.4378,2025-09-15T13:59:00+00:00,1016,1495
summary,2025-09-16,AAPL,,,,,,,0.00,,0,,,,,,,,,,0.9017,2025-09-15T08:42:00+00:00,890,1357
summary,2025-09-16,NVDA,,,,,,,0.00,,0,,,,,,,,,,0.6827,2025-09-15T15:54:00+00:00,1011,1673
summary,2025-09-16,MSFT,,,,,,,0.00,,0,,,,,,,,,,0.6601,2025-09-15T14:04:00+00:00,634,1165
summary,2025-09-17,SPY,,,,,,,0.00,,0,,,,,,,,,,0.3925,2025-09-15T10:33:00+00:00,1162,2161
summary,2025-09-17,QQQ,,,,,,,0.00,,0,,,,,,,,,,0.4378,2025-09-15T13:59:00+00:00,1320,2310
summary,2025-09-17,AAPL,,,,,,,0.00,,0,,,,,,,,,,0.9017,2025-09-15T08:42:00+00:00,1380,2060
summary,2025-09-17,NVDA,,,,,,,0.00,,0,,,,,,,,,,0.6827,2025-09-15T15:54:00+00:00,1011,2630
summary,2025-09-17,MSFT,,,,,,,0.00,,0,,,,,,,,,,0.6601,2025-09-15T14:04:00+00:00,671,1746
summary,2025-09-18,SPY,,,,,,,0.00,,0,,,,,,,,,,0.6935,2025-09-15T14:55:00+00:00,1458,2814
trade,2025-09-18,QQQ,Long,2025-09-18T14:27:00+00:00,2025-09-18T15:00:00+00:00,597.6142,596.0261,0.50,-0.80,-0.002657,1980000,ScoreExit,0.4009,-0.0504,0.5504,0.4499,0.2532,-0.5413,-0.1204,0.2532,,,
summary,2025-09-18,QQQ,,,,,,,-0.80,,1,,,,,,,,,,0.6197,2025-09-15T15:03:00+00:00,1781,2930
summary,2025-09-18,AAPL,,,,,,,0.00,,0,,,,,,,,,,0.7805,2025-09-15T14:59:00+00:00,1449,2584
trade,2025-09-18,NVDA,Long,2025-09-18T14:26:00+00:00,2025-09-18T15:56:00+00:00,175.4526,175.7623,1.71,0.53,0.001765,5400000,SessionClose,0.4685,0.1997,0.5408,0.4854,0.4105,0.4179,0.0320,0.4623,,,
summary,2025-09-18,NVDA,,,,,,,0.53,,1,,,,,,,,,,0.7766,2025-09-15T15:54:00+00:00,1431,3260
summary,2025-09-18,MSFT,,,,,,,0.00,,0,,,,,,,,,,0.9461,2025-09-15T15:04:00+00:00,796,2197
summary,2025-09-19,SPY,,,,,,,0.00,,0,,,,,,,,,,0.4366,2025-09-18T08:01:00+00:00,1489,2887
summary,2025-09-19,QQQ,,,,,,,0.00,,0,,,,,,,,,,0.4641,2025-09-18T08:11:00+00:00,1538,2972
trade,2025-09-19,AAPL,Long,2025-09-19T14:41:00+00:00,2025-09-19T15:56:00+00:00,241.7675,242.7522,1.24,1.22,0.004073,4500000,SessionClose,0.3786,0.3395,0.3738,0.3264,0.4847,0.2938,0.2661,0.5015,,,
summary,2025-09-19,AAPL,,,,,,,1.22,,1,,,,,,,,,,0.9414,2025-09-16T13:46:00+00:00,1237,2630
trade,2025-09-19,NVDA,Long,2025-09-19T14:02:00+00:00,2025-09-19T15:01:00+00:00,176.9981,177.1818,1.70,0.31,0.001038,3540000,ScoreExit,0.4071,-0.0949,0.4944,0.4293,0.3338,-0.0082,-0.2798,0.2460,,,
summary,2025-09-19,NVDA,,,,,,,0.31,,1,,,,,,,,,,0.5842,2025-09-16T13:41:00+00:00,1359,3256
trade,2025-09-19,MSFT,Long,2025-09-19T13:41:00+00:00,2025-09-19T15:06:00+00:00,512.7488,512.8061,0.59,0.03,0.000112,5100000,ScoreExit,0.4030,-0.1338,0.5620,0.4380,0.2799,-0.5061,-0.2455,0.2135,,,
summary,2025-09-19,MSFT,,,,,,,0.03,,1,,,,,,,,,,0.5837,2025-09-19T19:55:00+00:00,652,2131
summary,2025-09-22,SPY,,,,,,,0.00,,0,,,,,,,,,,0.4332,2025-09-19T19:54:00+00:00,712,1214
summary,2025-09-22,QQQ,,,,,,,0.00,,0,,,,,,,,,,0.4708,2025-09-19T19:54:00+00:00,770,1250
trade,2025-09-22,AAPL,Long,2025-09-22T13:59:00+00:00,2025-09-22T15:56:00+00:00,251.1653,256.0537,1.20,5.85,0.019463,7020000,SessionClose,0.5084,0.3491,0.5035,0.4000,0.7268,0.5497,0.1142,0.7519,,,
summary,2025-09-22,AAPL,,,,,,,5.85,,1,,,,,,,,,,0.9576,2025-09-19T14:52:00+00:00,1116,1241
summary,2025-09-22,NVDA,,,,,,,0.00,,0,,,,,,,,,,0.8922,2025-09-19T14:06:00+00:00,363,1338
summary,2025-09-22,MSFT,,,,,,,0.00,,0,,,,,,,,,,0.8984,2025-09-19T13:52:00+00:00,618,1072
summary,2025-09-23,SPY,,,,,,,0.00,,0,,,,,,,,,,0.4444,2025-09-22T16:39:00+00:00,789,1409
summary,2025-09-23,QQQ,,,,,,,0.00,,0,,,,,,,,,,0.4822,2025-09-22T16:34:00+00:00,878,1566
summary,2025-09-23,AAPL,,,,,,,0.00,,0,,,,,,,,,,0.7702,2025-09-22T08:48:00+00:00,1203,1484
summary,2025-09-23,NVDA,,,,,,,0.00,,0,,,,,,,,,,0.8914,2025-09-22T16:34:00+00:00,937,1674
summary,2025-09-23,MSFT,,,,,,,0.00,,0,,,,,,,,,,0.4236,2025-09-22T14:42:00+00:00,299,1121
summary,2025-09-24,SPY,,,,,,,0.00,,0,,,,,,,,,,0.4444,2025-09-22T16:39:00+00:00,1005,2187
summary,2025-09-24,QQQ,,,,,,,0.00,,0,,,,,,,,,,0.4822,2025-09-22T16:34:00+00:00,1091,2450
summary,2025-09-24,AAPL,,,,,,,0.00,,0,,,,,,,,,,0.7702,2025-09-22T08:48:00+00:00,1393,2181
summary,2025-09-24,NVDA,,,,,,,0.00,,0,,,,,,,,,,0.8914,2025-09-22T16:34:00+00:00,1034,2633
summary,2025-09-24,MSFT,,,,,,,0.00,,0,,,,,,,,,,0.4236,2025-09-22T14:42:00+00:00,299,1646
summary,2025-09-25,SPY,,,,,,,0.00,,0,,,,,,,,,,0.8106,2025-09-22T15:01:00+00:00,867,2712
summary,2025-09-25,QQQ,,,,,,,0.00,,0,,,,,,,,,,0.7956,2025-09-22T14:51:00+00:00,1006,3002
summary,2025-09-25,AAPL,,,,,,,0.00,,0,,,,,,,,,,0.9573,2025-09-22T14:51:00+00:00,1431,2639
trade,2025-09-25,NVDA,Long,2025-09-25T14:01:00+00:00,2025-09-25T15:56:00+00:00,175.4876,179.7910,1.71,7.36,0.024523,6900000,SessionClose,0.4006,0.4927,0.5006,0.5330,0.1025,0.5226,0.4698,0.5284,,,
summary,2025-09-25,NVDA,,,,,,,7.36,,1,,,,,,,,,,0.9281,2025-09-22T16:11:00+00:00,1083,3261
summary,2025-09-25,MSFT,,,,,,,0.00,,0,,,,,,,,,,0.8074,2025-09-22T14:42:00+00:00,307,2059
summary,2025-09-26,SPY,,,,,,,0.00,,0,,,,,,,,,,0.3398,2025-09-26T16:58:00+00:00,507,2757
summary,2025-09-26,QQQ,,,,,,,0.00,,0,,,,,,,,,,0.3560,2025-09-26T12:38:00+00:00,573,3029
trade,2025-09-26,AAPL,Long,2025-09-26T13:41:00+00:00,2025-09-26T14:11:00+00:00,255.2716,255.1284,1.17,-0.17,-0.000561,1800000,ScoreExit,0.3805,-0.0747,0.5376,0.4155,0.2581,-0.5739,-0.1015,0.1453,,,
summary,2025-09-26,AAPL,,,,,,,-0.17,,1,,,,,,,,,,0.5569,2025-09-23T14:28:00+00:00,868,2591
summary,2025-09-26,NVDA,,,,,,,0.00,,0,,,,,,,,,,0.5706,2025-09-24T08:04:00+00:00,693,3254
trade,2025-09-26,MSFT,Long,2025-09-26T13:41:00+00:00,2025-09-26T14:06:00+00:00,512.7588,511.5715,0.59,-0.69,-0.002316,1500000,ScoreExit,0.4102,-0.1998,0.4511,0.4394,0.3382,-0.4910,-0.3232,0.1440,,,
summary,2025-09-26,MSFT,,,,,,,-0.69,,1,,,,,,,,,,0.4245,2025-09-26T13:42:00+00:00,642,2044
summary,2025-09-29,SPY,,,,,,,0.00,,0,,,,,,,,,,0.4491,2025-09-29T08:06:00+00:00,791,1207
trade,2025-09-29,QQQ,Long,2025-09-29T13:46:00+00:00,2025-09-29T15:02:00+00:00,601.1603,600.9747,0.50,-0.09,-0.000309,4560000,MaxHoldTimeout,0.4034,0.0630,0.5689,0.3513,0.4526,0.1237,-0.1178,0.4043,,,
summary,2025-09-29,QQQ,,,,,,,-0.09,,1,,,,,,,,,,0.4958,2025-09-29T08:05:00+00:00,885,1217
summary,2025-09-29,AAPL,,,,,,,0.00,,0,,,,,,,,,,0.9110,2025-09-26T13:46:00+00:00,412,1127
summary,2025-09-29,NVDA,,,,,,,0.00,,0,,,,,,,,,,0.8722,2025-09-26T13:32:00+00:00,1052,1340
trade,2025-09-29,MSFT,Long,2025-09-29T13:46:00+00:00,2025-09-29T14:57:00+00:00,514.3393,514.3706,0.58,0.02,0.000061,4260000,ScoreExit,0.4700,-0.0671,0.6128,0.4111,0.5402,-0.5084,-0.2825,0.5110,,,
summary,2025-09-29,MSFT,,,,,,,0.02,,1,,,,,,,,,,0.8436,2025-09-26T13:38:00+00:00,527,975
summary,2025-09-30,SPY,,,,,,,0.00,,0,,,,,,,,,,0.6011,2025-09-29T09:27:00+00:00,638,1473
summary,2025-09-30,QQQ,,,,,,,0.00,,0,,,,,,,,,,0.6093,2025-09-29T09:28:00+00:00,578,1569
summary,2025-09-30,AAPL,,,,,,,0.00,,0,,,,,,,,,,0.6308,2025-09-29T09:43:00+00:00,612,1223
trade,2025-09-30,NVDA,Long,2025-09-30T14:00:00+00:00,2025-09-30T15:56:00+00:00,183.6102,186.3891,1.64,4.54,0.015135,6960000,SessionClose,0.4171,0.3314,0.5642,0.2975,0.6072,0.4761,0.0717,0.8026,,,
summary,2025-09-30,NVDA,,,,,,,4.54,,1,,,,,,,,,,0.7546,2025-09-29T13:44:00+00:00,871,1665
trade,2025-09-30,MSFT,Long,2025-09-30T14:46:00+00:00,2025-09-30T15:26:00+00:00,515.0995,515.3394,0.58,0.14,0.000466,2400000,ScoreExit,0.4484,-0.0581,0.5800,0.4838,0.3336,-0.5339,-0.1694,0.3232,,,
summary,2025-09-30,MSFT,,,,,,,0.14,,1,,,,,,,,,,0.6599,2025-09-29T14:07:00+00:00,589,985
summary,2025-10-01,SPY,,,,,,,0.00,,0,,,,,,,,,,0.6011,2025-09-29T09:27:00+00:00,1135,2349
summary,2025-10-01,QQQ,,,,,,,0.00,,0,,,,,,,,,,0.6093,2025-09-29T09:28:00+00:00,1053,2480
summary,2025-10-01,AAPL,,,,,,,0.00,,0,,,,,,,,,,0.6308,2025-09-29T09:43:00+00:00,939,1900
trade,2025-10-01,NVDA,Long,2025-10-01T14:21:00+00:00,2025-10-01T15:28:00+00:00,185.4356,186.6040,1.62,1.89,0.006301,4020000,ScoreExit,0.4155,-0.0517,0.5075,0.4032,0.4095,-0.5112,-0.1990,0.3959,,,
summary,2025-10-01,NVDA,,,,,,,1.89,,1,,,,,,,,,,0.7546,2025-09-29T13:44:00+00:00,1497,2624
summary,2025-10-01,MSFT,,,,,,,0.00,,0,,,,,,,,,,0.6599,2025-09-29T14:07:00+00:00,827,1610
summary,2025-10-02,SPY,,,,,,,0.00,,0,,,,,,,,,,0.3883,2025-09-29T14:43:00+00:00,1381,2889
summary,2025-10-02,QQQ,,,,,,,0.00,,0,,,,,,,,,,0.4810,2025-09-29T13:49:00+00:00,1398,3051
summary,2025-10-02,AAPL,,,,,,,0.00,,0,,,,,,,,,,0.4839,2025-10-01T13:36:00+00:00,1363,2433
summary,2025-10-02,NVDA,,,,,,,0.00,,0,,,,,,,,,,1.0000,2025-09-29T13:36:00+00:00,1981,3254
summary,2025-10-02,MSFT,,,,,,,0.00,,0,,,,,,,,,,0.9163,2025-09-29T13:45:00+00:00,1085,2093
summary,2025-10-03,SPY,,,,,,,0.00,,0,,,,,,,,,,0.5235,2025-09-30T19:53:00+00:00,1724,2870
summary,2025-10-03,QQQ,,,,,,,0.00,,0,,,,,,,,,,0.8157,2025-09-30T15:01:00+00:00,2000,3045
trade,2025-10-03,AAPL,Long,2025-10-03T13:31:00+00:00,2025-10-03T15:32:00+00:00,255.2916,258.5574,1.18,3.84,0.012793,7260000,MaxHoldTimeout,0.3926,0.2952,0.5790,0.4872,0.1414,0.3533,0.2551,0.3561,,,
summary,2025-10-03,AAPL,,,,,,,3.84,,1,,,,,,,,,,0.6695,2025-09-30T14:02:00+00:00,1334,2488
summary,2025-10-03,NVDA,,,,,,,0.00,,0,,,,,,,,,,0.9585,2025-09-30T14:51:00+00:00,2279,3253
trade,2025-10-03,MSFT,Long,2025-10-03T13:56:00+00:00,2025-10-03T15:56:00+00:00,518.7906,519.4691,0.58,0.39,0.001308,7200000,SessionClose,0.4036,-0.0237,0.5221,0.4899,0.1915,-0.3455,-0.0993,0.2348,,,
summary,2025-10-03,MSFT,,,,,,,0.39,,1,,,,,,,,,,0.9606,2025-09-30T14:46:00+00:00,1155,2138
summary,2025-10-06,SPY,,,,,,,0.00,,0,,,,,,,,,,0.7709,2025-10-03T14:41:00+00:00,607,1185
summary,2025-10-06,QQQ,,,,,,,0.00,,0,,,,,,,,,,0.4113,2025-10-06T15:51:00+00:00,682,1253
summary,2025-10-06,AAPL,,,,,,,0.00,,0,,,,,,,,,,1.0000,2025-10-03T13:34:00+00:00,579,1104
summary,2025-10-06,NVDA,,,,,,,0.00,,0,,,,,,,,,,0.6995,2025-10-03T13:39:00+00:00,261,1340
trade,2025-10-06,MSFT,Long,2025-10-06T13:31:00+00:00,2025-10-06T15:32:00+00:00,519.9309,523.6379,0.58,2.14,0.007130,7260000,MaxHoldTimeout,0.4189,0.1781,0.4440,0.4124,0.4234,0.0932,0.0068,0.5490,,,
summary,2025-10-06,MSFT,,,,,,,2.14,,1,,,,,,,,,,0.8966,2025-10-03T14:48:00+00:00,597,955
summary,2025-10-07,SPY,,,,,,,0.00,,0,,,,,,,,,,0.6998,2025-10-06T09:37:00+00:00,751,1432
summary,2025-10-07,QQQ,,,,,,,0.00,,0,,,,,,,,,,0.7057,2025-10-06T09:31:00+00:00,790,1596
trade,2025-10-07,AAPL,Long,2025-10-07T13:40:00+00:00,2025-10-07T14:03:00+00:00,257.2421,256.7929,1.17,-0.52,-0.001746,1380000,ScoreExit,0.3579,-0.0613,0.4698,0.3820,0.2722,-0.5647,-0.0687,0.1213,,,
summary,2025-10-07,AAPL,,,,,,,-0.52,,1,,,,,,,,,,0.5716,2025-10-06T11:13:00+00:00,601,1281
summary,2025-10-07,NVDA,,,,,,,0.00,,0,,,,,,,,,,0.6542,2025-10-06T13:46:00+00:00,1005,1673
summary,2025-10-07,MSFT,,,,,,,0.00,,0,,,,,,,,,,0.7873,2025-10-06T10:54:00+00:00,569,1064
summary,2025-10-08,SPY,,,,,,,0.00,,0,,,,,,,,,,0.6998,2025-10-06T09:37:00+00:00,1278,2222
summary,2025-10-08,QQQ,,,,,,,0.00,,0,,,,,,,,,,0.7057,2025-10-06T09:31:00+00:00,1202,2471
trade,2025-10-08,AAPL,Long,2025-10-08T14:09:00+00:00,2025-10-08T15:32:00+00:00,257.8023,257.8626,1.16,0.07,0.000234,4980000,ScoreExit,0.3585,-0.0583,0.5170,0.3867,0.2492,-0.5365,-0.1546,0.2937,,,
summary,2025-10-08,AAPL,,,,,,,0.07,,1,,,,,,,,,,0.5716,2025-10-06T11:13:00+00:00,971,1892
trade,2025-10-08,NVDA,Long,2025-10-08T13:31:00+00:00,2025-10-08T14:51:00+00:00,187.2462,188.2735,1.60,1.64,0.005487,4800000,ScoreExit,0.4474,-0.0678,0.4891,0.4615,0.4053,-0.5335,-0.2175,0.3870,,,
summary,2025-10-08,NVDA,,,,,,,1.64,,1,,,,,,,,,,0.6542,2025-10-06T13:46:00+00:00,1507,2628
summary,2025-10-08,MSFT,,,,,,,0.00,,0,,,,,,,,,,0.7873,2025-10-06T10:54:00+00:00,645,1565
summary,2025-10-09,SPY,,,,,,,0.00,,0,,,,,,,,,,0.4808,2025-10-06T15:04:00+00:00,1627,2768
summary,2025-10-09,QQQ,,,,,,,0.00,,0,,,,,,,,,,0.4630,2025-10-06T15:51:00+00:00,1659,3065
summary,2025-10-09,AAPL,,,,,,,0.00,,0,,,,,,,,,,0.8971,2025-10-06T14:12:00+00:00,908,2356
trade,2025-10-09,NVDA,Long,2025-10-09T13:46:00+00:00,2025-10-09T14:40:00+00:00,192.7804,192.4173,1.56,-0.57,-0.001884,3240000,ScoreExit,0.5125,-0.0564,0.5702,0.4187,0.6810,-0.5799,-0.3343,0.6739,,,
summary,2025-10-09,NVDA,,,,,,,-0.57,,1,,,,,,,,,,1.0000,2025-10-06T13:40:00+00:00,2126,3262
summary,2025-10-09,MSFT,,,,,,,0.00,,0,,,,,,,,,,0.8966,2025-10-06T13:54:00+00:00,640,2010
summary,2025-10-10,SPY,,,,,,,0.00,,0,,,,,,,,,,0.3651,2025-10-08T14:29:00+00:00,1317,2822
summary,2025-10-10,QQQ,,,,,,,0.00,,0,,,,,,,,,,0.4484,2025-10-08T14:08:00+00:00,1585,3056
trade,2025-10-10,AAPL,Long,2025-10-10T13:37:00+00:00,2025-10-10T14:53:00+00:00,255.4738,254.8835,1.17,-0.69,-0.002311,4560000,MaxHoldTimeout,0.3758,0.0000,0.5229,0.5091,0.0600,-0.5330,-0.1912,-0.1655,,,
summary,2025-10-10,AAPL,,,,,,,-0.69,,1,,,,,,,,,,0.4143,2025-10-08T14:08:00+00:00,628,2362
trade,2025-10-10,NVDA,Long,2025-10-10T14:06:00+00:00,2025-10-10T14:58:00+00:00,194.2968,194.6717,1.54,0.58,0.001930,3120000,ScoreExit,0.4097,-0.0864,0.5366,0.4079,0.3710,-0.5734,-0.2340,0.3710,,,
summary,2025-10-10,NVDA,,,,,,,0.58,,1,,,,,,,,,,0.8976,2025-10-07T13:50:00+00:00,2035,3263
summary,2025-10-10,MSFT,,,,,,,0.00,,0,,,,,,,,,,0.5560,2025-10-07T14:44:00+00:00,481,1982
trade,2025-10-13,SPY,Long,2025-10-13T13:58:00+00:00,2025-10-13T14:21:00+00:00,662.6537,661.6464,0.45,-0.46,-0.001520,1380000,ScoreExit,0.4140,-0.0578,0.5584,0.3843,0.4254,-0.4925,-0.1607,0.2927,,,
summary,2025-10-13,SPY,,,,,,,-0.46,,1,,,,,,,,,,0.8140,2025-10-13T08:02:00+00:00,493,1315
trade,2025-10-13,QQQ,Long,2025-10-13T13:56:00+00:00,2025-10-13T14:46:00+00:00,600.7552,599.8650,0.50,-0.44,-0.001482,3000000,ScoreExit,0.4092,-0.0783,0.5143,0.3232,0.5462,-0.2242,-0.2931,0.3998,,,
summary,2025-10-13,QQQ,,,,,,,-0.44,,1,,,,,,,,,,0.8826,2025-10-13T08:02:00+00:00,585,1350
trade,2025-10-13,AAPL,Long,2025-10-13T13:30:00+00:00,2025-10-13T13:31:00+00:00,249.3898,248.1105,1.20,-1.53,-0.005130,60000,ScoreExit,0.3652,-0.2677,0.5672,0.2378,0.5527,-0.4653,-0.4701,0.2028,,,
summary,2025-10-13,AAPL,,,,,,,-1.53,,1,,,,,,,,,,0.8349,2025-10-10T13:41:00+00:00,472,1263
trade,2025-10-13,NVDA,Long,2025-10-13T13:52:00+00:00,2025-10-13T14:22:00+00:00,188.8916,188.5484,1.59,-0.55,-0.001817,1800000,ScoreExit,0.4094,-0.0820,0.5641,0.2515,0.6737,-0.5875,-0.2124,0.3474,,,
summary,2025-10-13,NVDA,,,,,,,-0.55,,1,,,,,,,,,,0.9473,2025-10-10T14:49:00+00:00,597,1351
summary,2025-10-13,MSFT,,,,,,,0.00,,0,,,,,,,,,,0.7716,2025-10-13T08:01:00+00:00,353,1115
summary,2025-10-14,SPY,,,,,,,0.00,,0,,,,,,,,,,0.4837,2025-10-13T17:03:00+00:00,706,1571
summary,2025-10-14,QQQ,,,,,,,0.00,,0,,,,,,,,,,0.5198,2025-10-13T16:58:00+00:00,752,1622
summary,2025-10-14,AAPL,,,,,,,0.00,,0,,,,,,,,,,0.6167,2025-10-13T15:29:00+00:00,584,1337
summary,2025-10-14,NVDA,,,,,,,0.00,,0,,,,,,,,,,0.6488,2025-10-13T14:00:00+00:00,450,1679
summary,2025-10-14,MSFT,,,,,,,0.00,,0,,,,,,,,,,0.4794,2025-10-13T09:12:00+00:00,398,1091
trade,2025-10-15,SPY,Long,2025-10-15T14:06:00+00:00,2025-10-15T15:01:00+00:00,669.4958,668.6599,0.45,-0.37,-0.001248,3300000,ScoreExit,0.4038,-0.0674,0.5574,0.4505,0.2592,-0.0983,-0.1714,0.1510,,,
summary,2025-10-15,SPY,,,,,,,-0.37,,1,,,,,,,,,,0.4837,2025-10-13T17:03:00+00:00,1257,2436
trade,2025-10-15,QQQ,Long,2025-10-15T14:09:00+00:00,2025-10-15T15:11:00+00:00,606.3669,605.8782,0.49,-0.24,-0.000806,3720000,ScoreExit,0.4001,-0.0555,0.5661,0.4199,0.3053,-0.3048,-0.1344,0.1854,,,
summary,2025-10-15,QQQ,,,,,,,-0.24,,1,,,,,,,,,,0.5198,2025-10-13T16:58:00+00:00,1253,2536
trade,2025-10-15,AAPL,Long,2025-10-15T13:56:00+00:00,2025-10-15T14:51:00+00:00,250.4401,250.3699,1.20,-0.08,-0.000280,3300000,ScoreExit,0.4074,-0.0538,0.4574,0.3682,0.4691,-0.5476,-0.2231,0.4497,,,
summary,2025-10-15,AAPL,,,,,,,-0.08,,1,,,,,,,,,,0.6167,2025-10-13T15:29:00+00:00,1058,2027
summary,2025-10-15,NVDA,,,,,,,0.00,,0,,,,,,,,,,0.6488,2025-10-13T14:00:00+00:00,665,2639
summary,2025-10-15,MSFT,,,,,,,0.00,,0,,,,,,,,,,0.4794,2025-10-13T09:12:00+00:00,681,1645
summary,2025-10-16,SPY,,,,,,,0.00,,0,,,,,,,,,,0.5767,2025-10-13T14:00:00+00:00,1631,3012
summary,2025-10-16,QQQ,,,,,,,0.00,,0,,,,,,,,,,0.7221,2025-10-13T14:00:00+00:00,1792,3136
summary,2025-10-16,AAPL,,,,,,,0.00,,0,,,,,,,,,,0.6415,2025-10-13T16:03:00+00:00,1342,2446
summary,2025-10-16,NVDA,,,,,,,0.00,,0,,,,,,,,,,0.8947,2025-10-13T13:59:00+00:00,702,3268
summary,2025-10-16,MSFT,,,,,,,0.00,,0,,,,,,,,,,0.5469,2025-10-13T14:01:00+00:00,817,2039
summary,2025-10-17,SPY,,,,,,,0.00,,0,,,,,,,,,,0.9570,2025-10-14T15:04:00+00:00,1819,3062
trade,2025-10-17,QQQ,Long,2025-10-17T14:15:00+00:00,2025-10-17T14:36:00+00:00,602.7858,600.2649,0.44,-1.10,-0.004182,1260000,ScoreExit,0.4027,-0.1190,0.5846,0.4843,0.1789,-0.5274,-0.1465,0.0722,,,
summary,2025-10-17,QQQ,,,,,,,-1.10,,1,,,,,,,,,,0.9585,2025-10-14T15:04:00+00:00,1855,3168
trade,2025-10-17,AAPL,Long,2025-10-17T13:32:00+00:00,2025-10-17T13:42:00+00:00,249.0797,247.5807,1.20,-1.81,-0.006018,600000,ScoreExit,0.3809,-0.0695,0.5816,0.3513,0.3732,-0.5033,-0.1312,0.1986,,,
trade,2025-10-17,AAPL,Long,2025-10-17T14:04:00+00:00,2025-10-17T14:56:00+00:00,249.0897,248.9249,1.20,-0.20,-0.000662,3120000,ScoreExit,0.3589,-0.0504,0.5443,0.3276,0.3599,-0.5568,-0.1690,0.3555,,,
summary,2025-10-17,AAPL,,,,,,,-2.00,,2,,,,,,,,,,0.9556,2025-10-14T14:49:00+00:00,1597,2488
trade,2025-10-17,NVDA,Long,2025-10-17T13:48:00+00:00,2025-10-17T14:53:00+00:00,181.2294,182.0354,1.66,1.33,0.004448,3900000,ScoreExit,0.4070,-0.0516,0.4476,0.4406,0.3264,-0.4561,-0.1852,0.3506,,,
summary,2025-10-17,NVDA,,,,,,,1.33,,1,,,,,,,,,,0.8824,2025-10-14T14:25:00+00:00,1781,3270
summary,2025-10-17,MSFT,,,,,,,0.00,,0,,,,,,,,,,0.9354,2025-10-14T15:03:00+00:00,1137,2052
summary,2025-10-20,SPY,,,,,,,0.00,,0,,,,,,,,,,0.8680,2025-10-17T14:15:00+00:00,997,1210
summary,2025-10-20,QQQ,,,,,,,0.00,,0,,,,,,,,,,0.9060,2025-10-17T13:56:00+00:00,1084,1282
trade,2025-10-20,AAPL,Long,2025-10-20T14:29:00+00:00,2025-10-20T15:56:00+00:00,259.7029,263.3560,1.16,4.23,0.014066,5220000,SessionClose,0.5213,0.1726,0.5319,0.3585,0.8434,-0.3948,-0.0334,0.7738,,,
summary,2025-10-20,AAPL,,,,,,,4.23,,1,,,,,,,,,,0.9461,2025-10-17T13:31:00+00:00,1106,1169
trade,2025-10-20,NVDA,Long,2025-10-20T14:21:00+00:00,2025-10-20T15:14:00+00:00,183.4350,183.2700,1.64,-0.27,-0.000900,3180000,ScoreExit,0.5034,-0.0681,0.5774,0.4748,0.5359,-0.5263,-0.2456,0.4397,,,
summary,2025-10-20,NVDA,,,,,,,-0.27,,1,,,,,,,,,,0.9592,2025-10-17T13:37:00+00:00,1094,1345
summary,2025-10-20,MSFT,,,,,,,0.00,,0,,,,,,,,,,0.9005,2025-10-17T14:15:00+00:00,699,924
summary,2025-10-21,SPY,,,,,,,0.00,,0,,,,,,,,,,0.4262,2025-10-20T14:49:00+00:00,979,1504
summary,2025-10-21,QQQ,,,,,,,0.00,,0,,,,,,,,,,0.5115,2025-10-20T14:54:00+00:00,1029,1624
trade,2025-10-21,AAPL,Long,2025-10-21T13:31:00+00:00,2025-10-21T14:44:00+00:00,262.5838,263.1360,1.14,0.63,0.002103,4380000,ScoreExit,0.4533,-0.0527,0.4535,0.4249,0.5101,-0.4548,-0.2572,0.4904,,,
summary,2025-10-21,AAPL,,,,,,,0.63,,1,,,,,,,,,,0.7162,2025-10-20T10:51:00+00:00,1202,1466
summary,2025-10-21,NVDA,,,,,,,0.00,,0,,,,,,,,,,0.6720,2025-10-20T14:25:00+00:00,455,1665
summary,2025-10-21,MSFT,,,,,,,0.00,,0,,,,,,,,,,0.6329,2025-10-20T14:44:00+00:00,541,974
summary,2025-10-22,SPY,,,,,,,0.00,,0,,,,,,,,,,0.4262,2025-10-20T14:49:00+00:00,1187,2311
summary,2025-10-22,QQQ,,,,,,,0.00,,0,,,,,,,,,,0.5115,2025-10-20T14:54:00+00:00,1055,2547
summary,2025-10-22,AAPL,,,,,,,0.00,,0,,,,,,,,,,0.7162,2025-10-20T10:51:00+00:00,1271,2208
trade,2025-10-22,NVDA,Long,2025-10-22T13:51:00+00:00,2025-10-22T15:07:00+00:00,182.4999,180.3309,1.64,-3.56,-0.011885,4560000,MaxHoldTimeout,0.4283,0.0000,0.5609,0.5329,0.1749,-0.0777,-0.1688,-0.1127,,,
summary,2025-10-22,NVDA,,,,,,,-3.56,,1,,,,,,,,,,0.6720,2025-10-20T14:25:00+00:00,538,2605
trade,2025-10-22,MSFT,Long,2025-10-22T13:41:00+00:00,2025-10-22T14:36:00+00:00,522.9318,521.4985,0.57,-0.82,-0.002741,3300000,ScoreExit,0.4091,-0.0829,0.6487,0.3997,0.3480,-0.5778,-0.2525,0.4213,,,
trade,2025-10-22,MSFT,Long,2025-10-22T15:00:00+00:00,2025-10-22T15:21:00+00:00,525.0725,522.9281,0.57,-1.23,-0.004084,1260000,ScoreExit,0.4004,-0.0747,0.5847,0.3592,0.4213,-0.3337,-0.2574,0.3770,,,
summary,2025-10-22,MSFT,,,,,,,-2.05,,2,,,,,,,,,,0.6329,2025-10-20T14:44:00+00:00,912,1508
summary,2025-10-23,SPY,,,,,,,0.00,,0,,,,,,,,,,0.8270,2025-10-20T14:55:00+00:00,1443,2870
trade,2025-10-23,QQQ,Long,2025-10-23T13:51:00+00:00,2025-10-23T14:19:00+00:00,608.6075,607.0028,0.49,-0.79,-0.002637,1680000,ScoreExit,0.4148,-0.0539,0.5895,0.5624,0.0615,-0.4977,-0.0142,0.0145,,,
summary,2025-10-23,QQQ,,,,,,,-0.79,,1,,,,,,,,,,0.8517,2025-10-20T14:55:00+00:00,1321,3142
summary,2025-10-23,AAPL,,,,,,,0.00,,0,,,,,,,,,,0.9593,2025-10-20T15:01:00+00:00,1102,2667
trade,2025-10-23,NVDA,Long,2025-10-23T13:51:00+00:00,2025-10-23T15:41:00+00:00,181.5795,181.8004,1.65,0.37,0.001217,6600000,ScoreExit,0.4159,-0.0639,0.5966,0.4963,0.1948,-0.1285,-0.2432,0.3163,,,
summary,2025-10-23,NVDA,,,,,,,0.37,,1,,,,,,,,,,0.9009,2025-10-20T14:23:00+00:00,724,3223
summary,2025-10-23,MSFT,,,,,,,0.00,,0,,,,,,,,,,0.9578,2025-10-20T14:45:00+00:00,1196,1939
summary,2025-10-24,SPY,,,,,,,0.00,,0,,,,,,,,,,0.7799,2025-10-21T14:59:00+00:00,1551,2852
summary,2025-10-24,QQQ,,,,,,,0.00,,0,,,,,,,,,,0.7147,2025-10-21T14:58:00+00:00,1555,3146
trade,2025-10-24,AAPL,Long,2025-10-24T14:42:00+00:00,2025-10-24T15:56:00+00:00,261.4584,262.8761,1.15,1.63,0.005422,4440000,SessionClose,0.3548,0.1275,0.4863,0.3837,0.2532,-0.5474,0.0867,0.4340,,,
summary,2025-10-24,AAPL,,,,,,,1.63,,1,,,,,,,,,,1.0000,2025-10-21T13:39:00+00:00,557,2508
summary,2025-10-24,NVDA,,,,,,,0.00,,0,,,,,,,,,,0.6588,2025-10-21T15:14:00+00:00,1848,3223
summary,2025-10-24,MSFT,,,,,,,0.00,,0,,,,,,,,,,0.5108,2025-10-21T15:03:00+00:00,1323,2062
summary,2025-10-27,SPY,,,,,,,0.00,,0,,,,,,,,,,0.5269,2025-10-27T08:01:00+00:00,840,1214
summary,2025-10-27,QQQ,,,,,,,0.00,,0,,,,,,,,,,0.6061,2025-10-27T08:05:00+00:00,958,1254
trade,2025-10-27,AAPL,Long,2025-10-27T13:31:00+00:00,2025-10-27T14:50:00+00:00,265.7601,265.5003,1.13,-0.29,-0.000977,4740000,MaxHoldTimeout,0.4311,-0.0271,0.4609,0.3613,0.5609,-0.4645,-0.2273,0.5189,,,
summary,2025-10-27,AAPL,,,,,,,-0.29,,1,,,,,,,,,,0.9579,2025-10-24T14:47:00+00:00,977,1118
trade,2025-10-27,NVDA,Long,2025-10-27T13:41:00+00:00,2025-10-27T14:07:00+00:00,190.9289,190.2779,1.57,-1.02,-0.003409,1560000,ScoreExit,0.4466,-0.0514,0.5494,0.3678,0.5700,-0.5805,-0.2481,0.5183,,,
summary,2025-10-27,NVDA,,,,,,,-1.02,,1,,,,,,,,,,1.0000,2025-10-24T13:38:00+00:00,1107,1350
trade,2025-10-27,MSFT,Long,2025-10-27T14:11:00+00:00,2025-10-27T15:27:00+00:00,533.2324,532.6652,0.56,-0.32,-0.001064,4560000,MaxHoldTimeout,0.4257,0.0750,0.4761,0.3634,0.5333,0.2017,-0.1691,0.5208,,,
summary,2025-10-27,MSFT,,,,,,,-0.32,,1,,,,,,,,,,0.6838,2025-10-24T13:45:00+00:00,756,1034
summary,2025-10-28,SPY,,,,,,,0.00,,0,,,,,,,,,,0.3847,2025-10-28T18:19:00+00:00,1022,1517
summary,2025-10-28,QQQ,,,,,,,0.00,,0,,,,,,,,,,0.6156,2025-10-27T09:34:00+00:00,1318,1645
summary,2025-10-28,AAPL,,,,,,,0.00,,0,,,,,,,,,,0.5276,2025-10-27T19:53:00+00:00,940,1397
trade,2025-10-28,NVDA,Long,2025-10-28T13:31:00+00:00,2025-10-28T14:27:00+00:00,193.8081,192.9921,1.55,-1.26,-0.004211,3360000,ScoreExit,0.5444,-0.0725,0.5542,0.5007,0.6285,-0.4306,-0.3181,0.5380,,,
summary,2025-10-28,NVDA,,,,,,,-1.26,,1,,,,,,,,,,0.8686,2025-10-27T09:16:00+00:00,1326,1671
summary,2025-10-28,MSFT,,,,,,,0.00,,0,,,,,,,,,,0.9176,2025-10-28T13:03:00+00:00,799,1215
summary,2025-10-29,SPY,,,,,,,0.00,,0,,,,,,,,,,0.3847,2025-10-28T18:19:00+00:00,1578,2380
summary,2025-10-29,QQQ,,,,,,,0.00,,0,,,,,,,,,,0.6156,2025-10-27T09:34:00+00:00,1983,2575
trade,2025-10-29,AAPL,Long,2025-10-29T13:34:00+00:00,2025-10-29T14:31:00+00:00,269.6359,269.9840,1.11,0.39,0.001291,3420000,ScoreExit,0.3571,-0.1191,0.5736,0.2936,0.4118,-0.5485,-0.2367,0.2593,,,
summary,2025-10-29,AAPL,,,,,,,0.39,,1,,,,,,,,,,0.5276,2025-10-27T19:53:00+00:00,1435,2227
summary,2025-10-29,NVDA,,,,,,,0.00,,0,,,,,,,,,,0.8686,2025-10-27T09:16:00+00:00,2172,2631
summary,2025-10-29,MSFT,,,,,,,0.00,,0,,,,,,,,,,0.9176,2025-10-28T13:03:00+00:00,1170,1981
summary,2025-10-30,SPY,,,,,,,0.00,,0,,,,,,,,,,0.4754,2025-10-27T14:44:00+00:00,1767,2966
summary,2025-10-30,QQQ,,,,,,,0.00,,0,,,,,,,,,,0.7500,2025-10-27T14:44:00+00:00,2164,3194
summary,2025-10-30,AAPL,,,,,,,0.00,,0,,,,,,,,,,0.7399,2025-10-27T14:06:00+00:00,1940,2840
summary,2025-10-30,NVDA,,,,,,,0.00,,0,,,,,,,,,,0.7252,2025-10-27T15:04:00+00:00,2528,3261
summary,2025-10-30,MSFT,,,,,,,0.00,,0,,,,,,,,,,0.9534,2025-10-27T14:41:00+00:00,1128,2715
summary,2025-10-31,SPY,,,,,,,0.00,,0,,,,,,,,,,0.4397,2025-10-28T18:19:00+00:00,1257,3007
summary,2025-10-31,QQQ,,,,,,,0.00,,0,,,,,,,,,,0.5083,2025-10-28T19:28:00+00:00,1657,3213
summary,2025-10-31,AAPL,,,,,,,0.00,,0,,,,,,,,,,0.8183,2025-10-30T20:50:00+00:00,1574,2971
summary,2025-10-31,NVDA,,,,,,,0.00,,0,,,,,,,,,,1.0000,2025-10-28T13:32:00+00:00,2177,3269
summary,2025-10-31,MSFT,,,,,,,0.00,,0,,,,,,,,,,0.4516,2025-10-29T08:04:00+00:00,305,2826
summary,2025-11-03,SPY,,,,,,,0.00,,0,,,,,,,,,,0.6652,2025-10-31T14:45:00+00:00,557,1235
summary,2025-11-03,QQQ,,,,,,,0.00,,0,,,,,,,,,,0.7768,2025-10-31T14:46:00+00:00,603,1259
summary,2025-11-03,AAPL,,,,,,,0.00,,0,,,,,,,,,,0.6226,2025-10-31T16:36:00+00:00,175,1144
summary,2025-11-03,NVDA,,,,,,,0.00,,0,,,,,,,,,,0.9397,2025-10-31T13:37:00+00:00,664,1346
trade,2025-11-03,MSFT,Long,2025-11-03T14:31:00+00:00,2025-11-03T15:21:00+00:00,520.9662,519.8440,0.41,-0.46,-0.002154,3000000,ScoreExit,0.4075,-0.0894,0.5132,0.3274,0.5325,-0.5015,-0.2261,0.3213,,,
summary,2025-11-03,MSFT,,,,,,,-0.46,,1,,,,,,,,,,0.5999,2025-10-31T15:04:00+00:00,388,1156
summary,2025-11-04,SPY,,,,,,,0.00,,0,,,,,,,,,,0.3719,2025-11-03T14:24:00+00:00,423,1636
summary,2025-11-04,QQQ,,,,,,,0.00,,0,,,,,,,,,,0.4762,2025-11-03T10:23:00+00:00,436,1667
summary,2025-11-04,AAPL,,,,,,,0.00,,0,,,,,,,,,,0.5258,2025-11-04T16:22:00+00:00,621,1352
summary,2025-11-04,NVDA,,,,,,,0.00,,0,,,,,,,,,,0.8933,2025-11-03T09:43:00+00:00,574,1680
summary,2025-11-04,MSFT,,,,,,,0.00,,0,,,,,,,,,,0.7288,2025-11-03T10:29:00+00:00,242,1462
summary,2025-11-05,SPY,,,,,,,0.00,,0,,,,,,,,,,0.3719,2025-11-03T14:24:00+00:00,684,2570
summary,2025-11-05,QQQ,,,,,,,0.00,,0,,,,,,,,,,0.4762,2025-11-03T10:23:00+00:00,684,2626
summary,2025-11-05,AAPL,,,,,,,0.00,,0,,,,,,,,,,0.5258,2025-11-04T16:22:00+00:00,1085,2111
trade,2025-11-05,NVDA,Long,2025-11-05T15:46:00+00:00,2025-11-05T15:56:00+00:00,201.2604,201.8044,1.49,0.81,0.002703,600000,SessionClose,0.4062,0.4404,0.4870,0.4473,0.2969,0.4094,0.5173,0.2969,,,
trade,2025-11-05,NVDA,Long,2025-11-05T15:58:00+00:00,2025-11-05T15:59:00+00:00,202.4557,202.6592,1.48,0.30,0.001005,60000,SessionClose,0.4569,0.4581,0.5745,0.5173,0.2969,0.5871,0.5173,0.2969,,,
summary,2025-11-05,NVDA,,,,,,,1.11,,2,,,,,,,,,,0.8933,2025-11-03T09:43:00+00:00,852,2636
summary,2025-11-05,MSFT,,,,,,,0.00,,0,,,,,,,,,,0.7288,2025-11-03T10:29:00+00:00,312,2256
summary,2025-11-06,SPY,,,,,,,0.00,,0,,,,,,,,,,0.3884,2025-11-03T17:14:00+00:00,651,3179
summary,2025-11-06,QQQ,,,,,,,0.00,,0,,,,,,,,,,0.3618,2025-11-03T17:14:00+00:00,554,3250
trade,2025-11-06,AAPL,Long,2025-11-06T15:16:00+00:00,2025-11-06T15:56:00+00:00,270.2761,272.4882,1.11,2.46,0.008185,2400000,SessionClose,0.4684,0.1672,0.5585,0.5215,0.3322,-0.3132,0.1449,0.3721,,,
summary,2025-11-06,AAPL,,,,,,,2.46,,1,,,,,,,,,,0.6070,2025-11-03T20:58:00+00:00,1466,2602
summary,2025-11-06,NVDA,,,,,,,0.00,,0,,,,,,,,,,0.7068,2025-11-03T17:19:00+00:00,544,3266
summary,2025-11-06,MSFT,,,,,,,0.00,,0,,,,,,,,,,1.0000,2025-11-03T14:32:00+00:00,126,2830
summary,2025-11-07,SPY,,,,,,,0.00,,0,,,,,,,,,,0.8674,2025-11-04T15:40:00+00:00,905,3199
summary,2025-11-07,QQQ,,,,,,,0.00,,0,,,,,,,,,,0.8566,2025-11-04T15:41:00+00:00,873,3259
trade,2025-11-07,AAPL,Long,2025-11-07T15:11:00+00:00,2025-11-07T15:56:00+00:00,271.0063,270.8637,1.11,-0.16,-0.000526,2700000,ScoreExit,0.3653,-0.0698,0.5156,0.4374,0.1711,-0.2329,-0.1633,0.1715,,,
summary,2025-11-07,AAPL,,,,,,,-0.16,,1,,,,,,,,,,0.7100,2025-11-04T14:44:00+00:00,1248,2538
summary,2025-11-07,NVDA,,,,,,,0.00,,0,,,,,,,,,,0.8942,2025-11-04T14:53:00+00:00,659,3263
summary,2025-11-07,MSFT,,,,,,,0.00,,0,,,,,,,,,,0.9553,2025-11-04T15:41:00+00:00,559,2833
trade,2025-11-10,SPY,Long,2025-11-10T14:36:00+00:00,2025-11-10T15:36:00+00:00,678.5435,678.4314,0.44,-0.05,-0.000165,3600000,ScoreExit,0.4136,-0.0509,0.5545,0.3719,0.4501,-0.4866,-0.2062,0.4050,,,
summary,2025-11-10,SPY,,,,,,,-0.05,,1,,,,,,,,,,0.6550,2025-11-07T19:40:00+00:00,992,1315
trade,2025-11-10,QQQ,Long,2025-11-10T14:31:00+00:00,2025-11-10T15:51:00+00:00,619.6808,619.7190,0.48,0.02,0.000062,4800000,ScoreExit,0.4053,-0.1358,0.5163,0.3251,0.5288,-0.5523,-0.3698,0.4711,,,
summary,2025-11-10,QQQ,,,,,,,0.02,,1,,,,,,,,,,0.6741,2025-11-07T19:40:00+00:00,1003,1347
trade,2025-11-10,AAPL,Long,2025-11-10T14:31:00+00:00,2025-11-10T15:37:00+00:00,270.2160,271.6085,1.11,1.55,0.005153,3960000,ScoreExit,0.4429,-0.0671,0.4684,0.3832,0.5536,-0.4376,-0.2874,0.4969,,,
summary,2025-11-10,AAPL,,,,,,,1.55,,1,,,,,,,,,,0.8932,2025-11-07T15:17:00+00:00,484,1090
trade,2025-11-10,NVDA,Long,2025-11-10T15:11:00+00:00,2025-11-10T15:56:00+00:00,195.5687,194.9364,1.53,-0.97,-0.003233,2700000,ScoreExit,0.4205,-0.0810,0.4335,0.3170,0.6230,-0.5690,-0.3516,0.6230,,,
summary,2025-11-10,NVDA,,,,,,,-0.97,,1,,,,,,,,,,1.0000,2025-11-07T14:32:00+00:00,1125,1350
trade,2025-11-10,MSFT,Long,2025-11-10T14:41:00+00:00,2025-11-10T15:51:00+00:00,501.8355,502.8041,0.60,0.58,0.001930,4200000,ScoreExit,0.4256,-0.0659,0.5653,0.3604,0.5093,-0.5494,-0.2619,0.4873,,,
summary,2025-11-10,MSFT,,,,,,,0.58,,1,,,,,,,,,,0.5654,2025-11-10T15:07:00+00:00,831,1226
summary,2025-11-11,SPY,,,,,,,0.00,,0,,,,,,,,,,0.5430,2025-11-10T19:53:00+00:00,1012,1597
summary,2025-11-11,QQQ,,,,,,,0.00,,0,,,,,,,,,,0.5091,2025-11-10T19:53:00+00:00,965,1672
summary,2025-11-11,AAPL,,,,,,,0.00,,0,,,,,,,,,,0.7150,2025-11-10T14:51:00+00:00,552,1212
summary,2025-11-11,NVDA,,,,,,,0.00,,0,,,,,,,,,,0.8318,2025-11-10T10:18:00+00:00,850,1678
summary,2025-11-11,MSFT,,,,,,,0.00,,0,,,,,,,,,,0.7713,2025-11-10T10:19:00+00:00,906,1363
summary,2025-11-12,SPY,,,,,,,0.00,,0,,,,,,,,,,0.5430,2025-11-10T19:53:00+00:00,1578,2493
summary,2025-11-12,QQQ,,,,,,,0.00,,0,,,,,,,,,,0.5091,2025-11-10T19:53:00+00:00,1484,2598
trade,2025-11-12,AAPL,Long,2025-11-12T15:36:00+00:00,2025-11-12T15:56:00+00:00,273.7371,273.9228,1.10,0.20,0.000678,1200000,SessionClose,0.3606,0.2990,0.5579,0.3622,0.2916,0.3369,0.2962,0.2919,,,
summary,2025-11-12,AAPL,,,,,,,0.20,,1,,,,,,,,,,0.7150,2025-11-10T14:51:00+00:00,1001,1919
summary,2025-11-12,NVDA,,,,,,,0.00,,0,,,,,,,,,,0.8318,2025-11-10T10:18:00+00:00,1036,2635
summary,2025-11-12,MSFT,,,,,,,0.00,,0,,,,,,,,,,0.7713,2025-11-10T10:19:00+00:00,1300,2072
summary,2025-11-13,SPY,,,,,,,0.00,,0,,,,,,,,,,0.5617,2025-11-10T20:12:00+00:00,1633,3088
summary,2025-11-13,QQQ,,,,,,,0.00,,0,,,,,,,,,,0.5709,2025-11-11T00:04:00+00:00,1491,3214
summary,2025-11-13,AAPL,,,,,,,0.00,,0,,,,,,,,,,1.0000,2025-11-10T14:35:00+00:00,1245,2388
summary,2025-11-13,NVDA,,,,,,,0.00,,0,,,,,,,,,,0.8958,2025-11-10T15:36:00+00:00,953,3258
trade,2025-11-13,MSFT,Long,2025-11-13T15:11:00+00:00,2025-11-13T15:56:00+00:00,512.4087,510.8417,0.59,-0.92,-0.003058,2700000,SessionClose,0.4285,0.0984,0.5745,0.5068,0.2233,0.3147,0.0000,0.2233,,,
summary,2025-11-13,MSFT,,,,,,,-0.92,,1,,,,,,,,,,0.9023,2025-11-10T15:07:00+00:00,1505,2553
summary,2025-11-14,SPY,,,,,,,0.00,,0,,,,,,,,,,0.5260,2025-11-11T18:19:00+00:00,1178,3147
trade,2025-11-14,QQQ,Long,2025-11-14T15:36:00+00:00,2025-11-14T15:56:00+00:00,606.9570,608.9123,0.43,0.84,0.003221,1200000,SessionClose,0.4022,0.2823,0.5178,0.5809,0.0064,-0.3743,0.5297,0.0064,,,
summary,2025-11-14,QQQ,,,,,,,0.84,,1,,,,,,,,,,0.5255,2025-11-11T18:58:00+00:00,1314,3221
trade,2025-11-14,AAPL,Long,2025-11-14T15:17:00+00:00,2025-11-14T15:56:00+00:00,273.5170,274.0977,1.10,0.64,0.002123,2340000,SessionClose,0.3556,0.2210,0.5746,0.4518,0.0904,-0.1944,0.3158,0.1698,,,
summary,2025-11-14,AAPL,,,,,,,0.64,,1,,,,,,,,,,0.9377,2025-11-11T14:44:00+00:00,1180,2538
trade,2025-11-14,NVDA,Long,2025-11-14T14:36:00+00:00,2025-11-14T15:56:00+00:00,182.8798,187.8256,1.64,8.12,0.027044,4800000,SessionClose,0.4262,0.2272,0.2547,0.5756,0.1846,-0.5464,0.3325,0.2744,,,
summary,2025-11-14,NVDA,,,,,,,8.12,,1,,,,,,,,,,0.6148,2025-11-14T14:53:00+00:00,1136,3258
trade,2025-11-14,MSFT,Long,2025-11-14T15:03:00+00:00,2025-11-14T15:56:00+00:00,502.9959,506.3930,0.48,1.64,0.006754,3180000,SessionClose,0.4130,0.1913,0.5088,0.5915,0.0242,-0.3337,0.2892,0.1707,,,
summary,2025-11-14,MSFT,,,,,,,1.64,,1,,,,,,,,,,0.6277,2025-11-11T18:58:00+00:00,1281,2644
trade,2025-11-17,SPY,Long,2025-11-17T14:51:00+00:00,2025-11-17T15:08:00+00:00,673.3369,671.3635,0.45,-0.88,-0.002931,1020000,ScoreExit,0.4297,-0.0759,0.5304,0.4993,0.2567,-0.5485,-0.0614,0.0527,,,
summary,2025-11-17,SPY,,,,,,,-0.88,,1,,,,,,,,,,0.9576,2025-11-14T15:47:00+00:00,762,1313
trade,2025-11-17,QQQ,Long,2025-11-17T14:36:00+00:00,2025-11-17T15:09:00+00:00,609.1277,608.1825,0.49,-0.47,-0.001552,1980000,ScoreExit,0.4264,-0.0506,0.6248,0.4812,0.2504,-0.5879,-0.0370,0.1012,,,
summary,2025-11-17,QQQ,,,,,,,-0.47,,1,,,,,,,,,,0.9591,2025-11-14T15:47:00+00:00,839,1330
summary,2025-11-17,AAPL,,,,,,,0.00,,0,,,,,,,,,,0.9553,2025-11-14T15:45:00+00:00,333,1113
summary,2025-11-17,NVDA,,,,,,,0.00,,0,,,,,,,,,,1.0000,2025-11-14T14:36:00+00:00,827,1348
trade,2025-11-17,MSFT,Long,2025-11-17T14:33:00+00:00,2025-11-17T15:01:00+00:00,510.1380,508.7623,0.59,-0.81,-0.002697,1680000,ScoreExit,0.4148,-0.1932,0.5639,0.4154,0.3639,-0.4977,-0.3219,0.1657,,,
summary,2025-11-17,MSFT,,,,,,,-0.81,,1,,,,,,,,,,0.9569,2025-11-14T15:40:00+00:00,752,1101
summary,2025-11-18,SPY,,,,,,,0.00,,0,,,,,,,,,,0.5339,2025-11-17T14:51:00+00:00,239,1630
summary,2025-11-18,QQQ,,,,,,,0.00,,0,,,,,,,,,,0.6927,2025-11-17T14:51:00+00:00,237,1670
summary,2025-11-18,AAPL,,,,,,,0.00,,0,,,,,,,,,,0.5752,2025-11-17T14:51:00+00:00,564,1323
summary,2025-11-18,NVDA,,,,,,,0.00,,0,,,,,,,,,,0.6216,2025-11-17T14:47:00+00:00,411,1676
summary,2025-11-18,MSFT,,,,,,,0.00,,0,,,,,,,,,,0.6511,2025-11-17T14:36:00+00:00,219,1354
trade,2025-11-19,SPY,Long,2025-11-19T14:56:00+00:00,2025-11-19T15:46:00+00:00,664.9744,664.9255,0.45,-0.02,-0.000074,3000000,ScoreExit,0.4264,-0.1541,0.5625,0.5453,0.1432,-0.5332,-0.2051,0.0742,,,
summary,2025-11-19,SPY,,,,,,,-0.02,,1,,,,,,,,,,0.5339,2025-11-17T14:51:00+00:00,338,2570
trade,2025-11-19,QQQ,Long,2025-11-19T14:51:00+00:00,2025-11-19T15:46:00+00:00,600.9252,603.6339,0.50,1.35,0.004507,3300000,ScoreExit,0.4311,-0.0849,0.4533,0.5624,0.1612,-0.5155,-0.1571,0.2031,,,
summary,2025-11-19,QQQ,,,,,,,1.35,,1,,,,,,,,,,0.6927,2025-11-17T14:51:00+00:00,341,2622
trade,2025-11-19,AAPL,Long,2025-11-19T14:40:00+00:00,2025-11-19T15:56:00+00:00,267.9354,270.5938,1.12,2.98,0.009922,4560000,ScoreExit,0.3709,-0.0882,0.5792,0.4077,0.2277,-0.5577,-0.2209,0.3338,,,
summary,2025-11-19,AAPL,,,,,,,2.98,,1,,,,,,,,,,0.5752,2025-11-17T14:51:00+00:00,845,1971
trade,2025-11-19,NVDA,Long,2025-11-19T14:41:00+00:00,2025-11-19T15:51:00+00:00,185.1604,186.4291,1.62,2.06,0.006851,4200000,ScoreExit,0.4817,-0.0617,0.4966,0.4072,0.6258,-0.5655,-0.2379,0.4587,,,
summary,2025-11-19,NVDA,,,,,,,2.06,,1,,,,,,,,,,0.6216,2025-11-17T14:47:00+00:00,942,2636
summary,2025-11-19,MSFT,,,,,,,0.00,,0,,,,,,,,,,0.6511,2025-11-17T14:36:00+00:00,219,2146
summary,2025-11-20,SPY,,,,,,,0.00,,0,,,,,,,,,,0.6979,2025-11-17T14:37:00+00:00,884,3200
summary,2025-11-20,QQQ,,,,,,,0.00,,0,,,,,,,,,,0.9013,2025-11-17T14:37:00+00:00,951,3252
summary,2025-11-20,AAPL,,,,,,,0.00,,0,,,,,,,,,,0.9433,2025-11-17T14:46:00+00:00,1153,2513
summary,2025-11-20,NVDA,,,,,,,0.00,,0,,,,,,,,,,1.0000,2025-11-17T14:34:00+00:00,1439,3267
summary,2025-11-20,MSFT,,,,,,,0.00,,0,,,,,,,,,,1.0000,2025-11-17T14:36:00+00:00,373,2809
summary,2025-11-21,SPY,,,,,,,0.00,,0,,,,,,,,,,0.6353,2025-11-18T17:54:00+00:00,1330,3237
summary,2025-11-21,QQQ,,,,,,,0.00,,0,,,,,,,,,,0.6538,2025-11-18T17:57:00+00:00,1428,3263
trade,2025-11-21,AAPL,Long,2025-11-21T14:35:00+00:00,2025-11-21T15:56:00+00:00,268.0254,271.2986,1.12,3.67,0.012212,4860000,SessionClose,0.3614,0.3338,0.6005,0.4556,0.0933,0.5800,0.2204,0.4785,,,
summary,2025-11-21,AAPL,,,,,,,3.67,,1,,,,,,,,,,0.6524,2025-11-19T14:59:00+00:00,1207,2569
summary,2025-11-21,NVDA,,,,,,,0.00,,0,,,,,,,,,,0.8352,2025-11-19T21:44:00+00:00,1561,3271
summary,2025-11-21,MSFT,,,,,,,0.00,,0,,,,,,,,,,0.8698,2025-11-18T14:33:00+00:00,627,2907
trade,2025-11-24,SPY,Long,2025-11-24T14:32:00+00:00,2025-11-24T15:56:00+00:00,663.9041,666.0701,0.45,0.98,0.003263,5040000,SessionClose,0.4135,0.2258,0.5005,0.3459,0.5196,-0.5756,0.2044,0.5356,,,
summary,2025-11-24,SPY,,,,,,,0.98,,1,,,,,,,,,,0.7565,2025-11-21T16:59:00+00:00,1064,1307
trade,2025-11-24,QQQ,Long,2025-11-24T14:31:00+00:00,2025-11-24T15:56:00+00:00,596.0137,600.9247,0.50,2.47,0.008240,5100000,SessionClose,0.4699,0.1716,0.3246,0.4250,0.6080,-0.5868,0.0894,0.5889,,,
summary,2025-11-24,QQQ,,,,,,,2.47,,1,,,,,,,,,,0.7788,2025-11-21T16:59:00+00:00,1110,1330
trade,2025-11-24,AAPL,Long,2025-11-24T14:31:00+00:00,2025-11-24T15:56:00+00:00,273.2970,273.6429,1.10,0.38,0.001266,5100000,SessionClose,0.5283,0.2193,0.5264,0.4916,0.6024,-0.2689,0.1024,0.6160,,,
summary,2025-11-24,AAPL,,,,,,,0.38,,1,,,,,,,,,,1.0000,2025-11-21T14:40:00+00:00,971,1053
summary,2025-11-24,NVDA,,,,,,,0.00,,0,,,,,,,,,,0.9043,2025-11-21T14:54:00+00:00,1040,1351
trade,2025-11-24,MSFT,Long,2025-11-24T15:40:00+00:00,2025-11-24T15:56:00+00:00,474.2822,473.9228,0.63,-0.23,-0.000758,960000,SessionClose,0.4099,0.1708,0.5949,0.4178,0.3323,-0.5895,0.2243,0.3173,,,
summary,2025-11-24,MSFT,,,,,,,-0.23,,1,,,,,,,,,,0.6394,2025-11-21T17:09:00+00:00,580,1143
trade,2025-11-25,SPY,Long,2025-11-25T15:45:00+00:00,2025-11-25T15:56:00+00:00,670.6361,668.8443,0.45,-0.80,-0.002672,660000,SessionClose,0.4069,0.1737,0.5614,0.3988,0.3715,-0.5530,0.2354,0.2924,,,
summary,2025-11-25,SPY,,,,,,,-0.80,,1,,,,,,,,,,0.6002,2025-11-24T16:09:00+00:00,1170,1619
summary,2025-11-25,QQQ,,,,,,,0.00,,0,,,,,,,,,,0.6531,2025-11-24T15:03:00+00:00,1229,1679
summary,2025-11-25,AAPL,,,,,,,0.00,,0,,,,,,,,,,0.7287,2025-11-25T14:35:00+00:00,934,1310
summary,2025-11-25,NVDA,,,,,,,0.00,,0,,,,,,,,,,0.7404,2025-11-24T16:20:00+00:00,659,1681
summary,2025-11-25,MSFT,,,,,,,0.00,,0,,,,,,,,,,0.6416,2025-11-24T15:42:00+00:00,690,1428
summary,2025-11-26,SPY,,,,,,,0.00,,0,,,,,,,,,,0.6002,2025-11-24T16:09:00+00:00,1891,2539
summary,2025-11-26,QQQ,,,,,,,0.00,,0,,,,,,,,,,0.6531,2025-11-24T15:03:00+00:00,1952,2617
summary,2025-11-26,AAPL,,,,,,,0.00,,0,,,,,,,,,,0.7287,2025-11-25T14:35:00+00:00,1308,1945
summary,2025-11-26,NVDA,,,,,,,0.00,,0,,,,,,,,,,0.7404,2025-11-24T16:20:00+00:00,1258,2641
summary,2025-11-26,MSFT,,,,,,,0.00,,0,,,,,,,,,,0.6416,2025-11-24T15:42:00+00:00,1300,2205
summary,2025-11-27,SPY,,,,,,,0.00,,0,,,,,,,,,,0.8974,2025-11-24T16:04:00+00:00,1931,2437
summary,2025-11-27,QQQ,,,,,,,0.00,,0,,,,,,,,,,0.9579,2025-11-24T16:04:00+00:00,1986,2486
summary,2025-11-27,AAPL,,,,,,,0.00,,0,,,,,,,,,,1.0000,2025-11-24T14:32:00+00:00,1242,1871
summary,2025-11-27,NVDA,,,,,,,0.00,,0,,,,,,,,,,1.0000,2025-11-24T14:35:00+00:00,1488,2549
summary,2025-11-27,MSFT,,,,,,,0.00,,0,,,,,,,,,,0.9250,2025-11-24T15:45:00+00:00,1369,2136
summary,2025-11-28,SPY,,,,,,,0.00,,0,,,,,,,,,,0.6793,2025-11-25T15:44:00+00:00,1883,2189
summary,2025-11-28,QQQ,,,,,,,0.00,,0,,,,,,,,,,0.6770,2025-11-25T17:04:00+00:00,1919,2220
summary,2025-11-28,AAPL,,,,,,,0.00,,0,,,,,,,,,,1.0000,2025-11-25T14:33:00+00:00,654,1541
summary,2025-11-28,NVDA,,,,,,,0.00,,0,,,,,,,,,,0.7738,2025-11-26T13:46:00+00:00,1740,2293
trade,2025-11-28,MSFT,Long,2025-11-28T14:46:00+00:00,2025-11-28T15:56:00+00:00,488.9716,491.4975,0.61,1.55,0.005166,4200000,SessionClose,0.4013,0.2898,0.1036,0.4138,0.4757,0.4995,0.1632,0.4733,,,
summary,2025-11-28,MSFT,,,,,,,1.55,,1,,,,,,,,,,0.9490,2025-11-25T16:04:00+00:00,1548,1791
summary,2025-12-01,SPY,,,,,,,0.00,,0,,,,,,,,,,0.7455,2025-11-28T15:50:00+00:00,543,1126
summary,2025-12-01,QQQ,,,,,,,0.00,,0,,,,,,,,,,0.7080,2025-11-28T15:53:00+00:00,622,1147
summary,2025-12-01,AAPL,,,,,,,0.00,,0,,,,,,,,,,0.6456,2025-11-28T17:58:00+00:00,587,872
trade,2025-12-01,NVDA,Long,2025-12-01T14:42:00+00:00,2025-12-01T15:56:00+00:00,176.9899,179.4112,1.70,4.11,0.013680,4440000,SessionClose,0.4877,0.2354,0.6093,0.5533,0.3158,-0.1846,0.0294,0.7876,,,
summary,2025-12-01,NVDA,,,,,,,4.11,,1,,,,,,,,,,0.6805,2025-12-01T15:08:00+00:00,410,1170
summary,2025-12-01,MSFT,,,,,,,0.00,,0,,,,,,,,,,0.8917,2025-11-28T14:54:00+00:00,269,896
summary,2025-12-02,SPY,,,,,,,0.00,,0,,,,,,,,,,0.4467,2025-12-01T14:54:00+00:00,908,1612
trade,2025-12-02,QQQ,Long,2025-12-02T14:36:00+00:00,2025-12-02T15:56:00+00:00,620.8612,623.2080,0.48,1.13,0.003780,4800000,SessionClose,0.4522,0.2936,0.5697,0.4213,0.4748,0.4245,0.1660,0.5053,,,
summary,2025-12-02,QQQ,,,,,,,1.13,,1,,,,,,,,,,0.5631,2025-12-01T17:04:00+00:00,1145,1645
trade,2025-12-02,AAPL,Long,2025-12-02T14:31:00+00:00,2025-12-02T15:56:00+00:00,283.4300,286.1091,1.06,2.83,0.009453,5100000,SessionClose,0.4031,0.5448,0.4033,0.3740,0.4613,0.4266,0.4777,0.7185,,,
trade,2025-12-02,AAPL,Long,2025-12-02T15:58:00+00:00,2025-12-02T15:59:00+00:00,286.7310,286.8189,1.05,0.09,0.000307,60000,SessionClose,0.5502,0.5584,0.4804,0.4777,0.7185,0.5628,0.4777,0.7185,,,
summary,2025-12-02,AAPL,,,,,,,2.93,,2,,,,,,,,,,0.7477,2025-12-01T10:13:00+00:00,1090,1303
summary,2025-12-02,NVDA,,,,,,,0.00,,0,,,,,,,,,,0.7447,2025-12-01T14:54:00+00:00,1360,1673
trade,2025-12-02,MSFT,Long,2025-12-02T15:01:00+00:00,2025-12-02T15:56:00+00:00,489.4718,491.4675,0.61,1.22,0.004077,3300000,SessionClose,0.4600,0.3066,0.5790,0.4249,0.4907,0.3300,0.1932,0.5256,,,
summary,2025-12-02,MSFT,,,,,,,1.22,,1,,,,,,,,,,0.5853,2025-12-01T16:42:00+00:00,751,1298
summary,2025-12-03,SPY,,,,,,,0.00,,0,,,,,,,,,,0.4467,2025-12-01T14:54:00+00:00,1506,2508
summary,2025-12-03,QQQ,,,,,,,0.00,,0,,,,,,,,,,0.5631,2025-12-01T17:04:00+00:00,1815,2575
summary,2025-12-03,AAPL,,,,,,,0.00,,0,,,,,,,,,,0.7477,2025-12-01T10:13:00+00:00,1569,1993
summary,2025-12-03,NVDA,,,,,,,0.00,,0,,,,,,,,,,0.7447,2025-12-01T14:54:00+00:00,1974,2620
summary,2025-12-03,MSFT,,,,,,,0.00,,0,,,,,,,,,,0.5853,2025-12-01T16:42:00+00:00,901,1965
summary,2025-12-04,SPY,,,,,,,0.00,,0,,,,,,,,,,0.7702,2025-12-01T15:54:00+00:00,1817,3089
summary,2025-12-04,QQQ,,,,,,,0.00,,0,,,,,,,,,,0.8707,2025-12-01T15:58:00+00:00,2289,3160
summary,2025-12-04,AAPL,,,,,,,0.00,,0,,,,,,,,,,0.6858,2025-12-01T17:04:00+00:00,1604,2468
trade,2025-12-04,NVDA,Long,2025-12-04T14:37:00+00:00,2025-12-04T14:56:00+00:00,181.9696,181.7796,1.65,-0.31,-0.001044,1140000,ScoreExit,0.4138,-0.0710,0.5776,0.4902,0.2062,-0.2547,-0.1790,0.2062,,,
summary,2025-12-04,NVDA,,,,,,,-0.31,,1,,,,,,,,,,1.0000,2025-12-01T14:33:00+00:00,2278,3240
summary,2025-12-04,MSFT,,,,,,,0.00,,0,,,,,,,,,,0.8857,2025-12-01T16:04:00+00:00,816,2559
summary,2025-12-05,SPY,,,,,,,0.00,,0,,,,,,,,,,0.6717,2025-12-02T16:03:00+00:00,1773,3057
trade,2025-12-05,QQQ,Long,2025-12-05T14:31:00+00:00,2025-12-05T15:51:00+00:00,625.8427,627.2568,0.48,0.68,0.002259,4800000,ScoreExit,0.4154,-0.1322,0.5542,0.4609,0.2782,-0.3921,-0.2701,0.2300,,,
summary,2025-12-05,QQQ,,,,,,,0.68,,1,,,,,,,,,,0.7179,2025-12-02T15:50:00+00:00,2000,3144
summary,2025-12-05,AAPL,,,,,,,0.00,,0,,,,,,,,,,0.9581,2025-12-02T16:00:00+00:00,622,2401
summary,2025-12-05,NVDA,,,,,,,0.00,,0,,,,,,,,,,1.0000,2025-12-02T14:31:00+00:00,1297,3231
summary,2025-12-05,MSFT,,,,,,,0.00,,0,,,,,,,,,,0.9575,2025-12-02T15:41:00+00:00,721,2588
summary,2025-12-08,SPY,,,,,,,0.00,,0,,,,,,,,,,0.4746,2025-12-05T15:12:00+00:00,294,1264
summary,2025-12-08,QQQ,,,,,,,0.00,,0,,,,,,,,,,0.6797,2025-12-05T15:17:00+00:00,403,1287
summary,2025-12-08,AAPL,,,,,,,0.00,,0,,,,,,,,,,0.6300,2025-12-05T15:21:00+00:00,141,1071
trade,2025-12-08,NVDA,Long,2025-12-08T14:31:00+00:00,2025-12-08T15:20:00+00:00,184.2002,182.8766,1.63,-2.16,-0.007186,2940000,ScoreExit,0.5131,-0.0755,0.5776,0.4945,0.5288,-0.4129,-0.2194,0.3249,,,
summary,2025-12-08,NVDA,,,,,,,-2.16,,1,,,,,,,,,,0.8390,2025-12-05T15:12:00+00:00,755,1344
summary,2025-12-08,MSFT,,,,,,,0.00,,0,,,,,,,,,,0.6444,2025-12-08T14:40:00+00:00,680,1084
summary,2025-12-09,SPY,,,,,,,0.00,,0,,,,,,,,,,0.5390,2025-12-08T10:34:00+00:00,724,1602
summary,2025-12-09,QQQ,,,,,,,0.00,,0,,,,,,,,,,0.6726,2025-12-08T10:34:00+00:00,792,1638
trade,2025-12-09,AAPL,Long,2025-12-09T14:34:00+00:00,2025-12-09T15:01:00+00:00,279.0387,278.0316,1.08,-1.08,-0.003609,1620000,ScoreExit,0.3629,-0.1273,0.5670,0.3049,0.4107,-0.5705,-0.2315,0.2288,,,
summary,2025-12-09,AAPL,,,,,,,-1.08,,1,,,,,,,,,,0.5101,2025-12-08T14:31:00+00:00,532,1255
summary,2025-12-09,NVDA,,,,,,,0.00,,0,,,,,,,,,,0.8176,2025-12-08T10:29:00+00:00,881,1674
summary,2025-12-09,MSFT,,,,,,,0.00,,0,,,,,,,,,,0.7735,2025-12-08T14:40:00+00:00,826,1255
summary,2025-12-10,SPY,,,,,,,0.00,,0,,,,,,,,,,0.5390,2025-12-08T10:34:00+00:00,1223,2487
summary,2025-12-10,QQQ,,,,,,,0.00,,0,,,,,,,,,,0.6726,2025-12-08T10:34:00+00:00,1214,2547
summary,2025-12-10,AAPL,,,,,,,0.00,,0,,,,,,,,,,0.5101,2025-12-08T14:31:00+00:00,806,1899
summary,2025-12-10,NVDA,,,,,,,0.00,,0,,,,,,,,,,0.8176,2025-12-08T10:29:00+00:00,1010,2619
summary,2025-12-10,MSFT,,,,,,,0.00,,0,,,,,,,,,,0.7735,2025-12-08T14:40:00+00:00,908,1964
summary,2025-12-11,SPY,,,,,,,0.00,,0,,,,,,,,,,0.4276,2025-12-10T20:04:00+00:00,1590,3126
summary,2025-12-11,QQQ,,,,,,,0.00,,0,,,,,,,,,,0.4415,2025-12-10T20:14:00+00:00,1364,3189
summary,2025-12-11,AAPL,,,,,,,0.00,,0,,,,,,,,,,0.5923,2025-12-08T14:31:00+00:00,1108,2429
summary,2025-12-11,NVDA,,,,,,,0.00,,0,,,,,,,,,,1.0000,2025-12-08T14:32:00+00:00,1032,3253
summary,2025-12-11,MSFT,,,,,,,0.00,,0,,,,,,,,,,0.8976,2025-12-08T15:04:00+00:00,926,2634
summary,2025-12-12,SPY,,,,,,,0.00,,0,,,,,,,,,,0.5553,2025-12-09T15:44:00+00:00,1236,3153
summary,2025-12-12,QQQ,,,,,,,0.00,,0,,,,,,,,,,0.8063,2025-12-09T16:02:00+00:00,1170,3197
trade,2025-12-12,AAPL,Long,2025-12-12T14:34:00+00:00,2025-12-12T15:10:00+00:00,278.7886,278.3415,1.08,-0.48,-0.001604,2160000,ScoreExit,0.3601,-0.0586,0.5816,0.4189,0.1684,-0.5199,-0.0412,0.0601,,,
summary,2025-12-12,AAPL,,,,,,,-0.48,,1,,,,,,,,,,0.8008,2025-12-09T14:39:00+00:00,1145,2408
summary,2025-12-12,NVDA,,,,,,,0.00,,0,,,,,,,,,,0.8538,2025-12-09T16:02:00+00:00,775,3248
summary,2025-12-12,MSFT,,,,,,,0.00,,0,,,,,,,,,,0.7567,2025-12-09T15:02:00+00:00,817,2708
summary,2025-12-15,SPY,,,,,,,0.00,,0,,,,,,,,,,0.4102,2025-12-15T09:14:00+00:00,458,1310
summary,2025-12-15,QQQ,,,,,,,0.00,,0,,,,,,,,,,0.4834,2025-12-12T14:37:00+00:00,328,1310
summary,2025-12-15,AAPL,,,,,,,0.00,,0,,,,,,,,,,0.8382,2025-12-12T14:34:00+00:00,280,1035
summary,2025-12-15,NVDA,,,,,,,0.00,,0,,,,,,,,,,0.7557,2025-12-12T14:39:00+00:00,431,1350
summary,2025-12-15,MSFT,,,,,,,0.00,,0,,,,,,,,,,0.7379,2025-12-12T14:31:00+00:00,235,1093
summary,2025-12-16,SPY,,,,,,,0.00,,0,,,,,,,,,,0.7130,2025-12-15T10:15:00+00:00,526,1607
summary,2025-12-16,QQQ,,,,,,,0.00,,0,,,,,,,,,,0.7130,2025-12-15T10:17:00+00:00,521,1670
summary,2025-12-16,AAPL,,,,,,,0.00,,0,,,,,,,,,,0.7399,2025-12-15T10:32:00+00:00,366,1212
summary,2025-12-16,NVDA,,,,,,,0.00,,0,,,,,,,,,,0.6304,2025-12-15T09:26:00+00:00,826,1671
summary,2025-12-16,MSFT,,,,,,,0.00,,0,,,,,,,,,,0.7250,2025-12-15T10:26:00+00:00,465,1277
summary,2025-12-17,SPY,,,,,,,0.00,,0,,,,,,,,,,0.7130,2025-12-15T10:15:00+00:00,833,2526
summary,2025-12-17,QQQ,,,,,,,0.00,,0,,,,,,,,,,0.7130,2025-12-15T10:17:00+00:00,875,2618
summary,2025-12-17,AAPL,,,,,,,0.00,,0,,,,,,,,,,0.7399,2025-12-15T10:32:00+00:00,572,1898
summary,2025-12-17,NVDA,,,,,,,0.00,,0,,,,,,,,,,0.6304,2025-12-15T09:26:00+00:00,1157,2619
summary,2025-12-17,MSFT,,,,,,,0.00,,0,,,,,,,,,,0.7250,2025-12-15T10:26:00+00:00,903,2018
trade,2025-12-18,SPY,Long,2025-12-18T15:42:00+00:00,2025-12-18T15:56:00+00:00,680.6191,679.6810,0.44,-0.41,-0.001378,840000,SessionClose,0.4148,0.2369,0.5142,0.4342,0.3428,-0.3621,0.2955,0.3193,,,
summary,2025-12-18,SPY,,,,,,,-0.41,,1,,,,,,,,,,0.4171,2025-12-18T15:42:00+00:00,787,3148
trade,2025-12-18,QQQ,Long,2025-12-18T15:32:00+00:00,2025-12-18T15:56:00+00:00,611.4484,611.8014,0.49,0.17,0.000577,1440000,SessionClose,0.4022,0.2661,0.5707,0.3815,0.3874,-0.1056,0.2574,0.4074,,,
summary,2025-12-18,QQQ,,,,,,,0.17,,1,,,,,,,,,,0.4757,2025-12-17T09:24:00+00:00,960,3248
trade,2025-12-18,AAPL,Long,2025-12-18T15:36:00+00:00,2025-12-18T15:56:00+00:00,271.4364,271.9634,1.11,0.58,0.001941,1200000,SessionClose,0.3690,0.3247,0.5033,0.4943,0.0736,0.5429,0.4135,0.0744,,,
summary,2025-12-18,AAPL,,,,,,,0.58,,1,,,,,,,,,,0.3906,2025-12-16T20:04:00+00:00,717,2432
trade,2025-12-18,NVDA,Long,2025-12-18T15:27:00+00:00,2025-12-18T15:56:00+00:00,174.7174,175.7573,1.72,1.78,0.005952,1740000,SessionClose,0.4096,0.3114,0.6103,0.4637,0.2346,0.3073,0.2644,0.4066,,,
summary,2025-12-18,NVDA,,,,,,,1.78,,1,,,,,,,,,,0.8816,2025-12-15T15:07:00+00:00,1139,3246
trade,2025-12-18,MSFT,Long,2025-12-18T14:51:00+00:00,2025-12-18T15:56:00+00:00,481.5694,487.2188,0.62,3.52,0.011731,3900000,SessionClose,0.4279,0.4686,0.1945,0.5060,0.3497,0.4832,0.4652,0.4704,,,
trade,2025-12-18,MSFT,Long,2025-12-18T15:58:00+00:00,2025-12-18T15:59:00+00:00,487.3212,487.2788,0.62,-0.03,-0.000087,60000,SessionClose,0.4365,0.4704,0.1620,0.4652,0.4704,0.5011,0.4652,0.4704,,,
summary,2025-12-18,MSFT,,,,,,,3.49,,2,,,,,,,,,,0.5718,2025-12-18T15:06:00+00:00,1314,2569
trade,2025-12-19,SPY,Long,2025-12-19T14:43:00+00:00,2025-12-19T15:45:00+00:00,678.3785,679.0612,0.44,0.30,0.001006,3720000,ScoreExit,0.4079,-0.0534,0.5137,0.5105,0.1674,-0.3900,-0.1187,0.1893,,,
summary,2025-12-19,SPY,,,,,,,0.30,,1,,,,,,,,,,0.4866,2025-12-16T20:37:00+00:00,1369,3182
trade,2025-12-19,QQQ,Long,2025-12-19T14:31:00+00:00,2025-12-19T15:46:00+00:00,612.8488,615.1304,0.49,1.12,0.003723,4500000,ScoreExit,0.4401,-0.1231,0.5077,0.4671,0.3636,-0.4837,-0.2759,0.3029,,,
summary,2025-12-19,QQQ,,,,,,,1.12,,1,,,,,,,,,,0.6360,2025-12-16T14:59:00+00:00,1723,3246
summary,2025-12-19,AAPL,,,,,,,0.00,,0,,,,,,,,,,0.6453,2025-12-16T14:50:00+00:00,946,2403
summary,2025-12-19,NVDA,,,,,,,0.00,,0,,,,,,,,,,0.9027,2025-12-16T14:50:00+00:00,1750,3246
summary,2025-12-19,MSFT,,,,,,,0.00,,0,,,,,,,,,,0.7591,2025-12-16T14:58:00+00:00,1675,2565
summary,2025-12-22,SPY,,,,,,,0.00,,0,,,,,,,,,,0.5151,2025-12-19T14:44:00+00:00,1061,1294
summary,2025-12-22,QQQ,,,,,,,0.00,,0,,,,,,,,,,0.7529,2025-12-19T14:44:00+00:00,1051,1302
summary,2025-12-22,AAPL,,,,,,,0.00,,0,,,,,,,,,,0.6459,2025-12-19T20:59:00+00:00,216,1093
summary,2025-12-22,NVDA,,,,,,,0.00,,0,,,,,,,,,,1.0000,2025-12-19T14:32:00+00:00,1265,1351
summary,2025-12-22,MSFT,,,,,,,0.00,,0,,,,,,,,,,0.5899,2025-12-19T14:53:00+00:00,425,1096
summary,2025-12-23,SPY,,,,,,,0.00,,0,,,,,,,,,,0.5132,2025-12-22T10:12:00+00:00,1065,1529
summary,2025-12-23,QQQ,,,,,,,0.00,,0,,,,,,,,,,0.5090,2025-12-22T10:12:00+00:00,945,1602
summary,2025-12-23,AAPL,,,,,,,0.00,,0,,,,,,,,,,0.3569,2025-12-22T10:43:00+00:00,393,1227
trade,2025-12-23,NVDA,Long,2025-12-23T14:31:00+00:00,2025-12-23T15:56:00+00:00,184.5203,185.9692,1.63,2.36,0.007852,5100000,SessionClose,0.5035,0.5438,0.6495,0.4856,0.4906,0.4696,0.4635,0.7291,,,
trade,2025-12-23,NVDA,Long,2025-12-23T15:58:00+00:00,2025-12-23T15:59:00+00:00,186.3659,186.5054,1.61,0.22,0.000749,60000,SessionClose,0.5444,0.5508,0.4752,0.4635,0.7291,0.5395,0.4635,0.7291,,,
summary,2025-12-23,NVDA,,,,,,,2.58,,2,,,,,,,,,,0.7519,2025-12-22T10:13:00+00:00,1062,1653
summary,2025-12-23,MSFT,,,,,,,0.00,,0,,,,,,,,,,0.7281,2025-12-22T10:33:00+00:00,751,1191
summary,2025-12-24,SPY,,,,,,,0.00,,0,,,,,,,,,,0.5132,2025-12-22T10:12:00+00:00,1609,2371
summary,2025-12-24,QQQ,,,,,,,0.00,,0,,,,,,,,,,0.5090,2025-12-22T10:12:00+00:00,1505,2410
trade,2025-12-24,AAPL,Long,2025-12-24T14:31:00+00:00,2025-12-24T15:56:00+00:00,273.3570,274.2427,1.10,0.97,0.003240,5100000,SessionClose,0.4100,0.2833,0.5100,0.4296,0.3374,0.0281,0.2950,0.3449,,,
summary,2025-12-24,AAPL,,,,,,,0.97,,1,,,,,,,,,,0.4483,2025-12-24T14:35:00+00:00,750,1711
summary,2025-12-24,NVDA,,,,,,,0.00,,0,,,,,,,,,,0.7519,2025-12-22T10:13:00+00:00,1708,2586
summary,2025-12-24,MSFT,,,,,,,0.00,,0,,,,,,,,,,0.7281,2025-12-22T10:33:00+00:00,1038,1664
summary,2025-12-25,SPY,,,,,,,0.00,,0,,,,,,,,,,0.3993,2025-12-22T16:59:00+00:00,1389,2120
summary,2025-12-25,QQQ,,,,,,,0.00,,0,,,,,,,,,,0.3553,2025-12-23T14:44:00+00:00,1225,2128
summary,2025-12-25,AAPL,,,,,,,0.00,,0,,,,,,,,,,0.4556,2025-12-24T14:35:00+00:00,682,1558
summary,2025-12-25,NVDA,,,,,,,0.00,,0,,,,,,,,,,0.6680,2025-12-22T14:59:00+00:00,1395,2313
summary,2025-12-25,MSFT,,,,,,,0.00,,0,,,,,,,,,,0.6704,2025-12-22T14:31:00+00:00,893,1492
summary,2025-12-26,SPY,,,,,,,0.00,,0,,,,,,,,,,0.7488,2025-12-23T16:01:00+00:00,1360,1943
summary,2025-12-26,QQQ,,,,,,,0.00,,0,,,,,,,,,,0.7579,2025-12-23T16:02:00+00:00,1396,1903
trade,2025-12-26,AAPL,Long,2025-12-26T14:33:00+00:00,2025-12-26T15:01:00+00:00,274.8873,274.2927,1.09,-0.65,-0.002163,1680000,ScoreExit,0.3537,-0.1136,0.5608,0.3742,0.2435,-0.5437,-0.2307,0.2639,,,
summary,2025-12-26,AAPL,,,,,,,-0.65,,1,,,,,,,,,,0.8213,2025-12-23T16:04:00+00:00,949,1355
trade,2025-12-26,NVDA,Long,2025-12-26T14:32:00+00:00,2025-12-26T15:11:00+00:00,190.6423,190.5978,1.58,-0.07,-0.000233,2340000,ScoreExit,0.4021,-0.0799,0.5168,0.3723,0.4235,-0.5655,-0.2705,0.4632,,,
summary,2025-12-26,NVDA,,,,,,,-0.07,,1,,,,,,,,,,0.9558,2025-12-23T15:56:00+00:00,1699,2078
summary,2025-12-26,MSFT,,,,,,,0.00,,0,,,,,,,,,,0.5520,2025-12-23T15:44:00+00:00,791,1375
summary,2025-12-29,SPY,,,,,,,0.00,,0,,,,,,,,,,0.3608,2025-12-26T14:41:00+00:00,148,1225
summary,2025-12-29,QQQ,,,,,,,0.00,,0,,,,,,,,,,0.5274,2025-12-26T16:03:00+00:00,154,1229
trade,2025-12-29,AAPL,Long,2025-12-29T14:37:00+00:00,2025-12-29T15:43:00+00:00,274.1472,273.7029,1.09,-0.49,-0.001621,3960000,ScoreExit,0.3595,-0.0611,0.5610,0.4613,0.0888,-0.5581,-0.0098,0.0018,,,
summary,2025-12-29,AAPL,,,,,,,-0.49,,1,,,,,,,,,,0.5471,2025-12-26T14:36:00+00:00,306,1004
summary,2025-12-29,NVDA,,,,,,,0.00,,0,,,,,,,,,,1.0000,2025-12-26T14:35:00+00:00,311,1341
summary,2025-12-29,MSFT,,,,,,,0.00,,0,,,,,,,,,,0.3939,2025-12-29T14:49:00+00:00,435,1026
summary,2025-12-30,SPY,,,,,,,0.00,,0,,,,,,,,,,0.4287,2025-12-29T10:16:00+00:00,673,1529
summary,2025-12-30,QQQ,,,,,,,0.00,,0,,,,,,,,,,0.4921,2025-12-29T14:36:00+00:00,649,1571
summary,2025-12-30,AAPL,,,,,,,0.00,,0,,,,,,,,,,0.5388,2025-12-29T14:37:00+00:00,489,1086
summary,2025-12-30,NVDA,,,,,,,0.00,,0,,,,,,,,,,0.5121,2025-12-29T14:38:00+00:00,920,1631
trade,2025-12-30,MSFT,Long,2025-12-30T14:35:00+00:00,2025-12-30T15:32:00+00:00,487.8313,487.0388,0.61,-0.49,-0.001624,3420000,ScoreExit,0.4136,-0.0686,0.5976,0.4207,0.3380,-0.5280,-0.1728,0.2929,,,
summary,2025-12-30,MSFT,,,,,,,-0.49,,1,,,,,,,,,,0.5462,2025-12-29T10:15:00+00:00,614,1195
summary,2025-12-31,SPY,,,,,,,0.00,,0,,,,,,,,,,0.4287,2025-12-29T10:16:00+00:00,779,2388
summary,2025-12-31,QQQ,,,,,,,0.00,,0,,,,,,,,,,0.4921,2025-12-29T14:36:00+00:00,718,2420
summary,2025-12-31,AAPL,,,,,,,0.00,,0,,,,,,,,,,0.5388,2025-12-29T14:37:00+00:00,598,1636
summary,2025-12-31,NVDA,,,,,,,0.00,,0,,,,,,,,,,0.5121,2025-12-29T14:38:00+00:00,1324,2543
summary,2025-12-31,MSFT,,,,,,,0.00,,0,,,,,,,,,,0.5462,2025-12-29T10:15:00+00:00,892,1826
