row_type,date,ticker,direction,entry_time,exit_time,entry_price,exit_price,size,pnl,pnl_pct,hold_duration_ms,exit_reason,entry_composite,exit_composite,entry_1m,entry_5m,entry_1h,exit_1m,exit_5m,exit_1h,max_composite,max_composite_time,positive_ticks,total_ticks
summary,2025-01-01,SPY,,,,,,,0.00,,0,,,,,,,,,,0.6204,2024-12-30T16:43:00+00:00,638,1487
summary,2025-01-01,QQQ,,,,,,,0.00,,0,,,,,,,,,,0.6107,2024-12-30T16:42:00+00:00,602,1636
summary,2025-01-01,AAPL,,,,,,,0.00,,0,,,,,,,,,,0.5601,2024-12-30T17:28:00+00:00,425,1297
summary,2025-01-01,NVDA,,,,,,,0.00,,0,,,,,,,,,,0.7924,2024-12-30T14:51:00+00:00,789,1896
summary,2025-01-01,MSFT,,,,,,,0.00,,0,,,,,,,,,,0.5826,2024-12-30T17:45:00+00:00,429,1112
summary,2025-01-02,SPY,,,,,,,0.00,,0,,,,,,,,,,0.5836,2024-12-30T16:43:00+00:00,869,1910
summary,2025-01-02,QQQ,,,,,,,0.00,,0,,,,,,,,,,0.5915,2024-12-30T16:42:00+00:00,739,2023
summary,2025-01-02,AAPL,,,,,,,0.00,,0,,,,,,,,,,0.5537,2024-12-30T17:28:00+00:00,413,1742
trade,2025-01-02,NVDA,Long,2025-01-02T15:01:00+00:00,2025-01-02T15:56:00+00:00,137.3662,137.5437,2.18,0.39,0.001292,3300000,SessionClose,0.5086,0.1785,0.5093,0.5689,0.3876,0.4125,0.0239,0.4097,,,
summary,2025-01-02,NVDA,,,,,,,0.39,,1,,,,,,,,,,1.0000,2024-12-30T14:38:00+00:00,1130,2290
summary,2025-01-02,MSFT,,,,,,,0.00,,0,,,,,,,,,,0.6498,2024-12-30T15:44:00+00:00,528,1543
summary,2025-01-03,SPY,,,,,,,0.00,,0,,,,,,,,,,0.4820,2025-01-02T09:15:00+00:00,927,1934
trade,2025-01-03,QQQ,Long,2025-01-03T14:36:00+00:00,2025-01-03T15:16:00+00:00,514.2892,514.4406,0.58,0.09,0.000294,2400000,ScoreExit,0.3958,-0.0662,0.0741,0.5040,0.2867,-0.5444,-0.1690,0.2986,,,
summary,2025-01-03,QQQ,,,,,,,0.09,,1,,,,,,,,,,0.5278,2025-01-02T09:09:00+00:00,972,1988
summary,2025-01-03,AAPL,,,,,,,0.00,,0,,,,,,,,,,0.4441,2025-01-02T09:23:00+00:00,71,1837
trade,2025-01-03,NVDA,Long,2025-01-03T14:36:00+00:00,2025-01-03T15:56:00+00:00,141.1848,142.8971,2.13,3.64,0.012128,4800000,SessionClose,0.6392,0.1070,0.3634,0.6513,0.7068,-0.5048,-0.0478,0.6205,,,
summary,2025-01-03,NVDA,,,,,,,3.64,,1,,,,,,,,,,0.9004,2024-12-31T15:27:00+00:00,1528,2301
summary,2025-01-03,MSFT,,,,,,,0.00,,0,,,,,,,,,,0.5202,2025-01-02T09:07:00+00:00,497,1569
summary,2025-01-06,SPY,,,,,,,0.00,,0,,,,,,,,,,0.7443,2025-01-03T16:03:00+00:00,957,1171
summary,2025-01-06,QQQ,,,,,,,0.00,,0,,,,,,,,,,0.7286,2025-01-03T14:39:00+00:00,1017,1237
summary,2025-01-06,AAPL,,,,,,,0.00,,0,,,,,,,,,,0.8627,2025-01-03T14:43:00+00:00,690,1144
trade,2025-01-06,NVDA,Long,2025-01-06T14:46:00+00:00,2025-01-06T15:56:00+00:00,149.3916,151.8194,2.01,4.88,0.016251,4200000,SessionClose,0.5746,0.3268,0.1646,0.5033,0.8539,0.4197,0.0290,0.8913,,,
summary,2025-01-06,NVDA,,,,,,,4.88,,1,,,,,,,,,,1.0000,2025-01-03T14:32:00+00:00,1291,1351
trade,2025-01-06,MSFT,Long,2025-01-06T15:11:00+00:00,2025-01-06T15:56:00+00:00,430.6843,431.7254,0.70,0.73,0.002417,2700000,SessionClose,0.4540,0.1616,-0.3726,0.5289,0.5797,-0.1392,0.0027,0.5797,,,
summary,2025-01-06,MSFT,,,,,,,0.73,,1,,,,,,,,,,0.7629,2025-01-03T15:04:00+00:00,696,1044
summary,2025-01-07,SPY,,,,,,,0.00,,0,,,,,,,,,,0.7286,2025-01-06T10:19:00+00:00,521,1426
summary,2025-01-07,QQQ,,,,,,,0.00,,0,,,,,,,,,,0.7863,2025-01-06T10:22:00+00:00,718,1546
summary,2025-01-07,AAPL,,,,,,,0.00,,0,,,,,,,,,,0.6062,2025-01-06T16:06:00+00:00,397,1384
summary,2025-01-07,NVDA,,,,,,,0.00,,0,,,,,,,,,,0.8928,2025-01-06T09:53:00+00:00,1115,1681
summary,2025-01-07,MSFT,,,,,,,0.00,,0,,,,,,,,,,0.9249,2025-01-06T10:22:00+00:00,390,1188
summary,2025-01-08,SPY,,,,,,,0.00,,0,,,,,,,,,,0.7286,2025-01-06T10:19:00+00:00,521,2255
summary,2025-01-08,QQQ,,,,,,,0.00,,0,,,,,,,,,,0.7863,2025-01-06T10:22:00+00:00,719,2410
summary,2025-01-08,AAPL,,,,,,,0.00,,0,,,,,,,,,,0.6062,2025-01-06T16:06:00+00:00,441,2088
summary,2025-01-08,NVDA,,,,,,,0.00,,0,,,,,,,,,,0.8928,2025-01-06T09:53:00+00:00,1136,2641
summary,2025-01-08,MSFT,,,,,,,0.00,,0,,,,,,,,,,0.9249,2025-01-06T10:22:00+00:00,444,1769
summary,2025-01-09,SPY,,,,,,,0.00,,0,,,,,,,,,,0.7652,2025-01-06T15:54:00+00:00,275,2172
summary,2025-01-09,QQQ,,,,,,,0.00,,0,,,,,,,,,,0.8302,2025-01-06T15:45:00+00:00,376,2290
summary,2025-01-09,AAPL,,,,,,,0.00,,0,,,,,,,,,,0.9556,2025-01-06T15:45:00+00:00,238,1944
summary,2025-01-09,NVDA,,,,,,,0.00,,0,,,,,,,,,,1.0000,2025-01-06T14:36:00+00:00,615,2550
summary,2025-01-09,MSFT,,,,,,,0.00,,0,,,,,,,,,,0.9373,2025-01-06T14:43:00+00:00,311,1622
summary,2025-01-10,SPY,,,,,,,0.00,,0,,,,,,,,,,0.3142,2025-01-08T18:28:00+00:00,311,2021
summary,2025-01-10,QQQ,,,,,,,0.00,,0,,,,,,,,,,0.3659,2025-01-08T18:26:00+00:00,266,2086
summary,2025-01-10,AAPL,,,,,,,0.00,,0,,,,,,,,,,0.8735,2025-01-07T14:45:00+00:00,361,1754
summary,2025-01-10,NVDA,,,,,,,0.00,,0,,,,,,,,,,0.4316,2025-01-08T15:03:00+00:00,218,2311
summary,2025-01-10,MSFT,,,,,,,0.00,,0,,,,,,,,,,0.6002,2025-01-07T14:57:00+00:00,462,1537
summary,2025-01-13,SPY,,,,,,,0.00,,0,,,,,,,,,,0.5894,2025-01-10T18:57:00+00:00,276,1201
summary,2025-01-13,QQQ,,,,,,,0.00,,0,,,,,,,,,,0.7119,2025-01-10T15:48:00+00:00,334,1243
summary,2025-01-13,AAPL,,,,,,,0.00,,0,,,,,,,,,,0.5913,2025-01-10T18:34:00+00:00,357,1155
summary,2025-01-13,NVDA,,,,,,,0.00,,0,,,,,,,,,,0.9552,2025-01-10T15:46:00+00:00,574,1349
summary,2025-01-13,MSFT,,,,,,,0.00,,0,,,,,,,,,,0.6757,2025-01-10T18:23:00+00:00,261,1006
summary,2025-01-14,SPY,,,,,,,0.00,,0,,,,,,,,,,0.5273,2025-01-13T18:34:00+00:00,991,1478
summary,2025-01-14,QQQ,,,,,,,0.00,,0,,,,,,,,,,0.7066,2025-01-13T10:34:00+00:00,1052,1593
summary,2025-01-14,AAPL,,,,,,,0.00,,0,,,,,,,,,,0.7781,2025-01-13T10:32:00+00:00,871,1398
summary,2025-01-14,NVDA,,,,,,,0.00,,0,,,,,,,,,,0.6368,2025-01-13T14:52:00+00:00,955,1681
summary,2025-01-14,MSFT,,,,,,,0.00,,0,,,,,,,,,,0.8010,2025-01-13T10:30:00+00:00,608,1124
summary,2025-01-15,SPY,,,,,,,0.00,,0,,,,,,,,,,0.5997,2025-01-15T13:35:00+00:00,1617,2278
summary,2025-01-15,QQQ,,,,,,,0.00,,0,,,,,,,,,,0.7066,2025-01-13T10:34:00+00:00,1679,2416
trade,2025-01-15,AAPL,Long,2025-01-15T14:46:00+00:00,2025-01-15T15:56:00+00:00,237.6463,238.1035,1.26,0.58,0.001924,4200000,SessionClose,0.5061,0.1654,0.5619,0.5308,0.4380,0.5566,-0.0561,0.4781,,,
summary,2025-01-15,AAPL,,,,,,,0.58,,1,,,,,,,,,,0.7781,2025-01-13T10:32:00+00:00,1360,2051
summary,2025-01-15,NVDA,,,,,,,0.00,,0,,,,,,,,,,0.6368,2025-01-13T14:52:00+00:00,1501,2637
trade,2025-01-15,MSFT,Long,2025-01-15T14:46:00+00:00,2025-01-15T15:56:00+00:00,423.9396,425.1574,0.71,0.86,0.002873,4200000,SessionClose,0.5061,0.0160,0.5977,0.5011,0.4857,-0.3284,-0.1554,0.4736,,,
summary,2025-01-15,MSFT,,,,,,,0.86,,1,,,,,,,,,,0.8010,2025-01-13T10:30:00+00:00,1087,1718
summary,2025-01-16,SPY,,,,,,,0.00,,0,,,,,,,,,,0.8850,2025-01-13T15:46:00+00:00,2083,2829
summary,2025-01-16,QQQ,,,,,,,0.00,,0,,,,,,,,,,0.9504,2025-01-13T15:49:00+00:00,2168,2990
summary,2025-01-16,AAPL,,,,,,,0.00,,0,,,,,,,,,,0.7067,2025-01-13T17:19:00+00:00,1549,2480
summary,2025-01-16,NVDA,,,,,,,0.00,,0,,,,,,,,,,1.0000,2025-01-13T14:30:00+00:00,2231,3267
summary,2025-01-16,MSFT,,,,,,,0.00,,0,,,,,,,,,,0.8481,2025-01-13T14:37:00+00:00,1438,2170
summary,2025-01-17,SPY,,,,,,,0.00,,0,,,,,,,,,,0.6341,2025-01-15T13:35:00+00:00,1957,2813
summary,2025-01-17,QQQ,,,,,,,0.00,,0,,,,,,,,,,0.6774,2025-01-15T13:35:00+00:00,2012,2964
summary,2025-01-17,AAPL,,,,,,,0.00,,0,,,,,,,,,,0.8644,2025-01-14T14:34:00+00:00,789,2606
summary,2025-01-17,NVDA,,,,,,,0.00,,0,,,,,,,,,,0.8394,2025-01-14T14:38:00+00:00,1867,3265
summary,2025-01-17,MSFT,,,,,,,0.00,,0,,,,,,,,,,0.7440,2025-01-14T14:36:00+00:00,1446,2203
summary,2025-01-20,SPY,,,,,,,0.00,,0,,,,,,,,,,0.7683,2025-01-17T15:59:00+00:00,289,553
summary,2025-01-20,QQQ,,,,,,,0.00,,0,,,,,,,,,,0.7227,2025-01-17T15:59:00+00:00,319,555
summary,2025-01-20,AAPL,,,,,,,0.00,,0,,,,,,,,,,0.5036,2025-01-17T15:58:00+00:00,49,547
summary,2025-01-20,NVDA,,,,,,,0.00,,0,,,,,,,,,,0.9588,2025-01-17T15:40:00+00:00,531,630
summary,2025-01-20,MSFT,,,,,,,0.00,,0,,,,,,,,,,0.4138,2025-01-17T17:58:00+00:00,54,455
summary,2025-01-21,SPY,,,,,,,0.00,,0,,,,,,,,,,0.6095,2025-01-21T10:29:00+00:00,446,625
summary,2025-01-21,QQQ,,,,,,,0.00,,0,,,,,,,,,,0.6236,2025-01-21T10:33:00+00:00,450,676
summary,2025-01-21,AAPL,,,,,,,0.00,,0,,,,,,,,,,0.5284,2025-01-21T20:55:00+00:00,141,687
summary,2025-01-21,NVDA,,,,,,,0.00,,0,,,,,,,,,,0.6847,2025-01-21T09:07:00+00:00,423,716
summary,2025-01-21,MSFT,,,,,,,0.00,,0,,,,,,,,,,0.7673,2025-01-21T10:37:00+00:00,201,512
summary,2025-01-22,SPY,,,,,,,0.00,,0,,,,,,,,,,0.6095,2025-01-21T10:29:00+00:00,1131,1466
summary,2025-01-22,QQQ,,,,,,,0.00,,0,,,,,,,,,,0.6236,2025-01-21T10:33:00+00:00,1235,1567
summary,2025-01-22,AAPL,,,,,,,0.00,,0,,,,,,,,,,0.5284,2025-01-21T20:55:00+00:00,809,1596
trade,2025-01-22,NVDA,Long,2025-01-22T14:46:00+00:00,2025-01-22T15:56:00+00:00,147.3137,146.2511,2.04,-2.16,-0.007213,4200000,SessionClose,0.6205,0.0006,0.6305,0.5400,0.7781,-0.5454,-0.2833,0.7503,,,
summary,2025-01-22,NVDA,,,,,,,-2.16,,1,,,,,,,,,,0.6847,2025-01-21T09:07:00+00:00,1374,1676
summary,2025-01-22,MSFT,,,,,,,0.00,,0,,,,,,,,,,0.8017,2025-01-21T22:41:00+00:00,892,1282
summary,2025-01-23,SPY,,,,,,,0.00,,0,,,,,,,,,,0.6095,2025-01-21T10:29:00+00:00,1659,2275
summary,2025-01-23,QQQ,,,,,,,0.00,,0,,,,,,,,,,0.6236,2025-01-21T10:33:00+00:00,1767,2437
summary,2025-01-23,AAPL,,,,,,,0.00,,0,,,,,,,,,,0.5284,2025-01-21T20:55:00+00:00,1311,2436
summary,2025-01-23,NVDA,,,,,,,0.00,,0,,,,,,,,,,0.6847,2025-01-21T09:07:00+00:00,2018,2636
summary,2025-01-23,MSFT,,,,,,,0.00,,0,,,,,,,,,,0.8017,2025-01-21T22:41:00+00:00,1378,1960
summary,2025-01-24,SPY,,,,,,,0.00,,0,,,,,,,,,,0.4729,2025-01-22T00:48:00+00:00,1949,2801
summary,2025-01-24,QQQ,,,,,,,0.00,,0,,,,,,,,,,0.5807,2025-01-21T22:41:00+00:00,2080,2965
summary,2025-01-24,AAPL,,,,,,,0.00,,0,,,,,,,,,,0.6093,2025-01-21T20:55:00+00:00,1762,2970
summary,2025-01-24,NVDA,,,,,,,0.00,,0,,,,,,,,,,0.8962,2025-01-21T14:48:00+00:00,2356,3265
summary,2025-01-24,MSFT,,,,,,,0.00,,0,,,,,,,,,,0.8882,2025-01-21T22:41:00+00:00,1724,2427
summary,2025-01-27,SPY,,,,,,,0.00,,0,,,,,,,,,,0.3106,2025-01-27T20:59:00+00:00,55,1223
summary,2025-01-27,QQQ,,,,,,,0.00,,0,,,,,,,,,,0.3833,2025-01-27T14:58:00+00:00,66,1235
trade,2025-01-27,AAPL,Long,2025-01-27T14:31:00+00:00,2025-01-27T15:56:00+00:00,225.4526,227.9166,1.33,3.28,0.010929,5100000,SessionClose,0.7189,0.4042,0.6557,0.6616,0.8545,0.3679,0.1447,0.9354,,,
summary,2025-01-27,AAPL,,,,,,,3.28,,1,,,,,,,,,,0.7258,2025-01-27T14:31:00+00:00,489,1281
summary,2025-01-27,NVDA,,,,,,,0.00,,0,,,,,,,,,,0.6277,2025-01-24T14:54:00+00:00,172,1351
trade,2025-01-27,MSFT,Long,2025-01-27T14:56:00+00:00,2025-01-27T15:56:00+00:00,428.8636,430.3134,0.53,0.77,0.003380,3600000,ScoreExit,0.3975,-0.1376,0.0431,0.5899,0.1310,-0.4676,-0.2106,0.1183,,,
summary,2025-01-27,MSFT,,,,,,,0.77,,1,,,,,,,,,,0.9095,2025-01-24T14:46:00+00:00,450,1161
summary,2025-01-28,SPY,,,,,,,0.00,,0,,,,,,,,,,0.5485,2025-01-27T14:39:00+00:00,1005,1563
trade,2025-01-28,QQQ,Long,2025-01-28T15:21:00+00:00,2025-01-28T15:56:00+00:00,517.3001,518.0295,0.58,0.42,0.001410,2100000,SessionClose,0.5620,0.3446,0.5488,0.5701,0.5502,0.1201,0.2793,0.5502,,,
summary,2025-01-28,QQQ,,,,,,,0.42,,1,,,,,,,,,,0.6760,2025-01-27T14:58:00+00:00,1054,1651
trade,2025-01-28,AAPL,Long,2025-01-28T14:31:00+00:00,2025-01-28T15:56:00+00:00,232.7498,238.9433,1.29,7.99,0.026610,5100000,SessionClose,0.7127,0.5332,0.6184,0.6572,0.8551,0.4969,0.3597,0.8924,,,
summary,2025-01-28,AAPL,,,,,,,7.99,,1,,,,,,,,,,0.9082,2025-01-27T10:10:00+00:00,1381,1582
trade,2025-01-28,NVDA,Long,2025-01-28T15:28:00+00:00,2025-01-28T15:56:00+00:00,121.7515,119.9903,2.47,-4.34,-0.014466,1680000,SessionClose,0.4956,0.0000,0.6228,0.5685,0.3073,0.0184,0.2378,-0.0534,,,
summary,2025-01-28,NVDA,,,,,,,-4.34,,1,,,,,,,,,,1.0000,2025-01-27T09:06:00+00:00,852,1681
trade,2025-01-28,MSFT,Long,2025-01-28T15:11:00+00:00,2025-01-28T15:56:00+00:00,437.5462,440.4628,0.69,2.00,0.006666,2700000,SessionClose,0.6312,0.4279,0.5573,0.5757,0.7666,-0.0063,0.3309,0.7666,,,
summary,2025-01-28,MSFT,,,,,,,2.00,,1,,,,,,,,,,0.8928,2025-01-27T13:18:00+00:00,1039,1397
summary,2025-01-29,SPY,,,,,,,0.00,,0,,,,,,,,,,0.5485,2025-01-27T14:39:00+00:00,1399,2329
summary,2025-01-29,QQQ,,,,,,,0.00,,0,,,,,,,,,,0.6760,2025-01-27T14:58:00+00:00,1591,2516
summary,2025-01-29,AAPL,,,,,,,0.00,,0,,,,,,,,,,0.9082,2025-01-27T10:10:00+00:00,1939,2407
summary,2025-01-29,NVDA,,,,,,,0.00,,0,,,,,,,,,,1.0000,2025-01-27T09:06:00+00:00,1353,2641
summary,2025-01-29,MSFT,,,,,,,0.00,,0,,,,,,,,,,0.8928,2025-01-27T13:18:00+00:00,1483,2028
summary,2025-01-30,SPY,,,,,,,0.00,,0,,,,,,,,,,0.7436,2025-01-27T15:42:00+00:00,1773,2793
summary,2025-01-30,QQQ,,,,,,,0.00,,0,,,,,,,,,,0.9232,2025-01-27T15:42:00+00:00,2020,3094
summary,2025-01-30,AAPL,,,,,,,0.00,,0,,,,,,,,,,1.0000,2025-01-27T14:31:00+00:00,2240,2895
summary,2025-01-30,NVDA,,,,,,,0.00,,0,,,,,,,,,,1.0000,2025-01-27T14:31:00+00:00,1807,3271
summary,2025-01-30,MSFT,,,,,,,0.00,,0,,,,,,,,,,1.0000,2025-01-27T14:37:00+00:00,1338,2627
summary,2025-01-31,SPY,,,,,,,0.00,,0,,,,,,,,,,0.9241,2025-01-28T16:00:00+00:00,1627,2713
summary,2025-01-31,QQQ,,,,,,,0.00,,0,,,,,,,,,,0.8979,2025-01-28T15:03:00+00:00,2159,3032
summary,2025-01-31,AAPL,,,,,,,0.00,,0,,,,,,,,,,1.0000,2025-01-28T14:34:00+00:00,1790,2941
summary,2025-01-31,NVDA,,,,,,,0.00,,0,,,,,,,,,,0.9248,2025-01-28T17:03:00+00:00,1891,3271
summary,2025-01-31,MSFT,,,,,,,0.00,,0,,,,,,,,,,0.9527,2025-01-28T15:58:00+00:00,815,2808
summary,2025-02-03,SPY,,,,,,,0.00,,0,,,,,,,,,,0.7846,2025-01-31T16:02:00+00:00,261,1260
summary,2025-02-03,QQQ,,,,,,,0.00,,0,,,,,,,,,,0.9130,2025-01-31T16:02:00+00:00,316,1281
summary,2025-02-03,AAPL,,,,,,,0.00,,0,,,,,,,,,,0.1715,2025-02-03T15:30:00+00:00,40,1274
trade,2025-02-03,NVDA,Long,2025-02-03T15:31:00+00:00,2025-02-03T15:56:00+00:00,115.7097,117.2598,2.59,4.02,0.013397,1500000,SessionClose,0.5175,0.5182,0.2974,0.6462,0.3333,0.0806,0.6836,0.3333,,,
trade,2025-02-03,NVDA,Long,2025-02-03T15:58:00+00:00,2025-02-03T15:59:00+00:00,117.7103,117.9146,2.55,0.52,0.001736,60000,SessionClose,0.5572,0.5658,0.4701,0.6836,0.3333,0.5561,0.6836,0.3333,,,
summary,2025-02-03,NVDA,,,,,,,4.54,,2,,,,,,,,,,1.0000,2025-01-31T14:41:00+00:00,334,1351
summary,2025-02-03,MSFT,,,,,,,0.00,,0,,,,,,,,,,0.8957,2025-01-31T15:07:00+00:00,247,1178
summary,2025-02-04,SPY,,,,,,,0.00,,0,,,,,,,,,,0.7304,2025-02-03T15:42:00+00:00,1066,1544
trade,2025-02-04,QQQ,Long,2025-02-04T15:01:00+00:00,2025-02-04T15:56:00+00:00,522.7718,523.6479,0.57,0.50,0.001676,3300000,SessionClose,0.5312,0.0987,0.4919,0.5262,0.5545,-0.1903,-0.0811,0.5545,,,
summary,2025-02-04,QQQ,,,,,,,0.50,,1,,,,,,,,,,0.7205,2025-02-03T15:42:00+00:00,1211,1639
trade,2025-02-04,AAPL,Long,2025-02-04T15:06:00+00:00,2025-02-04T15:56:00+00:00,229.2438,230.8057,1.31,2.05,0.006814,3000000,SessionClose,0.5250,0.1164,0.5040,0.5079,0.5663,-0.4976,-0.0263,0.6066,,,
summary,2025-02-04,AAPL,,,,,,,2.05,,1,,,,,,,,,,0.5533,2025-02-03T14:38:00+00:00,753,1503
trade,2025-02-04,NVDA,Long,2025-02-04T14:36:00+00:00,2025-02-04T15:56:00+00:00,118.3395,119.5091,2.54,2.97,0.009884,4800000,SessionClose,0.6626,0.1384,0.6490,0.5629,0.8664,-0.0993,-0.1634,0.8214,,,
summary,2025-02-04,NVDA,,,,,,,2.97,,1,,,,,,,,,,1.0000,2025-02-03T09:02:00+00:00,1289,1680
summary,2025-02-04,MSFT,,,,,,,0.00,,0,,,,,,,,,,0.7016,2025-02-03T10:33:00+00:00,879,1372
summary,2025-02-05,SPY,,,,,,,0.00,,0,,,,,,,,,,0.7304,2025-02-03T15:42:00+00:00,1625,2351
summary,2025-02-05,QQQ,,,,,,,0.00,,0,,,,,,,,,,0.7205,2025-02-03T15:42:00+00:00,1790,2525
trade,2025-02-05,AAPL,Long,2025-02-05T14:36:00+00:00,2025-02-05T15:16:00+00:00,229.4738,228.8463,1.31,-0.82,-0.002734,2400000,ScoreExit,0.4261,-0.1002,0.3069,0.5172,0.2834,-0.0686,-0.2350,0.1588,,,
summary,2025-02-05,AAPL,,,,,,,-0.82,,1,,,,,,,,,,0.5533,2025-02-03T14:38:00+00:00,1268,2374
trade,2025-02-05,NVDA,Long,2025-02-05T14:31:00+00:00,2025-02-05T15:50:00+00:00,122.3667,122.2182,2.46,-0.36,-0.001213,4740000,MaxHoldTimeout,0.5738,0.0588,0.5746,0.5150,0.6911,-0.5639,-0.1431,0.6702,,,
summary,2025-02-05,NVDA,,,,,,,-0.36,,1,,,,,,,,,,1.0000,2025-02-03T09:02:00+00:00,2125,2639
summary,2025-02-05,MSFT,,,,,,,0.00,,0,,,,,,,,,,0.7016,2025-02-03T10:33:00+00:00,1142,2094
summary,2025-02-06,SPY,,,,,,,0.00,,0,,,,,,,,,,0.9548,2025-02-03T15:42:00+00:00,2153,2826
summary,2025-02-06,QQQ,,,,,,,0.00,,0,,,,,,,,,,0.9559,2025-02-03T15:42:00+00:00,2301,3055
summary,2025-02-06,AAPL,,,,,,,0.00,,0,,,,,,,,,,0.9539,2025-02-03T14:38:00+00:00,1663,2818
summary,2025-02-06,NVDA,,,,,,,0.00,,0,,,,,,,,,,1.0000,2025-02-03T14:32:00+00:00,2958,3269
trade,2025-02-06,MSFT,Long,2025-02-06T14:41:00+00:00,2025-02-06T15:56:00+00:00,416.6090,416.4450,0.72,-0.12,-0.000394,4500000,SessionClose,0.5247,0.0597,0.5763,0.5937,0.3697,-0.4753,-0.0025,0.3623,,,
summary,2025-02-06,MSFT,,,,,,,-0.12,,1,,,,,,,,,,1.0000,2025-02-03T14:32:00+00:00,1422,2483
summary,2025-02-07,SPY,,,,,,,0.00,,0,,,,,,,,,,0.8476,2025-02-04T15:41:00+00:00,1493,2700
summary,2025-02-07,QQQ,,,,,,,0.00,,0,,,,,,,,,,0.9554,2025-02-04T15:40:00+00:00,1667,2969
summary,2025-02-07,AAPL,,,,,,,0.00,,0,,,,,,,,,,0.9566,2025-02-04T15:40:00+00:00,1741,2695
summary,2025-02-07,NVDA,,,,,,,0.00,,0,,,,,,,,,,1.0000,2025-02-04T14:35:00+00:00,2575,3270
summary,2025-02-07,MSFT,,,,,,,0.00,,0,,,,,,,,,,0.9505,2025-02-04T15:40:00+00:00,1087,2365
summary,2025-02-10,SPY,,,,,,,0.00,,0,,,,,,,,,,0.3827,2025-02-10T15:47:00+00:00,456,1137
summary,2025-02-10,QQQ,,,,,,,0.00,,0,,,,,,,,,,0.4381,2025-02-10T09:17:00+00:00,571,1214
summary,2025-02-10,AAPL,,,,,,,0.00,,0,,,,,,,,,,0.6794,2025-02-07T14:39:00+00:00,270,1112
trade,2025-02-10,NVDA,Long,2025-02-10T14:36:00+00:00,2025-02-10T15:56:00+00:00,132.3947,133.9548,2.27,3.54,0.011784,4800000,SessionClose,0.7748,0.1283,0.6187,0.6883,1.0000,-0.3821,-0.1439,0.8430,,,
summary,2025-02-10,NVDA,,,,,,,3.54,,1,,,,,,,,,,1.0000,2025-02-07T14:36:00+00:00,837,1350
summary,2025-02-10,MSFT,,,,,,,0.00,,0,,,,,,,,,,0.7446,2025-02-07T14:38:00+00:00,392,1066
summary,2025-02-11,SPY,,,,,,,0.00,,0,,,,,,,,,,0.6819,2025-02-10T10:42:00+00:00,772,1363
summary,2025-02-11,QQQ,,,,,,,0.00,,0,,,,,,,,,,0.7173,2025-02-10T10:27:00+00:00,789,1453
summary,2025-02-11,AAPL,,,,,,,0.00,,0,,,,,,,,,,0.6825,2025-02-11T15:44:00+00:00,547,1274
trade,2025-02-11,NVDA,Long,2025-02-11T14:36:00+00:00,2025-02-11T15:56:00+00:00,133.5350,133.9648,2.25,0.97,0.003218,4800000,SessionClose,0.4850,0.1275,0.6175,0.5512,0.3084,0.0025,-0.0413,0.5066,,,
summary,2025-02-11,NVDA,,,,,,,0.97,,1,,,,,,,,,,0.7935,2025-02-10T14:46:00+00:00,993,1681
summary,2025-02-11,MSFT,,,,,,,0.00,,0,,,,,,,,,,0.7405,2025-02-10T10:38:00+00:00,367,1140
summary,2025-02-12,SPY,,,,,,,0.00,,0,,,,,,,,,,0.6819,2025-02-10T10:42:00+00:00,1100,2110
summary,2025-02-12,QQQ,,,,,,,0.00,,0,,,,,,,,,,0.7173,2025-02-10T10:27:00+00:00,1188,2255
trade,2025-02-12,AAPL,Long,2025-02-12T15:21:00+00:00,2025-02-12T15:56:00+00:00,233.0499,234.5644,1.29,1.95,0.006499,2100000,SessionClose,0.4879,0.4353,0.5755,0.5059,0.4228,0.5387,0.4244,0.4228,,,
summary,2025-02-12,AAPL,,,,,,,1.95,,1,,,,,,,,,,0.6825,2025-02-11T15:44:00+00:00,1114,1967
summary,2025-02-12,NVDA,,,,,,,0.00,,0,,,,,,,,,,0.7935,2025-02-10T14:46:00+00:00,1178,2639
summary,2025-02-12,MSFT,,,,,,,0.00,,0,,,,,,,,,,0.7405,2025-02-10T10:38:00+00:00,415,1737
summary,2025-02-13,SPY,,,,,,,0.00,,0,,,,,,,,,,0.7820,2025-02-10T15:47:00+00:00,1456,2689
summary,2025-02-13,QQQ,,,,,,,0.00,,0,,,,,,,,,,0.8529,2025-02-10T15:40:00+00:00,1568,2845
trade,2025-02-13,AAPL,Long,2025-02-13T15:51:00+00:00,2025-02-13T15:56:00+00:00,238.8866,238.8233,1.26,-0.08,-0.000265,300000,SessionClose,0.4154,0.4094,-0.2433,0.5052,0.4553,-0.1998,0.4879,0.4553,,,
summary,2025-02-13,AAPL,,,,,,,-0.08,,1,,,,,,,,,,0.6704,2025-02-11T15:44:00+00:00,1633,2533
trade,2025-02-13,NVDA,Long,2025-02-13T14:56:00+00:00,2025-02-13T15:56:00+00:00,133.1549,135.9442,2.25,6.28,0.020948,3600000,SessionClose,0.5659,0.4065,0.5400,0.5615,0.5834,-0.0853,0.3363,0.7108,,,
summary,2025-02-13,NVDA,,,,,,,6.28,,1,,,,,,,,,,1.0000,2025-02-10T14:31:00+00:00,1280,3265
summary,2025-02-13,MSFT,,,,,,,0.00,,0,,,,,,,,,,0.9250,2025-02-10T16:00:00+00:00,380,2176
summary,2025-02-14,SPY,,,,,,,0.00,,0,,,,,,,,,,0.7970,2025-02-11T15:54:00+00:00,1790,2674
summary,2025-02-14,QQQ,,,,,,,0.00,,0,,,,,,,,,,0.8517,2025-02-11T15:51:00+00:00,1992,2907
trade,2025-02-14,AAPL,Long,2025-02-14T14:36:00+00:00,2025-02-14T15:56:00+00:00,242.9879,243.4220,1.24,0.54,0.001786,4800000,SessionClose,0.5532,0.1638,0.5795,0.5299,0.5910,-0.2211,0.0264,0.5669,,,
summary,2025-02-14,AAPL,,,,,,,0.54,,1,,,,,,,,,,1.0000,2025-02-11T14:35:00+00:00,2033,2580
summary,2025-02-14,NVDA,,,,,,,0.00,,0,,,,,,,,,,1.0000,2025-02-11T14:35:00+00:00,1759,3264
summary,2025-02-14,MSFT,,,,,,,0.00,,0,,,,,,,,,,0.7753,2025-02-11T15:28:00+00:00,681,2236
summary,2025-02-17,SPY,,,,,,,0.00,,0,,,,,,,,,,0.3988,2025-02-14T16:02:00+00:00,120,513
summary,2025-02-17,QQQ,,,,,,,0.00,,0,,,,,,,,,,0.7466,2025-02-14T15:57:00+00:00,342,516
summary,2025-02-17,AAPL,,,,,,,0.00,,0,,,,,,,,,,0.8920,2025-02-14T15:10:00+00:00,380,517
summary,2025-02-17,NVDA,,,,,,,0.00,,0,,,,,,,,,,0.9421,2025-02-14T14:38:00+00:00,508,629
summary,2025-02-17,MSFT,,,,,,,0.00,,0,,,,,,,,,,0.6157,2025-02-14T14:32:00+00:00,315,490
summary,2025-02-18,SPY,,,,,,,0.00,,0,,,,,,,,,,0.5372,2025-02-18T11:00:00+00:00,236,566
summary,2025-02-18,QQQ,,,,,,,0.00,,0,,,,,,,,,,0.3738,2025-02-18T20:59:00+00:00,187,667
summary,2025-02-18,AAPL,,,,,,,0.00,,0,,,,,,,,,,0.4387,2025-02-18T14:54:00+00:00,169,601
summary,2025-02-18,NVDA,,,,,,,0.00,,0,,,,,,,,,,0.6410,2025-02-18T14:33:00+00:00,234,721
summary,2025-02-18,MSFT,,,,,,,0.00,,0,,,,,,,,,,0.4330,2025-02-18T20:59:00+00:00,152,530
summary,2025-02-19,SPY,,,,,,,0.00,,0,,,,,,,,,,0.5372,2025-02-18T11:00:00+00:00,753,1305
summary,2025-02-19,QQQ,,,,,,,0.00,,0,,,,,,,,,,0.3738,2025-02-18T20:59:00+00:00,733,1478
summary,2025-02-19,AAPL,,,,,,,0.00,,0,,,,,,,,,,0.4387,2025-02-18T14:54:00+00:00,648,1308
summary,2025-02-19,NVDA,,,,,,,0.00,,0,,,,,,,,,,0.6410,2025-02-18T14:33:00+00:00,581,1680
summary,2025-02-19,MSFT,,,,,,,0.00,,0,,,,,,,,,,0.4957,2025-02-19T19:20:00+00:00,613,1104
summary,2025-02-20,SPY,,,,,,,0.00,,0,,,,,,,,,,0.5372,2025-02-18T11:00:00+00:00,1014,2040
summary,2025-02-20,QQQ,,,,,,,0.00,,0,,,,,,,,,,0.3738,2025-02-18T20:59:00+00:00,850,2289
summary,2025-02-20,AAPL,,,,,,,0.00,,0,,,,,,,,,,0.4387,2025-02-18T14:54:00+00:00,971,1962
summary,2025-02-20,NVDA,,,,,,,0.00,,0,,,,,,,,,,0.6410,2025-02-18T14:33:00+00:00,883,2637
summary,2025-02-20,MSFT,,,,,,,0.00,,0,,,,,,,,,,0.5208,2025-02-20T09:22:00+00:00,1130,1891
summary,2025-02-21,SPY,,,,,,,0.00,,0,,,,,,,,,,0.5078,2025-02-18T15:59:00+00:00,1053,2577
summary,2025-02-21,QQQ,,,,,,,0.00,,0,,,,,,,,,,0.4410,2025-02-19T00:19:00+00:00,1139,2821
summary,2025-02-21,AAPL,,,,,,,0.00,,0,,,,,,,,,,0.7893,2025-02-18T14:56:00+00:00,1370,2375
summary,2025-02-21,NVDA,,,,,,,0.00,,0,,,,,,,,,,1.0000,2025-02-18T14:33:00+00:00,1103,3253
summary,2025-02-21,MSFT,,,,,,,0.00,,0,,,,,,,,,,0.6959,2025-02-18T14:34:00+00:00,1287,2347
summary,2025-02-24,SPY,,,,,,,0.00,,0,,,,,,,,,,0.4039,2025-02-24T09:06:00+00:00,238,1222
summary,2025-02-24,QQQ,,,,,,,0.00,,0,,,,,,,,,,0.3472,2025-02-24T09:23:00+00:00,17,1251
trade,2025-02-24,AAPL,Long,2025-02-24T14:51:00+00:00,2025-02-24T15:38:00+00:00,246.3388,246.3986,1.22,0.07,0.000243,2820000,ScoreExit,0.4412,-0.0910,0.3556,0.5664,0.2193,-0.5788,-0.1594,0.2085,,,
summary,2025-02-24,AAPL,,,,,,,0.07,,1,,,,,,,,,,0.6222,2025-02-24T14:59:00+00:00,488,1154
summary,2025-02-24,NVDA,,,,,,,0.00,,0,,,,,,,,,,1.0000,2025-02-21T14:35:00+00:00,202,1351
summary,2025-02-24,MSFT,,,,,,,0.00,,0,,,,,,,,,,0.3688,2025-02-24T09:07:00+00:00,5,1065
summary,2025-02-25,SPY,,,,,,,0.00,,0,,,,,,,,,,0.4652,2025-02-24T17:19:00+00:00,414,1485
summary,2025-02-25,QQQ,,,,,,,0.00,,0,,,,,,,,,,0.4810,2025-02-24T17:19:00+00:00,218,1585
summary,2025-02-25,AAPL,,,,,,,0.00,,0,,,,,,,,,,0.7459,2025-02-24T14:59:00+00:00,904,1420
summary,2025-02-25,NVDA,,,,,,,0.00,,0,,,,,,,,,,0.6151,2025-02-24T13:08:00+00:00,510,1681
summary,2025-02-25,MSFT,,,,,,,0.00,,0,,,,,,,,,,0.6129,2025-02-24T16:03:00+00:00,444,1185
summary,2025-02-26,SPY,,,,,,,0.00,,0,,,,,,,,,,0.4652,2025-02-24T17:19:00+00:00,808,2305
summary,2025-02-26,QQQ,,,,,,,0.00,,0,,,,,,,,,,0.4810,2025-02-24T17:19:00+00:00,440,2490
summary,2025-02-26,AAPL,,,,,,,0.00,,0,,,,,,,,,,0.7459,2025-02-24T14:59:00+00:00,904,2179
summary,2025-02-26,NVDA,,,,,,,0.00,,0,,,,,,,,,,0.6151,2025-02-24T13:08:00+00:00,967,2641
trade,2025-02-26,MSFT,Long,2025-02-26T15:19:00+00:00,2025-02-26T15:56:00+00:00,402.5857,402.5998,0.75,0.01,0.000035,2220000,SessionClose,0.5119,0.2214,0.5776,0.5975,0.3189,0.1565,0.1762,0.3333,,,
summary,2025-02-26,MSFT,,,,,,,0.01,,1,,,,,,,,,,0.6129,2025-02-24T16:03:00+00:00,599,1793
summary,2025-02-27,SPY,,,,,,,0.00,,0,,,,,,,,,,0.5126,2025-02-24T17:19:00+00:00,991,2911
summary,2025-02-27,QQQ,,,,,,,0.00,,0,,,,,,,,,,0.5330,2025-02-24T17:19:00+00:00,649,3112
summary,2025-02-27,AAPL,,,,,,,0.00,,0,,,,,,,,,,1.0000,2025-02-24T14:32:00+00:00,751,2695
summary,2025-02-27,NVDA,,,,,,,0.00,,0,,,,,,,,,,0.9269,2025-02-24T14:45:00+00:00,1150,3271
summary,2025-02-27,MSFT,,,,,,,0.00,,0,,,,,,,,,,0.9572,2025-02-24T16:03:00+00:00,734,2274
summary,2025-02-28,SPY,,,,,,,0.00,,0,,,,,,,,,,0.6000,2025-02-25T18:07:00+00:00,1282,2940
summary,2025-02-28,QQQ,,,,,,,0.00,,0,,,,,,,,,,0.6012,2025-02-25T18:07:00+00:00,1296,3105
summary,2025-02-28,AAPL,,,,,,,0.00,,0,,,,,,,,,,0.7411,2025-02-25T16:53:00+00:00,296,2615
trade,2025-02-28,NVDA,Long,2025-02-28T15:06:00+00:00,2025-02-28T15:56:00+00:00,118.5405,122.6982,2.53,10.54,0.035073,3000000,SessionClose,0.3882,0.3284,-0.0035,0.6310,0.0330,0.5327,0.4420,0.0330,,,
summary,2025-02-28,NVDA,,,,,,,10.54,,1,,,,,,,,,,0.9224,2025-02-25T14:36:00+00:00,1567,3271
summary,2025-02-28,MSFT,,,,,,,0.00,,0,,,,,,,,,,0.5811,2025-02-26T15:18:00+00:00,666,2322
summary,2025-03-03,SPY,,,,,,,0.00,,0,,,,,,,,,,0.9277,2025-02-28T15:58:00+00:00,829,1254
summary,2025-03-03,QQQ,,,,,,,0.00,,0,,,,,,,,,,0.9563,2025-02-28T15:58:00+00:00,881,1253
summary,2025-03-03,AAPL,,,,,,,0.00,,0,,,,,,,,,,0.9349,2025-02-28T14:43:00+00:00,918,1152
summary,2025-03-03,NVDA,,,,,,,0.00,,0,,,,,,,,,,1.0000,2025-02-28T14:35:00+00:00,933,1351
summary,2025-03-03,MSFT,,,,,,,0.00,,0,,,,,,,,,,0.9497,2025-02-28T15:53:00+00:00,688,1023
summary,2025-03-04,SPY,,,,,,,0.00,,0,,,,,,,,,,0.5130,2025-03-03T10:00:00+00:00,302,1530
summary,2025-03-04,QQQ,,,,,,,0.00,,0,,,,,,,,,,0.6471,2025-03-03T10:32:00+00:00,428,1624
summary,2025-03-04,AAPL,,,,,,,0.00,,0,,,,,,,,,,0.6300,2025-03-03T14:33:00+00:00,448,1388
summary,2025-03-04,NVDA,,,,,,,0.00,,0,,,,,,,,,,0.7616,2025-03-03T09:35:00+00:00,446,1681
summary,2025-03-04,MSFT,,,,,,,0.00,,0,,,,,,,,,,0.7141,2025-03-03T11:09:00+00:00,318,1276
summary,2025-03-05,SPY,,,,,,,0.00,,0,,,,,,,,,,0.5130,2025-03-03T10:00:00+00:00,609,2439
summary,2025-03-05,QQQ,,,,,,,0.00,,0,,,,,,,,,,0.6471,2025-03-03T10:32:00+00:00,882,2552
summary,2025-03-05,AAPL,,,,,,,0.00,,0,,,,,,,,,,0.6300,2025-03-03T14:33:00+00:00,578,2103
summary,2025-03-05,NVDA,,,,,,,0.00,,0,,,,,,,,,,0.7616,2025-03-03T09:35:00+00:00,1081,2641
summary,2025-03-05,MSFT,,,,,,,0.00,,0,,,,,,,,,,0.7141,2025-03-03T11:09:00+00:00,827,1921
summary,2025-03-06,SPY,,,,,,,0.00,,0,,,,,,,,,,0.5809,2025-03-03T15:44:00+00:00,547,3036
trade,2025-03-06,QQQ,Long,2025-03-06T15:19:00+00:00,2025-03-06T15:51:00+00:00,496.6640,496.7059,0.60,0.03,0.000085,1920000,ScoreExit,0.3638,-0.0528,0.3389,0.5256,0.0484,-0.5599,-0.0275,0.0657,,,
summary,2025-03-06,QQQ,,,,,,,0.03,,1,,,,,,,,,,0.5206,2025-03-03T15:44:00+00:00,841,3173
summary,2025-03-06,AAPL,,,,,,,0.00,,0,,,,,,,,,,1.0000,2025-03-03T14:33:00+00:00,534,2614
summary,2025-03-06,NVDA,,,,,,,0.00,,0,,,,,,,,,,0.6772,2025-03-04T17:26:00+00:00,1310,3271
trade,2025-03-06,MSFT,Long,2025-03-06T15:06:00+00:00,2025-03-06T15:56:00+00:00,398.9897,399.5851,0.75,0.45,0.001492,3000000,SessionClose,0.4693,0.0438,0.5321,0.5047,0.3777,-0.5237,-0.0285,0.3777,,,
summary,2025-03-06,MSFT,,,,,,,0.45,,1,,,,,,,,,,0.5674,2025-03-06T15:17:00+00:00,1086,2432
summary,2025-03-07,SPY,,,,,,,0.00,,0,,,,,,,,,,0.6355,2025-03-04T19:07:00+00:00,1200,3010
summary,2025-03-07,QQQ,,,,,,,0.00,,0,,,,,,,,,,0.8660,2025-03-04T14:38:00+00:00,1350,3145
trade,2025-03-07,AAPL,Long,2025-03-07T14:36:00+00:00,2025-03-07T15:56:00+00:00,236.9311,238.9533,1.27,2.56,0.008535,4800000,SessionClose,0.5046,0.2054,0.6145,0.5231,0.4310,0.2953,0.0535,0.4793,,,
summary,2025-03-07,AAPL,,,,,,,2.56,,1,,,,,,,,,,0.8989,2025-03-04T15:33:00+00:00,993,2510
summary,2025-03-07,NVDA,,,,,,,0.00,,0,,,,,,,,,,1.0000,2025-03-04T14:33:00+00:00,1536,3270
summary,2025-03-07,MSFT,,,,,,,0.00,,0,,,,,,,,,,1.0000,2025-03-04T14:36:00+00:00,1523,2277
summary,2025-03-10,SPY,,,,,,,0.00,,0,,,,,,,,,,0.8288,2025-03-07T14:53:00+00:00,433,1285
summary,2025-03-10,QQQ,,,,,,,0.00,,0,,,,,,,,,,0.8695,2025-03-07T14:53:00+00:00,406,1259
summary,2025-03-10,AAPL,,,,,,,0.00,,0,,,,,,,,,,1.0000,2025-03-07T14:35:00+00:00,284,1128
trade,2025-03-10,NVDA,Long,2025-03-10T13:42:00+00:00,2025-03-10T14:01:00+00:00,111.1483,109.7421,2.70,-3.80,-0.012652,1140000,ScoreExit,0.5368,-0.1781,0.6096,0.5891,0.4078,-0.5181,-0.3563,0.2915,,,
summary,2025-03-10,NVDA,,,,,,,-3.80,,1,,,,,,,,,,1.0000,2025-03-07T14:40:00+00:00,582,1351
summary,2025-03-10,MSFT,,,,,,,0.00,,0,,,,,,,,,,0.7442,2025-03-07T14:55:00+00:00,251,984
summary,2025-03-11,SPY,,,,,,,0.00,,0,,,,,,,,,,0.5748,2025-03-11T18:53:00+00:00,425,1615
trade,2025-03-11,QQQ,Long,2025-03-11T13:47:00+00:00,2025-03-11T14:01:00+00:00,474.7174,476.0321,0.63,0.83,0.002770,840000,ScoreExit,0.3672,-0.1215,0.1935,0.5115,0.1364,0.4876,-0.2981,0.0285,,,
summary,2025-03-11,QQQ,,,,,,,0.83,,1,,,,,,,,,,0.6475,2025-03-11T18:45:00+00:00,408,1646
summary,2025-03-11,AAPL,,,,,,,0.00,,0,,,,,,,,,,0.4702,2025-03-10T19:34:00+00:00,114,1495
trade,2025-03-11,NVDA,Long,2025-03-11T13:36:00+00:00,2025-03-11T14:05:00+00:00,108.3075,108.0526,2.77,-0.71,-0.002354,1740000,ScoreExit,0.7454,-0.0574,0.5925,0.7196,0.8479,-0.6427,-0.0802,0.1835,,,
summary,2025-03-11,NVDA,,,,,,,-0.71,,1,,,,,,,,,,0.7866,2025-03-11T08:14:00+00:00,664,1681
trade,2025-03-11,MSFT,Long,2025-03-11T14:06:00+00:00,2025-03-11T15:01:00+00:00,381.5694,381.9904,0.78,0.33,0.001103,3300000,ScoreExit,0.4042,-0.0613,-0.1002,0.5429,0.2949,-0.4543,-0.1995,0.3460,,,
summary,2025-03-11,MSFT,,,,,,,0.33,,1,,,,,,,,,,0.5905,2025-03-11T18:45:00+00:00,430,1267
summary,2025-03-12,SPY,,,,,,,0.00,,0,,,,,,,,,,0.5748,2025-03-11T18:53:00+00:00,800,2477
summary,2025-03-12,QQQ,,,,,,,0.00,,0,,,,,,,,,,0.6475,2025-03-11T18:45:00+00:00,947,2568
summary,2025-03-12,AAPL,,,,,,,0.00,,0,,,,,,,,,,0.4702,2025-03-10T19:34:00+00:00,114,2270
summary,2025-03-12,NVDA,,,,,,,0.00,,0,,,,,,,,,,0.7866,2025-03-11T08:14:00+00:00,1515,2641
summary,2025-03-12,MSFT,,,,,,,0.00,,0,,,,,,,,,,0.5905,2025-03-11T18:45:00+00:00,780,1865
summary,2025-03-13,SPY,,,,,,,0.00,,0,,,,,,,,,,0.5780,2025-03-11T18:53:00+00:00,833,3068
summary,2025-03-13,QQQ,,,,,,,0.00,,0,,,,,,,,,,0.6517,2025-03-11T18:45:00+00:00,1217,3165
summary,2025-03-13,AAPL,,,,,,,0.00,,0,,,,,,,,,,0.5699,2025-03-11T08:26:00+00:00,216,2821
trade,2025-03-13,NVDA,Long,2025-03-13T14:21:00+00:00,2025-03-13T15:11:00+00:00,116.7100,116.1052,2.58,-1.56,-0.005182,3000000,ScoreExit,0.4968,-0.0975,0.4649,0.5171,0.4670,-0.3633,-0.2705,0.3371,,,
summary,2025-03-13,NVDA,,,,,,,-1.56,,1,,,,,,,,,,1.0000,2025-03-10T13:40:00+00:00,2196,3271
summary,2025-03-13,MSFT,,,,,,,0.00,,0,,,,,,,,,,0.6437,2025-03-10T14:16:00+00:00,950,2383
summary,2025-03-14,SPY,,,,,,,0.00,,0,,,,,,,,,,0.7579,2025-03-11T18:45:00+00:00,1331,3029
summary,2025-03-14,QQQ,,,,,,,0.00,,0,,,,,,,,,,0.8947,2025-03-11T13:39:00+00:00,1602,3145
summary,2025-03-14,AAPL,,,,,,,0.00,,0,,,,,,,,,,1.0000,2025-03-11T13:36:00+00:00,478,2790
summary,2025-03-14,NVDA,,,,,,,0.00,,0,,,,,,,,,,1.0000,2025-03-11T13:31:00+00:00,2678,3271
summary,2025-03-14,MSFT,,,,,,,0.00,,0,,,,,,,,,,0.9002,2025-03-11T14:09:00+00:00,1174,2258
summary,2025-03-17,SPY,,,,,,,0.00,,0,,,,,,,,,,0.9519,2025-03-14T15:02:00+00:00,933,1233
summary,2025-03-17,QQQ,,,,,,,0.00,,0,,,,,,,,,,0.9518,2025-03-14T15:02:00+00:00,971,1261
summary,2025-03-17,AAPL,,,,,,,0.00,,0,,,,,,,,,,1.0000,2025-03-14T13:34:00+00:00,770,1148
summary,2025-03-17,NVDA,,,,,,,0.00,,0,,,,,,,,,,1.0000,2025-03-14T13:33:00+00:00,998,1351
trade,2025-03-17,MSFT,Long,2025-03-17T13:36:00+00:00,2025-03-17T14:52:00+00:00,389.2367,388.2885,0.77,-0.73,-0.002436,4560000,ScoreExit,0.5228,-0.0910,0.5079,0.5042,0.5650,-0.5677,-0.2960,0.4778,,,
summary,2025-03-17,MSFT,,,,,,,-0.73,,1,,,,,,,,,,1.0000,2025-03-14T13:35:00+00:00,792,1011
summary,2025-03-18,SPY,,,,,,,0.00,,0,,,,,,,,,,0.6987,2025-03-17T09:39:00+00:00,621,1460
summary,2025-03-18,QQQ,,,,,,,0.00,,0,,,,,,,,,,0.7200,2025-03-17T09:34:00+00:00,631,1580
summary,2025-03-18,AAPL,,,,,,,0.00,,0,,,,,,,,,,0.6459,2025-03-17T18:13:00+00:00,617,1309
summary,2025-03-18,NVDA,,,,,,,0.00,,0,,,,,,,,,,0.8970,2025-03-17T08:25:00+00:00,483,1681
summary,2025-03-18,MSFT,,,,,,,0.00,,0,,,,,,,,,,0.7343,2025-03-17T10:19:00+00:00,307,1078
summary,2025-03-19,SPY,,,,,,,0.00,,0,,,,,,,,,,0.6987,2025-03-17T09:39:00+00:00,888,2261
summary,2025-03-19,QQQ,,,,,,,0.00,,0,,,,,,,,,,0.7200,2025-03-17T09:34:00+00:00,854,2464
trade,2025-03-19,AAPL,Long,2025-03-19T13:46:00+00:00,2025-03-19T14:41:00+00:00,214.7594,216.3601,1.40,2.24,0.007453,3300000,ScoreExit,0.4146,-0.0666,-0.4687,0.5215,0.4952,-0.5346,-0.2031,0.3625,,,
summary,2025-03-19,AAPL,,,,,,,2.24,,1,,,,,,,,,,0.6459,2025-03-17T18:13:00+00:00,926,1951
summary,2025-03-19,NVDA,,,,,,,0.00,,0,,,,,,,,,,0.8970,2025-03-17T08:25:00+00:00,711,2640
summary,2025-03-19,MSFT,,,,,,,0.00,,0,,,,,,,,,,0.7343,2025-03-17T10:19:00+00:00,556,1583
trade,2025-03-20,SPY,Long,2025-03-20T14:11:00+00:00,2025-03-20T15:16:00+00:00,568.2254,569.2542,0.53,0.54,0.001810,3900000,ScoreExit,0.4087,-0.0522,0.0500,0.5252,0.2954,-0.1811,-0.1835,0.2532,,,
summary,2025-03-20,SPY,,,,,,,0.54,,1,,,,,,,,,,0.6839,2025-03-17T13:41:00+00:00,1156,2865
trade,2025-03-20,QQQ,Long,2025-03-20T14:01:00+00:00,2025-03-20T15:18:00+00:00,481.6595,482.6302,0.62,0.60,0.002015,4620000,ScoreExit,0.5169,-0.0552,0.5878,0.5676,0.3917,-0.3701,-0.1969,0.3331,,,
summary,2025-03-20,QQQ,,,,,,,0.60,,1,,,,,,,,,,0.8622,2025-03-17T13:41:00+00:00,1077,3068
trade,2025-03-20,AAPL,Long,2025-03-20T14:22:00+00:00,2025-03-20T14:56:00+00:00,217.0901,216.3801,1.38,-0.98,-0.003271,2040000,ScoreExit,0.3970,-0.0729,0.0186,0.5110,0.2953,-0.5386,-0.1795,0.2953,,,
summary,2025-03-20,AAPL,,,,,,,-0.98,,1,,,,,,,,,,1.0000,2025-03-17T13:37:00+00:00,1247,2455
trade,2025-03-20,NVDA,Long,2025-03-20T13:36:00+00:00,2025-03-20T15:37:00+00:00,118.7656,118.8893,2.53,0.31,0.001042,7260000,MaxHoldTimeout,0.5477,0.0154,0.6325,0.6418,0.3312,-0.5804,-0.1060,0.4568,,,
summary,2025-03-20,NVDA,,,,,,,0.31,,1,,,,,,,,,,0.6621,2025-03-17T18:31:00+00:00,1183,3270
trade,2025-03-20,MSFT,Long,2025-03-20T14:06:00+00:00,2025-03-20T15:01:00+00:00,388.6316,388.9183,0.77,0.22,0.000738,3300000,ScoreExit,0.4512,-0.1047,0.5706,0.5007,0.3123,-0.5855,-0.1988,0.2439,,,
summary,2025-03-20,MSFT,,,,,,,0.22,,1,,,,,,,,,,0.9632,2025-03-17T13:36:00+00:00,704,2043
summary,2025-03-21,SPY,,,,,,,0.00,,0,,,,,,,,,,0.5609,2025-03-19T19:07:00+00:00,1255,2896
summary,2025-03-21,QQQ,,,,,,,0.00,,0,,,,,,,,,,0.5907,2025-03-19T19:07:00+00:00,1545,3056
trade,2025-03-21,AAPL,Long,2025-03-21T13:47:00+00:00,2025-03-21T15:14:00+00:00,213.1689,214.2207,1.41,1.48,0.004934,5220000,ScoreExit,0.3749,-0.0507,0.1735,0.5515,0.0887,-0.5680,-0.0936,0.2073,,,
summary,2025-03-21,AAPL,,,,,,,1.48,,1,,,,,,,,,,0.7116,2025-03-18T14:06:00+00:00,1114,2445
summary,2025-03-21,NVDA,,,,,,,0.00,,0,,,,,,,,,,0.7099,2025-03-18T16:14:00+00:00,1749,3269
summary,2025-03-21,MSFT,,,,,,,0.00,,0,,,,,,,,,,0.6211,2025-03-21T19:55:00+00:00,957,2031
summary,2025-03-24,SPY,,,,,,,0.00,,0,,,,,,,,,,0.8725,2025-03-21T15:01:00+00:00,1035,1234
summary,2025-03-24,QQQ,,,,,,,0.00,,0,,,,,,,,,,0.9356,2025-03-21T15:00:00+00:00,1140,1271
summary,2025-03-24,AAPL,,,,,,,0.00,,0,,,,,,,,,,1.0000,2025-03-21T13:41:00+00:00,1090,1201
trade,2025-03-24,NVDA,Long,2025-03-24T14:51:00+00:00,2025-03-24T15:56:00+00:00,121.4014,121.6896,2.47,0.71,0.002374,3900000,SessionClose,0.6124,0.2658,0.5448,0.5068,0.8461,0.4338,-0.0212,0.7836,,,
summary,2025-03-24,NVDA,,,,,,,0.71,,1,,,,,,,,,,0.7195,2025-03-21T14:23:00+00:00,1157,1348
summary,2025-03-24,MSFT,,,,,,,0.00,,0,,,,,,,,,,0.7654,2025-03-21T19:55:00+00:00,799,1062
summary,2025-03-25,SPY,,,,,,,0.00,,0,,,,,,,,,,0.6709,2025-03-24T09:14:00+00:00,997,1497
summary,2025-03-25,QQQ,,,,,,,0.00,,0,,,,,,,,,,0.5341,2025-03-24T08:09:00+00:00,1136,1597
summary,2025-03-25,AAPL,,,,,,,0.00,,0,,,,,,,,,,0.7858,2025-03-24T09:23:00+00:00,872,1389
summary,2025-03-25,NVDA,,,,,,,0.00,,0,,,,,,,,,,0.7151,2025-03-24T08:09:00+00:00,911,1681
summary,2025-03-25,MSFT,,,,,,,0.00,,0,,,,,,,,,,0.6302,2025-03-24T08:14:00+00:00,666,1153
summary,2025-03-26,SPY,,,,,,,0.00,,0,,,,,,,,,,0.6709,2025-03-24T09:14:00+00:00,1267,2280
summary,2025-03-26,QQQ,,,,,,,0.00,,0,,,,,,,,,,0.5341,2025-03-24T08:09:00+00:00,1444,2439
summary,2025-03-26,AAPL,,,,,,,0.00,,0,,,,,,,,,,0.7858,2025-03-24T09:23:00+00:00,1265,2052
summary,2025-03-26,NVDA,,,,,,,0.00,,0,,,,,,,,,,0.7151,2025-03-24T08:09:00+00:00,913,2637
summary,2025-03-26,MSFT,,,,,,,0.00,,0,,,,,,,,,,0.6302,2025-03-24T08:14:00+00:00,781,1650
summary,2025-03-27,SPY,,,,,,,0.00,,0,,,,,,,,,,0.7931,2025-03-24T14:49:00+00:00,1071,2888
summary,2025-03-27,QQQ,,,,,,,0.00,,0,,,,,,,,,,0.8326,2025-03-24T14:49:00+00:00,1282,3057
summary,2025-03-27,AAPL,,,,,,,0.00,,0,,,,,,,,,,0.8080,2025-03-24T13:38:00+00:00,1614,2469
summary,2025-03-27,NVDA,,,,,,,0.00,,0,,,,,,,,,,0.9593,2025-03-24T14:53:00+00:00,756,3267
summary,2025-03-27,MSFT,,,,,,,0.00,,0,,,,,,,,,,0.4233,2025-03-25T14:22:00+00:00,723,2014
summary,2025-03-28,SPY,,,,,,,0.00,,0,,,,,,,,,,0.7739,2025-03-25T14:41:00+00:00,415,2861
summary,2025-03-28,QQQ,,,,,,,0.00,,0,,,,,,,,,,0.8521,2025-03-25T14:44:00+00:00,619,3017
summary,2025-03-28,AAPL,,,,,,,0.00,,0,,,,,,,,,,1.0000,2025-03-25T13:37:00+00:00,1019,2423
summary,2025-03-28,NVDA,,,,,,,0.00,,0,,,,,,,,,,0.6127,2025-03-25T16:08:00+00:00,562,3267
summary,2025-03-28,MSFT,,,,,,,0.00,,0,,,,,,,,,,0.7425,2025-03-25T13:41:00+00:00,306,1944
summary,2025-03-31,SPY,,,,,,,0.00,,0,,,,,,,,,,0.4697,2025-03-28T13:38:00+00:00,167,1274
summary,2025-03-31,QQQ,,,,,,,0.00,,0,,,,,,,,,,0.5057,2025-03-28T13:42:00+00:00,124,1304
summary,2025-03-31,AAPL,,,,,,,0.00,,0,,,,,,,,,,0.9007,2025-03-28T13:46:00+00:00,349,1146
summary,2025-03-31,NVDA,,,,,,,0.00,,0,,,,,,,,,,1.0000,2025-03-28T13:36:00+00:00,266,1350
summary,2025-03-31,MSFT,,,,,,,0.00,,0,,,,,,,,,,0.6909,2025-03-28T13:42:00+00:00,125,1062
trade,2025-04-01,SPY,Long,2025-04-01T14:56:00+00:00,2025-04-01T15:56:00+00:00,559.4329,561.0166,0.54,0.85,0.002831,3600000,SessionClose,0.5117,0.2261,0.5041,0.5349,0.4677,0.0454,0.1042,0.5299,,,
summary,2025-04-01,SPY,,,,,,,0.85,,1,,,,,,,,,,0.6313,2025-03-31T18:31:00+00:00,986,1563
trade,2025-04-01,QQQ,Long,2025-04-01T14:56:00+00:00,2025-04-01T15:56:00+00:00,470.1260,471.7884,0.64,1.06,0.003536,3600000,SessionClose,0.5281,0.2341,0.4707,0.5359,0.5317,-0.0331,0.0948,0.6019,,,
summary,2025-04-01,QQQ,,,,,,,1.06,,1,,,,,,,,,,0.6413,2025-03-31T18:31:00+00:00,1115,1632
trade,2025-04-01,AAPL,Long,2025-04-01T13:46:00+00:00,2025-04-01T15:47:00+00:00,221.4114,222.5882,1.36,1.59,0.005315,7260000,MaxHoldTimeout,0.5484,0.1196,0.5890,0.5059,0.6199,0.0369,-0.1102,0.6068,,,
summary,2025-04-01,AAPL,,,,,,,1.59,,1,,,,,,,,,,0.6597,2025-03-31T08:15:00+00:00,1100,1382
summary,2025-04-01,NVDA,,,,,,,0.00,,0,,,,,,,,,,0.7375,2025-03-31T18:39:00+00:00,1181,1681
trade,2025-04-01,MSFT,Long,2025-04-01T13:46:00+00:00,2025-04-01T15:47:00+00:00,376.4479,381.0806,0.80,3.69,0.012306,7260000,MaxHoldTimeout,0.5599,0.3145,0.5513,0.5246,0.6335,0.5210,0.0967,0.6813,,,
summary,2025-04-01,MSFT,,,,,,,3.69,,1,,,,,,,,,,0.6948,2025-03-31T15:53:00+00:00,786,1181
trade,2025-04-02,SPY,Long,2025-04-02T13:44:00+00:00,2025-04-02T15:45:00+00:00,558.4925,562.1863,0.54,1.99,0.006614,7260000,MaxHoldTimeout,0.3544,-0.0321,0.3483,0.5030,0.0592,-0.5379,-0.0922,0.2568,,,
summary,2025-04-02,SPY,,,,,,,1.99,,1,,,,,,,,,,0.6313,2025-03-31T18:31:00+00:00,1479,2397
trade,2025-04-02,QQQ,Long,2025-04-02T13:43:00+00:00,2025-04-02T15:13:00+00:00,469.9559,472.5732,0.64,1.67,0.005569,5400000,ScoreExit,0.4166,-0.0559,0.2111,0.5726,0.1730,-0.4546,-0.1609,0.2871,,,
summary,2025-04-02,QQQ,,,,,,,1.67,,1,,,,,,,,,,0.6413,2025-03-31T18:31:00+00:00,1666,2508
summary,2025-04-02,AAPL,,,,,,,0.00,,0,,,,,,,,,,0.6597,2025-03-31T08:15:00+00:00,1559,2054
trade,2025-04-02,NVDA,Long,2025-04-02T13:48:00+00:00,2025-04-02T15:14:00+00:00,109.0527,108.9973,2.75,-0.15,-0.000508,5160000,MaxHoldTimeout,0.4336,-0.0198,0.2924,0.5739,0.2001,-0.5197,-0.1225,0.3524,,,
summary,2025-04-02,NVDA,,,,,,,-0.15,,1,,,,,,,,,,0.7375,2025-03-31T18:39:00+00:00,1807,2639
trade,2025-04-02,MSFT,Long,2025-04-02T13:42:00+00:00,2025-04-02T15:11:00+00:00,380.9292,381.3855,0.79,0.36,0.001198,5340000,ScoreExit,0.4318,-0.0810,0.3157,0.5341,0.2659,-0.1400,-0.2273,0.2312,,,
summary,2025-04-02,MSFT,,,,,,,0.36,,1,,,,,,,,,,0.6948,2025-03-31T15:53:00+00:00,1197,1753
summary,2025-04-03,SPY,,,,,,,0.00,,0,,,,,,,,,,0.8585,2025-03-31T15:02:00+00:00,1529,3049
summary,2025-04-03,QQQ,,,,,,,0.00,,0,,,,,,,,,,0.8237,2025-03-31T14:08:00+00:00,1715,3139
summary,2025-04-03,AAPL,,,,,,,0.00,,0,,,,,,,,,,0.9274,2025-03-31T15:00:00+00:00,1370,2766
summary,2025-04-03,NVDA,,,,,,,0.00,,0,,,,,,,,,,0.8977,2025-03-31T14:01:00+00:00,1918,3269
summary,2025-04-03,MSFT,,,,,,,0.00,,0,,,,,,,,,,0.7182,2025-03-31T15:53:00+00:00,1307,2402
summary,2025-04-04,SPY,,,,,,,0.00,,0,,,,,,,,,,0.9564,2025-04-01T15:01:00+00:00,754,3109
summary,2025-04-04,QQQ,,,,,,,0.00,,0,,,,,,,,,,0.9559,2025-04-01T14:54:00+00:00,832,3165
summary,2025-04-04,AAPL,,,,,,,0.00,,0,,,,,,,,,,0.9422,2025-04-01T13:45:00+00:00,735,2943
summary,2025-04-04,NVDA,,,,,,,0.00,,0,,,,,,,,,,0.9547,2025-04-01T14:54:00+00:00,1021,3269
summary,2025-04-04,MSFT,,,,,,,0.00,,0,,,,,,,,,,0.9576,2025-04-01T14:42:00+00:00,858,2547
trade,2025-04-07,SPY,Long,2025-04-07T14:11:00+00:00,2025-04-07T15:11:00+00:00,502.5357,502.8241,0.16,0.04,0.000574,3600000,ScoreExit,0.7471,-0.1492,0.7207,0.9583,0.3333,-0.5360,-0.3260,0.3333,,,
summary,2025-04-07,SPY,,,,,,,0.04,,1,,,,,,,,,,0.9725,2025-04-07T14:13:00+00:00,415,1347
trade,2025-04-07,QQQ,Long,2025-04-07T13:56:00+00:00,2025-04-07T15:11:00+00:00,412.8788,423.4779,0.31,3.28,0.025671,4500000,ScoreExit,0.5252,-0.1565,0.6645,0.5980,0.3333,-0.4141,-0.3736,0.3637,,,
summary,2025-04-07,QQQ,,,,,,,3.28,,1,,,,,,,,,,0.9735,2025-04-07T14:13:00+00:00,448,1334
trade,2025-04-07,AAPL,Long,2025-04-07T14:11:00+00:00,2025-04-07T14:36:00+00:00,184.0402,180.7708,0.89,-2.90,-0.017765,1500000,ScoreExit,0.5947,-0.1194,0.6721,0.8552,0.0479,-0.6637,-0.1122,0.0479,,,
summary,2025-04-07,AAPL,,,,,,,-2.90,,1,,,,,,,,,,1.0000,2025-04-04T13:30:00+00:00,167,1331
trade,2025-04-07,NVDA,Long,2025-04-07T13:51:00+00:00,2025-04-07T15:24:00+00:00,89.8319,94.0068,3.34,13.96,0.046474,5580000,ScoreExit,0.5742,-0.1224,0.6909,0.6752,0.3333,-0.6133,-0.3410,0.4785,,,
summary,2025-04-07,NVDA,,,,,,,13.96,,1,,,,,,,,,,0.9613,2025-04-07T14:13:00+00:00,533,1351
trade,2025-04-07,MSFT,Long,2025-04-07T14:11:00+00:00,2025-04-07T15:11:00+00:00,357.5822,358.1075,0.29,0.15,0.001469,3600000,ScoreExit,0.7035,-0.1400,0.7440,0.8819,0.3333,-0.1905,-0.3682,0.3333,,,
summary,2025-04-07,MSFT,,,,,,,0.15,,1,,,,,,,,,,0.9377,2025-04-04T13:46:00+00:00,460,1238
summary,2025-04-08,SPY,,,,,,,0.00,,0,,,,,,,,,,0.9725,2025-04-07T14:13:00+00:00,1146,1668
trade,2025-04-08,QQQ,Long,2025-04-08T14:01:00+00:00,2025-04-08T14:54:00+00:00,441.1073,438.9933,0.54,-1.15,-0.004793,3180000,ScoreExit,0.5989,-0.0517,0.5455,0.5066,0.8014,-0.5708,-0.3918,0.8014,,,
summary,2025-04-08,QQQ,,,,,,,-1.15,,1,,,,,,,,,,1.0000,2025-04-07T08:02:00+00:00,1194,1667
trade,2025-04-08,AAPL,Long,2025-04-08T14:09:00+00:00,2025-04-08T14:56:00+00:00,189.3618,187.0214,1.59,-3.71,-0.012359,2820000,ScoreExit,0.6295,-0.1330,0.5387,0.5618,0.7953,-0.5812,-0.5225,0.7953,,,
summary,2025-04-08,AAPL,,,,,,,-3.71,,1,,,,,,,,,,1.0000,2025-04-07T08:02:00+00:00,1008,1650
trade,2025-04-08,NVDA,Long,2025-04-08T13:51:00+00:00,2025-04-08T14:54:00+00:00,104.0662,103.8718,2.90,-0.56,-0.001868,3780000,ScoreExit,0.5693,-0.0510,-0.0164,0.5506,0.8019,-0.5770,-0.3923,0.8071,,,
summary,2025-04-08,NVDA,,,,,,,-0.56,,1,,,,,,,,,,0.9597,2025-04-07T14:13:00+00:00,1328,1681
summary,2025-04-08,MSFT,,,,,,,0.00,,0,,,,,,,,,,1.0000,2025-04-07T08:02:00+00:00,1017,1464
summary,2025-04-09,SPY,,,,,,,0.00,,0,,,,,,,,,,0.9725,2025-04-07T14:13:00+00:00,1430,2625
summary,2025-04-09,QQQ,,,,,,,0.00,,0,,,,,,,,,,1.0000,2025-04-07T08:02:00+00:00,1487,2625
summary,2025-04-09,AAPL,,,,,,,0.00,,0,,,,,,,,,,1.0000,2025-04-07T08:02:00+00:00,1354,2606
summary,2025-04-09,NVDA,,,,,,,0.00,,0,,,,,,,,,,0.9597,2025-04-07T14:13:00+00:00,1916,2641
summary,2025-04-09,MSFT,,,,,,,0.00,,0,,,,,,,,,,1.0000,2025-04-07T08:02:00+00:00,1434,2201
summary,2025-04-10,SPY,,,,,,,0.00,,0,,,,,,,,,,0.9994,2025-04-07T14:16:00+00:00,1745,3254
summary,2025-04-10,QQQ,,,,,,,0.00,,0,,,,,,,,,,0.9993,2025-04-07T14:16:00+00:00,1801,3252
trade,2025-04-10,AAPL,Long,2025-04-10T13:36:00+00:00,2025-04-10T14:42:00+00:00,192.5277,192.3773,1.56,-0.23,-0.000782,3960000,ScoreExit,0.5568,-0.0605,0.5899,0.5661,0.5273,-0.4402,-0.1608,0.2665,,,
summary,2025-04-10,AAPL,,,,,,,-0.23,,1,,,,,,,,,,0.9766,2025-04-07T14:13:00+00:00,1736,3232
summary,2025-04-10,NVDA,,,,,,,0.00,,0,,,,,,,,,,1.0000,2025-04-07T13:31:00+00:00,2315,3271
summary,2025-04-10,MSFT,,,,,,,0.00,,0,,,,,,,,,,0.9882,2025-04-07T14:16:00+00:00,1706,2676
summary,2025-04-11,SPY,,,,,,,0.00,,0,,,,,,,,,,0.9369,2025-04-09T17:24:00+00:00,1651,3254
trade,2025-04-11,QQQ,Long,2025-04-11T13:51:00+00:00,2025-04-11T14:17:00+00:00,447.8493,447.4107,0.47,-0.21,-0.000979,1560000,ScoreExit,0.3864,-0.0682,-0.1378,0.5200,0.2940,-0.0292,-0.1866,0.1555,,,
summary,2025-04-11,QQQ,,,,,,,-0.21,,1,,,,,,,,,,0.9333,2025-04-09T17:24:00+00:00,1712,3249
trade,2025-04-11,AAPL,Long,2025-04-11T13:41:00+00:00,2025-04-11T15:42:00+00:00,189.8219,194.2167,1.58,6.95,0.023152,7260000,MaxHoldTimeout,0.4789,0.4741,0.4349,0.5103,0.4308,0.3446,0.4265,0.6125,,,
summary,2025-04-11,AAPL,,,,,,,6.95,,1,,,,,,,,,,0.9144,2025-04-08T13:42:00+00:00,1854,3182
trade,2025-04-11,NVDA,Long,2025-04-11T13:51:00+00:00,2025-04-11T14:18:00+00:00,109.4475,109.1872,2.74,-0.71,-0.002378,1620000,ScoreExit,0.4781,-0.0672,-0.3410,0.5573,0.5927,-0.4524,-0.1812,0.2892,,,
summary,2025-04-11,NVDA,,,,,,,-0.71,,1,,,,,,,,,,0.9327,2025-04-08T13:46:00+00:00,2036,3271
summary,2025-04-11,MSFT,,,,,,,0.00,,0,,,,,,,,,,1.0000,2025-04-08T13:35:00+00:00,1513,2516
summary,2025-04-14,SPY,,,,,,,0.00,,0,,,,,,,,,,0.9402,2025-04-11T13:45:00+00:00,1062,1292
summary,2025-04-14,QQQ,,,,,,,0.00,,0,,,,,,,,,,0.9363,2025-04-11T13:45:00+00:00,1020,1272
summary,2025-04-14,AAPL,,,,,,,0.00,,0,,,,,,,,,,1.0000,2025-04-11T13:36:00+00:00,1179,1313
summary,2025-04-14,NVDA,,,,,,,0.00,,0,,,,,,,,,,1.0000,2025-04-11T13:39:00+00:00,1019,1350
summary,2025-04-14,MSFT,,,,,,,0.00,,0,,,,,,,,,,0.9318,2025-04-11T13:45:00+00:00,748,1017
trade,2025-04-15,SPY,Long,2025-04-15T13:36:00+00:00,2025-04-15T14:17:00+00:00,539.7419,541.7924,0.56,1.14,0.003799,2460000,ScoreExit,0.3781,-0.0689,-0.1072,0.5188,0.2584,-0.3146,-0.2464,0.3679,,,
summary,2025-04-15,SPY,,,,,,,1.14,,1,,,,,,,,,,0.5192,2025-04-15T13:48:00+00:00,660,1587
trade,2025-04-15,QQQ,Long,2025-04-15T13:36:00+00:00,2025-04-15T14:17:00+00:00,458.5825,460.9367,0.65,1.54,0.005134,2460000,ScoreExit,0.3666,-0.0517,-0.3360,0.5182,0.2975,-0.3160,-0.2572,0.4474,,,
summary,2025-04-15,QQQ,,,,,,,1.54,,1,,,,,,,,,,0.5593,2025-04-14T13:24:00+00:00,680,1625
trade,2025-04-15,AAPL,Long,2025-04-15T13:34:00+00:00,2025-04-15T14:50:00+00:00,202.3857,201.7145,1.48,-1.00,-0.003317,4560000,MaxHoldTimeout,0.3506,0.0000,0.3497,0.5086,0.0349,-0.1260,-0.0390,-0.0813,,,
summary,2025-04-15,AAPL,,,,,,,-1.00,,1,,,,,,,,,,0.6325,2025-04-14T12:09:00+00:00,548,1585
trade,2025-04-15,NVDA,Long,2025-04-15T13:32:00+00:00,2025-04-15T14:18:00+00:00,112.0286,111.6113,2.68,-1.12,-0.003725,2760000,ScoreExit,0.5510,-0.1082,0.6239,0.5909,0.4469,-0.5176,-0.2402,0.2921,,,
summary,2025-04-15,NVDA,,,,,,,-1.12,,1,,,,,,,,,,0.6600,2025-04-14T11:13:00+00:00,529,1681
summary,2025-04-15,MSFT,,,,,,,0.00,,0,,,,,,,,,,0.5709,2025-04-14T08:06:00+00:00,303,1101
summary,2025-04-16,SPY,,,,,,,0.00,,0,,,,,,,,,,0.5192,2025-04-15T13:48:00+00:00,660,2504
summary,2025-04-16,QQQ,,,,,,,0.00,,0,,,,,,,,,,0.5593,2025-04-14T13:24:00+00:00,755,2560
summary,2025-04-16,AAPL,,,,,,,0.00,,0,,,,,,,,,,0.6325,2025-04-14T12:09:00+00:00,548,2442
summary,2025-04-16,NVDA,,,,,,,0.00,,0,,,,,,,,,,0.6600,2025-04-14T11:13:00+00:00,560,2641
summary,2025-04-16,MSFT,,,,,,,0.00,,0,,,,,,,,,,0.5709,2025-04-14T08:06:00+00:00,303,1644
summary,2025-04-17,SPY,,,,,,,0.00,,0,,,,,,,,,,0.8804,2025-04-14T14:54:00+00:00,636,3106
summary,2025-04-17,QQQ,,,,,,,0.00,,0,,,,,,,,,,0.7623,2025-04-14T14:54:00+00:00,682,3145
summary,2025-04-17,AAPL,,,,,,,0.00,,0,,,,,,,,,,0.5164,2025-04-14T19:08:00+00:00,475,2918
summary,2025-04-17,NVDA,,,,,,,0.00,,0,,,,,,,,,,0.6671,2025-04-15T13:31:00+00:00,730,3271
summary,2025-04-17,MSFT,,,,,,,0.00,,0,,,,,,,,,,0.9584,2025-04-14T14:50:00+00:00,206,2123
summary,2025-04-18,SPY,,,,,,,0.00,,0,,,,,,,,,,0.5744,2025-04-15T14:12:00+00:00,215,2403
summary,2025-04-18,QQQ,,,,,,,0.00,,0,,,,,,,,,,0.6830,2025-04-15T13:39:00+00:00,193,2408
summary,2025-04-18,AAPL,,,,,,,0.00,,0,,,,,,,,,,0.8599,2025-04-15T13:53:00+00:00,551,2195
summary,2025-04-18,NVDA,,,,,,,0.00,,0,,,,,,,,,,1.0000,2025-04-15T13:32:00+00:00,580,2550
summary,2025-04-18,MSFT,,,,,,,0.00,,0,,,,,,,,,,0.9648,2025-04-15T13:40:00+00:00,76,1644
summary,2025-04-21,SPY,,,,,,,0.00,,0,,,,,,,,,,0.4693,2025-04-21T19:58:00+00:00,113,625
summary,2025-04-21,QQQ,,,,,,,0.00,,0,,,,,,,,,,0.5563,2025-04-21T19:58:00+00:00,135,689
summary,2025-04-21,AAPL,,,,,,,0.00,,0,,,,,,,,,,0.5544,2025-04-21T19:58:00+00:00,90,610
summary,2025-04-21,NVDA,,,,,,,0.00,,0,,,,,,,,,,0.6093,2025-04-21T19:57:00+00:00,75,721
summary,2025-04-21,MSFT,,,,,,,0.00,,0,,,,,,,,,,0.9005,2025-04-21T11:00:00+00:00,22,461
summary,2025-04-22,SPY,,,,,,,0.00,,0,,,,,,,,,,0.5607,2025-04-22T08:00:00+00:00,827,1490
summary,2025-04-22,QQQ,,,,,,,0.00,,0,,,,,,,,,,0.5657,2025-04-22T08:00:00+00:00,872,1579
trade,2025-04-22,AAPL,Long,2025-04-22T13:31:00+00:00,2025-04-22T15:32:00+00:00,196.5790,198.6158,1.53,3.11,0.010361,7260000,MaxHoldTimeout,0.5925,0.1139,0.5103,0.5018,0.8014,-0.5407,-0.1017,0.7634,,,
summary,2025-04-22,AAPL,,,,,,,3.11,,1,,,,,,,,,,0.6505,2025-04-22T14:06:00+00:00,682,1326
summary,2025-04-22,NVDA,,,,,,,0.00,,0,,,,,,,,,,0.6789,2025-04-22T08:00:00+00:00,811,1681
summary,2025-04-22,MSFT,,,,,,,0.00,,0,,,,,,,,,,0.9005,2025-04-21T11:00:00+00:00,459,1028
summary,2025-04-23,SPY,,,,,,,0.00,,0,,,,,,,,,,0.7542,2025-04-22T21:44:00+00:00,1540,2429
summary,2025-04-23,QQQ,,,,,,,0.00,,0,,,,,,,,,,0.7714,2025-04-22T21:42:00+00:00,1622,2524
summary,2025-04-23,AAPL,,,,,,,0.00,,0,,,,,,,,,,0.6929,2025-04-22T21:42:00+00:00,1437,2233
summary,2025-04-23,NVDA,,,,,,,0.00,,0,,,,,,,,,,0.6789,2025-04-22T08:00:00+00:00,1597,2641
trade,2025-04-23,MSFT,Long,2025-04-23T13:56:00+00:00,2025-04-23T15:11:00+00:00,377.7083,378.7713,0.79,0.84,0.002814,4500000,ScoreExit,0.4290,-0.0520,-0.4165,0.5166,0.5356,-0.4206,-0.1923,0.3515,,,
summary,2025-04-23,MSFT,,,,,,,0.84,,1,,,,,,,,,,0.9005,2025-04-21T11:00:00+00:00,1013,1765
trade,2025-04-24,SPY,Long,2025-04-24T14:06:00+00:00,2025-04-24T15:56:00+00:00,539.9369,543.6818,0.56,2.08,0.006936,6600000,SessionClose,0.4670,0.0662,0.4850,0.5013,0.3926,0.5734,-0.1686,0.3666,,,
summary,2025-04-24,SPY,,,,,,,2.08,,1,,,,,,,,,,0.8149,2025-04-22T21:44:00+00:00,2177,3100
trade,2025-04-24,QQQ,Long,2025-04-24T13:51:00+00:00,2025-04-24T15:52:00+00:00,459.2757,463.3959,0.65,2.69,0.008971,7260000,MaxHoldTimeout,0.4980,0.2259,0.5300,0.5201,0.4430,0.0765,0.1394,0.4487,,,
summary,2025-04-24,QQQ,,,,,,,2.69,,1,,,,,,,,,,0.8425,2025-04-22T21:42:00+00:00,2264,3173
summary,2025-04-24,AAPL,,,,,,,0.00,,0,,,,,,,,,,0.7476,2025-04-22T21:42:00+00:00,2025,2807
trade,2025-04-24,NVDA,Long,2025-04-24T13:56:00+00:00,2025-04-24T15:56:00+00:00,104.3163,105.6583,2.88,3.86,0.012865,7200000,SessionClose,0.5021,0.1134,-0.0516,0.5115,0.6677,0.5317,-0.1911,0.5828,,,
summary,2025-04-24,NVDA,,,,,,,3.86,,1,,,,,,,,,,0.7575,2025-04-22T21:29:00+00:00,2269,3270
trade,2025-04-24,MSFT,Long,2025-04-24T13:41:00+00:00,2025-04-24T15:42:00+00:00,377.7183,383.7099,0.79,4.76,0.015863,7260000,MaxHoldTimeout,0.5217,0.0662,0.5468,0.5143,0.5283,0.3474,-0.2002,0.5053,,,
summary,2025-04-24,MSFT,,,,,,,4.76,,1,,,,,,,,,,0.7893,2025-04-22T21:41:00+00:00,1450,2271
summary,2025-04-25,SPY,,,,,,,0.00,,0,,,,,,,,,,0.9557,2025-04-22T15:01:00+00:00,2384,3137
summary,2025-04-25,QQQ,,,,,,,0.00,,0,,,,,,,,,,0.9545,2025-04-22T15:01:00+00:00,2512,3224
trade,2025-04-25,AAPL,Long,2025-04-25T13:36:00+00:00,2025-04-25T14:21:00+00:00,207.6673,207.6827,1.44,0.02,0.000074,2700000,ScoreExit,0.4656,-0.0683,0.5322,0.5337,0.3072,-0.5327,-0.1352,0.2201,,,
summary,2025-04-25,AAPL,,,,,,,0.02,,1,,,,,,,,,,0.9561,2025-04-22T14:48:00+00:00,2282,2919
trade,2025-04-25,NVDA,Long,2025-04-25T14:11:00+00:00,2025-04-25T15:56:00+00:00,107.8273,109.1273,2.79,3.62,0.012056,6300000,SessionClose,0.5112,0.2469,0.5544,0.5112,0.4966,0.3141,0.0706,0.5771,,,
summary,2025-04-25,NVDA,,,,,,,3.62,,1,,,,,,,,,,0.9554,2025-04-22T13:41:00+00:00,2646,3270
summary,2025-04-25,MSFT,,,,,,,0.00,,0,,,,,,,,,,0.9577,2025-04-22T14:55:00+00:00,1907,2312
summary,2025-04-28,SPY,,,,,,,0.00,,0,,,,,,,,,,0.5897,2025-04-25T17:27:00+00:00,846,1212
summary,2025-04-28,QQQ,,,,,,,0.00,,0,,,,,,,,,,0.7959,2025-04-25T14:12:00+00:00,939,1262
summary,2025-04-28,AAPL,,,,,,,0.00,,0,,,,,,,,,,0.9400,2025-04-25T13:45:00+00:00,743,1106
summary,2025-04-28,NVDA,,,,,,,0.00,,0,,,,,,,,,,1.0000,2025-04-25T13:34:00+00:00,901,1351
summary,2025-04-28,MSFT,,,,,,,0.00,,0,,,,,,,,,,0.6737,2025-04-25T14:12:00+00:00,632,965
summary,2025-04-29,SPY,,,,,,,0.00,,0,,,,,,,,,,0.8059,2025-04-28T09:32:00+00:00,834,1452
trade,2025-04-29,QQQ,Long,2025-04-29T14:06:00+00:00,2025-04-29T15:17:00+00:00,473.7471,473.0331,0.63,-0.45,-0.001507,4260000,ScoreExit,0.5020,-0.0559,0.5395,0.5174,0.4587,-0.4020,-0.2137,0.3751,,,
summary,2025-04-29,QQQ,,,,,,,-0.45,,1,,,,,,,,,,0.8121,2025-04-28T09:32:00+00:00,904,1559
trade,2025-04-29,AAPL,Long,2025-04-29T14:11:00+00:00,2025-04-29T15:16:00+00:00,211.7785,211.0058,1.42,-1.10,-0.003649,3900000,ScoreExit,0.5430,-0.0672,0.4791,0.5626,0.5250,-0.3215,-0.2642,0.4116,,,
summary,2025-04-29,AAPL,,,,,,,-1.10,,1,,,,,,,,,,0.9516,2025-04-28T09:31:00+00:00,805,1302
trade,2025-04-29,NVDA,Long,2025-04-29T14:01:00+00:00,2025-04-29T15:17:00+00:00,108.7926,108.5624,2.76,-0.64,-0.002116,4560000,MaxHoldTimeout,0.4287,-0.0113,-0.1851,0.5029,0.4850,-0.1822,-0.2173,0.4576,,,
summary,2025-04-29,NVDA,,,,,,,-0.64,,1,,,,,,,,,,0.8604,2025-04-28T09:29:00+00:00,933,1679
trade,2025-04-29,MSFT,Long,2025-04-29T13:46:00+00:00,2025-04-29T15:11:00+00:00,392.7514,393.5769,0.76,0.63,0.002102,5100000,ScoreExit,0.5165,-0.0742,0.5736,0.5275,0.4757,-0.5433,-0.2345,0.4027,,,
summary,2025-04-29,MSFT,,,,,,,0.63,,1,,,,,,,,,,0.7155,2025-04-28T09:53:00+00:00,650,1034
summary,2025-04-30,SPY,,,,,,,0.00,,0,,,,,,,,,,0.8059,2025-04-28T09:32:00+00:00,1204,2284
summary,2025-04-30,QQQ,,,,,,,0.00,,0,,,,,,,,,,0.8121,2025-04-28T09:32:00+00:00,1289,2456
summary,2025-04-30,AAPL,,,,,,,0.00,,0,,,,,,,,,,0.9516,2025-04-28T09:31:00+00:00,1140,1987
summary,2025-04-30,NVDA,,,,,,,0.00,,0,,,,,,,,,,0.8604,2025-04-28T09:29:00+00:00,1120,2637
summary,2025-04-30,MSFT,,,,,,,0.00,,0,,,,,,,,,,0.7541,2025-04-30T20:00:00+00:00,953,1659
summary,2025-05-01,SPY,,,,,,,0.00,,0,,,,,,,,,,0.6002,2025-04-28T19:52:00+00:00,1747,2955
trade,2025-05-01,QQQ,Long,2025-05-01T14:46:00+00:00,2025-05-01T15:41:00+00:00,485.0505,485.3543,0.62,0.19,0.000626,3300000,ScoreExit,0.4646,-0.0596,0.3294,0.5003,0.4383,-0.4233,-0.1918,0.3260,,,
summary,2025-05-01,QQQ,,,,,,,0.19,,1,,,,,,,,,,0.6879,2025-04-28T13:46:00+00:00,1911,3095
trade,2025-05-01,AAPL,Long,2025-05-01T13:41:00+00:00,2025-05-01T15:41:00+00:00,211.6585,212.4750,1.42,1.16,0.003858,7200000,ScoreExit,0.4364,-0.0547,0.2982,0.5455,0.2642,-0.5499,-0.1688,0.3387,,,
summary,2025-05-01,AAPL,,,,,,,1.16,,1,,,,,,,,,,0.9364,2025-04-28T13:43:00+00:00,1511,2687
summary,2025-05-01,NVDA,,,,,,,0.00,,0,,,,,,,,,,0.8369,2025-04-28T13:46:00+00:00,1805,3267
trade,2025-05-01,MSFT,Long,2025-05-01T13:31:00+00:00,2025-05-01T14:47:00+00:00,435.7357,430.9157,0.48,-2.31,-0.011062,4560000,MaxHoldTimeout,0.6385,0.1133,0.6796,0.6502,0.6012,-0.4692,-0.0384,0.6108,,,
summary,2025-05-01,MSFT,,,,,,,-2.31,,1,,,,,,,,,,0.8766,2025-04-30T20:01:00+00:00,1670,2495
summary,2025-05-02,SPY,,,,,,,0.00,,0,,,,,,,,,,0.8749,2025-04-29T14:59:00+00:00,2009,2990
summary,2025-05-02,QQQ,,,,,,,0.00,,0,,,,,,,,,,0.9049,2025-04-29T14:55:00+00:00,2110,3142
summary,2025-05-02,AAPL,,,,,,,0.00,,0,,,,,,,,,,0.9879,2025-04-29T13:39:00+00:00,957,2907
summary,2025-05-02,NVDA,,,,,,,0.00,,0,,,,,,,,,,1.0000,2025-04-29T13:32:00+00:00,2112,3266
summary,2025-05-02,MSFT,,,,,,,0.00,,0,,,,,,,,,,0.9469,2025-04-30T20:01:00+00:00,1940,2714
summary,2025-05-05,SPY,,,,,,,0.00,,0,,,,,,,,,,0.6159,2025-05-02T16:14:00+00:00,573,1223
summary,2025-05-05,QQQ,,,,,,,0.00,,0,,,,,,,,,,0.7108,2025-05-02T14:29:00+00:00,566,1239
summary,2025-05-05,AAPL,,,,,,,0.00,,0,,,,,,,,,,0.9571,2025-05-02T14:46:00+00:00,398,1230
summary,2025-05-05,NVDA,,,,,,,0.00,,0,,,,,,,,,,0.9332,2025-05-02T13:33:00+00:00,427,1348
trade,2025-05-05,MSFT,Long,2025-05-05T13:41:00+00:00,2025-05-05T14:31:00+00:00,434.8173,434.8645,0.69,0.03,0.000109,3000000,ScoreExit,0.3954,-0.1015,0.0897,0.5903,0.1075,-0.4833,-0.1846,0.1922,,,
summary,2025-05-05,MSFT,,,,,,,0.03,,1,,,,,,,,,,0.9016,2025-05-02T13:55:00+00:00,513,1030
summary,2025-05-06,SPY,,,,,,,0.00,,0,,,,,,,,,,0.4766,2025-05-05T15:01:00+00:00,477,1494
summary,2025-05-06,QQQ,,,,,,,0.00,,0,,,,,,,,,,0.5476,2025-05-05T18:44:00+00:00,442,1573
summary,2025-05-06,AAPL,,,,,,,0.00,,0,,,,,,,,,,0.5645,2025-05-05T18:14:00+00:00,326,1423
trade,2025-05-06,NVDA,Long,2025-05-06T14:31:00+00:00,2025-05-06T15:09:00+00:00,112.7490,112.6894,2.66,-0.16,-0.000529,2280000,ScoreExit,0.3965,-0.0583,0.3566,0.5308,0.1412,-0.4964,-0.0621,0.0953,,,
summary,2025-05-06,NVDA,,,,,,,-0.16,,1,,,,,,,,,,0.6300,2025-05-05T13:34:00+00:00,723,1676
summary,2025-05-06,MSFT,,,,,,,0.00,,0,,,,,,,,,,0.7173,2025-05-05T13:54:00+00:00,602,1154
summary,2025-05-07,SPY,,,,,,,0.00,,0,,,,,,,,,,0.5147,2025-05-06T22:07:00+00:00,692,2363
summary,2025-05-07,QQQ,,,,,,,0.00,,0,,,,,,,,,,0.5486,2025-05-06T22:05:00+00:00,677,2494
summary,2025-05-07,AAPL,,,,,,,0.00,,0,,,,,,,,,,0.5789,2025-05-06T22:07:00+00:00,554,2255
summary,2025-05-07,NVDA,,,,,,,0.00,,0,,,,,,,,,,0.6922,2025-05-07T19:42:00+00:00,1312,2633
summary,2025-05-07,MSFT,,,,,,,0.00,,0,,,,,,,,,,0.7173,2025-05-05T13:54:00+00:00,737,1780
summary,2025-05-08,SPY,,,,,,,0.00,,0,,,,,,,,,,0.8558,2025-05-05T14:57:00+00:00,1009,2956
summary,2025-05-08,QQQ,,,,,,,0.00,,0,,,,,,,,,,0.8203,2025-05-05T15:04:00+00:00,1219,3095
summary,2025-05-08,AAPL,,,,,,,0.00,,0,,,,,,,,,,0.6622,2025-05-06T22:07:00+00:00,1030,2876
summary,2025-05-08,NVDA,,,,,,,0.00,,0,,,,,,,,,,0.8896,2025-05-05T13:37:00+00:00,1937,3264
summary,2025-05-08,MSFT,,,,,,,0.00,,0,,,,,,,,,,0.9555,2025-05-05T15:01:00+00:00,1030,2265
summary,2025-05-09,SPY,,,,,,,0.00,,0,,,,,,,,,,0.8795,2025-05-06T14:46:00+00:00,1807,2976
summary,2025-05-09,QQQ,,,,,,,0.00,,0,,,,,,,,,,0.9538,2025-05-06T14:46:00+00:00,1973,3087
summary,2025-05-09,AAPL,,,,,,,0.00,,0,,,,,,,,,,1.0000,2025-05-06T13:31:00+00:00,1622,2879
summary,2025-05-09,NVDA,,,,,,,0.00,,0,,,,,,,,,,0.9519,2025-05-06T14:40:00+00:00,2569,3261
summary,2025-05-09,MSFT,,,,,,,0.00,,0,,,,,,,,,,0.9575,2025-05-06T15:03:00+00:00,1382,2221
summary,2025-05-12,SPY,,,,,,,0.00,,0,,,,,,,,,,0.8468,2025-05-12T08:05:00+00:00,797,1288
summary,2025-05-12,QQQ,,,,,,,0.00,,0,,,,,,,,,,0.9146,2025-05-12T08:02:00+00:00,682,1272
summary,2025-05-12,AAPL,,,,,,,0.00,,0,,,,,,,,,,0.9305,2025-05-12T08:10:00+00:00,731,1248
summary,2025-05-12,NVDA,,,,,,,0.00,,0,,,,,,,,,,0.8365,2025-05-12T08:05:00+00:00,689,1344
summary,2025-05-12,MSFT,,,,,,,0.00,,0,,,,,,,,,,0.7584,2025-05-12T08:02:00+00:00,623,1026
summary,2025-05-13,SPY,,,,,,,0.00,,0,,,,,,,,,,0.8147,2025-05-12T08:00:00+00:00,1160,1557
trade,2025-05-13,QQQ,Long,2025-05-13T14:11:00+00:00,2025-05-13T15:56:00+00:00,513.0111,515.6671,0.59,1.55,0.005177,6300000,SessionClose,0.5142,0.1794,0.0337,0.5252,0.6523,-0.0820,0.0016,0.6221,,,
summary,2025-05-13,QQQ,,,,,,,1.55,,1,,,,,,,,,,0.9631,2025-05-12T08:00:00+00:00,1265,1630
summary,2025-05-13,AAPL,,,,,,,0.00,,0,,,,,,,,,,1.0000,2025-05-12T08:00:00+00:00,1198,1541
trade,2025-05-13,NVDA,Long,2025-05-13T13:41:00+00:00,2025-05-13T15:42:00+00:00,126.4211,129.7211,2.37,7.83,0.026103,7260000,MaxHoldTimeout,0.6503,0.1561,0.6016,0.5124,0.9425,-0.2492,-0.1133,0.8302,,,
summary,2025-05-13,NVDA,,,,,,,7.83,,1,,,,,,,,,,1.0000,2025-05-12T08:00:00+00:00,1311,1680
summary,2025-05-13,MSFT,,,,,,,0.00,,0,,,,,,,,,,0.6560,2025-05-12T17:08:00+00:00,830,1177
summary,2025-05-14,SPY,,,,,,,0.00,,0,,,,,,,,,,0.8147,2025-05-12T08:00:00+00:00,1717,2397
summary,2025-05-14,QQQ,,,,,,,0.00,,0,,,,,,,,,,0.9631,2025-05-12T08:00:00+00:00,1954,2529
summary,2025-05-14,AAPL,,,,,,,0.00,,0,,,,,,,,,,1.0000,2025-05-12T08:00:00+00:00,1735,2374
summary,2025-05-14,NVDA,,,,,,,0.00,,0,,,,,,,,,,1.0000,2025-05-12T08:00:00+00:00,2159,2640
trade,2025-05-14,MSFT,Long,2025-05-14T13:31:00+00:00,2025-05-14T15:01:00+00:00,449.1697,452.5092,0.67,2.23,0.007435,5400000,ScoreExit,0.4934,-0.0824,0.5404,0.5525,0.3596,-0.4383,-0.2392,0.3500,,,
summary,2025-05-14,MSFT,,,,,,,2.23,,1,,,,,,,,,,0.6560,2025-05-12T17:08:00+00:00,1183,1776
summary,2025-05-15,SPY,,,,,,,0.00,,0,,,,,,,,,,0.6332,2025-05-12T17:08:00+00:00,2098,2953
summary,2025-05-15,QQQ,,,,,,,0.00,,0,,,,,,,,,,0.6241,2025-05-12T17:08:00+00:00,2347,3118
summary,2025-05-15,AAPL,,,,,,,0.00,,0,,,,,,,,,,0.9001,2025-05-12T14:05:00+00:00,1871,2840
summary,2025-05-15,NVDA,,,,,,,0.00,,0,,,,,,,,,,0.7848,2025-05-13T14:13:00+00:00,2773,3270
summary,2025-05-15,MSFT,,,,,,,0.00,,0,,,,,,,,,,0.7968,2025-05-12T14:25:00+00:00,1575,2165
summary,2025-05-16,SPY,,,,,,,0.00,,0,,,,,,,,,,0.8440,2025-05-13T14:17:00+00:00,1700,2953
summary,2025-05-16,QQQ,,,,,,,0.00,,0,,,,,,,,,,0.9458,2025-05-13T14:55:00+00:00,2117,3095
summary,2025-05-16,AAPL,,,,,,,0.00,,0,,,,,,,,,,0.8928,2025-05-13T14:33:00+00:00,1226,2738
summary,2025-05-16,NVDA,,,,,,,0.00,,0,,,,,,,,,,1.0000,2025-05-13T13:33:00+00:00,2670,3271
summary,2025-05-16,MSFT,,,,,,,0.00,,0,,,,,,,,,,0.8448,2025-05-13T13:52:00+00:00,1190,2115
trade,2025-05-19,SPY,Long,2025-05-19T14:09:00+00:00,2025-05-19T14:49:00+00:00,592.7537,591.8274,0.51,-0.47,-0.001563,2400000,ScoreExit,0.4147,-0.0720,0.3522,0.5247,0.2155,-0.5277,-0.1083,0.1526,,,
summary,2025-05-19,SPY,,,,,,,-0.47,,1,,,,,,,,,,0.4646,2025-05-16T18:51:00+00:00,655,1337
trade,2025-05-19,QQQ,Long,2025-05-19T14:04:00+00:00,2025-05-19T14:49:00+00:00,518.9130,518.7793,0.58,-0.08,-0.000258,2700000,ScoreExit,0.4164,-0.0624,0.4035,0.5555,0.1427,-0.5343,-0.0961,0.1622,,,
summary,2025-05-19,QQQ,,,,,,,-0.08,,1,,,,,,,,,,0.4953,2025-05-19T14:09:00+00:00,596,1350
summary,2025-05-19,AAPL,,,,,,,0.00,,0,,,,,,,,,,0.4978,2025-05-16T13:39:00+00:00,265,1233
trade,2025-05-19,NVDA,Long,2025-05-19T13:36:00+00:00,2025-05-19T14:50:00+00:00,133.2450,134.3847,2.25,2.57,0.008554,4440000,ScoreExit,0.5047,-0.0502,0.4755,0.5952,0.3333,-0.5488,-0.1716,0.3589,,,
summary,2025-05-19,NVDA,,,,,,,2.57,,1,,,,,,,,,,0.6780,2025-05-19T14:16:00+00:00,712,1351
trade,2025-05-19,MSFT,Long,2025-05-19T13:31:00+00:00,2025-05-19T15:32:00+00:00,454.2312,456.7829,0.66,1.69,0.005618,7260000,MaxHoldTimeout,0.6054,0.1718,0.6681,0.5818,0.6316,0.2188,-0.0552,0.6103,,,
summary,2025-05-19,MSFT,,,,,,,1.69,,1,,,,,,,,,,0.7204,2025-05-19T13:41:00+00:00,608,1009
summary,2025-05-20,SPY,,,,,,,0.00,,0,,,,,,,,,,0.7296,2025-05-19T09:33:00+00:00,1062,1554
summary,2025-05-20,QQQ,,,,,,,0.00,,0,,,,,,,,,,0.7002,2025-05-19T14:09:00+00:00,1058,1590
summary,2025-05-20,AAPL,,,,,,,0.00,,0,,,,,,,,,,0.8568,2025-05-19T09:29:00+00:00,923,1361
summary,2025-05-20,NVDA,,,,,,,0.00,,0,,,,,,,,,,0.7451,2025-05-19T13:47:00+00:00,1206,1679
summary,2025-05-20,MSFT,,,,,,,0.00,,0,,,,,,,,,,0.8276,2025-05-19T10:36:00+00:00,705,1059
summary,2025-05-21,SPY,,,,,,,0.00,,0,,,,,,,,,,0.7296,2025-05-19T09:33:00+00:00,1296,2429
summary,2025-05-21,QQQ,,,,,,,0.00,,0,,,,,,,,,,0.7002,2025-05-19T14:09:00+00:00,1396,2476
summary,2025-05-21,AAPL,,,,,,,0.00,,0,,,,,,,,,,0.8568,2025-05-19T09:29:00+00:00,1001,2053
summary,2025-05-21,NVDA,,,,,,,0.00,,0,,,,,,,,,,0.7451,2025-05-19T13:47:00+00:00,1523,2639
summary,2025-05-21,MSFT,,,,,,,0.00,,0,,,,,,,,,,0.8276,2025-05-19T10:36:00+00:00,851,1590
summary,2025-05-22,SPY,,,,,,,0.00,,0,,,,,,,,,,0.7968,2025-05-19T14:06:00+00:00,1089,3002
summary,2025-05-22,QQQ,,,,,,,0.00,,0,,,,,,,,,,0.8633,2025-05-19T14:09:00+00:00,1282,3068
summary,2025-05-22,AAPL,,,,,,,0.00,,0,,,,,,,,,,0.9558,2025-05-19T15:02:00+00:00,971,2606
summary,2025-05-22,NVDA,,,,,,,0.00,,0,,,,,,,,,,1.0000,2025-05-19T13:36:00+00:00,1366,3269
summary,2025-05-22,MSFT,,,,,,,0.00,,0,,,,,,,,,,0.9284,2025-05-19T13:44:00+00:00,924,1997
summary,2025-05-23,SPY,,,,,,,0.00,,0,,,,,,,,,,0.7094,2025-05-20T14:44:00+00:00,298,3000
summary,2025-05-23,QQQ,,,,,,,0.00,,0,,,,,,,,,,0.6715,2025-05-20T14:48:00+00:00,701,3128
summary,2025-05-23,AAPL,,,,,,,0.00,,0,,,,,,,,,,0.9128,2025-05-20T14:49:00+00:00,178,2639
summary,2025-05-23,NVDA,,,,,,,0.00,,0,,,,,,,,,,0.6251,2025-05-21T15:43:00+00:00,1072,3267
summary,2025-05-23,MSFT,,,,,,,0.00,,0,,,,,,,,,,0.5948,2025-05-20T19:59:00+00:00,649,2038
summary,2025-05-26,SPY,,,,,,,0.00,,0,,,,,,,,,,0.5941,2025-05-23T17:29:00+00:00,350,540
summary,2025-05-26,QQQ,,,,,,,0.00,,0,,,,,,,,,,0.7525,2025-05-23T14:12:00+00:00,300,534
summary,2025-05-26,AAPL,,,,,,,0.00,,0,,,,,,,,,,1.0000,2025-05-23T13:33:00+00:00,113,594
summary,2025-05-26,NVDA,,,,,,,0.00,,0,,,,,,,,,,1.0000,2025-05-23T13:33:00+00:00,437,628
summary,2025-05-26,MSFT,,,,,,,0.00,,0,,,,,,,,,,0.7684,2025-05-23T14:25:00+00:00,272,442
summary,2025-05-27,SPY,,,,,,,0.00,,0,,,,,,,,,,0.7155,2025-05-27T09:14:00+00:00,468,694
summary,2025-05-27,QQQ,,,,,,,0.00,,0,,,,,,,,,,0.6699,2025-05-27T09:13:00+00:00,440,713
summary,2025-05-27,AAPL,,,,,,,0.00,,0,,,,,,,,,,0.6368,2025-05-27T16:04:00+00:00,417,661
summary,2025-05-27,NVDA,,,,,,,0.00,,0,,,,,,,,,,0.6164,2025-05-27T14:32:00+00:00,438,721
summary,2025-05-27,MSFT,,,,,,,0.00,,0,,,,,,,,,,0.6522,2025-05-27T13:33:00+00:00,352,519
summary,2025-05-28,SPY,,,,,,,0.00,,0,,,,,,,,,,0.7155,2025-05-27T09:14:00+00:00,1009,1527
summary,2025-05-28,QQQ,,,,,,,0.00,,0,,,,,,,,,,0.6699,2025-05-27T09:13:00+00:00,1053,1612
summary,2025-05-28,AAPL,,,,,,,0.00,,0,,,,,,,,,,0.6368,2025-05-27T16:04:00+00:00,1014,1401
summary,2025-05-28,NVDA,,,,,,,0.00,,0,,,,,,,,,,0.6164,2025-05-27T14:32:00+00:00,1209,1681
summary,2025-05-28,MSFT,,,,,,,0.00,,0,,,,,,,,,,0.6522,2025-05-27T13:33:00+00:00,625,1087
summary,2025-05-29,SPY,,,,,,,0.00,,0,,,,,,,,,,0.7155,2025-05-27T09:14:00+00:00,1540,2469
summary,2025-05-29,QQQ,,,,,,,0.00,,0,,,,,,,,,,0.6699,2025-05-27T09:13:00+00:00,1656,2567
summary,2025-05-29,AAPL,,,,,,,0.00,,0,,,,,,,,,,0.7517,2025-05-28T23:20:00+00:00,1344,2314
summary,2025-05-29,NVDA,,,,,,,0.00,,0,,,,,,,,,,0.7450,2025-05-28T20:59:00+00:00,1957,2641
summary,2025-05-29,MSFT,,,,,,,0.00,,0,,,,,,,,,,0.6522,2025-05-27T13:33:00+00:00,974,1748
summary,2025-05-30,SPY,,,,,,,0.00,,0,,,,,,,,,,0.8545,2025-05-27T14:48:00+00:00,1562,2975
summary,2025-05-30,QQQ,,,,,,,0.00,,0,,,,,,,,,,0.8743,2025-05-27T14:48:00+00:00,1906,3146
summary,2025-05-30,AAPL,,,,,,,0.00,,0,,,,,,,,,,0.8218,2025-05-28T23:20:00+00:00,1434,2824
summary,2025-05-30,NVDA,,,,,,,0.00,,0,,,,,,,,,,0.9557,2025-05-27T14:46:00+00:00,2034,3271
summary,2025-05-30,MSFT,,,,,,,0.00,,0,,,,,,,,,,0.7913,2025-05-27T13:33:00+00:00,1182,2137
summary,2025-06-02,SPY,,,,,,,0.00,,0,,,,,,,,,,0.5881,2025-05-30T19:18:00+00:00,684,1261
trade,2025-06-02,QQQ,Long,2025-06-02T13:36:00+00:00,2025-06-02T13:58:00+00:00,520.4711,517.6996,0.58,-1.60,-0.005325,1320000,ScoreExit,0.5300,-0.0820,0.6128,0.5401,0.4822,-0.5370,-0.1495,0.2046,,,
summary,2025-06-02,QQQ,,,,,,,-1.60,,1,,,,,,,,,,0.6064,2025-05-30T14:37:00+00:00,747,1247
summary,2025-06-02,AAPL,,,,,,,0.00,,0,,,,,,,,,,0.6274,2025-05-30T14:39:00+00:00,780,1160
trade,2025-06-02,NVDA,Long,2025-06-02T13:31:00+00:00,2025-06-02T14:47:00+00:00,136.4259,136.2641,2.20,-0.36,-0.001186,4560000,MaxHoldTimeout,0.6471,0.0789,0.5437,0.6021,0.7715,-0.5808,-0.1425,0.7415,,,
summary,2025-06-02,NVDA,,,,,,,-0.36,,1,,,,,,,,,,0.6951,2025-06-02T13:39:00+00:00,491,1351
summary,2025-06-02,MSFT,,,,,,,0.00,,0,,,,,,,,,,0.5892,2025-05-30T19:48:00+00:00,509,910
summary,2025-06-03,SPY,,,,,,,0.00,,0,,,,,,,,,,0.5473,2025-06-02T18:55:00+00:00,1157,1528
summary,2025-06-03,QQQ,,,,,,,0.00,,0,,,,,,,,,,0.6673,2025-06-02T13:38:00+00:00,1219,1562
summary,2025-06-03,AAPL,,,,,,,0.00,,0,,,,,,,,,,0.6557,2025-06-02T13:32:00+00:00,912,1300
trade,2025-06-03,NVDA,Long,2025-06-03T13:56:00+00:00,2025-06-03T15:56:00+00:00,139.9120,141.3926,2.14,3.18,0.010582,7200000,SessionClose,0.6296,0.1754,0.5529,0.5516,0.8114,0.1634,-0.1116,0.7535,,,
summary,2025-06-03,NVDA,,,,,,,3.18,,1,,,,,,,,,,0.7632,2025-06-02T13:39:00+00:00,1337,1677
summary,2025-06-03,MSFT,,,,,,,0.00,,0,,,,,,,,,,0.8993,2025-06-02T11:07:00+00:00,713,990
summary,2025-06-04,SPY,,,,,,,0.00,,0,,,,,,,,,,0.5473,2025-06-02T18:55:00+00:00,1700,2343
summary,2025-06-04,QQQ,,,,,,,0.00,,0,,,,,,,,,,0.6673,2025-06-02T13:38:00+00:00,1846,2424
trade,2025-06-04,AAPL,Long,2025-06-04T13:36:00+00:00,2025-06-04T14:41:00+00:00,203.4460,204.7036,1.48,1.85,0.006181,3900000,ScoreExit,0.4832,-0.0648,0.3634,0.5212,0.4470,-0.4866,-0.2107,0.3675,,,
summary,2025-06-04,AAPL,,,,,,,1.85,,1,,,,,,,,,,0.6557,2025-06-02T13:32:00+00:00,1383,2065
summary,2025-06-04,NVDA,,,,,,,0.00,,0,,,,,,,,,,0.7632,2025-06-02T13:39:00+00:00,2090,2637
summary,2025-06-04,MSFT,,,,,,,0.00,,0,,,,,,,,,,0.8993,2025-06-02T11:07:00+00:00,1046,1508
summary,2025-06-05,SPY,,,,,,,0.00,,0,,,,,,,,,,0.6104,2025-06-02T14:57:00+00:00,2032,2859
summary,2025-06-05,QQQ,,,,,,,0.00,,0,,,,,,,,,,0.6763,2025-06-02T13:38:00+00:00,2190,2985
summary,2025-06-05,AAPL,,,,,,,0.00,,0,,,,,,,,,,0.8224,2025-06-02T15:01:00+00:00,1474,2666
summary,2025-06-05,NVDA,,,,,,,0.00,,0,,,,,,,,,,1.0000,2025-06-02T13:39:00+00:00,2435,3265
summary,2025-06-05,MSFT,,,,,,,0.00,,0,,,,,,,,,,0.8646,2025-06-02T13:32:00+00:00,1416,1958
summary,2025-06-06,SPY,,,,,,,0.00,,0,,,,,,,,,,0.8167,2025-06-03T15:03:00+00:00,1681,2892
summary,2025-06-06,QQQ,,,,,,,0.00,,0,,,,,,,,,,0.8682,2025-06-03T15:03:00+00:00,1869,3047
trade,2025-06-06,AAPL,Long,2025-06-06T13:31:00+00:00,2025-06-06T14:21:00+00:00,204.5063,203.9338,1.47,-0.84,-0.002800,3000000,ScoreExit,0.5142,-0.0528,0.6015,0.5581,0.3973,-0.2853,-0.1844,0.2880,,,
summary,2025-06-06,AAPL,,,,,,,-0.84,,1,,,,,,,,,,0.8405,2025-06-03T14:02:00+00:00,1168,2728
summary,2025-06-06,NVDA,,,,,,,0.00,,0,,,,,,,,,,0.9569,2025-06-03T14:58:00+00:00,1964,3264
summary,2025-06-06,MSFT,,,,,,,0.00,,0,,,,,,,,,,0.4737,2025-06-04T13:59:00+00:00,1407,2005
summary,2025-06-09,SPY,,,,,,,0.00,,0,,,,,,,,,,0.5180,2025-06-06T13:41:00+00:00,646,1192
summary,2025-06-09,QQQ,,,,,,,0.00,,0,,,,,,,,,,0.5183,2025-06-06T13:46:00+00:00,613,1220
summary,2025-06-09,AAPL,,,,,,,0.00,,0,,,,,,,,,,0.6909,2025-06-06T13:31:00+00:00,519,1191
summary,2025-06-09,NVDA,,,,,,,0.00,,0,,,,,,,,,,0.9143,2025-06-06T13:43:00+00:00,653,1343
summary,2025-06-09,MSFT,,,,,,,0.00,,0,,,,,,,,,,0.8178,2025-06-06T14:06:00+00:00,416,892
summary,2025-06-10,SPY,,,,,,,0.00,,0,,,,,,,,,,0.4077,2025-06-09T16:52:00+00:00,912,1466
summary,2025-06-10,QQQ,,,,,,,0.00,,0,,,,,,,,,,0.4589,2025-06-09T14:33:00+00:00,972,1541
summary,2025-06-10,AAPL,,,,,,,0.00,,0,,,,,,,,,,0.5894,2025-06-09T14:13:00+00:00,401,1497
summary,2025-06-10,NVDA,,,,,,,0.00,,0,,,,,,,,,,0.5942,2025-06-09T14:36:00+00:00,727,1673
summary,2025-06-10,MSFT,,,,,,,0.00,,0,,,,,,,,,,0.5376,2025-06-09T18:57:00+00:00,553,1013
summary,2025-06-11,SPY,,,,,,,0.00,,0,,,,,,,,,,0.4134,2025-06-11T12:36:00+00:00,1361,2305
summary,2025-06-11,QQQ,,,,,,,0.00,,0,,,,,,,,,,0.4589,2025-06-09T14:33:00+00:00,1424,2398
summary,2025-06-11,AAPL,,,,,,,0.00,,0,,,,,,,,,,0.5894,2025-06-09T14:13:00+00:00,674,2268
summary,2025-06-11,NVDA,,,,,,,0.00,,0,,,,,,,,,,0.5942,2025-06-09T14:36:00+00:00,1284,2632
summary,2025-06-11,MSFT,,,,,,,0.00,,0,,,,,,,,,,0.5376,2025-06-09T18:57:00+00:00,884,1582
summary,2025-06-12,SPY,,,,,,,0.00,,0,,,,,,,,,,0.4161,2025-06-11T12:36:00+00:00,1456,2970
summary,2025-06-12,QQQ,,,,,,,0.00,,0,,,,,,,,,,0.5316,2025-06-09T14:33:00+00:00,1498,3018
summary,2025-06-12,AAPL,,,,,,,0.00,,0,,,,,,,,,,0.8859,2025-06-09T14:13:00+00:00,589,2889
trade,2025-06-12,NVDA,Long,2025-06-12T13:36:00+00:00,2025-06-12T15:37:00+00:00,143.1129,144.5166,2.10,2.94,0.009808,7260000,MaxHoldTimeout,0.4209,0.0798,0.3501,0.5565,0.1733,0.4387,-0.1574,0.4348,,,
summary,2025-06-12,NVDA,,,,,,,2.94,,1,,,,,,,,,,0.8916,2025-06-09T14:34:00+00:00,1495,3264
summary,2025-06-12,MSFT,,,,,,,0.00,,0,,,,,,,,,,0.5381,2025-06-09T18:57:00+00:00,1331,2104
summary,2025-06-13,SPY,,,,,,,0.00,,0,,,,,,,,,,0.7126,2025-06-10T14:43:00+00:00,1289,3051
summary,2025-06-13,QQQ,,,,,,,0.00,,0,,,,,,,,,,0.5975,2025-06-10T19:05:00+00:00,1260,3039
summary,2025-06-13,AAPL,,,,,,,0.00,,0,,,,,,,,,,0.9576,2025-06-10T14:53:00+00:00,566,2803
summary,2025-06-13,NVDA,,,,,,,0.00,,0,,,,,,,,,,0.6346,2025-06-10T14:18:00+00:00,1734,3268
trade,2025-06-13,MSFT,Long,2025-06-13T13:36:00+00:00,2025-06-13T14:14:00+00:00,478.2134,476.0521,0.63,-1.36,-0.004519,2280000,ScoreExit,0.4843,-0.0505,0.5420,0.5454,0.3426,-0.5978,-0.0992,0.2296,,,
summary,2025-06-13,MSFT,,,,,,,-1.36,,1,,,,,,,,,,0.5262,2025-06-11T14:22:00+00:00,1273,2191
summary,2025-06-16,SPY,,,,,,,0.00,,0,,,,,,,,,,0.5950,2025-06-13T15:51:00+00:00,642,1248
summary,2025-06-16,QQQ,,,,,,,0.00,,0,,,,,,,,,,0.6233,2025-06-13T15:51:00+00:00,722,1237
summary,2025-06-16,AAPL,,,,,,,0.00,,0,,,,,,,,,,0.5110,2025-06-16T08:08:00+00:00,553,1170
summary,2025-06-16,NVDA,,,,,,,0.00,,0,,,,,,,,,,0.6511,2025-06-13T15:51:00+00:00,780,1344
summary,2025-06-16,MSFT,,,,,,,0.00,,0,,,,,,,,,,0.5658,2025-06-13T13:39:00+00:00,415,925
summary,2025-06-17,SPY,,,,,,,0.00,,0,,,,,,,,,,0.4807,2025-06-16T14:19:00+00:00,626,1577
summary,2025-06-17,QQQ,,,,,,,0.00,,0,,,,,,,,,,0.5569,2025-06-16T14:01:00+00:00,712,1580
summary,2025-06-17,AAPL,,,,,,,0.00,,0,,,,,,,,,,0.5809,2025-06-16T13:59:00+00:00,562,1347
summary,2025-06-17,NVDA,,,,,,,0.00,,0,,,,,,,,,,0.6309,2025-06-16T13:58:00+00:00,976,1676
summary,2025-06-17,MSFT,,,,,,,0.00,,0,,,,,,,,,,0.5953,2025-06-16T14:12:00+00:00,468,1131
summary,2025-06-18,SPY,,,,,,,0.00,,0,,,,,,,,,,0.4807,2025-06-16T14:19:00+00:00,716,2460
summary,2025-06-18,QQQ,,,,,,,0.00,,0,,,,,,,,,,0.5569,2025-06-16T14:01:00+00:00,839,2480
summary,2025-06-18,AAPL,,,,,,,0.00,,0,,,,,,,,,,0.5809,2025-06-16T13:59:00+00:00,708,2133
summary,2025-06-18,NVDA,,,,,,,0.00,,0,,,,,,,,,,0.6309,2025-06-16T13:58:00+00:00,1396,2635
summary,2025-06-18,MSFT,,,,,,,0.00,,0,,,,,,,,,,0.5953,2025-06-16T14:12:00+00:00,751,1665
summary,2025-06-19,SPY,,,,,,,0.00,,0,,,,,,,,,,0.7792,2025-06-16T14:44:00+00:00,386,2372
summary,2025-06-19,QQQ,,,,,,,0.00,,0,,,,,,,,,,0.7838,2025-06-16T14:44:00+00:00,460,2385
summary,2025-06-19,AAPL,,,,,,,0.00,,0,,,,,,,,,,0.8986,2025-06-16T13:59:00+00:00,577,2085
summary,2025-06-19,NVDA,,,,,,,0.00,,0,,,,,,,,,,0.9587,2025-06-16T15:04:00+00:00,1222,2544
summary,2025-06-19,MSFT,,,,,,,0.00,,0,,,,,,,,,,0.7720,2025-06-16T14:01:00+00:00,723,1646
summary,2025-06-20,SPY,,,,,,,0.00,,0,,,,,,,,,,0.4138,2025-06-18T14:31:00+00:00,582,2135
summary,2025-06-20,QQQ,,,,,,,0.00,,0,,,,,,,,,,0.4433,2025-06-17T14:15:00+00:00,657,2175
trade,2025-06-20,AAPL,Long,2025-06-20T13:31:00+00:00,2025-06-20T14:23:00+00:00,198.3045,199.4551,1.51,1.74,0.005803,3120000,ScoreExit,0.4973,-0.0509,0.3289,0.5164,0.5152,-0.0446,-0.2273,0.3000,,,
summary,2025-06-20,AAPL,,,,,,,1.74,,1,,,,,,,,,,0.7748,2025-06-17T14:20:00+00:00,955,1939
summary,2025-06-20,NVDA,,,,,,,0.00,,0,,,,,,,,,,0.5394,2025-06-17T13:39:00+00:00,1098,2305
summary,2025-06-20,MSFT,,,,,,,0.00,,0,,,,,,,,,,0.6826,2025-06-17T15:03:00+00:00,900,1494
summary,2025-06-23,SPY,,,,,,,0.00,,0,,,,,,,,,,0.5140,2025-06-23T17:36:00+00:00,454,1259
summary,2025-06-23,QQQ,,,,,,,0.00,,0,,,,,,,,,,0.5356,2025-06-23T17:36:00+00:00,369,1251
summary,2025-06-23,AAPL,,,,,,,0.00,,0,,,,,,,,,,1.0000,2025-06-20T13:34:00+00:00,965,1277
summary,2025-06-23,NVDA,,,,,,,0.00,,0,,,,,,,,,,0.4639,2025-06-20T13:46:00+00:00,194,1346
summary,2025-06-23,MSFT,,,,,,,0.00,,0,,,,,,,,,,0.6572,2025-06-20T13:39:00+00:00,290,935
summary,2025-06-24,SPY,,,,,,,0.00,,0,,,,,,,,,,0.6735,2025-06-23T17:37:00+00:00,1204,1610
summary,2025-06-24,QQQ,,,,,,,0.00,,0,,,,,,,,,,0.6862,2025-06-23T17:36:00+00:00,1193,1624
summary,2025-06-24,AAPL,,,,,,,0.00,,0,,,,,,,,,,0.5992,2025-06-23T08:09:00+00:00,903,1514
trade,2025-06-24,NVDA,Long,2025-06-24T13:41:00+00:00,2025-06-24T15:42:00+00:00,146.5902,146.7920,2.05,0.41,0.001377,7260000,MaxHoldTimeout,0.6081,0.1257,0.5387,0.5808,0.6858,-0.1391,-0.0533,0.5717,,,
summary,2025-06-24,NVDA,,,,,,,0.41,,1,,,,,,,,,,0.7370,2025-06-23T08:11:00+00:00,1238,1678
summary,2025-06-24,MSFT,,,,,,,0.00,,0,,,,,,,,,,0.7030,2025-06-23T17:37:00+00:00,862,1092
summary,2025-06-25,SPY,,,,,,,0.00,,0,,,,,,,,,,0.6735,2025-06-23T17:37:00+00:00,1675,2410
summary,2025-06-25,QQQ,,,,,,,0.00,,0,,,,,,,,,,0.6862,2025-06-23T17:36:00+00:00,1760,2509
summary,2025-06-25,AAPL,,,,,,,0.00,,0,,,,,,,,,,0.5992,2025-06-23T08:09:00+00:00,1054,2304
trade,2025-06-25,NVDA,Long,2025-06-25T13:41:00+00:00,2025-06-25T15:42:00+00:00,151.2754,151.6995,1.98,0.84,0.002804,7260000,MaxHoldTimeout,0.5707,0.0716,0.6245,0.5022,0.6899,-0.1742,-0.1865,0.6698,,,
summary,2025-06-25,NVDA,,,,,,,0.84,,1,,,,,,,,,,0.7370,2025-06-23T08:11:00+00:00,2118,2635
summary,2025-06-25,MSFT,,,,,,,0.00,,0,,,,,,,,,,0.7030,2025-06-23T17:37:00+00:00,1207,1641
summary,2025-06-26,SPY,,,,,,,0.00,,0,,,,,,,,,,0.6947,2025-06-23T14:06:00+00:00,2274,2959
summary,2025-06-26,QQQ,,,,,,,0.00,,0,,,,,,,,,,0.8736,2025-06-23T14:44:00+00:00,2404,3109
summary,2025-06-26,AAPL,,,,,,,0.00,,0,,,,,,,,,,0.8402,2025-06-23T14:08:00+00:00,1251,2821
summary,2025-06-26,NVDA,,,,,,,0.00,,0,,,,,,,,,,0.8926,2025-06-23T14:05:00+00:00,2821,3265
summary,2025-06-26,MSFT,,,,,,,0.00,,0,,,,,,,,,,0.9463,2025-06-23T15:04:00+00:00,1629,2087
summary,2025-06-27,SPY,,,,,,,0.00,,0,,,,,,,,,,0.5817,2025-06-24T14:42:00+00:00,2050,2889
summary,2025-06-27,QQQ,,,,,,,0.00,,0,,,,,,,,,,0.6682,2025-06-24T14:42:00+00:00,2237,3048
summary,2025-06-27,AAPL,,,,,,,0.00,,0,,,,,,,,,,0.6176,2025-06-24T16:11:00+00:00,1127,2760
summary,2025-06-27,NVDA,,,,,,,0.00,,0,,,,,,,,,,1.0000,2025-06-24T13:41:00+00:00,2694,3260
summary,2025-06-27,MSFT,,,,,,,0.00,,0,,,,,,,,,,0.8948,2025-06-24T15:02:00+00:00,1357,2062
summary,2025-06-30,SPY,,,,,,,0.00,,0,,,,,,,,,,0.7415,2025-06-27T14:45:00+00:00,744,1259
summary,2025-06-30,QQQ,,,,,,,0.00,,0,,,,,,,,,,0.7346,2025-06-27T14:43:00+00:00,753,1287
summary,2025-06-30,AAPL,,,,,,,0.00,,0,,,,,,,,,,0.8124,2025-06-27T13:33:00+00:00,384,1199
summary,2025-06-30,NVDA,,,,,,,0.00,,0,,,,,,,,,,0.9522,2025-06-27T14:44:00+00:00,968,1349
summary,2025-06-30,MSFT,,,,,,,0.00,,0,,,,,,,,,,0.4790,2025-06-27T15:47:00+00:00,418,929
summary,2025-07-01,SPY,,,,,,,0.00,,0,,,,,,,,,,0.6953,2025-06-30T09:39:00+00:00,741,1486
summary,2025-07-01,QQQ,,,,,,,0.00,,0,,,,,,,,,,0.7323,2025-06-30T09:31:00+00:00,656,1580
trade,2025-07-01,AAPL,Long,2025-07-01T14:11:00+00:00,2025-07-01T14:49:00+00:00,208.8006,207.6527,1.44,-1.65,-0.005498,2280000,ScoreExit,0.5019,-0.0501,-0.4109,0.5331,0.7436,-0.5619,-0.3616,0.7436,,,
summary,2025-07-01,AAPL,,,,,,,-1.65,,1,,,,,,,,,,0.7753,2025-06-30T19:30:00+00:00,1011,1514
summary,2025-07-01,NVDA,,,,,,,0.00,,0,,,,,,,,,,0.5754,2025-06-30T15:48:00+00:00,482,1672
summary,2025-07-01,MSFT,,,,,,,0.00,,0,,,,,,,,,,0.7243,2025-06-30T11:24:00+00:00,390,1037
summary,2025-07-02,SPY,,,,,,,0.00,,0,,,,,,,,,,0.6953,2025-06-30T09:39:00+00:00,1233,2309
summary,2025-07-02,QQQ,,,,,,,0.00,,0,,,,,,,,,,0.7323,2025-06-30T09:31:00+00:00,1023,2431
trade,2025-07-02,AAPL,Long,2025-07-02T13:46:00+00:00,2025-07-02T15:26:00+00:00,211.9386,211.9614,1.42,0.03,0.000108,6000000,ScoreExit,0.5769,-0.0785,0.5703,0.5525,0.6280,-0.5211,-0.3086,0.5292,,,
summary,2025-07-02,AAPL,,,,,,,0.03,,1,,,,,,,,,,0.7753,2025-06-30T19:30:00+00:00,1715,2376
trade,2025-07-02,NVDA,Long,2025-07-02T14:01:00+00:00,2025-07-02T15:56:00+00:00,154.6263,156.5895,1.94,3.81,0.012697,6900000,SessionClose,0.4603,0.2144,0.3097,0.5365,0.3581,0.5555,-0.0217,0.5728,,,
summary,2025-07-02,NVDA,,,,,,,3.81,,1,,,,,,,,,,0.5754,2025-06-30T15:48:00+00:00,852,2625
summary,2025-07-02,MSFT,,,,,,,0.00,,0,,,,,,,,,,0.7243,2025-06-30T11:24:00+00:00,390,1585
summary,2025-07-03,SPY,,,,,,,0.00,,0,,,,,,,,,,0.5097,2025-06-30T19:53:00+00:00,1741,2848
summary,2025-07-03,QQQ,,,,,,,0.00,,0,,,,,,,,,,0.5384,2025-06-30T19:54:00+00:00,1495,2942
summary,2025-07-03,AAPL,,,,,,,0.00,,0,,,,,,,,,,0.8455,2025-06-30T19:30:00+00:00,2229,2927
trade,2025-07-03,NVDA,Long,2025-07-03T14:21:00+00:00,2025-07-03T15:37:00+00:00,160.2645,159.8020,1.87,-0.87,-0.002885,4560000,MaxHoldTimeout,0.5786,0.2007,0.5546,0.5906,0.5627,0.3435,0.0146,0.5252,,,
summary,2025-07-03,NVDA,,,,,,,-0.87,,1,,,,,,,,,,0.8496,2025-06-30T15:01:00+00:00,1547,3243
trade,2025-07-03,MSFT,Long,2025-07-03T14:01:00+00:00,2025-07-03T15:56:00+00:00,496.9340,499.4251,0.60,1.50,0.005013,6900000,SessionClose,0.4771,0.2039,0.5400,0.5204,0.3695,0.0681,0.1186,0.4199,,,
summary,2025-07-03,MSFT,,,,,,,1.50,,1,,,,,,,,,,0.5639,2025-06-30T15:50:00+00:00,562,1927
summary,2025-07-04,SPY,,,,,,,0.00,,0,,,,,,,,,,0.4474,2025-07-01T16:14:00+00:00,1456,2064
summary,2025-07-04,QQQ,,,,,,,0.00,,0,,,,,,,,,,0.4483,2025-07-02T14:34:00+00:00,1196,2107
summary,2025-07-04,AAPL,,,,,,,0.00,,0,,,,,,,,,,0.8967,2025-07-01T13:49:00+00:00,1495,2076
summary,2025-07-04,NVDA,,,,,,,0.00,,0,,,,,,,,,,0.7283,2025-07-02T13:35:00+00:00,1356,2348
summary,2025-07-04,MSFT,,,,,,,0.00,,0,,,,,,,,,,0.5323,2025-07-03T14:08:00+00:00,434,1387
summary,2025-07-07,SPY,,,,,,,0.00,,0,,,,,,,,,,0.3860,2025-07-07T10:09:00+00:00,181,656
summary,2025-07-07,QQQ,,,,,,,0.00,,0,,,,,,,,,,0.4026,2025-07-07T10:13:00+00:00,177,689
summary,2025-07-07,AAPL,,,,,,,0.00,,0,,,,,,,,,,0.6108,2025-07-07T13:31:00+00:00,93,618
summary,2025-07-07,NVDA,,,,,,,0.00,,0,,,,,,,,,,0.4908,2025-07-07T10:34:00+00:00,302,721
summary,2025-07-07,MSFT,,,,,,,0.00,,0,,,,,,,,,,0.8453,2025-07-07T10:03:00+00:00,250,509
summary,2025-07-08,SPY,,,,,,,0.00,,0,,,,,,,,,,0.3860,2025-07-07T10:09:00+00:00,533,1487
summary,2025-07-08,QQQ,,,,,,,0.00,,0,,,,,,,,,,0.4026,2025-07-07T10:13:00+00:00,636,1558
summary,2025-07-08,AAPL,,,,,,,0.00,,0,,,,,,,,,,0.6108,2025-07-07T13:31:00+00:00,228,1419
summary,2025-07-08,NVDA,,,,,,,0.00,,0,,,,,,,,,,0.4972,2025-07-08T08:08:00+00:00,1055,1670
summary,2025-07-08,MSFT,,,,,,,0.00,,0,,,,,,,,,,0.8453,2025-07-07T10:03:00+00:00,486,984
summary,2025-07-09,SPY,,,,,,,0.00,,0,,,,,,,,,,0.3860,2025-07-07T10:09:00+00:00,1047,2241
summary,2025-07-09,QQQ,,,,,,,0.00,,0,,,,,,,,,,0.4281,2025-07-09T13:45:00+00:00,1176,2354
summary,2025-07-09,AAPL,,,,,,,0.00,,0,,,,,,,,,,0.6108,2025-07-07T13:31:00+00:00,331,2119
trade,2025-07-09,NVDA,Long,2025-07-09T13:31:00+00:00,2025-07-09T14:48:00+00:00,162.1636,162.7462,1.85,1.08,0.003592,4620000,ScoreExit,0.5710,-0.0675,0.5455,0.5713,0.5788,-0.3252,-0.3077,0.4987,,,
summary,2025-07-09,NVDA,,,,,,,1.08,,1,,,,,,,,,,0.6185,2025-07-09T13:35:00+00:00,1853,2624
trade,2025-07-09,MSFT,Long,2025-07-09T13:46:00+00:00,2025-07-09T14:36:00+00:00,504.1112,503.2090,0.60,-0.54,-0.001790,3000000,ScoreExit,0.5108,-0.0558,0.5625,0.5386,0.4380,-0.5059,-0.1586,0.2997,,,
summary,2025-07-09,MSFT,,,,,,,-0.54,,1,,,,,,,,,,0.8453,2025-07-07T10:03:00+00:00,889,1534
summary,2025-07-10,SPY,,,,,,,0.00,,0,,,,,,,,,,0.3875,2025-07-09T13:49:00+00:00,1489,2808
summary,2025-07-10,QQQ,,,,,,,0.00,,0,,,,,,,,,,0.4315,2025-07-09T13:45:00+00:00,1568,2913
trade,2025-07-10,AAPL,Long,2025-07-10T14:41:00+00:00,2025-07-10T15:51:00+00:00,213.1283,212.7212,1.41,-0.57,-0.001910,4200000,ScoreExit,0.4686,-0.0607,0.5204,0.5115,0.3657,-0.2880,-0.2300,0.3538,,,
summary,2025-07-10,AAPL,,,,,,,-0.57,,1,,,,,,,,,,1.0000,2025-07-07T13:31:00+00:00,896,2665
summary,2025-07-10,NVDA,,,,,,,0.00,,0,,,,,,,,,,0.6548,2025-07-07T13:41:00+00:00,2392,3253
summary,2025-07-10,MSFT,,,,,,,0.00,,0,,,,,,,,,,0.5692,2025-07-09T10:35:00+00:00,1057,1958
summary,2025-07-11,SPY,,,,,,,0.00,,0,,,,,,,,,,0.4378,2025-07-09T13:49:00+00:00,1680,2846
summary,2025-07-11,QQQ,,,,,,,0.00,,0,,,,,,,,,,0.5052,2025-07-08T14:40:00+00:00,1601,2914
summary,2025-07-11,AAPL,,,,,,,0.00,,0,,,,,,,,,,0.9578,2025-07-08T15:00:00+00:00,1634,2618
trade,2025-07-11,NVDA,Long,2025-07-11T13:31:00+00:00,2025-07-11T15:11:00+00:00,164.0442,166.5800,1.83,4.64,0.015458,6000000,ScoreExit,0.4991,-0.0999,0.4776,0.5086,0.4874,-0.5046,-0.3174,0.4701,,,
summary,2025-07-11,NVDA,,,,,,,4.64,,1,,,,,,,,,,0.6693,2025-07-09T13:35:00+00:00,2598,3253
summary,2025-07-11,MSFT,,,,,,,0.00,,0,,,,,,,,,,0.6172,2025-07-09T10:35:00+00:00,1181,1984
summary,2025-07-14,SPY,,,,,,,0.00,,0,,,,,,,,,,0.5536,2025-07-11T14:44:00+00:00,528,1186
summary,2025-07-14,QQQ,,,,,,,0.00,,0,,,,,,,,,,0.5335,2025-07-11T14:26:00+00:00,569,1229
summary,2025-07-14,AAPL,,,,,,,0.00,,0,,,,,,,,,,0.8890,2025-07-11T14:11:00+00:00,250,1147
summary,2025-07-14,NVDA,,,,,,,0.00,,0,,,,,,,,,,0.9531,2025-07-11T14:49:00+00:00,350,1342
summary,2025-07-14,MSFT,,,,,,,0.00,,0,,,,,,,,,,0.8666,2025-07-11T15:02:00+00:00,581,878
summary,2025-07-15,SPY,,,,,,,0.00,,0,,,,,,,,,,0.7201,2025-07-14T09:24:00+00:00,939,1501
summary,2025-07-15,QQQ,,,,,,,0.00,,0,,,,,,,,,,0.6344,2025-07-14T09:24:00+00:00,1089,1569
summary,2025-07-15,AAPL,,,,,,,0.00,,0,,,,,,,,,,0.4973,2025-07-15T15:37:00+00:00,754,1435
summary,2025-07-15,NVDA,,,,,,,0.00,,0,,,,,,,,,,0.8750,2025-07-15T08:11:00+00:00,1225,1680
summary,2025-07-15,MSFT,,,,,,,0.00,,0,,,,,,,,,,0.4769,2025-07-15T13:43:00+00:00,653,973
summary,2025-07-16,SPY,,,,,,,0.00,,0,,,,,,,,,,0.7201,2025-07-14T09:24:00+00:00,1259,2356
summary,2025-07-16,QQQ,,,,,,,0.00,,0,,,,,,,,,,0.6344,2025-07-14T09:24:00+00:00,1574,2458
summary,2025-07-16,AAPL,,,,,,,0.00,,0,,,,,,,,,,0.4973,2025-07-15T15:37:00+00:00,1144,2182
summary,2025-07-16,NVDA,,,,,,,0.00,,0,,,,,,,,,,0.8750,2025-07-15T08:11:00+00:00,1858,2637
summary,2025-07-16,MSFT,,,,,,,0.00,,0,,,,,,,,,,0.4769,2025-07-15T13:43:00+00:00,1002,1516
summary,2025-07-17,SPY,,,,,,,0.00,,0,,,,,,,,,,0.4766,2025-07-14T14:59:00+00:00,1596,2916
summary,2025-07-17,QQQ,,,,,,,0.00,,0,,,,,,,,,,0.8589,2025-07-14T15:03:00+00:00,2040,3006
summary,2025-07-17,AAPL,,,,,,,0.00,,0,,,,,,,,,,0.5169,2025-07-15T15:37:00+00:00,1570,2683
summary,2025-07-17,NVDA,,,,,,,0.00,,0,,,,,,,,,,0.9585,2025-07-14T15:01:00+00:00,2270,3260
trade,2025-07-17,MSFT,Long,2025-07-17T14:01:00+00:00,2025-07-17T15:56:00+00:00,510.2830,512.4512,0.59,1.28,0.004249,6900000,SessionClose,0.4861,0.2502,0.4694,0.5362,0.3915,-0.1724,0.2296,0.4322,,,
summary,2025-07-17,MSFT,,,,,,,1.28,,1,,,,,,,,,,0.7759,2025-07-14T15:03:00+00:00,1327,1940
summary,2025-07-18,SPY,,,,,,,0.00,,0,,,,,,,,,,0.3496,2025-07-17T08:11:00+00:00,1371,2893
summary,2025-07-18,QQQ,,,,,,,0.00,,0,,,,,,,,,,0.3868,2025-07-17T08:01:00+00:00,1466,2971
summary,2025-07-18,AAPL,,,,,,,0.00,,0,,,,,,,,,,0.7306,2025-07-15T13:42:00+00:00,1203,2550
summary,2025-07-18,NVDA,,,,,,,0.00,,0,,,,,,,,,,1.0000,2025-07-15T13:36:00+00:00,1796,3253
summary,2025-07-18,MSFT,,,,,,,0.00,,0,,,,,,,,,,0.7443,2025-07-15T13:43:00+00:00,1218,1943
summary,2025-07-21,SPY,,,,,,,0.00,,0,,,,,,,,,,0.4326,2025-07-21T14:02:00+00:00,476,1158
summary,2025-07-21,QQQ,,,,,,,0.00,,0,,,,,,,,,,0.4792,2025-07-21T14:00:00+00:00,605,1205
summary,2025-07-21,AAPL,,,,,,,0.00,,0,,,,,,,,,,0.7184,2025-07-18T14:53:00+00:00,837,1115
summary,2025-07-21,NVDA,,,,,,,0.00,,0,,,,,,,,,,0.5300,2025-07-18T13:33:00+00:00,429,1334
trade,2025-07-21,MSFT,Long,2025-07-21T13:50:00+00:00,2025-07-21T14:48:00+00:00,511.2283,510.7517,0.59,-0.28,-0.000932,3480000,ScoreExit,0.4397,-0.0674,0.3633,0.5618,0.2211,-0.5633,-0.1014,0.1659,,,
summary,2025-07-21,MSFT,,,,,,,-0.28,,1,,,,,,,,,,0.4941,2025-07-21T13:55:00+00:00,287,950
summary,2025-07-22,SPY,,,,,,,0.00,,0,,,,,,,,,,0.4362,2025-07-21T14:02:00+00:00,624,1405
summary,2025-07-22,QQQ,,,,,,,0.00,,0,,,,,,,,,,0.5213,2025-07-21T13:48:00+00:00,463,1529
summary,2025-07-22,AAPL,,,,,,,0.00,,0,,,,,,,,,,0.6557,2025-07-21T13:42:00+00:00,645,1315
summary,2025-07-22,NVDA,,,,,,,0.00,,0,,,,,,,,,,0.4894,2025-07-21T09:24:00+00:00,237,1672
summary,2025-07-22,MSFT,,,,,,,0.00,,0,,,,,,,,,,0.6982,2025-07-21T13:51:00+00:00,319,1036
summary,2025-07-23,SPY,,,,,,,0.00,,0,,,,,,,,,,0.4362,2025-07-21T14:02:00+00:00,1218,2280
summary,2025-07-23,QQQ,,,,,,,0.00,,0,,,,,,,,,,0.5213,2025-07-21T13:48:00+00:00,710,2406
summary,2025-07-23,AAPL,,,,,,,0.00,,0,,,,,,,,,,0.6557,2025-07-21T13:42:00+00:00,1165,2066
summary,2025-07-23,NVDA,,,,,,,0.00,,0,,,,,,,,,,0.4894,2025-07-21T09:24:00+00:00,791,2629
summary,2025-07-23,MSFT,,,,,,,0.00,,0,,,,,,,,,,0.6982,2025-07-21T13:51:00+00:00,319,1577
summary,2025-07-24,SPY,,,,,,,0.00,,0,,,,,,,,,,0.6667,2025-07-21T14:43:00+00:00,1608,2884
summary,2025-07-24,QQQ,,,,,,,0.00,,0,,,,,,,,,,0.6918,2025-07-21T14:41:00+00:00,1141,2999
summary,2025-07-24,AAPL,,,,,,,0.00,,0,,,,,,,,,,1.0000,2025-07-21T13:39:00+00:00,1396,2628
summary,2025-07-24,NVDA,,,,,,,0.00,,0,,,,,,,,,,0.6554,2025-07-21T14:29:00+00:00,1624,3263
summary,2025-07-24,MSFT,,,,,,,0.00,,0,,,,,,,,,,0.9410,2025-07-21T13:45:00+00:00,630,1990
summary,2025-07-25,SPY,,,,,,,0.00,,0,,,,,,,,,,0.4702,2025-07-22T23:54:00+00:00,2124,2871
summary,2025-07-25,QQQ,,,,,,,0.00,,0,,,,,,,,,,0.4600,2025-07-23T20:13:00+00:00,1828,2944
summary,2025-07-25,AAPL,,,,,,,0.00,,0,,,,,,,,,,0.9632,2025-07-22T13:40:00+00:00,1574,2586
summary,2025-07-25,NVDA,,,,,,,0.00,,0,,,,,,,,,,0.8202,2025-07-22T15:00:00+00:00,2407,3245
summary,2025-07-25,MSFT,,,,,,,0.00,,0,,,,,,,,,,0.4435,2025-07-22T14:43:00+00:00,982,1966
summary,2025-07-28,SPY,,,,,,,0.00,,0,,,,,,,,,,0.7052,2025-07-25T14:47:00+00:00,812,1194
summary,2025-07-28,QQQ,,,,,,,0.00,,0,,,,,,,,,,0.7221,2025-07-25T14:49:00+00:00,824,1182
summary,2025-07-28,AAPL,,,,,,,0.00,,0,,,,,,,,,,0.5442,2025-07-25T14:33:00+00:00,422,1105
summary,2025-07-28,NVDA,,,,,,,0.00,,0,,,,,,,,,,0.8805,2025-07-25T14:06:00+00:00,764,1333
summary,2025-07-28,MSFT,,,,,,,0.00,,0,,,,,,,,,,0.7330,2025-07-25T14:44:00+00:00,483,979
summary,2025-07-29,SPY,,,,,,,0.00,,0,,,,,,,,,,0.3355,2025-07-29T08:08:00+00:00,497,1440
summary,2025-07-29,QQQ,,,,,,,0.00,,0,,,,,,,,,,0.3989,2025-07-29T08:10:00+00:00,693,1510
summary,2025-07-29,AAPL,,,,,,,0.00,,0,,,,,,,,,,0.4452,2025-07-28T14:39:00+00:00,427,1280
summary,2025-07-29,NVDA,,,,,,,0.00,,0,,,,,,,,,,0.5611,2025-07-29T08:05:00+00:00,1140,1667
trade,2025-07-29,MSFT,Long,2025-07-29T13:36:00+00:00,2025-07-29T14:04:00+00:00,517.2101,514.7655,0.58,-1.42,-0.004726,1680000,ScoreExit,0.4983,-0.0541,0.5554,0.5317,0.4125,-0.5345,-0.1291,0.2562,,,
summary,2025-07-29,MSFT,,,,,,,-1.42,,1,,,,,,,,,,0.4986,2025-07-29T13:36:00+00:00,382,1050
summary,2025-07-30,SPY,,,,,,,0.00,,0,,,,,,,,,,0.3355,2025-07-29T08:08:00+00:00,737,2247
summary,2025-07-30,QQQ,,,,,,,0.00,,0,,,,,,,,,,0.3989,2025-07-29T08:10:00+00:00,1137,2336
summary,2025-07-30,AAPL,,,,,,,0.00,,0,,,,,,,,,,0.4452,2025-07-28T14:39:00+00:00,471,2002
summary,2025-07-30,NVDA,,,,,,,0.00,,0,,,,,,,,,,0.5611,2025-07-29T08:05:00+00:00,1835,2607
summary,2025-07-30,MSFT,,,,,,,0.00,,0,,,,,,,,,,0.4986,2025-07-29T13:36:00+00:00,641,1615
summary,2025-07-31,SPY,,,,,,,0.00,,0,,,,,,,,,,0.5033,2025-07-30T20:13:00+00:00,1292,2880
summary,2025-07-31,QQQ,,,,,,,0.00,,0,,,,,,,,,,0.5552,2025-07-30T20:24:00+00:00,1586,2988
summary,2025-07-31,AAPL,,,,,,,0.00,,0,,,,,,,,,,0.5582,2025-07-28T13:31:00+00:00,323,2701
summary,2025-07-31,NVDA,,,,,,,0.00,,0,,,,,,,,,,0.6024,2025-07-28T13:59:00+00:00,2382,3248
summary,2025-07-31,MSFT,,,,,,,0.00,,0,,,,,,,,,,0.8960,2025-07-30T20:03:00+00:00,1276,2423
summary,2025-08-01,SPY,,,,,,,0.00,,0,,,,,,,,,,0.5626,2025-07-30T20:13:00+00:00,877,3025
summary,2025-08-01,QQQ,,,,,,,0.00,,0,,,,,,,,,,0.6015,2025-07-30T20:24:00+00:00,898,3097
summary,2025-08-01,AAPL,,,,,,,0.00,,0,,,,,,,,,,0.6186,2025-07-31T20:46:00+00:00,441,2939
summary,2025-08-01,NVDA,,,,,,,0.00,,0,,,,,,,,,,0.8198,2025-07-29T13:37:00+00:00,1231,3251
summary,2025-08-01,MSFT,,,,,,,0.00,,0,,,,,,,,,,0.9496,2025-07-30T20:03:00+00:00,1104,2632
summary,2025-08-04,SPY,,,,,,,0.00,,0,,,,,,,,,,0.5657,2025-08-01T16:04:00+00:00,710,1265
trade,2025-08-04,QQQ,Long,2025-08-04T13:56:00+00:00,2025-08-04T15:12:00+00:00,562.4737,561.8464,0.53,-0.33,-0.001115,4560000,MaxHoldTimeout,0.5269,0.0756,0.4805,0.5189,0.5583,0.3476,-0.1868,0.5098,,,
summary,2025-08-04,QQQ,,,,,,,-0.33,,1,,,,,,,,,,0.6445,2025-08-01T14:37:00+00:00,736,1279
summary,2025-08-04,AAPL,,,,,,,0.00,,0,,,,,,,,,,1.0000,2025-08-01T13:31:00+00:00,297,1250
trade,2025-08-04,NVDA,Long,2025-08-04T14:16:00+00:00,2025-08-04T15:32:00+00:00,177.8433,177.7417,1.69,-0.17,-0.000572,4560000,MaxHoldTimeout,0.5889,0.3603,0.5395,0.5226,0.7379,0.4581,0.1407,0.7668,,,
summary,2025-08-04,NVDA,,,,,,,-0.17,,1,,,,,,,,,,0.9495,2025-08-01T14:47:00+00:00,877,1350
trade,2025-08-04,MSFT,Long,2025-08-04T13:36:00+00:00,2025-08-04T15:13:00+00:00,531.7445,533.6848,0.56,1.09,0.003649,5820000,ScoreExit,0.5986,-0.0636,0.5807,0.5579,0.6858,-0.5424,-0.3257,0.6203,,,
summary,2025-08-04,MSFT,,,,,,,1.09,,1,,,,,,,,,,0.7275,2025-08-04T13:57:00+00:00,464,1065
summary,2025-08-05,SPY,,,,,,,0.00,,0,,,,,,,,,,0.7336,2025-08-04T09:15:00+00:00,1049,1595
summary,2025-08-05,QQQ,,,,,,,0.00,,0,,,,,,,,,,0.7345,2025-08-04T09:14:00+00:00,1080,1620
summary,2025-08-05,AAPL,,,,,,,0.00,,0,,,,,,,,,,0.8047,2025-08-04T09:20:00+00:00,606,1437
summary,2025-08-05,NVDA,,,,,,,0.00,,0,,,,,,,,,,0.6712,2025-08-04T14:17:00+00:00,1298,1675
summary,2025-08-05,MSFT,,,,,,,0.00,,0,,,,,,,,,,0.8234,2025-08-04T13:57:00+00:00,520,1174
summary,2025-08-06,SPY,,,,,,,0.00,,0,,,,,,,,,,0.7336,2025-08-04T09:15:00+00:00,1575,2465
summary,2025-08-06,QQQ,,,,,,,0.00,,0,,,,,,,,,,0.7345,2025-08-04T09:14:00+00:00,1539,2537
summary,2025-08-06,AAPL,,,,,,,0.00,,0,,,,,,,,,,0.8047,2025-08-04T09:20:00+00:00,1107,2195
trade,2025-08-06,NVDA,Long,2025-08-06T14:01:00+00:00,2025-08-06T14:21:00+00:00,178.7286,178.4115,1.68,-0.53,-0.001774,1200000,ScoreExit,0.4308,-0.0594,0.3978,0.5556,0.1923,-0.4483,-0.1028,0.1572,,,
summary,2025-08-06,NVDA,,,,,,,-0.53,,1,,,,,,,,,,0.6712,2025-08-04T14:17:00+00:00,1659,2633
summary,2025-08-06,MSFT,,,,,,,0.00,,0,,,,,,,,,,0.8234,2025-08-04T13:57:00+00:00,533,1776
summary,2025-08-07,SPY,,,,,,,0.00,,0,,,,,,,,,,0.6501,2025-08-04T14:49:00+00:00,2036,3081
summary,2025-08-07,QQQ,,,,,,,0.00,,0,,,,,,,,,,0.6132,2025-08-04T13:46:00+00:00,1999,3131
summary,2025-08-07,AAPL,,,,,,,0.00,,0,,,,,,,,,,0.9547,2025-08-04T14:40:00+00:00,1638,2887
summary,2025-08-07,NVDA,,,,,,,0.00,,0,,,,,,,,,,1.0000,2025-08-04T13:37:00+00:00,2197,3262
summary,2025-08-07,MSFT,,,,,,,0.00,,0,,,,,,,,,,0.9388,2025-08-04T13:46:00+00:00,471,2243
summary,2025-08-08,SPY,,,,,,,0.00,,0,,,,,,,,,,0.4402,2025-08-07T08:28:00+00:00,1726,3012
summary,2025-08-08,QQQ,,,,,,,0.00,,0,,,,,,,,,,0.4797,2025-08-05T13:38:00+00:00,1828,3074
summary,2025-08-08,AAPL,,,,,,,0.00,,0,,,,,,,,,,0.8917,2025-08-06T21:55:00+00:00,2191,2931
summary,2025-08-08,NVDA,,,,,,,0.00,,0,,,,,,,,,,0.9600,2025-08-05T13:38:00+00:00,1931,3263
summary,2025-08-08,MSFT,,,,,,,0.00,,0,,,,,,,,,,0.5183,2025-08-06T08:09:00+00:00,109,2228
summary,2025-08-11,SPY,,,,,,,0.00,,0,,,,,,,,,,0.5136,2025-08-08T14:40:00+00:00,782,1223
summary,2025-08-11,QQQ,,,,,,,0.00,,0,,,,,,,,,,0.7845,2025-08-08T14:40:00+00:00,845,1231
summary,2025-08-11,AAPL,,,,,,,0.00,,0,,,,,,,,,,0.9552,2025-08-08T14:40:00+00:00,967,1257
summary,2025-08-11,NVDA,,,,,,,0.00,,0,,,,,,,,,,0.9453,2025-08-08T13:45:00+00:00,850,1345
summary,2025-08-11,MSFT,,,,,,,0.00,,0,,,,,,,,,,0.4628,2025-08-11T15:14:00+00:00,380,946
summary,2025-08-12,SPY,,,,,,,0.00,,0,,,,,,,,,,0.7013,2025-08-11T09:30:00+00:00,687,1465
summary,2025-08-12,QQQ,,,,,,,0.00,,0,,,,,,,,,,0.7329,2025-08-11T09:30:00+00:00,728,1496
summary,2025-08-12,AAPL,,,,,,,0.00,,0,,,,,,,,,,0.6164,2025-08-11T16:06:00+00:00,900,1425
summary,2025-08-12,NVDA,,,,,,,0.00,,0,,,,,,,,,,0.8254,2025-08-11T09:12:00+00:00,1081,1663
summary,2025-08-12,MSFT,,,,,,,0.00,,0,,,,,,,,,,0.7159,2025-08-11T08:32:00+00:00,678,1030
summary,2025-08-13,SPY,,,,,,,0.00,,0,,,,,,,,,,0.7013,2025-08-11T09:30:00+00:00,1265,2267
summary,2025-08-13,QQQ,,,,,,,0.00,,0,,,,,,,,,,0.7329,2025-08-11T09:30:00+00:00,1349,2356
summary,2025-08-13,AAPL,,,,,,,0.00,,0,,,,,,,,,,0.6164,2025-08-11T16:06:00+00:00,1512,2125
summary,2025-08-13,NVDA,,,,,,,0.00,,0,,,,,,,,,,0.8254,2025-08-11T09:12:00+00:00,1555,2614
summary,2025-08-13,MSFT,,,,,,,0.00,,0,,,,,,,,,,0.7159,2025-08-11T08:32:00+00:00,917,1607
summary,2025-08-14,SPY,,,,,,,0.00,,0,,,,,,,,,,0.4856,2025-08-11T16:09:00+00:00,1635,2789
summary,2025-08-14,QQQ,,,,,,,0.00,,0,,,,,,,,,,0.5102,2025-08-11T16:09:00+00:00,1660,2872
summary,2025-08-14,AAPL,,,,,,,0.00,,0,,,,,,,,,,0.8923,2025-08-11T14:38:00+00:00,1753,2596
summary,2025-08-14,NVDA,,,,,,,0.00,,0,,,,,,,,,,0.9535,2025-08-11T14:44:00+00:00,1379,3215
summary,2025-08-14,MSFT,,,,,,,0.00,,0,,,,,,,,,,0.9567,2025-08-11T15:00:00+00:00,946,2160
summary,2025-08-15,SPY,,,,,,,0.00,,0,,,,,,,,,,0.8004,2025-08-12T15:03:00+00:00,1914,2774
summary,2025-08-15,QQQ,,,,,,,0.00,,0,,,,,,,,,,0.8091,2025-08-12T15:03:00+00:00,1703,2864
summary,2025-08-15,AAPL,,,,,,,0.00,,0,,,,,,,,,,0.9555,2025-08-12T15:03:00+00:00,1516,2555
summary,2025-08-15,NVDA,,,,,,,0.00,,0,,,,,,,,,,0.7661,2025-08-12T15:03:00+00:00,1703,3200
summary,2025-08-15,MSFT,,,,,,,0.00,,0,,,,,,,,,,0.7703,2025-08-12T13:42:00+00:00,726,2148
summary,2025-08-18,SPY,,,,,,,0.00,,0,,,,,,,,,,0.3258,2025-08-15T17:56:00+00:00,285,1214
summary,2025-08-18,QQQ,,,,,,,0.00,,0,,,,,,,,,,0.4014,2025-08-15T14:15:00+00:00,353,1197
summary,2025-08-18,AAPL,,,,,,,0.00,,0,,,,,,,,,,0.4108,2025-08-18T13:48:00+00:00,257,1048
trade,2025-08-18,NVDA,Long,2025-08-18T13:31:00+00:00,2025-08-18T14:41:00+00:00,181.3744,181.7904,1.65,0.69,0.002294,4200000,ScoreExit,0.5824,-0.0544,0.5396,0.5435,0.6745,-0.5666,-0.3021,0.6119,,,
summary,2025-08-18,NVDA,,,,,,,0.69,,1,,,,,,,,,,0.6000,2025-08-18T13:35:00+00:00,891,1338
summary,2025-08-18,MSFT,,,,,,,0.00,,0,,,,,,,,,,0.7183,2025-08-15T14:14:00+00:00,250,981
summary,2025-08-19,SPY,,,,,,,0.00,,0,,,,,,,,,,0.3494,2025-08-18T10:42:00+00:00,486,1412
summary,2025-08-19,QQQ,,,,,,,0.00,,0,,,,,,,,,,0.3635,2025-08-18T10:44:00+00:00,368,1428
trade,2025-08-19,AAPL,Long,2025-08-19T14:01:00+00:00,2025-08-19T14:37:00+00:00,232.1864,231.6955,1.29,-0.63,-0.002115,2160000,ScoreExit,0.4179,-0.0778,0.2029,0.5024,0.3207,-0.3750,-0.1954,0.2567,,,
summary,2025-08-19,AAPL,,,,,,,-0.63,,1,,,,,,,,,,0.4864,2025-08-18T14:04:00+00:00,369,1179
summary,2025-08-19,NVDA,,,,,,,0.00,,0,,,,,,,,,,0.6975,2025-08-18T13:35:00+00:00,686,1658
summary,2025-08-19,MSFT,,,,,,,0.00,,0,,,,,,,,,,0.4941,2025-08-18T10:45:00+00:00,146,1034
summary,2025-08-20,SPY,,,,,,,0.00,,0,,,,,,,,,,0.3494,2025-08-18T10:42:00+00:00,776,2251
summary,2025-08-20,QQQ,,,,,,,0.00,,0,,,,,,,,,,0.3635,2025-08-18T10:44:00+00:00,425,2355
summary,2025-08-20,AAPL,,,,,,,0.00,,0,,,,,,,,,,0.4864,2025-08-18T14:04:00+00:00,372,1884
summary,2025-08-20,NVDA,,,,,,,0.00,,0,,,,,,,,,,0.6975,2025-08-18T13:35:00+00:00,986,2613
summary,2025-08-20,MSFT,,,,,,,0.00,,0,,,,,,,,,,0.4941,2025-08-18T10:45:00+00:00,146,1603
summary,2025-08-21,SPY,,,,,,,0.00,,0,,,,,,,,,,0.3459,2025-08-20T19:24:00+00:00,779,2814
summary,2025-08-21,QQQ,,,,,,,0.00,,0,,,,,,,,,,0.3750,2025-08-18T22:10:00+00:00,378,2989
summary,2025-08-21,AAPL,,,,,,,0.00,,0,,,,,,,,,,0.6915,2025-08-18T14:07:00+00:00,340,2438
summary,2025-08-21,NVDA,,,,,,,0.00,,0,,,,,,,,,,0.9280,2025-08-18T13:34:00+00:00,1098,3246
summary,2025-08-21,MSFT,,,,,,,0.00,,0,,,,,,,,,,0.3472,2025-08-18T19:57:00+00:00,99,2079
trade,2025-08-22,SPY,Long,2025-08-22T14:01:00+00:00,2025-08-22T15:52:00+00:00,642.8778,645.4813,0.47,1.22,0.004050,6660000,ScoreExit,0.4976,-0.0569,0.6499,0.5222,0.3978,-0.5428,-0.1800,0.3513,,,
summary,2025-08-22,SPY,,,,,,,1.22,,1,,,,,,,,,,0.5754,2025-08-22T14:10:00+00:00,654,2847
trade,2025-08-22,QQQ,Long,2025-08-22T14:01:00+00:00,2025-08-22T15:47:00+00:00,569.5358,572.9930,0.53,1.82,0.006070,6360000,ScoreExit,0.5387,-0.0613,0.6474,0.5802,0.4193,-0.2063,-0.2477,0.3598,,,
summary,2025-08-22,QQQ,,,,,,,1.82,,1,,,,,,,,,,0.6443,2025-08-22T14:10:00+00:00,459,3085
summary,2025-08-22,AAPL,,,,,,,0.00,,0,,,,,,,,,,0.8900,2025-08-19T14:05:00+00:00,274,2447
trade,2025-08-22,NVDA,Long,2025-08-22T14:01:00+00:00,2025-08-22T15:56:00+00:00,175.7777,177.9766,1.71,3.75,0.012509,6900000,SessionClose,0.6665,0.0935,0.6043,0.6632,0.6938,0.0380,-0.1570,0.6129,,,
summary,2025-08-22,NVDA,,,,,,,3.75,,1,,,,,,,,,,0.7337,2025-08-22T14:09:00+00:00,1217,3259
trade,2025-08-22,MSFT,Long,2025-08-22T14:41:00+00:00,2025-08-22T15:21:00+00:00,508.8676,508.9123,0.59,0.03,0.000088,2400000,ScoreExit,0.4391,-0.0793,0.3522,0.5285,0.2892,-0.5721,-0.1380,0.2024,,,
summary,2025-08-22,MSFT,,,,,,,0.03,,1,,,,,,,,,,0.6143,2025-08-19T13:41:00+00:00,382,2055
summary,2025-08-25,SPY,,,,,,,0.00,,0,,,,,,,,,,0.9574,2025-08-22T14:46:00+00:00,607,1216
summary,2025-08-25,QQQ,,,,,,,0.00,,0,,,,,,,,,,0.9567,2025-08-22T15:03:00+00:00,645,1233
summary,2025-08-25,AAPL,,,,,,,0.00,,0,,,,,,,,,,0.9507,2025-08-22T14:49:00+00:00,539,1045
summary,2025-08-25,NVDA,,,,,,,0.00,,0,,,,,,,,,,1.0000,2025-08-22T13:36:00+00:00,1210,1345
summary,2025-08-25,MSFT,,,,,,,0.00,,0,,,,,,,,,,0.9585,2025-08-22T14:47:00+00:00,304,981
summary,2025-08-26,SPY,,,,,,,0.00,,0,,,,,,,,,,0.3316,2025-08-26T19:22:00+00:00,582,1424
summary,2025-08-26,QQQ,,,,,,,0.00,,0,,,,,,,,,,0.4409,2025-08-25T15:22:00+00:00,600,1508
summary,2025-08-26,AAPL,,,,,,,0.00,,0,,,,,,,,,,0.6305,2025-08-25T13:48:00+00:00,470,1120
summary,2025-08-26,NVDA,,,,,,,0.00,,0,,,,,,,,,,0.6561,2025-08-25T14:04:00+00:00,1141,1670
summary,2025-08-26,MSFT,,,,,,,0.00,,0,,,,,,,,,,0.4196,2025-08-25T14:49:00+00:00,142,1016
summary,2025-08-27,SPY,,,,,,,0.00,,0,,,,,,,,,,0.3316,2025-08-26T19:22:00+00:00,1091,2166
summary,2025-08-27,QQQ,,,,,,,0.00,,0,,,,,,,,,,0.4409,2025-08-25T15:22:00+00:00,1140,2353
summary,2025-08-27,AAPL,,,,,,,0.00,,0,,,,,,,,,,0.6305,2025-08-25T13:48:00+00:00,986,1816
trade,2025-08-27,NVDA,Long,2025-08-27T14:51:00+00:00,2025-08-27T15:56:00+00:00,181.9646,181.9054,1.65,-0.10,-0.000325,3900000,SessionClose,0.4584,0.1071,0.5434,0.5041,0.3388,-0.0543,0.0259,0.3235,,,
summary,2025-08-27,NVDA,,,,,,,-0.10,,1,,,,,,,,,,0.6561,2025-08-25T14:04:00+00:00,1855,2630
trade,2025-08-27,MSFT,Long,2025-08-27T14:31:00+00:00,2025-08-27T15:32:00+00:00,504.1262,504.0137,0.60,-0.07,-0.000223,3660000,ScoreExit,0.3991,-0.0848,0.3850,0.5416,0.1189,-0.4688,-0.1370,0.1474,,,
summary,2025-08-27,MSFT,,,,,,,-0.07,,1,,,,,,,,,,0.4349,2025-08-27T14:33:00+00:00,556,1584
summary,2025-08-28,SPY,,,,,,,0.00,,0,,,,,,,,,,0.5706,2025-08-25T15:04:00+00:00,1431,2736
summary,2025-08-28,QQQ,,,,,,,0.00,,0,,,,,,,,,,0.8189,2025-08-25T15:04:00+00:00,1672,2958
summary,2025-08-28,AAPL,,,,,,,0.00,,0,,,,,,,,,,0.9077,2025-08-25T14:49:00+00:00,1477,2393
summary,2025-08-28,NVDA,,,,,,,0.00,,0,,,,,,,,,,0.9569,2025-08-25T15:02:00+00:00,2358,3264
summary,2025-08-28,MSFT,,,,,,,0.00,,0,,,,,,,,,,0.7931,2025-08-25T14:49:00+00:00,978,2099
summary,2025-08-29,SPY,,,,,,,0.00,,0,,,,,,,,,,0.4428,2025-08-26T20:12:00+00:00,1626,2787
summary,2025-08-29,QQQ,,,,,,,0.00,,0,,,,,,,,,,0.6096,2025-08-26T14:44:00+00:00,1788,3009
summary,2025-08-29,AAPL,,,,,,,0.00,,0,,,,,,,,,,0.9454,2025-08-26T14:44:00+00:00,1922,2461
summary,2025-08-29,NVDA,,,,,,,0.00,,0,,,,,,,,,,0.9562,2025-08-26T14:44:00+00:00,1772,3270
summary,2025-08-29,MSFT,,,,,,,0.00,,0,,,,,,,,,,0.6013,2025-08-26T13:37:00+00:00,1295,2073
summary,2025-09-01,SPY,,,,,,,0.00,,0,,,,,,,,,,0.2788,2025-08-29T21:44:00+00:00,141,572
summary,2025-09-01,QQQ,,,,,,,0.00,,0,,,,,,,,,,0.1366,2025-08-29T19:47:00+00:00,2,564
summary,2025-09-01,AAPL,,,,,,,0.00,,0,,,,,,,,,,0.5828,2025-08-29T14:39:00+00:00,158,507
summary,2025-09-01,NVDA,,,,,,,0.00,,0,,,,,,,,,,0.2426,2025-08-29T15:24:00+00:00,7,630
summary,2025-09-01,MSFT,,,,,,,0.00,,0,,,,,,,,,,0.4596,2025-08-29T15:27:00+00:00,264,463
summary,2025-09-02,SPY,,,,,,,0.00,,0,,,,,,,,,,0.5104,2025-09-02T09:36:00+00:00,224,661
trade,2025-09-02,QQQ,Long,2025-09-02T13:51:00+00:00,2025-09-02T14:41:00+00:00,564.4943,563.9358,0.53,-0.30,-0.000989,3000000,ScoreExit,0.6041,-0.0671,0.5821,0.5259,0.7677,-0.4964,-0.1725,0.2866,,,
summary,2025-09-02,QQQ,,,,,,,-0.30,,1,,,,,,,,,,0.6476,2025-09-02T13:54:00+00:00,247,716
summary,2025-09-02,AAPL,,,,,,,0.00,,0,,,,,,,,,,0.5595,2025-09-02T13:52:00+00:00,161,562
trade,2025-09-02,NVDA,Long,2025-09-02T13:46:00+00:00,2025-09-02T14:06:00+00:00,171.0463,170.5338,1.75,-0.90,-0.002996,1200000,ScoreExit,0.6754,-0.1443,0.5834,0.5284,1.0000,-0.5667,-0.1686,0.0449,,,
summary,2025-09-02,NVDA,,,,,,,-0.90,,1,,,,,,,,,,0.7197,2025-09-02T13:50:00+00:00,158,720
summary,2025-09-02,MSFT,,,,,,,0.00,,0,,,,,,,,,,0.6407,2025-09-02T14:29:00+00:00,208,492
summary,2025-09-03,SPY,,,,,,,0.00,,0,,,,,,,,,,0.5104,2025-09-02T09:36:00+00:00,878,1572
summary,2025-09-03,QQQ,,,,,,,0.00,,0,,,,,,,,,,0.6476,2025-09-02T13:54:00+00:00,930,1629
summary,2025-09-03,AAPL,,,,,,,0.00,,0,,,,,,,,,,0.9229,2025-09-02T20:27:00+00:00,908,1474
summary,2025-09-03,NVDA,,,,,,,0.00,,0,,,,,,,,,,0.7197,2025-09-02T13:50:00+00:00,843,1680
summary,2025-09-03,MSFT,,,,,,,0.00,,0,,,,,,,,,,0.6407,2025-09-02T14:29:00+00:00,554,1082
summary,2025-09-04,SPY,,,,,,,0.00,,0,,,,,,,,,,0.5104,2025-09-02T09:36:00+00:00,1451,2348
summary,2025-09-04,QQQ,,,,,,,0.00,,0,,,,,,,,,,0.6476,2025-09-02T13:54:00+00:00,1555,2489
summary,2025-09-04,AAPL,,,,,,,0.00,,0,,,,,,,,,,0.9229,2025-09-02T20:27:00+00:00,1510,2251
summary,2025-09-04,NVDA,,,,,,,0.00,,0,,,,,,,,,,0.7197,2025-09-02T13:50:00+00:00,1400,2627
summary,2025-09-04,MSFT,,,,,,,0.00,,0,,,,,,,,,,0.6407,2025-09-02T14:29:00+00:00,855,1634
summary,2025-09-05,SPY,,,,,,,0.00,,0,,,,,,,,,,0.6949,2025-09-02T14:00:00+00:00,2148,2921
summary,2025-09-05,QQQ,,,,,,,0.00,,0,,,,,,,,,,0.8940,2025-09-02T13:54:00+00:00,2320,3075
summary,2025-09-05,AAPL,,,,,,,0.00,,0,,,,,,,,,,0.9229,2025-09-02T20:27:00+00:00,2117,2801
summary,2025-09-05,NVDA,,,,,,,0.00,,0,,,,,,,,,,1.0000,2025-09-02T13:38:00+00:00,1717,3254
summary,2025-09-05,MSFT,,,,,,,0.00,,0,,,,,,,,,,1.0000,2025-09-02T13:34:00+00:00,1033,2098
summary,2025-09-08,SPY,,,,,,,0.00,,0,,,,,,,,,,0.3857,2025-09-08T08:12:00+00:00,430,1202
summary,2025-09-08,QQQ,,,,,,,0.00,,0,,,,,,,,,,0.4386,2025-09-08T08:18:00+00:00,512,1230
summary,2025-09-08,AAPL,,,,,,,0.00,,0,,,,,,,,,,0.8336,2025-09-05T14:11:00+00:00,229,1038
trade,2025-09-08,NVDA,Long,2025-09-08T13:31:00+00:00,2025-09-08T15:32:00+00:00,168.2054,169.9840,1.78,3.17,0.010574,7260000,MaxHoldTimeout,0.5825,0.3481,0.5035,0.5258,0.7223,0.5106,0.1515,0.6872,,,
summary,2025-09-08,NVDA,,,,,,,3.17,,1,,,,,,,,,,1.0000,2025-09-05T13:41:00+00:00,942,1348
summary,2025-09-08,MSFT,,,,,,,0.00,,0,,,,,,,,,,0.5784,2025-09-08T08:28:00+00:00,365,1045
summary,2025-09-09,SPY,,,,,,,0.00,,0,,,,,,,,,,0.3471,2025-09-08T14:54:00+00:00,746,1361
summary,2025-09-09,QQQ,,,,,,,0.00,,0,,,,,,,,,,0.4141,2025-09-08T13:54:00+00:00,830,1514
summary,2025-09-09,AAPL,,,,,,,0.00,,0,,,,,,,,,,0.4013,2025-09-09T17:13:00+00:00,252,1257
summary,2025-09-09,NVDA,,,,,,,0.00,,0,,,,,,,,,,0.7603,2025-09-08T13:52:00+00:00,782,1675
summary,2025-09-09,MSFT,,,,,,,0.00,,0,,,,,,,,,,0.7791,2025-09-08T09:51:00+00:00,526,1109
summary,2025-09-10,SPY,,,,,,,0.00,,0,,,,,,,,,,0.3471,2025-09-08T14:54:00+00:00,1278,2210
summary,2025-09-10,QQQ,,,,,,,0.00,,0,,,,,,,,,,0.4141,2025-09-08T13:54:00+00:00,1402,2418
summary,2025-09-10,AAPL,,,,,,,0.00,,0,,,,,,,,,,0.4013,2025-09-09T17:13:00+00:00,252,2107
trade,2025-09-10,NVDA,Long,2025-09-10T13:41:00+00:00,2025-09-10T15:41:00+00:00,177.8733,178.0666,1.69,0.33,0.001086,7200000,ScoreExit,0.5575,-0.0612,0.5673,0.5320,0.6054,-0.5566,-0.3004,0.5823,,,
summary,2025-09-10,NVDA,,,,,,,0.33,,1,,,,,,,,,,0.7603,2025-09-08T13:52:00+00:00,1614,2635
summary,2025-09-10,MSFT,,,,,,,0.00,,0,,,,,,,,,,0.7791,2025-09-08T09:51:00+00:00,955,1833
summary,2025-09-11,SPY,,,,,,,0.00,,0,,,,,,,,,,0.7410,2025-09-08T14:54:00+00:00,1844,2791
summary,2025-09-11,QQQ,,,,,,,0.00,,0,,,,,,,,,,0.6964,2025-09-08T14:42:00+00:00,1746,2988
summary,2025-09-11,AAPL,,,,,,,0.00,,0,,,,,,,,,,0.4730,2025-09-08T13:36:00+00:00,141,2810
summary,2025-09-11,NVDA,,,,,,,0.00,,0,,,,,,,,,,1.0000,2025-09-08T13:34:00+00:00,2038,3256
summary,2025-09-11,MSFT,,,,,,,0.00,,0,,,,,,,,,,0.7864,2025-09-08T14:42:00+00:00,1247,2241
summary,2025-09-12,SPY,,,,,,,0.00,,0,,,,,,,,,,0.4468,2025-09-09T20:43:00+00:00,2030,2841
summary,2025-09-12,QQQ,,,,,,,0.00,,0,,,,,,,,,,0.4677,2025-09-09T20:43:00+00:00,2076,3005
trade,2025-09-12,AAPL,Long,2025-09-12T14:06:00+00:00,2025-09-12T15:56:00+00:00,231.8845,234.1247,1.29,2.90,0.009661,6600000,SessionClose,0.5740,0.0368,0.5793,0.6060,0.5082,-0.1134,-0.1494,0.4591,,,
summary,2025-09-12,AAPL,,,,,,,2.90,,1,,,,,,,,,,0.6488,2025-09-09T17:12:00+00:00,511,2837
summary,2025-09-12,NVDA,,,,,,,0.00,,0,,,,,,,,,,0.7943,2025-09-09T20:29:00+00:00,2426,3253
summary,2025-09-12,MSFT,,,,,,,0.00,,0,,,,,,,,,,0.7559,2025-09-11T21:51:00+00:00,1388,2399
summary,2025-09-15,SPY,,,,,,,0.00,,0,,,,,,,,,,0.6711,2025-09-12T14:55:00+00:00,709,1159
summary,2025-09-15,QQQ,,,,,,,0.00,,0,,,,,,,,,,0.7967,2025-09-12T14:54:00+00:00,952,1203
summary,2025-09-15,AAPL,,,,,,,0.00,,0,,,,,,,,,,0.9538,2025-09-12T15:00:00+00:00,997,1206
summary,2025-09-15,NVDA,,,,,,,0.00,,0,,,,,,,,,,0.9265,2025-09-12T14:54:00+00:00,562,1337
summary,2025-09-15,MSFT,,,,,,,0.00,,0,,,,,,,,,,0.9408,2025-09-12T14:57:00+00:00,715,1029
summary,2025-09-16,SPY,,,,,,,0.00,,0,,,,,,,,,,0.3760,2025-09-15T10:33:00+00:00,827,1401
summary,2025-09-16,QQQ,,,,,,,0.00,,0,,,,,,,,,,0.4310,2025-09-15T13:59:00+00:00,1022,1495
trade,2025-09-16,AAPL,Long,2025-09-16T13:51:00+00:00,2025-09-16T14:49:00+00:00,239.3468,238.8133,1.25,-0.67,-0.002229,3480000,ScoreExit,0.6022,-0.0504,0.5883,0.5574,0.6965,-0.5348,-0.2574,0.5250,,,
summary,2025-09-16,AAPL,,,,,,,-0.67,,1,,,,,,,,,,0.9017,2025-09-15T08:42:00+00:00,892,1357
summary,2025-09-16,NVDA,,,,,,,0.00,,0,,,,,,,,,,0.6861,2025-09-15T15:54:00+00:00,1016,1673
summary,2025-09-16,MSFT,,,,,,,0.00,,0,,,,,,,,,,0.6560,2025-09-15T14:04:00+00:00,640,1165
summary,2025-09-17,SPY,,,,,,,0.00,,0,,,,,,,,,,0.3760,2025-09-15T10:33:00+00:00,1170,2161
summary,2025-09-17,QQQ,,,,,,,0.00,,0,,,,,,,,,,0.4310,2025-09-15T13:59:00+00:00,1326,2310
summary,2025-09-17,AAPL,,,,,,,0.00,,0,,,,,,,,,,0.9017,2025-09-15T08:42:00+00:00,1384,2060
summary,2025-09-17,NVDA,,,,,,,0.00,,0,,,,,,,,,,0.6861,2025-09-15T15:54:00+00:00,1016,2630
summary,2025-09-17,MSFT,,,,,,,0.00,,0,,,,,,,,,,0.6560,2025-09-15T14:04:00+00:00,678,1746
summary,2025-09-18,SPY,,,,,,,0.00,,0,,,,,,,,,,0.6935,2025-09-15T14:55:00+00:00,1464,2814
summary,2025-09-18,QQQ,,,,,,,0.00,,0,,,,,,,,,,0.6197,2025-09-15T15:03:00+00:00,1786,2930
summary,2025-09-18,AAPL,,,,,,,0.00,,0,,,,,,,,,,0.7805,2025-09-15T14:59:00+00:00,1459,2584
trade,2025-09-18,NVDA,Long,2025-09-18T14:26:00+00:00,2025-09-18T15:56:00+00:00,175.4526,175.7623,1.71,0.53,0.001765,5400000,SessionClose,0.4805,0.1965,0.5408,0.5054,0.4105,0.4179,0.0268,0.4623,,,
summary,2025-09-18,NVDA,,,,,,,0.53,,1,,,,,,,,,,0.7757,2025-09-15T15:54:00+00:00,1437,3260
summary,2025-09-18,MSFT,,,,,,,0.00,,0,,,,,,,,,,0.9461,2025-09-15T15:04:00+00:00,801,2197
summary,2025-09-19,SPY,,,,,,,0.00,,0,,,,,,,,,,0.4289,2025-09-18T08:01:00+00:00,1494,2887
summary,2025-09-19,QQQ,,,,,,,0.00,,0,,,,,,,,,,0.4573,2025-09-18T08:11:00+00:00,1542,2972
summary,2025-09-19,AAPL,,,,,,,0.00,,0,,,,,,,,,,0.9414,2025-09-16T13:46:00+00:00,1242,2630
trade,2025-09-19,NVDA,Long,2025-09-19T14:11:00+00:00,2025-09-19T14:59:00+00:00,177.4432,177.0524,1.69,-0.66,-0.002203,2880000,ScoreExit,0.4402,-0.0507,0.3340,0.5110,0.3338,-0.4922,-0.1693,0.3338,,,
summary,2025-09-19,NVDA,,,,,,,-0.66,,1,,,,,,,,,,0.5842,2025-09-16T13:41:00+00:00,1367,3256
trade,2025-09-19,MSFT,Long,2025-09-19T13:46:00+00:00,2025-09-19T15:06:00+00:00,512.6587,512.8061,0.59,0.09,0.000287,4800000,ScoreExit,0.4268,-0.1294,0.2615,0.5361,0.2634,-0.5061,-0.2380,0.2135,,,
summary,2025-09-19,MSFT,,,,,,,0.09,,1,,,,,,,,,,0.5825,2025-09-19T19:55:00+00:00,654,2131
summary,2025-09-22,SPY,,,,,,,0.00,,0,,,,,,,,,,0.4269,2025-09-19T19:54:00+00:00,714,1214
summary,2025-09-22,QQQ,,,,,,,0.00,,0,,,,,,,,,,0.4639,2025-09-19T19:54:00+00:00,774,1250
trade,2025-09-22,AAPL,Long,2025-09-22T13:41:00+00:00,2025-09-22T15:42:00+00:00,250.2526,254.9485,1.20,5.63,0.018765,7260000,MaxHoldTimeout,0.5370,0.2136,0.0068,0.5305,0.7268,-0.5198,0.0666,0.7519,,,
summary,2025-09-22,AAPL,,,,,,,5.63,,1,,,,,,,,,,0.9576,2025-09-19T14:52:00+00:00,1120,1241
summary,2025-09-22,NVDA,,,,,,,0.00,,0,,,,,,,,,,0.8922,2025-09-19T14:06:00+00:00,364,1338
summary,2025-09-22,MSFT,,,,,,,0.00,,0,,,,,,,,,,0.8984,2025-09-19T13:52:00+00:00,621,1072
summary,2025-09-23,SPY,,,,,,,0.00,,0,,,,,,,,,,0.4394,2025-09-22T16:39:00+00:00,793,1409
summary,2025-09-23,QQQ,,,,,,,0.00,,0,,,,,,,,,,0.4777,2025-09-22T16:34:00+00:00,879,1566
summary,2025-09-23,AAPL,,,,,,,0.00,,0,,,,,,,,,,0.7702,2025-09-22T08:48:00+00:00,1213,1484
summary,2025-09-23,NVDA,,,,,,,0.00,,0,,,,,,,,,,0.8942,2025-09-22T16:34:00+00:00,941,1674
summary,2025-09-23,MSFT,,,,,,,0.00,,0,,,,,,,,,,0.4149,2025-09-22T14:42:00+00:00,301,1121
summary,2025-09-24,SPY,,,,,,,0.00,,0,,,,,,,,,,0.4394,2025-09-22T16:39:00+00:00,1009,2187
summary,2025-09-24,QQQ,,,,,,,0.00,,0,,,,,,,,,,0.4777,2025-09-22T16:34:00+00:00,1092,2450
summary,2025-09-24,AAPL,,,,,,,0.00,,0,,,,,,,,,,0.7702,2025-09-22T08:48:00+00:00,1405,2181
summary,2025-09-24,NVDA,,,,,,,0.00,,0,,,,,,,,,,0.8942,2025-09-22T16:34:00+00:00,1035,2633
summary,2025-09-24,MSFT,,,,,,,0.00,,0,,,,,,,,,,0.4149,2025-09-22T14:42:00+00:00,301,1646
summary,2025-09-25,SPY,,,,,,,0.00,,0,,,,,,,,,,0.8106,2025-09-22T15:01:00+00:00,872,2712
summary,2025-09-25,QQQ,,,,,,,0.00,,0,,,,,,,,,,0.7956,2025-09-22T14:51:00+00:00,1009,3002
summary,2025-09-25,AAPL,,,,,,,0.00,,0,,,,,,,,,,0.9573,2025-09-22T14:51:00+00:00,1435,2639
trade,2025-09-25,NVDA,Long,2025-09-25T14:19:00+00:00,2025-09-25T15:56:00+00:00,177.0664,179.7910,1.69,4.62,0.015388,5820000,SessionClose,0.4581,0.4935,0.4757,0.6330,0.1025,0.5226,0.4712,0.5284,,,
summary,2025-09-25,NVDA,,,,,,,4.62,,1,,,,,,,,,,0.9306,2025-09-22T16:11:00+00:00,1082,3261
summary,2025-09-25,MSFT,,,,,,,0.00,,0,,,,,,,,,,0.8074,2025-09-22T14:42:00+00:00,309,2059
summary,2025-09-26,SPY,,,,,,,0.00,,0,,,,,,,,,,0.3353,2025-09-26T16:58:00+00:00,508,2757
summary,2025-09-26,QQQ,,,,,,,0.00,,0,,,,,,,,,,0.3481,2025-09-26T12:38:00+00:00,574,3029
summary,2025-09-26,AAPL,,,,,,,0.00,,0,,,,,,,,,,0.5569,2025-09-23T14:28:00+00:00,873,2591
summary,2025-09-26,NVDA,,,,,,,0.00,,0,,,,,,,,,,0.5729,2025-09-24T08:04:00+00:00,691,3254
summary,2025-09-26,MSFT,,,,,,,0.00,,0,,,,,,,,,,0.4181,2025-09-26T13:42:00+00:00,643,2044
summary,2025-09-29,SPY,,,,,,,0.00,,0,,,,,,,,,,0.4430,2025-09-29T08:06:00+00:00,798,1207
summary,2025-09-29,QQQ,,,,,,,0.00,,0,,,,,,,,,,0.4905,2025-09-29T08:05:00+00:00,891,1217
summary,2025-09-29,AAPL,,,,,,,0.00,,0,,,,,,,,,,0.9110,2025-09-26T13:46:00+00:00,413,1127
trade,2025-09-29,NVDA,Long,2025-09-29T13:31:00+00:00,2025-09-29T15:26:00+00:00,181.5394,182.4254,1.65,1.46,0.004880,6900000,ScoreExit,0.6161,-0.0878,0.5500,0.5359,0.7985,-0.4905,-0.3719,0.6146,,,
summary,2025-09-29,NVDA,,,,,,,1.46,,1,,,,,,,,,,0.8722,2025-09-26T13:32:00+00:00,1056,1340
trade,2025-09-29,MSFT,Long,2025-09-29T14:06:00+00:00,2025-09-29T14:57:00+00:00,515.8997,514.3706,0.58,-0.89,-0.002964,3060000,ScoreExit,0.4962,-0.0671,0.4269,0.5004,0.5110,-0.5084,-0.2826,0.5110,,,
summary,2025-09-29,MSFT,,,,,,,-0.89,,1,,,,,,,,,,0.8436,2025-09-26T13:38:00+00:00,528,975
summary,2025-09-30,SPY,,,,,,,0.00,,0,,,,,,,,,,0.6011,2025-09-29T09:27:00+00:00,638,1473
summary,2025-09-30,QQQ,,,,,,,0.00,,0,,,,,,,,,,0.6093,2025-09-29T09:28:00+00:00,578,1569
summary,2025-09-30,AAPL,,,,,,,0.00,,0,,,,,,,,,,0.6308,2025-09-29T09:43:00+00:00,616,1223
trade,2025-09-30,NVDA,Long,2025-09-30T14:01:00+00:00,2025-09-30T15:56:00+00:00,183.6901,186.3891,1.63,4.41,0.014693,6900000,SessionClose,0.6188,0.3179,0.5062,0.5145,0.8652,0.4761,0.0492,0.8026,,,
summary,2025-09-30,NVDA,,,,,,,4.41,,1,,,,,,,,,,0.7620,2025-09-29T13:44:00+00:00,874,1665
trade,2025-09-30,MSFT,Long,2025-09-30T14:56:00+00:00,2025-09-30T15:26:00+00:00,516.5599,515.3394,0.58,-0.71,-0.002363,1800000,ScoreExit,0.5301,-0.0526,0.5362,0.5720,0.4445,-0.5339,-0.1603,0.3232,,,
summary,2025-09-30,MSFT,,,,,,,-0.71,,1,,,,,,,,,,0.6568,2025-09-29T14:07:00+00:00,599,985
summary,2025-10-01,SPY,,,,,,,0.00,,0,,,,,,,,,,0.6011,2025-09-29T09:27:00+00:00,1136,2349
summary,2025-10-01,QQQ,,,,,,,0.00,,0,,,,,,,,,,0.6093,2025-09-29T09:28:00+00:00,1054,2480
trade,2025-10-01,AAPL,Long,2025-10-01T13:36:00+00:00,2025-10-01T13:50:00+00:00,257.5122,255.3484,1.17,-2.52,-0.008403,840000,ScoreExit,0.4701,-0.0546,0.6385,0.5062,0.3419,-0.6644,-0.1340,0.3075,,,
summary,2025-10-01,AAPL,,,,,,,-2.52,,1,,,,,,,,,,0.6308,2025-09-29T09:43:00+00:00,944,1900
trade,2025-10-01,NVDA,Long,2025-10-01T14:31:00+00:00,2025-10-01T15:27:00+00:00,186.6060,186.6390,1.61,0.05,0.000177,3360000,ScoreExit,0.5025,-0.0573,0.5193,0.5463,0.4095,-0.4919,-0.2115,0.3959,,,
summary,2025-10-01,NVDA,,,,,,,0.05,,1,,,,,,,,,,0.7620,2025-09-29T13:44:00+00:00,1504,2624
summary,2025-10-01,MSFT,,,,,,,0.00,,0,,,,,,,,,,0.6568,2025-09-29T14:07:00+00:00,837,1610
summary,2025-10-02,SPY,,,,,,,0.00,,0,,,,,,,,,,0.3883,2025-09-29T14:43:00+00:00,1384,2889
summary,2025-10-02,QQQ,,,,,,,0.00,,0,,,,,,,,,,0.4810,2025-09-29T13:49:00+00:00,1397,3051
summary,2025-10-02,AAPL,,,,,,,0.00,,0,,,,,,,,,,0.4788,2025-09-29T18:28:00+00:00,1372,2433
summary,2025-10-02,NVDA,,,,,,,0.00,,0,,,,,,,,,,1.0000,2025-09-29T13:36:00+00:00,1995,3254
summary,2025-10-02,MSFT,,,,,,,0.00,,0,,,,,,,,,,0.9163,2025-09-29T13:45:00+00:00,1094,2093
summary,2025-10-03,SPY,,,,,,,0.00,,0,,,,,,,,,,0.5177,2025-09-30T19:53:00+00:00,1733,2870
summary,2025-10-03,QQQ,,,,,,,0.00,,0,,,,,,,,,,0.8157,2025-09-30T15:01:00+00:00,2011,3045
trade,2025-10-03,AAPL,Long,2025-10-03T13:36:00+00:00,2025-10-03T15:37:00+00:00,257.2872,258.6374,1.17,1.57,0.005248,7260000,MaxHoldTimeout,0.5402,0.3268,0.6288,0.6097,0.3715,0.4312,0.2948,0.3561,,,
summary,2025-10-03,AAPL,,,,,,,1.57,,1,,,,,,,,,,0.6695,2025-09-30T14:02:00+00:00,1346,2488
summary,2025-10-03,NVDA,,,,,,,0.00,,0,,,,,,,,,,0.9585,2025-09-30T14:51:00+00:00,2308,3253
summary,2025-10-03,MSFT,,,,,,,0.00,,0,,,,,,,,,,0.9606,2025-09-30T14:46:00+00:00,1166,2138
summary,2025-10-06,SPY,,,,,,,0.00,,0,,,,,,,,,,0.7709,2025-10-03T14:41:00+00:00,612,1185
summary,2025-10-06,QQQ,,,,,,,0.00,,0,,,,,,,,,,0.4044,2025-10-06T12:06:00+00:00,689,1253
summary,2025-10-06,AAPL,,,,,,,0.00,,0,,,,,,,,,,1.0000,2025-10-03T13:34:00+00:00,587,1104
summary,2025-10-06,NVDA,,,,,,,0.00,,0,,,,,,,,,,0.6995,2025-10-03T13:39:00+00:00,261,1340
trade,2025-10-06,MSFT,Long,2025-10-06T13:46:00+00:00,2025-10-06T15:47:00+00:00,521.4814,524.2777,0.58,1.61,0.005362,7260000,MaxHoldTimeout,0.4477,0.3415,-0.3292,0.5394,0.5233,0.4090,0.2265,0.5490,,,
summary,2025-10-06,MSFT,,,,,,,1.61,,1,,,,,,,,,,0.8966,2025-10-03T14:48:00+00:00,598,955
summary,2025-10-07,SPY,,,,,,,0.00,,0,,,,,,,,,,0.6998,2025-10-06T09:37:00+00:00,753,1432
summary,2025-10-07,QQQ,,,,,,,0.00,,0,,,,,,,,,,0.7057,2025-10-06T09:31:00+00:00,793,1596
summary,2025-10-07,AAPL,,,,,,,0.00,,0,,,,,,,,,,0.5564,2025-10-06T11:13:00+00:00,601,1281
trade,2025-10-07,NVDA,Long,2025-10-07T13:56:00+00:00,2025-10-07T15:01:00+00:00,188.8116,187.5937,1.59,-1.93,-0.006450,3900000,ScoreExit,0.5680,-0.2541,0.5850,0.5160,0.6664,-0.3319,-0.4823,0.2281,,,
summary,2025-10-07,NVDA,,,,,,,-1.93,,1,,,,,,,,,,0.6672,2025-10-06T13:46:00+00:00,1008,1673
summary,2025-10-07,MSFT,,,,,,,0.00,,0,,,,,,,,,,0.7873,2025-10-06T10:54:00+00:00,571,1064
summary,2025-10-08,SPY,,,,,,,0.00,,0,,,,,,,,,,0.6998,2025-10-06T09:37:00+00:00,1280,2222
summary,2025-10-08,QQQ,,,,,,,0.00,,0,,,,,,,,,,0.7057,2025-10-06T09:31:00+00:00,1206,2471
summary,2025-10-08,AAPL,,,,,,,0.00,,0,,,,,,,,,,0.5564,2025-10-06T11:13:00+00:00,972,1892
trade,2025-10-08,NVDA,Long,2025-10-08T13:36:00+00:00,2025-10-08T14:51:00+00:00,187.7863,188.2735,1.60,0.78,0.002594,4500000,ScoreExit,0.4911,-0.0732,0.2850,0.5684,0.4053,-0.5335,-0.2265,0.3870,,,
summary,2025-10-08,NVDA,,,,,,,0.78,,1,,,,,,,,,,0.6672,2025-10-06T13:46:00+00:00,1514,2628
summary,2025-10-08,MSFT,,,,,,,0.00,,0,,,,,,,,,,0.7873,2025-10-06T10:54:00+00:00,647,1565
summary,2025-10-09,SPY,,,,,,,0.00,,0,,,,,,,,,,0.4808,2025-10-06T15:04:00+00:00,1636,2768
summary,2025-10-09,QQQ,,,,,,,0.00,,0,,,,,,,,,,0.4480,2025-10-06T15:51:00+00:00,1660,3065
summary,2025-10-09,AAPL,,,,,,,0.00,,0,,,,,,,,,,0.8971,2025-10-06T14:12:00+00:00,911,2356
trade,2025-10-09,NVDA,Long,2025-10-09T13:51:00+00:00,2025-10-09T14:40:00+00:00,194.5078,192.4173,1.54,-3.22,-0.010748,2940000,ScoreExit,0.5768,-0.0569,0.6587,0.5110,0.6810,-0.5799,-0.3351,0.6739,,,
summary,2025-10-09,NVDA,,,,,,,-3.22,,1,,,,,,,,,,1.0000,2025-10-06T13:40:00+00:00,2141,3262
summary,2025-10-09,MSFT,,,,,,,0.00,,0,,,,,,,,,,0.8966,2025-10-06T13:54:00+00:00,643,2010
summary,2025-10-10,SPY,,,,,,,0.00,,0,,,,,,,,,,0.3595,2025-10-08T14:29:00+00:00,1321,2822
summary,2025-10-10,QQQ,,,,,,,0.00,,0,,,,,,,,,,0.4422,2025-10-08T14:08:00+00:00,1601,3056
summary,2025-10-10,AAPL,,,,,,,0.00,,0,,,,,,,,,,0.4093,2025-10-08T14:08:00+00:00,633,2362
trade,2025-10-10,NVDA,Long,2025-10-10T14:26:00+00:00,2025-10-10T14:58:00+00:00,194.8284,194.6717,1.54,-0.24,-0.000805,1920000,ScoreExit,0.4132,-0.0847,0.0009,0.5031,0.3710,-0.5734,-0.2311,0.3710,,,
summary,2025-10-10,NVDA,,,,,,,-0.24,,1,,,,,,,,,,0.8976,2025-10-07T13:50:00+00:00,2038,3263
summary,2025-10-10,MSFT,,,,,,,0.00,,0,,,,,,,,,,0.5560,2025-10-07T14:44:00+00:00,482,1982
summary,2025-10-13,SPY,,,,,,,0.00,,0,,,,,,,,,,0.8161,2025-10-13T08:02:00+00:00,497,1315
summary,2025-10-13,QQQ,,,,,,,0.00,,0,,,,,,,,,,0.8838,2025-10-13T08:02:00+00:00,584,1350
summary,2025-10-13,AAPL,,,,,,,0.00,,0,,,,,,,,,,0.8349,2025-10-10T13:41:00+00:00,474,1263
summary,2025-10-13,NVDA,,,,,,,0.00,,0,,,,,,,,,,0.9473,2025-10-10T14:49:00+00:00,600,1351
summary,2025-10-13,MSFT,,,,,,,0.00,,0,,,,,,,,,,0.7738,2025-10-13T08:01:00+00:00,353,1115
trade,2025-10-14,SPY,Long,2025-10-14T14:36:00+00:00,2025-10-14T15:29:00+00:00,659.7429,659.3971,0.45,-0.16,-0.000524,3180000,ScoreExit,0.3635,-0.0587,0.2959,0.5008,0.1115,-0.5126,-0.1152,0.2056,,,
summary,2025-10-14,SPY,,,,,,,-0.16,,1,,,,,,,,,,0.4758,2025-10-13T17:03:00+00:00,709,1571
trade,2025-10-14,QQQ,Long,2025-10-14T14:36:00+00:00,2025-10-14T15:17:00+00:00,597.1141,596.5810,0.50,-0.27,-0.000893,2460000,ScoreExit,0.3531,-0.0597,0.3037,0.5272,0.0213,-0.5607,-0.0673,0.1226,,,
summary,2025-10-14,QQQ,,,,,,,-0.27,,1,,,,,,,,,,0.5125,2025-10-13T16:58:00+00:00,758,1622
summary,2025-10-14,AAPL,,,,,,,0.00,,0,,,,,,,,,,0.6099,2025-10-13T15:29:00+00:00,586,1337
summary,2025-10-14,NVDA,,,,,,,0.00,,0,,,,,,,,,,0.6568,2025-10-13T13:59:00+00:00,450,1679
summary,2025-10-14,MSFT,,,,,,,0.00,,0,,,,,,,,,,0.4794,2025-10-13T09:12:00+00:00,399,1091
summary,2025-10-15,SPY,,,,,,,0.00,,0,,,,,,,,,,0.4758,2025-10-13T17:03:00+00:00,1264,2436
summary,2025-10-15,QQQ,,,,,,,0.00,,0,,,,,,,,,,0.5125,2025-10-13T16:58:00+00:00,1261,2536
summary,2025-10-15,AAPL,,,,,,,0.00,,0,,,,,,,,,,0.6099,2025-10-13T15:29:00+00:00,1064,2027
summary,2025-10-15,NVDA,,,,,,,0.00,,0,,,,,,,,,,0.6568,2025-10-13T13:59:00+00:00,664,2639
summary,2025-10-15,MSFT,,,,,,,0.00,,0,,,,,,,,,,0.4794,2025-10-13T09:12:00+00:00,686,1645
summary,2025-10-16,SPY,,,,,,,0.00,,0,,,,,,,,,,0.5767,2025-10-13T14:00:00+00:00,1639,3012
summary,2025-10-16,QQQ,,,,,,,0.00,,0,,,,,,,,,,0.7221,2025-10-13T14:00:00+00:00,1804,3136
summary,2025-10-16,AAPL,,,,,,,0.00,,0,,,,,,,,,,0.6293,2025-10-13T16:03:00+00:00,1342,2446
summary,2025-10-16,NVDA,,,,,,,0.00,,0,,,,,,,,,,0.8947,2025-10-13T13:59:00+00:00,702,3268
summary,2025-10-16,MSFT,,,,,,,0.00,,0,,,,,,,,,,0.5469,2025-10-13T14:01:00+00:00,818,2039
summary,2025-10-17,SPY,,,,,,,0.00,,0,,,,,,,,,,0.9570,2025-10-14T15:04:00+00:00,1828,3062
summary,2025-10-17,QQQ,,,,,,,0.00,,0,,,,,,,,,,0.9585,2025-10-14T15:04:00+00:00,1860,3168
summary,2025-10-17,AAPL,,,,,,,0.00,,0,,,,,,,,,,0.9556,2025-10-14T14:49:00+00:00,1598,2488
trade,2025-10-17,NVDA,Long,2025-10-17T14:01:00+00:00,2025-10-17T14:53:00+00:00,181.4394,182.0354,1.65,0.99,0.003285,3120000,ScoreExit,0.3514,-0.0561,-0.3866,0.5293,0.2418,-0.4561,-0.1928,0.3506,,,
summary,2025-10-17,NVDA,,,,,,,0.99,,1,,,,,,,,,,0.8824,2025-10-14T14:25:00+00:00,1790,3270
summary,2025-10-17,MSFT,,,,,,,0.00,,0,,,,,,,,,,0.9354,2025-10-14T15:03:00+00:00,1144,2052
summary,2025-10-20,SPY,,,,,,,0.00,,0,,,,,,,,,,0.8680,2025-10-17T14:15:00+00:00,1002,1210
summary,2025-10-20,QQQ,,,,,,,0.00,,0,,,,,,,,,,0.9060,2025-10-17T13:56:00+00:00,1085,1282
summary,2025-10-20,AAPL,,,,,,,0.00,,0,,,,,,,,,,0.9461,2025-10-17T13:31:00+00:00,1106,1169
trade,2025-10-20,NVDA,Long,2025-10-20T14:26:00+00:00,2025-10-20T15:14:00+00:00,184.7204,183.2700,1.62,-2.36,-0.007852,2880000,ScoreExit,0.5325,-0.0733,0.6036,0.5190,0.5359,-0.5263,-0.2544,0.4397,,,
summary,2025-10-20,NVDA,,,,,,,-2.36,,1,,,,,,,,,,0.9592,2025-10-17T13:37:00+00:00,1095,1345
summary,2025-10-20,MSFT,,,,,,,0.00,,0,,,,,,,,,,0.9005,2025-10-17T14:15:00+00:00,702,924
summary,2025-10-21,SPY,,,,,,,0.00,,0,,,,,,,,,,0.4209,2025-10-20T14:49:00+00:00,980,1504
summary,2025-10-21,QQQ,,,,,,,0.00,,0,,,,,,,,,,0.5016,2025-10-20T14:54:00+00:00,1030,1624
trade,2025-10-21,AAPL,Long,2025-10-21T13:36:00+00:00,2025-10-21T14:44:00+00:00,263.7235,263.1360,1.14,-0.67,-0.002228,4080000,ScoreExit,0.5561,-0.0520,0.5737,0.5411,0.5804,-0.4548,-0.2561,0.4904,,,
summary,2025-10-21,AAPL,,,,,,,-0.67,,1,,,,,,,,,,0.7064,2025-10-20T15:01:00+00:00,1202,1466
summary,2025-10-21,NVDA,,,,,,,0.00,,0,,,,,,,,,,0.6721,2025-10-20T14:25:00+00:00,455,1665
summary,2025-10-21,MSFT,,,,,,,0.00,,0,,,,,,,,,,0.6303,2025-10-20T14:44:00+00:00,549,974
summary,2025-10-22,SPY,,,,,,,0.00,,0,,,,,,,,,,0.4209,2025-10-20T14:49:00+00:00,1188,2311
summary,2025-10-22,QQQ,,,,,,,0.00,,0,,,,,,,,,,0.5016,2025-10-20T14:54:00+00:00,1056,2547
summary,2025-10-22,AAPL,,,,,,,0.00,,0,,,,,,,,,,0.7064,2025-10-20T15:01:00+00:00,1272,2208
summary,2025-10-22,NVDA,,,,,,,0.00,,0,,,,,,,,,,0.6721,2025-10-20T14:25:00+00:00,538,2605
summary,2025-10-22,MSFT,,,,,,,0.00,,0,,,,,,,,,,0.6303,2025-10-20T14:44:00+00:00,923,1508
summary,2025-10-23,SPY,,,,,,,0.00,,0,,,,,,,,,,0.8270,2025-10-20T14:55:00+00:00,1448,2870
summary,2025-10-23,QQQ,,,,,,,0.00,,0,,,,,,,,,,0.8517,2025-10-20T14:55:00+00:00,1328,3142
summary,2025-10-23,AAPL,,,,,,,0.00,,0,,,,,,,,,,0.9593,2025-10-20T15:01:00+00:00,1107,2667
summary,2025-10-23,NVDA,,,,,,,0.00,,0,,,,,,,,,,0.9009,2025-10-20T14:23:00+00:00,730,3223
summary,2025-10-23,MSFT,,,,,,,0.00,,0,,,,,,,,,,0.9578,2025-10-20T14:45:00+00:00,1197,1939
summary,2025-10-24,SPY,,,,,,,0.00,,0,,,,,,,,,,0.7799,2025-10-21T14:59:00+00:00,1556,2852
summary,2025-10-24,QQQ,,,,,,,0.00,,0,,,,,,,,,,0.7147,2025-10-21T14:58:00+00:00,1558,3146
summary,2025-10-24,AAPL,,,,,,,0.00,,0,,,,,,,,,,1.0000,2025-10-21T13:39:00+00:00,558,2508
summary,2025-10-24,NVDA,,,,,,,0.00,,0,,,,,,,,,,0.6659,2025-10-21T15:14:00+00:00,1856,3223
summary,2025-10-24,MSFT,,,,,,,0.00,,0,,,,,,,,,,0.5108,2025-10-21T15:03:00+00:00,1326,2062
summary,2025-10-27,SPY,,,,,,,0.00,,0,,,,,,,,,,0.5233,2025-10-27T08:01:00+00:00,844,1214
summary,2025-10-27,QQQ,,,,,,,0.00,,0,,,,,,,,,,0.6019,2025-10-27T08:05:00+00:00,967,1254
summary,2025-10-27,AAPL,,,,,,,0.00,,0,,,,,,,,,,0.9579,2025-10-24T14:47:00+00:00,986,1118
summary,2025-10-27,NVDA,,,,,,,0.00,,0,,,,,,,,,,1.0000,2025-10-24T13:38:00+00:00,1114,1350
summary,2025-10-27,MSFT,,,,,,,0.00,,0,,,,,,,,,,0.6838,2025-10-24T13:45:00+00:00,763,1034
summary,2025-10-28,SPY,,,,,,,0.00,,0,,,,,,,,,,0.3771,2025-10-28T18:19:00+00:00,1027,1517
summary,2025-10-28,QQQ,,,,,,,0.00,,0,,,,,,,,,,0.6156,2025-10-27T09:34:00+00:00,1321,1645
summary,2025-10-28,AAPL,,,,,,,0.00,,0,,,,,,,,,,0.5242,2025-10-27T19:53:00+00:00,943,1397
summary,2025-10-28,NVDA,,,,,,,0.00,,0,,,,,,,,,,0.8686,2025-10-27T09:16:00+00:00,1332,1671
summary,2025-10-28,MSFT,,,,,,,0.00,,0,,,,,,,,,,0.9187,2025-10-28T13:03:00+00:00,809,1215
summary,2025-10-29,SPY,,,,,,,0.00,,0,,,,,,,,,,0.3771,2025-10-28T18:19:00+00:00,1586,2380
summary,2025-10-29,QQQ,,,,,,,0.00,,0,,,,,,,,,,0.6156,2025-10-27T09:34:00+00:00,1991,2575
summary,2025-10-29,AAPL,,,,,,,0.00,,0,,,,,,,,,,0.5242,2025-10-27T19:53:00+00:00,1442,2227
trade,2025-10-29,NVDA,Long,2025-10-29T13:31:00+00:00,2025-10-29T14:46:00+00:00,207.7373,209.7820,1.45,2.95,0.009843,4500000,ScoreExit,0.5185,-0.0860,-0.4307,0.5620,0.7480,-0.5845,-0.3764,0.6609,,,
summary,2025-10-29,NVDA,,,,,,,2.95,,1,,,,,,,,,,0.8686,2025-10-27T09:16:00+00:00,2181,2631
summary,2025-10-29,MSFT,,,,,,,0.00,,0,,,,,,,,,,0.9187,2025-10-28T13:03:00+00:00,1182,1981
summary,2025-10-30,SPY,,,,,,,0.00,,0,,,,,,,,,,0.4754,2025-10-27T14:44:00+00:00,1772,2966
summary,2025-10-30,QQQ,,,,,,,0.00,,0,,,,,,,,,,0.7500,2025-10-27T14:44:00+00:00,2176,3194
summary,2025-10-30,AAPL,,,,,,,0.00,,0,,,,,,,,,,0.7399,2025-10-27T14:06:00+00:00,1953,2840
summary,2025-10-30,NVDA,,,,,,,0.00,,0,,,,,,,,,,0.7252,2025-10-27T15:04:00+00:00,2542,3261
summary,2025-10-30,MSFT,,,,,,,0.00,,0,,,,,,,,,,0.9534,2025-10-27T14:41:00+00:00,1136,2715
summary,2025-10-31,SPY,,,,,,,0.00,,0,,,,,,,,,,0.4320,2025-10-28T18:19:00+00:00,1261,3007
summary,2025-10-31,QQQ,,,,,,,0.00,,0,,,,,,,,,,0.5019,2025-10-28T19:28:00+00:00,1666,3213
summary,2025-10-31,AAPL,,,,,,,0.00,,0,,,,,,,,,,0.8203,2025-10-30T20:50:00+00:00,1586,2971
summary,2025-10-31,NVDA,,,,,,,0.00,,0,,,,,,,,,,1.0000,2025-10-28T13:32:00+00:00,2182,3269
summary,2025-10-31,MSFT,,,,,,,0.00,,0,,,,,,,,,,0.4460,2025-10-29T08:04:00+00:00,307,2826
summary,2025-11-03,SPY,,,,,,,0.00,,0,,,,,,,,,,0.6652,2025-10-31T14:45:00+00:00,559,1235
summary,2025-11-03,QQQ,,,,,,,0.00,,0,,,,,,,,,,0.7768,2025-10-31T14:46:00+00:00,603,1259
summary,2025-11-03,AAPL,,,,,,,0.00,,0,,,,,,,,,,0.6217,2025-10-31T16:36:00+00:00,176,1144
summary,2025-11-03,NVDA,,,,,,,0.00,,0,,,,,,,,,,0.9397,2025-10-31T13:37:00+00:00,667,1346
trade,2025-11-03,MSFT,Long,2025-11-03T14:41:00+00:00,2025-11-03T15:21:00+00:00,522.3217,519.8440,0.42,-1.03,-0.004744,2400000,ScoreExit,0.4953,-0.0871,0.0936,0.5194,0.5809,-0.5015,-0.2221,0.3213,,,
summary,2025-11-03,MSFT,,,,,,,-1.03,,1,,,,,,,,,,0.5999,2025-10-31T15:04:00+00:00,389,1156
summary,2025-11-04,SPY,,,,,,,0.00,,0,,,,,,,,,,0.3646,2025-11-03T14:24:00+00:00,425,1636
summary,2025-11-04,QQQ,,,,,,,0.00,,0,,,,,,,,,,0.4762,2025-11-03T10:23:00+00:00,436,1667
trade,2025-11-04,AAPL,Long,2025-11-04T14:42:00+00:00,2025-11-04T15:48:00+00:00,268.6456,268.1545,1.12,-0.55,-0.001828,3960000,ScoreExit,0.3982,-0.0920,0.1568,0.5004,0.2743,-0.5348,-0.1780,0.2274,,,
summary,2025-11-04,AAPL,,,,,,,-0.55,,1,,,,,,,,,,0.5284,2025-11-04T16:22:00+00:00,622,1352
summary,2025-11-04,NVDA,,,,,,,0.00,,0,,,,,,,,,,0.8933,2025-11-03T09:43:00+00:00,576,1680
summary,2025-11-04,MSFT,,,,,,,0.00,,0,,,,,,,,,,0.7288,2025-11-03T10:29:00+00:00,242,1462
summary,2025-11-05,SPY,,,,,,,0.00,,0,,,,,,,,,,0.3646,2025-11-03T14:24:00+00:00,688,2570
summary,2025-11-05,QQQ,,,,,,,0.00,,0,,,,,,,,,,0.4762,2025-11-03T10:23:00+00:00,684,2626
summary,2025-11-05,AAPL,,,,,,,0.00,,0,,,,,,,,,,0.5284,2025-11-04T16:22:00+00:00,1088,2111
summary,2025-11-05,NVDA,,,,,,,0.00,,0,,,,,,,,,,0.8933,2025-11-03T09:43:00+00:00,852,2636
summary,2025-11-05,MSFT,,,,,,,0.00,,0,,,,,,,,,,0.7288,2025-11-03T10:29:00+00:00,312,2256
summary,2025-11-06,SPY,,,,,,,0.00,,0,,,,,,,,,,0.3715,2025-11-03T17:14:00+00:00,654,3179
summary,2025-11-06,QQQ,,,,,,,0.00,,0,,,,,,,,,,0.3448,2025-11-03T17:14:00+00:00,554,3250
trade,2025-11-06,AAPL,Long,2025-11-06T15:16:00+00:00,2025-11-06T15:56:00+00:00,270.2761,272.4882,1.11,2.46,0.008185,2400000,SessionClose,0.4804,0.1760,0.5585,0.5414,0.3322,-0.3132,0.1595,0.3721,,,
summary,2025-11-06,AAPL,,,,,,,2.46,,1,,,,,,,,,,0.6050,2025-11-03T20:58:00+00:00,1472,2602
summary,2025-11-06,NVDA,,,,,,,0.00,,0,,,,,,,,,,0.6974,2025-11-03T17:19:00+00:00,543,3266
summary,2025-11-06,MSFT,,,,,,,0.00,,0,,,,,,,,,,1.0000,2025-11-03T14:32:00+00:00,125,2830
summary,2025-11-07,SPY,,,,,,,0.00,,0,,,,,,,,,,0.8674,2025-11-04T15:40:00+00:00,905,3199
summary,2025-11-07,QQQ,,,,,,,0.00,,0,,,,,,,,,,0.8566,2025-11-04T15:41:00+00:00,876,3259
summary,2025-11-07,AAPL,,,,,,,0.00,,0,,,,,,,,,,0.7100,2025-11-04T14:44:00+00:00,1251,2538
summary,2025-11-07,NVDA,,,,,,,0.00,,0,,,,,,,,,,0.8942,2025-11-04T14:53:00+00:00,658,3263
summary,2025-11-07,MSFT,,,,,,,0.00,,0,,,,,,,,,,0.9553,2025-11-04T15:41:00+00:00,562,2833
summary,2025-11-10,SPY,,,,,,,0.00,,0,,,,,,,,,,0.6497,2025-11-07T19:40:00+00:00,997,1315
summary,2025-11-10,QQQ,,,,,,,0.00,,0,,,,,,,,,,0.6696,2025-11-07T19:40:00+00:00,1009,1347
trade,2025-11-10,AAPL,Long,2025-11-10T14:46:00+00:00,2025-11-10T15:36:00+00:00,272.6819,271.7335,1.10,-1.04,-0.003478,3000000,ScoreExit,0.5620,-0.0521,0.5647,0.5335,0.6181,-0.2627,-0.2916,0.4969,,,
summary,2025-11-10,AAPL,,,,,,,-1.04,,1,,,,,,,,,,0.8932,2025-11-07T15:17:00+00:00,487,1090
trade,2025-11-10,NVDA,Long,2025-11-10T15:31:00+00:00,2025-11-10T15:56:00+00:00,196.6240,194.9364,1.53,-2.58,-0.008583,1500000,ScoreExit,0.5006,-0.0774,-0.0072,0.5240,0.6230,-0.5690,-0.3457,0.6230,,,
summary,2025-11-10,NVDA,,,,,,,-2.58,,1,,,,,,,,,,1.0000,2025-11-07T14:32:00+00:00,1126,1350
trade,2025-11-10,MSFT,Long,2025-11-10T15:06:00+00:00,2025-11-10T15:51:00+00:00,504.8264,502.8041,0.59,-1.20,-0.004006,2700000,ScoreExit,0.5579,-0.0657,0.5456,0.5953,0.4873,-0.5494,-0.2617,0.4873,,,
summary,2025-11-10,MSFT,,,,,,,-1.20,,1,,,,,,,,,,0.5644,2025-11-10T15:07:00+00:00,834,1226
summary,2025-11-11,SPY,,,,,,,0.00,,0,,,,,,,,,,0.5360,2025-11-10T19:53:00+00:00,1017,1597
summary,2025-11-11,QQQ,,,,,,,0.00,,0,,,,,,,,,,0.5033,2025-11-10T19:53:00+00:00,975,1672
trade,2025-11-11,AAPL,Long,2025-11-11T14:41:00+00:00,2025-11-11T15:56:00+00:00,271.6173,272.7981,1.10,1.30,0.004348,4500000,SessionClose,0.5907,0.0078,0.5797,0.5534,0.6690,-0.5237,-0.1839,0.5684,,,
summary,2025-11-11,AAPL,,,,,,,1.30,,1,,,,,,,,,,0.7152,2025-11-10T14:51:00+00:00,554,1212
summary,2025-11-11,NVDA,,,,,,,0.00,,0,,,,,,,,,,0.8318,2025-11-10T10:18:00+00:00,856,1678
summary,2025-11-11,MSFT,,,,,,,0.00,,0,,,,,,,,,,0.7713,2025-11-10T10:19:00+00:00,909,1363
summary,2025-11-12,SPY,,,,,,,0.00,,0,,,,,,,,,,0.5360,2025-11-10T19:53:00+00:00,1587,2493
summary,2025-11-12,QQQ,,,,,,,0.00,,0,,,,,,,,,,0.5033,2025-11-10T19:53:00+00:00,1494,2598
summary,2025-11-12,AAPL,,,,,,,0.00,,0,,,,,,,,,,0.7152,2025-11-10T14:51:00+00:00,1004,1919
summary,2025-11-12,NVDA,,,,,,,0.00,,0,,,,,,,,,,0.8318,2025-11-10T10:18:00+00:00,1042,2635
summary,2025-11-12,MSFT,,,,,,,0.00,,0,,,,,,,,,,0.7713,2025-11-10T10:19:00+00:00,1306,2072
summary,2025-11-13,SPY,,,,,,,0.00,,0,,,,,,,,,,0.5553,2025-11-10T20:12:00+00:00,1636,3088
summary,2025-11-13,QQQ,,,,,,,0.00,,0,,,,,,,,,,0.5646,2025-11-11T00:04:00+00:00,1495,3214
trade,2025-11-13,AAPL,Long,2025-11-13T14:37:00+00:00,2025-11-13T15:16:00+00:00,274.5673,274.2427,1.09,-0.35,-0.001182,2340000,ScoreExit,0.4150,-0.0729,0.2743,0.5048,0.2822,-0.1827,-0.1605,0.1391,,,
summary,2025-11-13,AAPL,,,,,,,-0.35,,1,,,,,,,,,,1.0000,2025-11-10T14:35:00+00:00,1250,2388
summary,2025-11-13,NVDA,,,,,,,0.00,,0,,,,,,,,,,0.8958,2025-11-10T15:36:00+00:00,957,3258
trade,2025-11-13,MSFT,Long,2025-11-13T15:12:00+00:00,2025-11-13T15:56:00+00:00,511.6384,510.8417,0.59,-0.47,-0.001557,2640000,SessionClose,0.3783,0.0945,0.1096,0.5006,0.2233,0.3147,-0.0066,0.2233,,,
summary,2025-11-13,MSFT,,,,,,,-0.47,,1,,,,,,,,,,0.9023,2025-11-10T15:07:00+00:00,1510,2553
summary,2025-11-14,SPY,,,,,,,0.00,,0,,,,,,,,,,0.5173,2025-11-11T18:19:00+00:00,1190,3147
trade,2025-11-14,QQQ,Long,2025-11-14T15:37:00+00:00,2025-11-14T15:56:00+00:00,606.8470,608.9123,0.43,0.89,0.003403,1140000,SessionClose,0.3762,0.2701,0.4037,0.5566,0.0064,-0.3743,0.5094,0.0064,,,
summary,2025-11-14,QQQ,,,,,,,0.89,,1,,,,,,,,,,0.5182,2025-11-11T18:58:00+00:00,1319,3221
summary,2025-11-14,AAPL,,,,,,,0.00,,0,,,,,,,,,,0.9377,2025-11-11T14:44:00+00:00,1185,2538
trade,2025-11-14,NVDA,Long,2025-11-14T14:36:00+00:00,2025-11-14T15:56:00+00:00,182.8798,187.8256,1.64,8.12,0.027044,4800000,SessionClose,0.4244,0.2093,0.2547,0.5726,0.1846,-0.5464,0.3027,0.2744,,,
summary,2025-11-14,NVDA,,,,,,,8.12,,1,,,,,,,,,,0.6190,2025-11-14T14:53:00+00:00,1141,3258
trade,2025-11-14,MSFT,Long,2025-11-14T15:01:00+00:00,2025-11-14T15:56:00+00:00,502.6257,506.3930,0.48,1.82,0.007495,3300000,SessionClose,0.3751,0.1781,0.1022,0.5960,0.0242,-0.3337,0.2671,0.1707,,,
summary,2025-11-14,MSFT,,,,,,,1.82,,1,,,,,,,,,,0.6253,2025-11-11T18:58:00+00:00,1287,2644
summary,2025-11-17,SPY,,,,,,,0.00,,0,,,,,,,,,,0.9576,2025-11-14T15:47:00+00:00,770,1313
trade,2025-11-17,QQQ,Long,2025-11-17T14:46:00+00:00,2025-11-17T15:18:00+00:00,611.0783,608.4823,0.49,-1.27,-0.004248,1920000,ScoreExit,0.5224,-0.0529,0.4710,0.5609,0.4625,-0.3785,-0.0919,0.1336,,,
summary,2025-11-17,QQQ,,,,,,,-1.27,,1,,,,,,,,,,0.9591,2025-11-14T15:47:00+00:00,841,1330
summary,2025-11-17,AAPL,,,,,,,0.00,,0,,,,,,,,,,0.9553,2025-11-14T15:45:00+00:00,333,1113
summary,2025-11-17,NVDA,,,,,,,0.00,,0,,,,,,,,,,1.0000,2025-11-14T14:36:00+00:00,833,1348
summary,2025-11-17,MSFT,,,,,,,0.00,,0,,,,,,,,,,0.9569,2025-11-14T15:40:00+00:00,756,1101
summary,2025-11-18,SPY,,,,,,,0.00,,0,,,,,,,,,,0.5276,2025-11-17T14:51:00+00:00,238,1630
summary,2025-11-18,QQQ,,,,,,,0.00,,0,,,,,,,,,,0.6878,2025-11-17T14:51:00+00:00,236,1670
summary,2025-11-18,AAPL,,,,,,,0.00,,0,,,,,,,,,,0.5688,2025-11-17T14:51:00+00:00,567,1323
summary,2025-11-18,NVDA,,,,,,,0.00,,0,,,,,,,,,,0.6144,2025-11-17T14:47:00+00:00,410,1676
summary,2025-11-18,MSFT,,,,,,,0.00,,0,,,,,,,,,,0.6501,2025-11-17T14:36:00+00:00,219,1354
trade,2025-11-19,SPY,Long,2025-11-19T15:09:00+00:00,2025-11-19T15:46:00+00:00,666.3048,664.9255,0.45,-0.62,-0.002070,2220000,ScoreExit,0.3851,-0.1544,0.2754,0.5350,0.1218,-0.5332,-0.2056,0.0742,,,
summary,2025-11-19,SPY,,,,,,,-0.62,,1,,,,,,,,,,0.5276,2025-11-17T14:51:00+00:00,337,2570
trade,2025-11-19,QQQ,Long,2025-11-19T15:00:00+00:00,2025-11-19T15:46:00+00:00,604.0762,603.6339,0.50,-0.22,-0.000732,2760000,ScoreExit,0.5411,-0.0884,0.5609,0.6496,0.3176,-0.5155,-0.1629,0.2031,,,
summary,2025-11-19,QQQ,,,,,,,-0.22,,1,,,,,,,,,,0.6878,2025-11-17T14:51:00+00:00,340,2622
trade,2025-11-19,AAPL,Long,2025-11-19T14:43:00+00:00,2025-11-19T15:56:00+00:00,269.0107,270.5938,1.12,1.77,0.005885,4380000,ScoreExit,0.4880,-0.0940,0.6166,0.5366,0.3479,-0.5577,-0.2307,0.3338,,,
summary,2025-11-19,AAPL,,,,,,,1.77,,1,,,,,,,,,,0.5703,2025-11-19T14:59:00+00:00,850,1971
trade,2025-11-19,NVDA,Long,2025-11-19T14:51:00+00:00,2025-11-19T15:51:00+00:00,186.0875,186.4291,1.61,0.55,0.001835,3600000,ScoreExit,0.5774,-0.0677,0.5311,0.5525,0.6426,-0.5655,-0.2479,0.4587,,,
summary,2025-11-19,NVDA,,,,,,,0.55,,1,,,,,,,,,,0.6255,2025-11-19T14:58:00+00:00,946,2636
summary,2025-11-19,MSFT,,,,,,,0.00,,0,,,,,,,,,,0.6501,2025-11-17T14:36:00+00:00,219,2146
summary,2025-11-20,SPY,,,,,,,0.00,,0,,,,,,,,,,0.6979,2025-11-17T14:37:00+00:00,881,3200
summary,2025-11-20,QQQ,,,,,,,0.00,,0,,,,,,,,,,0.9013,2025-11-17T14:37:00+00:00,959,3252
trade,2025-11-20,AAPL,Long,2025-11-20T14:36:00+00:00,2025-11-20T15:47:00+00:00,273.2870,273.5529,1.10,0.29,0.000973,4260000,ScoreExit,0.5450,-0.0540,0.5343,0.5498,0.5391,-0.5452,-0.2055,0.4128,,,
summary,2025-11-20,AAPL,,,,,,,0.29,,1,,,,,,,,,,0.9433,2025-11-17T14:46:00+00:00,1161,2513
summary,2025-11-20,NVDA,,,,,,,0.00,,0,,,,,,,,,,1.0000,2025-11-17T14:34:00+00:00,1454,3267
summary,2025-11-20,MSFT,,,,,,,0.00,,0,,,,,,,,,,1.0000,2025-11-17T14:36:00+00:00,373,2809
summary,2025-11-21,SPY,,,,,,,0.00,,0,,,,,,,,,,0.6235,2025-11-18T17:54:00+00:00,1336,3237
summary,2025-11-21,QQQ,,,,,,,0.00,,0,,,,,,,,,,0.6441,2025-11-18T17:57:00+00:00,1434,3263
trade,2025-11-21,AAPL,Long,2025-11-21T15:01:00+00:00,2025-11-21T15:56:00+00:00,268.3355,271.2986,1.12,3.32,0.011043,3300000,SessionClose,0.3561,0.3231,-0.3322,0.5116,0.2746,0.5800,0.2025,0.4785,,,
summary,2025-11-21,AAPL,,,,,,,3.32,,1,,,,,,,,,,0.6569,2025-11-19T14:59:00+00:00,1213,2569
summary,2025-11-21,NVDA,,,,,,,0.00,,0,,,,,,,,,,0.8392,2025-11-19T21:44:00+00:00,1564,3271
summary,2025-11-21,MSFT,,,,,,,0.00,,0,,,,,,,,,,0.8698,2025-11-18T14:33:00+00:00,628,2907
summary,2025-11-24,SPY,,,,,,,0.00,,0,,,,,,,,,,0.7579,2025-11-21T16:59:00+00:00,1066,1307
summary,2025-11-24,QQQ,,,,,,,0.00,,0,,,,,,,,,,0.7858,2025-11-21T16:59:00+00:00,1112,1330
summary,2025-11-24,AAPL,,,,,,,0.00,,0,,,,,,,,,,1.0000,2025-11-21T14:40:00+00:00,974,1053
summary,2025-11-24,NVDA,,,,,,,0.00,,0,,,,,,,,,,0.9043,2025-11-21T14:54:00+00:00,1049,1351
summary,2025-11-24,MSFT,,,,,,,0.00,,0,,,,,,,,,,0.6540,2025-11-21T17:09:00+00:00,583,1143
summary,2025-11-25,SPY,,,,,,,0.00,,0,,,,,,,,,,0.5915,2025-11-24T16:09:00+00:00,1173,1619
summary,2025-11-25,QQQ,,,,,,,0.00,,0,,,,,,,,,,0.6479,2025-11-24T15:03:00+00:00,1232,1679
trade,2025-11-25,AAPL,Long,2025-11-25T14:31:00+00:00,2025-11-25T15:56:00+00:00,277.4482,278.5564,1.08,1.20,0.003994,5100000,SessionClose,0.6573,0.0693,0.6279,0.6219,0.7378,-0.5212,-0.1328,0.6704,,,
summary,2025-11-25,AAPL,,,,,,,1.20,,1,,,,,,,,,,0.7313,2025-11-25T14:35:00+00:00,934,1310
summary,2025-11-25,NVDA,,,,,,,0.00,,0,,,,,,,,,,0.7484,2025-11-24T16:20:00+00:00,664,1681
summary,2025-11-25,MSFT,,,,,,,0.00,,0,,,,,,,,,,0.6529,2025-11-24T15:42:00+00:00,693,1428
summary,2025-11-26,SPY,,,,,,,0.00,,0,,,,,,,,,,0.5915,2025-11-24T16:09:00+00:00,1896,2539
summary,2025-11-26,QQQ,,,,,,,0.00,,0,,,,,,,,,,0.6479,2025-11-24T15:03:00+00:00,1958,2617
summary,2025-11-26,AAPL,,,,,,,0.00,,0,,,,,,,,,,0.7313,2025-11-25T14:35:00+00:00,1315,1945
summary,2025-11-26,NVDA,,,,,,,0.00,,0,,,,,,,,,,0.7484,2025-11-24T16:20:00+00:00,1262,2641
summary,2025-11-26,MSFT,,,,,,,0.00,,0,,,,,,,,,,0.6529,2025-11-24T15:42:00+00:00,1305,2205
summary,2025-11-27,SPY,,,,,,,0.00,,0,,,,,,,,,,0.8974,2025-11-24T16:04:00+00:00,1946,2437
summary,2025-11-27,QQQ,,,,,,,0.00,,0,,,,,,,,,,0.9579,2025-11-24T16:04:00+00:00,1999,2486
summary,2025-11-27,AAPL,,,,,,,0.00,,0,,,,,,,,,,1.0000,2025-11-24T14:32:00+00:00,1248,1871
summary,2025-11-27,NVDA,,,,,,,0.00,,0,,,,,,,,,,1.0000,2025-11-24T14:35:00+00:00,1486,2549
summary,2025-11-27,MSFT,,,,,,,0.00,,0,,,,,,,,,,0.9250,2025-11-24T15:45:00+00:00,1379,2136
summary,2025-11-28,SPY,,,,,,,0.00,,0,,,,,,,,,,0.6793,2025-11-25T15:44:00+00:00,1893,2189
summary,2025-11-28,QQQ,,,,,,,0.00,,0,,,,,,,,,,0.6624,2025-11-25T17:04:00+00:00,1926,2220
summary,2025-11-28,AAPL,,,,,,,0.00,,0,,,,,,,,,,1.0000,2025-11-25T14:33:00+00:00,658,1541
summary,2025-11-28,NVDA,,,,,,,0.00,,0,,,,,,,,,,0.7788,2025-11-26T13:46:00+00:00,1748,2293
summary,2025-11-28,MSFT,,,,,,,0.00,,0,,,,,,,,,,0.9490,2025-11-25T16:04:00+00:00,1554,1791
summary,2025-12-01,SPY,,,,,,,0.00,,0,,,,,,,,,,0.7455,2025-11-28T15:50:00+00:00,545,1126
summary,2025-12-01,QQQ,,,,,,,0.00,,0,,,,,,,,,,0.7080,2025-11-28T15:53:00+00:00,625,1147
summary,2025-12-01,AAPL,,,,,,,0.00,,0,,,,,,,,,,0.6430,2025-11-28T17:58:00+00:00,589,872
trade,2025-12-01,NVDA,Long,2025-12-01T14:41:00+00:00,2025-12-01T15:56:00+00:00,176.1978,179.4112,1.70,5.47,0.018237,4500000,SessionClose,0.3724,0.2228,0.3729,0.5438,0.0292,-0.1846,0.0083,0.7876,,,
summary,2025-12-01,NVDA,,,,,,,5.47,,1,,,,,,,,,,0.6878,2025-12-01T15:08:00+00:00,411,1170
summary,2025-12-01,MSFT,,,,,,,0.00,,0,,,,,,,,,,0.8917,2025-11-28T14:54:00+00:00,269,896
summary,2025-12-02,SPY,,,,,,,0.00,,0,,,,,,,,,,0.4399,2025-12-01T14:54:00+00:00,910,1612
summary,2025-12-02,QQQ,,,,,,,0.00,,0,,,,,,,,,,0.5583,2025-12-01T17:04:00+00:00,1150,1645
summary,2025-12-02,AAPL,,,,,,,0.00,,0,,,,,,,,,,0.7477,2025-12-01T10:13:00+00:00,1094,1303
trade,2025-12-02,NVDA,Long,2025-12-02T14:31:00+00:00,2025-12-02T15:56:00+00:00,182.2397,184.0198,1.65,2.93,0.009768,5100000,SessionClose,0.6088,0.0826,0.4437,0.5424,0.7964,-0.3579,-0.1745,0.7438,,,
summary,2025-12-02,NVDA,,,,,,,2.93,,1,,,,,,,,,,0.7511,2025-12-01T15:08:00+00:00,1363,1673
trade,2025-12-02,MSFT,Long,2025-12-02T15:21:00+00:00,2025-12-02T15:56:00+00:00,490.1020,491.4675,0.61,0.84,0.002786,2100000,SessionClose,0.4382,0.3020,-0.3723,0.5295,0.5256,0.3300,0.1855,0.5256,,,
summary,2025-12-02,MSFT,,,,,,,0.84,,1,,,,,,,,,,0.5759,2025-12-01T16:42:00+00:00,754,1298
summary,2025-12-03,SPY,,,,,,,0.00,,0,,,,,,,,,,0.4399,2025-12-01T14:54:00+00:00,1510,2508
summary,2025-12-03,QQQ,,,,,,,0.00,,0,,,,,,,,,,0.5583,2025-12-01T17:04:00+00:00,1821,2575
summary,2025-12-03,AAPL,,,,,,,0.00,,0,,,,,,,,,,0.7477,2025-12-01T10:13:00+00:00,1576,1993
summary,2025-12-03,NVDA,,,,,,,0.00,,0,,,,,,,,,,0.7511,2025-12-01T15:08:00+00:00,1978,2620
summary,2025-12-03,MSFT,,,,,,,0.00,,0,,,,,,,,,,0.5759,2025-12-01T16:42:00+00:00,903,1965
summary,2025-12-04,SPY,,,,,,,0.00,,0,,,,,,,,,,0.7702,2025-12-01T15:54:00+00:00,1823,3089
summary,2025-12-04,QQQ,,,,,,,0.00,,0,,,,,,,,,,0.8707,2025-12-01T15:58:00+00:00,2294,3160
summary,2025-12-04,AAPL,,,,,,,0.00,,0,,,,,,,,,,0.6753,2025-12-01T16:04:00+00:00,1610,2468
summary,2025-12-04,NVDA,,,,,,,0.00,,0,,,,,,,,,,1.0000,2025-12-01T14:33:00+00:00,2287,3240
summary,2025-12-04,MSFT,,,,,,,0.00,,0,,,,,,,,,,0.8857,2025-12-01T16:04:00+00:00,820,2559
summary,2025-12-05,SPY,,,,,,,0.00,,0,,,,,,,,,,0.6717,2025-12-02T16:03:00+00:00,1785,3057
trade,2025-12-05,QQQ,Long,2025-12-05T15:01:00+00:00,2025-12-05T15:51:00+00:00,626.9296,627.2568,0.48,0.16,0.000522,3000000,ScoreExit,0.3650,-0.1305,-0.0428,0.5005,0.2300,-0.3921,-0.2671,0.2300,,,
summary,2025-12-05,QQQ,,,,,,,0.16,,1,,,,,,,,,,0.7179,2025-12-02T15:50:00+00:00,2011,3144
summary,2025-12-05,AAPL,,,,,,,0.00,,0,,,,,,,,,,0.9581,2025-12-02T16:00:00+00:00,626,2401
summary,2025-12-05,NVDA,,,,,,,0.00,,0,,,,,,,,,,1.0000,2025-12-02T14:31:00+00:00,1304,3231
summary,2025-12-05,MSFT,,,,,,,0.00,,0,,,,,,,,,,0.9575,2025-12-02T15:41:00+00:00,721,2588
summary,2025-12-08,SPY,,,,,,,0.00,,0,,,,,,,,,,0.4746,2025-12-05T15:12:00+00:00,296,1264
summary,2025-12-08,QQQ,,,,,,,0.00,,0,,,,,,,,,,0.6797,2025-12-05T15:17:00+00:00,403,1287
summary,2025-12-08,AAPL,,,,,,,0.00,,0,,,,,,,,,,0.6300,2025-12-05T15:21:00+00:00,141,1071
trade,2025-12-08,NVDA,Long,2025-12-08T14:36:00+00:00,2025-12-08T15:20:00+00:00,185.1805,182.8766,1.62,-3.73,-0.012441,2640000,ScoreExit,0.5686,-0.0700,0.5474,0.5921,0.5288,-0.4129,-0.2103,0.3249,,,
summary,2025-12-08,NVDA,,,,,,,-3.73,,1,,,,,,,,,,0.8390,2025-12-05T15:12:00+00:00,757,1344
trade,2025-12-08,MSFT,Long,2025-12-08T14:31:00+00:00,2025-12-08T15:56:00+00:00,485.7907,489.0133,0.62,1.99,0.006634,5100000,SessionClose,0.5506,0.2258,0.5903,0.5325,0.5736,0.5450,0.0196,0.5318,,,
summary,2025-12-08,MSFT,,,,,,,1.99,,1,,,,,,,,,,0.6438,2025-12-08T14:40:00+00:00,685,1084
summary,2025-12-09,SPY,,,,,,,0.00,,0,,,,,,,,,,0.5390,2025-12-08T10:34:00+00:00,727,1602
summary,2025-12-09,QQQ,,,,,,,0.00,,0,,,,,,,,,,0.6726,2025-12-08T10:34:00+00:00,794,1638
summary,2025-12-09,AAPL,,,,,,,0.00,,0,,,,,,,,,,0.5075,2025-12-08T14:31:00+00:00,536,1255
summary,2025-12-09,NVDA,,,,,,,0.00,,0,,,,,,,,,,0.8176,2025-12-08T10:29:00+00:00,881,1674
summary,2025-12-09,MSFT,,,,,,,0.00,,0,,,,,,,,,,0.7730,2025-12-08T14:40:00+00:00,829,1255
summary,2025-12-10,SPY,,,,,,,0.00,,0,,,,,,,,,,0.5390,2025-12-08T10:34:00+00:00,1227,2487
summary,2025-12-10,QQQ,,,,,,,0.00,,0,,,,,,,,,,0.6726,2025-12-08T10:34:00+00:00,1217,2547
summary,2025-12-10,AAPL,,,,,,,0.00,,0,,,,,,,,,,0.5075,2025-12-08T14:31:00+00:00,812,1899
summary,2025-12-10,NVDA,,,,,,,0.00,,0,,,,,,,,,,0.8176,2025-12-08T10:29:00+00:00,1010,2619
summary,2025-12-10,MSFT,,,,,,,0.00,,0,,,,,,,,,,0.7730,2025-12-08T14:40:00+00:00,911,1964
summary,2025-12-11,SPY,,,,,,,0.00,,0,,,,,,,,,,0.4193,2025-12-10T20:04:00+00:00,1590,3126
summary,2025-12-11,QQQ,,,,,,,0.00,,0,,,,,,,,,,0.4361,2025-12-10T20:14:00+00:00,1370,3189
summary,2025-12-11,AAPL,,,,,,,0.00,,0,,,,,,,,,,0.5923,2025-12-08T14:31:00+00:00,1111,2429
summary,2025-12-11,NVDA,,,,,,,0.00,,0,,,,,,,,,,1.0000,2025-12-08T14:32:00+00:00,1042,3253
summary,2025-12-11,MSFT,,,,,,,0.00,,0,,,,,,,,,,0.8976,2025-12-08T15:04:00+00:00,930,2634
summary,2025-12-12,SPY,,,,,,,0.00,,0,,,,,,,,,,0.5553,2025-12-09T15:44:00+00:00,1248,3153
summary,2025-12-12,QQQ,,,,,,,0.00,,0,,,,,,,,,,0.8063,2025-12-09T16:02:00+00:00,1174,3197
summary,2025-12-12,AAPL,,,,,,,0.00,,0,,,,,,,,,,0.8008,2025-12-09T14:39:00+00:00,1147,2408
summary,2025-12-12,NVDA,,,,,,,0.00,,0,,,,,,,,,,0.8538,2025-12-09T16:02:00+00:00,776,3248
summary,2025-12-12,MSFT,,,,,,,0.00,,0,,,,,,,,,,0.7567,2025-12-09T15:02:00+00:00,816,2708
summary,2025-12-15,SPY,,,,,,,0.00,,0,,,,,,,,,,0.4039,2025-12-15T09:14:00+00:00,459,1310
summary,2025-12-15,QQQ,,,,,,,0.00,,0,,,,,,,,,,0.4834,2025-12-12T14:37:00+00:00,327,1310
summary,2025-12-15,AAPL,,,,,,,0.00,,0,,,,,,,,,,0.8382,2025-12-12T14:34:00+00:00,280,1035
summary,2025-12-15,NVDA,,,,,,,0.00,,0,,,,,,,,,,0.7557,2025-12-12T14:39:00+00:00,432,1350
summary,2025-12-15,MSFT,,,,,,,0.00,,0,,,,,,,,,,0.7379,2025-12-12T14:31:00+00:00,236,1093
summary,2025-12-16,SPY,,,,,,,0.00,,0,,,,,,,,,,0.7130,2025-12-15T10:15:00+00:00,526,1607
summary,2025-12-16,QQQ,,,,,,,0.00,,0,,,,,,,,,,0.7130,2025-12-15T10:17:00+00:00,522,1670
summary,2025-12-16,AAPL,,,,,,,0.00,,0,,,,,,,,,,0.7399,2025-12-15T10:32:00+00:00,368,1212
summary,2025-12-16,NVDA,,,,,,,0.00,,0,,,,,,,,,,0.6304,2025-12-15T09:26:00+00:00,830,1671
summary,2025-12-16,MSFT,,,,,,,0.00,,0,,,,,,,,,,0.7250,2025-12-15T10:26:00+00:00,463,1277
summary,2025-12-17,SPY,,,,,,,0.00,,0,,,,,,,,,,0.7130,2025-12-15T10:15:00+00:00,832,2526
summary,2025-12-17,QQQ,,,,,,,0.00,,0,,,,,,,,,,0.7130,2025-12-15T10:17:00+00:00,877,2618
summary,2025-12-17,AAPL,,,,,,,0.00,,0,,,,,,,,,,0.7399,2025-12-15T10:32:00+00:00,576,1898
summary,2025-12-17,NVDA,,,,,,,0.00,,0,,,,,,,,,,0.6304,2025-12-15T09:26:00+00:00,1164,2619
summary,2025-12-17,MSFT,,,,,,,0.00,,0,,,,,,,,,,0.7250,2025-12-15T10:26:00+00:00,901,2018
summary,2025-12-18,SPY,,,,,,,0.00,,0,,,,,,,,,,0.4103,2025-12-18T15:42:00+00:00,790,3148
summary,2025-12-18,QQQ,,,,,,,0.00,,0,,,,,,,,,,0.4746,2025-12-17T09:24:00+00:00,965,3248
summary,2025-12-18,AAPL,,,,,,,0.00,,0,,,,,,,,,,0.3912,2025-12-18T15:38:00+00:00,720,2432
trade,2025-12-18,NVDA,Long,2025-12-18T15:32:00+00:00,2025-12-18T15:56:00+00:00,175.2526,175.7573,1.71,0.86,0.002880,1440000,SessionClose,0.4747,0.3282,0.5827,0.5305,0.3269,0.3073,0.2925,0.4066,,,
summary,2025-12-18,NVDA,,,,,,,0.86,,1,,,,,,,,,,0.8816,2025-12-15T15:07:00+00:00,1144,3246
trade,2025-12-18,MSFT,Long,2025-12-18T15:01:00+00:00,2025-12-18T15:56:00+00:00,483.8801,487.2188,0.62,2.07,0.006900,3300000,SessionClose,0.5357,0.4530,0.5245,0.5702,0.4704,0.4832,0.4393,0.4704,,,
summary,2025-12-18,MSFT,,,,,,,2.07,,1,,,,,,,,,,0.5693,2025-12-18T15:06:00+00:00,1320,2569
summary,2025-12-19,SPY,,,,,,,0.00,,0,,,,,,,,,,0.4816,2025-12-16T20:37:00+00:00,1372,3182
trade,2025-12-19,QQQ,Long,2025-12-19T14:41:00+00:00,2025-12-19T15:46:00+00:00,614.1192,615.1304,0.49,0.49,0.001647,3900000,ScoreExit,0.4829,-0.1238,0.2901,0.5747,0.3636,-0.4837,-0.2772,0.3029,,,
summary,2025-12-19,QQQ,,,,,,,0.49,,1,,,,,,,,,,0.6360,2025-12-16T14:59:00+00:00,1727,3246
summary,2025-12-19,AAPL,,,,,,,0.00,,0,,,,,,,,,,0.6453,2025-12-16T14:50:00+00:00,950,2403
trade,2025-12-19,NVDA,Long,2025-12-19T14:31:00+00:00,2025-12-19T15:56:00+00:00,176.9381,178.8913,1.70,3.31,0.011039,5100000,SessionClose,0.5672,0.0931,0.5165,0.5575,0.6035,0.3490,-0.1686,0.5314,,,
summary,2025-12-19,NVDA,,,,,,,3.31,,1,,,,,,,,,,0.9027,2025-12-16T14:50:00+00:00,1758,3246
summary,2025-12-19,MSFT,,,,,,,0.00,,0,,,,,,,,,,0.7591,2025-12-16T14:58:00+00:00,1694,2565
summary,2025-12-22,SPY,,,,,,,0.00,,0,,,,,,,,,,0.5151,2025-12-19T14:44:00+00:00,1069,1294
summary,2025-12-22,QQQ,,,,,,,0.00,,0,,,,,,,,,,0.7529,2025-12-19T14:44:00+00:00,1054,1302
summary,2025-12-22,AAPL,,,,,,,0.00,,0,,,,,,,,,,0.6434,2025-12-19T20:59:00+00:00,220,1093
summary,2025-12-22,NVDA,,,,,,,0.00,,0,,,,,,,,,,1.0000,2025-12-19T14:32:00+00:00,1268,1351
summary,2025-12-22,MSFT,,,,,,,0.00,,0,,,,,,,,,,0.5899,2025-12-19T14:53:00+00:00,429,1096
summary,2025-12-23,SPY,,,,,,,0.00,,0,,,,,,,,,,0.5132,2025-12-22T10:12:00+00:00,1066,1529
summary,2025-12-23,QQQ,,,,,,,0.00,,0,,,,,,,,,,0.5090,2025-12-22T10:12:00+00:00,946,1602
summary,2025-12-23,AAPL,,,,,,,0.00,,0,,,,,,,,,,0.3569,2025-12-22T10:43:00+00:00,396,1227
trade,2025-12-23,NVDA,Long,2025-12-23T14:36:00+00:00,2025-12-23T15:56:00+00:00,184.1502,185.9692,1.63,2.96,0.009878,4800000,SessionClose,0.4940,0.5328,0.4907,0.5209,0.4413,0.4696,0.4452,0.7291,,,
summary,2025-12-23,NVDA,,,,,,,2.96,,1,,,,,,,,,,0.7519,2025-12-22T10:13:00+00:00,1065,1653
summary,2025-12-23,MSFT,,,,,,,0.00,,0,,,,,,,,,,0.7281,2025-12-22T10:33:00+00:00,758,1191
summary,2025-12-24,SPY,,,,,,,0.00,,0,,,,,,,,,,0.5132,2025-12-22T10:12:00+00:00,1617,2371
summary,2025-12-24,QQQ,,,,,,,0.00,,0,,,,,,,,,,0.5090,2025-12-22T10:12:00+00:00,1510,2410
summary,2025-12-24,AAPL,,,,,,,0.00,,0,,,,,,,,,,0.4457,2025-12-24T14:35:00+00:00,754,1711
summary,2025-12-24,NVDA,,,,,,,0.00,,0,,,,,,,,,,0.7519,2025-12-22T10:13:00+00:00,1716,2586
summary,2025-12-24,MSFT,,,,,,,0.00,,0,,,,,,,,,,0.7281,2025-12-22T10:33:00+00:00,1046,1664
summary,2025-12-25,SPY,,,,,,,0.00,,0,,,,,,,,,,0.3840,2025-12-22T16:59:00+00:00,1397,2120
summary,2025-12-25,QQQ,,,,,,,0.00,,0,,,,,,,,,,0.3507,2025-12-23T14:44:00+00:00,1229,2128
summary,2025-12-25,AAPL,,,,,,,0.00,,0,,,,,,,,,,0.4529,2025-12-24T14:35:00+00:00,682,1558
summary,2025-12-25,NVDA,,,,,,,0.00,,0,,,,,,,,,,0.6680,2025-12-22T14:59:00+00:00,1401,2313
summary,2025-12-25,MSFT,,,,,,,0.00,,0,,,,,,,,,,0.6704,2025-12-22T14:31:00+00:00,899,1492
summary,2025-12-26,SPY,,,,,,,0.00,,0,,,,,,,,,,0.7488,2025-12-23T16:01:00+00:00,1366,1943
summary,2025-12-26,QQQ,,,,,,,0.00,,0,,,,,,,,,,0.7579,2025-12-23T16:02:00+00:00,1409,1903
summary,2025-12-26,AAPL,,,,,,,0.00,,0,,,,,,,,,,0.8213,2025-12-23T16:04:00+00:00,956,1355
summary,2025-12-26,NVDA,,,,,,,0.00,,0,,,,,,,,,,0.9558,2025-12-23T15:56:00+00:00,1707,2078
summary,2025-12-26,MSFT,,,,,,,0.00,,0,,,,,,,,,,0.5520,2025-12-23T15:44:00+00:00,795,1375
summary,2025-12-29,SPY,,,,,,,0.00,,0,,,,,,,,,,0.3608,2025-12-26T14:41:00+00:00,148,1225
summary,2025-12-29,QQQ,,,,,,,0.00,,0,,,,,,,,,,0.5274,2025-12-26T16:03:00+00:00,154,1229
summary,2025-12-29,AAPL,,,,,,,0.00,,0,,,,,,,,,,0.5471,2025-12-26T14:36:00+00:00,308,1004
summary,2025-12-29,NVDA,,,,,,,0.00,,0,,,,,,,,,,1.0000,2025-12-26T14:35:00+00:00,315,1341
summary,2025-12-29,MSFT,,,,,,,0.00,,0,,,,,,,,,,0.3909,2025-12-29T14:49:00+00:00,434,1026
summary,2025-12-30,SPY,,,,,,,0.00,,0,,,,,,,,,,0.4287,2025-12-29T10:16:00+00:00,673,1529
summary,2025-12-30,QQQ,,,,,,,0.00,,0,,,,,,,,,,0.4907,2025-12-29T14:36:00+00:00,654,1571
summary,2025-12-30,AAPL,,,,,,,0.00,,0,,,,,,,,,,0.5395,2025-12-29T14:37:00+00:00,489,1086
summary,2025-12-30,NVDA,,,,,,,0.00,,0,,,,,,,,,,0.5099,2025-12-29T14:38:00+00:00,924,1631
summary,2025-12-30,MSFT,,,,,,,0.00,,0,,,,,,,,,,0.5462,2025-12-29T10:15:00+00:00,612,1195
summary,2025-12-31,SPY,,,,,,,0.00,,0,,,,,,,,,,0.4287,2025-12-29T10:16:00+00:00,779,2388
summary,2025-12-31,QQQ,,,,,,,0.00,,0,,,,,,,,,,0.4907,2025-12-29T14:36:00+00:00,723,2420
summary,2025-12-31,AAPL,,,,,,,0.00,,0,,,,,,,,,,0.5395,2025-12-29T14:37:00+00:00,598,1636
summary,2025-12-31,NVDA,,,,,,,0.00,,0,,,,,,,,,,0.5099,2025-12-29T14:38:00+00:00,1328,2543
summary,2025-12-31,MSFT,,,,,,,0.00,,0,,,,,,,,,,0.5462,2025-12-29T10:15:00+00:00,890,1826
