row_type,date,ticker,direction,entry_time,exit_time,entry_price,exit_price,size,pnl,pnl_pct,hold_duration_ms,exit_reason,entry_composite,exit_composite,entry_1m,entry_5m,entry_1h,exit_1m,exit_5m,exit_1h,max_composite,max_composite_time,positive_ticks,total_ticks
summary,2022-01-03,SPY,,,,,,,0.00,,0,,,,,,,,,,0.4714,2022-01-03T10:38:00+00:00,625,1128
summary,2022-01-03,QQQ,,,,,,,0.00,,0,,,,,,,,,,0.4206,2022-01-03T18:44:00+00:00,533,1105
trade,2022-01-03,AAPL,Long,2022-01-03T14:36:00+00:00,2022-01-03T15:56:00+00:00,179.3388,180.8857,1.67,2.59,0.008626,4800000,SessionClose,0.5684,0.1021,0.5866,0.5434,0.6124,-0.3366,-0.0692,0.5907,,,
summary,2022-01-03,AAPL,,,,,,,2.59,,1,,,,,,,,,,0.5981,2022-01-03T14:41:00+00:00,594,1134
trade,2022-01-03,NVDA,Long,2022-01-03T14:31:00+00:00,2022-01-03T15:56:00+00:00,298.4645,304.9935,1.01,6.57,0.021875,5100000,SessionClose,0.6321,0.5173,-0.1083,0.7361,0.6709,0.5433,0.3476,0.8482,,,
summary,2022-01-03,NVDA,,,,,,,6.57,,1,,,,,,,,,,1.0000,2021-12-31T14:41:00+00:00,532,1076
summary,2022-01-03,MSFT,,,,,,,0.00,,0,,,,,,,,,,0.5354,2022-01-03T09:03:00+00:00,270,966
summary,2022-01-04,SPY,,,,,,,0.00,,0,,,,,,,,,,0.7454,2022-01-03T10:30:00+00:00,881,1485
summary,2022-01-04,QQQ,,,,,,,0.00,,0,,,,,,,,,,0.7304,2022-01-03T10:22:00+00:00,760,1449
summary,2022-01-04,AAPL,,,,,,,0.00,,0,,,,,,,,,,0.7146,2022-01-03T14:41:00+00:00,912,1527
summary,2022-01-04,NVDA,,,,,,,0.00,,0,,,,,,,,,,0.8874,2022-01-03T14:35:00+00:00,548,1357
summary,2022-01-04,MSFT,,,,,,,0.00,,0,,,,,,,,,,0.5309,2022-01-03T11:01:00+00:00,383,1154
summary,2022-01-05,SPY,,,,,,,0.00,,0,,,,,,,,,,0.7454,2022-01-03T10:30:00+00:00,1014,2336
summary,2022-01-05,QQQ,,,,,,,0.00,,0,,,,,,,,,,0.7304,2022-01-03T10:22:00+00:00,760,2270
summary,2022-01-05,AAPL,,,,,,,0.00,,0,,,,,,,,,,0.7146,2022-01-03T14:41:00+00:00,912,2311
summary,2022-01-05,NVDA,,,,,,,0.00,,0,,,,,,,,,,0.8874,2022-01-03T14:35:00+00:00,548,2135
summary,2022-01-05,MSFT,,,,,,,0.00,,0,,,,,,,,,,0.5309,2022-01-03T11:01:00+00:00,383,1745
summary,2022-01-06,SPY,,,,,,,0.00,,0,,,,,,,,,,0.4812,2022-01-03T14:37:00+00:00,1048,2996
summary,2022-01-06,QQQ,,,,,,,0.00,,0,,,,,,,,,,0.6862,2022-01-03T14:37:00+00:00,672,2922
summary,2022-01-06,AAPL,,,,,,,0.00,,0,,,,,,,,,,1.0000,2022-01-03T14:36:00+00:00,839,2962
trade,2022-01-06,NVDA,Long,2022-01-06T15:47:00+00:00,2022-01-06T15:56:00+00:00,278.9587,280.1009,0.64,0.73,0.004095,540000,SessionClose,0.3880,0.4916,0.1173,0.5669,0.1206,0.3511,0.7006,0.1206,,,
trade,2022-01-06,NVDA,Long,2022-01-06T16:00:00+00:00,2022-01-06T16:01:00+00:00,282.3596,283.1701,0.63,0.51,0.002871,60000,SessionClose,0.5031,0.4538,0.4653,0.7006,0.1206,0.6534,0.6168,0.0612,,,
summary,2022-01-06,NVDA,,,,,,,1.24,,2,,,,,,,,,,1.0000,2022-01-03T14:31:00+00:00,538,2765
summary,2022-01-06,MSFT,,,,,,,0.00,,0,,,,,,,,,,0.6808,2022-01-03T14:31:00+00:00,382,2340
summary,2022-01-07,SPY,,,,,,,0.00,,0,,,,,,,,,,0.3666,2022-01-04T14:41:00+00:00,258,3033
summary,2022-01-07,QQQ,,,,,,,0.00,,0,,,,,,,,,,0.4470,2022-01-04T20:49:00+00:00,236,2972
summary,2022-01-07,AAPL,,,,,,,0.00,,0,,,,,,,,,,0.5892,2022-01-04T14:56:00+00:00,25,2940
summary,2022-01-07,NVDA,,,,,,,0.00,,0,,,,,,,,,,0.7004,2022-01-04T20:38:00+00:00,649,2779
summary,2022-01-07,MSFT,,,,,,,0.00,,0,,,,,,,,,,0.4246,2022-01-04T20:49:00+00:00,25,2413
summary,2022-01-10,SPY,,,,,,,0.00,,0,,,,,,,,,,0.5413,2022-01-07T16:54:00+00:00,250,1132
summary,2022-01-10,QQQ,,,,,,,0.00,,0,,,,,,,,,,0.9103,2022-01-07T14:45:00+00:00,255,1130
summary,2022-01-10,AAPL,,,,,,,0.00,,0,,,,,,,,,,0.9397,2022-01-07T14:45:00+00:00,381,1130
summary,2022-01-10,NVDA,,,,,,,0.00,,0,,,,,,,,,,0.9115,2022-01-07T14:45:00+00:00,301,1143
summary,2022-01-10,MSFT,,,,,,,0.00,,0,,,,,,,,,,0.8914,2022-01-07T14:58:00+00:00,450,985
summary,2022-01-11,SPY,,,,,,,0.00,,0,,,,,,,,,,0.6316,2022-01-10T19:08:00+00:00,962,1534
summary,2022-01-11,QQQ,,,,,,,0.00,,0,,,,,,,,,,0.6704,2022-01-10T18:23:00+00:00,968,1546
summary,2022-01-11,AAPL,,,,,,,0.00,,0,,,,,,,,,,0.6348,2022-01-10T18:18:00+00:00,918,1472
trade,2022-01-11,NVDA,Long,2022-01-11T15:11:00+00:00,2022-01-11T15:41:00+00:00,274.1422,270.9137,0.78,-2.53,-0.011777,1800000,ScoreExit,0.4001,-0.1563,0.1837,0.5119,0.2487,-0.5780,-0.2886,0.2487,,,
summary,2022-01-11,NVDA,,,,,,,-2.53,,1,,,,,,,,,,0.8599,2022-01-10T18:52:00+00:00,924,1479
summary,2022-01-11,MSFT,,,,,,,0.00,,0,,,,,,,,,,0.7303,2022-01-10T18:24:00+00:00,717,1203
summary,2022-01-12,SPY,,,,,,,0.00,,0,,,,,,,,,,0.6316,2022-01-10T19:08:00+00:00,1541,2339
summary,2022-01-12,QQQ,,,,,,,0.00,,0,,,,,,,,,,0.6704,2022-01-10T18:23:00+00:00,1581,2400
summary,2022-01-12,AAPL,,,,,,,0.00,,0,,,,,,,,,,0.6348,2022-01-10T18:18:00+00:00,1512,2282
summary,2022-01-12,NVDA,,,,,,,0.00,,0,,,,,,,,,,0.8599,2022-01-10T18:52:00+00:00,1471,2202
trade,2022-01-12,MSFT,Long,2022-01-12T15:06:00+00:00,2022-01-12T15:36:00+00:00,321.9315,321.4385,0.93,-0.46,-0.001531,1800000,ScoreExit,0.4345,-0.0700,0.3124,0.5025,0.3391,-0.2774,-0.2400,0.3391,,,
summary,2022-01-12,MSFT,,,,,,,-0.46,,1,,,,,,,,,,0.7303,2022-01-10T18:24:00+00:00,1153,1824
summary,2022-01-13,SPY,,,,,,,0.00,,0,,,,,,,,,,0.6296,2022-01-10T19:08:00+00:00,1973,2904
summary,2022-01-13,QQQ,,,,,,,0.00,,0,,,,,,,,,,0.6657,2022-01-10T18:23:00+00:00,2012,2979
summary,2022-01-13,AAPL,,,,,,,0.00,,0,,,,,,,,,,0.8583,2022-01-10T14:50:00+00:00,1964,2804
summary,2022-01-13,NVDA,,,,,,,0.00,,0,,,,,,,,,,0.8531,2022-01-10T18:52:00+00:00,1789,2685
summary,2022-01-13,MSFT,,,,,,,0.00,,0,,,,,,,,,,0.7265,2022-01-10T18:24:00+00:00,1360,2270
summary,2022-01-14,SPY,,,,,,,0.00,,0,,,,,,,,,,0.6405,2022-01-11T16:38:00+00:00,1558,2859
trade,2022-01-14,QQQ,Long,2022-01-14T14:42:00+00:00,2022-01-14T15:56:00+00:00,378.0684,377.7516,0.79,-0.25,-0.000838,4440000,SessionClose,0.4114,0.0000,0.3878,0.6153,0.0116,0.4849,-0.1533,-0.0971,,,
summary,2022-01-14,QQQ,,,,,,,-0.25,,1,,,,,,,,,,0.9035,2022-01-11T15:05:00+00:00,1566,2994
trade,2022-01-14,AAPL,Long,2022-01-14T14:42:00+00:00,2022-01-14T15:56:00+00:00,172.3667,172.3433,1.74,-0.04,-0.000136,4440000,SessionClose,0.3603,0.0000,0.1991,0.5162,0.1021,0.3998,-0.1568,-0.0217,,,
summary,2022-01-14,AAPL,,,,,,,-0.04,,1,,,,,,,,,,0.7629,2022-01-11T15:12:00+00:00,1505,2790
trade,2022-01-14,NVDA,Long,2022-01-14T14:41:00+00:00,2022-01-14T15:31:00+00:00,269.4358,268.3095,0.97,-1.10,-0.004180,3000000,ScoreExit,0.6504,-0.0721,0.6931,0.8559,0.2253,-0.5856,-0.0795,0.1139,,,
summary,2022-01-14,NVDA,,,,,,,-1.10,,1,,,,,,,,,,1.0000,2022-01-11T14:36:00+00:00,1456,2655
trade,2022-01-14,MSFT,Long,2022-01-14T14:36:00+00:00,2022-01-14T15:56:00+00:00,305.8867,308.3725,0.98,2.44,0.008126,4800000,SessionClose,0.4527,0.0000,0.3240,0.6649,0.0711,0.4934,-0.0412,-0.0044,,,
summary,2022-01-14,MSFT,,,,,,,2.44,,1,,,,,,,,,,0.8938,2022-01-11T15:05:00+00:00,1073,2396
summary,2022-01-17,SPY,,,,,,,0.00,,0,,,,,,,,,,0.7904,2022-01-14T14:55:00+00:00,265,492
summary,2022-01-17,QQQ,,,,,,,0.00,,0,,,,,,,,,,0.9074,2022-01-14T14:40:00+00:00,290,474
summary,2022-01-17,AAPL,,,,,,,0.00,,0,,,,,,,,,,0.8967,2022-01-14T14:55:00+00:00,227,475
summary,2022-01-17,NVDA,,,,,,,0.00,,0,,,,,,,,,,1.0000,2022-01-14T14:31:00+00:00,257,477
summary,2022-01-17,MSFT,,,,,,,0.00,,0,,,,,,,,,,1.0000,2022-01-14T14:39:00+00:00,369,455
summary,2022-01-18,SPY,,,,,,,0.00,,0,,,,,,,,,,0.5527,2022-01-18T10:29:00+00:00,216,680
summary,2022-01-18,QQQ,,,,,,,0.00,,0,,,,,,,,,,0.6037,2022-01-18T15:29:00+00:00,206,701
summary,2022-01-18,AAPL,,,,,,,0.00,,0,,,,,,,,,,0.6712,2022-01-18T10:13:00+00:00,202,660
summary,2022-01-18,NVDA,,,,,,,0.00,,0,,,,,,,,,,0.7140,2022-01-18T10:26:00+00:00,247,614
trade,2022-01-18,MSFT,Long,2022-01-18T15:06:00+00:00,2022-01-18T15:52:00+00:00,308.0274,307.2928,0.86,-0.63,-0.002385,2760000,ScoreExit,0.6837,-0.0547,0.6107,0.5377,1.0000,-0.5427,-0.3104,0.6194,,,
summary,2022-01-18,MSFT,,,,,,,-0.63,,1,,,,,,,,,,0.6837,2022-01-18T15:05:00+00:00,198,600
summary,2022-01-19,SPY,,,,,,,0.00,,0,,,,,,,,,,0.5527,2022-01-18T10:29:00+00:00,623,1555
summary,2022-01-19,QQQ,,,,,,,0.00,,0,,,,,,,,,,0.6037,2022-01-18T15:29:00+00:00,568,1592
summary,2022-01-19,AAPL,,,,,,,0.00,,0,,,,,,,,,,0.6712,2022-01-18T10:13:00+00:00,417,1469
trade,2022-01-19,NVDA,Long,2022-01-19T14:56:00+00:00,2022-01-19T15:21:00+00:00,264.7444,262.0863,1.10,-2.91,-0.010040,1500000,ScoreExit,0.6009,-0.1106,0.4899,0.5606,0.7184,-0.4729,-0.2047,0.1982,,,
summary,2022-01-19,NVDA,,,,,,,-2.91,,1,,,,,,,,,,0.7140,2022-01-18T10:26:00+00:00,456,1403
trade,2022-01-19,MSFT,Long,2022-01-19T14:36:00+00:00,2022-01-19T15:37:00+00:00,307.0971,309.8230,0.98,2.66,0.008876,3660000,ScoreExit,0.6444,-0.0678,0.5637,0.5392,0.8819,-0.4769,-0.3150,0.5630,,,
summary,2022-01-19,MSFT,,,,,,,2.66,,1,,,,,,,,,,0.8115,2022-01-19T14:57:00+00:00,571,1315
summary,2022-01-20,SPY,,,,,,,0.00,,0,,,,,,,,,,0.5527,2022-01-18T10:29:00+00:00,779,2458
summary,2022-01-20,QQQ,,,,,,,0.00,,0,,,,,,,,,,0.6037,2022-01-18T15:29:00+00:00,741,2509
summary,2022-01-20,AAPL,,,,,,,0.00,,0,,,,,,,,,,0.6712,2022-01-18T10:13:00+00:00,581,2328
summary,2022-01-20,NVDA,,,,,,,0.00,,0,,,,,,,,,,0.7140,2022-01-18T10:26:00+00:00,456,2212
summary,2022-01-20,MSFT,,,,,,,0.00,,0,,,,,,,,,,0.8115,2022-01-19T14:57:00+00:00,905,2047
summary,2022-01-21,SPY,,,,,,,0.00,,0,,,,,,,,,,0.5242,2022-01-18T15:10:00+00:00,554,3098
summary,2022-01-21,QQQ,,,,,,,0.00,,0,,,,,,,,,,0.9026,2022-01-18T15:10:00+00:00,567,3134
summary,2022-01-21,AAPL,,,,,,,0.00,,0,,,,,,,,,,0.7419,2022-01-18T15:29:00+00:00,392,2981
summary,2022-01-21,NVDA,,,,,,,0.00,,0,,,,,,,,,,1.0000,2022-01-18T14:41:00+00:00,404,2851
summary,2022-01-21,MSFT,,,,,,,0.00,,0,,,,,,,,,,1.0000,2022-01-18T14:38:00+00:00,790,2655
summary,2022-01-24,SPY,,,,,,,0.00,,0,,,,,,,,,,0.9625,2022-01-21T15:50:00+00:00,242,1217
summary,2022-01-24,QQQ,,,,,,,0.00,,0,,,,,,,,,,0.9629,2022-01-21T15:50:00+00:00,311,1221
summary,2022-01-24,AAPL,,,,,,,0.00,,0,,,,,,,,,,0.9065,2022-01-21T14:31:00+00:00,245,1200
trade,2022-01-24,NVDA,Long,2022-01-24T14:31:00+00:00,2022-01-24T14:51:00+00:00,223.8921,221.2222,0.89,-2.37,-0.011925,1200000,ScoreExit,0.4942,-0.1364,0.4494,0.5821,0.3333,-0.6957,-0.2780,0.3333,,,
summary,2022-01-24,NVDA,,,,,,,-2.37,,1,,,,,,,,,,1.0000,2022-01-21T14:31:00+00:00,526,1187
summary,2022-01-24,MSFT,,,,,,,0.00,,0,,,,,,,,,,1.0000,2022-01-21T14:31:00+00:00,355,1173
trade,2022-01-25,SPY,Long,2022-01-25T15:47:00+00:00,2022-01-25T15:56:00+00:00,432.7448,432.0154,0.64,-0.47,-0.001686,540000,SessionClose,0.4290,0.1070,0.3157,0.5476,0.2296,-0.4222,0.1550,0.1876,,,
summary,2022-01-25,SPY,,,,,,,-0.47,,1,,,,,,,,,,0.8100,2022-01-24T20:58:00+00:00,803,1642
summary,2022-01-25,QQQ,,,,,,,0.00,,0,,,,,,,,,,0.8441,2022-01-24T18:19:00+00:00,834,1668
summary,2022-01-25,AAPL,,,,,,,0.00,,0,,,,,,,,,,0.7814,2022-01-24T20:59:00+00:00,617,1598
trade,2022-01-25,NVDA,Long,2022-01-25T15:36:00+00:00,2022-01-25T15:56:00+00:00,226.5930,225.9872,0.98,-0.60,-0.002673,1200000,SessionClose,0.4736,0.1303,0.5660,0.5347,0.3206,-0.5060,0.1411,0.3206,,,
summary,2022-01-25,NVDA,,,,,,,-0.60,,1,,,,,,,,,,0.9116,2022-01-24T18:16:00+00:00,765,1550
summary,2022-01-25,MSFT,,,,,,,0.00,,0,,,,,,,,,,0.9136,2022-01-24T18:16:00+00:00,728,1505
summary,2022-01-26,SPY,,,,,,,0.00,,0,,,,,,,,,,0.8100,2022-01-24T20:58:00+00:00,1331,2562
summary,2022-01-26,QQQ,,,,,,,0.00,,0,,,,,,,,,,0.8441,2022-01-24T18:19:00+00:00,1376,2620
summary,2022-01-26,AAPL,,,,,,,0.00,,0,,,,,,,,,,0.7814,2022-01-24T20:59:00+00:00,1182,2517
trade,2022-01-26,NVDA,Long,2022-01-26T15:06:00+00:00,2022-01-26T15:51:00+00:00,234.1052,231.3256,1.10,-3.07,-0.011873,2700000,ScoreExit,0.5810,-0.0668,0.5102,0.5798,0.6070,-0.3184,-0.3617,0.6070,,,
summary,2022-01-26,NVDA,,,,,,,-3.07,,1,,,,,,,,,,0.9116,2022-01-24T18:16:00+00:00,1371,2465
summary,2022-01-26,MSFT,,,,,,,0.00,,0,,,,,,,,,,0.9136,2022-01-24T18:16:00+00:00,1334,2442
trade,2022-01-27,SPY,Long,2022-01-27T14:46:00+00:00,2022-01-27T15:26:00+00:00,439.8069,438.8933,0.68,-0.62,-0.002077,2400000,ScoreExit,0.4741,-0.1710,0.5214,0.5010,0.4045,-0.5976,-0.3579,0.3449,,,
summary,2022-01-27,SPY,,,,,,,-0.62,,1,,,,,,,,,,0.8304,2022-01-24T20:58:00+00:00,1816,3167
summary,2022-01-27,QQQ,,,,,,,0.00,,0,,,,,,,,,,0.8476,2022-01-24T18:16:00+00:00,1857,3236
summary,2022-01-27,AAPL,,,,,,,0.00,,0,,,,,,,,,,0.8534,2022-01-24T14:39:00+00:00,1786,3101
summary,2022-01-27,NVDA,,,,,,,0.00,,0,,,,,,,,,,1.0000,2022-01-24T14:31:00+00:00,1863,3043
trade,2022-01-27,MSFT,Long,2022-01-27T14:31:00+00:00,2022-01-27T15:31:00+00:00,302.5257,303.6939,0.99,1.16,0.003861,3600000,ScoreExit,0.5417,-0.0719,0.3974,0.5263,0.6204,-0.6130,-0.3088,0.5823,,,
summary,2022-01-27,MSFT,,,,,,,1.16,,1,,,,,,,,,,0.9268,2022-01-25T23:10:00+00:00,1923,2955
summary,2022-01-28,SPY,,,,,,,0.00,,0,,,,,,,,,,0.8784,2022-01-25T15:48:00+00:00,1422,3136
trade,2022-01-28,QQQ,Long,2022-01-28T15:57:00+00:00,2022-01-28T15:58:00+00:00,343.7481,343.9833,0.86,0.20,0.000684,60000,SessionClose,0.4839,0.4966,0.4224,0.6662,0.1396,0.5494,0.6662,0.1396,,,
summary,2022-01-28,QQQ,,,,,,,0.20,,1,,,,,,,,,,0.8252,2022-01-25T15:29:00+00:00,1479,3242
summary,2022-01-28,AAPL,,,,,,,0.00,,0,,,,,,,,,,0.9561,2022-01-25T15:48:00+00:00,2114,3148
trade,2022-01-28,NVDA,Long,2022-01-28T15:46:00+00:00,2022-01-28T15:56:00+00:00,217.0701,221.4186,0.95,4.12,0.020032,600000,SessionClose,0.5049,0.6563,0.2193,0.7176,0.1747,0.6269,0.9019,0.1747,,,
trade,2022-01-28,NVDA,Long,2022-01-28T15:58:00+00:00,2022-01-28T15:59:00+00:00,222.1666,222.2483,0.96,0.08,0.000368,60000,SessionClose,0.6562,0.6558,0.6259,0.9019,0.1747,0.6221,0.9019,0.1747,,,
summary,2022-01-28,NVDA,,,,,,,4.20,,2,,,,,,,,,,1.0000,2022-01-25T14:33:00+00:00,1347,3001
trade,2022-01-28,MSFT,Long,2022-01-28T15:46:00+00:00,2022-01-28T15:56:00+00:00,298.3145,301.1646,0.95,2.71,0.009554,600000,SessionClose,0.4425,0.5752,0.0762,0.5321,0.3854,0.5344,0.6770,0.3854,,,
trade,2022-01-28,MSFT,Long,2022-01-28T15:58:00+00:00,2022-01-28T15:59:00+00:00,301.5754,301.7844,1.00,0.21,0.000693,60000,SessionClose,0.5776,0.5799,0.5578,0.6770,0.3854,0.5808,0.6770,0.3854,,,
summary,2022-01-28,MSFT,,,,,,,2.92,,2,,,,,,,,,,0.9736,2022-01-25T23:10:00+00:00,1925,2900
trade,2022-01-31,SPY,Long,2022-01-31T15:06:00+00:00,2022-01-31T15:56:00+00:00,444.0282,445.1214,0.68,0.74,0.002462,3000000,SessionClose,0.5297,0.2823,0.3231,0.5351,0.5878,0.5254,0.0891,0.5878,,,
summary,2022-01-31,SPY,,,,,,,0.74,,1,,,,,,,,,,0.9499,2022-01-28T15:59:00+00:00,1017,1160
trade,2022-01-31,QQQ,Long,2022-01-31T14:51:00+00:00,2022-01-31T15:56:00+00:00,354.1712,358.6374,0.85,3.79,0.012610,3900000,SessionClose,0.4992,0.3330,-0.4961,0.5358,0.7576,0.5284,0.1139,0.7063,,,
summary,2022-01-31,QQQ,,,,,,,3.79,,1,,,,,,,,,,0.9601,2022-01-28T15:54:00+00:00,1058,1177
trade,2022-01-31,AAPL,Long,2022-01-31T14:51:00+00:00,2022-01-31T15:56:00+00:00,171.9266,172.9231,1.75,1.74,0.005796,3900000,SessionClose,0.5750,0.3263,-0.0145,0.5349,0.8519,0.4690,0.0927,0.7457,,,
summary,2022-01-31,AAPL,,,,,,,1.74,,1,,,,,,,,,,0.9588,2022-01-28T15:47:00+00:00,1117,1181
summary,2022-01-31,NVDA,,,,,,,0.00,,0,,,,,,,,,,0.9693,2022-01-28T15:49:00+00:00,950,1100
trade,2022-01-31,MSFT,Long,2022-01-31T15:06:00+00:00,2022-01-31T15:52:00+00:00,311.0883,308.5824,0.97,-2.42,-0.008055,2760000,ScoreExit,0.6114,-0.0524,0.1772,0.6326,0.7137,-0.4416,-0.3706,0.7137,,,
summary,2022-01-31,MSFT,,,,,,,-2.42,,1,,,,,,,,,,0.9593,2022-01-28T15:50:00+00:00,897,1044
summary,2022-02-01,SPY,,,,,,,0.00,,0,,,,,,,,,,0.6798,2022-01-31T15:09:00+00:00,1203,1519
summary,2022-02-01,QQQ,,,,,,,0.00,,0,,,,,,,,,,0.7650,2022-01-31T15:09:00+00:00,1242,1590
summary,2022-02-01,AAPL,,,,,,,0.00,,0,,,,,,,,,,0.7084,2022-01-31T15:00:00+00:00,1071,1521
summary,2022-02-01,NVDA,,,,,,,0.00,,0,,,,,,,,,,0.9949,2022-01-31T09:15:00+00:00,1120,1450
summary,2022-02-01,MSFT,,,,,,,0.00,,0,,,,,,,,,,0.7375,2022-01-31T15:08:00+00:00,422,1252
summary,2022-02-02,SPY,,,,,,,0.00,,0,,,,,,,,,,0.6798,2022-01-31T15:09:00+00:00,1882,2381
summary,2022-02-02,QQQ,,,,,,,0.00,,0,,,,,,,,,,0.7650,2022-01-31T15:09:00+00:00,1921,2496
summary,2022-02-02,AAPL,,,,,,,0.00,,0,,,,,,,,,,0.7084,2022-01-31T15:00:00+00:00,1641,2400
summary,2022-02-02,NVDA,,,,,,,0.00,,0,,,,,,,,,,0.9949,2022-01-31T09:15:00+00:00,1777,2328
trade,2022-02-02,MSFT,Long,2022-02-02T14:51:00+00:00,2022-02-02T15:52:00+00:00,311.1783,312.5912,0.96,1.36,0.004540,3660000,ScoreExit,0.4646,-0.0532,0.0596,0.5367,0.4555,-0.1979,-0.2442,0.3772,,,
summary,2022-02-02,MSFT,,,,,,,1.36,,1,,,,,,,,,,0.7375,2022-01-31T15:08:00+00:00,981,2025
summary,2022-02-03,SPY,,,,,,,0.00,,0,,,,,,,,,,0.8950,2022-01-31T15:09:00+00:00,2150,2988
summary,2022-02-03,QQQ,,,,,,,0.00,,0,,,,,,,,,,0.9651,2022-01-31T14:41:00+00:00,1865,3129
summary,2022-02-03,AAPL,,,,,,,0.00,,0,,,,,,,,,,1.0000,2022-01-31T14:40:00+00:00,2021,2987
trade,2022-02-03,NVDA,Long,2022-02-03T15:11:00+00:00,2022-02-03T15:56:00+00:00,246.9691,248.6005,1.03,1.68,0.006606,2700000,SessionClose,0.5457,0.1643,0.3487,0.6363,0.4302,0.4771,-0.0208,0.4302,,,
summary,2022-02-03,NVDA,,,,,,,1.68,,1,,,,,,,,,,1.0000,2022-01-31T14:34:00+00:00,1881,2941
summary,2022-02-03,MSFT,,,,,,,0.00,,0,,,,,,,,,,0.9104,2022-01-31T14:55:00+00:00,1090,2607
summary,2022-02-04,SPY,,,,,,,0.00,,0,,,,,,,,,,0.5961,2022-02-01T20:28:00+00:00,1366,3023
summary,2022-02-04,QQQ,,,,,,,0.00,,0,,,,,,,,,,0.6603,2022-02-01T21:29:00+00:00,1231,3159
summary,2022-02-04,AAPL,,,,,,,0.00,,0,,,,,,,,,,0.7523,2022-02-01T15:59:00+00:00,1666,3023
summary,2022-02-04,NVDA,,,,,,,0.00,,0,,,,,,,,,,0.9337,2022-02-01T21:27:00+00:00,1258,2887
trade,2022-02-04,MSFT,Long,2022-02-04T14:48:00+00:00,2022-02-04T15:34:00+00:00,303.5660,303.7638,0.99,0.20,0.000652,2760000,ScoreExit,0.3875,-0.0627,0.3577,0.5244,0.1235,-0.5513,-0.0424,0.0594,,,
summary,2022-02-04,MSFT,,,,,,,0.20,,1,,,,,,,,,,0.6550,2022-02-02T15:01:00+00:00,1302,2707
summary,2022-02-07,SPY,,,,,,,0.00,,0,,,,,,,,,,0.7089,2022-02-04T14:43:00+00:00,684,1136
summary,2022-02-07,QQQ,,,,,,,0.00,,0,,,,,,,,,,0.9369,2022-02-04T14:45:00+00:00,807,1160
summary,2022-02-07,AAPL,,,,,,,0.00,,0,,,,,,,,,,0.8932,2022-02-04T15:00:00+00:00,702,1074
trade,2022-02-07,NVDA,Long,2022-02-07T14:51:00+00:00,2022-02-07T15:56:00+00:00,247.2792,247.2208,1.21,-0.07,-0.000236,3900000,SessionClose,0.6880,0.4409,0.5795,0.5877,0.9249,-0.0282,0.2697,0.9398,,,
summary,2022-02-07,NVDA,,,,,,,-0.07,,1,,,,,,,,,,1.0000,2022-02-04T14:41:00+00:00,780,1013
summary,2022-02-07,MSFT,,,,,,,0.00,,0,,,,,,,,,,1.0000,2022-02-04T14:41:00+00:00,473,950
summary,2022-02-08,SPY,,,,,,,0.00,,0,,,,,,,,,,0.4556,2022-02-08T20:54:00+00:00,703,1460
summary,2022-02-08,QQQ,,,,,,,0.00,,0,,,,,,,,,,0.5774,2022-02-07T14:54:00+00:00,524,1508
summary,2022-02-08,AAPL,,,,,,,0.00,,0,,,,,,,,,,0.6844,2022-02-07T10:48:00+00:00,619,1353
summary,2022-02-08,NVDA,,,,,,,0.00,,0,,,,,,,,,,0.7142,2022-02-07T14:54:00+00:00,806,1285
summary,2022-02-08,MSFT,,,,,,,0.00,,0,,,,,,,,,,0.8624,2022-02-07T12:34:00+00:00,385,1166
summary,2022-02-09,SPY,,,,,,,0.00,,0,,,,,,,,,,0.4556,2022-02-08T20:54:00+00:00,1367,2281
summary,2022-02-09,QQQ,,,,,,,0.00,,0,,,,,,,,,,0.5774,2022-02-07T14:54:00+00:00,1250,2382
summary,2022-02-09,AAPL,,,,,,,0.00,,0,,,,,,,,,,0.6844,2022-02-07T10:48:00+00:00,1253,2154
trade,2022-02-09,NVDA,Long,2022-02-09T15:41:00+00:00,2022-02-09T15:56:00+00:00,257.5422,259.5271,1.17,2.31,0.007707,900000,SessionClose,0.5343,0.6492,0.4080,0.5417,0.5618,0.5123,0.7158,0.5618,,,
trade,2022-02-09,NVDA,Long,2022-02-09T15:58:00+00:00,2022-02-09T15:59:00+00:00,260.1396,259.7970,1.15,-0.40,-0.001317,60000,SessionClose,0.6500,0.6344,0.5201,0.7158,0.5618,0.3638,0.7158,0.5618,,,
summary,2022-02-09,NVDA,,,,,,,1.92,,2,,,,,,,,,,0.7142,2022-02-07T14:54:00+00:00,1479,2060
summary,2022-02-09,MSFT,,,,,,,0.00,,0,,,,,,,,,,0.8624,2022-02-07T12:34:00+00:00,962,1819
trade,2022-02-10,SPY,Long,2022-02-10T15:01:00+00:00,2022-02-10T15:52:00+00:00,455.3616,455.9932,0.66,0.42,0.001387,3060000,ScoreExit,0.4627,-0.0510,0.1952,0.6197,0.2378,-0.5935,-0.1049,0.2378,,,
summary,2022-02-10,SPY,,,,,,,0.42,,1,,,,,,,,,,0.5916,2022-02-07T15:34:00+00:00,1499,2850
trade,2022-02-10,QQQ,Long,2022-02-10T15:01:00+00:00,2022-02-10T15:56:00+00:00,363.5340,364.0657,0.83,0.44,0.001463,3300000,ScoreExit,0.4633,-0.0554,-0.0021,0.6590,0.2272,-0.5078,-0.1213,0.2272,,,
summary,2022-02-10,QQQ,,,,,,,0.44,,1,,,,,,,,,,0.7790,2022-02-07T14:41:00+00:00,1467,2940
summary,2022-02-10,AAPL,,,,,,,0.00,,0,,,,,,,,,,0.8792,2022-02-07T14:42:00+00:00,1399,2687
trade,2022-02-10,NVDA,Long,2022-02-10T14:51:00+00:00,2022-02-10T15:56:00+00:00,263.0439,265.3254,1.01,2.30,0.008673,3900000,SessionClose,0.5786,0.0435,0.5117,0.6668,0.4245,-0.5314,-0.0818,0.4857,,,
summary,2022-02-10,NVDA,,,,,,,2.30,,1,,,,,,,,,,1.0000,2022-02-07T14:37:00+00:00,1862,2667
trade,2022-02-10,MSFT,Long,2022-02-10T15:01:00+00:00,2022-02-10T15:54:00+00:00,307.0871,306.8129,0.98,-0.27,-0.000893,3180000,ScoreExit,0.3757,-0.0597,-0.1406,0.5805,0.1383,-0.5897,-0.0634,0.1245,,,
summary,2022-02-10,MSFT,,,,,,,-0.27,,1,,,,,,,,,,0.6037,2022-02-07T14:32:00+00:00,1044,2299
summary,2022-02-11,SPY,,,,,,,0.00,,0,,,,,,,,,,0.8957,2022-02-08T16:04:00+00:00,1534,2892
summary,2022-02-11,QQQ,,,,,,,0.00,,0,,,,,,,,,,0.9564,2022-02-08T15:53:00+00:00,1612,2975
summary,2022-02-11,AAPL,,,,,,,0.00,,0,,,,,,,,,,0.9526,2022-02-08T16:02:00+00:00,1496,2725
summary,2022-02-11,NVDA,,,,,,,0.00,,0,,,,,,,,,,1.0000,2022-02-08T14:37:00+00:00,1625,2680
summary,2022-02-11,MSFT,,,,,,,0.00,,0,,,,,,,,,,0.9559,2022-02-08T16:02:00+00:00,1112,2307
summary,2022-02-14,SPY,,,,,,,0.00,,0,,,,,,,,,,0.7482,2022-02-11T14:46:00+00:00,43,1173
summary,2022-02-14,QQQ,,,,,,,0.00,,0,,,,,,,,,,0.7595,2022-02-11T14:46:00+00:00,190,1195
summary,2022-02-14,AAPL,,,,,,,0.00,,0,,,,,,,,,,0.5988,2022-02-11T14:46:00+00:00,416,1164
trade,2022-02-14,NVDA,Long,2022-02-14T14:31:00+00:00,2022-02-14T15:32:00+00:00,240.9518,243.8417,1.05,3.03,0.011994,3660000,ScoreExit,0.5635,-0.0748,0.6369,0.6663,0.3333,-0.4349,-0.2188,0.3333,,,
summary,2022-02-14,NVDA,,,,,,,3.03,,1,,,,,,,,,,0.8590,2022-02-14T14:54:00+00:00,400,1154
summary,2022-02-14,MSFT,,,,,,,0.00,,0,,,,,,,,,,0.8113,2022-02-11T14:46:00+00:00,310,1076
summary,2022-02-15,SPY,,,,,,,0.00,,0,,,,,,,,,,0.6343,2022-02-15T09:19:00+00:00,1065,1559
summary,2022-02-15,QQQ,,,,,,,0.00,,0,,,,,,,,,,0.7142,2022-02-15T09:18:00+00:00,1203,1601
summary,2022-02-15,AAPL,,,,,,,0.00,,0,,,,,,,,,,0.6641,2022-02-14T13:01:00+00:00,1099,1452
trade,2022-02-15,NVDA,Long,2022-02-15T14:56:00+00:00,2022-02-15T15:56:00+00:00,252.7758,260.4268,0.98,7.53,0.030268,3600000,SessionClose,0.7415,0.5248,0.5662,0.7017,0.8794,0.4851,0.3527,0.8824,,,
summary,2022-02-15,NVDA,,,,,,,7.53,,1,,,,,,,,,,1.0000,2022-02-14T09:08:00+00:00,1180,1469
summary,2022-02-15,MSFT,,,,,,,0.00,,0,,,,,,,,,,0.8205,2022-02-14T10:23:00+00:00,914,1243
summary,2022-02-16,SPY,,,,,,,0.00,,0,,,,,,,,,,0.6343,2022-02-15T09:19:00+00:00,1606,2394
summary,2022-02-16,QQQ,,,,,,,0.00,,0,,,,,,,,,,0.7142,2022-02-15T09:18:00+00:00,1778,2458
summary,2022-02-16,AAPL,,,,,,,0.00,,0,,,,,,,,,,0.6641,2022-02-14T13:01:00+00:00,1561,2193
trade,2022-02-16,NVDA,Long,2022-02-16T15:41:00+00:00,2022-02-16T15:56:00+00:00,261.7485,263.4441,1.15,1.95,0.006478,900000,SessionClose,0.5982,0.5125,0.5312,0.6485,0.5200,0.5557,0.5016,0.5200,,,
trade,2022-02-16,NVDA,Long,2022-02-16T15:58:00+00:00,2022-02-16T15:59:00+00:00,262.8894,262.4862,1.14,-0.46,-0.001534,60000,SessionClose,0.4460,0.4244,-0.1093,0.5016,0.5200,-0.3252,0.5016,0.5200,,,
summary,2022-02-16,NVDA,,,,,,,1.49,,2,,,,,,,,,,1.0000,2022-02-14T09:08:00+00:00,1764,2323
summary,2022-02-16,MSFT,,,,,,,0.00,,0,,,,,,,,,,0.8205,2022-02-14T10:23:00+00:00,1211,1802
summary,2022-02-17,SPY,,,,,,,0.00,,0,,,,,,,,,,0.6293,2022-02-15T09:19:00+00:00,1657,2945
summary,2022-02-17,QQQ,,,,,,,0.00,,0,,,,,,,,,,0.8970,2022-02-14T14:52:00+00:00,1810,3001
summary,2022-02-17,AAPL,,,,,,,0.00,,0,,,,,,,,,,0.8932,2022-02-14T14:49:00+00:00,1623,2636
summary,2022-02-17,NVDA,,,,,,,0.00,,0,,,,,,,,,,1.0000,2022-02-14T14:34:00+00:00,1614,2958
summary,2022-02-17,MSFT,,,,,,,0.00,,0,,,,,,,,,,0.9077,2022-02-14T14:51:00+00:00,1115,2204
summary,2022-02-18,SPY,,,,,,,0.00,,0,,,,,,,,,,0.8173,2022-02-15T15:49:00+00:00,782,2907
summary,2022-02-18,QQQ,,,,,,,0.00,,0,,,,,,,,,,0.8717,2022-02-15T15:49:00+00:00,1003,3000
summary,2022-02-18,AAPL,,,,,,,0.00,,0,,,,,,,,,,0.7223,2022-02-15T15:49:00+00:00,792,2634
summary,2022-02-18,NVDA,,,,,,,0.00,,0,,,,,,,,,,1.0000,2022-02-15T14:37:00+00:00,1131,2958
summary,2022-02-18,MSFT,,,,,,,0.00,,0,,,,,,,,,,0.8630,2022-02-15T15:49:00+00:00,361,2209
summary,2022-02-21,SPY,,,,,,,0.00,,0,,,,,,,,,,0.6135,2022-02-18T14:54:00+00:00,82,510
summary,2022-02-21,QQQ,,,,,,,0.00,,0,,,,,,,,,,0.7418,2022-02-18T14:54:00+00:00,62,506
summary,2022-02-21,AAPL,,,,,,,0.00,,0,,,,,,,,,,0.4919,2022-02-18T19:31:00+00:00,32,501
summary,2022-02-21,NVDA,,,,,,,0.00,,0,,,,,,,,,,0.7974,2022-02-18T19:28:00+00:00,66,504
summary,2022-02-21,MSFT,,,,,,,0.00,,0,,,,,,,,,,0.3679,2022-02-18T19:31:00+00:00,17,472
summary,2022-02-22,SPY,,,,,,,0.00,,0,,,,,,,,,,0.9569,2022-02-22T10:22:00+00:00,343,721
trade,2022-02-22,QQQ,Long,2022-02-22T14:51:00+00:00,2022-02-22T15:42:00+00:00,342.4077,341.3526,0.88,-0.93,-0.003081,3060000,ScoreExit,0.6917,-0.0707,0.5778,0.5566,1.0000,-0.5999,-0.1497,0.2639,,,
summary,2022-02-22,QQQ,,,,,,,-0.93,,1,,,,,,,,,,0.9584,2022-02-22T10:23:00+00:00,389,717
summary,2022-02-22,AAPL,,,,,,,0.00,,0,,,,,,,,,,0.9584,2022-02-22T10:24:00+00:00,341,675
trade,2022-02-22,NVDA,Long,2022-02-22T14:41:00+00:00,2022-02-22T15:51:00+00:00,234.2553,235.5743,1.11,1.46,0.005631,4200000,ScoreExit,0.7823,-0.1317,0.6297,0.6989,1.0000,-0.5431,-0.3158,0.3736,,,
summary,2022-02-22,NVDA,,,,,,,1.46,,1,,,,,,,,,,0.9636,2022-02-22T10:14:00+00:00,402,697
trade,2022-02-22,MSFT,Long,2022-02-22T14:46:00+00:00,2022-02-22T15:56:00+00:00,288.7816,288.4584,1.04,-0.34,-0.001119,4200000,SessionClose,0.7449,-0.0375,0.6039,0.6408,1.0000,-0.4673,-0.3043,0.6394,,,
summary,2022-02-22,MSFT,,,,,,,-0.34,,1,,,,,,,,,,0.9613,2022-02-22T10:39:00+00:00,293,608
summary,2022-02-23,SPY,,,,,,,0.00,,0,,,,,,,,,,0.9569,2022-02-22T10:22:00+00:00,754,1599
summary,2022-02-23,QQQ,,,,,,,0.00,,0,,,,,,,,,,0.9584,2022-02-22T10:23:00+00:00,898,1655
summary,2022-02-23,AAPL,,,,,,,0.00,,0,,,,,,,,,,0.9584,2022-02-22T10:24:00+00:00,719,1469
trade,2022-02-23,NVDA,Long,2022-02-23T14:36:00+00:00,2022-02-23T14:46:00+00:00,237.9964,238.2235,1.26,0.29,0.000954,600000,ScoreExit,0.4051,-0.0660,-0.4344,0.5145,0.4661,-0.1296,-0.3215,0.4661,,,
summary,2022-02-23,NVDA,,,,,,,0.29,,1,,,,,,,,,,0.9636,2022-02-22T10:14:00+00:00,777,1460
summary,2022-02-23,MSFT,,,,,,,0.00,,0,,,,,,,,,,0.9613,2022-02-22T10:39:00+00:00,547,1195
summary,2022-02-24,SPY,,,,,,,0.00,,0,,,,,,,,,,0.9569,2022-02-22T10:22:00+00:00,873,2549
trade,2022-02-24,QQQ,Long,2022-02-24T15:23:00+00:00,2022-02-24T15:56:00+00:00,327.6533,328.4864,0.78,0.65,0.002543,1980000,SessionClose,0.3582,0.2422,0.0894,0.5275,0.1093,0.5854,0.2515,0.1093,,,
summary,2022-02-24,QQQ,,,,,,,0.65,,1,,,,,,,,,,0.9584,2022-02-22T10:23:00+00:00,1192,2612
summary,2022-02-24,AAPL,,,,,,,0.00,,0,,,,,,,,,,0.9584,2022-02-22T10:24:00+00:00,945,2415
trade,2022-02-24,NVDA,Long,2022-02-24T14:31:00+00:00,2022-02-24T15:56:00+00:00,212.0787,224.9275,0.99,12.77,0.060585,5100000,SessionClose,0.5658,0.3275,0.5468,0.8403,0.0232,0.6335,0.3428,0.1949,,,
summary,2022-02-24,NVDA,,,,,,,12.77,,1,,,,,,,,,,0.9636,2022-02-22T10:14:00+00:00,1131,2373
trade,2022-02-24,MSFT,Long,2022-02-24T14:36:00+00:00,2022-02-24T15:56:00+00:00,274.9174,282.8701,0.86,6.81,0.028927,4800000,SessionClose,0.4742,0.3298,0.4314,0.6920,0.0528,0.5607,0.3059,0.3004,,,
summary,2022-02-24,MSFT,,,,,,,6.81,,1,,,,,,,,,,0.9613,2022-02-22T10:39:00+00:00,934,2011
trade,2022-02-25,SPY,Long,2022-02-25T15:46:00+00:00,2022-02-25T15:56:00+00:00,432.8048,433.5249,0.69,0.50,0.001664,600000,SessionClose,0.5197,0.4427,0.5755,0.5084,0.5236,0.5276,0.3881,0.5236,,,
summary,2022-02-25,SPY,,,,,,,0.50,,1,,,,,,,,,,0.9018,2022-02-22T14:49:00+00:00,1360,3142
trade,2022-02-25,QQQ,Long,2022-02-25T15:46:00+00:00,2022-02-25T15:56:00+00:00,342.6378,343.0321,0.88,0.35,0.001151,600000,SessionClose,0.5377,0.4354,0.5948,0.5628,0.4684,0.3647,0.4307,0.4684,,,
summary,2022-02-25,QQQ,,,,,,,0.35,,1,,,,,,,,,,0.9410,2022-02-22T14:46:00+00:00,1647,3208
summary,2022-02-25,AAPL,,,,,,,0.00,,0,,,,,,,,,,0.9001,2022-02-22T14:49:00+00:00,1350,2975
trade,2022-02-25,NVDA,Long,2022-02-25T15:46:00+00:00,2022-02-25T15:56:00+00:00,239.6774,239.7938,1.01,0.12,0.000486,600000,SessionClose,0.5711,0.4313,0.6179,0.5603,0.5770,0.2417,0.3901,0.5770,,,
summary,2022-02-25,NVDA,,,,,,,0.12,,1,,,,,,,,,,1.0000,2022-02-22T14:40:00+00:00,1508,2900
summary,2022-02-25,MSFT,,,,,,,0.00,,0,,,,,,,,,,1.0000,2022-02-22T14:36:00+00:00,1319,2479
summary,2022-02-28,SPY,,,,,,,0.00,,0,,,,,,,,,,0.9585,2022-02-25T15:46:00+00:00,725,1200
summary,2022-02-28,QQQ,,,,,,,0.00,,0,,,,,,,,,,0.9610,2022-02-25T15:47:00+00:00,767,1221
summary,2022-02-28,AAPL,,,,,,,0.00,,0,,,,,,,,,,0.9586,2022-02-25T15:47:00+00:00,754,1131
trade,2022-02-28,NVDA,Long,2022-02-28T14:56:00+00:00,2022-02-28T15:56:00+00:00,240.7441,244.4117,1.17,4.28,0.015234,3600000,SessionClose,0.7433,0.5602,0.6254,0.6345,1.0000,0.0996,0.4170,1.0000,,,
summary,2022-02-28,NVDA,,,,,,,4.28,,1,,,,,,,,,,1.0000,2022-02-25T14:33:00+00:00,749,1078
trade,2022-02-28,MSFT,Long,2022-02-28T14:31:00+00:00,2022-02-28T15:11:00+00:00,296.0538,294.9165,1.01,-1.15,-0.003842,2400000,ScoreExit,0.5273,-0.1366,0.5998,0.6166,0.3245,-0.5876,-0.1746,0.0899,,,
summary,2022-02-28,MSFT,,,,,,,-1.15,,1,,,,,,,,,,0.8986,2022-02-25T15:11:00+00:00,627,980
summary,2022-03-01,SPY,,,,,,,0.00,,0,,,,,,,,,,0.6901,2022-02-28T09:09:00+00:00,766,1608
summary,2022-03-01,QQQ,,,,,,,0.00,,0,,,,,,,,,,0.8053,2022-02-28T09:09:00+00:00,843,1612
summary,2022-03-01,AAPL,,,,,,,0.00,,0,,,,,,,,,,0.9316,2022-02-28T09:08:00+00:00,785,1403
summary,2022-03-01,NVDA,,,,,,,0.00,,0,,,,,,,,,,1.0000,2022-02-28T09:07:00+00:00,622,1314
summary,2022-03-01,MSFT,,,,,,,0.00,,0,,,,,,,,,,0.7280,2022-02-28T12:07:00+00:00,517,1120
summary,2022-03-02,SPY,,,,,,,0.00,,0,,,,,,,,,,0.6901,2022-02-28T09:09:00+00:00,1221,2496
summary,2022-03-02,QQQ,,,,,,,0.00,,0,,,,,,,,,,0.8053,2022-02-28T09:09:00+00:00,1255,2491
summary,2022-03-02,AAPL,,,,,,,0.00,,0,,,,,,,,,,0.9316,2022-02-28T09:08:00+00:00,1172,2179
trade,2022-03-02,NVDA,Long,2022-03-02T14:41:00+00:00,2022-03-02T15:06:00+00:00,237.8513,238.8924,1.26,1.32,0.004377,1500000,ScoreExit,0.3807,-0.1343,0.4003,0.5618,0.0120,0.1392,-0.2562,0.0183,,,
summary,2022-03-02,NVDA,,,,,,,1.32,,1,,,,,,,,,,1.0000,2022-02-28T09:07:00+00:00,995,2011
summary,2022-03-02,MSFT,,,,,,,0.00,,0,,,,,,,,,,0.7280,2022-02-28T12:07:00+00:00,937,1702
summary,2022-03-03,SPY,,,,,,,0.00,,0,,,,,,,,,,0.9548,2022-02-28T15:42:00+00:00,1672,3058
summary,2022-03-03,QQQ,,,,,,,0.00,,0,,,,,,,,,,0.9598,2022-02-28T15:42:00+00:00,1392,3025
summary,2022-03-03,AAPL,,,,,,,0.00,,0,,,,,,,,,,0.9527,2022-02-28T15:56:00+00:00,1510,2670
summary,2022-03-03,NVDA,,,,,,,0.00,,0,,,,,,,,,,0.9594,2022-02-28T15:42:00+00:00,1176,2512
summary,2022-03-03,MSFT,,,,,,,0.00,,0,,,,,,,,,,0.9601,2022-02-28T15:42:00+00:00,1092,2168
summary,2022-03-04,SPY,,,,,,,0.00,,0,,,,,,,,,,0.5426,2022-03-02T16:13:00+00:00,1287,3047
summary,2022-03-04,QQQ,,,,,,,0.00,,0,,,,,,,,,,0.7714,2022-03-01T15:21:00+00:00,932,3036
summary,2022-03-04,AAPL,,,,,,,0.00,,0,,,,,,,,,,0.9842,2022-03-01T14:36:00+00:00,1136,2699
trade,2022-03-04,NVDA,Long,2022-03-04T14:40:00+00:00,2022-03-04T14:46:00+00:00,235.8157,233.7948,1.27,-2.57,-0.008570,360000,ScoreExit,0.3633,-0.0775,0.1751,0.5444,0.0639,-0.5871,-0.0633,0.0639,,,
summary,2022-03-04,NVDA,,,,,,,-2.57,,1,,,,,,,,,,0.8883,2022-03-01T15:32:00+00:00,932,2534
summary,2022-03-04,MSFT,,,,,,,0.00,,0,,,,,,,,,,0.8982,2022-03-01T14:50:00+00:00,681,2171
summary,2022-03-07,SPY,,,,,,,0.00,,0,,,,,,,,,,0.6250,2022-03-04T18:04:00+00:00,354,1194
summary,2022-03-07,QQQ,,,,,,,0.00,,0,,,,,,,,,,0.6248,2022-03-04T18:04:00+00:00,153,1185
summary,2022-03-07,AAPL,,,,,,,0.00,,0,,,,,,,,,,0.5914,2022-03-04T18:07:00+00:00,326,1151
trade,2022-03-07,NVDA,Long,2022-03-07T14:39:00+00:00,2022-03-07T15:00:00+00:00,229.1437,222.9581,1.31,-8.10,-0.026995,1260000,HardStop,0.3879,0.0000,0.3815,0.5726,0.0206,-0.5866,-0.5931,-0.2425,,,
summary,2022-03-07,NVDA,,,,,,,-8.10,,1,,,,,,,,,,1.0000,2022-03-04T14:37:00+00:00,157,1083
summary,2022-03-07,MSFT,,,,,,,0.00,,0,,,,,,,,,,0.7062,2022-03-04T17:17:00+00:00,248,998
summary,2022-03-08,SPY,,,,,,,0.00,,0,,,,,,,,,,0.7091,2022-03-08T17:18:00+00:00,343,1620
summary,2022-03-08,QQQ,,,,,,,0.00,,0,,,,,,,,,,0.8269,2022-03-08T17:18:00+00:00,356,1611
summary,2022-03-08,AAPL,,,,,,,0.00,,0,,,,,,,,,,0.7650,2022-03-08T17:44:00+00:00,386,1540
trade,2022-03-08,NVDA,Long,2022-03-08T15:53:00+00:00,2022-03-08T15:56:00+00:00,211.4684,213.8308,0.99,2.34,0.011171,180000,SessionClose,0.5005,0.6388,0.4054,0.6609,0.2115,0.6655,0.8479,0.2115,,,
summary,2022-03-08,NVDA,,,,,,,2.34,,1,,,,,,,,,,0.8979,2022-03-07T09:08:00+00:00,447,1422
summary,2022-03-08,MSFT,,,,,,,0.00,,0,,,,,,,,,,0.8851,2022-03-08T17:18:00+00:00,397,1267
summary,2022-03-09,SPY,,,,,,,0.00,,0,,,,,,,,,,0.7091,2022-03-08T17:18:00+00:00,919,2562
summary,2022-03-09,QQQ,,,,,,,0.00,,0,,,,,,,,,,0.8269,2022-03-08T17:18:00+00:00,971,2533
summary,2022-03-09,AAPL,,,,,,,0.00,,0,,,,,,,,,,0.7650,2022-03-08T17:44:00+00:00,942,2434
trade,2022-03-09,NVDA,Long,2022-03-09T15:01:00+00:00,2022-03-09T15:56:00+00:00,226.1028,227.4367,1.14,1.53,0.005900,3300000,SessionClose,0.6139,0.0268,0.5771,0.6252,0.6035,-0.4327,-0.1850,0.6035,,,
summary,2022-03-09,NVDA,,,,,,,1.53,,1,,,,,,,,,,0.8979,2022-03-07T09:08:00+00:00,1071,2246
trade,2022-03-09,MSFT,Long,2022-03-09T15:31:00+00:00,2022-03-09T15:56:00+00:00,285.4106,285.9220,1.05,0.54,0.001792,1500000,SessionClose,0.5670,0.4404,0.5553,0.5583,0.5884,0.0146,0.4373,0.5884,,,
summary,2022-03-09,MSFT,,,,,,,0.54,,1,,,,,,,,,,0.8851,2022-03-08T17:18:00+00:00,910,1941
summary,2022-03-10,SPY,,,,,,,0.00,,0,,,,,,,,,,0.6932,2022-03-08T17:18:00+00:00,1206,3155
summary,2022-03-10,QQQ,,,,,,,0.00,,0,,,,,,,,,,0.8189,2022-03-08T17:18:00+00:00,1186,3135
summary,2022-03-10,AAPL,,,,,,,0.00,,0,,,,,,,,,,0.7775,2022-03-07T14:31:00+00:00,955,3000
summary,2022-03-10,NVDA,,,,,,,0.00,,0,,,,,,,,,,0.8504,2022-03-09T09:20:00+00:00,1460,2785
summary,2022-03-10,MSFT,,,,,,,0.00,,0,,,,,,,,,,0.8892,2022-03-08T17:18:00+00:00,1211,2476
summary,2022-03-11,SPY,,,,,,,0.00,,0,,,,,,,,,,0.8254,2022-03-08T17:18:00+00:00,1697,3085
summary,2022-03-11,QQQ,,,,,,,0.00,,0,,,,,,,,,,1.0000,2022-03-08T14:35:00+00:00,1705,3098
summary,2022-03-11,AAPL,,,,,,,0.00,,0,,,,,,,,,,1.0000,2022-03-08T14:35:00+00:00,1194,2973
summary,2022-03-11,NVDA,,,,,,,0.00,,0,,,,,,,,,,0.9936,2022-03-08T14:35:00+00:00,1798,2718
summary,2022-03-11,MSFT,,,,,,,0.00,,0,,,,,,,,,,0.9306,2022-03-08T14:43:00+00:00,1452,2349
summary,2022-03-14,SPY,,,,,,,0.00,,0,,,,,,,,,,0.4430,2022-03-11T15:57:00+00:00,138,1180
summary,2022-03-14,QQQ,,,,,,,0.00,,0,,,,,,,,,,0.1049,2022-03-11T14:50:00+00:00,8,1191
summary,2022-03-14,AAPL,,,,,,,0.00,,0,,,,,,,,,,0.4828,2022-03-11T14:35:00+00:00,45,1194
trade,2022-03-14,NVDA,Long,2022-03-14T14:21:00+00:00,2022-03-14T14:41:00+00:00,221.1913,219.6791,1.36,-2.05,-0.006837,1200000,ScoreExit,0.3761,-0.1032,-0.1636,0.6258,0.0566,-0.0239,-0.1964,0.0566,,,
summary,2022-03-14,NVDA,,,,,,,-2.05,,1,,,,,,,,,,0.4956,2022-03-11T14:30:00+00:00,107,1059
trade,2022-03-14,MSFT,Long,2022-03-14T14:11:00+00:00,2022-03-14T15:11:00+00:00,284.1302,283.6999,1.06,-0.45,-0.001515,3600000,ScoreExit,0.5507,-0.1494,0.5541,0.5433,0.5643,-0.5206,-0.3485,0.3727,,,
summary,2022-03-14,MSFT,,,,,,,-0.45,,1,,,,,,,,,,0.8330,2022-03-11T15:51:00+00:00,132,1012
summary,2022-03-15,SPY,,,,,,,0.00,,0,,,,,,,,,,0.6180,2022-03-14T14:59:00+00:00,670,1568
trade,2022-03-15,QQQ,Long,2022-03-15T14:36:00+00:00,2022-03-15T15:56:00+00:00,324.1522,324.6776,0.93,0.49,0.001621,4800000,SessionClose,0.5597,0.0267,0.4664,0.5228,0.6645,-0.5891,-0.1772,0.6396,,,
summary,2022-03-15,QQQ,,,,,,,0.49,,1,,,,,,,,,,0.6532,2022-03-14T14:12:00+00:00,597,1612
summary,2022-03-15,AAPL,,,,,,,0.00,,0,,,,,,,,,,0.6963,2022-03-14T08:08:00+00:00,701,1587
trade,2022-03-15,NVDA,Long,2022-03-15T14:01:00+00:00,2022-03-15T15:56:00+00:00,218.3897,224.8276,1.33,8.58,0.029479,6900000,SessionClose,0.7371,0.0742,0.6524,0.6602,0.9192,-0.5503,-0.2380,0.9067,,,
summary,2022-03-15,NVDA,,,,,,,8.58,,1,,,,,,,,,,0.9609,2022-03-14T09:44:00+00:00,763,1326
summary,2022-03-15,MSFT,,,,,,,0.00,,0,,,,,,,,,,0.9613,2022-03-14T09:51:00+00:00,646,1224
summary,2022-03-16,SPY,,,,,,,0.00,,0,,,,,,,,,,0.6180,2022-03-14T14:59:00+00:00,1318,2447
trade,2022-03-16,QQQ,Long,2022-03-16T14:16:00+00:00,2022-03-16T15:41:00+00:00,336.5659,336.3041,0.89,-0.23,-0.000778,5100000,MaxHoldTimeout,0.5690,0.0025,0.6167,0.5732,0.5449,-0.5690,-0.1643,0.5264,,,
summary,2022-03-16,QQQ,,,,,,,-0.23,,1,,,,,,,,,,0.6532,2022-03-14T14:12:00+00:00,1292,2523
summary,2022-03-16,AAPL,,,,,,,0.00,,0,,,,,,,,,,0.6963,2022-03-14T08:08:00+00:00,1377,2457
trade,2022-03-16,NVDA,Long,2022-03-16T14:01:00+00:00,2022-03-16T15:56:00+00:00,238.1464,242.9621,1.26,6.08,0.020221,6900000,SessionClose,0.5795,0.3146,0.4904,0.5240,0.7201,0.4353,0.0879,0.7276,,,
summary,2022-03-16,NVDA,,,,,,,6.08,,1,,,,,,,,,,0.9609,2022-03-14T09:44:00+00:00,1448,2137
summary,2022-03-16,MSFT,,,,,,,0.00,,0,,,,,,,,,,0.9613,2022-03-14T09:51:00+00:00,1087,1880
summary,2022-03-17,SPY,,,,,,,0.00,,0,,,,,,,,,,0.9557,2022-03-14T14:59:00+00:00,1874,3065
trade,2022-03-17,QQQ,Long,2022-03-17T13:56:00+00:00,2022-03-17T14:37:00+00:00,340.1270,339.1632,0.88,-0.85,-0.002834,2460000,ScoreExit,0.4674,-0.0548,0.5772,0.5085,0.3485,-0.5166,-0.1084,0.2064,,,
summary,2022-03-17,QQQ,,,,,,,-0.85,,1,,,,,,,,,,0.9027,2022-03-14T14:12:00+00:00,1893,3141
summary,2022-03-17,AAPL,,,,,,,0.00,,0,,,,,,,,,,1.0000,2022-03-14T13:31:00+00:00,1813,3007
trade,2022-03-17,NVDA,Long,2022-03-17T13:51:00+00:00,2022-03-17T14:41:00+00:00,242.0176,243.6819,1.12,1.87,0.006877,3000000,ScoreExit,0.4937,-0.1118,-0.4661,0.5855,0.6301,0.3355,-0.3920,0.2994,,,
summary,2022-03-17,NVDA,,,,,,,1.87,,1,,,,,,,,,,0.9457,2022-03-14T13:46:00+00:00,1917,2734
summary,2022-03-17,MSFT,,,,,,,0.00,,0,,,,,,,,,,0.9578,2022-03-14T13:36:00+00:00,1437,2352
summary,2022-03-18,SPY,,,,,,,0.00,,0,,,,,,,,,,0.9463,2022-03-15T14:40:00+00:00,2392,3055
trade,2022-03-18,QQQ,Long,2022-03-18T13:56:00+00:00,2022-03-18T15:56:00+00:00,344.3783,346.9409,0.87,2.23,0.007441,7200000,SessionClose,0.5084,0.1351,0.4215,0.5460,0.4621,-0.2411,0.0099,0.5111,,,
summary,2022-03-18,QQQ,,,,,,,2.23,,1,,,,,,,,,,0.9571,2022-03-15T15:04:00+00:00,2504,3112
summary,2022-03-18,AAPL,,,,,,,0.00,,0,,,,,,,,,,0.9552,2022-03-15T14:54:00+00:00,2405,2891
summary,2022-03-18,NVDA,,,,,,,0.00,,0,,,,,,,,,,0.9581,2022-03-15T14:46:00+00:00,2329,2674
summary,2022-03-18,MSFT,,,,,,,0.00,,0,,,,,,,,,,0.9579,2022-03-15T14:49:00+00:00,1752,2252
summary,2022-03-21,SPY,,,,,,,0.00,,0,,,,,,,,,,0.8156,2022-03-18T14:12:00+00:00,945,1160
summary,2022-03-21,QQQ,,,,,,,0.00,,0,,,,,,,,,,0.9577,2022-03-18T15:04:00+00:00,917,1182
summary,2022-03-21,AAPL,,,,,,,0.00,,0,,,,,,,,,,0.9568,2022-03-18T15:04:00+00:00,962,1080
trade,2022-03-21,NVDA,Long,2022-03-21T14:51:00+00:00,2022-03-21T15:56:00+00:00,265.3646,270.4139,1.01,5.09,0.019028,3900000,SessionClose,0.6123,0.7824,0.6342,0.5142,0.8011,0.6021,0.7036,1.0000,,,
summary,2022-03-21,NVDA,,,,,,,5.09,,1,,,,,,,,,,1.0000,2022-03-18T13:32:00+00:00,970,1101
summary,2022-03-21,MSFT,,,,,,,0.00,,0,,,,,,,,,,0.9515,2022-03-18T15:04:00+00:00,704,981
summary,2022-03-22,SPY,,,,,,,0.00,,0,,,,,,,,,,0.4748,2022-03-21T13:36:00+00:00,892,1480
trade,2022-03-22,QQQ,Long,2022-03-22T14:16:00+00:00,2022-03-22T15:56:00+00:00,354.1812,356.7879,0.85,2.21,0.007360,6000000,SessionClose,0.5201,0.0701,-0.1062,0.5399,0.6892,0.3384,-0.2557,0.6324,,,
summary,2022-03-22,QQQ,,,,,,,2.21,,1,,,,,,,,,,0.6927,2022-03-21T15:27:00+00:00,953,1563
summary,2022-03-22,AAPL,,,,,,,0.00,,0,,,,,,,,,,0.6682,2022-03-21T15:22:00+00:00,963,1376
trade,2022-03-22,NVDA,Long,2022-03-22T14:31:00+00:00,2022-03-22T15:56:00+00:00,270.2611,270.4238,1.11,0.18,0.000602,5100000,ScoreExit,0.6425,-0.1556,0.5429,0.6039,0.7527,-0.1808,-0.5051,0.5519,,,
summary,2022-03-22,NVDA,,,,,,,0.18,,1,,,,,,,,,,0.8342,2022-03-21T09:34:00+00:00,879,1382
trade,2022-03-22,MSFT,Long,2022-03-22T14:31:00+00:00,2022-03-22T15:56:00+00:00,303.3710,303.8918,0.99,0.52,0.001717,5100000,SessionClose,0.5746,0.0122,0.5492,0.5462,0.6399,-0.3414,-0.2318,0.6182,,,
summary,2022-03-22,MSFT,,,,,,,0.52,,1,,,,,,,,,,0.8033,2022-03-21T09:33:00+00:00,657,1102
summary,2022-03-23,SPY,,,,,,,0.00,,0,,,,,,,,,,0.4748,2022-03-21T13:36:00+00:00,1247,2316
summary,2022-03-23,QQQ,,,,,,,0.00,,0,,,,,,,,,,0.6927,2022-03-21T15:27:00+00:00,1393,2426
trade,2022-03-23,AAPL,Long,2022-03-23T14:06:00+00:00,2022-03-23T15:56:00+00:00,169.8809,171.7035,1.77,3.22,0.010728,6600000,SessionClose,0.5226,0.3818,0.5399,0.5515,0.4590,0.4829,0.2639,0.5840,,,
summary,2022-03-23,AAPL,,,,,,,3.22,,1,,,,,,,,,,0.6682,2022-03-21T15:22:00+00:00,1565,2157
summary,2022-03-23,NVDA,,,,,,,0.00,,0,,,,,,,,,,0.8342,2022-03-21T09:34:00+00:00,965,2140
summary,2022-03-23,MSFT,,,,,,,0.00,,0,,,,,,,,,,0.8033,2022-03-21T09:33:00+00:00,984,1673
summary,2022-03-24,SPY,,,,,,,0.00,,0,,,,,,,,,,0.6858,2022-03-21T15:01:00+00:00,1535,2876
summary,2022-03-24,QQQ,,,,,,,0.00,,0,,,,,,,,,,0.8235,2022-03-21T13:41:00+00:00,1778,3000
summary,2022-03-24,AAPL,,,,,,,0.00,,0,,,,,,,,,,1.0000,2022-03-21T13:41:00+00:00,2094,2768
trade,2022-03-24,NVDA,Long,2022-03-24T13:42:00+00:00,2022-03-24T15:43:00+00:00,265.3446,279.4911,1.13,16.04,0.053314,7260000,MaxHoldTimeout,0.5569,0.6320,0.7314,0.6091,0.3945,0.4676,0.6549,0.6411,,,
summary,2022-03-24,NVDA,,,,,,,16.04,,1,,,,,,,,,,1.0000,2022-03-21T13:40:00+00:00,1300,2709
summary,2022-03-24,MSFT,,,,,,,0.00,,0,,,,,,,,,,0.6846,2022-03-21T13:43:00+00:00,1215,2120
summary,2022-03-25,SPY,,,,,,,0.00,,0,,,,,,,,,,0.8474,2022-03-22T14:43:00+00:00,1411,2858
summary,2022-03-25,QQQ,,,,,,,0.00,,0,,,,,,,,,,0.9523,2022-03-22T14:48:00+00:00,1665,2985
summary,2022-03-25,AAPL,,,,,,,0.00,,0,,,,,,,,,,1.0000,2022-03-22T13:39:00+00:00,2174,2826
summary,2022-03-25,NVDA,,,,,,,0.00,,0,,,,,,,,,,0.9567,2022-03-22T15:03:00+00:00,1363,2749
summary,2022-03-25,MSFT,,,,,,,0.00,,0,,,,,,,,,,0.9491,2022-03-22T14:51:00+00:00,1095,2142
summary,2022-03-28,SPY,,,,,,,0.00,,0,,,,,,,,,,0.8392,2022-03-25T14:42:00+00:00,721,1128
summary,2022-03-28,QQQ,,,,,,,0.00,,0,,,,,,,,,,0.7592,2022-03-25T14:42:00+00:00,732,1126
trade,2022-03-28,AAPL,Long,2022-03-28T13:36:00+00:00,2022-03-28T15:31:00+00:00,174.0252,174.1908,1.72,0.29,0.000952,6900000,ScoreExit,0.5507,-0.0926,0.6204,0.5662,0.4964,-0.4322,-0.2854,0.4061,,,
summary,2022-03-28,AAPL,,,,,,,0.29,,1,,,,,,,,,,0.9559,2022-03-25T14:42:00+00:00,629,1193
trade,2022-03-28,NVDA,Long,2022-03-28T13:56:00+00:00,2022-03-28T14:16:00+00:00,281.7422,277.7916,1.07,-4.21,-0.014022,1200000,ScoreExit,0.6471,-0.1413,0.6394,0.5182,0.9075,-0.4642,-0.4026,0.4890,,,
summary,2022-03-28,NVDA,,,,,,,-4.21,,1,,,,,,,,,,1.0000,2022-03-25T13:31:00+00:00,489,1083
trade,2022-03-28,MSFT,Long,2022-03-28T13:31:00+00:00,2022-03-28T15:03:00+00:00,305.4366,308.2875,0.98,2.80,0.009334,5520000,ScoreExit,0.6002,-0.0517,0.5725,0.5303,0.7493,-0.4995,-0.2688,0.5316,,,
summary,2022-03-28,MSFT,,,,,,,2.80,,1,,,,,,,,,,0.8742,2022-03-25T14:42:00+00:00,580,934
summary,2022-03-29,SPY,,,,,,,0.00,,0,,,,,,,,,,0.5877,2022-03-28T18:59:00+00:00,1066,1472
summary,2022-03-29,QQQ,,,,,,,0.00,,0,,,,,,,,,,0.6110,2022-03-28T18:59:00+00:00,1162,1535
summary,2022-03-29,AAPL,,,,,,,0.00,,0,,,,,,,,,,0.7006,2022-03-28T13:35:00+00:00,1137,1510
summary,2022-03-29,NVDA,,,,,,,0.00,,0,,,,,,,,,,0.9345,2022-03-28T08:57:00+00:00,1028,1402
summary,2022-03-29,MSFT,,,,,,,0.00,,0,,,,,,,,,,0.7866,2022-03-28T13:58:00+00:00,795,1144
summary,2022-03-30,SPY,,,,,,,0.00,,0,,,,,,,,,,0.5877,2022-03-28T18:59:00+00:00,1516,2305
summary,2022-03-30,QQQ,,,,,,,0.00,,0,,,,,,,,,,0.6110,2022-03-28T18:59:00+00:00,1675,2393
summary,2022-03-30,AAPL,,,,,,,0.00,,0,,,,,,,,,,0.7006,2022-03-28T13:35:00+00:00,1665,2325
summary,2022-03-30,NVDA,,,,,,,0.00,,0,,,,,,,,,,0.9345,2022-03-28T08:57:00+00:00,1297,2152
summary,2022-03-30,MSFT,,,,,,,0.00,,0,,,,,,,,,,0.7866,2022-03-28T13:58:00+00:00,1119,1744
summary,2022-03-31,SPY,,,,,,,0.00,,0,,,,,,,,,,0.6055,2022-03-28T14:59:00+00:00,1677,2850
summary,2022-03-31,QQQ,,,,,,,0.00,,0,,,,,,,,,,0.8082,2022-03-28T13:55:00+00:00,1816,2932
summary,2022-03-31,AAPL,,,,,,,0.00,,0,,,,,,,,,,1.0000,2022-03-28T13:35:00+00:00,1988,2801
trade,2022-03-31,NVDA,Long,2022-03-31T14:20:00+00:00,2022-03-31T15:46:00+00:00,280.4991,281.0207,0.89,0.46,0.001859,5160000,ScoreExit,0.4261,-0.1309,0.4378,0.5920,0.0904,-0.3534,-0.2096,0.1006,,,
summary,2022-03-31,NVDA,,,,,,,0.46,,1,,,,,,,,,,1.0000,2022-03-28T13:36:00+00:00,1275,2725
summary,2022-03-31,MSFT,,,,,,,0.00,,0,,,,,,,,,,1.0000,2022-03-28T13:34:00+00:00,1307,2192
summary,2022-04-01,SPY,,,,,,,0.00,,0,,,,,,,,,,0.5752,2022-03-29T19:34:00+00:00,704,2873
summary,2022-04-01,QQQ,,,,,,,0.00,,0,,,,,,,,,,0.5764,2022-03-29T19:08:00+00:00,760,2900
summary,2022-04-01,AAPL,,,,,,,0.00,,0,,,,,,,,,,0.8963,2022-03-29T13:47:00+00:00,1023,2818
summary,2022-04-01,NVDA,,,,,,,0.00,,0,,,,,,,,,,1.0000,2022-03-29T13:32:00+00:00,455,2679
summary,2022-04-01,MSFT,,,,,,,0.00,,0,,,,,,,,,,0.5791,2022-03-29T18:47:00+00:00,825,2172
summary,2022-04-04,SPY,,,,,,,0.00,,0,,,,,,,,,,0.4989,2022-04-01T18:32:00+00:00,708,1110
trade,2022-04-04,QQQ,Long,2022-04-04T13:51:00+00:00,2022-04-04T15:52:00+00:00,365.8347,367.8746,0.82,1.67,0.005576,7260000,MaxHoldTimeout,0.5437,0.3759,0.5169,0.5243,0.5915,0.4292,0.2796,0.5505,,,
summary,2022-04-04,QQQ,,,,,,,1.67,,1,,,,,,,,,,0.5723,2022-04-04T13:55:00+00:00,767,1144
trade,2022-04-04,AAPL,Long,2022-04-04T13:36:00+00:00,2022-04-04T15:37:00+00:00,176.0228,177.2218,1.71,2.04,0.006812,7260000,MaxHoldTimeout,0.5965,0.0378,0.5634,0.5315,0.7376,-0.5531,-0.1452,0.6007,,,
summary,2022-04-04,AAPL,,,,,,,2.04,,1,,,,,,,,,,0.6776,2022-04-04T13:54:00+00:00,716,1064
trade,2022-04-04,NVDA,Long,2022-04-04T13:46:00+00:00,2022-04-04T15:47:00+00:00,269.8459,274.7026,1.11,5.40,0.017998,7260000,MaxHoldTimeout,0.6475,0.5476,0.6013,0.5366,0.8848,0.1204,0.4354,0.9143,,,
summary,2022-04-04,NVDA,,,,,,,5.40,,1,,,,,,,,,,0.7961,2022-04-04T13:55:00+00:00,560,1059
trade,2022-04-04,MSFT,Long,2022-04-04T13:36:00+00:00,2022-04-04T14:58:00+00:00,312.3187,312.2213,0.96,-0.09,-0.000312,4920000,MaxHoldTimeout,0.5811,-0.0131,0.6012,0.5549,0.6268,-0.5400,-0.2142,0.5648,,,
summary,2022-04-04,MSFT,,,,,,,-0.09,,1,,,,,,,,,,0.8249,2022-04-01T14:53:00+00:00,589,937
summary,2022-04-05,SPY,,,,,,,0.00,,0,,,,,,,,,,0.7840,2022-04-04T09:12:00+00:00,777,1409
summary,2022-04-05,QQQ,,,,,,,0.00,,0,,,,,,,,,,0.8469,2022-04-04T09:15:00+00:00,818,1488
summary,2022-04-05,AAPL,,,,,,,0.00,,0,,,,,,,,,,0.8525,2022-04-04T09:13:00+00:00,702,1394
summary,2022-04-05,NVDA,,,,,,,0.00,,0,,,,,,,,,,0.8769,2022-04-04T09:23:00+00:00,580,1263
summary,2022-04-05,MSFT,,,,,,,0.00,,0,,,,,,,,,,0.7697,2022-04-04T10:22:00+00:00,537,1071
summary,2022-04-06,SPY,,,,,,,0.00,,0,,,,,,,,,,0.7840,2022-04-04T09:12:00+00:00,777,2274
summary,2022-04-06,QQQ,,,,,,,0.00,,0,,,,,,,,,,0.8469,2022-04-04T09:15:00+00:00,818,2380
summary,2022-04-06,AAPL,,,,,,,0.00,,0,,,,,,,,,,0.8525,2022-04-04T09:13:00+00:00,736,2224
summary,2022-04-06,NVDA,,,,,,,0.00,,0,,,,,,,,,,0.8769,2022-04-04T09:23:00+00:00,580,2086
summary,2022-04-06,MSFT,,,,,,,0.00,,0,,,,,,,,,,0.7697,2022-04-04T10:22:00+00:00,537,1731
summary,2022-04-07,SPY,,,,,,,0.00,,0,,,,,,,,,,0.7100,2022-04-04T15:04:00+00:00,768,2886
summary,2022-04-07,QQQ,,,,,,,0.00,,0,,,,,,,,,,0.9559,2022-04-04T15:04:00+00:00,739,2997
summary,2022-04-07,AAPL,,,,,,,0.00,,0,,,,,,,,,,1.0000,2022-04-04T13:34:00+00:00,727,2807
summary,2022-04-07,NVDA,,,,,,,0.00,,0,,,,,,,,,,1.0000,2022-04-04T13:40:00+00:00,583,2678
summary,2022-04-07,MSFT,,,,,,,0.00,,0,,,,,,,,,,1.0000,2022-04-04T13:35:00+00:00,517,2276
summary,2022-04-08,SPY,,,,,,,0.00,,0,,,,,,,,,,0.4735,2022-04-05T13:41:00+00:00,597,2884
summary,2022-04-08,QQQ,,,,,,,0.00,,0,,,,,,,,,,0.3961,2022-04-07T19:14:00+00:00,242,3031
summary,2022-04-08,AAPL,,,,,,,0.00,,0,,,,,,,,,,0.6769,2022-04-05T13:45:00+00:00,142,2757
summary,2022-04-08,NVDA,,,,,,,0.00,,0,,,,,,,,,,0.5208,2022-04-05T13:32:00+00:00,160,2747
summary,2022-04-08,MSFT,,,,,,,0.00,,0,,,,,,,,,,0.4409,2022-04-05T14:54:00+00:00,97,2254
summary,2022-04-11,SPY,,,,,,,0.00,,0,,,,,,,,,,0.9581,2022-04-08T15:01:00+00:00,226,1152
summary,2022-04-11,QQQ,,,,,,,0.00,,0,,,,,,,,,,0.9594,2022-04-08T15:01:00+00:00,158,1188
summary,2022-04-11,AAPL,,,,,,,0.00,,0,,,,,,,,,,0.9427,2022-04-08T15:02:00+00:00,225,1119
summary,2022-04-11,NVDA,,,,,,,0.00,,0,,,,,,,,,,0.7439,2022-04-08T15:02:00+00:00,263,1161
summary,2022-04-11,MSFT,,,,,,,0.00,,0,,,,,,,,,,0.9597,2022-04-08T15:01:00+00:00,166,1002
summary,2022-04-12,SPY,,,,,,,0.00,,0,,,,,,,,,,0.5355,2022-04-12T12:54:00+00:00,244,1520
summary,2022-04-12,QQQ,,,,,,,0.00,,0,,,,,,,,,,0.6620,2022-04-12T12:54:00+00:00,319,1581
summary,2022-04-12,AAPL,,,,,,,0.00,,0,,,,,,,,,,0.6117,2022-04-12T12:34:00+00:00,445,1460
summary,2022-04-12,NVDA,,,,,,,0.00,,0,,,,,,,,,,0.8294,2022-04-12T12:43:00+00:00,528,1480
summary,2022-04-12,MSFT,,,,,,,0.00,,0,,,,,,,,,,0.5992,2022-04-11T10:15:00+00:00,204,1258
summary,2022-04-13,SPY,,,,,,,0.00,,0,,,,,,,,,,0.5355,2022-04-12T12:54:00+00:00,535,2349
summary,2022-04-13,QQQ,,,,,,,0.00,,0,,,,,,,,,,0.6620,2022-04-12T12:54:00+00:00,670,2451
summary,2022-04-13,AAPL,,,,,,,0.00,,0,,,,,,,,,,0.6117,2022-04-12T12:34:00+00:00,1026,2232
trade,2022-04-13,NVDA,Long,2022-04-13T13:41:00+00:00,2022-04-13T15:42:00+00:00,218.9807,221.3186,1.25,2.93,0.010676,7260000,MaxHoldTimeout,0.4180,0.0346,0.4197,0.5875,0.0784,-0.1690,-0.2178,0.6071,,,
summary,2022-04-13,NVDA,,,,,,,2.93,,1,,,,,,,,,,0.8294,2022-04-12T12:43:00+00:00,868,2297
summary,2022-04-13,MSFT,,,,,,,0.00,,0,,,,,,,,,,0.5992,2022-04-11T10:15:00+00:00,455,1875
summary,2022-04-14,SPY,,,,,,,0.00,,0,,,,,,,,,,0.5541,2022-04-12T12:54:00+00:00,803,2856
summary,2022-04-14,QQQ,,,,,,,0.00,,0,,,,,,,,,,0.6733,2022-04-12T12:54:00+00:00,938,2982
summary,2022-04-14,AAPL,,,,,,,0.00,,0,,,,,,,,,,0.6297,2022-04-12T12:34:00+00:00,1252,2729
trade,2022-04-14,NVDA,Long,2022-04-14T13:31:00+00:00,2022-04-14T13:40:00+00:00,224.8124,223.9278,1.34,-1.18,-0.003935,540000,ScoreExit,0.3548,-0.0716,-0.3438,0.5546,0.1880,-0.6425,-0.1062,0.1880,,,
summary,2022-04-14,NVDA,,,,,,,-1.18,,1,,,,,,,,,,0.9090,2022-04-11T13:47:00+00:00,1065,2799
summary,2022-04-14,MSFT,,,,,,,0.00,,0,,,,,,,,,,0.6276,2022-04-12T12:33:00+00:00,553,2254
summary,2022-04-15,SPY,,,,,,,0.00,,0,,,,,,,,,,0.8706,2022-04-12T13:53:00+00:00,797,2189
summary,2022-04-15,QQQ,,,,,,,0.00,,0,,,,,,,,,,0.9010,2022-04-12T13:53:00+00:00,820,2276
summary,2022-04-15,AAPL,,,,,,,0.00,,0,,,,,,,,,,0.9383,2022-04-12T13:45:00+00:00,856,2084
summary,2022-04-15,NVDA,,,,,,,0.00,,0,,,,,,,,,,0.9354,2022-04-12T13:52:00+00:00,838,2162
summary,2022-04-15,MSFT,,,,,,,0.00,,0,,,,,,,,,,0.9416,2022-04-12T13:45:00+00:00,508,1658
summary,2022-04-18,SPY,,,,,,,0.00,,0,,,,,,,,,,0.5285,2022-04-18T17:49:00+00:00,257,632
summary,2022-04-18,QQQ,,,,,,,0.00,,0,,,,,,,,,,0.6635,2022-04-18T17:49:00+00:00,342,672
summary,2022-04-18,AAPL,,,,,,,0.00,,0,,,,,,,,,,0.6395,2022-04-18T14:44:00+00:00,290,584
trade,2022-04-18,NVDA,Long,2022-04-18T13:31:00+00:00,2022-04-18T15:16:00+00:00,213.9115,215.6853,1.40,2.49,0.008292,6300000,ScoreExit,0.6552,-0.1381,0.5246,0.5575,0.8940,-0.5684,-0.3791,0.4874,,,
summary,2022-04-18,NVDA,,,,,,,2.49,,1,,,,,,,,,,0.8024,2022-04-18T17:44:00+00:00,292,578
summary,2022-04-18,MSFT,,,,,,,0.00,,0,,,,,,,,,,0.8715,2022-04-18T11:14:00+00:00,235,500
trade,2022-04-19,SPY,Long,2022-04-19T13:56:00+00:00,2022-04-19T15:56:00+00:00,441.0473,443.7518,0.68,1.84,0.006132,7200000,SessionClose,0.5389,0.0772,0.5605,0.5402,0.5290,-0.3376,-0.1009,0.5717,,,
summary,2022-04-19,SPY,,,,,,,1.84,,1,,,,,,,,,,0.5691,2022-04-19T14:09:00+00:00,910,1503
trade,2022-04-19,QQQ,Long,2022-04-19T13:56:00+00:00,2022-04-19T15:56:00+00:00,340.9272,345.3214,0.88,3.87,0.012889,7200000,SessionClose,0.5471,0.1248,0.5790,0.5419,0.5469,-0.4505,-0.0715,0.7091,,,
summary,2022-04-19,QQQ,,,,,,,3.87,,1,,,,,,,,,,0.6635,2022-04-18T17:49:00+00:00,1019,1569
trade,2022-04-19,AAPL,Long,2022-04-19T14:21:00+00:00,2022-04-19T15:56:00+00:00,166.3049,167.0949,1.80,1.43,0.004750,5700000,SessionClose,0.4864,0.0527,0.0306,0.5017,0.6077,-0.5147,-0.1351,0.6175,,,
summary,2022-04-19,AAPL,,,,,,,1.43,,1,,,,,,,,,,0.6395,2022-04-18T14:44:00+00:00,898,1356
trade,2022-04-19,NVDA,Long,2022-04-19T14:11:00+00:00,2022-04-19T15:56:00+00:00,220.1011,222.9481,1.36,3.88,0.012935,6300000,SessionClose,0.6375,0.1277,0.5880,0.5313,0.8666,-0.5182,-0.1354,0.8693,,,
summary,2022-04-19,NVDA,,,,,,,3.88,,1,,,,,,,,,,0.8024,2022-04-18T17:44:00+00:00,924,1346
trade,2022-04-19,MSFT,Long,2022-04-19T13:56:00+00:00,2022-04-19T15:56:00+00:00,282.0476,284.4696,1.06,2.58,0.008587,7200000,SessionClose,0.5398,0.1074,0.5766,0.5371,0.5330,-0.1826,-0.1100,0.6388,,,
summary,2022-04-19,MSFT,,,,,,,2.58,,1,,,,,,,,,,0.8715,2022-04-18T11:14:00+00:00,730,1113
summary,2022-04-20,SPY,,,,,,,0.00,,0,,,,,,,,,,0.5691,2022-04-19T14:09:00+00:00,1497,2364
summary,2022-04-20,QQQ,,,,,,,0.00,,0,,,,,,,,,,0.6635,2022-04-18T17:49:00+00:00,1522,2500
summary,2022-04-20,AAPL,,,,,,,0.00,,0,,,,,,,,,,0.6395,2022-04-18T14:44:00+00:00,1397,2165
summary,2022-04-20,NVDA,,,,,,,0.00,,0,,,,,,,,,,0.8024,2022-04-18T17:44:00+00:00,1177,2137
summary,2022-04-20,MSFT,,,,,,,0.00,,0,,,,,,,,,,0.8715,2022-04-18T11:14:00+00:00,1159,1761
summary,2022-04-21,SPY,,,,,,,0.00,,0,,,,,,,,,,0.5637,2022-04-19T14:09:00+00:00,1849,2965
summary,2022-04-21,QQQ,,,,,,,0.00,,0,,,,,,,,,,0.8942,2022-04-18T14:25:00+00:00,1774,3079
summary,2022-04-21,AAPL,,,,,,,0.00,,0,,,,,,,,,,1.0000,2022-04-18T13:33:00+00:00,1770,2733
trade,2022-04-21,NVDA,Long,2022-04-21T13:39:00+00:00,2022-04-21T13:56:00+00:00,222.4618,219.0992,1.35,-4.54,-0.015115,1020000,ScoreExit,0.4916,-0.1208,0.4633,0.6277,0.2289,-0.6007,-0.2157,0.2289,,,
summary,2022-04-21,NVDA,,,,,,,-4.54,,1,,,,,,,,,,1.0000,2022-04-18T13:33:00+00:00,1286,2742
trade,2022-04-21,MSFT,Long,2022-04-21T13:36:00+00:00,2022-04-21T14:41:00+00:00,291.9225,290.7977,1.03,-1.16,-0.003853,3900000,ScoreExit,0.5365,-0.0656,0.6498,0.5329,0.5059,-0.3712,-0.2164,0.3377,,,
summary,2022-04-21,MSFT,,,,,,,-1.16,,1,,,,,,,,,,1.0000,2022-04-18T13:33:00+00:00,1346,2223
summary,2022-04-22,SPY,,,,,,,0.00,,0,,,,,,,,,,0.9566,2022-04-19T14:41:00+00:00,1350,2919
summary,2022-04-22,QQQ,,,,,,,0.00,,0,,,,,,,,,,0.9585,2022-04-19T14:41:00+00:00,1129,3061
summary,2022-04-22,AAPL,,,,,,,0.00,,0,,,,,,,,,,0.9575,2022-04-19T14:41:00+00:00,1331,2759
summary,2022-04-22,NVDA,,,,,,,0.00,,0,,,,,,,,,,0.9614,2022-04-19T14:41:00+00:00,716,2792
summary,2022-04-22,MSFT,,,,,,,0.00,,0,,,,,,,,,,0.9584,2022-04-19T14:40:00+00:00,1095,2219
summary,2022-04-25,SPY,,,,,,,0.00,,0,,,,,,,,,,0.4781,2022-04-25T19:53:00+00:00,115,1202
summary,2022-04-25,QQQ,,,,,,,0.00,,0,,,,,,,,,,0.6606,2022-04-22T14:06:00+00:00,127,1213
summary,2022-04-25,AAPL,,,,,,,0.00,,0,,,,,,,,,,1.0000,2022-04-22T13:33:00+00:00,213,1173
trade,2022-04-25,NVDA,Long,2022-04-25T14:31:00+00:00,2022-04-25T15:02:00+00:00,197.1641,194.5466,1.31,-3.43,-0.013276,1860000,ScoreExit,0.6674,-0.0558,0.6310,0.7784,0.4577,-0.4448,-0.1016,0.1655,,,
summary,2022-04-25,NVDA,,,,,,,-3.43,,1,,,,,,,,,,0.9364,2022-04-22T13:33:00+00:00,443,1159
trade,2022-04-25,MSFT,Long,2022-04-25T14:16:00+00:00,2022-04-25T14:56:00+00:00,275.4876,275.6723,1.09,0.20,0.000670,2400000,ScoreExit,0.3718,-0.0643,0.2939,0.5294,0.0826,-0.5410,-0.0944,0.1549,,,
summary,2022-04-25,MSFT,,,,,,,0.20,,1,,,,,,,,,,0.7835,2022-04-22T13:33:00+00:00,279,1032
summary,2022-04-26,SPY,,,,,,,0.00,,0,,,,,,,,,,0.6646,2022-04-25T18:51:00+00:00,731,1544
summary,2022-04-26,QQQ,,,,,,,0.00,,0,,,,,,,,,,0.7093,2022-04-25T14:31:00+00:00,806,1584
summary,2022-04-26,AAPL,,,,,,,0.00,,0,,,,,,,,,,0.6726,2022-04-25T18:53:00+00:00,598,1434
summary,2022-04-26,NVDA,,,,,,,0.00,,0,,,,,,,,,,0.8315,2022-04-25T14:31:00+00:00,639,1377
summary,2022-04-26,MSFT,,,,,,,0.00,,0,,,,,,,,,,0.7308,2022-04-25T14:31:00+00:00,610,1225
summary,2022-04-27,SPY,,,,,,,0.00,,0,,,,,,,,,,0.6646,2022-04-25T18:51:00+00:00,841,2487
trade,2022-04-27,QQQ,Long,2022-04-27T13:46:00+00:00,2022-04-27T15:02:00+00:00,321.6115,319.7590,0.93,-1.73,-0.005760,4560000,MaxHoldTimeout,0.4804,0.0000,0.5128,0.6947,0.0410,0.5774,0.2129,-0.1290,,,
summary,2022-04-27,QQQ,,,,,,,-1.73,,1,,,,,,,,,,0.7093,2022-04-25T14:31:00+00:00,891,2533
summary,2022-04-27,AAPL,,,,,,,0.00,,0,,,,,,,,,,0.6726,2022-04-25T18:53:00+00:00,679,2323
trade,2022-04-27,NVDA,Long,2022-04-27T13:38:00+00:00,2022-04-27T14:15:00+00:00,189.3468,184.4397,1.58,-7.77,-0.025916,2220000,HardStop,0.3742,0.0000,0.1801,0.5584,0.0705,-0.6293,-0.5613,-0.3249,,,
summary,2022-04-27,NVDA,,,,,,,-7.77,,1,,,,,,,,,,0.8315,2022-04-25T14:31:00+00:00,766,2210
trade,2022-04-27,MSFT,Long,2022-04-27T13:36:00+00:00,2022-04-27T14:11:00+00:00,281.5694,281.6205,0.86,0.04,0.000181,2100000,ScoreExit,0.5608,-0.1024,0.0690,0.6150,0.6161,-0.5774,-0.3751,0.6012,,,
trade,2022-04-27,MSFT,Long,2022-04-27T14:51:00+00:00,2022-04-27T15:56:00+00:00,285.6557,286.1491,1.03,0.51,0.001727,3900000,SessionClose,0.5395,-0.0407,0.3852,0.5343,0.6012,-0.5371,-0.2722,0.5879,,,
summary,2022-04-27,MSFT,,,,,,,0.55,,2,,,,,,,,,,0.8666,2022-04-26T22:06:00+00:00,1239,2113
summary,2022-04-28,SPY,,,,,,,0.00,,0,,,,,,,,,,0.8612,2022-04-25T14:37:00+00:00,1207,3086
summary,2022-04-28,QQQ,,,,,,,0.00,,0,,,,,,,,,,0.9067,2022-04-25T14:25:00+00:00,1331,3148
summary,2022-04-28,AAPL,,,,,,,0.00,,0,,,,,,,,,,0.9055,2022-04-25T14:26:00+00:00,1323,2924
trade,2022-04-28,NVDA,Long,2022-04-28T13:33:00+00:00,2022-04-28T13:41:00+00:00,191.1873,190.8978,1.57,-0.45,-0.001514,480000,ScoreExit,0.4305,-0.0597,0.1897,0.6011,0.1694,0.0217,-0.1854,0.1647,,,
summary,2022-04-28,NVDA,,,,,,,-0.45,,1,,,,,,,,,,1.0000,2022-04-25T13:31:00+00:00,1117,2778
summary,2022-04-28,MSFT,,,,,,,0.00,,0,,,,,,,,,,0.9456,2022-04-25T14:49:00+00:00,1686,2661
summary,2022-04-29,SPY,,,,,,,0.00,,0,,,,,,,,,,0.5557,2022-04-27T13:48:00+00:00,1257,3122
trade,2022-04-29,QQQ,Long,2022-04-29T13:56:00+00:00,2022-04-29T14:16:00+00:00,325.9427,324.7176,0.92,-1.13,-0.003759,1200000,ScoreExit,0.5058,-0.1634,0.5919,0.5567,0.3753,-0.5256,-0.2238,0.0781,,,
summary,2022-04-29,QQQ,,,,,,,-1.13,,1,,,,,,,,,,0.6879,2022-04-27T13:48:00+00:00,1342,3200
trade,2022-04-29,AAPL,Long,2022-04-29T13:51:00+00:00,2022-04-29T14:35:00+00:00,164.0342,162.7961,1.83,-2.27,-0.007548,2640000,ScoreExit,0.5628,-0.0618,0.4533,0.5347,0.6556,-0.5638,-0.2684,0.5187,,,
summary,2022-04-29,AAPL,,,,,,,-2.27,,1,,,,,,,,,,0.7035,2022-04-29T13:59:00+00:00,1528,3091
trade,2022-04-29,NVDA,Long,2022-04-29T13:31:00+00:00,2022-04-29T14:26:00+00:00,195.5036,195.3818,1.53,-0.19,-0.000623,3300000,ScoreExit,0.5785,-0.1065,0.5383,0.5713,0.6062,-0.3357,-0.2960,0.3489,,,
summary,2022-04-29,NVDA,,,,,,,-0.19,,1,,,,,,,,,,0.8312,2022-04-27T13:44:00+00:00,1309,2872
summary,2022-04-29,MSFT,,,,,,,0.00,,0,,,,,,,,,,0.9561,2022-04-26T22:06:00+00:00,1436,2713
summary,2022-05-02,SPY,,,,,,,0.00,,0,,,,,,,,,,0.7756,2022-04-29T13:59:00+00:00,92,1162
summary,2022-05-02,QQQ,,,,,,,0.00,,0,,,,,,,,,,0.9079,2022-04-29T13:56:00+00:00,102,1181
summary,2022-05-02,AAPL,,,,,,,0.00,,0,,,,,,,,,,1.0000,2022-04-29T13:32:00+00:00,114,1141
trade,2022-05-02,NVDA,Long,2022-05-02T13:36:00+00:00,2022-05-02T14:11:00+00:00,185.5607,187.0318,1.62,2.38,0.007928,2100000,ScoreExit,0.4686,-0.0591,-0.2593,0.6576,0.3333,-0.5807,-0.1684,0.3333,,,
summary,2022-05-02,NVDA,,,,,,,2.38,,1,,,,,,,,,,1.0000,2022-04-29T13:33:00+00:00,392,1095
trade,2022-05-02,MSFT,Long,2022-05-02T14:31:00+00:00,2022-05-02T15:01:00+00:00,281.8095,279.7311,1.04,-2.16,-0.007375,1800000,ScoreExit,0.5420,-0.0661,0.6003,0.5045,0.5977,-0.5219,-0.1135,0.1807,,,
summary,2022-05-02,MSFT,,,,,,,-2.16,,1,,,,,,,,,,0.7417,2022-05-02T19:32:00+00:00,205,1010
summary,2022-05-03,SPY,,,,,,,0.00,,0,,,,,,,,,,0.7883,2022-05-02T19:32:00+00:00,905,1509
summary,2022-05-03,QQQ,,,,,,,0.00,,0,,,,,,,,,,0.7469,2022-05-02T19:34:00+00:00,937,1565
summary,2022-05-03,AAPL,,,,,,,0.00,,0,,,,,,,,,,0.7710,2022-05-02T19:32:00+00:00,889,1447
trade,2022-05-03,NVDA,Long,2022-05-03T14:01:00+00:00,2022-05-03T14:41:00+00:00,197.0991,194.1867,1.52,-4.44,-0.014776,2400000,ScoreExit,0.5234,-0.0767,0.7177,0.5285,0.4483,-0.5885,-0.2540,0.4483,,,
summary,2022-05-03,NVDA,,,,,,,-4.44,,1,,,,,,,,,,0.8626,2022-05-02T13:43:00+00:00,937,1360
summary,2022-05-03,MSFT,,,,,,,0.00,,0,,,,,,,,,,0.7449,2022-05-02T19:32:00+00:00,689,1134
summary,2022-05-04,SPY,,,,,,,0.00,,0,,,,,,,,,,0.7883,2022-05-02T19:32:00+00:00,1481,2308
summary,2022-05-04,QQQ,,,,,,,0.00,,0,,,,,,,,,,0.7469,2022-05-02T19:34:00+00:00,1458,2390
summary,2022-05-04,AAPL,,,,,,,0.00,,0,,,,,,,,,,0.7710,2022-05-02T19:32:00+00:00,1480,2197
summary,2022-05-04,NVDA,,,,,,,0.00,,0,,,,,,,,,,0.8626,2022-05-02T13:43:00+00:00,1410,2167
summary,2022-05-04,MSFT,,,,,,,0.00,,0,,,,,,,,,,0.7449,2022-05-02T19:32:00+00:00,989,1677
summary,2022-05-05,SPY,,,,,,,0.00,,0,,,,,,,,,,0.9070,2022-05-02T14:25:00+00:00,1822,2969
summary,2022-05-05,QQQ,,,,,,,0.00,,0,,,,,,,,,,0.9329,2022-05-02T13:43:00+00:00,1791,3020
summary,2022-05-05,AAPL,,,,,,,0.00,,0,,,,,,,,,,0.9150,2022-05-02T14:30:00+00:00,1725,2748
summary,2022-05-05,NVDA,,,,,,,0.00,,0,,,,,,,,,,1.0000,2022-05-02T13:39:00+00:00,1655,2737
summary,2022-05-05,MSFT,,,,,,,0.00,,0,,,,,,,,,,0.9281,2022-05-02T13:43:00+00:00,1104,2148
trade,2022-05-06,SPY,Long,2022-05-06T14:49:00+00:00,2022-05-06T15:56:00+00:00,411.2283,410.2519,0.62,-0.61,-0.002374,4020000,SessionClose,0.3833,0.0000,0.3996,0.5571,0.0304,-0.3170,-0.3495,-0.0937,,,
summary,2022-05-06,SPY,,,,,,,-0.61,,1,,,,,,,,,,0.7830,2022-05-04T19:12:00+00:00,1306,3000
trade,2022-05-06,QQQ,Long,2022-05-06T14:49:00+00:00,2022-05-06T15:56:00+00:00,311.4184,310.2846,0.75,-0.85,-0.003641,4020000,SessionClose,0.4137,0.0000,0.3409,0.5862,0.0931,-0.3541,-0.3828,-0.0855,,,
summary,2022-05-06,QQQ,,,,,,,-0.85,,1,,,,,,,,,,0.9070,2022-05-03T14:00:00+00:00,1287,3045
trade,2022-05-06,AAPL,Long,2022-05-06T14:22:00+00:00,2022-05-06T15:32:00+00:00,158.0424,158.8073,1.90,1.45,0.004840,4200000,ScoreExit,0.4482,-0.0826,0.1136,0.6286,0.1989,-0.2893,-0.1278,0.0765,,,
summary,2022-05-06,AAPL,,,,,,,1.45,,1,,,,,,,,,,0.8963,2022-05-03T14:01:00+00:00,1463,2795
trade,2022-05-06,NVDA,Long,2022-05-06T14:16:00+00:00,2022-05-06T15:56:00+00:00,186.3909,188.3135,1.08,2.08,0.010315,6000000,SessionClose,0.5367,0.0000,0.4317,0.7186,0.2079,-0.1282,-0.5025,-0.1438,,,
summary,2022-05-06,NVDA,,,,,,,2.08,,1,,,,,,,,,,0.9289,2022-05-03T14:00:00+00:00,1126,2753
summary,2022-05-06,MSFT,,,,,,,0.00,,0,,,,,,,,,,0.7718,2022-05-04T19:31:00+00:00,637,2199
summary,2022-05-09,SPY,,,,,,,0.00,,0,,,,,,,,,,0.9629,2022-05-06T14:47:00+00:00,272,1201
summary,2022-05-09,QQQ,,,,,,,0.00,,0,,,,,,,,,,0.9632,2022-05-06T14:46:00+00:00,181,1199
summary,2022-05-09,AAPL,,,,,,,0.00,,0,,,,,,,,,,0.9553,2022-05-06T14:58:00+00:00,233,1183
summary,2022-05-09,NVDA,,,,,,,0.00,,0,,,,,,,,,,0.9733,2022-05-06T14:49:00+00:00,374,1125
summary,2022-05-09,MSFT,,,,,,,0.00,,0,,,,,,,,,,0.9608,2022-05-06T14:58:00+00:00,192,1036
summary,2022-05-10,SPY,,,,,,,0.00,,0,,,,,,,,,,0.7060,2022-05-10T17:49:00+00:00,528,1613
summary,2022-05-10,QQQ,,,,,,,0.00,,0,,,,,,,,,,0.7302,2022-05-10T17:49:00+00:00,531,1656
summary,2022-05-10,AAPL,,,,,,,0.00,,0,,,,,,,,,,0.6862,2022-05-10T17:49:00+00:00,606,1559
trade,2022-05-10,NVDA,Long,2022-05-10T14:01:00+00:00,2022-05-10T14:46:00+00:00,177.0081,176.0822,1.40,-1.30,-0.005231,2700000,ScoreExit,0.5034,-0.2227,0.6557,0.5338,0.3917,-0.5176,-0.4807,0.3917,,,
summary,2022-05-10,NVDA,,,,,,,-1.30,,1,,,,,,,,,,0.8312,2022-05-10T18:03:00+00:00,657,1511
summary,2022-05-10,MSFT,,,,,,,0.00,,0,,,,,,,,,,0.7588,2022-05-10T17:47:00+00:00,532,1314
trade,2022-05-11,SPY,Long,2022-05-11T13:43:00+00:00,2022-05-11T15:02:00+00:00,398.5645,400.6248,0.64,1.32,0.005169,4740000,ScoreExit,0.3646,-0.0977,0.3433,0.5094,0.0821,-0.5604,-0.1731,0.2073,,,
summary,2022-05-11,SPY,,,,,,,1.32,,1,,,,,,,,,,0.7060,2022-05-10T17:49:00+00:00,836,2496
trade,2022-05-11,QQQ,Long,2022-05-11T13:49:00+00:00,2022-05-11T14:51:00+00:00,302.6858,300.3349,0.75,-1.77,-0.007767,3720000,ScoreExit,0.6051,-0.1583,0.7002,0.6878,0.4081,-0.5450,-0.2383,0.1306,,,
summary,2022-05-11,QQQ,,,,,,,-1.77,,1,,,,,,,,,,0.7302,2022-05-10T17:49:00+00:00,902,2562
summary,2022-05-11,AAPL,,,,,,,0.00,,0,,,,,,,,,,0.6862,2022-05-10T17:49:00+00:00,905,2368
trade,2022-05-11,NVDA,Long,2022-05-11T13:49:00+00:00,2022-05-11T14:52:00+00:00,176.0928,174.4526,1.18,-1.94,-0.009314,3780000,ScoreExit,0.5687,-0.0724,0.7847,0.6589,0.3163,-0.6232,-0.1027,0.1717,,,
summary,2022-05-11,NVDA,,,,,,,-1.94,,1,,,,,,,,,,0.8312,2022-05-10T18:03:00+00:00,978,2290
trade,2022-05-11,MSFT,Long,2022-05-11T13:49:00+00:00,2022-05-11T15:05:00+00:00,269.3558,264.7855,0.83,-3.79,-0.016967,4560000,MaxHoldTimeout,0.4922,0.0000,0.6988,0.5207,0.3665,-0.3029,-0.3542,-0.1601,,,
summary,2022-05-11,MSFT,,,,,,,-3.79,,1,,,,,,,,,,0.7588,2022-05-10T17:47:00+00:00,704,1971
trade,2022-05-12,SPY,Long,2022-05-12T14:21:00+00:00,2022-05-12T15:43:00+00:00,391.6625,391.3875,0.67,-0.18,-0.000702,4920000,MaxHoldTimeout,0.4045,0.0000,0.1447,0.6070,0.0859,-0.5355,-0.3612,-0.1664,,,
summary,2022-05-12,SPY,,,,,,,-0.18,,1,,,,,,,,,,0.6525,2022-05-10T17:49:00+00:00,866,3105
trade,2022-05-12,QQQ,Long,2022-05-12T14:16:00+00:00,2022-05-12T15:47:00+00:00,291.2624,290.9977,0.89,-0.24,-0.000909,5460000,MaxHoldTimeout,0.4612,0.0000,0.3806,0.6410,0.1285,-0.5418,-0.4588,-0.1984,,,
summary,2022-05-12,QQQ,,,,,,,-0.24,,1,,,,,,,,,,0.8767,2022-05-09T13:38:00+00:00,1026,3179
trade,2022-05-12,AAPL,Long,2022-05-12T14:19:00+00:00,2022-05-12T15:45:00+00:00,143.5080,143.2020,2.09,-0.64,-0.002132,5160000,MaxHoldTimeout,0.3572,0.0000,0.0829,0.5514,0.0604,-0.5744,-0.4587,-0.1561,,,
summary,2022-05-12,AAPL,,,,,,,-0.64,,1,,,,,,,,,,0.6973,2022-05-10T17:49:00+00:00,917,2997
trade,2022-05-12,NVDA,Long,2022-05-12T14:25:00+00:00,2022-05-12T15:41:00+00:00,164.5244,164.1228,1.28,-0.52,-0.002441,4560000,MaxHoldTimeout,0.5340,0.0000,0.5771,0.7297,0.1284,0.2432,-0.3826,-0.3375,,,
summary,2022-05-12,NVDA,,,,,,,-0.52,,1,,,,,,,,,,1.0000,2022-05-09T13:41:00+00:00,849,2864
summary,2022-05-12,MSFT,,,,,,,0.00,,0,,,,,,,,,,0.7714,2022-05-10T17:47:00+00:00,721,2522
trade,2022-05-13,SPY,Long,2022-05-13T14:21:00+00:00,2022-05-13T15:56:00+00:00,400.6552,401.4245,0.75,0.58,0.001920,5700000,SessionClose,0.5403,0.2574,0.5393,0.5604,0.5005,0.4810,0.1020,0.4938,,,
summary,2022-05-13,SPY,,,,,,,0.58,,1,,,,,,,,,,0.8063,2022-05-10T17:49:00+00:00,1179,3089
trade,2022-05-13,QQQ,Long,2022-05-13T14:01:00+00:00,2022-05-13T15:56:00+00:00,299.0474,301.1846,1.00,2.15,0.007147,6900000,SessionClose,0.5541,0.3271,0.4245,0.5572,0.5912,0.4227,0.1813,0.5868,,,
summary,2022-05-13,QQQ,,,,,,,2.15,,1,,,,,,,,,,0.9038,2022-05-10T14:04:00+00:00,1280,3179
summary,2022-05-13,AAPL,,,,,,,0.00,,0,,,,,,,,,,0.8422,2022-05-10T14:06:00+00:00,870,3030
trade,2022-05-13,NVDA,Long,2022-05-13T13:46:00+00:00,2022-05-13T15:47:00+00:00,170.0390,176.2421,1.68,10.45,0.036481,7260000,MaxHoldTimeout,0.6228,0.4131,0.6055,0.6489,0.5765,0.4143,0.3252,0.5883,,,
summary,2022-05-13,NVDA,,,,,,,10.45,,1,,,,,,,,,,0.9448,2022-05-10T13:57:00+00:00,1098,2848
summary,2022-05-13,MSFT,,,,,,,0.00,,0,,,,,,,,,,0.9006,2022-05-10T14:03:00+00:00,719,2492
summary,2022-05-16,SPY,,,,,,,0.00,,0,,,,,,,,,,0.9111,2022-05-13T14:54:00+00:00,744,1146
summary,2022-05-16,QQQ,,,,,,,0.00,,0,,,,,,,,,,0.9576,2022-05-13T14:54:00+00:00,763,1167
summary,2022-05-16,AAPL,,,,,,,0.00,,0,,,,,,,,,,0.9584,2022-05-13T14:54:00+00:00,731,1115
trade,2022-05-16,NVDA,Long,2022-05-16T14:26:00+00:00,2022-05-16T14:46:00+00:00,176.9181,174.9025,1.51,-3.05,-0.011393,1200000,ScoreExit,0.5494,-0.0939,0.1693,0.5979,0.5791,-0.5147,-0.1667,0.1919,,,
summary,2022-05-16,NVDA,,,,,,,-3.05,,1,,,,,,,,,,0.9669,2022-05-13T13:46:00+00:00,821,1073
summary,2022-05-16,MSFT,,,,,,,0.00,,0,,,,,,,,,,0.9103,2022-05-13T13:53:00+00:00,590,957
summary,2022-05-17,SPY,,,,,,,0.00,,0,,,,,,,,,,0.6228,2022-05-17T08:38:00+00:00,962,1521
summary,2022-05-17,QQQ,,,,,,,0.00,,0,,,,,,,,,,0.6626,2022-05-17T08:16:00+00:00,892,1582
summary,2022-05-17,AAPL,,,,,,,0.00,,0,,,,,,,,,,0.8292,2022-05-16T09:15:00+00:00,975,1469
trade,2022-05-17,NVDA,Long,2022-05-17T13:31:00+00:00,2022-05-17T14:06:00+00:00,181.2994,180.0810,1.65,-2.02,-0.006720,2100000,ScoreExit,0.6908,-0.0656,0.5398,0.6583,0.8062,0.0767,-0.4180,0.5919,,,
summary,2022-05-17,NVDA,,,,,,,-2.02,,1,,,,,,,,,,0.8505,2022-05-17T08:16:00+00:00,816,1343
summary,2022-05-17,MSFT,,,,,,,0.00,,0,,,,,,,,,,0.8647,2022-05-16T09:04:00+00:00,824,1156
summary,2022-05-18,SPY,,,,,,,0.00,,0,,,,,,,,,,0.6228,2022-05-17T08:38:00+00:00,1192,2371
summary,2022-05-18,QQQ,,,,,,,0.00,,0,,,,,,,,,,0.6626,2022-05-17T08:16:00+00:00,1125,2438
summary,2022-05-18,AAPL,,,,,,,0.00,,0,,,,,,,,,,0.8292,2022-05-16T09:15:00+00:00,1196,2259
trade,2022-05-18,NVDA,Long,2022-05-18T14:05:00+00:00,2022-05-18T15:01:00+00:00,179.5689,179.6996,1.67,0.22,0.000728,3360000,ScoreExit,0.4389,-0.0933,0.3543,0.5511,0.2428,0.1515,-0.2274,0.0935,,,
summary,2022-05-18,NVDA,,,,,,,0.22,,1,,,,,,,,,,0.8505,2022-05-17T08:16:00+00:00,1082,2117
summary,2022-05-18,MSFT,,,,,,,0.00,,0,,,,,,,,,,0.8647,2022-05-16T09:04:00+00:00,945,1777
summary,2022-05-19,SPY,,,,,,,0.00,,0,,,,,,,,,,0.8060,2022-05-16T14:29:00+00:00,1031,3038
summary,2022-05-19,QQQ,,,,,,,0.00,,0,,,,,,,,,,0.8875,2022-05-16T14:17:00+00:00,1148,3092
summary,2022-05-19,AAPL,,,,,,,0.00,,0,,,,,,,,,,0.8902,2022-05-16T13:43:00+00:00,1057,2949
summary,2022-05-19,NVDA,,,,,,,0.00,,0,,,,,,,,,,1.0000,2022-05-16T13:39:00+00:00,1329,2774
summary,2022-05-19,MSFT,,,,,,,0.00,,0,,,,,,,,,,0.7618,2022-05-16T14:29:00+00:00,1086,2393
summary,2022-05-20,SPY,,,,,,,0.00,,0,,,,,,,,,,0.5965,2022-05-17T19:04:00+00:00,729,3024
summary,2022-05-20,QQQ,,,,,,,0.00,,0,,,,,,,,,,0.6432,2022-05-17T19:04:00+00:00,778,3062
summary,2022-05-20,AAPL,,,,,,,0.00,,0,,,,,,,,,,0.6778,2022-05-17T13:33:00+00:00,531,2973
summary,2022-05-20,NVDA,,,,,,,0.00,,0,,,,,,,,,,1.0000,2022-05-17T13:33:00+00:00,1047,2792
summary,2022-05-20,MSFT,,,,,,,0.00,,0,,,,,,,,,,0.9309,2022-05-17T13:45:00+00:00,540,2346
summary,2022-05-23,SPY,,,,,,,0.00,,0,,,,,,,,,,0.7967,2022-05-20T19:58:00+00:00,733,1174
summary,2022-05-23,QQQ,,,,,,,0.00,,0,,,,,,,,,,0.8237,2022-05-20T19:58:00+00:00,761,1200
trade,2022-05-23,AAPL,Long,2022-05-23T13:41:00+00:00,2022-05-23T15:42:00+00:00,139.4468,141.5425,2.15,4.51,0.015029,7260000,MaxHoldTimeout,0.6724,0.4348,0.6001,0.5894,0.8626,0.0492,0.2289,0.9752,,,
summary,2022-05-23,AAPL,,,,,,,4.51,,1,,,,,,,,,,0.9332,2022-05-20T13:43:00+00:00,810,1162
trade,2022-05-23,NVDA,Long,2022-05-23T13:46:00+00:00,2022-05-23T14:42:00+00:00,165.8949,163.9658,1.65,-3.19,-0.011628,3360000,ScoreExit,0.7250,-0.0580,0.6291,0.7086,0.7899,-0.3696,-0.2264,0.3825,,,
summary,2022-05-23,NVDA,,,,,,,-3.19,,1,,,,,,,,,,0.8803,2022-05-20T19:55:00+00:00,657,1114
summary,2022-05-23,MSFT,,,,,,,0.00,,0,,,,,,,,,,0.8657,2022-05-20T13:54:00+00:00,627,1029
summary,2022-05-24,SPY,,,,,,,0.00,,0,,,,,,,,,,0.6350,2022-05-23T15:03:00+00:00,646,1579
summary,2022-05-24,QQQ,,,,,,,0.00,,0,,,,,,,,,,0.6576,2022-05-23T15:33:00+00:00,561,1629
summary,2022-05-24,AAPL,,,,,,,0.00,,0,,,,,,,,,,0.7516,2022-05-23T13:48:00+00:00,839,1521
summary,2022-05-24,NVDA,,,,,,,0.00,,0,,,,,,,,,,0.7918,2022-05-23T13:47:00+00:00,624,1408
summary,2022-05-24,MSFT,,,,,,,0.00,,0,,,,,,,,,,0.8109,2022-05-23T09:37:00+00:00,736,1215
summary,2022-05-25,SPY,,,,,,,0.00,,0,,,,,,,,,,0.6350,2022-05-23T15:03:00+00:00,1195,2447
trade,2022-05-25,QQQ,Long,2022-05-25T13:45:00+00:00,2022-05-25T15:05:00+00:00,288.2815,288.6684,1.04,0.40,0.001342,4800000,ScoreExit,0.3547,-0.0747,0.2909,0.5198,0.0459,-0.4892,-0.1320,0.1781,,,
summary,2022-05-25,QQQ,,,,,,,0.40,,1,,,,,,,,,,0.6576,2022-05-23T15:33:00+00:00,1008,2542
summary,2022-05-25,AAPL,,,,,,,0.00,,0,,,,,,,,,,0.7516,2022-05-23T13:48:00+00:00,1156,2370
trade,2022-05-25,NVDA,Long,2022-05-25T13:34:00+00:00,2022-05-25T14:50:00+00:00,165.2045,164.7356,1.82,-0.85,-0.002839,4560000,MaxHoldTimeout,0.6801,0.0095,0.8021,0.7437,0.5124,-0.5669,-0.1813,0.5833,,,
summary,2022-05-25,NVDA,,,,,,,-0.85,,1,,,,,,,,,,0.7918,2022-05-23T13:47:00+00:00,1102,2229
summary,2022-05-25,MSFT,,,,,,,0.00,,0,,,,,,,,,,0.8109,2022-05-23T09:37:00+00:00,1192,1860
trade,2022-05-26,SPY,Long,2022-05-26T14:11:00+00:00,2022-05-26T15:56:00+00:00,402.6458,404.0737,0.75,1.06,0.003547,6300000,SessionClose,0.4108,0.1905,-0.4419,0.5163,0.4841,0.3800,0.0233,0.4616,,,
summary,2022-05-26,SPY,,,,,,,1.06,,1,,,,,,,,,,0.9598,2022-05-23T15:03:00+00:00,1759,3025
trade,2022-05-26,QQQ,Long,2022-05-26T13:51:00+00:00,2022-05-26T15:52:00+00:00,294.4933,297.4657,1.02,3.03,0.010093,7260000,MaxHoldTimeout,0.5557,0.1512,0.5237,0.5730,0.5318,-0.1394,-0.0064,0.5632,,,
summary,2022-05-26,QQQ,,,,,,,3.03,,1,,,,,,,,,,0.9024,2022-05-23T13:45:00+00:00,1740,3138
trade,2022-05-26,AAPL,Long,2022-05-26T13:58:00+00:00,2022-05-26T15:56:00+00:00,140.6572,142.8521,2.13,4.68,0.015605,7080000,SessionClose,0.4965,0.2771,0.4924,0.5943,0.3023,0.4503,0.0955,0.5828,,,
summary,2022-05-26,AAPL,,,,,,,4.68,,1,,,,,,,,,,1.0000,2022-05-23T13:40:00+00:00,1374,2983
trade,2022-05-26,NVDA,Long,2022-05-26T13:31:00+00:00,2022-05-26T15:32:00+00:00,162.1855,175.2824,1.60,20.89,0.080752,7260000,MaxHoldTimeout,0.5340,0.0908,0.4324,0.6514,0.3332,-0.4388,-0.0839,0.6168,,,
summary,2022-05-26,NVDA,,,,,,,20.89,,1,,,,,,,,,,1.0000,2022-05-23T13:35:00+00:00,1837,2925
summary,2022-05-26,MSFT,,,,,,,0.00,,0,,,,,,,,,,0.9806,2022-05-23T13:41:00+00:00,1549,2318
summary,2022-05-27,SPY,,,,,,,0.00,,0,,,,,,,,,,0.7085,2022-05-24T16:14:00+00:00,2331,2955
summary,2022-05-27,QQQ,,,,,,,0.00,,0,,,,,,,,,,0.7256,2022-05-24T16:14:00+00:00,2465,3072
trade,2022-05-27,AAPL,Long,2022-05-27T14:11:00+00:00,2022-05-27T15:27:00+00:00,148.1293,148.0806,2.03,-0.10,-0.000329,4560000,MaxHoldTimeout,0.5781,0.2636,0.5407,0.6086,0.5297,-0.2823,0.1920,0.5886,,,
summary,2022-05-27,AAPL,,,,,,,-0.10,,1,,,,,,,,,,0.7468,2022-05-24T16:14:00+00:00,1936,2923
summary,2022-05-27,NVDA,,,,,,,0.00,,0,,,,,,,,,,0.9594,2022-05-24T13:32:00+00:00,2190,2954
trade,2022-05-27,MSFT,Long,2022-05-27T14:01:00+00:00,2022-05-27T15:56:00+00:00,270.8912,271.9934,1.11,1.22,0.004069,6900000,SessionClose,0.5053,0.3006,0.4971,0.5100,0.4986,-0.1275,0.2478,0.5489,,,
summary,2022-05-27,MSFT,,,,,,,1.22,,1,,,,,,,,,,1.0000,2022-05-24T13:32:00+00:00,1747,2261
summary,2022-05-30,SPY,,,,,,,0.00,,0,,,,,,,,,,0.7955,2022-05-27T14:23:00+00:00,475,504
summary,2022-05-30,QQQ,,,,,,,0.00,,0,,,,,,,,,,0.8876,2022-05-27T14:21:00+00:00,483,503
summary,2022-05-30,AAPL,,,,,,,0.00,,0,,,,,,,,,,0.8949,2022-05-27T14:12:00+00:00,496,509
summary,2022-05-30,NVDA,,,,,,,0.00,,0,,,,,,,,,,1.0000,2022-05-27T13:32:00+00:00,441,497
summary,2022-05-30,MSFT,,,,,,,0.00,,0,,,,,,,,,,1.0000,2022-05-27T13:36:00+00:00,364,467
summary,2022-05-31,SPY,,,,,,,0.00,,0,,,,,,,,,,0.6773,2022-05-31T16:02:00+00:00,338,709
summary,2022-05-31,QQQ,,,,,,,0.00,,0,,,,,,,,,,0.7131,2022-05-31T16:04:00+00:00,402,711
summary,2022-05-31,AAPL,,,,,,,0.00,,0,,,,,,,,,,0.7020,2022-05-31T16:03:00+00:00,346,673
trade,2022-05-31,NVDA,Long,2022-05-31T14:36:00+00:00,2022-05-31T15:13:00+00:00,188.1594,187.1488,1.59,-1.61,-0.005371,2220000,ScoreExit,0.6639,-0.1105,0.0967,0.5904,1.0000,-0.5333,-0.1391,0.0875,,,
summary,2022-05-31,NVDA,,,,,,,-1.61,,1,,,,,,,,,,0.7451,2022-05-31T08:42:00+00:00,328,653
summary,2022-05-31,MSFT,,,,,,,0.00,,0,,,,,,,,,,0.7581,2022-05-31T08:31:00+00:00,322,559
summary,2022-06-01,SPY,,,,,,,0.00,,0,,,,,,,,,,0.6773,2022-05-31T16:02:00+00:00,795,1565
summary,2022-06-01,QQQ,,,,,,,0.00,,0,,,,,,,,,,0.7131,2022-05-31T16:04:00+00:00,892,1581
summary,2022-06-01,AAPL,,,,,,,0.00,,0,,,,,,,,,,0.7020,2022-05-31T16:03:00+00:00,806,1458
trade,2022-06-01,NVDA,Long,2022-06-01T13:31:00+00:00,2022-06-01T14:06:00+00:00,187.8813,188.2685,1.59,0.62,0.002061,2100000,ScoreExit,0.5589,-0.0573,0.2047,0.5443,0.7061,-0.4796,-0.2539,0.4767,,,
summary,2022-06-01,NVDA,,,,,,,0.62,,1,,,,,,,,,,0.7451,2022-05-31T08:42:00+00:00,627,1413
summary,2022-06-01,MSFT,,,,,,,0.00,,0,,,,,,,,,,0.7581,2022-05-31T08:31:00+00:00,655,1164
summary,2022-06-02,SPY,,,,,,,0.00,,0,,,,,,,,,,0.6773,2022-05-31T16:02:00+00:00,1156,2413
summary,2022-06-02,QQQ,,,,,,,0.00,,0,,,,,,,,,,0.7131,2022-05-31T16:04:00+00:00,1307,2465
summary,2022-06-02,AAPL,,,,,,,0.00,,0,,,,,,,,,,0.7020,2022-05-31T16:03:00+00:00,1153,2229
trade,2022-06-02,NVDA,Long,2022-06-02T13:37:00+00:00,2022-06-02T15:38:00+00:00,183.6001,193.5169,1.63,16.18,0.054013,7260000,MaxHoldTimeout,0.3744,0.5407,-0.0290,0.5488,0.1602,0.1186,0.5384,0.6860,,,
summary,2022-06-02,NVDA,,,,,,,16.18,,1,,,,,,,,,,0.7557,2022-06-02T14:13:00+00:00,996,2150
summary,2022-06-02,MSFT,,,,,,,0.00,,0,,,,,,,,,,0.7581,2022-05-31T08:31:00+00:00,943,1738
summary,2022-06-03,SPY,,,,,,,0.00,,0,,,,,,,,,,0.8846,2022-05-31T15:03:00+00:00,1270,2939
summary,2022-06-03,QQQ,,,,,,,0.00,,0,,,,,,,,,,0.9539,2022-05-31T15:04:00+00:00,1550,3044
summary,2022-06-03,AAPL,,,,,,,0.00,,0,,,,,,,,,,0.8162,2022-05-31T14:44:00+00:00,1212,2773
summary,2022-06-03,NVDA,,,,,,,0.00,,0,,,,,,,,,,0.9569,2022-05-31T14:46:00+00:00,1160,2706
summary,2022-06-03,MSFT,,,,,,,0.00,,0,,,,,,,,,,0.7699,2022-05-31T16:04:00+00:00,1113,2276
summary,2022-06-06,SPY,,,,,,,0.00,,0,,,,,,,,,,0.7151,2022-06-06T08:11:00+00:00,532,1136
summary,2022-06-06,QQQ,,,,,,,0.00,,0,,,,,,,,,,0.7975,2022-06-03T14:01:00+00:00,475,1174
summary,2022-06-06,AAPL,,,,,,,0.00,,0,,,,,,,,,,0.8253,2022-06-03T14:00:00+00:00,425,1135
summary,2022-06-06,NVDA,,,,,,,0.00,,0,,,,,,,,,,1.0000,2022-06-03T13:31:00+00:00,369,1061
summary,2022-06-06,MSFT,,,,,,,0.00,,0,,,,,,,,,,1.0000,2022-06-03T13:32:00+00:00,263,951
trade,2022-06-07,SPY,Long,2022-06-07T14:37:00+00:00,2022-06-07T15:21:00+00:00,412.8388,412.5412,0.73,-0.22,-0.000721,2640000,ScoreExit,0.4674,-0.0646,0.5831,0.5213,0.3209,-0.4773,-0.1482,0.2401,,,
summary,2022-06-07,SPY,,,,,,,-0.22,,1,,,,,,,,,,0.5008,2022-06-07T14:48:00+00:00,483,1473
trade,2022-06-07,QQQ,Long,2022-06-07T14:33:00+00:00,2022-06-07T15:21:00+00:00,307.7173,308.1125,0.98,0.39,0.001284,2880000,ScoreExit,0.4694,-0.0630,0.5681,0.5057,0.3640,-0.4760,-0.1872,0.3232,,,
summary,2022-06-07,QQQ,,,,,,,0.39,,1,,,,,,,,,,0.6340,2022-06-06T08:00:00+00:00,537,1522
trade,2022-06-07,AAPL,Long,2022-06-07T13:37:00+00:00,2022-06-07T15:29:00+00:00,145.4986,147.0359,2.06,3.17,0.010565,6720000,ScoreExit,0.4108,-0.0559,0.3699,0.5276,0.1908,-0.5283,-0.3012,0.5923,,,
summary,2022-06-07,AAPL,,,,,,,3.17,,1,,,,,,,,,,0.5683,2022-06-07T14:04:00+00:00,567,1432
trade,2022-06-07,NVDA,Long,2022-06-07T14:46:00+00:00,2022-06-07T15:20:00+00:00,188.3215,187.5837,1.59,-1.18,-0.003918,2040000,ScoreExit,0.5522,-0.0508,0.5972,0.6435,0.3546,-0.4501,-0.0477,0.0761,,,
summary,2022-06-07,NVDA,,,,,,,-1.18,,1,,,,,,,,,,0.8249,2022-06-06T08:44:00+00:00,460,1294
trade,2022-06-07,MSFT,Long,2022-06-07T13:47:00+00:00,2022-06-07T15:47:00+00:00,268.3655,270.3639,1.12,2.23,0.007446,7200000,ScoreExit,0.3707,-0.0530,0.3495,0.5498,0.0195,0.0451,-0.3352,0.4787,,,
summary,2022-06-07,MSFT,,,,,,,2.23,,1,,,,,,,,,,0.5829,2022-06-06T14:00:00+00:00,445,1113
summary,2022-06-08,SPY,,,,,,,0.00,,0,,,,,,,,,,0.5008,2022-06-07T14:48:00+00:00,853,2306
trade,2022-06-08,QQQ,Long,2022-06-08T13:51:00+00:00,2022-06-08T14:56:00+00:00,311.0683,310.2519,0.96,-0.79,-0.002624,3900000,ScoreExit,0.4658,-0.0915,0.5263,0.5212,0.3349,-0.3580,-0.2240,0.2624,,,
summary,2022-06-08,QQQ,,,,,,,-0.79,,1,,,,,,,,,,0.6340,2022-06-06T08:00:00+00:00,887,2351
summary,2022-06-08,AAPL,,,,,,,0.00,,0,,,,,,,,,,0.5683,2022-06-07T14:04:00+00:00,1055,2185
trade,2022-06-08,NVDA,Long,2022-06-08T13:46:00+00:00,2022-06-08T14:56:00+00:00,189.4718,190.1679,1.58,1.10,0.003674,4200000,ScoreExit,0.4920,-0.0856,0.4905,0.5098,0.4570,-0.3926,-0.2277,0.3011,,,
summary,2022-06-08,NVDA,,,,,,,1.10,,1,,,,,,,,,,0.8249,2022-06-06T08:44:00+00:00,744,1991
summary,2022-06-08,MSFT,,,,,,,0.00,,0,,,,,,,,,,0.5829,2022-06-06T14:00:00+00:00,717,1652
summary,2022-06-09,SPY,,,,,,,0.00,,0,,,,,,,,,,0.7230,2022-06-06T14:49:00+00:00,805,2857
summary,2022-06-09,QQQ,,,,,,,0.00,,0,,,,,,,,,,0.8778,2022-06-06T14:06:00+00:00,853,2886
summary,2022-06-09,AAPL,,,,,,,0.00,,0,,,,,,,,,,0.7820,2022-06-06T14:41:00+00:00,1158,2697
trade,2022-06-09,NVDA,Long,2022-06-09T13:56:00+00:00,2022-06-09T14:51:00+00:00,187.3412,187.4887,1.60,0.24,0.000788,3300000,ScoreExit,0.4012,-0.1851,0.1252,0.5949,0.1056,-0.5592,-0.2419,0.0531,,,
summary,2022-06-09,NVDA,,,,,,,0.24,,1,,,,,,,,,,0.9051,2022-06-06T14:03:00+00:00,731,2483
trade,2022-06-09,MSFT,Long,2022-06-09T13:56:00+00:00,2022-06-09T14:51:00+00:00,271.8865,271.4835,1.10,-0.45,-0.001482,3300000,ScoreExit,0.5077,-0.0794,0.6186,0.5883,0.3096,-0.5364,-0.1661,0.2465,,,
summary,2022-06-09,MSFT,,,,,,,-0.45,,1,,,,,,,,,,0.9062,2022-06-06T14:00:00+00:00,911,2051
summary,2022-06-10,SPY,,,,,,,0.00,,0,,,,,,,,,,0.9559,2022-06-07T14:42:00+00:00,925,2917
summary,2022-06-10,QQQ,,,,,,,0.00,,0,,,,,,,,,,0.9567,2022-06-07T14:42:00+00:00,1164,2929
summary,2022-06-10,AAPL,,,,,,,0.00,,0,,,,,,,,,,1.0000,2022-06-07T13:35:00+00:00,1144,2692
summary,2022-06-10,NVDA,,,,,,,0.00,,0,,,,,,,,,,1.0000,2022-06-07T13:37:00+00:00,865,2487
summary,2022-06-10,MSFT,,,,,,,0.00,,0,,,,,,,,,,1.0000,2022-06-07T13:40:00+00:00,917,2050
summary,2022-06-13,SPY,,,,,,,0.00,,0,,,,,,,,,,0.5146,2022-06-10T18:58:00+00:00,138,1209
summary,2022-06-13,QQQ,,,,,,,0.00,,0,,,,,,,,,,0.5317,2022-06-10T19:27:00+00:00,185,1202
summary,2022-06-13,AAPL,,,,,,,0.00,,0,,,,,,,,,,0.6075,2022-06-10T13:31:00+00:00,341,1187
summary,2022-06-13,NVDA,,,,,,,0.00,,0,,,,,,,,,,0.9463,2022-06-10T13:45:00+00:00,269,1151
summary,2022-06-13,MSFT,,,,,,,0.00,,0,,,,,,,,,,0.3927,2022-06-10T19:27:00+00:00,133,1059
summary,2022-06-14,SPY,,,,,,,0.00,,0,,,,,,,,,,0.6393,2022-06-13T16:38:00+00:00,433,1621
summary,2022-06-14,QQQ,,,,,,,0.00,,0,,,,,,,,,,0.6641,2022-06-13T16:38:00+00:00,536,1638
summary,2022-06-14,AAPL,,,,,,,0.00,,0,,,,,,,,,,0.6315,2022-06-13T13:59:00+00:00,748,1530
summary,2022-06-14,NVDA,,,,,,,0.00,,0,,,,,,,,,,0.8562,2022-06-13T08:08:00+00:00,604,1456
summary,2022-06-14,MSFT,,,,,,,0.00,,0,,,,,,,,,,0.6234,2022-06-13T16:38:00+00:00,571,1272
summary,2022-06-15,SPY,,,,,,,0.00,,0,,,,,,,,,,0.6393,2022-06-13T16:38:00+00:00,849,2506
summary,2022-06-15,QQQ,,,,,,,0.00,,0,,,,,,,,,,0.6641,2022-06-13T16:38:00+00:00,1120,2519
summary,2022-06-15,AAPL,,,,,,,0.00,,0,,,,,,,,,,0.6315,2022-06-13T13:59:00+00:00,1377,2328
trade,2022-06-15,NVDA,Long,2022-06-15T13:31:00+00:00,2022-06-15T14:31:00+00:00,160.6532,161.4266,1.87,1.44,0.004814,3600000,ScoreExit,0.4220,-0.0932,-0.4417,0.5483,0.4573,-0.5564,-0.3213,0.5175,,,
summary,2022-06-15,NVDA,,,,,,,1.44,,1,,,,,,,,,,0.8562,2022-06-13T08:08:00+00:00,1248,2181
summary,2022-06-15,MSFT,,,,,,,0.00,,0,,,,,,,,,,0.6345,2022-06-15T18:44:00+00:00,1082,1867
summary,2022-06-16,SPY,,,,,,,0.00,,0,,,,,,,,,,0.6408,2022-06-13T16:38:00+00:00,1121,3122
summary,2022-06-16,QQQ,,,,,,,0.00,,0,,,,,,,,,,0.8271,2022-06-13T13:37:00+00:00,1192,3149
summary,2022-06-16,AAPL,,,,,,,0.00,,0,,,,,,,,,,0.9230,2022-06-13T13:43:00+00:00,1362,2923
summary,2022-06-16,NVDA,,,,,,,0.00,,0,,,,,,,,,,1.0000,2022-06-13T13:32:00+00:00,1369,2728
summary,2022-06-16,MSFT,,,,,,,0.00,,0,,,,,,,,,,1.0000,2022-06-13T13:36:00+00:00,1076,2352
summary,2022-06-17,SPY,,,,,,,0.00,,0,,,,,,,,,,0.8371,2022-06-14T14:02:00+00:00,871,3138
summary,2022-06-17,QQQ,,,,,,,0.00,,0,,,,,,,,,,0.9053,2022-06-14T14:02:00+00:00,1180,3140
trade,2022-06-17,AAPL,Long,2022-06-17T13:55:00+00:00,2022-06-17T15:11:00+00:00,132.3847,131.5905,2.27,-1.80,-0.005999,4560000,MaxHoldTimeout,0.3694,0.0000,0.2122,0.5037,0.1531,0.5317,0.1483,-0.0952,,,
summary,2022-06-17,AAPL,,,,,,,-1.80,,1,,,,,,,,,,0.8893,2022-06-14T13:58:00+00:00,1225,2938
summary,2022-06-17,NVDA,,,,,,,0.00,,0,,,,,,,,,,0.9131,2022-06-14T14:02:00+00:00,1336,2710
summary,2022-06-17,MSFT,,,,,,,0.00,,0,,,,,,,,,,0.7147,2022-06-14T14:49:00+00:00,1285,2332
summary,2022-06-20,SPY,,,,,,,0.00,,0,,,,,,,,,,0.9873,2022-06-17T13:41:00+00:00,302,508
summary,2022-06-20,QQQ,,,,,,,0.00,,0,,,,,,,,,,1.0000,2022-06-17T13:41:00+00:00,400,495
summary,2022-06-20,AAPL,,,,,,,0.00,,0,,,,,,,,,,1.0000,2022-06-17T13:33:00+00:00,387,503
summary,2022-06-20,NVDA,,,,,,,0.00,,0,,,,,,,,,,1.0000,2022-06-17T13:32:00+00:00,330,453
summary,2022-06-20,MSFT,,,,,,,0.00,,0,,,,,,,,,,1.0000,2022-06-17T13:32:00+00:00,352,445
trade,2022-06-21,SPY,Long,2022-06-21T13:56:00+00:00,2022-06-21T15:37:00+00:00,374.2472,374.9025,0.80,0.53,0.001751,6060000,ScoreExit,0.5718,-0.1377,0.5459,0.5128,0.6983,-0.5390,-0.3220,0.3648,,,
summary,2022-06-21,SPY,,,,,,,0.53,,1,,,,,,,,,,0.6665,2022-06-21T14:04:00+00:00,363,681
trade,2022-06-21,QQQ,Long,2022-06-21T13:36:00+00:00,2022-06-21T15:37:00+00:00,280.7792,282.4602,1.07,1.80,0.005987,7260000,MaxHoldTimeout,0.6636,-0.0442,0.6207,0.5026,1.0000,-0.5369,-0.3208,0.6733,,,
summary,2022-06-21,QQQ,,,,,,,1.80,,1,,,,,,,,,,0.7219,2022-06-21T14:04:00+00:00,285,708
trade,2022-06-21,AAPL,Long,2022-06-21T13:36:00+00:00,2022-06-21T15:37:00+00:00,135.6757,136.4890,2.21,1.80,0.005995,7260000,MaxHoldTimeout,0.7389,0.1495,0.6370,0.6253,1.0000,-0.3568,-0.1914,1.0000,,,
summary,2022-06-21,AAPL,,,,,,,1.80,,1,,,,,,,,,,0.7560,2022-06-21T08:02:00+00:00,314,659
trade,2022-06-21,NVDA,Long,2022-06-21T13:31:00+00:00,2022-06-21T15:32:00+00:00,165.2446,169.7840,1.82,8.25,0.027471,7260000,MaxHoldTimeout,0.6535,0.3025,0.5638,0.5940,0.8024,0.4251,-0.0667,1.0000,,,
summary,2022-06-21,NVDA,,,,,,,8.25,,1,,,,,,,,,,0.8284,2022-06-21T14:00:00+00:00,355,625
trade,2022-06-21,MSFT,Long,2022-06-21T13:36:00+00:00,2022-06-21T15:37:00+00:00,252.8558,253.6789,1.19,0.98,0.003255,7260000,MaxHoldTimeout,0.6837,0.0511,0.6549,0.5303,1.0000,-0.2662,-0.1743,0.6079,,,
summary,2022-06-21,MSFT,,,,,,,0.98,,1,,,,,,,,,,0.8100,2022-06-21T08:00:00+00:00,302,532
trade,2022-06-22,SPY,Long,2022-06-22T13:42:00+00:00,2022-06-22T15:43:00+00:00,371.7765,376.3721,0.81,3.71,0.012361,7260000,ScoreExit,0.3529,-0.0608,0.0859,0.5153,0.1171,-0.3223,-0.2956,0.4958,,,
summary,2022-06-22,SPY,,,,,,,3.71,,1,,,,,,,,,,0.6665,2022-06-21T14:04:00+00:00,802,1587
trade,2022-06-22,QQQ,Long,2022-06-22T13:31:00+00:00,2022-06-22T15:32:00+00:00,278.4185,283.9697,1.08,5.99,0.019938,7260000,MaxHoldTimeout,0.3992,0.2001,0.0887,0.5286,0.2438,0.5305,-0.0341,0.5582,,,
summary,2022-06-22,QQQ,,,,,,,5.99,,1,,,,,,,,,,0.7219,2022-06-21T14:04:00+00:00,676,1585
trade,2022-06-22,AAPL,Long,2022-06-22T13:51:00+00:00,2022-06-22T15:15:00+00:00,134.6054,136.2241,2.23,3.61,0.012026,5040000,ScoreExit,0.3673,-0.0559,-0.1464,0.5166,0.2398,-0.4902,-0.2307,0.4386,,,
summary,2022-06-22,AAPL,,,,,,,3.61,,1,,,,,,,,,,0.7560,2022-06-21T08:02:00+00:00,739,1485
trade,2022-06-22,NVDA,Long,2022-06-22T13:31:00+00:00,2022-06-22T14:56:00+00:00,162.5138,164.8755,1.85,4.37,0.014532,5100000,ScoreExit,0.4204,-0.0571,0.2245,0.5397,0.2470,-0.4650,-0.1331,0.2311,,,
summary,2022-06-22,NVDA,,,,,,,4.37,,1,,,,,,,,,,0.8284,2022-06-21T14:00:00+00:00,660,1341
summary,2022-06-22,MSFT,,,,,,,0.00,,0,,,,,,,,,,0.8100,2022-06-21T08:00:00+00:00,679,1126
summary,2022-06-23,SPY,,,,,,,0.00,,0,,,,,,,,,,0.6665,2022-06-21T14:04:00+00:00,1223,2487
summary,2022-06-23,QQQ,,,,,,,0.00,,0,,,,,,,,,,0.7219,2022-06-21T14:04:00+00:00,1145,2493
summary,2022-06-23,AAPL,,,,,,,0.00,,0,,,,,,,,,,0.7560,2022-06-21T08:02:00+00:00,1206,2314
summary,2022-06-23,NVDA,,,,,,,0.00,,0,,,,,,,,,,0.8284,2022-06-21T14:00:00+00:00,781,2091
trade,2022-06-23,MSFT,Long,2022-06-23T14:56:00+00:00,2022-06-23T15:32:00+00:00,258.3325,256.9879,1.16,-1.56,-0.005205,2160000,ScoreExit,0.5003,-0.0596,0.5586,0.5112,0.4589,-0.5526,-0.1610,0.3075,,,
summary,2022-06-23,MSFT,,,,,,,-1.56,,1,,,,,,,,,,0.8100,2022-06-21T08:00:00+00:00,1079,1709
trade,2022-06-24,SPY,Long,2022-06-24T14:01:00+00:00,2022-06-24T15:56:00+00:00,385.2991,386.6990,0.78,1.09,0.003633,6900000,SessionClose,0.5649,0.1493,0.5631,0.5915,0.5123,-0.2963,0.0558,0.4849,,,
summary,2022-06-24,SPY,,,,,,,1.09,,1,,,,,,,,,,0.9465,2022-06-21T14:55:00+00:00,1809,3075
trade,2022-06-24,QQQ,Long,2022-06-24T13:41:00+00:00,2022-06-24T15:11:00+00:00,289.6419,291.5475,1.04,1.98,0.006579,5400000,ScoreExit,0.5357,-0.0551,0.5436,0.5470,0.5106,-0.5520,-0.2615,0.5233,,,
summary,2022-06-24,QQQ,,,,,,,1.98,,1,,,,,,,,,,1.0000,2022-06-21T13:36:00+00:00,1736,3065
summary,2022-06-24,AAPL,,,,,,,0.00,,0,,,,,,,,,,1.0000,2022-06-21T13:33:00+00:00,1740,2845
trade,2022-06-24,NVDA,Long,2022-06-24T13:46:00+00:00,2022-06-24T15:16:00+00:00,165.7497,168.4045,1.81,4.81,0.016017,5400000,ScoreExit,0.4957,-0.0958,0.5086,0.5205,0.4418,-0.5951,-0.3561,0.5912,,,
summary,2022-06-24,NVDA,,,,,,,4.81,,1,,,,,,,,,,1.0000,2022-06-21T13:34:00+00:00,1158,2572
trade,2022-06-24,MSFT,Long,2022-06-24T13:31:00+00:00,2022-06-24T15:14:00+00:00,262.9138,264.6856,1.14,2.02,0.006739,6180000,ScoreExit,0.5524,-0.0558,0.5955,0.5563,0.5301,-0.5488,-0.2430,0.4830,,,
summary,2022-06-24,MSFT,,,,,,,2.02,,1,,,,,,,,,,1.0000,2022-06-21T13:33:00+00:00,1520,2170
summary,2022-06-27,SPY,,,,,,,0.00,,0,,,,,,,,,,0.9567,2022-06-24T15:03:00+00:00,956,1182
summary,2022-06-27,QQQ,,,,,,,0.00,,0,,,,,,,,,,0.9007,2022-06-24T14:02:00+00:00,868,1189
summary,2022-06-27,AAPL,,,,,,,0.00,,0,,,,,,,,,,0.9193,2022-06-24T13:36:00+00:00,718,1144
trade,2022-06-27,NVDA,Long,2022-06-27T14:56:00+00:00,2022-06-27T15:56:00+00:00,170.4161,170.5838,1.76,0.30,0.000984,3600000,SessionClose,0.6798,0.1710,0.5498,0.5413,1.0000,-0.5050,-0.1308,1.0000,,,
summary,2022-06-27,NVDA,,,,,,,0.30,,1,,,,,,,,,,1.0000,2022-06-24T13:41:00+00:00,851,1063
summary,2022-06-27,MSFT,,,,,,,0.00,,0,,,,,,,,,,1.0000,2022-06-24T13:32:00+00:00,415,1008
summary,2022-06-28,SPY,,,,,,,0.00,,0,,,,,,,,,,0.5268,2022-06-27T15:24:00+00:00,484,1509
summary,2022-06-28,QQQ,,,,,,,0.00,,0,,,,,,,,,,0.5347,2022-06-27T14:57:00+00:00,410,1534
summary,2022-06-28,AAPL,,,,,,,0.00,,0,,,,,,,,,,0.5213,2022-06-27T15:59:00+00:00,475,1384
trade,2022-06-28,NVDA,Long,2022-06-28T13:41:00+00:00,2022-06-28T13:56:00+00:00,171.0450,169.7441,1.75,-2.28,-0.007606,900000,ScoreExit,0.4543,-0.1431,0.2588,0.5887,0.2508,-0.5862,-0.2155,0.1492,,,
summary,2022-06-28,NVDA,,,,,,,-2.28,,1,,,,,,,,,,0.8712,2022-06-27T08:08:00+00:00,419,1212
summary,2022-06-28,MSFT,,,,,,,0.00,,0,,,,,,,,,,0.4307,2022-06-27T14:56:00+00:00,141,1053
summary,2022-06-29,SPY,,,,,,,0.00,,0,,,,,,,,,,0.5268,2022-06-27T15:24:00+00:00,484,2366
summary,2022-06-29,QQQ,,,,,,,0.00,,0,,,,,,,,,,0.5347,2022-06-27T14:57:00+00:00,410,2416
trade,2022-06-29,AAPL,Long,2022-06-29T13:59:00+00:00,2022-06-29T15:16:00+00:00,139.3868,139.7930,2.15,0.87,0.002915,4620000,ScoreExit,0.4280,-0.0742,0.4279,0.5940,0.0961,-0.3570,-0.1471,0.1658,,,
summary,2022-06-29,AAPL,,,,,,,0.87,,1,,,,,,,,,,0.5213,2022-06-27T15:59:00+00:00,716,2164
summary,2022-06-29,NVDA,,,,,,,0.00,,0,,,,,,,,,,0.8712,2022-06-27T08:08:00+00:00,419,1944
trade,2022-06-29,MSFT,Long,2022-06-29T14:01:00+00:00,2022-06-29T15:02:00+00:00,260.0830,260.6768,1.15,0.69,0.002283,3660000,ScoreExit,0.4696,-0.0543,0.0457,0.7082,0.1338,-0.5362,-0.0720,0.1417,,,
summary,2022-06-29,MSFT,,,,,,,0.69,,1,,,,,,,,,,0.5710,2022-06-29T14:03:00+00:00,380,1616
summary,2022-06-30,SPY,,,,,,,0.00,,0,,,,,,,,,,0.8862,2022-06-27T14:57:00+00:00,540,2944
summary,2022-06-30,QQQ,,,,,,,0.00,,0,,,,,,,,,,0.9347,2022-06-27T14:57:00+00:00,480,2985
summary,2022-06-30,AAPL,,,,,,,0.00,,0,,,,,,,,,,0.8555,2022-06-27T14:57:00+00:00,547,2678
summary,2022-06-30,NVDA,,,,,,,0.00,,0,,,,,,,,,,0.9583,2022-06-27T14:50:00+00:00,423,2533
summary,2022-06-30,MSFT,,,,,,,0.00,,0,,,,,,,,,,0.7832,2022-06-27T14:56:00+00:00,507,2074
summary,2022-07-01,SPY,,,,,,,0.00,,0,,,,,,,,,,0.6508,2022-06-28T13:38:00+00:00,247,2987
summary,2022-07-01,QQQ,,,,,,,0.00,,0,,,,,,,,,,0.7391,2022-06-28T13:32:00+00:00,284,3024
trade,2022-07-01,AAPL,Long,2022-07-01T13:51:00+00:00,2022-07-01T15:07:00+00:00,137.4862,136.5839,2.18,-1.97,-0.006563,4560000,MaxHoldTimeout,0.3635,0.0000,0.2923,0.5227,0.0687,0.3627,0.1875,-0.1584,,,
summary,2022-07-01,AAPL,,,,,,,-1.97,,1,,,,,,,,,,1.0000,2022-06-28T13:34:00+00:00,655,2745
summary,2022-07-01,NVDA,,,,,,,0.00,,0,,,,,,,,,,1.0000,2022-06-28T13:32:00+00:00,250,2695
summary,2022-07-01,MSFT,,,,,,,0.00,,0,,,,,,,,,,1.0000,2022-06-28T13:32:00+00:00,681,2130
summary,2022-07-04,SPY,,,,,,,0.00,,0,,,,,,,,,,0.9051,2022-07-01T13:47:00+00:00,326,488
summary,2022-07-04,QQQ,,,,,,,0.00,,0,,,,,,,,,,0.9362,2022-07-01T13:46:00+00:00,286,477
summary,2022-07-04,AAPL,,,,,,,0.00,,0,,,,,,,,,,0.9290,2022-07-01T13:46:00+00:00,341,489
summary,2022-07-04,NVDA,,,,,,,0.00,,0,,,,,,,,,,0.9022,2022-07-01T13:52:00+00:00,21,490
summary,2022-07-04,MSFT,,,,,,,0.00,,0,,,,,,,,,,0.8987,2022-07-01T13:57:00+00:00,297,431
summary,2022-07-05,SPY,,,,,,,0.00,,0,,,,,,,,,,0.6557,2022-07-05T16:24:00+00:00,279,678
trade,2022-07-05,QQQ,Long,2022-07-05T14:36:00+00:00,2022-07-05T15:12:00+00:00,280.0390,278.7913,1.07,-1.34,-0.004455,2160000,ScoreExit,0.6930,-0.1569,0.4599,0.5784,1.0000,-0.5677,-0.1799,0.0261,,,
summary,2022-07-05,QQQ,,,,,,,-1.34,,1,,,,,,,,,,0.7087,2022-07-05T14:38:00+00:00,364,692
summary,2022-07-05,AAPL,,,,,,,0.00,,0,,,,,,,,,,0.6325,2022-07-05T18:35:00+00:00,360,615
trade,2022-07-05,NVDA,Long,2022-07-05T13:46:00+00:00,2022-07-05T15:47:00+00:00,142.8328,146.0362,2.10,6.73,0.022427,7260000,MaxHoldTimeout,0.6638,0.4111,0.5829,0.5092,1.0000,0.5680,0.0905,1.0000,,,
summary,2022-07-05,NVDA,,,,,,,6.73,,1,,,,,,,,,,0.8767,2022-07-05T14:38:00+00:00,384,610
summary,2022-07-05,MSFT,,,,,,,0.00,,0,,,,,,,,,,0.6374,2022-07-05T14:38:00+00:00,339,498
summary,2022-07-06,SPY,,,,,,,0.00,,0,,,,,,,,,,0.6557,2022-07-05T16:24:00+00:00,963,1553
summary,2022-07-06,QQQ,,,,,,,0.00,,0,,,,,,,,,,0.7087,2022-07-05T14:38:00+00:00,1103,1590
trade,2022-07-06,AAPL,Long,2022-07-06T14:06:00+00:00,2022-07-06T15:01:00+00:00,142.8578,142.2473,2.10,-1.28,-0.004274,3300000,ScoreExit,0.5552,-0.0655,0.5457,0.5440,0.5808,-0.0561,-0.3443,0.4889,,,
summary,2022-07-06,AAPL,,,,,,,-1.28,,1,,,,,,,,,,0.6325,2022-07-05T18:35:00+00:00,995,1382
trade,2022-07-06,NVDA,Long,2022-07-06T14:51:00+00:00,2022-07-06T15:31:00+00:00,150.5001,149.4772,1.99,-2.04,-0.006797,2400000,ScoreExit,0.6324,-0.0552,0.4316,0.5665,0.8312,-0.6024,-0.2790,0.5746,,,
summary,2022-07-06,NVDA,,,,,,,-2.04,,1,,,,,,,,,,0.8767,2022-07-05T14:38:00+00:00,1064,1367
summary,2022-07-06,MSFT,,,,,,,0.00,,0,,,,,,,,,,0.6374,2022-07-05T14:38:00+00:00,836,1063
summary,2022-07-07,SPY,,,,,,,0.00,,0,,,,,,,,,,0.6557,2022-07-05T16:24:00+00:00,1684,2383
trade,2022-07-07,QQQ,Long,2022-07-07T13:51:00+00:00,2022-07-07T15:52:00+00:00,292.2326,293.3669,1.03,1.16,0.003881,7260000,MaxHoldTimeout,0.5000,0.3433,0.2339,0.5153,0.5583,0.4313,0.2124,0.5756,,,
summary,2022-07-07,QQQ,,,,,,,1.16,,1,,,,,,,,,,0.7087,2022-07-05T14:38:00+00:00,1876,2450
trade,2022-07-07,AAPL,Long,2022-07-07T13:46:00+00:00,2022-07-07T15:30:00+00:00,144.8134,145.0615,2.07,0.51,0.001713,6240000,ScoreExit,0.5443,-0.0512,0.5575,0.5264,0.5755,-0.5568,-0.2626,0.5401,,,
summary,2022-07-07,AAPL,,,,,,,0.51,,1,,,,,,,,,,0.6325,2022-07-05T18:35:00+00:00,1660,2146
summary,2022-07-07,NVDA,,,,,,,0.00,,0,,,,,,,,,,0.8767,2022-07-05T14:38:00+00:00,1757,2084
trade,2022-07-07,MSFT,Long,2022-07-07T14:16:00+00:00,2022-07-07T15:21:00+00:00,268.7056,267.9346,1.12,-0.86,-0.002869,3900000,ScoreExit,0.4997,-0.0930,0.5749,0.5362,0.4015,-0.5176,-0.2644,0.3911,,,
summary,2022-07-07,MSFT,,,,,,,-0.86,,1,,,,,,,,,,0.6374,2022-07-05T14:38:00+00:00,1258,1616
trade,2022-07-08,SPY,Long,2022-07-08T14:41:00+00:00,2022-07-08T15:46:00+00:00,389.5168,389.5082,0.77,-0.01,-0.000022,3900000,ScoreExit,0.4034,-0.0883,0.0198,0.5160,0.3062,-0.5634,-0.2082,0.3100,,,
summary,2022-07-08,SPY,,,,,,,-0.01,,1,,,,,,,,,,0.8291,2022-07-05T14:38:00+00:00,2338,2958
trade,2022-07-08,QQQ,Long,2022-07-08T14:36:00+00:00,2022-07-08T15:56:00+00:00,294.8734,295.7862,1.02,0.93,0.003096,4800000,SessionClose,0.5012,0.2153,0.5202,0.5200,0.4575,0.3729,0.0714,0.4506,,,
summary,2022-07-08,QQQ,,,,,,,0.93,,1,,,,,,,,,,0.9041,2022-07-05T14:38:00+00:00,2553,3013
summary,2022-07-08,AAPL,,,,,,,0.00,,0,,,,,,,,,,0.8972,2022-07-05T14:37:00+00:00,2231,2683
trade,2022-07-08,NVDA,Long,2022-07-08T14:36:00+00:00,2022-07-08T15:56:00+00:00,156.6720,158.6274,1.91,3.74,0.012481,4800000,SessionClose,0.5182,0.2005,0.5539,0.5178,0.5070,0.2615,-0.0199,0.6209,,,
summary,2022-07-08,NVDA,,,,,,,3.74,,1,,,,,,,,,,0.9600,2022-07-05T14:41:00+00:00,2320,2609
summary,2022-07-08,MSFT,,,,,,,0.00,,0,,,,,,,,,,0.8990,2022-07-05T14:38:00+00:00,1644,2060
summary,2022-07-11,SPY,,,,,,,0.00,,0,,,,,,,,,,0.9440,2022-07-08T14:45:00+00:00,296,1136
summary,2022-07-11,QQQ,,,,,,,0.00,,0,,,,,,,,,,0.9555,2022-07-08T15:02:00+00:00,388,1165
summary,2022-07-11,AAPL,,,,,,,0.00,,0,,,,,,,,,,1.0000,2022-07-08T13:41:00+00:00,418,1111
summary,2022-07-11,NVDA,,,,,,,0.00,,0,,,,,,,,,,1.0000,2022-07-08T13:33:00+00:00,541,1029
summary,2022-07-11,MSFT,,,,,,,0.00,,0,,,,,,,,,,0.9578,2022-07-08T15:01:00+00:00,488,911
summary,2022-07-12,SPY,,,,,,,0.00,,0,,,,,,,,,,0.7461,2022-07-11T09:14:00+00:00,555,1494
summary,2022-07-12,QQQ,,,,,,,0.00,,0,,,,,,,,,,0.6021,2022-07-11T09:13:00+00:00,657,1556
trade,2022-07-12,AAPL,Long,2022-07-12T13:36:00+00:00,2022-07-12T14:52:00+00:00,147.0991,146.5510,2.04,-1.12,-0.003726,4560000,MaxHoldTimeout,0.5794,0.2190,0.5751,0.5903,0.5590,-0.5561,0.1250,0.6653,,,
summary,2022-07-12,AAPL,,,,,,,-1.12,,1,,,,,,,,,,0.6513,2022-07-11T09:38:00+00:00,915,1370
summary,2022-07-12,NVDA,,,,,,,0.00,,0,,,,,,,,,,0.6011,2022-07-11T17:24:00+00:00,541,1285
summary,2022-07-12,MSFT,,,,,,,0.00,,0,,,,,,,,,,0.6761,2022-07-11T11:07:00+00:00,422,1021
summary,2022-07-13,SPY,,,,,,,0.00,,0,,,,,,,,,,0.7461,2022-07-11T09:14:00+00:00,684,2315
trade,2022-07-13,QQQ,Long,2022-07-13T14:50:00+00:00,2022-07-13T15:26:00+00:00,286.8410,285.5093,1.05,-1.39,-0.004643,2160000,ScoreExit,0.3886,-0.1229,0.2853,0.5391,0.1221,-0.5789,-0.1102,0.0037,,,
summary,2022-07-13,QQQ,,,,,,,-1.39,,1,,,,,,,,,,0.6021,2022-07-11T09:13:00+00:00,891,2398
summary,2022-07-13,AAPL,,,,,,,0.00,,0,,,,,,,,,,0.6513,2022-07-11T09:38:00+00:00,1324,2099
trade,2022-07-13,NVDA,Long,2022-07-13T14:01:00+00:00,2022-07-13T15:31:00+00:00,148.6296,151.3296,2.02,5.45,0.018166,5400000,ScoreExit,0.3882,-0.0946,-0.0244,0.5193,0.2635,-0.5771,-0.2275,0.3320,,,
summary,2022-07-13,NVDA,,,,,,,5.45,,1,,,,,,,,,,0.7261,2022-07-13T14:44:00+00:00,848,1958
summary,2022-07-13,MSFT,,,,,,,0.00,,0,,,,,,,,,,0.6761,2022-07-11T11:07:00+00:00,587,1678
summary,2022-07-14,SPY,,,,,,,0.00,,0,,,,,,,,,,0.5724,2022-07-11T17:39:00+00:00,501,2991
summary,2022-07-14,QQQ,,,,,,,0.00,,0,,,,,,,,,,0.6849,2022-07-11T14:41:00+00:00,756,3006
summary,2022-07-14,AAPL,,,,,,,0.00,,0,,,,,,,,,,0.9544,2022-07-11T14:40:00+00:00,1401,2650
summary,2022-07-14,NVDA,,,,,,,0.00,,0,,,,,,,,,,0.7878,2022-07-11T14:39:00+00:00,1222,2494
summary,2022-07-14,MSFT,,,,,,,0.00,,0,,,,,,,,,,0.9571,2022-07-11T14:41:00+00:00,725,2170
summary,2022-07-15,SPY,,,,,,,0.00,,0,,,,,,,,,,0.7124,2022-07-12T13:37:00+00:00,1163,2970
summary,2022-07-15,QQQ,,,,,,,0.00,,0,,,,,,,,,,0.7224,2022-07-12T13:38:00+00:00,1364,3004
summary,2022-07-15,AAPL,,,,,,,0.00,,0,,,,,,,,,,1.0000,2022-07-12T13:36:00+00:00,1533,2676
summary,2022-07-15,NVDA,,,,,,,0.00,,0,,,,,,,,,,0.9850,2022-07-12T13:41:00+00:00,1629,2521
summary,2022-07-15,MSFT,,,,,,,0.00,,0,,,,,,,,,,0.5329,2022-07-15T14:17:00+00:00,910,2225
summary,2022-07-18,SPY,,,,,,,0.00,,0,,,,,,,,,,0.7217,2022-07-15T15:02:00+00:00,810,1154
summary,2022-07-18,QQQ,,,,,,,0.00,,0,,,,,,,,,,0.7166,2022-07-15T14:00:00+00:00,820,1163
summary,2022-07-18,AAPL,,,,,,,0.00,,0,,,,,,,,,,0.7998,2022-07-15T13:32:00+00:00,527,1103
trade,2022-07-18,NVDA,Long,2022-07-18T13:41:00+00:00,2022-07-18T15:42:00+00:00,163.4476,166.3551,1.84,5.34,0.017788,7260000,MaxHoldTimeout,0.5764,0.6146,-0.3626,0.5297,0.9827,0.4331,0.4521,1.0000,,,
summary,2022-07-18,NVDA,,,,,,,5.34,,1,,,,,,,,,,1.0000,2022-07-15T13:35:00+00:00,772,1112
summary,2022-07-18,MSFT,,,,,,,0.00,,0,,,,,,,,,,1.0000,2022-07-15T13:35:00+00:00,355,944
summary,2022-07-19,SPY,,,,,,,0.00,,0,,,,,,,,,,0.5009,2022-07-18T09:22:00+00:00,692,1515
summary,2022-07-19,QQQ,,,,,,,0.00,,0,,,,,,,,,,0.5696,2022-07-18T08:28:00+00:00,728,1562
summary,2022-07-19,AAPL,,,,,,,0.00,,0,,,,,,,,,,0.5339,2022-07-19T15:07:00+00:00,512,1457
trade,2022-07-19,NVDA,Long,2022-07-19T14:56:00+00:00,2022-07-19T15:56:00+00:00,165.1195,166.7150,1.82,2.90,0.009662,3600000,SessionClose,0.5806,0.3324,0.1761,0.5498,0.7769,0.0720,0.1088,0.8663,,,
summary,2022-07-19,NVDA,,,,,,,2.90,,1,,,,,,,,,,0.9436,2022-07-18T08:18:00+00:00,870,1412
summary,2022-07-19,MSFT,,,,,,,0.00,,0,,,,,,,,,,0.7113,2022-07-18T08:29:00+00:00,450,1106
trade,2022-07-20,SPY,Long,2022-07-20T14:51:00+00:00,2022-07-20T15:56:00+00:00,395.4086,395.5463,0.76,0.10,0.000348,3900000,SessionClose,0.5008,0.1839,0.5559,0.5290,0.4262,0.1859,0.0668,0.4175,,,
summary,2022-07-20,SPY,,,,,,,0.10,,1,,,,,,,,,,0.5037,2022-07-20T14:52:00+00:00,1334,2357
trade,2022-07-20,QQQ,Long,2022-07-20T14:46:00+00:00,2022-07-20T15:56:00+00:00,302.0356,303.6439,0.99,1.60,0.005325,4200000,SessionClose,0.4945,0.1927,0.2132,0.5262,0.5250,0.1453,0.0411,0.5118,,,
summary,2022-07-20,QQQ,,,,,,,1.60,,1,,,,,,,,,,0.5696,2022-07-18T08:28:00+00:00,1439,2479
trade,2022-07-20,AAPL,Long,2022-07-20T14:41:00+00:00,2022-07-20T15:56:00+00:00,152.7608,153.1790,1.96,0.82,0.002738,4500000,SessionClose,0.4690,0.0837,0.0546,0.5157,0.5137,-0.0419,-0.0957,0.4846,,,
summary,2022-07-20,AAPL,,,,,,,0.82,,1,,,,,,,,,,0.5339,2022-07-19T15:07:00+00:00,1160,2275
trade,2022-07-20,NVDA,Long,2022-07-20T13:41:00+00:00,2022-07-20T15:42:00+00:00,170.9530,176.5720,1.76,9.87,0.032869,7260000,MaxHoldTimeout,0.4704,0.0714,0.5748,0.5040,0.3684,-0.5448,-0.1413,0.7020,,,
summary,2022-07-20,NVDA,,,,,,,9.87,,1,,,,,,,,,,0.9436,2022-07-18T08:18:00+00:00,1565,2240
trade,2022-07-20,MSFT,Long,2022-07-20T14:56:00+00:00,2022-07-20T15:56:00+00:00,262.8038,263.4559,1.14,0.74,0.002481,3600000,SessionClose,0.4950,0.3105,0.4695,0.5041,0.4851,-0.1510,0.2942,0.4968,,,
summary,2022-07-20,MSFT,,,,,,,0.74,,1,,,,,,,,,,0.7113,2022-07-18T08:29:00+00:00,941,1744
summary,2022-07-21,SPY,,,,,,,0.00,,0,,,,,,,,,,0.5042,2022-07-20T14:52:00+00:00,1821,2962
summary,2022-07-21,QQQ,,,,,,,0.00,,0,,,,,,,,,,0.6314,2022-07-18T14:01:00+00:00,2007,3082
summary,2022-07-21,AAPL,,,,,,,0.00,,0,,,,,,,,,,0.7778,2022-07-18T14:01:00+00:00,1698,2834
summary,2022-07-21,NVDA,,,,,,,0.00,,0,,,,,,,,,,1.0000,2022-07-18T13:32:00+00:00,2053,2795
summary,2022-07-21,MSFT,,,,,,,0.00,,0,,,,,,,,,,0.8528,2022-07-18T13:37:00+00:00,1376,2284
summary,2022-07-22,SPY,,,,,,,0.00,,0,,,,,,,,,,0.9569,2022-07-19T14:51:00+00:00,2179,2927
summary,2022-07-22,QQQ,,,,,,,0.00,,0,,,,,,,,,,0.9578,2022-07-19T14:51:00+00:00,2307,3075
summary,2022-07-22,AAPL,,,,,,,0.00,,0,,,,,,,,,,0.9567,2022-07-19T14:49:00+00:00,2253,2802
summary,2022-07-22,NVDA,,,,,,,0.00,,0,,,,,,,,,,0.9583,2022-07-19T14:48:00+00:00,2021,2813
summary,2022-07-22,MSFT,,,,,,,0.00,,0,,,,,,,,,,0.9576,2022-07-19T14:51:00+00:00,1607,2317
summary,2022-07-25,SPY,,,,,,,0.00,,0,,,,,,,,,,0.5309,2022-07-22T13:39:00+00:00,344,1139
summary,2022-07-25,QQQ,,,,,,,0.00,,0,,,,,,,,,,0.8697,2022-07-22T13:50:00+00:00,104,1155
summary,2022-07-25,AAPL,,,,,,,0.00,,0,,,,,,,,,,0.7076,2022-07-22T13:50:00+00:00,155,1106
summary,2022-07-25,NVDA,,,,,,,0.00,,0,,,,,,,,,,0.6617,2022-07-22T14:54:00+00:00,251,1058
summary,2022-07-25,MSFT,,,,,,,0.00,,0,,,,,,,,,,0.6420,2022-07-22T13:51:00+00:00,101,966
summary,2022-07-26,SPY,,,,,,,0.00,,0,,,,,,,,,,0.8033,2022-07-25T09:21:00+00:00,397,1526
summary,2022-07-26,QQQ,,,,,,,0.00,,0,,,,,,,,,,0.7913,2022-07-25T09:22:00+00:00,272,1534
summary,2022-07-26,AAPL,,,,,,,0.00,,0,,,,,,,,,,0.8420,2022-07-25T09:39:00+00:00,227,1441
summary,2022-07-26,NVDA,,,,,,,0.00,,0,,,,,,,,,,0.8846,2022-07-25T08:42:00+00:00,385,1262
summary,2022-07-26,MSFT,,,,,,,0.00,,0,,,,,,,,,,0.7743,2022-07-25T10:02:00+00:00,369,1128
summary,2022-07-27,SPY,,,,,,,0.00,,0,,,,,,,,,,0.8033,2022-07-25T09:21:00+00:00,985,2395
summary,2022-07-27,QQQ,,,,,,,0.00,,0,,,,,,,,,,0.7913,2022-07-25T09:22:00+00:00,907,2439
trade,2022-07-27,AAPL,Long,2022-07-27T13:46:00+00:00,2022-07-27T15:06:00+00:00,154.2713,154.3337,1.95,0.12,0.000405,4800000,ScoreExit,0.4868,-0.0587,0.6057,0.5083,0.4041,-0.1597,-0.2353,0.3281,,,
summary,2022-07-27,AAPL,,,,,,,0.12,,1,,,,,,,,,,0.8420,2022-07-25T09:39:00+00:00,833,2266
trade,2022-07-27,NVDA,Long,2022-07-27T13:41:00+00:00,2022-07-27T15:36:00+00:00,171.3564,173.4410,1.75,3.65,0.012165,6900000,ScoreExit,0.5549,-0.0696,0.5838,0.5073,0.6404,-0.4594,-0.3295,0.5799,,,
summary,2022-07-27,NVDA,,,,,,,3.65,,1,,,,,,,,,,0.8846,2022-07-25T08:42:00+00:00,970,2046
trade,2022-07-27,MSFT,Long,2022-07-27T13:36:00+00:00,2022-07-27T15:37:00+00:00,262.8238,264.0158,1.14,1.36,0.004535,7260000,MaxHoldTimeout,0.6008,0.2747,0.5888,0.5573,0.6917,0.5518,0.0600,0.6117,,,
summary,2022-07-27,MSFT,,,,,,,1.36,,1,,,,,,,,,,0.9105,2022-07-26T22:08:00+00:00,1043,1983
summary,2022-07-28,SPY,,,,,,,0.00,,0,,,,,,,,,,0.5480,2022-07-27T19:04:00+00:00,1573,2964
summary,2022-07-28,QQQ,,,,,,,0.00,,0,,,,,,,,,,0.5596,2022-07-27T18:44:00+00:00,1497,3049
summary,2022-07-28,AAPL,,,,,,,0.00,,0,,,,,,,,,,0.5896,2022-07-25T13:32:00+00:00,1369,2860
summary,2022-07-28,NVDA,,,,,,,0.00,,0,,,,,,,,,,0.9315,2022-07-25T13:46:00+00:00,1648,2588
trade,2022-07-28,MSFT,Long,2022-07-28T13:31:00+00:00,2022-07-28T15:32:00+00:00,270.0560,274.4826,1.11,4.92,0.016392,7260000,MaxHoldTimeout,0.5546,0.3805,0.6188,0.5678,0.5068,-0.2159,0.3762,0.5879,,,
summary,2022-07-28,MSFT,,,,,,,4.92,,1,,,,,,,,,,0.9518,2022-07-26T22:08:00+00:00,1446,2476
summary,2022-07-29,SPY,,,,,,,0.00,,0,,,,,,,,,,0.6028,2022-07-26T22:09:00+00:00,2140,2953
summary,2022-07-29,QQQ,,,,,,,0.00,,0,,,,,,,,,,0.6517,2022-07-26T22:09:00+00:00,2229,3080
summary,2022-07-29,AAPL,,,,,,,0.00,,0,,,,,,,,,,0.7374,2022-07-28T20:38:00+00:00,2276,2968
summary,2022-07-29,NVDA,,,,,,,0.00,,0,,,,,,,,,,0.8857,2022-07-26T13:56:00+00:00,1872,2659
trade,2022-07-29,MSFT,Long,2022-07-29T13:56:00+00:00,2022-07-29T15:01:00+00:00,279.0387,279.4112,1.08,0.40,0.001335,3900000,ScoreExit,0.5321,-0.0919,0.5686,0.5197,0.5449,-0.5118,-0.3113,0.4870,,,
summary,2022-07-29,MSFT,,,,,,,0.40,,1,,,,,,,,,,0.9748,2022-07-26T22:08:00+00:00,1910,2589
summary,2022-08-01,SPY,,,,,,,0.00,,0,,,,,,,,,,0.8733,2022-07-29T14:27:00+00:00,705,1101
trade,2022-08-01,QQQ,Long,2022-08-01T13:51:00+00:00,2022-08-01T15:52:00+00:00,315.1195,318.1595,0.95,2.89,0.009647,7260000,MaxHoldTimeout,0.4600,0.2328,0.2784,0.5046,0.4312,0.5334,0.0030,0.5920,,,
summary,2022-08-01,QQQ,,,,,,,2.89,,1,,,,,,,,,,0.9514,2022-07-29T14:44:00+00:00,836,1126
trade,2022-08-01,AAPL,Long,2022-08-01T13:46:00+00:00,2022-08-01T15:47:00+00:00,162.6037,163.1260,1.85,0.96,0.003213,7260000,MaxHoldTimeout,0.4265,0.3057,0.2124,0.5048,0.3411,0.5474,0.1208,0.5951,,,
summary,2022-08-01,AAPL,,,,,,,0.96,,1,,,,,,,,,,1.0000,2022-07-29T13:40:00+00:00,571,1098
trade,2022-08-01,NVDA,Long,2022-08-01T13:41:00+00:00,2022-08-01T15:42:00+00:00,181.7926,185.6893,1.65,6.43,0.021435,7260000,MaxHoldTimeout,0.5632,0.1459,0.4169,0.5178,0.7028,0.1320,-0.2237,0.8899,,,
summary,2022-08-01,NVDA,,,,,,,6.43,,1,,,,,,,,,,1.0000,2022-07-29T13:31:00+00:00,805,1021
summary,2022-08-01,MSFT,,,,,,,0.00,,0,,,,,,,,,,0.8985,2022-07-29T14:27:00+00:00,455,950
summary,2022-08-02,SPY,,,,,,,0.00,,0,,,,,,,,,,0.6918,2022-08-01T09:34:00+00:00,528,1454
summary,2022-08-02,QQQ,,,,,,,0.00,,0,,,,,,,,,,0.6927,2022-08-01T14:05:00+00:00,666,1510
summary,2022-08-02,AAPL,,,,,,,0.00,,0,,,,,,,,,,0.6582,2022-08-01T13:48:00+00:00,355,1388
trade,2022-08-02,NVDA,Long,2022-08-02T13:36:00+00:00,2022-08-02T14:06:00+00:00,182.7698,182.5902,1.65,-0.30,-0.000983,1800000,ScoreExit,0.3643,-0.0924,0.0929,0.5552,0.0731,-0.3901,-0.2129,0.2478,,,
trade,2022-08-02,NVDA,Long,2022-08-02T14:51:00+00:00,2022-08-02T15:56:00+00:00,184.9259,185.3087,1.62,0.62,0.002070,3900000,SessionClose,0.5669,0.2503,0.6135,0.5809,0.5234,-0.2203,0.1350,0.6380,,,
summary,2022-08-02,NVDA,,,,,,,0.33,,2,,,,,,,,,,0.8501,2022-08-01T14:13:00+00:00,704,1248
summary,2022-08-02,MSFT,,,,,,,0.00,,0,,,,,,,,,,0.6535,2022-08-01T14:53:00+00:00,268,1058
summary,2022-08-03,SPY,,,,,,,0.00,,0,,,,,,,,,,0.6918,2022-08-01T09:34:00+00:00,983,2274
trade,2022-08-03,QQQ,Long,2022-08-03T14:01:00+00:00,2022-08-03T15:56:00+00:00,318.4705,321.2786,0.94,2.65,0.008817,6900000,SessionClose,0.4063,0.3856,-0.2831,0.5240,0.4006,0.4012,0.3370,0.4776,,,
summary,2022-08-03,QQQ,,,,,,,2.65,,1,,,,,,,,,,0.6927,2022-08-01T14:05:00+00:00,1193,2366
trade,2022-08-03,AAPL,Long,2022-08-03T14:01:00+00:00,2022-08-03T15:56:00+00:00,163.0539,164.9355,1.84,3.46,0.011540,6900000,SessionClose,0.4716,0.3619,-0.0470,0.5458,0.4961,0.5352,0.2432,0.5415,,,
summary,2022-08-03,AAPL,,,,,,,3.46,,1,,,,,,,,,,0.6582,2022-08-01T13:48:00+00:00,853,2168
trade,2022-08-03,NVDA,Long,2022-08-03T14:01:00+00:00,2022-08-03T14:36:00+00:00,184.5193,183.8598,1.63,-1.07,-0.003574,2100000,ScoreExit,0.4075,-0.1263,0.0989,0.5885,0.1484,-0.5747,-0.1550,0.0804,,,
summary,2022-08-03,NVDA,,,,,,,-1.07,,1,,,,,,,,,,0.8501,2022-08-01T14:13:00+00:00,1070,2013
summary,2022-08-03,MSFT,,,,,,,0.00,,0,,,,,,,,,,0.6535,2022-08-01T14:53:00+00:00,684,1602
summary,2022-08-04,SPY,,,,,,,0.00,,0,,,,,,,,,,0.9576,2022-08-01T14:53:00+00:00,1361,2880
summary,2022-08-04,QQQ,,,,,,,0.00,,0,,,,,,,,,,0.9574,2022-08-01T14:45:00+00:00,1680,2990
summary,2022-08-04,AAPL,,,,,,,0.00,,0,,,,,,,,,,1.0000,2022-08-01T13:40:00+00:00,1265,2721
trade,2022-08-04,NVDA,Long,2022-08-04T14:01:00+00:00,2022-08-04T14:31:00+00:00,190.7322,189.2507,1.57,-2.33,-0.007767,1800000,ScoreExit,0.4693,-0.1533,0.1199,0.5793,0.3659,-0.5218,-0.3515,0.3659,,,
summary,2022-08-04,NVDA,,,,,,,-2.33,,1,,,,,,,,,,1.0000,2022-08-01T13:41:00+00:00,1504,2555
summary,2022-08-04,MSFT,,,,,,,0.00,,0,,,,,,,,,,0.9569,2022-08-01T14:55:00+00:00,1051,2084
trade,2022-08-05,SPY,Long,2022-08-05T14:01:00+00:00,2022-08-05T15:01:00+00:00,412.0386,412.5712,0.73,0.39,0.001293,3600000,ScoreExit,0.3510,-0.1643,0.1709,0.5331,0.0467,-0.4655,-0.1999,0.0075,,,
summary,2022-08-05,SPY,,,,,,,0.39,,1,,,,,,,,,,0.9563,2022-08-02T14:53:00+00:00,1767,2815
trade,2022-08-05,QQQ,Long,2022-08-05T14:06:00+00:00,2022-08-05T14:59:00+00:00,321.6515,321.8085,0.93,0.15,0.000488,3180000,ScoreExit,0.4219,-0.0674,0.3327,0.5400,0.2155,-0.3433,-0.1629,0.2155,,,
summary,2022-08-05,QQQ,,,,,,,0.15,,1,,,,,,,,,,0.9593,2022-08-02T14:53:00+00:00,2039,2910
trade,2022-08-05,AAPL,Long,2022-08-05T14:06:00+00:00,2022-08-05T14:49:00+00:00,164.9445,164.8905,1.82,-0.10,-0.000327,2580000,ScoreExit,0.3818,-0.0757,0.1030,0.5066,0.2252,-0.4893,-0.1572,0.2252,,,
summary,2022-08-05,AAPL,,,,,,,-0.10,,1,,,,,,,,,,0.9567,2022-08-02T14:44:00+00:00,1832,2654
trade,2022-08-05,NVDA,Long,2022-08-05T14:06:00+00:00,2022-08-05T15:01:00+00:00,189.5820,190.0080,1.58,0.67,0.002247,3300000,ScoreExit,0.4868,-0.1893,0.4835,0.5346,0.3924,-0.5767,-0.2767,0.1148,,,
summary,2022-08-05,NVDA,,,,,,,0.67,,1,,,,,,,,,,1.0000,2022-08-02T13:31:00+00:00,1787,2508
trade,2022-08-05,MSFT,Long,2022-08-05T14:01:00+00:00,2022-08-05T15:01:00+00:00,281.2093,281.6866,1.07,0.51,0.001697,3600000,ScoreExit,0.3928,-0.0954,0.0224,0.5130,0.2760,-0.5248,-0.1502,0.1575,,,
summary,2022-08-05,MSFT,,,,,,,0.51,,1,,,,,,,,,,0.9433,2022-08-02T14:54:00+00:00,1506,2089
summary,2022-08-08,SPY,,,,,,,0.00,,0,,,,,,,,,,0.8899,2022-08-05T14:15:00+00:00,764,1125
trade,2022-08-08,QQQ,Long,2022-08-08T13:51:00+00:00,2022-08-08T14:48:00+00:00,326.0028,324.4676,0.92,-1.41,-0.004709,3420000,ScoreExit,0.5448,-0.0712,0.5756,0.5151,0.5940,-0.5723,-0.2878,0.5291,,,
summary,2022-08-08,QQQ,,,,,,,-1.41,,1,,,,,,,,,,0.8971,2022-08-05T14:13:00+00:00,588,1125
summary,2022-08-08,AAPL,,,,,,,0.00,,0,,,,,,,,,,0.9628,2022-08-05T13:38:00+00:00,623,1078
summary,2022-08-08,NVDA,,,,,,,0.00,,0,,,,,,,,,,0.9055,2022-08-05T14:13:00+00:00,482,1007
summary,2022-08-08,MSFT,,,,,,,0.00,,0,,,,,,,,,,0.8946,2022-08-05T14:02:00+00:00,462,911
summary,2022-08-09,SPY,,,,,,,0.00,,0,,,,,,,,,,0.4722,2022-08-08T13:50:00+00:00,319,1446
summary,2022-08-09,QQQ,,,,,,,0.00,,0,,,,,,,,,,0.6674,2022-08-08T13:50:00+00:00,239,1513
summary,2022-08-09,AAPL,,,,,,,0.00,,0,,,,,,,,,,0.6074,2022-08-08T13:51:00+00:00,350,1339
summary,2022-08-09,NVDA,,,,,,,0.00,,0,,,,,,,,,,0.7599,2022-08-08T19:39:00+00:00,323,1402
summary,2022-08-09,MSFT,,,,,,,0.00,,0,,,,,,,,,,0.7731,2022-08-08T10:54:00+00:00,356,1045
summary,2022-08-10,SPY,,,,,,,0.00,,0,,,,,,,,,,0.5992,2022-08-10T12:35:00+00:00,744,2241
summary,2022-08-10,QQQ,,,,,,,0.00,,0,,,,,,,,,,0.6674,2022-08-08T13:50:00+00:00,644,2372
summary,2022-08-10,AAPL,,,,,,,0.00,,0,,,,,,,,,,0.6074,2022-08-08T13:51:00+00:00,856,2065
summary,2022-08-10,NVDA,,,,,,,0.00,,0,,,,,,,,,,0.7743,2022-08-10T12:48:00+00:00,752,2131
summary,2022-08-10,MSFT,,,,,,,0.00,,0,,,,,,,,,,0.7731,2022-08-08T10:54:00+00:00,852,1632
summary,2022-08-11,SPY,,,,,,,0.00,,0,,,,,,,,,,0.6017,2022-08-10T12:35:00+00:00,1222,2849
summary,2022-08-11,QQQ,,,,,,,0.00,,0,,,,,,,,,,0.9214,2022-08-08T13:44:00+00:00,1065,2955
summary,2022-08-11,AAPL,,,,,,,0.00,,0,,,,,,,,,,0.9344,2022-08-08T13:44:00+00:00,1408,2612
trade,2022-08-11,NVDA,Long,2022-08-11T13:56:00+00:00,2022-08-11T15:01:00+00:00,184.3467,184.5496,1.63,0.33,0.001101,3900000,ScoreExit,0.5664,-0.0811,0.4041,0.5268,0.6999,-0.2048,-0.3435,0.4851,,,
summary,2022-08-11,NVDA,,,,,,,0.33,,1,,,,,,,,,,1.0000,2022-08-08T13:32:00+00:00,1254,2690
summary,2022-08-11,MSFT,,,,,,,0.00,,0,,,,,,,,,,1.0000,2022-08-08T13:39:00+00:00,1159,2131
summary,2022-08-12,SPY,,,,,,,0.00,,0,,,,,,,,,,0.6432,2022-08-10T12:35:00+00:00,2070,2857
summary,2022-08-12,QQQ,,,,,,,0.00,,0,,,,,,,,,,0.7152,2022-08-10T12:31:00+00:00,2104,2942
summary,2022-08-12,AAPL,,,,,,,0.00,,0,,,,,,,,,,0.7033,2022-08-09T14:49:00+00:00,2178,2624
trade,2022-08-12,NVDA,Long,2022-08-12T14:11:00+00:00,2022-08-12T15:52:00+00:00,184.1402,184.0598,1.63,-0.13,-0.000437,6060000,ScoreExit,0.5165,-0.0658,0.5939,0.5018,0.5201,-0.5675,-0.2346,0.4390,,,
summary,2022-08-12,NVDA,,,,,,,-0.13,,1,,,,,,,,,,0.9339,2022-08-09T13:41:00+00:00,1760,2517
summary,2022-08-12,MSFT,,,,,,,0.00,,0,,,,,,,,,,0.9553,2022-08-09T14:48:00+00:00,1674,2114
summary,2022-08-15,SPY,,,,,,,0.00,,0,,,,,,,,,,0.6331,2022-08-12T15:02:00+00:00,927,1164
summary,2022-08-15,QQQ,,,,,,,0.00,,0,,,,,,,,,,0.7167,2022-08-12T14:19:00+00:00,961,1139
summary,2022-08-15,AAPL,,,,,,,0.00,,0,,,,,,,,,,0.8880,2022-08-12T15:04:00+00:00,931,1104
trade,2022-08-15,NVDA,Long,2022-08-15T13:31:00+00:00,2022-08-15T14:21:00+00:00,187.7313,186.6390,1.60,-1.75,-0.005818,3000000,ScoreExit,0.6982,-0.1226,0.5860,0.6678,0.7965,-0.5110,-0.4215,0.6048,,,
summary,2022-08-15,NVDA,,,,,,,-1.75,,1,,,,,,,,,,1.0000,2022-08-12T13:40:00+00:00,966,1034
summary,2022-08-15,MSFT,,,,,,,0.00,,0,,,,,,,,,,0.6251,2022-08-12T14:19:00+00:00,746,917
summary,2022-08-16,SPY,,,,,,,0.00,,0,,,,,,,,,,0.5708,2022-08-15T15:53:00+00:00,945,1462
summary,2022-08-16,QQQ,,,,,,,0.00,,0,,,,,,,,,,0.6302,2022-08-15T15:48:00+00:00,904,1445
summary,2022-08-16,AAPL,,,,,,,0.00,,0,,,,,,,,,,0.6165,2022-08-15T15:48:00+00:00,907,1361
summary,2022-08-16,NVDA,,,,,,,0.00,,0,,,,,,,,,,0.7657,2022-08-15T13:34:00+00:00,752,1206
summary,2022-08-16,MSFT,,,,,,,0.00,,0,,,,,,,,,,0.7530,2022-08-15T10:10:00+00:00,674,1037
summary,2022-08-17,SPY,,,,,,,0.00,,0,,,,,,,,,,0.5708,2022-08-15T15:53:00+00:00,1075,2300
summary,2022-08-17,QQQ,,,,,,,0.00,,0,,,,,,,,,,0.6302,2022-08-15T15:48:00+00:00,1021,2267
summary,2022-08-17,AAPL,,,,,,,0.00,,0,,,,,,,,,,0.6165,2022-08-15T15:48:00+00:00,1388,2194
summary,2022-08-17,NVDA,,,,,,,0.00,,0,,,,,,,,,,0.7657,2022-08-15T13:34:00+00:00,806,1870
summary,2022-08-17,MSFT,,,,,,,0.00,,0,,,,,,,,,,0.7530,2022-08-15T10:10:00+00:00,881,1603
summary,2022-08-18,SPY,,,,,,,0.00,,0,,,,,,,,,,0.6333,2022-08-15T13:58:00+00:00,1118,2850
summary,2022-08-18,QQQ,,,,,,,0.00,,0,,,,,,,,,,0.7136,2022-08-15T13:58:00+00:00,1053,2860
summary,2022-08-18,AAPL,,,,,,,0.00,,0,,,,,,,,,,0.6594,2022-08-15T15:48:00+00:00,1811,2829
trade,2022-08-18,NVDA,Long,2022-08-18T14:56:00+00:00,2022-08-18T15:56:00+00:00,186.8860,188.4684,1.61,2.54,0.008467,3600000,SessionClose,0.4850,0.2295,0.5367,0.5060,0.4258,0.5469,-0.0020,0.5867,,,
summary,2022-08-18,NVDA,,,,,,,2.54,,1,,,,,,,,,,1.0000,2022-08-15T13:33:00+00:00,1083,2426
summary,2022-08-18,MSFT,,,,,,,0.00,,0,,,,,,,,,,0.7824,2022-08-15T13:56:00+00:00,841,2056
summary,2022-08-19,SPY,,,,,,,0.00,,0,,,,,,,,,,0.6251,2022-08-16T15:54:00+00:00,685,2883
summary,2022-08-19,QQQ,,,,,,,0.00,,0,,,,,,,,,,0.6999,2022-08-16T15:54:00+00:00,668,2921
summary,2022-08-19,AAPL,,,,,,,0.00,,0,,,,,,,,,,0.6399,2022-08-16T15:19:00+00:00,1432,2899
summary,2022-08-19,NVDA,,,,,,,0.00,,0,,,,,,,,,,0.7305,2022-08-16T13:32:00+00:00,830,2465
summary,2022-08-19,MSFT,,,,,,,0.00,,0,,,,,,,,,,0.6793,2022-08-16T15:54:00+00:00,564,2058
summary,2022-08-22,SPY,,,,,,,0.00,,0,,,,,,,,,,0.3063,2022-08-19T16:39:00+00:00,36,1179
summary,2022-08-22,QQQ,,,,,,,0.00,,0,,,,,,,,,,0.2799,2022-08-19T17:04:00+00:00,12,1152
summary,2022-08-22,AAPL,,,,,,,0.00,,0,,,,,,,,,,0.3810,2022-08-19T17:04:00+00:00,24,1172
summary,2022-08-22,NVDA,,,,,,,0.00,,0,,,,,,,,,,0.7849,2022-08-19T13:31:00+00:00,76,1064
summary,2022-08-22,MSFT,,,,,,,0.00,,0,,,,,,,,,,0.4656,2022-08-19T13:32:00+00:00,8,970
summary,2022-08-23,SPY,,,,,,,0.00,,0,,,,,,,,,,0.3554,2022-08-23T14:09:00+00:00,322,1517
summary,2022-08-23,QQQ,,,,,,,0.00,,0,,,,,,,,,,0.4218,2022-08-23T14:10:00+00:00,430,1523
summary,2022-08-23,AAPL,,,,,,,0.00,,0,,,,,,,,,,0.5148,2022-08-22T13:29:00+00:00,405,1451
trade,2022-08-23,NVDA,Long,2022-08-23T13:33:00+00:00,2022-08-23T14:54:00+00:00,171.7565,172.3733,1.75,1.08,0.003591,4860000,ScoreExit,0.4723,-0.1119,0.6160,0.5221,0.3248,-0.4959,-0.2695,0.3312,,,
summary,2022-08-23,NVDA,,,,,,,1.08,,1,,,,,,,,,,0.5911,2022-08-23T13:50:00+00:00,385,1291
summary,2022-08-23,MSFT,,,,,,,0.00,,0,,,,,,,,,,0.4201,2022-08-22T13:29:00+00:00,88,1082
summary,2022-08-24,SPY,,,,,,,0.00,,0,,,,,,,,,,0.3554,2022-08-23T14:09:00+00:00,513,2310
summary,2022-08-24,QQQ,,,,,,,0.00,,0,,,,,,,,,,0.4218,2022-08-23T14:10:00+00:00,656,2329
summary,2022-08-24,AAPL,,,,,,,0.00,,0,,,,,,,,,,0.5148,2022-08-22T13:29:00+00:00,578,2191
summary,2022-08-24,NVDA,,,,,,,0.00,,0,,,,,,,,,,0.5911,2022-08-23T13:50:00+00:00,619,1965
summary,2022-08-24,MSFT,,,,,,,0.00,,0,,,,,,,,,,0.4201,2022-08-22T13:29:00+00:00,88,1624
summary,2022-08-25,SPY,,,,,,,0.00,,0,,,,,,,,,,0.4693,2022-08-25T08:01:00+00:00,953,2835
summary,2022-08-25,QQQ,,,,,,,0.00,,0,,,,,,,,,,0.4843,2022-08-25T08:01:00+00:00,1108,2915
summary,2022-08-25,AAPL,,,,,,,0.00,,0,,,,,,,,,,0.4364,2022-08-25T08:01:00+00:00,1010,2681
summary,2022-08-25,NVDA,,,,,,,0.00,,0,,,,,,,,,,0.9176,2022-08-22T13:45:00+00:00,1100,2678
summary,2022-08-25,MSFT,,,,,,,0.00,,0,,,,,,,,,,0.4432,2022-08-25T19:59:00+00:00,263,2047
summary,2022-08-26,SPY,,,,,,,0.00,,0,,,,,,,,,,0.7181,2022-08-23T14:10:00+00:00,1317,2843
summary,2022-08-26,QQQ,,,,,,,0.00,,0,,,,,,,,,,0.8990,2022-08-23T14:10:00+00:00,1406,2913
summary,2022-08-26,AAPL,,,,,,,0.00,,0,,,,,,,,,,0.7857,2022-08-23T14:11:00+00:00,1366,2639
summary,2022-08-26,NVDA,,,,,,,0.00,,0,,,,,,,,,,1.0000,2022-08-23T13:32:00+00:00,1189,2713
summary,2022-08-26,MSFT,,,,,,,0.00,,0,,,,,,,,,,0.8420,2022-08-23T14:11:00+00:00,779,2059
summary,2022-08-29,SPY,,,,,,,0.00,,0,,,,,,,,,,0.7474,2022-08-26T14:09:00+00:00,20,1196
summary,2022-08-29,QQQ,,,,,,,0.00,,0,,,,,,,,,,0.9163,2022-08-26T14:09:00+00:00,18,1199
summary,2022-08-29,AAPL,,,,,,,0.00,,0,,,,,,,,,,0.7981,2022-08-26T14:09:00+00:00,15,1178
summary,2022-08-29,NVDA,,,,,,,0.00,,0,,,,,,,,,,0.9232,2022-08-26T14:09:00+00:00,170,1119
summary,2022-08-29,MSFT,,,,,,,0.00,,0,,,,,,,,,,0.7842,2022-08-26T14:09:00+00:00,25,991
summary,2022-08-30,SPY,,,,,,,0.00,,0,,,,,,,,,,0.5755,2022-08-29T16:50:00+00:00,656,1571
summary,2022-08-30,QQQ,,,,,,,0.00,,0,,,,,,,,,,0.5930,2022-08-29T13:34:00+00:00,659,1566
summary,2022-08-30,AAPL,,,,,,,0.00,,0,,,,,,,,,,0.7184,2022-08-29T08:00:00+00:00,624,1470
summary,2022-08-30,NVDA,,,,,,,0.00,,0,,,,,,,,,,0.7321,2022-08-29T13:33:00+00:00,240,1395
summary,2022-08-30,MSFT,,,,,,,0.00,,0,,,,,,,,,,1.0000,2022-08-29T08:00:00+00:00,351,1083
summary,2022-08-31,SPY,,,,,,,0.00,,0,,,,,,,,,,0.5755,2022-08-29T16:50:00+00:00,709,2425
summary,2022-08-31,QQQ,,,,,,,0.00,,0,,,,,,,,,,0.5930,2022-08-29T13:34:00+00:00,811,2407
summary,2022-08-31,AAPL,,,,,,,0.00,,0,,,,,,,,,,0.7184,2022-08-29T08:00:00+00:00,706,2264
summary,2022-08-31,NVDA,,,,,,,0.00,,0,,,,,,,,,,0.7321,2022-08-29T13:33:00+00:00,240,2118
summary,2022-08-31,MSFT,,,,,,,0.00,,0,,,,,,,,,,1.0000,2022-08-29T08:00:00+00:00,507,1632
summary,2022-09-01,SPY,,,,,,,0.00,,0,,,,,,,,,,0.6170,2022-08-29T14:17:00+00:00,559,3009
summary,2022-09-01,QQQ,,,,,,,0.00,,0,,,,,,,,,,0.9714,2022-08-29T13:36:00+00:00,637,3021
summary,2022-09-01,AAPL,,,,,,,0.00,,0,,,,,,,,,,1.0000,2022-08-29T13:34:00+00:00,642,2834
summary,2022-09-01,NVDA,,,,,,,0.00,,0,,,,,,,,,,1.0000,2022-08-29T13:31:00+00:00,231,2792
summary,2022-09-01,MSFT,,,,,,,0.00,,0,,,,,,,,,,0.9321,2022-08-29T13:36:00+00:00,529,2156
summary,2022-09-02,SPY,,,,,,,0.00,,0,,,,,,,,,,0.4556,2022-09-02T12:37:00+00:00,791,2946
summary,2022-09-02,QQQ,,,,,,,0.00,,0,,,,,,,,,,0.4709,2022-08-31T10:51:00+00:00,933,3044
summary,2022-09-02,AAPL,,,,,,,0.00,,0,,,,,,,,,,0.4483,2022-09-02T12:33:00+00:00,848,2835
summary,2022-09-02,NVDA,,,,,,,0.00,,0,,,,,,,,,,0.5581,2022-08-30T13:33:00+00:00,289,2853
summary,2022-09-02,MSFT,,,,,,,0.00,,0,,,,,,,,,,0.4804,2022-08-31T10:50:00+00:00,636,2204
summary,2022-09-05,SPY,,,,,,,0.00,,0,,,,,,,,,,0.9541,2022-09-02T14:42:00+00:00,120,490
summary,2022-09-05,QQQ,,,,,,,0.00,,0,,,,,,,,,,0.9520,2022-09-02T14:42:00+00:00,117,483
summary,2022-09-05,AAPL,,,,,,,0.00,,0,,,,,,,,,,0.8888,2022-09-02T14:32:00+00:00,97,496
summary,2022-09-05,NVDA,,,,,,,0.00,,0,,,,,,,,,,0.9527,2022-09-02T14:42:00+00:00,111,479
summary,2022-09-05,MSFT,,,,,,,0.00,,0,,,,,,,,,,0.9545,2022-09-02T14:40:00+00:00,130,443
summary,2022-09-06,SPY,,,,,,,0.00,,0,,,,,,,,,,0.6720,2022-09-06T15:08:00+00:00,212,656
summary,2022-09-06,QQQ,,,,,,,0.00,,0,,,,,,,,,,0.6697,2022-09-06T15:08:00+00:00,232,685
summary,2022-09-06,AAPL,,,,,,,0.00,,0,,,,,,,,,,0.6201,2022-09-06T15:08:00+00:00,239,640
trade,2022-09-06,NVDA,Long,2022-09-06T14:56:00+00:00,2022-09-06T15:56:00+00:00,136.1958,137.4038,2.20,2.66,0.008869,3600000,SessionClose,0.6497,0.4893,0.4524,0.5074,1.0000,0.3750,0.2530,1.0000,,,
summary,2022-09-06,NVDA,,,,,,,2.66,,1,,,,,,,,,,0.6837,2022-09-06T15:08:00+00:00,170,577
summary,2022-09-06,MSFT,,,,,,,0.00,,0,,,,,,,,,,0.6371,2022-09-06T14:57:00+00:00,102,499
summary,2022-09-07,SPY,,,,,,,0.00,,0,,,,,,,,,,0.6720,2022-09-06T15:08:00+00:00,803,1493
summary,2022-09-07,QQQ,,,,,,,0.00,,0,,,,,,,,,,0.6697,2022-09-06T15:08:00+00:00,792,1504
summary,2022-09-07,AAPL,,,,,,,0.00,,0,,,,,,,,,,0.6201,2022-09-06T15:08:00+00:00,756,1424
trade,2022-09-07,NVDA,Long,2022-09-07T13:38:00+00:00,2022-09-07T13:44:00+00:00,136.5159,135.3944,2.20,-2.47,-0.008216,360000,ScoreExit,0.4198,-0.1145,0.3183,0.5362,0.2208,-0.5793,-0.0978,0.0070,,,
summary,2022-09-07,NVDA,,,,,,,-2.47,,1,,,,,,,,,,0.6837,2022-09-06T15:08:00+00:00,515,1272
summary,2022-09-07,MSFT,,,,,,,0.00,,0,,,,,,,,,,0.6371,2022-09-06T14:57:00+00:00,520,1075
summary,2022-09-08,SPY,,,,,,,0.00,,0,,,,,,,,,,0.6720,2022-09-06T15:08:00+00:00,1364,2320
summary,2022-09-08,QQQ,,,,,,,0.00,,0,,,,,,,,,,0.6697,2022-09-06T15:08:00+00:00,1360,2341
summary,2022-09-08,AAPL,,,,,,,0.00,,0,,,,,,,,,,0.6201,2022-09-06T15:08:00+00:00,1023,2215
trade,2022-09-08,NVDA,Long,2022-09-08T14:16:00+00:00,2022-09-08T15:56:00+00:00,137.0161,138.7034,2.19,3.70,0.012314,6000000,SessionClose,0.5485,0.0564,0.4447,0.6098,0.4605,0.0337,-0.1309,0.4384,,,
summary,2022-09-08,NVDA,,,,,,,3.70,,1,,,,,,,,,,0.6837,2022-09-06T15:08:00+00:00,1000,1957
summary,2022-09-08,MSFT,,,,,,,0.00,,0,,,,,,,,,,0.6371,2022-09-06T14:57:00+00:00,860,1607
summary,2022-09-09,SPY,,,,,,,0.00,,0,,,,,,,,,,0.9519,2022-09-06T14:57:00+00:00,1856,2908
summary,2022-09-09,QQQ,,,,,,,0.00,,0,,,,,,,,,,0.9520,2022-09-06T14:57:00+00:00,1917,2923
summary,2022-09-09,AAPL,,,,,,,0.00,,0,,,,,,,,,,0.9517,2022-09-06T14:57:00+00:00,1292,2804
summary,2022-09-09,NVDA,,,,,,,0.00,,0,,,,,,,,,,0.9545,2022-09-06T14:59:00+00:00,1576,2470
trade,2022-09-09,MSFT,Long,2022-09-09T14:31:00+00:00,2022-09-09T15:18:00+00:00,263.9942,263.7009,1.14,-0.33,-0.001111,2820000,ScoreExit,0.5010,-0.0765,0.4949,0.5038,0.4974,-0.5586,-0.2343,0.3997,,,
summary,2022-09-09,MSFT,,,,,,,-0.33,,1,,,,,,,,,,0.9511,2022-09-06T14:57:00+00:00,1316,2102
summary,2022-09-12,SPY,,,,,,,0.00,,0,,,,,,,,,,0.9016,2022-09-09T14:43:00+00:00,925,1150
summary,2022-09-12,QQQ,,,,,,,0.00,,0,,,,,,,,,,0.9547,2022-09-09T14:41:00+00:00,1019,1172
trade,2022-09-12,AAPL,Long,2022-09-12T13:56:00+00:00,2022-09-12T15:56:00+00:00,161.2534,162.0354,1.86,1.46,0.004850,7200000,SessionClose,0.5963,0.0251,0.5698,0.5467,0.7044,-0.5088,-0.1862,0.6256,,,
summary,2022-09-12,AAPL,,,,,,,1.46,,1,,,,,,,,,,0.9551,2022-09-09T14:42:00+00:00,1081,1139
summary,2022-09-12,NVDA,,,,,,,0.00,,0,,,,,,,,,,0.9622,2022-09-09T13:34:00+00:00,754,1036
summary,2022-09-12,MSFT,,,,,,,0.00,,0,,,,,,,,,,0.9561,2022-09-09T14:40:00+00:00,735,906
summary,2022-09-13,SPY,,,,,,,0.00,,0,,,,,,,,,,0.7478,2022-09-12T09:19:00+00:00,632,1482
summary,2022-09-13,QQQ,,,,,,,0.00,,0,,,,,,,,,,0.7871,2022-09-12T09:19:00+00:00,726,1527
summary,2022-09-13,AAPL,,,,,,,0.00,,0,,,,,,,,,,0.8334,2022-09-12T09:21:00+00:00,957,1510
summary,2022-09-13,NVDA,,,,,,,0.00,,0,,,,,,,,,,0.8579,2022-09-12T09:27:00+00:00,435,1275
summary,2022-09-13,MSFT,,,,,,,0.00,,0,,,,,,,,,,0.7304,2022-09-12T08:39:00+00:00,360,1065
summary,2022-09-14,SPY,,,,,,,0.00,,0,,,,,,,,,,0.7478,2022-09-12T09:19:00+00:00,632,2404
summary,2022-09-14,QQQ,,,,,,,0.00,,0,,,,,,,,,,0.7871,2022-09-12T09:19:00+00:00,726,2435
summary,2022-09-14,AAPL,,,,,,,0.00,,0,,,,,,,,,,0.8334,2022-09-12T09:21:00+00:00,1010,2373
summary,2022-09-14,NVDA,,,,,,,0.00,,0,,,,,,,,,,0.8579,2022-09-12T09:27:00+00:00,435,2101
summary,2022-09-14,MSFT,,,,,,,0.00,,0,,,,,,,,,,0.7304,2022-09-12T08:39:00+00:00,360,1714
summary,2022-09-15,SPY,,,,,,,0.00,,0,,,,,,,,,,0.7038,2022-09-12T14:25:00+00:00,550,3020
summary,2022-09-15,QQQ,,,,,,,0.00,,0,,,,,,,,,,0.8282,2022-09-12T14:00:00+00:00,630,2984
summary,2022-09-15,AAPL,,,,,,,0.00,,0,,,,,,,,,,0.8965,2022-09-12T13:57:00+00:00,833,2926
summary,2022-09-15,NVDA,,,,,,,0.00,,0,,,,,,,,,,0.9037,2022-09-12T13:56:00+00:00,490,2654
summary,2022-09-15,MSFT,,,,,,,0.00,,0,,,,,,,,,,0.8936,2022-09-12T13:56:00+00:00,333,2208
summary,2022-09-16,SPY,,,,,,,0.00,,0,,,,,,,,,,0.3963,2022-09-14T20:02:00+00:00,460,3080
summary,2022-09-16,QQQ,,,,,,,0.00,,0,,,,,,,,,,0.5025,2022-09-13T13:31:00+00:00,362,3046
summary,2022-09-16,AAPL,,,,,,,0.00,,0,,,,,,,,,,0.4635,2022-09-14T13:59:00+00:00,432,2940
trade,2022-09-16,NVDA,Long,2022-09-16T14:11:00+00:00,2022-09-16T14:56:00+00:00,128.2435,129.3812,2.34,2.66,0.008872,2700000,ScoreExit,0.3562,-0.1061,-0.2537,0.6186,0.0347,-0.5336,-0.1052,0.0347,,,
summary,2022-09-16,NVDA,,,,,,,2.66,,1,,,,,,,,,,1.0000,2022-09-13T13:31:00+00:00,562,2745
summary,2022-09-16,MSFT,,,,,,,0.00,,0,,,,,,,,,,0.4923,2022-09-13T13:31:00+00:00,136,2307
summary,2022-09-19,SPY,,,,,,,0.00,,0,,,,,,,,,,0.8899,2022-09-16T14:36:00+00:00,595,1199
summary,2022-09-19,QQQ,,,,,,,0.00,,0,,,,,,,,,,0.8951,2022-09-16T14:34:00+00:00,552,1167
summary,2022-09-19,AAPL,,,,,,,0.00,,0,,,,,,,,,,0.6127,2022-09-16T18:53:00+00:00,599,1114
trade,2022-09-19,NVDA,Long,2022-09-19T13:31:00+00:00,2022-09-19T15:26:00+00:00,131.9146,132.8851,2.27,2.21,0.007357,6900000,ScoreExit,0.6728,-0.0638,0.6003,0.5957,0.8512,-0.5214,-0.3845,0.7301,,,
summary,2022-09-19,NVDA,,,,,,,2.21,,1,,,,,,,,,,1.0000,2022-09-16T13:39:00+00:00,951,1079
summary,2022-09-19,MSFT,,,,,,,0.00,,0,,,,,,,,,,0.6359,2022-09-16T19:08:00+00:00,313,956
summary,2022-09-20,SPY,,,,,,,0.00,,0,,,,,,,,,,0.5925,2022-09-19T14:40:00+00:00,806,1559
summary,2022-09-20,QQQ,,,,,,,0.00,,0,,,,,,,,,,0.5877,2022-09-19T14:41:00+00:00,971,1544
summary,2022-09-20,AAPL,,,,,,,0.00,,0,,,,,,,,,,0.6443,2022-09-19T13:58:00+00:00,1205,1455
summary,2022-09-20,NVDA,,,,,,,0.00,,0,,,,,,,,,,0.7210,2022-09-19T13:33:00+00:00,765,1333
summary,2022-09-20,MSFT,,,,,,,0.00,,0,,,,,,,,,,0.5625,2022-09-19T14:13:00+00:00,557,1118
summary,2022-09-21,SPY,,,,,,,0.00,,0,,,,,,,,,,0.5925,2022-09-19T14:40:00+00:00,1107,2420
summary,2022-09-21,QQQ,,,,,,,0.00,,0,,,,,,,,,,0.5877,2022-09-19T14:41:00+00:00,1457,2401
summary,2022-09-21,AAPL,,,,,,,0.00,,0,,,,,,,,,,0.6443,2022-09-19T13:58:00+00:00,1785,2267
trade,2022-09-21,NVDA,Long,2022-09-21T14:06:00+00:00,2022-09-21T15:56:00+00:00,133.4293,134.7796,2.25,3.04,0.010119,6600000,SessionClose,0.4238,0.2173,-0.1807,0.5423,0.3884,-0.1723,0.1292,0.5233,,,
summary,2022-09-21,NVDA,,,,,,,3.04,,1,,,,,,,,,,0.7210,2022-09-19T13:33:00+00:00,1148,2041
summary,2022-09-21,MSFT,,,,,,,0.00,,0,,,,,,,,,,0.5625,2022-09-19T14:13:00+00:00,952,1711
summary,2022-09-22,SPY,,,,,,,0.00,,0,,,,,,,,,,0.9561,2022-09-19T14:40:00+00:00,1118,3051
summary,2022-09-22,QQQ,,,,,,,0.00,,0,,,,,,,,,,0.9554,2022-09-19T14:41:00+00:00,1355,3036
summary,2022-09-22,AAPL,,,,,,,0.00,,0,,,,,,,,,,0.9570,2022-09-19T14:43:00+00:00,1686,2906
summary,2022-09-22,NVDA,,,,,,,0.00,,0,,,,,,,,,,1.0000,2022-09-19T13:32:00+00:00,1211,2686
summary,2022-09-22,MSFT,,,,,,,0.00,,0,,,,,,,,,,0.9207,2022-09-19T14:40:00+00:00,902,2291
summary,2022-09-23,SPY,,,,,,,0.00,,0,,,,,,,,,,0.5837,2022-09-20T16:04:00+00:00,757,3088
summary,2022-09-23,QQQ,,,,,,,0.00,,0,,,,,,,,,,0.7826,2022-09-20T14:59:00+00:00,820,3091
summary,2022-09-23,AAPL,,,,,,,0.00,,0,,,,,,,,,,0.9530,2022-09-20T14:49:00+00:00,985,2929
summary,2022-09-23,NVDA,,,,,,,0.00,,0,,,,,,,,,,0.9543,2022-09-20T14:51:00+00:00,694,2760
summary,2022-09-23,MSFT,,,,,,,0.00,,0,,,,,,,,,,0.8869,2022-09-20T13:46:00+00:00,802,2357
summary,2022-09-26,SPY,,,,,,,0.00,,0,,,,,,,,,,0.5604,2022-09-23T19:44:00+00:00,318,1199
trade,2022-09-26,QQQ,Long,2022-09-26T13:56:00+00:00,2022-09-26T15:06:00+00:00,277.9984,276.7375,1.08,-1.36,-0.004536,4200000,ScoreExit,0.5709,-0.1772,0.4345,0.5128,0.7324,-0.5475,-0.4814,0.5546,,,
summary,2022-09-26,QQQ,,,,,,,-1.36,,1,,,,,,,,,,0.5799,2022-09-26T13:59:00+00:00,491,1200
trade,2022-09-26,AAPL,Long,2022-09-26T13:46:00+00:00,2022-09-26T15:06:00+00:00,151.7105,152.2493,1.98,1.07,0.003552,4800000,ScoreExit,0.5442,-0.0607,-0.0074,0.5099,0.7964,-0.5142,-0.3258,0.6205,,,
summary,2022-09-26,AAPL,,,,,,,1.07,,1,,,,,,,,,,0.6383,2022-09-26T13:59:00+00:00,574,1127
summary,2022-09-26,NVDA,,,,,,,0.00,,0,,,,,,,,,,1.0000,2022-09-23T13:34:00+00:00,514,1076
trade,2022-09-26,MSFT,Long,2022-09-26T14:16:00+00:00,2022-09-26T15:06:00+00:00,240.5471,239.7730,1.25,-0.97,-0.003218,3000000,ScoreExit,0.5511,-0.0742,0.3524,0.5212,0.6770,-0.5262,-0.3501,0.6282,,,
summary,2022-09-26,MSFT,,,,,,,-0.97,,1,,,,,,,,,,0.9358,2022-09-23T14:53:00+00:00,362,952
summary,2022-09-27,SPY,,,,,,,0.00,,0,,,,,,,,,,0.6343,2022-09-26T14:16:00+00:00,600,1595
summary,2022-09-27,QQQ,,,,,,,0.00,,0,,,,,,,,,,0.6691,2022-09-26T14:16:00+00:00,644,1620
summary,2022-09-27,AAPL,,,,,,,0.00,,0,,,,,,,,,,0.7309,2022-09-26T14:16:00+00:00,650,1455
trade,2022-09-27,NVDA,Long,2022-09-27T13:31:00+00:00,2022-09-27T15:16:00+00:00,125.9628,125.8772,2.38,-0.20,-0.000679,6300000,MaxHoldTimeout,0.6111,0.0008,0.5081,0.5463,0.7748,-0.5697,-0.1547,0.5019,,,
summary,2022-09-27,NVDA,,,,,,,-0.20,,1,,,,,,,,,,0.9116,2022-09-26T08:22:00+00:00,565,1378
summary,2022-09-27,MSFT,,,,,,,0.00,,0,,,,,,,,,,0.7692,2022-09-26T08:30:00+00:00,444,1166
summary,2022-09-28,SPY,,,,,,,0.00,,0,,,,,,,,,,0.6343,2022-09-26T14:16:00+00:00,974,2519
summary,2022-09-28,QQQ,,,,,,,0.00,,0,,,,,,,,,,0.6691,2022-09-26T14:16:00+00:00,1132,2552
summary,2022-09-28,AAPL,,,,,,,0.00,,0,,,,,,,,,,0.7309,2022-09-26T14:16:00+00:00,873,2355
trade,2022-09-28,NVDA,Long,2022-09-28T13:41:00+00:00,2022-09-28T15:42:00+00:00,125.1326,126.3371,2.40,2.89,0.009625,7260000,MaxHoldTimeout,0.5537,0.1323,0.5388,0.5312,0.6035,-0.4884,-0.0261,0.6560,,,
summary,2022-09-28,NVDA,,,,,,,2.89,,1,,,,,,,,,,0.9116,2022-09-26T08:22:00+00:00,1111,2155
trade,2022-09-28,MSFT,Long,2022-09-28T14:30:00+00:00,2022-09-28T15:36:00+00:00,238.4265,238.0736,1.26,-0.44,-0.001480,3960000,ScoreExit,0.4781,-0.0595,0.5809,0.5282,0.3437,-0.4793,-0.2095,0.3802,,,
summary,2022-09-28,MSFT,,,,,,,-0.44,,1,,,,,,,,,,0.7692,2022-09-26T08:30:00+00:00,770,1851
summary,2022-09-29,SPY,,,,,,,0.00,,0,,,,,,,,,,0.9023,2022-09-26T14:16:00+00:00,1253,3126
summary,2022-09-29,QQQ,,,,,,,0.00,,0,,,,,,,,,,0.8972,2022-09-26T14:16:00+00:00,1338,3149
summary,2022-09-29,AAPL,,,,,,,0.00,,0,,,,,,,,,,1.0000,2022-09-26T13:36:00+00:00,826,3010
summary,2022-09-29,NVDA,,,,,,,0.00,,0,,,,,,,,,,1.0000,2022-09-26T13:36:00+00:00,1231,2688
summary,2022-09-29,MSFT,,,,,,,0.00,,0,,,,,,,,,,1.0000,2022-09-26T13:33:00+00:00,784,2303
summary,2022-09-30,SPY,,,,,,,0.00,,0,,,,,,,,,,0.8942,2022-09-27T13:40:00+00:00,931,3139
summary,2022-09-30,QQQ,,,,,,,0.00,,0,,,,,,,,,,0.9355,2022-09-27T13:40:00+00:00,903,3144
summary,2022-09-30,AAPL,,,,,,,0.00,,0,,,,,,,,,,1.0000,2022-09-27T13:33:00+00:00,380,3075
trade,2022-09-30,NVDA,Long,2022-09-30T13:41:00+00:00,2022-09-30T15:41:00+00:00,122.4667,124.9925,2.45,6.19,0.020624,7200000,ScoreExit,0.4353,-0.1094,0.2090,0.6613,0.0585,-0.5621,-0.3388,0.5003,,,
summary,2022-09-30,NVDA,,,,,,,6.19,,1,,,,,,,,,,1.0000,2022-09-27T13:34:00+00:00,955,2638
summary,2022-09-30,MSFT,,,,,,,0.00,,0,,,,,,,,,,1.0000,2022-09-27T13:37:00+00:00,846,2311
summary,2022-10-03,SPY,,,,,,,0.00,,0,,,,,,,,,,0.9490,2022-09-30T15:04:00+00:00,574,1198
summary,2022-10-03,QQQ,,,,,,,0.00,,0,,,,,,,,,,0.9531,2022-09-30T14:59:00+00:00,445,1190
trade,2022-10-03,AAPL,Long,2022-10-03T14:21:00+00:00,2022-10-03T15:36:00+00:00,140.4583,140.4628,2.14,0.01,0.000032,4500000,ScoreExit,0.5734,-0.0574,0.5017,0.5254,0.6933,-0.5659,-0.3281,0.6534,,,
summary,2022-10-03,AAPL,,,,,,,0.01,,1,,,,,,,,,,1.0000,2022-09-30T13:33:00+00:00,443,1177
trade,2022-10-03,NVDA,Long,2022-10-03T14:26:00+00:00,2022-10-03T15:46:00+00:00,124.4123,124.3677,2.41,-0.11,-0.000359,4800000,MaxHoldTimeout,0.6725,0.0165,0.5438,0.5304,0.9995,-0.5929,-0.3018,0.8563,,,
summary,2022-10-03,NVDA,,,,,,,-0.11,,1,,,,,,,,,,1.0000,2022-09-30T13:31:00+00:00,649,1048
summary,2022-10-03,MSFT,,,,,,,0.00,,0,,,,,,,,,,0.9887,2022-09-30T13:33:00+00:00,540,1003
trade,2022-10-04,SPY,Long,2022-10-04T13:46:00+00:00,2022-10-04T15:47:00+00:00,374.8874,376.5420,0.80,1.32,0.004414,7260000,MaxHoldTimeout,0.5862,0.0171,0.5609,0.5177,0.7317,-0.4940,-0.2315,0.6847,,,
summary,2022-10-04,SPY,,,,,,,1.32,,1,,,,,,,,,,0.7561,2022-10-03T09:32:00+00:00,1405,1613
trade,2022-10-04,QQQ,Long,2022-10-04T13:56:00+00:00,2022-10-04T15:56:00+00:00,280.8669,281.7305,1.07,0.92,0.003074,7200000,SessionClose,0.5378,0.1713,0.1416,0.5094,0.7266,-0.3202,-0.0145,0.7067,,,
summary,2022-10-04,QQQ,,,,,,,0.92,,1,,,,,,,,,,0.8182,2022-10-03T09:34:00+00:00,1404,1601
summary,2022-10-04,AAPL,,,,,,,0.00,,0,,,,,,,,,,0.8897,2022-10-03T09:31:00+00:00,1362,1519
trade,2022-10-04,NVDA,Long,2022-10-04T13:36:00+00:00,2022-10-04T15:37:00+00:00,129.7139,131.7155,2.32,4.64,0.015431,7260000,MaxHoldTimeout,0.6102,0.3362,0.5445,0.5582,0.7362,0.4748,0.0632,0.8358,,,
summary,2022-10-04,NVDA,,,,,,,4.64,,1,,,,,,,,,,0.7346,2022-10-03T09:59:00+00:00,1184,1341
trade,2022-10-04,MSFT,Long,2022-10-04T13:46:00+00:00,2022-10-04T15:47:00+00:00,246.4139,248.5854,1.22,2.65,0.008812,7260000,MaxHoldTimeout,0.6017,-0.0153,0.4972,0.5395,0.7607,-0.3651,-0.3297,0.7302,,,
summary,2022-10-04,MSFT,,,,,,,2.65,,1,,,,,,,,,,0.7035,2022-10-03T08:21:00+00:00,1053,1185
summary,2022-10-05,SPY,,,,,,,0.00,,0,,,,,,,,,,0.7561,2022-10-03T09:32:00+00:00,2006,2506
summary,2022-10-05,QQQ,,,,,,,0.00,,0,,,,,,,,,,0.8182,2022-10-03T09:34:00+00:00,1963,2480
summary,2022-10-05,AAPL,,,,,,,0.00,,0,,,,,,,,,,0.8897,2022-10-03T09:31:00+00:00,1946,2313
summary,2022-10-05,NVDA,,,,,,,0.00,,0,,,,,,,,,,0.7346,2022-10-03T09:59:00+00:00,1666,2081
summary,2022-10-05,MSFT,,,,,,,0.00,,0,,,,,,,,,,0.7035,2022-10-03T08:21:00+00:00,1458,1772
summary,2022-10-06,SPY,,,,,,,0.00,,0,,,,,,,,,,0.9575,2022-10-03T14:47:00+00:00,2276,3101
summary,2022-10-06,QQQ,,,,,,,0.00,,0,,,,,,,,,,0.9567,2022-10-03T14:47:00+00:00,2251,3075
summary,2022-10-06,AAPL,,,,,,,0.00,,0,,,,,,,,,,1.0000,2022-10-03T13:36:00+00:00,2261,2844
trade,2022-10-06,NVDA,Long,2022-10-06T13:31:00+00:00,2022-10-06T14:11:00+00:00,132.7449,132.8151,2.26,0.16,0.000529,2400000,ScoreExit,0.5939,-0.0607,0.5524,0.5958,0.6039,-0.4950,-0.3180,0.5986,,,
summary,2022-10-06,NVDA,,,,,,,0.16,,1,,,,,,,,,,0.9568,2022-10-03T14:46:00+00:00,2045,2645
summary,2022-10-06,MSFT,,,,,,,0.00,,0,,,,,,,,,,0.9562,2022-10-03T14:46:00+00:00,1691,2241
summary,2022-10-07,SPY,,,,,,,0.00,,0,,,,,,,,,,0.9427,2022-10-04T14:58:00+00:00,908,3026
summary,2022-10-07,QQQ,,,,,,,0.00,,0,,,,,,,,,,0.9558,2022-10-04T14:58:00+00:00,1028,3015
summary,2022-10-07,AAPL,,,,,,,0.00,,0,,,,,,,,,,0.8969,2022-10-04T14:01:00+00:00,1179,2748
summary,2022-10-07,NVDA,,,,,,,0.00,,0,,,,,,,,,,1.0000,2022-10-04T13:39:00+00:00,1295,2698
summary,2022-10-07,MSFT,,,,,,,0.00,,0,,,,,,,,,,0.9019,2022-10-04T14:01:00+00:00,724,2223
summary,2022-10-10,SPY,,,,,,,0.00,,0,,,,,,,,,,0.4297,2022-10-10T17:54:00+00:00,77,1168
summary,2022-10-10,QQQ,,,,,,,0.00,,0,,,,,,,,,,0.3159,2022-10-10T12:59:00+00:00,10,1186
summary,2022-10-10,AAPL,,,,,,,0.00,,0,,,,,,,,,,0.6053,2022-10-07T13:39:00+00:00,242,1143
summary,2022-10-10,NVDA,,,,,,,0.00,,0,,,,,,,,,,1.0000,2022-10-07T13:33:00+00:00,151,1075
summary,2022-10-10,MSFT,,,,,,,0.00,,0,,,,,,,,,,0.4577,2022-10-07T13:36:00+00:00,57,978
summary,2022-10-11,SPY,,,,,,,0.00,,0,,,,,,,,,,0.7702,2022-10-10T09:30:00+00:00,619,1559
summary,2022-10-11,QQQ,,,,,,,0.00,,0,,,,,,,,,,0.7656,2022-10-10T09:30:00+00:00,615,1589
summary,2022-10-11,AAPL,,,,,,,0.00,,0,,,,,,,,,,0.8075,2022-10-10T09:34:00+00:00,857,1437
summary,2022-10-11,NVDA,,,,,,,0.00,,0,,,,,,,,,,0.7558,2022-10-10T17:50:00+00:00,559,1352
summary,2022-10-11,MSFT,,,,,,,0.00,,0,,,,,,,,,,0.9046,2022-10-10T09:47:00+00:00,312,1127
summary,2022-10-12,SPY,,,,,,,0.00,,0,,,,,,,,,,0.7702,2022-10-10T09:30:00+00:00,804,2450
summary,2022-10-12,QQQ,,,,,,,0.00,,0,,,,,,,,,,0.7656,2022-10-10T09:30:00+00:00,791,2473
summary,2022-10-12,AAPL,,,,,,,0.00,,0,,,,,,,,,,0.8075,2022-10-10T09:34:00+00:00,1052,2220
summary,2022-10-12,NVDA,,,,,,,0.00,,0,,,,,,,,,,0.7558,2022-10-10T17:50:00+00:00,883,2054
summary,2022-10-12,MSFT,,,,,,,0.00,,0,,,,,,,,,,0.9046,2022-10-10T09:47:00+00:00,339,1744
summary,2022-10-13,SPY,,,,,,,0.00,,0,,,,,,,,,,0.8291,2022-10-13T15:38:00+00:00,844,3038
summary,2022-10-13,QQQ,,,,,,,0.00,,0,,,,,,,,,,0.8218,2022-10-13T15:38:00+00:00,896,3013
summary,2022-10-13,AAPL,,,,,,,0.00,,0,,,,,,,,,,0.8836,2022-10-10T14:27:00+00:00,1169,2710
trade,2022-10-13,NVDA,Long,2022-10-13T14:07:00+00:00,2022-10-13T15:56:00+00:00,111.2184,118.8643,2.70,20.63,0.068747,6540000,SessionClose,0.4238,0.3591,0.0675,0.6687,0.0528,-0.4599,0.3371,0.6762,,,
summary,2022-10-13,NVDA,,,,,,,20.63,,1,,,,,,,,,,0.7693,2022-10-13T15:18:00+00:00,1248,2542
trade,2022-10-13,MSFT,Long,2022-10-13T14:04:00+00:00,2022-10-13T15:56:00+00:00,223.2219,233.1950,1.34,13.41,0.044678,6720000,SessionClose,0.4433,0.5514,0.3693,0.6512,0.0523,-0.0156,0.5842,0.6748,,,
summary,2022-10-13,MSFT,,,,,,,13.41,,1,,,,,,,,,,0.7629,2022-10-13T15:38:00+00:00,537,2184
summary,2022-10-14,SPY,,,,,,,0.00,,0,,,,,,,,,,0.9592,2022-10-11T15:03:00+00:00,1615,3052
summary,2022-10-14,QQQ,,,,,,,0.00,,0,,,,,,,,,,0.9431,2022-10-11T15:03:00+00:00,1564,3020
summary,2022-10-14,AAPL,,,,,,,0.00,,0,,,,,,,,,,0.8984,2022-10-11T15:04:00+00:00,1228,2769
summary,2022-10-14,NVDA,,,,,,,0.00,,0,,,,,,,,,,0.9291,2022-10-11T13:31:00+00:00,1389,2496
summary,2022-10-14,MSFT,,,,,,,0.00,,0,,,,,,,,,,0.7641,2022-10-13T15:38:00+00:00,1218,2196
trade,2022-10-17,SPY,Long,2022-10-17T13:36:00+00:00,2022-10-17T14:51:00+00:00,365.9347,365.6353,0.82,-0.25,-0.000818,4500000,ScoreExit,0.5884,-0.0711,0.5780,0.5504,0.6680,-0.5460,-0.3315,0.6081,,,
summary,2022-10-17,SPY,,,,,,,-0.25,,1,,,,,,,,,,0.8443,2022-10-14T13:39:00+00:00,611,1172
trade,2022-10-17,QQQ,Long,2022-10-17T13:36:00+00:00,2022-10-17T14:52:00+00:00,268.2605,268.0046,1.12,-0.29,-0.000954,4560000,MaxHoldTimeout,0.6316,-0.0467,0.5882,0.5702,0.7690,-0.5428,-0.3258,0.6769,,,
summary,2022-10-17,QQQ,,,,,,,-0.29,,1,,,,,,,,,,0.6362,2022-10-14T13:39:00+00:00,545,1171
summary,2022-10-17,AAPL,,,,,,,0.00,,0,,,,,,,,,,0.5457,2022-10-17T13:04:00+00:00,588,1130
trade,2022-10-17,NVDA,Long,2022-10-17T13:31:00+00:00,2022-10-17T14:52:00+00:00,116.7200,116.5100,2.57,-0.54,-0.001799,4860000,MaxHoldTimeout,0.7751,0.0113,0.6576,0.6823,1.0000,-0.5802,-0.3701,0.9712,,,
summary,2022-10-17,NVDA,,,,,,,-0.54,,1,,,,,,,,,,0.8180,2022-10-17T13:37:00+00:00,495,1075
summary,2022-10-17,MSFT,,,,,,,0.00,,0,,,,,,,,,,0.7713,2022-10-17T13:49:00+00:00,500,972
summary,2022-10-18,SPY,,,,,,,0.00,,0,,,,,,,,,,0.6933,2022-10-17T13:36:00+00:00,1223,1614
summary,2022-10-18,QQQ,,,,,,,0.00,,0,,,,,,,,,,0.7558,2022-10-17T09:30:00+00:00,1279,1615
summary,2022-10-18,AAPL,,,,,,,0.00,,0,,,,,,,,,,0.6027,2022-10-17T13:04:00+00:00,1171,1489
summary,2022-10-18,NVDA,,,,,,,0.00,,0,,,,,,,,,,0.8191,2022-10-17T13:37:00+00:00,1036,1335
summary,2022-10-18,MSFT,,,,,,,0.00,,0,,,,,,,,,,0.8086,2022-10-17T13:49:00+00:00,775,1194
summary,2022-10-19,SPY,,,,,,,0.00,,0,,,,,,,,,,0.6933,2022-10-17T13:36:00+00:00,1591,2539
trade,2022-10-19,QQQ,Long,2022-10-19T14:26:00+00:00,2022-10-19T14:51:00+00:00,273.0714,272.0334,1.10,-1.14,-0.003801,1500000,ScoreExit,0.3788,-0.0928,0.3599,0.5180,0.1068,-0.4843,-0.1269,0.1057,,,
summary,2022-10-19,QQQ,,,,,,,-1.14,,1,,,,,,,,,,0.7558,2022-10-17T09:30:00+00:00,1637,2552
trade,2022-10-19,AAPL,Long,2022-10-19T13:32:00+00:00,2022-10-19T14:51:00+00:00,143.3380,143.8718,2.09,1.12,0.003724,4740000,ScoreExit,0.4721,-0.0515,0.6214,0.5303,0.3059,-0.4031,-0.2034,0.3696,,,
summary,2022-10-19,AAPL,,,,,,,1.12,,1,,,,,,,,,,0.6027,2022-10-17T13:04:00+00:00,1690,2387
trade,2022-10-19,NVDA,Long,2022-10-19T13:40:00+00:00,2022-10-19T15:41:00+00:00,119.9247,120.9887,2.50,2.66,0.008872,7260000,MaxHoldTimeout,0.3713,-0.0102,0.2007,0.5125,0.1457,0.0263,-0.2937,0.5448,,,
summary,2022-10-19,NVDA,,,,,,,2.66,,1,,,,,,,,,,0.8191,2022-10-17T13:37:00+00:00,1485,2124
summary,2022-10-19,MSFT,,,,,,,0.00,,0,,,,,,,,,,0.8086,2022-10-17T13:49:00+00:00,940,1875
trade,2022-10-20,SPY,Long,2022-10-20T14:06:00+00:00,2022-10-20T15:16:00+00:00,370.9262,371.2836,0.81,0.29,0.000963,4200000,ScoreExit,0.4698,-0.1105,0.5635,0.5256,0.3270,-0.4583,-0.2270,0.2383,,,
summary,2022-10-20,SPY,,,,,,,0.29,,1,,,,,,,,,,0.9027,2022-10-17T13:40:00+00:00,1595,3144
trade,2022-10-20,QQQ,Long,2022-10-20T14:01:00+00:00,2022-10-20T15:27:00+00:00,272.2767,273.6929,1.10,1.56,0.005201,5160000,ScoreExit,0.5096,-0.0759,0.2956,0.5706,0.4591,-0.4314,-0.2318,0.3545,,,
summary,2022-10-20,QQQ,,,,,,,1.56,,1,,,,,,,,,,1.0000,2022-10-17T13:40:00+00:00,1629,3143
trade,2022-10-20,AAPL,Long,2022-10-20T13:46:00+00:00,2022-10-20T15:47:00+00:00,144.8184,145.3664,2.07,1.14,0.003784,7260000,MaxHoldTimeout,0.4953,0.1805,0.5940,0.5561,0.3409,-0.3874,0.1701,0.3906,,,
summary,2022-10-20,AAPL,,,,,,,1.14,,1,,,,,,,,,,1.0000,2022-10-17T13:41:00+00:00,1894,2925
trade,2022-10-20,NVDA,Long,2022-10-20T13:31:00+00:00,2022-10-20T15:26:00+00:00,121.8716,126.0672,2.46,10.33,0.034426,6900000,ScoreExit,0.5808,-0.0737,0.5973,0.5426,0.6518,-0.2491,-0.4019,0.6410,,,
summary,2022-10-20,NVDA,,,,,,,10.33,,1,,,,,,,,,,1.0000,2022-10-17T13:32:00+00:00,1765,2641
trade,2022-10-20,MSFT,Long,2022-10-20T13:51:00+00:00,2022-10-20T15:16:00+00:00,238.6466,239.5181,1.26,1.10,0.003652,5100000,ScoreExit,0.4869,-0.0714,0.5754,0.5353,0.3607,-0.4637,-0.2604,0.4374,,,
summary,2022-10-20,MSFT,,,,,,,1.10,,1,,,,,,,,,,1.0000,2022-10-17T13:40:00+00:00,1009,2337
summary,2022-10-21,SPY,,,,,,,0.00,,0,,,,,,,,,,0.6629,2022-10-18T20:18:00+00:00,910,3086
summary,2022-10-21,QQQ,,,,,,,0.00,,0,,,,,,,,,,0.7251,2022-10-18T20:19:00+00:00,907,3101
summary,2022-10-21,AAPL,,,,,,,0.00,,0,,,,,,,,,,0.6683,2022-10-18T13:32:00+00:00,1297,2853
trade,2022-10-21,NVDA,Long,2022-10-21T13:51:00+00:00,2022-10-21T14:26:00+00:00,120.7312,121.8384,2.49,2.76,0.009171,2100000,ScoreExit,0.3867,-0.1127,0.2682,0.5437,0.1121,-0.6058,-0.1598,0.1457,,,
summary,2022-10-21,NVDA,,,,,,,2.76,,1,,,,,,,,,,0.7847,2022-10-19T14:28:00+00:00,1360,2631
summary,2022-10-21,MSFT,,,,,,,0.00,,0,,,,,,,,,,0.7119,2022-10-18T20:03:00+00:00,695,2271
summary,2022-10-24,SPY,,,,,,,0.00,,0,,,,,,,,,,0.9441,2022-10-21T13:46:00+00:00,1054,1205
summary,2022-10-24,QQQ,,,,,,,0.00,,0,,,,,,,,,,0.9431,2022-10-21T13:46:00+00:00,1047,1200
summary,2022-10-24,AAPL,,,,,,,0.00,,0,,,,,,,,,,0.9423,2022-10-21T13:46:00+00:00,1050,1161
summary,2022-10-24,NVDA,,,,,,,0.00,,0,,,,,,,,,,1.0000,2022-10-21T13:32:00+00:00,896,1078
summary,2022-10-24,MSFT,,,,,,,0.00,,0,,,,,,,,,,0.9294,2022-10-21T13:46:00+00:00,967,1033
trade,2022-10-25,SPY,Long,2022-10-25T13:46:00+00:00,2022-10-25T15:47:00+00:00,380.7592,383.5099,0.79,2.17,0.007224,7260000,MaxHoldTimeout,0.5678,0.3802,0.5287,0.5373,0.6419,0.1505,0.3009,0.6153,,,
summary,2022-10-25,SPY,,,,,,,2.17,,1,,,,,,,,,,0.6378,2022-10-24T10:19:00+00:00,1209,1594
trade,2022-10-25,QQQ,Long,2022-10-25T13:46:00+00:00,2022-10-25T15:47:00+00:00,281.1793,283.4499,1.07,2.42,0.008075,7260000,MaxHoldTimeout,0.6229,0.4019,0.5270,0.5794,0.7418,0.0556,0.3169,0.6872,,,
summary,2022-10-25,QQQ,,,,,,,2.42,,1,,,,,,,,,,0.6368,2022-10-25T13:54:00+00:00,1237,1574
summary,2022-10-25,AAPL,,,,,,,0.00,,0,,,,,,,,,,0.6566,2022-10-24T10:33:00+00:00,1165,1467
trade,2022-10-25,NVDA,Long,2022-10-25T13:31:00+00:00,2022-10-25T15:32:00+00:00,127.8433,131.5855,2.35,8.79,0.029272,7260000,MaxHoldTimeout,0.7130,0.3868,0.5654,0.6226,0.9431,-0.4265,0.2952,0.8413,,,
summary,2022-10-25,NVDA,,,,,,,8.79,,1,,,,,,,,,,0.9582,2022-10-24T09:49:00+00:00,1054,1243
summary,2022-10-25,MSFT,,,,,,,0.00,,0,,,,,,,,,,0.9600,2022-10-24T09:55:00+00:00,1039,1230
summary,2022-10-26,SPY,,,,,,,0.00,,0,,,,,,,,,,0.6378,2022-10-24T10:19:00+00:00,1694,2516
trade,2022-10-26,QQQ,Long,2022-10-26T14:41:00+00:00,2022-10-26T15:56:00+00:00,282.1196,282.7901,1.06,0.71,0.002377,4500000,SessionClose,0.4913,0.0631,0.5699,0.5401,0.3674,-0.5273,-0.0391,0.4643,,,
summary,2022-10-26,QQQ,,,,,,,0.71,,1,,,,,,,,,,0.6368,2022-10-25T13:54:00+00:00,1589,2507
summary,2022-10-26,AAPL,,,,,,,0.00,,0,,,,,,,,,,0.6566,2022-10-24T10:33:00+00:00,1603,2360
trade,2022-10-26,NVDA,Long,2022-10-26T13:51:00+00:00,2022-10-26T15:52:00+00:00,129.9440,132.8361,2.32,6.70,0.022257,7260000,MaxHoldTimeout,0.4952,0.0408,0.5665,0.5066,0.4487,-0.5079,-0.1498,0.6049,,,
summary,2022-10-26,NVDA,,,,,,,6.70,,1,,,,,,,,,,0.9582,2022-10-24T09:49:00+00:00,1513,2030
summary,2022-10-26,MSFT,,,,,,,0.00,,0,,,,,,,,,,0.9600,2022-10-24T09:55:00+00:00,1041,2162
summary,2022-10-27,SPY,,,,,,,0.00,,0,,,,,,,,,,0.9386,2022-10-24T13:45:00+00:00,1850,3109
summary,2022-10-27,QQQ,,,,,,,0.00,,0,,,,,,,,,,0.9241,2022-10-24T13:45:00+00:00,1428,3122
summary,2022-10-27,AAPL,,,,,,,0.00,,0,,,,,,,,,,0.9182,2022-10-24T13:45:00+00:00,1501,2952
summary,2022-10-27,NVDA,,,,,,,0.00,,0,,,,,,,,,,0.8246,2022-10-25T13:59:00+00:00,1942,2636
summary,2022-10-27,MSFT,,,,,,,0.00,,0,,,,,,,,,,1.0000,2022-10-24T13:37:00+00:00,910,2786
trade,2022-10-28,SPY,Long,2022-10-28T13:38:00+00:00,2022-10-28T15:39:00+00:00,381.8195,385.2094,0.79,2.66,0.008878,7260000,MaxHoldTimeout,0.4246,0.1858,0.3337,0.5450,0.2140,0.2918,0.0152,0.4916,,,
summary,2022-10-28,SPY,,,,,,,2.66,,1,,,,,,,,,,0.8946,2022-10-25T13:55:00+00:00,1305,3103
trade,2022-10-28,QQQ,Long,2022-10-28T13:38:00+00:00,2022-10-28T15:39:00+00:00,274.4673,278.1627,1.09,4.04,0.013464,7260000,MaxHoldTimeout,0.4808,0.1966,0.4635,0.6582,0.1318,0.4306,0.0555,0.4008,,,
summary,2022-10-28,QQQ,,,,,,,4.04,,1,,,,,,,,,,0.9037,2022-10-25T13:49:00+00:00,886,3172
summary,2022-10-28,AAPL,,,,,,,0.00,,0,,,,,,,,,,0.8977,2022-10-25T13:52:00+00:00,996,3079
trade,2022-10-28,NVDA,Long,2022-10-28T13:31:00+00:00,2022-10-28T14:11:00+00:00,132.2447,131.9453,2.27,-0.68,-0.002264,2400000,ScoreExit,0.5878,-0.1170,0.4711,0.6271,0.5479,-0.6324,-0.3254,0.4717,,,
summary,2022-10-28,NVDA,,,,,,,-0.68,,1,,,,,,,,,,1.0000,2022-10-25T13:31:00+00:00,1650,2722
trade,2022-10-28,MSFT,Long,2022-10-28T13:39:00+00:00,2022-10-28T15:26:00+00:00,228.9137,233.0551,1.31,5.43,0.018092,6420000,ScoreExit,0.4245,-0.0823,0.3614,0.5469,0.2007,-0.5577,-0.2264,0.3642,,,
summary,2022-10-28,MSFT,,,,,,,5.43,,1,,,,,,,,,,0.9034,2022-10-25T13:55:00+00:00,938,2927
summary,2022-10-31,SPY,,,,,,,0.00,,0,,,,,,,,,,0.9573,2022-10-28T14:46:00+00:00,834,1196
summary,2022-10-31,QQQ,,,,,,,0.00,,0,,,,,,,,,,1.0000,2022-10-28T13:40:00+00:00,859,1179
summary,2022-10-31,AAPL,,,,,,,0.00,,0,,,,,,,,,,1.0000,2022-10-28T13:35:00+00:00,658,1169
summary,2022-10-31,NVDA,,,,,,,0.00,,0,,,,,,,,,,1.0000,2022-10-28T13:32:00+00:00,728,1075
summary,2022-10-31,MSFT,,,,,,,0.00,,0,,,,,,,,,,1.0000,2022-10-28T13:32:00+00:00,747,1007
summary,2022-11-01,SPY,,,,,,,0.00,,0,,,,,,,,,,0.5370,2022-10-31T15:54:00+00:00,729,1567
summary,2022-11-01,QQQ,,,,,,,0.00,,0,,,,,,,,,,0.5936,2022-10-31T15:54:00+00:00,632,1514
summary,2022-11-01,AAPL,,,,,,,0.00,,0,,,,,,,,,,0.7580,2022-10-31T09:24:00+00:00,635,1473
summary,2022-11-01,NVDA,,,,,,,0.00,,0,,,,,,,,,,0.7678,2022-10-31T09:34:00+00:00,709,1235
summary,2022-11-01,MSFT,,,,,,,0.00,,0,,,,,,,,,,0.6286,2022-10-31T15:54:00+00:00,360,1139
summary,2022-11-02,SPY,,,,,,,0.00,,0,,,,,,,,,,0.5370,2022-10-31T15:54:00+00:00,786,2366
summary,2022-11-02,QQQ,,,,,,,0.00,,0,,,,,,,,,,0.5936,2022-10-31T15:54:00+00:00,639,2363
summary,2022-11-02,AAPL,,,,,,,0.00,,0,,,,,,,,,,0.7580,2022-10-31T09:24:00+00:00,635,2250
trade,2022-11-02,NVDA,Long,2022-11-02T13:41:00+00:00,2022-11-02T14:33:00+00:00,139.5769,138.1535,2.15,-3.06,-0.010197,3120000,ScoreExit,0.6250,-0.0759,0.5840,0.6026,0.6835,-0.5413,-0.3336,0.5946,,,
summary,2022-11-02,NVDA,,,,,,,-3.06,,1,,,,,,,,,,0.7678,2022-10-31T09:34:00+00:00,1182,1932
summary,2022-11-02,MSFT,,,,,,,0.00,,0,,,,,,,,,,0.6286,2022-10-31T15:54:00+00:00,361,1743
summary,2022-11-03,SPY,,,,,,,0.00,,0,,,,,,,,,,0.5993,2022-10-31T15:54:00+00:00,671,2987
summary,2022-11-03,QQQ,,,,,,,0.00,,0,,,,,,,,,,0.6694,2022-10-31T15:54:00+00:00,567,3007
summary,2022-11-03,AAPL,,,,,,,0.00,,0,,,,,,,,,,0.6430,2022-10-31T15:44:00+00:00,563,2861
trade,2022-11-03,NVDA,Long,2022-11-03T14:01:00+00:00,2022-11-03T15:11:00+00:00,130.1040,135.4044,2.31,12.22,0.040739,4200000,ScoreExit,0.3680,-0.0518,-0.4536,0.5317,0.3145,-0.6220,-0.0820,0.1984,,,
summary,2022-11-03,NVDA,,,,,,,12.22,,1,,,,,,,,,,0.7622,2022-10-31T15:54:00+00:00,1279,2486
summary,2022-11-03,MSFT,,,,,,,0.00,,0,,,,,,,,,,0.6967,2022-10-31T15:54:00+00:00,310,2298
summary,2022-11-04,SPY,,,,,,,0.00,,0,,,,,,,,,,0.5239,2022-11-02T18:01:00+00:00,239,2988
summary,2022-11-04,QQQ,,,,,,,0.00,,0,,,,,,,,,,0.5067,2022-11-02T18:01:00+00:00,173,3070
summary,2022-11-04,AAPL,,,,,,,0.00,,0,,,,,,,,,,0.4874,2022-11-02T18:08:00+00:00,159,2967
summary,2022-11-04,NVDA,,,,,,,0.00,,0,,,,,,,,,,0.8835,2022-11-01T13:32:00+00:00,1290,2542
trade,2022-11-04,MSFT,Long,2022-11-04T14:36:00+00:00,2022-11-04T15:52:00+00:00,218.7906,215.7253,1.37,-4.20,-0.014010,4560000,MaxHoldTimeout,0.3803,0.0000,0.1687,0.5569,0.0976,-0.4700,-0.3687,-0.1418,,,
summary,2022-11-04,MSFT,,,,,,,-4.20,,1,,,,,,,,,,0.5468,2022-11-02T18:01:00+00:00,371,2427
summary,2022-11-07,SPY,,,,,,,0.00,,0,,,,,,,,,,0.9546,2022-11-04T14:40:00+00:00,825,1189
summary,2022-11-07,QQQ,,,,,,,0.00,,0,,,,,,,,,,0.9560,2022-11-04T14:40:00+00:00,819,1156
summary,2022-11-07,AAPL,,,,,,,0.00,,0,,,,,,,,,,0.8925,2022-11-04T14:25:00+00:00,621,1193
summary,2022-11-07,NVDA,,,,,,,0.00,,0,,,,,,,,,,0.9084,2022-11-04T14:00:00+00:00,766,1048
trade,2022-11-07,MSFT,Long,2022-11-07T14:56:00+00:00,2022-11-07T15:56:00+00:00,223.7921,225.7073,1.34,2.57,0.008558,3600000,SessionClose,0.5938,0.4814,0.5551,0.5231,0.7481,0.2610,0.3657,0.7861,,,
summary,2022-11-07,MSFT,,,,,,,2.57,,1,,,,,,,,,,0.9572,2022-11-04T14:41:00+00:00,803,990
summary,2022-11-08,SPY,,,,,,,0.00,,0,,,,,,,,,,0.7502,2022-11-07T10:23:00+00:00,1064,1544
summary,2022-11-08,QQQ,,,,,,,0.00,,0,,,,,,,,,,0.6568,2022-11-07T10:23:00+00:00,1022,1500
summary,2022-11-08,AAPL,,,,,,,0.00,,0,,,,,,,,,,0.9202,2022-11-07T09:00:00+00:00,1022,1509
summary,2022-11-08,NVDA,,,,,,,0.00,,0,,,,,,,,,,0.8933,2022-11-07T10:58:00+00:00,921,1340
summary,2022-11-08,MSFT,,,,,,,0.00,,0,,,,,,,,,,0.8701,2022-11-07T11:03:00+00:00,856,1137
summary,2022-11-09,SPY,,,,,,,0.00,,0,,,,,,,,,,0.7502,2022-11-07T10:23:00+00:00,1312,2457
summary,2022-11-09,QQQ,,,,,,,0.00,,0,,,,,,,,,,0.6568,2022-11-07T10:23:00+00:00,1294,2391
summary,2022-11-09,AAPL,,,,,,,0.00,,0,,,,,,,,,,0.9202,2022-11-07T09:00:00+00:00,1231,2289
summary,2022-11-09,NVDA,,,,,,,0.00,,0,,,,,,,,,,0.8933,2022-11-07T10:58:00+00:00,1038,2075
summary,2022-11-09,MSFT,,,,,,,0.00,,0,,,,,,,,,,0.8701,2022-11-07T11:03:00+00:00,955,1684
summary,2022-11-10,SPY,,,,,,,0.00,,0,,,,,,,,,,0.8292,2022-11-10T13:40:00+00:00,1679,3003
summary,2022-11-10,QQQ,,,,,,,0.00,,0,,,,,,,,,,0.8740,2022-11-07T15:16:00+00:00,1712,2977
summary,2022-11-10,AAPL,,,,,,,0.00,,0,,,,,,,,,,0.8900,2022-11-07T15:16:00+00:00,1632,2825
summary,2022-11-10,NVDA,,,,,,,0.00,,0,,,,,,,,,,0.9177,2022-11-07T15:04:00+00:00,1491,2617
summary,2022-11-10,MSFT,,,,,,,0.00,,0,,,,,,,,,,0.9571,2022-11-07T15:59:00+00:00,1317,2144
summary,2022-11-11,SPY,,,,,,,0.00,,0,,,,,,,,,,0.9561,2022-11-08T15:43:00+00:00,1561,3071
trade,2022-11-11,QQQ,Long,2022-11-11T15:26:00+00:00,2022-11-11T15:56:00+00:00,285.4806,285.6293,1.05,0.16,0.000521,1800000,SessionClose,0.5196,0.2571,0.1494,0.5478,0.5869,-0.2521,0.1770,0.5869,,,
summary,2022-11-11,QQQ,,,,,,,0.16,,1,,,,,,,,,,0.9524,2022-11-08T15:48:00+00:00,1658,3080
trade,2022-11-11,AAPL,Long,2022-11-11T15:16:00+00:00,2022-11-11T15:56:00+00:00,147.1891,148.2017,2.04,2.07,0.006879,2400000,SessionClose,0.5390,0.3722,0.5675,0.5185,0.5704,0.1077,0.3172,0.5704,,,
summary,2022-11-11,AAPL,,,,,,,2.07,,1,,,,,,,,,,0.7964,2022-11-08T15:59:00+00:00,1624,2905
trade,2022-11-11,NVDA,Long,2022-11-11T15:16:00+00:00,2022-11-11T15:56:00+00:00,159.8529,160.6468,1.88,1.49,0.004966,2400000,SessionClose,0.5415,0.2409,0.6033,0.5308,0.5422,-0.0660,0.1414,0.5422,,,
summary,2022-11-11,NVDA,,,,,,,1.49,,1,,,,,,,,,,0.8709,2022-11-10T13:35:00+00:00,1518,2681
trade,2022-11-11,MSFT,Long,2022-11-11T15:11:00+00:00,2022-11-11T15:56:00+00:00,244.5584,245.9712,1.23,1.74,0.005777,2700000,SessionClose,0.5185,0.1967,0.3608,0.5128,0.5826,-0.1259,0.0576,0.5826,,,
summary,2022-11-11,MSFT,,,,,,,1.74,,1,,,,,,,,,,0.9070,2022-11-08T14:53:00+00:00,1199,2210
summary,2022-11-14,SPY,,,,,,,0.00,,0,,,,,,,,,,0.8869,2022-11-11T15:21:00+00:00,807,1167
summary,2022-11-14,QQQ,,,,,,,0.00,,0,,,,,,,,,,0.9589,2022-11-11T15:49:00+00:00,888,1171
summary,2022-11-14,AAPL,,,,,,,0.00,,0,,,,,,,,,,0.9600,2022-11-11T15:49:00+00:00,894,1102
trade,2022-11-14,NVDA,Long,2022-11-14T15:16:00+00:00,2022-11-14T15:56:00+00:00,163.4931,163.2860,1.84,-0.38,-0.001267,2400000,SessionClose,0.5989,0.3447,0.5130,0.5171,0.7911,0.2721,0.1336,0.7911,,,
summary,2022-11-14,NVDA,,,,,,,-0.38,,1,,,,,,,,,,1.0000,2022-11-11T14:40:00+00:00,955,1071
summary,2022-11-14,MSFT,,,,,,,0.00,,0,,,,,,,,,,0.9587,2022-11-11T15:51:00+00:00,379,978
summary,2022-11-15,SPY,,,,,,,0.00,,0,,,,,,,,,,0.5709,2022-11-14T18:26:00+00:00,898,1573
summary,2022-11-15,QQQ,,,,,,,0.00,,0,,,,,,,,,,0.6805,2022-11-15T13:33:00+00:00,1011,1555
summary,2022-11-15,AAPL,,,,,,,0.00,,0,,,,,,,,,,0.6505,2022-11-15T13:33:00+00:00,901,1402
summary,2022-11-15,NVDA,,,,,,,0.00,,0,,,,,,,,,,0.7507,2022-11-15T13:31:00+00:00,1004,1301
summary,2022-11-15,MSFT,,,,,,,0.00,,0,,,,,,,,,,0.7084,2022-11-15T13:33:00+00:00,751,1180
summary,2022-11-16,SPY,,,,,,,0.00,,0,,,,,,,,,,0.5709,2022-11-14T18:26:00+00:00,1058,2471
summary,2022-11-16,QQQ,,,,,,,0.00,,0,,,,,,,,,,0.6805,2022-11-15T13:33:00+00:00,1209,2431
summary,2022-11-16,AAPL,,,,,,,0.00,,0,,,,,,,,,,0.6505,2022-11-15T13:33:00+00:00,1022,2211
summary,2022-11-16,NVDA,,,,,,,0.00,,0,,,,,,,,,,0.7507,2022-11-15T13:31:00+00:00,1111,2080
summary,2022-11-16,MSFT,,,,,,,0.00,,0,,,,,,,,,,0.7084,2022-11-15T13:33:00+00:00,924,1786
summary,2022-11-17,SPY,,,,,,,0.00,,0,,,,,,,,,,0.7639,2022-11-14T15:15:00+00:00,970,3075
summary,2022-11-17,QQQ,,,,,,,0.00,,0,,,,,,,,,,0.8896,2022-11-14T15:15:00+00:00,1142,3004
summary,2022-11-17,AAPL,,,,,,,0.00,,0,,,,,,,,,,0.6619,2022-11-14T17:13:00+00:00,1216,2767
trade,2022-11-17,NVDA,Long,2022-11-17T15:30:00+00:00,2022-11-17T15:56:00+00:00,162.5368,160.3669,1.84,-4.00,-0.013351,1560000,SessionClose,0.4942,0.0000,0.5652,0.7229,0.0132,-0.3452,-0.2277,-0.0157,,,
summary,2022-11-17,NVDA,,,,,,,-4.00,,1,,,,,,,,,,1.0000,2022-11-14T14:31:00+00:00,1249,2777
summary,2022-11-17,MSFT,,,,,,,0.00,,0,,,,,,,,,,0.8991,2022-11-14T15:00:00+00:00,1105,2265
summary,2022-11-18,SPY,,,,,,,0.00,,0,,,,,,,,,,0.3878,2022-11-15T15:02:00+00:00,476,3052
summary,2022-11-18,QQQ,,,,,,,0.00,,0,,,,,,,,,,0.5550,2022-11-15T15:05:00+00:00,409,3008
summary,2022-11-18,AAPL,,,,,,,0.00,,0,,,,,,,,,,1.0000,2022-11-15T14:32:00+00:00,1017,2774
summary,2022-11-18,NVDA,,,,,,,0.00,,0,,,,,,,,,,0.9070,2022-11-15T15:00:00+00:00,495,2837
summary,2022-11-18,MSFT,,,,,,,0.00,,0,,,,,,,,,,0.4548,2022-11-17T16:59:00+00:00,625,2171
summary,2022-11-21,SPY,,,,,,,0.00,,0,,,,,,,,,,0.5143,2022-11-18T20:49:00+00:00,319,1167
summary,2022-11-21,QQQ,,,,,,,0.00,,0,,,,,,,,,,0.4589,2022-11-18T20:49:00+00:00,136,1126
summary,2022-11-21,AAPL,,,,,,,0.00,,0,,,,,,,,,,0.5274,2022-11-18T16:19:00+00:00,106,1058
summary,2022-11-21,NVDA,,,,,,,0.00,,0,,,,,,,,,,0.5833,2022-11-21T16:24:00+00:00,334,1039
trade,2022-11-21,MSFT,Long,2022-11-21T14:31:00+00:00,2022-11-21T15:22:00+00:00,242.7778,241.6692,1.24,-1.37,-0.004566,3060000,ScoreExit,0.5641,-0.0719,0.5622,0.5094,0.6742,-0.4494,-0.2481,0.4063,,,
summary,2022-11-21,MSFT,,,,,,,-1.37,,1,,,,,,,,,,0.5721,2022-11-21T14:31:00+00:00,439,915
summary,2022-11-22,SPY,,,,,,,0.00,,0,,,,,,,,,,0.4785,2022-11-21T18:39:00+00:00,985,1513
summary,2022-11-22,QQQ,,,,,,,0.00,,0,,,,,,,,,,0.4396,2022-11-22T20:33:00+00:00,756,1445
summary,2022-11-22,AAPL,,,,,,,0.00,,0,,,,,,,,,,0.4975,2022-11-21T13:22:00+00:00,662,1335
trade,2022-11-22,NVDA,Long,2022-11-22T15:21:00+00:00,2022-11-22T15:56:00+00:00,155.3616,157.3978,1.93,3.93,0.013106,2100000,SessionClose,0.7035,0.7028,0.5240,0.6215,0.9274,0.2952,0.6585,0.9274,,,
trade,2022-11-22,NVDA,Long,2022-11-22T15:58:00+00:00,2022-11-22T15:59:00+00:00,157.5522,158.0076,1.91,0.87,0.002890,60000,SessionClose,0.7087,0.7321,0.3536,0.6585,0.9274,0.5879,0.6585,0.9274,,,
summary,2022-11-22,NVDA,,,,,,,4.80,,2,,,,,,,,,,0.8330,2022-11-21T10:14:00+00:00,817,1162
summary,2022-11-22,MSFT,,,,,,,0.00,,0,,,,,,,,,,0.6674,2022-11-21T14:31:00+00:00,578,1020
summary,2022-11-23,SPY,,,,,,,0.00,,0,,,,,,,,,,0.4785,2022-11-21T18:39:00+00:00,1625,2367
summary,2022-11-23,QQQ,,,,,,,0.00,,0,,,,,,,,,,0.4735,2022-11-23T19:04:00+00:00,1359,2261
trade,2022-11-23,AAPL,Long,2022-11-23T14:36:00+00:00,2022-11-23T15:56:00+00:00,150.6802,151.6095,1.99,1.85,0.006167,4800000,SessionClose,0.4657,0.1909,0.6019,0.5062,0.3391,0.3433,0.0676,0.3868,,,
summary,2022-11-23,AAPL,,,,,,,1.85,,1,,,,,,,,,,0.4975,2022-11-21T13:22:00+00:00,1168,2114
trade,2022-11-23,NVDA,Long,2022-11-23T14:36:00+00:00,2022-11-23T15:56:00+00:00,161.9136,164.0558,1.86,3.97,0.013231,4800000,SessionClose,0.5206,0.2422,0.4715,0.5214,0.5354,0.1810,0.0898,0.5673,,,
summary,2022-11-23,NVDA,,,,,,,3.97,,1,,,,,,,,,,0.8330,2022-11-21T10:14:00+00:00,1412,1888
summary,2022-11-23,MSFT,,,,,,,0.00,,0,,,,,,,,,,0.6674,2022-11-21T14:31:00+00:00,997,1561
summary,2022-11-24,SPY,,,,,,,0.00,,0,,,,,,,,,,0.4800,2022-11-21T18:39:00+00:00,1644,2275
summary,2022-11-24,QQQ,,,,,,,0.00,,0,,,,,,,,,,0.5785,2022-11-21T14:51:00+00:00,1358,2192
summary,2022-11-24,AAPL,,,,,,,0.00,,0,,,,,,,,,,0.5977,2022-11-21T15:00:00+00:00,1175,2082
summary,2022-11-24,NVDA,,,,,,,0.00,,0,,,,,,,,,,1.0000,2022-11-21T14:40:00+00:00,1450,1846
summary,2022-11-24,MSFT,,,,,,,0.00,,0,,,,,,,,,,1.0000,2022-11-21T14:31:00+00:00,937,1531
summary,2022-11-25,SPY,,,,,,,0.00,,0,,,,,,,,,,0.8250,2022-11-22T15:55:00+00:00,1556,2005
summary,2022-11-25,QQQ,,,,,,,0.00,,0,,,,,,,,,,0.9552,2022-11-22T15:50:00+00:00,1510,1927
summary,2022-11-25,AAPL,,,,,,,0.00,,0,,,,,,,,,,0.9544,2022-11-22T15:49:00+00:00,1163,1913
summary,2022-11-25,NVDA,,,,,,,0.00,,0,,,,,,,,,,0.9631,2022-11-22T15:49:00+00:00,1365,1663
summary,2022-11-25,MSFT,,,,,,,0.00,,0,,,,,,,,,,0.8479,2022-11-22T15:59:00+00:00,1080,1333
summary,2022-11-28,SPY,,,,,,,0.00,,0,,,,,,,,,,0.7135,2022-11-25T16:03:00+00:00,167,1064
summary,2022-11-28,QQQ,,,,,,,0.00,,0,,,,,,,,,,0.5815,2022-11-25T16:03:00+00:00,114,969
summary,2022-11-28,AAPL,,,,,,,0.00,,0,,,,,,,,,,0.8934,2022-11-25T14:58:00+00:00,156,1014
trade,2022-11-28,NVDA,Long,2022-11-28T14:58:00+00:00,2022-11-28T15:56:00+00:00,162.8238,160.8867,1.84,-3.57,-0.011897,3480000,SessionClose,0.3512,0.0000,0.0560,0.5177,0.1166,0.3045,-0.4415,-0.2603,,,
summary,2022-11-28,NVDA,,,,,,,-3.57,,1,,,,,,,,,,0.8942,2022-11-25T15:17:00+00:00,126,843
summary,2022-11-28,MSFT,,,,,,,0.00,,0,,,,,,,,,,0.4929,2022-11-25T14:37:00+00:00,46,762
summary,2022-11-29,SPY,,,,,,,0.00,,0,,,,,,,,,,0.3832,2022-11-28T14:34:00+00:00,318,1567
summary,2022-11-29,QQQ,,,,,,,0.00,,0,,,,,,,,,,0.5423,2022-11-28T14:41:00+00:00,310,1504
summary,2022-11-29,AAPL,,,,,,,0.00,,0,,,,,,,,,,0.6432,2022-11-28T14:43:00+00:00,285,1471
summary,2022-11-29,NVDA,,,,,,,0.00,,0,,,,,,,,,,0.6850,2022-11-28T14:41:00+00:00,161,1203
summary,2022-11-29,MSFT,,,,,,,0.00,,0,,,,,,,,,,0.4126,2022-11-28T13:53:00+00:00,69,1109
summary,2022-11-30,SPY,,,,,,,0.00,,0,,,,,,,,,,0.6702,2022-11-30T19:19:00+00:00,592,2420
summary,2022-11-30,QQQ,,,,,,,0.00,,0,,,,,,,,,,0.7529,2022-11-30T19:19:00+00:00,538,2324
summary,2022-11-30,AAPL,,,,,,,0.00,,0,,,,,,,,,,0.7026,2022-11-30T19:19:00+00:00,516,2280
trade,2022-11-30,NVDA,Long,2022-11-30T14:38:00+00:00,2022-11-30T15:54:00+00:00,159.2027,157.3178,1.88,-3.55,-0.011840,4560000,MaxHoldTimeout,0.5088,0.0000,0.4895,0.6870,0.1588,-0.1599,-0.2273,-0.0311,,,
summary,2022-11-30,NVDA,,,,,,,-3.55,,1,,,,,,,,,,0.7678,2022-11-30T19:16:00+00:00,438,1812
trade,2022-11-30,MSFT,Long,2022-11-30T14:41:00+00:00,2022-11-30T15:16:00+00:00,242.7578,242.1673,1.24,-0.73,-0.002432,2100000,ScoreExit,0.4793,-0.0572,0.4783,0.5405,0.3573,-0.5290,-0.0669,0.1196,,,
summary,2022-11-30,MSFT,,,,,,,-0.73,,1,,,,,,,,,,0.7454,2022-11-30T19:16:00+00:00,393,1614
summary,2022-12-01,SPY,,,,,,,0.00,,0,,,,,,,,,,0.6721,2022-11-30T19:19:00+00:00,1228,3021
summary,2022-12-01,QQQ,,,,,,,0.00,,0,,,,,,,,,,0.7550,2022-11-30T19:19:00+00:00,1153,2957
summary,2022-12-01,AAPL,,,,,,,0.00,,0,,,,,,,,,,0.9977,2022-11-28T14:33:00+00:00,1076,2874
summary,2022-12-01,NVDA,,,,,,,0.00,,0,,,,,,,,,,1.0000,2022-11-28T14:31:00+00:00,1081,2443
summary,2022-12-01,MSFT,,,,,,,0.00,,0,,,,,,,,,,0.7470,2022-11-30T19:16:00+00:00,903,2179
summary,2022-12-02,SPY,,,,,,,0.00,,0,,,,,,,,,,0.7318,2022-11-30T19:19:00+00:00,1858,2999
summary,2022-12-02,QQQ,,,,,,,0.00,,0,,,,,,,,,,0.8124,2022-11-30T19:19:00+00:00,1790,2922
summary,2022-12-02,AAPL,,,,,,,0.00,,0,,,,,,,,,,0.8952,2022-11-29T15:29:00+00:00,1595,2760
summary,2022-12-02,NVDA,,,,,,,0.00,,0,,,,,,,,,,0.8968,2022-11-29T15:08:00+00:00,1551,2450
summary,2022-12-02,MSFT,,,,,,,0.00,,0,,,,,,,,,,0.8117,2022-11-30T19:16:00+00:00,1380,2110
summary,2022-12-05,SPY,,,,,,,0.00,,0,,,,,,,,,,0.6882,2022-12-02T15:52:00+00:00,494,1201
summary,2022-12-05,QQQ,,,,,,,0.00,,0,,,,,,,,,,0.8999,2022-12-02T15:13:00+00:00,571,1128
trade,2022-12-05,AAPL,Long,2022-12-05T14:36:00+00:00,2022-12-05T15:16:00+00:00,149.4998,148.6304,2.01,-1.75,-0.005816,2400000,ScoreExit,0.6529,-0.0615,0.6040,0.6529,0.6693,-0.5688,-0.2514,0.4874,,,
summary,2022-12-05,AAPL,,,,,,,-1.75,,1,,,,,,,,,,0.7545,2022-12-02T15:13:00+00:00,584,1078
summary,2022-12-05,NVDA,,,,,,,0.00,,0,,,,,,,,,,1.0000,2022-12-02T14:32:00+00:00,581,979
summary,2022-12-05,MSFT,,,,,,,0.00,,0,,,,,,,,,,0.8928,2022-12-02T15:13:00+00:00,462,937
summary,2022-12-06,SPY,,,,,,,0.00,,0,,,,,,,,,,0.3737,2022-12-05T11:49:00+00:00,243,1600
summary,2022-12-06,QQQ,,,,,,,0.00,,0,,,,,,,,,,0.3902,2022-12-05T11:48:00+00:00,202,1475
summary,2022-12-06,AAPL,,,,,,,0.00,,0,,,,,,,,,,0.7565,2022-12-05T14:39:00+00:00,246,1370
summary,2022-12-06,NVDA,,,,,,,0.00,,0,,,,,,,,,,0.6315,2022-12-05T16:12:00+00:00,172,1106
summary,2022-12-06,MSFT,,,,,,,0.00,,0,,,,,,,,,,0.7068,2022-12-05T11:52:00+00:00,192,1037
summary,2022-12-07,SPY,,,,,,,0.00,,0,,,,,,,,,,0.3737,2022-12-05T11:49:00+00:00,243,2475
summary,2022-12-07,QQQ,,,,,,,0.00,,0,,,,,,,,,,0.3902,2022-12-05T11:48:00+00:00,230,2329
summary,2022-12-07,AAPL,,,,,,,0.00,,0,,,,,,,,,,0.7565,2022-12-05T14:39:00+00:00,246,2185
summary,2022-12-07,NVDA,,,,,,,0.00,,0,,,,,,,,,,0.6315,2022-12-05T16:12:00+00:00,344,1757
summary,2022-12-07,MSFT,,,,,,,0.00,,0,,,,,,,,,,0.7068,2022-12-05T11:52:00+00:00,278,1588
summary,2022-12-08,SPY,,,,,,,0.00,,0,,,,,,,,,,0.4240,2022-12-05T14:37:00+00:00,414,3031
trade,2022-12-08,QQQ,Long,2022-12-08T15:31:00+00:00,2022-12-08T15:56:00+00:00,283.7701,283.8898,1.06,0.13,0.000422,1500000,SessionClose,0.3727,0.1857,-0.1256,0.5310,0.2223,0.5173,0.0959,0.2550,,,
summary,2022-12-08,QQQ,,,,,,,0.13,,1,,,,,,,,,,0.5532,2022-12-05T14:38:00+00:00,381,2904
summary,2022-12-08,AAPL,,,,,,,0.00,,0,,,,,,,,,,1.0000,2022-12-05T14:35:00+00:00,262,2727
trade,2022-12-08,NVDA,Long,2022-12-08T15:06:00+00:00,2022-12-08T15:56:00+00:00,164.4114,167.3848,1.83,5.43,0.018085,3000000,SessionClose,0.6383,0.4027,0.6277,0.6116,0.6953,-0.5676,0.4181,0.6953,,,
summary,2022-12-08,NVDA,,,,,,,5.43,,1,,,,,,,,,,0.8335,2022-12-05T16:04:00+00:00,801,2238
summary,2022-12-08,MSFT,,,,,,,0.00,,0,,,,,,,,,,0.6131,2022-12-05T14:49:00+00:00,471,2016
summary,2022-12-09,SPY,,,,,,,0.00,,0,,,,,,,,,,0.4203,2022-12-08T15:34:00+00:00,1345,2968
summary,2022-12-09,QQQ,,,,,,,0.00,,0,,,,,,,,,,0.4843,2022-12-08T15:34:00+00:00,1069,2894
trade,2022-12-09,AAPL,Long,2022-12-09T15:56:00+00:00,2022-12-09T15:57:00+00:00,143.6231,143.7918,2.09,0.35,0.001175,60000,SessionClose,0.5469,0.5500,0.5497,0.5710,0.4979,0.5809,0.5710,0.4979,,,
trade,2022-12-09,AAPL,Long,2022-12-09T15:59:00+00:00,2022-12-09T16:00:00+00:00,144.0882,144.2417,2.08,0.32,0.001065,60000,SessionClose,0.5508,0.5516,0.5880,0.5710,0.4979,0.5961,0.5710,0.4979,,,
summary,2022-12-09,AAPL,,,,,,,0.67,,2,,,,,,,,,,0.5625,2022-12-09T16:03:00+00:00,853,2695
trade,2022-12-09,NVDA,Long,2022-12-09T14:36:00+00:00,2022-12-09T15:56:00+00:00,172.4667,173.5724,1.74,1.92,0.006411,4800000,SessionClose,0.5717,0.4848,0.6011,0.6303,0.4448,0.3282,0.4599,0.5869,,,
summary,2022-12-09,NVDA,,,,,,,1.92,,1,,,,,,,,,,0.7446,2022-12-08T15:34:00+00:00,1404,2400
trade,2022-12-09,MSFT,Long,2022-12-09T15:56:00+00:00,2022-12-09T15:57:00+00:00,246.7590,247.0509,1.22,0.35,0.001183,60000,SessionClose,0.4603,0.4701,0.5443,0.5083,0.3362,0.5383,0.5083,0.3709,,,
trade,2022-12-09,MSFT,Long,2022-12-09T15:59:00+00:00,2022-12-09T16:00:00+00:00,247.3992,247.7107,1.21,0.38,0.001259,60000,SessionClose,0.4731,0.4759,0.5689,0.5083,0.3709,0.5966,0.5083,0.3709,,,
summary,2022-12-09,MSFT,,,,,,,0.73,,2,,,,,,,,,,0.4965,2022-12-09T16:02:00+00:00,908,2032
summary,2022-12-12,SPY,,,,,,,0.00,,0,,,,,,,,,,0.8522,2022-12-09T16:04:00+00:00,532,1143
summary,2022-12-12,QQQ,,,,,,,0.00,,0,,,,,,,,,,0.9588,2022-12-09T15:59:00+00:00,388,1124
summary,2022-12-12,AAPL,,,,,,,0.00,,0,,,,,,,,,,0.9596,2022-12-09T15:59:00+00:00,465,1044
summary,2022-12-12,NVDA,,,,,,,0.00,,0,,,,,,,,,,1.0000,2022-12-09T14:35:00+00:00,425,1025
trade,2022-12-12,MSFT,Long,2022-12-12T14:41:00+00:00,2022-12-12T15:56:00+00:00,248.7546,249.2002,1.21,0.54,0.001791,4500000,SessionClose,0.5213,0.1385,-0.0597,0.5134,0.7309,0.1401,-0.1132,0.6414,,,
summary,2022-12-12,MSFT,,,,,,,0.54,,1,,,,,,,,,,0.9597,2022-12-09T15:59:00+00:00,727,915
summary,2022-12-13,SPY,,,,,,,0.00,,0,,,,,,,,,,0.8280,2022-12-13T13:49:00+00:00,1226,1538
summary,2022-12-13,QQQ,,,,,,,0.00,,0,,,,,,,,,,0.8904,2022-12-13T13:49:00+00:00,1075,1482
summary,2022-12-13,AAPL,,,,,,,0.00,,0,,,,,,,,,,0.7650,2022-12-13T13:41:00+00:00,971,1330
summary,2022-12-13,NVDA,,,,,,,0.00,,0,,,,,,,,,,0.8427,2022-12-13T13:49:00+00:00,1085,1325
summary,2022-12-13,MSFT,,,,,,,0.00,,0,,,,,,,,,,0.8454,2022-12-12T11:00:00+00:00,822,1094
summary,2022-12-14,SPY,,,,,,,0.00,,0,,,,,,,,,,0.8280,2022-12-13T13:49:00+00:00,1700,2376
summary,2022-12-14,QQQ,,,,,,,0.00,,0,,,,,,,,,,0.8904,2022-12-13T13:49:00+00:00,1474,2323
summary,2022-12-14,AAPL,,,,,,,0.00,,0,,,,,,,,,,0.7650,2022-12-13T13:41:00+00:00,1241,2071
summary,2022-12-14,NVDA,,,,,,,0.00,,0,,,,,,,,,,0.8427,2022-12-13T13:49:00+00:00,1440,1972
trade,2022-12-14,MSFT,Long,2022-12-14T14:56:00+00:00,2022-12-14T15:56:00+00:00,260.2230,260.5668,1.15,0.40,0.001321,3600000,SessionClose,0.5158,0.0570,0.5670,0.5292,0.4721,-0.3850,-0.0553,0.4288,,,
summary,2022-12-14,MSFT,,,,,,,0.40,,1,,,,,,,,,,0.8454,2022-12-12T11:00:00+00:00,1244,1648
summary,2022-12-15,SPY,,,,,,,0.00,,0,,,,,,,,,,0.8082,2022-12-13T13:49:00+00:00,1691,3027
summary,2022-12-15,QQQ,,,,,,,0.00,,0,,,,,,,,,,0.8919,2022-12-13T13:49:00+00:00,1347,2950
summary,2022-12-15,AAPL,,,,,,,0.00,,0,,,,,,,,,,0.7666,2022-12-13T13:41:00+00:00,1179,2689
summary,2022-12-15,NVDA,,,,,,,0.00,,0,,,,,,,,,,0.9073,2022-12-12T14:53:00+00:00,1341,2544
summary,2022-12-15,MSFT,,,,,,,0.00,,0,,,,,,,,,,1.0000,2022-12-12T14:35:00+00:00,1242,2198
summary,2022-12-16,SPY,,,,,,,0.00,,0,,,,,,,,,,0.5161,2022-12-13T14:55:00+00:00,229,3067
summary,2022-12-16,QQQ,,,,,,,0.00,,0,,,,,,,,,,0.5789,2022-12-13T14:47:00+00:00,165,3009
summary,2022-12-16,AAPL,,,,,,,0.00,,0,,,,,,,,,,0.5073,2022-12-13T14:45:00+00:00,132,2805
summary,2022-12-16,NVDA,,,,,,,0.00,,0,,,,,,,,,,0.9464,2022-12-13T14:46:00+00:00,137,2471
summary,2022-12-16,MSFT,,,,,,,0.00,,0,,,,,,,,,,0.9113,2022-12-13T14:45:00+00:00,393,2203
summary,2022-12-19,SPY,,,,,,,0.00,,0,,,,,,,,,,0.6194,2022-12-16T20:30:00+00:00,297,1184
summary,2022-12-19,QQQ,,,,,,,0.00,,0,,,,,,,,,,0.8357,2022-12-16T14:49:00+00:00,224,1168
summary,2022-12-19,AAPL,,,,,,,0.00,,0,,,,,,,,,,0.9035,2022-12-16T14:53:00+00:00,266,1143
summary,2022-12-19,NVDA,,,,,,,0.00,,0,,,,,,,,,,1.0000,2022-12-16T14:33:00+00:00,212,986
summary,2022-12-19,MSFT,,,,,,,0.00,,0,,,,,,,,,,0.8184,2022-12-16T14:50:00+00:00,104,975
summary,2022-12-20,SPY,,,,,,,0.00,,0,,,,,,,,,,0.6552,2022-12-19T10:22:00+00:00,568,1555
summary,2022-12-20,QQQ,,,,,,,0.00,,0,,,,,,,,,,0.6038,2022-12-19T10:21:00+00:00,356,1539
trade,2022-12-20,AAPL,Long,2022-12-20T15:27:00+00:00,2022-12-20T15:56:00+00:00,132.6848,132.7602,2.26,0.17,0.000568,1740000,SessionClose,0.4023,0.1738,0.1038,0.5342,0.2381,0.2778,0.1066,0.2733,,,
summary,2022-12-20,AAPL,,,,,,,0.17,,1,,,,,,,,,,0.6039,2022-12-19T10:23:00+00:00,440,1463
summary,2022-12-20,NVDA,,,,,,,0.00,,0,,,,,,,,,,0.6809,2022-12-19T17:49:00+00:00,322,1165
summary,2022-12-20,MSFT,,,,,,,0.00,,0,,,,,,,,,,0.6723,2022-12-19T11:21:00+00:00,421,1118
summary,2022-12-21,SPY,,,,,,,0.00,,0,,,,,,,,,,0.6552,2022-12-19T10:22:00+00:00,1201,2413
summary,2022-12-21,QQQ,,,,,,,0.00,,0,,,,,,,,,,0.6038,2022-12-19T10:21:00+00:00,962,2424
trade,2022-12-21,AAPL,Long,2022-12-21T15:46:00+00:00,2022-12-21T15:56:00+00:00,135.9408,136.1491,2.21,0.46,0.001533,600000,SessionClose,0.5597,0.5565,0.5208,0.5417,0.6087,0.4899,0.5414,0.6087,,,
trade,2022-12-21,AAPL,Long,2022-12-21T15:58:00+00:00,2022-12-21T15:59:00+00:00,136.5660,136.5057,2.20,-0.13,-0.000441,60000,SessionClose,0.5652,0.5642,0.5770,0.5414,0.6087,0.5671,0.5414,0.6087,,,
summary,2022-12-21,AAPL,,,,,,,0.33,,2,,,,,,,,,,0.6039,2022-12-19T10:23:00+00:00,1114,2288
trade,2022-12-21,NVDA,Long,2022-12-21T14:46:00+00:00,2022-12-21T15:56:00+00:00,164.3043,165.1654,1.83,1.57,0.005241,4200000,SessionClose,0.5836,0.3620,0.6297,0.6662,0.4030,0.3453,0.2462,0.5992,,,
summary,2022-12-21,NVDA,,,,,,,1.57,,1,,,,,,,,,,0.6809,2022-12-19T17:49:00+00:00,785,1819
summary,2022-12-21,MSFT,,,,,,,0.00,,0,,,,,,,,,,0.6723,2022-12-19T11:21:00+00:00,819,1712
summary,2022-12-22,SPY,,,,,,,0.00,,0,,,,,,,,,,0.4675,2022-12-21T15:39:00+00:00,1293,2993
summary,2022-12-22,QQQ,,,,,,,0.00,,0,,,,,,,,,,0.4649,2022-12-20T15:32:00+00:00,1066,2957
summary,2022-12-22,AAPL,,,,,,,0.00,,0,,,,,,,,,,0.5657,2022-12-21T15:57:00+00:00,1249,2797
summary,2022-12-22,NVDA,,,,,,,0.00,,0,,,,,,,,,,0.7280,2022-12-19T15:30:00+00:00,775,2337
summary,2022-12-22,MSFT,,,,,,,0.00,,0,,,,,,,,,,0.5107,2022-12-20T15:32:00+00:00,828,2128
trade,2022-12-23,SPY,Long,2022-12-23T15:36:00+00:00,2022-12-23T15:56:00+00:00,382.0596,381.2934,0.79,-0.60,-0.002005,1200000,SessionClose,0.3776,0.0000,0.2498,0.5671,0.0410,0.1109,0.0055,-0.0025,,,
summary,2022-12-23,SPY,,,,,,,-0.60,,1,,,,,,,,,,0.8958,2022-12-20T15:53:00+00:00,1613,2956
summary,2022-12-23,QQQ,,,,,,,0.00,,0,,,,,,,,,,0.9173,2022-12-20T15:53:00+00:00,1200,2975
summary,2022-12-23,AAPL,,,,,,,0.00,,0,,,,,,,,,,0.9448,2022-12-20T15:53:00+00:00,1375,2778
summary,2022-12-23,NVDA,,,,,,,0.00,,0,,,,,,,,,,1.0000,2022-12-20T14:37:00+00:00,833,2422
summary,2022-12-23,MSFT,,,,,,,0.00,,0,,,,,,,,,,0.9431,2022-12-20T15:49:00+00:00,874,2083
summary,2022-12-26,SPY,,,,,,,0.00,,0,,,,,,,,,,0.9022,2022-12-23T15:18:00+00:00,390,482
summary,2022-12-26,QQQ,,,,,,,0.00,,0,,,,,,,,,,0.9066,2022-12-23T15:18:00+00:00,391,472
summary,2022-12-26,AAPL,,,,,,,0.00,,0,,,,,,,,,,0.9004,2022-12-23T15:18:00+00:00,391,476
summary,2022-12-26,NVDA,,,,,,,0.00,,0,,,,,,,,,,0.9120,2022-12-23T15:18:00+00:00,304,438
summary,2022-12-26,MSFT,,,,,,,0.00,,0,,,,,,,,,,0.9581,2022-12-23T15:40:00+00:00,363,426
summary,2022-12-27,SPY,,,,,,,0.00,,0,,,,,,,,,,0.6918,2022-12-27T10:30:00+00:00,265,636
summary,2022-12-27,QQQ,,,,,,,0.00,,0,,,,,,,,,,0.5213,2022-12-27T10:14:00+00:00,143,656
summary,2022-12-27,AAPL,,,,,,,0.00,,0,,,,,,,,,,0.6537,2022-12-27T10:17:00+00:00,255,626
summary,2022-12-27,NVDA,,,,,,,0.00,,0,,,,,,,,,,0.9370,2022-12-27T09:47:00+00:00,53,562
summary,2022-12-27,MSFT,,,,,,,0.00,,0,,,,,,,,,,0.4617,2022-12-27T15:39:00+00:00,204,532
summary,2022-12-28,SPY,,,,,,,0.00,,0,,,,,,,,,,0.6918,2022-12-27T10:30:00+00:00,528,1422
summary,2022-12-28,QQQ,,,,,,,0.00,,0,,,,,,,,,,0.5213,2022-12-27T10:14:00+00:00,271,1516
summary,2022-12-28,AAPL,,,,,,,0.00,,0,,,,,,,,,,0.6537,2022-12-27T10:17:00+00:00,511,1415
summary,2022-12-28,NVDA,,,,,,,0.00,,0,,,,,,,,,,0.9370,2022-12-27T09:47:00+00:00,198,1363
summary,2022-12-28,MSFT,,,,,,,0.00,,0,,,,,,,,,,0.4617,2022-12-27T15:39:00+00:00,368,1080
summary,2022-12-29,SPY,,,,,,,0.00,,0,,,,,,,,,,0.6918,2022-12-27T10:30:00+00:00,916,2276
summary,2022-12-29,QQQ,,,,,,,0.00,,0,,,,,,,,,,0.5213,2022-12-27T10:14:00+00:00,672,2352
summary,2022-12-29,AAPL,,,,,,,0.00,,0,,,,,,,,,,0.6537,2022-12-27T10:17:00+00:00,861,2276
summary,2022-12-29,NVDA,,,,,,,0.00,,0,,,,,,,,,,0.9370,2022-12-27T09:47:00+00:00,693,2035
summary,2022-12-29,MSFT,,,,,,,0.00,,0,,,,,,,,,,0.4828,2022-12-29T15:18:00+00:00,754,1661
summary,2022-12-30,SPY,,,,,,,0.00,,0,,,,,,,,,,0.8898,2022-12-27T15:46:00+00:00,1113,2872
summary,2022-12-30,QQQ,,,,,,,0.00,,0,,,,,,,,,,0.7837,2022-12-27T15:48:00+00:00,1032,2912
summary,2022-12-30,AAPL,,,,,,,0.00,,0,,,,,,,,,,0.6659,2022-12-27T17:11:00+00:00,1155,2817
summary,2022-12-30,NVDA,,,,,,,0.00,,0,,,,,,,,,,0.9051,2022-12-27T15:21:00+00:00,1372,2515
summary,2022-12-30,MSFT,,,,,,,0.00,,0,,,,,,,,,,0.8979,2022-12-27T15:21:00+00:00,935,2050
