row_type,date,ticker,direction,entry_time,exit_time,entry_price,exit_price,size,pnl,pnl_pct,hold_duration_ms,exit_reason,entry_composite,exit_composite,entry_1m,entry_5m,entry_1h,exit_1m,exit_5m,exit_1h,max_composite,max_composite_time,positive_ticks,total_ticks
summary,2024-01-01,SPY,,,,,,,0.00,,0,,,,,,,,,,0.2999,2023-12-29T14:38:00+00:00,143,524
summary,2024-01-01,QQQ,,,,,,,0.00,,0,,,,,,,,,,0.3505,2023-12-29T18:49:00+00:00,119,518
summary,2024-01-01,AAPL,,,,,,,0.00,,0,,,,,,,,,,0.2855,2023-12-29T20:28:00+00:00,33,543
summary,2024-01-01,NVDA,,,,,,,0.00,,0,,,,,,,,,,0.7408,2023-12-29T18:49:00+00:00,147,555
summary,2024-01-01,MSFT,,,,,,,0.00,,0,,,,,,,,,,0.4099,2023-12-29T14:51:00+00:00,189,464
summary,2024-01-02,SPY,,,,,,,0.00,,0,,,,,,,,,,0.4014,2024-01-02T16:49:00+00:00,157,655
summary,2024-01-02,QQQ,,,,,,,0.00,,0,,,,,,,,,,0.3739,2024-01-02T21:00:00+00:00,74,658
summary,2024-01-02,AAPL,,,,,,,0.00,,0,,,,,,,,,,0.6821,2024-01-02T10:21:00+00:00,121,636
summary,2024-01-02,NVDA,,,,,,,0.00,,0,,,,,,,,,,0.6766,2024-01-02T16:46:00+00:00,270,618
summary,2024-01-02,MSFT,,,,,,,0.00,,0,,,,,,,,,,0.7394,2024-01-02T13:02:00+00:00,168,527
summary,2024-01-03,SPY,,,,,,,0.00,,0,,,,,,,,,,0.4014,2024-01-02T16:49:00+00:00,377,1444
summary,2024-01-03,QQQ,,,,,,,0.00,,0,,,,,,,,,,0.3913,2024-01-02T21:03:00+00:00,180,1490
summary,2024-01-03,AAPL,,,,,,,0.00,,0,,,,,,,,,,0.6821,2024-01-02T10:21:00+00:00,217,1436
trade,2024-01-03,NVDA,Long,2024-01-03T14:44:00+00:00,2024-01-03T15:56:00+00:00,480.6079,475.5223,0.60,-3.06,-0.010582,4320000,SessionClose,0.5179,0.0000,0.5682,0.7250,0.0869,0.1053,0.0394,-0.1655,,,
summary,2024-01-03,NVDA,,,,,,,-3.06,,1,,,,,,,,,,0.6766,2024-01-02T16:46:00+00:00,402,1377
trade,2024-01-03,MSFT,Long,2024-01-03T14:32:00+00:00,2024-01-03T15:56:00+00:00,370.7062,371.7684,0.81,0.86,0.002865,5040000,SessionClose,0.5062,0.2214,0.6186,0.5541,0.3729,0.4152,0.0630,0.4737,,,
summary,2024-01-03,MSFT,,,,,,,0.86,,1,,,,,,,,,,0.7394,2024-01-02T13:02:00+00:00,505,1134
summary,2024-01-04,SPY,,,,,,,0.00,,0,,,,,,,,,,0.4014,2024-01-02T16:49:00+00:00,401,2253
summary,2024-01-04,QQQ,,,,,,,0.00,,0,,,,,,,,,,0.3913,2024-01-02T21:03:00+00:00,180,2288
summary,2024-01-04,AAPL,,,,,,,0.00,,0,,,,,,,,,,0.6821,2024-01-02T10:21:00+00:00,217,2203
summary,2024-01-04,NVDA,,,,,,,0.00,,0,,,,,,,,,,0.6766,2024-01-02T16:46:00+00:00,684,2068
summary,2024-01-04,MSFT,,,,,,,0.00,,0,,,,,,,,,,0.7394,2024-01-02T13:02:00+00:00,675,1690
summary,2024-01-05,SPY,,,,,,,0.00,,0,,,,,,,,,,0.4381,2024-01-02T17:00:00+00:00,541,2805
summary,2024-01-05,QQQ,,,,,,,0.00,,0,,,,,,,,,,0.3732,2024-01-02T21:03:00+00:00,237,2844
summary,2024-01-05,AAPL,,,,,,,0.00,,0,,,,,,,,,,0.7542,2024-01-02T14:32:00+00:00,102,2729
trade,2024-01-05,NVDA,Long,2024-01-05T15:58:00+00:00,2024-01-05T15:59:00+00:00,492.3512,492.3390,0.61,-0.01,-0.000025,60000,SessionClose,0.5012,0.5009,0.5284,0.4530,0.5885,0.5259,0.4530,0.5885,,,
summary,2024-01-05,NVDA,,,,,,,-0.01,,1,,,,,,,,,,0.6393,2024-01-03T14:48:00+00:00,1266,2556
summary,2024-01-05,MSFT,,,,,,,0.00,,0,,,,,,,,,,0.6079,2024-01-03T14:48:00+00:00,769,2145
summary,2024-01-08,SPY,,,,,,,0.00,,0,,,,,,,,,,0.7281,2024-01-05T15:52:00+00:00,612,1149
trade,2024-01-08,QQQ,Long,2024-01-08T14:36:00+00:00,2024-01-08T15:56:00+00:00,399.1147,401.5545,0.75,1.83,0.006113,4800000,SessionClose,0.4530,0.1759,0.5659,0.4187,0.4838,0.3380,-0.0213,0.5163,,,
summary,2024-01-08,QQQ,,,,,,,1.83,,1,,,,,,,,,,0.8122,2024-01-05T15:55:00+00:00,596,1185
trade,2024-01-08,AAPL,Long,2024-01-08T14:56:00+00:00,2024-01-08T15:56:00+00:00,182.9499,183.6999,1.64,1.23,0.004100,3600000,SessionClose,0.4695,0.1746,0.2871,0.4059,0.6576,0.5355,-0.0905,0.5846,,,
summary,2024-01-08,AAPL,,,,,,,1.23,,1,,,,,,,,,,0.7314,2024-01-05T15:59:00+00:00,595,1170
trade,2024-01-08,NVDA,Long,2024-01-08T14:31:00+00:00,2024-01-08T15:56:00+00:00,497.0641,514.2707,0.60,10.40,0.034616,5100000,SessionClose,0.6075,0.2644,0.5571,0.4218,0.9958,0.2137,-0.0282,0.8663,,,
summary,2024-01-08,NVDA,,,,,,,10.40,,1,,,,,,,,,,0.9580,2024-01-05T16:02:00+00:00,915,1162
summary,2024-01-08,MSFT,,,,,,,0.00,,0,,,,,,,,,,0.8739,2024-01-05T16:01:00+00:00,550,962
summary,2024-01-09,SPY,,,,,,,0.00,,0,,,,,,,,,,0.6394,2024-01-08T10:34:00+00:00,1076,1425
summary,2024-01-09,QQQ,,,,,,,0.00,,0,,,,,,,,,,0.6935,2024-01-08T10:33:00+00:00,1217,1545
summary,2024-01-09,AAPL,,,,,,,0.00,,0,,,,,,,,,,0.6888,2024-01-08T11:34:00+00:00,1042,1371
trade,2024-01-09,NVDA,Long,2024-01-09T15:21:00+00:00,2024-01-09T15:56:00+00:00,523.8971,522.6132,0.42,-0.54,-0.002451,2100000,SessionClose,0.4646,0.2508,-0.0552,0.5213,0.5245,0.3656,0.0948,0.5245,,,
summary,2024-01-09,NVDA,,,,,,,-0.54,,1,,,,,,,,,,0.9495,2024-01-08T14:41:00+00:00,1257,1485
summary,2024-01-09,MSFT,,,,,,,0.00,,0,,,,,,,,,,0.8373,2024-01-08T11:52:00+00:00,862,1168
summary,2024-01-10,SPY,,,,,,,0.00,,0,,,,,,,,,,0.6394,2024-01-08T10:34:00+00:00,1597,2195
summary,2024-01-10,QQQ,,,,,,,0.00,,0,,,,,,,,,,0.6935,2024-01-08T10:33:00+00:00,1833,2388
summary,2024-01-10,AAPL,,,,,,,0.00,,0,,,,,,,,,,0.6888,2024-01-08T11:34:00+00:00,1457,2107
trade,2024-01-10,NVDA,Long,2024-01-10T14:31:00+00:00,2024-01-10T15:56:00+00:00,537.4462,544.4609,0.56,3.92,0.013052,5100000,SessionClose,0.5021,0.5456,0.5704,0.5241,0.4353,0.3962,0.5616,0.5633,,,
trade,2024-01-10,NVDA,Long,2024-01-10T15:58:00+00:00,2024-01-10T15:59:00+00:00,544.8460,545.3663,0.46,0.24,0.000955,60000,SessionClose,0.5387,0.5617,0.3278,0.5616,0.5633,0.5569,0.5616,0.5633,,,
summary,2024-01-10,NVDA,,,,,,,4.16,,2,,,,,,,,,,0.9495,2024-01-08T14:41:00+00:00,1946,2352
trade,2024-01-10,MSFT,Long,2024-01-10T14:31:00+00:00,2024-01-10T15:56:00+00:00,377.3732,381.5305,0.80,3.31,0.011016,5100000,SessionClose,0.4216,0.1595,0.4667,0.4253,0.3991,-0.1733,0.0634,0.4628,,,
summary,2024-01-10,MSFT,,,,,,,3.31,,1,,,,,,,,,,0.8373,2024-01-08T11:52:00+00:00,1374,1790
summary,2024-01-11,SPY,,,,,,,0.00,,0,,,,,,,,,,0.8019,2024-01-08T15:49:00+00:00,1999,2747
summary,2024-01-11,QQQ,,,,,,,0.00,,0,,,,,,,,,,0.9019,2024-01-08T15:49:00+00:00,2270,2969
summary,2024-01-11,AAPL,,,,,,,0.00,,0,,,,,,,,,,0.9828,2024-01-08T14:41:00+00:00,1805,2640
summary,2024-01-11,NVDA,,,,,,,0.00,,0,,,,,,,,,,1.0000,2024-01-08T14:37:00+00:00,2423,2999
trade,2024-01-11,MSFT,Long,2024-01-11T14:31:00+00:00,2024-01-11T15:05:00+00:00,387.2711,385.2794,0.78,-1.54,-0.005143,2040000,ScoreExit,0.5170,-0.0590,0.5354,0.5660,0.4131,-0.5474,-0.1139,0.2138,,,
summary,2024-01-11,MSFT,,,,,,,-1.54,,1,,,,,,,,,,0.5958,2024-01-08T19:28:00+00:00,1801,2364
summary,2024-01-12,SPY,,,,,,,0.00,,0,,,,,,,,,,0.5700,2024-01-09T16:59:00+00:00,1844,2745
summary,2024-01-12,QQQ,,,,,,,0.00,,0,,,,,,,,,,0.7605,2024-01-09T16:03:00+00:00,2209,2941
summary,2024-01-12,AAPL,,,,,,,0.00,,0,,,,,,,,,,0.6773,2024-01-09T16:55:00+00:00,1769,2604
summary,2024-01-12,NVDA,,,,,,,0.00,,0,,,,,,,,,,0.8961,2024-01-09T15:23:00+00:00,2182,2938
summary,2024-01-12,MSFT,,,,,,,0.00,,0,,,,,,,,,,0.9582,2024-01-09T15:55:00+00:00,1866,2334
summary,2024-01-15,SPY,,,,,,,0.00,,0,,,,,,,,,,0.3764,2024-01-12T14:40:00+00:00,75,556
summary,2024-01-15,QQQ,,,,,,,0.00,,0,,,,,,,,,,0.4822,2024-01-12T14:45:00+00:00,115,501
summary,2024-01-15,AAPL,,,,,,,0.00,,0,,,,,,,,,,0.3980,2024-01-12T14:31:00+00:00,87,517
summary,2024-01-15,NVDA,,,,,,,0.00,,0,,,,,,,,,,0.8367,2024-01-12T14:33:00+00:00,243,552
summary,2024-01-15,MSFT,,,,,,,0.00,,0,,,,,,,,,,0.9170,2024-01-12T16:02:00+00:00,361,477
summary,2024-01-16,SPY,,,,,,,0.00,,0,,,,,,,,,,0.4700,2024-01-16T15:24:00+00:00,220,621
trade,2024-01-16,QQQ,Long,2024-01-16T15:21:00+00:00,2024-01-16T15:56:00+00:00,409.8179,410.7817,0.73,0.71,0.002352,2100000,SessionClose,0.5554,0.4488,0.5404,0.4386,0.7938,0.0011,0.2477,1.0000,,,
summary,2024-01-16,QQQ,,,,,,,0.71,,1,,,,,,,,,,0.6197,2024-01-16T15:24:00+00:00,328,656
trade,2024-01-16,AAPL,Long,2024-01-16T15:36:00+00:00,2024-01-16T15:56:00+00:00,182.8198,183.7099,1.64,1.46,0.004868,1200000,SessionClose,0.5555,0.6087,0.2334,0.4741,0.8256,0.4054,0.4470,1.0000,,,
trade,2024-01-16,AAPL,Long,2024-01-16T15:58:00+00:00,2024-01-16T15:59:00+00:00,183.8501,183.7104,1.63,-0.23,-0.000760,60000,SessionClose,0.6107,0.5935,0.4256,0.4470,1.0000,0.2527,0.4470,1.0000,,,
summary,2024-01-16,AAPL,,,,,,,1.23,,2,,,,,,,,,,0.6776,2024-01-16T15:48:00+00:00,230,626
trade,2024-01-16,NVDA,Long,2024-01-16T14:31:00+00:00,2024-01-16T15:56:00+00:00,551.0103,565.8352,0.49,7.28,0.026905,5100000,SessionClose,0.5021,0.5866,0.4755,0.4876,0.5398,0.3760,0.4151,1.0000,,,
trade,2024-01-16,NVDA,Long,2024-01-16T15:58:00+00:00,2024-01-16T15:59:00+00:00,566.0328,565.4207,0.43,-0.27,-0.001081,60000,SessionClose,0.5666,0.5453,0.1754,0.4151,1.0000,-0.0373,0.4151,1.0000,,,
summary,2024-01-16,NVDA,,,,,,,7.01,,2,,,,,,,,,,0.7864,2024-01-16T09:35:00+00:00,519,640
summary,2024-01-16,MSFT,,,,,,,0.00,,0,,,,,,,,,,0.8159,2024-01-16T10:23:00+00:00,235,582
summary,2024-01-17,SPY,,,,,,,0.00,,0,,,,,,,,,,0.4700,2024-01-16T15:24:00+00:00,351,1393
summary,2024-01-17,QQQ,,,,,,,0.00,,0,,,,,,,,,,0.6197,2024-01-16T15:24:00+00:00,560,1506
summary,2024-01-17,AAPL,,,,,,,0.00,,0,,,,,,,,,,0.6776,2024-01-16T15:48:00+00:00,504,1350
trade,2024-01-17,NVDA,Long,2024-01-17T15:59:00+00:00,2024-01-17T16:00:00+00:00,555.5716,556.2144,0.45,0.29,0.001157,60000,SessionClose,0.3752,0.4059,0.2947,0.5564,0.0395,0.5693,0.5564,0.0505,,,
summary,2024-01-17,NVDA,,,,,,,0.29,,1,,,,,,,,,,0.7864,2024-01-16T09:35:00+00:00,1149,1515
summary,2024-01-17,MSFT,,,,,,,0.00,,0,,,,,,,,,,0.8159,2024-01-16T10:23:00+00:00,552,1242
summary,2024-01-18,SPY,,,,,,,0.00,,0,,,,,,,,,,0.4700,2024-01-16T15:24:00+00:00,893,2192
summary,2024-01-18,QQQ,,,,,,,0.00,,0,,,,,,,,,,0.6197,2024-01-16T15:24:00+00:00,1234,2375
summary,2024-01-18,AAPL,,,,,,,0.00,,0,,,,,,,,,,0.6776,2024-01-16T15:48:00+00:00,1017,2112
trade,2024-01-18,NVDA,Long,2024-01-18T15:46:00+00:00,2024-01-18T15:56:00+00:00,573.5570,574.7825,0.52,0.64,0.002137,600000,SessionClose,0.4374,0.2921,0.4897,0.4238,0.4473,0.1201,0.2431,0.4473,,,
summary,2024-01-18,NVDA,,,,,,,0.64,,1,,,,,,,,,,0.7864,2024-01-16T09:35:00+00:00,1754,2363
summary,2024-01-18,MSFT,,,,,,,0.00,,0,,,,,,,,,,0.8159,2024-01-16T10:23:00+00:00,996,1899
summary,2024-01-19,SPY,,,,,,,0.00,,0,,,,,,,,,,0.8418,2024-01-16T15:41:00+00:00,1400,2799
summary,2024-01-19,QQQ,,,,,,,0.00,,0,,,,,,,,,,0.9554,2024-01-16T15:48:00+00:00,1740,3008
summary,2024-01-19,AAPL,,,,,,,0.00,,0,,,,,,,,,,0.9584,2024-01-16T15:48:00+00:00,1726,2723
trade,2024-01-19,NVDA,Long,2024-01-19T15:36:00+00:00,2024-01-19T15:56:00+00:00,578.8417,580.3508,0.42,0.63,0.002607,1200000,SessionClose,0.4286,0.3964,0.4703,0.4779,0.3160,0.4800,0.4227,0.3160,,,
trade,2024-01-19,NVDA,Long,2024-01-19T15:58:00+00:00,2024-01-19T15:59:00+00:00,580.2290,580.0109,0.48,-0.10,-0.000376,60000,SessionClose,0.3608,0.3717,0.1236,0.4227,0.3160,0.2331,0.4227,0.3160,,,
summary,2024-01-19,NVDA,,,,,,,0.53,,2,,,,,,,,,,1.0000,2024-01-16T14:35:00+00:00,2301,3009
summary,2024-01-19,MSFT,,,,,,,0.00,,0,,,,,,,,,,0.5434,2024-01-18T09:01:00+00:00,1279,2418
summary,2024-01-22,SPY,,,,,,,0.00,,0,,,,,,,,,,0.5943,2024-01-19T16:03:00+00:00,1046,1208
summary,2024-01-22,QQQ,,,,,,,0.00,,0,,,,,,,,,,0.5784,2024-01-19T19:13:00+00:00,1056,1254
trade,2024-01-22,AAPL,Long,2024-01-22T14:31:00+00:00,2024-01-22T15:47:00+00:00,192.5527,194.5466,1.56,3.11,0.010355,4560000,ScoreExit,0.5101,-0.0586,0.5349,0.4675,0.5870,-0.5500,-0.2641,0.5162,,,
summary,2024-01-22,AAPL,,,,,,,3.11,,1,,,,,,,,,,0.5739,2024-01-19T18:40:00+00:00,1017,1157
summary,2024-01-22,NVDA,,,,,,,0.00,,0,,,,,,,,,,0.9551,2024-01-19T15:44:00+00:00,1121,1269
summary,2024-01-22,MSFT,,,,,,,0.00,,0,,,,,,,,,,0.5878,2024-01-19T20:59:00+00:00,804,1164
summary,2024-01-23,SPY,,,,,,,0.00,,0,,,,,,,,,,0.4726,2024-01-22T10:13:00+00:00,645,1348
summary,2024-01-23,QQQ,,,,,,,0.00,,0,,,,,,,,,,0.4774,2024-01-22T10:14:00+00:00,643,1526
summary,2024-01-23,AAPL,,,,,,,0.00,,0,,,,,,,,,,0.7258,2024-01-22T10:29:00+00:00,763,1309
summary,2024-01-23,NVDA,,,,,,,0.00,,0,,,,,,,,,,0.6781,2024-01-22T16:24:00+00:00,777,1433
summary,2024-01-23,MSFT,,,,,,,0.00,,0,,,,,,,,,,0.5213,2024-01-22T10:14:00+00:00,530,1175
summary,2024-01-24,SPY,,,,,,,0.00,,0,,,,,,,,,,0.4726,2024-01-22T10:13:00+00:00,1155,2141
trade,2024-01-24,QQQ,Long,2024-01-24T15:36:00+00:00,2024-01-24T15:56:00+00:00,428.4135,428.0865,0.70,-0.23,-0.000763,1200000,SessionClose,0.4117,0.1444,0.5507,0.4138,0.3611,-0.5615,0.1537,0.3611,,,
summary,2024-01-24,QQQ,,,,,,,-0.23,,1,,,,,,,,,,0.4774,2024-01-22T10:14:00+00:00,1296,2387
summary,2024-01-24,AAPL,,,,,,,0.00,,0,,,,,,,,,,0.7258,2024-01-22T10:29:00+00:00,1264,2060
trade,2024-01-24,NVDA,Long,2024-01-24T14:51:00+00:00,2024-01-24T15:56:00+00:00,609.1727,616.3788,0.37,2.64,0.011829,3900000,SessionClose,0.6226,0.2999,0.7340,0.6468,0.5371,-0.0889,0.2104,0.6083,,,
summary,2024-01-24,NVDA,,,,,,,2.64,,1,,,,,,,,,,0.7859,2024-01-24T15:24:00+00:00,1393,2270
trade,2024-01-24,MSFT,Long,2024-01-24T15:06:00+00:00,2024-01-24T15:56:00+00:00,403.1709,403.5346,0.74,0.27,0.000902,3000000,SessionClose,0.4063,-0.0130,0.5584,0.4102,0.3476,-0.5464,-0.1044,0.3476,,,
summary,2024-01-24,MSFT,,,,,,,0.27,,1,,,,,,,,,,0.5213,2024-01-22T10:14:00+00:00,1054,1866
summary,2024-01-25,SPY,,,,,,,0.00,,0,,,,,,,,,,0.3873,2024-01-24T09:23:00+00:00,1278,2664
summary,2024-01-25,QQQ,,,,,,,0.00,,0,,,,,,,,,,0.4437,2024-01-24T09:02:00+00:00,1608,2959
summary,2024-01-25,AAPL,,,,,,,0.00,,0,,,,,,,,,,1.0000,2024-01-22T14:34:00+00:00,1288,2581
trade,2024-01-25,NVDA,Long,2024-01-25T15:41:00+00:00,2024-01-25T15:56:00+00:00,625.5026,624.2077,0.29,-0.38,-0.002070,900000,SessionClose,0.4035,0.2525,0.3508,0.4066,0.4151,-0.1544,0.2391,0.4151,,,
summary,2024-01-25,NVDA,,,,,,,-0.38,,1,,,,,,,,,,1.0000,2024-01-22T14:34:00+00:00,1776,2858
trade,2024-01-25,MSFT,Long,2024-01-25T15:56:00+00:00,2024-01-25T15:57:00+00:00,406.6270,406.5130,0.74,-0.08,-0.000280,60000,SessionClose,0.3510,0.3728,-0.0233,0.4009,0.3760,0.1947,0.4009,0.3760,,,
trade,2024-01-25,MSFT,Long,2024-01-25T15:59:00+00:00,2024-01-25T16:00:00+00:00,407.0871,406.7929,0.74,-0.22,-0.000723,60000,SessionClose,0.4080,0.4050,0.5466,0.4009,0.3760,0.5169,0.4009,0.3760,,,
summary,2024-01-25,MSFT,,,,,,,-0.30,,2,,,,,,,,,,0.5023,2024-01-22T16:24:00+00:00,1409,2363
summary,2024-01-26,SPY,,,,,,,0.00,,0,,,,,,,,,,0.4638,2024-01-24T00:58:00+00:00,1676,2796
summary,2024-01-26,QQQ,,,,,,,0.00,,0,,,,,,,,,,0.5344,2024-01-24T00:58:00+00:00,1622,3059
summary,2024-01-26,AAPL,,,,,,,0.00,,0,,,,,,,,,,0.4230,2024-01-24T15:44:00+00:00,858,2648
trade,2024-01-26,NVDA,Long,2024-01-26T15:26:00+00:00,2024-01-26T15:56:00+00:00,612.8788,617.4697,0.30,1.39,0.007491,1800000,SessionClose,0.4065,0.5654,0.3603,0.4547,0.3256,0.6325,0.5965,0.4808,,,
trade,2024-01-26,NVDA,Long,2024-01-26T15:58:00+00:00,2024-01-26T15:59:00+00:00,616.8000,616.6100,0.35,-0.07,-0.000308,60000,SessionClose,0.5220,0.5388,0.1979,0.5965,0.4808,0.3663,0.5965,0.4808,,,
summary,2024-01-26,NVDA,,,,,,,1.32,,2,,,,,,,,,,0.9508,2024-01-23T16:04:00+00:00,2013,2990
summary,2024-01-26,MSFT,,,,,,,0.00,,0,,,,,,,,,,0.5720,2024-01-23T20:12:00+00:00,1786,2440
summary,2024-01-29,SPY,,,,,,,0.00,,0,,,,,,,,,,0.7775,2024-01-26T15:50:00+00:00,558,1111
summary,2024-01-29,QQQ,,,,,,,0.00,,0,,,,,,,,,,0.8829,2024-01-26T15:59:00+00:00,595,1206
summary,2024-01-29,AAPL,,,,,,,0.00,,0,,,,,,,,,,0.5205,2024-01-26T15:03:00+00:00,133,1095
trade,2024-01-29,NVDA,Long,2024-01-29T14:51:00+00:00,2024-01-29T15:56:00+00:00,615.6196,615.9951,0.46,0.17,0.000610,3900000,SessionClose,0.4468,0.0462,0.1611,0.4364,0.5627,0.2650,-0.2289,0.5233,,,
summary,2024-01-29,NVDA,,,,,,,0.17,,1,,,,,,,,,,0.9633,2024-01-26T15:55:00+00:00,696,1154
trade,2024-01-29,MSFT,Long,2024-01-29T14:51:00+00:00,2024-01-29T15:34:00+00:00,408.8076,405.4533,0.73,-2.46,-0.008205,2580000,ScoreExit,0.4664,-0.0520,0.5881,0.4366,0.4854,-0.5527,-0.1150,0.2408,,,
summary,2024-01-29,MSFT,,,,,,,-2.46,,1,,,,,,,,,,0.8854,2024-01-26T15:49:00+00:00,647,1052
summary,2024-01-30,SPY,,,,,,,0.00,,0,,,,,,,,,,0.4431,2024-01-29T20:23:00+00:00,923,1406
summary,2024-01-30,QQQ,,,,,,,0.00,,0,,,,,,,,,,0.4459,2024-01-29T20:19:00+00:00,940,1547
summary,2024-01-30,AAPL,,,,,,,0.00,,0,,,,,,,,,,0.4251,2024-01-29T19:11:00+00:00,340,1335
trade,2024-01-30,NVDA,Long,2024-01-30T15:11:00+00:00,2024-01-30T15:55:00+00:00,630.1840,629.2162,0.30,-0.29,-0.001536,2640000,ScoreExit,0.4223,-0.0513,0.2718,0.4292,0.4587,-0.5868,-0.2171,0.4587,,,
summary,2024-01-30,NVDA,,,,,,,-0.29,,1,,,,,,,,,,0.6643,2024-01-29T15:19:00+00:00,977,1474
summary,2024-01-30,MSFT,,,,,,,0.00,,0,,,,,,,,,,0.9874,2024-01-29T09:03:00+00:00,995,1412
summary,2024-01-31,SPY,,,,,,,0.00,,0,,,,,,,,,,0.4431,2024-01-29T20:23:00+00:00,1016,2254
summary,2024-01-31,QQQ,,,,,,,0.00,,0,,,,,,,,,,0.4459,2024-01-29T20:19:00+00:00,992,2471
summary,2024-01-31,AAPL,,,,,,,0.00,,0,,,,,,,,,,0.4251,2024-01-29T19:11:00+00:00,340,2136
summary,2024-01-31,NVDA,,,,,,,0.00,,0,,,,,,,,,,0.6643,2024-01-29T15:19:00+00:00,1125,2387
trade,2024-01-31,MSFT,Long,2024-01-31T14:31:00+00:00,2024-01-31T14:46:00+00:00,410.8082,407.6877,0.65,-2.04,-0.007596,900000,ScoreExit,0.5754,-0.0964,0.6882,0.6849,0.3189,-0.6406,-0.1078,0.1077,,,
summary,2024-01-31,MSFT,,,,,,,-2.04,,1,,,,,,,,,,0.9874,2024-01-29T09:03:00+00:00,1145,2303
summary,2024-02-01,SPY,,,,,,,0.00,,0,,,,,,,,,,0.6064,2024-01-29T20:23:00+00:00,1232,2900
summary,2024-02-01,QQQ,,,,,,,0.00,,0,,,,,,,,,,0.6031,2024-01-29T20:19:00+00:00,1038,3091
summary,2024-02-01,AAPL,,,,,,,0.00,,0,,,,,,,,,,0.5445,2024-01-29T20:20:00+00:00,335,2730
summary,2024-02-01,NVDA,,,,,,,0.00,,0,,,,,,,,,,1.0000,2024-01-29T14:41:00+00:00,1622,2972
trade,2024-02-01,MSFT,Long,2024-02-01T14:46:00+00:00,2024-02-01T15:35:00+00:00,405.9763,405.9732,0.74,-0.00,-0.000008,2940000,ScoreExit,0.4346,-0.0624,0.3371,0.5664,0.2035,-0.4662,-0.0825,0.1122,,,
summary,2024-02-01,MSFT,,,,,,,-0.00,,1,,,,,,,,,,0.9022,2024-01-29T14:51:00+00:00,1227,2930
summary,2024-02-02,SPY,,,,,,,0.00,,0,,,,,,,,,,0.4149,2024-02-01T21:49:00+00:00,1011,2934
summary,2024-02-02,QQQ,,,,,,,0.00,,0,,,,,,,,,,0.4885,2024-02-01T21:49:00+00:00,914,3098
trade,2024-02-02,AAPL,Long,2024-02-02T15:11:00+00:00,2024-02-02T15:56:00+00:00,183.1299,185.5293,1.64,3.93,0.013102,2700000,SessionClose,0.4336,0.4551,0.3482,0.5414,0.2464,0.5406,0.4848,0.3673,,,
trade,2024-02-02,AAPL,Long,2024-02-02T15:58:00+00:00,2024-02-02T15:59:00+00:00,185.9808,185.4993,1.61,-0.78,-0.002589,60000,SessionClose,0.4752,0.4137,0.5813,0.4848,0.4206,0.1427,0.4848,0.3617,,,
summary,2024-02-02,AAPL,,,,,,,3.15,,2,,,,,,,,,,0.5170,2024-02-02T16:13:00+00:00,507,2877
trade,2024-02-02,NVDA,Long,2024-02-02T14:36:00+00:00,2024-02-02T15:56:00+00:00,641.9975,652.4992,0.31,3.28,0.016358,4800000,SessionClose,0.6096,0.1764,0.6023,0.5672,0.6969,0.0850,-0.0654,0.6904,,,
summary,2024-02-02,NVDA,,,,,,,3.28,,1,,,,,,,,,,0.8965,2024-01-30T15:23:00+00:00,1779,2976
trade,2024-02-02,MSFT,Long,2024-02-02T14:42:00+00:00,2024-02-02T15:56:00+00:00,407.7307,408.4124,0.74,0.50,0.001672,4440000,SessionClose,0.3944,0.0172,0.3228,0.4455,0.3161,-0.0578,-0.1227,0.3220,,,
summary,2024-02-02,MSFT,,,,,,,0.50,,1,,,,,,,,,,0.8398,2024-01-30T23:08:00+00:00,1046,2855
summary,2024-02-05,SPY,,,,,,,0.00,,0,,,,,,,,,,0.8604,2024-02-02T15:44:00+00:00,753,1184
summary,2024-02-05,QQQ,,,,,,,0.00,,0,,,,,,,,,,0.9324,2024-02-02T15:44:00+00:00,866,1244
summary,2024-02-05,AAPL,,,,,,,0.00,,0,,,,,,,,,,1.0000,2024-02-02T14:31:00+00:00,1093,1237
trade,2024-02-05,NVDA,Long,2024-02-05T14:31:00+00:00,2024-02-05T15:16:00+00:00,678.4584,682.0158,0.23,0.83,0.005243,2700000,ScoreExit,0.6042,-0.1241,-0.6019,0.6169,0.9810,-0.6225,-0.4723,0.7383,,,
summary,2024-02-05,NVDA,,,,,,,0.83,,1,,,,,,,,,,1.0000,2024-02-02T14:36:00+00:00,1199,1301
summary,2024-02-05,MSFT,,,,,,,0.00,,0,,,,,,,,,,1.0000,2024-02-02T14:34:00+00:00,534,1051
summary,2024-02-06,SPY,,,,,,,0.00,,0,,,,,,,,,,0.7076,2024-02-05T10:41:00+00:00,793,1352
summary,2024-02-06,QQQ,,,,,,,0.00,,0,,,,,,,,,,0.7066,2024-02-05T10:34:00+00:00,845,1527
summary,2024-02-06,AAPL,,,,,,,0.00,,0,,,,,,,,,,0.6080,2024-02-05T17:44:00+00:00,983,1385
summary,2024-02-06,NVDA,,,,,,,0.00,,0,,,,,,,,,,0.9626,2024-02-05T10:34:00+00:00,1124,1632
summary,2024-02-06,MSFT,,,,,,,0.00,,0,,,,,,,,,,0.4706,2024-02-05T09:43:00+00:00,350,1205
summary,2024-02-07,SPY,,,,,,,0.00,,0,,,,,,,,,,0.7076,2024-02-05T10:41:00+00:00,1377,2110
trade,2024-02-07,QQQ,Long,2024-02-07T15:26:00+00:00,2024-02-07T15:56:00+00:00,432.0446,431.8254,0.69,-0.15,-0.000507,1800000,SessionClose,0.4412,0.0849,0.5251,0.4652,0.3652,-0.5021,0.0427,0.3652,,,
summary,2024-02-07,QQQ,,,,,,,-0.15,,1,,,,,,,,,,0.7066,2024-02-05T10:34:00+00:00,1436,2354
summary,2024-02-07,AAPL,,,,,,,0.00,,0,,,,,,,,,,0.6080,2024-02-05T17:44:00+00:00,1563,2148
trade,2024-02-07,NVDA,Long,2024-02-07T14:49:00+00:00,2024-02-07T15:56:00+00:00,686.9150,689.9530,0.18,0.55,0.004423,4020000,ScoreExit,0.5197,-0.0858,0.7575,0.5467,0.3864,-0.5922,-0.2470,0.4053,,,
summary,2024-02-07,NVDA,,,,,,,0.55,,1,,,,,,,,,,0.9626,2024-02-05T10:34:00+00:00,1551,2513
trade,2024-02-07,MSFT,Long,2024-02-07T14:41:00+00:00,2024-02-07T15:56:00+00:00,408.8931,410.9317,0.73,1.50,0.004986,4500000,SessionClose,0.3999,0.0797,0.4710,0.4231,0.3297,-0.5423,0.0153,0.4159,,,
summary,2024-02-07,MSFT,,,,,,,1.50,,1,,,,,,,,,,0.4706,2024-02-05T09:43:00+00:00,845,1817
summary,2024-02-08,SPY,,,,,,,0.00,,0,,,,,,,,,,0.4643,2024-02-05T19:46:00+00:00,1755,2644
summary,2024-02-08,QQQ,,,,,,,0.00,,0,,,,,,,,,,0.5079,2024-02-05T19:46:00+00:00,1933,2878
summary,2024-02-08,AAPL,,,,,,,0.00,,0,,,,,,,,,,0.8982,2024-02-05T15:14:00+00:00,1754,2556
trade,2024-02-08,NVDA,Long,2024-02-08T14:31:00+00:00,2024-02-08T15:11:00+00:00,698.9046,699.4951,0.39,0.23,0.000845,2400000,ScoreExit,0.4238,-0.1365,-0.4042,0.5907,0.3659,-0.3797,-0.3654,0.4024,,,
trade,2024-02-08,NVDA,Long,2024-02-08T15:51:00+00:00,2024-02-08T15:56:00+00:00,703.8862,704.8717,0.23,0.22,0.001400,300000,SessionClose,0.5157,0.4182,0.5950,0.5591,0.4024,0.3709,0.4340,0.4024,,,
trade,2024-02-08,NVDA,Long,2024-02-08T15:58:00+00:00,2024-02-08T15:59:00+00:00,705.2815,704.1137,0.23,-0.27,-0.001656,60000,SessionClose,0.4088,0.3765,0.2767,0.4340,0.4024,-0.0460,0.4340,0.4024,,,
summary,2024-02-08,NVDA,,,,,,,0.18,,3,,,,,,,,,,1.0000,2024-02-05T14:33:00+00:00,1954,3100
trade,2024-02-08,MSFT,Long,2024-02-08T14:42:00+00:00,2024-02-08T15:01:00+00:00,415.1295,413.4809,0.72,-1.19,-0.003971,1140000,ScoreExit,0.3791,-0.0573,0.4142,0.4014,0.3228,-0.3217,-0.2134,0.3432,,,
summary,2024-02-08,MSFT,,,,,,,-1.19,,1,,,,,,,,,,0.4645,2024-02-07T15:29:00+00:00,1190,2309
summary,2024-02-09,SPY,,,,,,,0.00,,0,,,,,,,,,,0.4260,2024-02-07T15:29:00+00:00,1914,2682
summary,2024-02-09,QQQ,,,,,,,0.00,,0,,,,,,,,,,0.4904,2024-02-07T15:29:00+00:00,1927,2844
summary,2024-02-09,AAPL,,,,,,,0.00,,0,,,,,,,,,,0.9017,2024-02-06T14:46:00+00:00,1413,2470
trade,2024-02-09,NVDA,Long,2024-02-09T15:16:00+00:00,2024-02-09T15:56:00+00:00,710.9932,714.6805,0.28,1.04,0.005186,2400000,SessionClose,0.5218,0.4833,0.5638,0.4917,0.5679,0.0735,0.5094,0.5679,,,
trade,2024-02-09,NVDA,Long,2024-02-09T15:58:00+00:00,2024-02-09T15:59:00+00:00,715.1795,714.4106,0.35,-0.27,-0.001075,60000,SessionClose,0.4917,0.4629,0.1576,0.5094,0.5679,-0.1306,0.5094,0.5679,,,
summary,2024-02-09,NVDA,,,,,,,0.77,,2,,,,,,,,,,0.8079,2024-02-07T15:12:00+00:00,2022,2969
trade,2024-02-09,MSFT,Long,2024-02-09T15:21:00+00:00,2024-02-09T15:56:00+00:00,418.4005,418.2395,0.72,-0.12,-0.000385,2100000,SessionClose,0.4062,0.1856,0.5034,0.4161,0.3541,-0.5373,0.2218,0.3541,,,
summary,2024-02-09,MSFT,,,,,,,-0.12,,1,,,,,,,,,,0.5042,2024-02-06T14:34:00+00:00,1537,2224
summary,2024-02-12,SPY,,,,,,,0.00,,0,,,,,,,,,,0.7354,2024-02-09T16:02:00+00:00,775,1085
summary,2024-02-12,QQQ,,,,,,,0.00,,0,,,,,,,,,,0.8598,2024-02-09T15:46:00+00:00,839,1163
summary,2024-02-12,AAPL,,,,,,,0.00,,0,,,,,,,,,,0.6332,2024-02-09T16:44:00+00:00,255,1095
trade,2024-02-12,NVDA,Long,2024-02-12T14:31:00+00:00,2024-02-12T14:46:00+00:00,724.1822,727.4967,0.35,1.15,0.004577,900000,ScoreExit,0.3779,-0.1237,-0.5571,0.4673,0.5108,-0.4232,-0.3910,0.5108,,,
trade,2024-02-12,NVDA,Long,2024-02-12T15:31:00+00:00,2024-02-12T15:56:00+00:00,731.2043,738.1135,0.20,1.37,0.009449,1500000,SessionClose,0.6400,0.7789,0.3046,0.6397,0.7524,0.5601,0.8285,0.7524,,,
trade,2024-02-12,NVDA,Long,2024-02-12T15:58:00+00:00,2024-02-12T15:59:00+00:00,740.0119,739.6730,0.23,-0.08,-0.000458,60000,SessionClose,0.7823,0.7809,0.5943,0.8285,0.7524,0.5807,0.8285,0.7524,,,
summary,2024-02-12,NVDA,,,,,,,2.44,,3,,,,,,,,,,0.9615,2024-02-09T15:46:00+00:00,1047,1275
summary,2024-02-12,MSFT,,,,,,,0.00,,0,,,,,,,,,,0.9545,2024-02-09T15:41:00+00:00,641,1001
summary,2024-02-13,SPY,,,,,,,0.00,,0,,,,,,,,,,0.6591,2024-02-12T11:17:00+00:00,248,1380
summary,2024-02-13,QQQ,,,,,,,0.00,,0,,,,,,,,,,0.4936,2024-02-12T16:34:00+00:00,212,1506
summary,2024-02-13,AAPL,,,,,,,0.00,,0,,,,,,,,,,0.5990,2024-02-12T09:07:00+00:00,130,1262
trade,2024-02-13,NVDA,Long,2024-02-13T15:01:00+00:00,2024-02-13T15:56:00+00:00,711.2682,730.0159,0.13,2.52,0.026358,3300000,SessionClose,0.3599,0.4934,-0.0652,0.4326,0.3561,-0.2829,0.5040,0.7311,,,
trade,2024-02-13,NVDA,Long,2024-02-13T15:58:00+00:00,2024-02-13T15:59:00+00:00,728.2834,727.0468,0.15,-0.18,-0.001698,60000,SessionClose,0.4470,0.4371,-0.6897,0.5040,0.7120,-0.6695,0.5040,0.6723,,,
summary,2024-02-13,NVDA,,,,,,,2.34,,2,,,,,,,,,,0.8642,2024-02-12T15:36:00+00:00,483,1551
summary,2024-02-13,MSFT,,,,,,,0.00,,0,,,,,,,,,,0.5764,2024-02-12T09:51:00+00:00,181,1180
summary,2024-02-14,SPY,,,,,,,0.00,,0,,,,,,,,,,0.6591,2024-02-12T11:17:00+00:00,802,2202
summary,2024-02-14,QQQ,,,,,,,0.00,,0,,,,,,,,,,0.4936,2024-02-12T16:34:00+00:00,601,2396
summary,2024-02-14,AAPL,,,,,,,0.00,,0,,,,,,,,,,0.5990,2024-02-12T09:07:00+00:00,224,1971
trade,2024-02-14,NVDA,Long,2024-02-14T14:46:00+00:00,2024-02-14T15:41:00+00:00,736.0257,737.4097,0.27,0.38,0.001880,3300000,ScoreExit,0.4661,-0.1220,0.5708,0.4444,0.4748,-0.5792,-0.2237,0.2339,,,
summary,2024-02-14,NVDA,,,,,,,0.38,,1,,,,,,,,,,0.8642,2024-02-12T15:36:00+00:00,1089,2413
summary,2024-02-14,MSFT,,,,,,,0.00,,0,,,,,,,,,,0.5764,2024-02-12T09:51:00+00:00,215,1859
summary,2024-02-15,SPY,,,,,,,0.00,,0,,,,,,,,,,0.7333,2024-02-12T15:54:00+00:00,1171,2799
summary,2024-02-15,QQQ,,,,,,,0.00,,0,,,,,,,,,,0.8009,2024-02-12T15:54:00+00:00,1129,2949
summary,2024-02-15,AAPL,,,,,,,0.00,,0,,,,,,,,,,0.3950,2024-02-15T20:57:00+00:00,236,2603
trade,2024-02-15,NVDA,Long,2024-02-15T15:46:00+00:00,2024-02-15T15:56:00+00:00,732.7498,732.2353,0.24,-0.12,-0.000702,600000,SessionClose,0.4066,0.3399,0.1178,0.5651,0.1859,-0.4074,0.5414,0.1859,,,
trade,2024-02-15,NVDA,Long,2024-02-15T15:58:00+00:00,2024-02-15T15:59:00+00:00,732.8398,732.5352,0.26,-0.08,-0.000416,60000,SessionClose,0.3574,0.3610,-0.2318,0.5414,0.1859,-0.1965,0.5414,0.1859,,,
summary,2024-02-15,NVDA,,,,,,,-0.20,,2,,,,,,,,,,1.0000,2024-02-12T14:33:00+00:00,1609,3007
summary,2024-02-15,MSFT,,,,,,,0.00,,0,,,,,,,,,,0.7990,2024-02-12T15:59:00+00:00,316,2381
summary,2024-02-16,SPY,,,,,,,0.00,,0,,,,,,,,,,0.7568,2024-02-13T15:43:00+00:00,1827,2772
summary,2024-02-16,QQQ,,,,,,,0.00,,0,,,,,,,,,,0.9559,2024-02-13T15:43:00+00:00,1945,2957
summary,2024-02-16,AAPL,,,,,,,0.00,,0,,,,,,,,,,0.9558,2024-02-13T15:54:00+00:00,768,2755
summary,2024-02-16,NVDA,,,,,,,0.00,,0,,,,,,,,,,1.0000,2024-02-13T14:32:00+00:00,2192,3003
summary,2024-02-16,MSFT,,,,,,,0.00,,0,,,,,,,,,,0.9529,2024-02-13T15:41:00+00:00,1167,2388
summary,2024-02-19,SPY,,,,,,,0.00,,0,,,,,,,,,,0.5555,2024-02-16T15:54:00+00:00,188,554
summary,2024-02-19,QQQ,,,,,,,0.00,,0,,,,,,,,,,0.4983,2024-02-16T16:20:00+00:00,176,540
summary,2024-02-19,AAPL,,,,,,,0.00,,0,,,,,,,,,,1.0000,2024-02-16T14:37:00+00:00,76,549
summary,2024-02-19,NVDA,,,,,,,0.00,,0,,,,,,,,,,1.0000,2024-02-16T14:36:00+00:00,189,610
summary,2024-02-19,MSFT,,,,,,,0.00,,0,,,,,,,,,,0.5288,2024-02-16T19:24:00+00:00,134,488
summary,2024-02-20,SPY,,,,,,,0.00,,0,,,,,,,,,,0.3364,2024-02-20T19:49:00+00:00,164,636
summary,2024-02-20,QQQ,,,,,,,0.00,,0,,,,,,,,,,0.3886,2024-02-20T20:59:00+00:00,190,694
summary,2024-02-20,AAPL,,,,,,,0.00,,0,,,,,,,,,,0.5111,2024-02-20T12:14:00+00:00,241,588
summary,2024-02-20,NVDA,,,,,,,0.00,,0,,,,,,,,,,0.8198,2024-02-20T12:09:00+00:00,213,711
summary,2024-02-20,MSFT,,,,,,,0.00,,0,,,,,,,,,,0.6080,2024-02-20T13:12:00+00:00,226,563
summary,2024-02-21,SPY,,,,,,,0.00,,0,,,,,,,,,,0.4375,2024-02-21T20:55:00+00:00,540,1407
summary,2024-02-21,QQQ,,,,,,,0.00,,0,,,,,,,,,,0.4667,2024-02-21T20:59:00+00:00,423,1550
trade,2024-02-21,AAPL,Long,2024-02-21T14:41:00+00:00,2024-02-21T15:52:00+00:00,182.4147,182.2270,1.65,-0.31,-0.001029,4260000,ScoreExit,0.3819,-0.0510,-0.0398,0.4047,0.4769,-0.5126,-0.2101,0.4211,,,
summary,2024-02-21,AAPL,,,,,,,-0.31,,1,,,,,,,,,,0.5111,2024-02-20T12:14:00+00:00,747,1328
summary,2024-02-21,NVDA,,,,,,,0.00,,0,,,,,,,,,,0.8198,2024-02-20T12:09:00+00:00,259,1612
summary,2024-02-21,MSFT,,,,,,,0.00,,0,,,,,,,,,,0.6080,2024-02-20T13:12:00+00:00,470,1177
summary,2024-02-22,SPY,,,,,,,0.00,,0,,,,,,,,,,0.4431,2024-02-22T09:01:00+00:00,1336,2309
summary,2024-02-22,QQQ,,,,,,,0.00,,0,,,,,,,,,,0.5106,2024-02-22T09:05:00+00:00,1258,2493
summary,2024-02-22,AAPL,,,,,,,0.00,,0,,,,,,,,,,0.5111,2024-02-20T12:14:00+00:00,1373,2158
trade,2024-02-22,NVDA,Long,2024-02-22T14:36:00+00:00,2024-02-22T15:56:00+00:00,758.1974,775.5873,0.09,1.56,0.022936,4800000,SessionClose,0.6851,0.3158,0.6383,0.7258,0.6191,0.4199,0.1522,0.6083,,,
summary,2024-02-22,NVDA,,,,,,,1.56,,1,,,,,,,,,,0.8941,2024-02-21T21:29:00+00:00,968,2567
trade,2024-02-22,MSFT,Long,2024-02-22T14:46:00+00:00,2024-02-22T15:46:00+00:00,412.3037,410.0120,0.73,-1.67,-0.005558,3600000,ScoreExit,0.4733,-0.0958,0.5841,0.4572,0.4686,-0.5907,-0.2600,0.3976,,,
summary,2024-02-22,MSFT,,,,,,,-1.67,,1,,,,,,,,,,0.6080,2024-02-20T13:12:00+00:00,1179,2005
summary,2024-02-23,SPY,,,,,,,0.00,,0,,,,,,,,,,0.5759,2024-02-20T16:01:00+00:00,1744,2841
summary,2024-02-23,QQQ,,,,,,,0.00,,0,,,,,,,,,,0.6540,2024-02-20T16:01:00+00:00,1739,3046
summary,2024-02-23,AAPL,,,,,,,0.00,,0,,,,,,,,,,0.5300,2024-02-21T00:24:00+00:00,1592,2643
trade,2024-02-23,NVDA,Long,2024-02-23T14:54:00+00:00,2024-02-23T15:06:00+00:00,816.4098,808.6723,0.13,-0.99,-0.009477,720000,ScoreExit,0.5400,-0.2269,-0.1560,0.6145,0.6231,-0.1434,-0.4918,0.2749,,,
summary,2024-02-23,NVDA,,,,,,,-0.99,,1,,,,,,,,,,0.9407,2024-02-21T21:29:00+00:00,1746,3183
summary,2024-02-23,MSFT,,,,,,,0.00,,0,,,,,,,,,,0.7532,2024-02-20T16:04:00+00:00,1503,2470
summary,2024-02-26,SPY,,,,,,,0.00,,0,,,,,,,,,,0.2966,2024-02-23T14:44:00+00:00,184,1097
summary,2024-02-26,QQQ,,,,,,,0.00,,0,,,,,,,,,,0.3201,2024-02-26T16:53:00+00:00,284,1184
summary,2024-02-26,AAPL,,,,,,,0.00,,0,,,,,,,,,,0.1117,2024-02-23T14:31:00+00:00,2,1104
trade,2024-02-26,NVDA,Long,2024-02-26T14:32:00+00:00,2024-02-26T14:39:00+00:00,804.0862,797.1498,0.27,-1.84,-0.008626,420000,ScoreExit,0.5688,-0.0509,0.7639,0.5207,0.6000,-0.6546,-0.0436,0.1358,,,
summary,2024-02-26,NVDA,,,,,,,-1.84,,1,,,,,,,,,,1.0000,2024-02-23T14:32:00+00:00,425,1276
summary,2024-02-26,MSFT,,,,,,,0.00,,0,,,,,,,,,,0.3384,2024-02-23T14:41:00+00:00,43,946
summary,2024-02-27,SPY,,,,,,,0.00,,0,,,,,,,,,,0.7181,2024-02-26T10:44:00+00:00,492,1351
summary,2024-02-27,QQQ,,,,,,,0.00,,0,,,,,,,,,,0.7343,2024-02-26T10:29:00+00:00,793,1493
summary,2024-02-27,AAPL,,,,,,,0.00,,0,,,,,,,,,,0.6317,2024-02-27T19:32:00+00:00,453,1265
summary,2024-02-27,NVDA,,,,,,,0.00,,0,,,,,,,,,,0.9006,2024-02-26T09:36:00+00:00,628,1510
summary,2024-02-27,MSFT,,,,,,,0.00,,0,,,,,,,,,,0.4717,2024-02-26T11:18:00+00:00,165,1077
summary,2024-02-28,SPY,,,,,,,0.00,,0,,,,,,,,,,0.7181,2024-02-26T10:44:00+00:00,707,2150
summary,2024-02-28,QQQ,,,,,,,0.00,,0,,,,,,,,,,0.7343,2024-02-26T10:29:00+00:00,873,2324
summary,2024-02-28,AAPL,,,,,,,0.00,,0,,,,,,,,,,0.6317,2024-02-27T19:32:00+00:00,781,2098
summary,2024-02-28,NVDA,,,,,,,0.00,,0,,,,,,,,,,0.9006,2024-02-26T09:36:00+00:00,738,2356
summary,2024-02-28,MSFT,,,,,,,0.00,,0,,,,,,,,,,0.4717,2024-02-26T11:18:00+00:00,415,1617
summary,2024-02-29,SPY,,,,,,,0.00,,0,,,,,,,,,,0.3892,2024-02-29T13:44:00+00:00,828,2737
summary,2024-02-29,QQQ,,,,,,,0.00,,0,,,,,,,,,,0.5115,2024-02-26T15:44:00+00:00,1011,2876
summary,2024-02-29,AAPL,,,,,,,0.00,,0,,,,,,,,,,0.6368,2024-02-27T19:32:00+00:00,716,2672
summary,2024-02-29,NVDA,,,,,,,0.00,,0,,,,,,,,,,1.0000,2024-02-26T14:31:00+00:00,902,2897
summary,2024-02-29,MSFT,,,,,,,0.00,,0,,,,,,,,,,0.4949,2024-02-29T20:55:00+00:00,724,2136
summary,2024-03-01,SPY,,,,,,,0.00,,0,,,,,,,,,,0.3950,2024-02-29T13:44:00+00:00,1565,2795
summary,2024-03-01,QQQ,,,,,,,0.00,,0,,,,,,,,,,0.4717,2024-02-27T15:19:00+00:00,1462,2888
summary,2024-03-01,AAPL,,,,,,,0.00,,0,,,,,,,,,,0.7627,2024-02-27T19:32:00+00:00,796,2819
trade,2024-03-01,NVDA,Long,2024-03-01T14:56:00+00:00,2024-03-01T15:56:00+00:00,803.2459,810.3957,0.20,1.40,0.008901,3600000,SessionClose,0.4445,0.5939,0.4889,0.4208,0.4771,0.5694,0.5708,0.6480,,,
trade,2024-03-01,NVDA,Long,2024-03-01T15:58:00+00:00,2024-03-01T15:59:00+00:00,811.9885,811.3715,0.23,-0.14,-0.000760,60000,SessionClose,0.5908,0.5915,0.5384,0.5708,0.6480,0.5456,0.5708,0.6480,,,
summary,2024-03-01,NVDA,,,,,,,1.25,,2,,,,,,,,,,0.9071,2024-02-27T15:19:00+00:00,1657,2922
summary,2024-03-01,MSFT,,,,,,,0.00,,0,,,,,,,,,,0.6140,2024-02-27T15:48:00+00:00,1389,2182
summary,2024-03-04,SPY,,,,,,,0.00,,0,,,,,,,,,,0.8055,2024-03-01T16:04:00+00:00,821,1136
summary,2024-03-04,QQQ,,,,,,,0.00,,0,,,,,,,,,,0.8572,2024-03-01T16:04:00+00:00,927,1197
summary,2024-03-04,AAPL,,,,,,,0.00,,0,,,,,,,,,,0.5971,2024-03-01T19:28:00+00:00,235,1204
trade,2024-03-04,NVDA,Long,2024-03-04T14:36:00+00:00,2024-03-04T15:56:00+00:00,843.8070,851.9662,0.17,1.42,0.009670,4800000,SessionClose,0.5571,0.3460,0.4974,0.4921,0.7070,-0.5499,0.2491,0.8383,,,
summary,2024-03-04,NVDA,,,,,,,1.42,,1,,,,,,,,,,0.9623,2024-03-01T16:00:00+00:00,1174,1278
trade,2024-03-04,MSFT,Long,2024-03-04T14:46:00+00:00,2024-03-04T15:56:00+00:00,415.1535,415.0604,0.72,-0.07,-0.000224,4200000,SessionClose,0.4026,0.1362,0.5675,0.4118,0.3292,-0.0244,0.0824,0.2974,,,
summary,2024-03-04,MSFT,,,,,,,-0.07,,1,,,,,,,,,,0.7609,2024-03-01T14:42:00+00:00,690,1018
summary,2024-03-05,SPY,,,,,,,0.00,,0,,,,,,,,,,0.4298,2024-03-04T19:39:00+00:00,293,1383
summary,2024-03-05,QQQ,,,,,,,0.00,,0,,,,,,,,,,0.3839,2024-03-04T19:39:00+00:00,169,1518
summary,2024-03-05,AAPL,,,,,,,0.00,,0,,,,,,,,,,0.6010,2024-03-04T13:04:00+00:00,158,1485
summary,2024-03-05,NVDA,,,,,,,0.00,,0,,,,,,,,,,0.8039,2024-03-04T14:40:00+00:00,1063,1589
summary,2024-03-05,MSFT,,,,,,,0.00,,0,,,,,,,,,,0.6967,2024-03-04T15:00:00+00:00,286,1102
summary,2024-03-06,SPY,,,,,,,0.00,,0,,,,,,,,,,0.4298,2024-03-04T19:39:00+00:00,812,2201
summary,2024-03-06,QQQ,,,,,,,0.00,,0,,,,,,,,,,0.3839,2024-03-04T19:39:00+00:00,521,2408
summary,2024-03-06,AAPL,,,,,,,0.00,,0,,,,,,,,,,0.6010,2024-03-04T13:04:00+00:00,159,2340
summary,2024-03-06,NVDA,,,,,,,0.00,,0,,,,,,,,,,0.8039,2024-03-04T14:40:00+00:00,1743,2487
summary,2024-03-06,MSFT,,,,,,,0.00,,0,,,,,,,,,,0.6967,2024-03-04T15:00:00+00:00,286,1806
summary,2024-03-07,SPY,,,,,,,0.00,,0,,,,,,,,,,0.7092,2024-03-04T15:41:00+00:00,1227,2787
summary,2024-03-07,QQQ,,,,,,,0.00,,0,,,,,,,,,,0.6069,2024-03-04T15:41:00+00:00,1061,3034
summary,2024-03-07,AAPL,,,,,,,0.00,,0,,,,,,,,,,0.6224,2024-03-04T19:43:00+00:00,183,2957
trade,2024-03-07,NVDA,Long,2024-03-07T14:51:00+00:00,2024-03-07T15:56:00+00:00,906.8920,916.5849,0.14,1.35,0.010688,3900000,SessionClose,0.4440,0.4082,0.5117,0.4261,0.4572,-0.2443,0.4374,0.5675,,,
trade,2024-03-07,NVDA,Long,2024-03-07T15:58:00+00:00,2024-03-07T15:59:00+00:00,918.0462,917.5996,0.15,-0.07,-0.000486,60000,SessionClose,0.4503,0.4484,0.1764,0.4374,0.5675,0.1576,0.4374,0.5675,,,
summary,2024-03-07,NVDA,,,,,,,1.28,,2,,,,,,,,,,1.0000,2024-03-04T14:36:00+00:00,2123,3147
trade,2024-03-07,MSFT,Long,2024-03-07T15:47:00+00:00,2024-03-07T15:56:00+00:00,408.1124,407.0428,0.74,-0.79,-0.002621,540000,SessionClose,0.4229,0.2475,0.5707,0.4511,0.3171,-0.5456,0.3753,0.2562,,,
summary,2024-03-07,MSFT,,,,,,,-0.79,,1,,,,,,,,,,0.8951,2024-03-04T15:00:00+00:00,630,2299
summary,2024-03-08,SPY,,,,,,,0.00,,0,,,,,,,,,,0.4039,2024-03-06T16:19:00+00:00,1611,2785
summary,2024-03-08,QQQ,,,,,,,0.00,,0,,,,,,,,,,0.4811,2024-03-06T09:17:00+00:00,1831,3068
trade,2024-03-08,AAPL,Long,2024-03-08T15:01:00+00:00,2024-03-08T15:56:00+00:00,170.9313,171.1735,1.76,0.43,0.001417,3300000,SessionClose,0.4429,0.1469,0.5531,0.4527,0.3864,0.1145,0.0326,0.3864,,,
summary,2024-03-08,AAPL,,,,,,,0.43,,1,,,,,,,,,,1.0000,2024-03-05T14:33:00+00:00,1019,2945
summary,2024-03-08,NVDA,,,,,,,0.00,,0,,,,,,,,,,1.0000,2024-03-05T14:39:00+00:00,2257,3154
summary,2024-03-08,MSFT,,,,,,,0.00,,0,,,,,,,,,,0.5129,2024-03-06T09:16:00+00:00,1107,2342
summary,2024-03-11,SPY,,,,,,,0.00,,0,,,,,,,,,,0.5101,2024-03-08T15:01:00+00:00,161,1192
summary,2024-03-11,QQQ,,,,,,,0.00,,0,,,,,,,,,,0.7309,2024-03-08T15:06:00+00:00,69,1271
summary,2024-03-11,AAPL,,,,,,,0.00,,0,,,,,,,,,,0.8978,2024-03-08T14:55:00+00:00,816,1234
trade,2024-03-11,NVDA,Long,2024-03-11T14:16:00+00:00,2024-03-11T15:21:00+00:00,863.5892,872.4532,0.05,0.48,0.010264,3900000,ScoreExit,0.4231,-0.2140,0.5811,0.4580,0.3006,-0.1729,-0.4161,0.1765,,,
summary,2024-03-11,NVDA,,,,,,,0.48,,1,,,,,,,,,,1.0000,2024-03-08T14:34:00+00:00,311,1344
summary,2024-03-11,MSFT,,,,,,,0.00,,0,,,,,,,,,,0.8818,2024-03-08T15:13:00+00:00,247,985
trade,2024-03-12,SPY,Long,2024-03-12T14:21:00+00:00,2024-03-12T15:56:00+00:00,513.7991,515.7302,0.58,1.13,0.003759,5700000,SessionClose,0.3812,0.1233,-0.1666,0.4166,0.4931,0.3471,-0.0922,0.4796,,,
summary,2024-03-12,SPY,,,,,,,1.13,,1,,,,,,,,,,0.5085,2024-03-11T09:21:00+00:00,981,1406
trade,2024-03-12,QQQ,Long,2024-03-12T14:21:00+00:00,2024-03-12T15:56:00+00:00,439.7269,442.2523,0.68,1.72,0.005743,5700000,SessionClose,0.3908,0.0834,-0.2263,0.4407,0.4967,0.0850,-0.1269,0.5036,,,
summary,2024-03-12,QQQ,,,,,,,1.72,,1,,,,,,,,,,0.7915,2024-03-11T09:22:00+00:00,1032,1509
summary,2024-03-12,AAPL,,,,,,,0.00,,0,,,,,,,,,,0.6220,2024-03-11T13:29:00+00:00,799,1399
trade,2024-03-12,NVDA,Long,2024-03-12T14:21:00+00:00,2024-03-12T15:56:00+00:00,875.5276,906.9078,0.10,3.15,0.035842,5700000,SessionClose,0.5926,0.2888,-0.6349,0.6221,0.9427,0.3070,-0.0328,0.9257,,,
summary,2024-03-12,NVDA,,,,,,,3.15,,1,,,,,,,,,,0.9616,2024-03-11T09:15:00+00:00,1042,1590
trade,2024-03-12,MSFT,Long,2024-03-12T13:36:00+00:00,2024-03-12T15:37:00+00:00,409.1827,413.4809,0.73,3.15,0.010504,7260000,MaxHoldTimeout,0.4700,0.2228,0.4553,0.4378,0.5395,-0.0217,0.0605,0.6290,,,
summary,2024-03-12,MSFT,,,,,,,3.15,,1,,,,,,,,,,0.6450,2024-03-12T14:31:00+00:00,815,1070
summary,2024-03-13,SPY,,,,,,,0.00,,0,,,,,,,,,,0.5085,2024-03-11T09:21:00+00:00,1480,2186
summary,2024-03-13,QQQ,,,,,,,0.00,,0,,,,,,,,,,0.7915,2024-03-11T09:22:00+00:00,1564,2387
summary,2024-03-13,AAPL,,,,,,,0.00,,0,,,,,,,,,,0.6220,2024-03-11T13:29:00+00:00,914,2122
trade,2024-03-13,NVDA,Long,2024-03-13T14:41:00+00:00,2024-03-13T15:31:00+00:00,893.5310,888.3784,0.09,-0.46,-0.005767,3000000,ScoreExit,0.5309,-0.0630,0.4482,0.6786,0.2630,-0.6421,-0.1258,0.2556,,,
summary,2024-03-13,NVDA,,,,,,,-0.46,,1,,,,,,,,,,0.9616,2024-03-11T09:15:00+00:00,1746,2512
summary,2024-03-13,MSFT,,,,,,,0.00,,0,,,,,,,,,,0.6450,2024-03-12T14:31:00+00:00,1305,1712
summary,2024-03-14,SPY,,,,,,,0.00,,0,,,,,,,,,,0.6192,2024-03-11T15:00:00+00:00,1827,2734
summary,2024-03-14,QQQ,,,,,,,0.00,,0,,,,,,,,,,0.8032,2024-03-11T14:54:00+00:00,1942,2947
summary,2024-03-14,AAPL,,,,,,,0.00,,0,,,,,,,,,,0.6472,2024-03-11T13:36:00+00:00,1042,2641
summary,2024-03-14,NVDA,,,,,,,0.00,,0,,,,,,,,,,1.0000,2024-03-11T13:37:00+00:00,1738,3057
trade,2024-03-14,MSFT,Long,2024-03-14T13:31:00+00:00,2024-03-14T15:32:00+00:00,418.7006,426.3171,0.72,5.46,0.018191,7260000,MaxHoldTimeout,0.3690,0.0565,-0.1333,0.4272,0.4199,-0.3190,-0.0999,0.4943,,,
summary,2024-03-14,MSFT,,,,,,,5.46,,1,,,,,,,,,,0.7099,2024-03-11T14:54:00+00:00,1799,2256
summary,2024-03-15,SPY,,,,,,,0.00,,0,,,,,,,,,,0.9562,2024-03-12T14:51:00+00:00,1359,2784
summary,2024-03-15,QQQ,,,,,,,0.00,,0,,,,,,,,,,0.9567,2024-03-12T14:49:00+00:00,1242,2986
summary,2024-03-15,AAPL,,,,,,,0.00,,0,,,,,,,,,,0.8934,2024-03-12T14:31:00+00:00,1187,2641
trade,2024-03-15,NVDA,Long,2024-03-15T14:11:00+00:00,2024-03-15T15:36:00+00:00,877.5382,889.5061,0.09,1.11,0.013638,5100000,ScoreExit,0.5185,-0.1314,0.4992,0.7364,0.0892,-0.4724,-0.2322,0.1838,,,
summary,2024-03-15,NVDA,,,,,,,1.11,,1,,,,,,,,,,0.9661,2024-03-12T14:51:00+00:00,1540,3077
summary,2024-03-15,MSFT,,,,,,,0.00,,0,,,,,,,,,,0.9559,2024-03-12T14:49:00+00:00,1584,2374
summary,2024-03-18,SPY,,,,,,,0.00,,0,,,,,,,,,,0.7995,2024-03-15T14:49:00+00:00,633,1146
summary,2024-03-18,QQQ,,,,,,,0.00,,0,,,,,,,,,,0.8217,2024-03-15T14:49:00+00:00,615,1214
summary,2024-03-18,AAPL,,,,,,,0.00,,0,,,,,,,,,,0.6355,2024-03-18T13:46:00+00:00,707,1175
trade,2024-03-18,NVDA,Long,2024-03-18T13:31:00+00:00,2024-03-18T14:21:00+00:00,908.9126,908.7523,0.16,-0.03,-0.000176,3000000,ScoreExit,0.6534,-0.0832,0.6515,0.5962,0.7684,-0.6650,-0.3628,0.6699,,,
summary,2024-03-18,NVDA,,,,,,,-0.03,,1,,,,,,,,,,1.0000,2024-03-15T13:40:00+00:00,769,1261
trade,2024-03-18,MSFT,Long,2024-03-18T13:36:00+00:00,2024-03-18T15:12:00+00:00,418.0459,418.4274,0.72,0.27,0.000913,5760000,ScoreExit,0.5625,-0.0647,0.6534,0.6507,0.3559,-0.3345,-0.2821,0.4599,,,
summary,2024-03-18,MSFT,,,,,,,0.27,,1,,,,,,,,,,0.6372,2024-03-18T13:41:00+00:00,354,1071
summary,2024-03-19,SPY,,,,,,,0.00,,0,,,,,,,,,,0.3971,2024-03-19T16:44:00+00:00,608,1413
summary,2024-03-19,QQQ,,,,,,,0.00,,0,,,,,,,,,,0.4949,2024-03-18T12:13:00+00:00,531,1548
summary,2024-03-19,AAPL,,,,,,,0.00,,0,,,,,,,,,,0.7135,2024-03-18T13:46:00+00:00,591,1416
summary,2024-03-19,NVDA,,,,,,,0.00,,0,,,,,,,,,,0.9301,2024-03-18T13:36:00+00:00,625,1558
trade,2024-03-19,MSFT,Long,2024-03-19T13:49:00+00:00,2024-03-19T15:50:00+00:00,418.0905,420.5388,0.72,1.76,0.005856,7260000,MaxHoldTimeout,0.4484,0.1448,0.5876,0.4989,0.3011,-0.0251,-0.0244,0.5399,,,
summary,2024-03-19,MSFT,,,,,,,1.76,,1,,,,,,,,,,0.7837,2024-03-18T13:41:00+00:00,663,1187
summary,2024-03-20,SPY,,,,,,,0.00,,0,,,,,,,,,,0.4296,2024-03-20T18:47:00+00:00,1112,2144
summary,2024-03-20,QQQ,,,,,,,0.00,,0,,,,,,,,,,0.4949,2024-03-18T12:13:00+00:00,1051,2395
summary,2024-03-20,AAPL,,,,,,,0.00,,0,,,,,,,,,,0.7135,2024-03-18T13:46:00+00:00,1100,2150
summary,2024-03-20,NVDA,,,,,,,0.00,,0,,,,,,,,,,0.9301,2024-03-18T13:36:00+00:00,1151,2409
summary,2024-03-20,MSFT,,,,,,,0.00,,0,,,,,,,,,,0.7837,2024-03-18T13:41:00+00:00,1031,1717
summary,2024-03-21,SPY,,,,,,,0.00,,0,,,,,,,,,,0.4551,2024-03-18T14:49:00+00:00,1521,2800
summary,2024-03-21,QQQ,,,,,,,0.00,,0,,,,,,,,,,0.6873,2024-03-18T14:42:00+00:00,1471,3034
summary,2024-03-21,AAPL,,,,,,,0.00,,0,,,,,,,,,,0.9380,2024-03-18T13:46:00+00:00,1176,2774
trade,2024-03-21,NVDA,Long,2024-03-21T14:46:00+00:00,2024-03-21T15:56:00+00:00,912.6807,921.6184,0.12,1.11,0.009793,4200000,SessionClose,0.3881,0.3008,0.0583,0.4409,0.3925,-0.5391,0.3383,0.5057,,,
summary,2024-03-21,NVDA,,,,,,,1.11,,1,,,,,,,,,,1.0000,2024-03-18T13:31:00+00:00,1584,3039
summary,2024-03-21,MSFT,,,,,,,0.00,,0,,,,,,,,,,1.0000,2024-03-18T13:35:00+00:00,1440,2187
summary,2024-03-22,SPY,,,,,,,0.00,,0,,,,,,,,,,0.7426,2024-03-19T14:49:00+00:00,2085,2738
summary,2024-03-22,QQQ,,,,,,,0.00,,0,,,,,,,,,,0.8014,2024-03-19T14:49:00+00:00,2271,2995
summary,2024-03-22,AAPL,,,,,,,0.00,,0,,,,,,,,,,0.9453,2024-03-19T14:40:00+00:00,1349,2833
summary,2024-03-22,NVDA,,,,,,,0.00,,0,,,,,,,,,,1.0000,2024-03-19T13:32:00+00:00,2331,2988
summary,2024-03-22,MSFT,,,,,,,0.00,,0,,,,,,,,,,0.9527,2024-03-19T14:55:00+00:00,1522,2147
summary,2024-03-25,SPY,,,,,,,0.00,,0,,,,,,,,,,0.3308,2024-03-22T17:55:00+00:00,283,1151
summary,2024-03-25,QQQ,,,,,,,0.00,,0,,,,,,,,,,0.4690,2024-03-22T17:13:00+00:00,493,1166
summary,2024-03-25,AAPL,,,,,,,0.00,,0,,,,,,,,,,0.9570,2024-03-22T14:42:00+00:00,625,1138
trade,2024-03-25,NVDA,Long,2024-03-25T13:46:00+00:00,2024-03-25T15:26:00+00:00,942.8136,958.7073,0.11,1.71,0.016858,6000000,ScoreExit,0.6061,-0.1401,0.3773,0.6019,0.6906,-0.5031,-0.4732,0.6471,,,
summary,2024-03-25,NVDA,,,,,,,1.71,,1,,,,,,,,,,1.0000,2024-03-22T13:36:00+00:00,1020,1288
summary,2024-03-25,MSFT,,,,,,,0.00,,0,,,,,,,,,,0.5063,2024-03-22T18:03:00+00:00,194,964
summary,2024-03-26,SPY,,,,,,,0.00,,0,,,,,,,,,,0.3189,2024-03-25T14:11:00+00:00,645,1363
summary,2024-03-26,QQQ,,,,,,,0.00,,0,,,,,,,,,,0.4424,2024-03-25T14:18:00+00:00,857,1495
summary,2024-03-26,AAPL,,,,,,,0.00,,0,,,,,,,,,,0.6043,2024-03-25T12:04:00+00:00,748,1307
summary,2024-03-26,NVDA,,,,,,,0.00,,0,,,,,,,,,,0.9087,2024-03-25T14:12:00+00:00,776,1510
summary,2024-03-26,MSFT,,,,,,,0.00,,0,,,,,,,,,,0.4894,2024-03-25T12:03:00+00:00,478,1089
summary,2024-03-27,SPY,,,,,,,0.00,,0,,,,,,,,,,0.3997,2024-03-27T19:59:00+00:00,1093,2191
summary,2024-03-27,QQQ,,,,,,,0.00,,0,,,,,,,,,,0.4424,2024-03-25T14:18:00+00:00,1123,2338
trade,2024-03-27,AAPL,Long,2024-03-27T13:41:00+00:00,2024-03-27T15:42:00+00:00,171.3664,172.3083,1.75,1.65,0.005496,7260000,MaxHoldTimeout,0.4469,0.0053,0.5787,0.4389,0.4190,-0.5230,-0.0782,0.3484,,,
summary,2024-03-27,AAPL,,,,,,,1.65,,1,,,,,,,,,,0.6043,2024-03-25T12:04:00+00:00,1220,2089
summary,2024-03-27,NVDA,,,,,,,0.00,,0,,,,,,,,,,0.9087,2024-03-25T14:12:00+00:00,776,2353
summary,2024-03-27,MSFT,,,,,,,0.00,,0,,,,,,,,,,0.4894,2024-03-25T12:03:00+00:00,514,1670
summary,2024-03-28,SPY,,,,,,,0.00,,0,,,,,,,,,,0.5000,2024-03-25T15:03:00+00:00,1606,2782
summary,2024-03-28,QQQ,,,,,,,0.00,,0,,,,,,,,,,0.7129,2024-03-25T15:03:00+00:00,1472,2890
summary,2024-03-28,AAPL,,,,,,,0.00,,0,,,,,,,,,,0.8629,2024-03-25T15:02:00+00:00,1688,2635
summary,2024-03-28,NVDA,,,,,,,0.00,,0,,,,,,,,,,1.0000,2024-03-25T13:37:00+00:00,590,2894
summary,2024-03-28,MSFT,,,,,,,0.00,,0,,,,,,,,,,0.7029,2024-03-25T14:44:00+00:00,471,2050
summary,2024-03-29,SPY,,,,,,,0.00,,0,,,,,,,,,,0.4587,2024-03-27T20:02:00+00:00,1134,2179
summary,2024-03-29,QQQ,,,,,,,0.00,,0,,,,,,,,,,0.3987,2024-03-27T20:02:00+00:00,765,2185
summary,2024-03-29,AAPL,,,,,,,0.00,,0,,,,,,,,,,0.6855,2024-03-26T14:02:00+00:00,1155,2068
summary,2024-03-29,NVDA,,,,,,,0.00,,0,,,,,,,,,,0.7425,2024-03-26T18:08:00+00:00,229,2250
summary,2024-03-29,MSFT,,,,,,,0.00,,0,,,,,,,,,,0.3863,2024-03-26T15:58:00+00:00,176,1553
summary,2024-04-01,SPY,,,,,,,0.00,,0,,,,,,,,,,0.2497,2024-04-01T19:54:00+00:00,79,596
trade,2024-04-01,QQQ,Long,2024-04-01T13:36:00+00:00,2024-04-01T14:17:00+00:00,446.6193,446.6160,0.67,-0.00,-0.000008,2460000,ScoreExit,0.4576,-0.0582,0.5544,0.4321,0.4763,-0.1361,-0.1060,0.0633,,,
summary,2024-04-01,QQQ,,,,,,,-0.00,,1,,,,,,,,,,0.5002,2024-04-01T13:39:00+00:00,120,636
summary,2024-04-01,AAPL,,,,,,,0.00,,0,,,,,,,,,,0.5467,2024-04-01T09:34:00+00:00,60,539
trade,2024-04-01,NVDA,Long,2024-04-01T13:36:00+00:00,2024-04-01T14:52:00+00:00,911.6834,908.3524,0.13,-0.43,-0.003654,4560000,MaxHoldTimeout,0.8899,0.0000,0.7405,0.8598,1.0000,-0.6422,-0.5843,-1.0000,,,
summary,2024-04-01,NVDA,,,,,,,-0.43,,1,,,,,,,,,,0.9025,2024-04-01T13:38:00+00:00,103,583
trade,2024-04-01,MSFT,Long,2024-04-01T13:33:00+00:00,2024-04-01T14:38:00+00:00,424.6724,424.8075,0.71,0.10,0.000318,3900000,ScoreExit,0.4916,-0.1311,0.5369,0.4769,0.5058,-0.1493,-0.2050,0.0228,,,
summary,2024-04-01,MSFT,,,,,,,0.10,,1,,,,,,,,,,0.6505,2024-04-01T13:34:00+00:00,105,502
summary,2024-04-02,SPY,,,,,,,0.00,,0,,,,,,,,,,0.2676,2024-04-02T19:49:00+00:00,139,1352
summary,2024-04-02,QQQ,,,,,,,0.00,,0,,,,,,,,,,0.5002,2024-04-01T13:39:00+00:00,255,1421
summary,2024-04-02,AAPL,,,,,,,0.00,,0,,,,,,,,,,0.5467,2024-04-01T09:34:00+00:00,118,1314
summary,2024-04-02,NVDA,,,,,,,0.00,,0,,,,,,,,,,0.9025,2024-04-01T13:38:00+00:00,361,1361
summary,2024-04-02,MSFT,,,,,,,0.00,,0,,,,,,,,,,0.6505,2024-04-01T13:34:00+00:00,278,1080
summary,2024-04-03,SPY,,,,,,,0.00,,0,,,,,,,,,,0.3571,2024-04-03T14:19:00+00:00,432,2130
trade,2024-04-03,QQQ,Long,2024-04-03T14:34:00+00:00,2024-04-03T15:51:00+00:00,443.3780,443.1120,0.68,-0.18,-0.000600,4620000,ScoreExit,0.4200,-0.1519,0.4615,0.4730,0.3001,-0.5411,-0.2841,0.2423,,,
summary,2024-04-03,QQQ,,,,,,,-0.18,,1,,,,,,,,,,0.5002,2024-04-01T13:39:00+00:00,585,2206
trade,2024-04-03,AAPL,Long,2024-04-03T14:39:00+00:00,2024-04-03T15:56:00+00:00,170.2461,170.3489,1.76,0.18,0.000604,4620000,ScoreExit,0.3970,-0.0510,0.5294,0.4218,0.3033,-0.5056,-0.1497,0.2981,,,
summary,2024-04-03,AAPL,,,,,,,0.18,,1,,,,,,,,,,0.5467,2024-04-01T09:34:00+00:00,489,2021
trade,2024-04-03,NVDA,Long,2024-04-03T14:01:00+00:00,2024-04-03T15:32:00+00:00,894.0031,901.5744,0.14,1.07,0.008469,5460000,ScoreExit,0.5913,-0.0790,0.5588,0.8340,0.1167,-0.4172,-0.2008,0.2773,,,
summary,2024-04-03,NVDA,,,,,,,1.07,,1,,,,,,,,,,0.9025,2024-04-01T13:38:00+00:00,558,2135
summary,2024-04-03,MSFT,,,,,,,0.00,,0,,,,,,,,,,0.6505,2024-04-01T13:34:00+00:00,481,1627
summary,2024-04-04,SPY,,,,,,,0.00,,0,,,,,,,,,,0.3631,2024-04-03T14:19:00+00:00,848,2708
summary,2024-04-04,QQQ,,,,,,,0.00,,0,,,,,,,,,,0.6886,2024-04-01T13:38:00+00:00,1003,2763
summary,2024-04-04,AAPL,,,,,,,0.00,,0,,,,,,,,,,0.4294,2024-04-03T14:43:00+00:00,952,2565
summary,2024-04-04,NVDA,,,,,,,0.00,,0,,,,,,,,,,1.0000,2024-04-01T13:35:00+00:00,647,2723
trade,2024-04-04,MSFT,Long,2024-04-04T13:36:00+00:00,2024-04-04T14:23:00+00:00,425.6627,425.4023,0.71,-0.18,-0.000612,2820000,ScoreExit,0.4485,-0.0670,0.5511,0.4900,0.3315,-0.5599,-0.1685,0.3001,,,
summary,2024-04-04,MSFT,,,,,,,-0.18,,1,,,,,,,,,,1.0000,2024-04-01T13:34:00+00:00,759,2061
summary,2024-04-05,SPY,,,,,,,0.00,,0,,,,,,,,,,0.4295,2024-04-03T14:19:00+00:00,1381,2764
summary,2024-04-05,QQQ,,,,,,,0.00,,0,,,,,,,,,,0.5472,2024-04-02T19:49:00+00:00,1442,2871
summary,2024-04-05,AAPL,,,,,,,0.00,,0,,,,,,,,,,0.4932,2024-04-02T14:04:00+00:00,1365,2542
summary,2024-04-05,NVDA,,,,,,,0.00,,0,,,,,,,,,,0.7728,2024-04-03T14:04:00+00:00,1401,2777
trade,2024-04-05,MSFT,Long,2024-04-05T14:56:00+00:00,2024-04-05T15:56:00+00:00,423.7121,425.7472,0.71,1.44,0.004803,3600000,SessionClose,0.3955,0.3458,0.4927,0.4173,0.3197,0.5176,0.2957,0.3886,,,
summary,2024-04-05,MSFT,,,,,,,1.44,,1,,,,,,,,,,0.5274,2024-04-02T17:36:00+00:00,1280,2077
summary,2024-04-08,SPY,,,,,,,0.00,,0,,,,,,,,,,0.9255,2024-04-05T14:59:00+00:00,796,1140
summary,2024-04-08,QQQ,,,,,,,0.00,,0,,,,,,,,,,0.9562,2024-04-05T15:00:00+00:00,829,1184
summary,2024-04-08,AAPL,,,,,,,0.00,,0,,,,,,,,,,0.7759,2024-04-05T15:00:00+00:00,260,1103
trade,2024-04-08,NVDA,Long,2024-04-08T14:46:00+00:00,2024-04-08T15:21:00+00:00,879.0686,875.0424,0.18,-0.74,-0.004580,2100000,ScoreExit,0.3620,-0.0874,0.1820,0.4134,0.3192,-0.4279,-0.0746,0.0005,,,
summary,2024-04-08,NVDA,,,,,,,-0.74,,1,,,,,,,,,,0.9637,2024-04-05T14:58:00+00:00,745,1179
trade,2024-04-08,MSFT,Long,2024-04-08T14:26:00+00:00,2024-04-08T15:16:00+00:00,426.5829,425.8772,0.70,-0.50,-0.001654,3000000,ScoreExit,0.4330,-0.0642,0.4290,0.4052,0.4899,-0.3141,-0.2301,0.3510,,,
summary,2024-04-08,MSFT,,,,,,,-0.50,,1,,,,,,,,,,0.9581,2024-04-05T14:50:00+00:00,763,957
summary,2024-04-09,SPY,,,,,,,0.00,,0,,,,,,,,,,0.4169,2024-04-09T19:59:00+00:00,688,1322
summary,2024-04-09,QQQ,,,,,,,0.00,,0,,,,,,,,,,0.4811,2024-04-08T14:51:00+00:00,754,1417
summary,2024-04-09,AAPL,,,,,,,0.00,,0,,,,,,,,,,0.4218,2024-04-09T19:59:00+00:00,538,1293
summary,2024-04-09,NVDA,,,,,,,0.00,,0,,,,,,,,,,0.6132,2024-04-08T14:51:00+00:00,297,1350
summary,2024-04-09,MSFT,,,,,,,0.00,,0,,,,,,,,,,0.5787,2024-04-08T14:30:00+00:00,505,1010
summary,2024-04-10,SPY,,,,,,,0.00,,0,,,,,,,,,,0.4199,2024-04-09T20:02:00+00:00,886,2064
summary,2024-04-10,QQQ,,,,,,,0.00,,0,,,,,,,,,,0.4811,2024-04-08T14:51:00+00:00,1020,2233
summary,2024-04-10,AAPL,,,,,,,0.00,,0,,,,,,,,,,0.4218,2024-04-09T19:59:00+00:00,921,2033
trade,2024-04-10,NVDA,Long,2024-04-10T13:36:00+00:00,2024-04-10T15:01:00+00:00,848.5096,863.5458,0.11,1.62,0.017721,5100000,ScoreExit,0.7278,-0.0565,0.7844,0.9346,0.2954,-0.4938,-0.2753,0.5268,,,
summary,2024-04-10,NVDA,,,,,,,1.62,,1,,,,,,,,,,0.8178,2024-04-10T13:44:00+00:00,586,2161
summary,2024-04-10,MSFT,,,,,,,0.00,,0,,,,,,,,,,0.5787,2024-04-08T14:30:00+00:00,599,1583
summary,2024-04-11,SPY,,,,,,,0.00,,0,,,,,,,,,,0.7697,2024-04-08T14:54:00+00:00,955,2672
summary,2024-04-11,QQQ,,,,,,,0.00,,0,,,,,,,,,,0.8584,2024-04-08T14:51:00+00:00,1243,2807
summary,2024-04-11,AAPL,,,,,,,0.00,,0,,,,,,,,,,0.5588,2024-04-11T17:34:00+00:00,1213,2574
trade,2024-04-11,NVDA,Long,2024-04-11T14:36:00+00:00,2024-04-11T15:56:00+00:00,881.9093,887.3787,0.14,0.75,0.006202,4800000,SessionClose,0.5046,0.3359,0.3311,0.4931,0.5855,0.2783,0.2148,0.5973,,,
summary,2024-04-11,NVDA,,,,,,,0.75,,1,,,,,,,,,,0.8973,2024-04-08T14:33:00+00:00,1101,2746
summary,2024-04-11,MSFT,,,,,,,0.00,,0,,,,,,,,,,0.8352,2024-04-08T14:30:00+00:00,924,2100
summary,2024-04-12,SPY,,,,,,,0.00,,0,,,,,,,,,,0.6527,2024-04-09T20:02:00+00:00,932,2758
summary,2024-04-12,QQQ,,,,,,,0.00,,0,,,,,,,,,,0.6622,2024-04-09T20:02:00+00:00,1306,2928
trade,2024-04-12,AAPL,Long,2024-04-12T13:31:00+00:00,2024-04-12T14:33:00+00:00,174.6374,176.2618,1.72,2.79,0.009302,3720000,ScoreExit,0.5473,-0.0530,0.5695,0.4872,0.6603,-0.5693,-0.2512,0.5155,,,
summary,2024-04-12,AAPL,,,,,,,2.79,,1,,,,,,,,,,0.8971,2024-04-09T13:40:00+00:00,1668,2731
summary,2024-04-12,NVDA,,,,,,,0.00,,0,,,,,,,,,,0.9203,2024-04-10T13:37:00+00:00,1806,2858
summary,2024-04-12,MSFT,,,,,,,0.00,,0,,,,,,,,,,0.7173,2024-04-09T13:41:00+00:00,754,2159
summary,2024-04-15,SPY,,,,,,,0.00,,0,,,,,,,,,,0.4526,2024-04-15T08:00:00+00:00,326,1182
summary,2024-04-15,QQQ,,,,,,,0.00,,0,,,,,,,,,,0.4757,2024-04-15T08:18:00+00:00,371,1235
summary,2024-04-15,AAPL,,,,,,,0.00,,0,,,,,,,,,,1.0000,2024-04-12T13:36:00+00:00,228,1209
trade,2024-04-15,NVDA,Long,2024-04-15T13:41:00+00:00,2024-04-15T14:41:00+00:00,895.8937,894.8033,0.14,-0.16,-0.001217,3600000,ScoreExit,0.6418,-0.1761,0.7985,0.5514,0.7704,-0.5512,-0.4843,0.5655,,,
summary,2024-04-15,NVDA,,,,,,,-0.16,,1,,,,,,,,,,0.7908,2024-04-15T13:53:00+00:00,367,1205
summary,2024-04-15,MSFT,,,,,,,0.00,,0,,,,,,,,,,0.6174,2024-04-12T13:46:00+00:00,297,981
summary,2024-04-16,SPY,,,,,,,0.00,,0,,,,,,,,,,0.4026,2024-04-15T13:02:00+00:00,212,1504
summary,2024-04-16,QQQ,,,,,,,0.00,,0,,,,,,,,,,0.3946,2024-04-15T13:14:00+00:00,251,1626
summary,2024-04-16,AAPL,,,,,,,0.00,,0,,,,,,,,,,0.6319,2024-04-15T15:05:00+00:00,249,1425
trade,2024-04-16,NVDA,Long,2024-04-16T13:59:00+00:00,2024-04-16T14:36:00+00:00,876.5564,870.7837,0.12,-0.71,-0.006586,2220000,ScoreExit,0.5272,-0.1407,0.7916,0.5697,0.3541,-0.2099,-0.2634,0.1278,,,
summary,2024-04-16,NVDA,,,,,,,-0.71,,1,,,,,,,,,,0.9223,2024-04-15T09:09:00+00:00,761,1519
summary,2024-04-16,MSFT,,,,,,,0.00,,0,,,,,,,,,,0.4682,2024-04-15T13:27:00+00:00,304,1172
summary,2024-04-17,SPY,,,,,,,0.00,,0,,,,,,,,,,0.4026,2024-04-15T13:02:00+00:00,287,2348
summary,2024-04-17,QQQ,,,,,,,0.00,,0,,,,,,,,,,0.3946,2024-04-15T13:14:00+00:00,270,2492
summary,2024-04-17,AAPL,,,,,,,0.00,,0,,,,,,,,,,0.6319,2024-04-15T15:05:00+00:00,249,2136
summary,2024-04-17,NVDA,,,,,,,0.00,,0,,,,,,,,,,0.9223,2024-04-15T09:09:00+00:00,1090,2332
summary,2024-04-17,MSFT,,,,,,,0.00,,0,,,,,,,,,,0.4682,2024-04-15T13:27:00+00:00,403,1759
summary,2024-04-18,SPY,,,,,,,0.00,,0,,,,,,,,,,0.3888,2024-04-15T13:40:00+00:00,208,2899
summary,2024-04-18,QQQ,,,,,,,0.00,,0,,,,,,,,,,0.3996,2024-04-15T13:40:00+00:00,281,3044
summary,2024-04-18,AAPL,,,,,,,0.00,,0,,,,,,,,,,0.9578,2024-04-15T15:04:00+00:00,137,2604
summary,2024-04-18,NVDA,,,,,,,0.00,,0,,,,,,,,,,1.0000,2024-04-15T13:40:00+00:00,867,2960
summary,2024-04-18,MSFT,,,,,,,0.00,,0,,,,,,,,,,0.5601,2024-04-15T14:00:00+00:00,361,2197
summary,2024-04-19,SPY,,,,,,,0.00,,0,,,,,,,,,,0.5610,2024-04-16T18:09:00+00:00,605,2912
summary,2024-04-19,QQQ,,,,,,,0.00,,0,,,,,,,,,,0.6375,2024-04-16T14:15:00+00:00,581,3033
summary,2024-04-19,AAPL,,,,,,,0.00,,0,,,,,,,,,,0.8937,2024-04-16T13:54:00+00:00,225,2613
summary,2024-04-19,NVDA,,,,,,,0.00,,0,,,,,,,,,,0.9479,2024-04-16T13:58:00+00:00,846,2924
summary,2024-04-19,MSFT,,,,,,,0.00,,0,,,,,,,,,,0.8914,2024-04-16T14:04:00+00:00,378,2227
summary,2024-04-22,SPY,,,,,,,0.00,,0,,,,,,,,,,0.4889,2024-04-22T17:51:00+00:00,476,1216
summary,2024-04-22,QQQ,,,,,,,0.00,,0,,,,,,,,,,0.5072,2024-04-19T13:46:00+00:00,459,1284
summary,2024-04-22,AAPL,,,,,,,0.00,,0,,,,,,,,,,0.4824,2024-04-22T17:51:00+00:00,467,1139
summary,2024-04-22,NVDA,,,,,,,0.00,,0,,,,,,,,,,1.0000,2024-04-19T13:32:00+00:00,403,1328
trade,2024-04-22,MSFT,Long,2024-04-22T13:36:00+00:00,2024-04-22T13:56:00+00:00,401.7455,400.4348,0.75,-0.98,-0.003262,1200000,ScoreExit,0.4445,-0.1341,0.6163,0.4819,0.3126,-0.5612,-0.2041,0.1481,,,
summary,2024-04-22,MSFT,,,,,,,-0.98,,1,,,,,,,,,,0.4681,2024-04-22T18:34:00+00:00,304,1073
trade,2024-04-23,SPY,Long,2024-04-23T14:26:00+00:00,2024-04-23T15:56:00+00:00,504.0262,504.4986,0.60,0.28,0.000937,5400000,SessionClose,0.4535,0.0609,0.4852,0.4044,0.5411,0.4219,-0.2052,0.4730,,,
summary,2024-04-23,SPY,,,,,,,0.28,,1,,,,,,,,,,0.7431,2024-04-22T09:25:00+00:00,1062,1477
trade,2024-04-23,QQQ,Long,2024-04-23T13:51:00+00:00,2024-04-23T15:52:00+00:00,421.8315,424.0977,0.71,1.61,0.005372,7260000,MaxHoldTimeout,0.3830,0.0597,-0.2972,0.4243,0.5270,-0.3221,-0.1115,0.5293,,,
summary,2024-04-23,QQQ,,,,,,,1.61,,1,,,,,,,,,,0.7511,2024-04-22T09:19:00+00:00,1158,1585
summary,2024-04-23,AAPL,,,,,,,0.00,,0,,,,,,,,,,0.8385,2024-04-22T09:17:00+00:00,785,1330
trade,2024-04-23,NVDA,Long,2024-04-23T13:51:00+00:00,2024-04-23T15:52:00+00:00,807.9623,820.9486,0.12,1.56,0.016073,7260000,MaxHoldTimeout,0.5270,0.0006,-0.4788,0.5735,0.7693,-0.5557,-0.3210,0.8291,,,
summary,2024-04-23,NVDA,,,,,,,1.56,,1,,,,,,,,,,0.9596,2024-04-22T13:46:00+00:00,1249,1598
summary,2024-04-23,MSFT,,,,,,,0.00,,0,,,,,,,,,,0.7604,2024-04-22T09:42:00+00:00,778,1127
summary,2024-04-24,SPY,,,,,,,0.00,,0,,,,,,,,,,0.7431,2024-04-22T09:25:00+00:00,1642,2350
trade,2024-04-24,QQQ,Long,2024-04-24T13:46:00+00:00,2024-04-24T14:14:00+00:00,429.3438,428.2565,0.70,-0.76,-0.002532,1680000,ScoreExit,0.3766,-0.0558,0.3455,0.4115,0.3171,-0.3858,-0.1540,0.2507,,,
summary,2024-04-24,QQQ,,,,,,,-0.76,,1,,,,,,,,,,0.7511,2024-04-22T09:19:00+00:00,1798,2516
summary,2024-04-24,AAPL,,,,,,,0.00,,0,,,,,,,,,,0.8385,2024-04-22T09:17:00+00:00,1353,2125
summary,2024-04-24,NVDA,,,,,,,0.00,,0,,,,,,,,,,0.9596,2024-04-22T13:46:00+00:00,1779,2496
summary,2024-04-24,MSFT,,,,,,,0.00,,0,,,,,,,,,,0.7604,2024-04-22T09:42:00+00:00,1268,1829
summary,2024-04-25,SPY,,,,,,,0.00,,0,,,,,,,,,,0.6327,2024-04-22T17:51:00+00:00,1793,2978
summary,2024-04-25,QQQ,,,,,,,0.00,,0,,,,,,,,,,0.6380,2024-04-22T17:54:00+00:00,1894,3142
summary,2024-04-25,AAPL,,,,,,,0.00,,0,,,,,,,,,,0.6030,2024-04-22T17:51:00+00:00,1738,2708
trade,2024-04-25,NVDA,Long,2024-04-25T13:40:00+00:00,2024-04-25T15:16:00+00:00,794.1419,815.3503,0.10,2.13,0.026706,5760000,ScoreExit,0.4487,-0.0856,0.3884,0.6003,0.1656,-0.6191,-0.3095,0.5399,,,
summary,2024-04-25,NVDA,,,,,,,2.13,,1,,,,,,,,,,1.0000,2024-04-22T13:33:00+00:00,2007,3084
summary,2024-04-25,MSFT,,,,,,,0.00,,0,,,,,,,,,,0.8835,2024-04-25T20:00:00+00:00,1305,2456
summary,2024-04-26,SPY,,,,,,,0.00,,0,,,,,,,,,,0.8569,2024-04-23T14:59:00+00:00,1639,2979
trade,2024-04-26,QQQ,Long,2024-04-26T14:01:00+00:00,2024-04-26T15:56:00+00:00,430.1340,431.1756,0.70,0.73,0.002422,6900000,SessionClose,0.4316,0.0406,0.3486,0.4378,0.4469,-0.4105,-0.0740,0.4201,,,
summary,2024-04-26,QQQ,,,,,,,0.73,,1,,,,,,,,,,0.9312,2024-04-23T14:59:00+00:00,1889,3174
summary,2024-04-26,AAPL,,,,,,,0.00,,0,,,,,,,,,,0.8783,2024-04-23T13:45:00+00:00,2055,2735
trade,2024-04-26,NVDA,Long,2024-04-26T13:46:00+00:00,2024-04-26T15:36:00+00:00,841.1873,867.8696,0.12,3.25,0.031720,6600000,ScoreExit,0.5281,-0.1009,0.4918,0.5039,0.5886,-0.2829,-0.3979,0.5539,,,
summary,2024-04-26,NVDA,,,,,,,3.25,,1,,,,,,,,,,0.9583,2024-04-23T14:55:00+00:00,1830,3078
summary,2024-04-26,MSFT,,,,,,,0.00,,0,,,,,,,,,,0.8905,2024-04-23T14:26:00+00:00,1472,2748
summary,2024-04-29,SPY,,,,,,,0.00,,0,,,,,,,,,,0.7512,2024-04-26T15:03:00+00:00,768,1149
summary,2024-04-29,QQQ,,,,,,,0.00,,0,,,,,,,,,,0.9562,2024-04-26T15:03:00+00:00,927,1217
trade,2024-04-29,AAPL,Long,2024-04-29T13:36:00+00:00,2024-04-29T14:52:00+00:00,174.8724,174.6886,1.72,-0.32,-0.001051,4560000,MaxHoldTimeout,0.5690,0.1896,0.6054,0.4824,0.7301,0.1581,-0.0632,0.7059,,,
summary,2024-04-29,AAPL,,,,,,,-0.32,,1,,,,,,,,,,0.8227,2024-04-26T15:01:00+00:00,715,1221
trade,2024-04-29,NVDA,Long,2024-04-29T14:16:00+00:00,2024-04-29T15:31:00+00:00,870.9012,868.0599,0.10,-0.30,-0.003262,4500000,ScoreExit,0.4091,-0.1386,0.0805,0.4811,0.3746,-0.5910,-0.2105,0.1560,,,
summary,2024-04-29,NVDA,,,,,,,-0.30,,1,,,,,,,,,,0.9708,2024-04-26T15:03:00+00:00,1030,1258
summary,2024-04-29,MSFT,,,,,,,0.00,,0,,,,,,,,,,0.9047,2024-04-26T14:23:00+00:00,152,1042
summary,2024-04-30,SPY,,,,,,,0.00,,0,,,,,,,,,,0.3208,2024-04-29T19:59:00+00:00,511,1347
summary,2024-04-30,QQQ,,,,,,,0.00,,0,,,,,,,,,,0.3772,2024-04-29T17:34:00+00:00,562,1504
trade,2024-04-30,AAPL,Long,2024-04-30T13:53:00+00:00,2024-04-30T14:51:00+00:00,174.6504,174.4726,1.72,-0.31,-0.001018,3480000,ScoreExit,0.4299,-0.0664,0.5639,0.4618,0.3215,-0.5128,-0.1547,0.2592,,,
summary,2024-04-30,AAPL,,,,,,,-0.31,,1,,,,,,,,,,0.6779,2024-04-29T13:45:00+00:00,469,1394
trade,2024-04-30,NVDA,Long,2024-04-30T13:31:00+00:00,2024-04-30T14:29:00+00:00,873.0718,877.1118,0.19,0.77,0.004627,3480000,ScoreExit,0.5908,-0.0509,0.3576,0.6598,0.5306,-0.6649,-0.2240,0.5002,,,
summary,2024-04-30,NVDA,,,,,,,0.77,,1,,,,,,,,,,0.7749,2024-04-30T13:58:00+00:00,794,1453
summary,2024-04-30,MSFT,,,,,,,0.00,,0,,,,,,,,,,0.7099,2024-04-29T12:02:00+00:00,173,1067
summary,2024-05-01,SPY,,,,,,,0.00,,0,,,,,,,,,,0.5570,2024-05-01T18:44:00+00:00,788,2196
summary,2024-05-01,QQQ,,,,,,,0.00,,0,,,,,,,,,,0.5709,2024-05-01T18:44:00+00:00,649,2389
summary,2024-05-01,AAPL,,,,,,,0.00,,0,,,,,,,,,,0.6779,2024-04-29T13:45:00+00:00,627,2160
summary,2024-05-01,NVDA,,,,,,,0.00,,0,,,,,,,,,,0.7749,2024-04-30T13:58:00+00:00,863,2283
summary,2024-05-01,MSFT,,,,,,,0.00,,0,,,,,,,,,,0.7099,2024-04-29T12:02:00+00:00,377,1756
summary,2024-05-02,SPY,,,,,,,0.00,,0,,,,,,,,,,0.5544,2024-05-01T18:44:00+00:00,839,2795
summary,2024-05-02,QQQ,,,,,,,0.00,,0,,,,,,,,,,0.5710,2024-05-01T18:44:00+00:00,771,2974
summary,2024-05-02,AAPL,,,,,,,0.00,,0,,,,,,,,,,1.0000,2024-04-29T13:35:00+00:00,658,2683
trade,2024-05-02,NVDA,Long,2024-05-02T13:43:00+00:00,2024-05-02T14:01:00+00:00,853.1584,842.2123,0.13,-1.39,-0.012830,1080000,ScoreExit,0.4549,-0.1568,0.2968,0.6887,0.0399,-0.5129,-0.2030,0.0543,,,
summary,2024-05-02,NVDA,,,,,,,-1.39,,1,,,,,,,,,,0.9521,2024-04-29T14:00:00+00:00,1284,2878
summary,2024-05-02,MSFT,,,,,,,0.00,,0,,,,,,,,,,0.6001,2024-05-01T18:58:00+00:00,717,2242
summary,2024-05-03,SPY,,,,,,,0.00,,0,,,,,,,,,,0.6111,2024-05-01T18:44:00+00:00,1241,2883
summary,2024-05-03,QQQ,,,,,,,0.00,,0,,,,,,,,,,0.6497,2024-05-01T18:44:00+00:00,1215,3011
summary,2024-05-03,AAPL,,,,,,,0.00,,0,,,,,,,,,,0.8984,2024-04-30T13:51:00+00:00,1376,2890
summary,2024-05-03,NVDA,,,,,,,0.00,,0,,,,,,,,,,1.0000,2024-04-30T13:40:00+00:00,1295,2851
summary,2024-05-03,MSFT,,,,,,,0.00,,0,,,,,,,,,,0.6525,2024-05-01T18:58:00+00:00,1221,2354
summary,2024-05-06,SPY,,,,,,,0.00,,0,,,,,,,,,,0.4402,2024-05-03T22:07:00+00:00,983,1184
summary,2024-05-06,QQQ,,,,,,,0.00,,0,,,,,,,,,,0.5817,2024-05-03T14:44:00+00:00,977,1170
summary,2024-05-06,AAPL,,,,,,,0.00,,0,,,,,,,,,,0.5494,2024-05-03T17:28:00+00:00,199,1288
trade,2024-05-06,NVDA,Long,2024-05-06T13:31:00+00:00,2024-05-06T15:32:00+00:00,893.2329,916.7698,0.22,5.15,0.026350,7260000,MaxHoldTimeout,0.5638,0.4398,0.1153,0.4987,0.8435,0.2807,0.3060,0.7603,,,
summary,2024-05-06,NVDA,,,,,,,5.15,,1,,,,,,,,,,0.9510,2024-05-03T13:49:00+00:00,1012,1175
summary,2024-05-06,MSFT,,,,,,,0.00,,0,,,,,,,,,,0.9398,2024-05-03T13:44:00+00:00,855,962
summary,2024-05-07,SPY,,,,,,,0.00,,0,,,,,,,,,,0.7091,2024-05-06T09:26:00+00:00,1022,1365
summary,2024-05-07,QQQ,,,,,,,0.00,,0,,,,,,,,,,0.7133,2024-05-06T09:34:00+00:00,1070,1451
summary,2024-05-07,AAPL,,,,,,,0.00,,0,,,,,,,,,,0.8921,2024-05-06T09:29:00+00:00,815,1489
summary,2024-05-07,NVDA,,,,,,,0.00,,0,,,,,,,,,,0.9208,2024-05-06T13:59:00+00:00,1017,1476
summary,2024-05-07,MSFT,,,,,,,0.00,,0,,,,,,,,,,0.6727,2024-05-06T10:59:00+00:00,737,1095
summary,2024-05-08,SPY,,,,,,,0.00,,0,,,,,,,,,,0.7091,2024-05-06T09:26:00+00:00,1423,2121
summary,2024-05-08,QQQ,,,,,,,0.00,,0,,,,,,,,,,0.7133,2024-05-06T09:34:00+00:00,1396,2234
summary,2024-05-08,AAPL,,,,,,,0.00,,0,,,,,,,,,,0.8921,2024-05-06T09:29:00+00:00,1154,2256
trade,2024-05-08,NVDA,Long,2024-05-08T13:36:00+00:00,2024-05-08T14:56:00+00:00,899.8648,905.7332,0.19,1.12,0.006521,4800000,ScoreExit,0.4597,-0.0946,0.4707,0.6688,0.0380,-0.5677,-0.0886,0.0511,,,
summary,2024-05-08,NVDA,,,,,,,1.12,,1,,,,,,,,,,0.9208,2024-05-06T13:59:00+00:00,1117,2231
summary,2024-05-08,MSFT,,,,,,,0.00,,0,,,,,,,,,,0.6727,2024-05-06T10:59:00+00:00,913,1654
summary,2024-05-09,SPY,,,,,,,0.00,,0,,,,,,,,,,0.4796,2024-05-06T19:59:00+00:00,1747,2620
summary,2024-05-09,QQQ,,,,,,,0.00,,0,,,,,,,,,,0.5383,2024-05-06T19:59:00+00:00,1606,2734
summary,2024-05-09,AAPL,,,,,,,0.00,,0,,,,,,,,,,1.0000,2024-05-06T13:32:00+00:00,1324,2607
summary,2024-05-09,NVDA,,,,,,,0.00,,0,,,,,,,,,,1.0000,2024-05-06T13:37:00+00:00,972,2753
summary,2024-05-09,MSFT,,,,,,,0.00,,0,,,,,,,,,,0.8753,2024-05-06T15:00:00+00:00,1167,2061
summary,2024-05-10,SPY,,,,,,,0.00,,0,,,,,,,,,,0.7316,2024-05-07T15:00:00+00:00,1327,2637
trade,2024-05-10,QQQ,Long,2024-05-10T13:46:00+00:00,2024-05-10T14:11:00+00:00,443.7631,442.5822,0.68,-0.80,-0.002661,1500000,ScoreExit,0.3717,-0.1496,0.1975,0.4177,0.3378,-0.5671,-0.2574,0.2052,,,
summary,2024-05-10,QQQ,,,,,,,-0.80,,1,,,,,,,,,,0.7877,2024-05-07T14:59:00+00:00,1205,2689
summary,2024-05-10,AAPL,,,,,,,0.00,,0,,,,,,,,,,0.7552,2024-05-07T13:47:00+00:00,1106,2494
summary,2024-05-10,NVDA,,,,,,,0.00,,0,,,,,,,,,,0.9234,2024-05-07T13:36:00+00:00,852,2709
summary,2024-05-10,MSFT,,,,,,,0.00,,0,,,,,,,,,,0.4484,2024-05-08T14:48:00+00:00,1008,2016
summary,2024-05-13,SPY,,,,,,,0.00,,0,,,,,,,,,,0.4076,2024-05-10T13:41:00+00:00,464,1153
summary,2024-05-13,QQQ,,,,,,,0.00,,0,,,,,,,,,,0.5080,2024-05-10T13:41:00+00:00,541,1128
trade,2024-05-13,AAPL,Long,2024-05-13T14:46:00+00:00,2024-05-13T15:56:00+00:00,186.2258,185.8891,1.61,-0.54,-0.001808,4200000,SessionClose,0.4698,0.1503,0.5061,0.4201,0.5572,-0.0250,-0.0185,0.5466,,,
summary,2024-05-13,AAPL,,,,,,,-0.54,,1,,,,,,,,,,0.5140,2024-05-13T08:24:00+00:00,604,1132
trade,2024-05-13,NVDA,Long,2024-05-13T14:58:00+00:00,2024-05-13T15:56:00+00:00,903.1559,904.9784,0.14,0.25,0.002018,3480000,SessionClose,0.4568,0.5646,0.5639,0.5042,0.3263,0.4530,0.6047,0.5218,,,
summary,2024-05-13,NVDA,,,,,,,0.25,,1,,,,,,,,,,0.9429,2024-05-10T13:45:00+00:00,452,1170
summary,2024-05-13,MSFT,,,,,,,0.00,,0,,,,,,,,,,0.8551,2024-05-10T13:37:00+00:00,624,962
summary,2024-05-14,SPY,,,,,,,0.00,,0,,,,,,,,,,0.6154,2024-05-13T09:42:00+00:00,542,1276
summary,2024-05-14,QQQ,,,,,,,0.00,,0,,,,,,,,,,0.7142,2024-05-13T09:39:00+00:00,797,1330
summary,2024-05-14,AAPL,,,,,,,0.00,,0,,,,,,,,,,0.8113,2024-05-13T09:33:00+00:00,1071,1390
trade,2024-05-14,NVDA,Long,2024-05-14T14:21:00+00:00,2024-05-14T15:56:00+00:00,900.4350,908.7423,0.13,1.09,0.009226,5700000,SessionClose,0.5459,0.1885,0.5113,0.7037,0.2419,0.1147,0.0248,0.5403,,,
summary,2024-05-14,NVDA,,,,,,,1.09,,1,,,,,,,,,,0.8336,2024-05-13T09:22:00+00:00,883,1337
trade,2024-05-14,MSFT,Long,2024-05-14T14:28:00+00:00,2024-05-14T14:51:00+00:00,415.3823,413.8780,0.72,-1.09,-0.003621,1380000,ScoreExit,0.4326,-0.0509,0.5494,0.4785,0.3018,-0.5146,-0.0947,0.1913,,,
summary,2024-05-14,MSFT,,,,,,,-1.09,,1,,,,,,,,,,0.7454,2024-05-13T09:48:00+00:00,585,1071
summary,2024-05-15,SPY,,,,,,,0.00,,0,,,,,,,,,,0.6154,2024-05-13T09:42:00+00:00,1122,2007
summary,2024-05-15,QQQ,,,,,,,0.00,,0,,,,,,,,,,0.7142,2024-05-13T09:39:00+00:00,1418,2120
trade,2024-05-15,AAPL,Long,2024-05-15T14:01:00+00:00,2024-05-15T15:38:00+00:00,188.9817,189.6181,1.59,1.01,0.003368,5820000,ScoreExit,0.4441,-0.0525,0.5748,0.4351,0.4186,-0.5401,-0.1981,0.4013,,,
summary,2024-05-15,AAPL,,,,,,,1.01,,1,,,,,,,,,,0.8113,2024-05-13T09:33:00+00:00,1576,2046
trade,2024-05-15,NVDA,Long,2024-05-15T14:21:00+00:00,2024-05-15T15:56:00+00:00,933.8451,943.9544,0.12,1.19,0.010826,5700000,SessionClose,0.5083,0.1393,0.6107,0.4464,0.5980,0.1248,-0.0798,0.5824,,,
summary,2024-05-15,NVDA,,,,,,,1.19,,1,,,,,,,,,,0.8336,2024-05-13T09:22:00+00:00,1498,2070
summary,2024-05-15,MSFT,,,,,,,0.00,,0,,,,,,,,,,0.7454,2024-05-13T09:48:00+00:00,1059,1638
summary,2024-05-16,SPY,,,,,,,0.00,,0,,,,,,,,,,0.4046,2024-05-15T12:32:00+00:00,1579,2594
summary,2024-05-16,QQQ,,,,,,,0.00,,0,,,,,,,,,,0.4191,2024-05-15T12:31:00+00:00,1907,2763
summary,2024-05-16,AAPL,,,,,,,0.00,,0,,,,,,,,,,0.9537,2024-05-13T14:49:00+00:00,1859,2505
trade,2024-05-16,NVDA,Long,2024-05-16T13:46:00+00:00,2024-05-16T15:02:00+00:00,954.1161,953.6498,0.17,-0.08,-0.000489,4560000,MaxHoldTimeout,0.5419,0.3944,0.2880,0.5955,0.5192,0.2496,0.3748,0.4819,,,
summary,2024-05-16,NVDA,,,,,,,-0.08,,1,,,,,,,,,,0.8434,2024-05-13T14:54:00+00:00,2058,2688
summary,2024-05-16,MSFT,,,,,,,0.00,,0,,,,,,,,,,0.5465,2024-05-13T16:31:00+00:00,1384,2089
summary,2024-05-17,SPY,,,,,,,0.00,,0,,,,,,,,,,0.4732,2024-05-14T18:41:00+00:00,1905,2680
summary,2024-05-17,QQQ,,,,,,,0.00,,0,,,,,,,,,,0.6583,2024-05-14T14:30:00+00:00,2131,2828
summary,2024-05-17,AAPL,,,,,,,0.00,,0,,,,,,,,,,0.4865,2024-05-15T14:20:00+00:00,1496,2350
summary,2024-05-17,NVDA,,,,,,,0.00,,0,,,,,,,,,,0.9918,2024-05-14T13:40:00+00:00,1971,2745
summary,2024-05-17,MSFT,,,,,,,0.00,,0,,,,,,,,,,0.8925,2024-05-14T14:25:00+00:00,1426,2060
summary,2024-05-20,SPY,,,,,,,0.00,,0,,,,,,,,,,0.5539,2024-05-17T14:46:00+00:00,614,1108
trade,2024-05-20,QQQ,Long,2024-05-20T13:51:00+00:00,2024-05-20T15:52:00+00:00,454.0312,454.1187,0.66,0.06,0.000193,7260000,ScoreExit,0.4393,-0.0852,0.5378,0.4350,0.4150,-0.4960,-0.2598,0.4012,,,
summary,2024-05-20,QQQ,,,,,,,0.06,,1,,,,,,,,,,0.6234,2024-05-17T14:49:00+00:00,572,1099
trade,2024-05-20,AAPL,Long,2024-05-20T13:53:00+00:00,2024-05-20T15:30:00+00:00,190.4021,191.1126,1.58,1.12,0.003732,5820000,ScoreExit,0.3976,-0.0546,0.5353,0.4174,0.3120,-0.5487,-0.2587,0.5184,,,
summary,2024-05-20,AAPL,,,,,,,1.12,,1,,,,,,,,,,0.8585,2024-05-17T13:41:00+00:00,527,1088
trade,2024-05-20,NVDA,Long,2024-05-20T13:31:00+00:00,2024-05-20T15:01:00+00:00,938.1863,945.9810,0.22,1.68,0.008308,5400000,ScoreExit,0.6000,-0.1273,0.4106,0.5753,0.7127,-0.5420,-0.4026,0.5615,,,
summary,2024-05-20,NVDA,,,,,,,1.68,,1,,,,,,,,,,0.7834,2024-05-17T13:39:00+00:00,528,1192
trade,2024-05-20,MSFT,Long,2024-05-20T13:36:00+00:00,2024-05-20T14:53:00+00:00,423.0695,424.3926,0.71,0.94,0.003128,4620000,ScoreExit,0.4864,-0.0500,0.6037,0.4276,0.5648,-0.5668,-0.2331,0.4885,,,
summary,2024-05-20,MSFT,,,,,,,0.94,,1,,,,,,,,,,0.6077,2024-05-20T13:50:00+00:00,439,913
summary,2024-05-21,SPY,,,,,,,0.00,,0,,,,,,,,,,0.3795,2024-05-20T13:56:00+00:00,550,1262
summary,2024-05-21,QQQ,,,,,,,0.00,,0,,,,,,,,,,0.4926,2024-05-20T09:39:00+00:00,788,1335
summary,2024-05-21,AAPL,,,,,,,0.00,,0,,,,,,,,,,0.6476,2024-05-20T14:00:00+00:00,888,1244
trade,2024-05-21,NVDA,Long,2024-05-21T14:31:00+00:00,2024-05-21T15:56:00+00:00,941.6481,946.7959,0.14,0.70,0.005467,5100000,SessionClose,0.5248,0.0085,0.5191,0.6745,0.2272,-0.1784,-0.1404,0.3688,,,
summary,2024-05-21,NVDA,,,,,,,0.70,,1,,,,,,,,,,0.9073,2024-05-20T09:37:00+00:00,989,1429
trade,2024-05-21,MSFT,Long,2024-05-21T14:11:00+00:00,2024-05-21T15:56:00+00:00,427.4432,431.9550,0.70,3.17,0.010555,6300000,SessionClose,0.3837,0.3207,-0.1898,0.4203,0.5018,-0.0401,0.2263,0.6298,,,
summary,2024-05-21,MSFT,,,,,,,3.17,,1,,,,,,,,,,0.7446,2024-05-20T13:43:00+00:00,758,1047
summary,2024-05-22,SPY,,,,,,,0.00,,0,,,,,,,,,,0.3795,2024-05-20T13:56:00+00:00,904,1964
summary,2024-05-22,QQQ,,,,,,,0.00,,0,,,,,,,,,,0.4926,2024-05-20T09:39:00+00:00,1216,2107
summary,2024-05-22,AAPL,,,,,,,0.00,,0,,,,,,,,,,0.6476,2024-05-20T14:00:00+00:00,1087,1886
summary,2024-05-22,NVDA,,,,,,,0.00,,0,,,,,,,,,,0.9073,2024-05-20T09:37:00+00:00,1449,2260
trade,2024-05-22,MSFT,Long,2024-05-22T13:31:00+00:00,2024-05-22T14:55:00+00:00,431.1343,431.2852,0.70,0.11,0.000350,5040000,ScoreExit,0.3960,-0.0722,0.5152,0.4236,0.3009,-0.4897,-0.1764,0.2753,,,
summary,2024-05-22,MSFT,,,,,,,0.11,,1,,,,,,,,,,0.7446,2024-05-20T13:43:00+00:00,1089,1590
summary,2024-05-23,SPY,,,,,,,0.00,,0,,,,,,,,,,0.7336,2024-05-20T14:49:00+00:00,1226,2564
summary,2024-05-23,QQQ,,,,,,,0.00,,0,,,,,,,,,,0.7975,2024-05-20T14:49:00+00:00,1599,2741
summary,2024-05-23,AAPL,,,,,,,0.00,,0,,,,,,,,,,0.8935,2024-05-20T13:58:00+00:00,1051,2437
trade,2024-05-23,NVDA,Long,2024-05-23T13:31:00+00:00,2024-05-23T15:32:00+00:00,1025.0274,1048.1205,0.09,2.04,0.022529,7260000,MaxHoldTimeout,0.7804,0.4663,0.8042,0.8128,0.7076,0.6182,0.3201,0.7080,,,
summary,2024-05-23,NVDA,,,,,,,2.04,,1,,,,,,,,,,1.0000,2024-05-20T13:35:00+00:00,2015,2954
summary,2024-05-23,MSFT,,,,,,,0.00,,0,,,,,,,,,,0.9965,2024-05-20T13:38:00+00:00,1412,2222
summary,2024-05-24,SPY,,,,,,,0.00,,0,,,,,,,,,,0.7406,2024-05-21T14:42:00+00:00,1317,2617
summary,2024-05-24,QQQ,,,,,,,0.00,,0,,,,,,,,,,0.7720,2024-05-21T15:03:00+00:00,1582,2826
summary,2024-05-24,AAPL,,,,,,,0.00,,0,,,,,,,,,,0.7192,2024-05-21T14:00:00+00:00,715,2496
trade,2024-05-24,NVDA,Long,2024-05-24T14:46:00+00:00,2024-05-24T15:46:00+00:00,1045.1034,1044.3116,0.11,-0.08,-0.000758,3600000,ScoreExit,0.4799,-0.1417,0.5934,0.4717,0.4583,-0.5351,-0.3380,0.3818,,,
summary,2024-05-24,NVDA,,,,,,,-0.08,,1,,,,,,,,,,1.0000,2024-05-21T13:34:00+00:00,2469,3058
summary,2024-05-24,MSFT,,,,,,,0.00,,0,,,,,,,,,,0.9136,2024-05-21T14:41:00+00:00,1131,2184
summary,2024-05-27,SPY,,,,,,,0.00,,0,,,,,,,,,,0.8454,2024-05-24T15:04:00+00:00,351,511
summary,2024-05-27,QQQ,,,,,,,0.00,,0,,,,,,,,,,0.9396,2024-05-24T15:04:00+00:00,363,494
summary,2024-05-27,AAPL,,,,,,,0.00,,0,,,,,,,,,,0.9560,2024-05-24T15:04:00+00:00,427,498
summary,2024-05-27,NVDA,,,,,,,0.00,,0,,,,,,,,,,0.9570,2024-05-24T15:02:00+00:00,552,616
summary,2024-05-27,MSFT,,,,,,,0.00,,0,,,,,,,,,,0.9577,2024-05-24T15:04:00+00:00,415,450
summary,2024-05-28,SPY,,,,,,,0.00,,0,,,,,,,,,,0.4161,2024-05-28T09:53:00+00:00,252,595
summary,2024-05-28,QQQ,,,,,,,0.00,,0,,,,,,,,,,0.5262,2024-05-28T09:24:00+00:00,306,653
summary,2024-05-28,AAPL,,,,,,,0.00,,0,,,,,,,,,,0.9560,2024-05-28T09:34:00+00:00,163,679
summary,2024-05-28,NVDA,,,,,,,0.00,,0,,,,,,,,,,0.9053,2024-05-28T13:35:00+00:00,496,681
summary,2024-05-28,MSFT,,,,,,,0.00,,0,,,,,,,,,,0.3977,2024-05-28T12:05:00+00:00,272,526
summary,2024-05-29,SPY,,,,,,,0.00,,0,,,,,,,,,,0.4161,2024-05-28T09:53:00+00:00,436,1374
summary,2024-05-29,QQQ,,,,,,,0.00,,0,,,,,,,,,,0.5262,2024-05-28T09:24:00+00:00,633,1473
trade,2024-05-29,AAPL,Long,2024-05-29T13:37:00+00:00,2024-05-29T15:06:00+00:00,190.9023,191.8305,1.57,1.46,0.004863,5340000,ScoreExit,0.3964,-0.0719,0.5677,0.4054,0.3212,-0.5402,-0.2385,0.4175,,,
summary,2024-05-29,AAPL,,,,,,,1.46,,1,,,,,,,,,,0.9560,2024-05-28T09:34:00+00:00,446,1411
trade,2024-05-29,NVDA,Long,2024-05-29T14:16:00+00:00,2024-05-29T15:31:00+00:00,1132.8998,1134.2546,0.06,0.08,0.001196,4500000,ScoreExit,0.6085,-0.1511,0.7214,0.5912,0.6054,-0.5378,-0.4109,0.4973,,,
summary,2024-05-29,NVDA,,,,,,,0.08,,1,,,,,,,,,,0.9053,2024-05-28T13:35:00+00:00,1211,1622
trade,2024-05-29,MSFT,Long,2024-05-29T13:51:00+00:00,2024-05-29T15:06:00+00:00,430.2940,429.4461,0.70,-0.59,-0.001971,4500000,ScoreExit,0.4373,-0.0895,0.6165,0.4729,0.3062,-0.2216,-0.2498,0.2751,,,
summary,2024-05-29,MSFT,,,,,,,-0.59,,1,,,,,,,,,,0.4373,2024-05-29T13:50:00+00:00,584,1059
summary,2024-05-30,SPY,,,,,,,0.00,,0,,,,,,,,,,0.4161,2024-05-28T09:53:00+00:00,470,2199
summary,2024-05-30,QQQ,,,,,,,0.00,,0,,,,,,,,,,0.5262,2024-05-28T09:24:00+00:00,633,2321
summary,2024-05-30,AAPL,,,,,,,0.00,,0,,,,,,,,,,0.9560,2024-05-28T09:34:00+00:00,687,2122
summary,2024-05-30,NVDA,,,,,,,0.00,,0,,,,,,,,,,0.9053,2024-05-28T13:35:00+00:00,1661,2477
summary,2024-05-30,MSFT,,,,,,,0.00,,0,,,,,,,,,,0.4373,2024-05-29T13:50:00+00:00,584,1710
summary,2024-05-31,SPY,,,,,,,0.00,,0,,,,,,,,,,0.5326,2024-05-31T20:00:00+00:00,472,2800
summary,2024-05-31,QQQ,,,,,,,0.00,,0,,,,,,,,,,0.7131,2024-05-28T14:58:00+00:00,638,2918
summary,2024-05-31,AAPL,,,,,,,0.00,,0,,,,,,,,,,0.9929,2024-05-28T13:38:00+00:00,964,2556
summary,2024-05-31,NVDA,,,,,,,0.00,,0,,,,,,,,,,1.0000,2024-05-28T13:31:00+00:00,1660,3082
summary,2024-05-31,MSFT,,,,,,,0.00,,0,,,,,,,,,,0.8201,2024-05-28T13:40:00+00:00,582,2242
summary,2024-06-03,SPY,,,,,,,0.00,,0,,,,,,,,,,0.7389,2024-05-31T20:00:00+00:00,791,1230
summary,2024-06-03,QQQ,,,,,,,0.00,,0,,,,,,,,,,0.7361,2024-05-31T20:00:00+00:00,745,1219
trade,2024-06-03,AAPL,Long,2024-06-03T13:41:00+00:00,2024-06-03T14:58:00+00:00,193.5066,193.9868,1.55,0.74,0.002481,4620000,ScoreExit,0.4401,-0.0523,0.3570,0.4062,0.5355,-0.5557,-0.2504,0.5118,,,
summary,2024-06-03,AAPL,,,,,,,0.74,,1,,,,,,,,,,0.6510,2024-05-31T13:41:00+00:00,686,1133
summary,2024-06-03,NVDA,,,,,,,0.00,,0,,,,,,,,,,1.0000,2024-05-31T13:40:00+00:00,785,1282
summary,2024-06-03,MSFT,,,,,,,0.00,,0,,,,,,,,,,0.8682,2024-05-31T19:55:00+00:00,465,1053
summary,2024-06-04,SPY,,,,,,,0.00,,0,,,,,,,,,,0.4287,2024-06-04T18:29:00+00:00,704,1441
summary,2024-06-04,QQQ,,,,,,,0.00,,0,,,,,,,,,,0.4713,2024-06-04T18:29:00+00:00,775,1496
summary,2024-06-04,AAPL,,,,,,,0.00,,0,,,,,,,,,,0.6259,2024-06-03T13:47:00+00:00,718,1302
summary,2024-06-04,NVDA,,,,,,,0.00,,0,,,,,,,,,,0.8782,2024-06-03T09:12:00+00:00,1177,1591
summary,2024-06-04,MSFT,,,,,,,0.00,,0,,,,,,,,,,0.4590,2024-06-04T12:03:00+00:00,555,1110
summary,2024-06-05,SPY,,,,,,,0.00,,0,,,,,,,,,,0.4287,2024-06-04T18:29:00+00:00,1354,2215
trade,2024-06-05,QQQ,Long,2024-06-05T14:31:00+00:00,2024-06-05T15:56:00+00:00,459.4528,460.7367,0.65,0.84,0.002795,5100000,SessionClose,0.4353,0.0488,0.5617,0.4168,0.4303,-0.3386,-0.0818,0.4389,,,
summary,2024-06-05,QQQ,,,,,,,0.84,,1,,,,,,,,,,0.4713,2024-06-04T18:29:00+00:00,1530,2320
summary,2024-06-05,AAPL,,,,,,,0.00,,0,,,,,,,,,,0.6259,2024-06-03T13:47:00+00:00,1300,2003
summary,2024-06-05,NVDA,,,,,,,0.00,,0,,,,,,,,,,0.8782,2024-06-03T09:12:00+00:00,1943,2486
trade,2024-06-05,MSFT,Long,2024-06-05T14:51:00+00:00,2024-06-05T15:56:00+00:00,419.7709,420.6988,0.71,0.66,0.002210,3900000,SessionClose,0.4125,0.0958,0.5366,0.4082,0.3797,-0.3040,0.0070,0.4066,,,
summary,2024-06-05,MSFT,,,,,,,0.66,,1,,,,,,,,,,0.4590,2024-06-04T12:03:00+00:00,1063,1692
summary,2024-06-06,SPY,,,,,,,0.00,,0,,,,,,,,,,0.4704,2024-06-03T20:21:00+00:00,1613,2704
summary,2024-06-06,QQQ,,,,,,,0.00,,0,,,,,,,,,,0.5068,2024-06-03T20:19:00+00:00,1941,2882
summary,2024-06-06,AAPL,,,,,,,0.00,,0,,,,,,,,,,0.8924,2024-06-03T14:18:00+00:00,1685,2536
trade,2024-06-06,NVDA,Long,2024-06-06T13:38:00+00:00,2024-06-06T13:46:00+00:00,1249.7898,1237.3437,0.07,-0.88,-0.009959,480000,ScoreExit,0.5297,-0.6108,0.3798,0.8034,0.0321,-0.7837,-0.9035,0.0321,,,
trade,2024-06-06,NVDA,Long,2024-06-06T14:41:00+00:00,2024-06-06T15:21:00+00:00,1219.1984,1205.7240,0.04,-0.49,-0.011052,2400000,ScoreExit,0.4270,-0.1184,0.1336,0.4918,0.3952,-0.4268,-0.2729,0.2936,,,
summary,2024-06-06,NVDA,,,,,,,-1.37,,2,,,,,,,,,,1.0000,2024-06-03T13:38:00+00:00,2414,3132
trade,2024-06-06,MSFT,Long,2024-06-06T13:41:00+00:00,2024-06-06T13:57:00+00:00,424.4623,423.5979,0.71,-0.61,-0.002037,960000,ScoreExit,0.3597,-0.0739,0.1048,0.4035,0.3572,-0.5617,-0.2081,0.3572,,,
summary,2024-06-06,MSFT,,,,,,,-0.61,,1,,,,,,,,,,0.5510,2024-06-03T23:09:00+00:00,1369,2120
summary,2024-06-07,SPY,,,,,,,0.00,,0,,,,,,,,,,0.5889,2024-06-04T18:29:00+00:00,1929,2635
summary,2024-06-07,QQQ,,,,,,,0.00,,0,,,,,,,,,,0.6341,2024-06-04T18:29:00+00:00,2214,2827
summary,2024-06-07,AAPL,,,,,,,0.00,,0,,,,,,,,,,0.6348,2024-06-04T14:44:00+00:00,1593,2527
summary,2024-06-07,NVDA,,,,,,,0.00,,0,,,,,,,,,,0.8260,2024-06-04T18:50:00+00:00,2113,3099
summary,2024-06-07,MSFT,,,,,,,0.00,,0,,,,,,,,,,0.9050,2024-06-04T14:40:00+00:00,1675,2087
summary,2024-06-10,SPY,,,,,,,0.00,,0,,,,,,,,,,0.8901,2024-06-07T14:48:00+00:00,477,1129
summary,2024-06-10,QQQ,,,,,,,0.00,,0,,,,,,,,,,0.8879,2024-06-07T14:48:00+00:00,505,1177
summary,2024-06-10,AAPL,,,,,,,0.00,,0,,,,,,,,,,0.9402,2024-06-07T14:48:00+00:00,737,1217
trade,2024-06-10,NVDA,Long,2024-06-10T14:21:00+00:00,2024-06-10T15:56:00+00:00,119.7359,122.4333,2.50,6.76,0.022527,5700000,SessionClose,0.4577,0.1197,0.5751,0.5003,0.3333,0.3777,-0.0302,0.3333,,,
summary,2024-06-10,NVDA,,,,,,,6.76,,1,,,,,,,,,,1.0000,2024-06-07T13:36:00+00:00,863,1323
trade,2024-06-10,MSFT,Long,2024-06-10T13:48:00+00:00,2024-06-10T15:49:00+00:00,425.7827,427.1768,0.70,0.98,0.003274,7260000,MaxHoldTimeout,0.3901,0.1349,0.4167,0.4130,0.3356,-0.1475,0.0122,0.4744,,,
summary,2024-06-10,MSFT,,,,,,,0.98,,1,,,,,,,,,,0.7772,2024-06-07T14:49:00+00:00,531,915
summary,2024-06-11,SPY,,,,,,,0.00,,0,,,,,,,,,,0.4155,2024-06-10T17:49:00+00:00,841,1313
trade,2024-06-11,QQQ,Long,2024-06-11T14:56:00+00:00,2024-06-11T15:41:00+00:00,465.4296,464.5556,0.64,-0.56,-0.001878,2700000,ScoreExit,0.3966,-0.1276,0.4817,0.4030,0.3554,-0.5609,-0.2350,0.2317,,,
summary,2024-06-11,QQQ,,,,,,,-0.56,,1,,,,,,,,,,0.4825,2024-06-10T15:09:00+00:00,915,1394
trade,2024-06-11,AAPL,Long,2024-06-11T13:31:00+00:00,2024-06-11T15:32:00+00:00,194.3433,204.8836,1.54,16.27,0.054236,7260000,MaxHoldTimeout,0.6311,0.5757,0.5016,0.6048,0.7269,0.6031,0.4305,0.8571,,,
summary,2024-06-11,AAPL,,,,,,,16.27,,1,,,,,,,,,,0.8271,2024-06-11T13:59:00+00:00,585,1509
summary,2024-06-11,NVDA,,,,,,,0.00,,0,,,,,,,,,,0.8563,2024-06-10T08:30:00+00:00,1220,1677
trade,2024-06-11,MSFT,Long,2024-06-11T14:42:00+00:00,2024-06-11T15:56:00+00:00,427.8733,428.3764,0.70,0.35,0.001176,4440000,SessionClose,0.4022,0.0914,0.5584,0.4192,0.3163,0.0306,-0.0432,0.3810,,,
summary,2024-06-11,MSFT,,,,,,,0.35,,1,,,,,,,,,,0.6627,2024-06-10T12:09:00+00:00,672,992
summary,2024-06-12,SPY,,,,,,,0.00,,0,,,,,,,,,,0.4924,2024-06-12T12:52:00+00:00,1389,2030
summary,2024-06-12,QQQ,,,,,,,0.00,,0,,,,,,,,,,0.5053,2024-06-12T12:31:00+00:00,1570,2183
trade,2024-06-12,AAPL,Long,2024-06-12T13:31:00+00:00,2024-06-12T15:32:00+00:00,207.8773,217.1199,1.45,13.38,0.044462,7260000,MaxHoldTimeout,0.6453,0.1780,0.5828,0.6381,0.6808,-0.5283,0.0760,0.6174,,,
summary,2024-06-12,AAPL,,,,,,,13.38,,1,,,,,,,,,,0.8271,2024-06-11T13:59:00+00:00,1315,2418
summary,2024-06-12,NVDA,,,,,,,0.00,,0,,,,,,,,,,0.8563,2024-06-10T08:30:00+00:00,1963,2616
summary,2024-06-12,MSFT,,,,,,,0.00,,0,,,,,,,,,,0.6627,2024-06-10T12:09:00+00:00,1261,1646
summary,2024-06-13,SPY,,,,,,,0.00,,0,,,,,,,,,,0.6891,2024-06-10T14:52:00+00:00,1826,2638
summary,2024-06-13,QQQ,,,,,,,0.00,,0,,,,,,,,,,0.8342,2024-06-10T15:00:00+00:00,2160,2796
trade,2024-06-13,AAPL,Long,2024-06-13T13:36:00+00:00,2024-06-13T14:06:00+00:00,214.8394,214.7006,1.40,-0.20,-0.000646,1800000,ScoreExit,0.3883,-0.1003,-0.2855,0.5018,0.3858,0.0602,-0.2922,0.2299,,,
summary,2024-06-13,AAPL,,,,,,,-0.20,,1,,,,,,,,,,0.8486,2024-06-11T14:00:00+00:00,1923,3077
summary,2024-06-13,NVDA,,,,,,,0.00,,0,,,,,,,,,,1.0000,2024-06-10T13:32:00+00:00,2720,3246
trade,2024-06-13,MSFT,Long,2024-06-13T13:46:00+00:00,2024-06-13T15:04:00+00:00,442.1276,441.9924,0.68,-0.09,-0.000306,4680000,MaxHoldTimeout,0.4579,0.1020,0.5896,0.4791,0.3715,-0.3947,0.0493,0.3729,,,
summary,2024-06-13,MSFT,,,,,,,-0.09,,1,,,,,,,,,,0.9059,2024-06-10T13:50:00+00:00,1720,2250
summary,2024-06-14,SPY,,,,,,,0.00,,0,,,,,,,,,,0.8104,2024-06-11T14:59:00+00:00,1917,2689
summary,2024-06-14,QQQ,,,,,,,0.00,,0,,,,,,,,,,0.8674,2024-06-11T14:59:00+00:00,2343,2886
summary,2024-06-14,AAPL,,,,,,,0.00,,0,,,,,,,,,,1.0000,2024-06-11T13:33:00+00:00,2420,3056
trade,2024-06-14,NVDA,Long,2024-06-14T13:51:00+00:00,2024-06-14T15:16:00+00:00,129.9941,131.2184,2.31,2.83,0.009418,5100000,ScoreExit,0.4576,-0.1433,0.5773,0.4065,0.5199,-0.5569,-0.3611,0.4302,,,
summary,2024-06-14,NVDA,,,,,,,2.83,,1,,,,,,,,,,1.0000,2024-06-11T13:36:00+00:00,2536,3250
summary,2024-06-14,MSFT,,,,,,,0.00,,0,,,,,,,,,,0.8706,2024-06-11T14:53:00+00:00,1871,2348
summary,2024-06-17,SPY,,,,,,,0.00,,0,,,,,,,,,,0.4118,2024-06-17T16:29:00+00:00,827,1122
summary,2024-06-17,QQQ,,,,,,,0.00,,0,,,,,,,,,,0.4711,2024-06-17T17:35:00+00:00,977,1210
trade,2024-06-17,AAPL,Long,2024-06-17T14:01:00+00:00,2024-06-17T15:56:00+00:00,214.0192,216.1501,1.40,2.99,0.009957,6900000,SessionClose,0.4718,0.0173,0.3339,0.4008,0.6598,-0.5592,-0.1845,0.6132,,,
summary,2024-06-17,AAPL,,,,,,,2.99,,1,,,,,,,,,,0.6677,2024-06-14T13:33:00+00:00,613,1234
summary,2024-06-17,NVDA,,,,,,,0.00,,0,,,,,,,,,,0.9094,2024-06-14T13:53:00+00:00,1055,1351
summary,2024-06-17,MSFT,,,,,,,0.00,,0,,,,,,,,,,0.9561,2024-06-14T14:59:00+00:00,776,942
summary,2024-06-18,SPY,,,,,,,0.00,,0,,,,,,,,,,0.5560,2024-06-17T18:07:00+00:00,892,1300
summary,2024-06-18,QQQ,,,,,,,0.00,,0,,,,,,,,,,0.6046,2024-06-17T16:46:00+00:00,943,1468
summary,2024-06-18,AAPL,,,,,,,0.00,,0,,,,,,,,,,0.7606,2024-06-17T08:18:00+00:00,785,1471
trade,2024-06-18,NVDA,Long,2024-06-18T13:51:00+00:00,2024-06-18T15:52:00+00:00,132.4147,134.3847,2.27,4.46,0.014877,7260000,MaxHoldTimeout,0.5477,0.4282,0.5522,0.4850,0.6717,-0.1234,0.3165,0.8355,,,
summary,2024-06-18,NVDA,,,,,,,4.46,,1,,,,,,,,,,0.6381,2024-06-17T16:44:00+00:00,967,1679
summary,2024-06-18,MSFT,,,,,,,0.00,,0,,,,,,,,,,0.6314,2024-06-17T15:24:00+00:00,665,1067
summary,2024-06-19,SPY,,,,,,,0.00,,0,,,,,,,,,,0.5560,2024-06-17T18:07:00+00:00,1024,1455
summary,2024-06-19,QQQ,,,,,,,0.00,,0,,,,,,,,,,0.6046,2024-06-17T16:46:00+00:00,1057,1612
summary,2024-06-19,AAPL,,,,,,,0.00,,0,,,,,,,,,,0.7606,2024-06-17T08:18:00+00:00,785,1666
summary,2024-06-19,NVDA,,,,,,,0.00,,0,,,,,,,,,,0.6381,2024-06-17T16:44:00+00:00,1174,1918
summary,2024-06-19,MSFT,,,,,,,0.00,,0,,,,,,,,,,0.6314,2024-06-17T15:24:00+00:00,711,1164
summary,2024-06-20,SPY,,,,,,,0.00,,0,,,,,,,,,,0.7562,2024-06-17T15:04:00+00:00,1346,1859
summary,2024-06-20,QQQ,,,,,,,0.00,,0,,,,,,,,,,0.7438,2024-06-17T15:04:00+00:00,1287,2010
summary,2024-06-20,AAPL,,,,,,,0.00,,0,,,,,,,,,,0.9599,2024-06-17T14:57:00+00:00,740,2009
summary,2024-06-20,NVDA,,,,,,,0.00,,0,,,,,,,,,,0.7992,2024-06-17T13:38:00+00:00,1422,2309
summary,2024-06-20,MSFT,,,,,,,0.00,,0,,,,,,,,,,0.6800,2024-06-17T13:31:00+00:00,763,1598
summary,2024-06-21,SPY,,,,,,,0.00,,0,,,,,,,,,,0.3891,2024-06-20T08:01:00+00:00,743,1929
summary,2024-06-21,QQQ,,,,,,,0.00,,0,,,,,,,,,,0.4533,2024-06-20T08:06:00+00:00,642,2062
summary,2024-06-21,AAPL,,,,,,,0.00,,0,,,,,,,,,,0.6163,2024-06-18T13:34:00+00:00,120,1993
summary,2024-06-21,NVDA,,,,,,,0.00,,0,,,,,,,,,,1.0000,2024-06-18T13:35:00+00:00,1037,2311
trade,2024-06-21,MSFT,Long,2024-06-21T13:31:00+00:00,2024-06-21T13:51:00+00:00,447.6893,446.9409,0.67,-0.50,-0.001672,1200000,ScoreExit,0.4092,-0.0614,0.3363,0.5196,0.2127,-0.5242,-0.1120,0.1942,,,
summary,2024-06-21,MSFT,,,,,,,-0.50,,1,,,,,,,,,,0.4544,2024-06-21T13:32:00+00:00,720,1608
trade,2024-06-24,SPY,Long,2024-06-24T14:08:00+00:00,2024-06-24T14:45:00+00:00,546.5689,545.2214,0.55,-0.74,-0.002465,2220000,ScoreExit,0.4237,-0.0527,0.5464,0.4615,0.3072,-0.5259,-0.0896,0.1790,,,
summary,2024-06-24,SPY,,,,,,,-0.74,,1,,,,,,,,,,0.5887,2024-06-21T15:02:00+00:00,608,1161
summary,2024-06-24,QQQ,,,,,,,0.00,,0,,,,,,,,,,0.5863,2024-06-21T15:02:00+00:00,279,1198
trade,2024-06-24,AAPL,Long,2024-06-24T14:06:00+00:00,2024-06-24T15:56:00+00:00,208.8676,211.9764,1.44,4.47,0.014884,6600000,SessionClose,0.3942,0.1574,0.2851,0.4365,0.3461,0.0945,-0.0698,0.6326,,,
summary,2024-06-24,AAPL,,,,,,,4.47,,1,,,,,,,,,,1.0000,2024-06-21T13:32:00+00:00,329,1261
summary,2024-06-24,NVDA,,,,,,,0.00,,0,,,,,,,,,,1.0000,2024-06-21T13:31:00+00:00,255,1351
trade,2024-06-24,MSFT,Long,2024-06-24T14:02:00+00:00,2024-06-24T14:41:00+00:00,451.2303,449.1302,0.67,-1.40,-0.004654,2340000,ScoreExit,0.4408,-0.1550,0.5979,0.4506,0.3690,-0.5698,-0.2022,0.0778,,,
summary,2024-06-24,MSFT,,,,,,,-1.40,,1,,,,,,,,,,1.0000,2024-06-21T13:34:00+00:00,597,987
summary,2024-06-25,SPY,,,,,,,0.00,,0,,,,,,,,,,0.5469,2024-06-24T14:09:00+00:00,566,1363
summary,2024-06-25,QQQ,,,,,,,0.00,,0,,,,,,,,,,0.4721,2024-06-24T14:09:00+00:00,536,1506
summary,2024-06-25,AAPL,,,,,,,0.00,,0,,,,,,,,,,0.6820,2024-06-24T15:03:00+00:00,747,1442
trade,2024-06-25,NVDA,Long,2024-06-25T14:06:00+00:00,2024-06-25T15:56:00+00:00,122.2013,124.8325,2.46,6.47,0.021532,6600000,SessionClose,0.5201,0.6320,0.4264,0.4371,0.7174,0.5651,0.5077,0.9029,,,
summary,2024-06-25,NVDA,,,,,,,6.47,,1,,,,,,,,,,0.8162,2024-06-25T09:07:00+00:00,881,1681
summary,2024-06-25,MSFT,,,,,,,0.00,,0,,,,,,,,,,0.7631,2024-06-24T10:20:00+00:00,470,1084
summary,2024-06-26,SPY,,,,,,,0.00,,0,,,,,,,,,,0.5469,2024-06-24T14:09:00+00:00,867,2127
summary,2024-06-26,QQQ,,,,,,,0.00,,0,,,,,,,,,,0.4721,2024-06-24T14:09:00+00:00,1078,2337
trade,2024-06-26,AAPL,Long,2024-06-26T13:31:00+00:00,2024-06-26T15:32:00+00:00,211.4984,213.0911,1.42,2.26,0.007530,7260000,MaxHoldTimeout,0.4086,0.1054,0.4392,0.4406,0.3345,-0.3910,-0.0120,0.5056,,,
summary,2024-06-26,AAPL,,,,,,,2.26,,1,,,,,,,,,,0.6820,2024-06-24T15:03:00+00:00,1193,2209
trade,2024-06-26,NVDA,Long,2024-06-26T14:02:00+00:00,2024-06-26T14:26:00+00:00,126.9431,125.8522,2.37,-2.59,-0.008593,1440000,ScoreExit,0.3610,-0.2689,0.1109,0.5104,0.1458,-0.6181,-0.4181,0.1458,,,
summary,2024-06-26,NVDA,,,,,,,-2.59,,1,,,,,,,,,,0.8162,2024-06-25T09:07:00+00:00,1569,2641
summary,2024-06-26,MSFT,,,,,,,0.00,,0,,,,,,,,,,0.7631,2024-06-24T10:20:00+00:00,841,1635
summary,2024-06-27,SPY,,,,,,,0.00,,0,,,,,,,,,,0.6674,2024-06-24T14:09:00+00:00,1178,2646
summary,2024-06-27,QQQ,,,,,,,0.00,,0,,,,,,,,,,0.6152,2024-06-24T14:01:00+00:00,1542,2874
summary,2024-06-27,AAPL,,,,,,,0.00,,0,,,,,,,,,,0.9598,2024-06-24T15:03:00+00:00,1669,2678
summary,2024-06-27,NVDA,,,,,,,0.00,,0,,,,,,,,,,1.0000,2024-06-24T13:31:00+00:00,2023,3271
summary,2024-06-27,MSFT,,,,,,,0.00,,0,,,,,,,,,,0.9011,2024-06-24T14:03:00+00:00,1102,2031
summary,2024-06-28,SPY,,,,,,,0.00,,0,,,,,,,,,,0.3989,2024-06-28T14:12:00+00:00,1500,2646
summary,2024-06-28,QQQ,,,,,,,0.00,,0,,,,,,,,,,0.5802,2024-06-25T15:03:00+00:00,1879,2825
summary,2024-06-28,AAPL,,,,,,,0.00,,0,,,,,,,,,,0.9911,2024-06-25T13:38:00+00:00,1627,2654
trade,2024-06-28,NVDA,Long,2024-06-28T13:46:00+00:00,2024-06-28T14:54:00+00:00,125.2155,125.7972,2.39,1.39,0.004646,4080000,ScoreExit,0.4574,-0.0559,0.6107,0.4530,0.4151,-0.3798,-0.2208,0.3819,,,
summary,2024-06-28,NVDA,,,,,,,1.39,,1,,,,,,,,,,0.9586,2024-06-25T15:02:00+00:00,2085,3257
summary,2024-06-28,MSFT,,,,,,,0.00,,0,,,,,,,,,,0.8814,2024-06-25T14:41:00+00:00,1243,2002
summary,2024-07-01,SPY,,,,,,,0.00,,0,,,,,,,,,,0.6462,2024-06-28T14:12:00+00:00,251,1159
summary,2024-07-01,QQQ,,,,,,,0.00,,0,,,,,,,,,,0.8989,2024-06-28T14:05:00+00:00,242,1166
trade,2024-07-01,AAPL,Long,2024-07-01T13:32:00+00:00,2024-07-01T15:33:00+00:00,213.0889,214.8205,1.41,2.44,0.008126,7260000,MaxHoldTimeout,0.4630,0.2225,0.5621,0.4832,0.3896,0.1371,0.0177,0.6604,,,
summary,2024-07-01,AAPL,,,,,,,2.44,,1,,,,,,,,,,0.5650,2024-06-28T14:14:00+00:00,393,1129
summary,2024-07-01,NVDA,,,,,,,0.00,,0,,,,,,,,,,0.9474,2024-06-28T13:45:00+00:00,416,1348
trade,2024-07-01,MSFT,Long,2024-07-01T14:23:00+00:00,2024-07-01T15:56:00+00:00,451.1403,452.3493,0.67,0.80,0.002680,5580000,SessionClose,0.4647,0.4107,0.5954,0.4851,0.3804,0.2846,0.3533,0.5676,,,
summary,2024-07-01,MSFT,,,,,,,0.80,,1,,,,,,,,,,0.8552,2024-06-28T14:08:00+00:00,488,999
summary,2024-07-02,SPY,,,,,,,0.00,,0,,,,,,,,,,0.3962,2024-07-02T19:59:00+00:00,778,1367
trade,2024-07-02,QQQ,Long,2024-07-02T13:36:00+00:00,2024-07-02T15:37:00+00:00,481.3594,483.9898,0.62,1.64,0.005465,7260000,MaxHoldTimeout,0.3830,0.3754,0.2641,0.4265,0.3358,0.4722,0.3230,0.4478,,,
summary,2024-07-02,QQQ,,,,,,,1.64,,1,,,,,,,,,,0.5913,2024-07-01T16:14:00+00:00,1036,1441
trade,2024-07-02,AAPL,Long,2024-07-02T13:41:00+00:00,2024-07-02T15:42:00+00:00,216.9490,219.7690,1.38,3.90,0.012999,7260000,MaxHoldTimeout,0.5032,0.2734,0.4887,0.4596,0.5952,0.2727,0.0985,0.6234,,,
summary,2024-07-02,AAPL,,,,,,,3.90,,1,,,,,,,,,,0.6252,2024-07-01T16:44:00+00:00,1099,1327
summary,2024-07-02,NVDA,,,,,,,0.00,,0,,,,,,,,,,0.6998,2024-07-01T15:28:00+00:00,1146,1677
trade,2024-07-02,MSFT,Long,2024-07-02T14:01:00+00:00,2024-07-02T15:18:00+00:00,456.5919,456.2016,0.66,-0.26,-0.000855,4620000,ScoreExit,0.4417,-0.0867,0.4501,0.4395,0.4434,-0.4831,-0.2508,0.3737,,,
summary,2024-07-02,MSFT,,,,,,,-0.26,,1,,,,,,,,,,0.7654,2024-07-01T10:46:00+00:00,911,1078
summary,2024-07-03,SPY,,,,,,,0.00,,0,,,,,,,,,,0.3962,2024-07-02T19:59:00+00:00,1297,2076
summary,2024-07-03,QQQ,,,,,,,0.00,,0,,,,,,,,,,0.5913,2024-07-01T16:14:00+00:00,1601,2195
trade,2024-07-03,AAPL,Long,2024-07-03T13:51:00+00:00,2024-07-03T14:21:00+00:00,220.8712,219.8290,1.36,-1.42,-0.004719,1800000,ScoreExit,0.4157,-0.1461,0.4643,0.4021,0.4269,-0.4987,-0.3461,0.3714,,,
summary,2024-07-03,AAPL,,,,,,,-1.42,,1,,,,,,,,,,0.6252,2024-07-01T16:44:00+00:00,1627,2064
trade,2024-07-03,NVDA,Long,2024-07-03T14:46:00+00:00,2024-07-03T15:56:00+00:00,123.3019,127.4368,2.44,10.08,0.033535,4200000,SessionClose,0.6003,0.4402,0.6051,0.5799,0.6394,0.5970,0.2812,0.7059,,,
summary,2024-07-03,NVDA,,,,,,,10.08,,1,,,,,,,,,,0.6998,2024-07-01T15:28:00+00:00,1508,2634
summary,2024-07-03,MSFT,,,,,,,0.00,,0,,,,,,,,,,0.7654,2024-07-01T10:46:00+00:00,1182,1467
summary,2024-07-04,SPY,,,,,,,0.00,,0,,,,,,,,,,0.4134,2024-07-01T16:14:00+00:00,1159,1865
summary,2024-07-04,QQQ,,,,,,,0.00,,0,,,,,,,,,,0.6563,2024-07-01T16:14:00+00:00,1545,1966
summary,2024-07-04,AAPL,,,,,,,0.00,,0,,,,,,,,,,0.9726,2024-07-01T13:36:00+00:00,1594,1906
summary,2024-07-04,NVDA,,,,,,,0.00,,0,,,,,,,,,,0.9123,2024-07-01T14:22:00+00:00,1529,2365
summary,2024-07-04,MSFT,,,,,,,0.00,,0,,,,,,,,,,0.8988,2024-07-01T14:22:00+00:00,1185,1380
summary,2024-07-05,SPY,,,,,,,0.00,,0,,,,,,,,,,0.5843,2024-07-02T14:54:00+00:00,1414,1699
trade,2024-07-05,QQQ,Long,2024-07-05T14:01:00+00:00,2024-07-05T15:56:00+00:00,494.1432,495.3963,0.61,0.76,0.002536,6900000,SessionClose,0.4178,0.2583,0.5744,0.4114,0.3786,-0.0262,0.2214,0.4268,,,
summary,2024-07-05,QQQ,,,,,,,0.76,,1,,,,,,,,,,0.8296,2024-07-02T15:02:00+00:00,1575,1818
trade,2024-07-05,AAPL,Long,2024-07-05T13:36:00+00:00,2024-07-05T15:37:00+00:00,222.3967,224.7625,1.35,3.19,0.010638,7260000,MaxHoldTimeout,0.4695,0.3605,0.3269,0.4114,0.6333,0.0978,0.2578,0.6537,,,
summary,2024-07-05,AAPL,,,,,,,3.19,,1,,,,,,,,,,0.9584,2024-07-02T14:51:00+00:00,1415,1710
summary,2024-07-05,NVDA,,,,,,,0.00,,0,,,,,,,,,,0.9495,2024-07-02T13:46:00+00:00,1272,2128
trade,2024-07-05,MSFT,Long,2024-07-05T13:36:00+00:00,2024-07-05T15:37:00+00:00,461.9635,465.5153,0.65,2.31,0.007688,7260000,MaxHoldTimeout,0.4726,0.1540,0.5806,0.4197,0.5424,0.2996,-0.0655,0.5443,,,
summary,2024-07-05,MSFT,,,,,,,2.31,,1,,,,,,,,,,0.9363,2024-07-02T13:46:00+00:00,1039,1272
summary,2024-07-08,SPY,,,,,,,0.00,,0,,,,,,,,,,0.5579,2024-07-05T14:44:00+00:00,794,1094
summary,2024-07-08,QQQ,,,,,,,0.00,,0,,,,,,,,,,0.8005,2024-07-05T14:48:00+00:00,904,1163
summary,2024-07-08,AAPL,,,,,,,0.00,,0,,,,,,,,,,0.8958,2024-07-05T14:01:00+00:00,1065,1170
trade,2024-07-08,NVDA,Long,2024-07-08T13:31:00+00:00,2024-07-08T14:37:00+00:00,127.6633,127.9666,2.35,0.71,0.002376,3960000,ScoreExit,0.6623,-0.0551,0.4871,0.5227,1.0000,-0.5385,-0.3486,0.6928,,,
summary,2024-07-08,NVDA,,,,,,,0.71,,1,,,,,,,,,,0.8712,2024-07-05T13:31:00+00:00,669,1351
summary,2024-07-08,MSFT,,,,,,,0.00,,0,,,,,,,,,,0.9763,2024-07-05T13:39:00+00:00,681,959
summary,2024-07-09,SPY,,,,,,,0.00,,0,,,,,,,,,,0.4813,2024-07-08T09:54:00+00:00,694,1305
summary,2024-07-09,QQQ,,,,,,,0.00,,0,,,,,,,,,,0.5549,2024-07-08T09:28:00+00:00,947,1419
summary,2024-07-09,AAPL,,,,,,,0.00,,0,,,,,,,,,,0.6356,2024-07-08T15:09:00+00:00,1066,1364
trade,2024-07-09,NVDA,Long,2024-07-09T13:31:00+00:00,2024-07-09T15:27:00+00:00,130.8943,131.6933,2.29,1.83,0.006104,6960000,ScoreExit,0.5974,-0.0641,0.5342,0.4834,0.8463,-0.3938,-0.3794,0.6764,,,
summary,2024-07-09,NVDA,,,,,,,1.83,,1,,,,,,,,,,0.7594,2024-07-08T13:57:00+00:00,1213,1679
summary,2024-07-09,MSFT,,,,,,,0.00,,0,,,,,,,,,,0.4035,2024-07-08T12:03:00+00:00,204,1016
summary,2024-07-10,SPY,,,,,,,0.00,,0,,,,,,,,,,0.4813,2024-07-08T09:54:00+00:00,1221,2008
summary,2024-07-10,QQQ,,,,,,,0.00,,0,,,,,,,,,,0.5549,2024-07-08T09:28:00+00:00,1550,2185
trade,2024-07-10,AAPL,Long,2024-07-10T13:41:00+00:00,2024-07-10T14:56:00+00:00,230.7042,230.5058,1.30,-0.26,-0.000860,4500000,ScoreExit,0.4104,-0.1209,0.4756,0.4136,0.3820,-0.4042,-0.2868,0.3054,,,
summary,2024-07-10,AAPL,,,,,,,-0.26,,1,,,,,,,,,,0.6356,2024-07-08T15:09:00+00:00,1705,2109
trade,2024-07-10,NVDA,Long,2024-07-10T14:46:00+00:00,2024-07-10T15:56:00+00:00,134.3653,134.0948,2.23,-0.60,-0.002013,4200000,SessionClose,0.4727,0.2732,0.5109,0.4278,0.5497,-0.4983,0.2452,0.5863,,,
summary,2024-07-10,NVDA,,,,,,,-0.60,,1,,,,,,,,,,0.7594,2024-07-08T13:57:00+00:00,2117,2638
summary,2024-07-10,MSFT,,,,,,,0.00,,0,,,,,,,,,,0.4410,2024-07-10T17:04:00+00:00,407,1586
summary,2024-07-11,SPY,,,,,,,0.00,,0,,,,,,,,,,0.4156,2024-07-11T12:32:00+00:00,1494,2578
summary,2024-07-11,QQQ,,,,,,,0.00,,0,,,,,,,,,,0.5375,2024-07-08T23:59:00+00:00,1715,2728
summary,2024-07-11,AAPL,,,,,,,0.00,,0,,,,,,,,,,0.8652,2024-07-08T15:04:00+00:00,1920,2649
summary,2024-07-11,NVDA,,,,,,,0.00,,0,,,,,,,,,,1.0000,2024-07-08T13:33:00+00:00,2142,3265
summary,2024-07-11,MSFT,,,,,,,0.00,,0,,,,,,,,,,0.5786,2024-07-08T13:51:00+00:00,513,2070
summary,2024-07-12,SPY,,,,,,,0.00,,0,,,,,,,,,,0.4134,2024-07-11T12:32:00+00:00,1262,2599
summary,2024-07-12,QQQ,,,,,,,0.00,,0,,,,,,,,,,0.4258,2024-07-10T16:43:00+00:00,1181,2841
trade,2024-07-12,AAPL,Long,2024-07-12T13:35:00+00:00,2024-07-12T15:36:00+00:00,230.2541,231.5855,1.30,1.73,0.005783,7260000,MaxHoldTimeout,0.4475,-0.0304,0.6170,0.4794,0.3271,-0.3906,-0.1472,0.3233,,,
summary,2024-07-12,AAPL,,,,,,,1.73,,1,,,,,,,,,,0.8901,2024-07-09T14:18:00+00:00,1459,2698
trade,2024-07-12,NVDA,Long,2024-07-12T13:47:00+00:00,2024-07-12T15:48:00+00:00,128.4135,130.4252,2.34,4.70,0.015665,7260000,MaxHoldTimeout,0.3542,0.0000,0.3510,0.5301,0.0035,-0.4081,-0.1890,-0.0168,,,
summary,2024-07-12,NVDA,,,,,,,4.70,,1,,,,,,,,,,0.9426,2024-07-09T13:45:00+00:00,1677,3267
summary,2024-07-12,MSFT,,,,,,,0.00,,0,,,,,,,,,,0.5116,2024-07-10T17:00:00+00:00,572,2154
summary,2024-07-15,SPY,,,,,,,0.00,,0,,,,,,,,,,0.8986,2024-07-12T14:49:00+00:00,718,1146
summary,2024-07-15,QQQ,,,,,,,0.00,,0,,,,,,,,,,0.9578,2024-07-12T14:40:00+00:00,708,1171
summary,2024-07-15,AAPL,,,,,,,0.00,,0,,,,,,,,,,0.9566,2024-07-12T14:55:00+00:00,853,1214
summary,2024-07-15,NVDA,,,,,,,0.00,,0,,,,,,,,,,0.9614,2024-07-12T14:41:00+00:00,681,1345
trade,2024-07-15,MSFT,Long,2024-07-15T13:39:00+00:00,2024-07-15T14:18:00+00:00,455.2095,453.9088,0.66,-0.86,-0.002857,2340000,ScoreExit,0.4394,-0.0610,0.5655,0.4567,0.3627,-0.5593,-0.1250,0.2331,,,
summary,2024-07-15,MSFT,,,,,,,-0.86,,1,,,,,,,,,,0.8997,2024-07-12T14:44:00+00:00,599,982
summary,2024-07-16,SPY,,,,,,,0.00,,0,,,,,,,,,,0.7021,2024-07-15T09:25:00+00:00,756,1344
summary,2024-07-16,QQQ,,,,,,,0.00,,0,,,,,,,,,,0.6048,2024-07-15T15:14:00+00:00,623,1440
summary,2024-07-16,AAPL,,,,,,,0.00,,0,,,,,,,,,,0.9587,2024-07-15T09:17:00+00:00,849,1458
summary,2024-07-16,NVDA,,,,,,,0.00,,0,,,,,,,,,,0.6641,2024-07-15T08:07:00+00:00,423,1671
summary,2024-07-16,MSFT,,,,,,,0.00,,0,,,,,,,,,,0.6954,2024-07-15T12:04:00+00:00,232,1033
summary,2024-07-17,SPY,,,,,,,0.00,,0,,,,,,,,,,0.7021,2024-07-15T09:25:00+00:00,863,2155
summary,2024-07-17,QQQ,,,,,,,0.00,,0,,,,,,,,,,0.6048,2024-07-15T15:14:00+00:00,683,2291
summary,2024-07-17,AAPL,,,,,,,0.00,,0,,,,,,,,,,0.9587,2024-07-15T09:17:00+00:00,876,2261
summary,2024-07-17,NVDA,,,,,,,0.00,,0,,,,,,,,,,0.6641,2024-07-15T08:07:00+00:00,423,2631
summary,2024-07-17,MSFT,,,,,,,0.00,,0,,,,,,,,,,0.6954,2024-07-15T12:04:00+00:00,232,1670
summary,2024-07-18,SPY,,,,,,,0.00,,0,,,,,,,,,,0.8198,2024-07-15T15:04:00+00:00,705,2757
summary,2024-07-18,QQQ,,,,,,,0.00,,0,,,,,,,,,,0.9099,2024-07-15T15:01:00+00:00,502,2964
summary,2024-07-18,AAPL,,,,,,,0.00,,0,,,,,,,,,,0.6800,2024-07-15T15:04:00+00:00,557,2747
summary,2024-07-18,NVDA,,,,,,,0.00,,0,,,,,,,,,,0.6868,2024-07-15T15:01:00+00:00,764,3267
summary,2024-07-18,MSFT,,,,,,,0.00,,0,,,,,,,,,,0.9695,2024-07-15T13:41:00+00:00,200,2152
summary,2024-07-19,SPY,,,,,,,0.00,,0,,,,,,,,,,0.5894,2024-07-16T15:04:00+00:00,347,2824
summary,2024-07-19,QQQ,,,,,,,0.00,,0,,,,,,,,,,0.4594,2024-07-16T13:39:00+00:00,206,3061
summary,2024-07-19,AAPL,,,,,,,0.00,,0,,,,,,,,,,0.6970,2024-07-16T13:34:00+00:00,292,2784
summary,2024-07-19,NVDA,,,,,,,0.00,,0,,,,,,,,,,1.0000,2024-07-16T13:38:00+00:00,1024,3271
summary,2024-07-19,MSFT,,,,,,,0.00,,0,,,,,,,,,,0.4470,2024-07-19T14:09:00+00:00,330,2430
summary,2024-07-22,SPY,,,,,,,0.00,,0,,,,,,,,,,0.5549,2024-07-19T13:41:00+00:00,571,1177
trade,2024-07-22,QQQ,Long,2024-07-22T13:46:00+00:00,2024-07-22T14:06:00+00:00,481.8595,480.6108,0.62,-0.78,-0.002592,1200000,ScoreExit,0.4550,-0.0818,0.5656,0.4092,0.5095,-0.4918,-0.3042,0.4996,,,
summary,2024-07-22,QQQ,,,,,,,-0.78,,1,,,,,,,,,,0.8561,2024-07-19T13:40:00+00:00,618,1225
summary,2024-07-22,AAPL,,,,,,,0.00,,0,,,,,,,,,,0.9340,2024-07-19T13:39:00+00:00,465,1091
trade,2024-07-22,NVDA,Long,2024-07-22T13:41:00+00:00,2024-07-22T15:10:00+00:00,121.1914,121.4086,2.48,0.54,0.001792,5340000,ScoreExit,0.5716,-0.0548,0.2543,0.4801,0.8603,-0.5905,-0.3573,0.7288,,,
summary,2024-07-22,NVDA,,,,,,,0.54,,1,,,,,,,,,,1.0000,2024-07-19T13:41:00+00:00,706,1350
summary,2024-07-22,MSFT,,,,,,,0.00,,0,,,,,,,,,,1.0000,2024-07-19T13:33:00+00:00,682,1006
summary,2024-07-23,SPY,,,,,,,0.00,,0,,,,,,,,,,0.5445,2024-07-22T09:37:00+00:00,881,1416
trade,2024-07-23,QQQ,Long,2024-07-23T13:41:00+00:00,2024-07-23T14:03:00+00:00,482.7823,481.6105,0.62,-0.73,-0.002427,1320000,ScoreExit,0.3922,-0.0597,0.5018,0.4029,0.3342,-0.5843,-0.1105,0.2167,,,
summary,2024-07-23,QQQ,,,,,,,-0.73,,1,,,,,,,,,,0.5743,2024-07-22T13:47:00+00:00,977,1546
summary,2024-07-23,AAPL,,,,,,,0.00,,0,,,,,,,,,,0.5932,2024-07-22T10:32:00+00:00,488,1260
trade,2024-07-23,NVDA,Long,2024-07-23T13:31:00+00:00,2024-07-23T14:37:00+00:00,122.8018,123.5222,2.44,1.76,0.005866,3960000,ScoreExit,0.4183,-0.0517,-0.0958,0.4121,0.6020,-0.2862,-0.3032,0.5295,,,
summary,2024-07-23,NVDA,,,,,,,1.76,,1,,,,,,,,,,0.7688,2024-07-22T13:45:00+00:00,1323,1677
trade,2024-07-23,MSFT,Long,2024-07-23T13:41:00+00:00,2024-07-23T14:46:00+00:00,445.6787,444.7915,0.67,-0.60,-0.001991,3900000,ScoreExit,0.5117,-0.0766,0.5519,0.5134,0.4949,-0.5275,-0.2619,0.4441,,,
summary,2024-07-23,MSFT,,,,,,,-0.60,,1,,,,,,,,,,0.6469,2024-07-22T13:50:00+00:00,697,1068
summary,2024-07-24,SPY,,,,,,,0.00,,0,,,,,,,,,,0.5445,2024-07-22T09:37:00+00:00,894,2278
summary,2024-07-24,QQQ,,,,,,,0.00,,0,,,,,,,,,,0.5743,2024-07-22T13:47:00+00:00,1021,2455
summary,2024-07-24,AAPL,,,,,,,0.00,,0,,,,,,,,,,0.5932,2024-07-22T10:32:00+00:00,581,2043
summary,2024-07-24,NVDA,,,,,,,0.00,,0,,,,,,,,,,0.7688,2024-07-22T13:45:00+00:00,1378,2630
summary,2024-07-24,MSFT,,,,,,,0.00,,0,,,,,,,,,,0.6469,2024-07-22T13:50:00+00:00,763,1734
summary,2024-07-25,SPY,,,,,,,0.00,,0,,,,,,,,,,0.7905,2024-07-22T14:44:00+00:00,984,2920
trade,2024-07-25,QQQ,Long,2024-07-25T14:56:00+00:00,2024-07-25T15:42:00+00:00,462.8738,462.4962,0.65,-0.24,-0.000816,2760000,ScoreExit,0.3718,-0.0914,0.0415,0.5810,0.0637,-0.5547,-0.0998,0.0797,,,
summary,2024-07-25,QQQ,,,,,,,-0.24,,1,,,,,,,,,,0.7878,2024-07-22T14:40:00+00:00,943,3101
trade,2024-07-25,AAPL,Long,2024-07-25T14:56:00+00:00,2024-07-25T15:56:00+00:00,218.0604,218.7693,1.38,0.98,0.003251,3600000,SessionClose,0.3620,0.2062,0.3601,0.5198,0.0472,0.0792,0.2771,0.1069,,,
summary,2024-07-25,AAPL,,,,,,,0.98,,1,,,,,,,,,,0.7292,2024-07-22T14:15:00+00:00,598,2708
trade,2024-07-25,NVDA,Long,2024-07-25T14:47:00+00:00,2024-07-25T15:41:00+00:00,113.6991,114.2707,2.64,1.51,0.005027,3240000,ScoreExit,0.5721,-0.1164,0.5768,0.7752,0.1644,-0.2314,-0.2132,0.1153,,,
summary,2024-07-25,NVDA,,,,,,,1.51,,1,,,,,,,,,,1.0000,2024-07-22T13:35:00+00:00,1310,3261
summary,2024-07-25,MSFT,,,,,,,0.00,,0,,,,,,,,,,0.9180,2024-07-22T14:40:00+00:00,680,2290
summary,2024-07-26,SPY,,,,,,,0.00,,0,,,,,,,,,,0.3981,2024-07-25T16:22:00+00:00,502,2982
summary,2024-07-26,QQQ,,,,,,,0.00,,0,,,,,,,,,,0.5192,2024-07-23T15:18:00+00:00,408,3139
summary,2024-07-26,AAPL,,,,,,,0.00,,0,,,,,,,,,,0.8431,2024-07-23T14:22:00+00:00,543,2752
summary,2024-07-26,NVDA,,,,,,,0.00,,0,,,,,,,,,,1.0000,2024-07-23T13:34:00+00:00,587,3264
summary,2024-07-26,MSFT,,,,,,,0.00,,0,,,,,,,,,,0.9454,2024-07-23T13:44:00+00:00,313,2442
summary,2024-07-29,SPY,,,,,,,0.00,,0,,,,,,,,,,0.6817,2024-07-26T16:09:00+00:00,700,1135
summary,2024-07-29,QQQ,,,,,,,0.00,,0,,,,,,,,,,0.7107,2024-07-26T14:28:00+00:00,760,1192
trade,2024-07-29,AAPL,Long,2024-07-29T13:42:00+00:00,2024-07-29T14:20:00+00:00,218.3392,217.7097,1.37,-0.86,-0.002883,2280000,ScoreExit,0.4299,-0.0564,0.5743,0.4628,0.3161,-0.4571,-0.0590,0.0825,,,
summary,2024-07-29,AAPL,,,,,,,-0.86,,1,,,,,,,,,,0.7782,2024-07-26T15:04:00+00:00,616,1100
trade,2024-07-29,NVDA,Long,2024-07-29T13:31:00+00:00,2024-07-29T14:46:00+00:00,113.5791,114.4307,2.64,2.25,0.007498,4500000,ScoreExit,0.3766,-0.1080,-0.1908,0.4032,0.5124,-0.4433,-0.3705,0.5288,,,
summary,2024-07-29,NVDA,,,,,,,2.25,,1,,,,,,,,,,0.6916,2024-07-29T13:44:00+00:00,455,1348
summary,2024-07-29,MSFT,,,,,,,0.00,,0,,,,,,,,,,0.9615,2024-07-26T15:00:00+00:00,799,1009
summary,2024-07-30,SPY,,,,,,,0.00,,0,,,,,,,,,,0.7463,2024-07-29T10:07:00+00:00,511,1351
summary,2024-07-30,QQQ,,,,,,,0.00,,0,,,,,,,,,,0.5671,2024-07-29T16:19:00+00:00,511,1482
summary,2024-07-30,AAPL,,,,,,,0.00,,0,,,,,,,,,,0.7506,2024-07-29T09:41:00+00:00,696,1259
summary,2024-07-30,NVDA,,,,,,,0.00,,0,,,,,,,,,,0.8017,2024-07-29T08:08:00+00:00,289,1674
summary,2024-07-30,MSFT,,,,,,,0.00,,0,,,,,,,,,,0.6353,2024-07-29T10:35:00+00:00,475,1195
trade,2024-07-31,SPY,Long,2024-07-31T14:31:00+00:00,2024-07-31T14:52:00+00:00,550.7802,549.9000,0.54,-0.48,-0.001598,1260000,ScoreExit,0.4067,-0.0507,0.5225,0.4299,0.3216,-0.5612,-0.1517,0.3216,,,
summary,2024-07-31,SPY,,,,,,,-0.48,,1,,,,,,,,,,0.7463,2024-07-29T10:07:00+00:00,1058,2229
summary,2024-07-31,QQQ,,,,,,,0.00,,0,,,,,,,,,,0.5671,2024-07-29T16:19:00+00:00,1130,2403
summary,2024-07-31,AAPL,,,,,,,0.00,,0,,,,,,,,,,0.7506,2024-07-29T09:41:00+00:00,1204,2089
summary,2024-07-31,NVDA,,,,,,,0.00,,0,,,,,,,,,,0.8017,2024-07-29T08:08:00+00:00,1055,2634
summary,2024-07-31,MSFT,,,,,,,0.00,,0,,,,,,,,,,0.6353,2024-07-29T10:35:00+00:00,799,2091
summary,2024-08-01,SPY,,,,,,,0.00,,0,,,,,,,,,,0.5377,2024-07-31T08:01:00+00:00,1312,2866
summary,2024-08-01,QQQ,,,,,,,0.00,,0,,,,,,,,,,0.7417,2024-07-29T13:45:00+00:00,1368,3040
summary,2024-08-01,AAPL,,,,,,,0.00,,0,,,,,,,,,,1.0000,2024-07-29T13:38:00+00:00,1593,2710
summary,2024-08-01,NVDA,,,,,,,0.00,,0,,,,,,,,,,1.0000,2024-07-29T13:33:00+00:00,1506,3266
trade,2024-08-01,MSFT,Long,2024-08-01T13:41:00+00:00,2024-08-01T14:43:00+00:00,420.4411,424.6025,0.71,2.97,0.009898,3720000,ScoreExit,0.5199,-0.0560,0.3947,0.5356,0.5303,-0.2474,-0.2454,0.3865,,,
summary,2024-08-01,MSFT,,,,,,,2.97,,1,,,,,,,,,,0.6644,2024-08-01T13:55:00+00:00,1077,2663
summary,2024-08-02,SPY,,,,,,,0.00,,0,,,,,,,,,,0.5475,2024-07-31T08:01:00+00:00,1079,3010
summary,2024-08-02,QQQ,,,,,,,0.00,,0,,,,,,,,,,0.5849,2024-07-31T08:01:00+00:00,1241,3153
trade,2024-08-02,AAPL,Long,2024-08-02T13:30:00+00:00,2024-08-02T15:31:00+00:00,219.2207,222.8051,1.37,4.91,0.016351,7260000,MaxHoldTimeout,0.5088,0.0334,0.6646,0.5853,0.3040,-0.2549,-0.1742,0.5446,,,
summary,2024-08-02,AAPL,,,,,,,4.91,,1,,,,,,,,,,0.9164,2024-07-30T13:41:00+00:00,1466,2943
summary,2024-08-02,NVDA,,,,,,,0.00,,0,,,,,,,,,,0.8132,2024-07-30T20:48:00+00:00,1553,3271
summary,2024-08-02,MSFT,,,,,,,0.00,,0,,,,,,,,,,0.8403,2024-07-31T12:44:00+00:00,959,2728
summary,2024-08-05,SPY,,,,,,,0.00,,0,,,,,,,,,,0.6629,2024-08-02T13:40:00+00:00,180,1312
summary,2024-08-05,QQQ,,,,,,,0.00,,0,,,,,,,,,,1.0000,2024-08-02T13:39:00+00:00,497,1287
trade,2024-08-05,AAPL,Long,2024-08-05T13:31:00+00:00,2024-08-05T15:32:00+00:00,198.8246,210.8117,0.86,10.27,0.060290,7260000,MaxHoldTimeout,0.5787,0.0737,-0.1109,0.8163,0.3333,-0.5023,0.0399,0.3333,,,
summary,2024-08-05,AAPL,,,,,,,10.27,,1,,,,,,,,,,1.0000,2024-08-02T13:31:00+00:00,595,1285
trade,2024-08-05,NVDA,Long,2024-08-05T13:36:00+00:00,2024-08-05T15:37:00+00:00,95.1135,101.1518,2.57,15.50,0.063485,7260000,MaxHoldTimeout,0.6193,0.3901,0.5818,0.7686,0.3333,0.1904,0.4517,0.3333,,,
summary,2024-08-05,NVDA,,,,,,,15.50,,1,,,,,,,,,,1.0000,2024-08-02T13:31:00+00:00,881,1351
summary,2024-08-05,MSFT,,,,,,,0.00,,0,,,,,,,,,,0.6521,2024-08-02T13:32:00+00:00,443,1178
trade,2024-08-06,SPY,Long,2024-08-06T13:51:00+00:00,2024-08-06T15:26:00+00:00,519.8909,523.8078,0.58,2.26,0.007534,5700000,ScoreExit,0.4244,-0.0846,0.4891,0.4167,0.4184,-0.1910,-0.4019,0.5854,,,
summary,2024-08-06,SPY,,,,,,,2.26,,1,,,,,,,,,,0.7837,2024-08-05T14:01:00+00:00,1061,1647
trade,2024-08-06,QQQ,Long,2024-08-06T14:01:00+00:00,2024-08-06T15:56:00+00:00,438.3265,443.3919,0.60,3.05,0.011556,6900000,SessionClose,0.4603,0.4368,-0.1281,0.4533,0.6705,0.5083,0.2916,0.7034,,,
summary,2024-08-06,QQQ,,,,,,,3.05,,1,,,,,,,,,,1.0000,2024-08-05T08:09:00+00:00,1157,1663
trade,2024-08-06,AAPL,Long,2024-08-06T14:50:00+00:00,2024-08-06T15:30:00+00:00,206.7728,206.0532,1.45,-1.05,-0.003480,2400000,ScoreExit,0.3967,-0.0712,0.2730,0.5209,0.1894,-0.5707,-0.1169,0.1867,,,
summary,2024-08-06,AAPL,,,,,,,-1.05,,1,,,,,,,,,,1.0000,2024-08-05T08:01:00+00:00,1058,1603
trade,2024-08-06,NVDA,Long,2024-08-06T14:06:00+00:00,2024-08-06T15:56:00+00:00,103.5061,105.1285,2.90,4.70,0.015674,6600000,SessionClose,0.5972,0.4191,0.1654,0.5418,0.8520,0.4109,0.1933,0.8736,,,
summary,2024-08-06,NVDA,,,,,,,4.70,,1,,,,,,,,,,1.0000,2024-08-05T08:05:00+00:00,1298,1681
trade,2024-08-06,MSFT,Long,2024-08-06T13:31:00+00:00,2024-08-06T15:27:00+00:00,400.9753,402.5642,0.75,1.19,0.003963,6960000,ScoreExit,0.4800,-0.0538,0.3245,0.4406,0.6105,-0.4782,-0.4050,0.7901,,,
summary,2024-08-06,MSFT,,,,,,,1.19,,1,,,,,,,,,,1.0000,2024-08-05T08:08:00+00:00,1032,1388
trade,2024-08-07,SPY,Long,2024-08-07T13:46:00+00:00,2024-08-07T14:18:00+00:00,530.2540,529.5861,0.57,-0.38,-0.001260,1920000,ScoreExit,0.4088,-0.0591,0.5343,0.4022,0.3801,-0.5395,-0.1756,0.3340,,,
summary,2024-08-07,SPY,,,,,,,-0.38,,1,,,,,,,,,,0.7837,2024-08-05T14:01:00+00:00,1487,2571
trade,2024-08-07,QQQ,Long,2024-08-07T13:41:00+00:00,2024-08-07T14:17:00+00:00,447.7593,447.5657,0.67,-0.13,-0.000432,2160000,ScoreExit,0.3917,-0.0707,0.0031,0.4334,0.4378,-0.3120,-0.2683,0.4049,,,
summary,2024-08-07,QQQ,,,,,,,-0.13,,1,,,,,,,,,,1.0000,2024-08-05T08:09:00+00:00,1566,2594
trade,2024-08-07,AAPL,Long,2024-08-07T13:31:00+00:00,2024-08-07T15:32:00+00:00,208.3675,213.2110,1.44,6.99,0.023245,7260000,MaxHoldTimeout,0.4970,0.3057,0.5511,0.4372,0.5986,0.5316,0.1530,0.5357,,,
summary,2024-08-07,AAPL,,,,,,,6.99,,1,,,,,,,,,,1.0000,2024-08-05T08:01:00+00:00,1489,2444
summary,2024-08-07,NVDA,,,,,,,0.00,,0,,,,,,,,,,1.0000,2024-08-05T08:05:00+00:00,1811,2641
summary,2024-08-07,MSFT,,,,,,,0.00,,0,,,,,,,,,,1.0000,2024-08-05T08:08:00+00:00,1425,2104
trade,2024-08-08,SPY,Long,2024-08-08T14:21:00+00:00,2024-08-08T15:11:00+00:00,526.4429,527.3867,0.57,0.54,0.001793,3000000,ScoreExit,0.3649,-0.0794,-0.1860,0.4108,0.4566,-0.5571,-0.2444,0.4098,,,
summary,2024-08-08,SPY,,,,,,,0.54,,1,,,,,,,,,,1.0000,2024-08-05T13:39:00+00:00,1863,3134
trade,2024-08-08,QQQ,Long,2024-08-08T14:16:00+00:00,2024-08-08T15:16:00+00:00,443.0416,443.8418,0.68,0.54,0.001806,3600000,ScoreExit,0.4542,-0.0517,0.5129,0.4090,0.5250,-0.2766,-0.2810,0.4819,,,
summary,2024-08-08,QQQ,,,,,,,0.54,,1,,,,,,,,,,1.0000,2024-08-05T13:33:00+00:00,1918,3184
trade,2024-08-08,AAPL,Long,2024-08-08T14:46:00+00:00,2024-08-08T15:11:00+00:00,212.3887,211.6215,1.42,-1.09,-0.003612,1500000,ScoreExit,0.3654,-0.0986,-0.1672,0.4168,0.4399,-0.4900,-0.3105,0.4556,,,
summary,2024-08-08,AAPL,,,,,,,-1.09,,1,,,,,,,,,,1.0000,2024-08-05T13:31:00+00:00,1951,2909
trade,2024-08-08,NVDA,Long,2024-08-08T14:29:00+00:00,2024-08-08T15:17:00+00:00,101.9156,101.5485,2.95,-1.08,-0.003601,2880000,ScoreExit,0.4642,-0.0511,0.5630,0.4971,0.3654,-0.5574,-0.1588,0.3332,,,
summary,2024-08-08,NVDA,,,,,,,-1.08,,1,,,,,,,,,,1.0000,2024-08-05T13:31:00+00:00,2183,3271
trade,2024-08-08,MSFT,Long,2024-08-08T14:26:00+00:00,2024-08-08T15:06:00+00:00,404.7564,403.6039,0.74,-0.85,-0.002847,2400000,ScoreExit,0.4442,-0.0963,0.3414,0.4690,0.4288,-0.4054,-0.2840,0.3822,,,
summary,2024-08-08,MSFT,,,,,,,-0.85,,1,,,,,,,,,,1.0000,2024-08-05T13:34:00+00:00,1667,2485
summary,2024-08-09,SPY,,,,,,,0.00,,0,,,,,,,,,,0.9590,2024-08-06T14:47:00+00:00,1741,3049
summary,2024-08-09,QQQ,,,,,,,0.00,,0,,,,,,,,,,0.9599,2024-08-06T14:47:00+00:00,1820,3170
trade,2024-08-09,AAPL,Long,2024-08-09T13:39:00+00:00,2024-08-09T15:40:00+00:00,213.2071,215.2804,1.41,2.92,0.009724,7260000,MaxHoldTimeout,0.4121,0.1243,0.3174,0.5204,0.2270,-0.1636,0.0343,0.4004,,,
summary,2024-08-09,AAPL,,,,,,,2.92,,1,,,,,,,,,,0.9605,2024-08-06T14:47:00+00:00,2088,2816
trade,2024-08-09,NVDA,Long,2024-08-09T13:38:00+00:00,2024-08-09T13:46:00+00:00,105.5567,105.1334,2.84,-1.20,-0.004009,480000,ScoreExit,0.3524,-0.2495,0.0515,0.5452,0.0673,-0.5024,-0.3658,0.0673,,,
summary,2024-08-09,NVDA,,,,,,,-1.20,,1,,,,,,,,,,1.0000,2024-08-06T13:32:00+00:00,1841,3271
summary,2024-08-09,MSFT,,,,,,,0.00,,0,,,,,,,,,,0.9035,2024-08-06T14:37:00+00:00,1331,2434
trade,2024-08-12,SPY,Long,2024-08-12T14:36:00+00:00,2024-08-12T15:21:00+00:00,534.7654,534.9245,0.56,0.09,0.000298,2700000,ScoreExit,0.4156,-0.1273,0.4466,0.4078,0.4210,-0.3517,-0.3707,0.4342,,,
summary,2024-08-12,SPY,,,,,,,0.09,,1,,,,,,,,,,0.8757,2024-08-09T15:04:00+00:00,802,1153
trade,2024-08-12,QQQ,Long,2024-08-12T14:31:00+00:00,2024-08-12T15:21:00+00:00,452.8408,453.5989,0.66,0.50,0.001674,3000000,ScoreExit,0.4071,-0.1414,-0.2133,0.4720,0.4839,-0.4169,-0.4057,0.4791,,,
summary,2024-08-12,QQQ,,,,,,,0.50,,1,,,,,,,,,,0.8726,2024-08-09T15:04:00+00:00,856,1137
trade,2024-08-12,AAPL,Long,2024-08-12T14:11:00+00:00,2024-08-12T15:21:00+00:00,217.4402,218.7943,1.38,1.87,0.006228,4200000,ScoreExit,0.4365,-0.1080,0.1724,0.4210,0.5555,-0.4485,-0.3860,0.5615,,,
summary,2024-08-12,AAPL,,,,,,,1.87,,1,,,,,,,,,,0.9564,2024-08-09T15:03:00+00:00,894,1074
trade,2024-08-12,NVDA,Long,2024-08-12T13:31:00+00:00,2024-08-12T15:32:00+00:00,107.5973,108.4525,2.79,2.38,0.007948,7260000,MaxHoldTimeout,0.6741,0.0399,0.6142,0.6361,0.7702,-0.5676,-0.3378,0.9979,,,
summary,2024-08-12,NVDA,,,,,,,2.38,,1,,,,,,,,,,1.0000,2024-08-09T13:39:00+00:00,876,1349
summary,2024-08-12,MSFT,,,,,,,0.00,,0,,,,,,,,,,0.7798,2024-08-09T15:04:00+00:00,619,926
summary,2024-08-13,SPY,,,,,,,0.00,,0,,,,,,,,,,0.5050,2024-08-12T15:02:00+00:00,892,1372
summary,2024-08-13,QQQ,,,,,,,0.00,,0,,,,,,,,,,0.6480,2024-08-12T14:36:00+00:00,938,1420
trade,2024-08-13,AAPL,Long,2024-08-13T13:31:00+00:00,2024-08-13T15:32:00+00:00,219.8709,220.9487,1.36,1.47,0.004902,7260000,MaxHoldTimeout,0.5628,0.1050,0.5783,0.5100,0.6634,-0.4881,-0.0332,0.5792,,,
summary,2024-08-13,AAPL,,,,,,,1.47,,1,,,,,,,,,,0.6344,2024-08-12T14:18:00+00:00,862,1276
trade,2024-08-13,NVDA,Long,2024-08-13T14:11:00+00:00,2024-08-13T15:56:00+00:00,114.0592,114.2907,2.64,0.61,0.002030,6300000,SessionClose,0.5514,0.0028,0.0216,0.4652,0.9004,-0.2951,-0.3580,0.8236,,,
summary,2024-08-13,NVDA,,,,,,,0.61,,1,,,,,,,,,,0.7469,2024-08-12T13:34:00+00:00,1308,1679
trade,2024-08-13,MSFT,Long,2024-08-13T13:31:00+00:00,2024-08-13T15:32:00+00:00,410.9421,412.7681,0.73,1.33,0.004443,7260000,MaxHoldTimeout,0.4824,0.1830,0.5682,0.4341,0.5503,-0.5552,0.1083,0.5786,,,
summary,2024-08-13,MSFT,,,,,,,1.33,,1,,,,,,,,,,0.7336,2024-08-12T09:58:00+00:00,688,1108
summary,2024-08-14,SPY,,,,,,,0.00,,0,,,,,,,,,,0.5050,2024-08-12T15:02:00+00:00,1509,2148
summary,2024-08-14,QQQ,,,,,,,0.00,,0,,,,,,,,,,0.6480,2024-08-12T14:36:00+00:00,1571,2280
summary,2024-08-14,AAPL,,,,,,,0.00,,0,,,,,,,,,,0.6344,2024-08-12T14:18:00+00:00,1415,2012
trade,2024-08-14,NVDA,Long,2024-08-14T14:46:00+00:00,2024-08-14T15:56:00+00:00,115.8190,118.1096,2.60,5.95,0.019777,4200000,SessionClose,0.5069,0.5564,0.5261,0.4135,0.6874,0.5504,0.4639,0.7435,,,
summary,2024-08-14,NVDA,,,,,,,5.95,,1,,,,,,,,,,0.7469,2024-08-12T13:34:00+00:00,2183,2639
summary,2024-08-14,MSFT,,,,,,,0.00,,0,,,,,,,,,,0.7336,2024-08-12T09:58:00+00:00,1135,1713
summary,2024-08-15,SPY,,,,,,,0.00,,0,,,,,,,,,,0.8755,2024-08-12T15:02:00+00:00,2014,2684
summary,2024-08-15,QQQ,,,,,,,0.00,,0,,,,,,,,,,0.9545,2024-08-12T15:03:00+00:00,2140,2872
summary,2024-08-15,AAPL,,,,,,,0.00,,0,,,,,,,,,,0.9560,2024-08-12T14:48:00+00:00,1870,2531
trade,2024-08-15,NVDA,Long,2024-08-15T14:34:00+00:00,2024-08-15T15:56:00+00:00,120.8612,122.0085,2.49,2.86,0.009492,4920000,SessionClose,0.4883,0.0658,-0.0278,0.4831,0.6706,-0.2109,-0.1679,0.6255,,,
summary,2024-08-15,NVDA,,,,,,,2.86,,1,,,,,,,,,,1.0000,2024-08-12T13:33:00+00:00,2653,3270
summary,2024-08-15,MSFT,,,,,,,0.00,,0,,,,,,,,,,0.8882,2024-08-12T15:02:00+00:00,1530,2192
summary,2024-08-16,SPY,,,,,,,0.00,,0,,,,,,,,,,0.7825,2024-08-13T15:04:00+00:00,2233,2741
summary,2024-08-16,QQQ,,,,,,,0.00,,0,,,,,,,,,,0.8681,2024-08-13T15:04:00+00:00,2409,2943
summary,2024-08-16,AAPL,,,,,,,0.00,,0,,,,,,,,,,0.8921,2024-08-13T14:04:00+00:00,1825,2585
trade,2024-08-16,NVDA,Long,2024-08-16T13:31:00+00:00,2024-08-16T14:46:00+00:00,121.3914,123.6029,2.48,5.48,0.018218,4500000,ScoreExit,0.3777,-0.1715,-0.2747,0.5004,0.3499,-0.5370,-0.3670,0.3414,,,
summary,2024-08-16,NVDA,,,,,,,5.48,,1,,,,,,,,,,0.9580,2024-08-13T14:46:00+00:00,2877,3271
summary,2024-08-16,MSFT,,,,,,,0.00,,0,,,,,,,,,,0.8602,2024-08-13T15:04:00+00:00,1611,2200
summary,2024-08-19,SPY,,,,,,,0.00,,0,,,,,,,,,,0.4920,2024-08-16T16:14:00+00:00,928,1145
summary,2024-08-19,QQQ,,,,,,,0.00,,0,,,,,,,,,,0.6878,2024-08-16T14:18:00+00:00,951,1223
summary,2024-08-19,AAPL,,,,,,,0.00,,0,,,,,,,,,,0.7016,2024-08-16T15:53:00+00:00,739,1119
trade,2024-08-19,NVDA,Long,2024-08-19T13:46:00+00:00,2024-08-19T14:18:00+00:00,124.9925,124.0278,2.40,-2.32,-0.007718,1920000,ScoreExit,0.5026,-0.0618,0.2615,0.4149,0.7582,-0.5621,-0.2906,0.5626,,,
summary,2024-08-19,NVDA,,,,,,,-2.32,,1,,,,,,,,,,1.0000,2024-08-16T13:33:00+00:00,1158,1351
summary,2024-08-19,MSFT,,,,,,,0.00,,0,,,,,,,,,,0.4545,2024-08-16T13:37:00+00:00,382,975
summary,2024-08-20,SPY,,,,,,,0.00,,0,,,,,,,,,,0.5476,2024-08-19T09:33:00+00:00,1018,1386
trade,2024-08-20,QQQ,Long,2024-08-20T13:51:00+00:00,2024-08-20T14:16:00+00:00,482.2396,480.6808,0.62,-0.97,-0.003233,1500000,ScoreExit,0.4361,-0.0533,0.5502,0.4140,0.4422,-0.5190,-0.1427,0.2809,,,
summary,2024-08-20,QQQ,,,,,,,-0.97,,1,,,,,,,,,,0.7212,2024-08-19T09:33:00+00:00,1141,1544
trade,2024-08-20,AAPL,Long,2024-08-20T13:36:00+00:00,2024-08-20T14:36:00+00:00,226.7330,226.0022,1.32,-0.97,-0.003223,3600000,ScoreExit,0.4360,-0.1137,0.5575,0.4029,0.4618,-0.5564,-0.2577,0.3217,,,
summary,2024-08-20,AAPL,,,,,,,-0.97,,1,,,,,,,,,,0.4439,2024-08-19T19:53:00+00:00,837,1283
summary,2024-08-20,NVDA,,,,,,,0.00,,0,,,,,,,,,,0.6753,2024-08-19T10:09:00+00:00,1291,1680
trade,2024-08-20,MSFT,Long,2024-08-20T13:46:00+00:00,2024-08-20T14:42:00+00:00,422.8430,422.3083,0.71,-0.38,-0.001265,3360000,ScoreExit,0.4048,-0.0813,0.2732,0.4122,0.4339,-0.3206,-0.2805,0.3969,,,
summary,2024-08-20,MSFT,,,,,,,-0.38,,1,,,,,,,,,,0.7873,2024-08-19T10:02:00+00:00,751,1082
summary,2024-08-21,SPY,,,,,,,0.00,,0,,,,,,,,,,0.5476,2024-08-19T09:33:00+00:00,1497,2116
summary,2024-08-21,QQQ,,,,,,,0.00,,0,,,,,,,,,,0.7212,2024-08-19T09:33:00+00:00,1641,2356
summary,2024-08-21,AAPL,,,,,,,0.00,,0,,,,,,,,,,0.4439,2024-08-19T19:53:00+00:00,1197,1949
trade,2024-08-21,NVDA,Long,2024-08-21T14:01:00+00:00,2024-08-21T14:51:00+00:00,128.2435,128.0665,2.34,-0.41,-0.001380,3000000,ScoreExit,0.3906,-0.1332,0.3420,0.4179,0.3523,-0.5884,-0.2905,0.3330,,,
summary,2024-08-21,NVDA,,,,,,,-0.41,,1,,,,,,,,,,0.6753,2024-08-19T10:09:00+00:00,1687,2639
summary,2024-08-21,MSFT,,,,,,,0.00,,0,,,,,,,,,,0.7873,2024-08-19T10:02:00+00:00,1098,1648
summary,2024-08-22,SPY,,,,,,,0.00,,0,,,,,,,,,,0.8158,2024-08-19T14:53:00+00:00,1702,2629
summary,2024-08-22,QQQ,,,,,,,0.00,,0,,,,,,,,,,0.8500,2024-08-19T15:04:00+00:00,1848,2864
summary,2024-08-22,AAPL,,,,,,,0.00,,0,,,,,,,,,,0.5873,2024-08-19T19:53:00+00:00,1390,2375
summary,2024-08-22,NVDA,,,,,,,0.00,,0,,,,,,,,,,1.0000,2024-08-19T13:41:00+00:00,2026,3265
summary,2024-08-22,MSFT,,,,,,,0.00,,0,,,,,,,,,,0.5739,2024-08-19T19:56:00+00:00,1196,2130
summary,2024-08-23,SPY,,,,,,,0.00,,0,,,,,,,,,,0.3899,2024-08-21T14:42:00+00:00,1309,2641
summary,2024-08-23,QQQ,,,,,,,0.00,,0,,,,,,,,,,0.5283,2024-08-20T13:58:00+00:00,1099,2824
summary,2024-08-23,AAPL,,,,,,,0.00,,0,,,,,,,,,,0.7386,2024-08-20T13:38:00+00:00,1086,2343
trade,2024-08-23,NVDA,Long,2024-08-23T13:46:00+00:00,2024-08-23T14:47:00+00:00,126.7030,128.0366,2.37,3.16,0.010525,3660000,ScoreExit,0.3644,-0.0845,0.2053,0.5020,0.1422,-0.5753,-0.2826,0.4753,,,
summary,2024-08-23,NVDA,,,,,,,3.16,,1,,,,,,,,,,1.0000,2024-08-20T13:35:00+00:00,1423,3263
summary,2024-08-23,MSFT,,,,,,,0.00,,0,,,,,,,,,,0.5997,2024-08-20T18:24:00+00:00,751,2139
summary,2024-08-26,SPY,,,,,,,0.00,,0,,,,,,,,,,0.7741,2024-08-23T14:13:00+00:00,690,1129
summary,2024-08-26,QQQ,,,,,,,0.00,,0,,,,,,,,,,0.9064,2024-08-23T14:02:00+00:00,417,1168
summary,2024-08-26,AAPL,,,,,,,0.00,,0,,,,,,,,,,0.8929,2024-08-23T14:10:00+00:00,526,1036
trade,2024-08-26,NVDA,Long,2024-08-26T13:31:00+00:00,2024-08-26T13:51:00+00:00,129.8039,129.4623,2.31,-0.79,-0.002632,1200000,ScoreExit,0.4138,-0.1299,0.0793,0.4690,0.4149,-0.5498,-0.3322,0.4149,,,
summary,2024-08-26,NVDA,,,,,,,-0.79,,1,,,,,,,,,,1.0000,2024-08-23T13:36:00+00:00,985,1351
summary,2024-08-26,MSFT,,,,,,,0.00,,0,,,,,,,,,,0.7391,2024-08-23T14:10:00+00:00,199,944
summary,2024-08-27,SPY,,,,,,,0.00,,0,,,,,,,,,,0.3623,2024-08-27T14:29:00+00:00,483,1336
trade,2024-08-27,QQQ,Long,2024-08-27T14:31:00+00:00,2024-08-27T15:26:00+00:00,476.7780,476.3521,0.63,-0.27,-0.000893,3300000,ScoreExit,0.4224,-0.1098,0.5370,0.4545,0.3200,-0.4951,-0.2156,0.2302,,,
summary,2024-08-27,QQQ,,,,,,,-0.27,,1,,,,,,,,,,0.4483,2024-08-27T14:29:00+00:00,489,1459
trade,2024-08-27,AAPL,Long,2024-08-27T14:01:00+00:00,2024-08-27T15:56:00+00:00,227.1031,227.9966,1.32,1.18,0.003934,6900000,SessionClose,0.4721,-0.0012,0.5696,0.4164,0.5510,-0.5092,-0.1684,0.5026,,,
summary,2024-08-27,AAPL,,,,,,,1.18,,1,,,,,,,,,,0.5279,2024-08-27T14:23:00+00:00,763,1256
trade,2024-08-27,NVDA,Long,2024-08-27T14:11:00+00:00,2024-08-27T15:56:00+00:00,126.9831,127.7170,2.36,1.73,0.005779,6300000,SessionClose,0.4397,0.1187,0.4091,0.4579,0.4134,0.0463,-0.0786,0.5373,,,
summary,2024-08-27,NVDA,,,,,,,1.73,,1,,,,,,,,,,0.6293,2024-08-26T08:09:00+00:00,743,1681
summary,2024-08-27,MSFT,,,,,,,0.00,,0,,,,,,,,,,0.3970,2024-08-26T10:38:00+00:00,307,1022
summary,2024-08-28,SPY,,,,,,,0.00,,0,,,,,,,,,,0.3623,2024-08-27T14:29:00+00:00,610,2056
summary,2024-08-28,QQQ,,,,,,,0.00,,0,,,,,,,,,,0.4483,2024-08-27T14:29:00+00:00,615,2258
summary,2024-08-28,AAPL,,,,,,,0.00,,0,,,,,,,,,,0.5279,2024-08-27T14:23:00+00:00,1030,1936
summary,2024-08-28,NVDA,,,,,,,0.00,,0,,,,,,,,,,0.6293,2024-08-26T08:09:00+00:00,1117,2641
summary,2024-08-28,MSFT,,,,,,,0.00,,0,,,,,,,,,,0.3970,2024-08-26T10:38:00+00:00,379,1547
summary,2024-08-29,SPY,,,,,,,0.00,,0,,,,,,,,,,0.4317,2024-08-29T08:14:00+00:00,909,2758
trade,2024-08-29,QQQ,Long,2024-08-29T13:33:00+00:00,2024-08-29T15:21:00+00:00,474.5573,476.0221,0.63,0.93,0.003087,6480000,ScoreExit,0.4203,-0.0658,0.5338,0.4602,0.3027,-0.5887,-0.1709,0.3186,,,
summary,2024-08-29,QQQ,,,,,,,0.93,,1,,,,,,,,,,0.4808,2024-08-29T08:11:00+00:00,973,2952
trade,2024-08-29,AAPL,Long,2024-08-29T13:46:00+00:00,2024-08-29T15:42:00+00:00,231.1443,231.9855,1.30,1.09,0.003639,6960000,ScoreExit,0.4541,-0.0641,0.3383,0.4599,0.4812,-0.4974,-0.2434,0.4388,,,
summary,2024-08-29,AAPL,,,,,,,1.09,,1,,,,,,,,,,0.5707,2024-08-26T19:59:00+00:00,1466,2653
trade,2024-08-29,NVDA,Long,2024-08-29T13:31:00+00:00,2024-08-29T14:01:00+00:00,120.1910,123.0331,2.50,7.10,0.023646,1800000,ScoreExit,0.3841,-0.1132,-0.5526,0.6822,0.1001,-0.0353,-0.1887,0.0119,,,
summary,2024-08-29,NVDA,,,,,,,7.10,,1,,,,,,,,,,1.0000,2024-08-26T13:40:00+00:00,1053,3271
trade,2024-08-29,MSFT,Long,2024-08-29T13:31:00+00:00,2024-08-29T15:18:00+00:00,414.7744,419.1842,0.72,3.19,0.010632,6420000,ScoreExit,0.5354,-0.0544,0.4636,0.5165,0.5969,-0.4780,-0.2492,0.4764,,,
summary,2024-08-29,MSFT,,,,,,,3.19,,1,,,,,,,,,,0.7151,2024-08-29T13:57:00+00:00,609,2132
summary,2024-08-30,SPY,,,,,,,0.00,,0,,,,,,,,,,0.8380,2024-08-27T15:00:00+00:00,1256,2772
summary,2024-08-30,QQQ,,,,,,,0.00,,0,,,,,,,,,,0.9522,2024-08-27T14:59:00+00:00,1266,2953
summary,2024-08-30,AAPL,,,,,,,0.00,,0,,,,,,,,,,0.9555,2024-08-27T14:59:00+00:00,1462,2663
trade,2024-08-30,NVDA,Long,2024-08-30T13:41:00+00:00,2024-08-30T14:57:00+00:00,119.5909,119.0143,2.51,-1.45,-0.004821,4560000,MaxHoldTimeout,0.3842,0.0000,0.2410,0.5192,0.1620,-0.5574,-0.4797,-0.1993,,,
summary,2024-08-30,NVDA,,,,,,,-1.45,,1,,,,,,,,,,1.0000,2024-08-27T13:33:00+00:00,1105,3270
summary,2024-08-30,MSFT,,,,,,,0.00,,0,,,,,,,,,,0.8901,2024-08-27T14:29:00+00:00,937,2171
summary,2024-09-02,SPY,,,,,,,0.00,,0,,,,,,,,,,0.5895,2024-08-30T19:50:00+00:00,290,539
summary,2024-09-02,QQQ,,,,,,,0.00,,0,,,,,,,,,,0.6238,2024-08-30T14:02:00+00:00,257,526
summary,2024-09-02,AAPL,,,,,,,0.00,,0,,,,,,,,,,0.7404,2024-08-30T14:49:00+00:00,122,518
summary,2024-09-02,NVDA,,,,,,,0.00,,0,,,,,,,,,,1.0000,2024-08-30T13:38:00+00:00,195,629
summary,2024-09-02,MSFT,,,,,,,0.00,,0,,,,,,,,,,0.6702,2024-08-30T19:57:00+00:00,135,469
summary,2024-09-03,SPY,,,,,,,0.00,,0,,,,,,,,,,0.4170,2024-09-03T12:23:00+00:00,47,664
summary,2024-09-03,QQQ,,,,,,,0.00,,0,,,,,,,,,,0.4779,2024-09-03T12:23:00+00:00,27,700
summary,2024-09-03,AAPL,,,,,,,0.00,,0,,,,,,,,,,0.4351,2024-09-03T08:21:00+00:00,16,597
summary,2024-09-03,NVDA,,,,,,,0.00,,0,,,,,,,,,,0.2636,2024-09-03T19:02:00+00:00,35,721
trade,2024-09-03,MSFT,Long,2024-09-03T13:46:00+00:00,2024-09-03T14:04:00+00:00,419.1207,417.4997,0.72,-1.16,-0.003868,1080000,ScoreExit,0.6273,-0.0712,0.5965,0.4960,0.9001,-0.5099,-0.0491,0.0311,,,
summary,2024-09-03,MSFT,,,,,,,-1.16,,1,,,,,,,,,,0.6612,2024-09-03T13:46:00+00:00,52,494
summary,2024-09-04,SPY,,,,,,,0.00,,0,,,,,,,,,,0.4170,2024-09-03T12:23:00+00:00,133,1493
summary,2024-09-04,QQQ,,,,,,,0.00,,0,,,,,,,,,,0.4779,2024-09-03T12:23:00+00:00,143,1596
summary,2024-09-04,AAPL,,,,,,,0.00,,0,,,,,,,,,,0.4351,2024-09-03T08:21:00+00:00,16,1420
trade,2024-09-04,NVDA,Long,2024-09-04T14:31:00+00:00,2024-09-04T15:16:00+00:00,107.9174,109.1572,2.78,3.45,0.011489,2700000,ScoreExit,0.5027,-0.0637,0.4449,0.6362,0.2550,-0.5403,-0.0458,0.0596,,,
summary,2024-09-04,NVDA,,,,,,,3.45,,1,,,,,,,,,,0.5542,2024-09-04T14:58:00+00:00,335,1681
trade,2024-09-04,MSFT,Long,2024-09-04T14:58:00+00:00,2024-09-04T15:26:00+00:00,410.2730,410.0120,0.73,-0.19,-0.000636,1680000,ScoreExit,0.3819,-0.0573,0.2981,0.5023,0.1692,-0.0700,-0.1425,0.1173,,,
summary,2024-09-04,MSFT,,,,,,,-0.19,,1,,,,,,,,,,0.6612,2024-09-03T13:46:00+00:00,248,1082
summary,2024-09-05,SPY,,,,,,,0.00,,0,,,,,,,,,,0.4170,2024-09-03T12:23:00+00:00,141,2274
trade,2024-09-05,QQQ,Long,2024-09-05T13:53:00+00:00,2024-09-05T15:09:00+00:00,462.2236,460.9367,0.65,-0.84,-0.002784,4560000,MaxHoldTimeout,0.3628,0.0000,0.3639,0.5221,0.0438,0.1920,-0.3171,-0.2115,,,
summary,2024-09-05,QQQ,,,,,,,-0.84,,1,,,,,,,,,,0.4779,2024-09-03T12:23:00+00:00,208,2450
trade,2024-09-05,AAPL,Long,2024-09-05T13:31:00+00:00,2024-09-05T14:46:00+00:00,222.5117,224.1862,1.35,2.26,0.007525,4500000,ScoreExit,0.5149,-0.0529,0.5507,0.5760,0.3807,-0.5753,-0.1779,0.3713,,,
summary,2024-09-05,AAPL,,,,,,,2.26,,1,,,,,,,,,,0.5763,2024-09-05T13:36:00+00:00,280,2113
trade,2024-09-05,NVDA,Long,2024-09-05T13:31:00+00:00,2024-09-05T14:42:00+00:00,105.2966,108.5924,2.85,9.40,0.031300,4260000,ScoreExit,0.4197,-0.0547,0.1138,0.5253,0.3104,-0.4881,-0.0994,0.1792,,,
summary,2024-09-05,NVDA,,,,,,,9.40,,1,,,,,,,,,,0.6357,2024-09-05T13:58:00+00:00,519,2641
trade,2024-09-05,MSFT,Long,2024-09-05T13:38:00+00:00,2024-09-05T14:46:00+00:00,412.4887,410.8917,0.73,-1.16,-0.003872,4080000,ScoreExit,0.4731,-0.1413,0.6647,0.5117,0.3321,-0.6026,-0.2125,0.1547,,,
summary,2024-09-05,MSFT,,,,,,,-1.16,,1,,,,,,,,,,0.6612,2024-09-03T13:46:00+00:00,336,1655
summary,2024-09-06,SPY,,,,,,,0.00,,0,,,,,,,,,,0.3381,2024-09-06T12:49:00+00:00,213,2800
summary,2024-09-06,QQQ,,,,,,,0.00,,0,,,,,,,,,,0.4288,2024-09-05T14:02:00+00:00,310,3020
summary,2024-09-06,AAPL,,,,,,,0.00,,0,,,,,,,,,,0.5937,2024-09-05T13:36:00+00:00,500,2584
summary,2024-09-06,NVDA,,,,,,,0.00,,0,,,,,,,,,,0.6790,2024-09-04T15:04:00+00:00,870,3271
summary,2024-09-06,MSFT,,,,,,,0.00,,0,,,,,,,,,,0.9432,2024-09-03T13:46:00+00:00,368,2135
summary,2024-09-09,SPY,,,,,,,0.00,,0,,,,,,,,,,0.4979,2024-09-09T08:01:00+00:00,478,1237
trade,2024-09-09,QQQ,Long,2024-09-09T13:36:00+00:00,2024-09-09T14:22:00+00:00,453.8211,453.2090,0.66,-0.40,-0.001349,2760000,ScoreExit,0.4643,-0.0540,0.5151,0.4076,0.5609,-0.4955,-0.1867,0.3588,,,
summary,2024-09-09,QQQ,,,,,,,-0.40,,1,,,,,,,,,,0.5900,2024-09-09T08:02:00+00:00,467,1267
summary,2024-09-09,AAPL,,,,,,,0.00,,0,,,,,,,,,,0.8482,2024-09-06T13:45:00+00:00,304,1162
summary,2024-09-09,NVDA,,,,,,,0.00,,0,,,,,,,,,,0.7692,2024-09-09T13:39:00+00:00,671,1351
trade,2024-09-09,MSFT,Long,2024-09-09T13:36:00+00:00,2024-09-09T14:01:00+00:00,405.9067,406.1831,0.74,0.20,0.000681,1500000,ScoreExit,0.3796,-0.0818,-0.5252,0.4613,0.5177,-0.5322,-0.2330,0.3710,,,
summary,2024-09-09,MSFT,,,,,,,0.20,,1,,,,,,,,,,0.6390,2024-09-09T08:02:00+00:00,306,990
summary,2024-09-10,SPY,,,,,,,0.00,,0,,,,,,,,,,0.7276,2024-09-09T09:24:00+00:00,962,1468
summary,2024-09-10,QQQ,,,,,,,0.00,,0,,,,,,,,,,0.7412,2024-09-09T09:25:00+00:00,995,1555
summary,2024-09-10,AAPL,,,,,,,0.00,,0,,,,,,,,,,0.6659,2024-09-09T16:02:00+00:00,732,1467
summary,2024-09-10,NVDA,,,,,,,0.00,,0,,,,,,,,,,0.7700,2024-09-09T13:39:00+00:00,1144,1678
trade,2024-09-10,MSFT,Long,2024-09-10T13:31:00+00:00,2024-09-10T14:51:00+00:00,408.6081,412.6012,0.73,2.93,0.009772,4800000,ScoreExit,0.5499,-0.0618,0.2391,0.5088,0.7358,-0.5481,-0.3141,0.6047,,,
summary,2024-09-10,MSFT,,,,,,,2.93,,1,,,,,,,,,,0.7080,2024-09-09T10:17:00+00:00,596,1085
summary,2024-09-11,SPY,,,,,,,0.00,,0,,,,,,,,,,0.7276,2024-09-09T09:24:00+00:00,1447,2223
summary,2024-09-11,QQQ,,,,,,,0.00,,0,,,,,,,,,,0.7412,2024-09-09T09:25:00+00:00,1580,2370
summary,2024-09-11,AAPL,,,,,,,0.00,,0,,,,,,,,,,0.6659,2024-09-09T16:02:00+00:00,1132,2116
summary,2024-09-11,NVDA,,,,,,,0.00,,0,,,,,,,,,,0.7700,2024-09-09T13:39:00+00:00,1997,2632
summary,2024-09-11,MSFT,,,,,,,0.00,,0,,,,,,,,,,0.7080,2024-09-09T10:17:00+00:00,1075,1668
summary,2024-09-12,SPY,,,,,,,0.00,,0,,,,,,,,,,0.5412,2024-09-09T16:19:00+00:00,1876,2746
trade,2024-09-12,QQQ,Long,2024-09-12T14:27:00+00:00,2024-09-12T15:26:00+00:00,470.6061,469.5741,0.64,-0.66,-0.002193,3540000,ScoreExit,0.3571,-0.0969,0.2368,0.4011,0.3092,-0.5508,-0.2146,0.2898,,,
summary,2024-09-12,QQQ,,,,,,,-0.66,,1,,,,,,,,,,0.5984,2024-09-09T14:10:00+00:00,2198,2945
summary,2024-09-12,AAPL,,,,,,,0.00,,0,,,,,,,,,,0.7343,2024-09-09T16:02:00+00:00,1636,2561
trade,2024-09-12,NVDA,Long,2024-09-12T13:41:00+00:00,2024-09-12T15:31:00+00:00,117.5002,118.7194,2.55,3.11,0.010376,6600000,ScoreExit,0.4598,-0.0533,0.5031,0.4136,0.5380,-0.3508,-0.3018,0.5427,,,
summary,2024-09-12,NVDA,,,,,,,3.11,,1,,,,,,,,,,1.0000,2024-09-09T13:32:00+00:00,2693,3262
summary,2024-09-12,MSFT,,,,,,,0.00,,0,,,,,,,,,,0.6580,2024-09-09T13:39:00+00:00,1461,2159
summary,2024-09-13,SPY,,,,,,,0.00,,0,,,,,,,,,,0.4787,2024-09-11T16:04:00+00:00,1889,2708
summary,2024-09-13,QQQ,,,,,,,0.00,,0,,,,,,,,,,0.6142,2024-09-11T16:04:00+00:00,2172,2903
summary,2024-09-13,AAPL,,,,,,,0.00,,0,,,,,,,,,,0.8959,2024-09-10T14:28:00+00:00,1735,2412
summary,2024-09-13,NVDA,,,,,,,0.00,,0,,,,,,,,,,1.0000,2024-09-10T13:31:00+00:00,2632,3265
trade,2024-09-13,MSFT,Long,2024-09-13T13:41:00+00:00,2024-09-13T14:57:00+00:00,428.6035,428.4064,0.70,-0.14,-0.000460,4560000,MaxHoldTimeout,0.4088,0.2525,0.6137,0.4242,0.3098,0.1984,0.1993,0.3770,,,
summary,2024-09-13,MSFT,,,,,,,-0.14,,1,,,,,,,,,,1.0000,2024-09-10T13:32:00+00:00,1476,2140
summary,2024-09-16,SPY,,,,,,,0.00,,0,,,,,,,,,,0.7793,2024-09-13T14:44:00+00:00,641,1103
summary,2024-09-16,QQQ,,,,,,,0.00,,0,,,,,,,,,,0.6469,2024-09-13T14:46:00+00:00,489,1169
summary,2024-09-16,AAPL,,,,,,,0.00,,0,,,,,,,,,,0.6860,2024-09-13T15:04:00+00:00,290,1187
summary,2024-09-16,NVDA,,,,,,,0.00,,0,,,,,,,,,,1.0000,2024-09-13T13:37:00+00:00,173,1349
trade,2024-09-16,MSFT,Long,2024-09-16T13:39:00+00:00,2024-09-16T14:26:00+00:00,431.1093,431.1256,0.70,0.01,0.000038,2820000,ScoreExit,0.3913,-0.0665,0.5264,0.4019,0.3252,-0.5431,-0.1445,0.2481,,,
summary,2024-09-16,MSFT,,,,,,,0.01,,1,,,,,,,,,,0.8642,2024-09-13T13:40:00+00:00,647,919
summary,2024-09-17,SPY,,,,,,,0.00,,0,,,,,,,,,,0.4070,2024-09-16T13:54:00+00:00,728,1394
summary,2024-09-17,QQQ,,,,,,,0.00,,0,,,,,,,,,,0.4131,2024-09-16T17:43:00+00:00,777,1468
summary,2024-09-17,AAPL,,,,,,,0.00,,0,,,,,,,,,,0.5715,2024-09-16T14:14:00+00:00,746,1431
summary,2024-09-17,NVDA,,,,,,,0.00,,0,,,,,,,,,,0.6811,2024-09-16T14:13:00+00:00,789,1678
summary,2024-09-17,MSFT,,,,,,,0.00,,0,,,,,,,,,,0.6661,2024-09-16T13:44:00+00:00,642,1158
summary,2024-09-18,SPY,,,,,,,0.00,,0,,,,,,,,,,0.4070,2024-09-16T13:54:00+00:00,1096,2123
summary,2024-09-18,QQQ,,,,,,,0.00,,0,,,,,,,,,,0.4268,2024-09-18T18:34:00+00:00,1214,2252
trade,2024-09-18,AAPL,Long,2024-09-18T13:31:00+00:00,2024-09-18T15:21:00+00:00,218.6506,220.3489,1.37,2.33,0.007767,6600000,ScoreExit,0.4341,-0.0650,0.5483,0.4215,0.4212,-0.5355,-0.2219,0.4056,,,
summary,2024-09-18,AAPL,,,,,,,2.33,,1,,,,,,,,,,0.5715,2024-09-16T14:14:00+00:00,1267,2130
summary,2024-09-18,NVDA,,,,,,,0.00,,0,,,,,,,,,,0.6811,2024-09-16T14:13:00+00:00,844,2631
summary,2024-09-18,MSFT,,,,,,,0.00,,0,,,,,,,,,,0.6661,2024-09-16T13:44:00+00:00,805,1716
summary,2024-09-19,SPY,,,,,,,0.00,,0,,,,,,,,,,0.5497,2024-09-19T08:11:00+00:00,1738,2815
trade,2024-09-19,QQQ,Long,2024-09-19T14:26:00+00:00,2024-09-19T15:56:00+00:00,483.8101,483.8798,0.62,0.04,0.000144,5400000,SessionClose,0.4265,-0.0163,0.5473,0.4217,0.3957,-0.3337,-0.1684,0.3936,,,
summary,2024-09-19,QQQ,,,,,,,0.04,,1,,,,,,,,,,0.6320,2024-09-16T13:56:00+00:00,1914,2915
trade,2024-09-19,AAPL,Long,2024-09-19T13:36:00+00:00,2024-09-19T15:37:00+00:00,225.7827,228.5014,1.33,3.62,0.012041,7260000,MaxHoldTimeout,0.4730,0.2488,0.3530,0.4121,0.6348,0.4388,0.0312,0.6207,,,
summary,2024-09-19,AAPL,,,,,,,3.62,,1,,,,,,,,,,0.8992,2024-09-16T14:14:00+00:00,2058,2659
trade,2024-09-19,NVDA,Long,2024-09-19T13:36:00+00:00,2024-09-19T15:37:00+00:00,117.7303,119.3192,2.55,4.05,0.013496,7260000,MaxHoldTimeout,0.5414,0.2587,0.1834,0.5644,0.6146,-0.3957,0.2035,0.5870,,,
summary,2024-09-19,NVDA,,,,,,,4.05,,1,,,,,,,,,,0.9035,2024-09-16T13:48:00+00:00,1486,3262
summary,2024-09-19,MSFT,,,,,,,0.00,,0,,,,,,,,,,0.9413,2024-09-16T13:44:00+00:00,1191,2276
summary,2024-09-20,SPY,,,,,,,0.00,,0,,,,,,,,,,0.7587,2024-09-17T14:46:00+00:00,1481,2818
summary,2024-09-20,QQQ,,,,,,,0.00,,0,,,,,,,,,,0.8338,2024-09-17T14:46:00+00:00,1606,2952
summary,2024-09-20,AAPL,,,,,,,0.00,,0,,,,,,,,,,0.9251,2024-09-17T14:49:00+00:00,2170,2665
summary,2024-09-20,NVDA,,,,,,,0.00,,0,,,,,,,,,,0.8023,2024-09-17T14:45:00+00:00,1209,3261
summary,2024-09-20,MSFT,,,,,,,0.00,,0,,,,,,,,,,0.9382,2024-09-17T13:46:00+00:00,703,2137
summary,2024-09-23,SPY,,,,,,,0.00,,0,,,,,,,,,,0.4971,2024-09-20T19:44:00+00:00,742,1201
summary,2024-09-23,QQQ,,,,,,,0.00,,0,,,,,,,,,,0.5921,2024-09-20T19:38:00+00:00,704,1190
summary,2024-09-23,AAPL,,,,,,,0.00,,0,,,,,,,,,,0.7612,2024-09-20T13:36:00+00:00,282,1215
summary,2024-09-23,NVDA,,,,,,,0.00,,0,,,,,,,,,,1.0000,2024-09-20T13:34:00+00:00,345,1346
summary,2024-09-23,MSFT,,,,,,,0.00,,0,,,,,,,,,,0.5625,2024-09-20T13:50:00+00:00,283,1013
summary,2024-09-24,SPY,,,,,,,0.00,,0,,,,,,,,,,0.3971,2024-09-24T08:18:00+00:00,754,1332
summary,2024-09-24,QQQ,,,,,,,0.00,,0,,,,,,,,,,0.4825,2024-09-24T15:53:00+00:00,828,1456
summary,2024-09-24,AAPL,,,,,,,0.00,,0,,,,,,,,,,0.6479,2024-09-23T14:53:00+00:00,610,1364
trade,2024-09-24,NVDA,Long,2024-09-24T13:36:00+00:00,2024-09-24T14:01:00+00:00,116.9001,116.7350,2.57,-0.42,-0.001412,1500000,ScoreExit,0.4586,-0.0914,0.1612,0.4711,0.5327,-0.5084,-0.2272,0.3192,,,
summary,2024-09-24,NVDA,,,,,,,-0.42,,1,,,,,,,,,,0.8096,2024-09-24T15:53:00+00:00,933,1669
summary,2024-09-24,MSFT,,,,,,,0.00,,0,,,,,,,,,,0.5858,2024-09-23T14:45:00+00:00,277,1082
summary,2024-09-25,SPY,,,,,,,0.00,,0,,,,,,,,,,0.3971,2024-09-24T08:18:00+00:00,1077,2051
summary,2024-09-25,QQQ,,,,,,,0.00,,0,,,,,,,,,,0.4825,2024-09-24T15:53:00+00:00,1291,2284
summary,2024-09-25,AAPL,,,,,,,0.00,,0,,,,,,,,,,0.6479,2024-09-23T14:53:00+00:00,741,2124
trade,2024-09-25,NVDA,Long,2024-09-25T13:31:00+00:00,2024-09-25T15:26:00+00:00,122.2517,124.3277,2.45,5.10,0.016982,6900000,ScoreExit,0.4672,-0.0651,0.4193,0.4146,0.5884,-0.2800,-0.3191,0.5144,,,
summary,2024-09-25,NVDA,,,,,,,5.10,,1,,,,,,,,,,0.8096,2024-09-24T15:53:00+00:00,1734,2629
summary,2024-09-25,MSFT,,,,,,,0.00,,0,,,,,,,,,,0.5858,2024-09-23T14:45:00+00:00,543,1631
summary,2024-09-26,SPY,,,,,,,0.00,,0,,,,,,,,,,0.4715,2024-09-23T14:53:00+00:00,1472,2623
summary,2024-09-26,QQQ,,,,,,,0.00,,0,,,,,,,,,,0.5402,2024-09-26T08:13:00+00:00,1729,2881
summary,2024-09-26,AAPL,,,,,,,0.00,,0,,,,,,,,,,0.9572,2024-09-23T14:47:00+00:00,1060,2657
summary,2024-09-26,NVDA,,,,,,,0.00,,0,,,,,,,,,,0.8152,2024-09-24T15:53:00+00:00,2425,3263
summary,2024-09-26,MSFT,,,,,,,0.00,,0,,,,,,,,,,0.9589,2024-09-23T14:44:00+00:00,803,2097
summary,2024-09-27,SPY,,,,,,,0.00,,0,,,,,,,,,,0.5482,2024-09-24T14:57:00+00:00,1598,2674
summary,2024-09-27,QQQ,,,,,,,0.00,,0,,,,,,,,,,0.7235,2024-09-24T15:04:00+00:00,1879,2948
summary,2024-09-27,AAPL,,,,,,,0.00,,0,,,,,,,,,,0.5702,2024-09-24T15:04:00+00:00,1252,2614
summary,2024-09-27,NVDA,,,,,,,0.00,,0,,,,,,,,,,0.9211,2024-09-24T15:53:00+00:00,2201,3270
summary,2024-09-27,MSFT,,,,,,,0.00,,0,,,,,,,,,,0.5595,2024-09-26T08:11:00+00:00,1037,2096
summary,2024-09-30,SPY,,,,,,,0.00,,0,,,,,,,,,,0.4813,2024-09-30T19:57:00+00:00,271,1169
summary,2024-09-30,QQQ,,,,,,,0.00,,0,,,,,,,,,,0.4519,2024-09-30T19:57:00+00:00,143,1191
trade,2024-09-30,AAPL,Long,2024-09-30T13:31:00+00:00,2024-09-30T15:32:00+00:00,231.0963,232.0254,1.30,1.21,0.004020,7260000,MaxHoldTimeout,0.5008,0.3394,0.5558,0.4754,0.5333,0.4695,0.1833,0.6082,,,
summary,2024-09-30,AAPL,,,,,,,1.21,,1,,,,,,,,,,0.5349,2024-09-27T14:03:00+00:00,623,1142
trade,2024-09-30,NVDA,Long,2024-09-30T13:42:00+00:00,2024-09-30T14:58:00+00:00,120.6812,119.7341,2.49,-2.35,-0.007848,4560000,MaxHoldTimeout,0.5110,0.0000,0.4622,0.7107,0.1279,-0.4850,-0.0669,-0.1016,,,
summary,2024-09-30,NVDA,,,,,,,-2.35,,1,,,,,,,,,,0.5710,2024-09-30T13:44:00+00:00,243,1350
summary,2024-09-30,MSFT,,,,,,,0.00,,0,,,,,,,,,,0.5077,2024-09-30T19:57:00+00:00,184,930
summary,2024-10-01,SPY,,,,,,,0.00,,0,,,,,,,,,,0.4892,2024-09-30T19:57:00+00:00,629,1451
summary,2024-10-01,QQQ,,,,,,,0.00,,0,,,,,,,,,,0.4907,2024-09-30T19:57:00+00:00,592,1468
summary,2024-10-01,AAPL,,,,,,,0.00,,0,,,,,,,,,,0.9423,2024-09-30T09:26:00+00:00,651,1419
summary,2024-10-01,NVDA,,,,,,,0.00,,0,,,,,,,,,,0.7875,2024-09-30T13:37:00+00:00,797,1676
summary,2024-10-01,MSFT,,,,,,,0.00,,0,,,,,,,,,,0.5346,2024-09-30T19:57:00+00:00,372,1053
summary,2024-10-02,SPY,,,,,,,0.00,,0,,,,,,,,,,0.4892,2024-09-30T19:57:00+00:00,681,2289
summary,2024-10-02,QQQ,,,,,,,0.00,,0,,,,,,,,,,0.4907,2024-09-30T19:57:00+00:00,807,2336
summary,2024-10-02,AAPL,,,,,,,0.00,,0,,,,,,,,,,0.9423,2024-09-30T09:26:00+00:00,744,2197
summary,2024-10-02,NVDA,,,,,,,0.00,,0,,,,,,,,,,0.7875,2024-09-30T13:37:00+00:00,1132,2636
summary,2024-10-02,MSFT,,,,,,,0.00,,0,,,,,,,,,,0.5346,2024-09-30T19:57:00+00:00,372,1614
summary,2024-10-03,SPY,,,,,,,0.00,,0,,,,,,,,,,0.6542,2024-09-30T19:57:00+00:00,700,2815
summary,2024-10-03,QQQ,,,,,,,0.00,,0,,,,,,,,,,0.6505,2024-09-30T19:57:00+00:00,881,2881
summary,2024-10-03,AAPL,,,,,,,0.00,,0,,,,,,,,,,0.9213,2024-09-30T13:33:00+00:00,556,2606
trade,2024-10-03,NVDA,Long,2024-10-03T13:31:00+00:00,2024-10-03T15:32:00+00:00,120.9463,122.9480,2.48,4.97,0.016551,7260000,MaxHoldTimeout,0.3932,0.4145,-0.4171,0.4026,0.6445,0.5238,0.3020,0.6031,,,
summary,2024-10-03,NVDA,,,,,,,4.97,,1,,,,,,,,,,1.0000,2024-09-30T13:31:00+00:00,1925,3265
summary,2024-10-03,MSFT,,,,,,,0.00,,0,,,,,,,,,,0.8135,2024-09-30T13:33:00+00:00,294,2051
summary,2024-10-04,SPY,,,,,,,0.00,,0,,,,,,,,,,0.5492,2024-10-01T18:16:00+00:00,1178,2798
summary,2024-10-04,QQQ,,,,,,,0.00,,0,,,,,,,,,,0.6138,2024-10-01T18:29:00+00:00,1414,2941
summary,2024-10-04,AAPL,,,,,,,0.00,,0,,,,,,,,,,0.4713,2024-10-02T14:49:00+00:00,966,2558
summary,2024-10-04,NVDA,,,,,,,0.00,,0,,,,,,,,,,0.7243,2024-10-01T13:31:00+00:00,2091,3266
summary,2024-10-04,MSFT,,,,,,,0.00,,0,,,,,,,,,,0.5343,2024-10-01T18:29:00+00:00,206,2072
summary,2024-10-07,SPY,,,,,,,0.00,,0,,,,,,,,,,0.5044,2024-10-04T19:44:00+00:00,493,1184
summary,2024-10-07,QQQ,,,,,,,0.00,,0,,,,,,,,,,0.5458,2024-10-04T19:34:00+00:00,534,1214
summary,2024-10-07,AAPL,,,,,,,0.00,,0,,,,,,,,,,0.5876,2024-10-04T19:57:00+00:00,278,1153
trade,2024-10-07,NVDA,Long,2024-10-07T13:31:00+00:00,2024-10-07T15:32:00+00:00,125.6477,128.8354,2.39,7.61,0.025371,7260000,MaxHoldTimeout,0.6409,0.6588,0.5296,0.6255,0.7087,0.5811,0.5179,0.9665,,,
summary,2024-10-07,NVDA,,,,,,,7.61,,1,,,,,,,,,,0.8229,2024-10-04T15:02:00+00:00,1051,1351
summary,2024-10-07,MSFT,,,,,,,0.00,,0,,,,,,,,,,0.5454,2024-10-04T16:44:00+00:00,196,1007
summary,2024-10-08,SPY,,,,,,,0.00,,0,,,,,,,,,,0.3927,2024-10-08T14:42:00+00:00,730,1450
trade,2024-10-08,QQQ,Long,2024-10-08T13:56:00+00:00,2024-10-08T15:56:00+00:00,485.7807,488.0535,0.62,1.40,0.004679,7200000,SessionClose,0.4122,0.3333,0.5677,0.4065,0.3716,0.5262,0.2169,0.5016,,,
summary,2024-10-08,QQQ,,,,,,,1.40,,1,,,,,,,,,,0.4798,2024-10-08T14:00:00+00:00,721,1520
trade,2024-10-08,AAPL,Long,2024-10-08T13:51:00+00:00,2024-10-08T15:52:00+00:00,224.5223,225.2594,1.34,0.99,0.003283,7260000,MaxHoldTimeout,0.4592,0.2094,0.5056,0.4107,0.5406,-0.1615,0.1097,0.5322,,,
summary,2024-10-08,AAPL,,,,,,,0.99,,1,,,,,,,,,,0.5409,2024-10-07T08:35:00+00:00,675,1385
trade,2024-10-08,NVDA,Long,2024-10-08T14:01:00+00:00,2024-10-08T15:56:00+00:00,131.2344,132.2103,2.29,2.24,0.007437,6900000,SessionClose,0.5586,0.2498,0.5862,0.4028,0.8609,0.0897,-0.0018,0.8065,,,
summary,2024-10-08,NVDA,,,,,,,2.24,,1,,,,,,,,,,0.7622,2024-10-07T13:37:00+00:00,1388,1681
trade,2024-10-08,MSFT,Long,2024-10-08T13:46:00+00:00,2024-10-08T15:47:00+00:00,411.2583,414.0308,0.73,2.02,0.006741,7260000,MaxHoldTimeout,0.3990,0.2334,0.1376,0.4882,0.3079,0.5171,0.0367,0.5323,,,
summary,2024-10-08,MSFT,,,,,,,2.02,,1,,,,,,,,,,0.5587,2024-10-08T13:53:00+00:00,449,1211
summary,2024-10-09,SPY,,,,,,,0.00,,0,,,,,,,,,,0.3927,2024-10-08T14:42:00+00:00,1268,2208
summary,2024-10-09,QQQ,,,,,,,0.00,,0,,,,,,,,,,0.4798,2024-10-08T14:00:00+00:00,1327,2345
trade,2024-10-09,AAPL,Long,2024-10-09T14:31:00+00:00,2024-10-09T15:56:00+00:00,227.2432,228.4065,1.32,1.54,0.005119,5100000,SessionClose,0.4126,0.1768,0.5504,0.4156,0.3607,0.0181,0.0969,0.3896,,,
summary,2024-10-09,AAPL,,,,,,,1.54,,1,,,,,,,,,,0.5409,2024-10-07T08:35:00+00:00,1170,2011
summary,2024-10-09,NVDA,,,,,,,0.00,,0,,,,,,,,,,0.7622,2024-10-07T13:37:00+00:00,2122,2641
summary,2024-10-09,MSFT,,,,,,,0.00,,0,,,,,,,,,,0.5587,2024-10-08T13:53:00+00:00,866,1813
summary,2024-10-10,SPY,,,,,,,0.00,,0,,,,,,,,,,0.4016,2024-10-08T14:42:00+00:00,1637,2740
summary,2024-10-10,QQQ,,,,,,,0.00,,0,,,,,,,,,,0.4812,2024-10-08T14:00:00+00:00,1776,2864
summary,2024-10-10,AAPL,,,,,,,0.00,,0,,,,,,,,,,0.5748,2024-10-07T14:42:00+00:00,1538,2453
trade,2024-10-10,NVDA,Long,2024-10-10T13:36:00+00:00,2024-10-10T15:37:00+00:00,132.4947,134.1697,2.27,3.80,0.012642,7260000,MaxHoldTimeout,0.4544,0.2992,0.5550,0.5060,0.3177,0.4225,0.1554,0.5458,,,
summary,2024-10-10,NVDA,,,,,,,3.80,,1,,,,,,,,,,1.0000,2024-10-07T13:33:00+00:00,2502,3269
summary,2024-10-10,MSFT,,,,,,,0.00,,0,,,,,,,,,,0.6070,2024-10-08T13:53:00+00:00,1173,2285
summary,2024-10-11,SPY,,,,,,,0.00,,0,,,,,,,,,,0.8329,2024-10-08T14:42:00+00:00,1893,2674
summary,2024-10-11,QQQ,,,,,,,0.00,,0,,,,,,,,,,0.9475,2024-10-08T14:47:00+00:00,2045,2796
summary,2024-10-11,AAPL,,,,,,,0.00,,0,,,,,,,,,,0.9267,2024-10-08T14:43:00+00:00,1619,2290
summary,2024-10-11,NVDA,,,,,,,0.00,,0,,,,,,,,,,1.0000,2024-10-08T13:37:00+00:00,2351,3265
summary,2024-10-11,MSFT,,,,,,,0.00,,0,,,,,,,,,,0.9558,2024-10-08T14:42:00+00:00,1305,2116
summary,2024-10-14,SPY,,,,,,,0.00,,0,,,,,,,,,,0.6604,2024-10-11T14:40:00+00:00,852,1181
trade,2024-10-14,QQQ,Long,2024-10-14T13:46:00+00:00,2024-10-14T14:46:00+00:00,497.3041,497.4557,0.60,0.09,0.000305,3600000,ScoreExit,0.4488,-0.0551,0.5279,0.4079,0.5043,-0.4272,-0.2395,0.4377,,,
summary,2024-10-14,QQQ,,,,,,,0.09,,1,,,,,,,,,,0.7891,2024-10-11T14:27:00+00:00,895,1188
trade,2024-10-14,AAPL,Long,2024-10-14T13:31:00+00:00,2024-10-14T14:51:00+00:00,229.5738,230.2609,1.31,0.90,0.002993,4800000,ScoreExit,0.4619,-0.0786,0.5023,0.4012,0.5696,-0.5267,-0.2973,0.5083,,,
summary,2024-10-14,AAPL,,,,,,,0.90,,1,,,,,,,,,,0.7031,2024-10-11T14:38:00+00:00,654,1065
trade,2024-10-14,NVDA,Long,2024-10-14T13:31:00+00:00,2024-10-14T15:27:00+00:00,137.2041,138.3135,2.19,2.43,0.008085,6960000,ScoreExit,0.6131,-0.0731,0.5778,0.5059,0.8392,-0.2964,-0.3686,0.5922,,,
summary,2024-10-14,NVDA,,,,,,,2.43,,1,,,,,,,,,,0.8912,2024-10-11T14:12:00+00:00,846,1347
trade,2024-10-14,MSFT,Long,2024-10-14T13:41:00+00:00,2024-10-14T14:48:00+00:00,420.2394,421.3136,0.71,0.77,0.002556,4020000,ScoreExit,0.4722,-0.0510,0.5363,0.4181,0.5591,-0.5762,-0.2335,0.4893,,,
summary,2024-10-14,MSFT,,,,,,,0.77,,1,,,,,,,,,,0.8460,2024-10-11T14:28:00+00:00,625,936
summary,2024-10-15,SPY,,,,,,,0.00,,0,,,,,,,,,,0.4456,2024-10-14T13:49:00+00:00,834,1414
summary,2024-10-15,QQQ,,,,,,,0.00,,0,,,,,,,,,,0.5652,2024-10-14T13:59:00+00:00,719,1493
trade,2024-10-15,AAPL,Long,2024-10-15T13:41:00+00:00,2024-10-15T14:50:00+00:00,235.3806,235.0944,1.28,-0.37,-0.001216,4140000,ScoreExit,0.5626,-0.0516,0.5823,0.4433,0.7946,-0.5577,-0.3292,0.6724,,,
summary,2024-10-15,AAPL,,,,,,,-0.37,,1,,,,,,,,,,0.6522,2024-10-14T13:37:00+00:00,933,1326
summary,2024-10-15,NVDA,,,,,,,0.00,,0,,,,,,,,,,0.7338,2024-10-14T13:59:00+00:00,666,1679
summary,2024-10-15,MSFT,,,,,,,0.00,,0,,,,,,,,,,0.6578,2024-10-14T13:50:00+00:00,335,1077
summary,2024-10-16,SPY,,,,,,,0.00,,0,,,,,,,,,,0.4456,2024-10-14T13:49:00+00:00,1235,2191
summary,2024-10-16,QQQ,,,,,,,0.00,,0,,,,,,,,,,0.5652,2024-10-14T13:59:00+00:00,791,2331
summary,2024-10-16,AAPL,,,,,,,0.00,,0,,,,,,,,,,0.6522,2024-10-14T13:37:00+00:00,1071,2012
summary,2024-10-16,NVDA,,,,,,,0.00,,0,,,,,,,,,,0.7338,2024-10-14T13:59:00+00:00,944,2639
summary,2024-10-16,MSFT,,,,,,,0.00,,0,,,,,,,,,,0.6578,2024-10-14T13:50:00+00:00,398,1649
summary,2024-10-17,SPY,,,,,,,0.00,,0,,,,,,,,,,0.7668,2024-10-14T14:43:00+00:00,1484,2763
summary,2024-10-17,QQQ,,,,,,,0.00,,0,,,,,,,,,,0.6465,2024-10-14T13:59:00+00:00,1011,2884
summary,2024-10-17,AAPL,,,,,,,0.00,,0,,,,,,,,,,1.0000,2024-10-14T13:35:00+00:00,1205,2575
summary,2024-10-17,NVDA,,,,,,,0.00,,0,,,,,,,,,,0.9963,2024-10-14T13:36:00+00:00,1317,3271
summary,2024-10-17,MSFT,,,,,,,0.00,,0,,,,,,,,,,0.8950,2024-10-14T14:23:00+00:00,498,2153
summary,2024-10-18,SPY,,,,,,,0.00,,0,,,,,,,,,,0.4407,2024-10-17T08:31:00+00:00,1268,2711
summary,2024-10-18,QQQ,,,,,,,0.00,,0,,,,,,,,,,0.4951,2024-10-17T08:01:00+00:00,1354,2910
summary,2024-10-18,AAPL,,,,,,,0.00,,0,,,,,,,,,,1.0000,2024-10-15T13:35:00+00:00,777,2585
summary,2024-10-18,NVDA,,,,,,,0.00,,0,,,,,,,,,,0.7448,2024-10-17T08:11:00+00:00,2095,3270
summary,2024-10-18,MSFT,,,,,,,0.00,,0,,,,,,,,,,0.4543,2024-10-17T08:31:00+00:00,846,2132
summary,2024-10-21,SPY,,,,,,,0.00,,0,,,,,,,,,,0.4691,2024-10-18T14:46:00+00:00,592,1105
trade,2024-10-21,QQQ,Long,2024-10-21T14:17:00+00:00,2024-10-21T14:31:00+00:00,496.2237,494.7765,0.60,-0.88,-0.002916,840000,ScoreExit,0.4118,-0.0500,0.5617,0.4341,0.3173,-0.5665,-0.0702,0.1625,,,
summary,2024-10-21,QQQ,,,,,,,-0.88,,1,,,,,,,,,,0.4789,2024-10-18T13:41:00+00:00,519,1155
summary,2024-10-21,AAPL,,,,,,,0.00,,0,,,,,,,,,,0.5644,2024-10-18T14:01:00+00:00,477,1095
trade,2024-10-21,NVDA,Long,2024-10-21T13:31:00+00:00,2024-10-21T15:32:00+00:00,138.7766,140.3479,2.16,3.40,0.011322,7260000,MaxHoldTimeout,0.6323,0.3505,0.5865,0.5745,0.7632,0.3562,0.1384,0.7729,,,
summary,2024-10-21,NVDA,,,,,,,3.40,,1,,,,,,,,,,0.7868,2024-10-18T13:36:00+00:00,668,1345
summary,2024-10-21,MSFT,,,,,,,0.00,,0,,,,,,,,,,0.9011,2024-10-18T13:41:00+00:00,382,947
summary,2024-10-22,SPY,,,,,,,0.00,,0,,,,,,,,,,0.3705,2024-10-22T18:04:00+00:00,664,1383
summary,2024-10-22,QQQ,,,,,,,0.00,,0,,,,,,,,,,0.5279,2024-10-21T14:17:00+00:00,771,1509
summary,2024-10-22,AAPL,,,,,,,0.00,,0,,,,,,,,,,0.5515,2024-10-21T14:14:00+00:00,676,1315
trade,2024-10-22,NVDA,Long,2024-10-22T14:06:00+00:00,2024-10-22T14:41:00+00:00,143.9083,143.1810,2.09,-1.52,-0.005053,2100000,ScoreExit,0.4515,-0.0699,0.5387,0.4332,0.4593,-0.4021,-0.2792,0.4593,,,
summary,2024-10-22,NVDA,,,,,,,-1.52,,1,,,,,,,,,,0.7959,2024-10-21T13:53:00+00:00,1225,1677
trade,2024-10-22,MSFT,Long,2024-10-22T13:36:00+00:00,2024-10-22T15:26:00+00:00,421.8015,426.0272,0.71,3.01,0.010018,6600000,ScoreExit,0.5708,-0.0686,0.6098,0.4686,0.7622,-0.5251,-0.3617,0.6696,,,
summary,2024-10-22,MSFT,,,,,,,3.01,,1,,,,,,,,,,0.7376,2024-10-22T13:57:00+00:00,767,1105
summary,2024-10-23,SPY,,,,,,,0.00,,0,,,,,,,,,,0.3705,2024-10-22T18:04:00+00:00,744,2152
summary,2024-10-23,QQQ,,,,,,,0.00,,0,,,,,,,,,,0.5279,2024-10-21T14:17:00+00:00,877,2340
summary,2024-10-23,AAPL,,,,,,,0.00,,0,,,,,,,,,,0.5515,2024-10-21T14:14:00+00:00,731,1971
summary,2024-10-23,NVDA,,,,,,,0.00,,0,,,,,,,,,,0.7959,2024-10-21T13:53:00+00:00,1530,2635
summary,2024-10-23,MSFT,,,,,,,0.00,,0,,,,,,,,,,0.7376,2024-10-22T13:57:00+00:00,1168,1752
summary,2024-10-24,SPY,,,,,,,0.00,,0,,,,,,,,,,0.3706,2024-10-22T18:04:00+00:00,691,2755
summary,2024-10-24,QQQ,,,,,,,0.00,,0,,,,,,,,,,0.5690,2024-10-21T14:17:00+00:00,1021,2962
summary,2024-10-24,AAPL,,,,,,,0.00,,0,,,,,,,,,,0.6258,2024-10-21T14:16:00+00:00,656,2515
summary,2024-10-24,NVDA,,,,,,,0.00,,0,,,,,,,,,,1.0000,2024-10-21T13:34:00+00:00,1763,3268
summary,2024-10-24,MSFT,,,,,,,0.00,,0,,,,,,,,,,0.7125,2024-10-22T13:57:00+00:00,1402,2258
summary,2024-10-25,SPY,,,,,,,0.00,,0,,,,,,,,,,0.6939,2024-10-22T14:54:00+00:00,1018,2707
trade,2024-10-25,QQQ,Long,2024-10-25T13:41:00+00:00,2024-10-25T15:26:00+00:00,496.6339,499.1521,0.60,1.52,0.005070,6300000,ScoreExit,0.3737,-0.0951,0.1311,0.4207,0.3606,-0.0186,-0.3097,0.3086,,,
summary,2024-10-25,QQQ,,,,,,,1.52,,1,,,,,,,,,,0.7322,2024-10-22T14:08:00+00:00,1378,2936
trade,2024-10-25,AAPL,Long,2024-10-25T13:57:00+00:00,2024-10-25T15:26:00+00:00,231.9246,232.6652,1.29,0.96,0.003193,5340000,ScoreExit,0.4266,-0.0637,0.5602,0.4571,0.3211,-0.1409,-0.2578,0.3503,,,
summary,2024-10-25,AAPL,,,,,,,0.96,,1,,,,,,,,,,0.8585,2024-10-22T14:57:00+00:00,851,2533
trade,2024-10-25,NVDA,Long,2024-10-25T13:31:00+00:00,2024-10-25T15:32:00+00:00,141.1060,143.8318,2.13,5.80,0.019318,7260000,MaxHoldTimeout,0.4000,0.1536,0.2471,0.4468,0.3574,0.0691,-0.0143,0.5177,,,
summary,2024-10-25,NVDA,,,,,,,5.80,,1,,,,,,,,,,1.0000,2024-10-22T13:38:00+00:00,1095,3257
trade,2024-10-25,MSFT,Long,2024-10-25T13:36:00+00:00,2024-10-25T14:46:00+00:00,428.8436,430.6058,0.70,1.23,0.004109,4200000,ScoreExit,0.4358,-0.0560,0.4860,0.4450,0.4008,-0.4837,-0.1920,0.3586,,,
summary,2024-10-25,MSFT,,,,,,,1.23,,1,,,,,,,,,,0.9345,2024-10-22T13:46:00+00:00,993,2211
summary,2024-10-28,SPY,,,,,,,0.00,,0,,,,,,,,,,0.4810,2024-10-25T14:02:00+00:00,489,1237
summary,2024-10-28,QQQ,,,,,,,0.00,,0,,,,,,,,,,0.8650,2024-10-25T14:02:00+00:00,508,1234
summary,2024-10-28,AAPL,,,,,,,0.00,,0,,,,,,,,,,0.9532,2024-10-25T14:54:00+00:00,705,1112
summary,2024-10-28,NVDA,,,,,,,0.00,,0,,,,,,,,,,1.0000,2024-10-25T13:35:00+00:00,505,1351
summary,2024-10-28,MSFT,,,,,,,0.00,,0,,,,,,,,,,0.9245,2024-10-25T13:46:00+00:00,296,1017
summary,2024-10-29,SPY,,,,,,,0.00,,0,,,,,,,,,,0.3775,2024-10-29T14:24:00+00:00,589,1406
trade,2024-10-29,QQQ,Long,2024-10-29T14:25:00+00:00,2024-10-29T15:54:00+00:00,497.7343,497.5257,0.60,-0.13,-0.000419,5340000,MaxHoldTimeout,0.4272,0.0005,0.5771,0.4568,0.3181,-0.5679,-0.0681,0.3273,,,
summary,2024-10-29,QQQ,,,,,,,-0.13,,1,,,,,,,,,,0.4272,2024-10-29T14:24:00+00:00,628,1480
summary,2024-10-29,AAPL,,,,,,,0.00,,0,,,,,,,,,,0.5586,2024-10-28T16:44:00+00:00,682,1337
summary,2024-10-29,NVDA,,,,,,,0.00,,0,,,,,,,,,,0.7855,2024-10-28T09:18:00+00:00,575,1681
summary,2024-10-29,MSFT,,,,,,,0.00,,0,,,,,,,,,,0.5698,2024-10-28T09:52:00+00:00,487,1112
summary,2024-10-30,SPY,,,,,,,0.00,,0,,,,,,,,,,0.3775,2024-10-29T14:24:00+00:00,940,2216
summary,2024-10-30,QQQ,,,,,,,0.00,,0,,,,,,,,,,0.4272,2024-10-29T14:24:00+00:00,1184,2368
summary,2024-10-30,AAPL,,,,,,,0.00,,0,,,,,,,,,,0.5586,2024-10-28T16:44:00+00:00,704,2110
summary,2024-10-30,NVDA,,,,,,,0.00,,0,,,,,,,,,,0.7855,2024-10-28T09:18:00+00:00,715,2640
trade,2024-10-30,MSFT,Long,2024-10-30T14:31:00+00:00,2024-10-30T15:31:00+00:00,437.8613,436.1344,0.69,-1.18,-0.003944,3600000,ScoreExit,0.3862,-0.0543,0.2270,0.4153,0.3810,-0.4586,-0.2007,0.3731,,,
summary,2024-10-30,MSFT,,,,,,,-1.18,,1,,,,,,,,,,0.5698,2024-10-28T09:52:00+00:00,1156,1950
summary,2024-10-31,SPY,,,,,,,0.00,,0,,,,,,,,,,0.4002,2024-10-28T14:45:00+00:00,725,2802
summary,2024-10-31,QQQ,,,,,,,0.00,,0,,,,,,,,,,0.4833,2024-10-28T14:42:00+00:00,1063,2972
summary,2024-10-31,AAPL,,,,,,,0.00,,0,,,,,,,,,,0.8528,2024-10-28T14:42:00+00:00,579,2668
summary,2024-10-31,NVDA,,,,,,,0.00,,0,,,,,,,,,,0.4829,2024-10-29T15:56:00+00:00,589,3269
summary,2024-10-31,MSFT,,,,,,,0.00,,0,,,,,,,,,,0.6342,2024-10-30T20:03:00+00:00,1121,2704
summary,2024-11-01,SPY,,,,,,,0.00,,0,,,,,,,,,,0.6901,2024-10-29T15:03:00+00:00,798,2894
summary,2024-11-01,QQQ,,,,,,,0.00,,0,,,,,,,,,,0.8648,2024-10-29T14:57:00+00:00,931,3050
summary,2024-11-01,AAPL,,,,,,,0.00,,0,,,,,,,,,,0.6346,2024-10-29T13:45:00+00:00,334,2859
trade,2024-11-01,NVDA,Long,2024-11-01T14:11:00+00:00,2024-11-01T14:41:00+00:00,136.2108,136.6439,2.20,0.95,0.003179,1800000,ScoreExit,0.3543,-0.0581,0.2307,0.5054,0.0934,-0.5719,-0.0767,0.1502,,,
summary,2024-11-01,NVDA,,,,,,,0.95,,1,,,,,,,,,,0.8991,2024-10-29T14:59:00+00:00,823,3267
summary,2024-11-01,MSFT,,,,,,,0.00,,0,,,,,,,,,,0.8610,2024-10-29T14:52:00+00:00,1237,2960
summary,2024-11-04,SPY,,,,,,,0.00,,0,,,,,,,,,,0.7730,2024-11-01T14:29:00+00:00,350,1146
summary,2024-11-04,QQQ,,,,,,,0.00,,0,,,,,,,,,,0.8905,2024-11-01T14:29:00+00:00,507,1193
summary,2024-11-04,AAPL,,,,,,,0.00,,0,,,,,,,,,,1.0000,2024-11-01T13:36:00+00:00,345,1139
summary,2024-11-04,NVDA,,,,,,,0.00,,0,,,,,,,,,,0.9083,2024-11-01T13:41:00+00:00,871,1351
summary,2024-11-04,MSFT,,,,,,,0.00,,0,,,,,,,,,,0.9597,2024-11-01T15:02:00+00:00,291,1017
trade,2024-11-05,SPY,Long,2024-11-05T14:51:00+00:00,2024-11-05T15:56:00+00:00,572.8768,573.7028,0.52,0.43,0.001442,3900000,SessionClose,0.4279,0.0029,0.4121,0.4334,0.4220,-0.5519,-0.1183,0.4303,,,
summary,2024-11-05,SPY,,,,,,,0.43,,1,,,,,,,,,,0.7573,2024-11-04T10:39:00+00:00,771,1337
trade,2024-11-05,QQQ,Long,2024-11-05T14:36:00+00:00,2024-11-05T15:56:00+00:00,489.0016,489.7580,0.61,0.46,0.001547,4800000,SessionClose,0.4392,-0.0182,0.4636,0.4162,0.4771,-0.5514,-0.1660,0.4551,,,
summary,2024-11-05,QQQ,,,,,,,0.46,,1,,,,,,,,,,0.7634,2024-11-04T10:34:00+00:00,902,1462
trade,2024-11-05,AAPL,Long,2024-11-05T14:31:00+00:00,2024-11-05T15:47:00+00:00,223.1519,222.7282,1.35,-0.57,-0.001899,4560000,ScoreExit,0.4570,-0.0700,0.5790,0.4044,0.5217,-0.5548,-0.1889,0.3293,,,
summary,2024-11-05,AAPL,,,,,,,-0.57,,1,,,,,,,,,,0.5782,2024-11-04T15:07:00+00:00,744,1262
trade,2024-11-05,NVDA,Long,2024-11-05T14:31:00+00:00,2024-11-05T15:56:00+00:00,137.7463,138.9834,2.18,2.69,0.008981,5100000,SessionClose,0.4695,0.1099,0.3950,0.4297,0.5738,-0.4687,-0.0619,0.6463,,,
summary,2024-11-05,NVDA,,,,,,,2.69,,1,,,,,,,,,,0.6055,2024-11-04T16:12:00+00:00,817,1671
trade,2024-11-05,MSFT,Long,2024-11-05T14:36:00+00:00,2024-11-05T15:56:00+00:00,410.6382,411.5215,0.73,0.65,0.002151,4800000,SessionClose,0.4526,-0.0486,0.4602,0.4177,0.5198,-0.5583,-0.2092,0.4424,,,
summary,2024-11-05,MSFT,,,,,,,0.65,,1,,,,,,,,,,0.5170,2024-11-05T14:59:00+00:00,578,1096
summary,2024-11-06,SPY,,,,,,,0.00,,0,,,,,,,,,,0.7847,2024-11-06T09:02:00+00:00,1550,2265
trade,2024-11-06,QQQ,Long,2024-11-06T14:36:00+00:00,2024-11-06T14:51:00+00:00,502.0556,499.8350,0.60,-1.33,-0.004423,900000,ScoreExit,0.4202,-0.0830,0.5315,0.4258,0.3719,-0.5739,-0.2286,0.3719,,,
summary,2024-11-06,QQQ,,,,,,,-1.33,,1,,,,,,,,,,0.7634,2024-11-04T10:34:00+00:00,1657,2378
summary,2024-11-06,AAPL,,,,,,,0.00,,0,,,,,,,,,,0.5782,2024-11-04T15:07:00+00:00,1235,2089
summary,2024-11-06,NVDA,,,,,,,0.00,,0,,,,,,,,,,0.6072,2024-11-06T14:39:00+00:00,1675,2631
trade,2024-11-06,MSFT,Long,2024-11-06T15:16:00+00:00,2024-11-06T15:51:00+00:00,417.9804,417.0099,0.72,-0.70,-0.002322,2100000,ScoreExit,0.3542,-0.1205,-0.3073,0.5131,0.2570,-0.5450,-0.2385,0.2570,,,
summary,2024-11-06,MSFT,,,,,,,-0.70,,1,,,,,,,,,,0.5218,2024-11-06T09:01:00+00:00,1102,1832
summary,2024-11-07,SPY,,,,,,,0.00,,0,,,,,,,,,,0.8282,2024-11-06T09:02:00+00:00,2077,2905
trade,2024-11-07,QQQ,Long,2024-11-07T14:56:00+00:00,2024-11-07T15:56:00+00:00,510.4181,511.6415,0.59,0.72,0.002397,3600000,SessionClose,0.4219,0.3027,0.4867,0.4188,0.4064,0.2705,0.2518,0.4152,,,
summary,2024-11-07,QQQ,,,,,,,0.72,,1,,,,,,,,,,0.9061,2024-11-04T15:49:00+00:00,2224,2967
trade,2024-11-07,AAPL,Long,2024-11-07T14:31:00+00:00,2024-11-07T15:56:00+00:00,225.7227,226.0272,1.33,0.40,0.001349,5100000,SessionClose,0.4698,0.2821,0.5647,0.4876,0.4024,0.5248,0.1930,0.3795,,,
summary,2024-11-07,AAPL,,,,,,,0.40,,1,,,,,,,,,,0.8925,2024-11-04T15:07:00+00:00,1756,2644
trade,2024-11-07,NVDA,Long,2024-11-07T14:31:00+00:00,2024-11-07T15:56:00+00:00,146.4589,147.9106,2.05,2.98,0.009912,5100000,SessionClose,0.4679,0.0424,0.3521,0.4320,0.5784,-0.3617,-0.1360,0.5340,,,
summary,2024-11-07,NVDA,,,,,,,2.98,,1,,,,,,,,,,0.9348,2024-11-04T14:45:00+00:00,2529,3260
trade,2024-11-07,MSFT,Long,2024-11-07T15:46:00+00:00,2024-11-07T15:56:00+00:00,423.6721,423.6879,0.71,0.01,0.000037,600000,SessionClose,0.4033,0.2712,0.5725,0.4022,0.3492,0.0607,0.2673,0.3492,,,
summary,2024-11-07,MSFT,,,,,,,0.01,,1,,,,,,,,,,0.8971,2024-11-04T15:49:00+00:00,1570,2317
summary,2024-11-08,SPY,,,,,,,0.00,,0,,,,,,,,,,0.8127,2024-11-05T15:46:00+00:00,2454,2990
summary,2024-11-08,QQQ,,,,,,,0.00,,0,,,,,,,,,,0.7123,2024-11-05T15:01:00+00:00,2434,3025
summary,2024-11-08,AAPL,,,,,,,0.00,,0,,,,,,,,,,0.8098,2024-11-05T14:55:00+00:00,1717,2695
trade,2024-11-08,NVDA,Long,2024-11-08T14:36:00+00:00,2024-11-08T14:41:00+00:00,149.3798,149.4002,2.01,0.04,0.000136,300000,ScoreExit,0.4107,-0.0588,0.5200,0.4379,0.3199,0.0750,-0.2704,0.3199,,,
summary,2024-11-08,NVDA,,,,,,,0.04,,1,,,,,,,,,,1.0000,2024-11-05T14:38:00+00:00,2753,3270
summary,2024-11-08,MSFT,,,,,,,0.00,,0,,,,,,,,,,0.8282,2024-11-05T15:00:00+00:00,1584,2362
summary,2024-11-11,SPY,,,,,,,0.00,,0,,,,,,,,,,0.7392,2024-11-08T15:52:00+00:00,673,1140
summary,2024-11-11,QQQ,,,,,,,0.00,,0,,,,,,,,,,0.4236,2024-11-08T18:39:00+00:00,695,1154
summary,2024-11-11,AAPL,,,,,,,0.00,,0,,,,,,,,,,0.6243,2024-11-08T14:32:00+00:00,107,1084
summary,2024-11-11,NVDA,,,,,,,0.00,,0,,,,,,,,,,0.8212,2024-11-08T14:36:00+00:00,275,1349
summary,2024-11-11,MSFT,,,,,,,0.00,,0,,,,,,,,,,0.5436,2024-11-08T14:37:00+00:00,81,989
summary,2024-11-12,SPY,,,,,,,0.00,,0,,,,,,,,,,0.3395,2024-11-12T19:02:00+00:00,398,1430
summary,2024-11-12,QQQ,,,,,,,0.00,,0,,,,,,,,,,0.3609,2024-11-11T13:03:00+00:00,646,1500
summary,2024-11-12,AAPL,,,,,,,0.00,,0,,,,,,,,,,0.4189,2024-11-12T16:19:00+00:00,594,1322
trade,2024-11-12,NVDA,Long,2024-11-12T15:21:00+00:00,2024-11-12T15:56:00+00:00,148.3895,148.9903,2.02,1.22,0.004049,2100000,SessionClose,0.5265,0.0760,-0.1335,0.5308,0.7380,-0.4524,-0.1669,0.7380,,,
summary,2024-11-12,NVDA,,,,,,,1.22,,1,,,,,,,,,,0.8191,2024-11-11T09:31:00+00:00,814,1681
summary,2024-11-12,MSFT,,,,,,,0.00,,0,,,,,,,,,,0.4682,2024-11-12T19:04:00+00:00,454,1122
summary,2024-11-13,SPY,,,,,,,0.00,,0,,,,,,,,,,0.3463,2024-11-13T13:40:00+00:00,628,2220
summary,2024-11-13,QQQ,,,,,,,0.00,,0,,,,,,,,,,0.3642,2024-11-13T13:41:00+00:00,999,2296
summary,2024-11-13,AAPL,,,,,,,0.00,,0,,,,,,,,,,0.4437,2024-11-13T17:47:00+00:00,923,1965
summary,2024-11-13,NVDA,,,,,,,0.00,,0,,,,,,,,,,0.8191,2024-11-11T09:31:00+00:00,1319,2641
summary,2024-11-13,MSFT,,,,,,,0.00,,0,,,,,,,,,,0.5511,2024-11-13T16:51:00+00:00,779,1715
summary,2024-11-14,SPY,,,,,,,0.00,,0,,,,,,,,,,0.3983,2024-11-11T15:57:00+00:00,704,2816
summary,2024-11-14,QQQ,,,,,,,0.00,,0,,,,,,,,,,0.3666,2024-11-13T13:41:00+00:00,944,2845
summary,2024-11-14,AAPL,,,,,,,0.00,,0,,,,,,,,,,0.4843,2024-11-11T20:59:00+00:00,1470,2453
trade,2024-11-14,NVDA,Long,2024-11-14T15:01:00+00:00,2024-11-14T15:56:00+00:00,147.8829,148.4904,2.03,1.23,0.004109,3300000,SessionClose,0.4312,0.1563,0.6181,0.4635,0.3043,-0.1012,0.1252,0.3043,,,
summary,2024-11-14,NVDA,,,,,,,1.23,,1,,,,,,,,,,0.6788,2024-11-11T15:57:00+00:00,1493,3268
summary,2024-11-14,MSFT,,,,,,,0.00,,0,,,,,,,,,,0.5494,2024-11-13T16:51:00+00:00,1072,2151
summary,2024-11-15,SPY,,,,,,,0.00,,0,,,,,,,,,,0.3881,2024-11-13T13:40:00+00:00,716,2829
summary,2024-11-15,QQQ,,,,,,,0.00,,0,,,,,,,,,,0.4135,2024-11-12T14:38:00+00:00,573,2875
summary,2024-11-15,AAPL,,,,,,,0.00,,0,,,,,,,,,,0.8284,2024-11-12T16:04:00+00:00,1118,2415
summary,2024-11-15,NVDA,,,,,,,0.00,,0,,,,,,,,,,1.0000,2024-11-12T14:37:00+00:00,995,3268
summary,2024-11-15,MSFT,,,,,,,0.00,,0,,,,,,,,,,0.8232,2024-11-12T14:36:00+00:00,1137,2158
trade,2024-11-18,SPY,Long,2024-11-18T15:46:00+00:00,2024-11-18T15:56:00+00:00,588.3314,588.0485,0.51,-0.14,-0.000481,600000,SessionClose,0.3885,0.2812,0.5320,0.4032,0.3114,0.0662,0.2985,0.3183,,,
summary,2024-11-18,SPY,,,,,,,-0.14,,1,,,,,,,,,,0.3964,2024-11-18T15:49:00+00:00,419,1187
trade,2024-11-18,QQQ,Long,2024-11-18T15:21:00+00:00,2024-11-18T15:56:00+00:00,499.6398,500.9247,0.60,0.77,0.002572,2100000,SessionClose,0.4179,0.3312,0.4875,0.4121,0.4064,-0.1409,0.3252,0.5004,,,
summary,2024-11-18,QQQ,,,,,,,0.77,,1,,,,,,,,,,0.5079,2024-11-18T15:34:00+00:00,481,1243
trade,2024-11-18,AAPL,Long,2024-11-18T15:11:00+00:00,2024-11-18T15:56:00+00:00,227.4032,228.5664,1.32,1.54,0.005115,2700000,SessionClose,0.4596,0.1677,0.1904,0.4391,0.5903,-0.2761,0.0303,0.5903,,,
summary,2024-11-18,AAPL,,,,,,,1.54,,1,,,,,,,,,,0.5233,2024-11-18T15:17:00+00:00,463,1038
summary,2024-11-18,NVDA,,,,,,,0.00,,0,,,,,,,,,,0.4734,2024-11-18T20:29:00+00:00,524,1351
trade,2024-11-18,MSFT,Long,2024-11-18T15:29:00+00:00,2024-11-18T15:56:00+00:00,417.2901,417.3498,0.72,0.04,0.000143,1620000,SessionClose,0.3973,0.1261,0.5716,0.4020,0.3299,-0.5761,0.1215,0.3696,,,
summary,2024-11-18,MSFT,,,,,,,0.04,,1,,,,,,,,,,0.4783,2024-11-18T15:34:00+00:00,302,984
summary,2024-11-19,SPY,,,,,,,0.00,,0,,,,,,,,,,0.4734,2024-11-18T15:49:00+00:00,862,1449
summary,2024-11-19,QQQ,,,,,,,0.00,,0,,,,,,,,,,0.6583,2024-11-18T15:34:00+00:00,861,1555
trade,2024-11-19,AAPL,Long,2024-11-19T14:58:00+00:00,2024-11-19T15:56:00+00:00,228.4235,229.1862,1.31,1.00,0.003339,3480000,SessionClose,0.4459,0.1798,0.5532,0.4960,0.3098,0.1739,0.0185,0.5043,,,
summary,2024-11-19,AAPL,,,,,,,1.00,,1,,,,,,,,,,0.6464,2024-11-18T15:17:00+00:00,856,1224
trade,2024-11-19,NVDA,Long,2024-11-19T14:36:00+00:00,2024-11-19T15:56:00+00:00,141.8755,143.9318,2.12,4.35,0.014493,4800000,SessionClose,0.5779,0.5810,0.3407,0.5733,0.6663,0.5335,0.4440,0.8708,,,
trade,2024-11-19,NVDA,Long,2024-11-19T15:58:00+00:00,2024-11-19T15:59:00+00:00,144.3583,144.2862,2.08,-0.15,-0.000499,60000,SessionClose,0.5849,0.5834,0.5730,0.4440,0.8708,0.5580,0.4440,0.8708,,,
summary,2024-11-19,NVDA,,,,,,,4.20,,2,,,,,,,,,,0.6994,2024-11-18T15:34:00+00:00,1250,1681
summary,2024-11-19,MSFT,,,,,,,0.00,,0,,,,,,,,,,0.7585,2024-11-18T10:50:00+00:00,543,1097
summary,2024-11-20,SPY,,,,,,,0.00,,0,,,,,,,,,,0.4734,2024-11-18T15:49:00+00:00,1207,2228
summary,2024-11-20,QQQ,,,,,,,0.00,,0,,,,,,,,,,0.6583,2024-11-18T15:34:00+00:00,1319,2417
summary,2024-11-20,AAPL,,,,,,,0.00,,0,,,,,,,,,,0.6464,2024-11-18T15:17:00+00:00,1040,1878
trade,2024-11-20,NVDA,Long,2024-11-20T15:46:00+00:00,2024-11-20T15:56:00+00:00,145.2336,145.8212,2.07,1.22,0.004046,600000,SessionClose,0.4032,0.4284,0.5032,0.4124,0.3516,0.5369,0.4487,0.3516,,,
trade,2024-11-20,NVDA,Long,2024-11-20T15:58:00+00:00,2024-11-20T15:59:00+00:00,145.7787,145.9612,2.06,0.38,0.001252,60000,SessionClose,0.4070,0.4308,0.3237,0.4487,0.3516,0.5615,0.4487,0.3516,,,
summary,2024-11-20,NVDA,,,,,,,1.59,,2,,,,,,,,,,0.6994,2024-11-18T15:34:00+00:00,1979,2641
summary,2024-11-20,MSFT,,,,,,,0.00,,0,,,,,,,,,,0.7585,2024-11-18T10:50:00+00:00,741,1679
summary,2024-11-21,SPY,,,,,,,0.00,,0,,,,,,,,,,0.8251,2024-11-18T15:49:00+00:00,1592,2807
summary,2024-11-21,QQQ,,,,,,,0.00,,0,,,,,,,,,,0.9543,2024-11-18T15:51:00+00:00,1805,2994
summary,2024-11-21,AAPL,,,,,,,0.00,,0,,,,,,,,,,0.9548,2024-11-18T15:52:00+00:00,1275,2428
summary,2024-11-21,NVDA,,,,,,,0.00,,0,,,,,,,,,,0.9190,2024-11-18T15:58:00+00:00,2450,3211
summary,2024-11-21,MSFT,,,,,,,0.00,,0,,,,,,,,,,0.9559,2024-11-18T15:49:00+00:00,816,2141
summary,2024-11-22,SPY,,,,,,,0.00,,0,,,,,,,,,,0.8943,2024-11-19T15:52:00+00:00,1855,2800
summary,2024-11-22,QQQ,,,,,,,0.00,,0,,,,,,,,,,0.8915,2024-11-19T15:52:00+00:00,2005,2967
summary,2024-11-22,AAPL,,,,,,,0.00,,0,,,,,,,,,,0.9557,2024-11-19T15:52:00+00:00,1143,2387
summary,2024-11-22,NVDA,,,,,,,0.00,,0,,,,,,,,,,1.0000,2024-11-19T14:36:00+00:00,1956,3208
summary,2024-11-22,MSFT,,,,,,,0.00,,0,,,,,,,,,,0.7717,2024-11-19T15:49:00+00:00,1053,2157
summary,2024-11-25,SPY,,,,,,,0.00,,0,,,,,,,,,,0.5555,2024-11-22T15:59:00+00:00,794,1190
summary,2024-11-25,QQQ,,,,,,,0.00,,0,,,,,,,,,,0.5525,2024-11-22T15:44:00+00:00,849,1212
trade,2024-11-25,AAPL,Long,2024-11-25T14:36:00+00:00,2024-11-25T15:52:00+00:00,232.7148,232.3453,1.29,-0.48,-0.001588,4560000,MaxHoldTimeout,0.4605,0.0811,0.5506,0.4008,0.5498,-0.3471,-0.0619,0.5099,,,
summary,2024-11-25,AAPL,,,,,,,-0.48,,1,,,,,,,,,,0.8346,2024-11-22T14:39:00+00:00,695,1058
summary,2024-11-25,NVDA,,,,,,,0.00,,0,,,,,,,,,,1.0000,2024-11-22T14:34:00+00:00,188,1350
trade,2024-11-25,MSFT,Long,2024-11-25T14:36:00+00:00,2024-11-25T14:51:00+00:00,419.1207,417.7496,0.72,-0.98,-0.003271,900000,ScoreExit,0.4196,-0.1613,0.5437,0.4144,0.3887,-0.6443,-0.3558,0.3887,,,
summary,2024-11-25,MSFT,,,,,,,-0.98,,1,,,,,,,,,,0.9704,2024-11-22T14:41:00+00:00,720,1008
summary,2024-11-26,SPY,,,,,,,0.00,,0,,,,,,,,,,0.3781,2024-11-25T13:52:00+00:00,755,1427
summary,2024-11-26,QQQ,,,,,,,0.00,,0,,,,,,,,,,0.5862,2024-11-25T10:19:00+00:00,761,1547
trade,2024-11-26,AAPL,Long,2024-11-26T14:46:00+00:00,2024-11-26T15:56:00+00:00,234.7354,235.3844,1.28,0.83,0.002765,4200000,SessionClose,0.4938,0.3304,0.3115,0.4608,0.6205,0.4699,0.1581,0.6285,,,
summary,2024-11-26,AAPL,,,,,,,0.83,,1,,,,,,,,,,0.7846,2024-11-25T10:43:00+00:00,834,1347
summary,2024-11-26,NVDA,,,,,,,0.00,,0,,,,,,,,,,0.9339,2024-11-25T09:16:00+00:00,578,1680
trade,2024-11-26,MSFT,Long,2024-11-26T14:41:00+00:00,2024-11-26T15:56:00+00:00,421.6164,425.5373,0.71,2.79,0.009300,4500000,SessionClose,0.5110,0.1312,0.0583,0.5000,0.6838,-0.4924,-0.0348,0.6709,,,
summary,2024-11-26,MSFT,,,,,,,2.79,,1,,,,,,,,,,0.6120,2024-11-25T14:39:00+00:00,688,1145
summary,2024-11-27,SPY,,,,,,,0.00,,0,,,,,,,,,,0.3781,2024-11-25T13:52:00+00:00,1000,2203
summary,2024-11-27,QQQ,,,,,,,0.00,,0,,,,,,,,,,0.5862,2024-11-25T10:19:00+00:00,977,2393
summary,2024-11-27,AAPL,,,,,,,0.00,,0,,,,,,,,,,0.7846,2024-11-25T10:43:00+00:00,1310,2089
summary,2024-11-27,NVDA,,,,,,,0.00,,0,,,,,,,,,,0.9339,2024-11-25T09:16:00+00:00,613,2640
summary,2024-11-27,MSFT,,,,,,,0.00,,0,,,,,,,,,,0.6120,2024-11-25T14:39:00+00:00,1024,1743
summary,2024-11-28,SPY,,,,,,,0.00,,0,,,,,,,,,,0.4744,2024-11-25T14:37:00+00:00,914,2101
summary,2024-11-28,QQQ,,,,,,,0.00,,0,,,,,,,,,,0.6654,2024-11-25T14:41:00+00:00,849,2249
summary,2024-11-28,AAPL,,,,,,,0.00,,0,,,,,,,,,,0.7188,2024-11-25T14:44:00+00:00,1208,1991
summary,2024-11-28,NVDA,,,,,,,0.00,,0,,,,,,,,,,0.7923,2024-11-25T14:39:00+00:00,772,2549
summary,2024-11-28,MSFT,,,,,,,0.00,,0,,,,,,,,,,1.0000,2024-11-25T14:39:00+00:00,946,1731
summary,2024-11-29,SPY,,,,,,,0.00,,0,,,,,,,,,,0.4964,2024-11-26T16:02:00+00:00,1149,1828
summary,2024-11-29,QQQ,,,,,,,0.00,,0,,,,,,,,,,0.4109,2024-11-29T15:17:00+00:00,744,1913
summary,2024-11-29,AAPL,,,,,,,0.00,,0,,,,,,,,,,0.9055,2024-11-26T15:44:00+00:00,970,1647
trade,2024-11-29,NVDA,Long,2024-11-29T14:51:00+00:00,2024-11-29T15:56:00+00:00,137.2409,138.4435,2.19,2.63,0.008763,3900000,SessionClose,0.4699,0.0528,0.5192,0.4341,0.5250,0.0236,-0.1658,0.4999,,,
summary,2024-11-29,NVDA,,,,,,,2.63,,1,,,,,,,,,,0.9324,2024-11-26T14:32:00+00:00,962,2307
summary,2024-11-29,MSFT,,,,,,,0.00,,0,,,,,,,,,,0.9567,2024-11-26T15:42:00+00:00,619,1485
summary,2024-12-02,SPY,,,,,,,0.00,,0,,,,,,,,,,0.7533,2024-11-29T16:01:00+00:00,682,997
trade,2024-12-02,QQQ,Long,2024-12-02T14:31:00+00:00,2024-12-02T15:56:00+00:00,511.5789,513.6557,0.59,1.22,0.004059,5100000,SessionClose,0.4450,-0.0202,0.5482,0.4028,0.4949,-0.4489,-0.1860,0.4543,,,
summary,2024-12-02,QQQ,,,,,,,1.22,,1,,,,,,,,,,0.8468,2024-11-29T15:43:00+00:00,813,995
trade,2024-12-02,AAPL,Long,2024-12-02T14:31:00+00:00,2024-12-02T15:56:00+00:00,238.7666,240.0631,1.26,1.63,0.005430,5100000,SessionClose,0.4997,0.1015,0.5968,0.4632,0.5404,-0.4348,-0.0429,0.5690,,,
summary,2024-12-02,AAPL,,,,,,,1.63,,1,,,,,,,,,,0.7779,2024-11-29T14:40:00+00:00,810,936
trade,2024-12-02,NVDA,Long,2024-12-02T14:36:00+00:00,2024-12-02T15:36:00+00:00,139.3948,138.8733,2.15,-1.12,-0.003741,3600000,ScoreExit,0.6169,-0.1053,0.5138,0.5636,0.7579,-0.4986,-0.3305,0.4763,,,
summary,2024-12-02,NVDA,,,,,,,-1.12,,1,,,,,,,,,,0.9003,2024-11-29T14:59:00+00:00,516,1166
trade,2024-12-02,MSFT,Long,2024-12-02T14:36:00+00:00,2024-12-02T15:56:00+00:00,424.3723,431.3056,0.71,4.90,0.016338,4800000,SessionClose,0.4768,0.2383,0.5520,0.4436,0.5181,-0.4414,0.1396,0.6623,,,
summary,2024-12-02,MSFT,,,,,,,4.90,,1,,,,,,,,,,0.9546,2024-11-29T15:43:00+00:00,608,773
summary,2024-12-03,SPY,,,,,,,0.00,,0,,,,,,,,,,0.5032,2024-12-02T10:22:00+00:00,823,1321
summary,2024-12-03,QQQ,,,,,,,0.00,,0,,,,,,,,,,0.5281,2024-12-02T14:54:00+00:00,996,1433
trade,2024-12-03,AAPL,Long,2024-12-03T15:11:00+00:00,2024-12-03T15:56:00+00:00,240.7872,240.7691,1.25,-0.02,-0.000075,2700000,SessionClose,0.3679,0.2194,-0.1254,0.4075,0.4530,-0.2269,0.1736,0.4598,,,
summary,2024-12-03,AAPL,,,,,,,-0.02,,1,,,,,,,,,,0.6345,2024-12-02T14:34:00+00:00,894,1244
trade,2024-12-03,NVDA,Long,2024-12-03T14:36:00+00:00,2024-12-03T15:21:00+00:00,139.9966,138.8233,2.14,-2.52,-0.008381,2700000,ScoreExit,0.5255,-0.0944,0.6326,0.4865,0.5679,-0.4634,-0.1996,0.2391,,,
summary,2024-12-03,NVDA,,,,,,,-2.52,,1,,,,,,,,,,0.7001,2024-12-02T14:49:00+00:00,923,1667
summary,2024-12-03,MSFT,,,,,,,0.00,,0,,,,,,,,,,0.7523,2024-12-02T15:32:00+00:00,788,1055
summary,2024-12-04,SPY,,,,,,,0.00,,0,,,,,,,,,,0.5032,2024-12-02T10:22:00+00:00,1373,2081
summary,2024-12-04,QQQ,,,,,,,0.00,,0,,,,,,,,,,0.5281,2024-12-02T14:54:00+00:00,1698,2278
summary,2024-12-04,AAPL,,,,,,,0.00,,0,,,,,,,,,,0.6345,2024-12-02T14:34:00+00:00,1441,1936
summary,2024-12-04,NVDA,,,,,,,0.00,,0,,,,,,,,,,0.7001,2024-12-02T14:49:00+00:00,1810,2622
trade,2024-12-04,MSFT,Long,2024-12-04T14:36:00+00:00,2024-12-04T15:56:00+00:00,435.9758,438.3535,0.69,1.64,0.005454,4800000,SessionClose,0.4243,0.2273,0.5627,0.4139,0.3990,0.1480,0.1491,0.4101,,,
summary,2024-12-04,MSFT,,,,,,,1.64,,1,,,,,,,,,,0.7523,2024-12-02T15:32:00+00:00,1284,1710
summary,2024-12-05,SPY,,,,,,,0.00,,0,,,,,,,,,,0.4346,2024-12-02T15:49:00+00:00,1522,2540
summary,2024-12-05,QQQ,,,,,,,0.00,,0,,,,,,,,,,0.5961,2024-12-02T17:04:00+00:00,1991,2816
summary,2024-12-05,AAPL,,,,,,,0.00,,0,,,,,,,,,,0.8933,2024-12-02T15:31:00+00:00,1639,2388
trade,2024-12-05,NVDA,Long,2024-12-05T14:44:00+00:00,2024-12-05T14:51:00+00:00,145.8237,144.9415,2.06,-1.81,-0.006050,420000,ScoreExit,0.3939,-0.0620,0.5310,0.4034,0.3293,-0.5159,-0.1820,0.3293,,,
summary,2024-12-05,NVDA,,,,,,,-1.81,,1,,,,,,,,,,1.0000,2024-12-02T14:38:00+00:00,2175,3252
summary,2024-12-05,MSFT,,,,,,,0.00,,0,,,,,,,,,,1.0000,2024-12-02T14:38:00+00:00,1667,2173
summary,2024-12-06,SPY,,,,,,,0.00,,0,,,,,,,,,,0.3662,2024-12-04T19:32:00+00:00,1559,2540
summary,2024-12-06,QQQ,,,,,,,0.00,,0,,,,,,,,,,0.5848,2024-12-03T16:02:00+00:00,2123,2814
summary,2024-12-06,AAPL,,,,,,,0.00,,0,,,,,,,,,,0.8539,2024-12-03T15:01:00+00:00,1610,2335
summary,2024-12-06,NVDA,,,,,,,0.00,,0,,,,,,,,,,1.0000,2024-12-03T14:34:00+00:00,2226,3256
summary,2024-12-06,MSFT,,,,,,,0.00,,0,,,,,,,,,,0.9045,2024-12-03T15:02:00+00:00,1616,2251
summary,2024-12-09,SPY,,,,,,,0.00,,0,,,,,,,,,,0.3490,2024-12-06T14:48:00+00:00,247,1152
summary,2024-12-09,QQQ,,,,,,,0.00,,0,,,,,,,,,,0.5623,2024-12-06T14:52:00+00:00,527,1201
trade,2024-12-09,AAPL,Long,2024-12-09T14:47:00+00:00,2024-12-09T15:56:00+00:00,243.7421,245.9012,1.23,2.66,0.008858,4140000,SessionClose,0.4055,0.4580,0.5582,0.4206,0.3245,0.5297,0.3802,0.5898,,,
summary,2024-12-09,AAPL,,,,,,,2.66,,1,,,,,,,,,,0.7979,2024-12-06T15:06:00+00:00,512,1072
summary,2024-12-09,NVDA,,,,,,,0.00,,0,,,,,,,,,,0.9347,2024-12-06T14:34:00+00:00,27,1351
trade,2024-12-09,MSFT,Long,2024-12-09T15:31:00+00:00,2024-12-09T15:56:00+00:00,444.6884,444.1817,0.67,-0.34,-0.001139,1500000,SessionClose,0.4074,0.1924,0.3732,0.4538,0.3260,-0.4020,0.2381,0.2991,,,
summary,2024-12-09,MSFT,,,,,,,-0.34,,1,,,,,,,,,,0.7598,2024-12-06T14:48:00+00:00,422,1013
summary,2024-12-10,SPY,,,,,,,0.00,,0,,,,,,,,,,0.2974,2024-12-09T12:04:00+00:00,278,1326
summary,2024-12-10,QQQ,,,,,,,0.00,,0,,,,,,,,,,0.3733,2024-12-10T14:44:00+00:00,312,1482
summary,2024-12-10,AAPL,,,,,,,0.00,,0,,,,,,,,,,0.6352,2024-12-09T16:04:00+00:00,990,1308
trade,2024-12-10,NVDA,Long,2024-12-10T14:36:00+00:00,2024-12-10T15:26:00+00:00,139.4718,140.4029,2.15,2.00,0.006675,3000000,ScoreExit,0.5107,-0.0637,-0.0049,0.4851,0.7339,-0.2267,-0.2223,0.3078,,,
summary,2024-12-10,NVDA,,,,,,,2.00,,1,,,,,,,,,,0.6868,2024-12-10T14:41:00+00:00,387,1676
trade,2024-12-10,MSFT,Long,2024-12-10T14:31:00+00:00,2024-12-10T15:56:00+00:00,445.5936,447.5607,0.67,1.32,0.004414,5100000,SessionClose,0.4711,0.0060,0.5854,0.5066,0.3619,-0.5102,-0.1451,0.4802,,,
summary,2024-12-10,MSFT,,,,,,,1.32,,1,,,,,,,,,,0.6268,2024-12-09T15:35:00+00:00,603,1164
summary,2024-12-11,SPY,,,,,,,0.00,,0,,,,,,,,,,0.3502,2024-12-11T14:06:00+00:00,840,2040
summary,2024-12-11,QQQ,,,,,,,0.00,,0,,,,,,,,,,0.4418,2024-12-11T14:51:00+00:00,745,2287
summary,2024-12-11,AAPL,,,,,,,0.00,,0,,,,,,,,,,0.6352,2024-12-09T16:04:00+00:00,1382,1981
summary,2024-12-11,NVDA,,,,,,,0.00,,0,,,,,,,,,,0.6868,2024-12-10T14:41:00+00:00,719,2633
trade,2024-12-11,MSFT,Long,2024-12-11T15:02:00+00:00,2024-12-11T15:56:00+00:00,446.6089,447.7506,0.67,0.77,0.002556,3240000,SessionClose,0.4039,0.1037,0.5225,0.4274,0.3175,-0.5308,0.0701,0.3824,,,
summary,2024-12-11,MSFT,,,,,,,0.77,,1,,,,,,,,,,0.6268,2024-12-09T15:35:00+00:00,940,1764
summary,2024-12-12,SPY,,,,,,,0.00,,0,,,,,,,,,,0.3585,2024-12-11T14:06:00+00:00,1161,2569
summary,2024-12-12,QQQ,,,,,,,0.00,,0,,,,,,,,,,0.4498,2024-12-11T14:51:00+00:00,1371,2820
summary,2024-12-12,AAPL,,,,,,,0.00,,0,,,,,,,,,,0.9568,2024-12-09T15:58:00+00:00,1687,2541
summary,2024-12-12,NVDA,,,,,,,0.00,,0,,,,,,,,,,0.9346,2024-12-09T14:45:00+00:00,1232,3255
trade,2024-12-12,MSFT,Long,2024-12-12T14:31:00+00:00,2024-12-12T15:56:00+00:00,450.6502,454.6886,0.67,2.69,0.008961,5100000,SessionClose,0.5247,0.3774,0.5681,0.5959,0.3678,-0.1024,0.3978,0.4966,,,
summary,2024-12-12,MSFT,,,,,,,2.69,,1,,,,,,,,,,0.8990,2024-12-09T15:35:00+00:00,1165,2164
summary,2024-12-13,SPY,,,,,,,0.00,,0,,,,,,,,,,0.5580,2024-12-10T15:43:00+00:00,1318,2648
summary,2024-12-13,QQQ,,,,,,,0.00,,0,,,,,,,,,,0.5327,2024-12-10T14:45:00+00:00,1733,2926
summary,2024-12-13,AAPL,,,,,,,0.00,,0,,,,,,,,,,0.7373,2024-12-10T14:48:00+00:00,1218,2579
summary,2024-12-13,NVDA,,,,,,,0.00,,0,,,,,,,,,,1.0000,2024-12-10T14:39:00+00:00,1520,3256
summary,2024-12-13,MSFT,,,,,,,0.00,,0,,,,,,,,,,0.9063,2024-12-10T14:32:00+00:00,903,2196
summary,2024-12-16,SPY,,,,,,,0.00,,0,,,,,,,,,,0.3551,2024-12-16T18:29:00+00:00,501,1102
trade,2024-12-16,QQQ,Long,2024-12-16T15:01:00+00:00,2024-12-16T15:56:00+00:00,535.2862,535.2944,0.56,0.00,0.000015,3300000,SessionClose,0.4413,0.1338,0.5539,0.4084,0.4693,0.2371,-0.0512,0.4693,,,
summary,2024-12-16,QQQ,,,,,,,0.00,,1,,,,,,,,,,0.6709,2024-12-13T14:45:00+00:00,762,1175
trade,2024-12-16,AAPL,Long,2024-12-16T14:32:00+00:00,2024-12-16T15:56:00+00:00,248.9096,249.2102,1.21,0.36,0.001208,5040000,SessionClose,0.4368,0.1952,0.5908,0.4424,0.3743,-0.1305,0.1198,0.4546,,,
summary,2024-12-16,AAPL,,,,,,,0.36,,1,,,,,,,,,,0.7569,2024-12-13T14:37:00+00:00,648,1037
summary,2024-12-16,NVDA,,,,,,,0.00,,0,,,,,,,,,,0.7380,2024-12-13T15:00:00+00:00,105,1350
summary,2024-12-16,MSFT,,,,,,,0.00,,0,,,,,,,,,,0.7116,2024-12-13T14:40:00+00:00,396,945
summary,2024-12-17,SPY,,,,,,,0.00,,0,,,,,,,,,,0.7087,2024-12-16T10:33:00+00:00,535,1346
summary,2024-12-17,QQQ,,,,,,,0.00,,0,,,,,,,,,,0.7392,2024-12-16T10:30:00+00:00,1030,1546
trade,2024-12-17,AAPL,Long,2024-12-17T14:41:00+00:00,2024-12-17T15:56:00+00:00,251.7705,252.1643,1.19,0.47,0.001564,4500000,SessionClose,0.5080,0.1037,0.5851,0.5043,0.4897,-0.3848,-0.0161,0.5061,,,
summary,2024-12-17,AAPL,,,,,,,0.47,,1,,,,,,,,,,0.6279,2024-12-16T14:34:00+00:00,916,1209
summary,2024-12-17,NVDA,,,,,,,0.00,,0,,,,,,,,,,0.6896,2024-12-16T19:39:00+00:00,486,1680
summary,2024-12-17,MSFT,,,,,,,0.00,,0,,,,,,,,,,0.5641,2024-12-16T19:54:00+00:00,750,1025
summary,2024-12-18,SPY,,,,,,,0.00,,0,,,,,,,,,,0.7087,2024-12-16T10:33:00+00:00,712,2077
summary,2024-12-18,QQQ,,,,,,,0.00,,0,,,,,,,,,,0.7392,2024-12-16T10:30:00+00:00,1177,2380
summary,2024-12-18,AAPL,,,,,,,0.00,,0,,,,,,,,,,0.6279,2024-12-16T14:34:00+00:00,1328,1890
trade,2024-12-18,NVDA,Long,2024-12-18T14:36:00+00:00,2024-12-18T15:56:00+00:00,133.7451,135.9141,2.25,4.87,0.016217,4800000,SessionClose,0.4612,0.3832,-0.1694,0.5122,0.5693,0.3547,0.2742,0.6107,,,
summary,2024-12-18,NVDA,,,,,,,4.87,,1,,,,,,,,,,0.6896,2024-12-16T19:39:00+00:00,1169,2640
summary,2024-12-18,MSFT,,,,,,,0.00,,0,,,,,,,,,,0.5641,2024-12-16T19:54:00+00:00,1042,1629
summary,2024-12-19,SPY,,,,,,,0.00,,0,,,,,,,,,,0.5449,2024-12-16T15:42:00+00:00,611,2797
summary,2024-12-19,QQQ,,,,,,,0.00,,0,,,,,,,,,,0.7460,2024-12-16T16:04:00+00:00,965,3046
trade,2024-12-19,AAPL,Long,2024-12-19T15:19:00+00:00,2024-12-19T15:56:00+00:00,250.6717,249.8800,1.20,-0.95,-0.003158,2220000,SessionClose,0.4036,0.1084,0.2801,0.5491,0.1537,-0.3487,0.1966,0.0843,,,
summary,2024-12-19,AAPL,,,,,,,-0.95,,1,,,,,,,,,,1.0000,2024-12-16T14:34:00+00:00,1490,2588
summary,2024-12-19,NVDA,,,,,,,0.00,,0,,,,,,,,,,0.8651,2024-12-16T15:00:00+00:00,1498,3271
summary,2024-12-19,MSFT,,,,,,,0.00,,0,,,,,,,,,,0.5866,2024-12-16T20:27:00+00:00,1000,2211
trade,2024-12-20,SPY,Long,2024-12-20T15:35:00+00:00,2024-12-20T15:56:00+00:00,588.2514,588.6983,0.51,0.23,0.000760,1260000,SessionClose,0.3837,0.2658,0.3712,0.5358,0.0838,0.4210,0.3310,0.0838,,,
summary,2024-12-20,SPY,,,,,,,0.23,,1,,,,,,,,,,0.5469,2024-12-17T16:00:00+00:00,703,2936
trade,2024-12-20,QQQ,Long,2024-12-20T15:35:00+00:00,2024-12-20T15:56:00+00:00,517.7403,518.1895,0.58,0.26,0.000868,1260000,SessionClose,0.4497,0.3038,0.4116,0.6016,0.1586,0.4270,0.3559,0.1586,,,
summary,2024-12-20,QQQ,,,,,,,0.26,,1,,,,,,,,,,0.5181,2024-12-20T16:43:00+00:00,714,3093
summary,2024-12-20,AAPL,,,,,,,0.00,,0,,,,,,,,,,0.9452,2024-12-17T14:41:00+00:00,1236,2710
trade,2024-12-20,NVDA,Long,2024-12-20T15:11:00+00:00,2024-12-20T15:56:00+00:00,130.4140,133.0751,2.31,6.13,0.020405,2700000,SessionClose,0.3938,0.4099,-0.1300,0.5145,0.3268,0.1077,0.3519,0.6268,,,
summary,2024-12-20,NVDA,,,,,,,6.13,,1,,,,,,,,,,1.0000,2024-12-17T14:41:00+00:00,2077,3271
trade,2024-12-20,MSFT,Long,2024-12-20T15:38:00+00:00,2024-12-20T15:56:00+00:00,434.7654,436.3541,0.69,1.10,0.003654,1080000,SessionClose,0.3551,0.3683,0.1382,0.5631,0.0115,0.3960,0.5420,0.0115,,,
summary,2024-12-20,MSFT,,,,,,,1.10,,1,,,,,,,,,,0.9218,2024-12-17T16:00:00+00:00,684,2360
summary,2024-12-23,SPY,,,,,,,0.00,,0,,,,,,,,,,0.9598,2024-12-20T16:04:00+00:00,897,1250
summary,2024-12-23,QQQ,,,,,,,0.00,,0,,,,,,,,,,0.9603,2024-12-20T16:04:00+00:00,882,1269
summary,2024-12-23,AAPL,,,,,,,0.00,,0,,,,,,,,,,0.9567,2024-12-20T16:04:00+00:00,978,1195
trade,2024-12-23,NVDA,Long,2024-12-23T14:31:00+00:00,2024-12-23T15:47:00+00:00,136.9459,136.0742,2.19,-1.91,-0.006365,4560000,MaxHoldTimeout,0.5660,0.0576,0.5829,0.4490,0.7945,-0.4306,-0.1933,0.7220,,,
summary,2024-12-23,NVDA,,,,,,,-1.91,,1,,,,,,,,,,1.0000,2024-12-20T14:39:00+00:00,1272,1351
summary,2024-12-23,MSFT,,,,,,,0.00,,0,,,,,,,,,,0.9579,2024-12-20T16:04:00+00:00,507,981
summary,2024-12-24,SPY,,,,,,,0.00,,0,,,,,,,,,,0.5375,2024-12-23T17:01:00+00:00,875,1312
trade,2024-12-24,QQQ,Long,2024-12-24T15:01:00+00:00,2024-12-24T15:56:00+00:00,526.8330,527.7066,0.57,0.50,0.001658,3300000,SessionClose,0.4489,0.2262,0.4844,0.4131,0.5086,-0.0351,0.1285,0.5086,,,
summary,2024-12-24,QQQ,,,,,,,0.50,,1,,,,,,,,,,0.5641,2024-12-23T17:01:00+00:00,1020,1405
trade,2024-12-24,AAPL,Long,2024-12-24T14:31:00+00:00,2024-12-24T15:56:00+00:00,255.9017,257.5277,1.17,1.91,0.006354,5100000,SessionClose,0.4400,0.0963,0.4474,0.4335,0.4505,-0.4164,-0.0257,0.5114,,,
summary,2024-12-24,AAPL,,,,,,,1.91,,1,,,,,,,,,,0.4707,2024-12-23T09:11:00+00:00,597,1147
trade,2024-12-24,NVDA,Long,2024-12-24T14:36:00+00:00,2024-12-24T15:56:00+00:00,140.7772,141.0177,2.13,0.51,0.001708,4800000,SessionClose,0.5367,0.3045,0.5151,0.4217,0.7739,0.5370,0.0774,0.6813,,,
summary,2024-12-24,NVDA,,,,,,,0.51,,1,,,,,,,,,,0.6890,2024-12-23T14:36:00+00:00,1238,1680
trade,2024-12-24,MSFT,Long,2024-12-24T15:11:00+00:00,2024-12-24T15:56:00+00:00,437.0461,438.0136,0.69,0.66,0.002214,2700000,SessionClose,0.4486,0.1827,0.5379,0.4185,0.4792,-0.1873,0.0920,0.4873,,,
summary,2024-12-24,MSFT,,,,,,,0.66,,1,,,,,,,,,,0.6794,2024-12-23T12:23:00+00:00,388,907
summary,2024-12-25,SPY,,,,,,,0.00,,0,,,,,,,,,,0.5375,2024-12-23T17:01:00+00:00,899,1340
summary,2024-12-25,QQQ,,,,,,,0.00,,0,,,,,,,,,,0.5641,2024-12-23T17:01:00+00:00,1046,1430
summary,2024-12-25,AAPL,,,,,,,0.00,,0,,,,,,,,,,0.4707,2024-12-23T09:11:00+00:00,613,1163
summary,2024-12-25,NVDA,,,,,,,0.00,,0,,,,,,,,,,0.6890,2024-12-23T14:36:00+00:00,1290,1739
summary,2024-12-25,MSFT,,,,,,,0.00,,0,,,,,,,,,,0.6794,2024-12-23T12:23:00+00:00,393,912
summary,2024-12-26,SPY,,,,,,,0.00,,0,,,,,,,,,,0.5703,2024-12-23T16:59:00+00:00,1356,1700
summary,2024-12-26,QQQ,,,,,,,0.00,,0,,,,,,,,,,0.5934,2024-12-23T16:59:00+00:00,1462,1813
trade,2024-12-26,AAPL,Long,2024-12-26T14:31:00+00:00,2024-12-26T14:51:00+00:00,258.9927,258.5874,1.16,-0.47,-0.001565,1200000,ScoreExit,0.4093,-0.0713,0.5171,0.4241,0.3438,-0.5286,-0.2027,0.3438,,,
summary,2024-12-26,AAPL,,,,,,,-0.47,,1,,,,,,,,,,0.5148,2024-12-23T20:54:00+00:00,966,1481
summary,2024-12-26,NVDA,,,,,,,0.00,,0,,,,,,,,,,1.0000,2024-12-23T14:36:00+00:00,1716,2129
summary,2024-12-26,MSFT,,,,,,,0.00,,0,,,,,,,,,,0.4653,2024-12-23T18:39:00+00:00,698,1267
summary,2024-12-27,SPY,,,,,,,0.00,,0,,,,,,,,,,0.8389,2024-12-24T15:46:00+00:00,723,1686
summary,2024-12-27,QQQ,,,,,,,0.00,,0,,,,,,,,,,0.8541,2024-12-24T15:46:00+00:00,814,1748
summary,2024-12-27,AAPL,,,,,,,0.00,,0,,,,,,,,,,0.8889,2024-12-24T15:49:00+00:00,800,1500
summary,2024-12-27,NVDA,,,,,,,0.00,,0,,,,,,,,,,1.0000,2024-12-24T14:37:00+00:00,421,2112
summary,2024-12-27,MSFT,,,,,,,0.00,,0,,,,,,,,,,0.9549,2024-12-24T15:49:00+00:00,570,1193
summary,2024-12-30,SPY,,,,,,,0.00,,0,,,,,,,,,,0.4041,2024-12-27T19:56:00+00:00,374,1134
summary,2024-12-30,QQQ,,,,,,,0.00,,0,,,,,,,,,,0.5266,2024-12-27T21:04:00+00:00,437,1194
summary,2024-12-30,AAPL,,,,,,,0.00,,0,,,,,,,,,,0.4407,2024-12-27T21:02:00+00:00,241,1094
trade,2024-12-30,NVDA,Long,2024-12-30T14:42:00+00:00,2024-12-30T15:56:00+00:00,136.4459,137.7936,2.20,2.96,0.009877,4440000,SessionClose,0.5140,0.3814,0.6115,0.6026,0.3043,0.4930,0.1943,0.7183,,,
summary,2024-12-30,NVDA,,,,,,,2.96,,1,,,,,,,,,,0.6716,2024-12-30T14:51:00+00:00,759,1340
summary,2024-12-30,MSFT,,,,,,,0.00,,0,,,,,,,,,,0.4658,2024-12-27T21:09:00+00:00,312,980
summary,2024-12-31,SPY,,,,,,,0.00,,0,,,,,,,,,,0.6204,2024-12-30T16:43:00+00:00,624,1345
summary,2024-12-31,QQQ,,,,,,,0.00,,0,,,,,,,,,,0.6107,2024-12-30T16:42:00+00:00,602,1513
summary,2024-12-31,AAPL,,,,,,,0.00,,0,,,,,,,,,,0.5601,2024-12-30T17:28:00+00:00,425,1215
summary,2024-12-31,NVDA,,,,,,,0.00,,0,,,,,,,,,,0.7924,2024-12-30T14:51:00+00:00,789,1660
summary,2024-12-31,MSFT,,,,,,,0.00,,0,,,,,,,,,,0.5826,2024-12-30T17:45:00+00:00,429,1058
