row_type,date,ticker,direction,entry_time,exit_time,entry_price,exit_price,size,pnl,pnl_pct,hold_duration_ms,exit_reason,entry_composite,exit_composite,entry_1m,entry_5m,entry_1h,exit_1m,exit_5m,exit_1h,max_composite,max_composite_time,positive_ticks,total_ticks
summary,2023-01-02,SPY,,,,,,,0.00,,0,,,,,,,,,,0.6592,2022-12-30T20:51:00+00:00,250,489
summary,2023-01-02,QQQ,,,,,,,0.00,,0,,,,,,,,,,0.8888,2022-12-30T15:49:00+00:00,312,494
summary,2023-01-02,AAPL,,,,,,,0.00,,0,,,,,,,,,,0.9585,2022-12-30T15:48:00+00:00,342,494
summary,2023-01-02,NVDA,,,,,,,0.00,,0,,,,,,,,,,1.0000,2022-12-30T14:34:00+00:00,343,460
summary,2023-01-02,MSFT,,,,,,,0.00,,0,,,,,,,,,,0.8504,2022-12-30T15:49:00+00:00,253,444
summary,2023-01-03,SPY,,,,,,,0.00,,0,,,,,,,,,,0.4810,2023-01-03T09:16:00+00:00,148,685
summary,2023-01-03,QQQ,,,,,,,0.00,,0,,,,,,,,,,0.5068,2023-01-03T14:39:00+00:00,198,696
summary,2023-01-03,AAPL,,,,,,,0.00,,0,,,,,,,,,,0.5841,2023-01-03T09:04:00+00:00,94,655
summary,2023-01-03,NVDA,,,,,,,0.00,,0,,,,,,,,,,0.8155,2023-01-03T09:36:00+00:00,133,610
summary,2023-01-03,MSFT,,,,,,,0.00,,0,,,,,,,,,,0.7629,2023-01-03T09:45:00+00:00,133,525
summary,2023-01-04,SPY,,,,,,,0.00,,0,,,,,,,,,,0.5161,2023-01-04T16:35:00+00:00,670,1493
summary,2023-01-04,QQQ,,,,,,,0.00,,0,,,,,,,,,,0.5279,2023-01-04T16:35:00+00:00,755,1541
trade,2023-01-04,AAPL,Long,2023-01-04T15:46:00+00:00,2023-01-04T15:56:00+00:00,126.9404,126.8109,2.36,-0.31,-0.001020,600000,SessionClose,0.4365,0.4038,0.5942,0.4052,0.4465,0.1847,0.4190,0.4465,,,
trade,2023-01-04,AAPL,Long,2023-01-04T15:58:00+00:00,2023-01-04T15:59:00+00:00,126.8701,126.7896,2.36,-0.19,-0.000634,60000,SessionClose,0.4061,0.3830,0.2074,0.4190,0.4465,-0.0238,0.4190,0.4465,,,
summary,2023-01-04,AAPL,,,,,,,-0.50,,2,,,,,,,,,,0.5841,2023-01-03T09:04:00+00:00,550,1528
trade,2023-01-04,NVDA,Long,2023-01-04T14:36:00+00:00,2023-01-04T14:43:00+00:00,146.6243,146.8256,2.05,0.41,0.001373,420000,ScoreExit,0.4826,-0.0545,0.5842,0.4879,0.4379,-0.0388,-0.3033,0.4379,,,
summary,2023-01-04,NVDA,,,,,,,0.41,,1,,,,,,,,,,0.8155,2023-01-03T09:36:00+00:00,632,1270
summary,2023-01-04,MSFT,,,,,,,0.00,,0,,,,,,,,,,0.7629,2023-01-03T09:45:00+00:00,185,1238
summary,2023-01-05,SPY,,,,,,,0.00,,0,,,,,,,,,,0.5161,2023-01-04T16:35:00+00:00,1017,2362
summary,2023-01-05,QQQ,,,,,,,0.00,,0,,,,,,,,,,0.5279,2023-01-04T16:35:00+00:00,1043,2434
summary,2023-01-05,AAPL,,,,,,,0.00,,0,,,,,,,,,,0.5841,2023-01-03T09:04:00+00:00,995,2416
summary,2023-01-05,NVDA,,,,,,,0.00,,0,,,,,,,,,,0.8155,2023-01-03T09:36:00+00:00,804,1952
summary,2023-01-05,MSFT,,,,,,,0.00,,0,,,,,,,,,,0.7629,2023-01-03T09:45:00+00:00,185,1971
trade,2023-01-06,SPY,Long,2023-01-06T15:36:00+00:00,2023-01-06T15:56:00+00:00,383.9118,385.0880,0.78,0.92,0.003064,1200000,SessionClose,0.4952,0.4430,0.5545,0.4951,0.4757,0.3581,0.4409,0.4757,,,
trade,2023-01-06,SPY,Long,2023-01-06T15:58:00+00:00,2023-01-06T15:59:00+00:00,385.3521,385.2729,0.78,-0.06,-0.000205,60000,SessionClose,0.4515,0.4591,0.4424,0.4409,0.4757,0.5193,0.4409,0.4757,,,
summary,2023-01-06,SPY,,,,,,,0.86,,2,,,,,,,,,,0.7856,2023-01-03T14:41:00+00:00,1287,2893
trade,2023-01-06,QQQ,Long,2023-01-06T15:36:00+00:00,2023-01-06T15:56:00+00:00,264.3679,265.3119,1.13,1.07,0.003571,1200000,SessionClose,0.4589,0.4643,0.5571,0.4832,0.3775,0.3194,0.4719,0.4976,,,
trade,2023-01-06,QQQ,Long,2023-01-06T15:58:00+00:00,2023-01-06T15:59:00+00:00,265.5581,265.6019,1.13,0.05,0.000165,60000,SessionClose,0.4788,0.4860,0.4642,0.4719,0.4976,0.5360,0.4719,0.4976,,,
summary,2023-01-06,QQQ,,,,,,,1.12,,2,,,,,,,,,,0.9208,2023-01-03T14:41:00+00:00,1203,2977
trade,2023-01-06,AAPL,Long,2023-01-06T15:46:00+00:00,2023-01-06T15:56:00+00:00,127.2104,127.2495,2.36,0.09,0.000307,600000,SessionClose,0.4034,0.3254,-0.0097,0.4152,0.5175,-0.1736,0.3126,0.5175,,,
summary,2023-01-06,AAPL,,,,,,,0.09,,1,,,,,,,,,,1.0000,2023-01-03T14:41:00+00:00,1449,2956
trade,2023-01-06,NVDA,Long,2023-01-06T15:38:00+00:00,2023-01-06T15:56:00+00:00,143.9338,145.1660,2.08,2.57,0.008561,1080000,SessionClose,0.4572,0.5492,0.5827,0.4887,0.3523,0.1054,0.6168,0.5618,,,
trade,2023-01-06,NVDA,Long,2023-01-06T15:58:00+00:00,2023-01-06T15:59:00+00:00,145.4041,145.5259,2.06,0.25,0.000838,60000,SessionClose,0.5714,0.5864,0.3278,0.6168,0.5618,0.4782,0.6168,0.5618,,,
summary,2023-01-06,NVDA,,,,,,,2.82,,2,,,,,,,,,,1.0000,2023-01-03T14:38:00+00:00,1045,2358
summary,2023-01-06,MSFT,,,,,,,0.00,,0,,,,,,,,,,1.0000,2023-01-03T14:33:00+00:00,243,2477
trade,2023-01-09,SPY,Long,2023-01-09T14:51:00+00:00,2023-01-09T15:56:00+00:00,391.0132,393.0964,0.77,1.60,0.005328,3900000,SessionClose,0.4526,0.2109,0.4854,0.4079,0.5312,0.5112,0.0089,0.5149,,,
summary,2023-01-09,SPY,,,,,,,1.60,,1,,,,,,,,,,0.9549,2023-01-06T15:49:00+00:00,922,1148
trade,2023-01-09,QQQ,Long,2023-01-09T14:41:00+00:00,2023-01-09T15:56:00+00:00,271.4393,274.6501,1.11,3.55,0.011829,4500000,SessionClose,0.4916,0.1977,0.2868,0.4308,0.6815,0.4321,-0.0526,0.6201,,,
summary,2023-01-09,QQQ,,,,,,,3.55,,1,,,,,,,,,,0.9536,2023-01-06T15:58:00+00:00,981,1147
trade,2023-01-09,AAPL,Long,2023-01-09T14:31:00+00:00,2023-01-09T15:56:00+00:00,131.3813,132.9784,2.28,3.65,0.012156,5100000,SessionClose,0.5324,0.2414,0.6026,0.4321,0.7096,0.3900,0.0135,0.6477,,,
summary,2023-01-09,AAPL,,,,,,,3.65,,1,,,,,,,,,,1.0000,2023-01-06T14:34:00+00:00,975,1143
summary,2023-01-09,NVDA,,,,,,,0.00,,0,,,,,,,,,,0.9604,2023-01-06T15:53:00+00:00,924,1041
trade,2023-01-09,MSFT,Long,2023-01-09T14:36:00+00:00,2023-01-09T15:56:00+00:00,227.0504,229.8990,1.32,3.77,0.012546,4800000,SessionClose,0.4801,0.1730,0.0367,0.4479,0.6922,-0.0093,-0.0270,0.6337,,,
summary,2023-01-09,MSFT,,,,,,,3.77,,1,,,,,,,,,,1.0000,2023-01-06T14:35:00+00:00,793,980
summary,2023-01-10,SPY,,,,,,,0.00,,0,,,,,,,,,,0.7263,2023-01-09T10:23:00+00:00,580,1506
summary,2023-01-10,QQQ,,,,,,,0.00,,0,,,,,,,,,,0.7037,2023-01-09T15:03:00+00:00,725,1518
summary,2023-01-10,AAPL,,,,,,,0.00,,0,,,,,,,,,,0.6850,2023-01-09T15:07:00+00:00,471,1444
trade,2023-01-10,NVDA,Long,2023-01-10T14:31:00+00:00,2023-01-10T14:47:00+00:00,155.7761,155.3139,1.93,-0.89,-0.002967,960000,ScoreExit,0.5455,-0.0567,0.3452,0.7609,0.1813,-0.6739,-0.0728,0.1813,,,
trade,2023-01-10,NVDA,Long,2023-01-10T15:12:00+00:00,2023-01-10T15:31:00+00:00,157.2364,156.9736,1.91,-0.50,-0.001672,1140000,ScoreExit,0.4100,-0.1496,0.3453,0.4575,0.3365,-0.6020,-0.2913,0.2847,,,
summary,2023-01-10,NVDA,,,,,,,-1.40,,2,,,,,,,,,,0.8975,2023-01-09T09:25:00+00:00,813,1264
trade,2023-01-10,MSFT,Long,2023-01-10T14:31:00+00:00,2023-01-10T15:30:00+00:00,228.4107,229.3046,1.31,1.17,0.003914,3540000,ScoreExit,0.3833,-0.0510,-0.0170,0.4313,0.4208,-0.5355,-0.2014,0.4114,,,
summary,2023-01-10,MSFT,,,,,,,1.17,,1,,,,,,,,,,0.7021,2023-01-09T15:00:00+00:00,689,1166
summary,2023-01-11,SPY,,,,,,,0.00,,0,,,,,,,,,,0.7263,2023-01-09T10:23:00+00:00,1266,2355
summary,2023-01-11,QQQ,,,,,,,0.00,,0,,,,,,,,,,0.7037,2023-01-09T15:03:00+00:00,1381,2351
summary,2023-01-11,AAPL,,,,,,,0.00,,0,,,,,,,,,,0.6850,2023-01-09T15:07:00+00:00,1055,2211
summary,2023-01-11,NVDA,,,,,,,0.00,,0,,,,,,,,,,0.8975,2023-01-09T09:25:00+00:00,1280,1926
trade,2023-01-11,MSFT,Long,2023-01-11T14:31:00+00:00,2023-01-11T15:56:00+00:00,231.7313,232.4285,1.30,0.90,0.003009,5100000,SessionClose,0.4826,0.0091,0.5350,0.5014,0.4274,-0.3835,-0.1482,0.4543,,,
summary,2023-01-11,MSFT,,,,,,,0.90,,1,,,,,,,,,,0.7021,2023-01-09T15:00:00+00:00,1254,1796
trade,2023-01-12,SPY,Long,2023-01-12T15:36:00+00:00,2023-01-12T15:56:00+00:00,396.5943,395.8858,0.76,-0.54,-0.001786,1200000,SessionClose,0.4215,0.1811,0.4926,0.4353,0.3703,0.4766,0.0373,0.3703,,,
summary,2023-01-12,SPY,,,,,,,-0.54,,1,,,,,,,,,,0.9343,2023-01-09T15:49:00+00:00,1724,2964
trade,2023-01-12,QQQ,Long,2023-01-12T15:36:00+00:00,2023-01-12T15:56:00+00:00,277.9406,277.1895,1.08,-0.81,-0.002702,1200000,SessionClose,0.4006,0.1449,0.4261,0.4117,0.3700,0.4163,-0.0128,0.3700,,,
summary,2023-01-12,QQQ,,,,,,,-0.81,,1,,,,,,,,,,0.9547,2023-01-09T15:45:00+00:00,1793,2933
summary,2023-01-12,AAPL,,,,,,,0.00,,0,,,,,,,,,,0.9541,2023-01-09T15:46:00+00:00,1686,2775
summary,2023-01-12,NVDA,,,,,,,0.00,,0,,,,,,,,,,1.0000,2023-01-09T14:41:00+00:00,1686,2406
trade,2023-01-12,MSFT,Long,2023-01-12T15:11:00+00:00,2023-01-12T15:56:00+00:00,236.4923,237.7274,1.27,1.57,0.005223,2700000,SessionClose,0.5353,0.1669,0.5375,0.5926,0.4200,0.5053,-0.0161,0.4200,,,
summary,2023-01-12,MSFT,,,,,,,1.57,,1,,,,,,,,,,0.9516,2023-01-09T15:40:00+00:00,1642,2303
trade,2023-01-13,SPY,Long,2023-01-13T15:21:00+00:00,2023-01-13T15:56:00+00:00,395.8141,396.5057,0.76,0.52,0.001747,2100000,SessionClose,0.3944,0.1713,0.1514,0.5015,0.2612,0.4974,0.0719,0.2612,,,
summary,2023-01-13,SPY,,,,,,,0.52,,1,,,,,,,,,,0.7325,2023-01-10T15:16:00+00:00,2300,2964
summary,2023-01-13,QQQ,,,,,,,0.00,,0,,,,,,,,,,1.0000,2023-01-10T14:34:00+00:00,2345,2928
summary,2023-01-13,AAPL,,,,,,,0.00,,0,,,,,,,,,,1.0000,2023-01-10T14:34:00+00:00,2027,2738
trade,2023-01-13,NVDA,Long,2023-01-13T14:31:00+00:00,2023-01-13T15:56:00+00:00,162.6773,167.7614,1.85,9.38,0.031253,5100000,SessionClose,0.4478,0.3206,0.2390,0.5341,0.3447,0.1684,0.2223,0.5680,,,
summary,2023-01-13,NVDA,,,,,,,9.38,,1,,,,,,,,,,1.0000,2023-01-10T14:32:00+00:00,1813,2408
summary,2023-01-13,MSFT,,,,,,,0.00,,0,,,,,,,,,,1.0000,2023-01-10T14:34:00+00:00,1562,2281
summary,2023-01-16,SPY,,,,,,,0.00,,0,,,,,,,,,,0.8819,2023-01-13T15:47:00+00:00,449,493
summary,2023-01-16,QQQ,,,,,,,0.00,,0,,,,,,,,,,0.9528,2023-01-13T15:47:00+00:00,436,488
summary,2023-01-16,AAPL,,,,,,,0.00,,0,,,,,,,,,,0.9576,2023-01-13T15:40:00+00:00,440,476
summary,2023-01-16,NVDA,,,,,,,0.00,,0,,,,,,,,,,1.0000,2023-01-13T14:34:00+00:00,410,454
summary,2023-01-16,MSFT,,,,,,,0.00,,0,,,,,,,,,,0.6077,2023-01-13T18:48:00+00:00,309,443
trade,2023-01-17,SPY,Long,2023-01-17T15:01:00+00:00,2023-01-17T15:36:00+00:00,399.2349,399.2351,0.75,0.00,0.000001,2100000,ScoreExit,0.4017,-0.1106,0.4333,0.4177,0.3592,-0.4811,-0.1852,0.1620,,,
summary,2023-01-17,SPY,,,,,,,0.00,,1,,,,,,,,,,0.5251,2023-01-17T15:03:00+00:00,259,650
trade,2023-01-17,QQQ,Long,2023-01-17T15:01:00+00:00,2023-01-17T15:37:00+00:00,281.7513,281.4887,1.07,-0.28,-0.000932,2160000,ScoreExit,0.5495,-0.0974,0.4874,0.4758,0.7176,-0.5730,-0.1318,0.1300,,,
summary,2023-01-17,QQQ,,,,,,,-0.28,,1,,,,,,,,,,0.6466,2023-01-17T15:06:00+00:00,388,656
trade,2023-01-17,AAPL,Long,2023-01-17T15:06:00+00:00,2023-01-17T15:41:00+00:00,136.3802,135.6529,2.20,-1.60,-0.005333,2100000,ScoreExit,0.6428,-0.1460,0.5911,0.4728,1.0000,-0.5834,-0.1521,0.0118,,,
summary,2023-01-17,AAPL,,,,,,,-1.60,,1,,,,,,,,,,0.6896,2023-01-17T15:20:00+00:00,385,606
trade,2023-01-17,NVDA,Long,2023-01-17T14:31:00+00:00,2023-01-17T15:56:00+00:00,170.7892,174.4801,1.76,6.48,0.021611,5100000,SessionClose,0.7969,0.0571,0.5579,0.7507,0.9688,-0.5275,-0.1314,0.6289,,,
summary,2023-01-17,NVDA,,,,,,,6.48,,1,,,,,,,,,,0.8464,2023-01-17T14:39:00+00:00,464,557
summary,2023-01-17,MSFT,,,,,,,0.00,,0,,,,,,,,,,0.7369,2023-01-17T15:09:00+00:00,348,553
summary,2023-01-18,SPY,,,,,,,0.00,,0,,,,,,,,,,0.5251,2023-01-17T15:03:00+00:00,533,1477
summary,2023-01-18,QQQ,,,,,,,0.00,,0,,,,,,,,,,0.6466,2023-01-17T15:06:00+00:00,736,1484
trade,2023-01-18,AAPL,Long,2023-01-18T14:56:00+00:00,2023-01-18T15:38:00+00:00,137.5911,137.4575,2.18,-0.29,-0.000971,2520000,ScoreExit,0.4718,-0.0553,0.0949,0.4409,0.6591,-0.5539,-0.2469,0.4939,,,
summary,2023-01-18,AAPL,,,,,,,-0.29,,1,,,,,,,,,,0.6896,2023-01-17T15:20:00+00:00,821,1394
trade,2023-01-18,NVDA,Long,2023-01-18T14:35:00+00:00,2023-01-18T15:16:00+00:00,177.6061,177.5595,1.69,-0.08,-0.000263,2460000,ScoreExit,0.4574,-0.0949,0.5509,0.4211,0.4987,-0.2052,-0.3447,0.4416,,,
summary,2023-01-18,NVDA,,,,,,,-0.08,,1,,,,,,,,,,0.8464,2023-01-17T14:39:00+00:00,979,1333
summary,2023-01-18,MSFT,,,,,,,0.00,,0,,,,,,,,,,0.7369,2023-01-17T15:09:00+00:00,558,1195
summary,2023-01-19,SPY,,,,,,,0.00,,0,,,,,,,,,,0.5251,2023-01-17T15:03:00+00:00,533,2378
summary,2023-01-19,QQQ,,,,,,,0.00,,0,,,,,,,,,,0.6466,2023-01-17T15:06:00+00:00,736,2364
summary,2023-01-19,AAPL,,,,,,,0.00,,0,,,,,,,,,,0.6896,2023-01-17T15:20:00+00:00,915,2233
summary,2023-01-19,NVDA,,,,,,,0.00,,0,,,,,,,,,,0.8464,2023-01-17T14:39:00+00:00,979,2048
summary,2023-01-19,MSFT,,,,,,,0.00,,0,,,,,,,,,,0.7369,2023-01-17T15:09:00+00:00,558,1873
summary,2023-01-20,SPY,,,,,,,0.00,,0,,,,,,,,,,0.6409,2023-01-17T15:03:00+00:00,559,2976
summary,2023-01-20,QQQ,,,,,,,0.00,,0,,,,,,,,,,0.9011,2023-01-17T15:03:00+00:00,827,2944
summary,2023-01-20,AAPL,,,,,,,0.00,,0,,,,,,,,,,0.8977,2023-01-17T15:05:00+00:00,1239,2777
summary,2023-01-20,NVDA,,,,,,,0.00,,0,,,,,,,,,,1.0000,2023-01-17T14:31:00+00:00,1214,2524
trade,2023-01-20,MSFT,Long,2023-01-20T14:41:00+00:00,2023-01-20T15:42:00+00:00,235.6221,235.7378,1.27,0.15,0.000491,3660000,ScoreExit,0.4312,-0.0918,0.3357,0.6178,0.0897,-0.5538,-0.1262,0.1310,,,
summary,2023-01-20,MSFT,,,,,,,0.15,,1,,,,,,,,,,0.8974,2023-01-17T15:03:00+00:00,890,2330
trade,2023-01-23,SPY,Long,2023-01-23T14:51:00+00:00,2023-01-23T15:56:00+00:00,397.9046,399.8650,0.75,1.48,0.004927,3900000,SessionClose,0.4699,0.3816,0.5782,0.4049,0.5637,0.5342,0.2584,0.5772,,,
summary,2023-01-23,SPY,,,,,,,1.48,,1,,,,,,,,,,0.8212,2023-01-20T16:04:00+00:00,1026,1153
trade,2023-01-23,QQQ,Long,2023-01-23T14:46:00+00:00,2023-01-23T15:56:00+00:00,284.7619,287.5375,1.05,2.92,0.009747,4200000,SessionClose,0.5264,0.2606,0.5625,0.4834,0.6005,0.2249,0.0972,0.5992,,,
summary,2023-01-23,QQQ,,,,,,,2.92,,1,,,,,,,,,,0.8710,2023-01-20T16:02:00+00:00,1042,1137
trade,2023-01-23,AAPL,Long,2023-01-23T14:31:00+00:00,2023-01-23T15:56:00+00:00,138.1526,141.3441,2.17,6.93,0.023101,5100000,SessionClose,0.5176,0.3291,0.4036,0.4336,0.7236,0.5085,0.0946,0.7382,,,
summary,2023-01-23,AAPL,,,,,,,6.93,,1,,,,,,,,,,0.7940,2023-01-20T15:35:00+00:00,994,1121
trade,2023-01-23,NVDA,Long,2023-01-23T14:46:00+00:00,2023-01-23T15:56:00+00:00,181.3213,188.1774,1.65,11.34,0.037812,4200000,SessionClose,0.6029,0.5494,0.5444,0.4539,0.9204,0.2682,0.3710,1.0000,,,
summary,2023-01-23,NVDA,,,,,,,11.34,,1,,,,,,,,,,0.8998,2023-01-20T15:06:00+00:00,1015,1106
trade,2023-01-23,MSFT,Long,2023-01-23T15:21:00+00:00,2023-01-23T15:56:00+00:00,241.7333,242.8964,1.24,1.44,0.004811,2100000,SessionClose,0.4903,0.2490,0.5178,0.4158,0.6301,-0.2832,0.1472,0.6301,,,
summary,2023-01-23,MSFT,,,,,,,1.44,,1,,,,,,,,,,0.9743,2023-01-20T14:41:00+00:00,956,1037
summary,2023-01-24,SPY,,,,,,,0.00,,0,,,,,,,,,,1.0000,2023-01-23T09:00:00+00:00,967,1501
trade,2023-01-24,QQQ,Long,2023-01-24T14:53:00+00:00,2023-01-24T15:01:00+00:00,289.0828,287.4375,1.04,-1.71,-0.005691,480000,ScoreExit,0.4627,-0.0742,0.5601,0.5152,0.3252,-0.6144,-0.1302,0.2179,,,
summary,2023-01-24,QQQ,,,,,,,-1.71,,1,,,,,,,,,,0.6839,2023-01-23T14:52:00+00:00,1027,1479
trade,2023-01-24,AAPL,Long,2023-01-24T14:33:00+00:00,2023-01-24T15:56:00+00:00,141.1732,142.0854,2.13,1.94,0.006461,4980000,SessionClose,0.4394,0.3580,0.5676,0.4770,0.3216,0.5432,0.2001,0.6122,,,
summary,2023-01-24,AAPL,,,,,,,1.94,,1,,,,,,,,,,0.6870,2023-01-23T14:52:00+00:00,950,1405
trade,2023-01-24,NVDA,Long,2023-01-24T14:31:00+00:00,2023-01-24T15:56:00+00:00,188.4527,192.1819,1.60,5.95,0.019788,5100000,SessionClose,0.4511,0.3246,0.2876,0.4926,0.4225,0.5215,0.1155,0.6773,,,
summary,2023-01-24,NVDA,,,,,,,5.95,,1,,,,,,,,,,0.8578,2023-01-23T15:00:00+00:00,1095,1409
trade,2023-01-24,MSFT,Long,2023-01-24T15:12:00+00:00,2023-01-24T15:56:00+00:00,243.2786,242.5865,1.23,-0.85,-0.002845,2640000,SessionClose,0.4074,0.1122,0.5944,0.4165,0.3268,-0.0582,0.0806,0.2321,,,
summary,2023-01-24,MSFT,,,,,,,-0.85,,1,,,,,,,,,,0.6620,2023-01-23T16:07:00+00:00,773,1235
summary,2023-01-25,SPY,,,,,,,0.00,,0,,,,,,,,,,1.0000,2023-01-23T09:00:00+00:00,1175,2403
summary,2023-01-25,QQQ,,,,,,,0.00,,0,,,,,,,,,,0.6839,2023-01-23T14:52:00+00:00,1253,2402
summary,2023-01-25,AAPL,,,,,,,0.00,,0,,,,,,,,,,0.6870,2023-01-23T14:52:00+00:00,1229,2256
summary,2023-01-25,NVDA,,,,,,,0.00,,0,,,,,,,,,,0.8578,2023-01-23T15:00:00+00:00,1462,2231
summary,2023-01-25,MSFT,,,,,,,0.00,,0,,,,,,,,,,0.8830,2023-01-24T21:06:00+00:00,1095,2137
summary,2023-01-26,SPY,,,,,,,0.00,,0,,,,,,,,,,0.9543,2023-01-23T16:03:00+00:00,1611,3016
summary,2023-01-26,QQQ,,,,,,,0.00,,0,,,,,,,,,,0.9544,2023-01-23T15:49:00+00:00,1749,3015
trade,2023-01-26,AAPL,Long,2023-01-26T14:31:00+00:00,2023-01-26T15:01:00+00:00,143.6237,143.1264,2.09,-1.04,-0.003463,1800000,ScoreExit,0.4166,-0.0578,0.5248,0.4086,0.3964,-0.2050,-0.2011,0.2777,,,
summary,2023-01-26,AAPL,,,,,,,-1.04,,1,,,,,,,,,,1.0000,2023-01-23T14:33:00+00:00,1588,2813
summary,2023-01-26,NVDA,,,,,,,0.00,,0,,,,,,,,,,0.9620,2023-01-23T15:49:00+00:00,1997,2791
summary,2023-01-26,MSFT,,,,,,,0.00,,0,,,,,,,,,,1.0000,2023-01-23T14:40:00+00:00,1425,2683
trade,2023-01-27,SPY,Long,2023-01-27T14:46:00+00:00,2023-01-27T15:46:00+00:00,404.6959,405.0125,0.74,0.23,0.000782,3600000,ScoreExit,0.4049,-0.1386,0.5238,0.4184,0.3382,-0.4889,-0.3018,0.3048,,,
summary,2023-01-27,SPY,,,,,,,0.23,,1,,,,,,,,,,0.8909,2023-01-24T15:56:00+00:00,1939,3032
trade,2023-01-27,QQQ,Long,2023-01-27T14:46:00+00:00,2023-01-27T15:46:00+00:00,293.6037,294.4861,1.02,0.90,0.003005,3600000,ScoreExit,0.4664,-0.0676,0.5315,0.4785,0.4204,-0.4533,-0.2423,0.4102,,,
summary,2023-01-27,QQQ,,,,,,,0.90,,1,,,,,,,,,,0.8936,2023-01-24T14:54:00+00:00,1884,3064
trade,2023-01-27,AAPL,Long,2023-01-27T14:36:00+00:00,2023-01-27T15:56:00+00:00,144.1838,144.4161,2.08,0.48,0.001611,4800000,SessionClose,0.4258,-0.0229,0.5165,0.4164,0.4145,-0.5494,-0.1528,0.4124,,,
summary,2023-01-27,AAPL,,,,,,,0.48,,1,,,,,,,,,,0.9451,2023-01-24T14:43:00+00:00,1912,2834
trade,2023-01-27,NVDA,Long,2023-01-27T14:31:00+00:00,2023-01-27T15:56:00+00:00,195.9442,199.6936,1.53,5.75,0.019135,5100000,SessionClose,0.5329,0.0480,0.5825,0.5107,0.5608,-0.5307,-0.1343,0.6055,,,
summary,2023-01-27,NVDA,,,,,,,5.75,,1,,,,,,,,,,1.0000,2023-01-24T14:32:00+00:00,1742,2789
summary,2023-01-27,MSFT,,,,,,,0.00,,0,,,,,,,,,,0.9849,2023-01-24T21:06:00+00:00,1805,2694
summary,2023-01-30,SPY,,,,,,,0.00,,0,,,,,,,,,,0.7223,2023-01-27T15:10:00+00:00,307,1168
summary,2023-01-30,QQQ,,,,,,,0.00,,0,,,,,,,,,,0.8933,2023-01-27T15:07:00+00:00,394,1176
summary,2023-01-30,AAPL,,,,,,,0.00,,0,,,,,,,,,,0.8929,2023-01-27T14:49:00+00:00,378,1137
summary,2023-01-30,NVDA,,,,,,,0.00,,0,,,,,,,,,,1.0000,2023-01-27T14:32:00+00:00,544,1075
summary,2023-01-30,MSFT,,,,,,,0.00,,0,,,,,,,,,,0.6005,2023-01-27T20:07:00+00:00,237,1015
summary,2023-01-31,SPY,,,,,,,0.00,,0,,,,,,,,,,0.4979,2023-01-30T14:47:00+00:00,645,1573
summary,2023-01-31,QQQ,,,,,,,0.00,,0,,,,,,,,,,0.4747,2023-01-31T20:56:00+00:00,592,1562
summary,2023-01-31,AAPL,,,,,,,0.00,,0,,,,,,,,,,0.5189,2023-01-30T12:49:00+00:00,530,1423
trade,2023-01-31,NVDA,Long,2023-01-31T15:26:00+00:00,2023-01-31T15:56:00+00:00,193.6453,195.6209,1.55,3.06,0.010202,1800000,SessionClose,0.4737,0.7007,0.5521,0.4596,0.4757,0.5865,0.6447,0.8507,,,
trade,2023-01-31,NVDA,Long,2023-01-31T15:58:00+00:00,2023-01-31T15:59:00+00:00,195.9242,195.9858,1.53,0.09,0.000314,60000,SessionClose,0.7006,0.6991,0.5862,0.6447,0.8507,0.5712,0.6447,0.8507,,,
summary,2023-01-31,NVDA,,,,,,,3.16,,2,,,,,,,,,,0.7012,2023-01-31T15:56:00+00:00,460,1373
summary,2023-01-31,MSFT,,,,,,,0.00,,0,,,,,,,,,,0.4953,2023-01-31T20:59:00+00:00,522,1193
summary,2023-02-01,SPY,,,,,,,0.00,,0,,,,,,,,,,0.6453,2023-02-01T20:09:00+00:00,1203,2436
summary,2023-02-01,QQQ,,,,,,,0.00,,0,,,,,,,,,,0.7243,2023-02-01T20:08:00+00:00,1204,2432
summary,2023-02-01,AAPL,,,,,,,0.00,,0,,,,,,,,,,0.6117,2023-02-01T20:09:00+00:00,872,2185
summary,2023-02-01,NVDA,,,,,,,0.00,,0,,,,,,,,,,0.8223,2023-02-01T20:08:00+00:00,1014,2132
summary,2023-02-01,MSFT,,,,,,,0.00,,0,,,,,,,,,,0.7188,2023-02-01T20:05:00+00:00,978,1779
trade,2023-02-02,SPY,Long,2023-02-02T15:31:00+00:00,2023-02-02T15:56:00+00:00,415.4081,416.7016,0.72,0.93,0.003114,1500000,SessionClose,0.4642,0.4200,0.5484,0.4024,0.5599,0.1910,0.3882,0.5599,,,
summary,2023-02-02,SPY,,,,,,,0.93,,1,,,,,,,,,,0.6432,2023-02-01T20:09:00+00:00,1707,3058
summary,2023-02-02,QQQ,,,,,,,0.00,,0,,,,,,,,,,0.7202,2023-02-01T20:08:00+00:00,1811,3067
summary,2023-02-02,AAPL,,,,,,,0.00,,0,,,,,,,,,,0.6082,2023-02-01T20:09:00+00:00,1491,2853
summary,2023-02-02,NVDA,,,,,,,0.00,,0,,,,,,,,,,0.9074,2023-01-30T14:47:00+00:00,1722,2767
summary,2023-02-02,MSFT,,,,,,,0.00,,0,,,,,,,,,,0.7157,2023-02-01T20:05:00+00:00,1604,2387
summary,2023-02-03,SPY,,,,,,,0.00,,0,,,,,,,,,,0.8559,2023-01-31T16:02:00+00:00,2195,3061
trade,2023-02-03,QQQ,Long,2023-02-03T14:52:00+00:00,2023-02-03T15:56:00+00:00,308.4867,310.8128,0.97,2.26,0.007540,3840000,SessionClose,0.4483,0.0974,0.0801,0.6001,0.2674,-0.4772,0.0482,0.3871,,,
summary,2023-02-03,QQQ,,,,,,,2.26,,1,,,,,,,,,,0.9538,2023-01-31T16:02:00+00:00,2356,3123
trade,2023-02-03,AAPL,Long,2023-02-03T14:36:00+00:00,2023-02-03T15:56:00+00:00,149.2748,155.9239,2.01,13.39,0.044542,4800000,SessionClose,0.5542,0.2556,0.0487,0.5649,0.7011,-0.2581,0.1261,0.6858,,,
summary,2023-02-03,AAPL,,,,,,,13.39,,1,,,,,,,,,,0.8932,2023-01-31T14:48:00+00:00,2156,2988
trade,2023-02-03,NVDA,Long,2023-02-03T14:46:00+00:00,2023-02-03T15:56:00+00:00,212.2474,216.1168,1.33,5.15,0.018230,4200000,SessionClose,0.5151,0.0489,0.5692,0.5000,0.5272,-0.2422,-0.1148,0.4732,,,
summary,2023-02-03,NVDA,,,,,,,5.15,,1,,,,,,,,,,1.0000,2023-01-31T14:33:00+00:00,2109,2820
trade,2023-02-03,MSFT,Long,2023-02-03T15:11:00+00:00,2023-02-03T15:56:00+00:00,261.5172,261.8826,1.15,0.42,0.001397,2700000,SessionClose,0.4421,-0.0226,0.2308,0.4964,0.4038,-0.5357,-0.1502,0.4038,,,
summary,2023-02-03,MSFT,,,,,,,0.42,,1,,,,,,,,,,0.8446,2023-01-31T15:40:00+00:00,2027,2537
summary,2023-02-06,SPY,,,,,,,0.00,,0,,,,,,,,,,0.9511,2023-02-03T15:43:00+00:00,169,1185
summary,2023-02-06,QQQ,,,,,,,0.00,,0,,,,,,,,,,1.0000,2023-02-03T14:40:00+00:00,193,1196
summary,2023-02-06,AAPL,,,,,,,0.00,,0,,,,,,,,,,1.0000,2023-02-03T14:32:00+00:00,379,1188
trade,2023-02-06,NVDA,Long,2023-02-06T14:31:00+00:00,2023-02-06T15:21:00+00:00,208.0766,210.4729,1.44,3.46,0.011516,3000000,ScoreExit,0.4886,-0.0960,-0.0595,0.6576,0.3333,-0.6312,-0.2181,0.3266,,,
summary,2023-02-06,NVDA,,,,,,,3.46,,1,,,,,,,,,,1.0000,2023-02-03T14:32:00+00:00,526,1056
summary,2023-02-06,MSFT,,,,,,,0.00,,0,,,,,,,,,,0.9375,2023-02-03T14:46:00+00:00,165,984
summary,2023-02-07,SPY,,,,,,,0.00,,0,,,,,,,,,,0.5780,2023-02-07T17:52:00+00:00,874,1552
summary,2023-02-07,QQQ,,,,,,,0.00,,0,,,,,,,,,,0.6444,2023-02-07T17:52:00+00:00,909,1561
trade,2023-02-07,AAPL,Long,2023-02-07T14:47:00+00:00,2023-02-07T15:56:00+00:00,152.5155,152.6145,1.97,0.19,0.000649,4140000,SessionClose,0.4289,0.0605,0.4504,0.4860,0.3075,-0.5100,0.0002,0.3712,,,
summary,2023-02-07,AAPL,,,,,,,0.19,,1,,,,,,,,,,0.6041,2023-02-06T16:28:00+00:00,609,1447
summary,2023-02-07,NVDA,,,,,,,0.00,,0,,,,,,,,,,0.8093,2023-02-06T14:45:00+00:00,936,1370
summary,2023-02-07,MSFT,,,,,,,0.00,,0,,,,,,,,,,0.6897,2023-02-07T17:54:00+00:00,867,1265
summary,2023-02-08,SPY,,,,,,,0.00,,0,,,,,,,,,,0.5780,2023-02-07T17:52:00+00:00,1269,2403
summary,2023-02-08,QQQ,,,,,,,0.00,,0,,,,,,,,,,0.6444,2023-02-07T17:52:00+00:00,1345,2444
summary,2023-02-08,AAPL,,,,,,,0.00,,0,,,,,,,,,,0.6041,2023-02-06T16:28:00+00:00,895,2275
summary,2023-02-08,NVDA,,,,,,,0.00,,0,,,,,,,,,,0.8093,2023-02-06T14:45:00+00:00,1564,2199
summary,2023-02-08,MSFT,,,,,,,0.00,,0,,,,,,,,,,0.6897,2023-02-07T17:54:00+00:00,1488,2170
summary,2023-02-09,SPY,,,,,,,0.00,,0,,,,,,,,,,0.5942,2023-02-06T15:57:00+00:00,1394,3018
summary,2023-02-09,QQQ,,,,,,,0.00,,0,,,,,,,,,,0.6618,2023-02-06T15:09:00+00:00,1382,3016
summary,2023-02-09,AAPL,,,,,,,0.00,,0,,,,,,,,,,0.6270,2023-02-06T16:27:00+00:00,1186,2779
trade,2023-02-09,NVDA,Long,2023-02-09T15:58:00+00:00,2023-02-09T15:59:00+00:00,229.4209,229.6192,1.31,0.26,0.000864,60000,SessionClose,0.5216,0.5194,0.5952,0.4747,0.5909,0.5732,0.4747,0.5909,,,
summary,2023-02-09,NVDA,,,,,,,0.26,,1,,,,,,,,,,1.0000,2023-02-06T14:32:00+00:00,1897,2787
summary,2023-02-09,MSFT,,,,,,,0.00,,0,,,,,,,,,,0.7210,2023-02-06T15:09:00+00:00,1806,2792
summary,2023-02-10,SPY,,,,,,,0.00,,0,,,,,,,,,,0.7047,2023-02-07T17:52:00+00:00,1120,3033
summary,2023-02-10,QQQ,,,,,,,0.00,,0,,,,,,,,,,0.7312,2023-02-07T17:52:00+00:00,1076,3077
summary,2023-02-10,AAPL,,,,,,,0.00,,0,,,,,,,,,,0.9991,2023-02-07T14:34:00+00:00,1024,2811
summary,2023-02-10,NVDA,,,,,,,0.00,,0,,,,,,,,,,0.9594,2023-02-07T16:00:00+00:00,1600,2854
summary,2023-02-10,MSFT,,,,,,,0.00,,0,,,,,,,,,,1.0000,2023-02-07T14:37:00+00:00,1286,2843
trade,2023-02-13,SPY,Long,2023-02-13T14:56:00+00:00,2023-02-13T15:56:00+00:00,409.8470,411.7126,0.73,1.37,0.004552,3600000,SessionClose,0.4509,0.2975,0.5469,0.4303,0.4601,0.5559,0.1548,0.4967,,,
summary,2023-02-13,SPY,,,,,,,1.37,,1,,,,,,,,,,0.6406,2023-02-10T15:22:00+00:00,807,1123
trade,2023-02-13,QQQ,Long,2023-02-13T14:56:00+00:00,2023-02-13T15:56:00+00:00,301.8954,303.5143,0.99,1.61,0.005363,3600000,SessionClose,0.4655,0.3830,0.4255,0.4437,0.5224,0.5610,0.2682,0.5532,,,
summary,2023-02-13,QQQ,,,,,,,1.61,,1,,,,,,,,,,0.7843,2023-02-10T15:22:00+00:00,702,1138
trade,2023-02-13,AAPL,Long,2023-02-13T14:56:00+00:00,2023-02-13T15:56:00+00:00,151.7753,152.7344,1.98,1.90,0.006319,3600000,SessionClose,0.4620,0.3461,0.2984,0.4357,0.5692,0.5658,0.1815,0.6020,,,
summary,2023-02-13,AAPL,,,,,,,1.90,,1,,,,,,,,,,0.8992,2023-02-10T15:11:00+00:00,792,1074
trade,2023-02-13,NVDA,Long,2023-02-13T14:56:00+00:00,2023-02-13T15:56:00+00:00,215.0530,216.5117,1.40,2.04,0.006783,3600000,SessionClose,0.5466,0.4562,0.3716,0.4796,0.7391,0.2955,0.3341,0.7540,,,
summary,2023-02-13,NVDA,,,,,,,2.04,,1,,,,,,,,,,1.0000,2023-02-10T14:35:00+00:00,552,1112
trade,2023-02-13,MSFT,Long,2023-02-13T14:31:00+00:00,2023-02-13T15:56:00+00:00,267.4885,271.8906,1.12,4.94,0.016457,5100000,SessionClose,0.5683,0.2320,-0.0200,0.5418,0.8174,0.5240,-0.0616,0.7218,,,
summary,2023-02-13,MSFT,,,,,,,4.94,,1,,,,,,,,,,0.9003,2023-02-10T15:11:00+00:00,679,1071
trade,2023-02-14,SPY,Long,2023-02-14T15:01:00+00:00,2023-02-14T15:36:00+00:00,413.5227,411.8726,0.73,-1.20,-0.003990,2100000,ScoreExit,0.4234,-0.2256,0.4732,0.4632,0.3270,-0.5993,-0.3644,0.1765,,,
summary,2023-02-14,SPY,,,,,,,-1.20,,1,,,,,,,,,,0.4940,2023-02-13T15:29:00+00:00,1010,1449
trade,2023-02-14,QQQ,Long,2023-02-14T14:56:00+00:00,2023-02-14T15:36:00+00:00,305.6361,304.2341,0.98,-1.38,-0.004587,2400000,ScoreExit,0.4686,-0.1929,0.5881,0.4698,0.4263,-0.6137,-0.3693,0.3002,,,
summary,2023-02-14,QQQ,,,,,,,-1.38,,1,,,,,,,,,,0.6051,2023-02-13T14:58:00+00:00,1118,1492
summary,2023-02-14,AAPL,,,,,,,0.00,,0,,,,,,,,,,0.6040,2023-02-13T16:47:00+00:00,926,1336
trade,2023-02-14,NVDA,Long,2023-02-14T14:36:00+00:00,2023-02-14T15:53:00+00:00,216.3733,222.7504,1.08,6.91,0.029473,4620000,ScoreExit,0.4537,-0.0592,0.4190,0.4064,0.5596,-0.3771,-0.4310,0.7905,,,
summary,2023-02-14,NVDA,,,,,,,6.91,,1,,,,,,,,,,0.8920,2023-02-14T14:50:00+00:00,1155,1411
trade,2023-02-14,MSFT,Long,2023-02-14T15:06:00+00:00,2023-02-14T15:36:00+00:00,273.0646,271.4807,1.10,-1.74,-0.005800,1800000,ScoreExit,0.4673,-0.2685,0.5292,0.5399,0.3013,-0.6014,-0.3993,0.1040,,,
summary,2023-02-14,MSFT,,,,,,,-1.74,,1,,,,,,,,,,0.8225,2023-02-13T14:58:00+00:00,908,1372
summary,2023-02-15,SPY,,,,,,,0.00,,0,,,,,,,,,,0.4940,2023-02-13T15:29:00+00:00,1333,2276
summary,2023-02-15,QQQ,,,,,,,0.00,,0,,,,,,,,,,0.6051,2023-02-13T14:58:00+00:00,1657,2362
summary,2023-02-15,AAPL,,,,,,,0.00,,0,,,,,,,,,,0.6040,2023-02-13T16:47:00+00:00,1358,2106
summary,2023-02-15,NVDA,,,,,,,0.00,,0,,,,,,,,,,0.8920,2023-02-14T14:50:00+00:00,1703,2244
summary,2023-02-15,MSFT,,,,,,,0.00,,0,,,,,,,,,,0.8225,2023-02-13T14:58:00+00:00,976,2057
summary,2023-02-16,SPY,,,,,,,0.00,,0,,,,,,,,,,0.9025,2023-02-13T15:55:00+00:00,1677,2882
trade,2023-02-16,QQQ,Long,2023-02-16T15:46:00+00:00,2023-02-16T15:56:00+00:00,307.1364,307.1836,0.98,0.05,0.000153,600000,SessionClose,0.3946,0.2607,0.0346,0.5084,0.2871,-0.2898,0.3393,0.2871,,,
summary,2023-02-16,QQQ,,,,,,,0.05,,1,,,,,,,,,,0.9561,2023-02-13T15:55:00+00:00,2074,2971
trade,2023-02-16,AAPL,Long,2023-02-16T15:17:00+00:00,2023-02-16T15:56:00+00:00,154.2558,155.0357,1.95,1.52,0.005056,2340000,SessionClose,0.3738,0.3104,0.1802,0.4355,0.3149,0.1745,0.3253,0.3259,,,
summary,2023-02-16,AAPL,,,,,,,1.52,,1,,,,,,,,,,0.9566,2023-02-13T15:55:00+00:00,1802,2642
summary,2023-02-16,NVDA,,,,,,,0.00,,0,,,,,,,,,,0.9625,2023-02-13T15:49:00+00:00,1979,2773
summary,2023-02-16,MSFT,,,,,,,0.00,,0,,,,,,,,,,1.0000,2023-02-13T14:36:00+00:00,674,2479
summary,2023-02-17,SPY,,,,,,,0.00,,0,,,,,,,,,,0.8942,2023-02-14T14:55:00+00:00,993,2955
summary,2023-02-17,QQQ,,,,,,,0.00,,0,,,,,,,,,,0.9720,2023-02-14T14:41:00+00:00,1495,3066
summary,2023-02-17,AAPL,,,,,,,0.00,,0,,,,,,,,,,0.9105,2023-02-14T14:46:00+00:00,1399,2721
summary,2023-02-17,NVDA,,,,,,,0.00,,0,,,,,,,,,,1.0000,2023-02-14T14:35:00+00:00,1248,2801
summary,2023-02-17,MSFT,,,,,,,0.00,,0,,,,,,,,,,0.9028,2023-02-14T15:11:00+00:00,358,2460
summary,2023-02-20,SPY,,,,,,,0.00,,0,,,,,,,,,,0.5802,2023-02-17T15:21:00+00:00,269,485
summary,2023-02-20,QQQ,,,,,,,0.00,,0,,,,,,,,,,0.5842,2023-02-17T20:09:00+00:00,224,485
summary,2023-02-20,AAPL,,,,,,,0.00,,0,,,,,,,,,,0.6792,2023-02-17T14:34:00+00:00,198,486
summary,2023-02-20,NVDA,,,,,,,0.00,,0,,,,,,,,,,1.0000,2023-02-17T14:38:00+00:00,158,480
summary,2023-02-20,MSFT,,,,,,,0.00,,0,,,,,,,,,,0.3831,2023-02-17T21:04:00+00:00,93,440
summary,2023-02-21,SPY,,,,,,,0.00,,0,,,,,,,,,,0.5569,2023-02-21T09:54:00+00:00,89,665
summary,2023-02-21,QQQ,,,,,,,0.00,,0,,,,,,,,,,0.7495,2023-02-21T09:54:00+00:00,155,690
summary,2023-02-21,AAPL,,,,,,,0.00,,0,,,,,,,,,,0.7343,2023-02-21T09:54:00+00:00,74,603
trade,2023-02-21,NVDA,Long,2023-02-21T14:31:00+00:00,2023-02-21T15:56:00+00:00,211.3573,210.2353,1.42,-1.59,-0.005308,5100000,SessionClose,0.4407,0.0000,0.5129,0.4073,0.4833,-0.5924,0.0036,-1.0000,,,
summary,2023-02-21,NVDA,,,,,,,-1.59,,1,,,,,,,,,,0.7610,2023-02-21T14:38:00+00:00,78,599
summary,2023-02-21,MSFT,,,,,,,0.00,,0,,,,,,,,,,0.8962,2023-02-21T09:55:00+00:00,80,557
summary,2023-02-22,SPY,,,,,,,0.00,,0,,,,,,,,,,0.5569,2023-02-21T09:54:00+00:00,340,1515
summary,2023-02-22,QQQ,,,,,,,0.00,,0,,,,,,,,,,0.7495,2023-02-21T09:54:00+00:00,358,1565
summary,2023-02-22,AAPL,,,,,,,0.00,,0,,,,,,,,,,0.7343,2023-02-21T09:54:00+00:00,289,1400
trade,2023-02-22,NVDA,Long,2023-02-22T14:42:00+00:00,2023-02-22T14:57:00+00:00,209.6919,208.6533,1.43,-1.49,-0.004953,900000,ScoreExit,0.4622,-0.0763,0.5940,0.5079,0.3269,-0.5811,-0.1138,0.1671,,,
summary,2023-02-22,NVDA,,,,,,,-1.49,,1,,,,,,,,,,0.7610,2023-02-21T14:38:00+00:00,404,1393
summary,2023-02-22,MSFT,,,,,,,0.00,,0,,,,,,,,,,0.8962,2023-02-21T09:55:00+00:00,412,1184
summary,2023-02-23,SPY,,,,,,,0.00,,0,,,,,,,,,,0.5569,2023-02-21T09:54:00+00:00,766,2375
summary,2023-02-23,QQQ,,,,,,,0.00,,0,,,,,,,,,,0.7495,2023-02-21T09:54:00+00:00,888,2455
summary,2023-02-23,AAPL,,,,,,,0.00,,0,,,,,,,,,,0.7343,2023-02-21T09:54:00+00:00,717,2192
trade,2023-02-23,NVDA,Long,2023-02-23T14:51:00+00:00,2023-02-23T15:56:00+00:00,235.8222,235.1680,0.92,-0.60,-0.002774,3900000,ScoreExit,0.5977,-0.0974,0.5897,0.5743,0.6473,-0.5654,-0.3953,0.6545,,,
summary,2023-02-23,NVDA,,,,,,,-0.60,,1,,,,,,,,,,0.8848,2023-02-22T21:53:00+00:00,1175,2319
summary,2023-02-23,MSFT,,,,,,,0.00,,0,,,,,,,,,,0.8962,2023-02-21T09:55:00+00:00,738,1912
summary,2023-02-24,SPY,,,,,,,0.00,,0,,,,,,,,,,0.3967,2023-02-23T19:32:00+00:00,768,2961
summary,2023-02-24,QQQ,,,,,,,0.00,,0,,,,,,,,,,0.6159,2023-02-21T14:41:00+00:00,837,3027
summary,2023-02-24,AAPL,,,,,,,0.00,,0,,,,,,,,,,0.7483,2023-02-21T14:45:00+00:00,724,2686
summary,2023-02-24,NVDA,,,,,,,0.00,,0,,,,,,,,,,1.0000,2023-02-21T14:32:00+00:00,1686,2949
summary,2023-02-24,MSFT,,,,,,,0.00,,0,,,,,,,,,,0.7489,2023-02-21T14:44:00+00:00,797,2401
summary,2023-02-27,SPY,,,,,,,0.00,,0,,,,,,,,,,0.5892,2023-02-27T09:24:00+00:00,772,1124
summary,2023-02-27,QQQ,,,,,,,0.00,,0,,,,,,,,,,0.5965,2023-02-27T09:02:00+00:00,760,1149
summary,2023-02-27,AAPL,,,,,,,0.00,,0,,,,,,,,,,0.5365,2023-02-27T09:29:00+00:00,577,1062
summary,2023-02-27,NVDA,,,,,,,0.00,,0,,,,,,,,,,0.8424,2023-02-24T14:39:00+00:00,802,1093
summary,2023-02-27,MSFT,,,,,,,0.00,,0,,,,,,,,,,0.6234,2023-02-27T09:28:00+00:00,397,958
summary,2023-02-28,SPY,,,,,,,0.00,,0,,,,,,,,,,0.6676,2023-02-27T10:14:00+00:00,514,1481
summary,2023-02-28,QQQ,,,,,,,0.00,,0,,,,,,,,,,0.5626,2023-02-27T13:46:00+00:00,802,1519
summary,2023-02-28,AAPL,,,,,,,0.00,,0,,,,,,,,,,0.6115,2023-02-27T15:14:00+00:00,653,1278
summary,2023-02-28,NVDA,,,,,,,0.00,,0,,,,,,,,,,0.6613,2023-02-27T09:35:00+00:00,553,1368
summary,2023-02-28,MSFT,,,,,,,0.00,,0,,,,,,,,,,0.6060,2023-02-27T13:52:00+00:00,334,1083
summary,2023-03-01,SPY,,,,,,,0.00,,0,,,,,,,,,,0.6676,2023-02-27T10:14:00+00:00,630,2356
summary,2023-03-01,QQQ,,,,,,,0.00,,0,,,,,,,,,,0.5626,2023-02-27T13:46:00+00:00,949,2424
summary,2023-03-01,AAPL,,,,,,,0.00,,0,,,,,,,,,,0.6115,2023-02-27T15:14:00+00:00,723,2034
summary,2023-03-01,NVDA,,,,,,,0.00,,0,,,,,,,,,,0.6613,2023-02-27T09:35:00+00:00,553,2246
summary,2023-03-01,MSFT,,,,,,,0.00,,0,,,,,,,,,,0.6060,2023-02-27T13:52:00+00:00,430,1709
summary,2023-03-02,SPY,,,,,,,0.00,,0,,,,,,,,,,0.5885,2023-02-27T15:09:00+00:00,530,2960
summary,2023-03-02,QQQ,,,,,,,0.00,,0,,,,,,,,,,0.7179,2023-02-27T15:08:00+00:00,673,3053
summary,2023-03-02,AAPL,,,,,,,0.00,,0,,,,,,,,,,0.8869,2023-02-27T15:17:00+00:00,609,2654
summary,2023-03-02,NVDA,,,,,,,0.00,,0,,,,,,,,,,0.8131,2023-02-27T14:57:00+00:00,513,2806
summary,2023-03-02,MSFT,,,,,,,0.00,,0,,,,,,,,,,0.6134,2023-02-27T15:18:00+00:00,507,2290
summary,2023-03-03,SPY,,,,,,,0.00,,0,,,,,,,,,,0.6306,2023-02-28T16:02:00+00:00,1383,2996
summary,2023-03-03,QQQ,,,,,,,0.00,,0,,,,,,,,,,0.6356,2023-02-28T14:46:00+00:00,1212,3076
trade,2023-03-03,AAPL,Long,2023-03-03T14:46:00+00:00,2023-03-03T15:56:00+00:00,148.9847,149.7950,2.01,1.63,0.005439,4200000,SessionClose,0.4809,0.1346,0.5474,0.4193,0.5818,0.2215,-0.0898,0.5543,,,
summary,2023-03-03,AAPL,,,,,,,1.63,,1,,,,,,,,,,0.6644,2023-02-28T15:00:00+00:00,1116,2713
summary,2023-03-03,NVDA,,,,,,,0.00,,0,,,,,,,,,,0.8828,2023-02-28T14:31:00+00:00,1205,2807
trade,2023-03-03,MSFT,Long,2023-03-03T14:41:00+00:00,2023-03-03T15:56:00+00:00,252.2497,254.2441,1.19,2.37,0.007906,4500000,SessionClose,0.4358,0.0291,0.3534,0.4191,0.4966,-0.0893,-0.1656,0.4578,,,
summary,2023-03-03,MSFT,,,,,,,2.37,,1,,,,,,,,,,0.6316,2023-02-28T14:40:00+00:00,1124,2338
trade,2023-03-06,SPY,Long,2023-03-06T15:41:00+00:00,2023-03-06T15:56:00+00:00,406.8363,406.8136,0.74,-0.02,-0.000056,900000,SessionClose,0.3773,0.0521,-0.0411,0.4026,0.4662,-0.1910,-0.1144,0.4662,,,
summary,2023-03-06,SPY,,,,,,,-0.02,,1,,,,,,,,,,0.6287,2023-03-03T15:29:00+00:00,950,1161
trade,2023-03-06,QQQ,Long,2023-03-06T15:16:00+00:00,2023-03-06T15:56:00+00:00,302.2154,303.2843,0.99,1.06,0.003537,2400000,SessionClose,0.4694,0.2847,0.5577,0.4078,0.5630,0.1088,0.1749,0.5630,,,
summary,2023-03-06,QQQ,,,,,,,1.06,,1,,,,,,,,,,0.8841,2023-03-03T15:32:00+00:00,949,1159
trade,2023-03-06,AAPL,Long,2023-03-06T14:36:00+00:00,2023-03-06T15:56:00+00:00,154.4659,155.2889,1.94,1.60,0.005328,4800000,SessionClose,0.4988,0.2047,0.5026,0.4039,0.6874,0.0391,-0.0236,0.7165,,,
summary,2023-03-06,AAPL,,,,,,,1.60,,1,,,,,,,,,,0.9982,2023-03-03T14:41:00+00:00,1049,1153
trade,2023-03-06,NVDA,Long,2023-03-06T15:21:00+00:00,2023-03-06T15:56:00+00:00,239.7929,242.2365,1.25,3.06,0.010190,2100000,SessionClose,0.6175,0.5748,0.5626,0.5389,0.7931,0.5199,0.4747,0.7931,,,
trade,2023-03-06,NVDA,Long,2023-03-06T15:58:00+00:00,2023-03-06T15:59:00+00:00,242.4835,241.8566,1.24,-0.78,-0.002585,60000,SessionClose,0.5755,0.4986,0.5273,0.4747,0.7931,-0.2413,0.4747,0.7931,,,
summary,2023-03-06,NVDA,,,,,,,2.28,,2,,,,,,,,,,0.6780,2023-03-03T17:58:00+00:00,770,1098
summary,2023-03-06,MSFT,,,,,,,0.00,,0,,,,,,,,,,0.9232,2023-03-03T14:46:00+00:00,741,963
summary,2023-03-07,SPY,,,,,,,0.00,,0,,,,,,,,,,0.5002,2023-03-06T15:44:00+00:00,389,1444
summary,2023-03-07,QQQ,,,,,,,0.00,,0,,,,,,,,,,0.6358,2023-03-06T15:43:00+00:00,382,1451
summary,2023-03-07,AAPL,,,,,,,0.00,,0,,,,,,,,,,0.5829,2023-03-06T16:14:00+00:00,462,1429
summary,2023-03-07,NVDA,,,,,,,0.00,,0,,,,,,,,,,0.7148,2023-03-06T15:44:00+00:00,393,1287
summary,2023-03-07,MSFT,,,,,,,0.00,,0,,,,,,,,,,0.8389,2023-03-06T11:19:00+00:00,322,1082
summary,2023-03-08,SPY,,,,,,,0.00,,0,,,,,,,,,,0.5002,2023-03-06T15:44:00+00:00,389,2277
summary,2023-03-08,QQQ,,,,,,,0.00,,0,,,,,,,,,,0.6358,2023-03-06T15:43:00+00:00,385,2284
summary,2023-03-08,AAPL,,,,,,,0.00,,0,,,,,,,,,,0.5829,2023-03-06T16:14:00+00:00,512,2160
trade,2023-03-08,NVDA,Long,2023-03-08T14:58:00+00:00,2023-03-08T15:56:00+00:00,237.9726,238.8972,1.26,1.17,0.003885,3480000,SessionClose,0.5275,0.1214,0.6095,0.5937,0.3679,0.2209,-0.0794,0.4898,,,
summary,2023-03-08,NVDA,,,,,,,1.17,,1,,,,,,,,,,0.7148,2023-03-06T15:44:00+00:00,767,2008
summary,2023-03-08,MSFT,,,,,,,0.00,,0,,,,,,,,,,0.8389,2023-03-06T11:19:00+00:00,322,1651
summary,2023-03-09,SPY,,,,,,,0.00,,0,,,,,,,,,,0.8446,2023-03-06T15:44:00+00:00,294,2878
trade,2023-03-09,QQQ,Long,2023-03-09T14:47:00+00:00,2023-03-09T15:18:00+00:00,299.8150,299.1845,1.00,-0.63,-0.002103,1860000,ScoreExit,0.4061,-0.0692,0.5694,0.4212,0.3216,-0.5951,-0.1258,0.2192,,,
summary,2023-03-09,QQQ,,,,,,,-0.63,,1,,,,,,,,,,0.9555,2023-03-06T15:43:00+00:00,338,2903
summary,2023-03-09,AAPL,,,,,,,0.00,,0,,,,,,,,,,0.9557,2023-03-06T15:41:00+00:00,471,2639
summary,2023-03-09,NVDA,,,,,,,0.00,,0,,,,,,,,,,0.9575,2023-03-06T15:44:00+00:00,1109,2639
summary,2023-03-09,MSFT,,,,,,,0.00,,0,,,,,,,,,,0.9554,2023-03-06T15:41:00+00:00,409,2092
summary,2023-03-10,SPY,,,,,,,0.00,,0,,,,,,,,,,0.4196,2023-03-09T14:00:00+00:00,410,3016
summary,2023-03-10,QQQ,,,,,,,0.00,,0,,,,,,,,,,0.6995,2023-03-07T15:36:00+00:00,558,3017
summary,2023-03-10,AAPL,,,,,,,0.00,,0,,,,,,,,,,0.6800,2023-03-07T14:38:00+00:00,756,2665
summary,2023-03-10,NVDA,,,,,,,0.00,,0,,,,,,,,,,1.0000,2023-03-07T14:33:00+00:00,1063,2767
summary,2023-03-10,MSFT,,,,,,,0.00,,0,,,,,,,,,,0.7652,2023-03-07T14:37:00+00:00,383,2197
trade,2023-03-13,SPY,Long,2023-03-13T14:10:00+00:00,2023-03-13T15:55:00+00:00,386.4623,387.5275,0.73,0.77,0.002756,6300000,ScoreExit,0.4349,-0.0545,0.3158,0.6178,0.1087,-0.5990,-0.1735,0.3648,,,
summary,2023-03-13,SPY,,,,,,,0.77,,1,,,,,,,,,,0.9540,2023-03-10T15:59:00+00:00,380,1225
trade,2023-03-13,QQQ,Long,2023-03-13T13:57:00+00:00,2023-03-13T15:56:00+00:00,290.0730,292.4565,1.03,2.46,0.008217,7140000,SessionClose,0.4669,0.2668,0.6187,0.4943,0.3616,-0.5492,0.1457,0.7810,,,
summary,2023-03-13,QQQ,,,,,,,2.46,,1,,,,,,,,,,0.9593,2023-03-10T15:58:00+00:00,572,1212
trade,2023-03-13,AAPL,Long,2023-03-13T13:31:00+00:00,2023-03-13T15:56:00+00:00,148.9298,152.2645,2.01,6.72,0.022391,8700000,SessionClose,0.4682,0.2757,0.5892,0.4950,0.3744,-0.5407,0.0950,0.9093,,,
summary,2023-03-13,AAPL,,,,,,,6.72,,1,,,,,,,,,,0.8874,2023-03-10T15:59:00+00:00,581,1158
trade,2023-03-13,NVDA,Long,2023-03-13T14:08:00+00:00,2023-03-13T14:51:00+00:00,227.9006,227.4245,0.93,-0.44,-0.002089,2580000,ScoreExit,0.3540,-0.0550,0.2976,0.5231,0.0344,-0.4337,-0.0365,0.0344,,,
summary,2023-03-13,NVDA,,,,,,,-0.44,,1,,,,,,,,,,0.9523,2023-03-10T15:56:00+00:00,525,1153
trade,2023-03-13,MSFT,Long,2023-03-13T13:51:00+00:00,2023-03-13T15:56:00+00:00,249.3749,254.9880,1.20,6.75,0.022509,7500000,SessionClose,0.4705,0.3128,0.6463,0.4831,0.3868,-0.5732,0.1178,0.9983,,,
summary,2023-03-13,MSFT,,,,,,,6.75,,1,,,,,,,,,,0.9591,2023-03-10T15:56:00+00:00,605,1067
summary,2023-03-14,SPY,,,,,,,0.00,,0,,,,,,,,,,0.7279,2023-03-13T14:07:00+00:00,979,1580
trade,2023-03-14,QQQ,Long,2023-03-14T13:36:00+00:00,2023-03-14T15:56:00+00:00,294.9240,297.4055,1.02,2.52,0.008414,8400000,SessionClose,0.5256,0.0993,0.4815,0.4604,0.6708,-0.3596,-0.1212,0.6932,,,
summary,2023-03-14,QQQ,,,,,,,2.52,,1,,,,,,,,,,0.7254,2023-03-13T14:08:00+00:00,1078,1575
summary,2023-03-14,AAPL,,,,,,,0.00,,0,,,,,,,,,,0.7637,2023-03-13T14:08:00+00:00,921,1460
summary,2023-03-14,NVDA,,,,,,,0.00,,0,,,,,,,,,,0.7589,2023-03-13T08:14:00+00:00,941,1370
trade,2023-03-14,MSFT,Long,2023-03-14T13:41:00+00:00,2023-03-14T15:56:00+00:00,257.8732,259.9430,1.16,2.41,0.008027,8100000,SessionClose,0.4829,0.3455,0.5562,0.4303,0.5635,-0.0067,0.1867,0.7806,,,
summary,2023-03-14,MSFT,,,,,,,2.41,,1,,,,,,,,,,0.7601,2023-03-13T14:33:00+00:00,940,1245
summary,2023-03-15,SPY,,,,,,,0.00,,0,,,,,,,,,,0.7279,2023-03-13T14:07:00+00:00,1221,2503
summary,2023-03-15,QQQ,,,,,,,0.00,,0,,,,,,,,,,0.7254,2023-03-13T14:08:00+00:00,1657,2471
summary,2023-03-15,AAPL,,,,,,,0.00,,0,,,,,,,,,,0.7637,2023-03-13T14:08:00+00:00,1215,2258
summary,2023-03-15,NVDA,,,,,,,0.00,,0,,,,,,,,,,0.7589,2023-03-13T08:14:00+00:00,1520,2187
summary,2023-03-15,MSFT,,,,,,,0.00,,0,,,,,,,,,,0.7601,2023-03-13T14:33:00+00:00,1442,1953
trade,2023-03-16,SPY,Long,2023-03-16T14:48:00+00:00,2023-03-16T15:56:00+00:00,389.7791,393.6563,0.77,2.99,0.009947,4080000,SessionClose,0.4411,0.3646,0.5296,0.4955,0.3029,0.4036,0.3303,0.4203,,,
summary,2023-03-16,SPY,,,,,,,2.99,,1,,,,,,,,,,0.9601,2023-03-13T14:56:00+00:00,1783,3086
trade,2023-03-16,QQQ,Long,2023-03-16T14:41:00+00:00,2023-03-16T15:56:00+00:00,299.9050,304.6541,1.00,4.76,0.015835,4500000,SessionClose,0.4216,0.3810,0.5266,0.4032,0.4235,0.2381,0.3112,0.5681,,,
summary,2023-03-16,QQQ,,,,,,,4.76,,1,,,,,,,,,,0.9521,2023-03-13T15:02:00+00:00,2327,3043
trade,2023-03-16,AAPL,Long,2023-03-16T13:56:00+00:00,2023-03-16T15:56:00+00:00,152.7805,154.7940,1.96,3.96,0.013179,7200000,SessionClose,0.3597,0.3535,0.2490,0.4038,0.3085,-0.0124,0.3337,0.5150,,,
summary,2023-03-16,AAPL,,,,,,,3.96,,1,,,,,,,,,,0.9569,2023-03-13T13:33:00+00:00,1691,2742
trade,2023-03-16,NVDA,Long,2023-03-16T14:11:00+00:00,2023-03-16T15:56:00+00:00,243.8036,250.7348,1.23,8.56,0.028429,6300000,SessionClose,0.5614,0.6435,0.4331,0.5735,0.5800,0.5135,0.6511,0.6718,,,
summary,2023-03-16,NVDA,,,,,,,8.56,,1,,,,,,,,,,1.0000,2023-03-13T13:31:00+00:00,2177,2680
trade,2023-03-16,MSFT,Long,2023-03-16T14:51:00+00:00,2023-03-16T15:56:00+00:00,265.6181,273.1970,1.13,8.58,0.028533,3900000,SessionClose,0.4384,0.5338,0.5992,0.4760,0.3096,-0.0942,0.5998,0.6109,,,
summary,2023-03-16,MSFT,,,,,,,8.58,,1,,,,,,,,,,0.9640,2023-03-13T14:57:00+00:00,1984,2437
summary,2023-03-17,SPY,,,,,,,0.00,,0,,,,,,,,,,0.8790,2023-03-14T14:52:00+00:00,1493,3137
trade,2023-03-17,QQQ,Long,2023-03-17T13:37:00+00:00,2023-03-17T14:16:00+00:00,306.8914,307.6785,0.98,0.77,0.002565,2340000,ScoreExit,0.3882,-0.0915,0.0467,0.4512,0.3761,-0.5547,-0.1702,0.2202,,,
summary,2023-03-17,QQQ,,,,,,,0.77,,1,,,,,,,,,,0.9274,2023-03-14T14:48:00+00:00,2105,3080
summary,2023-03-17,AAPL,,,,,,,0.00,,0,,,,,,,,,,0.9315,2023-03-14T13:45:00+00:00,1656,2735
trade,2023-03-17,NVDA,Long,2023-03-17T13:31:00+00:00,2023-03-17T14:34:00+00:00,260.0170,261.5927,1.16,1.82,0.006060,3780000,ScoreExit,0.4631,-0.0579,0.2711,0.4920,0.4692,-0.5276,-0.2252,0.4335,,,
summary,2023-03-17,NVDA,,,,,,,1.82,,1,,,,,,,,,,1.0000,2023-03-14T13:37:00+00:00,2122,2855
trade,2023-03-17,MSFT,Long,2023-03-17T13:31:00+00:00,2023-03-17T15:01:00+00:00,278.7107,279.8090,1.08,1.19,0.003941,5400000,ScoreExit,0.4614,-0.1616,0.1007,0.4280,0.6484,-0.3719,-0.4114,0.4082,,,
summary,2023-03-17,MSFT,,,,,,,1.19,,1,,,,,,,,,,0.8242,2023-03-14T13:41:00+00:00,1934,2589
trade,2023-03-20,SPY,Long,2023-03-20T14:01:00+00:00,2023-03-20T14:18:00+00:00,392.4035,391.4407,0.76,-0.74,-0.002454,1020000,ScoreExit,0.4416,-0.0635,0.5617,0.4032,0.4784,-0.4135,-0.2064,0.3388,,,
summary,2023-03-20,SPY,,,,,,,-0.74,,1,,,,,,,,,,0.4985,2023-03-17T14:03:00+00:00,490,1223
summary,2023-03-20,QQQ,,,,,,,0.00,,0,,,,,,,,,,0.9001,2023-03-17T14:03:00+00:00,432,1211
trade,2023-03-20,AAPL,Long,2023-03-20T14:46:00+00:00,2023-03-20T15:56:00+00:00,155.6861,156.2746,1.93,1.13,0.003780,4200000,SessionClose,0.4683,0.1261,0.5390,0.4377,0.5060,-0.0203,-0.1159,0.6589,,,
summary,2023-03-20,AAPL,,,,,,,1.13,,1,,,,,,,,,,0.8975,2023-03-17T14:03:00+00:00,539,1143
summary,2023-03-20,NVDA,,,,,,,0.00,,0,,,,,,,,,,1.0000,2023-03-17T13:33:00+00:00,354,1123
summary,2023-03-20,MSFT,,,,,,,0.00,,0,,,,,,,,,,1.0000,2023-03-17T13:37:00+00:00,329,1114
summary,2023-03-21,SPY,,,,,,,0.00,,0,,,,,,,,,,0.8718,2023-03-20T09:07:00+00:00,1264,1570
summary,2023-03-21,QQQ,,,,,,,0.00,,0,,,,,,,,,,0.9594,2023-03-20T09:34:00+00:00,1206,1550
trade,2023-03-21,AAPL,Long,2023-03-21T13:31:00+00:00,2023-03-21T14:16:00+00:00,157.7537,157.2044,1.90,-1.05,-0.003483,2700000,ScoreExit,0.4488,-0.0599,0.4906,0.4322,0.4683,-0.5403,-0.1447,0.2697,,,
summary,2023-03-21,AAPL,,,,,,,-1.05,,1,,,,,,,,,,0.9619,2023-03-20T09:32:00+00:00,1140,1418
summary,2023-03-21,NVDA,,,,,,,0.00,,0,,,,,,,,,,0.9582,2023-03-20T09:35:00+00:00,1091,1385
summary,2023-03-21,MSFT,,,,,,,0.00,,0,,,,,,,,,,0.9235,2023-03-20T09:34:00+00:00,521,1327
summary,2023-03-22,SPY,,,,,,,0.00,,0,,,,,,,,,,0.8718,2023-03-20T09:07:00+00:00,1766,2419
summary,2023-03-22,QQQ,,,,,,,0.00,,0,,,,,,,,,,0.9594,2023-03-20T09:34:00+00:00,1778,2400
trade,2023-03-22,AAPL,Long,2023-03-22T13:31:00+00:00,2023-03-22T14:06:00+00:00,159.6069,159.3231,1.88,-0.53,-0.001778,2100000,ScoreExit,0.4064,-0.0663,0.4590,0.4071,0.3875,-0.5496,-0.2358,0.4336,,,
summary,2023-03-22,AAPL,,,,,,,-0.53,,1,,,,,,,,,,0.9619,2023-03-20T09:32:00+00:00,1698,2189
trade,2023-03-22,NVDA,Long,2023-03-22T13:36:00+00:00,2023-03-22T15:56:00+00:00,263.8899,271.2389,1.14,8.36,0.027849,8400000,SessionClose,0.5535,0.2063,0.3339,0.5768,0.5803,-0.3181,0.1107,0.5724,,,
summary,2023-03-22,NVDA,,,,,,,8.36,,1,,,,,,,,,,0.9582,2023-03-20T09:35:00+00:00,1657,2178
trade,2023-03-22,MSFT,Long,2023-03-22T14:16:00+00:00,2023-03-22T15:56:00+00:00,274.6999,277.8694,1.09,3.46,0.011538,6000000,SessionClose,0.4144,0.2600,0.5942,0.4121,0.3589,-0.3106,0.2581,0.4539,,,
summary,2023-03-22,MSFT,,,,,,,3.46,,1,,,,,,,,,,0.9235,2023-03-20T09:34:00+00:00,950,1956
summary,2023-03-23,SPY,,,,,,,0.00,,0,,,,,,,,,,0.8938,2023-03-20T15:01:00+00:00,1671,3007
trade,2023-03-23,QQQ,Long,2023-03-23T14:06:00+00:00,2023-03-23T15:43:00+00:00,311.1500,313.0774,0.96,1.86,0.006194,5820000,ScoreExit,0.3995,-0.0507,0.1279,0.4427,0.4038,-0.2711,-0.2151,0.3515,,,
summary,2023-03-23,QQQ,,,,,,,1.86,,1,,,,,,,,,,0.9199,2023-03-20T15:04:00+00:00,2023,2999
trade,2023-03-23,AAPL,Long,2023-03-23T14:16:00+00:00,2023-03-23T15:26:00+00:00,160.2270,160.7029,1.87,0.89,0.002970,4200000,ScoreExit,0.4247,-0.0718,0.4600,0.4266,0.4092,-0.5450,-0.1963,0.3350,,,
summary,2023-03-23,AAPL,,,,,,,0.89,,1,,,,,,,,,,0.9553,2023-03-20T14:57:00+00:00,1934,2745
summary,2023-03-23,NVDA,,,,,,,0.00,,0,,,,,,,,,,0.9534,2023-03-20T15:03:00+00:00,2226,2819
trade,2023-03-23,MSFT,Long,2023-03-23T14:36:00+00:00,2023-03-23T15:56:00+00:00,277.9656,280.8160,1.08,3.08,0.010255,4800000,SessionClose,0.4417,0.1334,0.2238,0.4453,0.5071,0.5794,-0.1096,0.4708,,,
summary,2023-03-23,MSFT,,,,,,,3.08,,1,,,,,,,,,,0.5882,2023-03-20T15:29:00+00:00,1317,2447
summary,2023-03-24,SPY,,,,,,,0.00,,0,,,,,,,,,,0.6153,2023-03-21T19:40:00+00:00,917,3086
summary,2023-03-24,QQQ,,,,,,,0.00,,0,,,,,,,,,,0.5923,2023-03-21T19:09:00+00:00,1320,3056
summary,2023-03-24,AAPL,,,,,,,0.00,,0,,,,,,,,,,0.6005,2023-03-21T17:33:00+00:00,1379,2764
summary,2023-03-24,NVDA,,,,,,,0.00,,0,,,,,,,,,,0.8917,2023-03-21T13:58:00+00:00,1862,2910
trade,2023-03-24,MSFT,Long,2023-03-24T14:57:00+00:00,2023-03-24T15:11:00+00:00,278.8965,278.0093,1.08,-0.96,-0.003181,840000,ScoreExit,0.4088,-0.0693,0.5690,0.4329,0.3071,-0.5703,-0.1843,0.3278,,,
summary,2023-03-24,MSFT,,,,,,,-0.96,,1,,,,,,,,,,0.6175,2023-03-21T19:40:00+00:00,1481,2438
summary,2023-03-27,SPY,,,,,,,0.00,,0,,,,,,,,,,0.6807,2023-03-24T14:30:00+00:00,936,1164
summary,2023-03-27,QQQ,,,,,,,0.00,,0,,,,,,,,,,0.5674,2023-03-24T18:43:00+00:00,743,1140
trade,2023-03-27,AAPL,Long,2023-03-27T14:01:00+00:00,2023-03-27T14:30:00+00:00,160.4971,159.8830,1.87,-1.15,-0.003826,1740000,ScoreExit,0.3949,-0.0567,0.0693,0.4049,0.4832,-0.5273,-0.1743,0.3353,,,
summary,2023-03-27,AAPL,,,,,,,-1.15,,1,,,,,,,,,,0.8503,2023-03-24T13:58:00+00:00,612,1096
summary,2023-03-27,NVDA,,,,,,,0.00,,0,,,,,,,,,,0.5842,2023-03-27T08:35:00+00:00,541,1089
summary,2023-03-27,MSFT,,,,,,,0.00,,0,,,,,,,,,,0.9569,2023-03-24T14:56:00+00:00,551,1040
summary,2023-03-28,SPY,,,,,,,0.00,,0,,,,,,,,,,0.4477,2023-03-27T10:47:00+00:00,568,1491
summary,2023-03-28,QQQ,,,,,,,0.00,,0,,,,,,,,,,0.4370,2023-03-27T08:10:00+00:00,262,1448
summary,2023-03-28,AAPL,,,,,,,0.00,,0,,,,,,,,,,0.5024,2023-03-27T08:13:00+00:00,183,1309
summary,2023-03-28,NVDA,,,,,,,0.00,,0,,,,,,,,,,0.6944,2023-03-27T11:07:00+00:00,300,1323
summary,2023-03-28,MSFT,,,,,,,0.00,,0,,,,,,,,,,0.7673,2023-03-27T09:46:00+00:00,173,1162
summary,2023-03-29,SPY,,,,,,,0.00,,0,,,,,,,,,,0.4477,2023-03-27T10:47:00+00:00,1177,2323
summary,2023-03-29,QQQ,,,,,,,0.00,,0,,,,,,,,,,0.4370,2023-03-27T08:10:00+00:00,818,2267
trade,2023-03-29,AAPL,Long,2023-03-29T13:31:00+00:00,2023-03-29T14:46:00+00:00,159.7369,159.6431,1.88,-0.18,-0.000588,4500000,ScoreExit,0.4218,-0.0949,0.5358,0.4312,0.3651,-0.2559,-0.2698,0.3086,,,
summary,2023-03-29,AAPL,,,,,,,-0.18,,1,,,,,,,,,,0.5024,2023-03-27T08:13:00+00:00,708,2017
trade,2023-03-29,NVDA,Long,2023-03-29T13:31:00+00:00,2023-03-29T14:22:00+00:00,268.7887,269.3611,1.12,0.64,0.002129,3060000,ScoreExit,0.4664,-0.0770,0.3303,0.4772,0.4900,-0.1532,-0.2284,0.2513,,,
summary,2023-03-29,NVDA,,,,,,,0.64,,1,,,,,,,,,,0.6944,2023-03-27T11:07:00+00:00,864,2096
summary,2023-03-29,MSFT,,,,,,,0.00,,0,,,,,,,,,,0.7673,2023-03-27T09:46:00+00:00,641,1756
summary,2023-03-30,SPY,,,,,,,0.00,,0,,,,,,,,,,0.4700,2023-03-29T08:00:00+00:00,1399,2881
summary,2023-03-30,QQQ,,,,,,,0.00,,0,,,,,,,,,,0.6340,2023-03-27T13:51:00+00:00,1329,2814
summary,2023-03-30,AAPL,,,,,,,0.00,,0,,,,,,,,,,0.7357,2023-03-27T13:51:00+00:00,1223,2543
trade,2023-03-30,NVDA,Long,2023-03-30T14:26:00+00:00,2023-03-30T15:31:00+00:00,273.6547,273.6002,1.10,-0.06,-0.000199,3900000,ScoreExit,0.4731,-0.0822,0.5354,0.4865,0.4255,-0.5096,-0.2342,0.3643,,,
summary,2023-03-30,NVDA,,,,,,,-0.06,,1,,,,,,,,,,0.9228,2023-03-27T13:46:00+00:00,1323,2639
summary,2023-03-30,MSFT,,,,,,,0.00,,0,,,,,,,,,,0.6378,2023-03-27T14:07:00+00:00,1082,2246
summary,2023-03-31,SPY,,,,,,,0.00,,0,,,,,,,,,,0.4772,2023-03-30T08:11:00+00:00,2070,2862
summary,2023-03-31,QQQ,,,,,,,0.00,,0,,,,,,,,,,0.5707,2023-03-28T20:01:00+00:00,2075,2826
summary,2023-03-31,AAPL,,,,,,,0.00,,0,,,,,,,,,,0.5926,2023-03-28T19:59:00+00:00,1841,2524
trade,2023-03-31,NVDA,Long,2023-03-31T13:41:00+00:00,2023-03-31T15:06:00+00:00,273.4797,274.0802,1.10,0.66,0.002196,5100000,ScoreExit,0.4272,-0.1085,0.4859,0.4472,0.3675,-0.4645,-0.2995,0.3922,,,
summary,2023-03-31,NVDA,,,,,,,0.66,,1,,,,,,,,,,0.6823,2023-03-28T15:14:00+00:00,2036,2662
summary,2023-03-31,MSFT,,,,,,,0.00,,0,,,,,,,,,,0.6106,2023-03-28T20:01:00+00:00,1597,2246
trade,2023-04-03,SPY,Long,2023-04-03T13:46:00+00:00,2023-04-03T14:46:00+00:00,409.7869,410.2029,0.73,0.30,0.001015,3600000,ScoreExit,0.3849,-0.1162,0.1815,0.4071,0.4083,-0.5148,-0.3033,0.3908,,,
summary,2023-04-03,SPY,,,,,,,0.30,,1,,,,,,,,,,0.7631,2023-03-31T14:45:00+00:00,935,1168
summary,2023-04-03,QQQ,,,,,,,0.00,,0,,,,,,,,,,0.8561,2023-03-31T14:45:00+00:00,741,1176
trade,2023-04-03,AAPL,Long,2023-04-03T13:31:00+00:00,2023-04-03T14:47:00+00:00,164.8180,165.1620,1.82,0.63,0.002087,4560000,ScoreExit,0.4973,-0.0615,0.5290,0.4912,0.4989,-0.4894,-0.2618,0.4818,,,
summary,2023-04-03,AAPL,,,,,,,0.63,,1,,,,,,,,,,0.6787,2023-03-31T13:34:00+00:00,838,1084
trade,2023-04-03,NVDA,Long,2023-04-03T13:32:00+00:00,2023-04-03T14:52:00+00:00,276.2602,277.1296,1.09,0.94,0.003147,4800000,ScoreExit,0.4638,-0.0734,0.5728,0.5159,0.3233,-0.5840,-0.2641,0.4780,,,
summary,2023-04-03,NVDA,,,,,,,0.94,,1,,,,,,,,,,0.9308,2023-03-31T13:46:00+00:00,727,1059
trade,2023-04-03,MSFT,Long,2023-04-03T13:49:00+00:00,2023-04-03T14:40:00+00:00,287.8125,287.1975,1.04,-0.64,-0.002137,3060000,ScoreExit,0.4540,-0.0867,0.5494,0.4826,0.3651,-0.5726,-0.1387,0.1791,,,
summary,2023-04-03,MSFT,,,,,,,-0.64,,1,,,,,,,,,,0.6955,2023-03-31T15:59:00+00:00,582,1031
summary,2023-04-04,SPY,,,,,,,0.00,,0,,,,,,,,,,0.4802,2023-04-03T14:22:00+00:00,620,1494
summary,2023-04-04,QQQ,,,,,,,0.00,,0,,,,,,,,,,0.4684,2023-04-04T09:49:00+00:00,684,1527
summary,2023-04-04,AAPL,,,,,,,0.00,,0,,,,,,,,,,0.6732,2023-04-03T13:36:00+00:00,698,1309
summary,2023-04-04,NVDA,,,,,,,0.00,,0,,,,,,,,,,0.6995,2023-04-03T14:25:00+00:00,715,1369
trade,2023-04-04,MSFT,Long,2023-04-04T13:51:00+00:00,2023-04-04T15:06:00+00:00,288.7127,288.8472,1.04,0.14,0.000466,4500000,ScoreExit,0.4507,-0.0786,0.6022,0.4387,0.4242,-0.1707,-0.3203,0.4355,,,
summary,2023-04-04,MSFT,,,,,,,0.14,,1,,,,,,,,,,0.6335,2023-04-03T13:48:00+00:00,595,1193
summary,2023-04-05,SPY,,,,,,,0.00,,0,,,,,,,,,,0.4802,2023-04-03T14:22:00+00:00,773,2322
summary,2023-04-05,QQQ,,,,,,,0.00,,0,,,,,,,,,,0.4684,2023-04-04T09:49:00+00:00,842,2342
summary,2023-04-05,AAPL,,,,,,,0.00,,0,,,,,,,,,,0.6732,2023-04-03T13:36:00+00:00,844,2002
summary,2023-04-05,NVDA,,,,,,,0.00,,0,,,,,,,,,,0.6995,2023-04-03T14:25:00+00:00,745,2190
summary,2023-04-05,MSFT,,,,,,,0.00,,0,,,,,,,,,,0.6335,2023-04-03T13:48:00+00:00,687,1783
summary,2023-04-06,SPY,,,,,,,0.00,,0,,,,,,,,,,0.5483,2023-04-03T14:22:00+00:00,987,2854
summary,2023-04-06,QQQ,,,,,,,0.00,,0,,,,,,,,,,0.5191,2023-04-03T13:39:00+00:00,1075,2899
summary,2023-04-06,AAPL,,,,,,,0.00,,0,,,,,,,,,,0.9655,2023-04-03T13:36:00+00:00,970,2532
summary,2023-04-06,NVDA,,,,,,,0.00,,0,,,,,,,,,,1.0000,2023-04-03T13:32:00+00:00,891,2783
summary,2023-04-06,MSFT,,,,,,,0.00,,0,,,,,,,,,,0.8465,2023-04-03T13:50:00+00:00,886,2217
summary,2023-04-07,SPY,,,,,,,0.00,,0,,,,,,,,,,0.3809,2023-04-04T14:00:00+00:00,642,2206
summary,2023-04-07,QQQ,,,,,,,0.00,,0,,,,,,,,,,0.5969,2023-04-04T14:01:00+00:00,405,2204
summary,2023-04-07,AAPL,,,,,,,0.00,,0,,,,,,,,,,0.6811,2023-04-04T14:01:00+00:00,346,1938
summary,2023-04-07,NVDA,,,,,,,0.00,,0,,,,,,,,,,0.7088,2023-04-04T14:35:00+00:00,423,2154
summary,2023-04-07,MSFT,,,,,,,0.00,,0,,,,,,,,,,0.9008,2023-04-04T13:51:00+00:00,526,1749
summary,2023-04-10,SPY,,,,,,,0.00,,0,,,,,,,,,,0.7052,2023-04-10T09:41:00+00:00,369,619
summary,2023-04-10,QQQ,,,,,,,0.00,,0,,,,,,,,,,0.7433,2023-04-10T09:20:00+00:00,377,647
summary,2023-04-10,AAPL,,,,,,,0.00,,0,,,,,,,,,,0.5430,2023-04-10T18:16:00+00:00,256,579
trade,2023-04-10,NVDA,Long,2023-04-10T14:06:00+00:00,2023-04-10T15:56:00+00:00,268.7387,273.6503,1.12,5.48,0.018276,6600000,SessionClose,0.5046,0.2786,0.5119,0.4749,0.5616,-0.2285,0.0025,1.0000,,,
summary,2023-04-10,NVDA,,,,,,,5.48,,1,,,,,,,,,,0.7592,2023-04-10T14:40:00+00:00,401,556
summary,2023-04-10,MSFT,,,,,,,0.00,,0,,,,,,,,,,0.7651,2023-04-10T10:31:00+00:00,287,525
summary,2023-04-11,SPY,,,,,,,0.00,,0,,,,,,,,,,0.7052,2023-04-10T09:41:00+00:00,966,1415
summary,2023-04-11,QQQ,,,,,,,0.00,,0,,,,,,,,,,0.7433,2023-04-10T09:20:00+00:00,928,1461
summary,2023-04-11,AAPL,,,,,,,0.00,,0,,,,,,,,,,0.5430,2023-04-10T18:16:00+00:00,674,1286
summary,2023-04-11,NVDA,,,,,,,0.00,,0,,,,,,,,,,0.7592,2023-04-10T14:40:00+00:00,927,1347
summary,2023-04-11,MSFT,,,,,,,0.00,,0,,,,,,,,,,0.7651,2023-04-10T10:31:00+00:00,369,1218
summary,2023-04-12,SPY,,,,,,,0.00,,0,,,,,,,,,,0.7052,2023-04-10T09:41:00+00:00,1369,2206
summary,2023-04-12,QQQ,,,,,,,0.00,,0,,,,,,,,,,0.7433,2023-04-10T09:20:00+00:00,1183,2269
summary,2023-04-12,AAPL,,,,,,,0.00,,0,,,,,,,,,,0.5430,2023-04-10T18:16:00+00:00,911,1975
summary,2023-04-12,NVDA,,,,,,,0.00,,0,,,,,,,,,,0.7592,2023-04-10T14:40:00+00:00,1001,2032
summary,2023-04-12,MSFT,,,,,,,0.00,,0,,,,,,,,,,0.7651,2023-04-10T10:31:00+00:00,599,1843
summary,2023-04-13,SPY,,,,,,,0.00,,0,,,,,,,,,,0.7657,2023-04-10T14:44:00+00:00,1793,2804
trade,2023-04-13,QQQ,Long,2023-04-13T14:16:00+00:00,2023-04-13T15:51:00+00:00,317.3335,316.9416,0.95,-0.37,-0.001235,5700000,ScoreExit,0.4195,-0.0825,0.5750,0.4499,0.3070,-0.5513,-0.1966,0.3019,,,
summary,2023-04-13,QQQ,,,,,,,-0.37,,1,,,,,,,,,,0.8237,2023-04-10T14:49:00+00:00,1614,2871
trade,2023-04-13,AAPL,Long,2023-04-13T13:36:00+00:00,2023-04-13T15:56:00+00:00,162.4925,163.4823,1.85,1.83,0.006091,8400000,SessionClose,0.4739,0.3345,0.5610,0.4725,0.4476,0.0909,0.3133,0.4581,,,
summary,2023-04-13,AAPL,,,,,,,1.83,,1,,,,,,,,,,0.5788,2023-04-10T15:44:00+00:00,1529,2503
summary,2023-04-13,NVDA,,,,,,,0.00,,0,,,,,,,,,,0.9576,2023-04-10T14:40:00+00:00,1131,2642
trade,2023-04-13,MSFT,Long,2023-04-13T14:01:00+00:00,2023-04-13T15:31:00+00:00,286.0122,287.6807,1.05,1.75,0.005834,5400000,ScoreExit,0.4524,-0.0729,0.5168,0.4913,0.3530,-0.4100,-0.2403,0.3742,,,
summary,2023-04-13,MSFT,,,,,,,1.75,,1,,,,,,,,,,0.6273,2023-04-10T16:49:00+00:00,996,2335
trade,2023-04-14,SPY,Long,2023-04-14T13:41:00+00:00,2023-04-14T14:06:00+00:00,413.9178,414.2621,0.72,0.25,0.000832,1500000,ScoreExit,0.3980,-0.1210,0.4371,0.4142,0.3527,-0.4281,-0.2410,0.2215,,,
summary,2023-04-14,SPY,,,,,,,0.25,,1,,,,,,,,,,0.4890,2023-04-12T12:32:00+00:00,1459,2845
trade,2023-04-14,QQQ,Long,2023-04-14T13:36:00+00:00,2023-04-14T14:09:00+00:00,318.0986,318.7512,0.94,0.62,0.002052,1980000,ScoreExit,0.4189,-0.0516,0.5220,0.4446,0.3332,-0.5668,-0.0973,0.2114,,,
summary,2023-04-14,QQQ,,,,,,,0.62,,1,,,,,,,,,,0.5587,2023-04-12T12:34:00+00:00,1234,2889
trade,2023-04-14,AAPL,Long,2023-04-14T13:36:00+00:00,2023-04-14T14:21:00+00:00,165.2130,165.2719,1.82,0.11,0.000357,2700000,ScoreExit,0.4548,-0.1000,0.5674,0.4567,0.4137,-0.4767,-0.2474,0.3204,,,
summary,2023-04-14,AAPL,,,,,,,0.11,,1,,,,,,,,,,0.5016,2023-04-11T17:59:00+00:00,1433,2536
trade,2023-04-14,NVDA,Long,2023-04-14T13:52:00+00:00,2023-04-14T15:38:00+00:00,267.3785,265.6519,1.12,-1.94,-0.006458,6360000,MaxHoldTimeout,0.4084,0.0000,0.2679,0.5851,0.1019,-0.5223,-0.2295,-0.0957,,,
summary,2023-04-14,NVDA,,,,,,,-1.94,,1,,,,,,,,,,0.6381,2023-04-12T12:30:00+00:00,480,2602
summary,2023-04-14,MSFT,,,,,,,0.00,,0,,,,,,,,,,0.5868,2023-04-12T12:32:00+00:00,1194,2271
summary,2023-04-17,SPY,,,,,,,0.00,,0,,,,,,,,,,0.5068,2023-04-14T13:50:00+00:00,476,1142
summary,2023-04-17,QQQ,,,,,,,0.00,,0,,,,,,,,,,0.7407,2023-04-14T13:56:00+00:00,517,1128
summary,2023-04-17,AAPL,,,,,,,0.00,,0,,,,,,,,,,0.9272,2023-04-14T13:46:00+00:00,376,1048
trade,2023-04-17,NVDA,Long,2023-04-17T13:36:00+00:00,2023-04-17T14:42:00+00:00,265.8982,266.4585,1.13,0.63,0.002107,3960000,ScoreExit,0.4043,-0.0530,0.3077,0.4551,0.3349,-0.5672,-0.2205,0.4536,,,
summary,2023-04-17,NVDA,,,,,,,0.63,,1,,,,,,,,,,1.0000,2023-04-14T13:38:00+00:00,652,1050
summary,2023-04-17,MSFT,,,,,,,0.00,,0,,,,,,,,,,0.6629,2023-04-14T14:04:00+00:00,526,1042
summary,2023-04-18,SPY,,,,,,,0.00,,0,,,,,,,,,,0.3959,2023-04-17T19:28:00+00:00,740,1453
summary,2023-04-18,QQQ,,,,,,,0.00,,0,,,,,,,,,,0.4449,2023-04-18T08:11:00+00:00,715,1477
trade,2023-04-18,AAPL,Long,2023-04-18T13:46:00+00:00,2023-04-18T14:31:00+00:00,166.5359,165.8818,1.80,-1.18,-0.003928,2700000,ScoreExit,0.4453,-0.1639,0.4624,0.4109,0.5083,-0.5585,-0.3455,0.3307,,,
summary,2023-04-18,AAPL,,,,,,,-1.18,,1,,,,,,,,,,0.6125,2023-04-17T11:04:00+00:00,739,1292
trade,2023-04-18,NVDA,Long,2023-04-18T13:36:00+00:00,2023-04-18T15:40:00+00:00,277.6505,277.3195,1.08,-0.36,-0.001192,7440000,MaxHoldTimeout,0.5949,-0.0309,0.5595,0.5337,0.7290,-0.5806,-0.3084,0.7074,,,
summary,2023-04-18,NVDA,,,,,,,-0.36,,1,,,,,,,,,,0.7070,2023-04-18T13:49:00+00:00,918,1375
summary,2023-04-18,MSFT,,,,,,,0.00,,0,,,,,,,,,,0.7520,2023-04-17T10:52:00+00:00,512,1225
summary,2023-04-19,SPY,,,,,,,0.00,,0,,,,,,,,,,0.3959,2023-04-17T19:28:00+00:00,1075,2282
summary,2023-04-19,QQQ,,,,,,,0.00,,0,,,,,,,,,,0.4449,2023-04-18T08:11:00+00:00,1055,2337
summary,2023-04-19,AAPL,,,,,,,0.00,,0,,,,,,,,,,0.6125,2023-04-17T11:04:00+00:00,1174,1999
trade,2023-04-19,NVDA,Long,2023-04-19T13:44:00+00:00,2023-04-19T14:46:00+00:00,276.3403,276.3897,1.09,0.05,0.000179,3720000,ScoreExit,0.4299,-0.0553,0.1824,0.5589,0.2544,-0.5229,-0.1620,0.3139,,,
summary,2023-04-19,NVDA,,,,,,,0.05,,1,,,,,,,,,,0.7070,2023-04-18T13:49:00+00:00,1452,2136
summary,2023-04-19,MSFT,,,,,,,0.00,,0,,,,,,,,,,0.7520,2023-04-17T10:52:00+00:00,690,1818
summary,2023-04-20,SPY,,,,,,,0.00,,0,,,,,,,,,,0.4984,2023-04-17T20:04:00+00:00,1252,2886
summary,2023-04-20,QQQ,,,,,,,0.00,,0,,,,,,,,,,0.6336,2023-04-17T13:37:00+00:00,1300,2930
summary,2023-04-20,AAPL,,,,,,,0.00,,0,,,,,,,,,,0.6235,2023-04-17T13:37:00+00:00,1533,2598
summary,2023-04-20,NVDA,,,,,,,0.00,,0,,,,,,,,,,1.0000,2023-04-17T13:36:00+00:00,1796,2754
summary,2023-04-20,MSFT,,,,,,,0.00,,0,,,,,,,,,,0.9519,2023-04-17T13:36:00+00:00,698,2232
summary,2023-04-21,SPY,,,,,,,0.00,,0,,,,,,,,,,0.3240,2023-04-19T17:12:00+00:00,576,2898
summary,2023-04-21,QQQ,,,,,,,0.00,,0,,,,,,,,,,0.3678,2023-04-18T13:48:00+00:00,503,2941
summary,2023-04-21,AAPL,,,,,,,0.00,,0,,,,,,,,,,0.8966,2023-04-18T13:49:00+00:00,969,2625
summary,2023-04-21,NVDA,,,,,,,0.00,,0,,,,,,,,,,1.0000,2023-04-18T13:36:00+00:00,639,2697
summary,2023-04-21,MSFT,,,,,,,0.00,,0,,,,,,,,,,0.4080,2023-04-19T16:33:00+00:00,455,2219
summary,2023-04-24,SPY,,,,,,,0.00,,0,,,,,,,,,,0.4136,2023-04-21T14:27:00+00:00,608,1105
summary,2023-04-24,QQQ,,,,,,,0.00,,0,,,,,,,,,,0.6498,2023-04-21T15:03:00+00:00,588,1134
summary,2023-04-24,AAPL,,,,,,,0.00,,0,,,,,,,,,,0.9578,2023-04-21T13:40:00+00:00,282,1029
trade,2023-04-24,NVDA,Long,2023-04-24T13:31:00+00:00,2023-04-24T14:06:00+00:00,271.4993,270.8891,1.11,-0.67,-0.002247,2100000,ScoreExit,0.5115,-0.0510,0.5598,0.4554,0.6078,-0.5627,-0.1236,0.2648,,,
summary,2023-04-24,NVDA,,,,,,,-0.67,,1,,,,,,,,,,0.8946,2023-04-21T14:26:00+00:00,592,987
summary,2023-04-24,MSFT,,,,,,,0.00,,0,,,,,,,,,,0.7543,2023-04-21T13:38:00+00:00,364,949
summary,2023-04-25,SPY,,,,,,,0.00,,0,,,,,,,,,,0.7579,2023-04-24T09:34:00+00:00,486,1440
summary,2023-04-25,QQQ,,,,,,,0.00,,0,,,,,,,,,,0.7904,2023-04-24T09:34:00+00:00,437,1503
trade,2023-04-25,AAPL,Long,2023-04-25T13:31:00+00:00,2023-04-25T14:11:00+00:00,165.6581,165.6719,1.81,0.02,0.000083,2400000,ScoreExit,0.4614,-0.0714,0.5452,0.4447,0.4668,-0.5221,-0.2029,0.3419,,,
summary,2023-04-25,AAPL,,,,,,,0.02,,1,,,,,,,,,,0.6308,2023-04-24T09:29:00+00:00,491,1253
summary,2023-04-25,NVDA,,,,,,,0.00,,0,,,,,,,,,,0.8007,2023-04-24T09:25:00+00:00,372,1184
summary,2023-04-25,MSFT,,,,,,,0.00,,0,,,,,,,,,,0.7248,2023-04-24T09:22:00+00:00,214,1134
summary,2023-04-26,SPY,,,,,,,0.00,,0,,,,,,,,,,0.7579,2023-04-24T09:34:00+00:00,486,2336
summary,2023-04-26,QQQ,,,,,,,0.00,,0,,,,,,,,,,0.7904,2023-04-24T09:34:00+00:00,780,2439
summary,2023-04-26,AAPL,,,,,,,0.00,,0,,,,,,,,,,0.6308,2023-04-24T09:29:00+00:00,608,2107
summary,2023-04-26,NVDA,,,,,,,0.00,,0,,,,,,,,,,0.8007,2023-04-24T09:25:00+00:00,865,2022
summary,2023-04-26,MSFT,,,,,,,0.00,,0,,,,,,,,,,0.8994,2023-04-25T20:03:00+00:00,967,2071
summary,2023-04-27,SPY,,,,,,,0.00,,0,,,,,,,,,,0.3874,2023-04-24T13:41:00+00:00,556,2934
trade,2023-04-27,QQQ,Long,2023-04-27T14:31:00+00:00,2023-04-27T15:56:00+00:00,316.7483,317.8864,0.95,1.08,0.003593,5100000,SessionClose,0.3821,0.1592,0.3301,0.4272,0.3093,-0.2528,0.1345,0.3460,,,
summary,2023-04-27,QQQ,,,,,,,1.08,,1,,,,,,,,,,0.6569,2023-04-24T13:40:00+00:00,1328,3039
summary,2023-04-27,AAPL,,,,,,,0.00,,0,,,,,,,,,,0.6142,2023-04-24T13:40:00+00:00,1186,2681
summary,2023-04-27,NVDA,,,,,,,0.00,,0,,,,,,,,,,0.9771,2023-04-24T13:41:00+00:00,1358,2628
trade,2023-04-27,MSFT,Long,2023-04-27T13:31:00+00:00,2023-04-27T15:56:00+00:00,296.6693,302.6445,1.01,6.04,0.020141,8700000,SessionClose,0.4989,-0.0136,0.5386,0.4640,0.5553,-0.5275,-0.2174,0.5653,,,
summary,2023-04-27,MSFT,,,,,,,6.04,,1,,,,,,,,,,1.0000,2023-04-24T13:35:00+00:00,1475,2668
summary,2023-04-28,SPY,,,,,,,0.00,,0,,,,,,,,,,0.4341,2023-04-28T14:19:00+00:00,1499,2998
trade,2023-04-28,QQQ,Long,2023-04-28T14:11:00+00:00,2023-04-28T14:56:00+00:00,320.9492,320.6159,0.94,-0.31,-0.001039,2700000,ScoreExit,0.3947,-0.1481,0.5651,0.4050,0.3172,-0.4366,-0.3326,0.3172,,,
summary,2023-04-28,QQQ,,,,,,,-0.31,,1,,,,,,,,,,0.6045,2023-04-25T22:07:00+00:00,2073,3092
trade,2023-04-28,AAPL,Long,2023-04-28T14:11:00+00:00,2023-04-28T14:56:00+00:00,169.1788,169.0862,1.77,-0.16,-0.000548,2700000,ScoreExit,0.4547,-0.0526,0.5704,0.4415,0.4425,-0.3393,-0.2524,0.4425,,,
summary,2023-04-28,AAPL,,,,,,,-0.16,,1,,,,,,,,,,0.6170,2023-04-25T13:40:00+00:00,1370,2765
trade,2023-04-28,NVDA,Long,2023-04-28T14:11:00+00:00,2023-04-28T14:56:00+00:00,274.1698,273.5703,1.09,-0.66,-0.002187,2700000,ScoreExit,0.4365,-0.0868,0.6096,0.4628,0.3262,-0.4820,-0.2275,0.3262,,,
summary,2023-04-28,NVDA,,,,,,,-0.66,,1,,,,,,,,,,0.7407,2023-04-25T22:13:00+00:00,1739,2704
trade,2023-04-28,MSFT,Long,2023-04-28T13:36:00+00:00,2023-04-28T14:41:00+00:00,304.0258,306.8836,0.99,2.82,0.009400,3900000,ScoreExit,0.3921,-0.0502,-0.0169,0.4043,0.5041,-0.5515,-0.1999,0.4162,,,
summary,2023-04-28,MSFT,,,,,,,2.82,,1,,,,,,,,,,0.9679,2023-04-25T20:03:00+00:00,2061,2813
summary,2023-05-01,SPY,,,,,,,0.00,,0,,,,,,,,,,0.8302,2023-04-28T14:53:00+00:00,844,1132
summary,2023-05-01,QQQ,,,,,,,0.00,,0,,,,,,,,,,0.8405,2023-04-28T14:29:00+00:00,832,1130
summary,2023-05-01,AAPL,,,,,,,0.00,,0,,,,,,,,,,0.8903,2023-04-28T14:15:00+00:00,615,1077
trade,2023-05-01,NVDA,Long,2023-05-01T13:36:00+00:00,2023-05-01T15:56:00+00:00,280.0360,286.0078,1.07,6.40,0.021325,8400000,SessionClose,0.5546,0.3123,0.5528,0.4945,0.6756,0.0322,0.1607,0.7088,,,
summary,2023-05-01,NVDA,,,,,,,6.40,,1,,,,,,,,,,0.9024,2023-04-28T14:10:00+00:00,929,1006
trade,2023-05-01,MSFT,Long,2023-05-01T13:36:00+00:00,2023-05-01T14:05:00+00:00,307.2164,306.5637,0.98,-0.64,-0.002125,1740000,ScoreExit,0.3711,-0.0688,-0.0092,0.4396,0.3610,-0.5982,-0.1213,0.2127,,,
summary,2023-05-01,MSFT,,,,,,,-0.64,,1,,,,,,,,,,0.9620,2023-04-28T13:39:00+00:00,424,961
summary,2023-05-02,SPY,,,,,,,0.00,,0,,,,,,,,,,0.6181,2023-05-01T09:21:00+00:00,233,1436
summary,2023-05-02,QQQ,,,,,,,0.00,,0,,,,,,,,,,0.7340,2023-05-01T09:22:00+00:00,447,1418
summary,2023-05-02,AAPL,,,,,,,0.00,,0,,,,,,,,,,0.6346,2023-05-01T09:21:00+00:00,635,1284
summary,2023-05-02,NVDA,,,,,,,0.00,,0,,,,,,,,,,0.8054,2023-05-01T11:06:00+00:00,811,1308
summary,2023-05-02,MSFT,,,,,,,0.00,,0,,,,,,,,,,0.4973,2023-05-01T12:02:00+00:00,418,1064
summary,2023-05-03,SPY,,,,,,,0.00,,0,,,,,,,,,,0.6181,2023-05-01T09:21:00+00:00,274,2241
summary,2023-05-03,QQQ,,,,,,,0.00,,0,,,,,,,,,,0.7340,2023-05-01T09:22:00+00:00,490,2260
trade,2023-05-03,AAPL,Long,2023-05-03T13:33:00+00:00,2023-05-03T14:30:00+00:00,169.9898,170.0410,1.77,0.09,0.000301,3420000,ScoreExit,0.4235,-0.1065,0.5805,0.4482,0.3217,-0.5284,-0.1852,0.1915,,,
summary,2023-05-03,AAPL,,,,,,,0.09,,1,,,,,,,,,,0.6346,2023-05-01T09:21:00+00:00,894,2021
summary,2023-05-03,NVDA,,,,,,,0.00,,0,,,,,,,,,,0.8054,2023-05-01T11:06:00+00:00,911,2097
summary,2023-05-03,MSFT,,,,,,,0.00,,0,,,,,,,,,,0.4973,2023-05-01T12:02:00+00:00,662,1707
summary,2023-05-04,SPY,,,,,,,0.00,,0,,,,,,,,,,0.7521,2023-05-01T14:49:00+00:00,241,2894
summary,2023-05-04,QQQ,,,,,,,0.00,,0,,,,,,,,,,0.7034,2023-05-01T14:59:00+00:00,435,2909
summary,2023-05-04,AAPL,,,,,,,0.00,,0,,,,,,,,,,0.5779,2023-05-01T13:41:00+00:00,725,2716
summary,2023-05-04,NVDA,,,,,,,0.00,,0,,,,,,,,,,1.0000,2023-05-01T13:39:00+00:00,813,2665
summary,2023-05-04,MSFT,,,,,,,0.00,,0,,,,,,,,,,0.7003,2023-05-01T13:50:00+00:00,775,2282
trade,2023-05-05,SPY,Long,2023-05-05T14:06:00+00:00,2023-05-05T15:10:00+00:00,410.7471,410.7678,0.73,0.02,0.000050,3840000,ScoreExit,0.3911,-0.0606,0.5429,0.4104,0.3017,-0.5016,-0.1676,0.3005,,,
summary,2023-05-05,SPY,,,,,,,0.02,,1,,,,,,,,,,0.4520,2023-05-02T19:12:00+00:00,977,2944
trade,2023-05-05,QQQ,Long,2023-05-05T14:02:00+00:00,2023-05-05T15:52:00+00:00,320.0190,321.3207,0.94,1.22,0.004068,6600000,ScoreExit,0.4097,-0.0542,0.5543,0.4382,0.3045,-0.3858,-0.1826,0.3133,,,
summary,2023-05-05,QQQ,,,,,,,1.22,,1,,,,,,,,,,0.4429,2023-05-05T14:14:00+00:00,963,2968
summary,2023-05-05,AAPL,,,,,,,0.00,,0,,,,,,,,,,0.6959,2023-05-05T13:36:00+00:00,1300,2915
trade,2023-05-05,MSFT,Long,2023-05-05T14:06:00+00:00,2023-05-05T15:17:00+00:00,307.8966,308.7232,0.97,0.81,0.002685,4260000,ScoreExit,0.4376,-0.0590,0.5706,0.4836,0.3014,-0.3818,-0.1832,0.2972,,,
summary,2023-05-05,MSFT,,,,,,,0.81,,1,,,,,,,,,,0.7832,2023-05-02T13:49:00+00:00,954,2346
summary,2023-05-08,SPY,,,,,,,0.00,,0,,,,,,,,,,0.8411,2023-05-05T14:40:00+00:00,785,1103
summary,2023-05-08,QQQ,,,,,,,0.00,,0,,,,,,,,,,0.9532,2023-05-05T14:40:00+00:00,886,1091
trade,2023-05-08,AAPL,Long,2023-05-08T14:20:00+00:00,2023-05-08T14:33:00+00:00,173.7397,173.1154,1.73,-1.08,-0.003594,780000,ScoreExit,0.4072,-0.0690,0.5534,0.4219,0.3290,-0.5624,-0.0793,0.1161,,,
summary,2023-05-08,AAPL,,,,,,,-1.08,,1,,,,,,,,,,1.0000,2023-05-05T13:35:00+00:00,666,1098
trade,2023-05-08,NVDA,Long,2023-05-08T14:46:00+00:00,2023-05-08T15:56:00+00:00,285.8472,288.7372,1.05,3.03,0.010111,4200000,SessionClose,0.5105,0.3869,0.5703,0.4930,0.5258,-0.3483,0.3783,0.6494,,,
summary,2023-05-08,NVDA,,,,,,,3.03,,1,,,,,,,,,,0.9583,2023-05-05T14:41:00+00:00,935,1006
summary,2023-05-08,MSFT,,,,,,,0.00,,0,,,,,,,,,,0.9543,2023-05-05T14:41:00+00:00,558,948
summary,2023-05-09,SPY,,,,,,,0.00,,0,,,,,,,,,,0.6436,2023-05-08T09:42:00+00:00,582,1378
summary,2023-05-09,QQQ,,,,,,,0.00,,0,,,,,,,,,,0.5180,2023-05-08T17:39:00+00:00,655,1402
summary,2023-05-09,AAPL,,,,,,,0.00,,0,,,,,,,,,,0.5937,2023-05-08T14:19:00+00:00,409,1287
summary,2023-05-09,NVDA,,,,,,,0.00,,0,,,,,,,,,,0.6938,2023-05-08T15:09:00+00:00,593,1215
trade,2023-05-09,MSFT,Long,2023-05-09T13:35:00+00:00,2023-05-09T14:46:00+00:00,308.8618,308.5833,0.97,-0.27,-0.000902,4260000,ScoreExit,0.4290,-0.1312,0.5241,0.4618,0.3319,-0.2277,-0.2992,0.2369,,,
summary,2023-05-09,MSFT,,,,,,,-0.27,,1,,,,,,,,,,0.5007,2023-05-09T13:49:00+00:00,298,1057
summary,2023-05-10,SPY,,,,,,,0.00,,0,,,,,,,,,,0.6436,2023-05-08T09:42:00+00:00,814,2183
summary,2023-05-10,QQQ,,,,,,,0.00,,0,,,,,,,,,,0.5180,2023-05-08T17:39:00+00:00,980,2170
summary,2023-05-10,AAPL,,,,,,,0.00,,0,,,,,,,,,,0.5937,2023-05-08T14:19:00+00:00,734,1983
summary,2023-05-10,NVDA,,,,,,,0.00,,0,,,,,,,,,,0.6938,2023-05-08T15:09:00+00:00,919,1869
trade,2023-05-10,MSFT,Long,2023-05-10T14:06:00+00:00,2023-05-10T14:41:00+00:00,310.7771,310.1929,0.97,-0.56,-0.001880,2100000,ScoreExit,0.4026,-0.1436,0.4528,0.4178,0.3555,-0.5419,-0.3267,0.3555,,,
summary,2023-05-10,MSFT,,,,,,,-0.56,,1,,,,,,,,,,0.5007,2023-05-09T13:49:00+00:00,703,1657
summary,2023-05-11,SPY,,,,,,,0.00,,0,,,,,,,,,,0.5177,2023-05-08T15:04:00+00:00,1123,2760
summary,2023-05-11,QQQ,,,,,,,0.00,,0,,,,,,,,,,0.5236,2023-05-08T15:54:00+00:00,1478,2767
summary,2023-05-11,AAPL,,,,,,,0.00,,0,,,,,,,,,,0.8598,2023-05-08T14:23:00+00:00,1128,2482
summary,2023-05-11,NVDA,,,,,,,0.00,,0,,,,,,,,,,0.9601,2023-05-08T14:48:00+00:00,1153,2431
summary,2023-05-11,MSFT,,,,,,,0.00,,0,,,,,,,,,,0.5221,2023-05-09T13:49:00+00:00,1158,2188
summary,2023-05-12,SPY,,,,,,,0.00,,0,,,,,,,,,,0.5523,2023-05-10T12:49:00+00:00,1235,2803
summary,2023-05-12,QQQ,,,,,,,0.00,,0,,,,,,,,,,0.5447,2023-05-10T12:49:00+00:00,1417,2796
summary,2023-05-12,AAPL,,,,,,,0.00,,0,,,,,,,,,,0.4725,2023-05-10T13:14:00+00:00,1028,2477
summary,2023-05-12,NVDA,,,,,,,0.00,,0,,,,,,,,,,0.6441,2023-05-10T12:49:00+00:00,776,2426
summary,2023-05-15,SPY,,,,,,,0.00,,0,,,,,,,,,,0.6310,2023-05-15T08:11:00+00:00,499,1125
summary,2023-05-15,QQQ,,,,,,,0.00,,0,,,,,,,,,,0.5455,2023-05-15T08:15:00+00:00,510,1133
summary,2023-05-15,AAPL,,,,,,,0.00,,0,,,,,,,,,,0.4630,2023-05-15T08:00:00+00:00,318,1055
summary,2023-05-15,NVDA,,,,,,,0.00,,0,,,,,,,,,,0.9343,2023-05-12T13:34:00+00:00,478,974
summary,2023-05-16,SPY,,,,,,,0.00,,0,,,,,,,,,,0.4972,2023-05-15T17:09:00+00:00,741,1426
trade,2023-05-16,QQQ,Long,2023-05-16T13:42:00+00:00,2023-05-16T15:56:00+00:00,327.0504,328.5093,0.92,1.34,0.004461,8040000,SessionClose,0.4034,0.3423,0.5151,0.4303,0.3123,0.5172,0.2525,0.4635,,,
summary,2023-05-16,QQQ,,,,,,,1.34,,1,,,,,,,,,,0.5484,2023-05-15T09:30:00+00:00,882,1426
trade,2023-05-16,AAPL,Long,2023-05-16T13:36:00+00:00,2023-05-16T14:32:00+00:00,172.6062,172.2205,1.74,-0.67,-0.002234,3360000,ScoreExit,0.3985,-0.1337,0.5480,0.4103,0.3250,-0.3893,-0.2568,0.1976,,,
summary,2023-05-16,AAPL,,,,,,,-0.67,,1,,,,,,,,,,0.4915,2023-05-15T11:23:00+00:00,569,1215
trade,2023-05-16,NVDA,Long,2023-05-16T13:31:00+00:00,2023-05-16T15:56:00+00:00,289.3679,295.9558,1.04,6.83,0.022767,8700000,SessionClose,0.5448,0.5113,0.5293,0.4847,0.6702,0.5517,0.3766,0.7674,,,
summary,2023-05-16,NVDA,,,,,,,6.83,,1,,,,,,,,,,0.7252,2023-05-15T15:34:00+00:00,903,1169
trade,2023-05-16,MSFT,Long,2023-05-16T13:31:00+00:00,2023-05-16T15:56:00+00:00,311.4073,313.4722,0.96,1.99,0.006631,8700000,SessionClose,0.5530,0.3408,0.6258,0.5548,0.5252,0.5197,0.1934,0.5759,,,
summary,2023-05-16,MSFT,,,,,,,1.99,,1,,,,,,,,,,0.5648,2023-05-16T13:45:00+00:00,724,1057
summary,2023-05-17,QQQ,,,,,,,0.00,,0,,,,,,,,,,0.5484,2023-05-15T09:30:00+00:00,1433,2217
summary,2023-05-17,AAPL,,,,,,,0.00,,0,,,,,,,,,,0.4915,2023-05-15T11:23:00+00:00,805,1928
trade,2023-05-17,NVDA,Long,2023-05-17T14:06:00+00:00,2023-05-17T15:56:00+00:00,295.9474,297.3855,1.02,1.46,0.004859,6600000,SessionClose,0.4355,0.2303,0.4578,0.4051,0.4889,-0.4891,0.2252,0.4804,,,
summary,2023-05-17,NVDA,,,,,,,1.46,,1,,,,,,,,,,0.7252,2023-05-15T15:34:00+00:00,1597,1924
summary,2023-05-17,MSFT,,,,,,,0.00,,0,,,,,,,,,,0.5648,2023-05-16T13:45:00+00:00,1154,1688
trade,2023-05-18,SPY,Long,2023-05-18T14:16:00+00:00,2023-05-18T15:56:00+00:00,415.8582,417.9214,0.72,1.49,0.004961,6000000,SessionClose,0.3853,-0.0052,0.4201,0.4081,0.3283,0.5232,-0.2524,0.3132,,,
summary,2023-05-18,SPY,,,,,,,1.49,,1,,,,,,,,,,0.7501,2023-05-15T14:54:00+00:00,1733,2805
trade,2023-05-18,QQQ,Long,2023-05-18T13:36:00+00:00,2023-05-18T15:56:00+00:00,332.2014,336.2777,0.90,3.68,0.012271,8400000,SessionClose,0.4005,0.1171,0.4758,0.4140,0.3484,0.5128,-0.1204,0.4601,,,
summary,2023-05-18,QQQ,,,,,,,3.68,,1,,,,,,,,,,0.6216,2023-05-15T14:54:00+00:00,2034,2765
trade,2023-05-18,AAPL,Long,2023-05-18T14:31:00+00:00,2023-05-18T15:56:00+00:00,173.8698,174.8800,1.73,1.74,0.005810,5100000,SessionClose,0.4109,0.1407,0.5055,0.4182,0.3647,-0.0944,0.0529,0.3945,,,
summary,2023-05-18,AAPL,,,,,,,1.74,,1,,,,,,,,,,0.4424,2023-05-16T13:46:00+00:00,1097,2421
trade,2023-05-18,NVDA,Long,2023-05-18T13:36:00+00:00,2023-05-18T15:56:00+00:00,306.5663,317.2216,0.98,10.46,0.034757,8400000,SessionClose,0.5797,0.3147,0.6067,0.5559,0.6184,0.1705,0.1419,0.7084,,,
summary,2023-05-18,NVDA,,,,,,,10.46,,1,,,,,,,,,,0.7468,2023-05-15T15:34:00+00:00,2257,2628
trade,2023-05-18,MSFT,Long,2023-05-18T14:31:00+00:00,2023-05-18T15:56:00+00:00,316.6983,317.5715,0.95,0.83,0.002757,5100000,SessionClose,0.4245,0.0145,0.5452,0.4407,0.3520,-0.0887,-0.1666,0.4112,,,
summary,2023-05-18,MSFT,,,,,,,0.83,,1,,,,,,,,,,0.8300,2023-05-15T14:52:00+00:00,1596,2166
summary,2023-05-19,SPY,,,,,,,0.00,,0,,,,,,,,,,0.4784,2023-05-17T17:04:00+00:00,1808,2895
summary,2023-05-19,QQQ,,,,,,,0.00,,0,,,,,,,,,,0.7866,2023-05-16T14:56:00+00:00,2042,2867
summary,2023-05-19,AAPL,,,,,,,0.00,,0,,,,,,,,,,0.5786,2023-05-16T13:46:00+00:00,1413,2584
summary,2023-05-19,NVDA,,,,,,,0.00,,0,,,,,,,,,,0.9497,2023-05-16T15:04:00+00:00,2216,2833
summary,2023-05-19,MSFT,,,,,,,0.00,,0,,,,,,,,,,0.8486,2023-05-16T13:46:00+00:00,1493,2296
summary,2023-05-22,SPY,,,,,,,0.00,,0,,,,,,,,,,0.3807,2023-05-19T13:38:00+00:00,337,1109
trade,2023-05-22,QQQ,Long,2023-05-22T13:46:00+00:00,2023-05-22T14:08:00+00:00,337.7425,337.3625,0.89,-0.34,-0.001125,1320000,ScoreExit,0.3916,-0.0833,0.1189,0.4495,0.3669,-0.5816,-0.1821,0.2803,,,
summary,2023-05-22,QQQ,,,,,,,-0.34,,1,,,,,,,,,,0.4628,2023-05-22T13:49:00+00:00,413,1119
summary,2023-05-22,AAPL,,,,,,,0.00,,0,,,,,,,,,,0.4411,2023-05-19T14:39:00+00:00,107,1092
trade,2023-05-22,NVDA,Long,2023-05-22T13:53:00+00:00,2023-05-22T15:35:00+00:00,312.2524,312.6053,0.96,0.34,0.001130,6120000,ScoreExit,0.4632,-0.0964,0.6465,0.4883,0.3521,-0.5523,-0.2703,0.4035,,,
summary,2023-05-22,NVDA,,,,,,,0.34,,1,,,,,,,,,,0.7601,2023-05-19T16:17:00+00:00,416,1127
trade,2023-05-22,MSFT,Long,2023-05-22T13:36:00+00:00,2023-05-22T15:41:00+00:00,319.6689,321.0308,0.94,1.28,0.004260,7500000,ScoreExit,0.4715,-0.0785,0.5144,0.4251,0.5499,-0.5544,-0.2974,0.5179,,,
summary,2023-05-22,MSFT,,,,,,,1.28,,1,,,,,,,,,,0.6783,2023-05-19T13:38:00+00:00,645,972
summary,2023-05-23,SPY,,,,,,,0.00,,0,,,,,,,,,,0.4302,2023-05-22T13:38:00+00:00,543,1439
summary,2023-05-23,QQQ,,,,,,,0.00,,0,,,,,,,,,,0.5323,2023-05-22T13:52:00+00:00,558,1467
summary,2023-05-23,AAPL,,,,,,,0.00,,0,,,,,,,,,,0.5187,2023-05-22T13:38:00+00:00,373,1350
summary,2023-05-23,NVDA,,,,,,,0.00,,0,,,,,,,,,,0.7718,2023-05-22T14:20:00+00:00,634,1378
summary,2023-05-23,MSFT,,,,,,,0.00,,0,,,,,,,,,,0.6726,2023-05-22T13:48:00+00:00,520,1197
summary,2023-05-24,SPY,,,,,,,0.00,,0,,,,,,,,,,0.4302,2023-05-22T13:38:00+00:00,543,2271
trade,2023-05-24,AAPL,Long,2023-05-24T13:41:00+00:00,2023-05-24T15:27:00+00:00,171.7793,171.5007,1.75,-0.49,-0.001622,6360000,MaxHoldTimeout,0.3535,0.0000,0.2013,0.5248,0.0617,0.5176,0.0630,-0.0630,,,
summary,2023-05-24,AAPL,,,,,,,-0.49,,1,,,,,,,,,,0.5187,2023-05-22T13:38:00+00:00,444,2118
summary,2023-05-24,NVDA,,,,,,,0.00,,0,,,,,,,,,,0.7718,2023-05-22T14:20:00+00:00,690,2179
summary,2023-05-25,SPY,,,,,,,0.00,,0,,,,,,,,,,0.5439,2023-05-22T13:38:00+00:00,532,2929
summary,2023-05-25,QQQ,,,,,,,0.00,,0,,,,,,,,,,0.6592,2023-05-22T13:52:00+00:00,1155,2975
summary,2023-05-25,AAPL,,,,,,,0.00,,0,,,,,,,,,,0.6567,2023-05-22T13:41:00+00:00,640,2761
summary,2023-05-25,NVDA,,,,,,,0.00,,0,,,,,,,,,,0.9118,2023-05-22T13:52:00+00:00,1197,2886
trade,2023-05-25,MSFT,Long,2023-05-25T14:41:00+00:00,2023-05-25T15:51:00+00:00,322.9796,323.6303,0.93,0.60,0.002015,4200000,ScoreExit,0.5030,-0.0600,0.5268,0.4374,0.6262,-0.5590,-0.2948,0.5759,,,
summary,2023-05-25,MSFT,,,,,,,0.60,,1,,,,,,,,,,0.9576,2023-05-22T15:03:00+00:00,1186,2566
trade,2023-05-26,SPY,Long,2023-05-26T13:41:00+00:00,2023-05-26T15:21:00+00:00,416.8133,418.5004,0.72,1.21,0.004047,6000000,ScoreExit,0.4205,-0.0760,0.5683,0.4367,0.3389,-0.4296,-0.2508,0.3914,,,
summary,2023-05-26,SPY,,,,,,,1.21,,1,,,,,,,,,,0.4775,2023-05-26T14:29:00+00:00,1288,2935
trade,2023-05-26,QQQ,Long,2023-05-26T13:41:00+00:00,2023-05-26T15:56:00+00:00,342.1850,347.4655,0.88,4.63,0.015432,8100000,SessionClose,0.4486,0.2620,0.5806,0.4291,0.4436,0.4864,0.0688,0.5734,,,
summary,2023-05-26,QQQ,,,,,,,4.63,,1,,,,,,,,,,0.5778,2023-05-24T21:03:00+00:00,1602,2981
trade,2023-05-26,AAPL,Long,2023-05-26T13:36:00+00:00,2023-05-26T15:21:00+00:00,173.6597,175.2099,1.73,2.68,0.008927,6300000,ScoreExit,0.3828,-0.0804,0.1618,0.4239,0.3745,-0.4476,-0.2521,0.3855,,,
summary,2023-05-26,AAPL,,,,,,,2.68,,1,,,,,,,,,,0.4892,2023-05-23T13:43:00+00:00,1246,2717
trade,2023-05-26,NVDA,Long,2023-05-26T14:36:00+00:00,2023-05-26T15:56:00+00:00,380.9762,387.2825,0.71,4.47,0.016553,4800000,SessionClose,0.5686,0.3856,0.5421,0.5678,0.5791,0.5489,0.2519,0.5984,,,
summary,2023-05-26,NVDA,,,,,,,4.47,,1,,,,,,,,,,0.9305,2023-05-24T20:21:00+00:00,1533,3014
trade,2023-05-26,MSFT,Long,2023-05-26T13:31:00+00:00,2023-05-26T15:56:00+00:00,325.4101,332.8485,0.92,6.86,0.022859,8700000,SessionClose,0.4545,0.4869,0.5273,0.4285,0.4821,0.5564,0.4015,0.6348,,,
summary,2023-05-26,MSFT,,,,,,,6.86,,1,,,,,,,,,,0.8563,2023-05-23T13:32:00+00:00,1306,2563
summary,2023-05-29,SPY,,,,,,,0.00,,0,,,,,,,,,,0.9512,2023-05-26T14:41:00+00:00,450,499
summary,2023-05-29,QQQ,,,,,,,0.00,,0,,,,,,,,,,0.9565,2023-05-26T14:42:00+00:00,497,499
summary,2023-05-29,AAPL,,,,,,,0.00,,0,,,,,,,,,,0.9541,2023-05-26T15:00:00+00:00,385,472
summary,2023-05-29,NVDA,,,,,,,0.00,,0,,,,,,,,,,0.9651,2023-05-26T14:48:00+00:00,492,502
summary,2023-05-29,MSFT,,,,,,,0.00,,0,,,,,,,,,,0.9583,2023-05-26T15:01:00+00:00,450,456
summary,2023-05-30,SPY,,,,,,,0.00,,0,,,,,,,,,,0.7245,2023-05-30T09:20:00+00:00,235,675
summary,2023-05-30,QQQ,,,,,,,0.00,,0,,,,,,,,,,0.7835,2023-05-30T09:20:00+00:00,240,702
trade,2023-05-30,AAPL,Long,2023-05-30T13:36:00+00:00,2023-05-30T13:47:00+00:00,178.0506,177.7194,1.69,-0.56,-0.001860,660000,ScoreExit,0.5692,-0.0983,0.5447,0.4112,0.8935,-0.4218,-0.1758,0.1645,,,
summary,2023-05-30,AAPL,,,,,,,-0.56,,1,,,,,,,,,,0.8344,2023-05-30T09:20:00+00:00,385,676
trade,2023-05-30,NVDA,Long,2023-05-30T13:41:00+00:00,2023-05-30T14:26:00+00:00,411.0272,410.3479,0.41,-0.28,-0.001653,2700000,ScoreExit,0.8226,-0.0606,0.7048,0.7535,1.0000,-0.2481,-0.2202,0.3213,,,
summary,2023-05-30,NVDA,,,,,,,-0.28,,1,,,,,,,,,,1.0000,2023-05-30T08:04:00+00:00,378,700
summary,2023-05-30,MSFT,,,,,,,0.00,,0,,,,,,,,,,0.6979,2023-05-30T08:37:00+00:00,205,635
summary,2023-05-31,SPY,,,,,,,0.00,,0,,,,,,,,,,0.7245,2023-05-30T09:20:00+00:00,441,1481
summary,2023-05-31,QQQ,,,,,,,0.00,,0,,,,,,,,,,0.7835,2023-05-30T09:20:00+00:00,367,1572
trade,2023-05-31,AAPL,Long,2023-05-31T13:31:00+00:00,2023-05-31T14:31:00+00:00,177.6605,177.7194,1.69,0.10,0.000332,3600000,ScoreExit,0.4588,-0.1469,0.5339,0.4460,0.4594,-0.5259,-0.3271,0.3400,,,
summary,2023-05-31,AAPL,,,,,,,0.10,,1,,,,,,,,,,0.8344,2023-05-30T09:20:00+00:00,882,1408
summary,2023-05-31,NVDA,,,,,,,0.00,,0,,,,,,,,,,1.0000,2023-05-30T08:04:00+00:00,565,1576
trade,2023-05-31,MSFT,Long,2023-05-31T13:36:00+00:00,2023-05-31T14:11:00+00:00,333.4317,333.5783,0.90,0.13,0.000440,2100000,ScoreExit,0.4366,-0.1459,0.4804,0.4321,0.4311,-0.5466,-0.2692,0.2342,,,
summary,2023-05-31,MSFT,,,,,,,0.13,,1,,,,,,,,,,0.6979,2023-05-30T08:37:00+00:00,398,1310
summary,2023-06-01,SPY,,,,,,,0.00,,0,,,,,,,,,,0.7245,2023-05-30T09:20:00+00:00,830,2307
summary,2023-06-01,QQQ,,,,,,,0.00,,0,,,,,,,,,,0.7835,2023-05-30T09:20:00+00:00,648,2386
summary,2023-06-01,AAPL,,,,,,,0.00,,0,,,,,,,,,,0.8344,2023-05-30T09:20:00+00:00,1340,2194
summary,2023-06-01,NVDA,,,,,,,0.00,,0,,,,,,,,,,1.0000,2023-05-30T08:04:00+00:00,936,2447
summary,2023-06-01,MSFT,,,,,,,0.00,,0,,,,,,,,,,0.6979,2023-05-30T08:37:00+00:00,653,1934
summary,2023-06-02,SPY,,,,,,,0.00,,0,,,,,,,,,,0.4381,2023-06-02T15:03:00+00:00,1286,2863
summary,2023-06-02,AAPL,,,,,,,0.00,,0,,,,,,,,,,1.0000,2023-05-30T13:37:00+00:00,1677,2736
trade,2023-06-02,NVDA,Long,2023-06-02T14:41:00+00:00,2023-06-02T15:48:00+00:00,396.6343,396.6157,0.58,-0.01,-0.000047,4020000,ScoreExit,0.3841,-0.0642,0.2979,0.4140,0.3530,-0.5126,-0.1579,0.2727,,,
summary,2023-06-02,NVDA,,,,,,,-0.01,,1,,,,,,,,,,1.0000,2023-05-30T13:37:00+00:00,1041,2990
summary,2023-06-02,MSFT,,,,,,,0.00,,0,,,,,,,,,,0.6947,2023-05-30T13:39:00+00:00,928,2348
summary,2023-06-05,SPY,,,,,,,0.00,,0,,,,,,,,,,0.9279,2023-06-02T15:03:00+00:00,796,1128
trade,2023-06-05,QQQ,Long,2023-06-05T13:37:00+00:00,2023-06-05T13:53:00+00:00,355.7861,354.8840,0.84,-0.76,-0.002536,960000,ScoreExit,0.4082,-0.0602,0.5616,0.4059,0.3617,-0.5806,-0.1077,0.2082,,,
summary,2023-06-05,QQQ,,,,,,,-0.76,,1,,,,,,,,,,0.8191,2023-06-02T15:03:00+00:00,782,1177
trade,2023-06-05,AAPL,Long,2023-06-05T13:36:00+00:00,2023-06-05T15:56:00+00:00,183.6617,184.2181,1.63,0.91,0.003030,8400000,SessionClose,0.4582,0.1095,0.5601,0.4019,0.5369,0.5262,-0.1729,0.5355,,,
summary,2023-06-05,AAPL,,,,,,,0.91,,1,,,,,,,,,,0.5621,2023-06-02T15:59:00+00:00,832,1222
trade,2023-06-05,MSFT,Long,2023-06-05T13:32:00+00:00,2023-06-05T13:53:00+00:00,336.6222,334.9380,0.89,-1.50,-0.005003,1260000,ScoreExit,0.4941,-0.0793,0.6212,0.4987,0.4425,-0.5935,-0.0963,0.1261,,,
summary,2023-06-05,MSFT,,,,,,,-1.50,,1,,,,,,,,,,1.0000,2023-06-02T13:39:00+00:00,549,982
summary,2023-06-06,SPY,,,,,,,0.00,,0,,,,,,,,,,0.3837,2023-06-05T11:04:00+00:00,574,1369
summary,2023-06-06,QQQ,,,,,,,0.00,,0,,,,,,,,,,0.5269,2023-06-05T13:43:00+00:00,643,1420
summary,2023-06-06,AAPL,,,,,,,0.00,,0,,,,,,,,,,0.7597,2023-06-05T09:32:00+00:00,613,1533
summary,2023-06-06,NVDA,,,,,,,0.00,,0,,,,,,,,,,0.8174,2023-06-05T13:40:00+00:00,573,1357
summary,2023-06-07,SPY,,,,,,,0.00,,0,,,,,,,,,,0.3837,2023-06-05T11:04:00+00:00,851,2155
summary,2023-06-07,QQQ,,,,,,,0.00,,0,,,,,,,,,,0.5269,2023-06-05T13:43:00+00:00,773,2235
summary,2023-06-07,AAPL,,,,,,,0.00,,0,,,,,,,,,,0.7597,2023-06-05T09:32:00+00:00,652,2305
trade,2023-06-07,NVDA,Long,2023-06-07T13:31:00+00:00,2023-06-07T14:16:00+00:00,391.3956,390.7368,0.77,-0.51,-0.001683,2700000,ScoreExit,0.5863,-0.1628,0.6205,0.6623,0.4229,-0.6025,-0.1827,0.0234,,,
summary,2023-06-07,NVDA,,,,,,,-0.51,,1,,,,,,,,,,0.8174,2023-06-05T13:40:00+00:00,732,2117
summary,2023-06-07,MSFT,,,,,,,0.00,,0,,,,,,,,,,0.5875,2023-06-05T15:38:00+00:00,392,1668
summary,2023-06-08,SPY,,,,,,,0.00,,0,,,,,,,,,,0.4971,2023-06-05T14:52:00+00:00,923,2733
summary,2023-06-08,QQQ,,,,,,,0.00,,0,,,,,,,,,,0.8570,2023-06-05T14:57:00+00:00,896,2876
summary,2023-06-08,AAPL,,,,,,,0.00,,0,,,,,,,,,,0.9306,2023-06-05T14:57:00+00:00,457,2749
trade,2023-06-08,NVDA,Long,2023-06-08T13:41:00+00:00,2023-06-08T15:56:00+00:00,378.0406,387.0976,0.68,6.18,0.023958,8100000,SessionClose,0.3543,0.3188,0.2786,0.5307,0.0268,0.5126,0.2414,0.4090,,,
summary,2023-06-08,NVDA,,,,,,,6.18,,1,,,,,,,,,,1.0000,2023-06-05T13:40:00+00:00,882,2686
summary,2023-06-08,MSFT,,,,,,,0.00,,0,,,,,,,,,,0.9116,2023-06-05T14:53:00+00:00,429,2201
summary,2023-06-09,SPY,,,,,,,0.00,,0,,,,,,,,,,0.8299,2023-06-06T14:51:00+00:00,1575,2779
trade,2023-06-09,QQQ,Long,2023-06-09T13:36:00+00:00,2023-06-09T14:36:00+00:00,355.4561,356.6337,0.84,0.99,0.003313,3600000,ScoreExit,0.3970,-0.0543,0.5136,0.4015,0.3492,-0.5381,-0.1436,0.2854,,,
summary,2023-06-09,QQQ,,,,,,,0.99,,1,,,,,,,,,,0.8624,2023-06-06T14:49:00+00:00,1356,2888
summary,2023-06-09,AAPL,,,,,,,0.00,,0,,,,,,,,,,0.8362,2023-06-06T14:46:00+00:00,1445,2681
trade,2023-06-09,NVDA,Long,2023-06-09T13:41:00+00:00,2023-06-09T14:41:00+00:00,391.4133,393.0247,0.77,1.24,0.004117,3600000,ScoreExit,0.4995,-0.1384,0.1375,0.5176,0.5839,-0.5918,-0.3562,0.4485,,,
summary,2023-06-09,NVDA,,,,,,,1.24,,1,,,,,,,,,,0.8822,2023-06-06T13:53:00+00:00,1235,2787
trade,2023-06-09,MSFT,Long,2023-06-09T13:36:00+00:00,2023-06-09T14:41:00+00:00,327.4006,328.4293,0.92,0.94,0.003142,3900000,ScoreExit,0.4096,-0.0684,0.6269,0.4079,0.3404,-0.4126,-0.2029,0.3153,,,
summary,2023-06-09,MSFT,,,,,,,0.94,,1,,,,,,,,,,0.6214,2023-06-09T13:53:00+00:00,534,2309
summary,2023-06-12,SPY,,,,,,,0.00,,0,,,,,,,,,,0.4500,2023-06-09T14:19:00+00:00,562,1157
summary,2023-06-12,QQQ,,,,,,,0.00,,0,,,,,,,,,,0.6835,2023-06-09T13:54:00+00:00,638,1186
summary,2023-06-12,AAPL,,,,,,,0.00,,0,,,,,,,,,,0.4930,2023-06-09T13:51:00+00:00,623,1097
summary,2023-06-12,NVDA,,,,,,,0.00,,0,,,,,,,,,,0.9123,2023-06-09T13:54:00+00:00,360,1109
summary,2023-06-12,MSFT,,,,,,,0.00,,0,,,,,,,,,,1.0000,2023-06-09T13:35:00+00:00,541,989
summary,2023-06-13,SPY,,,,,,,0.00,,0,,,,,,,,,,0.4694,2023-06-12T18:59:00+00:00,1012,1480
summary,2023-06-13,QQQ,,,,,,,0.00,,0,,,,,,,,,,0.7371,2023-06-12T09:13:00+00:00,1115,1528
summary,2023-06-13,AAPL,,,,,,,0.00,,0,,,,,,,,,,0.6182,2023-06-12T08:00:00+00:00,999,1399
summary,2023-06-13,MSFT,,,,,,,0.00,,0,,,,,,,,,,0.6123,2023-06-12T17:59:00+00:00,850,1179
summary,2023-06-14,QQQ,,,,,,,0.00,,0,,,,,,,,,,0.7371,2023-06-12T09:13:00+00:00,1661,2372
summary,2023-06-14,AAPL,,,,,,,0.00,,0,,,,,,,,,,0.6182,2023-06-12T08:00:00+00:00,1436,2132
trade,2023-06-14,MSFT,Long,2023-06-14T14:01:00+00:00,2023-06-14T15:56:00+00:00,335.5721,337.5075,0.89,1.73,0.005767,6900000,SessionClose,0.4055,0.0827,0.1379,0.4903,0.3250,-0.5504,0.0243,0.4106,,,
summary,2023-06-14,MSFT,,,,,,,1.73,,1,,,,,,,,,,0.6123,2023-06-12T17:59:00+00:00,1271,1771
trade,2023-06-15,SPY,Long,2023-06-15T14:01:00+00:00,2023-06-15T15:56:00+00:00,438.6377,440.5969,0.68,1.34,0.004466,6900000,SessionClose,0.3854,0.1920,-0.0637,0.5002,0.3054,0.3604,0.0835,0.3530,,,
summary,2023-06-15,SPY,,,,,,,1.34,,1,,,,,,,,,,0.5992,2023-06-12T19:13:00+00:00,2072,2893
trade,2023-06-15,QQQ,Long,2023-06-15T14:03:00+00:00,2023-06-15T15:56:00+00:00,366.4583,368.3013,0.82,1.51,0.005029,6780000,SessionClose,0.3794,0.1955,0.4253,0.4016,0.3198,0.2500,0.1008,0.3668,,,
summary,2023-06-15,QQQ,,,,,,,1.51,,1,,,,,,,,,,0.7098,2023-06-12T14:48:00+00:00,2222,3002
trade,2023-06-15,AAPL,Long,2023-06-15T13:31:00+00:00,2023-06-15T15:56:00+00:00,184.0618,185.4729,1.63,2.30,0.007666,8700000,SessionClose,0.4167,-0.0314,0.4554,0.4280,0.3812,-0.4648,-0.1696,0.3897,,,
summary,2023-06-15,AAPL,,,,,,,2.30,,1,,,,,,,,,,0.6061,2023-06-12T14:48:00+00:00,1860,2693
summary,2023-06-15,MSFT,,,,,,,0.00,,0,,,,,,,,,,0.6473,2023-06-15T14:09:00+00:00,1794,2285
summary,2023-06-16,SPY,,,,,,,0.00,,0,,,,,,,,,,0.5090,2023-06-13T13:39:00+00:00,1801,2936
summary,2023-06-16,QQQ,,,,,,,0.00,,0,,,,,,,,,,0.5544,2023-06-14T19:07:00+00:00,2034,2978
summary,2023-06-16,AAPL,,,,,,,0.00,,0,,,,,,,,,,0.6888,2023-06-13T13:38:00+00:00,1549,2615
trade,2023-06-16,NVDA,Long,2023-06-16T14:21:00+00:00,2023-06-16T15:16:00+00:00,434.4619,434.3180,0.55,-0.08,-0.000331,3300000,ScoreExit,0.3849,-0.1743,-0.3618,0.5168,0.3699,-0.5648,-0.3707,0.3487,,,
summary,2023-06-16,NVDA,,,,,,,-0.08,,1,,,,,,,,,,1.0000,2023-06-13T13:33:00+00:00,2246,2996
summary,2023-06-16,MSFT,,,,,,,0.00,,0,,,,,,,,,,0.9841,2023-06-13T13:41:00+00:00,1587,2356
summary,2023-06-19,SPY,,,,,,,0.00,,0,,,,,,,,,,0.3942,2023-06-16T16:52:00+00:00,68,546
summary,2023-06-19,QQQ,,,,,,,0.00,,0,,,,,,,,,,0.4068,2023-06-16T16:52:00+00:00,66,540
summary,2023-06-19,AAPL,,,,,,,0.00,,0,,,,,,,,,,0.0000,2023-06-16T13:30:00+00:00,0,518
summary,2023-06-19,MSFT,,,,,,,0.00,,0,,,,,,,,,,0.0000,2023-06-16T13:30:00+00:00,0,502
summary,2023-06-20,SPY,,,,,,,0.00,,0,,,,,,,,,,0.4910,2023-06-20T16:48:00+00:00,275,654
trade,2023-06-20,NVDA,Long,2023-06-20T13:33:00+00:00,2023-06-20T15:19:00+00:00,430.3110,429.5791,0.70,-0.51,-0.001701,6360000,MaxHoldTimeout,0.4873,0.0000,0.4516,0.4624,0.5491,0.5668,0.2057,-0.0486,,,
summary,2023-06-20,NVDA,,,,,,,-0.51,,1,,,,,,,,,,0.6951,2023-06-20T11:03:00+00:00,463,635
summary,2023-06-20,MSFT,,,,,,,0.00,,0,,,,,,,,,,0.5264,2023-06-20T16:49:00+00:00,222,548
summary,2023-06-21,SPY,,,,,,,0.00,,0,,,,,,,,,,0.4910,2023-06-20T16:48:00+00:00,593,1437
summary,2023-06-21,QQQ,,,,,,,0.00,,0,,,,,,,,,,0.5668,2023-06-20T16:49:00+00:00,579,1487
summary,2023-06-21,AAPL,,,,,,,0.00,,0,,,,,,,,,,0.6577,2023-06-20T13:39:00+00:00,482,1247
summary,2023-06-21,NVDA,,,,,,,0.00,,0,,,,,,,,,,0.6951,2023-06-20T11:03:00+00:00,896,1422
summary,2023-06-21,MSFT,,,,,,,0.00,,0,,,,,,,,,,0.5264,2023-06-20T16:49:00+00:00,269,1133
summary,2023-06-22,SPY,,,,,,,0.00,,0,,,,,,,,,,0.4910,2023-06-20T16:48:00+00:00,747,2251
summary,2023-06-22,QQQ,,,,,,,0.00,,0,,,,,,,,,,0.5668,2023-06-20T16:49:00+00:00,837,2323
trade,2023-06-22,MSFT,Long,2023-06-22T14:01:00+00:00,2023-06-22T14:36:00+00:00,337.1124,336.5578,0.89,-0.49,-0.001645,2100000,ScoreExit,0.3957,-0.1296,0.3009,0.5295,0.1598,-0.5504,-0.1837,0.1187,,,
summary,2023-06-22,MSFT,,,,,,,-0.49,,1,,,,,,,,,,0.5264,2023-06-20T16:49:00+00:00,579,1772
summary,2023-06-23,SPY,,,,,,,0.00,,0,,,,,,,,,,0.4960,2023-06-20T16:48:00+00:00,795,2788
summary,2023-06-23,QQQ,,,,,,,0.00,,0,,,,,,,,,,0.5740,2023-06-20T16:49:00+00:00,1047,2878
summary,2023-06-23,AAPL,,,,,,,0.00,,0,,,,,,,,,,0.9083,2023-06-20T13:39:00+00:00,1234,2544
summary,2023-06-23,NVDA,,,,,,,0.00,,0,,,,,,,,,,1.0000,2023-06-20T13:40:00+00:00,1171,2768
summary,2023-06-23,MSFT,,,,,,,0.00,,0,,,,,,,,,,1.0000,2023-06-20T13:41:00+00:00,767,2248
summary,2023-06-26,SPY,,,,,,,0.00,,0,,,,,,,,,,0.6022,2023-06-23T14:44:00+00:00,376,1170
trade,2023-06-26,QQQ,Long,2023-06-26T13:51:00+00:00,2023-06-26T14:32:00+00:00,363.8077,363.5423,0.82,-0.22,-0.000730,2460000,ScoreExit,0.4246,-0.0911,0.5552,0.4246,0.3809,-0.5626,-0.2020,0.2878,,,
summary,2023-06-26,QQQ,,,,,,,-0.22,,1,,,,,,,,,,0.6485,2023-06-23T16:19:00+00:00,390,1170
trade,2023-06-26,AAPL,Long,2023-06-26T14:01:00+00:00,2023-06-26T14:36:00+00:00,187.5425,187.4882,1.60,-0.09,-0.000290,2100000,ScoreExit,0.3581,-0.0583,-0.3552,0.4037,0.5046,-0.3806,-0.2784,0.4891,,,
summary,2023-06-26,AAPL,,,,,,,-0.09,,1,,,,,,,,,,0.8006,2023-06-23T14:44:00+00:00,637,1089
trade,2023-06-26,NVDA,Long,2023-06-26T13:56:00+00:00,2023-06-26T14:31:00+00:00,427.1204,426.1897,0.70,-0.65,-0.002179,2100000,ScoreExit,0.5123,-0.0902,0.6074,0.4098,0.6857,-0.1010,-0.3319,0.3968,,,
summary,2023-06-26,NVDA,,,,,,,-0.65,,1,,,,,,,,,,0.9197,2023-06-23T13:31:00+00:00,345,1124
summary,2023-06-26,MSFT,,,,,,,0.00,,0,,,,,,,,,,0.9552,2023-06-23T14:44:00+00:00,313,963
summary,2023-06-27,SPY,,,,,,,0.00,,0,,,,,,,,,,0.4791,2023-06-26T09:33:00+00:00,705,1450
summary,2023-06-27,QQQ,,,,,,,0.00,,0,,,,,,,,,,0.5430,2023-06-26T13:56:00+00:00,579,1475
trade,2023-06-27,AAPL,Long,2023-06-27T13:36:00+00:00,2023-06-27T15:01:00+00:00,186.5723,186.6877,1.61,0.19,0.000618,5100000,ScoreExit,0.3962,-0.0635,0.5615,0.4134,0.3066,0.1316,-0.2991,0.3427,,,
summary,2023-06-27,AAPL,,,,,,,0.19,,1,,,,,,,,,,0.5162,2023-06-26T13:53:00+00:00,558,1271
summary,2023-06-27,NVDA,,,,,,,0.00,,0,,,,,,,,,,0.8887,2023-06-26T09:48:00+00:00,540,1330
trade,2023-06-27,MSFT,Long,2023-06-27T13:31:00+00:00,2023-06-27T14:11:00+00:00,331.9820,331.7086,0.90,-0.25,-0.000823,2400000,ScoreExit,0.4436,-0.0805,0.4694,0.4474,0.4274,-0.5708,-0.1473,0.2166,,,
summary,2023-06-27,MSFT,,,,,,,-0.25,,1,,,,,,,,,,0.6130,2023-06-26T12:02:00+00:00,473,1103
summary,2023-06-28,SPY,,,,,,,0.00,,0,,,,,,,,,,0.4791,2023-06-26T09:33:00+00:00,1186,2275
trade,2023-06-28,QQQ,Long,2023-06-28T14:16:00+00:00,2023-06-28T15:21:00+00:00,363.0676,364.9820,0.83,1.58,0.005273,3900000,ScoreExit,0.3785,-0.0546,0.2690,0.4083,0.3554,-0.1028,-0.2611,0.3744,,,
summary,2023-06-28,QQQ,,,,,,,1.58,,1,,,,,,,,,,0.5430,2023-06-26T13:56:00+00:00,1092,2325
summary,2023-06-28,AAPL,,,,,,,0.00,,0,,,,,,,,,,0.5162,2023-06-26T13:53:00+00:00,1091,2016
trade,2023-06-28,NVDA,Long,2023-06-28T13:36:00+00:00,2023-06-28T15:24:00+00:00,407.2964,413.3123,0.52,3.13,0.014770,6480000,ScoreExit,0.4581,-0.0621,0.1050,0.7317,0.0285,-0.4675,-0.2759,0.5009,,,
summary,2023-06-28,NVDA,,,,,,,3.13,,1,,,,,,,,,,0.8887,2023-06-26T09:48:00+00:00,902,2226
summary,2023-06-29,SPY,,,,,,,0.00,,0,,,,,,,,,,0.4426,2023-06-26T13:41:00+00:00,1552,2845
summary,2023-06-29,AAPL,,,,,,,0.00,,0,,,,,,,,,,0.6901,2023-06-26T13:53:00+00:00,1516,2603
summary,2023-06-29,MSFT,,,,,,,0.00,,0,,,,,,,,,,0.8066,2023-06-26T14:15:00+00:00,1200,2267
summary,2023-06-30,SPY,,,,,,,0.00,,0,,,,,,,,,,0.6911,2023-06-27T14:59:00+00:00,2033,2855
summary,2023-06-30,QQQ,,,,,,,0.00,,0,,,,,,,,,,0.6719,2023-06-27T15:54:00+00:00,2131,2932
summary,2023-06-30,NVDA,,,,,,,0.00,,0,,,,,,,,,,0.9942,2023-06-27T13:35:00+00:00,1630,2820
trade,2023-06-30,MSFT,Long,2023-06-30T13:46:00+00:00,2023-06-30T15:01:00+00:00,340.2330,341.2517,0.88,0.90,0.002994,4500000,ScoreExit,0.4489,-0.0557,0.5664,0.4287,0.4501,-0.5197,-0.2009,0.3895,,,
summary,2023-06-30,MSFT,,,,,,,0.90,,1,,,,,,,,,,0.8745,2023-06-27T13:35:00+00:00,1397,2201
summary,2023-07-03,SPY,,,,,,,0.00,,0,,,,,,,,,,0.4510,2023-06-30T14:20:00+00:00,670,1076
summary,2023-07-03,QQQ,,,,,,,0.00,,0,,,,,,,,,,0.7862,2023-06-30T14:20:00+00:00,626,1095
summary,2023-07-03,AAPL,,,,,,,0.00,,0,,,,,,,,,,0.8134,2023-06-30T14:20:00+00:00,776,1140
trade,2023-07-03,NVDA,Long,2023-07-03T13:31:00+00:00,2023-07-03T13:56:00+00:00,426.0902,424.8979,0.70,-0.84,-0.002798,1500000,ScoreExit,0.4926,-0.0577,0.3357,0.5314,0.4675,-0.5870,-0.2320,0.4675,,,
summary,2023-07-03,NVDA,,,,,,,-0.84,,1,,,,,,,,,,0.9565,2023-06-30T14:40:00+00:00,728,1035
summary,2023-07-03,MSFT,,,,,,,0.00,,0,,,,,,,,,,0.9490,2023-06-30T14:46:00+00:00,252,852
summary,2023-07-04,SPY,,,,,,,0.00,,0,,,,,,,,,,0.3641,2023-07-03T10:28:00+00:00,297,565
summary,2023-07-04,QQQ,,,,,,,0.00,,0,,,,,,,,,,0.3741,2023-07-03T16:58:00+00:00,154,573
summary,2023-07-04,AAPL,,,,,,,0.00,,0,,,,,,,,,,0.3490,2023-07-03T13:28:00+00:00,44,560
summary,2023-07-04,NVDA,,,,,,,0.00,,0,,,,,,,,,,0.6911,2023-07-03T13:33:00+00:00,107,494
summary,2023-07-05,SPY,,,,,,,0.00,,0,,,,,,,,,,0.3641,2023-07-03T10:28:00+00:00,545,1201
trade,2023-07-05,QQQ,Long,2023-07-05T13:42:00+00:00,2023-07-05T15:11:00+00:00,370.8041,371.1518,0.81,0.28,0.000937,5340000,ScoreExit,0.4473,-0.0775,0.5618,0.4887,0.3263,-0.4364,-0.2016,0.2903,,,
summary,2023-07-05,QQQ,,,,,,,0.28,,1,,,,,,,,,,0.4497,2023-07-05T13:44:00+00:00,427,1248
trade,2023-07-05,MSFT,Long,2023-07-05T13:37:00+00:00,2023-07-05T15:15:00+00:00,338.4927,339.8169,0.89,1.17,0.003912,5880000,ScoreExit,0.4733,-0.0509,0.6023,0.5375,0.3019,-0.5419,-0.2022,0.4155,,,
summary,2023-07-05,MSFT,,,,,,,1.17,,1,,,,,,,,,,0.5851,2023-07-05T13:41:00+00:00,296,892
summary,2023-07-06,SPY,,,,,,,0.00,,0,,,,,,,,,,0.3816,2023-07-03T16:15:00+00:00,553,1762
summary,2023-07-06,QQQ,,,,,,,0.00,,0,,,,,,,,,,0.4515,2023-07-05T13:44:00+00:00,542,1818
summary,2023-07-06,AAPL,,,,,,,0.00,,0,,,,,,,,,,0.4116,2023-07-05T13:41:00+00:00,239,1650
summary,2023-07-06,NVDA,,,,,,,0.00,,0,,,,,,,,,,0.9373,2023-07-03T13:33:00+00:00,416,1659
summary,2023-07-06,MSFT,,,,,,,0.00,,0,,,,,,,,,,0.6889,2023-07-03T13:49:00+00:00,684,1439
summary,2023-07-07,SPY,,,,,,,0.00,,0,,,,,,,,,,0.4175,2023-07-05T13:42:00+00:00,515,2190
summary,2023-07-07,QQQ,,,,,,,0.00,,0,,,,,,,,,,0.5452,2023-07-05T13:41:00+00:00,640,2292
summary,2023-07-07,NVDA,,,,,,,0.00,,0,,,,,,,,,,0.8293,2023-07-05T13:54:00+00:00,808,2050
summary,2023-07-07,MSFT,,,,,,,0.00,,0,,,,,,,,,,0.7680,2023-07-05T12:28:00+00:00,865,1829
summary,2023-07-10,SPY,,,,,,,0.00,,0,,,,,,,,,,0.5764,2023-07-07T16:43:00+00:00,415,1172
summary,2023-07-10,AAPL,,,,,,,0.00,,0,,,,,,,,,,0.7217,2023-07-07T16:03:00+00:00,255,1170
summary,2023-07-10,NVDA,,,,,,,0.00,,0,,,,,,,,,,0.8973,2023-07-07T14:03:00+00:00,489,1154
summary,2023-07-10,MSFT,,,,,,,0.00,,0,,,,,,,,,,0.6003,2023-07-07T13:57:00+00:00,151,1119
summary,2023-07-11,SPY,,,,,,,0.00,,0,,,,,,,,,,0.6896,2023-07-10T09:12:00+00:00,933,1436
summary,2023-07-11,QQQ,,,,,,,0.00,,0,,,,,,,,,,0.6259,2023-07-10T09:14:00+00:00,885,1444
summary,2023-07-11,AAPL,,,,,,,0.00,,0,,,,,,,,,,0.5484,2023-07-10T11:56:00+00:00,535,1392
trade,2023-07-11,NVDA,Long,2023-07-11T13:36:00+00:00,2023-07-11T13:46:00+00:00,426.5903,424.5401,0.70,-1.44,-0.004806,600000,ScoreExit,0.4615,-0.1038,0.5303,0.4901,0.3814,0.0341,-0.3694,0.3814,,,
trade,2023-07-11,NVDA,Long,2023-07-11T14:36:00+00:00,2023-07-11T15:21:00+00:00,426.8554,424.1801,0.70,-1.88,-0.006267,2700000,ScoreExit,0.4521,-0.0710,0.5672,0.4217,0.4745,-0.1017,-0.2924,0.3821,,,
summary,2023-07-11,NVDA,,,,,,,-3.32,,2,,,,,,,,,,0.7874,2023-07-10T09:20:00+00:00,737,1358
summary,2023-07-11,MSFT,,,,,,,0.00,,0,,,,,,,,,,0.5647,2023-07-10T12:03:00+00:00,583,1259
summary,2023-07-12,SPY,,,,,,,0.00,,0,,,,,,,,,,0.6896,2023-07-10T09:12:00+00:00,1555,2218
summary,2023-07-12,QQQ,,,,,,,0.00,,0,,,,,,,,,,0.6259,2023-07-10T09:14:00+00:00,1538,2262
summary,2023-07-12,NVDA,,,,,,,0.00,,0,,,,,,,,,,0.7874,2023-07-10T09:20:00+00:00,1298,2059
trade,2023-07-12,MSFT,Long,2023-07-12T13:46:00+00:00,2023-07-12T15:01:00+00:00,338.2926,339.5771,0.89,1.14,0.003797,4500000,ScoreExit,0.4968,-0.1150,0.5372,0.4822,0.5126,-0.5483,-0.2513,0.3020,,,
summary,2023-07-12,MSFT,,,,,,,1.14,,1,,,,,,,,,,0.5647,2023-07-10T12:03:00+00:00,1054,1925
trade,2023-07-13,QQQ,Long,2023-07-13T13:52:00+00:00,2023-07-13T14:26:00+00:00,376.8454,375.9148,0.80,-0.74,-0.002469,2040000,ScoreExit,0.3794,-0.1548,0.2552,0.4133,0.3530,-0.5224,-0.3388,0.3358,,,
summary,2023-07-13,QQQ,,,,,,,-0.74,,1,,,,,,,,,,0.5135,2023-07-10T14:24:00+00:00,2117,2843
summary,2023-07-13,AAPL,,,,,,,0.00,,0,,,,,,,,,,0.7235,2023-07-10T14:25:00+00:00,1449,2605
trade,2023-07-13,NVDA,Long,2023-07-13T13:31:00+00:00,2023-07-13T14:26:00+00:00,445.5541,446.7956,0.67,0.84,0.002786,3300000,ScoreExit,0.5201,-0.0564,0.4539,0.4706,0.6411,-0.5321,-0.3111,0.6118,,,
summary,2023-07-13,NVDA,,,,,,,0.84,,1,,,,,,,,,,0.8473,2023-07-10T14:24:00+00:00,1992,2697
trade,2023-07-13,MSFT,Long,2023-07-13T13:36:00+00:00,2023-07-13T15:27:00+00:00,340.9732,340.8568,0.88,-0.10,-0.000341,6660000,MaxHoldTimeout,0.4746,-0.0333,0.5952,0.5023,0.3792,-0.4702,-0.1738,0.3934,,,
summary,2023-07-13,MSFT,,,,,,,-0.10,,1,,,,,,,,,,0.5804,2023-07-10T14:26:00+00:00,1448,2317
summary,2023-07-14,SPY,,,,,,,0.00,,0,,,,,,,,,,0.6172,2023-07-11T15:04:00+00:00,2148,2797
trade,2023-07-14,QQQ,Long,2023-07-14T13:36:00+00:00,2023-07-14T14:46:00+00:00,380.8613,381.1288,0.79,0.21,0.000702,4200000,ScoreExit,0.4498,-0.1274,0.5795,0.4378,0.4304,-0.4874,-0.3358,0.4092,,,
summary,2023-07-14,QQQ,,,,,,,0.21,,1,,,,,,,,,,0.7605,2023-07-11T15:04:00+00:00,2266,2913
summary,2023-07-14,AAPL,,,,,,,0.00,,0,,,,,,,,,,0.5601,2023-07-11T14:47:00+00:00,1575,2644
trade,2023-07-14,NVDA,Long,2023-07-14T13:36:00+00:00,2023-07-14T14:56:00+00:00,468.2785,474.3801,0.57,3.51,0.013030,4800000,ScoreExit,0.6746,-0.1496,0.3855,0.6828,0.7545,-0.3714,-0.5339,0.6931,,,
summary,2023-07-14,NVDA,,,,,,,3.51,,1,,,,,,,,,,0.9027,2023-07-11T14:30:00+00:00,2061,2835
trade,2023-07-14,MSFT,Long,2023-07-14T14:11:00+00:00,2023-07-14T15:56:00+00:00,348.6597,349.2451,0.86,0.50,0.001679,6300000,SessionClose,0.4773,0.1048,0.5637,0.4206,0.5619,0.1968,-0.1236,0.5310,,,
summary,2023-07-14,MSFT,,,,,,,0.50,,1,,,,,,,,,,0.9190,2023-07-11T15:04:00+00:00,1866,2396
summary,2023-07-17,SPY,,,,,,,0.00,,0,,,,,,,,,,0.3642,2023-07-17T19:19:00+00:00,367,1160
summary,2023-07-17,QQQ,,,,,,,0.00,,0,,,,,,,,,,0.7083,2023-07-14T14:17:00+00:00,437,1183
trade,2023-07-17,AAPL,Long,2023-07-17T13:31:00+00:00,2023-07-17T15:56:00+00:00,192.4435,193.0264,1.56,0.91,0.003029,8700000,SessionClose,0.4809,0.3359,0.5676,0.4496,0.5146,-0.0459,0.3150,0.5050,,,
summary,2023-07-17,AAPL,,,,,,,0.91,,1,,,,,,,,,,0.5687,2023-07-14T13:38:00+00:00,695,1124
summary,2023-07-17,NVDA,,,,,,,0.00,,0,,,,,,,,,,1.0000,2023-07-14T13:37:00+00:00,257,1219
summary,2023-07-17,MSFT,,,,,,,0.00,,0,,,,,,,,,,0.9046,2023-07-14T14:20:00+00:00,246,1030
trade,2023-07-18,SPY,Long,2023-07-18T14:01:00+00:00,2023-07-18T15:56:00+00:00,451.6953,453.0444,0.66,0.90,0.002987,6900000,SessionClose,0.3927,0.3274,0.5436,0.4077,0.3124,0.2269,0.2883,0.4392,,,
summary,2023-07-18,SPY,,,,,,,0.90,,1,,,,,,,,,,0.4070,2023-07-18T18:29:00+00:00,945,1387
summary,2023-07-18,QQQ,,,,,,,0.00,,0,,,,,,,,,,0.5406,2023-07-17T18:24:00+00:00,959,1470
summary,2023-07-18,NVDA,,,,,,,0.00,,0,,,,,,,,,,0.8085,2023-07-18T16:05:00+00:00,920,1431
summary,2023-07-18,MSFT,,,,,,,0.00,,0,,,,,,,,,,0.9417,2023-07-18T15:41:00+00:00,644,1140
trade,2023-07-19,SPY,Long,2023-07-19T13:36:00+00:00,2023-07-19T14:31:00+00:00,455.7261,455.7038,0.66,-0.01,-0.000049,3300000,ScoreExit,0.3924,-0.0592,0.4246,0.4165,0.3333,-0.5395,-0.1629,0.3083,,,
summary,2023-07-19,SPY,,,,,,,-0.01,,1,,,,,,,,,,0.4070,2023-07-18T18:29:00+00:00,1474,2157
summary,2023-07-19,QQQ,,,,,,,0.00,,0,,,,,,,,,,0.5406,2023-07-17T18:24:00+00:00,1558,2312
summary,2023-07-19,AAPL,,,,,,,0.00,,0,,,,,,,,,,0.6404,2023-07-17T13:38:00+00:00,1294,2003
summary,2023-07-19,NVDA,,,,,,,0.00,,0,,,,,,,,,,0.8085,2023-07-18T16:05:00+00:00,1402,2239
summary,2023-07-19,MSFT,,,,,,,0.00,,0,,,,,,,,,,0.9417,2023-07-18T15:41:00+00:00,1110,1960
summary,2023-07-20,SPY,,,,,,,0.00,,0,,,,,,,,,,0.6150,2023-07-17T14:49:00+00:00,1698,2766
summary,2023-07-20,QQQ,,,,,,,0.00,,0,,,,,,,,,,0.5829,2023-07-17T19:18:00+00:00,1527,2927
summary,2023-07-20,AAPL,,,,,,,0.00,,0,,,,,,,,,,0.7851,2023-07-17T13:38:00+00:00,1483,2601
trade,2023-07-20,NVDA,Long,2023-07-20T13:46:00+00:00,2023-07-20T14:37:00+00:00,466.6383,454.0041,0.49,-6.17,-0.027075,3060000,HardStop,0.3851,0.0000,-0.0569,0.6102,0.0823,-0.5538,-0.9216,-0.1676,,,
summary,2023-07-20,NVDA,,,,,,,-6.17,,1,,,,,,,,,,0.9136,2023-07-17T14:13:00+00:00,1547,2848
trade,2023-07-20,MSFT,Long,2023-07-20T13:43:00+00:00,2023-07-20T15:21:00+00:00,356.2262,349.8350,0.84,-5.38,-0.017941,5880000,TrailingStop,0.3574,0.0000,-0.0754,0.5325,0.1514,-0.3680,-0.0156,-0.3276,,,
summary,2023-07-20,MSFT,,,,,,,-5.38,,1,,,,,,,,,,0.9424,2023-07-18T15:41:00+00:00,1126,2562
summary,2023-07-21,SPY,,,,,,,0.00,,0,,,,,,,,,,0.8174,2023-07-18T15:04:00+00:00,1414,2758
summary,2023-07-21,QQQ,,,,,,,0.00,,0,,,,,,,,,,0.7658,2023-07-18T14:49:00+00:00,1053,2968
summary,2023-07-21,AAPL,,,,,,,0.00,,0,,,,,,,,,,0.6661,2023-07-19T16:07:00+00:00,935,2663
summary,2023-07-21,NVDA,,,,,,,0.00,,0,,,,,,,,,,0.8277,2023-07-18T15:45:00+00:00,1031,2865
summary,2023-07-21,MSFT,,,,,,,0.00,,0,,,,,,,,,,0.9744,2023-07-18T15:41:00+00:00,751,2657
summary,2023-07-24,SPY,,,,,,,0.00,,0,,,,,,,,,,0.3716,2023-07-21T17:39:00+00:00,540,1103
summary,2023-07-24,QQQ,,,,,,,0.00,,0,,,,,,,,,,0.3896,2023-07-21T17:58:00+00:00,342,1192
trade,2023-07-24,AAPL,Long,2023-07-24T13:31:00+00:00,2023-07-24T14:02:00+00:00,193.8338,193.2263,1.55,-0.94,-0.003134,1860000,ScoreExit,0.4973,-0.0539,0.5925,0.4840,0.4921,-0.4742,-0.1613,0.3010,,,
summary,2023-07-24,AAPL,,,,,,,-0.94,,1,,,,,,,,,,0.5191,2023-07-24T13:35:00+00:00,310,1093
summary,2023-07-24,NVDA,,,,,,,0.00,,0,,,,,,,,,,0.7801,2023-07-21T17:58:00+00:00,420,1196
summary,2023-07-24,MSFT,,,,,,,0.00,,0,,,,,,,,,,0.9325,2023-07-21T13:45:00+00:00,357,1094
summary,2023-07-25,SPY,,,,,,,0.00,,0,,,,,,,,,,0.7012,2023-07-24T09:17:00+00:00,837,1331
trade,2023-07-25,QQQ,Long,2023-07-25T13:56:00+00:00,2023-07-25T14:48:00+00:00,378.3208,377.5995,0.79,-0.57,-0.001907,3120000,ScoreExit,0.4175,-0.0643,0.3019,0.4254,0.4401,-0.4443,-0.1818,0.2973,,,
summary,2023-07-25,QQQ,,,,,,,-0.57,,1,,,,,,,,,,0.6041,2023-07-24T09:18:00+00:00,887,1455
trade,2023-07-25,NVDA,Long,2023-07-25T13:31:00+00:00,2023-07-25T14:51:00+00:00,451.5953,456.2737,0.66,3.11,0.010360,4800000,ScoreExit,0.6562,-0.0635,0.5263,0.5860,0.8399,-0.5744,-0.3527,0.6851,,,
summary,2023-07-25,NVDA,,,,,,,3.11,,1,,,,,,,,,,0.9499,2023-07-24T09:22:00+00:00,914,1351
summary,2023-07-25,MSFT,,,,,,,0.00,,0,,,,,,,,,,0.5318,2023-07-24T18:01:00+00:00,824,1334
summary,2023-07-26,SPY,,,,,,,0.00,,0,,,,,,,,,,0.7012,2023-07-24T09:17:00+00:00,1066,2149
summary,2023-07-26,QQQ,,,,,,,0.00,,0,,,,,,,,,,0.6041,2023-07-24T09:18:00+00:00,1280,2295
summary,2023-07-26,NVDA,,,,,,,0.00,,0,,,,,,,,,,0.9499,2023-07-24T09:22:00+00:00,1381,2141
summary,2023-07-26,MSFT,,,,,,,0.00,,0,,,,,,,,,,0.5318,2023-07-24T18:01:00+00:00,950,2249
summary,2023-07-27,SPY,,,,,,,0.00,,0,,,,,,,,,,0.4961,2023-07-24T14:58:00+00:00,1415,2757
trade,2023-07-27,QQQ,Long,2023-07-27T13:41:00+00:00,2023-07-27T14:06:00+00:00,384.1318,383.6383,0.78,-0.39,-0.001285,1500000,ScoreExit,0.4191,-0.1085,0.4828,0.4191,0.3979,-0.4807,-0.2312,0.2609,,,
summary,2023-07-27,QQQ,,,,,,,-0.39,,1,,,,,,,,,,0.5278,2023-07-27T08:11:00+00:00,1749,2914
trade,2023-07-27,NVDA,Long,2023-07-27T13:36:00+00:00,2023-07-27T14:11:00+00:00,467.7735,466.8216,0.64,-0.61,-0.002035,2100000,ScoreExit,0.5337,-0.0526,0.6255,0.5257,0.5192,-0.6091,-0.1920,0.4116,,,
summary,2023-07-27,NVDA,,,,,,,-0.61,,1,,,,,,,,,,0.8900,2023-07-24T14:24:00+00:00,1754,2737
summary,2023-07-27,MSFT,,,,,,,0.00,,0,,,,,,,,,,0.8611,2023-07-24T14:32:00+00:00,900,2864
summary,2023-07-28,SPY,,,,,,,0.00,,0,,,,,,,,,,0.4910,2023-07-27T08:19:00+00:00,1427,2828
trade,2023-07-28,QQQ,Long,2023-07-28T13:46:00+00:00,2023-07-28T14:54:00+00:00,381.9814,382.0886,0.79,0.08,0.000281,4080000,ScoreExit,0.3742,-0.0612,0.3877,0.4088,0.3007,-0.2576,-0.2081,0.2979,,,
summary,2023-07-28,QQQ,,,,,,,0.08,,1,,,,,,,,,,0.5719,2023-07-27T08:11:00+00:00,1566,2953
summary,2023-07-28,AAPL,,,,,,,0.00,,0,,,,,,,,,,0.5100,2023-07-25T14:01:00+00:00,1458,2598
trade,2023-07-28,NVDA,Long,2023-07-28T14:02:00+00:00,2023-07-28T14:41:00+00:00,466.1282,466.1721,0.56,0.02,0.000094,2340000,ScoreExit,0.3790,-0.0741,0.3802,0.4123,0.3119,-0.5642,-0.1854,0.3119,,,
summary,2023-07-28,NVDA,,,,,,,0.02,,1,,,,,,,,,,1.0000,2023-07-25T13:34:00+00:00,1829,2826
summary,2023-07-28,MSFT,,,,,,,0.00,,0,,,,,,,,,,0.8861,2023-07-25T13:46:00+00:00,958,2858
summary,2023-07-31,SPY,,,,,,,0.00,,0,,,,,,,,,,0.4620,2023-07-28T15:42:00+00:00,698,1139
summary,2023-07-31,QQQ,,,,,,,0.00,,0,,,,,,,,,,0.6957,2023-07-28T15:54:00+00:00,780,1179
summary,2023-07-31,AAPL,,,,,,,0.00,,0,,,,,,,,,,0.6569,2023-07-28T13:52:00+00:00,688,1138
summary,2023-07-31,MSFT,,,,,,,0.00,,0,,,,,,,,,,0.8955,2023-07-28T13:50:00+00:00,504,1046
summary,2023-08-01,SPY,,,,,,,0.00,,0,,,,,,,,,,0.4671,2023-07-31T09:17:00+00:00,650,1408
summary,2023-08-01,QQQ,,,,,,,0.00,,0,,,,,,,,,,0.3565,2023-07-31T12:54:00+00:00,611,1482
summary,2023-08-01,AAPL,,,,,,,0.00,,0,,,,,,,,,,0.4893,2023-07-31T11:09:00+00:00,755,1300
trade,2023-08-01,NVDA,Long,2023-08-01T14:47:00+00:00,2023-08-01T15:46:00+00:00,464.3233,465.9718,0.65,1.07,0.003550,3540000,ScoreExit,0.3931,-0.0508,-0.0255,0.5461,0.2266,-0.4457,-0.1362,0.2516,,,
summary,2023-08-01,NVDA,,,,,,,1.07,,1,,,,,,,,,,0.6571,2023-08-01T14:56:00+00:00,560,1274
trade,2023-08-01,MSFT,Long,2023-08-01T14:36:00+00:00,2023-08-01T15:56:00+00:00,336.4223,337.8074,0.89,1.24,0.004117,4800000,SessionClose,0.4113,0.3416,0.3551,0.4223,0.4081,0.5233,0.2296,0.5050,,,
summary,2023-08-01,MSFT,,,,,,,1.24,,1,,,,,,,,,,0.5100,2023-08-01T14:49:00+00:00,548,1160
summary,2023-08-02,SPY,,,,,,,0.00,,0,,,,,,,,,,0.4671,2023-07-31T09:17:00+00:00,650,2314
summary,2023-08-02,QQQ,,,,,,,0.00,,0,,,,,,,,,,0.3565,2023-07-31T12:54:00+00:00,630,2406
summary,2023-08-02,AAPL,,,,,,,0.00,,0,,,,,,,,,,0.4893,2023-07-31T11:09:00+00:00,755,2152
summary,2023-08-02,NVDA,,,,,,,0.00,,0,,,,,,,,,,0.6571,2023-08-01T14:56:00+00:00,601,2135
summary,2023-08-02,MSFT,,,,,,,0.00,,0,,,,,,,,,,0.5100,2023-08-01T14:49:00+00:00,548,1884
summary,2023-08-03,SPY,,,,,,,0.00,,0,,,,,,,,,,0.3933,2023-07-31T20:00:00+00:00,415,2948
summary,2023-08-03,QQQ,,,,,,,0.00,,0,,,,,,,,,,0.4997,2023-07-31T15:04:00+00:00,416,3044
summary,2023-08-03,AAPL,,,,,,,0.00,,0,,,,,,,,,,0.7949,2023-07-31T15:04:00+00:00,599,2778
trade,2023-08-03,NVDA,Long,2023-08-03T13:39:00+00:00,2023-08-03T14:26:00+00:00,443.9938,443.6693,0.67,-0.22,-0.000731,2820000,ScoreExit,0.5710,-0.1371,0.6192,0.8118,0.0733,-0.5703,-0.1743,0.0817,,,
summary,2023-08-03,NVDA,,,,,,,-0.22,,1,,,,,,,,,,0.8604,2023-07-31T13:43:00+00:00,546,2792
summary,2023-08-03,MSFT,,,,,,,0.00,,0,,,,,,,,,,0.6569,2023-07-31T15:03:00+00:00,494,2432
summary,2023-08-04,SPY,,,,,,,0.00,,0,,,,,,,,,,0.3444,2023-08-01T18:17:00+00:00,379,3000
summary,2023-08-04,QQQ,,,,,,,0.00,,0,,,,,,,,,,0.7843,2023-08-01T14:53:00+00:00,510,3090
summary,2023-08-04,AAPL,,,,,,,0.00,,0,,,,,,,,,,0.5017,2023-08-01T13:39:00+00:00,126,2978
trade,2023-08-04,NVDA,Long,2023-08-04T13:39:00+00:00,2023-08-04T13:53:00+00:00,454.3258,449.7363,0.60,-2.76,-0.010102,840000,ScoreExit,0.3963,-0.1395,0.0176,0.5769,0.1613,-0.3604,-0.1874,0.0301,,,
summary,2023-08-04,NVDA,,,,,,,-2.76,,1,,,,,,,,,,0.9632,2023-08-01T14:55:00+00:00,847,2901
trade,2023-08-04,MSFT,Long,2023-08-04T13:32:00+00:00,2023-08-04T13:51:00+00:00,332.2614,332.1786,0.90,-0.07,-0.000249,1140000,ScoreExit,0.4425,-0.1423,0.2951,0.5591,0.2586,-0.4094,-0.2918,0.2459,,,
summary,2023-08-04,MSFT,,,,,,,-0.07,,1,,,,,,,,,,0.9569,2023-08-01T14:41:00+00:00,597,2547
summary,2023-08-07,SPY,,,,,,,0.00,,0,,,,,,,,,,0.5300,2023-08-04T16:44:00+00:00,554,1184
summary,2023-08-07,QQQ,,,,,,,0.00,,0,,,,,,,,,,0.7447,2023-08-04T15:03:00+00:00,513,1191
summary,2023-08-07,AAPL,,,,,,,0.00,,0,,,,,,,,,,1.0000,2023-08-04T13:35:00+00:00,63,1275
trade,2023-08-07,NVDA,Long,2023-08-07T13:31:00+00:00,2023-08-07T13:49:00+00:00,453.4057,451.0898,0.66,-1.53,-0.005108,1080000,ScoreExit,0.5178,-0.0777,0.5426,0.4467,0.6519,-0.6392,-0.2284,0.4108,,,
summary,2023-08-07,NVDA,,,,,,,-1.53,,1,,,,,,,,,,0.8849,2023-08-04T13:37:00+00:00,577,1137
summary,2023-08-07,MSFT,,,,,,,0.00,,0,,,,,,,,,,1.0000,2023-08-04T13:36:00+00:00,312,973
summary,2023-08-08,SPY,,,,,,,0.00,,0,,,,,,,,,,0.4039,2023-08-07T17:59:00+00:00,598,1471
summary,2023-08-08,QQQ,,,,,,,0.00,,0,,,,,,,,,,0.4216,2023-08-07T19:57:00+00:00,634,1498
summary,2023-08-08,AAPL,,,,,,,0.00,,0,,,,,,,,,,0.4123,2023-08-08T19:24:00+00:00,599,1491
summary,2023-08-08,NVDA,,,,,,,0.00,,0,,,,,,,,,,0.8086,2023-08-07T09:32:00+00:00,429,1338
summary,2023-08-08,MSFT,,,,,,,0.00,,0,,,,,,,,,,0.5041,2023-08-07T13:54:00+00:00,265,1071
summary,2023-08-09,SPY,,,,,,,0.00,,0,,,,,,,,,,0.4039,2023-08-07T17:59:00+00:00,888,2235
summary,2023-08-09,QQQ,,,,,,,0.00,,0,,,,,,,,,,0.4216,2023-08-07T19:57:00+00:00,841,2318
summary,2023-08-09,AAPL,,,,,,,0.00,,0,,,,,,,,,,0.4483,2023-08-09T08:27:00+00:00,988,2292
summary,2023-08-09,NVDA,,,,,,,0.00,,0,,,,,,,,,,0.8086,2023-08-07T09:32:00+00:00,458,2118
summary,2023-08-09,MSFT,,,,,,,0.00,,0,,,,,,,,,,0.5041,2023-08-07T13:54:00+00:00,285,1662
trade,2023-08-10,QQQ,Long,2023-08-10T13:46:00+00:00,2023-08-10T14:37:00+00:00,372.2888,373.2403,0.81,0.77,0.002556,3060000,ScoreExit,0.3935,-0.0699,0.5294,0.4086,0.3177,-0.3131,-0.1983,0.2678,,,
summary,2023-08-10,QQQ,,,,,,,0.77,,1,,,,,,,,,,0.5692,2023-08-07T19:57:00+00:00,1031,2919
trade,2023-08-10,NVDA,Long,2023-08-10T13:31:00+00:00,2023-08-10T15:51:00+00:00,422.3194,421.5707,0.47,-0.35,-0.001773,8400000,MaxHoldTimeout,0.4082,0.0000,0.3656,0.5745,0.0897,-0.6201,-0.5877,-0.3494,,,
summary,2023-08-10,NVDA,,,,,,,-0.35,,1,,,,,,,,,,0.7488,2023-08-07T14:26:00+00:00,391,2771
summary,2023-08-10,MSFT,,,,,,,0.00,,0,,,,,,,,,,0.6579,2023-08-07T13:54:00+00:00,418,2195
summary,2023-08-11,SPY,,,,,,,0.00,,0,,,,,,,,,,0.5327,2023-08-08T19:42:00+00:00,1045,2782
summary,2023-08-11,QQQ,,,,,,,0.00,,0,,,,,,,,,,0.5374,2023-08-08T19:45:00+00:00,899,2925
summary,2023-08-11,AAPL,,,,,,,0.00,,0,,,,,,,,,,0.6104,2023-08-08T14:29:00+00:00,1068,2740
summary,2023-08-11,NVDA,,,,,,,0.00,,0,,,,,,,,,,0.7897,2023-08-08T13:34:00+00:00,256,2772
summary,2023-08-11,MSFT,,,,,,,0.00,,0,,,,,,,,,,0.7270,2023-08-08T13:41:00+00:00,555,2222
trade,2023-08-14,SPY,Long,2023-08-14T14:38:00+00:00,2023-08-14T15:56:00+00:00,446.9394,447.3974,0.67,0.31,0.001025,4680000,SessionClose,0.4166,0.0506,0.5495,0.4425,0.3205,0.0781,-0.1258,0.3942,,,
summary,2023-08-14,SPY,,,,,,,0.31,,1,,,,,,,,,,0.7376,2023-08-11T14:40:00+00:00,682,1154
trade,2023-08-14,QQQ,Long,2023-08-14T14:05:00+00:00,2023-08-14T15:56:00+00:00,367.0684,369.2720,0.82,1.80,0.006003,6660000,SessionClose,0.4135,0.0267,0.5495,0.4345,0.3262,-0.2092,-0.1637,0.4861,,,
summary,2023-08-14,QQQ,,,,,,,1.80,,1,,,,,,,,,,0.7716,2023-08-11T14:21:00+00:00,695,1169
trade,2023-08-14,AAPL,Long,2023-08-14T13:40:00+00:00,2023-08-14T15:56:00+00:00,178.5307,179.2541,1.68,1.22,0.004052,8160000,SessionClose,0.4160,-0.0249,0.5775,0.4204,0.3532,-0.3337,-0.2330,0.4942,,,
summary,2023-08-14,AAPL,,,,,,,1.22,,1,,,,,,,,,,0.9200,2023-08-11T14:40:00+00:00,649,1138
trade,2023-08-14,NVDA,Long,2023-08-14T13:41:00+00:00,2023-08-14T15:56:00+00:00,410.5071,430.6089,0.61,12.29,0.048968,8100000,SessionClose,0.5749,0.4167,0.7137,0.6761,0.3262,-0.1222,0.2244,0.9809,,,
summary,2023-08-14,NVDA,,,,,,,12.29,,1,,,,,,,,,,0.9637,2023-08-14T14:14:00+00:00,402,1210
trade,2023-08-14,MSFT,Long,2023-08-14T14:46:00+00:00,2023-08-14T15:56:00+00:00,322.0944,323.3103,0.93,1.13,0.003775,4200000,SessionClose,0.4168,0.0645,0.4585,0.4195,0.3974,-0.2593,-0.0850,0.4714,,,
summary,2023-08-14,MSFT,,,,,,,1.13,,1,,,,,,,,,,0.8977,2023-08-11T14:16:00+00:00,596,955
summary,2023-08-15,SPY,,,,,,,0.00,,0,,,,,,,,,,0.5658,2023-08-14T14:53:00+00:00,566,1483
trade,2023-08-15,QQQ,Long,2023-08-15T13:40:00+00:00,2023-08-15T13:44:00+00:00,370.2290,368.9712,0.81,-1.02,-0.003397,240000,ScoreExit,0.4037,-0.0725,0.5610,0.4269,0.3047,-0.5647,-0.1231,0.1928,,,
summary,2023-08-15,QQQ,,,,,,,-1.02,,1,,,,,,,,,,0.6695,2023-08-14T14:51:00+00:00,879,1553
summary,2023-08-15,AAPL,,,,,,,0.00,,0,,,,,,,,,,0.6291,2023-08-14T14:51:00+00:00,771,1395
trade,2023-08-15,NVDA,Long,2023-08-15T13:31:00+00:00,2023-08-15T13:45:00+00:00,444.3192,444.9260,0.56,0.34,0.001366,840000,ScoreExit,0.3965,-0.0651,-0.5190,0.4998,0.4950,-0.6248,-0.2518,0.4950,,,
summary,2023-08-15,NVDA,,,,,,,0.34,,1,,,,,,,,,,0.9637,2023-08-14T14:14:00+00:00,1143,1552
summary,2023-08-16,SPY,,,,,,,0.00,,0,,,,,,,,,,0.5658,2023-08-14T14:53:00+00:00,566,2318
summary,2023-08-16,QQQ,,,,,,,0.00,,0,,,,,,,,,,0.6695,2023-08-14T14:51:00+00:00,879,2385
summary,2023-08-16,AAPL,,,,,,,0.00,,0,,,,,,,,,,0.6291,2023-08-14T14:51:00+00:00,796,2139
summary,2023-08-16,NVDA,,,,,,,0.00,,0,,,,,,,,,,0.9637,2023-08-14T14:14:00+00:00,1642,2398
summary,2023-08-16,MSFT,,,,,,,0.00,,0,,,,,,,,,,0.6683,2023-08-14T14:54:00+00:00,720,1638
summary,2023-08-17,SPY,,,,,,,0.00,,0,,,,,,,,,,0.8891,2023-08-14T14:53:00+00:00,529,2908
summary,2023-08-17,QQQ,,,,,,,0.00,,0,,,,,,,,,,0.9561,2023-08-14T14:51:00+00:00,889,2987
summary,2023-08-17,AAPL,,,,,,,0.00,,0,,,,,,,,,,0.9559,2023-08-14T14:51:00+00:00,664,2677
summary,2023-08-17,NVDA,,,,,,,0.00,,0,,,,,,,,,,1.0000,2023-08-14T13:33:00+00:00,1842,2969
summary,2023-08-17,MSFT,,,,,,,0.00,,0,,,,,,,,,,0.9600,2023-08-14T14:54:00+00:00,670,2132
summary,2023-08-18,SPY,,,,,,,0.00,,0,,,,,,,,,,0.3520,2023-08-16T13:49:00+00:00,185,2902
summary,2023-08-18,QQQ,,,,,,,0.00,,0,,,,,,,,,,0.4841,2023-08-15T13:39:00+00:00,183,3001
summary,2023-08-18,AAPL,,,,,,,0.00,,0,,,,,,,,,,0.4105,2023-08-16T14:18:00+00:00,286,2731
summary,2023-08-18,NVDA,,,,,,,0.00,,0,,,,,,,,,,1.0000,2023-08-15T13:33:00+00:00,660,2877
summary,2023-08-18,MSFT,,,,,,,0.00,,0,,,,,,,,,,0.7020,2023-08-15T15:59:00+00:00,368,2196
summary,2023-08-21,SPY,,,,,,,0.00,,0,,,,,,,,,,0.8069,2023-08-18T15:04:00+00:00,864,1205
trade,2023-08-21,QQQ,Long,2023-08-21T13:36:00+00:00,2023-08-21T14:26:00+00:00,360.9572,360.3229,0.83,-0.53,-0.001757,3000000,ScoreExit,0.4501,-0.0968,0.5641,0.4053,0.5017,-0.5868,-0.2782,0.4293,,,
summary,2023-08-21,QQQ,,,,,,,-0.53,,1,,,,,,,,,,0.7092,2023-08-18T15:04:00+00:00,997,1242
summary,2023-08-21,AAPL,,,,,,,0.00,,0,,,,,,,,,,0.9027,2023-08-18T15:00:00+00:00,936,1141
trade,2023-08-21,NVDA,Long,2023-08-21T13:31:00+00:00,2023-08-21T15:11:00+00:00,442.7194,449.7550,0.68,4.77,0.015892,6000000,ScoreExit,0.5470,-0.1411,-0.5424,0.5288,0.9467,-0.6108,-0.5431,0.8196,,,
summary,2023-08-21,NVDA,,,,,,,4.77,,1,,,,,,,,,,0.8422,2023-08-21T13:59:00+00:00,1169,1262
trade,2023-08-21,MSFT,Long,2023-08-21T13:36:00+00:00,2023-08-21T14:26:00+00:00,318.6387,318.2313,0.94,-0.38,-0.001278,3000000,ScoreExit,0.4604,-0.0546,0.5257,0.4101,0.5390,-0.5474,-0.2455,0.4913,,,
summary,2023-08-21,MSFT,,,,,,,-0.38,,1,,,,,,,,,,0.8905,2023-08-18T15:00:00+00:00,807,961
summary,2023-08-22,SPY,,,,,,,0.00,,0,,,,,,,,,,0.7406,2023-08-21T09:25:00+00:00,811,1483
summary,2023-08-22,QQQ,,,,,,,0.00,,0,,,,,,,,,,0.7486,2023-08-21T09:14:00+00:00,986,1570
summary,2023-08-22,AAPL,,,,,,,0.00,,0,,,,,,,,,,0.5769,2023-08-21T17:44:00+00:00,960,1415
summary,2023-08-22,NVDA,,,,,,,0.00,,0,,,,,,,,,,0.9249,2023-08-21T09:16:00+00:00,1100,1584
summary,2023-08-22,MSFT,,,,,,,0.00,,0,,,,,,,,,,0.6888,2023-08-21T14:04:00+00:00,737,1150
summary,2023-08-23,SPY,,,,,,,0.00,,0,,,,,,,,,,0.7406,2023-08-21T09:25:00+00:00,1274,2290
trade,2023-08-23,QQQ,Long,2023-08-23T14:01:00+00:00,2023-08-23T15:56:00+00:00,366.6883,369.0312,0.82,1.92,0.006389,6900000,SessionClose,0.4141,0.2556,0.4393,0.4326,0.3686,0.5476,0.1449,0.3797,,,
summary,2023-08-23,QQQ,,,,,,,1.92,,1,,,,,,,,,,0.7486,2023-08-21T09:14:00+00:00,1540,2387
summary,2023-08-23,AAPL,,,,,,,0.00,,0,,,,,,,,,,0.5769,2023-08-21T17:44:00+00:00,1493,2129
trade,2023-08-23,NVDA,Long,2023-08-23T14:01:00+00:00,2023-08-23T15:41:00+00:00,459.0567,465.8805,0.36,2.44,0.014865,6000000,ScoreExit,0.3892,-0.0619,0.1367,0.5321,0.1876,-0.0740,-0.3275,0.4735,,,
summary,2023-08-23,NVDA,,,,,,,2.44,,1,,,,,,,,,,0.9249,2023-08-21T09:16:00+00:00,1490,2464
summary,2023-08-24,SPY,,,,,,,0.00,,0,,,,,,,,,,0.5428,2023-08-21T19:23:00+00:00,1643,2907
summary,2023-08-24,AAPL,,,,,,,0.00,,0,,,,,,,,,,0.6272,2023-08-21T13:37:00+00:00,1829,2777
summary,2023-08-24,NVDA,,,,,,,0.00,,0,,,,,,,,,,1.0000,2023-08-21T13:33:00+00:00,1839,3143
summary,2023-08-24,MSFT,,,,,,,0.00,,0,,,,,,,,,,0.8950,2023-08-21T14:05:00+00:00,1407,2367
summary,2023-08-25,SPY,,,,,,,0.00,,0,,,,,,,,,,0.4731,2023-08-23T20:41:00+00:00,1052,2916
summary,2023-08-25,AAPL,,,,,,,0.00,,0,,,,,,,,,,0.8071,2023-08-22T15:01:00+00:00,1264,2743
summary,2023-08-25,NVDA,,,,,,,0.00,,0,,,,,,,,,,0.9620,2023-08-23T20:23:00+00:00,1030,3133
summary,2023-08-25,MSFT,,,,,,,0.00,,0,,,,,,,,,,0.7838,2023-08-23T20:28:00+00:00,778,2331
summary,2023-08-28,SPY,,,,,,,0.00,,0,,,,,,,,,,0.7487,2023-08-25T14:16:00+00:00,798,1109
summary,2023-08-28,QQQ,,,,,,,0.00,,0,,,,,,,,,,0.9066,2023-08-25T14:15:00+00:00,836,1188
summary,2023-08-28,AAPL,,,,,,,0.00,,0,,,,,,,,,,0.8390,2023-08-25T14:16:00+00:00,775,1068
summary,2023-08-28,NVDA,,,,,,,0.00,,0,,,,,,,,,,1.0000,2023-08-25T13:40:00+00:00,487,1231
summary,2023-08-28,MSFT,,,,,,,0.00,,0,,,,,,,,,,0.8998,2023-08-25T14:15:00+00:00,490,917
trade,2023-08-29,SPY,Long,2023-08-29T13:46:00+00:00,2023-08-29T15:56:00+00:00,444.1538,447.6155,0.68,2.34,0.007794,7800000,SessionClose,0.4339,0.2269,0.5775,0.4280,0.3979,-0.1240,0.1232,0.5511,,,
summary,2023-08-29,SPY,,,,,,,2.34,,1,,,,,,,,,,0.5067,2023-08-29T14:31:00+00:00,936,1353
trade,2023-08-29,QQQ,Long,2023-08-29T13:46:00+00:00,2023-08-29T15:56:00+00:00,368.5487,373.6603,0.81,4.16,0.013869,7800000,SessionClose,0.4899,0.1584,0.5912,0.4845,0.4669,-0.2472,-0.0266,0.6635,,,
summary,2023-08-29,QQQ,,,,,,,4.16,,1,,,,,,,,,,0.6174,2023-08-29T14:15:00+00:00,995,1432
trade,2023-08-29,NVDA,Long,2023-08-29T13:31:00+00:00,2023-08-29T15:56:00+00:00,465.3380,485.6739,0.64,13.11,0.043701,8700000,SessionClose,0.4842,0.2378,-0.5266,0.5224,0.7448,0.0116,-0.0190,0.8268,,,
summary,2023-08-29,NVDA,,,,,,,13.11,,1,,,,,,,,,,0.9168,2023-08-29T14:23:00+00:00,1054,1419
trade,2023-08-29,MSFT,Long,2023-08-29T14:01:00+00:00,2023-08-29T15:56:00+00:00,324.4549,328.2593,0.93,3.52,0.011726,6900000,SessionClose,0.5245,0.0330,0.5846,0.5172,0.5192,-0.5170,-0.1606,0.6035,,,
summary,2023-08-29,MSFT,,,,,,,3.52,,1,,,,,,,,,,0.6234,2023-08-29T14:33:00+00:00,583,983
summary,2023-08-30,SPY,,,,,,,0.00,,0,,,,,,,,,,0.5067,2023-08-29T14:31:00+00:00,1524,2140
trade,2023-08-30,QQQ,Long,2023-08-30T14:11:00+00:00,2023-08-30T14:21:00+00:00,376.7003,375.3899,0.80,-1.04,-0.003479,600000,ScoreExit,0.4264,-0.1196,0.4723,0.4615,0.3408,-0.5705,-0.2746,0.3408,,,
summary,2023-08-30,QQQ,,,,,,,-1.04,,1,,,,,,,,,,0.6174,2023-08-29T14:15:00+00:00,1677,2307
trade,2023-08-30,AAPL,Long,2023-08-30T13:41:00+00:00,2023-08-30T15:56:00+00:00,185.5021,186.9526,1.62,2.35,0.007819,8100000,SessionClose,0.4511,0.2728,0.3465,0.4376,0.5131,-0.4603,0.2513,0.5600,,,
summary,2023-08-30,AAPL,,,,,,,2.35,,1,,,,,,,,,,0.6019,2023-08-28T17:05:00+00:00,1613,2069
trade,2023-08-30,NVDA,Long,2023-08-30T14:11:00+00:00,2023-08-30T14:21:00+00:00,491.9784,489.0671,0.38,-1.10,-0.005918,600000,ScoreExit,0.5069,-0.0900,0.2102,0.4998,0.6200,-0.6440,-0.3527,0.6200,,,
trade,2023-08-30,NVDA,Long,2023-08-30T14:51:00+00:00,2023-08-30T15:56:00+00:00,492.0734,494.8216,0.36,0.98,0.005585,3900000,SessionClose,0.5276,0.1281,0.0098,0.5677,0.6200,0.0368,-0.1025,0.6198,,,
summary,2023-08-30,NVDA,,,,,,,-0.11,,2,,,,,,,,,,0.9168,2023-08-29T14:23:00+00:00,1708,2254
summary,2023-08-30,MSFT,,,,,,,0.00,,0,,,,,,,,,,0.6234,2023-08-29T14:33:00+00:00,1029,1560
summary,2023-08-31,SPY,,,,,,,0.00,,0,,,,,,,,,,0.5036,2023-08-29T14:31:00+00:00,1821,2690
trade,2023-08-31,QQQ,Long,2023-08-31T14:13:00+00:00,2023-08-31T15:20:00+00:00,378.8107,378.8092,0.79,-0.00,-0.000004,4020000,ScoreExit,0.4027,-0.0501,0.4078,0.4431,0.3202,-0.3186,-0.1841,0.3074,,,
summary,2023-08-31,QQQ,,,,,,,-0.00,,1,,,,,,,,,,0.6010,2023-08-29T14:15:00+00:00,2064,2852
summary,2023-08-31,AAPL,,,,,,,0.00,,0,,,,,,,,,,0.6048,2023-08-28T17:05:00+00:00,2129,2678
trade,2023-08-31,NVDA,Long,2023-08-31T13:56:00+00:00,2023-08-31T14:46:00+00:00,494.8222,495.2054,0.43,0.17,0.000774,3000000,ScoreExit,0.4305,-0.1077,0.0165,0.5164,0.3968,-0.4324,-0.2660,0.3172,,,
summary,2023-08-31,NVDA,,,,,,,0.17,,1,,,,,,,,,,0.9264,2023-08-29T14:23:00+00:00,2328,2836
summary,2023-08-31,MSFT,,,,,,,0.00,,0,,,,,,,,,,0.6885,2023-08-28T13:33:00+00:00,1205,2034
summary,2023-09-01,SPY,,,,,,,0.00,,0,,,,,,,,,,0.7779,2023-08-29T14:36:00+00:00,1991,2708
summary,2023-09-01,QQQ,,,,,,,0.00,,0,,,,,,,,,,0.9554,2023-08-29T14:51:00+00:00,2210,2832
summary,2023-09-01,NVDA,,,,,,,0.00,,0,,,,,,,,,,0.9547,2023-08-29T14:51:00+00:00,1962,2826
summary,2023-09-01,MSFT,,,,,,,0.00,,0,,,,,,,,,,0.9494,2023-08-29T14:50:00+00:00,1393,2084
summary,2023-09-04,SPY,,,,,,,0.00,,0,,,,,,,,,,0.3619,2023-09-01T14:13:00+00:00,26,552
summary,2023-09-04,QQQ,,,,,,,0.00,,0,,,,,,,,,,0.4408,2023-09-01T14:13:00+00:00,29,505
summary,2023-09-04,AAPL,,,,,,,0.00,,0,,,,,,,,,,0.5398,2023-09-01T14:13:00+00:00,283,537
summary,2023-09-04,NVDA,,,,,,,0.00,,0,,,,,,,,,,0.4840,2023-09-01T16:57:00+00:00,24,571
summary,2023-09-04,MSFT,,,,,,,0.00,,0,,,,,,,,,,0.4747,2023-09-01T14:13:00+00:00,41,449
summary,2023-09-05,SPY,,,,,,,0.00,,0,,,,,,,,,,0.7306,2023-09-05T09:34:00+00:00,297,635
summary,2023-09-05,QQQ,,,,,,,0.00,,0,,,,,,,,,,0.7475,2023-09-05T09:34:00+00:00,424,662
trade,2023-09-05,AAPL,Long,2023-09-05T14:21:00+00:00,2023-09-05T15:56:00+00:00,188.8928,189.3271,1.59,0.69,0.002299,5700000,SessionClose,0.5288,0.3999,0.5555,0.4071,0.7631,0.5294,0.1510,0.8545,,,
summary,2023-09-05,AAPL,,,,,,,0.69,,1,,,,,,,,,,0.6992,2023-09-05T09:28:00+00:00,386,644
trade,2023-09-05,NVDA,Long,2023-09-05T13:36:00+00:00,2023-09-05T15:29:00+00:00,482.2314,484.1027,0.52,0.97,0.003880,6780000,ScoreExit,0.4346,-0.1159,0.1546,0.5222,0.3528,-0.5512,-0.2249,0.2472,,,
summary,2023-09-05,NVDA,,,,,,,0.97,,1,,,,,,,,,,0.7069,2023-09-05T13:46:00+00:00,350,629
trade,2023-09-05,MSFT,Long,2023-09-05T13:32:00+00:00,2023-09-05T15:56:00+00:00,329.9310,332.6939,0.91,2.51,0.008374,8640000,SessionClose,0.4221,0.0813,0.6064,0.4066,0.3917,-0.3669,-0.1534,0.7001,,,
summary,2023-09-05,MSFT,,,,,,,2.51,,1,,,,,,,,,,0.7335,2023-09-05T15:08:00+00:00,392,485
summary,2023-09-06,SPY,,,,,,,0.00,,0,,,,,,,,,,0.7306,2023-09-05T09:34:00+00:00,297,1382
summary,2023-09-06,QQQ,,,,,,,0.00,,0,,,,,,,,,,0.7475,2023-09-05T09:34:00+00:00,575,1468
summary,2023-09-06,AAPL,,,,,,,0.00,,0,,,,,,,,,,0.6992,2023-09-05T09:28:00+00:00,498,1407
summary,2023-09-06,NVDA,,,,,,,0.00,,0,,,,,,,,,,0.7069,2023-09-05T13:46:00+00:00,485,1355
summary,2023-09-06,MSFT,,,,,,,0.00,,0,,,,,,,,,,0.7335,2023-09-05T15:08:00+00:00,639,1015
summary,2023-09-07,SPY,,,,,,,0.00,,0,,,,,,,,,,0.7306,2023-09-05T09:34:00+00:00,415,2151
summary,2023-09-07,QQQ,,,,,,,0.00,,0,,,,,,,,,,0.7475,2023-09-05T09:34:00+00:00,575,2315
summary,2023-09-07,AAPL,,,,,,,0.00,,0,,,,,,,,,,0.6992,2023-09-05T09:28:00+00:00,498,2331
summary,2023-09-07,NVDA,,,,,,,0.00,,0,,,,,,,,,,0.7069,2023-09-05T13:46:00+00:00,485,2206
summary,2023-09-08,SPY,,,,,,,0.00,,0,,,,,,,,,,0.7581,2023-09-05T15:04:00+00:00,610,2688
summary,2023-09-08,QQQ,,,,,,,0.00,,0,,,,,,,,,,0.9190,2023-09-05T15:04:00+00:00,450,2859
summary,2023-09-08,NVDA,,,,,,,0.00,,0,,,,,,,,,,1.0000,2023-09-05T13:33:00+00:00,386,2733
trade,2023-09-08,MSFT,Long,2023-09-08T13:41:00+00:00,2023-09-08T14:59:00+00:00,332.3720,334.1782,0.90,1.63,0.005434,4680000,ScoreExit,0.4212,-0.0844,0.2028,0.5428,0.2509,-0.4803,-0.2520,0.3828,,,
summary,2023-09-08,MSFT,,,,,,,1.63,,1,,,,,,,,,,0.9601,2023-09-05T15:04:00+00:00,978,2055
summary,2023-09-11,SPY,,,,,,,0.00,,0,,,,,,,,,,0.4420,2023-09-08T14:30:00+00:00,687,1193
summary,2023-09-11,QQQ,,,,,,,0.00,,0,,,,,,,,,,0.5292,2023-09-08T14:06:00+00:00,639,1193
summary,2023-09-11,AAPL,,,,,,,0.00,,0,,,,,,,,,,0.8347,2023-09-08T13:44:00+00:00,545,1211
summary,2023-09-11,NVDA,,,,,,,0.00,,0,,,,,,,,,,1.0000,2023-09-08T13:35:00+00:00,350,1173
summary,2023-09-11,MSFT,,,,,,,0.00,,0,,,,,,,,,,0.8963,2023-09-08T13:50:00+00:00,717,981
summary,2023-09-12,SPY,,,,,,,0.00,,0,,,,,,,,,,0.4024,2023-09-11T17:38:00+00:00,633,1345
summary,2023-09-12,QQQ,,,,,,,0.00,,0,,,,,,,,,,0.5659,2023-09-11T17:55:00+00:00,729,1484
summary,2023-09-12,AAPL,,,,,,,0.00,,0,,,,,,,,,,0.5600,2023-09-11T17:29:00+00:00,701,1442
trade,2023-09-12,NVDA,Long,2023-09-12T13:36:00+00:00,2023-09-12T14:26:00+00:00,449.0648,452.2445,0.64,2.05,0.007081,3000000,ScoreExit,0.4406,-0.0901,0.5374,0.4788,0.3321,-0.5628,-0.2329,0.3531,,,
summary,2023-09-12,NVDA,,,,,,,2.05,,1,,,,,,,,,,0.6610,2023-09-11T11:37:00+00:00,716,1352
summary,2023-09-12,MSFT,,,,,,,0.00,,0,,,,,,,,,,0.9124,2023-09-11T11:01:00+00:00,294,1103
summary,2023-09-13,SPY,,,,,,,0.00,,0,,,,,,,,,,0.4024,2023-09-11T17:38:00+00:00,710,2097
summary,2023-09-13,QQQ,,,,,,,0.00,,0,,,,,,,,,,0.5659,2023-09-11T17:55:00+00:00,923,2302
summary,2023-09-13,AAPL,,,,,,,0.00,,0,,,,,,,,,,0.5600,2023-09-11T17:29:00+00:00,714,2321
trade,2023-09-13,NVDA,Long,2023-09-13T13:39:00+00:00,2023-09-13T14:54:00+00:00,449.4649,450.9248,0.63,0.92,0.003248,4500000,ScoreExit,0.3870,-0.0502,0.1914,0.5554,0.1155,-0.5650,-0.0760,0.1730,,,
summary,2023-09-13,NVDA,,,,,,,0.92,,1,,,,,,,,,,0.6610,2023-09-11T11:37:00+00:00,1015,2059
summary,2023-09-14,QQQ,,,,,,,0.00,,0,,,,,,,,,,0.5702,2023-09-11T17:55:00+00:00,1333,2835
summary,2023-09-14,AAPL,,,,,,,0.00,,0,,,,,,,,,,0.5831,2023-09-11T17:29:00+00:00,619,2928
trade,2023-09-14,MSFT,Long,2023-09-14T14:46:00+00:00,2023-09-14T15:36:00+00:00,339.2342,339.0772,0.88,-0.14,-0.000463,3000000,ScoreExit,0.4150,-0.0818,0.5482,0.4083,0.3838,-0.5680,-0.2431,0.4029,,,
summary,2023-09-14,MSFT,,,,,,,-0.14,,1,,,,,,,,,,0.5236,2023-09-11T18:15:00+00:00,908,2090
summary,2023-09-15,SPY,,,,,,,0.00,,0,,,,,,,,,,0.4545,2023-09-12T17:24:00+00:00,1153,2722
summary,2023-09-15,QQQ,,,,,,,0.00,,0,,,,,,,,,,0.5095,2023-09-12T13:40:00+00:00,1128,2814
summary,2023-09-15,NVDA,,,,,,,0.00,,0,,,,,,,,,,1.0000,2023-09-12T13:36:00+00:00,1116,2593
summary,2023-09-15,MSFT,,,,,,,0.00,,0,,,,,,,,,,0.5516,2023-09-13T13:41:00+00:00,900,2097
summary,2023-09-18,SPY,,,,,,,0.00,,0,,,,,,,,,,0.3070,2023-09-18T15:42:00+00:00,134,1189
summary,2023-09-18,QQQ,,,,,,,0.00,,0,,,,,,,,,,0.2979,2023-09-18T15:54:00+00:00,154,1186
summary,2023-09-18,AAPL,,,,,,,0.00,,0,,,,,,,,,,0.5644,2023-09-18T13:32:00+00:00,538,1206
summary,2023-09-18,MSFT,,,,,,,0.00,,0,,,,,,,,,,0.3536,2023-09-18T19:57:00+00:00,43,979
summary,2023-09-19,SPY,,,,,,,0.00,,0,,,,,,,,,,0.4259,2023-09-18T15:42:00+00:00,576,1373
summary,2023-09-19,QQQ,,,,,,,0.00,,0,,,,,,,,,,0.4424,2023-09-18T13:37:00+00:00,609,1415
summary,2023-09-19,AAPL,,,,,,,0.00,,0,,,,,,,,,,0.6997,2023-09-18T13:32:00+00:00,928,1426
summary,2023-09-19,MSFT,,,,,,,0.00,,0,,,,,,,,,,0.5679,2023-09-18T15:32:00+00:00,389,1036
summary,2023-09-20,SPY,,,,,,,0.00,,0,,,,,,,,,,0.4259,2023-09-18T15:42:00+00:00,1009,2128
summary,2023-09-20,QQQ,,,,,,,0.00,,0,,,,,,,,,,0.4424,2023-09-18T13:37:00+00:00,972,2184
summary,2023-09-20,AAPL,,,,,,,0.00,,0,,,,,,,,,,0.6997,2023-09-18T13:32:00+00:00,1195,2144
summary,2023-09-20,NVDA,,,,,,,0.00,,0,,,,,,,,,,0.8996,2023-09-18T14:09:00+00:00,913,2066
summary,2023-09-20,MSFT,,,,,,,0.00,,0,,,,,,,,,,0.5679,2023-09-18T15:32:00+00:00,484,1546
summary,2023-09-21,SPY,,,,,,,0.00,,0,,,,,,,,,,0.5360,2023-09-18T14:56:00+00:00,938,2754
summary,2023-09-21,QQQ,,,,,,,0.00,,0,,,,,,,,,,0.6684,2023-09-18T13:37:00+00:00,914,2824
summary,2023-09-21,AAPL,,,,,,,0.00,,0,,,,,,,,,,1.0000,2023-09-18T13:36:00+00:00,937,2708
summary,2023-09-22,SPY,,,,,,,0.00,,0,,,,,,,,,,0.4979,2023-09-19T18:37:00+00:00,675,2865
summary,2023-09-22,QQQ,,,,,,,0.00,,0,,,,,,,,,,0.5989,2023-09-19T17:54:00+00:00,673,2934
summary,2023-09-22,AAPL,,,,,,,0.00,,0,,,,,,,,,,0.6598,2023-09-19T13:41:00+00:00,734,2721
summary,2023-09-22,MSFT,,,,,,,0.00,,0,,,,,,,,,,0.9306,2023-09-19T13:45:00+00:00,526,2220
summary,2023-09-25,SPY,,,,,,,0.00,,0,,,,,,,,,,0.8145,2023-09-22T14:55:00+00:00,384,1229
summary,2023-09-25,QQQ,,,,,,,0.00,,0,,,,,,,,,,0.9245,2023-09-22T14:57:00+00:00,365,1241
summary,2023-09-25,AAPL,,,,,,,0.00,,0,,,,,,,,,,0.9544,2023-09-22T14:47:00+00:00,464,1139
trade,2023-09-25,NVDA,Long,2023-09-25T13:38:00+00:00,2023-09-25T14:56:00+00:00,416.3232,419.4611,0.63,1.96,0.007537,4680000,ScoreExit,0.4169,-0.1261,0.6268,0.4371,0.3065,-0.4420,-0.4278,0.5827,,,
summary,2023-09-25,NVDA,,,,,,,1.96,,1,,,,,,,,,,0.9447,2023-09-22T14:59:00+00:00,530,1158
summary,2023-09-25,MSFT,,,,,,,0.00,,0,,,,,,,,,,0.8880,2023-09-22T14:58:00+00:00,182,984
summary,2023-09-26,SPY,,,,,,,0.00,,0,,,,,,,,,,0.5243,2023-09-25T15:19:00+00:00,520,1498
summary,2023-09-26,QQQ,,,,,,,0.00,,0,,,,,,,,,,0.5810,2023-09-25T15:19:00+00:00,557,1548
summary,2023-09-26,AAPL,,,,,,,0.00,,0,,,,,,,,,,0.6475,2023-09-25T15:15:00+00:00,503,1305
trade,2023-09-26,NVDA,Long,2023-09-26T14:26:00+00:00,2023-09-26T15:16:00+00:00,421.2803,423.0604,0.54,0.96,0.004225,3000000,ScoreExit,0.4945,-0.0530,0.1031,0.5812,0.4516,-0.5955,-0.1764,0.3747,,,
summary,2023-09-26,NVDA,,,,,,,0.96,,1,,,,,,,,,,0.9558,2023-09-25T13:47:00+00:00,690,1371
summary,2023-09-26,MSFT,,,,,,,0.00,,0,,,,,,,,,,0.9206,2023-09-25T10:21:00+00:00,263,1070
summary,2023-09-27,SPY,,,,,,,0.00,,0,,,,,,,,,,0.5243,2023-09-25T15:19:00+00:00,574,2339
summary,2023-09-27,QQQ,,,,,,,0.00,,0,,,,,,,,,,0.5810,2023-09-25T15:19:00+00:00,656,2420
summary,2023-09-27,AAPL,,,,,,,0.00,,0,,,,,,,,,,0.6475,2023-09-25T15:15:00+00:00,503,2038
trade,2023-09-27,NVDA,Long,2023-09-27T13:31:00+00:00,2023-09-27T14:01:00+00:00,424.8900,423.3203,0.71,-1.11,-0.003694,1800000,ScoreExit,0.4428,-0.1851,0.5644,0.4795,0.3288,-0.5481,-0.2785,0.1227,,,
summary,2023-09-27,NVDA,,,,,,,-1.11,,1,,,,,,,,,,0.9558,2023-09-25T13:47:00+00:00,969,2129
summary,2023-09-27,MSFT,,,,,,,0.00,,0,,,,,,,,,,0.9206,2023-09-25T10:21:00+00:00,370,1647
summary,2023-09-28,SPY,,,,,,,0.00,,0,,,,,,,,,,0.5559,2023-09-25T15:19:00+00:00,799,2919
summary,2023-09-28,QQQ,,,,,,,0.00,,0,,,,,,,,,,0.6811,2023-09-25T13:40:00+00:00,1023,2988
summary,2023-09-28,AAPL,,,,,,,0.00,,0,,,,,,,,,,0.7542,2023-09-25T13:56:00+00:00,477,2597
trade,2023-09-28,NVDA,Long,2023-09-28T13:51:00+00:00,2023-09-28T14:31:00+00:00,426.8303,425.0100,0.54,-0.99,-0.004265,2400000,ScoreExit,0.4808,-0.1101,0.6036,0.5090,0.3833,-0.5286,-0.2879,0.3849,,,
summary,2023-09-28,NVDA,,,,,,,-0.99,,1,,,,,,,,,,1.0000,2023-09-25T13:37:00+00:00,1532,2730
summary,2023-09-28,MSFT,,,,,,,0.00,,0,,,,,,,,,,0.5748,2023-09-25T13:40:00+00:00,579,2157
summary,2023-09-29,SPY,,,,,,,0.00,,0,,,,,,,,,,0.4437,2023-09-27T19:07:00+00:00,1304,2949
summary,2023-09-29,QQQ,,,,,,,0.00,,0,,,,,,,,,,0.5225,2023-09-27T19:07:00+00:00,1408,2982
summary,2023-09-29,NVDA,,,,,,,0.00,,0,,,,,,,,,,0.9570,2023-09-26T14:44:00+00:00,1690,2737
summary,2023-09-29,MSFT,,,,,,,0.00,,0,,,,,,,,,,0.6281,2023-09-26T13:39:00+00:00,1062,2198
summary,2023-10-02,SPY,,,,,,,0.00,,0,,,,,,,,,,0.4599,2023-10-02T08:04:00+00:00,107,1180
trade,2023-10-02,QQQ,Long,2023-10-02T14:03:00+00:00,2023-10-02T14:30:00+00:00,361.1372,359.8930,0.83,-1.03,-0.003445,1620000,ScoreExit,0.4554,-0.0754,0.5668,0.4796,0.3698,-0.4896,-0.1260,0.1637,,,
summary,2023-10-02,QQQ,,,,,,,-1.03,,1,,,,,,,,,,0.5967,2023-09-29T14:02:00+00:00,333,1245
trade,2023-10-02,AAPL,Long,2023-10-02T13:32:00+00:00,2023-10-02T15:51:00+00:00,172.3545,173.4103,1.74,1.84,0.006126,8340000,ScoreExit,0.5050,-0.0793,0.5720,0.4973,0.4983,-0.4488,-0.3375,0.5604,,,
summary,2023-10-02,AAPL,,,,,,,1.84,,1,,,,,,,,,,0.8072,2023-09-29T14:02:00+00:00,480,1106
trade,2023-10-02,MSFT,Long,2023-10-02T13:37:00+00:00,2023-10-02T14:43:00+00:00,317.6785,317.1915,0.94,-0.46,-0.001533,3960000,ScoreExit,0.4726,-0.0564,0.6061,0.5118,0.3496,-0.5606,-0.1373,0.2733,,,
summary,2023-10-02,MSFT,,,,,,,-0.46,,1,,,,,,,,,,0.9000,2023-09-29T13:48:00+00:00,444,981
summary,2023-10-03,SPY,,,,,,,0.00,,0,,,,,,,,,,0.5037,2023-10-02T15:21:00+00:00,370,1507
summary,2023-10-03,QQQ,,,,,,,0.00,,0,,,,,,,,,,0.6437,2023-10-02T15:21:00+00:00,450,1548
summary,2023-10-03,AAPL,,,,,,,0.00,,0,,,,,,,,,,0.6967,2023-10-02T14:03:00+00:00,498,1304
trade,2023-10-03,NVDA,Long,2023-10-03T13:51:00+00:00,2023-10-03T14:01:00+00:00,448.6147,448.3653,0.60,-0.15,-0.000556,600000,ScoreExit,0.5161,-0.0801,0.3801,0.5450,0.5036,-0.3662,-0.1084,0.0716,,,
summary,2023-10-03,NVDA,,,,,,,-0.15,,1,,,,,,,,,,0.8791,2023-10-02T09:42:00+00:00,668,1436
summary,2023-10-03,MSFT,,,,,,,0.00,,0,,,,,,,,,,0.6949,2023-10-02T15:21:00+00:00,426,1116
summary,2023-10-04,SPY,,,,,,,0.00,,0,,,,,,,,,,0.5037,2023-10-02T15:21:00+00:00,565,2391
summary,2023-10-04,QQQ,,,,,,,0.00,,0,,,,,,,,,,0.6437,2023-10-02T15:21:00+00:00,727,2432
summary,2023-10-04,AAPL,,,,,,,0.00,,0,,,,,,,,,,0.6967,2023-10-02T14:03:00+00:00,805,2102
trade,2023-10-04,MSFT,Long,2023-10-04T13:49:00+00:00,2023-10-04T14:03:00+00:00,317.8786,315.6369,0.94,-2.11,-0.007052,840000,ScoreExit,0.4134,-0.0691,0.5594,0.4230,0.3457,-0.5655,-0.0846,0.1275,,,
summary,2023-10-04,MSFT,,,,,,,-2.11,,1,,,,,,,,,,0.6949,2023-10-02T15:21:00+00:00,780,1752
summary,2023-10-05,SPY,,,,,,,0.00,,0,,,,,,,,,,0.5245,2023-10-02T15:21:00+00:00,821,2916
summary,2023-10-05,QQQ,,,,,,,0.00,,0,,,,,,,,,,0.8076,2023-10-02T14:03:00+00:00,1105,2991
summary,2023-10-05,AAPL,,,,,,,0.00,,0,,,,,,,,,,1.0000,2023-10-02T13:31:00+00:00,1200,2597
summary,2023-10-05,NVDA,,,,,,,0.00,,0,,,,,,,,,,1.0000,2023-10-02T13:33:00+00:00,1181,2733
summary,2023-10-05,MSFT,,,,,,,0.00,,0,,,,,,,,,,1.0000,2023-10-02T13:38:00+00:00,1059,2189
trade,2023-10-06,SPY,Long,2023-10-06T14:37:00+00:00,2023-10-06T15:56:00+00:00,423.6397,428.1344,0.71,3.18,0.010610,4740000,SessionClose,0.3725,0.5259,0.2262,0.5093,0.1478,0.5299,0.5723,0.4317,,,
summary,2023-10-06,SPY,,,,,,,3.18,,1,,,,,,,,,,0.5296,2023-10-06T15:56:00+00:00,1264,2874
trade,2023-10-06,QQQ,Long,2023-10-06T14:33:00+00:00,2023-10-06T15:56:00+00:00,359.0268,362.4175,0.84,2.83,0.009444,4980000,SessionClose,0.4880,0.5053,0.5680,0.5666,0.3040,0.5274,0.5238,0.4607,,,
summary,2023-10-06,QQQ,,,,,,,2.83,,1,,,,,,,,,,0.6791,2023-10-03T13:54:00+00:00,1492,2962
trade,2023-10-06,NVDA,Long,2023-10-06T14:11:00+00:00,2023-10-06T15:56:00+00:00,442.8836,453.4439,0.56,5.96,0.023844,6300000,SessionClose,0.4696,0.6049,0.5167,0.4846,0.4238,0.5409,0.5997,0.6366,,,
summary,2023-10-06,NVDA,,,,,,,5.96,,1,,,,,,,,,,0.9192,2023-10-03T13:54:00+00:00,1299,2686
trade,2023-10-06,MSFT,Long,2023-10-06T13:32:00+00:00,2023-10-06T15:56:00+00:00,318.7187,324.8100,0.94,5.74,0.019112,8640000,SessionClose,0.4300,0.4227,0.5826,0.4527,0.3335,0.1476,0.3974,0.5649,,,
summary,2023-10-06,MSFT,,,,,,,5.74,,1,,,,,,,,,,0.5563,2023-10-06T14:33:00+00:00,1232,2153
trade,2023-10-09,SPY,Long,2023-10-09T13:43:00+00:00,2023-10-09T14:05:00+00:00,428.5007,427.7294,0.70,-0.54,-0.001800,1320000,ScoreExit,0.4053,-0.0597,0.5409,0.4277,0.3152,-0.5638,-0.0901,0.1690,,,
summary,2023-10-09,SPY,,,,,,,-0.54,,1,,,,,,,,,,0.9492,2023-10-06T15:04:00+00:00,952,1230
trade,2023-10-09,QQQ,Long,2023-10-09T13:46:00+00:00,2023-10-09T14:03:00+00:00,362.9976,362.6225,0.83,-0.31,-0.001033,1020000,ScoreExit,0.4271,-0.0853,0.5598,0.4118,0.4136,-0.5675,-0.2030,0.3109,,,
summary,2023-10-09,QQQ,,,,,,,-0.31,,1,,,,,,,,,,0.9550,2023-10-06T15:04:00+00:00,984,1242
summary,2023-10-09,AAPL,,,,,,,0.00,,0,,,,,,,,,,0.9556,2023-10-06T14:45:00+00:00,875,1133
summary,2023-10-09,NVDA,,,,,,,0.00,,0,,,,,,,,,,0.9565,2023-10-06T15:04:00+00:00,777,1278
trade,2023-10-09,MSFT,Long,2023-10-09T13:49:00+00:00,2023-10-09T14:47:00+00:00,326.8254,326.3397,0.92,-0.45,-0.001486,3480000,ScoreExit,0.4498,-0.0572,0.6186,0.4261,0.4408,-0.1191,-0.2265,0.3019,,,
summary,2023-10-09,MSFT,,,,,,,-0.45,,1,,,,,,,,,,0.9739,2023-10-06T13:32:00+00:00,919,1070
trade,2023-10-10,SPY,Long,2023-10-10T14:01:00+00:00,2023-10-10T15:56:00+00:00,434.1418,436.8276,0.69,1.86,0.006186,6900000,SessionClose,0.4456,0.2821,0.5546,0.4049,0.4907,0.5182,0.1126,0.5423,,,
summary,2023-10-10,SPY,,,,,,,1.86,,1,,,,,,,,,,0.8006,2023-10-09T09:28:00+00:00,1100,1483
trade,2023-10-10,QQQ,Long,2023-10-10T13:56:00+00:00,2023-10-10T15:56:00+00:00,367.5035,371.0408,0.82,2.89,0.009625,7200000,SessionClose,0.4133,0.2332,0.4606,0.4005,0.4233,0.4813,0.0280,0.5608,,,
summary,2023-10-10,QQQ,,,,,,,2.89,,1,,,,,,,,,,0.6521,2023-10-09T17:59:00+00:00,1137,1513
summary,2023-10-10,AAPL,,,,,,,0.00,,0,,,,,,,,,,0.6000,2023-10-09T17:56:00+00:00,958,1314
summary,2023-10-10,NVDA,,,,,,,0.00,,0,,,,,,,,,,0.7610,2023-10-09T17:44:00+00:00,918,1398
summary,2023-10-11,SPY,,,,,,,0.00,,0,,,,,,,,,,0.8006,2023-10-09T09:28:00+00:00,1605,2290
summary,2023-10-11,QQQ,,,,,,,0.00,,0,,,,,,,,,,0.6521,2023-10-09T17:59:00+00:00,1747,2329
summary,2023-10-11,AAPL,,,,,,,0.00,,0,,,,,,,,,,0.6000,2023-10-09T17:56:00+00:00,1331,1981
trade,2023-10-11,NVDA,Long,2023-10-11T14:21:00+00:00,2023-10-11T15:26:00+00:00,464.5679,464.9420,0.65,0.24,0.000805,3900000,ScoreExit,0.4617,-0.0666,0.5767,0.4200,0.5068,-0.4154,-0.2546,0.4256,,,
summary,2023-10-11,NVDA,,,,,,,0.24,,1,,,,,,,,,,0.7610,2023-10-09T17:44:00+00:00,1498,2144
trade,2023-10-11,MSFT,Long,2023-10-11T13:31:00+00:00,2023-10-11T14:01:00+00:00,331.1712,330.8488,0.91,-0.29,-0.000974,1800000,ScoreExit,0.3886,-0.1325,0.4263,0.4239,0.3056,-0.4990,-0.2916,0.3078,,,
summary,2023-10-11,MSFT,,,,,,,-0.29,,1,,,,,,,,,,0.6385,2023-10-09T14:24:00+00:00,1185,1656
summary,2023-10-12,SPY,,,,,,,0.00,,0,,,,,,,,,,0.6490,2023-10-09T17:59:00+00:00,1999,2815
summary,2023-10-12,QQQ,,,,,,,0.00,,0,,,,,,,,,,0.7805,2023-10-09T13:49:00+00:00,2240,2875
trade,2023-10-12,AAPL,Long,2023-10-12T13:59:00+00:00,2023-10-12T15:48:00+00:00,180.6911,181.6587,1.66,1.61,0.005355,6540000,ScoreExit,0.3953,-0.0594,0.4687,0.4270,0.3076,-0.1239,-0.2691,0.3816,,,
summary,2023-10-12,AAPL,,,,,,,1.61,,1,,,,,,,,,,0.6964,2023-10-09T16:07:00+00:00,1814,2528
summary,2023-10-12,MSFT,,,,,,,0.00,,0,,,,,,,,,,0.9036,2023-10-09T13:48:00+00:00,1499,2168
summary,2023-10-13,SPY,,,,,,,0.00,,0,,,,,,,,,,0.8211,2023-10-10T14:52:00+00:00,1143,2828
summary,2023-10-13,QQQ,,,,,,,0.00,,0,,,,,,,,,,0.9176,2023-10-10T14:52:00+00:00,1418,2923
summary,2023-10-13,AAPL,,,,,,,0.00,,0,,,,,,,,,,0.8970,2023-10-10T15:04:00+00:00,1326,2576
summary,2023-10-13,MSFT,,,,,,,0.00,,0,,,,,,,,,,0.6195,2023-10-10T14:36:00+00:00,991,2162
trade,2023-10-16,SPY,Long,2023-10-16T14:26:00+00:00,2023-10-16T15:36:00+00:00,435.4721,436.2177,0.69,0.51,0.001712,4200000,ScoreExit,0.4333,-0.0654,0.2413,0.4213,0.5213,-0.4032,-0.2752,0.4668,,,
summary,2023-10-16,SPY,,,,,,,0.51,,1,,,,,,,,,,0.4880,2023-10-13T13:40:00+00:00,575,1211
trade,2023-10-16,QQQ,Long,2023-10-16T13:32:00+00:00,2023-10-16T13:50:00+00:00,367.2584,366.8816,0.82,-0.31,-0.001026,1080000,ScoreExit,0.3985,-0.0533,0.4685,0.4292,0.3136,-0.5370,-0.1275,0.2563,,,
trade,2023-10-16,QQQ,Long,2023-10-16T14:26:00+00:00,2023-10-16T15:37:00+00:00,369.2688,369.3111,0.81,0.03,0.000115,4260000,ScoreExit,0.4754,-0.0501,0.4841,0.4404,0.5425,-0.3881,-0.2601,0.4826,,,
summary,2023-10-16,QQQ,,,,,,,-0.27,,2,,,,,,,,,,0.4809,2023-10-16T14:29:00+00:00,452,1208
summary,2023-10-16,AAPL,,,,,,,0.00,,0,,,,,,,,,,0.3144,2023-10-16T14:40:00+00:00,146,1134
trade,2023-10-16,NVDA,Long,2023-10-16T13:40:00+00:00,2023-10-16T13:51:00+00:00,457.2600,453.2643,0.61,-2.42,-0.008738,660000,ScoreExit,0.4865,-0.1084,0.5358,0.6926,0.0581,-0.5980,-0.1100,0.0581,,,
trade,2023-10-16,NVDA,Long,2023-10-16T14:09:00+00:00,2023-10-16T15:19:00+00:00,456.2511,458.8932,0.49,1.29,0.005791,4200000,ScoreExit,0.3682,-0.0659,0.2262,0.5094,0.1332,-0.5263,-0.1853,0.3261,,,
summary,2023-10-16,NVDA,,,,,,,-1.13,,2,,,,,,,,,,0.6974,2023-10-13T13:56:00+00:00,349,1206
trade,2023-10-16,MSFT,Long,2023-10-16T13:31:00+00:00,2023-10-16T15:37:00+00:00,331.2512,333.9782,0.91,2.47,0.008232,7560000,ScoreExit,0.4879,-0.0520,0.3631,0.4540,0.5974,-0.5176,-0.2848,0.5688,,,
summary,2023-10-16,MSFT,,,,,,,2.47,,1,,,,,,,,,,0.5538,2023-10-13T13:59:00+00:00,448,987
summary,2023-10-17,SPY,,,,,,,0.00,,0,,,,,,,,,,0.5850,2023-10-16T14:32:00+00:00,885,1459
summary,2023-10-17,QQQ,,,,,,,0.00,,0,,,,,,,,,,0.6182,2023-10-16T14:29:00+00:00,923,1502
summary,2023-10-17,AAPL,,,,,,,0.00,,0,,,,,,,,,,0.5990,2023-10-16T14:40:00+00:00,662,1296
summary,2023-10-17,NVDA,,,,,,,0.00,,0,,,,,,,,,,0.7866,2023-10-16T13:35:00+00:00,660,1360
summary,2023-10-17,MSFT,,,,,,,0.00,,0,,,,,,,,,,0.9016,2023-10-16T08:50:00+00:00,629,1133
summary,2023-10-18,SPY,,,,,,,0.00,,0,,,,,,,,,,0.5850,2023-10-16T14:32:00+00:00,959,2272
summary,2023-10-18,QQQ,,,,,,,0.00,,0,,,,,,,,,,0.6182,2023-10-16T14:29:00+00:00,999,2347
summary,2023-10-18,AAPL,,,,,,,0.00,,0,,,,,,,,,,0.5990,2023-10-16T14:40:00+00:00,801,1970
summary,2023-10-18,NVDA,,,,,,,0.00,,0,,,,,,,,,,0.7866,2023-10-16T13:35:00+00:00,660,2205
summary,2023-10-18,MSFT,,,,,,,0.00,,0,,,,,,,,,,0.9016,2023-10-16T08:50:00+00:00,883,1769
summary,2023-10-19,QQQ,,,,,,,0.00,,0,,,,,,,,,,0.8925,2023-10-16T14:32:00+00:00,778,2976
summary,2023-10-19,AAPL,,,,,,,0.00,,0,,,,,,,,,,1.0000,2023-10-16T13:34:00+00:00,874,2497
summary,2023-10-19,NVDA,,,,,,,0.00,,0,,,,,,,,,,1.0000,2023-10-16T13:33:00+00:00,855,2809
summary,2023-10-19,MSFT,,,,,,,0.00,,0,,,,,,,,,,0.9100,2023-10-16T14:41:00+00:00,991,2301
summary,2023-10-20,SPY,,,,,,,0.00,,0,,,,,,,,,,0.9080,2023-10-17T14:45:00+00:00,342,2939
summary,2023-10-20,QQQ,,,,,,,0.00,,0,,,,,,,,,,0.9465,2023-10-17T14:45:00+00:00,455,3039
summary,2023-10-20,AAPL,,,,,,,0.00,,0,,,,,,,,,,0.9410,2023-10-17T14:45:00+00:00,697,2551
summary,2023-10-20,NVDA,,,,,,,0.00,,0,,,,,,,,,,0.9587,2023-10-17T14:49:00+00:00,548,2909
summary,2023-10-20,MSFT,,,,,,,0.00,,0,,,,,,,,,,0.8977,2023-10-17T14:23:00+00:00,1041,2277
summary,2023-10-23,SPY,,,,,,,0.00,,0,,,,,,,,,,0.4483,2023-10-23T16:59:00+00:00,274,1250
summary,2023-10-23,QQQ,,,,,,,0.00,,0,,,,,,,,,,0.5542,2023-10-20T13:41:00+00:00,341,1231
trade,2023-10-23,NVDA,Long,2023-10-23T13:49:00+00:00,2023-10-23T15:56:00+00:00,415.0933,426.1348,0.62,6.84,0.026600,7620000,SessionClose,0.4449,0.4978,0.6729,0.4457,0.3674,-0.0149,0.3719,0.9206,,,
summary,2023-10-23,NVDA,,,,,,,6.84,,1,,,,,,,,,,1.0000,2023-10-20T13:38:00+00:00,484,1201
summary,2023-10-23,MSFT,,,,,,,0.00,,0,,,,,,,,,,0.6532,2023-10-20T13:43:00+00:00,327,1024
summary,2023-10-24,SPY,,,,,,,0.00,,0,,,,,,,,,,0.5963,2023-10-23T16:59:00+00:00,1040,1538
summary,2023-10-24,QQQ,,,,,,,0.00,,0,,,,,,,,,,0.6380,2023-10-23T14:24:00+00:00,1180,1575
summary,2023-10-24,AAPL,,,,,,,0.00,,0,,,,,,,,,,0.6111,2023-10-23T15:20:00+00:00,865,1339
summary,2023-10-24,NVDA,,,,,,,0.00,,0,,,,,,,,,,0.9408,2023-10-23T14:23:00+00:00,1203,1465
summary,2023-10-24,MSFT,,,,,,,0.00,,0,,,,,,,,,,0.6799,2023-10-24T20:00:00+00:00,870,1189
summary,2023-10-25,SPY,,,,,,,0.00,,0,,,,,,,,,,0.5963,2023-10-23T16:59:00+00:00,1236,2377
summary,2023-10-25,QQQ,,,,,,,0.00,,0,,,,,,,,,,0.6380,2023-10-23T14:24:00+00:00,1374,2459
summary,2023-10-25,AAPL,,,,,,,0.00,,0,,,,,,,,,,0.6111,2023-10-23T15:20:00+00:00,973,2060
summary,2023-10-25,NVDA,,,,,,,0.00,,0,,,,,,,,,,0.9408,2023-10-23T14:23:00+00:00,1472,2228
summary,2023-10-25,MSFT,,,,,,,0.00,,0,,,,,,,,,,0.8907,2023-10-24T20:01:00+00:00,1536,2067
summary,2023-10-26,SPY,,,,,,,0.00,,0,,,,,,,,,,0.7463,2023-10-23T14:25:00+00:00,1107,2962
summary,2023-10-26,QQQ,,,,,,,0.00,,0,,,,,,,,,,0.9362,2023-10-23T14:44:00+00:00,1312,3074
summary,2023-10-26,AAPL,,,,,,,0.00,,0,,,,,,,,,,0.8971,2023-10-23T15:01:00+00:00,1021,2622
summary,2023-10-26,NVDA,,,,,,,0.00,,0,,,,,,,,,,0.9609,2023-10-23T14:43:00+00:00,1432,2842
summary,2023-10-26,MSFT,,,,,,,0.00,,0,,,,,,,,,,0.9666,2023-10-24T20:01:00+00:00,1695,2664
summary,2023-10-27,SPY,,,,,,,0.00,,0,,,,,,,,,,0.6295,2023-10-24T14:49:00+00:00,259,3006
summary,2023-10-27,QQQ,,,,,,,0.00,,0,,,,,,,,,,0.7081,2023-10-24T14:48:00+00:00,261,3119
summary,2023-10-27,AAPL,,,,,,,0.00,,0,,,,,,,,,,0.5972,2023-10-24T19:14:00+00:00,361,2756
summary,2023-10-27,MSFT,,,,,,,0.00,,0,,,,,,,,,,0.9812,2023-10-24T20:01:00+00:00,1077,2760
trade,2023-10-30,SPY,Long,2023-10-30T13:36:00+00:00,2023-10-30T14:12:00+00:00,414.2478,413.9122,0.72,-0.24,-0.000810,2160000,ScoreExit,0.4511,-0.0521,0.4655,0.4246,0.4994,-0.5624,-0.2128,0.4395,,,
summary,2023-10-30,SPY,,,,,,,-0.24,,1,,,,,,,,,,0.4757,2023-10-30T17:51:00+00:00,581,1221
trade,2023-10-30,QQQ,Long,2023-10-30T13:36:00+00:00,2023-10-30T14:16:00+00:00,348.5247,348.5953,0.86,0.06,0.000202,2400000,ScoreExit,0.4694,-0.1168,0.5225,0.4400,0.5103,-0.5499,-0.3099,0.4137,,,
summary,2023-10-30,QQQ,,,,,,,0.06,,1,,,,,,,,,,0.6061,2023-10-27T15:22:00+00:00,619,1203
trade,2023-10-30,AAPL,Long,2023-10-30T13:31:00+00:00,2023-10-30T14:21:00+00:00,169.2088,169.4711,1.77,0.47,0.001550,3000000,ScoreExit,0.5046,-0.0560,0.4819,0.4765,0.5684,-0.5827,-0.2351,0.4776,,,
summary,2023-10-30,AAPL,,,,,,,0.47,,1,,,,,,,,,,0.8970,2023-10-27T14:06:00+00:00,662,1076
trade,2023-10-30,NVDA,Long,2023-10-30T13:31:00+00:00,2023-10-30T14:21:00+00:00,410.5621,410.9628,0.73,0.29,0.000976,3000000,ScoreExit,0.5893,-0.1414,0.3473,0.5570,0.7346,-0.6535,-0.3819,0.5102,,,
summary,2023-10-30,NVDA,,,,,,,0.29,,1,,,,,,,,,,0.7719,2023-10-30T13:47:00+00:00,537,1166
trade,2023-10-30,MSFT,Long,2023-10-30T13:36:00+00:00,2023-10-30T14:41:00+00:00,333.4517,335.1979,0.90,1.57,0.005237,3900000,ScoreExit,0.5059,-0.0674,0.4807,0.4210,0.6840,0.2810,-0.4358,0.5533,,,
summary,2023-10-30,MSFT,,,,,,,1.57,,1,,,,,,,,,,0.9214,2023-10-27T13:38:00+00:00,625,1014
summary,2023-10-31,SPY,,,,,,,0.00,,0,,,,,,,,,,0.7251,2023-10-30T09:17:00+00:00,956,1500
summary,2023-10-31,QQQ,,,,,,,0.00,,0,,,,,,,,,,0.7620,2023-10-30T09:17:00+00:00,869,1509
summary,2023-10-31,AAPL,,,,,,,0.00,,0,,,,,,,,,,0.7067,2023-10-30T13:44:00+00:00,645,1291
trade,2023-10-31,NVDA,Long,2023-10-31T14:51:00+00:00,2023-10-31T15:46:00+00:00,399.8149,401.5509,0.48,0.83,0.004342,3300000,ScoreExit,0.4258,-0.1174,0.3879,0.6279,0.0344,-0.4716,-0.1211,0.0079,,,
summary,2023-10-31,NVDA,,,,,,,0.83,,1,,,,,,,,,,0.8540,2023-10-30T13:47:00+00:00,618,1363
summary,2023-10-31,MSFT,,,,,,,0.00,,0,,,,,,,,,,0.7767,2023-10-30T13:51:00+00:00,730,1150
trade,2023-11-01,SPY,Long,2023-11-01T14:21:00+00:00,2023-11-01T15:11:00+00:00,420.7541,421.1907,0.71,0.31,0.001038,3000000,ScoreExit,0.4282,-0.0503,0.5433,0.4385,0.3692,-0.3679,-0.1929,0.3406,,,
summary,2023-11-01,SPY,,,,,,,0.31,,1,,,,,,,,,,0.7251,2023-10-30T09:17:00+00:00,1468,2314
trade,2023-11-01,QQQ,Long,2023-11-01T13:46:00+00:00,2023-11-01T15:16:00+00:00,352.5855,353.6593,0.85,0.91,0.003045,5400000,ScoreExit,0.3633,-0.0778,0.0707,0.4369,0.3137,-0.5105,-0.2341,0.3789,,,
summary,2023-11-01,QQQ,,,,,,,0.91,,1,,,,,,,,,,0.7620,2023-10-30T09:17:00+00:00,1394,2330
summary,2023-11-01,AAPL,,,,,,,0.00,,0,,,,,,,,,,0.7067,2023-10-30T13:44:00+00:00,1135,1954
summary,2023-11-01,NVDA,,,,,,,0.00,,0,,,,,,,,,,0.8540,2023-10-30T13:47:00+00:00,1121,2096
summary,2023-11-01,MSFT,,,,,,,0.00,,0,,,,,,,,,,0.7767,2023-10-30T13:51:00+00:00,1150,1727
summary,2023-11-02,SPY,,,,,,,0.00,,0,,,,,,,,,,0.5886,2023-10-30T17:52:00+00:00,2194,2919
summary,2023-11-02,QQQ,,,,,,,0.00,,0,,,,,,,,,,0.7460,2023-10-30T13:51:00+00:00,2174,2971
trade,2023-11-02,AAPL,Long,2023-11-02T14:36:00+00:00,2023-11-02T15:46:00+00:00,176.7103,176.6747,1.70,-0.06,-0.000202,4200000,ScoreExit,0.4174,-0.0601,-0.3545,0.4210,0.6674,-0.5495,-0.3056,0.5939,,,
summary,2023-11-02,AAPL,,,,,,,-0.06,,1,,,,,,,,,,1.0000,2023-10-30T13:37:00+00:00,1718,2594
trade,2023-11-02,MSFT,Long,2023-11-02T14:52:00+00:00,2023-11-02T15:28:00+00:00,347.9761,347.4055,0.86,-0.49,-0.001640,2160000,ScoreExit,0.4197,-0.0660,0.4963,0.4376,0.3582,-0.5520,-0.1559,0.2757,,,
summary,2023-11-02,MSFT,,,,,,,-0.49,,1,,,,,,,,,,1.0000,2023-10-30T13:39:00+00:00,1558,2285
summary,2023-11-03,SPY,,,,,,,0.00,,0,,,,,,,,,,0.6751,2023-10-31T14:53:00+00:00,2298,2902
summary,2023-11-03,QQQ,,,,,,,0.00,,0,,,,,,,,,,0.7466,2023-10-31T14:54:00+00:00,2402,2974
summary,2023-11-03,AAPL,,,,,,,0.00,,0,,,,,,,,,,0.9536,2023-10-31T14:44:00+00:00,2234,2783
trade,2023-11-03,NVDA,Long,2023-11-03T14:56:00+00:00,2023-11-03T15:56:00+00:00,442.5191,446.2357,0.66,2.44,0.008399,3600000,SessionClose,0.5064,0.3347,0.1323,0.4933,0.6574,-0.0880,0.2554,0.6343,,,
summary,2023-11-03,NVDA,,,,,,,2.44,,1,,,,,,,,,,0.9060,2023-10-31T15:00:00+00:00,2407,2734
summary,2023-11-03,MSFT,,,,,,,0.00,,0,,,,,,,,,,0.6488,2023-11-01T13:42:00+00:00,1728,2360
summary,2023-11-06,SPY,,,,,,,0.00,,0,,,,,,,,,,0.5143,2023-11-03T16:19:00+00:00,695,1161
summary,2023-11-06,QQQ,,,,,,,0.00,,0,,,,,,,,,,0.6597,2023-11-03T13:47:00+00:00,907,1199
trade,2023-11-06,AAPL,Long,2023-11-06T14:31:00+00:00,2023-11-06T15:56:00+00:00,176.7003,178.6593,1.70,3.33,0.011086,5100000,SessionClose,0.4824,0.2707,0.5049,0.4148,0.6101,0.3462,0.0956,0.5956,,,
summary,2023-11-06,AAPL,,,,,,,3.33,,1,,,,,,,,,,0.9382,2023-11-03T13:44:00+00:00,958,1164
trade,2023-11-06,NVDA,Long,2023-11-06T14:36:00+00:00,2023-11-06T15:56:00+00:00,455.4861,456.6337,0.62,0.71,0.002519,4800000,SessionClose,0.5771,0.2965,0.4555,0.6064,0.5591,0.3902,0.1582,0.5417,,,
summary,2023-11-06,NVDA,,,,,,,0.71,,1,,,,,,,,,,1.0000,2023-11-03T13:33:00+00:00,999,1216
trade,2023-11-07,SPY,Long,2023-11-07T15:31:00+00:00,2023-11-07T15:56:00+00:00,436.5323,437.1476,0.69,0.42,0.001409,1500000,SessionClose,0.4024,0.3123,0.5347,0.4055,0.3520,0.2022,0.2802,0.4133,,,
summary,2023-11-07,SPY,,,,,,,0.42,,1,,,,,,,,,,0.4299,2023-11-07T15:49:00+00:00,685,1430
trade,2023-11-07,QQQ,Long,2023-11-07T15:26:00+00:00,2023-11-07T15:56:00+00:00,371.4992,373.0304,0.81,1.24,0.004122,1800000,SessionClose,0.4820,0.4555,0.5352,0.4329,0.5625,0.5198,0.3913,0.5625,,,
summary,2023-11-07,QQQ,,,,,,,1.24,,1,,,,,,,,,,0.4966,2023-11-07T15:50:00+00:00,792,1474
trade,2023-11-07,AAPL,Long,2023-11-07T14:36:00+00:00,2023-11-07T15:56:00+00:00,179.3309,181.1288,1.67,3.01,0.010026,4800000,SessionClose,0.4141,0.4416,0.2140,0.4031,0.5028,0.5268,0.3425,0.6113,,,
summary,2023-11-07,AAPL,,,,,,,3.01,,1,,,,,,,,,,0.6893,2023-11-06T14:50:00+00:00,938,1295
trade,2023-11-07,NVDA,Long,2023-11-07T15:21:00+00:00,2023-11-07T15:56:00+00:00,457.0964,461.4627,0.63,2.76,0.009552,2100000,SessionClose,0.4866,0.5809,0.5743,0.4004,0.6297,0.5105,0.5543,0.6574,,,
trade,2023-11-07,NVDA,Long,2023-11-07T15:58:00+00:00,2023-11-07T15:59:00+00:00,461.1272,460.9187,0.65,-0.14,-0.000452,60000,SessionClose,0.5361,0.5323,0.0622,0.5543,0.6574,0.0243,0.5543,0.6574,,,
summary,2023-11-07,NVDA,,,,,,,2.63,,2,,,,,,,,,,0.8763,2023-11-06T10:10:00+00:00,826,1399
trade,2023-11-07,MSFT,Long,2023-11-07T15:46:00+00:00,2023-11-07T15:56:00+00:00,361.3773,361.9526,0.83,0.48,0.001592,600000,SessionClose,0.5130,0.4258,0.5699,0.4529,0.6143,0.5536,0.3103,0.6143,,,
summary,2023-11-07,MSFT,,,,,,,0.48,,1,,,,,,,,,,0.5456,2023-11-06T14:41:00+00:00,751,1132
summary,2023-11-08,SPY,,,,,,,0.00,,0,,,,,,,,,,0.4299,2023-11-07T15:49:00+00:00,1063,2152
summary,2023-11-08,QQQ,,,,,,,0.00,,0,,,,,,,,,,0.4966,2023-11-07T15:50:00+00:00,1335,2294
trade,2023-11-08,AAPL,Long,2023-11-08T14:31:00+00:00,2023-11-08T15:26:00+00:00,182.4515,182.6476,1.65,0.32,0.001075,3300000,ScoreExit,0.4386,-0.0743,0.4656,0.4761,0.3544,-0.3660,-0.2228,0.3200,,,
summary,2023-11-08,AAPL,,,,,,,0.32,,1,,,,,,,,,,0.6893,2023-11-06T14:50:00+00:00,1470,2013
trade,2023-11-08,NVDA,Long,2023-11-08T14:31:00+00:00,2023-11-08T15:21:00+00:00,460.9772,461.8126,0.65,0.54,0.001812,3000000,ScoreExit,0.3648,-0.0894,0.0036,0.4220,0.3708,-0.5625,-0.2020,0.2937,,,
summary,2023-11-08,NVDA,,,,,,,0.54,,1,,,,,,,,,,0.8763,2023-11-06T10:10:00+00:00,1334,2127
summary,2023-11-08,MSFT,,,,,,,0.00,,0,,,,,,,,,,0.5456,2023-11-06T14:41:00+00:00,1156,1727
summary,2023-11-09,SPY,,,,,,,0.00,,0,,,,,,,,,,0.4342,2023-11-07T15:49:00+00:00,1228,2713
summary,2023-11-09,AAPL,,,,,,,0.00,,0,,,,,,,,,,0.9921,2023-11-06T14:38:00+00:00,1829,2511
trade,2023-11-09,NVDA,Long,2023-11-09T14:56:00+00:00,2023-11-09T15:56:00+00:00,477.5523,476.7263,0.49,-0.40,-0.001730,3600000,SessionClose,0.5411,0.2710,0.5544,0.4894,0.6402,0.1976,0.1095,0.6186,,,
summary,2023-11-09,NVDA,,,,,,,-0.40,,1,,,,,,,,,,1.0000,2023-11-06T14:37:00+00:00,1873,2724
summary,2023-11-09,MSFT,,,,,,,0.00,,0,,,,,,,,,,0.7742,2023-11-06T15:22:00+00:00,1416,2198
summary,2023-11-10,SPY,,,,,,,0.00,,0,,,,,,,,,,0.8671,2023-11-07T15:53:00+00:00,1341,2763
summary,2023-11-10,QQQ,,,,,,,0.00,,0,,,,,,,,,,0.9553,2023-11-07T15:50:00+00:00,1622,2902
summary,2023-11-10,NVDA,,,,,,,0.00,,0,,,,,,,,,,0.9589,2023-11-07T15:52:00+00:00,2064,2765
summary,2023-11-10,MSFT,,,,,,,0.00,,0,,,,,,,,,,0.9581,2023-11-07T15:46:00+00:00,1482,2262
summary,2023-11-13,SPY,,,,,,,0.00,,0,,,,,,,,,,0.7505,2023-11-10T16:04:00+00:00,873,1178
summary,2023-11-13,QQQ,,,,,,,0.00,,0,,,,,,,,,,0.8576,2023-11-10T16:04:00+00:00,940,1193
summary,2023-11-13,AAPL,,,,,,,0.00,,0,,,,,,,,,,0.7822,2023-11-10T16:04:00+00:00,672,1133
trade,2023-11-13,NVDA,Long,2023-11-13T15:01:00+00:00,2023-11-13T15:56:00+00:00,484.1621,486.2478,0.45,0.93,0.004308,3300000,SessionClose,0.4747,0.1008,0.5296,0.4403,0.5252,-0.3989,-0.0281,0.5252,,,
summary,2023-11-13,NVDA,,,,,,,0.93,,1,,,,,,,,,,1.0000,2023-11-10T14:40:00+00:00,1046,1231
summary,2023-11-13,MSFT,,,,,,,0.00,,0,,,,,,,,,,0.9568,2023-11-10T16:04:00+00:00,794,1055
summary,2023-11-14,SPY,,,,,,,0.00,,0,,,,,,,,,,0.6470,2023-11-14T13:49:00+00:00,940,1373
summary,2023-11-14,QQQ,,,,,,,0.00,,0,,,,,,,,,,0.7078,2023-11-13T10:34:00+00:00,1065,1486
summary,2023-11-14,AAPL,,,,,,,0.00,,0,,,,,,,,,,0.5777,2023-11-14T13:49:00+00:00,716,1232
summary,2023-11-14,NVDA,,,,,,,0.00,,0,,,,,,,,,,0.8769,2023-11-13T10:25:00+00:00,1087,1433
summary,2023-11-14,MSFT,,,,,,,0.00,,0,,,,,,,,,,0.6628,2023-11-13T11:01:00+00:00,629,1147
summary,2023-11-15,QQQ,,,,,,,0.00,,0,,,,,,,,,,0.7078,2023-11-13T10:34:00+00:00,1727,2380
trade,2023-11-15,AAPL,Long,2023-11-15T15:51:00+00:00,2023-11-15T15:56:00+00:00,189.0150,189.1322,1.59,0.19,0.000620,300000,SessionClose,0.4451,0.4254,0.5689,0.4170,0.4598,0.5258,0.3914,0.4598,,,
summary,2023-11-15,AAPL,,,,,,,0.19,,1,,,,,,,,,,0.5777,2023-11-14T13:49:00+00:00,1253,1969
summary,2023-11-15,NVDA,,,,,,,0.00,,0,,,,,,,,,,0.8769,2023-11-13T10:25:00+00:00,1518,2259
summary,2023-11-15,MSFT,,,,,,,0.00,,0,,,,,,,,,,0.6628,2023-11-13T11:01:00+00:00,1060,1844
summary,2023-11-16,SPY,,,,,,,0.00,,0,,,,,,,,,,0.7791,2023-11-13T15:53:00+00:00,1960,2790
summary,2023-11-16,QQQ,,,,,,,0.00,,0,,,,,,,,,,0.7554,2023-11-13T15:53:00+00:00,2105,3004
trade,2023-11-16,AAPL,Long,2023-11-16T14:31:00+00:00,2023-11-16T15:16:00+00:00,190.0030,190.0970,1.58,0.15,0.000495,2700000,ScoreExit,0.4571,-0.0898,0.5881,0.4476,0.4324,-0.5467,-0.2186,0.3201,,,
summary,2023-11-16,AAPL,,,,,,,0.15,,1,,,,,,,,,,0.5650,2023-11-14T13:49:00+00:00,1697,2528
summary,2023-11-16,NVDA,,,,,,,0.00,,0,,,,,,,,,,1.0000,2023-11-13T14:32:00+00:00,1530,2795
summary,2023-11-17,SPY,,,,,,,0.00,,0,,,,,,,,,,0.8521,2023-11-14T15:47:00+00:00,1670,2812
summary,2023-11-17,QQQ,,,,,,,0.00,,0,,,,,,,,,,0.7696,2023-11-14T15:47:00+00:00,1636,2998
summary,2023-11-17,AAPL,,,,,,,0.00,,0,,,,,,,,,,0.5318,2023-11-14T19:49:00+00:00,1712,2619
summary,2023-11-17,NVDA,,,,,,,0.00,,0,,,,,,,,,,0.9356,2023-11-14T15:44:00+00:00,1376,2801
summary,2023-11-17,MSFT,,,,,,,0.00,,0,,,,,,,,,,0.6808,2023-11-14T15:49:00+00:00,1353,2493
summary,2023-11-20,SPY,,,,,,,0.00,,0,,,,,,,,,,0.4251,2023-11-17T17:14:00+00:00,752,1128
trade,2023-11-20,QQQ,Long,2023-11-20T14:51:00+00:00,2023-11-20T15:56:00+00:00,388.0976,388.2173,0.77,0.09,0.000309,3900000,SessionClose,0.4422,0.3519,0.4577,0.4231,0.4751,0.5442,0.2563,0.4789,,,
summary,2023-11-20,QQQ,,,,,,,0.09,,1,,,,,,,,,,0.5115,2023-11-17T19:09:00+00:00,845,1204
summary,2023-11-20,AAPL,,,,,,,0.00,,0,,,,,,,,,,0.4586,2023-11-20T14:32:00+00:00,693,1089
trade,2023-11-20,NVDA,Long,2023-11-20T15:01:00+00:00,2023-11-20T15:56:00+00:00,495.4641,496.9856,0.55,0.84,0.003071,3300000,SessionClose,0.4371,0.1463,0.0895,0.5120,0.4030,-0.2878,0.0314,0.5207,,,
summary,2023-11-20,NVDA,,,,,,,0.84,,1,,,,,,,,,,0.8597,2023-11-17T14:51:00+00:00,682,1170
trade,2023-11-20,MSFT,Long,2023-11-20T14:31:00+00:00,2023-11-20T15:56:00+00:00,373.6997,373.6852,0.69,-0.01,-0.000039,5100000,SessionClose,0.6441,0.3962,0.6462,0.6202,0.6913,0.5140,0.2476,0.6542,,,
summary,2023-11-20,MSFT,,,,,,,-0.01,,1,,,,,,,,,,0.9103,2023-11-20T09:05:00+00:00,707,1321
summary,2023-11-21,SPY,,,,,,,0.00,,0,,,,,,,,,,0.4714,2023-11-20T19:43:00+00:00,884,1398
summary,2023-11-21,QQQ,,,,,,,0.00,,0,,,,,,,,,,0.5613,2023-11-20T10:11:00+00:00,889,1507
summary,2023-11-21,AAPL,,,,,,,0.00,,0,,,,,,,,,,0.7597,2023-11-20T10:14:00+00:00,698,1240
summary,2023-11-21,NVDA,,,,,,,0.00,,0,,,,,,,,,,0.7287,2023-11-20T15:14:00+00:00,997,1468
summary,2023-11-21,MSFT,,,,,,,0.00,,0,,,,,,,,,,1.0000,2023-11-20T09:00:00+00:00,612,1479
summary,2023-11-22,SPY,,,,,,,0.00,,0,,,,,,,,,,0.4714,2023-11-20T19:43:00+00:00,1347,2195
summary,2023-11-22,QQQ,,,,,,,0.00,,0,,,,,,,,,,0.5613,2023-11-20T10:11:00+00:00,1434,2397
trade,2023-11-22,AAPL,Long,2023-11-22T14:31:00+00:00,2023-11-22T14:55:00+00:00,192.4036,191.7466,1.56,-1.02,-0.003414,1440000,ScoreExit,0.4350,-0.0502,0.5948,0.4734,0.3048,-0.5737,-0.1227,0.2693,,,
summary,2023-11-22,AAPL,,,,,,,-1.02,,1,,,,,,,,,,0.7597,2023-11-20T10:14:00+00:00,1109,1932
summary,2023-11-22,NVDA,,,,,,,0.00,,0,,,,,,,,,,0.7438,2023-11-22T11:30:00+00:00,1290,2414
summary,2023-11-22,MSFT,,,,,,,0.00,,0,,,,,,,,,,1.0000,2023-11-20T09:00:00+00:00,1089,2242
summary,2023-11-23,SPY,,,,,,,0.00,,0,,,,,,,,,,0.7799,2023-11-20T16:03:00+00:00,1287,2118
summary,2023-11-23,QQQ,,,,,,,0.00,,0,,,,,,,,,,0.8212,2023-11-20T16:04:00+00:00,1448,2272
summary,2023-11-23,AAPL,,,,,,,0.00,,0,,,,,,,,,,0.7974,2023-11-20T14:33:00+00:00,907,1830
summary,2023-11-23,NVDA,,,,,,,0.00,,0,,,,,,,,,,0.9013,2023-11-20T15:04:00+00:00,1233,2393
summary,2023-11-23,MSFT,,,,,,,0.00,,0,,,,,,,,,,1.0000,2023-11-20T14:35:00+00:00,1080,2002
summary,2023-11-24,SPY,,,,,,,0.00,,0,,,,,,,,,,0.4134,2023-11-22T14:36:00+00:00,1060,1831
summary,2023-11-24,AAPL,,,,,,,0.00,,0,,,,,,,,,,0.4895,2023-11-22T14:30:00+00:00,603,1598
summary,2023-11-24,NVDA,,,,,,,0.00,,0,,,,,,,,,,1.0000,2023-11-21T14:38:00+00:00,611,2200
summary,2023-11-24,MSFT,,,,,,,0.00,,0,,,,,,,,,,0.7238,2023-11-21T14:38:00+00:00,894,1610
summary,2023-11-27,SPY,,,,,,,0.00,,0,,,,,,,,,,0.3250,2023-11-24T17:16:00+00:00,333,937
summary,2023-11-27,QQQ,,,,,,,0.00,,0,,,,,,,,,,0.3670,2023-11-27T15:09:00+00:00,397,917
summary,2023-11-27,AAPL,,,,,,,0.00,,0,,,,,,,,,,0.4049,2023-11-27T16:54:00+00:00,324,831
trade,2023-11-27,NVDA,Long,2023-11-27T14:37:00+00:00,2023-11-27T15:51:00+00:00,479.3008,481.3288,0.62,1.25,0.004231,4440000,ScoreExit,0.3617,-0.0505,0.2220,0.5496,0.0324,-0.4488,-0.1574,0.2962,,,
summary,2023-11-27,NVDA,,,,,,,1.25,,1,,,,,,,,,,1.0000,2023-11-24T14:33:00+00:00,295,988
summary,2023-11-27,MSFT,,,,,,,0.00,,0,,,,,,,,,,0.4717,2023-11-27T17:10:00+00:00,444,769
summary,2023-11-28,SPY,,,,,,,0.00,,0,,,,,,,,,,0.6953,2023-11-27T10:26:00+00:00,678,1337
summary,2023-11-28,QQQ,,,,,,,0.00,,0,,,,,,,,,,0.5678,2023-11-27T10:23:00+00:00,630,1386
summary,2023-11-28,AAPL,,,,,,,0.00,,0,,,,,,,,,,0.7246,2023-11-27T11:00:00+00:00,673,1188
summary,2023-11-28,NVDA,,,,,,,0.00,,0,,,,,,,,,,0.6913,2023-11-27T14:39:00+00:00,692,1316
trade,2023-11-28,MSFT,Long,2023-11-28T14:31:00+00:00,2023-11-28T15:56:00+00:00,379.1608,380.9988,0.79,1.45,0.004847,5100000,SessionClose,0.4452,0.1137,0.5683,0.4936,0.3075,-0.5714,0.0223,0.5248,,,
summary,2023-11-28,MSFT,,,,,,,1.45,,1,,,,,,,,,,0.6218,2023-11-27T17:10:00+00:00,684,1067
summary,2023-11-29,SPY,,,,,,,0.00,,0,,,,,,,,,,0.6953,2023-11-27T10:26:00+00:00,1123,2088
summary,2023-11-29,QQQ,,,,,,,0.00,,0,,,,,,,,,,0.5678,2023-11-27T10:23:00+00:00,1180,2233
trade,2023-11-29,NVDA,Long,2023-11-29T14:41:00+00:00,2023-11-29T15:06:00+00:00,484.9220,483.6951,0.62,-0.76,-0.002530,1500000,ScoreExit,0.3756,-0.1571,0.0278,0.4335,0.3756,-0.6004,-0.3218,0.3202,,,
summary,2023-11-29,NVDA,,,,,,,-0.76,,1,,,,,,,,,,0.6913,2023-11-27T14:39:00+00:00,1059,2093
summary,2023-11-29,MSFT,,,,,,,0.00,,0,,,,,,,,,,0.6218,2023-11-27T17:10:00+00:00,899,1704
summary,2023-11-30,SPY,,,,,,,0.00,,0,,,,,,,,,,0.3986,2023-11-29T09:28:00+00:00,1148,2645
summary,2023-11-30,QQQ,,,,,,,0.00,,0,,,,,,,,,,0.7110,2023-11-27T15:48:00+00:00,1262,2821
summary,2023-11-30,NVDA,,,,,,,0.00,,0,,,,,,,,,,1.0000,2023-11-27T14:39:00+00:00,976,2616
summary,2023-11-30,MSFT,,,,,,,0.00,,0,,,,,,,,,,0.7120,2023-11-27T17:10:00+00:00,895,2221
summary,2023-12-01,SPY,,,,,,,0.00,,0,,,,,,,,,,0.8244,2023-11-28T15:44:00+00:00,1445,2677
summary,2023-12-01,QQQ,,,,,,,0.00,,0,,,,,,,,,,0.8555,2023-11-28T15:44:00+00:00,1309,2838
summary,2023-12-01,AAPL,,,,,,,0.00,,0,,,,,,,,,,0.8369,2023-11-28T15:42:00+00:00,908,2416
summary,2023-12-01,MSFT,,,,,,,0.00,,0,,,,,,,,,,0.9400,2023-11-28T15:42:00+00:00,580,2243
summary,2023-12-04,SPY,,,,,,,0.00,,0,,,,,,,,,,0.5952,2023-12-01T16:53:00+00:00,617,1200
summary,2023-12-04,QQQ,,,,,,,0.00,,0,,,,,,,,,,0.6434,2023-12-01T16:04:00+00:00,570,1196
summary,2023-12-04,AAPL,,,,,,,0.00,,0,,,,,,,,,,0.8355,2023-12-01T16:04:00+00:00,454,1063
summary,2023-12-04,NVDA,,,,,,,0.00,,0,,,,,,,,,,1.0000,2023-12-01T14:40:00+00:00,345,1143
summary,2023-12-04,MSFT,,,,,,,0.00,,0,,,,,,,,,,0.5973,2023-12-01T17:54:00+00:00,229,991
summary,2023-12-05,SPY,,,,,,,0.00,,0,,,,,,,,,,0.4170,2023-12-04T17:33:00+00:00,670,1415
trade,2023-12-05,QQQ,Long,2023-12-05T15:01:00+00:00,2023-12-05T15:56:00+00:00,386.9924,388.3373,0.78,1.04,0.003475,3300000,SessionClose,0.5203,0.3226,0.5748,0.5267,0.4894,0.4548,0.2147,0.4945,,,
summary,2023-12-05,QQQ,,,,,,,1.04,,1,,,,,,,,,,0.5226,2023-12-05T15:04:00+00:00,699,1497
summary,2023-12-05,AAPL,,,,,,,0.00,,0,,,,,,,,,,0.6738,2023-12-05T15:04:00+00:00,662,1263
trade,2023-12-05,MSFT,Long,2023-12-05T14:42:00+00:00,2023-12-05T15:56:00+00:00,368.2986,372.3908,0.81,3.33,0.011111,4440000,SessionClose,0.4044,0.1812,0.5331,0.4344,0.3013,0.0137,0.0494,0.5008,,,
summary,2023-12-05,MSFT,,,,,,,3.33,,1,,,,,,,,,,0.7055,2023-12-04T16:58:00+00:00,778,1154
summary,2023-12-06,SPY,,,,,,,0.00,,0,,,,,,,,,,0.4170,2023-12-04T17:33:00+00:00,1081,2181
summary,2023-12-06,QQQ,,,,,,,0.00,,0,,,,,,,,,,0.5226,2023-12-05T15:04:00+00:00,1197,2339
summary,2023-12-06,AAPL,,,,,,,0.00,,0,,,,,,,,,,0.6738,2023-12-05T15:04:00+00:00,1114,1987
summary,2023-12-06,MSFT,,,,,,,0.00,,0,,,,,,,,,,0.7055,2023-12-04T16:58:00+00:00,1106,1752
summary,2023-12-07,SPY,,,,,,,0.00,,0,,,,,,,,,,0.4494,2023-12-04T17:14:00+00:00,1319,2709
summary,2023-12-07,QQQ,,,,,,,0.00,,0,,,,,,,,,,0.5286,2023-12-04T16:58:00+00:00,1605,2895
summary,2023-12-07,AAPL,,,,,,,0.00,,0,,,,,,,,,,0.6481,2023-12-05T14:43:00+00:00,1569,2480
summary,2023-12-08,SPY,,,,,,,0.00,,0,,,,,,,,,,0.8183,2023-12-05T15:59:00+00:00,1451,2676
trade,2023-12-08,QQQ,Long,2023-12-08T15:01:00+00:00,2023-12-08T15:56:00+00:00,390.6331,391.9066,0.77,0.98,0.003260,3300000,SessionClose,0.4078,0.3014,0.4763,0.4218,0.3569,0.5513,0.2319,0.3569,,,
summary,2023-12-08,QQQ,,,,,,,0.98,,1,,,,,,,,,,0.9582,2023-12-05T15:46:00+00:00,1613,2827
summary,2023-12-08,AAPL,,,,,,,0.00,,0,,,,,,,,,,1.0000,2023-12-05T14:36:00+00:00,1400,2403
trade,2023-12-08,NVDA,Long,2023-12-08T14:31:00+00:00,2023-12-08T15:56:00+00:00,467.9436,476.7396,0.64,5.64,0.018797,5100000,SessionClose,0.4907,0.4407,0.6167,0.4885,0.4530,0.1845,0.3976,0.6124,,,
summary,2023-12-08,NVDA,,,,,,,5.64,,1,,,,,,,,,,0.9604,2023-12-05T15:54:00+00:00,1679,2833
trade,2023-12-08,MSFT,Long,2023-12-08T15:04:00+00:00,2023-12-08T15:41:00+00:00,371.7193,371.2207,0.81,-0.40,-0.001341,2220000,ScoreExit,0.4342,-0.0594,0.5861,0.4747,0.3028,-0.5169,-0.1490,0.2723,,,
summary,2023-12-08,MSFT,,,,,,,-0.40,,1,,,,,,,,,,0.9601,2023-12-05T15:46:00+00:00,1203,2178
summary,2023-12-11,SPY,,,,,,,0.00,,0,,,,,,,,,,0.6534,2023-12-08T15:16:00+00:00,810,1144
summary,2023-12-11,AAPL,,,,,,,0.00,,0,,,,,,,,,,0.7522,2023-12-08T15:55:00+00:00,479,1109
summary,2023-12-11,NVDA,,,,,,,0.00,,0,,,,,,,,,,1.0000,2023-12-08T14:40:00+00:00,612,1132
summary,2023-12-11,MSFT,,,,,,,0.00,,0,,,,,,,,,,0.9487,2023-12-08T15:55:00+00:00,566,985
summary,2023-12-12,SPY,,,,,,,0.00,,0,,,,,,,,,,0.3935,2023-12-12T20:07:00+00:00,993,1378
summary,2023-12-12,QQQ,,,,,,,0.00,,0,,,,,,,,,,0.5352,2023-12-11T18:04:00+00:00,1129,1441
summary,2023-12-12,AAPL,,,,,,,0.00,,0,,,,,,,,,,0.4402,2023-12-11T12:18:00+00:00,702,1276
trade,2023-12-12,NVDA,Long,2023-12-12T14:36:00+00:00,2023-12-12T15:56:00+00:00,464.3178,471.5907,0.46,3.32,0.015663,4800000,SessionClose,0.4882,0.3494,0.4991,0.5184,0.4243,0.5897,0.1768,0.6147,,,
summary,2023-12-12,NVDA,,,,,,,3.32,,1,,,,,,,,,,0.8224,2023-12-12T14:45:00+00:00,821,1324
summary,2023-12-12,MSFT,,,,,,,0.00,,0,,,,,,,,,,0.6193,2023-12-11T15:50:00+00:00,765,1116
summary,2023-12-13,SPY,,,,,,,0.00,,0,,,,,,,,,,0.5091,2023-12-13T19:40:00+00:00,1485,2127
summary,2023-12-13,QQQ,,,,,,,0.00,,0,,,,,,,,,,0.5352,2023-12-11T18:04:00+00:00,1772,2256
summary,2023-12-13,AAPL,,,,,,,0.00,,0,,,,,,,,,,0.4402,2023-12-11T12:18:00+00:00,1248,1957
trade,2023-12-13,NVDA,Long,2023-12-13T14:31:00+00:00,2023-12-13T15:51:00+00:00,478.6520,482.1800,0.63,2.21,0.007371,4800000,ScoreExit,0.5850,-0.1330,0.6396,0.6142,0.5084,-0.5813,-0.3330,0.4166,,,
summary,2023-12-13,NVDA,,,,,,,2.21,,1,,,,,,,,,,0.8224,2023-12-12T14:45:00+00:00,1304,2072
summary,2023-12-13,MSFT,,,,,,,0.00,,0,,,,,,,,,,0.6193,2023-12-11T15:50:00+00:00,1149,1740
summary,2023-12-14,SPY,,,,,,,0.00,,0,,,,,,,,,,0.7666,2023-12-11T15:51:00+00:00,2050,2779
summary,2023-12-14,QQQ,,,,,,,0.00,,0,,,,,,,,,,0.8665,2023-12-11T15:52:00+00:00,2369,2928
trade,2023-12-14,AAPL,Long,2023-12-14T14:31:00+00:00,2023-12-14T15:56:00+00:00,198.7447,199.1652,1.51,0.63,0.002115,5100000,SessionClose,0.4713,0.1836,0.5621,0.4301,0.5235,0.4039,-0.0172,0.5119,,,
summary,2023-12-14,AAPL,,,,,,,0.63,,1,,,,,,,,,,0.5307,2023-12-12T00:23:00+00:00,1885,2576
summary,2023-12-14,MSFT,,,,,,,0.00,,0,,,,,,,,,,0.9587,2023-12-11T15:47:00+00:00,1462,2350
summary,2023-12-15,SPY,,,,,,,0.00,,0,,,,,,,,,,0.7826,2023-12-12T16:04:00+00:00,2008,2859
summary,2023-12-15,QQQ,,,,,,,0.00,,0,,,,,,,,,,0.8191,2023-12-12T16:04:00+00:00,2273,2961
summary,2023-12-15,AAPL,,,,,,,0.00,,0,,,,,,,,,,0.8947,2023-12-12T15:42:00+00:00,2051,2605
trade,2023-12-15,NVDA,Long,2023-12-15T14:31:00+00:00,2023-12-15T15:56:00+00:00,484.4219,491.9743,0.56,4.24,0.015591,5100000,SessionClose,0.4907,0.1184,0.5534,0.5051,0.4409,-0.4397,0.0231,0.4951,,,
summary,2023-12-15,NVDA,,,,,,,4.24,,1,,,,,,,,,,1.0000,2023-12-12T14:36:00+00:00,1940,2718
summary,2023-12-15,MSFT,,,,,,,0.00,,0,,,,,,,,,,0.7126,2023-12-12T16:03:00+00:00,1213,2452
summary,2023-12-18,SPY,,,,,,,0.00,,0,,,,,,,,,,0.7453,2023-12-15T15:53:00+00:00,712,1141
summary,2023-12-18,AAPL,,,,,,,0.00,,0,,,,,,,,,,0.5704,2023-12-15T15:22:00+00:00,234,1185
summary,2023-12-18,NVDA,,,,,,,0.00,,0,,,,,,,,,,1.0000,2023-12-15T14:33:00+00:00,779,1117
trade,2023-12-18,MSFT,Long,2023-12-18T15:21:00+00:00,2023-12-18T15:56:00+00:00,371.2692,370.7008,0.81,-0.46,-0.001531,2100000,SessionClose,0.4217,-0.0282,0.2590,0.4449,0.4295,-0.2560,-0.1806,0.3525,,,
summary,2023-12-18,MSFT,,,,,,,-0.46,,1,,,,,,,,,,1.0000,2023-12-15T14:36:00+00:00,780,999
summary,2023-12-19,SPY,,,,,,,0.00,,0,,,,,,,,,,0.4851,2023-12-18T10:33:00+00:00,870,1309
summary,2023-12-19,QQQ,,,,,,,0.00,,0,,,,,,,,,,0.4598,2023-12-18T17:19:00+00:00,960,1383
summary,2023-12-19,AAPL,,,,,,,0.00,,0,,,,,,,,,,0.5755,2023-12-18T18:29:00+00:00,769,1275
summary,2023-12-19,MSFT,,,,,,,0.00,,0,,,,,,,,,,0.6523,2023-12-18T15:27:00+00:00,721,1070
summary,2023-12-20,SPY,,,,,,,0.00,,0,,,,,,,,,,0.4851,2023-12-18T10:33:00+00:00,1296,2066
summary,2023-12-20,QQQ,,,,,,,0.00,,0,,,,,,,,,,0.4598,2023-12-18T17:19:00+00:00,1454,2171
trade,2023-12-20,AAPL,Long,2023-12-20T14:36:00+00:00,2023-12-20T15:56:00+00:00,197.1394,197.3455,1.52,0.31,0.001045,4800000,SessionClose,0.3926,0.0208,0.4663,0.4245,0.3041,-0.1464,-0.0875,0.2930,,,
summary,2023-12-20,AAPL,,,,,,,0.31,,1,,,,,,,,,,0.5755,2023-12-18T18:29:00+00:00,1197,1984
trade,2023-12-20,NVDA,Long,2023-12-20T14:33:00+00:00,2023-12-20T15:31:00+00:00,498.9098,497.2985,0.60,-0.97,-0.003230,3480000,ScoreExit,0.5107,-0.0794,0.6005,0.5952,0.3119,-0.5216,-0.1828,0.2748,,,
summary,2023-12-20,NVDA,,,,,,,-0.97,,1,,,,,,,,,,0.7244,2023-12-18T15:28:00+00:00,933,2111
summary,2023-12-20,MSFT,,,,,,,0.00,,0,,,,,,,,,,0.6523,2023-12-18T15:27:00+00:00,1078,1667
summary,2023-12-21,SPY,,,,,,,0.00,,0,,,,,,,,,,0.5001,2023-12-18T17:19:00+00:00,1271,2733
summary,2023-12-21,QQQ,,,,,,,0.00,,0,,,,,,,,,,0.5590,2023-12-18T17:19:00+00:00,1503,2818
summary,2023-12-21,AAPL,,,,,,,0.00,,0,,,,,,,,,,0.5926,2023-12-18T18:29:00+00:00,1267,2505
summary,2023-12-21,MSFT,,,,,,,0.00,,0,,,,,,,,,,0.8936,2023-12-18T15:27:00+00:00,1225,2180
summary,2023-12-22,SPY,,,,,,,0.00,,0,,,,,,,,,,0.7350,2023-12-19T16:04:00+00:00,1346,2808
summary,2023-12-22,QQQ,,,,,,,0.00,,0,,,,,,,,,,0.6222,2023-12-19T16:04:00+00:00,1315,2844
summary,2023-12-22,AAPL,,,,,,,0.00,,0,,,,,,,,,,0.5063,2023-12-19T15:32:00+00:00,546,2533
summary,2023-12-22,NVDA,,,,,,,0.00,,0,,,,,,,,,,0.8989,2023-12-19T14:32:00+00:00,947,2674
summary,2023-12-22,MSFT,,,,,,,0.00,,0,,,,,,,,,,0.5100,2023-12-19T20:59:00+00:00,1154,2187
summary,2023-12-25,SPY,,,,,,,0.00,,0,,,,,,,,,,0.3998,2023-12-22T14:40:00+00:00,97,499
summary,2023-12-25,QQQ,,,,,,,0.00,,0,,,,,,,,,,0.3630,2023-12-22T14:50:00+00:00,99,521
summary,2023-12-25,AAPL,,,,,,,0.00,,0,,,,,,,,,,0.4015,2023-12-22T14:53:00+00:00,16,502
summary,2023-12-25,NVDA,,,,,,,0.00,,0,,,,,,,,,,0.7701,2023-12-22T15:44:00+00:00,39,519
summary,2023-12-25,MSFT,,,,,,,0.00,,0,,,,,,,,,,0.7694,2023-12-22T15:40:00+00:00,293,474
summary,2023-12-26,SPY,,,,,,,0.00,,0,,,,,,,,,,0.4332,2023-12-26T11:04:00+00:00,357,557
summary,2023-12-26,QQQ,,,,,,,0.00,,0,,,,,,,,,,0.4081,2023-12-26T10:42:00+00:00,355,572
summary,2023-12-26,AAPL,,,,,,,0.00,,0,,,,,,,,,,0.3212,2023-12-26T20:27:00+00:00,92,522
trade,2023-12-26,NVDA,Long,2023-12-26T14:31:00+00:00,2023-12-26T15:30:00+00:00,490.8932,493.9162,0.61,1.85,0.006158,3540000,ScoreExit,0.4850,-0.0629,0.5751,0.5103,0.4043,-0.4555,-0.0592,0.0605,,,
summary,2023-12-26,NVDA,,,,,,,1.85,,1,,,,,,,,,,0.7914,2023-12-26T14:40:00+00:00,248,545
summary,2023-12-26,MSFT,,,,,,,0.00,,0,,,,,,,,,,0.4310,2023-12-26T14:42:00+00:00,102,471
summary,2023-12-27,SPY,,,,,,,0.00,,0,,,,,,,,,,0.4332,2023-12-26T11:04:00+00:00,780,1256
summary,2023-12-27,QQQ,,,,,,,0.00,,0,,,,,,,,,,0.4081,2023-12-26T10:42:00+00:00,845,1309
summary,2023-12-27,AAPL,,,,,,,0.00,,0,,,,,,,,,,0.3864,2023-12-27T18:48:00+00:00,350,1162
summary,2023-12-27,NVDA,,,,,,,0.00,,0,,,,,,,,,,0.7914,2023-12-26T14:40:00+00:00,690,1222
summary,2023-12-27,MSFT,,,,,,,0.00,,0,,,,,,,,,,0.4310,2023-12-26T14:42:00+00:00,336,985
summary,2023-12-28,SPY,,,,,,,0.00,,0,,,,,,,,,,0.4332,2023-12-26T11:04:00+00:00,1261,1992
summary,2023-12-28,QQQ,,,,,,,0.00,,0,,,,,,,,,,0.4081,2023-12-26T10:42:00+00:00,1290,2056
summary,2023-12-28,AAPL,,,,,,,0.00,,0,,,,,,,,,,0.3875,2023-12-28T14:44:00+00:00,830,1846
trade,2023-12-28,NVDA,Long,2023-12-28T15:46:00+00:00,2023-12-28T15:56:00+00:00,497.0394,497.7376,0.60,0.42,0.001405,600000,SessionClose,0.4486,0.2808,0.4452,0.4847,0.3777,0.0914,0.2639,0.3777,,,
summary,2023-12-28,NVDA,,,,,,,0.42,,1,,,,,,,,,,0.7914,2023-12-26T14:40:00+00:00,1136,1881
summary,2023-12-29,SPY,,,,,,,0.00,,0,,,,,,,,,,0.4143,2023-12-26T20:31:00+00:00,1471,2543
summary,2023-12-29,QQQ,,,,,,,0.00,,0,,,,,,,,,,0.4786,2023-12-26T20:32:00+00:00,1352,2574
summary,2023-12-29,AAPL,,,,,,,0.00,,0,,,,,,,,,,0.3927,2023-12-26T14:43:00+00:00,926,2354
summary,2023-12-29,MSFT,,,,,,,0.00,,0,,,,,,,,,,0.6256,2023-12-26T14:42:00+00:00,916,2028
