row_type,date,ticker,direction,entry_time,exit_time,entry_price,exit_price,size,pnl,pnl_pct,hold_duration_ms,exit_reason,entry_composite,exit_composite,entry_1m,entry_5m,entry_1h,exit_1m,exit_5m,exit_1h,max_composite,max_composite_time,positive_ticks,total_ticks
summary,2024-01-01,SPY,,,,,,,0.00,,0,,,,,,,,,,0.3048,2023-12-29T18:49:00+00:00,139,524
summary,2024-01-01,QQQ,,,,,,,0.00,,0,,,,,,,,,,0.3697,2023-12-29T18:49:00+00:00,117,518
summary,2024-01-01,AAPL,,,,,,,0.00,,0,,,,,,,,,,0.2988,2023-12-29T20:28:00+00:00,33,543
summary,2024-01-01,NVDA,,,,,,,0.00,,0,,,,,,,,,,0.7619,2023-12-29T18:49:00+00:00,146,555
summary,2024-01-01,MSFT,,,,,,,0.00,,0,,,,,,,,,,0.4216,2023-12-29T19:24:00+00:00,183,464
summary,2024-01-02,SPY,,,,,,,0.00,,0,,,,,,,,,,0.4159,2024-01-02T16:49:00+00:00,154,655
summary,2024-01-02,QQQ,,,,,,,0.00,,0,,,,,,,,,,0.3856,2024-01-02T21:00:00+00:00,74,658
summary,2024-01-02,AAPL,,,,,,,0.00,,0,,,,,,,,,,0.6821,2024-01-02T10:21:00+00:00,120,636
summary,2024-01-02,NVDA,,,,,,,0.00,,0,,,,,,,,,,0.6957,2024-01-02T16:46:00+00:00,266,618
summary,2024-01-02,MSFT,,,,,,,0.00,,0,,,,,,,,,,0.7736,2024-01-02T13:02:00+00:00,168,527
summary,2024-01-03,SPY,,,,,,,0.00,,0,,,,,,,,,,0.4159,2024-01-02T16:49:00+00:00,371,1444
summary,2024-01-03,QQQ,,,,,,,0.00,,0,,,,,,,,,,0.4025,2024-01-02T21:03:00+00:00,179,1490
summary,2024-01-03,AAPL,,,,,,,0.00,,0,,,,,,,,,,0.6821,2024-01-02T10:21:00+00:00,216,1436
trade,2024-01-03,NVDA,Long,2024-01-03T14:36:00+00:00,2024-01-03T15:56:00+00:00,479.6109,475.5699,0.63,-2.53,-0.008426,4800000,SessionClose,0.4177,0.0000,0.7235,0.5655,0.0202,0.1053,0.0510,-0.1655,,,
summary,2024-01-03,NVDA,,,,,,,-2.53,,1,,,,,,,,,,0.6957,2024-01-02T16:46:00+00:00,397,1377
trade,2024-01-03,MSFT,Long,2024-01-03T14:31:00+00:00,2024-01-03T15:56:00+00:00,369.4489,371.8056,0.81,1.91,0.006379,5100000,SessionClose,0.4827,0.2291,0.5618,0.5851,0.2514,0.4152,0.0758,0.4737,,,
summary,2024-01-03,MSFT,,,,,,,1.91,,1,,,,,,,,,,0.7736,2024-01-02T13:02:00+00:00,495,1134
summary,2024-01-04,SPY,,,,,,,0.00,,0,,,,,,,,,,0.4159,2024-01-02T16:49:00+00:00,395,2253
summary,2024-01-04,QQQ,,,,,,,0.00,,0,,,,,,,,,,0.4025,2024-01-02T21:03:00+00:00,179,2288
summary,2024-01-04,AAPL,,,,,,,0.00,,0,,,,,,,,,,0.6821,2024-01-02T10:21:00+00:00,216,2203
trade,2024-01-04,NVDA,Long,2024-01-04T15:31:00+00:00,2024-01-04T15:56:00+00:00,480.0485,480.8088,0.62,0.48,0.001584,1500000,SessionClose,0.4203,0.2228,0.4464,0.5245,0.2034,0.2489,0.2019,0.2560,,,
summary,2024-01-04,NVDA,,,,,,,0.48,,1,,,,,,,,,,0.6957,2024-01-02T16:46:00+00:00,676,2068
summary,2024-01-04,MSFT,,,,,,,0.00,,0,,,,,,,,,,0.7736,2024-01-02T13:02:00+00:00,661,1690
trade,2024-01-05,SPY,Long,2024-01-05T15:06:00+00:00,2024-01-05T15:56:00+00:00,469.8690,470.1859,0.64,0.20,0.000675,3000000,SessionClose,0.4046,0.1276,0.5424,0.5041,0.1597,0.4665,0.0384,0.1930,,,
summary,2024-01-05,SPY,,,,,,,0.20,,1,,,,,,,,,,0.4678,2024-01-02T17:00:00+00:00,539,2805
summary,2024-01-05,QQQ,,,,,,,0.00,,0,,,,,,,,,,0.3846,2024-01-02T16:46:00+00:00,238,2844
summary,2024-01-05,AAPL,,,,,,,0.00,,0,,,,,,,,,,0.7542,2024-01-02T14:32:00+00:00,100,2729
trade,2024-01-05,NVDA,Long,2024-01-05T15:58:00+00:00,2024-01-05T15:59:00+00:00,492.3019,492.3882,0.61,0.05,0.000175,60000,SessionClose,0.5278,0.5276,0.5284,0.4974,0.5885,0.5259,0.4974,0.5885,,,
summary,2024-01-05,NVDA,,,,,,,0.05,,1,,,,,,,,,,0.6593,2024-01-03T14:48:00+00:00,1250,2556
summary,2024-01-05,MSFT,,,,,,,0.00,,0,,,,,,,,,,0.6227,2024-01-03T14:48:00+00:00,755,2145
trade,2024-01-08,SPY,Long,2024-01-08T15:50:00+00:00,2024-01-08T15:56:00+00:00,470.8291,470.3409,0.64,-0.31,-0.001037,360000,SessionClose,0.4077,0.0902,0.5484,0.3664,0.4433,-0.2738,-0.0046,0.4013,,,
summary,2024-01-08,SPY,,,,,,,-0.31,,1,,,,,,,,,,0.7281,2024-01-05T15:52:00+00:00,608,1149
trade,2024-01-08,QQQ,Long,2024-01-08T14:32:00+00:00,2024-01-08T15:56:00+00:00,398.6547,401.5947,0.75,2.21,0.007375,5040000,SessionClose,0.4185,0.1794,0.5420,0.3979,0.4185,0.3380,-0.0154,0.5163,,,
summary,2024-01-08,QQQ,,,,,,,2.21,,1,,,,,,,,,,0.8122,2024-01-05T15:55:00+00:00,592,1185
trade,2024-01-08,AAPL,Long,2024-01-08T14:38:00+00:00,2024-01-08T15:56:00+00:00,182.2364,183.7182,1.65,2.44,0.008131,4680000,SessionClose,0.4307,0.1740,0.4011,0.3603,0.5814,0.5355,-0.0915,0.5846,,,
summary,2024-01-08,AAPL,,,,,,,2.44,,1,,,,,,,,,,0.7314,2024-01-05T15:59:00+00:00,585,1170
trade,2024-01-08,NVDA,Long,2024-01-08T14:31:00+00:00,2024-01-08T15:56:00+00:00,497.0144,514.3221,0.60,10.47,0.034823,5100000,SessionClose,0.6270,0.2765,0.5571,0.4543,0.9958,0.2137,-0.0080,0.8663,,,
summary,2024-01-08,NVDA,,,,,,,10.47,,1,,,,,,,,,,0.9755,2024-01-08T14:41:00+00:00,910,1162
trade,2024-01-08,MSFT,Long,2024-01-08T14:46:00+00:00,2024-01-08T15:44:00+00:00,370.8091,369.9510,0.81,-0.69,-0.002314,3480000,ScoreExit,0.4210,-0.1072,0.5708,0.3744,0.4644,-0.5265,-0.2320,0.2823,,,
summary,2024-01-08,MSFT,,,,,,,-0.69,,1,,,,,,,,,,0.8739,2024-01-05T16:01:00+00:00,545,962
summary,2024-01-09,SPY,,,,,,,0.00,,0,,,,,,,,,,0.6394,2024-01-08T10:34:00+00:00,1057,1425
summary,2024-01-09,QQQ,,,,,,,0.00,,0,,,,,,,,,,0.6935,2024-01-08T10:33:00+00:00,1199,1545
summary,2024-01-09,AAPL,,,,,,,0.00,,0,,,,,,,,,,0.7236,2024-01-08T11:34:00+00:00,1031,1371
trade,2024-01-09,NVDA,Long,2024-01-09T15:21:00+00:00,2024-01-09T15:56:00+00:00,523.8447,522.6654,0.42,-0.50,-0.002251,2100000,SessionClose,0.4760,0.2562,-0.0552,0.5404,0.5245,0.3656,0.1039,0.5245,,,
summary,2024-01-09,NVDA,,,,,,,-0.50,,1,,,,,,,,,,0.9742,2024-01-08T14:41:00+00:00,1247,1485
summary,2024-01-09,MSFT,,,,,,,0.00,,0,,,,,,,,,,0.8373,2024-01-08T11:52:00+00:00,850,1168
summary,2024-01-10,SPY,,,,,,,0.00,,0,,,,,,,,,,0.6394,2024-01-08T10:34:00+00:00,1566,2195
summary,2024-01-10,QQQ,,,,,,,0.00,,0,,,,,,,,,,0.6935,2024-01-08T10:33:00+00:00,1799,2388
summary,2024-01-10,AAPL,,,,,,,0.00,,0,,,,,,,,,,0.7236,2024-01-08T11:34:00+00:00,1440,2107
trade,2024-01-10,NVDA,Long,2024-01-10T14:31:00+00:00,2024-01-10T15:56:00+00:00,537.3925,544.5154,0.56,3.99,0.013255,5100000,SessionClose,0.5156,0.5698,0.5704,0.5466,0.4353,0.3962,0.6021,0.5633,,,
trade,2024-01-10,NVDA,Long,2024-01-10T15:58:00+00:00,2024-01-10T15:59:00+00:00,544.7915,545.4209,0.46,0.29,0.001155,60000,SessionClose,0.5630,0.5859,0.3278,0.6021,0.5633,0.5569,0.6021,0.5633,,,
summary,2024-01-10,NVDA,,,,,,,4.28,,2,,,,,,,,,,0.9742,2024-01-08T14:41:00+00:00,1923,2352
trade,2024-01-10,MSFT,Long,2024-01-10T14:31:00+00:00,2024-01-10T15:56:00+00:00,377.3355,381.5687,0.80,3.37,0.011219,5100000,SessionClose,0.4336,0.1668,0.4667,0.4454,0.3991,-0.1733,0.0755,0.4628,,,
summary,2024-01-10,MSFT,,,,,,,3.37,,1,,,,,,,,,,0.8373,2024-01-08T11:52:00+00:00,1356,1790
summary,2024-01-11,SPY,,,,,,,0.00,,0,,,,,,,,,,0.8019,2024-01-08T15:49:00+00:00,1957,2747
summary,2024-01-11,QQQ,,,,,,,0.00,,0,,,,,,,,,,0.9019,2024-01-08T15:49:00+00:00,2239,2969
summary,2024-01-11,AAPL,,,,,,,0.00,,0,,,,,,,,,,0.9828,2024-01-08T14:41:00+00:00,1775,2640
summary,2024-01-11,NVDA,,,,,,,0.00,,0,,,,,,,,,,1.0000,2024-01-08T14:37:00+00:00,2393,2999
summary,2024-01-11,MSFT,,,,,,,0.00,,0,,,,,,,,,,0.6107,2024-01-08T19:28:00+00:00,1769,2364
summary,2024-01-12,SPY,,,,,,,0.00,,0,,,,,,,,,,0.6054,2024-01-09T16:59:00+00:00,1812,2745
summary,2024-01-12,QQQ,,,,,,,0.00,,0,,,,,,,,,,0.7605,2024-01-09T16:03:00+00:00,2160,2941
summary,2024-01-12,AAPL,,,,,,,0.00,,0,,,,,,,,,,0.7096,2024-01-09T16:55:00+00:00,1742,2604
summary,2024-01-12,NVDA,,,,,,,0.00,,0,,,,,,,,,,0.8961,2024-01-09T15:23:00+00:00,2145,2938
summary,2024-01-12,MSFT,,,,,,,0.00,,0,,,,,,,,,,0.9582,2024-01-09T15:55:00+00:00,1845,2334
summary,2024-01-15,SPY,,,,,,,0.00,,0,,,,,,,,,,0.3764,2024-01-12T14:40:00+00:00,75,556
summary,2024-01-15,QQQ,,,,,,,0.00,,0,,,,,,,,,,0.4822,2024-01-12T14:45:00+00:00,115,501
summary,2024-01-15,AAPL,,,,,,,0.00,,0,,,,,,,,,,0.3980,2024-01-12T14:31:00+00:00,87,517
summary,2024-01-15,NVDA,,,,,,,0.00,,0,,,,,,,,,,0.8367,2024-01-12T14:33:00+00:00,238,552
summary,2024-01-15,MSFT,,,,,,,0.00,,0,,,,,,,,,,0.9170,2024-01-12T16:02:00+00:00,356,477
trade,2024-01-16,SPY,Long,2024-01-16T15:21:00+00:00,2024-01-16T15:56:00+00:00,475.6901,476.4047,0.63,0.45,0.001502,2100000,SessionClose,0.4207,0.3308,0.5052,0.4138,0.4063,0.4074,0.1962,0.5744,,,
summary,2024-01-16,SPY,,,,,,,0.45,,1,,,,,,,,,,0.4877,2024-01-16T15:24:00+00:00,216,621
trade,2024-01-16,QQQ,Long,2024-01-16T15:16:00+00:00,2024-01-16T15:56:00+00:00,408.9468,410.8228,0.73,1.38,0.004588,2400000,SessionClose,0.4237,0.4498,0.4989,0.4165,0.4130,0.0011,0.2494,1.0000,,,
trade,2024-01-16,QQQ,Long,2024-01-16T15:58:00+00:00,2024-01-16T15:59:00+00:00,410.9172,410.6928,0.73,-0.16,-0.000546,60000,SessionClose,0.4239,0.4128,-0.2573,0.2494,1.0000,-0.3350,0.2494,0.9888,,,
summary,2024-01-16,QQQ,,,,,,,1.21,,2,,,,,,,,,,0.6385,2024-01-16T15:24:00+00:00,326,656
trade,2024-01-16,AAPL,Long,2024-01-16T15:21:00+00:00,2024-01-16T15:56:00+00:00,182.2664,183.7282,1.65,2.41,0.008020,2100000,SessionClose,0.3754,0.6119,0.5318,0.3517,0.3706,0.4054,0.4523,1.0000,,,
trade,2024-01-16,AAPL,Long,2024-01-16T15:58:00+00:00,2024-01-16T15:59:00+00:00,183.8318,183.7287,1.63,-0.17,-0.000560,60000,SessionClose,0.6139,0.5967,0.4256,0.4523,1.0000,0.2527,0.4523,1.0000,,,
summary,2024-01-16,AAPL,,,,,,,2.24,,2,,,,,,,,,,0.6833,2024-01-16T15:48:00+00:00,229,626
trade,2024-01-16,NVDA,Long,2024-01-16T14:31:00+00:00,2024-01-16T15:56:00+00:00,550.9552,565.8918,0.49,7.33,0.027110,5100000,SessionClose,0.5247,0.6147,0.4755,0.5254,0.5398,0.3760,0.4618,1.0000,,,
trade,2024-01-16,NVDA,Long,2024-01-16T15:58:00+00:00,2024-01-16T15:59:00+00:00,565.9762,565.4773,0.43,-0.22,-0.000881,60000,SessionClose,0.5946,0.5734,0.1754,0.4618,1.0000,-0.0373,0.4618,1.0000,,,
summary,2024-01-16,NVDA,,,,,,,7.12,,2,,,,,,,,,,0.7994,2024-01-16T15:53:00+00:00,516,640
summary,2024-01-16,MSFT,,,,,,,0.00,,0,,,,,,,,,,0.8159,2024-01-16T10:23:00+00:00,235,582
summary,2024-01-17,SPY,,,,,,,0.00,,0,,,,,,,,,,0.4877,2024-01-16T15:24:00+00:00,345,1393
summary,2024-01-17,QQQ,,,,,,,0.00,,0,,,,,,,,,,0.6385,2024-01-16T15:24:00+00:00,556,1506
summary,2024-01-17,AAPL,,,,,,,0.00,,0,,,,,,,,,,0.6833,2024-01-16T15:48:00+00:00,484,1350
trade,2024-01-17,NVDA,Long,2024-01-17T16:00:00+00:00,2024-01-17T16:01:00+00:00,556.5026,556.6836,0.45,0.08,0.000325,60000,SessionClose,0.4090,0.5157,0.5693,0.5615,0.0505,0.5988,0.7048,0.1098,,,
summary,2024-01-17,NVDA,,,,,,,0.08,,1,,,,,,,,,,0.7994,2024-01-16T15:53:00+00:00,1128,1515
summary,2024-01-17,MSFT,,,,,,,0.00,,0,,,,,,,,,,0.8159,2024-01-16T10:23:00+00:00,544,1242
summary,2024-01-18,SPY,,,,,,,0.00,,0,,,,,,,,,,0.4877,2024-01-16T15:24:00+00:00,884,2192
summary,2024-01-18,QQQ,,,,,,,0.00,,0,,,,,,,,,,0.6385,2024-01-16T15:24:00+00:00,1227,2375
trade,2024-01-18,AAPL,Long,2024-01-18T14:49:00+00:00,2024-01-18T15:56:00+00:00,186.9974,187.9424,1.61,1.52,0.005054,4020000,SessionClose,0.3641,0.4350,0.3792,0.2982,0.4909,0.5423,0.3814,0.5064,,,
trade,2024-01-18,AAPL,Long,2024-01-18T15:58:00+00:00,2024-01-18T15:59:00+00:00,187.8726,187.8898,1.60,0.03,0.000092,60000,SessionClose,0.3623,0.4123,-0.1845,0.3814,0.5064,0.3153,0.3814,0.5064,,,
summary,2024-01-18,AAPL,,,,,,,1.55,,2,,,,,,,,,,0.6833,2024-01-16T15:48:00+00:00,991,2112
trade,2024-01-18,NVDA,Long,2024-01-18T15:46:00+00:00,2024-01-18T15:56:00+00:00,573.4997,574.8400,0.52,0.70,0.002337,600000,SessionClose,0.4475,0.2920,0.4897,0.4406,0.4473,0.1201,0.2430,0.4473,,,
summary,2024-01-18,NVDA,,,,,,,0.70,,1,,,,,,,,,,0.7994,2024-01-16T15:53:00+00:00,1726,2363
summary,2024-01-18,MSFT,,,,,,,0.00,,0,,,,,,,,,,0.8159,2024-01-16T10:23:00+00:00,981,1899
summary,2024-01-19,SPY,,,,,,,0.00,,0,,,,,,,,,,0.8418,2024-01-16T15:41:00+00:00,1389,2799
summary,2024-01-19,QQQ,,,,,,,0.00,,0,,,,,,,,,,0.9554,2024-01-16T15:48:00+00:00,1728,3008
trade,2024-01-19,AAPL,Long,2024-01-19T15:27:00+00:00,2024-01-19T15:56:00+00:00,189.8530,190.0270,1.58,0.28,0.000917,1740000,SessionClose,0.3512,0.1757,0.5579,0.3438,0.2971,0.4240,0.0736,0.2971,,,
summary,2024-01-19,AAPL,,,,,,,0.28,,1,,,,,,,,,,0.9584,2024-01-16T15:48:00+00:00,1696,2723
trade,2024-01-19,NVDA,Long,2024-01-19T15:36:00+00:00,2024-01-19T15:56:00+00:00,578.7838,580.4089,0.42,0.68,0.002808,1200000,SessionClose,0.4387,0.3892,0.4703,0.4947,0.3160,0.4800,0.4106,0.3160,,,
summary,2024-01-19,NVDA,,,,,,,0.68,,1,,,,,,,,,,1.0000,2024-01-16T14:35:00+00:00,2264,3009
summary,2024-01-19,MSFT,,,,,,,0.00,,0,,,,,,,,,,0.5579,2024-01-18T09:01:00+00:00,1260,2418
trade,2024-01-22,SPY,Long,2024-01-22T14:34:00+00:00,2024-01-22T15:29:00+00:00,484.7719,484.2482,0.62,-0.32,-0.001080,3300000,ScoreExit,0.4004,-0.0668,0.5585,0.3590,0.4305,-0.5334,-0.2176,0.3903,,,
summary,2024-01-22,SPY,,,,,,,-0.32,,1,,,,,,,,,,0.5943,2024-01-19T16:03:00+00:00,1037,1208
trade,2024-01-22,QQQ,Long,2024-01-22T14:34:00+00:00,2024-01-22T14:41:00+00:00,424.3799,423.4203,0.71,-0.68,-0.002261,420000,ScoreExit,0.4006,-0.0696,0.5398,0.3691,0.4173,-0.4842,-0.2440,0.4173,,,
summary,2024-01-22,QQQ,,,,,,,-0.68,,1,,,,,,,,,,0.5970,2024-01-19T19:13:00+00:00,1045,1254
summary,2024-01-22,AAPL,,,,,,,0.00,,0,,,,,,,,,,0.5906,2024-01-19T18:40:00+00:00,1005,1157
trade,2024-01-22,NVDA,Long,2024-01-22T14:32:00+00:00,2024-01-22T14:41:00+00:00,599.5243,598.2203,0.49,-0.64,-0.002175,540000,ScoreExit,0.4069,-0.1660,-0.0509,0.3942,0.5850,-0.4268,-0.4979,0.5850,,,
summary,2024-01-22,NVDA,,,,,,,-0.64,,1,,,,,,,,,,0.9551,2024-01-19T15:44:00+00:00,1101,1269
summary,2024-01-22,MSFT,,,,,,,0.00,,0,,,,,,,,,,0.6032,2024-01-19T20:59:00+00:00,794,1164
summary,2024-01-23,SPY,,,,,,,0.00,,0,,,,,,,,,,0.4726,2024-01-22T10:13:00+00:00,638,1348
summary,2024-01-23,QQQ,,,,,,,0.00,,0,,,,,,,,,,0.4774,2024-01-22T10:14:00+00:00,639,1526
summary,2024-01-23,AAPL,,,,,,,0.00,,0,,,,,,,,,,0.7258,2024-01-22T10:29:00+00:00,749,1309
summary,2024-01-23,NVDA,,,,,,,0.00,,0,,,,,,,,,,0.6862,2024-01-22T16:24:00+00:00,768,1433
summary,2024-01-23,MSFT,,,,,,,0.00,,0,,,,,,,,,,0.5213,2024-01-22T10:14:00+00:00,523,1175
summary,2024-01-24,SPY,,,,,,,0.00,,0,,,,,,,,,,0.4726,2024-01-22T10:13:00+00:00,1141,2141
trade,2024-01-24,QQQ,Long,2024-01-24T15:36:00+00:00,2024-01-24T15:56:00+00:00,428.3707,428.1294,0.70,-0.17,-0.000563,1200000,SessionClose,0.4263,0.1487,0.5507,0.4382,0.3611,-0.5615,0.1608,0.3611,,,
summary,2024-01-24,QQQ,,,,,,,-0.17,,1,,,,,,,,,,0.4774,2024-01-22T10:14:00+00:00,1280,2387
trade,2024-01-24,AAPL,Long,2024-01-24T15:21:00+00:00,2024-01-24T15:56:00+00:00,195.6791,195.8158,1.53,0.21,0.000699,2100000,SessionClose,0.3515,0.1483,0.5507,0.3048,0.3785,-0.4988,0.1410,0.3785,,,
summary,2024-01-24,AAPL,,,,,,,0.21,,1,,,,,,,,,,0.7258,2024-01-22T10:29:00+00:00,1240,2060
trade,2024-01-24,NVDA,Long,2024-01-24T14:46:00+00:00,2024-01-24T15:56:00+00:00,602.6305,616.4405,0.46,6.39,0.022916,4200000,SessionClose,0.4389,0.3210,0.3153,0.4104,0.5371,-0.0889,0.2456,0.6083,,,
summary,2024-01-24,NVDA,,,,,,,6.39,,1,,,,,,,,,,0.8086,2024-01-24T15:24:00+00:00,1376,2270
trade,2024-01-24,MSFT,Long,2024-01-24T15:04:00+00:00,2024-01-24T15:56:00+00:00,402.8055,403.5750,0.74,0.57,0.001910,3120000,SessionClose,0.4026,-0.0165,0.5566,0.4045,0.3476,-0.5464,-0.1102,0.3476,,,
summary,2024-01-24,MSFT,,,,,,,0.57,,1,,,,,,,,,,0.5213,2024-01-22T10:14:00+00:00,1039,1866
summary,2024-01-25,SPY,,,,,,,0.00,,0,,,,,,,,,,0.3988,2024-01-24T09:06:00+00:00,1264,2664
summary,2024-01-25,QQQ,,,,,,,0.00,,0,,,,,,,,,,0.4593,2024-01-24T09:08:00+00:00,1587,2959
trade,2024-01-25,AAPL,Long,2024-01-25T15:42:00+00:00,2024-01-25T15:56:00+00:00,195.4941,195.2659,1.54,-0.35,-0.001167,840000,SessionClose,0.3618,0.1341,0.5231,0.3699,0.2919,-0.4732,0.1678,0.2690,,,
summary,2024-01-25,AAPL,,,,,,,-0.35,,1,,,,,,,,,,1.0000,2024-01-22T14:34:00+00:00,1270,2581
trade,2024-01-25,NVDA,Long,2024-01-25T15:29:00+00:00,2024-01-25T15:56:00+00:00,625.5640,624.2701,0.28,-0.36,-0.002068,1620000,SessionClose,0.4152,0.2500,0.6236,0.3805,0.4151,-0.1544,0.2348,0.4151,,,
summary,2024-01-25,NVDA,,,,,,,-0.36,,1,,,,,,,,,,1.0000,2024-01-22T14:34:00+00:00,1756,2858
trade,2024-01-25,MSFT,Long,2024-01-25T15:23:00+00:00,2024-01-25T15:56:00+00:00,406.5613,406.4137,0.74,-0.11,-0.000363,1980000,SessionClose,0.4033,0.3596,0.5821,0.3872,0.3760,-0.0233,0.4152,0.3760,,,
trade,2024-01-25,MSFT,Long,2024-01-25T15:58:00+00:00,2024-01-25T15:59:00+00:00,407.0284,406.8736,0.74,-0.11,-0.000380,60000,SessionClose,0.4156,0.4166,0.5373,0.4152,0.3760,0.5466,0.4152,0.3760,,,
summary,2024-01-25,MSFT,,,,,,,-0.22,,2,,,,,,,,,,0.5081,2024-01-22T16:24:00+00:00,1382,2363
summary,2024-01-26,SPY,,,,,,,0.00,,0,,,,,,,,,,0.4793,2024-01-24T00:58:00+00:00,1653,2796
summary,2024-01-26,QQQ,,,,,,,0.00,,0,,,,,,,,,,0.5497,2024-01-24T00:58:00+00:00,1601,3059
summary,2024-01-26,AAPL,,,,,,,0.00,,0,,,,,,,,,,0.4359,2024-01-24T15:44:00+00:00,843,2648
trade,2024-01-26,NVDA,Long,2024-01-26T15:26:00+00:00,2024-01-26T15:56:00+00:00,612.8175,617.5315,0.30,1.43,0.007692,1800000,SessionClose,0.4128,0.5780,0.3603,0.4652,0.3256,0.6325,0.6175,0.4808,,,
trade,2024-01-26,NVDA,Long,2024-01-26T15:58:00+00:00,2024-01-26T15:59:00+00:00,616.7383,616.6716,0.35,-0.02,-0.000108,60000,SessionClose,0.5346,0.5514,0.1979,0.6175,0.4808,0.3663,0.6175,0.4808,,,
summary,2024-01-26,NVDA,,,,,,,1.40,,2,,,,,,,,,,0.9508,2024-01-23T16:04:00+00:00,1993,2990
summary,2024-01-26,MSFT,,,,,,,0.00,,0,,,,,,,,,,0.5889,2024-01-23T18:02:00+00:00,1762,2440
summary,2024-01-29,SPY,,,,,,,0.00,,0,,,,,,,,,,0.7775,2024-01-26T15:50:00+00:00,549,1111
summary,2024-01-29,QQQ,,,,,,,0.00,,0,,,,,,,,,,0.8829,2024-01-26T15:59:00+00:00,584,1206
summary,2024-01-29,AAPL,,,,,,,0.00,,0,,,,,,,,,,0.5205,2024-01-26T15:03:00+00:00,131,1095
trade,2024-01-29,NVDA,Long,2024-01-29T14:41:00+00:00,2024-01-29T15:56:00+00:00,614.9080,616.0568,0.49,0.56,0.001868,4500000,SessionClose,0.4507,0.0362,0.6137,0.3675,0.5627,0.2650,-0.2455,0.5233,,,
summary,2024-01-29,NVDA,,,,,,,0.56,,1,,,,,,,,,,0.9633,2024-01-26T15:55:00+00:00,691,1154
trade,2024-01-29,MSFT,Long,2024-01-29T14:46:00+00:00,2024-01-29T15:26:00+00:00,407.2364,405.9738,0.74,-0.93,-0.003101,2400000,ScoreExit,0.4359,-0.0563,0.5816,0.3869,0.4854,-0.5331,-0.1683,0.3266,,,
summary,2024-01-29,MSFT,,,,,,,-0.93,,1,,,,,,,,,,0.8854,2024-01-26T15:49:00+00:00,640,1052
summary,2024-01-30,SPY,,,,,,,0.00,,0,,,,,,,,,,0.4614,2024-01-29T20:23:00+00:00,913,1406
summary,2024-01-30,QQQ,,,,,,,0.00,,0,,,,,,,,,,0.4638,2024-01-29T20:19:00+00:00,927,1547
trade,2024-01-30,AAPL,Long,2024-01-30T14:32:00+00:00,2024-01-30T15:56:00+00:00,191.3733,188.3373,1.57,-4.76,-0.015864,5040000,SessionClose,0.3558,0.0000,0.5725,0.4228,0.1495,-0.5272,-0.4214,-0.1926,,,
summary,2024-01-30,AAPL,,,,,,,-4.76,,1,,,,,,,,,,0.4430,2024-01-29T12:04:00+00:00,338,1335
trade,2024-01-30,NVDA,Long,2024-01-30T15:08:00+00:00,2024-01-30T15:53:00+00:00,630.6261,630.1689,0.29,-0.13,-0.000725,2700000,ScoreExit,0.4045,-0.0583,0.6096,0.3433,0.4587,-0.5384,-0.2367,0.4587,,,
summary,2024-01-30,NVDA,,,,,,,-0.13,,1,,,,,,,,,,0.6705,2024-01-29T15:19:00+00:00,962,1474
summary,2024-01-30,MSFT,,,,,,,0.00,,0,,,,,,,,,,0.9874,2024-01-29T09:03:00+00:00,972,1412
summary,2024-01-31,SPY,,,,,,,0.00,,0,,,,,,,,,,0.4614,2024-01-29T20:23:00+00:00,1005,2254
summary,2024-01-31,QQQ,,,,,,,0.00,,0,,,,,,,,,,0.4638,2024-01-29T20:19:00+00:00,979,2471
summary,2024-01-31,AAPL,,,,,,,0.00,,0,,,,,,,,,,0.4430,2024-01-29T12:04:00+00:00,338,2136
trade,2024-01-31,NVDA,Long,2024-01-31T14:49:00+00:00,2024-01-31T15:56:00+00:00,619.1988,608.6133,0.29,-3.11,-0.017096,4020000,SessionClose,0.4102,0.0000,0.5981,0.5828,0.0024,0.0811,-0.4913,-0.2014,,,
summary,2024-01-31,NVDA,,,,,,,-3.11,,1,,,,,,,,,,0.6705,2024-01-29T15:19:00+00:00,1108,2387
trade,2024-01-31,MSFT,Long,2024-01-31T14:31:00+00:00,2024-01-31T14:46:00+00:00,410.7671,407.7284,0.65,-1.98,-0.007398,900000,ScoreExit,0.5867,-0.1117,0.6882,0.7037,0.3189,-0.6406,-0.1333,0.1077,,,
summary,2024-01-31,MSFT,,,,,,,-1.98,,1,,,,,,,,,,0.9874,2024-01-29T09:03:00+00:00,1122,2303
summary,2024-02-01,SPY,,,,,,,0.00,,0,,,,,,,,,,0.6247,2024-01-29T20:23:00+00:00,1222,2900
summary,2024-02-01,QQQ,,,,,,,0.00,,0,,,,,,,,,,0.6211,2024-01-29T20:19:00+00:00,1024,3091
summary,2024-02-01,AAPL,,,,,,,0.00,,0,,,,,,,,,,0.5609,2024-01-29T20:20:00+00:00,329,2730
trade,2024-02-01,NVDA,Long,2024-02-01T15:30:00+00:00,2024-02-01T15:51:00+00:00,623.2236,622.1455,0.41,-0.44,-0.001730,1260000,ScoreExit,0.4016,-0.0570,0.5742,0.4876,0.1722,-0.2502,-0.1186,0.1306,,,
summary,2024-02-01,NVDA,,,,,,,-0.44,,1,,,,,,,,,,1.0000,2024-01-29T14:41:00+00:00,1609,2972
trade,2024-02-01,MSFT,Long,2024-02-01T14:32:00+00:00,2024-02-01T15:35:00+00:00,403.9658,406.0138,0.74,1.52,0.005070,3780000,ScoreExit,0.4156,-0.0609,0.6042,0.5595,0.0649,-0.4662,-0.0799,0.1122,,,
summary,2024-02-01,MSFT,,,,,,,1.52,,1,,,,,,,,,,0.9022,2024-01-29T14:51:00+00:00,1204,2930
summary,2024-02-02,SPY,,,,,,,0.00,,0,,,,,,,,,,0.4298,2024-02-01T21:49:00+00:00,1002,2934
trade,2024-02-02,QQQ,Long,2024-02-02T15:23:00+00:00,2024-02-02T15:56:00+00:00,426.2302,427.1695,0.70,0.66,0.002204,1980000,SessionClose,0.4040,0.2401,0.5161,0.4480,0.2787,0.3489,0.2027,0.2787,,,
summary,2024-02-02,QQQ,,,,,,,0.66,,1,,,,,,,,,,0.5012,2024-02-01T21:29:00+00:00,905,3098
trade,2024-02-02,AAPL,Long,2024-02-02T15:01:00+00:00,2024-02-02T15:56:00+00:00,182.8016,185.5479,1.64,4.51,0.015024,3300000,SessionClose,0.3737,0.4787,0.2697,0.4546,0.2464,0.5406,0.5241,0.3673,,,
trade,2024-02-02,AAPL,Long,2024-02-02T15:58:00+00:00,2024-02-02T15:59:00+00:00,185.9622,185.5179,1.62,-0.72,-0.002389,60000,SessionClose,0.4988,0.4372,0.5813,0.5241,0.4206,0.1427,0.5241,0.3617,,,
summary,2024-02-02,AAPL,,,,,,,3.79,,2,,,,,,,,,,0.5342,2024-02-02T16:13:00+00:00,504,2877
trade,2024-02-02,NVDA,Long,2024-02-02T14:34:00+00:00,2024-02-02T15:56:00+00:00,640.6391,652.5645,0.38,4.54,0.018615,4920000,SessionClose,0.4676,0.1796,0.5353,0.3417,0.6969,0.0850,-0.0600,0.6904,,,
summary,2024-02-02,NVDA,,,,,,,4.54,,1,,,,,,,,,,0.8965,2024-01-30T15:23:00+00:00,1769,2976
trade,2024-02-02,MSFT,Long,2024-02-02T14:43:00+00:00,2024-02-02T15:56:00+00:00,408.3817,408.4533,0.73,0.05,0.000175,4380000,SessionClose,0.4171,0.0176,0.5751,0.4413,0.3161,-0.0578,-0.1221,0.3220,,,
summary,2024-02-02,MSFT,,,,,,,0.05,,1,,,,,,,,,,0.8612,2024-01-30T23:08:00+00:00,1023,2855
summary,2024-02-05,SPY,,,,,,,0.00,,0,,,,,,,,,,0.8604,2024-02-02T15:44:00+00:00,750,1184
summary,2024-02-05,QQQ,,,,,,,0.00,,0,,,,,,,,,,0.9324,2024-02-02T15:44:00+00:00,853,1244
trade,2024-02-05,AAPL,Long,2024-02-05T15:11:00+00:00,2024-02-05T15:56:00+00:00,187.9426,186.6677,1.60,-2.04,-0.006784,2700000,SessionClose,0.4781,0.2330,0.5845,0.3967,0.6055,0.5673,-0.0090,0.6055,,,
summary,2024-02-05,AAPL,,,,,,,-2.04,,1,,,,,,,,,,1.0000,2024-02-02T14:31:00+00:00,1072,1237
trade,2024-02-05,NVDA,Long,2024-02-05T14:31:00+00:00,2024-02-05T15:40:00+00:00,678.3905,677.6894,0.23,-0.16,-0.001033,4140000,ScoreExit,0.6146,-0.3105,-0.6019,0.6341,0.9810,-0.6107,-0.7848,0.7383,,,
summary,2024-02-05,NVDA,,,,,,,-0.16,,1,,,,,,,,,,1.0000,2024-02-02T14:36:00+00:00,1185,1301
summary,2024-02-05,MSFT,,,,,,,0.00,,0,,,,,,,,,,1.0000,2024-02-02T14:34:00+00:00,527,1051
summary,2024-02-06,SPY,,,,,,,0.00,,0,,,,,,,,,,0.7076,2024-02-05T10:41:00+00:00,789,1352
summary,2024-02-06,QQQ,,,,,,,0.00,,0,,,,,,,,,,0.7066,2024-02-05T10:34:00+00:00,834,1527
trade,2024-02-06,AAPL,Long,2024-02-06T14:43:00+00:00,2024-02-06T15:39:00+00:00,187.9726,187.8674,1.60,-0.17,-0.000559,3360000,ScoreExit,0.3527,-0.0872,0.5319,0.3620,0.2741,-0.3475,-0.2056,0.2364,,,
summary,2024-02-06,AAPL,,,,,,,-0.17,,1,,,,,,,,,,0.6261,2024-02-05T17:44:00+00:00,977,1385
summary,2024-02-06,NVDA,,,,,,,0.00,,0,,,,,,,,,,0.9626,2024-02-05T10:34:00+00:00,1110,1632
summary,2024-02-06,MSFT,,,,,,,0.00,,0,,,,,,,,,,0.4706,2024-02-05T09:43:00+00:00,347,1205
summary,2024-02-07,SPY,,,,,,,0.00,,0,,,,,,,,,,0.7076,2024-02-05T10:41:00+00:00,1363,2110
trade,2024-02-07,QQQ,Long,2024-02-07T15:22:00+00:00,2024-02-07T15:56:00+00:00,431.5513,431.8686,0.70,0.22,0.000735,2040000,SessionClose,0.4086,0.0814,0.5122,0.4131,0.3652,-0.5021,0.0367,0.3652,,,
summary,2024-02-07,QQQ,,,,,,,0.22,,1,,,,,,,,,,0.7066,2024-02-05T10:34:00+00:00,1419,2354
summary,2024-02-07,AAPL,,,,,,,0.00,,0,,,,,,,,,,0.6261,2024-02-05T17:44:00+00:00,1545,2148
trade,2024-02-07,NVDA,Long,2024-02-07T14:46:00+00:00,2024-02-07T15:56:00+00:00,681.6013,690.0220,0.18,1.55,0.012354,4200000,SessionClose,0.4411,-0.0905,0.4130,0.5669,0.1989,-0.5922,-0.2548,0.4053,,,
summary,2024-02-07,NVDA,,,,,,,1.55,,1,,,,,,,,,,0.9626,2024-02-05T10:34:00+00:00,1533,2513
trade,2024-02-07,MSFT,Long,2024-02-07T14:41:00+00:00,2024-02-07T15:56:00+00:00,408.8523,410.9728,0.73,1.56,0.005187,4500000,SessionClose,0.4169,0.0815,0.4710,0.4515,0.3297,-0.5423,0.0182,0.4159,,,
summary,2024-02-07,MSFT,,,,,,,1.56,,1,,,,,,,,,,0.4809,2024-02-07T15:29:00+00:00,837,1817
summary,2024-02-08,SPY,,,,,,,0.00,,0,,,,,,,,,,0.4791,2024-02-05T19:46:00+00:00,1738,2644
summary,2024-02-08,QQQ,,,,,,,0.00,,0,,,,,,,,,,0.5281,2024-02-05T17:39:00+00:00,1900,2878
summary,2024-02-08,AAPL,,,,,,,0.00,,0,,,,,,,,,,0.8982,2024-02-05T15:14:00+00:00,1723,2556
summary,2024-02-09,SPY,,,,,,,0.00,,0,,,,,,,,,,0.4427,2024-02-07T15:29:00+00:00,1886,2682
summary,2024-02-12,AAPL,,,,,,,0.00,,0,,,,,,,,,,0.6585,2024-02-09T16:44:00+00:00,255,1095
summary,2024-02-12,MSFT,,,,,,,0.00,,0,,,,,,,,,,0.9545,2024-02-09T15:41:00+00:00,632,1001
summary,2024-02-13,QQQ,,,,,,,0.00,,0,,,,,,,,,,0.5118,2024-02-12T16:34:00+00:00,207,1506
trade,2024-02-13,NVDA,Long,2024-02-13T15:06:00+00:00,2024-02-13T15:56:00+00:00,711.5672,730.0890,0.14,2.52,0.026030,3000000,SessionClose,0.4100,0.4975,0.3235,0.4514,0.3561,-0.2829,0.5107,0.7311,,,
trade,2024-02-13,NVDA,Long,2024-02-13T15:58:00+00:00,2024-02-13T15:59:00+00:00,728.2106,727.1195,0.15,-0.16,-0.001498,60000,SessionClose,0.4511,0.4412,-0.6897,0.5107,0.7120,-0.6695,0.5107,0.6723,,,
summary,2024-02-13,NVDA,,,,,,,2.36,,2,,,,,,,,,,0.8872,2024-02-12T15:59:00+00:00,473,1551
summary,2024-02-13,MSFT,,,,,,,0.00,,0,,,,,,,,,,0.5764,2024-02-12T09:51:00+00:00,180,1180
summary,2024-02-14,SPY,,,,,,,0.00,,0,,,,,,,,,,0.6591,2024-02-12T11:17:00+00:00,800,2202
summary,2024-02-14,QQQ,,,,,,,0.00,,0,,,,,,,,,,0.5118,2024-02-12T16:34:00+00:00,593,2396
summary,2024-02-14,AAPL,,,,,,,0.00,,0,,,,,,,,,,0.5990,2024-02-12T09:07:00+00:00,223,1971
summary,2024-02-14,MSFT,,,,,,,0.00,,0,,,,,,,,,,0.5764,2024-02-12T09:51:00+00:00,214,1859
summary,2024-02-15,SPY,,,,,,,0.00,,0,,,,,,,,,,0.7333,2024-02-12T15:54:00+00:00,1158,2799
summary,2024-02-15,AAPL,,,,,,,0.00,,0,,,,,,,,,,0.4127,2024-02-15T20:57:00+00:00,236,2603
trade,2024-02-15,NVDA,Long,2024-02-15T15:46:00+00:00,2024-02-15T15:56:00+00:00,732.6765,732.3085,0.24,-0.09,-0.000502,600000,SessionClose,0.4102,0.3452,0.1178,0.5710,0.1859,-0.4074,0.5503,0.1859,,,
summary,2024-02-15,NVDA,,,,,,,-0.09,,1,,,,,,,,,,1.0000,2024-02-12T14:33:00+00:00,1568,3007
summary,2024-02-15,MSFT,,,,,,,0.00,,0,,,,,,,,,,0.7990,2024-02-12T15:59:00+00:00,309,2381
trade,2024-02-16,AAPL,Long,2024-02-16T14:36:00+00:00,2024-02-16T15:56:00+00:00,184.1718,182.8584,1.63,-2.14,-0.007131,4800000,SessionClose,0.3899,0.0000,0.5887,0.5063,0.0909,-0.0856,0.1458,-0.0304,,,
summary,2024-02-16,AAPL,,,,,,,-2.14,,1,,,,,,,,,,0.9558,2024-02-13T15:54:00+00:00,755,2755
summary,2024-02-16,NVDA,,,,,,,0.00,,0,,,,,,,,,,1.0000,2024-02-13T14:32:00+00:00,2163,3003
summary,2024-02-16,MSFT,,,,,,,0.00,,0,,,,,,,,,,0.9529,2024-02-13T15:41:00+00:00,1152,2388
summary,2024-02-19,QQQ,,,,,,,0.00,,0,,,,,,,,,,0.5018,2024-02-16T16:20:00+00:00,174,540
summary,2024-02-19,AAPL,,,,,,,0.00,,0,,,,,,,,,,1.0000,2024-02-16T14:37:00+00:00,75,549
summary,2024-02-19,NVDA,,,,,,,0.00,,0,,,,,,,,,,1.0000,2024-02-16T14:36:00+00:00,188,610
summary,2024-02-20,SPY,,,,,,,0.00,,0,,,,,,,,,,0.3549,2024-02-20T19:49:00+00:00,162,636
summary,2024-02-20,QQQ,,,,,,,0.00,,0,,,,,,,,,,0.4079,2024-02-20T20:59:00+00:00,186,694
summary,2024-02-20,AAPL,,,,,,,0.00,,0,,,,,,,,,,0.5501,2024-02-20T12:14:00+00:00,240,588
summary,2024-02-20,NVDA,,,,,,,0.00,,0,,,,,,,,,,0.8562,2024-02-20T19:49:00+00:00,211,711
summary,2024-02-21,AAPL,,,,,,,0.00,,0,,,,,,,,,,0.5501,2024-02-20T12:14:00+00:00,739,1328
summary,2024-02-21,NVDA,,,,,,,0.00,,0,,,,,,,,,,0.8562,2024-02-20T19:49:00+00:00,257,1612
summary,2024-02-21,MSFT,,,,,,,0.00,,0,,,,,,,,,,0.6309,2024-02-20T13:12:00+00:00,468,1177
trade,2024-02-22,SPY,Long,2024-02-22T15:31:00+00:00,2024-02-22T15:46:00+00:00,505.4861,504.5241,0.59,-0.57,-0.001903,900000,ScoreExit,0.4038,-0.0518,0.5561,0.3997,0.3611,-0.5382,-0.1771,0.3611,,,
summary,2024-02-22,SPY,,,,,,,-0.57,,1,,,,,,,,,,0.4522,2024-02-21T20:55:00+00:00,1321,2309
summary,2024-02-22,AAPL,,,,,,,0.00,,0,,,,,,,,,,0.5501,2024-02-20T12:14:00+00:00,1355,2158
trade,2024-02-22,MSFT,Long,2024-02-22T14:41:00+00:00,2024-02-22T15:46:00+00:00,411.4673,410.0530,0.73,-1.03,-0.003437,3900000,ScoreExit,0.4464,-0.1118,0.6164,0.4070,0.4686,-0.5907,-0.2867,0.3976,,,
summary,2024-02-22,MSFT,,,,,,,-1.03,,1,,,,,,,,,,0.6309,2024-02-20T13:12:00+00:00,1162,2005
summary,2024-02-23,SPY,,,,,,,0.00,,0,,,,,,,,,,0.5759,2024-02-20T16:01:00+00:00,1713,2841
summary,2024-02-23,NVDA,,,,,,,0.00,,0,,,,,,,,,,0.9657,2024-02-21T21:29:00+00:00,1708,3183
summary,2024-02-23,MSFT,,,,,,,0.00,,0,,,,,,,,,,0.7532,2024-02-20T16:04:00+00:00,1481,2470
summary,2024-02-26,SPY,,,,,,,0.00,,0,,,,,,,,,,0.3031,2024-02-23T17:09:00+00:00,185,1097
summary,2024-02-26,QQQ,,,,,,,0.00,,0,,,,,,,,,,0.3367,2024-02-26T16:53:00+00:00,282,1184
summary,2024-02-26,AAPL,,,,,,,0.00,,0,,,,,,,,,,0.1117,2024-02-23T14:31:00+00:00,2,1104
summary,2024-02-26,MSFT,,,,,,,0.00,,0,,,,,,,,,,0.3500,2024-02-26T11:18:00+00:00,43,946
summary,2024-02-27,SPY,,,,,,,0.00,,0,,,,,,,,,,0.7181,2024-02-26T10:44:00+00:00,484,1351
summary,2024-02-27,QQQ,,,,,,,0.00,,0,,,,,,,,,,0.7343,2024-02-26T10:29:00+00:00,787,1493
summary,2024-02-27,AAPL,,,,,,,0.00,,0,,,,,,,,,,0.6411,2024-02-27T19:32:00+00:00,449,1265
summary,2024-02-27,NVDA,,,,,,,0.00,,0,,,,,,,,,,0.9006,2024-02-26T09:36:00+00:00,622,1510
summary,2024-02-28,SPY,,,,,,,0.00,,0,,,,,,,,,,0.7181,2024-02-26T10:44:00+00:00,698,2150
summary,2024-02-28,NVDA,,,,,,,0.00,,0,,,,,,,,,,0.9006,2024-02-26T09:36:00+00:00,732,2356
summary,2024-02-28,MSFT,,,,,,,0.00,,0,,,,,,,,,,0.4721,2024-02-26T13:39:00+00:00,412,1617
summary,2024-02-29,QQQ,,,,,,,0.00,,0,,,,,,,,,,0.5115,2024-02-26T15:44:00+00:00,1001,2876
summary,2024-02-29,AAPL,,,,,,,0.00,,0,,,,,,,,,,0.6462,2024-02-27T19:32:00+00:00,699,2672
summary,2024-02-29,NVDA,,,,,,,0.00,,0,,,,,,,,,,1.0000,2024-02-26T14:31:00+00:00,886,2897
summary,2024-02-29,MSFT,,,,,,,0.00,,0,,,,,,,,,,0.5108,2024-02-29T20:55:00+00:00,719,2136
summary,2024-03-01,AAPL,,,,,,,0.00,,0,,,,,,,,,,0.7720,2024-02-27T19:32:00+00:00,793,2819
trade,2024-03-01,NVDA,Long,2024-03-01T14:32:00+00:00,2024-03-01T15:56:00+00:00,802.8255,810.4768,0.33,2.51,0.009530,5040000,SessionClose,0.4222,0.6256,0.5238,0.3778,0.4771,0.5694,0.6238,0.6480,,,
trade,2024-03-01,NVDA,Long,2024-03-01T15:58:00+00:00,2024-03-01T15:59:00+00:00,811.9073,811.4527,0.23,-0.11,-0.000560,60000,SessionClose,0.6225,0.6232,0.5384,0.6238,0.6480,0.5456,0.6238,0.6480,,,
summary,2024-03-01,NVDA,,,,,,,2.41,,2,,,,,,,,,,0.9071,2024-02-27T15:19:00+00:00,1631,2922
summary,2024-03-04,QQQ,,,,,,,0.00,,0,,,,,,,,,,0.8572,2024-03-01T16:04:00+00:00,904,1197
summary,2024-03-04,AAPL,,,,,,,0.00,,0,,,,,,,,,,0.6158,2024-03-01T19:28:00+00:00,230,1204
trade,2024-03-04,NVDA,Long,2024-03-04T14:36:00+00:00,2024-03-04T15:56:00+00:00,843.7226,852.0515,0.17,1.45,0.009872,4800000,SessionClose,0.5747,0.3644,0.4974,0.5214,0.7070,-0.5499,0.2799,0.8383,,,
trade,2024-03-04,NVDA,Long,2024-03-04T15:59:00+00:00,2024-03-04T16:00:00+00:00,853.4457,853.4243,0.17,-0.00,-0.000025,60000,SessionClose,0.4160,0.4411,-0.0346,0.2799,0.8383,0.2164,0.2799,0.8383,,,
summary,2024-03-04,NVDA,,,,,,,1.45,,2,,,,,,,,,,0.9623,2024-03-01T16:00:00+00:00,1164,1278
summary,2024-03-05,SPY,,,,,,,0.00,,0,,,,,,,,,,0.4455,2024-03-04T19:39:00+00:00,287,1383
summary,2024-03-05,QQQ,,,,,,,0.00,,0,,,,,,,,,,0.3998,2024-03-04T19:39:00+00:00,169,1518
summary,2024-03-05,NVDA,,,,,,,0.00,,0,,,,,,,,,,0.8314,2024-03-04T14:40:00+00:00,1052,1589
summary,2024-03-06,QQQ,,,,,,,0.00,,0,,,,,,,,,,0.3998,2024-03-04T19:39:00+00:00,519,2408
summary,2024-03-06,AAPL,,,,,,,0.00,,0,,,,,,,,,,0.6129,2024-03-04T19:43:00+00:00,151,2340
trade,2024-03-06,NVDA,Long,2024-03-06T15:47:00+00:00,2024-03-06T15:56:00+00:00,883.6418,882.5585,0.12,-0.13,-0.001226,540000,SessionClose,0.4466,0.2621,0.3173,0.4134,0.5561,-0.4290,0.2303,0.5561,,,
summary,2024-03-06,NVDA,,,,,,,-0.13,,1,,,,,,,,,,0.8314,2024-03-04T14:40:00+00:00,1731,2487
summary,2024-03-07,QQQ,,,,,,,0.00,,0,,,,,,,,,,0.6069,2024-03-04T15:41:00+00:00,1052,3034
summary,2024-03-07,AAPL,,,,,,,0.00,,0,,,,,,,,,,0.6392,2024-03-04T19:43:00+00:00,176,2957
trade,2024-03-07,NVDA,Long,2024-03-07T14:51:00+00:00,2024-03-07T15:56:00+00:00,906.8013,916.6766,0.14,1.37,0.010890,3900000,SessionClose,0.4604,0.4213,0.5117,0.4535,0.4572,-0.2443,0.4591,0.5675,,,
trade,2024-03-07,NVDA,Long,2024-03-07T15:58:00+00:00,2024-03-07T15:59:00+00:00,917.9545,917.6914,0.15,-0.04,-0.000287,60000,SessionClose,0.4633,0.4615,0.1764,0.4591,0.5675,0.1576,0.4591,0.5675,,,
summary,2024-03-07,NVDA,,,,,,,1.33,,2,,,,,,,,,,1.0000,2024-03-04T14:36:00+00:00,2099,3147
trade,2024-03-07,MSFT,Long,2024-03-07T15:40:00+00:00,2024-03-07T15:56:00+00:00,406.9164,407.0836,0.74,0.12,0.000411,960000,SessionClose,0.4027,0.2591,0.5700,0.4583,0.2357,-0.5456,0.3947,0.2562,,,
summary,2024-03-07,MSFT,,,,,,,0.12,,1,,,,,,,,,,0.8951,2024-03-04T15:00:00+00:00,623,2299
summary,2024-03-08,SPY,,,,,,,0.00,,0,,,,,,,,,,0.4174,2024-03-06T16:19:00+00:00,1579,2785
trade,2024-03-08,QQQ,Long,2024-03-08T15:14:00+00:00,2024-03-08T15:46:00+00:00,448.4447,446.4957,0.67,-1.30,-0.004346,1920000,ScoreExit,0.4056,-0.0976,0.5555,0.4550,0.2568,-0.5720,-0.1957,0.2568,,,
summary,2024-03-08,QQQ,,,,,,,-1.30,,1,,,,,,,,,,0.4978,2024-03-06T09:17:00+00:00,1795,3068
trade,2024-03-08,AAPL,Long,2024-03-08T14:51:00+00:00,2024-03-08T15:56:00+00:00,170.1491,171.1907,1.76,1.84,0.006121,3900000,SessionClose,0.3726,0.1532,0.5646,0.4104,0.2331,0.1145,0.0431,0.3864,,,
summary,2024-03-08,AAPL,,,,,,,1.84,,1,,,,,,,,,,1.0000,2024-03-05T14:33:00+00:00,1009,2945
summary,2024-03-08,MSFT,,,,,,,0.00,,0,,,,,,,,,,0.5294,2024-03-06T09:16:00+00:00,1077,2342
summary,2024-03-11,SPY,,,,,,,0.00,,0,,,,,,,,,,0.5101,2024-03-08T15:01:00+00:00,159,1192
summary,2024-03-11,QQQ,,,,,,,0.00,,0,,,,,,,,,,0.7309,2024-03-08T15:06:00+00:00,69,1271
trade,2024-03-12,SPY,Long,2024-03-12T14:22:00+00:00,2024-03-12T15:56:00+00:00,513.9378,515.7818,0.58,1.08,0.003588,5640000,SessionClose,0.4462,0.1214,0.3356,0.4401,0.4951,0.3471,-0.0953,0.4796,,,
summary,2024-03-12,SPY,,,,,,,1.08,,1,,,,,,,,,,0.5127,2024-03-12T14:31:00+00:00,967,1406
trade,2024-03-12,QQQ,Long,2024-03-12T14:21:00+00:00,2024-03-12T15:56:00+00:00,439.6829,442.2965,0.68,1.78,0.005944,5700000,SessionClose,0.4012,0.0809,-0.2263,0.4580,0.4967,0.0850,-0.1311,0.5036,,,
summary,2024-03-12,QQQ,,,,,,,1.78,,1,,,,,,,,,,0.7915,2024-03-11T09:22:00+00:00,1025,1509
summary,2024-03-12,AAPL,,,,,,,0.00,,0,,,,,,,,,,0.6375,2024-03-11T13:29:00+00:00,788,1399
trade,2024-03-12,MSFT,Long,2024-03-12T13:30:00+00:00,2024-03-12T15:41:00+00:00,407.7065,413.1923,0.74,4.04,0.013455,7860000,MaxHoldTimeout,0.4006,0.0481,0.6129,0.2958,0.5395,-0.4660,-0.1567,0.6290,,,
summary,2024-03-12,MSFT,,,,,,,4.04,,1,,,,,,,,,,0.6639,2024-03-12T14:31:00+00:00,802,1070
summary,2024-03-13,SPY,,,,,,,0.00,,0,,,,,,,,,,0.5127,2024-03-12T14:31:00+00:00,1455,2186
summary,2024-03-13,QQQ,,,,,,,0.00,,0,,,,,,,,,,0.7915,2024-03-11T09:22:00+00:00,1549,2387
summary,2024-03-13,AAPL,,,,,,,0.00,,0,,,,,,,,,,0.6375,2024-03-11T13:29:00+00:00,898,2122
summary,2024-03-13,MSFT,,,,,,,0.00,,0,,,,,,,,,,0.6639,2024-03-12T14:31:00+00:00,1288,1712
summary,2024-03-14,SPY,,,,,,,0.00,,0,,,,,,,,,,0.6192,2024-03-11T15:00:00+00:00,1797,2734
summary,2024-03-14,QQQ,,,,,,,0.00,,0,,,,,,,,,,0.8032,2024-03-11T14:54:00+00:00,1920,2947
trade,2024-03-14,AAPL,Long,2024-03-14T13:30:00+00:00,2024-03-14T15:21:00+00:00,172.9496,173.7402,1.73,1.37,0.004572,6660000,ScoreExit,0.3527,-0.0896,0.5521,0.3996,0.1923,-0.5540,-0.2039,0.2936,,,
summary,2024-03-14,AAPL,,,,,,,1.37,,1,,,,,,,,,,0.6472,2024-03-11T13:36:00+00:00,1029,2641
summary,2024-03-14,NVDA,,,,,,,0.00,,0,,,,,,,,,,1.0000,2024-03-11T13:37:00+00:00,1710,3057
summary,2024-03-14,MSFT,,,,,,,0.00,,0,,,,,,,,,,0.7099,2024-03-11T14:54:00+00:00,1775,2256
summary,2024-03-15,SPY,,,,,,,0.00,,0,,,,,,,,,,0.9562,2024-03-12T14:51:00+00:00,1342,2784
summary,2024-03-15,QQQ,,,,,,,0.00,,0,,,,,,,,,,0.9567,2024-03-12T14:49:00+00:00,1230,2986
summary,2024-03-15,AAPL,,,,,,,0.00,,0,,,,,,,,,,0.8934,2024-03-12T14:31:00+00:00,1172,2641
trade,2024-03-15,NVDA,Long,2024-03-15T14:11:00+00:00,2024-03-15T15:36:00+00:00,877.4505,889.5950,0.09,1.13,0.013841,5100000,ScoreExit,0.5354,-0.1305,0.4992,0.7645,0.0892,-0.4724,-0.2306,0.1838,,,
summary,2024-03-15,NVDA,,,,,,,1.13,,1,,,,,,,,,,0.9661,2024-03-12T14:51:00+00:00,1517,3077
trade,2024-03-18,SPY,Long,2024-03-18T13:31:00+00:00,2024-03-18T15:32:00+00:00,514.2178,514.2821,0.58,0.04,0.000125,7260000,MaxHoldTimeout,0.4066,-0.1184,0.5487,0.3589,0.4545,-0.4158,-0.3522,0.4484,,,
summary,2024-03-18,SPY,,,,,,,0.04,,1,,,,,,,,,,0.7995,2024-03-15T14:49:00+00:00,626,1146
trade,2024-03-18,QQQ,Long,2024-03-18T13:31:00+00:00,2024-03-18T15:32:00+00:00,439.0828,439.1671,0.68,0.06,0.000192,7260000,MaxHoldTimeout,0.4086,-0.1399,0.5134,0.3520,0.4868,-0.4814,-0.3993,0.4928,,,
summary,2024-03-18,QQQ,,,,,,,0.06,,1,,,,,,,,,,0.8217,2024-03-15T14:49:00+00:00,604,1214
trade,2024-03-18,NVDA,Long,2024-03-18T13:31:00+00:00,2024-03-18T14:23:00+00:00,908.8217,906.3397,0.16,-0.39,-0.002731,3120000,ScoreExit,0.6727,-0.0981,0.6515,0.6284,0.7684,-0.7209,-0.3783,0.6699,,,
summary,2024-03-18,NVDA,,,,,,,-0.39,,1,,,,,,,,,,1.0000,2024-03-15T13:40:00+00:00,764,1261
trade,2024-03-18,MSFT,Long,2024-03-18T13:33:00+00:00,2024-03-18T15:33:00+00:00,416.9184,417.8014,0.72,0.64,0.002118,7200000,ScoreExit,0.4477,-0.1686,0.6528,0.5507,0.1734,-0.5574,-0.3590,0.3418,,,
summary,2024-03-18,MSFT,,,,,,,0.64,,1,,,,,,,,,,0.6483,2024-03-18T13:41:00+00:00,336,1071
summary,2024-03-19,SPY,,,,,,,0.00,,0,,,,,,,,,,0.4207,2024-03-18T11:14:00+00:00,590,1413
summary,2024-03-19,QQQ,,,,,,,0.00,,0,,,,,,,,,,0.5127,2024-03-18T12:13:00+00:00,529,1548
trade,2024-03-19,AAPL,Long,2024-03-19T14:37:00+00:00,2024-03-19T15:24:00+00:00,174.9400,174.8500,1.72,-0.15,-0.000514,2820000,ScoreExit,0.3662,-0.0811,0.4993,0.4334,0.1873,-0.4068,-0.1777,0.2206,,,
summary,2024-03-19,AAPL,,,,,,,-0.15,,1,,,,,,,,,,0.7219,2024-03-18T13:46:00+00:00,587,1416
summary,2024-03-19,NVDA,,,,,,,0.00,,0,,,,,,,,,,0.9536,2024-03-18T13:36:00+00:00,621,1558
summary,2024-03-20,SPY,,,,,,,0.00,,0,,,,,,,,,,0.4385,2024-03-20T18:47:00+00:00,1084,2144
summary,2024-03-20,QQQ,,,,,,,0.00,,0,,,,,,,,,,0.5127,2024-03-18T12:13:00+00:00,1044,2395
summary,2024-03-20,AAPL,,,,,,,0.00,,0,,,,,,,,,,0.7219,2024-03-18T13:46:00+00:00,1089,2150
summary,2024-03-20,NVDA,,,,,,,0.00,,0,,,,,,,,,,0.9536,2024-03-18T13:36:00+00:00,1135,2409
summary,2024-03-20,MSFT,,,,,,,0.00,,0,,,,,,,,,,0.7949,2024-03-18T13:41:00+00:00,1022,1717
summary,2024-03-21,SPY,,,,,,,0.00,,0,,,,,,,,,,0.4551,2024-03-18T14:49:00+00:00,1489,2800
summary,2024-03-21,QQQ,,,,,,,0.00,,0,,,,,,,,,,0.6873,2024-03-18T14:42:00+00:00,1449,3034
summary,2024-03-21,AAPL,,,,,,,0.00,,0,,,,,,,,,,0.9380,2024-03-18T13:46:00+00:00,1159,2774
trade,2024-03-21,NVDA,Long,2024-03-21T14:47:00+00:00,2024-03-21T15:56:00+00:00,914.6379,921.7106,0.12,0.87,0.007733,4140000,SessionClose,0.4402,0.3107,0.6110,0.4356,0.3925,-0.5391,0.3548,0.5057,,,
summary,2024-03-21,NVDA,,,,,,,0.87,,1,,,,,,,,,,1.0000,2024-03-18T13:31:00+00:00,1560,3039
summary,2024-03-22,SPY,,,,,,,0.00,,0,,,,,,,,,,0.7426,2024-03-19T14:49:00+00:00,2045,2738
trade,2024-03-22,NVDA,Long,2024-03-22T13:32:00+00:00,2024-03-22T15:56:00+00:00,913.6078,938.6222,0.22,5.54,0.027380,8640000,SessionClose,0.5053,0.4931,0.5844,0.5893,0.3109,0.4361,0.4478,0.6026,,,
summary,2024-03-22,NVDA,,,,,,,5.54,,1,,,,,,,,,,1.0000,2024-03-19T13:32:00+00:00,2302,2988
summary,2024-03-22,MSFT,,,,,,,0.00,,0,,,,,,,,,,0.9527,2024-03-19T14:55:00+00:00,1496,2147
summary,2024-03-25,QQQ,,,,,,,0.00,,0,,,,,,,,,,0.4842,2024-03-22T17:13:00+00:00,490,1166
summary,2024-03-25,NVDA,,,,,,,0.00,,0,,,,,,,,,,1.0000,2024-03-22T13:36:00+00:00,1004,1288
summary,2024-03-25,MSFT,,,,,,,0.00,,0,,,,,,,,,,0.5248,2024-03-22T18:03:00+00:00,192,964
summary,2024-03-26,SPY,,,,,,,0.00,,0,,,,,,,,,,0.3338,2024-03-25T14:11:00+00:00,634,1363
summary,2024-03-26,NVDA,,,,,,,0.00,,0,,,,,,,,,,0.9298,2024-03-25T14:12:00+00:00,769,1510
summary,2024-03-26,MSFT,,,,,,,0.00,,0,,,,,,,,,,0.5122,2024-03-25T12:03:00+00:00,468,1089
summary,2024-03-27,SPY,,,,,,,0.00,,0,,,,,,,,,,0.4161,2024-03-27T19:59:00+00:00,1076,2191
summary,2024-03-27,NVDA,,,,,,,0.00,,0,,,,,,,,,,0.9298,2024-03-25T14:12:00+00:00,769,2353
summary,2024-03-27,MSFT,,,,,,,0.00,,0,,,,,,,,,,0.5122,2024-03-25T12:03:00+00:00,503,1670
summary,2024-03-28,SPY,,,,,,,0.00,,0,,,,,,,,,,0.5000,2024-03-25T15:03:00+00:00,1581,2782
summary,2024-03-29,SPY,,,,,,,0.00,,0,,,,,,,,,,0.4742,2024-03-27T20:02:00+00:00,1112,2179
summary,2024-03-29,QQQ,,,,,,,0.00,,0,,,,,,,,,,0.4121,2024-03-27T20:02:00+00:00,760,2185
summary,2024-03-29,AAPL,,,,,,,0.00,,0,,,,,,,,,,0.6855,2024-03-26T14:02:00+00:00,1132,2068
summary,2024-03-29,NVDA,,,,,,,0.00,,0,,,,,,,,,,0.7677,2024-03-26T18:08:00+00:00,226,2250
summary,2024-03-29,MSFT,,,,,,,0.00,,0,,,,,,,,,,0.4160,2024-03-26T15:58:00+00:00,176,1553
trade,2024-04-01,QQQ,Long,2024-04-01T13:36:00+00:00,2024-04-01T14:16:00+00:00,446.5747,446.7656,0.67,0.13,0.000428,2400000,ScoreExit,0.4738,-0.0731,0.5544,0.4592,0.4763,-0.0502,-0.1656,0.1043,,,
summary,2024-04-01,QQQ,,,,,,,0.13,,1,,,,,,,,,,0.5165,2024-04-01T13:39:00+00:00,120,636
summary,2024-04-01,AAPL,,,,,,,0.00,,0,,,,,,,,,,0.5467,2024-04-01T09:34:00+00:00,60,539
summary,2024-04-02,SPY,,,,,,,0.00,,0,,,,,,,,,,0.2830,2024-04-02T19:49:00+00:00,135,1352
summary,2024-04-02,QQQ,,,,,,,0.00,,0,,,,,,,,,,0.5165,2024-04-01T13:39:00+00:00,255,1421
summary,2024-04-02,AAPL,,,,,,,0.00,,0,,,,,,,,,,0.5467,2024-04-01T09:34:00+00:00,114,1314
summary,2024-04-02,NVDA,,,,,,,0.00,,0,,,,,,,,,,0.9287,2024-04-01T13:38:00+00:00,363,1361
summary,2024-04-03,SPY,,,,,,,0.00,,0,,,,,,,,,,0.3719,2024-04-03T14:19:00+00:00,426,2130
trade,2024-04-03,QQQ,Long,2024-04-03T14:15:00+00:00,2024-04-03T15:51:00+00:00,442.1934,443.1564,0.68,0.65,0.002178,5760000,ScoreExit,0.4120,-0.1642,0.5443,0.4840,0.2239,-0.5411,-0.3047,0.2423,,,
summary,2024-04-03,QQQ,,,,,,,0.65,,1,,,,,,,,,,0.5165,2024-04-01T13:39:00+00:00,585,2206
trade,2024-04-03,NVDA,Long,2024-04-03T14:01:00+00:00,2024-04-03T15:32:00+00:00,893.9137,901.6646,0.14,1.09,0.008671,5460000,ScoreExit,0.6095,-0.0820,0.5588,0.8644,0.1167,-0.4172,-0.2058,0.2773,,,
summary,2024-04-03,NVDA,,,,,,,1.09,,1,,,,,,,,,,0.9287,2024-04-01T13:38:00+00:00,558,2135
summary,2024-04-03,MSFT,,,,,,,0.00,,0,,,,,,,,,,0.6669,2024-04-01T13:34:00+00:00,467,1627
summary,2024-04-04,SPY,,,,,,,0.00,,0,,,,,,,,,,0.3780,2024-04-03T14:19:00+00:00,837,2708
summary,2024-04-04,QQQ,,,,,,,0.00,,0,,,,,,,,,,0.6886,2024-04-01T13:38:00+00:00,994,2763
summary,2024-04-04,NVDA,,,,,,,0.00,,0,,,,,,,,,,1.0000,2024-04-01T13:35:00+00:00,643,2723
trade,2024-04-04,MSFT,Long,2024-04-04T13:35:00+00:00,2024-04-04T14:23:00+00:00,425.3801,425.4449,0.71,0.05,0.000152,2880000,ScoreExit,0.4049,-0.0735,0.5033,0.4252,0.3315,-0.5599,-0.1793,0.3001,,,
summary,2024-04-04,MSFT,,,,,,,0.05,,1,,,,,,,,,,1.0000,2024-04-01T13:34:00+00:00,744,2061
summary,2024-04-05,SPY,,,,,,,0.00,,0,,,,,,,,,,0.4444,2024-04-03T14:19:00+00:00,1362,2764
summary,2024-04-05,QQQ,,,,,,,0.00,,0,,,,,,,,,,0.5621,2024-04-02T19:49:00+00:00,1430,2871
summary,2024-04-05,AAPL,,,,,,,0.00,,0,,,,,,,,,,0.4998,2024-04-03T14:43:00+00:00,1342,2542
summary,2024-04-05,NVDA,,,,,,,0.00,,0,,,,,,,,,,0.7911,2024-04-03T14:04:00+00:00,1369,2777
trade,2024-04-05,MSFT,Long,2024-04-05T14:56:00+00:00,2024-04-05T15:56:00+00:00,423.6697,425.7898,0.71,1.50,0.005004,3600000,SessionClose,0.4143,0.3626,0.4927,0.4485,0.3197,0.5176,0.3237,0.3886,,,
summary,2024-04-05,MSFT,,,,,,,1.50,,1,,,,,,,,,,0.5419,2024-04-02T17:36:00+00:00,1270,2077
summary,2024-04-08,SPY,,,,,,,0.00,,0,,,,,,,,,,0.9255,2024-04-05T14:59:00+00:00,790,1140
trade,2024-04-08,QQQ,Long,2024-04-08T14:51:00+00:00,2024-04-08T15:27:00+00:00,442.4289,441.6267,0.68,-0.54,-0.001813,2160000,ScoreExit,0.4197,-0.0519,0.4990,0.3957,0.4412,-0.2609,-0.1899,0.2937,,,
summary,2024-04-08,QQQ,,,,,,,-0.54,,1,,,,,,,,,,0.9562,2024-04-05T15:00:00+00:00,815,1184
trade,2024-04-08,NVDA,Long,2024-04-08T14:51:00+00:00,2024-04-08T15:08:00+00:00,879.2437,875.9198,0.19,-0.63,-0.003780,1020000,ScoreExit,0.4447,-0.0509,0.3931,0.5104,0.3305,-0.1855,-0.0832,0.0586,,,
summary,2024-04-08,NVDA,,,,,,,-0.63,,1,,,,,,,,,,0.9637,2024-04-05T14:58:00+00:00,738,1179
trade,2024-04-08,MSFT,Long,2024-04-08T14:23:00+00:00,2024-04-08T15:16:00+00:00,426.3703,425.9198,0.70,-0.32,-0.001056,3180000,ScoreExit,0.4100,-0.0701,0.4753,0.3709,0.4666,-0.3141,-0.2400,0.3510,,,
summary,2024-04-08,MSFT,,,,,,,-0.32,,1,,,,,,,,,,0.9581,2024-04-05T14:50:00+00:00,753,957
summary,2024-04-09,SPY,,,,,,,0.00,,0,,,,,,,,,,0.4461,2024-04-08T11:02:00+00:00,683,1322
summary,2024-04-09,QQQ,,,,,,,0.00,,0,,,,,,,,,,0.4919,2024-04-08T14:51:00+00:00,746,1417
trade,2024-04-09,AAPL,Long,2024-04-09T13:36:00+00:00,2024-04-09T14:31:00+00:00,168.9578,169.1112,1.78,0.27,0.000908,3300000,ScoreExit,0.3688,-0.1653,0.5393,0.3516,0.3463,-0.5312,-0.3186,0.2632,,,
summary,2024-04-09,AAPL,,,,,,,0.27,,1,,,,,,,,,,0.4309,2024-04-09T19:59:00+00:00,532,1293
summary,2024-04-09,MSFT,,,,,,,0.00,,0,,,,,,,,,,0.5837,2024-04-08T14:30:00+00:00,500,1010
summary,2024-04-10,SPY,,,,,,,0.00,,0,,,,,,,,,,0.4461,2024-04-08T11:02:00+00:00,880,2064
summary,2024-04-10,QQQ,,,,,,,0.00,,0,,,,,,,,,,0.4919,2024-04-08T14:51:00+00:00,1011,2233
summary,2024-04-10,MSFT,,,,,,,0.00,,0,,,,,,,,,,0.5837,2024-04-08T14:30:00+00:00,594,1583
summary,2024-04-11,SPY,,,,,,,0.00,,0,,,,,,,,,,0.7697,2024-04-08T14:54:00+00:00,946,2672
summary,2024-04-11,QQQ,,,,,,,0.00,,0,,,,,,,,,,0.8584,2024-04-08T14:51:00+00:00,1225,2807
summary,2024-04-11,AAPL,,,,,,,0.00,,0,,,,,,,,,,0.5708,2024-04-11T17:34:00+00:00,1198,2574
summary,2024-04-11,MSFT,,,,,,,0.00,,0,,,,,,,,,,0.8352,2024-04-08T14:30:00+00:00,910,2100
summary,2024-04-12,SPY,,,,,,,0.00,,0,,,,,,,,,,0.6669,2024-04-09T20:02:00+00:00,922,2758
summary,2024-04-12,QQQ,,,,,,,0.00,,0,,,,,,,,,,0.6749,2024-04-09T20:02:00+00:00,1280,2928
summary,2024-04-12,NVDA,,,,,,,0.00,,0,,,,,,,,,,0.9440,2024-04-10T13:37:00+00:00,1766,2858
summary,2024-04-12,MSFT,,,,,,,0.00,,0,,,,,,,,,,0.7173,2024-04-09T13:41:00+00:00,749,2159
summary,2024-04-15,SPY,,,,,,,0.00,,0,,,,,,,,,,0.4683,2024-04-15T08:00:00+00:00,324,1182
trade,2024-04-15,NVDA,Long,2024-04-15T13:39:00+00:00,2024-04-15T14:54:00+00:00,890.2930,888.9435,0.15,-0.20,-0.001516,4500000,ScoreExit,0.4670,-0.4591,0.4827,0.3656,0.6645,-0.5779,-0.7713,0.2049,,,
summary,2024-04-15,NVDA,,,,,,,-0.20,,1,,,,,,,,,,0.8211,2024-04-15T13:53:00+00:00,355,1205
summary,2024-04-16,SPY,,,,,,,0.00,,0,,,,,,,,,,0.4182,2024-04-15T13:02:00+00:00,210,1504
summary,2024-04-16,QQQ,,,,,,,0.00,,0,,,,,,,,,,0.4053,2024-04-15T13:14:00+00:00,249,1626
summary,2024-04-16,AAPL,,,,,,,0.00,,0,,,,,,,,,,0.6377,2024-04-15T15:05:00+00:00,247,1425
trade,2024-04-16,NVDA,Long,2024-04-16T13:56:00+00:00,2024-04-16T14:36:00+00:00,869.2888,870.8708,0.12,0.20,0.001820,2400000,ScoreExit,0.5064,-0.1876,0.5596,0.6098,0.2821,-0.2099,-0.3417,0.1278,,,
summary,2024-04-16,NVDA,,,,,,,0.20,,1,,,,,,,,,,0.9223,2024-04-15T09:09:00+00:00,748,1519
summary,2024-04-16,MSFT,,,,,,,0.00,,0,,,,,,,,,,0.4866,2024-04-15T13:27:00+00:00,300,1172
summary,2024-04-17,AAPL,,,,,,,0.00,,0,,,,,,,,,,0.6377,2024-04-15T15:05:00+00:00,247,2136
summary,2024-04-17,NVDA,,,,,,,0.00,,0,,,,,,,,,,0.9223,2024-04-15T09:09:00+00:00,1072,2332
summary,2024-04-17,MSFT,,,,,,,0.00,,0,,,,,,,,,,0.4866,2024-04-15T13:27:00+00:00,398,1759
summary,2024-04-18,AAPL,,,,,,,0.00,,0,,,,,,,,,,0.9578,2024-04-15T15:04:00+00:00,137,2604
summary,2024-04-19,SPY,,,,,,,0.00,,0,,,,,,,,,,0.5757,2024-04-16T18:09:00+00:00,600,2912
summary,2024-04-19,QQQ,,,,,,,0.00,,0,,,,,,,,,,0.6375,2024-04-16T14:15:00+00:00,575,3033
summary,2024-04-19,AAPL,,,,,,,0.00,,0,,,,,,,,,,0.8937,2024-04-16T13:54:00+00:00,222,2613
summary,2024-04-19,NVDA,,,,,,,0.00,,0,,,,,,,,,,0.9479,2024-04-16T13:58:00+00:00,841,2924
summary,2024-04-19,MSFT,,,,,,,0.00,,0,,,,,,,,,,0.8914,2024-04-16T14:04:00+00:00,374,2227
summary,2024-04-22,SPY,,,,,,,0.00,,0,,,,,,,,,,0.5073,2024-04-22T17:51:00+00:00,470,1216
summary,2024-04-22,AAPL,,,,,,,0.00,,0,,,,,,,,,,0.4979,2024-04-22T17:51:00+00:00,462,1139
summary,2024-04-22,NVDA,,,,,,,0.00,,0,,,,,,,,,,1.0000,2024-04-19T13:32:00+00:00,401,1328
trade,2024-04-22,MSFT,Long,2024-04-22T13:36:00+00:00,2024-04-22T13:55:00+00:00,401.7053,400.5949,0.75,-0.83,-0.002764,1140000,ScoreExit,0.4577,-0.0504,0.6163,0.5038,0.3126,-0.5488,-0.0716,0.1581,,,
summary,2024-04-22,MSFT,,,,,,,-0.83,,1,,,,,,,,,,0.4853,2024-04-22T18:34:00+00:00,300,1073
summary,2024-04-23,SPY,,,,,,,0.00,,0,,,,,,,,,,0.7431,2024-04-22T09:25:00+00:00,1054,1477
summary,2024-04-23,QQQ,,,,,,,0.00,,0,,,,,,,,,,0.7511,2024-04-22T09:19:00+00:00,1142,1585
trade,2024-04-23,AAPL,Long,2024-04-23T13:46:00+00:00,2024-04-23T14:23:00+00:00,166.3183,166.0718,1.80,-0.44,-0.001482,2220000,ScoreExit,0.3641,-0.0609,0.5823,0.3587,0.3022,-0.4872,-0.1697,0.2987,,,
summary,2024-04-23,AAPL,,,,,,,-0.44,,1,,,,,,,,,,0.8385,2024-04-22T09:17:00+00:00,774,1330
summary,2024-04-23,MSFT,,,,,,,0.00,,0,,,,,,,,,,0.7604,2024-04-22T09:42:00+00:00,760,1127
summary,2024-04-24,SPY,,,,,,,0.00,,0,,,,,,,,,,0.7431,2024-04-22T09:25:00+00:00,1626,2350
trade,2024-04-24,AAPL,Long,2024-04-24T13:38:00+00:00,2024-04-24T14:42:00+00:00,167.1294,167.7914,1.79,1.19,0.003961,3840000,ScoreExit,0.3745,-0.0535,0.4065,0.4212,0.2705,-0.5268,-0.1435,0.2843,,,
summary,2024-04-24,AAPL,,,,,,,1.19,,1,,,,,,,,,,0.8385,2024-04-22T09:17:00+00:00,1330,2125
trade,2024-04-24,MSFT,Long,2024-04-24T13:43:00+00:00,2024-04-24T13:56:00+00:00,412.5175,409.9630,0.73,-1.86,-0.006192,780000,ScoreExit,0.4025,-0.0786,0.6193,0.3726,0.3899,-0.5909,-0.2275,0.3899,,,
summary,2024-04-24,MSFT,,,,,,,-1.86,,1,,,,,,,,,,0.7604,2024-04-22T09:42:00+00:00,1230,1829
summary,2024-04-25,SPY,,,,,,,0.00,,0,,,,,,,,,,0.6510,2024-04-22T17:51:00+00:00,1768,2978
trade,2024-04-25,NVDA,Long,2024-04-25T13:36:00+00:00,2024-04-25T15:37:00+00:00,797.6245,813.5022,0.10,1.58,0.019906,7260000,MaxHoldTimeout,0.4999,-0.1327,0.8452,0.6095,0.1656,0.0414,-0.4981,0.5399,,,
summary,2024-04-25,NVDA,,,,,,,1.58,,1,,,,,,,,,,1.0000,2024-04-22T13:33:00+00:00,1968,3084
summary,2024-04-25,MSFT,,,,,,,0.00,,0,,,,,,,,,,0.9085,2024-04-25T20:00:00+00:00,1272,2456
trade,2024-04-26,QQQ,Long,2024-04-26T13:51:00+00:00,2024-04-26T15:52:00+00:00,429.8009,431.5888,0.70,1.25,0.004160,7260000,MaxHoldTimeout,0.4188,0.0861,0.5789,0.4057,0.3919,0.2237,-0.1039,0.4201,,,
summary,2024-04-26,QQQ,,,,,,,1.25,,1,,,,,,,,,,0.9312,2024-04-23T14:59:00+00:00,1852,3174
trade,2024-04-26,AAPL,Long,2024-04-26T14:11:00+00:00,2024-04-26T15:11:00+00:00,170.7892,170.7308,1.76,-0.10,-0.000341,3600000,ScoreExit,0.4033,-0.1053,0.5298,0.3745,0.4187,-0.5490,-0.2610,0.3541,,,
summary,2024-04-26,AAPL,,,,,,,-0.10,,1,,,,,,,,,,0.8783,2024-04-23T13:45:00+00:00,2020,2735
trade,2024-04-26,NVDA,Long,2024-04-26T13:46:00+00:00,2024-04-26T15:47:00+00:00,841.1032,865.7018,0.12,3.00,0.029246,7260000,MaxHoldTimeout,0.5436,-0.0832,0.4918,0.5297,0.5886,-0.2284,-0.3776,0.5539,,,
summary,2024-04-26,NVDA,,,,,,,3.00,,1,,,,,,,,,,0.9583,2024-04-23T14:55:00+00:00,1801,3078
summary,2024-04-26,MSFT,,,,,,,0.00,,0,,,,,,,,,,0.9134,2024-04-25T20:04:00+00:00,1446,2748
summary,2024-04-29,SPY,,,,,,,0.00,,0,,,,,,,,,,0.7512,2024-04-26T15:03:00+00:00,760,1149
summary,2024-04-29,AAPL,,,,,,,0.00,,0,,,,,,,,,,0.8227,2024-04-26T15:01:00+00:00,710,1221
trade,2024-04-29,NVDA,Long,2024-04-29T14:16:00+00:00,2024-04-29T15:00:00+00:00,870.8141,866.6716,0.10,-0.43,-0.004757,2640000,ScoreExit,0.4339,-0.0501,0.0805,0.5224,0.3746,-0.6039,-0.0113,0.0570,,,
summary,2024-04-29,NVDA,,,,,,,-0.43,,1,,,,,,,,,,0.9708,2024-04-26T15:03:00+00:00,1023,1258
summary,2024-04-29,MSFT,,,,,,,0.00,,0,,,,,,,,,,0.9047,2024-04-26T14:23:00+00:00,152,1042
summary,2024-04-30,SPY,,,,,,,0.00,,0,,,,,,,,,,0.3443,2024-04-29T10:48:00+00:00,506,1347
summary,2024-04-30,QQQ,,,,,,,0.00,,0,,,,,,,,,,0.3947,2024-04-29T17:34:00+00:00,553,1504
trade,2024-04-30,AAPL,Long,2024-04-30T13:45:00+00:00,2024-04-30T14:51:00+00:00,174.1098,174.4901,1.72,0.66,0.002184,3960000,ScoreExit,0.3661,-0.0699,0.5920,0.4057,0.2114,-0.5128,-0.1607,0.2592,,,
summary,2024-04-30,AAPL,,,,,,,0.66,,1,,,,,,,,,,0.7030,2024-04-29T10:42:00+00:00,458,1394
summary,2024-04-30,MSFT,,,,,,,0.00,,0,,,,,,,,,,0.7366,2024-04-29T12:02:00+00:00,171,1067
summary,2024-05-01,SPY,,,,,,,0.00,,0,,,,,,,,,,0.5770,2024-05-01T18:44:00+00:00,783,2196
summary,2024-05-01,QQQ,,,,,,,0.00,,0,,,,,,,,,,0.5906,2024-05-01T18:44:00+00:00,640,2389
summary,2024-05-02,QQQ,,,,,,,0.00,,0,,,,,,,,,,0.5907,2024-05-01T18:44:00+00:00,766,2974
summary,2024-05-02,AAPL,,,,,,,0.00,,0,,,,,,,,,,1.0000,2024-04-29T13:35:00+00:00,652,2683
trade,2024-05-02,NVDA,Long,2024-05-02T13:38:00+00:00,2024-05-02T14:01:00+00:00,853.9257,842.2965,0.14,-1.62,-0.013619,1380000,ScoreExit,0.4519,-0.1743,0.6095,0.6225,0.0582,-0.5129,-0.2321,0.0543,,,
summary,2024-05-02,NVDA,,,,,,,-1.62,,1,,,,,,,,,,0.9521,2024-04-29T14:00:00+00:00,1260,2878
summary,2024-05-02,MSFT,,,,,,,0.00,,0,,,,,,,,,,0.6176,2024-05-01T18:58:00+00:00,712,2242
summary,2024-05-03,SPY,,,,,,,0.00,,0,,,,,,,,,,0.6311,2024-05-01T18:44:00+00:00,1225,2883
summary,2024-05-03,QQQ,,,,,,,0.00,,0,,,,,,,,,,0.6694,2024-05-01T18:44:00+00:00,1204,3011
trade,2024-05-03,AAPL,Long,2024-05-03T14:41:00+00:00,2024-05-03T15:25:00+00:00,184.6169,183.9282,1.62,-1.12,-0.003730,2640000,ScoreExit,0.3553,-0.0725,0.5314,0.2517,0.5037,-0.5581,-0.2740,0.4923,,,
summary,2024-05-03,AAPL,,,,,,,-1.12,,1,,,,,,,,,,0.8984,2024-04-30T13:51:00+00:00,1361,2890
summary,2024-05-03,NVDA,,,,,,,0.00,,0,,,,,,,,,,1.0000,2024-04-30T13:40:00+00:00,1273,2851
summary,2024-05-03,MSFT,,,,,,,0.00,,0,,,,,,,,,,0.6700,2024-05-01T18:58:00+00:00,1204,2354
summary,2024-05-06,SPY,,,,,,,0.00,,0,,,,,,,,,,0.4556,2024-05-03T22:07:00+00:00,974,1184
summary,2024-05-06,AAPL,,,,,,,0.00,,0,,,,,,,,,,0.5633,2024-05-03T17:28:00+00:00,199,1288
summary,2024-05-06,NVDA,,,,,,,0.00,,0,,,,,,,,,,0.9510,2024-05-03T13:49:00+00:00,990,1175
trade,2024-05-06,MSFT,Long,2024-05-06T14:57:00+00:00,2024-05-06T15:56:00+00:00,408.9868,409.8730,0.73,0.65,0.002167,3540000,SessionClose,0.4099,0.2230,0.4655,0.3805,0.4501,0.3357,0.0784,0.4745,,,
summary,2024-05-06,MSFT,,,,,,,0.65,,1,,,,,,,,,,0.9398,2024-05-03T13:44:00+00:00,842,962
trade,2024-05-07,QQQ,Long,2024-05-07T14:56:00+00:00,2024-05-07T15:56:00+00:00,441.4033,441.6366,0.68,0.16,0.000529,3600000,SessionClose,0.4138,0.1543,0.5166,0.3833,0.4403,0.0372,0.0388,0.4242,,,
summary,2024-05-07,QQQ,,,,,,,0.16,,1,,,,,,,,,,0.7133,2024-05-06T09:34:00+00:00,1045,1451
summary,2024-05-07,AAPL,,,,,,,0.00,,0,,,,,,,,,,0.8921,2024-05-06T09:29:00+00:00,806,1489
trade,2024-05-07,NVDA,Long,2024-05-07T14:56:00+00:00,2024-05-07T15:56:00+00:00,904.0758,909.0931,0.13,0.67,0.005550,3600000,SessionClose,0.4537,0.5585,0.5927,0.6159,0.0831,0.1816,0.7148,0.3717,,,
summary,2024-05-07,NVDA,,,,,,,0.67,,1,,,,,,,,,,0.9444,2024-05-06T13:59:00+00:00,1007,1476
summary,2024-05-08,SPY,,,,,,,0.00,,0,,,,,,,,,,0.7091,2024-05-06T09:26:00+00:00,1391,2121
summary,2024-05-08,AAPL,,,,,,,0.00,,0,,,,,,,,,,0.8921,2024-05-06T09:29:00+00:00,1141,2256
trade,2024-05-08,NVDA,Long,2024-05-08T13:36:00+00:00,2024-05-08T14:56:00+00:00,899.7748,905.8238,0.19,1.15,0.006723,4800000,ScoreExit,0.4775,-0.1076,0.4707,0.6985,0.0380,-0.5677,-0.1102,0.0511,,,
summary,2024-05-08,NVDA,,,,,,,1.15,,1,,,,,,,,,,0.9444,2024-05-06T13:59:00+00:00,1106,2231
trade,2024-05-08,MSFT,Long,2024-05-08T14:49:00+00:00,2024-05-08T15:41:00+00:00,412.0674,411.7426,0.73,-0.24,-0.000788,3120000,ScoreExit,0.4157,-0.0581,0.5569,0.5096,0.1808,-0.1701,-0.1441,0.1513,,,
summary,2024-05-08,MSFT,,,,,,,-0.24,,1,,,,,,,,,,0.6727,2024-05-06T10:59:00+00:00,899,1654
summary,2024-05-09,SPY,,,,,,,0.00,,0,,,,,,,,,,0.4964,2024-05-06T19:59:00+00:00,1716,2620
summary,2024-05-09,QQQ,,,,,,,0.00,,0,,,,,,,,,,0.5555,2024-05-06T19:59:00+00:00,1578,2734
summary,2024-05-09,NVDA,,,,,,,0.00,,0,,,,,,,,,,1.0000,2024-05-06T13:37:00+00:00,965,2753
summary,2024-05-09,MSFT,,,,,,,0.00,,0,,,,,,,,,,0.8753,2024-05-06T15:00:00+00:00,1144,2061
summary,2024-05-10,SPY,,,,,,,0.00,,0,,,,,,,,,,0.7316,2024-05-07T15:00:00+00:00,1302,2637
trade,2024-05-10,QQQ,Long,2024-05-10T13:47:00+00:00,2024-05-10T14:09:00+00:00,443.8236,442.9664,0.68,-0.58,-0.001932,1320000,ScoreExit,0.4133,-0.0509,0.4710,0.4414,0.3378,-0.4400,-0.1178,0.2126,,,
summary,2024-05-10,QQQ,,,,,,,-0.58,,1,,,,,,,,,,0.7877,2024-05-07T14:59:00+00:00,1185,2689
summary,2024-05-10,NVDA,,,,,,,0.00,,0,,,,,,,,,,0.9234,2024-05-07T13:36:00+00:00,843,2709
trade,2024-05-10,MSFT,Long,2024-05-10T13:36:00+00:00,2024-05-10T14:01:00+00:00,414.4579,413.5273,0.72,-0.67,-0.002245,1500000,ScoreExit,0.4023,-0.0563,0.5592,0.4356,0.2833,-0.5571,-0.1218,0.2416,,,
summary,2024-05-10,MSFT,,,,,,,-0.67,,1,,,,,,,,,,0.4632,2024-05-08T14:48:00+00:00,989,2016
summary,2024-05-13,SPY,,,,,,,0.00,,0,,,,,,,,,,0.4076,2024-05-10T13:41:00+00:00,456,1153
trade,2024-05-13,AAPL,Long,2024-05-13T13:30:00+00:00,2024-05-13T13:31:00+00:00,185.5421,185.1430,1.62,-0.65,-0.002151,60000,ScoreExit,0.3516,-0.0961,0.4828,0.2587,0.4938,-0.2512,-0.3652,0.4938,,,
trade,2024-05-13,AAPL,Long,2024-05-13T14:21:00+00:00,2024-05-13T15:56:00+00:00,185.3321,185.9077,1.62,0.93,0.003106,5700000,SessionClose,0.4083,0.1522,0.5452,0.3111,0.5572,-0.0250,-0.0154,0.5466,,,
summary,2024-05-13,AAPL,,,,,,,0.29,,2,,,,,,,,,,0.5257,2024-05-13T08:24:00+00:00,601,1132
trade,2024-05-13,NVDA,Long,2024-05-13T14:51:00+00:00,2024-05-13T15:56:00+00:00,900.8651,905.0689,0.14,0.57,0.004666,3900000,SessionClose,0.4830,0.5926,0.6393,0.6112,0.1746,0.4530,0.6513,0.5218,,,
summary,2024-05-13,NVDA,,,,,,,0.57,,1,,,,,,,,,,0.9429,2024-05-10T13:45:00+00:00,446,1170
summary,2024-05-13,MSFT,,,,,,,0.00,,0,,,,,,,,,,0.8551,2024-05-10T13:37:00+00:00,614,962
trade,2024-05-14,QQQ,Long,2024-05-14T14:26:00+00:00,2024-05-14T14:37:00+00:00,444.6539,443.6562,0.67,-0.67,-0.002244,660000,ScoreExit,0.4082,-0.0632,0.5573,0.4226,0.3296,-0.5182,-0.1479,0.2578,,,
summary,2024-05-14,QQQ,,,,,,,-0.67,,1,,,,,,,,,,0.7142,2024-05-13T09:39:00+00:00,787,1330
trade,2024-05-14,MSFT,Long,2024-05-14T14:24:00+00:00,2024-05-14T14:51:00+00:00,414.6479,413.9194,0.72,-0.53,-0.001757,1620000,ScoreExit,0.4201,-0.0567,0.5083,0.4948,0.2412,-0.5146,-0.1043,0.1913,,,
summary,2024-05-14,MSFT,,,,,,,-0.53,,1,,,,,,,,,,0.7454,2024-05-13T09:48:00+00:00,585,1071
summary,2024-05-15,SPY,,,,,,,0.00,,0,,,,,,,,,,0.6154,2024-05-13T09:42:00+00:00,1113,2007
summary,2024-05-15,AAPL,,,,,,,0.00,,0,,,,,,,,,,0.8113,2024-05-13T09:33:00+00:00,1553,2046
trade,2024-05-15,NVDA,Long,2024-05-15T14:19:00+00:00,2024-05-15T15:56:00+00:00,931.8913,944.0489,0.11,1.38,0.013046,5820000,SessionClose,0.4107,0.1260,0.4130,0.3167,0.5980,0.1248,-0.1020,0.5824,,,
summary,2024-05-15,NVDA,,,,,,,1.38,,1,,,,,,,,,,0.8336,2024-05-13T09:22:00+00:00,1474,2070
trade,2024-05-15,MSFT,Long,2024-05-15T13:36:00+00:00,2024-05-15T15:37:00+00:00,419.8675,420.8818,0.71,0.72,0.002416,7260000,MaxHoldTimeout,0.4254,0.0757,0.6061,0.4642,0.2875,-0.4132,-0.0085,0.4070,,,
summary,2024-05-15,MSFT,,,,,,,0.72,,1,,,,,,,,,,0.7454,2024-05-13T09:48:00+00:00,1050,1638
trade,2024-05-16,SPY,Long,2024-05-16T14:58:00+00:00,2024-05-16T15:56:00+00:00,531.3613,530.8788,0.56,-0.27,-0.000908,3480000,SessionClose,0.4049,0.0800,0.5571,0.3741,0.4158,0.4730,-0.1421,0.3933,,,
summary,2024-05-16,SPY,,,,,,,-0.27,,1,,,,,,,,,,0.4207,2024-05-15T12:32:00+00:00,1546,2594
summary,2024-05-16,QQQ,,,,,,,0.00,,0,,,,,,,,,,0.4369,2024-05-14T18:16:00+00:00,1868,2763
summary,2024-05-16,AAPL,,,,,,,0.00,,0,,,,,,,,,,0.9537,2024-05-13T14:49:00+00:00,1828,2505
trade,2024-05-16,NVDA,Long,2024-05-16T13:38:00+00:00,2024-05-16T15:41:00+00:00,950.7951,953.2408,0.20,0.49,0.002572,7380000,MaxHoldTimeout,0.4170,0.1350,0.5132,0.3498,0.5192,-0.4694,0.0623,0.4819,,,
summary,2024-05-16,NVDA,,,,,,,0.49,,1,,,,,,,,,,0.8434,2024-05-13T14:54:00+00:00,2019,2688
trade,2024-05-16,MSFT,Long,2024-05-16T13:37:00+00:00,2024-05-16T15:11:00+00:00,424.6438,423.9102,0.71,-0.52,-0.001728,5640000,ScoreExit,0.4239,-0.1566,0.6101,0.4642,0.2813,-0.4197,-0.3035,0.2251,,,
summary,2024-05-16,MSFT,,,,,,,-0.52,,1,,,,,,,,,,0.5797,2024-05-13T15:54:00+00:00,1368,2089
summary,2024-05-17,SPY,,,,,,,0.00,,0,,,,,,,,,,0.4873,2024-05-14T18:41:00+00:00,1867,2680
summary,2024-05-17,AAPL,,,,,,,0.00,,0,,,,,,,,,,0.4987,2024-05-15T14:00:00+00:00,1472,2350
summary,2024-05-17,MSFT,,,,,,,0.00,,0,,,,,,,,,,0.8925,2024-05-14T14:25:00+00:00,1406,2060
summary,2024-05-20,SPY,,,,,,,0.00,,0,,,,,,,,,,0.5539,2024-05-17T14:46:00+00:00,608,1108
trade,2024-05-20,QQQ,Long,2024-05-20T13:44:00+00:00,2024-05-20T15:45:00+00:00,453.5957,454.2441,0.66,0.43,0.001430,7260000,MaxHoldTimeout,0.4048,-0.0509,0.5239,0.4043,0.3660,-0.4803,-0.2126,0.4158,,,
summary,2024-05-20,QQQ,,,,,,,0.43,,1,,,,,,,,,,0.6234,2024-05-17T14:49:00+00:00,564,1099
summary,2024-05-20,AAPL,,,,,,,0.00,,0,,,,,,,,,,0.8585,2024-05-17T13:41:00+00:00,520,1088
summary,2024-05-20,NVDA,,,,,,,0.00,,0,,,,,,,,,,0.7888,2024-05-20T13:54:00+00:00,525,1192
summary,2024-05-21,QQQ,,,,,,,0.00,,0,,,,,,,,,,0.4926,2024-05-20T09:39:00+00:00,781,1335
trade,2024-05-21,AAPL,Long,2024-05-21T13:41:00+00:00,2024-05-21T15:42:00+00:00,191.8323,192.0267,1.56,0.30,0.001014,7260000,MaxHoldTimeout,0.3938,-0.0798,0.5479,0.3607,0.4088,-0.5531,-0.2344,0.3870,,,
summary,2024-05-21,AAPL,,,,,,,0.30,,1,,,,,,,,,,0.6606,2024-05-20T14:00:00+00:00,875,1244
trade,2024-05-21,MSFT,Long,2024-05-21T13:37:00+00:00,2024-05-21T13:46:00+00:00,427.4305,425.5799,0.70,-1.30,-0.004330,540000,ScoreExit,0.4020,-0.0523,0.5438,0.3749,0.4087,-0.5431,-0.1329,0.2726,,,
trade,2024-05-21,MSFT,Long,2024-05-21T14:13:00+00:00,2024-05-21T15:56:00+00:00,427.7905,431.9982,0.70,2.95,0.009836,6180000,SessionClose,0.4478,0.3284,0.3155,0.4428,0.5018,-0.0401,0.2392,0.6298,,,
summary,2024-05-21,MSFT,,,,,,,1.65,,2,,,,,,,,,,0.7783,2024-05-20T13:43:00+00:00,748,1047
summary,2024-05-22,SPY,,,,,,,0.00,,0,,,,,,,,,,0.3952,2024-05-20T13:56:00+00:00,893,1964
summary,2024-05-22,QQQ,,,,,,,0.00,,0,,,,,,,,,,0.4926,2024-05-20T09:39:00+00:00,1208,2107
summary,2024-05-22,AAPL,,,,,,,0.00,,0,,,,,,,,,,0.6606,2024-05-20T14:00:00+00:00,1071,1886
summary,2024-05-22,NVDA,,,,,,,0.00,,0,,,,,,,,,,0.9073,2024-05-20T09:37:00+00:00,1434,2260
trade,2024-05-22,MSFT,Long,2024-05-22T13:31:00+00:00,2024-05-22T14:45:00+00:00,431.0912,431.4087,0.70,0.22,0.000737,4440000,ScoreExit,0.4119,-0.0518,0.5152,0.4501,0.3009,-0.4046,-0.1566,0.2753,,,
summary,2024-05-22,MSFT,,,,,,,0.22,,1,,,,,,,,,,0.7783,2024-05-20T13:43:00+00:00,1074,1590
summary,2024-05-23,SPY,,,,,,,0.00,,0,,,,,,,,,,0.7336,2024-05-20T14:49:00+00:00,1211,2564
summary,2024-05-23,NVDA,,,,,,,0.00,,0,,,,,,,,,,1.0000,2024-05-20T13:35:00+00:00,1981,2954
summary,2024-05-23,MSFT,,,,,,,0.00,,0,,,,,,,,,,0.9965,2024-05-20T13:38:00+00:00,1390,2222
trade,2024-05-24,NVDA,Long,2024-05-24T14:42:00+00:00,2024-05-24T15:50:00+00:00,1042.7135,1042.4715,0.10,-0.02,-0.000232,4080000,ScoreExit,0.4027,-0.1553,0.4400,0.3687,0.4583,-0.5488,-0.3584,0.3818,,,
summary,2024-05-24,NVDA,,,,,,,-0.02,,1,,,,,,,,,,1.0000,2024-05-21T13:34:00+00:00,2431,3058
summary,2024-05-24,MSFT,,,,,,,0.00,,0,,,,,,,,,,0.9136,2024-05-21T14:41:00+00:00,1120,2184
summary,2024-05-27,SPY,,,,,,,0.00,,0,,,,,,,,,,0.8454,2024-05-24T15:04:00+00:00,346,511
summary,2024-05-27,QQQ,,,,,,,0.00,,0,,,,,,,,,,0.9396,2024-05-24T15:04:00+00:00,359,494
summary,2024-05-27,AAPL,,,,,,,0.00,,0,,,,,,,,,,0.9560,2024-05-24T15:04:00+00:00,418,498
summary,2024-05-27,MSFT,,,,,,,0.00,,0,,,,,,,,,,0.9577,2024-05-24T15:04:00+00:00,414,450
summary,2024-05-28,SPY,,,,,,,0.00,,0,,,,,,,,,,0.4161,2024-05-28T09:53:00+00:00,251,595
summary,2024-05-28,QQQ,,,,,,,0.00,,0,,,,,,,,,,0.5262,2024-05-28T09:24:00+00:00,304,653
summary,2024-05-28,AAPL,,,,,,,0.00,,0,,,,,,,,,,0.9560,2024-05-28T09:34:00+00:00,162,679
summary,2024-05-28,NVDA,,,,,,,0.00,,0,,,,,,,,,,0.9305,2024-05-28T13:35:00+00:00,491,681
summary,2024-05-28,MSFT,,,,,,,0.00,,0,,,,,,,,,,0.4091,2024-05-28T12:05:00+00:00,270,526
summary,2024-05-29,SPY,,,,,,,0.00,,0,,,,,,,,,,0.4161,2024-05-28T09:53:00+00:00,435,1374
trade,2024-05-29,AAPL,Long,2024-05-29T13:36:00+00:00,2024-05-29T15:11:00+00:00,190.6931,191.4268,1.57,1.16,0.003847,5700000,ScoreExit,0.3890,-0.1247,0.5518,0.4165,0.2800,-0.5454,-0.2840,0.3341,,,
summary,2024-05-29,AAPL,,,,,,,1.16,,1,,,,,,,,,,0.9560,2024-05-28T09:34:00+00:00,443,1411
trade,2024-05-29,NVDA,Long,2024-05-29T14:16:00+00:00,2024-05-29T15:56:00+00:00,1132.7865,1139.2571,0.06,0.38,0.005712,6000000,SessionClose,0.6271,0.1718,0.7214,0.6223,0.6054,0.5812,-0.0591,0.4973,,,
summary,2024-05-29,NVDA,,,,,,,0.38,,1,,,,,,,,,,0.9305,2024-05-28T13:35:00+00:00,1199,1622
trade,2024-05-29,MSFT,Long,2024-05-29T13:49:00+00:00,2024-05-29T15:06:00+00:00,429.2608,429.4891,0.70,0.16,0.000532,4620000,ScoreExit,0.4042,-0.0952,0.5662,0.4703,0.2181,-0.2216,-0.2593,0.2751,,,
summary,2024-05-29,MSFT,,,,,,,0.16,,1,,,,,,,,,,0.4520,2024-05-29T14:14:00+00:00,576,1059
summary,2024-05-30,SPY,,,,,,,0.00,,0,,,,,,,,,,0.4161,2024-05-28T09:53:00+00:00,469,2199
trade,2024-05-30,AAPL,Long,2024-05-30T13:40:00+00:00,2024-05-30T13:51:00+00:00,191.7250,191.3567,1.57,-0.58,-0.001921,660000,ScoreExit,0.3664,-0.0613,0.5774,0.4341,0.1606,-0.3944,-0.0931,0.1135,,,
summary,2024-05-30,AAPL,,,,,,,-0.58,,1,,,,,,,,,,0.9560,2024-05-28T09:34:00+00:00,681,2122
summary,2024-05-30,NVDA,,,,,,,0.00,,0,,,,,,,,,,0.9305,2024-05-28T13:35:00+00:00,1645,2477
summary,2024-05-30,MSFT,,,,,,,0.00,,0,,,,,,,,,,0.4520,2024-05-29T14:14:00+00:00,576,1710
summary,2024-05-31,SPY,,,,,,,0.00,,0,,,,,,,,,,0.5546,2024-05-31T20:00:00+00:00,471,2800
summary,2024-05-31,QQQ,,,,,,,0.00,,0,,,,,,,,,,0.7131,2024-05-28T14:58:00+00:00,635,2918
summary,2024-05-31,AAPL,,,,,,,0.00,,0,,,,,,,,,,0.9929,2024-05-28T13:38:00+00:00,953,2556
summary,2024-05-31,NVDA,,,,,,,0.00,,0,,,,,,,,,,1.0000,2024-05-28T13:31:00+00:00,1644,3082
summary,2024-05-31,MSFT,,,,,,,0.00,,0,,,,,,,,,,0.8201,2024-05-28T13:40:00+00:00,574,2242
summary,2024-06-03,SPY,,,,,,,0.00,,0,,,,,,,,,,0.7609,2024-05-31T20:00:00+00:00,781,1230
trade,2024-06-03,QQQ,Long,2024-06-03T13:39:00+00:00,2024-06-03T13:51:00+00:00,454.9860,454.5241,0.66,-0.30,-0.001015,720000,ScoreExit,0.4027,-0.0779,0.4864,0.3673,0.4456,-0.5682,-0.2580,0.4456,,,
summary,2024-06-03,QQQ,,,,,,,-0.30,,1,,,,,,,,,,0.7585,2024-05-31T20:00:00+00:00,738,1219
summary,2024-06-03,AAPL,,,,,,,0.00,,0,,,,,,,,,,0.6510,2024-05-31T13:41:00+00:00,679,1133
trade,2024-06-03,NVDA,Long,2024-06-03T14:26:00+00:00,2024-06-03T14:46:00+00:00,1136.5431,1135.6878,0.08,-0.07,-0.000752,1200000,ScoreExit,0.4096,-0.1375,0.2817,0.2906,0.6901,-0.3370,-0.5181,0.6901,,,
summary,2024-06-03,NVDA,,,,,,,-0.07,,1,,,,,,,,,,1.0000,2024-05-31T13:40:00+00:00,771,1282
summary,2024-06-03,MSFT,,,,,,,0.00,,0,,,,,,,,,,0.8907,2024-05-31T19:55:00+00:00,462,1053
summary,2024-06-04,SPY,,,,,,,0.00,,0,,,,,,,,,,0.4457,2024-06-04T18:29:00+00:00,698,1441
summary,2024-06-04,QQQ,,,,,,,0.00,,0,,,,,,,,,,0.4869,2024-06-04T18:29:00+00:00,760,1496
summary,2024-06-04,AAPL,,,,,,,0.00,,0,,,,,,,,,,0.6392,2024-06-03T13:47:00+00:00,714,1302
summary,2024-06-04,NVDA,,,,,,,0.00,,0,,,,,,,,,,0.8782,2024-06-03T09:12:00+00:00,1163,1591
summary,2024-06-05,SPY,,,,,,,0.00,,0,,,,,,,,,,0.4457,2024-06-04T18:29:00+00:00,1337,2215
summary,2024-06-05,NVDA,,,,,,,0.00,,0,,,,,,,,,,0.8782,2024-06-03T09:12:00+00:00,1913,2486
summary,2024-06-06,SPY,,,,,,,0.00,,0,,,,,,,,,,0.4884,2024-06-03T20:21:00+00:00,1585,2704
summary,2024-06-06,QQQ,,,,,,,0.00,,0,,,,,,,,,,0.5232,2024-06-03T20:19:00+00:00,1902,2882
trade,2024-06-06,AAPL,Long,2024-06-06T13:58:00+00:00,2024-06-06T14:31:00+00:00,195.9442,195.8658,1.53,-0.12,-0.000400,1980000,ScoreExit,0.3547,-0.0998,0.5416,0.3345,0.3327,-0.4734,-0.2296,0.2844,,,
summary,2024-06-06,AAPL,,,,,,,-0.12,,1,,,,,,,,,,0.8924,2024-06-03T14:18:00+00:00,1639,2536
trade,2024-06-07,SPY,Long,2024-06-07T14:41:00+00:00,2024-06-07T15:01:00+00:00,535.9122,534.6980,0.56,-0.68,-0.002266,1200000,ScoreExit,0.4016,-0.0668,0.5363,0.4509,0.2581,-0.5453,-0.1393,0.2376,,,
summary,2024-06-07,SPY,,,,,,,-0.68,,1,,,,,,,,,,0.6059,2024-06-04T18:29:00+00:00,1892,2635
summary,2024-06-07,QQQ,,,,,,,0.00,,0,,,,,,,,,,0.6496,2024-06-04T18:29:00+00:00,2188,2827
trade,2024-06-07,AAPL,Long,2024-06-07T14:43:00+00:00,2024-06-07T15:01:00+00:00,195.7541,195.3359,1.53,-0.64,-0.002136,1080000,ScoreExit,0.3573,-0.0700,0.5816,0.3867,0.2236,-0.5334,-0.1187,0.1820,,,
summary,2024-06-07,AAPL,,,,,,,-0.64,,1,,,,,,,,,,0.6348,2024-06-04T14:44:00+00:00,1551,2527
trade,2024-06-10,NVDA,Long,2024-06-10T14:21:00+00:00,2024-06-10T15:56:00+00:00,119.7239,122.4455,2.50,6.82,0.022732,5700000,SessionClose,0.4900,0.1317,0.5751,0.5542,0.3333,0.3777,-0.0102,0.3333,,,
summary,2024-06-10,NVDA,,,,,,,6.82,,1,,,,,,,,,,1.0000,2024-06-07T13:36:00+00:00,852,1323
trade,2024-06-10,MSFT,Long,2024-06-10T13:48:00+00:00,2024-06-10T15:49:00+00:00,425.7401,427.2195,0.70,1.04,0.003475,7260000,MaxHoldTimeout,0.4052,0.1326,0.4167,0.4380,0.3356,-0.1475,0.0083,0.4744,,,
summary,2024-06-10,MSFT,,,,,,,1.04,,1,,,,,,,,,,0.7772,2024-06-07T14:49:00+00:00,520,915
summary,2024-06-11,SPY,,,,,,,0.00,,0,,,,,,,,,,0.4315,2024-06-10T17:49:00+00:00,830,1313
trade,2024-06-11,QQQ,Long,2024-06-11T14:48:00+00:00,2024-06-11T15:41:00+00:00,464.9580,464.6021,0.65,-0.23,-0.000765,3180000,ScoreExit,0.4008,-0.1487,0.5296,0.4190,0.3214,-0.5609,-0.2702,0.2317,,,
summary,2024-06-11,QQQ,,,,,,,-0.23,,1,,,,,,,,,,0.4995,2024-06-10T15:09:00+00:00,896,1394
summary,2024-06-11,NVDA,,,,,,,0.00,,0,,,,,,,,,,0.8563,2024-06-10T08:30:00+00:00,1203,1677
trade,2024-06-11,MSFT,Long,2024-06-11T14:42:00+00:00,2024-06-11T15:56:00+00:00,427.8305,428.4193,0.70,0.41,0.001376,4440000,SessionClose,0.4151,0.0903,0.5584,0.4406,0.3163,0.0306,-0.0450,0.3810,,,
summary,2024-06-11,MSFT,,,,,,,0.41,,1,,,,,,,,,,0.6723,2024-06-10T13:49:00+00:00,668,992
summary,2024-06-12,SPY,,,,,,,0.00,,0,,,,,,,,,,0.5028,2024-06-12T12:52:00+00:00,1366,2030
summary,2024-06-12,QQQ,,,,,,,0.00,,0,,,,,,,,,,0.5218,2024-06-12T12:31:00+00:00,1535,2183
summary,2024-06-12,AAPL,,,,,,,0.00,,0,,,,,,,,,,0.8444,2024-06-11T13:59:00+00:00,1295,2418
summary,2024-06-13,SPY,,,,,,,0.00,,0,,,,,,,,,,0.6891,2024-06-10T14:52:00+00:00,1790,2638
summary,2024-06-13,NVDA,,,,,,,0.00,,0,,,,,,,,,,1.0000,2024-06-10T13:32:00+00:00,2687,3246
summary,2024-06-14,SPY,,,,,,,0.00,,0,,,,,,,,,,0.8104,2024-06-11T14:59:00+00:00,1882,2689
summary,2024-06-14,QQQ,,,,,,,0.00,,0,,,,,,,,,,0.8674,2024-06-11T14:59:00+00:00,2306,2886
trade,2024-06-14,AAPL,Long,2024-06-14T13:31:00+00:00,2024-06-14T13:51:00+00:00,214.1428,213.9722,1.41,-0.24,-0.000797,1200000,ScoreExit,0.3765,-0.1394,0.5705,0.4223,0.2201,-0.4688,-0.2643,0.2201,,,
summary,2024-06-14,AAPL,,,,,,,-0.24,,1,,,,,,,,,,1.0000,2024-06-11T13:33:00+00:00,2404,3056
trade,2024-06-14,NVDA,Long,2024-06-14T13:51:00+00:00,2024-06-14T15:48:00+00:00,129.9811,129.9390,2.31,-0.10,-0.000324,7020000,ScoreExit,0.4763,-0.2534,0.5773,0.4377,0.5199,-0.5070,-0.5529,0.4302,,,
summary,2024-06-14,NVDA,,,,,,,-0.10,,1,,,,,,,,,,1.0000,2024-06-11T13:36:00+00:00,2503,3250
summary,2024-06-17,QQQ,,,,,,,0.00,,0,,,,,,,,,,0.4933,2024-06-17T17:35:00+00:00,951,1210
trade,2024-06-17,AAPL,Long,2024-06-17T14:01:00+00:00,2024-06-17T15:56:00+00:00,213.9978,216.1718,1.40,3.05,0.010159,6900000,SessionClose,0.4810,0.0132,0.3339,0.4162,0.6598,-0.5592,-0.1914,0.6132,,,
summary,2024-06-17,AAPL,,,,,,,3.05,,1,,,,,,,,,,0.6677,2024-06-14T13:33:00+00:00,606,1234
summary,2024-06-17,NVDA,,,,,,,0.00,,0,,,,,,,,,,0.9094,2024-06-14T13:53:00+00:00,1044,1351
summary,2024-06-17,MSFT,,,,,,,0.00,,0,,,,,,,,,,0.9561,2024-06-14T14:59:00+00:00,768,942
summary,2024-06-18,SPY,,,,,,,0.00,,0,,,,,,,,,,0.5726,2024-06-17T18:07:00+00:00,878,1300
summary,2024-06-18,QQQ,,,,,,,0.00,,0,,,,,,,,,,0.6210,2024-06-17T16:46:00+00:00,929,1468
summary,2024-06-18,AAPL,,,,,,,0.00,,0,,,,,,,,,,0.7606,2024-06-17T08:18:00+00:00,770,1471
trade,2024-06-18,NVDA,Long,2024-06-18T13:35:00+00:00,2024-06-18T15:56:00+00:00,131.8214,134.4881,2.28,6.07,0.020230,8460000,SessionClose,0.4173,0.5159,0.5773,0.3460,0.5066,0.2919,0.3935,0.8355,,,
summary,2024-06-18,NVDA,,,,,,,6.07,,1,,,,,,,,,,0.6513,2024-06-17T16:44:00+00:00,947,1679
summary,2024-06-18,MSFT,,,,,,,0.00,,0,,,,,,,,,,0.6520,2024-06-17T15:24:00+00:00,647,1067
summary,2024-06-19,SPY,,,,,,,0.00,,0,,,,,,,,,,0.5726,2024-06-17T18:07:00+00:00,1005,1455
summary,2024-06-19,QQQ,,,,,,,0.00,,0,,,,,,,,,,0.6210,2024-06-17T16:46:00+00:00,1043,1612
summary,2024-06-19,NVDA,,,,,,,0.00,,0,,,,,,,,,,0.6513,2024-06-17T16:44:00+00:00,1153,1918
summary,2024-06-19,MSFT,,,,,,,0.00,,0,,,,,,,,,,0.6520,2024-06-17T15:24:00+00:00,693,1164
summary,2024-06-20,SPY,,,,,,,0.00,,0,,,,,,,,,,0.7562,2024-06-17T15:04:00+00:00,1330,1859
summary,2024-06-20,QQQ,,,,,,,0.00,,0,,,,,,,,,,0.7438,2024-06-17T15:04:00+00:00,1255,2010
summary,2024-06-20,AAPL,,,,,,,0.00,,0,,,,,,,,,,0.9599,2024-06-17T14:57:00+00:00,729,2009
summary,2024-06-20,MSFT,,,,,,,0.00,,0,,,,,,,,,,0.6800,2024-06-17T13:31:00+00:00,755,1598
summary,2024-06-21,QQQ,,,,,,,0.00,,0,,,,,,,,,,0.4704,2024-06-20T08:06:00+00:00,631,2062
summary,2024-06-21,NVDA,,,,,,,0.00,,0,,,,,,,,,,1.0000,2024-06-18T13:35:00+00:00,1027,2311
trade,2024-06-21,MSFT,Long,2024-06-21T13:31:00+00:00,2024-06-21T13:51:00+00:00,447.6445,446.9856,0.67,-0.44,-0.001472,1200000,ScoreExit,0.4273,-0.0669,0.3363,0.5497,0.2127,-0.5242,-0.1212,0.1942,,,
summary,2024-06-21,MSFT,,,,,,,-0.44,,1,,,,,,,,,,0.4725,2024-06-21T13:32:00+00:00,717,1608
trade,2024-06-24,SPY,Long,2024-06-24T14:02:00+00:00,2024-06-24T14:45:00+00:00,546.3244,545.2759,0.55,-0.58,-0.001919,2580000,ScoreExit,0.4086,-0.0600,0.5579,0.4450,0.2862,-0.5259,-0.1019,0.1790,,,
summary,2024-06-24,SPY,,,,,,,-0.58,,1,,,,,,,,,,0.5887,2024-06-21T15:02:00+00:00,595,1161
trade,2024-06-24,AAPL,Long,2024-06-24T14:00:00+00:00,2024-06-24T15:56:00+00:00,208.7467,211.9976,1.44,4.67,0.015573,6960000,SessionClose,0.3663,0.1469,0.5453,0.4193,0.2007,0.0945,-0.0872,0.6326,,,
summary,2024-06-24,AAPL,,,,,,,4.67,,1,,,,,,,,,,1.0000,2024-06-21T13:32:00+00:00,320,1261
trade,2024-06-24,MSFT,Long,2024-06-24T14:01:00+00:00,2024-06-24T14:41:00+00:00,450.1900,449.1751,0.67,-0.68,-0.002254,2400000,ScoreExit,0.4085,-0.1663,0.5806,0.4737,0.2208,-0.5698,-0.2211,0.0778,,,
summary,2024-06-24,MSFT,,,,,,,-0.68,,1,,,,,,,,,,1.0000,2024-06-21T13:34:00+00:00,587,987
summary,2024-06-25,SPY,,,,,,,0.00,,0,,,,,,,,,,0.5627,2024-06-24T14:09:00+00:00,562,1363
trade,2024-06-25,NVDA,Long,2024-06-25T13:46:00+00:00,2024-06-25T15:56:00+00:00,121.2742,124.8450,2.48,8.84,0.029444,7800000,SessionClose,0.4354,0.6554,0.3887,0.3039,0.7138,0.5651,0.5466,0.9029,,,
summary,2024-06-25,NVDA,,,,,,,8.84,,1,,,,,,,,,,0.8304,2024-06-25T09:07:00+00:00,866,1681
trade,2024-06-25,MSFT,Long,2024-06-25T14:33:00+00:00,2024-06-25T15:06:00+00:00,450.1350,448.6702,0.67,-0.98,-0.003254,1980000,ScoreExit,0.4007,-0.0679,0.5626,0.4056,0.3369,-0.5151,-0.1631,0.2715,,,
summary,2024-06-25,MSFT,,,,,,,-0.98,,1,,,,,,,,,,0.7631,2024-06-24T10:20:00+00:00,464,1084
summary,2024-06-26,SPY,,,,,,,0.00,,0,,,,,,,,,,0.5627,2024-06-24T14:09:00+00:00,859,2127
trade,2024-06-27,QQQ,Long,2024-06-27T13:36:00+00:00,2024-06-27T14:46:00+00:00,481.9314,481.2687,0.62,-0.41,-0.001375,4200000,ScoreExit,0.4061,-0.1601,0.5865,0.4594,0.2393,-0.5612,-0.2873,0.2279,,,
summary,2024-06-27,QQQ,,,,,,,-0.41,,1,,,,,,,,,,0.6152,2024-06-24T14:01:00+00:00,1524,2874
summary,2024-06-27,AAPL,,,,,,,0.00,,0,,,,,,,,,,0.9598,2024-06-24T15:03:00+00:00,1640,2678
trade,2024-06-27,MSFT,Long,2024-06-27T13:36:00+00:00,2024-06-27T14:46:00+00:00,454.5158,454.8440,0.66,0.22,0.000722,4200000,ScoreExit,0.4306,-0.0537,0.5797,0.4903,0.2613,-0.5082,-0.1418,0.2738,,,
summary,2024-06-27,MSFT,,,,,,,0.22,,1,,,,,,,,,,0.9011,2024-06-24T14:03:00+00:00,1085,2031
trade,2024-06-28,SPY,Long,2024-06-28T14:06:00+00:00,2024-06-28T14:51:00+00:00,549.8850,549.1651,0.55,-0.39,-0.001309,2700000,ScoreExit,0.4004,-0.0900,0.5814,0.4654,0.2101,-0.3467,-0.1972,0.2101,,,
summary,2024-06-28,SPY,,,,,,,-0.39,,1,,,,,,,,,,0.4135,2024-06-28T14:12:00+00:00,1480,2646
trade,2024-06-28,QQQ,Long,2024-06-28T14:01:00+00:00,2024-06-28T14:51:00+00:00,484.8319,484.7080,0.62,-0.08,-0.000256,3000000,ScoreExit,0.4456,-0.1453,0.5007,0.5253,0.2679,-0.5527,-0.2840,0.2679,,,
summary,2024-06-28,QQQ,,,,,,,-0.08,,1,,,,,,,,,,0.5802,2024-06-25T15:03:00+00:00,1856,2825
summary,2024-06-28,AAPL,,,,,,,0.00,,0,,,,,,,,,,0.9911,2024-06-25T13:38:00+00:00,1591,2654
trade,2024-06-28,NVDA,Long,2024-06-28T13:46:00+00:00,2024-06-28T15:56:00+00:00,125.2029,126.2347,2.40,2.48,0.008241,7800000,SessionClose,0.4652,0.1755,0.6107,0.4660,0.4151,0.0680,0.0918,0.3787,,,
summary,2024-06-28,NVDA,,,,,,,2.48,,1,,,,,,,,,,0.9586,2024-06-25T15:02:00+00:00,2052,3257
summary,2024-06-28,MSFT,,,,,,,0.00,,0,,,,,,,,,,0.8814,2024-06-25T14:41:00+00:00,1221,2002
summary,2024-07-01,SPY,,,,,,,0.00,,0,,,,,,,,,,0.6462,2024-06-28T14:12:00+00:00,247,1159
summary,2024-07-01,QQQ,,,,,,,0.00,,0,,,,,,,,,,0.8989,2024-06-28T14:05:00+00:00,239,1166
trade,2024-07-01,AAPL,Long,2024-07-01T13:31:00+00:00,2024-07-01T15:37:00+00:00,212.4875,214.9220,1.41,3.44,0.011457,7560000,MaxHoldTimeout,0.4206,0.1487,0.5356,0.5014,0.2207,0.0906,-0.0974,0.6604,,,
summary,2024-07-01,AAPL,,,,,,,3.44,,1,,,,,,,,,,0.5650,2024-06-28T14:14:00+00:00,389,1129
summary,2024-07-02,SPY,,,,,,,0.00,,0,,,,,,,,,,0.4117,2024-07-02T19:59:00+00:00,769,1367
trade,2024-07-02,AAPL,Long,2024-07-02T13:36:00+00:00,2024-07-02T15:46:00+00:00,215.9482,219.8610,1.39,5.44,0.018119,7800000,MaxHoldTimeout,0.3878,0.1324,0.0438,0.4069,0.4645,0.1604,-0.1177,0.6234,,,
summary,2024-07-02,AAPL,,,,,,,5.44,,1,,,,,,,,,,0.6367,2024-07-01T16:44:00+00:00,1076,1327
summary,2024-07-02,NVDA,,,,,,,0.00,,0,,,,,,,,,,0.7313,2024-07-01T15:28:00+00:00,1134,1677
trade,2024-07-02,MSFT,Long,2024-07-02T13:52:00+00:00,2024-07-02T15:18:00+00:00,456.4363,456.2472,0.66,-0.12,-0.000414,5160000,ScoreExit,0.4165,-0.0972,0.5073,0.4147,0.3899,-0.4831,-0.2684,0.3737,,,
summary,2024-07-02,MSFT,,,,,,,-0.12,,1,,,,,,,,,,0.7654,2024-07-01T10:46:00+00:00,899,1078
summary,2024-07-03,QQQ,,,,,,,0.00,,0,,,,,,,,,,0.6090,2024-07-01T16:14:00+00:00,1571,2195
summary,2024-07-03,AAPL,,,,,,,0.00,,0,,,,,,,,,,0.6367,2024-07-01T16:44:00+00:00,1589,2064
trade,2024-07-03,NVDA,Long,2024-07-03T14:41:00+00:00,2024-07-03T15:56:00+00:00,122.4845,127.4495,2.45,12.16,0.040536,4500000,SessionClose,0.4588,0.4638,0.5324,0.4334,0.4849,0.5970,0.3206,0.7059,,,
summary,2024-07-03,NVDA,,,,,,,12.16,,1,,,,,,,,,,0.7313,2024-07-01T15:28:00+00:00,1490,2634
summary,2024-07-03,MSFT,,,,,,,0.00,,0,,,,,,,,,,0.7654,2024-07-01T10:46:00+00:00,1167,1467
summary,2024-07-04,SPY,,,,,,,0.00,,0,,,,,,,,,,0.4480,2024-07-01T16:14:00+00:00,1144,1865
summary,2024-07-04,QQQ,,,,,,,0.00,,0,,,,,,,,,,0.6922,2024-07-01T16:14:00+00:00,1520,1966
summary,2024-07-04,AAPL,,,,,,,0.00,,0,,,,,,,,,,0.9726,2024-07-01T13:36:00+00:00,1565,1906
summary,2024-07-04,NVDA,,,,,,,0.00,,0,,,,,,,,,,0.9123,2024-07-01T14:22:00+00:00,1509,2365
summary,2024-07-04,MSFT,,,,,,,0.00,,0,,,,,,,,,,0.8988,2024-07-01T14:22:00+00:00,1176,1380
summary,2024-07-05,SPY,,,,,,,0.00,,0,,,,,,,,,,0.5843,2024-07-02T14:54:00+00:00,1389,1699
trade,2024-07-05,QQQ,Long,2024-07-05T13:37:00+00:00,2024-07-05T15:56:00+00:00,492.6735,495.4459,0.61,1.69,0.005627,8340000,SessionClose,0.4008,0.2685,0.4563,0.3970,0.3900,-0.0262,0.2384,0.4268,,,
summary,2024-07-05,QQQ,,,,,,,1.69,,1,,,,,,,,,,0.8296,2024-07-02T15:02:00+00:00,1544,1818
summary,2024-07-05,AAPL,,,,,,,0.00,,0,,,,,,,,,,0.9584,2024-07-02T14:51:00+00:00,1393,1710
summary,2024-07-05,NVDA,,,,,,,0.00,,0,,,,,,,,,,0.9495,2024-07-02T13:46:00+00:00,1252,2128
trade,2024-07-05,MSFT,Long,2024-07-05T13:34:00+00:00,2024-07-05T15:35:00+00:00,461.4373,465.4919,0.65,2.64,0.008787,7260000,MaxHoldTimeout,0.4121,0.1430,0.5610,0.3221,0.5424,0.1178,-0.0535,0.5443,,,
summary,2024-07-05,MSFT,,,,,,,2.64,,1,,,,,,,,,,0.9363,2024-07-02T13:46:00+00:00,1029,1272
summary,2024-07-08,SPY,,,,,,,0.00,,0,,,,,,,,,,0.5579,2024-07-05T14:44:00+00:00,786,1094
summary,2024-07-08,QQQ,,,,,,,0.00,,0,,,,,,,,,,0.8005,2024-07-05T14:48:00+00:00,887,1163
trade,2024-07-08,AAPL,Long,2024-07-08T14:37:00+00:00,2024-07-08T15:56:00+00:00,225.6501,226.6502,1.33,1.33,0.004432,4740000,SessionClose,0.3843,0.1540,0.5423,0.3224,0.4556,-0.1912,-0.0414,0.6600,,,
summary,2024-07-08,AAPL,,,,,,,1.33,,1,,,,,,,,,,0.8958,2024-07-05T14:01:00+00:00,1050,1170
summary,2024-07-09,SPY,,,,,,,0.00,,0,,,,,,,,,,0.4813,2024-07-08T09:54:00+00:00,688,1305
trade,2024-07-09,QQQ,Long,2024-07-09T13:35:00+00:00,2024-07-09T14:22:00+00:00,499.9250,499.4451,0.60,-0.29,-0.000960,2820000,ScoreExit,0.4024,-0.0754,0.5789,0.3821,0.3841,-0.1514,-0.2652,0.3297,,,
summary,2024-07-09,QQQ,,,,,,,-0.29,,1,,,,,,,,,,0.5549,2024-07-08T09:28:00+00:00,936,1419
summary,2024-07-09,MSFT,,,,,,,0.00,,0,,,,,,,,,,0.4360,2024-07-08T12:03:00+00:00,202,1016
summary,2024-07-10,SPY,,,,,,,0.00,,0,,,,,,,,,,0.4813,2024-07-08T09:54:00+00:00,1211,2008
summary,2024-07-10,QQQ,,,,,,,0.00,,0,,,,,,,,,,0.5549,2024-07-08T09:28:00+00:00,1527,2185
trade,2024-07-10,NVDA,Long,2024-07-10T14:26:00+00:00,2024-07-10T15:56:00+00:00,134.1013,134.1082,2.24,0.02,0.000051,5400000,SessionClose,0.4037,0.2752,0.3638,0.3373,0.5497,-0.4983,0.2486,0.5863,,,
summary,2024-07-10,NVDA,,,,,,,0.02,,1,,,,,,,,,,0.7691,2024-07-08T13:57:00+00:00,2102,2638
summary,2024-07-11,QQQ,,,,,,,0.00,,0,,,,,,,,,,0.5543,2024-07-08T23:59:00+00:00,1687,2728
summary,2024-07-11,AAPL,,,,,,,0.00,,0,,,,,,,,,,0.8652,2024-07-08T15:04:00+00:00,1891,2649
summary,2024-07-11,NVDA,,,,,,,0.00,,0,,,,,,,,,,1.0000,2024-07-08T13:33:00+00:00,2115,3265
summary,2024-07-11,MSFT,,,,,,,0.00,,0,,,,,,,,,,0.5786,2024-07-08T13:51:00+00:00,509,2070
trade,2024-07-12,SPY,Long,2024-07-12T14:41:00+00:00,2024-07-12T15:56:00+00:00,560.8772,561.4727,0.53,0.32,0.001062,4500000,ScoreExit,0.4017,-0.1302,0.5582,0.4517,0.2496,-0.2080,-0.2969,0.2290,,,
summary,2024-07-12,SPY,,,,,,,0.32,,1,,,,,,,,,,0.4278,2024-07-11T12:32:00+00:00,1242,2599
trade,2024-07-12,NVDA,Long,2024-07-12T13:56:00+00:00,2024-07-12T15:56:00+00:00,129.2508,130.3362,2.32,2.52,0.008397,7200000,SessionClose,0.4027,0.0000,0.1786,0.6396,0.0035,0.0661,-0.3504,-0.0168,,,
summary,2024-07-12,NVDA,,,,,,,2.52,,1,,,,,,,,,,0.9426,2024-07-09T13:45:00+00:00,1644,3267
summary,2024-07-12,MSFT,,,,,,,0.00,,0,,,,,,,,,,0.5259,2024-07-10T17:00:00+00:00,565,2154
summary,2024-07-15,SPY,,,,,,,0.00,,0,,,,,,,,,,0.8986,2024-07-12T14:49:00+00:00,704,1146
trade,2024-07-15,QQQ,Long,2024-07-15T14:31:00+00:00,2024-07-15T15:45:00+00:00,498.6947,498.6552,0.60,-0.02,-0.000079,4440000,ScoreExit,0.4246,-0.0988,0.5459,0.3860,0.4613,-0.5237,-0.2821,0.4092,,,
summary,2024-07-15,QQQ,,,,,,,-0.02,,1,,,,,,,,,,0.9578,2024-07-12T14:40:00+00:00,696,1171
summary,2024-07-15,NVDA,,,,,,,0.00,,0,,,,,,,,,,0.9614,2024-07-12T14:41:00+00:00,678,1345
trade,2024-07-15,MSFT,Long,2024-07-15T13:34:00+00:00,2024-07-15T14:17:00+00:00,454.9799,454.1060,0.66,-0.58,-0.001921,2580000,ScoreExit,0.4076,-0.0535,0.5770,0.4217,0.3230,-0.4621,-0.1401,0.2560,,,
trade,2024-07-15,MSFT,Long,2024-07-15T14:46:00+00:00,2024-07-15T15:31:00+00:00,455.5511,455.3639,0.66,-0.12,-0.000411,2700000,ScoreExit,0.4177,-0.0609,0.5524,0.3896,0.4291,-0.5278,-0.2187,0.4105,,,
summary,2024-07-15,MSFT,,,,,,,-0.70,,2,,,,,,,,,,0.8997,2024-07-12T14:44:00+00:00,595,982
summary,2024-07-16,SPY,,,,,,,0.00,,0,,,,,,,,,,0.7021,2024-07-15T09:25:00+00:00,746,1344
summary,2024-07-16,QQQ,,,,,,,0.00,,0,,,,,,,,,,0.6236,2024-07-15T15:14:00+00:00,619,1440
trade,2024-07-16,AAPL,Long,2024-07-16T13:31:00+00:00,2024-07-16T13:46:00+00:00,235.3521,235.1281,1.28,-0.29,-0.000952,900000,ScoreExit,0.3596,-0.1612,0.4960,0.4194,0.1946,-0.5070,-0.2710,0.1738,,,
summary,2024-07-16,AAPL,,,,,,,-0.29,,1,,,,,,,,,,0.9587,2024-07-15T09:17:00+00:00,845,1458
summary,2024-07-16,MSFT,,,,,,,0.00,,0,,,,,,,,,,0.7292,2024-07-15T12:04:00+00:00,232,1033
summary,2024-07-17,SPY,,,,,,,0.00,,0,,,,,,,,,,0.7021,2024-07-15T09:25:00+00:00,853,2155
summary,2024-07-17,QQQ,,,,,,,0.00,,0,,,,,,,,,,0.6236,2024-07-15T15:14:00+00:00,682,2291
summary,2024-07-17,AAPL,,,,,,,0.00,,0,,,,,,,,,,0.9587,2024-07-15T09:17:00+00:00,872,2261
summary,2024-07-17,MSFT,,,,,,,0.00,,0,,,,,,,,,,0.7292,2024-07-15T12:04:00+00:00,232,1670
summary,2024-07-18,SPY,,,,,,,0.00,,0,,,,,,,,,,0.8198,2024-07-15T15:04:00+00:00,694,2757
summary,2024-07-18,QQQ,,,,,,,0.00,,0,,,,,,,,,,0.9099,2024-07-15T15:01:00+00:00,498,2964
summary,2024-07-18,AAPL,,,,,,,0.00,,0,,,,,,,,,,0.6800,2024-07-15T15:04:00+00:00,551,2747
summary,2024-07-18,NVDA,,,,,,,0.00,,0,,,,,,,,,,0.6868,2024-07-15T15:01:00+00:00,752,3267
summary,2024-07-19,QQQ,,,,,,,0.00,,0,,,,,,,,,,0.4594,2024-07-16T13:39:00+00:00,201,3061
summary,2024-07-19,NVDA,,,,,,,0.00,,0,,,,,,,,,,1.0000,2024-07-16T13:38:00+00:00,1014,3271
trade,2024-07-19,MSFT,Long,2024-07-19T13:36:00+00:00,2024-07-19T14:31:00+00:00,437.9926,438.8272,0.61,0.51,0.001906,3300000,ScoreExit,0.4461,-0.0924,0.7114,0.6001,0.0496,-0.2479,-0.1606,0.0958,,,
summary,2024-07-19,MSFT,,,,,,,0.51,,1,,,,,,,,,,0.4496,2024-07-19T14:09:00+00:00,324,2430
trade,2024-07-22,AAPL,Long,2024-07-22T14:12:00+00:00,2024-07-22T14:51:00+00:00,227.0504,226.2920,1.32,-1.00,-0.003340,2340000,ScoreExit,0.3856,-0.1276,0.5596,0.3303,0.4382,-0.4967,-0.3490,0.4382,,,
summary,2024-07-22,AAPL,,,,,,,-1.00,,1,,,,,,,,,,0.9340,2024-07-19T13:39:00+00:00,458,1091
summary,2024-07-22,NVDA,,,,,,,0.00,,0,,,,,,,,,,1.0000,2024-07-19T13:41:00+00:00,705,1350
summary,2024-07-23,SPY,,,,,,,0.00,,0,,,,,,,,,,0.5445,2024-07-22T09:37:00+00:00,873,1416
trade,2024-07-23,QQQ,Long,2024-07-23T13:41:00+00:00,2024-07-23T14:03:00+00:00,482.7340,481.6586,0.62,-0.67,-0.002228,1320000,ScoreExit,0.4025,-0.0665,0.5018,0.4202,0.3342,-0.5843,-0.1218,0.2167,,,
summary,2024-07-23,QQQ,,,,,,,-0.67,,1,,,,,,,,,,0.5851,2024-07-22T13:47:00+00:00,955,1546
trade,2024-07-23,MSFT,Long,2024-07-23T13:40:00+00:00,2024-07-23T14:49:00+00:00,444.7839,444.7360,0.67,-0.03,-0.000108,4140000,ScoreExit,0.4228,-0.1031,0.5665,0.3676,0.4854,-0.4843,-0.3053,0.4283,,,
summary,2024-07-23,MSFT,,,,,,,-0.03,,1,,,,,,,,,,0.6613,2024-07-22T13:50:00+00:00,688,1068
summary,2024-07-24,QQQ,,,,,,,0.00,,0,,,,,,,,,,0.5851,2024-07-22T13:47:00+00:00,997,2455
summary,2024-07-25,SPY,,,,,,,0.00,,0,,,,,,,,,,0.7905,2024-07-22T14:44:00+00:00,975,2920
trade,2024-07-25,QQQ,Long,2024-07-25T14:57:00+00:00,2024-07-25T15:42:00+00:00,463.4177,462.5425,0.65,-0.57,-0.001889,2700000,ScoreExit,0.4146,-0.0887,0.4251,0.5883,0.0637,-0.5547,-0.0953,0.0797,,,
summary,2024-07-25,QQQ,,,,,,,-0.57,,1,,,,,,,,,,0.7878,2024-07-22T14:40:00+00:00,933,3101
trade,2024-07-25,AAPL,Long,2024-07-25T14:52:00+00:00,2024-07-25T15:56:00+00:00,217.9836,218.7912,1.37,1.11,0.003705,3840000,SessionClose,0.3514,0.2146,0.5699,0.4672,0.0472,0.0792,0.2910,0.1069,,,
summary,2024-07-25,AAPL,,,,,,,1.11,,1,,,,,,,,,,0.7292,2024-07-22T14:15:00+00:00,594,2708
trade,2024-07-25,NVDA,Long,2024-07-25T14:41:00+00:00,2024-07-25T15:41:00+00:00,112.4625,114.2821,2.67,4.86,0.016180,3600000,ScoreExit,0.5024,-0.1144,0.5944,0.6561,0.1644,-0.2314,-0.2098,0.1153,,,
summary,2024-07-25,NVDA,,,,,,,4.86,,1,,,,,,,,,,1.0000,2024-07-22T13:35:00+00:00,1303,3261
summary,2024-07-25,MSFT,,,,,,,0.00,,0,,,,,,,,,,0.9180,2024-07-22T14:40:00+00:00,673,2290
summary,2024-07-26,QQQ,,,,,,,0.00,,0,,,,,,,,,,0.5530,2024-07-23T15:18:00+00:00,406,3139
summary,2024-07-26,AAPL,,,,,,,0.00,,0,,,,,,,,,,0.8431,2024-07-23T14:22:00+00:00,539,2752
summary,2024-07-26,NVDA,,,,,,,0.00,,0,,,,,,,,,,1.0000,2024-07-23T13:34:00+00:00,577,3264
summary,2024-07-26,MSFT,,,,,,,0.00,,0,,,,,,,,,,0.9454,2024-07-23T13:44:00+00:00,311,2442
summary,2024-07-29,SPY,,,,,,,0.00,,0,,,,,,,,,,0.7146,2024-07-26T16:09:00+00:00,695,1135
trade,2024-07-29,QQQ,Long,2024-07-29T13:59:00+00:00,2024-07-29T14:11:00+00:00,467.4585,466.0118,0.64,-0.93,-0.003095,720000,ScoreExit,0.4200,-0.1179,0.4739,0.3798,0.4824,-0.5589,-0.2983,0.3901,,,
summary,2024-07-29,QQQ,,,,,,,-0.93,,1,,,,,,,,,,0.7279,2024-07-26T16:09:00+00:00,752,1192
trade,2024-07-29,AAPL,Long,2024-07-29T13:39:00+00:00,2024-07-29T14:13:00+00:00,218.1190,217.6865,1.38,-0.60,-0.001983,2040000,ScoreExit,0.3738,-0.0670,0.5839,0.3984,0.2545,-0.5915,-0.0437,0.0611,,,
summary,2024-07-29,AAPL,,,,,,,-0.60,,1,,,,,,,,,,0.7782,2024-07-26T15:04:00+00:00,607,1100
trade,2024-07-29,NVDA,Long,2024-07-29T13:33:00+00:00,2024-07-29T14:50:00+00:00,113.9878,114.0222,2.62,0.09,0.000302,4620000,ScoreExit,0.5322,-0.1951,0.4730,0.4349,0.7464,-0.5635,-0.4019,0.3412,,,
summary,2024-07-29,NVDA,,,,,,,0.09,,1,,,,,,,,,,0.7012,2024-07-29T13:44:00+00:00,447,1348
summary,2024-07-30,SPY,,,,,,,0.00,,0,,,,,,,,,,0.7463,2024-07-29T10:07:00+00:00,507,1351
trade,2024-07-30,AAPL,Long,2024-07-30T13:41:00+00:00,2024-07-30T14:04:00+00:00,219.9190,219.1012,1.36,-1.12,-0.003719,1380000,ScoreExit,0.3768,-0.0754,0.5646,0.3013,0.4650,-0.5493,-0.1960,0.3237,,,
summary,2024-07-30,AAPL,,,,,,,-1.12,,1,,,,,,,,,,0.7506,2024-07-29T09:41:00+00:00,687,1259
summary,2024-07-30,MSFT,,,,,,,0.00,,0,,,,,,,,,,0.6353,2024-07-29T10:35:00+00:00,471,1195
summary,2024-07-31,AAPL,,,,,,,0.00,,0,,,,,,,,,,0.7506,2024-07-29T09:41:00+00:00,1188,2089
summary,2024-07-31,MSFT,,,,,,,0.00,,0,,,,,,,,,,0.6353,2024-07-29T10:35:00+00:00,788,2091
summary,2024-08-01,AAPL,,,,,,,0.00,,0,,,,,,,,,,1.0000,2024-07-29T13:38:00+00:00,1565,2710
trade,2024-08-01,NVDA,Long,2024-08-01T13:41:00+00:00,2024-08-01T14:01:00+00:00,118.5087,118.8612,2.54,0.89,0.002975,1200000,ScoreExit,0.4118,-0.0761,0.4600,0.3572,0.5051,-0.4110,-0.1211,0.1256,,,
summary,2024-08-01,NVDA,,,,,,,0.89,,1,,,,,,,,,,1.0000,2024-07-29T13:33:00+00:00,1478,3266
trade,2024-08-01,MSFT,Long,2024-08-01T13:41:00+00:00,2024-08-01T15:01:00+00:00,420.3991,423.1304,0.71,1.95,0.006497,4800000,ScoreExit,0.5369,-0.3150,0.3947,0.5639,0.5303,-0.3909,-0.5201,0.1206,,,
summary,2024-08-01,MSFT,,,,,,,1.95,,1,,,,,,,,,,0.6869,2024-08-01T13:55:00+00:00,1058,2663
summary,2024-08-02,SPY,,,,,,,0.00,,0,,,,,,,,,,0.5644,2024-07-31T08:01:00+00:00,1060,3010
summary,2024-08-02,QQQ,,,,,,,0.00,,0,,,,,,,,,,0.6015,2024-07-31T08:01:00+00:00,1225,3153
summary,2024-08-02,AAPL,,,,,,,0.00,,0,,,,,,,,,,0.9164,2024-07-30T13:41:00+00:00,1430,2943
summary,2024-08-02,NVDA,,,,,,,0.00,,0,,,,,,,,,,0.8274,2024-07-30T20:48:00+00:00,1537,3271
summary,2024-08-02,MSFT,,,,,,,0.00,,0,,,,,,,,,,0.8583,2024-07-31T12:44:00+00:00,946,2728
summary,2024-08-05,QQQ,,,,,,,0.00,,0,,,,,,,,,,1.0000,2024-08-02T13:39:00+00:00,493,1287
trade,2024-08-06,SPY,Long,2024-08-06T13:51:00+00:00,2024-08-06T15:56:00+00:00,519.8389,525.6498,0.58,3.35,0.011178,7500000,SessionClose,0.4375,0.3931,0.4891,0.4385,0.4184,0.5119,0.2771,0.5854,,,
summary,2024-08-06,SPY,,,,,,,3.35,,1,,,,,,,,,,0.8191,2024-08-05T14:01:00+00:00,1046,1647
trade,2024-08-06,QQQ,Long,2024-08-06T14:01:00+00:00,2024-08-06T15:56:00+00:00,438.2826,443.4363,0.60,3.10,0.011759,6900000,SessionClose,0.4730,0.4564,-0.1281,0.4744,0.6705,0.5083,0.3243,0.7034,,,
summary,2024-08-06,QQQ,,,,,,,3.10,,1,,,,,,,,,,1.0000,2024-08-05T08:09:00+00:00,1147,1663
trade,2024-08-06,AAPL,Long,2024-08-06T14:41:00+00:00,2024-08-06T15:28:00+00:00,205.7361,206.6537,1.46,1.34,0.004460,2820000,ScoreExit,0.3614,-0.0516,0.4609,0.4800,0.0912,-0.4492,-0.1577,0.2932,,,
summary,2024-08-06,AAPL,,,,,,,1.34,,1,,,,,,,,,,1.0000,2024-08-05T08:01:00+00:00,1048,1603
trade,2024-08-06,NVDA,Long,2024-08-06T13:53:00+00:00,2024-08-06T15:56:00+00:00,102.8954,105.1390,2.91,6.53,0.021805,7380000,SessionClose,0.4341,0.4384,0.6010,0.1955,0.8556,0.4109,0.2255,0.8736,,,
summary,2024-08-06,NVDA,,,,,,,6.53,,1,,,,,,,,,,1.0000,2024-08-05T08:05:00+00:00,1289,1681
summary,2024-08-06,MSFT,,,,,,,0.00,,0,,,,,,,,,,1.0000,2024-08-05T08:08:00+00:00,1017,1388
trade,2024-08-07,QQQ,Long,2024-08-07T13:31:00+00:00,2024-08-07T14:18:00+00:00,447.3945,447.1256,0.67,-0.18,-0.000601,2820000,ScoreExit,0.4327,-0.1006,0.5946,0.4032,0.4378,-0.4752,-0.2909,0.4049,,,
summary,2024-08-07,QQQ,,,,,,,-0.18,,1,,,,,,,,,,1.0000,2024-08-05T08:09:00+00:00,1546,2594
trade,2024-08-08,SPY,Long,2024-08-08T14:01:00+00:00,2024-08-08T15:56:00+00:00,525.4701,527.6993,0.57,1.27,0.004242,6900000,SessionClose,0.4414,0.1135,0.6018,0.4071,0.4566,0.5374,-0.1054,0.4098,,,
summary,2024-08-08,SPY,,,,,,,1.27,,1,,,,,,,,,,1.0000,2024-08-05T13:39:00+00:00,1832,3134
trade,2024-08-08,AAPL,Long,2024-08-08T14:26:00+00:00,2024-08-08T15:11:00+00:00,211.9474,211.6427,1.42,-0.43,-0.001438,2700000,ScoreExit,0.3551,-0.1149,0.2412,0.3317,0.4399,-0.4900,-0.3376,0.4556,,,
summary,2024-08-08,AAPL,,,,,,,-0.43,,1,,,,,,,,,,1.0000,2024-08-05T13:31:00+00:00,1926,2909
trade,2024-08-08,NVDA,Long,2024-08-08T14:26:00+00:00,2024-08-08T15:56:00+00:00,101.3453,103.0444,2.97,5.05,0.016766,5400000,SessionClose,0.4003,0.3326,0.2293,0.4969,0.2641,0.4320,0.1713,0.6220,,,
summary,2024-08-08,NVDA,,,,,,,5.05,,1,,,,,,,,,,1.0000,2024-08-05T13:31:00+00:00,2158,3271
trade,2024-08-08,MSFT,Long,2024-08-08T14:15:00+00:00,2024-08-08T15:02:00+00:00,404.4859,403.4743,0.74,-0.75,-0.002501,2820000,ScoreExit,0.4004,-0.0523,0.5774,0.3567,0.4288,-0.5763,-0.1822,0.3822,,,
summary,2024-08-08,MSFT,,,,,,,-0.75,,1,,,,,,,,,,1.0000,2024-08-05T13:34:00+00:00,1640,2485
trade,2024-08-09,QQQ,Long,2024-08-09T13:40:00+00:00,2024-08-09T13:57:00+00:00,448.4647,446.3092,0.67,-1.44,-0.004806,1020000,ScoreExit,0.4040,-0.0648,0.5313,0.4855,0.1984,-0.5484,-0.1158,0.1984,,,
summary,2024-08-09,QQQ,,,,,,,-1.44,,1,,,,,,,,,,0.9599,2024-08-06T14:47:00+00:00,1796,3170
summary,2024-08-09,AAPL,,,,,,,0.00,,0,,,,,,,,,,0.9605,2024-08-06T14:47:00+00:00,2055,2816
trade,2024-08-09,NVDA,Long,2024-08-09T13:39:00+00:00,2024-08-09T13:46:00+00:00,106.1662,105.1440,2.84,-2.90,-0.009629,420000,ScoreExit,0.4015,-0.2731,0.5173,0.5493,0.0673,-0.5024,-0.4050,0.0673,,,
summary,2024-08-09,NVDA,,,,,,,-2.90,,1,,,,,,,,,,1.0000,2024-08-06T13:32:00+00:00,1815,3271
trade,2024-08-09,MSFT,Long,2024-08-09T13:37:00+00:00,2024-08-09T13:57:00+00:00,405.2560,403.8342,0.74,-1.05,-0.003508,1200000,ScoreExit,0.4190,-0.0673,0.5342,0.5237,0.1711,-0.4987,-0.0986,0.1391,,,
summary,2024-08-09,MSFT,,,,,,,-1.05,,1,,,,,,,,,,0.9035,2024-08-06T14:37:00+00:00,1302,2434
trade,2024-08-12,QQQ,Long,2024-08-12T14:16:00+00:00,2024-08-12T15:24:00+00:00,452.0158,451.3247,0.66,-0.46,-0.001529,4080000,ScoreExit,0.4027,-0.2044,0.5523,0.3371,0.4839,-0.6344,-0.4259,0.3818,,,
summary,2024-08-12,QQQ,,,,,,,-0.46,,1,,,,,,,,,,0.8726,2024-08-09T15:04:00+00:00,842,1137
trade,2024-08-12,NVDA,Long,2024-08-12T14:54:00+00:00,2024-08-12T15:56:00+00:00,110.0070,109.2730,2.73,-2.00,-0.006672,3720000,SessionClose,0.4029,0.2703,0.0218,0.1678,1.0000,0.2578,-0.0914,0.9979,,,
summary,2024-08-12,NVDA,,,,,,,-2.00,,1,,,,,,,,,,1.0000,2024-08-09T13:39:00+00:00,874,1349
summary,2024-08-13,SPY,,,,,,,0.00,,0,,,,,,,,,,0.5199,2024-08-12T15:02:00+00:00,889,1372
trade,2024-08-13,QQQ,Long,2024-08-13T14:46:00+00:00,2024-08-13T15:56:00+00:00,458.0236,459.7930,0.66,1.16,0.003863,4200000,SessionClose,0.4204,0.1850,0.5279,0.3133,0.5987,0.4986,-0.0694,0.5894,,,
summary,2024-08-13,QQQ,,,,,,,1.16,,1,,,,,,,,,,0.6535,2024-08-12T14:36:00+00:00,927,1420
summary,2024-08-13,AAPL,,,,,,,0.00,,0,,,,,,,,,,0.6416,2024-08-12T14:18:00+00:00,850,1276
trade,2024-08-13,NVDA,Long,2024-08-13T13:46:00+00:00,2024-08-13T15:51:00+00:00,112.9776,114.6071,2.67,4.34,0.014423,7500000,MaxHoldTimeout,0.5204,0.1238,0.5665,0.3206,0.9047,0.1903,-0.2372,0.8236,,,
summary,2024-08-13,NVDA,,,,,,,4.34,,1,,,,,,,,,,0.7612,2024-08-12T13:34:00+00:00,1295,1679
trade,2024-08-13,MSFT,Long,2024-08-13T14:46:00+00:00,2024-08-13T15:56:00+00:00,411.4823,413.3223,0.73,1.34,0.004472,4200000,SessionClose,0.4348,0.1945,0.5534,0.3497,0.5655,0.3791,-0.0282,0.5786,,,
summary,2024-08-13,MSFT,,,,,,,1.34,,1,,,,,,,,,,0.7336,2024-08-12T09:58:00+00:00,682,1108
summary,2024-08-14,AAPL,,,,,,,0.00,,0,,,,,,,,,,0.6416,2024-08-12T14:18:00+00:00,1396,2012
trade,2024-08-14,NVDA,Long,2024-08-14T14:46:00+00:00,2024-08-14T15:56:00+00:00,115.8075,118.1214,2.60,6.02,0.019981,4200000,SessionClose,0.5022,0.5804,0.5261,0.4056,0.6874,0.5504,0.5038,0.7435,,,
summary,2024-08-14,NVDA,,,,,,,6.02,,1,,,,,,,,,,0.7612,2024-08-12T13:34:00+00:00,2158,2639
trade,2024-08-15,AAPL,Long,2024-08-15T14:11:00+00:00,2024-08-15T15:26:00+00:00,224.5035,224.3201,1.34,-0.25,-0.000817,4500000,ScoreExit,0.3744,-0.1280,0.4655,0.3410,0.4109,-0.4654,-0.3485,0.4253,,,
summary,2024-08-15,AAPL,,,,,,,-0.25,,1,,,,,,,,,,0.9560,2024-08-12T14:48:00+00:00,1832,2531
trade,2024-08-16,SPY,Long,2024-08-16T14:18:00+00:00,2024-08-16T14:46:00+00:00,553.5160,552.6844,0.54,-0.45,-0.001502,1680000,ScoreExit,0.4057,-0.0655,0.5611,0.4460,0.2731,0.2550,-0.2883,0.2731,,,
summary,2024-08-16,SPY,,,,,,,-0.45,,1,,,,,,,,,,0.7825,2024-08-13T15:04:00+00:00,2198,2741
trade,2024-08-16,QQQ,Long,2024-08-16T14:16:00+00:00,2024-08-16T14:46:00+00:00,474.4149,473.9802,0.63,-0.28,-0.000916,1800000,ScoreExit,0.4220,-0.0626,0.5521,0.4687,0.2854,0.0486,-0.2551,0.2854,,,
summary,2024-08-16,QQQ,,,,,,,-0.28,,1,,,,,,,,,,0.8681,2024-08-13T15:04:00+00:00,2368,2943
summary,2024-08-16,AAPL,,,,,,,0.00,,0,,,,,,,,,,0.8921,2024-08-13T14:04:00+00:00,1791,2585
trade,2024-08-16,NVDA,Long,2024-08-16T13:32:00+00:00,2024-08-16T14:46:00+00:00,121.6393,123.6153,2.47,4.89,0.016244,4440000,ScoreExit,0.4158,-0.1827,0.1055,0.5004,0.3499,-0.5370,-0.3858,0.3414,,,
summary,2024-08-16,NVDA,,,,,,,4.89,,1,,,,,,,,,,0.9580,2024-08-13T14:46:00+00:00,2848,3271
summary,2024-08-16,MSFT,,,,,,,0.00,,0,,,,,,,,,,0.8602,2024-08-13T15:04:00+00:00,1583,2200
trade,2024-08-19,SPY,Long,2024-08-19T14:51:00+00:00,2024-08-19T15:56:00+00:00,556.2412,556.6137,0.54,0.20,0.000670,3900000,SessionClose,0.4048,-0.0056,0.5530,0.3942,0.3766,-0.0492,-0.2058,0.4096,,,
summary,2024-08-19,SPY,,,,,,,0.20,,1,,,,,,,,,,0.5261,2024-08-16T16:14:00+00:00,921,1145
summary,2024-08-19,AAPL,,,,,,,0.00,,0,,,,,,,,,,0.7291,2024-08-16T15:53:00+00:00,734,1119
trade,2024-08-19,NVDA,Long,2024-08-19T13:41:00+00:00,2024-08-19T14:18:00+00:00,124.7499,124.0402,2.41,-1.71,-0.005689,2220000,ScoreExit,0.4978,-0.0808,0.5284,0.3625,0.7582,-0.5621,-0.3224,0.5626,,,
trade,2024-08-19,NVDA,Long,2024-08-19T14:31:00+00:00,2024-08-19T15:56:00+00:00,124.9650,127.4495,2.40,5.97,0.019882,5100000,SessionClose,0.4256,0.3856,0.5548,0.1969,0.8399,0.2978,0.1280,0.9300,,,
summary,2024-08-19,NVDA,,,,,,,4.26,,2,,,,,,,,,,1.0000,2024-08-16T13:33:00+00:00,1147,1351
summary,2024-08-19,MSFT,,,,,,,0.00,,0,,,,,,,,,,0.4545,2024-08-16T13:37:00+00:00,377,975
trade,2024-08-20,SPY,Long,2024-08-20T13:55:00+00:00,2024-08-20T14:11:00+00:00,560.5371,560.0230,0.54,-0.28,-0.000917,960000,ScoreExit,0.4020,-0.0597,0.5337,0.3822,0.3976,-0.4871,-0.1549,0.2733,,,
summary,2024-08-20,SPY,,,,,,,-0.28,,1,,,,,,,,,,0.5476,2024-08-19T09:33:00+00:00,1003,1386
trade,2024-08-20,NVDA,Long,2024-08-20T13:59:00+00:00,2024-08-20T14:11:00+00:00,129.8510,128.7491,2.31,-2.55,-0.008485,720000,ScoreExit,0.4045,-0.1875,0.5681,0.2940,0.5709,-0.4429,-0.3073,0.1371,,,
summary,2024-08-20,NVDA,,,,,,,-2.55,,1,,,,,,,,,,0.6992,2024-08-19T10:09:00+00:00,1274,1680
summary,2024-08-21,QQQ,,,,,,,0.00,,0,,,,,,,,,,0.7212,2024-08-19T09:33:00+00:00,1617,2356
trade,2024-08-21,NVDA,Long,2024-08-21T13:41:00+00:00,2024-08-21T14:51:00+00:00,128.3307,128.0793,2.34,-0.59,-0.001959,4200000,ScoreExit,0.4017,-0.1506,0.5503,0.3887,0.3779,-0.5884,-0.3194,0.3330,,,
summary,2024-08-21,NVDA,,,,,,,-0.59,,1,,,,,,,,,,0.6992,2024-08-19T10:09:00+00:00,1666,2639
trade,2024-08-21,MSFT,Long,2024-08-21T14:42:00+00:00,2024-08-21T14:51:00+00:00,425.6901,424.0102,0.70,-1.18,-0.003946,540000,ScoreExit,0.4006,-0.1127,0.5696,0.4767,0.1920,-0.5720,-0.1834,0.1820,,,
summary,2024-08-21,MSFT,,,,,,,-1.18,,1,,,,,,,,,,0.7873,2024-08-19T10:02:00+00:00,1089,1648
summary,2024-08-22,SPY,,,,,,,0.00,,0,,,,,,,,,,0.8158,2024-08-19T14:53:00+00:00,1675,2629
summary,2024-08-22,QQQ,,,,,,,0.00,,0,,,,,,,,,,0.8500,2024-08-19T15:04:00+00:00,1822,2864
summary,2024-08-22,AAPL,,,,,,,0.00,,0,,,,,,,,,,0.6028,2024-08-19T19:53:00+00:00,1370,2375
summary,2024-08-22,NVDA,,,,,,,0.00,,0,,,,,,,,,,1.0000,2024-08-19T13:41:00+00:00,2014,3265
trade,2024-08-22,MSFT,Long,2024-08-22T13:31:00+00:00,2024-08-22T14:06:00+00:00,424.7399,425.2999,0.71,0.40,0.001318,2100000,ScoreExit,0.4135,-0.0567,0.5357,0.4627,0.2744,-0.3436,-0.1236,0.1729,,,
summary,2024-08-22,MSFT,,,,,,,0.40,,1,,,,,,,,,,0.5902,2024-08-19T19:56:00+00:00,1184,2130
summary,2024-08-23,SPY,,,,,,,0.00,,0,,,,,,,,,,0.4062,2024-08-21T14:42:00+00:00,1294,2641
trade,2024-08-23,QQQ,Long,2024-08-23T14:25:00+00:00,2024-08-23T14:46:00+00:00,482.3815,480.3489,0.62,-1.26,-0.004214,1260000,ScoreExit,0.4002,-0.3079,0.5411,0.4864,0.1809,-0.4206,-0.4735,0.0609,,,
summary,2024-08-23,QQQ,,,,,,,-1.26,,1,,,,,,,,,,0.5283,2024-08-20T13:58:00+00:00,1089,2824
trade,2024-08-23,AAPL,Long,2024-08-23T14:01:00+00:00,2024-08-23T14:36:00+00:00,227.3655,227.5195,1.32,0.20,0.000677,2100000,ScoreExit,0.3648,-0.0561,0.4995,0.4201,0.2092,-0.4598,-0.1214,0.2092,,,
summary,2024-08-23,AAPL,,,,,,,0.20,,1,,,,,,,,,,0.7386,2024-08-20T13:38:00+00:00,1071,2343
trade,2024-08-23,NVDA,Long,2024-08-23T13:36:00+00:00,2024-08-23T14:49:00+00:00,126.3003,126.6097,2.37,0.73,0.002450,4380000,ScoreExit,0.4154,-0.2119,0.5662,0.5352,0.1257,-0.6362,-0.3347,0.1753,,,
summary,2024-08-23,NVDA,,,,,,,0.73,,1,,,,,,,,,,1.0000,2024-08-20T13:35:00+00:00,1413,3263
summary,2024-08-23,MSFT,,,,,,,0.00,,0,,,,,,,,,,0.6160,2024-08-20T18:24:00+00:00,747,2139
summary,2024-08-26,SPY,,,,,,,0.00,,0,,,,,,,,,,0.7741,2024-08-23T14:13:00+00:00,683,1129
summary,2024-08-26,QQQ,,,,,,,0.00,,0,,,,,,,,,,0.9064,2024-08-23T14:02:00+00:00,408,1168
summary,2024-08-26,AAPL,,,,,,,0.00,,0,,,,,,,,,,0.8929,2024-08-23T14:10:00+00:00,521,1036
trade,2024-08-26,NVDA,Long,2024-08-26T13:31:00+00:00,2024-08-26T13:51:00+00:00,129.7910,129.4753,2.31,-0.73,-0.002432,1200000,ScoreExit,0.4152,-0.1515,0.0793,0.4714,0.4149,-0.5498,-0.3684,0.4149,,,
summary,2024-08-26,NVDA,,,,,,,-0.73,,1,,,,,,,,,,1.0000,2024-08-23T13:36:00+00:00,974,1351
summary,2024-08-26,MSFT,,,,,,,0.00,,0,,,,,,,,,,0.7391,2024-08-23T14:10:00+00:00,199,944
trade,2024-08-27,AAPL,Long,2024-08-27T13:51:00+00:00,2024-08-27T15:52:00+00:00,226.1002,228.2093,1.33,2.80,0.009328,7260000,MaxHoldTimeout,0.3505,-0.0489,0.5309,0.3722,0.2472,-0.5056,-0.2485,0.5026,,,
summary,2024-08-27,AAPL,,,,,,,2.80,,1,,,,,,,,,,0.5385,2024-08-27T14:23:00+00:00,749,1256
trade,2024-08-27,NVDA,Long,2024-08-27T13:54:00+00:00,2024-08-27T15:55:00+00:00,126.8224,127.7195,2.37,2.12,0.007074,7260000,MaxHoldTimeout,0.4388,0.0200,0.6408,0.5839,0.0814,0.0518,-0.2418,0.5330,,,
summary,2024-08-27,NVDA,,,,,,,2.12,,1,,,,,,,,,,0.6293,2024-08-26T08:09:00+00:00,723,1681
summary,2024-08-27,MSFT,,,,,,,0.00,,0,,,,,,,,,,0.4097,2024-08-26T13:34:00+00:00,306,1022
summary,2024-08-28,QQQ,,,,,,,0.00,,0,,,,,,,,,,0.4616,2024-08-27T14:29:00+00:00,606,2258
trade,2024-08-28,AAPL,Long,2024-08-28T13:31:00+00:00,2024-08-28T14:41:00+00:00,228.8108,229.2291,1.31,0.55,0.001829,4200000,ScoreExit,0.3556,-0.1292,0.5835,0.4009,0.1892,-0.3560,-0.2100,0.1079,,,
summary,2024-08-28,AAPL,,,,,,,0.55,,1,,,,,,,,,,0.5385,2024-08-27T14:23:00+00:00,1014,1936
summary,2024-08-28,MSFT,,,,,,,0.00,,0,,,,,,,,,,0.4097,2024-08-26T13:34:00+00:00,378,1547
summary,2024-08-29,SPY,,,,,,,0.00,,0,,,,,,,,,,0.4504,2024-08-29T08:14:00+00:00,893,2758
trade,2024-08-29,NVDA,Long,2024-08-29T13:32:00+00:00,2024-08-29T14:01:00+00:00,121.2392,123.0454,2.48,4.47,0.014897,1740000,ScoreExit,0.4555,-0.1198,0.0616,0.6988,0.1001,-0.0353,-0.1997,0.0119,,,
summary,2024-08-29,NVDA,,,,,,,4.47,,1,,,,,,,,,,1.0000,2024-08-26T13:40:00+00:00,1034,3271
summary,2024-08-29,MSFT,,,,,,,0.00,,0,,,,,,,,,,0.7327,2024-08-29T13:57:00+00:00,603,2132
summary,2024-08-30,SPY,,,,,,,0.00,,0,,,,,,,,,,0.8380,2024-08-27T15:00:00+00:00,1235,2772
summary,2024-08-30,QQQ,,,,,,,0.00,,0,,,,,,,,,,0.9522,2024-08-27T14:59:00+00:00,1246,2953
trade,2024-08-30,NVDA,Long,2024-08-30T13:42:00+00:00,2024-08-30T15:43:00+00:00,120.1690,118.0414,2.50,-5.32,-0.017705,7260000,MaxHoldTimeout,0.4267,0.0000,0.5840,0.5329,0.1620,0.2374,-0.2699,-0.2321,,,
summary,2024-08-30,NVDA,,,,,,,-5.32,,1,,,,,,,,,,1.0000,2024-08-27T13:33:00+00:00,1103,3270
summary,2024-08-30,MSFT,,,,,,,0.00,,0,,,,,,,,,,0.8901,2024-08-27T14:29:00+00:00,927,2171
summary,2024-09-02,QQQ,,,,,,,0.00,,0,,,,,,,,,,0.6238,2024-08-30T14:02:00+00:00,257,526
summary,2024-09-02,AAPL,,,,,,,0.00,,0,,,,,,,,,,0.7404,2024-08-30T14:49:00+00:00,118,518
summary,2024-09-03,QQQ,,,,,,,0.00,,0,,,,,,,,,,0.4900,2024-09-03T12:23:00+00:00,27,700
summary,2024-09-03,NVDA,,,,,,,0.00,,0,,,,,,,,,,0.2549,2024-09-03T19:02:00+00:00,34,721
trade,2024-09-03,MSFT,Long,2024-09-03T13:44:00+00:00,2024-09-03T14:04:00+00:00,418.2086,417.5415,0.72,-0.48,-0.001595,1200000,ScoreExit,0.4581,-0.0783,0.6032,0.3729,0.5800,-0.5099,-0.0610,0.0311,,,
summary,2024-09-03,MSFT,,,,,,,-0.48,,1,,,,,,,,,,0.6717,2024-09-03T13:46:00+00:00,52,494
summary,2024-09-04,SPY,,,,,,,0.00,,0,,,,,,,,,,0.4127,2024-09-03T12:23:00+00:00,132,1493
summary,2024-09-04,QQQ,,,,,,,0.00,,0,,,,,,,,,,0.4900,2024-09-03T12:23:00+00:00,141,1596
summary,2024-09-04,AAPL,,,,,,,0.00,,0,,,,,,,,,,0.4351,2024-09-03T08:21:00+00:00,16,1420
trade,2024-09-05,QQQ,Long,2024-09-05T13:55:00+00:00,2024-09-05T14:45:00+00:00,462.6775,463.3423,0.65,0.43,0.001437,3000000,ScoreExit,0.4103,-0.0668,0.5568,0.5526,0.0770,-0.5558,-0.0432,0.0490,,,
summary,2024-09-05,QQQ,,,,,,,0.43,,1,,,,,,,,,,0.4900,2024-09-03T12:23:00+00:00,206,2450
trade,2024-09-05,NVDA,Long,2024-09-05T13:31:00+00:00,2024-09-05T14:45:00+00:00,105.2861,108.3433,2.85,8.72,0.029038,4440000,ScoreExit,0.4210,-0.0744,0.1138,0.5276,0.3104,-0.5592,-0.0857,0.1098,,,
summary,2024-09-05,NVDA,,,,,,,8.72,,1,,,,,,,,,,0.6502,2024-09-05T13:58:00+00:00,516,2641
summary,2024-09-06,SPY,,,,,,,0.00,,0,,,,,,,,,,0.3560,2024-09-06T12:49:00+00:00,212,2800
summary,2024-09-06,QQQ,,,,,,,0.00,,0,,,,,,,,,,0.4509,2024-09-05T14:02:00+00:00,308,3020
summary,2024-09-06,AAPL,,,,,,,0.00,,0,,,,,,,,,,0.6056,2024-09-05T13:36:00+00:00,495,2584
summary,2024-09-06,NVDA,,,,,,,0.00,,0,,,,,,,,,,0.7074,2024-09-04T15:04:00+00:00,854,3271
summary,2024-09-06,MSFT,,,,,,,0.00,,0,,,,,,,,,,0.9432,2024-09-03T13:46:00+00:00,368,2135
summary,2024-09-09,QQQ,,,,,,,0.00,,0,,,,,,,,,,0.6069,2024-09-09T08:02:00+00:00,464,1267
summary,2024-09-09,AAPL,,,,,,,0.00,,0,,,,,,,,,,0.8482,2024-09-06T13:45:00+00:00,301,1162
summary,2024-09-09,NVDA,,,,,,,0.00,,0,,,,,,,,,,0.7793,2024-09-09T13:39:00+00:00,660,1351
summary,2024-09-09,MSFT,,,,,,,0.00,,0,,,,,,,,,,0.6542,2024-09-09T08:02:00+00:00,304,990
summary,2024-09-10,SPY,,,,,,,0.00,,0,,,,,,,,,,0.7276,2024-09-09T09:24:00+00:00,954,1468
summary,2024-09-10,QQQ,,,,,,,0.00,,0,,,,,,,,,,0.7412,2024-09-09T09:25:00+00:00,985,1555
trade,2024-09-10,AAPL,Long,2024-09-10T14:26:00+00:00,2024-09-10T15:46:00+00:00,219.0788,219.5912,1.37,0.70,0.002339,4800000,ScoreExit,0.3757,-0.1212,0.5117,0.4832,0.1153,-0.4901,-0.1895,0.1384,,,
summary,2024-09-10,AAPL,,,,,,,0.70,,1,,,,,,,,,,0.6710,2024-09-09T16:02:00+00:00,725,1467
summary,2024-09-10,NVDA,,,,,,,0.00,,0,,,,,,,,,,0.7802,2024-09-09T13:39:00+00:00,1140,1678
summary,2024-09-11,NVDA,,,,,,,0.00,,0,,,,,,,,,,0.7802,2024-09-09T13:39:00+00:00,1989,2632
summary,2024-09-12,SPY,,,,,,,0.00,,0,,,,,,,,,,0.5741,2024-09-09T16:19:00+00:00,1856,2746
trade,2024-09-12,QQQ,Long,2024-09-12T14:16:00+00:00,2024-09-12T14:59:00+00:00,469.9190,469.6411,0.64,-0.18,-0.000591,2580000,ScoreExit,0.4017,-0.0544,0.5200,0.4283,0.3092,-0.3860,-0.1808,0.3092,,,
summary,2024-09-12,QQQ,,,,,,,-0.18,,1,,,,,,,,,,0.6004,2024-09-09T17:08:00+00:00,2168,2945
summary,2024-09-12,AAPL,,,,,,,0.00,,0,,,,,,,,,,0.7521,2024-09-09T16:02:00+00:00,1621,2561
trade,2024-09-12,NVDA,Long,2024-09-12T13:41:00+00:00,2024-09-12T15:42:00+00:00,117.4885,118.4975,2.56,2.58,0.008588,7260000,MaxHoldTimeout,0.4668,-0.0868,0.5031,0.4251,0.5380,-0.0232,-0.4121,0.5427,,,
summary,2024-09-12,NVDA,,,,,,,2.58,,1,,,,,,,,,,1.0000,2024-09-09T13:32:00+00:00,2663,3262
summary,2024-09-12,MSFT,,,,,,,0.00,,0,,,,,,,,,,0.6831,2024-09-10T13:40:00+00:00,1447,2159
trade,2024-09-13,SPY,Long,2024-09-13T14:24:00+00:00,2024-09-13T15:56:00+00:00,562.0074,562.6025,0.53,0.32,0.001059,5520000,SessionClose,0.4001,0.3144,0.5254,0.4170,0.3245,0.4946,0.2701,0.3430,,,
summary,2024-09-13,SPY,,,,,,,0.32,,1,,,,,,,,,,0.4955,2024-09-11T16:04:00+00:00,1867,2708
summary,2024-09-13,QQQ,,,,,,,0.00,,0,,,,,,,,,,0.6309,2024-09-11T16:04:00+00:00,2149,2903
summary,2024-09-13,AAPL,,,,,,,0.00,,0,,,,,,,,,,0.8959,2024-09-10T14:28:00+00:00,1713,2412
summary,2024-09-13,NVDA,,,,,,,0.00,,0,,,,,,,,,,1.0000,2024-09-10T13:31:00+00:00,2591,3265
summary,2024-09-16,QQQ,,,,,,,0.00,,0,,,,,,,,,,0.6469,2024-09-13T14:46:00+00:00,487,1169
summary,2024-09-16,AAPL,,,,,,,0.00,,0,,,,,,,,,,0.6860,2024-09-13T15:04:00+00:00,289,1187
trade,2024-09-16,MSFT,Long,2024-09-16T13:39:00+00:00,2024-09-16T14:26:00+00:00,431.0662,431.1687,0.70,0.07,0.000238,2820000,ScoreExit,0.4049,-0.0710,0.5264,0.4245,0.3252,-0.5431,-0.1519,0.2481,,,
summary,2024-09-16,MSFT,,,,,,,0.07,,1,,,,,,,,,,0.8642,2024-09-13T13:40:00+00:00,632,919
trade,2024-09-17,AAPL,Long,2024-09-17T14:46:00+00:00,2024-09-17T14:56:00+00:00,216.6833,216.4517,1.38,-0.32,-0.001069,600000,ScoreExit,0.3631,-0.0723,0.5208,0.3920,0.2527,-0.4711,-0.1565,0.2289,,,
summary,2024-09-17,AAPL,,,,,,,-0.32,,1,,,,,,,,,,0.5863,2024-09-16T14:14:00+00:00,732,1431
summary,2024-09-17,MSFT,,,,,,,0.00,,0,,,,,,,,,,0.6814,2024-09-16T13:44:00+00:00,623,1158
summary,2024-09-18,QQQ,,,,,,,0.00,,0,,,,,,,,,,0.4421,2024-09-18T18:34:00+00:00,1203,2252
summary,2024-09-18,NVDA,,,,,,,0.00,,0,,,,,,,,,,0.6925,2024-09-16T14:13:00+00:00,828,2631
summary,2024-09-19,AAPL,,,,,,,0.00,,0,,,,,,,,,,0.8992,2024-09-16T14:14:00+00:00,2021,2659
summary,2024-09-19,MSFT,,,,,,,0.00,,0,,,,,,,,,,0.9413,2024-09-16T13:44:00+00:00,1159,2276
summary,2024-09-20,SPY,,,,,,,0.00,,0,,,,,,,,,,0.7587,2024-09-17T14:46:00+00:00,1452,2818
summary,2024-09-20,AAPL,,,,,,,0.00,,0,,,,,,,,,,0.9251,2024-09-17T14:49:00+00:00,2150,2665
summary,2024-09-20,NVDA,,,,,,,0.00,,0,,,,,,,,,,0.8023,2024-09-17T14:45:00+00:00,1187,3261
summary,2024-09-23,QQQ,,,,,,,0.00,,0,,,,,,,,,,0.6055,2024-09-20T19:38:00+00:00,690,1190
trade,2024-09-23,AAPL,Long,2024-09-23T14:48:00+00:00,2024-09-23T15:36:00+00:00,228.7307,228.6293,1.31,-0.13,-0.000444,2880000,ScoreExit,0.3718,-0.0753,0.5716,0.4871,0.0746,-0.1999,-0.1176,0.0510,,,
summary,2024-09-23,AAPL,,,,,,,-0.13,,1,,,,,,,,,,0.7612,2024-09-20T13:36:00+00:00,282,1215
summary,2024-09-23,NVDA,,,,,,,0.00,,0,,,,,,,,,,1.0000,2024-09-20T13:34:00+00:00,342,1346
summary,2024-09-23,MSFT,,,,,,,0.00,,0,,,,,,,,,,0.5625,2024-09-20T13:50:00+00:00,284,1013
summary,2024-09-24,SPY,,,,,,,0.00,,0,,,,,,,,,,0.4148,2024-09-24T08:18:00+00:00,754,1332
summary,2024-09-24,QQQ,,,,,,,0.00,,0,,,,,,,,,,0.5055,2024-09-24T15:53:00+00:00,820,1456
summary,2024-09-24,AAPL,,,,,,,0.00,,0,,,,,,,,,,0.6528,2024-09-23T14:53:00+00:00,606,1364
summary,2024-09-25,SPY,,,,,,,0.00,,0,,,,,,,,,,0.4148,2024-09-24T08:18:00+00:00,1076,2051
summary,2024-09-25,QQQ,,,,,,,0.00,,0,,,,,,,,,,0.5055,2024-09-24T15:53:00+00:00,1278,2284
trade,2024-09-25,AAPL,Long,2024-09-25T13:55:00+00:00,2024-09-25T14:41:00+00:00,226.7803,226.4047,1.32,-0.50,-0.001656,2760000,ScoreExit,0.3590,-0.0744,0.5756,0.4534,0.0981,0.1960,-0.1577,0.0021,,,
summary,2024-09-25,AAPL,,,,,,,-0.50,,1,,,,,,,,,,0.6528,2024-09-23T14:53:00+00:00,734,2124
trade,2024-09-25,NVDA,Long,2024-09-25T13:31:00+00:00,2024-09-25T15:32:00+00:00,122.2394,123.9802,2.46,4.28,0.014241,7260000,MaxHoldTimeout,0.4848,-0.1120,0.4193,0.4439,0.5884,-0.4778,-0.3642,0.5144,,,
summary,2024-09-25,NVDA,,,,,,,4.28,,1,,,,,,,,,,0.8257,2024-09-24T15:53:00+00:00,1714,2629
summary,2024-09-26,SPY,,,,,,,0.00,,0,,,,,,,,,,0.4715,2024-09-23T14:53:00+00:00,1457,2623
summary,2024-09-26,MSFT,,,,,,,0.00,,0,,,,,,,,,,0.9589,2024-09-23T14:44:00+00:00,793,2097
summary,2024-09-27,SPY,,,,,,,0.00,,0,,,,,,,,,,0.5620,2024-09-24T15:54:00+00:00,1567,2674
summary,2024-09-27,QQQ,,,,,,,0.00,,0,,,,,,,,,,0.7248,2024-09-24T15:53:00+00:00,1849,2948
trade,2024-09-27,AAPL,Long,2024-09-27T13:31:00+00:00,2024-09-27T13:41:00+00:00,229.1608,228.3493,1.31,-1.06,-0.003541,600000,ScoreExit,0.3736,-0.1015,0.5450,0.3899,0.2838,-0.4496,-0.2361,0.2838,,,
summary,2024-09-27,AAPL,,,,,,,-1.06,,1,,,,,,,,,,0.5702,2024-09-24T15:04:00+00:00,1234,2614
summary,2024-09-27,MSFT,,,,,,,0.00,,0,,,,,,,,,,0.5799,2024-09-26T08:11:00+00:00,1017,2096
summary,2024-09-30,SPY,,,,,,,0.00,,0,,,,,,,,,,0.5023,2024-09-30T19:57:00+00:00,269,1169
summary,2024-09-30,QQQ,,,,,,,0.00,,0,,,,,,,,,,0.4722,2024-09-30T19:57:00+00:00,142,1191
trade,2024-09-30,NVDA,Long,2024-09-30T13:37:00+00:00,2024-09-30T15:38:00+00:00,120.5391,120.5009,2.49,-0.10,-0.000317,7260000,MaxHoldTimeout,0.5081,0.0108,0.6488,0.7200,0.0373,-0.5569,0.0232,0.1752,,,
summary,2024-09-30,NVDA,,,,,,,-0.10,,1,,,,,,,,,,0.5825,2024-09-30T13:44:00+00:00,243,1350
summary,2024-09-30,MSFT,,,,,,,0.00,,0,,,,,,,,,,0.5245,2024-09-30T19:57:00+00:00,183,930
summary,2024-10-01,SPY,,,,,,,0.00,,0,,,,,,,,,,0.5102,2024-09-30T19:57:00+00:00,618,1451
summary,2024-10-01,NVDA,,,,,,,0.00,,0,,,,,,,,,,0.7985,2024-09-30T13:37:00+00:00,791,1676
summary,2024-10-01,MSFT,,,,,,,0.00,,0,,,,,,,,,,0.5514,2024-09-30T19:57:00+00:00,369,1053
summary,2024-10-02,SPY,,,,,,,0.00,,0,,,,,,,,,,0.5102,2024-09-30T19:57:00+00:00,671,2289
summary,2024-10-02,MSFT,,,,,,,0.00,,0,,,,,,,,,,0.5514,2024-09-30T19:57:00+00:00,369,1614
summary,2024-10-03,SPY,,,,,,,0.00,,0,,,,,,,,,,0.6752,2024-09-30T19:57:00+00:00,698,2815
trade,2024-10-03,QQQ,Long,2024-10-03T14:05:00+00:00,2024-10-03T15:56:00+00:00,484.1218,482.9584,0.62,-0.72,-0.002403,6660000,SessionClose,0.4050,0.2234,0.5792,0.5470,0.0629,0.4323,0.2575,0.0856,,,
summary,2024-10-03,QQQ,,,,,,,-0.72,,1,,,,,,,,,,0.6709,2024-09-30T19:57:00+00:00,869,2881
trade,2024-10-03,NVDA,Long,2024-10-03T13:31:00+00:00,2024-10-03T15:56:00+00:00,120.9342,123.2303,2.48,5.70,0.018987,8700000,SessionClose,0.4091,0.3262,-0.4171,0.4290,0.6445,0.4874,0.1609,0.6031,,,
summary,2024-10-03,NVDA,,,,,,,5.70,,1,,,,,,,,,,1.0000,2024-09-30T13:31:00+00:00,1905,3265
summary,2024-10-03,MSFT,,,,,,,0.00,,0,,,,,,,,,,0.8135,2024-09-30T13:33:00+00:00,290,2051
summary,2024-10-04,QQQ,,,,,,,0.00,,0,,,,,,,,,,0.6296,2024-10-01T18:29:00+00:00,1396,2941
summary,2024-10-04,AAPL,,,,,,,0.00,,0,,,,,,,,,,0.4737,2024-10-02T15:44:00+00:00,955,2558
summary,2024-10-04,MSFT,,,,,,,0.00,,0,,,,,,,,,,0.5501,2024-10-01T18:29:00+00:00,206,2072
summary,2024-10-07,MSFT,,,,,,,0.00,,0,,,,,,,,,,0.5613,2024-10-04T16:44:00+00:00,191,1007
trade,2024-10-08,SPY,Long,2024-10-08T14:01:00+00:00,2024-10-08T15:56:00+00:00,571.3793,572.1405,0.53,0.40,0.001332,6900000,SessionClose,0.4017,0.3690,0.5708,0.3897,0.3696,0.5346,0.3188,0.4143,,,
summary,2024-10-08,SPY,,,,,,,0.40,,1,,,,,,,,,,0.4093,2024-10-08T14:42:00+00:00,720,1450
trade,2024-10-08,QQQ,Long,2024-10-08T13:54:00+00:00,2024-10-08T15:56:00+00:00,485.4421,488.1024,0.62,1.64,0.005480,7320000,SessionClose,0.4064,0.3465,0.5652,0.4073,0.3517,0.5262,0.2390,0.5016,,,
summary,2024-10-08,QQQ,,,,,,,1.64,,1,,,,,,,,,,0.4976,2024-10-08T14:00:00+00:00,717,1520
summary,2024-10-08,AAPL,,,,,,,0.00,,0,,,,,,,,,,0.5409,2024-10-07T08:35:00+00:00,666,1385
summary,2024-10-09,QQQ,,,,,,,0.00,,0,,,,,,,,,,0.4976,2024-10-08T14:00:00+00:00,1314,2345
summary,2024-10-09,NVDA,,,,,,,0.00,,0,,,,,,,,,,0.7712,2024-10-07T13:37:00+00:00,2083,2641
summary,2024-10-10,SPY,,,,,,,0.00,,0,,,,,,,,,,0.4182,2024-10-08T14:42:00+00:00,1613,2740
summary,2024-10-10,QQQ,,,,,,,0.00,,0,,,,,,,,,,0.4990,2024-10-08T14:00:00+00:00,1758,2864
summary,2024-10-10,AAPL,,,,,,,0.00,,0,,,,,,,,,,0.5748,2024-10-07T14:42:00+00:00,1511,2453
trade,2024-10-10,NVDA,Long,2024-10-10T13:36:00+00:00,2024-10-10T15:56:00+00:00,132.4815,134.6681,2.27,4.97,0.016505,8400000,SessionClose,0.4555,0.4487,0.5550,0.5078,0.3177,0.5210,0.3880,0.5458,,,
summary,2024-10-10,NVDA,,,,,,,4.97,,1,,,,,,,,,,1.0000,2024-10-07T13:33:00+00:00,2459,3269
trade,2024-10-11,SPY,Long,2024-10-11T14:11:00+00:00,2024-10-11T15:19:00+00:00,578.8808,579.1691,0.52,0.15,0.000498,4080000,ScoreExit,0.4149,-0.0650,0.5678,0.4684,0.2570,-0.4492,-0.1714,0.2761,,,
summary,2024-10-11,SPY,,,,,,,0.15,,1,,,,,,,,,,0.8329,2024-10-08T14:42:00+00:00,1868,2674
summary,2024-10-11,AAPL,,,,,,,0.00,,0,,,,,,,,,,0.9267,2024-10-08T14:43:00+00:00,1585,2290
summary,2024-10-11,MSFT,,,,,,,0.00,,0,,,,,,,,,,0.9558,2024-10-08T14:42:00+00:00,1278,2116
trade,2024-10-14,SPY,Long,2024-10-14T13:44:00+00:00,2024-10-14T15:45:00+00:00,582.2614,582.8084,0.52,0.28,0.000939,7260000,MaxHoldTimeout,0.4166,0.0061,0.5570,0.3827,0.4375,-0.3146,-0.1497,0.4247,,,
summary,2024-10-14,SPY,,,,,,,0.28,,1,,,,,,,,,,0.6604,2024-10-11T14:40:00+00:00,839,1181
summary,2024-10-14,QQQ,,,,,,,0.00,,0,,,,,,,,,,0.7891,2024-10-11T14:27:00+00:00,885,1188
trade,2024-10-14,AAPL,Long,2024-10-14T13:31:00+00:00,2024-10-14T15:00:00+00:00,229.5509,229.4191,1.31,-0.17,-0.000574,5340000,ScoreExit,0.4764,-0.1486,0.5023,0.4255,0.5696,-0.5260,-0.3795,0.4389,,,
summary,2024-10-14,AAPL,,,,,,,-0.17,,1,,,,,,,,,,0.7031,2024-10-11T14:38:00+00:00,645,1065
summary,2024-10-14,NVDA,,,,,,,0.00,,0,,,,,,,,,,0.8912,2024-10-11T14:12:00+00:00,833,1347
summary,2024-10-15,QQQ,,,,,,,0.00,,0,,,,,,,,,,0.5851,2024-10-14T13:59:00+00:00,717,1493
summary,2024-10-15,NVDA,,,,,,,0.00,,0,,,,,,,,,,0.7427,2024-10-14T13:59:00+00:00,660,1679
summary,2024-10-15,MSFT,,,,,,,0.00,,0,,,,,,,,,,0.6786,2024-10-14T13:50:00+00:00,334,1077
summary,2024-10-16,QQQ,,,,,,,0.00,,0,,,,,,,,,,0.5851,2024-10-14T13:59:00+00:00,790,2331
summary,2024-10-16,AAPL,,,,,,,0.00,,0,,,,,,,,,,0.6674,2024-10-14T13:37:00+00:00,1059,2012
summary,2024-10-16,MSFT,,,,,,,0.00,,0,,,,,,,,,,0.6786,2024-10-14T13:50:00+00:00,397,1649
summary,2024-10-17,SPY,,,,,,,0.00,,0,,,,,,,,,,0.7668,2024-10-14T14:43:00+00:00,1457,2763
summary,2024-10-17,QQQ,,,,,,,0.00,,0,,,,,,,,,,0.6465,2024-10-14T13:59:00+00:00,1009,2884
summary,2024-10-17,AAPL,,,,,,,0.00,,0,,,,,,,,,,1.0000,2024-10-14T13:35:00+00:00,1189,2575
summary,2024-10-17,MSFT,,,,,,,0.00,,0,,,,,,,,,,0.8950,2024-10-14T14:23:00+00:00,488,2153
summary,2024-10-18,SPY,,,,,,,0.00,,0,,,,,,,,,,0.4569,2024-10-17T08:31:00+00:00,1249,2711
summary,2024-10-18,AAPL,,,,,,,0.00,,0,,,,,,,,,,1.0000,2024-10-15T13:35:00+00:00,762,2585
summary,2024-10-18,NVDA,,,,,,,0.00,,0,,,,,,,,,,0.7568,2024-10-17T08:11:00+00:00,2063,3270
summary,2024-10-18,MSFT,,,,,,,0.00,,0,,,,,,,,,,0.4670,2024-10-17T08:31:00+00:00,837,2132
trade,2024-10-21,QQQ,Long,2024-10-21T14:17:00+00:00,2024-10-21T14:31:00+00:00,496.1741,494.8260,0.60,-0.82,-0.002717,840000,ScoreExit,0.4304,-0.0597,0.5617,0.4650,0.3173,-0.5665,-0.0863,0.1625,,,
summary,2024-10-21,QQQ,,,,,,,-0.82,,1,,,,,,,,,,0.4789,2024-10-18T13:41:00+00:00,519,1155
trade,2024-10-21,AAPL,Long,2024-10-21T13:43:00+00:00,2024-10-21T15:08:00+00:00,235.4221,235.4479,1.27,0.03,0.000110,5100000,ScoreExit,0.3852,-0.1177,0.4914,0.4549,0.2105,-0.5004,-0.2623,0.2992,,,
summary,2024-10-21,AAPL,,,,,,,0.03,,1,,,,,,,,,,0.5644,2024-10-18T14:01:00+00:00,464,1095
summary,2024-10-22,SPY,,,,,,,0.00,,0,,,,,,,,,,0.3885,2024-10-22T18:04:00+00:00,657,1383
summary,2024-10-22,AAPL,,,,,,,0.00,,0,,,,,,,,,,0.5611,2024-10-21T14:14:00+00:00,668,1315
summary,2024-10-23,AAPL,,,,,,,0.00,,0,,,,,,,,,,0.5611,2024-10-21T14:14:00+00:00,721,1971
summary,2024-10-23,NVDA,,,,,,,0.00,,0,,,,,,,,,,0.8085,2024-10-21T13:53:00+00:00,1510,2635
summary,2024-10-23,MSFT,,,,,,,0.00,,0,,,,,,,,,,0.7563,2024-10-22T13:57:00+00:00,1144,1752
summary,2024-10-24,SPY,,,,,,,0.00,,0,,,,,,,,,,0.3886,2024-10-22T18:04:00+00:00,683,2755
summary,2024-10-24,AAPL,,,,,,,0.00,,0,,,,,,,,,,0.6258,2024-10-21T14:16:00+00:00,648,2515
summary,2024-10-24,NVDA,,,,,,,0.00,,0,,,,,,,,,,1.0000,2024-10-21T13:34:00+00:00,1726,3268
summary,2024-10-24,MSFT,,,,,,,0.00,,0,,,,,,,,,,0.7312,2024-10-22T13:57:00+00:00,1369,2258
trade,2024-10-25,QQQ,Long,2024-10-25T13:42:00+00:00,2024-10-25T14:47:00+00:00,496.6843,498.7252,0.60,1.23,0.004109,3900000,ScoreExit,0.4033,-0.0532,0.2441,0.4511,0.3606,-0.5565,-0.1665,0.3410,,,
summary,2024-10-25,QQQ,,,,,,,1.23,,1,,,,,,,,,,0.7322,2024-10-22T14:08:00+00:00,1356,2936
trade,2024-10-25,NVDA,Long,2024-10-25T13:31:00+00:00,2024-10-25T15:32:00+00:00,141.0919,143.8462,2.13,5.86,0.019521,7260000,MaxHoldTimeout,0.4138,0.1499,0.2471,0.4698,0.3574,0.0691,-0.0205,0.5177,,,
summary,2024-10-25,NVDA,,,,,,,5.86,,1,,,,,,,,,,1.0000,2024-10-22T13:38:00+00:00,1081,3257
trade,2024-10-25,MSFT,Long,2024-10-25T13:36:00+00:00,2024-10-25T15:26:00+00:00,428.8007,431.3787,0.70,1.80,0.006012,6600000,ScoreExit,0.4510,-0.0619,0.4860,0.4703,0.4008,-0.1586,-0.2338,0.3142,,,
summary,2024-10-25,MSFT,,,,,,,1.80,,1,,,,,,,,,,0.9345,2024-10-22T13:46:00+00:00,983,2211
summary,2024-10-28,QQQ,,,,,,,0.00,,0,,,,,,,,,,0.8650,2024-10-25T14:02:00+00:00,499,1234
summary,2024-10-29,SPY,,,,,,,0.00,,0,,,,,,,,,,0.3920,2024-10-29T14:24:00+00:00,581,1406
trade,2024-10-29,AAPL,Long,2024-10-29T13:30:00+00:00,2024-10-29T14:28:00+00:00,233.3117,233.1734,1.29,-0.18,-0.000593,3480000,ScoreExit,0.3689,-0.1071,0.5850,0.4136,0.2075,-0.4894,-0.1856,0.1773,,,
summary,2024-10-29,AAPL,,,,,,,-0.18,,1,,,,,,,,,,0.5715,2024-10-28T16:44:00+00:00,670,1337
summary,2024-10-30,SPY,,,,,,,0.00,,0,,,,,,,,,,0.3920,2024-10-29T14:24:00+00:00,930,2216
summary,2024-10-30,QQQ,,,,,,,0.00,,0,,,,,,,,,,0.4389,2024-10-29T14:24:00+00:00,1163,2368
summary,2024-10-30,NVDA,,,,,,,0.00,,0,,,,,,,,,,0.7855,2024-10-28T09:18:00+00:00,704,2640
summary,2024-10-31,SPY,,,,,,,0.00,,0,,,,,,,,,,0.4002,2024-10-28T14:45:00+00:00,719,2802
summary,2024-10-31,NVDA,,,,,,,0.00,,0,,,,,,,,,,0.4966,2024-10-29T15:56:00+00:00,582,3269
summary,2024-10-31,MSFT,,,,,,,0.00,,0,,,,,,,,,,0.6477,2024-10-30T20:03:00+00:00,1104,2704
summary,2024-11-01,SPY,,,,,,,0.00,,0,,,,,,,,,,0.6901,2024-10-29T15:03:00+00:00,794,2894
summary,2024-11-04,SPY,,,,,,,0.00,,0,,,,,,,,,,0.7730,2024-11-01T14:29:00+00:00,347,1146
summary,2024-11-04,QQQ,,,,,,,0.00,,0,,,,,,,,,,0.8905,2024-11-01T14:29:00+00:00,505,1193
summary,2024-11-04,AAPL,,,,,,,0.00,,0,,,,,,,,,,1.0000,2024-11-01T13:36:00+00:00,339,1139
trade,2024-11-05,SPY,Long,2024-11-05T14:36:00+00:00,2024-11-05T15:56:00+00:00,572.0682,573.7602,0.52,0.89,0.002958,4800000,SessionClose,0.4119,-0.0094,0.5041,0.4140,0.3771,-0.5519,-0.1388,0.4303,,,
summary,2024-11-05,SPY,,,,,,,0.89,,1,,,,,,,,,,0.7573,2024-11-04T10:39:00+00:00,763,1337
trade,2024-11-05,QQQ,Long,2024-11-05T14:31:00+00:00,2024-11-05T15:56:00+00:00,488.3827,489.8070,0.61,0.88,0.002916,5100000,SessionClose,0.4180,-0.0315,0.4689,0.4006,0.4359,-0.5514,-0.1881,0.4551,,,
summary,2024-11-05,QQQ,,,,,,,0.88,,1,,,,,,,,,,0.7634,2024-11-04T10:34:00+00:00,888,1462
trade,2024-11-05,AAPL,Long,2024-11-05T14:31:00+00:00,2024-11-05T15:47:00+00:00,223.1296,222.7504,1.34,-0.51,-0.001699,4560000,ScoreExit,0.4744,-0.0727,0.5790,0.4333,0.5217,-0.5548,-0.1934,0.3293,,,
summary,2024-11-05,AAPL,,,,,,,-0.51,,1,,,,,,,,,,0.5869,2024-11-04T15:07:00+00:00,730,1262
trade,2024-11-05,MSFT,Long,2024-11-05T14:36:00+00:00,2024-11-05T15:56:00+00:00,410.5971,411.5627,0.73,0.71,0.002352,4800000,SessionClose,0.4687,-0.0604,0.4602,0.4446,0.5198,-0.5583,-0.2289,0.4424,,,
summary,2024-11-05,MSFT,,,,,,,0.71,,1,,,,,,,,,,0.5339,2024-11-05T14:59:00+00:00,571,1096
summary,2024-11-06,SPY,,,,,,,0.00,,0,,,,,,,,,,0.7913,2024-11-06T09:02:00+00:00,1524,2265
trade,2024-11-06,MSFT,Long,2024-11-06T15:10:00+00:00,2024-11-06T15:51:00+00:00,418.4187,417.0516,0.71,-0.97,-0.003267,2460000,ScoreExit,0.4170,-0.1436,0.3462,0.5088,0.2570,-0.5450,-0.2770,0.2570,,,
summary,2024-11-06,MSFT,,,,,,,-0.97,,1,,,,,,,,,,0.5349,2024-11-06T09:01:00+00:00,1086,1832
summary,2024-11-07,SPY,,,,,,,0.00,,0,,,,,,,,,,0.8348,2024-11-06T09:02:00+00:00,2045,2905
trade,2024-11-07,QQQ,Long,2024-11-07T14:31:00+00:00,2024-11-07T15:56:00+00:00,509.0468,511.6926,0.59,1.56,0.005198,5100000,SessionClose,0.4040,0.3184,0.5380,0.3805,0.4064,0.2705,0.2780,0.4152,,,
summary,2024-11-07,QQQ,,,,,,,1.56,,1,,,,,,,,,,0.9061,2024-11-04T15:49:00+00:00,2181,2967
summary,2024-11-07,NVDA,,,,,,,0.00,,0,,,,,,,,,,0.9348,2024-11-04T14:45:00+00:00,2491,3260
trade,2024-11-07,MSFT,Long,2024-11-07T15:46:00+00:00,2024-11-07T15:56:00+00:00,423.6297,423.7302,0.71,0.07,0.000237,600000,SessionClose,0.4192,0.2840,0.5725,0.4287,0.3492,0.0607,0.2886,0.3492,,,
summary,2024-11-07,MSFT,,,,,,,0.07,,1,,,,,,,,,,0.8971,2024-11-04T15:49:00+00:00,1551,2317
summary,2024-11-08,SPY,,,,,,,0.00,,0,,,,,,,,,,0.8127,2024-11-05T15:46:00+00:00,2415,2990
summary,2024-11-08,QQQ,,,,,,,0.00,,0,,,,,,,,,,0.7151,2024-11-06T09:01:00+00:00,2401,3025
trade,2024-11-08,NVDA,Long,2024-11-08T14:36:00+00:00,2024-11-08T14:41:00+00:00,149.3649,149.4151,2.01,0.10,0.000336,300000,ScoreExit,0.4179,-0.0733,0.5200,0.4499,0.3199,0.0750,-0.2947,0.3199,,,
summary,2024-11-08,NVDA,,,,,,,0.10,,1,,,,,,,,,,1.0000,2024-11-05T14:38:00+00:00,2721,3270
summary,2024-11-08,MSFT,,,,,,,0.00,,0,,,,,,,,,,0.8282,2024-11-05T15:00:00+00:00,1556,2362
summary,2024-11-11,QQQ,,,,,,,0.00,,0,,,,,,,,,,0.4400,2024-11-08T18:39:00+00:00,687,1154
summary,2024-11-11,AAPL,,,,,,,0.00,,0,,,,,,,,,,0.6243,2024-11-08T14:32:00+00:00,107,1084
summary,2024-11-11,NVDA,,,,,,,0.00,,0,,,,,,,,,,0.8212,2024-11-08T14:36:00+00:00,272,1349
summary,2024-11-11,MSFT,,,,,,,0.00,,0,,,,,,,,,,0.5436,2024-11-08T14:37:00+00:00,81,989
summary,2024-11-12,SPY,,,,,,,0.00,,0,,,,,,,,,,0.3552,2024-11-11T11:32:00+00:00,394,1430
summary,2024-11-12,QQQ,,,,,,,0.00,,0,,,,,,,,,,0.3779,2024-11-11T13:03:00+00:00,640,1500
trade,2024-11-12,AAPL,Long,2024-11-12T15:46:00+00:00,2024-11-12T15:56:00+00:00,224.6349,224.7400,1.34,0.14,0.000468,600000,SessionClose,0.3817,0.2432,0.4192,0.3787,0.3751,0.3039,0.1578,0.3937,,,
summary,2024-11-12,AAPL,,,,,,,0.14,,1,,,,,,,,,,0.4348,2024-11-12T16:19:00+00:00,584,1322
summary,2024-11-12,NVDA,,,,,,,0.00,,0,,,,,,,,,,0.8191,2024-11-11T09:31:00+00:00,804,1681
summary,2024-11-13,SPY,,,,,,,0.00,,0,,,,,,,,,,0.3646,2024-11-13T13:40:00+00:00,623,2220
summary,2024-11-13,QQQ,,,,,,,0.00,,0,,,,,,,,,,0.3809,2024-11-13T13:41:00+00:00,991,2296
summary,2024-11-13,NVDA,,,,,,,0.00,,0,,,,,,,,,,0.8191,2024-11-11T09:31:00+00:00,1299,2641
summary,2024-11-14,SPY,,,,,,,0.00,,0,,,,,,,,,,0.3983,2024-11-11T15:57:00+00:00,695,2816
summary,2024-11-14,QQQ,,,,,,,0.00,,0,,,,,,,,,,0.3832,2024-11-13T13:41:00+00:00,937,2845
trade,2024-11-14,NVDA,Long,2024-11-14T15:01:00+00:00,2024-11-14T15:56:00+00:00,147.8681,148.5053,2.03,1.30,0.004309,3300000,SessionClose,0.4402,0.1657,0.6181,0.4785,0.3043,-0.1012,0.1409,0.3043,,,
summary,2024-11-14,NVDA,,,,,,,1.30,,1,,,,,,,,,,0.6788,2024-11-11T15:57:00+00:00,1476,3268
trade,2024-11-14,MSFT,Long,2024-11-14T14:31:00+00:00,2024-11-14T15:01:00+00:00,426.4202,425.4149,0.70,-0.71,-0.002357,1800000,ScoreExit,0.4041,-0.0815,0.5727,0.4959,0.1642,-0.4028,-0.1636,0.1897,,,
summary,2024-11-14,MSFT,,,,,,,-0.71,,1,,,,,,,,,,0.5664,2024-11-13T16:51:00+00:00,1058,2151
summary,2024-11-15,SPY,,,,,,,0.00,,0,,,,,,,,,,0.4065,2024-11-13T13:40:00+00:00,709,2829
summary,2024-11-15,NVDA,,,,,,,0.00,,0,,,,,,,,,,1.0000,2024-11-12T14:37:00+00:00,981,3268
summary,2024-11-15,MSFT,,,,,,,0.00,,0,,,,,,,,,,0.8232,2024-11-12T14:36:00+00:00,1120,2158
trade,2024-11-18,SPY,Long,2024-11-18T15:46:00+00:00,2024-11-18T15:56:00+00:00,588.2726,588.1074,0.51,-0.08,-0.000281,600000,SessionClose,0.4031,0.2942,0.5320,0.4275,0.3114,0.0662,0.3201,0.3183,,,
summary,2024-11-18,SPY,,,,,,,-0.08,,1,,,,,,,,,,0.4110,2024-11-18T15:49:00+00:00,413,1187
trade,2024-11-18,AAPL,Long,2024-11-18T14:31:00+00:00,2024-11-18T15:56:00+00:00,226.2702,228.5893,1.33,3.08,0.010249,5100000,SessionClose,0.4178,0.1540,0.4909,0.3724,0.4844,-0.2761,0.0075,0.5903,,,
summary,2024-11-18,AAPL,,,,,,,3.08,,1,,,,,,,,,,0.5294,2024-11-18T15:17:00+00:00,455,1038
trade,2024-11-18,NVDA,Long,2024-11-18T15:28:00+00:00,2024-11-18T15:56:00+00:00,140.0030,140.1653,2.14,0.35,0.001159,1680000,SessionClose,0.4116,0.3156,0.5196,0.4972,0.2044,0.3812,0.3602,0.2044,,,
summary,2024-11-18,NVDA,,,,,,,0.35,,1,,,,,,,,,,0.4860,2024-11-18T20:29:00+00:00,519,1351
trade,2024-11-18,MSFT,Long,2024-11-18T15:29:00+00:00,2024-11-18T15:56:00+00:00,417.2484,417.3915,0.72,0.10,0.000343,1620000,SessionClose,0.4133,0.1276,0.5716,0.4287,0.3299,-0.5761,0.1239,0.3696,,,
summary,2024-11-18,MSFT,,,,,,,0.10,,1,,,,,,,,,,0.4923,2024-11-18T15:34:00+00:00,299,984
trade,2024-11-19,SPY,Long,2024-11-19T15:44:00+00:00,2024-11-19T15:56:00+00:00,587.7327,587.5975,0.51,-0.07,-0.000230,720000,SessionClose,0.4187,0.3153,0.5492,0.4668,0.2790,0.0998,0.3659,0.2860,,,
summary,2024-11-19,SPY,,,,,,,-0.07,,1,,,,,,,,,,0.4883,2024-11-18T15:34:00+00:00,851,1449
trade,2024-11-19,AAPL,Long,2024-11-19T14:31:00+00:00,2024-11-19T15:56:00+00:00,227.8506,229.2091,1.32,1.79,0.005963,5100000,SessionClose,0.3650,0.1677,0.5994,0.3951,0.2265,0.1739,-0.0016,0.5043,,,
summary,2024-11-19,AAPL,,,,,,,1.79,,1,,,,,,,,,,0.6526,2024-11-18T15:17:00+00:00,843,1224
trade,2024-11-19,NVDA,Long,2024-11-19T14:36:00+00:00,2024-11-19T15:56:00+00:00,141.8614,143.9462,2.12,4.41,0.014696,4800000,SessionClose,0.5819,0.6070,0.3407,0.5799,0.6663,0.5335,0.4874,0.8708,,,
trade,2024-11-19,NVDA,Long,2024-11-19T15:58:00+00:00,2024-11-19T15:59:00+00:00,144.3439,144.3006,2.08,-0.09,-0.000299,60000,SessionClose,0.6110,0.6095,0.5730,0.4874,0.8708,0.5580,0.4874,0.8708,,,
summary,2024-11-19,NVDA,,,,,,,4.32,,2,,,,,,,,,,0.7033,2024-11-18T15:34:00+00:00,1245,1681
summary,2024-11-20,SPY,,,,,,,0.00,,0,,,,,,,,,,0.4883,2024-11-18T15:34:00+00:00,1193,2228
trade,2024-11-20,AAPL,Long,2024-11-20T14:31:00+00:00,2024-11-20T14:47:00+00:00,229.4409,228.3528,1.31,-1.42,-0.004742,960000,ScoreExit,0.3740,-0.0561,0.6227,0.4456,0.1480,-0.4513,-0.0233,0.0100,,,
summary,2024-11-20,AAPL,,,,,,,-1.42,,1,,,,,,,,,,0.6526,2024-11-18T15:17:00+00:00,1026,1878
trade,2024-11-20,NVDA,Long,2024-11-20T15:47:00+00:00,2024-11-20T15:56:00+00:00,145.5041,145.8358,2.07,0.69,0.002280,540000,SessionClose,0.4041,0.4256,0.5594,0.4044,0.3516,0.5369,0.4440,0.3516,,,
trade,2024-11-20,NVDA,Long,2024-11-20T15:58:00+00:00,2024-11-20T15:59:00+00:00,145.7641,145.9758,2.06,0.44,0.001452,60000,SessionClose,0.4042,0.4280,0.3237,0.4440,0.3516,0.5615,0.4440,0.3516,,,
summary,2024-11-20,NVDA,,,,,,,1.12,,2,,,,,,,,,,0.7033,2024-11-18T15:34:00+00:00,1965,2641
summary,2024-11-21,SPY,,,,,,,0.00,,0,,,,,,,,,,0.8251,2024-11-18T15:49:00+00:00,1562,2807
summary,2024-11-21,QQQ,,,,,,,0.00,,0,,,,,,,,,,0.9543,2024-11-18T15:51:00+00:00,1786,2994
summary,2024-11-21,NVDA,,,,,,,0.00,,0,,,,,,,,,,0.9190,2024-11-18T15:58:00+00:00,2424,3211
summary,2024-11-21,MSFT,,,,,,,0.00,,0,,,,,,,,,,0.9559,2024-11-18T15:49:00+00:00,812,2141
summary,2024-11-22,QQQ,,,,,,,0.00,,0,,,,,,,,,,0.8915,2024-11-19T15:52:00+00:00,1982,2967
trade,2024-11-22,AAPL,Long,2024-11-22T14:36:00+00:00,2024-11-22T15:34:00+00:00,229.0658,229.1042,1.31,0.05,0.000167,3480000,ScoreExit,0.3517,-0.0721,0.4348,0.4237,0.1800,-0.3993,-0.1339,0.1608,,,
summary,2024-11-22,AAPL,,,,,,,0.05,,1,,,,,,,,,,0.9557,2024-11-19T15:52:00+00:00,1116,2387
summary,2024-11-22,NVDA,,,,,,,0.00,,0,,,,,,,,,,1.0000,2024-11-19T14:36:00+00:00,1933,3208
summary,2024-11-25,SPY,,,,,,,0.00,,0,,,,,,,,,,0.5555,2024-11-22T15:59:00+00:00,779,1190
summary,2024-11-25,QQQ,,,,,,,0.00,,0,,,,,,,,,,0.5525,2024-11-22T15:44:00+00:00,837,1212
summary,2024-11-25,NVDA,,,,,,,0.00,,0,,,,,,,,,,1.0000,2024-11-22T14:34:00+00:00,183,1350
summary,2024-11-26,SPY,,,,,,,0.00,,0,,,,,,,,,,0.3959,2024-11-25T13:52:00+00:00,743,1427
trade,2024-11-26,AAPL,Long,2024-11-26T14:31:00+00:00,2024-11-26T15:56:00+00:00,234.1839,235.4079,1.28,1.57,0.005227,5100000,SessionClose,0.4718,0.3382,0.4200,0.4061,0.6205,0.4699,0.1711,0.6285,,,
summary,2024-11-26,AAPL,,,,,,,1.57,,1,,,,,,,,,,0.7846,2024-11-25T10:43:00+00:00,813,1347
summary,2024-11-27,SPY,,,,,,,0.00,,0,,,,,,,,,,0.3959,2024-11-25T13:52:00+00:00,984,2203
summary,2024-11-27,QQQ,,,,,,,0.00,,0,,,,,,,,,,0.5862,2024-11-25T10:19:00+00:00,968,2393
summary,2024-11-27,NVDA,,,,,,,0.00,,0,,,,,,,,,,0.9339,2024-11-25T09:16:00+00:00,606,2640
summary,2024-11-27,MSFT,,,,,,,0.00,,0,,,,,,,,,,0.6271,2024-11-25T14:39:00+00:00,1007,1743
summary,2024-11-28,AAPL,,,,,,,0.00,,0,,,,,,,,,,0.7188,2024-11-25T14:44:00+00:00,1189,1991
summary,2024-11-28,MSFT,,,,,,,0.00,,0,,,,,,,,,,1.0000,2024-11-25T14:39:00+00:00,931,1731
summary,2024-11-29,SPY,,,,,,,0.00,,0,,,,,,,,,,0.4964,2024-11-26T16:02:00+00:00,1137,1828
trade,2024-11-29,QQQ,Long,2024-11-29T15:09:00+00:00,2024-11-29T15:56:00+00:00,508.7467,508.6832,0.59,-0.04,-0.000125,2820000,SessionClose,0.4040,0.0932,0.5611,0.4681,0.2235,0.0850,0.0272,0.2278,,,
summary,2024-11-29,QQQ,,,,,,,-0.04,,1,,,,,,,,,,0.4269,2024-11-29T15:17:00+00:00,732,1913
summary,2024-11-29,MSFT,,,,,,,0.00,,0,,,,,,,,,,0.9567,2024-11-26T15:42:00+00:00,617,1485
trade,2024-12-02,QQQ,Long,2024-12-02T14:31:00+00:00,2024-12-02T15:56:00+00:00,511.5278,513.7070,0.59,1.28,0.004260,5100000,SessionClose,0.4569,-0.0257,0.5482,0.4226,0.4949,-0.4489,-0.1951,0.4543,,,
summary,2024-12-02,QQQ,,,,,,,1.28,,1,,,,,,,,,,0.8468,2024-11-29T15:43:00+00:00,803,995
summary,2024-12-02,NVDA,,,,,,,0.00,,0,,,,,,,,,,0.9003,2024-11-29T14:59:00+00:00,512,1166
trade,2024-12-02,MSFT,Long,2024-12-02T14:32:00+00:00,2024-12-02T15:56:00+00:00,423.0846,431.3487,0.71,5.86,0.019533,5040000,SessionClose,0.4011,0.2479,0.5386,0.4182,0.3212,-0.4414,0.1556,0.6623,,,
summary,2024-12-02,MSFT,,,,,,,5.86,,1,,,,,,,,,,0.9546,2024-11-29T15:43:00+00:00,599,773
trade,2024-12-03,NVDA,Long,2024-12-03T14:33:00+00:00,2024-12-03T15:21:00+00:00,138.9929,138.8372,2.16,-0.34,-0.001120,2880000,ScoreExit,0.4219,-0.0985,0.5763,0.3965,0.4214,-0.4634,-0.2065,0.2391,,,
summary,2024-12-03,NVDA,,,,,,,-0.34,,1,,,,,,,,,,0.7068,2024-12-02T14:49:00+00:00,915,1667
summary,2024-12-04,SPY,,,,,,,0.00,,0,,,,,,,,,,0.5032,2024-12-02T10:22:00+00:00,1355,2081
trade,2024-12-04,AAPL,Long,2024-12-04T14:50:00+00:00,2024-12-04T15:51:00+00:00,243.4537,243.2913,1.23,-0.20,-0.000667,3660000,ScoreExit,0.3513,-0.0524,0.5643,0.3130,0.3570,-0.4860,-0.1739,0.3353,,,
summary,2024-12-04,AAPL,,,,,,,-0.20,,1,,,,,,,,,,0.6481,2024-12-02T14:34:00+00:00,1415,1936
trade,2024-12-04,NVDA,Long,2024-12-04T15:38:00+00:00,2024-12-04T15:56:00+00:00,142.1984,141.6767,2.11,-1.10,-0.003669,1080000,SessionClose,0.4015,0.2052,0.5254,0.3526,0.4582,-0.5158,0.1989,0.4582,,,
summary,2024-12-04,NVDA,,,,,,,-1.10,,1,,,,,,,,,,0.7068,2024-12-02T14:49:00+00:00,1796,2622
trade,2024-12-04,MSFT,Long,2024-12-04T14:36:00+00:00,2024-12-04T15:56:00+00:00,435.9322,438.3973,0.69,1.70,0.005655,4800000,SessionClose,0.4404,0.2373,0.5627,0.4408,0.3990,0.1480,0.1658,0.4101,,,
summary,2024-12-04,MSFT,,,,,,,1.70,,1,,,,,,,,,,0.7756,2024-12-02T15:32:00+00:00,1265,1710
summary,2024-12-05,AAPL,,,,,,,0.00,,0,,,,,,,,,,0.8933,2024-12-02T15:31:00+00:00,1610,2388
trade,2024-12-05,NVDA,Long,2024-12-05T14:44:00+00:00,2024-12-05T14:51:00+00:00,145.8092,144.9560,2.06,-1.75,-0.005851,420000,ScoreExit,0.4032,-0.0714,0.5310,0.4189,0.3293,-0.5159,-0.1977,0.3293,,,
summary,2024-12-05,NVDA,,,,,,,-1.75,,1,,,,,,,,,,1.0000,2024-12-02T14:38:00+00:00,2158,3252
summary,2024-12-06,SPY,,,,,,,0.00,,0,,,,,,,,,,0.3809,2024-12-04T19:32:00+00:00,1543,2540
trade,2024-12-06,AAPL,Long,2024-12-06T14:48:00+00:00,2024-12-06T15:25:00+00:00,243.9438,243.3763,1.23,-0.70,-0.002326,2220000,ScoreExit,0.3574,-0.0500,0.5801,0.4009,0.1961,-0.5717,-0.0677,0.1592,,,
summary,2024-12-06,AAPL,,,,,,,-0.70,,1,,,,,,,,,,0.8539,2024-12-03T15:01:00+00:00,1588,2335
summary,2024-12-06,NVDA,,,,,,,0.00,,0,,,,,,,,,,1.0000,2024-12-03T14:34:00+00:00,2198,3256
summary,2024-12-09,SPY,,,,,,,0.00,,0,,,,,,,,,,0.3490,2024-12-06T14:48:00+00:00,241,1152
trade,2024-12-09,AAPL,Long,2024-12-09T14:46:00+00:00,2024-12-09T15:56:00+00:00,243.5537,245.9258,1.23,2.92,0.009740,4200000,SessionClose,0.4105,0.4791,0.5580,0.4479,0.2866,0.5297,0.4153,0.5898,,,
trade,2024-12-09,AAPL,Long,2024-12-09T15:58:00+00:00,2024-12-09T15:59:00+00:00,246.2242,246.1859,1.22,-0.05,-0.000156,60000,SessionClose,0.4813,0.4829,0.5525,0.4153,0.5898,0.5681,0.4153,0.5898,,,
summary,2024-12-09,AAPL,,,,,,,2.88,,2,,,,,,,,,,0.7979,2024-12-06T15:06:00+00:00,494,1072
summary,2024-12-09,NVDA,,,,,,,0.00,,0,,,,,,,,,,0.9347,2024-12-06T14:34:00+00:00,27,1351
trade,2024-12-09,MSFT,Long,2024-12-09T15:31:00+00:00,2024-12-09T15:56:00+00:00,444.6439,444.2261,0.67,-0.28,-0.000940,1500000,SessionClose,0.4155,0.2010,0.3732,0.4673,0.3260,-0.4020,0.2524,0.2991,,,
summary,2024-12-09,MSFT,,,,,,,-0.28,,1,,,,,,,,,,0.7598,2024-12-06T14:48:00+00:00,415,1013
summary,2024-12-10,QQQ,,,,,,,0.00,,0,,,,,,,,,,0.3871,2024-12-10T14:44:00+00:00,308,1482
trade,2024-12-10,AAPL,Long,2024-12-10T15:00:00+00:00,2024-12-10T15:22:00+00:00,247.6945,246.9456,1.21,-0.91,-0.003024,1320000,ScoreExit,0.3569,-0.0810,0.4857,0.3030,0.4217,-0.3280,-0.1764,0.1920,,,
summary,2024-12-10,AAPL,,,,,,,-0.91,,1,,,,,,,,,,0.6592,2024-12-09T16:04:00+00:00,974,1308
summary,2024-12-10,NVDA,,,,,,,0.00,,0,,,,,,,,,,0.6956,2024-12-10T14:41:00+00:00,383,1676
trade,2024-12-10,MSFT,Long,2024-12-10T14:31:00+00:00,2024-12-10T15:56:00+00:00,445.5491,447.6055,0.67,1.39,0.004615,5100000,SessionClose,0.4872,0.0064,0.5854,0.5334,0.3619,-0.5102,-0.1445,0.4802,,,
summary,2024-12-10,MSFT,,,,,,,1.39,,1,,,,,,,,,,0.6459,2024-12-09T16:34:00+00:00,591,1164
summary,2024-12-11,SPY,,,,,,,0.00,,0,,,,,,,,,,0.3663,2024-12-11T16:39:00+00:00,834,2040
summary,2024-12-11,QQQ,,,,,,,0.00,,0,,,,,,,,,,0.4646,2024-12-11T14:51:00+00:00,734,2287
trade,2024-12-11,AAPL,Long,2024-12-11T14:46:00+00:00,2024-12-11T15:56:00+00:00,249.4449,249.8005,1.20,0.43,0.001426,4200000,SessionClose,0.3676,0.2406,0.5553,0.3628,0.3145,0.1038,0.1986,0.3702,,,
summary,2024-12-11,AAPL,,,,,,,0.43,,1,,,,,,,,,,0.6592,2024-12-09T16:04:00+00:00,1360,1981
summary,2024-12-11,NVDA,,,,,,,0.00,,0,,,,,,,,,,0.6956,2024-12-10T14:41:00+00:00,714,2633
summary,2024-12-12,QQQ,,,,,,,0.00,,0,,,,,,,,,,0.4726,2024-12-11T14:51:00+00:00,1348,2820
summary,2024-12-12,NVDA,,,,,,,0.00,,0,,,,,,,,,,0.9346,2024-12-09T14:45:00+00:00,1224,3255
trade,2024-12-12,MSFT,Long,2024-12-12T15:59:00+00:00,2024-12-12T16:00:00+00:00,454.9160,455.2289,0.66,0.21,0.000688,60000,SessionClose,0.4057,0.4520,-0.0680,0.4393,0.4966,0.3947,0.4393,0.4966,,,
summary,2024-12-12,MSFT,,,,,,,0.21,,1,,,,,,,,,,0.8990,2024-12-09T15:35:00+00:00,1139,2164
summary,2024-12-13,SPY,,,,,,,0.00,,0,,,,,,,,,,0.5580,2024-12-10T15:43:00+00:00,1298,2648
summary,2024-12-13,QQQ,,,,,,,0.00,,0,,,,,,,,,,0.5327,2024-12-10T14:45:00+00:00,1706,2926
summary,2024-12-13,AAPL,,,,,,,0.00,,0,,,,,,,,,,0.7373,2024-12-10T14:48:00+00:00,1195,2579
summary,2024-12-13,NVDA,,,,,,,0.00,,0,,,,,,,,,,1.0000,2024-12-10T14:39:00+00:00,1500,3256
summary,2024-12-16,SPY,,,,,,,0.00,,0,,,,,,,,,,0.3723,2024-12-16T18:29:00+00:00,493,1102
trade,2024-12-16,QQQ,Long,2024-12-16T14:52:00+00:00,2024-12-16T15:56:00+00:00,534.2119,535.3479,0.56,0.64,0.002126,3840000,SessionClose,0.4001,0.1332,0.3463,0.3733,0.4715,0.2371,-0.0522,0.4693,,,
summary,2024-12-16,QQQ,,,,,,,0.64,,1,,,,,,,,,,0.6709,2024-12-13T14:45:00+00:00,755,1175
summary,2024-12-16,NVDA,,,,,,,0.00,,0,,,,,,,,,,0.7380,2024-12-13T15:00:00+00:00,100,1350
summary,2024-12-16,MSFT,,,,,,,0.00,,0,,,,,,,,,,0.7116,2024-12-13T14:40:00+00:00,395,945
summary,2024-12-17,SPY,,,,,,,0.00,,0,,,,,,,,,,0.7087,2024-12-16T10:33:00+00:00,529,1346
summary,2024-12-17,QQQ,,,,,,,0.00,,0,,,,,,,,,,0.7392,2024-12-16T10:30:00+00:00,1018,1546
summary,2024-12-17,AAPL,,,,,,,0.00,,0,,,,,,,,,,0.6383,2024-12-16T14:34:00+00:00,906,1209
summary,2024-12-17,NVDA,,,,,,,0.00,,0,,,,,,,,,,0.6875,2024-12-16T19:39:00+00:00,483,1680
summary,2024-12-18,QQQ,,,,,,,0.00,,0,,,,,,,,,,0.7392,2024-12-16T10:30:00+00:00,1164,2380
trade,2024-12-18,AAPL,Long,2024-12-18T15:18:00+00:00,2024-12-18T15:56:00+00:00,253.1756,253.5843,1.19,0.48,0.001614,2280000,SessionClose,0.3599,0.2326,0.4165,0.4074,0.2459,0.3471,0.2068,0.2459,,,
summary,2024-12-18,AAPL,,,,,,,0.48,,1,,,,,,,,,,0.6383,2024-12-16T14:34:00+00:00,1313,1890
trade,2024-12-18,NVDA,Long,2024-12-18T14:33:00+00:00,2024-12-18T15:56:00+00:00,134.4469,135.9277,2.23,3.31,0.011014,4980000,SessionClose,0.4051,0.3896,0.5523,0.2985,0.5693,0.3547,0.2850,0.6107,,,
trade,2024-12-18,NVDA,Long,2024-12-18T15:58:00+00:00,2024-12-18T15:59:00+00:00,136.1424,135.8578,2.21,-0.63,-0.002090,60000,SessionClose,0.4040,0.3456,0.4982,0.2850,0.6107,-0.0862,0.2850,0.6107,,,
summary,2024-12-18,NVDA,,,,,,,2.68,,2,,,,,,,,,,0.6875,2024-12-16T19:39:00+00:00,1160,2640
summary,2024-12-18,MSFT,,,,,,,0.00,,0,,,,,,,,,,0.5790,2024-12-16T19:54:00+00:00,1026,1629
summary,2024-12-19,SPY,,,,,,,0.00,,0,,,,,,,,,,0.5449,2024-12-16T15:42:00+00:00,603,2797
trade,2024-12-19,AAPL,Long,2024-12-19T15:11:00+00:00,2024-12-19T15:56:00+00:00,249.8147,249.9050,1.20,0.11,0.000362,2700000,SessionClose,0.4157,0.1212,0.5743,0.5644,0.0653,-0.3487,0.2180,0.0843,,,
summary,2024-12-19,AAPL,,,,,,,0.11,,1,,,,,,,,,,1.0000,2024-12-16T14:34:00+00:00,1474,2588
summary,2024-12-19,NVDA,,,,,,,0.00,,0,,,,,,,,,,0.8651,2024-12-16T15:00:00+00:00,1477,3271
summary,2024-12-19,MSFT,,,,,,,0.00,,0,,,,,,,,,,0.6032,2024-12-16T20:27:00+00:00,989,2211
trade,2024-12-20,SPY,Long,2024-12-20T15:31:00+00:00,2024-12-20T15:56:00+00:00,587.8525,588.7572,0.51,0.46,0.001539,1500000,SessionClose,0.4262,0.2740,0.5893,0.5702,0.0838,0.4210,0.3445,0.0838,,,
summary,2024-12-20,SPY,,,,,,,0.46,,1,,,,,,,,,,0.5469,2024-12-17T16:00:00+00:00,691,2936
trade,2024-12-20,AAPL,Long,2024-12-20T15:27:00+00:00,2024-12-20T15:56:00+00:00,249.1348,250.1400,1.20,1.21,0.004035,1740000,SessionClose,0.3502,0.2558,0.5177,0.4877,0.0194,0.4200,0.2978,0.1170,,,
summary,2024-12-20,AAPL,,,,,,,1.21,,1,,,,,,,,,,0.9452,2024-12-17T14:41:00+00:00,1225,2710
trade,2024-12-20,NVDA,Long,2024-12-20T15:11:00+00:00,2024-12-20T15:56:00+00:00,130.4010,133.0884,2.31,6.20,0.020609,2700000,SessionClose,0.4052,0.4099,-0.1300,0.5336,0.3268,0.1077,0.3518,0.6268,,,
summary,2024-12-20,NVDA,,,,,,,6.20,,1,,,,,,,,,,1.0000,2024-12-17T14:41:00+00:00,2049,3271
trade,2024-12-20,MSFT,Long,2024-12-20T15:41:00+00:00,2024-12-20T15:56:00+00:00,435.3170,436.3977,0.69,0.74,0.002482,900000,SessionClose,0.4192,0.3706,0.4230,0.6224,0.0115,0.3960,0.5459,0.0115,,,
summary,2024-12-20,MSFT,,,,,,,0.74,,1,,,,,,,,,,0.9218,2024-12-17T16:00:00+00:00,668,2360
summary,2024-12-23,SPY,,,,,,,0.00,,0,,,,,,,,,,0.9598,2024-12-20T16:04:00+00:00,877,1250
summary,2024-12-23,QQQ,,,,,,,0.00,,0,,,,,,,,,,0.9603,2024-12-20T16:04:00+00:00,860,1269
summary,2024-12-23,AAPL,,,,,,,0.00,,0,,,,,,,,,,0.9567,2024-12-20T16:04:00+00:00,968,1195
summary,2024-12-24,QQQ,,,,,,,0.00,,0,,,,,,,,,,0.5811,2024-12-23T17:01:00+00:00,1012,1405
trade,2024-12-24,AAPL,Long,2024-12-24T14:31:00+00:00,2024-12-24T15:56:00+00:00,255.8762,257.5535,1.17,1.97,0.006555,5100000,SessionClose,0.4539,0.0932,0.4474,0.4567,0.4505,-0.4164,-0.0309,0.5114,,,
summary,2024-12-24,AAPL,,,,,,,1.97,,1,,,,,,,,,,0.4765,2024-12-24T14:34:00+00:00,593,1147
trade,2024-12-24,NVDA,Long,2024-12-24T14:31:00+00:00,2024-12-24T15:56:00+00:00,139.9130,141.0318,2.15,2.40,0.007996,5100000,SessionClose,0.4079,0.3158,-0.3731,0.3551,0.7739,0.5370,0.0961,0.6813,,,
summary,2024-12-24,NVDA,,,,,,,2.40,,1,,,,,,,,,,0.6919,2024-12-23T14:36:00+00:00,1213,1680
summary,2024-12-25,SPY,,,,,,,0.00,,0,,,,,,,,,,0.5539,2024-12-23T18:39:00+00:00,886,1340
summary,2024-12-25,QQQ,,,,,,,0.00,,0,,,,,,,,,,0.5811,2024-12-23T17:01:00+00:00,1038,1430
summary,2024-12-25,AAPL,,,,,,,0.00,,0,,,,,,,,,,0.4765,2024-12-24T14:34:00+00:00,609,1163
summary,2024-12-25,NVDA,,,,,,,0.00,,0,,,,,,,,,,0.6919,2024-12-23T14:36:00+00:00,1265,1739
summary,2024-12-25,MSFT,,,,,,,0.00,,0,,,,,,,,,,0.6794,2024-12-23T12:23:00+00:00,391,912
summary,2024-12-26,QQQ,,,,,,,0.00,,0,,,,,,,,,,0.6326,2024-12-23T16:59:00+00:00,1443,1813
trade,2024-12-26,AAPL,Long,2024-12-26T14:31:00+00:00,2024-12-26T14:51:00+00:00,258.9668,258.6133,1.16,-0.41,-0.001365,1200000,ScoreExit,0.4236,-0.0824,0.5171,0.4479,0.3438,-0.5286,-0.2211,0.3438,,,
summary,2024-12-26,AAPL,,,,,,,-0.41,,1,,,,,,,,,,0.5283,2024-12-23T20:54:00+00:00,957,1481
trade,2024-12-26,NVDA,Long,2024-12-26T14:31:00+00:00,2024-12-26T14:46:00+00:00,140.3081,139.9428,2.14,-0.78,-0.002603,900000,ScoreExit,0.4220,-0.1229,0.5909,0.5140,0.1818,-0.4049,-0.2283,0.1818,,,
summary,2024-12-26,NVDA,,,,,,,-0.78,,1,,,,,,,,,,1.0000,2024-12-23T14:36:00+00:00,1694,2129
summary,2024-12-26,MSFT,,,,,,,0.00,,0,,,,,,,,,,0.4842,2024-12-23T18:39:00+00:00,692,1267
summary,2024-12-27,QQQ,,,,,,,0.00,,0,,,,,,,,,,0.8541,2024-12-24T15:46:00+00:00,805,1748
summary,2024-12-27,AAPL,,,,,,,0.00,,0,,,,,,,,,,0.8889,2024-12-24T15:49:00+00:00,790,1500
summary,2024-12-27,NVDA,,,,,,,0.00,,0,,,,,,,,,,1.0000,2024-12-24T14:37:00+00:00,407,2112
summary,2024-12-27,MSFT,,,,,,,0.00,,0,,,,,,,,,,0.9549,2024-12-24T15:49:00+00:00,567,1193
summary,2024-12-30,SPY,,,,,,,0.00,,0,,,,,,,,,,0.4212,2024-12-27T19:19:00+00:00,369,1134
summary,2024-12-30,QQQ,,,,,,,0.00,,0,,,,,,,,,,0.5405,2024-12-27T21:04:00+00:00,430,1194
summary,2024-12-30,AAPL,,,,,,,0.00,,0,,,,,,,,,,0.4548,2024-12-27T21:02:00+00:00,236,1094
trade,2024-12-30,NVDA,Long,2024-12-30T14:41:00+00:00,2024-12-30T15:56:00+00:00,136.1322,137.8074,2.20,3.69,0.012306,4500000,SessionClose,0.4782,0.4012,0.5874,0.6119,0.1743,0.4930,0.2274,0.7183,,,
trade,2024-12-30,NVDA,Long,2024-12-30T15:59:00+00:00,2024-12-30T16:00:00+00:00,138.0776,138.1474,2.17,0.15,0.000505,60000,SessionClose,0.4057,0.4101,0.5378,0.2274,0.7183,0.5815,0.2274,0.7183,,,
summary,2024-12-30,NVDA,,,,,,,3.84,,2,,,,,,,,,,0.6834,2024-12-30T14:51:00+00:00,741,1340
summary,2024-12-30,MSFT,,,,,,,0.00,,0,,,,,,,,,,0.4767,2024-12-27T21:09:00+00:00,312,980
summary,2024-12-31,SPY,,,,,,,0.00,,0,,,,,,,,,,0.6396,2024-12-30T16:43:00+00:00,617,1345
summary,2024-12-31,QQQ,,,,,,,0.00,,0,,,,,,,,,,0.6295,2024-12-30T16:42:00+00:00,593,1513
summary,2024-12-31,AAPL,,,,,,,0.00,,0,,,,,,,,,,0.5794,2024-12-30T17:28:00+00:00,421,1215
summary,2024-12-31,NVDA,,,,,,,0.00,,0,,,,,,,,,,0.8042,2024-12-30T14:51:00+00:00,782,1660
summary,2024-12-31,MSFT,,,,,,,0.00,,0,,,,,,,,,,0.6009,2024-12-30T17:45:00+00:00,426,1058
