row_type,date,ticker,direction,entry_time,exit_time,entry_price,exit_price,size,pnl,pnl_pct,hold_duration_ms,exit_reason,entry_composite,exit_composite,entry_1m,entry_5m,entry_1h,exit_1m,exit_5m,exit_1h,max_composite,max_composite_time,positive_ticks,total_ticks
summary,2022-01-03,SPY,,,,,,,0.00,,0,,,,,,,,,,0.4714,2022-01-03T10:38:00+00:00,625,1128
trade,2022-01-03,QQQ,Long,2022-01-03T14:36:00+00:00,2022-01-03T14:46:00+00:00,400.4251,400.0150,0.75,-0.31,-0.001024,600000,ScoreExit,0.3782,-0.1170,0.4621,0.3770,0.3525,-0.5312,-0.2579,0.3029,,,
trade,2022-01-03,QQQ,Long,2022-01-03T15:52:00+00:00,2022-01-03T15:56:00+00:00,400.3610,400.0449,0.75,-0.24,-0.000789,240000,SessionClose,0.3649,0.3249,0.3401,0.3380,0.4269,-0.0302,0.3433,0.4062,,,
trade,2022-01-03,QQQ,Long,2022-01-03T15:58:00+00:00,2022-01-03T15:59:00+00:00,400.4051,400.0949,0.75,-0.23,-0.000775,60000,SessionClose,0.3681,0.3371,0.3193,0.3433,0.4339,0.0550,0.3433,0.4186,,,
summary,2022-01-03,QQQ,,,,,,,-0.78,,3,,,,,,,,,,0.4206,2022-01-03T18:44:00+00:00,533,1105
trade,2022-01-03,AAPL,Long,2022-01-03T14:31:00+00:00,2022-01-03T15:56:00+00:00,178.1084,180.8857,1.68,4.68,0.015593,5100000,SessionClose,0.3929,0.1021,0.4580,0.3890,0.3790,-0.3366,-0.0692,0.5907,,,
summary,2022-01-03,AAPL,,,,,,,4.68,,1,,,,,,,,,,0.5981,2022-01-03T14:41:00+00:00,594,1134
trade,2022-01-03,NVDA,Long,2022-01-03T14:33:00+00:00,2022-01-03T15:56:00+00:00,301.9556,304.9935,0.99,3.02,0.010061,4980000,SessionClose,0.7045,0.5173,0.6155,0.7361,0.6709,0.5433,0.3476,0.8482,,,
summary,2022-01-03,NVDA,,,,,,,3.02,,1,,,,,,,,,,1.0000,2021-12-31T14:41:00+00:00,532,1076
summary,2022-01-03,MSFT,,,,,,,0.00,,0,,,,,,,,,,0.5354,2022-01-03T09:03:00+00:00,270,966
summary,2022-01-04,SPY,,,,,,,0.00,,0,,,,,,,,,,0.7454,2022-01-03T10:30:00+00:00,881,1485
summary,2022-01-04,QQQ,,,,,,,0.00,,0,,,,,,,,,,0.7304,2022-01-03T10:22:00+00:00,760,1449
summary,2022-01-04,AAPL,,,,,,,0.00,,0,,,,,,,,,,0.7146,2022-01-03T14:41:00+00:00,912,1527
summary,2022-01-04,NVDA,,,,,,,0.00,,0,,,,,,,,,,0.8874,2022-01-03T14:35:00+00:00,548,1357
summary,2022-01-04,MSFT,,,,,,,0.00,,0,,,,,,,,,,0.5309,2022-01-03T11:01:00+00:00,383,1154
summary,2022-01-05,SPY,,,,,,,0.00,,0,,,,,,,,,,0.7454,2022-01-03T10:30:00+00:00,1014,2336
summary,2022-01-05,QQQ,,,,,,,0.00,,0,,,,,,,,,,0.7304,2022-01-03T10:22:00+00:00,760,2270
summary,2022-01-05,AAPL,,,,,,,0.00,,0,,,,,,,,,,0.7146,2022-01-03T14:41:00+00:00,912,2311
summary,2022-01-05,NVDA,,,,,,,0.00,,0,,,,,,,,,,0.8874,2022-01-03T14:35:00+00:00,548,2135
summary,2022-01-05,MSFT,,,,,,,0.00,,0,,,,,,,,,,0.5309,2022-01-03T11:01:00+00:00,383,1745
summary,2022-01-06,SPY,,,,,,,0.00,,0,,,,,,,,,,0.4812,2022-01-03T14:37:00+00:00,1048,2996
summary,2022-01-06,QQQ,,,,,,,0.00,,0,,,,,,,,,,0.6862,2022-01-03T14:37:00+00:00,672,2922
summary,2022-01-06,AAPL,,,,,,,0.00,,0,,,,,,,,,,1.0000,2022-01-03T14:36:00+00:00,839,2962
summary,2022-01-06,NVDA,,,,,,,0.00,,0,,,,,,,,,,1.0000,2022-01-03T14:31:00+00:00,538,2765
summary,2022-01-06,MSFT,,,,,,,0.00,,0,,,,,,,,,,0.6808,2022-01-03T14:31:00+00:00,382,2340
summary,2022-01-07,SPY,,,,,,,0.00,,0,,,,,,,,,,0.3666,2022-01-04T14:41:00+00:00,258,3033
summary,2022-01-07,QQQ,,,,,,,0.00,,0,,,,,,,,,,0.4470,2022-01-04T20:49:00+00:00,236,2972
summary,2022-01-07,AAPL,,,,,,,0.00,,0,,,,,,,,,,0.5892,2022-01-04T14:56:00+00:00,25,2940
summary,2022-01-07,NVDA,,,,,,,0.00,,0,,,,,,,,,,0.7004,2022-01-04T20:38:00+00:00,649,2779
summary,2022-01-07,MSFT,,,,,,,0.00,,0,,,,,,,,,,0.4246,2022-01-04T20:49:00+00:00,25,2413
summary,2022-01-10,SPY,,,,,,,0.00,,0,,,,,,,,,,0.5413,2022-01-07T16:54:00+00:00,250,1132
summary,2022-01-10,QQQ,,,,,,,0.00,,0,,,,,,,,,,0.9103,2022-01-07T14:45:00+00:00,255,1130
summary,2022-01-10,AAPL,,,,,,,0.00,,0,,,,,,,,,,0.9397,2022-01-07T14:45:00+00:00,381,1130
summary,2022-01-10,NVDA,,,,,,,0.00,,0,,,,,,,,,,0.9115,2022-01-07T14:45:00+00:00,301,1143
summary,2022-01-10,MSFT,,,,,,,0.00,,0,,,,,,,,,,0.8914,2022-01-07T14:58:00+00:00,450,985
summary,2022-01-11,SPY,,,,,,,0.00,,0,,,,,,,,,,0.6316,2022-01-10T19:08:00+00:00,962,1534
summary,2022-01-11,QQQ,,,,,,,0.00,,0,,,,,,,,,,0.6704,2022-01-10T18:23:00+00:00,968,1546
summary,2022-01-11,AAPL,,,,,,,0.00,,0,,,,,,,,,,0.6348,2022-01-10T18:18:00+00:00,918,1472
summary,2022-01-11,NVDA,,,,,,,0.00,,0,,,,,,,,,,0.8599,2022-01-10T18:52:00+00:00,924,1479
summary,2022-01-11,MSFT,,,,,,,0.00,,0,,,,,,,,,,0.7303,2022-01-10T18:24:00+00:00,717,1203
summary,2022-01-12,SPY,,,,,,,0.00,,0,,,,,,,,,,0.6316,2022-01-10T19:08:00+00:00,1541,2339
summary,2022-01-12,QQQ,,,,,,,0.00,,0,,,,,,,,,,0.6704,2022-01-10T18:23:00+00:00,1581,2400
summary,2022-01-12,AAPL,,,,,,,0.00,,0,,,,,,,,,,0.6348,2022-01-10T18:18:00+00:00,1512,2282
summary,2022-01-12,NVDA,,,,,,,0.00,,0,,,,,,,,,,0.8599,2022-01-10T18:52:00+00:00,1471,2202
summary,2022-01-12,MSFT,,,,,,,0.00,,0,,,,,,,,,,0.7303,2022-01-10T18:24:00+00:00,1153,1824
summary,2022-01-13,SPY,,,,,,,0.00,,0,,,,,,,,,,0.6296,2022-01-10T19:08:00+00:00,1973,2904
summary,2022-01-13,QQQ,,,,,,,0.00,,0,,,,,,,,,,0.6657,2022-01-10T18:23:00+00:00,2012,2979
summary,2022-01-13,AAPL,,,,,,,0.00,,0,,,,,,,,,,0.8583,2022-01-10T14:50:00+00:00,1964,2804
summary,2022-01-13,NVDA,,,,,,,0.00,,0,,,,,,,,,,0.8531,2022-01-10T18:52:00+00:00,1789,2685
summary,2022-01-13,MSFT,,,,,,,0.00,,0,,,,,,,,,,0.7265,2022-01-10T18:24:00+00:00,1360,2270
summary,2022-01-14,SPY,,,,,,,0.00,,0,,,,,,,,,,0.6405,2022-01-11T16:38:00+00:00,1558,2859
summary,2022-01-14,QQQ,,,,,,,0.00,,0,,,,,,,,,,0.9035,2022-01-11T15:05:00+00:00,1566,2994
summary,2022-01-14,AAPL,,,,,,,0.00,,0,,,,,,,,,,0.7629,2022-01-11T15:12:00+00:00,1505,2790
summary,2022-01-14,NVDA,,,,,,,0.00,,0,,,,,,,,,,1.0000,2022-01-11T14:36:00+00:00,1456,2655
summary,2022-01-14,MSFT,,,,,,,0.00,,0,,,,,,,,,,0.8938,2022-01-11T15:05:00+00:00,1073,2396
summary,2022-01-17,SPY,,,,,,,0.00,,0,,,,,,,,,,0.7904,2022-01-14T14:55:00+00:00,265,492
summary,2022-01-17,QQQ,,,,,,,0.00,,0,,,,,,,,,,0.9074,2022-01-14T14:40:00+00:00,290,474
summary,2022-01-17,AAPL,,,,,,,0.00,,0,,,,,,,,,,0.8967,2022-01-14T14:55:00+00:00,227,475
summary,2022-01-17,NVDA,,,,,,,0.00,,0,,,,,,,,,,1.0000,2022-01-14T14:31:00+00:00,257,477
summary,2022-01-17,MSFT,,,,,,,0.00,,0,,,,,,,,,,1.0000,2022-01-14T14:39:00+00:00,369,455
summary,2022-01-18,SPY,,,,,,,0.00,,0,,,,,,,,,,0.5527,2022-01-18T10:29:00+00:00,216,680
summary,2022-01-18,QQQ,,,,,,,0.00,,0,,,,,,,,,,0.6037,2022-01-18T15:29:00+00:00,206,701
summary,2022-01-18,AAPL,,,,,,,0.00,,0,,,,,,,,,,0.6712,2022-01-18T10:13:00+00:00,202,660
summary,2022-01-18,NVDA,,,,,,,0.00,,0,,,,,,,,,,0.7140,2022-01-18T10:26:00+00:00,247,614
summary,2022-01-18,MSFT,,,,,,,0.00,,0,,,,,,,,,,0.6837,2022-01-18T15:05:00+00:00,198,600
trade,2022-01-19,SPY,Long,2022-01-19T14:37:00+00:00,2022-01-19T15:06:00+00:00,458.8126,458.4674,0.65,-0.23,-0.000752,1740000,ScoreExit,0.3603,-0.1170,0.4652,0.3389,0.3683,-0.4834,-0.2143,0.1998,,,
summary,2022-01-19,SPY,,,,,,,-0.23,,1,,,,,,,,,,0.5527,2022-01-18T10:29:00+00:00,623,1555
trade,2022-01-19,QQQ,Long,2022-01-19T14:40:00+00:00,2022-01-19T15:21:00+00:00,373.5870,373.1230,0.80,-0.37,-0.001242,2460000,ScoreExit,0.3564,-0.1023,0.4444,0.3117,0.4164,-0.5140,-0.1578,0.1458,,,
summary,2022-01-19,QQQ,,,,,,,-0.37,,1,,,,,,,,,,0.6037,2022-01-18T15:29:00+00:00,568,1592
trade,2022-01-19,AAPL,Long,2022-01-19T14:59:00+00:00,2022-01-19T15:56:00+00:00,170.7912,168.9343,1.76,-3.26,-0.010872,3420000,SessionClose,0.3531,0.0000,0.4691,0.3373,0.3460,0.2788,-0.3425,-0.1703,,,
summary,2022-01-19,AAPL,,,,,,,-3.26,,1,,,,,,,,,,0.6712,2022-01-18T10:13:00+00:00,417,1469
summary,2022-01-19,NVDA,,,,,,,0.00,,0,,,,,,,,,,0.7140,2022-01-18T10:26:00+00:00,456,1403
trade,2022-01-19,MSFT,Long,2022-01-19T15:01:00+00:00,2022-01-19T15:37:00+00:00,313.9592,309.8230,0.96,-3.95,-0.013174,2160000,ScoreExit,0.5910,-0.0678,0.5489,0.6120,0.5630,-0.4769,-0.3150,0.5630,,,
summary,2022-01-19,MSFT,,,,,,,-3.95,,1,,,,,,,,,,0.8115,2022-01-19T14:57:00+00:00,571,1315
summary,2022-01-20,SPY,,,,,,,0.00,,0,,,,,,,,,,0.5527,2022-01-18T10:29:00+00:00,779,2458
summary,2022-01-20,QQQ,,,,,,,0.00,,0,,,,,,,,,,0.6037,2022-01-18T15:29:00+00:00,741,2509
summary,2022-01-20,AAPL,,,,,,,0.00,,0,,,,,,,,,,0.6712,2022-01-18T10:13:00+00:00,581,2328
summary,2022-01-20,NVDA,,,,,,,0.00,,0,,,,,,,,,,0.7140,2022-01-18T10:26:00+00:00,456,2212
trade,2022-01-20,MSFT,Long,2022-01-20T14:53:00+00:00,2022-01-20T15:17:00+00:00,311.0683,310.0120,0.96,-1.02,-0.003396,1440000,ScoreExit,0.3790,-0.0872,0.3915,0.3446,0.4435,-0.5483,-0.2339,0.3597,,,
summary,2022-01-20,MSFT,,,,,,,-1.02,,1,,,,,,,,,,0.8115,2022-01-19T14:57:00+00:00,905,2047
summary,2022-01-21,SPY,,,,,,,0.00,,0,,,,,,,,,,0.5242,2022-01-18T15:10:00+00:00,554,3098
summary,2022-01-21,QQQ,,,,,,,0.00,,0,,,,,,,,,,0.9026,2022-01-18T15:10:00+00:00,567,3134
summary,2022-01-21,AAPL,,,,,,,0.00,,0,,,,,,,,,,0.7419,2022-01-18T15:29:00+00:00,392,2981
summary,2022-01-21,NVDA,,,,,,,0.00,,0,,,,,,,,,,1.0000,2022-01-18T14:41:00+00:00,404,2851
summary,2022-01-21,MSFT,,,,,,,0.00,,0,,,,,,,,,,1.0000,2022-01-18T14:38:00+00:00,790,2655
summary,2022-01-24,SPY,,,,,,,0.00,,0,,,,,,,,,,0.9625,2022-01-21T15:50:00+00:00,242,1217
summary,2022-01-24,QQQ,,,,,,,0.00,,0,,,,,,,,,,0.9629,2022-01-21T15:50:00+00:00,311,1221
summary,2022-01-24,AAPL,,,,,,,0.00,,0,,,,,,,,,,0.9065,2022-01-21T14:31:00+00:00,245,1200
trade,2022-01-24,NVDA,Long,2022-01-24T15:54:00+00:00,2022-01-24T15:56:00+00:00,220.4411,220.2989,0.67,-0.09,-0.000645,120000,SessionClose,0.3529,0.2840,0.4766,0.3422,0.3333,0.5213,0.2198,0.3333,,,
summary,2022-01-24,NVDA,,,,,,,-0.09,,1,,,,,,,,,,1.0000,2022-01-21T14:31:00+00:00,526,1187
summary,2022-01-24,MSFT,,,,,,,0.00,,0,,,,,,,,,,1.0000,2022-01-21T14:31:00+00:00,355,1173
summary,2022-01-25,SPY,,,,,,,0.00,,0,,,,,,,,,,0.8100,2022-01-24T20:58:00+00:00,803,1642
summary,2022-01-25,QQQ,,,,,,,0.00,,0,,,,,,,,,,0.8441,2022-01-24T18:19:00+00:00,834,1668
summary,2022-01-25,AAPL,,,,,,,0.00,,0,,,,,,,,,,0.7814,2022-01-24T20:59:00+00:00,617,1598
trade,2022-01-25,NVDA,Long,2022-01-25T15:27:00+00:00,2022-01-25T15:56:00+00:00,223.1218,225.9872,0.94,2.69,0.012842,1740000,SessionClose,0.3698,0.1303,0.3966,0.4093,0.2819,-0.5060,0.1411,0.3206,,,
summary,2022-01-25,NVDA,,,,,,,2.69,,1,,,,,,,,,,0.9116,2022-01-24T18:16:00+00:00,765,1550
summary,2022-01-25,MSFT,,,,,,,0.00,,0,,,,,,,,,,0.9136,2022-01-24T18:16:00+00:00,728,1505
trade,2022-01-26,SPY,Long,2022-01-26T14:51:00+00:00,2022-01-26T15:25:00+00:00,441.0223,439.9930,0.68,-0.70,-0.002334,2040000,ScoreExit,0.4073,-0.0567,0.5123,0.3897,0.4074,-0.5757,-0.1350,0.2727,,,
summary,2022-01-26,SPY,,,,,,,-0.70,,1,,,,,,,,,,0.8100,2022-01-24T20:58:00+00:00,1331,2562
summary,2022-01-26,QQQ,,,,,,,0.00,,0,,,,,,,,,,0.8441,2022-01-24T18:19:00+00:00,1376,2620
summary,2022-01-26,AAPL,,,,,,,0.00,,0,,,,,,,,,,0.7814,2022-01-24T20:59:00+00:00,1182,2517
trade,2022-01-26,NVDA,Long,2022-01-26T15:01:00+00:00,2022-01-26T15:51:00+00:00,232.6949,231.3256,1.06,-1.45,-0.005885,3000000,ScoreExit,0.5167,-0.0668,0.5911,0.4592,0.6070,-0.3184,-0.3617,0.6070,,,
summary,2022-01-26,NVDA,,,,,,,-1.45,,1,,,,,,,,,,0.9116,2022-01-24T18:16:00+00:00,1371,2465
summary,2022-01-26,MSFT,,,,,,,0.00,,0,,,,,,,,,,0.9136,2022-01-24T18:16:00+00:00,1334,2442
trade,2022-01-27,SPY,Long,2022-01-27T15:11:00+00:00,2022-01-27T15:26:00+00:00,440.9773,438.8933,0.68,-1.42,-0.004726,900000,ScoreExit,0.3855,-0.1710,0.3887,0.4052,0.3449,-0.5976,-0.3579,0.3449,,,
summary,2022-01-27,SPY,,,,,,,-1.42,,1,,,,,,,,,,0.8304,2022-01-24T20:58:00+00:00,1816,3167
summary,2022-01-27,QQQ,,,,,,,0.00,,0,,,,,,,,,,0.8476,2022-01-24T18:16:00+00:00,1857,3236
trade,2022-01-27,AAPL,Long,2022-01-27T14:42:00+00:00,2022-01-27T15:31:00+00:00,162.7438,162.6362,1.84,-0.20,-0.000661,2940000,ScoreExit,0.4114,-0.1258,0.3563,0.4096,0.4336,-0.3890,-0.3442,0.3986,,,
summary,2022-01-27,AAPL,,,,,,,-0.20,,1,,,,,,,,,,0.8534,2022-01-24T14:39:00+00:00,1786,3101
summary,2022-01-27,NVDA,,,,,,,0.00,,0,,,,,,,,,,1.0000,2022-01-24T14:31:00+00:00,1863,3043
summary,2022-01-27,MSFT,,,,,,,0.00,,0,,,,,,,,,,0.9268,2022-01-25T23:10:00+00:00,1923,2955
summary,2022-01-28,SPY,,,,,,,0.00,,0,,,,,,,,,,0.8784,2022-01-25T15:48:00+00:00,1422,3136
summary,2022-01-28,QQQ,,,,,,,0.00,,0,,,,,,,,,,0.8252,2022-01-25T15:29:00+00:00,1479,3242
trade,2022-01-28,AAPL,Long,2022-01-28T15:59:00+00:00,2022-01-28T16:00:00+00:00,166.6750,166.7849,1.80,0.20,0.000660,60000,SessionClose,0.5059,0.5073,0.5529,0.4590,0.5839,0.5675,0.4590,0.5839,,,
summary,2022-01-28,AAPL,,,,,,,0.20,,1,,,,,,,,,,0.9561,2022-01-25T15:48:00+00:00,2114,3148
summary,2022-01-28,NVDA,,,,,,,0.00,,0,,,,,,,,,,1.0000,2022-01-25T14:33:00+00:00,1347,3001
trade,2022-01-28,MSFT,Long,2022-01-28T15:47:00+00:00,2022-01-28T15:56:00+00:00,299.0847,301.1646,0.95,1.98,0.006954,540000,SessionClose,0.4876,0.5752,0.5273,0.5321,0.3854,0.5344,0.6770,0.3854,,,
summary,2022-01-28,MSFT,,,,,,,1.98,,1,,,,,,,,,,0.9736,2022-01-25T23:10:00+00:00,1925,2900
trade,2022-01-31,SPY,Long,2022-01-31T15:01:00+00:00,2022-01-31T15:56:00+00:00,444.0382,445.1214,0.68,0.73,0.002440,3300000,SessionClose,0.5230,0.2823,0.5832,0.4806,0.5878,0.5254,0.0891,0.5878,,,
summary,2022-01-31,SPY,,,,,,,0.73,,1,,,,,,,,,,0.9499,2022-01-28T15:59:00+00:00,1017,1160
trade,2022-01-31,QQQ,Long,2022-01-31T15:01:00+00:00,2022-01-31T15:56:00+00:00,357.1821,358.6374,0.84,1.22,0.004074,3300000,SessionClose,0.6049,0.3330,0.5798,0.5584,0.7063,0.5284,0.1139,0.7063,,,
summary,2022-01-31,QQQ,,,,,,,1.22,,1,,,,,,,,,,0.9601,2022-01-28T15:54:00+00:00,1058,1177
summary,2022-01-31,AAPL,,,,,,,0.00,,0,,,,,,,,,,0.9588,2022-01-28T15:47:00+00:00,1117,1181
summary,2022-01-31,NVDA,,,,,,,0.00,,0,,,,,,,,,,0.9693,2022-01-28T15:49:00+00:00,950,1100
summary,2022-01-31,MSFT,,,,,,,0.00,,0,,,,,,,,,,0.9593,2022-01-28T15:50:00+00:00,897,1044
summary,2022-02-01,SPY,,,,,,,0.00,,0,,,,,,,,,,0.6798,2022-01-31T15:09:00+00:00,1203,1519
summary,2022-02-01,QQQ,,,,,,,0.00,,0,,,,,,,,,,0.7650,2022-01-31T15:09:00+00:00,1242,1590
summary,2022-02-01,AAPL,,,,,,,0.00,,0,,,,,,,,,,0.7084,2022-01-31T15:00:00+00:00,1071,1521
summary,2022-02-01,NVDA,,,,,,,0.00,,0,,,,,,,,,,0.9949,2022-01-31T09:15:00+00:00,1120,1450
summary,2022-02-01,MSFT,,,,,,,0.00,,0,,,,,,,,,,0.7375,2022-01-31T15:08:00+00:00,422,1252
summary,2022-02-02,SPY,,,,,,,0.00,,0,,,,,,,,,,0.6798,2022-01-31T15:09:00+00:00,1882,2381
summary,2022-02-02,QQQ,,,,,,,0.00,,0,,,,,,,,,,0.7650,2022-01-31T15:09:00+00:00,1921,2496
summary,2022-02-02,AAPL,,,,,,,0.00,,0,,,,,,,,,,0.7084,2022-01-31T15:00:00+00:00,1641,2400
summary,2022-02-02,NVDA,,,,,,,0.00,,0,,,,,,,,,,0.9949,2022-01-31T09:15:00+00:00,1777,2328
trade,2022-02-02,MSFT,Long,2022-02-02T14:34:00+00:00,2022-02-02T15:52:00+00:00,310.3781,312.5912,0.97,2.14,0.007130,4680000,ScoreExit,0.4144,-0.0532,0.5242,0.3756,0.4555,-0.1979,-0.2442,0.3772,,,
summary,2022-02-02,MSFT,,,,,,,2.14,,1,,,,,,,,,,0.7375,2022-01-31T15:08:00+00:00,981,2025
summary,2022-02-03,SPY,,,,,,,0.00,,0,,,,,,,,,,0.8950,2022-01-31T15:09:00+00:00,2150,2988
summary,2022-02-03,QQQ,,,,,,,0.00,,0,,,,,,,,,,0.9651,2022-01-31T14:41:00+00:00,1865,3129
trade,2022-02-03,AAPL,Long,2022-02-03T15:11:00+00:00,2022-02-03T15:47:00+00:00,175.0675,175.3174,1.71,0.43,0.001427,2160000,ScoreExit,0.3860,-0.0586,0.3552,0.4390,0.2901,-0.5682,-0.1481,0.2901,,,
summary,2022-02-03,AAPL,,,,,,,0.43,,1,,,,,,,,,,1.0000,2022-01-31T14:40:00+00:00,2021,2987
trade,2022-02-03,NVDA,Long,2022-02-03T15:05:00+00:00,2022-02-03T15:56:00+00:00,246.1388,248.6005,1.07,2.62,0.010001,3060000,SessionClose,0.3566,0.1643,0.3835,0.3347,0.3916,0.4771,-0.0208,0.4302,,,
summary,2022-02-03,NVDA,,,,,,,2.62,,1,,,,,,,,,,1.0000,2022-01-31T14:34:00+00:00,1881,2941
summary,2022-02-03,MSFT,,,,,,,0.00,,0,,,,,,,,,,0.9104,2022-01-31T14:55:00+00:00,1090,2607
summary,2022-02-04,SPY,,,,,,,0.00,,0,,,,,,,,,,0.5961,2022-02-01T20:28:00+00:00,1366,3023
summary,2022-02-04,QQQ,,,,,,,0.00,,0,,,,,,,,,,0.6603,2022-02-01T21:29:00+00:00,1231,3159
summary,2022-02-04,AAPL,,,,,,,0.00,,0,,,,,,,,,,0.7523,2022-02-01T15:59:00+00:00,1666,3023
summary,2022-02-04,NVDA,,,,,,,0.00,,0,,,,,,,,,,0.9337,2022-02-01T21:27:00+00:00,1258,2887
summary,2022-02-04,MSFT,,,,,,,0.00,,0,,,,,,,,,,0.6550,2022-02-02T15:01:00+00:00,1302,2707
summary,2022-02-07,SPY,,,,,,,0.00,,0,,,,,,,,,,0.7089,2022-02-04T14:43:00+00:00,684,1136
summary,2022-02-07,QQQ,,,,,,,0.00,,0,,,,,,,,,,0.9369,2022-02-04T14:45:00+00:00,807,1160
summary,2022-02-07,AAPL,,,,,,,0.00,,0,,,,,,,,,,0.8932,2022-02-04T15:00:00+00:00,702,1074
summary,2022-02-07,NVDA,,,,,,,0.00,,0,,,,,,,,,,1.0000,2022-02-04T14:41:00+00:00,780,1013
summary,2022-02-07,MSFT,,,,,,,0.00,,0,,,,,,,,,,1.0000,2022-02-04T14:41:00+00:00,473,950
summary,2022-02-08,SPY,,,,,,,0.00,,0,,,,,,,,,,0.4556,2022-02-08T20:54:00+00:00,703,1460
summary,2022-02-08,QQQ,,,,,,,0.00,,0,,,,,,,,,,0.5774,2022-02-07T14:54:00+00:00,524,1508
summary,2022-02-08,AAPL,,,,,,,0.00,,0,,,,,,,,,,0.6844,2022-02-07T10:48:00+00:00,619,1353
summary,2022-02-08,NVDA,,,,,,,0.00,,0,,,,,,,,,,0.7142,2022-02-07T14:54:00+00:00,806,1285
summary,2022-02-08,MSFT,,,,,,,0.00,,0,,,,,,,,,,0.8624,2022-02-07T12:34:00+00:00,385,1166
summary,2022-02-09,SPY,,,,,,,0.00,,0,,,,,,,,,,0.4556,2022-02-08T20:54:00+00:00,1367,2281
summary,2022-02-09,QQQ,,,,,,,0.00,,0,,,,,,,,,,0.5774,2022-02-07T14:54:00+00:00,1250,2382
summary,2022-02-09,AAPL,,,,,,,0.00,,0,,,,,,,,,,0.6844,2022-02-07T10:48:00+00:00,1253,2154
trade,2022-02-09,NVDA,Long,2022-02-09T15:36:00+00:00,2022-02-09T15:56:00+00:00,257.1421,259.5271,1.17,2.79,0.009275,1200000,SessionClose,0.4831,0.6492,0.5059,0.4399,0.5618,0.5123,0.7158,0.5618,,,
summary,2022-02-09,NVDA,,,,,,,2.79,,1,,,,,,,,,,0.7142,2022-02-07T14:54:00+00:00,1479,2060
trade,2022-02-09,MSFT,Long,2022-02-09T14:37:00+00:00,2022-02-09T15:12:00+00:00,310.5681,308.9623,0.97,-1.55,-0.005171,2100000,ScoreExit,0.4984,-0.0625,0.5624,0.4811,0.5115,-0.3976,-0.2681,0.4604,,,
summary,2022-02-09,MSFT,,,,,,,-1.55,,1,,,,,,,,,,0.8624,2022-02-07T12:34:00+00:00,962,1819
summary,2022-02-10,SPY,,,,,,,0.00,,0,,,,,,,,,,0.5916,2022-02-07T15:34:00+00:00,1499,2850
summary,2022-02-10,QQQ,,,,,,,0.00,,0,,,,,,,,,,0.7790,2022-02-07T14:41:00+00:00,1467,2940
summary,2022-02-10,AAPL,,,,,,,0.00,,0,,,,,,,,,,0.8792,2022-02-07T14:42:00+00:00,1399,2687
trade,2022-02-10,NVDA,Long,2022-02-10T14:31:00+00:00,2022-02-10T15:56:00+00:00,260.0830,265.3254,1.15,6.05,0.020157,5100000,SessionClose,0.3527,0.0435,0.3558,0.3163,0.4245,-0.5314,-0.0818,0.4857,,,
summary,2022-02-10,NVDA,,,,,,,6.05,,1,,,,,,,,,,1.0000,2022-02-07T14:37:00+00:00,1862,2667
summary,2022-02-10,MSFT,,,,,,,0.00,,0,,,,,,,,,,0.6037,2022-02-07T14:32:00+00:00,1044,2299
summary,2022-02-11,SPY,,,,,,,0.00,,0,,,,,,,,,,0.8957,2022-02-08T16:04:00+00:00,1534,2892
summary,2022-02-11,QQQ,,,,,,,0.00,,0,,,,,,,,,,0.9564,2022-02-08T15:53:00+00:00,1612,2975
summary,2022-02-11,AAPL,,,,,,,0.00,,0,,,,,,,,,,0.9526,2022-02-08T16:02:00+00:00,1496,2725
summary,2022-02-11,NVDA,,,,,,,0.00,,0,,,,,,,,,,1.0000,2022-02-08T14:37:00+00:00,1625,2680
summary,2022-02-11,MSFT,,,,,,,0.00,,0,,,,,,,,,,0.9559,2022-02-08T16:02:00+00:00,1112,2307
summary,2022-02-14,SPY,,,,,,,0.00,,0,,,,,,,,,,0.7482,2022-02-11T14:46:00+00:00,43,1173
summary,2022-02-14,QQQ,,,,,,,0.00,,0,,,,,,,,,,0.7595,2022-02-11T14:46:00+00:00,190,1195
summary,2022-02-14,AAPL,,,,,,,0.00,,0,,,,,,,,,,0.5988,2022-02-11T14:46:00+00:00,416,1164
summary,2022-02-14,NVDA,,,,,,,0.00,,0,,,,,,,,,,0.8590,2022-02-14T14:54:00+00:00,400,1154
summary,2022-02-14,MSFT,,,,,,,0.00,,0,,,,,,,,,,0.8113,2022-02-11T14:46:00+00:00,310,1076
trade,2022-02-15,SPY,Long,2022-02-15T15:46:00+00:00,2022-02-15T15:56:00+00:00,445.6587,445.6863,0.67,0.02,0.000062,600000,SessionClose,0.4437,0.3330,0.5208,0.3912,0.5230,0.4886,0.2121,0.5230,,,
summary,2022-02-15,SPY,,,,,,,0.02,,1,,,,,,,,,,0.6343,2022-02-15T09:19:00+00:00,1065,1559
summary,2022-02-15,QQQ,,,,,,,0.00,,0,,,,,,,,,,0.7142,2022-02-15T09:18:00+00:00,1203,1601
summary,2022-02-15,AAPL,,,,,,,0.00,,0,,,,,,,,,,0.6641,2022-02-14T13:01:00+00:00,1099,1452
summary,2022-02-15,NVDA,,,,,,,0.00,,0,,,,,,,,,,1.0000,2022-02-14T09:08:00+00:00,1180,1469
trade,2022-02-15,MSFT,Long,2022-02-15T15:46:00+00:00,2022-02-15T15:56:00+00:00,300.2350,300.2249,1.00,-0.01,-0.000034,600000,SessionClose,0.4489,0.2518,0.5417,0.3969,0.5219,0.2072,0.1242,0.5219,,,
summary,2022-02-15,MSFT,,,,,,,-0.01,,1,,,,,,,,,,0.8205,2022-02-14T10:23:00+00:00,914,1243
summary,2022-02-16,SPY,,,,,,,0.00,,0,,,,,,,,,,0.6343,2022-02-15T09:19:00+00:00,1606,2394
summary,2022-02-16,QQQ,,,,,,,0.00,,0,,,,,,,,,,0.7142,2022-02-15T09:18:00+00:00,1778,2458
summary,2022-02-16,AAPL,,,,,,,0.00,,0,,,,,,,,,,0.6641,2022-02-14T13:01:00+00:00,1561,2193
trade,2022-02-16,NVDA,Long,2022-02-16T15:26:00+00:00,2022-02-16T15:56:00+00:00,260.1230,263.4441,1.14,3.79,0.012768,1800000,SessionClose,0.4256,0.5125,0.4391,0.3761,0.5200,0.5557,0.5016,0.5200,,,
summary,2022-02-16,NVDA,,,,,,,3.79,,1,,,,,,,,,,1.0000,2022-02-14T09:08:00+00:00,1764,2323
summary,2022-02-16,MSFT,,,,,,,0.00,,0,,,,,,,,,,0.8205,2022-02-14T10:23:00+00:00,1211,1802
summary,2022-02-17,SPY,,,,,,,0.00,,0,,,,,,,,,,0.6293,2022-02-15T09:19:00+00:00,1657,2945
summary,2022-02-17,QQQ,,,,,,,0.00,,0,,,,,,,,,,0.8970,2022-02-14T14:52:00+00:00,1810,3001
summary,2022-02-17,AAPL,,,,,,,0.00,,0,,,,,,,,,,0.8932,2022-02-14T14:49:00+00:00,1623,2636
summary,2022-02-17,NVDA,,,,,,,0.00,,0,,,,,,,,,,1.0000,2022-02-14T14:34:00+00:00,1614,2958
summary,2022-02-17,MSFT,,,,,,,0.00,,0,,,,,,,,,,0.9077,2022-02-14T14:51:00+00:00,1115,2204
summary,2022-02-18,SPY,,,,,,,0.00,,0,,,,,,,,,,0.8173,2022-02-15T15:49:00+00:00,782,2907
summary,2022-02-18,QQQ,,,,,,,0.00,,0,,,,,,,,,,0.8717,2022-02-15T15:49:00+00:00,1003,3000
summary,2022-02-18,AAPL,,,,,,,0.00,,0,,,,,,,,,,0.7223,2022-02-15T15:49:00+00:00,792,2634
summary,2022-02-18,NVDA,,,,,,,0.00,,0,,,,,,,,,,1.0000,2022-02-15T14:37:00+00:00,1131,2958
summary,2022-02-18,MSFT,,,,,,,0.00,,0,,,,,,,,,,0.8630,2022-02-15T15:49:00+00:00,361,2209
summary,2022-02-21,SPY,,,,,,,0.00,,0,,,,,,,,,,0.6135,2022-02-18T14:54:00+00:00,82,510
summary,2022-02-21,QQQ,,,,,,,0.00,,0,,,,,,,,,,0.7418,2022-02-18T14:54:00+00:00,62,506
summary,2022-02-21,AAPL,,,,,,,0.00,,0,,,,,,,,,,0.4919,2022-02-18T19:31:00+00:00,32,501
summary,2022-02-21,NVDA,,,,,,,0.00,,0,,,,,,,,,,0.7974,2022-02-18T19:28:00+00:00,66,504
summary,2022-02-21,MSFT,,,,,,,0.00,,0,,,,,,,,,,0.3679,2022-02-18T19:31:00+00:00,17,472
summary,2022-02-22,SPY,,,,,,,0.00,,0,,,,,,,,,,0.9569,2022-02-22T10:22:00+00:00,343,721
summary,2022-02-22,QQQ,,,,,,,0.00,,0,,,,,,,,,,0.9584,2022-02-22T10:23:00+00:00,389,717
summary,2022-02-22,AAPL,,,,,,,0.00,,0,,,,,,,,,,0.9584,2022-02-22T10:24:00+00:00,341,675
summary,2022-02-22,NVDA,,,,,,,0.00,,0,,,,,,,,,,0.9636,2022-02-22T10:14:00+00:00,402,697
summary,2022-02-22,MSFT,,,,,,,0.00,,0,,,,,,,,,,0.9613,2022-02-22T10:39:00+00:00,293,608
summary,2022-02-23,SPY,,,,,,,0.00,,0,,,,,,,,,,0.9569,2022-02-22T10:22:00+00:00,754,1599
summary,2022-02-23,QQQ,,,,,,,0.00,,0,,,,,,,,,,0.9584,2022-02-22T10:23:00+00:00,898,1655
summary,2022-02-23,AAPL,,,,,,,0.00,,0,,,,,,,,,,0.9584,2022-02-22T10:24:00+00:00,719,1469
summary,2022-02-23,NVDA,,,,,,,0.00,,0,,,,,,,,,,0.9636,2022-02-22T10:14:00+00:00,777,1460
summary,2022-02-23,MSFT,,,,,,,0.00,,0,,,,,,,,,,0.9613,2022-02-22T10:39:00+00:00,547,1195
summary,2022-02-24,SPY,,,,,,,0.00,,0,,,,,,,,,,0.9569,2022-02-22T10:22:00+00:00,873,2549
summary,2022-02-24,QQQ,,,,,,,0.00,,0,,,,,,,,,,0.9584,2022-02-22T10:23:00+00:00,1192,2612
summary,2022-02-24,AAPL,,,,,,,0.00,,0,,,,,,,,,,0.9584,2022-02-22T10:24:00+00:00,945,2415
summary,2022-02-24,NVDA,,,,,,,0.00,,0,,,,,,,,,,0.9636,2022-02-22T10:14:00+00:00,1131,2373
summary,2022-02-24,MSFT,,,,,,,0.00,,0,,,,,,,,,,0.9613,2022-02-22T10:39:00+00:00,934,2011
trade,2022-02-25,SPY,Long,2022-02-25T15:41:00+00:00,2022-02-25T15:56:00+00:00,431.9645,433.5249,0.70,1.08,0.003612,900000,SessionClose,0.4637,0.4427,0.4278,0.4397,0.5236,0.5276,0.3881,0.5236,,,
trade,2022-02-25,SPY,Long,2022-02-25T15:58:00+00:00,2022-02-25T15:59:00+00:00,433.9752,433.5149,0.69,-0.32,-0.001061,60000,SessionClose,0.4412,0.4130,0.5122,0.3881,0.5236,0.2306,0.3881,0.5236,,,
summary,2022-02-25,SPY,,,,,,,0.77,,2,,,,,,,,,,0.9018,2022-02-22T14:49:00+00:00,1360,3142
trade,2022-02-25,QQQ,Long,2022-02-25T15:42:00+00:00,2022-02-25T15:56:00+00:00,341.6074,343.0321,0.88,1.25,0.004170,840000,SessionClose,0.4640,0.4354,0.4727,0.4604,0.4684,0.3647,0.4307,0.4684,,,
trade,2022-02-25,QQQ,Long,2022-02-25T15:58:00+00:00,2022-02-25T15:59:00+00:00,343.5380,343.2620,0.87,-0.24,-0.000804,60000,SessionClose,0.4471,0.4434,0.4815,0.4307,0.4684,0.4447,0.4307,0.4684,,,
summary,2022-02-25,QQQ,,,,,,,1.01,,2,,,,,,,,,,0.9410,2022-02-22T14:46:00+00:00,1647,3208
trade,2022-02-25,AAPL,Long,2022-02-25T15:42:00+00:00,2022-02-25T15:56:00+00:00,162.2136,163.0561,1.85,1.56,0.005193,840000,SessionClose,0.3539,0.3851,0.4296,0.3241,0.3881,0.2945,0.3988,0.3881,,,
trade,2022-02-25,AAPL,Long,2022-02-25T15:58:00+00:00,2022-02-25T15:59:00+00:00,163.4440,163.3560,1.84,-0.16,-0.000539,60000,SessionClose,0.4057,0.4055,0.4997,0.3988,0.3881,0.4981,0.3988,0.3881,,,
summary,2022-02-25,AAPL,,,,,,,1.40,,2,,,,,,,,,,0.9001,2022-02-22T14:49:00+00:00,1350,2975
trade,2022-02-25,NVDA,Long,2022-02-25T15:46:00+00:00,2022-02-25T15:56:00+00:00,239.6774,239.7938,1.01,0.12,0.000486,600000,SessionClose,0.5711,0.4313,0.6179,0.5603,0.5770,0.2417,0.3901,0.5770,,,
summary,2022-02-25,NVDA,,,,,,,0.12,,1,,,,,,,,,,1.0000,2022-02-22T14:40:00+00:00,1508,2900
trade,2022-02-25,MSFT,Long,2022-02-25T15:29:00+00:00,2022-02-25T15:56:00+00:00,295.6037,295.2364,1.02,-0.37,-0.001242,1620000,SessionClose,0.4284,0.1939,0.4575,0.3807,0.5142,-0.3207,0.1194,0.5142,,,
summary,2022-02-25,MSFT,,,,,,,-0.37,,1,,,,,,,,,,1.0000,2022-02-22T14:36:00+00:00,1319,2479
trade,2022-02-28,SPY,Long,2022-02-28T15:42:00+00:00,2022-02-28T15:56:00+00:00,435.3956,435.5343,0.69,0.10,0.000319,840000,SessionClose,0.4480,0.4360,0.5200,0.4353,0.4494,0.3234,0.4195,0.5066,,,
summary,2022-02-28,SPY,,,,,,,0.10,,1,,,,,,,,,,0.9585,2022-02-25T15:46:00+00:00,725,1200
trade,2022-02-28,QQQ,Long,2022-02-28T14:33:00+00:00,2022-02-28T15:12:00+00:00,343.6881,342.6422,0.87,-0.91,-0.003043,2340000,ScoreExit,0.4315,-0.0886,0.4737,0.4726,0.3350,-0.5973,-0.1614,0.2264,,,
trade,2022-02-28,QQQ,Long,2022-02-28T15:41:00+00:00,2022-02-28T15:56:00+00:00,346.1888,346.4710,0.87,0.24,0.000815,900000,SessionClose,0.5396,0.4640,0.5401,0.4946,0.6294,0.1953,0.4262,0.6294,,,
summary,2022-02-28,QQQ,,,,,,,-0.67,,2,,,,,,,,,,0.9610,2022-02-25T15:47:00+00:00,767,1221
trade,2022-02-28,AAPL,Long,2022-02-28T14:49:00+00:00,2022-02-28T15:11:00+00:00,164.0542,163.7009,1.83,-0.65,-0.002154,1320000,ScoreExit,0.3544,-0.0603,0.3405,0.3267,0.4144,-0.5188,-0.1708,0.3135,,,
summary,2022-02-28,AAPL,,,,,,,-0.65,,1,,,,,,,,,,0.9586,2022-02-25T15:47:00+00:00,754,1131
summary,2022-02-28,NVDA,,,,,,,0.00,,0,,,,,,,,,,1.0000,2022-02-25T14:33:00+00:00,749,1078
trade,2022-02-28,MSFT,Long,2022-02-28T14:49:00+00:00,2022-02-28T15:11:00+00:00,296.1638,294.9165,1.01,-1.26,-0.004212,1320000,ScoreExit,0.4056,-0.1366,0.4504,0.4404,0.3213,-0.5876,-0.1746,0.0899,,,
summary,2022-02-28,MSFT,,,,,,,-1.26,,1,,,,,,,,,,0.8986,2022-02-25T15:11:00+00:00,627,980
summary,2022-03-01,SPY,,,,,,,0.00,,0,,,,,,,,,,0.6901,2022-02-28T09:09:00+00:00,766,1608
summary,2022-03-01,QQQ,,,,,,,0.00,,0,,,,,,,,,,0.8053,2022-02-28T09:09:00+00:00,843,1612
summary,2022-03-01,AAPL,,,,,,,0.00,,0,,,,,,,,,,0.9316,2022-02-28T09:08:00+00:00,785,1403
summary,2022-03-01,NVDA,,,,,,,0.00,,0,,,,,,,,,,1.0000,2022-02-28T09:07:00+00:00,622,1314
trade,2022-03-01,MSFT,Long,2022-03-01T15:16:00+00:00,2022-03-01T15:41:00+00:00,298.7946,298.6054,1.00,-0.19,-0.000633,1500000,ScoreExit,0.4058,-0.0585,0.5168,0.3707,0.4391,-0.5297,-0.2288,0.4391,,,
summary,2022-03-01,MSFT,,,,,,,-0.19,,1,,,,,,,,,,0.7280,2022-02-28T12:07:00+00:00,517,1120
summary,2022-03-02,SPY,,,,,,,0.00,,0,,,,,,,,,,0.6901,2022-02-28T09:09:00+00:00,1221,2496
summary,2022-03-02,QQQ,,,,,,,0.00,,0,,,,,,,,,,0.8053,2022-02-28T09:09:00+00:00,1255,2491
summary,2022-03-02,AAPL,,,,,,,0.00,,0,,,,,,,,,,0.9316,2022-02-28T09:08:00+00:00,1172,2179
summary,2022-03-02,NVDA,,,,,,,0.00,,0,,,,,,,,,,1.0000,2022-02-28T09:07:00+00:00,995,2011
trade,2022-03-02,MSFT,Long,2022-03-02T14:50:00+00:00,2022-03-02T15:07:00+00:00,297.7343,296.6360,1.01,-1.11,-0.003689,1020000,ScoreExit,0.3554,-0.1104,0.3322,0.4071,0.2597,-0.2950,-0.2189,0.1680,,,
summary,2022-03-02,MSFT,,,,,,,-1.11,,1,,,,,,,,,,0.7280,2022-02-28T12:07:00+00:00,937,1702
summary,2022-03-03,SPY,,,,,,,0.00,,0,,,,,,,,,,0.9548,2022-02-28T15:42:00+00:00,1672,3058
summary,2022-03-03,QQQ,,,,,,,0.00,,0,,,,,,,,,,0.9598,2022-02-28T15:42:00+00:00,1392,3025
summary,2022-03-03,AAPL,,,,,,,0.00,,0,,,,,,,,,,0.9527,2022-02-28T15:56:00+00:00,1510,2670
summary,2022-03-03,NVDA,,,,,,,0.00,,0,,,,,,,,,,0.9594,2022-02-28T15:42:00+00:00,1176,2512
summary,2022-03-03,MSFT,,,,,,,0.00,,0,,,,,,,,,,0.9601,2022-02-28T15:42:00+00:00,1092,2168
summary,2022-03-04,SPY,,,,,,,0.00,,0,,,,,,,,,,0.5426,2022-03-02T16:13:00+00:00,1287,3047
summary,2022-03-04,QQQ,,,,,,,0.00,,0,,,,,,,,,,0.7714,2022-03-01T15:21:00+00:00,932,3036
summary,2022-03-04,AAPL,,,,,,,0.00,,0,,,,,,,,,,0.9842,2022-03-01T14:36:00+00:00,1136,2699
summary,2022-03-04,NVDA,,,,,,,0.00,,0,,,,,,,,,,0.8883,2022-03-01T15:32:00+00:00,932,2534
summary,2022-03-04,MSFT,,,,,,,0.00,,0,,,,,,,,,,0.8982,2022-03-01T14:50:00+00:00,681,2171
summary,2022-03-07,SPY,,,,,,,0.00,,0,,,,,,,,,,0.6250,2022-03-04T18:04:00+00:00,354,1194
summary,2022-03-07,QQQ,,,,,,,0.00,,0,,,,,,,,,,0.6248,2022-03-04T18:04:00+00:00,153,1185
summary,2022-03-07,AAPL,,,,,,,0.00,,0,,,,,,,,,,0.5914,2022-03-04T18:07:00+00:00,326,1151
summary,2022-03-07,NVDA,,,,,,,0.00,,0,,,,,,,,,,1.0000,2022-03-04T14:37:00+00:00,157,1083
summary,2022-03-07,MSFT,,,,,,,0.00,,0,,,,,,,,,,0.7062,2022-03-04T17:17:00+00:00,248,998
summary,2022-03-08,SPY,,,,,,,0.00,,0,,,,,,,,,,0.7091,2022-03-08T17:18:00+00:00,343,1620
summary,2022-03-08,QQQ,,,,,,,0.00,,0,,,,,,,,,,0.8269,2022-03-08T17:18:00+00:00,356,1611
summary,2022-03-08,AAPL,,,,,,,0.00,,0,,,,,,,,,,0.7650,2022-03-08T17:44:00+00:00,386,1540
summary,2022-03-08,NVDA,,,,,,,0.00,,0,,,,,,,,,,0.8979,2022-03-07T09:08:00+00:00,447,1422
summary,2022-03-08,MSFT,,,,,,,0.00,,0,,,,,,,,,,0.8851,2022-03-08T17:18:00+00:00,397,1267
trade,2022-03-09,SPY,Long,2022-03-09T15:25:00+00:00,2022-03-09T15:56:00+00:00,426.0928,426.0571,0.70,-0.03,-0.000084,1860000,SessionClose,0.3523,0.3418,0.4289,0.3089,0.4136,0.3470,0.3051,0.4136,,,
summary,2022-03-09,SPY,,,,,,,-0.03,,1,,,,,,,,,,0.7091,2022-03-08T17:18:00+00:00,919,2562
trade,2022-03-09,QQQ,Long,2022-03-09T15:22:00+00:00,2022-03-09T15:56:00+00:00,332.5747,332.5552,0.90,-0.02,-0.000059,2040000,SessionClose,0.4378,0.3500,0.4904,0.3945,0.5070,0.0215,0.3262,0.5070,,,
summary,2022-03-09,QQQ,,,,,,,-0.02,,1,,,,,,,,,,0.8269,2022-03-08T17:18:00+00:00,971,2533
trade,2022-03-09,AAPL,Long,2022-03-09T15:22:00+00:00,2022-03-09T15:56:00+00:00,161.4634,161.7765,1.86,0.58,0.001939,2040000,SessionClose,0.3943,0.3500,0.3426,0.3561,0.4878,-0.2075,0.3740,0.4878,,,
summary,2022-03-09,AAPL,,,,,,,0.58,,1,,,,,,,,,,0.7650,2022-03-08T17:44:00+00:00,942,2434
trade,2022-03-09,NVDA,Long,2022-03-09T15:01:00+00:00,2022-03-09T15:56:00+00:00,226.1028,227.4367,1.14,1.52,0.005900,3300000,SessionClose,0.6139,0.0268,0.5771,0.6252,0.6035,-0.4327,-0.1850,0.6035,,,
summary,2022-03-09,NVDA,,,,,,,1.52,,1,,,,,,,,,,0.8979,2022-03-07T09:08:00+00:00,1071,2246
trade,2022-03-09,MSFT,Long,2022-03-09T15:21:00+00:00,2022-03-09T15:56:00+00:00,284.5103,285.9220,1.06,1.49,0.004962,2100000,SessionClose,0.4906,0.4404,0.5063,0.4392,0.5884,0.0146,0.4373,0.5884,,,
summary,2022-03-09,MSFT,,,,,,,1.49,,1,,,,,,,,,,0.8851,2022-03-08T17:18:00+00:00,910,1941
summary,2022-03-10,SPY,,,,,,,0.00,,0,,,,,,,,,,0.6932,2022-03-08T17:18:00+00:00,1206,3155
summary,2022-03-10,QQQ,,,,,,,0.00,,0,,,,,,,,,,0.8189,2022-03-08T17:18:00+00:00,1186,3135
summary,2022-03-10,AAPL,,,,,,,0.00,,0,,,,,,,,,,0.7775,2022-03-07T14:31:00+00:00,955,3000
summary,2022-03-10,NVDA,,,,,,,0.00,,0,,,,,,,,,,0.8504,2022-03-09T09:20:00+00:00,1460,2785
summary,2022-03-10,MSFT,,,,,,,0.00,,0,,,,,,,,,,0.8892,2022-03-08T17:18:00+00:00,1211,2476
summary,2022-03-11,SPY,,,,,,,0.00,,0,,,,,,,,,,0.8254,2022-03-08T17:18:00+00:00,1697,3085
summary,2022-03-11,QQQ,,,,,,,0.00,,0,,,,,,,,,,1.0000,2022-03-08T14:35:00+00:00,1705,3098
summary,2022-03-11,AAPL,,,,,,,0.00,,0,,,,,,,,,,1.0000,2022-03-08T14:35:00+00:00,1194,2973
summary,2022-03-11,NVDA,,,,,,,0.00,,0,,,,,,,,,,0.9936,2022-03-08T14:35:00+00:00,1798,2718
trade,2022-03-11,MSFT,Long,2022-03-11T15:51:00+00:00,2022-03-11T15:56:00+00:00,287.4412,287.2771,1.05,-0.17,-0.000571,300000,SessionClose,0.3751,0.2374,0.3447,0.4169,0.3016,-0.0929,0.2604,0.3016,,,
summary,2022-03-11,MSFT,,,,,,,-0.17,,1,,,,,,,,,,0.9306,2022-03-08T14:43:00+00:00,1452,2349
summary,2022-03-14,SPY,,,,,,,0.00,,0,,,,,,,,,,0.4430,2022-03-11T15:57:00+00:00,138,1180
summary,2022-03-14,QQQ,,,,,,,0.00,,0,,,,,,,,,,0.1049,2022-03-11T14:50:00+00:00,8,1191
summary,2022-03-14,AAPL,,,,,,,0.00,,0,,,,,,,,,,0.4828,2022-03-11T14:35:00+00:00,45,1194
summary,2022-03-14,NVDA,,,,,,,0.00,,0,,,,,,,,,,0.4956,2022-03-11T14:30:00+00:00,107,1059
trade,2022-03-14,MSFT,Long,2022-03-14T13:45:00+00:00,2022-03-14T15:01:00+00:00,284.3603,284.0098,1.06,-0.37,-0.001233,4560000,MaxHoldTimeout,0.5055,0.0615,0.5889,0.4642,0.5602,-0.4235,-0.0501,0.4462,,,
summary,2022-03-14,MSFT,,,,,,,-0.37,,1,,,,,,,,,,0.8330,2022-03-11T15:51:00+00:00,132,1012
trade,2022-03-15,SPY,Long,2022-03-15T14:41:00+00:00,2022-03-15T15:56:00+00:00,422.5717,422.3283,0.71,-0.17,-0.000576,4500000,SessionClose,0.4546,0.0133,0.4840,0.4077,0.5386,-0.5784,-0.1520,0.5409,,,
summary,2022-03-15,SPY,,,,,,,-0.17,,1,,,,,,,,,,0.6180,2022-03-14T14:59:00+00:00,670,1568
trade,2022-03-15,QQQ,Long,2022-03-15T14:38:00+00:00,2022-03-15T15:56:00+00:00,324.4823,324.6776,0.92,0.18,0.000602,4680000,SessionClose,0.5691,0.0267,0.5601,0.5228,0.6645,-0.5891,-0.1772,0.6396,,,
summary,2022-03-15,QQQ,,,,,,,0.18,,1,,,,,,,,,,0.6532,2022-03-14T14:12:00+00:00,597,1612
summary,2022-03-15,AAPL,,,,,,,0.00,,0,,,,,,,,,,0.6963,2022-03-14T08:08:00+00:00,701,1587
summary,2022-03-15,NVDA,,,,,,,0.00,,0,,,,,,,,,,0.9609,2022-03-14T09:44:00+00:00,763,1326
summary,2022-03-15,MSFT,,,,,,,0.00,,0,,,,,,,,,,0.9613,2022-03-14T09:51:00+00:00,646,1224
trade,2022-03-16,SPY,Long,2022-03-16T13:36:00+00:00,2022-03-16T15:37:00+00:00,430.9943,432.8051,0.70,1.26,0.004202,7260000,MaxHoldTimeout,0.3953,0.0031,0.4861,0.3723,0.4110,-0.1754,-0.1690,0.4066,,,
summary,2022-03-16,SPY,,,,,,,1.26,,1,,,,,,,,,,0.6180,2022-03-14T14:59:00+00:00,1318,2447
trade,2022-03-16,QQQ,Long,2022-03-16T13:41:00+00:00,2022-03-16T15:42:00+00:00,333.6651,336.5340,0.90,2.58,0.008598,7260000,MaxHoldTimeout,0.4341,0.0191,0.4779,0.4050,0.4778,-0.4028,-0.1643,0.5264,,,
summary,2022-03-16,QQQ,,,,,,,2.58,,1,,,,,,,,,,0.6532,2022-03-14T14:12:00+00:00,1292,2523
trade,2022-03-16,AAPL,Long,2022-03-16T14:32:00+00:00,2022-03-16T15:48:00+00:00,158.2425,157.6377,1.90,-1.15,-0.003822,4560000,MaxHoldTimeout,0.4694,0.0017,0.5572,0.4227,0.5334,-0.5611,-0.1384,0.4695,,,
summary,2022-03-16,AAPL,,,,,,,-1.15,,1,,,,,,,,,,0.6963,2022-03-14T08:08:00+00:00,1377,2457
summary,2022-03-16,NVDA,,,,,,,0.00,,0,,,,,,,,,,0.9609,2022-03-14T09:44:00+00:00,1448,2137
trade,2022-03-16,MSFT,Long,2022-03-16T13:36:00+00:00,2022-03-16T15:37:00+00:00,290.8972,291.3576,1.03,0.47,0.001582,7260000,MaxHoldTimeout,0.4383,0.1118,0.4928,0.4348,0.4272,0.2034,-0.0432,0.3913,,,
summary,2022-03-16,MSFT,,,,,,,0.47,,1,,,,,,,,,,0.9613,2022-03-14T09:51:00+00:00,1087,1880
summary,2022-03-17,SPY,,,,,,,0.00,,0,,,,,,,,,,0.9557,2022-03-14T14:59:00+00:00,1874,3065
trade,2022-03-17,QQQ,Long,2022-03-17T13:52:00+00:00,2022-03-17T14:37:00+00:00,339.2768,339.1632,0.89,-0.10,-0.000335,2700000,ScoreExit,0.3754,-0.0548,0.2585,0.4083,0.3485,-0.5166,-0.1084,0.2064,,,
summary,2022-03-17,QQQ,,,,,,,-0.10,,1,,,,,,,,,,0.9027,2022-03-14T14:12:00+00:00,1893,3141
trade,2022-03-17,AAPL,Long,2022-03-17T13:56:00+00:00,2022-03-17T14:26:00+00:00,159.0627,159.0673,1.89,0.01,0.000029,1800000,ScoreExit,0.3845,-0.0611,0.4202,0.4198,0.3020,-0.2316,-0.1278,0.1290,,,
summary,2022-03-17,AAPL,,,,,,,0.01,,1,,,,,,,,,,1.0000,2022-03-14T13:31:00+00:00,1813,3007
trade,2022-03-17,NVDA,Long,2022-03-17T13:53:00+00:00,2022-03-17T14:41:00+00:00,245.0935,243.6819,1.10,-1.56,-0.005760,2880000,ScoreExit,0.5910,-0.1118,0.5069,0.5855,0.6301,0.3355,-0.3920,0.2994,,,
summary,2022-03-17,NVDA,,,,,,,-1.56,,1,,,,,,,,,,0.9457,2022-03-14T13:46:00+00:00,1917,2734
summary,2022-03-17,MSFT,,,,,,,0.00,,0,,,,,,,,,,0.9578,2022-03-14T13:36:00+00:00,1437,2352
trade,2022-03-18,SPY,Long,2022-03-18T13:46:00+00:00,2022-03-18T14:38:00+00:00,438.5865,438.6734,0.68,0.06,0.000198,3120000,ScoreExit,0.3782,-0.0504,0.4055,0.4239,0.2779,-0.5409,-0.1437,0.2997,,,
summary,2022-03-18,SPY,,,,,,,0.06,,1,,,,,,,,,,0.9463,2022-03-15T14:40:00+00:00,2392,3055
summary,2022-03-18,QQQ,,,,,,,0.00,,0,,,,,,,,,,0.9571,2022-03-15T15:04:00+00:00,2504,3112
summary,2022-03-18,AAPL,,,,,,,0.00,,0,,,,,,,,,,0.9552,2022-03-15T14:54:00+00:00,2405,2891
summary,2022-03-18,NVDA,,,,,,,0.00,,0,,,,,,,,,,0.9581,2022-03-15T14:46:00+00:00,2329,2674
trade,2022-03-18,MSFT,Long,2022-03-18T13:59:00+00:00,2022-03-18T14:49:00+00:00,294.8434,295.3064,1.02,0.47,0.001570,3000000,ScoreExit,0.3675,-0.0601,0.3675,0.4004,0.3015,-0.3944,-0.1934,0.3179,,,
summary,2022-03-18,MSFT,,,,,,,0.47,,1,,,,,,,,,,0.9579,2022-03-15T14:49:00+00:00,1752,2252
trade,2022-03-21,SPY,Long,2022-03-21T13:31:00+00:00,2022-03-21T13:51:00+00:00,444.9384,445.1314,0.67,0.13,0.000434,1200000,ScoreExit,0.3998,-0.0743,0.4844,0.3740,0.4233,-0.3802,-0.2721,0.4233,,,
trade,2022-03-21,SPY,Long,2022-03-21T14:56:00+00:00,2022-03-21T15:56:00+00:00,444.5183,445.1764,0.68,0.44,0.001480,3600000,SessionClose,0.3600,0.2796,0.4363,0.3166,0.4213,0.2607,0.1884,0.4684,,,
summary,2022-03-21,SPY,,,,,,,0.57,,2,,,,,,,,,,0.8156,2022-03-18T14:12:00+00:00,945,1160
trade,2022-03-21,QQQ,Long,2022-03-21T13:31:00+00:00,2022-03-21T13:51:00+00:00,350.5201,350.4298,0.86,-0.08,-0.000258,1200000,ScoreExit,0.3644,-0.1359,0.4128,0.3289,0.4193,-0.3712,-0.3743,0.4193,,,
summary,2022-03-21,QQQ,,,,,,,-0.08,,1,,,,,,,,,,0.9577,2022-03-18T15:04:00+00:00,917,1182
trade,2022-03-21,AAPL,Long,2022-03-21T13:36:00+00:00,2022-03-21T14:12:00+00:00,164.4193,163.4260,1.83,-1.81,-0.006042,2160000,ScoreExit,0.4790,-0.0856,0.5108,0.4515,0.5234,-0.5415,-0.3209,0.5371,,,
summary,2022-03-21,AAPL,,,,,,,-1.81,,1,,,,,,,,,,0.9568,2022-03-18T15:04:00+00:00,962,1080
summary,2022-03-21,NVDA,,,,,,,0.00,,0,,,,,,,,,,1.0000,2022-03-18T13:32:00+00:00,970,1101
trade,2022-03-21,MSFT,Long,2022-03-21T13:40:00+00:00,2022-03-21T13:51:00+00:00,299.4348,298.8253,1.00,-0.61,-0.002035,660000,ScoreExit,0.3554,-0.1513,0.4386,0.3055,0.4275,-0.3505,-0.3562,0.3248,,,
summary,2022-03-21,MSFT,,,,,,,-0.61,,1,,,,,,,,,,0.9515,2022-03-18T15:04:00+00:00,704,981
summary,2022-03-22,SPY,,,,,,,0.00,,0,,,,,,,,,,0.4748,2022-03-21T13:36:00+00:00,892,1480
trade,2022-03-22,QQQ,Long,2022-03-22T13:36:00+00:00,2022-03-22T15:37:00+00:00,351.9105,356.7729,0.85,4.15,0.013817,7260000,MaxHoldTimeout,0.4817,0.1871,0.5630,0.4534,0.5110,-0.4790,0.0754,0.6324,,,
summary,2022-03-22,QQQ,,,,,,,4.15,,1,,,,,,,,,,0.6927,2022-03-21T15:27:00+00:00,953,1563
trade,2022-03-22,AAPL,Long,2022-03-22T13:33:00+00:00,2022-03-22T15:34:00+00:00,165.7447,168.4794,1.81,4.95,0.016500,7260000,MaxHoldTimeout,0.4155,0.1091,0.4684,0.3601,0.5087,-0.5612,-0.0784,0.7075,,,
summary,2022-03-22,AAPL,,,,,,,4.95,,1,,,,,,,,,,0.6682,2022-03-21T15:22:00+00:00,963,1376
summary,2022-03-22,NVDA,,,,,,,0.00,,0,,,,,,,,,,0.8342,2022-03-21T09:34:00+00:00,879,1382
trade,2022-03-22,MSFT,Long,2022-03-22T13:31:00+00:00,2022-03-22T15:32:00+00:00,299.6749,304.6036,1.00,4.94,0.016447,7260000,MaxHoldTimeout,0.3941,0.1822,0.3438,0.4038,0.3913,-0.3529,0.0533,0.6182,,,
summary,2022-03-22,MSFT,,,,,,,4.94,,1,,,,,,,,,,0.8033,2022-03-21T09:33:00+00:00,657,1102
summary,2022-03-23,SPY,,,,,,,0.00,,0,,,,,,,,,,0.4748,2022-03-21T13:36:00+00:00,1247,2316
trade,2022-03-23,QQQ,Long,2022-03-23T14:40:00+00:00,2022-03-23T15:56:00+00:00,355.6066,356.5580,0.84,0.80,0.002675,4560000,SessionClose,0.3534,0.3193,0.2784,0.4114,0.2625,0.3840,0.3139,0.3085,,,
summary,2022-03-23,QQQ,,,,,,,0.80,,1,,,,,,,,,,0.6927,2022-03-21T15:27:00+00:00,1393,2426
trade,2022-03-23,AAPL,Long,2022-03-23T13:36:00+00:00,2022-03-23T15:37:00+00:00,168.4555,171.3036,1.78,5.08,0.016907,7260000,MaxHoldTimeout,0.3821,0.3883,0.5123,0.3657,0.3714,0.0258,0.3509,0.5840,,,
summary,2022-03-23,AAPL,,,,,,,5.08,,1,,,,,,,,,,0.6682,2022-03-21T15:22:00+00:00,1565,2157
summary,2022-03-23,NVDA,,,,,,,0.00,,0,,,,,,,,,,0.8342,2022-03-21T09:34:00+00:00,965,2140
summary,2022-03-23,MSFT,,,,,,,0.00,,0,,,,,,,,,,0.8033,2022-03-21T09:33:00+00:00,984,1673
summary,2022-03-24,SPY,,,,,,,0.00,,0,,,,,,,,,,0.6858,2022-03-21T15:01:00+00:00,1535,2876
summary,2022-03-24,QQQ,,,,,,,0.00,,0,,,,,,,,,,0.8235,2022-03-21T13:41:00+00:00,1778,3000
summary,2022-03-24,AAPL,,,,,,,0.00,,0,,,,,,,,,,1.0000,2022-03-21T13:41:00+00:00,2094,2768
trade,2022-03-24,NVDA,Long,2022-03-24T13:55:00+00:00,2022-03-24T15:56:00+00:00,265.1946,278.5471,1.05,14.03,0.050350,7260000,MaxHoldTimeout,0.4898,0.2410,0.4382,0.5436,0.3994,-0.1930,0.1132,0.6411,,,
summary,2022-03-24,NVDA,,,,,,,14.03,,1,,,,,,,,,,1.0000,2022-03-21T13:40:00+00:00,1300,2709
summary,2022-03-24,MSFT,,,,,,,0.00,,0,,,,,,,,,,0.6846,2022-03-21T13:43:00+00:00,1215,2120
trade,2022-03-25,SPY,Long,2022-03-25T14:41:00+00:00,2022-03-25T15:06:00+00:00,452.6708,451.6295,0.66,-0.69,-0.002300,1500000,ScoreExit,0.3537,-0.1906,0.3728,0.3832,0.2883,-0.4161,-0.3260,0.1554,,,
summary,2022-03-25,SPY,,,,,,,-0.69,,1,,,,,,,,,,0.8474,2022-03-22T14:43:00+00:00,1411,2858
summary,2022-03-25,QQQ,,,,,,,0.00,,0,,,,,,,,,,0.9523,2022-03-22T14:48:00+00:00,1665,2985
trade,2022-03-25,AAPL,Long,2022-03-25T14:22:00+00:00,2022-03-25T15:01:00+00:00,174.3273,174.3927,1.72,0.11,0.000375,2340000,ScoreExit,0.3522,-0.0827,0.4459,0.3535,0.3181,-0.5125,-0.1291,0.1532,,,
summary,2022-03-25,AAPL,,,,,,,0.11,,1,,,,,,,,,,1.0000,2022-03-22T13:39:00+00:00,2174,2826
summary,2022-03-25,NVDA,,,,,,,0.00,,0,,,,,,,,,,0.9567,2022-03-22T15:03:00+00:00,1363,2749
summary,2022-03-25,MSFT,,,,,,,0.00,,0,,,,,,,,,,0.9491,2022-03-22T14:51:00+00:00,1095,2142
trade,2022-03-28,SPY,Long,2022-03-28T13:53:00+00:00,2022-03-28T15:02:00+00:00,453.1209,452.5492,0.66,-0.38,-0.001262,4140000,ScoreExit,0.3662,-0.0634,0.4710,0.3372,0.3893,-0.3163,-0.1652,0.2245,,,
summary,2022-03-28,SPY,,,,,,,-0.38,,1,,,,,,,,,,0.8392,2022-03-25T14:42:00+00:00,721,1128
trade,2022-03-28,QQQ,Long,2022-03-28T13:36:00+00:00,2022-03-28T15:04:00+00:00,361.1833,361.0167,0.83,-0.14,-0.000461,5280000,MaxHoldTimeout,0.5106,-0.0361,0.5911,0.4531,0.5988,-0.4824,-0.2121,0.4648,,,
summary,2022-03-28,QQQ,,,,,,,-0.14,,1,,,,,,,,,,0.7592,2022-03-25T14:42:00+00:00,732,1126
trade,2022-03-28,AAPL,Long,2022-03-28T13:36:00+00:00,2022-03-28T15:31:00+00:00,174.0252,174.1908,1.72,0.29,0.000952,6900000,ScoreExit,0.5507,-0.0926,0.6204,0.5662,0.4964,-0.4322,-0.2854,0.4061,,,
summary,2022-03-28,AAPL,,,,,,,0.29,,1,,,,,,,,,,0.9559,2022-03-25T14:42:00+00:00,629,1193
summary,2022-03-28,NVDA,,,,,,,0.00,,0,,,,,,,,,,1.0000,2022-03-25T13:31:00+00:00,489,1083
trade,2022-03-28,MSFT,Long,2022-03-28T13:36:00+00:00,2022-03-28T15:03:00+00:00,307.7673,308.2875,0.98,0.51,0.001690,5220000,ScoreExit,0.6822,-0.0517,0.6020,0.6619,0.7493,-0.4995,-0.2688,0.5316,,,
summary,2022-03-28,MSFT,,,,,,,0.51,,1,,,,,,,,,,0.8742,2022-03-25T14:42:00+00:00,580,934
summary,2022-03-29,SPY,,,,,,,0.00,,0,,,,,,,,,,0.5877,2022-03-28T18:59:00+00:00,1066,1472
summary,2022-03-29,QQQ,,,,,,,0.00,,0,,,,,,,,,,0.6110,2022-03-28T18:59:00+00:00,1162,1535
summary,2022-03-29,AAPL,,,,,,,0.00,,0,,,,,,,,,,0.7006,2022-03-28T13:35:00+00:00,1137,1510
summary,2022-03-29,NVDA,,,,,,,0.00,,0,,,,,,,,,,0.9345,2022-03-28T08:57:00+00:00,1028,1402
summary,2022-03-29,MSFT,,,,,,,0.00,,0,,,,,,,,,,0.7866,2022-03-28T13:58:00+00:00,795,1144
summary,2022-03-30,SPY,,,,,,,0.00,,0,,,,,,,,,,0.5877,2022-03-28T18:59:00+00:00,1516,2305
summary,2022-03-30,QQQ,,,,,,,0.00,,0,,,,,,,,,,0.6110,2022-03-28T18:59:00+00:00,1675,2393
summary,2022-03-30,AAPL,,,,,,,0.00,,0,,,,,,,,,,0.7006,2022-03-28T13:35:00+00:00,1665,2325
summary,2022-03-30,NVDA,,,,,,,0.00,,0,,,,,,,,,,0.9345,2022-03-28T08:57:00+00:00,1297,2152
summary,2022-03-30,MSFT,,,,,,,0.00,,0,,,,,,,,,,0.7866,2022-03-28T13:58:00+00:00,1119,1744
summary,2022-03-31,SPY,,,,,,,0.00,,0,,,,,,,,,,0.6055,2022-03-28T14:59:00+00:00,1677,2850
summary,2022-03-31,QQQ,,,,,,,0.00,,0,,,,,,,,,,0.8082,2022-03-28T13:55:00+00:00,1816,2932
summary,2022-03-31,AAPL,,,,,,,0.00,,0,,,,,,,,,,1.0000,2022-03-28T13:35:00+00:00,1988,2801
summary,2022-03-31,NVDA,,,,,,,0.00,,0,,,,,,,,,,1.0000,2022-03-28T13:36:00+00:00,1275,2725
summary,2022-03-31,MSFT,,,,,,,0.00,,0,,,,,,,,,,1.0000,2022-03-28T13:34:00+00:00,1307,2192
summary,2022-04-01,SPY,,,,,,,0.00,,0,,,,,,,,,,0.5752,2022-03-29T19:34:00+00:00,704,2873
summary,2022-04-01,QQQ,,,,,,,0.00,,0,,,,,,,,,,0.5764,2022-03-29T19:08:00+00:00,760,2900
summary,2022-04-01,AAPL,,,,,,,0.00,,0,,,,,,,,,,0.8963,2022-03-29T13:47:00+00:00,1023,2818
summary,2022-04-01,NVDA,,,,,,,0.00,,0,,,,,,,,,,1.0000,2022-03-29T13:32:00+00:00,455,2679
summary,2022-04-01,MSFT,,,,,,,0.00,,0,,,,,,,,,,0.5791,2022-03-29T18:47:00+00:00,825,2172
trade,2022-04-04,SPY,Long,2022-04-04T13:57:00+00:00,2022-04-04T15:56:00+00:00,454.5523,455.4983,0.66,0.62,0.002081,7140000,SessionClose,0.4125,0.2960,0.5100,0.3758,0.4533,0.5075,0.1735,0.4706,,,
summary,2022-04-04,SPY,,,,,,,0.62,,1,,,,,,,,,,0.4989,2022-04-01T18:32:00+00:00,708,1110
trade,2022-04-04,QQQ,Long,2022-04-04T13:41:00+00:00,2022-04-04T15:42:00+00:00,365.1145,367.6447,0.82,2.08,0.006930,7260000,MaxHoldTimeout,0.5153,0.2985,0.6040,0.4624,0.5915,0.4459,0.1479,0.5505,,,
summary,2022-04-04,QQQ,,,,,,,2.08,,1,,,,,,,,,,0.5723,2022-04-04T13:55:00+00:00,767,1144
trade,2022-04-04,AAPL,Long,2022-04-04T14:02:00+00:00,2022-04-04T15:18:00+00:00,178.0703,177.4218,1.69,-1.09,-0.003642,4560000,MaxHoldTimeout,0.6155,0.1418,0.5637,0.6141,0.6354,-0.5435,0.0265,0.6007,,,
summary,2022-04-04,AAPL,,,,,,,-1.09,,1,,,,,,,,,,0.6776,2022-04-04T13:54:00+00:00,716,1064
summary,2022-04-04,NVDA,,,,,,,0.00,,0,,,,,,,,,,0.7961,2022-04-04T13:55:00+00:00,560,1059
trade,2022-04-04,MSFT,Long,2022-04-04T13:36:00+00:00,2022-04-04T14:58:00+00:00,312.3187,312.2213,0.96,-0.09,-0.000312,4920000,MaxHoldTimeout,0.5811,-0.0131,0.6012,0.5549,0.6268,-0.5400,-0.2142,0.5648,,,
summary,2022-04-04,MSFT,,,,,,,-0.09,,1,,,,,,,,,,0.8249,2022-04-01T14:53:00+00:00,589,937
summary,2022-04-05,SPY,,,,,,,0.00,,0,,,,,,,,,,0.7840,2022-04-04T09:12:00+00:00,777,1409
summary,2022-04-05,QQQ,,,,,,,0.00,,0,,,,,,,,,,0.8469,2022-04-04T09:15:00+00:00,818,1488
summary,2022-04-05,AAPL,,,,,,,0.00,,0,,,,,,,,,,0.8525,2022-04-04T09:13:00+00:00,702,1394
summary,2022-04-05,NVDA,,,,,,,0.00,,0,,,,,,,,,,0.8769,2022-04-04T09:23:00+00:00,580,1263
summary,2022-04-05,MSFT,,,,,,,0.00,,0,,,,,,,,,,0.7697,2022-04-04T10:22:00+00:00,537,1071
summary,2022-04-06,SPY,,,,,,,0.00,,0,,,,,,,,,,0.7840,2022-04-04T09:12:00+00:00,777,2274
summary,2022-04-06,QQQ,,,,,,,0.00,,0,,,,,,,,,,0.8469,2022-04-04T09:15:00+00:00,818,2380
summary,2022-04-06,AAPL,,,,,,,0.00,,0,,,,,,,,,,0.8525,2022-04-04T09:13:00+00:00,736,2224
summary,2022-04-06,NVDA,,,,,,,0.00,,0,,,,,,,,,,0.8769,2022-04-04T09:23:00+00:00,580,2086
summary,2022-04-06,MSFT,,,,,,,0.00,,0,,,,,,,,,,0.7697,2022-04-04T10:22:00+00:00,537,1731
summary,2022-04-07,SPY,,,,,,,0.00,,0,,,,,,,,,,0.7100,2022-04-04T15:04:00+00:00,768,2886
summary,2022-04-07,QQQ,,,,,,,0.00,,0,,,,,,,,,,0.9559,2022-04-04T15:04:00+00:00,739,2997
summary,2022-04-07,AAPL,,,,,,,0.00,,0,,,,,,,,,,1.0000,2022-04-04T13:34:00+00:00,727,2807
summary,2022-04-07,NVDA,,,,,,,0.00,,0,,,,,,,,,,1.0000,2022-04-04T13:40:00+00:00,583,2678
summary,2022-04-07,MSFT,,,,,,,0.00,,0,,,,,,,,,,1.0000,2022-04-04T13:35:00+00:00,517,2276
summary,2022-04-08,SPY,,,,,,,0.00,,0,,,,,,,,,,0.4735,2022-04-05T13:41:00+00:00,597,2884
summary,2022-04-08,QQQ,,,,,,,0.00,,0,,,,,,,,,,0.3961,2022-04-07T19:14:00+00:00,242,3031
summary,2022-04-08,AAPL,,,,,,,0.00,,0,,,,,,,,,,0.6769,2022-04-05T13:45:00+00:00,142,2757
summary,2022-04-08,NVDA,,,,,,,0.00,,0,,,,,,,,,,0.5208,2022-04-05T13:32:00+00:00,160,2747
summary,2022-04-08,MSFT,,,,,,,0.00,,0,,,,,,,,,,0.4409,2022-04-05T14:54:00+00:00,97,2254
summary,2022-04-11,SPY,,,,,,,0.00,,0,,,,,,,,,,0.9581,2022-04-08T15:01:00+00:00,226,1152
summary,2022-04-11,QQQ,,,,,,,0.00,,0,,,,,,,,,,0.9594,2022-04-08T15:01:00+00:00,158,1188
summary,2022-04-11,AAPL,,,,,,,0.00,,0,,,,,,,,,,0.9427,2022-04-08T15:02:00+00:00,225,1119
summary,2022-04-11,NVDA,,,,,,,0.00,,0,,,,,,,,,,0.7439,2022-04-08T15:02:00+00:00,263,1161
summary,2022-04-11,MSFT,,,,,,,0.00,,0,,,,,,,,,,0.9597,2022-04-08T15:01:00+00:00,166,1002
summary,2022-04-12,SPY,,,,,,,0.00,,0,,,,,,,,,,0.5355,2022-04-12T12:54:00+00:00,244,1520
summary,2022-04-12,QQQ,,,,,,,0.00,,0,,,,,,,,,,0.6620,2022-04-12T12:54:00+00:00,319,1581
summary,2022-04-12,AAPL,,,,,,,0.00,,0,,,,,,,,,,0.6117,2022-04-12T12:34:00+00:00,445,1460
summary,2022-04-12,NVDA,,,,,,,0.00,,0,,,,,,,,,,0.8294,2022-04-12T12:43:00+00:00,528,1480
summary,2022-04-12,MSFT,,,,,,,0.00,,0,,,,,,,,,,0.5992,2022-04-11T10:15:00+00:00,204,1258
summary,2022-04-13,SPY,,,,,,,0.00,,0,,,,,,,,,,0.5355,2022-04-12T12:54:00+00:00,535,2349
summary,2022-04-13,QQQ,,,,,,,0.00,,0,,,,,,,,,,0.6620,2022-04-12T12:54:00+00:00,670,2451
trade,2022-04-13,AAPL,Long,2022-04-13T14:21:00+00:00,2022-04-13T15:56:00+00:00,168.7656,169.8587,1.78,1.95,0.006477,5700000,SessionClose,0.4026,0.2098,0.4378,0.4436,0.3088,0.2828,0.0837,0.4378,,,
summary,2022-04-13,AAPL,,,,,,,1.95,,1,,,,,,,,,,0.6117,2022-04-12T12:34:00+00:00,1026,2232
trade,2022-04-13,NVDA,Long,2022-04-13T14:16:00+00:00,2022-04-13T15:56:00+00:00,220.2461,221.5385,1.14,1.48,0.005868,6000000,SessionClose,0.5830,0.2298,0.6270,0.6264,0.4815,0.4817,-0.0008,0.6071,,,
summary,2022-04-13,NVDA,,,,,,,1.48,,1,,,,,,,,,,0.8294,2022-04-12T12:43:00+00:00,868,2297
summary,2022-04-13,MSFT,,,,,,,0.00,,0,,,,,,,,,,0.5992,2022-04-11T10:15:00+00:00,455,1875
summary,2022-04-14,SPY,,,,,,,0.00,,0,,,,,,,,,,0.5541,2022-04-12T12:54:00+00:00,803,2856
summary,2022-04-14,QQQ,,,,,,,0.00,,0,,,,,,,,,,0.6733,2022-04-12T12:54:00+00:00,938,2982
summary,2022-04-14,AAPL,,,,,,,0.00,,0,,,,,,,,,,0.6297,2022-04-12T12:34:00+00:00,1252,2729
summary,2022-04-14,NVDA,,,,,,,0.00,,0,,,,,,,,,,0.9090,2022-04-11T13:47:00+00:00,1065,2799
summary,2022-04-14,MSFT,,,,,,,0.00,,0,,,,,,,,,,0.6276,2022-04-12T12:33:00+00:00,553,2254
summary,2022-04-15,SPY,,,,,,,0.00,,0,,,,,,,,,,0.8706,2022-04-12T13:53:00+00:00,797,2189
summary,2022-04-15,QQQ,,,,,,,0.00,,0,,,,,,,,,,0.9010,2022-04-12T13:53:00+00:00,820,2276
summary,2022-04-15,AAPL,,,,,,,0.00,,0,,,,,,,,,,0.9383,2022-04-12T13:45:00+00:00,856,2084
summary,2022-04-15,NVDA,,,,,,,0.00,,0,,,,,,,,,,0.9354,2022-04-12T13:52:00+00:00,838,2162
summary,2022-04-15,MSFT,,,,,,,0.00,,0,,,,,,,,,,0.9416,2022-04-12T13:45:00+00:00,508,1658
trade,2022-04-18,SPY,Long,2022-04-18T13:35:00+00:00,2022-04-18T14:52:00+00:00,438.5965,438.5634,0.68,-0.02,-0.000076,4620000,ScoreExit,0.3815,-0.0582,0.4890,0.3828,0.3431,-0.4988,-0.0887,0.1497,,,
summary,2022-04-18,SPY,,,,,,,-0.02,,1,,,,,,,,,,0.5285,2022-04-18T17:49:00+00:00,257,632
trade,2022-04-18,QQQ,Long,2022-04-18T13:35:00+00:00,2022-04-18T15:10:00+00:00,338.9266,339.2682,0.89,0.30,0.001008,5700000,ScoreExit,0.4370,-0.0694,0.4901,0.4014,0.4904,-0.4040,-0.1916,0.2865,,,
summary,2022-04-18,QQQ,,,,,,,0.30,,1,,,,,,,,,,0.6635,2022-04-18T17:49:00+00:00,342,672
summary,2022-04-18,AAPL,,,,,,,0.00,,0,,,,,,,,,,0.6395,2022-04-18T14:44:00+00:00,290,584
summary,2022-04-18,NVDA,,,,,,,0.00,,0,,,,,,,,,,0.8024,2022-04-18T17:44:00+00:00,292,578
trade,2022-04-18,MSFT,Long,2022-04-18T13:32:00+00:00,2022-04-18T14:57:00+00:00,280.5491,280.5408,1.07,-0.01,-0.000030,5100000,ScoreExit,0.4669,-0.0533,0.5623,0.4226,0.5238,-0.5751,-0.0585,0.1308,,,
summary,2022-04-18,MSFT,,,,,,,-0.01,,1,,,,,,,,,,0.8715,2022-04-18T11:14:00+00:00,235,500
trade,2022-04-19,SPY,Long,2022-04-19T13:44:00+00:00,2022-04-19T15:45:00+00:00,439.4768,443.7118,0.68,2.89,0.009637,7260000,MaxHoldTimeout,0.4172,0.2533,0.5009,0.3821,0.4595,0.4709,0.0579,0.5717,,,
summary,2022-04-19,SPY,,,,,,,2.89,,1,,,,,,,,,,0.5691,2022-04-19T14:09:00+00:00,910,1503
trade,2022-04-19,QQQ,Long,2022-04-19T13:49:00+00:00,2022-04-19T15:50:00+00:00,339.3018,345.3514,0.88,5.35,0.017830,7260000,MaxHoldTimeout,0.3501,0.3337,0.3460,0.3130,0.4256,0.3757,0.1390,0.7091,,,
summary,2022-04-19,QQQ,,,,,,,5.35,,1,,,,,,,,,,0.6635,2022-04-18T17:49:00+00:00,1019,1569
trade,2022-04-19,AAPL,Long,2022-04-19T14:02:00+00:00,2022-04-19T15:56:00+00:00,165.1245,167.0949,1.82,3.58,0.011932,6840000,SessionClose,0.3851,0.0527,0.4493,0.3388,0.4564,-0.5147,-0.1351,0.6175,,,
summary,2022-04-19,AAPL,,,,,,,3.58,,1,,,,,,,,,,0.6395,2022-04-18T14:44:00+00:00,898,1356
summary,2022-04-19,NVDA,,,,,,,0.00,,0,,,,,,,,,,0.8024,2022-04-18T17:44:00+00:00,924,1346
trade,2022-04-19,MSFT,Long,2022-04-19T13:49:00+00:00,2022-04-19T15:50:00+00:00,280.5892,284.4196,1.07,4.10,0.013652,7260000,MaxHoldTimeout,0.3610,0.2692,0.3722,0.3462,0.3868,0.2832,0.0821,0.6388,,,
summary,2022-04-19,MSFT,,,,,,,4.10,,1,,,,,,,,,,0.8715,2022-04-18T11:14:00+00:00,730,1113
trade,2022-04-20,SPY,Long,2022-04-20T14:52:00+00:00,2022-04-20T15:16:00+00:00,446.9841,445.3414,0.67,-1.10,-0.003675,1440000,ScoreExit,0.3601,-0.1364,0.4602,0.3645,0.3177,-0.5015,-0.2787,0.2699,,,
summary,2022-04-20,SPY,,,,,,,-1.10,,1,,,,,,,,,,0.5691,2022-04-19T14:09:00+00:00,1497,2364
summary,2022-04-20,QQQ,,,,,,,0.00,,0,,,,,,,,,,0.6635,2022-04-18T17:49:00+00:00,1522,2500
summary,2022-04-20,AAPL,,,,,,,0.00,,0,,,,,,,,,,0.6395,2022-04-18T14:44:00+00:00,1397,2165
summary,2022-04-20,NVDA,,,,,,,0.00,,0,,,,,,,,,,0.8024,2022-04-18T17:44:00+00:00,1177,2137
trade,2022-04-20,MSFT,Long,2022-04-20T14:33:00+00:00,2022-04-20T15:16:00+00:00,288.2414,286.9289,1.04,-1.37,-0.004554,2580000,ScoreExit,0.3514,-0.1304,0.3150,0.3148,0.4366,-0.3018,-0.3518,0.3696,,,
summary,2022-04-20,MSFT,,,,,,,-1.37,,1,,,,,,,,,,0.8715,2022-04-18T11:14:00+00:00,1159,1761
summary,2022-04-21,SPY,,,,,,,0.00,,0,,,,,,,,,,0.5637,2022-04-19T14:09:00+00:00,1849,2965
summary,2022-04-21,QQQ,,,,,,,0.00,,0,,,,,,,,,,0.8942,2022-04-18T14:25:00+00:00,1774,3079
trade,2022-04-21,AAPL,Long,2022-04-21T13:32:00+00:00,2022-04-21T15:33:00+00:00,169.3258,170.7438,1.77,2.52,0.008374,7260000,MaxHoldTimeout,0.4347,0.1142,0.5526,0.4115,0.4419,-0.4674,0.0628,0.4109,,,
summary,2022-04-21,AAPL,,,,,,,2.52,,1,,,,,,,,,,1.0000,2022-04-18T13:33:00+00:00,1770,2733
summary,2022-04-21,NVDA,,,,,,,0.00,,0,,,,,,,,,,1.0000,2022-04-18T13:33:00+00:00,1286,2742
trade,2022-04-21,MSFT,Long,2022-04-21T13:31:00+00:00,2022-04-21T14:41:00+00:00,289.0967,290.7977,1.04,1.77,0.005884,4200000,ScoreExit,0.4550,-0.0656,0.4534,0.4298,0.5059,-0.3712,-0.2164,0.3377,,,
summary,2022-04-21,MSFT,,,,,,,1.77,,1,,,,,,,,,,1.0000,2022-04-18T13:33:00+00:00,1346,2223
summary,2022-04-22,SPY,,,,,,,0.00,,0,,,,,,,,,,0.9566,2022-04-19T14:41:00+00:00,1350,2919
summary,2022-04-22,QQQ,,,,,,,0.00,,0,,,,,,,,,,0.9585,2022-04-19T14:41:00+00:00,1129,3061
summary,2022-04-22,AAPL,,,,,,,0.00,,0,,,,,,,,,,0.9575,2022-04-19T14:41:00+00:00,1331,2759
summary,2022-04-22,NVDA,,,,,,,0.00,,0,,,,,,,,,,0.9614,2022-04-19T14:41:00+00:00,716,2792
summary,2022-04-22,MSFT,,,,,,,0.00,,0,,,,,,,,,,0.9584,2022-04-19T14:40:00+00:00,1095,2219
summary,2022-04-25,SPY,,,,,,,0.00,,0,,,,,,,,,,0.4781,2022-04-25T19:53:00+00:00,115,1202
summary,2022-04-25,QQQ,,,,,,,0.00,,0,,,,,,,,,,0.6606,2022-04-22T14:06:00+00:00,127,1213
summary,2022-04-25,AAPL,,,,,,,0.00,,0,,,,,,,,,,1.0000,2022-04-22T13:33:00+00:00,213,1173
trade,2022-04-25,NVDA,Long,2022-04-25T14:32:00+00:00,2022-04-25T15:02:00+00:00,197.7143,194.5466,1.31,-4.14,-0.016021,1800000,ScoreExit,0.7279,-0.0558,0.6476,0.7784,0.6538,-0.4448,-0.1016,0.1655,,,
summary,2022-04-25,NVDA,,,,,,,-4.14,,1,,,,,,,,,,0.9364,2022-04-22T13:33:00+00:00,443,1159
trade,2022-04-25,MSFT,Long,2022-04-25T14:27:00+00:00,2022-04-25T14:56:00+00:00,277.1681,275.6723,1.08,-1.62,-0.005397,1740000,ScoreExit,0.5366,-0.0643,0.5901,0.5578,0.4765,-0.5410,-0.0944,0.1549,,,
summary,2022-04-25,MSFT,,,,,,,-1.62,,1,,,,,,,,,,0.7835,2022-04-22T13:33:00+00:00,279,1032
summary,2022-04-26,SPY,,,,,,,0.00,,0,,,,,,,,,,0.6646,2022-04-25T18:51:00+00:00,731,1544
summary,2022-04-26,QQQ,,,,,,,0.00,,0,,,,,,,,,,0.7093,2022-04-25T14:31:00+00:00,806,1584
summary,2022-04-26,AAPL,,,,,,,0.00,,0,,,,,,,,,,0.6726,2022-04-25T18:53:00+00:00,598,1434
summary,2022-04-26,NVDA,,,,,,,0.00,,0,,,,,,,,,,0.8315,2022-04-25T14:31:00+00:00,639,1377
summary,2022-04-26,MSFT,,,,,,,0.00,,0,,,,,,,,,,0.7308,2022-04-25T14:31:00+00:00,610,1225
summary,2022-04-27,SPY,,,,,,,0.00,,0,,,,,,,,,,0.6646,2022-04-25T18:51:00+00:00,841,2487
summary,2022-04-27,QQQ,,,,,,,0.00,,0,,,,,,,,,,0.7093,2022-04-25T14:31:00+00:00,891,2533
summary,2022-04-27,AAPL,,,,,,,0.00,,0,,,,,,,,,,0.6726,2022-04-25T18:53:00+00:00,679,2323
summary,2022-04-27,NVDA,,,,,,,0.00,,0,,,,,,,,,,0.8315,2022-04-25T14:31:00+00:00,766,2210
trade,2022-04-27,MSFT,Long,2022-04-27T14:52:00+00:00,2022-04-27T15:56:00+00:00,286.3009,286.1491,1.03,-0.16,-0.000530,3840000,SessionClose,0.5549,-0.0407,0.5395,0.5343,0.6012,-0.5371,-0.2722,0.5879,,,
summary,2022-04-27,MSFT,,,,,,,-0.16,,1,,,,,,,,,,0.8666,2022-04-26T22:06:00+00:00,1239,2113
summary,2022-04-28,SPY,,,,,,,0.00,,0,,,,,,,,,,0.8612,2022-04-25T14:37:00+00:00,1207,3086
summary,2022-04-28,QQQ,,,,,,,0.00,,0,,,,,,,,,,0.9067,2022-04-25T14:25:00+00:00,1331,3148
summary,2022-04-28,AAPL,,,,,,,0.00,,0,,,,,,,,,,0.9055,2022-04-25T14:26:00+00:00,1323,2924
summary,2022-04-28,NVDA,,,,,,,0.00,,0,,,,,,,,,,1.0000,2022-04-25T13:31:00+00:00,1117,2778
summary,2022-04-28,MSFT,,,,,,,0.00,,0,,,,,,,,,,0.9456,2022-04-25T14:49:00+00:00,1686,2661
summary,2022-04-29,SPY,,,,,,,0.00,,0,,,,,,,,,,0.5557,2022-04-27T13:48:00+00:00,1257,3122
summary,2022-04-29,QQQ,,,,,,,0.00,,0,,,,,,,,,,0.6879,2022-04-27T13:48:00+00:00,1342,3200
trade,2022-04-29,AAPL,Long,2022-04-29T13:55:00+00:00,2022-04-29T14:35:00+00:00,164.2943,162.7961,1.83,-2.74,-0.009119,2400000,ScoreExit,0.5752,-0.0618,0.5771,0.5347,0.6556,-0.5638,-0.2684,0.5187,,,
summary,2022-04-29,AAPL,,,,,,,-2.74,,1,,,,,,,,,,0.7035,2022-04-29T13:59:00+00:00,1528,3091
trade,2022-04-29,NVDA,Long,2022-04-29T13:31:00+00:00,2022-04-29T14:26:00+00:00,195.5036,195.3818,1.53,-0.19,-0.000623,3300000,ScoreExit,0.5785,-0.1065,0.5383,0.5713,0.6062,-0.3357,-0.2960,0.3489,,,
summary,2022-04-29,NVDA,,,,,,,-0.19,,1,,,,,,,,,,0.8312,2022-04-27T13:44:00+00:00,1309,2872
summary,2022-04-29,MSFT,,,,,,,0.00,,0,,,,,,,,,,0.9561,2022-04-26T22:06:00+00:00,1436,2713
summary,2022-05-02,SPY,,,,,,,0.00,,0,,,,,,,,,,0.7756,2022-04-29T13:59:00+00:00,92,1162
summary,2022-05-02,QQQ,,,,,,,0.00,,0,,,,,,,,,,0.9079,2022-04-29T13:56:00+00:00,102,1181
summary,2022-05-02,AAPL,,,,,,,0.00,,0,,,,,,,,,,1.0000,2022-04-29T13:32:00+00:00,114,1141
summary,2022-05-02,NVDA,,,,,,,0.00,,0,,,,,,,,,,1.0000,2022-04-29T13:33:00+00:00,392,1095
trade,2022-05-02,MSFT,Long,2022-05-02T14:28:00+00:00,2022-05-02T15:01:00+00:00,280.8492,279.7311,1.03,-1.15,-0.003981,1980000,ScoreExit,0.4238,-0.0661,0.5199,0.4340,0.3714,-0.5219,-0.1135,0.1807,,,
summary,2022-05-02,MSFT,,,,,,,-1.15,,1,,,,,,,,,,0.7417,2022-05-02T19:32:00+00:00,205,1010
trade,2022-05-03,SPY,Long,2022-05-03T14:31:00+00:00,2022-05-03T15:56:00+00:00,415.9097,417.6396,0.72,1.25,0.004159,5100000,SessionClose,0.3997,0.2616,0.4605,0.3577,0.4635,0.2133,0.1043,0.5923,,,
summary,2022-05-03,SPY,,,,,,,1.25,,1,,,,,,,,,,0.7883,2022-05-02T19:32:00+00:00,905,1509
summary,2022-05-03,QQQ,,,,,,,0.00,,0,,,,,,,,,,0.7469,2022-05-02T19:34:00+00:00,937,1565
trade,2022-05-03,AAPL,Long,2022-05-03T14:31:00+00:00,2022-05-03T15:56:00+00:00,157.8519,159.5471,1.90,3.22,0.010739,5100000,SessionClose,0.3714,0.3261,0.3689,0.3525,0.4101,0.4835,0.1399,0.6460,,,
summary,2022-05-03,AAPL,,,,,,,3.22,,1,,,,,,,,,,0.7710,2022-05-02T19:32:00+00:00,889,1447
summary,2022-05-03,NVDA,,,,,,,0.00,,0,,,,,,,,,,0.8626,2022-05-02T13:43:00+00:00,937,1360
summary,2022-05-03,MSFT,,,,,,,0.00,,0,,,,,,,,,,0.7449,2022-05-02T19:32:00+00:00,689,1134
summary,2022-05-04,SPY,,,,,,,0.00,,0,,,,,,,,,,0.7883,2022-05-02T19:32:00+00:00,1481,2308
summary,2022-05-04,QQQ,,,,,,,0.00,,0,,,,,,,,,,0.7469,2022-05-02T19:34:00+00:00,1458,2390
trade,2022-05-04,AAPL,Long,2022-05-04T13:41:00+00:00,2022-05-04T14:21:00+00:00,160.3971,159.9570,1.87,-0.82,-0.002744,2400000,ScoreExit,0.3781,-0.0561,0.3460,0.4243,0.2964,-0.4190,-0.1615,0.2757,,,
summary,2022-05-04,AAPL,,,,,,,-0.82,,1,,,,,,,,,,0.7710,2022-05-02T19:32:00+00:00,1480,2197
summary,2022-05-04,NVDA,,,,,,,0.00,,0,,,,,,,,,,0.8626,2022-05-02T13:43:00+00:00,1410,2167
summary,2022-05-04,MSFT,,,,,,,0.00,,0,,,,,,,,,,0.7449,2022-05-02T19:32:00+00:00,989,1677
summary,2022-05-05,SPY,,,,,,,0.00,,0,,,,,,,,,,0.9070,2022-05-02T14:25:00+00:00,1822,2969
summary,2022-05-05,QQQ,,,,,,,0.00,,0,,,,,,,,,,0.9329,2022-05-02T13:43:00+00:00,1791,3020
summary,2022-05-05,AAPL,,,,,,,0.00,,0,,,,,,,,,,0.9150,2022-05-02T14:30:00+00:00,1725,2748
summary,2022-05-05,NVDA,,,,,,,0.00,,0,,,,,,,,,,1.0000,2022-05-02T13:39:00+00:00,1655,2737
summary,2022-05-05,MSFT,,,,,,,0.00,,0,,,,,,,,,,0.9281,2022-05-02T13:43:00+00:00,1104,2148
summary,2022-05-06,SPY,,,,,,,0.00,,0,,,,,,,,,,0.7830,2022-05-04T19:12:00+00:00,1306,3000
summary,2022-05-06,QQQ,,,,,,,0.00,,0,,,,,,,,,,0.9070,2022-05-03T14:00:00+00:00,1287,3045
summary,2022-05-06,AAPL,,,,,,,0.00,,0,,,,,,,,,,0.8963,2022-05-03T14:01:00+00:00,1463,2795
summary,2022-05-06,NVDA,,,,,,,0.00,,0,,,,,,,,,,0.9289,2022-05-03T14:00:00+00:00,1126,2753
summary,2022-05-06,MSFT,,,,,,,0.00,,0,,,,,,,,,,0.7718,2022-05-04T19:31:00+00:00,637,2199
summary,2022-05-09,SPY,,,,,,,0.00,,0,,,,,,,,,,0.9629,2022-05-06T14:47:00+00:00,272,1201
summary,2022-05-09,QQQ,,,,,,,0.00,,0,,,,,,,,,,0.9632,2022-05-06T14:46:00+00:00,181,1199
summary,2022-05-09,AAPL,,,,,,,0.00,,0,,,,,,,,,,0.9553,2022-05-06T14:58:00+00:00,233,1183
summary,2022-05-09,NVDA,,,,,,,0.00,,0,,,,,,,,,,0.9733,2022-05-06T14:49:00+00:00,374,1125
summary,2022-05-09,MSFT,,,,,,,0.00,,0,,,,,,,,,,0.9608,2022-05-06T14:58:00+00:00,192,1036
summary,2022-05-10,SPY,,,,,,,0.00,,0,,,,,,,,,,0.7060,2022-05-10T17:49:00+00:00,528,1613
summary,2022-05-10,QQQ,,,,,,,0.00,,0,,,,,,,,,,0.7302,2022-05-10T17:49:00+00:00,531,1656
summary,2022-05-10,AAPL,,,,,,,0.00,,0,,,,,,,,,,0.6862,2022-05-10T17:49:00+00:00,606,1559
summary,2022-05-10,NVDA,,,,,,,0.00,,0,,,,,,,,,,0.8312,2022-05-10T18:03:00+00:00,657,1511
summary,2022-05-10,MSFT,,,,,,,0.00,,0,,,,,,,,,,0.7588,2022-05-10T17:47:00+00:00,532,1314
trade,2022-05-11,SPY,Long,2022-05-11T14:27:00+00:00,2022-05-11T15:02:00+00:00,402.9859,400.6248,0.64,-1.52,-0.005859,2100000,ScoreExit,0.4042,-0.0977,0.3862,0.4401,0.3383,-0.5604,-0.1731,0.2073,,,
summary,2022-05-11,SPY,,,,,,,-1.52,,1,,,,,,,,,,0.7060,2022-05-10T17:49:00+00:00,836,2496
trade,2022-05-11,QQQ,Long,2022-05-11T13:53:00+00:00,2022-05-11T14:51:00+00:00,302.8759,300.3349,0.75,-1.91,-0.008390,3480000,ScoreExit,0.4957,-0.1583,0.4121,0.5534,0.4081,-0.5450,-0.2383,0.1306,,,
summary,2022-05-11,QQQ,,,,,,,-1.91,,1,,,,,,,,,,0.7302,2022-05-10T17:49:00+00:00,902,2562
summary,2022-05-11,AAPL,,,,,,,0.00,,0,,,,,,,,,,0.6862,2022-05-10T17:49:00+00:00,905,2368
trade,2022-05-11,NVDA,Long,2022-05-11T14:29:00+00:00,2022-05-11T14:52:00+00:00,176.3057,174.4526,1.10,-2.04,-0.010510,1380000,ScoreExit,0.4061,-0.0724,0.3249,0.4351,0.3752,-0.6232,-0.1027,0.1717,,,
summary,2022-05-11,NVDA,,,,,,,-2.04,,1,,,,,,,,,,0.8312,2022-05-10T18:03:00+00:00,978,2290
summary,2022-05-11,MSFT,,,,,,,0.00,,0,,,,,,,,,,0.7588,2022-05-10T17:47:00+00:00,704,1971
summary,2022-05-12,SPY,,,,,,,0.00,,0,,,,,,,,,,0.6525,2022-05-10T17:49:00+00:00,866,3105
summary,2022-05-12,QQQ,,,,,,,0.00,,0,,,,,,,,,,0.8767,2022-05-09T13:38:00+00:00,1026,3179
summary,2022-05-12,AAPL,,,,,,,0.00,,0,,,,,,,,,,0.6973,2022-05-10T17:49:00+00:00,917,2997
summary,2022-05-12,NVDA,,,,,,,0.00,,0,,,,,,,,,,1.0000,2022-05-09T13:41:00+00:00,849,2864
summary,2022-05-12,MSFT,,,,,,,0.00,,0,,,,,,,,,,0.7714,2022-05-10T17:47:00+00:00,721,2522
trade,2022-05-13,SPY,Long,2022-05-13T13:51:00+00:00,2022-05-13T15:52:00+00:00,397.9444,401.1446,0.75,2.41,0.008042,7260000,MaxHoldTimeout,0.4078,0.2705,0.5012,0.3786,0.4350,0.2946,0.1549,0.4938,,,
summary,2022-05-13,SPY,,,,,,,2.41,,1,,,,,,,,,,0.8063,2022-05-10T17:49:00+00:00,1179,3089
trade,2022-05-13,QQQ,Long,2022-05-13T13:51:00+00:00,2022-05-13T15:52:00+00:00,297.9944,301.0247,1.01,3.05,0.010169,7260000,MaxHoldTimeout,0.5099,0.3788,0.5769,0.4906,0.5264,0.4537,0.2623,0.5868,,,
summary,2022-05-13,QQQ,,,,,,,3.05,,1,,,,,,,,,,0.9038,2022-05-10T14:04:00+00:00,1280,3179
summary,2022-05-13,AAPL,,,,,,,0.00,,0,,,,,,,,,,0.8422,2022-05-10T14:06:00+00:00,870,3030
trade,2022-05-13,NVDA,Long,2022-05-13T13:43:00+00:00,2022-05-13T15:44:00+00:00,168.9357,175.4623,1.78,11.59,0.038634,7260000,MaxHoldTimeout,0.4437,0.1776,0.4755,0.4765,0.3677,-0.4366,0.0746,0.5883,,,
summary,2022-05-13,NVDA,,,,,,,11.59,,1,,,,,,,,,,0.9448,2022-05-10T13:57:00+00:00,1098,2848
summary,2022-05-13,MSFT,,,,,,,0.00,,0,,,,,,,,,,0.9006,2022-05-10T14:03:00+00:00,719,2492
summary,2022-05-16,SPY,,,,,,,0.00,,0,,,,,,,,,,0.9111,2022-05-13T14:54:00+00:00,744,1146
trade,2022-05-16,QQQ,Long,2022-05-16T14:30:00+00:00,2022-05-16T15:46:00+00:00,301.4954,299.2752,1.00,-2.21,-0.007364,4560000,MaxHoldTimeout,0.4007,0.3081,0.4974,0.3904,0.3889,0.5489,0.3767,0.0905,,,
summary,2022-05-16,QQQ,,,,,,,-2.21,,1,,,,,,,,,,0.9576,2022-05-13T14:54:00+00:00,763,1167
summary,2022-05-16,AAPL,,,,,,,0.00,,0,,,,,,,,,,0.9584,2022-05-13T14:54:00+00:00,731,1115
trade,2022-05-16,NVDA,Long,2022-05-16T14:06:00+00:00,2022-05-16T14:46:00+00:00,175.5126,174.9025,1.41,-0.86,-0.003476,2400000,ScoreExit,0.4228,-0.0939,0.3694,0.4099,0.4663,-0.5147,-0.1667,0.1919,,,
summary,2022-05-16,NVDA,,,,,,,-0.86,,1,,,,,,,,,,0.9669,2022-05-13T13:46:00+00:00,821,1073
summary,2022-05-16,MSFT,,,,,,,0.00,,0,,,,,,,,,,0.9103,2022-05-13T13:53:00+00:00,590,957
summary,2022-05-17,SPY,,,,,,,0.00,,0,,,,,,,,,,0.6228,2022-05-17T08:38:00+00:00,962,1521
trade,2022-05-17,QQQ,Long,2022-05-17T13:35:00+00:00,2022-05-17T13:51:00+00:00,304.9064,303.8138,0.98,-1.08,-0.003583,960000,ScoreExit,0.4058,-0.0738,0.3539,0.3756,0.4836,-0.3465,-0.3070,0.4836,,,
summary,2022-05-17,QQQ,,,,,,,-1.08,,1,,,,,,,,,,0.6626,2022-05-17T08:16:00+00:00,892,1582
summary,2022-05-17,AAPL,,,,,,,0.00,,0,,,,,,,,,,0.8292,2022-05-16T09:15:00+00:00,975,1469
summary,2022-05-17,NVDA,,,,,,,0.00,,0,,,,,,,,,,0.8505,2022-05-17T08:16:00+00:00,816,1343
trade,2022-05-17,MSFT,Long,2022-05-17T13:31:00+00:00,2022-05-17T14:06:00+00:00,266.3849,265.5753,1.13,-0.91,-0.003039,2100000,ScoreExit,0.4604,-0.0632,0.4141,0.4181,0.5602,-0.3675,-0.2106,0.3330,,,
summary,2022-05-17,MSFT,,,,,,,-0.91,,1,,,,,,,,,,0.8647,2022-05-16T09:04:00+00:00,824,1156
summary,2022-05-18,SPY,,,,,,,0.00,,0,,,,,,,,,,0.6228,2022-05-17T08:38:00+00:00,1192,2371
summary,2022-05-18,QQQ,,,,,,,0.00,,0,,,,,,,,,,0.6626,2022-05-17T08:16:00+00:00,1125,2438
summary,2022-05-18,AAPL,,,,,,,0.00,,0,,,,,,,,,,0.8292,2022-05-16T09:15:00+00:00,1196,2259
summary,2022-05-18,NVDA,,,,,,,0.00,,0,,,,,,,,,,0.8505,2022-05-17T08:16:00+00:00,1082,2117
summary,2022-05-18,MSFT,,,,,,,0.00,,0,,,,,,,,,,0.8647,2022-05-16T09:04:00+00:00,945,1777
summary,2022-05-19,SPY,,,,,,,0.00,,0,,,,,,,,,,0.8060,2022-05-16T14:29:00+00:00,1031,3038
summary,2022-05-19,QQQ,,,,,,,0.00,,0,,,,,,,,,,0.8875,2022-05-16T14:17:00+00:00,1148,3092
summary,2022-05-19,AAPL,,,,,,,0.00,,0,,,,,,,,,,0.8902,2022-05-16T13:43:00+00:00,1057,2949
trade,2022-05-19,NVDA,Long,2022-05-19T14:33:00+00:00,2022-05-19T15:56:00+00:00,172.8691,175.9022,1.30,3.93,0.017545,4980000,SessionClose,0.4118,0.2790,0.4204,0.4260,0.3807,-0.4516,0.2317,0.6173,,,
summary,2022-05-19,NVDA,,,,,,,3.93,,1,,,,,,,,,,1.0000,2022-05-16T13:39:00+00:00,1329,2774
summary,2022-05-19,MSFT,,,,,,,0.00,,0,,,,,,,,,,0.7618,2022-05-16T14:29:00+00:00,1086,2393
summary,2022-05-20,SPY,,,,,,,0.00,,0,,,,,,,,,,0.5965,2022-05-17T19:04:00+00:00,729,3024
summary,2022-05-20,QQQ,,,,,,,0.00,,0,,,,,,,,,,0.6432,2022-05-17T19:04:00+00:00,778,3062
summary,2022-05-20,AAPL,,,,,,,0.00,,0,,,,,,,,,,0.6778,2022-05-17T13:33:00+00:00,531,2973
summary,2022-05-20,NVDA,,,,,,,0.00,,0,,,,,,,,,,1.0000,2022-05-17T13:33:00+00:00,1047,2792
summary,2022-05-20,MSFT,,,,,,,0.00,,0,,,,,,,,,,0.9309,2022-05-17T13:45:00+00:00,540,2346
summary,2022-05-23,SPY,,,,,,,0.00,,0,,,,,,,,,,0.7967,2022-05-20T19:58:00+00:00,733,1174
summary,2022-05-23,QQQ,,,,,,,0.00,,0,,,,,,,,,,0.8237,2022-05-20T19:58:00+00:00,761,1200
summary,2022-05-23,AAPL,,,,,,,0.00,,0,,,,,,,,,,0.9332,2022-05-20T13:43:00+00:00,810,1162
trade,2022-05-23,NVDA,Long,2022-05-23T13:48:00+00:00,2022-05-23T14:28:00+00:00,167.2151,162.6362,1.64,-7.51,-0.027384,2400000,HardStop,0.7270,0.0346,0.6491,0.7086,0.7899,-0.6567,0.1130,0.1083,,,
summary,2022-05-23,NVDA,,,,,,,-7.51,,1,,,,,,,,,,0.8803,2022-05-20T19:55:00+00:00,657,1114
summary,2022-05-23,MSFT,,,,,,,0.00,,0,,,,,,,,,,0.8657,2022-05-20T13:54:00+00:00,627,1029
summary,2022-05-24,SPY,,,,,,,0.00,,0,,,,,,,,,,0.6350,2022-05-23T15:03:00+00:00,646,1579
summary,2022-05-24,QQQ,,,,,,,0.00,,0,,,,,,,,,,0.6576,2022-05-23T15:33:00+00:00,561,1629
summary,2022-05-24,AAPL,,,,,,,0.00,,0,,,,,,,,,,0.7516,2022-05-23T13:48:00+00:00,839,1521
summary,2022-05-24,NVDA,,,,,,,0.00,,0,,,,,,,,,,0.7918,2022-05-23T13:47:00+00:00,624,1408
summary,2022-05-24,MSFT,,,,,,,0.00,,0,,,,,,,,,,0.8109,2022-05-23T09:37:00+00:00,736,1215
trade,2022-05-25,SPY,Long,2022-05-25T14:17:00+00:00,2022-05-25T15:31:00+00:00,394.8534,395.5363,0.76,0.52,0.001729,4440000,ScoreExit,0.3561,-0.1523,0.3018,0.4059,0.2747,-0.4238,-0.3070,0.2476,,,
summary,2022-05-25,SPY,,,,,,,0.52,,1,,,,,,,,,,0.6350,2022-05-23T15:03:00+00:00,1195,2447
summary,2022-05-25,QQQ,,,,,,,0.00,,0,,,,,,,,,,0.6576,2022-05-23T15:33:00+00:00,1008,2542
summary,2022-05-25,AAPL,,,,,,,0.00,,0,,,,,,,,,,0.7516,2022-05-23T13:48:00+00:00,1156,2370
trade,2022-05-25,NVDA,Long,2022-05-25T13:46:00+00:00,2022-05-25T15:02:00+00:00,166.2407,165.8752,1.63,-0.59,-0.002198,4560000,MaxHoldTimeout,0.4662,0.0554,0.4559,0.4448,0.5124,0.5599,-0.3409,0.6799,,,
summary,2022-05-25,NVDA,,,,,,,-0.59,,1,,,,,,,,,,0.7918,2022-05-23T13:47:00+00:00,1102,2229
summary,2022-05-25,MSFT,,,,,,,0.00,,0,,,,,,,,,,0.8109,2022-05-23T09:37:00+00:00,1192,1860
trade,2022-05-26,SPY,Long,2022-05-26T13:45:00+00:00,2022-05-26T15:46:00+00:00,401.4454,404.0288,0.75,1.93,0.006435,7260000,MaxHoldTimeout,0.3737,0.0340,0.3783,0.3293,0.4608,-0.1429,-0.1504,0.4616,,,
summary,2022-05-26,SPY,,,,,,,1.93,,1,,,,,,,,,,0.9598,2022-05-23T15:03:00+00:00,1759,3025
trade,2022-05-26,QQQ,Long,2022-05-26T13:40:00+00:00,2022-05-26T15:41:00+00:00,293.4630,297.5538,1.02,4.18,0.013940,7260000,MaxHoldTimeout,0.4482,0.2596,0.5365,0.3917,0.5318,0.2278,0.1130,0.5632,,,
summary,2022-05-26,QQQ,,,,,,,4.18,,1,,,,,,,,,,0.9024,2022-05-23T13:45:00+00:00,1740,3138
trade,2022-05-26,AAPL,Long,2022-05-26T14:01:00+00:00,2022-05-26T15:56:00+00:00,140.9273,142.8521,2.13,4.10,0.013659,6900000,SessionClose,0.5105,0.2771,0.5446,0.5136,0.4930,0.4503,0.0955,0.5828,,,
summary,2022-05-26,AAPL,,,,,,,4.10,,1,,,,,,,,,,1.0000,2022-05-23T13:40:00+00:00,1374,2983
trade,2022-05-26,NVDA,Long,2022-05-26T13:34:00+00:00,2022-05-26T15:35:00+00:00,165.0295,174.8225,1.57,15.35,0.059341,7260000,MaxHoldTimeout,0.6259,0.0774,0.6877,0.6514,0.5544,-0.5730,-0.0839,0.6168,,,
summary,2022-05-26,NVDA,,,,,,,15.35,,1,,,,,,,,,,1.0000,2022-05-23T13:35:00+00:00,1837,2925
trade,2022-05-26,MSFT,Long,2022-05-26T13:46:00+00:00,2022-05-26T15:26:00+00:00,263.4440,265.0954,1.14,1.88,0.006269,6000000,ScoreExit,0.3666,-0.0806,0.3080,0.3573,0.4046,-0.5069,-0.2524,0.4051,,,
summary,2022-05-26,MSFT,,,,,,,1.88,,1,,,,,,,,,,0.9806,2022-05-23T13:41:00+00:00,1549,2318
summary,2022-05-27,SPY,,,,,,,0.00,,0,,,,,,,,,,0.7085,2022-05-24T16:14:00+00:00,2331,2955
summary,2022-05-27,QQQ,,,,,,,0.00,,0,,,,,,,,,,0.7256,2022-05-24T16:14:00+00:00,2465,3072
trade,2022-05-27,AAPL,Long,2022-05-27T14:11:00+00:00,2022-05-27T15:27:00+00:00,148.1293,148.0806,2.03,-0.10,-0.000329,4560000,MaxHoldTimeout,0.5781,0.2636,0.5407,0.6086,0.5297,-0.2823,0.1920,0.5886,,,
summary,2022-05-27,AAPL,,,,,,,-0.10,,1,,,,,,,,,,0.7468,2022-05-24T16:14:00+00:00,1936,2923
summary,2022-05-27,NVDA,,,,,,,0.00,,0,,,,,,,,,,0.9594,2022-05-24T13:32:00+00:00,2190,2954
trade,2022-05-27,MSFT,Long,2022-05-27T13:48:00+00:00,2022-05-27T15:49:00+00:00,270.0560,272.0434,1.11,2.21,0.007359,7260000,MaxHoldTimeout,0.4416,0.3818,0.4485,0.4023,0.5181,0.3726,0.2999,0.5489,,,
summary,2022-05-27,MSFT,,,,,,,2.21,,1,,,,,,,,,,1.0000,2022-05-24T13:32:00+00:00,1747,2261
summary,2022-05-30,SPY,,,,,,,0.00,,0,,,,,,,,,,0.7955,2022-05-27T14:23:00+00:00,475,504
summary,2022-05-30,QQQ,,,,,,,0.00,,0,,,,,,,,,,0.8876,2022-05-27T14:21:00+00:00,483,503
summary,2022-05-30,AAPL,,,,,,,0.00,,0,,,,,,,,,,0.8949,2022-05-27T14:12:00+00:00,496,509
summary,2022-05-30,NVDA,,,,,,,0.00,,0,,,,,,,,,,1.0000,2022-05-27T13:32:00+00:00,441,497
summary,2022-05-30,MSFT,,,,,,,0.00,,0,,,,,,,,,,1.0000,2022-05-27T13:36:00+00:00,364,467
trade,2022-05-31,SPY,Long,2022-05-31T14:41:00+00:00,2022-05-31T15:11:00+00:00,412.8188,412.0813,0.73,-0.54,-0.001786,1800000,ScoreExit,0.4131,-0.0900,0.4554,0.3926,0.4400,-0.4955,-0.1237,0.1126,,,
summary,2022-05-31,SPY,,,,,,,-0.54,,1,,,,,,,,,,0.6773,2022-05-31T16:02:00+00:00,338,709
summary,2022-05-31,QQQ,,,,,,,0.00,,0,,,,,,,,,,0.7131,2022-05-31T16:04:00+00:00,402,711
trade,2022-05-31,AAPL,Long,2022-05-31T14:55:00+00:00,2022-05-31T15:56:00+00:00,148.7296,149.9322,2.02,2.43,0.008086,3660000,SessionClose,0.3788,0.6050,0.4499,0.3560,0.4006,0.5749,0.4126,1.0000,,,
summary,2022-05-31,AAPL,,,,,,,2.43,,1,,,,,,,,,,0.7020,2022-05-31T16:03:00+00:00,346,673
summary,2022-05-31,NVDA,,,,,,,0.00,,0,,,,,,,,,,0.7451,2022-05-31T08:42:00+00:00,328,653
summary,2022-05-31,MSFT,,,,,,,0.00,,0,,,,,,,,,,0.7581,2022-05-31T08:31:00+00:00,322,559
summary,2022-06-01,SPY,,,,,,,0.00,,0,,,,,,,,,,0.6773,2022-05-31T16:02:00+00:00,795,1565
summary,2022-06-01,QQQ,,,,,,,0.00,,0,,,,,,,,,,0.7131,2022-05-31T16:04:00+00:00,892,1581
summary,2022-06-01,AAPL,,,,,,,0.00,,0,,,,,,,,,,0.7020,2022-05-31T16:03:00+00:00,806,1458
summary,2022-06-01,NVDA,,,,,,,0.00,,0,,,,,,,,,,0.7451,2022-05-31T08:42:00+00:00,627,1413
summary,2022-06-01,MSFT,,,,,,,0.00,,0,,,,,,,,,,0.7581,2022-05-31T08:31:00+00:00,655,1164
summary,2022-06-02,SPY,,,,,,,0.00,,0,,,,,,,,,,0.6773,2022-05-31T16:02:00+00:00,1156,2413
summary,2022-06-02,QQQ,,,,,,,0.00,,0,,,,,,,,,,0.7131,2022-05-31T16:04:00+00:00,1307,2465
summary,2022-06-02,AAPL,,,,,,,0.00,,0,,,,,,,,,,0.7020,2022-05-31T16:03:00+00:00,1153,2229
trade,2022-06-02,NVDA,Long,2022-06-02T13:51:00+00:00,2022-06-02T15:52:00+00:00,187.9214,194.6066,1.59,10.66,0.035575,7260000,MaxHoldTimeout,0.5476,0.4367,0.6020,0.5823,0.4602,0.2355,0.3456,0.6860,,,
summary,2022-06-02,NVDA,,,,,,,10.66,,1,,,,,,,,,,0.7557,2022-06-02T14:13:00+00:00,996,2150
summary,2022-06-02,MSFT,,,,,,,0.00,,0,,,,,,,,,,0.7581,2022-05-31T08:31:00+00:00,943,1738
summary,2022-06-03,SPY,,,,,,,0.00,,0,,,,,,,,,,0.8846,2022-05-31T15:03:00+00:00,1270,2939
summary,2022-06-03,QQQ,,,,,,,0.00,,0,,,,,,,,,,0.9539,2022-05-31T15:04:00+00:00,1550,3044
summary,2022-06-03,AAPL,,,,,,,0.00,,0,,,,,,,,,,0.8162,2022-05-31T14:44:00+00:00,1212,2773
summary,2022-06-03,NVDA,,,,,,,0.00,,0,,,,,,,,,,0.9569,2022-05-31T14:46:00+00:00,1160,2706
summary,2022-06-03,MSFT,,,,,,,0.00,,0,,,,,,,,,,0.7699,2022-05-31T16:04:00+00:00,1113,2276
summary,2022-06-06,SPY,,,,,,,0.00,,0,,,,,,,,,,0.7151,2022-06-06T08:11:00+00:00,532,1136
summary,2022-06-06,QQQ,,,,,,,0.00,,0,,,,,,,,,,0.7975,2022-06-03T14:01:00+00:00,475,1174
summary,2022-06-06,AAPL,,,,,,,0.00,,0,,,,,,,,,,0.8253,2022-06-03T14:00:00+00:00,425,1135
summary,2022-06-06,NVDA,,,,,,,0.00,,0,,,,,,,,,,1.0000,2022-06-03T13:31:00+00:00,369,1061
summary,2022-06-06,MSFT,,,,,,,0.00,,0,,,,,,,,,,1.0000,2022-06-03T13:32:00+00:00,263,951
trade,2022-06-07,SPY,Long,2022-06-07T14:44:00+00:00,2022-06-07T15:21:00+00:00,413.3390,412.5412,0.73,-0.58,-0.001930,2220000,ScoreExit,0.4578,-0.0646,0.4956,0.4986,0.3635,-0.4773,-0.1482,0.2401,,,
summary,2022-06-07,SPY,,,,,,,-0.58,,1,,,,,,,,,,0.5008,2022-06-07T14:48:00+00:00,483,1473
trade,2022-06-07,QQQ,Long,2022-06-07T14:37:00+00:00,2022-06-07T15:21:00+00:00,308.5775,308.1125,0.97,-0.45,-0.001507,2640000,ScoreExit,0.5314,-0.0630,0.5866,0.5537,0.4684,-0.4760,-0.1872,0.3232,,,
summary,2022-06-07,QQQ,,,,,,,-0.45,,1,,,,,,,,,,0.6340,2022-06-06T08:00:00+00:00,537,1522
trade,2022-06-07,AAPL,Long,2022-06-07T13:51:00+00:00,2022-06-07T15:29:00+00:00,146.6290,147.0359,2.05,0.83,0.002775,5880000,ScoreExit,0.4895,-0.0559,0.5326,0.5223,0.4094,-0.5283,-0.3012,0.5923,,,
summary,2022-06-07,AAPL,,,,,,,0.83,,1,,,,,,,,,,0.5683,2022-06-07T14:04:00+00:00,567,1432
trade,2022-06-07,NVDA,Long,2022-06-07T14:49:00+00:00,2022-06-07T15:20:00+00:00,189.1316,187.5837,1.59,-2.46,-0.008184,1860000,ScoreExit,0.5988,-0.0508,0.6116,0.6435,0.5050,-0.4501,-0.0477,0.0761,,,
summary,2022-06-07,NVDA,,,,,,,-2.46,,1,,,,,,,,,,0.8249,2022-06-06T08:44:00+00:00,460,1294
trade,2022-06-07,MSFT,Long,2022-06-07T14:42:00+00:00,2022-06-07T15:47:00+00:00,271.3064,270.3639,1.11,-1.04,-0.003474,3900000,ScoreExit,0.5576,-0.0530,0.5256,0.5511,0.5814,0.0451,-0.3352,0.4787,,,
summary,2022-06-07,MSFT,,,,,,,-1.04,,1,,,,,,,,,,0.5829,2022-06-06T14:00:00+00:00,445,1113
summary,2022-06-08,SPY,,,,,,,0.00,,0,,,,,,,,,,0.5008,2022-06-07T14:48:00+00:00,853,2306
trade,2022-06-08,QQQ,Long,2022-06-08T13:47:00+00:00,2022-06-08T14:56:00+00:00,309.9380,310.2519,0.97,0.30,0.001013,4140000,ScoreExit,0.4328,-0.0915,0.4364,0.4812,0.3349,-0.3580,-0.2240,0.2624,,,
summary,2022-06-08,QQQ,,,,,,,0.30,,1,,,,,,,,,,0.6340,2022-06-06T08:00:00+00:00,887,2351
trade,2022-06-08,AAPL,Long,2022-06-08T13:31:00+00:00,2022-06-08T14:13:00+00:00,148.5696,149.3902,2.02,1.66,0.005523,2520000,ScoreExit,0.3861,-0.0510,0.3224,0.4035,0.3727,-0.2162,-0.1884,0.2789,,,
summary,2022-06-08,AAPL,,,,,,,1.66,,1,,,,,,,,,,0.5683,2022-06-07T14:04:00+00:00,1055,2185
trade,2022-06-08,NVDA,Long,2022-06-08T13:37:00+00:00,2022-06-08T14:56:00+00:00,188.7325,190.1679,1.59,2.28,0.007606,4740000,ScoreExit,0.3827,-0.0856,0.4883,0.3641,0.3848,-0.3926,-0.2277,0.3011,,,
summary,2022-06-08,NVDA,,,,,,,2.28,,1,,,,,,,,,,0.8249,2022-06-06T08:44:00+00:00,744,1991
summary,2022-06-08,MSFT,,,,,,,0.00,,0,,,,,,,,,,0.5829,2022-06-06T14:00:00+00:00,717,1652
summary,2022-06-09,SPY,,,,,,,0.00,,0,,,,,,,,,,0.7230,2022-06-06T14:49:00+00:00,805,2857
summary,2022-06-09,QQQ,,,,,,,0.00,,0,,,,,,,,,,0.8778,2022-06-06T14:06:00+00:00,853,2886
summary,2022-06-09,AAPL,,,,,,,0.00,,0,,,,,,,,,,0.7820,2022-06-06T14:41:00+00:00,1158,2697
summary,2022-06-09,NVDA,,,,,,,0.00,,0,,,,,,,,,,0.9051,2022-06-06T14:03:00+00:00,731,2483
summary,2022-06-09,MSFT,,,,,,,0.00,,0,,,,,,,,,,0.9062,2022-06-06T14:00:00+00:00,911,2051
summary,2022-06-10,SPY,,,,,,,0.00,,0,,,,,,,,,,0.9559,2022-06-07T14:42:00+00:00,925,2917
summary,2022-06-10,QQQ,,,,,,,0.00,,0,,,,,,,,,,0.9567,2022-06-07T14:42:00+00:00,1164,2929
summary,2022-06-10,AAPL,,,,,,,0.00,,0,,,,,,,,,,1.0000,2022-06-07T13:35:00+00:00,1144,2692
summary,2022-06-10,NVDA,,,,,,,0.00,,0,,,,,,,,,,1.0000,2022-06-07T13:37:00+00:00,865,2487
summary,2022-06-10,MSFT,,,,,,,0.00,,0,,,,,,,,,,1.0000,2022-06-07T13:40:00+00:00,917,2050
summary,2022-06-13,SPY,,,,,,,0.00,,0,,,,,,,,,,0.5146,2022-06-10T18:58:00+00:00,138,1209
summary,2022-06-13,QQQ,,,,,,,0.00,,0,,,,,,,,,,0.5317,2022-06-10T19:27:00+00:00,185,1202
summary,2022-06-13,AAPL,,,,,,,0.00,,0,,,,,,,,,,0.6075,2022-06-10T13:31:00+00:00,341,1187
summary,2022-06-13,NVDA,,,,,,,0.00,,0,,,,,,,,,,0.9463,2022-06-10T13:45:00+00:00,269,1151
summary,2022-06-13,MSFT,,,,,,,0.00,,0,,,,,,,,,,0.3927,2022-06-10T19:27:00+00:00,133,1059
summary,2022-06-14,SPY,,,,,,,0.00,,0,,,,,,,,,,0.6393,2022-06-13T16:38:00+00:00,433,1621
summary,2022-06-14,QQQ,,,,,,,0.00,,0,,,,,,,,,,0.6641,2022-06-13T16:38:00+00:00,536,1638
summary,2022-06-14,AAPL,,,,,,,0.00,,0,,,,,,,,,,0.6315,2022-06-13T13:59:00+00:00,748,1530
summary,2022-06-14,NVDA,,,,,,,0.00,,0,,,,,,,,,,0.8562,2022-06-13T08:08:00+00:00,604,1456
summary,2022-06-14,MSFT,,,,,,,0.00,,0,,,,,,,,,,0.6234,2022-06-13T16:38:00+00:00,571,1272
trade,2022-06-15,SPY,Long,2022-06-15T13:49:00+00:00,2022-06-15T14:31:00+00:00,378.6886,378.1416,0.79,-0.43,-0.001444,2520000,ScoreExit,0.3538,-0.0818,0.3706,0.3737,0.3086,-0.4268,-0.1879,0.2453,,,
summary,2022-06-15,SPY,,,,,,,-0.43,,1,,,,,,,,,,0.6393,2022-06-13T16:38:00+00:00,849,2506
trade,2022-06-15,QQQ,Long,2022-06-15T13:41:00+00:00,2022-06-15T14:31:00+00:00,280.1499,279.9710,1.07,-0.19,-0.000639,3000000,ScoreExit,0.3752,-0.1036,0.4383,0.3734,0.3577,-0.5310,-0.2478,0.3273,,,
summary,2022-06-15,QQQ,,,,,,,-0.19,,1,,,,,,,,,,0.6641,2022-06-13T16:38:00+00:00,1120,2519
summary,2022-06-15,AAPL,,,,,,,0.00,,0,,,,,,,,,,0.6315,2022-06-13T13:59:00+00:00,1377,2328
summary,2022-06-15,NVDA,,,,,,,0.00,,0,,,,,,,,,,0.8562,2022-06-13T08:08:00+00:00,1248,2181
summary,2022-06-15,MSFT,,,,,,,0.00,,0,,,,,,,,,,0.6345,2022-06-15T18:44:00+00:00,1082,1867
summary,2022-06-16,SPY,,,,,,,0.00,,0,,,,,,,,,,0.6408,2022-06-13T16:38:00+00:00,1121,3122
summary,2022-06-16,QQQ,,,,,,,0.00,,0,,,,,,,,,,0.8271,2022-06-13T13:37:00+00:00,1192,3149
summary,2022-06-16,AAPL,,,,,,,0.00,,0,,,,,,,,,,0.9230,2022-06-13T13:43:00+00:00,1362,2923
summary,2022-06-16,NVDA,,,,,,,0.00,,0,,,,,,,,,,1.0000,2022-06-13T13:32:00+00:00,1369,2728
summary,2022-06-16,MSFT,,,,,,,0.00,,0,,,,,,,,,,1.0000,2022-06-13T13:36:00+00:00,1076,2352
summary,2022-06-17,SPY,,,,,,,0.00,,0,,,,,,,,,,0.8371,2022-06-14T14:02:00+00:00,871,3138
summary,2022-06-17,QQQ,,,,,,,0.00,,0,,,,,,,,,,0.9053,2022-06-14T14:02:00+00:00,1180,3140
summary,2022-06-17,AAPL,,,,,,,0.00,,0,,,,,,,,,,0.8893,2022-06-14T13:58:00+00:00,1225,2938
summary,2022-06-17,NVDA,,,,,,,0.00,,0,,,,,,,,,,0.9131,2022-06-14T14:02:00+00:00,1336,2710
trade,2022-06-17,MSFT,Long,2022-06-17T13:41:00+00:00,2022-06-17T14:57:00+00:00,247.6694,245.2914,1.21,-2.88,-0.009601,4560000,MaxHoldTimeout,0.3774,0.0000,0.3409,0.4282,0.2877,0.5411,-0.3029,-0.1877,,,
summary,2022-06-17,MSFT,,,,,,,-2.88,,1,,,,,,,,,,0.7147,2022-06-14T14:49:00+00:00,1285,2332
summary,2022-06-20,SPY,,,,,,,0.00,,0,,,,,,,,,,0.9873,2022-06-17T13:41:00+00:00,302,508
summary,2022-06-20,QQQ,,,,,,,0.00,,0,,,,,,,,,,1.0000,2022-06-17T13:41:00+00:00,400,495
summary,2022-06-20,AAPL,,,,,,,0.00,,0,,,,,,,,,,1.0000,2022-06-17T13:33:00+00:00,387,503
summary,2022-06-20,NVDA,,,,,,,0.00,,0,,,,,,,,,,1.0000,2022-06-17T13:32:00+00:00,330,453
summary,2022-06-20,MSFT,,,,,,,0.00,,0,,,,,,,,,,1.0000,2022-06-17T13:32:00+00:00,352,445
trade,2022-06-21,SPY,Long,2022-06-21T13:36:00+00:00,2022-06-21T15:37:00+00:00,373.0269,374.9025,0.80,1.51,0.005028,7260000,ScoreExit,0.4654,-0.1377,0.5813,0.4383,0.4808,-0.5390,-0.3220,0.3648,,,
summary,2022-06-21,SPY,,,,,,,1.51,,1,,,,,,,,,,0.6665,2022-06-21T14:04:00+00:00,363,681
summary,2022-06-21,QQQ,,,,,,,0.00,,0,,,,,,,,,,0.7219,2022-06-21T14:04:00+00:00,285,708
trade,2022-06-21,AAPL,Long,2022-06-21T13:33:00+00:00,2022-06-21T15:34:00+00:00,134.1052,136.5690,2.24,5.51,0.018372,7260000,MaxHoldTimeout,0.5194,0.2710,0.5237,0.4930,0.5708,-0.0665,-0.0373,1.0000,,,
summary,2022-06-21,AAPL,,,,,,,5.51,,1,,,,,,,,,,0.7560,2022-06-21T08:02:00+00:00,314,659
summary,2022-06-21,NVDA,,,,,,,0.00,,0,,,,,,,,,,0.8284,2022-06-21T14:00:00+00:00,355,625
summary,2022-06-21,MSFT,,,,,,,0.00,,0,,,,,,,,,,0.8100,2022-06-21T08:00:00+00:00,302,532
trade,2022-06-22,SPY,Long,2022-06-22T14:09:00+00:00,2022-06-22T15:43:00+00:00,374.0072,376.3721,0.80,1.90,0.006323,5640000,ScoreExit,0.4566,-0.0608,0.3785,0.4865,0.4227,-0.3223,-0.2956,0.4958,,,
summary,2022-06-22,SPY,,,,,,,1.90,,1,,,,,,,,,,0.6665,2022-06-21T14:04:00+00:00,802,1587
trade,2022-06-22,QQQ,Long,2022-06-22T13:56:00+00:00,2022-06-22T15:41:00+00:00,281.9796,283.6199,1.06,1.75,0.005817,6300000,ScoreExit,0.5249,-0.0870,0.6234,0.5054,0.5312,-0.4342,-0.3518,0.5582,,,
summary,2022-06-22,QQQ,,,,,,,1.75,,1,,,,,,,,,,0.7219,2022-06-21T14:04:00+00:00,676,1585
trade,2022-06-22,AAPL,Long,2022-06-22T14:00:00+00:00,2022-06-22T15:15:00+00:00,135.7257,136.2241,2.21,1.10,0.003672,4500000,ScoreExit,0.3875,-0.0559,0.2821,0.3885,0.4205,-0.4902,-0.2307,0.4386,,,
summary,2022-06-22,AAPL,,,,,,,1.10,,1,,,,,,,,,,0.7560,2022-06-21T08:02:00+00:00,739,1485
trade,2022-06-22,NVDA,Long,2022-06-22T14:40:00+00:00,2022-06-22T14:56:00+00:00,166.3749,164.8755,1.80,-2.70,-0.009012,960000,ScoreExit,0.4222,-0.0571,0.4020,0.4681,0.3369,-0.4650,-0.1331,0.2311,,,
summary,2022-06-22,NVDA,,,,,,,-2.70,,1,,,,,,,,,,0.8284,2022-06-21T14:00:00+00:00,660,1341
summary,2022-06-22,MSFT,,,,,,,0.00,,0,,,,,,,,,,0.8100,2022-06-21T08:00:00+00:00,679,1126
trade,2022-06-23,SPY,Long,2022-06-23T15:00:00+00:00,2022-06-23T15:21:00+00:00,377.9483,377.3618,0.79,-0.47,-0.001552,1260000,ScoreExit,0.3513,-0.0605,0.3706,0.3760,0.2955,-0.2736,-0.1395,0.1685,,,
summary,2022-06-23,SPY,,,,,,,-0.47,,1,,,,,,,,,,0.6665,2022-06-21T14:04:00+00:00,1223,2487
trade,2022-06-23,QQQ,Long,2022-06-23T14:38:00+00:00,2022-06-23T15:32:00+00:00,283.4900,283.7531,1.06,0.28,0.000928,3240000,ScoreExit,0.3535,-0.0653,0.2845,0.3683,0.3468,-0.5717,-0.1266,0.2262,,,
summary,2022-06-23,QQQ,,,,,,,0.28,,1,,,,,,,,,,0.7219,2022-06-21T14:04:00+00:00,1145,2493
trade,2022-06-23,AAPL,Long,2022-06-23T14:41:00+00:00,2022-06-23T15:31:00+00:00,137.4962,137.6938,2.19,0.43,0.001437,3000000,ScoreExit,0.4451,-0.0661,0.5363,0.4480,0.4087,-0.5248,-0.1831,0.3210,,,
summary,2022-06-23,AAPL,,,,,,,0.43,,1,,,,,,,,,,0.7560,2022-06-21T08:02:00+00:00,1206,2314
summary,2022-06-23,NVDA,,,,,,,0.00,,0,,,,,,,,,,0.8284,2022-06-21T14:00:00+00:00,781,2091
trade,2022-06-23,MSFT,Long,2022-06-23T14:33:00+00:00,2022-06-23T15:32:00+00:00,256.7620,256.9879,1.17,0.26,0.000880,3540000,ScoreExit,0.3806,-0.0596,0.4106,0.3364,0.4589,-0.5526,-0.1610,0.3075,,,
summary,2022-06-23,MSFT,,,,,,,0.26,,1,,,,,,,,,,0.8100,2022-06-21T08:00:00+00:00,1079,1709
trade,2022-06-24,SPY,Long,2022-06-24T13:31:00+00:00,2022-06-24T15:32:00+00:00,381.6495,386.7489,0.79,4.01,0.013362,7260000,MaxHoldTimeout,0.3941,0.1504,0.2890,0.3925,0.4321,0.5195,-0.0783,0.4849,,,
summary,2022-06-24,SPY,,,,,,,4.01,,1,,,,,,,,,,0.9465,2022-06-21T14:55:00+00:00,1809,3075
trade,2022-06-24,QQQ,Long,2022-06-24T13:32:00+00:00,2022-06-24T15:11:00+00:00,288.1914,291.5475,1.04,3.50,0.011645,5940000,ScoreExit,0.4614,-0.0551,0.5054,0.4295,0.5106,-0.5520,-0.2615,0.5233,,,
summary,2022-06-24,QQQ,,,,,,,3.50,,1,,,,,,,,,,1.0000,2022-06-21T13:36:00+00:00,1736,3065
trade,2022-06-24,AAPL,Long,2022-06-24T13:31:00+00:00,2022-06-24T14:41:00+00:00,140.1070,140.3329,2.14,0.48,0.001612,4200000,ScoreExit,0.4267,-0.0545,0.4766,0.4199,0.4236,-0.4464,-0.2458,0.4587,,,
summary,2022-06-24,AAPL,,,,,,,0.48,,1,,,,,,,,,,1.0000,2022-06-21T13:33:00+00:00,1740,2845
trade,2022-06-24,NVDA,Long,2022-06-24T13:30:00+00:00,2022-06-24T15:16:00+00:00,165.0845,168.4045,1.82,6.03,0.020111,6360000,ScoreExit,0.3502,-0.0958,0.3561,0.3359,0.3771,-0.5951,-0.3561,0.5912,,,
summary,2022-06-24,NVDA,,,,,,,6.03,,1,,,,,,,,,,1.0000,2022-06-21T13:34:00+00:00,1158,2572
trade,2022-06-24,MSFT,Long,2022-06-24T13:31:00+00:00,2022-06-24T15:14:00+00:00,262.9138,264.6856,1.14,2.02,0.006739,6180000,ScoreExit,0.5524,-0.0558,0.5955,0.5563,0.5301,-0.5488,-0.2430,0.4830,,,
summary,2022-06-24,MSFT,,,,,,,2.02,,1,,,,,,,,,,1.0000,2022-06-21T13:33:00+00:00,1520,2170
trade,2022-06-27,SPY,Long,2022-06-27T14:54:00+00:00,2022-06-27T15:56:00+00:00,390.3621,390.4278,0.77,0.05,0.000168,3720000,SessionClose,0.3867,0.1583,0.4334,0.3550,0.4344,-0.1378,0.0663,0.4411,,,
summary,2022-06-27,SPY,,,,,,,0.05,,1,,,,,,,,,,0.9567,2022-06-24T15:03:00+00:00,956,1182
trade,2022-06-27,QQQ,Long,2022-06-27T14:54:00+00:00,2022-06-27T15:56:00+00:00,294.4583,294.3267,1.02,-0.13,-0.000447,3720000,SessionClose,0.3839,0.1077,0.4542,0.3345,0.4594,-0.1110,-0.0223,0.4406,,,
summary,2022-06-27,QQQ,,,,,,,-0.13,,1,,,,,,,,,,0.9007,2022-06-24T14:02:00+00:00,868,1189
summary,2022-06-27,AAPL,,,,,,,0.00,,0,,,,,,,,,,0.9193,2022-06-24T13:36:00+00:00,718,1144
summary,2022-06-27,NVDA,,,,,,,0.00,,0,,,,,,,,,,1.0000,2022-06-24T13:41:00+00:00,851,1063
trade,2022-06-27,MSFT,Long,2022-06-27T15:00:00+00:00,2022-06-27T15:06:00+00:00,267.1551,266.1151,1.12,-1.17,-0.003893,360000,ScoreExit,0.3685,-0.1384,0.4660,0.3693,0.3343,-0.5447,-0.1803,0.0807,,,
summary,2022-06-27,MSFT,,,,,,,-1.17,,1,,,,,,,,,,1.0000,2022-06-24T13:32:00+00:00,415,1008
trade,2022-06-28,SPY,Long,2022-06-28T13:31:00+00:00,2022-06-28T14:03:00+00:00,390.9823,391.4675,0.77,0.37,0.001241,1920000,ScoreExit,0.4596,-0.0723,0.5617,0.4594,0.4260,-0.5020,-0.1681,0.2626,,,
summary,2022-06-28,SPY,,,,,,,0.37,,1,,,,,,,,,,0.5268,2022-06-27T15:24:00+00:00,484,1509
trade,2022-06-28,QQQ,Long,2022-06-28T13:36:00+00:00,2022-06-28T14:01:00+00:00,295.0085,294.0167,1.02,-1.01,-0.003362,1500000,ScoreExit,0.4388,-0.1288,0.4900,0.4785,0.3425,-0.1091,-0.2778,0.1627,,,
summary,2022-06-28,QQQ,,,,,,,-1.01,,1,,,,,,,,,,0.5347,2022-06-27T14:57:00+00:00,410,1534
trade,2022-06-28,AAPL,Long,2022-06-28T13:34:00+00:00,2022-06-28T14:01:00+00:00,143.1782,142.3223,2.10,-1.79,-0.005978,1620000,ScoreExit,0.4481,-0.1782,0.5291,0.4681,0.3809,-0.3913,-0.3082,0.1526,,,
summary,2022-06-28,AAPL,,,,,,,-1.79,,1,,,,,,,,,,0.5213,2022-06-27T15:59:00+00:00,475,1384
summary,2022-06-28,NVDA,,,,,,,0.00,,0,,,,,,,,,,0.8712,2022-06-27T08:08:00+00:00,419,1212
summary,2022-06-28,MSFT,,,,,,,0.00,,0,,,,,,,,,,0.4307,2022-06-27T14:56:00+00:00,141,1053
summary,2022-06-29,SPY,,,,,,,0.00,,0,,,,,,,,,,0.5268,2022-06-27T15:24:00+00:00,484,2366
summary,2022-06-29,QQQ,,,,,,,0.00,,0,,,,,,,,,,0.5347,2022-06-27T14:57:00+00:00,410,2416
summary,2022-06-29,AAPL,,,,,,,0.00,,0,,,,,,,,,,0.5213,2022-06-27T15:59:00+00:00,716,2164
summary,2022-06-29,NVDA,,,,,,,0.00,,0,,,,,,,,,,0.8712,2022-06-27T08:08:00+00:00,419,1944
summary,2022-06-29,MSFT,,,,,,,0.00,,0,,,,,,,,,,0.5710,2022-06-29T14:03:00+00:00,380,1616
summary,2022-06-30,SPY,,,,,,,0.00,,0,,,,,,,,,,0.8862,2022-06-27T14:57:00+00:00,540,2944
summary,2022-06-30,QQQ,,,,,,,0.00,,0,,,,,,,,,,0.9347,2022-06-27T14:57:00+00:00,480,2985
summary,2022-06-30,AAPL,,,,,,,0.00,,0,,,,,,,,,,0.8555,2022-06-27T14:57:00+00:00,547,2678
summary,2022-06-30,NVDA,,,,,,,0.00,,0,,,,,,,,,,0.9583,2022-06-27T14:50:00+00:00,423,2533
summary,2022-06-30,MSFT,,,,,,,0.00,,0,,,,,,,,,,0.7832,2022-06-27T14:56:00+00:00,507,2074
summary,2022-07-01,SPY,,,,,,,0.00,,0,,,,,,,,,,0.6508,2022-06-28T13:38:00+00:00,247,2987
summary,2022-07-01,QQQ,,,,,,,0.00,,0,,,,,,,,,,0.7391,2022-06-28T13:32:00+00:00,284,3024
summary,2022-07-01,AAPL,,,,,,,0.00,,0,,,,,,,,,,1.0000,2022-06-28T13:34:00+00:00,655,2745
summary,2022-07-01,NVDA,,,,,,,0.00,,0,,,,,,,,,,1.0000,2022-06-28T13:32:00+00:00,250,2695
summary,2022-07-01,MSFT,,,,,,,0.00,,0,,,,,,,,,,1.0000,2022-06-28T13:32:00+00:00,681,2130
summary,2022-07-04,SPY,,,,,,,0.00,,0,,,,,,,,,,0.9051,2022-07-01T13:47:00+00:00,326,488
summary,2022-07-04,QQQ,,,,,,,0.00,,0,,,,,,,,,,0.9362,2022-07-01T13:46:00+00:00,286,477
summary,2022-07-04,AAPL,,,,,,,0.00,,0,,,,,,,,,,0.9290,2022-07-01T13:46:00+00:00,341,489
summary,2022-07-04,NVDA,,,,,,,0.00,,0,,,,,,,,,,0.9022,2022-07-01T13:52:00+00:00,21,490
summary,2022-07-04,MSFT,,,,,,,0.00,,0,,,,,,,,,,0.8987,2022-07-01T13:57:00+00:00,297,431
summary,2022-07-05,SPY,,,,,,,0.00,,0,,,,,,,,,,0.6557,2022-07-05T16:24:00+00:00,279,678
trade,2022-07-05,QQQ,Long,2022-07-05T14:11:00+00:00,2022-07-05T15:12:00+00:00,278.5585,278.7913,1.08,0.25,0.000836,3660000,ScoreExit,0.3986,-0.1569,0.4466,0.4128,0.3542,-0.5677,-0.1799,0.0261,,,
summary,2022-07-05,QQQ,,,,,,,0.25,,1,,,,,,,,,,0.7087,2022-07-05T14:38:00+00:00,364,692
summary,2022-07-05,AAPL,,,,,,,0.00,,0,,,,,,,,,,0.6325,2022-07-05T18:35:00+00:00,360,615
summary,2022-07-05,NVDA,,,,,,,0.00,,0,,,,,,,,,,0.8767,2022-07-05T14:38:00+00:00,384,610
summary,2022-07-05,MSFT,,,,,,,0.00,,0,,,,,,,,,,0.6374,2022-07-05T14:38:00+00:00,339,498
summary,2022-07-06,SPY,,,,,,,0.00,,0,,,,,,,,,,0.6557,2022-07-05T16:24:00+00:00,963,1553
summary,2022-07-06,QQQ,,,,,,,0.00,,0,,,,,,,,,,0.7087,2022-07-05T14:38:00+00:00,1103,1590
summary,2022-07-06,AAPL,,,,,,,0.00,,0,,,,,,,,,,0.6325,2022-07-05T18:35:00+00:00,995,1382
summary,2022-07-06,NVDA,,,,,,,0.00,,0,,,,,,,,,,0.8767,2022-07-05T14:38:00+00:00,1064,1367
summary,2022-07-06,MSFT,,,,,,,0.00,,0,,,,,,,,,,0.6374,2022-07-05T14:38:00+00:00,836,1063
trade,2022-07-07,SPY,Long,2022-07-07T13:40:00+00:00,2022-07-07T15:41:00+00:00,386.8010,387.3988,0.78,0.46,0.001546,7260000,MaxHoldTimeout,0.4065,0.2088,0.4253,0.3760,0.4612,0.5504,0.0284,0.4557,,,
summary,2022-07-07,SPY,,,,,,,0.46,,1,,,,,,,,,,0.6557,2022-07-05T16:24:00+00:00,1684,2383
trade,2022-07-07,QQQ,Long,2022-07-07T13:42:00+00:00,2022-07-07T15:43:00+00:00,291.7925,292.9271,1.03,1.17,0.003888,7260000,MaxHoldTimeout,0.5076,0.3197,0.5549,0.4743,0.5583,0.5594,0.1518,0.5756,,,
summary,2022-07-07,QQQ,,,,,,,1.17,,1,,,,,,,,,,0.7087,2022-07-05T14:38:00+00:00,1876,2450
trade,2022-07-07,AAPL,Long,2022-07-07T13:41:00+00:00,2022-07-07T15:30:00+00:00,144.2533,145.0615,2.08,1.68,0.005603,6540000,ScoreExit,0.5049,-0.0512,0.5101,0.4687,0.5755,-0.5568,-0.2626,0.5401,,,
summary,2022-07-07,AAPL,,,,,,,1.68,,1,,,,,,,,,,0.6325,2022-07-05T18:35:00+00:00,1660,2146
summary,2022-07-07,NVDA,,,,,,,0.00,,0,,,,,,,,,,0.8767,2022-07-05T14:38:00+00:00,1757,2084
trade,2022-07-07,MSFT,Long,2022-07-07T13:51:00+00:00,2022-07-07T15:21:00+00:00,267.0751,267.9346,1.12,0.97,0.003218,5400000,ScoreExit,0.4368,-0.0930,0.5364,0.4445,0.3885,-0.5176,-0.2644,0.3911,,,
summary,2022-07-07,MSFT,,,,,,,0.97,,1,,,,,,,,,,0.6374,2022-07-05T14:38:00+00:00,1258,1616
trade,2022-07-08,SPY,Long,2022-07-08T14:46:00+00:00,2022-07-08T15:46:00+00:00,389.7536,389.5082,0.77,-0.19,-0.000630,3600000,ScoreExit,0.3808,-0.0883,0.4399,0.4083,0.3062,-0.5634,-0.2082,0.3100,,,
summary,2022-07-08,SPY,,,,,,,-0.19,,1,,,,,,,,,,0.8291,2022-07-05T14:38:00+00:00,2338,2958
trade,2022-07-08,QQQ,Long,2022-07-08T14:36:00+00:00,2022-07-08T15:56:00+00:00,294.8734,295.7862,1.02,0.93,0.003096,4800000,SessionClose,0.5012,0.2153,0.5202,0.5200,0.4575,0.3729,0.0714,0.4506,,,
summary,2022-07-08,QQQ,,,,,,,0.93,,1,,,,,,,,,,0.9041,2022-07-05T14:38:00+00:00,2553,3013
trade,2022-07-08,AAPL,Long,2022-07-08T14:03:00+00:00,2022-07-08T15:56:00+00:00,146.0288,147.0959,2.06,2.20,0.007307,6780000,SessionClose,0.3798,0.2227,0.4784,0.3602,0.3861,0.3976,0.0975,0.4150,,,
summary,2022-07-08,AAPL,,,,,,,2.20,,1,,,,,,,,,,0.8972,2022-07-05T14:37:00+00:00,2231,2683
trade,2022-07-08,NVDA,Long,2022-07-08T14:36:00+00:00,2022-07-08T15:56:00+00:00,156.6720,158.6274,1.92,3.75,0.012481,4800000,SessionClose,0.5182,0.2005,0.5539,0.5178,0.5070,0.2615,-0.0199,0.6209,,,
summary,2022-07-08,NVDA,,,,,,,3.75,,1,,,,,,,,,,0.9600,2022-07-05T14:41:00+00:00,2320,2609
summary,2022-07-08,MSFT,,,,,,,0.00,,0,,,,,,,,,,0.8990,2022-07-05T14:38:00+00:00,1644,2060
summary,2022-07-11,SPY,,,,,,,0.00,,0,,,,,,,,,,0.9440,2022-07-08T14:45:00+00:00,296,1136
summary,2022-07-11,QQQ,,,,,,,0.00,,0,,,,,,,,,,0.9555,2022-07-08T15:02:00+00:00,388,1165
summary,2022-07-11,AAPL,,,,,,,0.00,,0,,,,,,,,,,1.0000,2022-07-08T13:41:00+00:00,418,1111
summary,2022-07-11,NVDA,,,,,,,0.00,,0,,,,,,,,,,1.0000,2022-07-08T13:33:00+00:00,541,1029
summary,2022-07-11,MSFT,,,,,,,0.00,,0,,,,,,,,,,0.9578,2022-07-08T15:01:00+00:00,488,911
summary,2022-07-12,SPY,,,,,,,0.00,,0,,,,,,,,,,0.7461,2022-07-11T09:14:00+00:00,555,1494
summary,2022-07-12,QQQ,,,,,,,0.00,,0,,,,,,,,,,0.6021,2022-07-11T09:13:00+00:00,657,1556
summary,2022-07-12,AAPL,,,,,,,0.00,,0,,,,,,,,,,0.6513,2022-07-11T09:38:00+00:00,915,1370
summary,2022-07-12,NVDA,,,,,,,0.00,,0,,,,,,,,,,0.6011,2022-07-11T17:24:00+00:00,541,1285
summary,2022-07-12,MSFT,,,,,,,0.00,,0,,,,,,,,,,0.6761,2022-07-11T11:07:00+00:00,422,1021
summary,2022-07-13,SPY,,,,,,,0.00,,0,,,,,,,,,,0.7461,2022-07-11T09:14:00+00:00,684,2315
summary,2022-07-13,QQQ,,,,,,,0.00,,0,,,,,,,,,,0.6021,2022-07-11T09:13:00+00:00,891,2398
summary,2022-07-13,AAPL,,,,,,,0.00,,0,,,,,,,,,,0.6513,2022-07-11T09:38:00+00:00,1324,2099
trade,2022-07-13,NVDA,Long,2022-07-13T14:23:00+00:00,2022-07-13T15:31:00+00:00,149.2498,151.3296,2.01,4.18,0.013935,4080000,ScoreExit,0.3656,-0.0946,0.3878,0.4130,0.2635,-0.5771,-0.2275,0.3320,,,
summary,2022-07-13,NVDA,,,,,,,4.18,,1,,,,,,,,,,0.7261,2022-07-13T14:44:00+00:00,848,1958
summary,2022-07-13,MSFT,,,,,,,0.00,,0,,,,,,,,,,0.6761,2022-07-11T11:07:00+00:00,587,1678
summary,2022-07-14,SPY,,,,,,,0.00,,0,,,,,,,,,,0.5724,2022-07-11T17:39:00+00:00,501,2991
summary,2022-07-14,QQQ,,,,,,,0.00,,0,,,,,,,,,,0.6849,2022-07-11T14:41:00+00:00,756,3006
summary,2022-07-14,AAPL,,,,,,,0.00,,0,,,,,,,,,,0.9544,2022-07-11T14:40:00+00:00,1401,2650
summary,2022-07-14,NVDA,,,,,,,0.00,,0,,,,,,,,,,0.7878,2022-07-11T14:39:00+00:00,1222,2494
summary,2022-07-14,MSFT,,,,,,,0.00,,0,,,,,,,,,,0.9571,2022-07-11T14:41:00+00:00,725,2170
trade,2022-07-15,SPY,Long,2022-07-15T14:26:00+00:00,2022-07-15T15:56:00+00:00,383.5550,384.1597,0.78,0.47,0.001577,5400000,SessionClose,0.4288,-0.0370,0.5126,0.3961,0.4662,-0.4064,-0.2179,0.4480,,,
summary,2022-07-15,SPY,,,,,,,0.47,,1,,,,,,,,,,0.7124,2022-07-12T13:37:00+00:00,1163,2970
summary,2022-07-15,QQQ,,,,,,,0.00,,0,,,,,,,,,,0.7224,2022-07-12T13:38:00+00:00,1364,3004
summary,2022-07-15,AAPL,,,,,,,0.00,,0,,,,,,,,,,1.0000,2022-07-12T13:36:00+00:00,1533,2676
summary,2022-07-15,NVDA,,,,,,,0.00,,0,,,,,,,,,,0.9850,2022-07-12T13:41:00+00:00,1629,2521
summary,2022-07-15,MSFT,,,,,,,0.00,,0,,,,,,,,,,0.5329,2022-07-15T14:17:00+00:00,910,2225
trade,2022-07-18,SPY,Long,2022-07-18T13:45:00+00:00,2022-07-18T14:11:00+00:00,388.7716,387.7386,0.77,-0.80,-0.002657,1560000,ScoreExit,0.3556,-0.0727,0.3709,0.3045,0.4527,-0.4867,-0.2603,0.4405,,,
summary,2022-07-18,SPY,,,,,,,-0.80,,1,,,,,,,,,,0.7217,2022-07-15T15:02:00+00:00,810,1154
trade,2022-07-18,QQQ,Long,2022-07-18T13:46:00+00:00,2022-07-18T14:46:00+00:00,295.1636,294.4666,1.02,-0.71,-0.002361,3600000,ScoreExit,0.4209,-0.0791,0.3766,0.3781,0.5212,-0.4970,-0.2954,0.4927,,,
summary,2022-07-18,QQQ,,,,,,,-0.71,,1,,,,,,,,,,0.7166,2022-07-15T14:00:00+00:00,820,1163
summary,2022-07-18,AAPL,,,,,,,0.00,,0,,,,,,,,,,0.7998,2022-07-15T13:32:00+00:00,527,1103
summary,2022-07-18,NVDA,,,,,,,0.00,,0,,,,,,,,,,1.0000,2022-07-15T13:35:00+00:00,772,1112
trade,2022-07-18,MSFT,Long,2022-07-18T13:51:00+00:00,2022-07-18T14:21:00+00:00,260.2388,259.5771,1.15,-0.76,-0.002543,1800000,ScoreExit,0.4431,-0.0539,0.4501,0.3995,0.5281,-0.4516,-0.2395,0.4498,,,
summary,2022-07-18,MSFT,,,,,,,-0.76,,1,,,,,,,,,,1.0000,2022-07-15T13:35:00+00:00,355,944
summary,2022-07-19,SPY,,,,,,,0.00,,0,,,,,,,,,,0.5009,2022-07-18T09:22:00+00:00,692,1515
trade,2022-07-19,QQQ,Long,2022-07-19T14:46:00+00:00,2022-07-19T15:56:00+00:00,294.1932,295.7063,1.02,1.54,0.005143,4200000,SessionClose,0.4689,0.2853,0.4418,0.4220,0.5718,0.3932,0.1195,0.5810,,,
summary,2022-07-19,QQQ,,,,,,,1.54,,1,,,,,,,,,,0.5696,2022-07-18T08:28:00+00:00,728,1562
trade,2022-07-19,AAPL,Long,2022-07-19T14:42:00+00:00,2022-07-19T15:56:00+00:00,148.6496,149.7101,2.02,2.14,0.007134,4440000,SessionClose,0.4010,0.1735,0.4336,0.4357,0.3206,0.1788,-0.0065,0.5319,,,
summary,2022-07-19,AAPL,,,,,,,2.14,,1,,,,,,,,,,0.5339,2022-07-19T15:07:00+00:00,512,1457
summary,2022-07-19,NVDA,,,,,,,0.00,,0,,,,,,,,,,0.9436,2022-07-18T08:18:00+00:00,870,1412
trade,2022-07-19,MSFT,Long,2022-07-19T14:55:00+00:00,2022-07-19T15:56:00+00:00,257.0121,257.3678,1.17,0.42,0.001384,3660000,SessionClose,0.3667,0.1816,0.3187,0.4166,0.2830,0.4157,0.0360,0.3947,,,
summary,2022-07-19,MSFT,,,,,,,0.42,,1,,,,,,,,,,0.7113,2022-07-18T08:29:00+00:00,450,1106
trade,2022-07-20,SPY,Long,2022-07-20T14:31:00+00:00,2022-07-20T15:56:00+00:00,393.7031,395.5463,0.76,1.41,0.004682,5100000,SessionClose,0.4379,0.1839,0.5424,0.4264,0.4262,0.1859,0.0668,0.4175,,,
summary,2022-07-20,SPY,,,,,,,1.41,,1,,,,,,,,,,0.5037,2022-07-20T14:52:00+00:00,1334,2357
trade,2022-07-20,QQQ,Long,2022-07-20T14:29:00+00:00,2022-07-20T15:56:00+00:00,301.1454,303.6439,1.00,2.49,0.008297,5220000,SessionClose,0.4481,0.1927,0.5429,0.3938,0.5250,0.1453,0.0411,0.5118,,,
summary,2022-07-20,QQQ,,,,,,,2.49,,1,,,,,,,,,,0.5696,2022-07-18T08:28:00+00:00,1439,2479
trade,2022-07-20,AAPL,Long,2022-07-20T14:31:00+00:00,2022-07-20T15:56:00+00:00,152.1206,153.1790,1.97,2.09,0.006958,5100000,SessionClose,0.4998,0.0837,0.5634,0.4822,0.5137,-0.0419,-0.0957,0.4846,,,
summary,2022-07-20,AAPL,,,,,,,2.09,,1,,,,,,,,,,0.5339,2022-07-19T15:07:00+00:00,1160,2275
trade,2022-07-20,NVDA,Long,2022-07-20T13:43:00+00:00,2022-07-20T15:44:00+00:00,170.8162,176.6720,1.76,10.29,0.034281,7260000,MaxHoldTimeout,0.4572,0.0732,0.4431,0.5040,0.3684,-0.5268,-0.1413,0.7020,,,
summary,2022-07-20,NVDA,,,,,,,10.29,,1,,,,,,,,,,0.9436,2022-07-18T08:18:00+00:00,1565,2240
trade,2022-07-20,MSFT,Long,2022-07-20T13:43:00+00:00,2022-07-20T15:44:00+00:00,259.8629,263.3360,1.15,4.01,0.013365,7260000,MaxHoldTimeout,0.3799,0.3374,0.4030,0.4249,0.2821,0.3503,0.2556,0.4968,,,
summary,2022-07-20,MSFT,,,,,,,4.01,,1,,,,,,,,,,0.7113,2022-07-18T08:29:00+00:00,941,1744
summary,2022-07-21,SPY,,,,,,,0.00,,0,,,,,,,,,,0.5042,2022-07-20T14:52:00+00:00,1821,2962
summary,2022-07-21,QQQ,,,,,,,0.00,,0,,,,,,,,,,0.6314,2022-07-18T14:01:00+00:00,2007,3082
summary,2022-07-21,AAPL,,,,,,,0.00,,0,,,,,,,,,,0.7778,2022-07-18T14:01:00+00:00,1698,2834
summary,2022-07-21,NVDA,,,,,,,0.00,,0,,,,,,,,,,1.0000,2022-07-18T13:32:00+00:00,2053,2795
summary,2022-07-21,MSFT,,,,,,,0.00,,0,,,,,,,,,,0.8528,2022-07-18T13:37:00+00:00,1376,2284
summary,2022-07-22,SPY,,,,,,,0.00,,0,,,,,,,,,,0.9569,2022-07-19T14:51:00+00:00,2179,2927
summary,2022-07-22,QQQ,,,,,,,0.00,,0,,,,,,,,,,0.9578,2022-07-19T14:51:00+00:00,2307,3075
summary,2022-07-22,AAPL,,,,,,,0.00,,0,,,,,,,,,,0.9567,2022-07-19T14:49:00+00:00,2253,2802
summary,2022-07-22,NVDA,,,,,,,0.00,,0,,,,,,,,,,0.9583,2022-07-19T14:48:00+00:00,2021,2813
summary,2022-07-22,MSFT,,,,,,,0.00,,0,,,,,,,,,,0.9576,2022-07-19T14:51:00+00:00,1607,2317
summary,2022-07-25,SPY,,,,,,,0.00,,0,,,,,,,,,,0.5309,2022-07-22T13:39:00+00:00,344,1139
summary,2022-07-25,QQQ,,,,,,,0.00,,0,,,,,,,,,,0.8697,2022-07-22T13:50:00+00:00,104,1155
summary,2022-07-25,AAPL,,,,,,,0.00,,0,,,,,,,,,,0.7076,2022-07-22T13:50:00+00:00,155,1106
summary,2022-07-25,NVDA,,,,,,,0.00,,0,,,,,,,,,,0.6617,2022-07-22T14:54:00+00:00,251,1058
summary,2022-07-25,MSFT,,,,,,,0.00,,0,,,,,,,,,,0.6420,2022-07-22T13:51:00+00:00,101,966
summary,2022-07-26,SPY,,,,,,,0.00,,0,,,,,,,,,,0.8033,2022-07-25T09:21:00+00:00,397,1526
summary,2022-07-26,QQQ,,,,,,,0.00,,0,,,,,,,,,,0.7913,2022-07-25T09:22:00+00:00,272,1534
summary,2022-07-26,AAPL,,,,,,,0.00,,0,,,,,,,,,,0.8420,2022-07-25T09:39:00+00:00,227,1441
summary,2022-07-26,NVDA,,,,,,,0.00,,0,,,,,,,,,,0.8846,2022-07-25T08:42:00+00:00,385,1262
summary,2022-07-26,MSFT,,,,,,,0.00,,0,,,,,,,,,,0.7743,2022-07-25T10:02:00+00:00,369,1128
summary,2022-07-27,SPY,,,,,,,0.00,,0,,,,,,,,,,0.8033,2022-07-25T09:21:00+00:00,985,2395
trade,2022-07-27,QQQ,Long,2022-07-27T13:36:00+00:00,2022-07-27T15:37:00+00:00,299.2547,302.0444,1.00,2.80,0.009322,7260000,MaxHoldTimeout,0.3714,0.1088,0.3611,0.3692,0.3794,0.0826,-0.0165,0.3682,,,
summary,2022-07-27,QQQ,,,,,,,2.80,,1,,,,,,,,,,0.7913,2022-07-25T09:22:00+00:00,907,2439
trade,2022-07-27,AAPL,Long,2022-07-27T13:42:00+00:00,2022-07-27T15:06:00+00:00,153.6411,154.3337,1.95,1.35,0.004508,5040000,ScoreExit,0.4347,-0.0587,0.5467,0.4314,0.4041,-0.1597,-0.2353,0.3281,,,
summary,2022-07-27,AAPL,,,,,,,1.35,,1,,,,,,,,,,0.8420,2022-07-25T09:39:00+00:00,833,2266
trade,2022-07-27,NVDA,Long,2022-07-27T13:41:00+00:00,2022-07-27T15:36:00+00:00,171.3564,173.4410,1.75,3.65,0.012165,6900000,ScoreExit,0.5549,-0.0696,0.5838,0.5073,0.6404,-0.4594,-0.3295,0.5799,,,
summary,2022-07-27,NVDA,,,,,,,3.65,,1,,,,,,,,,,0.8846,2022-07-25T08:42:00+00:00,970,2046
trade,2022-07-27,MSFT,Long,2022-07-27T13:36:00+00:00,2022-07-27T15:37:00+00:00,262.8238,264.0158,1.14,1.36,0.004535,7260000,MaxHoldTimeout,0.6008,0.2747,0.5888,0.5573,0.6917,0.5518,0.0600,0.6117,,,
summary,2022-07-27,MSFT,,,,,,,1.36,,1,,,,,,,,,,0.9105,2022-07-26T22:08:00+00:00,1043,1983
trade,2022-07-28,SPY,Long,2022-07-28T14:46:00+00:00,2022-07-28T15:56:00+00:00,399.9449,403.9438,0.75,3.00,0.009998,4200000,SessionClose,0.3859,0.1495,0.4837,0.3565,0.4120,-0.1289,0.0187,0.5040,,,
summary,2022-07-28,SPY,,,,,,,3.00,,1,,,,,,,,,,0.5480,2022-07-27T19:04:00+00:00,1573,2964
summary,2022-07-28,QQQ,,,,,,,0.00,,0,,,,,,,,,,0.5596,2022-07-27T18:44:00+00:00,1497,3049
summary,2022-07-28,AAPL,,,,,,,0.00,,0,,,,,,,,,,0.5896,2022-07-25T13:32:00+00:00,1369,2860
summary,2022-07-28,NVDA,,,,,,,0.00,,0,,,,,,,,,,0.9315,2022-07-25T13:46:00+00:00,1648,2588
trade,2022-07-28,MSFT,Long,2022-07-28T14:56:00+00:00,2022-07-28T15:56:00+00:00,272.5156,274.3427,1.10,2.01,0.006704,3600000,SessionClose,0.5383,0.0905,0.5482,0.4946,0.6225,-0.0055,-0.1421,0.5879,,,
summary,2022-07-28,MSFT,,,,,,,2.01,,1,,,,,,,,,,0.9518,2022-07-26T22:08:00+00:00,1446,2476
trade,2022-07-29,SPY,Long,2022-07-29T13:47:00+00:00,2022-07-29T14:56:00+00:00,408.7276,410.0220,0.73,0.95,0.003167,4140000,ScoreExit,0.3589,-0.0635,0.4311,0.3332,0.3864,-0.5335,-0.2053,0.3768,,,
summary,2022-07-29,SPY,,,,,,,0.95,,1,,,,,,,,,,0.6028,2022-07-26T22:09:00+00:00,2140,2953
trade,2022-07-29,QQQ,Long,2022-07-29T13:51:00+00:00,2022-07-29T14:56:00+00:00,312.9439,313.4709,0.96,0.51,0.001684,3900000,ScoreExit,0.3618,-0.0940,0.4669,0.3478,0.3549,-0.5570,-0.2267,0.3258,,,
summary,2022-07-29,QQQ,,,,,,,0.51,,1,,,,,,,,,,0.6517,2022-07-26T22:09:00+00:00,2229,3080
trade,2022-07-29,AAPL,Long,2022-07-29T13:46:00+00:00,2022-07-29T15:01:00+00:00,162.4212,162.3963,1.85,-0.05,-0.000154,4500000,ScoreExit,0.4898,-0.0891,0.6011,0.4542,0.5239,-0.5313,-0.3083,0.4967,,,
summary,2022-07-29,AAPL,,,,,,,-0.05,,1,,,,,,,,,,0.7374,2022-07-28T20:38:00+00:00,2276,2968
summary,2022-07-29,NVDA,,,,,,,0.00,,0,,,,,,,,,,0.8857,2022-07-26T13:56:00+00:00,1872,2659
trade,2022-07-29,MSFT,Long,2022-07-29T13:46:00+00:00,2022-07-29T15:01:00+00:00,278.3785,279.4112,1.08,1.11,0.003710,4500000,ScoreExit,0.4670,-0.0919,0.5238,0.4185,0.5449,-0.5118,-0.3113,0.4870,,,
summary,2022-07-29,MSFT,,,,,,,1.11,,1,,,,,,,,,,0.9748,2022-07-26T22:08:00+00:00,1910,2589
trade,2022-08-01,SPY,Long,2022-08-01T14:07:00+00:00,2022-08-01T14:26:00+00:00,412.6488,410.5018,0.73,-1.56,-0.005203,1140000,ScoreExit,0.4619,-0.0708,0.4937,0.4887,0.3978,-0.5776,-0.0646,0.0858,,,
summary,2022-08-01,SPY,,,,,,,-1.56,,1,,,,,,,,,,0.8733,2022-07-29T14:27:00+00:00,705,1101
trade,2022-08-01,QQQ,Long,2022-08-01T13:46:00+00:00,2022-08-01T15:47:00+00:00,314.9395,317.9296,0.95,2.85,0.009494,7260000,MaxHoldTimeout,0.3863,0.3026,0.4794,0.3657,0.3964,0.5692,0.1134,0.5920,,,
summary,2022-08-01,QQQ,,,,,,,2.85,,1,,,,,,,,,,0.9514,2022-07-29T14:44:00+00:00,836,1126
trade,2022-08-01,AAPL,Long,2022-08-01T13:43:00+00:00,2022-08-01T15:44:00+00:00,162.7188,162.9111,1.84,0.35,0.001182,7260000,MaxHoldTimeout,0.4431,0.1383,0.5271,0.4589,0.3834,0.1757,-0.0535,0.5094,,,
summary,2022-08-01,AAPL,,,,,,,0.35,,1,,,,,,,,,,1.0000,2022-07-29T13:40:00+00:00,571,1098
trade,2022-08-01,NVDA,Long,2022-08-01T13:53:00+00:00,2022-08-01T15:54:00+00:00,184.4503,186.0692,1.63,2.63,0.008777,7260000,MaxHoldTimeout,0.6400,0.1321,0.6218,0.6117,0.7028,0.1550,-0.2506,0.8899,,,
summary,2022-08-01,NVDA,,,,,,,2.63,,1,,,,,,,,,,1.0000,2022-07-29T13:31:00+00:00,805,1021
trade,2022-08-01,MSFT,Long,2022-08-01T14:54:00+00:00,2022-08-01T15:56:00+00:00,280.6590,280.1410,1.07,-0.55,-0.001845,3720000,SessionClose,0.4734,-0.0333,0.5526,0.4954,0.4032,-0.4835,-0.1156,0.2814,,,
summary,2022-08-01,MSFT,,,,,,,-0.55,,1,,,,,,,,,,0.8985,2022-07-29T14:27:00+00:00,455,950
summary,2022-08-02,SPY,,,,,,,0.00,,0,,,,,,,,,,0.6918,2022-08-01T09:34:00+00:00,528,1454
summary,2022-08-02,QQQ,,,,,,,0.00,,0,,,,,,,,,,0.6927,2022-08-01T14:05:00+00:00,666,1510
summary,2022-08-02,AAPL,,,,,,,0.00,,0,,,,,,,,,,0.6582,2022-08-01T13:48:00+00:00,355,1388
trade,2022-08-02,NVDA,Long,2022-08-02T14:51:00+00:00,2022-08-02T15:56:00+00:00,184.9259,185.3087,1.62,0.62,0.002070,3900000,SessionClose,0.5669,0.2503,0.6135,0.5809,0.5234,-0.2203,0.1350,0.6380,,,
summary,2022-08-02,NVDA,,,,,,,0.62,,1,,,,,,,,,,0.8501,2022-08-01T14:13:00+00:00,704,1248
summary,2022-08-02,MSFT,,,,,,,0.00,,0,,,,,,,,,,0.6535,2022-08-01T14:53:00+00:00,268,1058
summary,2022-08-03,SPY,,,,,,,0.00,,0,,,,,,,,,,0.6918,2022-08-01T09:34:00+00:00,983,2274
trade,2022-08-03,QQQ,Long,2022-08-03T13:35:00+00:00,2022-08-03T15:36:00+00:00,317.3252,320.7573,0.95,3.25,0.010816,7260000,MaxHoldTimeout,0.3633,0.4339,0.4311,0.3380,0.3911,0.5569,0.3916,0.4776,,,
summary,2022-08-03,QQQ,,,,,,,3.25,,1,,,,,,,,,,0.6927,2022-08-01T14:05:00+00:00,1193,2366
trade,2022-08-03,AAPL,Long,2022-08-03T13:36:00+00:00,2022-08-03T15:37:00+00:00,162.0101,164.4357,1.85,4.49,0.014972,7260000,MaxHoldTimeout,0.4138,0.2734,0.5004,0.4137,0.3849,-0.3361,0.2409,0.5415,,,
summary,2022-08-03,AAPL,,,,,,,4.49,,1,,,,,,,,,,0.6582,2022-08-01T13:48:00+00:00,853,2168
summary,2022-08-03,NVDA,,,,,,,0.00,,0,,,,,,,,,,0.8501,2022-08-01T14:13:00+00:00,1070,2013
trade,2022-08-03,MSFT,Long,2022-08-03T13:56:00+00:00,2022-08-03T15:56:00+00:00,278.6186,280.9507,1.08,2.51,0.008370,7200000,SessionClose,0.3613,0.3841,0.4750,0.3362,0.3735,0.2252,0.3479,0.5094,,,
summary,2022-08-03,MSFT,,,,,,,2.51,,1,,,,,,,,,,0.6535,2022-08-01T14:53:00+00:00,684,1602
summary,2022-08-04,SPY,,,,,,,0.00,,0,,,,,,,,,,0.9576,2022-08-01T14:53:00+00:00,1361,2880
summary,2022-08-04,QQQ,,,,,,,0.00,,0,,,,,,,,,,0.9574,2022-08-01T14:45:00+00:00,1680,2990
summary,2022-08-04,AAPL,,,,,,,0.00,,0,,,,,,,,,,1.0000,2022-08-01T13:40:00+00:00,1265,2721
trade,2022-08-04,NVDA,Long,2022-08-04T13:42:00+00:00,2022-08-04T14:31:00+00:00,189.3618,189.2507,1.58,-0.18,-0.000587,2940000,ScoreExit,0.4682,-0.1533,0.4142,0.4553,0.5119,-0.5218,-0.3515,0.3659,,,
summary,2022-08-04,NVDA,,,,,,,-0.18,,1,,,,,,,,,,1.0000,2022-08-01T13:41:00+00:00,1504,2555
summary,2022-08-04,MSFT,,,,,,,0.00,,0,,,,,,,,,,0.9569,2022-08-01T14:55:00+00:00,1051,2084
summary,2022-08-05,SPY,,,,,,,0.00,,0,,,,,,,,,,0.9563,2022-08-02T14:53:00+00:00,1767,2815
summary,2022-08-05,QQQ,,,,,,,0.00,,0,,,,,,,,,,0.9593,2022-08-02T14:53:00+00:00,2039,2910
summary,2022-08-05,AAPL,,,,,,,0.00,,0,,,,,,,,,,0.9567,2022-08-02T14:44:00+00:00,1832,2654
trade,2022-08-05,NVDA,Long,2022-08-05T14:06:00+00:00,2022-08-05T15:01:00+00:00,189.5820,190.0080,1.58,0.67,0.002247,3300000,ScoreExit,0.4868,-0.1893,0.4835,0.5346,0.3924,-0.5767,-0.2767,0.1148,,,
summary,2022-08-05,NVDA,,,,,,,0.67,,1,,,,,,,,,,1.0000,2022-08-02T13:31:00+00:00,1787,2508
summary,2022-08-05,MSFT,,,,,,,0.00,,0,,,,,,,,,,0.9433,2022-08-02T14:54:00+00:00,1506,2089
trade,2022-08-08,SPY,Long,2022-08-08T13:52:00+00:00,2022-08-08T15:08:00+00:00,417.4402,416.7399,0.72,-0.50,-0.001677,4560000,MaxHoldTimeout,0.4435,0.0623,0.5427,0.3987,0.5001,-0.0480,-0.1016,0.4268,,,
summary,2022-08-08,SPY,,,,,,,-0.50,,1,,,,,,,,,,0.8899,2022-08-05T14:15:00+00:00,764,1125
trade,2022-08-08,QQQ,Long,2022-08-08T13:51:00+00:00,2022-08-08T14:48:00+00:00,326.0028,324.4676,0.92,-1.41,-0.004709,3420000,ScoreExit,0.5448,-0.0712,0.5756,0.5151,0.5940,-0.5723,-0.2878,0.5291,,,
summary,2022-08-08,QQQ,,,,,,,-1.41,,1,,,,,,,,,,0.8971,2022-08-05T14:13:00+00:00,588,1125
summary,2022-08-08,AAPL,,,,,,,0.00,,0,,,,,,,,,,0.9628,2022-08-05T13:38:00+00:00,623,1078
summary,2022-08-08,NVDA,,,,,,,0.00,,0,,,,,,,,,,0.9055,2022-08-05T14:13:00+00:00,482,1007
summary,2022-08-08,MSFT,,,,,,,0.00,,0,,,,,,,,,,0.8946,2022-08-05T14:02:00+00:00,462,911
summary,2022-08-09,SPY,,,,,,,0.00,,0,,,,,,,,,,0.4722,2022-08-08T13:50:00+00:00,319,1446
summary,2022-08-09,QQQ,,,,,,,0.00,,0,,,,,,,,,,0.6674,2022-08-08T13:50:00+00:00,239,1513
summary,2022-08-09,AAPL,,,,,,,0.00,,0,,,,,,,,,,0.6074,2022-08-08T13:51:00+00:00,350,1339
summary,2022-08-09,NVDA,,,,,,,0.00,,0,,,,,,,,,,0.7599,2022-08-08T19:39:00+00:00,323,1402
summary,2022-08-09,MSFT,,,,,,,0.00,,0,,,,,,,,,,0.7731,2022-08-08T10:54:00+00:00,356,1045
summary,2022-08-10,SPY,,,,,,,0.00,,0,,,,,,,,,,0.5992,2022-08-10T12:35:00+00:00,744,2241
summary,2022-08-10,QQQ,,,,,,,0.00,,0,,,,,,,,,,0.6674,2022-08-08T13:50:00+00:00,644,2372
summary,2022-08-10,AAPL,,,,,,,0.00,,0,,,,,,,,,,0.6074,2022-08-08T13:51:00+00:00,856,2065
summary,2022-08-10,NVDA,,,,,,,0.00,,0,,,,,,,,,,0.7743,2022-08-10T12:48:00+00:00,752,2131
summary,2022-08-10,MSFT,,,,,,,0.00,,0,,,,,,,,,,0.7731,2022-08-08T10:54:00+00:00,852,1632
trade,2022-08-11,SPY,Long,2022-08-11T14:11:00+00:00,2022-08-11T15:01:00+00:00,424.1122,423.3180,0.71,-0.56,-0.001873,3000000,ScoreExit,0.3732,-0.1163,0.3559,0.3413,0.4428,-0.3820,-0.2979,0.3356,,,
summary,2022-08-11,SPY,,,,,,,-0.56,,1,,,,,,,,,,0.6017,2022-08-10T12:35:00+00:00,1222,2849
summary,2022-08-11,QQQ,,,,,,,0.00,,0,,,,,,,,,,0.9214,2022-08-08T13:44:00+00:00,1065,2955
trade,2022-08-11,AAPL,Long,2022-08-11T14:16:00+00:00,2022-08-11T14:48:00+00:00,170.7862,169.8040,1.76,-1.73,-0.005751,1920000,ScoreExit,0.3885,-0.0558,0.3611,0.3540,0.4666,-0.5133,-0.2408,0.4666,,,
summary,2022-08-11,AAPL,,,,,,,-1.73,,1,,,,,,,,,,0.9344,2022-08-08T13:44:00+00:00,1408,2612
trade,2022-08-11,NVDA,Long,2022-08-11T14:01:00+00:00,2022-08-11T15:01:00+00:00,185.4406,184.5496,1.62,-1.44,-0.004805,3600000,ScoreExit,0.6663,-0.0811,0.5794,0.6742,0.6795,-0.2048,-0.3435,0.4851,,,
summary,2022-08-11,NVDA,,,,,,,-1.44,,1,,,,,,,,,,1.0000,2022-08-08T13:32:00+00:00,1254,2690
summary,2022-08-11,MSFT,,,,,,,0.00,,0,,,,,,,,,,1.0000,2022-08-08T13:39:00+00:00,1159,2131
summary,2022-08-12,SPY,,,,,,,0.00,,0,,,,,,,,,,0.6432,2022-08-10T12:35:00+00:00,2070,2857
summary,2022-08-12,QQQ,,,,,,,0.00,,0,,,,,,,,,,0.7152,2022-08-10T12:31:00+00:00,2104,2942
summary,2022-08-12,AAPL,,,,,,,0.00,,0,,,,,,,,,,0.7033,2022-08-09T14:49:00+00:00,2178,2624
trade,2022-08-12,NVDA,Long,2022-08-12T13:52:00+00:00,2022-08-12T15:52:00+00:00,182.8114,184.0598,1.64,2.05,0.006829,7200000,ScoreExit,0.3623,-0.0658,0.3885,0.3284,0.4214,-0.5675,-0.2346,0.4390,,,
summary,2022-08-12,NVDA,,,,,,,2.05,,1,,,,,,,,,,0.9339,2022-08-09T13:41:00+00:00,1760,2517
summary,2022-08-12,MSFT,,,,,,,0.00,,0,,,,,,,,,,0.9553,2022-08-09T14:48:00+00:00,1674,2114
trade,2022-08-15,SPY,Long,2022-08-15T13:52:00+00:00,2022-08-15T14:21:00+00:00,426.2728,425.7272,0.70,-0.38,-0.001280,1740000,ScoreExit,0.4277,-0.0532,0.4926,0.4550,0.3514,-0.4948,-0.1321,0.2519,,,
summary,2022-08-15,SPY,,,,,,,-0.38,,1,,,,,,,,,,0.6331,2022-08-12T15:02:00+00:00,927,1164
trade,2022-08-15,QQQ,Long,2022-08-15T13:31:00+00:00,2022-08-15T14:21:00+00:00,330.2240,329.8852,0.91,-0.31,-0.001026,3000000,ScoreExit,0.4537,-0.0724,0.5434,0.4237,0.4836,-0.4803,-0.2138,0.3464,,,
summary,2022-08-15,QQQ,,,,,,,-0.31,,1,,,,,,,,,,0.7167,2022-08-12T14:19:00+00:00,961,1139
trade,2022-08-15,AAPL,Long,2022-08-15T13:36:00+00:00,2022-08-15T14:51:00+00:00,171.8588,171.8634,1.75,0.01,0.000027,4500000,ScoreExit,0.4071,-0.0540,0.4386,0.4093,0.3923,-0.5621,-0.1798,0.3671,,,
summary,2022-08-15,AAPL,,,,,,,0.01,,1,,,,,,,,,,0.8880,2022-08-12T15:04:00+00:00,931,1104
trade,2022-08-15,NVDA,Long,2022-08-15T13:35:00+00:00,2022-08-15T14:21:00+00:00,189.9120,186.6390,1.58,-5.17,-0.017234,2760000,ScoreExit,0.7063,-0.1226,0.6664,0.6678,0.7965,-0.5110,-0.4215,0.6048,,,
summary,2022-08-15,NVDA,,,,,,,-5.17,,1,,,,,,,,,,1.0000,2022-08-12T13:40:00+00:00,966,1034
trade,2022-08-15,MSFT,Long,2022-08-15T13:33:00+00:00,2022-08-15T13:43:00+00:00,291.4724,290.8877,1.03,-0.60,-0.002006,600000,ScoreExit,0.3542,-0.0560,0.2496,0.3569,0.3838,-0.4618,-0.1681,0.3034,,,
summary,2022-08-15,MSFT,,,,,,,-0.60,,1,,,,,,,,,,0.6251,2022-08-12T14:19:00+00:00,746,917
summary,2022-08-16,SPY,,,,,,,0.00,,0,,,,,,,,,,0.5708,2022-08-15T15:53:00+00:00,945,1462
summary,2022-08-16,QQQ,,,,,,,0.00,,0,,,,,,,,,,0.6302,2022-08-15T15:48:00+00:00,904,1445
summary,2022-08-16,AAPL,,,,,,,0.00,,0,,,,,,,,,,0.6165,2022-08-15T15:48:00+00:00,907,1361
summary,2022-08-16,NVDA,,,,,,,0.00,,0,,,,,,,,,,0.7657,2022-08-15T13:34:00+00:00,752,1206
summary,2022-08-16,MSFT,,,,,,,0.00,,0,,,,,,,,,,0.7530,2022-08-15T10:10:00+00:00,674,1037
summary,2022-08-17,SPY,,,,,,,0.00,,0,,,,,,,,,,0.5708,2022-08-15T15:53:00+00:00,1075,2300
summary,2022-08-17,QQQ,,,,,,,0.00,,0,,,,,,,,,,0.6302,2022-08-15T15:48:00+00:00,1021,2267
trade,2022-08-17,AAPL,Long,2022-08-17T13:47:00+00:00,2022-08-17T14:36:00+00:00,173.9153,173.7429,1.73,-0.30,-0.000991,2940000,ScoreExit,0.3990,-0.0900,0.4413,0.4396,0.3038,-0.3871,-0.1837,0.1965,,,
summary,2022-08-17,AAPL,,,,,,,-0.30,,1,,,,,,,,,,0.6165,2022-08-15T15:48:00+00:00,1388,2194
summary,2022-08-17,NVDA,,,,,,,0.00,,0,,,,,,,,,,0.7657,2022-08-15T13:34:00+00:00,806,1870
summary,2022-08-17,MSFT,,,,,,,0.00,,0,,,,,,,,,,0.7530,2022-08-15T10:10:00+00:00,881,1603
summary,2022-08-18,SPY,,,,,,,0.00,,0,,,,,,,,,,0.6333,2022-08-15T13:58:00+00:00,1118,2850
summary,2022-08-18,QQQ,,,,,,,0.00,,0,,,,,,,,,,0.7136,2022-08-15T13:58:00+00:00,1053,2860
summary,2022-08-18,AAPL,,,,,,,0.00,,0,,,,,,,,,,0.6594,2022-08-15T15:48:00+00:00,1811,2829
trade,2022-08-18,NVDA,Long,2022-08-18T14:53:00+00:00,2022-08-18T15:56:00+00:00,186.4709,188.4684,1.61,3.22,0.010712,3780000,SessionClose,0.4239,0.2295,0.3728,0.4677,0.3534,0.5469,-0.0020,0.5867,,,
summary,2022-08-18,NVDA,,,,,,,3.22,,1,,,,,,,,,,1.0000,2022-08-15T13:33:00+00:00,1083,2426
summary,2022-08-18,MSFT,,,,,,,0.00,,0,,,,,,,,,,0.7824,2022-08-15T13:56:00+00:00,841,2056
summary,2022-08-19,SPY,,,,,,,0.00,,0,,,,,,,,,,0.6251,2022-08-16T15:54:00+00:00,685,2883
summary,2022-08-19,QQQ,,,,,,,0.00,,0,,,,,,,,,,0.6999,2022-08-16T15:54:00+00:00,668,2921
summary,2022-08-19,AAPL,,,,,,,0.00,,0,,,,,,,,,,0.6399,2022-08-16T15:19:00+00:00,1432,2899
summary,2022-08-19,NVDA,,,,,,,0.00,,0,,,,,,,,,,0.7305,2022-08-16T13:32:00+00:00,830,2465
summary,2022-08-19,MSFT,,,,,,,0.00,,0,,,,,,,,,,0.6793,2022-08-16T15:54:00+00:00,564,2058
summary,2022-08-22,SPY,,,,,,,0.00,,0,,,,,,,,,,0.3063,2022-08-19T16:39:00+00:00,36,1179
summary,2022-08-22,QQQ,,,,,,,0.00,,0,,,,,,,,,,0.2799,2022-08-19T17:04:00+00:00,12,1152
summary,2022-08-22,AAPL,,,,,,,0.00,,0,,,,,,,,,,0.3810,2022-08-19T17:04:00+00:00,24,1172
summary,2022-08-22,NVDA,,,,,,,0.00,,0,,,,,,,,,,0.7849,2022-08-19T13:31:00+00:00,76,1064
summary,2022-08-22,MSFT,,,,,,,0.00,,0,,,,,,,,,,0.4656,2022-08-19T13:32:00+00:00,8,970
summary,2022-08-23,SPY,,,,,,,0.00,,0,,,,,,,,,,0.3554,2022-08-23T14:09:00+00:00,322,1517
summary,2022-08-23,QQQ,,,,,,,0.00,,0,,,,,,,,,,0.4218,2022-08-23T14:10:00+00:00,430,1523
summary,2022-08-23,AAPL,,,,,,,0.00,,0,,,,,,,,,,0.5148,2022-08-22T13:29:00+00:00,405,1451
trade,2022-08-23,NVDA,Long,2022-08-23T13:38:00+00:00,2022-08-23T14:54:00+00:00,172.1362,172.3733,1.74,0.41,0.001377,4560000,ScoreExit,0.4108,-0.1119,0.4369,0.4148,0.3940,-0.4959,-0.2695,0.3312,,,
summary,2022-08-23,NVDA,,,,,,,0.41,,1,,,,,,,,,,0.5911,2022-08-23T13:50:00+00:00,385,1291
summary,2022-08-23,MSFT,,,,,,,0.00,,0,,,,,,,,,,0.4201,2022-08-22T13:29:00+00:00,88,1082
summary,2022-08-24,SPY,,,,,,,0.00,,0,,,,,,,,,,0.3554,2022-08-23T14:09:00+00:00,513,2310
summary,2022-08-24,QQQ,,,,,,,0.00,,0,,,,,,,,,,0.4218,2022-08-23T14:10:00+00:00,656,2329
summary,2022-08-24,AAPL,,,,,,,0.00,,0,,,,,,,,,,0.5148,2022-08-22T13:29:00+00:00,578,2191
summary,2022-08-24,NVDA,,,,,,,0.00,,0,,,,,,,,,,0.5911,2022-08-23T13:50:00+00:00,619,1965
summary,2022-08-24,MSFT,,,,,,,0.00,,0,,,,,,,,,,0.4201,2022-08-22T13:29:00+00:00,88,1624
trade,2022-08-25,SPY,Long,2022-08-25T14:15:00+00:00,2022-08-25T15:01:00+00:00,416.7200,416.8399,0.72,0.09,0.000288,2760000,ScoreExit,0.3514,-0.0647,0.2653,0.3754,0.3319,-0.5221,-0.1591,0.2766,,,
summary,2022-08-25,SPY,,,,,,,0.09,,1,,,,,,,,,,0.4693,2022-08-25T08:01:00+00:00,953,2835
trade,2022-08-25,QQQ,Long,2022-08-25T14:08:00+00:00,2022-08-25T15:01:00+00:00,318.0804,318.3895,0.94,0.29,0.000972,3180000,ScoreExit,0.3619,-0.0875,0.4141,0.3787,0.3110,-0.5098,-0.1861,0.2506,,,
summary,2022-08-25,QQQ,,,,,,,0.29,,1,,,,,,,,,,0.4843,2022-08-25T08:01:00+00:00,1108,2915
trade,2022-08-25,AAPL,Long,2022-08-25T13:31:00+00:00,2022-08-25T14:29:00+00:00,169.0557,169.1741,1.77,0.21,0.000701,3480000,ScoreExit,0.3796,-0.0503,0.4613,0.3668,0.3780,-0.5580,-0.1494,0.3171,,,
summary,2022-08-25,AAPL,,,,,,,0.21,,1,,,,,,,,,,0.4364,2022-08-25T08:01:00+00:00,1010,2681
summary,2022-08-25,NVDA,,,,,,,0.00,,0,,,,,,,,,,0.9176,2022-08-22T13:45:00+00:00,1100,2678
summary,2022-08-25,MSFT,,,,,,,0.00,,0,,,,,,,,,,0.4432,2022-08-25T19:59:00+00:00,263,2047
summary,2022-08-26,SPY,,,,,,,0.00,,0,,,,,,,,,,0.7181,2022-08-23T14:10:00+00:00,1317,2843
summary,2022-08-26,QQQ,,,,,,,0.00,,0,,,,,,,,,,0.8990,2022-08-23T14:10:00+00:00,1406,2913
summary,2022-08-26,AAPL,,,,,,,0.00,,0,,,,,,,,,,0.7857,2022-08-23T14:11:00+00:00,1366,2639
summary,2022-08-26,NVDA,,,,,,,0.00,,0,,,,,,,,,,1.0000,2022-08-23T13:32:00+00:00,1189,2713
summary,2022-08-26,MSFT,,,,,,,0.00,,0,,,,,,,,,,0.8420,2022-08-23T14:11:00+00:00,779,2059
summary,2022-08-29,SPY,,,,,,,0.00,,0,,,,,,,,,,0.7474,2022-08-26T14:09:00+00:00,20,1196
summary,2022-08-29,QQQ,,,,,,,0.00,,0,,,,,,,,,,0.9163,2022-08-26T14:09:00+00:00,18,1199
summary,2022-08-29,AAPL,,,,,,,0.00,,0,,,,,,,,,,0.7981,2022-08-26T14:09:00+00:00,15,1178
summary,2022-08-29,NVDA,,,,,,,0.00,,0,,,,,,,,,,0.9232,2022-08-26T14:09:00+00:00,170,1119
summary,2022-08-29,MSFT,,,,,,,0.00,,0,,,,,,,,,,0.7842,2022-08-26T14:09:00+00:00,25,991
summary,2022-08-30,SPY,,,,,,,0.00,,0,,,,,,,,,,0.5755,2022-08-29T16:50:00+00:00,656,1571
summary,2022-08-30,QQQ,,,,,,,0.00,,0,,,,,,,,,,0.5930,2022-08-29T13:34:00+00:00,659,1566
summary,2022-08-30,AAPL,,,,,,,0.00,,0,,,,,,,,,,0.7184,2022-08-29T08:00:00+00:00,624,1470
summary,2022-08-30,NVDA,,,,,,,0.00,,0,,,,,,,,,,0.7321,2022-08-29T13:33:00+00:00,240,1395
summary,2022-08-30,MSFT,,,,,,,0.00,,0,,,,,,,,,,1.0000,2022-08-29T08:00:00+00:00,351,1083
summary,2022-08-31,SPY,,,,,,,0.00,,0,,,,,,,,,,0.5755,2022-08-29T16:50:00+00:00,709,2425
summary,2022-08-31,QQQ,,,,,,,0.00,,0,,,,,,,,,,0.5930,2022-08-29T13:34:00+00:00,811,2407
summary,2022-08-31,AAPL,,,,,,,0.00,,0,,,,,,,,,,0.7184,2022-08-29T08:00:00+00:00,706,2264
summary,2022-08-31,NVDA,,,,,,,0.00,,0,,,,,,,,,,0.7321,2022-08-29T13:33:00+00:00,240,2118
summary,2022-08-31,MSFT,,,,,,,0.00,,0,,,,,,,,,,1.0000,2022-08-29T08:00:00+00:00,507,1632
summary,2022-09-01,SPY,,,,,,,0.00,,0,,,,,,,,,,0.6170,2022-08-29T14:17:00+00:00,559,3009
summary,2022-09-01,QQQ,,,,,,,0.00,,0,,,,,,,,,,0.9714,2022-08-29T13:36:00+00:00,637,3021
summary,2022-09-01,AAPL,,,,,,,0.00,,0,,,,,,,,,,1.0000,2022-08-29T13:34:00+00:00,642,2834
summary,2022-09-01,NVDA,,,,,,,0.00,,0,,,,,,,,,,1.0000,2022-08-29T13:31:00+00:00,231,2792
summary,2022-09-01,MSFT,,,,,,,0.00,,0,,,,,,,,,,0.9321,2022-08-29T13:36:00+00:00,529,2156
trade,2022-09-02,SPY,Long,2022-09-02T14:31:00+00:00,2022-09-02T15:56:00+00:00,400.6852,401.1646,0.75,0.36,0.001197,5100000,SessionClose,0.4200,0.2406,0.5398,0.3913,0.4376,0.5432,0.0825,0.4559,,,
summary,2022-09-02,SPY,,,,,,,0.36,,1,,,,,,,,,,0.4556,2022-09-02T12:37:00+00:00,791,2946
trade,2022-09-02,QQQ,Long,2022-09-02T14:29:00+00:00,2022-09-02T15:45:00+00:00,302.3057,302.0943,0.99,-0.21,-0.000699,4560000,MaxHoldTimeout,0.3815,-0.0128,0.4371,0.3518,0.4224,-0.2211,-0.2094,0.4499,,,
summary,2022-09-02,QQQ,,,,,,,-0.21,,1,,,,,,,,,,0.4709,2022-08-31T10:51:00+00:00,933,3044
trade,2022-09-02,AAPL,Long,2022-09-02T14:35:00+00:00,2022-09-02T14:53:00+00:00,160.3531,159.3622,1.87,-1.85,-0.006180,1080000,ScoreExit,0.3803,-0.0743,0.4677,0.3852,0.3413,-0.5574,-0.2016,0.3413,,,
summary,2022-09-02,AAPL,,,,,,,-1.85,,1,,,,,,,,,,0.4483,2022-09-02T12:33:00+00:00,848,2835
summary,2022-09-02,NVDA,,,,,,,0.00,,0,,,,,,,,,,0.5581,2022-08-30T13:33:00+00:00,289,2853
trade,2022-09-02,MSFT,Long,2022-09-02T14:31:00+00:00,2022-09-02T15:42:00+00:00,263.6541,263.2960,1.14,-0.41,-0.001358,4260000,ScoreExit,0.4692,-0.0597,0.5349,0.4767,0.4324,-0.5658,-0.2090,0.4077,,,
summary,2022-09-02,MSFT,,,,,,,-0.41,,1,,,,,,,,,,0.4804,2022-08-31T10:50:00+00:00,636,2204
summary,2022-09-05,SPY,,,,,,,0.00,,0,,,,,,,,,,0.9541,2022-09-02T14:42:00+00:00,120,490
summary,2022-09-05,QQQ,,,,,,,0.00,,0,,,,,,,,,,0.9520,2022-09-02T14:42:00+00:00,117,483
summary,2022-09-05,AAPL,,,,,,,0.00,,0,,,,,,,,,,0.8888,2022-09-02T14:32:00+00:00,97,496
summary,2022-09-05,NVDA,,,,,,,0.00,,0,,,,,,,,,,0.9527,2022-09-02T14:42:00+00:00,111,479
summary,2022-09-05,MSFT,,,,,,,0.00,,0,,,,,,,,,,0.9545,2022-09-02T14:40:00+00:00,130,443
trade,2022-09-06,SPY,Long,2022-09-06T14:51:00+00:00,2022-09-06T15:56:00+00:00,392.2526,393.4569,0.77,0.92,0.003070,3900000,SessionClose,0.4469,0.3811,0.5309,0.4231,0.4664,0.3284,0.1270,0.9069,,,
summary,2022-09-06,SPY,,,,,,,0.92,,1,,,,,,,,,,0.6720,2022-09-06T15:08:00+00:00,212,656
summary,2022-09-06,QQQ,,,,,,,0.00,,0,,,,,,,,,,0.6697,2022-09-06T15:08:00+00:00,232,685
summary,2022-09-06,AAPL,,,,,,,0.00,,0,,,,,,,,,,0.6201,2022-09-06T15:08:00+00:00,239,640
trade,2022-09-06,NVDA,Long,2022-09-06T14:51:00+00:00,2022-09-06T15:56:00+00:00,135.6107,137.4038,2.21,3.97,0.013222,3900000,SessionClose,0.4013,0.4893,0.4755,0.3849,0.4093,0.3750,0.2530,1.0000,,,
summary,2022-09-06,NVDA,,,,,,,3.97,,1,,,,,,,,,,0.6837,2022-09-06T15:08:00+00:00,170,577
trade,2022-09-06,MSFT,Long,2022-09-06T14:52:00+00:00,2022-09-06T15:56:00+00:00,256.0268,256.3381,1.17,0.36,0.001216,3840000,SessionClose,0.4719,0.2079,0.5039,0.4375,0.5298,0.2026,-0.0176,0.6605,,,
summary,2022-09-06,MSFT,,,,,,,0.36,,1,,,,,,,,,,0.6371,2022-09-06T14:57:00+00:00,102,499
summary,2022-09-07,SPY,,,,,,,0.00,,0,,,,,,,,,,0.6720,2022-09-06T15:08:00+00:00,803,1493
trade,2022-09-07,QQQ,Long,2022-09-07T13:34:00+00:00,2022-09-07T14:11:00+00:00,294.3433,294.0967,1.02,-0.25,-0.000838,2220000,ScoreExit,0.3927,-0.0929,0.4375,0.4337,0.2958,-0.4157,-0.2235,0.2758,,,
summary,2022-09-07,QQQ,,,,,,,-0.25,,1,,,,,,,,,,0.6697,2022-09-06T15:08:00+00:00,792,1504
trade,2022-09-07,AAPL,Long,2022-09-07T13:36:00+00:00,2022-09-07T14:06:00+00:00,155.3816,155.1884,1.93,-0.37,-0.001243,1800000,ScoreExit,0.3627,-0.1091,0.3403,0.4127,0.2701,-0.2157,-0.1852,0.0787,,,
summary,2022-09-07,AAPL,,,,,,,-0.37,,1,,,,,,,,,,0.6201,2022-09-06T15:08:00+00:00,756,1424
summary,2022-09-07,NVDA,,,,,,,0.00,,0,,,,,,,,,,0.6837,2022-09-06T15:08:00+00:00,515,1272
trade,2022-09-07,MSFT,Long,2022-09-07T13:39:00+00:00,2022-09-07T14:06:00+00:00,255.3616,254.7386,1.18,-0.73,-0.002440,1620000,ScoreExit,0.3993,-0.1401,0.4926,0.3882,0.3903,-0.2783,-0.3041,0.2341,,,
summary,2022-09-07,MSFT,,,,,,,-0.73,,1,,,,,,,,,,0.6371,2022-09-06T14:57:00+00:00,520,1075
trade,2022-09-08,SPY,Long,2022-09-08T14:17:00+00:00,2022-09-08T15:48:00+00:00,397.0991,399.4051,0.76,1.74,0.005807,5460000,ScoreExit,0.4239,-0.0782,0.4458,0.4608,0.3430,-0.4248,-0.2143,0.3095,,,
summary,2022-09-08,SPY,,,,,,,1.74,,1,,,,,,,,,,0.6720,2022-09-06T15:08:00+00:00,1364,2320
trade,2022-09-08,QQQ,Long,2022-09-08T14:17:00+00:00,2022-09-08T15:46:00+00:00,298.2919,300.5748,1.01,2.30,0.007653,5340000,ScoreExit,0.4153,-0.0601,0.4220,0.4376,0.3685,-0.1239,-0.2371,0.3153,,,
summary,2022-09-08,QQQ,,,,,,,2.30,,1,,,,,,,,,,0.6697,2022-09-06T15:08:00+00:00,1360,2341
summary,2022-09-08,AAPL,,,,,,,0.00,,0,,,,,,,,,,0.6201,2022-09-06T15:08:00+00:00,1023,2215
trade,2022-09-08,NVDA,Long,2022-09-08T14:17:00+00:00,2022-09-08T15:56:00+00:00,137.4662,138.7034,2.19,2.70,0.009000,5940000,SessionClose,0.5645,0.0564,0.6049,0.6098,0.4605,0.0337,-0.1309,0.4384,,,
summary,2022-09-08,NVDA,,,,,,,2.70,,1,,,,,,,,,,0.6837,2022-09-06T15:08:00+00:00,1000,1957
trade,2022-09-08,MSFT,Long,2022-09-08T14:29:00+00:00,2022-09-08T15:38:00+00:00,257.9724,259.5871,1.16,1.88,0.006259,4140000,ScoreExit,0.3534,-0.0611,0.4510,0.3354,0.3568,-0.5508,-0.1490,0.2779,,,
summary,2022-09-08,MSFT,,,,,,,1.88,,1,,,,,,,,,,0.6371,2022-09-06T14:57:00+00:00,860,1607
trade,2022-09-09,SPY,Long,2022-09-09T14:29:00+00:00,2022-09-09T15:19:00+00:00,405.2966,405.0135,0.74,-0.21,-0.000698,3000000,ScoreExit,0.3546,-0.0558,0.3940,0.3519,0.3470,-0.5120,-0.1627,0.3102,,,
summary,2022-09-09,SPY,,,,,,,-0.21,,1,,,,,,,,,,0.9519,2022-09-06T14:57:00+00:00,1856,2908
trade,2022-09-09,QQQ,Long,2022-09-09T13:58:00+00:00,2022-09-09T15:56:00+00:00,304.5263,305.9331,0.99,1.39,0.004620,7080000,SessionClose,0.3866,0.1041,0.4379,0.3971,0.3487,-0.1269,0.0086,0.3722,,,
summary,2022-09-09,QQQ,,,,,,,1.39,,1,,,,,,,,,,0.9520,2022-09-06T14:57:00+00:00,1917,2923
trade,2022-09-09,AAPL,Long,2022-09-09T14:29:00+00:00,2022-09-09T15:56:00+00:00,156.5219,156.7280,1.92,0.39,0.001316,5220000,SessionClose,0.3751,0.0476,0.4408,0.3941,0.3151,-0.4687,-0.0010,0.3170,,,
summary,2022-09-09,AAPL,,,,,,,0.39,,1,,,,,,,,,,0.9517,2022-09-06T14:57:00+00:00,1292,2804
trade,2022-09-09,NVDA,Long,2022-09-09T14:08:00+00:00,2022-09-09T15:24:00+00:00,143.5280,143.3225,2.09,-0.43,-0.001432,4560000,MaxHoldTimeout,0.4875,0.3387,0.5035,0.4484,0.5602,0.5070,0.1847,0.5907,,,
summary,2022-09-09,NVDA,,,,,,,-0.43,,1,,,,,,,,,,0.9545,2022-09-06T14:59:00+00:00,1576,2470
trade,2022-09-09,MSFT,Long,2022-09-09T13:34:00+00:00,2022-09-09T15:18:00+00:00,262.2837,263.7009,1.14,1.62,0.005403,6240000,ScoreExit,0.3604,-0.0765,0.4811,0.3417,0.3575,-0.5586,-0.2343,0.3997,,,
summary,2022-09-09,MSFT,,,,,,,1.62,,1,,,,,,,,,,0.9511,2022-09-06T14:57:00+00:00,1316,2102
trade,2022-09-12,SPY,Long,2022-09-12T13:51:00+00:00,2022-09-12T15:01:00+00:00,410.0280,410.4518,0.73,0.31,0.001034,4200000,ScoreExit,0.4613,-0.0546,0.5314,0.4200,0.5203,-0.2947,-0.2586,0.4335,,,
summary,2022-09-12,SPY,,,,,,,0.31,,1,,,,,,,,,,0.9016,2022-09-09T14:43:00+00:00,925,1150
trade,2022-09-12,QQQ,Long,2022-09-12T13:53:00+00:00,2022-09-12T15:01:00+00:00,309.9480,309.7121,0.97,-0.23,-0.000761,4080000,ScoreExit,0.4780,-0.0991,0.5456,0.4297,0.5522,-0.3883,-0.3311,0.4614,,,
summary,2022-09-12,QQQ,,,,,,,-0.23,,1,,,,,,,,,,0.9547,2022-09-09T14:41:00+00:00,1019,1172
trade,2022-09-12,AAPL,Long,2022-09-12T14:01:00+00:00,2022-09-12T15:56:00+00:00,161.7136,162.0354,1.86,0.60,0.001990,6900000,SessionClose,0.5503,0.0251,0.5729,0.5230,0.5976,-0.5088,-0.1862,0.6256,,,
summary,2022-09-12,AAPL,,,,,,,0.60,,1,,,,,,,,,,0.9551,2022-09-09T14:42:00+00:00,1081,1139
trade,2022-09-12,NVDA,Long,2022-09-12T14:17:00+00:00,2022-09-12T14:54:00+00:00,144.3383,144.0101,2.08,-0.68,-0.002274,2220000,ScoreExit,0.4337,-0.0576,0.3404,0.4511,0.4300,-0.4811,-0.1695,0.3075,,,
summary,2022-09-12,NVDA,,,,,,,-0.68,,1,,,,,,,,,,0.9622,2022-09-09T13:34:00+00:00,754,1036
trade,2022-09-12,MSFT,Long,2022-09-12T13:58:00+00:00,2022-09-12T15:06:00+00:00,267.1951,266.1051,1.12,-1.22,-0.004079,4080000,ScoreExit,0.4805,-0.0961,0.5525,0.4381,0.5413,-0.5382,-0.3079,0.4749,,,
summary,2022-09-12,MSFT,,,,,,,-1.22,,1,,,,,,,,,,0.9561,2022-09-09T14:40:00+00:00,735,906
summary,2022-09-13,SPY,,,,,,,0.00,,0,,,,,,,,,,0.7478,2022-09-12T09:19:00+00:00,632,1482
summary,2022-09-13,QQQ,,,,,,,0.00,,0,,,,,,,,,,0.7871,2022-09-12T09:19:00+00:00,726,1527
summary,2022-09-13,AAPL,,,,,,,0.00,,0,,,,,,,,,,0.8334,2022-09-12T09:21:00+00:00,957,1510
summary,2022-09-13,NVDA,,,,,,,0.00,,0,,,,,,,,,,0.8579,2022-09-12T09:27:00+00:00,435,1275
summary,2022-09-13,MSFT,,,,,,,0.00,,0,,,,,,,,,,0.7304,2022-09-12T08:39:00+00:00,360,1065
summary,2022-09-14,SPY,,,,,,,0.00,,0,,,,,,,,,,0.7478,2022-09-12T09:19:00+00:00,632,2404
summary,2022-09-14,QQQ,,,,,,,0.00,,0,,,,,,,,,,0.7871,2022-09-12T09:19:00+00:00,726,2435
summary,2022-09-14,AAPL,,,,,,,0.00,,0,,,,,,,,,,0.8334,2022-09-12T09:21:00+00:00,1010,2373
summary,2022-09-14,NVDA,,,,,,,0.00,,0,,,,,,,,,,0.8579,2022-09-12T09:27:00+00:00,435,2101
summary,2022-09-14,MSFT,,,,,,,0.00,,0,,,,,,,,,,0.7304,2022-09-12T08:39:00+00:00,360,1714
summary,2022-09-15,SPY,,,,,,,0.00,,0,,,,,,,,,,0.7038,2022-09-12T14:25:00+00:00,550,3020
summary,2022-09-15,QQQ,,,,,,,0.00,,0,,,,,,,,,,0.8282,2022-09-12T14:00:00+00:00,630,2984
summary,2022-09-15,AAPL,,,,,,,0.00,,0,,,,,,,,,,0.8965,2022-09-12T13:57:00+00:00,833,2926
summary,2022-09-15,NVDA,,,,,,,0.00,,0,,,,,,,,,,0.9037,2022-09-12T13:56:00+00:00,490,2654
summary,2022-09-15,MSFT,,,,,,,0.00,,0,,,,,,,,,,0.8936,2022-09-12T13:56:00+00:00,333,2208
summary,2022-09-16,SPY,,,,,,,0.00,,0,,,,,,,,,,0.3963,2022-09-14T20:02:00+00:00,460,3080
summary,2022-09-16,QQQ,,,,,,,0.00,,0,,,,,,,,,,0.5025,2022-09-13T13:31:00+00:00,362,3046
summary,2022-09-16,AAPL,,,,,,,0.00,,0,,,,,,,,,,0.4635,2022-09-14T13:59:00+00:00,432,2940
summary,2022-09-16,NVDA,,,,,,,0.00,,0,,,,,,,,,,1.0000,2022-09-13T13:31:00+00:00,562,2745
summary,2022-09-16,MSFT,,,,,,,0.00,,0,,,,,,,,,,0.4923,2022-09-13T13:31:00+00:00,136,2307
trade,2022-09-19,SPY,Long,2022-09-19T13:54:00+00:00,2022-09-19T15:26:00+00:00,385.3806,385.5493,0.78,0.13,0.000438,5520000,ScoreExit,0.3952,-0.1034,0.5023,0.3837,0.3825,-0.5279,-0.2854,0.4020,,,
summary,2022-09-19,SPY,,,,,,,0.13,,1,,,,,,,,,,0.8899,2022-09-16T14:36:00+00:00,595,1199
trade,2022-09-19,QQQ,Long,2022-09-19T13:54:00+00:00,2022-09-19T15:22:00+00:00,288.7266,288.6884,1.04,-0.04,-0.000132,5280000,ScoreExit,0.4112,-0.0603,0.5023,0.4116,0.3803,-0.5464,-0.1847,0.3504,,,
summary,2022-09-19,QQQ,,,,,,,-0.04,,1,,,,,,,,,,0.8951,2022-09-16T14:34:00+00:00,552,1167
trade,2022-09-19,AAPL,Long,2022-09-19T13:55:00+00:00,2022-09-19T15:56:00+00:00,150.7352,152.1094,1.99,2.74,0.009116,7260000,MaxHoldTimeout,0.4699,0.0313,0.4898,0.4215,0.5601,-0.3163,-0.2088,0.6274,,,
summary,2022-09-19,AAPL,,,,,,,2.74,,1,,,,,,,,,,0.6127,2022-09-16T18:53:00+00:00,599,1114
summary,2022-09-19,NVDA,,,,,,,0.00,,0,,,,,,,,,,1.0000,2022-09-16T13:39:00+00:00,951,1079
summary,2022-09-19,MSFT,,,,,,,0.00,,0,,,,,,,,,,0.6359,2022-09-16T19:08:00+00:00,313,956
summary,2022-09-20,SPY,,,,,,,0.00,,0,,,,,,,,,,0.5925,2022-09-19T14:40:00+00:00,806,1559
summary,2022-09-20,QQQ,,,,,,,0.00,,0,,,,,,,,,,0.5877,2022-09-19T14:41:00+00:00,971,1544
trade,2022-09-20,AAPL,Long,2022-09-20T13:32:00+00:00,2022-09-20T15:33:00+00:00,153.7211,156.7550,1.95,5.92,0.019736,7260000,MaxHoldTimeout,0.4454,0.4519,0.4929,0.3942,0.5318,0.3147,0.2947,0.8119,,,
summary,2022-09-20,AAPL,,,,,,,5.92,,1,,,,,,,,,,0.6443,2022-09-19T13:58:00+00:00,1205,1455
trade,2022-09-20,NVDA,Long,2022-09-20T14:06:00+00:00,2022-09-20T15:56:00+00:00,133.3950,134.6846,2.25,2.90,0.009667,6600000,SessionClose,0.4808,0.4348,0.5846,0.4461,0.5158,0.5524,0.3035,0.6583,,,
summary,2022-09-20,NVDA,,,,,,,2.90,,1,,,,,,,,,,0.7210,2022-09-19T13:33:00+00:00,765,1333
summary,2022-09-20,MSFT,,,,,,,0.00,,0,,,,,,,,,,0.5625,2022-09-19T14:13:00+00:00,557,1118
summary,2022-09-21,SPY,,,,,,,0.00,,0,,,,,,,,,,0.5925,2022-09-19T14:40:00+00:00,1107,2420
summary,2022-09-21,QQQ,,,,,,,0.00,,0,,,,,,,,,,0.5877,2022-09-19T14:41:00+00:00,1457,2401
summary,2022-09-21,AAPL,,,,,,,0.00,,0,,,,,,,,,,0.6443,2022-09-19T13:58:00+00:00,1785,2267
trade,2022-09-21,NVDA,Long,2022-09-21T13:57:00+00:00,2022-09-21T15:56:00+00:00,133.1549,134.7796,2.26,3.66,0.012201,7140000,SessionClose,0.3526,0.2173,0.2744,0.3946,0.2947,-0.1723,0.1292,0.5233,,,
summary,2022-09-21,NVDA,,,,,,,3.66,,1,,,,,,,,,,0.7210,2022-09-19T13:33:00+00:00,1148,2041
summary,2022-09-21,MSFT,,,,,,,0.00,,0,,,,,,,,,,0.5625,2022-09-19T14:13:00+00:00,952,1711
summary,2022-09-22,SPY,,,,,,,0.00,,0,,,,,,,,,,0.9561,2022-09-19T14:40:00+00:00,1118,3051
summary,2022-09-22,QQQ,,,,,,,0.00,,0,,,,,,,,,,0.9554,2022-09-19T14:41:00+00:00,1355,3036
summary,2022-09-22,AAPL,,,,,,,0.00,,0,,,,,,,,,,0.9570,2022-09-19T14:43:00+00:00,1686,2906
summary,2022-09-22,NVDA,,,,,,,0.00,,0,,,,,,,,,,1.0000,2022-09-19T13:32:00+00:00,1211,2686
summary,2022-09-22,MSFT,,,,,,,0.00,,0,,,,,,,,,,0.9207,2022-09-19T14:40:00+00:00,902,2291
summary,2022-09-23,SPY,,,,,,,0.00,,0,,,,,,,,,,0.5837,2022-09-20T16:04:00+00:00,757,3088
summary,2022-09-23,QQQ,,,,,,,0.00,,0,,,,,,,,,,0.7826,2022-09-20T14:59:00+00:00,820,3091
summary,2022-09-23,AAPL,,,,,,,0.00,,0,,,,,,,,,,0.9530,2022-09-20T14:49:00+00:00,985,2929
summary,2022-09-23,NVDA,,,,,,,0.00,,0,,,,,,,,,,0.9543,2022-09-20T14:51:00+00:00,694,2760
summary,2022-09-23,MSFT,,,,,,,0.00,,0,,,,,,,,,,0.8869,2022-09-20T13:46:00+00:00,802,2357
trade,2022-09-26,SPY,Long,2022-09-26T13:56:00+00:00,2022-09-26T14:49:00+00:00,368.5755,367.7946,0.81,-0.64,-0.002119,3180000,ScoreExit,0.3664,-0.0709,0.3652,0.3210,0.4575,-0.5485,-0.1965,0.3395,,,
summary,2022-09-26,SPY,,,,,,,-0.64,,1,,,,,,,,,,0.5604,2022-09-23T19:44:00+00:00,318,1199
summary,2022-09-26,QQQ,,,,,,,0.00,,0,,,,,,,,,,0.5799,2022-09-26T13:59:00+00:00,491,1200
trade,2022-09-26,AAPL,Long,2022-09-26T14:16:00+00:00,2022-09-26T15:06:00+00:00,153.4010,152.2493,1.96,-2.25,-0.007508,3000000,ScoreExit,0.6295,-0.0607,0.5540,0.6201,0.6735,-0.5142,-0.3258,0.6205,,,
summary,2022-09-26,AAPL,,,,,,,-2.25,,1,,,,,,,,,,0.6383,2022-09-26T13:59:00+00:00,574,1127
summary,2022-09-26,NVDA,,,,,,,0.00,,0,,,,,,,,,,1.0000,2022-09-23T13:34:00+00:00,514,1076
summary,2022-09-26,MSFT,,,,,,,0.00,,0,,,,,,,,,,0.9358,2022-09-23T14:53:00+00:00,362,952
summary,2022-09-27,SPY,,,,,,,0.00,,0,,,,,,,,,,0.6343,2022-09-26T14:16:00+00:00,600,1595
trade,2022-09-27,QQQ,Long,2022-09-27T13:36:00+00:00,2022-09-27T14:01:00+00:00,279.2307,277.1518,1.07,-2.23,-0.007445,1500000,ScoreExit,0.4369,-0.1514,0.5233,0.3787,0.5246,-0.5493,-0.3962,0.4709,,,
summary,2022-09-27,QQQ,,,,,,,-2.23,,1,,,,,,,,,,0.6691,2022-09-26T14:16:00+00:00,644,1620
summary,2022-09-27,AAPL,,,,,,,0.00,,0,,,,,,,,,,0.7309,2022-09-26T14:16:00+00:00,650,1455
summary,2022-09-27,NVDA,,,,,,,0.00,,0,,,,,,,,,,0.9116,2022-09-26T08:22:00+00:00,565,1378
trade,2022-09-27,MSFT,Long,2022-09-27T13:36:00+00:00,2022-09-27T14:01:00+00:00,241.0023,238.8833,1.24,-2.64,-0.008792,1500000,ScoreExit,0.4324,-0.1790,0.5416,0.3944,0.4720,-0.5291,-0.3571,0.2937,,,
summary,2022-09-27,MSFT,,,,,,,-2.64,,1,,,,,,,,,,0.7692,2022-09-26T08:30:00+00:00,444,1166
trade,2022-09-28,SPY,Long,2022-09-28T14:32:00+00:00,2022-09-28T15:56:00+00:00,366.2148,368.1646,0.82,1.60,0.005324,5040000,SessionClose,0.3721,0.3571,0.4321,0.4052,0.2860,0.5380,0.2902,0.4304,,,
summary,2022-09-28,SPY,,,,,,,1.60,,1,,,,,,,,,,0.6343,2022-09-26T14:16:00+00:00,974,2519
trade,2022-09-28,QQQ,Long,2022-09-28T14:32:00+00:00,2022-09-28T15:56:00+00:00,275.9878,277.8016,1.09,1.97,0.006572,5040000,SessionClose,0.3543,0.4101,0.2649,0.3975,0.2977,0.5532,0.3543,0.4739,,,
summary,2022-09-28,QQQ,,,,,,,1.97,,1,,,,,,,,,,0.6691,2022-09-26T14:16:00+00:00,1132,2552
summary,2022-09-28,AAPL,,,,,,,0.00,,0,,,,,,,,,,0.7309,2022-09-26T14:16:00+00:00,873,2355
summary,2022-09-28,NVDA,,,,,,,0.00,,0,,,,,,,,,,0.9116,2022-09-26T08:22:00+00:00,1111,2155
trade,2022-09-28,MSFT,Long,2022-09-28T14:32:00+00:00,2022-09-28T15:36:00+00:00,238.0964,238.0736,1.26,-0.03,-0.000096,3840000,ScoreExit,0.3850,-0.0595,0.4218,0.4177,0.3073,-0.4793,-0.2095,0.3802,,,
summary,2022-09-28,MSFT,,,,,,,-0.03,,1,,,,,,,,,,0.7692,2022-09-26T08:30:00+00:00,770,1851
summary,2022-09-29,SPY,,,,,,,0.00,,0,,,,,,,,,,0.9023,2022-09-26T14:16:00+00:00,1253,3126
summary,2022-09-29,QQQ,,,,,,,0.00,,0,,,,,,,,,,0.8972,2022-09-26T14:16:00+00:00,1338,3149
summary,2022-09-29,AAPL,,,,,,,0.00,,0,,,,,,,,,,1.0000,2022-09-26T13:36:00+00:00,826,3010
summary,2022-09-29,NVDA,,,,,,,0.00,,0,,,,,,,,,,1.0000,2022-09-26T13:36:00+00:00,1231,2688
summary,2022-09-29,MSFT,,,,,,,0.00,,0,,,,,,,,,,1.0000,2022-09-26T13:33:00+00:00,784,2303
summary,2022-09-30,SPY,,,,,,,0.00,,0,,,,,,,,,,0.8942,2022-09-27T13:40:00+00:00,931,3139
summary,2022-09-30,QQQ,,,,,,,0.00,,0,,,,,,,,,,0.9355,2022-09-27T13:40:00+00:00,903,3144
summary,2022-09-30,AAPL,,,,,,,0.00,,0,,,,,,,,,,1.0000,2022-09-27T13:33:00+00:00,380,3075
trade,2022-09-30,NVDA,Long,2022-09-30T14:11:00+00:00,2022-09-30T15:41:00+00:00,124.0623,124.9925,2.42,2.25,0.007498,5400000,ScoreExit,0.4854,-0.1094,0.4435,0.5200,0.4302,-0.5621,-0.3388,0.5003,,,
summary,2022-09-30,NVDA,,,,,,,2.25,,1,,,,,,,,,,1.0000,2022-09-27T13:34:00+00:00,955,2638
summary,2022-09-30,MSFT,,,,,,,0.00,,0,,,,,,,,,,1.0000,2022-09-27T13:37:00+00:00,846,2311
summary,2022-10-03,SPY,,,,,,,0.00,,0,,,,,,,,,,0.9490,2022-09-30T15:04:00+00:00,574,1198
trade,2022-10-03,QQQ,Long,2022-10-03T14:22:00+00:00,2022-10-03T15:37:00+00:00,270.5935,271.0437,1.11,0.50,0.001664,4500000,ScoreExit,0.4004,-0.0520,0.3513,0.4407,0.3363,-0.5836,-0.2071,0.4356,,,
summary,2022-10-03,QQQ,,,,,,,0.50,,1,,,,,,,,,,0.9531,2022-09-30T14:59:00+00:00,445,1190
trade,2022-10-03,AAPL,Long,2022-10-03T14:01:00+00:00,2022-10-03T15:36:00+00:00,139.8269,140.4628,2.15,1.36,0.004548,5700000,ScoreExit,0.4061,-0.0574,0.5058,0.3983,0.3885,-0.5659,-0.3281,0.6534,,,
summary,2022-10-03,AAPL,,,,,,,1.36,,1,,,,,,,,,,1.0000,2022-09-30T13:33:00+00:00,443,1177
summary,2022-10-03,NVDA,,,,,,,0.00,,0,,,,,,,,,,1.0000,2022-09-30T13:31:00+00:00,649,1048
summary,2022-10-03,MSFT,,,,,,,0.00,,0,,,,,,,,,,0.9887,2022-09-30T13:33:00+00:00,540,1003
trade,2022-10-04,SPY,Long,2022-10-04T14:02:00+00:00,2022-10-04T15:18:00+00:00,377.3082,377.1129,0.80,-0.16,-0.000517,4560000,MaxHoldTimeout,0.6324,0.2982,0.5961,0.6008,0.7077,0.4702,0.0763,0.6847,,,
summary,2022-10-04,SPY,,,,,,,-0.16,,1,,,,,,,,,,0.7561,2022-10-03T09:32:00+00:00,1405,1613
summary,2022-10-04,QQQ,,,,,,,0.00,,0,,,,,,,,,,0.8182,2022-10-03T09:34:00+00:00,1404,1601
summary,2022-10-04,AAPL,,,,,,,0.00,,0,,,,,,,,,,0.8897,2022-10-03T09:31:00+00:00,1362,1519
summary,2022-10-04,NVDA,,,,,,,0.00,,0,,,,,,,,,,0.7346,2022-10-03T09:59:00+00:00,1184,1341
summary,2022-10-04,MSFT,,,,,,,0.00,,0,,,,,,,,,,0.7035,2022-10-03T08:21:00+00:00,1053,1185
summary,2022-10-05,SPY,,,,,,,0.00,,0,,,,,,,,,,0.7561,2022-10-03T09:32:00+00:00,2006,2506
summary,2022-10-05,QQQ,,,,,,,0.00,,0,,,,,,,,,,0.8182,2022-10-03T09:34:00+00:00,1963,2480
trade,2022-10-05,AAPL,Long,2022-10-05T14:00:00+00:00,2022-10-05T14:12:00+00:00,145.2386,144.2218,2.07,-2.10,-0.007000,720000,ScoreExit,0.3557,-0.0505,0.3540,0.4007,0.2663,-0.3488,-0.1292,0.2065,,,
summary,2022-10-05,AAPL,,,,,,,-2.10,,1,,,,,,,,,,0.8897,2022-10-03T09:31:00+00:00,1946,2313
summary,2022-10-05,NVDA,,,,,,,0.00,,0,,,,,,,,,,0.7346,2022-10-03T09:59:00+00:00,1666,2081
summary,2022-10-05,MSFT,,,,,,,0.00,,0,,,,,,,,,,0.7035,2022-10-03T08:21:00+00:00,1458,1772
summary,2022-10-06,SPY,,,,,,,0.00,,0,,,,,,,,,,0.9575,2022-10-03T14:47:00+00:00,2276,3101
trade,2022-10-06,QQQ,Long,2022-10-06T13:38:00+00:00,2022-10-06T14:01:00+00:00,282.4297,281.3756,1.06,-1.12,-0.003732,1380000,ScoreExit,0.3583,-0.1704,0.3419,0.4030,0.2744,-0.6126,-0.3171,0.2703,,,
summary,2022-10-06,QQQ,,,,,,,-1.12,,1,,,,,,,,,,0.9567,2022-10-03T14:47:00+00:00,2251,3075
trade,2022-10-06,AAPL,Long,2022-10-06T13:36:00+00:00,2022-10-06T14:01:00+00:00,146.7390,146.3061,2.04,-0.88,-0.002950,1500000,ScoreExit,0.4015,-0.0549,0.4343,0.4060,0.3815,-0.5889,-0.1786,0.3706,,,
summary,2022-10-06,AAPL,,,,,,,-0.88,,1,,,,,,,,,,1.0000,2022-10-03T13:36:00+00:00,2261,2844
summary,2022-10-06,NVDA,,,,,,,0.00,,0,,,,,,,,,,0.9568,2022-10-03T14:46:00+00:00,2045,2645
summary,2022-10-06,MSFT,,,,,,,0.00,,0,,,,,,,,,,0.9562,2022-10-03T14:46:00+00:00,1691,2241
summary,2022-10-07,SPY,,,,,,,0.00,,0,,,,,,,,,,0.9427,2022-10-04T14:58:00+00:00,908,3026
summary,2022-10-07,QQQ,,,,,,,0.00,,0,,,,,,,,,,0.9558,2022-10-04T14:58:00+00:00,1028,3015
summary,2022-10-07,AAPL,,,,,,,0.00,,0,,,,,,,,,,0.8969,2022-10-04T14:01:00+00:00,1179,2748
summary,2022-10-07,NVDA,,,,,,,0.00,,0,,,,,,,,,,1.0000,2022-10-04T13:39:00+00:00,1295,2698
summary,2022-10-07,MSFT,,,,,,,0.00,,0,,,,,,,,,,0.9019,2022-10-04T14:01:00+00:00,724,2223
summary,2022-10-10,SPY,,,,,,,0.00,,0,,,,,,,,,,0.4297,2022-10-10T17:54:00+00:00,77,1168
summary,2022-10-10,QQQ,,,,,,,0.00,,0,,,,,,,,,,0.3159,2022-10-10T12:59:00+00:00,10,1186
summary,2022-10-10,AAPL,,,,,,,0.00,,0,,,,,,,,,,0.6053,2022-10-07T13:39:00+00:00,242,1143
summary,2022-10-10,NVDA,,,,,,,0.00,,0,,,,,,,,,,1.0000,2022-10-07T13:33:00+00:00,151,1075
summary,2022-10-10,MSFT,,,,,,,0.00,,0,,,,,,,,,,0.4577,2022-10-07T13:36:00+00:00,57,978
summary,2022-10-11,SPY,,,,,,,0.00,,0,,,,,,,,,,0.7702,2022-10-10T09:30:00+00:00,619,1559
summary,2022-10-11,QQQ,,,,,,,0.00,,0,,,,,,,,,,0.7656,2022-10-10T09:30:00+00:00,615,1589
summary,2022-10-11,AAPL,,,,,,,0.00,,0,,,,,,,,,,0.8075,2022-10-10T09:34:00+00:00,857,1437
summary,2022-10-11,NVDA,,,,,,,0.00,,0,,,,,,,,,,0.7558,2022-10-10T17:50:00+00:00,559,1352
summary,2022-10-11,MSFT,,,,,,,0.00,,0,,,,,,,,,,0.9046,2022-10-10T09:47:00+00:00,312,1127
summary,2022-10-12,SPY,,,,,,,0.00,,0,,,,,,,,,,0.7702,2022-10-10T09:30:00+00:00,804,2450
summary,2022-10-12,QQQ,,,,,,,0.00,,0,,,,,,,,,,0.7656,2022-10-10T09:30:00+00:00,791,2473
summary,2022-10-12,AAPL,,,,,,,0.00,,0,,,,,,,,,,0.8075,2022-10-10T09:34:00+00:00,1052,2220
summary,2022-10-12,NVDA,,,,,,,0.00,,0,,,,,,,,,,0.7558,2022-10-10T17:50:00+00:00,883,2054
summary,2022-10-12,MSFT,,,,,,,0.00,,0,,,,,,,,,,0.9046,2022-10-10T09:47:00+00:00,339,1744
summary,2022-10-13,SPY,,,,,,,0.00,,0,,,,,,,,,,0.8291,2022-10-13T15:38:00+00:00,844,3038
summary,2022-10-13,QQQ,,,,,,,0.00,,0,,,,,,,,,,0.8218,2022-10-13T15:38:00+00:00,896,3013
summary,2022-10-13,AAPL,,,,,,,0.00,,0,,,,,,,,,,0.8836,2022-10-10T14:27:00+00:00,1169,2710
summary,2022-10-13,NVDA,,,,,,,0.00,,0,,,,,,,,,,0.7693,2022-10-13T15:18:00+00:00,1248,2542
summary,2022-10-13,MSFT,,,,,,,0.00,,0,,,,,,,,,,0.7629,2022-10-13T15:38:00+00:00,537,2184
summary,2022-10-14,SPY,,,,,,,0.00,,0,,,,,,,,,,0.9592,2022-10-11T15:03:00+00:00,1615,3052
summary,2022-10-14,QQQ,,,,,,,0.00,,0,,,,,,,,,,0.9431,2022-10-11T15:03:00+00:00,1564,3020
summary,2022-10-14,AAPL,,,,,,,0.00,,0,,,,,,,,,,0.8984,2022-10-11T15:04:00+00:00,1228,2769
summary,2022-10-14,NVDA,,,,,,,0.00,,0,,,,,,,,,,0.9291,2022-10-11T13:31:00+00:00,1389,2496
summary,2022-10-14,MSFT,,,,,,,0.00,,0,,,,,,,,,,0.7641,2022-10-13T15:38:00+00:00,1218,2196
trade,2022-10-17,SPY,Long,2022-10-17T13:36:00+00:00,2022-10-17T14:51:00+00:00,365.9347,365.6353,0.82,-0.25,-0.000818,4500000,ScoreExit,0.5884,-0.0711,0.5780,0.5504,0.6680,-0.5460,-0.3315,0.6081,,,
summary,2022-10-17,SPY,,,,,,,-0.25,,1,,,,,,,,,,0.8443,2022-10-14T13:39:00+00:00,611,1172
summary,2022-10-17,QQQ,,,,,,,0.00,,0,,,,,,,,,,0.6362,2022-10-14T13:39:00+00:00,545,1171
summary,2022-10-17,AAPL,,,,,,,0.00,,0,,,,,,,,,,0.5457,2022-10-17T13:04:00+00:00,588,1130
summary,2022-10-17,NVDA,,,,,,,0.00,,0,,,,,,,,,,0.8180,2022-10-17T13:37:00+00:00,495,1075
summary,2022-10-17,MSFT,,,,,,,0.00,,0,,,,,,,,,,0.7713,2022-10-17T13:49:00+00:00,500,972
summary,2022-10-18,SPY,,,,,,,0.00,,0,,,,,,,,,,0.6933,2022-10-17T13:36:00+00:00,1223,1614
summary,2022-10-18,QQQ,,,,,,,0.00,,0,,,,,,,,,,0.7558,2022-10-17T09:30:00+00:00,1279,1615
summary,2022-10-18,AAPL,,,,,,,0.00,,0,,,,,,,,,,0.6027,2022-10-17T13:04:00+00:00,1171,1489
summary,2022-10-18,NVDA,,,,,,,0.00,,0,,,,,,,,,,0.8191,2022-10-17T13:37:00+00:00,1036,1335
summary,2022-10-18,MSFT,,,,,,,0.00,,0,,,,,,,,,,0.8086,2022-10-17T13:49:00+00:00,775,1194
summary,2022-10-19,SPY,,,,,,,0.00,,0,,,,,,,,,,0.6933,2022-10-17T13:36:00+00:00,1591,2539
summary,2022-10-19,QQQ,,,,,,,0.00,,0,,,,,,,,,,0.7558,2022-10-17T09:30:00+00:00,1637,2552
trade,2022-10-19,AAPL,Long,2022-10-19T13:53:00+00:00,2022-10-19T14:51:00+00:00,143.9482,143.8718,2.08,-0.16,-0.000530,3480000,ScoreExit,0.4657,-0.0515,0.5104,0.4911,0.4002,-0.4031,-0.2034,0.3696,,,
summary,2022-10-19,AAPL,,,,,,,-0.16,,1,,,,,,,,,,0.6027,2022-10-17T13:04:00+00:00,1690,2387
trade,2022-10-19,NVDA,Long,2022-10-19T14:04:00+00:00,2022-10-19T15:56:00+00:00,119.3708,121.9984,2.51,6.60,0.022012,6720000,SessionClose,0.3671,0.2659,0.3957,0.3340,0.4238,0.5890,0.0727,0.5448,,,
summary,2022-10-19,NVDA,,,,,,,6.60,,1,,,,,,,,,,0.8191,2022-10-17T13:37:00+00:00,1485,2124
summary,2022-10-19,MSFT,,,,,,,0.00,,0,,,,,,,,,,0.8086,2022-10-17T13:49:00+00:00,940,1875
summary,2022-10-20,SPY,,,,,,,0.00,,0,,,,,,,,,,0.9027,2022-10-17T13:40:00+00:00,1595,3144
trade,2022-10-20,QQQ,Long,2022-10-20T14:02:00+00:00,2022-10-20T15:27:00+00:00,272.4238,273.6929,1.10,1.40,0.004658,5100000,ScoreExit,0.5257,-0.0759,0.4560,0.5706,0.4591,-0.4314,-0.2318,0.3545,,,
summary,2022-10-20,QQQ,,,,,,,1.40,,1,,,,,,,,,,1.0000,2022-10-17T13:40:00+00:00,1629,3143
trade,2022-10-20,AAPL,Long,2022-10-20T13:33:00+00:00,2022-10-20T15:34:00+00:00,143.8882,145.2314,2.08,2.80,0.009335,7260000,MaxHoldTimeout,0.3890,0.1753,0.4326,0.4106,0.3313,0.2319,0.0583,0.3906,,,
summary,2022-10-20,AAPL,,,,,,,2.80,,1,,,,,,,,,,1.0000,2022-10-17T13:41:00+00:00,1894,2925
trade,2022-10-20,NVDA,Long,2022-10-20T13:31:00+00:00,2022-10-20T15:26:00+00:00,121.8716,126.0672,2.46,10.34,0.034426,6900000,ScoreExit,0.5808,-0.0737,0.5973,0.5426,0.6518,-0.2491,-0.4019,0.6410,,,
summary,2022-10-20,NVDA,,,,,,,10.34,,1,,,,,,,,,,1.0000,2022-10-17T13:32:00+00:00,1765,2641
trade,2022-10-20,MSFT,Long,2022-10-20T13:54:00+00:00,2022-10-20T15:16:00+00:00,239.0801,239.5181,1.25,0.55,0.001832,4920000,ScoreExit,0.4892,-0.0714,0.4931,0.5353,0.3958,-0.4637,-0.2604,0.4374,,,
summary,2022-10-20,MSFT,,,,,,,0.55,,1,,,,,,,,,,1.0000,2022-10-17T13:40:00+00:00,1009,2337
summary,2022-10-21,SPY,,,,,,,0.00,,0,,,,,,,,,,0.6629,2022-10-18T20:18:00+00:00,910,3086
summary,2022-10-21,QQQ,,,,,,,0.00,,0,,,,,,,,,,0.7251,2022-10-18T20:19:00+00:00,907,3101
trade,2022-10-21,AAPL,Long,2022-10-21T13:50:00+00:00,2022-10-21T14:56:00+00:00,144.2183,144.5916,2.08,0.78,0.002589,3960000,ScoreExit,0.3656,-0.0939,0.2712,0.3837,0.3608,-0.3420,-0.2756,0.3522,,,
summary,2022-10-21,AAPL,,,,,,,0.78,,1,,,,,,,,,,0.6683,2022-10-18T13:32:00+00:00,1297,2853
summary,2022-10-21,NVDA,,,,,,,0.00,,0,,,,,,,,,,0.7847,2022-10-19T14:28:00+00:00,1360,2631
summary,2022-10-21,MSFT,,,,,,,0.00,,0,,,,,,,,,,0.7119,2022-10-18T20:03:00+00:00,695,2271
summary,2022-10-24,SPY,,,,,,,0.00,,0,,,,,,,,,,0.9441,2022-10-21T13:46:00+00:00,1054,1205
summary,2022-10-24,QQQ,,,,,,,0.00,,0,,,,,,,,,,0.9431,2022-10-21T13:46:00+00:00,1047,1200
summary,2022-10-24,AAPL,,,,,,,0.00,,0,,,,,,,,,,0.9423,2022-10-21T13:46:00+00:00,1050,1161
trade,2022-10-24,NVDA,Long,2022-10-24T14:56:00+00:00,2022-10-24T15:56:00+00:00,122.9919,124.8875,2.44,4.62,0.015413,3600000,SessionClose,0.4057,0.5645,0.4957,0.4160,0.3551,0.5233,0.4651,0.7771,,,
summary,2022-10-24,NVDA,,,,,,,4.62,,1,,,,,,,,,,1.0000,2022-10-21T13:32:00+00:00,896,1078
summary,2022-10-24,MSFT,,,,,,,0.00,,0,,,,,,,,,,0.9294,2022-10-21T13:46:00+00:00,967,1033
trade,2022-10-25,SPY,Long,2022-10-25T13:46:00+00:00,2022-10-25T15:47:00+00:00,380.7592,383.5099,0.79,2.17,0.007224,7260000,MaxHoldTimeout,0.5678,0.3802,0.5287,0.5373,0.6419,0.1505,0.3009,0.6153,,,
summary,2022-10-25,SPY,,,,,,,2.17,,1,,,,,,,,,,0.6378,2022-10-24T10:19:00+00:00,1209,1594
summary,2022-10-25,QQQ,,,,,,,0.00,,0,,,,,,,,,,0.6368,2022-10-25T13:54:00+00:00,1237,1574
summary,2022-10-25,AAPL,,,,,,,0.00,,0,,,,,,,,,,0.6566,2022-10-24T10:33:00+00:00,1165,1467
summary,2022-10-25,NVDA,,,,,,,0.00,,0,,,,,,,,,,0.9582,2022-10-24T09:49:00+00:00,1054,1243
summary,2022-10-25,MSFT,,,,,,,0.00,,0,,,,,,,,,,0.9600,2022-10-24T09:55:00+00:00,1039,1230
trade,2022-10-26,SPY,Long,2022-10-26T14:18:00+00:00,2022-10-26T15:56:00+00:00,383.9802,386.4140,0.78,1.90,0.006339,5880000,SessionClose,0.4010,0.0690,0.4079,0.4317,0.3372,-0.5563,-0.0015,0.4184,,,
summary,2022-10-26,SPY,,,,,,,1.90,,1,,,,,,,,,,0.6378,2022-10-24T10:19:00+00:00,1694,2516
trade,2022-10-26,QQQ,Long,2022-10-26T14:13:00+00:00,2022-10-26T15:56:00+00:00,280.2322,282.7901,1.07,2.74,0.009128,6180000,SessionClose,0.3555,0.0631,0.4293,0.3662,0.3095,-0.5273,-0.0391,0.4643,,,
summary,2022-10-26,QQQ,,,,,,,2.74,,1,,,,,,,,,,0.6368,2022-10-25T13:54:00+00:00,1589,2507
summary,2022-10-26,AAPL,,,,,,,0.00,,0,,,,,,,,,,0.6566,2022-10-24T10:33:00+00:00,1603,2360
trade,2022-10-26,NVDA,Long,2022-10-26T13:46:00+00:00,2022-10-26T15:47:00+00:00,129.0937,133.0671,2.33,9.24,0.030779,7260000,MaxHoldTimeout,0.3541,0.0833,0.3282,0.3111,0.4487,-0.5287,-0.0754,0.6049,,,
summary,2022-10-26,NVDA,,,,,,,9.24,,1,,,,,,,,,,0.9582,2022-10-24T09:49:00+00:00,1513,2030
summary,2022-10-26,MSFT,,,,,,,0.00,,0,,,,,,,,,,0.9600,2022-10-24T09:55:00+00:00,1041,2162
summary,2022-10-27,SPY,,,,,,,0.00,,0,,,,,,,,,,0.9386,2022-10-24T13:45:00+00:00,1850,3109
summary,2022-10-27,QQQ,,,,,,,0.00,,0,,,,,,,,,,0.9241,2022-10-24T13:45:00+00:00,1428,3122
summary,2022-10-27,AAPL,,,,,,,0.00,,0,,,,,,,,,,0.9182,2022-10-24T13:45:00+00:00,1501,2952
trade,2022-10-27,NVDA,Long,2022-10-27T14:32:00+00:00,2022-10-27T15:12:00+00:00,136.3859,134.3247,2.21,-4.55,-0.015113,2400000,ScoreExit,0.3715,-0.0987,0.4607,0.3127,0.4594,-0.3267,-0.2041,0.1881,,,
summary,2022-10-27,NVDA,,,,,,,-4.55,,1,,,,,,,,,,0.8246,2022-10-25T13:59:00+00:00,1942,2636
summary,2022-10-27,MSFT,,,,,,,0.00,,0,,,,,,,,,,1.0000,2022-10-24T13:37:00+00:00,910,2786
trade,2022-10-28,SPY,Long,2022-10-28T14:46:00+00:00,2022-10-28T15:56:00+00:00,384.9104,385.9392,0.78,0.80,0.002673,4200000,SessionClose,0.4910,0.1193,0.4976,0.4591,0.5528,0.1997,-0.0803,0.4916,,,
summary,2022-10-28,SPY,,,,,,,0.80,,1,,,,,,,,,,0.8946,2022-10-25T13:55:00+00:00,1305,3103
trade,2022-10-28,QQQ,Long,2022-10-28T14:51:00+00:00,2022-10-28T15:56:00+00:00,278.2184,278.3615,1.08,0.15,0.000514,3900000,SessionClose,0.4636,0.0002,0.4254,0.4676,0.4682,-0.1933,-0.1794,0.4238,,,
summary,2022-10-28,QQQ,,,,,,,0.15,,1,,,,,,,,,,0.9037,2022-10-25T13:49:00+00:00,886,3172
summary,2022-10-28,AAPL,,,,,,,0.00,,0,,,,,,,,,,0.8977,2022-10-25T13:52:00+00:00,996,3079
summary,2022-10-28,NVDA,,,,,,,0.00,,0,,,,,,,,,,1.0000,2022-10-25T13:31:00+00:00,1650,2722
trade,2022-10-28,MSFT,Long,2022-10-28T14:07:00+00:00,2022-10-28T15:26:00+00:00,229.8139,233.0551,1.31,4.23,0.014103,4740000,ScoreExit,0.3946,-0.0823,0.3923,0.3686,0.4475,-0.5577,-0.2264,0.3642,,,
summary,2022-10-28,MSFT,,,,,,,4.23,,1,,,,,,,,,,0.9034,2022-10-25T13:55:00+00:00,938,2927
summary,2022-10-31,SPY,,,,,,,0.00,,0,,,,,,,,,,0.9573,2022-10-28T14:46:00+00:00,834,1196
summary,2022-10-31,QQQ,,,,,,,0.00,,0,,,,,,,,,,1.0000,2022-10-28T13:40:00+00:00,859,1179
summary,2022-10-31,AAPL,,,,,,,0.00,,0,,,,,,,,,,1.0000,2022-10-28T13:35:00+00:00,658,1169
summary,2022-10-31,NVDA,,,,,,,0.00,,0,,,,,,,,,,1.0000,2022-10-28T13:32:00+00:00,728,1075
trade,2022-10-31,MSFT,Long,2022-10-31T13:45:00+00:00,2022-10-31T13:46:00+00:00,234.6854,233.9898,1.28,-0.89,-0.002964,60000,ScoreExit,0.4085,-0.0688,0.4760,0.3671,0.4688,0.0096,-0.2821,0.3315,,,
summary,2022-10-31,MSFT,,,,,,,-0.89,,1,,,,,,,,,,1.0000,2022-10-28T13:32:00+00:00,747,1007
summary,2022-11-01,SPY,,,,,,,0.00,,0,,,,,,,,,,0.5370,2022-10-31T15:54:00+00:00,729,1567
summary,2022-11-01,QQQ,,,,,,,0.00,,0,,,,,,,,,,0.5936,2022-10-31T15:54:00+00:00,632,1514
summary,2022-11-01,AAPL,,,,,,,0.00,,0,,,,,,,,,,0.7580,2022-10-31T09:24:00+00:00,635,1473
summary,2022-11-01,NVDA,,,,,,,0.00,,0,,,,,,,,,,0.7678,2022-10-31T09:34:00+00:00,709,1235
summary,2022-11-01,MSFT,,,,,,,0.00,,0,,,,,,,,,,0.6286,2022-10-31T15:54:00+00:00,360,1139
summary,2022-11-02,SPY,,,,,,,0.00,,0,,,,,,,,,,0.5370,2022-10-31T15:54:00+00:00,786,2366
summary,2022-11-02,QQQ,,,,,,,0.00,,0,,,,,,,,,,0.5936,2022-10-31T15:54:00+00:00,639,2363
summary,2022-11-02,AAPL,,,,,,,0.00,,0,,,,,,,,,,0.7580,2022-10-31T09:24:00+00:00,635,2250
trade,2022-11-02,NVDA,Long,2022-11-02T13:41:00+00:00,2022-11-02T14:33:00+00:00,139.5769,138.1535,2.15,-3.06,-0.010197,3120000,ScoreExit,0.6250,-0.0759,0.5840,0.6026,0.6835,-0.5413,-0.3336,0.5946,,,
summary,2022-11-02,NVDA,,,,,,,-3.06,,1,,,,,,,,,,0.7678,2022-10-31T09:34:00+00:00,1182,1932
summary,2022-11-02,MSFT,,,,,,,0.00,,0,,,,,,,,,,0.6286,2022-10-31T15:54:00+00:00,361,1743
summary,2022-11-03,SPY,,,,,,,0.00,,0,,,,,,,,,,0.5993,2022-10-31T15:54:00+00:00,671,2987
summary,2022-11-03,QQQ,,,,,,,0.00,,0,,,,,,,,,,0.6694,2022-10-31T15:54:00+00:00,567,3007
summary,2022-11-03,AAPL,,,,,,,0.00,,0,,,,,,,,,,0.6430,2022-10-31T15:44:00+00:00,563,2861
trade,2022-11-03,NVDA,Long,2022-11-03T14:06:00+00:00,2022-11-03T15:11:00+00:00,131.6144,135.4044,2.28,8.64,0.028796,3900000,ScoreExit,0.3603,-0.0518,0.4199,0.3733,0.3145,-0.6220,-0.0820,0.1984,,,
summary,2022-11-03,NVDA,,,,,,,8.64,,1,,,,,,,,,,0.7622,2022-10-31T15:54:00+00:00,1279,2486
summary,2022-11-03,MSFT,,,,,,,0.00,,0,,,,,,,,,,0.6967,2022-10-31T15:54:00+00:00,310,2298
summary,2022-11-04,SPY,,,,,,,0.00,,0,,,,,,,,,,0.5239,2022-11-02T18:01:00+00:00,239,2988
summary,2022-11-04,QQQ,,,,,,,0.00,,0,,,,,,,,,,0.5067,2022-11-02T18:01:00+00:00,173,3070
summary,2022-11-04,AAPL,,,,,,,0.00,,0,,,,,,,,,,0.4874,2022-11-02T18:08:00+00:00,159,2967
summary,2022-11-04,NVDA,,,,,,,0.00,,0,,,,,,,,,,0.8835,2022-11-01T13:32:00+00:00,1290,2542
summary,2022-11-04,MSFT,,,,,,,0.00,,0,,,,,,,,,,0.5468,2022-11-02T18:01:00+00:00,371,2427
summary,2022-11-07,SPY,,,,,,,0.00,,0,,,,,,,,,,0.9546,2022-11-04T14:40:00+00:00,825,1189
summary,2022-11-07,QQQ,,,,,,,0.00,,0,,,,,,,,,,0.9560,2022-11-04T14:40:00+00:00,819,1156
summary,2022-11-07,AAPL,,,,,,,0.00,,0,,,,,,,,,,0.8925,2022-11-04T14:25:00+00:00,621,1193
summary,2022-11-07,NVDA,,,,,,,0.00,,0,,,,,,,,,,0.9084,2022-11-04T14:00:00+00:00,766,1048
summary,2022-11-07,MSFT,,,,,,,0.00,,0,,,,,,,,,,0.9572,2022-11-04T14:41:00+00:00,803,990
trade,2022-11-08,SPY,Long,2022-11-08T15:32:00+00:00,2022-11-08T15:56:00+00:00,382.1996,382.6291,0.78,0.34,0.001124,1440000,SessionClose,0.4524,0.3128,0.4060,0.4162,0.5404,-0.5305,0.3395,0.5404,,,
summary,2022-11-08,SPY,,,,,,,0.34,,1,,,,,,,,,,0.7502,2022-11-07T10:23:00+00:00,1064,1544
trade,2022-11-08,QQQ,Long,2022-11-08T15:48:00+00:00,2022-11-08T15:56:00+00:00,270.4261,270.0240,1.11,-0.45,-0.001487,480000,SessionClose,0.4769,0.3289,0.5108,0.4278,0.5638,-0.4591,0.3427,0.5638,,,
summary,2022-11-08,QQQ,,,,,,,-0.45,,1,,,,,,,,,,0.6568,2022-11-07T10:23:00+00:00,1022,1500
trade,2022-11-08,AAPL,Long,2022-11-08T15:58:00+00:00,2022-11-08T15:59:00+00:00,139.4269,139.3532,2.15,-0.16,-0.000529,60000,SessionClose,0.4197,0.4201,0.4792,0.3778,0.4835,0.4836,0.3778,0.4835,,,
summary,2022-11-08,AAPL,,,,,,,-0.16,,1,,,,,,,,,,0.9202,2022-11-07T09:00:00+00:00,1022,1509
summary,2022-11-08,NVDA,,,,,,,0.00,,0,,,,,,,,,,0.8933,2022-11-07T10:58:00+00:00,921,1340
summary,2022-11-08,MSFT,,,,,,,0.00,,0,,,,,,,,,,0.8701,2022-11-07T11:03:00+00:00,856,1137
summary,2022-11-09,SPY,,,,,,,0.00,,0,,,,,,,,,,0.7502,2022-11-07T10:23:00+00:00,1312,2457
summary,2022-11-09,QQQ,,,,,,,0.00,,0,,,,,,,,,,0.6568,2022-11-07T10:23:00+00:00,1294,2391
summary,2022-11-09,AAPL,,,,,,,0.00,,0,,,,,,,,,,0.9202,2022-11-07T09:00:00+00:00,1231,2289
summary,2022-11-09,NVDA,,,,,,,0.00,,0,,,,,,,,,,0.8933,2022-11-07T10:58:00+00:00,1038,2075
summary,2022-11-09,MSFT,,,,,,,0.00,,0,,,,,,,,,,0.8701,2022-11-07T11:03:00+00:00,955,1684
summary,2022-11-10,SPY,,,,,,,0.00,,0,,,,,,,,,,0.8292,2022-11-10T13:40:00+00:00,1679,3003
summary,2022-11-10,QQQ,,,,,,,0.00,,0,,,,,,,,,,0.8740,2022-11-07T15:16:00+00:00,1712,2977
summary,2022-11-10,AAPL,,,,,,,0.00,,0,,,,,,,,,,0.8900,2022-11-07T15:16:00+00:00,1632,2825
summary,2022-11-10,NVDA,,,,,,,0.00,,0,,,,,,,,,,0.9177,2022-11-07T15:04:00+00:00,1491,2617
summary,2022-11-10,MSFT,,,,,,,0.00,,0,,,,,,,,,,0.9571,2022-11-07T15:59:00+00:00,1317,2144
trade,2022-11-11,SPY,Long,2022-11-11T15:11:00+00:00,2022-11-11T15:56:00+00:00,395.8637,396.4160,0.76,0.42,0.001395,2700000,SessionClose,0.3530,0.0775,0.3365,0.3151,0.4342,-0.3555,-0.0287,0.4342,,,
summary,2022-11-11,SPY,,,,,,,0.42,,1,,,,,,,,,,0.9561,2022-11-08T15:43:00+00:00,1561,3071
trade,2022-11-11,QQQ,Long,2022-11-11T15:12:00+00:00,2022-11-11T15:56:00+00:00,284.3203,285.6293,1.06,1.38,0.004604,2640000,SessionClose,0.4936,0.2571,0.5383,0.4395,0.5869,-0.2521,0.1770,0.5869,,,
summary,2022-11-11,QQQ,,,,,,,1.38,,1,,,,,,,,,,0.9524,2022-11-08T15:48:00+00:00,1658,3080
trade,2022-11-11,AAPL,Long,2022-11-11T15:16:00+00:00,2022-11-11T15:56:00+00:00,147.1891,148.2017,2.04,2.07,0.006879,2400000,SessionClose,0.5390,0.3722,0.5675,0.5185,0.5704,0.1077,0.3172,0.5704,,,
summary,2022-11-11,AAPL,,,,,,,2.07,,1,,,,,,,,,,0.7964,2022-11-08T15:59:00+00:00,1624,2905
trade,2022-11-11,NVDA,Long,2022-11-11T15:16:00+00:00,2022-11-11T15:56:00+00:00,159.8529,160.6468,1.89,1.50,0.004966,2400000,SessionClose,0.5415,0.2409,0.6033,0.5308,0.5422,-0.0660,0.1414,0.5422,,,
summary,2022-11-11,NVDA,,,,,,,1.50,,1,,,,,,,,,,0.8709,2022-11-10T13:35:00+00:00,1518,2681
trade,2022-11-11,MSFT,Long,2022-11-11T14:46:00+00:00,2022-11-11T15:56:00+00:00,243.7481,245.9712,1.23,2.74,0.009120,4200000,SessionClose,0.4312,0.1967,0.4774,0.4026,0.4730,-0.1259,0.0576,0.5826,,,
summary,2022-11-11,MSFT,,,,,,,2.74,,1,,,,,,,,,,0.9070,2022-11-08T14:53:00+00:00,1199,2210
trade,2022-11-14,SPY,Long,2022-11-14T15:14:00+00:00,2022-11-14T15:56:00+00:00,398.3645,398.3355,0.75,-0.02,-0.000073,2520000,SessionClose,0.3654,0.2323,0.4012,0.3770,0.3301,0.4267,0.1384,0.3552,,,
summary,2022-11-14,SPY,,,,,,,-0.02,,1,,,,,,,,,,0.8869,2022-11-11T15:21:00+00:00,807,1167
summary,2022-11-14,QQQ,,,,,,,0.00,,0,,,,,,,,,,0.9589,2022-11-11T15:49:00+00:00,888,1171
summary,2022-11-14,AAPL,,,,,,,0.00,,0,,,,,,,,,,0.9600,2022-11-11T15:49:00+00:00,894,1102
summary,2022-11-14,NVDA,,,,,,,0.00,,0,,,,,,,,,,1.0000,2022-11-11T14:40:00+00:00,955,1071
summary,2022-11-14,MSFT,,,,,,,0.00,,0,,,,,,,,,,0.9587,2022-11-11T15:51:00+00:00,379,978
summary,2022-11-15,SPY,,,,,,,0.00,,0,,,,,,,,,,0.5709,2022-11-14T18:26:00+00:00,898,1573
summary,2022-11-15,QQQ,,,,,,,0.00,,0,,,,,,,,,,0.6805,2022-11-15T13:33:00+00:00,1011,1555
summary,2022-11-15,AAPL,,,,,,,0.00,,0,,,,,,,,,,0.6505,2022-11-15T13:33:00+00:00,901,1402
summary,2022-11-15,NVDA,,,,,,,0.00,,0,,,,,,,,,,0.7507,2022-11-15T13:31:00+00:00,1004,1301
summary,2022-11-15,MSFT,,,,,,,0.00,,0,,,,,,,,,,0.7084,2022-11-15T13:33:00+00:00,751,1180
summary,2022-11-16,SPY,,,,,,,0.00,,0,,,,,,,,,,0.5709,2022-11-14T18:26:00+00:00,1058,2471
summary,2022-11-16,QQQ,,,,,,,0.00,,0,,,,,,,,,,0.6805,2022-11-15T13:33:00+00:00,1209,2431
summary,2022-11-16,AAPL,,,,,,,0.00,,0,,,,,,,,,,0.6505,2022-11-15T13:33:00+00:00,1022,2211
summary,2022-11-16,NVDA,,,,,,,0.00,,0,,,,,,,,,,0.7507,2022-11-15T13:31:00+00:00,1111,2080
summary,2022-11-16,MSFT,,,,,,,0.00,,0,,,,,,,,,,0.7084,2022-11-15T13:33:00+00:00,924,1786
summary,2022-11-17,SPY,,,,,,,0.00,,0,,,,,,,,,,0.7639,2022-11-14T15:15:00+00:00,970,3075
summary,2022-11-17,QQQ,,,,,,,0.00,,0,,,,,,,,,,0.8896,2022-11-14T15:15:00+00:00,1142,3004
summary,2022-11-17,AAPL,,,,,,,0.00,,0,,,,,,,,,,0.6619,2022-11-14T17:13:00+00:00,1216,2767
summary,2022-11-17,NVDA,,,,,,,0.00,,0,,,,,,,,,,1.0000,2022-11-14T14:31:00+00:00,1249,2777
summary,2022-11-17,MSFT,,,,,,,0.00,,0,,,,,,,,,,0.8991,2022-11-14T15:00:00+00:00,1105,2265
summary,2022-11-18,SPY,,,,,,,0.00,,0,,,,,,,,,,0.3878,2022-11-15T15:02:00+00:00,476,3052
summary,2022-11-18,QQQ,,,,,,,0.00,,0,,,,,,,,,,0.5550,2022-11-15T15:05:00+00:00,409,3008
summary,2022-11-18,AAPL,,,,,,,0.00,,0,,,,,,,,,,1.0000,2022-11-15T14:32:00+00:00,1017,2774
summary,2022-11-18,NVDA,,,,,,,0.00,,0,,,,,,,,,,0.9070,2022-11-15T15:00:00+00:00,495,2837
summary,2022-11-18,MSFT,,,,,,,0.00,,0,,,,,,,,,,0.4548,2022-11-17T16:59:00+00:00,625,2171
summary,2022-11-21,SPY,,,,,,,0.00,,0,,,,,,,,,,0.5143,2022-11-18T20:49:00+00:00,319,1167
summary,2022-11-21,QQQ,,,,,,,0.00,,0,,,,,,,,,,0.4589,2022-11-18T20:49:00+00:00,136,1126
summary,2022-11-21,AAPL,,,,,,,0.00,,0,,,,,,,,,,0.5274,2022-11-18T16:19:00+00:00,106,1058
trade,2022-11-21,NVDA,Long,2022-11-21T14:55:00+00:00,2022-11-21T15:02:00+00:00,153.9212,153.0191,1.95,-1.76,-0.005861,420000,ScoreExit,0.4396,-0.0551,0.4991,0.4529,0.3933,-0.3827,-0.0635,0.0709,,,
summary,2022-11-21,NVDA,,,,,,,-1.76,,1,,,,,,,,,,0.5833,2022-11-21T16:24:00+00:00,334,1039
summary,2022-11-21,MSFT,,,,,,,0.00,,0,,,,,,,,,,0.5721,2022-11-21T14:31:00+00:00,439,915
summary,2022-11-22,SPY,,,,,,,0.00,,0,,,,,,,,,,0.4785,2022-11-21T18:39:00+00:00,985,1513
trade,2022-11-22,QQQ,Long,2022-11-22T15:50:00+00:00,2022-11-22T15:56:00+00:00,283.3400,283.3307,1.06,-0.01,-0.000033,360000,SessionClose,0.4331,0.4336,0.5472,0.4287,0.4039,0.5408,0.4194,0.4263,,,
trade,2022-11-22,QQQ,Long,2022-11-22T15:59:00+00:00,2022-11-22T16:00:00+00:00,283.6001,283.3700,1.06,-0.24,-0.000811,60000,SessionClose,0.4378,0.4259,0.5488,0.4194,0.4375,0.4506,0.4194,0.4305,,,
summary,2022-11-22,QQQ,,,,,,,-0.25,,2,,,,,,,,,,0.4396,2022-11-22T20:33:00+00:00,756,1445
summary,2022-11-22,AAPL,,,,,,,0.00,,0,,,,,,,,,,0.4975,2022-11-21T13:22:00+00:00,662,1335
summary,2022-11-22,NVDA,,,,,,,0.00,,0,,,,,,,,,,0.8330,2022-11-21T10:14:00+00:00,817,1162
trade,2022-11-22,MSFT,Long,2022-11-22T15:59:00+00:00,2022-11-22T16:00:00+00:00,243.1279,243.0321,1.23,-0.12,-0.000394,60000,SessionClose,0.3637,0.3755,0.4212,0.3482,0.3756,0.5114,0.3482,0.3848,,,
summary,2022-11-22,MSFT,,,,,,,-0.12,,1,,,,,,,,,,0.6674,2022-11-21T14:31:00+00:00,578,1020
trade,2022-11-23,SPY,Long,2022-11-23T14:46:00+00:00,2022-11-23T15:56:00+00:00,401.0053,401.8844,0.75,0.66,0.002192,4200000,SessionClose,0.3673,0.1701,0.3312,0.3794,0.3550,-0.0281,0.0987,0.3789,,,
summary,2022-11-23,SPY,,,,,,,0.66,,1,,,,,,,,,,0.4785,2022-11-21T18:39:00+00:00,1625,2367
trade,2022-11-23,QQQ,Long,2022-11-23T14:38:00+00:00,2022-11-23T15:56:00+00:00,286.9311,288.7733,1.05,1.93,0.006421,4680000,SessionClose,0.4002,0.2357,0.5071,0.3811,0.4026,0.1049,0.1414,0.4678,,,
summary,2022-11-23,QQQ,,,,,,,1.93,,1,,,,,,,,,,0.4735,2022-11-23T19:04:00+00:00,1359,2261
trade,2022-11-23,AAPL,Long,2022-11-23T14:31:00+00:00,2022-11-23T15:56:00+00:00,149.5699,151.6095,2.01,4.09,0.013637,5100000,SessionClose,0.4116,0.1909,0.4087,0.4583,0.3192,0.3433,0.0676,0.3868,,,
summary,2022-11-23,AAPL,,,,,,,4.09,,1,,,,,,,,,,0.4975,2022-11-21T13:22:00+00:00,1168,2114
trade,2022-11-23,NVDA,Long,2022-11-23T14:36:00+00:00,2022-11-23T15:56:00+00:00,161.9136,164.0558,1.85,3.97,0.013231,4800000,SessionClose,0.5206,0.2422,0.4715,0.5214,0.5354,0.1810,0.0898,0.5673,,,
summary,2022-11-23,NVDA,,,,,,,3.97,,1,,,,,,,,,,0.8330,2022-11-21T10:14:00+00:00,1412,1888
trade,2022-11-23,MSFT,Long,2022-11-23T14:51:00+00:00,2022-11-23T15:56:00+00:00,246.3189,247.3408,1.22,1.25,0.004149,3900000,SessionClose,0.3807,0.2899,0.4881,0.3755,0.3555,0.3858,0.2066,0.4245,,,
summary,2022-11-23,MSFT,,,,,,,1.25,,1,,,,,,,,,,0.6674,2022-11-21T14:31:00+00:00,997,1561
summary,2022-11-24,SPY,,,,,,,0.00,,0,,,,,,,,,,0.4800,2022-11-21T18:39:00+00:00,1644,2275
summary,2022-11-24,QQQ,,,,,,,0.00,,0,,,,,,,,,,0.5785,2022-11-21T14:51:00+00:00,1358,2192
summary,2022-11-24,AAPL,,,,,,,0.00,,0,,,,,,,,,,0.5977,2022-11-21T15:00:00+00:00,1175,2082
summary,2022-11-24,NVDA,,,,,,,0.00,,0,,,,,,,,,,1.0000,2022-11-21T14:40:00+00:00,1450,1846
summary,2022-11-24,MSFT,,,,,,,0.00,,0,,,,,,,,,,1.0000,2022-11-21T14:31:00+00:00,937,1531
summary,2022-11-25,SPY,,,,,,,0.00,,0,,,,,,,,,,0.8250,2022-11-22T15:55:00+00:00,1556,2005
summary,2022-11-25,QQQ,,,,,,,0.00,,0,,,,,,,,,,0.9552,2022-11-22T15:50:00+00:00,1510,1927
summary,2022-11-25,AAPL,,,,,,,0.00,,0,,,,,,,,,,0.9544,2022-11-22T15:49:00+00:00,1163,1913
summary,2022-11-25,NVDA,,,,,,,0.00,,0,,,,,,,,,,0.9631,2022-11-22T15:49:00+00:00,1365,1663
trade,2022-11-25,MSFT,Long,2022-11-25T14:39:00+00:00,2022-11-25T15:55:00+00:00,248.3913,247.8856,1.21,-0.61,-0.002036,4560000,MaxHoldTimeout,0.3639,0.2679,0.4146,0.3876,0.2995,0.4764,0.2138,0.3066,,,
summary,2022-11-25,MSFT,,,,,,,-0.61,,1,,,,,,,,,,0.8479,2022-11-22T15:59:00+00:00,1080,1333
summary,2022-11-28,SPY,,,,,,,0.00,,0,,,,,,,,,,0.7135,2022-11-25T16:03:00+00:00,167,1064
summary,2022-11-28,QQQ,,,,,,,0.00,,0,,,,,,,,,,0.5815,2022-11-25T16:03:00+00:00,114,969
summary,2022-11-28,AAPL,,,,,,,0.00,,0,,,,,,,,,,0.8934,2022-11-25T14:58:00+00:00,156,1014
summary,2022-11-28,NVDA,,,,,,,0.00,,0,,,,,,,,,,0.8942,2022-11-25T15:17:00+00:00,126,843
summary,2022-11-28,MSFT,,,,,,,0.00,,0,,,,,,,,,,0.4929,2022-11-25T14:37:00+00:00,46,762
summary,2022-11-29,SPY,,,,,,,0.00,,0,,,,,,,,,,0.3832,2022-11-28T14:34:00+00:00,318,1567
summary,2022-11-29,QQQ,,,,,,,0.00,,0,,,,,,,,,,0.5423,2022-11-28T14:41:00+00:00,310,1504
summary,2022-11-29,AAPL,,,,,,,0.00,,0,,,,,,,,,,0.6432,2022-11-28T14:43:00+00:00,285,1471
summary,2022-11-29,NVDA,,,,,,,0.00,,0,,,,,,,,,,0.6850,2022-11-28T14:41:00+00:00,161,1203
summary,2022-11-29,MSFT,,,,,,,0.00,,0,,,,,,,,,,0.4126,2022-11-28T13:53:00+00:00,69,1109
summary,2022-11-30,SPY,,,,,,,0.00,,0,,,,,,,,,,0.6702,2022-11-30T19:19:00+00:00,592,2420
summary,2022-11-30,QQQ,,,,,,,0.00,,0,,,,,,,,,,0.7529,2022-11-30T19:19:00+00:00,538,2324
summary,2022-11-30,AAPL,,,,,,,0.00,,0,,,,,,,,,,0.7026,2022-11-30T19:19:00+00:00,516,2280
summary,2022-11-30,NVDA,,,,,,,0.00,,0,,,,,,,,,,0.7678,2022-11-30T19:16:00+00:00,438,1812
trade,2022-11-30,MSFT,Long,2022-11-30T14:46:00+00:00,2022-11-30T15:16:00+00:00,243.6581,242.1673,1.23,-1.84,-0.006118,1800000,ScoreExit,0.3736,-0.0572,0.4785,0.3543,0.3774,-0.5290,-0.0669,0.1196,,,
summary,2022-11-30,MSFT,,,,,,,-1.84,,1,,,,,,,,,,0.7454,2022-11-30T19:16:00+00:00,393,1614
summary,2022-12-01,SPY,,,,,,,0.00,,0,,,,,,,,,,0.6721,2022-11-30T19:19:00+00:00,1228,3021
summary,2022-12-01,QQQ,,,,,,,0.00,,0,,,,,,,,,,0.7550,2022-11-30T19:19:00+00:00,1153,2957
trade,2022-12-01,AAPL,Long,2022-12-01T15:56:00+00:00,2022-12-01T15:57:00+00:00,147.8693,147.8756,2.03,0.01,0.000042,60000,SessionClose,0.3985,0.4087,0.4653,0.3669,0.4396,0.5675,0.3669,0.4396,,,
summary,2022-12-01,AAPL,,,,,,,0.01,,1,,,,,,,,,,0.9977,2022-11-28T14:33:00+00:00,1076,2874
trade,2022-12-01,NVDA,Long,2022-12-01T15:56:00+00:00,2022-12-01T15:57:00+00:00,169.8659,169.9940,1.77,0.23,0.000754,60000,SessionClose,0.5099,0.5199,0.4658,0.4994,0.5457,0.5653,0.4994,0.5457,,,
trade,2022-12-01,NVDA,Long,2022-12-01T15:59:00+00:00,2022-12-01T16:00:00+00:00,170.5111,170.6838,1.76,0.30,0.001012,60000,SessionClose,0.5198,0.5223,0.5646,0.4994,0.5457,0.5899,0.4994,0.5457,,,
summary,2022-12-01,NVDA,,,,,,,0.53,,2,,,,,,,,,,1.0000,2022-11-28T14:31:00+00:00,1081,2443
trade,2022-12-01,MSFT,Long,2022-12-01T14:50:00+00:00,2022-12-01T15:06:00+00:00,255.8567,254.5886,1.17,-1.49,-0.004956,960000,ScoreExit,0.4403,-0.0740,0.4610,0.4107,0.4925,-0.1968,-0.2906,0.4002,,,
summary,2022-12-01,MSFT,,,,,,,-1.49,,1,,,,,,,,,,0.7470,2022-11-30T19:16:00+00:00,903,2179
summary,2022-12-02,SPY,,,,,,,0.00,,0,,,,,,,,,,0.7318,2022-11-30T19:19:00+00:00,1858,2999
summary,2022-12-02,QQQ,,,,,,,0.00,,0,,,,,,,,,,0.8124,2022-11-30T19:19:00+00:00,1790,2922
summary,2022-12-02,AAPL,,,,,,,0.00,,0,,,,,,,,,,0.8952,2022-11-29T15:29:00+00:00,1595,2760
summary,2022-12-02,NVDA,,,,,,,0.00,,0,,,,,,,,,,0.8968,2022-11-29T15:08:00+00:00,1551,2450
summary,2022-12-02,MSFT,,,,,,,0.00,,0,,,,,,,,,,0.8117,2022-11-30T19:16:00+00:00,1380,2110
summary,2022-12-05,SPY,,,,,,,0.00,,0,,,,,,,,,,0.6882,2022-12-02T15:52:00+00:00,494,1201
summary,2022-12-05,QQQ,,,,,,,0.00,,0,,,,,,,,,,0.8999,2022-12-02T15:13:00+00:00,571,1128
trade,2022-12-05,AAPL,Long,2022-12-05T14:36:00+00:00,2022-12-05T15:16:00+00:00,149.4998,148.6304,2.01,-1.75,-0.005816,2400000,ScoreExit,0.6529,-0.0615,0.6040,0.6529,0.6693,-0.5688,-0.2514,0.4874,,,
summary,2022-12-05,AAPL,,,,,,,-1.75,,1,,,,,,,,,,0.7545,2022-12-02T15:13:00+00:00,584,1078
summary,2022-12-05,NVDA,,,,,,,0.00,,0,,,,,,,,,,1.0000,2022-12-02T14:32:00+00:00,581,979
summary,2022-12-05,MSFT,,,,,,,0.00,,0,,,,,,,,,,0.8928,2022-12-02T15:13:00+00:00,462,937
summary,2022-12-06,SPY,,,,,,,0.00,,0,,,,,,,,,,0.3737,2022-12-05T11:49:00+00:00,243,1600
summary,2022-12-06,QQQ,,,,,,,0.00,,0,,,,,,,,,,0.3902,2022-12-05T11:48:00+00:00,202,1475
summary,2022-12-06,AAPL,,,,,,,0.00,,0,,,,,,,,,,0.7565,2022-12-05T14:39:00+00:00,246,1370
summary,2022-12-06,NVDA,,,,,,,0.00,,0,,,,,,,,,,0.6315,2022-12-05T16:12:00+00:00,172,1106
summary,2022-12-06,MSFT,,,,,,,0.00,,0,,,,,,,,,,0.7068,2022-12-05T11:52:00+00:00,192,1037
summary,2022-12-07,SPY,,,,,,,0.00,,0,,,,,,,,,,0.3737,2022-12-05T11:49:00+00:00,243,2475
summary,2022-12-07,QQQ,,,,,,,0.00,,0,,,,,,,,,,0.3902,2022-12-05T11:48:00+00:00,230,2329
summary,2022-12-07,AAPL,,,,,,,0.00,,0,,,,,,,,,,0.7565,2022-12-05T14:39:00+00:00,246,2185
summary,2022-12-07,NVDA,,,,,,,0.00,,0,,,,,,,,,,0.6315,2022-12-05T16:12:00+00:00,344,1757
summary,2022-12-07,MSFT,,,,,,,0.00,,0,,,,,,,,,,0.7068,2022-12-05T11:52:00+00:00,278,1588
summary,2022-12-08,SPY,,,,,,,0.00,,0,,,,,,,,,,0.4240,2022-12-05T14:37:00+00:00,414,3031
summary,2022-12-08,QQQ,,,,,,,0.00,,0,,,,,,,,,,0.5532,2022-12-05T14:38:00+00:00,381,2904
summary,2022-12-08,AAPL,,,,,,,0.00,,0,,,,,,,,,,1.0000,2022-12-05T14:35:00+00:00,262,2727
trade,2022-12-08,NVDA,Long,2022-12-08T15:06:00+00:00,2022-12-08T15:56:00+00:00,164.4114,167.3848,1.83,5.43,0.018085,3000000,SessionClose,0.6383,0.4027,0.6277,0.6116,0.6953,-0.5676,0.4181,0.6953,,,
summary,2022-12-08,NVDA,,,,,,,5.43,,1,,,,,,,,,,0.8335,2022-12-05T16:04:00+00:00,801,2238
summary,2022-12-08,MSFT,,,,,,,0.00,,0,,,,,,,,,,0.6131,2022-12-05T14:49:00+00:00,471,2016
summary,2022-12-09,SPY,,,,,,,0.00,,0,,,,,,,,,,0.4203,2022-12-08T15:34:00+00:00,1345,2968
trade,2022-12-09,QQQ,Long,2022-12-09T15:37:00+00:00,2022-12-09T15:56:00+00:00,284.2704,284.2897,1.06,0.02,0.000068,1140000,SessionClose,0.3558,0.4076,0.3796,0.3815,0.2964,0.5434,0.4406,0.2964,,,
summary,2022-12-09,QQQ,,,,,,,0.02,,1,,,,,,,,,,0.4843,2022-12-08T15:34:00+00:00,1069,2894
trade,2022-12-09,AAPL,Long,2022-12-09T15:35:00+00:00,2022-12-09T15:56:00+00:00,142.8979,143.5269,2.10,1.32,0.004402,1260000,SessionClose,0.4028,0.5469,0.4084,0.3809,0.4446,0.5497,0.5710,0.4979,,,
trade,2022-12-09,AAPL,Long,2022-12-09T15:58:00+00:00,2022-12-09T15:59:00+00:00,143.9682,143.9918,2.09,0.05,0.000164,60000,SessionClose,0.5492,0.5508,0.5722,0.5710,0.4979,0.5880,0.5710,0.4979,,,
summary,2022-12-09,AAPL,,,,,,,1.37,,2,,,,,,,,,,0.5625,2022-12-09T16:03:00+00:00,853,2695
trade,2022-12-09,NVDA,Long,2022-12-09T14:31:00+00:00,2022-12-09T15:56:00+00:00,171.6565,173.5724,1.75,3.35,0.011161,5100000,SessionClose,0.4428,0.4848,0.4929,0.4335,0.4448,0.3282,0.4599,0.5869,,,
summary,2022-12-09,NVDA,,,,,,,3.35,,1,,,,,,,,,,0.7446,2022-12-08T15:34:00+00:00,1404,2400
trade,2022-12-09,MSFT,Long,2022-12-09T15:38:00+00:00,2022-12-09T15:56:00+00:00,246.5089,246.6010,1.22,0.11,0.000373,1080000,SessionClose,0.3808,0.4603,0.4316,0.4102,0.3050,0.5443,0.5083,0.3362,,,
summary,2022-12-09,MSFT,,,,,,,0.11,,1,,,,,,,,,,0.4965,2022-12-09T16:02:00+00:00,908,2032
summary,2022-12-12,SPY,,,,,,,0.00,,0,,,,,,,,,,0.8522,2022-12-09T16:04:00+00:00,532,1143
summary,2022-12-12,QQQ,,,,,,,0.00,,0,,,,,,,,,,0.9588,2022-12-09T15:59:00+00:00,388,1124
summary,2022-12-12,AAPL,,,,,,,0.00,,0,,,,,,,,,,0.9596,2022-12-09T15:59:00+00:00,465,1044
summary,2022-12-12,NVDA,,,,,,,0.00,,0,,,,,,,,,,1.0000,2022-12-09T14:35:00+00:00,425,1025
trade,2022-12-12,MSFT,Long,2022-12-12T14:49:00+00:00,2022-12-12T15:56:00+00:00,250.9903,249.2002,1.20,-2.14,-0.007132,4020000,SessionClose,0.7141,0.1385,0.5922,0.7261,0.7309,0.1401,-0.1132,0.6414,,,
summary,2022-12-12,MSFT,,,,,,,-2.14,,1,,,,,,,,,,0.9597,2022-12-09T15:59:00+00:00,727,915
summary,2022-12-13,SPY,,,,,,,0.00,,0,,,,,,,,,,0.8280,2022-12-13T13:49:00+00:00,1226,1538
summary,2022-12-13,QQQ,,,,,,,0.00,,0,,,,,,,,,,0.8904,2022-12-13T13:49:00+00:00,1075,1482
summary,2022-12-13,AAPL,,,,,,,0.00,,0,,,,,,,,,,0.7650,2022-12-13T13:41:00+00:00,971,1330
summary,2022-12-13,NVDA,,,,,,,0.00,,0,,,,,,,,,,0.8427,2022-12-13T13:49:00+00:00,1085,1325
summary,2022-12-13,MSFT,,,,,,,0.00,,0,,,,,,,,,,0.8454,2022-12-12T11:00:00+00:00,822,1094
trade,2022-12-14,SPY,Long,2022-12-14T15:07:00+00:00,2022-12-14T15:56:00+00:00,404.0562,403.9888,0.74,-0.05,-0.000167,2940000,SessionClose,0.3524,0.0807,0.3941,0.3858,0.2716,-0.4469,0.0732,0.2716,,,
summary,2022-12-14,SPY,,,,,,,-0.05,,1,,,,,,,,,,0.8280,2022-12-13T13:49:00+00:00,1700,2376
trade,2022-12-14,QQQ,Long,2022-12-14T15:17:00+00:00,2022-12-14T15:56:00+00:00,290.6822,290.1779,1.03,-0.52,-0.001735,2340000,SessionClose,0.3587,0.0168,0.2757,0.4148,0.2741,-0.4991,-0.0259,0.2741,,,
summary,2022-12-14,QQQ,,,,,,,-0.52,,1,,,,,,,,,,0.8904,2022-12-13T13:49:00+00:00,1474,2323
summary,2022-12-14,AAPL,,,,,,,0.00,,0,,,,,,,,,,0.7650,2022-12-13T13:41:00+00:00,1241,2071
summary,2022-12-14,NVDA,,,,,,,0.00,,0,,,,,,,,,,0.8427,2022-12-13T13:49:00+00:00,1440,1972
trade,2022-12-14,MSFT,Long,2022-12-14T14:31:00+00:00,2022-12-14T15:56:00+00:00,258.2124,260.5668,1.16,2.74,0.009118,5100000,SessionClose,0.4456,0.0570,0.5500,0.4150,0.4721,-0.3850,-0.0553,0.4288,,,
summary,2022-12-14,MSFT,,,,,,,2.74,,1,,,,,,,,,,0.8454,2022-12-12T11:00:00+00:00,1244,1648
summary,2022-12-15,SPY,,,,,,,0.00,,0,,,,,,,,,,0.8082,2022-12-13T13:49:00+00:00,1691,3027
summary,2022-12-15,QQQ,,,,,,,0.00,,0,,,,,,,,,,0.8919,2022-12-13T13:49:00+00:00,1347,2950
summary,2022-12-15,AAPL,,,,,,,0.00,,0,,,,,,,,,,0.7666,2022-12-13T13:41:00+00:00,1179,2689
summary,2022-12-15,NVDA,,,,,,,0.00,,0,,,,,,,,,,0.9073,2022-12-12T14:53:00+00:00,1341,2544
summary,2022-12-15,MSFT,,,,,,,0.00,,0,,,,,,,,,,1.0000,2022-12-12T14:35:00+00:00,1242,2198
summary,2022-12-16,SPY,,,,,,,0.00,,0,,,,,,,,,,0.5161,2022-12-13T14:55:00+00:00,229,3067
summary,2022-12-16,QQQ,,,,,,,0.00,,0,,,,,,,,,,0.5789,2022-12-13T14:47:00+00:00,165,3009
summary,2022-12-16,AAPL,,,,,,,0.00,,0,,,,,,,,,,0.5073,2022-12-13T14:45:00+00:00,132,2805
summary,2022-12-16,NVDA,,,,,,,0.00,,0,,,,,,,,,,0.9464,2022-12-13T14:46:00+00:00,137,2471
summary,2022-12-16,MSFT,,,,,,,0.00,,0,,,,,,,,,,0.9113,2022-12-13T14:45:00+00:00,393,2203
summary,2022-12-19,SPY,,,,,,,0.00,,0,,,,,,,,,,0.6194,2022-12-16T20:30:00+00:00,297,1184
summary,2022-12-19,QQQ,,,,,,,0.00,,0,,,,,,,,,,0.8357,2022-12-16T14:49:00+00:00,224,1168
summary,2022-12-19,AAPL,,,,,,,0.00,,0,,,,,,,,,,0.9035,2022-12-16T14:53:00+00:00,266,1143
summary,2022-12-19,NVDA,,,,,,,0.00,,0,,,,,,,,,,1.0000,2022-12-16T14:33:00+00:00,212,986
summary,2022-12-19,MSFT,,,,,,,0.00,,0,,,,,,,,,,0.8184,2022-12-16T14:50:00+00:00,104,975
trade,2022-12-20,SPY,Long,2022-12-20T15:37:00+00:00,2022-12-20T15:56:00+00:00,382.0199,381.9104,0.79,-0.09,-0.000287,1140000,SessionClose,0.4126,0.2129,0.4336,0.4395,0.3518,0.5029,0.0911,0.3600,,,
summary,2022-12-20,SPY,,,,,,,-0.09,,1,,,,,,,,,,0.6552,2022-12-19T10:22:00+00:00,568,1555
summary,2022-12-20,QQQ,,,,,,,0.00,,0,,,,,,,,,,0.6038,2022-12-19T10:21:00+00:00,356,1539
summary,2022-12-20,AAPL,,,,,,,0.00,,0,,,,,,,,,,0.6039,2022-12-19T10:23:00+00:00,440,1463
summary,2022-12-20,NVDA,,,,,,,0.00,,0,,,,,,,,,,0.6809,2022-12-19T17:49:00+00:00,322,1165
trade,2022-12-20,MSFT,Long,2022-12-20T15:27:00+00:00,2022-12-20T15:56:00+00:00,241.4274,241.8724,1.24,0.55,0.001843,1740000,SessionClose,0.3863,0.1011,0.3723,0.4318,0.3001,0.2129,-0.0559,0.3778,,,
summary,2022-12-20,MSFT,,,,,,,0.55,,1,,,,,,,,,,0.6723,2022-12-19T11:21:00+00:00,421,1118
trade,2022-12-21,SPY,Long,2022-12-21T15:06:00+00:00,2022-12-21T15:56:00+00:00,384.2602,386.3591,0.78,1.64,0.005462,3000000,SessionClose,0.4028,0.3858,0.5059,0.3752,0.4235,0.4399,0.3579,0.4235,,,
trade,2022-12-21,SPY,Long,2022-12-21T15:58:00+00:00,2022-12-21T15:59:00+00:00,386.5609,386.4390,0.78,-0.09,-0.000315,60000,SessionClose,0.3921,0.3968,0.5031,0.3579,0.4235,0.5495,0.3579,0.4235,,,
summary,2022-12-21,SPY,,,,,,,1.54,,2,,,,,,,,,,0.6552,2022-12-19T10:22:00+00:00,1201,2413
trade,2022-12-21,QQQ,Long,2022-12-21T15:07:00+00:00,2022-12-21T15:56:00+00:00,271.7265,273.6329,1.10,2.11,0.007016,2940000,SessionClose,0.4022,0.3873,0.4411,0.4025,0.3888,0.4878,0.3699,0.3888,,,
summary,2022-12-21,QQQ,,,,,,,2.11,,1,,,,,,,,,,0.6038,2022-12-19T10:21:00+00:00,962,2424
trade,2022-12-21,AAPL,Long,2022-12-21T15:33:00+00:00,2022-12-21T15:56:00+00:00,135.2567,136.1491,2.22,1.98,0.006598,1380000,SessionClose,0.5180,0.5565,0.4976,0.4761,0.6087,0.4899,0.5414,0.6087,,,
trade,2022-12-21,AAPL,Long,2022-12-21T15:58:00+00:00,2022-12-21T15:59:00+00:00,136.5660,136.5057,2.20,-0.13,-0.000441,60000,SessionClose,0.5652,0.5642,0.5770,0.5414,0.6087,0.5671,0.5414,0.6087,,,
summary,2022-12-21,AAPL,,,,,,,1.85,,2,,,,,,,,,,0.6039,2022-12-19T10:23:00+00:00,1114,2288
trade,2022-12-21,NVDA,Long,2022-12-21T14:39:00+00:00,2022-12-21T15:56:00+00:00,162.6988,165.1654,1.84,4.55,0.015161,4620000,SessionClose,0.4156,0.3620,0.4046,0.4350,0.3807,0.3453,0.2462,0.5992,,,
summary,2022-12-21,NVDA,,,,,,,4.55,,1,,,,,,,,,,0.6809,2022-12-19T17:49:00+00:00,785,1819
trade,2022-12-21,MSFT,Long,2022-12-21T15:31:00+00:00,2022-12-21T15:56:00+00:00,243.1879,244.3517,1.23,1.44,0.004785,1500000,SessionClose,0.3661,0.3528,0.3221,0.3933,0.3266,0.5069,0.3401,0.3266,,,
summary,2022-12-21,MSFT,,,,,,,1.44,,1,,,,,,,,,,0.6723,2022-12-19T11:21:00+00:00,819,1712
summary,2022-12-22,SPY,,,,,,,0.00,,0,,,,,,,,,,0.4675,2022-12-21T15:39:00+00:00,1293,2993
summary,2022-12-22,QQQ,,,,,,,0.00,,0,,,,,,,,,,0.4649,2022-12-20T15:32:00+00:00,1066,2957
summary,2022-12-22,AAPL,,,,,,,0.00,,0,,,,,,,,,,0.5657,2022-12-21T15:57:00+00:00,1249,2797
summary,2022-12-22,NVDA,,,,,,,0.00,,0,,,,,,,,,,0.7280,2022-12-19T15:30:00+00:00,775,2337
summary,2022-12-22,MSFT,,,,,,,0.00,,0,,,,,,,,,,0.5107,2022-12-20T15:32:00+00:00,828,2128
summary,2022-12-23,SPY,,,,,,,0.00,,0,,,,,,,,,,0.8958,2022-12-20T15:53:00+00:00,1613,2956
summary,2022-12-23,QQQ,,,,,,,0.00,,0,,,,,,,,,,0.9173,2022-12-20T15:53:00+00:00,1200,2975
summary,2022-12-23,AAPL,,,,,,,0.00,,0,,,,,,,,,,0.9448,2022-12-20T15:53:00+00:00,1375,2778
summary,2022-12-23,NVDA,,,,,,,0.00,,0,,,,,,,,,,1.0000,2022-12-20T14:37:00+00:00,833,2422
summary,2022-12-23,MSFT,,,,,,,0.00,,0,,,,,,,,,,0.9431,2022-12-20T15:49:00+00:00,874,2083
summary,2022-12-26,SPY,,,,,,,0.00,,0,,,,,,,,,,0.9022,2022-12-23T15:18:00+00:00,390,482
summary,2022-12-26,QQQ,,,,,,,0.00,,0,,,,,,,,,,0.9066,2022-12-23T15:18:00+00:00,391,472
summary,2022-12-26,AAPL,,,,,,,0.00,,0,,,,,,,,,,0.9004,2022-12-23T15:18:00+00:00,391,476
summary,2022-12-26,NVDA,,,,,,,0.00,,0,,,,,,,,,,0.9120,2022-12-23T15:18:00+00:00,304,438
summary,2022-12-26,MSFT,,,,,,,0.00,,0,,,,,,,,,,0.9581,2022-12-23T15:40:00+00:00,363,426
summary,2022-12-27,SPY,,,,,,,0.00,,0,,,,,,,,,,0.6918,2022-12-27T10:30:00+00:00,265,636
summary,2022-12-27,QQQ,,,,,,,0.00,,0,,,,,,,,,,0.5213,2022-12-27T10:14:00+00:00,143,656
summary,2022-12-27,AAPL,,,,,,,0.00,,0,,,,,,,,,,0.6537,2022-12-27T10:17:00+00:00,255,626
summary,2022-12-27,NVDA,,,,,,,0.00,,0,,,,,,,,,,0.9370,2022-12-27T09:47:00+00:00,53,562
summary,2022-12-27,MSFT,,,,,,,0.00,,0,,,,,,,,,,0.4617,2022-12-27T15:39:00+00:00,204,532
trade,2022-12-28,SPY,Long,2022-12-28T14:50:00+00:00,2022-12-28T15:08:00+00:00,383.2399,381.8204,0.78,-1.11,-0.003704,1080000,ScoreExit,0.3514,-0.0568,0.3887,0.3858,0.2703,-0.4451,-0.0615,0.0820,,,
summary,2022-12-28,SPY,,,,,,,-1.11,,1,,,,,,,,,,0.6918,2022-12-27T10:30:00+00:00,528,1422
summary,2022-12-28,QQQ,,,,,,,0.00,,0,,,,,,,,,,0.5213,2022-12-27T10:14:00+00:00,271,1516
summary,2022-12-28,AAPL,,,,,,,0.00,,0,,,,,,,,,,0.6537,2022-12-27T10:17:00+00:00,511,1415
summary,2022-12-28,NVDA,,,,,,,0.00,,0,,,,,,,,,,0.9370,2022-12-27T09:47:00+00:00,198,1363
trade,2022-12-28,MSFT,Long,2022-12-28T14:34:00+00:00,2022-12-28T15:26:00+00:00,238.4465,238.5034,1.26,0.07,0.000239,3120000,ScoreExit,0.4475,-0.0543,0.5496,0.4432,0.4222,-0.5241,-0.1506,0.2949,,,
summary,2022-12-28,MSFT,,,,,,,0.07,,1,,,,,,,,,,0.4617,2022-12-27T15:39:00+00:00,368,1080
trade,2022-12-29,SPY,Long,2022-12-29T14:56:00+00:00,2022-12-29T15:56:00+00:00,381.5994,382.9501,0.79,1.06,0.003539,3600000,SessionClose,0.3556,0.2247,0.4087,0.3851,0.2788,0.5048,0.1049,0.3711,,,
summary,2022-12-29,SPY,,,,,,,1.06,,1,,,,,,,,,,0.6918,2022-12-27T10:30:00+00:00,916,2276
trade,2022-12-29,QQQ,Long,2022-12-29T14:45:00+00:00,2022-12-29T15:56:00+00:00,264.6144,266.2251,1.13,1.83,0.006087,4260000,SessionClose,0.3810,0.2400,0.3453,0.3994,0.3561,0.0996,0.1645,0.4379,,,
summary,2022-12-29,QQQ,,,,,,,1.83,,1,,,,,,,,,,0.5213,2022-12-27T10:14:00+00:00,672,2352
trade,2022-12-29,AAPL,Long,2022-12-29T15:56:00+00:00,2022-12-29T15:57:00+00:00,129.6589,129.7662,2.31,0.25,0.000827,60000,SessionClose,0.4377,0.4388,0.5336,0.3924,0.4962,0.5455,0.3924,0.4962,,,
summary,2022-12-29,AAPL,,,,,,,0.25,,1,,,,,,,,,,0.6537,2022-12-27T10:17:00+00:00,861,2276
summary,2022-12-29,NVDA,,,,,,,0.00,,0,,,,,,,,,,0.9370,2022-12-27T09:47:00+00:00,693,2035
trade,2022-12-29,MSFT,Long,2022-12-29T14:58:00+00:00,2022-12-29T15:56:00+00:00,238.2465,239.6431,1.26,1.76,0.005862,3480000,SessionClose,0.3884,0.3442,0.3969,0.4127,0.3372,0.0644,0.3342,0.4574,,,
summary,2022-12-29,MSFT,,,,,,,1.76,,1,,,,,,,,,,0.4828,2022-12-29T15:18:00+00:00,754,1661
summary,2022-12-30,SPY,,,,,,,0.00,,0,,,,,,,,,,0.8898,2022-12-27T15:46:00+00:00,1113,2872
summary,2022-12-30,QQQ,,,,,,,0.00,,0,,,,,,,,,,0.7837,2022-12-27T15:48:00+00:00,1032,2912
summary,2022-12-30,AAPL,,,,,,,0.00,,0,,,,,,,,,,0.6659,2022-12-27T17:11:00+00:00,1155,2817
trade,2022-12-30,NVDA,Long,2022-12-30T14:36:00+00:00,2022-12-30T14:47:00+00:00,143.9182,143.5619,2.09,-0.74,-0.002475,660000,ScoreExit,0.3766,-0.0565,0.3995,0.4138,0.2946,-0.2598,-0.1650,0.2282,,,
summary,2022-12-30,NVDA,,,,,,,-0.74,,1,,,,,,,,,,0.9051,2022-12-27T15:21:00+00:00,1372,2515
summary,2022-12-30,MSFT,,,,,,,0.00,,0,,,,,,,,,,0.8979,2022-12-27T15:21:00+00:00,935,2050
