row_type,date,ticker,direction,entry_time,exit_time,entry_price,exit_price,size,pnl,pnl_pct,hold_duration_ms,exit_reason,entry_composite,exit_composite,entry_1m,entry_5m,entry_1h,exit_1m,exit_5m,exit_1h,max_composite,max_composite_time,positive_ticks,total_ticks
summary,2025-01-01,SPY,,,,,,,0.00,,0,,,,,,,,,,0.6204,2024-12-30T16:43:00+00:00,638,1487
summary,2025-01-01,QQQ,,,,,,,0.00,,0,,,,,,,,,,0.6107,2024-12-30T16:42:00+00:00,602,1636
summary,2025-01-01,AAPL,,,,,,,0.00,,0,,,,,,,,,,0.5601,2024-12-30T17:28:00+00:00,425,1297
summary,2025-01-01,NVDA,,,,,,,0.00,,0,,,,,,,,,,0.7924,2024-12-30T14:51:00+00:00,789,1896
summary,2025-01-01,MSFT,,,,,,,0.00,,0,,,,,,,,,,0.5826,2024-12-30T17:45:00+00:00,429,1112
summary,2025-01-02,SPY,,,,,,,0.00,,0,,,,,,,,,,0.5836,2024-12-30T16:43:00+00:00,869,1910
summary,2025-01-02,QQQ,,,,,,,0.00,,0,,,,,,,,,,0.5915,2024-12-30T16:42:00+00:00,739,2023
summary,2025-01-02,AAPL,,,,,,,0.00,,0,,,,,,,,,,0.5537,2024-12-30T17:28:00+00:00,413,1742
trade,2025-01-02,NVDA,Long,2025-01-02T15:06:00+00:00,2025-01-02T15:56:00+00:00,138.0593,137.5437,2.17,-1.12,-0.003734,3000000,SessionClose,0.4622,0.1785,0.5354,0.4763,0.4097,0.4125,0.0239,0.4097,,,
summary,2025-01-02,NVDA,,,,,,,-1.12,,1,,,,,,,,,,1.0000,2024-12-30T14:38:00+00:00,1130,2290
summary,2025-01-02,MSFT,,,,,,,0.00,,0,,,,,,,,,,0.6498,2024-12-30T15:44:00+00:00,528,1543
summary,2025-01-03,SPY,,,,,,,0.00,,0,,,,,,,,,,0.4820,2025-01-02T09:15:00+00:00,927,1934
trade,2025-01-03,QQQ,Long,2025-01-03T15:04:00+00:00,2025-01-03T15:16:00+00:00,515.4596,514.4406,0.58,-0.59,-0.001977,720000,ScoreExit,0.3615,-0.0662,0.3605,0.3931,0.2986,-0.5444,-0.1690,0.2986,,,
summary,2025-01-03,QQQ,,,,,,,-0.59,,1,,,,,,,,,,0.5278,2025-01-02T09:09:00+00:00,972,1988
summary,2025-01-03,AAPL,,,,,,,0.00,,0,,,,,,,,,,0.4441,2025-01-02T09:23:00+00:00,71,1837
summary,2025-01-03,NVDA,,,,,,,0.00,,0,,,,,,,,,,0.9004,2024-12-31T15:27:00+00:00,1528,2301
summary,2025-01-03,MSFT,,,,,,,0.00,,0,,,,,,,,,,0.5202,2025-01-02T09:07:00+00:00,497,1569
trade,2025-01-06,SPY,Long,2025-01-06T14:55:00+00:00,2025-01-06T15:56:00+00:00,598.1544,598.8753,0.50,0.36,0.001205,3660000,SessionClose,0.3764,0.2272,0.4359,0.3247,0.4599,0.4837,0.0573,0.4817,,,
summary,2025-01-06,SPY,,,,,,,0.36,,1,,,,,,,,,,0.7443,2025-01-03T16:03:00+00:00,957,1171
trade,2025-01-06,QQQ,Long,2025-01-06T14:46:00+00:00,2025-01-06T15:56:00+00:00,526.0928,527.4667,0.57,0.78,0.002612,4200000,SessionClose,0.4448,0.1981,0.4079,0.4178,0.5112,0.4032,-0.0082,0.5423,,,
summary,2025-01-06,QQQ,,,,,,,0.78,,1,,,,,,,,,,0.7286,2025-01-03T14:39:00+00:00,1017,1237
trade,2025-01-06,AAPL,Long,2025-01-06T14:31:00+00:00,2025-01-06T15:56:00+00:00,244.9335,246.1391,1.23,1.48,0.004922,5100000,SessionClose,0.4199,0.4066,0.5419,0.3950,0.4291,0.3719,0.3497,0.5320,,,
summary,2025-01-06,AAPL,,,,,,,1.48,,1,,,,,,,,,,0.8627,2025-01-03T14:43:00+00:00,690,1144
summary,2025-01-06,NVDA,,,,,,,0.00,,0,,,,,,,,,,1.0000,2025-01-03T14:32:00+00:00,1291,1351
trade,2025-01-06,MSFT,Long,2025-01-06T14:52:00+00:00,2025-01-06T15:56:00+00:00,431.2314,431.7254,0.70,0.34,0.001146,3840000,SessionClose,0.5229,0.1616,0.5298,0.4980,0.5704,-0.1392,0.0027,0.5797,,,
summary,2025-01-06,MSFT,,,,,,,0.34,,1,,,,,,,,,,0.7629,2025-01-03T15:04:00+00:00,696,1044
summary,2025-01-07,SPY,,,,,,,0.00,,0,,,,,,,,,,0.7286,2025-01-06T10:19:00+00:00,521,1426
summary,2025-01-07,QQQ,,,,,,,0.00,,0,,,,,,,,,,0.7863,2025-01-06T10:22:00+00:00,718,1546
summary,2025-01-07,AAPL,,,,,,,0.00,,0,,,,,,,,,,0.6062,2025-01-06T16:06:00+00:00,397,1384
summary,2025-01-07,NVDA,,,,,,,0.00,,0,,,,,,,,,,0.8928,2025-01-06T09:53:00+00:00,1115,1681
trade,2025-01-07,MSFT,Long,2025-01-07T14:59:00+00:00,2025-01-07T15:01:00+00:00,430.4941,429.1211,0.70,-0.96,-0.003189,120000,ScoreExit,0.3750,-0.0560,0.4969,0.3660,0.3525,-0.4578,-0.0581,0.0820,,,
summary,2025-01-07,MSFT,,,,,,,-0.96,,1,,,,,,,,,,0.9249,2025-01-06T10:22:00+00:00,390,1188
summary,2025-01-08,SPY,,,,,,,0.00,,0,,,,,,,,,,0.7286,2025-01-06T10:19:00+00:00,521,2255
summary,2025-01-08,QQQ,,,,,,,0.00,,0,,,,,,,,,,0.7863,2025-01-06T10:22:00+00:00,719,2410
summary,2025-01-08,AAPL,,,,,,,0.00,,0,,,,,,,,,,0.6062,2025-01-06T16:06:00+00:00,441,2088
summary,2025-01-08,NVDA,,,,,,,0.00,,0,,,,,,,,,,0.8928,2025-01-06T09:53:00+00:00,1136,2641
summary,2025-01-08,MSFT,,,,,,,0.00,,0,,,,,,,,,,0.9249,2025-01-06T10:22:00+00:00,444,1769
summary,2025-01-09,SPY,,,,,,,0.00,,0,,,,,,,,,,0.7652,2025-01-06T15:54:00+00:00,275,2172
summary,2025-01-09,QQQ,,,,,,,0.00,,0,,,,,,,,,,0.8302,2025-01-06T15:45:00+00:00,376,2290
summary,2025-01-09,AAPL,,,,,,,0.00,,0,,,,,,,,,,0.9556,2025-01-06T15:45:00+00:00,238,1944
summary,2025-01-09,NVDA,,,,,,,0.00,,0,,,,,,,,,,1.0000,2025-01-06T14:36:00+00:00,615,2550
summary,2025-01-09,MSFT,,,,,,,0.00,,0,,,,,,,,,,0.9373,2025-01-06T14:43:00+00:00,311,1622
summary,2025-01-10,SPY,,,,,,,0.00,,0,,,,,,,,,,0.3142,2025-01-08T18:28:00+00:00,311,2021
summary,2025-01-10,QQQ,,,,,,,0.00,,0,,,,,,,,,,0.3659,2025-01-08T18:26:00+00:00,266,2086
summary,2025-01-10,AAPL,,,,,,,0.00,,0,,,,,,,,,,0.8735,2025-01-07T14:45:00+00:00,361,1754
summary,2025-01-10,NVDA,,,,,,,0.00,,0,,,,,,,,,,0.4316,2025-01-08T15:03:00+00:00,218,2311
summary,2025-01-10,MSFT,,,,,,,0.00,,0,,,,,,,,,,0.6002,2025-01-07T14:57:00+00:00,462,1537
summary,2025-01-13,SPY,,,,,,,0.00,,0,,,,,,,,,,0.5894,2025-01-10T18:57:00+00:00,276,1201
summary,2025-01-13,QQQ,,,,,,,0.00,,0,,,,,,,,,,0.7119,2025-01-10T15:48:00+00:00,334,1243
summary,2025-01-13,AAPL,,,,,,,0.00,,0,,,,,,,,,,0.5913,2025-01-10T18:34:00+00:00,357,1155
summary,2025-01-13,NVDA,,,,,,,0.00,,0,,,,,,,,,,0.9552,2025-01-10T15:46:00+00:00,574,1349
summary,2025-01-13,MSFT,,,,,,,0.00,,0,,,,,,,,,,0.6757,2025-01-10T18:23:00+00:00,261,1006
summary,2025-01-14,SPY,,,,,,,0.00,,0,,,,,,,,,,0.5273,2025-01-13T18:34:00+00:00,991,1478
summary,2025-01-14,QQQ,,,,,,,0.00,,0,,,,,,,,,,0.7066,2025-01-13T10:34:00+00:00,1052,1593
trade,2025-01-14,AAPL,Long,2025-01-14T14:33:00+00:00,2025-01-14T15:37:00+00:00,235.1055,235.3644,1.28,0.33,0.001101,3840000,ScoreExit,0.3744,-0.0856,0.4136,0.3690,0.3722,-0.5487,-0.2288,0.3551,,,
summary,2025-01-14,AAPL,,,,,,,0.33,,1,,,,,,,,,,0.7781,2025-01-13T10:32:00+00:00,871,1398
summary,2025-01-14,NVDA,,,,,,,0.00,,0,,,,,,,,,,0.6368,2025-01-13T14:52:00+00:00,955,1681
summary,2025-01-14,MSFT,,,,,,,0.00,,0,,,,,,,,,,0.8010,2025-01-13T10:30:00+00:00,608,1124
summary,2025-01-15,SPY,,,,,,,0.00,,0,,,,,,,,,,0.5997,2025-01-15T13:35:00+00:00,1617,2278
summary,2025-01-15,QQQ,,,,,,,0.00,,0,,,,,,,,,,0.7066,2025-01-13T10:34:00+00:00,1679,2416
trade,2025-01-15,AAPL,Long,2025-01-15T14:41:00+00:00,2025-01-15T15:56:00+00:00,237.2061,238.1035,1.27,1.14,0.003783,4500000,SessionClose,0.4828,0.1654,0.5573,0.4928,0.4380,0.5566,-0.0561,0.4781,,,
summary,2025-01-15,AAPL,,,,,,,1.14,,1,,,,,,,,,,0.7781,2025-01-13T10:32:00+00:00,1360,2051
trade,2025-01-15,NVDA,Long,2025-01-15T15:22:00+00:00,2025-01-15T15:56:00+00:00,134.5053,135.4344,2.23,2.07,0.006907,2040000,SessionClose,0.4902,0.3162,0.5741,0.4329,0.5767,0.5609,0.1451,0.5767,,,
summary,2025-01-15,NVDA,,,,,,,2.07,,1,,,,,,,,,,0.6368,2025-01-13T14:52:00+00:00,1501,2637
trade,2025-01-15,MSFT,Long,2025-01-15T15:07:00+00:00,2025-01-15T15:56:00+00:00,424.7220,425.1574,0.71,0.31,0.001025,2940000,SessionClose,0.3966,0.0160,0.3306,0.3691,0.4736,-0.3284,-0.1554,0.4736,,,
summary,2025-01-15,MSFT,,,,,,,0.31,,1,,,,,,,,,,0.8010,2025-01-13T10:30:00+00:00,1087,1718
summary,2025-01-16,SPY,,,,,,,0.00,,0,,,,,,,,,,0.8850,2025-01-13T15:46:00+00:00,2083,2829
summary,2025-01-16,QQQ,,,,,,,0.00,,0,,,,,,,,,,0.9504,2025-01-13T15:49:00+00:00,2168,2990
summary,2025-01-16,AAPL,,,,,,,0.00,,0,,,,,,,,,,0.7067,2025-01-13T17:19:00+00:00,1549,2480
summary,2025-01-16,NVDA,,,,,,,0.00,,0,,,,,,,,,,1.0000,2025-01-13T14:30:00+00:00,2231,3267
summary,2025-01-16,MSFT,,,,,,,0.00,,0,,,,,,,,,,0.8481,2025-01-13T14:37:00+00:00,1438,2170
summary,2025-01-17,SPY,,,,,,,0.00,,0,,,,,,,,,,0.6341,2025-01-15T13:35:00+00:00,1957,2813
summary,2025-01-17,QQQ,,,,,,,0.00,,0,,,,,,,,,,0.6774,2025-01-15T13:35:00+00:00,2012,2964
summary,2025-01-17,AAPL,,,,,,,0.00,,0,,,,,,,,,,0.8644,2025-01-14T14:34:00+00:00,789,2606
summary,2025-01-17,NVDA,,,,,,,0.00,,0,,,,,,,,,,0.8394,2025-01-14T14:38:00+00:00,1867,3265
summary,2025-01-17,MSFT,,,,,,,0.00,,0,,,,,,,,,,0.7440,2025-01-14T14:36:00+00:00,1446,2203
summary,2025-01-20,SPY,,,,,,,0.00,,0,,,,,,,,,,0.7683,2025-01-17T15:59:00+00:00,289,553
summary,2025-01-20,QQQ,,,,,,,0.00,,0,,,,,,,,,,0.7227,2025-01-17T15:59:00+00:00,319,555
summary,2025-01-20,AAPL,,,,,,,0.00,,0,,,,,,,,,,0.5036,2025-01-17T15:58:00+00:00,49,547
summary,2025-01-20,NVDA,,,,,,,0.00,,0,,,,,,,,,,0.9588,2025-01-17T15:40:00+00:00,531,630
summary,2025-01-20,MSFT,,,,,,,0.00,,0,,,,,,,,,,0.4138,2025-01-17T17:58:00+00:00,54,455
summary,2025-01-21,SPY,,,,,,,0.00,,0,,,,,,,,,,0.6095,2025-01-21T10:29:00+00:00,446,625
summary,2025-01-21,QQQ,,,,,,,0.00,,0,,,,,,,,,,0.6236,2025-01-21T10:33:00+00:00,450,676
summary,2025-01-21,AAPL,,,,,,,0.00,,0,,,,,,,,,,0.5284,2025-01-21T20:55:00+00:00,141,687
summary,2025-01-21,NVDA,,,,,,,0.00,,0,,,,,,,,,,0.6847,2025-01-21T09:07:00+00:00,423,716
summary,2025-01-21,MSFT,,,,,,,0.00,,0,,,,,,,,,,0.7673,2025-01-21T10:37:00+00:00,201,512
trade,2025-01-22,SPY,Long,2025-01-22T15:07:00+00:00,2025-01-22T15:56:00+00:00,606.7830,606.5030,0.49,-0.14,-0.000461,2940000,SessionClose,0.3552,0.0092,0.4480,0.3157,0.4033,-0.2143,-0.1506,0.4033,,,
summary,2025-01-22,SPY,,,,,,,-0.14,,1,,,,,,,,,,0.6095,2025-01-21T10:29:00+00:00,1131,1466
trade,2025-01-22,QQQ,Long,2025-01-22T14:46:00+00:00,2025-01-22T15:56:00+00:00,530.9942,531.6754,0.57,0.38,0.001283,4200000,SessionClose,0.4182,-0.0443,0.4114,0.3716,0.5137,-0.5077,-0.2220,0.4655,,,
summary,2025-01-22,QQQ,,,,,,,0.38,,1,,,,,,,,,,0.6236,2025-01-21T10:33:00+00:00,1235,1567
trade,2025-01-22,AAPL,Long,2025-01-22T14:51:00+00:00,2025-01-22T15:26:00+00:00,222.5267,221.6906,1.35,-1.13,-0.003758,2100000,ScoreExit,0.4081,-0.0567,0.4474,0.4344,0.3425,-0.5436,-0.1121,0.2163,,,
summary,2025-01-22,AAPL,,,,,,,-1.13,,1,,,,,,,,,,0.5284,2025-01-21T20:55:00+00:00,809,1596
summary,2025-01-22,NVDA,,,,,,,0.00,,0,,,,,,,,,,0.6847,2025-01-21T09:07:00+00:00,1374,1676
summary,2025-01-22,MSFT,,,,,,,0.00,,0,,,,,,,,,,0.8017,2025-01-21T22:41:00+00:00,892,1282
summary,2025-01-23,SPY,,,,,,,0.00,,0,,,,,,,,,,0.6095,2025-01-21T10:29:00+00:00,1659,2275
summary,2025-01-23,QQQ,,,,,,,0.00,,0,,,,,,,,,,0.6236,2025-01-21T10:33:00+00:00,1767,2437
trade,2025-01-23,AAPL,Long,2025-01-23T14:36:00+00:00,2025-01-23T15:50:00+00:00,225.7307,225.5873,1.33,-0.19,-0.000635,4440000,ScoreExit,0.3639,-0.0505,0.3422,0.3853,0.3283,-0.5556,-0.1565,0.3299,,,
summary,2025-01-23,AAPL,,,,,,,-0.19,,1,,,,,,,,,,0.5284,2025-01-21T20:55:00+00:00,1311,2436
trade,2025-01-23,NVDA,Long,2025-01-23T14:41:00+00:00,2025-01-23T15:56:00+00:00,144.8184,145.9713,2.07,2.39,0.007961,4500000,SessionClose,0.3532,0.1848,0.2863,0.3900,0.3019,-0.1600,0.1580,0.3531,,,
summary,2025-01-23,NVDA,,,,,,,2.39,,1,,,,,,,,,,0.6847,2025-01-21T09:07:00+00:00,2018,2636
summary,2025-01-23,MSFT,,,,,,,0.00,,0,,,,,,,,,,0.8017,2025-01-21T22:41:00+00:00,1378,1960
summary,2025-01-24,SPY,,,,,,,0.00,,0,,,,,,,,,,0.4729,2025-01-22T00:48:00+00:00,1949,2801
summary,2025-01-24,QQQ,,,,,,,0.00,,0,,,,,,,,,,0.5807,2025-01-21T22:41:00+00:00,2080,2965
summary,2025-01-24,AAPL,,,,,,,0.00,,0,,,,,,,,,,0.6093,2025-01-21T20:55:00+00:00,1762,2970
summary,2025-01-24,NVDA,,,,,,,0.00,,0,,,,,,,,,,0.8962,2025-01-21T14:48:00+00:00,2356,3265
summary,2025-01-24,MSFT,,,,,,,0.00,,0,,,,,,,,,,0.8882,2025-01-21T22:41:00+00:00,1724,2427
summary,2025-01-27,SPY,,,,,,,0.00,,0,,,,,,,,,,0.3106,2025-01-27T20:59:00+00:00,55,1223
summary,2025-01-27,QQQ,,,,,,,0.00,,0,,,,,,,,,,0.3833,2025-01-27T14:58:00+00:00,66,1235
summary,2025-01-27,AAPL,,,,,,,0.00,,0,,,,,,,,,,0.7258,2025-01-27T14:31:00+00:00,489,1281
summary,2025-01-27,NVDA,,,,,,,0.00,,0,,,,,,,,,,0.6277,2025-01-24T14:54:00+00:00,172,1351
summary,2025-01-27,MSFT,,,,,,,0.00,,0,,,,,,,,,,0.9095,2025-01-24T14:46:00+00:00,450,1161
trade,2025-01-28,SPY,Long,2025-01-28T15:16:00+00:00,2025-01-28T15:56:00+00:00,600.9252,602.5142,0.50,0.79,0.002644,2400000,SessionClose,0.3847,0.4360,0.4212,0.3362,0.4697,0.4586,0.4104,0.4796,,,
trade,2025-01-28,SPY,Long,2025-01-28T15:59:00+00:00,2025-01-28T16:00:00+00:00,603.1409,602.8741,0.50,-0.13,-0.000442,60000,SessionClose,0.4461,0.4454,0.5595,0.4104,0.4796,0.5522,0.4104,0.4796,,,
summary,2025-01-28,SPY,,,,,,,0.66,,2,,,,,,,,,,0.5485,2025-01-27T14:39:00+00:00,1005,1563
trade,2025-01-28,QQQ,Long,2025-01-28T15:13:00+00:00,2025-01-28T15:56:00+00:00,516.7400,518.0295,0.58,0.75,0.002496,2580000,SessionClose,0.4860,0.3446,0.4893,0.4533,0.5502,0.1201,0.2793,0.5502,,,
summary,2025-01-28,QQQ,,,,,,,0.75,,1,,,,,,,,,,0.6760,2025-01-27T14:58:00+00:00,1054,1651
summary,2025-01-28,AAPL,,,,,,,0.00,,0,,,,,,,,,,0.9082,2025-01-27T10:10:00+00:00,1381,1582
summary,2025-01-28,NVDA,,,,,,,0.00,,0,,,,,,,,,,1.0000,2025-01-27T09:06:00+00:00,852,1681
summary,2025-01-28,MSFT,,,,,,,0.00,,0,,,,,,,,,,0.8928,2025-01-27T13:18:00+00:00,1039,1397
summary,2025-01-29,SPY,,,,,,,0.00,,0,,,,,,,,,,0.5485,2025-01-27T14:39:00+00:00,1399,2329
summary,2025-01-29,QQQ,,,,,,,0.00,,0,,,,,,,,,,0.6760,2025-01-27T14:58:00+00:00,1591,2516
trade,2025-01-29,AAPL,Long,2025-01-29T15:08:00+00:00,2025-01-29T15:56:00+00:00,236.4659,237.7220,1.27,1.59,0.005312,2880000,SessionClose,0.4206,0.2809,0.5030,0.4404,0.3536,0.1350,0.2689,0.3536,,,
summary,2025-01-29,AAPL,,,,,,,1.59,,1,,,,,,,,,,0.9082,2025-01-27T10:10:00+00:00,1939,2407
summary,2025-01-29,NVDA,,,,,,,0.00,,0,,,,,,,,,,1.0000,2025-01-27T09:06:00+00:00,1353,2641
summary,2025-01-29,MSFT,,,,,,,0.00,,0,,,,,,,,,,0.8928,2025-01-27T13:18:00+00:00,1483,2028
summary,2025-01-30,SPY,,,,,,,0.00,,0,,,,,,,,,,0.7436,2025-01-27T15:42:00+00:00,1773,2793
summary,2025-01-30,QQQ,,,,,,,0.00,,0,,,,,,,,,,0.9232,2025-01-27T15:42:00+00:00,2020,3094
trade,2025-01-30,AAPL,Long,2025-01-30T14:34:00+00:00,2025-01-30T15:01:00+00:00,239.7669,238.9783,1.25,-0.99,-0.003289,1620000,ScoreExit,0.3546,-0.0509,0.3026,0.4038,0.2737,-0.5642,-0.0688,0.1560,,,
summary,2025-01-30,AAPL,,,,,,,-0.99,,1,,,,,,,,,,1.0000,2025-01-27T14:31:00+00:00,2240,2895
summary,2025-01-30,NVDA,,,,,,,0.00,,0,,,,,,,,,,1.0000,2025-01-27T14:31:00+00:00,1807,3271
summary,2025-01-30,MSFT,,,,,,,0.00,,0,,,,,,,,,,1.0000,2025-01-27T14:37:00+00:00,1338,2627
summary,2025-01-31,SPY,,,,,,,0.00,,0,,,,,,,,,,0.9241,2025-01-28T16:00:00+00:00,1627,2713
trade,2025-01-31,QQQ,Long,2025-01-31T14:52:00+00:00,2025-01-31T15:56:00+00:00,528.3234,530.5858,0.57,1.28,0.004282,3840000,SessionClose,0.3652,0.2164,0.3259,0.4086,0.2915,0.3315,0.1414,0.3281,,,
summary,2025-01-31,QQQ,,,,,,,1.28,,1,,,,,,,,,,0.8979,2025-01-28T15:03:00+00:00,2159,3032
summary,2025-01-31,AAPL,,,,,,,0.00,,0,,,,,,,,,,1.0000,2025-01-28T14:34:00+00:00,1790,2941
summary,2025-01-31,NVDA,,,,,,,0.00,,0,,,,,,,,,,0.9248,2025-01-28T17:03:00+00:00,1891,3271
summary,2025-01-31,MSFT,,,,,,,0.00,,0,,,,,,,,,,0.9527,2025-01-28T15:58:00+00:00,815,2808
summary,2025-02-03,SPY,,,,,,,0.00,,0,,,,,,,,,,0.7846,2025-01-31T16:02:00+00:00,261,1260
summary,2025-02-03,QQQ,,,,,,,0.00,,0,,,,,,,,,,0.9130,2025-01-31T16:02:00+00:00,316,1281
summary,2025-02-03,AAPL,,,,,,,0.00,,0,,,,,,,,,,0.1715,2025-02-03T15:30:00+00:00,40,1274
trade,2025-02-03,NVDA,Long,2025-02-03T15:27:00+00:00,2025-02-03T15:56:00+00:00,115.6597,117.2598,2.59,4.15,0.013835,1740000,SessionClose,0.4048,0.5182,0.4245,0.4372,0.3333,0.0806,0.6836,0.3333,,,
summary,2025-02-03,NVDA,,,,,,,4.15,,1,,,,,,,,,,1.0000,2025-01-31T14:41:00+00:00,334,1351
summary,2025-02-03,MSFT,,,,,,,0.00,,0,,,,,,,,,,0.8957,2025-01-31T15:07:00+00:00,247,1178
trade,2025-02-04,SPY,Long,2025-02-04T15:00:00+00:00,2025-02-04T15:56:00+00:00,599.1790,600.5848,0.50,0.70,0.002346,3360000,SessionClose,0.3517,0.0731,0.4542,0.3315,0.3580,0.0906,-0.1163,0.4460,,,
summary,2025-02-04,SPY,,,,,,,0.70,,1,,,,,,,,,,0.7304,2025-02-03T15:42:00+00:00,1066,1544
trade,2025-02-04,QQQ,Long,2025-02-04T14:37:00+00:00,2025-02-04T15:56:00+00:00,519.8909,523.6479,0.58,2.17,0.007226,4740000,SessionClose,0.4209,0.0987,0.5103,0.3721,0.4887,-0.1903,-0.0811,0.5545,,,
summary,2025-02-04,QQQ,,,,,,,2.17,,1,,,,,,,,,,0.7205,2025-02-03T15:42:00+00:00,1211,1639
trade,2025-02-04,AAPL,Long,2025-02-04T14:51:00+00:00,2025-02-04T15:56:00+00:00,228.7786,230.8057,1.31,2.66,0.008861,3900000,SessionClose,0.3515,0.1164,0.4580,0.3322,0.3548,-0.4976,-0.0263,0.6066,,,
summary,2025-02-04,AAPL,,,,,,,2.66,,1,,,,,,,,,,0.5533,2025-02-03T14:38:00+00:00,753,1503
summary,2025-02-04,NVDA,,,,,,,0.00,,0,,,,,,,,,,1.0000,2025-02-03T09:02:00+00:00,1289,1680
trade,2025-02-04,MSFT,Long,2025-02-04T15:37:00+00:00,2025-02-04T15:56:00+00:00,413.2489,412.8311,0.73,-0.30,-0.001011,1140000,SessionClose,0.4119,0.1438,0.3465,0.4132,0.4312,-0.5628,0.1269,0.4130,,,
summary,2025-02-04,MSFT,,,,,,,-0.30,,1,,,,,,,,,,0.7016,2025-02-03T10:33:00+00:00,879,1372
summary,2025-02-05,SPY,,,,,,,0.00,,0,,,,,,,,,,0.7304,2025-02-03T15:42:00+00:00,1625,2351
summary,2025-02-05,QQQ,,,,,,,0.00,,0,,,,,,,,,,0.7205,2025-02-03T15:42:00+00:00,1790,2525
trade,2025-02-05,AAPL,Long,2025-02-05T14:42:00+00:00,2025-02-05T15:16:00+00:00,230.1440,228.8463,1.30,-1.69,-0.005639,2040000,ScoreExit,0.3737,-0.1002,0.4834,0.3553,0.3738,-0.0686,-0.2350,0.1588,,,
summary,2025-02-05,AAPL,,,,,,,-1.69,,1,,,,,,,,,,0.5533,2025-02-03T14:38:00+00:00,1268,2374
summary,2025-02-05,NVDA,,,,,,,0.00,,0,,,,,,,,,,1.0000,2025-02-03T09:02:00+00:00,2125,2639
summary,2025-02-05,MSFT,,,,,,,0.00,,0,,,,,,,,,,0.7016,2025-02-03T10:33:00+00:00,1142,2094
summary,2025-02-06,SPY,,,,,,,0.00,,0,,,,,,,,,,0.9548,2025-02-03T15:42:00+00:00,2153,2826
summary,2025-02-06,QQQ,,,,,,,0.00,,0,,,,,,,,,,0.9559,2025-02-03T15:42:00+00:00,2301,3055
trade,2025-02-06,AAPL,Long,2025-02-06T14:36:00+00:00,2025-02-06T15:16:00+00:00,231.4994,232.6852,1.30,1.54,0.005122,2400000,ScoreExit,0.3893,-0.0533,0.2758,0.4155,0.3748,-0.4129,-0.1113,0.1825,,,
summary,2025-02-06,AAPL,,,,,,,1.54,,1,,,,,,,,,,0.9539,2025-02-03T14:38:00+00:00,1663,2818
summary,2025-02-06,NVDA,,,,,,,0.00,,0,,,,,,,,,,1.0000,2025-02-03T14:32:00+00:00,2958,3269
trade,2025-02-06,MSFT,Long,2025-02-06T14:36:00+00:00,2025-02-06T15:56:00+00:00,415.5346,416.4450,0.72,0.66,0.002191,4800000,SessionClose,0.4386,0.0597,0.4909,0.4644,0.3697,-0.4753,-0.0025,0.3623,,,
summary,2025-02-06,MSFT,,,,,,,0.66,,1,,,,,,,,,,1.0000,2025-02-03T14:32:00+00:00,1422,2483
summary,2025-02-07,SPY,,,,,,,0.00,,0,,,,,,,,,,0.8476,2025-02-04T15:41:00+00:00,1493,2700
summary,2025-02-07,QQQ,,,,,,,0.00,,0,,,,,,,,,,0.9554,2025-02-04T15:40:00+00:00,1667,2969
summary,2025-02-07,AAPL,,,,,,,0.00,,0,,,,,,,,,,0.9566,2025-02-04T15:40:00+00:00,1741,2695
summary,2025-02-07,NVDA,,,,,,,0.00,,0,,,,,,,,,,1.0000,2025-02-04T14:35:00+00:00,2575,3270
summary,2025-02-07,MSFT,,,,,,,0.00,,0,,,,,,,,,,0.9505,2025-02-04T15:40:00+00:00,1087,2365
trade,2025-02-10,SPY,Long,2025-02-10T15:50:00+00:00,2025-02-10T15:56:00+00:00,605.4066,604.9834,0.50,-0.21,-0.000699,360000,SessionClose,0.3743,0.2061,0.4886,0.3452,0.3946,0.3329,0.0944,0.3872,,,
summary,2025-02-10,SPY,,,,,,,-0.21,,1,,,,,,,,,,0.3827,2025-02-10T15:47:00+00:00,456,1137
trade,2025-02-10,QQQ,Long,2025-02-10T15:07:00+00:00,2025-02-10T15:56:00+00:00,529.1037,529.7060,0.57,0.34,0.001138,2940000,SessionClose,0.4284,0.1781,0.5129,0.3728,0.5114,-0.0194,0.0443,0.5114,,,
summary,2025-02-10,QQQ,,,,,,,0.34,,1,,,,,,,,,,0.4381,2025-02-10T09:17:00+00:00,571,1214
summary,2025-02-10,AAPL,,,,,,,0.00,,0,,,,,,,,,,0.6794,2025-02-07T14:39:00+00:00,270,1112
summary,2025-02-10,NVDA,,,,,,,0.00,,0,,,,,,,,,,1.0000,2025-02-07T14:36:00+00:00,837,1350
trade,2025-02-10,MSFT,Long,2025-02-10T14:30:00+00:00,2025-02-10T14:31:00+00:00,413.7591,412.5312,0.73,-0.89,-0.002968,60000,ScoreExit,0.3730,-0.0674,0.4564,0.3222,0.4468,-0.3078,-0.2260,0.3300,,,
trade,2025-02-10,MSFT,Long,2025-02-10T15:07:00+00:00,2025-02-10T15:56:00+00:00,413.3790,414.6506,0.73,0.92,0.003076,2940000,SessionClose,0.4163,0.4150,0.4954,0.3660,0.4906,0.5585,0.3337,0.5298,,,
summary,2025-02-10,MSFT,,,,,,,0.03,,2,,,,,,,,,,0.7446,2025-02-07T14:38:00+00:00,392,1066
summary,2025-02-11,SPY,,,,,,,0.00,,0,,,,,,,,,,0.6819,2025-02-10T10:42:00+00:00,772,1363
summary,2025-02-11,QQQ,,,,,,,0.00,,0,,,,,,,,,,0.7173,2025-02-10T10:27:00+00:00,789,1453
summary,2025-02-11,AAPL,,,,,,,0.00,,0,,,,,,,,,,0.6825,2025-02-11T15:44:00+00:00,547,1274
trade,2025-02-11,NVDA,Long,2025-02-11T14:39:00+00:00,2025-02-11T15:56:00+00:00,134.0352,133.9648,2.24,-0.16,-0.000525,4620000,MaxHoldTimeout,0.5253,0.1275,0.5936,0.5512,0.4506,0.0025,-0.0413,0.5066,,,
summary,2025-02-11,NVDA,,,,,,,-0.16,,1,,,,,,,,,,0.7935,2025-02-10T14:46:00+00:00,993,1681
summary,2025-02-11,MSFT,,,,,,,0.00,,0,,,,,,,,,,0.7405,2025-02-10T10:38:00+00:00,367,1140
summary,2025-02-12,SPY,,,,,,,0.00,,0,,,,,,,,,,0.6819,2025-02-10T10:42:00+00:00,1100,2110
summary,2025-02-12,QQQ,,,,,,,0.00,,0,,,,,,,,,,0.7173,2025-02-10T10:27:00+00:00,1188,2255
trade,2025-02-12,AAPL,Long,2025-02-12T15:17:00+00:00,2025-02-12T15:56:00+00:00,232.3447,234.5644,1.29,2.87,0.009554,2340000,SessionClose,0.3569,0.4353,0.3495,0.3251,0.4228,0.5387,0.4244,0.4228,,,
trade,2025-02-12,AAPL,Long,2025-02-12T15:58:00+00:00,2025-02-12T15:59:00+00:00,234.7204,234.6346,1.28,-0.11,-0.000366,60000,SessionClose,0.4294,0.4311,0.4800,0.4244,0.4228,0.4961,0.4244,0.4228,,,
summary,2025-02-12,AAPL,,,,,,,2.76,,2,,,,,,,,,,0.6825,2025-02-11T15:44:00+00:00,1114,1967
summary,2025-02-12,NVDA,,,,,,,0.00,,0,,,,,,,,,,0.7935,2025-02-10T14:46:00+00:00,1178,2639
summary,2025-02-12,MSFT,,,,,,,0.00,,0,,,,,,,,,,0.7405,2025-02-10T10:38:00+00:00,415,1737
summary,2025-02-13,SPY,,,,,,,0.00,,0,,,,,,,,,,0.7820,2025-02-10T15:47:00+00:00,1456,2689
summary,2025-02-13,QQQ,,,,,,,0.00,,0,,,,,,,,,,0.8529,2025-02-10T15:40:00+00:00,1568,2845
trade,2025-02-13,AAPL,Long,2025-02-13T15:32:00+00:00,2025-02-13T15:56:00+00:00,237.9364,238.8233,1.26,1.12,0.003728,1440000,SessionClose,0.3692,0.4094,0.3809,0.3242,0.4553,-0.1998,0.4879,0.4553,,,
trade,2025-02-13,AAPL,Long,2025-02-13T15:59:00+00:00,2025-02-13T16:00:00+00:00,239.5869,239.2032,1.26,-0.48,-0.001601,60000,SessionClose,0.4849,0.4486,0.5559,0.4879,0.4553,0.1921,0.4879,0.4553,,,
summary,2025-02-13,AAPL,,,,,,,0.64,,2,,,,,,,,,,0.6704,2025-02-11T15:44:00+00:00,1633,2533
summary,2025-02-13,NVDA,,,,,,,0.00,,0,,,,,,,,,,1.0000,2025-02-10T14:31:00+00:00,1280,3265
summary,2025-02-13,MSFT,,,,,,,0.00,,0,,,,,,,,,,0.9250,2025-02-10T16:00:00+00:00,380,2176
summary,2025-02-14,SPY,,,,,,,0.00,,0,,,,,,,,,,0.7970,2025-02-11T15:54:00+00:00,1790,2674
summary,2025-02-14,QQQ,,,,,,,0.00,,0,,,,,,,,,,0.8517,2025-02-11T15:51:00+00:00,1992,2907
trade,2025-02-14,AAPL,Long,2025-02-14T14:33:00+00:00,2025-02-14T15:56:00+00:00,242.4477,243.4220,1.24,1.21,0.004018,4980000,SessionClose,0.5032,0.1638,0.5004,0.4598,0.5910,-0.2211,0.0264,0.5669,,,
summary,2025-02-14,AAPL,,,,,,,1.21,,1,,,,,,,,,,1.0000,2025-02-11T14:35:00+00:00,2033,2580
summary,2025-02-14,NVDA,,,,,,,0.00,,0,,,,,,,,,,1.0000,2025-02-11T14:35:00+00:00,1759,3264
summary,2025-02-14,MSFT,,,,,,,0.00,,0,,,,,,,,,,0.7753,2025-02-11T15:28:00+00:00,681,2236
summary,2025-02-17,SPY,,,,,,,0.00,,0,,,,,,,,,,0.3988,2025-02-14T16:02:00+00:00,120,513
summary,2025-02-17,QQQ,,,,,,,0.00,,0,,,,,,,,,,0.7466,2025-02-14T15:57:00+00:00,342,516
summary,2025-02-17,AAPL,,,,,,,0.00,,0,,,,,,,,,,0.8920,2025-02-14T15:10:00+00:00,380,517
summary,2025-02-17,NVDA,,,,,,,0.00,,0,,,,,,,,,,0.9421,2025-02-14T14:38:00+00:00,508,629
summary,2025-02-17,MSFT,,,,,,,0.00,,0,,,,,,,,,,0.6157,2025-02-14T14:32:00+00:00,315,490
summary,2025-02-18,SPY,,,,,,,0.00,,0,,,,,,,,,,0.5372,2025-02-18T11:00:00+00:00,236,566
summary,2025-02-18,QQQ,,,,,,,0.00,,0,,,,,,,,,,0.3738,2025-02-18T20:59:00+00:00,187,667
summary,2025-02-18,AAPL,,,,,,,0.00,,0,,,,,,,,,,0.4387,2025-02-18T14:54:00+00:00,169,601
summary,2025-02-18,NVDA,,,,,,,0.00,,0,,,,,,,,,,0.6410,2025-02-18T14:33:00+00:00,234,721
summary,2025-02-18,MSFT,,,,,,,0.00,,0,,,,,,,,,,0.4330,2025-02-18T20:59:00+00:00,152,530
summary,2025-02-19,SPY,,,,,,,0.00,,0,,,,,,,,,,0.5372,2025-02-18T11:00:00+00:00,753,1305
summary,2025-02-19,QQQ,,,,,,,0.00,,0,,,,,,,,,,0.3738,2025-02-18T20:59:00+00:00,733,1478
trade,2025-02-19,AAPL,Long,2025-02-19T14:59:00+00:00,2025-02-19T15:11:00+00:00,245.1135,244.5316,1.22,-0.71,-0.002374,720000,ScoreExit,0.3527,-0.0560,0.4595,0.3333,0.3558,-0.2204,-0.1247,0.1363,,,
summary,2025-02-19,AAPL,,,,,,,-0.71,,1,,,,,,,,,,0.4387,2025-02-18T14:54:00+00:00,648,1308
summary,2025-02-19,NVDA,,,,,,,0.00,,0,,,,,,,,,,0.6410,2025-02-18T14:33:00+00:00,581,1680
summary,2025-02-19,MSFT,,,,,,,0.00,,0,,,,,,,,,,0.4957,2025-02-19T19:20:00+00:00,613,1104
summary,2025-02-20,SPY,,,,,,,0.00,,0,,,,,,,,,,0.5372,2025-02-18T11:00:00+00:00,1014,2040
summary,2025-02-20,QQQ,,,,,,,0.00,,0,,,,,,,,,,0.3738,2025-02-18T20:59:00+00:00,850,2289
summary,2025-02-20,AAPL,,,,,,,0.00,,0,,,,,,,,,,0.4387,2025-02-18T14:54:00+00:00,971,1962
summary,2025-02-20,NVDA,,,,,,,0.00,,0,,,,,,,,,,0.6410,2025-02-18T14:33:00+00:00,883,2637
summary,2025-02-20,MSFT,,,,,,,0.00,,0,,,,,,,,,,0.5208,2025-02-20T09:22:00+00:00,1130,1891
summary,2025-02-21,SPY,,,,,,,0.00,,0,,,,,,,,,,0.5078,2025-02-18T15:59:00+00:00,1053,2577
summary,2025-02-21,QQQ,,,,,,,0.00,,0,,,,,,,,,,0.4410,2025-02-19T00:19:00+00:00,1139,2821
summary,2025-02-21,AAPL,,,,,,,0.00,,0,,,,,,,,,,0.7893,2025-02-18T14:56:00+00:00,1370,2375
summary,2025-02-21,NVDA,,,,,,,0.00,,0,,,,,,,,,,1.0000,2025-02-18T14:33:00+00:00,1103,3253
summary,2025-02-21,MSFT,,,,,,,0.00,,0,,,,,,,,,,0.6959,2025-02-18T14:34:00+00:00,1287,2347
summary,2025-02-24,SPY,,,,,,,0.00,,0,,,,,,,,,,0.4039,2025-02-24T09:06:00+00:00,238,1222
summary,2025-02-24,QQQ,,,,,,,0.00,,0,,,,,,,,,,0.3472,2025-02-24T09:23:00+00:00,17,1251
trade,2025-02-24,AAPL,Long,2025-02-24T14:34:00+00:00,2025-02-24T15:38:00+00:00,246.7390,246.3986,1.22,-0.41,-0.001380,3840000,ScoreExit,0.3658,-0.0910,0.4297,0.3726,0.3308,-0.5788,-0.1594,0.2085,,,
summary,2025-02-24,AAPL,,,,,,,-0.41,,1,,,,,,,,,,0.6222,2025-02-24T14:59:00+00:00,488,1154
trade,2025-02-24,NVDA,Long,2025-02-24T14:47:00+00:00,2025-02-24T14:51:00+00:00,138.1064,137.3038,2.17,-1.74,-0.005812,240000,ScoreExit,0.4369,-0.1735,0.5506,0.4224,0.4279,-0.4277,-0.3002,0.1645,,,
summary,2025-02-24,NVDA,,,,,,,-1.74,,1,,,,,,,,,,1.0000,2025-02-21T14:35:00+00:00,202,1351
summary,2025-02-24,MSFT,,,,,,,0.00,,0,,,,,,,,,,0.3688,2025-02-24T09:07:00+00:00,5,1065
summary,2025-02-25,SPY,,,,,,,0.00,,0,,,,,,,,,,0.4652,2025-02-24T17:19:00+00:00,414,1485
summary,2025-02-25,QQQ,,,,,,,0.00,,0,,,,,,,,,,0.4810,2025-02-24T17:19:00+00:00,218,1585
summary,2025-02-25,AAPL,,,,,,,0.00,,0,,,,,,,,,,0.7459,2025-02-24T14:59:00+00:00,904,1420
summary,2025-02-25,NVDA,,,,,,,0.00,,0,,,,,,,,,,0.6151,2025-02-24T13:08:00+00:00,510,1681
summary,2025-02-25,MSFT,,,,,,,0.00,,0,,,,,,,,,,0.6129,2025-02-24T16:03:00+00:00,444,1185
summary,2025-02-26,SPY,,,,,,,0.00,,0,,,,,,,,,,0.4652,2025-02-24T17:19:00+00:00,808,2305
summary,2025-02-26,QQQ,,,,,,,0.00,,0,,,,,,,,,,0.4810,2025-02-24T17:19:00+00:00,440,2490
summary,2025-02-26,AAPL,,,,,,,0.00,,0,,,,,,,,,,0.7459,2025-02-24T14:59:00+00:00,904,2179
trade,2025-02-26,NVDA,Long,2025-02-26T14:38:00+00:00,2025-02-26T15:56:00+00:00,130.9243,131.9534,2.29,2.36,0.007861,4680000,SessionClose,0.4239,0.4647,0.4687,0.3914,0.4739,0.3871,0.3846,0.6505,,,
summary,2025-02-26,NVDA,,,,,,,2.36,,1,,,,,,,,,,0.6151,2025-02-24T13:08:00+00:00,967,2641
trade,2025-02-26,MSFT,Long,2025-02-26T15:36:00+00:00,2025-02-26T15:56:00+00:00,402.7758,402.5998,0.74,-0.13,-0.000437,1200000,SessionClose,0.4026,0.2214,0.4111,0.4358,0.3333,0.1565,0.1762,0.3333,,,
summary,2025-02-26,MSFT,,,,,,,-0.13,,1,,,,,,,,,,0.6129,2025-02-24T16:03:00+00:00,599,1793
summary,2025-02-27,SPY,,,,,,,0.00,,0,,,,,,,,,,0.5126,2025-02-24T17:19:00+00:00,991,2911
summary,2025-02-27,QQQ,,,,,,,0.00,,0,,,,,,,,,,0.5330,2025-02-24T17:19:00+00:00,649,3112
summary,2025-02-27,AAPL,,,,,,,0.00,,0,,,,,,,,,,1.0000,2025-02-24T14:32:00+00:00,751,2695
summary,2025-02-27,NVDA,,,,,,,0.00,,0,,,,,,,,,,0.9269,2025-02-24T14:45:00+00:00,1150,3271
summary,2025-02-27,MSFT,,,,,,,0.00,,0,,,,,,,,,,0.9572,2025-02-24T16:03:00+00:00,734,2274
summary,2025-02-28,SPY,,,,,,,0.00,,0,,,,,,,,,,0.6000,2025-02-25T18:07:00+00:00,1282,2940
summary,2025-02-28,QQQ,,,,,,,0.00,,0,,,,,,,,,,0.6012,2025-02-25T18:07:00+00:00,1296,3105
summary,2025-02-28,AAPL,,,,,,,0.00,,0,,,,,,,,,,0.7411,2025-02-25T16:53:00+00:00,296,2615
summary,2025-02-28,NVDA,,,,,,,0.00,,0,,,,,,,,,,0.9224,2025-02-25T14:36:00+00:00,1567,3271
summary,2025-02-28,MSFT,,,,,,,0.00,,0,,,,,,,,,,0.5811,2025-02-26T15:18:00+00:00,666,2322
summary,2025-03-03,SPY,,,,,,,0.00,,0,,,,,,,,,,0.9277,2025-02-28T15:58:00+00:00,829,1254
trade,2025-03-03,QQQ,Long,2025-03-03T15:44:00+00:00,2025-03-03T15:56:00+00:00,509.4278,507.7126,0.56,-0.96,-0.003367,720000,SessionClose,0.3559,0.0591,0.4610,0.3374,0.3578,-0.3461,-0.0227,0.3578,,,
summary,2025-03-03,QQQ,,,,,,,-0.96,,1,,,,,,,,,,0.9563,2025-02-28T15:58:00+00:00,881,1253
trade,2025-03-03,AAPL,Long,2025-03-03T14:33:00+00:00,2025-03-03T14:51:00+00:00,242.7978,241.4226,1.24,-1.70,-0.005664,1080000,ScoreExit,0.4801,-0.0622,0.5862,0.4568,0.4913,-0.5931,-0.2505,0.4913,,,
summary,2025-03-03,AAPL,,,,,,,-1.70,,1,,,,,,,,,,0.9349,2025-02-28T14:43:00+00:00,918,1152
summary,2025-03-03,NVDA,,,,,,,0.00,,0,,,,,,,,,,1.0000,2025-02-28T14:35:00+00:00,933,1351
summary,2025-03-03,MSFT,,,,,,,0.00,,0,,,,,,,,,,0.9497,2025-02-28T15:53:00+00:00,688,1023
summary,2025-03-04,SPY,,,,,,,0.00,,0,,,,,,,,,,0.5130,2025-03-03T10:00:00+00:00,302,1530
summary,2025-03-04,QQQ,,,,,,,0.00,,0,,,,,,,,,,0.6471,2025-03-03T10:32:00+00:00,428,1624
summary,2025-03-04,AAPL,,,,,,,0.00,,0,,,,,,,,,,0.6300,2025-03-03T14:33:00+00:00,448,1388
summary,2025-03-04,NVDA,,,,,,,0.00,,0,,,,,,,,,,0.7616,2025-03-03T09:35:00+00:00,446,1681
summary,2025-03-04,MSFT,,,,,,,0.00,,0,,,,,,,,,,0.7141,2025-03-03T11:09:00+00:00,318,1276
summary,2025-03-05,SPY,,,,,,,0.00,,0,,,,,,,,,,0.5130,2025-03-03T10:00:00+00:00,609,2439
summary,2025-03-05,QQQ,,,,,,,0.00,,0,,,,,,,,,,0.6471,2025-03-03T10:32:00+00:00,882,2552
summary,2025-03-05,AAPL,,,,,,,0.00,,0,,,,,,,,,,0.6300,2025-03-03T14:33:00+00:00,578,2103
summary,2025-03-05,NVDA,,,,,,,0.00,,0,,,,,,,,,,0.7616,2025-03-03T09:35:00+00:00,1081,2641
trade,2025-03-05,MSFT,Long,2025-03-05T15:06:00+00:00,2025-03-05T15:56:00+00:00,391.0423,392.3872,0.77,1.03,0.003439,3000000,SessionClose,0.3627,0.2610,0.3998,0.3530,0.3697,0.4546,0.1745,0.3697,,,
summary,2025-03-05,MSFT,,,,,,,1.03,,1,,,,,,,,,,0.7141,2025-03-03T11:09:00+00:00,827,1921
summary,2025-03-06,SPY,,,,,,,0.00,,0,,,,,,,,,,0.5809,2025-03-03T15:44:00+00:00,547,3036
summary,2025-03-06,QQQ,,,,,,,0.00,,0,,,,,,,,,,0.5206,2025-03-03T15:44:00+00:00,841,3173
summary,2025-03-06,AAPL,,,,,,,0.00,,0,,,,,,,,,,1.0000,2025-03-03T14:33:00+00:00,534,2614
summary,2025-03-06,NVDA,,,,,,,0.00,,0,,,,,,,,,,0.6772,2025-03-04T17:26:00+00:00,1310,3271
trade,2025-03-06,MSFT,Long,2025-03-06T15:02:00+00:00,2025-03-06T15:56:00+00:00,398.0044,399.5851,0.75,1.19,0.003972,3240000,SessionClose,0.4474,0.0438,0.4907,0.4750,0.3777,-0.5237,-0.0285,0.3777,,,
summary,2025-03-06,MSFT,,,,,,,1.19,,1,,,,,,,,,,0.5674,2025-03-06T15:17:00+00:00,1086,2432
summary,2025-03-07,SPY,,,,,,,0.00,,0,,,,,,,,,,0.6355,2025-03-04T19:07:00+00:00,1200,3010
summary,2025-03-07,QQQ,,,,,,,0.00,,0,,,,,,,,,,0.8660,2025-03-04T14:38:00+00:00,1350,3145
trade,2025-03-07,AAPL,Long,2025-03-07T14:40:00+00:00,2025-03-07T15:56:00+00:00,237.4012,238.9533,1.26,1.96,0.006538,4560000,SessionClose,0.5022,0.2054,0.5757,0.5231,0.4360,0.2953,0.0535,0.4793,,,
summary,2025-03-07,AAPL,,,,,,,1.96,,1,,,,,,,,,,0.8989,2025-03-04T15:33:00+00:00,993,2510
summary,2025-03-07,NVDA,,,,,,,0.00,,0,,,,,,,,,,1.0000,2025-03-04T14:33:00+00:00,1536,3270
summary,2025-03-07,MSFT,,,,,,,0.00,,0,,,,,,,,,,1.0000,2025-03-04T14:36:00+00:00,1523,2277
summary,2025-03-10,SPY,,,,,,,0.00,,0,,,,,,,,,,0.8288,2025-03-07T14:53:00+00:00,433,1285
summary,2025-03-10,QQQ,,,,,,,0.00,,0,,,,,,,,,,0.8695,2025-03-07T14:53:00+00:00,406,1259
summary,2025-03-10,AAPL,,,,,,,0.00,,0,,,,,,,,,,1.0000,2025-03-07T14:35:00+00:00,284,1128
trade,2025-03-10,NVDA,Long,2025-03-10T13:43:00+00:00,2025-03-10T14:01:00+00:00,111.3884,109.7421,2.69,-4.44,-0.014780,1080000,ScoreExit,0.5789,-0.1781,0.6001,0.5891,0.5514,-0.5181,-0.3563,0.2915,,,
summary,2025-03-10,NVDA,,,,,,,-4.44,,1,,,,,,,,,,1.0000,2025-03-07T14:40:00+00:00,582,1351
summary,2025-03-10,MSFT,,,,,,,0.00,,0,,,,,,,,,,0.7442,2025-03-07T14:55:00+00:00,251,984
summary,2025-03-11,SPY,,,,,,,0.00,,0,,,,,,,,,,0.5748,2025-03-11T18:53:00+00:00,425,1615
summary,2025-03-11,QQQ,,,,,,,0.00,,0,,,,,,,,,,0.6475,2025-03-11T18:45:00+00:00,408,1646
summary,2025-03-11,AAPL,,,,,,,0.00,,0,,,,,,,,,,0.4702,2025-03-10T19:34:00+00:00,114,1495
trade,2025-03-11,NVDA,Long,2025-03-11T13:40:00+00:00,2025-03-11T14:05:00+00:00,110.0480,108.0526,2.72,-5.43,-0.018132,1500000,ScoreExit,0.7574,-0.0574,0.7130,0.7196,0.8479,-0.6427,-0.0802,0.1835,,,
summary,2025-03-11,NVDA,,,,,,,-5.43,,1,,,,,,,,,,0.7866,2025-03-11T08:14:00+00:00,664,1681
trade,2025-03-11,MSFT,Long,2025-03-11T14:07:00+00:00,2025-03-11T15:01:00+00:00,382.6198,381.9904,0.78,-0.49,-0.001645,3240000,ScoreExit,0.4853,-0.0613,0.4094,0.5429,0.3956,-0.4543,-0.1995,0.3460,,,
summary,2025-03-11,MSFT,,,,,,,-0.49,,1,,,,,,,,,,0.5905,2025-03-11T18:45:00+00:00,430,1267
summary,2025-03-12,SPY,,,,,,,0.00,,0,,,,,,,,,,0.5748,2025-03-11T18:53:00+00:00,800,2477
summary,2025-03-12,QQQ,,,,,,,0.00,,0,,,,,,,,,,0.6475,2025-03-11T18:45:00+00:00,947,2568
summary,2025-03-12,AAPL,,,,,,,0.00,,0,,,,,,,,,,0.4702,2025-03-10T19:34:00+00:00,114,2270
trade,2025-03-12,NVDA,Long,2025-03-12T13:36:00+00:00,2025-03-12T14:31:00+00:00,115.7547,114.4208,2.59,-3.45,-0.011524,3300000,ScoreExit,0.6606,-0.0685,0.6219,0.6577,0.6794,-0.2031,-0.4265,0.6923,,,
summary,2025-03-12,NVDA,,,,,,,-3.45,,1,,,,,,,,,,0.7866,2025-03-11T08:14:00+00:00,1515,2641
summary,2025-03-12,MSFT,,,,,,,0.00,,0,,,,,,,,,,0.5905,2025-03-11T18:45:00+00:00,780,1865
summary,2025-03-13,SPY,,,,,,,0.00,,0,,,,,,,,,,0.5780,2025-03-11T18:53:00+00:00,833,3068
summary,2025-03-13,QQQ,,,,,,,0.00,,0,,,,,,,,,,0.6517,2025-03-11T18:45:00+00:00,1217,3165
summary,2025-03-13,AAPL,,,,,,,0.00,,0,,,,,,,,,,0.5699,2025-03-11T08:26:00+00:00,216,2821
trade,2025-03-13,NVDA,Long,2025-03-13T14:21:00+00:00,2025-03-13T15:11:00+00:00,116.7100,116.1052,2.57,-1.56,-0.005182,3000000,ScoreExit,0.4968,-0.0975,0.4649,0.5171,0.4670,-0.3633,-0.2705,0.3371,,,
summary,2025-03-13,NVDA,,,,,,,-1.56,,1,,,,,,,,,,1.0000,2025-03-10T13:40:00+00:00,2196,3271
summary,2025-03-13,MSFT,,,,,,,0.00,,0,,,,,,,,,,0.6437,2025-03-10T14:16:00+00:00,950,2383
trade,2025-03-14,SPY,Long,2025-03-14T14:57:00+00:00,2025-03-14T15:56:00+00:00,559.4128,561.6964,0.54,1.23,0.004082,3540000,SessionClose,0.3632,0.2487,0.2953,0.3885,0.3351,0.3131,0.1703,0.3841,,,
summary,2025-03-14,SPY,,,,,,,1.23,,1,,,,,,,,,,0.7579,2025-03-11T18:45:00+00:00,1331,3029
trade,2025-03-14,QQQ,Long,2025-03-14T13:44:00+00:00,2025-03-14T14:10:00+00:00,476.5578,474.4226,0.63,-1.34,-0.004480,1560000,ScoreExit,0.3510,-0.0739,0.3233,0.3857,0.2910,-0.3778,-0.1834,0.2465,,,
summary,2025-03-14,QQQ,,,,,,,-1.34,,1,,,,,,,,,,0.8947,2025-03-11T13:39:00+00:00,1602,3145
summary,2025-03-14,AAPL,,,,,,,0.00,,0,,,,,,,,,,1.0000,2025-03-11T13:36:00+00:00,478,2790
summary,2025-03-14,NVDA,,,,,,,0.00,,0,,,,,,,,,,1.0000,2025-03-11T13:31:00+00:00,2678,3271
summary,2025-03-14,MSFT,,,,,,,0.00,,0,,,,,,,,,,0.9002,2025-03-11T14:09:00+00:00,1174,2258
summary,2025-03-17,SPY,,,,,,,0.00,,0,,,,,,,,,,0.9519,2025-03-14T15:02:00+00:00,933,1233
summary,2025-03-17,QQQ,,,,,,,0.00,,0,,,,,,,,,,0.9518,2025-03-14T15:02:00+00:00,971,1261
summary,2025-03-17,AAPL,,,,,,,0.00,,0,,,,,,,,,,1.0000,2025-03-14T13:34:00+00:00,770,1148
summary,2025-03-17,NVDA,,,,,,,0.00,,0,,,,,,,,,,1.0000,2025-03-14T13:33:00+00:00,998,1351
trade,2025-03-17,MSFT,Long,2025-03-17T13:31:00+00:00,2025-03-17T14:52:00+00:00,387.0261,388.2885,0.78,0.98,0.003262,4860000,ScoreExit,0.3849,-0.0910,0.4245,0.4259,0.2898,-0.5677,-0.2960,0.4778,,,
summary,2025-03-17,MSFT,,,,,,,0.98,,1,,,,,,,,,,1.0000,2025-03-14T13:35:00+00:00,792,1011
summary,2025-03-18,SPY,,,,,,,0.00,,0,,,,,,,,,,0.6987,2025-03-17T09:39:00+00:00,621,1460
summary,2025-03-18,QQQ,,,,,,,0.00,,0,,,,,,,,,,0.7200,2025-03-17T09:34:00+00:00,631,1580
trade,2025-03-18,AAPL,Long,2025-03-18T13:57:00+00:00,2025-03-18T14:46:00+00:00,214.3793,214.0508,1.40,-0.46,-0.001532,2940000,ScoreExit,0.3756,-0.0588,0.4625,0.3321,0.4335,-0.5020,-0.1670,0.3053,,,
summary,2025-03-18,AAPL,,,,,,,-0.46,,1,,,,,,,,,,0.6459,2025-03-17T18:13:00+00:00,617,1309
summary,2025-03-18,NVDA,,,,,,,0.00,,0,,,,,,,,,,0.8970,2025-03-17T08:25:00+00:00,483,1681
summary,2025-03-18,MSFT,,,,,,,0.00,,0,,,,,,,,,,0.7343,2025-03-17T10:19:00+00:00,307,1078
summary,2025-03-19,SPY,,,,,,,0.00,,0,,,,,,,,,,0.6987,2025-03-17T09:39:00+00:00,888,2261
summary,2025-03-19,QQQ,,,,,,,0.00,,0,,,,,,,,,,0.7200,2025-03-17T09:34:00+00:00,854,2464
summary,2025-03-19,AAPL,,,,,,,0.00,,0,,,,,,,,,,0.6459,2025-03-17T18:13:00+00:00,926,1951
summary,2025-03-19,NVDA,,,,,,,0.00,,0,,,,,,,,,,0.8970,2025-03-17T08:25:00+00:00,711,2640
summary,2025-03-19,MSFT,,,,,,,0.00,,0,,,,,,,,,,0.7343,2025-03-17T10:19:00+00:00,556,1583
trade,2025-03-20,SPY,Long,2025-03-20T14:38:00+00:00,2025-03-20T15:16:00+00:00,569.9059,569.2542,0.53,-0.34,-0.001144,2280000,ScoreExit,0.3765,-0.0522,0.3846,0.4157,0.2954,-0.1811,-0.1835,0.2532,,,
summary,2025-03-20,SPY,,,,,,,-0.34,,1,,,,,,,,,,0.6839,2025-03-17T13:41:00+00:00,1156,2865
trade,2025-03-20,QQQ,Long,2025-03-20T14:06:00+00:00,2025-03-20T15:18:00+00:00,482.0396,482.6302,0.62,0.37,0.001225,4320000,ScoreExit,0.4721,-0.0552,0.3947,0.5234,0.3954,-0.3701,-0.1969,0.3331,,,
summary,2025-03-20,QQQ,,,,,,,0.37,,1,,,,,,,,,,0.8622,2025-03-17T13:41:00+00:00,1077,3068
trade,2025-03-20,AAPL,Long,2025-03-20T14:27:00+00:00,2025-03-20T14:56:00+00:00,217.3202,216.3801,1.38,-1.30,-0.004326,1740000,ScoreExit,0.3882,-0.0729,0.3421,0.4423,0.2953,-0.5386,-0.1795,0.2953,,,
summary,2025-03-20,AAPL,,,,,,,-1.30,,1,,,,,,,,,,1.0000,2025-03-17T13:37:00+00:00,1247,2455
trade,2025-03-20,NVDA,Long,2025-03-20T13:46:00+00:00,2025-03-20T15:36:00+00:00,119.0257,118.9593,2.52,-0.17,-0.000558,6600000,MaxHoldTimeout,0.3783,0.0176,0.3917,0.3995,0.3312,-0.5585,-0.1060,0.4568,,,
summary,2025-03-20,NVDA,,,,,,,-0.17,,1,,,,,,,,,,0.6621,2025-03-17T18:31:00+00:00,1183,3270
summary,2025-03-20,MSFT,,,,,,,0.00,,0,,,,,,,,,,0.9632,2025-03-17T13:36:00+00:00,704,2043
summary,2025-03-21,SPY,,,,,,,0.00,,0,,,,,,,,,,0.5609,2025-03-19T19:07:00+00:00,1255,2896
summary,2025-03-21,QQQ,,,,,,,0.00,,0,,,,,,,,,,0.5907,2025-03-19T19:07:00+00:00,1545,3056
summary,2025-03-21,AAPL,,,,,,,0.00,,0,,,,,,,,,,0.7116,2025-03-18T14:06:00+00:00,1114,2445
summary,2025-03-21,NVDA,,,,,,,0.00,,0,,,,,,,,,,0.7099,2025-03-18T16:14:00+00:00,1749,3269
summary,2025-03-21,MSFT,,,,,,,0.00,,0,,,,,,,,,,0.6211,2025-03-21T19:55:00+00:00,957,2031
trade,2025-03-24,SPY,Long,2025-03-24T13:46:00+00:00,2025-03-24T15:47:00+00:00,572.2666,573.3929,0.52,0.59,0.001968,7260000,MaxHoldTimeout,0.4086,0.0462,0.4437,0.3611,0.4919,0.3556,-0.2167,0.4690,,,
summary,2025-03-24,SPY,,,,,,,0.59,,1,,,,,,,,,,0.8725,2025-03-21T15:01:00+00:00,1035,1234
summary,2025-03-24,QQQ,,,,,,,0.00,,0,,,,,,,,,,0.9356,2025-03-21T15:00:00+00:00,1140,1271
summary,2025-03-24,AAPL,,,,,,,0.00,,0,,,,,,,,,,1.0000,2025-03-21T13:41:00+00:00,1090,1201
summary,2025-03-24,NVDA,,,,,,,0.00,,0,,,,,,,,,,0.7195,2025-03-21T14:23:00+00:00,1157,1348
summary,2025-03-24,MSFT,,,,,,,0.00,,0,,,,,,,,,,0.7654,2025-03-21T19:55:00+00:00,799,1062
trade,2025-03-25,SPY,Long,2025-03-25T14:37:00+00:00,2025-03-25T15:31:00+00:00,576.0428,575.4523,0.52,-0.31,-0.001025,3240000,ScoreExit,0.3699,-0.0670,0.4920,0.3430,0.3831,-0.5189,-0.1789,0.3075,,,
summary,2025-03-25,SPY,,,,,,,-0.31,,1,,,,,,,,,,0.6709,2025-03-24T09:14:00+00:00,997,1497
trade,2025-03-25,QQQ,Long,2025-03-25T14:26:00+00:00,2025-03-25T15:52:00+00:00,492.2526,492.4872,0.61,0.14,0.000477,5160000,ScoreExit,0.3827,-0.0680,0.3045,0.3611,0.4520,-0.1354,-0.3047,0.4280,,,
summary,2025-03-25,QQQ,,,,,,,0.14,,1,,,,,,,,,,0.5341,2025-03-24T08:09:00+00:00,1136,1597
summary,2025-03-25,AAPL,,,,,,,0.00,,0,,,,,,,,,,0.7858,2025-03-24T09:23:00+00:00,872,1389
summary,2025-03-25,NVDA,,,,,,,0.00,,0,,,,,,,,,,0.7151,2025-03-24T08:09:00+00:00,911,1681
trade,2025-03-25,MSFT,Long,2025-03-25T14:23:00+00:00,2025-03-25T15:36:00+00:00,395.6036,394.8865,0.76,-0.54,-0.001813,4380000,ScoreExit,0.4106,-0.1047,0.4731,0.3827,0.4458,-0.4953,-0.2774,0.3708,,,
summary,2025-03-25,MSFT,,,,,,,-0.54,,1,,,,,,,,,,0.6302,2025-03-24T08:14:00+00:00,666,1153
summary,2025-03-26,SPY,,,,,,,0.00,,0,,,,,,,,,,0.6709,2025-03-24T09:14:00+00:00,1267,2280
summary,2025-03-26,QQQ,,,,,,,0.00,,0,,,,,,,,,,0.5341,2025-03-24T08:09:00+00:00,1444,2439
summary,2025-03-26,AAPL,,,,,,,0.00,,0,,,,,,,,,,0.7858,2025-03-24T09:23:00+00:00,1265,2052
summary,2025-03-26,NVDA,,,,,,,0.00,,0,,,,,,,,,,0.7151,2025-03-24T08:09:00+00:00,913,2637
summary,2025-03-26,MSFT,,,,,,,0.00,,0,,,,,,,,,,0.6302,2025-03-24T08:14:00+00:00,781,1650
summary,2025-03-27,SPY,,,,,,,0.00,,0,,,,,,,,,,0.7931,2025-03-24T14:49:00+00:00,1071,2888
summary,2025-03-27,QQQ,,,,,,,0.00,,0,,,,,,,,,,0.8326,2025-03-24T14:49:00+00:00,1282,3057
summary,2025-03-27,AAPL,,,,,,,0.00,,0,,,,,,,,,,0.8080,2025-03-24T13:38:00+00:00,1614,2469
summary,2025-03-27,NVDA,,,,,,,0.00,,0,,,,,,,,,,0.9593,2025-03-24T14:53:00+00:00,756,3267
summary,2025-03-27,MSFT,,,,,,,0.00,,0,,,,,,,,,,0.4233,2025-03-25T14:22:00+00:00,723,2014
summary,2025-03-28,SPY,,,,,,,0.00,,0,,,,,,,,,,0.7739,2025-03-25T14:41:00+00:00,415,2861
summary,2025-03-28,QQQ,,,,,,,0.00,,0,,,,,,,,,,0.8521,2025-03-25T14:44:00+00:00,619,3017
summary,2025-03-28,AAPL,,,,,,,0.00,,0,,,,,,,,,,1.0000,2025-03-25T13:37:00+00:00,1019,2423
summary,2025-03-28,NVDA,,,,,,,0.00,,0,,,,,,,,,,0.6127,2025-03-25T16:08:00+00:00,562,3267
summary,2025-03-28,MSFT,,,,,,,0.00,,0,,,,,,,,,,0.7425,2025-03-25T13:41:00+00:00,306,1944
summary,2025-03-31,SPY,,,,,,,0.00,,0,,,,,,,,,,0.4697,2025-03-28T13:38:00+00:00,167,1274
summary,2025-03-31,QQQ,,,,,,,0.00,,0,,,,,,,,,,0.5057,2025-03-28T13:42:00+00:00,124,1304
trade,2025-03-31,AAPL,Long,2025-03-31T14:24:00+00:00,2025-03-31T15:56:00+00:00,219.1207,219.8690,1.37,1.02,0.003415,5520000,SessionClose,0.4213,0.4083,0.4973,0.4372,0.3640,0.0064,0.3342,0.6905,,,
summary,2025-03-31,AAPL,,,,,,,1.02,,1,,,,,,,,,,0.9007,2025-03-28T13:46:00+00:00,349,1146
summary,2025-03-31,NVDA,,,,,,,0.00,,0,,,,,,,,,,1.0000,2025-03-28T13:36:00+00:00,266,1350
summary,2025-03-31,MSFT,,,,,,,0.00,,0,,,,,,,,,,0.6909,2025-03-28T13:42:00+00:00,125,1062
trade,2025-04-01,SPY,Long,2025-04-01T14:46:00+00:00,2025-04-01T15:56:00+00:00,558.0424,561.0166,0.54,1.60,0.005330,4200000,SessionClose,0.3554,0.2261,0.3044,0.3329,0.4173,0.0454,0.1042,0.5299,,,
summary,2025-04-01,SPY,,,,,,,1.60,,1,,,,,,,,,,0.6313,2025-03-31T18:31:00+00:00,986,1563
trade,2025-04-01,QQQ,Long,2025-04-01T13:46:00+00:00,2025-04-01T14:07:00+00:00,468.0454,466.6150,0.64,-0.92,-0.003056,1260000,ScoreExit,0.3944,-0.0719,0.4199,0.3845,0.4058,-0.4271,-0.3126,0.5280,,,
trade,2025-04-01,QQQ,Long,2025-04-01T14:51:00+00:00,2025-04-01T15:56:00+00:00,469.3858,471.7884,0.64,1.54,0.005119,3900000,SessionClose,0.5088,0.2341,0.5273,0.4942,0.5317,-0.0331,0.0948,0.6019,,,
summary,2025-04-01,QQQ,,,,,,,0.62,,2,,,,,,,,,,0.6413,2025-03-31T18:31:00+00:00,1115,1632
trade,2025-04-01,AAPL,Long,2025-04-01T13:41:00+00:00,2025-04-01T15:42:00+00:00,220.7206,222.4083,1.36,2.29,0.007646,7260000,MaxHoldTimeout,0.4243,0.0928,0.5088,0.3709,0.5030,-0.4489,-0.0740,0.6068,,,
summary,2025-04-01,AAPL,,,,,,,2.29,,1,,,,,,,,,,0.6597,2025-03-31T08:15:00+00:00,1100,1382
trade,2025-04-01,NVDA,Long,2025-04-01T14:51:00+00:00,2025-04-01T15:56:00+00:00,108.0274,109.1122,2.78,3.01,0.010042,3900000,SessionClose,0.4535,0.3015,0.4123,0.4219,0.5304,0.0370,0.1355,0.7216,,,
summary,2025-04-01,NVDA,,,,,,,3.01,,1,,,,,,,,,,0.7375,2025-03-31T18:39:00+00:00,1181,1681
trade,2025-04-01,MSFT,Long,2025-04-01T13:46:00+00:00,2025-04-01T15:47:00+00:00,376.4479,381.0806,0.80,3.69,0.012306,7260000,MaxHoldTimeout,0.5599,0.3145,0.5513,0.5246,0.6335,0.5210,0.0967,0.6813,,,
summary,2025-04-01,MSFT,,,,,,,3.69,,1,,,,,,,,,,0.6948,2025-03-31T15:53:00+00:00,786,1181
summary,2025-04-02,SPY,,,,,,,0.00,,0,,,,,,,,,,0.6313,2025-03-31T18:31:00+00:00,1479,2397
trade,2025-04-02,QQQ,Long,2025-04-02T14:18:00+00:00,2025-04-02T15:13:00+00:00,472.0266,472.5732,0.64,0.35,0.001158,3300000,ScoreExit,0.3547,-0.0559,0.3793,0.3993,0.2572,-0.4546,-0.1609,0.2871,,,
summary,2025-04-02,QQQ,,,,,,,0.35,,1,,,,,,,,,,0.6413,2025-03-31T18:31:00+00:00,1666,2508
trade,2025-04-02,AAPL,Long,2025-04-02T14:01:00+00:00,2025-04-02T15:11:00+00:00,223.1919,223.9428,1.35,1.01,0.003364,4200000,ScoreExit,0.4426,-0.0837,0.4879,0.4808,0.3511,-0.4905,-0.1998,0.2840,,,
summary,2025-04-02,AAPL,,,,,,,1.01,,1,,,,,,,,,,0.6597,2025-03-31T08:15:00+00:00,1559,2054
summary,2025-04-02,NVDA,,,,,,,0.00,,0,,,,,,,,,,0.7375,2025-03-31T18:39:00+00:00,1807,2639
trade,2025-04-02,MSFT,Long,2025-04-02T13:51:00+00:00,2025-04-02T15:07:00+00:00,382.0696,381.3406,0.79,-0.57,-0.001908,4560000,MaxHoldTimeout,0.3598,0.0496,0.3713,0.4048,0.2659,-0.1809,-0.0028,0.2312,,,
summary,2025-04-02,MSFT,,,,,,,-0.57,,1,,,,,,,,,,0.6948,2025-03-31T15:53:00+00:00,1197,1753
summary,2025-04-03,SPY,,,,,,,0.00,,0,,,,,,,,,,0.8585,2025-03-31T15:02:00+00:00,1529,3049
summary,2025-04-03,QQQ,,,,,,,0.00,,0,,,,,,,,,,0.8237,2025-03-31T14:08:00+00:00,1715,3139
summary,2025-04-03,AAPL,,,,,,,0.00,,0,,,,,,,,,,0.9274,2025-03-31T15:00:00+00:00,1370,2766
summary,2025-04-03,NVDA,,,,,,,0.00,,0,,,,,,,,,,0.8977,2025-03-31T14:01:00+00:00,1918,3269
summary,2025-04-03,MSFT,,,,,,,0.00,,0,,,,,,,,,,0.7182,2025-03-31T15:53:00+00:00,1307,2402
summary,2025-04-04,SPY,,,,,,,0.00,,0,,,,,,,,,,0.9564,2025-04-01T15:01:00+00:00,754,3109
summary,2025-04-04,QQQ,,,,,,,0.00,,0,,,,,,,,,,0.9559,2025-04-01T14:54:00+00:00,832,3165
summary,2025-04-04,AAPL,,,,,,,0.00,,0,,,,,,,,,,0.9422,2025-04-01T13:45:00+00:00,735,2943
summary,2025-04-04,NVDA,,,,,,,0.00,,0,,,,,,,,,,0.9547,2025-04-01T14:54:00+00:00,1021,3269
summary,2025-04-04,MSFT,,,,,,,0.00,,0,,,,,,,,,,0.9576,2025-04-01T14:42:00+00:00,858,2547
trade,2025-04-07,SPY,Long,2025-04-07T14:02:00+00:00,2025-04-07T15:11:00+00:00,495.4536,502.8241,0.26,1.89,0.014876,4140000,ScoreExit,0.3663,-0.1492,0.3666,0.3827,0.3333,-0.5360,-0.3260,0.3333,,,
summary,2025-04-07,SPY,,,,,,,1.89,,1,,,,,,,,,,0.9725,2025-04-07T14:13:00+00:00,415,1347
trade,2025-04-07,QQQ,Long,2025-04-07T14:12:00+00:00,2025-04-07T14:38:00+00:00,427.8133,415.4103,0.19,-2.37,-0.028992,1560000,HardStop,0.9618,0.0797,0.8676,0.9583,1.0000,-0.7286,0.0876,0.3333,,,
trade,2025-04-07,QQQ,Long,2025-04-07T14:44:00+00:00,2025-04-07T15:11:00+00:00,419.3258,423.4779,0.16,0.65,0.009902,1620000,ScoreExit,0.3618,-0.1565,0.3760,0.3737,0.3333,-0.4141,-0.3736,0.3637,,,
summary,2025-04-07,QQQ,,,,,,,-1.73,,2,,,,,,,,,,0.9735,2025-04-07T14:13:00+00:00,448,1334
summary,2025-04-07,AAPL,,,,,,,0.00,,0,,,,,,,,,,1.0000,2025-04-04T13:30:00+00:00,167,1331
trade,2025-04-07,NVDA,Long,2025-04-07T13:59:00+00:00,2025-04-07T15:24:00+00:00,93.8231,94.0068,2.94,0.54,0.001957,5100000,ScoreExit,0.7388,-0.1224,0.7876,0.7774,0.6453,-0.6133,-0.3410,0.4785,,,
summary,2025-04-07,NVDA,,,,,,,0.54,,1,,,,,,,,,,0.9613,2025-04-07T14:13:00+00:00,533,1351
trade,2025-04-07,MSFT,Long,2025-04-07T14:14:00+00:00,2025-04-07T14:29:00+00:00,365.7987,355.3884,0.28,-2.96,-0.028459,900000,HardStop,0.9229,0.2569,0.9376,0.8819,1.0000,-0.8376,0.4010,0.3333,,,
trade,2025-04-07,MSFT,Long,2025-04-07T14:33:00+00:00,2025-04-07T15:11:00+00:00,360.1530,358.1075,0.23,-0.47,-0.005679,2280000,ScoreExit,0.3829,-0.1400,0.3796,0.4081,0.3334,-0.1905,-0.3682,0.3333,,,
summary,2025-04-07,MSFT,,,,,,,-3.42,,2,,,,,,,,,,0.9377,2025-04-04T13:46:00+00:00,460,1238
summary,2025-04-08,SPY,,,,,,,0.00,,0,,,,,,,,,,0.9725,2025-04-07T14:13:00+00:00,1146,1668
summary,2025-04-08,QQQ,,,,,,,0.00,,0,,,,,,,,,,1.0000,2025-04-07T08:02:00+00:00,1194,1667
summary,2025-04-08,AAPL,,,,,,,0.00,,0,,,,,,,,,,1.0000,2025-04-07T08:02:00+00:00,1008,1650
summary,2025-04-08,NVDA,,,,,,,0.00,,0,,,,,,,,,,0.9597,2025-04-07T14:13:00+00:00,1328,1681
summary,2025-04-08,MSFT,,,,,,,0.00,,0,,,,,,,,,,1.0000,2025-04-07T08:02:00+00:00,1017,1464
summary,2025-04-09,SPY,,,,,,,0.00,,0,,,,,,,,,,0.9725,2025-04-07T14:13:00+00:00,1430,2625
summary,2025-04-09,QQQ,,,,,,,0.00,,0,,,,,,,,,,1.0000,2025-04-07T08:02:00+00:00,1487,2625
summary,2025-04-09,AAPL,,,,,,,0.00,,0,,,,,,,,,,1.0000,2025-04-07T08:02:00+00:00,1354,2606
summary,2025-04-09,NVDA,,,,,,,0.00,,0,,,,,,,,,,0.9597,2025-04-07T14:13:00+00:00,1916,2641
trade,2025-04-09,MSFT,Long,2025-04-09T14:18:00+00:00,2025-04-09T14:45:00+00:00,361.2834,359.3872,0.63,-1.19,-0.005249,1620000,ScoreExit,0.4154,-0.0654,0.4078,0.4354,0.3780,-0.5666,-0.1753,0.3215,,,
summary,2025-04-09,MSFT,,,,,,,-1.19,,1,,,,,,,,,,1.0000,2025-04-07T08:02:00+00:00,1434,2201
summary,2025-04-10,SPY,,,,,,,0.00,,0,,,,,,,,,,0.9994,2025-04-07T14:16:00+00:00,1745,3254
summary,2025-04-10,QQQ,,,,,,,0.00,,0,,,,,,,,,,0.9993,2025-04-07T14:16:00+00:00,1801,3252
trade,2025-04-10,AAPL,Long,2025-04-10T13:36:00+00:00,2025-04-10T14:42:00+00:00,192.5277,192.3773,1.56,-0.23,-0.000782,3960000,ScoreExit,0.5568,-0.0605,0.5899,0.5661,0.5273,-0.4402,-0.1608,0.2665,,,
summary,2025-04-10,AAPL,,,,,,,-0.23,,1,,,,,,,,,,0.9766,2025-04-07T14:13:00+00:00,1736,3232
trade,2025-04-10,NVDA,Long,2025-04-10T14:31:00+00:00,2025-04-10T15:47:00+00:00,109.6578,107.8626,2.73,-4.90,-0.016371,4560000,MaxHoldTimeout,0.4719,0.0000,0.5202,0.4755,0.4485,-0.0536,-0.6351,-0.1355,,,
summary,2025-04-10,NVDA,,,,,,,-4.90,,1,,,,,,,,,,1.0000,2025-04-07T13:31:00+00:00,2315,3271
summary,2025-04-10,MSFT,,,,,,,0.00,,0,,,,,,,,,,0.9882,2025-04-07T14:16:00+00:00,1706,2676
summary,2025-04-11,SPY,,,,,,,0.00,,0,,,,,,,,,,0.9369,2025-04-09T17:24:00+00:00,1651,3254
summary,2025-04-11,QQQ,,,,,,,0.00,,0,,,,,,,,,,0.9333,2025-04-09T17:24:00+00:00,1712,3249
trade,2025-04-11,AAPL,Long,2025-04-11T13:36:00+00:00,2025-04-11T15:37:00+00:00,188.2164,193.5069,1.59,8.43,0.028109,7260000,MaxHoldTimeout,0.4108,0.5073,0.4114,0.4007,0.4308,0.4301,0.4676,0.6125,,,
summary,2025-04-11,AAPL,,,,,,,8.43,,1,,,,,,,,,,0.9144,2025-04-08T13:42:00+00:00,1854,3182
trade,2025-04-11,NVDA,Long,2025-04-11T13:54:00+00:00,2025-04-11T14:18:00+00:00,110.4683,109.1872,2.72,-3.48,-0.011597,1440000,ScoreExit,0.5679,-0.0672,0.5571,0.5573,0.5927,-0.4524,-0.1812,0.2892,,,
summary,2025-04-11,NVDA,,,,,,,-3.48,,1,,,,,,,,,,0.9327,2025-04-08T13:46:00+00:00,2036,3271
trade,2025-04-11,MSFT,Long,2025-04-11T13:50:00+00:00,2025-04-11T14:18:00+00:00,385.3706,382.4355,0.64,-1.88,-0.007616,1680000,ScoreExit,0.3918,-0.1059,0.4983,0.3742,0.3915,-0.4648,-0.2373,0.2766,,,
summary,2025-04-11,MSFT,,,,,,,-1.88,,1,,,,,,,,,,1.0000,2025-04-08T13:35:00+00:00,1513,2516
summary,2025-04-14,SPY,,,,,,,0.00,,0,,,,,,,,,,0.9402,2025-04-11T13:45:00+00:00,1062,1292
summary,2025-04-14,QQQ,,,,,,,0.00,,0,,,,,,,,,,0.9363,2025-04-11T13:45:00+00:00,1020,1272
summary,2025-04-14,AAPL,,,,,,,0.00,,0,,,,,,,,,,1.0000,2025-04-11T13:36:00+00:00,1179,1313
summary,2025-04-14,NVDA,,,,,,,0.00,,0,,,,,,,,,,1.0000,2025-04-11T13:39:00+00:00,1019,1350
summary,2025-04-14,MSFT,,,,,,,0.00,,0,,,,,,,,,,0.9318,2025-04-11T13:45:00+00:00,748,1017
trade,2025-04-15,SPY,Long,2025-04-15T13:35:00+00:00,2025-04-15T14:17:00+00:00,540.4271,541.7924,0.56,0.76,0.002526,2520000,ScoreExit,0.3998,-0.0689,0.3786,0.4510,0.3043,-0.3146,-0.2464,0.3679,,,
summary,2025-04-15,SPY,,,,,,,0.76,,1,,,,,,,,,,0.5192,2025-04-15T13:48:00+00:00,660,1587
summary,2025-04-15,QQQ,,,,,,,0.00,,0,,,,,,,,,,0.5593,2025-04-14T13:24:00+00:00,680,1625
summary,2025-04-15,AAPL,,,,,,,0.00,,0,,,,,,,,,,0.6325,2025-04-14T12:09:00+00:00,548,1585
trade,2025-04-15,NVDA,Long,2025-04-15T13:33:00+00:00,2025-04-15T14:18:00+00:00,112.3287,111.6113,2.67,-1.92,-0.006386,2700000,ScoreExit,0.5626,-0.1082,0.6168,0.5909,0.4878,-0.5176,-0.2402,0.2921,,,
summary,2025-04-15,NVDA,,,,,,,-1.92,,1,,,,,,,,,,0.6600,2025-04-14T11:13:00+00:00,529,1681
trade,2025-04-15,MSFT,Long,2025-04-15T13:35:00+00:00,2025-04-15T14:01:00+00:00,390.1320,389.1982,0.77,-0.72,-0.002394,1560000,ScoreExit,0.3976,-0.0757,0.4628,0.4061,0.3590,-0.6100,-0.1387,0.2283,,,
summary,2025-04-15,MSFT,,,,,,,-0.72,,1,,,,,,,,,,0.5709,2025-04-14T08:06:00+00:00,303,1101
summary,2025-04-16,SPY,,,,,,,0.00,,0,,,,,,,,,,0.5192,2025-04-15T13:48:00+00:00,660,2504
summary,2025-04-16,QQQ,,,,,,,0.00,,0,,,,,,,,,,0.5593,2025-04-14T13:24:00+00:00,755,2560
summary,2025-04-16,AAPL,,,,,,,0.00,,0,,,,,,,,,,0.6325,2025-04-14T12:09:00+00:00,548,2442
summary,2025-04-16,NVDA,,,,,,,0.00,,0,,,,,,,,,,0.6600,2025-04-14T11:13:00+00:00,560,2641
summary,2025-04-16,MSFT,,,,,,,0.00,,0,,,,,,,,,,0.5709,2025-04-14T08:06:00+00:00,303,1644
summary,2025-04-17,SPY,,,,,,,0.00,,0,,,,,,,,,,0.8804,2025-04-14T14:54:00+00:00,636,3106
summary,2025-04-17,QQQ,,,,,,,0.00,,0,,,,,,,,,,0.7623,2025-04-14T14:54:00+00:00,682,3145
summary,2025-04-17,AAPL,,,,,,,0.00,,0,,,,,,,,,,0.5164,2025-04-14T19:08:00+00:00,475,2918
summary,2025-04-17,NVDA,,,,,,,0.00,,0,,,,,,,,,,0.6671,2025-04-15T13:31:00+00:00,730,3271
summary,2025-04-17,MSFT,,,,,,,0.00,,0,,,,,,,,,,0.9584,2025-04-14T14:50:00+00:00,206,2123
summary,2025-04-18,SPY,,,,,,,0.00,,0,,,,,,,,,,0.5744,2025-04-15T14:12:00+00:00,215,2403
summary,2025-04-18,QQQ,,,,,,,0.00,,0,,,,,,,,,,0.6830,2025-04-15T13:39:00+00:00,193,2408
summary,2025-04-18,AAPL,,,,,,,0.00,,0,,,,,,,,,,0.8599,2025-04-15T13:53:00+00:00,551,2195
summary,2025-04-18,NVDA,,,,,,,0.00,,0,,,,,,,,,,1.0000,2025-04-15T13:32:00+00:00,580,2550
summary,2025-04-18,MSFT,,,,,,,0.00,,0,,,,,,,,,,0.9648,2025-04-15T13:40:00+00:00,76,1644
summary,2025-04-21,SPY,,,,,,,0.00,,0,,,,,,,,,,0.4693,2025-04-21T19:58:00+00:00,113,625
summary,2025-04-21,QQQ,,,,,,,0.00,,0,,,,,,,,,,0.5563,2025-04-21T19:58:00+00:00,135,689
trade,2025-04-21,AAPL,Long,2025-04-21T13:35:00+00:00,2025-04-21T14:51:00+00:00,193.5831,191.4475,1.55,-3.31,-0.011031,4560000,MaxHoldTimeout,0.4554,0.0000,0.5131,0.4727,0.4015,-0.5091,-0.2147,-1.0000,,,
summary,2025-04-21,AAPL,,,,,,,-3.31,,1,,,,,,,,,,0.5544,2025-04-21T19:58:00+00:00,90,610
trade,2025-04-21,NVDA,Long,2025-04-21T13:32:00+00:00,2025-04-21T14:04:00+00:00,98.9797,96.4208,3.03,-7.76,-0.025853,1920000,HardStop,0.3826,0.0000,0.2885,0.4124,0.3542,-0.5968,-0.4969,-1.0000,,,
summary,2025-04-21,NVDA,,,,,,,-7.76,,1,,,,,,,,,,0.6093,2025-04-21T19:57:00+00:00,75,721
summary,2025-04-21,MSFT,,,,,,,0.00,,0,,,,,,,,,,0.9005,2025-04-21T11:00:00+00:00,22,461
summary,2025-04-22,SPY,,,,,,,0.00,,0,,,,,,,,,,0.5607,2025-04-22T08:00:00+00:00,827,1490
summary,2025-04-22,QQQ,,,,,,,0.00,,0,,,,,,,,,,0.5657,2025-04-22T08:00:00+00:00,872,1579
summary,2025-04-22,AAPL,,,,,,,0.00,,0,,,,,,,,,,0.6505,2025-04-22T14:06:00+00:00,682,1326
summary,2025-04-22,NVDA,,,,,,,0.00,,0,,,,,,,,,,0.6789,2025-04-22T08:00:00+00:00,811,1681
trade,2025-04-22,MSFT,Long,2025-04-22T14:54:00+00:00,2025-04-22T15:56:00+00:00,364.1142,364.4606,0.82,0.29,0.000951,3720000,SessionClose,0.4768,0.4249,0.4693,0.4332,0.5666,0.4657,0.3190,0.6233,,,
summary,2025-04-22,MSFT,,,,,,,0.29,,1,,,,,,,,,,0.9005,2025-04-21T11:00:00+00:00,459,1028
trade,2025-04-23,SPY,Long,2025-04-23T13:47:00+00:00,2025-04-23T15:03:00+00:00,543.8981,541.4825,0.55,-1.33,-0.004441,4560000,MaxHoldTimeout,0.5160,-0.0403,0.4702,0.4901,0.5832,-0.4526,-0.1576,0.3317,,,
summary,2025-04-23,SPY,,,,,,,-1.33,,1,,,,,,,,,,0.7542,2025-04-22T21:44:00+00:00,1540,2429
trade,2025-04-23,QQQ,Long,2025-04-23T13:47:00+00:00,2025-04-23T15:03:00+00:00,461.2133,460.0569,0.65,-0.75,-0.002507,4560000,MaxHoldTimeout,0.5069,0.0076,0.4521,0.4803,0.5784,-0.4550,-0.1027,0.3824,,,
summary,2025-04-23,QQQ,,,,,,,-0.75,,1,,,,,,,,,,0.7714,2025-04-22T21:42:00+00:00,1622,2524
summary,2025-04-23,AAPL,,,,,,,0.00,,0,,,,,,,,,,0.6929,2025-04-22T21:42:00+00:00,1437,2233
trade,2025-04-23,NVDA,Long,2025-04-23T14:31:00+00:00,2025-04-23T15:26:00+00:00,104.1462,103.6239,2.88,-1.50,-0.005015,3300000,ScoreExit,0.4315,-0.1604,0.4884,0.3832,0.5092,-0.4040,-0.4022,0.4042,,,
summary,2025-04-23,NVDA,,,,,,,-1.50,,1,,,,,,,,,,0.6789,2025-04-22T08:00:00+00:00,1597,2641
trade,2025-04-23,MSFT,Long,2025-04-23T13:47:00+00:00,2025-04-23T15:11:00+00:00,378.7636,378.7713,0.79,0.01,0.000020,5040000,ScoreExit,0.4574,-0.0520,0.4134,0.4257,0.5356,-0.4206,-0.1923,0.3515,,,
summary,2025-04-23,MSFT,,,,,,,0.01,,1,,,,,,,,,,0.9005,2025-04-21T11:00:00+00:00,1013,1765
trade,2025-04-24,SPY,Long,2025-04-24T13:49:00+00:00,2025-04-24T15:50:00+00:00,538.1164,542.6921,0.56,2.55,0.008503,7260000,MaxHoldTimeout,0.3578,0.1105,0.2796,0.4000,0.2996,0.3763,-0.0618,0.3666,,,
summary,2025-04-24,SPY,,,,,,,2.55,,1,,,,,,,,,,0.8149,2025-04-22T21:44:00+00:00,2177,3100
summary,2025-04-24,QQQ,,,,,,,0.00,,0,,,,,,,,,,0.8425,2025-04-22T21:42:00+00:00,2264,3173
trade,2025-04-24,AAPL,Long,2025-04-24T13:57:00+00:00,2025-04-24T15:56:00+00:00,205.1465,206.5530,1.46,2.06,0.006856,7140000,SessionClose,0.3838,0.0890,0.3688,0.4085,0.3392,0.5011,-0.1168,0.3631,,,
summary,2025-04-24,AAPL,,,,,,,2.06,,1,,,,,,,,,,0.7476,2025-04-22T21:42:00+00:00,2025,2807
trade,2025-04-24,NVDA,Long,2025-04-24T14:21:00+00:00,2025-04-24T15:56:00+00:00,105.1215,105.6583,2.86,1.53,0.005106,5700000,SessionClose,0.5005,0.1134,0.5660,0.4481,0.5836,0.5317,-0.1911,0.5828,,,
summary,2025-04-24,NVDA,,,,,,,1.53,,1,,,,,,,,,,0.7575,2025-04-22T21:29:00+00:00,2269,3270
trade,2025-04-24,MSFT,Long,2025-04-24T13:36:00+00:00,2025-04-24T15:37:00+00:00,377.1481,383.6899,0.80,5.20,0.017345,7260000,MaxHoldTimeout,0.4590,0.1631,0.5540,0.4085,0.5283,0.3074,-0.0321,0.5053,,,
summary,2025-04-24,MSFT,,,,,,,5.20,,1,,,,,,,,,,0.7893,2025-04-22T21:41:00+00:00,1450,2271
summary,2025-04-25,SPY,,,,,,,0.00,,0,,,,,,,,,,0.9557,2025-04-22T15:01:00+00:00,2384,3137
summary,2025-04-25,QQQ,,,,,,,0.00,,0,,,,,,,,,,0.9545,2025-04-22T15:01:00+00:00,2512,3224
summary,2025-04-25,AAPL,,,,,,,0.00,,0,,,,,,,,,,0.9561,2025-04-22T14:48:00+00:00,2282,2919
trade,2025-04-25,NVDA,Long,2025-04-25T14:06:00+00:00,2025-04-25T15:56:00+00:00,107.3272,109.1273,2.80,5.04,0.016772,6600000,SessionClose,0.4683,0.2469,0.4755,0.4530,0.4966,0.3141,0.0706,0.5771,,,
summary,2025-04-25,NVDA,,,,,,,5.04,,1,,,,,,,,,,0.9554,2025-04-22T13:41:00+00:00,2646,3270
summary,2025-04-25,MSFT,,,,,,,0.00,,0,,,,,,,,,,0.9577,2025-04-22T14:55:00+00:00,1907,2312
summary,2025-04-28,SPY,,,,,,,0.00,,0,,,,,,,,,,0.5897,2025-04-25T17:27:00+00:00,846,1212
summary,2025-04-28,QQQ,,,,,,,0.00,,0,,,,,,,,,,0.7959,2025-04-25T14:12:00+00:00,939,1262
summary,2025-04-28,AAPL,,,,,,,0.00,,0,,,,,,,,,,0.9400,2025-04-25T13:45:00+00:00,743,1106
summary,2025-04-28,NVDA,,,,,,,0.00,,0,,,,,,,,,,1.0000,2025-04-25T13:34:00+00:00,901,1351
summary,2025-04-28,MSFT,,,,,,,0.00,,0,,,,,,,,,,0.6737,2025-04-25T14:12:00+00:00,632,965
trade,2025-04-29,SPY,Long,2025-04-29T14:04:00+00:00,2025-04-29T15:23:00+00:00,551.2703,550.9997,0.54,-0.15,-0.000491,4740000,MaxHoldTimeout,0.3976,-0.0357,0.2960,0.4366,0.3535,-0.5435,-0.1128,0.2879,,,
summary,2025-04-29,SPY,,,,,,,-0.15,,1,,,,,,,,,,0.8059,2025-04-28T09:32:00+00:00,834,1452
trade,2025-04-29,QQQ,Long,2025-04-29T14:02:00+00:00,2025-04-29T15:17:00+00:00,472.7868,473.0331,0.63,0.16,0.000521,4500000,ScoreExit,0.4585,-0.0559,0.4212,0.4813,0.4254,-0.4020,-0.2137,0.3751,,,
summary,2025-04-29,QQQ,,,,,,,0.16,,1,,,,,,,,,,0.8121,2025-04-28T09:32:00+00:00,904,1559
trade,2025-04-29,AAPL,Long,2025-04-29T13:47:00+00:00,2025-04-29T15:16:00+00:00,210.6412,211.0058,1.42,0.52,0.001731,5340000,ScoreExit,0.4350,-0.0672,0.5421,0.4187,0.4318,-0.3215,-0.2642,0.4116,,,
summary,2025-04-29,AAPL,,,,,,,0.52,,1,,,,,,,,,,0.9516,2025-04-28T09:31:00+00:00,805,1302
trade,2025-04-29,NVDA,Long,2025-04-29T13:42:00+00:00,2025-04-29T15:43:00+00:00,108.3675,109.1104,2.77,2.06,0.006855,7260000,MaxHoldTimeout,0.3883,0.4323,0.3749,0.3862,0.3968,0.5684,0.3773,0.4967,,,
summary,2025-04-29,NVDA,,,,,,,2.06,,1,,,,,,,,,,0.8604,2025-04-28T09:29:00+00:00,933,1679
trade,2025-04-29,MSFT,Long,2025-04-29T13:36:00+00:00,2025-04-29T15:11:00+00:00,391.9125,393.5769,0.77,1.27,0.004247,5700000,ScoreExit,0.3823,-0.0742,0.3589,0.3614,0.4317,-0.5433,-0.2345,0.4027,,,
summary,2025-04-29,MSFT,,,,,,,1.27,,1,,,,,,,,,,0.7155,2025-04-28T09:53:00+00:00,650,1034
summary,2025-04-30,SPY,,,,,,,0.00,,0,,,,,,,,,,0.8059,2025-04-28T09:32:00+00:00,1204,2284
summary,2025-04-30,QQQ,,,,,,,0.00,,0,,,,,,,,,,0.8121,2025-04-28T09:32:00+00:00,1289,2456
summary,2025-04-30,AAPL,,,,,,,0.00,,0,,,,,,,,,,0.9516,2025-04-28T09:31:00+00:00,1140,1987
summary,2025-04-30,NVDA,,,,,,,0.00,,0,,,,,,,,,,0.8604,2025-04-28T09:29:00+00:00,1120,2637
summary,2025-04-30,MSFT,,,,,,,0.00,,0,,,,,,,,,,0.7541,2025-04-30T20:00:00+00:00,953,1659
trade,2025-05-01,SPY,Long,2025-05-01T14:21:00+00:00,2025-05-01T15:40:00+00:00,561.1683,562.5162,0.53,0.72,0.002402,4740000,ScoreExit,0.3867,-0.0502,0.4282,0.3886,0.3690,-0.4218,-0.1378,0.2489,,,
summary,2025-05-01,SPY,,,,,,,0.72,,1,,,,,,,,,,0.6002,2025-04-28T19:52:00+00:00,1747,2955
trade,2025-05-01,QQQ,Long,2025-05-01T14:35:00+00:00,2025-05-01T15:41:00+00:00,484.3353,485.3543,0.62,0.63,0.002104,3960000,ScoreExit,0.4019,-0.0596,0.4702,0.3723,0.4383,-0.4233,-0.1918,0.3260,,,
summary,2025-05-01,QQQ,,,,,,,0.63,,1,,,,,,,,,,0.6879,2025-04-28T13:46:00+00:00,1911,3095
trade,2025-05-01,AAPL,Long,2025-05-01T13:38:00+00:00,2025-05-01T15:39:00+00:00,211.7775,212.6812,1.42,1.28,0.004267,7260000,MaxHoldTimeout,0.3624,-0.0244,0.4203,0.3954,0.2770,-0.4249,-0.1391,0.3387,,,
summary,2025-05-01,AAPL,,,,,,,1.28,,1,,,,,,,,,,0.9364,2025-04-28T13:43:00+00:00,1511,2687
summary,2025-05-01,NVDA,,,,,,,0.00,,0,,,,,,,,,,0.8369,2025-04-28T13:46:00+00:00,1805,3267
trade,2025-05-01,MSFT,Long,2025-05-01T13:31:00+00:00,2025-05-01T14:47:00+00:00,435.7357,430.9157,0.48,-2.31,-0.011062,4560000,MaxHoldTimeout,0.6385,0.1133,0.6796,0.6502,0.6012,-0.4692,-0.0384,0.6108,,,
summary,2025-05-01,MSFT,,,,,,,-2.31,,1,,,,,,,,,,0.8766,2025-04-30T20:01:00+00:00,1670,2495
summary,2025-05-02,SPY,,,,,,,0.00,,0,,,,,,,,,,0.8749,2025-04-29T14:59:00+00:00,2009,2990
trade,2025-05-02,QQQ,Long,2025-05-02T14:26:00+00:00,2025-05-02T15:26:00+00:00,488.2214,487.7786,0.61,-0.27,-0.000907,3600000,ScoreExit,0.3927,-0.0694,0.3965,0.3713,0.4343,-0.5373,-0.2450,0.4377,,,
summary,2025-05-02,QQQ,,,,,,,-0.27,,1,,,,,,,,,,0.9049,2025-04-29T14:55:00+00:00,2110,3142
summary,2025-05-02,AAPL,,,,,,,0.00,,0,,,,,,,,,,0.9879,2025-04-29T13:39:00+00:00,957,2907
summary,2025-05-02,NVDA,,,,,,,0.00,,0,,,,,,,,,,1.0000,2025-04-29T13:32:00+00:00,2112,3266
summary,2025-05-02,MSFT,,,,,,,0.00,,0,,,,,,,,,,0.9469,2025-04-30T20:01:00+00:00,1940,2714
summary,2025-05-05,SPY,,,,,,,0.00,,0,,,,,,,,,,0.6159,2025-05-02T16:14:00+00:00,573,1223
summary,2025-05-05,QQQ,,,,,,,0.00,,0,,,,,,,,,,0.7108,2025-05-02T14:29:00+00:00,566,1239
summary,2025-05-05,AAPL,,,,,,,0.00,,0,,,,,,,,,,0.9571,2025-05-02T14:46:00+00:00,398,1230
summary,2025-05-05,NVDA,,,,,,,0.00,,0,,,,,,,,,,0.9332,2025-05-02T13:33:00+00:00,427,1348
summary,2025-05-05,MSFT,,,,,,,0.00,,0,,,,,,,,,,0.9016,2025-05-02T13:55:00+00:00,513,1030
summary,2025-05-06,SPY,,,,,,,0.00,,0,,,,,,,,,,0.4766,2025-05-05T15:01:00+00:00,477,1494
summary,2025-05-06,QQQ,,,,,,,0.00,,0,,,,,,,,,,0.5476,2025-05-05T18:44:00+00:00,442,1573
summary,2025-05-06,AAPL,,,,,,,0.00,,0,,,,,,,,,,0.5645,2025-05-05T18:14:00+00:00,326,1423
summary,2025-05-06,NVDA,,,,,,,0.00,,0,,,,,,,,,,0.6300,2025-05-05T13:34:00+00:00,723,1676
summary,2025-05-06,MSFT,,,,,,,0.00,,0,,,,,,,,,,0.7173,2025-05-05T13:54:00+00:00,602,1154
summary,2025-05-07,SPY,,,,,,,0.00,,0,,,,,,,,,,0.5147,2025-05-06T22:07:00+00:00,692,2363
summary,2025-05-07,QQQ,,,,,,,0.00,,0,,,,,,,,,,0.5486,2025-05-06T22:05:00+00:00,677,2494
summary,2025-05-07,AAPL,,,,,,,0.00,,0,,,,,,,,,,0.5789,2025-05-06T22:07:00+00:00,554,2255
summary,2025-05-07,NVDA,,,,,,,0.00,,0,,,,,,,,,,0.6922,2025-05-07T19:42:00+00:00,1312,2633
summary,2025-05-07,MSFT,,,,,,,0.00,,0,,,,,,,,,,0.7173,2025-05-05T13:54:00+00:00,737,1780
summary,2025-05-08,SPY,,,,,,,0.00,,0,,,,,,,,,,0.8558,2025-05-05T14:57:00+00:00,1009,2956
summary,2025-05-08,QQQ,,,,,,,0.00,,0,,,,,,,,,,0.8203,2025-05-05T15:04:00+00:00,1219,3095
summary,2025-05-08,AAPL,,,,,,,0.00,,0,,,,,,,,,,0.6622,2025-05-06T22:07:00+00:00,1030,2876
summary,2025-05-08,NVDA,,,,,,,0.00,,0,,,,,,,,,,0.8896,2025-05-05T13:37:00+00:00,1937,3264
summary,2025-05-08,MSFT,,,,,,,0.00,,0,,,,,,,,,,0.9555,2025-05-05T15:01:00+00:00,1030,2265
summary,2025-05-09,SPY,,,,,,,0.00,,0,,,,,,,,,,0.8795,2025-05-06T14:46:00+00:00,1807,2976
summary,2025-05-09,QQQ,,,,,,,0.00,,0,,,,,,,,,,0.9538,2025-05-06T14:46:00+00:00,1973,3087
trade,2025-05-09,AAPL,Long,2025-05-09T13:35:00+00:00,2025-05-09T13:41:00+00:00,200.2050,198.7931,1.50,-2.12,-0.007052,360000,ScoreExit,0.4090,-0.0553,0.4292,0.4546,0.3110,-0.5098,-0.1627,0.3110,,,
summary,2025-05-09,AAPL,,,,,,,-2.12,,1,,,,,,,,,,1.0000,2025-05-06T13:31:00+00:00,1622,2879
summary,2025-05-09,NVDA,,,,,,,0.00,,0,,,,,,,,,,0.9519,2025-05-06T14:40:00+00:00,2569,3261
summary,2025-05-09,MSFT,,,,,,,0.00,,0,,,,,,,,,,0.9575,2025-05-06T15:03:00+00:00,1382,2221
summary,2025-05-12,SPY,,,,,,,0.00,,0,,,,,,,,,,0.8468,2025-05-12T08:05:00+00:00,797,1288
summary,2025-05-12,QQQ,,,,,,,0.00,,0,,,,,,,,,,0.9146,2025-05-12T08:02:00+00:00,682,1272
summary,2025-05-12,AAPL,,,,,,,0.00,,0,,,,,,,,,,0.9305,2025-05-12T08:10:00+00:00,731,1248
summary,2025-05-12,NVDA,,,,,,,0.00,,0,,,,,,,,,,0.8365,2025-05-12T08:05:00+00:00,689,1344
summary,2025-05-12,MSFT,,,,,,,0.00,,0,,,,,,,,,,0.7584,2025-05-12T08:02:00+00:00,623,1026
trade,2025-05-13,SPY,Long,2025-05-13T13:56:00+00:00,2025-05-13T15:56:00+00:00,585.0605,587.4787,0.51,1.24,0.004133,7200000,SessionClose,0.4386,0.1316,0.4941,0.3853,0.5266,-0.1181,-0.0542,0.5863,,,
summary,2025-05-13,SPY,,,,,,,1.24,,1,,,,,,,,,,0.8147,2025-05-12T08:00:00+00:00,1160,1557
trade,2025-05-13,QQQ,Long,2025-05-13T14:14:00+00:00,2025-05-13T15:56:00+00:00,513.6390,515.6671,0.58,1.19,0.003948,6120000,SessionClose,0.5649,0.1794,0.5409,0.5252,0.6523,-0.0820,0.0016,0.6221,,,
summary,2025-05-13,QQQ,,,,,,,1.19,,1,,,,,,,,,,0.9631,2025-05-12T08:00:00+00:00,1265,1630
trade,2025-05-13,AAPL,Long,2025-05-13T14:33:00+00:00,2025-05-13T15:41:00+00:00,211.8135,211.0717,1.42,-1.05,-0.003502,4080000,ScoreExit,0.4782,-0.0991,0.5636,0.4328,0.5405,-0.4874,-0.3186,0.4693,,,
summary,2025-05-13,AAPL,,,,,,,-1.05,,1,,,,,,,,,,1.0000,2025-05-12T08:00:00+00:00,1198,1541
summary,2025-05-13,NVDA,,,,,,,0.00,,0,,,,,,,,,,1.0000,2025-05-12T08:00:00+00:00,1311,1680
trade,2025-05-13,MSFT,Long,2025-05-13T13:55:00+00:00,2025-05-13T14:36:00+00:00,449.6499,448.7103,0.67,-0.63,-0.002089,2460000,ScoreExit,0.3831,-0.0513,0.3519,0.3452,0.4692,-0.1397,-0.2589,0.3935,,,
summary,2025-05-13,MSFT,,,,,,,-0.63,,1,,,,,,,,,,0.6560,2025-05-12T17:08:00+00:00,830,1177
summary,2025-05-14,SPY,,,,,,,0.00,,0,,,,,,,,,,0.8147,2025-05-12T08:00:00+00:00,1717,2397
trade,2025-05-14,QQQ,Long,2025-05-14T13:32:00+00:00,2025-05-14T13:46:00+00:00,517.4902,516.9899,0.58,-0.29,-0.000967,840000,ScoreExit,0.3516,-0.0665,0.4429,0.3551,0.3141,-0.5166,-0.1818,0.3141,,,
summary,2025-05-14,QQQ,,,,,,,-0.29,,1,,,,,,,,,,0.9631,2025-05-12T08:00:00+00:00,1954,2529
trade,2025-05-14,AAPL,Long,2025-05-14T13:41:00+00:00,2025-05-14T13:47:00+00:00,213.0240,212.5212,1.41,-0.71,-0.002360,360000,ScoreExit,0.4006,-0.0548,0.4719,0.3974,0.3832,-0.4651,-0.2054,0.3832,,,
trade,2025-05-14,AAPL,Long,2025-05-14T14:19:00+00:00,2025-05-14T14:41:00+00:00,213.4590,212.7911,1.41,-0.94,-0.003129,1320000,ScoreExit,0.3511,-0.0680,0.4522,0.3199,0.3797,-0.5182,-0.2169,0.3797,,,
summary,2025-05-14,AAPL,,,,,,,-1.65,,2,,,,,,,,,,1.0000,2025-05-12T08:00:00+00:00,1735,2374
trade,2025-05-14,NVDA,Long,2025-05-14T13:33:00+00:00,2025-05-14T13:51:00+00:00,133.7251,132.7665,2.25,-2.15,-0.007169,1080000,ScoreExit,0.4952,-0.0934,0.5582,0.4498,0.5651,-0.4725,-0.3595,0.5651,,,
summary,2025-05-14,NVDA,,,,,,,-2.15,,1,,,,,,,,,,1.0000,2025-05-12T08:00:00+00:00,2159,2640
trade,2025-05-14,MSFT,Long,2025-05-14T13:47:00+00:00,2025-05-14T15:01:00+00:00,452.1406,452.5092,0.66,0.24,0.000815,4440000,ScoreExit,0.4873,-0.0824,0.4703,0.5391,0.3894,-0.4383,-0.2392,0.3500,,,
summary,2025-05-14,MSFT,,,,,,,0.24,,1,,,,,,,,,,0.6560,2025-05-12T17:08:00+00:00,1183,1776
summary,2025-05-15,SPY,,,,,,,0.00,,0,,,,,,,,,,0.6332,2025-05-12T17:08:00+00:00,2098,2953
summary,2025-05-15,QQQ,,,,,,,0.00,,0,,,,,,,,,,0.6241,2025-05-12T17:08:00+00:00,2347,3118
summary,2025-05-15,AAPL,,,,,,,0.00,,0,,,,,,,,,,0.9001,2025-05-12T14:05:00+00:00,1871,2840
summary,2025-05-15,NVDA,,,,,,,0.00,,0,,,,,,,,,,0.7848,2025-05-13T14:13:00+00:00,2773,3270
summary,2025-05-15,MSFT,,,,,,,0.00,,0,,,,,,,,,,0.7968,2025-05-12T14:25:00+00:00,1575,2165
summary,2025-05-16,SPY,,,,,,,0.00,,0,,,,,,,,,,0.8440,2025-05-13T14:17:00+00:00,1700,2953
summary,2025-05-16,QQQ,,,,,,,0.00,,0,,,,,,,,,,0.9458,2025-05-13T14:55:00+00:00,2117,3095
summary,2025-05-16,AAPL,,,,,,,0.00,,0,,,,,,,,,,0.8928,2025-05-13T14:33:00+00:00,1226,2738
summary,2025-05-16,NVDA,,,,,,,0.00,,0,,,,,,,,,,1.0000,2025-05-13T13:33:00+00:00,2670,3271
summary,2025-05-16,MSFT,,,,,,,0.00,,0,,,,,,,,,,0.8448,2025-05-13T13:52:00+00:00,1190,2115
summary,2025-05-19,SPY,,,,,,,0.00,,0,,,,,,,,,,0.4646,2025-05-16T18:51:00+00:00,655,1337
trade,2025-05-19,QQQ,Long,2025-05-19T14:11:00+00:00,2025-05-19T14:49:00+00:00,520.2460,518.7793,0.58,-0.85,-0.002819,2280000,ScoreExit,0.4035,-0.0624,0.4338,0.4455,0.3093,-0.5343,-0.0961,0.1622,,,
summary,2025-05-19,QQQ,,,,,,,-0.85,,1,,,,,,,,,,0.4953,2025-05-19T14:09:00+00:00,596,1350
summary,2025-05-19,AAPL,,,,,,,0.00,,0,,,,,,,,,,0.4978,2025-05-16T13:39:00+00:00,265,1233
trade,2025-05-19,NVDA,Long,2025-05-19T13:48:00+00:00,2025-05-19T14:50:00+00:00,134.8454,134.3847,2.23,-1.03,-0.003417,3720000,ScoreExit,0.6392,-0.0502,0.5780,0.6462,0.6457,-0.5488,-0.1716,0.3589,,,
summary,2025-05-19,NVDA,,,,,,,-1.03,,1,,,,,,,,,,0.6780,2025-05-19T14:16:00+00:00,712,1351
trade,2025-05-19,MSFT,Long,2025-05-19T13:31:00+00:00,2025-05-19T15:32:00+00:00,454.2312,456.7829,0.66,1.69,0.005618,7260000,MaxHoldTimeout,0.6054,0.1718,0.6681,0.5818,0.6316,0.2188,-0.0552,0.6103,,,
summary,2025-05-19,MSFT,,,,,,,1.69,,1,,,,,,,,,,0.7204,2025-05-19T13:41:00+00:00,608,1009
summary,2025-05-20,SPY,,,,,,,0.00,,0,,,,,,,,,,0.7296,2025-05-19T09:33:00+00:00,1062,1554
summary,2025-05-20,QQQ,,,,,,,0.00,,0,,,,,,,,,,0.7002,2025-05-19T14:09:00+00:00,1058,1590
summary,2025-05-20,AAPL,,,,,,,0.00,,0,,,,,,,,,,0.8568,2025-05-19T09:29:00+00:00,923,1361
summary,2025-05-20,NVDA,,,,,,,0.00,,0,,,,,,,,,,0.7451,2025-05-19T13:47:00+00:00,1206,1679
summary,2025-05-20,MSFT,,,,,,,0.00,,0,,,,,,,,,,0.8276,2025-05-19T10:36:00+00:00,705,1059
summary,2025-05-21,SPY,,,,,,,0.00,,0,,,,,,,,,,0.7296,2025-05-19T09:33:00+00:00,1296,2429
summary,2025-05-21,QQQ,,,,,,,0.00,,0,,,,,,,,,,0.7002,2025-05-19T14:09:00+00:00,1396,2476
summary,2025-05-21,AAPL,,,,,,,0.00,,0,,,,,,,,,,0.8568,2025-05-19T09:29:00+00:00,1001,2053
summary,2025-05-21,NVDA,,,,,,,0.00,,0,,,,,,,,,,0.7451,2025-05-19T13:47:00+00:00,1523,2639
summary,2025-05-21,MSFT,,,,,,,0.00,,0,,,,,,,,,,0.8276,2025-05-19T10:36:00+00:00,851,1590
summary,2025-05-22,SPY,,,,,,,0.00,,0,,,,,,,,,,0.7968,2025-05-19T14:06:00+00:00,1089,3002
summary,2025-05-22,QQQ,,,,,,,0.00,,0,,,,,,,,,,0.8633,2025-05-19T14:09:00+00:00,1282,3068
summary,2025-05-22,AAPL,,,,,,,0.00,,0,,,,,,,,,,0.9558,2025-05-19T15:02:00+00:00,971,2606
summary,2025-05-22,NVDA,,,,,,,0.00,,0,,,,,,,,,,1.0000,2025-05-19T13:36:00+00:00,1366,3269
trade,2025-05-22,MSFT,Long,2025-05-22T13:42:00+00:00,2025-05-22T14:50:00+00:00,457.8323,457.5577,0.66,-0.18,-0.000600,4080000,ScoreExit,0.4732,-0.0914,0.5776,0.4730,0.4387,-0.5635,-0.2163,0.3157,,,
summary,2025-05-22,MSFT,,,,,,,-0.18,,1,,,,,,,,,,0.9284,2025-05-19T13:44:00+00:00,924,1997
summary,2025-05-23,SPY,,,,,,,0.00,,0,,,,,,,,,,0.7094,2025-05-20T14:44:00+00:00,298,3000
summary,2025-05-23,QQQ,,,,,,,0.00,,0,,,,,,,,,,0.6715,2025-05-20T14:48:00+00:00,701,3128
summary,2025-05-23,AAPL,,,,,,,0.00,,0,,,,,,,,,,0.9128,2025-05-20T14:49:00+00:00,178,2639
summary,2025-05-23,NVDA,,,,,,,0.00,,0,,,,,,,,,,0.6251,2025-05-21T15:43:00+00:00,1072,3267
summary,2025-05-23,MSFT,,,,,,,0.00,,0,,,,,,,,,,0.5948,2025-05-20T19:59:00+00:00,649,2038
summary,2025-05-26,SPY,,,,,,,0.00,,0,,,,,,,,,,0.5941,2025-05-23T17:29:00+00:00,350,540
summary,2025-05-26,QQQ,,,,,,,0.00,,0,,,,,,,,,,0.7525,2025-05-23T14:12:00+00:00,300,534
summary,2025-05-26,AAPL,,,,,,,0.00,,0,,,,,,,,,,1.0000,2025-05-23T13:33:00+00:00,113,594
summary,2025-05-26,NVDA,,,,,,,0.00,,0,,,,,,,,,,1.0000,2025-05-23T13:33:00+00:00,437,628
summary,2025-05-26,MSFT,,,,,,,0.00,,0,,,,,,,,,,0.7684,2025-05-23T14:25:00+00:00,272,442
trade,2025-05-27,SPY,Long,2025-05-27T14:17:00+00:00,2025-05-27T15:56:00+00:00,587.4212,588.8283,0.51,0.72,0.002395,5940000,SessionClose,0.3778,0.3179,0.3993,0.3844,0.3574,0.3572,0.1649,0.6109,,,
summary,2025-05-27,SPY,,,,,,,0.72,,1,,,,,,,,,,0.7155,2025-05-27T09:14:00+00:00,468,694
summary,2025-05-27,QQQ,,,,,,,0.00,,0,,,,,,,,,,0.6699,2025-05-27T09:13:00+00:00,440,713
summary,2025-05-27,AAPL,,,,,,,0.00,,0,,,,,,,,,,0.6368,2025-05-27T16:04:00+00:00,417,661
summary,2025-05-27,NVDA,,,,,,,0.00,,0,,,,,,,,,,0.6164,2025-05-27T14:32:00+00:00,438,721
summary,2025-05-27,MSFT,,,,,,,0.00,,0,,,,,,,,,,0.6522,2025-05-27T13:33:00+00:00,352,519
trade,2025-05-28,SPY,Long,2025-05-28T13:36:00+00:00,2025-05-28T13:46:00+00:00,592.1126,591.9274,0.51,-0.09,-0.000313,600000,ScoreExit,0.3519,-0.0517,0.4783,0.3337,0.3461,-0.3064,-0.2106,0.3512,,,
summary,2025-05-28,SPY,,,,,,,-0.09,,1,,,,,,,,,,0.7155,2025-05-27T09:14:00+00:00,1009,1527
summary,2025-05-28,QQQ,,,,,,,0.00,,0,,,,,,,,,,0.6699,2025-05-27T09:13:00+00:00,1053,1612
summary,2025-05-28,AAPL,,,,,,,0.00,,0,,,,,,,,,,0.6368,2025-05-27T16:04:00+00:00,1014,1401
summary,2025-05-28,NVDA,,,,,,,0.00,,0,,,,,,,,,,0.6164,2025-05-27T14:32:00+00:00,1209,1681
summary,2025-05-28,MSFT,,,,,,,0.00,,0,,,,,,,,,,0.6522,2025-05-27T13:33:00+00:00,625,1087
summary,2025-05-29,SPY,,,,,,,0.00,,0,,,,,,,,,,0.7155,2025-05-27T09:14:00+00:00,1540,2469
summary,2025-05-29,QQQ,,,,,,,0.00,,0,,,,,,,,,,0.6699,2025-05-27T09:13:00+00:00,1656,2567
summary,2025-05-29,AAPL,,,,,,,0.00,,0,,,,,,,,,,0.7517,2025-05-28T23:20:00+00:00,1344,2314
trade,2025-05-29,NVDA,Long,2025-05-29T14:56:00+00:00,2025-05-29T15:50:00+00:00,141.4975,141.0427,2.12,-0.96,-0.003215,3240000,ScoreExit,0.4213,-0.0549,0.4143,0.3867,0.4927,-0.5317,-0.1547,0.3036,,,
summary,2025-05-29,NVDA,,,,,,,-0.96,,1,,,,,,,,,,0.7450,2025-05-28T20:59:00+00:00,1957,2641
summary,2025-05-29,MSFT,,,,,,,0.00,,0,,,,,,,,,,0.6522,2025-05-27T13:33:00+00:00,974,1748
summary,2025-05-30,SPY,,,,,,,0.00,,0,,,,,,,,,,0.8545,2025-05-27T14:48:00+00:00,1562,2975
summary,2025-05-30,QQQ,,,,,,,0.00,,0,,,,,,,,,,0.8743,2025-05-27T14:48:00+00:00,1906,3146
summary,2025-05-30,AAPL,,,,,,,0.00,,0,,,,,,,,,,0.8218,2025-05-28T23:20:00+00:00,1434,2824
summary,2025-05-30,NVDA,,,,,,,0.00,,0,,,,,,,,,,0.9557,2025-05-27T14:46:00+00:00,2034,3271
summary,2025-05-30,MSFT,,,,,,,0.00,,0,,,,,,,,,,0.7913,2025-05-27T13:33:00+00:00,1182,2137
summary,2025-06-02,SPY,,,,,,,0.00,,0,,,,,,,,,,0.5881,2025-05-30T19:18:00+00:00,684,1261
trade,2025-06-02,QQQ,Long,2025-06-02T13:36:00+00:00,2025-06-02T13:58:00+00:00,520.4711,517.6996,0.58,-1.60,-0.005325,1320000,ScoreExit,0.5300,-0.0820,0.6128,0.5401,0.4822,-0.5370,-0.1495,0.2046,,,
summary,2025-06-02,QQQ,,,,,,,-1.60,,1,,,,,,,,,,0.6064,2025-05-30T14:37:00+00:00,747,1247
trade,2025-06-02,AAPL,Long,2025-06-02T13:31:00+00:00,2025-06-02T14:20:00+00:00,201.6405,200.1549,1.49,-2.21,-0.007367,2940000,ScoreExit,0.5269,-0.0741,0.6057,0.4875,0.5794,-0.4968,-0.2037,0.3260,,,
summary,2025-06-02,AAPL,,,,,,,-2.21,,1,,,,,,,,,,0.6274,2025-05-30T14:39:00+00:00,780,1160
summary,2025-06-02,NVDA,,,,,,,0.00,,0,,,,,,,,,,0.6951,2025-06-02T13:39:00+00:00,491,1351
trade,2025-06-02,MSFT,Long,2025-06-02T13:46:00+00:00,2025-06-02T14:54:00+00:00,460.8032,459.9420,0.65,-0.56,-0.001869,4080000,ScoreExit,0.3688,-0.0681,0.4266,0.3881,0.3107,-0.4597,-0.1502,0.2266,,,
summary,2025-06-02,MSFT,,,,,,,-0.56,,1,,,,,,,,,,0.5892,2025-05-30T19:48:00+00:00,509,910
trade,2025-06-03,SPY,Long,2025-06-03T13:42:00+00:00,2025-06-03T15:43:00+00:00,593.0829,595.2564,0.51,1.10,0.003665,7260000,MaxHoldTimeout,0.3570,0.3681,0.4159,0.3348,0.3816,0.5482,0.2821,0.4800,,,
summary,2025-06-03,SPY,,,,,,,1.10,,1,,,,,,,,,,0.5473,2025-06-02T18:55:00+00:00,1157,1528
trade,2025-06-03,QQQ,Long,2025-06-03T13:53:00+00:00,2025-06-03T15:54:00+00:00,524.6223,526.4270,0.57,1.03,0.003440,7260000,MaxHoldTimeout,0.3903,0.2037,0.3494,0.3557,0.4733,0.1869,0.0548,0.5069,,,
summary,2025-06-03,QQQ,,,,,,,1.03,,1,,,,,,,,,,0.6673,2025-06-02T13:38:00+00:00,1219,1562
trade,2025-06-03,AAPL,Long,2025-06-03T13:46:00+00:00,2025-06-03T14:29:00+00:00,202.0656,201.6995,1.48,-0.54,-0.001812,2580000,ScoreExit,0.3980,-0.0580,0.3852,0.3660,0.4663,-0.5673,-0.1659,0.3276,,,
summary,2025-06-03,AAPL,,,,,,,-0.54,,1,,,,,,,,,,0.6557,2025-06-02T13:32:00+00:00,912,1300
summary,2025-06-03,NVDA,,,,,,,0.00,,0,,,,,,,,,,0.7632,2025-06-02T13:39:00+00:00,1337,1677
trade,2025-06-03,MSFT,Long,2025-06-03T13:32:00+00:00,2025-06-03T13:40:00+00:00,463.2589,461.5165,0.65,-1.13,-0.003761,480000,ScoreExit,0.3536,-0.0594,0.3928,0.3214,0.4047,-0.5102,-0.1557,0.2835,,,
summary,2025-06-03,MSFT,,,,,,,-1.13,,1,,,,,,,,,,0.8993,2025-06-02T11:07:00+00:00,713,990
summary,2025-06-04,SPY,,,,,,,0.00,,0,,,,,,,,,,0.5473,2025-06-02T18:55:00+00:00,1700,2343
summary,2025-06-04,QQQ,,,,,,,0.00,,0,,,,,,,,,,0.6673,2025-06-02T13:38:00+00:00,1846,2424
summary,2025-06-04,AAPL,,,,,,,0.00,,0,,,,,,,,,,0.6557,2025-06-02T13:32:00+00:00,1383,2065
summary,2025-06-04,NVDA,,,,,,,0.00,,0,,,,,,,,,,0.7632,2025-06-02T13:39:00+00:00,2090,2637
trade,2025-06-04,MSFT,Long,2025-06-04T13:55:00+00:00,2025-06-04T14:23:00+00:00,464.8644,464.5056,0.65,-0.23,-0.000772,1680000,ScoreExit,0.3506,-0.0520,0.3002,0.3981,0.2724,-0.4769,-0.1280,0.2417,,,
summary,2025-06-04,MSFT,,,,,,,-0.23,,1,,,,,,,,,,0.8993,2025-06-02T11:07:00+00:00,1046,1508
summary,2025-06-05,SPY,,,,,,,0.00,,0,,,,,,,,,,0.6104,2025-06-02T14:57:00+00:00,2032,2859
trade,2025-06-05,QQQ,Long,2025-06-05T14:57:00+00:00,2025-06-05T15:56:00+00:00,531.2543,532.3552,0.56,0.62,0.002072,3540000,SessionClose,0.3910,0.2083,0.3709,0.4380,0.3036,-0.0811,0.1805,0.3602,,,
summary,2025-06-05,QQQ,,,,,,,0.62,,1,,,,,,,,,,0.6763,2025-06-02T13:38:00+00:00,2190,2985
summary,2025-06-05,AAPL,,,,,,,0.00,,0,,,,,,,,,,0.8224,2025-06-02T15:01:00+00:00,1474,2666
trade,2025-06-05,NVDA,Long,2025-06-05T14:53:00+00:00,2025-06-05T15:56:00+00:00,142.1726,143.6969,2.11,3.22,0.010721,3780000,SessionClose,0.3646,0.2894,0.4241,0.3817,0.3106,0.1123,0.2300,0.4672,,,
summary,2025-06-05,NVDA,,,,,,,3.22,,1,,,,,,,,,,1.0000,2025-06-02T13:39:00+00:00,2435,3265
summary,2025-06-05,MSFT,,,,,,,0.00,,0,,,,,,,,,,0.8646,2025-06-02T13:32:00+00:00,1416,1958
trade,2025-06-06,SPY,Long,2025-06-06T13:50:00+00:00,2025-06-06T14:29:00+00:00,600.6952,599.0452,0.50,-0.82,-0.002747,2340000,ScoreExit,0.3515,-0.0837,0.4020,0.3542,0.3291,-0.5643,-0.1941,0.2974,,,
summary,2025-06-06,SPY,,,,,,,-0.82,,1,,,,,,,,,,0.8167,2025-06-03T15:03:00+00:00,1681,2892
trade,2025-06-06,QQQ,Long,2025-06-06T13:49:00+00:00,2025-06-06T14:26:00+00:00,531.4335,530.3758,0.56,-0.60,-0.001990,2220000,ScoreExit,0.3502,-0.0948,0.4048,0.3531,0.3263,-0.2101,-0.2750,0.3041,,,
summary,2025-06-06,QQQ,,,,,,,-0.60,,1,,,,,,,,,,0.8682,2025-06-03T15:03:00+00:00,1869,3047
trade,2025-06-06,AAPL,Long,2025-06-06T13:36:00+00:00,2025-06-06T14:21:00+00:00,205.0465,203.9338,1.46,-1.63,-0.005427,2700000,ScoreExit,0.4189,-0.0528,0.5098,0.4146,0.3973,-0.2853,-0.1844,0.2880,,,
summary,2025-06-06,AAPL,,,,,,,-1.63,,1,,,,,,,,,,0.8405,2025-06-03T14:02:00+00:00,1168,2728
summary,2025-06-06,NVDA,,,,,,,0.00,,0,,,,,,,,,,0.9569,2025-06-03T14:58:00+00:00,1964,3264
trade,2025-06-06,MSFT,Long,2025-06-06T13:54:00+00:00,2025-06-06T14:45:00+00:00,472.2066,471.4185,0.64,-0.50,-0.001669,3060000,ScoreExit,0.4374,-0.0509,0.5292,0.3943,0.4929,-0.5409,-0.2208,0.4521,,,
summary,2025-06-06,MSFT,,,,,,,-0.50,,1,,,,,,,,,,0.4737,2025-06-04T13:59:00+00:00,1407,2005
summary,2025-06-09,SPY,,,,,,,0.00,,0,,,,,,,,,,0.5180,2025-06-06T13:41:00+00:00,646,1192
trade,2025-06-09,QQQ,Long,2025-06-09T14:32:00+00:00,2025-06-09T15:16:00+00:00,531.9195,531.0856,0.56,-0.47,-0.001568,2640000,ScoreExit,0.3620,-0.1301,0.3577,0.4035,0.2806,-0.5430,-0.2292,0.2056,,,
summary,2025-06-09,QQQ,,,,,,,-0.47,,1,,,,,,,,,,0.5183,2025-06-06T13:46:00+00:00,613,1220
trade,2025-06-09,AAPL,Long,2025-06-09T13:36:00+00:00,2025-06-09T14:51:00+00:00,204.8914,204.9135,1.46,0.03,0.000108,4500000,ScoreExit,0.3723,-0.1166,0.4704,0.3481,0.3882,-0.4931,-0.2954,0.3663,,,
summary,2025-06-09,AAPL,,,,,,,0.03,,1,,,,,,,,,,0.6909,2025-06-06T13:31:00+00:00,519,1191
summary,2025-06-09,NVDA,,,,,,,0.00,,0,,,,,,,,,,0.9143,2025-06-06T13:43:00+00:00,653,1343
summary,2025-06-09,MSFT,,,,,,,0.00,,0,,,,,,,,,,0.8178,2025-06-06T14:06:00+00:00,416,892
summary,2025-06-10,SPY,,,,,,,0.00,,0,,,,,,,,,,0.4077,2025-06-09T16:52:00+00:00,912,1466
summary,2025-06-10,QQQ,,,,,,,0.00,,0,,,,,,,,,,0.4589,2025-06-09T14:33:00+00:00,972,1541
trade,2025-06-10,AAPL,Long,2025-06-10T14:02:00+00:00,2025-06-10T15:31:00+00:00,202.8157,203.0441,1.48,0.34,0.001126,5340000,ScoreExit,0.4134,-0.0948,0.4566,0.3832,0.4593,-0.5628,-0.2427,0.3571,,,
summary,2025-06-10,AAPL,,,,,,,0.34,,1,,,,,,,,,,0.5894,2025-06-09T14:13:00+00:00,401,1497
summary,2025-06-10,NVDA,,,,,,,0.00,,0,,,,,,,,,,0.5942,2025-06-09T14:36:00+00:00,727,1673
summary,2025-06-10,MSFT,,,,,,,0.00,,0,,,,,,,,,,0.5376,2025-06-09T18:57:00+00:00,553,1013
summary,2025-06-11,SPY,,,,,,,0.00,,0,,,,,,,,,,0.4134,2025-06-11T12:36:00+00:00,1361,2305
summary,2025-06-11,QQQ,,,,,,,0.00,,0,,,,,,,,,,0.4589,2025-06-09T14:33:00+00:00,1424,2398
summary,2025-06-11,AAPL,,,,,,,0.00,,0,,,,,,,,,,0.5894,2025-06-09T14:13:00+00:00,674,2268
summary,2025-06-11,NVDA,,,,,,,0.00,,0,,,,,,,,,,0.5942,2025-06-09T14:36:00+00:00,1284,2632
trade,2025-06-11,MSFT,Long,2025-06-11T13:57:00+00:00,2025-06-11T15:42:00+00:00,473.2469,474.5026,0.63,0.80,0.002653,6300000,ScoreExit,0.3682,-0.0772,0.3304,0.4091,0.2991,-0.2861,-0.2476,0.3331,,,
summary,2025-06-11,MSFT,,,,,,,0.80,,1,,,,,,,,,,0.5376,2025-06-09T18:57:00+00:00,884,1582
summary,2025-06-12,SPY,,,,,,,0.00,,0,,,,,,,,,,0.4161,2025-06-11T12:36:00+00:00,1456,2970
summary,2025-06-12,QQQ,,,,,,,0.00,,0,,,,,,,,,,0.5316,2025-06-09T14:33:00+00:00,1498,3018
summary,2025-06-12,AAPL,,,,,,,0.00,,0,,,,,,,,,,0.8859,2025-06-09T14:13:00+00:00,589,2889
trade,2025-06-12,NVDA,Long,2025-06-12T14:13:00+00:00,2025-06-12T15:50:00+00:00,143.6682,144.2916,2.09,1.30,0.004339,5820000,ScoreExit,0.3735,-0.0532,0.3243,0.3439,0.4491,-0.5031,-0.2222,0.4348,,,
summary,2025-06-12,NVDA,,,,,,,1.30,,1,,,,,,,,,,0.8916,2025-06-09T14:34:00+00:00,1495,3264
summary,2025-06-12,MSFT,,,,,,,0.00,,0,,,,,,,,,,0.5381,2025-06-09T18:57:00+00:00,1331,2104
summary,2025-06-13,SPY,,,,,,,0.00,,0,,,,,,,,,,0.7126,2025-06-10T14:43:00+00:00,1289,3051
summary,2025-06-13,QQQ,,,,,,,0.00,,0,,,,,,,,,,0.5975,2025-06-10T19:05:00+00:00,1260,3039
summary,2025-06-13,AAPL,,,,,,,0.00,,0,,,,,,,,,,0.9576,2025-06-10T14:53:00+00:00,566,2803
summary,2025-06-13,NVDA,,,,,,,0.00,,0,,,,,,,,,,0.6346,2025-06-10T14:18:00+00:00,1734,3268
trade,2025-06-13,MSFT,Long,2025-06-13T14:00:00+00:00,2025-06-13T14:14:00+00:00,478.6486,476.0521,0.63,-1.63,-0.005424,840000,ScoreExit,0.4057,-0.0505,0.3784,0.4417,0.3426,-0.5978,-0.0992,0.2296,,,
summary,2025-06-13,MSFT,,,,,,,-1.63,,1,,,,,,,,,,0.5262,2025-06-11T14:22:00+00:00,1273,2191
trade,2025-06-16,SPY,Long,2025-06-16T13:50:00+00:00,2025-06-16T15:27:00+00:00,602.3256,603.2440,0.50,0.46,0.001525,5820000,ScoreExit,0.4037,-0.0562,0.4587,0.3487,0.4953,-0.5427,-0.2317,0.4568,,,
summary,2025-06-16,SPY,,,,,,,0.46,,1,,,,,,,,,,0.5950,2025-06-13T15:51:00+00:00,642,1248
trade,2025-06-16,QQQ,Long,2025-06-16T13:56:00+00:00,2025-06-16T15:52:00+00:00,533.8751,534.3846,0.56,0.29,0.000954,6960000,ScoreExit,0.4695,-0.0833,0.5609,0.4169,0.5442,-0.5462,-0.2914,0.4872,,,
summary,2025-06-16,QQQ,,,,,,,0.29,,1,,,,,,,,,,0.6233,2025-06-13T15:51:00+00:00,722,1237
summary,2025-06-16,AAPL,,,,,,,0.00,,0,,,,,,,,,,0.5110,2025-06-16T08:08:00+00:00,553,1170
summary,2025-06-16,NVDA,,,,,,,0.00,,0,,,,,,,,,,0.6511,2025-06-13T15:51:00+00:00,780,1344
trade,2025-06-16,MSFT,Long,2025-06-16T13:50:00+00:00,2025-06-16T15:51:00+00:00,478.4985,480.3508,0.63,1.16,0.003871,7260000,MaxHoldTimeout,0.4413,0.2444,0.4196,0.3977,0.5356,0.1705,0.1252,0.5074,,,
summary,2025-06-16,MSFT,,,,,,,1.16,,1,,,,,,,,,,0.5658,2025-06-13T13:39:00+00:00,415,925
summary,2025-06-17,SPY,,,,,,,0.00,,0,,,,,,,,,,0.4807,2025-06-16T14:19:00+00:00,626,1577
summary,2025-06-17,QQQ,,,,,,,0.00,,0,,,,,,,,,,0.5569,2025-06-16T14:01:00+00:00,712,1580
summary,2025-06-17,AAPL,,,,,,,0.00,,0,,,,,,,,,,0.5809,2025-06-16T13:59:00+00:00,562,1347
summary,2025-06-17,NVDA,,,,,,,0.00,,0,,,,,,,,,,0.6309,2025-06-16T13:58:00+00:00,976,1676
summary,2025-06-17,MSFT,,,,,,,0.00,,0,,,,,,,,,,0.5953,2025-06-16T14:12:00+00:00,468,1131
summary,2025-06-18,SPY,,,,,,,0.00,,0,,,,,,,,,,0.4807,2025-06-16T14:19:00+00:00,716,2460
summary,2025-06-18,QQQ,,,,,,,0.00,,0,,,,,,,,,,0.5569,2025-06-16T14:01:00+00:00,839,2480
summary,2025-06-18,AAPL,,,,,,,0.00,,0,,,,,,,,,,0.5809,2025-06-16T13:59:00+00:00,708,2133
summary,2025-06-18,NVDA,,,,,,,0.00,,0,,,,,,,,,,0.6309,2025-06-16T13:58:00+00:00,1396,2635
summary,2025-06-18,MSFT,,,,,,,0.00,,0,,,,,,,,,,0.5953,2025-06-16T14:12:00+00:00,751,1665
summary,2025-06-19,SPY,,,,,,,0.00,,0,,,,,,,,,,0.7792,2025-06-16T14:44:00+00:00,386,2372
summary,2025-06-19,QQQ,,,,,,,0.00,,0,,,,,,,,,,0.7838,2025-06-16T14:44:00+00:00,460,2385
summary,2025-06-19,AAPL,,,,,,,0.00,,0,,,,,,,,,,0.8986,2025-06-16T13:59:00+00:00,577,2085
summary,2025-06-19,NVDA,,,,,,,0.00,,0,,,,,,,,,,0.9587,2025-06-16T15:04:00+00:00,1222,2544
summary,2025-06-19,MSFT,,,,,,,0.00,,0,,,,,,,,,,0.7720,2025-06-16T14:01:00+00:00,723,1646
summary,2025-06-20,SPY,,,,,,,0.00,,0,,,,,,,,,,0.4138,2025-06-18T14:31:00+00:00,582,2135
summary,2025-06-20,QQQ,,,,,,,0.00,,0,,,,,,,,,,0.4433,2025-06-17T14:15:00+00:00,657,2175
summary,2025-06-20,AAPL,,,,,,,0.00,,0,,,,,,,,,,0.7748,2025-06-17T14:20:00+00:00,955,1939
summary,2025-06-20,NVDA,,,,,,,0.00,,0,,,,,,,,,,0.5394,2025-06-17T13:39:00+00:00,1098,2305
summary,2025-06-20,MSFT,,,,,,,0.00,,0,,,,,,,,,,0.6826,2025-06-17T15:03:00+00:00,900,1494
trade,2025-06-23,SPY,Long,2025-06-23T14:01:00+00:00,2025-06-23T14:52:00+00:00,596.9740,596.8459,0.50,-0.06,-0.000215,3060000,ScoreExit,0.3743,-0.0514,0.3865,0.4166,0.2858,-0.5405,-0.1423,0.2934,,,
summary,2025-06-23,SPY,,,,,,,-0.06,,1,,,,,,,,,,0.5140,2025-06-23T17:36:00+00:00,454,1259
trade,2025-06-23,QQQ,Long,2025-06-23T14:14:00+00:00,2025-06-23T14:56:00+00:00,529.6138,529.1462,0.57,-0.26,-0.000883,2520000,ScoreExit,0.3941,-0.0752,0.3083,0.4298,0.3511,-0.5250,-0.1965,0.3173,,,
summary,2025-06-23,QQQ,,,,,,,-0.26,,1,,,,,,,,,,0.5356,2025-06-23T17:36:00+00:00,369,1251
summary,2025-06-23,AAPL,,,,,,,0.00,,0,,,,,,,,,,1.0000,2025-06-20T13:34:00+00:00,965,1277
summary,2025-06-23,NVDA,,,,,,,0.00,,0,,,,,,,,,,0.4639,2025-06-20T13:46:00+00:00,194,1346
summary,2025-06-23,MSFT,,,,,,,0.00,,0,,,,,,,,,,0.6572,2025-06-20T13:39:00+00:00,290,935
summary,2025-06-24,SPY,,,,,,,0.00,,0,,,,,,,,,,0.6735,2025-06-23T17:37:00+00:00,1204,1610
summary,2025-06-24,QQQ,,,,,,,0.00,,0,,,,,,,,,,0.6862,2025-06-23T17:36:00+00:00,1193,1624
summary,2025-06-24,AAPL,,,,,,,0.00,,0,,,,,,,,,,0.5992,2025-06-23T08:09:00+00:00,903,1514
trade,2025-06-24,NVDA,Long,2025-06-24T13:41:00+00:00,2025-06-24T15:42:00+00:00,146.5902,146.7920,2.05,0.41,0.001377,7260000,MaxHoldTimeout,0.6081,0.1257,0.5387,0.5808,0.6858,-0.1391,-0.0533,0.5717,,,
summary,2025-06-24,NVDA,,,,,,,0.41,,1,,,,,,,,,,0.7370,2025-06-23T08:11:00+00:00,1238,1678
trade,2025-06-24,MSFT,Long,2025-06-24T14:51:00+00:00,2025-06-24T15:56:00+00:00,488.6015,491.0576,0.61,1.51,0.005027,3900000,SessionClose,0.4088,0.2783,0.4782,0.3793,0.4445,0.4558,0.1210,0.5336,,,
summary,2025-06-24,MSFT,,,,,,,1.51,,1,,,,,,,,,,0.7030,2025-06-23T17:37:00+00:00,862,1092
summary,2025-06-25,SPY,,,,,,,0.00,,0,,,,,,,,,,0.6735,2025-06-23T17:37:00+00:00,1675,2410
summary,2025-06-25,QQQ,,,,,,,0.00,,0,,,,,,,,,,0.6862,2025-06-23T17:36:00+00:00,1760,2509
summary,2025-06-25,AAPL,,,,,,,0.00,,0,,,,,,,,,,0.5992,2025-06-23T08:09:00+00:00,1054,2304
trade,2025-06-25,NVDA,Long,2025-06-25T13:46:00+00:00,2025-06-25T15:47:00+00:00,151.4154,151.7695,1.98,0.70,0.002338,7260000,MaxHoldTimeout,0.5941,0.1471,0.5667,0.5507,0.6899,0.1882,-0.1210,0.6698,,,
summary,2025-06-25,NVDA,,,,,,,0.70,,1,,,,,,,,,,0.7370,2025-06-23T08:11:00+00:00,2118,2635
summary,2025-06-25,MSFT,,,,,,,0.00,,0,,,,,,,,,,0.7030,2025-06-23T17:37:00+00:00,1207,1641
summary,2025-06-26,SPY,,,,,,,0.00,,0,,,,,,,,,,0.6947,2025-06-23T14:06:00+00:00,2274,2959
summary,2025-06-26,QQQ,,,,,,,0.00,,0,,,,,,,,,,0.8736,2025-06-23T14:44:00+00:00,2404,3109
summary,2025-06-26,AAPL,,,,,,,0.00,,0,,,,,,,,,,0.8402,2025-06-23T14:08:00+00:00,1251,2821
trade,2025-06-26,NVDA,Long,2025-06-26T14:22:00+00:00,2025-06-26T15:22:00+00:00,156.1268,155.6064,1.92,-1.00,-0.003333,3600000,ScoreExit,0.3945,-0.0504,0.3493,0.3864,0.4257,-0.4863,-0.1917,0.3777,,,
summary,2025-06-26,NVDA,,,,,,,-1.00,,1,,,,,,,,,,0.8926,2025-06-23T14:05:00+00:00,2821,3265
summary,2025-06-26,MSFT,,,,,,,0.00,,0,,,,,,,,,,0.9463,2025-06-23T15:04:00+00:00,1629,2087
trade,2025-06-27,SPY,Long,2025-06-27T13:51:00+00:00,2025-06-27T15:52:00+00:00,614.0092,615.6702,0.49,0.81,0.002705,7260000,MaxHoldTimeout,0.3539,0.2349,0.4747,0.3367,0.3480,-0.3587,0.2612,0.3803,,,
summary,2025-06-27,SPY,,,,,,,0.81,,1,,,,,,,,,,0.5817,2025-06-24T14:42:00+00:00,2050,2889
summary,2025-06-27,QQQ,,,,,,,0.00,,0,,,,,,,,,,0.6682,2025-06-24T14:42:00+00:00,2237,3048
summary,2025-06-27,AAPL,,,,,,,0.00,,0,,,,,,,,,,0.6176,2025-06-24T16:11:00+00:00,1127,2760
trade,2025-06-27,NVDA,Long,2025-06-27T14:14:00+00:00,2025-06-27T15:56:00+00:00,156.6520,158.3325,1.92,3.22,0.010728,6120000,SessionClose,0.3527,0.1393,0.4413,0.3283,0.3719,-0.1204,0.0076,0.4893,,,
summary,2025-06-27,NVDA,,,,,,,3.22,,1,,,,,,,,,,1.0000,2025-06-24T13:41:00+00:00,2694,3260
summary,2025-06-27,MSFT,,,,,,,0.00,,0,,,,,,,,,,0.8948,2025-06-24T15:02:00+00:00,1357,2062
summary,2025-06-30,SPY,,,,,,,0.00,,0,,,,,,,,,,0.7415,2025-06-27T14:45:00+00:00,744,1259
summary,2025-06-30,QQQ,,,,,,,0.00,,0,,,,,,,,,,0.7346,2025-06-27T14:43:00+00:00,753,1287
summary,2025-06-30,AAPL,,,,,,,0.00,,0,,,,,,,,,,0.8124,2025-06-27T13:33:00+00:00,384,1199
summary,2025-06-30,NVDA,,,,,,,0.00,,0,,,,,,,,,,0.9522,2025-06-27T14:44:00+00:00,968,1349
summary,2025-06-30,MSFT,,,,,,,0.00,,0,,,,,,,,,,0.4790,2025-06-27T15:47:00+00:00,418,929
summary,2025-07-01,SPY,,,,,,,0.00,,0,,,,,,,,,,0.6953,2025-06-30T09:39:00+00:00,741,1486
summary,2025-07-01,QQQ,,,,,,,0.00,,0,,,,,,,,,,0.7323,2025-06-30T09:31:00+00:00,656,1580
summary,2025-07-01,AAPL,,,,,,,0.00,,0,,,,,,,,,,0.7753,2025-06-30T19:30:00+00:00,1011,1514
summary,2025-07-01,NVDA,,,,,,,0.00,,0,,,,,,,,,,0.5754,2025-06-30T15:48:00+00:00,482,1672
summary,2025-07-01,MSFT,,,,,,,0.00,,0,,,,,,,,,,0.7243,2025-06-30T11:24:00+00:00,390,1037
summary,2025-07-02,SPY,,,,,,,0.00,,0,,,,,,,,,,0.6953,2025-06-30T09:39:00+00:00,1233,2309
summary,2025-07-02,QQQ,,,,,,,0.00,,0,,,,,,,,,,0.7323,2025-06-30T09:31:00+00:00,1023,2431
trade,2025-07-02,AAPL,Long,2025-07-02T13:46:00+00:00,2025-07-02T15:26:00+00:00,211.9386,211.9614,1.42,0.03,0.000108,6000000,ScoreExit,0.5769,-0.0785,0.5703,0.5525,0.6280,-0.5211,-0.3086,0.5292,,,
summary,2025-07-02,AAPL,,,,,,,0.03,,1,,,,,,,,,,0.7753,2025-06-30T19:30:00+00:00,1715,2376
trade,2025-07-02,NVDA,Long,2025-07-02T14:06:00+00:00,2025-07-02T15:56:00+00:00,155.0515,156.5895,1.94,2.98,0.009919,6600000,SessionClose,0.4868,0.2144,0.5054,0.5290,0.3962,0.5555,-0.0217,0.5728,,,
summary,2025-07-02,NVDA,,,,,,,2.98,,1,,,,,,,,,,0.5754,2025-06-30T15:48:00+00:00,852,2625
summary,2025-07-02,MSFT,,,,,,,0.00,,0,,,,,,,,,,0.7243,2025-06-30T11:24:00+00:00,390,1585
trade,2025-07-03,SPY,Long,2025-07-03T13:43:00+00:00,2025-07-03T15:44:00+00:00,623.5920,625.8372,0.48,1.08,0.003600,7260000,MaxHoldTimeout,0.3605,0.3064,0.2591,0.3764,0.3626,0.5454,0.2170,0.4055,,,
summary,2025-07-03,SPY,,,,,,,1.08,,1,,,,,,,,,,0.5097,2025-06-30T19:53:00+00:00,1741,2848
trade,2025-07-03,QQQ,Long,2025-07-03T13:33:00+00:00,2025-07-03T15:34:00+00:00,554.3047,556.3980,0.54,1.13,0.003776,7260000,MaxHoldTimeout,0.3736,0.1943,0.4918,0.3567,0.3679,0.3443,0.0599,0.4130,,,
summary,2025-07-03,QQQ,,,,,,,1.13,,1,,,,,,,,,,0.5384,2025-06-30T19:54:00+00:00,1495,2942
trade,2025-07-03,AAPL,Long,2025-07-03T13:41:00+00:00,2025-07-03T15:42:00+00:00,212.7588,214.0608,1.41,1.84,0.006119,7260000,MaxHoldTimeout,0.3972,0.3753,0.5197,0.3711,0.4086,0.4017,0.3239,0.4693,,,
summary,2025-07-03,AAPL,,,,,,,1.84,,1,,,,,,,,,,0.8455,2025-06-30T19:30:00+00:00,2229,2927
summary,2025-07-03,NVDA,,,,,,,0.00,,0,,,,,,,,,,0.8496,2025-06-30T15:01:00+00:00,1547,3243
trade,2025-07-03,MSFT,Long,2025-07-03T14:13:00+00:00,2025-07-03T15:29:00+00:00,498.7058,498.1955,0.60,-0.31,-0.001023,4560000,MaxHoldTimeout,0.4174,-0.0349,0.3532,0.4385,0.3965,-0.5545,-0.1757,0.4199,,,
summary,2025-07-03,MSFT,,,,,,,-0.31,,1,,,,,,,,,,0.5639,2025-06-30T15:50:00+00:00,562,1927
summary,2025-07-04,SPY,,,,,,,0.00,,0,,,,,,,,,,0.4474,2025-07-01T16:14:00+00:00,1456,2064
summary,2025-07-04,QQQ,,,,,,,0.00,,0,,,,,,,,,,0.4483,2025-07-02T14:34:00+00:00,1196,2107
summary,2025-07-04,AAPL,,,,,,,0.00,,0,,,,,,,,,,0.8967,2025-07-01T13:49:00+00:00,1495,2076
summary,2025-07-04,NVDA,,,,,,,0.00,,0,,,,,,,,,,0.7283,2025-07-02T13:35:00+00:00,1356,2348
summary,2025-07-04,MSFT,,,,,,,0.00,,0,,,,,,,,,,0.5323,2025-07-03T14:08:00+00:00,434,1387
summary,2025-07-07,SPY,,,,,,,0.00,,0,,,,,,,,,,0.3860,2025-07-07T10:09:00+00:00,181,656
summary,2025-07-07,QQQ,,,,,,,0.00,,0,,,,,,,,,,0.4026,2025-07-07T10:13:00+00:00,177,689
summary,2025-07-07,AAPL,,,,,,,0.00,,0,,,,,,,,,,0.6108,2025-07-07T13:31:00+00:00,93,618
summary,2025-07-07,NVDA,,,,,,,0.00,,0,,,,,,,,,,0.4908,2025-07-07T10:34:00+00:00,302,721
summary,2025-07-07,MSFT,,,,,,,0.00,,0,,,,,,,,,,0.8453,2025-07-07T10:03:00+00:00,250,509
summary,2025-07-08,SPY,,,,,,,0.00,,0,,,,,,,,,,0.3860,2025-07-07T10:09:00+00:00,533,1487
summary,2025-07-08,QQQ,,,,,,,0.00,,0,,,,,,,,,,0.4026,2025-07-07T10:13:00+00:00,636,1558
summary,2025-07-08,AAPL,,,,,,,0.00,,0,,,,,,,,,,0.6108,2025-07-07T13:31:00+00:00,228,1419
summary,2025-07-08,NVDA,,,,,,,0.00,,0,,,,,,,,,,0.4972,2025-07-08T08:08:00+00:00,1055,1670
summary,2025-07-08,MSFT,,,,,,,0.00,,0,,,,,,,,,,0.8453,2025-07-07T10:03:00+00:00,486,984
summary,2025-07-09,SPY,,,,,,,0.00,,0,,,,,,,,,,0.3860,2025-07-07T10:09:00+00:00,1047,2241
summary,2025-07-09,QQQ,,,,,,,0.00,,0,,,,,,,,,,0.4281,2025-07-09T13:45:00+00:00,1176,2354
summary,2025-07-09,AAPL,,,,,,,0.00,,0,,,,,,,,,,0.6108,2025-07-07T13:31:00+00:00,331,2119
trade,2025-07-09,NVDA,Long,2025-07-09T13:31:00+00:00,2025-07-09T14:48:00+00:00,162.1636,162.7462,1.85,1.08,0.003592,4620000,ScoreExit,0.5710,-0.0675,0.5455,0.5713,0.5788,-0.3252,-0.3077,0.4987,,,
summary,2025-07-09,NVDA,,,,,,,1.08,,1,,,,,,,,,,0.6185,2025-07-09T13:35:00+00:00,1853,2624
trade,2025-07-09,MSFT,Long,2025-07-09T13:31:00+00:00,2025-07-09T14:36:00+00:00,501.4554,503.2090,0.60,1.05,0.003497,3900000,ScoreExit,0.3906,-0.0558,0.4345,0.3595,0.4380,-0.5059,-0.1586,0.2997,,,
summary,2025-07-09,MSFT,,,,,,,1.05,,1,,,,,,,,,,0.8453,2025-07-07T10:03:00+00:00,889,1534
summary,2025-07-10,SPY,,,,,,,0.00,,0,,,,,,,,,,0.3875,2025-07-09T13:49:00+00:00,1489,2808
summary,2025-07-10,QQQ,,,,,,,0.00,,0,,,,,,,,,,0.4315,2025-07-09T13:45:00+00:00,1568,2913
trade,2025-07-10,AAPL,Long,2025-07-10T14:01:00+00:00,2025-07-10T15:51:00+00:00,211.2184,212.7212,1.42,2.13,0.007115,6600000,ScoreExit,0.4040,-0.0607,0.4820,0.4194,0.3471,-0.2880,-0.2300,0.3538,,,
summary,2025-07-10,AAPL,,,,,,,2.13,,1,,,,,,,,,,1.0000,2025-07-07T13:31:00+00:00,896,2665
summary,2025-07-10,NVDA,,,,,,,0.00,,0,,,,,,,,,,0.6548,2025-07-07T13:41:00+00:00,2392,3253
summary,2025-07-10,MSFT,,,,,,,0.00,,0,,,,,,,,,,0.5692,2025-07-09T10:35:00+00:00,1057,1958
summary,2025-07-11,SPY,,,,,,,0.00,,0,,,,,,,,,,0.4378,2025-07-09T13:49:00+00:00,1680,2846
summary,2025-07-11,QQQ,,,,,,,0.00,,0,,,,,,,,,,0.5052,2025-07-08T14:40:00+00:00,1601,2914
summary,2025-07-11,AAPL,,,,,,,0.00,,0,,,,,,,,,,0.9578,2025-07-08T15:00:00+00:00,1634,2618
trade,2025-07-11,NVDA,Long,2025-07-11T13:31:00+00:00,2025-07-11T15:11:00+00:00,164.0442,166.5800,1.83,4.64,0.015458,6000000,ScoreExit,0.4991,-0.0999,0.4776,0.5086,0.4874,-0.5046,-0.3174,0.4701,,,
summary,2025-07-11,NVDA,,,,,,,4.64,,1,,,,,,,,,,0.6693,2025-07-09T13:35:00+00:00,2598,3253
summary,2025-07-11,MSFT,,,,,,,0.00,,0,,,,,,,,,,0.6172,2025-07-09T10:35:00+00:00,1181,1984
summary,2025-07-14,SPY,,,,,,,0.00,,0,,,,,,,,,,0.5536,2025-07-11T14:44:00+00:00,528,1186
summary,2025-07-14,QQQ,,,,,,,0.00,,0,,,,,,,,,,0.5335,2025-07-11T14:26:00+00:00,569,1229
summary,2025-07-14,AAPL,,,,,,,0.00,,0,,,,,,,,,,0.8890,2025-07-11T14:11:00+00:00,250,1147
summary,2025-07-14,NVDA,,,,,,,0.00,,0,,,,,,,,,,0.9531,2025-07-11T14:49:00+00:00,350,1342
summary,2025-07-14,MSFT,,,,,,,0.00,,0,,,,,,,,,,0.8666,2025-07-11T15:02:00+00:00,581,878
summary,2025-07-15,SPY,,,,,,,0.00,,0,,,,,,,,,,0.7201,2025-07-14T09:24:00+00:00,939,1501
summary,2025-07-15,QQQ,,,,,,,0.00,,0,,,,,,,,,,0.6344,2025-07-14T09:24:00+00:00,1089,1569
trade,2025-07-15,AAPL,Long,2025-07-15T13:31:00+00:00,2025-07-15T14:37:00+00:00,209.6829,209.6671,1.43,-0.02,-0.000075,3960000,ScoreExit,0.4054,-0.0514,0.4774,0.4070,0.3782,-0.4510,-0.1707,0.3205,,,
summary,2025-07-15,AAPL,,,,,,,-0.02,,1,,,,,,,,,,0.4973,2025-07-15T15:37:00+00:00,754,1435
summary,2025-07-15,NVDA,,,,,,,0.00,,0,,,,,,,,,,0.8750,2025-07-15T08:11:00+00:00,1225,1680
trade,2025-07-15,MSFT,Long,2025-07-15T13:43:00+00:00,2025-07-15T14:59:00+00:00,505.4666,504.5586,0.59,-0.54,-0.001796,4560000,MaxHoldTimeout,0.4736,0.0264,0.5831,0.4623,0.4597,-0.0715,-0.1247,0.3614,,,
summary,2025-07-15,MSFT,,,,,,,-0.54,,1,,,,,,,,,,0.4769,2025-07-15T13:43:00+00:00,653,973
summary,2025-07-16,SPY,,,,,,,0.00,,0,,,,,,,,,,0.7201,2025-07-14T09:24:00+00:00,1259,2356
summary,2025-07-16,QQQ,,,,,,,0.00,,0,,,,,,,,,,0.6344,2025-07-14T09:24:00+00:00,1574,2458
trade,2025-07-16,AAPL,Long,2025-07-16T13:37:00+00:00,2025-07-16T14:41:00+00:00,210.9933,211.2516,1.42,0.37,0.001224,3840000,ScoreExit,0.3565,-0.0609,0.3251,0.3759,0.3284,-0.4879,-0.1752,0.3100,,,
summary,2025-07-16,AAPL,,,,,,,0.37,,1,,,,,,,,,,0.4973,2025-07-15T15:37:00+00:00,1144,2182
summary,2025-07-16,NVDA,,,,,,,0.00,,0,,,,,,,,,,0.8750,2025-07-15T08:11:00+00:00,1858,2637
summary,2025-07-16,MSFT,,,,,,,0.00,,0,,,,,,,,,,0.4769,2025-07-15T13:43:00+00:00,1002,1516
summary,2025-07-17,SPY,,,,,,,0.00,,0,,,,,,,,,,0.4766,2025-07-14T14:59:00+00:00,1596,2916
summary,2025-07-17,QQQ,,,,,,,0.00,,0,,,,,,,,,,0.8589,2025-07-14T15:03:00+00:00,2040,3006
summary,2025-07-17,AAPL,,,,,,,0.00,,0,,,,,,,,,,0.5169,2025-07-15T15:37:00+00:00,1570,2683
summary,2025-07-17,NVDA,,,,,,,0.00,,0,,,,,,,,,,0.9585,2025-07-14T15:01:00+00:00,2270,3260
trade,2025-07-17,MSFT,Long,2025-07-17T13:41:00+00:00,2025-07-17T15:42:00+00:00,507.4872,512.5312,0.59,2.98,0.009939,7260000,MaxHoldTimeout,0.3987,0.3378,0.4453,0.4146,0.3515,0.5359,0.2576,0.4322,,,
summary,2025-07-17,MSFT,,,,,,,2.98,,1,,,,,,,,,,0.7759,2025-07-14T15:03:00+00:00,1327,1940
summary,2025-07-18,SPY,,,,,,,0.00,,0,,,,,,,,,,0.3496,2025-07-17T08:11:00+00:00,1371,2893
summary,2025-07-18,QQQ,,,,,,,0.00,,0,,,,,,,,,,0.3868,2025-07-17T08:01:00+00:00,1466,2971
summary,2025-07-18,AAPL,,,,,,,0.00,,0,,,,,,,,,,0.7306,2025-07-15T13:42:00+00:00,1203,2550
summary,2025-07-18,NVDA,,,,,,,0.00,,0,,,,,,,,,,1.0000,2025-07-15T13:36:00+00:00,1796,3253
summary,2025-07-18,MSFT,,,,,,,0.00,,0,,,,,,,,,,0.7443,2025-07-15T13:43:00+00:00,1218,1943
trade,2025-07-21,SPY,Long,2025-07-21T13:58:00+00:00,2025-07-21T15:56:00+00:00,630.6534,631.1356,0.48,0.23,0.000765,7080000,SessionClose,0.3913,0.0422,0.3500,0.4145,0.3585,0.0428,-0.1275,0.3814,,,
summary,2025-07-21,SPY,,,,,,,0.23,,1,,,,,,,,,,0.4326,2025-07-21T14:02:00+00:00,476,1158
trade,2025-07-21,QQQ,Long,2025-07-21T13:38:00+00:00,2025-07-21T15:39:00+00:00,563.7041,565.3553,0.53,0.88,0.002929,7260000,MaxHoldTimeout,0.4019,0.1131,0.5224,0.3949,0.3757,0.2234,-0.0572,0.4170,,,
summary,2025-07-21,QQQ,,,,,,,0.88,,1,,,,,,,,,,0.4792,2025-07-21T14:00:00+00:00,605,1205
trade,2025-07-21,AAPL,Long,2025-07-21T13:36:00+00:00,2025-07-21T14:46:00+00:00,212.9822,213.5609,1.41,0.82,0.002717,4200000,ScoreExit,0.4498,-0.0797,0.4990,0.3946,0.5437,-0.5582,-0.2936,0.5074,,,
summary,2025-07-21,AAPL,,,,,,,0.82,,1,,,,,,,,,,0.7184,2025-07-18T14:53:00+00:00,837,1115
summary,2025-07-21,NVDA,,,,,,,0.00,,0,,,,,,,,,,0.5300,2025-07-18T13:33:00+00:00,429,1334
summary,2025-07-21,MSFT,,,,,,,0.00,,0,,,,,,,,,,0.4941,2025-07-21T13:55:00+00:00,287,950
summary,2025-07-22,SPY,,,,,,,0.00,,0,,,,,,,,,,0.4362,2025-07-21T14:02:00+00:00,624,1405
summary,2025-07-22,QQQ,,,,,,,0.00,,0,,,,,,,,,,0.5213,2025-07-21T13:48:00+00:00,463,1529
summary,2025-07-22,AAPL,,,,,,,0.00,,0,,,,,,,,,,0.6557,2025-07-21T13:42:00+00:00,645,1315
summary,2025-07-22,NVDA,,,,,,,0.00,,0,,,,,,,,,,0.4894,2025-07-21T09:24:00+00:00,237,1672
summary,2025-07-22,MSFT,,,,,,,0.00,,0,,,,,,,,,,0.6982,2025-07-21T13:51:00+00:00,319,1036
summary,2025-07-23,SPY,,,,,,,0.00,,0,,,,,,,,,,0.4362,2025-07-21T14:02:00+00:00,1218,2280
summary,2025-07-23,QQQ,,,,,,,0.00,,0,,,,,,,,,,0.5213,2025-07-21T13:48:00+00:00,710,2406
summary,2025-07-23,AAPL,,,,,,,0.00,,0,,,,,,,,,,0.6557,2025-07-21T13:42:00+00:00,1165,2066
summary,2025-07-23,NVDA,,,,,,,0.00,,0,,,,,,,,,,0.4894,2025-07-21T09:24:00+00:00,791,2629
summary,2025-07-23,MSFT,,,,,,,0.00,,0,,,,,,,,,,0.6982,2025-07-21T13:51:00+00:00,319,1577
summary,2025-07-24,SPY,,,,,,,0.00,,0,,,,,,,,,,0.6667,2025-07-21T14:43:00+00:00,1608,2884
summary,2025-07-24,QQQ,,,,,,,0.00,,0,,,,,,,,,,0.6918,2025-07-21T14:41:00+00:00,1141,2999
summary,2025-07-24,AAPL,,,,,,,0.00,,0,,,,,,,,,,1.0000,2025-07-21T13:39:00+00:00,1396,2628
trade,2025-07-24,NVDA,Long,2025-07-24T13:40:00+00:00,2025-07-24T13:51:00+00:00,173.2370,172.3433,1.73,-1.55,-0.005159,660000,ScoreExit,0.3565,-0.0827,0.3701,0.3864,0.2922,-0.5781,-0.1875,0.2922,,,
summary,2025-07-24,NVDA,,,,,,,-1.55,,1,,,,,,,,,,0.6554,2025-07-21T14:29:00+00:00,1624,3263
summary,2025-07-24,MSFT,,,,,,,0.00,,0,,,,,,,,,,0.9410,2025-07-21T13:45:00+00:00,630,1990
summary,2025-07-25,SPY,,,,,,,0.00,,0,,,,,,,,,,0.4702,2025-07-22T23:54:00+00:00,2124,2871
summary,2025-07-25,QQQ,,,,,,,0.00,,0,,,,,,,,,,0.4600,2025-07-23T20:13:00+00:00,1828,2944
summary,2025-07-25,AAPL,,,,,,,0.00,,0,,,,,,,,,,0.9632,2025-07-22T13:40:00+00:00,1574,2586
trade,2025-07-25,NVDA,Long,2025-07-25T14:00:00+00:00,2025-07-25T14:51:00+00:00,174.3373,174.1777,1.72,-0.27,-0.000915,3060000,ScoreExit,0.3603,-0.0644,0.3526,0.3853,0.3127,-0.2449,-0.2131,0.2931,,,
summary,2025-07-25,NVDA,,,,,,,-0.27,,1,,,,,,,,,,0.8202,2025-07-22T15:00:00+00:00,2407,3245
summary,2025-07-25,MSFT,,,,,,,0.00,,0,,,,,,,,,,0.4435,2025-07-22T14:43:00+00:00,982,1966
summary,2025-07-28,SPY,,,,,,,0.00,,0,,,,,,,,,,0.7052,2025-07-25T14:47:00+00:00,812,1194
summary,2025-07-28,QQQ,,,,,,,0.00,,0,,,,,,,,,,0.7221,2025-07-25T14:49:00+00:00,824,1182
summary,2025-07-28,AAPL,,,,,,,0.00,,0,,,,,,,,,,0.5442,2025-07-25T14:33:00+00:00,422,1105
summary,2025-07-28,NVDA,,,,,,,0.00,,0,,,,,,,,,,0.8805,2025-07-25T14:06:00+00:00,764,1333
summary,2025-07-28,MSFT,,,,,,,0.00,,0,,,,,,,,,,0.7330,2025-07-25T14:44:00+00:00,483,979
summary,2025-07-29,SPY,,,,,,,0.00,,0,,,,,,,,,,0.3355,2025-07-29T08:08:00+00:00,497,1440
trade,2025-07-29,QQQ,Long,2025-07-29T13:32:00+00:00,2025-07-29T14:01:00+00:00,571.4464,570.3538,0.53,-0.57,-0.001912,1740000,ScoreExit,0.3542,-0.1069,0.4325,0.3410,0.3546,0.0241,-0.3026,0.2407,,,
summary,2025-07-29,QQQ,,,,,,,-0.57,,1,,,,,,,,,,0.3989,2025-07-29T08:10:00+00:00,693,1510
summary,2025-07-29,AAPL,,,,,,,0.00,,0,,,,,,,,,,0.4452,2025-07-28T14:39:00+00:00,427,1280
summary,2025-07-29,NVDA,,,,,,,0.00,,0,,,,,,,,,,0.5611,2025-07-29T08:05:00+00:00,1140,1667
summary,2025-07-29,MSFT,,,,,,,0.00,,0,,,,,,,,,,0.4986,2025-07-29T13:36:00+00:00,382,1050
summary,2025-07-30,SPY,,,,,,,0.00,,0,,,,,,,,,,0.3355,2025-07-29T08:08:00+00:00,737,2247
summary,2025-07-30,QQQ,,,,,,,0.00,,0,,,,,,,,,,0.3989,2025-07-29T08:10:00+00:00,1137,2336
summary,2025-07-30,AAPL,,,,,,,0.00,,0,,,,,,,,,,0.4452,2025-07-28T14:39:00+00:00,471,2002
trade,2025-07-30,NVDA,Long,2025-07-30T13:47:00+00:00,2025-07-30T15:29:00+00:00,177.6683,178.2365,1.69,0.96,0.003198,6120000,ScoreExit,0.3752,-0.0591,0.3037,0.4047,0.3400,-0.4886,-0.2212,0.4082,,,
summary,2025-07-30,NVDA,,,,,,,0.96,,1,,,,,,,,,,0.5611,2025-07-29T08:05:00+00:00,1835,2607
summary,2025-07-30,MSFT,,,,,,,0.00,,0,,,,,,,,,,0.4986,2025-07-29T13:36:00+00:00,641,1615
summary,2025-07-31,SPY,,,,,,,0.00,,0,,,,,,,,,,0.5033,2025-07-30T20:13:00+00:00,1292,2880
summary,2025-07-31,QQQ,,,,,,,0.00,,0,,,,,,,,,,0.5552,2025-07-30T20:24:00+00:00,1586,2988
summary,2025-07-31,AAPL,,,,,,,0.00,,0,,,,,,,,,,0.5582,2025-07-28T13:31:00+00:00,323,2701
summary,2025-07-31,NVDA,,,,,,,0.00,,0,,,,,,,,,,0.6024,2025-07-28T13:59:00+00:00,2382,3248
summary,2025-07-31,MSFT,,,,,,,0.00,,0,,,,,,,,,,0.8960,2025-07-30T20:03:00+00:00,1276,2423
summary,2025-08-01,SPY,,,,,,,0.00,,0,,,,,,,,,,0.5626,2025-07-30T20:13:00+00:00,877,3025
summary,2025-08-01,QQQ,,,,,,,0.00,,0,,,,,,,,,,0.6015,2025-07-30T20:24:00+00:00,898,3097
summary,2025-08-01,AAPL,,,,,,,0.00,,0,,,,,,,,,,0.6186,2025-07-31T20:46:00+00:00,441,2939
summary,2025-08-01,NVDA,,,,,,,0.00,,0,,,,,,,,,,0.8198,2025-07-29T13:37:00+00:00,1231,3251
summary,2025-08-01,MSFT,,,,,,,0.00,,0,,,,,,,,,,0.9496,2025-07-30T20:03:00+00:00,1104,2632
trade,2025-08-04,SPY,Long,2025-08-04T13:36:00+00:00,2025-08-04T15:37:00+00:00,627.3531,629.1362,0.48,0.85,0.002842,7260000,MaxHoldTimeout,0.4463,0.1258,0.5418,0.3961,0.5148,0.5329,-0.1148,0.4713,,,
summary,2025-08-04,SPY,,,,,,,0.85,,1,,,,,,,,,,0.5657,2025-08-01T16:04:00+00:00,710,1265
trade,2025-08-04,QQQ,Long,2025-08-04T13:42:00+00:00,2025-08-04T15:17:00+00:00,560.8832,561.4565,0.54,0.31,0.001022,5700000,ScoreExit,0.4859,-0.0585,0.4893,0.4492,0.5583,-0.4435,-0.2785,0.5098,,,
summary,2025-08-04,QQQ,,,,,,,0.31,,1,,,,,,,,,,0.6445,2025-08-01T14:37:00+00:00,736,1279
summary,2025-08-04,AAPL,,,,,,,0.00,,0,,,,,,,,,,1.0000,2025-08-01T13:31:00+00:00,297,1250
summary,2025-08-04,NVDA,,,,,,,0.00,,0,,,,,,,,,,0.9495,2025-08-01T14:47:00+00:00,877,1350
trade,2025-08-04,MSFT,Long,2025-08-04T13:36:00+00:00,2025-08-04T15:13:00+00:00,531.7445,533.6848,0.56,1.09,0.003649,5820000,ScoreExit,0.5986,-0.0636,0.5807,0.5579,0.6858,-0.5424,-0.3257,0.6203,,,
summary,2025-08-04,MSFT,,,,,,,1.09,,1,,,,,,,,,,0.7275,2025-08-04T13:57:00+00:00,464,1065
summary,2025-08-05,SPY,,,,,,,0.00,,0,,,,,,,,,,0.7336,2025-08-04T09:15:00+00:00,1049,1595
summary,2025-08-05,QQQ,,,,,,,0.00,,0,,,,,,,,,,0.7345,2025-08-04T09:14:00+00:00,1080,1620
trade,2025-08-05,AAPL,Long,2025-08-05T14:33:00+00:00,2025-08-05T15:18:00+00:00,204.6214,204.5936,1.47,-0.04,-0.000136,2700000,ScoreExit,0.3587,-0.0518,0.3350,0.4008,0.2824,-0.4784,-0.1352,0.2572,,,
summary,2025-08-05,AAPL,,,,,,,-0.04,,1,,,,,,,,,,0.8047,2025-08-04T09:20:00+00:00,606,1437
summary,2025-08-05,NVDA,,,,,,,0.00,,0,,,,,,,,,,0.6712,2025-08-04T14:17:00+00:00,1298,1675
summary,2025-08-05,MSFT,,,,,,,0.00,,0,,,,,,,,,,0.8234,2025-08-04T13:57:00+00:00,520,1174
summary,2025-08-06,SPY,,,,,,,0.00,,0,,,,,,,,,,0.7336,2025-08-04T09:15:00+00:00,1575,2465
summary,2025-08-06,QQQ,,,,,,,0.00,,0,,,,,,,,,,0.7345,2025-08-04T09:14:00+00:00,1539,2537
summary,2025-08-06,AAPL,,,,,,,0.00,,0,,,,,,,,,,0.8047,2025-08-04T09:20:00+00:00,1107,2195
summary,2025-08-06,NVDA,,,,,,,0.00,,0,,,,,,,,,,0.6712,2025-08-04T14:17:00+00:00,1659,2633
summary,2025-08-06,MSFT,,,,,,,0.00,,0,,,,,,,,,,0.8234,2025-08-04T13:57:00+00:00,533,1776
summary,2025-08-07,SPY,,,,,,,0.00,,0,,,,,,,,,,0.6501,2025-08-04T14:49:00+00:00,2036,3081
summary,2025-08-07,QQQ,,,,,,,0.00,,0,,,,,,,,,,0.6132,2025-08-04T13:46:00+00:00,1999,3131
summary,2025-08-07,AAPL,,,,,,,0.00,,0,,,,,,,,,,0.9547,2025-08-04T14:40:00+00:00,1638,2887
trade,2025-08-07,NVDA,Long,2025-08-07T13:37:00+00:00,2025-08-07T14:51:00+00:00,182.4197,182.6102,1.65,0.31,0.001044,4440000,ScoreExit,0.4383,-0.0968,0.4348,0.4241,0.4680,-0.3201,-0.2545,0.2932,,,
summary,2025-08-07,NVDA,,,,,,,0.31,,1,,,,,,,,,,1.0000,2025-08-04T13:37:00+00:00,2197,3262
summary,2025-08-07,MSFT,,,,,,,0.00,,0,,,,,,,,,,0.9388,2025-08-04T13:46:00+00:00,471,2243
summary,2025-08-08,SPY,,,,,,,0.00,,0,,,,,,,,,,0.4402,2025-08-07T08:28:00+00:00,1726,3012
summary,2025-08-08,QQQ,,,,,,,0.00,,0,,,,,,,,,,0.4797,2025-08-05T13:38:00+00:00,1828,3074
trade,2025-08-08,AAPL,Long,2025-08-08T13:56:00+00:00,2025-08-08T15:56:00+00:00,221.5414,225.5173,1.36,5.40,0.017946,7200000,SessionClose,0.4318,0.4887,0.5645,0.4181,0.4150,0.5136,0.4285,0.6006,,,
summary,2025-08-08,AAPL,,,,,,,5.40,,1,,,,,,,,,,0.8917,2025-08-06T21:55:00+00:00,2191,2931
summary,2025-08-08,NVDA,,,,,,,0.00,,0,,,,,,,,,,0.9600,2025-08-05T13:38:00+00:00,1931,3263
summary,2025-08-08,MSFT,,,,,,,0.00,,0,,,,,,,,,,0.5183,2025-08-06T08:09:00+00:00,109,2228
summary,2025-08-11,SPY,,,,,,,0.00,,0,,,,,,,,,,0.5136,2025-08-08T14:40:00+00:00,782,1223
summary,2025-08-11,QQQ,,,,,,,0.00,,0,,,,,,,,,,0.7845,2025-08-08T14:40:00+00:00,845,1231
summary,2025-08-11,AAPL,,,,,,,0.00,,0,,,,,,,,,,0.9552,2025-08-08T14:40:00+00:00,967,1257
trade,2025-08-11,NVDA,Long,2025-08-11T14:22:00+00:00,2025-08-11T15:56:00+00:00,182.8231,183.4050,1.64,0.96,0.003182,5640000,SessionClose,0.4585,0.4167,0.4121,0.4425,0.5060,0.3740,0.2775,0.7093,,,
summary,2025-08-11,NVDA,,,,,,,0.96,,1,,,,,,,,,,0.9453,2025-08-08T13:45:00+00:00,850,1345
trade,2025-08-11,MSFT,Long,2025-08-11T14:05:00+00:00,2025-08-11T15:38:00+00:00,524.1972,524.4376,0.57,0.14,0.000459,5580000,ScoreExit,0.3593,-0.0572,0.4800,0.3374,0.3629,-0.5620,-0.2026,0.4018,,,
summary,2025-08-11,MSFT,,,,,,,0.14,,1,,,,,,,,,,0.4628,2025-08-11T15:14:00+00:00,380,946
summary,2025-08-12,SPY,,,,,,,0.00,,0,,,,,,,,,,0.7013,2025-08-11T09:30:00+00:00,687,1465
summary,2025-08-12,QQQ,,,,,,,0.00,,0,,,,,,,,,,0.7329,2025-08-11T09:30:00+00:00,728,1496
summary,2025-08-12,AAPL,,,,,,,0.00,,0,,,,,,,,,,0.6164,2025-08-11T16:06:00+00:00,900,1425
summary,2025-08-12,NVDA,,,,,,,0.00,,0,,,,,,,,,,0.8254,2025-08-11T09:12:00+00:00,1081,1663
summary,2025-08-12,MSFT,,,,,,,0.00,,0,,,,,,,,,,0.7159,2025-08-11T08:32:00+00:00,678,1030
trade,2025-08-13,SPY,Long,2025-08-13T13:47:00+00:00,2025-08-13T14:16:00+00:00,645.7387,644.8015,0.46,-0.44,-0.001451,1740000,ScoreExit,0.3649,-0.0589,0.4032,0.3548,0.3722,-0.4629,-0.1687,0.2955,,,
summary,2025-08-13,SPY,,,,,,,-0.44,,1,,,,,,,,,,0.7013,2025-08-11T09:30:00+00:00,1265,2267
summary,2025-08-13,QQQ,,,,,,,0.00,,0,,,,,,,,,,0.7329,2025-08-11T09:30:00+00:00,1349,2356
trade,2025-08-13,AAPL,Long,2025-08-13T14:13:00+00:00,2025-08-13T15:11:00+00:00,232.2497,232.5102,1.29,0.34,0.001122,3480000,ScoreExit,0.4700,-0.0935,0.5592,0.4282,0.5238,-0.5434,-0.2853,0.4399,,,
summary,2025-08-13,AAPL,,,,,,,0.34,,1,,,,,,,,,,0.6164,2025-08-11T16:06:00+00:00,1512,2125
summary,2025-08-13,NVDA,,,,,,,0.00,,0,,,,,,,,,,0.8254,2025-08-11T09:12:00+00:00,1555,2614
summary,2025-08-13,MSFT,,,,,,,0.00,,0,,,,,,,,,,0.7159,2025-08-11T08:32:00+00:00,917,1607
summary,2025-08-14,SPY,,,,,,,0.00,,0,,,,,,,,,,0.4856,2025-08-11T16:09:00+00:00,1635,2789
summary,2025-08-14,QQQ,,,,,,,0.00,,0,,,,,,,,,,0.5102,2025-08-11T16:09:00+00:00,1660,2872
summary,2025-08-14,AAPL,,,,,,,0.00,,0,,,,,,,,,,0.8923,2025-08-11T14:38:00+00:00,1753,2596
summary,2025-08-14,NVDA,,,,,,,0.00,,0,,,,,,,,,,0.9535,2025-08-11T14:44:00+00:00,1379,3215
summary,2025-08-14,MSFT,,,,,,,0.00,,0,,,,,,,,,,0.9567,2025-08-11T15:00:00+00:00,946,2160
summary,2025-08-15,SPY,,,,,,,0.00,,0,,,,,,,,,,0.8004,2025-08-12T15:03:00+00:00,1914,2774
summary,2025-08-15,QQQ,,,,,,,0.00,,0,,,,,,,,,,0.8091,2025-08-12T15:03:00+00:00,1703,2864
summary,2025-08-15,AAPL,,,,,,,0.00,,0,,,,,,,,,,0.9555,2025-08-12T15:03:00+00:00,1516,2555
summary,2025-08-15,NVDA,,,,,,,0.00,,0,,,,,,,,,,0.7661,2025-08-12T15:03:00+00:00,1703,3200
summary,2025-08-15,MSFT,,,,,,,0.00,,0,,,,,,,,,,0.7703,2025-08-12T13:42:00+00:00,726,2148
summary,2025-08-18,SPY,,,,,,,0.00,,0,,,,,,,,,,0.3258,2025-08-15T17:56:00+00:00,285,1214
summary,2025-08-18,QQQ,,,,,,,0.00,,0,,,,,,,,,,0.4014,2025-08-15T14:15:00+00:00,353,1197
trade,2025-08-18,AAPL,Long,2025-08-18T13:40:00+00:00,2025-08-18T14:11:00+00:00,232.1246,231.9654,1.29,-0.21,-0.000686,1860000,ScoreExit,0.3662,-0.1056,0.4180,0.3851,0.3112,-0.5012,-0.1944,0.2038,,,
summary,2025-08-18,AAPL,,,,,,,-0.21,,1,,,,,,,,,,0.4108,2025-08-18T13:48:00+00:00,257,1048
trade,2025-08-18,NVDA,Long,2025-08-18T13:31:00+00:00,2025-08-18T14:41:00+00:00,181.3744,181.7904,1.65,0.69,0.002294,4200000,ScoreExit,0.5824,-0.0544,0.5396,0.5435,0.6745,-0.5666,-0.3021,0.6119,,,
summary,2025-08-18,NVDA,,,,,,,0.69,,1,,,,,,,,,,0.6000,2025-08-18T13:35:00+00:00,891,1338
summary,2025-08-18,MSFT,,,,,,,0.00,,0,,,,,,,,,,0.7183,2025-08-15T14:14:00+00:00,250,981
summary,2025-08-19,SPY,,,,,,,0.00,,0,,,,,,,,,,0.3494,2025-08-18T10:42:00+00:00,486,1412
summary,2025-08-19,QQQ,,,,,,,0.00,,0,,,,,,,,,,0.3635,2025-08-18T10:44:00+00:00,368,1428
trade,2025-08-19,AAPL,Long,2025-08-19T13:49:00+00:00,2025-08-19T14:37:00+00:00,231.8745,231.6955,1.29,-0.23,-0.000772,2880000,ScoreExit,0.4160,-0.0778,0.4871,0.4136,0.3969,-0.3750,-0.1954,0.2567,,,
summary,2025-08-19,AAPL,,,,,,,-0.23,,1,,,,,,,,,,0.4864,2025-08-18T14:04:00+00:00,369,1179
summary,2025-08-19,NVDA,,,,,,,0.00,,0,,,,,,,,,,0.6975,2025-08-18T13:35:00+00:00,686,1658
summary,2025-08-19,MSFT,,,,,,,0.00,,0,,,,,,,,,,0.4941,2025-08-18T10:45:00+00:00,146,1034
summary,2025-08-20,SPY,,,,,,,0.00,,0,,,,,,,,,,0.3494,2025-08-18T10:42:00+00:00,776,2251
summary,2025-08-20,QQQ,,,,,,,0.00,,0,,,,,,,,,,0.3635,2025-08-18T10:44:00+00:00,425,2355
summary,2025-08-20,AAPL,,,,,,,0.00,,0,,,,,,,,,,0.4864,2025-08-18T14:04:00+00:00,372,1884
summary,2025-08-20,NVDA,,,,,,,0.00,,0,,,,,,,,,,0.6975,2025-08-18T13:35:00+00:00,986,2613
summary,2025-08-20,MSFT,,,,,,,0.00,,0,,,,,,,,,,0.4941,2025-08-18T10:45:00+00:00,146,1603
summary,2025-08-21,SPY,,,,,,,0.00,,0,,,,,,,,,,0.3459,2025-08-20T19:24:00+00:00,779,2814
summary,2025-08-21,QQQ,,,,,,,0.00,,0,,,,,,,,,,0.3750,2025-08-18T22:10:00+00:00,378,2989
summary,2025-08-21,AAPL,,,,,,,0.00,,0,,,,,,,,,,0.6915,2025-08-18T14:07:00+00:00,340,2438
summary,2025-08-21,NVDA,,,,,,,0.00,,0,,,,,,,,,,0.9280,2025-08-18T13:34:00+00:00,1098,3246
summary,2025-08-21,MSFT,,,,,,,0.00,,0,,,,,,,,,,0.3472,2025-08-18T19:57:00+00:00,99,2079
trade,2025-08-22,SPY,Long,2025-08-22T14:05:00+00:00,2025-08-22T15:52:00+00:00,643.1279,645.4813,0.47,1.10,0.003659,6420000,ScoreExit,0.4781,-0.0569,0.4544,0.5222,0.3978,-0.5428,-0.1800,0.3513,,,
summary,2025-08-22,SPY,,,,,,,1.10,,1,,,,,,,,,,0.5754,2025-08-22T14:10:00+00:00,654,2847
trade,2025-08-22,QQQ,Long,2025-08-22T14:37:00+00:00,2025-08-22T15:47:00+00:00,573.0269,572.9930,0.52,-0.02,-0.000059,4200000,ScoreExit,0.4665,-0.0613,0.5320,0.4791,0.4193,-0.2063,-0.2477,0.3598,,,
summary,2025-08-22,QQQ,,,,,,,-0.02,,1,,,,,,,,,,0.6443,2025-08-22T14:10:00+00:00,459,3085
trade,2025-08-22,AAPL,Long,2025-08-22T14:47:00+00:00,2025-08-22T15:22:00+00:00,228.5734,228.1565,1.31,-0.55,-0.001824,2100000,ScoreExit,0.3643,-0.0564,0.4581,0.3681,0.3255,-0.5169,-0.1123,0.2089,,,
summary,2025-08-22,AAPL,,,,,,,-0.55,,1,,,,,,,,,,0.8900,2025-08-19T14:05:00+00:00,274,2447
trade,2025-08-22,NVDA,Long,2025-08-22T14:01:00+00:00,2025-08-22T15:56:00+00:00,175.7777,177.9766,1.71,3.75,0.012509,6900000,SessionClose,0.6665,0.0935,0.6043,0.6632,0.6938,0.0380,-0.1570,0.6129,,,
summary,2025-08-22,NVDA,,,,,,,3.75,,1,,,,,,,,,,0.7337,2025-08-22T14:09:00+00:00,1217,3259
summary,2025-08-22,MSFT,,,,,,,0.00,,0,,,,,,,,,,0.6143,2025-08-19T13:41:00+00:00,382,2055
summary,2025-08-25,SPY,,,,,,,0.00,,0,,,,,,,,,,0.9574,2025-08-22T14:46:00+00:00,607,1216
summary,2025-08-25,QQQ,,,,,,,0.00,,0,,,,,,,,,,0.9567,2025-08-22T15:03:00+00:00,645,1233
trade,2025-08-25,AAPL,Long,2025-08-25T13:52:00+00:00,2025-08-25T15:09:00+00:00,228.7836,228.5064,1.31,-0.36,-0.001212,4620000,MaxHoldTimeout,0.3967,0.0074,0.5039,0.3563,0.4416,-0.5364,-0.0980,0.3994,,,
summary,2025-08-25,AAPL,,,,,,,-0.36,,1,,,,,,,,,,0.9507,2025-08-22T14:49:00+00:00,539,1045
summary,2025-08-25,NVDA,,,,,,,0.00,,0,,,,,,,,,,1.0000,2025-08-22T13:36:00+00:00,1210,1345
summary,2025-08-25,MSFT,,,,,,,0.00,,0,,,,,,,,,,0.9585,2025-08-22T14:47:00+00:00,304,981
summary,2025-08-26,SPY,,,,,,,0.00,,0,,,,,,,,,,0.3316,2025-08-26T19:22:00+00:00,582,1424
summary,2025-08-26,QQQ,,,,,,,0.00,,0,,,,,,,,,,0.4409,2025-08-25T15:22:00+00:00,600,1508
summary,2025-08-26,AAPL,,,,,,,0.00,,0,,,,,,,,,,0.6305,2025-08-25T13:48:00+00:00,470,1120
trade,2025-08-26,NVDA,Long,2025-08-26T14:21:00+00:00,2025-08-26T15:35:00+00:00,180.5892,180.7608,1.66,0.29,0.000950,4440000,ScoreExit,0.4287,-0.0550,0.5089,0.4024,0.4546,-0.5353,-0.2250,0.4452,,,
summary,2025-08-26,NVDA,,,,,,,0.29,,1,,,,,,,,,,0.6561,2025-08-25T14:04:00+00:00,1141,1670
summary,2025-08-26,MSFT,,,,,,,0.00,,0,,,,,,,,,,0.4196,2025-08-25T14:49:00+00:00,142,1016
summary,2025-08-27,SPY,,,,,,,0.00,,0,,,,,,,,,,0.3316,2025-08-26T19:22:00+00:00,1091,2166
summary,2025-08-27,QQQ,,,,,,,0.00,,0,,,,,,,,,,0.4409,2025-08-25T15:22:00+00:00,1140,2353
summary,2025-08-27,AAPL,,,,,,,0.00,,0,,,,,,,,,,0.6305,2025-08-25T13:48:00+00:00,986,1816
summary,2025-08-27,NVDA,,,,,,,0.00,,0,,,,,,,,,,0.6561,2025-08-25T14:04:00+00:00,1855,2630
summary,2025-08-27,MSFT,,,,,,,0.00,,0,,,,,,,,,,0.4349,2025-08-27T14:33:00+00:00,556,1584
summary,2025-08-28,SPY,,,,,,,0.00,,0,,,,,,,,,,0.5706,2025-08-25T15:04:00+00:00,1431,2736
summary,2025-08-28,QQQ,,,,,,,0.00,,0,,,,,,,,,,0.8189,2025-08-25T15:04:00+00:00,1672,2958
summary,2025-08-28,AAPL,,,,,,,0.00,,0,,,,,,,,,,0.9077,2025-08-25T14:49:00+00:00,1477,2393
summary,2025-08-28,NVDA,,,,,,,0.00,,0,,,,,,,,,,0.9569,2025-08-25T15:02:00+00:00,2358,3264
summary,2025-08-28,MSFT,,,,,,,0.00,,0,,,,,,,,,,0.7931,2025-08-25T14:49:00+00:00,978,2099
summary,2025-08-29,SPY,,,,,,,0.00,,0,,,,,,,,,,0.4428,2025-08-26T20:12:00+00:00,1626,2787
summary,2025-08-29,QQQ,,,,,,,0.00,,0,,,,,,,,,,0.6096,2025-08-26T14:44:00+00:00,1788,3009
summary,2025-08-29,AAPL,,,,,,,0.00,,0,,,,,,,,,,0.9454,2025-08-26T14:44:00+00:00,1922,2461
summary,2025-08-29,NVDA,,,,,,,0.00,,0,,,,,,,,,,0.9562,2025-08-26T14:44:00+00:00,1772,3270
summary,2025-08-29,MSFT,,,,,,,0.00,,0,,,,,,,,,,0.6013,2025-08-26T13:37:00+00:00,1295,2073
summary,2025-09-01,SPY,,,,,,,0.00,,0,,,,,,,,,,0.2788,2025-08-29T21:44:00+00:00,141,572
summary,2025-09-01,QQQ,,,,,,,0.00,,0,,,,,,,,,,0.1366,2025-08-29T19:47:00+00:00,2,564
summary,2025-09-01,AAPL,,,,,,,0.00,,0,,,,,,,,,,0.5828,2025-08-29T14:39:00+00:00,158,507
summary,2025-09-01,NVDA,,,,,,,0.00,,0,,,,,,,,,,0.2426,2025-08-29T15:24:00+00:00,7,630
summary,2025-09-01,MSFT,,,,,,,0.00,,0,,,,,,,,,,0.4596,2025-08-29T15:27:00+00:00,264,463
trade,2025-09-02,SPY,Long,2025-09-02T13:54:00+00:00,2025-09-02T14:42:00+00:00,638.8066,638.3434,0.47,-0.22,-0.000725,2880000,ScoreExit,0.4081,-0.0716,0.4998,0.3991,0.3956,-0.4954,-0.1173,0.1610,,,
summary,2025-09-02,SPY,,,,,,,-0.22,,1,,,,,,,,,,0.5104,2025-09-02T09:36:00+00:00,224,661
trade,2025-09-02,QQQ,Long,2025-09-02T13:46:00+00:00,2025-09-02T14:41:00+00:00,562.9938,563.9358,0.53,0.50,0.001673,3300000,ScoreExit,0.4059,-0.0671,0.4405,0.4446,0.3171,-0.4964,-0.1725,0.2866,,,
summary,2025-09-02,QQQ,,,,,,,0.50,,1,,,,,,,,,,0.6476,2025-09-02T13:54:00+00:00,247,716
summary,2025-09-02,AAPL,,,,,,,0.00,,0,,,,,,,,,,0.5595,2025-09-02T13:52:00+00:00,161,562
summary,2025-09-02,NVDA,,,,,,,0.00,,0,,,,,,,,,,0.7197,2025-09-02T13:50:00+00:00,158,720
summary,2025-09-02,MSFT,,,,,,,0.00,,0,,,,,,,,,,0.6407,2025-09-02T14:29:00+00:00,208,492
trade,2025-09-03,SPY,Long,2025-09-03T14:45:00+00:00,2025-09-03T15:26:00+00:00,643.8781,642.7521,0.47,-0.52,-0.001749,2460000,ScoreExit,0.3669,-0.1336,0.4712,0.3297,0.4065,-0.5432,-0.3057,0.3472,,,
summary,2025-09-03,SPY,,,,,,,-0.52,,1,,,,,,,,,,0.5104,2025-09-02T09:36:00+00:00,878,1572
trade,2025-09-03,QQQ,Long,2025-09-03T14:32:00+00:00,2025-09-03T15:26:00+00:00,570.4461,569.7140,0.53,-0.39,-0.001283,3240000,ScoreExit,0.4039,-0.1439,0.4702,0.3565,0.4767,-0.5662,-0.3364,0.3818,,,
summary,2025-09-03,QQQ,,,,,,,-0.39,,1,,,,,,,,,,0.6476,2025-09-02T13:54:00+00:00,930,1629
trade,2025-09-03,AAPL,Long,2025-09-03T14:32:00+00:00,2025-09-03T15:06:00+00:00,237.2912,236.3541,1.26,-1.19,-0.003949,2040000,ScoreExit,0.4299,-0.0514,0.5024,0.3749,0.5157,-0.3450,-0.2153,0.3742,,,
summary,2025-09-03,AAPL,,,,,,,-1.19,,1,,,,,,,,,,0.9229,2025-09-02T20:27:00+00:00,908,1474
trade,2025-09-03,NVDA,Long,2025-09-03T14:42:00+00:00,2025-09-03T15:17:00+00:00,171.9566,171.1637,1.75,-1.38,-0.004611,2100000,ScoreExit,0.4392,-0.0686,0.5097,0.3866,0.5210,-0.5252,-0.2345,0.4152,,,
summary,2025-09-03,NVDA,,,,,,,-1.38,,1,,,,,,,,,,0.7197,2025-09-02T13:50:00+00:00,843,1680
trade,2025-09-03,MSFT,Long,2025-09-03T13:31:00+00:00,2025-09-03T15:26:00+00:00,504.1162,505.5283,0.60,0.84,0.002801,6900000,ScoreExit,0.3545,-0.0976,0.2850,0.3992,0.2884,-0.4131,-0.2943,0.4008,,,
summary,2025-09-03,MSFT,,,,,,,0.84,,1,,,,,,,,,,0.6407,2025-09-02T14:29:00+00:00,554,1082
summary,2025-09-04,SPY,,,,,,,0.00,,0,,,,,,,,,,0.5104,2025-09-02T09:36:00+00:00,1451,2348
summary,2025-09-04,QQQ,,,,,,,0.00,,0,,,,,,,,,,0.6476,2025-09-02T13:54:00+00:00,1555,2489
summary,2025-09-04,AAPL,,,,,,,0.00,,0,,,,,,,,,,0.9229,2025-09-02T20:27:00+00:00,1510,2251
summary,2025-09-04,NVDA,,,,,,,0.00,,0,,,,,,,,,,0.7197,2025-09-02T13:50:00+00:00,1400,2627
trade,2025-09-04,MSFT,Long,2025-09-04T14:43:00+00:00,2025-09-04T15:33:00+00:00,507.1771,506.8029,0.59,-0.22,-0.000738,3000000,ScoreExit,0.3551,-0.0527,0.3351,0.4009,0.2703,-0.5642,-0.1202,0.2528,,,
summary,2025-09-04,MSFT,,,,,,,-0.22,,1,,,,,,,,,,0.6407,2025-09-02T14:29:00+00:00,855,1634
summary,2025-09-05,SPY,,,,,,,0.00,,0,,,,,,,,,,0.6949,2025-09-02T14:00:00+00:00,2148,2921
summary,2025-09-05,QQQ,,,,,,,0.00,,0,,,,,,,,,,0.8940,2025-09-02T13:54:00+00:00,2320,3075
summary,2025-09-05,AAPL,,,,,,,0.00,,0,,,,,,,,,,0.9229,2025-09-02T20:27:00+00:00,2117,2801
summary,2025-09-05,NVDA,,,,,,,0.00,,0,,,,,,,,,,1.0000,2025-09-02T13:38:00+00:00,1717,3254
summary,2025-09-05,MSFT,,,,,,,0.00,,0,,,,,,,,,,1.0000,2025-09-02T13:34:00+00:00,1033,2098
summary,2025-09-08,SPY,,,,,,,0.00,,0,,,,,,,,,,0.3857,2025-09-08T08:12:00+00:00,430,1202
trade,2025-09-08,QQQ,Long,2025-09-08T13:32:00+00:00,2025-09-08T15:33:00+00:00,578.8386,580.4208,0.52,0.82,0.002733,7260000,MaxHoldTimeout,0.3816,0.2017,0.3381,0.3632,0.4329,0.5344,0.0210,0.4522,,,
summary,2025-09-08,QQQ,,,,,,,0.82,,1,,,,,,,,,,0.4386,2025-09-08T08:18:00+00:00,512,1230
summary,2025-09-08,AAPL,,,,,,,0.00,,0,,,,,,,,,,0.8336,2025-09-05T14:11:00+00:00,229,1038
trade,2025-09-08,NVDA,Long,2025-09-08T13:41:00+00:00,2025-09-08T15:19:00+00:00,169.7639,169.6141,1.77,-0.26,-0.000882,5880000,MaxHoldTimeout,0.6388,0.0008,0.5758,0.6075,0.7223,-0.5635,-0.2484,0.6872,,,
summary,2025-09-08,NVDA,,,,,,,-0.26,,1,,,,,,,,,,1.0000,2025-09-05T13:41:00+00:00,942,1348
trade,2025-09-08,MSFT,Long,2025-09-08T13:47:00+00:00,2025-09-08T15:48:00+00:00,499.1347,500.1799,0.60,0.63,0.002094,7260000,MaxHoldTimeout,0.3758,0.0925,0.3172,0.3601,0.4269,-0.4744,-0.0259,0.5181,,,
summary,2025-09-08,MSFT,,,,,,,0.63,,1,,,,,,,,,,0.5784,2025-09-08T08:28:00+00:00,365,1045
summary,2025-09-09,SPY,,,,,,,0.00,,0,,,,,,,,,,0.3471,2025-09-08T14:54:00+00:00,746,1361
summary,2025-09-09,QQQ,,,,,,,0.00,,0,,,,,,,,,,0.4141,2025-09-08T13:54:00+00:00,830,1514
summary,2025-09-09,AAPL,,,,,,,0.00,,0,,,,,,,,,,0.4013,2025-09-09T17:13:00+00:00,252,1257
summary,2025-09-09,NVDA,,,,,,,0.00,,0,,,,,,,,,,0.7603,2025-09-08T13:52:00+00:00,782,1675
summary,2025-09-09,MSFT,,,,,,,0.00,,0,,,,,,,,,,0.7791,2025-09-08T09:51:00+00:00,526,1109
summary,2025-09-10,SPY,,,,,,,0.00,,0,,,,,,,,,,0.3471,2025-09-08T14:54:00+00:00,1278,2210
summary,2025-09-10,QQQ,,,,,,,0.00,,0,,,,,,,,,,0.4141,2025-09-08T13:54:00+00:00,1402,2418
summary,2025-09-10,AAPL,,,,,,,0.00,,0,,,,,,,,,,0.4013,2025-09-09T17:13:00+00:00,252,2107
trade,2025-09-10,NVDA,Long,2025-09-10T13:41:00+00:00,2025-09-10T15:41:00+00:00,177.8733,178.0666,1.69,0.33,0.001086,7200000,ScoreExit,0.5575,-0.0612,0.5673,0.5320,0.6054,-0.5566,-0.3004,0.5823,,,
summary,2025-09-10,NVDA,,,,,,,0.33,,1,,,,,,,,,,0.7603,2025-09-08T13:52:00+00:00,1614,2635
summary,2025-09-10,MSFT,,,,,,,0.00,,0,,,,,,,,,,0.7791,2025-09-08T09:51:00+00:00,955,1833
summary,2025-09-11,SPY,,,,,,,0.00,,0,,,,,,,,,,0.7410,2025-09-08T14:54:00+00:00,1844,2791
summary,2025-09-11,QQQ,,,,,,,0.00,,0,,,,,,,,,,0.6964,2025-09-08T14:42:00+00:00,1746,2988
summary,2025-09-11,AAPL,,,,,,,0.00,,0,,,,,,,,,,0.4730,2025-09-08T13:36:00+00:00,141,2810
summary,2025-09-11,NVDA,,,,,,,0.00,,0,,,,,,,,,,1.0000,2025-09-08T13:34:00+00:00,2038,3256
summary,2025-09-11,MSFT,,,,,,,0.00,,0,,,,,,,,,,0.7864,2025-09-08T14:42:00+00:00,1247,2241
summary,2025-09-12,SPY,,,,,,,0.00,,0,,,,,,,,,,0.4468,2025-09-09T20:43:00+00:00,2030,2841
summary,2025-09-12,QQQ,,,,,,,0.00,,0,,,,,,,,,,0.4677,2025-09-09T20:43:00+00:00,2076,3005
trade,2025-09-12,AAPL,Long,2025-09-12T14:01:00+00:00,2025-09-12T15:56:00+00:00,231.1444,234.1247,1.30,3.87,0.012894,6900000,SessionClose,0.4513,0.0368,0.5110,0.4594,0.4152,-0.1134,-0.1494,0.4591,,,
summary,2025-09-12,AAPL,,,,,,,3.87,,1,,,,,,,,,,0.6488,2025-09-09T17:12:00+00:00,511,2837
summary,2025-09-12,NVDA,,,,,,,0.00,,0,,,,,,,,,,0.7943,2025-09-09T20:29:00+00:00,2426,3253
trade,2025-09-12,MSFT,Long,2025-09-12T14:51:00+00:00,2025-09-12T15:56:00+00:00,508.4075,510.6418,0.59,1.32,0.004395,3900000,SessionClose,0.3735,0.2638,0.4694,0.3665,0.3555,0.3059,0.1806,0.4163,,,
summary,2025-09-12,MSFT,,,,,,,1.32,,1,,,,,,,,,,0.7559,2025-09-11T21:51:00+00:00,1388,2399
summary,2025-09-15,SPY,,,,,,,0.00,,0,,,,,,,,,,0.6711,2025-09-12T14:55:00+00:00,709,1159
trade,2025-09-15,QQQ,Long,2025-09-15T13:32:00+00:00,2025-09-15T15:33:00+00:00,589.2267,590.1179,0.51,0.45,0.001512,7260000,MaxHoldTimeout,0.3670,0.0613,0.4546,0.3309,0.4102,0.2059,-0.1436,0.4229,,,
summary,2025-09-15,QQQ,,,,,,,0.45,,1,,,,,,,,,,0.7967,2025-09-12T14:54:00+00:00,952,1203
trade,2025-09-15,AAPL,Long,2025-09-15T15:00:00+00:00,2025-09-15T15:56:00+00:00,237.0261,236.9839,1.27,-0.05,-0.000178,3360000,SessionClose,0.4466,0.2946,0.5266,0.3899,0.5332,0.1015,0.2046,0.5390,,,
summary,2025-09-15,AAPL,,,,,,,-0.05,,1,,,,,,,,,,0.9538,2025-09-12T15:00:00+00:00,997,1206
summary,2025-09-15,NVDA,,,,,,,0.00,,0,,,,,,,,,,0.9265,2025-09-12T14:54:00+00:00,562,1337
trade,2025-09-15,MSFT,Long,2025-09-15T13:53:00+00:00,2025-09-15T15:54:00+00:00,511.3484,512.8511,0.59,0.88,0.002939,7260000,MaxHoldTimeout,0.4219,0.0987,0.4171,0.4710,0.3255,-0.2138,-0.0700,0.5402,,,
summary,2025-09-15,MSFT,,,,,,,0.88,,1,,,,,,,,,,0.9408,2025-09-12T14:57:00+00:00,715,1029
summary,2025-09-16,SPY,,,,,,,0.00,,0,,,,,,,,,,0.3760,2025-09-15T10:33:00+00:00,827,1401
summary,2025-09-16,QQQ,,,,,,,0.00,,0,,,,,,,,,,0.4310,2025-09-15T13:59:00+00:00,1022,1495
trade,2025-09-16,AAPL,Long,2025-09-16T13:51:00+00:00,2025-09-16T14:49:00+00:00,239.3468,238.8133,1.25,-0.67,-0.002229,3480000,ScoreExit,0.6022,-0.0504,0.5883,0.5574,0.6965,-0.5348,-0.2574,0.5250,,,
summary,2025-09-16,AAPL,,,,,,,-0.67,,1,,,,,,,,,,0.9017,2025-09-15T08:42:00+00:00,892,1357
summary,2025-09-16,NVDA,,,,,,,0.00,,0,,,,,,,,,,0.6861,2025-09-15T15:54:00+00:00,1016,1673
summary,2025-09-16,MSFT,,,,,,,0.00,,0,,,,,,,,,,0.6560,2025-09-15T14:04:00+00:00,640,1165
summary,2025-09-17,SPY,,,,,,,0.00,,0,,,,,,,,,,0.3760,2025-09-15T10:33:00+00:00,1170,2161
summary,2025-09-17,QQQ,,,,,,,0.00,,0,,,,,,,,,,0.4310,2025-09-15T13:59:00+00:00,1326,2310
trade,2025-09-17,AAPL,Long,2025-09-17T13:44:00+00:00,2025-09-17T15:00:00+00:00,239.8869,239.4631,1.25,-0.53,-0.001767,4560000,ScoreExit,0.3563,-0.0544,0.2748,0.3977,0.3008,-0.5085,-0.1721,0.3324,,,
summary,2025-09-17,AAPL,,,,,,,-0.53,,1,,,,,,,,,,0.9017,2025-09-15T08:42:00+00:00,1384,2060
summary,2025-09-17,NVDA,,,,,,,0.00,,0,,,,,,,,,,0.6861,2025-09-15T15:54:00+00:00,1016,2630
summary,2025-09-17,MSFT,,,,,,,0.00,,0,,,,,,,,,,0.6560,2025-09-15T14:04:00+00:00,678,1746
summary,2025-09-18,SPY,,,,,,,0.00,,0,,,,,,,,,,0.6935,2025-09-15T14:55:00+00:00,1464,2814
summary,2025-09-18,QQQ,,,,,,,0.00,,0,,,,,,,,,,0.6197,2025-09-15T15:03:00+00:00,1786,2930
summary,2025-09-18,AAPL,,,,,,,0.00,,0,,,,,,,,,,0.7805,2025-09-15T14:59:00+00:00,1459,2584
trade,2025-09-18,NVDA,Long,2025-09-18T14:26:00+00:00,2025-09-18T15:56:00+00:00,175.4526,175.7623,1.71,0.53,0.001765,5400000,SessionClose,0.4805,0.1965,0.5408,0.5054,0.4105,0.4179,0.0268,0.4623,,,
summary,2025-09-18,NVDA,,,,,,,0.53,,1,,,,,,,,,,0.7757,2025-09-15T15:54:00+00:00,1437,3260
summary,2025-09-18,MSFT,,,,,,,0.00,,0,,,,,,,,,,0.9461,2025-09-15T15:04:00+00:00,801,2197
summary,2025-09-19,SPY,,,,,,,0.00,,0,,,,,,,,,,0.4289,2025-09-18T08:01:00+00:00,1494,2887
summary,2025-09-19,QQQ,,,,,,,0.00,,0,,,,,,,,,,0.4573,2025-09-18T08:11:00+00:00,1542,2972
trade,2025-09-19,AAPL,Long,2025-09-19T14:46:00+00:00,2025-09-19T15:56:00+00:00,241.9926,242.7522,1.24,0.94,0.003139,4200000,SessionClose,0.4044,0.3292,0.3891,0.3667,0.4847,0.2938,0.2489,0.5015,,,
summary,2025-09-19,AAPL,,,,,,,0.94,,1,,,,,,,,,,0.9414,2025-09-16T13:46:00+00:00,1242,2630
trade,2025-09-19,NVDA,Long,2025-09-19T13:45:00+00:00,2025-09-19T14:59:00+00:00,176.6480,177.0524,1.70,0.69,0.002289,4440000,ScoreExit,0.3537,-0.0507,0.3550,0.3839,0.2928,-0.4922,-0.1693,0.3338,,,
summary,2025-09-19,NVDA,,,,,,,0.69,,1,,,,,,,,,,0.5842,2025-09-16T13:41:00+00:00,1367,3256
summary,2025-09-19,MSFT,,,,,,,0.00,,0,,,,,,,,,,0.5825,2025-09-19T19:55:00+00:00,654,2131
summary,2025-09-22,SPY,,,,,,,0.00,,0,,,,,,,,,,0.4269,2025-09-19T19:54:00+00:00,714,1214
summary,2025-09-22,QQQ,,,,,,,0.00,,0,,,,,,,,,,0.4639,2025-09-19T19:54:00+00:00,774,1250
summary,2025-09-22,AAPL,,,,,,,0.00,,0,,,,,,,,,,0.9576,2025-09-19T14:52:00+00:00,1120,1241
summary,2025-09-22,NVDA,,,,,,,0.00,,0,,,,,,,,,,0.8922,2025-09-19T14:06:00+00:00,364,1338
summary,2025-09-22,MSFT,,,,,,,0.00,,0,,,,,,,,,,0.8984,2025-09-19T13:52:00+00:00,621,1072
summary,2025-09-23,SPY,,,,,,,0.00,,0,,,,,,,,,,0.4394,2025-09-22T16:39:00+00:00,793,1409
summary,2025-09-23,QQQ,,,,,,,0.00,,0,,,,,,,,,,0.4777,2025-09-22T16:34:00+00:00,879,1566
summary,2025-09-23,AAPL,,,,,,,0.00,,0,,,,,,,,,,0.7702,2025-09-22T08:48:00+00:00,1213,1484
summary,2025-09-23,NVDA,,,,,,,0.00,,0,,,,,,,,,,0.8942,2025-09-22T16:34:00+00:00,941,1674
summary,2025-09-23,MSFT,,,,,,,0.00,,0,,,,,,,,,,0.4149,2025-09-22T14:42:00+00:00,301,1121
summary,2025-09-24,SPY,,,,,,,0.00,,0,,,,,,,,,,0.4394,2025-09-22T16:39:00+00:00,1009,2187
summary,2025-09-24,QQQ,,,,,,,0.00,,0,,,,,,,,,,0.4777,2025-09-22T16:34:00+00:00,1092,2450
summary,2025-09-24,AAPL,,,,,,,0.00,,0,,,,,,,,,,0.7702,2025-09-22T08:48:00+00:00,1405,2181
summary,2025-09-24,NVDA,,,,,,,0.00,,0,,,,,,,,,,0.8942,2025-09-22T16:34:00+00:00,1035,2633
summary,2025-09-24,MSFT,,,,,,,0.00,,0,,,,,,,,,,0.4149,2025-09-22T14:42:00+00:00,301,1646
summary,2025-09-25,SPY,,,,,,,0.00,,0,,,,,,,,,,0.8106,2025-09-22T15:01:00+00:00,872,2712
summary,2025-09-25,QQQ,,,,,,,0.00,,0,,,,,,,,,,0.7956,2025-09-22T14:51:00+00:00,1009,3002
summary,2025-09-25,AAPL,,,,,,,0.00,,0,,,,,,,,,,0.9573,2025-09-22T14:51:00+00:00,1435,2639
summary,2025-09-25,NVDA,,,,,,,0.00,,0,,,,,,,,,,0.9306,2025-09-22T16:11:00+00:00,1082,3261
summary,2025-09-25,MSFT,,,,,,,0.00,,0,,,,,,,,,,0.8074,2025-09-22T14:42:00+00:00,309,2059
summary,2025-09-26,SPY,,,,,,,0.00,,0,,,,,,,,,,0.3353,2025-09-26T16:58:00+00:00,508,2757
summary,2025-09-26,QQQ,,,,,,,0.00,,0,,,,,,,,,,0.3481,2025-09-26T12:38:00+00:00,574,3029
summary,2025-09-26,AAPL,,,,,,,0.00,,0,,,,,,,,,,0.5569,2025-09-23T14:28:00+00:00,873,2591
summary,2025-09-26,NVDA,,,,,,,0.00,,0,,,,,,,,,,0.5729,2025-09-24T08:04:00+00:00,691,3254
trade,2025-09-26,MSFT,Long,2025-09-26T13:41:00+00:00,2025-09-26T14:06:00+00:00,512.7588,511.5715,0.59,-0.69,-0.002316,1500000,ScoreExit,0.4038,-0.1959,0.4511,0.4288,0.3382,-0.4910,-0.3166,0.1440,,,
summary,2025-09-26,MSFT,,,,,,,-0.69,,1,,,,,,,,,,0.4181,2025-09-26T13:42:00+00:00,643,2044
summary,2025-09-29,SPY,,,,,,,0.00,,0,,,,,,,,,,0.4430,2025-09-29T08:06:00+00:00,798,1207
trade,2025-09-29,QQQ,Long,2025-09-29T13:51:00+00:00,2025-09-29T15:07:00+00:00,601.4854,600.8547,0.50,-0.31,-0.001049,4560000,MaxHoldTimeout,0.4077,-0.0451,0.5158,0.3672,0.4526,-0.2856,-0.2297,0.4043,,,
summary,2025-09-29,QQQ,,,,,,,-0.31,,1,,,,,,,,,,0.4905,2025-09-29T08:05:00+00:00,891,1217
summary,2025-09-29,AAPL,,,,,,,0.00,,0,,,,,,,,,,0.9110,2025-09-26T13:46:00+00:00,413,1127
summary,2025-09-29,NVDA,,,,,,,0.00,,0,,,,,,,,,,0.8722,2025-09-26T13:32:00+00:00,1056,1340
trade,2025-09-29,MSFT,Long,2025-09-29T13:47:00+00:00,2025-09-29T14:57:00+00:00,514.2092,514.3706,0.58,0.09,0.000314,4200000,ScoreExit,0.4560,-0.0671,0.5407,0.3998,0.5402,-0.5084,-0.2826,0.5110,,,
summary,2025-09-29,MSFT,,,,,,,0.09,,1,,,,,,,,,,0.8436,2025-09-26T13:38:00+00:00,528,975
summary,2025-09-30,SPY,,,,,,,0.00,,0,,,,,,,,,,0.6011,2025-09-29T09:27:00+00:00,638,1473
summary,2025-09-30,QQQ,,,,,,,0.00,,0,,,,,,,,,,0.6093,2025-09-29T09:28:00+00:00,578,1569
summary,2025-09-30,AAPL,,,,,,,0.00,,0,,,,,,,,,,0.6308,2025-09-29T09:43:00+00:00,616,1223
summary,2025-09-30,NVDA,,,,,,,0.00,,0,,,,,,,,,,0.7620,2025-09-29T13:44:00+00:00,874,1665
trade,2025-09-30,MSFT,Long,2025-09-30T14:44:00+00:00,2025-09-30T15:26:00+00:00,514.1492,515.3394,0.58,0.69,0.002315,2520000,ScoreExit,0.3538,-0.0526,0.2738,0.4076,0.2729,-0.5339,-0.1603,0.3232,,,
summary,2025-09-30,MSFT,,,,,,,0.69,,1,,,,,,,,,,0.6568,2025-09-29T14:07:00+00:00,599,985
summary,2025-10-01,SPY,,,,,,,0.00,,0,,,,,,,,,,0.6011,2025-09-29T09:27:00+00:00,1136,2349
summary,2025-10-01,QQQ,,,,,,,0.00,,0,,,,,,,,,,0.6093,2025-09-29T09:28:00+00:00,1054,2480
trade,2025-10-01,AAPL,Long,2025-10-01T13:33:00+00:00,2025-10-01T13:50:00+00:00,255.9968,255.3484,1.17,-0.76,-0.002533,1020000,ScoreExit,0.3592,-0.0546,0.4567,0.3516,0.3419,-0.6644,-0.1340,0.3075,,,
summary,2025-10-01,AAPL,,,,,,,-0.76,,1,,,,,,,,,,0.6308,2025-09-29T09:43:00+00:00,944,1900
trade,2025-10-01,NVDA,Long,2025-10-01T14:21:00+00:00,2025-10-01T15:27:00+00:00,185.4356,186.6390,1.62,1.95,0.006489,3960000,ScoreExit,0.4115,-0.0573,0.5075,0.3965,0.4095,-0.4919,-0.2115,0.3959,,,
summary,2025-10-01,NVDA,,,,,,,1.95,,1,,,,,,,,,,0.7620,2025-09-29T13:44:00+00:00,1504,2624
summary,2025-10-01,MSFT,,,,,,,0.00,,0,,,,,,,,,,0.6568,2025-09-29T14:07:00+00:00,837,1610
summary,2025-10-02,SPY,,,,,,,0.00,,0,,,,,,,,,,0.3883,2025-09-29T14:43:00+00:00,1384,2889
summary,2025-10-02,QQQ,,,,,,,0.00,,0,,,,,,,,,,0.4810,2025-09-29T13:49:00+00:00,1397,3051
summary,2025-10-02,AAPL,,,,,,,0.00,,0,,,,,,,,,,0.4788,2025-09-29T18:28:00+00:00,1372,2433
summary,2025-10-02,NVDA,,,,,,,0.00,,0,,,,,,,,,,1.0000,2025-09-29T13:36:00+00:00,1995,3254
summary,2025-10-02,MSFT,,,,,,,0.00,,0,,,,,,,,,,0.9163,2025-09-29T13:45:00+00:00,1094,2093
summary,2025-10-03,SPY,,,,,,,0.00,,0,,,,,,,,,,0.5177,2025-09-30T19:53:00+00:00,1733,2870
summary,2025-10-03,QQQ,,,,,,,0.00,,0,,,,,,,,,,0.8157,2025-09-30T15:01:00+00:00,2011,3045
trade,2025-10-03,AAPL,Long,2025-10-03T14:11:00+00:00,2025-10-03T15:27:00+00:00,258.7526,258.6260,1.16,-0.15,-0.000489,4560000,MaxHoldTimeout,0.4659,0.2125,0.5176,0.5053,0.3700,0.5226,0.0890,0.3561,,,
summary,2025-10-03,AAPL,,,,,,,-0.15,,1,,,,,,,,,,0.6695,2025-09-30T14:02:00+00:00,1346,2488
summary,2025-10-03,NVDA,,,,,,,0.00,,0,,,,,,,,,,0.9585,2025-09-30T14:51:00+00:00,2308,3253
summary,2025-10-03,MSFT,,,,,,,0.00,,0,,,,,,,,,,0.9606,2025-09-30T14:46:00+00:00,1166,2138
summary,2025-10-06,SPY,,,,,,,0.00,,0,,,,,,,,,,0.7709,2025-10-03T14:41:00+00:00,612,1185
summary,2025-10-06,QQQ,,,,,,,0.00,,0,,,,,,,,,,0.4044,2025-10-06T12:06:00+00:00,689,1253
summary,2025-10-06,AAPL,,,,,,,0.00,,0,,,,,,,,,,1.0000,2025-10-03T13:34:00+00:00,587,1104
summary,2025-10-06,NVDA,,,,,,,0.00,,0,,,,,,,,,,0.6995,2025-10-03T13:39:00+00:00,261,1340
trade,2025-10-06,MSFT,Long,2025-10-06T13:31:00+00:00,2025-10-06T15:32:00+00:00,519.9309,523.6379,0.58,2.14,0.007130,7260000,MaxHoldTimeout,0.4162,0.1811,0.4440,0.4079,0.4234,0.0932,0.0117,0.5490,,,
summary,2025-10-06,MSFT,,,,,,,2.14,,1,,,,,,,,,,0.8966,2025-10-03T14:48:00+00:00,598,955
summary,2025-10-07,SPY,,,,,,,0.00,,0,,,,,,,,,,0.6998,2025-10-06T09:37:00+00:00,753,1432
summary,2025-10-07,QQQ,,,,,,,0.00,,0,,,,,,,,,,0.7057,2025-10-06T09:31:00+00:00,793,1596
summary,2025-10-07,AAPL,,,,,,,0.00,,0,,,,,,,,,,0.5564,2025-10-06T11:13:00+00:00,601,1281
summary,2025-10-07,NVDA,,,,,,,0.00,,0,,,,,,,,,,0.6672,2025-10-06T13:46:00+00:00,1008,1673
summary,2025-10-07,MSFT,,,,,,,0.00,,0,,,,,,,,,,0.7873,2025-10-06T10:54:00+00:00,571,1064
summary,2025-10-08,SPY,,,,,,,0.00,,0,,,,,,,,,,0.6998,2025-10-06T09:37:00+00:00,1280,2222
summary,2025-10-08,QQQ,,,,,,,0.00,,0,,,,,,,,,,0.7057,2025-10-06T09:31:00+00:00,1206,2471
summary,2025-10-08,AAPL,,,,,,,0.00,,0,,,,,,,,,,0.5564,2025-10-06T11:13:00+00:00,972,1892
trade,2025-10-08,NVDA,Long,2025-10-08T13:31:00+00:00,2025-10-08T14:51:00+00:00,187.2462,188.2735,1.60,1.64,0.005487,4800000,ScoreExit,0.4479,-0.0732,0.4891,0.4623,0.4053,-0.5335,-0.2265,0.3870,,,
summary,2025-10-08,NVDA,,,,,,,1.64,,1,,,,,,,,,,0.6672,2025-10-06T13:46:00+00:00,1514,2628
summary,2025-10-08,MSFT,,,,,,,0.00,,0,,,,,,,,,,0.7873,2025-10-06T10:54:00+00:00,647,1565
summary,2025-10-09,SPY,,,,,,,0.00,,0,,,,,,,,,,0.4808,2025-10-06T15:04:00+00:00,1636,2768
summary,2025-10-09,QQQ,,,,,,,0.00,,0,,,,,,,,,,0.4480,2025-10-06T15:51:00+00:00,1660,3065
summary,2025-10-09,AAPL,,,,,,,0.00,,0,,,,,,,,,,0.8971,2025-10-06T14:12:00+00:00,911,2356
summary,2025-10-09,NVDA,,,,,,,0.00,,0,,,,,,,,,,1.0000,2025-10-06T13:40:00+00:00,2141,3262
summary,2025-10-09,MSFT,,,,,,,0.00,,0,,,,,,,,,,0.8966,2025-10-06T13:54:00+00:00,643,2010
summary,2025-10-10,SPY,,,,,,,0.00,,0,,,,,,,,,,0.3595,2025-10-08T14:29:00+00:00,1321,2822
summary,2025-10-10,QQQ,,,,,,,0.00,,0,,,,,,,,,,0.4422,2025-10-08T14:08:00+00:00,1601,3056
summary,2025-10-10,AAPL,,,,,,,0.00,,0,,,,,,,,,,0.4093,2025-10-08T14:08:00+00:00,633,2362
trade,2025-10-10,NVDA,Long,2025-10-10T13:56:00+00:00,2025-10-10T14:58:00+00:00,193.5631,194.6717,1.55,1.72,0.005727,3720000,ScoreExit,0.3869,-0.0847,0.5189,0.3712,0.3742,-0.5734,-0.2311,0.3710,,,
summary,2025-10-10,NVDA,,,,,,,1.72,,1,,,,,,,,,,0.8976,2025-10-07T13:50:00+00:00,2038,3263
summary,2025-10-10,MSFT,,,,,,,0.00,,0,,,,,,,,,,0.5560,2025-10-07T14:44:00+00:00,482,1982
trade,2025-10-13,SPY,Long,2025-10-13T13:56:00+00:00,2025-10-13T14:21:00+00:00,662.2636,661.6464,0.45,-0.28,-0.000932,1500000,ScoreExit,0.3881,-0.0523,0.5042,0.3705,0.3846,-0.4925,-0.1515,0.2927,,,
summary,2025-10-13,SPY,,,,,,,-0.28,,1,,,,,,,,,,0.8161,2025-10-13T08:02:00+00:00,497,1315
summary,2025-10-13,QQQ,,,,,,,0.00,,0,,,,,,,,,,0.8838,2025-10-13T08:02:00+00:00,584,1350
summary,2025-10-13,AAPL,,,,,,,0.00,,0,,,,,,,,,,0.8349,2025-10-10T13:41:00+00:00,474,1263
summary,2025-10-13,NVDA,,,,,,,0.00,,0,,,,,,,,,,0.9473,2025-10-10T14:49:00+00:00,600,1351
summary,2025-10-13,MSFT,,,,,,,0.00,,0,,,,,,,,,,0.7738,2025-10-13T08:01:00+00:00,353,1115
summary,2025-10-14,SPY,,,,,,,0.00,,0,,,,,,,,,,0.4758,2025-10-13T17:03:00+00:00,709,1571
summary,2025-10-14,QQQ,,,,,,,0.00,,0,,,,,,,,,,0.5125,2025-10-13T16:58:00+00:00,758,1622
summary,2025-10-14,AAPL,,,,,,,0.00,,0,,,,,,,,,,0.6099,2025-10-13T15:29:00+00:00,586,1337
summary,2025-10-14,NVDA,,,,,,,0.00,,0,,,,,,,,,,0.6568,2025-10-13T13:59:00+00:00,450,1679
summary,2025-10-14,MSFT,,,,,,,0.00,,0,,,,,,,,,,0.4794,2025-10-13T09:12:00+00:00,399,1091
summary,2025-10-15,SPY,,,,,,,0.00,,0,,,,,,,,,,0.4758,2025-10-13T17:03:00+00:00,1264,2436
trade,2025-10-15,QQQ,Long,2025-10-15T14:26:00+00:00,2025-10-15T15:11:00+00:00,606.6269,605.8782,0.49,-0.37,-0.001234,2700000,ScoreExit,0.3717,-0.0564,0.3688,0.4053,0.3053,-0.3048,-0.1359,0.1854,,,
summary,2025-10-15,QQQ,,,,,,,-0.37,,1,,,,,,,,,,0.5125,2025-10-13T16:58:00+00:00,1261,2536
trade,2025-10-15,AAPL,Long,2025-10-15T13:56:00+00:00,2025-10-15T14:51:00+00:00,250.4401,250.3699,1.20,-0.08,-0.000280,3300000,ScoreExit,0.4010,-0.0561,0.4574,0.3575,0.4691,-0.5476,-0.2270,0.4497,,,
summary,2025-10-15,AAPL,,,,,,,-0.08,,1,,,,,,,,,,0.6099,2025-10-13T15:29:00+00:00,1064,2027
summary,2025-10-15,NVDA,,,,,,,0.00,,0,,,,,,,,,,0.6568,2025-10-13T13:59:00+00:00,664,2639
summary,2025-10-15,MSFT,,,,,,,0.00,,0,,,,,,,,,,0.4794,2025-10-13T09:12:00+00:00,686,1645
summary,2025-10-16,SPY,,,,,,,0.00,,0,,,,,,,,,,0.5767,2025-10-13T14:00:00+00:00,1639,3012
summary,2025-10-16,QQQ,,,,,,,0.00,,0,,,,,,,,,,0.7221,2025-10-13T14:00:00+00:00,1804,3136
summary,2025-10-16,AAPL,,,,,,,0.00,,0,,,,,,,,,,0.6293,2025-10-13T16:03:00+00:00,1342,2446
summary,2025-10-16,NVDA,,,,,,,0.00,,0,,,,,,,,,,0.8947,2025-10-13T13:59:00+00:00,702,3268
summary,2025-10-16,MSFT,,,,,,,0.00,,0,,,,,,,,,,0.5469,2025-10-13T14:01:00+00:00,818,2039
summary,2025-10-17,SPY,,,,,,,0.00,,0,,,,,,,,,,0.9570,2025-10-14T15:04:00+00:00,1828,3062
summary,2025-10-17,QQQ,,,,,,,0.00,,0,,,,,,,,,,0.9585,2025-10-14T15:04:00+00:00,1860,3168
trade,2025-10-17,AAPL,Long,2025-10-17T14:12:00+00:00,2025-10-17T14:57:00+00:00,249.2903,248.6704,1.20,-0.75,-0.002487,2700000,ScoreExit,0.4393,-0.0560,0.5284,0.4500,0.3883,-0.5527,-0.1625,0.3228,,,
summary,2025-10-17,AAPL,,,,,,,-0.75,,1,,,,,,,,,,0.9556,2025-10-14T14:49:00+00:00,1598,2488
trade,2025-10-17,NVDA,Long,2025-10-17T13:48:00+00:00,2025-10-17T14:53:00+00:00,181.2294,182.0354,1.65,1.33,0.004448,3900000,ScoreExit,0.4106,-0.0561,0.4476,0.4466,0.3264,-0.4561,-0.1928,0.3506,,,
summary,2025-10-17,NVDA,,,,,,,1.33,,1,,,,,,,,,,0.8824,2025-10-14T14:25:00+00:00,1790,3270
summary,2025-10-17,MSFT,,,,,,,0.00,,0,,,,,,,,,,0.9354,2025-10-14T15:03:00+00:00,1144,2052
summary,2025-10-20,SPY,,,,,,,0.00,,0,,,,,,,,,,0.8680,2025-10-17T14:15:00+00:00,1002,1210
summary,2025-10-20,QQQ,,,,,,,0.00,,0,,,,,,,,,,0.9060,2025-10-17T13:56:00+00:00,1085,1282
summary,2025-10-20,AAPL,,,,,,,0.00,,0,,,,,,,,,,0.9461,2025-10-17T13:31:00+00:00,1106,1169
trade,2025-10-20,NVDA,Long,2025-10-20T14:21:00+00:00,2025-10-20T15:14:00+00:00,183.4350,183.2700,1.64,-0.27,-0.000900,3180000,ScoreExit,0.5137,-0.0733,0.5774,0.4920,0.5359,-0.5263,-0.2544,0.4397,,,
summary,2025-10-20,NVDA,,,,,,,-0.27,,1,,,,,,,,,,0.9592,2025-10-17T13:37:00+00:00,1095,1345
summary,2025-10-20,MSFT,,,,,,,0.00,,0,,,,,,,,,,0.9005,2025-10-17T14:15:00+00:00,702,924
summary,2025-10-21,SPY,,,,,,,0.00,,0,,,,,,,,,,0.4209,2025-10-20T14:49:00+00:00,980,1504
summary,2025-10-21,QQQ,,,,,,,0.00,,0,,,,,,,,,,0.5016,2025-10-20T14:54:00+00:00,1030,1624
trade,2025-10-21,AAPL,Long,2025-10-21T13:31:00+00:00,2025-10-21T14:44:00+00:00,262.5838,263.1360,1.14,0.63,0.002103,4380000,ScoreExit,0.4513,-0.0520,0.4535,0.4216,0.5101,-0.4548,-0.2561,0.4904,,,
summary,2025-10-21,AAPL,,,,,,,0.63,,1,,,,,,,,,,0.7064,2025-10-20T15:01:00+00:00,1202,1466
summary,2025-10-21,NVDA,,,,,,,0.00,,0,,,,,,,,,,0.6721,2025-10-20T14:25:00+00:00,455,1665
summary,2025-10-21,MSFT,,,,,,,0.00,,0,,,,,,,,,,0.6303,2025-10-20T14:44:00+00:00,549,974
summary,2025-10-22,SPY,,,,,,,0.00,,0,,,,,,,,,,0.4209,2025-10-20T14:49:00+00:00,1188,2311
summary,2025-10-22,QQQ,,,,,,,0.00,,0,,,,,,,,,,0.5016,2025-10-20T14:54:00+00:00,1056,2547
summary,2025-10-22,AAPL,,,,,,,0.00,,0,,,,,,,,,,0.7064,2025-10-20T15:01:00+00:00,1272,2208
summary,2025-10-22,NVDA,,,,,,,0.00,,0,,,,,,,,,,0.6721,2025-10-20T14:25:00+00:00,538,2605
trade,2025-10-22,MSFT,Long,2025-10-22T14:02:00+00:00,2025-10-22T14:36:00+00:00,523.6220,521.4985,0.57,-1.22,-0.004055,2040000,ScoreExit,0.3913,-0.0799,0.4747,0.3624,0.4213,-0.5778,-0.2475,0.4213,,,
summary,2025-10-22,MSFT,,,,,,,-1.22,,1,,,,,,,,,,0.6303,2025-10-20T14:44:00+00:00,923,1508
summary,2025-10-23,SPY,,,,,,,0.00,,0,,,,,,,,,,0.8270,2025-10-20T14:55:00+00:00,1448,2870
summary,2025-10-23,QQQ,,,,,,,0.00,,0,,,,,,,,,,0.8517,2025-10-20T14:55:00+00:00,1328,3142
summary,2025-10-23,AAPL,,,,,,,0.00,,0,,,,,,,,,,0.9593,2025-10-20T15:01:00+00:00,1107,2667
summary,2025-10-23,NVDA,,,,,,,0.00,,0,,,,,,,,,,0.9009,2025-10-20T14:23:00+00:00,730,3223
summary,2025-10-23,MSFT,,,,,,,0.00,,0,,,,,,,,,,0.9578,2025-10-20T14:45:00+00:00,1197,1939
summary,2025-10-24,SPY,,,,,,,0.00,,0,,,,,,,,,,0.7799,2025-10-21T14:59:00+00:00,1556,2852
summary,2025-10-24,QQQ,,,,,,,0.00,,0,,,,,,,,,,0.7147,2025-10-21T14:58:00+00:00,1558,3146
trade,2025-10-24,AAPL,Long,2025-10-24T14:50:00+00:00,2025-10-24T15:56:00+00:00,262.1386,262.8761,1.14,0.84,0.002813,3960000,SessionClose,0.3922,0.1241,0.3640,0.4314,0.3232,-0.5474,0.0811,0.4340,,,
summary,2025-10-24,AAPL,,,,,,,0.84,,1,,,,,,,,,,1.0000,2025-10-21T13:39:00+00:00,558,2508
summary,2025-10-24,NVDA,,,,,,,0.00,,0,,,,,,,,,,0.6659,2025-10-21T15:14:00+00:00,1856,3223
summary,2025-10-24,MSFT,,,,,,,0.00,,0,,,,,,,,,,0.5108,2025-10-21T15:03:00+00:00,1326,2062
summary,2025-10-27,SPY,,,,,,,0.00,,0,,,,,,,,,,0.5233,2025-10-27T08:01:00+00:00,844,1214
trade,2025-10-27,QQQ,Long,2025-10-27T14:05:00+00:00,2025-10-27T15:56:00+00:00,625.9027,626.2071,0.48,0.15,0.000486,6660000,SessionClose,0.3782,0.0735,0.4673,0.3340,0.4369,-0.3642,-0.0360,0.4382,,,
summary,2025-10-27,QQQ,,,,,,,0.15,,1,,,,,,,,,,0.6019,2025-10-27T08:05:00+00:00,967,1254
summary,2025-10-27,AAPL,,,,,,,0.00,,0,,,,,,,,,,0.9579,2025-10-24T14:47:00+00:00,986,1118
summary,2025-10-27,NVDA,,,,,,,0.00,,0,,,,,,,,,,1.0000,2025-10-24T13:38:00+00:00,1114,1350
trade,2025-10-27,MSFT,Long,2025-10-27T14:32:00+00:00,2025-10-27T15:36:00+00:00,533.3249,532.0753,0.56,-0.70,-0.002343,3840000,ScoreExit,0.4423,-0.0875,0.5011,0.3870,0.5333,-0.5416,-0.3160,0.5208,,,
summary,2025-10-27,MSFT,,,,,,,-0.70,,1,,,,,,,,,,0.6838,2025-10-24T13:45:00+00:00,763,1034
summary,2025-10-28,SPY,,,,,,,0.00,,0,,,,,,,,,,0.3771,2025-10-28T18:19:00+00:00,1027,1517
summary,2025-10-28,QQQ,,,,,,,0.00,,0,,,,,,,,,,0.6156,2025-10-27T09:34:00+00:00,1321,1645
summary,2025-10-28,AAPL,,,,,,,0.00,,0,,,,,,,,,,0.5242,2025-10-27T19:53:00+00:00,943,1397
trade,2025-10-28,NVDA,Long,2025-10-28T13:31:00+00:00,2025-10-28T14:27:00+00:00,193.8081,192.9921,1.55,-1.26,-0.004211,3360000,ScoreExit,0.5433,-0.0735,0.5542,0.4989,0.6285,-0.4306,-0.3197,0.5380,,,
summary,2025-10-28,NVDA,,,,,,,-1.26,,1,,,,,,,,,,0.8686,2025-10-27T09:16:00+00:00,1332,1671
summary,2025-10-28,MSFT,,,,,,,0.00,,0,,,,,,,,,,0.9187,2025-10-28T13:03:00+00:00,809,1215
summary,2025-10-29,SPY,,,,,,,0.00,,0,,,,,,,,,,0.3771,2025-10-28T18:19:00+00:00,1586,2380
summary,2025-10-29,QQQ,,,,,,,0.00,,0,,,,,,,,,,0.6156,2025-10-27T09:34:00+00:00,1991,2575
trade,2025-10-29,AAPL,Long,2025-10-29T13:36:00+00:00,2025-10-29T14:31:00+00:00,269.6659,269.9840,1.11,0.35,0.001180,3300000,ScoreExit,0.4232,-0.1160,0.4515,0.4242,0.4118,-0.5485,-0.2316,0.2593,,,
summary,2025-10-29,AAPL,,,,,,,0.35,,1,,,,,,,,,,0.5242,2025-10-27T19:53:00+00:00,1442,2227
summary,2025-10-29,NVDA,,,,,,,0.00,,0,,,,,,,,,,0.8686,2025-10-27T09:16:00+00:00,2181,2631
summary,2025-10-29,MSFT,,,,,,,0.00,,0,,,,,,,,,,0.9187,2025-10-28T13:03:00+00:00,1182,1981
summary,2025-10-30,SPY,,,,,,,0.00,,0,,,,,,,,,,0.4754,2025-10-27T14:44:00+00:00,1772,2966
summary,2025-10-30,QQQ,,,,,,,0.00,,0,,,,,,,,,,0.7500,2025-10-27T14:44:00+00:00,2176,3194
summary,2025-10-30,AAPL,,,,,,,0.00,,0,,,,,,,,,,0.7399,2025-10-27T14:06:00+00:00,1953,2840
summary,2025-10-30,NVDA,,,,,,,0.00,,0,,,,,,,,,,0.7252,2025-10-27T15:04:00+00:00,2542,3261
summary,2025-10-30,MSFT,,,,,,,0.00,,0,,,,,,,,,,0.9534,2025-10-27T14:41:00+00:00,1136,2715
summary,2025-10-31,SPY,,,,,,,0.00,,0,,,,,,,,,,0.4320,2025-10-28T18:19:00+00:00,1261,3007
summary,2025-10-31,QQQ,,,,,,,0.00,,0,,,,,,,,,,0.5019,2025-10-28T19:28:00+00:00,1666,3213
summary,2025-10-31,AAPL,,,,,,,0.00,,0,,,,,,,,,,0.8203,2025-10-30T20:50:00+00:00,1586,2971
summary,2025-10-31,NVDA,,,,,,,0.00,,0,,,,,,,,,,1.0000,2025-10-28T13:32:00+00:00,2182,3269
summary,2025-10-31,MSFT,,,,,,,0.00,,0,,,,,,,,,,0.4460,2025-10-29T08:04:00+00:00,307,2826
summary,2025-11-03,SPY,,,,,,,0.00,,0,,,,,,,,,,0.6652,2025-10-31T14:45:00+00:00,559,1235
summary,2025-11-03,QQQ,,,,,,,0.00,,0,,,,,,,,,,0.7768,2025-10-31T14:46:00+00:00,603,1259
summary,2025-11-03,AAPL,,,,,,,0.00,,0,,,,,,,,,,0.6217,2025-10-31T16:36:00+00:00,176,1144
summary,2025-11-03,NVDA,,,,,,,0.00,,0,,,,,,,,,,0.9397,2025-10-31T13:37:00+00:00,667,1346
trade,2025-11-03,MSFT,Long,2025-11-03T14:44:00+00:00,2025-11-03T15:21:00+00:00,523.5420,519.8440,0.42,-1.54,-0.007063,2220000,ScoreExit,0.5329,-0.0871,0.4704,0.5194,0.5809,-0.5015,-0.2221,0.3213,,,
summary,2025-11-03,MSFT,,,,,,,-1.54,,1,,,,,,,,,,0.5999,2025-10-31T15:04:00+00:00,389,1156
summary,2025-11-04,SPY,,,,,,,0.00,,0,,,,,,,,,,0.3646,2025-11-03T14:24:00+00:00,425,1636
summary,2025-11-04,QQQ,,,,,,,0.00,,0,,,,,,,,,,0.4762,2025-11-03T10:23:00+00:00,436,1667
trade,2025-11-04,AAPL,Long,2025-11-04T14:46:00+00:00,2025-11-04T15:48:00+00:00,269.2558,268.1545,1.11,-1.23,-0.004090,3720000,ScoreExit,0.3724,-0.0920,0.4367,0.3633,0.3692,-0.5348,-0.1780,0.2274,,,
summary,2025-11-04,AAPL,,,,,,,-1.23,,1,,,,,,,,,,0.5284,2025-11-04T16:22:00+00:00,622,1352
summary,2025-11-04,NVDA,,,,,,,0.00,,0,,,,,,,,,,0.8933,2025-11-03T09:43:00+00:00,576,1680
summary,2025-11-04,MSFT,,,,,,,0.00,,0,,,,,,,,,,0.7288,2025-11-03T10:29:00+00:00,242,1462
summary,2025-11-05,SPY,,,,,,,0.00,,0,,,,,,,,,,0.3646,2025-11-03T14:24:00+00:00,688,2570
summary,2025-11-05,QQQ,,,,,,,0.00,,0,,,,,,,,,,0.4762,2025-11-03T10:23:00+00:00,684,2626
summary,2025-11-05,AAPL,,,,,,,0.00,,0,,,,,,,,,,0.5284,2025-11-04T16:22:00+00:00,1088,2111
trade,2025-11-05,NVDA,Long,2025-11-05T15:27:00+00:00,2025-11-05T15:56:00+00:00,200.2851,201.8044,1.50,2.28,0.007586,1740000,SessionClose,0.3647,0.4401,0.2886,0.4113,0.2969,0.4094,0.5169,0.2969,,,
summary,2025-11-05,NVDA,,,,,,,2.28,,1,,,,,,,,,,0.8933,2025-11-03T09:43:00+00:00,852,2636
summary,2025-11-05,MSFT,,,,,,,0.00,,0,,,,,,,,,,0.7288,2025-11-03T10:29:00+00:00,312,2256
summary,2025-11-06,SPY,,,,,,,0.00,,0,,,,,,,,,,0.3715,2025-11-03T17:14:00+00:00,654,3179
summary,2025-11-06,QQQ,,,,,,,0.00,,0,,,,,,,,,,0.3448,2025-11-03T17:14:00+00:00,554,3250
trade,2025-11-06,AAPL,Long,2025-11-06T15:46:00+00:00,2025-11-06T15:56:00+00:00,272.8768,272.4882,1.10,-0.43,-0.001424,600000,SessionClose,0.4630,0.1760,0.4899,0.5039,0.3721,-0.3132,0.1595,0.3721,,,
summary,2025-11-06,AAPL,,,,,,,-0.43,,1,,,,,,,,,,0.6050,2025-11-03T20:58:00+00:00,1472,2602
summary,2025-11-06,NVDA,,,,,,,0.00,,0,,,,,,,,,,0.6974,2025-11-03T17:19:00+00:00,543,3266
summary,2025-11-06,MSFT,,,,,,,0.00,,0,,,,,,,,,,1.0000,2025-11-03T14:32:00+00:00,125,2830
summary,2025-11-07,SPY,,,,,,,0.00,,0,,,,,,,,,,0.8674,2025-11-04T15:40:00+00:00,905,3199
summary,2025-11-07,QQQ,,,,,,,0.00,,0,,,,,,,,,,0.8566,2025-11-04T15:41:00+00:00,876,3259
summary,2025-11-07,AAPL,,,,,,,0.00,,0,,,,,,,,,,0.7100,2025-11-04T14:44:00+00:00,1251,2538
summary,2025-11-07,NVDA,,,,,,,0.00,,0,,,,,,,,,,0.8942,2025-11-04T14:53:00+00:00,658,3263
summary,2025-11-07,MSFT,,,,,,,0.00,,0,,,,,,,,,,0.9553,2025-11-04T15:41:00+00:00,562,2833
trade,2025-11-10,SPY,Long,2025-11-10T14:43:00+00:00,2025-11-10T15:39:00+00:00,678.9286,678.0415,0.44,-0.39,-0.001307,3360000,ScoreExit,0.3653,-0.0507,0.4278,0.3124,0.4501,-0.5225,-0.1999,0.4050,,,
summary,2025-11-10,SPY,,,,,,,-0.39,,1,,,,,,,,,,0.6497,2025-11-07T19:40:00+00:00,997,1315
trade,2025-11-10,QQQ,Long,2025-11-10T14:41:00+00:00,2025-11-10T15:51:00+00:00,620.9362,619.7190,0.48,-0.59,-0.001960,4200000,ScoreExit,0.4529,-0.1312,0.5191,0.4039,0.5288,-0.5523,-0.3621,0.4711,,,
summary,2025-11-10,QQQ,,,,,,,-0.59,,1,,,,,,,,,,0.6696,2025-11-07T19:40:00+00:00,1009,1347
trade,2025-11-10,AAPL,Long,2025-11-10T14:45:00+00:00,2025-11-10T15:36:00+00:00,272.2466,271.7335,1.10,-0.57,-0.001885,3060000,ScoreExit,0.5278,-0.0521,0.5446,0.4799,0.6181,-0.2627,-0.2916,0.4969,,,
summary,2025-11-10,AAPL,,,,,,,-0.57,,1,,,,,,,,,,0.8932,2025-11-07T15:17:00+00:00,487,1090
trade,2025-11-10,NVDA,Long,2025-11-10T15:22:00+00:00,2025-11-10T15:56:00+00:00,196.2439,194.9364,1.53,-2.00,-0.006662,2040000,ScoreExit,0.5313,-0.0774,0.5194,0.4874,0.6230,-0.5690,-0.3457,0.6230,,,
summary,2025-11-10,NVDA,,,,,,,-2.00,,1,,,,,,,,,,1.0000,2025-11-07T14:32:00+00:00,1126,1350
trade,2025-11-10,MSFT,Long,2025-11-10T14:46:00+00:00,2025-11-10T15:51:00+00:00,502.7158,502.8041,0.60,0.05,0.000176,3900000,ScoreExit,0.4828,-0.0657,0.5324,0.4612,0.5093,-0.5494,-0.2617,0.4873,,,
summary,2025-11-10,MSFT,,,,,,,0.05,,1,,,,,,,,,,0.5644,2025-11-10T15:07:00+00:00,834,1226
summary,2025-11-11,SPY,,,,,,,0.00,,0,,,,,,,,,,0.5360,2025-11-10T19:53:00+00:00,1017,1597
summary,2025-11-11,QQQ,,,,,,,0.00,,0,,,,,,,,,,0.5033,2025-11-10T19:53:00+00:00,975,1672
trade,2025-11-11,AAPL,Long,2025-11-11T14:41:00+00:00,2025-11-11T15:56:00+00:00,271.6173,272.7981,1.10,1.30,0.004348,4500000,SessionClose,0.5907,0.0078,0.5797,0.5534,0.6690,-0.5237,-0.1839,0.5684,,,
summary,2025-11-11,AAPL,,,,,,,1.30,,1,,,,,,,,,,0.7152,2025-11-10T14:51:00+00:00,554,1212
summary,2025-11-11,NVDA,,,,,,,0.00,,0,,,,,,,,,,0.8318,2025-11-10T10:18:00+00:00,856,1678
summary,2025-11-11,MSFT,,,,,,,0.00,,0,,,,,,,,,,0.7713,2025-11-10T10:19:00+00:00,909,1363
summary,2025-11-12,SPY,,,,,,,0.00,,0,,,,,,,,,,0.5360,2025-11-10T19:53:00+00:00,1587,2493
summary,2025-11-12,QQQ,,,,,,,0.00,,0,,,,,,,,,,0.5033,2025-11-10T19:53:00+00:00,1494,2598
summary,2025-11-12,AAPL,,,,,,,0.00,,0,,,,,,,,,,0.7152,2025-11-10T14:51:00+00:00,1004,1919
summary,2025-11-12,NVDA,,,,,,,0.00,,0,,,,,,,,,,0.8318,2025-11-10T10:18:00+00:00,1042,2635
summary,2025-11-12,MSFT,,,,,,,0.00,,0,,,,,,,,,,0.7713,2025-11-10T10:19:00+00:00,1306,2072
summary,2025-11-13,SPY,,,,,,,0.00,,0,,,,,,,,,,0.5553,2025-11-10T20:12:00+00:00,1636,3088
summary,2025-11-13,QQQ,,,,,,,0.00,,0,,,,,,,,,,0.5646,2025-11-11T00:04:00+00:00,1495,3214
trade,2025-11-13,AAPL,Long,2025-11-13T14:33:00+00:00,2025-11-13T15:16:00+00:00,274.2973,274.2427,1.10,-0.06,-0.000199,2580000,ScoreExit,0.3518,-0.0729,0.4150,0.3774,0.2795,-0.1827,-0.1605,0.1391,,,
summary,2025-11-13,AAPL,,,,,,,-0.06,,1,,,,,,,,,,1.0000,2025-11-10T14:35:00+00:00,1250,2388
summary,2025-11-13,NVDA,,,,,,,0.00,,0,,,,,,,,,,0.8958,2025-11-10T15:36:00+00:00,957,3258
summary,2025-11-13,MSFT,,,,,,,0.00,,0,,,,,,,,,,0.9023,2025-11-10T15:07:00+00:00,1510,2553
summary,2025-11-14,SPY,,,,,,,0.00,,0,,,,,,,,,,0.5173,2025-11-11T18:19:00+00:00,1190,3147
summary,2025-11-14,QQQ,,,,,,,0.00,,0,,,,,,,,,,0.5182,2025-11-11T18:58:00+00:00,1319,3221
summary,2025-11-14,AAPL,,,,,,,0.00,,0,,,,,,,,,,0.9377,2025-11-11T14:44:00+00:00,1185,2538
summary,2025-11-14,NVDA,,,,,,,0.00,,0,,,,,,,,,,0.6190,2025-11-14T14:53:00+00:00,1141,3258
summary,2025-11-14,MSFT,,,,,,,0.00,,0,,,,,,,,,,0.6253,2025-11-11T18:58:00+00:00,1287,2644
summary,2025-11-17,SPY,,,,,,,0.00,,0,,,,,,,,,,0.9576,2025-11-14T15:47:00+00:00,770,1313
trade,2025-11-17,QQQ,Long,2025-11-17T14:43:00+00:00,2025-11-17T15:18:00+00:00,610.4481,608.4823,0.49,-0.97,-0.003220,2100000,ScoreExit,0.3979,-0.0529,0.4932,0.3858,0.3906,-0.3785,-0.0919,0.1336,,,
summary,2025-11-17,QQQ,,,,,,,-0.97,,1,,,,,,,,,,0.9591,2025-11-14T15:47:00+00:00,841,1330
summary,2025-11-17,AAPL,,,,,,,0.00,,0,,,,,,,,,,0.9553,2025-11-14T15:45:00+00:00,333,1113
summary,2025-11-17,NVDA,,,,,,,0.00,,0,,,,,,,,,,1.0000,2025-11-14T14:36:00+00:00,833,1348
trade,2025-11-17,MSFT,Long,2025-11-17T14:41:00+00:00,2025-11-17T15:01:00+00:00,511.4234,508.7623,0.59,-1.56,-0.005203,1200000,ScoreExit,0.4273,-0.1862,0.3790,0.4303,0.4372,-0.4977,-0.3102,0.1657,,,
summary,2025-11-17,MSFT,,,,,,,-1.56,,1,,,,,,,,,,0.9569,2025-11-14T15:40:00+00:00,756,1101
summary,2025-11-18,SPY,,,,,,,0.00,,0,,,,,,,,,,0.5276,2025-11-17T14:51:00+00:00,238,1630
summary,2025-11-18,QQQ,,,,,,,0.00,,0,,,,,,,,,,0.6878,2025-11-17T14:51:00+00:00,236,1670
summary,2025-11-18,AAPL,,,,,,,0.00,,0,,,,,,,,,,0.5688,2025-11-17T14:51:00+00:00,567,1323
summary,2025-11-18,NVDA,,,,,,,0.00,,0,,,,,,,,,,0.6144,2025-11-17T14:47:00+00:00,410,1676
summary,2025-11-18,MSFT,,,,,,,0.00,,0,,,,,,,,,,0.6501,2025-11-17T14:36:00+00:00,219,1354
summary,2025-11-19,SPY,,,,,,,0.00,,0,,,,,,,,,,0.5276,2025-11-17T14:51:00+00:00,337,2570
summary,2025-11-19,QQQ,,,,,,,0.00,,0,,,,,,,,,,0.6878,2025-11-17T14:51:00+00:00,340,2622
trade,2025-11-19,AAPL,Long,2025-11-19T14:47:00+00:00,2025-11-19T15:56:00+00:00,269.3751,270.5938,1.11,1.36,0.004524,4140000,ScoreExit,0.4103,-0.0940,0.4160,0.4282,0.3728,-0.5577,-0.2307,0.3338,,,
summary,2025-11-19,AAPL,,,,,,,1.36,,1,,,,,,,,,,0.5703,2025-11-19T14:59:00+00:00,850,1971
trade,2025-11-19,NVDA,Long,2025-11-19T14:51:00+00:00,2025-11-19T15:51:00+00:00,186.0875,186.4291,1.61,0.55,0.001835,3600000,ScoreExit,0.5774,-0.0677,0.5311,0.5525,0.6426,-0.5655,-0.2479,0.4587,,,
summary,2025-11-19,NVDA,,,,,,,0.55,,1,,,,,,,,,,0.6255,2025-11-19T14:58:00+00:00,946,2636
summary,2025-11-19,MSFT,,,,,,,0.00,,0,,,,,,,,,,0.6501,2025-11-17T14:36:00+00:00,219,2146
summary,2025-11-20,SPY,,,,,,,0.00,,0,,,,,,,,,,0.6979,2025-11-17T14:37:00+00:00,881,3200
summary,2025-11-20,QQQ,,,,,,,0.00,,0,,,,,,,,,,0.9013,2025-11-17T14:37:00+00:00,959,3252
trade,2025-11-20,AAPL,Long,2025-11-20T14:34:00+00:00,2025-11-20T15:47:00+00:00,272.7268,273.5529,1.10,0.91,0.003029,4380000,ScoreExit,0.4945,-0.0540,0.4083,0.4865,0.5391,-0.5452,-0.2055,0.4128,,,
summary,2025-11-20,AAPL,,,,,,,0.91,,1,,,,,,,,,,0.9433,2025-11-17T14:46:00+00:00,1161,2513
summary,2025-11-20,NVDA,,,,,,,0.00,,0,,,,,,,,,,1.0000,2025-11-17T14:34:00+00:00,1454,3267
summary,2025-11-20,MSFT,,,,,,,0.00,,0,,,,,,,,,,1.0000,2025-11-17T14:36:00+00:00,373,2809
summary,2025-11-21,SPY,,,,,,,0.00,,0,,,,,,,,,,0.6235,2025-11-18T17:54:00+00:00,1336,3237
summary,2025-11-21,QQQ,,,,,,,0.00,,0,,,,,,,,,,0.6441,2025-11-18T17:57:00+00:00,1434,3263
trade,2025-11-21,AAPL,Long,2025-11-21T15:06:00+00:00,2025-11-21T15:56:00+00:00,269.2758,271.2986,1.11,2.26,0.007512,3000000,SessionClose,0.4319,0.3231,0.5300,0.4381,0.3868,0.5800,0.2025,0.4785,,,
summary,2025-11-21,AAPL,,,,,,,2.26,,1,,,,,,,,,,0.6569,2025-11-19T14:59:00+00:00,1213,2569
summary,2025-11-21,NVDA,,,,,,,0.00,,0,,,,,,,,,,0.8392,2025-11-19T21:44:00+00:00,1564,3271
summary,2025-11-21,MSFT,,,,,,,0.00,,0,,,,,,,,,,0.8698,2025-11-18T14:33:00+00:00,628,2907
trade,2025-11-24,SPY,Long,2025-11-24T15:37:00+00:00,2025-11-24T15:56:00+00:00,666.2948,666.0701,0.45,-0.10,-0.000337,1140000,SessionClose,0.4485,0.2210,0.4998,0.3965,0.5356,-0.5756,0.1964,0.5356,,,
summary,2025-11-24,SPY,,,,,,,-0.10,,1,,,,,,,,,,0.7579,2025-11-21T16:59:00+00:00,1066,1307
trade,2025-11-24,QQQ,Long,2025-11-24T15:01:00+00:00,2025-11-24T15:56:00+00:00,599.8549,600.9247,0.50,0.53,0.001783,3300000,SessionClose,0.5201,0.1670,0.5644,0.4782,0.5889,-0.5868,0.0817,0.5889,,,
summary,2025-11-24,QQQ,,,,,,,0.53,,1,,,,,,,,,,0.7858,2025-11-21T16:59:00+00:00,1112,1330
trade,2025-11-24,AAPL,Long,2025-11-24T14:31:00+00:00,2025-11-24T15:56:00+00:00,273.2970,273.6429,1.10,0.38,0.001266,5100000,SessionClose,0.5259,0.2208,0.5264,0.4875,0.6024,-0.2689,0.1048,0.6160,,,
summary,2025-11-24,AAPL,,,,,,,0.38,,1,,,,,,,,,,1.0000,2025-11-21T14:40:00+00:00,974,1053
summary,2025-11-24,NVDA,,,,,,,0.00,,0,,,,,,,,,,0.9043,2025-11-21T14:54:00+00:00,1049,1351
trade,2025-11-24,MSFT,Long,2025-11-24T15:44:00+00:00,2025-11-24T15:56:00+00:00,475.0675,473.9228,0.63,-0.72,-0.002410,720000,SessionClose,0.4827,0.1751,0.5805,0.4877,0.4400,-0.5895,0.2314,0.3173,,,
summary,2025-11-24,MSFT,,,,,,,-0.72,,1,,,,,,,,,,0.6540,2025-11-21T17:09:00+00:00,583,1143
trade,2025-11-25,SPY,Long,2025-11-25T15:41:00+00:00,2025-11-25T15:56:00+00:00,669.7359,668.8443,0.45,-0.40,-0.001331,900000,SessionClose,0.3780,0.1703,0.4464,0.3946,0.3220,-0.5530,0.2299,0.2924,,,
summary,2025-11-25,SPY,,,,,,,-0.40,,1,,,,,,,,,,0.5915,2025-11-24T16:09:00+00:00,1173,1619
summary,2025-11-25,QQQ,,,,,,,0.00,,0,,,,,,,,,,0.6479,2025-11-24T15:03:00+00:00,1232,1679
summary,2025-11-25,AAPL,,,,,,,0.00,,0,,,,,,,,,,0.7313,2025-11-25T14:35:00+00:00,934,1310
summary,2025-11-25,NVDA,,,,,,,0.00,,0,,,,,,,,,,0.7484,2025-11-24T16:20:00+00:00,664,1681
summary,2025-11-25,MSFT,,,,,,,0.00,,0,,,,,,,,,,0.6529,2025-11-24T15:42:00+00:00,693,1428
summary,2025-11-26,SPY,,,,,,,0.00,,0,,,,,,,,,,0.5915,2025-11-24T16:09:00+00:00,1896,2539
summary,2025-11-26,QQQ,,,,,,,0.00,,0,,,,,,,,,,0.6479,2025-11-24T15:03:00+00:00,1958,2617
summary,2025-11-26,AAPL,,,,,,,0.00,,0,,,,,,,,,,0.7313,2025-11-25T14:35:00+00:00,1315,1945
summary,2025-11-26,NVDA,,,,,,,0.00,,0,,,,,,,,,,0.7484,2025-11-24T16:20:00+00:00,1262,2641
summary,2025-11-26,MSFT,,,,,,,0.00,,0,,,,,,,,,,0.6529,2025-11-24T15:42:00+00:00,1305,2205
summary,2025-11-27,SPY,,,,,,,0.00,,0,,,,,,,,,,0.8974,2025-11-24T16:04:00+00:00,1946,2437
summary,2025-11-27,QQQ,,,,,,,0.00,,0,,,,,,,,,,0.9579,2025-11-24T16:04:00+00:00,1999,2486
summary,2025-11-27,AAPL,,,,,,,0.00,,0,,,,,,,,,,1.0000,2025-11-24T14:32:00+00:00,1248,1871
summary,2025-11-27,NVDA,,,,,,,0.00,,0,,,,,,,,,,1.0000,2025-11-24T14:35:00+00:00,1486,2549
summary,2025-11-27,MSFT,,,,,,,0.00,,0,,,,,,,,,,0.9250,2025-11-24T15:45:00+00:00,1379,2136
summary,2025-11-28,SPY,,,,,,,0.00,,0,,,,,,,,,,0.6793,2025-11-25T15:44:00+00:00,1893,2189
summary,2025-11-28,QQQ,,,,,,,0.00,,0,,,,,,,,,,0.6624,2025-11-25T17:04:00+00:00,1926,2220
summary,2025-11-28,AAPL,,,,,,,0.00,,0,,,,,,,,,,1.0000,2025-11-25T14:33:00+00:00,658,1541
summary,2025-11-28,NVDA,,,,,,,0.00,,0,,,,,,,,,,0.7788,2025-11-26T13:46:00+00:00,1748,2293
trade,2025-11-28,MSFT,Long,2025-11-28T14:47:00+00:00,2025-11-28T15:56:00+00:00,489.8019,491.4975,0.61,1.04,0.003462,4140000,SessionClose,0.4409,0.2836,0.5308,0.4086,0.4757,0.4995,0.1527,0.4733,,,
summary,2025-11-28,MSFT,,,,,,,1.04,,1,,,,,,,,,,0.9490,2025-11-25T16:04:00+00:00,1554,1791
summary,2025-12-01,SPY,,,,,,,0.00,,0,,,,,,,,,,0.7455,2025-11-28T15:50:00+00:00,545,1126
summary,2025-12-01,QQQ,,,,,,,0.00,,0,,,,,,,,,,0.7080,2025-11-28T15:53:00+00:00,625,1147
summary,2025-12-01,AAPL,,,,,,,0.00,,0,,,,,,,,,,0.6430,2025-11-28T17:58:00+00:00,589,872
trade,2025-12-01,NVDA,Long,2025-12-01T14:46:00+00:00,2025-12-01T15:56:00+00:00,177.9684,179.4112,1.69,2.43,0.008107,4200000,SessionClose,0.6159,0.2228,0.6277,0.5787,0.6863,-0.1846,0.0083,0.7876,,,
summary,2025-12-01,NVDA,,,,,,,2.43,,1,,,,,,,,,,0.6878,2025-12-01T15:08:00+00:00,411,1170
summary,2025-12-01,MSFT,,,,,,,0.00,,0,,,,,,,,,,0.8917,2025-11-28T14:54:00+00:00,269,896
summary,2025-12-02,SPY,,,,,,,0.00,,0,,,,,,,,,,0.4399,2025-12-01T14:54:00+00:00,910,1612
trade,2025-12-02,QQQ,Long,2025-12-02T14:42:00+00:00,2025-12-02T15:56:00+00:00,622.0716,623.2080,0.48,0.55,0.001827,4440000,SessionClose,0.4185,0.2866,0.4985,0.3771,0.4748,0.4245,0.1543,0.5053,,,
summary,2025-12-02,QQQ,,,,,,,0.55,,1,,,,,,,,,,0.5583,2025-12-01T17:04:00+00:00,1150,1645
trade,2025-12-02,AAPL,Long,2025-12-02T14:31:00+00:00,2025-12-02T15:56:00+00:00,283.4300,286.1091,1.06,2.84,0.009453,5100000,SessionClose,0.3962,0.5348,0.4033,0.3624,0.4613,0.4266,0.4609,0.7185,,,
summary,2025-12-02,AAPL,,,,,,,2.84,,1,,,,,,,,,,0.7477,2025-12-01T10:13:00+00:00,1094,1303
trade,2025-12-02,NVDA,Long,2025-12-02T14:37:00+00:00,2025-12-02T15:53:00+00:00,184.9905,184.3597,1.62,-1.02,-0.003410,4560000,MaxHoldTimeout,0.6959,0.2580,0.6494,0.6534,0.7964,0.4714,-0.0205,0.7438,,,
summary,2025-12-02,NVDA,,,,,,,-1.02,,1,,,,,,,,,,0.7511,2025-12-01T15:08:00+00:00,1363,1673
trade,2025-12-02,MSFT,Long,2025-12-02T14:57:00+00:00,2025-12-02T15:56:00+00:00,488.9016,491.4675,0.61,1.58,0.005248,3540000,SessionClose,0.3725,0.3020,0.4788,0.3726,0.3368,0.3300,0.1855,0.5256,,,
summary,2025-12-02,MSFT,,,,,,,1.58,,1,,,,,,,,,,0.5759,2025-12-01T16:42:00+00:00,754,1298
summary,2025-12-03,SPY,,,,,,,0.00,,0,,,,,,,,,,0.4399,2025-12-01T14:54:00+00:00,1510,2508
summary,2025-12-03,QQQ,,,,,,,0.00,,0,,,,,,,,,,0.5583,2025-12-01T17:04:00+00:00,1821,2575
trade,2025-12-03,AAPL,Long,2025-12-03T14:39:00+00:00,2025-12-03T15:37:00+00:00,288.3265,286.8919,1.04,-1.49,-0.004975,3480000,ScoreExit,0.5109,-0.0663,0.5838,0.4838,0.5409,-0.4432,-0.2507,0.4283,,,
summary,2025-12-03,AAPL,,,,,,,-1.49,,1,,,,,,,,,,0.7477,2025-12-01T10:13:00+00:00,1576,1993
summary,2025-12-03,NVDA,,,,,,,0.00,,0,,,,,,,,,,0.7511,2025-12-01T15:08:00+00:00,1978,2620
summary,2025-12-03,MSFT,,,,,,,0.00,,0,,,,,,,,,,0.5759,2025-12-01T16:42:00+00:00,903,1965
summary,2025-12-04,SPY,,,,,,,0.00,,0,,,,,,,,,,0.7702,2025-12-01T15:54:00+00:00,1823,3089
summary,2025-12-04,QQQ,,,,,,,0.00,,0,,,,,,,,,,0.8707,2025-12-01T15:58:00+00:00,2294,3160
summary,2025-12-04,AAPL,,,,,,,0.00,,0,,,,,,,,,,0.6753,2025-12-01T16:04:00+00:00,1610,2468
summary,2025-12-04,NVDA,,,,,,,0.00,,0,,,,,,,,,,1.0000,2025-12-01T14:33:00+00:00,2287,3240
summary,2025-12-04,MSFT,,,,,,,0.00,,0,,,,,,,,,,0.8857,2025-12-01T16:04:00+00:00,820,2559
summary,2025-12-05,SPY,,,,,,,0.00,,0,,,,,,,,,,0.6717,2025-12-02T16:03:00+00:00,1785,3057
summary,2025-12-05,QQQ,,,,,,,0.00,,0,,,,,,,,,,0.7179,2025-12-02T15:50:00+00:00,2011,3144
summary,2025-12-05,AAPL,,,,,,,0.00,,0,,,,,,,,,,0.9581,2025-12-02T16:00:00+00:00,626,2401
summary,2025-12-05,NVDA,,,,,,,0.00,,0,,,,,,,,,,1.0000,2025-12-02T14:31:00+00:00,1304,3231
summary,2025-12-05,MSFT,,,,,,,0.00,,0,,,,,,,,,,0.9575,2025-12-02T15:41:00+00:00,721,2588
summary,2025-12-08,SPY,,,,,,,0.00,,0,,,,,,,,,,0.4746,2025-12-05T15:12:00+00:00,296,1264
summary,2025-12-08,QQQ,,,,,,,0.00,,0,,,,,,,,,,0.6797,2025-12-05T15:17:00+00:00,403,1287
summary,2025-12-08,AAPL,,,,,,,0.00,,0,,,,,,,,,,0.6300,2025-12-05T15:21:00+00:00,141,1071
trade,2025-12-08,NVDA,Long,2025-12-08T14:31:00+00:00,2025-12-08T15:20:00+00:00,184.2002,182.8766,1.63,-2.16,-0.007186,2940000,ScoreExit,0.5154,-0.0700,0.5776,0.4983,0.5288,-0.4129,-0.2103,0.3249,,,
summary,2025-12-08,NVDA,,,,,,,-2.16,,1,,,,,,,,,,0.8390,2025-12-05T15:12:00+00:00,757,1344
summary,2025-12-08,MSFT,,,,,,,0.00,,0,,,,,,,,,,0.6438,2025-12-08T14:40:00+00:00,685,1084
summary,2025-12-09,SPY,,,,,,,0.00,,0,,,,,,,,,,0.5390,2025-12-08T10:34:00+00:00,727,1602
summary,2025-12-09,QQQ,,,,,,,0.00,,0,,,,,,,,,,0.6726,2025-12-08T10:34:00+00:00,794,1638
trade,2025-12-09,AAPL,Long,2025-12-09T14:36:00+00:00,2025-12-09T15:01:00+00:00,278.8786,278.0316,1.08,-0.91,-0.003037,1500000,ScoreExit,0.3977,-0.1202,0.4157,0.3941,0.3990,-0.5705,-0.2197,0.2288,,,
summary,2025-12-09,AAPL,,,,,,,-0.91,,1,,,,,,,,,,0.5075,2025-12-08T14:31:00+00:00,536,1255
summary,2025-12-09,NVDA,,,,,,,0.00,,0,,,,,,,,,,0.8176,2025-12-08T10:29:00+00:00,881,1674
summary,2025-12-09,MSFT,,,,,,,0.00,,0,,,,,,,,,,0.7730,2025-12-08T14:40:00+00:00,829,1255
summary,2025-12-10,SPY,,,,,,,0.00,,0,,,,,,,,,,0.5390,2025-12-08T10:34:00+00:00,1227,2487
summary,2025-12-10,QQQ,,,,,,,0.00,,0,,,,,,,,,,0.6726,2025-12-08T10:34:00+00:00,1217,2547
summary,2025-12-10,AAPL,,,,,,,0.00,,0,,,,,,,,,,0.5075,2025-12-08T14:31:00+00:00,812,1899
summary,2025-12-10,NVDA,,,,,,,0.00,,0,,,,,,,,,,0.8176,2025-12-08T10:29:00+00:00,1010,2619
summary,2025-12-10,MSFT,,,,,,,0.00,,0,,,,,,,,,,0.7730,2025-12-08T14:40:00+00:00,911,1964
summary,2025-12-11,SPY,,,,,,,0.00,,0,,,,,,,,,,0.4193,2025-12-10T20:04:00+00:00,1590,3126
summary,2025-12-11,QQQ,,,,,,,0.00,,0,,,,,,,,,,0.4361,2025-12-10T20:14:00+00:00,1370,3189
summary,2025-12-11,AAPL,,,,,,,0.00,,0,,,,,,,,,,0.5923,2025-12-08T14:31:00+00:00,1111,2429
summary,2025-12-11,NVDA,,,,,,,0.00,,0,,,,,,,,,,1.0000,2025-12-08T14:32:00+00:00,1042,3253
summary,2025-12-11,MSFT,,,,,,,0.00,,0,,,,,,,,,,0.8976,2025-12-08T15:04:00+00:00,930,2634
summary,2025-12-12,SPY,,,,,,,0.00,,0,,,,,,,,,,0.5553,2025-12-09T15:44:00+00:00,1248,3153
summary,2025-12-12,QQQ,,,,,,,0.00,,0,,,,,,,,,,0.8063,2025-12-09T16:02:00+00:00,1174,3197
summary,2025-12-12,AAPL,,,,,,,0.00,,0,,,,,,,,,,0.8008,2025-12-09T14:39:00+00:00,1147,2408
summary,2025-12-12,NVDA,,,,,,,0.00,,0,,,,,,,,,,0.8538,2025-12-09T16:02:00+00:00,776,3248
summary,2025-12-12,MSFT,,,,,,,0.00,,0,,,,,,,,,,0.7567,2025-12-09T15:02:00+00:00,816,2708
summary,2025-12-15,SPY,,,,,,,0.00,,0,,,,,,,,,,0.4039,2025-12-15T09:14:00+00:00,459,1310
summary,2025-12-15,QQQ,,,,,,,0.00,,0,,,,,,,,,,0.4834,2025-12-12T14:37:00+00:00,327,1310
summary,2025-12-15,AAPL,,,,,,,0.00,,0,,,,,,,,,,0.8382,2025-12-12T14:34:00+00:00,280,1035
summary,2025-12-15,NVDA,,,,,,,0.00,,0,,,,,,,,,,0.7557,2025-12-12T14:39:00+00:00,432,1350
summary,2025-12-15,MSFT,,,,,,,0.00,,0,,,,,,,,,,0.7379,2025-12-12T14:31:00+00:00,236,1093
summary,2025-12-16,SPY,,,,,,,0.00,,0,,,,,,,,,,0.7130,2025-12-15T10:15:00+00:00,526,1607
summary,2025-12-16,QQQ,,,,,,,0.00,,0,,,,,,,,,,0.7130,2025-12-15T10:17:00+00:00,522,1670
summary,2025-12-16,AAPL,,,,,,,0.00,,0,,,,,,,,,,0.7399,2025-12-15T10:32:00+00:00,368,1212
summary,2025-12-16,NVDA,,,,,,,0.00,,0,,,,,,,,,,0.6304,2025-12-15T09:26:00+00:00,830,1671
summary,2025-12-16,MSFT,,,,,,,0.00,,0,,,,,,,,,,0.7250,2025-12-15T10:26:00+00:00,463,1277
summary,2025-12-17,SPY,,,,,,,0.00,,0,,,,,,,,,,0.7130,2025-12-15T10:15:00+00:00,832,2526
summary,2025-12-17,QQQ,,,,,,,0.00,,0,,,,,,,,,,0.7130,2025-12-15T10:17:00+00:00,877,2618
summary,2025-12-17,AAPL,,,,,,,0.00,,0,,,,,,,,,,0.7399,2025-12-15T10:32:00+00:00,576,1898
summary,2025-12-17,NVDA,,,,,,,0.00,,0,,,,,,,,,,0.6304,2025-12-15T09:26:00+00:00,1164,2619
summary,2025-12-17,MSFT,,,,,,,0.00,,0,,,,,,,,,,0.7250,2025-12-15T10:26:00+00:00,901,2018
trade,2025-12-18,SPY,Long,2025-12-18T15:41:00+00:00,2025-12-18T15:56:00+00:00,680.3390,679.6810,0.44,-0.29,-0.000967,900000,SessionClose,0.3919,0.2337,0.3895,0.4230,0.3305,-0.3621,0.2903,0.3193,,,
summary,2025-12-18,SPY,,,,,,,-0.29,,1,,,,,,,,,,0.4103,2025-12-18T15:42:00+00:00,790,3148
trade,2025-12-18,QQQ,Long,2025-12-18T15:36:00+00:00,2025-12-18T15:56:00+00:00,611.8885,611.8014,0.49,-0.04,-0.000142,1200000,SessionClose,0.4486,0.2676,0.5250,0.4569,0.4064,-0.1056,0.2599,0.4074,,,
summary,2025-12-18,QQQ,,,,,,,-0.04,,1,,,,,,,,,,0.4746,2025-12-17T09:24:00+00:00,965,3248
summary,2025-12-18,AAPL,,,,,,,0.00,,0,,,,,,,,,,0.3912,2025-12-18T15:38:00+00:00,720,2432
trade,2025-12-18,NVDA,Long,2025-12-18T15:42:00+00:00,2025-12-18T15:56:00+00:00,176.0116,175.7573,1.71,-0.43,-0.001445,840000,SessionClose,0.3922,0.3282,0.4812,0.3702,0.4066,0.3073,0.2925,0.4066,,,
summary,2025-12-18,NVDA,,,,,,,-0.43,,1,,,,,,,,,,0.8816,2025-12-15T15:07:00+00:00,1144,3246
trade,2025-12-18,MSFT,Long,2025-12-18T14:52:00+00:00,2025-12-18T15:56:00+00:00,481.8995,487.2188,0.62,3.31,0.011038,3840000,SessionClose,0.4487,0.4530,0.4702,0.4947,0.3497,0.4832,0.4393,0.4704,,,
summary,2025-12-18,MSFT,,,,,,,3.31,,1,,,,,,,,,,0.5693,2025-12-18T15:06:00+00:00,1320,2569
summary,2025-12-19,SPY,,,,,,,0.00,,0,,,,,,,,,,0.4816,2025-12-16T20:37:00+00:00,1372,3182
trade,2025-12-19,QQQ,Long,2025-12-19T14:31:00+00:00,2025-12-19T15:46:00+00:00,612.8488,615.1304,0.49,1.12,0.003723,4500000,ScoreExit,0.4337,-0.1238,0.5077,0.4564,0.3636,-0.4837,-0.2772,0.3029,,,
summary,2025-12-19,QQQ,,,,,,,1.12,,1,,,,,,,,,,0.6360,2025-12-16T14:59:00+00:00,1727,3246
summary,2025-12-19,AAPL,,,,,,,0.00,,0,,,,,,,,,,0.6453,2025-12-16T14:50:00+00:00,950,2403
trade,2025-12-19,NVDA,Long,2025-12-19T14:31:00+00:00,2025-12-19T15:56:00+00:00,176.9381,178.8913,1.70,3.31,0.011039,5100000,SessionClose,0.5672,0.0931,0.5165,0.5575,0.6035,0.3490,-0.1686,0.5314,,,
summary,2025-12-19,NVDA,,,,,,,3.31,,1,,,,,,,,,,0.9027,2025-12-16T14:50:00+00:00,1758,3246
summary,2025-12-19,MSFT,,,,,,,0.00,,0,,,,,,,,,,0.7591,2025-12-16T14:58:00+00:00,1694,2565
summary,2025-12-22,SPY,,,,,,,0.00,,0,,,,,,,,,,0.5151,2025-12-19T14:44:00+00:00,1069,1294
summary,2025-12-22,QQQ,,,,,,,0.00,,0,,,,,,,,,,0.7529,2025-12-19T14:44:00+00:00,1054,1302
summary,2025-12-22,AAPL,,,,,,,0.00,,0,,,,,,,,,,0.6434,2025-12-19T20:59:00+00:00,220,1093
summary,2025-12-22,NVDA,,,,,,,0.00,,0,,,,,,,,,,1.0000,2025-12-19T14:32:00+00:00,1268,1351
summary,2025-12-22,MSFT,,,,,,,0.00,,0,,,,,,,,,,0.5899,2025-12-19T14:53:00+00:00,429,1096
summary,2025-12-23,SPY,,,,,,,0.00,,0,,,,,,,,,,0.5132,2025-12-22T10:12:00+00:00,1066,1529
summary,2025-12-23,QQQ,,,,,,,0.00,,0,,,,,,,,,,0.5090,2025-12-22T10:12:00+00:00,946,1602
summary,2025-12-23,AAPL,,,,,,,0.00,,0,,,,,,,,,,0.3569,2025-12-22T10:43:00+00:00,396,1227
trade,2025-12-23,NVDA,Long,2025-12-23T14:32:00+00:00,2025-12-23T15:56:00+00:00,184.1052,185.9692,1.63,3.04,0.010125,5040000,SessionClose,0.4781,0.5328,0.5287,0.4910,0.4354,0.4696,0.4452,0.7291,,,
summary,2025-12-23,NVDA,,,,,,,3.04,,1,,,,,,,,,,0.7519,2025-12-22T10:13:00+00:00,1065,1653
summary,2025-12-23,MSFT,,,,,,,0.00,,0,,,,,,,,,,0.7281,2025-12-22T10:33:00+00:00,758,1191
summary,2025-12-24,SPY,,,,,,,0.00,,0,,,,,,,,,,0.5132,2025-12-22T10:12:00+00:00,1617,2371
summary,2025-12-24,QQQ,,,,,,,0.00,,0,,,,,,,,,,0.5090,2025-12-22T10:12:00+00:00,1510,2410
trade,2025-12-24,AAPL,Long,2025-12-24T14:38:00+00:00,2025-12-24T15:56:00+00:00,274.2522,274.2427,1.09,-0.01,-0.000035,4680000,SessionClose,0.4297,0.2739,0.4381,0.4745,0.3374,0.0281,0.2794,0.3449,,,
summary,2025-12-24,AAPL,,,,,,,-0.01,,1,,,,,,,,,,0.4457,2025-12-24T14:35:00+00:00,754,1711
summary,2025-12-24,NVDA,,,,,,,0.00,,0,,,,,,,,,,0.7519,2025-12-22T10:13:00+00:00,1716,2586
summary,2025-12-24,MSFT,,,,,,,0.00,,0,,,,,,,,,,0.7281,2025-12-22T10:33:00+00:00,1046,1664
summary,2025-12-25,SPY,,,,,,,0.00,,0,,,,,,,,,,0.3840,2025-12-22T16:59:00+00:00,1397,2120
summary,2025-12-25,QQQ,,,,,,,0.00,,0,,,,,,,,,,0.3507,2025-12-23T14:44:00+00:00,1229,2128
summary,2025-12-25,AAPL,,,,,,,0.00,,0,,,,,,,,,,0.4529,2025-12-24T14:35:00+00:00,682,1558
summary,2025-12-25,NVDA,,,,,,,0.00,,0,,,,,,,,,,0.6680,2025-12-22T14:59:00+00:00,1401,2313
summary,2025-12-25,MSFT,,,,,,,0.00,,0,,,,,,,,,,0.6704,2025-12-22T14:31:00+00:00,899,1492
summary,2025-12-26,SPY,,,,,,,0.00,,0,,,,,,,,,,0.7488,2025-12-23T16:01:00+00:00,1366,1943
summary,2025-12-26,QQQ,,,,,,,0.00,,0,,,,,,,,,,0.7579,2025-12-23T16:02:00+00:00,1409,1903
summary,2025-12-26,AAPL,,,,,,,0.00,,0,,,,,,,,,,0.8213,2025-12-23T16:04:00+00:00,956,1355
trade,2025-12-26,NVDA,Long,2025-12-26T14:38:00+00:00,2025-12-26T15:11:00+00:00,191.5624,190.5978,1.57,-1.51,-0.005036,1980000,ScoreExit,0.4168,-0.0731,0.3652,0.4221,0.4235,-0.5655,-0.2592,0.4632,,,
summary,2025-12-26,NVDA,,,,,,,-1.51,,1,,,,,,,,,,0.9558,2025-12-23T15:56:00+00:00,1707,2078
summary,2025-12-26,MSFT,,,,,,,0.00,,0,,,,,,,,,,0.5520,2025-12-23T15:44:00+00:00,795,1375
summary,2025-12-29,SPY,,,,,,,0.00,,0,,,,,,,,,,0.3608,2025-12-26T14:41:00+00:00,148,1225
summary,2025-12-29,QQQ,,,,,,,0.00,,0,,,,,,,,,,0.5274,2025-12-26T16:03:00+00:00,154,1229
summary,2025-12-29,AAPL,,,,,,,0.00,,0,,,,,,,,,,0.5471,2025-12-26T14:36:00+00:00,308,1004
summary,2025-12-29,NVDA,,,,,,,0.00,,0,,,,,,,,,,1.0000,2025-12-26T14:35:00+00:00,315,1341
summary,2025-12-29,MSFT,,,,,,,0.00,,0,,,,,,,,,,0.3909,2025-12-29T14:49:00+00:00,434,1026
summary,2025-12-30,SPY,,,,,,,0.00,,0,,,,,,,,,,0.4287,2025-12-29T10:16:00+00:00,673,1529
summary,2025-12-30,QQQ,,,,,,,0.00,,0,,,,,,,,,,0.4907,2025-12-29T14:36:00+00:00,654,1571
summary,2025-12-30,AAPL,,,,,,,0.00,,0,,,,,,,,,,0.5395,2025-12-29T14:37:00+00:00,489,1086
summary,2025-12-30,NVDA,,,,,,,0.00,,0,,,,,,,,,,0.5099,2025-12-29T14:38:00+00:00,924,1631
trade,2025-12-30,MSFT,Long,2025-12-30T14:49:00+00:00,2025-12-30T15:32:00+00:00,487.8763,487.0388,0.62,-0.52,-0.001717,2580000,ScoreExit,0.4178,-0.0669,0.4498,0.4546,0.3336,-0.5280,-0.1700,0.2929,,,
summary,2025-12-30,MSFT,,,,,,,-0.52,,1,,,,,,,,,,0.5462,2025-12-29T10:15:00+00:00,612,1195
summary,2025-12-31,SPY,,,,,,,0.00,,0,,,,,,,,,,0.4287,2025-12-29T10:16:00+00:00,779,2388
summary,2025-12-31,QQQ,,,,,,,0.00,,0,,,,,,,,,,0.4907,2025-12-29T14:36:00+00:00,723,2420
summary,2025-12-31,AAPL,,,,,,,0.00,,0,,,,,,,,,,0.5395,2025-12-29T14:37:00+00:00,598,1636
summary,2025-12-31,NVDA,,,,,,,0.00,,0,,,,,,,,,,0.5099,2025-12-29T14:38:00+00:00,1328,2543
summary,2025-12-31,MSFT,,,,,,,0.00,,0,,,,,,,,,,0.5462,2025-12-29T10:15:00+00:00,890,1826
