row_type,date,ticker,direction,entry_time,exit_time,entry_price,exit_price,size,pnl,pnl_pct,hold_duration_ms,exit_reason,entry_composite,exit_composite,entry_1m,entry_5m,entry_1h,exit_1m,exit_5m,exit_1h,max_composite,max_composite_time,positive_ticks,total_ticks
summary,2024-01-01,SPY,,,,,,,0.00,,0,,,,,,,,,,0.2999,2023-12-29T14:38:00+00:00,143,524
summary,2024-01-01,QQQ,,,,,,,0.00,,0,,,,,,,,,,0.3505,2023-12-29T18:49:00+00:00,119,518
summary,2024-01-01,AAPL,,,,,,,0.00,,0,,,,,,,,,,0.2855,2023-12-29T20:28:00+00:00,33,543
summary,2024-01-01,NVDA,,,,,,,0.00,,0,,,,,,,,,,0.7408,2023-12-29T18:49:00+00:00,147,555
summary,2024-01-01,MSFT,,,,,,,0.00,,0,,,,,,,,,,0.4099,2023-12-29T14:51:00+00:00,189,464
summary,2024-01-02,SPY,,,,,,,0.00,,0,,,,,,,,,,0.4014,2024-01-02T16:49:00+00:00,157,655
summary,2024-01-02,QQQ,,,,,,,0.00,,0,,,,,,,,,,0.3739,2024-01-02T21:00:00+00:00,74,658
summary,2024-01-02,AAPL,,,,,,,0.00,,0,,,,,,,,,,0.6821,2024-01-02T10:21:00+00:00,121,636
summary,2024-01-02,NVDA,,,,,,,0.00,,0,,,,,,,,,,0.6766,2024-01-02T16:46:00+00:00,270,618
summary,2024-01-02,MSFT,,,,,,,0.00,,0,,,,,,,,,,0.7394,2024-01-02T13:02:00+00:00,168,527
summary,2024-01-03,SPY,,,,,,,0.00,,0,,,,,,,,,,0.4014,2024-01-02T16:49:00+00:00,377,1444
summary,2024-01-03,QQQ,,,,,,,0.00,,0,,,,,,,,,,0.3913,2024-01-02T21:03:00+00:00,180,1490
summary,2024-01-03,AAPL,,,,,,,0.00,,0,,,,,,,,,,0.6821,2024-01-02T10:21:00+00:00,217,1436
summary,2024-01-03,NVDA,,,,,,,0.00,,0,,,,,,,,,,0.6766,2024-01-02T16:46:00+00:00,402,1377
trade,2024-01-03,MSFT,Long,2024-01-03T15:06:00+00:00,2024-01-03T15:56:00+00:00,372.6117,371.7684,0.81,-0.68,-0.002263,3000000,SessionClose,0.3064,0.2214,-0.0290,0.2626,0.5058,0.4152,0.0630,0.4737,,,
summary,2024-01-03,MSFT,,,,,,,-0.68,,1,,,,,,,,,,0.7394,2024-01-02T13:02:00+00:00,505,1134
summary,2024-01-04,SPY,,,,,,,0.00,,0,,,,,,,,,,0.4014,2024-01-02T16:49:00+00:00,401,2253
summary,2024-01-04,QQQ,,,,,,,0.00,,0,,,,,,,,,,0.3913,2024-01-02T21:03:00+00:00,180,2288
summary,2024-01-04,AAPL,,,,,,,0.00,,0,,,,,,,,,,0.6821,2024-01-02T10:21:00+00:00,217,2203
summary,2024-01-04,NVDA,,,,,,,0.00,,0,,,,,,,,,,0.6766,2024-01-02T16:46:00+00:00,684,2068
summary,2024-01-04,MSFT,,,,,,,0.00,,0,,,,,,,,,,0.7394,2024-01-02T13:02:00+00:00,675,1690
summary,2024-01-05,SPY,,,,,,,0.00,,0,,,,,,,,,,0.4381,2024-01-02T17:00:00+00:00,541,2805
summary,2024-01-05,QQQ,,,,,,,0.00,,0,,,,,,,,,,0.3732,2024-01-02T21:03:00+00:00,237,2844
summary,2024-01-05,AAPL,,,,,,,0.00,,0,,,,,,,,,,0.7542,2024-01-02T14:32:00+00:00,102,2729
trade,2024-01-05,NVDA,Long,2024-01-05T15:01:00+00:00,2024-01-05T15:56:00+00:00,486.2308,491.9871,0.60,3.47,0.011838,3300000,SessionClose,0.4004,0.5026,0.1294,0.3515,0.5885,0.5430,0.4530,0.5885,,,
summary,2024-01-05,NVDA,,,,,,,3.47,,1,,,,,,,,,,0.6393,2024-01-03T14:48:00+00:00,1266,2556
summary,2024-01-05,MSFT,,,,,,,0.00,,0,,,,,,,,,,0.6079,2024-01-03T14:48:00+00:00,769,2145
trade,2024-01-08,SPY,Long,2024-01-08T15:54:00+00:00,2024-01-08T15:56:00+00:00,470.6962,470.2939,0.64,-0.26,-0.000855,120000,SessionClose,0.1365,0.0896,-0.0261,0.0236,0.4163,-0.2738,-0.0057,0.4013,,,
summary,2024-01-08,SPY,,,,,,,-0.26,,1,,,,,,,,,,0.7281,2024-01-05T15:52:00+00:00,612,1149
trade,2024-01-08,QQQ,Long,2024-01-08T14:49:00+00:00,2024-01-08T15:56:00+00:00,399.8149,401.5545,0.75,1.31,0.004351,4020000,SessionClose,0.4035,0.1759,0.2199,0.3589,0.5538,0.3380,-0.0213,0.5163,,,
summary,2024-01-08,QQQ,,,,,,,1.31,,1,,,,,,,,,,0.8122,2024-01-05T15:55:00+00:00,596,1185
summary,2024-01-08,AAPL,,,,,,,0.00,,0,,,,,,,,,,0.7314,2024-01-05T15:59:00+00:00,595,1170
trade,2024-01-08,NVDA,Long,2024-01-08T14:34:00+00:00,2024-01-08T15:56:00+00:00,499.8349,514.2707,0.60,8.67,0.028881,4920000,SessionClose,0.6193,0.2644,0.6750,0.4218,0.9958,0.2137,-0.0282,0.8663,,,
summary,2024-01-08,NVDA,,,,,,,8.67,,1,,,,,,,,,,0.9580,2024-01-05T16:02:00+00:00,915,1162
trade,2024-01-08,MSFT,Long,2024-01-08T15:08:00+00:00,2024-01-08T15:44:00+00:00,370.8162,369.9140,0.81,-0.73,-0.002433,2160000,ScoreExit,0.2513,-0.0989,0.1736,0.1815,0.4169,-0.5265,-0.2182,0.2823,,,
summary,2024-01-08,MSFT,,,,,,,-0.73,,1,,,,,,,,,,0.8739,2024-01-05T16:01:00+00:00,550,962
summary,2024-01-09,SPY,,,,,,,0.00,,0,,,,,,,,,,0.6394,2024-01-08T10:34:00+00:00,1076,1425
summary,2024-01-09,QQQ,,,,,,,0.00,,0,,,,,,,,,,0.6935,2024-01-08T10:33:00+00:00,1217,1545
summary,2024-01-09,AAPL,,,,,,,0.00,,0,,,,,,,,,,0.6888,2024-01-08T11:34:00+00:00,1042,1371
trade,2024-01-09,NVDA,Long,2024-01-09T15:05:00+00:00,2024-01-09T15:56:00+00:00,523.1219,522.6132,0.41,-0.21,-0.000972,3060000,SessionClose,0.1959,0.2508,0.1168,0.0448,0.5245,0.3656,0.0948,0.5245,,,
summary,2024-01-09,NVDA,,,,,,,-0.21,,1,,,,,,,,,,0.9495,2024-01-08T14:41:00+00:00,1257,1485
summary,2024-01-09,MSFT,,,,,,,0.00,,0,,,,,,,,,,0.8373,2024-01-08T11:52:00+00:00,862,1168
summary,2024-01-10,SPY,,,,,,,0.00,,0,,,,,,,,,,0.6394,2024-01-08T10:34:00+00:00,1597,2195
summary,2024-01-10,QQQ,,,,,,,0.00,,0,,,,,,,,,,0.6935,2024-01-08T10:33:00+00:00,1833,2388
summary,2024-01-10,AAPL,,,,,,,0.00,,0,,,,,,,,,,0.6888,2024-01-08T11:34:00+00:00,1457,2107
summary,2024-01-10,NVDA,,,,,,,0.00,,0,,,,,,,,,,0.9495,2024-01-08T14:41:00+00:00,1946,2352
trade,2024-01-10,MSFT,Long,2024-01-10T15:03:00+00:00,2024-01-10T15:56:00+00:00,379.7490,381.5305,0.79,1.41,0.004691,3180000,SessionClose,0.3076,0.1595,0.0463,0.2735,0.4628,-0.1733,0.0634,0.4628,,,
trade,2024-01-10,MSFT,Long,2024-01-10T15:58:00+00:00,2024-01-10T15:59:00+00:00,381.6495,381.4405,0.79,-0.16,-0.000547,60000,SessionClose,0.1378,0.1565,-0.3909,0.0634,0.4628,-0.2038,0.0634,0.4628,,,
summary,2024-01-10,MSFT,,,,,,,1.24,,2,,,,,,,,,,0.8373,2024-01-08T11:52:00+00:00,1374,1790
summary,2024-01-11,SPY,,,,,,,0.00,,0,,,,,,,,,,0.8019,2024-01-08T15:49:00+00:00,1999,2747
summary,2024-01-11,QQQ,,,,,,,0.00,,0,,,,,,,,,,0.9019,2024-01-08T15:49:00+00:00,2270,2969
summary,2024-01-11,AAPL,,,,,,,0.00,,0,,,,,,,,,,0.9828,2024-01-08T14:41:00+00:00,1805,2640
summary,2024-01-11,NVDA,,,,,,,0.00,,0,,,,,,,,,,1.0000,2024-01-08T14:37:00+00:00,2423,2999
trade,2024-01-11,MSFT,Long,2024-01-11T14:46:00+00:00,2024-01-11T15:05:00+00:00,387.1011,385.2794,0.78,-1.41,-0.004706,1140000,ScoreExit,0.1180,-0.0590,-0.6058,0.0911,0.4131,-0.5474,-0.1139,0.2138,,,
summary,2024-01-11,MSFT,,,,,,,-1.41,,1,,,,,,,,,,0.5958,2024-01-08T19:28:00+00:00,1801,2364
summary,2024-01-12,SPY,,,,,,,0.00,,0,,,,,,,,,,0.5700,2024-01-09T16:59:00+00:00,1844,2745
summary,2024-01-12,QQQ,,,,,,,0.00,,0,,,,,,,,,,0.7605,2024-01-09T16:03:00+00:00,2209,2941
summary,2024-01-12,AAPL,,,,,,,0.00,,0,,,,,,,,,,0.6773,2024-01-09T16:55:00+00:00,1769,2604
summary,2024-01-12,NVDA,,,,,,,0.00,,0,,,,,,,,,,0.8961,2024-01-09T15:23:00+00:00,2182,2938
summary,2024-01-12,MSFT,,,,,,,0.00,,0,,,,,,,,,,0.9582,2024-01-09T15:55:00+00:00,1866,2334
summary,2024-01-15,SPY,,,,,,,0.00,,0,,,,,,,,,,0.3764,2024-01-12T14:40:00+00:00,75,556
summary,2024-01-15,QQQ,,,,,,,0.00,,0,,,,,,,,,,0.4822,2024-01-12T14:45:00+00:00,115,501
summary,2024-01-15,AAPL,,,,,,,0.00,,0,,,,,,,,,,0.3980,2024-01-12T14:31:00+00:00,87,517
summary,2024-01-15,NVDA,,,,,,,0.00,,0,,,,,,,,,,0.8367,2024-01-12T14:33:00+00:00,243,552
summary,2024-01-15,MSFT,,,,,,,0.00,,0,,,,,,,,,,0.9170,2024-01-12T16:02:00+00:00,361,477
trade,2024-01-16,SPY,Long,2024-01-16T15:30:00+00:00,2024-01-16T15:56:00+00:00,476.0678,476.3570,0.63,0.18,0.000608,1560000,SessionClose,0.3112,0.3245,0.1053,0.2655,0.4715,0.4074,0.1857,0.5744,,,
trade,2024-01-16,SPY,Long,2024-01-16T15:58:00+00:00,2024-01-16T15:59:00+00:00,476.4679,476.1910,0.63,-0.17,-0.000581,60000,SessionClose,0.2232,0.2290,-0.3445,0.1857,0.4876,-0.2927,0.1857,0.4896,,,
summary,2024-01-16,SPY,,,,,,,0.01,,2,,,,,,,,,,0.4700,2024-01-16T15:24:00+00:00,220,621
trade,2024-01-16,QQQ,Long,2024-01-16T15:21:00+00:00,2024-01-16T15:56:00+00:00,409.8179,410.7817,0.73,0.71,0.002352,2100000,SessionClose,0.5554,0.4488,0.5404,0.4386,0.7938,0.0011,0.2477,1.0000,,,
trade,2024-01-16,QQQ,Long,2024-01-16T15:58:00+00:00,2024-01-16T15:59:00+00:00,410.9582,410.6518,0.73,-0.22,-0.000746,60000,SessionClose,0.4229,0.4118,-0.2573,0.2477,1.0000,-0.3350,0.2477,0.9888,,,
summary,2024-01-16,QQQ,,,,,,,0.48,,2,,,,,,,,,,0.6197,2024-01-16T15:24:00+00:00,328,656
trade,2024-01-16,AAPL,Long,2024-01-16T15:27:00+00:00,2024-01-16T15:56:00+00:00,182.5898,183.7099,1.64,1.84,0.006135,1740000,SessionClose,0.4908,0.6087,0.5258,0.3918,0.6771,0.4054,0.4470,1.0000,,,
trade,2024-01-16,AAPL,Long,2024-01-16T15:58:00+00:00,2024-01-16T15:59:00+00:00,183.8501,183.7104,1.63,-0.23,-0.000760,60000,SessionClose,0.6107,0.5935,0.4256,0.4470,1.0000,0.2527,0.4470,1.0000,,,
summary,2024-01-16,AAPL,,,,,,,1.61,,2,,,,,,,,,,0.6776,2024-01-16T15:48:00+00:00,230,626
trade,2024-01-16,NVDA,Long,2024-01-16T14:32:00+00:00,2024-01-16T15:56:00+00:00,552.6457,565.8352,0.49,6.45,0.023866,5040000,SessionClose,0.6228,0.5866,0.5588,0.4876,0.9146,0.3760,0.4151,1.0000,,,
trade,2024-01-16,NVDA,Long,2024-01-16T15:58:00+00:00,2024-01-16T15:59:00+00:00,566.0328,565.4207,0.43,-0.27,-0.001081,60000,SessionClose,0.5666,0.5453,0.1754,0.4151,1.0000,-0.0373,0.4151,1.0000,,,
summary,2024-01-16,NVDA,,,,,,,6.19,,2,,,,,,,,,,0.7864,2024-01-16T09:35:00+00:00,519,640
trade,2024-01-16,MSFT,Long,2024-01-16T16:00:00+00:00,2024-01-16T16:01:00+00:00,392.9829,391.0626,0.76,-1.47,-0.004886,60000,SessionClose,0.3344,0.0000,0.2624,0.2712,0.4848,-0.5401,-0.2660,-0.3305,,,
summary,2024-01-16,MSFT,,,,,,,-1.47,,1,,,,,,,,,,0.8159,2024-01-16T10:23:00+00:00,235,582
summary,2024-01-17,SPY,,,,,,,0.00,,0,,,,,,,,,,0.4700,2024-01-16T15:24:00+00:00,351,1393
summary,2024-01-17,QQQ,,,,,,,0.00,,0,,,,,,,,,,0.6197,2024-01-16T15:24:00+00:00,560,1506
summary,2024-01-17,AAPL,,,,,,,0.00,,0,,,,,,,,,,0.6776,2024-01-16T15:48:00+00:00,504,1350
summary,2024-01-17,NVDA,,,,,,,0.00,,0,,,,,,,,,,0.7864,2024-01-16T09:35:00+00:00,1149,1515
summary,2024-01-17,MSFT,,,,,,,0.00,,0,,,,,,,,,,0.8159,2024-01-16T10:23:00+00:00,552,1242
summary,2024-01-18,SPY,,,,,,,0.00,,0,,,,,,,,,,0.4700,2024-01-16T15:24:00+00:00,893,2192
summary,2024-01-18,QQQ,,,,,,,0.00,,0,,,,,,,,,,0.6197,2024-01-16T15:24:00+00:00,1234,2375
summary,2024-01-18,AAPL,,,,,,,0.00,,0,,,,,,,,,,0.6776,2024-01-16T15:48:00+00:00,1017,2112
trade,2024-01-18,NVDA,Long,2024-01-18T15:20:00+00:00,2024-01-18T15:56:00+00:00,572.7768,574.7825,0.48,0.97,0.003502,2160000,SessionClose,0.1597,0.2921,0.2133,0.0070,0.4473,0.1201,0.2431,0.4473,,,
trade,2024-01-18,NVDA,Long,2024-01-18T15:58:00+00:00,2024-01-18T15:59:00+00:00,574.5155,573.8889,0.52,-0.32,-0.001091,60000,SessionClose,0.2480,0.2358,-0.3205,0.2431,0.4473,-0.4419,0.2431,0.4473,,,
summary,2024-01-18,NVDA,,,,,,,0.65,,2,,,,,,,,,,0.7864,2024-01-16T09:35:00+00:00,1754,2363
summary,2024-01-18,MSFT,,,,,,,0.00,,0,,,,,,,,,,0.8159,2024-01-16T10:23:00+00:00,996,1899
summary,2024-01-19,SPY,,,,,,,0.00,,0,,,,,,,,,,0.8418,2024-01-16T15:41:00+00:00,1400,2799
summary,2024-01-19,QQQ,,,,,,,0.00,,0,,,,,,,,,,0.9554,2024-01-16T15:48:00+00:00,1740,3008
summary,2024-01-19,AAPL,,,,,,,0.00,,0,,,,,,,,,,0.9584,2024-01-16T15:48:00+00:00,1726,2723
summary,2024-01-19,NVDA,,,,,,,0.00,,0,,,,,,,,,,1.0000,2024-01-16T14:35:00+00:00,2301,3009
summary,2024-01-19,MSFT,,,,,,,0.00,,0,,,,,,,,,,0.5434,2024-01-18T09:01:00+00:00,1279,2418
summary,2024-01-22,SPY,,,,,,,0.00,,0,,,,,,,,,,0.5943,2024-01-19T16:03:00+00:00,1046,1208
trade,2024-01-22,QQQ,Long,2024-01-22T14:46:00+00:00,2024-01-22T15:03:00+00:00,423.1119,423.2080,0.71,0.07,0.000227,1020000,ScoreExit,0.1097,-0.0635,-0.3944,0.0398,0.4173,-0.4793,-0.1998,0.3478,,,
summary,2024-01-22,QQQ,,,,,,,0.07,,1,,,,,,,,,,0.5784,2024-01-19T19:13:00+00:00,1056,1254
summary,2024-01-22,AAPL,,,,,,,0.00,,0,,,,,,,,,,0.5739,2024-01-19T18:40:00+00:00,1017,1157
trade,2024-01-22,NVDA,Long,2024-01-22T15:51:00+00:00,2024-01-22T15:56:00+00:00,592.3376,594.3267,0.28,0.56,0.003358,300000,SessionClose,0.1870,0.0972,-0.0207,0.0838,0.4627,0.4004,-0.1361,0.4627,,,
summary,2024-01-22,NVDA,,,,,,,0.56,,1,,,,,,,,,,0.9551,2024-01-19T15:44:00+00:00,1121,1269
summary,2024-01-22,MSFT,,,,,,,0.00,,0,,,,,,,,,,0.5878,2024-01-19T20:59:00+00:00,804,1164
summary,2024-01-23,SPY,,,,,,,0.00,,0,,,,,,,,,,0.4726,2024-01-22T10:13:00+00:00,645,1348
summary,2024-01-23,QQQ,,,,,,,0.00,,0,,,,,,,,,,0.4774,2024-01-22T10:14:00+00:00,643,1526
trade,2024-01-23,AAPL,Long,2024-01-23T14:32:00+00:00,2024-01-23T15:17:00+00:00,195.0335,194.4816,1.54,-0.85,-0.002830,2700000,ScoreExit,0.3050,-0.0587,0.0564,0.2605,0.4769,-0.2312,-0.2200,0.3214,,,
summary,2024-01-23,AAPL,,,,,,,-0.85,,1,,,,,,,,,,0.7258,2024-01-22T10:29:00+00:00,763,1309
summary,2024-01-23,NVDA,,,,,,,0.00,,0,,,,,,,,,,0.6781,2024-01-22T16:24:00+00:00,777,1433
summary,2024-01-23,MSFT,,,,,,,0.00,,0,,,,,,,,,,0.5213,2024-01-22T10:14:00+00:00,530,1175
summary,2024-01-24,SPY,,,,,,,0.00,,0,,,,,,,,,,0.4726,2024-01-22T10:13:00+00:00,1155,2141
summary,2024-01-24,QQQ,,,,,,,0.00,,0,,,,,,,,,,0.4774,2024-01-22T10:14:00+00:00,1296,2387
summary,2024-01-24,AAPL,,,,,,,0.00,,0,,,,,,,,,,0.7258,2024-01-22T10:29:00+00:00,1264,2060
trade,2024-01-24,NVDA,Long,2024-01-24T14:41:00+00:00,2024-01-24T15:56:00+00:00,601.5854,616.3788,0.50,7.38,0.024591,4500000,SessionClose,0.2160,0.2999,-0.0891,0.1062,0.5371,-0.0889,0.2104,0.6083,,,
trade,2024-01-24,NVDA,Long,2024-01-24T15:58:00+00:00,2024-01-24T15:59:00+00:00,617.3301,617.4097,0.35,0.03,0.000129,60000,SessionClose,0.3267,0.3484,0.1799,0.2104,0.6083,0.3968,0.2104,0.6083,,,
summary,2024-01-24,NVDA,,,,,,,7.40,,2,,,,,,,,,,0.7859,2024-01-24T15:24:00+00:00,1393,2270
summary,2024-01-24,MSFT,,,,,,,0.00,,0,,,,,,,,,,0.5213,2024-01-22T10:14:00+00:00,1054,1866
summary,2024-01-25,SPY,,,,,,,0.00,,0,,,,,,,,,,0.3873,2024-01-24T09:23:00+00:00,1278,2664
summary,2024-01-25,QQQ,,,,,,,0.00,,0,,,,,,,,,,0.4437,2024-01-24T09:02:00+00:00,1608,2959
summary,2024-01-25,AAPL,,,,,,,0.00,,0,,,,,,,,,,1.0000,2024-01-22T14:34:00+00:00,1288,2581
trade,2024-01-25,NVDA,Long,2024-01-25T15:12:00+00:00,2024-01-25T15:56:00+00:00,622.0115,624.2077,0.29,0.65,0.003531,2640000,SessionClose,0.1706,0.2525,0.1306,0.0550,0.4151,-0.1544,0.2391,0.4151,,,
trade,2024-01-25,NVDA,Long,2024-01-25T15:58:00+00:00,2024-01-25T15:59:00+00:00,625.2311,625.3573,0.32,0.04,0.000202,60000,SessionClose,0.2924,0.3130,0.2442,0.2391,0.4151,0.4497,0.2391,0.4151,,,
summary,2024-01-25,NVDA,,,,,,,0.69,,2,,,,,,,,,,1.0000,2024-01-22T14:34:00+00:00,1776,2858
summary,2024-01-25,MSFT,,,,,,,0.00,,0,,,,,,,,,,0.5023,2024-01-22T16:24:00+00:00,1409,2363
summary,2024-01-26,SPY,,,,,,,0.00,,0,,,,,,,,,,0.4638,2024-01-24T00:58:00+00:00,1676,2796
summary,2024-01-26,QQQ,,,,,,,0.00,,0,,,,,,,,,,0.5344,2024-01-24T00:58:00+00:00,1622,3059
summary,2024-01-26,AAPL,,,,,,,0.00,,0,,,,,,,,,,0.4230,2024-01-24T15:44:00+00:00,858,2648
summary,2024-01-26,NVDA,,,,,,,0.00,,0,,,,,,,,,,0.9508,2024-01-23T16:04:00+00:00,2013,2990
summary,2024-01-26,MSFT,,,,,,,0.00,,0,,,,,,,,,,0.5720,2024-01-23T20:12:00+00:00,1786,2440
summary,2024-01-29,SPY,,,,,,,0.00,,0,,,,,,,,,,0.7775,2024-01-26T15:50:00+00:00,558,1111
summary,2024-01-29,QQQ,,,,,,,0.00,,0,,,,,,,,,,0.8829,2024-01-26T15:59:00+00:00,595,1206
summary,2024-01-29,AAPL,,,,,,,0.00,,0,,,,,,,,,,0.5205,2024-01-26T15:03:00+00:00,133,1095
trade,2024-01-29,NVDA,Long,2024-01-29T14:44:00+00:00,2024-01-29T15:56:00+00:00,615.4596,615.9951,0.49,0.26,0.000870,4320000,SessionClose,0.4157,0.0462,0.4052,0.3440,0.5627,0.2650,-0.2289,0.5233,,,
summary,2024-01-29,NVDA,,,,,,,0.26,,1,,,,,,,,,,0.9633,2024-01-26T15:55:00+00:00,696,1154
trade,2024-01-29,MSFT,Long,2024-01-29T14:44:00+00:00,2024-01-29T15:34:00+00:00,406.2668,405.4533,0.74,-0.60,-0.002002,3000000,ScoreExit,0.2453,-0.0520,0.1493,0.1473,0.4735,-0.5527,-0.1150,0.2408,,,
summary,2024-01-29,MSFT,,,,,,,-0.60,,1,,,,,,,,,,0.8854,2024-01-26T15:49:00+00:00,647,1052
summary,2024-01-30,SPY,,,,,,,0.00,,0,,,,,,,,,,0.4431,2024-01-29T20:23:00+00:00,923,1406
summary,2024-01-30,QQQ,,,,,,,0.00,,0,,,,,,,,,,0.4459,2024-01-29T20:19:00+00:00,940,1547
summary,2024-01-30,AAPL,,,,,,,0.00,,0,,,,,,,,,,0.4251,2024-01-29T19:11:00+00:00,340,1335
trade,2024-01-30,NVDA,Long,2024-01-30T14:41:00+00:00,2024-01-30T15:55:00+00:00,630.4172,629.2162,0.35,-0.42,-0.001905,4440000,ScoreExit,0.2361,-0.0513,-0.0089,0.1949,0.4001,-0.5868,-0.2171,0.4587,,,
summary,2024-01-30,NVDA,,,,,,,-0.42,,1,,,,,,,,,,0.6643,2024-01-29T15:19:00+00:00,977,1474
summary,2024-01-30,MSFT,,,,,,,0.00,,0,,,,,,,,,,0.9874,2024-01-29T09:03:00+00:00,995,1412
summary,2024-01-31,SPY,,,,,,,0.00,,0,,,,,,,,,,0.4431,2024-01-29T20:23:00+00:00,1016,2254
summary,2024-01-31,QQQ,,,,,,,0.00,,0,,,,,,,,,,0.4459,2024-01-29T20:19:00+00:00,992,2471
summary,2024-01-31,AAPL,,,,,,,0.00,,0,,,,,,,,,,0.4251,2024-01-29T19:11:00+00:00,340,2136
summary,2024-01-31,NVDA,,,,,,,0.00,,0,,,,,,,,,,0.6643,2024-01-29T15:19:00+00:00,1125,2387
summary,2024-01-31,MSFT,,,,,,,0.00,,0,,,,,,,,,,0.9874,2024-01-29T09:03:00+00:00,1145,2303
summary,2024-02-01,SPY,,,,,,,0.00,,0,,,,,,,,,,0.6064,2024-01-29T20:23:00+00:00,1232,2900
summary,2024-02-01,QQQ,,,,,,,0.00,,0,,,,,,,,,,0.6031,2024-01-29T20:19:00+00:00,1038,3091
summary,2024-02-01,AAPL,,,,,,,0.00,,0,,,,,,,,,,0.5445,2024-01-29T20:20:00+00:00,335,2730
summary,2024-02-01,NVDA,,,,,,,0.00,,0,,,,,,,,,,1.0000,2024-01-29T14:41:00+00:00,1622,2972
summary,2024-02-01,MSFT,,,,,,,0.00,,0,,,,,,,,,,0.9022,2024-01-29T14:51:00+00:00,1227,2930
summary,2024-02-02,SPY,,,,,,,0.00,,0,,,,,,,,,,0.4149,2024-02-01T21:49:00+00:00,1011,2934
summary,2024-02-02,QQQ,,,,,,,0.00,,0,,,,,,,,,,0.4885,2024-02-01T21:49:00+00:00,914,3098
summary,2024-02-02,AAPL,,,,,,,0.00,,0,,,,,,,,,,0.5170,2024-02-02T16:13:00+00:00,507,2877
summary,2024-02-02,NVDA,,,,,,,0.00,,0,,,,,,,,,,0.8965,2024-01-30T15:23:00+00:00,1779,2976
summary,2024-02-02,MSFT,,,,,,,0.00,,0,,,,,,,,,,0.8398,2024-01-30T23:08:00+00:00,1046,2855
summary,2024-02-05,SPY,,,,,,,0.00,,0,,,,,,,,,,0.8604,2024-02-02T15:44:00+00:00,753,1184
summary,2024-02-05,QQQ,,,,,,,0.00,,0,,,,,,,,,,0.9324,2024-02-02T15:44:00+00:00,866,1244
trade,2024-02-05,AAPL,Long,2024-02-05T15:08:00+00:00,2024-02-05T15:56:00+00:00,187.2261,186.6490,1.60,-0.92,-0.003083,2880000,SessionClose,0.3064,0.2353,0.3669,0.1468,0.6055,0.5673,-0.0051,0.6055,,,
summary,2024-02-05,AAPL,,,,,,,-0.92,,1,,,,,,,,,,1.0000,2024-02-02T14:31:00+00:00,1093,1237
summary,2024-02-05,NVDA,,,,,,,0.00,,0,,,,,,,,,,1.0000,2024-02-02T14:36:00+00:00,1199,1301
summary,2024-02-05,MSFT,,,,,,,0.00,,0,,,,,,,,,,1.0000,2024-02-02T14:34:00+00:00,534,1051
summary,2024-02-06,SPY,,,,,,,0.00,,0,,,,,,,,,,0.7076,2024-02-05T10:41:00+00:00,793,1352
summary,2024-02-06,QQQ,,,,,,,0.00,,0,,,,,,,,,,0.7066,2024-02-05T10:34:00+00:00,845,1527
summary,2024-02-06,AAPL,,,,,,,0.00,,0,,,,,,,,,,0.6080,2024-02-05T17:44:00+00:00,983,1385
summary,2024-02-06,NVDA,,,,,,,0.00,,0,,,,,,,,,,0.9626,2024-02-05T10:34:00+00:00,1124,1632
summary,2024-02-06,MSFT,,,,,,,0.00,,0,,,,,,,,,,0.4706,2024-02-05T09:43:00+00:00,350,1205
summary,2024-02-07,SPY,,,,,,,0.00,,0,,,,,,,,,,0.7076,2024-02-05T10:41:00+00:00,1377,2110
summary,2024-02-07,QQQ,,,,,,,0.00,,0,,,,,,,,,,0.7066,2024-02-05T10:34:00+00:00,1436,2354
summary,2024-02-07,AAPL,,,,,,,0.00,,0,,,,,,,,,,0.6080,2024-02-05T17:44:00+00:00,1563,2148
trade,2024-02-07,NVDA,Long,2024-02-07T15:51:00+00:00,2024-02-07T15:56:00+00:00,693.7030,689.9530,0.22,-0.84,-0.005406,300000,ScoreExit,0.2101,-0.0858,0.1040,0.1301,0.4053,-0.5922,-0.2470,0.4053,,,
summary,2024-02-07,NVDA,,,,,,,-0.84,,1,,,,,,,,,,0.9626,2024-02-05T10:34:00+00:00,1551,2513
trade,2024-02-07,MSFT,Long,2024-02-07T15:06:00+00:00,2024-02-07T15:56:00+00:00,409.4978,410.9317,0.73,1.05,0.003502,3000000,SessionClose,0.2555,0.0797,0.1052,0.2004,0.4159,-0.5423,0.0153,0.4159,,,
trade,2024-02-07,MSFT,Long,2024-02-07T15:58:00+00:00,2024-02-07T15:59:00+00:00,411.3884,411.3416,0.73,-0.03,-0.000114,60000,SessionClose,0.1236,0.1480,-0.1032,0.0153,0.4159,0.1400,0.0153,0.4159,,,
summary,2024-02-07,MSFT,,,,,,,1.02,,2,,,,,,,,,,0.4706,2024-02-05T09:43:00+00:00,845,1817
summary,2024-02-08,SPY,,,,,,,0.00,,0,,,,,,,,,,0.4643,2024-02-05T19:46:00+00:00,1755,2644
summary,2024-02-08,QQQ,,,,,,,0.00,,0,,,,,,,,,,0.5079,2024-02-05T19:46:00+00:00,1933,2878
summary,2024-02-08,AAPL,,,,,,,0.00,,0,,,,,,,,,,0.8982,2024-02-05T15:14:00+00:00,1754,2556
trade,2024-02-08,NVDA,Long,2024-02-08T15:03:00+00:00,2024-02-08T15:11:00+00:00,701.9455,699.4951,0.21,-0.52,-0.003491,480000,ScoreExit,0.2387,-0.1365,0.2049,0.1625,0.4024,-0.3797,-0.3654,0.4024,,,
trade,2024-02-08,NVDA,Long,2024-02-08T15:31:00+00:00,2024-02-08T15:56:00+00:00,697.0346,704.8717,0.21,1.63,0.011243,1500000,SessionClose,0.1433,0.4182,-0.5271,0.1254,0.4024,0.3709,0.4340,0.4024,,,
summary,2024-02-08,NVDA,,,,,,,1.11,,2,,,,,,,,,,1.0000,2024-02-05T14:33:00+00:00,1954,3100
summary,2024-02-08,MSFT,,,,,,,0.00,,0,,,,,,,,,,0.4645,2024-02-07T15:29:00+00:00,1190,2309
summary,2024-02-09,SPY,,,,,,,0.00,,0,,,,,,,,,,0.4260,2024-02-07T15:29:00+00:00,1914,2682
summary,2024-02-09,QQQ,,,,,,,0.00,,0,,,,,,,,,,0.4904,2024-02-07T15:29:00+00:00,1927,2844
summary,2024-02-09,AAPL,,,,,,,0.00,,0,,,,,,,,,,0.9017,2024-02-06T14:46:00+00:00,1413,2470
trade,2024-02-09,NVDA,Long,2024-02-09T15:01:00+00:00,2024-02-09T15:56:00+00:00,708.3224,714.6805,0.31,1.98,0.008976,3300000,SessionClose,0.2625,0.4833,0.2191,0.1170,0.5679,0.0735,0.5094,0.5679,,,
summary,2024-02-09,NVDA,,,,,,,1.98,,1,,,,,,,,,,0.8079,2024-02-07T15:12:00+00:00,2022,2969
summary,2024-02-09,MSFT,,,,,,,0.00,,0,,,,,,,,,,0.5042,2024-02-06T14:34:00+00:00,1537,2224
summary,2024-02-12,SPY,,,,,,,0.00,,0,,,,,,,,,,0.7354,2024-02-09T16:02:00+00:00,775,1085
summary,2024-02-12,QQQ,,,,,,,0.00,,0,,,,,,,,,,0.8598,2024-02-09T15:46:00+00:00,839,1163
summary,2024-02-12,AAPL,,,,,,,0.00,,0,,,,,,,,,,0.6332,2024-02-09T16:44:00+00:00,255,1095
trade,2024-02-12,NVDA,Long,2024-02-12T14:39:00+00:00,2024-02-12T14:46:00+00:00,731.0758,727.4967,0.27,-0.98,-0.004896,420000,ScoreExit,0.3554,-0.1237,0.1593,0.3104,0.5108,-0.4232,-0.3910,0.5108,,,
trade,2024-02-12,NVDA,Long,2024-02-12T14:56:00+00:00,2024-02-12T15:56:00+00:00,724.8024,738.1135,0.19,2.57,0.018365,3600000,SessionClose,0.1812,0.7789,-0.0408,0.0534,0.5108,0.5601,0.8285,0.7524,,,
summary,2024-02-12,NVDA,,,,,,,1.58,,2,,,,,,,,,,0.9615,2024-02-09T15:46:00+00:00,1047,1275
summary,2024-02-12,MSFT,,,,,,,0.00,,0,,,,,,,,,,0.9545,2024-02-09T15:41:00+00:00,641,1001
summary,2024-02-13,SPY,,,,,,,0.00,,0,,,,,,,,,,0.6591,2024-02-12T11:17:00+00:00,248,1380
summary,2024-02-13,QQQ,,,,,,,0.00,,0,,,,,,,,,,0.4936,2024-02-12T16:34:00+00:00,212,1506
summary,2024-02-13,AAPL,,,,,,,0.00,,0,,,,,,,,,,0.5990,2024-02-12T09:07:00+00:00,130,1262
trade,2024-02-13,NVDA,Long,2024-02-13T15:56:00+00:00,2024-02-13T15:57:00+00:00,730.4641,728.9662,0.15,-0.22,-0.002051,60000,SessionClose,0.4934,0.4603,-0.2829,0.5040,0.7311,-0.6139,0.5040,0.7311,,,
trade,2024-02-13,NVDA,Long,2024-02-13T15:59:00+00:00,2024-02-13T16:00:00+00:00,727.4932,726.5170,0.15,-0.15,-0.001342,60000,SessionClose,0.4371,0.4227,-0.6695,0.5040,0.6723,-0.7074,0.5040,0.6369,,,
summary,2024-02-13,NVDA,,,,,,,-0.37,,2,,,,,,,,,,0.8642,2024-02-12T15:36:00+00:00,483,1551
summary,2024-02-13,MSFT,,,,,,,0.00,,0,,,,,,,,,,0.5764,2024-02-12T09:51:00+00:00,181,1180
summary,2024-02-14,SPY,,,,,,,0.00,,0,,,,,,,,,,0.6591,2024-02-12T11:17:00+00:00,802,2202
summary,2024-02-14,QQQ,,,,,,,0.00,,0,,,,,,,,,,0.4936,2024-02-12T16:34:00+00:00,601,2396
summary,2024-02-14,AAPL,,,,,,,0.00,,0,,,,,,,,,,0.5990,2024-02-12T09:07:00+00:00,224,1971
trade,2024-02-14,NVDA,Long,2024-02-14T14:42:00+00:00,2024-02-14T15:41:00+00:00,732.2447,737.4097,0.30,1.56,0.007054,3540000,ScoreExit,0.2619,-0.1220,-0.2305,0.2375,0.4748,-0.5792,-0.2237,0.2339,,,
summary,2024-02-14,NVDA,,,,,,,1.56,,1,,,,,,,,,,0.8642,2024-02-12T15:36:00+00:00,1089,2413
summary,2024-02-14,MSFT,,,,,,,0.00,,0,,,,,,,,,,0.5764,2024-02-12T09:51:00+00:00,215,1859
summary,2024-02-15,SPY,,,,,,,0.00,,0,,,,,,,,,,0.7333,2024-02-12T15:54:00+00:00,1171,2799
summary,2024-02-15,QQQ,,,,,,,0.00,,0,,,,,,,,,,0.8009,2024-02-12T15:54:00+00:00,1129,2949
summary,2024-02-15,AAPL,,,,,,,0.00,,0,,,,,,,,,,0.3950,2024-02-15T20:57:00+00:00,236,2603
summary,2024-02-15,NVDA,,,,,,,0.00,,0,,,,,,,,,,1.0000,2024-02-12T14:33:00+00:00,1609,3007
summary,2024-02-15,MSFT,,,,,,,0.00,,0,,,,,,,,,,0.7990,2024-02-12T15:59:00+00:00,316,2381
summary,2024-02-16,SPY,,,,,,,0.00,,0,,,,,,,,,,0.7568,2024-02-13T15:43:00+00:00,1827,2772
summary,2024-02-16,QQQ,,,,,,,0.00,,0,,,,,,,,,,0.9559,2024-02-13T15:43:00+00:00,1945,2957
summary,2024-02-16,AAPL,,,,,,,0.00,,0,,,,,,,,,,0.9558,2024-02-13T15:54:00+00:00,768,2755
summary,2024-02-16,NVDA,,,,,,,0.00,,0,,,,,,,,,,1.0000,2024-02-13T14:32:00+00:00,2192,3003
summary,2024-02-16,MSFT,,,,,,,0.00,,0,,,,,,,,,,0.9529,2024-02-13T15:41:00+00:00,1167,2388
summary,2024-02-19,SPY,,,,,,,0.00,,0,,,,,,,,,,0.5555,2024-02-16T15:54:00+00:00,188,554
summary,2024-02-19,QQQ,,,,,,,0.00,,0,,,,,,,,,,0.4983,2024-02-16T16:20:00+00:00,176,540
summary,2024-02-19,AAPL,,,,,,,0.00,,0,,,,,,,,,,1.0000,2024-02-16T14:37:00+00:00,76,549
summary,2024-02-19,NVDA,,,,,,,0.00,,0,,,,,,,,,,1.0000,2024-02-16T14:36:00+00:00,189,610
summary,2024-02-19,MSFT,,,,,,,0.00,,0,,,,,,,,,,0.5288,2024-02-16T19:24:00+00:00,134,488
summary,2024-02-20,SPY,,,,,,,0.00,,0,,,,,,,,,,0.3364,2024-02-20T19:49:00+00:00,164,636
summary,2024-02-20,QQQ,,,,,,,0.00,,0,,,,,,,,,,0.3886,2024-02-20T20:59:00+00:00,190,694
summary,2024-02-20,AAPL,,,,,,,0.00,,0,,,,,,,,,,0.5111,2024-02-20T12:14:00+00:00,241,588
summary,2024-02-20,NVDA,,,,,,,0.00,,0,,,,,,,,,,0.8198,2024-02-20T12:09:00+00:00,213,711
summary,2024-02-20,MSFT,,,,,,,0.00,,0,,,,,,,,,,0.6080,2024-02-20T13:12:00+00:00,226,563
summary,2024-02-21,SPY,,,,,,,0.00,,0,,,,,,,,,,0.4375,2024-02-21T20:55:00+00:00,540,1407
summary,2024-02-21,QQQ,,,,,,,0.00,,0,,,,,,,,,,0.4667,2024-02-21T20:59:00+00:00,423,1550
summary,2024-02-21,AAPL,,,,,,,0.00,,0,,,,,,,,,,0.5111,2024-02-20T12:14:00+00:00,747,1328
summary,2024-02-21,NVDA,,,,,,,0.00,,0,,,,,,,,,,0.8198,2024-02-20T12:09:00+00:00,259,1612
summary,2024-02-21,MSFT,,,,,,,0.00,,0,,,,,,,,,,0.6080,2024-02-20T13:12:00+00:00,470,1177
summary,2024-02-22,SPY,,,,,,,0.00,,0,,,,,,,,,,0.4431,2024-02-22T09:01:00+00:00,1336,2309
summary,2024-02-22,QQQ,,,,,,,0.00,,0,,,,,,,,,,0.5106,2024-02-22T09:05:00+00:00,1258,2493
summary,2024-02-22,AAPL,,,,,,,0.00,,0,,,,,,,,,,0.5111,2024-02-20T12:14:00+00:00,1373,2158
trade,2024-02-22,NVDA,Long,2024-02-22T14:31:00+00:00,2024-02-22T15:56:00+00:00,745.4311,775.5873,0.10,2.96,0.040455,5100000,SessionClose,0.1682,0.3158,-0.7292,0.0923,0.6191,0.4199,0.1522,0.6083,,,
summary,2024-02-22,NVDA,,,,,,,2.96,,1,,,,,,,,,,0.8941,2024-02-21T21:29:00+00:00,968,2567
trade,2024-02-22,MSFT,Long,2024-02-22T14:36:00+00:00,2024-02-22T15:46:00+00:00,408.8876,410.0120,0.73,0.83,0.002750,4200000,ScoreExit,0.2054,-0.0958,-0.5327,0.1968,0.4686,-0.5907,-0.2600,0.3976,,,
summary,2024-02-22,MSFT,,,,,,,0.83,,1,,,,,,,,,,0.6080,2024-02-20T13:12:00+00:00,1179,2005
summary,2024-02-23,SPY,,,,,,,0.00,,0,,,,,,,,,,0.5759,2024-02-20T16:01:00+00:00,1744,2841
summary,2024-02-23,QQQ,,,,,,,0.00,,0,,,,,,,,,,0.6540,2024-02-20T16:01:00+00:00,1739,3046
summary,2024-02-23,AAPL,,,,,,,0.00,,0,,,,,,,,,,0.5300,2024-02-21T00:24:00+00:00,1592,2643
summary,2024-02-23,NVDA,,,,,,,0.00,,0,,,,,,,,,,0.9407,2024-02-21T21:29:00+00:00,1746,3183
summary,2024-02-23,MSFT,,,,,,,0.00,,0,,,,,,,,,,0.7532,2024-02-20T16:04:00+00:00,1503,2470
summary,2024-02-26,SPY,,,,,,,0.00,,0,,,,,,,,,,0.2966,2024-02-23T14:44:00+00:00,184,1097
summary,2024-02-26,QQQ,,,,,,,0.00,,0,,,,,,,,,,0.3201,2024-02-26T16:53:00+00:00,284,1184
summary,2024-02-26,AAPL,,,,,,,0.00,,0,,,,,,,,,,0.1117,2024-02-23T14:31:00+00:00,2,1104
trade,2024-02-26,NVDA,Long,2024-02-26T15:29:00+00:00,2024-02-26T15:56:00+00:00,799.0346,797.3843,0.15,-0.24,-0.002065,1620000,SessionClose,0.2493,0.2880,0.0516,0.2011,0.4115,0.5898,0.2218,0.3197,,,
summary,2024-02-26,NVDA,,,,,,,-0.24,,1,,,,,,,,,,1.0000,2024-02-23T14:32:00+00:00,425,1276
summary,2024-02-26,MSFT,,,,,,,0.00,,0,,,,,,,,,,0.3384,2024-02-23T14:41:00+00:00,43,946
summary,2024-02-27,SPY,,,,,,,0.00,,0,,,,,,,,,,0.7181,2024-02-26T10:44:00+00:00,492,1351
summary,2024-02-27,QQQ,,,,,,,0.00,,0,,,,,,,,,,0.7343,2024-02-26T10:29:00+00:00,793,1493
summary,2024-02-27,AAPL,,,,,,,0.00,,0,,,,,,,,,,0.6317,2024-02-27T19:32:00+00:00,453,1265
summary,2024-02-27,NVDA,,,,,,,0.00,,0,,,,,,,,,,0.9006,2024-02-26T09:36:00+00:00,628,1510
summary,2024-02-27,MSFT,,,,,,,0.00,,0,,,,,,,,,,0.4717,2024-02-26T11:18:00+00:00,165,1077
summary,2024-02-28,SPY,,,,,,,0.00,,0,,,,,,,,,,0.7181,2024-02-26T10:44:00+00:00,707,2150
summary,2024-02-28,QQQ,,,,,,,0.00,,0,,,,,,,,,,0.7343,2024-02-26T10:29:00+00:00,873,2324
summary,2024-02-28,AAPL,,,,,,,0.00,,0,,,,,,,,,,0.6317,2024-02-27T19:32:00+00:00,781,2098
summary,2024-02-28,NVDA,,,,,,,0.00,,0,,,,,,,,,,0.9006,2024-02-26T09:36:00+00:00,738,2356
summary,2024-02-28,MSFT,,,,,,,0.00,,0,,,,,,,,,,0.4717,2024-02-26T11:18:00+00:00,415,1617
summary,2024-02-29,SPY,,,,,,,0.00,,0,,,,,,,,,,0.3892,2024-02-29T13:44:00+00:00,828,2737
summary,2024-02-29,QQQ,,,,,,,0.00,,0,,,,,,,,,,0.5115,2024-02-26T15:44:00+00:00,1011,2876
summary,2024-02-29,AAPL,,,,,,,0.00,,0,,,,,,,,,,0.6368,2024-02-27T19:32:00+00:00,716,2672
trade,2024-02-29,NVDA,Long,2024-02-29T14:41:00+00:00,2024-02-29T15:51:00+00:00,796.3337,793.8093,0.20,-0.50,-0.003170,4200000,ScoreExit,0.3709,-0.0767,0.0065,0.3337,0.5668,-0.0962,-0.3695,0.5154,,,
summary,2024-02-29,NVDA,,,,,,,-0.50,,1,,,,,,,,,,1.0000,2024-02-26T14:31:00+00:00,902,2897
summary,2024-02-29,MSFT,,,,,,,0.00,,0,,,,,,,,,,0.4949,2024-02-29T20:55:00+00:00,724,2136
summary,2024-03-01,SPY,,,,,,,0.00,,0,,,,,,,,,,0.3950,2024-02-29T13:44:00+00:00,1565,2795
summary,2024-03-01,QQQ,,,,,,,0.00,,0,,,,,,,,,,0.4717,2024-02-27T15:19:00+00:00,1462,2888
summary,2024-03-01,AAPL,,,,,,,0.00,,0,,,,,,,,,,0.7627,2024-02-27T19:32:00+00:00,796,2819
trade,2024-03-01,NVDA,Long,2024-03-01T14:36:00+00:00,2024-03-01T15:56:00+00:00,800.9252,810.3957,0.22,2.11,0.011824,4800000,SessionClose,0.1174,0.5939,-0.3435,0.0144,0.4771,0.5694,0.5708,0.6480,,,
summary,2024-03-01,NVDA,,,,,,,2.11,,1,,,,,,,,,,0.9071,2024-02-27T15:19:00+00:00,1657,2922
summary,2024-03-01,MSFT,,,,,,,0.00,,0,,,,,,,,,,0.6140,2024-02-27T15:48:00+00:00,1389,2182
summary,2024-03-04,SPY,,,,,,,0.00,,0,,,,,,,,,,0.8055,2024-03-01T16:04:00+00:00,821,1136
summary,2024-03-04,QQQ,,,,,,,0.00,,0,,,,,,,,,,0.8572,2024-03-01T16:04:00+00:00,927,1197
summary,2024-03-04,AAPL,,,,,,,0.00,,0,,,,,,,,,,0.5971,2024-03-01T19:28:00+00:00,235,1204
trade,2024-03-04,NVDA,Long,2024-03-04T14:36:00+00:00,2024-03-04T15:56:00+00:00,843.8070,851.9662,0.17,1.42,0.009670,4800000,SessionClose,0.5571,0.3460,0.4974,0.4921,0.7070,-0.5499,0.2491,0.8383,,,
trade,2024-03-04,NVDA,Long,2024-03-04T15:58:00+00:00,2024-03-04T15:59:00+00:00,852.9308,853.0090,0.17,0.01,0.000092,60000,SessionClose,0.3729,0.3975,-0.2812,0.2491,0.8383,-0.0346,0.2491,0.8383,,,
summary,2024-03-04,NVDA,,,,,,,1.44,,2,,,,,,,,,,0.9623,2024-03-01T16:00:00+00:00,1174,1278
summary,2024-03-04,MSFT,,,,,,,0.00,,0,,,,,,,,,,0.7609,2024-03-01T14:42:00+00:00,690,1018
summary,2024-03-05,SPY,,,,,,,0.00,,0,,,,,,,,,,0.4298,2024-03-04T19:39:00+00:00,293,1383
summary,2024-03-05,QQQ,,,,,,,0.00,,0,,,,,,,,,,0.3839,2024-03-04T19:39:00+00:00,169,1518
summary,2024-03-05,AAPL,,,,,,,0.00,,0,,,,,,,,,,0.6010,2024-03-04T13:04:00+00:00,158,1485
summary,2024-03-05,NVDA,,,,,,,0.00,,0,,,,,,,,,,0.8039,2024-03-04T14:40:00+00:00,1063,1589
summary,2024-03-05,MSFT,,,,,,,0.00,,0,,,,,,,,,,0.6967,2024-03-04T15:00:00+00:00,286,1102
summary,2024-03-06,SPY,,,,,,,0.00,,0,,,,,,,,,,0.4298,2024-03-04T19:39:00+00:00,812,2201
summary,2024-03-06,QQQ,,,,,,,0.00,,0,,,,,,,,,,0.3839,2024-03-04T19:39:00+00:00,521,2408
summary,2024-03-06,AAPL,,,,,,,0.00,,0,,,,,,,,,,0.6010,2024-03-04T13:04:00+00:00,159,2340
trade,2024-03-06,NVDA,Long,2024-03-06T15:26:00+00:00,2024-03-06T15:56:00+00:00,880.0439,882.4702,0.11,0.28,0.002757,1800000,SessionClose,0.2476,0.2756,0.3665,0.0736,0.5561,-0.4290,0.2527,0.5561,,,
trade,2024-03-06,NVDA,Long,2024-03-06T15:58:00+00:00,2024-03-06T15:59:00+00:00,883.5201,883.1500,0.13,-0.05,-0.000419,60000,SessionClose,0.3169,0.3046,-0.0161,0.2527,0.5561,-0.1383,0.2527,0.5561,,,
summary,2024-03-06,NVDA,,,,,,,0.23,,2,,,,,,,,,,0.8039,2024-03-04T14:40:00+00:00,1743,2487
summary,2024-03-06,MSFT,,,,,,,0.00,,0,,,,,,,,,,0.6967,2024-03-04T15:00:00+00:00,286,1806
summary,2024-03-07,SPY,,,,,,,0.00,,0,,,,,,,,,,0.7092,2024-03-04T15:41:00+00:00,1227,2787
summary,2024-03-07,QQQ,,,,,,,0.00,,0,,,,,,,,,,0.6069,2024-03-04T15:41:00+00:00,1061,3034
summary,2024-03-07,AAPL,,,,,,,0.00,,0,,,,,,,,,,0.6224,2024-03-04T19:43:00+00:00,183,2957
trade,2024-03-07,NVDA,Long,2024-03-07T14:40:00+00:00,2024-03-07T15:56:00+00:00,905.9209,916.5849,0.17,1.82,0.011771,4560000,SessionClose,0.2898,0.4082,0.2493,0.2129,0.4572,-0.2443,0.4374,0.5675,,,
summary,2024-03-07,NVDA,,,,,,,1.82,,1,,,,,,,,,,1.0000,2024-03-04T14:36:00+00:00,2123,3147
summary,2024-03-07,MSFT,,,,,,,0.00,,0,,,,,,,,,,0.8951,2024-03-04T15:00:00+00:00,630,2299
summary,2024-03-08,SPY,,,,,,,0.00,,0,,,,,,,,,,0.4039,2024-03-06T16:19:00+00:00,1611,2785
summary,2024-03-08,QQQ,,,,,,,0.00,,0,,,,,,,,,,0.4811,2024-03-06T09:17:00+00:00,1831,3068
summary,2024-03-08,AAPL,,,,,,,0.00,,0,,,,,,,,,,1.0000,2024-03-05T14:33:00+00:00,1019,2945
trade,2024-03-08,NVDA,Long,2024-03-08T15:41:00+00:00,2024-03-08T15:46:00+00:00,962.7537,957.0478,0.08,-0.44,-0.005927,300000,ScoreExit,0.2553,-0.0934,-0.2952,0.2054,0.5386,-0.6100,-0.3232,0.5386,,,
summary,2024-03-08,NVDA,,,,,,,-0.44,,1,,,,,,,,,,1.0000,2024-03-05T14:39:00+00:00,2257,3154
summary,2024-03-08,MSFT,,,,,,,0.00,,0,,,,,,,,,,0.5129,2024-03-06T09:16:00+00:00,1107,2342
summary,2024-03-11,SPY,,,,,,,0.00,,0,,,,,,,,,,0.5101,2024-03-08T15:01:00+00:00,161,1192
summary,2024-03-11,QQQ,,,,,,,0.00,,0,,,,,,,,,,0.7309,2024-03-08T15:06:00+00:00,69,1271
summary,2024-03-11,AAPL,,,,,,,0.00,,0,,,,,,,,,,0.8978,2024-03-08T14:55:00+00:00,816,1234
summary,2024-03-11,NVDA,,,,,,,0.00,,0,,,,,,,,,,1.0000,2024-03-08T14:34:00+00:00,311,1344
summary,2024-03-11,MSFT,,,,,,,0.00,,0,,,,,,,,,,0.8818,2024-03-08T15:13:00+00:00,247,985
trade,2024-03-12,SPY,Long,2024-03-12T14:04:00+00:00,2024-03-12T15:56:00+00:00,513.1789,515.7302,0.58,1.49,0.004972,6720000,SessionClose,0.1816,0.1233,0.0120,0.0719,0.4576,0.3471,-0.0922,0.4796,,,
summary,2024-03-12,SPY,,,,,,,1.49,,1,,,,,,,,,,0.5085,2024-03-11T09:21:00+00:00,981,1406
trade,2024-03-12,QQQ,Long,2024-03-12T14:04:00+00:00,2024-03-12T15:56:00+00:00,439.0567,442.2523,0.68,2.18,0.007278,6720000,SessionClose,0.1925,0.0834,0.0718,0.0811,0.4556,0.0850,-0.1269,0.5036,,,
summary,2024-03-12,QQQ,,,,,,,2.18,,1,,,,,,,,,,0.7915,2024-03-11T09:22:00+00:00,1032,1509
summary,2024-03-12,AAPL,,,,,,,0.00,,0,,,,,,,,,,0.6220,2024-03-11T13:29:00+00:00,799,1399
trade,2024-03-12,NVDA,Long,2024-03-12T14:06:00+00:00,2024-03-12T15:56:00+00:00,876.7479,906.9078,0.10,3.04,0.034400,6600000,SessionClose,0.4300,0.2888,0.3517,0.1867,0.9427,0.3070,-0.0328,0.9257,,,
summary,2024-03-12,NVDA,,,,,,,3.04,,1,,,,,,,,,,0.9616,2024-03-11T09:15:00+00:00,1042,1590
summary,2024-03-12,MSFT,,,,,,,0.00,,0,,,,,,,,,,0.6450,2024-03-12T14:31:00+00:00,815,1070
summary,2024-03-13,SPY,,,,,,,0.00,,0,,,,,,,,,,0.5085,2024-03-11T09:21:00+00:00,1480,2186
summary,2024-03-13,QQQ,,,,,,,0.00,,0,,,,,,,,,,0.7915,2024-03-11T09:22:00+00:00,1564,2387
summary,2024-03-13,AAPL,,,,,,,0.00,,0,,,,,,,,,,0.6220,2024-03-11T13:29:00+00:00,914,2122
summary,2024-03-13,NVDA,,,,,,,0.00,,0,,,,,,,,,,0.9616,2024-03-11T09:15:00+00:00,1746,2512
summary,2024-03-13,MSFT,,,,,,,0.00,,0,,,,,,,,,,0.6450,2024-03-12T14:31:00+00:00,1305,1712
summary,2024-03-14,SPY,,,,,,,0.00,,0,,,,,,,,,,0.6192,2024-03-11T15:00:00+00:00,1827,2734
summary,2024-03-14,QQQ,,,,,,,0.00,,0,,,,,,,,,,0.8032,2024-03-11T14:54:00+00:00,1942,2947
summary,2024-03-14,AAPL,,,,,,,0.00,,0,,,,,,,,,,0.6472,2024-03-11T13:36:00+00:00,1042,2641
summary,2024-03-14,NVDA,,,,,,,0.00,,0,,,,,,,,,,1.0000,2024-03-11T13:37:00+00:00,1738,3057
trade,2024-03-14,MSFT,Long,2024-03-14T14:10:00+00:00,2024-03-14T15:41:00+00:00,423.0469,426.0471,0.66,1.97,0.007092,5460000,ScoreExit,0.3819,-0.0674,0.0395,0.3678,0.5242,-0.5281,-0.2716,0.4943,,,
summary,2024-03-14,MSFT,,,,,,,1.97,,1,,,,,,,,,,0.7099,2024-03-11T14:54:00+00:00,1799,2256
summary,2024-03-15,SPY,,,,,,,0.00,,0,,,,,,,,,,0.9562,2024-03-12T14:51:00+00:00,1359,2784
summary,2024-03-15,QQQ,,,,,,,0.00,,0,,,,,,,,,,0.9567,2024-03-12T14:49:00+00:00,1242,2986
summary,2024-03-15,AAPL,,,,,,,0.00,,0,,,,,,,,,,0.8934,2024-03-12T14:31:00+00:00,1187,2641
summary,2024-03-15,NVDA,,,,,,,0.00,,0,,,,,,,,,,0.9661,2024-03-12T14:51:00+00:00,1540,3077
summary,2024-03-15,MSFT,,,,,,,0.00,,0,,,,,,,,,,0.9559,2024-03-12T14:49:00+00:00,1584,2374
trade,2024-03-18,SPY,Long,2024-03-18T14:01:00+00:00,2024-03-18T15:31:00+00:00,514.0192,514.3456,0.58,0.19,0.000635,5400000,ScoreExit,0.1186,-0.0681,-0.4827,0.0408,0.4745,-0.1809,-0.3075,0.4484,,,
summary,2024-03-18,SPY,,,,,,,0.19,,1,,,,,,,,,,0.7995,2024-03-15T14:49:00+00:00,633,1146
trade,2024-03-18,QQQ,Long,2024-03-18T14:20:00+00:00,2024-03-18T15:13:00+00:00,440.2270,439.4081,0.68,-0.56,-0.001860,3180000,ScoreExit,0.2591,-0.0584,0.0606,0.1536,0.5365,-0.5696,-0.2488,0.4928,,,
summary,2024-03-18,QQQ,,,,,,,-0.56,,1,,,,,,,,,,0.8217,2024-03-15T14:49:00+00:00,615,1214
summary,2024-03-18,AAPL,,,,,,,0.00,,0,,,,,,,,,,0.6355,2024-03-18T13:46:00+00:00,707,1175
summary,2024-03-18,NVDA,,,,,,,0.00,,0,,,,,,,,,,1.0000,2024-03-15T13:40:00+00:00,769,1261
trade,2024-03-18,MSFT,Long,2024-03-18T14:27:00+00:00,2024-03-18T15:12:00+00:00,420.5811,418.4274,0.71,-1.54,-0.005121,2700000,ScoreExit,0.4106,-0.0647,0.3049,0.3359,0.5950,-0.3345,-0.2821,0.4599,,,
summary,2024-03-18,MSFT,,,,,,,-1.54,,1,,,,,,,,,,0.6372,2024-03-18T13:41:00+00:00,354,1071
summary,2024-03-19,SPY,,,,,,,0.00,,0,,,,,,,,,,0.3971,2024-03-19T16:44:00+00:00,608,1413
summary,2024-03-19,QQQ,,,,,,,0.00,,0,,,,,,,,,,0.4949,2024-03-18T12:13:00+00:00,531,1548
summary,2024-03-19,AAPL,,,,,,,0.00,,0,,,,,,,,,,0.7135,2024-03-18T13:46:00+00:00,591,1416
summary,2024-03-19,NVDA,,,,,,,0.00,,0,,,,,,,,,,0.9301,2024-03-18T13:36:00+00:00,625,1558
trade,2024-03-19,MSFT,Long,2024-03-19T14:16:00+00:00,2024-03-19T15:56:00+00:00,419.0907,420.2489,0.72,0.83,0.002764,6000000,SessionClose,0.1920,0.1255,-0.2387,0.1394,0.4407,-0.4816,0.0195,0.5399,,,
summary,2024-03-19,MSFT,,,,,,,0.83,,1,,,,,,,,,,0.7837,2024-03-18T13:41:00+00:00,663,1187
summary,2024-03-20,SPY,,,,,,,0.00,,0,,,,,,,,,,0.4296,2024-03-20T18:47:00+00:00,1112,2144
summary,2024-03-20,QQQ,,,,,,,0.00,,0,,,,,,,,,,0.4949,2024-03-18T12:13:00+00:00,1051,2395
summary,2024-03-20,AAPL,,,,,,,0.00,,0,,,,,,,,,,0.7135,2024-03-18T13:46:00+00:00,1100,2150
summary,2024-03-20,NVDA,,,,,,,0.00,,0,,,,,,,,,,0.9301,2024-03-18T13:36:00+00:00,1151,2409
summary,2024-03-20,MSFT,,,,,,,0.00,,0,,,,,,,,,,0.7837,2024-03-18T13:41:00+00:00,1031,1717
trade,2024-03-21,SPY,Long,2024-03-21T13:56:00+00:00,2024-03-21T15:05:00+00:00,523.2019,523.1980,0.57,-0.00,-0.000007,4140000,ScoreExit,0.1981,-0.0527,-0.1428,0.1463,0.4153,-0.5343,-0.2052,0.4126,,,
summary,2024-03-21,SPY,,,,,,,-0.00,,1,,,,,,,,,,0.4551,2024-03-18T14:49:00+00:00,1521,2800
summary,2024-03-21,QQQ,,,,,,,0.00,,0,,,,,,,,,,0.6873,2024-03-18T14:42:00+00:00,1471,3034
summary,2024-03-21,AAPL,,,,,,,0.00,,0,,,,,,,,,,0.9380,2024-03-18T13:46:00+00:00,1176,2774
summary,2024-03-21,NVDA,,,,,,,0.00,,0,,,,,,,,,,1.0000,2024-03-18T13:31:00+00:00,1584,3039
summary,2024-03-21,MSFT,,,,,,,0.00,,0,,,,,,,,,,1.0000,2024-03-18T13:35:00+00:00,1440,2187
summary,2024-03-22,SPY,,,,,,,0.00,,0,,,,,,,,,,0.7426,2024-03-19T14:49:00+00:00,2085,2738
summary,2024-03-22,QQQ,,,,,,,0.00,,0,,,,,,,,,,0.8014,2024-03-19T14:49:00+00:00,2271,2995
summary,2024-03-22,AAPL,,,,,,,0.00,,0,,,,,,,,,,0.9453,2024-03-19T14:40:00+00:00,1349,2833
trade,2024-03-22,NVDA,Long,2024-03-22T14:41:00+00:00,2024-03-22T15:56:00+00:00,926.0994,938.5284,0.15,1.83,0.013421,4500000,SessionClose,0.2145,0.4832,-0.1760,0.1586,0.4566,0.4361,0.4313,0.6026,,,
summary,2024-03-22,NVDA,,,,,,,1.83,,1,,,,,,,,,,1.0000,2024-03-19T13:32:00+00:00,2331,2988
summary,2024-03-22,MSFT,,,,,,,0.00,,0,,,,,,,,,,0.9527,2024-03-19T14:55:00+00:00,1522,2147
summary,2024-03-25,SPY,,,,,,,0.00,,0,,,,,,,,,,0.3308,2024-03-22T17:55:00+00:00,283,1151
summary,2024-03-25,QQQ,,,,,,,0.00,,0,,,,,,,,,,0.4690,2024-03-22T17:13:00+00:00,493,1166
summary,2024-03-25,AAPL,,,,,,,0.00,,0,,,,,,,,,,0.9570,2024-03-22T14:42:00+00:00,625,1138
trade,2024-03-25,NVDA,Long,2024-03-25T13:36:00+00:00,2024-03-25T15:26:00+00:00,941.9975,958.7073,0.15,2.53,0.017739,6600000,ScoreExit,0.2649,-0.1401,0.3467,0.0385,0.6906,-0.5031,-0.4732,0.6471,,,
summary,2024-03-25,NVDA,,,,,,,2.53,,1,,,,,,,,,,1.0000,2024-03-22T13:36:00+00:00,1020,1288
summary,2024-03-25,MSFT,,,,,,,0.00,,0,,,,,,,,,,0.5063,2024-03-22T18:03:00+00:00,194,964
summary,2024-03-26,SPY,,,,,,,0.00,,0,,,,,,,,,,0.3189,2024-03-25T14:11:00+00:00,645,1363
summary,2024-03-26,QQQ,,,,,,,0.00,,0,,,,,,,,,,0.4424,2024-03-25T14:18:00+00:00,857,1495
summary,2024-03-26,AAPL,,,,,,,0.00,,0,,,,,,,,,,0.6043,2024-03-25T12:04:00+00:00,748,1307
summary,2024-03-26,NVDA,,,,,,,0.00,,0,,,,,,,,,,0.9087,2024-03-25T14:12:00+00:00,776,1510
summary,2024-03-26,MSFT,,,,,,,0.00,,0,,,,,,,,,,0.4894,2024-03-25T12:03:00+00:00,478,1089
summary,2024-03-27,SPY,,,,,,,0.00,,0,,,,,,,,,,0.3997,2024-03-27T19:59:00+00:00,1093,2191
summary,2024-03-27,QQQ,,,,,,,0.00,,0,,,,,,,,,,0.4424,2024-03-25T14:18:00+00:00,1123,2338
summary,2024-03-27,AAPL,,,,,,,0.00,,0,,,,,,,,,,0.6043,2024-03-25T12:04:00+00:00,1220,2089
summary,2024-03-27,NVDA,,,,,,,0.00,,0,,,,,,,,,,0.9087,2024-03-25T14:12:00+00:00,776,2353
summary,2024-03-27,MSFT,,,,,,,0.00,,0,,,,,,,,,,0.4894,2024-03-25T12:03:00+00:00,514,1670
summary,2024-03-28,SPY,,,,,,,0.00,,0,,,,,,,,,,0.5000,2024-03-25T15:03:00+00:00,1606,2782
summary,2024-03-28,QQQ,,,,,,,0.00,,0,,,,,,,,,,0.7129,2024-03-25T15:03:00+00:00,1472,2890
summary,2024-03-28,AAPL,,,,,,,0.00,,0,,,,,,,,,,0.8629,2024-03-25T15:02:00+00:00,1688,2635
summary,2024-03-28,NVDA,,,,,,,0.00,,0,,,,,,,,,,1.0000,2024-03-25T13:37:00+00:00,590,2894
summary,2024-03-28,MSFT,,,,,,,0.00,,0,,,,,,,,,,0.7029,2024-03-25T14:44:00+00:00,471,2050
summary,2024-03-29,SPY,,,,,,,0.00,,0,,,,,,,,,,0.4587,2024-03-27T20:02:00+00:00,1134,2179
summary,2024-03-29,QQQ,,,,,,,0.00,,0,,,,,,,,,,0.3987,2024-03-27T20:02:00+00:00,765,2185
summary,2024-03-29,AAPL,,,,,,,0.00,,0,,,,,,,,,,0.6855,2024-03-26T14:02:00+00:00,1155,2068
summary,2024-03-29,NVDA,,,,,,,0.00,,0,,,,,,,,,,0.7425,2024-03-26T18:08:00+00:00,229,2250
summary,2024-03-29,MSFT,,,,,,,0.00,,0,,,,,,,,,,0.3863,2024-03-26T15:58:00+00:00,176,1553
summary,2024-04-01,SPY,,,,,,,0.00,,0,,,,,,,,,,0.2497,2024-04-01T19:54:00+00:00,79,596
summary,2024-04-01,QQQ,,,,,,,0.00,,0,,,,,,,,,,0.5002,2024-04-01T13:39:00+00:00,120,636
summary,2024-04-01,AAPL,,,,,,,0.00,,0,,,,,,,,,,0.5467,2024-04-01T09:34:00+00:00,60,539
trade,2024-04-01,NVDA,Long,2024-04-01T13:46:00+00:00,2024-04-01T15:02:00+00:00,920.0509,906.7529,0.12,-1.56,-0.014454,4560000,MaxHoldTimeout,0.7655,0.0000,0.4712,0.6974,1.0000,-0.0725,-0.6505,-1.0000,,,
summary,2024-04-01,NVDA,,,,,,,-1.56,,1,,,,,,,,,,0.9025,2024-04-01T13:38:00+00:00,103,583
trade,2024-04-01,MSFT,Long,2024-04-01T13:34:00+00:00,2024-04-01T14:38:00+00:00,425.7927,424.8075,0.70,-0.69,-0.002314,3840000,ScoreExit,0.5962,-0.1311,0.5364,0.4769,0.8548,-0.1493,-0.2050,0.0228,,,
summary,2024-04-01,MSFT,,,,,,,-0.69,,1,,,,,,,,,,0.6505,2024-04-01T13:34:00+00:00,105,502
summary,2024-04-02,SPY,,,,,,,0.00,,0,,,,,,,,,,0.2676,2024-04-02T19:49:00+00:00,139,1352
summary,2024-04-02,QQQ,,,,,,,0.00,,0,,,,,,,,,,0.5002,2024-04-01T13:39:00+00:00,255,1421
summary,2024-04-02,AAPL,,,,,,,0.00,,0,,,,,,,,,,0.5467,2024-04-01T09:34:00+00:00,118,1314
summary,2024-04-02,NVDA,,,,,,,0.00,,0,,,,,,,,,,0.9025,2024-04-01T13:38:00+00:00,361,1361
summary,2024-04-02,MSFT,,,,,,,0.00,,0,,,,,,,,,,0.6505,2024-04-01T13:34:00+00:00,278,1080
summary,2024-04-03,SPY,,,,,,,0.00,,0,,,,,,,,,,0.3571,2024-04-03T14:19:00+00:00,432,2130
summary,2024-04-03,QQQ,,,,,,,0.00,,0,,,,,,,,,,0.5002,2024-04-01T13:39:00+00:00,585,2206
summary,2024-04-03,AAPL,,,,,,,0.00,,0,,,,,,,,,,0.5467,2024-04-01T09:34:00+00:00,489,2021
summary,2024-04-03,NVDA,,,,,,,0.00,,0,,,,,,,,,,0.9025,2024-04-01T13:38:00+00:00,558,2135
summary,2024-04-03,MSFT,,,,,,,0.00,,0,,,,,,,,,,0.6505,2024-04-01T13:34:00+00:00,481,1627
summary,2024-04-04,SPY,,,,,,,0.00,,0,,,,,,,,,,0.3631,2024-04-03T14:19:00+00:00,848,2708
summary,2024-04-04,QQQ,,,,,,,0.00,,0,,,,,,,,,,0.6886,2024-04-01T13:38:00+00:00,1003,2763
summary,2024-04-04,AAPL,,,,,,,0.00,,0,,,,,,,,,,0.4294,2024-04-03T14:43:00+00:00,952,2565
summary,2024-04-04,NVDA,,,,,,,0.00,,0,,,,,,,,,,1.0000,2024-04-01T13:35:00+00:00,647,2723
summary,2024-04-04,MSFT,,,,,,,0.00,,0,,,,,,,,,,1.0000,2024-04-01T13:34:00+00:00,759,2061
summary,2024-04-05,SPY,,,,,,,0.00,,0,,,,,,,,,,0.4295,2024-04-03T14:19:00+00:00,1381,2764
summary,2024-04-05,QQQ,,,,,,,0.00,,0,,,,,,,,,,0.5472,2024-04-02T19:49:00+00:00,1442,2871
summary,2024-04-05,AAPL,,,,,,,0.00,,0,,,,,,,,,,0.4932,2024-04-02T14:04:00+00:00,1365,2542
summary,2024-04-05,NVDA,,,,,,,0.00,,0,,,,,,,,,,0.7728,2024-04-03T14:04:00+00:00,1401,2777
summary,2024-04-05,MSFT,,,,,,,0.00,,0,,,,,,,,,,0.5274,2024-04-02T17:36:00+00:00,1280,2077
summary,2024-04-08,SPY,,,,,,,0.00,,0,,,,,,,,,,0.9255,2024-04-05T14:59:00+00:00,796,1140
trade,2024-04-08,QQQ,Long,2024-04-08T14:57:00+00:00,2024-04-08T15:28:00+00:00,442.3776,441.2926,0.68,-0.74,-0.002453,1860000,ScoreExit,0.2717,-0.0887,-0.0761,0.2552,0.4206,-0.5577,-0.1786,0.2474,,,
summary,2024-04-08,QQQ,,,,,,,-0.74,,1,,,,,,,,,,0.9562,2024-04-05T15:00:00+00:00,829,1184
summary,2024-04-08,AAPL,,,,,,,0.00,,0,,,,,,,,,,0.7759,2024-04-05T15:00:00+00:00,260,1103
summary,2024-04-08,NVDA,,,,,,,0.00,,0,,,,,,,,,,0.9637,2024-04-05T14:58:00+00:00,745,1179
trade,2024-04-08,MSFT,Long,2024-04-08T14:17:00+00:00,2024-04-08T15:16:00+00:00,426.0228,425.8772,0.70,-0.10,-0.000342,3540000,ScoreExit,0.2910,-0.0642,0.2212,0.2450,0.4063,-0.3141,-0.2301,0.3510,,,
summary,2024-04-08,MSFT,,,,,,,-0.10,,1,,,,,,,,,,0.9581,2024-04-05T14:50:00+00:00,763,957
summary,2024-04-09,SPY,,,,,,,0.00,,0,,,,,,,,,,0.4169,2024-04-09T19:59:00+00:00,688,1322
summary,2024-04-09,QQQ,,,,,,,0.00,,0,,,,,,,,,,0.4811,2024-04-08T14:51:00+00:00,754,1417
trade,2024-04-09,AAPL,Long,2024-04-09T13:46:00+00:00,2024-04-09T14:31:00+00:00,169.5659,169.0943,1.77,-0.83,-0.002781,2700000,ScoreExit,0.1495,-0.1560,0.0436,0.0049,0.4739,-0.5312,-0.3031,0.2632,,,
summary,2024-04-09,AAPL,,,,,,,-0.83,,1,,,,,,,,,,0.4218,2024-04-09T19:59:00+00:00,538,1293
summary,2024-04-09,NVDA,,,,,,,0.00,,0,,,,,,,,,,0.6132,2024-04-08T14:51:00+00:00,297,1350
summary,2024-04-09,MSFT,,,,,,,0.00,,0,,,,,,,,,,0.5787,2024-04-08T14:30:00+00:00,505,1010
summary,2024-04-10,SPY,,,,,,,0.00,,0,,,,,,,,,,0.4199,2024-04-09T20:02:00+00:00,886,2064
summary,2024-04-10,QQQ,,,,,,,0.00,,0,,,,,,,,,,0.4811,2024-04-08T14:51:00+00:00,1020,2233
summary,2024-04-10,AAPL,,,,,,,0.00,,0,,,,,,,,,,0.4218,2024-04-09T19:59:00+00:00,921,2033
trade,2024-04-10,NVDA,Long,2024-04-10T14:46:00+00:00,2024-04-10T15:01:00+00:00,872.4817,863.5458,0.11,-1.00,-0.010242,900000,ScoreExit,0.3827,-0.0565,0.3654,0.3049,0.5443,-0.4938,-0.2753,0.5268,,,
summary,2024-04-10,NVDA,,,,,,,-1.00,,1,,,,,,,,,,0.8178,2024-04-10T13:44:00+00:00,586,2161
summary,2024-04-10,MSFT,,,,,,,0.00,,0,,,,,,,,,,0.5787,2024-04-08T14:30:00+00:00,599,1583
summary,2024-04-11,SPY,,,,,,,0.00,,0,,,,,,,,,,0.7697,2024-04-08T14:54:00+00:00,955,2672
summary,2024-04-11,QQQ,,,,,,,0.00,,0,,,,,,,,,,0.8584,2024-04-08T14:51:00+00:00,1243,2807
summary,2024-04-11,AAPL,,,,,,,0.00,,0,,,,,,,,,,0.5588,2024-04-11T17:34:00+00:00,1213,2574
summary,2024-04-11,NVDA,,,,,,,0.00,,0,,,,,,,,,,0.8973,2024-04-08T14:33:00+00:00,1101,2746
summary,2024-04-11,MSFT,,,,,,,0.00,,0,,,,,,,,,,0.8352,2024-04-08T14:30:00+00:00,924,2100
summary,2024-04-12,SPY,,,,,,,0.00,,0,,,,,,,,,,0.6527,2024-04-09T20:02:00+00:00,932,2758
summary,2024-04-12,QQQ,,,,,,,0.00,,0,,,,,,,,,,0.6622,2024-04-09T20:02:00+00:00,1306,2928
summary,2024-04-12,AAPL,,,,,,,0.00,,0,,,,,,,,,,0.8971,2024-04-09T13:40:00+00:00,1668,2731
summary,2024-04-12,NVDA,,,,,,,0.00,,0,,,,,,,,,,0.9203,2024-04-10T13:37:00+00:00,1806,2858
summary,2024-04-12,MSFT,,,,,,,0.00,,0,,,,,,,,,,0.7173,2024-04-09T13:41:00+00:00,754,2159
summary,2024-04-15,SPY,,,,,,,0.00,,0,,,,,,,,,,0.4526,2024-04-15T08:00:00+00:00,326,1182
trade,2024-04-15,QQQ,Long,2024-04-15T13:51:00+00:00,2024-04-15T14:05:00+00:00,441.3874,441.0027,0.68,-0.26,-0.000872,840000,ScoreExit,0.1923,-0.0632,0.2489,0.0634,0.4310,-0.5036,-0.1743,0.3058,,,
summary,2024-04-15,QQQ,,,,,,,-0.26,,1,,,,,,,,,,0.4757,2024-04-15T08:18:00+00:00,371,1235
summary,2024-04-15,AAPL,,,,,,,0.00,,0,,,,,,,,,,1.0000,2024-04-12T13:36:00+00:00,228,1209
trade,2024-04-15,NVDA,Long,2024-04-15T13:39:00+00:00,2024-04-15T14:41:00+00:00,890.3820,894.8033,0.15,0.66,0.004966,3720000,ScoreExit,0.4526,-0.1761,0.4827,0.3417,0.6645,-0.5512,-0.4843,0.5655,,,
summary,2024-04-15,NVDA,,,,,,,0.66,,1,,,,,,,,,,0.7908,2024-04-15T13:53:00+00:00,367,1205
trade,2024-04-15,MSFT,Long,2024-04-15T13:36:00+00:00,2024-04-15T14:07:00+00:00,424.3423,425.7972,0.71,1.03,0.003429,1860000,ScoreExit,0.0758,-0.0822,-0.5519,0.0022,0.4320,-0.4729,-0.2515,0.3866,,,
summary,2024-04-15,MSFT,,,,,,,1.03,,1,,,,,,,,,,0.6174,2024-04-12T13:46:00+00:00,297,981
summary,2024-04-16,SPY,,,,,,,0.00,,0,,,,,,,,,,0.4026,2024-04-15T13:02:00+00:00,212,1504
summary,2024-04-16,QQQ,,,,,,,0.00,,0,,,,,,,,,,0.3946,2024-04-15T13:14:00+00:00,251,1626
summary,2024-04-16,AAPL,,,,,,,0.00,,0,,,,,,,,,,0.6319,2024-04-15T15:05:00+00:00,249,1425
summary,2024-04-16,NVDA,,,,,,,0.00,,0,,,,,,,,,,0.9223,2024-04-15T09:09:00+00:00,761,1519
summary,2024-04-16,MSFT,,,,,,,0.00,,0,,,,,,,,,,0.4682,2024-04-15T13:27:00+00:00,304,1172
summary,2024-04-17,SPY,,,,,,,0.00,,0,,,,,,,,,,0.4026,2024-04-15T13:02:00+00:00,287,2348
summary,2024-04-17,QQQ,,,,,,,0.00,,0,,,,,,,,,,0.3946,2024-04-15T13:14:00+00:00,270,2492
summary,2024-04-17,AAPL,,,,,,,0.00,,0,,,,,,,,,,0.6319,2024-04-15T15:05:00+00:00,249,2136
summary,2024-04-17,NVDA,,,,,,,0.00,,0,,,,,,,,,,0.9223,2024-04-15T09:09:00+00:00,1090,2332
summary,2024-04-17,MSFT,,,,,,,0.00,,0,,,,,,,,,,0.4682,2024-04-15T13:27:00+00:00,403,1759
summary,2024-04-18,SPY,,,,,,,0.00,,0,,,,,,,,,,0.3888,2024-04-15T13:40:00+00:00,208,2899
summary,2024-04-18,QQQ,,,,,,,0.00,,0,,,,,,,,,,0.3996,2024-04-15T13:40:00+00:00,281,3044
summary,2024-04-18,AAPL,,,,,,,0.00,,0,,,,,,,,,,0.9578,2024-04-15T15:04:00+00:00,137,2604
summary,2024-04-18,NVDA,,,,,,,0.00,,0,,,,,,,,,,1.0000,2024-04-15T13:40:00+00:00,867,2960
summary,2024-04-18,MSFT,,,,,,,0.00,,0,,,,,,,,,,0.5601,2024-04-15T14:00:00+00:00,361,2197
summary,2024-04-19,SPY,,,,,,,0.00,,0,,,,,,,,,,0.5610,2024-04-16T18:09:00+00:00,605,2912
summary,2024-04-19,QQQ,,,,,,,0.00,,0,,,,,,,,,,0.6375,2024-04-16T14:15:00+00:00,581,3033
summary,2024-04-19,AAPL,,,,,,,0.00,,0,,,,,,,,,,0.8937,2024-04-16T13:54:00+00:00,225,2613
summary,2024-04-19,NVDA,,,,,,,0.00,,0,,,,,,,,,,0.9479,2024-04-16T13:58:00+00:00,846,2924
summary,2024-04-19,MSFT,,,,,,,0.00,,0,,,,,,,,,,0.8914,2024-04-16T14:04:00+00:00,378,2227
summary,2024-04-22,SPY,,,,,,,0.00,,0,,,,,,,,,,0.4889,2024-04-22T17:51:00+00:00,476,1216
summary,2024-04-22,QQQ,,,,,,,0.00,,0,,,,,,,,,,0.5072,2024-04-19T13:46:00+00:00,459,1284
trade,2024-04-22,AAPL,Long,2024-04-22T13:36:00+00:00,2024-04-22T13:42:00+00:00,165.8911,165.7253,1.81,-0.30,-0.000999,360000,ScoreExit,0.1736,-0.0505,0.2715,0.0153,0.4576,-0.2219,-0.2623,0.4304,,,
summary,2024-04-22,AAPL,,,,,,,-0.30,,1,,,,,,,,,,0.4824,2024-04-22T17:51:00+00:00,467,1139
summary,2024-04-22,NVDA,,,,,,,0.00,,0,,,,,,,,,,1.0000,2024-04-19T13:32:00+00:00,403,1328
summary,2024-04-22,MSFT,,,,,,,0.00,,0,,,,,,,,,,0.4681,2024-04-22T18:34:00+00:00,304,1073
summary,2024-04-23,SPY,,,,,,,0.00,,0,,,,,,,,,,0.7431,2024-04-22T09:25:00+00:00,1062,1477
trade,2024-04-23,QQQ,Long,2024-04-23T14:39:00+00:00,2024-04-23T15:55:00+00:00,424.6624,424.2977,0.71,-0.26,-0.000859,4560000,MaxHoldTimeout,0.3323,0.1049,0.0638,0.2406,0.6053,0.1297,-0.1115,0.5293,,,
summary,2024-04-23,QQQ,,,,,,,-0.26,,1,,,,,,,,,,0.7511,2024-04-22T09:19:00+00:00,1158,1585
summary,2024-04-23,AAPL,,,,,,,0.00,,0,,,,,,,,,,0.8385,2024-04-22T09:17:00+00:00,785,1330
trade,2024-04-23,NVDA,Long,2024-04-23T13:37:00+00:00,2024-04-23T15:38:00+00:00,807.4672,824.2976,0.14,2.42,0.020844,7260000,MaxHoldTimeout,0.3666,0.2747,-0.0756,0.2390,0.7693,-0.2152,0.0791,0.8291,,,
summary,2024-04-23,NVDA,,,,,,,2.42,,1,,,,,,,,,,0.9596,2024-04-22T13:46:00+00:00,1249,1598
trade,2024-04-23,MSFT,Long,2024-04-23T14:51:00+00:00,2024-04-23T15:56:00+00:00,407.0771,406.7679,0.74,-0.23,-0.000759,3900000,SessionClose,0.2234,0.1471,-0.2279,0.1051,0.6105,0.5284,-0.1151,0.5442,,,
summary,2024-04-23,MSFT,,,,,,,-0.23,,1,,,,,,,,,,0.7604,2024-04-22T09:42:00+00:00,778,1127
summary,2024-04-24,SPY,,,,,,,0.00,,0,,,,,,,,,,0.7431,2024-04-22T09:25:00+00:00,1642,2350
summary,2024-04-24,QQQ,,,,,,,0.00,,0,,,,,,,,,,0.7511,2024-04-22T09:19:00+00:00,1798,2516
summary,2024-04-24,AAPL,,,,,,,0.00,,0,,,,,,,,,,0.8385,2024-04-22T09:17:00+00:00,1353,2125
summary,2024-04-24,NVDA,,,,,,,0.00,,0,,,,,,,,,,0.9596,2024-04-22T13:46:00+00:00,1779,2496
summary,2024-04-24,MSFT,,,,,,,0.00,,0,,,,,,,,,,0.7604,2024-04-22T09:42:00+00:00,1268,1829
summary,2024-04-25,SPY,,,,,,,0.00,,0,,,,,,,,,,0.6327,2024-04-22T17:51:00+00:00,1793,2978
summary,2024-04-25,QQQ,,,,,,,0.00,,0,,,,,,,,,,0.6380,2024-04-22T17:54:00+00:00,1894,3142
summary,2024-04-25,AAPL,,,,,,,0.00,,0,,,,,,,,,,0.6030,2024-04-22T17:51:00+00:00,1738,2708
trade,2024-04-25,NVDA,Long,2024-04-25T14:31:00+00:00,2024-04-25T15:16:00+00:00,818.9306,815.3503,0.09,-0.33,-0.004372,2700000,ScoreExit,0.3406,-0.0856,-0.5669,0.3824,0.5594,-0.6191,-0.3095,0.5399,,,
summary,2024-04-25,NVDA,,,,,,,-0.33,,1,,,,,,,,,,1.0000,2024-04-22T13:33:00+00:00,2007,3084
summary,2024-04-25,MSFT,,,,,,,0.00,,0,,,,,,,,,,0.8835,2024-04-25T20:00:00+00:00,1305,2456
summary,2024-04-26,SPY,,,,,,,0.00,,0,,,,,,,,,,0.8569,2024-04-23T14:59:00+00:00,1639,2979
trade,2024-04-26,QQQ,Long,2024-04-26T14:26:00+00:00,2024-04-26T15:56:00+00:00,430.7692,431.1756,0.70,0.28,0.000943,5400000,SessionClose,0.1567,0.0406,-0.1329,0.0598,0.4469,-0.4105,-0.0740,0.4201,,,
summary,2024-04-26,QQQ,,,,,,,0.28,,1,,,,,,,,,,0.9312,2024-04-23T14:59:00+00:00,1889,3174
trade,2024-04-26,AAPL,Long,2024-04-26T14:07:00+00:00,2024-04-26T15:11:00+00:00,170.4161,170.7138,1.76,0.52,0.001747,3840000,ScoreExit,0.2712,-0.0975,0.0710,0.2308,0.4187,-0.5490,-0.2481,0.3541,,,
summary,2024-04-26,AAPL,,,,,,,0.52,,1,,,,,,,,,,0.8783,2024-04-23T13:45:00+00:00,2055,2735
trade,2024-04-26,NVDA,Long,2024-04-26T13:31:00+00:00,2024-04-26T15:32:00+00:00,838.6365,869.5541,0.16,4.98,0.036866,7260000,MaxHoldTimeout,0.2794,0.0116,-0.3583,0.2311,0.5886,0.0187,-0.2608,0.5539,,,
summary,2024-04-26,NVDA,,,,,,,4.98,,1,,,,,,,,,,0.9583,2024-04-23T14:55:00+00:00,1830,3078
summary,2024-04-26,MSFT,,,,,,,0.00,,0,,,,,,,,,,0.8905,2024-04-23T14:26:00+00:00,1472,2748
summary,2024-04-29,SPY,,,,,,,0.00,,0,,,,,,,,,,0.7512,2024-04-26T15:03:00+00:00,768,1149
summary,2024-04-29,QQQ,,,,,,,0.00,,0,,,,,,,,,,0.9562,2024-04-26T15:03:00+00:00,927,1217
trade,2024-04-29,AAPL,Long,2024-04-29T14:09:00+00:00,2024-04-29T15:25:00+00:00,175.7077,174.5726,1.71,-1.94,-0.006460,4560000,MaxHoldTimeout,0.4614,0.2690,0.1873,0.3849,0.7059,0.5360,0.0132,0.6916,,,
summary,2024-04-29,AAPL,,,,,,,-1.94,,1,,,,,,,,,,0.8227,2024-04-26T15:01:00+00:00,715,1221
summary,2024-04-29,NVDA,,,,,,,0.00,,0,,,,,,,,,,0.9708,2024-04-26T15:03:00+00:00,1030,1258
summary,2024-04-29,MSFT,,,,,,,0.00,,0,,,,,,,,,,0.9047,2024-04-26T14:23:00+00:00,152,1042
summary,2024-04-30,SPY,,,,,,,0.00,,0,,,,,,,,,,0.3208,2024-04-29T19:59:00+00:00,511,1347
summary,2024-04-30,QQQ,,,,,,,0.00,,0,,,,,,,,,,0.3772,2024-04-29T17:34:00+00:00,562,1504
summary,2024-04-30,AAPL,,,,,,,0.00,,0,,,,,,,,,,0.6779,2024-04-29T13:45:00+00:00,469,1394
summary,2024-04-30,NVDA,,,,,,,0.00,,0,,,,,,,,,,0.7749,2024-04-30T13:58:00+00:00,794,1453
summary,2024-04-30,MSFT,,,,,,,0.00,,0,,,,,,,,,,0.7099,2024-04-29T12:02:00+00:00,173,1067
summary,2024-05-01,SPY,,,,,,,0.00,,0,,,,,,,,,,0.5570,2024-05-01T18:44:00+00:00,788,2196
summary,2024-05-01,QQQ,,,,,,,0.00,,0,,,,,,,,,,0.5709,2024-05-01T18:44:00+00:00,649,2389
summary,2024-05-01,AAPL,,,,,,,0.00,,0,,,,,,,,,,0.6779,2024-04-29T13:45:00+00:00,627,2160
summary,2024-05-01,NVDA,,,,,,,0.00,,0,,,,,,,,,,0.7749,2024-04-30T13:58:00+00:00,863,2283
summary,2024-05-01,MSFT,,,,,,,0.00,,0,,,,,,,,,,0.7099,2024-04-29T12:02:00+00:00,377,1756
summary,2024-05-02,SPY,,,,,,,0.00,,0,,,,,,,,,,0.5544,2024-05-01T18:44:00+00:00,839,2795
summary,2024-05-02,QQQ,,,,,,,0.00,,0,,,,,,,,,,0.5710,2024-05-01T18:44:00+00:00,771,2974
summary,2024-05-02,AAPL,,,,,,,0.00,,0,,,,,,,,,,1.0000,2024-04-29T13:35:00+00:00,658,2683
summary,2024-05-02,NVDA,,,,,,,0.00,,0,,,,,,,,,,0.9521,2024-04-29T14:00:00+00:00,1284,2878
summary,2024-05-02,MSFT,,,,,,,0.00,,0,,,,,,,,,,0.6001,2024-05-01T18:58:00+00:00,717,2242
summary,2024-05-03,SPY,,,,,,,0.00,,0,,,,,,,,,,0.6111,2024-05-01T18:44:00+00:00,1241,2883
trade,2024-05-03,QQQ,Long,2024-05-03T14:43:00+00:00,2024-05-03T14:56:00+00:00,434.2552,434.0148,0.69,-0.17,-0.000554,780000,ScoreExit,0.2043,-0.0516,-0.0140,0.1195,0.4466,-0.2041,-0.2752,0.4466,,,
summary,2024-05-03,QQQ,,,,,,,-0.17,,1,,,,,,,,,,0.6497,2024-05-01T18:44:00+00:00,1215,3011
trade,2024-05-03,AAPL,Long,2024-05-03T14:36:00+00:00,2024-05-03T15:56:00+00:00,184.1102,184.5796,1.63,0.77,0.002550,4800000,SessionClose,0.2746,0.1687,0.2262,0.1681,0.5037,-0.0748,0.0474,0.4923,,,
summary,2024-05-03,AAPL,,,,,,,0.77,,1,,,,,,,,,,0.8984,2024-04-30T13:51:00+00:00,1376,2890
trade,2024-05-03,NVDA,Long,2024-05-03T14:43:00+00:00,2024-05-03T14:57:00+00:00,881.1993,881.2305,0.11,0.00,0.000035,840000,ScoreExit,0.2034,-0.0784,0.0929,0.0323,0.5824,-0.3281,-0.3672,0.5824,,,
summary,2024-05-03,NVDA,,,,,,,0.00,,1,,,,,,,,,,1.0000,2024-04-30T13:40:00+00:00,1295,2851
summary,2024-05-03,MSFT,,,,,,,0.00,,0,,,,,,,,,,0.6525,2024-05-01T18:58:00+00:00,1221,2354
summary,2024-05-06,SPY,,,,,,,0.00,,0,,,,,,,,,,0.4402,2024-05-03T22:07:00+00:00,983,1184
summary,2024-05-06,QQQ,,,,,,,0.00,,0,,,,,,,,,,0.5817,2024-05-03T14:44:00+00:00,977,1170
summary,2024-05-06,AAPL,,,,,,,0.00,,0,,,,,,,,,,0.5494,2024-05-03T17:28:00+00:00,199,1288
summary,2024-05-06,NVDA,,,,,,,0.00,,0,,,,,,,,,,0.9510,2024-05-03T13:49:00+00:00,1012,1175
trade,2024-05-06,MSFT,Long,2024-05-06T14:28:00+00:00,2024-05-06T15:56:00+00:00,408.2774,409.8320,0.73,1.14,0.003808,5280000,SessionClose,0.2089,0.2153,0.2843,0.0794,0.4428,0.3357,0.0657,0.4745,,,
summary,2024-05-06,MSFT,,,,,,,1.14,,1,,,,,,,,,,0.9398,2024-05-03T13:44:00+00:00,855,962
summary,2024-05-07,SPY,,,,,,,0.00,,0,,,,,,,,,,0.7091,2024-05-06T09:26:00+00:00,1022,1365
summary,2024-05-07,QQQ,,,,,,,0.00,,0,,,,,,,,,,0.7133,2024-05-06T09:34:00+00:00,1070,1451
trade,2024-05-07,AAPL,Long,2024-05-07T13:36:00+00:00,2024-05-07T14:01:00+00:00,183.7001,183.6399,1.63,-0.10,-0.000328,1500000,ScoreExit,0.3418,-0.0857,0.1450,0.2857,0.5198,-0.5792,-0.2238,0.3549,,,
summary,2024-05-07,AAPL,,,,,,,-0.10,,1,,,,,,,,,,0.8921,2024-05-06T09:29:00+00:00,815,1489
summary,2024-05-07,NVDA,,,,,,,0.00,,0,,,,,,,,,,0.9208,2024-05-06T13:59:00+00:00,1017,1476
summary,2024-05-07,MSFT,,,,,,,0.00,,0,,,,,,,,,,0.6727,2024-05-06T10:59:00+00:00,737,1095
summary,2024-05-08,SPY,,,,,,,0.00,,0,,,,,,,,,,0.7091,2024-05-06T09:26:00+00:00,1423,2121
summary,2024-05-08,QQQ,,,,,,,0.00,,0,,,,,,,,,,0.7133,2024-05-06T09:34:00+00:00,1396,2234
summary,2024-05-08,AAPL,,,,,,,0.00,,0,,,,,,,,,,0.8921,2024-05-06T09:29:00+00:00,1154,2256
summary,2024-05-08,NVDA,,,,,,,0.00,,0,,,,,,,,,,0.9208,2024-05-06T13:59:00+00:00,1117,2231
summary,2024-05-08,MSFT,,,,,,,0.00,,0,,,,,,,,,,0.6727,2024-05-06T10:59:00+00:00,913,1654
summary,2024-05-09,SPY,,,,,,,0.00,,0,,,,,,,,,,0.4796,2024-05-06T19:59:00+00:00,1747,2620
summary,2024-05-09,QQQ,,,,,,,0.00,,0,,,,,,,,,,0.5383,2024-05-06T19:59:00+00:00,1606,2734
summary,2024-05-09,AAPL,,,,,,,0.00,,0,,,,,,,,,,1.0000,2024-05-06T13:32:00+00:00,1324,2607
summary,2024-05-09,NVDA,,,,,,,0.00,,0,,,,,,,,,,1.0000,2024-05-06T13:37:00+00:00,972,2753
summary,2024-05-09,MSFT,,,,,,,0.00,,0,,,,,,,,,,0.8753,2024-05-06T15:00:00+00:00,1167,2061
summary,2024-05-10,SPY,,,,,,,0.00,,0,,,,,,,,,,0.7316,2024-05-07T15:00:00+00:00,1327,2637
summary,2024-05-10,QQQ,,,,,,,0.00,,0,,,,,,,,,,0.7877,2024-05-07T14:59:00+00:00,1205,2689
summary,2024-05-10,AAPL,,,,,,,0.00,,0,,,,,,,,,,0.7552,2024-05-07T13:47:00+00:00,1106,2494
summary,2024-05-10,NVDA,,,,,,,0.00,,0,,,,,,,,,,0.9234,2024-05-07T13:36:00+00:00,852,2709
summary,2024-05-10,MSFT,,,,,,,0.00,,0,,,,,,,,,,0.4484,2024-05-08T14:48:00+00:00,1008,2016
summary,2024-05-13,SPY,,,,,,,0.00,,0,,,,,,,,,,0.4076,2024-05-10T13:41:00+00:00,464,1153
summary,2024-05-13,QQQ,,,,,,,0.00,,0,,,,,,,,,,0.5080,2024-05-10T13:41:00+00:00,541,1128
trade,2024-05-13,AAPL,Long,2024-05-13T13:41:00+00:00,2024-05-13T13:50:00+00:00,184.8937,184.7845,1.62,-0.18,-0.000591,540000,ScoreExit,0.1390,-0.0520,-0.3007,0.0348,0.4938,-0.4214,-0.2634,0.4938,,,
trade,2024-05-13,AAPL,Long,2024-05-13T13:52:00+00:00,2024-05-13T15:53:00+00:00,184.9555,185.8942,1.62,1.52,0.005076,7260000,MaxHoldTimeout,0.1316,0.0499,-0.3059,0.0233,0.4938,-0.1009,-0.1734,0.5466,,,
summary,2024-05-13,AAPL,,,,,,,1.35,,2,,,,,,,,,,0.5140,2024-05-13T08:24:00+00:00,604,1132
summary,2024-05-13,NVDA,,,,,,,0.00,,0,,,,,,,,,,0.9429,2024-05-10T13:45:00+00:00,452,1170
summary,2024-05-13,MSFT,,,,,,,0.00,,0,,,,,,,,,,0.8551,2024-05-10T13:37:00+00:00,624,962
summary,2024-05-14,SPY,,,,,,,0.00,,0,,,,,,,,,,0.6154,2024-05-13T09:42:00+00:00,542,1276
summary,2024-05-14,QQQ,,,,,,,0.00,,0,,,,,,,,,,0.7142,2024-05-13T09:39:00+00:00,797,1330
trade,2024-05-14,AAPL,Long,2024-05-14T13:41:00+00:00,2024-05-14T14:11:00+00:00,187.6813,186.6990,1.60,-1.57,-0.005234,1800000,ScoreExit,0.2265,-0.0612,-0.1111,0.1897,0.4128,-0.5124,-0.1681,0.3030,,,
summary,2024-05-14,AAPL,,,,,,,-1.57,,1,,,,,,,,,,0.8113,2024-05-13T09:33:00+00:00,1071,1390
summary,2024-05-14,NVDA,,,,,,,0.00,,0,,,,,,,,,,0.8336,2024-05-13T09:22:00+00:00,883,1337
summary,2024-05-14,MSFT,,,,,,,0.00,,0,,,,,,,,,,0.7454,2024-05-13T09:48:00+00:00,585,1071
summary,2024-05-15,SPY,,,,,,,0.00,,0,,,,,,,,,,0.6154,2024-05-13T09:42:00+00:00,1122,2007
summary,2024-05-15,QQQ,,,,,,,0.00,,0,,,,,,,,,,0.7142,2024-05-13T09:39:00+00:00,1418,2120
trade,2024-05-15,AAPL,Long,2024-05-15T14:46:00+00:00,2024-05-15T15:38:00+00:00,189.8619,189.6181,1.58,-0.39,-0.001284,3120000,ScoreExit,0.2704,-0.0525,0.0936,0.2258,0.4186,-0.5401,-0.1981,0.4013,,,
summary,2024-05-15,AAPL,,,,,,,-0.39,,1,,,,,,,,,,0.8113,2024-05-13T09:33:00+00:00,1576,2046
trade,2024-05-15,NVDA,Long,2024-05-15T13:56:00+00:00,2024-05-15T15:56:00+00:00,926.0343,943.9544,0.10,1.85,0.019351,7200000,SessionClose,0.1795,0.1393,0.1790,0.0181,0.5024,0.1248,-0.0798,0.5824,,,
summary,2024-05-15,NVDA,,,,,,,1.85,,1,,,,,,,,,,0.8336,2024-05-13T09:22:00+00:00,1498,2070
summary,2024-05-15,MSFT,,,,,,,0.00,,0,,,,,,,,,,0.7454,2024-05-13T09:48:00+00:00,1059,1638
trade,2024-05-16,SPY,Long,2024-05-16T14:02:00+00:00,2024-05-16T15:56:00+00:00,530.3290,530.8257,0.57,0.28,0.000937,6840000,SessionClose,0.1471,0.0885,-0.0989,0.0537,0.4158,0.4730,-0.1280,0.3933,,,
summary,2024-05-16,SPY,,,,,,,0.28,,1,,,,,,,,,,0.4046,2024-05-15T12:32:00+00:00,1579,2594
summary,2024-05-16,QQQ,,,,,,,0.00,,0,,,,,,,,,,0.4191,2024-05-15T12:31:00+00:00,1907,2763
summary,2024-05-16,AAPL,,,,,,,0.00,,0,,,,,,,,,,0.9537,2024-05-13T14:49:00+00:00,1859,2505
trade,2024-05-16,NVDA,Long,2024-05-16T13:36:00+00:00,2024-05-16T15:37:00+00:00,947.9293,954.1687,0.20,1.26,0.006582,7260000,MaxHoldTimeout,0.3384,0.2059,-0.1584,0.3308,0.5192,0.0787,0.0891,0.4819,,,
summary,2024-05-16,NVDA,,,,,,,1.26,,1,,,,,,,,,,0.8434,2024-05-13T14:54:00+00:00,2058,2688
summary,2024-05-16,MSFT,,,,,,,0.00,,0,,,,,,,,,,0.5465,2024-05-13T16:31:00+00:00,1384,2089
summary,2024-05-17,SPY,,,,,,,0.00,,0,,,,,,,,,,0.4732,2024-05-14T18:41:00+00:00,1905,2680
summary,2024-05-17,QQQ,,,,,,,0.00,,0,,,,,,,,,,0.6583,2024-05-14T14:30:00+00:00,2131,2828
summary,2024-05-17,AAPL,,,,,,,0.00,,0,,,,,,,,,,0.4865,2024-05-15T14:20:00+00:00,1496,2350
summary,2024-05-17,NVDA,,,,,,,0.00,,0,,,,,,,,,,0.9918,2024-05-14T13:40:00+00:00,1971,2745
summary,2024-05-17,MSFT,,,,,,,0.00,,0,,,,,,,,,,0.8925,2024-05-14T14:25:00+00:00,1426,2060
summary,2024-05-20,SPY,,,,,,,0.00,,0,,,,,,,,,,0.5539,2024-05-17T14:46:00+00:00,614,1108
trade,2024-05-20,QQQ,Long,2024-05-20T14:24:00+00:00,2024-05-20T15:41:00+00:00,454.6614,454.4575,0.66,-0.13,-0.000448,4620000,MaxHoldTimeout,0.2770,-0.0360,0.0067,0.2514,0.4182,-0.4350,-0.1961,0.4173,,,
summary,2024-05-20,QQQ,,,,,,,-0.13,,1,,,,,,,,,,0.6234,2024-05-17T14:49:00+00:00,572,1099
trade,2024-05-20,AAPL,Long,2024-05-20T14:29:00+00:00,2024-05-20T15:30:00+00:00,191.5925,191.1126,1.57,-0.75,-0.002504,3660000,ScoreExit,0.3433,-0.0546,-0.2093,0.3409,0.5325,-0.5487,-0.2587,0.5184,,,
summary,2024-05-20,AAPL,,,,,,,-0.75,,1,,,,,,,,,,0.8585,2024-05-17T13:41:00+00:00,527,1088
summary,2024-05-20,NVDA,,,,,,,0.00,,0,,,,,,,,,,0.7834,2024-05-17T13:39:00+00:00,528,1192
trade,2024-05-20,MSFT,Long,2024-05-20T14:06:00+00:00,2024-05-20T14:53:00+00:00,425.0925,424.3926,0.71,-0.49,-0.001646,2820000,ScoreExit,0.2686,-0.0500,-0.5914,0.3020,0.4885,-0.5668,-0.2331,0.4885,,,
summary,2024-05-20,MSFT,,,,,,,-0.49,,1,,,,,,,,,,0.6077,2024-05-20T13:50:00+00:00,439,913
summary,2024-05-21,SPY,,,,,,,0.00,,0,,,,,,,,,,0.3795,2024-05-20T13:56:00+00:00,550,1262
summary,2024-05-21,QQQ,,,,,,,0.00,,0,,,,,,,,,,0.4926,2024-05-20T09:39:00+00:00,788,1335
trade,2024-05-21,AAPL,Long,2024-05-21T13:48:00+00:00,2024-05-21T15:42:00+00:00,191.8225,192.0075,1.56,0.29,0.000964,6840000,ScoreExit,0.2361,-0.0582,0.0991,0.1761,0.4019,-0.5531,-0.1984,0.3870,,,
summary,2024-05-21,AAPL,,,,,,,0.29,,1,,,,,,,,,,0.6476,2024-05-20T14:00:00+00:00,888,1244
summary,2024-05-21,NVDA,,,,,,,0.00,,0,,,,,,,,,,0.9073,2024-05-20T09:37:00+00:00,989,1429
trade,2024-05-21,MSFT,Long,2024-05-21T14:05:00+00:00,2024-05-21T15:56:00+00:00,427.7933,431.9550,0.70,2.92,0.009728,6660000,SessionClose,0.3329,0.3207,0.3213,0.2504,0.5018,-0.0401,0.2263,0.6298,,,
summary,2024-05-21,MSFT,,,,,,,2.92,,1,,,,,,,,,,0.7446,2024-05-20T13:43:00+00:00,758,1047
summary,2024-05-22,SPY,,,,,,,0.00,,0,,,,,,,,,,0.3795,2024-05-20T13:56:00+00:00,904,1964
summary,2024-05-22,QQQ,,,,,,,0.00,,0,,,,,,,,,,0.4926,2024-05-20T09:39:00+00:00,1216,2107
summary,2024-05-22,AAPL,,,,,,,0.00,,0,,,,,,,,,,0.6476,2024-05-20T14:00:00+00:00,1087,1886
summary,2024-05-22,NVDA,,,,,,,0.00,,0,,,,,,,,,,0.9073,2024-05-20T09:37:00+00:00,1449,2260
summary,2024-05-22,MSFT,,,,,,,0.00,,0,,,,,,,,,,0.7446,2024-05-20T13:43:00+00:00,1089,1590
summary,2024-05-23,SPY,,,,,,,0.00,,0,,,,,,,,,,0.7336,2024-05-20T14:49:00+00:00,1226,2564
summary,2024-05-23,QQQ,,,,,,,0.00,,0,,,,,,,,,,0.7975,2024-05-20T14:49:00+00:00,1599,2741
summary,2024-05-23,AAPL,,,,,,,0.00,,0,,,,,,,,,,0.8935,2024-05-20T13:58:00+00:00,1051,2437
summary,2024-05-23,NVDA,,,,,,,0.00,,0,,,,,,,,,,1.0000,2024-05-20T13:35:00+00:00,2015,2954
summary,2024-05-23,MSFT,,,,,,,0.00,,0,,,,,,,,,,0.9965,2024-05-20T13:38:00+00:00,1412,2222
summary,2024-05-24,SPY,,,,,,,0.00,,0,,,,,,,,,,0.7406,2024-05-21T14:42:00+00:00,1317,2617
summary,2024-05-24,QQQ,,,,,,,0.00,,0,,,,,,,,,,0.7720,2024-05-21T15:03:00+00:00,1582,2826
summary,2024-05-24,AAPL,,,,,,,0.00,,0,,,,,,,,,,0.7192,2024-05-21T14:00:00+00:00,715,2496
trade,2024-05-24,NVDA,Long,2024-05-24T14:31:00+00:00,2024-05-24T15:46:00+00:00,1040.3470,1044.3116,0.09,0.36,0.003811,4500000,ScoreExit,0.2533,-0.1417,-0.0197,0.1963,0.4583,-0.5351,-0.3380,0.3818,,,
summary,2024-05-24,NVDA,,,,,,,0.36,,1,,,,,,,,,,1.0000,2024-05-21T13:34:00+00:00,2469,3058
summary,2024-05-24,MSFT,,,,,,,0.00,,0,,,,,,,,,,0.9136,2024-05-21T14:41:00+00:00,1131,2184
summary,2024-05-27,SPY,,,,,,,0.00,,0,,,,,,,,,,0.8454,2024-05-24T15:04:00+00:00,351,511
summary,2024-05-27,QQQ,,,,,,,0.00,,0,,,,,,,,,,0.9396,2024-05-24T15:04:00+00:00,363,494
summary,2024-05-27,AAPL,,,,,,,0.00,,0,,,,,,,,,,0.9560,2024-05-24T15:04:00+00:00,427,498
summary,2024-05-27,NVDA,,,,,,,0.00,,0,,,,,,,,,,0.9570,2024-05-24T15:02:00+00:00,552,616
summary,2024-05-27,MSFT,,,,,,,0.00,,0,,,,,,,,,,0.9577,2024-05-24T15:04:00+00:00,415,450
summary,2024-05-28,SPY,,,,,,,0.00,,0,,,,,,,,,,0.4161,2024-05-28T09:53:00+00:00,252,595
summary,2024-05-28,QQQ,,,,,,,0.00,,0,,,,,,,,,,0.5262,2024-05-28T09:24:00+00:00,306,653
summary,2024-05-28,AAPL,,,,,,,0.00,,0,,,,,,,,,,0.9560,2024-05-28T09:34:00+00:00,163,679
summary,2024-05-28,NVDA,,,,,,,0.00,,0,,,,,,,,,,0.9053,2024-05-28T13:35:00+00:00,496,681
summary,2024-05-28,MSFT,,,,,,,0.00,,0,,,,,,,,,,0.3977,2024-05-28T12:05:00+00:00,272,526
summary,2024-05-29,SPY,,,,,,,0.00,,0,,,,,,,,,,0.4161,2024-05-28T09:53:00+00:00,436,1374
summary,2024-05-29,QQQ,,,,,,,0.00,,0,,,,,,,,,,0.5262,2024-05-28T09:24:00+00:00,633,1473
trade,2024-05-29,AAPL,Long,2024-05-29T14:01:00+00:00,2024-05-29T15:06:00+00:00,191.7325,191.8305,1.56,0.15,0.000511,3900000,ScoreExit,0.2870,-0.0719,-0.4550,0.3112,0.4858,-0.5402,-0.2385,0.4175,,,
summary,2024-05-29,AAPL,,,,,,,0.15,,1,,,,,,,,,,0.9560,2024-05-28T09:34:00+00:00,446,1411
summary,2024-05-29,NVDA,,,,,,,0.00,,0,,,,,,,,,,0.9053,2024-05-28T13:35:00+00:00,1211,1622
summary,2024-05-29,MSFT,,,,,,,0.00,,0,,,,,,,,,,0.4373,2024-05-29T13:50:00+00:00,584,1059
summary,2024-05-30,SPY,,,,,,,0.00,,0,,,,,,,,,,0.4161,2024-05-28T09:53:00+00:00,470,2199
summary,2024-05-30,QQQ,,,,,,,0.00,,0,,,,,,,,,,0.5262,2024-05-28T09:24:00+00:00,633,2321
summary,2024-05-30,AAPL,,,,,,,0.00,,0,,,,,,,,,,0.9560,2024-05-28T09:34:00+00:00,687,2122
summary,2024-05-30,NVDA,,,,,,,0.00,,0,,,,,,,,,,0.9053,2024-05-28T13:35:00+00:00,1661,2477
summary,2024-05-30,MSFT,,,,,,,0.00,,0,,,,,,,,,,0.4373,2024-05-29T13:50:00+00:00,584,1710
summary,2024-05-31,SPY,,,,,,,0.00,,0,,,,,,,,,,0.5326,2024-05-31T20:00:00+00:00,472,2800
summary,2024-05-31,QQQ,,,,,,,0.00,,0,,,,,,,,,,0.7131,2024-05-28T14:58:00+00:00,638,2918
summary,2024-05-31,AAPL,,,,,,,0.00,,0,,,,,,,,,,0.9929,2024-05-28T13:38:00+00:00,964,2556
summary,2024-05-31,NVDA,,,,,,,0.00,,0,,,,,,,,,,1.0000,2024-05-28T13:31:00+00:00,1660,3082
summary,2024-05-31,MSFT,,,,,,,0.00,,0,,,,,,,,,,0.8201,2024-05-28T13:40:00+00:00,582,2242
trade,2024-06-03,SPY,Long,2024-06-03T13:36:00+00:00,2024-06-03T13:51:00+00:00,528.8836,528.3365,0.57,-0.31,-0.001035,900000,ScoreExit,0.1476,-0.1101,-0.3904,0.1052,0.4119,-0.5393,-0.2995,0.4119,,,
summary,2024-06-03,SPY,,,,,,,-0.31,,1,,,,,,,,,,0.7389,2024-05-31T20:00:00+00:00,791,1230
summary,2024-06-03,QQQ,,,,,,,0.00,,0,,,,,,,,,,0.7361,2024-05-31T20:00:00+00:00,745,1219
summary,2024-06-03,AAPL,,,,,,,0.00,,0,,,,,,,,,,0.6510,2024-05-31T13:41:00+00:00,686,1133
trade,2024-06-03,NVDA,Long,2024-06-03T13:31:00+00:00,2024-06-03T14:09:00+00:00,1133.3449,1133.9947,0.12,0.08,0.000573,2280000,ScoreExit,0.4948,-0.0530,-0.2364,0.4705,0.7873,-0.3849,-0.3692,0.6901,,,
trade,2024-06-03,NVDA,Long,2024-06-03T14:26:00+00:00,2024-06-03T14:46:00+00:00,1136.6567,1135.5742,0.08,-0.09,-0.000952,1200000,ScoreExit,0.3948,-0.1029,0.2817,0.2660,0.6901,-0.3370,-0.4604,0.6901,,,
summary,2024-06-03,NVDA,,,,,,,-0.01,,2,,,,,,,,,,1.0000,2024-05-31T13:40:00+00:00,785,1282
summary,2024-06-03,MSFT,,,,,,,0.00,,0,,,,,,,,,,0.8682,2024-05-31T19:55:00+00:00,465,1053
summary,2024-06-04,SPY,,,,,,,0.00,,0,,,,,,,,,,0.4287,2024-06-04T18:29:00+00:00,704,1441
summary,2024-06-04,QQQ,,,,,,,0.00,,0,,,,,,,,,,0.4713,2024-06-04T18:29:00+00:00,775,1496
summary,2024-06-04,AAPL,,,,,,,0.00,,0,,,,,,,,,,0.6259,2024-06-03T13:47:00+00:00,718,1302
trade,2024-06-04,NVDA,Long,2024-06-04T14:36:00+00:00,2024-06-04T15:12:00+00:00,1146.6989,1143.9167,0.09,-0.24,-0.002426,2160000,ScoreExit,0.1373,-0.1004,-0.1179,0.0357,0.4255,-0.2152,-0.3070,0.3511,,,
summary,2024-06-04,NVDA,,,,,,,-0.24,,1,,,,,,,,,,0.8782,2024-06-03T09:12:00+00:00,1177,1591
summary,2024-06-04,MSFT,,,,,,,0.00,,0,,,,,,,,,,0.4590,2024-06-04T12:03:00+00:00,555,1110
summary,2024-06-05,SPY,,,,,,,0.00,,0,,,,,,,,,,0.4287,2024-06-04T18:29:00+00:00,1354,2215
trade,2024-06-05,QQQ,Long,2024-06-05T14:01:00+00:00,2024-06-05T14:10:00+00:00,458.1924,457.0878,0.65,-0.72,-0.002411,540000,ScoreExit,0.2494,-0.0574,0.2561,0.1579,0.4303,-0.3996,-0.2442,0.4303,,,
trade,2024-06-05,QQQ,Long,2024-06-05T14:41:00+00:00,2024-06-05T15:56:00+00:00,459.9830,460.7367,0.65,0.49,0.001639,4500000,SessionClose,0.3247,0.0488,0.2800,0.2793,0.4303,-0.3386,-0.0818,0.4389,,,
summary,2024-06-05,QQQ,,,,,,,-0.23,,2,,,,,,,,,,0.4713,2024-06-04T18:29:00+00:00,1530,2320
summary,2024-06-05,AAPL,,,,,,,0.00,,0,,,,,,,,,,0.6259,2024-06-03T13:47:00+00:00,1300,2003
trade,2024-06-05,NVDA,Long,2024-06-05T14:51:00+00:00,2024-06-05T15:24:00+00:00,1197.6542,1197.3857,0.12,-0.03,-0.000224,1980000,ScoreExit,0.1972,-0.0522,-0.3113,0.0876,0.5859,-0.5387,-0.2717,0.5491,,,
summary,2024-06-05,NVDA,,,,,,,-0.03,,1,,,,,,,,,,0.8782,2024-06-03T09:12:00+00:00,1943,2486
summary,2024-06-05,MSFT,,,,,,,0.00,,0,,,,,,,,,,0.4590,2024-06-04T12:03:00+00:00,1063,1692
summary,2024-06-06,SPY,,,,,,,0.00,,0,,,,,,,,,,0.4704,2024-06-03T20:21:00+00:00,1613,2704
summary,2024-06-06,QQQ,,,,,,,0.00,,0,,,,,,,,,,0.5068,2024-06-03T20:19:00+00:00,1941,2882
summary,2024-06-06,AAPL,,,,,,,0.00,,0,,,,,,,,,,0.8924,2024-06-03T14:18:00+00:00,1685,2536
summary,2024-06-06,NVDA,,,,,,,0.00,,0,,,,,,,,,,1.0000,2024-06-03T13:38:00+00:00,2414,3132
summary,2024-06-06,MSFT,,,,,,,0.00,,0,,,,,,,,,,0.5510,2024-06-03T23:09:00+00:00,1369,2120
summary,2024-06-07,SPY,,,,,,,0.00,,0,,,,,,,,,,0.5889,2024-06-04T18:29:00+00:00,1929,2635
summary,2024-06-07,QQQ,,,,,,,0.00,,0,,,,,,,,,,0.6341,2024-06-04T18:29:00+00:00,2214,2827
summary,2024-06-07,AAPL,,,,,,,0.00,,0,,,,,,,,,,0.6348,2024-06-04T14:44:00+00:00,1593,2527
summary,2024-06-07,NVDA,,,,,,,0.00,,0,,,,,,,,,,0.8260,2024-06-04T18:50:00+00:00,2113,3099
summary,2024-06-07,MSFT,,,,,,,0.00,,0,,,,,,,,,,0.9050,2024-06-04T14:40:00+00:00,1675,2087
summary,2024-06-10,SPY,,,,,,,0.00,,0,,,,,,,,,,0.8901,2024-06-07T14:48:00+00:00,477,1129
summary,2024-06-10,QQQ,,,,,,,0.00,,0,,,,,,,,,,0.8879,2024-06-07T14:48:00+00:00,505,1177
summary,2024-06-10,AAPL,,,,,,,0.00,,0,,,,,,,,,,0.9402,2024-06-07T14:48:00+00:00,737,1217
summary,2024-06-10,NVDA,,,,,,,0.00,,0,,,,,,,,,,1.0000,2024-06-07T13:36:00+00:00,863,1323
trade,2024-06-10,MSFT,Long,2024-06-10T13:59:00+00:00,2024-06-10T15:15:00+00:00,427.5232,426.6270,0.70,-0.63,-0.002096,4560000,MaxHoldTimeout,0.3395,0.2071,0.2649,0.2763,0.4909,0.2521,0.0762,0.4539,,,
summary,2024-06-10,MSFT,,,,,,,-0.63,,1,,,,,,,,,,0.7772,2024-06-07T14:49:00+00:00,531,915
summary,2024-06-11,SPY,,,,,,,0.00,,0,,,,,,,,,,0.4155,2024-06-10T17:49:00+00:00,841,1313
summary,2024-06-11,QQQ,,,,,,,0.00,,0,,,,,,,,,,0.4825,2024-06-10T15:09:00+00:00,915,1394
summary,2024-06-11,AAPL,,,,,,,0.00,,0,,,,,,,,,,0.8271,2024-06-11T13:59:00+00:00,585,1509
summary,2024-06-11,NVDA,,,,,,,0.00,,0,,,,,,,,,,0.8563,2024-06-10T08:30:00+00:00,1220,1677
summary,2024-06-11,MSFT,,,,,,,0.00,,0,,,,,,,,,,0.6627,2024-06-10T12:09:00+00:00,672,992
trade,2024-06-12,SPY,Long,2024-06-12T14:10:00+00:00,2024-06-12T15:12:00+00:00,542.8578,542.8671,0.55,0.01,0.000017,3720000,ScoreExit,0.1128,-0.0527,-0.2429,0.0111,0.4346,-0.3369,-0.2491,0.4346,,,
summary,2024-06-12,SPY,,,,,,,0.01,,1,,,,,,,,,,0.4924,2024-06-12T12:52:00+00:00,1389,2030
summary,2024-06-12,QQQ,,,,,,,0.00,,0,,,,,,,,,,0.5053,2024-06-12T12:31:00+00:00,1570,2183
summary,2024-06-12,AAPL,,,,,,,0.00,,0,,,,,,,,,,0.8271,2024-06-11T13:59:00+00:00,1315,2418
trade,2024-06-12,NVDA,Long,2024-06-12T14:31:00+00:00,2024-06-12T15:47:00+00:00,126.6930,125.5873,2.38,-2.63,-0.008727,4560000,MaxHoldTimeout,0.3992,0.1469,0.3461,0.2929,0.6295,0.0654,-0.0854,0.6387,,,
summary,2024-06-12,NVDA,,,,,,,-2.63,,1,,,,,,,,,,0.8563,2024-06-10T08:30:00+00:00,1963,2616
trade,2024-06-12,MSFT,Long,2024-06-12T13:41:00+00:00,2024-06-12T15:42:00+00:00,435.5156,438.7033,0.69,2.20,0.007319,7260000,MaxHoldTimeout,0.1746,0.3953,0.1489,0.0177,0.4970,0.5477,0.3114,0.5124,,,
summary,2024-06-12,MSFT,,,,,,,2.20,,1,,,,,,,,,,0.6627,2024-06-10T12:09:00+00:00,1261,1646
summary,2024-06-13,SPY,,,,,,,0.00,,0,,,,,,,,,,0.6891,2024-06-10T14:52:00+00:00,1826,2638
summary,2024-06-13,QQQ,,,,,,,0.00,,0,,,,,,,,,,0.8342,2024-06-10T15:00:00+00:00,2160,2796
summary,2024-06-13,AAPL,,,,,,,0.00,,0,,,,,,,,,,0.8486,2024-06-11T14:00:00+00:00,1923,3077
trade,2024-06-13,NVDA,Long,2024-06-13T14:36:00+00:00,2024-06-13T14:56:00+00:00,128.5135,128.2170,2.34,-0.69,-0.002307,1200000,ScoreExit,0.2135,-0.1046,0.1240,0.0764,0.5175,-0.2593,-0.3898,0.5175,,,
summary,2024-06-13,NVDA,,,,,,,-0.69,,1,,,,,,,,,,1.0000,2024-06-10T13:32:00+00:00,2720,3246
summary,2024-06-13,MSFT,,,,,,,0.00,,0,,,,,,,,,,0.9059,2024-06-10T13:50:00+00:00,1720,2250
summary,2024-06-14,SPY,,,,,,,0.00,,0,,,,,,,,,,0.8104,2024-06-11T14:59:00+00:00,1917,2689
summary,2024-06-14,QQQ,,,,,,,0.00,,0,,,,,,,,,,0.8674,2024-06-11T14:59:00+00:00,2343,2886
summary,2024-06-14,AAPL,,,,,,,0.00,,0,,,,,,,,,,1.0000,2024-06-11T13:33:00+00:00,2420,3056
trade,2024-06-14,NVDA,Long,2024-06-14T13:46:00+00:00,2024-06-14T15:16:00+00:00,129.2188,131.2184,2.33,4.65,0.015475,5400000,ScoreExit,0.2460,-0.1433,0.3095,0.0985,0.5199,-0.5569,-0.3611,0.4302,,,
summary,2024-06-14,NVDA,,,,,,,4.65,,1,,,,,,,,,,1.0000,2024-06-11T13:36:00+00:00,2536,3250
summary,2024-06-14,MSFT,,,,,,,0.00,,0,,,,,,,,,,0.8706,2024-06-11T14:53:00+00:00,1871,2348
summary,2024-06-17,SPY,,,,,,,0.00,,0,,,,,,,,,,0.4118,2024-06-17T16:29:00+00:00,827,1122
summary,2024-06-17,QQQ,,,,,,,0.00,,0,,,,,,,,,,0.4711,2024-06-17T17:35:00+00:00,977,1210
trade,2024-06-17,AAPL,Long,2024-06-17T13:43:00+00:00,2024-06-17T15:44:00+00:00,213.7791,216.6600,1.40,4.04,0.013476,7260000,MaxHoldTimeout,0.2429,0.2840,0.1682,0.1764,0.4009,0.5057,0.0824,0.6132,,,
summary,2024-06-17,AAPL,,,,,,,4.04,,1,,,,,,,,,,0.6677,2024-06-14T13:33:00+00:00,613,1234
summary,2024-06-17,NVDA,,,,,,,0.00,,0,,,,,,,,,,0.9094,2024-06-14T13:53:00+00:00,1055,1351
summary,2024-06-17,MSFT,,,,,,,0.00,,0,,,,,,,,,,0.9561,2024-06-14T14:59:00+00:00,776,942
summary,2024-06-18,SPY,,,,,,,0.00,,0,,,,,,,,,,0.5560,2024-06-17T18:07:00+00:00,892,1300
summary,2024-06-18,QQQ,,,,,,,0.00,,0,,,,,,,,,,0.6046,2024-06-17T16:46:00+00:00,943,1468
summary,2024-06-18,AAPL,,,,,,,0.00,,0,,,,,,,,,,0.7606,2024-06-17T08:18:00+00:00,785,1471
trade,2024-06-18,NVDA,Long,2024-06-18T13:37:00+00:00,2024-06-18T15:38:00+00:00,131.6795,133.9249,2.28,5.12,0.017052,7260000,MaxHoldTimeout,0.2725,0.5477,0.1405,0.1954,0.4707,0.5772,0.3989,0.8355,,,
summary,2024-06-18,NVDA,,,,,,,5.12,,1,,,,,,,,,,0.6381,2024-06-17T16:44:00+00:00,967,1679
summary,2024-06-18,MSFT,,,,,,,0.00,,0,,,,,,,,,,0.6314,2024-06-17T15:24:00+00:00,665,1067
summary,2024-06-19,SPY,,,,,,,0.00,,0,,,,,,,,,,0.5560,2024-06-17T18:07:00+00:00,1024,1455
summary,2024-06-19,QQQ,,,,,,,0.00,,0,,,,,,,,,,0.6046,2024-06-17T16:46:00+00:00,1057,1612
summary,2024-06-19,AAPL,,,,,,,0.00,,0,,,,,,,,,,0.7606,2024-06-17T08:18:00+00:00,785,1666
summary,2024-06-19,NVDA,,,,,,,0.00,,0,,,,,,,,,,0.6381,2024-06-17T16:44:00+00:00,1174,1918
summary,2024-06-19,MSFT,,,,,,,0.00,,0,,,,,,,,,,0.6314,2024-06-17T15:24:00+00:00,711,1164
summary,2024-06-20,SPY,,,,,,,0.00,,0,,,,,,,,,,0.7562,2024-06-17T15:04:00+00:00,1346,1859
summary,2024-06-20,QQQ,,,,,,,0.00,,0,,,,,,,,,,0.7438,2024-06-17T15:04:00+00:00,1287,2010
summary,2024-06-20,AAPL,,,,,,,0.00,,0,,,,,,,,,,0.9599,2024-06-17T14:57:00+00:00,740,2009
trade,2024-06-20,NVDA,Long,2024-06-20T13:44:00+00:00,2024-06-20T14:06:00+00:00,140.0620,139.5231,2.14,-1.16,-0.003847,1320000,ScoreExit,0.2529,-0.1100,0.1157,0.1022,0.6001,-0.4169,-0.3483,0.4689,,,
trade,2024-06-20,NVDA,Long,2024-06-20T14:37:00+00:00,2024-06-20T15:41:00+00:00,138.8088,138.6481,2.16,-0.35,-0.001158,3840000,ScoreExit,0.1715,-0.1288,0.2369,0.0119,0.4689,-0.3203,-0.2822,0.2420,,,
summary,2024-06-20,NVDA,,,,,,,-1.50,,2,,,,,,,,,,0.7992,2024-06-17T13:38:00+00:00,1422,2309
summary,2024-06-20,MSFT,,,,,,,0.00,,0,,,,,,,,,,0.6800,2024-06-17T13:31:00+00:00,763,1598
summary,2024-06-21,SPY,,,,,,,0.00,,0,,,,,,,,,,0.3891,2024-06-20T08:01:00+00:00,743,1929
summary,2024-06-21,QQQ,,,,,,,0.00,,0,,,,,,,,,,0.4533,2024-06-20T08:06:00+00:00,642,2062
summary,2024-06-21,AAPL,,,,,,,0.00,,0,,,,,,,,,,0.6163,2024-06-18T13:34:00+00:00,120,1993
summary,2024-06-21,NVDA,,,,,,,0.00,,0,,,,,,,,,,1.0000,2024-06-18T13:35:00+00:00,1037,2311
summary,2024-06-21,MSFT,,,,,,,0.00,,0,,,,,,,,,,0.4544,2024-06-21T13:32:00+00:00,720,1608
summary,2024-06-24,SPY,,,,,,,0.00,,0,,,,,,,,,,0.5887,2024-06-21T15:02:00+00:00,608,1161
summary,2024-06-24,QQQ,,,,,,,0.00,,0,,,,,,,,,,0.5863,2024-06-21T15:02:00+00:00,279,1198
trade,2024-06-24,AAPL,Long,2024-06-24T14:27:00+00:00,2024-06-24T15:56:00+00:00,209.2479,211.9764,1.43,3.91,0.013040,5340000,SessionClose,0.3066,0.1574,-0.0727,0.2884,0.4696,0.0945,-0.0698,0.6326,,,
summary,2024-06-24,AAPL,,,,,,,3.91,,1,,,,,,,,,,1.0000,2024-06-21T13:32:00+00:00,329,1261
summary,2024-06-24,NVDA,,,,,,,0.00,,0,,,,,,,,,,1.0000,2024-06-21T13:31:00+00:00,255,1351
summary,2024-06-24,MSFT,,,,,,,0.00,,0,,,,,,,,,,1.0000,2024-06-21T13:34:00+00:00,597,987
summary,2024-06-25,SPY,,,,,,,0.00,,0,,,,,,,,,,0.5469,2024-06-24T14:09:00+00:00,566,1363
summary,2024-06-25,QQQ,,,,,,,0.00,,0,,,,,,,,,,0.4721,2024-06-24T14:09:00+00:00,536,1506
trade,2024-06-25,AAPL,Long,2024-06-25T13:42:00+00:00,2024-06-25T14:16:00+00:00,210.6455,209.5021,1.43,-1.63,-0.005428,2040000,ScoreExit,0.2045,-0.0848,0.0224,0.1060,0.4621,-0.5800,-0.1428,0.1964,,,
summary,2024-06-25,AAPL,,,,,,,-1.63,,1,,,,,,,,,,0.6820,2024-06-24T15:03:00+00:00,747,1442
trade,2024-06-25,NVDA,Long,2024-06-25T13:46:00+00:00,2024-06-25T15:47:00+00:00,121.2864,124.0078,2.46,6.70,0.022438,7260000,MaxHoldTimeout,0.4196,0.4240,0.3887,0.2776,0.7138,-0.4988,0.3384,0.9029,,,
summary,2024-06-25,NVDA,,,,,,,6.70,,1,,,,,,,,,,0.8162,2024-06-25T09:07:00+00:00,881,1681
summary,2024-06-25,MSFT,,,,,,,0.00,,0,,,,,,,,,,0.7631,2024-06-24T10:20:00+00:00,470,1084
summary,2024-06-26,SPY,,,,,,,0.00,,0,,,,,,,,,,0.5469,2024-06-24T14:09:00+00:00,867,2127
summary,2024-06-26,QQQ,,,,,,,0.00,,0,,,,,,,,,,0.4721,2024-06-24T14:09:00+00:00,1078,2337
trade,2024-06-26,AAPL,Long,2024-06-26T14:01:00+00:00,2024-06-26T15:56:00+00:00,211.5464,214.2957,1.42,3.90,0.012996,6900000,SessionClose,0.2651,0.3675,-0.1148,0.2289,0.4642,0.5708,0.2645,0.5056,,,
summary,2024-06-26,AAPL,,,,,,,3.90,,1,,,,,,,,,,0.6820,2024-06-24T15:03:00+00:00,1193,2209
summary,2024-06-26,NVDA,,,,,,,0.00,,0,,,,,,,,,,0.8162,2024-06-25T09:07:00+00:00,1569,2641
summary,2024-06-26,MSFT,,,,,,,0.00,,0,,,,,,,,,,0.7631,2024-06-24T10:20:00+00:00,841,1635
summary,2024-06-27,SPY,,,,,,,0.00,,0,,,,,,,,,,0.6674,2024-06-24T14:09:00+00:00,1178,2646
summary,2024-06-27,QQQ,,,,,,,0.00,,0,,,,,,,,,,0.6152,2024-06-24T14:01:00+00:00,1542,2874
summary,2024-06-27,AAPL,,,,,,,0.00,,0,,,,,,,,,,0.9598,2024-06-24T15:03:00+00:00,1669,2678
summary,2024-06-27,NVDA,,,,,,,0.00,,0,,,,,,,,,,1.0000,2024-06-24T13:31:00+00:00,2023,3271
summary,2024-06-27,MSFT,,,,,,,0.00,,0,,,,,,,,,,0.9011,2024-06-24T14:03:00+00:00,1102,2031
summary,2024-06-28,SPY,,,,,,,0.00,,0,,,,,,,,,,0.3989,2024-06-28T14:12:00+00:00,1500,2646
summary,2024-06-28,QQQ,,,,,,,0.00,,0,,,,,,,,,,0.5802,2024-06-25T15:03:00+00:00,1879,2825
summary,2024-06-28,AAPL,,,,,,,0.00,,0,,,,,,,,,,0.9911,2024-06-25T13:38:00+00:00,1627,2654
summary,2024-06-28,NVDA,,,,,,,0.00,,0,,,,,,,,,,0.9586,2024-06-25T15:02:00+00:00,2085,3257
summary,2024-06-28,MSFT,,,,,,,0.00,,0,,,,,,,,,,0.8814,2024-06-25T14:41:00+00:00,1243,2002
summary,2024-07-01,SPY,,,,,,,0.00,,0,,,,,,,,,,0.6462,2024-06-28T14:12:00+00:00,251,1159
summary,2024-07-01,QQQ,,,,,,,0.00,,0,,,,,,,,,,0.8989,2024-06-28T14:05:00+00:00,242,1166
trade,2024-07-01,AAPL,Long,2024-07-01T13:39:00+00:00,2024-07-01T15:40:00+00:00,213.6392,214.8605,1.40,1.72,0.005717,7260000,MaxHoldTimeout,0.4490,0.1342,0.3552,0.4033,0.5716,-0.0491,-0.0983,0.6604,,,
summary,2024-07-01,AAPL,,,,,,,1.72,,1,,,,,,,,,,0.5650,2024-06-28T14:14:00+00:00,393,1129
summary,2024-07-01,NVDA,,,,,,,0.00,,0,,,,,,,,,,0.9474,2024-06-28T13:45:00+00:00,416,1348
trade,2024-07-01,MSFT,Long,2024-07-01T14:51:00+00:00,2024-07-01T15:56:00+00:00,451.3204,452.3493,0.66,0.68,0.002280,3900000,SessionClose,0.1416,0.4107,-0.3950,0.0984,0.4067,0.2846,0.3533,0.5676,,,
summary,2024-07-01,MSFT,,,,,,,0.68,,1,,,,,,,,,,0.8552,2024-06-28T14:08:00+00:00,488,999
summary,2024-07-02,SPY,,,,,,,0.00,,0,,,,,,,,,,0.3962,2024-07-02T19:59:00+00:00,778,1367
trade,2024-07-02,QQQ,Long,2024-07-02T14:07:00+00:00,2024-07-02T15:56:00+00:00,482.4497,483.6199,0.62,0.73,0.002425,6540000,ScoreExit,0.1465,-0.0773,-0.0885,0.0352,0.4475,-0.4875,-0.2714,0.4478,,,
summary,2024-07-02,QQQ,,,,,,,0.73,,1,,,,,,,,,,0.5913,2024-07-01T16:14:00+00:00,1036,1441
trade,2024-07-02,AAPL,Long,2024-07-02T13:40:00+00:00,2024-07-02T15:41:00+00:00,216.7150,219.7491,1.39,4.20,0.014000,7260000,MaxHoldTimeout,0.4462,0.2634,0.3720,0.3840,0.5952,0.1731,0.0985,0.6234,,,
summary,2024-07-02,AAPL,,,,,,,4.20,,1,,,,,,,,,,0.6252,2024-07-01T16:44:00+00:00,1099,1327
summary,2024-07-02,NVDA,,,,,,,0.00,,0,,,,,,,,,,0.6998,2024-07-01T15:28:00+00:00,1146,1677
trade,2024-07-02,MSFT,Long,2024-07-02T14:11:00+00:00,2024-07-02T15:18:00+00:00,456.8620,456.2016,0.66,-0.43,-0.001446,4020000,ScoreExit,0.2411,-0.0867,-0.2190,0.2166,0.4434,-0.4831,-0.2508,0.3737,,,
summary,2024-07-02,MSFT,,,,,,,-0.43,,1,,,,,,,,,,0.7654,2024-07-01T10:46:00+00:00,911,1078
summary,2024-07-03,SPY,,,,,,,0.00,,0,,,,,,,,,,0.3962,2024-07-02T19:59:00+00:00,1297,2076
summary,2024-07-03,QQQ,,,,,,,0.00,,0,,,,,,,,,,0.5913,2024-07-01T16:14:00+00:00,1601,2195
summary,2024-07-03,AAPL,,,,,,,0.00,,0,,,,,,,,,,0.6252,2024-07-01T16:44:00+00:00,1627,2064
trade,2024-07-03,NVDA,Long,2024-07-03T14:07:00+00:00,2024-07-03T14:26:00+00:00,122.4717,121.7885,2.45,-1.67,-0.005579,1140000,ScoreExit,0.1657,-0.1001,0.0777,0.0275,0.4716,-0.5159,-0.2506,0.3394,,,
summary,2024-07-03,NVDA,,,,,,,-1.67,,1,,,,,,,,,,0.6998,2024-07-01T15:28:00+00:00,1508,2634
summary,2024-07-03,MSFT,,,,,,,0.00,,0,,,,,,,,,,0.7654,2024-07-01T10:46:00+00:00,1182,1467
summary,2024-07-04,SPY,,,,,,,0.00,,0,,,,,,,,,,0.4134,2024-07-01T16:14:00+00:00,1159,1865
summary,2024-07-04,QQQ,,,,,,,0.00,,0,,,,,,,,,,0.6563,2024-07-01T16:14:00+00:00,1545,1966
summary,2024-07-04,AAPL,,,,,,,0.00,,0,,,,,,,,,,0.9726,2024-07-01T13:36:00+00:00,1594,1906
summary,2024-07-04,NVDA,,,,,,,0.00,,0,,,,,,,,,,0.9123,2024-07-01T14:22:00+00:00,1529,2365
summary,2024-07-04,MSFT,,,,,,,0.00,,0,,,,,,,,,,0.8988,2024-07-01T14:22:00+00:00,1185,1380
summary,2024-07-05,SPY,,,,,,,0.00,,0,,,,,,,,,,0.5843,2024-07-02T14:54:00+00:00,1414,1699
summary,2024-07-05,QQQ,,,,,,,0.00,,0,,,,,,,,,,0.8296,2024-07-02T15:02:00+00:00,1575,1818
summary,2024-07-05,AAPL,,,,,,,0.00,,0,,,,,,,,,,0.9584,2024-07-02T14:51:00+00:00,1415,1710
summary,2024-07-05,NVDA,,,,,,,0.00,,0,,,,,,,,,,0.9495,2024-07-02T13:46:00+00:00,1272,2128
trade,2024-07-05,MSFT,Long,2024-07-05T13:31:00+00:00,2024-07-05T15:32:00+00:00,460.1130,465.3753,0.65,3.43,0.011437,7260000,MaxHoldTimeout,0.2939,0.1298,-0.2948,0.2986,0.4807,-0.0354,-0.0498,0.5443,,,
summary,2024-07-05,MSFT,,,,,,,3.43,,1,,,,,,,,,,0.9363,2024-07-02T13:46:00+00:00,1039,1272
summary,2024-07-08,SPY,,,,,,,0.00,,0,,,,,,,,,,0.5579,2024-07-05T14:44:00+00:00,794,1094
summary,2024-07-08,QQQ,,,,,,,0.00,,0,,,,,,,,,,0.8005,2024-07-05T14:48:00+00:00,904,1163
trade,2024-07-08,AAPL,Long,2024-07-08T14:42:00+00:00,2024-07-08T15:56:00+00:00,225.5526,226.6275,1.33,1.43,0.004765,4440000,SessionClose,0.2237,0.1562,0.0374,0.1565,0.4202,-0.1912,-0.0378,0.6600,,,
summary,2024-07-08,AAPL,,,,,,,1.43,,1,,,,,,,,,,0.8958,2024-07-05T14:01:00+00:00,1065,1170
summary,2024-07-08,NVDA,,,,,,,0.00,,0,,,,,,,,,,0.8712,2024-07-05T13:31:00+00:00,669,1351
summary,2024-07-08,MSFT,,,,,,,0.00,,0,,,,,,,,,,0.9763,2024-07-05T13:39:00+00:00,681,959
summary,2024-07-09,SPY,,,,,,,0.00,,0,,,,,,,,,,0.4813,2024-07-08T09:54:00+00:00,694,1305
summary,2024-07-09,QQQ,,,,,,,0.00,,0,,,,,,,,,,0.5549,2024-07-08T09:28:00+00:00,947,1419
trade,2024-07-09,AAPL,Long,2024-07-09T14:06:00+00:00,2024-07-09T14:36:00+00:00,228.2334,228.0361,1.31,-0.26,-0.000865,1800000,ScoreExit,0.2591,-0.0689,0.0368,0.2112,0.4288,-0.5201,-0.2425,0.4288,,,
trade,2024-07-09,AAPL,Long,2024-07-09T14:56:00+00:00,2024-07-09T15:25:00+00:00,227.9484,227.5467,1.32,-0.53,-0.001762,1740000,ScoreExit,0.1624,-0.0599,-0.1936,0.0900,0.4260,-0.4550,-0.2009,0.3539,,,
summary,2024-07-09,AAPL,,,,,,,-0.79,,2,,,,,,,,,,0.6356,2024-07-08T15:09:00+00:00,1066,1364
trade,2024-07-09,NVDA,Long,2024-07-09T14:09:00+00:00,2024-07-09T15:25:00+00:00,132.7628,131.8804,2.26,-2.00,-0.006646,4560000,MaxHoldTimeout,0.5811,0.0278,0.1799,0.5497,0.7775,-0.1680,-0.2638,0.6764,,,
summary,2024-07-09,NVDA,,,,,,,-2.00,,1,,,,,,,,,,0.7594,2024-07-08T13:57:00+00:00,1213,1679
summary,2024-07-09,MSFT,,,,,,,0.00,,0,,,,,,,,,,0.4035,2024-07-08T12:03:00+00:00,204,1016
summary,2024-07-10,SPY,,,,,,,0.00,,0,,,,,,,,,,0.4813,2024-07-08T09:54:00+00:00,1221,2008
summary,2024-07-10,QQQ,,,,,,,0.00,,0,,,,,,,,,,0.5549,2024-07-08T09:28:00+00:00,1550,2185
summary,2024-07-10,AAPL,,,,,,,0.00,,0,,,,,,,,,,0.6356,2024-07-08T15:09:00+00:00,1705,2109
trade,2024-07-10,NVDA,Long,2024-07-10T13:49:00+00:00,2024-07-10T15:50:00+00:00,133.5258,134.2247,2.25,1.57,0.005234,7260000,MaxHoldTimeout,0.2099,0.2209,0.1317,0.1044,0.4470,-0.2006,0.1085,0.5863,,,
summary,2024-07-10,NVDA,,,,,,,1.57,,1,,,,,,,,,,0.7594,2024-07-08T13:57:00+00:00,2117,2638
summary,2024-07-10,MSFT,,,,,,,0.00,,0,,,,,,,,,,0.4410,2024-07-10T17:04:00+00:00,407,1586
summary,2024-07-11,SPY,,,,,,,0.00,,0,,,,,,,,,,0.4156,2024-07-11T12:32:00+00:00,1494,2578
summary,2024-07-11,QQQ,,,,,,,0.00,,0,,,,,,,,,,0.5375,2024-07-08T23:59:00+00:00,1715,2728
summary,2024-07-11,AAPL,,,,,,,0.00,,0,,,,,,,,,,0.8652,2024-07-08T15:04:00+00:00,1920,2649
summary,2024-07-11,NVDA,,,,,,,0.00,,0,,,,,,,,,,1.0000,2024-07-08T13:33:00+00:00,2142,3265
summary,2024-07-11,MSFT,,,,,,,0.00,,0,,,,,,,,,,0.5786,2024-07-08T13:51:00+00:00,513,2070
summary,2024-07-12,SPY,,,,,,,0.00,,0,,,,,,,,,,0.4134,2024-07-11T12:32:00+00:00,1262,2599
summary,2024-07-12,QQQ,,,,,,,0.00,,0,,,,,,,,,,0.4258,2024-07-10T16:43:00+00:00,1181,2841
trade,2024-07-12,AAPL,Long,2024-07-12T14:16:00+00:00,2024-07-12T15:56:00+00:00,230.9443,231.4156,1.30,0.61,0.002041,6000000,ScoreExit,0.1413,-0.1776,-0.3155,0.0869,0.4025,-0.4753,-0.3784,0.3233,,,
summary,2024-07-12,AAPL,,,,,,,0.61,,1,,,,,,,,,,0.8901,2024-07-09T14:18:00+00:00,1459,2698
summary,2024-07-12,NVDA,,,,,,,0.00,,0,,,,,,,,,,0.9426,2024-07-09T13:45:00+00:00,1677,3267
summary,2024-07-12,MSFT,,,,,,,0.00,,0,,,,,,,,,,0.5116,2024-07-10T17:00:00+00:00,572,2154
summary,2024-07-15,SPY,,,,,,,0.00,,0,,,,,,,,,,0.8986,2024-07-12T14:49:00+00:00,718,1146
trade,2024-07-15,QQQ,Long,2024-07-15T14:46:00+00:00,2024-07-15T15:32:00+00:00,499.0447,499.3052,0.60,0.16,0.000522,2760000,ScoreExit,0.3343,-0.0515,-0.0391,0.3230,0.4815,-0.5252,-0.2308,0.4651,,,
summary,2024-07-15,QQQ,,,,,,,0.16,,1,,,,,,,,,,0.9578,2024-07-12T14:40:00+00:00,708,1171
trade,2024-07-15,AAPL,Long,2024-07-15T14:36:00+00:00,2024-07-15T15:53:00+00:00,235.0300,234.7246,1.28,-0.39,-0.001300,4620000,MaxHoldTimeout,0.2718,-0.0490,0.3834,0.0982,0.5818,-0.5428,-0.2706,0.5589,,,
summary,2024-07-15,AAPL,,,,,,,-0.39,,1,,,,,,,,,,0.9566,2024-07-12T14:55:00+00:00,853,1214
trade,2024-07-15,NVDA,Long,2024-07-15T13:31:00+00:00,2024-07-15T13:36:00+00:00,130.9643,130.5108,2.29,-1.04,-0.003462,300000,ScoreExit,0.1600,-0.1535,0.1294,0.0093,0.4715,-0.2875,-0.4131,0.4104,,,
summary,2024-07-15,NVDA,,,,,,,-1.04,,1,,,,,,,,,,0.9614,2024-07-12T14:41:00+00:00,681,1345
trade,2024-07-15,MSFT,Long,2024-07-15T14:52:00+00:00,2024-07-15T15:31:00+00:00,455.7517,455.3184,0.66,-0.29,-0.000951,2340000,ScoreExit,0.2104,-0.0510,0.1287,0.1012,0.4562,-0.5278,-0.2023,0.4105,,,
summary,2024-07-15,MSFT,,,,,,,-0.29,,1,,,,,,,,,,0.8997,2024-07-12T14:44:00+00:00,599,982
summary,2024-07-16,SPY,,,,,,,0.00,,0,,,,,,,,,,0.7021,2024-07-15T09:25:00+00:00,756,1344
summary,2024-07-16,QQQ,,,,,,,0.00,,0,,,,,,,,,,0.6048,2024-07-15T15:14:00+00:00,623,1440
summary,2024-07-16,AAPL,,,,,,,0.00,,0,,,,,,,,,,0.9587,2024-07-15T09:17:00+00:00,849,1458
summary,2024-07-16,NVDA,,,,,,,0.00,,0,,,,,,,,,,0.6641,2024-07-15T08:07:00+00:00,423,1671
summary,2024-07-16,MSFT,,,,,,,0.00,,0,,,,,,,,,,0.6954,2024-07-15T12:04:00+00:00,232,1033
summary,2024-07-17,SPY,,,,,,,0.00,,0,,,,,,,,,,0.7021,2024-07-15T09:25:00+00:00,863,2155
summary,2024-07-17,QQQ,,,,,,,0.00,,0,,,,,,,,,,0.6048,2024-07-15T15:14:00+00:00,683,2291
summary,2024-07-17,AAPL,,,,,,,0.00,,0,,,,,,,,,,0.9587,2024-07-15T09:17:00+00:00,876,2261
summary,2024-07-17,NVDA,,,,,,,0.00,,0,,,,,,,,,,0.6641,2024-07-15T08:07:00+00:00,423,2631
summary,2024-07-17,MSFT,,,,,,,0.00,,0,,,,,,,,,,0.6954,2024-07-15T12:04:00+00:00,232,1670
summary,2024-07-18,SPY,,,,,,,0.00,,0,,,,,,,,,,0.8198,2024-07-15T15:04:00+00:00,705,2757
summary,2024-07-18,QQQ,,,,,,,0.00,,0,,,,,,,,,,0.9099,2024-07-15T15:01:00+00:00,502,2964
summary,2024-07-18,AAPL,,,,,,,0.00,,0,,,,,,,,,,0.6800,2024-07-15T15:04:00+00:00,557,2747
summary,2024-07-18,NVDA,,,,,,,0.00,,0,,,,,,,,,,0.6868,2024-07-15T15:01:00+00:00,764,3267
summary,2024-07-18,MSFT,,,,,,,0.00,,0,,,,,,,,,,0.9695,2024-07-15T13:41:00+00:00,200,2152
summary,2024-07-19,SPY,,,,,,,0.00,,0,,,,,,,,,,0.5894,2024-07-16T15:04:00+00:00,347,2824
summary,2024-07-19,QQQ,,,,,,,0.00,,0,,,,,,,,,,0.4594,2024-07-16T13:39:00+00:00,206,3061
summary,2024-07-19,AAPL,,,,,,,0.00,,0,,,,,,,,,,0.6970,2024-07-16T13:34:00+00:00,292,2784
summary,2024-07-19,NVDA,,,,,,,0.00,,0,,,,,,,,,,1.0000,2024-07-16T13:38:00+00:00,1024,3271
summary,2024-07-19,MSFT,,,,,,,0.00,,0,,,,,,,,,,0.4470,2024-07-19T14:09:00+00:00,330,2430
trade,2024-07-22,SPY,Long,2024-07-22T14:26:00+00:00,2024-07-22T15:17:00+00:00,552.7008,552.6292,0.54,-0.04,-0.000130,3060000,ScoreExit,0.1930,-0.0859,0.2436,0.0756,0.4111,-0.4857,-0.2478,0.3711,,,
summary,2024-07-22,SPY,,,,,,,-0.04,,1,,,,,,,,,,0.5549,2024-07-19T13:41:00+00:00,571,1177
trade,2024-07-22,QQQ,Long,2024-07-22T13:36:00+00:00,2024-07-22T14:06:00+00:00,480.2406,480.6108,0.62,0.23,0.000771,1800000,ScoreExit,0.2420,-0.0818,-0.0894,0.1635,0.5095,-0.4918,-0.3042,0.4996,,,
trade,2024-07-22,QQQ,Long,2024-07-22T14:26:00+00:00,2024-07-22T15:09:00+00:00,480.5491,481.3406,0.62,0.49,0.001647,2580000,ScoreExit,0.1536,-0.0911,-0.2364,0.0456,0.4996,-0.2583,-0.3296,0.4416,,,
summary,2024-07-22,QQQ,,,,,,,0.73,,2,,,,,,,,,,0.8561,2024-07-19T13:40:00+00:00,618,1225
trade,2024-07-22,AAPL,Long,2024-07-22T13:41:00+00:00,2024-07-22T14:01:00+00:00,226.8469,226.4370,1.32,-0.54,-0.001807,1200000,ScoreExit,0.2047,-0.0583,0.2350,0.0611,0.4819,-0.4838,-0.2356,0.4382,,,
trade,2024-07-22,AAPL,Long,2024-07-22T14:26:00+00:00,2024-07-22T14:51:00+00:00,226.6230,226.2694,1.32,-0.47,-0.001560,1500000,ScoreExit,0.0875,-0.1096,-0.5311,0.0152,0.4382,-0.4967,-0.3190,0.4382,,,
summary,2024-07-22,AAPL,,,,,,,-1.01,,2,,,,,,,,,,0.9340,2024-07-19T13:39:00+00:00,465,1091
trade,2024-07-22,NVDA,Long,2024-07-22T13:31:00+00:00,2024-07-22T15:10:00+00:00,119.9310,121.4086,2.50,3.70,0.012320,5940000,ScoreExit,0.3141,-0.0548,-0.5775,0.1896,0.8603,-0.5905,-0.3573,0.7288,,,
summary,2024-07-22,NVDA,,,,,,,3.70,,1,,,,,,,,,,1.0000,2024-07-19T13:41:00+00:00,706,1350
summary,2024-07-22,MSFT,,,,,,,0.00,,0,,,,,,,,,,1.0000,2024-07-19T13:33:00+00:00,682,1006
summary,2024-07-23,SPY,,,,,,,0.00,,0,,,,,,,,,,0.5445,2024-07-22T09:37:00+00:00,881,1416
summary,2024-07-23,QQQ,,,,,,,0.00,,0,,,,,,,,,,0.5743,2024-07-22T13:47:00+00:00,977,1546
summary,2024-07-23,AAPL,,,,,,,0.00,,0,,,,,,,,,,0.5932,2024-07-22T10:32:00+00:00,488,1260
summary,2024-07-23,NVDA,,,,,,,0.00,,0,,,,,,,,,,0.7688,2024-07-22T13:45:00+00:00,1323,1677
summary,2024-07-23,MSFT,,,,,,,0.00,,0,,,,,,,,,,0.6469,2024-07-22T13:50:00+00:00,697,1068
summary,2024-07-24,SPY,,,,,,,0.00,,0,,,,,,,,,,0.5445,2024-07-22T09:37:00+00:00,894,2278
summary,2024-07-24,QQQ,,,,,,,0.00,,0,,,,,,,,,,0.5743,2024-07-22T13:47:00+00:00,1021,2455
summary,2024-07-24,AAPL,,,,,,,0.00,,0,,,,,,,,,,0.5932,2024-07-22T10:32:00+00:00,581,2043
summary,2024-07-24,NVDA,,,,,,,0.00,,0,,,,,,,,,,0.7688,2024-07-22T13:45:00+00:00,1378,2630
summary,2024-07-24,MSFT,,,,,,,0.00,,0,,,,,,,,,,0.6469,2024-07-22T13:50:00+00:00,763,1734
summary,2024-07-25,SPY,,,,,,,0.00,,0,,,,,,,,,,0.7905,2024-07-22T14:44:00+00:00,984,2920
summary,2024-07-25,QQQ,,,,,,,0.00,,0,,,,,,,,,,0.7878,2024-07-22T14:40:00+00:00,943,3101
summary,2024-07-25,AAPL,,,,,,,0.00,,0,,,,,,,,,,0.7292,2024-07-22T14:15:00+00:00,598,2708
summary,2024-07-25,NVDA,,,,,,,0.00,,0,,,,,,,,,,1.0000,2024-07-22T13:35:00+00:00,1310,3261
summary,2024-07-25,MSFT,,,,,,,0.00,,0,,,,,,,,,,0.9180,2024-07-22T14:40:00+00:00,680,2290
summary,2024-07-26,SPY,,,,,,,0.00,,0,,,,,,,,,,0.3981,2024-07-25T16:22:00+00:00,502,2982
summary,2024-07-26,QQQ,,,,,,,0.00,,0,,,,,,,,,,0.5192,2024-07-23T15:18:00+00:00,408,3139
summary,2024-07-26,AAPL,,,,,,,0.00,,0,,,,,,,,,,0.8431,2024-07-23T14:22:00+00:00,543,2752
summary,2024-07-26,NVDA,,,,,,,0.00,,0,,,,,,,,,,1.0000,2024-07-23T13:34:00+00:00,587,3264
summary,2024-07-26,MSFT,,,,,,,0.00,,0,,,,,,,,,,0.9454,2024-07-23T13:44:00+00:00,313,2442
summary,2024-07-29,SPY,,,,,,,0.00,,0,,,,,,,,,,0.6817,2024-07-26T16:09:00+00:00,700,1135
trade,2024-07-29,QQQ,Long,2024-07-29T13:36:00+00:00,2024-07-29T14:11:00+00:00,465.6346,465.9652,0.64,0.21,0.000710,2100000,ScoreExit,0.2010,-0.1006,0.2335,0.0549,0.4824,-0.5589,-0.2695,0.3901,,,
summary,2024-07-29,QQQ,,,,,,,0.21,,1,,,,,,,,,,0.7107,2024-07-26T14:28:00+00:00,760,1192
summary,2024-07-29,AAPL,,,,,,,0.00,,0,,,,,,,,,,0.7782,2024-07-26T15:04:00+00:00,616,1100
trade,2024-07-29,NVDA,Long,2024-07-29T13:33:00+00:00,2024-07-29T14:46:00+00:00,113.9992,114.4307,2.63,1.13,0.003785,4380000,ScoreExit,0.5131,-0.1080,0.4730,0.4032,0.7464,-0.4433,-0.3705,0.5288,,,
summary,2024-07-29,NVDA,,,,,,,1.13,,1,,,,,,,,,,0.6916,2024-07-29T13:44:00+00:00,455,1348
trade,2024-07-29,MSFT,Long,2024-07-29T14:38:00+00:00,2024-07-29T14:51:00+00:00,427.4132,426.4770,0.70,-0.66,-0.002190,780000,ScoreExit,0.2257,-0.0821,0.2488,0.1347,0.4000,-0.5613,-0.2092,0.3317,,,
summary,2024-07-29,MSFT,,,,,,,-0.66,,1,,,,,,,,,,0.9615,2024-07-26T15:00:00+00:00,799,1009
summary,2024-07-30,SPY,,,,,,,0.00,,0,,,,,,,,,,0.7463,2024-07-29T10:07:00+00:00,511,1351
summary,2024-07-30,QQQ,,,,,,,0.00,,0,,,,,,,,,,0.5671,2024-07-29T16:19:00+00:00,511,1482
trade,2024-07-30,AAPL,Long,2024-07-30T13:36:00+00:00,2024-07-30T14:04:00+00:00,219.0057,219.0793,1.37,0.10,0.000336,1680000,ScoreExit,0.1371,-0.0679,-0.2058,0.0616,0.4025,-0.5493,-0.1834,0.3237,,,
summary,2024-07-30,AAPL,,,,,,,0.10,,1,,,,,,,,,,0.7506,2024-07-29T09:41:00+00:00,696,1259
summary,2024-07-30,NVDA,,,,,,,0.00,,0,,,,,,,,,,0.8017,2024-07-29T08:08:00+00:00,289,1674
summary,2024-07-30,MSFT,,,,,,,0.00,,0,,,,,,,,,,0.6353,2024-07-29T10:35:00+00:00,475,1195
summary,2024-07-31,SPY,,,,,,,0.00,,0,,,,,,,,,,0.7463,2024-07-29T10:07:00+00:00,1058,2229
trade,2024-07-31,QQQ,Long,2024-07-31T13:36:00+00:00,2024-07-31T15:37:00+00:00,467.2651,470.4038,0.64,2.02,0.006717,7260000,MaxHoldTimeout,0.1591,0.0912,-0.1454,0.0771,0.4246,-0.3489,0.0165,0.3871,,,
summary,2024-07-31,QQQ,,,,,,,2.02,,1,,,,,,,,,,0.5671,2024-07-29T16:19:00+00:00,1130,2403
trade,2024-07-31,AAPL,Long,2024-07-31T14:01:00+00:00,2024-07-31T15:13:00+00:00,222.1166,222.2583,1.35,0.19,0.000638,4320000,ScoreExit,0.1337,-0.0659,0.0864,0.0031,0.4107,-0.5268,-0.2153,0.3865,,,
summary,2024-07-31,AAPL,,,,,,,0.19,,1,,,,,,,,,,0.7506,2024-07-29T09:41:00+00:00,1204,2089
trade,2024-07-31,NVDA,Long,2024-07-31T14:16:00+00:00,2024-07-31T15:56:00+00:00,114.7294,115.7703,2.62,2.73,0.009072,6000000,SessionClose,0.4126,0.0838,-0.3533,0.4452,0.6029,-0.5005,-0.0760,0.5982,,,
summary,2024-07-31,NVDA,,,,,,,2.73,,1,,,,,,,,,,0.8017,2024-07-29T08:08:00+00:00,1055,2634
summary,2024-07-31,MSFT,,,,,,,0.00,,0,,,,,,,,,,0.6353,2024-07-29T10:35:00+00:00,799,2091
summary,2024-08-01,SPY,,,,,,,0.00,,0,,,,,,,,,,0.5377,2024-07-31T08:01:00+00:00,1312,2866
summary,2024-08-01,QQQ,,,,,,,0.00,,0,,,,,,,,,,0.7417,2024-07-29T13:45:00+00:00,1368,3040
summary,2024-08-01,AAPL,,,,,,,0.00,,0,,,,,,,,,,1.0000,2024-07-29T13:38:00+00:00,1593,2710
trade,2024-08-01,NVDA,Long,2024-08-01T13:31:00+00:00,2024-08-01T14:02:00+00:00,117.4402,118.7094,2.56,3.25,0.010807,1860000,ScoreExit,0.1676,-0.0531,-0.4528,0.1023,0.5051,-0.4924,-0.0693,0.1256,,,
summary,2024-08-01,NVDA,,,,,,,3.25,,1,,,,,,,,,,1.0000,2024-07-29T13:33:00+00:00,1506,3266
trade,2024-08-01,MSFT,Long,2024-08-01T13:36:00+00:00,2024-08-01T14:43:00+00:00,419.1207,424.6025,0.72,3.93,0.013079,4020000,ScoreExit,0.1056,-0.0560,-0.5589,0.0502,0.4379,-0.2474,-0.2454,0.3865,,,
summary,2024-08-01,MSFT,,,,,,,3.93,,1,,,,,,,,,,0.6644,2024-08-01T13:55:00+00:00,1077,2663
summary,2024-08-02,SPY,,,,,,,0.00,,0,,,,,,,,,,0.5475,2024-07-31T08:01:00+00:00,1079,3010
summary,2024-08-02,QQQ,,,,,,,0.00,,0,,,,,,,,,,0.5849,2024-07-31T08:01:00+00:00,1241,3153
trade,2024-08-02,AAPL,Long,2024-08-02T14:06:00+00:00,2024-08-02T15:34:00+00:00,222.5417,222.3483,1.18,-0.23,-0.000869,5280000,MaxHoldTimeout,0.3107,0.0009,-0.5214,0.3451,0.5193,-0.5799,-0.1742,0.5446,,,
summary,2024-08-02,AAPL,,,,,,,-0.23,,1,,,,,,,,,,0.9164,2024-07-30T13:41:00+00:00,1466,2943
summary,2024-08-02,NVDA,,,,,,,0.00,,0,,,,,,,,,,0.8132,2024-07-30T20:48:00+00:00,1553,3271
summary,2024-08-02,MSFT,,,,,,,0.00,,0,,,,,,,,,,0.8403,2024-07-31T12:44:00+00:00,959,2728
summary,2024-08-05,SPY,,,,,,,0.00,,0,,,,,,,,,,0.6629,2024-08-02T13:40:00+00:00,180,1312
summary,2024-08-05,QQQ,,,,,,,0.00,,0,,,,,,,,,,1.0000,2024-08-02T13:39:00+00:00,497,1287
summary,2024-08-05,AAPL,,,,,,,0.00,,0,,,,,,,,,,1.0000,2024-08-02T13:31:00+00:00,595,1285
summary,2024-08-05,NVDA,,,,,,,0.00,,0,,,,,,,,,,1.0000,2024-08-02T13:31:00+00:00,881,1351
summary,2024-08-05,MSFT,,,,,,,0.00,,0,,,,,,,,,,0.6521,2024-08-02T13:32:00+00:00,443,1178
trade,2024-08-06,SPY,Long,2024-08-06T13:35:00+00:00,2024-08-06T13:41:00+00:00,519.6308,518.9393,0.58,-0.40,-0.001331,360000,ScoreExit,0.1069,-0.0790,-0.1956,0.0093,0.4029,-0.4112,-0.2489,0.3716,,,
trade,2024-08-06,SPY,Long,2024-08-06T14:26:00+00:00,2024-08-06T15:26:00+00:00,524.1022,523.8078,0.57,-0.17,-0.000562,3600000,ScoreExit,0.3774,-0.0846,0.3433,0.2847,0.5739,-0.1910,-0.4019,0.5854,,,
summary,2024-08-06,SPY,,,,,,,-0.57,,2,,,,,,,,,,0.7837,2024-08-05T14:01:00+00:00,1061,1647
trade,2024-08-06,QQQ,Long,2024-08-06T13:47:00+00:00,2024-08-06T15:48:00+00:00,436.3059,442.0024,0.64,3.67,0.013056,7260000,MaxHoldTimeout,0.1435,0.3610,0.0334,0.0153,0.4367,0.5647,0.1559,0.7034,,,
summary,2024-08-06,QQQ,,,,,,,3.67,,1,,,,,,,,,,1.0000,2024-08-05T08:09:00+00:00,1157,1663
summary,2024-08-06,AAPL,,,,,,,0.00,,0,,,,,,,,,,1.0000,2024-08-05T08:01:00+00:00,1058,1603
trade,2024-08-06,NVDA,Long,2024-08-06T13:51:00+00:00,2024-08-06T15:52:00+00:00,102.0456,104.9335,2.95,8.51,0.028300,7260000,MaxHoldTimeout,0.3671,0.3640,-0.0335,0.1896,0.8556,0.5045,0.0858,0.8736,,,
summary,2024-08-06,NVDA,,,,,,,8.51,,1,,,,,,,,,,1.0000,2024-08-05T08:05:00+00:00,1298,1681
summary,2024-08-06,MSFT,,,,,,,0.00,,0,,,,,,,,,,1.0000,2024-08-05T08:08:00+00:00,1032,1388
summary,2024-08-07,SPY,,,,,,,0.00,,0,,,,,,,,,,0.7837,2024-08-05T14:01:00+00:00,1487,2571
trade,2024-08-07,QQQ,Long,2024-08-07T14:41:00+00:00,2024-08-07T15:21:00+00:00,446.3789,446.7309,0.67,0.24,0.000789,2400000,ScoreExit,0.1286,-0.1032,-0.1184,0.0316,0.4049,-0.3602,-0.2502,0.2765,,,
summary,2024-08-07,QQQ,,,,,,,0.24,,1,,,,,,,,,,1.0000,2024-08-05T08:09:00+00:00,1566,2594
trade,2024-08-07,AAPL,Long,2024-08-07T14:11:00+00:00,2024-08-07T15:45:00+00:00,212.4887,212.4213,1.41,-0.10,-0.000318,5640000,ScoreExit,0.4574,-0.0638,0.2995,0.4119,0.6010,-0.5892,-0.2760,0.5357,,,
summary,2024-08-07,AAPL,,,,,,,-0.10,,1,,,,,,,,,,1.0000,2024-08-05T08:01:00+00:00,1489,2444
summary,2024-08-07,NVDA,,,,,,,0.00,,0,,,,,,,,,,1.0000,2024-08-05T08:05:00+00:00,1811,2641
trade,2024-08-07,MSFT,Long,2024-08-07T14:21:00+00:00,2024-08-07T14:31:00+00:00,408.7876,408.1925,0.74,-0.44,-0.001456,600000,ScoreExit,0.1059,-0.0684,-0.1820,0.0041,0.4054,-0.2887,-0.2685,0.4054,,,
trade,2024-08-07,MSFT,Long,2024-08-07T14:49:00+00:00,2024-08-07T15:07:00+00:00,409.0577,407.9226,0.73,-0.83,-0.002775,1080000,ScoreExit,0.2004,-0.0595,0.2451,0.0904,0.4054,-0.5083,-0.1522,0.2755,,,
summary,2024-08-07,MSFT,,,,,,,-1.27,,2,,,,,,,,,,1.0000,2024-08-05T08:08:00+00:00,1425,2104
trade,2024-08-08,SPY,Long,2024-08-08T14:41:00+00:00,2024-08-08T15:11:00+00:00,528.1234,527.3867,0.57,-0.42,-0.001395,1800000,ScoreExit,0.2843,-0.0794,0.2083,0.2107,0.4566,-0.5571,-0.2444,0.4098,,,
summary,2024-08-08,SPY,,,,,,,-0.42,,1,,,,,,,,,,1.0000,2024-08-05T13:39:00+00:00,1863,3134
trade,2024-08-08,QQQ,Long,2024-08-08T14:07:00+00:00,2024-08-08T15:16:00+00:00,441.7625,443.8418,0.68,1.41,0.004707,4140000,ScoreExit,0.3959,-0.0517,0.2898,0.3491,0.5250,-0.2766,-0.2810,0.4819,,,
summary,2024-08-08,QQQ,,,,,,,1.41,,1,,,,,,,,,,1.0000,2024-08-05T13:33:00+00:00,1918,3184
trade,2024-08-08,AAPL,Long,2024-08-08T14:07:00+00:00,2024-08-08T15:11:00+00:00,211.2392,211.6215,1.42,0.54,0.001810,3840000,ScoreExit,0.1913,-0.0986,0.1489,0.0741,0.4399,-0.4900,-0.3105,0.4556,,,
summary,2024-08-08,AAPL,,,,,,,0.54,,1,,,,,,,,,,1.0000,2024-08-05T13:31:00+00:00,1951,2909
trade,2024-08-08,NVDA,Long,2024-08-08T14:43:00+00:00,2024-08-08T15:17:00+00:00,102.2257,101.5485,2.95,-2.00,-0.006624,2040000,ScoreExit,0.2735,-0.0511,-0.2283,0.2681,0.4514,-0.5574,-0.1588,0.3332,,,
summary,2024-08-08,NVDA,,,,,,,-2.00,,1,,,,,,,,,,1.0000,2024-08-05T13:31:00+00:00,2183,3271
trade,2024-08-08,MSFT,Long,2024-08-08T14:07:00+00:00,2024-08-08T15:06:00+00:00,402.8558,403.6039,0.75,0.56,0.001857,3540000,ScoreExit,0.2943,-0.0963,0.1609,0.2493,0.4288,-0.4054,-0.2840,0.3822,,,
summary,2024-08-08,MSFT,,,,,,,0.56,,1,,,,,,,,,,1.0000,2024-08-05T13:34:00+00:00,1667,2485
summary,2024-08-09,SPY,,,,,,,0.00,,0,,,,,,,,,,0.9590,2024-08-06T14:47:00+00:00,1741,3049
summary,2024-08-09,QQQ,,,,,,,0.00,,0,,,,,,,,,,0.9599,2024-08-06T14:47:00+00:00,1820,3170
trade,2024-08-09,AAPL,Long,2024-08-09T14:31:00+00:00,2024-08-09T15:56:00+00:00,214.5424,214.7905,1.40,0.35,0.001156,5100000,ScoreExit,0.2544,-0.0770,-0.0058,0.2181,0.4137,-0.5205,-0.2418,0.4004,,,
summary,2024-08-09,AAPL,,,,,,,0.35,,1,,,,,,,,,,0.9605,2024-08-06T14:47:00+00:00,2088,2816
summary,2024-08-09,NVDA,,,,,,,0.00,,0,,,,,,,,,,1.0000,2024-08-06T13:32:00+00:00,1841,3271
summary,2024-08-09,MSFT,,,,,,,0.00,,0,,,,,,,,,,0.9035,2024-08-06T14:37:00+00:00,1331,2434
trade,2024-08-12,SPY,Long,2024-08-12T14:44:00+00:00,2024-08-12T15:21:00+00:00,535.1655,534.9245,0.56,-0.14,-0.000450,2220000,ScoreExit,0.3352,-0.1273,0.2607,0.2934,0.4436,-0.3517,-0.3707,0.4342,,,
summary,2024-08-12,SPY,,,,,,,-0.14,,1,,,,,,,,,,0.8757,2024-08-09T15:04:00+00:00,802,1153
trade,2024-08-12,QQQ,Long,2024-08-12T14:18:00+00:00,2024-08-12T15:21:00+00:00,451.9605,453.5989,0.66,1.09,0.003625,3780000,ScoreExit,0.3611,-0.1414,0.2631,0.3160,0.4839,-0.4169,-0.4057,0.4791,,,
summary,2024-08-12,QQQ,,,,,,,1.09,,1,,,,,,,,,,0.8726,2024-08-09T15:04:00+00:00,856,1137
trade,2024-08-12,AAPL,Long,2024-08-12T13:41:00+00:00,2024-08-12T15:21:00+00:00,216.4249,218.7943,1.39,3.28,0.010948,6000000,ScoreExit,0.1321,-0.1080,-0.3795,0.0588,0.4492,-0.4485,-0.3860,0.5615,,,
summary,2024-08-12,AAPL,,,,,,,3.28,,1,,,,,,,,,,0.9564,2024-08-09T15:03:00+00:00,894,1074
summary,2024-08-12,NVDA,,,,,,,0.00,,0,,,,,,,,,,1.0000,2024-08-09T13:39:00+00:00,876,1349
summary,2024-08-12,MSFT,,,,,,,0.00,,0,,,,,,,,,,0.7798,2024-08-09T15:04:00+00:00,619,926
trade,2024-08-13,SPY,Long,2024-08-13T14:26:00+00:00,2024-08-13T15:56:00+00:00,537.2461,538.9833,0.56,0.97,0.003233,5400000,SessionClose,0.1742,0.1222,0.0125,0.0393,0.4979,0.1464,-0.0644,0.4872,,,
summary,2024-08-13,SPY,,,,,,,0.97,,1,,,,,,,,,,0.5050,2024-08-12T15:02:00+00:00,892,1372
trade,2024-08-13,QQQ,Long,2024-08-13T14:09:00+00:00,2024-08-13T15:56:00+00:00,458.0724,459.7470,0.66,1.10,0.003656,6420000,SessionClose,0.2478,0.2029,0.4233,0.0431,0.5987,0.4986,-0.0397,0.5894,,,
summary,2024-08-13,QQQ,,,,,,,1.10,,1,,,,,,,,,,0.6480,2024-08-12T14:36:00+00:00,938,1420
summary,2024-08-13,AAPL,,,,,,,0.00,,0,,,,,,,,,,0.6344,2024-08-12T14:18:00+00:00,862,1276
summary,2024-08-13,NVDA,,,,,,,0.00,,0,,,,,,,,,,0.7469,2024-08-12T13:34:00+00:00,1308,1679
trade,2024-08-13,MSFT,Long,2024-08-13T14:52:00+00:00,2024-08-13T15:56:00+00:00,412.0986,413.2810,0.73,0.86,0.002869,3840000,SessionClose,0.3275,0.1935,0.2866,0.2154,0.5655,0.3791,-0.0300,0.5786,,,
summary,2024-08-13,MSFT,,,,,,,0.86,,1,,,,,,,,,,0.7336,2024-08-12T09:58:00+00:00,688,1108
summary,2024-08-14,SPY,,,,,,,0.00,,0,,,,,,,,,,0.5050,2024-08-12T15:02:00+00:00,1509,2148
summary,2024-08-14,QQQ,,,,,,,0.00,,0,,,,,,,,,,0.6480,2024-08-12T14:36:00+00:00,1571,2280
summary,2024-08-14,AAPL,,,,,,,0.00,,0,,,,,,,,,,0.6344,2024-08-12T14:18:00+00:00,1415,2012
trade,2024-08-14,NVDA,Long,2024-08-14T14:21:00+00:00,2024-08-14T15:56:00+00:00,115.5613,118.1096,2.61,6.65,0.022051,5700000,SessionClose,0.2508,0.5564,0.4089,0.0062,0.6874,0.5504,0.4639,0.7435,,,
summary,2024-08-14,NVDA,,,,,,,6.65,,1,,,,,,,,,,0.7469,2024-08-12T13:34:00+00:00,2183,2639
summary,2024-08-14,MSFT,,,,,,,0.00,,0,,,,,,,,,,0.7336,2024-08-12T09:58:00+00:00,1135,1713
trade,2024-08-15,SPY,Long,2024-08-15T14:11:00+00:00,2024-08-15T15:56:00+00:00,549.4098,551.8587,0.55,1.34,0.004457,6300000,SessionClose,0.1056,0.0931,-0.4677,0.0378,0.4322,0.4143,-0.1293,0.4310,,,
summary,2024-08-15,SPY,,,,,,,1.34,,1,,,,,,,,,,0.8755,2024-08-12T15:02:00+00:00,2014,2684
summary,2024-08-15,QQQ,,,,,,,0.00,,0,,,,,,,,,,0.9545,2024-08-12T15:03:00+00:00,2140,2872
trade,2024-08-15,AAPL,Long,2024-08-15T13:46:00+00:00,2024-08-15T15:26:00+00:00,223.3620,224.2977,1.34,1.26,0.004189,6000000,ScoreExit,0.1490,-0.1182,0.1070,0.0179,0.4252,-0.4654,-0.3321,0.4253,,,
summary,2024-08-15,AAPL,,,,,,,1.26,,1,,,,,,,,,,0.9560,2024-08-12T14:48:00+00:00,1870,2531
trade,2024-08-15,NVDA,Long,2024-08-15T14:59:00+00:00,2024-08-15T15:56:00+00:00,121.6315,122.0085,2.48,0.93,0.003100,3420000,SessionClose,0.3147,0.0658,-0.1573,0.2154,0.6706,-0.2109,-0.1679,0.6255,,,
summary,2024-08-15,NVDA,,,,,,,0.93,,1,,,,,,,,,,1.0000,2024-08-12T13:33:00+00:00,2653,3270
summary,2024-08-15,MSFT,,,,,,,0.00,,0,,,,,,,,,,0.8882,2024-08-12T15:02:00+00:00,1530,2192
summary,2024-08-16,SPY,,,,,,,0.00,,0,,,,,,,,,,0.7825,2024-08-13T15:04:00+00:00,2233,2741
summary,2024-08-16,QQQ,,,,,,,0.00,,0,,,,,,,,,,0.8681,2024-08-13T15:04:00+00:00,2409,2943
summary,2024-08-16,AAPL,,,,,,,0.00,,0,,,,,,,,,,0.8921,2024-08-13T14:04:00+00:00,1825,2585
summary,2024-08-16,NVDA,,,,,,,0.00,,0,,,,,,,,,,0.9580,2024-08-13T14:46:00+00:00,2877,3271
summary,2024-08-16,MSFT,,,,,,,0.00,,0,,,,,,,,,,0.8602,2024-08-13T15:04:00+00:00,1611,2200
summary,2024-08-19,SPY,,,,,,,0.00,,0,,,,,,,,,,0.4920,2024-08-16T16:14:00+00:00,928,1145
summary,2024-08-19,QQQ,,,,,,,0.00,,0,,,,,,,,,,0.6878,2024-08-16T14:18:00+00:00,951,1223
summary,2024-08-19,AAPL,,,,,,,0.00,,0,,,,,,,,,,0.7016,2024-08-16T15:53:00+00:00,739,1119
trade,2024-08-19,NVDA,Long,2024-08-19T13:41:00+00:00,2024-08-19T14:18:00+00:00,124.7624,124.0278,2.41,-1.77,-0.005888,2220000,ScoreExit,0.4888,-0.0618,0.5284,0.3475,0.7582,-0.5621,-0.2906,0.5626,,,
trade,2024-08-19,NVDA,Long,2024-08-19T14:21:00+00:00,2024-08-19T15:56:00+00:00,124.1022,127.4368,2.42,8.06,0.026869,5700000,SessionClose,0.1532,0.3878,-0.5174,0.0632,0.5567,0.2978,0.1318,0.9300,,,
summary,2024-08-19,NVDA,,,,,,,6.29,,2,,,,,,,,,,1.0000,2024-08-16T13:33:00+00:00,1158,1351
summary,2024-08-19,MSFT,,,,,,,0.00,,0,,,,,,,,,,0.4545,2024-08-16T13:37:00+00:00,382,975
summary,2024-08-20,SPY,,,,,,,0.00,,0,,,,,,,,,,0.5476,2024-08-19T09:33:00+00:00,1018,1386
trade,2024-08-20,QQQ,Long,2024-08-20T13:38:00+00:00,2024-08-20T14:16:00+00:00,481.3594,480.6808,0.62,-0.42,-0.001410,2280000,ScoreExit,0.2035,-0.0533,0.2625,0.0743,0.4422,-0.5190,-0.1427,0.2809,,,
summary,2024-08-20,QQQ,,,,,,,-0.42,,1,,,,,,,,,,0.7212,2024-08-19T09:33:00+00:00,1141,1544
trade,2024-08-20,AAPL,Long,2024-08-20T13:42:00+00:00,2024-08-20T14:36:00+00:00,226.8030,226.0022,1.32,-1.06,-0.003531,3240000,ScoreExit,0.2082,-0.1137,0.0756,0.1035,0.4618,-0.5564,-0.2577,0.3217,,,
summary,2024-08-20,AAPL,,,,,,,-1.06,,1,,,,,,,,,,0.4439,2024-08-19T19:53:00+00:00,837,1283
trade,2024-08-20,NVDA,Long,2024-08-20T13:31:00+00:00,2024-08-20T14:11:00+00:00,128.6336,128.7363,2.33,0.24,0.000798,2400000,ScoreExit,0.3400,-0.1638,0.2369,0.2417,0.5709,-0.4429,-0.2678,0.1371,,,
summary,2024-08-20,NVDA,,,,,,,0.24,,1,,,,,,,,,,0.6753,2024-08-19T10:09:00+00:00,1291,1680
trade,2024-08-20,MSFT,Long,2024-08-20T13:36:00+00:00,2024-08-20T14:42:00+00:00,422.6718,422.3083,0.71,-0.26,-0.000860,3960000,ScoreExit,0.2798,-0.0813,0.1532,0.2238,0.4339,-0.3206,-0.2805,0.3969,,,
trade,2024-08-20,MSFT,Long,2024-08-20T14:58:00+00:00,2024-08-20T15:26:00+00:00,422.9458,422.3183,0.71,-0.45,-0.001484,1680000,ScoreExit,0.1706,-0.1319,-0.1471,0.1034,0.4109,-0.5550,-0.3132,0.3719,,,
summary,2024-08-20,MSFT,,,,,,,-0.70,,2,,,,,,,,,,0.7873,2024-08-19T10:02:00+00:00,751,1082
summary,2024-08-21,SPY,,,,,,,0.00,,0,,,,,,,,,,0.5476,2024-08-19T09:33:00+00:00,1497,2116
summary,2024-08-21,QQQ,,,,,,,0.00,,0,,,,,,,,,,0.7212,2024-08-19T09:33:00+00:00,1641,2356
summary,2024-08-21,AAPL,,,,,,,0.00,,0,,,,,,,,,,0.4439,2024-08-19T19:53:00+00:00,1197,1949
summary,2024-08-21,NVDA,,,,,,,0.00,,0,,,,,,,,,,0.6753,2024-08-19T10:09:00+00:00,1687,2639
summary,2024-08-21,MSFT,,,,,,,0.00,,0,,,,,,,,,,0.7873,2024-08-19T10:02:00+00:00,1098,1648
summary,2024-08-22,SPY,,,,,,,0.00,,0,,,,,,,,,,0.8158,2024-08-19T14:53:00+00:00,1702,2629
summary,2024-08-22,QQQ,,,,,,,0.00,,0,,,,,,,,,,0.8500,2024-08-19T15:04:00+00:00,1848,2864
summary,2024-08-22,AAPL,,,,,,,0.00,,0,,,,,,,,,,0.5873,2024-08-19T19:53:00+00:00,1390,2375
summary,2024-08-22,NVDA,,,,,,,0.00,,0,,,,,,,,,,1.0000,2024-08-19T13:41:00+00:00,2026,3265
summary,2024-08-22,MSFT,,,,,,,0.00,,0,,,,,,,,,,0.5739,2024-08-19T19:56:00+00:00,1196,2130
summary,2024-08-23,SPY,,,,,,,0.00,,0,,,,,,,,,,0.3899,2024-08-21T14:42:00+00:00,1309,2641
summary,2024-08-23,QQQ,,,,,,,0.00,,0,,,,,,,,,,0.5283,2024-08-20T13:58:00+00:00,1099,2824
summary,2024-08-23,AAPL,,,,,,,0.00,,0,,,,,,,,,,0.7386,2024-08-20T13:38:00+00:00,1086,2343
trade,2024-08-23,NVDA,Long,2024-08-23T14:32:00+00:00,2024-08-23T14:47:00+00:00,129.2438,128.0366,2.32,-2.80,-0.009340,900000,ScoreExit,0.3096,-0.0845,0.0321,0.2730,0.4753,-0.5753,-0.2826,0.4753,,,
summary,2024-08-23,NVDA,,,,,,,-2.80,,1,,,,,,,,,,1.0000,2024-08-20T13:35:00+00:00,1423,3263
summary,2024-08-23,MSFT,,,,,,,0.00,,0,,,,,,,,,,0.5997,2024-08-20T18:24:00+00:00,751,2139
summary,2024-08-26,SPY,,,,,,,0.00,,0,,,,,,,,,,0.7741,2024-08-23T14:13:00+00:00,690,1129
summary,2024-08-26,QQQ,,,,,,,0.00,,0,,,,,,,,,,0.9064,2024-08-23T14:02:00+00:00,417,1168
summary,2024-08-26,AAPL,,,,,,,0.00,,0,,,,,,,,,,0.8929,2024-08-23T14:10:00+00:00,526,1036
summary,2024-08-26,NVDA,,,,,,,0.00,,0,,,,,,,,,,1.0000,2024-08-23T13:36:00+00:00,985,1351
summary,2024-08-26,MSFT,,,,,,,0.00,,0,,,,,,,,,,0.7391,2024-08-23T14:10:00+00:00,199,944
summary,2024-08-27,SPY,,,,,,,0.00,,0,,,,,,,,,,0.3623,2024-08-27T14:29:00+00:00,483,1336
summary,2024-08-27,QQQ,,,,,,,0.00,,0,,,,,,,,,,0.4483,2024-08-27T14:29:00+00:00,489,1459
trade,2024-08-27,AAPL,Long,2024-08-27T14:06:00+00:00,2024-08-27T15:56:00+00:00,227.2932,227.9966,1.32,0.93,0.003095,6600000,SessionClose,0.4448,-0.0012,0.3208,0.4049,0.5658,-0.5092,-0.1684,0.5026,,,
summary,2024-08-27,AAPL,,,,,,,0.93,,1,,,,,,,,,,0.5279,2024-08-27T14:23:00+00:00,763,1256
trade,2024-08-27,NVDA,Long,2024-08-27T14:46:00+00:00,2024-08-27T15:56:00+00:00,128.0434,127.7170,2.34,-0.76,-0.002549,4200000,SessionClose,0.4310,0.1187,0.1676,0.3797,0.6213,0.0463,-0.0786,0.5373,,,
summary,2024-08-27,NVDA,,,,,,,-0.76,,1,,,,,,,,,,0.6293,2024-08-26T08:09:00+00:00,743,1681
summary,2024-08-27,MSFT,,,,,,,0.00,,0,,,,,,,,,,0.3970,2024-08-26T10:38:00+00:00,307,1022
summary,2024-08-28,SPY,,,,,,,0.00,,0,,,,,,,,,,0.3623,2024-08-27T14:29:00+00:00,610,2056
summary,2024-08-28,QQQ,,,,,,,0.00,,0,,,,,,,,,,0.4483,2024-08-27T14:29:00+00:00,615,2258
summary,2024-08-28,AAPL,,,,,,,0.00,,0,,,,,,,,,,0.5279,2024-08-27T14:23:00+00:00,1030,1936
summary,2024-08-28,NVDA,,,,,,,0.00,,0,,,,,,,,,,0.6293,2024-08-26T08:09:00+00:00,1117,2641
summary,2024-08-28,MSFT,,,,,,,0.00,,0,,,,,,,,,,0.3970,2024-08-26T10:38:00+00:00,379,1547
summary,2024-08-29,SPY,,,,,,,0.00,,0,,,,,,,,,,0.4317,2024-08-29T08:14:00+00:00,909,2758
summary,2024-08-29,QQQ,,,,,,,0.00,,0,,,,,,,,,,0.4808,2024-08-29T08:11:00+00:00,973,2952
summary,2024-08-29,AAPL,,,,,,,0.00,,0,,,,,,,,,,0.5707,2024-08-26T19:59:00+00:00,1466,2653
summary,2024-08-29,NVDA,,,,,,,0.00,,0,,,,,,,,,,1.0000,2024-08-26T13:40:00+00:00,1053,3271
trade,2024-08-29,MSFT,Long,2024-08-29T14:17:00+00:00,2024-08-29T15:18:00+00:00,420.4861,419.1842,0.71,-0.93,-0.003096,3660000,ScoreExit,0.3156,-0.0544,-0.3323,0.3108,0.5414,-0.4780,-0.2492,0.4764,,,
summary,2024-08-29,MSFT,,,,,,,-0.93,,1,,,,,,,,,,0.7151,2024-08-29T13:57:00+00:00,609,2132
summary,2024-08-30,SPY,,,,,,,0.00,,0,,,,,,,,,,0.8380,2024-08-27T15:00:00+00:00,1256,2772
summary,2024-08-30,QQQ,,,,,,,0.00,,0,,,,,,,,,,0.9522,2024-08-27T14:59:00+00:00,1266,2953
summary,2024-08-30,AAPL,,,,,,,0.00,,0,,,,,,,,,,0.9555,2024-08-27T14:59:00+00:00,1462,2663
summary,2024-08-30,NVDA,,,,,,,0.00,,0,,,,,,,,,,1.0000,2024-08-27T13:33:00+00:00,1105,3270
summary,2024-08-30,MSFT,,,,,,,0.00,,0,,,,,,,,,,0.8901,2024-08-27T14:29:00+00:00,937,2171
summary,2024-09-02,SPY,,,,,,,0.00,,0,,,,,,,,,,0.5895,2024-08-30T19:50:00+00:00,290,539
summary,2024-09-02,QQQ,,,,,,,0.00,,0,,,,,,,,,,0.6238,2024-08-30T14:02:00+00:00,257,526
summary,2024-09-02,AAPL,,,,,,,0.00,,0,,,,,,,,,,0.7404,2024-08-30T14:49:00+00:00,122,518
summary,2024-09-02,NVDA,,,,,,,0.00,,0,,,,,,,,,,1.0000,2024-08-30T13:38:00+00:00,195,629
summary,2024-09-02,MSFT,,,,,,,0.00,,0,,,,,,,,,,0.6702,2024-08-30T19:57:00+00:00,135,469
summary,2024-09-03,SPY,,,,,,,0.00,,0,,,,,,,,,,0.4170,2024-09-03T12:23:00+00:00,47,664
summary,2024-09-03,QQQ,,,,,,,0.00,,0,,,,,,,,,,0.4779,2024-09-03T12:23:00+00:00,27,700
summary,2024-09-03,AAPL,,,,,,,0.00,,0,,,,,,,,,,0.4351,2024-09-03T08:21:00+00:00,16,597
summary,2024-09-03,NVDA,,,,,,,0.00,,0,,,,,,,,,,0.2636,2024-09-03T19:02:00+00:00,35,721
trade,2024-09-03,MSFT,Long,2024-09-03T13:46:00+00:00,2024-09-03T14:04:00+00:00,419.1207,417.4997,0.72,-1.16,-0.003868,1080000,ScoreExit,0.6273,-0.0712,0.5965,0.4960,0.9001,-0.5099,-0.0491,0.0311,,,
summary,2024-09-03,MSFT,,,,,,,-1.16,,1,,,,,,,,,,0.6612,2024-09-03T13:46:00+00:00,52,494
summary,2024-09-04,SPY,,,,,,,0.00,,0,,,,,,,,,,0.4170,2024-09-03T12:23:00+00:00,133,1493
summary,2024-09-04,QQQ,,,,,,,0.00,,0,,,,,,,,,,0.4779,2024-09-03T12:23:00+00:00,143,1596
summary,2024-09-04,AAPL,,,,,,,0.00,,0,,,,,,,,,,0.4351,2024-09-03T08:21:00+00:00,16,1420
summary,2024-09-04,NVDA,,,,,,,0.00,,0,,,,,,,,,,0.5542,2024-09-04T14:58:00+00:00,335,1681
summary,2024-09-04,MSFT,,,,,,,0.00,,0,,,,,,,,,,0.6612,2024-09-03T13:46:00+00:00,248,1082
summary,2024-09-05,SPY,,,,,,,0.00,,0,,,,,,,,,,0.4170,2024-09-03T12:23:00+00:00,141,2274
summary,2024-09-05,QQQ,,,,,,,0.00,,0,,,,,,,,,,0.4779,2024-09-03T12:23:00+00:00,208,2450
summary,2024-09-05,AAPL,,,,,,,0.00,,0,,,,,,,,,,0.5763,2024-09-05T13:36:00+00:00,280,2113
summary,2024-09-05,NVDA,,,,,,,0.00,,0,,,,,,,,,,0.6357,2024-09-05T13:58:00+00:00,519,2641
summary,2024-09-05,MSFT,,,,,,,0.00,,0,,,,,,,,,,0.6612,2024-09-03T13:46:00+00:00,336,1655
summary,2024-09-06,SPY,,,,,,,0.00,,0,,,,,,,,,,0.3381,2024-09-06T12:49:00+00:00,213,2800
summary,2024-09-06,QQQ,,,,,,,0.00,,0,,,,,,,,,,0.4288,2024-09-05T14:02:00+00:00,310,3020
summary,2024-09-06,AAPL,,,,,,,0.00,,0,,,,,,,,,,0.5937,2024-09-05T13:36:00+00:00,500,2584
summary,2024-09-06,NVDA,,,,,,,0.00,,0,,,,,,,,,,0.6790,2024-09-04T15:04:00+00:00,870,3271
summary,2024-09-06,MSFT,,,,,,,0.00,,0,,,,,,,,,,0.9432,2024-09-03T13:46:00+00:00,368,2135
trade,2024-09-09,SPY,Long,2024-09-09T13:41:00+00:00,2024-09-09T14:30:00+00:00,544.9184,544.5516,0.55,-0.20,-0.000673,2940000,ScoreExit,0.1626,-0.0550,-0.2449,0.0828,0.4579,-0.5505,-0.1908,0.3819,,,
summary,2024-09-09,SPY,,,,,,,-0.20,,1,,,,,,,,,,0.4979,2024-09-09T08:01:00+00:00,478,1237
trade,2024-09-09,QQQ,Long,2024-09-09T13:41:00+00:00,2024-09-09T14:22:00+00:00,453.5724,453.2090,0.66,-0.24,-0.000801,2460000,ScoreExit,0.3243,-0.0540,-0.0772,0.2952,0.5163,-0.4955,-0.1867,0.3588,,,
summary,2024-09-09,QQQ,,,,,,,-0.24,,1,,,,,,,,,,0.5900,2024-09-09T08:02:00+00:00,467,1267
summary,2024-09-09,AAPL,,,,,,,0.00,,0,,,,,,,,,,0.8482,2024-09-06T13:45:00+00:00,304,1162
summary,2024-09-09,NVDA,,,,,,,0.00,,0,,,,,,,,,,0.7692,2024-09-09T13:39:00+00:00,671,1351
summary,2024-09-09,MSFT,,,,,,,0.00,,0,,,,,,,,,,0.6390,2024-09-09T08:02:00+00:00,306,990
summary,2024-09-10,SPY,,,,,,,0.00,,0,,,,,,,,,,0.7276,2024-09-09T09:24:00+00:00,962,1468
trade,2024-09-10,QQQ,Long,2024-09-10T13:41:00+00:00,2024-09-10T14:11:00+00:00,456.0618,456.7579,0.66,0.46,0.001526,1800000,ScoreExit,0.1508,-0.0533,-0.2710,0.0625,0.4680,0.0526,-0.3077,0.4202,,,
summary,2024-09-10,QQQ,,,,,,,0.46,,1,,,,,,,,,,0.7412,2024-09-09T09:25:00+00:00,995,1555
summary,2024-09-10,AAPL,,,,,,,0.00,,0,,,,,,,,,,0.6659,2024-09-09T16:02:00+00:00,732,1467
trade,2024-09-10,NVDA,Long,2024-09-10T14:28:00+00:00,2024-09-10T15:36:00+00:00,106.9884,107.0929,2.81,0.29,0.000977,4080000,ScoreExit,0.2141,-0.1376,0.3870,0.0230,0.5385,-0.3919,-0.2691,0.2103,,,
summary,2024-09-10,NVDA,,,,,,,0.29,,1,,,,,,,,,,0.7700,2024-09-09T13:39:00+00:00,1144,1678
trade,2024-09-10,MSFT,Long,2024-09-10T13:37:00+00:00,2024-09-10T14:51:00+00:00,411.6184,412.6012,0.73,0.72,0.002387,4440000,ScoreExit,0.5433,-0.0618,0.1042,0.5202,0.7358,-0.5481,-0.3141,0.6047,,,
summary,2024-09-10,MSFT,,,,,,,0.72,,1,,,,,,,,,,0.7080,2024-09-09T10:17:00+00:00,596,1085
summary,2024-09-11,SPY,,,,,,,0.00,,0,,,,,,,,,,0.7276,2024-09-09T09:24:00+00:00,1447,2223
summary,2024-09-11,QQQ,,,,,,,0.00,,0,,,,,,,,,,0.7412,2024-09-09T09:25:00+00:00,1580,2370
summary,2024-09-11,AAPL,,,,,,,0.00,,0,,,,,,,,,,0.6659,2024-09-09T16:02:00+00:00,1132,2116
summary,2024-09-11,NVDA,,,,,,,0.00,,0,,,,,,,,,,0.7700,2024-09-09T13:39:00+00:00,1997,2632
summary,2024-09-11,MSFT,,,,,,,0.00,,0,,,,,,,,,,0.7080,2024-09-09T10:17:00+00:00,1075,1668
summary,2024-09-12,SPY,,,,,,,0.00,,0,,,,,,,,,,0.5412,2024-09-09T16:19:00+00:00,1876,2746
summary,2024-09-12,QQQ,,,,,,,0.00,,0,,,,,,,,,,0.5984,2024-09-09T14:10:00+00:00,2198,2945
summary,2024-09-12,AAPL,,,,,,,0.00,,0,,,,,,,,,,0.7343,2024-09-09T16:02:00+00:00,1636,2561
trade,2024-09-12,NVDA,Long,2024-09-12T13:36:00+00:00,2024-09-12T15:31:00+00:00,116.4835,118.7194,2.58,5.78,0.019194,6900000,ScoreExit,0.3000,-0.0533,0.0245,0.2270,0.5380,-0.3508,-0.3018,0.5427,,,
summary,2024-09-12,NVDA,,,,,,,5.78,,1,,,,,,,,,,1.0000,2024-09-09T13:32:00+00:00,2693,3262
summary,2024-09-12,MSFT,,,,,,,0.00,,0,,,,,,,,,,0.6580,2024-09-09T13:39:00+00:00,1461,2159
summary,2024-09-13,SPY,,,,,,,0.00,,0,,,,,,,,,,0.4787,2024-09-11T16:04:00+00:00,1889,2708
summary,2024-09-13,QQQ,,,,,,,0.00,,0,,,,,,,,,,0.6142,2024-09-11T16:04:00+00:00,2172,2903
summary,2024-09-13,AAPL,,,,,,,0.00,,0,,,,,,,,,,0.8959,2024-09-10T14:28:00+00:00,1735,2412
summary,2024-09-13,NVDA,,,,,,,0.00,,0,,,,,,,,,,1.0000,2024-09-10T13:31:00+00:00,2632,3265
summary,2024-09-13,MSFT,,,,,,,0.00,,0,,,,,,,,,,1.0000,2024-09-10T13:32:00+00:00,1476,2140
summary,2024-09-16,SPY,,,,,,,0.00,,0,,,,,,,,,,0.7793,2024-09-13T14:44:00+00:00,641,1103
summary,2024-09-16,QQQ,,,,,,,0.00,,0,,,,,,,,,,0.6469,2024-09-13T14:46:00+00:00,489,1169
summary,2024-09-16,AAPL,,,,,,,0.00,,0,,,,,,,,,,0.6860,2024-09-13T15:04:00+00:00,290,1187
summary,2024-09-16,NVDA,,,,,,,0.00,,0,,,,,,,,,,1.0000,2024-09-13T13:37:00+00:00,173,1349
trade,2024-09-16,MSFT,Long,2024-09-16T13:47:00+00:00,2024-09-16T14:26:00+00:00,431.9145,431.1256,0.69,-0.55,-0.001827,2340000,ScoreExit,0.2872,-0.0665,-0.0199,0.2696,0.4249,-0.5431,-0.1445,0.2481,,,
summary,2024-09-16,MSFT,,,,,,,-0.55,,1,,,,,,,,,,0.8642,2024-09-13T13:40:00+00:00,647,919
summary,2024-09-17,SPY,,,,,,,0.00,,0,,,,,,,,,,0.4070,2024-09-16T13:54:00+00:00,728,1394
summary,2024-09-17,QQQ,,,,,,,0.00,,0,,,,,,,,,,0.4131,2024-09-16T17:43:00+00:00,777,1468
summary,2024-09-17,AAPL,,,,,,,0.00,,0,,,,,,,,,,0.5715,2024-09-16T14:14:00+00:00,746,1431
trade,2024-09-17,NVDA,Long,2024-09-17T14:01:00+00:00,2024-09-17T15:01:00+00:00,117.2502,117.4198,2.56,0.43,0.001446,3600000,ScoreExit,0.1445,-0.0547,0.1639,0.0101,0.4069,-0.4558,-0.2106,0.3910,,,
summary,2024-09-17,NVDA,,,,,,,0.43,,1,,,,,,,,,,0.6811,2024-09-16T14:13:00+00:00,789,1678
summary,2024-09-17,MSFT,,,,,,,0.00,,0,,,,,,,,,,0.6661,2024-09-16T13:44:00+00:00,642,1158
summary,2024-09-18,SPY,,,,,,,0.00,,0,,,,,,,,,,0.4070,2024-09-16T13:54:00+00:00,1096,2123
summary,2024-09-18,QQQ,,,,,,,0.00,,0,,,,,,,,,,0.4268,2024-09-18T18:34:00+00:00,1214,2252
summary,2024-09-18,AAPL,,,,,,,0.00,,0,,,,,,,,,,0.5715,2024-09-16T14:14:00+00:00,1267,2130
summary,2024-09-18,NVDA,,,,,,,0.00,,0,,,,,,,,,,0.6811,2024-09-16T14:13:00+00:00,844,2631
summary,2024-09-18,MSFT,,,,,,,0.00,,0,,,,,,,,,,0.6661,2024-09-16T13:44:00+00:00,805,1716
summary,2024-09-19,SPY,,,,,,,0.00,,0,,,,,,,,,,0.5497,2024-09-19T08:11:00+00:00,1738,2815
summary,2024-09-19,QQQ,,,,,,,0.00,,0,,,,,,,,,,0.6320,2024-09-16T13:56:00+00:00,1914,2915
trade,2024-09-19,AAPL,Long,2024-09-19T14:35:00+00:00,2024-09-19T15:51:00+00:00,229.5789,228.5664,1.31,-1.33,-0.004410,4560000,MaxHoldTimeout,0.4415,0.1552,0.0938,0.4177,0.6049,-0.2020,-0.0180,0.6207,,,
summary,2024-09-19,AAPL,,,,,,,-1.33,,1,,,,,,,,,,0.8992,2024-09-16T14:14:00+00:00,2058,2659
summary,2024-09-19,NVDA,,,,,,,0.00,,0,,,,,,,,,,0.9035,2024-09-16T13:48:00+00:00,1486,3262
summary,2024-09-19,MSFT,,,,,,,0.00,,0,,,,,,,,,,0.9413,2024-09-16T13:44:00+00:00,1191,2276
summary,2024-09-20,SPY,,,,,,,0.00,,0,,,,,,,,,,0.7587,2024-09-17T14:46:00+00:00,1481,2818
summary,2024-09-20,QQQ,,,,,,,0.00,,0,,,,,,,,,,0.8338,2024-09-17T14:46:00+00:00,1606,2952
trade,2024-09-20,AAPL,Long,2024-09-20T14:04:00+00:00,2024-09-20T15:14:00+00:00,230.2040,229.7610,1.31,-0.58,-0.001924,4200000,ScoreExit,0.1676,-0.0547,0.1759,0.0151,0.4696,-0.5714,-0.2487,0.5055,,,
summary,2024-09-20,AAPL,,,,,,,-0.58,,1,,,,,,,,,,0.9251,2024-09-17T14:49:00+00:00,2170,2665
summary,2024-09-20,NVDA,,,,,,,0.00,,0,,,,,,,,,,0.8023,2024-09-17T14:45:00+00:00,1209,3261
summary,2024-09-20,MSFT,,,,,,,0.00,,0,,,,,,,,,,0.9382,2024-09-17T13:46:00+00:00,703,2137
summary,2024-09-23,SPY,,,,,,,0.00,,0,,,,,,,,,,0.4971,2024-09-20T19:44:00+00:00,742,1201
summary,2024-09-23,QQQ,,,,,,,0.00,,0,,,,,,,,,,0.5921,2024-09-20T19:38:00+00:00,704,1190
summary,2024-09-23,AAPL,,,,,,,0.00,,0,,,,,,,,,,0.7612,2024-09-20T13:36:00+00:00,282,1215
summary,2024-09-23,NVDA,,,,,,,0.00,,0,,,,,,,,,,1.0000,2024-09-20T13:34:00+00:00,345,1346
summary,2024-09-23,MSFT,,,,,,,0.00,,0,,,,,,,,,,0.5625,2024-09-20T13:50:00+00:00,283,1013
summary,2024-09-24,SPY,,,,,,,0.00,,0,,,,,,,,,,0.3971,2024-09-24T08:18:00+00:00,754,1332
summary,2024-09-24,QQQ,,,,,,,0.00,,0,,,,,,,,,,0.4825,2024-09-24T15:53:00+00:00,828,1456
summary,2024-09-24,AAPL,,,,,,,0.00,,0,,,,,,,,,,0.6479,2024-09-23T14:53:00+00:00,610,1364
summary,2024-09-24,NVDA,,,,,,,0.00,,0,,,,,,,,,,0.8096,2024-09-24T15:53:00+00:00,933,1669
summary,2024-09-24,MSFT,,,,,,,0.00,,0,,,,,,,,,,0.5858,2024-09-23T14:45:00+00:00,277,1082
summary,2024-09-25,SPY,,,,,,,0.00,,0,,,,,,,,,,0.3971,2024-09-24T08:18:00+00:00,1077,2051
summary,2024-09-25,QQQ,,,,,,,0.00,,0,,,,,,,,,,0.4825,2024-09-24T15:53:00+00:00,1291,2284
summary,2024-09-25,AAPL,,,,,,,0.00,,0,,,,,,,,,,0.6479,2024-09-23T14:53:00+00:00,741,2124
trade,2024-09-25,NVDA,Long,2024-09-25T14:27:00+00:00,2024-09-25T15:26:00+00:00,124.7324,124.3277,2.41,-0.98,-0.003245,3540000,ScoreExit,0.3063,-0.0651,0.0124,0.2298,0.5571,-0.2800,-0.3191,0.5144,,,
summary,2024-09-25,NVDA,,,,,,,-0.98,,1,,,,,,,,,,0.8096,2024-09-24T15:53:00+00:00,1734,2629
summary,2024-09-25,MSFT,,,,,,,0.00,,0,,,,,,,,,,0.5858,2024-09-23T14:45:00+00:00,543,1631
summary,2024-09-26,SPY,,,,,,,0.00,,0,,,,,,,,,,0.4715,2024-09-23T14:53:00+00:00,1472,2623
summary,2024-09-26,QQQ,,,,,,,0.00,,0,,,,,,,,,,0.5402,2024-09-26T08:13:00+00:00,1729,2881
summary,2024-09-26,AAPL,,,,,,,0.00,,0,,,,,,,,,,0.9572,2024-09-23T14:47:00+00:00,1060,2657
trade,2024-09-26,NVDA,Long,2024-09-26T13:56:00+00:00,2024-09-26T14:07:00+00:00,126.8130,126.3071,2.37,-1.20,-0.003990,660000,ScoreExit,0.3000,-0.0552,0.3046,0.1234,0.6517,-0.5425,-0.1314,0.2596,,,
summary,2024-09-26,NVDA,,,,,,,-1.20,,1,,,,,,,,,,0.8152,2024-09-24T15:53:00+00:00,2425,3263
summary,2024-09-26,MSFT,,,,,,,0.00,,0,,,,,,,,,,0.9589,2024-09-23T14:44:00+00:00,803,2097
summary,2024-09-27,SPY,,,,,,,0.00,,0,,,,,,,,,,0.5482,2024-09-24T14:57:00+00:00,1598,2674
summary,2024-09-27,QQQ,,,,,,,0.00,,0,,,,,,,,,,0.7235,2024-09-24T15:04:00+00:00,1879,2948
summary,2024-09-27,AAPL,,,,,,,0.00,,0,,,,,,,,,,0.5702,2024-09-24T15:04:00+00:00,1252,2614
summary,2024-09-27,NVDA,,,,,,,0.00,,0,,,,,,,,,,0.9211,2024-09-24T15:53:00+00:00,2201,3270
summary,2024-09-27,MSFT,,,,,,,0.00,,0,,,,,,,,,,0.5595,2024-09-26T08:11:00+00:00,1037,2096
summary,2024-09-30,SPY,,,,,,,0.00,,0,,,,,,,,,,0.4813,2024-09-30T19:57:00+00:00,271,1169
summary,2024-09-30,QQQ,,,,,,,0.00,,0,,,,,,,,,,0.4519,2024-09-30T19:57:00+00:00,143,1191
trade,2024-09-30,AAPL,Long,2024-09-30T13:42:00+00:00,2024-09-30T14:58:00+00:00,231.8945,231.5455,1.29,-0.45,-0.001505,4560000,MaxHoldTimeout,0.2945,0.3514,0.0771,0.2113,0.5333,0.2988,0.2498,0.5721,,,
trade,2024-09-30,AAPL,Long,2024-09-30T15:00:00+00:00,2024-09-30T15:56:00+00:00,231.6745,232.1553,1.30,0.62,0.002076,3360000,SessionClose,0.3382,0.3590,0.1668,0.2498,0.5721,0.2325,0.2555,0.6082,,,
summary,2024-09-30,AAPL,,,,,,,0.17,,2,,,,,,,,,,0.5349,2024-09-27T14:03:00+00:00,623,1142
summary,2024-09-30,NVDA,,,,,,,0.00,,0,,,,,,,,,,0.5710,2024-09-30T13:44:00+00:00,243,1350
summary,2024-09-30,MSFT,,,,,,,0.00,,0,,,,,,,,,,0.5077,2024-09-30T19:57:00+00:00,184,930
summary,2024-10-01,SPY,,,,,,,0.00,,0,,,,,,,,,,0.4892,2024-09-30T19:57:00+00:00,629,1451
summary,2024-10-01,QQQ,,,,,,,0.00,,0,,,,,,,,,,0.4907,2024-09-30T19:57:00+00:00,592,1468
summary,2024-10-01,AAPL,,,,,,,0.00,,0,,,,,,,,,,0.9423,2024-09-30T09:26:00+00:00,651,1419
summary,2024-10-01,NVDA,,,,,,,0.00,,0,,,,,,,,,,0.7875,2024-09-30T13:37:00+00:00,797,1676
summary,2024-10-01,MSFT,,,,,,,0.00,,0,,,,,,,,,,0.5346,2024-09-30T19:57:00+00:00,372,1053
summary,2024-10-02,SPY,,,,,,,0.00,,0,,,,,,,,,,0.4892,2024-09-30T19:57:00+00:00,681,2289
summary,2024-10-02,QQQ,,,,,,,0.00,,0,,,,,,,,,,0.4907,2024-09-30T19:57:00+00:00,807,2336
summary,2024-10-02,AAPL,,,,,,,0.00,,0,,,,,,,,,,0.9423,2024-09-30T09:26:00+00:00,744,2197
summary,2024-10-02,NVDA,,,,,,,0.00,,0,,,,,,,,,,0.7875,2024-09-30T13:37:00+00:00,1132,2636
summary,2024-10-02,MSFT,,,,,,,0.00,,0,,,,,,,,,,0.5346,2024-09-30T19:57:00+00:00,372,1614
summary,2024-10-03,SPY,,,,,,,0.00,,0,,,,,,,,,,0.6542,2024-09-30T19:57:00+00:00,700,2815
summary,2024-10-03,QQQ,,,,,,,0.00,,0,,,,,,,,,,0.6505,2024-09-30T19:57:00+00:00,881,2881
summary,2024-10-03,AAPL,,,,,,,0.00,,0,,,,,,,,,,0.9213,2024-09-30T13:33:00+00:00,556,2606
trade,2024-10-03,NVDA,Long,2024-10-03T14:31:00+00:00,2024-10-03T15:56:00+00:00,122.1266,123.2180,2.46,2.69,0.008937,5100000,SessionClose,0.1367,0.3293,-0.5438,0.0299,0.5772,0.4874,0.1660,0.6031,,,
summary,2024-10-03,NVDA,,,,,,,2.69,,1,,,,,,,,,,1.0000,2024-09-30T13:31:00+00:00,1925,3265
summary,2024-10-03,MSFT,,,,,,,0.00,,0,,,,,,,,,,0.8135,2024-09-30T13:33:00+00:00,294,2051
summary,2024-10-04,SPY,,,,,,,0.00,,0,,,,,,,,,,0.5492,2024-10-01T18:16:00+00:00,1178,2798
summary,2024-10-04,QQQ,,,,,,,0.00,,0,,,,,,,,,,0.6138,2024-10-01T18:29:00+00:00,1414,2941
summary,2024-10-04,AAPL,,,,,,,0.00,,0,,,,,,,,,,0.4713,2024-10-02T14:49:00+00:00,966,2558
summary,2024-10-04,NVDA,,,,,,,0.00,,0,,,,,,,,,,0.7243,2024-10-01T13:31:00+00:00,2091,3266
summary,2024-10-04,MSFT,,,,,,,0.00,,0,,,,,,,,,,0.5343,2024-10-01T18:29:00+00:00,206,2072
summary,2024-10-07,SPY,,,,,,,0.00,,0,,,,,,,,,,0.5044,2024-10-04T19:44:00+00:00,493,1184
summary,2024-10-07,QQQ,,,,,,,0.00,,0,,,,,,,,,,0.5458,2024-10-04T19:34:00+00:00,534,1214
summary,2024-10-07,AAPL,,,,,,,0.00,,0,,,,,,,,,,0.5876,2024-10-04T19:57:00+00:00,278,1153
summary,2024-10-07,NVDA,,,,,,,0.00,,0,,,,,,,,,,0.8229,2024-10-04T15:02:00+00:00,1051,1351
summary,2024-10-07,MSFT,,,,,,,0.00,,0,,,,,,,,,,0.5454,2024-10-04T16:44:00+00:00,196,1007
trade,2024-10-08,SPY,Long,2024-10-08T14:53:00+00:00,2024-10-08T15:56:00+00:00,572.1766,572.0833,0.52,-0.05,-0.000163,3780000,SessionClose,0.2521,0.3523,0.1922,0.1857,0.4047,0.5346,0.2910,0.4143,,,
summary,2024-10-08,SPY,,,,,,,-0.05,,1,,,,,,,,,,0.3927,2024-10-08T14:42:00+00:00,730,1450
trade,2024-10-08,QQQ,Long,2024-10-08T14:11:00+00:00,2024-10-08T15:56:00+00:00,486.6760,488.0535,0.62,0.85,0.002831,6300000,SessionClose,0.3497,0.3333,0.0820,0.3151,0.5083,0.5262,0.2169,0.5016,,,
summary,2024-10-08,QQQ,,,,,,,0.85,,1,,,,,,,,,,0.4798,2024-10-08T14:00:00+00:00,721,1520
trade,2024-10-08,AAPL,Long,2024-10-08T13:33:00+00:00,2024-10-08T15:34:00+00:00,223.8921,225.1274,1.34,1.66,0.005517,7260000,MaxHoldTimeout,0.3016,0.1640,0.1304,0.2573,0.4473,0.0999,-0.0095,0.5322,,,
summary,2024-10-08,AAPL,,,,,,,1.66,,1,,,,,,,,,,0.5409,2024-10-07T08:35:00+00:00,675,1385
trade,2024-10-08,NVDA,Long,2024-10-08T14:34:00+00:00,2024-10-08T15:56:00+00:00,131.7545,132.2103,2.29,1.04,0.003460,4920000,SessionClose,0.5149,0.2498,0.2839,0.3804,0.8609,0.0897,-0.0018,0.8065,,,
summary,2024-10-08,NVDA,,,,,,,1.04,,1,,,,,,,,,,0.7622,2024-10-07T13:37:00+00:00,1388,1681
trade,2024-10-08,MSFT,Long,2024-10-08T14:06:00+00:00,2024-10-08T15:22:00+00:00,413.7091,413.4509,0.73,-0.19,-0.000624,4560000,MaxHoldTimeout,0.3138,0.0209,0.0427,0.2745,0.4827,0.1641,-0.2326,0.4801,,,
summary,2024-10-08,MSFT,,,,,,,-0.19,,1,,,,,,,,,,0.5587,2024-10-08T13:53:00+00:00,449,1211
summary,2024-10-09,SPY,,,,,,,0.00,,0,,,,,,,,,,0.3927,2024-10-08T14:42:00+00:00,1268,2208
summary,2024-10-09,QQQ,,,,,,,0.00,,0,,,,,,,,,,0.4798,2024-10-08T14:00:00+00:00,1327,2345
summary,2024-10-09,AAPL,,,,,,,0.00,,0,,,,,,,,,,0.5409,2024-10-07T08:35:00+00:00,1170,2011
summary,2024-10-09,NVDA,,,,,,,0.00,,0,,,,,,,,,,0.7622,2024-10-07T13:37:00+00:00,2122,2641
summary,2024-10-09,MSFT,,,,,,,0.00,,0,,,,,,,,,,0.5587,2024-10-08T13:53:00+00:00,866,1813
summary,2024-10-10,SPY,,,,,,,0.00,,0,,,,,,,,,,0.4016,2024-10-08T14:42:00+00:00,1637,2740
summary,2024-10-10,QQQ,,,,,,,0.00,,0,,,,,,,,,,0.4812,2024-10-08T14:00:00+00:00,1776,2864
summary,2024-10-10,AAPL,,,,,,,0.00,,0,,,,,,,,,,0.5748,2024-10-07T14:42:00+00:00,1538,2453
trade,2024-10-10,NVDA,Long,2024-10-10T14:03:00+00:00,2024-10-10T15:56:00+00:00,132.8248,134.6546,2.27,4.15,0.013776,6780000,SessionClose,0.3432,0.4346,0.1777,0.2937,0.4975,0.5210,0.3646,0.5458,,,
summary,2024-10-10,NVDA,,,,,,,4.15,,1,,,,,,,,,,1.0000,2024-10-07T13:33:00+00:00,2502,3269
summary,2024-10-10,MSFT,,,,,,,0.00,,0,,,,,,,,,,0.6070,2024-10-08T13:53:00+00:00,1173,2285
summary,2024-10-11,SPY,,,,,,,0.00,,0,,,,,,,,,,0.8329,2024-10-08T14:42:00+00:00,1893,2674
summary,2024-10-11,QQQ,,,,,,,0.00,,0,,,,,,,,,,0.9475,2024-10-08T14:47:00+00:00,2045,2796
summary,2024-10-11,AAPL,,,,,,,0.00,,0,,,,,,,,,,0.9267,2024-10-08T14:43:00+00:00,1619,2290
summary,2024-10-11,NVDA,,,,,,,0.00,,0,,,,,,,,,,1.0000,2024-10-08T13:37:00+00:00,2351,3265
summary,2024-10-11,MSFT,,,,,,,0.00,,0,,,,,,,,,,0.9558,2024-10-08T14:42:00+00:00,1305,2116
trade,2024-10-14,SPY,Long,2024-10-14T13:53:00+00:00,2024-10-14T15:01:00+00:00,582.8698,582.4499,0.51,-0.22,-0.000720,4080000,ScoreExit,0.2796,-0.0619,0.1836,0.2107,0.4494,-0.5322,-0.2235,0.4183,,,
summary,2024-10-14,SPY,,,,,,,-0.22,,1,,,,,,,,,,0.6604,2024-10-11T14:40:00+00:00,852,1181
summary,2024-10-14,QQQ,,,,,,,0.00,,0,,,,,,,,,,0.7891,2024-10-11T14:27:00+00:00,895,1188
trade,2024-10-14,AAPL,Long,2024-10-14T13:33:00+00:00,2024-10-14T14:51:00+00:00,229.4138,230.2609,1.31,1.11,0.003692,4680000,ScoreExit,0.4414,-0.0786,0.2975,0.4012,0.5696,-0.5267,-0.2973,0.5083,,,
summary,2024-10-14,AAPL,,,,,,,1.11,,1,,,,,,,,,,0.7031,2024-10-11T14:38:00+00:00,654,1065
trade,2024-10-14,NVDA,Long,2024-10-14T14:09:00+00:00,2024-10-14T15:25:00+00:00,139.2797,138.4933,2.16,-1.70,-0.005646,4560000,MaxHoldTimeout,0.5397,0.0910,0.4559,0.4937,0.6598,0.1625,-0.1715,0.5922,,,
summary,2024-10-14,NVDA,,,,,,,-1.70,,1,,,,,,,,,,0.8912,2024-10-11T14:12:00+00:00,846,1347
trade,2024-10-14,MSFT,Long,2024-10-14T14:39:00+00:00,2024-10-14T14:48:00+00:00,422.7018,421.3136,0.71,-0.99,-0.003284,540000,ScoreExit,0.0995,-0.0510,-0.5728,0.0166,0.4893,-0.5762,-0.2335,0.4893,,,
summary,2024-10-14,MSFT,,,,,,,-0.99,,1,,,,,,,,,,0.8460,2024-10-11T14:28:00+00:00,625,936
summary,2024-10-15,SPY,,,,,,,0.00,,0,,,,,,,,,,0.4456,2024-10-14T13:49:00+00:00,834,1414
summary,2024-10-15,QQQ,,,,,,,0.00,,0,,,,,,,,,,0.5652,2024-10-14T13:59:00+00:00,719,1493
summary,2024-10-15,AAPL,,,,,,,0.00,,0,,,,,,,,,,0.6522,2024-10-14T13:37:00+00:00,933,1326
summary,2024-10-15,NVDA,,,,,,,0.00,,0,,,,,,,,,,0.7338,2024-10-14T13:59:00+00:00,666,1679
summary,2024-10-15,MSFT,,,,,,,0.00,,0,,,,,,,,,,0.6578,2024-10-14T13:50:00+00:00,335,1077
summary,2024-10-16,SPY,,,,,,,0.00,,0,,,,,,,,,,0.4456,2024-10-14T13:49:00+00:00,1235,2191
summary,2024-10-16,QQQ,,,,,,,0.00,,0,,,,,,,,,,0.5652,2024-10-14T13:59:00+00:00,791,2331
summary,2024-10-16,AAPL,,,,,,,0.00,,0,,,,,,,,,,0.6522,2024-10-14T13:37:00+00:00,1071,2012
summary,2024-10-16,NVDA,,,,,,,0.00,,0,,,,,,,,,,0.7338,2024-10-14T13:59:00+00:00,944,2639
summary,2024-10-16,MSFT,,,,,,,0.00,,0,,,,,,,,,,0.6578,2024-10-14T13:50:00+00:00,398,1649
summary,2024-10-17,SPY,,,,,,,0.00,,0,,,,,,,,,,0.7668,2024-10-14T14:43:00+00:00,1484,2763
summary,2024-10-17,QQQ,,,,,,,0.00,,0,,,,,,,,,,0.6465,2024-10-14T13:59:00+00:00,1011,2884
summary,2024-10-17,AAPL,,,,,,,0.00,,0,,,,,,,,,,1.0000,2024-10-14T13:35:00+00:00,1205,2575
trade,2024-10-17,NVDA,Long,2024-10-17T14:16:00+00:00,2024-10-17T15:56:00+00:00,138.5966,139.6431,2.16,2.27,0.007551,6000000,SessionClose,0.1703,0.3394,0.2720,0.0235,0.4300,-0.4663,0.3876,0.5115,,,
summary,2024-10-17,NVDA,,,,,,,2.27,,1,,,,,,,,,,0.9963,2024-10-14T13:36:00+00:00,1317,3271
summary,2024-10-17,MSFT,,,,,,,0.00,,0,,,,,,,,,,0.8950,2024-10-14T14:23:00+00:00,498,2153
summary,2024-10-18,SPY,,,,,,,0.00,,0,,,,,,,,,,0.4407,2024-10-17T08:31:00+00:00,1268,2711
summary,2024-10-18,QQQ,,,,,,,0.00,,0,,,,,,,,,,0.4951,2024-10-17T08:01:00+00:00,1354,2910
summary,2024-10-18,AAPL,,,,,,,0.00,,0,,,,,,,,,,1.0000,2024-10-15T13:35:00+00:00,777,2585
summary,2024-10-18,NVDA,,,,,,,0.00,,0,,,,,,,,,,0.7448,2024-10-17T08:11:00+00:00,2095,3270
summary,2024-10-18,MSFT,,,,,,,0.00,,0,,,,,,,,,,0.4543,2024-10-17T08:31:00+00:00,846,2132
summary,2024-10-21,SPY,,,,,,,0.00,,0,,,,,,,,,,0.4691,2024-10-18T14:46:00+00:00,592,1105
summary,2024-10-21,QQQ,,,,,,,0.00,,0,,,,,,,,,,0.4789,2024-10-18T13:41:00+00:00,519,1155
summary,2024-10-21,AAPL,,,,,,,0.00,,0,,,,,,,,,,0.5644,2024-10-18T14:01:00+00:00,477,1095
summary,2024-10-21,NVDA,,,,,,,0.00,,0,,,,,,,,,,0.7868,2024-10-18T13:36:00+00:00,668,1345
summary,2024-10-21,MSFT,,,,,,,0.00,,0,,,,,,,,,,0.9011,2024-10-18T13:41:00+00:00,382,947
summary,2024-10-22,SPY,,,,,,,0.00,,0,,,,,,,,,,0.3705,2024-10-22T18:04:00+00:00,664,1383
summary,2024-10-22,QQQ,,,,,,,0.00,,0,,,,,,,,,,0.5279,2024-10-21T14:17:00+00:00,771,1509
summary,2024-10-22,AAPL,,,,,,,0.00,,0,,,,,,,,,,0.5515,2024-10-21T14:14:00+00:00,676,1315
trade,2024-10-22,NVDA,Long,2024-10-22T13:36:00+00:00,2024-10-22T14:41:00+00:00,142.5478,143.1810,2.11,1.33,0.004443,3900000,ScoreExit,0.2293,-0.0699,-0.0237,0.1486,0.4750,-0.4021,-0.2792,0.4593,,,
summary,2024-10-22,NVDA,,,,,,,1.33,,1,,,,,,,,,,0.7959,2024-10-21T13:53:00+00:00,1225,1677
summary,2024-10-22,MSFT,,,,,,,0.00,,0,,,,,,,,,,0.7376,2024-10-22T13:57:00+00:00,767,1105
summary,2024-10-23,SPY,,,,,,,0.00,,0,,,,,,,,,,0.3705,2024-10-22T18:04:00+00:00,744,2152
summary,2024-10-23,QQQ,,,,,,,0.00,,0,,,,,,,,,,0.5279,2024-10-21T14:17:00+00:00,877,2340
summary,2024-10-23,AAPL,,,,,,,0.00,,0,,,,,,,,,,0.5515,2024-10-21T14:14:00+00:00,731,1971
summary,2024-10-23,NVDA,,,,,,,0.00,,0,,,,,,,,,,0.7959,2024-10-21T13:53:00+00:00,1530,2635
summary,2024-10-23,MSFT,,,,,,,0.00,,0,,,,,,,,,,0.7376,2024-10-22T13:57:00+00:00,1168,1752
summary,2024-10-24,SPY,,,,,,,0.00,,0,,,,,,,,,,0.3706,2024-10-22T18:04:00+00:00,691,2755
summary,2024-10-24,QQQ,,,,,,,0.00,,0,,,,,,,,,,0.5690,2024-10-21T14:17:00+00:00,1021,2962
summary,2024-10-24,AAPL,,,,,,,0.00,,0,,,,,,,,,,0.6258,2024-10-21T14:16:00+00:00,656,2515
summary,2024-10-24,NVDA,,,,,,,0.00,,0,,,,,,,,,,1.0000,2024-10-21T13:34:00+00:00,1763,3268
summary,2024-10-24,MSFT,,,,,,,0.00,,0,,,,,,,,,,0.7125,2024-10-22T13:57:00+00:00,1402,2258
summary,2024-10-25,SPY,,,,,,,0.00,,0,,,,,,,,,,0.6939,2024-10-22T14:54:00+00:00,1018,2707
summary,2024-10-25,QQQ,,,,,,,0.00,,0,,,,,,,,,,0.7322,2024-10-22T14:08:00+00:00,1378,2936
trade,2024-10-25,AAPL,Long,2024-10-25T14:58:00+00:00,2024-10-25T15:26:00+00:00,232.7848,232.6652,1.29,-0.15,-0.000514,1680000,ScoreExit,0.2722,-0.0637,0.0995,0.2229,0.4285,-0.1409,-0.2578,0.3503,,,
summary,2024-10-25,AAPL,,,,,,,-0.15,,1,,,,,,,,,,0.8585,2024-10-22T14:57:00+00:00,851,2533
trade,2024-10-25,NVDA,Long,2024-10-25T13:39:00+00:00,2024-10-25T15:40:00+00:00,142.1976,143.4070,2.11,2.55,0.008504,7260000,MaxHoldTimeout,0.3173,0.0044,0.1534,0.2631,0.4802,-0.5405,-0.1614,0.5177,,,
summary,2024-10-25,NVDA,,,,,,,2.55,,1,,,,,,,,,,1.0000,2024-10-22T13:38:00+00:00,1095,3257
summary,2024-10-25,MSFT,,,,,,,0.00,,0,,,,,,,,,,0.9345,2024-10-22T13:46:00+00:00,993,2211
summary,2024-10-28,SPY,,,,,,,0.00,,0,,,,,,,,,,0.4810,2024-10-25T14:02:00+00:00,489,1237
summary,2024-10-28,QQQ,,,,,,,0.00,,0,,,,,,,,,,0.8650,2024-10-25T14:02:00+00:00,508,1234
trade,2024-10-28,AAPL,Long,2024-10-28T13:56:00+00:00,2024-10-28T15:56:00+00:00,232.8948,233.4699,1.29,0.74,0.002469,7200000,SessionClose,0.1522,0.1169,-0.1944,0.0679,0.4363,-0.1900,-0.0473,0.5474,,,
summary,2024-10-28,AAPL,,,,,,,0.74,,1,,,,,,,,,,0.9532,2024-10-25T14:54:00+00:00,705,1112
summary,2024-10-28,NVDA,,,,,,,0.00,,0,,,,,,,,,,1.0000,2024-10-25T13:35:00+00:00,505,1351
summary,2024-10-28,MSFT,,,,,,,0.00,,0,,,,,,,,,,0.9245,2024-10-25T13:46:00+00:00,296,1017
summary,2024-10-29,SPY,,,,,,,0.00,,0,,,,,,,,,,0.3775,2024-10-29T14:24:00+00:00,589,1406
summary,2024-10-29,QQQ,,,,,,,0.00,,0,,,,,,,,,,0.4272,2024-10-29T14:24:00+00:00,628,1480
summary,2024-10-29,AAPL,,,,,,,0.00,,0,,,,,,,,,,0.5586,2024-10-28T16:44:00+00:00,682,1337
summary,2024-10-29,NVDA,,,,,,,0.00,,0,,,,,,,,,,0.7855,2024-10-28T09:18:00+00:00,575,1681
summary,2024-10-29,MSFT,,,,,,,0.00,,0,,,,,,,,,,0.5698,2024-10-28T09:52:00+00:00,487,1112
summary,2024-10-30,SPY,,,,,,,0.00,,0,,,,,,,,,,0.3775,2024-10-29T14:24:00+00:00,940,2216
summary,2024-10-30,QQQ,,,,,,,0.00,,0,,,,,,,,,,0.4272,2024-10-29T14:24:00+00:00,1184,2368
summary,2024-10-30,AAPL,,,,,,,0.00,,0,,,,,,,,,,0.5586,2024-10-28T16:44:00+00:00,704,2110
summary,2024-10-30,NVDA,,,,,,,0.00,,0,,,,,,,,,,0.7855,2024-10-28T09:18:00+00:00,715,2640
summary,2024-10-30,MSFT,,,,,,,0.00,,0,,,,,,,,,,0.5698,2024-10-28T09:52:00+00:00,1156,1950
summary,2024-10-31,SPY,,,,,,,0.00,,0,,,,,,,,,,0.4002,2024-10-28T14:45:00+00:00,725,2802
summary,2024-10-31,QQQ,,,,,,,0.00,,0,,,,,,,,,,0.4833,2024-10-28T14:42:00+00:00,1063,2972
summary,2024-10-31,AAPL,,,,,,,0.00,,0,,,,,,,,,,0.8528,2024-10-28T14:42:00+00:00,579,2668
summary,2024-10-31,NVDA,,,,,,,0.00,,0,,,,,,,,,,0.4829,2024-10-29T15:56:00+00:00,589,3269
summary,2024-10-31,MSFT,,,,,,,0.00,,0,,,,,,,,,,0.6342,2024-10-30T20:03:00+00:00,1121,2704
summary,2024-11-01,SPY,,,,,,,0.00,,0,,,,,,,,,,0.6901,2024-10-29T15:03:00+00:00,798,2894
summary,2024-11-01,QQQ,,,,,,,0.00,,0,,,,,,,,,,0.8648,2024-10-29T14:57:00+00:00,931,3050
summary,2024-11-01,AAPL,,,,,,,0.00,,0,,,,,,,,,,0.6346,2024-10-29T13:45:00+00:00,334,2859
summary,2024-11-01,NVDA,,,,,,,0.00,,0,,,,,,,,,,0.8991,2024-10-29T14:59:00+00:00,823,3267
summary,2024-11-01,MSFT,,,,,,,0.00,,0,,,,,,,,,,0.8610,2024-10-29T14:52:00+00:00,1237,2960
summary,2024-11-04,SPY,,,,,,,0.00,,0,,,,,,,,,,0.7730,2024-11-01T14:29:00+00:00,350,1146
summary,2024-11-04,QQQ,,,,,,,0.00,,0,,,,,,,,,,0.8905,2024-11-01T14:29:00+00:00,507,1193
summary,2024-11-04,AAPL,,,,,,,0.00,,0,,,,,,,,,,1.0000,2024-11-01T13:36:00+00:00,345,1139
trade,2024-11-04,NVDA,Long,2024-11-04T14:41:00+00:00,2024-11-04T15:56:00+00:00,137.0361,137.6687,2.19,1.38,0.004616,4500000,SessionClose,0.3495,0.2937,0.3897,0.2415,0.5521,0.0819,0.1826,0.5864,,,
trade,2024-11-04,NVDA,Long,2024-11-04T15:58:00+00:00,2024-11-04T15:59:00+00:00,137.8814,137.7936,2.18,-0.19,-0.000636,60000,SessionClose,0.3279,0.3281,0.4238,0.1826,0.5864,0.4267,0.1826,0.5864,,,
summary,2024-11-04,NVDA,,,,,,,1.19,,2,,,,,,,,,,0.9083,2024-11-01T13:41:00+00:00,871,1351
summary,2024-11-04,MSFT,,,,,,,0.00,,0,,,,,,,,,,0.9597,2024-11-01T15:02:00+00:00,291,1017
trade,2024-11-05,SPY,Long,2024-11-05T15:27:00+00:00,2024-11-05T15:56:00+00:00,574.6273,573.7028,0.52,-0.48,-0.001609,1740000,SessionClose,0.2423,0.0029,0.1883,0.1572,0.4303,-0.5519,-0.1183,0.4303,,,
summary,2024-11-05,SPY,,,,,,,-0.48,,1,,,,,,,,,,0.7573,2024-11-04T10:39:00+00:00,771,1337
trade,2024-11-05,QQQ,Long,2024-11-05T14:42:00+00:00,2024-11-05T15:56:00+00:00,489.4218,489.7580,0.61,0.21,0.000687,4440000,SessionClose,0.3553,-0.0182,0.0939,0.3260,0.5010,-0.5514,-0.1660,0.4551,,,
summary,2024-11-05,QQQ,,,,,,,0.21,,1,,,,,,,,,,0.7634,2024-11-04T10:34:00+00:00,902,1462
trade,2024-11-05,AAPL,Long,2024-11-05T14:36:00+00:00,2024-11-05T15:47:00+00:00,223.1619,222.7282,1.34,-0.58,-0.001944,4260000,ScoreExit,0.3753,-0.0700,0.3416,0.3077,0.5217,-0.5548,-0.1889,0.3293,,,
summary,2024-11-05,AAPL,,,,,,,-0.58,,1,,,,,,,,,,0.5782,2024-11-04T15:07:00+00:00,744,1262
summary,2024-11-05,NVDA,,,,,,,0.00,,0,,,,,,,,,,0.6055,2024-11-04T16:12:00+00:00,817,1671
trade,2024-11-05,MSFT,Long,2024-11-05T14:32:00+00:00,2024-11-05T15:56:00+00:00,410.2480,411.5215,0.73,0.93,0.003104,5040000,SessionClose,0.2849,-0.0486,0.2619,0.1879,0.4867,-0.5583,-0.2092,0.4424,,,
summary,2024-11-05,MSFT,,,,,,,0.93,,1,,,,,,,,,,0.5170,2024-11-05T14:59:00+00:00,578,1096
summary,2024-11-06,SPY,,,,,,,0.00,,0,,,,,,,,,,0.7847,2024-11-06T09:02:00+00:00,1550,2265
summary,2024-11-06,QQQ,,,,,,,0.00,,0,,,,,,,,,,0.7634,2024-11-04T10:34:00+00:00,1657,2378
summary,2024-11-06,AAPL,,,,,,,0.00,,0,,,,,,,,,,0.5782,2024-11-04T15:07:00+00:00,1235,2089
trade,2024-11-06,NVDA,Long,2024-11-06T15:04:00+00:00,2024-11-06T15:56:00+00:00,143.1929,143.4619,2.10,0.56,0.001879,3120000,SessionClose,0.1977,0.2074,-0.0117,0.0362,0.5903,-0.2303,0.0889,0.5903,,,
summary,2024-11-06,NVDA,,,,,,,0.56,,1,,,,,,,,,,0.6072,2024-11-06T14:39:00+00:00,1675,2631
summary,2024-11-06,MSFT,,,,,,,0.00,,0,,,,,,,,,,0.5218,2024-11-06T09:01:00+00:00,1102,1832
summary,2024-11-07,SPY,,,,,,,0.00,,0,,,,,,,,,,0.8282,2024-11-06T09:02:00+00:00,2077,2905
summary,2024-11-07,QQQ,,,,,,,0.00,,0,,,,,,,,,,0.9061,2024-11-04T15:49:00+00:00,2224,2967
summary,2024-11-07,AAPL,,,,,,,0.00,,0,,,,,,,,,,0.8925,2024-11-04T15:07:00+00:00,1756,2644
trade,2024-11-07,NVDA,Long,2024-11-07T14:45:00+00:00,2024-11-07T15:56:00+00:00,147.4792,147.9106,2.04,0.88,0.002925,4260000,SessionClose,0.4086,0.0424,0.1082,0.3737,0.5784,-0.3617,-0.1360,0.5340,,,
summary,2024-11-07,NVDA,,,,,,,0.88,,1,,,,,,,,,,0.9348,2024-11-04T14:45:00+00:00,2529,3260
summary,2024-11-07,MSFT,,,,,,,0.00,,0,,,,,,,,,,0.8971,2024-11-04T15:49:00+00:00,1570,2317
summary,2024-11-08,SPY,,,,,,,0.00,,0,,,,,,,,,,0.8127,2024-11-05T15:46:00+00:00,2454,2990
summary,2024-11-08,QQQ,,,,,,,0.00,,0,,,,,,,,,,0.7123,2024-11-05T15:01:00+00:00,2434,3025
summary,2024-11-08,AAPL,,,,,,,0.00,,0,,,,,,,,,,0.8098,2024-11-05T14:55:00+00:00,1717,2695
summary,2024-11-08,NVDA,,,,,,,0.00,,0,,,,,,,,,,1.0000,2024-11-05T14:38:00+00:00,2753,3270
summary,2024-11-08,MSFT,,,,,,,0.00,,0,,,,,,,,,,0.8282,2024-11-05T15:00:00+00:00,1584,2362
summary,2024-11-11,SPY,,,,,,,0.00,,0,,,,,,,,,,0.7392,2024-11-08T15:52:00+00:00,673,1140
summary,2024-11-11,QQQ,,,,,,,0.00,,0,,,,,,,,,,0.4236,2024-11-08T18:39:00+00:00,695,1154
summary,2024-11-11,AAPL,,,,,,,0.00,,0,,,,,,,,,,0.6243,2024-11-08T14:32:00+00:00,107,1084
summary,2024-11-11,NVDA,,,,,,,0.00,,0,,,,,,,,,,0.8212,2024-11-08T14:36:00+00:00,275,1349
summary,2024-11-11,MSFT,,,,,,,0.00,,0,,,,,,,,,,0.5436,2024-11-08T14:37:00+00:00,81,989
summary,2024-11-12,SPY,,,,,,,0.00,,0,,,,,,,,,,0.3395,2024-11-12T19:02:00+00:00,398,1430
summary,2024-11-12,QQQ,,,,,,,0.00,,0,,,,,,,,,,0.3609,2024-11-11T13:03:00+00:00,646,1500
summary,2024-11-12,AAPL,,,,,,,0.00,,0,,,,,,,,,,0.4189,2024-11-12T16:19:00+00:00,594,1322
trade,2024-11-12,NVDA,Long,2024-11-12T15:06:00+00:00,2024-11-12T15:56:00+00:00,147.9044,148.9903,2.03,2.21,0.007342,3000000,SessionClose,0.4142,0.0760,0.0679,0.3101,0.7380,-0.4524,-0.1669,0.7380,,,
summary,2024-11-12,NVDA,,,,,,,2.21,,1,,,,,,,,,,0.8191,2024-11-11T09:31:00+00:00,814,1681
summary,2024-11-12,MSFT,,,,,,,0.00,,0,,,,,,,,,,0.4682,2024-11-12T19:04:00+00:00,454,1122
summary,2024-11-13,SPY,,,,,,,0.00,,0,,,,,,,,,,0.3463,2024-11-13T13:40:00+00:00,628,2220
summary,2024-11-13,QQQ,,,,,,,0.00,,0,,,,,,,,,,0.3642,2024-11-13T13:41:00+00:00,999,2296
summary,2024-11-13,AAPL,,,,,,,0.00,,0,,,,,,,,,,0.4437,2024-11-13T17:47:00+00:00,923,1965
summary,2024-11-13,NVDA,,,,,,,0.00,,0,,,,,,,,,,0.8191,2024-11-11T09:31:00+00:00,1319,2641
summary,2024-11-13,MSFT,,,,,,,0.00,,0,,,,,,,,,,0.5511,2024-11-13T16:51:00+00:00,779,1715
summary,2024-11-14,SPY,,,,,,,0.00,,0,,,,,,,,,,0.3983,2024-11-11T15:57:00+00:00,704,2816
summary,2024-11-14,QQQ,,,,,,,0.00,,0,,,,,,,,,,0.3666,2024-11-13T13:41:00+00:00,944,2845
summary,2024-11-14,AAPL,,,,,,,0.00,,0,,,,,,,,,,0.4843,2024-11-11T20:59:00+00:00,1470,2453
summary,2024-11-14,NVDA,,,,,,,0.00,,0,,,,,,,,,,0.6788,2024-11-11T15:57:00+00:00,1493,3268
summary,2024-11-14,MSFT,,,,,,,0.00,,0,,,,,,,,,,0.5494,2024-11-13T16:51:00+00:00,1072,2151
summary,2024-11-15,SPY,,,,,,,0.00,,0,,,,,,,,,,0.3881,2024-11-13T13:40:00+00:00,716,2829
summary,2024-11-15,QQQ,,,,,,,0.00,,0,,,,,,,,,,0.4135,2024-11-12T14:38:00+00:00,573,2875
summary,2024-11-15,AAPL,,,,,,,0.00,,0,,,,,,,,,,0.8284,2024-11-12T16:04:00+00:00,1118,2415
summary,2024-11-15,NVDA,,,,,,,0.00,,0,,,,,,,,,,1.0000,2024-11-12T14:37:00+00:00,995,3268
summary,2024-11-15,MSFT,,,,,,,0.00,,0,,,,,,,,,,0.8232,2024-11-12T14:36:00+00:00,1137,2158
summary,2024-11-18,SPY,,,,,,,0.00,,0,,,,,,,,,,0.3964,2024-11-18T15:49:00+00:00,419,1187
trade,2024-11-18,QQQ,Long,2024-11-18T15:56:00+00:00,2024-11-18T15:57:00+00:00,501.2353,500.8347,0.60,-0.24,-0.000799,60000,SessionClose,0.3312,0.3007,-0.1409,0.3252,0.5004,-0.4457,0.3252,0.5004,,,
trade,2024-11-18,QQQ,Long,2024-11-18T15:59:00+00:00,2024-11-18T16:00:00+00:00,501.2253,500.9647,0.60,-0.16,-0.000520,60000,SessionClose,0.3430,0.3533,-0.0227,0.3252,0.5004,0.0809,0.3252,0.5004,,,
summary,2024-11-18,QQQ,,,,,,,-0.40,,2,,,,,,,,,,0.5079,2024-11-18T15:34:00+00:00,481,1243
trade,2024-11-18,AAPL,Long,2024-11-18T14:36:00+00:00,2024-11-18T15:56:00+00:00,226.3129,228.5664,1.33,2.99,0.009958,4800000,SessionClose,0.2716,0.1677,0.0854,0.1948,0.4874,-0.2761,0.0303,0.5903,,,
trade,2024-11-18,AAPL,Long,2024-11-18T15:58:00+00:00,2024-11-18T15:59:00+00:00,228.5836,228.3765,1.31,-0.27,-0.000906,60000,SessionClose,0.1486,0.1409,-0.4664,0.0303,0.5903,-0.5433,0.0303,0.5903,,,
summary,2024-11-18,AAPL,,,,,,,2.72,,2,,,,,,,,,,0.5233,2024-11-18T15:17:00+00:00,463,1038
summary,2024-11-18,NVDA,,,,,,,0.00,,0,,,,,,,,,,0.4734,2024-11-18T20:29:00+00:00,524,1351
trade,2024-11-18,MSFT,Long,2024-11-18T15:39:00+00:00,2024-11-18T15:56:00+00:00,417.9403,417.3498,0.72,-0.42,-0.001413,1020000,SessionClose,0.2721,0.1261,-0.0443,0.2457,0.4306,-0.5761,0.1215,0.3696,,,
summary,2024-11-18,MSFT,,,,,,,-0.42,,1,,,,,,,,,,0.4783,2024-11-18T15:34:00+00:00,302,984
summary,2024-11-19,SPY,,,,,,,0.00,,0,,,,,,,,,,0.4734,2024-11-18T15:49:00+00:00,862,1449
summary,2024-11-19,QQQ,,,,,,,0.00,,0,,,,,,,,,,0.6583,2024-11-18T15:34:00+00:00,861,1555
trade,2024-11-19,AAPL,Long,2024-11-19T15:41:00+00:00,2024-11-19T15:56:00+00:00,229.0437,229.1862,1.31,0.19,0.000622,900000,SessionClose,0.3069,0.1798,-0.0847,0.2974,0.4563,0.1739,0.0185,0.5043,,,
trade,2024-11-19,AAPL,Long,2024-11-19T15:58:00+00:00,2024-11-19T15:59:00+00:00,229.2387,229.0563,1.31,-0.24,-0.000796,60000,SessionClose,0.1330,0.1147,-0.2557,0.0185,0.4915,-0.4213,0.0185,0.4856,,,
summary,2024-11-19,AAPL,,,,,,,-0.05,,2,,,,,,,,,,0.6464,2024-11-18T15:17:00+00:00,856,1224
trade,2024-11-19,NVDA,Long,2024-11-19T15:58:00+00:00,2024-11-19T15:59:00+00:00,144.3583,144.2862,2.08,-0.15,-0.000499,60000,SessionClose,0.5849,0.5834,0.5730,0.4440,0.8708,0.5580,0.4440,0.8708,,,
summary,2024-11-19,NVDA,,,,,,,-0.15,,1,,,,,,,,,,0.6994,2024-11-18T15:34:00+00:00,1250,1681
summary,2024-11-19,MSFT,,,,,,,0.00,,0,,,,,,,,,,0.7585,2024-11-18T10:50:00+00:00,543,1097
summary,2024-11-20,SPY,,,,,,,0.00,,0,,,,,,,,,,0.4734,2024-11-18T15:49:00+00:00,1207,2228
summary,2024-11-20,QQQ,,,,,,,0.00,,0,,,,,,,,,,0.6583,2024-11-18T15:34:00+00:00,1319,2417
summary,2024-11-20,AAPL,,,,,,,0.00,,0,,,,,,,,,,0.6464,2024-11-18T15:17:00+00:00,1040,1878
summary,2024-11-20,NVDA,,,,,,,0.00,,0,,,,,,,,,,0.6994,2024-11-18T15:34:00+00:00,1979,2641
summary,2024-11-20,MSFT,,,,,,,0.00,,0,,,,,,,,,,0.7585,2024-11-18T10:50:00+00:00,741,1679
summary,2024-11-21,SPY,,,,,,,0.00,,0,,,,,,,,,,0.8251,2024-11-18T15:49:00+00:00,1592,2807
summary,2024-11-21,QQQ,,,,,,,0.00,,0,,,,,,,,,,0.9543,2024-11-18T15:51:00+00:00,1805,2994
summary,2024-11-21,AAPL,,,,,,,0.00,,0,,,,,,,,,,0.9548,2024-11-18T15:52:00+00:00,1275,2428
trade,2024-11-21,NVDA,Long,2024-11-21T14:46:00+00:00,2024-11-21T14:51:00+00:00,146.9041,148.3605,1.80,2.62,0.009914,300000,ScoreExit,0.1152,-0.0642,-0.2315,0.0077,0.4457,0.6496,-0.4380,0.4457,,,
summary,2024-11-21,NVDA,,,,,,,2.62,,1,,,,,,,,,,0.9190,2024-11-18T15:58:00+00:00,2450,3211
summary,2024-11-21,MSFT,,,,,,,0.00,,0,,,,,,,,,,0.9559,2024-11-18T15:49:00+00:00,816,2141
summary,2024-11-22,SPY,,,,,,,0.00,,0,,,,,,,,,,0.8943,2024-11-19T15:52:00+00:00,1855,2800
summary,2024-11-22,QQQ,,,,,,,0.00,,0,,,,,,,,,,0.8915,2024-11-19T15:52:00+00:00,2005,2967
summary,2024-11-22,AAPL,,,,,,,0.00,,0,,,,,,,,,,0.9557,2024-11-19T15:52:00+00:00,1143,2387
summary,2024-11-22,NVDA,,,,,,,0.00,,0,,,,,,,,,,1.0000,2024-11-19T14:36:00+00:00,1956,3208
summary,2024-11-22,MSFT,,,,,,,0.00,,0,,,,,,,,,,0.7717,2024-11-19T15:49:00+00:00,1053,2157
summary,2024-11-25,SPY,,,,,,,0.00,,0,,,,,,,,,,0.5555,2024-11-22T15:59:00+00:00,794,1190
summary,2024-11-25,QQQ,,,,,,,0.00,,0,,,,,,,,,,0.5525,2024-11-22T15:44:00+00:00,849,1212
trade,2024-11-25,AAPL,Long,2024-11-25T14:46:00+00:00,2024-11-25T15:56:00+00:00,232.9949,232.1503,1.29,-1.09,-0.003625,4200000,SessionClose,0.3070,-0.0201,0.2581,0.1938,0.5498,-0.5076,-0.2039,0.5099,,,
summary,2024-11-25,AAPL,,,,,,,-1.09,,1,,,,,,,,,,0.8346,2024-11-22T14:39:00+00:00,695,1058
summary,2024-11-25,NVDA,,,,,,,0.00,,0,,,,,,,,,,1.0000,2024-11-22T14:34:00+00:00,188,1350
summary,2024-11-25,MSFT,,,,,,,0.00,,0,,,,,,,,,,0.9704,2024-11-22T14:41:00+00:00,720,1008
summary,2024-11-26,SPY,,,,,,,0.00,,0,,,,,,,,,,0.3781,2024-11-25T13:52:00+00:00,755,1427
summary,2024-11-26,QQQ,,,,,,,0.00,,0,,,,,,,,,,0.5862,2024-11-25T10:19:00+00:00,761,1547
trade,2024-11-26,AAPL,Long,2024-11-26T15:50:00+00:00,2024-11-26T15:56:00+00:00,235.3756,235.3844,1.28,0.01,0.000037,360000,SessionClose,0.3272,0.3304,0.1294,0.2095,0.6285,0.4699,0.1581,0.6285,,,
trade,2024-11-26,AAPL,Long,2024-11-26T15:58:00+00:00,2024-11-26T15:59:00+00:00,235.5356,235.2244,1.27,-0.40,-0.001321,60000,SessionClose,0.3241,0.2763,0.4073,0.1581,0.6285,-0.0712,0.1581,0.6285,,,
summary,2024-11-26,AAPL,,,,,,,-0.39,,2,,,,,,,,,,0.7846,2024-11-25T10:43:00+00:00,834,1347
summary,2024-11-26,NVDA,,,,,,,0.00,,0,,,,,,,,,,0.9339,2024-11-25T09:16:00+00:00,578,1680
summary,2024-11-26,MSFT,,,,,,,0.00,,0,,,,,,,,,,0.6120,2024-11-25T14:39:00+00:00,688,1145
summary,2024-11-27,SPY,,,,,,,0.00,,0,,,,,,,,,,0.3781,2024-11-25T13:52:00+00:00,1000,2203
summary,2024-11-27,QQQ,,,,,,,0.00,,0,,,,,,,,,,0.5862,2024-11-25T10:19:00+00:00,977,2393
summary,2024-11-27,AAPL,,,,,,,0.00,,0,,,,,,,,,,0.7846,2024-11-25T10:43:00+00:00,1310,2089
summary,2024-11-27,NVDA,,,,,,,0.00,,0,,,,,,,,,,0.9339,2024-11-25T09:16:00+00:00,613,2640
summary,2024-11-27,MSFT,,,,,,,0.00,,0,,,,,,,,,,0.6120,2024-11-25T14:39:00+00:00,1024,1743
summary,2024-11-28,SPY,,,,,,,0.00,,0,,,,,,,,,,0.4744,2024-11-25T14:37:00+00:00,914,2101
summary,2024-11-28,QQQ,,,,,,,0.00,,0,,,,,,,,,,0.6654,2024-11-25T14:41:00+00:00,849,2249
summary,2024-11-28,AAPL,,,,,,,0.00,,0,,,,,,,,,,0.7188,2024-11-25T14:44:00+00:00,1208,1991
summary,2024-11-28,NVDA,,,,,,,0.00,,0,,,,,,,,,,0.7923,2024-11-25T14:39:00+00:00,772,2549
summary,2024-11-28,MSFT,,,,,,,0.00,,0,,,,,,,,,,1.0000,2024-11-25T14:39:00+00:00,946,1731
summary,2024-11-29,SPY,,,,,,,0.00,,0,,,,,,,,,,0.4964,2024-11-26T16:02:00+00:00,1149,1828
summary,2024-11-29,QQQ,,,,,,,0.00,,0,,,,,,,,,,0.4109,2024-11-29T15:17:00+00:00,744,1913
summary,2024-11-29,AAPL,,,,,,,0.00,,0,,,,,,,,,,0.9055,2024-11-26T15:44:00+00:00,970,1647
summary,2024-11-29,NVDA,,,,,,,0.00,,0,,,,,,,,,,0.9324,2024-11-26T14:32:00+00:00,962,2307
summary,2024-11-29,MSFT,,,,,,,0.00,,0,,,,,,,,,,0.9567,2024-11-26T15:42:00+00:00,619,1485
summary,2024-12-02,SPY,,,,,,,0.00,,0,,,,,,,,,,0.7533,2024-11-29T16:01:00+00:00,682,997
summary,2024-12-02,QQQ,,,,,,,0.00,,0,,,,,,,,,,0.8468,2024-11-29T15:43:00+00:00,813,995
trade,2024-12-02,AAPL,Long,2024-12-02T14:39:00+00:00,2024-12-02T15:56:00+00:00,239.1667,240.0631,1.25,1.12,0.003748,4620000,SessionClose,0.3637,0.1015,0.2392,0.2962,0.5404,-0.4348,-0.0429,0.5690,,,
summary,2024-12-02,AAPL,,,,,,,1.12,,1,,,,,,,,,,0.7779,2024-11-29T14:40:00+00:00,810,936
summary,2024-12-02,NVDA,,,,,,,0.00,,0,,,,,,,,,,0.9003,2024-11-29T14:59:00+00:00,516,1166
trade,2024-12-02,MSFT,Long,2024-12-02T14:43:00+00:00,2024-12-02T15:56:00+00:00,424.8824,431.3056,0.71,4.54,0.015117,4380000,SessionClose,0.4063,0.2383,0.1367,0.3694,0.5702,-0.4414,0.1396,0.6623,,,
trade,2024-12-02,MSFT,Long,2024-12-02T15:58:00+00:00,2024-12-02T15:59:00+00:00,430.9002,430.5158,0.70,-0.27,-0.000892,60000,SessionClose,0.2267,0.2225,-0.5570,0.1396,0.6623,-0.5996,0.1396,0.6623,,,
summary,2024-12-02,MSFT,,,,,,,4.27,,2,,,,,,,,,,0.9546,2024-11-29T15:43:00+00:00,608,773
summary,2024-12-03,SPY,,,,,,,0.00,,0,,,,,,,,,,0.5032,2024-12-02T10:22:00+00:00,823,1321
summary,2024-12-03,QQQ,,,,,,,0.00,,0,,,,,,,,,,0.5281,2024-12-02T14:54:00+00:00,996,1433
trade,2024-12-03,AAPL,Long,2024-12-03T15:03:00+00:00,2024-12-03T15:56:00+00:00,240.9173,240.7691,1.25,-0.18,-0.000615,3180000,SessionClose,0.3138,0.2194,0.1558,0.2630,0.4681,-0.2269,0.1736,0.4598,,,
summary,2024-12-03,AAPL,,,,,,,-0.18,,1,,,,,,,,,,0.6345,2024-12-02T14:34:00+00:00,894,1244
trade,2024-12-03,NVDA,Long,2024-12-03T14:43:00+00:00,2024-12-03T15:21:00+00:00,139.9270,138.8233,2.15,-2.37,-0.007887,2280000,ScoreExit,0.4087,-0.0944,0.0989,0.3807,0.5679,-0.4634,-0.1996,0.2391,,,
summary,2024-12-03,NVDA,,,,,,,-2.37,,1,,,,,,,,,,0.7001,2024-12-02T14:49:00+00:00,923,1667
summary,2024-12-03,MSFT,,,,,,,0.00,,0,,,,,,,,,,0.7523,2024-12-02T15:32:00+00:00,788,1055
summary,2024-12-04,SPY,,,,,,,0.00,,0,,,,,,,,,,0.5032,2024-12-02T10:22:00+00:00,1373,2081
summary,2024-12-04,QQQ,,,,,,,0.00,,0,,,,,,,,,,0.5281,2024-12-02T14:54:00+00:00,1698,2278
summary,2024-12-04,AAPL,,,,,,,0.00,,0,,,,,,,,,,0.6345,2024-12-02T14:34:00+00:00,1441,1936
trade,2024-12-04,NVDA,Long,2024-12-04T15:11:00+00:00,2024-12-04T15:56:00+00:00,141.3574,141.6625,2.12,0.65,0.002158,2700000,SessionClose,0.2417,0.2077,0.3066,0.1227,0.4582,-0.5158,0.2030,0.4582,,,
trade,2024-12-04,NVDA,Long,2024-12-04T15:58:00+00:00,2024-12-04T15:59:00+00:00,141.9476,141.9974,2.12,0.11,0.000351,60000,SessionClose,0.2626,0.2918,0.0336,0.2030,0.4582,0.3251,0.2030,0.4582,,,
summary,2024-12-04,NVDA,,,,,,,0.75,,2,,,,,,,,,,0.7001,2024-12-02T14:49:00+00:00,1810,2622
trade,2024-12-04,MSFT,Long,2024-12-04T15:01:00+00:00,2024-12-04T15:56:00+00:00,437.3561,438.3535,0.69,0.69,0.002280,3300000,SessionClose,0.1975,0.2273,-0.5759,0.2201,0.4101,0.1480,0.1491,0.4101,,,
trade,2024-12-04,MSFT,Long,2024-12-04T15:59:00+00:00,2024-12-04T16:00:00+00:00,438.7366,438.8234,0.68,0.06,0.000198,60000,SessionClose,0.2161,0.2589,0.0365,0.1491,0.4101,0.4647,0.1491,0.4101,,,
summary,2024-12-04,MSFT,,,,,,,0.74,,2,,,,,,,,,,0.7523,2024-12-02T15:32:00+00:00,1284,1710
summary,2024-12-05,SPY,,,,,,,0.00,,0,,,,,,,,,,0.4346,2024-12-02T15:49:00+00:00,1522,2540
summary,2024-12-05,QQQ,,,,,,,0.00,,0,,,,,,,,,,0.5961,2024-12-02T17:04:00+00:00,1991,2816
summary,2024-12-05,AAPL,,,,,,,0.00,,0,,,,,,,,,,0.8933,2024-12-02T15:31:00+00:00,1639,2388
summary,2024-12-05,NVDA,,,,,,,0.00,,0,,,,,,,,,,1.0000,2024-12-02T14:38:00+00:00,2175,3252
summary,2024-12-05,MSFT,,,,,,,0.00,,0,,,,,,,,,,1.0000,2024-12-02T14:38:00+00:00,1667,2173
summary,2024-12-06,SPY,,,,,,,0.00,,0,,,,,,,,,,0.3662,2024-12-04T19:32:00+00:00,1559,2540
summary,2024-12-06,QQQ,,,,,,,0.00,,0,,,,,,,,,,0.5848,2024-12-03T16:02:00+00:00,2123,2814
summary,2024-12-06,AAPL,,,,,,,0.00,,0,,,,,,,,,,0.8539,2024-12-03T15:01:00+00:00,1610,2335
summary,2024-12-06,NVDA,,,,,,,0.00,,0,,,,,,,,,,1.0000,2024-12-03T14:34:00+00:00,2226,3256
summary,2024-12-06,MSFT,,,,,,,0.00,,0,,,,,,,,,,0.9045,2024-12-03T15:02:00+00:00,1616,2251
summary,2024-12-09,SPY,,,,,,,0.00,,0,,,,,,,,,,0.3490,2024-12-06T14:48:00+00:00,247,1152
summary,2024-12-09,QQQ,,,,,,,0.00,,0,,,,,,,,,,0.5623,2024-12-06T14:52:00+00:00,527,1201
trade,2024-12-09,AAPL,Long,2024-12-09T15:07:00+00:00,2024-12-09T15:56:00+00:00,244.2983,245.9012,1.23,1.97,0.006561,2940000,SessionClose,0.4178,0.4580,0.3433,0.3611,0.5561,0.5297,0.3802,0.5898,,,
trade,2024-12-09,AAPL,Long,2024-12-09T16:00:00+00:00,2024-12-09T16:01:00+00:00,246.1088,246.1611,1.22,0.06,0.000213,60000,SessionClose,0.4290,0.4977,0.2397,0.3802,0.5898,0.5495,0.4640,0.5479,,,
summary,2024-12-09,AAPL,,,,,,,2.03,,2,,,,,,,,,,0.7979,2024-12-06T15:06:00+00:00,512,1072
summary,2024-12-09,NVDA,,,,,,,0.00,,0,,,,,,,,,,0.9347,2024-12-06T14:34:00+00:00,27,1351
trade,2024-12-09,MSFT,Long,2024-12-09T15:47:00+00:00,2024-12-09T15:56:00+00:00,445.2785,444.1817,0.67,-0.74,-0.002463,540000,SessionClose,0.2135,0.1924,-0.2972,0.2018,0.4072,-0.4020,0.2381,0.2991,,,
summary,2024-12-09,MSFT,,,,,,,-0.74,,1,,,,,,,,,,0.7598,2024-12-06T14:48:00+00:00,422,1013
summary,2024-12-10,SPY,,,,,,,0.00,,0,,,,,,,,,,0.2974,2024-12-09T12:04:00+00:00,278,1326
summary,2024-12-10,QQQ,,,,,,,0.00,,0,,,,,,,,,,0.3733,2024-12-10T14:44:00+00:00,312,1482
trade,2024-12-10,AAPL,Long,2024-12-10T14:54:00+00:00,2024-12-10T15:22:00+00:00,247.4442,246.9209,1.21,-0.64,-0.002115,1680000,ScoreExit,0.2484,-0.0677,0.2608,0.1641,0.4128,-0.3280,-0.1542,0.1920,,,
summary,2024-12-10,AAPL,,,,,,,-0.64,,1,,,,,,,,,,0.6352,2024-12-09T16:04:00+00:00,990,1308
summary,2024-12-10,NVDA,,,,,,,0.00,,0,,,,,,,,,,0.6868,2024-12-10T14:41:00+00:00,387,1676
trade,2024-12-10,MSFT,Long,2024-12-10T14:52:00+00:00,2024-12-10T15:56:00+00:00,447.9794,447.5607,0.67,-0.28,-0.000935,3840000,SessionClose,0.4182,0.0060,0.2052,0.3847,0.5560,-0.5102,-0.1451,0.4802,,,
summary,2024-12-10,MSFT,,,,,,,-0.28,,1,,,,,,,,,,0.6268,2024-12-09T15:35:00+00:00,603,1164
summary,2024-12-11,SPY,,,,,,,0.00,,0,,,,,,,,,,0.3502,2024-12-11T14:06:00+00:00,840,2040
summary,2024-12-11,QQQ,,,,,,,0.00,,0,,,,,,,,,,0.4418,2024-12-11T14:51:00+00:00,745,2287
summary,2024-12-11,AAPL,,,,,,,0.00,,0,,,,,,,,,,0.6352,2024-12-09T16:04:00+00:00,1382,1981
summary,2024-12-11,NVDA,,,,,,,0.00,,0,,,,,,,,,,0.6868,2024-12-10T14:41:00+00:00,719,2633
summary,2024-12-11,MSFT,,,,,,,0.00,,0,,,,,,,,,,0.6268,2024-12-09T15:35:00+00:00,940,1764
summary,2024-12-12,SPY,,,,,,,0.00,,0,,,,,,,,,,0.3585,2024-12-11T14:06:00+00:00,1161,2569
summary,2024-12-12,QQQ,,,,,,,0.00,,0,,,,,,,,,,0.4498,2024-12-11T14:51:00+00:00,1371,2820
summary,2024-12-12,AAPL,,,,,,,0.00,,0,,,,,,,,,,0.9568,2024-12-09T15:58:00+00:00,1687,2541
summary,2024-12-12,NVDA,,,,,,,0.00,,0,,,,,,,,,,0.9346,2024-12-09T14:45:00+00:00,1232,3255
trade,2024-12-12,MSFT,Long,2024-12-12T15:07:00+00:00,2024-12-12T15:56:00+00:00,453.1709,454.6886,0.66,1.01,0.003349,2940000,SessionClose,0.3063,0.3774,0.0036,0.2615,0.4966,-0.1024,0.3978,0.4966,,,
summary,2024-12-12,MSFT,,,,,,,1.01,,1,,,,,,,,,,0.8990,2024-12-09T15:35:00+00:00,1165,2164
summary,2024-12-13,SPY,,,,,,,0.00,,0,,,,,,,,,,0.5580,2024-12-10T15:43:00+00:00,1318,2648
summary,2024-12-13,QQQ,,,,,,,0.00,,0,,,,,,,,,,0.5327,2024-12-10T14:45:00+00:00,1733,2926
summary,2024-12-13,AAPL,,,,,,,0.00,,0,,,,,,,,,,0.7373,2024-12-10T14:48:00+00:00,1218,2579
summary,2024-12-13,NVDA,,,,,,,0.00,,0,,,,,,,,,,1.0000,2024-12-10T14:39:00+00:00,1520,3256
summary,2024-12-13,MSFT,,,,,,,0.00,,0,,,,,,,,,,0.9063,2024-12-10T14:32:00+00:00,903,2196
summary,2024-12-16,SPY,,,,,,,0.00,,0,,,,,,,,,,0.3551,2024-12-16T18:29:00+00:00,501,1102
trade,2024-12-16,QQQ,Long,2024-12-16T15:38:00+00:00,2024-12-16T15:56:00+00:00,535.9257,535.2944,0.56,-0.35,-0.001178,1080000,SessionClose,0.3080,0.1338,0.1943,0.2462,0.4693,0.2371,-0.0512,0.4693,,,
summary,2024-12-16,QQQ,,,,,,,-0.35,,1,,,,,,,,,,0.6709,2024-12-13T14:45:00+00:00,762,1175
trade,2024-12-16,AAPL,Long,2024-12-16T14:46:00+00:00,2024-12-16T15:56:00+00:00,249.4098,249.2102,1.20,-0.24,-0.000800,4200000,SessionClose,0.1286,0.1952,-0.3670,0.0670,0.4171,-0.1305,0.1198,0.4546,,,
trade,2024-12-16,AAPL,Long,2024-12-16T15:58:00+00:00,2024-12-16T15:59:00+00:00,249.4698,249.2802,1.20,-0.23,-0.000760,60000,SessionClose,0.2318,0.2232,0.2353,0.1198,0.4546,0.1492,0.1198,0.4546,,,
summary,2024-12-16,AAPL,,,,,,,-0.47,,2,,,,,,,,,,0.7569,2024-12-13T14:37:00+00:00,648,1037
summary,2024-12-16,NVDA,,,,,,,0.00,,0,,,,,,,,,,0.7380,2024-12-13T15:00:00+00:00,105,1350
summary,2024-12-16,MSFT,,,,,,,0.00,,0,,,,,,,,,,0.7116,2024-12-13T14:40:00+00:00,396,945
summary,2024-12-17,SPY,,,,,,,0.00,,0,,,,,,,,,,0.7087,2024-12-16T10:33:00+00:00,535,1346
summary,2024-12-17,QQQ,,,,,,,0.00,,0,,,,,,,,,,0.7392,2024-12-16T10:30:00+00:00,1030,1546
trade,2024-12-17,AAPL,Long,2024-12-17T14:56:00+00:00,2024-12-17T15:56:00+00:00,252.2607,252.1643,1.19,-0.11,-0.000382,3600000,SessionClose,0.2126,0.1037,-0.4952,0.1919,0.4899,-0.3848,-0.0161,0.5061,,,
summary,2024-12-17,AAPL,,,,,,,-0.11,,1,,,,,,,,,,0.6279,2024-12-16T14:34:00+00:00,916,1209
summary,2024-12-17,NVDA,,,,,,,0.00,,0,,,,,,,,,,0.6896,2024-12-16T19:39:00+00:00,486,1680
trade,2024-12-17,MSFT,Long,2024-12-17T15:22:00+00:00,2024-12-17T15:56:00+00:00,451.5704,452.2593,0.66,0.46,0.001525,2040000,SessionClose,0.1513,0.4273,-0.0188,0.0377,0.4352,0.5111,0.3790,0.4959,,,
summary,2024-12-17,MSFT,,,,,,,0.46,,1,,,,,,,,,,0.5641,2024-12-16T19:54:00+00:00,750,1025
summary,2024-12-18,SPY,,,,,,,0.00,,0,,,,,,,,,,0.7087,2024-12-16T10:33:00+00:00,712,2077
summary,2024-12-18,QQQ,,,,,,,0.00,,0,,,,,,,,,,0.7392,2024-12-16T10:30:00+00:00,1177,2380
summary,2024-12-18,AAPL,,,,,,,0.00,,0,,,,,,,,,,0.6279,2024-12-16T14:34:00+00:00,1328,1890
trade,2024-12-18,NVDA,Long,2024-12-18T15:59:00+00:00,2024-12-18T16:00:00+00:00,135.9358,135.9042,2.21,-0.07,-0.000232,60000,SessionClose,0.3391,0.3557,-0.0862,0.2742,0.6107,0.0798,0.2742,0.6107,,,
summary,2024-12-18,NVDA,,,,,,,-0.07,,1,,,,,,,,,,0.6896,2024-12-16T19:39:00+00:00,1169,2640
summary,2024-12-18,MSFT,,,,,,,0.00,,0,,,,,,,,,,0.5641,2024-12-16T19:54:00+00:00,1042,1629
summary,2024-12-19,SPY,,,,,,,0.00,,0,,,,,,,,,,0.5449,2024-12-16T15:42:00+00:00,611,2797
summary,2024-12-19,QQQ,,,,,,,0.00,,0,,,,,,,,,,0.7460,2024-12-16T16:04:00+00:00,965,3046
summary,2024-12-19,AAPL,,,,,,,0.00,,0,,,,,,,,,,1.0000,2024-12-16T14:34:00+00:00,1490,2588
summary,2024-12-19,NVDA,,,,,,,0.00,,0,,,,,,,,,,0.8651,2024-12-16T15:00:00+00:00,1498,3271
summary,2024-12-19,MSFT,,,,,,,0.00,,0,,,,,,,,,,0.5866,2024-12-16T20:27:00+00:00,1000,2211
summary,2024-12-20,SPY,,,,,,,0.00,,0,,,,,,,,,,0.5469,2024-12-17T16:00:00+00:00,703,2936
summary,2024-12-20,QQQ,,,,,,,0.00,,0,,,,,,,,,,0.5181,2024-12-20T16:43:00+00:00,714,3093
summary,2024-12-20,AAPL,,,,,,,0.00,,0,,,,,,,,,,0.9452,2024-12-17T14:41:00+00:00,1236,2710
trade,2024-12-20,NVDA,Long,2024-12-20T15:46:00+00:00,2024-12-20T15:56:00+00:00,133.3350,133.0751,2.25,-0.59,-0.001949,600000,SessionClose,0.5090,0.4099,0.4028,0.4678,0.6268,0.1077,0.3519,0.6268,,,
trade,2024-12-20,NVDA,Long,2024-12-20T15:58:00+00:00,2024-12-20T15:59:00+00:00,132.9950,132.9551,2.26,-0.09,-0.000300,60000,SessionClose,0.3583,0.3739,-0.4086,0.3519,0.6268,-0.2527,0.3519,0.6268,,,
summary,2024-12-20,NVDA,,,,,,,-0.68,,2,,,,,,,,,,1.0000,2024-12-17T14:41:00+00:00,2077,3271
summary,2024-12-20,MSFT,,,,,,,0.00,,0,,,,,,,,,,0.9218,2024-12-17T16:00:00+00:00,684,2360
summary,2024-12-23,SPY,,,,,,,0.00,,0,,,,,,,,,,0.9598,2024-12-20T16:04:00+00:00,897,1250
summary,2024-12-23,QQQ,,,,,,,0.00,,0,,,,,,,,,,0.9603,2024-12-20T16:04:00+00:00,882,1269
trade,2024-12-23,AAPL,Long,2024-12-23T14:36:00+00:00,2024-12-23T15:06:00+00:00,254.6414,254.5986,1.18,-0.05,-0.000168,1800000,ScoreExit,0.2522,-0.0593,-0.0654,0.2068,0.4491,0.1142,-0.3182,0.4006,,,
summary,2024-12-23,AAPL,,,,,,,-0.05,,1,,,,,,,,,,0.9567,2024-12-20T16:04:00+00:00,978,1195
trade,2024-12-23,NVDA,Long,2024-12-23T15:39:00+00:00,2024-12-23T15:56:00+00:00,136.7122,136.5941,2.20,-0.26,-0.000864,1020000,SessionClose,0.2981,0.2984,0.5551,0.0433,0.7220,0.4115,0.0677,0.7220,,,
trade,2024-12-23,NVDA,Long,2024-12-23T15:58:00+00:00,2024-12-23T15:59:00+00:00,136.6060,136.3941,2.20,-0.47,-0.001551,60000,SessionClose,0.2964,0.2545,0.3920,0.0677,0.7220,-0.0272,0.0677,0.7220,,,
summary,2024-12-23,NVDA,,,,,,,-0.72,,2,,,,,,,,,,1.0000,2024-12-20T14:39:00+00:00,1272,1351
summary,2024-12-23,MSFT,,,,,,,0.00,,0,,,,,,,,,,0.9579,2024-12-20T16:04:00+00:00,507,981
trade,2024-12-24,SPY,Long,2024-12-24T15:58:00+00:00,2024-12-24T15:59:00+00:00,599.3247,598.9558,0.50,-0.18,-0.000616,60000,SessionClose,0.2760,0.2710,0.2933,0.1775,0.4672,0.2431,0.1775,0.4672,,,
summary,2024-12-24,SPY,,,,,,,-0.18,,1,,,,,,,,,,0.5375,2024-12-23T17:01:00+00:00,875,1312
trade,2024-12-24,QQQ,Long,2024-12-24T15:59:00+00:00,2024-12-24T16:00:00+00:00,528.1636,527.9103,0.57,-0.14,-0.000480,60000,SessionClose,0.2468,0.2602,0.1716,0.1285,0.5086,0.3055,0.1285,0.5086,,,
summary,2024-12-24,QQQ,,,,,,,-0.14,,1,,,,,,,,,,0.5641,2024-12-23T17:01:00+00:00,1020,1405
trade,2024-12-24,AAPL,Long,2024-12-24T14:40:00+00:00,2024-12-24T15:56:00+00:00,256.6720,257.5277,1.17,1.00,0.003334,4560000,SessionClose,0.3184,0.0963,0.1397,0.2695,0.4759,-0.4164,-0.0257,0.5114,,,
summary,2024-12-24,AAPL,,,,,,,1.00,,1,,,,,,,,,,0.4707,2024-12-23T09:11:00+00:00,597,1147
trade,2024-12-24,NVDA,Long,2024-12-24T15:58:00+00:00,2024-12-24T15:59:00+00:00,141.2774,141.1244,2.12,-0.32,-0.001082,60000,SessionClose,0.3023,0.2922,0.5142,0.0774,0.6813,0.4135,0.0774,0.6813,,,
summary,2024-12-24,NVDA,,,,,,,-0.32,,1,,,,,,,,,,0.6890,2024-12-23T14:36:00+00:00,1238,1680
trade,2024-12-24,MSFT,Long,2024-12-24T15:19:00+00:00,2024-12-24T15:56:00+00:00,437.1861,438.0136,0.69,0.57,0.001893,2220000,SessionClose,0.2777,0.1827,-0.0273,0.2238,0.4873,-0.1873,0.0920,0.4873,,,
trade,2024-12-24,MSFT,Long,2024-12-24T15:58:00+00:00,2024-12-24T15:59:00+00:00,438.3865,438.1435,0.68,-0.17,-0.000554,60000,SessionClose,0.2132,0.1822,0.1182,0.0920,0.4873,-0.1917,0.0920,0.4873,,,
summary,2024-12-24,MSFT,,,,,,,0.40,,2,,,,,,,,,,0.6794,2024-12-23T12:23:00+00:00,388,907
summary,2024-12-25,SPY,,,,,,,0.00,,0,,,,,,,,,,0.5375,2024-12-23T17:01:00+00:00,899,1340
summary,2024-12-25,QQQ,,,,,,,0.00,,0,,,,,,,,,,0.5641,2024-12-23T17:01:00+00:00,1046,1430
summary,2024-12-25,AAPL,,,,,,,0.00,,0,,,,,,,,,,0.4707,2024-12-23T09:11:00+00:00,613,1163
summary,2024-12-25,NVDA,,,,,,,0.00,,0,,,,,,,,,,0.6890,2024-12-23T14:36:00+00:00,1290,1739
summary,2024-12-25,MSFT,,,,,,,0.00,,0,,,,,,,,,,0.6794,2024-12-23T12:23:00+00:00,393,912
summary,2024-12-26,SPY,,,,,,,0.00,,0,,,,,,,,,,0.5703,2024-12-23T16:59:00+00:00,1356,1700
summary,2024-12-26,QQQ,,,,,,,0.00,,0,,,,,,,,,,0.5934,2024-12-23T16:59:00+00:00,1462,1813
summary,2024-12-26,AAPL,,,,,,,0.00,,0,,,,,,,,,,0.5148,2024-12-23T20:54:00+00:00,966,1481
summary,2024-12-26,NVDA,,,,,,,0.00,,0,,,,,,,,,,1.0000,2024-12-23T14:36:00+00:00,1716,2129
summary,2024-12-26,MSFT,,,,,,,0.00,,0,,,,,,,,,,0.4653,2024-12-23T18:39:00+00:00,698,1267
summary,2024-12-27,SPY,,,,,,,0.00,,0,,,,,,,,,,0.8389,2024-12-24T15:46:00+00:00,723,1686
summary,2024-12-27,QQQ,,,,,,,0.00,,0,,,,,,,,,,0.8541,2024-12-24T15:46:00+00:00,814,1748
summary,2024-12-27,AAPL,,,,,,,0.00,,0,,,,,,,,,,0.8889,2024-12-24T15:49:00+00:00,800,1500
summary,2024-12-27,NVDA,,,,,,,0.00,,0,,,,,,,,,,1.0000,2024-12-24T14:37:00+00:00,421,2112
summary,2024-12-27,MSFT,,,,,,,0.00,,0,,,,,,,,,,0.9549,2024-12-24T15:49:00+00:00,570,1193
summary,2024-12-30,SPY,,,,,,,0.00,,0,,,,,,,,,,0.4041,2024-12-27T19:56:00+00:00,374,1134
summary,2024-12-30,QQQ,,,,,,,0.00,,0,,,,,,,,,,0.5266,2024-12-27T21:04:00+00:00,437,1194
summary,2024-12-30,AAPL,,,,,,,0.00,,0,,,,,,,,,,0.4407,2024-12-27T21:02:00+00:00,241,1094
trade,2024-12-30,NVDA,Long,2024-12-30T15:05:00+00:00,2024-12-30T15:56:00+00:00,137.2512,137.7936,2.19,1.19,0.003953,3060000,SessionClose,0.5690,0.3814,0.1492,0.5644,0.7183,0.4930,0.1943,0.7183,,,
trade,2024-12-30,NVDA,Long,2024-12-30T15:58:00+00:00,2024-12-30T15:59:00+00:00,137.9424,137.9986,2.18,0.12,0.000408,60000,SessionClose,0.3768,0.3858,0.4470,0.1943,0.7183,0.5378,0.1943,0.7183,,,
summary,2024-12-30,NVDA,,,,,,,1.31,,2,,,,,,,,,,0.6716,2024-12-30T14:51:00+00:00,759,1340
summary,2024-12-30,MSFT,,,,,,,0.00,,0,,,,,,,,,,0.4658,2024-12-27T21:09:00+00:00,312,980
summary,2024-12-31,SPY,,,,,,,0.00,,0,,,,,,,,,,0.6204,2024-12-30T16:43:00+00:00,624,1345
summary,2024-12-31,QQQ,,,,,,,0.00,,0,,,,,,,,,,0.6107,2024-12-30T16:42:00+00:00,602,1513
summary,2024-12-31,AAPL,,,,,,,0.00,,0,,,,,,,,,,0.5601,2024-12-30T17:28:00+00:00,425,1215
summary,2024-12-31,NVDA,,,,,,,0.00,,0,,,,,,,,,,0.7924,2024-12-30T14:51:00+00:00,789,1660
summary,2024-12-31,MSFT,,,,,,,0.00,,0,,,,,,,,,,0.5826,2024-12-30T17:45:00+00:00,429,1058
