row_type,date,ticker,direction,entry_time,exit_time,entry_price,exit_price,size,pnl,pnl_pct,hold_duration_ms,exit_reason,entry_composite,exit_composite,entry_1m,entry_5m,entry_1h,exit_1m,exit_5m,exit_1h,max_composite,max_composite_time,positive_ticks,total_ticks
summary,2022-01-03,SPY,,,,,,,0.00,,0,,,,,,,,,,0.4714,2022-01-03T10:38:00+00:00,625,1128
trade,2022-01-03,QQQ,Long,2022-01-03T14:41:00+00:00,2022-01-03T14:46:00+00:00,400.9352,400.0150,0.75,-0.69,-0.002295,300000,ScoreExit,0.2535,-0.1170,0.1597,0.1820,0.4280,-0.5312,-0.2579,0.3029,,,
summary,2022-01-03,QQQ,,,,,,,-0.69,,1,,,,,,,,,,0.4206,2022-01-03T18:44:00+00:00,533,1105
trade,2022-01-03,AAPL,Long,2022-01-03T14:46:00+00:00,2022-01-03T15:56:00+00:00,180.5391,180.8857,1.66,0.58,0.001920,4200000,SessionClose,0.4715,0.1021,0.3455,0.4221,0.6124,-0.3366,-0.0692,0.5907,,,
summary,2022-01-03,AAPL,,,,,,,0.58,,1,,,,,,,,,,0.5981,2022-01-03T14:41:00+00:00,594,1134
trade,2022-01-03,NVDA,Long,2022-01-03T15:58:00+00:00,2022-01-03T15:59:00+00:00,305.2315,304.8835,0.94,-0.33,-0.001140,60000,SessionClose,0.4976,0.4717,0.3458,0.3476,0.8482,0.0866,0.3476,0.8482,,,
summary,2022-01-03,NVDA,,,,,,,-0.33,,1,,,,,,,,,,1.0000,2021-12-31T14:41:00+00:00,532,1076
summary,2022-01-03,MSFT,,,,,,,0.00,,0,,,,,,,,,,0.5354,2022-01-03T09:03:00+00:00,270,966
summary,2022-01-04,SPY,,,,,,,0.00,,0,,,,,,,,,,0.7454,2022-01-03T10:30:00+00:00,881,1485
summary,2022-01-04,QQQ,,,,,,,0.00,,0,,,,,,,,,,0.7304,2022-01-03T10:22:00+00:00,760,1449
summary,2022-01-04,AAPL,,,,,,,0.00,,0,,,,,,,,,,0.7146,2022-01-03T14:41:00+00:00,912,1527
summary,2022-01-04,NVDA,,,,,,,0.00,,0,,,,,,,,,,0.8874,2022-01-03T14:35:00+00:00,548,1357
summary,2022-01-04,MSFT,,,,,,,0.00,,0,,,,,,,,,,0.5309,2022-01-03T11:01:00+00:00,383,1154
summary,2022-01-05,SPY,,,,,,,0.00,,0,,,,,,,,,,0.7454,2022-01-03T10:30:00+00:00,1014,2336
summary,2022-01-05,QQQ,,,,,,,0.00,,0,,,,,,,,,,0.7304,2022-01-03T10:22:00+00:00,760,2270
summary,2022-01-05,AAPL,,,,,,,0.00,,0,,,,,,,,,,0.7146,2022-01-03T14:41:00+00:00,912,2311
summary,2022-01-05,NVDA,,,,,,,0.00,,0,,,,,,,,,,0.8874,2022-01-03T14:35:00+00:00,548,2135
summary,2022-01-05,MSFT,,,,,,,0.00,,0,,,,,,,,,,0.5309,2022-01-03T11:01:00+00:00,383,1745
summary,2022-01-06,SPY,,,,,,,0.00,,0,,,,,,,,,,0.4812,2022-01-03T14:37:00+00:00,1048,2996
summary,2022-01-06,QQQ,,,,,,,0.00,,0,,,,,,,,,,0.6862,2022-01-03T14:37:00+00:00,672,2922
summary,2022-01-06,AAPL,,,,,,,0.00,,0,,,,,,,,,,1.0000,2022-01-03T14:36:00+00:00,839,2962
summary,2022-01-06,NVDA,,,,,,,0.00,,0,,,,,,,,,,1.0000,2022-01-03T14:31:00+00:00,538,2765
summary,2022-01-06,MSFT,,,,,,,0.00,,0,,,,,,,,,,0.6808,2022-01-03T14:31:00+00:00,382,2340
summary,2022-01-07,SPY,,,,,,,0.00,,0,,,,,,,,,,0.3666,2022-01-04T14:41:00+00:00,258,3033
summary,2022-01-07,QQQ,,,,,,,0.00,,0,,,,,,,,,,0.4470,2022-01-04T20:49:00+00:00,236,2972
summary,2022-01-07,AAPL,,,,,,,0.00,,0,,,,,,,,,,0.5892,2022-01-04T14:56:00+00:00,25,2940
summary,2022-01-07,NVDA,,,,,,,0.00,,0,,,,,,,,,,0.7004,2022-01-04T20:38:00+00:00,649,2779
summary,2022-01-07,MSFT,,,,,,,0.00,,0,,,,,,,,,,0.4246,2022-01-04T20:49:00+00:00,25,2413
summary,2022-01-10,SPY,,,,,,,0.00,,0,,,,,,,,,,0.5413,2022-01-07T16:54:00+00:00,250,1132
summary,2022-01-10,QQQ,,,,,,,0.00,,0,,,,,,,,,,0.9103,2022-01-07T14:45:00+00:00,255,1130
summary,2022-01-10,AAPL,,,,,,,0.00,,0,,,,,,,,,,0.9397,2022-01-07T14:45:00+00:00,381,1130
summary,2022-01-10,NVDA,,,,,,,0.00,,0,,,,,,,,,,0.9115,2022-01-07T14:45:00+00:00,301,1143
summary,2022-01-10,MSFT,,,,,,,0.00,,0,,,,,,,,,,0.8914,2022-01-07T14:58:00+00:00,450,985
summary,2022-01-11,SPY,,,,,,,0.00,,0,,,,,,,,,,0.6316,2022-01-10T19:08:00+00:00,962,1534
summary,2022-01-11,QQQ,,,,,,,0.00,,0,,,,,,,,,,0.6704,2022-01-10T18:23:00+00:00,968,1546
summary,2022-01-11,AAPL,,,,,,,0.00,,0,,,,,,,,,,0.6348,2022-01-10T18:18:00+00:00,918,1472
summary,2022-01-11,NVDA,,,,,,,0.00,,0,,,,,,,,,,0.8599,2022-01-10T18:52:00+00:00,924,1479
summary,2022-01-11,MSFT,,,,,,,0.00,,0,,,,,,,,,,0.7303,2022-01-10T18:24:00+00:00,717,1203
summary,2022-01-12,SPY,,,,,,,0.00,,0,,,,,,,,,,0.6316,2022-01-10T19:08:00+00:00,1541,2339
summary,2022-01-12,QQQ,,,,,,,0.00,,0,,,,,,,,,,0.6704,2022-01-10T18:23:00+00:00,1581,2400
summary,2022-01-12,AAPL,,,,,,,0.00,,0,,,,,,,,,,0.6348,2022-01-10T18:18:00+00:00,1512,2282
summary,2022-01-12,NVDA,,,,,,,0.00,,0,,,,,,,,,,0.8599,2022-01-10T18:52:00+00:00,1471,2202
summary,2022-01-12,MSFT,,,,,,,0.00,,0,,,,,,,,,,0.7303,2022-01-10T18:24:00+00:00,1153,1824
summary,2022-01-13,SPY,,,,,,,0.00,,0,,,,,,,,,,0.6296,2022-01-10T19:08:00+00:00,1973,2904
summary,2022-01-13,QQQ,,,,,,,0.00,,0,,,,,,,,,,0.6657,2022-01-10T18:23:00+00:00,2012,2979
summary,2022-01-13,AAPL,,,,,,,0.00,,0,,,,,,,,,,0.8583,2022-01-10T14:50:00+00:00,1964,2804
summary,2022-01-13,NVDA,,,,,,,0.00,,0,,,,,,,,,,0.8531,2022-01-10T18:52:00+00:00,1789,2685
summary,2022-01-13,MSFT,,,,,,,0.00,,0,,,,,,,,,,0.7265,2022-01-10T18:24:00+00:00,1360,2270
summary,2022-01-14,SPY,,,,,,,0.00,,0,,,,,,,,,,0.6405,2022-01-11T16:38:00+00:00,1558,2859
summary,2022-01-14,QQQ,,,,,,,0.00,,0,,,,,,,,,,0.9035,2022-01-11T15:05:00+00:00,1566,2994
summary,2022-01-14,AAPL,,,,,,,0.00,,0,,,,,,,,,,0.7629,2022-01-11T15:12:00+00:00,1505,2790
summary,2022-01-14,NVDA,,,,,,,0.00,,0,,,,,,,,,,1.0000,2022-01-11T14:36:00+00:00,1456,2655
summary,2022-01-14,MSFT,,,,,,,0.00,,0,,,,,,,,,,0.8938,2022-01-11T15:05:00+00:00,1073,2396
summary,2022-01-17,SPY,,,,,,,0.00,,0,,,,,,,,,,0.7904,2022-01-14T14:55:00+00:00,265,492
summary,2022-01-17,QQQ,,,,,,,0.00,,0,,,,,,,,,,0.9074,2022-01-14T14:40:00+00:00,290,474
summary,2022-01-17,AAPL,,,,,,,0.00,,0,,,,,,,,,,0.8967,2022-01-14T14:55:00+00:00,227,475
summary,2022-01-17,NVDA,,,,,,,0.00,,0,,,,,,,,,,1.0000,2022-01-14T14:31:00+00:00,257,477
summary,2022-01-17,MSFT,,,,,,,0.00,,0,,,,,,,,,,1.0000,2022-01-14T14:39:00+00:00,369,455
summary,2022-01-18,SPY,,,,,,,0.00,,0,,,,,,,,,,0.5527,2022-01-18T10:29:00+00:00,216,680
trade,2022-01-18,QQQ,Long,2022-01-18T15:07:00+00:00,2022-01-18T15:38:00+00:00,375.3526,374.2427,0.80,-0.89,-0.002957,1860000,ScoreExit,0.5679,-0.0534,0.6113,0.3864,0.9164,-0.5089,-0.0661,0.1237,,,
summary,2022-01-18,QQQ,,,,,,,-0.89,,1,,,,,,,,,,0.6037,2022-01-18T15:29:00+00:00,206,701
summary,2022-01-18,AAPL,,,,,,,0.00,,0,,,,,,,,,,0.6712,2022-01-18T10:13:00+00:00,202,660
trade,2022-01-18,NVDA,Long,2022-01-18T15:06:00+00:00,2022-01-18T15:34:00+00:00,263.5190,262.8461,0.91,-0.61,-0.002554,1680000,ScoreExit,0.5559,-0.0566,0.5246,0.3390,1.0000,-0.5906,-0.0314,0.0711,,,
summary,2022-01-18,NVDA,,,,,,,-0.61,,1,,,,,,,,,,0.7140,2022-01-18T10:26:00+00:00,247,614
trade,2022-01-18,MSFT,Long,2022-01-18T15:33:00+00:00,2022-01-18T15:52:00+00:00,308.4175,307.2928,0.97,-1.10,-0.003647,1140000,ScoreExit,0.3407,-0.0547,-0.5187,0.1542,1.0000,-0.5427,-0.3104,0.6194,,,
summary,2022-01-18,MSFT,,,,,,,-1.10,,1,,,,,,,,,,0.6837,2022-01-18T15:05:00+00:00,198,600
summary,2022-01-19,SPY,,,,,,,0.00,,0,,,,,,,,,,0.5527,2022-01-18T10:29:00+00:00,623,1555
trade,2022-01-19,QQQ,Long,2022-01-19T14:50:00+00:00,2022-01-19T15:21:00+00:00,373.5670,373.1230,0.80,-0.36,-0.001189,1860000,ScoreExit,0.2371,-0.1023,0.0041,0.1883,0.4123,-0.5140,-0.1578,0.1458,,,
summary,2022-01-19,QQQ,,,,,,,-0.36,,1,,,,,,,,,,0.6037,2022-01-18T15:29:00+00:00,568,1592
summary,2022-01-19,AAPL,,,,,,,0.00,,0,,,,,,,,,,0.6712,2022-01-18T10:13:00+00:00,417,1469
trade,2022-01-19,NVDA,Long,2022-01-19T14:36:00+00:00,2022-01-19T15:21:00+00:00,262.1936,262.0863,1.14,-0.12,-0.000409,2700000,ScoreExit,0.5235,-0.1106,0.2505,0.4915,0.6786,-0.4729,-0.2047,0.1982,,,
summary,2022-01-19,NVDA,,,,,,,-0.12,,1,,,,,,,,,,0.7140,2022-01-18T10:26:00+00:00,456,1403
trade,2022-01-19,MSFT,Long,2022-01-19T14:36:00+00:00,2022-01-19T15:37:00+00:00,307.0971,309.8230,0.98,2.67,0.008876,3660000,ScoreExit,0.6444,-0.0678,0.5637,0.5392,0.8819,-0.4769,-0.3150,0.5630,,,
summary,2022-01-19,MSFT,,,,,,,2.67,,1,,,,,,,,,,0.8115,2022-01-19T14:57:00+00:00,571,1315
summary,2022-01-20,SPY,,,,,,,0.00,,0,,,,,,,,,,0.5527,2022-01-18T10:29:00+00:00,779,2458
summary,2022-01-20,QQQ,,,,,,,0.00,,0,,,,,,,,,,0.6037,2022-01-18T15:29:00+00:00,741,2509
summary,2022-01-20,AAPL,,,,,,,0.00,,0,,,,,,,,,,0.6712,2022-01-18T10:13:00+00:00,581,2328
summary,2022-01-20,NVDA,,,,,,,0.00,,0,,,,,,,,,,0.7140,2022-01-18T10:26:00+00:00,456,2212
trade,2022-01-20,MSFT,Long,2022-01-20T14:36:00+00:00,2022-01-20T15:17:00+00:00,307.8473,310.0120,0.98,2.11,0.007032,2460000,ScoreExit,0.0806,-0.0872,-0.5416,0.0082,0.4326,-0.5483,-0.2339,0.3597,,,
summary,2022-01-20,MSFT,,,,,,,2.11,,1,,,,,,,,,,0.8115,2022-01-19T14:57:00+00:00,905,2047
summary,2022-01-21,SPY,,,,,,,0.00,,0,,,,,,,,,,0.5242,2022-01-18T15:10:00+00:00,554,3098
summary,2022-01-21,QQQ,,,,,,,0.00,,0,,,,,,,,,,0.9026,2022-01-18T15:10:00+00:00,567,3134
summary,2022-01-21,AAPL,,,,,,,0.00,,0,,,,,,,,,,0.7419,2022-01-18T15:29:00+00:00,392,2981
summary,2022-01-21,NVDA,,,,,,,0.00,,0,,,,,,,,,,1.0000,2022-01-18T14:41:00+00:00,404,2851
summary,2022-01-21,MSFT,,,,,,,0.00,,0,,,,,,,,,,1.0000,2022-01-18T14:38:00+00:00,790,2655
summary,2022-01-24,SPY,,,,,,,0.00,,0,,,,,,,,,,0.9625,2022-01-21T15:50:00+00:00,242,1217
summary,2022-01-24,QQQ,,,,,,,0.00,,0,,,,,,,,,,0.9629,2022-01-21T15:50:00+00:00,311,1221
summary,2022-01-24,AAPL,,,,,,,0.00,,0,,,,,,,,,,0.9065,2022-01-21T14:31:00+00:00,245,1200
summary,2022-01-24,NVDA,,,,,,,0.00,,0,,,,,,,,,,1.0000,2022-01-21T14:31:00+00:00,526,1187
summary,2022-01-24,MSFT,,,,,,,0.00,,0,,,,,,,,,,1.0000,2022-01-21T14:31:00+00:00,355,1173
summary,2022-01-25,SPY,,,,,,,0.00,,0,,,,,,,,,,0.8100,2022-01-24T20:58:00+00:00,803,1642
summary,2022-01-25,QQQ,,,,,,,0.00,,0,,,,,,,,,,0.8441,2022-01-24T18:19:00+00:00,834,1668
summary,2022-01-25,AAPL,,,,,,,0.00,,0,,,,,,,,,,0.7814,2022-01-24T20:59:00+00:00,617,1598
summary,2022-01-25,NVDA,,,,,,,0.00,,0,,,,,,,,,,0.9116,2022-01-24T18:16:00+00:00,765,1550
summary,2022-01-25,MSFT,,,,,,,0.00,,0,,,,,,,,,,0.9136,2022-01-24T18:16:00+00:00,728,1505
summary,2022-01-26,SPY,,,,,,,0.00,,0,,,,,,,,,,0.8100,2022-01-24T20:58:00+00:00,1331,2562
trade,2022-01-26,QQQ,Long,2022-01-26T14:58:00+00:00,2022-01-26T15:21:00+00:00,351.8105,351.8994,0.85,0.08,0.000253,1380000,ScoreExit,0.2243,-0.0559,-0.0671,0.1688,0.4325,-0.0165,-0.2608,0.3407,,,
summary,2022-01-26,QQQ,,,,,,,0.08,,1,,,,,,,,,,0.8441,2022-01-24T18:19:00+00:00,1376,2620
summary,2022-01-26,AAPL,,,,,,,0.00,,0,,,,,,,,,,0.7814,2022-01-24T20:59:00+00:00,1182,2517
trade,2022-01-26,NVDA,Long,2022-01-26T14:51:00+00:00,2022-01-26T15:51:00+00:00,229.7039,231.3256,1.16,1.89,0.007060,3600000,ScoreExit,0.2384,-0.0668,0.2786,0.0339,0.6342,-0.3184,-0.3617,0.6070,,,
summary,2022-01-26,NVDA,,,,,,,1.89,,1,,,,,,,,,,0.9116,2022-01-24T18:16:00+00:00,1371,2465
trade,2022-01-26,MSFT,Long,2022-01-26T15:56:00+00:00,2022-01-26T15:57:00+00:00,299.5448,300.2749,0.94,0.68,0.002437,60000,SessionClose,0.2102,0.2579,0.0147,0.0648,0.5663,0.4910,0.0648,0.5663,,,
trade,2022-01-26,MSFT,Long,2022-01-26T15:59:00+00:00,2022-01-26T16:00:00+00:00,300.3651,300.3849,0.93,0.02,0.000066,60000,SessionClose,0.2347,0.2463,0.2590,0.0648,0.5663,0.3748,0.0648,0.5663,,,
summary,2022-01-26,MSFT,,,,,,,0.70,,2,,,,,,,,,,0.9136,2022-01-24T18:16:00+00:00,1334,2442
summary,2022-01-27,SPY,,,,,,,0.00,,0,,,,,,,,,,0.8304,2022-01-24T20:58:00+00:00,1816,3167
summary,2022-01-27,QQQ,,,,,,,0.00,,0,,,,,,,,,,0.8476,2022-01-24T18:16:00+00:00,1857,3236
trade,2022-01-27,AAPL,Long,2022-01-27T14:50:00+00:00,2022-01-27T15:31:00+00:00,163.0439,162.6362,1.84,-0.75,-0.002501,2460000,ScoreExit,0.2215,-0.1258,-0.1269,0.1736,0.4336,-0.3890,-0.3442,0.3986,,,
summary,2022-01-27,AAPL,,,,,,,-0.75,,1,,,,,,,,,,0.8534,2022-01-24T14:39:00+00:00,1786,3101
summary,2022-01-27,NVDA,,,,,,,0.00,,0,,,,,,,,,,1.0000,2022-01-24T14:31:00+00:00,1863,3043
trade,2022-01-27,MSFT,Long,2022-01-27T15:04:00+00:00,2022-01-27T15:31:00+00:00,305.2465,303.6939,0.99,-1.53,-0.005087,1620000,ScoreExit,0.3935,-0.0719,-0.3210,0.4181,0.5823,-0.6130,-0.3088,0.5823,,,
summary,2022-01-27,MSFT,,,,,,,-1.53,,1,,,,,,,,,,0.9268,2022-01-25T23:10:00+00:00,1923,2955
summary,2022-01-28,SPY,,,,,,,0.00,,0,,,,,,,,,,0.8784,2022-01-25T15:48:00+00:00,1422,3136
summary,2022-01-28,QQQ,,,,,,,0.00,,0,,,,,,,,,,0.8252,2022-01-25T15:29:00+00:00,1479,3242
trade,2022-01-28,AAPL,Long,2022-01-28T15:01:00+00:00,2022-01-28T15:56:00+00:00,164.5744,166.2251,1.82,3.01,0.010030,3300000,SessionClose,0.2596,0.4730,0.2480,0.0993,0.5839,0.2239,0.4590,0.5839,,,
summary,2022-01-28,AAPL,,,,,,,3.01,,1,,,,,,,,,,0.9561,2022-01-25T15:48:00+00:00,2114,3148
summary,2022-01-28,NVDA,,,,,,,0.00,,0,,,,,,,,,,1.0000,2022-01-25T14:33:00+00:00,1347,3001
summary,2022-01-28,MSFT,,,,,,,0.00,,0,,,,,,,,,,0.9736,2022-01-25T23:10:00+00:00,1925,2900
trade,2022-01-31,SPY,Long,2022-01-31T14:34:00+00:00,2022-01-31T15:56:00+00:00,440.7272,445.1214,0.68,2.99,0.009970,4920000,SessionClose,0.3831,0.2823,-0.0366,0.3472,0.5949,0.5254,0.0891,0.5878,,,
trade,2022-01-31,SPY,Long,2022-01-31T15:58:00+00:00,2022-01-31T15:59:00+00:00,445.2085,444.6416,0.67,-0.38,-0.001273,60000,SessionClose,0.2523,0.2077,0.2252,0.0891,0.5878,-0.2211,0.0891,0.5878,,,
summary,2022-01-31,SPY,,,,,,,2.61,,2,,,,,,,,,,0.9499,2022-01-28T15:59:00+00:00,1017,1160
trade,2022-01-31,QQQ,Long,2022-01-31T14:34:00+00:00,2022-01-31T15:56:00+00:00,352.6608,358.6374,0.85,5.09,0.016947,4920000,SessionClose,0.4648,0.3330,0.0044,0.3951,0.7576,0.5284,0.1139,0.7063,,,
trade,2022-01-31,QQQ,Long,2022-01-31T15:58:00+00:00,2022-01-31T15:59:00+00:00,358.7426,358.2375,0.84,-0.42,-0.001408,60000,SessionClose,0.3140,0.2688,0.3381,0.1139,0.7063,-0.1146,0.1139,0.7063,,,
summary,2022-01-31,QQQ,,,,,,,4.66,,2,,,,,,,,,,0.9601,2022-01-28T15:54:00+00:00,1058,1177
trade,2022-01-31,AAPL,Long,2022-01-31T14:34:00+00:00,2022-01-31T15:56:00+00:00,170.3961,172.9231,1.76,4.45,0.014830,4920000,SessionClose,0.4745,0.3263,0.1009,0.3480,0.8519,0.4690,0.0927,0.7457,,,
trade,2022-01-31,AAPL,Long,2022-01-31T15:58:00+00:00,2022-01-31T15:59:00+00:00,173.1319,172.8231,1.73,-0.54,-0.001784,60000,SessionClose,0.3297,0.2695,0.5037,0.0927,0.7457,-0.0984,0.0927,0.7457,,,
summary,2022-01-31,AAPL,,,,,,,3.91,,2,,,,,,,,,,0.9588,2022-01-28T15:47:00+00:00,1117,1181
trade,2022-01-31,NVDA,Long,2022-01-31T14:34:00+00:00,2022-01-31T15:56:00+00:00,232.6348,237.7337,1.29,6.58,0.021918,4920000,SessionClose,0.7073,0.3432,0.5662,0.5844,1.0000,0.0082,0.0706,1.0000,,,
trade,2022-01-31,NVDA,Long,2022-01-31T15:58:00+00:00,2022-01-31T15:59:00+00:00,238.1021,237.6037,1.26,-0.63,-0.002093,60000,SessionClose,0.3651,0.3205,0.2273,0.0706,1.0000,-0.2181,0.0706,1.0000,,,
summary,2022-01-31,NVDA,,,,,,,5.95,,2,,,,,,,,,,0.9693,2022-01-28T15:49:00+00:00,950,1100
summary,2022-01-31,MSFT,,,,,,,0.00,,0,,,,,,,,,,0.9593,2022-01-28T15:50:00+00:00,897,1044
summary,2022-02-01,SPY,,,,,,,0.00,,0,,,,,,,,,,0.6798,2022-01-31T15:09:00+00:00,1203,1519
trade,2022-02-01,QQQ,Long,2022-02-01T15:31:00+00:00,2022-02-01T15:56:00+00:00,361.8635,361.5965,0.83,-0.22,-0.000738,1500000,SessionClose,0.1390,0.3793,0.1528,0.0052,0.4022,0.5648,0.3369,0.4022,,,
summary,2022-02-01,QQQ,,,,,,,-0.22,,1,,,,,,,,,,0.7650,2022-01-31T15:09:00+00:00,1242,1590
summary,2022-02-01,AAPL,,,,,,,0.00,,0,,,,,,,,,,0.7084,2022-01-31T15:00:00+00:00,1071,1521
summary,2022-02-01,NVDA,,,,,,,0.00,,0,,,,,,,,,,0.9949,2022-01-31T09:15:00+00:00,1120,1450
summary,2022-02-01,MSFT,,,,,,,0.00,,0,,,,,,,,,,0.7375,2022-01-31T15:08:00+00:00,422,1252
summary,2022-02-02,SPY,,,,,,,0.00,,0,,,,,,,,,,0.6798,2022-01-31T15:09:00+00:00,1882,2381
summary,2022-02-02,QQQ,,,,,,,0.00,,0,,,,,,,,,,0.7650,2022-01-31T15:09:00+00:00,1921,2496
summary,2022-02-02,AAPL,,,,,,,0.00,,0,,,,,,,,,,0.7084,2022-01-31T15:00:00+00:00,1641,2400
summary,2022-02-02,NVDA,,,,,,,0.00,,0,,,,,,,,,,0.9949,2022-01-31T09:15:00+00:00,1777,2328
trade,2022-02-02,MSFT,Long,2022-02-02T14:41:00+00:00,2022-02-02T15:52:00+00:00,311.3284,312.5912,0.96,1.22,0.004056,4260000,ScoreExit,0.2046,-0.0532,0.0193,0.1101,0.4555,-0.1979,-0.2442,0.3772,,,
summary,2022-02-02,MSFT,,,,,,,1.22,,1,,,,,,,,,,0.7375,2022-01-31T15:08:00+00:00,981,2025
summary,2022-02-03,SPY,,,,,,,0.00,,0,,,,,,,,,,0.8950,2022-01-31T15:09:00+00:00,2150,2988
summary,2022-02-03,QQQ,,,,,,,0.00,,0,,,,,,,,,,0.9651,2022-01-31T14:41:00+00:00,1865,3129
summary,2022-02-03,AAPL,,,,,,,0.00,,0,,,,,,,,,,1.0000,2022-01-31T14:40:00+00:00,2021,2987
trade,2022-02-03,NVDA,Long,2022-02-03T15:41:00+00:00,2022-02-03T15:56:00+00:00,249.0097,248.6005,1.12,-0.46,-0.001643,900000,SessionClose,0.1968,0.1643,-0.3673,0.1740,0.4302,0.4771,-0.0208,0.4302,,,
summary,2022-02-03,NVDA,,,,,,,-0.46,,1,,,,,,,,,,1.0000,2022-01-31T14:34:00+00:00,1881,2941
summary,2022-02-03,MSFT,,,,,,,0.00,,0,,,,,,,,,,0.9104,2022-01-31T14:55:00+00:00,1090,2607
summary,2022-02-04,SPY,,,,,,,0.00,,0,,,,,,,,,,0.5961,2022-02-01T20:28:00+00:00,1366,3023
summary,2022-02-04,QQQ,,,,,,,0.00,,0,,,,,,,,,,0.6603,2022-02-01T21:29:00+00:00,1231,3159
summary,2022-02-04,AAPL,,,,,,,0.00,,0,,,,,,,,,,0.7523,2022-02-01T15:59:00+00:00,1666,3023
summary,2022-02-04,NVDA,,,,,,,0.00,,0,,,,,,,,,,0.9337,2022-02-01T21:27:00+00:00,1258,2887
summary,2022-02-04,MSFT,,,,,,,0.00,,0,,,,,,,,,,0.6550,2022-02-02T15:01:00+00:00,1302,2707
trade,2022-02-07,SPY,Long,2022-02-07T15:40:00+00:00,2022-02-07T15:56:00+00:00,450.4201,449.3991,0.67,-0.68,-0.002267,960000,SessionClose,0.2196,0.0824,-0.1525,0.1760,0.4308,-0.2542,0.0235,0.3124,,,
summary,2022-02-07,SPY,,,,,,,-0.68,,1,,,,,,,,,,0.7089,2022-02-04T14:43:00+00:00,684,1136
trade,2022-02-07,QQQ,Long,2022-02-07T14:37:00+00:00,2022-02-07T15:49:00+00:00,359.1427,358.4274,0.84,-0.60,-0.001992,4320000,ScoreExit,0.3754,-0.0639,0.4124,0.2542,0.6057,-0.5040,-0.2632,0.4816,,,
summary,2022-02-07,QQQ,,,,,,,-0.60,,1,,,,,,,,,,0.9369,2022-02-04T14:45:00+00:00,807,1160
trade,2022-02-07,AAPL,Long,2022-02-07T14:37:00+00:00,2022-02-07T15:51:00+00:00,173.0569,172.8881,1.73,-0.29,-0.000975,4440000,ScoreExit,0.2438,-0.0677,0.1331,0.1388,0.4906,-0.5568,-0.2007,0.3614,,,
summary,2022-02-07,AAPL,,,,,,,-0.29,,1,,,,,,,,,,0.8932,2022-02-04T15:00:00+00:00,702,1074
trade,2022-02-07,NVDA,Long,2022-02-07T14:36:00+00:00,2022-02-07T15:56:00+00:00,244.3983,247.2208,1.23,3.47,0.011549,4800000,SessionClose,0.3649,0.4409,0.2504,0.1040,0.9249,-0.0282,0.2697,0.9398,,,
trade,2022-02-07,NVDA,Long,2022-02-07T15:58:00+00:00,2022-02-07T15:59:00+00:00,247.8843,247.9656,1.17,0.09,0.000328,60000,SessionClose,0.4866,0.4928,0.4288,0.2697,0.9398,0.4903,0.2697,0.9398,,,
summary,2022-02-07,NVDA,,,,,,,3.56,,2,,,,,,,,,,1.0000,2022-02-04T14:41:00+00:00,780,1013
trade,2022-02-07,MSFT,Long,2022-02-07T14:35:00+00:00,2022-02-07T14:44:00+00:00,307.0664,306.3131,0.98,-0.74,-0.002453,540000,ScoreExit,0.1630,-0.0544,0.1179,0.0283,0.4475,-0.3862,-0.1983,0.3440,,,
summary,2022-02-07,MSFT,,,,,,,-0.74,,1,,,,,,,,,,1.0000,2022-02-04T14:41:00+00:00,473,950
summary,2022-02-08,SPY,,,,,,,0.00,,0,,,,,,,,,,0.4556,2022-02-08T20:54:00+00:00,703,1460
summary,2022-02-08,QQQ,,,,,,,0.00,,0,,,,,,,,,,0.5774,2022-02-07T14:54:00+00:00,524,1508
summary,2022-02-08,AAPL,,,,,,,0.00,,0,,,,,,,,,,0.6844,2022-02-07T10:48:00+00:00,619,1353
summary,2022-02-08,NVDA,,,,,,,0.00,,0,,,,,,,,,,0.7142,2022-02-07T14:54:00+00:00,806,1285
summary,2022-02-08,MSFT,,,,,,,0.00,,0,,,,,,,,,,0.8624,2022-02-07T12:34:00+00:00,385,1166
summary,2022-02-09,SPY,,,,,,,0.00,,0,,,,,,,,,,0.4556,2022-02-08T20:54:00+00:00,1367,2281
summary,2022-02-09,QQQ,,,,,,,0.00,,0,,,,,,,,,,0.5774,2022-02-07T14:54:00+00:00,1250,2382
summary,2022-02-09,AAPL,,,,,,,0.00,,0,,,,,,,,,,0.6844,2022-02-07T10:48:00+00:00,1253,2154
trade,2022-02-09,NVDA,Long,2022-02-09T15:01:00+00:00,2022-02-09T15:56:00+00:00,254.3813,259.5271,1.18,6.07,0.020229,3300000,SessionClose,0.2427,0.6492,0.1592,0.0971,0.5618,0.5123,0.7158,0.5618,,,
summary,2022-02-09,NVDA,,,,,,,6.07,,1,,,,,,,,,,0.7142,2022-02-07T14:54:00+00:00,1479,2060
trade,2022-02-09,MSFT,Long,2022-02-09T14:31:00+00:00,2022-02-09T15:12:00+00:00,309.4278,308.9623,0.97,-0.45,-0.001504,2460000,ScoreExit,0.3418,-0.0625,-0.1344,0.3362,0.5115,-0.3976,-0.2681,0.4604,,,
trade,2022-02-09,MSFT,Long,2022-02-09T15:56:00+00:00,2022-02-09T15:57:00+00:00,308.0874,308.0026,0.97,-0.08,-0.000275,60000,SessionClose,0.1767,0.1968,-0.2698,0.1092,0.4604,-0.0688,0.1092,0.4604,,,
trade,2022-02-09,MSFT,Long,2022-02-09T15:59:00+00:00,2022-02-09T16:00:00+00:00,308.3876,308.5574,0.97,0.17,0.000551,60000,SessionClose,0.2314,0.2562,0.2776,0.1092,0.4604,0.5258,0.1092,0.4604,,,
summary,2022-02-09,MSFT,,,,,,,-0.37,,3,,,,,,,,,,0.8624,2022-02-07T12:34:00+00:00,962,1819
summary,2022-02-10,SPY,,,,,,,0.00,,0,,,,,,,,,,0.5916,2022-02-07T15:34:00+00:00,1499,2850
summary,2022-02-10,QQQ,,,,,,,0.00,,0,,,,,,,,,,0.7790,2022-02-07T14:41:00+00:00,1467,2940
summary,2022-02-10,AAPL,,,,,,,0.00,,0,,,,,,,,,,0.8792,2022-02-07T14:42:00+00:00,1399,2687
trade,2022-02-10,NVDA,Long,2022-02-10T14:42:00+00:00,2022-02-10T15:56:00+00:00,261.8285,265.3254,1.15,4.02,0.013356,4440000,SessionClose,0.2597,0.0435,-0.0755,0.2332,0.4245,-0.5314,-0.0818,0.4857,,,
summary,2022-02-10,NVDA,,,,,,,4.02,,1,,,,,,,,,,1.0000,2022-02-07T14:37:00+00:00,1862,2667
summary,2022-02-10,MSFT,,,,,,,0.00,,0,,,,,,,,,,0.6037,2022-02-07T14:32:00+00:00,1044,2299
summary,2022-02-11,SPY,,,,,,,0.00,,0,,,,,,,,,,0.8957,2022-02-08T16:04:00+00:00,1534,2892
summary,2022-02-11,QQQ,,,,,,,0.00,,0,,,,,,,,,,0.9564,2022-02-08T15:53:00+00:00,1612,2975
summary,2022-02-11,AAPL,,,,,,,0.00,,0,,,,,,,,,,0.9526,2022-02-08T16:02:00+00:00,1496,2725
summary,2022-02-11,NVDA,,,,,,,0.00,,0,,,,,,,,,,1.0000,2022-02-08T14:37:00+00:00,1625,2680
summary,2022-02-11,MSFT,,,,,,,0.00,,0,,,,,,,,,,0.9559,2022-02-08T16:02:00+00:00,1112,2307
summary,2022-02-14,SPY,,,,,,,0.00,,0,,,,,,,,,,0.7482,2022-02-11T14:46:00+00:00,43,1173
summary,2022-02-14,QQQ,,,,,,,0.00,,0,,,,,,,,,,0.7595,2022-02-11T14:46:00+00:00,190,1195
summary,2022-02-14,AAPL,,,,,,,0.00,,0,,,,,,,,,,0.5988,2022-02-11T14:46:00+00:00,416,1164
trade,2022-02-14,NVDA,Long,2022-02-14T15:12:00+00:00,2022-02-14T15:32:00+00:00,246.4589,243.8417,0.94,-2.47,-0.010619,1200000,ScoreExit,0.5400,-0.0748,0.5940,0.4135,0.7749,-0.4349,-0.2188,0.3333,,,
trade,2022-02-14,NVDA,Long,2022-02-14T15:52:00+00:00,2022-02-14T15:56:00+00:00,245.8087,246.3711,1.01,0.57,0.002288,240000,SessionClose,0.3240,0.3361,0.4269,0.1458,0.6461,0.5215,0.0648,0.8170,,,
trade,2022-02-14,NVDA,Long,2022-02-14T15:58:00+00:00,2022-02-14T15:59:00+00:00,245.8837,245.9513,1.06,0.07,0.000275,60000,SessionClose,0.2282,0.2735,-0.0521,0.0648,0.6485,0.1650,0.0648,0.7272,,,
summary,2022-02-14,NVDA,,,,,,,-1.83,,3,,,,,,,,,,0.8590,2022-02-14T14:54:00+00:00,400,1154
summary,2022-02-14,MSFT,,,,,,,0.00,,0,,,,,,,,,,0.8113,2022-02-11T14:46:00+00:00,310,1076
trade,2022-02-15,SPY,Long,2022-02-15T14:31:00+00:00,2022-02-15T15:56:00+00:00,443.8781,445.6863,0.68,1.22,0.004073,5100000,SessionClose,0.2415,0.3330,-0.4157,0.2413,0.4607,0.4886,0.2121,0.5230,,,
trade,2022-02-15,SPY,Long,2022-02-15T15:58:00+00:00,2022-02-15T15:59:00+00:00,445.7587,445.5213,0.67,-0.16,-0.000533,60000,SessionClose,0.2847,0.2912,0.0056,0.2121,0.5230,0.0703,0.2121,0.5230,,,
summary,2022-02-15,SPY,,,,,,,1.06,,2,,,,,,,,,,0.6343,2022-02-15T09:19:00+00:00,1065,1559
trade,2022-02-15,QQQ,Long,2022-02-15T14:31:00+00:00,2022-02-15T15:56:00+00:00,353.0209,354.4386,0.85,1.21,0.004016,5100000,SessionClose,0.2375,0.2711,-0.4245,0.1974,0.5385,0.4434,0.1007,0.5544,,,
trade,2022-02-15,QQQ,Long,2022-02-15T15:58:00+00:00,2022-02-15T15:59:00+00:00,354.3013,354.1287,0.85,-0.15,-0.000487,60000,SessionClose,0.2021,0.2077,-0.2466,0.1007,0.5544,-0.1906,0.1007,0.5544,,,
summary,2022-02-15,QQQ,,,,,,,1.06,,2,,,,,,,,,,0.7142,2022-02-15T09:18:00+00:00,1203,1601
trade,2022-02-15,AAPL,Long,2022-02-15T14:41:00+00:00,2022-02-15T15:56:00+00:00,170.9263,171.0537,1.76,0.22,0.000745,4500000,SessionClose,0.2760,0.2158,0.1598,0.1864,0.4940,-0.4338,0.1713,0.5215,,,
trade,2022-02-15,AAPL,Long,2022-02-15T15:58:00+00:00,2022-02-15T15:59:00+00:00,171.2169,171.1633,1.75,-0.09,-0.000313,60000,SessionClose,0.2658,0.2831,0.0657,0.1713,0.5215,0.2389,0.1713,0.5215,,,
summary,2022-02-15,AAPL,,,,,,,0.13,,2,,,,,,,,,,0.6641,2022-02-14T13:01:00+00:00,1099,1452
trade,2022-02-15,NVDA,Long,2022-02-15T15:46:00+00:00,2022-02-15T15:56:00+00:00,259.2077,260.4268,1.09,1.32,0.004703,600000,SessionClose,0.6585,0.5248,0.0654,0.6454,0.8824,0.4851,0.3527,0.8824,,,
trade,2022-02-15,NVDA,Long,2022-02-15T15:58:00+00:00,2022-02-15T15:59:00+00:00,259.6829,259.8520,1.13,0.19,0.000651,60000,SessionClose,0.4481,0.4818,-0.2819,0.3527,0.8824,0.0547,0.3527,0.8824,,,
summary,2022-02-15,NVDA,,,,,,,1.52,,2,,,,,,,,,,1.0000,2022-02-14T09:08:00+00:00,1180,1469
trade,2022-02-15,MSFT,Long,2022-02-15T14:52:00+00:00,2022-02-15T15:01:00+00:00,299.2047,299.3152,1.00,0.11,0.000369,540000,ScoreExit,0.0990,-0.0831,-0.5575,0.0102,0.4954,-0.1374,-0.3766,0.5219,,,
trade,2022-02-15,MSFT,Long,2022-02-15T15:36:00+00:00,2022-02-15T15:56:00+00:00,299.0447,300.2249,1.00,1.18,0.003947,1200000,SessionClose,0.2338,0.2518,-0.0624,0.1391,0.5219,0.2072,0.1242,0.5219,,,
trade,2022-02-15,MSFT,Long,2022-02-15T15:58:00+00:00,2022-02-15T15:59:00+00:00,300.2050,300.0350,1.00,-0.17,-0.000567,60000,SessionClose,0.1998,0.2059,-0.3136,0.1242,0.5219,-0.2524,0.1242,0.5219,,,
summary,2022-02-15,MSFT,,,,,,,1.12,,3,,,,,,,,,,0.8205,2022-02-14T10:23:00+00:00,914,1243
summary,2022-02-16,SPY,,,,,,,0.00,,0,,,,,,,,,,0.6343,2022-02-15T09:19:00+00:00,1606,2394
summary,2022-02-16,QQQ,,,,,,,0.00,,0,,,,,,,,,,0.7142,2022-02-15T09:18:00+00:00,1778,2458
summary,2022-02-16,AAPL,,,,,,,0.00,,0,,,,,,,,,,0.6641,2022-02-14T13:01:00+00:00,1561,2193
trade,2022-02-16,NVDA,Long,2022-02-16T15:21:00+00:00,2022-02-16T15:56:00+00:00,258.5825,263.4441,1.11,5.42,0.018801,2100000,SessionClose,0.2406,0.5125,-0.4515,0.2163,0.5200,0.5557,0.5016,0.5200,,,
summary,2022-02-16,NVDA,,,,,,,5.42,,1,,,,,,,,,,1.0000,2022-02-14T09:08:00+00:00,1764,2323
summary,2022-02-16,MSFT,,,,,,,0.00,,0,,,,,,,,,,0.8205,2022-02-14T10:23:00+00:00,1211,1802
summary,2022-02-17,SPY,,,,,,,0.00,,0,,,,,,,,,,0.6293,2022-02-15T09:19:00+00:00,1657,2945
summary,2022-02-17,QQQ,,,,,,,0.00,,0,,,,,,,,,,0.8970,2022-02-14T14:52:00+00:00,1810,3001
summary,2022-02-17,AAPL,,,,,,,0.00,,0,,,,,,,,,,0.8932,2022-02-14T14:49:00+00:00,1623,2636
summary,2022-02-17,NVDA,,,,,,,0.00,,0,,,,,,,,,,1.0000,2022-02-14T14:34:00+00:00,1614,2958
summary,2022-02-17,MSFT,,,,,,,0.00,,0,,,,,,,,,,0.9077,2022-02-14T14:51:00+00:00,1115,2204
summary,2022-02-18,SPY,,,,,,,0.00,,0,,,,,,,,,,0.8173,2022-02-15T15:49:00+00:00,782,2907
summary,2022-02-18,QQQ,,,,,,,0.00,,0,,,,,,,,,,0.8717,2022-02-15T15:49:00+00:00,1003,3000
summary,2022-02-18,AAPL,,,,,,,0.00,,0,,,,,,,,,,0.7223,2022-02-15T15:49:00+00:00,792,2634
summary,2022-02-18,NVDA,,,,,,,0.00,,0,,,,,,,,,,1.0000,2022-02-15T14:37:00+00:00,1131,2958
summary,2022-02-18,MSFT,,,,,,,0.00,,0,,,,,,,,,,0.8630,2022-02-15T15:49:00+00:00,361,2209
summary,2022-02-21,SPY,,,,,,,0.00,,0,,,,,,,,,,0.6135,2022-02-18T14:54:00+00:00,82,510
summary,2022-02-21,QQQ,,,,,,,0.00,,0,,,,,,,,,,0.7418,2022-02-18T14:54:00+00:00,62,506
summary,2022-02-21,AAPL,,,,,,,0.00,,0,,,,,,,,,,0.4919,2022-02-18T19:31:00+00:00,32,501
summary,2022-02-21,NVDA,,,,,,,0.00,,0,,,,,,,,,,0.7974,2022-02-18T19:28:00+00:00,66,504
summary,2022-02-21,MSFT,,,,,,,0.00,,0,,,,,,,,,,0.3679,2022-02-18T19:31:00+00:00,17,472
trade,2022-02-22,SPY,Long,2022-02-22T14:50:00+00:00,2022-02-22T15:42:00+00:00,434.3853,433.0350,0.69,-0.93,-0.003108,3120000,ScoreExit,0.5328,-0.0924,0.6083,0.3110,0.9512,-0.5835,-0.0611,0.0087,,,
summary,2022-02-22,SPY,,,,,,,-0.93,,1,,,,,,,,,,0.9569,2022-02-22T10:22:00+00:00,343,721
trade,2022-02-22,QQQ,Long,2022-02-22T14:43:00+00:00,2022-02-22T15:42:00+00:00,340.9773,341.3526,0.88,0.33,0.001101,3540000,ScoreExit,0.5707,-0.0707,0.6146,0.3488,1.0000,-0.5999,-0.1497,0.2639,,,
summary,2022-02-22,QQQ,,,,,,,0.33,,1,,,,,,,,,,0.9584,2022-02-22T10:23:00+00:00,389,717
trade,2022-02-22,AAPL,Long,2022-02-22T14:50:00+00:00,2022-02-22T15:42:00+00:00,165.9248,165.4254,1.81,-0.90,-0.003010,3120000,ScoreExit,0.4783,-0.1133,0.6015,0.1969,1.0000,-0.5861,-0.1258,0.0693,,,
summary,2022-02-22,AAPL,,,,,,,-0.90,,1,,,,,,,,,,0.9584,2022-02-22T10:24:00+00:00,341,675
summary,2022-02-22,NVDA,,,,,,,0.00,,0,,,,,,,,,,0.9636,2022-02-22T10:14:00+00:00,402,697
trade,2022-02-22,MSFT,Long,2022-02-22T14:37:00+00:00,2022-02-22T15:56:00+00:00,287.1961,288.4584,1.04,1.32,0.004395,4740000,SessionClose,0.5037,-0.0375,0.6083,0.2380,1.0000,-0.4673,-0.3043,0.6394,,,
summary,2022-02-22,MSFT,,,,,,,1.32,,1,,,,,,,,,,0.9613,2022-02-22T10:39:00+00:00,293,608
summary,2022-02-23,SPY,,,,,,,0.00,,0,,,,,,,,,,0.9569,2022-02-22T10:22:00+00:00,754,1599
summary,2022-02-23,QQQ,,,,,,,0.00,,0,,,,,,,,,,0.9584,2022-02-22T10:23:00+00:00,898,1655
summary,2022-02-23,AAPL,,,,,,,0.00,,0,,,,,,,,,,0.9584,2022-02-22T10:24:00+00:00,719,1469
summary,2022-02-23,NVDA,,,,,,,0.00,,0,,,,,,,,,,0.9636,2022-02-22T10:14:00+00:00,777,1460
trade,2022-02-23,MSFT,Long,2022-02-23T14:31:00+00:00,2022-02-23T14:41:00+00:00,291.0923,290.7977,1.03,-0.30,-0.001012,600000,ScoreExit,0.2115,-0.0632,0.2503,0.0933,0.4351,0.3387,-0.3793,0.4351,,,
summary,2022-02-23,MSFT,,,,,,,-0.30,,1,,,,,,,,,,0.9613,2022-02-22T10:39:00+00:00,547,1195
summary,2022-02-24,SPY,,,,,,,0.00,,0,,,,,,,,,,0.9569,2022-02-22T10:22:00+00:00,873,2549
summary,2022-02-24,QQQ,,,,,,,0.00,,0,,,,,,,,,,0.9584,2022-02-22T10:23:00+00:00,1192,2612
summary,2022-02-24,AAPL,,,,,,,0.00,,0,,,,,,,,,,0.9584,2022-02-22T10:24:00+00:00,945,2415
summary,2022-02-24,NVDA,,,,,,,0.00,,0,,,,,,,,,,0.9636,2022-02-22T10:14:00+00:00,1131,2373
summary,2022-02-24,MSFT,,,,,,,0.00,,0,,,,,,,,,,0.9613,2022-02-22T10:39:00+00:00,934,2011
trade,2022-02-25,SPY,Long,2022-02-25T15:06:00+00:00,2022-02-25T15:56:00+00:00,428.9036,433.5249,0.70,3.23,0.010775,3000000,SessionClose,0.1933,0.4427,0.0845,0.0462,0.5236,0.5276,0.3881,0.5236,,,
summary,2022-02-25,SPY,,,,,,,3.23,,1,,,,,,,,,,0.9018,2022-02-22T14:49:00+00:00,1360,3142
trade,2022-02-25,QQQ,Long,2022-02-25T15:16:00+00:00,2022-02-25T15:56:00+00:00,338.8166,343.0321,0.89,3.73,0.012442,2400000,SessionClose,0.1425,0.4354,-0.3383,0.0598,0.4684,0.3647,0.4307,0.4684,,,
summary,2022-02-25,QQQ,,,,,,,3.73,,1,,,,,,,,,,0.9410,2022-02-22T14:46:00+00:00,1647,3208
summary,2022-02-25,AAPL,,,,,,,0.00,,0,,,,,,,,,,0.9001,2022-02-22T14:49:00+00:00,1350,2975
trade,2022-02-25,NVDA,Long,2022-02-25T15:16:00+00:00,2022-02-25T15:56:00+00:00,236.4164,239.7938,0.84,2.84,0.014286,2400000,SessionClose,0.3431,0.4313,-0.1675,0.3113,0.5770,0.2417,0.3901,0.5770,,,
trade,2022-02-25,NVDA,Long,2022-02-25T16:00:00+00:00,2022-02-25T16:01:00+00:00,239.8815,239.0733,1.11,-0.89,-0.003370,60000,SessionClose,0.3855,0.4138,-0.2168,0.3901,0.5770,-0.5187,0.4742,0.6037,,,
summary,2022-02-25,NVDA,,,,,,,1.94,,2,,,,,,,,,,1.0000,2022-02-22T14:40:00+00:00,1508,2900
trade,2022-02-25,MSFT,Long,2022-02-25T15:06:00+00:00,2022-02-25T15:56:00+00:00,293.1729,295.2364,1.02,2.11,0.007038,3000000,SessionClose,0.2672,0.1939,0.2760,0.1423,0.5142,-0.3207,0.1194,0.5142,,,
trade,2022-02-25,MSFT,Long,2022-02-25T15:58:00+00:00,2022-02-25T15:59:00+00:00,295.5236,295.4463,1.02,-0.08,-0.000262,60000,SessionClose,0.2173,0.2331,-0.0868,0.1194,0.5142,0.0720,0.1194,0.5142,,,
summary,2022-02-25,MSFT,,,,,,,2.03,,2,,,,,,,,,,1.0000,2022-02-22T14:36:00+00:00,1319,2479
trade,2022-02-28,SPY,Long,2022-02-28T15:48:00+00:00,2022-02-28T15:56:00+00:00,435.5956,435.5343,0.69,-0.04,-0.000141,480000,SessionClose,0.3394,0.4360,0.1819,0.2976,0.4756,0.3234,0.4195,0.5066,,,
summary,2022-02-28,SPY,,,,,,,-0.04,,1,,,,,,,,,,0.9585,2022-02-25T15:46:00+00:00,725,1200
trade,2022-02-28,QQQ,Long,2022-02-28T15:02:00+00:00,2022-02-28T15:12:00+00:00,344.3773,342.6422,0.87,-1.51,-0.005038,600000,ScoreExit,0.1981,-0.0886,-0.0539,0.0753,0.5275,-0.5973,-0.1614,0.2264,,,
trade,2022-02-28,QQQ,Long,2022-02-28T15:35:00+00:00,2022-02-28T15:56:00+00:00,344.5183,346.4710,0.87,1.70,0.005668,1260000,SessionClose,0.3017,0.4640,0.1996,0.1946,0.5498,0.1953,0.4262,0.6294,,,
trade,2022-02-28,QQQ,Long,2022-02-28T15:58:00+00:00,2022-02-28T15:59:00+00:00,346.6190,346.6670,0.87,0.04,0.000139,60000,SessionClose,0.4433,0.4625,-0.0118,0.4262,0.6294,0.1799,0.4262,0.6294,,,
summary,2022-02-28,QQQ,,,,,,,0.23,,3,,,,,,,,,,0.9610,2022-02-25T15:47:00+00:00,767,1221
trade,2022-02-28,AAPL,Long,2022-02-28T15:01:00+00:00,2022-02-28T15:11:00+00:00,164.7344,163.7009,1.82,-1.88,-0.006274,600000,ScoreExit,0.3577,-0.0603,0.4990,0.1744,0.6772,-0.5188,-0.1708,0.3135,,,
trade,2022-02-28,AAPL,Long,2022-02-28T15:35:00+00:00,2022-02-28T15:56:00+00:00,164.1642,164.7356,1.83,1.04,0.003480,1260000,SessionClose,0.2260,0.4179,0.1984,0.1125,0.4623,0.4182,0.2883,0.6772,,,
trade,2022-02-28,AAPL,Long,2022-02-28T15:58:00+00:00,2022-02-28T15:59:00+00:00,164.9645,164.8755,1.82,-0.16,-0.000539,60000,SessionClose,0.4029,0.4061,0.2681,0.2883,0.6772,0.3001,0.2883,0.6772,,,
summary,2022-02-28,AAPL,,,,,,,-1.00,,3,,,,,,,,,,0.9586,2022-02-25T15:47:00+00:00,754,1131
trade,2022-02-28,NVDA,Long,2022-02-28T14:51:00+00:00,2022-02-28T15:56:00+00:00,238.6416,244.4117,1.26,7.25,0.024179,3900000,SessionClose,0.4154,0.5602,0.0892,0.3877,0.5795,0.0996,0.4170,1.0000,,,
trade,2022-02-28,NVDA,Long,2022-02-28T15:58:00+00:00,2022-02-28T15:59:00+00:00,244.9785,245.0715,1.16,0.11,0.000380,60000,SessionClose,0.5748,0.5858,0.2462,0.4170,1.0000,0.3558,0.4170,1.0000,,,
summary,2022-02-28,NVDA,,,,,,,7.35,,2,,,,,,,,,,1.0000,2022-02-25T14:33:00+00:00,749,1078
trade,2022-02-28,MSFT,Long,2022-02-28T15:03:00+00:00,2022-02-28T15:11:00+00:00,296.4739,294.9165,1.01,-1.58,-0.005253,480000,ScoreExit,0.2493,-0.1366,0.1411,0.1902,0.4035,-0.5876,-0.1746,0.0899,,,
trade,2022-02-28,MSFT,Long,2022-02-28T15:48:00+00:00,2022-02-28T15:56:00+00:00,297.3142,296.7959,1.01,-0.52,-0.001743,480000,SessionClose,0.3790,0.3013,0.3527,0.2720,0.6017,-0.0769,0.2500,0.5299,,,
trade,2022-02-28,MSFT,Long,2022-02-28T15:58:00+00:00,2022-02-28T15:59:00+00:00,296.9441,296.9159,1.01,-0.03,-0.000095,60000,SessionClose,0.2950,0.3138,-0.1364,0.2500,0.5287,-0.0225,0.2500,0.5533,,,
summary,2022-02-28,MSFT,,,,,,,-2.13,,3,,,,,,,,,,0.8986,2022-02-25T15:11:00+00:00,627,980
summary,2022-03-01,SPY,,,,,,,0.00,,0,,,,,,,,,,0.6901,2022-02-28T09:09:00+00:00,766,1608
trade,2022-03-01,QQQ,Long,2022-03-01T15:29:00+00:00,2022-03-01T15:41:00+00:00,347.4892,346.4810,0.86,-0.87,-0.002901,720000,ScoreExit,0.2156,-0.1343,-0.0434,0.1561,0.4210,-0.5312,-0.3432,0.4158,,,
summary,2022-03-01,QQQ,,,,,,,-0.87,,1,,,,,,,,,,0.8053,2022-02-28T09:09:00+00:00,843,1612
summary,2022-03-01,AAPL,,,,,,,0.00,,0,,,,,,,,,,0.9316,2022-02-28T09:08:00+00:00,785,1403
summary,2022-03-01,NVDA,,,,,,,0.00,,0,,,,,,,,,,1.0000,2022-02-28T09:07:00+00:00,622,1314
trade,2022-03-01,MSFT,Long,2022-03-01T14:52:00+00:00,2022-03-01T15:41:00+00:00,297.5942,298.6054,1.01,1.02,0.003398,2940000,ScoreExit,0.1870,-0.0585,-0.1649,0.1389,0.4006,-0.5297,-0.2288,0.4391,,,
summary,2022-03-01,MSFT,,,,,,,1.02,,1,,,,,,,,,,0.7280,2022-02-28T12:07:00+00:00,517,1120
summary,2022-03-02,SPY,,,,,,,0.00,,0,,,,,,,,,,0.6901,2022-02-28T09:09:00+00:00,1221,2496
summary,2022-03-02,QQQ,,,,,,,0.00,,0,,,,,,,,,,0.8053,2022-02-28T09:09:00+00:00,1255,2491
summary,2022-03-02,AAPL,,,,,,,0.00,,0,,,,,,,,,,0.9316,2022-02-28T09:08:00+00:00,1172,2179
summary,2022-03-02,NVDA,,,,,,,0.00,,0,,,,,,,,,,1.0000,2022-02-28T09:07:00+00:00,995,2011
summary,2022-03-02,MSFT,,,,,,,0.00,,0,,,,,,,,,,0.7280,2022-02-28T12:07:00+00:00,937,1702
summary,2022-03-03,SPY,,,,,,,0.00,,0,,,,,,,,,,0.9548,2022-02-28T15:42:00+00:00,1672,3058
summary,2022-03-03,QQQ,,,,,,,0.00,,0,,,,,,,,,,0.9598,2022-02-28T15:42:00+00:00,1392,3025
trade,2022-03-03,AAPL,Long,2022-03-03T14:57:00+00:00,2022-03-03T15:06:00+00:00,168.0254,167.8146,1.79,-0.38,-0.001254,540000,ScoreExit,0.1562,-0.1560,0.2257,0.0180,0.4096,-0.3617,-0.2865,0.1738,,,
summary,2022-03-03,AAPL,,,,,,,-0.38,,1,,,,,,,,,,0.9527,2022-02-28T15:56:00+00:00,1510,2670
summary,2022-03-03,NVDA,,,,,,,0.00,,0,,,,,,,,,,0.9594,2022-02-28T15:42:00+00:00,1176,2512
summary,2022-03-03,MSFT,,,,,,,0.00,,0,,,,,,,,,,0.9601,2022-02-28T15:42:00+00:00,1092,2168
summary,2022-03-04,SPY,,,,,,,0.00,,0,,,,,,,,,,0.5426,2022-03-02T16:13:00+00:00,1287,3047
summary,2022-03-04,QQQ,,,,,,,0.00,,0,,,,,,,,,,0.7714,2022-03-01T15:21:00+00:00,932,3036
summary,2022-03-04,AAPL,,,,,,,0.00,,0,,,,,,,,,,0.9842,2022-03-01T14:36:00+00:00,1136,2699
summary,2022-03-04,NVDA,,,,,,,0.00,,0,,,,,,,,,,0.8883,2022-03-01T15:32:00+00:00,932,2534
summary,2022-03-04,MSFT,,,,,,,0.00,,0,,,,,,,,,,0.8982,2022-03-01T14:50:00+00:00,681,2171
summary,2022-03-07,SPY,,,,,,,0.00,,0,,,,,,,,,,0.6250,2022-03-04T18:04:00+00:00,354,1194
summary,2022-03-07,QQQ,,,,,,,0.00,,0,,,,,,,,,,0.6248,2022-03-04T18:04:00+00:00,153,1185
trade,2022-03-07,AAPL,Long,2022-03-07T14:33:00+00:00,2022-03-07T14:56:00+00:00,164.5243,163.3460,1.82,-2.15,-0.007162,1380000,ScoreExit,0.4299,-0.1177,0.4233,0.3203,0.6511,-0.2943,-0.2938,0.2934,,,
summary,2022-03-07,AAPL,,,,,,,-2.15,,1,,,,,,,,,,0.5914,2022-03-04T18:07:00+00:00,326,1151
summary,2022-03-07,NVDA,,,,,,,0.00,,0,,,,,,,,,,1.0000,2022-03-04T14:37:00+00:00,157,1083
summary,2022-03-07,MSFT,,,,,,,0.00,,0,,,,,,,,,,0.7062,2022-03-04T17:17:00+00:00,248,998
summary,2022-03-08,SPY,,,,,,,0.00,,0,,,,,,,,,,0.7091,2022-03-08T17:18:00+00:00,343,1620
summary,2022-03-08,QQQ,,,,,,,0.00,,0,,,,,,,,,,0.8269,2022-03-08T17:18:00+00:00,356,1611
summary,2022-03-08,AAPL,,,,,,,0.00,,0,,,,,,,,,,0.7650,2022-03-08T17:44:00+00:00,386,1540
summary,2022-03-08,NVDA,,,,,,,0.00,,0,,,,,,,,,,0.8979,2022-03-07T09:08:00+00:00,447,1422
summary,2022-03-08,MSFT,,,,,,,0.00,,0,,,,,,,,,,0.8851,2022-03-08T17:18:00+00:00,397,1267
trade,2022-03-09,SPY,Long,2022-03-09T15:07:00+00:00,2022-03-09T15:56:00+00:00,425.4326,426.0571,0.71,0.44,0.001468,2940000,SessionClose,0.2730,0.3418,0.2631,0.2043,0.4136,0.3470,0.3051,0.4136,,,
summary,2022-03-09,SPY,,,,,,,0.44,,1,,,,,,,,,,0.7091,2022-03-08T17:18:00+00:00,919,2562
trade,2022-03-09,QQQ,Long,2022-03-09T15:06:00+00:00,2022-03-09T15:56:00+00:00,331.8045,332.5552,0.90,0.68,0.002262,3000000,SessionClose,0.3182,0.3500,0.3111,0.2251,0.5070,0.0215,0.3262,0.5070,,,
trade,2022-03-09,QQQ,Long,2022-03-09T15:58:00+00:00,2022-03-09T15:59:00+00:00,332.9449,333.4749,0.90,0.48,0.001592,60000,SessionClose,0.3780,0.4047,0.3024,0.3262,0.5070,0.5694,0.3262,0.5070,,,
summary,2022-03-09,QQQ,,,,,,,1.16,,2,,,,,,,,,,0.8269,2022-03-08T17:18:00+00:00,971,2533
trade,2022-03-09,AAPL,Long,2022-03-09T15:06:00+00:00,2022-03-09T15:56:00+00:00,160.7432,161.7765,1.87,1.93,0.006428,3000000,SessionClose,0.2486,0.3500,0.1815,0.1401,0.4878,-0.2075,0.3740,0.4878,,,
summary,2022-03-09,AAPL,,,,,,,1.93,,1,,,,,,,,,,0.7650,2022-03-08T17:44:00+00:00,942,2434
trade,2022-03-09,NVDA,Long,2022-03-09T14:36:00+00:00,2022-03-09T15:56:00+00:00,223.9122,227.4367,1.34,4.73,0.015741,4800000,SessionClose,0.3325,0.0268,-0.1007,0.2645,0.6131,-0.4327,-0.1850,0.6035,,,
summary,2022-03-09,NVDA,,,,,,,4.73,,1,,,,,,,,,,0.8979,2022-03-07T09:08:00+00:00,1071,2246
trade,2022-03-09,MSFT,Long,2022-03-09T14:30:00+00:00,2022-03-09T14:31:00+00:00,283.5300,282.8701,1.06,-0.70,-0.002328,60000,ScoreExit,0.1843,-0.0929,0.2834,0.0311,0.4579,-0.3679,-0.3224,0.4579,,,
trade,2022-03-09,MSFT,Long,2022-03-09T14:56:00+00:00,2022-03-09T15:56:00+00:00,282.1696,285.9220,1.06,3.99,0.013298,3600000,SessionClose,0.2528,0.4404,-0.2073,0.2270,0.4579,0.0146,0.4373,0.5884,,,
trade,2022-03-09,MSFT,Long,2022-03-09T15:58:00+00:00,2022-03-09T15:59:00+00:00,286.3859,286.8289,1.05,0.46,0.001547,60000,SessionClose,0.4781,0.4974,0.3914,0.4373,0.5884,0.5852,0.4373,0.5884,,,
summary,2022-03-09,MSFT,,,,,,,3.75,,3,,,,,,,,,,0.8851,2022-03-08T17:18:00+00:00,910,1941
summary,2022-03-10,SPY,,,,,,,0.00,,0,,,,,,,,,,0.6932,2022-03-08T17:18:00+00:00,1206,3155
summary,2022-03-10,QQQ,,,,,,,0.00,,0,,,,,,,,,,0.8189,2022-03-08T17:18:00+00:00,1186,3135
summary,2022-03-10,AAPL,,,,,,,0.00,,0,,,,,,,,,,0.7775,2022-03-07T14:31:00+00:00,955,3000
summary,2022-03-10,NVDA,,,,,,,0.00,,0,,,,,,,,,,0.8504,2022-03-09T09:20:00+00:00,1460,2785
summary,2022-03-10,MSFT,,,,,,,0.00,,0,,,,,,,,,,0.8892,2022-03-08T17:18:00+00:00,1211,2476
summary,2022-03-11,SPY,,,,,,,0.00,,0,,,,,,,,,,0.8254,2022-03-08T17:18:00+00:00,1697,3085
summary,2022-03-11,QQQ,,,,,,,0.00,,0,,,,,,,,,,1.0000,2022-03-08T14:35:00+00:00,1705,3098
summary,2022-03-11,AAPL,,,,,,,0.00,,0,,,,,,,,,,1.0000,2022-03-08T14:35:00+00:00,1194,2973
summary,2022-03-11,NVDA,,,,,,,0.00,,0,,,,,,,,,,0.9936,2022-03-08T14:35:00+00:00,1798,2718
summary,2022-03-11,MSFT,,,,,,,0.00,,0,,,,,,,,,,0.9306,2022-03-08T14:43:00+00:00,1452,2349
summary,2022-03-14,SPY,,,,,,,0.00,,0,,,,,,,,,,0.4430,2022-03-11T15:57:00+00:00,138,1180
summary,2022-03-14,QQQ,,,,,,,0.00,,0,,,,,,,,,,0.1049,2022-03-11T14:50:00+00:00,8,1191
summary,2022-03-14,AAPL,,,,,,,0.00,,0,,,,,,,,,,0.4828,2022-03-11T14:35:00+00:00,45,1194
summary,2022-03-14,NVDA,,,,,,,0.00,,0,,,,,,,,,,0.4956,2022-03-11T14:30:00+00:00,107,1059
trade,2022-03-14,MSFT,Long,2022-03-14T14:17:00+00:00,2022-03-14T15:11:00+00:00,285.0305,283.6999,1.05,-1.40,-0.004668,3240000,ScoreExit,0.4599,-0.1494,0.4471,0.3658,0.6524,-0.5206,-0.3485,0.3727,,,
summary,2022-03-14,MSFT,,,,,,,-1.40,,1,,,,,,,,,,0.8330,2022-03-11T15:51:00+00:00,132,1012
trade,2022-03-15,SPY,Long,2022-03-15T13:37:00+00:00,2022-03-15T13:41:00+00:00,420.7712,420.0489,0.71,-0.51,-0.001716,240000,ScoreExit,0.1537,-0.0591,0.2117,0.0150,0.4117,-0.0974,-0.2678,0.3709,,,
trade,2022-03-15,SPY,Long,2022-03-15T14:03:00+00:00,2022-03-15T15:56:00+00:00,420.0110,422.3283,0.71,1.66,0.005517,6780000,SessionClose,0.2537,0.0133,-0.1812,0.2496,0.4071,-0.5784,-0.1520,0.5409,,,
summary,2022-03-15,SPY,,,,,,,1.14,,2,,,,,,,,,,0.6180,2022-03-14T14:59:00+00:00,670,1568
trade,2022-03-15,QQQ,Long,2022-03-15T14:02:00+00:00,2022-03-15T15:56:00+00:00,321.5714,324.6776,0.93,2.90,0.009659,6840000,SessionClose,0.4024,0.0267,0.2145,0.3720,0.5258,-0.5891,-0.1772,0.6396,,,
summary,2022-03-15,QQQ,,,,,,,2.90,,1,,,,,,,,,,0.6532,2022-03-14T14:12:00+00:00,597,1612
trade,2022-03-15,AAPL,Long,2022-03-15T14:03:00+00:00,2022-03-15T14:12:00+00:00,151.5204,150.9497,1.98,-1.13,-0.003767,540000,ScoreExit,0.2690,-0.0648,0.2030,0.2021,0.4249,-0.5577,-0.1694,0.3086,,,
trade,2022-03-15,AAPL,Long,2022-03-15T14:33:00+00:00,2022-03-15T15:56:00+00:00,152.3107,153.3490,1.97,2.05,0.006817,4980000,SessionClose,0.4629,0.0753,0.3841,0.3957,0.6236,-0.5390,-0.1312,0.6930,,,
summary,2022-03-15,AAPL,,,,,,,0.91,,2,,,,,,,,,,0.6963,2022-03-14T08:08:00+00:00,701,1587
trade,2022-03-15,NVDA,Long,2022-03-15T14:00:00+00:00,2022-03-15T15:56:00+00:00,217.6304,224.8276,1.38,9.92,0.033071,6960000,SessionClose,0.5455,0.0742,0.5436,0.4664,0.7043,-0.5503,-0.2380,0.9067,,,
summary,2022-03-15,NVDA,,,,,,,9.92,,1,,,,,,,,,,0.9609,2022-03-14T09:44:00+00:00,763,1326
summary,2022-03-15,MSFT,,,,,,,0.00,,0,,,,,,,,,,0.9613,2022-03-14T09:51:00+00:00,646,1224
summary,2022-03-16,SPY,,,,,,,0.00,,0,,,,,,,,,,0.6180,2022-03-14T14:59:00+00:00,1318,2447
trade,2022-03-16,QQQ,Long,2022-03-16T13:31:00+00:00,2022-03-16T15:32:00+00:00,332.8048,337.1838,0.90,3.95,0.013158,7260000,MaxHoldTimeout,0.2572,0.2265,0.2709,0.1447,0.4778,0.4279,0.0430,0.5264,,,
summary,2022-03-16,QQQ,,,,,,,3.95,,1,,,,,,,,,,0.6532,2022-03-14T14:12:00+00:00,1292,2523
trade,2022-03-16,AAPL,Long,2022-03-16T13:49:00+00:00,2022-03-16T15:50:00+00:00,157.1221,157.8576,1.91,1.40,0.004681,7260000,MaxHoldTimeout,0.2486,0.0831,0.2796,0.1463,0.4429,0.2534,-0.1384,0.4695,,,
summary,2022-03-16,AAPL,,,,,,,1.40,,1,,,,,,,,,,0.6963,2022-03-14T08:08:00+00:00,1377,2457
trade,2022-03-16,NVDA,Long,2022-03-16T13:41:00+00:00,2022-03-16T15:42:00+00:00,232.8048,241.4725,1.29,11.19,0.037232,7260000,MaxHoldTimeout,0.2062,0.0497,-0.2050,0.0727,0.6103,-0.4842,-0.2002,0.7276,,,
summary,2022-03-16,NVDA,,,,,,,11.19,,1,,,,,,,,,,0.9609,2022-03-14T09:44:00+00:00,1448,2137
trade,2022-03-16,MSFT,Long,2022-03-16T13:32:00+00:00,2022-03-16T15:33:00+00:00,290.0320,291.2976,1.04,1.31,0.004364,7260000,MaxHoldTimeout,0.2629,0.1734,0.1950,0.1921,0.4272,0.5362,0.0040,0.3913,,,
summary,2022-03-16,MSFT,,,,,,,1.31,,1,,,,,,,,,,0.9613,2022-03-14T09:51:00+00:00,1087,1880
summary,2022-03-17,SPY,,,,,,,0.00,,0,,,,,,,,,,0.9557,2022-03-14T14:59:00+00:00,1874,3065
summary,2022-03-17,QQQ,,,,,,,0.00,,0,,,,,,,,,,0.9027,2022-03-14T14:12:00+00:00,1893,3141
summary,2022-03-17,AAPL,,,,,,,0.00,,0,,,,,,,,,,1.0000,2022-03-14T13:31:00+00:00,1813,3007
trade,2022-03-17,NVDA,Long,2022-03-17T13:36:00+00:00,2022-03-17T14:41:00+00:00,241.3724,243.6819,1.25,2.88,0.009568,3900000,ScoreExit,0.3462,-0.1118,0.1450,0.2378,0.6301,0.3355,-0.3920,0.2994,,,
summary,2022-03-17,NVDA,,,,,,,2.88,,1,,,,,,,,,,0.9457,2022-03-14T13:46:00+00:00,1917,2734
summary,2022-03-17,MSFT,,,,,,,0.00,,0,,,,,,,,,,0.9578,2022-03-14T13:36:00+00:00,1437,2352
summary,2022-03-18,SPY,,,,,,,0.00,,0,,,,,,,,,,0.9463,2022-03-15T14:40:00+00:00,2392,3055
summary,2022-03-18,QQQ,,,,,,,0.00,,0,,,,,,,,,,0.9571,2022-03-15T15:04:00+00:00,2504,3112
trade,2022-03-18,AAPL,Long,2022-03-18T13:38:00+00:00,2022-03-18T15:39:00+00:00,160.5231,162.3263,1.87,3.37,0.011233,7260000,MaxHoldTimeout,0.2260,0.3620,0.1378,0.1422,0.4232,0.4910,0.2527,0.5378,,,
summary,2022-03-18,AAPL,,,,,,,3.37,,1,,,,,,,,,,0.9552,2022-03-15T14:54:00+00:00,2405,2891
summary,2022-03-18,NVDA,,,,,,,0.00,,0,,,,,,,,,,0.9581,2022-03-15T14:46:00+00:00,2329,2674
summary,2022-03-18,MSFT,,,,,,,0.00,,0,,,,,,,,,,0.9579,2022-03-15T14:49:00+00:00,1752,2252
summary,2022-03-21,SPY,,,,,,,0.00,,0,,,,,,,,,,0.8156,2022-03-18T14:12:00+00:00,945,1160
summary,2022-03-21,QQQ,,,,,,,0.00,,0,,,,,,,,,,0.9577,2022-03-18T15:04:00+00:00,917,1182
trade,2022-03-21,AAPL,Long,2022-03-21T14:36:00+00:00,2022-03-21T15:56:00+00:00,163.5477,165.9252,1.84,4.36,0.014537,4800000,SessionClose,0.2505,0.3936,0.3738,0.0880,0.5345,-0.2014,0.3402,0.6987,,,
summary,2022-03-21,AAPL,,,,,,,4.36,,1,,,,,,,,,,0.9568,2022-03-18T15:04:00+00:00,962,1080
trade,2022-03-21,NVDA,Long,2022-03-21T13:45:00+00:00,2022-03-21T13:51:00+00:00,267.8053,265.0155,1.12,-3.13,-0.010417,360000,ScoreExit,0.4548,-0.1594,0.2564,0.3841,0.6622,-0.2139,-0.5611,0.6622,,,
trade,2022-03-21,NVDA,Long,2022-03-21T14:46:00+00:00,2022-03-21T15:56:00+00:00,262.9088,270.4139,0.97,7.30,0.028546,4200000,SessionClose,0.5005,0.7824,0.5087,0.3489,0.8011,0.6021,0.7036,1.0000,,,
summary,2022-03-21,NVDA,,,,,,,4.17,,2,,,,,,,,,,1.0000,2022-03-18T13:32:00+00:00,970,1101
summary,2022-03-21,MSFT,,,,,,,0.00,,0,,,,,,,,,,0.9515,2022-03-18T15:04:00+00:00,704,981
summary,2022-03-22,SPY,,,,,,,0.00,,0,,,,,,,,,,0.4748,2022-03-21T13:36:00+00:00,892,1480
summary,2022-03-22,QQQ,,,,,,,0.00,,0,,,,,,,,,,0.6927,2022-03-21T15:27:00+00:00,953,1563
trade,2022-03-22,AAPL,Long,2022-03-22T14:55:00+00:00,2022-03-22T15:56:00+00:00,168.6356,168.8401,1.78,0.36,0.001213,3660000,SessionClose,0.4898,0.2084,0.1993,0.3943,0.7776,0.5588,-0.0995,0.7075,,,
summary,2022-03-22,AAPL,,,,,,,0.36,,1,,,,,,,,,,0.6682,2022-03-21T15:22:00+00:00,963,1376
trade,2022-03-22,NVDA,Long,2022-03-22T14:01:00+00:00,2022-03-22T15:56:00+00:00,267.9654,270.4238,1.12,2.75,0.009175,6900000,ScoreExit,0.4372,-0.1556,0.5958,0.2531,0.7527,-0.1808,-0.5051,0.5519,,,
summary,2022-03-22,NVDA,,,,,,,2.75,,1,,,,,,,,,,0.8342,2022-03-21T09:34:00+00:00,879,1382
trade,2022-03-22,MSFT,Long,2022-03-22T13:46:00+00:00,2022-03-22T15:47:00+00:00,300.3151,304.1038,1.00,3.79,0.012616,7260000,MaxHoldTimeout,0.1076,0.1333,-0.4350,0.0501,0.4034,0.0171,-0.0897,0.6182,,,
summary,2022-03-22,MSFT,,,,,,,3.79,,1,,,,,,,,,,0.8033,2022-03-21T09:33:00+00:00,657,1102
summary,2022-03-23,SPY,,,,,,,0.00,,0,,,,,,,,,,0.4748,2022-03-21T13:36:00+00:00,1247,2316
summary,2022-03-23,QQQ,,,,,,,0.00,,0,,,,,,,,,,0.6927,2022-03-21T15:27:00+00:00,1393,2426
trade,2022-03-23,AAPL,Long,2022-03-23T14:26:00+00:00,2022-03-23T15:56:00+00:00,170.3272,171.7035,1.76,2.43,0.008080,5400000,SessionClose,0.3139,0.3818,-0.0862,0.3081,0.4590,0.4829,0.2639,0.5840,,,
summary,2022-03-23,AAPL,,,,,,,2.43,,1,,,,,,,,,,0.6682,2022-03-21T15:22:00+00:00,1565,2157
summary,2022-03-23,NVDA,,,,,,,0.00,,0,,,,,,,,,,0.8342,2022-03-21T09:34:00+00:00,965,2140
summary,2022-03-23,MSFT,,,,,,,0.00,,0,,,,,,,,,,0.8033,2022-03-21T09:33:00+00:00,984,1673
summary,2022-03-24,SPY,,,,,,,0.00,,0,,,,,,,,,,0.6858,2022-03-21T15:01:00+00:00,1535,2876
summary,2022-03-24,QQQ,,,,,,,0.00,,0,,,,,,,,,,0.8235,2022-03-21T13:41:00+00:00,1778,3000
summary,2022-03-24,AAPL,,,,,,,0.00,,0,,,,,,,,,,1.0000,2022-03-21T13:41:00+00:00,2094,2768
trade,2022-03-24,NVDA,Long,2022-03-24T14:16:00+00:00,2022-03-24T15:56:00+00:00,267.5772,278.5471,0.89,9.76,0.040997,6000000,SessionClose,0.4223,0.2410,0.0809,0.3688,0.6432,-0.1930,0.1132,0.6411,,,
summary,2022-03-24,NVDA,,,,,,,9.76,,1,,,,,,,,,,1.0000,2022-03-21T13:40:00+00:00,1300,2709
summary,2022-03-24,MSFT,,,,,,,0.00,,0,,,,,,,,,,0.6846,2022-03-21T13:43:00+00:00,1215,2120
summary,2022-03-25,SPY,,,,,,,0.00,,0,,,,,,,,,,0.8474,2022-03-22T14:43:00+00:00,1411,2858
summary,2022-03-25,QQQ,,,,,,,0.00,,0,,,,,,,,,,0.9523,2022-03-22T14:48:00+00:00,1665,2985
summary,2022-03-25,AAPL,,,,,,,0.00,,0,,,,,,,,,,1.0000,2022-03-22T13:39:00+00:00,2174,2826
summary,2022-03-25,NVDA,,,,,,,0.00,,0,,,,,,,,,,0.9567,2022-03-22T15:03:00+00:00,1363,2749
summary,2022-03-25,MSFT,,,,,,,0.00,,0,,,,,,,,,,0.9491,2022-03-22T14:51:00+00:00,1095,2142
summary,2022-03-28,SPY,,,,,,,0.00,,0,,,,,,,,,,0.8392,2022-03-25T14:42:00+00:00,721,1128
summary,2022-03-28,QQQ,,,,,,,0.00,,0,,,,,,,,,,0.7592,2022-03-25T14:42:00+00:00,732,1126
trade,2022-03-28,AAPL,Long,2022-03-28T13:42:00+00:00,2022-03-28T15:02:00+00:00,174.7174,174.5531,1.72,-0.28,-0.000940,4800000,MaxHoldTimeout,0.5687,0.0668,0.6039,0.4683,0.7577,-0.2866,-0.1228,0.5637,,,
summary,2022-03-28,AAPL,,,,,,,-0.28,,1,,,,,,,,,,0.9559,2022-03-25T14:42:00+00:00,629,1193
trade,2022-03-28,NVDA,Long,2022-03-28T13:31:00+00:00,2022-03-28T14:16:00+00:00,277.4582,277.7916,1.08,0.36,0.001202,2700000,ScoreExit,0.1606,-0.1413,-0.2164,0.0219,0.5637,-0.4642,-0.4026,0.4890,,,
trade,2022-03-28,NVDA,Long,2022-03-28T14:49:00+00:00,2022-03-28T15:02:00+00:00,278.8486,277.6817,1.08,-1.26,-0.004185,780000,ScoreExit,0.3563,-0.1129,0.5746,0.1237,0.7488,-0.3955,-0.2694,0.2940,,,
summary,2022-03-28,NVDA,,,,,,,-0.90,,2,,,,,,,,,,1.0000,2022-03-25T13:31:00+00:00,489,1083
summary,2022-03-28,MSFT,,,,,,,0.00,,0,,,,,,,,,,0.8742,2022-03-25T14:42:00+00:00,580,934
trade,2022-03-29,SPY,Long,2022-03-29T14:47:00+00:00,2022-03-29T15:56:00+00:00,458.5424,459.4371,0.65,0.59,0.001951,4140000,SessionClose,0.1851,0.1357,0.1391,0.0558,0.4590,-0.1107,0.0146,0.4600,,,
summary,2022-03-29,SPY,,,,,,,0.59,,1,,,,,,,,,,0.5877,2022-03-28T18:59:00+00:00,1066,1472
trade,2022-03-29,QQQ,Long,2022-03-29T14:47:00+00:00,2022-03-29T15:56:00+00:00,367.4653,368.9943,0.82,1.25,0.004161,4140000,SessionClose,0.2498,0.1792,0.3273,0.0942,0.5352,-0.0841,0.0384,0.5484,,,
summary,2022-03-29,QQQ,,,,,,,1.25,,1,,,,,,,,,,0.6110,2022-03-28T18:59:00+00:00,1162,1535
trade,2022-03-29,AAPL,Long,2022-03-29T13:49:00+00:00,2022-03-29T15:05:00+00:00,177.6183,177.1268,1.69,-0.83,-0.002767,4560000,MaxHoldTimeout,0.3417,0.1848,0.0373,0.2438,0.6391,-0.1442,0.0341,0.5960,,,
summary,2022-03-29,AAPL,,,,,,,-0.83,,1,,,,,,,,,,0.7006,2022-03-28T13:35:00+00:00,1137,1510
trade,2022-03-29,NVDA,Long,2022-03-29T14:33:00+00:00,2022-03-29T15:22:00+00:00,284.3003,282.2303,0.75,-1.55,-0.007281,2940000,ScoreExit,0.2010,-0.0709,0.1457,0.0174,0.5866,-0.5155,-0.2402,0.4160,,,
summary,2022-03-29,NVDA,,,,,,,-1.55,,1,,,,,,,,,,0.9345,2022-03-28T08:57:00+00:00,1028,1402
summary,2022-03-29,MSFT,,,,,,,0.00,,0,,,,,,,,,,0.7866,2022-03-28T13:58:00+00:00,795,1144
summary,2022-03-30,SPY,,,,,,,0.00,,0,,,,,,,,,,0.5877,2022-03-28T18:59:00+00:00,1516,2305
summary,2022-03-30,QQQ,,,,,,,0.00,,0,,,,,,,,,,0.6110,2022-03-28T18:59:00+00:00,1675,2393
summary,2022-03-30,AAPL,,,,,,,0.00,,0,,,,,,,,,,0.7006,2022-03-28T13:35:00+00:00,1665,2325
summary,2022-03-30,NVDA,,,,,,,0.00,,0,,,,,,,,,,0.9345,2022-03-28T08:57:00+00:00,1297,2152
summary,2022-03-30,MSFT,,,,,,,0.00,,0,,,,,,,,,,0.7866,2022-03-28T13:58:00+00:00,1119,1744
summary,2022-03-31,SPY,,,,,,,0.00,,0,,,,,,,,,,0.6055,2022-03-28T14:59:00+00:00,1677,2850
summary,2022-03-31,QQQ,,,,,,,0.00,,0,,,,,,,,,,0.8082,2022-03-28T13:55:00+00:00,1816,2932
summary,2022-03-31,AAPL,,,,,,,0.00,,0,,,,,,,,,,1.0000,2022-03-28T13:35:00+00:00,1988,2801
summary,2022-03-31,NVDA,,,,,,,0.00,,0,,,,,,,,,,1.0000,2022-03-28T13:36:00+00:00,1275,2725
summary,2022-03-31,MSFT,,,,,,,0.00,,0,,,,,,,,,,1.0000,2022-03-28T13:34:00+00:00,1307,2192
summary,2022-04-01,SPY,,,,,,,0.00,,0,,,,,,,,,,0.5752,2022-03-29T19:34:00+00:00,704,2873
summary,2022-04-01,QQQ,,,,,,,0.00,,0,,,,,,,,,,0.5764,2022-03-29T19:08:00+00:00,760,2900
summary,2022-04-01,AAPL,,,,,,,0.00,,0,,,,,,,,,,0.8963,2022-03-29T13:47:00+00:00,1023,2818
summary,2022-04-01,NVDA,,,,,,,0.00,,0,,,,,,,,,,1.0000,2022-03-29T13:32:00+00:00,455,2679
summary,2022-04-01,MSFT,,,,,,,0.00,,0,,,,,,,,,,0.5791,2022-03-29T18:47:00+00:00,825,2172
trade,2022-04-04,SPY,Long,2022-04-04T14:06:00+00:00,2022-04-04T15:56:00+00:00,454.6113,455.4983,0.66,0.59,0.001951,6600000,SessionClose,0.2978,0.2960,0.0608,0.2602,0.4522,0.5075,0.1735,0.4706,,,
summary,2022-04-04,SPY,,,,,,,0.59,,1,,,,,,,,,,0.4989,2022-04-01T18:32:00+00:00,708,1110
summary,2022-04-04,QQQ,,,,,,,0.00,,0,,,,,,,,,,0.5723,2022-04-04T13:55:00+00:00,767,1144
summary,2022-04-04,AAPL,,,,,,,0.00,,0,,,,,,,,,,0.6776,2022-04-04T13:54:00+00:00,716,1064
summary,2022-04-04,NVDA,,,,,,,0.00,,0,,,,,,,,,,0.7961,2022-04-04T13:55:00+00:00,560,1059
summary,2022-04-04,MSFT,,,,,,,0.00,,0,,,,,,,,,,0.8249,2022-04-01T14:53:00+00:00,589,937
summary,2022-04-05,SPY,,,,,,,0.00,,0,,,,,,,,,,0.7840,2022-04-04T09:12:00+00:00,777,1409
summary,2022-04-05,QQQ,,,,,,,0.00,,0,,,,,,,,,,0.8469,2022-04-04T09:15:00+00:00,818,1488
summary,2022-04-05,AAPL,,,,,,,0.00,,0,,,,,,,,,,0.8525,2022-04-04T09:13:00+00:00,702,1394
summary,2022-04-05,NVDA,,,,,,,0.00,,0,,,,,,,,,,0.8769,2022-04-04T09:23:00+00:00,580,1263
summary,2022-04-05,MSFT,,,,,,,0.00,,0,,,,,,,,,,0.7697,2022-04-04T10:22:00+00:00,537,1071
summary,2022-04-06,SPY,,,,,,,0.00,,0,,,,,,,,,,0.7840,2022-04-04T09:12:00+00:00,777,2274
summary,2022-04-06,QQQ,,,,,,,0.00,,0,,,,,,,,,,0.8469,2022-04-04T09:15:00+00:00,818,2380
summary,2022-04-06,AAPL,,,,,,,0.00,,0,,,,,,,,,,0.8525,2022-04-04T09:13:00+00:00,736,2224
summary,2022-04-06,NVDA,,,,,,,0.00,,0,,,,,,,,,,0.8769,2022-04-04T09:23:00+00:00,580,2086
summary,2022-04-06,MSFT,,,,,,,0.00,,0,,,,,,,,,,0.7697,2022-04-04T10:22:00+00:00,537,1731
summary,2022-04-07,SPY,,,,,,,0.00,,0,,,,,,,,,,0.7100,2022-04-04T15:04:00+00:00,768,2886
summary,2022-04-07,QQQ,,,,,,,0.00,,0,,,,,,,,,,0.9559,2022-04-04T15:04:00+00:00,739,2997
summary,2022-04-07,AAPL,,,,,,,0.00,,0,,,,,,,,,,1.0000,2022-04-04T13:34:00+00:00,727,2807
summary,2022-04-07,NVDA,,,,,,,0.00,,0,,,,,,,,,,1.0000,2022-04-04T13:40:00+00:00,583,2678
summary,2022-04-07,MSFT,,,,,,,0.00,,0,,,,,,,,,,1.0000,2022-04-04T13:35:00+00:00,517,2276
summary,2022-04-08,SPY,,,,,,,0.00,,0,,,,,,,,,,0.4735,2022-04-05T13:41:00+00:00,597,2884
summary,2022-04-08,QQQ,,,,,,,0.00,,0,,,,,,,,,,0.3961,2022-04-07T19:14:00+00:00,242,3031
summary,2022-04-08,AAPL,,,,,,,0.00,,0,,,,,,,,,,0.6769,2022-04-05T13:45:00+00:00,142,2757
summary,2022-04-08,NVDA,,,,,,,0.00,,0,,,,,,,,,,0.5208,2022-04-05T13:32:00+00:00,160,2747
summary,2022-04-08,MSFT,,,,,,,0.00,,0,,,,,,,,,,0.4409,2022-04-05T14:54:00+00:00,97,2254
summary,2022-04-11,SPY,,,,,,,0.00,,0,,,,,,,,,,0.9581,2022-04-08T15:01:00+00:00,226,1152
summary,2022-04-11,QQQ,,,,,,,0.00,,0,,,,,,,,,,0.9594,2022-04-08T15:01:00+00:00,158,1188
summary,2022-04-11,AAPL,,,,,,,0.00,,0,,,,,,,,,,0.9427,2022-04-08T15:02:00+00:00,225,1119
summary,2022-04-11,NVDA,,,,,,,0.00,,0,,,,,,,,,,0.7439,2022-04-08T15:02:00+00:00,263,1161
summary,2022-04-11,MSFT,,,,,,,0.00,,0,,,,,,,,,,0.9597,2022-04-08T15:01:00+00:00,166,1002
trade,2022-04-12,SPY,Long,2022-04-12T13:41:00+00:00,2022-04-12T14:26:00+00:00,443.2779,444.0505,0.68,0.52,0.001743,2700000,ScoreExit,0.1739,-0.0756,0.0608,0.0713,0.4168,-0.4001,-0.2369,0.3551,,,
summary,2022-04-12,SPY,,,,,,,0.52,,1,,,,,,,,,,0.5355,2022-04-12T12:54:00+00:00,244,1520
summary,2022-04-12,QQQ,,,,,,,0.00,,0,,,,,,,,,,0.6620,2022-04-12T12:54:00+00:00,319,1581
summary,2022-04-12,AAPL,,,,,,,0.00,,0,,,,,,,,,,0.6117,2022-04-12T12:34:00+00:00,445,1460
trade,2022-04-12,NVDA,Long,2022-04-12T13:56:00+00:00,2022-04-12T14:16:00+00:00,225.6327,223.9978,0.90,-1.48,-0.007246,1200000,ScoreExit,0.3481,-0.2360,0.6943,0.0309,0.8672,-0.5431,-0.3628,0.1198,,,
summary,2022-04-12,NVDA,,,,,,,-1.48,,1,,,,,,,,,,0.8294,2022-04-12T12:43:00+00:00,528,1480
trade,2022-04-12,MSFT,Long,2022-04-12T13:41:00+00:00,2022-04-12T14:17:00+00:00,287.6267,289.9480,1.04,2.42,0.008071,2160000,ScoreExit,0.1660,-0.0733,-0.1518,0.0589,0.4862,-0.3509,-0.2138,0.3001,,,
summary,2022-04-12,MSFT,,,,,,,2.42,,1,,,,,,,,,,0.5992,2022-04-11T10:15:00+00:00,204,1258
summary,2022-04-13,SPY,,,,,,,0.00,,0,,,,,,,,,,0.5355,2022-04-12T12:54:00+00:00,535,2349
summary,2022-04-13,QQQ,,,,,,,0.00,,0,,,,,,,,,,0.6620,2022-04-12T12:54:00+00:00,670,2451
summary,2022-04-13,AAPL,,,,,,,0.00,,0,,,,,,,,,,0.6117,2022-04-12T12:34:00+00:00,1026,2232
trade,2022-04-13,NVDA,Long,2022-04-13T14:36:00+00:00,2022-04-13T15:52:00+00:00,221.1313,221.0587,1.28,-0.09,-0.000329,4560000,MaxHoldTimeout,0.2263,0.1449,-0.4281,0.2077,0.4815,-0.0505,-0.0536,0.6071,,,
summary,2022-04-13,NVDA,,,,,,,-0.09,,1,,,,,,,,,,0.8294,2022-04-12T12:43:00+00:00,868,2297
summary,2022-04-13,MSFT,,,,,,,0.00,,0,,,,,,,,,,0.5992,2022-04-11T10:15:00+00:00,455,1875
summary,2022-04-14,SPY,,,,,,,0.00,,0,,,,,,,,,,0.5541,2022-04-12T12:54:00+00:00,803,2856
summary,2022-04-14,QQQ,,,,,,,0.00,,0,,,,,,,,,,0.6733,2022-04-12T12:54:00+00:00,938,2982
summary,2022-04-14,AAPL,,,,,,,0.00,,0,,,,,,,,,,0.6297,2022-04-12T12:34:00+00:00,1252,2729
summary,2022-04-14,NVDA,,,,,,,0.00,,0,,,,,,,,,,0.9090,2022-04-11T13:47:00+00:00,1065,2799
summary,2022-04-14,MSFT,,,,,,,0.00,,0,,,,,,,,,,0.6276,2022-04-12T12:33:00+00:00,553,2254
summary,2022-04-15,SPY,,,,,,,0.00,,0,,,,,,,,,,0.8706,2022-04-12T13:53:00+00:00,797,2189
summary,2022-04-15,QQQ,,,,,,,0.00,,0,,,,,,,,,,0.9010,2022-04-12T13:53:00+00:00,820,2276
summary,2022-04-15,AAPL,,,,,,,0.00,,0,,,,,,,,,,0.9383,2022-04-12T13:45:00+00:00,856,2084
summary,2022-04-15,NVDA,,,,,,,0.00,,0,,,,,,,,,,0.9354,2022-04-12T13:52:00+00:00,838,2162
summary,2022-04-15,MSFT,,,,,,,0.00,,0,,,,,,,,,,0.9416,2022-04-12T13:45:00+00:00,508,1658
trade,2022-04-18,SPY,Long,2022-04-18T14:44:00+00:00,2022-04-18T14:52:00+00:00,439.3268,438.5634,0.68,-0.52,-0.001738,480000,ScoreExit,0.2306,-0.0582,0.2121,0.1447,0.4084,-0.4988,-0.0887,0.1497,,,
summary,2022-04-18,SPY,,,,,,,-0.52,,1,,,,,,,,,,0.5285,2022-04-18T17:49:00+00:00,257,632
trade,2022-04-18,QQQ,Long,2022-04-18T14:13:00+00:00,2022-04-18T15:10:00+00:00,339.6569,339.2682,0.88,-0.34,-0.001144,3420000,ScoreExit,0.4863,-0.0694,0.5620,0.3220,0.7897,-0.4040,-0.1916,0.2865,,,
summary,2022-04-18,QQQ,,,,,,,-0.34,,1,,,,,,,,,,0.6635,2022-04-18T17:49:00+00:00,342,672
trade,2022-04-18,AAPL,Long,2022-04-18T13:32:00+00:00,2022-04-18T13:52:00+00:00,164.8945,164.8755,1.82,-0.03,-0.000115,1200000,ScoreExit,0.4404,-0.0875,0.5617,0.2792,0.7221,-0.3949,-0.1583,0.1564,,,
trade,2022-04-18,AAPL,Long,2022-04-18T14:14:00+00:00,2022-04-18T15:08:00+00:00,165.5146,165.3404,1.81,-0.32,-0.001053,3240000,ScoreExit,0.4955,-0.0853,0.5467,0.3175,0.8345,-0.4449,-0.2090,0.2818,,,
summary,2022-04-18,AAPL,,,,,,,-0.35,,2,,,,,,,,,,0.6395,2022-04-18T14:44:00+00:00,290,584
trade,2022-04-18,NVDA,Long,2022-04-18T13:31:00+00:00,2022-04-18T15:16:00+00:00,213.9115,215.6853,1.40,2.49,0.008292,6300000,ScoreExit,0.6552,-0.1381,0.5246,0.5575,0.8940,-0.5684,-0.3791,0.4874,,,
summary,2022-04-18,NVDA,,,,,,,2.49,,1,,,,,,,,,,0.8024,2022-04-18T17:44:00+00:00,292,578
trade,2022-04-18,MSFT,Long,2022-04-18T13:33:00+00:00,2022-04-18T14:55:00+00:00,281.1293,281.0057,1.07,-0.13,-0.000440,4920000,MaxHoldTimeout,0.5543,0.0373,0.6097,0.4226,0.7992,-0.5550,-0.0657,0.4409,,,
summary,2022-04-18,MSFT,,,,,,,-0.13,,1,,,,,,,,,,0.8715,2022-04-18T11:14:00+00:00,235,500
trade,2022-04-19,SPY,Long,2022-04-19T14:35:00+00:00,2022-04-19T15:56:00+00:00,442.9578,443.7518,0.68,0.54,0.001792,4860000,SessionClose,0.4580,0.0772,0.2947,0.4195,0.5893,-0.3376,-0.1009,0.5717,,,
summary,2022-04-19,SPY,,,,,,,0.54,,1,,,,,,,,,,0.5691,2022-04-19T14:09:00+00:00,910,1503
trade,2022-04-19,QQQ,Long,2022-04-19T14:01:00+00:00,2022-04-19T15:56:00+00:00,341.4073,345.3214,0.88,3.44,0.011465,6900000,SessionClose,0.5965,0.1248,0.5189,0.5518,0.7117,-0.4505,-0.0715,0.7091,,,
summary,2022-04-19,QQQ,,,,,,,3.44,,1,,,,,,,,,,0.6635,2022-04-18T17:49:00+00:00,1019,1569
trade,2022-04-19,AAPL,Long,2022-04-19T14:15:00+00:00,2022-04-19T15:56:00+00:00,166.3149,167.0949,1.80,1.41,0.004690,6060000,SessionClose,0.4733,0.0527,0.3171,0.4322,0.6077,-0.5147,-0.1351,0.6175,,,
summary,2022-04-19,AAPL,,,,,,,1.41,,1,,,,,,,,,,0.6395,2022-04-18T14:44:00+00:00,898,1356
trade,2022-04-19,NVDA,Long,2022-04-19T14:01:00+00:00,2022-04-19T15:56:00+00:00,217.9804,222.9481,1.38,6.85,0.022790,6900000,SessionClose,0.5443,0.1277,0.6199,0.3705,0.8666,-0.5182,-0.1354,0.8693,,,
summary,2022-04-19,NVDA,,,,,,,6.85,,1,,,,,,,,,,0.8024,2022-04-18T17:44:00+00:00,924,1346
trade,2022-04-19,MSFT,Long,2022-04-19T14:26:00+00:00,2022-04-19T15:56:00+00:00,283.6290,284.4696,1.06,0.89,0.002964,5400000,SessionClose,0.4247,0.1074,-0.2717,0.4365,0.6335,-0.1826,-0.1100,0.6388,,,
summary,2022-04-19,MSFT,,,,,,,0.89,,1,,,,,,,,,,0.8715,2022-04-18T11:14:00+00:00,730,1113
summary,2022-04-20,SPY,,,,,,,0.00,,0,,,,,,,,,,0.5691,2022-04-19T14:09:00+00:00,1497,2364
summary,2022-04-20,QQQ,,,,,,,0.00,,0,,,,,,,,,,0.6635,2022-04-18T17:49:00+00:00,1522,2500
summary,2022-04-20,AAPL,,,,,,,0.00,,0,,,,,,,,,,0.6395,2022-04-18T14:44:00+00:00,1397,2165
summary,2022-04-20,NVDA,,,,,,,0.00,,0,,,,,,,,,,0.8024,2022-04-18T17:44:00+00:00,1177,2137
trade,2022-04-20,MSFT,Long,2022-04-20T14:26:00+00:00,2022-04-20T15:16:00+00:00,287.5312,286.9289,1.04,-0.63,-0.002095,3000000,ScoreExit,0.2563,-0.1304,0.1007,0.1920,0.4366,-0.3018,-0.3518,0.3696,,,
summary,2022-04-20,MSFT,,,,,,,-0.63,,1,,,,,,,,,,0.8715,2022-04-18T11:14:00+00:00,1159,1761
summary,2022-04-21,SPY,,,,,,,0.00,,0,,,,,,,,,,0.5637,2022-04-19T14:09:00+00:00,1849,2965
summary,2022-04-21,QQQ,,,,,,,0.00,,0,,,,,,,,,,0.8942,2022-04-18T14:25:00+00:00,1774,3079
summary,2022-04-21,AAPL,,,,,,,0.00,,0,,,,,,,,,,1.0000,2022-04-18T13:33:00+00:00,1770,2733
summary,2022-04-21,NVDA,,,,,,,0.00,,0,,,,,,,,,,1.0000,2022-04-18T13:33:00+00:00,1286,2742
trade,2022-04-21,MSFT,Long,2022-04-21T13:56:00+00:00,2022-04-21T14:41:00+00:00,292.0026,290.7977,1.03,-1.24,-0.004126,2700000,ScoreExit,0.2971,-0.0656,-0.5968,0.3417,0.5059,-0.3712,-0.2164,0.3377,,,
summary,2022-04-21,MSFT,,,,,,,-1.24,,1,,,,,,,,,,1.0000,2022-04-18T13:33:00+00:00,1346,2223
summary,2022-04-22,SPY,,,,,,,0.00,,0,,,,,,,,,,0.9566,2022-04-19T14:41:00+00:00,1350,2919
summary,2022-04-22,QQQ,,,,,,,0.00,,0,,,,,,,,,,0.9585,2022-04-19T14:41:00+00:00,1129,3061
summary,2022-04-22,AAPL,,,,,,,0.00,,0,,,,,,,,,,0.9575,2022-04-19T14:41:00+00:00,1331,2759
summary,2022-04-22,NVDA,,,,,,,0.00,,0,,,,,,,,,,0.9614,2022-04-19T14:41:00+00:00,716,2792
summary,2022-04-22,MSFT,,,,,,,0.00,,0,,,,,,,,,,0.9584,2022-04-19T14:40:00+00:00,1095,2219
summary,2022-04-25,SPY,,,,,,,0.00,,0,,,,,,,,,,0.4781,2022-04-25T19:53:00+00:00,115,1202
summary,2022-04-25,QQQ,,,,,,,0.00,,0,,,,,,,,,,0.6606,2022-04-22T14:06:00+00:00,127,1213
summary,2022-04-25,AAPL,,,,,,,0.00,,0,,,,,,,,,,1.0000,2022-04-22T13:33:00+00:00,213,1173
trade,2022-04-25,NVDA,Long,2022-04-25T14:37:00+00:00,2022-04-25T15:02:00+00:00,198.4345,194.5466,1.29,-5.03,-0.019593,1500000,ScoreExit,0.6222,-0.0558,0.5916,0.4917,0.8934,-0.4448,-0.1016,0.1655,,,
summary,2022-04-25,NVDA,,,,,,,-5.03,,1,,,,,,,,,,0.9364,2022-04-22T13:33:00+00:00,443,1159
trade,2022-04-25,MSFT,Long,2022-04-25T14:51:00+00:00,2022-04-25T14:56:00+00:00,276.9481,275.6723,1.08,-1.38,-0.004607,300000,ScoreExit,0.1176,-0.0643,-0.2406,0.0296,0.4128,-0.5410,-0.0944,0.1549,,,
summary,2022-04-25,MSFT,,,,,,,-1.38,,1,,,,,,,,,,0.7835,2022-04-22T13:33:00+00:00,279,1032
summary,2022-04-26,SPY,,,,,,,0.00,,0,,,,,,,,,,0.6646,2022-04-25T18:51:00+00:00,731,1544
summary,2022-04-26,QQQ,,,,,,,0.00,,0,,,,,,,,,,0.7093,2022-04-25T14:31:00+00:00,806,1584
summary,2022-04-26,AAPL,,,,,,,0.00,,0,,,,,,,,,,0.6726,2022-04-25T18:53:00+00:00,598,1434
summary,2022-04-26,NVDA,,,,,,,0.00,,0,,,,,,,,,,0.8315,2022-04-25T14:31:00+00:00,639,1377
summary,2022-04-26,MSFT,,,,,,,0.00,,0,,,,,,,,,,0.7308,2022-04-25T14:31:00+00:00,610,1225
summary,2022-04-27,SPY,,,,,,,0.00,,0,,,,,,,,,,0.6646,2022-04-25T18:51:00+00:00,841,2487
summary,2022-04-27,QQQ,,,,,,,0.00,,0,,,,,,,,,,0.7093,2022-04-25T14:31:00+00:00,891,2533
summary,2022-04-27,AAPL,,,,,,,0.00,,0,,,,,,,,,,0.6726,2022-04-25T18:53:00+00:00,679,2323
summary,2022-04-27,NVDA,,,,,,,0.00,,0,,,,,,,,,,0.8315,2022-04-25T14:31:00+00:00,766,2210
trade,2022-04-27,MSFT,Long,2022-04-27T14:21:00+00:00,2022-04-27T15:56:00+00:00,281.4694,286.1491,0.91,4.26,0.016626,5700000,SessionClose,0.2250,-0.0407,0.4368,0.0016,0.6012,-0.5371,-0.2722,0.5879,,,
summary,2022-04-27,MSFT,,,,,,,4.26,,1,,,,,,,,,,0.8666,2022-04-26T22:06:00+00:00,1239,2113
summary,2022-04-28,SPY,,,,,,,0.00,,0,,,,,,,,,,0.8612,2022-04-25T14:37:00+00:00,1207,3086
summary,2022-04-28,QQQ,,,,,,,0.00,,0,,,,,,,,,,0.9067,2022-04-25T14:25:00+00:00,1331,3148
summary,2022-04-28,AAPL,,,,,,,0.00,,0,,,,,,,,,,0.9055,2022-04-25T14:26:00+00:00,1323,2924
summary,2022-04-28,NVDA,,,,,,,0.00,,0,,,,,,,,,,1.0000,2022-04-25T13:31:00+00:00,1117,2778
summary,2022-04-28,MSFT,,,,,,,0.00,,0,,,,,,,,,,0.9456,2022-04-25T14:49:00+00:00,1686,2661
summary,2022-04-29,SPY,,,,,,,0.00,,0,,,,,,,,,,0.5557,2022-04-27T13:48:00+00:00,1257,3122
summary,2022-04-29,QQQ,,,,,,,0.00,,0,,,,,,,,,,0.6879,2022-04-27T13:48:00+00:00,1342,3200
summary,2022-04-29,AAPL,,,,,,,0.00,,0,,,,,,,,,,0.7035,2022-04-29T13:59:00+00:00,1528,3091
summary,2022-04-29,NVDA,,,,,,,0.00,,0,,,,,,,,,,0.8312,2022-04-27T13:44:00+00:00,1309,2872
summary,2022-04-29,MSFT,,,,,,,0.00,,0,,,,,,,,,,0.9561,2022-04-26T22:06:00+00:00,1436,2713
summary,2022-05-02,SPY,,,,,,,0.00,,0,,,,,,,,,,0.7756,2022-04-29T13:59:00+00:00,92,1162
summary,2022-05-02,QQQ,,,,,,,0.00,,0,,,,,,,,,,0.9079,2022-04-29T13:56:00+00:00,102,1181
summary,2022-05-02,AAPL,,,,,,,0.00,,0,,,,,,,,,,1.0000,2022-04-29T13:32:00+00:00,114,1141
trade,2022-05-02,NVDA,Long,2022-05-02T14:31:00+00:00,2022-05-02T14:57:00+00:00,191.3923,188.5141,1.36,-3.90,-0.015038,1560000,ScoreExit,0.5754,-0.0519,0.6782,0.3605,0.9711,-0.4442,-0.1791,0.3333,,,
summary,2022-05-02,NVDA,,,,,,,-3.90,,1,,,,,,,,,,1.0000,2022-04-29T13:33:00+00:00,392,1095
trade,2022-05-02,MSFT,Long,2022-05-02T14:41:00+00:00,2022-05-02T15:01:00+00:00,281.7495,279.7311,1.07,-2.15,-0.007164,1200000,ScoreExit,0.3685,-0.0661,0.0810,0.3115,0.5783,-0.5219,-0.1135,0.1807,,,
summary,2022-05-02,MSFT,,,,,,,-2.15,,1,,,,,,,,,,0.7417,2022-05-02T19:32:00+00:00,205,1010
trade,2022-05-03,SPY,Long,2022-05-03T13:56:00+00:00,2022-05-03T15:56:00+00:00,414.5243,417.6396,0.72,2.25,0.007515,7200000,SessionClose,0.2341,0.2616,-0.0196,0.1533,0.4805,0.2133,0.1043,0.5923,,,
summary,2022-05-03,SPY,,,,,,,2.25,,1,,,,,,,,,,0.7883,2022-05-02T19:32:00+00:00,905,1509
trade,2022-05-03,QQQ,Long,2022-05-03T13:56:00+00:00,2022-05-03T14:41:00+00:00,317.4982,317.3948,0.95,-0.10,-0.000326,2700000,ScoreExit,0.3172,-0.0755,0.1065,0.2319,0.5580,-0.5780,-0.2343,0.4096,,,
summary,2022-05-03,QQQ,,,,,,,-0.10,,1,,,,,,,,,,0.7469,2022-05-02T19:34:00+00:00,937,1565
trade,2022-05-03,AAPL,Long,2022-05-03T13:56:00+00:00,2022-05-03T15:56:00+00:00,157.2822,159.5471,1.91,4.32,0.014401,7200000,SessionClose,0.2404,0.3261,0.0746,0.1449,0.4869,0.4835,0.1399,0.6460,,,
summary,2022-05-03,AAPL,,,,,,,4.32,,1,,,,,,,,,,0.7710,2022-05-02T19:32:00+00:00,889,1447
trade,2022-05-03,NVDA,Long,2022-05-03T13:56:00+00:00,2022-05-03T14:41:00+00:00,193.6826,194.1867,1.55,0.78,0.002603,2700000,ScoreExit,0.3760,-0.0767,0.3025,0.2330,0.6865,-0.5885,-0.2540,0.4483,,,
summary,2022-05-03,NVDA,,,,,,,0.78,,1,,,,,,,,,,0.8626,2022-05-02T13:43:00+00:00,937,1360
summary,2022-05-03,MSFT,,,,,,,0.00,,0,,,,,,,,,,0.7449,2022-05-02T19:32:00+00:00,689,1134
summary,2022-05-04,SPY,,,,,,,0.00,,0,,,,,,,,,,0.7883,2022-05-02T19:32:00+00:00,1481,2308
summary,2022-05-04,QQQ,,,,,,,0.00,,0,,,,,,,,,,0.7469,2022-05-02T19:34:00+00:00,1458,2390
summary,2022-05-04,AAPL,,,,,,,0.00,,0,,,,,,,,,,0.7710,2022-05-02T19:32:00+00:00,1480,2197
summary,2022-05-04,NVDA,,,,,,,0.00,,0,,,,,,,,,,0.8626,2022-05-02T13:43:00+00:00,1410,2167
summary,2022-05-04,MSFT,,,,,,,0.00,,0,,,,,,,,,,0.7449,2022-05-02T19:32:00+00:00,989,1677
summary,2022-05-05,SPY,,,,,,,0.00,,0,,,,,,,,,,0.9070,2022-05-02T14:25:00+00:00,1822,2969
summary,2022-05-05,QQQ,,,,,,,0.00,,0,,,,,,,,,,0.9329,2022-05-02T13:43:00+00:00,1791,3020
summary,2022-05-05,AAPL,,,,,,,0.00,,0,,,,,,,,,,0.9150,2022-05-02T14:30:00+00:00,1725,2748
summary,2022-05-05,NVDA,,,,,,,0.00,,0,,,,,,,,,,1.0000,2022-05-02T13:39:00+00:00,1655,2737
summary,2022-05-05,MSFT,,,,,,,0.00,,0,,,,,,,,,,0.9281,2022-05-02T13:43:00+00:00,1104,2148
summary,2022-05-06,SPY,,,,,,,0.00,,0,,,,,,,,,,0.7830,2022-05-04T19:12:00+00:00,1306,3000
summary,2022-05-06,QQQ,,,,,,,0.00,,0,,,,,,,,,,0.9070,2022-05-03T14:00:00+00:00,1287,3045
summary,2022-05-06,AAPL,,,,,,,0.00,,0,,,,,,,,,,0.8963,2022-05-03T14:01:00+00:00,1463,2795
summary,2022-05-06,NVDA,,,,,,,0.00,,0,,,,,,,,,,0.9289,2022-05-03T14:00:00+00:00,1126,2753
summary,2022-05-06,MSFT,,,,,,,0.00,,0,,,,,,,,,,0.7718,2022-05-04T19:31:00+00:00,637,2199
summary,2022-05-09,SPY,,,,,,,0.00,,0,,,,,,,,,,0.9629,2022-05-06T14:47:00+00:00,272,1201
summary,2022-05-09,QQQ,,,,,,,0.00,,0,,,,,,,,,,0.9632,2022-05-06T14:46:00+00:00,181,1199
summary,2022-05-09,AAPL,,,,,,,0.00,,0,,,,,,,,,,0.9553,2022-05-06T14:58:00+00:00,233,1183
summary,2022-05-09,NVDA,,,,,,,0.00,,0,,,,,,,,,,0.9733,2022-05-06T14:49:00+00:00,374,1125
summary,2022-05-09,MSFT,,,,,,,0.00,,0,,,,,,,,,,0.9608,2022-05-06T14:58:00+00:00,192,1036
summary,2022-05-10,SPY,,,,,,,0.00,,0,,,,,,,,,,0.7060,2022-05-10T17:49:00+00:00,528,1613
summary,2022-05-10,QQQ,,,,,,,0.00,,0,,,,,,,,,,0.7302,2022-05-10T17:49:00+00:00,531,1656
trade,2022-05-10,AAPL,Long,2022-05-10T14:10:00+00:00,2022-05-10T14:46:00+00:00,155.9818,155.0585,1.92,-1.78,-0.005919,2160000,ScoreExit,0.1869,-0.0760,-0.1151,0.0781,0.5051,0.0404,-0.3859,0.5051,,,
summary,2022-05-10,AAPL,,,,,,,-1.78,,1,,,,,,,,,,0.6862,2022-05-10T17:49:00+00:00,606,1559
trade,2022-05-10,NVDA,Long,2022-05-10T13:56:00+00:00,2022-05-10T14:46:00+00:00,175.0575,176.0822,1.57,1.61,0.005853,3000000,ScoreExit,0.4480,-0.2227,0.6257,0.2531,0.7786,-0.5176,-0.4807,0.3917,,,
summary,2022-05-10,NVDA,,,,,,,1.61,,1,,,,,,,,,,0.8312,2022-05-10T18:03:00+00:00,657,1511
trade,2022-05-10,MSFT,Long,2022-05-10T13:56:00+00:00,2022-05-10T14:38:00+00:00,271.0263,270.4938,1.11,-0.59,-0.001965,2520000,ScoreExit,0.3461,-0.0615,0.4163,0.1497,0.7154,-0.3695,-0.2124,0.3430,,,
summary,2022-05-10,MSFT,,,,,,,-0.59,,1,,,,,,,,,,0.7588,2022-05-10T17:47:00+00:00,532,1314
summary,2022-05-11,SPY,,,,,,,0.00,,0,,,,,,,,,,0.7060,2022-05-10T17:49:00+00:00,836,2496
summary,2022-05-11,QQQ,,,,,,,0.00,,0,,,,,,,,,,0.7302,2022-05-10T17:49:00+00:00,902,2562
summary,2022-05-11,AAPL,,,,,,,0.00,,0,,,,,,,,,,0.6862,2022-05-10T17:49:00+00:00,905,2368
summary,2022-05-11,NVDA,,,,,,,0.00,,0,,,,,,,,,,0.8312,2022-05-10T18:03:00+00:00,978,2290
summary,2022-05-11,MSFT,,,,,,,0.00,,0,,,,,,,,,,0.7588,2022-05-10T17:47:00+00:00,704,1971
summary,2022-05-12,SPY,,,,,,,0.00,,0,,,,,,,,,,0.6525,2022-05-10T17:49:00+00:00,866,3105
summary,2022-05-12,QQQ,,,,,,,0.00,,0,,,,,,,,,,0.8767,2022-05-09T13:38:00+00:00,1026,3179
summary,2022-05-12,AAPL,,,,,,,0.00,,0,,,,,,,,,,0.6973,2022-05-10T17:49:00+00:00,917,2997
summary,2022-05-12,NVDA,,,,,,,0.00,,0,,,,,,,,,,1.0000,2022-05-09T13:41:00+00:00,849,2864
summary,2022-05-12,MSFT,,,,,,,0.00,,0,,,,,,,,,,0.7714,2022-05-10T17:47:00+00:00,721,2522
trade,2022-05-13,SPY,Long,2022-05-13T14:41:00+00:00,2022-05-13T15:56:00+00:00,400.9197,401.4245,0.75,0.38,0.001259,4500000,SessionClose,0.1127,0.2574,-0.4834,0.0182,0.5005,0.4810,0.1020,0.4938,,,
summary,2022-05-13,SPY,,,,,,,0.38,,1,,,,,,,,,,0.8063,2022-05-10T17:49:00+00:00,1179,3089
trade,2022-05-13,QQQ,Long,2022-05-13T13:48:00+00:00,2022-05-13T15:49:00+00:00,297.2541,300.7048,1.01,3.48,0.011608,7260000,MaxHoldTimeout,0.2719,0.2184,0.3196,0.1508,0.4982,-0.1170,0.0901,0.5868,,,
summary,2022-05-13,QQQ,,,,,,,3.48,,1,,,,,,,,,,0.9038,2022-05-10T14:04:00+00:00,1280,3179
summary,2022-05-13,AAPL,,,,,,,0.00,,0,,,,,,,,,,0.8422,2022-05-10T14:06:00+00:00,870,3030
trade,2022-05-13,NVDA,Long,2022-05-13T14:16:00+00:00,2022-05-13T15:56:00+00:00,172.8195,176.9419,1.71,7.04,0.023854,6000000,SessionClose,0.4571,0.4226,0.2061,0.4280,0.5990,0.5306,0.3218,0.5883,,,
summary,2022-05-13,NVDA,,,,,,,7.04,,1,,,,,,,,,,0.9448,2022-05-10T13:57:00+00:00,1098,2848
summary,2022-05-13,MSFT,,,,,,,0.00,,0,,,,,,,,,,0.9006,2022-05-10T14:03:00+00:00,719,2492
summary,2022-05-16,SPY,,,,,,,0.00,,0,,,,,,,,,,0.9111,2022-05-13T14:54:00+00:00,744,1146
summary,2022-05-16,QQQ,,,,,,,0.00,,0,,,,,,,,,,0.9576,2022-05-13T14:54:00+00:00,763,1167
summary,2022-05-16,AAPL,,,,,,,0.00,,0,,,,,,,,,,0.9584,2022-05-13T14:54:00+00:00,731,1115
trade,2022-05-16,NVDA,Long,2022-05-16T13:54:00+00:00,2022-05-16T14:46:00+00:00,176.0278,174.9025,1.62,-1.82,-0.006393,3120000,ScoreExit,0.4393,-0.0939,0.5794,0.2435,0.7841,-0.5147,-0.1667,0.1919,,,
summary,2022-05-16,NVDA,,,,,,,-1.82,,1,,,,,,,,,,0.9669,2022-05-13T13:46:00+00:00,821,1073
summary,2022-05-16,MSFT,,,,,,,0.00,,0,,,,,,,,,,0.9103,2022-05-13T13:53:00+00:00,590,957
trade,2022-05-17,SPY,Long,2022-05-17T13:34:00+00:00,2022-05-17T13:36:00+00:00,406.2268,405.2334,0.74,-0.73,-0.002446,120000,ScoreExit,0.1357,-0.0950,-0.0157,0.0052,0.4472,-0.5727,-0.2864,0.4472,,,
summary,2022-05-17,SPY,,,,,,,-0.73,,1,,,,,,,,,,0.6228,2022-05-17T08:38:00+00:00,962,1521
summary,2022-05-17,QQQ,,,,,,,0.00,,0,,,,,,,,,,0.6626,2022-05-17T08:16:00+00:00,892,1582
summary,2022-05-17,AAPL,,,,,,,0.00,,0,,,,,,,,,,0.8292,2022-05-16T09:15:00+00:00,975,1469
summary,2022-05-17,NVDA,,,,,,,0.00,,0,,,,,,,,,,0.8505,2022-05-17T08:16:00+00:00,816,1343
summary,2022-05-17,MSFT,,,,,,,0.00,,0,,,,,,,,,,0.8647,2022-05-16T09:04:00+00:00,824,1156
summary,2022-05-18,SPY,,,,,,,0.00,,0,,,,,,,,,,0.6228,2022-05-17T08:38:00+00:00,1192,2371
summary,2022-05-18,QQQ,,,,,,,0.00,,0,,,,,,,,,,0.6626,2022-05-17T08:16:00+00:00,1125,2438
summary,2022-05-18,AAPL,,,,,,,0.00,,0,,,,,,,,,,0.8292,2022-05-16T09:15:00+00:00,1196,2259
summary,2022-05-18,NVDA,,,,,,,0.00,,0,,,,,,,,,,0.8505,2022-05-17T08:16:00+00:00,1082,2117
summary,2022-05-18,MSFT,,,,,,,0.00,,0,,,,,,,,,,0.8647,2022-05-16T09:04:00+00:00,945,1777
summary,2022-05-19,SPY,,,,,,,0.00,,0,,,,,,,,,,0.8060,2022-05-16T14:29:00+00:00,1031,3038
summary,2022-05-19,QQQ,,,,,,,0.00,,0,,,,,,,,,,0.8875,2022-05-16T14:17:00+00:00,1148,3092
summary,2022-05-19,AAPL,,,,,,,0.00,,0,,,,,,,,,,0.8902,2022-05-16T13:43:00+00:00,1057,2949
summary,2022-05-19,NVDA,,,,,,,0.00,,0,,,,,,,,,,1.0000,2022-05-16T13:39:00+00:00,1329,2774
summary,2022-05-19,MSFT,,,,,,,0.00,,0,,,,,,,,,,0.7618,2022-05-16T14:29:00+00:00,1086,2393
summary,2022-05-20,SPY,,,,,,,0.00,,0,,,,,,,,,,0.5965,2022-05-17T19:04:00+00:00,729,3024
summary,2022-05-20,QQQ,,,,,,,0.00,,0,,,,,,,,,,0.6432,2022-05-17T19:04:00+00:00,778,3062
summary,2022-05-20,AAPL,,,,,,,0.00,,0,,,,,,,,,,0.6778,2022-05-17T13:33:00+00:00,531,2973
summary,2022-05-20,NVDA,,,,,,,0.00,,0,,,,,,,,,,1.0000,2022-05-17T13:33:00+00:00,1047,2792
summary,2022-05-20,MSFT,,,,,,,0.00,,0,,,,,,,,,,0.9309,2022-05-17T13:45:00+00:00,540,2346
trade,2022-05-23,SPY,Long,2022-05-23T13:41:00+00:00,2022-05-23T14:01:00+00:00,392.1726,391.1776,0.76,-0.76,-0.002537,1200000,ScoreExit,0.2038,-0.0784,-0.0436,0.0540,0.5860,-0.6213,-0.3483,0.6423,,,
trade,2022-05-23,SPY,Long,2022-05-23T14:17:00+00:00,2022-05-23T15:56:00+00:00,392.2226,396.3761,0.76,3.18,0.010589,5940000,SessionClose,0.2784,0.3077,0.1272,0.1217,0.6423,0.3324,0.0971,0.7207,,,
summary,2022-05-23,SPY,,,,,,,2.41,,2,,,,,,,,,,0.7967,2022-05-20T19:58:00+00:00,733,1174
trade,2022-05-23,QQQ,Long,2022-05-23T13:41:00+00:00,2022-05-23T14:01:00+00:00,289.3118,288.1085,1.04,-1.25,-0.004159,1200000,ScoreExit,0.3138,-0.1078,0.1266,0.2082,0.5872,-0.6483,-0.3784,0.6134,,,
trade,2022-05-23,QQQ,Long,2022-05-23T14:17:00+00:00,2022-05-23T15:56:00+00:00,288.7416,292.1873,1.04,3.58,0.011934,5940000,SessionClose,0.2144,0.3707,0.0979,0.0343,0.6134,0.3620,0.1900,0.7349,,,
summary,2022-05-23,QQQ,,,,,,,2.33,,2,,,,,,,,,,0.8237,2022-05-20T19:58:00+00:00,761,1200
trade,2022-05-23,AAPL,Long,2022-05-23T13:31:00+00:00,2022-05-23T15:32:00+00:00,138.6666,141.1376,2.16,5.34,0.017820,7260000,MaxHoldTimeout,0.5452,0.5266,0.5719,0.3821,0.8626,0.0069,0.3890,0.9752,,,
summary,2022-05-23,AAPL,,,,,,,5.34,,1,,,,,,,,,,0.9332,2022-05-20T13:43:00+00:00,810,1162
trade,2022-05-23,NVDA,Long,2022-05-23T13:42:00+00:00,2022-05-23T14:42:00+00:00,165.0045,163.9658,1.82,-1.89,-0.006295,3600000,ScoreExit,0.5680,-0.0580,0.5805,0.4549,0.7899,-0.3696,-0.2264,0.3825,,,
summary,2022-05-23,NVDA,,,,,,,-1.89,,1,,,,,,,,,,0.8803,2022-05-20T19:55:00+00:00,657,1114
trade,2022-05-23,MSFT,Long,2022-05-23T14:16:00+00:00,2022-05-23T15:56:00+00:00,256.5319,259.6971,1.17,3.70,0.012338,6000000,SessionClose,0.4271,0.4121,0.5829,0.2116,0.8060,0.2118,0.2211,0.8608,,,
summary,2022-05-23,MSFT,,,,,,,3.70,,1,,,,,,,,,,0.8657,2022-05-20T13:54:00+00:00,627,1029
summary,2022-05-24,SPY,,,,,,,0.00,,0,,,,,,,,,,0.6350,2022-05-23T15:03:00+00:00,646,1579
summary,2022-05-24,QQQ,,,,,,,0.00,,0,,,,,,,,,,0.6576,2022-05-23T15:33:00+00:00,561,1629
summary,2022-05-24,AAPL,,,,,,,0.00,,0,,,,,,,,,,0.7516,2022-05-23T13:48:00+00:00,839,1521
summary,2022-05-24,NVDA,,,,,,,0.00,,0,,,,,,,,,,0.7918,2022-05-23T13:47:00+00:00,624,1408
summary,2022-05-24,MSFT,,,,,,,0.00,,0,,,,,,,,,,0.8109,2022-05-23T09:37:00+00:00,736,1215
summary,2022-05-25,SPY,,,,,,,0.00,,0,,,,,,,,,,0.6350,2022-05-23T15:03:00+00:00,1195,2447
summary,2022-05-25,QQQ,,,,,,,0.00,,0,,,,,,,,,,0.6576,2022-05-23T15:33:00+00:00,1008,2542
summary,2022-05-25,AAPL,,,,,,,0.00,,0,,,,,,,,,,0.7516,2022-05-23T13:48:00+00:00,1156,2370
trade,2022-05-25,NVDA,Long,2022-05-25T14:21:00+00:00,2022-05-25T15:05:00+00:00,165.8447,164.3257,1.77,-2.68,-0.009159,2640000,ScoreExit,0.3902,-0.0821,0.2092,0.3122,0.6066,-0.5286,-0.3409,0.5843,,,
summary,2022-05-25,NVDA,,,,,,,-2.68,,1,,,,,,,,,,0.7918,2022-05-23T13:47:00+00:00,1102,2229
summary,2022-05-25,MSFT,,,,,,,0.00,,0,,,,,,,,,,0.8109,2022-05-23T09:37:00+00:00,1192,1860
trade,2022-05-26,SPY,Long,2022-05-26T13:31:00+00:00,2022-05-26T15:32:00+00:00,398.7946,404.3137,0.75,4.15,0.013839,7260000,MaxHoldTimeout,0.3029,0.0407,-0.1557,0.3003,0.4608,0.1048,-0.1805,0.4616,,,
summary,2022-05-26,SPY,,,,,,,4.15,,1,,,,,,,,,,0.9598,2022-05-23T15:03:00+00:00,1759,3025
trade,2022-05-26,QQQ,Long,2022-05-26T13:31:00+00:00,2022-05-26T15:32:00+00:00,290.5621,297.6957,1.03,7.37,0.024551,7260000,MaxHoldTimeout,0.2383,0.0883,-0.3950,0.1972,0.5318,0.0453,-0.1419,0.5632,,,
summary,2022-05-26,QQQ,,,,,,,7.37,,1,,,,,,,,,,0.9024,2022-05-23T13:45:00+00:00,1740,3138
trade,2022-05-26,AAPL,Long,2022-05-26T14:31:00+00:00,2022-05-26T15:56:00+00:00,141.1273,142.8521,2.13,3.67,0.012222,5100000,SessionClose,0.2992,0.2771,-0.5141,0.3158,0.5371,0.4503,0.0955,0.5828,,,
summary,2022-05-26,AAPL,,,,,,,3.67,,1,,,,,,,,,,1.0000,2022-05-23T13:40:00+00:00,1374,2983
trade,2022-05-26,NVDA,Long,2022-05-26T14:36:00+00:00,2022-05-26T15:56:00+00:00,172.8068,176.4820,1.62,5.96,0.021268,4800000,SessionClose,0.4338,0.3390,0.0210,0.4077,0.6237,0.1010,0.2397,0.6168,,,
summary,2022-05-26,NVDA,,,,,,,5.96,,1,,,,,,,,,,1.0000,2022-05-23T13:35:00+00:00,1837,2925
trade,2022-05-26,MSFT,Long,2022-05-26T13:37:00+00:00,2022-05-26T15:26:00+00:00,262.4937,265.0954,1.14,2.98,0.009912,6540000,ScoreExit,0.1675,-0.0806,0.1464,0.0525,0.4046,-0.5069,-0.2524,0.4051,,,
summary,2022-05-26,MSFT,,,,,,,2.98,,1,,,,,,,,,,0.9806,2022-05-23T13:41:00+00:00,1549,2318
trade,2022-05-27,SPY,Long,2022-05-27T14:26:00+00:00,2022-05-27T15:56:00+00:00,411.9986,412.3912,0.73,0.29,0.000953,5400000,SessionClose,0.2977,0.3768,-0.0763,0.2650,0.4880,0.3115,0.3028,0.5467,,,
summary,2022-05-27,SPY,,,,,,,0.29,,1,,,,,,,,,,0.7085,2022-05-24T16:14:00+00:00,2331,2955
trade,2022-05-27,QQQ,Long,2022-05-27T14:05:00+00:00,2022-05-27T15:56:00+00:00,305.6867,306.8929,0.98,1.19,0.003946,6660000,SessionClose,0.4708,0.3895,0.2499,0.4426,0.6010,0.2287,0.2915,0.6392,,,
summary,2022-05-27,QQQ,,,,,,,1.19,,1,,,,,,,,,,0.7256,2022-05-24T16:14:00+00:00,2465,3072
trade,2022-05-27,AAPL,Long,2022-05-27T14:26:00+00:00,2022-05-27T15:56:00+00:00,148.3795,148.5304,2.03,0.31,0.001017,5400000,SessionClose,0.2740,0.3938,-0.0202,0.1952,0.5297,0.1393,0.3388,0.5886,,,
summary,2022-05-27,AAPL,,,,,,,0.31,,1,,,,,,,,,,0.7468,2022-05-24T16:14:00+00:00,1936,2923
trade,2022-05-27,NVDA,Long,2022-05-27T14:21:00+00:00,2022-05-27T15:01:00+00:00,186.2258,184.3042,1.62,-3.11,-0.010319,2400000,ScoreExit,0.4566,-0.0527,0.1938,0.4234,0.6107,-0.5071,-0.3252,0.6437,,,
summary,2022-05-27,NVDA,,,,,,,-3.11,,1,,,,,,,,,,0.9594,2022-05-24T13:32:00+00:00,2190,2954
summary,2022-05-27,MSFT,,,,,,,0.00,,0,,,,,,,,,,1.0000,2022-05-24T13:32:00+00:00,1747,2261
summary,2022-05-30,SPY,,,,,,,0.00,,0,,,,,,,,,,0.7955,2022-05-27T14:23:00+00:00,475,504
summary,2022-05-30,QQQ,,,,,,,0.00,,0,,,,,,,,,,0.8876,2022-05-27T14:21:00+00:00,483,503
summary,2022-05-30,AAPL,,,,,,,0.00,,0,,,,,,,,,,0.8949,2022-05-27T14:12:00+00:00,496,509
summary,2022-05-30,NVDA,,,,,,,0.00,,0,,,,,,,,,,1.0000,2022-05-27T13:32:00+00:00,441,497
summary,2022-05-30,MSFT,,,,,,,0.00,,0,,,,,,,,,,1.0000,2022-05-27T13:36:00+00:00,364,467
trade,2022-05-31,SPY,Long,2022-05-31T14:47:00+00:00,2022-05-31T15:11:00+00:00,413.5590,412.0813,0.73,-1.07,-0.003573,1440000,ScoreExit,0.4209,-0.0900,0.5533,0.2242,0.7702,-0.4955,-0.1237,0.1126,,,
summary,2022-05-31,SPY,,,,,,,-1.07,,1,,,,,,,,,,0.6773,2022-05-31T16:02:00+00:00,338,709
trade,2022-05-31,QQQ,Long,2022-05-31T14:44:00+00:00,2022-05-31T15:17:00+00:00,307.9774,306.8829,0.97,-1.07,-0.003554,1980000,ScoreExit,0.5459,-0.0640,0.4913,0.4418,0.7721,-0.3375,-0.0865,0.0723,,,
summary,2022-05-31,QQQ,,,,,,,-1.07,,1,,,,,,,,,,0.7131,2022-05-31T16:04:00+00:00,402,711
summary,2022-05-31,AAPL,,,,,,,0.00,,0,,,,,,,,,,0.7020,2022-05-31T16:03:00+00:00,346,673
trade,2022-05-31,NVDA,Long,2022-05-31T14:26:00+00:00,2022-05-31T15:13:00+00:00,187.2512,187.1488,1.60,-0.16,-0.000546,2820000,ScoreExit,0.4763,-0.1105,0.5961,0.2622,0.8644,-0.5333,-0.1391,0.0875,,,
summary,2022-05-31,NVDA,,,,,,,-0.16,,1,,,,,,,,,,0.7451,2022-05-31T08:42:00+00:00,328,653
summary,2022-05-31,MSFT,,,,,,,0.00,,0,,,,,,,,,,0.7581,2022-05-31T08:31:00+00:00,322,559
summary,2022-06-01,SPY,,,,,,,0.00,,0,,,,,,,,,,0.6773,2022-05-31T16:02:00+00:00,795,1565
summary,2022-06-01,QQQ,,,,,,,0.00,,0,,,,,,,,,,0.7131,2022-05-31T16:04:00+00:00,892,1581
summary,2022-06-01,AAPL,,,,,,,0.00,,0,,,,,,,,,,0.7020,2022-05-31T16:03:00+00:00,806,1458
trade,2022-06-01,NVDA,Long,2022-06-01T14:59:00+00:00,2022-06-01T15:56:00+00:00,187.9714,183.7898,1.59,-6.67,-0.022246,3420000,SessionClose,0.1616,0.0000,0.1608,0.0295,0.4262,-0.4169,-0.5289,-0.3452,,,
summary,2022-06-01,NVDA,,,,,,,-6.67,,1,,,,,,,,,,0.7451,2022-05-31T08:42:00+00:00,627,1413
summary,2022-06-01,MSFT,,,,,,,0.00,,0,,,,,,,,,,0.7581,2022-05-31T08:31:00+00:00,655,1164
summary,2022-06-02,SPY,,,,,,,0.00,,0,,,,,,,,,,0.6773,2022-05-31T16:02:00+00:00,1156,2413
summary,2022-06-02,QQQ,,,,,,,0.00,,0,,,,,,,,,,0.7131,2022-05-31T16:04:00+00:00,1307,2465
summary,2022-06-02,AAPL,,,,,,,0.00,,0,,,,,,,,,,0.7020,2022-05-31T16:03:00+00:00,1153,2229
trade,2022-06-02,NVDA,Long,2022-06-02T14:21:00+00:00,2022-06-02T15:56:00+00:00,189.9420,193.6969,1.58,5.92,0.019769,5700000,SessionClose,0.4335,0.1411,-0.3053,0.4573,0.6323,-0.5866,-0.0101,0.6860,,,
summary,2022-06-02,NVDA,,,,,,,5.92,,1,,,,,,,,,,0.7557,2022-06-02T14:13:00+00:00,996,2150
summary,2022-06-02,MSFT,,,,,,,0.00,,0,,,,,,,,,,0.7581,2022-05-31T08:31:00+00:00,943,1738
summary,2022-06-03,SPY,,,,,,,0.00,,0,,,,,,,,,,0.8846,2022-05-31T15:03:00+00:00,1270,2939
summary,2022-06-03,QQQ,,,,,,,0.00,,0,,,,,,,,,,0.9539,2022-05-31T15:04:00+00:00,1550,3044
summary,2022-06-03,AAPL,,,,,,,0.00,,0,,,,,,,,,,0.8162,2022-05-31T14:44:00+00:00,1212,2773
summary,2022-06-03,NVDA,,,,,,,0.00,,0,,,,,,,,,,0.9569,2022-05-31T14:46:00+00:00,1160,2706
summary,2022-06-03,MSFT,,,,,,,0.00,,0,,,,,,,,,,0.7699,2022-05-31T16:04:00+00:00,1113,2276
trade,2022-06-06,SPY,Long,2022-06-06T13:56:00+00:00,2022-06-06T15:09:00+00:00,414.6978,415.6403,0.72,0.68,0.002273,4380000,ScoreExit,0.3128,-0.0641,0.2637,0.2214,0.5121,-0.5100,-0.2471,0.4507,,,
summary,2022-06-06,SPY,,,,,,,0.68,,1,,,,,,,,,,0.7151,2022-06-06T08:11:00+00:00,532,1136
trade,2022-06-06,QQQ,Long,2022-06-06T13:56:00+00:00,2022-06-06T15:06:00+00:00,310.3181,311.3516,0.97,1.00,0.003330,4200000,ScoreExit,0.3236,-0.0925,0.3390,0.1995,0.5665,-0.3853,-0.3314,0.4829,,,
summary,2022-06-06,QQQ,,,,,,,1.00,,1,,,,,,,,,,0.7975,2022-06-03T14:01:00+00:00,475,1174
trade,2022-06-06,AAPL,Long,2022-06-06T13:35:00+00:00,2022-06-06T15:06:00+00:00,147.8994,147.9106,2.03,0.02,0.000076,5460000,ScoreExit,0.4573,-0.1108,0.4029,0.3815,0.6272,-0.5026,-0.3321,0.4623,,,
summary,2022-06-06,AAPL,,,,,,,0.02,,1,,,,,,,,,,0.8253,2022-06-03T14:00:00+00:00,425,1135
trade,2022-06-06,NVDA,Long,2022-06-06T13:56:00+00:00,2022-06-06T15:06:00+00:00,190.4324,191.0677,1.58,1.00,0.003336,4200000,ScoreExit,0.3161,-0.1324,0.4539,0.1169,0.6688,-0.4378,-0.4081,0.5208,,,
summary,2022-06-06,NVDA,,,,,,,1.00,,1,,,,,,,,,,1.0000,2022-06-03T13:31:00+00:00,369,1061
trade,2022-06-06,MSFT,Long,2022-06-06T13:35:00+00:00,2022-06-06T14:57:00+00:00,273.3470,273.2430,1.10,-0.11,-0.000380,4920000,MaxHoldTimeout,0.3485,0.2345,0.2942,0.2522,0.5594,-0.3927,0.1677,0.5771,,,
trade,2022-06-06,MSFT,Long,2022-06-06T14:59:00+00:00,2022-06-06T15:06:00+00:00,273.5420,273.4729,1.10,-0.08,-0.000253,420000,ScoreExit,0.2750,-0.0752,0.0122,0.1677,0.5771,-0.3733,-0.2743,0.4222,,,
summary,2022-06-06,MSFT,,,,,,,-0.19,,2,,,,,,,,,,1.0000,2022-06-03T13:32:00+00:00,263,951
summary,2022-06-07,SPY,,,,,,,0.00,,0,,,,,,,,,,0.5008,2022-06-07T14:48:00+00:00,483,1473
trade,2022-06-07,QQQ,Long,2022-06-07T14:51:00+00:00,2022-06-07T15:21:00+00:00,309.5797,308.1125,0.97,-1.42,-0.004739,1800000,ScoreExit,0.4507,-0.0630,0.2482,0.4163,0.5870,-0.4760,-0.1872,0.3232,,,
summary,2022-06-07,QQQ,,,,,,,-1.42,,1,,,,,,,,,,0.6340,2022-06-06T08:00:00+00:00,537,1522
trade,2022-06-07,AAPL,Long,2022-06-07T14:06:00+00:00,2022-06-07T15:29:00+00:00,146.9291,147.0359,2.04,0.22,0.000727,4980000,ScoreExit,0.4505,-0.0559,0.4610,0.3562,0.6356,-0.5283,-0.3012,0.5923,,,
summary,2022-06-07,AAPL,,,,,,,0.22,,1,,,,,,,,,,0.5683,2022-06-07T14:04:00+00:00,567,1432
summary,2022-06-07,NVDA,,,,,,,0.00,,0,,,,,,,,,,0.8249,2022-06-06T08:44:00+00:00,460,1294
trade,2022-06-07,MSFT,Long,2022-06-07T14:51:00+00:00,2022-06-07T15:47:00+00:00,271.7465,270.3639,1.10,-1.53,-0.005088,3360000,ScoreExit,0.4048,-0.0530,0.0997,0.3674,0.5814,0.0451,-0.3352,0.4787,,,
summary,2022-06-07,MSFT,,,,,,,-1.53,,1,,,,,,,,,,0.5829,2022-06-06T14:00:00+00:00,445,1113
summary,2022-06-08,SPY,,,,,,,0.00,,0,,,,,,,,,,0.5008,2022-06-07T14:48:00+00:00,853,2306
summary,2022-06-08,QQQ,,,,,,,0.00,,0,,,,,,,,,,0.6340,2022-06-06T08:00:00+00:00,887,2351
summary,2022-06-08,AAPL,,,,,,,0.00,,0,,,,,,,,,,0.5683,2022-06-07T14:04:00+00:00,1055,2185
trade,2022-06-08,NVDA,Long,2022-06-08T13:41:00+00:00,2022-06-08T14:56:00+00:00,188.9717,190.1679,1.59,1.90,0.006330,4500000,ScoreExit,0.1962,-0.0856,0.1502,0.0946,0.4149,-0.3926,-0.2277,0.3011,,,
summary,2022-06-08,NVDA,,,,,,,1.90,,1,,,,,,,,,,0.8249,2022-06-06T08:44:00+00:00,744,1991
summary,2022-06-08,MSFT,,,,,,,0.00,,0,,,,,,,,,,0.5829,2022-06-06T14:00:00+00:00,717,1652
summary,2022-06-09,SPY,,,,,,,0.00,,0,,,,,,,,,,0.7230,2022-06-06T14:49:00+00:00,805,2857
summary,2022-06-09,QQQ,,,,,,,0.00,,0,,,,,,,,,,0.8778,2022-06-06T14:06:00+00:00,853,2886
summary,2022-06-09,AAPL,,,,,,,0.00,,0,,,,,,,,,,0.7820,2022-06-06T14:41:00+00:00,1158,2697
summary,2022-06-09,NVDA,,,,,,,0.00,,0,,,,,,,,,,0.9051,2022-06-06T14:03:00+00:00,731,2483
summary,2022-06-09,MSFT,,,,,,,0.00,,0,,,,,,,,,,0.9062,2022-06-06T14:00:00+00:00,911,2051
summary,2022-06-10,SPY,,,,,,,0.00,,0,,,,,,,,,,0.9559,2022-06-07T14:42:00+00:00,925,2917
summary,2022-06-10,QQQ,,,,,,,0.00,,0,,,,,,,,,,0.9567,2022-06-07T14:42:00+00:00,1164,2929
summary,2022-06-10,AAPL,,,,,,,0.00,,0,,,,,,,,,,1.0000,2022-06-07T13:35:00+00:00,1144,2692
summary,2022-06-10,NVDA,,,,,,,0.00,,0,,,,,,,,,,1.0000,2022-06-07T13:37:00+00:00,865,2487
summary,2022-06-10,MSFT,,,,,,,0.00,,0,,,,,,,,,,1.0000,2022-06-07T13:40:00+00:00,917,2050
summary,2022-06-13,SPY,,,,,,,0.00,,0,,,,,,,,,,0.5146,2022-06-10T18:58:00+00:00,138,1209
summary,2022-06-13,QQQ,,,,,,,0.00,,0,,,,,,,,,,0.5317,2022-06-10T19:27:00+00:00,185,1202
summary,2022-06-13,AAPL,,,,,,,0.00,,0,,,,,,,,,,0.6075,2022-06-10T13:31:00+00:00,341,1187
summary,2022-06-13,NVDA,,,,,,,0.00,,0,,,,,,,,,,0.9463,2022-06-10T13:45:00+00:00,269,1151
summary,2022-06-13,MSFT,,,,,,,0.00,,0,,,,,,,,,,0.3927,2022-06-10T19:27:00+00:00,133,1059
summary,2022-06-14,SPY,,,,,,,0.00,,0,,,,,,,,,,0.6393,2022-06-13T16:38:00+00:00,433,1621
summary,2022-06-14,QQQ,,,,,,,0.00,,0,,,,,,,,,,0.6641,2022-06-13T16:38:00+00:00,536,1638
summary,2022-06-14,AAPL,,,,,,,0.00,,0,,,,,,,,,,0.6315,2022-06-13T13:59:00+00:00,748,1530
summary,2022-06-14,NVDA,,,,,,,0.00,,0,,,,,,,,,,0.8562,2022-06-13T08:08:00+00:00,604,1456
summary,2022-06-14,MSFT,,,,,,,0.00,,0,,,,,,,,,,0.6234,2022-06-13T16:38:00+00:00,571,1272
summary,2022-06-15,SPY,,,,,,,0.00,,0,,,,,,,,,,0.6393,2022-06-13T16:38:00+00:00,849,2506
summary,2022-06-15,QQQ,,,,,,,0.00,,0,,,,,,,,,,0.6641,2022-06-13T16:38:00+00:00,1120,2519
summary,2022-06-15,AAPL,,,,,,,0.00,,0,,,,,,,,,,0.6315,2022-06-13T13:59:00+00:00,1377,2328
trade,2022-06-15,NVDA,Long,2022-06-15T14:46:00+00:00,2022-06-15T15:56:00+00:00,160.8435,162.4506,1.86,2.99,0.009992,4200000,SessionClose,0.1239,0.3648,-0.3695,0.0094,0.5175,0.3378,0.2619,0.5794,,,
summary,2022-06-15,NVDA,,,,,,,2.99,,1,,,,,,,,,,0.8562,2022-06-13T08:08:00+00:00,1248,2181
summary,2022-06-15,MSFT,,,,,,,0.00,,0,,,,,,,,,,0.6345,2022-06-15T18:44:00+00:00,1082,1867
summary,2022-06-16,SPY,,,,,,,0.00,,0,,,,,,,,,,0.6408,2022-06-13T16:38:00+00:00,1121,3122
summary,2022-06-16,QQQ,,,,,,,0.00,,0,,,,,,,,,,0.8271,2022-06-13T13:37:00+00:00,1192,3149
summary,2022-06-16,AAPL,,,,,,,0.00,,0,,,,,,,,,,0.9230,2022-06-13T13:43:00+00:00,1362,2923
summary,2022-06-16,NVDA,,,,,,,0.00,,0,,,,,,,,,,1.0000,2022-06-13T13:32:00+00:00,1369,2728
summary,2022-06-16,MSFT,,,,,,,0.00,,0,,,,,,,,,,1.0000,2022-06-13T13:36:00+00:00,1076,2352
summary,2022-06-17,SPY,,,,,,,0.00,,0,,,,,,,,,,0.8371,2022-06-14T14:02:00+00:00,871,3138
summary,2022-06-17,QQQ,,,,,,,0.00,,0,,,,,,,,,,0.9053,2022-06-14T14:02:00+00:00,1180,3140
summary,2022-06-17,AAPL,,,,,,,0.00,,0,,,,,,,,,,0.8893,2022-06-14T13:58:00+00:00,1225,2938
summary,2022-06-17,NVDA,,,,,,,0.00,,0,,,,,,,,,,0.9131,2022-06-14T14:02:00+00:00,1336,2710
summary,2022-06-17,MSFT,,,,,,,0.00,,0,,,,,,,,,,0.7147,2022-06-14T14:49:00+00:00,1285,2332
summary,2022-06-20,SPY,,,,,,,0.00,,0,,,,,,,,,,0.9873,2022-06-17T13:41:00+00:00,302,508
summary,2022-06-20,QQQ,,,,,,,0.00,,0,,,,,,,,,,1.0000,2022-06-17T13:41:00+00:00,400,495
summary,2022-06-20,AAPL,,,,,,,0.00,,0,,,,,,,,,,1.0000,2022-06-17T13:33:00+00:00,387,503
summary,2022-06-20,NVDA,,,,,,,0.00,,0,,,,,,,,,,1.0000,2022-06-17T13:32:00+00:00,330,453
summary,2022-06-20,MSFT,,,,,,,0.00,,0,,,,,,,,,,1.0000,2022-06-17T13:32:00+00:00,352,445
trade,2022-06-21,SPY,Long,2022-06-21T13:41:00+00:00,2022-06-21T15:37:00+00:00,374.0472,374.9025,0.80,0.69,0.002287,6960000,ScoreExit,0.6070,-0.1377,0.5986,0.4776,0.8684,-0.5390,-0.3220,0.3648,,,
summary,2022-06-21,SPY,,,,,,,0.69,,1,,,,,,,,,,0.6665,2022-06-21T14:04:00+00:00,363,681
trade,2022-06-21,QQQ,Long,2022-06-21T13:36:00+00:00,2022-06-21T15:37:00+00:00,280.7792,282.4602,1.07,1.80,0.005987,7260000,MaxHoldTimeout,0.6636,-0.0442,0.6207,0.5026,1.0000,-0.5369,-0.3208,0.6733,,,
summary,2022-06-21,QQQ,,,,,,,1.80,,1,,,,,,,,,,0.7219,2022-06-21T14:04:00+00:00,285,708
trade,2022-06-21,AAPL,Long,2022-06-21T13:34:00+00:00,2022-06-21T15:35:00+00:00,134.6254,136.6240,2.23,4.45,0.014846,7260000,MaxHoldTimeout,0.6522,0.2955,0.5635,0.4930,1.0000,0.1791,-0.0373,1.0000,,,
summary,2022-06-21,AAPL,,,,,,,4.45,,1,,,,,,,,,,0.7560,2022-06-21T08:02:00+00:00,314,659
summary,2022-06-21,NVDA,,,,,,,0.00,,0,,,,,,,,,,0.8284,2022-06-21T14:00:00+00:00,355,625
trade,2022-06-21,MSFT,Long,2022-06-21T13:34:00+00:00,2022-06-21T15:35:00+00:00,251.6405,253.8788,1.19,2.67,0.008895,7260000,MaxHoldTimeout,0.6010,0.2616,0.6065,0.4006,1.0000,0.4036,-0.0243,0.7860,,,
summary,2022-06-21,MSFT,,,,,,,2.67,,1,,,,,,,,,,0.8100,2022-06-21T08:00:00+00:00,302,532
trade,2022-06-22,SPY,Long,2022-06-22T14:41:00+00:00,2022-06-22T15:43:00+00:00,377.7583,376.3721,0.79,-1.10,-0.003670,3720000,ScoreExit,0.3870,-0.0608,0.2410,0.2719,0.6657,-0.3223,-0.2956,0.4958,,,
summary,2022-06-22,SPY,,,,,,,-1.10,,1,,,,,,,,,,0.6665,2022-06-21T14:04:00+00:00,802,1587
trade,2022-06-22,QQQ,Long,2022-06-22T14:01:00+00:00,2022-06-22T15:41:00+00:00,281.8145,283.6199,1.07,1.92,0.006406,6000000,ScoreExit,0.5037,-0.0870,0.4279,0.4327,0.6711,-0.4342,-0.3518,0.5582,,,
summary,2022-06-22,QQQ,,,,,,,1.92,,1,,,,,,,,,,0.7219,2022-06-21T14:04:00+00:00,676,1585
trade,2022-06-22,AAPL,Long,2022-06-22T14:02:00+00:00,2022-06-22T15:15:00+00:00,135.6757,136.2241,2.21,1.21,0.004042,4380000,ScoreExit,0.3751,-0.0559,0.1541,0.3342,0.5304,-0.4902,-0.2307,0.4386,,,
summary,2022-06-22,AAPL,,,,,,,1.21,,1,,,,,,,,,,0.7560,2022-06-21T08:02:00+00:00,739,1485
summary,2022-06-22,NVDA,,,,,,,0.00,,0,,,,,,,,,,0.8284,2022-06-21T14:00:00+00:00,660,1341
trade,2022-06-22,MSFT,Long,2022-06-22T14:01:00+00:00,2022-06-22T15:41:00+00:00,254.1112,256.4380,1.18,2.75,0.009157,6000000,ScoreExit,0.5761,-0.0541,0.4336,0.4929,0.7901,-0.4014,-0.3127,0.5787,,,
summary,2022-06-22,MSFT,,,,,,,2.75,,1,,,,,,,,,,0.8100,2022-06-21T08:00:00+00:00,679,1126
summary,2022-06-23,SPY,,,,,,,0.00,,0,,,,,,,,,,0.6665,2022-06-21T14:04:00+00:00,1223,2487
summary,2022-06-23,QQQ,,,,,,,0.00,,0,,,,,,,,,,0.7219,2022-06-21T14:04:00+00:00,1145,2493
trade,2022-06-23,AAPL,Long,2022-06-23T14:08:00+00:00,2022-06-23T15:31:00+00:00,137.0661,137.6938,2.19,1.38,0.004579,4980000,ScoreExit,0.2220,-0.0661,0.1820,0.1353,0.4087,-0.5248,-0.1831,0.3210,,,
summary,2022-06-23,AAPL,,,,,,,1.38,,1,,,,,,,,,,0.7560,2022-06-21T08:02:00+00:00,1206,2314
summary,2022-06-23,NVDA,,,,,,,0.00,,0,,,,,,,,,,0.8284,2022-06-21T14:00:00+00:00,781,2091
trade,2022-06-23,MSFT,Long,2022-06-23T14:04:00+00:00,2022-06-23T15:32:00+00:00,256.1419,256.9879,1.17,0.99,0.003303,5280000,ScoreExit,0.3133,-0.0596,0.1876,0.2615,0.4589,-0.5526,-0.1610,0.3075,,,
summary,2022-06-23,MSFT,,,,,,,0.99,,1,,,,,,,,,,0.8100,2022-06-21T08:00:00+00:00,1079,1709
summary,2022-06-24,SPY,,,,,,,0.00,,0,,,,,,,,,,0.9465,2022-06-21T14:55:00+00:00,1809,3075
summary,2022-06-24,QQQ,,,,,,,0.00,,0,,,,,,,,,,1.0000,2022-06-21T13:36:00+00:00,1736,3065
trade,2022-06-24,AAPL,Long,2022-06-24T14:11:00+00:00,2022-06-24T14:41:00+00:00,141.2873,140.3329,2.13,-2.03,-0.006755,1800000,ScoreExit,0.2524,-0.0545,0.1937,0.1591,0.4587,-0.4464,-0.2458,0.4587,,,
summary,2022-06-24,AAPL,,,,,,,-2.03,,1,,,,,,,,,,1.0000,2022-06-21T13:33:00+00:00,1740,2845
trade,2022-06-24,NVDA,Long,2022-06-24T13:56:00+00:00,2022-06-24T15:16:00+00:00,166.2450,168.4045,1.80,3.90,0.012990,4800000,ScoreExit,0.2685,-0.0958,-0.1589,0.2531,0.4418,-0.5951,-0.3561,0.5912,,,
summary,2022-06-24,NVDA,,,,,,,3.90,,1,,,,,,,,,,1.0000,2022-06-21T13:34:00+00:00,1158,2572
summary,2022-06-24,MSFT,,,,,,,0.00,,0,,,,,,,,,,1.0000,2022-06-21T13:33:00+00:00,1520,2170
summary,2022-06-27,SPY,,,,,,,0.00,,0,,,,,,,,,,0.9567,2022-06-24T15:03:00+00:00,956,1182
summary,2022-06-27,QQQ,,,,,,,0.00,,0,,,,,,,,,,0.9007,2022-06-24T14:02:00+00:00,868,1189
trade,2022-06-27,AAPL,Long,2022-06-27T14:02:00+00:00,2022-06-27T15:56:00+00:00,141.9976,142.8521,2.11,1.81,0.006018,6840000,SessionClose,0.3212,0.3962,0.1213,0.2193,0.5917,0.2347,0.3164,0.6095,,,
summary,2022-06-27,AAPL,,,,,,,1.81,,1,,,,,,,,,,0.9193,2022-06-24T13:36:00+00:00,718,1144
trade,2022-06-27,NVDA,Long,2022-06-27T14:37:00+00:00,2022-06-27T15:56:00+00:00,168.3655,170.5838,1.78,3.95,0.013176,4740000,SessionClose,0.2785,0.1710,0.0316,0.2181,0.4816,-0.5050,-0.1308,1.0000,,,
summary,2022-06-27,NVDA,,,,,,,3.95,,1,,,,,,,,,,1.0000,2022-06-24T13:41:00+00:00,851,1063
summary,2022-06-27,MSFT,,,,,,,0.00,,0,,,,,,,,,,1.0000,2022-06-24T13:32:00+00:00,415,1008
trade,2022-06-28,SPY,Long,2022-06-28T13:56:00+00:00,2022-06-28T14:03:00+00:00,392.4977,391.4675,0.76,-0.79,-0.002625,420000,ScoreExit,0.1653,-0.0723,-0.2538,0.0965,0.4426,-0.5020,-0.1681,0.2626,,,
summary,2022-06-28,SPY,,,,,,,-0.79,,1,,,,,,,,,,0.5268,2022-06-27T15:24:00+00:00,484,1509
summary,2022-06-28,QQQ,,,,,,,0.00,,0,,,,,,,,,,0.5347,2022-06-27T14:57:00+00:00,410,1534
summary,2022-06-28,AAPL,,,,,,,0.00,,0,,,,,,,,,,0.5213,2022-06-27T15:59:00+00:00,475,1384
summary,2022-06-28,NVDA,,,,,,,0.00,,0,,,,,,,,,,0.8712,2022-06-27T08:08:00+00:00,419,1212
summary,2022-06-28,MSFT,,,,,,,0.00,,0,,,,,,,,,,0.4307,2022-06-27T14:56:00+00:00,141,1053
summary,2022-06-29,SPY,,,,,,,0.00,,0,,,,,,,,,,0.5268,2022-06-27T15:24:00+00:00,484,2366
summary,2022-06-29,QQQ,,,,,,,0.00,,0,,,,,,,,,,0.5347,2022-06-27T14:57:00+00:00,410,2416
summary,2022-06-29,AAPL,,,,,,,0.00,,0,,,,,,,,,,0.5213,2022-06-27T15:59:00+00:00,716,2164
summary,2022-06-29,NVDA,,,,,,,0.00,,0,,,,,,,,,,0.8712,2022-06-27T08:08:00+00:00,419,1944
summary,2022-06-29,MSFT,,,,,,,0.00,,0,,,,,,,,,,0.5710,2022-06-29T14:03:00+00:00,380,1616
summary,2022-06-30,SPY,,,,,,,0.00,,0,,,,,,,,,,0.8862,2022-06-27T14:57:00+00:00,540,2944
summary,2022-06-30,QQQ,,,,,,,0.00,,0,,,,,,,,,,0.9347,2022-06-27T14:57:00+00:00,480,2985
summary,2022-06-30,AAPL,,,,,,,0.00,,0,,,,,,,,,,0.8555,2022-06-27T14:57:00+00:00,547,2678
summary,2022-06-30,NVDA,,,,,,,0.00,,0,,,,,,,,,,0.9583,2022-06-27T14:50:00+00:00,423,2533
summary,2022-06-30,MSFT,,,,,,,0.00,,0,,,,,,,,,,0.7832,2022-06-27T14:56:00+00:00,507,2074
summary,2022-07-01,SPY,,,,,,,0.00,,0,,,,,,,,,,0.6508,2022-06-28T13:38:00+00:00,247,2987
summary,2022-07-01,QQQ,,,,,,,0.00,,0,,,,,,,,,,0.7391,2022-06-28T13:32:00+00:00,284,3024
summary,2022-07-01,AAPL,,,,,,,0.00,,0,,,,,,,,,,1.0000,2022-06-28T13:34:00+00:00,655,2745
summary,2022-07-01,NVDA,,,,,,,0.00,,0,,,,,,,,,,1.0000,2022-06-28T13:32:00+00:00,250,2695
summary,2022-07-01,MSFT,,,,,,,0.00,,0,,,,,,,,,,1.0000,2022-06-28T13:32:00+00:00,681,2130
summary,2022-07-04,SPY,,,,,,,0.00,,0,,,,,,,,,,0.9051,2022-07-01T13:47:00+00:00,326,488
summary,2022-07-04,QQQ,,,,,,,0.00,,0,,,,,,,,,,0.9362,2022-07-01T13:46:00+00:00,286,477
summary,2022-07-04,AAPL,,,,,,,0.00,,0,,,,,,,,,,0.9290,2022-07-01T13:46:00+00:00,341,489
summary,2022-07-04,NVDA,,,,,,,0.00,,0,,,,,,,,,,0.9022,2022-07-01T13:52:00+00:00,21,490
summary,2022-07-04,MSFT,,,,,,,0.00,,0,,,,,,,,,,0.8987,2022-07-01T13:57:00+00:00,297,431
trade,2022-07-05,SPY,Long,2022-07-05T14:39:00+00:00,2022-07-05T15:55:00+00:00,376.2378,375.5324,0.80,-0.56,-0.001875,4560000,MaxHoldTimeout,0.5169,0.4968,0.5753,0.3877,0.7558,0.5426,0.4506,0.5739,,,
summary,2022-07-05,SPY,,,,,,,-0.56,,1,,,,,,,,,,0.6557,2022-07-05T16:24:00+00:00,279,678
trade,2022-07-05,QQQ,Long,2022-07-05T14:12:00+00:00,2022-07-05T15:12:00+00:00,279.0787,278.7913,1.08,-0.31,-0.001030,3600000,ScoreExit,0.5188,-0.1569,0.5443,0.4128,0.7222,-0.5677,-0.1799,0.0261,,,
summary,2022-07-05,QQQ,,,,,,,-0.31,,1,,,,,,,,,,0.7087,2022-07-05T14:38:00+00:00,364,692
trade,2022-07-05,AAPL,Long,2022-07-05T13:46:00+00:00,2022-07-05T15:06:00+00:00,138.2215,138.4135,2.17,0.42,0.001389,4800000,ScoreExit,0.5964,-0.0579,0.5672,0.4537,0.8914,-0.5332,-0.1542,0.2933,,,
summary,2022-07-05,AAPL,,,,,,,0.42,,1,,,,,,,,,,0.6325,2022-07-05T18:35:00+00:00,360,615
trade,2022-07-05,NVDA,Long,2022-07-05T13:43:00+00:00,2022-07-05T15:44:00+00:00,142.1176,145.5312,2.11,7.21,0.024020,7260000,MaxHoldTimeout,0.4419,0.3287,0.4781,0.3190,0.6755,0.4796,-0.0320,1.0000,,,
summary,2022-07-05,NVDA,,,,,,,7.21,,1,,,,,,,,,,0.8767,2022-07-05T14:38:00+00:00,384,610
trade,2022-07-05,MSFT,Long,2022-07-05T13:49:00+00:00,2022-07-05T15:03:00+00:00,256.7570,256.5380,1.17,-0.26,-0.000853,4440000,ScoreExit,0.4342,-0.0513,0.5596,0.2535,0.7538,-0.5223,-0.0924,0.1878,,,
summary,2022-07-05,MSFT,,,,,,,-0.26,,1,,,,,,,,,,0.6374,2022-07-05T14:38:00+00:00,339,498
trade,2022-07-06,SPY,Long,2022-07-06T13:56:00+00:00,2022-07-06T14:14:00+00:00,381.5395,381.0906,0.79,-0.35,-0.001177,1080000,ScoreExit,0.1783,-0.0556,0.0385,0.0612,0.4593,-0.5340,-0.2144,0.4213,,,
trade,2022-07-06,SPY,Long,2022-07-06T14:26:00+00:00,2022-07-06T14:50:00+00:00,381.8295,380.9908,0.79,-0.66,-0.002197,1440000,ScoreExit,0.1560,-0.0746,0.0934,0.0337,0.4213,-0.5733,-0.2394,0.4213,,,
summary,2022-07-06,SPY,,,,,,,-1.01,,2,,,,,,,,,,0.6557,2022-07-05T16:24:00+00:00,963,1553
trade,2022-07-06,QQQ,Long,2022-07-06T14:06:00+00:00,2022-07-06T15:22:00+00:00,287.4412,287.3388,1.04,-0.11,-0.000356,4560000,MaxHoldTimeout,0.3453,0.1561,0.2728,0.2548,0.5505,0.2443,-0.0040,0.4470,,,
summary,2022-07-06,QQQ,,,,,,,-0.11,,1,,,,,,,,,,0.7087,2022-07-05T14:38:00+00:00,1103,1590
trade,2022-07-06,AAPL,Long,2022-07-06T14:26:00+00:00,2022-07-06T15:01:00+00:00,142.7178,142.2473,2.10,-0.99,-0.003297,2100000,ScoreExit,0.1713,-0.0655,-0.3624,0.0555,0.5808,-0.0561,-0.3443,0.4889,,,
summary,2022-07-06,AAPL,,,,,,,-0.99,,1,,,,,,,,,,0.6325,2022-07-05T18:35:00+00:00,995,1382
trade,2022-07-06,NVDA,Long,2022-07-06T13:56:00+00:00,2022-07-06T14:16:00+00:00,149.3898,148.2760,2.01,-2.24,-0.007456,1200000,ScoreExit,0.2846,-0.0535,-0.0449,0.1320,0.6994,-0.5387,-0.4150,0.8312,,,
trade,2022-07-06,NVDA,Long,2022-07-06T14:36:00+00:00,2022-07-06T15:31:00+00:00,148.7996,149.4772,2.02,1.37,0.004554,3300000,ScoreExit,0.2858,-0.0552,0.0921,0.0453,0.8312,-0.6024,-0.2790,0.5746,,,
summary,2022-07-06,NVDA,,,,,,,-0.87,,2,,,,,,,,,,0.8767,2022-07-05T14:38:00+00:00,1064,1367
trade,2022-07-06,MSFT,Long,2022-07-06T14:36:00+00:00,2022-07-06T15:27:00+00:00,264.4893,263.9758,1.13,-0.58,-0.001942,3060000,ScoreExit,0.1726,-0.0822,-0.3417,0.0380,0.6133,-0.5459,-0.3128,0.5334,,,
summary,2022-07-06,MSFT,,,,,,,-0.58,,1,,,,,,,,,,0.6374,2022-07-05T14:38:00+00:00,836,1063
summary,2022-07-07,SPY,,,,,,,0.00,,0,,,,,,,,,,0.6557,2022-07-05T16:24:00+00:00,1684,2383
trade,2022-07-07,QQQ,Long,2022-07-07T14:45:00+00:00,2022-07-07T15:56:00+00:00,292.6588,293.4369,1.03,0.80,0.002659,4260000,SessionClose,0.2259,0.4122,0.2784,0.0561,0.5479,0.5062,0.3148,0.5756,,,
summary,2022-07-07,QQQ,,,,,,,0.80,,1,,,,,,,,,,0.7087,2022-07-05T14:38:00+00:00,1876,2450
summary,2022-07-07,AAPL,,,,,,,0.00,,0,,,,,,,,,,0.6325,2022-07-05T18:35:00+00:00,1660,2146
trade,2022-07-07,NVDA,Long,2022-07-07T14:39:00+00:00,2022-07-07T15:56:00+00:00,155.6800,157.1778,1.93,2.89,0.009621,4620000,SessionClose,0.2073,0.4966,-0.1969,0.0024,0.7520,0.3737,0.3799,0.7710,,,
summary,2022-07-07,NVDA,,,,,,,2.89,,1,,,,,,,,,,0.8767,2022-07-05T14:38:00+00:00,1757,2084
trade,2022-07-07,MSFT,Long,2022-07-07T14:36:00+00:00,2022-07-07T15:21:00+00:00,268.4655,267.9346,1.12,-0.59,-0.001978,2700000,ScoreExit,0.1283,-0.0930,-0.4455,0.0873,0.4015,-0.5176,-0.2644,0.3911,,,
summary,2022-07-07,MSFT,,,,,,,-0.59,,1,,,,,,,,,,0.6374,2022-07-05T14:38:00+00:00,1258,1616
summary,2022-07-08,SPY,,,,,,,0.00,,0,,,,,,,,,,0.8291,2022-07-05T14:38:00+00:00,2338,2958
trade,2022-07-08,QQQ,Long,2022-07-08T14:01:00+00:00,2022-07-08T15:56:00+00:00,291.3974,295.7862,1.03,4.52,0.015061,6900000,SessionClose,0.1703,0.2153,-0.5166,0.1413,0.4575,0.3729,0.0714,0.4506,,,
summary,2022-07-08,QQQ,,,,,,,4.52,,1,,,,,,,,,,0.9041,2022-07-05T14:38:00+00:00,2553,3013
summary,2022-07-08,AAPL,,,,,,,0.00,,0,,,,,,,,,,0.8972,2022-07-05T14:37:00+00:00,2231,2683
trade,2022-07-08,NVDA,Long,2022-07-08T14:01:00+00:00,2022-07-08T15:56:00+00:00,153.9512,158.6274,1.95,9.12,0.030375,6900000,SessionClose,0.1475,0.2005,-0.5876,0.0903,0.5070,0.2615,-0.0199,0.6209,,,
summary,2022-07-08,NVDA,,,,,,,9.12,,1,,,,,,,,,,0.9600,2022-07-05T14:41:00+00:00,2320,2609
summary,2022-07-08,MSFT,,,,,,,0.00,,0,,,,,,,,,,0.8990,2022-07-05T14:38:00+00:00,1644,2060
summary,2022-07-11,SPY,,,,,,,0.00,,0,,,,,,,,,,0.9440,2022-07-08T14:45:00+00:00,296,1136
summary,2022-07-11,QQQ,,,,,,,0.00,,0,,,,,,,,,,0.9555,2022-07-08T15:02:00+00:00,388,1165
summary,2022-07-11,AAPL,,,,,,,0.00,,0,,,,,,,,,,1.0000,2022-07-08T13:41:00+00:00,418,1111
summary,2022-07-11,NVDA,,,,,,,0.00,,0,,,,,,,,,,1.0000,2022-07-08T13:33:00+00:00,541,1029
summary,2022-07-11,MSFT,,,,,,,0.00,,0,,,,,,,,,,0.9578,2022-07-08T15:01:00+00:00,488,911
summary,2022-07-12,SPY,,,,,,,0.00,,0,,,,,,,,,,0.7461,2022-07-11T09:14:00+00:00,555,1494
summary,2022-07-12,QQQ,,,,,,,0.00,,0,,,,,,,,,,0.6021,2022-07-11T09:13:00+00:00,657,1556
summary,2022-07-12,AAPL,,,,,,,0.00,,0,,,,,,,,,,0.6513,2022-07-11T09:38:00+00:00,915,1370
summary,2022-07-12,NVDA,,,,,,,0.00,,0,,,,,,,,,,0.6011,2022-07-11T17:24:00+00:00,541,1285
summary,2022-07-12,MSFT,,,,,,,0.00,,0,,,,,,,,,,0.6761,2022-07-11T11:07:00+00:00,422,1021
summary,2022-07-13,SPY,,,,,,,0.00,,0,,,,,,,,,,0.7461,2022-07-11T09:14:00+00:00,684,2315
summary,2022-07-13,QQQ,,,,,,,0.00,,0,,,,,,,,,,0.6021,2022-07-11T09:13:00+00:00,891,2398
summary,2022-07-13,AAPL,,,,,,,0.00,,0,,,,,,,,,,0.6513,2022-07-11T09:38:00+00:00,1324,2099
summary,2022-07-13,NVDA,,,,,,,0.00,,0,,,,,,,,,,0.7261,2022-07-13T14:44:00+00:00,848,1958
summary,2022-07-13,MSFT,,,,,,,0.00,,0,,,,,,,,,,0.6761,2022-07-11T11:07:00+00:00,587,1678
summary,2022-07-14,SPY,,,,,,,0.00,,0,,,,,,,,,,0.5724,2022-07-11T17:39:00+00:00,501,2991
summary,2022-07-14,QQQ,,,,,,,0.00,,0,,,,,,,,,,0.6849,2022-07-11T14:41:00+00:00,756,3006
summary,2022-07-14,AAPL,,,,,,,0.00,,0,,,,,,,,,,0.9544,2022-07-11T14:40:00+00:00,1401,2650
summary,2022-07-14,NVDA,,,,,,,0.00,,0,,,,,,,,,,0.7878,2022-07-11T14:39:00+00:00,1222,2494
summary,2022-07-14,MSFT,,,,,,,0.00,,0,,,,,,,,,,0.9571,2022-07-11T14:41:00+00:00,725,2170
trade,2022-07-15,SPY,Long,2022-07-15T14:04:00+00:00,2022-07-15T15:56:00+00:00,382.5597,384.1597,0.78,1.26,0.004182,6720000,SessionClose,0.2663,-0.0370,0.0805,0.1974,0.4662,-0.4064,-0.2179,0.4480,,,
summary,2022-07-15,SPY,,,,,,,1.26,,1,,,,,,,,,,0.7124,2022-07-12T13:37:00+00:00,1163,2970
summary,2022-07-15,QQQ,,,,,,,0.00,,0,,,,,,,,,,0.7224,2022-07-12T13:38:00+00:00,1364,3004
summary,2022-07-15,AAPL,,,,,,,0.00,,0,,,,,,,,,,1.0000,2022-07-12T13:36:00+00:00,1533,2676
trade,2022-07-15,NVDA,Long,2022-07-15T14:04:00+00:00,2022-07-15T14:53:00+00:00,156.1168,155.1984,1.92,-1.76,-0.005883,2940000,ScoreExit,0.1457,-0.0646,0.0949,0.0200,0.4139,-0.4750,-0.2354,0.4139,,,
trade,2022-07-15,NVDA,Long,2022-07-15T14:56:00+00:00,2022-07-15T15:56:00+00:00,155.2715,155.9282,1.93,1.27,0.004230,3600000,ScoreExit,0.1195,-0.0634,-0.4206,0.0623,0.4139,0.0862,-0.3060,0.3718,,,
summary,2022-07-15,NVDA,,,,,,,-0.50,,2,,,,,,,,,,0.9850,2022-07-12T13:41:00+00:00,1629,2521
summary,2022-07-15,MSFT,,,,,,,0.00,,0,,,,,,,,,,0.5329,2022-07-15T14:17:00+00:00,910,2225
trade,2022-07-18,SPY,Long,2022-07-18T14:32:00+00:00,2022-07-18T14:46:00+00:00,387.9813,387.5837,0.77,-0.31,-0.001025,840000,ScoreExit,0.1652,-0.0562,0.1100,0.0368,0.4405,-0.4953,-0.2314,0.4405,,,
trade,2022-07-18,SPY,Long,2022-07-18T14:56:00+00:00,2022-07-18T15:56:00+00:00,387.8213,388.1085,0.77,0.22,0.000741,3600000,SessionClose,0.1570,0.3127,0.2300,0.0032,0.4405,0.2469,0.2526,0.4548,,,
summary,2022-07-18,SPY,,,,,,,-0.09,,2,,,,,,,,,,0.7217,2022-07-15T15:02:00+00:00,810,1154
trade,2022-07-18,QQQ,Long,2022-07-18T14:32:00+00:00,2022-07-18T14:46:00+00:00,294.8734,294.4666,1.02,-0.41,-0.001380,840000,ScoreExit,0.2067,-0.0791,0.1332,0.0759,0.4927,-0.4970,-0.2954,0.4927,,,
summary,2022-07-18,QQQ,,,,,,,-0.41,,1,,,,,,,,,,0.7166,2022-07-15T14:00:00+00:00,820,1163
trade,2022-07-18,AAPL,Long,2022-07-18T13:41:00+00:00,2022-07-18T15:42:00+00:00,150.5502,151.1546,1.99,1.20,0.004015,7260000,MaxHoldTimeout,0.1409,0.3785,-0.3757,0.0487,0.4975,0.4838,0.2883,0.5238,,,
summary,2022-07-18,AAPL,,,,,,,1.20,,1,,,,,,,,,,0.7998,2022-07-15T13:32:00+00:00,527,1103
trade,2022-07-18,NVDA,Long,2022-07-18T14:40:00+00:00,2022-07-18T15:56:00+00:00,165.5847,167.3448,1.82,3.20,0.010630,4560000,SessionClose,0.3558,0.6867,0.4261,0.0689,0.9064,0.5370,0.5549,1.0000,,,
summary,2022-07-18,NVDA,,,,,,,3.20,,1,,,,,,,,,,1.0000,2022-07-15T13:35:00+00:00,772,1112
summary,2022-07-18,MSFT,,,,,,,0.00,,0,,,,,,,,,,1.0000,2022-07-15T13:35:00+00:00,355,944
trade,2022-07-19,SPY,Long,2022-07-19T14:06:00+00:00,2022-07-19T15:56:00+00:00,386.7810,389.3332,0.78,1.98,0.006598,6600000,SessionClose,0.2570,0.2616,-0.0608,0.2003,0.4764,0.5462,0.0824,0.5252,,,
summary,2022-07-19,SPY,,,,,,,1.98,,1,,,,,,,,,,0.5009,2022-07-18T09:22:00+00:00,692,1515
trade,2022-07-19,QQQ,Long,2022-07-19T14:02:00+00:00,2022-07-19T15:56:00+00:00,293.0529,295.7063,1.02,2.72,0.009054,6840000,SessionClose,0.1871,0.2853,0.1835,0.0469,0.4687,0.3932,0.1195,0.5810,,,
summary,2022-07-19,QQQ,,,,,,,2.72,,1,,,,,,,,,,0.5696,2022-07-18T08:28:00+00:00,728,1562
summary,2022-07-19,AAPL,,,,,,,0.00,,0,,,,,,,,,,0.5339,2022-07-19T15:07:00+00:00,512,1457
trade,2022-07-19,NVDA,Long,2022-07-19T14:32:00+00:00,2022-07-19T15:56:00+00:00,164.1263,166.7150,1.83,4.74,0.015772,5040000,SessionClose,0.2624,0.3324,0.3978,0.0795,0.5830,0.0720,0.1088,0.8663,,,
summary,2022-07-19,NVDA,,,,,,,4.74,,1,,,,,,,,,,0.9436,2022-07-18T08:18:00+00:00,870,1412
summary,2022-07-19,MSFT,,,,,,,0.00,,0,,,,,,,,,,0.7113,2022-07-18T08:29:00+00:00,450,1106
trade,2022-07-20,SPY,Long,2022-07-20T14:06:00+00:00,2022-07-20T15:56:00+00:00,391.4723,395.5463,0.77,3.12,0.010407,6600000,SessionClose,0.1066,0.1839,-0.4040,0.0320,0.4262,0.1859,0.0668,0.4175,,,
summary,2022-07-20,SPY,,,,,,,3.12,,1,,,,,,,,,,0.5037,2022-07-20T14:52:00+00:00,1334,2357
trade,2022-07-20,QQQ,Long,2022-07-20T14:01:00+00:00,2022-07-20T15:56:00+00:00,298.9196,303.6439,1.00,4.74,0.015804,6900000,SessionClose,0.1474,0.1927,-0.2943,0.0322,0.5250,0.1453,0.0411,0.5118,,,
summary,2022-07-20,QQQ,,,,,,,4.74,,1,,,,,,,,,,0.5696,2022-07-18T08:28:00+00:00,1439,2479
trade,2022-07-20,AAPL,Long,2022-07-20T14:03:00+00:00,2022-07-20T15:56:00+00:00,151.3704,153.1790,1.98,3.59,0.011948,6780000,SessionClose,0.2070,0.0837,0.1883,0.0567,0.5137,-0.0419,-0.0957,0.4846,,,
summary,2022-07-20,AAPL,,,,,,,3.59,,1,,,,,,,,,,0.5339,2022-07-19T15:07:00+00:00,1160,2275
trade,2022-07-20,NVDA,Long,2022-07-20T14:01:00+00:00,2022-07-20T15:56:00+00:00,170.8762,177.7915,1.76,12.17,0.040470,6900000,SessionClose,0.4069,0.1963,-0.1833,0.3611,0.6953,0.1195,-0.0438,0.7020,,,
summary,2022-07-20,NVDA,,,,,,,12.17,,1,,,,,,,,,,0.9436,2022-07-18T08:18:00+00:00,1565,2240
trade,2022-07-20,MSFT,Long,2022-07-20T14:01:00+00:00,2022-07-20T15:56:00+00:00,260.4731,263.4559,1.15,3.44,0.011452,6900000,SessionClose,0.1558,0.3105,-0.0469,0.0250,0.4851,-0.1510,0.2942,0.4968,,,
summary,2022-07-20,MSFT,,,,,,,3.44,,1,,,,,,,,,,0.7113,2022-07-18T08:29:00+00:00,941,1744
summary,2022-07-21,SPY,,,,,,,0.00,,0,,,,,,,,,,0.5042,2022-07-20T14:52:00+00:00,1821,2962
summary,2022-07-21,QQQ,,,,,,,0.00,,0,,,,,,,,,,0.6314,2022-07-18T14:01:00+00:00,2007,3082
summary,2022-07-21,AAPL,,,,,,,0.00,,0,,,,,,,,,,0.7778,2022-07-18T14:01:00+00:00,1698,2834
summary,2022-07-21,NVDA,,,,,,,0.00,,0,,,,,,,,,,1.0000,2022-07-18T13:32:00+00:00,2053,2795
summary,2022-07-21,MSFT,,,,,,,0.00,,0,,,,,,,,,,0.8528,2022-07-18T13:37:00+00:00,1376,2284
summary,2022-07-22,SPY,,,,,,,0.00,,0,,,,,,,,,,0.9569,2022-07-19T14:51:00+00:00,2179,2927
summary,2022-07-22,QQQ,,,,,,,0.00,,0,,,,,,,,,,0.9578,2022-07-19T14:51:00+00:00,2307,3075
summary,2022-07-22,AAPL,,,,,,,0.00,,0,,,,,,,,,,0.9567,2022-07-19T14:49:00+00:00,2253,2802
summary,2022-07-22,NVDA,,,,,,,0.00,,0,,,,,,,,,,0.9583,2022-07-19T14:48:00+00:00,2021,2813
summary,2022-07-22,MSFT,,,,,,,0.00,,0,,,,,,,,,,0.9576,2022-07-19T14:51:00+00:00,1607,2317
summary,2022-07-25,SPY,,,,,,,0.00,,0,,,,,,,,,,0.5309,2022-07-22T13:39:00+00:00,344,1139
summary,2022-07-25,QQQ,,,,,,,0.00,,0,,,,,,,,,,0.8697,2022-07-22T13:50:00+00:00,104,1155
summary,2022-07-25,AAPL,,,,,,,0.00,,0,,,,,,,,,,0.7076,2022-07-22T13:50:00+00:00,155,1106
summary,2022-07-25,NVDA,,,,,,,0.00,,0,,,,,,,,,,0.6617,2022-07-22T14:54:00+00:00,251,1058
summary,2022-07-25,MSFT,,,,,,,0.00,,0,,,,,,,,,,0.6420,2022-07-22T13:51:00+00:00,101,966
summary,2022-07-26,SPY,,,,,,,0.00,,0,,,,,,,,,,0.8033,2022-07-25T09:21:00+00:00,397,1526
summary,2022-07-26,QQQ,,,,,,,0.00,,0,,,,,,,,,,0.7913,2022-07-25T09:22:00+00:00,272,1534
summary,2022-07-26,AAPL,,,,,,,0.00,,0,,,,,,,,,,0.8420,2022-07-25T09:39:00+00:00,227,1441
summary,2022-07-26,NVDA,,,,,,,0.00,,0,,,,,,,,,,0.8846,2022-07-25T08:42:00+00:00,385,1262
summary,2022-07-26,MSFT,,,,,,,0.00,,0,,,,,,,,,,0.7743,2022-07-25T10:02:00+00:00,369,1128
summary,2022-07-27,SPY,,,,,,,0.00,,0,,,,,,,,,,0.8033,2022-07-25T09:21:00+00:00,985,2395
summary,2022-07-27,QQQ,,,,,,,0.00,,0,,,,,,,,,,0.7913,2022-07-25T09:22:00+00:00,907,2439
summary,2022-07-27,AAPL,,,,,,,0.00,,0,,,,,,,,,,0.8420,2022-07-25T09:39:00+00:00,833,2266
summary,2022-07-27,NVDA,,,,,,,0.00,,0,,,,,,,,,,0.8846,2022-07-25T08:42:00+00:00,970,2046
trade,2022-07-27,MSFT,Long,2022-07-27T13:34:00+00:00,2022-07-27T15:35:00+00:00,261.6235,263.8532,1.15,2.56,0.008523,7260000,MaxHoldTimeout,0.5307,0.2812,0.4568,0.4625,0.6917,0.4147,0.0936,0.6117,,,
summary,2022-07-27,MSFT,,,,,,,2.56,,1,,,,,,,,,,0.9105,2022-07-26T22:08:00+00:00,1043,1983
trade,2022-07-28,SPY,Long,2022-07-28T14:44:00+00:00,2022-07-28T15:56:00+00:00,399.5248,403.9438,0.75,3.32,0.011061,4320000,SessionClose,0.1808,0.1495,-0.0651,0.1062,0.4120,-0.1289,0.0187,0.5040,,,
summary,2022-07-28,SPY,,,,,,,3.32,,1,,,,,,,,,,0.5480,2022-07-27T19:04:00+00:00,1573,2964
summary,2022-07-28,QQQ,,,,,,,0.00,,0,,,,,,,,,,0.5596,2022-07-27T18:44:00+00:00,1497,3049
summary,2022-07-28,AAPL,,,,,,,0.00,,0,,,,,,,,,,0.5896,2022-07-25T13:32:00+00:00,1369,2860
trade,2022-07-28,NVDA,Long,2022-07-28T14:46:00+00:00,2022-07-28T15:56:00+00:00,175.0374,179.1412,1.72,7.06,0.023446,4200000,SessionClose,0.1531,0.1975,-0.0291,0.0370,0.4459,0.0349,0.0238,0.5992,,,
summary,2022-07-28,NVDA,,,,,,,7.06,,1,,,,,,,,,,0.9315,2022-07-25T13:46:00+00:00,1648,2588
summary,2022-07-28,MSFT,,,,,,,0.00,,0,,,,,,,,,,0.9518,2022-07-26T22:08:00+00:00,1446,2476
summary,2022-07-29,SPY,,,,,,,0.00,,0,,,,,,,,,,0.6028,2022-07-26T22:09:00+00:00,2140,2953
summary,2022-07-29,QQQ,,,,,,,0.00,,0,,,,,,,,,,0.6517,2022-07-26T22:09:00+00:00,2229,3080
trade,2022-07-29,AAPL,Long,2022-07-29T13:36:00+00:00,2022-07-29T15:01:00+00:00,159.9030,162.3963,1.88,4.68,0.015593,5100000,ScoreExit,0.1913,-0.0891,-0.6022,0.1573,0.5239,-0.5313,-0.3083,0.4967,,,
summary,2022-07-29,AAPL,,,,,,,4.68,,1,,,,,,,,,,0.7374,2022-07-28T20:38:00+00:00,2276,2968
summary,2022-07-29,NVDA,,,,,,,0.00,,0,,,,,,,,,,0.8857,2022-07-26T13:56:00+00:00,1872,2659
trade,2022-07-29,MSFT,Long,2022-07-29T13:33:00+00:00,2022-07-29T15:01:00+00:00,277.8483,279.4112,1.08,1.69,0.005625,5280000,ScoreExit,0.2311,-0.0919,0.1170,0.0933,0.5449,-0.5118,-0.3113,0.4870,,,
summary,2022-07-29,MSFT,,,,,,,1.69,,1,,,,,,,,,,0.9748,2022-07-26T22:08:00+00:00,1910,2589
trade,2022-08-01,SPY,Long,2022-08-01T14:57:00+00:00,2022-08-01T15:19:00+00:00,413.1189,411.6815,0.73,-1.04,-0.003479,1320000,ScoreExit,0.3332,-0.0600,0.1329,0.3001,0.4660,-0.5624,-0.1354,0.2582,,,
summary,2022-08-01,SPY,,,,,,,-1.04,,1,,,,,,,,,,0.8733,2022-07-29T14:27:00+00:00,705,1101
trade,2022-08-01,QQQ,Long,2022-08-01T14:01:00+00:00,2022-08-01T15:56:00+00:00,316.6500,317.8696,0.95,1.16,0.003852,6900000,SessionClose,0.4739,0.1515,0.4122,0.4193,0.6035,-0.2893,0.0048,0.5920,,,
summary,2022-08-01,QQQ,,,,,,,1.16,,1,,,,,,,,,,0.9514,2022-07-29T14:44:00+00:00,836,1126
trade,2022-08-01,AAPL,Long,2022-08-01T14:01:00+00:00,2022-08-01T15:17:00+00:00,163.0492,162.8060,1.84,-0.45,-0.001491,4560000,MaxHoldTimeout,0.3690,0.0399,0.2499,0.2970,0.5528,-0.3144,-0.1189,0.4757,,,
summary,2022-08-01,AAPL,,,,,,,-0.45,,1,,,,,,,,,,1.0000,2022-07-29T13:40:00+00:00,571,1098
trade,2022-08-01,NVDA,Long,2022-08-01T13:36:00+00:00,2022-08-01T15:37:00+00:00,180.7392,185.2694,1.66,7.52,0.025065,7260000,MaxHoldTimeout,0.1295,0.0679,-0.4569,0.0516,0.4808,-0.5246,-0.2443,0.8899,,,
summary,2022-08-01,NVDA,,,,,,,7.52,,1,,,,,,,,,,1.0000,2022-07-29T13:31:00+00:00,805,1021
summary,2022-08-01,MSFT,,,,,,,0.00,,0,,,,,,,,,,0.8985,2022-07-29T14:27:00+00:00,455,950
summary,2022-08-02,SPY,,,,,,,0.00,,0,,,,,,,,,,0.6918,2022-08-01T09:34:00+00:00,528,1454
summary,2022-08-02,QQQ,,,,,,,0.00,,0,,,,,,,,,,0.6927,2022-08-01T14:05:00+00:00,666,1510
summary,2022-08-02,AAPL,,,,,,,0.00,,0,,,,,,,,,,0.6582,2022-08-01T13:48:00+00:00,355,1388
trade,2022-08-02,NVDA,Long,2022-08-02T14:57:00+00:00,2022-08-02T15:56:00+00:00,185.3306,185.3087,1.62,-0.04,-0.000118,3540000,SessionClose,0.4445,0.2503,0.2114,0.4088,0.5935,-0.2203,0.1350,0.6380,,,
summary,2022-08-02,NVDA,,,,,,,-0.04,,1,,,,,,,,,,0.8501,2022-08-01T14:13:00+00:00,704,1248
summary,2022-08-02,MSFT,,,,,,,0.00,,0,,,,,,,,,,0.6535,2022-08-01T14:53:00+00:00,268,1058
summary,2022-08-03,SPY,,,,,,,0.00,,0,,,,,,,,,,0.6918,2022-08-01T09:34:00+00:00,983,2274
trade,2022-08-03,QQQ,Long,2022-08-03T14:16:00+00:00,2022-08-03T15:56:00+00:00,320.1210,321.2786,0.94,1.09,0.003616,6000000,SessionClose,0.2414,0.3856,0.2477,0.1607,0.4006,0.4012,0.3370,0.4776,,,
summary,2022-08-03,QQQ,,,,,,,1.09,,1,,,,,,,,,,0.6927,2022-08-01T14:05:00+00:00,1193,2366
trade,2022-08-03,AAPL,Long,2022-08-03T13:45:00+00:00,2022-08-03T15:46:00+00:00,162.4537,164.7237,1.85,4.19,0.013973,7260000,MaxHoldTimeout,0.2807,0.3490,0.0631,0.2403,0.4340,0.4214,0.2407,0.5415,,,
summary,2022-08-03,AAPL,,,,,,,4.19,,1,,,,,,,,,,0.6582,2022-08-01T13:48:00+00:00,853,2168
summary,2022-08-03,NVDA,,,,,,,0.00,,0,,,,,,,,,,0.8501,2022-08-01T14:13:00+00:00,1070,2013
summary,2022-08-03,MSFT,,,,,,,0.00,,0,,,,,,,,,,0.6535,2022-08-01T14:53:00+00:00,684,1602
summary,2022-08-04,SPY,,,,,,,0.00,,0,,,,,,,,,,0.9576,2022-08-01T14:53:00+00:00,1361,2880
summary,2022-08-04,QQQ,,,,,,,0.00,,0,,,,,,,,,,0.9574,2022-08-01T14:45:00+00:00,1680,2990
summary,2022-08-04,AAPL,,,,,,,0.00,,0,,,,,,,,,,1.0000,2022-08-01T13:40:00+00:00,1265,2721
trade,2022-08-04,NVDA,Long,2022-08-04T13:31:00+00:00,2022-08-04T13:37:00+00:00,188.3215,188.9583,1.59,1.01,0.003382,360000,ScoreExit,0.1708,-0.0842,-0.3706,0.0905,0.5119,0.1091,-0.4145,0.5119,,,
trade,2022-08-04,NVDA,Long,2022-08-04T13:53:00+00:00,2022-08-04T14:31:00+00:00,190.3421,189.2507,1.58,-1.72,-0.005734,2280000,ScoreExit,0.2755,-0.1533,-0.1446,0.2274,0.5119,-0.5218,-0.3515,0.3659,,,
summary,2022-08-04,NVDA,,,,,,,-0.71,,2,,,,,,,,,,1.0000,2022-08-01T13:41:00+00:00,1504,2555
summary,2022-08-04,MSFT,,,,,,,0.00,,0,,,,,,,,,,0.9569,2022-08-01T14:55:00+00:00,1051,2084
summary,2022-08-05,SPY,,,,,,,0.00,,0,,,,,,,,,,0.9563,2022-08-02T14:53:00+00:00,1767,2815
summary,2022-08-05,QQQ,,,,,,,0.00,,0,,,,,,,,,,0.9593,2022-08-02T14:53:00+00:00,2039,2910
summary,2022-08-05,AAPL,,,,,,,0.00,,0,,,,,,,,,,0.9567,2022-08-02T14:44:00+00:00,1832,2654
summary,2022-08-05,NVDA,,,,,,,0.00,,0,,,,,,,,,,1.0000,2022-08-02T13:31:00+00:00,1787,2508
summary,2022-08-05,MSFT,,,,,,,0.00,,0,,,,,,,,,,0.9433,2022-08-02T14:54:00+00:00,1506,2089
trade,2022-08-08,SPY,Long,2022-08-08T13:31:00+00:00,2022-08-08T15:12:00+00:00,415.4496,416.4100,0.72,0.69,0.002312,6060000,ScoreExit,0.2432,-0.0566,0.2087,0.1205,0.5001,-0.4193,-0.2378,0.4268,,,
summary,2022-08-08,SPY,,,,,,,0.69,,1,,,,,,,,,,0.8899,2022-08-05T14:15:00+00:00,764,1125
trade,2022-08-08,QQQ,Long,2022-08-08T13:31:00+00:00,2022-08-08T14:48:00+00:00,322.6818,324.4676,0.93,1.66,0.005534,4620000,ScoreExit,0.1993,-0.0712,-0.1861,0.0685,0.5893,-0.5723,-0.2878,0.5291,,,
summary,2022-08-08,QQQ,,,,,,,1.66,,1,,,,,,,,,,0.8971,2022-08-05T14:13:00+00:00,588,1125
summary,2022-08-08,AAPL,,,,,,,0.00,,0,,,,,,,,,,0.9628,2022-08-05T13:38:00+00:00,623,1078
summary,2022-08-08,NVDA,,,,,,,0.00,,0,,,,,,,,,,0.9055,2022-08-05T14:13:00+00:00,482,1007
summary,2022-08-08,MSFT,,,,,,,0.00,,0,,,,,,,,,,0.8946,2022-08-05T14:02:00+00:00,462,911
summary,2022-08-09,SPY,,,,,,,0.00,,0,,,,,,,,,,0.4722,2022-08-08T13:50:00+00:00,319,1446
summary,2022-08-09,QQQ,,,,,,,0.00,,0,,,,,,,,,,0.6674,2022-08-08T13:50:00+00:00,239,1513
summary,2022-08-09,AAPL,,,,,,,0.00,,0,,,,,,,,,,0.6074,2022-08-08T13:51:00+00:00,350,1339
summary,2022-08-09,NVDA,,,,,,,0.00,,0,,,,,,,,,,0.7599,2022-08-08T19:39:00+00:00,323,1402
summary,2022-08-09,MSFT,,,,,,,0.00,,0,,,,,,,,,,0.7731,2022-08-08T10:54:00+00:00,356,1045
trade,2022-08-10,SPY,Long,2022-08-10T14:49:00+00:00,2022-08-10T15:56:00+00:00,418.5905,419.4191,0.72,0.59,0.001979,4020000,SessionClose,0.1828,0.2309,-0.1325,0.1038,0.4460,0.5008,0.0745,0.4538,,,
summary,2022-08-10,SPY,,,,,,,0.59,,1,,,,,,,,,,0.5992,2022-08-10T12:35:00+00:00,744,2241
trade,2022-08-10,QQQ,Long,2022-08-10T13:48:00+00:00,2022-08-10T14:12:00+00:00,324.0622,323.7678,0.93,-0.27,-0.000908,1440000,ScoreExit,0.2026,-0.0636,0.2334,0.0626,0.4725,-0.1927,-0.3149,0.4820,,,
trade,2022-08-10,QQQ,Long,2022-08-10T14:49:00+00:00,2022-08-10T15:56:00+00:00,324.1822,325.3385,0.93,1.07,0.003567,4020000,SessionClose,0.2178,0.3175,0.0612,0.1118,0.4820,0.4871,0.1944,0.5071,,,
summary,2022-08-10,QQQ,,,,,,,0.80,,2,,,,,,,,,,0.6674,2022-08-08T13:50:00+00:00,644,2372
trade,2022-08-10,AAPL,Long,2022-08-10T14:49:00+00:00,2022-08-10T15:56:00+00:00,167.8803,168.1245,1.79,0.44,0.001455,4020000,SessionClose,0.1629,0.2699,0.0678,0.0356,0.4492,0.4266,0.1365,0.4844,,,
summary,2022-08-10,AAPL,,,,,,,0.44,,1,,,,,,,,,,0.6074,2022-08-08T13:51:00+00:00,856,2065
trade,2022-08-10,NVDA,Long,2022-08-10T14:45:00+00:00,2022-08-10T15:56:00+00:00,174.9525,179.2212,1.71,7.31,0.024399,4260000,SessionClose,0.2983,0.5438,0.4037,0.1417,0.5763,0.4621,0.4897,0.6794,,,
summary,2022-08-10,NVDA,,,,,,,7.31,,1,,,,,,,,,,0.7743,2022-08-10T12:48:00+00:00,752,2131
trade,2022-08-10,MSFT,Long,2022-08-10T13:48:00+00:00,2022-08-10T14:11:00+00:00,288.3215,288.3785,1.04,0.06,0.000198,1380000,ScoreExit,0.2256,-0.0673,0.2101,0.0703,0.5414,-0.3375,-0.3173,0.5227,,,
trade,2022-08-10,MSFT,Long,2022-08-10T14:36:00+00:00,2022-08-10T15:56:00+00:00,287.9614,288.6798,1.04,0.75,0.002495,4800000,SessionClose,0.2150,0.0841,0.3019,0.0466,0.5227,0.3214,-0.1655,0.5043,,,
summary,2022-08-10,MSFT,,,,,,,0.81,,2,,,,,,,,,,0.7731,2022-08-08T10:54:00+00:00,852,1632
trade,2022-08-11,SPY,Long,2022-08-11T13:51:00+00:00,2022-08-11T15:01:00+00:00,423.2519,423.3180,0.71,0.05,0.000156,4200000,ScoreExit,0.2516,-0.1163,0.1758,0.1704,0.4395,-0.3820,-0.2979,0.3356,,,
summary,2022-08-11,SPY,,,,,,,0.05,,1,,,,,,,,,,0.6017,2022-08-10T12:35:00+00:00,1222,2849
summary,2022-08-11,QQQ,,,,,,,0.00,,0,,,,,,,,,,0.9214,2022-08-08T13:44:00+00:00,1065,2955
trade,2022-08-11,AAPL,Long,2022-08-11T13:41:00+00:00,2022-08-11T14:48:00+00:00,170.0560,169.8040,1.77,-0.44,-0.001482,4020000,ScoreExit,0.1841,-0.0558,0.1069,0.0317,0.5147,-0.5133,-0.2408,0.4666,,,
summary,2022-08-11,AAPL,,,,,,,-0.44,,1,,,,,,,,,,0.9344,2022-08-08T13:44:00+00:00,1408,2612
trade,2022-08-11,NVDA,Long,2022-08-11T13:46:00+00:00,2022-08-11T15:01:00+00:00,182.7398,184.5496,1.64,2.97,0.009904,4500000,ScoreExit,0.5217,-0.0811,0.4326,0.4475,0.6999,-0.2048,-0.3435,0.4851,,,
summary,2022-08-11,NVDA,,,,,,,2.97,,1,,,,,,,,,,1.0000,2022-08-08T13:32:00+00:00,1254,2690
summary,2022-08-11,MSFT,,,,,,,0.00,,0,,,,,,,,,,1.0000,2022-08-08T13:39:00+00:00,1159,2131
summary,2022-08-12,SPY,,,,,,,0.00,,0,,,,,,,,,,0.6432,2022-08-10T12:35:00+00:00,2070,2857
summary,2022-08-12,QQQ,,,,,,,0.00,,0,,,,,,,,,,0.7152,2022-08-10T12:31:00+00:00,2104,2942
summary,2022-08-12,AAPL,,,,,,,0.00,,0,,,,,,,,,,0.7033,2022-08-09T14:49:00+00:00,2178,2624
trade,2022-08-12,NVDA,Long,2022-08-12T13:36:00+00:00,2022-08-12T15:37:00+00:00,179.6789,184.6196,1.68,8.29,0.027497,7260000,MaxHoldTimeout,0.0960,0.2590,-0.6107,0.0510,0.4214,0.1428,0.1884,0.4390,,,
summary,2022-08-12,NVDA,,,,,,,8.29,,1,,,,,,,,,,0.9339,2022-08-09T13:41:00+00:00,1760,2517
summary,2022-08-12,MSFT,,,,,,,0.00,,0,,,,,,,,,,0.9553,2022-08-09T14:48:00+00:00,1674,2114
summary,2022-08-15,SPY,,,,,,,0.00,,0,,,,,,,,,,0.6331,2022-08-12T15:02:00+00:00,927,1164
trade,2022-08-15,QQQ,Long,2022-08-15T13:38:00+00:00,2022-08-15T14:21:00+00:00,330.7442,329.8852,0.91,-0.78,-0.002597,2580000,ScoreExit,0.3539,-0.0724,0.2347,0.3000,0.5013,-0.4803,-0.2138,0.3464,,,
summary,2022-08-15,QQQ,,,,,,,-0.78,,1,,,,,,,,,,0.7167,2022-08-12T14:19:00+00:00,961,1139
trade,2022-08-15,AAPL,Long,2022-08-15T13:42:00+00:00,2022-08-15T14:51:00+00:00,172.0166,171.8634,1.74,-0.27,-0.000890,4140000,ScoreExit,0.1680,-0.0540,0.1117,0.0420,0.4387,-0.5621,-0.1798,0.3671,,,
summary,2022-08-15,AAPL,,,,,,,-0.27,,1,,,,,,,,,,0.8880,2022-08-12T15:04:00+00:00,931,1104
summary,2022-08-15,NVDA,,,,,,,0.00,,0,,,,,,,,,,1.0000,2022-08-12T13:40:00+00:00,966,1034
trade,2022-08-15,MSFT,Long,2022-08-15T14:00:00+00:00,2022-08-15T14:11:00+00:00,292.2627,291.0277,1.03,-1.27,-0.004226,660000,ScoreExit,0.3182,-0.0861,0.2641,0.2427,0.4874,-0.5482,-0.1768,0.2494,,,
summary,2022-08-15,MSFT,,,,,,,-1.27,,1,,,,,,,,,,0.6251,2022-08-12T14:19:00+00:00,746,917
summary,2022-08-16,SPY,,,,,,,0.00,,0,,,,,,,,,,0.5708,2022-08-15T15:53:00+00:00,945,1462
summary,2022-08-16,QQQ,,,,,,,0.00,,0,,,,,,,,,,0.6302,2022-08-15T15:48:00+00:00,904,1445
summary,2022-08-16,AAPL,,,,,,,0.00,,0,,,,,,,,,,0.6165,2022-08-15T15:48:00+00:00,907,1361
summary,2022-08-16,NVDA,,,,,,,0.00,,0,,,,,,,,,,0.7657,2022-08-15T13:34:00+00:00,752,1206
summary,2022-08-16,MSFT,,,,,,,0.00,,0,,,,,,,,,,0.7530,2022-08-15T10:10:00+00:00,674,1037
summary,2022-08-17,SPY,,,,,,,0.00,,0,,,,,,,,,,0.5708,2022-08-15T15:53:00+00:00,1075,2300
summary,2022-08-17,QQQ,,,,,,,0.00,,0,,,,,,,,,,0.6302,2022-08-15T15:48:00+00:00,1021,2267
summary,2022-08-17,AAPL,,,,,,,0.00,,0,,,,,,,,,,0.6165,2022-08-15T15:48:00+00:00,1388,2194
summary,2022-08-17,NVDA,,,,,,,0.00,,0,,,,,,,,,,0.7657,2022-08-15T13:34:00+00:00,806,1870
summary,2022-08-17,MSFT,,,,,,,0.00,,0,,,,,,,,,,0.7530,2022-08-15T10:10:00+00:00,881,1603
summary,2022-08-18,SPY,,,,,,,0.00,,0,,,,,,,,,,0.6333,2022-08-15T13:58:00+00:00,1118,2850
summary,2022-08-18,QQQ,,,,,,,0.00,,0,,,,,,,,,,0.7136,2022-08-15T13:58:00+00:00,1053,2860
summary,2022-08-18,AAPL,,,,,,,0.00,,0,,,,,,,,,,0.6594,2022-08-15T15:48:00+00:00,1811,2829
summary,2022-08-18,NVDA,,,,,,,0.00,,0,,,,,,,,,,1.0000,2022-08-15T13:33:00+00:00,1083,2426
summary,2022-08-18,MSFT,,,,,,,0.00,,0,,,,,,,,,,0.7824,2022-08-15T13:56:00+00:00,841,2056
summary,2022-08-19,SPY,,,,,,,0.00,,0,,,,,,,,,,0.6251,2022-08-16T15:54:00+00:00,685,2883
summary,2022-08-19,QQQ,,,,,,,0.00,,0,,,,,,,,,,0.6999,2022-08-16T15:54:00+00:00,668,2921
summary,2022-08-19,AAPL,,,,,,,0.00,,0,,,,,,,,,,0.6399,2022-08-16T15:19:00+00:00,1432,2899
summary,2022-08-19,NVDA,,,,,,,0.00,,0,,,,,,,,,,0.7305,2022-08-16T13:32:00+00:00,830,2465
summary,2022-08-19,MSFT,,,,,,,0.00,,0,,,,,,,,,,0.6793,2022-08-16T15:54:00+00:00,564,2058
summary,2022-08-22,SPY,,,,,,,0.00,,0,,,,,,,,,,0.3063,2022-08-19T16:39:00+00:00,36,1179
summary,2022-08-22,QQQ,,,,,,,0.00,,0,,,,,,,,,,0.2799,2022-08-19T17:04:00+00:00,12,1152
summary,2022-08-22,AAPL,,,,,,,0.00,,0,,,,,,,,,,0.3810,2022-08-19T17:04:00+00:00,24,1172
summary,2022-08-22,NVDA,,,,,,,0.00,,0,,,,,,,,,,0.7849,2022-08-19T13:31:00+00:00,76,1064
summary,2022-08-22,MSFT,,,,,,,0.00,,0,,,,,,,,,,0.4656,2022-08-19T13:32:00+00:00,8,970
summary,2022-08-23,SPY,,,,,,,0.00,,0,,,,,,,,,,0.3554,2022-08-23T14:09:00+00:00,322,1517
summary,2022-08-23,QQQ,,,,,,,0.00,,0,,,,,,,,,,0.4218,2022-08-23T14:10:00+00:00,430,1523
summary,2022-08-23,AAPL,,,,,,,0.00,,0,,,,,,,,,,0.5148,2022-08-22T13:29:00+00:00,405,1451
trade,2022-08-23,NVDA,Long,2022-08-23T14:26:00+00:00,2022-08-23T14:54:00+00:00,173.4370,172.3733,1.73,-1.84,-0.006133,1680000,ScoreExit,0.1689,-0.1119,-0.5487,0.1575,0.4309,-0.4959,-0.2695,0.3312,,,
summary,2022-08-23,NVDA,,,,,,,-1.84,,1,,,,,,,,,,0.5911,2022-08-23T13:50:00+00:00,385,1291
summary,2022-08-23,MSFT,,,,,,,0.00,,0,,,,,,,,,,0.4201,2022-08-22T13:29:00+00:00,88,1082
summary,2022-08-24,SPY,,,,,,,0.00,,0,,,,,,,,,,0.3554,2022-08-23T14:09:00+00:00,513,2310
summary,2022-08-24,QQQ,,,,,,,0.00,,0,,,,,,,,,,0.4218,2022-08-23T14:10:00+00:00,656,2329
summary,2022-08-24,AAPL,,,,,,,0.00,,0,,,,,,,,,,0.5148,2022-08-22T13:29:00+00:00,578,2191
summary,2022-08-24,NVDA,,,,,,,0.00,,0,,,,,,,,,,0.5911,2022-08-23T13:50:00+00:00,619,1965
summary,2022-08-24,MSFT,,,,,,,0.00,,0,,,,,,,,,,0.4201,2022-08-22T13:29:00+00:00,88,1624
summary,2022-08-25,SPY,,,,,,,0.00,,0,,,,,,,,,,0.4693,2022-08-25T08:01:00+00:00,953,2835
summary,2022-08-25,QQQ,,,,,,,0.00,,0,,,,,,,,,,0.4843,2022-08-25T08:01:00+00:00,1108,2915
summary,2022-08-25,AAPL,,,,,,,0.00,,0,,,,,,,,,,0.4364,2022-08-25T08:01:00+00:00,1010,2681
trade,2022-08-25,NVDA,Long,2022-08-25T14:51:00+00:00,2022-08-25T15:56:00+00:00,177.6383,176.5602,1.69,-1.82,-0.006069,3900000,SessionClose,0.3390,0.0867,-0.1482,0.2606,0.6582,-0.5283,-0.1010,0.6670,,,
summary,2022-08-25,NVDA,,,,,,,-1.82,,1,,,,,,,,,,0.9176,2022-08-22T13:45:00+00:00,1100,2678
summary,2022-08-25,MSFT,,,,,,,0.00,,0,,,,,,,,,,0.4432,2022-08-25T19:59:00+00:00,263,2047
summary,2022-08-26,SPY,,,,,,,0.00,,0,,,,,,,,,,0.7181,2022-08-23T14:10:00+00:00,1317,2843
summary,2022-08-26,QQQ,,,,,,,0.00,,0,,,,,,,,,,0.8990,2022-08-23T14:10:00+00:00,1406,2913
summary,2022-08-26,AAPL,,,,,,,0.00,,0,,,,,,,,,,0.7857,2022-08-23T14:11:00+00:00,1366,2639
summary,2022-08-26,NVDA,,,,,,,0.00,,0,,,,,,,,,,1.0000,2022-08-23T13:32:00+00:00,1189,2713
summary,2022-08-26,MSFT,,,,,,,0.00,,0,,,,,,,,,,0.8420,2022-08-23T14:11:00+00:00,779,2059
summary,2022-08-29,SPY,,,,,,,0.00,,0,,,,,,,,,,0.7474,2022-08-26T14:09:00+00:00,20,1196
summary,2022-08-29,QQQ,,,,,,,0.00,,0,,,,,,,,,,0.9163,2022-08-26T14:09:00+00:00,18,1199
summary,2022-08-29,AAPL,,,,,,,0.00,,0,,,,,,,,,,0.7981,2022-08-26T14:09:00+00:00,15,1178
summary,2022-08-29,NVDA,,,,,,,0.00,,0,,,,,,,,,,0.9232,2022-08-26T14:09:00+00:00,170,1119
summary,2022-08-29,MSFT,,,,,,,0.00,,0,,,,,,,,,,0.7842,2022-08-26T14:09:00+00:00,25,991
summary,2022-08-30,SPY,,,,,,,0.00,,0,,,,,,,,,,0.5755,2022-08-29T16:50:00+00:00,656,1571
summary,2022-08-30,QQQ,,,,,,,0.00,,0,,,,,,,,,,0.5930,2022-08-29T13:34:00+00:00,659,1566
summary,2022-08-30,AAPL,,,,,,,0.00,,0,,,,,,,,,,0.7184,2022-08-29T08:00:00+00:00,624,1470
summary,2022-08-30,NVDA,,,,,,,0.00,,0,,,,,,,,,,0.7321,2022-08-29T13:33:00+00:00,240,1395
summary,2022-08-30,MSFT,,,,,,,0.00,,0,,,,,,,,,,1.0000,2022-08-29T08:00:00+00:00,351,1083
summary,2022-08-31,SPY,,,,,,,0.00,,0,,,,,,,,,,0.5755,2022-08-29T16:50:00+00:00,709,2425
summary,2022-08-31,QQQ,,,,,,,0.00,,0,,,,,,,,,,0.5930,2022-08-29T13:34:00+00:00,811,2407
summary,2022-08-31,AAPL,,,,,,,0.00,,0,,,,,,,,,,0.7184,2022-08-29T08:00:00+00:00,706,2264
summary,2022-08-31,NVDA,,,,,,,0.00,,0,,,,,,,,,,0.7321,2022-08-29T13:33:00+00:00,240,2118
summary,2022-08-31,MSFT,,,,,,,0.00,,0,,,,,,,,,,1.0000,2022-08-29T08:00:00+00:00,507,1632
summary,2022-09-01,SPY,,,,,,,0.00,,0,,,,,,,,,,0.6170,2022-08-29T14:17:00+00:00,559,3009
summary,2022-09-01,QQQ,,,,,,,0.00,,0,,,,,,,,,,0.9714,2022-08-29T13:36:00+00:00,637,3021
summary,2022-09-01,AAPL,,,,,,,0.00,,0,,,,,,,,,,1.0000,2022-08-29T13:34:00+00:00,642,2834
summary,2022-09-01,NVDA,,,,,,,0.00,,0,,,,,,,,,,1.0000,2022-08-29T13:31:00+00:00,231,2792
summary,2022-09-01,MSFT,,,,,,,0.00,,0,,,,,,,,,,0.9321,2022-08-29T13:36:00+00:00,529,2156
trade,2022-09-02,SPY,Long,2022-09-02T14:19:00+00:00,2022-09-02T15:56:00+00:00,399.4448,401.1646,0.75,1.29,0.004306,5820000,SessionClose,0.2075,0.2406,0.2828,0.0800,0.4376,0.5432,0.0825,0.4559,,,
summary,2022-09-02,SPY,,,,,,,1.29,,1,,,,,,,,,,0.4556,2022-09-02T12:37:00+00:00,791,2946
trade,2022-09-02,QQQ,Long,2022-09-02T14:21:00+00:00,2022-09-02T15:56:00+00:00,301.5454,302.7341,1.00,1.18,0.003942,5700000,SessionClose,0.2411,0.1655,0.0854,0.1764,0.4224,0.1609,0.0241,0.4499,,,
summary,2022-09-02,QQQ,,,,,,,1.18,,1,,,,,,,,,,0.4709,2022-08-31T10:51:00+00:00,933,3044
summary,2022-09-02,AAPL,,,,,,,0.00,,0,,,,,,,,,,0.4483,2022-09-02T12:33:00+00:00,848,2835
summary,2022-09-02,NVDA,,,,,,,0.00,,0,,,,,,,,,,0.5581,2022-08-30T13:33:00+00:00,289,2853
trade,2022-09-02,MSFT,Long,2022-09-02T14:19:00+00:00,2022-09-02T15:42:00+00:00,262.6038,263.2960,1.14,0.79,0.002636,4980000,ScoreExit,0.2531,-0.0597,0.1805,0.1854,0.4127,-0.5658,-0.2090,0.4077,,,
summary,2022-09-02,MSFT,,,,,,,0.79,,1,,,,,,,,,,0.4804,2022-08-31T10:50:00+00:00,636,2204
summary,2022-09-05,SPY,,,,,,,0.00,,0,,,,,,,,,,0.9541,2022-09-02T14:42:00+00:00,120,490
summary,2022-09-05,QQQ,,,,,,,0.00,,0,,,,,,,,,,0.9520,2022-09-02T14:42:00+00:00,117,483
summary,2022-09-05,AAPL,,,,,,,0.00,,0,,,,,,,,,,0.8888,2022-09-02T14:32:00+00:00,97,496
summary,2022-09-05,NVDA,,,,,,,0.00,,0,,,,,,,,,,0.9527,2022-09-02T14:42:00+00:00,111,479
summary,2022-09-05,MSFT,,,,,,,0.00,,0,,,,,,,,,,0.9545,2022-09-02T14:40:00+00:00,130,443
trade,2022-09-06,SPY,Long,2022-09-06T14:52:00+00:00,2022-09-06T15:56:00+00:00,392.8828,393.4569,0.76,0.44,0.001461,3840000,SessionClose,0.5422,0.3811,0.5560,0.4231,0.7756,0.3284,0.1270,0.9069,,,
summary,2022-09-06,SPY,,,,,,,0.44,,1,,,,,,,,,,0.6720,2022-09-06T15:08:00+00:00,212,656
trade,2022-09-06,QQQ,Long,2022-09-06T14:52:00+00:00,2022-09-06T15:56:00+00:00,294.7334,295.5863,1.02,0.87,0.002894,3840000,SessionClose,0.5334,0.4349,0.5567,0.4357,0.7213,0.4227,0.1544,1.0000,,,
summary,2022-09-06,QQQ,,,,,,,0.87,,1,,,,,,,,,,0.6697,2022-09-06T15:08:00+00:00,232,685
trade,2022-09-06,AAPL,Long,2022-09-06T14:52:00+00:00,2022-09-06T15:56:00+00:00,155.9918,156.1082,1.92,0.22,0.000746,3840000,SessionClose,0.5359,0.3049,0.5557,0.4050,0.7911,0.3584,0.0296,0.8377,,,
summary,2022-09-06,AAPL,,,,,,,0.22,,1,,,,,,,,,,0.6201,2022-09-06T15:08:00+00:00,239,640
trade,2022-09-06,NVDA,Long,2022-09-06T14:52:00+00:00,2022-09-06T15:56:00+00:00,136.1158,137.4038,2.20,2.84,0.009462,3840000,SessionClose,0.5884,0.4893,0.5747,0.3849,1.0000,0.3750,0.2530,1.0000,,,
summary,2022-09-06,NVDA,,,,,,,2.84,,1,,,,,,,,,,0.6837,2022-09-06T15:08:00+00:00,170,577
trade,2022-09-06,MSFT,Long,2022-09-06T14:53:00+00:00,2022-09-06T15:56:00+00:00,256.3419,256.3381,1.17,-0.00,-0.000015,3780000,SessionClose,0.5661,0.2079,0.5590,0.4375,0.8256,0.2026,-0.0176,0.6605,,,
summary,2022-09-06,MSFT,,,,,,,-0.00,,1,,,,,,,,,,0.6371,2022-09-06T14:57:00+00:00,102,499
summary,2022-09-07,SPY,,,,,,,0.00,,0,,,,,,,,,,0.6720,2022-09-06T15:08:00+00:00,803,1493
trade,2022-09-07,QQQ,Long,2022-09-07T13:51:00+00:00,2022-09-07T14:11:00+00:00,295.3036,294.0967,1.02,-1.23,-0.004087,1200000,ScoreExit,0.2460,-0.0929,-0.1305,0.2297,0.4042,-0.4157,-0.2235,0.2758,,,
summary,2022-09-07,QQQ,,,,,,,-1.23,,1,,,,,,,,,,0.6697,2022-09-06T15:08:00+00:00,792,1504
summary,2022-09-07,AAPL,,,,,,,0.00,,0,,,,,,,,,,0.6201,2022-09-06T15:08:00+00:00,756,1424
summary,2022-09-07,NVDA,,,,,,,0.00,,0,,,,,,,,,,0.6837,2022-09-06T15:08:00+00:00,515,1272
trade,2022-09-07,MSFT,Long,2022-09-07T13:51:00+00:00,2022-09-07T14:06:00+00:00,255.7417,254.7386,1.17,-1.18,-0.003922,900000,ScoreExit,0.2392,-0.1401,0.2659,0.1459,0.4170,-0.2783,-0.3041,0.2341,,,
summary,2022-09-07,MSFT,,,,,,,-1.18,,1,,,,,,,,,,0.6371,2022-09-06T14:57:00+00:00,520,1075
summary,2022-09-08,SPY,,,,,,,0.00,,0,,,,,,,,,,0.6720,2022-09-06T15:08:00+00:00,1364,2320
summary,2022-09-08,QQQ,,,,,,,0.00,,0,,,,,,,,,,0.6697,2022-09-06T15:08:00+00:00,1360,2341
summary,2022-09-08,AAPL,,,,,,,0.00,,0,,,,,,,,,,0.6201,2022-09-06T15:08:00+00:00,1023,2215
trade,2022-09-08,NVDA,Long,2022-09-08T14:07:00+00:00,2022-09-08T15:56:00+00:00,136.4570,138.7034,2.20,4.94,0.016462,6540000,SessionClose,0.3052,0.0564,0.0219,0.2772,0.4555,0.0337,-0.1309,0.4384,,,
summary,2022-09-08,NVDA,,,,,,,4.94,,1,,,,,,,,,,0.6837,2022-09-06T15:08:00+00:00,1000,1957
summary,2022-09-08,MSFT,,,,,,,0.00,,0,,,,,,,,,,0.6371,2022-09-06T14:57:00+00:00,860,1607
summary,2022-09-09,SPY,,,,,,,0.00,,0,,,,,,,,,,0.9519,2022-09-06T14:57:00+00:00,1856,2908
trade,2022-09-09,QQQ,Long,2022-09-09T14:22:00+00:00,2022-09-09T15:56:00+00:00,305.2666,305.9331,0.98,0.66,0.002183,5640000,SessionClose,0.1524,0.1041,-0.3669,0.1120,0.4063,-0.1269,0.0086,0.3722,,,
summary,2022-09-09,QQQ,,,,,,,0.66,,1,,,,,,,,,,0.9520,2022-09-06T14:57:00+00:00,1917,2923
summary,2022-09-09,AAPL,,,,,,,0.00,,0,,,,,,,,,,0.9517,2022-09-06T14:57:00+00:00,1292,2804
trade,2022-09-09,NVDA,Long,2022-09-09T13:31:00+00:00,2022-09-09T15:32:00+00:00,141.6675,143.5777,2.12,4.05,0.013484,7260000,MaxHoldTimeout,0.1674,0.3701,-0.4912,0.0918,0.5383,0.0122,0.3195,0.5907,,,
summary,2022-09-09,NVDA,,,,,,,4.05,,1,,,,,,,,,,0.9545,2022-09-06T14:59:00+00:00,1576,2470
trade,2022-09-09,MSFT,Long,2022-09-09T14:22:00+00:00,2022-09-09T15:18:00+00:00,263.2339,263.7009,1.14,0.53,0.001774,3360000,ScoreExit,0.3164,-0.0765,-0.3653,0.3395,0.4974,-0.5586,-0.2343,0.3997,,,
summary,2022-09-09,MSFT,,,,,,,0.53,,1,,,,,,,,,,0.9511,2022-09-06T14:57:00+00:00,1316,2102
summary,2022-09-12,SPY,,,,,,,0.00,,0,,,,,,,,,,0.9016,2022-09-09T14:43:00+00:00,925,1150
summary,2022-09-12,QQQ,,,,,,,0.00,,0,,,,,,,,,,0.9547,2022-09-09T14:41:00+00:00,1019,1172
summary,2022-09-12,AAPL,,,,,,,0.00,,0,,,,,,,,,,0.9551,2022-09-09T14:42:00+00:00,1081,1139
trade,2022-09-12,NVDA,Long,2022-09-12T14:01:00+00:00,2022-09-12T14:14:00+00:00,144.4533,143.4919,2.08,-2.00,-0.006655,780000,ScoreExit,0.2341,-0.0793,0.2455,0.1342,0.4300,-0.5688,-0.0942,0.1136,,,
trade,2022-09-12,NVDA,Long,2022-09-12T14:31:00+00:00,2022-09-12T14:54:00+00:00,144.7784,144.0101,2.07,-1.59,-0.005307,1380000,ScoreExit,0.1967,-0.0576,-0.3348,0.1686,0.4300,-0.4811,-0.1695,0.3075,,,
summary,2022-09-12,NVDA,,,,,,,-3.59,,2,,,,,,,,,,0.9622,2022-09-09T13:34:00+00:00,754,1036
summary,2022-09-12,MSFT,,,,,,,0.00,,0,,,,,,,,,,0.9561,2022-09-09T14:40:00+00:00,735,906
summary,2022-09-13,SPY,,,,,,,0.00,,0,,,,,,,,,,0.7478,2022-09-12T09:19:00+00:00,632,1482
summary,2022-09-13,QQQ,,,,,,,0.00,,0,,,,,,,,,,0.7871,2022-09-12T09:19:00+00:00,726,1527
summary,2022-09-13,AAPL,,,,,,,0.00,,0,,,,,,,,,,0.8334,2022-09-12T09:21:00+00:00,957,1510
summary,2022-09-13,NVDA,,,,,,,0.00,,0,,,,,,,,,,0.8579,2022-09-12T09:27:00+00:00,435,1275
summary,2022-09-13,MSFT,,,,,,,0.00,,0,,,,,,,,,,0.7304,2022-09-12T08:39:00+00:00,360,1065
summary,2022-09-14,SPY,,,,,,,0.00,,0,,,,,,,,,,0.7478,2022-09-12T09:19:00+00:00,632,2404
summary,2022-09-14,QQQ,,,,,,,0.00,,0,,,,,,,,,,0.7871,2022-09-12T09:19:00+00:00,726,2435
summary,2022-09-14,AAPL,,,,,,,0.00,,0,,,,,,,,,,0.8334,2022-09-12T09:21:00+00:00,1010,2373
summary,2022-09-14,NVDA,,,,,,,0.00,,0,,,,,,,,,,0.8579,2022-09-12T09:27:00+00:00,435,2101
summary,2022-09-14,MSFT,,,,,,,0.00,,0,,,,,,,,,,0.7304,2022-09-12T08:39:00+00:00,360,1714
summary,2022-09-15,SPY,,,,,,,0.00,,0,,,,,,,,,,0.7038,2022-09-12T14:25:00+00:00,550,3020
summary,2022-09-15,QQQ,,,,,,,0.00,,0,,,,,,,,,,0.8282,2022-09-12T14:00:00+00:00,630,2984
summary,2022-09-15,AAPL,,,,,,,0.00,,0,,,,,,,,,,0.8965,2022-09-12T13:57:00+00:00,833,2926
summary,2022-09-15,NVDA,,,,,,,0.00,,0,,,,,,,,,,0.9037,2022-09-12T13:56:00+00:00,490,2654
summary,2022-09-15,MSFT,,,,,,,0.00,,0,,,,,,,,,,0.8936,2022-09-12T13:56:00+00:00,333,2208
summary,2022-09-16,SPY,,,,,,,0.00,,0,,,,,,,,,,0.3963,2022-09-14T20:02:00+00:00,460,3080
summary,2022-09-16,QQQ,,,,,,,0.00,,0,,,,,,,,,,0.5025,2022-09-13T13:31:00+00:00,362,3046
summary,2022-09-16,AAPL,,,,,,,0.00,,0,,,,,,,,,,0.4635,2022-09-14T13:59:00+00:00,432,2940
summary,2022-09-16,NVDA,,,,,,,0.00,,0,,,,,,,,,,1.0000,2022-09-13T13:31:00+00:00,562,2745
summary,2022-09-16,MSFT,,,,,,,0.00,,0,,,,,,,,,,0.4923,2022-09-13T13:31:00+00:00,136,2307
trade,2022-09-19,SPY,Long,2022-09-19T14:32:00+00:00,2022-09-19T15:26:00+00:00,385.4406,385.5493,0.78,0.08,0.000282,3240000,ScoreExit,0.2665,-0.1034,-0.0870,0.2530,0.4113,-0.5279,-0.2854,0.4020,,,
summary,2022-09-19,SPY,,,,,,,0.08,,1,,,,,,,,,,0.8899,2022-09-16T14:36:00+00:00,595,1199
trade,2022-09-19,QQQ,Long,2022-09-19T14:47:00+00:00,2022-09-19T15:22:00+00:00,289.7219,288.6884,1.04,-1.07,-0.003567,2100000,ScoreExit,0.3740,-0.0603,0.3597,0.2970,0.5327,-0.5464,-0.1847,0.3504,,,
summary,2022-09-19,QQQ,,,,,,,-1.07,,1,,,,,,,,,,0.8951,2022-09-16T14:34:00+00:00,552,1167
trade,2022-09-19,AAPL,Long,2022-09-19T14:01:00+00:00,2022-09-19T15:56:00+00:00,150.9303,152.1094,1.99,2.34,0.007812,6900000,SessionClose,0.3780,0.0313,0.1827,0.2737,0.6518,-0.3163,-0.2088,0.6274,,,
summary,2022-09-19,AAPL,,,,,,,2.34,,1,,,,,,,,,,0.6127,2022-09-16T18:53:00+00:00,599,1114
trade,2022-09-19,NVDA,Long,2022-09-19T14:09:00+00:00,2022-09-19T15:26:00+00:00,132.1046,132.8851,2.27,1.77,0.005908,4620000,ScoreExit,0.3211,-0.0638,-0.4775,0.1421,0.9453,-0.5214,-0.3845,0.7301,,,
summary,2022-09-19,NVDA,,,,,,,1.77,,1,,,,,,,,,,1.0000,2022-09-16T13:39:00+00:00,951,1079
summary,2022-09-19,MSFT,,,,,,,0.00,,0,,,,,,,,,,0.6359,2022-09-16T19:08:00+00:00,313,956
summary,2022-09-20,SPY,,,,,,,0.00,,0,,,,,,,,,,0.5925,2022-09-19T14:40:00+00:00,806,1559
summary,2022-09-20,QQQ,,,,,,,0.00,,0,,,,,,,,,,0.5877,2022-09-19T14:41:00+00:00,971,1544
trade,2022-09-20,AAPL,Long,2022-09-20T13:36:00+00:00,2022-09-20T15:37:00+00:00,153.9469,156.3581,1.95,4.70,0.015663,7260000,MaxHoldTimeout,0.3452,0.2534,0.1987,0.2764,0.5318,-0.5389,0.1061,0.8119,,,
summary,2022-09-20,AAPL,,,,,,,4.70,,1,,,,,,,,,,0.6443,2022-09-19T13:58:00+00:00,1205,1455
trade,2022-09-20,NVDA,Long,2022-09-20T14:12:00+00:00,2022-09-20T15:56:00+00:00,133.1849,134.6846,2.25,3.38,0.011260,6240000,SessionClose,0.2284,0.4348,-0.2018,0.1864,0.4557,0.5524,0.3035,0.6583,,,
summary,2022-09-20,NVDA,,,,,,,3.38,,1,,,,,,,,,,0.7210,2022-09-19T13:33:00+00:00,765,1333
summary,2022-09-20,MSFT,,,,,,,0.00,,0,,,,,,,,,,0.5625,2022-09-19T14:13:00+00:00,557,1118
summary,2022-09-21,SPY,,,,,,,0.00,,0,,,,,,,,,,0.5925,2022-09-19T14:40:00+00:00,1107,2420
summary,2022-09-21,QQQ,,,,,,,0.00,,0,,,,,,,,,,0.5877,2022-09-19T14:41:00+00:00,1457,2401
summary,2022-09-21,AAPL,,,,,,,0.00,,0,,,,,,,,,,0.6443,2022-09-19T13:58:00+00:00,1785,2267
trade,2022-09-21,NVDA,Long,2022-09-21T14:36:00+00:00,2022-09-21T15:56:00+00:00,133.8368,134.7796,2.24,2.12,0.007044,4800000,SessionClose,0.1658,0.2173,-0.5443,0.1648,0.4046,-0.1723,0.1292,0.5233,,,
summary,2022-09-21,NVDA,,,,,,,2.12,,1,,,,,,,,,,0.7210,2022-09-19T13:33:00+00:00,1148,2041
summary,2022-09-21,MSFT,,,,,,,0.00,,0,,,,,,,,,,0.5625,2022-09-19T14:13:00+00:00,952,1711
summary,2022-09-22,SPY,,,,,,,0.00,,0,,,,,,,,,,0.9561,2022-09-19T14:40:00+00:00,1118,3051
summary,2022-09-22,QQQ,,,,,,,0.00,,0,,,,,,,,,,0.9554,2022-09-19T14:41:00+00:00,1355,3036
summary,2022-09-22,AAPL,,,,,,,0.00,,0,,,,,,,,,,0.9570,2022-09-19T14:43:00+00:00,1686,2906
summary,2022-09-22,NVDA,,,,,,,0.00,,0,,,,,,,,,,1.0000,2022-09-19T13:32:00+00:00,1211,2686
summary,2022-09-22,MSFT,,,,,,,0.00,,0,,,,,,,,,,0.9207,2022-09-19T14:40:00+00:00,902,2291
summary,2022-09-23,SPY,,,,,,,0.00,,0,,,,,,,,,,0.5837,2022-09-20T16:04:00+00:00,757,3088
summary,2022-09-23,QQQ,,,,,,,0.00,,0,,,,,,,,,,0.7826,2022-09-20T14:59:00+00:00,820,3091
summary,2022-09-23,AAPL,,,,,,,0.00,,0,,,,,,,,,,0.9530,2022-09-20T14:49:00+00:00,985,2929
summary,2022-09-23,NVDA,,,,,,,0.00,,0,,,,,,,,,,0.9543,2022-09-20T14:51:00+00:00,694,2760
summary,2022-09-23,MSFT,,,,,,,0.00,,0,,,,,,,,,,0.8869,2022-09-20T13:46:00+00:00,802,2357
trade,2022-09-26,SPY,Long,2022-09-26T13:55:00+00:00,2022-09-26T14:49:00+00:00,368.2955,367.7946,0.81,-0.41,-0.001360,3240000,ScoreExit,0.2400,-0.0709,0.0270,0.1929,0.4051,-0.5485,-0.1965,0.3395,,,
summary,2022-09-26,SPY,,,,,,,-0.41,,1,,,,,,,,,,0.5604,2022-09-23T19:44:00+00:00,318,1199
summary,2022-09-26,QQQ,,,,,,,0.00,,0,,,,,,,,,,0.5799,2022-09-26T13:59:00+00:00,491,1200
trade,2022-09-26,AAPL,Long,2022-09-26T13:34:00+00:00,2022-09-26T15:06:00+00:00,150.9703,152.2493,1.99,2.54,0.008472,5520000,ScoreExit,0.4815,-0.0607,0.5856,0.3067,0.7964,-0.5142,-0.3258,0.6205,,,
summary,2022-09-26,AAPL,,,,,,,2.54,,1,,,,,,,,,,0.6383,2022-09-26T13:59:00+00:00,574,1127
trade,2022-09-26,NVDA,Long,2022-09-26T13:51:00+00:00,2022-09-26T14:46:00+00:00,125.2526,124.8675,2.39,-0.92,-0.003074,3300000,ScoreExit,0.3173,-0.0754,0.3346,0.0428,0.8607,-0.5634,-0.3828,0.7021,,,
summary,2022-09-26,NVDA,,,,,,,-0.92,,1,,,,,,,,,,1.0000,2022-09-23T13:34:00+00:00,514,1076
trade,2022-09-26,MSFT,Long,2022-09-26T13:40:00+00:00,2022-09-26T15:06:00+00:00,239.6069,239.7730,1.25,0.21,0.000694,5160000,ScoreExit,0.5068,-0.0742,0.5721,0.3811,0.7363,-0.5262,-0.3501,0.6282,,,
summary,2022-09-26,MSFT,,,,,,,0.21,,1,,,,,,,,,,0.9358,2022-09-23T14:53:00+00:00,362,952
trade,2022-09-27,SPY,Long,2022-09-27T13:31:00+00:00,2022-09-27T14:01:00+00:00,367.8253,367.1848,0.82,-0.52,-0.001741,1800000,ScoreExit,0.1830,-0.1659,-0.5707,0.1574,0.4854,-0.5370,-0.3874,0.4006,,,
trade,2022-09-27,SPY,Long,2022-09-27T14:41:00+00:00,2022-09-27T15:16:00+00:00,367.8153,367.0449,0.82,-0.63,-0.002095,2100000,ScoreExit,0.2354,-0.1106,-0.0292,0.1829,0.4287,-0.5473,-0.1493,0.1123,,,
summary,2022-09-27,SPY,,,,,,,-1.15,,2,,,,,,,,,,0.6343,2022-09-26T14:16:00+00:00,600,1595
trade,2022-09-27,QQQ,Long,2022-09-27T13:31:00+00:00,2022-09-27T14:01:00+00:00,277.7883,277.1518,1.08,-0.69,-0.002291,1800000,ScoreExit,0.3200,-0.1514,-0.3986,0.3375,0.5246,-0.5493,-0.3962,0.4709,,,
trade,2022-09-27,QQQ,Long,2022-09-27T14:41:00+00:00,2022-09-27T15:16:00+00:00,277.5682,277.0219,1.08,-0.59,-0.001968,2100000,ScoreExit,0.2110,-0.0952,-0.0781,0.1235,0.4822,-0.5525,-0.1401,0.1471,,,
summary,2022-09-27,QQQ,,,,,,,-1.28,,2,,,,,,,,,,0.6691,2022-09-26T14:16:00+00:00,644,1620
trade,2022-09-27,AAPL,Long,2022-09-27T14:41:00+00:00,2022-09-27T15:01:00+00:00,153.0709,153.3790,1.96,0.60,0.002013,1200000,ScoreExit,0.2358,-0.0624,0.0441,0.0918,0.5875,-0.2228,-0.2201,0.3066,,,
summary,2022-09-27,AAPL,,,,,,,0.60,,1,,,,,,,,,,0.7309,2022-09-26T14:16:00+00:00,650,1455
summary,2022-09-27,NVDA,,,,,,,0.00,,0,,,,,,,,,,0.9116,2022-09-26T08:22:00+00:00,565,1378
trade,2022-09-27,MSFT,Long,2022-09-27T13:42:00+00:00,2022-09-27T14:01:00+00:00,241.2574,238.8833,1.24,-2.95,-0.009840,1140000,ScoreExit,0.2369,-0.1790,0.0150,0.1563,0.4720,-0.5291,-0.3571,0.2937,,,
trade,2022-09-27,MSFT,Long,2022-09-27T14:53:00+00:00,2022-09-27T15:02:00+00:00,239.8569,239.2932,1.25,-0.70,-0.002350,540000,ScoreExit,0.1580,-0.0910,0.0057,0.0592,0.4062,-0.5666,-0.0960,0.0775,,,
summary,2022-09-27,MSFT,,,,,,,-3.66,,2,,,,,,,,,,0.7692,2022-09-26T08:30:00+00:00,444,1166
summary,2022-09-28,SPY,,,,,,,0.00,,0,,,,,,,,,,0.6343,2022-09-26T14:16:00+00:00,974,2519
summary,2022-09-28,QQQ,,,,,,,0.00,,0,,,,,,,,,,0.6691,2022-09-26T14:16:00+00:00,1132,2552
summary,2022-09-28,AAPL,,,,,,,0.00,,0,,,,,,,,,,0.7309,2022-09-26T14:16:00+00:00,873,2355
trade,2022-09-28,NVDA,Long,2022-09-28T13:37:00+00:00,2022-09-28T15:38:00+00:00,124.5423,126.6870,2.41,5.17,0.017220,7260000,MaxHoldTimeout,0.3813,0.1258,0.2428,0.3394,0.5111,0.2781,-0.1646,0.6560,,,
summary,2022-09-28,NVDA,,,,,,,5.17,,1,,,,,,,,,,0.9116,2022-09-26T08:22:00+00:00,1111,2155
summary,2022-09-28,MSFT,,,,,,,0.00,,0,,,,,,,,,,0.7692,2022-09-26T08:30:00+00:00,770,1851
summary,2022-09-29,SPY,,,,,,,0.00,,0,,,,,,,,,,0.9023,2022-09-26T14:16:00+00:00,1253,3126
summary,2022-09-29,QQQ,,,,,,,0.00,,0,,,,,,,,,,0.8972,2022-09-26T14:16:00+00:00,1338,3149
summary,2022-09-29,AAPL,,,,,,,0.00,,0,,,,,,,,,,1.0000,2022-09-26T13:36:00+00:00,826,3010
summary,2022-09-29,NVDA,,,,,,,0.00,,0,,,,,,,,,,1.0000,2022-09-26T13:36:00+00:00,1231,2688
summary,2022-09-29,MSFT,,,,,,,0.00,,0,,,,,,,,,,1.0000,2022-09-26T13:33:00+00:00,784,2303
summary,2022-09-30,SPY,,,,,,,0.00,,0,,,,,,,,,,0.8942,2022-09-27T13:40:00+00:00,931,3139
summary,2022-09-30,QQQ,,,,,,,0.00,,0,,,,,,,,,,0.9355,2022-09-27T13:40:00+00:00,903,3144
summary,2022-09-30,AAPL,,,,,,,0.00,,0,,,,,,,,,,1.0000,2022-09-27T13:33:00+00:00,380,3075
trade,2022-09-30,NVDA,Long,2022-09-30T14:39:00+00:00,2022-09-30T15:41:00+00:00,125.2626,124.9925,2.40,-0.65,-0.002156,3720000,ScoreExit,0.4810,-0.1094,0.2947,0.4405,0.6243,-0.5621,-0.3388,0.5003,,,
summary,2022-09-30,NVDA,,,,,,,-0.65,,1,,,,,,,,,,1.0000,2022-09-27T13:34:00+00:00,955,2638
summary,2022-09-30,MSFT,,,,,,,0.00,,0,,,,,,,,,,1.0000,2022-09-27T13:37:00+00:00,846,2311
trade,2022-10-03,SPY,Long,2022-10-03T14:05:00+00:00,2022-10-03T15:41:00+00:00,362.6128,363.8958,0.83,1.06,0.003538,5760000,ScoreExit,0.4163,-0.0572,0.5223,0.2620,0.6894,-0.5428,-0.3019,0.5939,,,
summary,2022-10-03,SPY,,,,,,,1.06,,1,,,,,,,,,,0.9490,2022-09-30T15:04:00+00:00,574,1198
trade,2022-10-03,QQQ,Long,2022-10-03T14:35:00+00:00,2022-10-03T15:37:00+00:00,271.8165,271.0437,1.10,-0.85,-0.002843,3720000,ScoreExit,0.5204,-0.0520,0.4703,0.4750,0.6278,-0.5836,-0.2071,0.4356,,,
summary,2022-10-03,QQQ,,,,,,,-0.85,,1,,,,,,,,,,0.9531,2022-09-30T14:59:00+00:00,445,1190
trade,2022-10-03,AAPL,Long,2022-10-03T14:11:00+00:00,2022-10-03T15:36:00+00:00,140.0050,140.4628,2.14,0.98,0.003270,5100000,ScoreExit,0.3280,-0.0574,-0.0339,0.3109,0.4828,-0.5659,-0.3281,0.6534,,,
summary,2022-10-03,AAPL,,,,,,,0.98,,1,,,,,,,,,,1.0000,2022-09-30T13:33:00+00:00,443,1177
trade,2022-10-03,NVDA,Long,2022-10-03T14:01:00+00:00,2022-10-03T15:56:00+00:00,123.4820,124.1877,2.43,1.72,0.005715,6900000,SessionClose,0.5053,0.0131,0.5266,0.3952,0.7183,-0.5471,-0.3151,0.8563,,,
summary,2022-10-03,NVDA,,,,,,,1.72,,1,,,,,,,,,,1.0000,2022-09-30T13:31:00+00:00,649,1048
trade,2022-10-03,MSFT,Long,2022-10-03T13:49:00+00:00,2022-10-03T13:56:00+00:00,236.6540,235.5356,1.27,-1.42,-0.004726,420000,ScoreExit,0.4368,-0.0874,0.3980,0.3571,0.6089,-0.4860,-0.2379,0.3466,,,
trade,2022-10-03,MSFT,Long,2022-10-03T14:01:00+00:00,2022-10-03T15:56:00+00:00,236.1858,237.2688,1.27,1.38,0.004585,6900000,SessionClose,0.3477,0.1532,0.3400,0.2228,0.6003,0.2666,-0.1281,0.6780,,,
summary,2022-10-03,MSFT,,,,,,,-0.04,,2,,,,,,,,,,0.9887,2022-09-30T13:33:00+00:00,540,1003
trade,2022-10-04,SPY,Long,2022-10-04T14:54:00+00:00,2022-10-04T15:56:00+00:00,376.5979,376.4520,0.80,-0.12,-0.000387,3720000,SessionClose,0.2179,0.1572,0.0548,0.0002,0.7077,-0.4395,-0.0070,0.6847,,,
summary,2022-10-04,SPY,,,,,,,-0.12,,1,,,,,,,,,,0.7561,2022-10-03T09:32:00+00:00,1405,1613
trade,2022-10-04,QQQ,Long,2022-10-04T14:54:00+00:00,2022-10-04T15:56:00+00:00,282.5697,281.7305,1.06,-0.89,-0.002970,3720000,SessionClose,0.3254,0.1713,0.2405,0.1338,0.7368,-0.3202,-0.0145,0.7067,,,
summary,2022-10-04,QQQ,,,,,,,-0.89,,1,,,,,,,,,,0.8182,2022-10-03T09:34:00+00:00,1404,1601
trade,2022-10-04,AAPL,Long,2022-10-04T14:59:00+00:00,2022-10-04T15:34:00+00:00,145.8487,144.9815,2.06,-1.79,-0.005946,2100000,ScoreExit,0.2455,-0.0501,0.3691,0.0059,0.6836,-0.5486,-0.2873,0.5907,,,
summary,2022-10-04,AAPL,,,,,,,-1.79,,1,,,,,,,,,,0.8897,2022-10-03T09:31:00+00:00,1362,1519
trade,2022-10-04,NVDA,Long,2022-10-04T14:54:00+00:00,2022-10-04T15:56:00+00:00,131.8341,131.8704,2.28,0.08,0.000275,3720000,SessionClose,0.6043,0.3963,0.5234,0.4787,0.8823,0.4666,0.1649,0.8358,,,
summary,2022-10-04,NVDA,,,,,,,0.08,,1,,,,,,,,,,0.7346,2022-10-03T09:59:00+00:00,1184,1341
summary,2022-10-04,MSFT,,,,,,,0.00,,0,,,,,,,,,,0.7035,2022-10-03T08:21:00+00:00,1053,1185
summary,2022-10-05,SPY,,,,,,,0.00,,0,,,,,,,,,,0.7561,2022-10-03T09:32:00+00:00,2006,2506
summary,2022-10-05,QQQ,,,,,,,0.00,,0,,,,,,,,,,0.8182,2022-10-03T09:34:00+00:00,1963,2480
summary,2022-10-05,AAPL,,,,,,,0.00,,0,,,,,,,,,,0.8897,2022-10-03T09:31:00+00:00,1946,2313
summary,2022-10-05,NVDA,,,,,,,0.00,,0,,,,,,,,,,0.7346,2022-10-03T09:59:00+00:00,1666,2081
summary,2022-10-05,MSFT,,,,,,,0.00,,0,,,,,,,,,,0.7035,2022-10-03T08:21:00+00:00,1458,1772
summary,2022-10-06,SPY,,,,,,,0.00,,0,,,,,,,,,,0.9575,2022-10-03T14:47:00+00:00,2276,3101
summary,2022-10-06,QQQ,,,,,,,0.00,,0,,,,,,,,,,0.9567,2022-10-03T14:47:00+00:00,2251,3075
summary,2022-10-06,AAPL,,,,,,,0.00,,0,,,,,,,,,,1.0000,2022-10-03T13:36:00+00:00,2261,2844
trade,2022-10-06,NVDA,Long,2022-10-06T14:46:00+00:00,2022-10-06T15:44:00+00:00,132.7048,133.0251,2.26,0.73,0.002413,3480000,ScoreExit,0.2170,-0.0691,-0.0181,0.0653,0.5986,-0.3924,-0.2342,0.3688,,,
summary,2022-10-06,NVDA,,,,,,,0.73,,1,,,,,,,,,,0.9568,2022-10-03T14:46:00+00:00,2045,2645
summary,2022-10-06,MSFT,,,,,,,0.00,,0,,,,,,,,,,0.9562,2022-10-03T14:46:00+00:00,1691,2241
summary,2022-10-07,SPY,,,,,,,0.00,,0,,,,,,,,,,0.9427,2022-10-04T14:58:00+00:00,908,3026
summary,2022-10-07,QQQ,,,,,,,0.00,,0,,,,,,,,,,0.9558,2022-10-04T14:58:00+00:00,1028,3015
summary,2022-10-07,AAPL,,,,,,,0.00,,0,,,,,,,,,,0.8969,2022-10-04T14:01:00+00:00,1179,2748
summary,2022-10-07,NVDA,,,,,,,0.00,,0,,,,,,,,,,1.0000,2022-10-04T13:39:00+00:00,1295,2698
summary,2022-10-07,MSFT,,,,,,,0.00,,0,,,,,,,,,,0.9019,2022-10-04T14:01:00+00:00,724,2223
summary,2022-10-10,SPY,,,,,,,0.00,,0,,,,,,,,,,0.4297,2022-10-10T17:54:00+00:00,77,1168
summary,2022-10-10,QQQ,,,,,,,0.00,,0,,,,,,,,,,0.3159,2022-10-10T12:59:00+00:00,10,1186
summary,2022-10-10,AAPL,,,,,,,0.00,,0,,,,,,,,,,0.6053,2022-10-07T13:39:00+00:00,242,1143
summary,2022-10-10,NVDA,,,,,,,0.00,,0,,,,,,,,,,1.0000,2022-10-07T13:33:00+00:00,151,1075
summary,2022-10-10,MSFT,,,,,,,0.00,,0,,,,,,,,,,0.4577,2022-10-07T13:36:00+00:00,57,978
summary,2022-10-11,SPY,,,,,,,0.00,,0,,,,,,,,,,0.7702,2022-10-10T09:30:00+00:00,619,1559
summary,2022-10-11,QQQ,,,,,,,0.00,,0,,,,,,,,,,0.7656,2022-10-10T09:30:00+00:00,615,1589
summary,2022-10-11,AAPL,,,,,,,0.00,,0,,,,,,,,,,0.8075,2022-10-10T09:34:00+00:00,857,1437
summary,2022-10-11,NVDA,,,,,,,0.00,,0,,,,,,,,,,0.7558,2022-10-10T17:50:00+00:00,559,1352
summary,2022-10-11,MSFT,,,,,,,0.00,,0,,,,,,,,,,0.9046,2022-10-10T09:47:00+00:00,312,1127
summary,2022-10-12,SPY,,,,,,,0.00,,0,,,,,,,,,,0.7702,2022-10-10T09:30:00+00:00,804,2450
summary,2022-10-12,QQQ,,,,,,,0.00,,0,,,,,,,,,,0.7656,2022-10-10T09:30:00+00:00,791,2473
summary,2022-10-12,AAPL,,,,,,,0.00,,0,,,,,,,,,,0.8075,2022-10-10T09:34:00+00:00,1052,2220
summary,2022-10-12,NVDA,,,,,,,0.00,,0,,,,,,,,,,0.7558,2022-10-10T17:50:00+00:00,883,2054
summary,2022-10-12,MSFT,,,,,,,0.00,,0,,,,,,,,,,0.9046,2022-10-10T09:47:00+00:00,339,1744
summary,2022-10-13,SPY,,,,,,,0.00,,0,,,,,,,,,,0.8291,2022-10-13T15:38:00+00:00,844,3038
summary,2022-10-13,QQQ,,,,,,,0.00,,0,,,,,,,,,,0.8218,2022-10-13T15:38:00+00:00,896,3013
summary,2022-10-13,AAPL,,,,,,,0.00,,0,,,,,,,,,,0.8836,2022-10-10T14:27:00+00:00,1169,2710
summary,2022-10-13,NVDA,,,,,,,0.00,,0,,,,,,,,,,0.7693,2022-10-13T15:18:00+00:00,1248,2542
summary,2022-10-13,MSFT,,,,,,,0.00,,0,,,,,,,,,,0.7629,2022-10-13T15:38:00+00:00,537,2184
summary,2022-10-14,SPY,,,,,,,0.00,,0,,,,,,,,,,0.9592,2022-10-11T15:03:00+00:00,1615,3052
summary,2022-10-14,QQQ,,,,,,,0.00,,0,,,,,,,,,,0.9431,2022-10-11T15:03:00+00:00,1564,3020
summary,2022-10-14,AAPL,,,,,,,0.00,,0,,,,,,,,,,0.8984,2022-10-11T15:04:00+00:00,1228,2769
summary,2022-10-14,NVDA,,,,,,,0.00,,0,,,,,,,,,,0.9291,2022-10-11T13:31:00+00:00,1389,2496
summary,2022-10-14,MSFT,,,,,,,0.00,,0,,,,,,,,,,0.7641,2022-10-13T15:38:00+00:00,1218,2196
summary,2022-10-17,SPY,,,,,,,0.00,,0,,,,,,,,,,0.8443,2022-10-14T13:39:00+00:00,611,1172
summary,2022-10-17,QQQ,,,,,,,0.00,,0,,,,,,,,,,0.6362,2022-10-14T13:39:00+00:00,545,1171
trade,2022-10-17,AAPL,Long,2022-10-17T13:31:00+00:00,2022-10-17T14:51:00+00:00,141.0873,141.2718,2.13,0.39,0.001308,4800000,ScoreExit,0.3318,-0.0533,-0.3568,0.2055,0.8140,-0.5090,-0.3643,0.7207,,,
summary,2022-10-17,AAPL,,,,,,,0.39,,1,,,,,,,,,,0.5457,2022-10-17T13:04:00+00:00,588,1130
summary,2022-10-17,NVDA,,,,,,,0.00,,0,,,,,,,,,,0.8180,2022-10-17T13:37:00+00:00,495,1075
trade,2022-10-17,MSFT,Long,2022-10-17T13:59:00+00:00,2022-10-17T14:53:00+00:00,237.0961,235.6843,1.27,-1.79,-0.005955,3240000,ScoreExit,0.3488,-0.0513,-0.5744,0.2335,0.8872,-0.5965,-0.3733,0.7745,,,
summary,2022-10-17,MSFT,,,,,,,-1.79,,1,,,,,,,,,,0.7713,2022-10-17T13:49:00+00:00,500,972
trade,2022-10-18,SPY,Long,2022-10-18T14:06:00+00:00,2022-10-18T14:21:00+00:00,373.7671,373.2880,0.80,-0.38,-0.001282,900000,ScoreExit,0.1934,-0.0980,0.2267,0.0550,0.4591,-0.2949,-0.3438,0.4591,,,
summary,2022-10-18,SPY,,,,,,,-0.38,,1,,,,,,,,,,0.6933,2022-10-17T13:36:00+00:00,1223,1614
summary,2022-10-18,QQQ,,,,,,,0.00,,0,,,,,,,,,,0.7558,2022-10-17T09:30:00+00:00,1279,1615
trade,2022-10-18,AAPL,Long,2022-10-18T14:46:00+00:00,2022-10-18T15:06:00+00:00,145.3036,145.0115,2.07,-0.60,-0.002010,1200000,ScoreExit,0.2510,-0.1054,0.2883,0.0619,0.6167,-0.0616,-0.3859,0.4409,,,
summary,2022-10-18,AAPL,,,,,,,-0.60,,1,,,,,,,,,,0.6027,2022-10-17T13:04:00+00:00,1171,1489
summary,2022-10-18,NVDA,,,,,,,0.00,,0,,,,,,,,,,0.8191,2022-10-17T13:37:00+00:00,1036,1335
summary,2022-10-18,MSFT,,,,,,,0.00,,0,,,,,,,,,,0.8086,2022-10-17T13:49:00+00:00,775,1194
summary,2022-10-19,SPY,,,,,,,0.00,,0,,,,,,,,,,0.6933,2022-10-17T13:36:00+00:00,1591,2539
summary,2022-10-19,QQQ,,,,,,,0.00,,0,,,,,,,,,,0.7558,2022-10-17T09:30:00+00:00,1637,2552
summary,2022-10-19,AAPL,,,,,,,0.00,,0,,,,,,,,,,0.6027,2022-10-17T13:04:00+00:00,1690,2387
trade,2022-10-19,NVDA,Long,2022-10-19T14:46:00+00:00,2022-10-19T15:56:00+00:00,122.2517,121.9984,2.46,-0.62,-0.002072,4200000,SessionClose,0.2657,0.2659,-0.3055,0.2588,0.4698,0.5890,0.0727,0.5448,,,
summary,2022-10-19,NVDA,,,,,,,-0.62,,1,,,,,,,,,,0.8191,2022-10-17T13:37:00+00:00,1485,2124
summary,2022-10-19,MSFT,,,,,,,0.00,,0,,,,,,,,,,0.8086,2022-10-17T13:49:00+00:00,940,1875
summary,2022-10-20,SPY,,,,,,,0.00,,0,,,,,,,,,,0.9027,2022-10-17T13:40:00+00:00,1595,3144
trade,2022-10-20,QQQ,Long,2022-10-20T14:31:00+00:00,2022-10-20T15:27:00+00:00,274.2472,273.6929,1.09,-0.61,-0.002021,3360000,ScoreExit,0.2821,-0.0759,-0.1243,0.2614,0.4591,-0.4314,-0.2318,0.3545,,,
summary,2022-10-20,QQQ,,,,,,,-0.61,,1,,,,,,,,,,1.0000,2022-10-17T13:40:00+00:00,1629,3143
trade,2022-10-20,AAPL,Long,2022-10-20T14:31:00+00:00,2022-10-20T15:47:00+00:00,145.4736,145.3664,2.06,-0.22,-0.000737,4560000,MaxHoldTimeout,0.1805,0.1805,-0.3814,0.1375,0.4537,-0.3874,0.1701,0.3906,,,
summary,2022-10-20,AAPL,,,,,,,-0.22,,1,,,,,,,,,,1.0000,2022-10-17T13:41:00+00:00,1894,2925
summary,2022-10-20,NVDA,,,,,,,0.00,,0,,,,,,,,,,1.0000,2022-10-17T13:32:00+00:00,1765,2641
trade,2022-10-20,MSFT,Long,2022-10-20T14:31:00+00:00,2022-10-20T15:16:00+00:00,240.9673,239.5181,1.25,-1.80,-0.006014,2700000,ScoreExit,0.3430,-0.0714,0.1820,0.2923,0.4982,-0.4637,-0.2604,0.4374,,,
summary,2022-10-20,MSFT,,,,,,,-1.80,,1,,,,,,,,,,1.0000,2022-10-17T13:40:00+00:00,1009,2337
summary,2022-10-21,SPY,,,,,,,0.00,,0,,,,,,,,,,0.6629,2022-10-18T20:18:00+00:00,910,3086
summary,2022-10-21,QQQ,,,,,,,0.00,,0,,,,,,,,,,0.7251,2022-10-18T20:19:00+00:00,907,3101
summary,2022-10-21,AAPL,,,,,,,0.00,,0,,,,,,,,,,0.6683,2022-10-18T13:32:00+00:00,1297,2853
summary,2022-10-21,NVDA,,,,,,,0.00,,0,,,,,,,,,,0.7847,2022-10-19T14:28:00+00:00,1360,2631
summary,2022-10-21,MSFT,,,,,,,0.00,,0,,,,,,,,,,0.7119,2022-10-18T20:03:00+00:00,695,2271
trade,2022-10-24,SPY,Long,2022-10-24T14:38:00+00:00,2022-10-24T15:56:00+00:00,375.7077,377.8716,0.80,1.73,0.005760,4680000,SessionClose,0.2261,0.4833,0.3691,0.0206,0.5893,0.5483,0.3942,0.6400,,,
summary,2022-10-24,SPY,,,,,,,1.73,,1,,,,,,,,,,0.9441,2022-10-21T13:46:00+00:00,1054,1205
trade,2022-10-24,QQQ,Long,2022-10-24T13:37:00+00:00,2022-10-24T14:01:00+00:00,275.6777,274.8025,1.09,-0.95,-0.003175,1440000,ScoreExit,0.2269,-0.1191,0.3590,0.0311,0.5743,-0.5348,-0.3913,0.5639,,,
trade,2022-10-24,QQQ,Long,2022-10-24T14:42:00+00:00,2022-10-24T15:56:00+00:00,274.2673,276.7719,1.09,2.74,0.009132,4440000,SessionClose,0.1723,0.5040,0.1465,0.0038,0.5179,0.5602,0.4274,0.6383,,,
summary,2022-10-24,QQQ,,,,,,,1.79,,2,,,,,,,,,,0.9431,2022-10-21T13:46:00+00:00,1047,1200
trade,2022-10-24,AAPL,Long,2022-10-24T13:36:00+00:00,2022-10-24T14:21:00+00:00,147.2392,146.2211,2.04,-2.08,-0.006914,2700000,ScoreExit,0.4060,-0.0911,0.3175,0.2798,0.6879,-0.5400,-0.3040,0.4843,,,
trade,2022-10-24,AAPL,Long,2022-10-24T14:38:00+00:00,2022-10-24T15:56:00+00:00,147.1091,148.2205,2.04,2.27,0.007555,4680000,SessionClose,0.2793,0.4807,0.3647,0.0868,0.6359,0.5318,0.3601,0.7048,,,
summary,2022-10-24,AAPL,,,,,,,0.19,,2,,,,,,,,,,0.9423,2022-10-21T13:46:00+00:00,1050,1161
summary,2022-10-24,NVDA,,,,,,,0.00,,0,,,,,,,,,,1.0000,2022-10-21T13:32:00+00:00,896,1078
trade,2022-10-24,MSFT,Long,2022-10-24T13:41:00+00:00,2022-10-24T14:06:00+00:00,243.4580,242.8321,1.23,-0.77,-0.002571,1500000,ScoreExit,0.1866,-0.0582,-0.1407,0.0048,0.6595,-0.5894,-0.3179,0.6384,,,
trade,2022-10-24,MSFT,Long,2022-10-24T14:38:00+00:00,2022-10-24T15:56:00+00:00,243.3706,245.6113,1.23,2.76,0.009207,4680000,SessionClose,0.2818,0.5303,0.3926,0.0850,0.6384,0.5412,0.4337,0.7198,,,
summary,2022-10-24,MSFT,,,,,,,1.99,,2,,,,,,,,,,0.9294,2022-10-21T13:46:00+00:00,967,1033
summary,2022-10-25,SPY,,,,,,,0.00,,0,,,,,,,,,,0.6378,2022-10-24T10:19:00+00:00,1209,1594
trade,2022-10-25,QQQ,Long,2022-10-25T14:52:00+00:00,2022-10-25T15:56:00+00:00,282.4397,283.7099,1.06,1.35,0.004497,3840000,SessionClose,0.2531,0.2715,0.4595,0.0327,0.6250,0.4557,0.0329,0.6872,,,
summary,2022-10-25,QQQ,,,,,,,1.35,,1,,,,,,,,,,0.6368,2022-10-25T13:54:00+00:00,1237,1574
summary,2022-10-25,AAPL,,,,,,,0.00,,0,,,,,,,,,,0.6566,2022-10-24T10:33:00+00:00,1165,1467
summary,2022-10-25,NVDA,,,,,,,0.00,,0,,,,,,,,,,0.9582,2022-10-24T09:49:00+00:00,1054,1243
trade,2022-10-25,MSFT,Long,2022-10-25T13:46:00+00:00,2022-10-25T15:47:00+00:00,247.1990,249.6381,1.21,2.96,0.009867,7260000,MaxHoldTimeout,0.3212,0.4199,0.2414,0.1846,0.6211,0.2436,0.3523,0.6141,,,
summary,2022-10-25,MSFT,,,,,,,2.96,,1,,,,,,,,,,0.9600,2022-10-24T09:55:00+00:00,1039,1230
summary,2022-10-26,SPY,,,,,,,0.00,,0,,,,,,,,,,0.6378,2022-10-24T10:19:00+00:00,1694,2516
summary,2022-10-26,QQQ,,,,,,,0.00,,0,,,,,,,,,,0.6368,2022-10-25T13:54:00+00:00,1589,2507
summary,2022-10-26,AAPL,,,,,,,0.00,,0,,,,,,,,,,0.6566,2022-10-24T10:33:00+00:00,1603,2360
trade,2022-10-26,NVDA,Long,2022-10-26T14:06:00+00:00,2022-10-26T15:56:00+00:00,130.6042,132.9051,2.30,5.30,0.017618,6600000,SessionClose,0.2278,0.1038,-0.4353,0.1588,0.5867,-0.2581,-0.0864,0.6049,,,
summary,2022-10-26,NVDA,,,,,,,5.30,,1,,,,,,,,,,0.9582,2022-10-24T09:49:00+00:00,1513,2030
summary,2022-10-26,MSFT,,,,,,,0.00,,0,,,,,,,,,,0.9600,2022-10-24T09:55:00+00:00,1041,2162
summary,2022-10-27,SPY,,,,,,,0.00,,0,,,,,,,,,,0.9386,2022-10-24T13:45:00+00:00,1850,3109
summary,2022-10-27,QQQ,,,,,,,0.00,,0,,,,,,,,,,0.9241,2022-10-24T13:45:00+00:00,1428,3122
summary,2022-10-27,AAPL,,,,,,,0.00,,0,,,,,,,,,,0.9182,2022-10-24T13:45:00+00:00,1501,2952
trade,2022-10-27,NVDA,Long,2022-10-27T14:24:00+00:00,2022-10-27T15:12:00+00:00,135.3556,134.3247,2.23,-2.30,-0.007616,2880000,ScoreExit,0.2617,-0.0987,0.1234,0.1860,0.4594,-0.3267,-0.2041,0.1881,,,
summary,2022-10-27,NVDA,,,,,,,-2.30,,1,,,,,,,,,,0.8246,2022-10-25T13:59:00+00:00,1942,2636
summary,2022-10-27,MSFT,,,,,,,0.00,,0,,,,,,,,,,1.0000,2022-10-24T13:37:00+00:00,910,2786
trade,2022-10-28,SPY,Long,2022-10-28T14:02:00+00:00,2022-10-28T15:56:00+00:00,383.1799,385.9392,0.78,2.16,0.007201,6840000,SessionClose,0.2255,0.1193,0.2360,0.1197,0.4337,0.1997,-0.0803,0.4916,,,
summary,2022-10-28,SPY,,,,,,,2.16,,1,,,,,,,,,,0.8946,2022-10-25T13:55:00+00:00,1305,3103
summary,2022-10-28,QQQ,,,,,,,0.00,,0,,,,,,,,,,0.9037,2022-10-25T13:49:00+00:00,886,3172
summary,2022-10-28,AAPL,,,,,,,0.00,,0,,,,,,,,,,0.8977,2022-10-25T13:52:00+00:00,996,3079
trade,2022-10-28,NVDA,Long,2022-10-28T13:56:00+00:00,2022-10-28T14:11:00+00:00,134.7154,131.9453,2.23,-6.19,-0.020563,900000,ScoreExit,0.4892,-0.1170,0.1917,0.4696,0.6276,-0.6324,-0.3254,0.4717,,,
trade,2022-10-28,NVDA,Long,2022-10-28T14:35:00+00:00,2022-10-28T15:56:00+00:00,133.5250,136.0892,2.25,5.77,0.019203,4860000,SessionClose,0.1959,0.1930,-0.0119,0.0117,0.6337,-0.2913,0.0248,0.6907,,,
summary,2022-10-28,NVDA,,,,,,,-0.42,,2,,,,,,,,,,1.0000,2022-10-25T13:31:00+00:00,1650,2722
trade,2022-10-28,MSFT,Long,2022-10-28T14:01:00+00:00,2022-10-28T15:26:00+00:00,229.8439,233.0551,1.31,4.19,0.013971,5100000,ScoreExit,0.2331,-0.0823,-0.1068,0.1825,0.4475,-0.5577,-0.2264,0.3642,,,
summary,2022-10-28,MSFT,,,,,,,4.19,,1,,,,,,,,,,0.9034,2022-10-25T13:55:00+00:00,938,2927
summary,2022-10-31,SPY,,,,,,,0.00,,0,,,,,,,,,,0.9573,2022-10-28T14:46:00+00:00,834,1196
summary,2022-10-31,QQQ,,,,,,,0.00,,0,,,,,,,,,,1.0000,2022-10-28T13:40:00+00:00,859,1179
summary,2022-10-31,AAPL,,,,,,,0.00,,0,,,,,,,,,,1.0000,2022-10-28T13:35:00+00:00,658,1169
summary,2022-10-31,NVDA,,,,,,,0.00,,0,,,,,,,,,,1.0000,2022-10-28T13:32:00+00:00,728,1075
summary,2022-10-31,MSFT,,,,,,,0.00,,0,,,,,,,,,,1.0000,2022-10-28T13:32:00+00:00,747,1007
summary,2022-11-01,SPY,,,,,,,0.00,,0,,,,,,,,,,0.5370,2022-10-31T15:54:00+00:00,729,1567
summary,2022-11-01,QQQ,,,,,,,0.00,,0,,,,,,,,,,0.5936,2022-10-31T15:54:00+00:00,632,1514
summary,2022-11-01,AAPL,,,,,,,0.00,,0,,,,,,,,,,0.7580,2022-10-31T09:24:00+00:00,635,1473
summary,2022-11-01,NVDA,,,,,,,0.00,,0,,,,,,,,,,0.7678,2022-10-31T09:34:00+00:00,709,1235
summary,2022-11-01,MSFT,,,,,,,0.00,,0,,,,,,,,,,0.6286,2022-10-31T15:54:00+00:00,360,1139
summary,2022-11-02,SPY,,,,,,,0.00,,0,,,,,,,,,,0.5370,2022-10-31T15:54:00+00:00,786,2366
summary,2022-11-02,QQQ,,,,,,,0.00,,0,,,,,,,,,,0.5936,2022-10-31T15:54:00+00:00,639,2363
summary,2022-11-02,AAPL,,,,,,,0.00,,0,,,,,,,,,,0.7580,2022-10-31T09:24:00+00:00,635,2250
trade,2022-11-02,NVDA,Long,2022-11-02T14:51:00+00:00,2022-11-02T15:28:00+00:00,138.9969,138.4235,2.16,-1.24,-0.004125,2220000,ScoreExit,0.2425,-0.0606,-0.0389,0.1133,0.5946,-0.4464,-0.2443,0.4355,,,
summary,2022-11-02,NVDA,,,,,,,-1.24,,1,,,,,,,,,,0.7678,2022-10-31T09:34:00+00:00,1182,1932
summary,2022-11-02,MSFT,,,,,,,0.00,,0,,,,,,,,,,0.6286,2022-10-31T15:54:00+00:00,361,1743
summary,2022-11-03,SPY,,,,,,,0.00,,0,,,,,,,,,,0.5993,2022-10-31T15:54:00+00:00,671,2987
summary,2022-11-03,QQQ,,,,,,,0.00,,0,,,,,,,,,,0.6694,2022-10-31T15:54:00+00:00,567,3007
summary,2022-11-03,AAPL,,,,,,,0.00,,0,,,,,,,,,,0.6430,2022-10-31T15:44:00+00:00,563,2861
summary,2022-11-03,NVDA,,,,,,,0.00,,0,,,,,,,,,,0.7622,2022-10-31T15:54:00+00:00,1279,2486
summary,2022-11-03,MSFT,,,,,,,0.00,,0,,,,,,,,,,0.6967,2022-10-31T15:54:00+00:00,310,2298
summary,2022-11-04,SPY,,,,,,,0.00,,0,,,,,,,,,,0.5239,2022-11-02T18:01:00+00:00,239,2988
summary,2022-11-04,QQQ,,,,,,,0.00,,0,,,,,,,,,,0.5067,2022-11-02T18:01:00+00:00,173,3070
summary,2022-11-04,AAPL,,,,,,,0.00,,0,,,,,,,,,,0.4874,2022-11-02T18:08:00+00:00,159,2967
trade,2022-11-04,NVDA,Long,2022-11-04T14:41:00+00:00,2022-11-04T15:09:00+00:00,142.0476,139.9930,2.12,-4.35,-0.014464,1680000,ScoreExit,0.4936,-0.0546,0.2989,0.3907,0.7643,-0.5831,-0.2898,0.5921,,,
summary,2022-11-04,NVDA,,,,,,,-4.35,,1,,,,,,,,,,0.8835,2022-11-01T13:32:00+00:00,1290,2542
summary,2022-11-04,MSFT,,,,,,,0.00,,0,,,,,,,,,,0.5468,2022-11-02T18:01:00+00:00,371,2427
trade,2022-11-07,SPY,Long,2022-11-07T15:01:00+00:00,2022-11-07T15:56:00+00:00,376.3679,377.3768,0.80,0.80,0.002681,3300000,SessionClose,0.1996,0.3662,0.1002,0.0936,0.4447,0.4621,0.2770,0.5128,,,
trade,2022-11-07,SPY,Long,2022-11-07T15:58:00+00:00,2022-11-07T15:59:00+00:00,377.5532,377.4317,0.79,-0.10,-0.000322,60000,SessionClose,0.3540,0.3674,0.3398,0.2770,0.5128,0.4737,0.2770,0.5128,,,
summary,2022-11-07,SPY,,,,,,,0.71,,2,,,,,,,,,,0.9546,2022-11-04T14:40:00+00:00,825,1189
trade,2022-11-07,QQQ,Long,2022-11-07T15:01:00+00:00,2022-11-07T15:56:00+00:00,264.6144,265.1053,1.13,0.56,0.001855,3300000,SessionClose,0.2980,0.3973,0.3580,0.1352,0.6035,0.4261,0.2894,0.6035,,,
trade,2022-11-07,QQQ,Long,2022-11-07T15:58:00+00:00,2022-11-07T15:59:00+00:00,265.2946,265.2654,1.13,-0.03,-0.000110,60000,SessionClose,0.3913,0.4041,0.3658,0.2894,0.6035,0.4935,0.2894,0.6035,,,
summary,2022-11-07,QQQ,,,,,,,0.52,,2,,,,,,,,,,0.9560,2022-11-04T14:40:00+00:00,819,1156
trade,2022-11-07,AAPL,Long,2022-11-07T14:31:00+00:00,2022-11-07T14:36:00+00:00,137.9264,136.6840,2.18,-2.70,-0.009008,300000,ScoreExit,0.3920,-0.1698,0.4986,0.1921,0.7562,-0.2799,-0.3418,0.2111,,,
trade,2022-11-07,AAPL,Long,2022-11-07T15:19:00+00:00,2022-11-07T15:49:00+00:00,137.3012,136.3341,2.18,-2.11,-0.007044,1800000,ScoreExit,0.3321,-0.0715,0.2316,0.2304,0.5690,-0.4167,-0.1677,0.2360,,,
summary,2022-11-07,AAPL,,,,,,,-4.82,,2,,,,,,,,,,0.8925,2022-11-04T14:25:00+00:00,621,1193
trade,2022-11-07,NVDA,Long,2022-11-07T15:01:00+00:00,2022-11-07T15:56:00+00:00,140.7572,141.2526,2.13,1.05,0.003520,3300000,SessionClose,0.3892,0.3364,0.4018,0.2679,0.6275,0.2623,0.1998,0.6344,,,
trade,2022-11-07,NVDA,Long,2022-11-07T15:58:00+00:00,2022-11-07T15:59:00+00:00,141.3224,141.2326,2.12,-0.19,-0.000635,60000,SessionClose,0.3260,0.3212,0.1580,0.1998,0.6344,0.1107,0.1998,0.6344,,,
summary,2022-11-07,NVDA,,,,,,,0.86,,2,,,,,,,,,,0.9084,2022-11-04T14:00:00+00:00,766,1048
trade,2022-11-07,MSFT,Long,2022-11-07T15:58:00+00:00,2022-11-07T15:59:00+00:00,226.1228,226.1771,1.33,0.07,0.000240,60000,SessionClose,0.5039,0.5118,0.4866,0.3657,0.7861,0.5651,0.3657,0.7861,,,
summary,2022-11-07,MSFT,,,,,,,0.07,,1,,,,,,,,,,0.9572,2022-11-04T14:41:00+00:00,803,990
trade,2022-11-08,SPY,Long,2022-11-08T15:06:00+00:00,2022-11-08T15:56:00+00:00,381.0043,382.6291,0.79,1.28,0.004265,3000000,SessionClose,0.2608,0.3128,0.2866,0.1166,0.5404,-0.5305,0.3395,0.5404,,,
trade,2022-11-08,SPY,Long,2022-11-08T15:58:00+00:00,2022-11-08T15:59:00+00:00,383.0099,382.8101,0.78,-0.16,-0.000522,60000,SessionClose,0.3639,0.3676,-0.0194,0.3395,0.5404,0.0174,0.3395,0.5404,,,
summary,2022-11-08,SPY,,,,,,,1.12,,2,,,,,,,,,,0.7502,2022-11-07T10:23:00+00:00,1064,1544
trade,2022-11-08,QQQ,Long,2022-11-08T15:11:00+00:00,2022-11-08T15:56:00+00:00,268.8513,270.0240,1.12,1.31,0.004362,2700000,SessionClose,0.1739,0.3289,-0.0053,0.0088,0.5638,-0.4591,0.3427,0.5638,,,
trade,2022-11-08,QQQ,Long,2022-11-08T15:58:00+00:00,2022-11-08T15:59:00+00:00,270.3561,270.1939,1.11,-0.18,-0.000600,60000,SessionClose,0.3933,0.3989,0.1848,0.3427,0.5638,0.2409,0.3427,0.5638,,,
summary,2022-11-08,QQQ,,,,,,,1.13,,2,,,,,,,,,,0.6568,2022-11-07T10:23:00+00:00,1022,1500
trade,2022-11-08,AAPL,Long,2022-11-08T15:38:00+00:00,2022-11-08T15:56:00+00:00,138.7566,139.1632,2.16,0.88,0.002930,1080000,SessionClose,0.2270,0.3672,0.0512,0.1281,0.4835,-0.0455,0.3778,0.4835,,,
summary,2022-11-08,AAPL,,,,,,,0.88,,1,,,,,,,,,,0.9202,2022-11-07T09:00:00+00:00,1022,1509
trade,2022-11-08,NVDA,Long,2022-11-08T15:33:00+00:00,2022-11-08T15:56:00+00:00,145.8687,145.7313,2.06,-0.28,-0.000942,1380000,SessionClose,0.2239,0.2512,0.1845,0.0519,0.5811,-0.5486,0.2196,0.5811,,,
trade,2022-11-08,NVDA,Long,2022-11-08T15:58:00+00:00,2022-11-08T15:59:00+00:00,146.1888,146.1610,2.06,-0.06,-0.000190,60000,SessionClose,0.3103,0.3216,0.0423,0.2196,0.5811,0.1558,0.2196,0.5811,,,
summary,2022-11-08,NVDA,,,,,,,-0.34,,2,,,,,,,,,,0.8933,2022-11-07T10:58:00+00:00,921,1340
trade,2022-11-08,MSFT,Long,2022-11-08T14:57:00+00:00,2022-11-08T15:56:00+00:00,229.8839,229.1462,1.31,-0.96,-0.003209,3540000,SessionClose,0.2473,0.0276,0.2104,0.0888,0.5766,-0.5688,-0.1261,0.5340,,,
summary,2022-11-08,MSFT,,,,,,,-0.96,,1,,,,,,,,,,0.8701,2022-11-07T11:03:00+00:00,856,1137
summary,2022-11-09,SPY,,,,,,,0.00,,0,,,,,,,,,,0.7502,2022-11-07T10:23:00+00:00,1312,2457
summary,2022-11-09,QQQ,,,,,,,0.00,,0,,,,,,,,,,0.6568,2022-11-07T10:23:00+00:00,1294,2391
summary,2022-11-09,AAPL,,,,,,,0.00,,0,,,,,,,,,,0.9202,2022-11-07T09:00:00+00:00,1231,2289
summary,2022-11-09,NVDA,,,,,,,0.00,,0,,,,,,,,,,0.8933,2022-11-07T10:58:00+00:00,1038,2075
summary,2022-11-09,MSFT,,,,,,,0.00,,0,,,,,,,,,,0.8701,2022-11-07T11:03:00+00:00,955,1684
trade,2022-11-10,SPY,Long,2022-11-10T16:00:00+00:00,2022-11-10T16:01:00+00:00,390.5621,390.1479,0.77,-0.32,-0.001061,60000,SessionClose,0.3066,0.1714,0.4631,0.1085,0.6507,0.1224,-0.0593,0.6489,,,
summary,2022-11-10,SPY,,,,,,,-0.32,,1,,,,,,,,,,0.8292,2022-11-10T13:40:00+00:00,1679,3003
trade,2022-11-10,QQQ,Long,2022-11-10T15:10:00+00:00,2022-11-10T15:56:00+00:00,278.2034,277.7516,1.08,-0.49,-0.001624,2760000,SessionClose,0.4112,0.2411,0.1664,0.2837,0.7478,-0.1456,0.0521,0.7478,,,
trade,2022-11-10,QQQ,Long,2022-11-10T15:58:00+00:00,2022-11-10T15:59:00+00:00,278.2484,278.2115,1.08,-0.04,-0.000133,60000,SessionClose,0.2901,0.3062,0.3451,0.0521,0.7478,0.5054,0.0521,0.7478,,,
summary,2022-11-10,QQQ,,,,,,,-0.53,,2,,,,,,,,,,0.8740,2022-11-07T15:16:00+00:00,1712,2977
summary,2022-11-10,AAPL,,,,,,,0.00,,0,,,,,,,,,,0.8900,2022-11-07T15:16:00+00:00,1632,2825
trade,2022-11-10,NVDA,Long,2022-11-10T15:14:00+00:00,2022-11-10T15:56:00+00:00,149.8399,149.8750,2.02,0.07,0.000234,2520000,SessionClose,0.3486,0.3050,-0.0189,0.2337,0.7007,0.0551,0.1488,0.7007,,,
trade,2022-11-10,NVDA,Long,2022-11-10T15:58:00+00:00,2022-11-10T15:59:00+00:00,149.9455,150.0301,2.02,0.17,0.000564,60000,SessionClose,0.2877,0.3232,-0.1180,0.1488,0.7007,0.2373,0.1488,0.7007,,,
summary,2022-11-10,NVDA,,,,,,,0.24,,2,,,,,,,,,,0.9177,2022-11-07T15:04:00+00:00,1491,2617
trade,2022-11-10,MSFT,Long,2022-11-10T15:04:00+00:00,2022-11-10T15:56:00+00:00,239.6969,238.1985,1.26,-1.88,-0.006251,3120000,SessionClose,0.5443,0.1169,0.1803,0.5210,0.7122,-0.4207,-0.0911,0.7122,,,
summary,2022-11-10,MSFT,,,,,,,-1.88,,1,,,,,,,,,,0.9571,2022-11-07T15:59:00+00:00,1317,2144
trade,2022-11-11,SPY,Long,2022-11-11T15:01:00+00:00,2022-11-11T15:56:00+00:00,395.6737,396.4160,0.76,0.56,0.001876,3300000,SessionClose,0.1683,0.0775,0.2375,0.0238,0.4342,-0.3555,-0.0287,0.4342,,,
summary,2022-11-11,SPY,,,,,,,0.56,,1,,,,,,,,,,0.9561,2022-11-08T15:43:00+00:00,1561,3071
trade,2022-11-11,QQQ,Long,2022-11-11T14:54:00+00:00,2022-11-11T15:56:00+00:00,283.5901,285.6293,1.06,2.16,0.007191,3720000,SessionClose,0.1447,0.2571,0.0279,0.0176,0.4377,-0.2521,0.1770,0.5869,,,
trade,2022-11-11,QQQ,Long,2022-11-11T15:58:00+00:00,2022-11-11T15:59:00+00:00,285.5006,285.5943,1.05,0.10,0.000328,60000,SessionClose,0.2415,0.2810,-0.4081,0.1770,0.5869,-0.0124,0.1770,0.5869,,,
summary,2022-11-11,QQQ,,,,,,,2.26,,2,,,,,,,,,,0.9524,2022-11-08T15:48:00+00:00,1658,3080
trade,2022-11-11,AAPL,Long,2022-11-11T15:01:00+00:00,2022-11-11T15:56:00+00:00,146.0488,148.2017,2.06,4.43,0.014741,3300000,SessionClose,0.2798,0.3722,0.2420,0.1407,0.5704,0.1077,0.3172,0.5704,,,
trade,2022-11-11,AAPL,Long,2022-11-11T15:58:00+00:00,2022-11-11T15:59:00+00:00,148.1444,148.2304,2.03,0.17,0.000580,60000,SessionClose,0.3484,0.3796,-0.1301,0.3172,0.5704,0.1810,0.3172,0.5704,,,
summary,2022-11-11,AAPL,,,,,,,4.60,,2,,,,,,,,,,0.7964,2022-11-08T15:59:00+00:00,1624,2905
trade,2022-11-11,NVDA,Long,2022-11-11T14:54:00+00:00,2022-11-11T15:56:00+00:00,159.3526,160.6468,1.89,2.45,0.008122,3720000,SessionClose,0.1782,0.2409,0.1325,0.0378,0.4741,-0.0660,0.1414,0.5422,,,
trade,2022-11-11,NVDA,Long,2022-11-11T15:58:00+00:00,2022-11-11T15:59:00+00:00,160.2130,160.3769,1.89,0.31,0.001023,60000,SessionClose,0.2059,0.2320,-0.4154,0.1414,0.5422,-0.1546,0.1414,0.5422,,,
summary,2022-11-11,NVDA,,,,,,,2.76,,2,,,,,,,,,,0.8709,2022-11-10T13:35:00+00:00,1518,2681
trade,2022-11-11,MSFT,Long,2022-11-11T15:58:00+00:00,2022-11-11T15:59:00+00:00,245.8287,245.7762,1.23,-0.06,-0.000213,60000,SessionClose,0.1750,0.1828,-0.3432,0.0576,0.5826,-0.2650,0.0576,0.5826,,,
summary,2022-11-11,MSFT,,,,,,,-0.06,,1,,,,,,,,,,0.9070,2022-11-08T14:53:00+00:00,1199,2210
summary,2022-11-14,SPY,,,,,,,0.00,,0,,,,,,,,,,0.8869,2022-11-11T15:21:00+00:00,807,1167
trade,2022-11-14,QQQ,Long,2022-11-14T15:21:00+00:00,2022-11-14T15:56:00+00:00,286.9110,286.8289,1.05,-0.09,-0.000286,2100000,SessionClose,0.2048,0.2626,-0.0961,0.1476,0.4195,0.4406,0.1442,0.4400,,,
summary,2022-11-14,QQQ,,,,,,,-0.09,,1,,,,,,,,,,0.9589,2022-11-11T15:49:00+00:00,888,1171
trade,2022-11-14,AAPL,Long,2022-11-14T14:33:00+00:00,2022-11-14T14:41:00+00:00,148.9997,148.1855,2.01,-1.64,-0.005464,480000,ScoreExit,0.3325,-0.2460,0.2238,0.2937,0.4462,-0.5622,-0.3811,0.1296,,,
summary,2022-11-14,AAPL,,,,,,,-1.64,,1,,,,,,,,,,0.9600,2022-11-11T15:49:00+00:00,894,1102
trade,2022-11-14,NVDA,Long,2022-11-14T15:01:00+00:00,2022-11-14T15:56:00+00:00,162.0036,163.2860,1.85,2.38,0.007916,3300000,SessionClose,0.4243,0.3447,0.6349,0.2058,0.7911,0.2721,0.1336,0.7911,,,
trade,2022-11-14,NVDA,Long,2022-11-14T15:58:00+00:00,2022-11-14T15:59:00+00:00,163.3440,163.0561,1.84,-0.53,-0.001763,60000,SessionClose,0.3379,0.2955,0.2039,0.1336,0.7911,-0.2201,0.1336,0.7911,,,
summary,2022-11-14,NVDA,,,,,,,1.85,,2,,,,,,,,,,1.0000,2022-11-11T14:40:00+00:00,955,1071
summary,2022-11-14,MSFT,,,,,,,0.00,,0,,,,,,,,,,0.9587,2022-11-11T15:51:00+00:00,379,978
trade,2022-11-15,SPY,Long,2022-11-15T14:56:00+00:00,2022-11-15T15:20:00+00:00,400.8552,400.3649,0.75,-0.37,-0.001223,1440000,ScoreExit,0.2000,-0.0575,0.0256,0.0489,0.5604,-0.5243,-0.2454,0.4739,,,
trade,2022-11-15,SPY,Long,2022-11-15T15:22:00+00:00,2022-11-15T15:48:00+00:00,400.5551,400.4848,0.75,-0.05,-0.000176,1560000,ScoreExit,0.1451,-0.0718,-0.4577,0.0812,0.4739,-0.5305,-0.2683,0.4739,,,
summary,2022-11-15,SPY,,,,,,,-0.42,,2,,,,,,,,,,0.5709,2022-11-14T18:26:00+00:00,898,1573
trade,2022-11-15,QQQ,Long,2022-11-15T14:56:00+00:00,2022-11-15T15:48:00+00:00,291.4874,291.3476,1.03,-0.14,-0.000480,3120000,ScoreExit,0.2180,-0.0523,-0.0297,0.0246,0.6873,-0.5537,-0.2830,0.5763,,,
summary,2022-11-15,QQQ,,,,,,,-0.14,,1,,,,,,,,,,0.6805,2022-11-15T13:33:00+00:00,1011,1555
summary,2022-11-15,AAPL,,,,,,,0.00,,0,,,,,,,,,,0.6505,2022-11-15T13:33:00+00:00,901,1402
trade,2022-11-15,NVDA,Long,2022-11-15T14:56:00+00:00,2022-11-15T15:46:00+00:00,167.5953,167.8068,1.79,0.38,0.001262,3000000,ScoreExit,0.2847,-0.1260,0.0136,0.0578,0.8288,-0.0957,-0.4664,0.5446,,,
summary,2022-11-15,NVDA,,,,,,,0.38,,1,,,,,,,,,,0.7507,2022-11-15T13:31:00+00:00,1004,1301
trade,2022-11-15,MSFT,Long,2022-11-15T15:11:00+00:00,2022-11-15T15:36:00+00:00,245.3636,244.6879,1.22,-0.83,-0.002754,1500000,ScoreExit,0.1264,-0.0878,-0.0109,0.0061,0.4129,-0.5508,-0.2610,0.4129,,,
summary,2022-11-15,MSFT,,,,,,,-0.83,,1,,,,,,,,,,0.7084,2022-11-15T13:33:00+00:00,751,1180
summary,2022-11-16,SPY,,,,,,,0.00,,0,,,,,,,,,,0.5709,2022-11-14T18:26:00+00:00,1058,2471
summary,2022-11-16,QQQ,,,,,,,0.00,,0,,,,,,,,,,0.6805,2022-11-15T13:33:00+00:00,1209,2431
summary,2022-11-16,AAPL,,,,,,,0.00,,0,,,,,,,,,,0.6505,2022-11-15T13:33:00+00:00,1022,2211
summary,2022-11-16,NVDA,,,,,,,0.00,,0,,,,,,,,,,0.7507,2022-11-15T13:31:00+00:00,1111,2080
summary,2022-11-16,MSFT,,,,,,,0.00,,0,,,,,,,,,,0.7084,2022-11-15T13:33:00+00:00,924,1786
summary,2022-11-17,SPY,,,,,,,0.00,,0,,,,,,,,,,0.7639,2022-11-14T15:15:00+00:00,970,3075
summary,2022-11-17,QQQ,,,,,,,0.00,,0,,,,,,,,,,0.8896,2022-11-14T15:15:00+00:00,1142,3004
summary,2022-11-17,AAPL,,,,,,,0.00,,0,,,,,,,,,,0.6619,2022-11-14T17:13:00+00:00,1216,2767
summary,2022-11-17,NVDA,,,,,,,0.00,,0,,,,,,,,,,1.0000,2022-11-14T14:31:00+00:00,1249,2777
summary,2022-11-17,MSFT,,,,,,,0.00,,0,,,,,,,,,,0.8991,2022-11-14T15:00:00+00:00,1105,2265
summary,2022-11-18,SPY,,,,,,,0.00,,0,,,,,,,,,,0.3878,2022-11-15T15:02:00+00:00,476,3052
summary,2022-11-18,QQQ,,,,,,,0.00,,0,,,,,,,,,,0.5550,2022-11-15T15:05:00+00:00,409,3008
summary,2022-11-18,AAPL,,,,,,,0.00,,0,,,,,,,,,,1.0000,2022-11-15T14:32:00+00:00,1017,2774
summary,2022-11-18,NVDA,,,,,,,0.00,,0,,,,,,,,,,0.9070,2022-11-15T15:00:00+00:00,495,2837
summary,2022-11-18,MSFT,,,,,,,0.00,,0,,,,,,,,,,0.4548,2022-11-17T16:59:00+00:00,625,2171
summary,2022-11-21,SPY,,,,,,,0.00,,0,,,,,,,,,,0.5143,2022-11-18T20:49:00+00:00,319,1167
summary,2022-11-21,QQQ,,,,,,,0.00,,0,,,,,,,,,,0.4589,2022-11-18T20:49:00+00:00,136,1126
summary,2022-11-21,AAPL,,,,,,,0.00,,0,,,,,,,,,,0.5274,2022-11-18T16:19:00+00:00,106,1058
summary,2022-11-21,NVDA,,,,,,,0.00,,0,,,,,,,,,,0.5833,2022-11-21T16:24:00+00:00,334,1039
summary,2022-11-21,MSFT,,,,,,,0.00,,0,,,,,,,,,,0.5721,2022-11-21T14:31:00+00:00,439,915
trade,2022-11-22,SPY,Long,2022-11-22T15:08:00+00:00,2022-11-22T15:56:00+00:00,396.5539,397.5657,0.76,0.77,0.002551,2880000,SessionClose,0.2438,0.3824,0.1271,0.1500,0.4704,0.5128,0.3038,0.4963,,,
trade,2022-11-22,SPY,Long,2022-11-22T15:58:00+00:00,2022-11-22T15:59:00+00:00,397.5350,397.5357,0.76,0.00,0.000002,60000,SessionClose,0.3328,0.3723,0.0160,0.3038,0.4963,0.4113,0.3038,0.4963,,,
summary,2022-11-22,SPY,,,,,,,0.77,,2,,,,,,,,,,0.4785,2022-11-21T18:39:00+00:00,985,1513
summary,2022-11-22,QQQ,,,,,,,0.00,,0,,,,,,,,,,0.4396,2022-11-22T20:33:00+00:00,756,1445
summary,2022-11-22,AAPL,,,,,,,0.00,,0,,,,,,,,,,0.4975,2022-11-21T13:22:00+00:00,662,1335
trade,2022-11-22,NVDA,Long,2022-11-22T15:01:00+00:00,2022-11-22T15:56:00+00:00,154.4513,157.3978,1.94,5.72,0.019077,3300000,SessionClose,0.5704,0.7028,0.6210,0.3835,0.9274,0.2952,0.6585,0.9274,,,
trade,2022-11-22,NVDA,Long,2022-11-22T15:58:00+00:00,2022-11-22T15:59:00+00:00,157.5522,158.0076,1.91,0.87,0.002890,60000,SessionClose,0.7087,0.7321,0.3536,0.6585,0.9274,0.5879,0.6585,0.9274,,,
summary,2022-11-22,NVDA,,,,,,,6.59,,2,,,,,,,,,,0.8330,2022-11-21T10:14:00+00:00,817,1162
summary,2022-11-22,MSFT,,,,,,,0.00,,0,,,,,,,,,,0.6674,2022-11-21T14:31:00+00:00,578,1020
summary,2022-11-23,SPY,,,,,,,0.00,,0,,,,,,,,,,0.4785,2022-11-21T18:39:00+00:00,1625,2367
summary,2022-11-23,QQQ,,,,,,,0.00,,0,,,,,,,,,,0.4735,2022-11-23T19:04:00+00:00,1359,2261
summary,2022-11-23,AAPL,,,,,,,0.00,,0,,,,,,,,,,0.4975,2022-11-21T13:22:00+00:00,1168,2114
trade,2022-11-23,NVDA,Long,2022-11-23T15:58:00+00:00,2022-11-23T15:59:00+00:00,164.0971,164.0558,1.83,-0.08,-0.000252,60000,SessionClose,0.2363,0.2580,0.1225,0.0898,0.5673,0.3399,0.0898,0.5673,,,
summary,2022-11-23,NVDA,,,,,,,-0.08,,1,,,,,,,,,,0.8330,2022-11-21T10:14:00+00:00,1412,1888
trade,2022-11-23,MSFT,Long,2022-11-23T15:46:00+00:00,2022-11-23T15:56:00+00:00,247.3392,247.3408,1.21,0.00,0.000006,600000,SessionClose,0.2680,0.2899,-0.0703,0.2462,0.4245,0.3858,0.2066,0.4245,,,
trade,2022-11-23,MSFT,Long,2022-11-23T16:00:00+00:00,2022-11-23T16:01:00+00:00,247.4792,247.4008,1.21,-0.10,-0.000317,60000,SessionClose,0.2444,0.0962,-0.0692,0.2066,0.4245,0.2689,-0.0244,0.2798,,,
summary,2022-11-23,MSFT,,,,,,,-0.09,,2,,,,,,,,,,0.6674,2022-11-21T14:31:00+00:00,997,1561
summary,2022-11-24,SPY,,,,,,,0.00,,0,,,,,,,,,,0.4800,2022-11-21T18:39:00+00:00,1644,2275
summary,2022-11-24,QQQ,,,,,,,0.00,,0,,,,,,,,,,0.5785,2022-11-21T14:51:00+00:00,1358,2192
summary,2022-11-24,AAPL,,,,,,,0.00,,0,,,,,,,,,,0.5977,2022-11-21T15:00:00+00:00,1175,2082
summary,2022-11-24,NVDA,,,,,,,0.00,,0,,,,,,,,,,1.0000,2022-11-21T14:40:00+00:00,1450,1846
summary,2022-11-24,MSFT,,,,,,,0.00,,0,,,,,,,,,,1.0000,2022-11-21T14:31:00+00:00,937,1531
summary,2022-11-25,SPY,,,,,,,0.00,,0,,,,,,,,,,0.8250,2022-11-22T15:55:00+00:00,1556,2005
summary,2022-11-25,QQQ,,,,,,,0.00,,0,,,,,,,,,,0.9552,2022-11-22T15:50:00+00:00,1510,1927
summary,2022-11-25,AAPL,,,,,,,0.00,,0,,,,,,,,,,0.9544,2022-11-22T15:49:00+00:00,1163,1913
summary,2022-11-25,NVDA,,,,,,,0.00,,0,,,,,,,,,,0.9631,2022-11-22T15:49:00+00:00,1365,1663
summary,2022-11-25,MSFT,,,,,,,0.00,,0,,,,,,,,,,0.8479,2022-11-22T15:59:00+00:00,1080,1333
summary,2022-11-28,SPY,,,,,,,0.00,,0,,,,,,,,,,0.7135,2022-11-25T16:03:00+00:00,167,1064
summary,2022-11-28,QQQ,,,,,,,0.00,,0,,,,,,,,,,0.5815,2022-11-25T16:03:00+00:00,114,969
summary,2022-11-28,AAPL,,,,,,,0.00,,0,,,,,,,,,,0.8934,2022-11-25T14:58:00+00:00,156,1014
summary,2022-11-28,NVDA,,,,,,,0.00,,0,,,,,,,,,,0.8942,2022-11-25T15:17:00+00:00,126,843
summary,2022-11-28,MSFT,,,,,,,0.00,,0,,,,,,,,,,0.4929,2022-11-25T14:37:00+00:00,46,762
summary,2022-11-29,SPY,,,,,,,0.00,,0,,,,,,,,,,0.3832,2022-11-28T14:34:00+00:00,318,1567
summary,2022-11-29,QQQ,,,,,,,0.00,,0,,,,,,,,,,0.5423,2022-11-28T14:41:00+00:00,310,1504
summary,2022-11-29,AAPL,,,,,,,0.00,,0,,,,,,,,,,0.6432,2022-11-28T14:43:00+00:00,285,1471
summary,2022-11-29,NVDA,,,,,,,0.00,,0,,,,,,,,,,0.6850,2022-11-28T14:41:00+00:00,161,1203
summary,2022-11-29,MSFT,,,,,,,0.00,,0,,,,,,,,,,0.4126,2022-11-28T13:53:00+00:00,69,1109
summary,2022-11-30,SPY,,,,,,,0.00,,0,,,,,,,,,,0.6702,2022-11-30T19:19:00+00:00,592,2420
summary,2022-11-30,QQQ,,,,,,,0.00,,0,,,,,,,,,,0.7529,2022-11-30T19:19:00+00:00,538,2324
summary,2022-11-30,AAPL,,,,,,,0.00,,0,,,,,,,,,,0.7026,2022-11-30T19:19:00+00:00,516,2280
summary,2022-11-30,NVDA,,,,,,,0.00,,0,,,,,,,,,,0.7678,2022-11-30T19:16:00+00:00,438,1812
summary,2022-11-30,MSFT,,,,,,,0.00,,0,,,,,,,,,,0.7454,2022-11-30T19:16:00+00:00,393,1614
trade,2022-12-01,SPY,Long,2022-12-01T14:55:00+00:00,2022-12-01T15:01:00+00:00,409.4478,408.6224,0.73,-0.61,-0.002016,360000,ScoreExit,0.2491,-0.0970,0.1676,0.1720,0.4304,-0.4381,-0.2511,0.3249,,,
summary,2022-12-01,SPY,,,,,,,-0.61,,1,,,,,,,,,,0.6721,2022-11-30T19:19:00+00:00,1228,3021
trade,2022-12-01,QQQ,Long,2022-12-01T14:41:00+00:00,2022-12-01T15:06:00+00:00,293.9432,294.2467,1.02,0.31,0.001033,1500000,ScoreExit,0.2244,-0.0766,-0.1906,0.1416,0.5284,-0.4990,-0.2607,0.4323,,,
summary,2022-12-01,QQQ,,,,,,,0.31,,1,,,,,,,,,,0.7550,2022-11-30T19:19:00+00:00,1153,2957
summary,2022-12-01,AAPL,,,,,,,0.00,,0,,,,,,,,,,0.9977,2022-11-28T14:33:00+00:00,1076,2874
trade,2022-12-01,NVDA,Long,2022-12-01T14:46:00+00:00,2022-12-01T15:06:00+00:00,169.9737,170.2639,1.77,0.51,0.001707,1200000,ScoreExit,0.2196,-0.0564,0.3749,0.0092,0.5888,-0.4069,-0.2991,0.5457,,,
trade,2022-12-01,NVDA,Long,2022-12-01T15:55:00+00:00,2022-12-01T15:56:00+00:00,169.7359,169.7541,1.77,0.03,0.000107,60000,SessionClose,0.3164,0.5099,0.3549,0.1953,0.5457,0.4658,0.4994,0.5457,,,
summary,2022-12-01,NVDA,,,,,,,0.54,,2,,,,,,,,,,1.0000,2022-11-28T14:31:00+00:00,1081,2443
trade,2022-12-01,MSFT,Long,2022-12-01T14:31:00+00:00,2022-12-01T15:06:00+00:00,253.5210,254.5886,1.18,1.26,0.004211,2100000,ScoreExit,0.2223,-0.0740,-0.4573,0.2005,0.4925,-0.1968,-0.2906,0.4002,,,
trade,2022-12-01,MSFT,Long,2022-12-01T15:56:00+00:00,2022-12-01T15:57:00+00:00,253.2610,253.1990,1.19,-0.07,-0.000245,60000,SessionClose,0.2804,0.3010,0.1583,0.2408,0.4002,0.3644,0.2408,0.4002,,,
summary,2022-12-01,MSFT,,,,,,,1.19,,2,,,,,,,,,,0.7470,2022-11-30T19:16:00+00:00,903,2179
summary,2022-12-02,SPY,,,,,,,0.00,,0,,,,,,,,,,0.7318,2022-11-30T19:19:00+00:00,1858,2999
summary,2022-12-02,QQQ,,,,,,,0.00,,0,,,,,,,,,,0.8124,2022-11-30T19:19:00+00:00,1790,2922
summary,2022-12-02,AAPL,,,,,,,0.00,,0,,,,,,,,,,0.8952,2022-11-29T15:29:00+00:00,1595,2760
summary,2022-12-02,NVDA,,,,,,,0.00,,0,,,,,,,,,,0.8968,2022-11-29T15:08:00+00:00,1551,2450
summary,2022-12-02,MSFT,,,,,,,0.00,,0,,,,,,,,,,0.8117,2022-11-30T19:16:00+00:00,1380,2110
summary,2022-12-05,SPY,,,,,,,0.00,,0,,,,,,,,,,0.6882,2022-12-02T15:52:00+00:00,494,1201
summary,2022-12-05,QQQ,,,,,,,0.00,,0,,,,,,,,,,0.8999,2022-12-02T15:13:00+00:00,571,1128
summary,2022-12-05,AAPL,,,,,,,0.00,,0,,,,,,,,,,0.7545,2022-12-02T15:13:00+00:00,584,1078
trade,2022-12-05,NVDA,Long,2022-12-05T14:33:00+00:00,2022-12-05T15:36:00+00:00,167.6453,167.2548,1.79,-0.70,-0.002329,3780000,ScoreExit,0.3609,-0.0963,0.3420,0.2975,0.4941,-0.3067,-0.3084,0.3979,,,
trade,2022-12-05,NVDA,Long,2022-12-05T15:51:00+00:00,2022-12-05T15:56:00+00:00,168.2054,168.2227,1.78,0.03,0.000103,300000,SessionClose,0.3063,0.4754,0.5178,0.0888,0.6707,0.5543,0.3646,0.6707,,,
summary,2022-12-05,NVDA,,,,,,,-0.67,,2,,,,,,,,,,1.0000,2022-12-02T14:32:00+00:00,581,979
summary,2022-12-05,MSFT,,,,,,,0.00,,0,,,,,,,,,,0.8928,2022-12-02T15:13:00+00:00,462,937
summary,2022-12-06,SPY,,,,,,,0.00,,0,,,,,,,,,,0.3737,2022-12-05T11:49:00+00:00,243,1600
summary,2022-12-06,QQQ,,,,,,,0.00,,0,,,,,,,,,,0.3902,2022-12-05T11:48:00+00:00,202,1475
summary,2022-12-06,AAPL,,,,,,,0.00,,0,,,,,,,,,,0.7565,2022-12-05T14:39:00+00:00,246,1370
summary,2022-12-06,NVDA,,,,,,,0.00,,0,,,,,,,,,,0.6315,2022-12-05T16:12:00+00:00,172,1106
summary,2022-12-06,MSFT,,,,,,,0.00,,0,,,,,,,,,,0.7068,2022-12-05T11:52:00+00:00,192,1037
summary,2022-12-07,SPY,,,,,,,0.00,,0,,,,,,,,,,0.3737,2022-12-05T11:49:00+00:00,243,2475
summary,2022-12-07,QQQ,,,,,,,0.00,,0,,,,,,,,,,0.3902,2022-12-05T11:48:00+00:00,230,2329
summary,2022-12-07,AAPL,,,,,,,0.00,,0,,,,,,,,,,0.7565,2022-12-05T14:39:00+00:00,246,2185
summary,2022-12-07,NVDA,,,,,,,0.00,,0,,,,,,,,,,0.6315,2022-12-05T16:12:00+00:00,344,1757
summary,2022-12-07,MSFT,,,,,,,0.00,,0,,,,,,,,,,0.7068,2022-12-05T11:52:00+00:00,278,1588
summary,2022-12-08,SPY,,,,,,,0.00,,0,,,,,,,,,,0.4240,2022-12-05T14:37:00+00:00,414,3031
summary,2022-12-08,QQQ,,,,,,,0.00,,0,,,,,,,,,,0.5532,2022-12-05T14:38:00+00:00,381,2904
summary,2022-12-08,AAPL,,,,,,,0.00,,0,,,,,,,,,,1.0000,2022-12-05T14:35:00+00:00,262,2727
trade,2022-12-08,NVDA,Long,2022-12-08T15:16:00+00:00,2022-12-08T15:56:00+00:00,165.1345,167.3848,1.82,4.09,0.013627,2400000,SessionClose,0.5040,0.4027,0.4078,0.4243,0.6953,-0.5676,0.4181,0.6953,,,
trade,2022-12-08,NVDA,Long,2022-12-08T15:58:00+00:00,2022-12-08T15:59:00+00:00,167.3952,167.0849,1.79,-0.56,-0.001854,60000,SessionClose,0.4057,0.4020,-0.5381,0.4181,0.6953,-0.5743,0.4181,0.6953,,,
summary,2022-12-08,NVDA,,,,,,,3.53,,2,,,,,,,,,,0.8335,2022-12-05T16:04:00+00:00,801,2238
summary,2022-12-08,MSFT,,,,,,,0.00,,0,,,,,,,,,,0.6131,2022-12-05T14:49:00+00:00,471,2016
summary,2022-12-09,SPY,,,,,,,0.00,,0,,,,,,,,,,0.4203,2022-12-08T15:34:00+00:00,1345,2968
summary,2022-12-09,QQQ,,,,,,,0.00,,0,,,,,,,,,,0.4843,2022-12-08T15:34:00+00:00,1069,2894
trade,2022-12-09,AAPL,Long,2022-12-09T15:46:00+00:00,2022-12-09T15:56:00+00:00,143.0079,143.5269,2.10,1.09,0.003629,600000,SessionClose,0.2850,0.5469,-0.0781,0.2566,0.4627,0.5497,0.5710,0.4979,,,
summary,2022-12-09,AAPL,,,,,,,1.09,,1,,,,,,,,,,0.5625,2022-12-09T16:03:00+00:00,853,2695
trade,2022-12-09,NVDA,Long,2022-12-09T14:47:00+00:00,2022-12-09T15:56:00+00:00,173.1236,173.5724,1.74,0.78,0.002592,4140000,SessionClose,0.2488,0.4848,-0.0961,0.2084,0.4448,0.3282,0.4599,0.5869,,,
summary,2022-12-09,NVDA,,,,,,,0.78,,1,,,,,,,,,,0.7446,2022-12-08T15:34:00+00:00,1404,2400
summary,2022-12-09,MSFT,,,,,,,0.00,,0,,,,,,,,,,0.4965,2022-12-09T16:02:00+00:00,908,2032
summary,2022-12-12,SPY,,,,,,,0.00,,0,,,,,,,,,,0.8522,2022-12-09T16:04:00+00:00,532,1143
summary,2022-12-12,QQQ,,,,,,,0.00,,0,,,,,,,,,,0.9588,2022-12-09T15:59:00+00:00,388,1124
summary,2022-12-12,AAPL,,,,,,,0.00,,0,,,,,,,,,,0.9596,2022-12-09T15:59:00+00:00,465,1044
summary,2022-12-12,NVDA,,,,,,,0.00,,0,,,,,,,,,,1.0000,2022-12-09T14:35:00+00:00,425,1025
summary,2022-12-12,MSFT,,,,,,,0.00,,0,,,,,,,,,,0.9597,2022-12-09T15:59:00+00:00,727,915
summary,2022-12-13,SPY,,,,,,,0.00,,0,,,,,,,,,,0.8280,2022-12-13T13:49:00+00:00,1226,1538
summary,2022-12-13,QQQ,,,,,,,0.00,,0,,,,,,,,,,0.8904,2022-12-13T13:49:00+00:00,1075,1482
summary,2022-12-13,AAPL,,,,,,,0.00,,0,,,,,,,,,,0.7650,2022-12-13T13:41:00+00:00,971,1330
summary,2022-12-13,NVDA,,,,,,,0.00,,0,,,,,,,,,,0.8427,2022-12-13T13:49:00+00:00,1085,1325
summary,2022-12-13,MSFT,,,,,,,0.00,,0,,,,,,,,,,0.8454,2022-12-12T11:00:00+00:00,822,1094
summary,2022-12-14,SPY,,,,,,,0.00,,0,,,,,,,,,,0.8280,2022-12-13T13:49:00+00:00,1700,2376
summary,2022-12-14,QQQ,,,,,,,0.00,,0,,,,,,,,,,0.8904,2022-12-13T13:49:00+00:00,1474,2323
summary,2022-12-14,AAPL,,,,,,,0.00,,0,,,,,,,,,,0.7650,2022-12-13T13:41:00+00:00,1241,2071
summary,2022-12-14,NVDA,,,,,,,0.00,,0,,,,,,,,,,0.8427,2022-12-13T13:49:00+00:00,1440,1972
summary,2022-12-14,MSFT,,,,,,,0.00,,0,,,,,,,,,,0.8454,2022-12-12T11:00:00+00:00,1244,1648
summary,2022-12-15,SPY,,,,,,,0.00,,0,,,,,,,,,,0.8082,2022-12-13T13:49:00+00:00,1691,3027
summary,2022-12-15,QQQ,,,,,,,0.00,,0,,,,,,,,,,0.8919,2022-12-13T13:49:00+00:00,1347,2950
summary,2022-12-15,AAPL,,,,,,,0.00,,0,,,,,,,,,,0.7666,2022-12-13T13:41:00+00:00,1179,2689
summary,2022-12-15,NVDA,,,,,,,0.00,,0,,,,,,,,,,0.9073,2022-12-12T14:53:00+00:00,1341,2544
summary,2022-12-15,MSFT,,,,,,,0.00,,0,,,,,,,,,,1.0000,2022-12-12T14:35:00+00:00,1242,2198
summary,2022-12-16,SPY,,,,,,,0.00,,0,,,,,,,,,,0.5161,2022-12-13T14:55:00+00:00,229,3067
summary,2022-12-16,QQQ,,,,,,,0.00,,0,,,,,,,,,,0.5789,2022-12-13T14:47:00+00:00,165,3009
summary,2022-12-16,AAPL,,,,,,,0.00,,0,,,,,,,,,,0.5073,2022-12-13T14:45:00+00:00,132,2805
summary,2022-12-16,NVDA,,,,,,,0.00,,0,,,,,,,,,,0.9464,2022-12-13T14:46:00+00:00,137,2471
summary,2022-12-16,MSFT,,,,,,,0.00,,0,,,,,,,,,,0.9113,2022-12-13T14:45:00+00:00,393,2203
summary,2022-12-19,SPY,,,,,,,0.00,,0,,,,,,,,,,0.6194,2022-12-16T20:30:00+00:00,297,1184
summary,2022-12-19,QQQ,,,,,,,0.00,,0,,,,,,,,,,0.8357,2022-12-16T14:49:00+00:00,224,1168
summary,2022-12-19,AAPL,,,,,,,0.00,,0,,,,,,,,,,0.9035,2022-12-16T14:53:00+00:00,266,1143
summary,2022-12-19,NVDA,,,,,,,0.00,,0,,,,,,,,,,1.0000,2022-12-16T14:33:00+00:00,212,986
summary,2022-12-19,MSFT,,,,,,,0.00,,0,,,,,,,,,,0.8184,2022-12-16T14:50:00+00:00,104,975
summary,2022-12-20,SPY,,,,,,,0.00,,0,,,,,,,,,,0.6552,2022-12-19T10:22:00+00:00,568,1555
summary,2022-12-20,QQQ,,,,,,,0.00,,0,,,,,,,,,,0.6038,2022-12-19T10:21:00+00:00,356,1539
summary,2022-12-20,AAPL,,,,,,,0.00,,0,,,,,,,,,,0.6039,2022-12-19T10:23:00+00:00,440,1463
summary,2022-12-20,NVDA,,,,,,,0.00,,0,,,,,,,,,,0.6809,2022-12-19T17:49:00+00:00,322,1165
summary,2022-12-20,MSFT,,,,,,,0.00,,0,,,,,,,,,,0.6723,2022-12-19T11:21:00+00:00,421,1118
trade,2022-12-21,SPY,Long,2022-12-21T15:05:00+00:00,2022-12-21T15:56:00+00:00,383.9901,386.3591,0.78,1.85,0.006169,3060000,SessionClose,0.2964,0.3858,0.2240,0.2449,0.4235,0.4399,0.3579,0.4235,,,
summary,2022-12-21,SPY,,,,,,,1.85,,1,,,,,,,,,,0.6552,2022-12-19T10:22:00+00:00,1201,2413
summary,2022-12-21,QQQ,,,,,,,0.00,,0,,,,,,,,,,0.6038,2022-12-19T10:21:00+00:00,962,2424
trade,2022-12-21,AAPL,Long,2022-12-21T15:01:00+00:00,2022-12-21T15:56:00+00:00,133.8151,136.1491,2.24,5.23,0.017442,3300000,SessionClose,0.2243,0.5565,-0.0247,0.0736,0.6087,0.4899,0.5414,0.6087,,,
summary,2022-12-21,AAPL,,,,,,,5.23,,1,,,,,,,,,,0.6039,2022-12-19T10:23:00+00:00,1114,2288
trade,2022-12-21,NVDA,Long,2022-12-21T14:56:00+00:00,2022-12-21T15:56:00+00:00,163.7841,165.1654,1.83,2.53,0.008434,3600000,SessionClose,0.2109,0.3620,-0.3213,0.2035,0.4030,0.3453,0.2462,0.5992,,,
trade,2022-12-21,NVDA,Long,2022-12-21T15:58:00+00:00,2022-12-21T15:59:00+00:00,165.1345,165.2953,1.82,0.29,0.000974,60000,SessionClose,0.3346,0.3736,0.0712,0.2462,0.5992,0.4613,0.2462,0.5992,,,
summary,2022-12-21,NVDA,,,,,,,2.82,,2,,,,,,,,,,0.6809,2022-12-19T17:49:00+00:00,785,1819
summary,2022-12-21,MSFT,,,,,,,0.00,,0,,,,,,,,,,0.6723,2022-12-19T11:21:00+00:00,819,1712
summary,2022-12-22,SPY,,,,,,,0.00,,0,,,,,,,,,,0.4675,2022-12-21T15:39:00+00:00,1293,2993
summary,2022-12-22,QQQ,,,,,,,0.00,,0,,,,,,,,,,0.4649,2022-12-20T15:32:00+00:00,1066,2957
summary,2022-12-22,AAPL,,,,,,,0.00,,0,,,,,,,,,,0.5657,2022-12-21T15:57:00+00:00,1249,2797
summary,2022-12-22,NVDA,,,,,,,0.00,,0,,,,,,,,,,0.7280,2022-12-19T15:30:00+00:00,775,2337
summary,2022-12-22,MSFT,,,,,,,0.00,,0,,,,,,,,,,0.5107,2022-12-20T15:32:00+00:00,828,2128
summary,2022-12-23,SPY,,,,,,,0.00,,0,,,,,,,,,,0.8958,2022-12-20T15:53:00+00:00,1613,2956
summary,2022-12-23,QQQ,,,,,,,0.00,,0,,,,,,,,,,0.9173,2022-12-20T15:53:00+00:00,1200,2975
summary,2022-12-23,AAPL,,,,,,,0.00,,0,,,,,,,,,,0.9448,2022-12-20T15:53:00+00:00,1375,2778
summary,2022-12-23,NVDA,,,,,,,0.00,,0,,,,,,,,,,1.0000,2022-12-20T14:37:00+00:00,833,2422
summary,2022-12-23,MSFT,,,,,,,0.00,,0,,,,,,,,,,0.9431,2022-12-20T15:49:00+00:00,874,2083
summary,2022-12-26,SPY,,,,,,,0.00,,0,,,,,,,,,,0.9022,2022-12-23T15:18:00+00:00,390,482
summary,2022-12-26,QQQ,,,,,,,0.00,,0,,,,,,,,,,0.9066,2022-12-23T15:18:00+00:00,391,472
summary,2022-12-26,AAPL,,,,,,,0.00,,0,,,,,,,,,,0.9004,2022-12-23T15:18:00+00:00,391,476
summary,2022-12-26,NVDA,,,,,,,0.00,,0,,,,,,,,,,0.9120,2022-12-23T15:18:00+00:00,304,438
summary,2022-12-26,MSFT,,,,,,,0.00,,0,,,,,,,,,,0.9581,2022-12-23T15:40:00+00:00,363,426
trade,2022-12-27,SPY,Long,2022-12-27T15:22:00+00:00,2022-12-27T15:56:00+00:00,382.9799,381.9404,0.78,-0.81,-0.002714,2040000,SessionClose,0.4675,0.0560,0.5912,0.2681,0.8250,-0.5742,0.0807,0.2165,,,
summary,2022-12-27,SPY,,,,,,,-0.81,,1,,,,,,,,,,0.6918,2022-12-27T10:30:00+00:00,265,636
summary,2022-12-27,QQQ,,,,,,,0.00,,0,,,,,,,,,,0.5213,2022-12-27T10:14:00+00:00,143,656
trade,2022-12-27,AAPL,Long,2022-12-27T15:43:00+00:00,2022-12-27T15:56:00+00:00,130.2341,129.8360,2.30,-0.92,-0.003056,780000,SessionClose,0.2698,0.0000,0.3047,0.1687,0.4602,-0.5611,0.1045,-0.0532,,,
summary,2022-12-27,AAPL,,,,,,,-0.92,,1,,,,,,,,,,0.6537,2022-12-27T10:17:00+00:00,255,626
trade,2022-12-27,NVDA,Long,2022-12-27T15:21:00+00:00,2022-12-27T15:56:00+00:00,147.6093,145.5013,2.03,-4.29,-0.014280,2100000,SessionClose,0.3602,0.0000,0.6030,0.0394,0.9209,-0.5992,-0.1429,-1.0000,,,
summary,2022-12-27,NVDA,,,,,,,-4.29,,1,,,,,,,,,,0.9370,2022-12-27T09:47:00+00:00,53,562
trade,2022-12-27,MSFT,Long,2022-12-27T15:22:00+00:00,2022-12-27T15:56:00+00:00,238.5165,237.4636,1.26,-1.32,-0.004414,2040000,SessionClose,0.4245,-0.0171,0.5917,0.1353,0.9471,-0.5635,0.0562,0.0185,,,
summary,2022-12-27,MSFT,,,,,,,-1.32,,1,,,,,,,,,,0.4617,2022-12-27T15:39:00+00:00,204,532
summary,2022-12-28,SPY,,,,,,,0.00,,0,,,,,,,,,,0.6918,2022-12-27T10:30:00+00:00,528,1422
summary,2022-12-28,QQQ,,,,,,,0.00,,0,,,,,,,,,,0.5213,2022-12-27T10:14:00+00:00,271,1516
summary,2022-12-28,AAPL,,,,,,,0.00,,0,,,,,,,,,,0.6537,2022-12-27T10:17:00+00:00,511,1415
summary,2022-12-28,NVDA,,,,,,,0.00,,0,,,,,,,,,,0.9370,2022-12-27T09:47:00+00:00,198,1363
trade,2022-12-28,MSFT,Long,2022-12-28T14:39:00+00:00,2022-12-28T15:26:00+00:00,238.6466,238.5034,1.26,-0.18,-0.000600,2820000,ScoreExit,0.3159,-0.0543,0.2093,0.2706,0.4420,-0.5241,-0.1506,0.2949,,,
summary,2022-12-28,MSFT,,,,,,,-0.18,,1,,,,,,,,,,0.4617,2022-12-27T15:39:00+00:00,368,1080
summary,2022-12-29,SPY,,,,,,,0.00,,0,,,,,,,,,,0.6918,2022-12-27T10:30:00+00:00,916,2276
trade,2022-12-29,QQQ,Long,2022-12-29T15:02:00+00:00,2022-12-29T15:56:00+00:00,264.9545,266.2251,1.13,1.44,0.004796,3240000,SessionClose,0.2448,0.2400,0.0734,0.1769,0.4379,0.0996,0.1645,0.4379,,,
trade,2022-12-29,QQQ,Long,2022-12-29T16:00:00+00:00,2022-12-29T16:01:00+00:00,266.5649,266.4450,1.13,-0.14,-0.000450,60000,SessionClose,0.2549,0.1787,0.2484,0.1645,0.4379,0.4116,0.0068,0.4448,,,
summary,2022-12-29,QQQ,,,,,,,1.30,,2,,,,,,,,,,0.5213,2022-12-27T10:14:00+00:00,672,2352
trade,2022-12-29,AAPL,Long,2022-12-29T15:30:00+00:00,2022-12-29T15:56:00+00:00,129.4338,129.5711,2.32,0.32,0.001061,1560000,SessionClose,0.2920,0.4377,0.1475,0.2140,0.4962,0.5336,0.3924,0.4962,,,
summary,2022-12-29,AAPL,,,,,,,0.32,,1,,,,,,,,,,0.6537,2022-12-27T10:17:00+00:00,861,2276
trade,2022-12-29,NVDA,Long,2022-12-29T14:52:00+00:00,2022-12-29T15:56:00+00:00,144.9093,144.9715,2.07,0.13,0.000429,3840000,SessionClose,0.2813,0.3734,0.4513,0.0917,0.6040,0.0506,0.2763,0.6752,,,
trade,2022-12-29,NVDA,Long,2022-12-29T15:59:00+00:00,2022-12-29T16:00:00+00:00,145.3686,145.3714,2.06,0.01,0.000019,60000,SessionClose,0.4077,0.4239,0.3937,0.2763,0.6752,0.5554,0.2763,0.6752,,,
summary,2022-12-29,NVDA,,,,,,,0.13,,2,,,,,,,,,,0.9370,2022-12-27T09:47:00+00:00,693,2035
trade,2022-12-29,MSFT,Long,2022-12-29T15:02:00+00:00,2022-12-29T15:56:00+00:00,238.2264,239.6431,1.26,1.78,0.005947,3240000,SessionClose,0.3310,0.3442,0.1991,0.2898,0.4574,0.0644,0.3342,0.4574,,,
summary,2022-12-29,MSFT,,,,,,,1.78,,1,,,,,,,,,,0.4828,2022-12-29T15:18:00+00:00,754,1661
summary,2022-12-30,SPY,,,,,,,0.00,,0,,,,,,,,,,0.8898,2022-12-27T15:46:00+00:00,1113,2872
summary,2022-12-30,QQQ,,,,,,,0.00,,0,,,,,,,,,,0.7837,2022-12-27T15:48:00+00:00,1032,2912
summary,2022-12-30,AAPL,,,,,,,0.00,,0,,,,,,,,,,0.6659,2022-12-27T17:11:00+00:00,1155,2817
summary,2022-12-30,NVDA,,,,,,,0.00,,0,,,,,,,,,,0.9051,2022-12-27T15:21:00+00:00,1372,2515
summary,2022-12-30,MSFT,,,,,,,0.00,,0,,,,,,,,,,0.8979,2022-12-27T15:21:00+00:00,935,2050
