row_type,date,ticker,direction,entry_time,exit_time,entry_price,exit_price,size,pnl,pnl_pct,hold_duration_ms,exit_reason,entry_composite,exit_composite,entry_1m,entry_5m,entry_1h,exit_1m,exit_5m,exit_1h,max_composite,max_composite_time,positive_ticks,total_ticks
summary,2024-01-01,SPY,,,,,,,0.00,,0,,,,,,,,,,0.2999,2023-12-29T14:38:00+00:00,143,524
summary,2024-01-01,QQQ,,,,,,,0.00,,0,,,,,,,,,,0.3505,2023-12-29T18:49:00+00:00,119,518
summary,2024-01-01,AAPL,,,,,,,0.00,,0,,,,,,,,,,0.2855,2023-12-29T20:28:00+00:00,33,543
summary,2024-01-01,NVDA,,,,,,,0.00,,0,,,,,,,,,,0.7408,2023-12-29T18:49:00+00:00,147,555
summary,2024-01-01,MSFT,,,,,,,0.00,,0,,,,,,,,,,0.4099,2023-12-29T14:51:00+00:00,189,464
summary,2024-01-02,SPY,,,,,,,0.00,,0,,,,,,,,,,0.4014,2024-01-02T16:49:00+00:00,157,655
summary,2024-01-02,QQQ,,,,,,,0.00,,0,,,,,,,,,,0.3739,2024-01-02T21:00:00+00:00,74,658
summary,2024-01-02,AAPL,,,,,,,0.00,,0,,,,,,,,,,0.6821,2024-01-02T10:21:00+00:00,121,636
summary,2024-01-02,NVDA,,,,,,,0.00,,0,,,,,,,,,,0.6766,2024-01-02T16:46:00+00:00,270,618
summary,2024-01-02,MSFT,,,,,,,0.00,,0,,,,,,,,,,0.7394,2024-01-02T13:02:00+00:00,168,527
summary,2024-01-03,SPY,,,,,,,0.00,,0,,,,,,,,,,0.4014,2024-01-02T16:49:00+00:00,377,1444
summary,2024-01-03,QQQ,,,,,,,0.00,,0,,,,,,,,,,0.3913,2024-01-02T21:03:00+00:00,180,1490
summary,2024-01-03,AAPL,,,,,,,0.00,,0,,,,,,,,,,0.6821,2024-01-02T10:21:00+00:00,217,1436
summary,2024-01-03,NVDA,,,,,,,0.00,,0,,,,,,,,,,0.6766,2024-01-02T16:46:00+00:00,402,1377
summary,2024-01-03,MSFT,,,,,,,0.00,,0,,,,,,,,,,0.7394,2024-01-02T13:02:00+00:00,505,1134
summary,2024-01-04,SPY,,,,,,,0.00,,0,,,,,,,,,,0.4014,2024-01-02T16:49:00+00:00,401,2253
summary,2024-01-04,QQQ,,,,,,,0.00,,0,,,,,,,,,,0.3913,2024-01-02T21:03:00+00:00,180,2288
summary,2024-01-04,AAPL,,,,,,,0.00,,0,,,,,,,,,,0.6821,2024-01-02T10:21:00+00:00,217,2203
summary,2024-01-04,NVDA,,,,,,,0.00,,0,,,,,,,,,,0.6766,2024-01-02T16:46:00+00:00,684,2068
summary,2024-01-04,MSFT,,,,,,,0.00,,0,,,,,,,,,,0.7394,2024-01-02T13:02:00+00:00,675,1690
summary,2024-01-05,SPY,,,,,,,0.00,,0,,,,,,,,,,0.4381,2024-01-02T17:00:00+00:00,541,2805
summary,2024-01-05,QQQ,,,,,,,0.00,,0,,,,,,,,,,0.3732,2024-01-02T21:03:00+00:00,237,2844
summary,2024-01-05,AAPL,,,,,,,0.00,,0,,,,,,,,,,0.7542,2024-01-02T14:32:00+00:00,102,2729
summary,2024-01-05,NVDA,,,,,,,0.00,,0,,,,,,,,,,0.6393,2024-01-03T14:48:00+00:00,1266,2556
summary,2024-01-05,MSFT,,,,,,,0.00,,0,,,,,,,,,,0.6079,2024-01-03T14:48:00+00:00,769,2145
summary,2024-01-08,SPY,,,,,,,0.00,,0,,,,,,,,,,0.7281,2024-01-05T15:52:00+00:00,612,1149
summary,2024-01-08,QQQ,,,,,,,0.00,,0,,,,,,,,,,0.8122,2024-01-05T15:55:00+00:00,596,1185
summary,2024-01-08,AAPL,,,,,,,0.00,,0,,,,,,,,,,0.7314,2024-01-05T15:59:00+00:00,595,1170
summary,2024-01-08,NVDA,,,,,,,0.00,,0,,,,,,,,,,0.9580,2024-01-05T16:02:00+00:00,915,1162
summary,2024-01-08,MSFT,,,,,,,0.00,,0,,,,,,,,,,0.8739,2024-01-05T16:01:00+00:00,550,962
summary,2024-01-09,SPY,,,,,,,0.00,,0,,,,,,,,,,0.6394,2024-01-08T10:34:00+00:00,1076,1425
summary,2024-01-09,QQQ,,,,,,,0.00,,0,,,,,,,,,,0.6935,2024-01-08T10:33:00+00:00,1217,1545
summary,2024-01-09,AAPL,,,,,,,0.00,,0,,,,,,,,,,0.6888,2024-01-08T11:34:00+00:00,1042,1371
summary,2024-01-09,NVDA,,,,,,,0.00,,0,,,,,,,,,,0.9495,2024-01-08T14:41:00+00:00,1257,1485
summary,2024-01-09,MSFT,,,,,,,0.00,,0,,,,,,,,,,0.8373,2024-01-08T11:52:00+00:00,862,1168
summary,2024-01-10,SPY,,,,,,,0.00,,0,,,,,,,,,,0.6394,2024-01-08T10:34:00+00:00,1597,2195
summary,2024-01-10,QQQ,,,,,,,0.00,,0,,,,,,,,,,0.6935,2024-01-08T10:33:00+00:00,1833,2388
summary,2024-01-10,AAPL,,,,,,,0.00,,0,,,,,,,,,,0.6888,2024-01-08T11:34:00+00:00,1457,2107
summary,2024-01-10,NVDA,,,,,,,0.00,,0,,,,,,,,,,0.9495,2024-01-08T14:41:00+00:00,1946,2352
summary,2024-01-10,MSFT,,,,,,,0.00,,0,,,,,,,,,,0.8373,2024-01-08T11:52:00+00:00,1374,1790
summary,2024-01-11,SPY,,,,,,,0.00,,0,,,,,,,,,,0.8019,2024-01-08T15:49:00+00:00,1999,2747
summary,2024-01-11,QQQ,,,,,,,0.00,,0,,,,,,,,,,0.9019,2024-01-08T15:49:00+00:00,2270,2969
summary,2024-01-11,AAPL,,,,,,,0.00,,0,,,,,,,,,,0.9828,2024-01-08T14:41:00+00:00,1805,2640
summary,2024-01-11,NVDA,,,,,,,0.00,,0,,,,,,,,,,1.0000,2024-01-08T14:37:00+00:00,2423,2999
summary,2024-01-11,MSFT,,,,,,,0.00,,0,,,,,,,,,,0.5958,2024-01-08T19:28:00+00:00,1801,2364
summary,2024-01-12,SPY,,,,,,,0.00,,0,,,,,,,,,,0.5700,2024-01-09T16:59:00+00:00,1844,2745
summary,2024-01-12,QQQ,,,,,,,0.00,,0,,,,,,,,,,0.7605,2024-01-09T16:03:00+00:00,2209,2941
summary,2024-01-12,AAPL,,,,,,,0.00,,0,,,,,,,,,,0.6773,2024-01-09T16:55:00+00:00,1769,2604
summary,2024-01-12,NVDA,,,,,,,0.00,,0,,,,,,,,,,0.8961,2024-01-09T15:23:00+00:00,2182,2938
summary,2024-01-12,MSFT,,,,,,,0.00,,0,,,,,,,,,,0.9582,2024-01-09T15:55:00+00:00,1866,2334
summary,2024-01-15,SPY,,,,,,,0.00,,0,,,,,,,,,,0.3764,2024-01-12T14:40:00+00:00,75,556
summary,2024-01-15,QQQ,,,,,,,0.00,,0,,,,,,,,,,0.4822,2024-01-12T14:45:00+00:00,115,501
summary,2024-01-15,AAPL,,,,,,,0.00,,0,,,,,,,,,,0.3980,2024-01-12T14:31:00+00:00,87,517
summary,2024-01-15,NVDA,,,,,,,0.00,,0,,,,,,,,,,0.8367,2024-01-12T14:33:00+00:00,243,552
summary,2024-01-15,MSFT,,,,,,,0.00,,0,,,,,,,,,,0.9170,2024-01-12T16:02:00+00:00,361,477
summary,2024-01-16,SPY,,,,,,,0.00,,0,,,,,,,,,,0.4700,2024-01-16T15:24:00+00:00,220,621
summary,2024-01-16,QQQ,,,,,,,0.00,,0,,,,,,,,,,0.6197,2024-01-16T15:24:00+00:00,328,656
summary,2024-01-16,AAPL,,,,,,,0.00,,0,,,,,,,,,,0.6776,2024-01-16T15:48:00+00:00,230,626
summary,2024-01-16,NVDA,,,,,,,0.00,,0,,,,,,,,,,0.7864,2024-01-16T09:35:00+00:00,519,640
summary,2024-01-16,MSFT,,,,,,,0.00,,0,,,,,,,,,,0.8159,2024-01-16T10:23:00+00:00,235,582
summary,2024-01-17,SPY,,,,,,,0.00,,0,,,,,,,,,,0.4700,2024-01-16T15:24:00+00:00,351,1393
summary,2024-01-17,QQQ,,,,,,,0.00,,0,,,,,,,,,,0.6197,2024-01-16T15:24:00+00:00,560,1506
summary,2024-01-17,AAPL,,,,,,,0.00,,0,,,,,,,,,,0.6776,2024-01-16T15:48:00+00:00,504,1350
summary,2024-01-17,NVDA,,,,,,,0.00,,0,,,,,,,,,,0.7864,2024-01-16T09:35:00+00:00,1149,1515
summary,2024-01-17,MSFT,,,,,,,0.00,,0,,,,,,,,,,0.8159,2024-01-16T10:23:00+00:00,552,1242
summary,2024-01-18,SPY,,,,,,,0.00,,0,,,,,,,,,,0.4700,2024-01-16T15:24:00+00:00,893,2192
summary,2024-01-18,QQQ,,,,,,,0.00,,0,,,,,,,,,,0.6197,2024-01-16T15:24:00+00:00,1234,2375
summary,2024-01-18,AAPL,,,,,,,0.00,,0,,,,,,,,,,0.6776,2024-01-16T15:48:00+00:00,1017,2112
summary,2024-01-18,NVDA,,,,,,,0.00,,0,,,,,,,,,,0.7864,2024-01-16T09:35:00+00:00,1754,2363
summary,2024-01-18,MSFT,,,,,,,0.00,,0,,,,,,,,,,0.8159,2024-01-16T10:23:00+00:00,996,1899
summary,2024-01-19,SPY,,,,,,,0.00,,0,,,,,,,,,,0.8418,2024-01-16T15:41:00+00:00,1400,2799
summary,2024-01-19,QQQ,,,,,,,0.00,,0,,,,,,,,,,0.9554,2024-01-16T15:48:00+00:00,1740,3008
summary,2024-01-19,AAPL,,,,,,,0.00,,0,,,,,,,,,,0.9584,2024-01-16T15:48:00+00:00,1726,2723
summary,2024-01-19,NVDA,,,,,,,0.00,,0,,,,,,,,,,1.0000,2024-01-16T14:35:00+00:00,2301,3009
summary,2024-01-19,MSFT,,,,,,,0.00,,0,,,,,,,,,,0.5434,2024-01-18T09:01:00+00:00,1279,2418
summary,2024-01-22,SPY,,,,,,,0.00,,0,,,,,,,,,,0.5943,2024-01-19T16:03:00+00:00,1046,1208
summary,2024-01-22,QQQ,,,,,,,0.00,,0,,,,,,,,,,0.5784,2024-01-19T19:13:00+00:00,1056,1254
summary,2024-01-22,AAPL,,,,,,,0.00,,0,,,,,,,,,,0.5739,2024-01-19T18:40:00+00:00,1017,1157
summary,2024-01-22,NVDA,,,,,,,0.00,,0,,,,,,,,,,0.9551,2024-01-19T15:44:00+00:00,1121,1269
summary,2024-01-22,MSFT,,,,,,,0.00,,0,,,,,,,,,,0.5878,2024-01-19T20:59:00+00:00,804,1164
summary,2024-01-23,SPY,,,,,,,0.00,,0,,,,,,,,,,0.4726,2024-01-22T10:13:00+00:00,645,1348
summary,2024-01-23,QQQ,,,,,,,0.00,,0,,,,,,,,,,0.4774,2024-01-22T10:14:00+00:00,643,1526
summary,2024-01-23,AAPL,,,,,,,0.00,,0,,,,,,,,,,0.7258,2024-01-22T10:29:00+00:00,763,1309
summary,2024-01-23,NVDA,,,,,,,0.00,,0,,,,,,,,,,0.6781,2024-01-22T16:24:00+00:00,777,1433
summary,2024-01-23,MSFT,,,,,,,0.00,,0,,,,,,,,,,0.5213,2024-01-22T10:14:00+00:00,530,1175
summary,2024-01-24,SPY,,,,,,,0.00,,0,,,,,,,,,,0.4726,2024-01-22T10:13:00+00:00,1155,2141
summary,2024-01-24,QQQ,,,,,,,0.00,,0,,,,,,,,,,0.4774,2024-01-22T10:14:00+00:00,1296,2387
summary,2024-01-24,AAPL,,,,,,,0.00,,0,,,,,,,,,,0.7258,2024-01-22T10:29:00+00:00,1264,2060
summary,2024-01-24,NVDA,,,,,,,0.00,,0,,,,,,,,,,0.7859,2024-01-24T15:24:00+00:00,1393,2270
summary,2024-01-24,MSFT,,,,,,,0.00,,0,,,,,,,,,,0.5213,2024-01-22T10:14:00+00:00,1054,1866
summary,2024-01-25,SPY,,,,,,,0.00,,0,,,,,,,,,,0.3873,2024-01-24T09:23:00+00:00,1278,2664
summary,2024-01-25,QQQ,,,,,,,0.00,,0,,,,,,,,,,0.4437,2024-01-24T09:02:00+00:00,1608,2959
summary,2024-01-25,AAPL,,,,,,,0.00,,0,,,,,,,,,,1.0000,2024-01-22T14:34:00+00:00,1288,2581
summary,2024-01-25,NVDA,,,,,,,0.00,,0,,,,,,,,,,1.0000,2024-01-22T14:34:00+00:00,1776,2858
summary,2024-01-25,MSFT,,,,,,,0.00,,0,,,,,,,,,,0.5023,2024-01-22T16:24:00+00:00,1409,2363
summary,2024-01-26,SPY,,,,,,,0.00,,0,,,,,,,,,,0.4638,2024-01-24T00:58:00+00:00,1676,2796
summary,2024-01-26,QQQ,,,,,,,0.00,,0,,,,,,,,,,0.5344,2024-01-24T00:58:00+00:00,1622,3059
summary,2024-01-26,AAPL,,,,,,,0.00,,0,,,,,,,,,,0.4230,2024-01-24T15:44:00+00:00,858,2648
summary,2024-01-26,NVDA,,,,,,,0.00,,0,,,,,,,,,,0.9508,2024-01-23T16:04:00+00:00,2013,2990
summary,2024-01-26,MSFT,,,,,,,0.00,,0,,,,,,,,,,0.5720,2024-01-23T20:12:00+00:00,1786,2440
summary,2024-01-29,SPY,,,,,,,0.00,,0,,,,,,,,,,0.7775,2024-01-26T15:50:00+00:00,558,1111
summary,2024-01-29,QQQ,,,,,,,0.00,,0,,,,,,,,,,0.8829,2024-01-26T15:59:00+00:00,595,1206
summary,2024-01-29,AAPL,,,,,,,0.00,,0,,,,,,,,,,0.5205,2024-01-26T15:03:00+00:00,133,1095
summary,2024-01-29,NVDA,,,,,,,0.00,,0,,,,,,,,,,0.9633,2024-01-26T15:55:00+00:00,696,1154
summary,2024-01-29,MSFT,,,,,,,0.00,,0,,,,,,,,,,0.8854,2024-01-26T15:49:00+00:00,647,1052
summary,2024-01-30,SPY,,,,,,,0.00,,0,,,,,,,,,,0.4431,2024-01-29T20:23:00+00:00,923,1406
summary,2024-01-30,QQQ,,,,,,,0.00,,0,,,,,,,,,,0.4459,2024-01-29T20:19:00+00:00,940,1547
summary,2024-01-30,AAPL,,,,,,,0.00,,0,,,,,,,,,,0.4251,2024-01-29T19:11:00+00:00,340,1335
summary,2024-01-30,NVDA,,,,,,,0.00,,0,,,,,,,,,,0.6643,2024-01-29T15:19:00+00:00,977,1474
summary,2024-01-30,MSFT,,,,,,,0.00,,0,,,,,,,,,,0.9874,2024-01-29T09:03:00+00:00,995,1412
summary,2024-01-31,SPY,,,,,,,0.00,,0,,,,,,,,,,0.4431,2024-01-29T20:23:00+00:00,1016,2254
summary,2024-01-31,QQQ,,,,,,,0.00,,0,,,,,,,,,,0.4459,2024-01-29T20:19:00+00:00,992,2471
summary,2024-01-31,AAPL,,,,,,,0.00,,0,,,,,,,,,,0.4251,2024-01-29T19:11:00+00:00,340,2136
summary,2024-01-31,NVDA,,,,,,,0.00,,0,,,,,,,,,,0.6643,2024-01-29T15:19:00+00:00,1125,2387
summary,2024-01-31,MSFT,,,,,,,0.00,,0,,,,,,,,,,0.9874,2024-01-29T09:03:00+00:00,1145,2303
summary,2024-02-01,SPY,,,,,,,0.00,,0,,,,,,,,,,0.6064,2024-01-29T20:23:00+00:00,1232,2900
summary,2024-02-01,QQQ,,,,,,,0.00,,0,,,,,,,,,,0.6031,2024-01-29T20:19:00+00:00,1038,3091
summary,2024-02-01,AAPL,,,,,,,0.00,,0,,,,,,,,,,0.5445,2024-01-29T20:20:00+00:00,335,2730
summary,2024-02-01,NVDA,,,,,,,0.00,,0,,,,,,,,,,1.0000,2024-01-29T14:41:00+00:00,1622,2972
summary,2024-02-01,MSFT,,,,,,,0.00,,0,,,,,,,,,,0.9022,2024-01-29T14:51:00+00:00,1227,2930
summary,2024-02-02,SPY,,,,,,,0.00,,0,,,,,,,,,,0.4149,2024-02-01T21:49:00+00:00,1011,2934
summary,2024-02-02,QQQ,,,,,,,0.00,,0,,,,,,,,,,0.4885,2024-02-01T21:49:00+00:00,914,3098
summary,2024-02-02,AAPL,,,,,,,0.00,,0,,,,,,,,,,0.5170,2024-02-02T16:13:00+00:00,507,2877
summary,2024-02-02,NVDA,,,,,,,0.00,,0,,,,,,,,,,0.8965,2024-01-30T15:23:00+00:00,1779,2976
summary,2024-02-02,MSFT,,,,,,,0.00,,0,,,,,,,,,,0.8398,2024-01-30T23:08:00+00:00,1046,2855
summary,2024-02-05,SPY,,,,,,,0.00,,0,,,,,,,,,,0.8604,2024-02-02T15:44:00+00:00,753,1184
summary,2024-02-05,QQQ,,,,,,,0.00,,0,,,,,,,,,,0.9324,2024-02-02T15:44:00+00:00,866,1244
summary,2024-02-05,AAPL,,,,,,,0.00,,0,,,,,,,,,,1.0000,2024-02-02T14:31:00+00:00,1093,1237
summary,2024-02-05,NVDA,,,,,,,0.00,,0,,,,,,,,,,1.0000,2024-02-02T14:36:00+00:00,1199,1301
summary,2024-02-05,MSFT,,,,,,,0.00,,0,,,,,,,,,,1.0000,2024-02-02T14:34:00+00:00,534,1051
summary,2024-02-06,SPY,,,,,,,0.00,,0,,,,,,,,,,0.7076,2024-02-05T10:41:00+00:00,793,1352
summary,2024-02-06,QQQ,,,,,,,0.00,,0,,,,,,,,,,0.7066,2024-02-05T10:34:00+00:00,845,1527
summary,2024-02-06,AAPL,,,,,,,0.00,,0,,,,,,,,,,0.6080,2024-02-05T17:44:00+00:00,983,1385
summary,2024-02-06,NVDA,,,,,,,0.00,,0,,,,,,,,,,0.9626,2024-02-05T10:34:00+00:00,1124,1632
summary,2024-02-06,MSFT,,,,,,,0.00,,0,,,,,,,,,,0.4706,2024-02-05T09:43:00+00:00,350,1205
summary,2024-02-07,SPY,,,,,,,0.00,,0,,,,,,,,,,0.7076,2024-02-05T10:41:00+00:00,1377,2110
summary,2024-02-07,QQQ,,,,,,,0.00,,0,,,,,,,,,,0.7066,2024-02-05T10:34:00+00:00,1436,2354
summary,2024-02-07,AAPL,,,,,,,0.00,,0,,,,,,,,,,0.6080,2024-02-05T17:44:00+00:00,1563,2148
summary,2024-02-07,NVDA,,,,,,,0.00,,0,,,,,,,,,,0.9626,2024-02-05T10:34:00+00:00,1551,2513
summary,2024-02-07,MSFT,,,,,,,0.00,,0,,,,,,,,,,0.4706,2024-02-05T09:43:00+00:00,845,1817
summary,2024-02-08,SPY,,,,,,,0.00,,0,,,,,,,,,,0.4643,2024-02-05T19:46:00+00:00,1755,2644
summary,2024-02-08,QQQ,,,,,,,0.00,,0,,,,,,,,,,0.5079,2024-02-05T19:46:00+00:00,1933,2878
summary,2024-02-08,AAPL,,,,,,,0.00,,0,,,,,,,,,,0.8982,2024-02-05T15:14:00+00:00,1754,2556
summary,2024-02-08,NVDA,,,,,,,0.00,,0,,,,,,,,,,1.0000,2024-02-05T14:33:00+00:00,1954,3100
summary,2024-02-08,MSFT,,,,,,,0.00,,0,,,,,,,,,,0.4645,2024-02-07T15:29:00+00:00,1190,2309
summary,2024-02-09,SPY,,,,,,,0.00,,0,,,,,,,,,,0.4260,2024-02-07T15:29:00+00:00,1914,2682
summary,2024-02-09,QQQ,,,,,,,0.00,,0,,,,,,,,,,0.4904,2024-02-07T15:29:00+00:00,1927,2844
summary,2024-02-09,AAPL,,,,,,,0.00,,0,,,,,,,,,,0.9017,2024-02-06T14:46:00+00:00,1413,2470
summary,2024-02-09,NVDA,,,,,,,0.00,,0,,,,,,,,,,0.8079,2024-02-07T15:12:00+00:00,2022,2969
summary,2024-02-09,MSFT,,,,,,,0.00,,0,,,,,,,,,,0.5042,2024-02-06T14:34:00+00:00,1537,2224
summary,2024-02-12,SPY,,,,,,,0.00,,0,,,,,,,,,,0.7354,2024-02-09T16:02:00+00:00,775,1085
summary,2024-02-12,QQQ,,,,,,,0.00,,0,,,,,,,,,,0.8598,2024-02-09T15:46:00+00:00,839,1163
summary,2024-02-12,AAPL,,,,,,,0.00,,0,,,,,,,,,,0.6332,2024-02-09T16:44:00+00:00,255,1095
summary,2024-02-12,NVDA,,,,,,,0.00,,0,,,,,,,,,,0.9615,2024-02-09T15:46:00+00:00,1047,1275
summary,2024-02-12,MSFT,,,,,,,0.00,,0,,,,,,,,,,0.9545,2024-02-09T15:41:00+00:00,641,1001
summary,2024-02-13,SPY,,,,,,,0.00,,0,,,,,,,,,,0.6591,2024-02-12T11:17:00+00:00,248,1380
summary,2024-02-13,QQQ,,,,,,,0.00,,0,,,,,,,,,,0.4936,2024-02-12T16:34:00+00:00,212,1506
summary,2024-02-13,AAPL,,,,,,,0.00,,0,,,,,,,,,,0.5990,2024-02-12T09:07:00+00:00,130,1262
summary,2024-02-13,NVDA,,,,,,,0.00,,0,,,,,,,,,,0.8642,2024-02-12T15:36:00+00:00,483,1551
summary,2024-02-13,MSFT,,,,,,,0.00,,0,,,,,,,,,,0.5764,2024-02-12T09:51:00+00:00,181,1180
summary,2024-02-14,SPY,,,,,,,0.00,,0,,,,,,,,,,0.6591,2024-02-12T11:17:00+00:00,802,2202
summary,2024-02-14,QQQ,,,,,,,0.00,,0,,,,,,,,,,0.4936,2024-02-12T16:34:00+00:00,601,2396
summary,2024-02-14,AAPL,,,,,,,0.00,,0,,,,,,,,,,0.5990,2024-02-12T09:07:00+00:00,224,1971
summary,2024-02-14,NVDA,,,,,,,0.00,,0,,,,,,,,,,0.8642,2024-02-12T15:36:00+00:00,1089,2413
summary,2024-02-14,MSFT,,,,,,,0.00,,0,,,,,,,,,,0.5764,2024-02-12T09:51:00+00:00,215,1859
summary,2024-02-15,SPY,,,,,,,0.00,,0,,,,,,,,,,0.7333,2024-02-12T15:54:00+00:00,1171,2799
summary,2024-02-15,QQQ,,,,,,,0.00,,0,,,,,,,,,,0.8009,2024-02-12T15:54:00+00:00,1129,2949
summary,2024-02-15,AAPL,,,,,,,0.00,,0,,,,,,,,,,0.3950,2024-02-15T20:57:00+00:00,236,2603
summary,2024-02-15,NVDA,,,,,,,0.00,,0,,,,,,,,,,1.0000,2024-02-12T14:33:00+00:00,1609,3007
summary,2024-02-15,MSFT,,,,,,,0.00,,0,,,,,,,,,,0.7990,2024-02-12T15:59:00+00:00,316,2381
summary,2024-02-16,SPY,,,,,,,0.00,,0,,,,,,,,,,0.7568,2024-02-13T15:43:00+00:00,1827,2772
summary,2024-02-16,QQQ,,,,,,,0.00,,0,,,,,,,,,,0.9559,2024-02-13T15:43:00+00:00,1945,2957
summary,2024-02-16,AAPL,,,,,,,0.00,,0,,,,,,,,,,0.9558,2024-02-13T15:54:00+00:00,768,2755
summary,2024-02-16,NVDA,,,,,,,0.00,,0,,,,,,,,,,1.0000,2024-02-13T14:32:00+00:00,2192,3003
summary,2024-02-16,MSFT,,,,,,,0.00,,0,,,,,,,,,,0.9529,2024-02-13T15:41:00+00:00,1167,2388
summary,2024-02-19,SPY,,,,,,,0.00,,0,,,,,,,,,,0.5555,2024-02-16T15:54:00+00:00,188,554
summary,2024-02-19,QQQ,,,,,,,0.00,,0,,,,,,,,,,0.4983,2024-02-16T16:20:00+00:00,176,540
summary,2024-02-19,AAPL,,,,,,,0.00,,0,,,,,,,,,,1.0000,2024-02-16T14:37:00+00:00,76,549
summary,2024-02-19,NVDA,,,,,,,0.00,,0,,,,,,,,,,1.0000,2024-02-16T14:36:00+00:00,189,610
summary,2024-02-19,MSFT,,,,,,,0.00,,0,,,,,,,,,,0.5288,2024-02-16T19:24:00+00:00,134,488
summary,2024-02-20,SPY,,,,,,,0.00,,0,,,,,,,,,,0.3364,2024-02-20T19:49:00+00:00,164,636
summary,2024-02-20,QQQ,,,,,,,0.00,,0,,,,,,,,,,0.3886,2024-02-20T20:59:00+00:00,190,694
summary,2024-02-20,AAPL,,,,,,,0.00,,0,,,,,,,,,,0.5111,2024-02-20T12:14:00+00:00,241,588
summary,2024-02-20,NVDA,,,,,,,0.00,,0,,,,,,,,,,0.8198,2024-02-20T12:09:00+00:00,213,711
summary,2024-02-20,MSFT,,,,,,,0.00,,0,,,,,,,,,,0.6080,2024-02-20T13:12:00+00:00,226,563
summary,2024-02-21,SPY,,,,,,,0.00,,0,,,,,,,,,,0.4375,2024-02-21T20:55:00+00:00,540,1407
summary,2024-02-21,QQQ,,,,,,,0.00,,0,,,,,,,,,,0.4667,2024-02-21T20:59:00+00:00,423,1550
summary,2024-02-21,AAPL,,,,,,,0.00,,0,,,,,,,,,,0.5111,2024-02-20T12:14:00+00:00,747,1328
summary,2024-02-21,NVDA,,,,,,,0.00,,0,,,,,,,,,,0.8198,2024-02-20T12:09:00+00:00,259,1612
summary,2024-02-21,MSFT,,,,,,,0.00,,0,,,,,,,,,,0.6080,2024-02-20T13:12:00+00:00,470,1177
summary,2024-02-22,SPY,,,,,,,0.00,,0,,,,,,,,,,0.4431,2024-02-22T09:01:00+00:00,1336,2309
summary,2024-02-22,QQQ,,,,,,,0.00,,0,,,,,,,,,,0.5106,2024-02-22T09:05:00+00:00,1258,2493
summary,2024-02-22,AAPL,,,,,,,0.00,,0,,,,,,,,,,0.5111,2024-02-20T12:14:00+00:00,1373,2158
summary,2024-02-22,NVDA,,,,,,,0.00,,0,,,,,,,,,,0.8941,2024-02-21T21:29:00+00:00,968,2567
summary,2024-02-22,MSFT,,,,,,,0.00,,0,,,,,,,,,,0.6080,2024-02-20T13:12:00+00:00,1179,2005
summary,2024-02-23,SPY,,,,,,,0.00,,0,,,,,,,,,,0.5759,2024-02-20T16:01:00+00:00,1744,2841
summary,2024-02-23,QQQ,,,,,,,0.00,,0,,,,,,,,,,0.6540,2024-02-20T16:01:00+00:00,1739,3046
summary,2024-02-23,AAPL,,,,,,,0.00,,0,,,,,,,,,,0.5300,2024-02-21T00:24:00+00:00,1592,2643
summary,2024-02-23,NVDA,,,,,,,0.00,,0,,,,,,,,,,0.9407,2024-02-21T21:29:00+00:00,1746,3183
summary,2024-02-23,MSFT,,,,,,,0.00,,0,,,,,,,,,,0.7532,2024-02-20T16:04:00+00:00,1503,2470
summary,2024-02-26,SPY,,,,,,,0.00,,0,,,,,,,,,,0.2966,2024-02-23T14:44:00+00:00,184,1097
summary,2024-02-26,QQQ,,,,,,,0.00,,0,,,,,,,,,,0.3201,2024-02-26T16:53:00+00:00,284,1184
summary,2024-02-26,AAPL,,,,,,,0.00,,0,,,,,,,,,,0.1117,2024-02-23T14:31:00+00:00,2,1104
summary,2024-02-26,NVDA,,,,,,,0.00,,0,,,,,,,,,,1.0000,2024-02-23T14:32:00+00:00,425,1276
summary,2024-02-26,MSFT,,,,,,,0.00,,0,,,,,,,,,,0.3384,2024-02-23T14:41:00+00:00,43,946
summary,2024-02-27,SPY,,,,,,,0.00,,0,,,,,,,,,,0.7181,2024-02-26T10:44:00+00:00,492,1351
summary,2024-02-27,QQQ,,,,,,,0.00,,0,,,,,,,,,,0.7343,2024-02-26T10:29:00+00:00,793,1493
summary,2024-02-27,AAPL,,,,,,,0.00,,0,,,,,,,,,,0.6317,2024-02-27T19:32:00+00:00,453,1265
summary,2024-02-27,NVDA,,,,,,,0.00,,0,,,,,,,,,,0.9006,2024-02-26T09:36:00+00:00,628,1510
summary,2024-02-27,MSFT,,,,,,,0.00,,0,,,,,,,,,,0.4717,2024-02-26T11:18:00+00:00,165,1077
summary,2024-02-28,SPY,,,,,,,0.00,,0,,,,,,,,,,0.7181,2024-02-26T10:44:00+00:00,707,2150
summary,2024-02-28,QQQ,,,,,,,0.00,,0,,,,,,,,,,0.7343,2024-02-26T10:29:00+00:00,873,2324
summary,2024-02-28,AAPL,,,,,,,0.00,,0,,,,,,,,,,0.6317,2024-02-27T19:32:00+00:00,781,2098
summary,2024-02-28,NVDA,,,,,,,0.00,,0,,,,,,,,,,0.9006,2024-02-26T09:36:00+00:00,738,2356
summary,2024-02-28,MSFT,,,,,,,0.00,,0,,,,,,,,,,0.4717,2024-02-26T11:18:00+00:00,415,1617
summary,2024-02-29,SPY,,,,,,,0.00,,0,,,,,,,,,,0.3892,2024-02-29T13:44:00+00:00,828,2737
summary,2024-02-29,QQQ,,,,,,,0.00,,0,,,,,,,,,,0.5115,2024-02-26T15:44:00+00:00,1011,2876
summary,2024-02-29,AAPL,,,,,,,0.00,,0,,,,,,,,,,0.6368,2024-02-27T19:32:00+00:00,716,2672
summary,2024-02-29,NVDA,,,,,,,0.00,,0,,,,,,,,,,1.0000,2024-02-26T14:31:00+00:00,902,2897
summary,2024-02-29,MSFT,,,,,,,0.00,,0,,,,,,,,,,0.4949,2024-02-29T20:55:00+00:00,724,2136
summary,2024-03-01,SPY,,,,,,,0.00,,0,,,,,,,,,,0.3950,2024-02-29T13:44:00+00:00,1565,2795
summary,2024-03-01,QQQ,,,,,,,0.00,,0,,,,,,,,,,0.4717,2024-02-27T15:19:00+00:00,1462,2888
summary,2024-03-01,AAPL,,,,,,,0.00,,0,,,,,,,,,,0.7627,2024-02-27T19:32:00+00:00,796,2819
summary,2024-03-01,NVDA,,,,,,,0.00,,0,,,,,,,,,,0.9071,2024-02-27T15:19:00+00:00,1657,2922
summary,2024-03-01,MSFT,,,,,,,0.00,,0,,,,,,,,,,0.6140,2024-02-27T15:48:00+00:00,1389,2182
summary,2024-03-04,SPY,,,,,,,0.00,,0,,,,,,,,,,0.8055,2024-03-01T16:04:00+00:00,821,1136
summary,2024-03-04,QQQ,,,,,,,0.00,,0,,,,,,,,,,0.8572,2024-03-01T16:04:00+00:00,927,1197
summary,2024-03-04,AAPL,,,,,,,0.00,,0,,,,,,,,,,0.5971,2024-03-01T19:28:00+00:00,235,1204
summary,2024-03-04,NVDA,,,,,,,0.00,,0,,,,,,,,,,0.9623,2024-03-01T16:00:00+00:00,1174,1278
summary,2024-03-04,MSFT,,,,,,,0.00,,0,,,,,,,,,,0.7609,2024-03-01T14:42:00+00:00,690,1018
summary,2024-03-05,SPY,,,,,,,0.00,,0,,,,,,,,,,0.4298,2024-03-04T19:39:00+00:00,293,1383
summary,2024-03-05,QQQ,,,,,,,0.00,,0,,,,,,,,,,0.3839,2024-03-04T19:39:00+00:00,169,1518
summary,2024-03-05,AAPL,,,,,,,0.00,,0,,,,,,,,,,0.6010,2024-03-04T13:04:00+00:00,158,1485
summary,2024-03-05,NVDA,,,,,,,0.00,,0,,,,,,,,,,0.8039,2024-03-04T14:40:00+00:00,1063,1589
summary,2024-03-05,MSFT,,,,,,,0.00,,0,,,,,,,,,,0.6967,2024-03-04T15:00:00+00:00,286,1102
summary,2024-03-06,SPY,,,,,,,0.00,,0,,,,,,,,,,0.4298,2024-03-04T19:39:00+00:00,812,2201
summary,2024-03-06,QQQ,,,,,,,0.00,,0,,,,,,,,,,0.3839,2024-03-04T19:39:00+00:00,521,2408
summary,2024-03-06,AAPL,,,,,,,0.00,,0,,,,,,,,,,0.6010,2024-03-04T13:04:00+00:00,159,2340
summary,2024-03-06,NVDA,,,,,,,0.00,,0,,,,,,,,,,0.8039,2024-03-04T14:40:00+00:00,1743,2487
summary,2024-03-06,MSFT,,,,,,,0.00,,0,,,,,,,,,,0.6967,2024-03-04T15:00:00+00:00,286,1806
summary,2024-03-07,SPY,,,,,,,0.00,,0,,,,,,,,,,0.7092,2024-03-04T15:41:00+00:00,1227,2787
summary,2024-03-07,QQQ,,,,,,,0.00,,0,,,,,,,,,,0.6069,2024-03-04T15:41:00+00:00,1061,3034
summary,2024-03-07,AAPL,,,,,,,0.00,,0,,,,,,,,,,0.6224,2024-03-04T19:43:00+00:00,183,2957
summary,2024-03-07,NVDA,,,,,,,0.00,,0,,,,,,,,,,1.0000,2024-03-04T14:36:00+00:00,2123,3147
summary,2024-03-07,MSFT,,,,,,,0.00,,0,,,,,,,,,,0.8951,2024-03-04T15:00:00+00:00,630,2299
summary,2024-03-08,SPY,,,,,,,0.00,,0,,,,,,,,,,0.4039,2024-03-06T16:19:00+00:00,1611,2785
summary,2024-03-08,QQQ,,,,,,,0.00,,0,,,,,,,,,,0.4811,2024-03-06T09:17:00+00:00,1831,3068
summary,2024-03-08,AAPL,,,,,,,0.00,,0,,,,,,,,,,1.0000,2024-03-05T14:33:00+00:00,1019,2945
summary,2024-03-08,NVDA,,,,,,,0.00,,0,,,,,,,,,,1.0000,2024-03-05T14:39:00+00:00,2257,3154
summary,2024-03-08,MSFT,,,,,,,0.00,,0,,,,,,,,,,0.5129,2024-03-06T09:16:00+00:00,1107,2342
summary,2024-03-11,SPY,,,,,,,0.00,,0,,,,,,,,,,0.5101,2024-03-08T15:01:00+00:00,161,1192
summary,2024-03-11,QQQ,,,,,,,0.00,,0,,,,,,,,,,0.7309,2024-03-08T15:06:00+00:00,69,1271
summary,2024-03-11,AAPL,,,,,,,0.00,,0,,,,,,,,,,0.8978,2024-03-08T14:55:00+00:00,816,1234
summary,2024-03-11,NVDA,,,,,,,0.00,,0,,,,,,,,,,1.0000,2024-03-08T14:34:00+00:00,311,1344
summary,2024-03-11,MSFT,,,,,,,0.00,,0,,,,,,,,,,0.8818,2024-03-08T15:13:00+00:00,247,985
summary,2024-03-12,SPY,,,,,,,0.00,,0,,,,,,,,,,0.5085,2024-03-11T09:21:00+00:00,981,1406
summary,2024-03-12,QQQ,,,,,,,0.00,,0,,,,,,,,,,0.7915,2024-03-11T09:22:00+00:00,1032,1509
summary,2024-03-12,AAPL,,,,,,,0.00,,0,,,,,,,,,,0.6220,2024-03-11T13:29:00+00:00,799,1399
summary,2024-03-12,NVDA,,,,,,,0.00,,0,,,,,,,,,,0.9616,2024-03-11T09:15:00+00:00,1042,1590
summary,2024-03-12,MSFT,,,,,,,0.00,,0,,,,,,,,,,0.6450,2024-03-12T14:31:00+00:00,815,1070
summary,2024-03-13,SPY,,,,,,,0.00,,0,,,,,,,,,,0.5085,2024-03-11T09:21:00+00:00,1480,2186
summary,2024-03-13,QQQ,,,,,,,0.00,,0,,,,,,,,,,0.7915,2024-03-11T09:22:00+00:00,1564,2387
summary,2024-03-13,AAPL,,,,,,,0.00,,0,,,,,,,,,,0.6220,2024-03-11T13:29:00+00:00,914,2122
summary,2024-03-13,NVDA,,,,,,,0.00,,0,,,,,,,,,,0.9616,2024-03-11T09:15:00+00:00,1746,2512
summary,2024-03-13,MSFT,,,,,,,0.00,,0,,,,,,,,,,0.6450,2024-03-12T14:31:00+00:00,1305,1712
summary,2024-03-14,SPY,,,,,,,0.00,,0,,,,,,,,,,0.6192,2024-03-11T15:00:00+00:00,1827,2734
summary,2024-03-14,QQQ,,,,,,,0.00,,0,,,,,,,,,,0.8032,2024-03-11T14:54:00+00:00,1942,2947
summary,2024-03-14,AAPL,,,,,,,0.00,,0,,,,,,,,,,0.6472,2024-03-11T13:36:00+00:00,1042,2641
summary,2024-03-14,NVDA,,,,,,,0.00,,0,,,,,,,,,,1.0000,2024-03-11T13:37:00+00:00,1738,3057
summary,2024-03-14,MSFT,,,,,,,0.00,,0,,,,,,,,,,0.7099,2024-03-11T14:54:00+00:00,1799,2256
summary,2024-03-15,SPY,,,,,,,0.00,,0,,,,,,,,,,0.9562,2024-03-12T14:51:00+00:00,1359,2784
summary,2024-03-15,QQQ,,,,,,,0.00,,0,,,,,,,,,,0.9567,2024-03-12T14:49:00+00:00,1242,2986
summary,2024-03-15,AAPL,,,,,,,0.00,,0,,,,,,,,,,0.8934,2024-03-12T14:31:00+00:00,1187,2641
summary,2024-03-15,NVDA,,,,,,,0.00,,0,,,,,,,,,,0.9661,2024-03-12T14:51:00+00:00,1540,3077
summary,2024-03-15,MSFT,,,,,,,0.00,,0,,,,,,,,,,0.9559,2024-03-12T14:49:00+00:00,1584,2374
summary,2024-03-18,SPY,,,,,,,0.00,,0,,,,,,,,,,0.7995,2024-03-15T14:49:00+00:00,633,1146
summary,2024-03-18,QQQ,,,,,,,0.00,,0,,,,,,,,,,0.8217,2024-03-15T14:49:00+00:00,615,1214
summary,2024-03-18,AAPL,,,,,,,0.00,,0,,,,,,,,,,0.6355,2024-03-18T13:46:00+00:00,707,1175
summary,2024-03-18,NVDA,,,,,,,0.00,,0,,,,,,,,,,1.0000,2024-03-15T13:40:00+00:00,769,1261
summary,2024-03-18,MSFT,,,,,,,0.00,,0,,,,,,,,,,0.6372,2024-03-18T13:41:00+00:00,354,1071
summary,2024-03-19,SPY,,,,,,,0.00,,0,,,,,,,,,,0.3971,2024-03-19T16:44:00+00:00,608,1413
summary,2024-03-19,QQQ,,,,,,,0.00,,0,,,,,,,,,,0.4949,2024-03-18T12:13:00+00:00,531,1548
summary,2024-03-19,AAPL,,,,,,,0.00,,0,,,,,,,,,,0.7135,2024-03-18T13:46:00+00:00,591,1416
summary,2024-03-19,NVDA,,,,,,,0.00,,0,,,,,,,,,,0.9301,2024-03-18T13:36:00+00:00,625,1558
summary,2024-03-19,MSFT,,,,,,,0.00,,0,,,,,,,,,,0.7837,2024-03-18T13:41:00+00:00,663,1187
summary,2024-03-20,SPY,,,,,,,0.00,,0,,,,,,,,,,0.4296,2024-03-20T18:47:00+00:00,1112,2144
summary,2024-03-20,QQQ,,,,,,,0.00,,0,,,,,,,,,,0.4949,2024-03-18T12:13:00+00:00,1051,2395
summary,2024-03-20,AAPL,,,,,,,0.00,,0,,,,,,,,,,0.7135,2024-03-18T13:46:00+00:00,1100,2150
summary,2024-03-20,NVDA,,,,,,,0.00,,0,,,,,,,,,,0.9301,2024-03-18T13:36:00+00:00,1151,2409
summary,2024-03-20,MSFT,,,,,,,0.00,,0,,,,,,,,,,0.7837,2024-03-18T13:41:00+00:00,1031,1717
summary,2024-03-21,SPY,,,,,,,0.00,,0,,,,,,,,,,0.4551,2024-03-18T14:49:00+00:00,1521,2800
summary,2024-03-21,QQQ,,,,,,,0.00,,0,,,,,,,,,,0.6873,2024-03-18T14:42:00+00:00,1471,3034
summary,2024-03-21,AAPL,,,,,,,0.00,,0,,,,,,,,,,0.9380,2024-03-18T13:46:00+00:00,1176,2774
summary,2024-03-21,NVDA,,,,,,,0.00,,0,,,,,,,,,,1.0000,2024-03-18T13:31:00+00:00,1584,3039
summary,2024-03-21,MSFT,,,,,,,0.00,,0,,,,,,,,,,1.0000,2024-03-18T13:35:00+00:00,1440,2187
summary,2024-03-22,SPY,,,,,,,0.00,,0,,,,,,,,,,0.7426,2024-03-19T14:49:00+00:00,2085,2738
summary,2024-03-22,QQQ,,,,,,,0.00,,0,,,,,,,,,,0.8014,2024-03-19T14:49:00+00:00,2271,2995
summary,2024-03-22,AAPL,,,,,,,0.00,,0,,,,,,,,,,0.9453,2024-03-19T14:40:00+00:00,1349,2833
summary,2024-03-22,NVDA,,,,,,,0.00,,0,,,,,,,,,,1.0000,2024-03-19T13:32:00+00:00,2331,2988
summary,2024-03-22,MSFT,,,,,,,0.00,,0,,,,,,,,,,0.9527,2024-03-19T14:55:00+00:00,1522,2147
summary,2024-03-25,SPY,,,,,,,0.00,,0,,,,,,,,,,0.3308,2024-03-22T17:55:00+00:00,283,1151
summary,2024-03-25,QQQ,,,,,,,0.00,,0,,,,,,,,,,0.4690,2024-03-22T17:13:00+00:00,493,1166
summary,2024-03-25,AAPL,,,,,,,0.00,,0,,,,,,,,,,0.9570,2024-03-22T14:42:00+00:00,625,1138
summary,2024-03-25,NVDA,,,,,,,0.00,,0,,,,,,,,,,1.0000,2024-03-22T13:36:00+00:00,1020,1288
summary,2024-03-25,MSFT,,,,,,,0.00,,0,,,,,,,,,,0.5063,2024-03-22T18:03:00+00:00,194,964
summary,2024-03-26,SPY,,,,,,,0.00,,0,,,,,,,,,,0.3189,2024-03-25T14:11:00+00:00,645,1363
summary,2024-03-26,QQQ,,,,,,,0.00,,0,,,,,,,,,,0.4424,2024-03-25T14:18:00+00:00,857,1495
summary,2024-03-26,AAPL,,,,,,,0.00,,0,,,,,,,,,,0.6043,2024-03-25T12:04:00+00:00,748,1307
summary,2024-03-26,NVDA,,,,,,,0.00,,0,,,,,,,,,,0.9087,2024-03-25T14:12:00+00:00,776,1510
summary,2024-03-26,MSFT,,,,,,,0.00,,0,,,,,,,,,,0.4894,2024-03-25T12:03:00+00:00,478,1089
summary,2024-03-27,SPY,,,,,,,0.00,,0,,,,,,,,,,0.3997,2024-03-27T19:59:00+00:00,1093,2191
summary,2024-03-27,QQQ,,,,,,,0.00,,0,,,,,,,,,,0.4424,2024-03-25T14:18:00+00:00,1123,2338
summary,2024-03-27,AAPL,,,,,,,0.00,,0,,,,,,,,,,0.6043,2024-03-25T12:04:00+00:00,1220,2089
summary,2024-03-27,NVDA,,,,,,,0.00,,0,,,,,,,,,,0.9087,2024-03-25T14:12:00+00:00,776,2353
summary,2024-03-27,MSFT,,,,,,,0.00,,0,,,,,,,,,,0.4894,2024-03-25T12:03:00+00:00,514,1670
summary,2024-03-28,SPY,,,,,,,0.00,,0,,,,,,,,,,0.5000,2024-03-25T15:03:00+00:00,1606,2782
summary,2024-03-28,QQQ,,,,,,,0.00,,0,,,,,,,,,,0.7129,2024-03-25T15:03:00+00:00,1472,2890
summary,2024-03-28,AAPL,,,,,,,0.00,,0,,,,,,,,,,0.8629,2024-03-25T15:02:00+00:00,1688,2635
summary,2024-03-28,NVDA,,,,,,,0.00,,0,,,,,,,,,,1.0000,2024-03-25T13:37:00+00:00,590,2894
summary,2024-03-28,MSFT,,,,,,,0.00,,0,,,,,,,,,,0.7029,2024-03-25T14:44:00+00:00,471,2050
summary,2024-03-29,SPY,,,,,,,0.00,,0,,,,,,,,,,0.4587,2024-03-27T20:02:00+00:00,1134,2179
summary,2024-03-29,QQQ,,,,,,,0.00,,0,,,,,,,,,,0.3987,2024-03-27T20:02:00+00:00,765,2185
summary,2024-03-29,AAPL,,,,,,,0.00,,0,,,,,,,,,,0.6855,2024-03-26T14:02:00+00:00,1155,2068
summary,2024-03-29,NVDA,,,,,,,0.00,,0,,,,,,,,,,0.7425,2024-03-26T18:08:00+00:00,229,2250
summary,2024-03-29,MSFT,,,,,,,0.00,,0,,,,,,,,,,0.3863,2024-03-26T15:58:00+00:00,176,1553
summary,2024-04-01,SPY,,,,,,,0.00,,0,,,,,,,,,,0.2497,2024-04-01T19:54:00+00:00,79,596
summary,2024-04-01,QQQ,,,,,,,0.00,,0,,,,,,,,,,0.5002,2024-04-01T13:39:00+00:00,120,636
summary,2024-04-01,AAPL,,,,,,,0.00,,0,,,,,,,,,,0.5467,2024-04-01T09:34:00+00:00,60,539
summary,2024-04-01,NVDA,,,,,,,0.00,,0,,,,,,,,,,0.9025,2024-04-01T13:38:00+00:00,103,583
summary,2024-04-01,MSFT,,,,,,,0.00,,0,,,,,,,,,,0.6505,2024-04-01T13:34:00+00:00,105,502
summary,2024-04-02,SPY,,,,,,,0.00,,0,,,,,,,,,,0.2676,2024-04-02T19:49:00+00:00,139,1352
summary,2024-04-02,QQQ,,,,,,,0.00,,0,,,,,,,,,,0.5002,2024-04-01T13:39:00+00:00,255,1421
summary,2024-04-02,AAPL,,,,,,,0.00,,0,,,,,,,,,,0.5467,2024-04-01T09:34:00+00:00,118,1314
summary,2024-04-02,NVDA,,,,,,,0.00,,0,,,,,,,,,,0.9025,2024-04-01T13:38:00+00:00,361,1361
summary,2024-04-02,MSFT,,,,,,,0.00,,0,,,,,,,,,,0.6505,2024-04-01T13:34:00+00:00,278,1080
summary,2024-04-03,SPY,,,,,,,0.00,,0,,,,,,,,,,0.3571,2024-04-03T14:19:00+00:00,432,2130
summary,2024-04-03,QQQ,,,,,,,0.00,,0,,,,,,,,,,0.5002,2024-04-01T13:39:00+00:00,585,2206
summary,2024-04-03,AAPL,,,,,,,0.00,,0,,,,,,,,,,0.5467,2024-04-01T09:34:00+00:00,489,2021
summary,2024-04-03,NVDA,,,,,,,0.00,,0,,,,,,,,,,0.9025,2024-04-01T13:38:00+00:00,558,2135
summary,2024-04-03,MSFT,,,,,,,0.00,,0,,,,,,,,,,0.6505,2024-04-01T13:34:00+00:00,481,1627
summary,2024-04-04,SPY,,,,,,,0.00,,0,,,,,,,,,,0.3631,2024-04-03T14:19:00+00:00,848,2708
summary,2024-04-04,QQQ,,,,,,,0.00,,0,,,,,,,,,,0.6886,2024-04-01T13:38:00+00:00,1003,2763
summary,2024-04-04,AAPL,,,,,,,0.00,,0,,,,,,,,,,0.4294,2024-04-03T14:43:00+00:00,952,2565
summary,2024-04-04,NVDA,,,,,,,0.00,,0,,,,,,,,,,1.0000,2024-04-01T13:35:00+00:00,647,2723
summary,2024-04-04,MSFT,,,,,,,0.00,,0,,,,,,,,,,1.0000,2024-04-01T13:34:00+00:00,759,2061
summary,2024-04-05,SPY,,,,,,,0.00,,0,,,,,,,,,,0.4295,2024-04-03T14:19:00+00:00,1381,2764
summary,2024-04-05,QQQ,,,,,,,0.00,,0,,,,,,,,,,0.5472,2024-04-02T19:49:00+00:00,1442,2871
summary,2024-04-05,AAPL,,,,,,,0.00,,0,,,,,,,,,,0.4932,2024-04-02T14:04:00+00:00,1365,2542
summary,2024-04-05,NVDA,,,,,,,0.00,,0,,,,,,,,,,0.7728,2024-04-03T14:04:00+00:00,1401,2777
summary,2024-04-05,MSFT,,,,,,,0.00,,0,,,,,,,,,,0.5274,2024-04-02T17:36:00+00:00,1280,2077
summary,2024-04-08,SPY,,,,,,,0.00,,0,,,,,,,,,,0.9255,2024-04-05T14:59:00+00:00,796,1140
summary,2024-04-08,QQQ,,,,,,,0.00,,0,,,,,,,,,,0.9562,2024-04-05T15:00:00+00:00,829,1184
summary,2024-04-08,AAPL,,,,,,,0.00,,0,,,,,,,,,,0.7759,2024-04-05T15:00:00+00:00,260,1103
summary,2024-04-08,NVDA,,,,,,,0.00,,0,,,,,,,,,,0.9637,2024-04-05T14:58:00+00:00,745,1179
summary,2024-04-08,MSFT,,,,,,,0.00,,0,,,,,,,,,,0.9581,2024-04-05T14:50:00+00:00,763,957
summary,2024-04-09,SPY,,,,,,,0.00,,0,,,,,,,,,,0.4169,2024-04-09T19:59:00+00:00,688,1322
summary,2024-04-09,QQQ,,,,,,,0.00,,0,,,,,,,,,,0.4811,2024-04-08T14:51:00+00:00,754,1417
summary,2024-04-09,AAPL,,,,,,,0.00,,0,,,,,,,,,,0.4218,2024-04-09T19:59:00+00:00,538,1293
summary,2024-04-09,NVDA,,,,,,,0.00,,0,,,,,,,,,,0.6132,2024-04-08T14:51:00+00:00,297,1350
summary,2024-04-09,MSFT,,,,,,,0.00,,0,,,,,,,,,,0.5787,2024-04-08T14:30:00+00:00,505,1010
summary,2024-04-10,SPY,,,,,,,0.00,,0,,,,,,,,,,0.4199,2024-04-09T20:02:00+00:00,886,2064
summary,2024-04-10,QQQ,,,,,,,0.00,,0,,,,,,,,,,0.4811,2024-04-08T14:51:00+00:00,1020,2233
summary,2024-04-10,AAPL,,,,,,,0.00,,0,,,,,,,,,,0.4218,2024-04-09T19:59:00+00:00,921,2033
summary,2024-04-10,NVDA,,,,,,,0.00,,0,,,,,,,,,,0.8178,2024-04-10T13:44:00+00:00,586,2161
summary,2024-04-10,MSFT,,,,,,,0.00,,0,,,,,,,,,,0.5787,2024-04-08T14:30:00+00:00,599,1583
summary,2024-04-11,SPY,,,,,,,0.00,,0,,,,,,,,,,0.7697,2024-04-08T14:54:00+00:00,955,2672
summary,2024-04-11,QQQ,,,,,,,0.00,,0,,,,,,,,,,0.8584,2024-04-08T14:51:00+00:00,1243,2807
summary,2024-04-11,AAPL,,,,,,,0.00,,0,,,,,,,,,,0.5588,2024-04-11T17:34:00+00:00,1213,2574
summary,2024-04-11,NVDA,,,,,,,0.00,,0,,,,,,,,,,0.8973,2024-04-08T14:33:00+00:00,1101,2746
summary,2024-04-11,MSFT,,,,,,,0.00,,0,,,,,,,,,,0.8352,2024-04-08T14:30:00+00:00,924,2100
summary,2024-04-12,SPY,,,,,,,0.00,,0,,,,,,,,,,0.6527,2024-04-09T20:02:00+00:00,932,2758
summary,2024-04-12,QQQ,,,,,,,0.00,,0,,,,,,,,,,0.6622,2024-04-09T20:02:00+00:00,1306,2928
summary,2024-04-12,AAPL,,,,,,,0.00,,0,,,,,,,,,,0.8971,2024-04-09T13:40:00+00:00,1668,2731
summary,2024-04-12,NVDA,,,,,,,0.00,,0,,,,,,,,,,0.9203,2024-04-10T13:37:00+00:00,1806,2858
summary,2024-04-12,MSFT,,,,,,,0.00,,0,,,,,,,,,,0.7173,2024-04-09T13:41:00+00:00,754,2159
summary,2024-04-15,SPY,,,,,,,0.00,,0,,,,,,,,,,0.4526,2024-04-15T08:00:00+00:00,326,1182
summary,2024-04-15,QQQ,,,,,,,0.00,,0,,,,,,,,,,0.4757,2024-04-15T08:18:00+00:00,371,1235
summary,2024-04-15,AAPL,,,,,,,0.00,,0,,,,,,,,,,1.0000,2024-04-12T13:36:00+00:00,228,1209
summary,2024-04-15,NVDA,,,,,,,0.00,,0,,,,,,,,,,0.7908,2024-04-15T13:53:00+00:00,367,1205
summary,2024-04-15,MSFT,,,,,,,0.00,,0,,,,,,,,,,0.6174,2024-04-12T13:46:00+00:00,297,981
summary,2024-04-16,SPY,,,,,,,0.00,,0,,,,,,,,,,0.4026,2024-04-15T13:02:00+00:00,212,1504
summary,2024-04-16,QQQ,,,,,,,0.00,,0,,,,,,,,,,0.3946,2024-04-15T13:14:00+00:00,251,1626
summary,2024-04-16,AAPL,,,,,,,0.00,,0,,,,,,,,,,0.6319,2024-04-15T15:05:00+00:00,249,1425
summary,2024-04-16,NVDA,,,,,,,0.00,,0,,,,,,,,,,0.9223,2024-04-15T09:09:00+00:00,761,1519
summary,2024-04-16,MSFT,,,,,,,0.00,,0,,,,,,,,,,0.4682,2024-04-15T13:27:00+00:00,304,1172
summary,2024-04-17,SPY,,,,,,,0.00,,0,,,,,,,,,,0.4026,2024-04-15T13:02:00+00:00,287,2348
summary,2024-04-17,QQQ,,,,,,,0.00,,0,,,,,,,,,,0.3946,2024-04-15T13:14:00+00:00,270,2492
summary,2024-04-17,AAPL,,,,,,,0.00,,0,,,,,,,,,,0.6319,2024-04-15T15:05:00+00:00,249,2136
summary,2024-04-17,NVDA,,,,,,,0.00,,0,,,,,,,,,,0.9223,2024-04-15T09:09:00+00:00,1090,2332
summary,2024-04-17,MSFT,,,,,,,0.00,,0,,,,,,,,,,0.4682,2024-04-15T13:27:00+00:00,403,1759
summary,2024-04-18,SPY,,,,,,,0.00,,0,,,,,,,,,,0.3888,2024-04-15T13:40:00+00:00,208,2899
summary,2024-04-18,QQQ,,,,,,,0.00,,0,,,,,,,,,,0.3996,2024-04-15T13:40:00+00:00,281,3044
summary,2024-04-18,AAPL,,,,,,,0.00,,0,,,,,,,,,,0.9578,2024-04-15T15:04:00+00:00,137,2604
summary,2024-04-18,NVDA,,,,,,,0.00,,0,,,,,,,,,,1.0000,2024-04-15T13:40:00+00:00,867,2960
summary,2024-04-18,MSFT,,,,,,,0.00,,0,,,,,,,,,,0.5601,2024-04-15T14:00:00+00:00,361,2197
summary,2024-04-19,SPY,,,,,,,0.00,,0,,,,,,,,,,0.5610,2024-04-16T18:09:00+00:00,605,2912
summary,2024-04-19,QQQ,,,,,,,0.00,,0,,,,,,,,,,0.6375,2024-04-16T14:15:00+00:00,581,3033
summary,2024-04-19,AAPL,,,,,,,0.00,,0,,,,,,,,,,0.8937,2024-04-16T13:54:00+00:00,225,2613
summary,2024-04-19,NVDA,,,,,,,0.00,,0,,,,,,,,,,0.9479,2024-04-16T13:58:00+00:00,846,2924
summary,2024-04-19,MSFT,,,,,,,0.00,,0,,,,,,,,,,0.8914,2024-04-16T14:04:00+00:00,378,2227
summary,2024-04-22,SPY,,,,,,,0.00,,0,,,,,,,,,,0.4889,2024-04-22T17:51:00+00:00,476,1216
summary,2024-04-22,QQQ,,,,,,,0.00,,0,,,,,,,,,,0.5072,2024-04-19T13:46:00+00:00,459,1284
summary,2024-04-22,AAPL,,,,,,,0.00,,0,,,,,,,,,,0.4824,2024-04-22T17:51:00+00:00,467,1139
summary,2024-04-22,NVDA,,,,,,,0.00,,0,,,,,,,,,,1.0000,2024-04-19T13:32:00+00:00,403,1328
summary,2024-04-22,MSFT,,,,,,,0.00,,0,,,,,,,,,,0.4681,2024-04-22T18:34:00+00:00,304,1073
summary,2024-04-23,SPY,,,,,,,0.00,,0,,,,,,,,,,0.7431,2024-04-22T09:25:00+00:00,1062,1477
summary,2024-04-23,QQQ,,,,,,,0.00,,0,,,,,,,,,,0.7511,2024-04-22T09:19:00+00:00,1158,1585
summary,2024-04-23,AAPL,,,,,,,0.00,,0,,,,,,,,,,0.8385,2024-04-22T09:17:00+00:00,785,1330
summary,2024-04-23,NVDA,,,,,,,0.00,,0,,,,,,,,,,0.9596,2024-04-22T13:46:00+00:00,1249,1598
summary,2024-04-23,MSFT,,,,,,,0.00,,0,,,,,,,,,,0.7604,2024-04-22T09:42:00+00:00,778,1127
summary,2024-04-24,SPY,,,,,,,0.00,,0,,,,,,,,,,0.7431,2024-04-22T09:25:00+00:00,1642,2350
summary,2024-04-24,QQQ,,,,,,,0.00,,0,,,,,,,,,,0.7511,2024-04-22T09:19:00+00:00,1798,2516
summary,2024-04-24,AAPL,,,,,,,0.00,,0,,,,,,,,,,0.8385,2024-04-22T09:17:00+00:00,1353,2125
summary,2024-04-24,NVDA,,,,,,,0.00,,0,,,,,,,,,,0.9596,2024-04-22T13:46:00+00:00,1779,2496
summary,2024-04-24,MSFT,,,,,,,0.00,,0,,,,,,,,,,0.7604,2024-04-22T09:42:00+00:00,1268,1829
summary,2024-04-25,SPY,,,,,,,0.00,,0,,,,,,,,,,0.6327,2024-04-22T17:51:00+00:00,1793,2978
summary,2024-04-25,QQQ,,,,,,,0.00,,0,,,,,,,,,,0.6380,2024-04-22T17:54:00+00:00,1894,3142
summary,2024-04-25,AAPL,,,,,,,0.00,,0,,,,,,,,,,0.6030,2024-04-22T17:51:00+00:00,1738,2708
summary,2024-04-25,NVDA,,,,,,,0.00,,0,,,,,,,,,,1.0000,2024-04-22T13:33:00+00:00,2007,3084
summary,2024-04-25,MSFT,,,,,,,0.00,,0,,,,,,,,,,0.8835,2024-04-25T20:00:00+00:00,1305,2456
summary,2024-04-26,SPY,,,,,,,0.00,,0,,,,,,,,,,0.8569,2024-04-23T14:59:00+00:00,1639,2979
summary,2024-04-26,QQQ,,,,,,,0.00,,0,,,,,,,,,,0.9312,2024-04-23T14:59:00+00:00,1889,3174
summary,2024-04-26,AAPL,,,,,,,0.00,,0,,,,,,,,,,0.8783,2024-04-23T13:45:00+00:00,2055,2735
summary,2024-04-26,NVDA,,,,,,,0.00,,0,,,,,,,,,,0.9583,2024-04-23T14:55:00+00:00,1830,3078
summary,2024-04-26,MSFT,,,,,,,0.00,,0,,,,,,,,,,0.8905,2024-04-23T14:26:00+00:00,1472,2748
summary,2024-04-29,SPY,,,,,,,0.00,,0,,,,,,,,,,0.7512,2024-04-26T15:03:00+00:00,768,1149
summary,2024-04-29,QQQ,,,,,,,0.00,,0,,,,,,,,,,0.9562,2024-04-26T15:03:00+00:00,927,1217
summary,2024-04-29,AAPL,,,,,,,0.00,,0,,,,,,,,,,0.8227,2024-04-26T15:01:00+00:00,715,1221
summary,2024-04-29,NVDA,,,,,,,0.00,,0,,,,,,,,,,0.9708,2024-04-26T15:03:00+00:00,1030,1258
summary,2024-04-29,MSFT,,,,,,,0.00,,0,,,,,,,,,,0.9047,2024-04-26T14:23:00+00:00,152,1042
summary,2024-04-30,SPY,,,,,,,0.00,,0,,,,,,,,,,0.3208,2024-04-29T19:59:00+00:00,511,1347
summary,2024-04-30,QQQ,,,,,,,0.00,,0,,,,,,,,,,0.3772,2024-04-29T17:34:00+00:00,562,1504
summary,2024-04-30,AAPL,,,,,,,0.00,,0,,,,,,,,,,0.6779,2024-04-29T13:45:00+00:00,469,1394
summary,2024-04-30,NVDA,,,,,,,0.00,,0,,,,,,,,,,0.7749,2024-04-30T13:58:00+00:00,794,1453
summary,2024-04-30,MSFT,,,,,,,0.00,,0,,,,,,,,,,0.7099,2024-04-29T12:02:00+00:00,173,1067
summary,2024-05-01,SPY,,,,,,,0.00,,0,,,,,,,,,,0.5570,2024-05-01T18:44:00+00:00,788,2196
summary,2024-05-01,QQQ,,,,,,,0.00,,0,,,,,,,,,,0.5709,2024-05-01T18:44:00+00:00,649,2389
summary,2024-05-01,AAPL,,,,,,,0.00,,0,,,,,,,,,,0.6779,2024-04-29T13:45:00+00:00,627,2160
summary,2024-05-01,NVDA,,,,,,,0.00,,0,,,,,,,,,,0.7749,2024-04-30T13:58:00+00:00,863,2283
summary,2024-05-01,MSFT,,,,,,,0.00,,0,,,,,,,,,,0.7099,2024-04-29T12:02:00+00:00,377,1756
summary,2024-05-02,SPY,,,,,,,0.00,,0,,,,,,,,,,0.5544,2024-05-01T18:44:00+00:00,839,2795
summary,2024-05-02,QQQ,,,,,,,0.00,,0,,,,,,,,,,0.5710,2024-05-01T18:44:00+00:00,771,2974
summary,2024-05-02,AAPL,,,,,,,0.00,,0,,,,,,,,,,1.0000,2024-04-29T13:35:00+00:00,658,2683
summary,2024-05-02,NVDA,,,,,,,0.00,,0,,,,,,,,,,0.9521,2024-04-29T14:00:00+00:00,1284,2878
summary,2024-05-02,MSFT,,,,,,,0.00,,0,,,,,,,,,,0.6001,2024-05-01T18:58:00+00:00,717,2242
summary,2024-05-03,SPY,,,,,,,0.00,,0,,,,,,,,,,0.6111,2024-05-01T18:44:00+00:00,1241,2883
summary,2024-05-03,QQQ,,,,,,,0.00,,0,,,,,,,,,,0.6497,2024-05-01T18:44:00+00:00,1215,3011
summary,2024-05-03,AAPL,,,,,,,0.00,,0,,,,,,,,,,0.8984,2024-04-30T13:51:00+00:00,1376,2890
summary,2024-05-03,NVDA,,,,,,,0.00,,0,,,,,,,,,,1.0000,2024-04-30T13:40:00+00:00,1295,2851
summary,2024-05-03,MSFT,,,,,,,0.00,,0,,,,,,,,,,0.6525,2024-05-01T18:58:00+00:00,1221,2354
summary,2024-05-06,SPY,,,,,,,0.00,,0,,,,,,,,,,0.4402,2024-05-03T22:07:00+00:00,983,1184
summary,2024-05-06,QQQ,,,,,,,0.00,,0,,,,,,,,,,0.5817,2024-05-03T14:44:00+00:00,977,1170
summary,2024-05-06,AAPL,,,,,,,0.00,,0,,,,,,,,,,0.5494,2024-05-03T17:28:00+00:00,199,1288
summary,2024-05-06,NVDA,,,,,,,0.00,,0,,,,,,,,,,0.9510,2024-05-03T13:49:00+00:00,1012,1175
summary,2024-05-06,MSFT,,,,,,,0.00,,0,,,,,,,,,,0.9398,2024-05-03T13:44:00+00:00,855,962
summary,2024-05-07,SPY,,,,,,,0.00,,0,,,,,,,,,,0.7091,2024-05-06T09:26:00+00:00,1022,1365
summary,2024-05-07,QQQ,,,,,,,0.00,,0,,,,,,,,,,0.7133,2024-05-06T09:34:00+00:00,1070,1451
summary,2024-05-07,AAPL,,,,,,,0.00,,0,,,,,,,,,,0.8921,2024-05-06T09:29:00+00:00,815,1489
summary,2024-05-07,NVDA,,,,,,,0.00,,0,,,,,,,,,,0.9208,2024-05-06T13:59:00+00:00,1017,1476
summary,2024-05-07,MSFT,,,,,,,0.00,,0,,,,,,,,,,0.6727,2024-05-06T10:59:00+00:00,737,1095
summary,2024-05-08,SPY,,,,,,,0.00,,0,,,,,,,,,,0.7091,2024-05-06T09:26:00+00:00,1423,2121
summary,2024-05-08,QQQ,,,,,,,0.00,,0,,,,,,,,,,0.7133,2024-05-06T09:34:00+00:00,1396,2234
summary,2024-05-08,AAPL,,,,,,,0.00,,0,,,,,,,,,,0.8921,2024-05-06T09:29:00+00:00,1154,2256
summary,2024-05-08,NVDA,,,,,,,0.00,,0,,,,,,,,,,0.9208,2024-05-06T13:59:00+00:00,1117,2231
summary,2024-05-08,MSFT,,,,,,,0.00,,0,,,,,,,,,,0.6727,2024-05-06T10:59:00+00:00,913,1654
summary,2024-05-09,SPY,,,,,,,0.00,,0,,,,,,,,,,0.4796,2024-05-06T19:59:00+00:00,1747,2620
summary,2024-05-09,QQQ,,,,,,,0.00,,0,,,,,,,,,,0.5383,2024-05-06T19:59:00+00:00,1606,2734
summary,2024-05-09,AAPL,,,,,,,0.00,,0,,,,,,,,,,1.0000,2024-05-06T13:32:00+00:00,1324,2607
summary,2024-05-09,NVDA,,,,,,,0.00,,0,,,,,,,,,,1.0000,2024-05-06T13:37:00+00:00,972,2753
summary,2024-05-09,MSFT,,,,,,,0.00,,0,,,,,,,,,,0.8753,2024-05-06T15:00:00+00:00,1167,2061
summary,2024-05-10,SPY,,,,,,,0.00,,0,,,,,,,,,,0.7316,2024-05-07T15:00:00+00:00,1327,2637
summary,2024-05-10,QQQ,,,,,,,0.00,,0,,,,,,,,,,0.7877,2024-05-07T14:59:00+00:00,1205,2689
summary,2024-05-10,AAPL,,,,,,,0.00,,0,,,,,,,,,,0.7552,2024-05-07T13:47:00+00:00,1106,2494
summary,2024-05-10,NVDA,,,,,,,0.00,,0,,,,,,,,,,0.9234,2024-05-07T13:36:00+00:00,852,2709
summary,2024-05-10,MSFT,,,,,,,0.00,,0,,,,,,,,,,0.4484,2024-05-08T14:48:00+00:00,1008,2016
summary,2024-05-13,SPY,,,,,,,0.00,,0,,,,,,,,,,0.4076,2024-05-10T13:41:00+00:00,464,1153
summary,2024-05-13,QQQ,,,,,,,0.00,,0,,,,,,,,,,0.5080,2024-05-10T13:41:00+00:00,541,1128
summary,2024-05-13,AAPL,,,,,,,0.00,,0,,,,,,,,,,0.5140,2024-05-13T08:24:00+00:00,604,1132
summary,2024-05-13,NVDA,,,,,,,0.00,,0,,,,,,,,,,0.9429,2024-05-10T13:45:00+00:00,452,1170
summary,2024-05-13,MSFT,,,,,,,0.00,,0,,,,,,,,,,0.8551,2024-05-10T13:37:00+00:00,624,962
summary,2024-05-14,SPY,,,,,,,0.00,,0,,,,,,,,,,0.6154,2024-05-13T09:42:00+00:00,542,1276
summary,2024-05-14,QQQ,,,,,,,0.00,,0,,,,,,,,,,0.7142,2024-05-13T09:39:00+00:00,797,1330
summary,2024-05-14,AAPL,,,,,,,0.00,,0,,,,,,,,,,0.8113,2024-05-13T09:33:00+00:00,1071,1390
summary,2024-05-14,NVDA,,,,,,,0.00,,0,,,,,,,,,,0.8336,2024-05-13T09:22:00+00:00,883,1337
summary,2024-05-14,MSFT,,,,,,,0.00,,0,,,,,,,,,,0.7454,2024-05-13T09:48:00+00:00,585,1071
summary,2024-05-15,SPY,,,,,,,0.00,,0,,,,,,,,,,0.6154,2024-05-13T09:42:00+00:00,1122,2007
summary,2024-05-15,QQQ,,,,,,,0.00,,0,,,,,,,,,,0.7142,2024-05-13T09:39:00+00:00,1418,2120
summary,2024-05-15,AAPL,,,,,,,0.00,,0,,,,,,,,,,0.8113,2024-05-13T09:33:00+00:00,1576,2046
summary,2024-05-15,NVDA,,,,,,,0.00,,0,,,,,,,,,,0.8336,2024-05-13T09:22:00+00:00,1498,2070
summary,2024-05-15,MSFT,,,,,,,0.00,,0,,,,,,,,,,0.7454,2024-05-13T09:48:00+00:00,1059,1638
summary,2024-05-16,SPY,,,,,,,0.00,,0,,,,,,,,,,0.4046,2024-05-15T12:32:00+00:00,1579,2594
summary,2024-05-16,QQQ,,,,,,,0.00,,0,,,,,,,,,,0.4191,2024-05-15T12:31:00+00:00,1907,2763
summary,2024-05-16,AAPL,,,,,,,0.00,,0,,,,,,,,,,0.9537,2024-05-13T14:49:00+00:00,1859,2505
summary,2024-05-16,NVDA,,,,,,,0.00,,0,,,,,,,,,,0.8434,2024-05-13T14:54:00+00:00,2058,2688
summary,2024-05-16,MSFT,,,,,,,0.00,,0,,,,,,,,,,0.5465,2024-05-13T16:31:00+00:00,1384,2089
summary,2024-05-17,SPY,,,,,,,0.00,,0,,,,,,,,,,0.4732,2024-05-14T18:41:00+00:00,1905,2680
summary,2024-05-17,QQQ,,,,,,,0.00,,0,,,,,,,,,,0.6583,2024-05-14T14:30:00+00:00,2131,2828
summary,2024-05-17,AAPL,,,,,,,0.00,,0,,,,,,,,,,0.4865,2024-05-15T14:20:00+00:00,1496,2350
summary,2024-05-17,NVDA,,,,,,,0.00,,0,,,,,,,,,,0.9918,2024-05-14T13:40:00+00:00,1971,2745
summary,2024-05-17,MSFT,,,,,,,0.00,,0,,,,,,,,,,0.8925,2024-05-14T14:25:00+00:00,1426,2060
summary,2024-05-20,SPY,,,,,,,0.00,,0,,,,,,,,,,0.5539,2024-05-17T14:46:00+00:00,614,1108
summary,2024-05-20,QQQ,,,,,,,0.00,,0,,,,,,,,,,0.6234,2024-05-17T14:49:00+00:00,572,1099
summary,2024-05-20,AAPL,,,,,,,0.00,,0,,,,,,,,,,0.8585,2024-05-17T13:41:00+00:00,527,1088
summary,2024-05-20,NVDA,,,,,,,0.00,,0,,,,,,,,,,0.7834,2024-05-17T13:39:00+00:00,528,1192
summary,2024-05-20,MSFT,,,,,,,0.00,,0,,,,,,,,,,0.6077,2024-05-20T13:50:00+00:00,439,913
summary,2024-05-21,SPY,,,,,,,0.00,,0,,,,,,,,,,0.3795,2024-05-20T13:56:00+00:00,550,1262
summary,2024-05-21,QQQ,,,,,,,0.00,,0,,,,,,,,,,0.4926,2024-05-20T09:39:00+00:00,788,1335
summary,2024-05-21,AAPL,,,,,,,0.00,,0,,,,,,,,,,0.6476,2024-05-20T14:00:00+00:00,888,1244
summary,2024-05-21,NVDA,,,,,,,0.00,,0,,,,,,,,,,0.9073,2024-05-20T09:37:00+00:00,989,1429
summary,2024-05-21,MSFT,,,,,,,0.00,,0,,,,,,,,,,0.7446,2024-05-20T13:43:00+00:00,758,1047
summary,2024-05-22,SPY,,,,,,,0.00,,0,,,,,,,,,,0.3795,2024-05-20T13:56:00+00:00,904,1964
summary,2024-05-22,QQQ,,,,,,,0.00,,0,,,,,,,,,,0.4926,2024-05-20T09:39:00+00:00,1216,2107
summary,2024-05-22,AAPL,,,,,,,0.00,,0,,,,,,,,,,0.6476,2024-05-20T14:00:00+00:00,1087,1886
summary,2024-05-22,NVDA,,,,,,,0.00,,0,,,,,,,,,,0.9073,2024-05-20T09:37:00+00:00,1449,2260
summary,2024-05-22,MSFT,,,,,,,0.00,,0,,,,,,,,,,0.7446,2024-05-20T13:43:00+00:00,1089,1590
summary,2024-05-23,SPY,,,,,,,0.00,,0,,,,,,,,,,0.7336,2024-05-20T14:49:00+00:00,1226,2564
summary,2024-05-23,QQQ,,,,,,,0.00,,0,,,,,,,,,,0.7975,2024-05-20T14:49:00+00:00,1599,2741
summary,2024-05-23,AAPL,,,,,,,0.00,,0,,,,,,,,,,0.8935,2024-05-20T13:58:00+00:00,1051,2437
summary,2024-05-23,NVDA,,,,,,,0.00,,0,,,,,,,,,,1.0000,2024-05-20T13:35:00+00:00,2015,2954
summary,2024-05-23,MSFT,,,,,,,0.00,,0,,,,,,,,,,0.9965,2024-05-20T13:38:00+00:00,1412,2222
summary,2024-05-24,SPY,,,,,,,0.00,,0,,,,,,,,,,0.7406,2024-05-21T14:42:00+00:00,1317,2617
summary,2024-05-24,QQQ,,,,,,,0.00,,0,,,,,,,,,,0.7720,2024-05-21T15:03:00+00:00,1582,2826
summary,2024-05-24,AAPL,,,,,,,0.00,,0,,,,,,,,,,0.7192,2024-05-21T14:00:00+00:00,715,2496
summary,2024-05-24,NVDA,,,,,,,0.00,,0,,,,,,,,,,1.0000,2024-05-21T13:34:00+00:00,2469,3058
summary,2024-05-24,MSFT,,,,,,,0.00,,0,,,,,,,,,,0.9136,2024-05-21T14:41:00+00:00,1131,2184
summary,2024-05-27,SPY,,,,,,,0.00,,0,,,,,,,,,,0.8454,2024-05-24T15:04:00+00:00,351,511
summary,2024-05-27,QQQ,,,,,,,0.00,,0,,,,,,,,,,0.9396,2024-05-24T15:04:00+00:00,363,494
summary,2024-05-27,AAPL,,,,,,,0.00,,0,,,,,,,,,,0.9560,2024-05-24T15:04:00+00:00,427,498
summary,2024-05-27,NVDA,,,,,,,0.00,,0,,,,,,,,,,0.9570,2024-05-24T15:02:00+00:00,552,616
summary,2024-05-27,MSFT,,,,,,,0.00,,0,,,,,,,,,,0.9577,2024-05-24T15:04:00+00:00,415,450
summary,2024-05-28,SPY,,,,,,,0.00,,0,,,,,,,,,,0.4161,2024-05-28T09:53:00+00:00,252,595
summary,2024-05-28,QQQ,,,,,,,0.00,,0,,,,,,,,,,0.5262,2024-05-28T09:24:00+00:00,306,653
summary,2024-05-28,AAPL,,,,,,,0.00,,0,,,,,,,,,,0.9560,2024-05-28T09:34:00+00:00,163,679
summary,2024-05-28,NVDA,,,,,,,0.00,,0,,,,,,,,,,0.9053,2024-05-28T13:35:00+00:00,496,681
summary,2024-05-28,MSFT,,,,,,,0.00,,0,,,,,,,,,,0.3977,2024-05-28T12:05:00+00:00,272,526
summary,2024-05-29,SPY,,,,,,,0.00,,0,,,,,,,,,,0.4161,2024-05-28T09:53:00+00:00,436,1374
summary,2024-05-29,QQQ,,,,,,,0.00,,0,,,,,,,,,,0.5262,2024-05-28T09:24:00+00:00,633,1473
summary,2024-05-29,AAPL,,,,,,,0.00,,0,,,,,,,,,,0.9560,2024-05-28T09:34:00+00:00,446,1411
summary,2024-05-29,NVDA,,,,,,,0.00,,0,,,,,,,,,,0.9053,2024-05-28T13:35:00+00:00,1211,1622
summary,2024-05-29,MSFT,,,,,,,0.00,,0,,,,,,,,,,0.4373,2024-05-29T13:50:00+00:00,584,1059
summary,2024-05-30,SPY,,,,,,,0.00,,0,,,,,,,,,,0.4161,2024-05-28T09:53:00+00:00,470,2199
summary,2024-05-30,QQQ,,,,,,,0.00,,0,,,,,,,,,,0.5262,2024-05-28T09:24:00+00:00,633,2321
summary,2024-05-30,AAPL,,,,,,,0.00,,0,,,,,,,,,,0.9560,2024-05-28T09:34:00+00:00,687,2122
summary,2024-05-30,NVDA,,,,,,,0.00,,0,,,,,,,,,,0.9053,2024-05-28T13:35:00+00:00,1661,2477
summary,2024-05-30,MSFT,,,,,,,0.00,,0,,,,,,,,,,0.4373,2024-05-29T13:50:00+00:00,584,1710
summary,2024-05-31,SPY,,,,,,,0.00,,0,,,,,,,,,,0.5326,2024-05-31T20:00:00+00:00,472,2800
summary,2024-05-31,QQQ,,,,,,,0.00,,0,,,,,,,,,,0.7131,2024-05-28T14:58:00+00:00,638,2918
summary,2024-05-31,AAPL,,,,,,,0.00,,0,,,,,,,,,,0.9929,2024-05-28T13:38:00+00:00,964,2556
summary,2024-05-31,NVDA,,,,,,,0.00,,0,,,,,,,,,,1.0000,2024-05-28T13:31:00+00:00,1660,3082
summary,2024-05-31,MSFT,,,,,,,0.00,,0,,,,,,,,,,0.8201,2024-05-28T13:40:00+00:00,582,2242
summary,2024-06-03,SPY,,,,,,,0.00,,0,,,,,,,,,,0.7389,2024-05-31T20:00:00+00:00,791,1230
summary,2024-06-03,QQQ,,,,,,,0.00,,0,,,,,,,,,,0.7361,2024-05-31T20:00:00+00:00,745,1219
summary,2024-06-03,AAPL,,,,,,,0.00,,0,,,,,,,,,,0.6510,2024-05-31T13:41:00+00:00,686,1133
summary,2024-06-03,NVDA,,,,,,,0.00,,0,,,,,,,,,,1.0000,2024-05-31T13:40:00+00:00,785,1282
summary,2024-06-03,MSFT,,,,,,,0.00,,0,,,,,,,,,,0.8682,2024-05-31T19:55:00+00:00,465,1053
summary,2024-06-04,SPY,,,,,,,0.00,,0,,,,,,,,,,0.4287,2024-06-04T18:29:00+00:00,704,1441
summary,2024-06-04,QQQ,,,,,,,0.00,,0,,,,,,,,,,0.4713,2024-06-04T18:29:00+00:00,775,1496
summary,2024-06-04,AAPL,,,,,,,0.00,,0,,,,,,,,,,0.6259,2024-06-03T13:47:00+00:00,718,1302
summary,2024-06-04,NVDA,,,,,,,0.00,,0,,,,,,,,,,0.8782,2024-06-03T09:12:00+00:00,1177,1591
summary,2024-06-04,MSFT,,,,,,,0.00,,0,,,,,,,,,,0.4590,2024-06-04T12:03:00+00:00,555,1110
summary,2024-06-05,SPY,,,,,,,0.00,,0,,,,,,,,,,0.4287,2024-06-04T18:29:00+00:00,1354,2215
summary,2024-06-05,QQQ,,,,,,,0.00,,0,,,,,,,,,,0.4713,2024-06-04T18:29:00+00:00,1530,2320
summary,2024-06-05,AAPL,,,,,,,0.00,,0,,,,,,,,,,0.6259,2024-06-03T13:47:00+00:00,1300,2003
summary,2024-06-05,NVDA,,,,,,,0.00,,0,,,,,,,,,,0.8782,2024-06-03T09:12:00+00:00,1943,2486
summary,2024-06-05,MSFT,,,,,,,0.00,,0,,,,,,,,,,0.4590,2024-06-04T12:03:00+00:00,1063,1692
summary,2024-06-06,SPY,,,,,,,0.00,,0,,,,,,,,,,0.4704,2024-06-03T20:21:00+00:00,1613,2704
summary,2024-06-06,QQQ,,,,,,,0.00,,0,,,,,,,,,,0.5068,2024-06-03T20:19:00+00:00,1941,2882
summary,2024-06-06,AAPL,,,,,,,0.00,,0,,,,,,,,,,0.8924,2024-06-03T14:18:00+00:00,1685,2536
summary,2024-06-06,NVDA,,,,,,,0.00,,0,,,,,,,,,,1.0000,2024-06-03T13:38:00+00:00,2414,3132
summary,2024-06-06,MSFT,,,,,,,0.00,,0,,,,,,,,,,0.5510,2024-06-03T23:09:00+00:00,1369,2120
summary,2024-06-07,SPY,,,,,,,0.00,,0,,,,,,,,,,0.5889,2024-06-04T18:29:00+00:00,1929,2635
summary,2024-06-07,QQQ,,,,,,,0.00,,0,,,,,,,,,,0.6341,2024-06-04T18:29:00+00:00,2214,2827
summary,2024-06-07,AAPL,,,,,,,0.00,,0,,,,,,,,,,0.6348,2024-06-04T14:44:00+00:00,1593,2527
summary,2024-06-07,NVDA,,,,,,,0.00,,0,,,,,,,,,,0.8260,2024-06-04T18:50:00+00:00,2113,3099
summary,2024-06-07,MSFT,,,,,,,0.00,,0,,,,,,,,,,0.9050,2024-06-04T14:40:00+00:00,1675,2087
summary,2024-06-10,SPY,,,,,,,0.00,,0,,,,,,,,,,0.8901,2024-06-07T14:48:00+00:00,477,1129
summary,2024-06-10,QQQ,,,,,,,0.00,,0,,,,,,,,,,0.8879,2024-06-07T14:48:00+00:00,505,1177
summary,2024-06-10,AAPL,,,,,,,0.00,,0,,,,,,,,,,0.9402,2024-06-07T14:48:00+00:00,737,1217
summary,2024-06-10,NVDA,,,,,,,0.00,,0,,,,,,,,,,1.0000,2024-06-07T13:36:00+00:00,863,1323
summary,2024-06-10,MSFT,,,,,,,0.00,,0,,,,,,,,,,0.7772,2024-06-07T14:49:00+00:00,531,915
summary,2024-06-11,SPY,,,,,,,0.00,,0,,,,,,,,,,0.4155,2024-06-10T17:49:00+00:00,841,1313
summary,2024-06-11,QQQ,,,,,,,0.00,,0,,,,,,,,,,0.4825,2024-06-10T15:09:00+00:00,915,1394
summary,2024-06-11,AAPL,,,,,,,0.00,,0,,,,,,,,,,0.8271,2024-06-11T13:59:00+00:00,585,1509
summary,2024-06-11,NVDA,,,,,,,0.00,,0,,,,,,,,,,0.8563,2024-06-10T08:30:00+00:00,1220,1677
summary,2024-06-11,MSFT,,,,,,,0.00,,0,,,,,,,,,,0.6627,2024-06-10T12:09:00+00:00,672,992
summary,2024-06-12,SPY,,,,,,,0.00,,0,,,,,,,,,,0.4924,2024-06-12T12:52:00+00:00,1389,2030
summary,2024-06-12,QQQ,,,,,,,0.00,,0,,,,,,,,,,0.5053,2024-06-12T12:31:00+00:00,1570,2183
summary,2024-06-12,AAPL,,,,,,,0.00,,0,,,,,,,,,,0.8271,2024-06-11T13:59:00+00:00,1315,2418
summary,2024-06-12,NVDA,,,,,,,0.00,,0,,,,,,,,,,0.8563,2024-06-10T08:30:00+00:00,1963,2616
summary,2024-06-12,MSFT,,,,,,,0.00,,0,,,,,,,,,,0.6627,2024-06-10T12:09:00+00:00,1261,1646
summary,2024-06-13,SPY,,,,,,,0.00,,0,,,,,,,,,,0.6891,2024-06-10T14:52:00+00:00,1826,2638
summary,2024-06-13,QQQ,,,,,,,0.00,,0,,,,,,,,,,0.8342,2024-06-10T15:00:00+00:00,2160,2796
summary,2024-06-13,AAPL,,,,,,,0.00,,0,,,,,,,,,,0.8486,2024-06-11T14:00:00+00:00,1923,3077
summary,2024-06-13,NVDA,,,,,,,0.00,,0,,,,,,,,,,1.0000,2024-06-10T13:32:00+00:00,2720,3246
summary,2024-06-13,MSFT,,,,,,,0.00,,0,,,,,,,,,,0.9059,2024-06-10T13:50:00+00:00,1720,2250
summary,2024-06-14,SPY,,,,,,,0.00,,0,,,,,,,,,,0.8104,2024-06-11T14:59:00+00:00,1917,2689
summary,2024-06-14,QQQ,,,,,,,0.00,,0,,,,,,,,,,0.8674,2024-06-11T14:59:00+00:00,2343,2886
summary,2024-06-14,AAPL,,,,,,,0.00,,0,,,,,,,,,,1.0000,2024-06-11T13:33:00+00:00,2420,3056
summary,2024-06-14,NVDA,,,,,,,0.00,,0,,,,,,,,,,1.0000,2024-06-11T13:36:00+00:00,2536,3250
summary,2024-06-14,MSFT,,,,,,,0.00,,0,,,,,,,,,,0.8706,2024-06-11T14:53:00+00:00,1871,2348
summary,2024-06-17,SPY,,,,,,,0.00,,0,,,,,,,,,,0.4118,2024-06-17T16:29:00+00:00,827,1122
summary,2024-06-17,QQQ,,,,,,,0.00,,0,,,,,,,,,,0.4711,2024-06-17T17:35:00+00:00,977,1210
summary,2024-06-17,AAPL,,,,,,,0.00,,0,,,,,,,,,,0.6677,2024-06-14T13:33:00+00:00,613,1234
summary,2024-06-17,NVDA,,,,,,,0.00,,0,,,,,,,,,,0.9094,2024-06-14T13:53:00+00:00,1055,1351
summary,2024-06-17,MSFT,,,,,,,0.00,,0,,,,,,,,,,0.9561,2024-06-14T14:59:00+00:00,776,942
summary,2024-06-18,SPY,,,,,,,0.00,,0,,,,,,,,,,0.5560,2024-06-17T18:07:00+00:00,892,1300
summary,2024-06-18,QQQ,,,,,,,0.00,,0,,,,,,,,,,0.6046,2024-06-17T16:46:00+00:00,943,1468
summary,2024-06-18,AAPL,,,,,,,0.00,,0,,,,,,,,,,0.7606,2024-06-17T08:18:00+00:00,785,1471
summary,2024-06-18,NVDA,,,,,,,0.00,,0,,,,,,,,,,0.6381,2024-06-17T16:44:00+00:00,967,1679
summary,2024-06-18,MSFT,,,,,,,0.00,,0,,,,,,,,,,0.6314,2024-06-17T15:24:00+00:00,665,1067
summary,2024-06-19,SPY,,,,,,,0.00,,0,,,,,,,,,,0.5560,2024-06-17T18:07:00+00:00,1024,1455
summary,2024-06-19,QQQ,,,,,,,0.00,,0,,,,,,,,,,0.6046,2024-06-17T16:46:00+00:00,1057,1612
summary,2024-06-19,AAPL,,,,,,,0.00,,0,,,,,,,,,,0.7606,2024-06-17T08:18:00+00:00,785,1666
summary,2024-06-19,NVDA,,,,,,,0.00,,0,,,,,,,,,,0.6381,2024-06-17T16:44:00+00:00,1174,1918
summary,2024-06-19,MSFT,,,,,,,0.00,,0,,,,,,,,,,0.6314,2024-06-17T15:24:00+00:00,711,1164
summary,2024-06-20,SPY,,,,,,,0.00,,0,,,,,,,,,,0.7562,2024-06-17T15:04:00+00:00,1346,1859
summary,2024-06-20,QQQ,,,,,,,0.00,,0,,,,,,,,,,0.7438,2024-06-17T15:04:00+00:00,1287,2010
summary,2024-06-20,AAPL,,,,,,,0.00,,0,,,,,,,,,,0.9599,2024-06-17T14:57:00+00:00,740,2009
summary,2024-06-20,NVDA,,,,,,,0.00,,0,,,,,,,,,,0.7992,2024-06-17T13:38:00+00:00,1422,2309
summary,2024-06-20,MSFT,,,,,,,0.00,,0,,,,,,,,,,0.6800,2024-06-17T13:31:00+00:00,763,1598
summary,2024-06-21,SPY,,,,,,,0.00,,0,,,,,,,,,,0.3891,2024-06-20T08:01:00+00:00,743,1929
summary,2024-06-21,QQQ,,,,,,,0.00,,0,,,,,,,,,,0.4533,2024-06-20T08:06:00+00:00,642,2062
summary,2024-06-21,AAPL,,,,,,,0.00,,0,,,,,,,,,,0.6163,2024-06-18T13:34:00+00:00,120,1993
summary,2024-06-21,NVDA,,,,,,,0.00,,0,,,,,,,,,,1.0000,2024-06-18T13:35:00+00:00,1037,2311
summary,2024-06-21,MSFT,,,,,,,0.00,,0,,,,,,,,,,0.4544,2024-06-21T13:32:00+00:00,720,1608
summary,2024-06-24,SPY,,,,,,,0.00,,0,,,,,,,,,,0.5887,2024-06-21T15:02:00+00:00,608,1161
summary,2024-06-24,QQQ,,,,,,,0.00,,0,,,,,,,,,,0.5863,2024-06-21T15:02:00+00:00,279,1198
summary,2024-06-24,AAPL,,,,,,,0.00,,0,,,,,,,,,,1.0000,2024-06-21T13:32:00+00:00,329,1261
summary,2024-06-24,NVDA,,,,,,,0.00,,0,,,,,,,,,,1.0000,2024-06-21T13:31:00+00:00,255,1351
summary,2024-06-24,MSFT,,,,,,,0.00,,0,,,,,,,,,,1.0000,2024-06-21T13:34:00+00:00,597,987
summary,2024-06-25,SPY,,,,,,,0.00,,0,,,,,,,,,,0.5469,2024-06-24T14:09:00+00:00,566,1363
summary,2024-06-25,QQQ,,,,,,,0.00,,0,,,,,,,,,,0.4721,2024-06-24T14:09:00+00:00,536,1506
summary,2024-06-25,AAPL,,,,,,,0.00,,0,,,,,,,,,,0.6820,2024-06-24T15:03:00+00:00,747,1442
summary,2024-06-25,NVDA,,,,,,,0.00,,0,,,,,,,,,,0.8162,2024-06-25T09:07:00+00:00,881,1681
summary,2024-06-25,MSFT,,,,,,,0.00,,0,,,,,,,,,,0.7631,2024-06-24T10:20:00+00:00,470,1084
summary,2024-06-26,SPY,,,,,,,0.00,,0,,,,,,,,,,0.5469,2024-06-24T14:09:00+00:00,867,2127
summary,2024-06-26,QQQ,,,,,,,0.00,,0,,,,,,,,,,0.4721,2024-06-24T14:09:00+00:00,1078,2337
summary,2024-06-26,AAPL,,,,,,,0.00,,0,,,,,,,,,,0.6820,2024-06-24T15:03:00+00:00,1193,2209
summary,2024-06-26,NVDA,,,,,,,0.00,,0,,,,,,,,,,0.8162,2024-06-25T09:07:00+00:00,1569,2641
summary,2024-06-26,MSFT,,,,,,,0.00,,0,,,,,,,,,,0.7631,2024-06-24T10:20:00+00:00,841,1635
summary,2024-06-27,SPY,,,,,,,0.00,,0,,,,,,,,,,0.6674,2024-06-24T14:09:00+00:00,1178,2646
summary,2024-06-27,QQQ,,,,,,,0.00,,0,,,,,,,,,,0.6152,2024-06-24T14:01:00+00:00,1542,2874
summary,2024-06-27,AAPL,,,,,,,0.00,,0,,,,,,,,,,0.9598,2024-06-24T15:03:00+00:00,1669,2678
summary,2024-06-27,NVDA,,,,,,,0.00,,0,,,,,,,,,,1.0000,2024-06-24T13:31:00+00:00,2023,3271
summary,2024-06-27,MSFT,,,,,,,0.00,,0,,,,,,,,,,0.9011,2024-06-24T14:03:00+00:00,1102,2031
summary,2024-06-28,SPY,,,,,,,0.00,,0,,,,,,,,,,0.3989,2024-06-28T14:12:00+00:00,1500,2646
summary,2024-06-28,QQQ,,,,,,,0.00,,0,,,,,,,,,,0.5802,2024-06-25T15:03:00+00:00,1879,2825
summary,2024-06-28,AAPL,,,,,,,0.00,,0,,,,,,,,,,0.9911,2024-06-25T13:38:00+00:00,1627,2654
summary,2024-06-28,NVDA,,,,,,,0.00,,0,,,,,,,,,,0.9586,2024-06-25T15:02:00+00:00,2085,3257
summary,2024-06-28,MSFT,,,,,,,0.00,,0,,,,,,,,,,0.8814,2024-06-25T14:41:00+00:00,1243,2002
summary,2024-07-01,SPY,,,,,,,0.00,,0,,,,,,,,,,0.6462,2024-06-28T14:12:00+00:00,251,1159
summary,2024-07-01,QQQ,,,,,,,0.00,,0,,,,,,,,,,0.8989,2024-06-28T14:05:00+00:00,242,1166
summary,2024-07-01,AAPL,,,,,,,0.00,,0,,,,,,,,,,0.5650,2024-06-28T14:14:00+00:00,393,1129
summary,2024-07-01,NVDA,,,,,,,0.00,,0,,,,,,,,,,0.9474,2024-06-28T13:45:00+00:00,416,1348
summary,2024-07-01,MSFT,,,,,,,0.00,,0,,,,,,,,,,0.8552,2024-06-28T14:08:00+00:00,488,999
summary,2024-07-02,SPY,,,,,,,0.00,,0,,,,,,,,,,0.3962,2024-07-02T19:59:00+00:00,778,1367
summary,2024-07-02,QQQ,,,,,,,0.00,,0,,,,,,,,,,0.5913,2024-07-01T16:14:00+00:00,1036,1441
summary,2024-07-02,AAPL,,,,,,,0.00,,0,,,,,,,,,,0.6252,2024-07-01T16:44:00+00:00,1099,1327
summary,2024-07-02,NVDA,,,,,,,0.00,,0,,,,,,,,,,0.6998,2024-07-01T15:28:00+00:00,1146,1677
summary,2024-07-02,MSFT,,,,,,,0.00,,0,,,,,,,,,,0.7654,2024-07-01T10:46:00+00:00,911,1078
summary,2024-07-03,SPY,,,,,,,0.00,,0,,,,,,,,,,0.3962,2024-07-02T19:59:00+00:00,1297,2076
summary,2024-07-03,QQQ,,,,,,,0.00,,0,,,,,,,,,,0.5913,2024-07-01T16:14:00+00:00,1601,2195
summary,2024-07-03,AAPL,,,,,,,0.00,,0,,,,,,,,,,0.6252,2024-07-01T16:44:00+00:00,1627,2064
summary,2024-07-03,NVDA,,,,,,,0.00,,0,,,,,,,,,,0.6998,2024-07-01T15:28:00+00:00,1508,2634
summary,2024-07-03,MSFT,,,,,,,0.00,,0,,,,,,,,,,0.7654,2024-07-01T10:46:00+00:00,1182,1467
summary,2024-07-04,SPY,,,,,,,0.00,,0,,,,,,,,,,0.4134,2024-07-01T16:14:00+00:00,1159,1865
summary,2024-07-04,QQQ,,,,,,,0.00,,0,,,,,,,,,,0.6563,2024-07-01T16:14:00+00:00,1545,1966
summary,2024-07-04,AAPL,,,,,,,0.00,,0,,,,,,,,,,0.9726,2024-07-01T13:36:00+00:00,1594,1906
summary,2024-07-04,NVDA,,,,,,,0.00,,0,,,,,,,,,,0.9123,2024-07-01T14:22:00+00:00,1529,2365
summary,2024-07-04,MSFT,,,,,,,0.00,,0,,,,,,,,,,0.8988,2024-07-01T14:22:00+00:00,1185,1380
summary,2024-07-05,SPY,,,,,,,0.00,,0,,,,,,,,,,0.5843,2024-07-02T14:54:00+00:00,1414,1699
summary,2024-07-05,QQQ,,,,,,,0.00,,0,,,,,,,,,,0.8296,2024-07-02T15:02:00+00:00,1575,1818
summary,2024-07-05,AAPL,,,,,,,0.00,,0,,,,,,,,,,0.9584,2024-07-02T14:51:00+00:00,1415,1710
summary,2024-07-05,NVDA,,,,,,,0.00,,0,,,,,,,,,,0.9495,2024-07-02T13:46:00+00:00,1272,2128
summary,2024-07-05,MSFT,,,,,,,0.00,,0,,,,,,,,,,0.9363,2024-07-02T13:46:00+00:00,1039,1272
summary,2024-07-08,SPY,,,,,,,0.00,,0,,,,,,,,,,0.5579,2024-07-05T14:44:00+00:00,794,1094
summary,2024-07-08,QQQ,,,,,,,0.00,,0,,,,,,,,,,0.8005,2024-07-05T14:48:00+00:00,904,1163
summary,2024-07-08,AAPL,,,,,,,0.00,,0,,,,,,,,,,0.8958,2024-07-05T14:01:00+00:00,1065,1170
summary,2024-07-08,NVDA,,,,,,,0.00,,0,,,,,,,,,,0.8712,2024-07-05T13:31:00+00:00,669,1351
summary,2024-07-08,MSFT,,,,,,,0.00,,0,,,,,,,,,,0.9763,2024-07-05T13:39:00+00:00,681,959
summary,2024-07-09,SPY,,,,,,,0.00,,0,,,,,,,,,,0.4813,2024-07-08T09:54:00+00:00,694,1305
summary,2024-07-09,QQQ,,,,,,,0.00,,0,,,,,,,,,,0.5549,2024-07-08T09:28:00+00:00,947,1419
summary,2024-07-09,AAPL,,,,,,,0.00,,0,,,,,,,,,,0.6356,2024-07-08T15:09:00+00:00,1066,1364
summary,2024-07-09,NVDA,,,,,,,0.00,,0,,,,,,,,,,0.7594,2024-07-08T13:57:00+00:00,1213,1679
summary,2024-07-09,MSFT,,,,,,,0.00,,0,,,,,,,,,,0.4035,2024-07-08T12:03:00+00:00,204,1016
summary,2024-07-10,SPY,,,,,,,0.00,,0,,,,,,,,,,0.4813,2024-07-08T09:54:00+00:00,1221,2008
summary,2024-07-10,QQQ,,,,,,,0.00,,0,,,,,,,,,,0.5549,2024-07-08T09:28:00+00:00,1550,2185
summary,2024-07-10,AAPL,,,,,,,0.00,,0,,,,,,,,,,0.6356,2024-07-08T15:09:00+00:00,1705,2109
summary,2024-07-10,NVDA,,,,,,,0.00,,0,,,,,,,,,,0.7594,2024-07-08T13:57:00+00:00,2117,2638
summary,2024-07-10,MSFT,,,,,,,0.00,,0,,,,,,,,,,0.4410,2024-07-10T17:04:00+00:00,407,1586
summary,2024-07-11,SPY,,,,,,,0.00,,0,,,,,,,,,,0.4156,2024-07-11T12:32:00+00:00,1494,2578
summary,2024-07-11,QQQ,,,,,,,0.00,,0,,,,,,,,,,0.5375,2024-07-08T23:59:00+00:00,1715,2728
summary,2024-07-11,AAPL,,,,,,,0.00,,0,,,,,,,,,,0.8652,2024-07-08T15:04:00+00:00,1920,2649
summary,2024-07-11,NVDA,,,,,,,0.00,,0,,,,,,,,,,1.0000,2024-07-08T13:33:00+00:00,2142,3265
summary,2024-07-11,MSFT,,,,,,,0.00,,0,,,,,,,,,,0.5786,2024-07-08T13:51:00+00:00,513,2070
summary,2024-07-12,SPY,,,,,,,0.00,,0,,,,,,,,,,0.4134,2024-07-11T12:32:00+00:00,1262,2599
summary,2024-07-12,QQQ,,,,,,,0.00,,0,,,,,,,,,,0.4258,2024-07-10T16:43:00+00:00,1181,2841
summary,2024-07-12,AAPL,,,,,,,0.00,,0,,,,,,,,,,0.8901,2024-07-09T14:18:00+00:00,1459,2698
summary,2024-07-12,NVDA,,,,,,,0.00,,0,,,,,,,,,,0.9426,2024-07-09T13:45:00+00:00,1677,3267
summary,2024-07-12,MSFT,,,,,,,0.00,,0,,,,,,,,,,0.5116,2024-07-10T17:00:00+00:00,572,2154
summary,2024-07-15,SPY,,,,,,,0.00,,0,,,,,,,,,,0.8986,2024-07-12T14:49:00+00:00,718,1146
summary,2024-07-15,QQQ,,,,,,,0.00,,0,,,,,,,,,,0.9578,2024-07-12T14:40:00+00:00,708,1171
summary,2024-07-15,AAPL,,,,,,,0.00,,0,,,,,,,,,,0.9566,2024-07-12T14:55:00+00:00,853,1214
summary,2024-07-15,NVDA,,,,,,,0.00,,0,,,,,,,,,,0.9614,2024-07-12T14:41:00+00:00,681,1345
summary,2024-07-15,MSFT,,,,,,,0.00,,0,,,,,,,,,,0.8997,2024-07-12T14:44:00+00:00,599,982
summary,2024-07-16,SPY,,,,,,,0.00,,0,,,,,,,,,,0.7021,2024-07-15T09:25:00+00:00,756,1344
summary,2024-07-16,QQQ,,,,,,,0.00,,0,,,,,,,,,,0.6048,2024-07-15T15:14:00+00:00,623,1440
summary,2024-07-16,AAPL,,,,,,,0.00,,0,,,,,,,,,,0.9587,2024-07-15T09:17:00+00:00,849,1458
summary,2024-07-16,NVDA,,,,,,,0.00,,0,,,,,,,,,,0.6641,2024-07-15T08:07:00+00:00,423,1671
summary,2024-07-16,MSFT,,,,,,,0.00,,0,,,,,,,,,,0.6954,2024-07-15T12:04:00+00:00,232,1033
summary,2024-07-17,SPY,,,,,,,0.00,,0,,,,,,,,,,0.7021,2024-07-15T09:25:00+00:00,863,2155
summary,2024-07-17,QQQ,,,,,,,0.00,,0,,,,,,,,,,0.6048,2024-07-15T15:14:00+00:00,683,2291
summary,2024-07-17,AAPL,,,,,,,0.00,,0,,,,,,,,,,0.9587,2024-07-15T09:17:00+00:00,876,2261
summary,2024-07-17,NVDA,,,,,,,0.00,,0,,,,,,,,,,0.6641,2024-07-15T08:07:00+00:00,423,2631
summary,2024-07-17,MSFT,,,,,,,0.00,,0,,,,,,,,,,0.6954,2024-07-15T12:04:00+00:00,232,1670
summary,2024-07-18,SPY,,,,,,,0.00,,0,,,,,,,,,,0.8198,2024-07-15T15:04:00+00:00,705,2757
summary,2024-07-18,QQQ,,,,,,,0.00,,0,,,,,,,,,,0.9099,2024-07-15T15:01:00+00:00,502,2964
summary,2024-07-18,AAPL,,,,,,,0.00,,0,,,,,,,,,,0.6800,2024-07-15T15:04:00+00:00,557,2747
summary,2024-07-18,NVDA,,,,,,,0.00,,0,,,,,,,,,,0.6868,2024-07-15T15:01:00+00:00,764,3267
summary,2024-07-18,MSFT,,,,,,,0.00,,0,,,,,,,,,,0.9695,2024-07-15T13:41:00+00:00,200,2152
summary,2024-07-19,SPY,,,,,,,0.00,,0,,,,,,,,,,0.5894,2024-07-16T15:04:00+00:00,347,2824
summary,2024-07-19,QQQ,,,,,,,0.00,,0,,,,,,,,,,0.4594,2024-07-16T13:39:00+00:00,206,3061
summary,2024-07-19,AAPL,,,,,,,0.00,,0,,,,,,,,,,0.6970,2024-07-16T13:34:00+00:00,292,2784
summary,2024-07-19,NVDA,,,,,,,0.00,,0,,,,,,,,,,1.0000,2024-07-16T13:38:00+00:00,1024,3271
summary,2024-07-19,MSFT,,,,,,,0.00,,0,,,,,,,,,,0.4470,2024-07-19T14:09:00+00:00,330,2430
summary,2024-07-22,SPY,,,,,,,0.00,,0,,,,,,,,,,0.5549,2024-07-19T13:41:00+00:00,571,1177
summary,2024-07-22,QQQ,,,,,,,0.00,,0,,,,,,,,,,0.8561,2024-07-19T13:40:00+00:00,618,1225
summary,2024-07-22,AAPL,,,,,,,0.00,,0,,,,,,,,,,0.9340,2024-07-19T13:39:00+00:00,465,1091
summary,2024-07-22,NVDA,,,,,,,0.00,,0,,,,,,,,,,1.0000,2024-07-19T13:41:00+00:00,706,1350
summary,2024-07-22,MSFT,,,,,,,0.00,,0,,,,,,,,,,1.0000,2024-07-19T13:33:00+00:00,682,1006
summary,2024-07-23,SPY,,,,,,,0.00,,0,,,,,,,,,,0.5445,2024-07-22T09:37:00+00:00,881,1416
summary,2024-07-23,QQQ,,,,,,,0.00,,0,,,,,,,,,,0.5743,2024-07-22T13:47:00+00:00,977,1546
summary,2024-07-23,AAPL,,,,,,,0.00,,0,,,,,,,,,,0.5932,2024-07-22T10:32:00+00:00,488,1260
summary,2024-07-23,NVDA,,,,,,,0.00,,0,,,,,,,,,,0.7688,2024-07-22T13:45:00+00:00,1323,1677
summary,2024-07-23,MSFT,,,,,,,0.00,,0,,,,,,,,,,0.6469,2024-07-22T13:50:00+00:00,697,1068
summary,2024-07-24,SPY,,,,,,,0.00,,0,,,,,,,,,,0.5445,2024-07-22T09:37:00+00:00,894,2278
summary,2024-07-24,QQQ,,,,,,,0.00,,0,,,,,,,,,,0.5743,2024-07-22T13:47:00+00:00,1021,2455
summary,2024-07-24,AAPL,,,,,,,0.00,,0,,,,,,,,,,0.5932,2024-07-22T10:32:00+00:00,581,2043
summary,2024-07-24,NVDA,,,,,,,0.00,,0,,,,,,,,,,0.7688,2024-07-22T13:45:00+00:00,1378,2630
summary,2024-07-24,MSFT,,,,,,,0.00,,0,,,,,,,,,,0.6469,2024-07-22T13:50:00+00:00,763,1734
summary,2024-07-25,SPY,,,,,,,0.00,,0,,,,,,,,,,0.7905,2024-07-22T14:44:00+00:00,984,2920
summary,2024-07-25,QQQ,,,,,,,0.00,,0,,,,,,,,,,0.7878,2024-07-22T14:40:00+00:00,943,3101
summary,2024-07-25,AAPL,,,,,,,0.00,,0,,,,,,,,,,0.7292,2024-07-22T14:15:00+00:00,598,2708
summary,2024-07-25,NVDA,,,,,,,0.00,,0,,,,,,,,,,1.0000,2024-07-22T13:35:00+00:00,1310,3261
summary,2024-07-25,MSFT,,,,,,,0.00,,0,,,,,,,,,,0.9180,2024-07-22T14:40:00+00:00,680,2290
summary,2024-07-26,SPY,,,,,,,0.00,,0,,,,,,,,,,0.3981,2024-07-25T16:22:00+00:00,502,2982
summary,2024-07-26,QQQ,,,,,,,0.00,,0,,,,,,,,,,0.5192,2024-07-23T15:18:00+00:00,408,3139
summary,2024-07-26,AAPL,,,,,,,0.00,,0,,,,,,,,,,0.8431,2024-07-23T14:22:00+00:00,543,2752
summary,2024-07-26,NVDA,,,,,,,0.00,,0,,,,,,,,,,1.0000,2024-07-23T13:34:00+00:00,587,3264
summary,2024-07-26,MSFT,,,,,,,0.00,,0,,,,,,,,,,0.9454,2024-07-23T13:44:00+00:00,313,2442
summary,2024-07-29,SPY,,,,,,,0.00,,0,,,,,,,,,,0.6817,2024-07-26T16:09:00+00:00,700,1135
summary,2024-07-29,QQQ,,,,,,,0.00,,0,,,,,,,,,,0.7107,2024-07-26T14:28:00+00:00,760,1192
summary,2024-07-29,AAPL,,,,,,,0.00,,0,,,,,,,,,,0.7782,2024-07-26T15:04:00+00:00,616,1100
summary,2024-07-29,NVDA,,,,,,,0.00,,0,,,,,,,,,,0.6916,2024-07-29T13:44:00+00:00,455,1348
summary,2024-07-29,MSFT,,,,,,,0.00,,0,,,,,,,,,,0.9615,2024-07-26T15:00:00+00:00,799,1009
summary,2024-07-30,SPY,,,,,,,0.00,,0,,,,,,,,,,0.7463,2024-07-29T10:07:00+00:00,511,1351
summary,2024-07-30,QQQ,,,,,,,0.00,,0,,,,,,,,,,0.5671,2024-07-29T16:19:00+00:00,511,1482
summary,2024-07-30,AAPL,,,,,,,0.00,,0,,,,,,,,,,0.7506,2024-07-29T09:41:00+00:00,696,1259
summary,2024-07-30,NVDA,,,,,,,0.00,,0,,,,,,,,,,0.8017,2024-07-29T08:08:00+00:00,289,1674
summary,2024-07-30,MSFT,,,,,,,0.00,,0,,,,,,,,,,0.6353,2024-07-29T10:35:00+00:00,475,1195
summary,2024-07-31,SPY,,,,,,,0.00,,0,,,,,,,,,,0.7463,2024-07-29T10:07:00+00:00,1058,2229
summary,2024-07-31,QQQ,,,,,,,0.00,,0,,,,,,,,,,0.5671,2024-07-29T16:19:00+00:00,1130,2403
summary,2024-07-31,AAPL,,,,,,,0.00,,0,,,,,,,,,,0.7506,2024-07-29T09:41:00+00:00,1204,2089
summary,2024-07-31,NVDA,,,,,,,0.00,,0,,,,,,,,,,0.8017,2024-07-29T08:08:00+00:00,1055,2634
summary,2024-07-31,MSFT,,,,,,,0.00,,0,,,,,,,,,,0.6353,2024-07-29T10:35:00+00:00,799,2091
summary,2024-08-01,SPY,,,,,,,0.00,,0,,,,,,,,,,0.5377,2024-07-31T08:01:00+00:00,1312,2866
summary,2024-08-01,QQQ,,,,,,,0.00,,0,,,,,,,,,,0.7417,2024-07-29T13:45:00+00:00,1368,3040
summary,2024-08-01,AAPL,,,,,,,0.00,,0,,,,,,,,,,1.0000,2024-07-29T13:38:00+00:00,1593,2710
summary,2024-08-01,NVDA,,,,,,,0.00,,0,,,,,,,,,,1.0000,2024-07-29T13:33:00+00:00,1506,3266
summary,2024-08-01,MSFT,,,,,,,0.00,,0,,,,,,,,,,0.6644,2024-08-01T13:55:00+00:00,1077,2663
summary,2024-08-02,SPY,,,,,,,0.00,,0,,,,,,,,,,0.5475,2024-07-31T08:01:00+00:00,1079,3010
summary,2024-08-02,QQQ,,,,,,,0.00,,0,,,,,,,,,,0.5849,2024-07-31T08:01:00+00:00,1241,3153
summary,2024-08-02,AAPL,,,,,,,0.00,,0,,,,,,,,,,0.9164,2024-07-30T13:41:00+00:00,1466,2943
summary,2024-08-02,NVDA,,,,,,,0.00,,0,,,,,,,,,,0.8132,2024-07-30T20:48:00+00:00,1553,3271
summary,2024-08-02,MSFT,,,,,,,0.00,,0,,,,,,,,,,0.8403,2024-07-31T12:44:00+00:00,959,2728
summary,2024-08-05,SPY,,,,,,,0.00,,0,,,,,,,,,,0.6629,2024-08-02T13:40:00+00:00,180,1312
summary,2024-08-05,QQQ,,,,,,,0.00,,0,,,,,,,,,,1.0000,2024-08-02T13:39:00+00:00,497,1287
summary,2024-08-05,AAPL,,,,,,,0.00,,0,,,,,,,,,,1.0000,2024-08-02T13:31:00+00:00,595,1285
summary,2024-08-05,NVDA,,,,,,,0.00,,0,,,,,,,,,,1.0000,2024-08-02T13:31:00+00:00,881,1351
summary,2024-08-05,MSFT,,,,,,,0.00,,0,,,,,,,,,,0.6521,2024-08-02T13:32:00+00:00,443,1178
summary,2024-08-06,SPY,,,,,,,0.00,,0,,,,,,,,,,0.7837,2024-08-05T14:01:00+00:00,1061,1647
summary,2024-08-06,QQQ,,,,,,,0.00,,0,,,,,,,,,,1.0000,2024-08-05T08:09:00+00:00,1157,1663
summary,2024-08-06,AAPL,,,,,,,0.00,,0,,,,,,,,,,1.0000,2024-08-05T08:01:00+00:00,1058,1603
summary,2024-08-06,NVDA,,,,,,,0.00,,0,,,,,,,,,,1.0000,2024-08-05T08:05:00+00:00,1298,1681
summary,2024-08-06,MSFT,,,,,,,0.00,,0,,,,,,,,,,1.0000,2024-08-05T08:08:00+00:00,1032,1388
summary,2024-08-07,SPY,,,,,,,0.00,,0,,,,,,,,,,0.7837,2024-08-05T14:01:00+00:00,1487,2571
summary,2024-08-07,QQQ,,,,,,,0.00,,0,,,,,,,,,,1.0000,2024-08-05T08:09:00+00:00,1566,2594
summary,2024-08-07,AAPL,,,,,,,0.00,,0,,,,,,,,,,1.0000,2024-08-05T08:01:00+00:00,1489,2444
summary,2024-08-07,NVDA,,,,,,,0.00,,0,,,,,,,,,,1.0000,2024-08-05T08:05:00+00:00,1811,2641
summary,2024-08-07,MSFT,,,,,,,0.00,,0,,,,,,,,,,1.0000,2024-08-05T08:08:00+00:00,1425,2104
summary,2024-08-08,SPY,,,,,,,0.00,,0,,,,,,,,,,1.0000,2024-08-05T13:39:00+00:00,1863,3134
summary,2024-08-08,QQQ,,,,,,,0.00,,0,,,,,,,,,,1.0000,2024-08-05T13:33:00+00:00,1918,3184
summary,2024-08-08,AAPL,,,,,,,0.00,,0,,,,,,,,,,1.0000,2024-08-05T13:31:00+00:00,1951,2909
summary,2024-08-08,NVDA,,,,,,,0.00,,0,,,,,,,,,,1.0000,2024-08-05T13:31:00+00:00,2183,3271
summary,2024-08-08,MSFT,,,,,,,0.00,,0,,,,,,,,,,1.0000,2024-08-05T13:34:00+00:00,1667,2485
summary,2024-08-09,SPY,,,,,,,0.00,,0,,,,,,,,,,0.9590,2024-08-06T14:47:00+00:00,1741,3049
summary,2024-08-09,QQQ,,,,,,,0.00,,0,,,,,,,,,,0.9599,2024-08-06T14:47:00+00:00,1820,3170
summary,2024-08-09,AAPL,,,,,,,0.00,,0,,,,,,,,,,0.9605,2024-08-06T14:47:00+00:00,2088,2816
summary,2024-08-09,NVDA,,,,,,,0.00,,0,,,,,,,,,,1.0000,2024-08-06T13:32:00+00:00,1841,3271
summary,2024-08-09,MSFT,,,,,,,0.00,,0,,,,,,,,,,0.9035,2024-08-06T14:37:00+00:00,1331,2434
summary,2024-08-12,SPY,,,,,,,0.00,,0,,,,,,,,,,0.8757,2024-08-09T15:04:00+00:00,802,1153
summary,2024-08-12,QQQ,,,,,,,0.00,,0,,,,,,,,,,0.8726,2024-08-09T15:04:00+00:00,856,1137
summary,2024-08-12,AAPL,,,,,,,0.00,,0,,,,,,,,,,0.9564,2024-08-09T15:03:00+00:00,894,1074
summary,2024-08-12,NVDA,,,,,,,0.00,,0,,,,,,,,,,1.0000,2024-08-09T13:39:00+00:00,876,1349
summary,2024-08-12,MSFT,,,,,,,0.00,,0,,,,,,,,,,0.7798,2024-08-09T15:04:00+00:00,619,926
summary,2024-08-13,SPY,,,,,,,0.00,,0,,,,,,,,,,0.5050,2024-08-12T15:02:00+00:00,892,1372
summary,2024-08-13,QQQ,,,,,,,0.00,,0,,,,,,,,,,0.6480,2024-08-12T14:36:00+00:00,938,1420
summary,2024-08-13,AAPL,,,,,,,0.00,,0,,,,,,,,,,0.6344,2024-08-12T14:18:00+00:00,862,1276
summary,2024-08-13,NVDA,,,,,,,0.00,,0,,,,,,,,,,0.7469,2024-08-12T13:34:00+00:00,1308,1679
summary,2024-08-13,MSFT,,,,,,,0.00,,0,,,,,,,,,,0.7336,2024-08-12T09:58:00+00:00,688,1108
summary,2024-08-14,SPY,,,,,,,0.00,,0,,,,,,,,,,0.5050,2024-08-12T15:02:00+00:00,1509,2148
summary,2024-08-14,QQQ,,,,,,,0.00,,0,,,,,,,,,,0.6480,2024-08-12T14:36:00+00:00,1571,2280
summary,2024-08-14,AAPL,,,,,,,0.00,,0,,,,,,,,,,0.6344,2024-08-12T14:18:00+00:00,1415,2012
summary,2024-08-14,NVDA,,,,,,,0.00,,0,,,,,,,,,,0.7469,2024-08-12T13:34:00+00:00,2183,2639
summary,2024-08-14,MSFT,,,,,,,0.00,,0,,,,,,,,,,0.7336,2024-08-12T09:58:00+00:00,1135,1713
summary,2024-08-15,SPY,,,,,,,0.00,,0,,,,,,,,,,0.8755,2024-08-12T15:02:00+00:00,2014,2684
summary,2024-08-15,QQQ,,,,,,,0.00,,0,,,,,,,,,,0.9545,2024-08-12T15:03:00+00:00,2140,2872
summary,2024-08-15,AAPL,,,,,,,0.00,,0,,,,,,,,,,0.9560,2024-08-12T14:48:00+00:00,1870,2531
summary,2024-08-15,NVDA,,,,,,,0.00,,0,,,,,,,,,,1.0000,2024-08-12T13:33:00+00:00,2653,3270
summary,2024-08-15,MSFT,,,,,,,0.00,,0,,,,,,,,,,0.8882,2024-08-12T15:02:00+00:00,1530,2192
summary,2024-08-16,SPY,,,,,,,0.00,,0,,,,,,,,,,0.7825,2024-08-13T15:04:00+00:00,2233,2741
summary,2024-08-16,QQQ,,,,,,,0.00,,0,,,,,,,,,,0.8681,2024-08-13T15:04:00+00:00,2409,2943
summary,2024-08-16,AAPL,,,,,,,0.00,,0,,,,,,,,,,0.8921,2024-08-13T14:04:00+00:00,1825,2585
summary,2024-08-16,NVDA,,,,,,,0.00,,0,,,,,,,,,,0.9580,2024-08-13T14:46:00+00:00,2877,3271
summary,2024-08-16,MSFT,,,,,,,0.00,,0,,,,,,,,,,0.8602,2024-08-13T15:04:00+00:00,1611,2200
summary,2024-08-19,SPY,,,,,,,0.00,,0,,,,,,,,,,0.4920,2024-08-16T16:14:00+00:00,928,1145
summary,2024-08-19,QQQ,,,,,,,0.00,,0,,,,,,,,,,0.6878,2024-08-16T14:18:00+00:00,951,1223
summary,2024-08-19,AAPL,,,,,,,0.00,,0,,,,,,,,,,0.7016,2024-08-16T15:53:00+00:00,739,1119
summary,2024-08-19,NVDA,,,,,,,0.00,,0,,,,,,,,,,1.0000,2024-08-16T13:33:00+00:00,1158,1351
summary,2024-08-19,MSFT,,,,,,,0.00,,0,,,,,,,,,,0.4545,2024-08-16T13:37:00+00:00,382,975
summary,2024-08-20,SPY,,,,,,,0.00,,0,,,,,,,,,,0.5476,2024-08-19T09:33:00+00:00,1018,1386
summary,2024-08-20,QQQ,,,,,,,0.00,,0,,,,,,,,,,0.7212,2024-08-19T09:33:00+00:00,1141,1544
summary,2024-08-20,AAPL,,,,,,,0.00,,0,,,,,,,,,,0.4439,2024-08-19T19:53:00+00:00,837,1283
summary,2024-08-20,NVDA,,,,,,,0.00,,0,,,,,,,,,,0.6753,2024-08-19T10:09:00+00:00,1291,1680
summary,2024-08-20,MSFT,,,,,,,0.00,,0,,,,,,,,,,0.7873,2024-08-19T10:02:00+00:00,751,1082
summary,2024-08-21,SPY,,,,,,,0.00,,0,,,,,,,,,,0.5476,2024-08-19T09:33:00+00:00,1497,2116
summary,2024-08-21,QQQ,,,,,,,0.00,,0,,,,,,,,,,0.7212,2024-08-19T09:33:00+00:00,1641,2356
summary,2024-08-21,AAPL,,,,,,,0.00,,0,,,,,,,,,,0.4439,2024-08-19T19:53:00+00:00,1197,1949
summary,2024-08-21,NVDA,,,,,,,0.00,,0,,,,,,,,,,0.6753,2024-08-19T10:09:00+00:00,1687,2639
summary,2024-08-21,MSFT,,,,,,,0.00,,0,,,,,,,,,,0.7873,2024-08-19T10:02:00+00:00,1098,1648
summary,2024-08-22,SPY,,,,,,,0.00,,0,,,,,,,,,,0.8158,2024-08-19T14:53:00+00:00,1702,2629
summary,2024-08-22,QQQ,,,,,,,0.00,,0,,,,,,,,,,0.8500,2024-08-19T15:04:00+00:00,1848,2864
summary,2024-08-22,AAPL,,,,,,,0.00,,0,,,,,,,,,,0.5873,2024-08-19T19:53:00+00:00,1390,2375
summary,2024-08-22,NVDA,,,,,,,0.00,,0,,,,,,,,,,1.0000,2024-08-19T13:41:00+00:00,2026,3265
summary,2024-08-22,MSFT,,,,,,,0.00,,0,,,,,,,,,,0.5739,2024-08-19T19:56:00+00:00,1196,2130
summary,2024-08-23,SPY,,,,,,,0.00,,0,,,,,,,,,,0.3899,2024-08-21T14:42:00+00:00,1309,2641
summary,2024-08-23,QQQ,,,,,,,0.00,,0,,,,,,,,,,0.5283,2024-08-20T13:58:00+00:00,1099,2824
summary,2024-08-23,AAPL,,,,,,,0.00,,0,,,,,,,,,,0.7386,2024-08-20T13:38:00+00:00,1086,2343
summary,2024-08-23,NVDA,,,,,,,0.00,,0,,,,,,,,,,1.0000,2024-08-20T13:35:00+00:00,1423,3263
summary,2024-08-23,MSFT,,,,,,,0.00,,0,,,,,,,,,,0.5997,2024-08-20T18:24:00+00:00,751,2139
summary,2024-08-26,SPY,,,,,,,0.00,,0,,,,,,,,,,0.7741,2024-08-23T14:13:00+00:00,690,1129
summary,2024-08-26,QQQ,,,,,,,0.00,,0,,,,,,,,,,0.9064,2024-08-23T14:02:00+00:00,417,1168
summary,2024-08-26,AAPL,,,,,,,0.00,,0,,,,,,,,,,0.8929,2024-08-23T14:10:00+00:00,526,1036
summary,2024-08-26,NVDA,,,,,,,0.00,,0,,,,,,,,,,1.0000,2024-08-23T13:36:00+00:00,985,1351
summary,2024-08-26,MSFT,,,,,,,0.00,,0,,,,,,,,,,0.7391,2024-08-23T14:10:00+00:00,199,944
summary,2024-08-27,SPY,,,,,,,0.00,,0,,,,,,,,,,0.3623,2024-08-27T14:29:00+00:00,483,1336
summary,2024-08-27,QQQ,,,,,,,0.00,,0,,,,,,,,,,0.4483,2024-08-27T14:29:00+00:00,489,1459
summary,2024-08-27,AAPL,,,,,,,0.00,,0,,,,,,,,,,0.5279,2024-08-27T14:23:00+00:00,763,1256
summary,2024-08-27,NVDA,,,,,,,0.00,,0,,,,,,,,,,0.6293,2024-08-26T08:09:00+00:00,743,1681
summary,2024-08-27,MSFT,,,,,,,0.00,,0,,,,,,,,,,0.3970,2024-08-26T10:38:00+00:00,307,1022
summary,2024-08-28,SPY,,,,,,,0.00,,0,,,,,,,,,,0.3623,2024-08-27T14:29:00+00:00,610,2056
summary,2024-08-28,QQQ,,,,,,,0.00,,0,,,,,,,,,,0.4483,2024-08-27T14:29:00+00:00,615,2258
summary,2024-08-28,AAPL,,,,,,,0.00,,0,,,,,,,,,,0.5279,2024-08-27T14:23:00+00:00,1030,1936
summary,2024-08-28,NVDA,,,,,,,0.00,,0,,,,,,,,,,0.6293,2024-08-26T08:09:00+00:00,1117,2641
summary,2024-08-28,MSFT,,,,,,,0.00,,0,,,,,,,,,,0.3970,2024-08-26T10:38:00+00:00,379,1547
summary,2024-08-29,SPY,,,,,,,0.00,,0,,,,,,,,,,0.4317,2024-08-29T08:14:00+00:00,909,2758
summary,2024-08-29,QQQ,,,,,,,0.00,,0,,,,,,,,,,0.4808,2024-08-29T08:11:00+00:00,973,2952
summary,2024-08-29,AAPL,,,,,,,0.00,,0,,,,,,,,,,0.5707,2024-08-26T19:59:00+00:00,1466,2653
summary,2024-08-29,NVDA,,,,,,,0.00,,0,,,,,,,,,,1.0000,2024-08-26T13:40:00+00:00,1053,3271
summary,2024-08-29,MSFT,,,,,,,0.00,,0,,,,,,,,,,0.7151,2024-08-29T13:57:00+00:00,609,2132
summary,2024-08-30,SPY,,,,,,,0.00,,0,,,,,,,,,,0.8380,2024-08-27T15:00:00+00:00,1256,2772
summary,2024-08-30,QQQ,,,,,,,0.00,,0,,,,,,,,,,0.9522,2024-08-27T14:59:00+00:00,1266,2953
summary,2024-08-30,AAPL,,,,,,,0.00,,0,,,,,,,,,,0.9555,2024-08-27T14:59:00+00:00,1462,2663
summary,2024-08-30,NVDA,,,,,,,0.00,,0,,,,,,,,,,1.0000,2024-08-27T13:33:00+00:00,1105,3270
summary,2024-08-30,MSFT,,,,,,,0.00,,0,,,,,,,,,,0.8901,2024-08-27T14:29:00+00:00,937,2171
summary,2024-09-02,SPY,,,,,,,0.00,,0,,,,,,,,,,0.5895,2024-08-30T19:50:00+00:00,290,539
summary,2024-09-02,QQQ,,,,,,,0.00,,0,,,,,,,,,,0.6238,2024-08-30T14:02:00+00:00,257,526
summary,2024-09-02,AAPL,,,,,,,0.00,,0,,,,,,,,,,0.7404,2024-08-30T14:49:00+00:00,122,518
summary,2024-09-02,NVDA,,,,,,,0.00,,0,,,,,,,,,,1.0000,2024-08-30T13:38:00+00:00,195,629
summary,2024-09-02,MSFT,,,,,,,0.00,,0,,,,,,,,,,0.6702,2024-08-30T19:57:00+00:00,135,469
summary,2024-09-03,SPY,,,,,,,0.00,,0,,,,,,,,,,0.4170,2024-09-03T12:23:00+00:00,47,664
summary,2024-09-03,QQQ,,,,,,,0.00,,0,,,,,,,,,,0.4779,2024-09-03T12:23:00+00:00,27,700
summary,2024-09-03,AAPL,,,,,,,0.00,,0,,,,,,,,,,0.4351,2024-09-03T08:21:00+00:00,16,597
summary,2024-09-03,NVDA,,,,,,,0.00,,0,,,,,,,,,,0.2636,2024-09-03T19:02:00+00:00,35,721
summary,2024-09-03,MSFT,,,,,,,0.00,,0,,,,,,,,,,0.6612,2024-09-03T13:46:00+00:00,52,494
summary,2024-09-04,SPY,,,,,,,0.00,,0,,,,,,,,,,0.4170,2024-09-03T12:23:00+00:00,133,1493
summary,2024-09-04,QQQ,,,,,,,0.00,,0,,,,,,,,,,0.4779,2024-09-03T12:23:00+00:00,143,1596
summary,2024-09-04,AAPL,,,,,,,0.00,,0,,,,,,,,,,0.4351,2024-09-03T08:21:00+00:00,16,1420
summary,2024-09-04,NVDA,,,,,,,0.00,,0,,,,,,,,,,0.5542,2024-09-04T14:58:00+00:00,335,1681
summary,2024-09-04,MSFT,,,,,,,0.00,,0,,,,,,,,,,0.6612,2024-09-03T13:46:00+00:00,248,1082
summary,2024-09-05,SPY,,,,,,,0.00,,0,,,,,,,,,,0.4170,2024-09-03T12:23:00+00:00,141,2274
summary,2024-09-05,QQQ,,,,,,,0.00,,0,,,,,,,,,,0.4779,2024-09-03T12:23:00+00:00,208,2450
summary,2024-09-05,AAPL,,,,,,,0.00,,0,,,,,,,,,,0.5763,2024-09-05T13:36:00+00:00,280,2113
summary,2024-09-05,NVDA,,,,,,,0.00,,0,,,,,,,,,,0.6357,2024-09-05T13:58:00+00:00,519,2641
summary,2024-09-05,MSFT,,,,,,,0.00,,0,,,,,,,,,,0.6612,2024-09-03T13:46:00+00:00,336,1655
summary,2024-09-06,SPY,,,,,,,0.00,,0,,,,,,,,,,0.3381,2024-09-06T12:49:00+00:00,213,2800
summary,2024-09-06,QQQ,,,,,,,0.00,,0,,,,,,,,,,0.4288,2024-09-05T14:02:00+00:00,310,3020
summary,2024-09-06,AAPL,,,,,,,0.00,,0,,,,,,,,,,0.5937,2024-09-05T13:36:00+00:00,500,2584
summary,2024-09-06,NVDA,,,,,,,0.00,,0,,,,,,,,,,0.6790,2024-09-04T15:04:00+00:00,870,3271
summary,2024-09-06,MSFT,,,,,,,0.00,,0,,,,,,,,,,0.9432,2024-09-03T13:46:00+00:00,368,2135
summary,2024-09-09,SPY,,,,,,,0.00,,0,,,,,,,,,,0.4979,2024-09-09T08:01:00+00:00,478,1237
summary,2024-09-09,QQQ,,,,,,,0.00,,0,,,,,,,,,,0.5900,2024-09-09T08:02:00+00:00,467,1267
summary,2024-09-09,AAPL,,,,,,,0.00,,0,,,,,,,,,,0.8482,2024-09-06T13:45:00+00:00,304,1162
summary,2024-09-09,NVDA,,,,,,,0.00,,0,,,,,,,,,,0.7692,2024-09-09T13:39:00+00:00,671,1351
summary,2024-09-09,MSFT,,,,,,,0.00,,0,,,,,,,,,,0.6390,2024-09-09T08:02:00+00:00,306,990
summary,2024-09-10,SPY,,,,,,,0.00,,0,,,,,,,,,,0.7276,2024-09-09T09:24:00+00:00,962,1468
summary,2024-09-10,QQQ,,,,,,,0.00,,0,,,,,,,,,,0.7412,2024-09-09T09:25:00+00:00,995,1555
summary,2024-09-10,AAPL,,,,,,,0.00,,0,,,,,,,,,,0.6659,2024-09-09T16:02:00+00:00,732,1467
summary,2024-09-10,NVDA,,,,,,,0.00,,0,,,,,,,,,,0.7700,2024-09-09T13:39:00+00:00,1144,1678
summary,2024-09-10,MSFT,,,,,,,0.00,,0,,,,,,,,,,0.7080,2024-09-09T10:17:00+00:00,596,1085
summary,2024-09-11,SPY,,,,,,,0.00,,0,,,,,,,,,,0.7276,2024-09-09T09:24:00+00:00,1447,2223
summary,2024-09-11,QQQ,,,,,,,0.00,,0,,,,,,,,,,0.7412,2024-09-09T09:25:00+00:00,1580,2370
summary,2024-09-11,AAPL,,,,,,,0.00,,0,,,,,,,,,,0.6659,2024-09-09T16:02:00+00:00,1132,2116
summary,2024-09-11,NVDA,,,,,,,0.00,,0,,,,,,,,,,0.7700,2024-09-09T13:39:00+00:00,1997,2632
summary,2024-09-11,MSFT,,,,,,,0.00,,0,,,,,,,,,,0.7080,2024-09-09T10:17:00+00:00,1075,1668
summary,2024-09-12,SPY,,,,,,,0.00,,0,,,,,,,,,,0.5412,2024-09-09T16:19:00+00:00,1876,2746
summary,2024-09-12,QQQ,,,,,,,0.00,,0,,,,,,,,,,0.5984,2024-09-09T14:10:00+00:00,2198,2945
summary,2024-09-12,AAPL,,,,,,,0.00,,0,,,,,,,,,,0.7343,2024-09-09T16:02:00+00:00,1636,2561
summary,2024-09-12,NVDA,,,,,,,0.00,,0,,,,,,,,,,1.0000,2024-09-09T13:32:00+00:00,2693,3262
summary,2024-09-12,MSFT,,,,,,,0.00,,0,,,,,,,,,,0.6580,2024-09-09T13:39:00+00:00,1461,2159
summary,2024-09-13,SPY,,,,,,,0.00,,0,,,,,,,,,,0.4787,2024-09-11T16:04:00+00:00,1889,2708
summary,2024-09-13,QQQ,,,,,,,0.00,,0,,,,,,,,,,0.6142,2024-09-11T16:04:00+00:00,2172,2903
summary,2024-09-13,AAPL,,,,,,,0.00,,0,,,,,,,,,,0.8959,2024-09-10T14:28:00+00:00,1735,2412
summary,2024-09-13,NVDA,,,,,,,0.00,,0,,,,,,,,,,1.0000,2024-09-10T13:31:00+00:00,2632,3265
summary,2024-09-13,MSFT,,,,,,,0.00,,0,,,,,,,,,,1.0000,2024-09-10T13:32:00+00:00,1476,2140
summary,2024-09-16,SPY,,,,,,,0.00,,0,,,,,,,,,,0.7793,2024-09-13T14:44:00+00:00,641,1103
summary,2024-09-16,QQQ,,,,,,,0.00,,0,,,,,,,,,,0.6469,2024-09-13T14:46:00+00:00,489,1169
summary,2024-09-16,AAPL,,,,,,,0.00,,0,,,,,,,,,,0.6860,2024-09-13T15:04:00+00:00,290,1187
summary,2024-09-16,NVDA,,,,,,,0.00,,0,,,,,,,,,,1.0000,2024-09-13T13:37:00+00:00,173,1349
summary,2024-09-16,MSFT,,,,,,,0.00,,0,,,,,,,,,,0.8642,2024-09-13T13:40:00+00:00,647,919
summary,2024-09-17,SPY,,,,,,,0.00,,0,,,,,,,,,,0.4070,2024-09-16T13:54:00+00:00,728,1394
summary,2024-09-17,QQQ,,,,,,,0.00,,0,,,,,,,,,,0.4131,2024-09-16T17:43:00+00:00,777,1468
summary,2024-09-17,AAPL,,,,,,,0.00,,0,,,,,,,,,,0.5715,2024-09-16T14:14:00+00:00,746,1431
summary,2024-09-17,NVDA,,,,,,,0.00,,0,,,,,,,,,,0.6811,2024-09-16T14:13:00+00:00,789,1678
summary,2024-09-17,MSFT,,,,,,,0.00,,0,,,,,,,,,,0.6661,2024-09-16T13:44:00+00:00,642,1158
summary,2024-09-18,SPY,,,,,,,0.00,,0,,,,,,,,,,0.4070,2024-09-16T13:54:00+00:00,1096,2123
summary,2024-09-18,QQQ,,,,,,,0.00,,0,,,,,,,,,,0.4268,2024-09-18T18:34:00+00:00,1214,2252
summary,2024-09-18,AAPL,,,,,,,0.00,,0,,,,,,,,,,0.5715,2024-09-16T14:14:00+00:00,1267,2130
summary,2024-09-18,NVDA,,,,,,,0.00,,0,,,,,,,,,,0.6811,2024-09-16T14:13:00+00:00,844,2631
summary,2024-09-18,MSFT,,,,,,,0.00,,0,,,,,,,,,,0.6661,2024-09-16T13:44:00+00:00,805,1716
summary,2024-09-19,SPY,,,,,,,0.00,,0,,,,,,,,,,0.5497,2024-09-19T08:11:00+00:00,1738,2815
summary,2024-09-19,QQQ,,,,,,,0.00,,0,,,,,,,,,,0.6320,2024-09-16T13:56:00+00:00,1914,2915
summary,2024-09-19,AAPL,,,,,,,0.00,,0,,,,,,,,,,0.8992,2024-09-16T14:14:00+00:00,2058,2659
summary,2024-09-19,NVDA,,,,,,,0.00,,0,,,,,,,,,,0.9035,2024-09-16T13:48:00+00:00,1486,3262
summary,2024-09-19,MSFT,,,,,,,0.00,,0,,,,,,,,,,0.9413,2024-09-16T13:44:00+00:00,1191,2276
summary,2024-09-20,SPY,,,,,,,0.00,,0,,,,,,,,,,0.7587,2024-09-17T14:46:00+00:00,1481,2818
summary,2024-09-20,QQQ,,,,,,,0.00,,0,,,,,,,,,,0.8338,2024-09-17T14:46:00+00:00,1606,2952
summary,2024-09-20,AAPL,,,,,,,0.00,,0,,,,,,,,,,0.9251,2024-09-17T14:49:00+00:00,2170,2665
summary,2024-09-20,NVDA,,,,,,,0.00,,0,,,,,,,,,,0.8023,2024-09-17T14:45:00+00:00,1209,3261
summary,2024-09-20,MSFT,,,,,,,0.00,,0,,,,,,,,,,0.9382,2024-09-17T13:46:00+00:00,703,2137
summary,2024-09-23,SPY,,,,,,,0.00,,0,,,,,,,,,,0.4971,2024-09-20T19:44:00+00:00,742,1201
summary,2024-09-23,QQQ,,,,,,,0.00,,0,,,,,,,,,,0.5921,2024-09-20T19:38:00+00:00,704,1190
summary,2024-09-23,AAPL,,,,,,,0.00,,0,,,,,,,,,,0.7612,2024-09-20T13:36:00+00:00,282,1215
summary,2024-09-23,NVDA,,,,,,,0.00,,0,,,,,,,,,,1.0000,2024-09-20T13:34:00+00:00,345,1346
summary,2024-09-23,MSFT,,,,,,,0.00,,0,,,,,,,,,,0.5625,2024-09-20T13:50:00+00:00,283,1013
summary,2024-09-24,SPY,,,,,,,0.00,,0,,,,,,,,,,0.3971,2024-09-24T08:18:00+00:00,754,1332
summary,2024-09-24,QQQ,,,,,,,0.00,,0,,,,,,,,,,0.4825,2024-09-24T15:53:00+00:00,828,1456
summary,2024-09-24,AAPL,,,,,,,0.00,,0,,,,,,,,,,0.6479,2024-09-23T14:53:00+00:00,610,1364
summary,2024-09-24,NVDA,,,,,,,0.00,,0,,,,,,,,,,0.8096,2024-09-24T15:53:00+00:00,933,1669
summary,2024-09-24,MSFT,,,,,,,0.00,,0,,,,,,,,,,0.5858,2024-09-23T14:45:00+00:00,277,1082
summary,2024-09-25,SPY,,,,,,,0.00,,0,,,,,,,,,,0.3971,2024-09-24T08:18:00+00:00,1077,2051
summary,2024-09-25,QQQ,,,,,,,0.00,,0,,,,,,,,,,0.4825,2024-09-24T15:53:00+00:00,1291,2284
summary,2024-09-25,AAPL,,,,,,,0.00,,0,,,,,,,,,,0.6479,2024-09-23T14:53:00+00:00,741,2124
summary,2024-09-25,NVDA,,,,,,,0.00,,0,,,,,,,,,,0.8096,2024-09-24T15:53:00+00:00,1734,2629
summary,2024-09-25,MSFT,,,,,,,0.00,,0,,,,,,,,,,0.5858,2024-09-23T14:45:00+00:00,543,1631
summary,2024-09-26,SPY,,,,,,,0.00,,0,,,,,,,,,,0.4715,2024-09-23T14:53:00+00:00,1472,2623
summary,2024-09-26,QQQ,,,,,,,0.00,,0,,,,,,,,,,0.5402,2024-09-26T08:13:00+00:00,1729,2881
summary,2024-09-26,AAPL,,,,,,,0.00,,0,,,,,,,,,,0.9572,2024-09-23T14:47:00+00:00,1060,2657
summary,2024-09-26,NVDA,,,,,,,0.00,,0,,,,,,,,,,0.8152,2024-09-24T15:53:00+00:00,2425,3263
summary,2024-09-26,MSFT,,,,,,,0.00,,0,,,,,,,,,,0.9589,2024-09-23T14:44:00+00:00,803,2097
summary,2024-09-27,SPY,,,,,,,0.00,,0,,,,,,,,,,0.5482,2024-09-24T14:57:00+00:00,1598,2674
summary,2024-09-27,QQQ,,,,,,,0.00,,0,,,,,,,,,,0.7235,2024-09-24T15:04:00+00:00,1879,2948
summary,2024-09-27,AAPL,,,,,,,0.00,,0,,,,,,,,,,0.5702,2024-09-24T15:04:00+00:00,1252,2614
summary,2024-09-27,NVDA,,,,,,,0.00,,0,,,,,,,,,,0.9211,2024-09-24T15:53:00+00:00,2201,3270
summary,2024-09-27,MSFT,,,,,,,0.00,,0,,,,,,,,,,0.5595,2024-09-26T08:11:00+00:00,1037,2096
summary,2024-09-30,SPY,,,,,,,0.00,,0,,,,,,,,,,0.4813,2024-09-30T19:57:00+00:00,271,1169
summary,2024-09-30,QQQ,,,,,,,0.00,,0,,,,,,,,,,0.4519,2024-09-30T19:57:00+00:00,143,1191
summary,2024-09-30,AAPL,,,,,,,0.00,,0,,,,,,,,,,0.5349,2024-09-27T14:03:00+00:00,623,1142
summary,2024-09-30,NVDA,,,,,,,0.00,,0,,,,,,,,,,0.5710,2024-09-30T13:44:00+00:00,243,1350
summary,2024-09-30,MSFT,,,,,,,0.00,,0,,,,,,,,,,0.5077,2024-09-30T19:57:00+00:00,184,930
summary,2024-10-01,SPY,,,,,,,0.00,,0,,,,,,,,,,0.4892,2024-09-30T19:57:00+00:00,629,1451
summary,2024-10-01,QQQ,,,,,,,0.00,,0,,,,,,,,,,0.4907,2024-09-30T19:57:00+00:00,592,1468
summary,2024-10-01,AAPL,,,,,,,0.00,,0,,,,,,,,,,0.9423,2024-09-30T09:26:00+00:00,651,1419
summary,2024-10-01,NVDA,,,,,,,0.00,,0,,,,,,,,,,0.7875,2024-09-30T13:37:00+00:00,797,1676
summary,2024-10-01,MSFT,,,,,,,0.00,,0,,,,,,,,,,0.5346,2024-09-30T19:57:00+00:00,372,1053
summary,2024-10-02,SPY,,,,,,,0.00,,0,,,,,,,,,,0.4892,2024-09-30T19:57:00+00:00,681,2289
summary,2024-10-02,QQQ,,,,,,,0.00,,0,,,,,,,,,,0.4907,2024-09-30T19:57:00+00:00,807,2336
summary,2024-10-02,AAPL,,,,,,,0.00,,0,,,,,,,,,,0.9423,2024-09-30T09:26:00+00:00,744,2197
summary,2024-10-02,NVDA,,,,,,,0.00,,0,,,,,,,,,,0.7875,2024-09-30T13:37:00+00:00,1132,2636
summary,2024-10-02,MSFT,,,,,,,0.00,,0,,,,,,,,,,0.5346,2024-09-30T19:57:00+00:00,372,1614
summary,2024-10-03,SPY,,,,,,,0.00,,0,,,,,,,,,,0.6542,2024-09-30T19:57:00+00:00,700,2815
summary,2024-10-03,QQQ,,,,,,,0.00,,0,,,,,,,,,,0.6505,2024-09-30T19:57:00+00:00,881,2881
summary,2024-10-03,AAPL,,,,,,,0.00,,0,,,,,,,,,,0.9213,2024-09-30T13:33:00+00:00,556,2606
summary,2024-10-03,NVDA,,,,,,,0.00,,0,,,,,,,,,,1.0000,2024-09-30T13:31:00+00:00,1925,3265
summary,2024-10-03,MSFT,,,,,,,0.00,,0,,,,,,,,,,0.8135,2024-09-30T13:33:00+00:00,294,2051
summary,2024-10-04,SPY,,,,,,,0.00,,0,,,,,,,,,,0.5492,2024-10-01T18:16:00+00:00,1178,2798
summary,2024-10-04,QQQ,,,,,,,0.00,,0,,,,,,,,,,0.6138,2024-10-01T18:29:00+00:00,1414,2941
summary,2024-10-04,AAPL,,,,,,,0.00,,0,,,,,,,,,,0.4713,2024-10-02T14:49:00+00:00,966,2558
summary,2024-10-04,NVDA,,,,,,,0.00,,0,,,,,,,,,,0.7243,2024-10-01T13:31:00+00:00,2091,3266
summary,2024-10-04,MSFT,,,,,,,0.00,,0,,,,,,,,,,0.5343,2024-10-01T18:29:00+00:00,206,2072
summary,2024-10-07,SPY,,,,,,,0.00,,0,,,,,,,,,,0.5044,2024-10-04T19:44:00+00:00,493,1184
summary,2024-10-07,QQQ,,,,,,,0.00,,0,,,,,,,,,,0.5458,2024-10-04T19:34:00+00:00,534,1214
summary,2024-10-07,AAPL,,,,,,,0.00,,0,,,,,,,,,,0.5876,2024-10-04T19:57:00+00:00,278,1153
summary,2024-10-07,NVDA,,,,,,,0.00,,0,,,,,,,,,,0.8229,2024-10-04T15:02:00+00:00,1051,1351
summary,2024-10-07,MSFT,,,,,,,0.00,,0,,,,,,,,,,0.5454,2024-10-04T16:44:00+00:00,196,1007
summary,2024-10-08,SPY,,,,,,,0.00,,0,,,,,,,,,,0.3927,2024-10-08T14:42:00+00:00,730,1450
summary,2024-10-08,QQQ,,,,,,,0.00,,0,,,,,,,,,,0.4798,2024-10-08T14:00:00+00:00,721,1520
summary,2024-10-08,AAPL,,,,,,,0.00,,0,,,,,,,,,,0.5409,2024-10-07T08:35:00+00:00,675,1385
summary,2024-10-08,NVDA,,,,,,,0.00,,0,,,,,,,,,,0.7622,2024-10-07T13:37:00+00:00,1388,1681
summary,2024-10-08,MSFT,,,,,,,0.00,,0,,,,,,,,,,0.5587,2024-10-08T13:53:00+00:00,449,1211
summary,2024-10-09,SPY,,,,,,,0.00,,0,,,,,,,,,,0.3927,2024-10-08T14:42:00+00:00,1268,2208
summary,2024-10-09,QQQ,,,,,,,0.00,,0,,,,,,,,,,0.4798,2024-10-08T14:00:00+00:00,1327,2345
summary,2024-10-09,AAPL,,,,,,,0.00,,0,,,,,,,,,,0.5409,2024-10-07T08:35:00+00:00,1170,2011
summary,2024-10-09,NVDA,,,,,,,0.00,,0,,,,,,,,,,0.7622,2024-10-07T13:37:00+00:00,2122,2641
summary,2024-10-09,MSFT,,,,,,,0.00,,0,,,,,,,,,,0.5587,2024-10-08T13:53:00+00:00,866,1813
summary,2024-10-10,SPY,,,,,,,0.00,,0,,,,,,,,,,0.4016,2024-10-08T14:42:00+00:00,1637,2740
summary,2024-10-10,QQQ,,,,,,,0.00,,0,,,,,,,,,,0.4812,2024-10-08T14:00:00+00:00,1776,2864
summary,2024-10-10,AAPL,,,,,,,0.00,,0,,,,,,,,,,0.5748,2024-10-07T14:42:00+00:00,1538,2453
summary,2024-10-10,NVDA,,,,,,,0.00,,0,,,,,,,,,,1.0000,2024-10-07T13:33:00+00:00,2502,3269
summary,2024-10-10,MSFT,,,,,,,0.00,,0,,,,,,,,,,0.6070,2024-10-08T13:53:00+00:00,1173,2285
summary,2024-10-11,SPY,,,,,,,0.00,,0,,,,,,,,,,0.8329,2024-10-08T14:42:00+00:00,1893,2674
summary,2024-10-11,QQQ,,,,,,,0.00,,0,,,,,,,,,,0.9475,2024-10-08T14:47:00+00:00,2045,2796
summary,2024-10-11,AAPL,,,,,,,0.00,,0,,,,,,,,,,0.9267,2024-10-08T14:43:00+00:00,1619,2290
summary,2024-10-11,NVDA,,,,,,,0.00,,0,,,,,,,,,,1.0000,2024-10-08T13:37:00+00:00,2351,3265
summary,2024-10-11,MSFT,,,,,,,0.00,,0,,,,,,,,,,0.9558,2024-10-08T14:42:00+00:00,1305,2116
summary,2024-10-14,SPY,,,,,,,0.00,,0,,,,,,,,,,0.6604,2024-10-11T14:40:00+00:00,852,1181
summary,2024-10-14,QQQ,,,,,,,0.00,,0,,,,,,,,,,0.7891,2024-10-11T14:27:00+00:00,895,1188
summary,2024-10-14,AAPL,,,,,,,0.00,,0,,,,,,,,,,0.7031,2024-10-11T14:38:00+00:00,654,1065
summary,2024-10-14,NVDA,,,,,,,0.00,,0,,,,,,,,,,0.8912,2024-10-11T14:12:00+00:00,846,1347
summary,2024-10-14,MSFT,,,,,,,0.00,,0,,,,,,,,,,0.8460,2024-10-11T14:28:00+00:00,625,936
summary,2024-10-15,SPY,,,,,,,0.00,,0,,,,,,,,,,0.4456,2024-10-14T13:49:00+00:00,834,1414
summary,2024-10-15,QQQ,,,,,,,0.00,,0,,,,,,,,,,0.5652,2024-10-14T13:59:00+00:00,719,1493
summary,2024-10-15,AAPL,,,,,,,0.00,,0,,,,,,,,,,0.6522,2024-10-14T13:37:00+00:00,933,1326
summary,2024-10-15,NVDA,,,,,,,0.00,,0,,,,,,,,,,0.7338,2024-10-14T13:59:00+00:00,666,1679
summary,2024-10-15,MSFT,,,,,,,0.00,,0,,,,,,,,,,0.6578,2024-10-14T13:50:00+00:00,335,1077
summary,2024-10-16,SPY,,,,,,,0.00,,0,,,,,,,,,,0.4456,2024-10-14T13:49:00+00:00,1235,2191
summary,2024-10-16,QQQ,,,,,,,0.00,,0,,,,,,,,,,0.5652,2024-10-14T13:59:00+00:00,791,2331
summary,2024-10-16,AAPL,,,,,,,0.00,,0,,,,,,,,,,0.6522,2024-10-14T13:37:00+00:00,1071,2012
summary,2024-10-16,NVDA,,,,,,,0.00,,0,,,,,,,,,,0.7338,2024-10-14T13:59:00+00:00,944,2639
summary,2024-10-16,MSFT,,,,,,,0.00,,0,,,,,,,,,,0.6578,2024-10-14T13:50:00+00:00,398,1649
summary,2024-10-17,SPY,,,,,,,0.00,,0,,,,,,,,,,0.7668,2024-10-14T14:43:00+00:00,1484,2763
summary,2024-10-17,QQQ,,,,,,,0.00,,0,,,,,,,,,,0.6465,2024-10-14T13:59:00+00:00,1011,2884
summary,2024-10-17,AAPL,,,,,,,0.00,,0,,,,,,,,,,1.0000,2024-10-14T13:35:00+00:00,1205,2575
summary,2024-10-17,NVDA,,,,,,,0.00,,0,,,,,,,,,,0.9963,2024-10-14T13:36:00+00:00,1317,3271
summary,2024-10-17,MSFT,,,,,,,0.00,,0,,,,,,,,,,0.8950,2024-10-14T14:23:00+00:00,498,2153
summary,2024-10-18,SPY,,,,,,,0.00,,0,,,,,,,,,,0.4407,2024-10-17T08:31:00+00:00,1268,2711
summary,2024-10-18,QQQ,,,,,,,0.00,,0,,,,,,,,,,0.4951,2024-10-17T08:01:00+00:00,1354,2910
summary,2024-10-18,AAPL,,,,,,,0.00,,0,,,,,,,,,,1.0000,2024-10-15T13:35:00+00:00,777,2585
summary,2024-10-18,NVDA,,,,,,,0.00,,0,,,,,,,,,,0.7448,2024-10-17T08:11:00+00:00,2095,3270
summary,2024-10-18,MSFT,,,,,,,0.00,,0,,,,,,,,,,0.4543,2024-10-17T08:31:00+00:00,846,2132
summary,2024-10-21,SPY,,,,,,,0.00,,0,,,,,,,,,,0.4691,2024-10-18T14:46:00+00:00,592,1105
summary,2024-10-21,QQQ,,,,,,,0.00,,0,,,,,,,,,,0.4789,2024-10-18T13:41:00+00:00,519,1155
summary,2024-10-21,AAPL,,,,,,,0.00,,0,,,,,,,,,,0.5644,2024-10-18T14:01:00+00:00,477,1095
summary,2024-10-21,NVDA,,,,,,,0.00,,0,,,,,,,,,,0.7868,2024-10-18T13:36:00+00:00,668,1345
summary,2024-10-21,MSFT,,,,,,,0.00,,0,,,,,,,,,,0.9011,2024-10-18T13:41:00+00:00,382,947
summary,2024-10-22,SPY,,,,,,,0.00,,0,,,,,,,,,,0.3705,2024-10-22T18:04:00+00:00,664,1383
summary,2024-10-22,QQQ,,,,,,,0.00,,0,,,,,,,,,,0.5279,2024-10-21T14:17:00+00:00,771,1509
summary,2024-10-22,AAPL,,,,,,,0.00,,0,,,,,,,,,,0.5515,2024-10-21T14:14:00+00:00,676,1315
summary,2024-10-22,NVDA,,,,,,,0.00,,0,,,,,,,,,,0.7959,2024-10-21T13:53:00+00:00,1225,1677
summary,2024-10-22,MSFT,,,,,,,0.00,,0,,,,,,,,,,0.7376,2024-10-22T13:57:00+00:00,767,1105
summary,2024-10-23,SPY,,,,,,,0.00,,0,,,,,,,,,,0.3705,2024-10-22T18:04:00+00:00,744,2152
summary,2024-10-23,QQQ,,,,,,,0.00,,0,,,,,,,,,,0.5279,2024-10-21T14:17:00+00:00,877,2340
summary,2024-10-23,AAPL,,,,,,,0.00,,0,,,,,,,,,,0.5515,2024-10-21T14:14:00+00:00,731,1971
summary,2024-10-23,NVDA,,,,,,,0.00,,0,,,,,,,,,,0.7959,2024-10-21T13:53:00+00:00,1530,2635
summary,2024-10-23,MSFT,,,,,,,0.00,,0,,,,,,,,,,0.7376,2024-10-22T13:57:00+00:00,1168,1752
summary,2024-10-24,SPY,,,,,,,0.00,,0,,,,,,,,,,0.3706,2024-10-22T18:04:00+00:00,691,2755
summary,2024-10-24,QQQ,,,,,,,0.00,,0,,,,,,,,,,0.5690,2024-10-21T14:17:00+00:00,1021,2962
summary,2024-10-24,AAPL,,,,,,,0.00,,0,,,,,,,,,,0.6258,2024-10-21T14:16:00+00:00,656,2515
summary,2024-10-24,NVDA,,,,,,,0.00,,0,,,,,,,,,,1.0000,2024-10-21T13:34:00+00:00,1763,3268
summary,2024-10-24,MSFT,,,,,,,0.00,,0,,,,,,,,,,0.7125,2024-10-22T13:57:00+00:00,1402,2258
summary,2024-10-25,SPY,,,,,,,0.00,,0,,,,,,,,,,0.6939,2024-10-22T14:54:00+00:00,1018,2707
summary,2024-10-25,QQQ,,,,,,,0.00,,0,,,,,,,,,,0.7322,2024-10-22T14:08:00+00:00,1378,2936
summary,2024-10-25,AAPL,,,,,,,0.00,,0,,,,,,,,,,0.8585,2024-10-22T14:57:00+00:00,851,2533
summary,2024-10-25,NVDA,,,,,,,0.00,,0,,,,,,,,,,1.0000,2024-10-22T13:38:00+00:00,1095,3257
summary,2024-10-25,MSFT,,,,,,,0.00,,0,,,,,,,,,,0.9345,2024-10-22T13:46:00+00:00,993,2211
summary,2024-10-28,SPY,,,,,,,0.00,,0,,,,,,,,,,0.4810,2024-10-25T14:02:00+00:00,489,1237
summary,2024-10-28,QQQ,,,,,,,0.00,,0,,,,,,,,,,0.8650,2024-10-25T14:02:00+00:00,508,1234
summary,2024-10-28,AAPL,,,,,,,0.00,,0,,,,,,,,,,0.9532,2024-10-25T14:54:00+00:00,705,1112
summary,2024-10-28,NVDA,,,,,,,0.00,,0,,,,,,,,,,1.0000,2024-10-25T13:35:00+00:00,505,1351
summary,2024-10-28,MSFT,,,,,,,0.00,,0,,,,,,,,,,0.9245,2024-10-25T13:46:00+00:00,296,1017
summary,2024-10-29,SPY,,,,,,,0.00,,0,,,,,,,,,,0.3775,2024-10-29T14:24:00+00:00,589,1406
summary,2024-10-29,QQQ,,,,,,,0.00,,0,,,,,,,,,,0.4272,2024-10-29T14:24:00+00:00,628,1480
summary,2024-10-29,AAPL,,,,,,,0.00,,0,,,,,,,,,,0.5586,2024-10-28T16:44:00+00:00,682,1337
summary,2024-10-29,NVDA,,,,,,,0.00,,0,,,,,,,,,,0.7855,2024-10-28T09:18:00+00:00,575,1681
summary,2024-10-29,MSFT,,,,,,,0.00,,0,,,,,,,,,,0.5698,2024-10-28T09:52:00+00:00,487,1112
summary,2024-10-30,SPY,,,,,,,0.00,,0,,,,,,,,,,0.3775,2024-10-29T14:24:00+00:00,940,2216
summary,2024-10-30,QQQ,,,,,,,0.00,,0,,,,,,,,,,0.4272,2024-10-29T14:24:00+00:00,1184,2368
summary,2024-10-30,AAPL,,,,,,,0.00,,0,,,,,,,,,,0.5586,2024-10-28T16:44:00+00:00,704,2110
summary,2024-10-30,NVDA,,,,,,,0.00,,0,,,,,,,,,,0.7855,2024-10-28T09:18:00+00:00,715,2640
summary,2024-10-30,MSFT,,,,,,,0.00,,0,,,,,,,,,,0.5698,2024-10-28T09:52:00+00:00,1156,1950
summary,2024-10-31,SPY,,,,,,,0.00,,0,,,,,,,,,,0.4002,2024-10-28T14:45:00+00:00,725,2802
summary,2024-10-31,QQQ,,,,,,,0.00,,0,,,,,,,,,,0.4833,2024-10-28T14:42:00+00:00,1063,2972
summary,2024-10-31,AAPL,,,,,,,0.00,,0,,,,,,,,,,0.8528,2024-10-28T14:42:00+00:00,579,2668
summary,2024-10-31,NVDA,,,,,,,0.00,,0,,,,,,,,,,0.4829,2024-10-29T15:56:00+00:00,589,3269
summary,2024-10-31,MSFT,,,,,,,0.00,,0,,,,,,,,,,0.6342,2024-10-30T20:03:00+00:00,1121,2704
summary,2024-11-01,SPY,,,,,,,0.00,,0,,,,,,,,,,0.6901,2024-10-29T15:03:00+00:00,798,2894
summary,2024-11-01,QQQ,,,,,,,0.00,,0,,,,,,,,,,0.8648,2024-10-29T14:57:00+00:00,931,3050
summary,2024-11-01,AAPL,,,,,,,0.00,,0,,,,,,,,,,0.6346,2024-10-29T13:45:00+00:00,334,2859
summary,2024-11-01,NVDA,,,,,,,0.00,,0,,,,,,,,,,0.8991,2024-10-29T14:59:00+00:00,823,3267
summary,2024-11-01,MSFT,,,,,,,0.00,,0,,,,,,,,,,0.8610,2024-10-29T14:52:00+00:00,1237,2960
summary,2024-11-04,SPY,,,,,,,0.00,,0,,,,,,,,,,0.7730,2024-11-01T14:29:00+00:00,350,1146
summary,2024-11-04,QQQ,,,,,,,0.00,,0,,,,,,,,,,0.8905,2024-11-01T14:29:00+00:00,507,1193
summary,2024-11-04,AAPL,,,,,,,0.00,,0,,,,,,,,,,1.0000,2024-11-01T13:36:00+00:00,345,1139
summary,2024-11-04,NVDA,,,,,,,0.00,,0,,,,,,,,,,0.9083,2024-11-01T13:41:00+00:00,871,1351
summary,2024-11-04,MSFT,,,,,,,0.00,,0,,,,,,,,,,0.9597,2024-11-01T15:02:00+00:00,291,1017
summary,2024-11-05,SPY,,,,,,,0.00,,0,,,,,,,,,,0.7573,2024-11-04T10:39:00+00:00,771,1337
summary,2024-11-05,QQQ,,,,,,,0.00,,0,,,,,,,,,,0.7634,2024-11-04T10:34:00+00:00,902,1462
summary,2024-11-05,AAPL,,,,,,,0.00,,0,,,,,,,,,,0.5782,2024-11-04T15:07:00+00:00,744,1262
summary,2024-11-05,NVDA,,,,,,,0.00,,0,,,,,,,,,,0.6055,2024-11-04T16:12:00+00:00,817,1671
summary,2024-11-05,MSFT,,,,,,,0.00,,0,,,,,,,,,,0.5170,2024-11-05T14:59:00+00:00,578,1096
summary,2024-11-06,SPY,,,,,,,0.00,,0,,,,,,,,,,0.7847,2024-11-06T09:02:00+00:00,1550,2265
summary,2024-11-06,QQQ,,,,,,,0.00,,0,,,,,,,,,,0.7634,2024-11-04T10:34:00+00:00,1657,2378
summary,2024-11-06,AAPL,,,,,,,0.00,,0,,,,,,,,,,0.5782,2024-11-04T15:07:00+00:00,1235,2089
summary,2024-11-06,NVDA,,,,,,,0.00,,0,,,,,,,,,,0.6072,2024-11-06T14:39:00+00:00,1675,2631
summary,2024-11-06,MSFT,,,,,,,0.00,,0,,,,,,,,,,0.5218,2024-11-06T09:01:00+00:00,1102,1832
summary,2024-11-07,SPY,,,,,,,0.00,,0,,,,,,,,,,0.8282,2024-11-06T09:02:00+00:00,2077,2905
summary,2024-11-07,QQQ,,,,,,,0.00,,0,,,,,,,,,,0.9061,2024-11-04T15:49:00+00:00,2224,2967
summary,2024-11-07,AAPL,,,,,,,0.00,,0,,,,,,,,,,0.8925,2024-11-04T15:07:00+00:00,1756,2644
summary,2024-11-07,NVDA,,,,,,,0.00,,0,,,,,,,,,,0.9348,2024-11-04T14:45:00+00:00,2529,3260
summary,2024-11-07,MSFT,,,,,,,0.00,,0,,,,,,,,,,0.8971,2024-11-04T15:49:00+00:00,1570,2317
summary,2024-11-08,SPY,,,,,,,0.00,,0,,,,,,,,,,0.8127,2024-11-05T15:46:00+00:00,2454,2990
summary,2024-11-08,QQQ,,,,,,,0.00,,0,,,,,,,,,,0.7123,2024-11-05T15:01:00+00:00,2434,3025
summary,2024-11-08,AAPL,,,,,,,0.00,,0,,,,,,,,,,0.8098,2024-11-05T14:55:00+00:00,1717,2695
summary,2024-11-08,NVDA,,,,,,,0.00,,0,,,,,,,,,,1.0000,2024-11-05T14:38:00+00:00,2753,3270
summary,2024-11-08,MSFT,,,,,,,0.00,,0,,,,,,,,,,0.8282,2024-11-05T15:00:00+00:00,1584,2362
summary,2024-11-11,SPY,,,,,,,0.00,,0,,,,,,,,,,0.7392,2024-11-08T15:52:00+00:00,673,1140
summary,2024-11-11,QQQ,,,,,,,0.00,,0,,,,,,,,,,0.4236,2024-11-08T18:39:00+00:00,695,1154
summary,2024-11-11,AAPL,,,,,,,0.00,,0,,,,,,,,,,0.6243,2024-11-08T14:32:00+00:00,107,1084
summary,2024-11-11,NVDA,,,,,,,0.00,,0,,,,,,,,,,0.8212,2024-11-08T14:36:00+00:00,275,1349
summary,2024-11-11,MSFT,,,,,,,0.00,,0,,,,,,,,,,0.5436,2024-11-08T14:37:00+00:00,81,989
summary,2024-11-12,SPY,,,,,,,0.00,,0,,,,,,,,,,0.3395,2024-11-12T19:02:00+00:00,398,1430
summary,2024-11-12,QQQ,,,,,,,0.00,,0,,,,,,,,,,0.3609,2024-11-11T13:03:00+00:00,646,1500
summary,2024-11-12,AAPL,,,,,,,0.00,,0,,,,,,,,,,0.4189,2024-11-12T16:19:00+00:00,594,1322
summary,2024-11-12,NVDA,,,,,,,0.00,,0,,,,,,,,,,0.8191,2024-11-11T09:31:00+00:00,814,1681
summary,2024-11-12,MSFT,,,,,,,0.00,,0,,,,,,,,,,0.4682,2024-11-12T19:04:00+00:00,454,1122
summary,2024-11-13,SPY,,,,,,,0.00,,0,,,,,,,,,,0.3463,2024-11-13T13:40:00+00:00,628,2220
summary,2024-11-13,QQQ,,,,,,,0.00,,0,,,,,,,,,,0.3642,2024-11-13T13:41:00+00:00,999,2296
summary,2024-11-13,AAPL,,,,,,,0.00,,0,,,,,,,,,,0.4437,2024-11-13T17:47:00+00:00,923,1965
summary,2024-11-13,NVDA,,,,,,,0.00,,0,,,,,,,,,,0.8191,2024-11-11T09:31:00+00:00,1319,2641
summary,2024-11-13,MSFT,,,,,,,0.00,,0,,,,,,,,,,0.5511,2024-11-13T16:51:00+00:00,779,1715
summary,2024-11-14,SPY,,,,,,,0.00,,0,,,,,,,,,,0.3983,2024-11-11T15:57:00+00:00,704,2816
summary,2024-11-14,QQQ,,,,,,,0.00,,0,,,,,,,,,,0.3666,2024-11-13T13:41:00+00:00,944,2845
summary,2024-11-14,AAPL,,,,,,,0.00,,0,,,,,,,,,,0.4843,2024-11-11T20:59:00+00:00,1470,2453
summary,2024-11-14,NVDA,,,,,,,0.00,,0,,,,,,,,,,0.6788,2024-11-11T15:57:00+00:00,1493,3268
summary,2024-11-14,MSFT,,,,,,,0.00,,0,,,,,,,,,,0.5494,2024-11-13T16:51:00+00:00,1072,2151
summary,2024-11-15,SPY,,,,,,,0.00,,0,,,,,,,,,,0.3881,2024-11-13T13:40:00+00:00,716,2829
summary,2024-11-15,QQQ,,,,,,,0.00,,0,,,,,,,,,,0.4135,2024-11-12T14:38:00+00:00,573,2875
summary,2024-11-15,AAPL,,,,,,,0.00,,0,,,,,,,,,,0.8284,2024-11-12T16:04:00+00:00,1118,2415
summary,2024-11-15,NVDA,,,,,,,0.00,,0,,,,,,,,,,1.0000,2024-11-12T14:37:00+00:00,995,3268
summary,2024-11-15,MSFT,,,,,,,0.00,,0,,,,,,,,,,0.8232,2024-11-12T14:36:00+00:00,1137,2158
summary,2024-11-18,SPY,,,,,,,0.00,,0,,,,,,,,,,0.3964,2024-11-18T15:49:00+00:00,419,1187
summary,2024-11-18,QQQ,,,,,,,0.00,,0,,,,,,,,,,0.5079,2024-11-18T15:34:00+00:00,481,1243
summary,2024-11-18,AAPL,,,,,,,0.00,,0,,,,,,,,,,0.5233,2024-11-18T15:17:00+00:00,463,1038
summary,2024-11-18,NVDA,,,,,,,0.00,,0,,,,,,,,,,0.4734,2024-11-18T20:29:00+00:00,524,1351
summary,2024-11-18,MSFT,,,,,,,0.00,,0,,,,,,,,,,0.4783,2024-11-18T15:34:00+00:00,302,984
summary,2024-11-19,SPY,,,,,,,0.00,,0,,,,,,,,,,0.4734,2024-11-18T15:49:00+00:00,862,1449
summary,2024-11-19,QQQ,,,,,,,0.00,,0,,,,,,,,,,0.6583,2024-11-18T15:34:00+00:00,861,1555
summary,2024-11-19,AAPL,,,,,,,0.00,,0,,,,,,,,,,0.6464,2024-11-18T15:17:00+00:00,856,1224
summary,2024-11-19,NVDA,,,,,,,0.00,,0,,,,,,,,,,0.6994,2024-11-18T15:34:00+00:00,1250,1681
summary,2024-11-19,MSFT,,,,,,,0.00,,0,,,,,,,,,,0.7585,2024-11-18T10:50:00+00:00,543,1097
summary,2024-11-20,SPY,,,,,,,0.00,,0,,,,,,,,,,0.4734,2024-11-18T15:49:00+00:00,1207,2228
summary,2024-11-20,QQQ,,,,,,,0.00,,0,,,,,,,,,,0.6583,2024-11-18T15:34:00+00:00,1319,2417
summary,2024-11-20,AAPL,,,,,,,0.00,,0,,,,,,,,,,0.6464,2024-11-18T15:17:00+00:00,1040,1878
summary,2024-11-20,NVDA,,,,,,,0.00,,0,,,,,,,,,,0.6994,2024-11-18T15:34:00+00:00,1979,2641
summary,2024-11-20,MSFT,,,,,,,0.00,,0,,,,,,,,,,0.7585,2024-11-18T10:50:00+00:00,741,1679
summary,2024-11-21,SPY,,,,,,,0.00,,0,,,,,,,,,,0.8251,2024-11-18T15:49:00+00:00,1592,2807
summary,2024-11-21,QQQ,,,,,,,0.00,,0,,,,,,,,,,0.9543,2024-11-18T15:51:00+00:00,1805,2994
summary,2024-11-21,AAPL,,,,,,,0.00,,0,,,,,,,,,,0.9548,2024-11-18T15:52:00+00:00,1275,2428
summary,2024-11-21,NVDA,,,,,,,0.00,,0,,,,,,,,,,0.9190,2024-11-18T15:58:00+00:00,2450,3211
summary,2024-11-21,MSFT,,,,,,,0.00,,0,,,,,,,,,,0.9559,2024-11-18T15:49:00+00:00,816,2141
summary,2024-11-22,SPY,,,,,,,0.00,,0,,,,,,,,,,0.8943,2024-11-19T15:52:00+00:00,1855,2800
summary,2024-11-22,QQQ,,,,,,,0.00,,0,,,,,,,,,,0.8915,2024-11-19T15:52:00+00:00,2005,2967
summary,2024-11-22,AAPL,,,,,,,0.00,,0,,,,,,,,,,0.9557,2024-11-19T15:52:00+00:00,1143,2387
summary,2024-11-22,NVDA,,,,,,,0.00,,0,,,,,,,,,,1.0000,2024-11-19T14:36:00+00:00,1956,3208
summary,2024-11-22,MSFT,,,,,,,0.00,,0,,,,,,,,,,0.7717,2024-11-19T15:49:00+00:00,1053,2157
summary,2024-11-25,SPY,,,,,,,0.00,,0,,,,,,,,,,0.5555,2024-11-22T15:59:00+00:00,794,1190
summary,2024-11-25,QQQ,,,,,,,0.00,,0,,,,,,,,,,0.5525,2024-11-22T15:44:00+00:00,849,1212
summary,2024-11-25,AAPL,,,,,,,0.00,,0,,,,,,,,,,0.8346,2024-11-22T14:39:00+00:00,695,1058
summary,2024-11-25,NVDA,,,,,,,0.00,,0,,,,,,,,,,1.0000,2024-11-22T14:34:00+00:00,188,1350
summary,2024-11-25,MSFT,,,,,,,0.00,,0,,,,,,,,,,0.9704,2024-11-22T14:41:00+00:00,720,1008
summary,2024-11-26,SPY,,,,,,,0.00,,0,,,,,,,,,,0.3781,2024-11-25T13:52:00+00:00,755,1427
summary,2024-11-26,QQQ,,,,,,,0.00,,0,,,,,,,,,,0.5862,2024-11-25T10:19:00+00:00,761,1547
summary,2024-11-26,AAPL,,,,,,,0.00,,0,,,,,,,,,,0.7846,2024-11-25T10:43:00+00:00,834,1347
summary,2024-11-26,NVDA,,,,,,,0.00,,0,,,,,,,,,,0.9339,2024-11-25T09:16:00+00:00,578,1680
summary,2024-11-26,MSFT,,,,,,,0.00,,0,,,,,,,,,,0.6120,2024-11-25T14:39:00+00:00,688,1145
summary,2024-11-27,SPY,,,,,,,0.00,,0,,,,,,,,,,0.3781,2024-11-25T13:52:00+00:00,1000,2203
summary,2024-11-27,QQQ,,,,,,,0.00,,0,,,,,,,,,,0.5862,2024-11-25T10:19:00+00:00,977,2393
summary,2024-11-27,AAPL,,,,,,,0.00,,0,,,,,,,,,,0.7846,2024-11-25T10:43:00+00:00,1310,2089
summary,2024-11-27,NVDA,,,,,,,0.00,,0,,,,,,,,,,0.9339,2024-11-25T09:16:00+00:00,613,2640
summary,2024-11-27,MSFT,,,,,,,0.00,,0,,,,,,,,,,0.6120,2024-11-25T14:39:00+00:00,1024,1743
summary,2024-11-28,SPY,,,,,,,0.00,,0,,,,,,,,,,0.4744,2024-11-25T14:37:00+00:00,914,2101
summary,2024-11-28,QQQ,,,,,,,0.00,,0,,,,,,,,,,0.6654,2024-11-25T14:41:00+00:00,849,2249
summary,2024-11-28,AAPL,,,,,,,0.00,,0,,,,,,,,,,0.7188,2024-11-25T14:44:00+00:00,1208,1991
summary,2024-11-28,NVDA,,,,,,,0.00,,0,,,,,,,,,,0.7923,2024-11-25T14:39:00+00:00,772,2549
summary,2024-11-28,MSFT,,,,,,,0.00,,0,,,,,,,,,,1.0000,2024-11-25T14:39:00+00:00,946,1731
summary,2024-11-29,SPY,,,,,,,0.00,,0,,,,,,,,,,0.4964,2024-11-26T16:02:00+00:00,1149,1828
summary,2024-11-29,QQQ,,,,,,,0.00,,0,,,,,,,,,,0.4109,2024-11-29T15:17:00+00:00,744,1913
summary,2024-11-29,AAPL,,,,,,,0.00,,0,,,,,,,,,,0.9055,2024-11-26T15:44:00+00:00,970,1647
summary,2024-11-29,NVDA,,,,,,,0.00,,0,,,,,,,,,,0.9324,2024-11-26T14:32:00+00:00,962,2307
summary,2024-11-29,MSFT,,,,,,,0.00,,0,,,,,,,,,,0.9567,2024-11-26T15:42:00+00:00,619,1485
summary,2024-12-02,SPY,,,,,,,0.00,,0,,,,,,,,,,0.7533,2024-11-29T16:01:00+00:00,682,997
summary,2024-12-02,QQQ,,,,,,,0.00,,0,,,,,,,,,,0.8468,2024-11-29T15:43:00+00:00,813,995
summary,2024-12-02,AAPL,,,,,,,0.00,,0,,,,,,,,,,0.7779,2024-11-29T14:40:00+00:00,810,936
summary,2024-12-02,NVDA,,,,,,,0.00,,0,,,,,,,,,,0.9003,2024-11-29T14:59:00+00:00,516,1166
summary,2024-12-02,MSFT,,,,,,,0.00,,0,,,,,,,,,,0.9546,2024-11-29T15:43:00+00:00,608,773
summary,2024-12-03,SPY,,,,,,,0.00,,0,,,,,,,,,,0.5032,2024-12-02T10:22:00+00:00,823,1321
summary,2024-12-03,QQQ,,,,,,,0.00,,0,,,,,,,,,,0.5281,2024-12-02T14:54:00+00:00,996,1433
summary,2024-12-03,AAPL,,,,,,,0.00,,0,,,,,,,,,,0.6345,2024-12-02T14:34:00+00:00,894,1244
summary,2024-12-03,NVDA,,,,,,,0.00,,0,,,,,,,,,,0.7001,2024-12-02T14:49:00+00:00,923,1667
summary,2024-12-03,MSFT,,,,,,,0.00,,0,,,,,,,,,,0.7523,2024-12-02T15:32:00+00:00,788,1055
summary,2024-12-04,SPY,,,,,,,0.00,,0,,,,,,,,,,0.5032,2024-12-02T10:22:00+00:00,1373,2081
summary,2024-12-04,QQQ,,,,,,,0.00,,0,,,,,,,,,,0.5281,2024-12-02T14:54:00+00:00,1698,2278
summary,2024-12-04,AAPL,,,,,,,0.00,,0,,,,,,,,,,0.6345,2024-12-02T14:34:00+00:00,1441,1936
summary,2024-12-04,NVDA,,,,,,,0.00,,0,,,,,,,,,,0.7001,2024-12-02T14:49:00+00:00,1810,2622
summary,2024-12-04,MSFT,,,,,,,0.00,,0,,,,,,,,,,0.7523,2024-12-02T15:32:00+00:00,1284,1710
summary,2024-12-05,SPY,,,,,,,0.00,,0,,,,,,,,,,0.4346,2024-12-02T15:49:00+00:00,1522,2540
summary,2024-12-05,QQQ,,,,,,,0.00,,0,,,,,,,,,,0.5961,2024-12-02T17:04:00+00:00,1991,2816
summary,2024-12-05,AAPL,,,,,,,0.00,,0,,,,,,,,,,0.8933,2024-12-02T15:31:00+00:00,1639,2388
summary,2024-12-05,NVDA,,,,,,,0.00,,0,,,,,,,,,,1.0000,2024-12-02T14:38:00+00:00,2175,3252
summary,2024-12-05,MSFT,,,,,,,0.00,,0,,,,,,,,,,1.0000,2024-12-02T14:38:00+00:00,1667,2173
summary,2024-12-06,SPY,,,,,,,0.00,,0,,,,,,,,,,0.3662,2024-12-04T19:32:00+00:00,1559,2540
summary,2024-12-06,QQQ,,,,,,,0.00,,0,,,,,,,,,,0.5848,2024-12-03T16:02:00+00:00,2123,2814
summary,2024-12-06,AAPL,,,,,,,0.00,,0,,,,,,,,,,0.8539,2024-12-03T15:01:00+00:00,1610,2335
summary,2024-12-06,NVDA,,,,,,,0.00,,0,,,,,,,,,,1.0000,2024-12-03T14:34:00+00:00,2226,3256
summary,2024-12-06,MSFT,,,,,,,0.00,,0,,,,,,,,,,0.9045,2024-12-03T15:02:00+00:00,1616,2251
summary,2024-12-09,SPY,,,,,,,0.00,,0,,,,,,,,,,0.3490,2024-12-06T14:48:00+00:00,247,1152
summary,2024-12-09,QQQ,,,,,,,0.00,,0,,,,,,,,,,0.5623,2024-12-06T14:52:00+00:00,527,1201
summary,2024-12-09,AAPL,,,,,,,0.00,,0,,,,,,,,,,0.7979,2024-12-06T15:06:00+00:00,512,1072
summary,2024-12-09,NVDA,,,,,,,0.00,,0,,,,,,,,,,0.9347,2024-12-06T14:34:00+00:00,27,1351
summary,2024-12-09,MSFT,,,,,,,0.00,,0,,,,,,,,,,0.7598,2024-12-06T14:48:00+00:00,422,1013
summary,2024-12-10,SPY,,,,,,,0.00,,0,,,,,,,,,,0.2974,2024-12-09T12:04:00+00:00,278,1326
summary,2024-12-10,QQQ,,,,,,,0.00,,0,,,,,,,,,,0.3733,2024-12-10T14:44:00+00:00,312,1482
summary,2024-12-10,AAPL,,,,,,,0.00,,0,,,,,,,,,,0.6352,2024-12-09T16:04:00+00:00,990,1308
summary,2024-12-10,NVDA,,,,,,,0.00,,0,,,,,,,,,,0.6868,2024-12-10T14:41:00+00:00,387,1676
summary,2024-12-10,MSFT,,,,,,,0.00,,0,,,,,,,,,,0.6268,2024-12-09T15:35:00+00:00,603,1164
summary,2024-12-11,SPY,,,,,,,0.00,,0,,,,,,,,,,0.3502,2024-12-11T14:06:00+00:00,840,2040
summary,2024-12-11,QQQ,,,,,,,0.00,,0,,,,,,,,,,0.4418,2024-12-11T14:51:00+00:00,745,2287
summary,2024-12-11,AAPL,,,,,,,0.00,,0,,,,,,,,,,0.6352,2024-12-09T16:04:00+00:00,1382,1981
summary,2024-12-11,NVDA,,,,,,,0.00,,0,,,,,,,,,,0.6868,2024-12-10T14:41:00+00:00,719,2633
summary,2024-12-11,MSFT,,,,,,,0.00,,0,,,,,,,,,,0.6268,2024-12-09T15:35:00+00:00,940,1764
summary,2024-12-12,SPY,,,,,,,0.00,,0,,,,,,,,,,0.3585,2024-12-11T14:06:00+00:00,1161,2569
summary,2024-12-12,QQQ,,,,,,,0.00,,0,,,,,,,,,,0.4498,2024-12-11T14:51:00+00:00,1371,2820
summary,2024-12-12,AAPL,,,,,,,0.00,,0,,,,,,,,,,0.9568,2024-12-09T15:58:00+00:00,1687,2541
summary,2024-12-12,NVDA,,,,,,,0.00,,0,,,,,,,,,,0.9346,2024-12-09T14:45:00+00:00,1232,3255
summary,2024-12-12,MSFT,,,,,,,0.00,,0,,,,,,,,,,0.8990,2024-12-09T15:35:00+00:00,1165,2164
summary,2024-12-13,SPY,,,,,,,0.00,,0,,,,,,,,,,0.5580,2024-12-10T15:43:00+00:00,1318,2648
summary,2024-12-13,QQQ,,,,,,,0.00,,0,,,,,,,,,,0.5327,2024-12-10T14:45:00+00:00,1733,2926
summary,2024-12-13,AAPL,,,,,,,0.00,,0,,,,,,,,,,0.7373,2024-12-10T14:48:00+00:00,1218,2579
summary,2024-12-13,NVDA,,,,,,,0.00,,0,,,,,,,,,,1.0000,2024-12-10T14:39:00+00:00,1520,3256
summary,2024-12-13,MSFT,,,,,,,0.00,,0,,,,,,,,,,0.9063,2024-12-10T14:32:00+00:00,903,2196
summary,2024-12-16,SPY,,,,,,,0.00,,0,,,,,,,,,,0.3551,2024-12-16T18:29:00+00:00,501,1102
summary,2024-12-16,QQQ,,,,,,,0.00,,0,,,,,,,,,,0.6709,2024-12-13T14:45:00+00:00,762,1175
summary,2024-12-16,AAPL,,,,,,,0.00,,0,,,,,,,,,,0.7569,2024-12-13T14:37:00+00:00,648,1037
summary,2024-12-16,NVDA,,,,,,,0.00,,0,,,,,,,,,,0.7380,2024-12-13T15:00:00+00:00,105,1350
summary,2024-12-16,MSFT,,,,,,,0.00,,0,,,,,,,,,,0.7116,2024-12-13T14:40:00+00:00,396,945
summary,2024-12-17,SPY,,,,,,,0.00,,0,,,,,,,,,,0.7087,2024-12-16T10:33:00+00:00,535,1346
summary,2024-12-17,QQQ,,,,,,,0.00,,0,,,,,,,,,,0.7392,2024-12-16T10:30:00+00:00,1030,1546
summary,2024-12-17,AAPL,,,,,,,0.00,,0,,,,,,,,,,0.6279,2024-12-16T14:34:00+00:00,916,1209
summary,2024-12-17,NVDA,,,,,,,0.00,,0,,,,,,,,,,0.6896,2024-12-16T19:39:00+00:00,486,1680
summary,2024-12-17,MSFT,,,,,,,0.00,,0,,,,,,,,,,0.5641,2024-12-16T19:54:00+00:00,750,1025
summary,2024-12-18,SPY,,,,,,,0.00,,0,,,,,,,,,,0.7087,2024-12-16T10:33:00+00:00,712,2077
summary,2024-12-18,QQQ,,,,,,,0.00,,0,,,,,,,,,,0.7392,2024-12-16T10:30:00+00:00,1177,2380
summary,2024-12-18,AAPL,,,,,,,0.00,,0,,,,,,,,,,0.6279,2024-12-16T14:34:00+00:00,1328,1890
summary,2024-12-18,NVDA,,,,,,,0.00,,0,,,,,,,,,,0.6896,2024-12-16T19:39:00+00:00,1169,2640
summary,2024-12-18,MSFT,,,,,,,0.00,,0,,,,,,,,,,0.5641,2024-12-16T19:54:00+00:00,1042,1629
summary,2024-12-19,SPY,,,,,,,0.00,,0,,,,,,,,,,0.5449,2024-12-16T15:42:00+00:00,611,2797
summary,2024-12-19,QQQ,,,,,,,0.00,,0,,,,,,,,,,0.7460,2024-12-16T16:04:00+00:00,965,3046
summary,2024-12-19,AAPL,,,,,,,0.00,,0,,,,,,,,,,1.0000,2024-12-16T14:34:00+00:00,1490,2588
summary,2024-12-19,NVDA,,,,,,,0.00,,0,,,,,,,,,,0.8651,2024-12-16T15:00:00+00:00,1498,3271
summary,2024-12-19,MSFT,,,,,,,0.00,,0,,,,,,,,,,0.5866,2024-12-16T20:27:00+00:00,1000,2211
summary,2024-12-20,SPY,,,,,,,0.00,,0,,,,,,,,,,0.5469,2024-12-17T16:00:00+00:00,703,2936
summary,2024-12-20,QQQ,,,,,,,0.00,,0,,,,,,,,,,0.5181,2024-12-20T16:43:00+00:00,714,3093
summary,2024-12-20,AAPL,,,,,,,0.00,,0,,,,,,,,,,0.9452,2024-12-17T14:41:00+00:00,1236,2710
summary,2024-12-20,NVDA,,,,,,,0.00,,0,,,,,,,,,,1.0000,2024-12-17T14:41:00+00:00,2077,3271
summary,2024-12-20,MSFT,,,,,,,0.00,,0,,,,,,,,,,0.9218,2024-12-17T16:00:00+00:00,684,2360
summary,2024-12-23,SPY,,,,,,,0.00,,0,,,,,,,,,,0.9598,2024-12-20T16:04:00+00:00,897,1250
summary,2024-12-23,QQQ,,,,,,,0.00,,0,,,,,,,,,,0.9603,2024-12-20T16:04:00+00:00,882,1269
summary,2024-12-23,AAPL,,,,,,,0.00,,0,,,,,,,,,,0.9567,2024-12-20T16:04:00+00:00,978,1195
summary,2024-12-23,NVDA,,,,,,,0.00,,0,,,,,,,,,,1.0000,2024-12-20T14:39:00+00:00,1272,1351
summary,2024-12-23,MSFT,,,,,,,0.00,,0,,,,,,,,,,0.9579,2024-12-20T16:04:00+00:00,507,981
summary,2024-12-24,SPY,,,,,,,0.00,,0,,,,,,,,,,0.5375,2024-12-23T17:01:00+00:00,875,1312
summary,2024-12-24,QQQ,,,,,,,0.00,,0,,,,,,,,,,0.5641,2024-12-23T17:01:00+00:00,1020,1405
summary,2024-12-24,AAPL,,,,,,,0.00,,0,,,,,,,,,,0.4707,2024-12-23T09:11:00+00:00,597,1147
summary,2024-12-24,NVDA,,,,,,,0.00,,0,,,,,,,,,,0.6890,2024-12-23T14:36:00+00:00,1238,1680
summary,2024-12-24,MSFT,,,,,,,0.00,,0,,,,,,,,,,0.6794,2024-12-23T12:23:00+00:00,388,907
summary,2024-12-25,SPY,,,,,,,0.00,,0,,,,,,,,,,0.5375,2024-12-23T17:01:00+00:00,899,1340
summary,2024-12-25,QQQ,,,,,,,0.00,,0,,,,,,,,,,0.5641,2024-12-23T17:01:00+00:00,1046,1430
summary,2024-12-25,AAPL,,,,,,,0.00,,0,,,,,,,,,,0.4707,2024-12-23T09:11:00+00:00,613,1163
summary,2024-12-25,NVDA,,,,,,,0.00,,0,,,,,,,,,,0.6890,2024-12-23T14:36:00+00:00,1290,1739
summary,2024-12-25,MSFT,,,,,,,0.00,,0,,,,,,,,,,0.6794,2024-12-23T12:23:00+00:00,393,912
summary,2024-12-26,SPY,,,,,,,0.00,,0,,,,,,,,,,0.5703,2024-12-23T16:59:00+00:00,1356,1700
summary,2024-12-26,QQQ,,,,,,,0.00,,0,,,,,,,,,,0.5934,2024-12-23T16:59:00+00:00,1462,1813
summary,2024-12-26,AAPL,,,,,,,0.00,,0,,,,,,,,,,0.5148,2024-12-23T20:54:00+00:00,966,1481
summary,2024-12-26,NVDA,,,,,,,0.00,,0,,,,,,,,,,1.0000,2024-12-23T14:36:00+00:00,1716,2129
summary,2024-12-26,MSFT,,,,,,,0.00,,0,,,,,,,,,,0.4653,2024-12-23T18:39:00+00:00,698,1267
summary,2024-12-27,SPY,,,,,,,0.00,,0,,,,,,,,,,0.8389,2024-12-24T15:46:00+00:00,723,1686
summary,2024-12-27,QQQ,,,,,,,0.00,,0,,,,,,,,,,0.8541,2024-12-24T15:46:00+00:00,814,1748
summary,2024-12-27,AAPL,,,,,,,0.00,,0,,,,,,,,,,0.8889,2024-12-24T15:49:00+00:00,800,1500
summary,2024-12-27,NVDA,,,,,,,0.00,,0,,,,,,,,,,1.0000,2024-12-24T14:37:00+00:00,421,2112
summary,2024-12-27,MSFT,,,,,,,0.00,,0,,,,,,,,,,0.9549,2024-12-24T15:49:00+00:00,570,1193
summary,2024-12-30,SPY,,,,,,,0.00,,0,,,,,,,,,,0.4041,2024-12-27T19:56:00+00:00,374,1134
summary,2024-12-30,QQQ,,,,,,,0.00,,0,,,,,,,,,,0.5266,2024-12-27T21:04:00+00:00,437,1194
summary,2024-12-30,AAPL,,,,,,,0.00,,0,,,,,,,,,,0.4407,2024-12-27T21:02:00+00:00,241,1094
summary,2024-12-30,NVDA,,,,,,,0.00,,0,,,,,,,,,,0.6716,2024-12-30T14:51:00+00:00,759,1340
summary,2024-12-30,MSFT,,,,,,,0.00,,0,,,,,,,,,,0.4658,2024-12-27T21:09:00+00:00,312,980
summary,2024-12-31,SPY,,,,,,,0.00,,0,,,,,,,,,,0.6204,2024-12-30T16:43:00+00:00,624,1345
summary,2024-12-31,QQQ,,,,,,,0.00,,0,,,,,,,,,,0.6107,2024-12-30T16:42:00+00:00,602,1513
summary,2024-12-31,AAPL,,,,,,,0.00,,0,,,,,,,,,,0.5601,2024-12-30T17:28:00+00:00,425,1215
summary,2024-12-31,NVDA,,,,,,,0.00,,0,,,,,,,,,,0.7924,2024-12-30T14:51:00+00:00,789,1660
summary,2024-12-31,MSFT,,,,,,,0.00,,0,,,,,,,,,,0.5826,2024-12-30T17:45:00+00:00,429,1058
