row_type,date,ticker,direction,entry_time,exit_time,entry_price,exit_price,size,pnl,pnl_pct,hold_duration_ms,exit_reason,entry_composite,exit_composite,entry_1m,entry_5m,entry_1h,exit_1m,exit_5m,exit_1h,max_composite,max_composite_time,positive_ticks,total_ticks
summary,2022-01-03,SPY,,,,,,,0.00,,0,,,,,,,,,,0.4786,2022-01-03T10:28:00+00:00,621,1128
summary,2022-01-03,QQQ,,,,,,,0.00,,0,,,,,,,,,,0.4298,2022-01-03T18:44:00+00:00,526,1105
trade,2022-01-03,AAPL,Long,2022-01-03T14:36:00+00:00,2022-01-03T15:56:00+00:00,179.3209,180.9038,300.00,474.89,0.008828,4800000,SessionClose,0.5826,0.0922,0.5866,0.5670,0.6124,-0.3366,-0.0856,0.5907,,,
summary,2022-01-03,AAPL,,,,,,,474.89,,1,,,,,,,,,,0.6135,2022-01-03T14:41:00+00:00,588,1134
trade,2022-01-03,NVDA,Long,2022-01-03T14:31:00+00:00,2022-01-03T15:56:00+00:00,298.4347,305.0240,332.36,2190.05,0.022080,5100000,SessionClose,0.6388,0.5264,-0.1083,0.7472,0.6709,0.5433,0.3627,0.8482,,,
summary,2022-01-03,NVDA,,,,,,,2190.05,,1,,,,,,,,,,1.0000,2021-12-31T14:41:00+00:00,529,1076
summary,2022-01-03,MSFT,,,,,,,0.00,,0,,,,,,,,,,0.5450,2022-01-03T09:03:00+00:00,267,966
summary,2022-01-04,SPY,,,,,,,0.00,,0,,,,,,,,,,0.7454,2022-01-03T10:30:00+00:00,867,1485
summary,2022-01-04,QQQ,,,,,,,0.00,,0,,,,,,,,,,0.7304,2022-01-03T10:22:00+00:00,753,1449
summary,2022-01-04,AAPL,,,,,,,0.00,,0,,,,,,,,,,0.7301,2022-01-03T14:41:00+00:00,905,1527
summary,2022-01-04,NVDA,,,,,,,0.00,,0,,,,,,,,,,0.9019,2022-01-03T14:35:00+00:00,546,1357
summary,2022-01-04,MSFT,,,,,,,0.00,,0,,,,,,,,,,0.5309,2022-01-03T11:01:00+00:00,380,1154
summary,2022-01-05,SPY,,,,,,,0.00,,0,,,,,,,,,,0.7454,2022-01-03T10:30:00+00:00,997,2336
summary,2022-01-05,QQQ,,,,,,,0.00,,0,,,,,,,,,,0.7304,2022-01-03T10:22:00+00:00,753,2270
summary,2022-01-05,AAPL,,,,,,,0.00,,0,,,,,,,,,,0.7301,2022-01-03T14:41:00+00:00,905,2311
summary,2022-01-05,NVDA,,,,,,,0.00,,0,,,,,,,,,,0.9019,2022-01-03T14:35:00+00:00,546,2135
summary,2022-01-05,MSFT,,,,,,,0.00,,0,,,,,,,,,,0.5309,2022-01-03T11:01:00+00:00,380,1745
summary,2022-01-06,SPY,,,,,,,0.00,,0,,,,,,,,,,0.4812,2022-01-03T14:37:00+00:00,1034,2996
summary,2022-01-06,QQQ,,,,,,,0.00,,0,,,,,,,,,,0.6862,2022-01-03T14:37:00+00:00,663,2922
summary,2022-01-06,AAPL,,,,,,,0.00,,0,,,,,,,,,,1.0000,2022-01-03T14:36:00+00:00,823,2962
summary,2022-01-06,NVDA,,,,,,,0.00,,0,,,,,,,,,,1.0000,2022-01-03T14:31:00+00:00,534,2765
summary,2022-01-06,MSFT,,,,,,,0.00,,0,,,,,,,,,,0.6808,2022-01-03T14:31:00+00:00,378,2340
summary,2022-01-07,SPY,,,,,,,0.00,,0,,,,,,,,,,0.3666,2022-01-04T14:41:00+00:00,254,3033
summary,2022-01-07,QQQ,,,,,,,0.00,,0,,,,,,,,,,0.4575,2022-01-04T20:49:00+00:00,232,2972
summary,2022-01-07,AAPL,,,,,,,0.00,,0,,,,,,,,,,0.5892,2022-01-04T14:56:00+00:00,25,2940
summary,2022-01-07,NVDA,,,,,,,0.00,,0,,,,,,,,,,0.7153,2022-01-04T20:38:00+00:00,643,2779
summary,2022-01-07,MSFT,,,,,,,0.00,,0,,,,,,,,,,0.4355,2022-01-04T20:49:00+00:00,25,2413
summary,2022-01-10,SPY,,,,,,,0.00,,0,,,,,,,,,,0.5639,2022-01-07T16:54:00+00:00,248,1132
summary,2022-01-10,QQQ,,,,,,,0.00,,0,,,,,,,,,,0.9103,2022-01-07T14:45:00+00:00,255,1130
summary,2022-01-10,AAPL,,,,,,,0.00,,0,,,,,,,,,,0.9397,2022-01-07T14:45:00+00:00,376,1130
trade,2022-01-10,NVDA,Long,2022-01-10T16:22:00+00:00,2022-01-10T16:23:00+00:00,261.8574,261.8025,274.15,-15.03,-0.000209,60000,SessionClose,0.5844,0.5856,0.5189,0.7209,0.3333,0.5304,0.7209,0.3333,,,
trade,2022-01-10,NVDA,Long,2022-01-10T16:25:00+00:00,2022-01-10T16:26:00+00:00,262.4097,262.3325,273.99,-21.14,-0.000294,60000,SessionClose,0.5816,0.6169,0.4901,0.7209,0.3333,0.4940,0.7791,0.3333,,,
trade,2022-01-10,NVDA,Long,2022-01-10T16:28:00+00:00,2022-01-10T16:29:00+00:00,262.6775,262.7024,286.18,7.13,0.000095,60000,SessionClose,0.6092,0.6138,0.4167,0.7791,0.3333,0.4634,0.7791,0.3333,,,
trade,2022-01-10,NVDA,Long,2022-01-10T18:26:00+00:00,2022-01-10T18:27:00+00:00,263.0376,263.7822,299.42,222.96,0.002831,60000,SessionClose,0.5825,0.5864,0.5710,0.7090,0.3333,0.6097,0.7090,0.3333,,,
trade,2022-01-10,NVDA,Long,2022-01-10T18:29:00+00:00,2022-01-10T18:30:00+00:00,263.9928,264.1622,312.96,53.01,0.000642,60000,SessionClose,0.5826,0.5777,0.5719,0.7090,0.3333,0.5224,0.7090,0.3333,,,
trade,2022-01-10,NVDA,Long,2022-01-10T18:41:00+00:00,2022-01-10T18:42:00+00:00,265.0374,264.8020,316.75,-74.55,-0.000888,60000,SessionClose,0.5802,0.5807,0.5023,0.7166,0.3333,0.5072,0.7166,0.3333,,,
trade,2022-01-10,NVDA,Long,2022-01-10T18:44:00+00:00,2022-01-10T18:45:00+00:00,265.1880,265.6619,313.51,148.55,0.001787,60000,SessionClose,0.5815,0.5885,0.5150,0.7166,0.3333,0.5856,0.7166,0.3333,,,
trade,2022-01-10,NVDA,Long,2022-01-10T18:47:00+00:00,2022-01-10T18:48:00+00:00,265.4282,265.8268,322.97,128.75,0.001502,60000,SessionClose,0.5967,0.6018,0.5247,0.7404,0.3333,0.5761,0.7404,0.3333,,,
trade,2022-01-10,NVDA,Long,2022-01-10T18:50:00+00:00,2022-01-10T18:51:00+00:00,266.1681,266.3817,331.56,70.82,0.000802,60000,SessionClose,0.6031,0.6757,0.5885,0.7404,0.3333,0.5628,0.8657,0.3333,,,
trade,2022-01-10,NVDA,Long,2022-01-10T18:53:00+00:00,2022-01-10T18:54:00+00:00,267.9586,267.8114,336.68,-49.54,-0.000549,60000,SessionClose,0.7606,0.7601,0.6208,0.8657,0.5969,0.6174,0.8657,0.5963,,,
summary,2022-01-10,NVDA,,,,,,,470.95,,10,,,,,,,,,,0.9115,2022-01-07T14:45:00+00:00,300,1143
summary,2022-01-10,MSFT,,,,,,,0.00,,0,,,,,,,,,,0.8914,2022-01-07T14:58:00+00:00,443,985
summary,2022-01-11,SPY,,,,,,,0.00,,0,,,,,,,,,,0.6436,2022-01-10T19:08:00+00:00,952,1534
trade,2022-01-11,QQQ,Long,2022-01-11T16:16:00+00:00,2022-01-11T16:17:00+00:00,383.6067,383.1484,292.02,-133.85,-0.001195,60000,SessionClose,0.6169,0.6103,0.6130,0.6047,0.6426,0.5466,0.6047,0.6426,,,
trade,2022-01-11,QQQ,Long,2022-01-11T16:19:00+00:00,2022-01-11T16:20:00+00:00,383.9868,383.5682,284.88,-119.25,-0.001090,60000,SessionClose,0.6150,0.6087,0.5938,0.6047,0.6426,0.5310,0.6047,0.6426,,,
trade,2022-01-11,QQQ,Long,2022-01-11T16:29:00+00:00,2022-01-11T16:30:00+00:00,383.6567,383.7866,278.42,36.17,0.000339,60000,SessionClose,0.5840,0.6007,0.3348,0.5961,0.6426,0.5023,0.5961,0.6426,,,
trade,2022-01-11,QQQ,Long,2022-01-11T16:36:00+00:00,2022-01-11T16:37:00+00:00,383.8918,384.1066,281.29,60.42,0.000560,60000,SessionClose,0.6310,0.6393,0.4430,0.6565,0.6426,0.5257,0.6565,0.6426,,,
trade,2022-01-11,QQQ,Long,2022-01-11T16:39:00+00:00,2022-01-11T16:40:00+00:00,384.6619,384.5881,285.54,-21.09,-0.000192,60000,SessionClose,0.6415,0.6417,0.5477,0.6565,0.6426,0.5501,0.6565,0.6426,,,
trade,2022-01-11,QQQ,Long,2022-01-11T16:42:00+00:00,2022-01-11T16:43:00+00:00,385.1520,385.1979,284.96,13.09,0.000119,60000,SessionClose,0.6503,0.6519,0.5681,0.6679,0.6426,0.5841,0.6679,0.6426,,,
trade,2022-01-11,QQQ,Long,2022-01-11T16:45:00+00:00,2022-01-11T16:46:00+00:00,385.3270,385.0180,286.61,-88.58,-0.000802,60000,SessionClose,0.6281,0.5296,0.3458,0.6679,0.6426,0.1716,0.5327,0.6426,,,
summary,2022-01-11,QQQ,,,,,,,-253.09,,7,,,,,,,,,,0.6841,2022-01-10T18:23:00+00:00,960,1546
summary,2022-01-11,AAPL,,,,,,,0.00,,0,,,,,,,,,,0.6469,2022-01-10T18:18:00+00:00,905,1472
summary,2022-01-11,NVDA,,,,,,,0.00,,0,,,,,,,,,,0.8815,2022-01-10T18:52:00+00:00,918,1479
trade,2022-01-11,MSFT,Long,2022-01-11T16:16:00+00:00,2022-01-11T16:17:00+00:00,315.0880,314.5321,282.32,-156.95,-0.001764,60000,SessionClose,0.6225,0.6131,0.6183,0.6083,0.6521,0.5252,0.6083,0.6521,,,
trade,2022-01-11,MSFT,Long,2022-01-11T16:19:00+00:00,2022-01-11T16:20:00+00:00,315.5781,315.2219,273.56,-97.43,-0.001129,60000,SessionClose,0.6215,0.6160,0.6087,0.6083,0.6521,0.5533,0.6083,0.6521,,,
summary,2022-01-11,MSFT,,,,,,,-254.38,,2,,,,,,,,,,0.7466,2022-01-10T18:24:00+00:00,714,1203
summary,2022-01-12,SPY,,,,,,,0.00,,0,,,,,,,,,,0.6436,2022-01-10T19:08:00+00:00,1529,2339
summary,2022-01-12,QQQ,,,,,,,0.00,,0,,,,,,,,,,0.6841,2022-01-10T18:23:00+00:00,1568,2400
summary,2022-01-12,AAPL,,,,,,,0.00,,0,,,,,,,,,,0.6469,2022-01-10T18:18:00+00:00,1497,2282
summary,2022-01-12,NVDA,,,,,,,0.00,,0,,,,,,,,,,0.8815,2022-01-10T18:52:00+00:00,1462,2202
summary,2022-01-12,MSFT,,,,,,,0.00,,0,,,,,,,,,,0.7466,2022-01-10T18:24:00+00:00,1147,1824
summary,2022-01-13,SPY,,,,,,,0.00,,0,,,,,,,,,,0.6415,2022-01-10T19:08:00+00:00,1960,2904
summary,2022-01-13,QQQ,,,,,,,0.00,,0,,,,,,,,,,0.6791,2022-01-10T18:23:00+00:00,1995,2979
summary,2022-01-13,AAPL,,,,,,,0.00,,0,,,,,,,,,,0.8583,2022-01-10T14:50:00+00:00,1936,2804
summary,2022-01-13,NVDA,,,,,,,0.00,,0,,,,,,,,,,0.8745,2022-01-10T18:52:00+00:00,1773,2685
summary,2022-01-13,MSFT,,,,,,,0.00,,0,,,,,,,,,,0.7426,2022-01-10T18:24:00+00:00,1350,2270
summary,2022-01-14,SPY,,,,,,,0.00,,0,,,,,,,,,,0.6642,2022-01-11T16:38:00+00:00,1548,2859
summary,2022-01-14,QQQ,,,,,,,0.00,,0,,,,,,,,,,0.9035,2022-01-11T15:05:00+00:00,1561,2994
summary,2022-01-14,AAPL,,,,,,,0.00,,0,,,,,,,,,,0.7954,2022-01-11T16:36:00+00:00,1492,2790
summary,2022-01-14,NVDA,,,,,,,0.00,,0,,,,,,,,,,1.0000,2022-01-11T14:36:00+00:00,1441,2655
summary,2022-01-14,MSFT,,,,,,,0.00,,0,,,,,,,,,,0.8938,2022-01-11T15:05:00+00:00,1067,2396
summary,2022-01-17,SPY,,,,,,,0.00,,0,,,,,,,,,,0.7904,2022-01-14T14:55:00+00:00,263,492
summary,2022-01-17,QQQ,,,,,,,0.00,,0,,,,,,,,,,0.9074,2022-01-14T14:40:00+00:00,289,474
summary,2022-01-17,AAPL,,,,,,,0.00,,0,,,,,,,,,,0.8967,2022-01-14T14:55:00+00:00,227,475
summary,2022-01-17,NVDA,,,,,,,0.00,,0,,,,,,,,,,1.0000,2022-01-14T14:31:00+00:00,253,477
summary,2022-01-17,MSFT,,,,,,,0.00,,0,,,,,,,,,,1.0000,2022-01-14T14:39:00+00:00,368,455
summary,2022-01-18,SPY,,,,,,,0.00,,0,,,,,,,,,,0.5527,2022-01-18T10:29:00+00:00,213,680
trade,2022-01-18,QQQ,Long,2022-01-18T15:09:00+00:00,2022-01-18T15:38:00+00:00,375.4401,374.2801,300.00,-347.98,-0.003090,1740000,ScoreExit,0.5856,-0.0552,0.6123,0.4032,0.9416,-0.5089,-0.0690,0.1237,,,
summary,2022-01-18,QQQ,,,,,,,-347.98,,1,,,,,,,,,,0.6156,2022-01-18T15:29:00+00:00,203,701
trade,2022-01-18,AAPL,Long,2022-01-18T14:30:00+00:00,2022-01-18T15:35:00+00:00,171.5393,171.6207,281.89,22.94,0.000474,3900000,ScoreExit,0.5876,-0.0599,0.5804,0.3827,1.0000,-0.5292,-0.0885,0.1539,,,
summary,2022-01-18,AAPL,,,,,,,22.94,,1,,,,,,,,,,0.6712,2022-01-18T10:13:00+00:00,201,660
summary,2022-01-18,NVDA,,,,,,,0.00,,0,,,,,,,,,,0.7140,2022-01-18T10:26:00+00:00,247,614
trade,2022-01-18,MSFT,Long,2022-01-18T15:06:00+00:00,2022-01-18T15:52:00+00:00,307.9966,307.3235,263.19,-177.14,-0.002185,2760000,ScoreExit,0.6953,-0.0628,0.6107,0.5571,1.0000,-0.5427,-0.3239,0.6194,,,
summary,2022-01-18,MSFT,,,,,,,-177.14,,1,,,,,,,,,,0.6953,2022-01-18T15:05:00+00:00,198,600
summary,2022-01-19,SPY,,,,,,,0.00,,0,,,,,,,,,,0.5527,2022-01-18T10:29:00+00:00,611,1555
summary,2022-01-19,QQQ,,,,,,,0.00,,0,,,,,,,,,,0.6156,2022-01-18T15:29:00+00:00,563,1592
summary,2022-01-19,AAPL,,,,,,,0.00,,0,,,,,,,,,,0.6712,2022-01-18T10:13:00+00:00,414,1469
summary,2022-01-19,NVDA,,,,,,,0.00,,0,,,,,,,,,,0.7140,2022-01-18T10:26:00+00:00,454,1403
trade,2022-01-19,MSFT,Long,2022-01-19T14:36:00+00:00,2022-01-19T15:36:00+00:00,307.0664,310.1230,288.53,881.92,0.009954,3600000,ScoreExit,0.6585,-0.0676,0.5637,0.5626,0.8819,-0.2326,-0.3555,0.5630,,,
trade,2022-01-19,MSFT,Long,2022-01-19T17:11:00+00:00,2022-01-19T17:12:00+00:00,309.7269,309.9687,342.29,82.75,0.000781,60000,SessionClose,0.5822,0.5872,0.5013,0.5077,0.7583,0.5515,0.5077,0.7583,,,
trade,2022-01-19,MSFT,Long,2022-01-19T17:27:00+00:00,2022-01-19T17:28:00+00:00,310.8672,310.7329,347.93,-46.70,-0.000432,60000,SessionClose,0.6231,0.6169,0.5749,0.5636,0.7583,0.5131,0.5636,0.7583,,,
trade,2022-01-19,MSFT,Long,2022-01-19T17:30:00+00:00,2022-01-19T17:31:00+00:00,311.1472,310.9428,345.67,-70.66,-0.000657,60000,SessionClose,0.6237,0.5287,0.5813,0.5636,0.7583,0.5484,0.4106,0.7583,,,
summary,2022-01-19,MSFT,,,,,,,847.31,,4,,,,,,,,,,0.8328,2022-01-19T14:57:00+00:00,564,1315
summary,2022-01-20,SPY,,,,,,,0.00,,0,,,,,,,,,,0.5527,2022-01-18T10:29:00+00:00,766,2458
summary,2022-01-20,QQQ,,,,,,,0.00,,0,,,,,,,,,,0.6156,2022-01-18T15:29:00+00:00,735,2509
summary,2022-01-20,AAPL,,,,,,,0.00,,0,,,,,,,,,,0.6712,2022-01-18T10:13:00+00:00,576,2328
summary,2022-01-20,NVDA,,,,,,,0.00,,0,,,,,,,,,,0.7140,2022-01-18T10:26:00+00:00,454,2212
summary,2022-01-20,MSFT,,,,,,,0.00,,0,,,,,,,,,,0.8328,2022-01-19T14:57:00+00:00,894,2047
summary,2022-01-21,SPY,,,,,,,0.00,,0,,,,,,,,,,0.5242,2022-01-18T15:10:00+00:00,542,3098
summary,2022-01-21,QQQ,,,,,,,0.00,,0,,,,,,,,,,0.9026,2022-01-18T15:10:00+00:00,559,3134
summary,2022-01-21,AAPL,,,,,,,0.00,,0,,,,,,,,,,0.7419,2022-01-18T15:29:00+00:00,388,2981
summary,2022-01-21,NVDA,,,,,,,0.00,,0,,,,,,,,,,1.0000,2022-01-18T14:41:00+00:00,402,2851
summary,2022-01-21,MSFT,,,,,,,0.00,,0,,,,,,,,,,1.0000,2022-01-18T14:38:00+00:00,779,2655
summary,2022-01-24,SPY,,,,,,,0.00,,0,,,,,,,,,,0.9625,2022-01-21T15:50:00+00:00,241,1217
trade,2022-01-24,QQQ,Long,2022-01-24T18:11:00+00:00,2022-01-24T18:12:00+00:00,342.0734,341.8266,319.44,-78.83,-0.000721,60000,SessionClose,0.6043,0.6000,0.5605,0.7935,0.2405,0.5170,0.7935,0.2405,,,
trade,2022-01-24,QQQ,Long,2022-01-24T18:14:00+00:00,2022-01-24T18:15:00+00:00,342.4035,342.5565,315.93,48.34,0.000447,60000,SessionClose,0.6067,0.6054,0.5845,0.7935,0.2405,0.5712,0.7935,0.2405,,,
trade,2022-01-24,QQQ,Long,2022-01-24T18:17:00+00:00,2022-01-24T18:18:00+00:00,343.4637,343.2663,324.46,-64.03,-0.000575,60000,SessionClose,0.6434,0.6387,0.5957,0.8528,0.2405,0.5489,0.8528,0.2405,,,
trade,2022-01-24,QQQ,Long,2022-01-24T18:20:00+00:00,2022-01-24T18:21:00+00:00,343.5937,342.8064,321.83,-253.37,-0.002291,60000,SessionClose,0.6376,0.3554,0.5373,0.8528,0.2405,0.0051,0.4711,0.2405,,,
summary,2022-01-24,QQQ,,,,,,,-347.89,,4,,,,,,,,,,0.9629,2022-01-21T15:50:00+00:00,308,1221
summary,2022-01-24,AAPL,,,,,,,0.00,,0,,,,,,,,,,0.9065,2022-01-21T14:31:00+00:00,244,1200
trade,2022-01-24,NVDA,Long,2022-01-24T18:05:00+00:00,2022-01-24T18:06:00+00:00,216.8684,216.7216,303.52,-44.53,-0.000677,60000,SessionClose,0.5919,0.6398,0.5603,0.7264,0.3333,0.5170,0.8135,0.3333,,,
trade,2022-01-24,NVDA,Long,2022-01-24T18:08:00+00:00,2022-01-24T18:09:00+00:00,218.3237,218.8002,297.29,141.68,0.002183,60000,SessionClose,0.6498,0.6506,0.6170,0.8135,0.3333,0.6249,0.8135,0.3333,,,
trade,2022-01-24,NVDA,Long,2022-01-24T18:11:00+00:00,2022-01-24T18:12:00+00:00,218.6187,218.5513,313.68,-21.15,-0.000308,60000,SessionClose,0.7268,0.7272,0.5405,0.9546,0.3333,0.5443,0.9546,0.3333,,,
trade,2022-01-24,NVDA,Long,2022-01-24T18:14:00+00:00,2022-01-24T18:15:00+00:00,218.9888,219.2511,313.07,82.13,0.001198,60000,SessionClose,0.7325,0.7321,0.5976,0.9546,0.3333,0.5936,0.9546,0.3333,,,
trade,2022-01-24,NVDA,Long,2022-01-24T18:17:00+00:00,2022-01-24T18:18:00+00:00,219.9189,219.8510,319.91,-21.71,-0.000309,60000,SessionClose,0.7356,0.7303,0.6002,0.9593,0.3333,0.5473,0.9593,0.3333,,,
trade,2022-01-24,NVDA,Long,2022-01-24T18:20:00+00:00,2022-01-24T18:21:00+00:00,219.9740,219.0112,319.61,-307.72,-0.004377,60000,SessionClose,0.7252,0.4052,0.4959,0.9593,0.3333,-0.2364,0.5481,0.3333,,,
trade,2022-01-24,NVDA,Long,2022-01-24T18:34:00+00:00,2022-01-24T18:35:00+00:00,218.7687,219.5511,268.48,210.04,0.003576,60000,SessionClose,0.5869,0.6045,0.4544,0.7357,0.3333,0.6304,0.7357,0.3333,,,
trade,2022-01-24,NVDA,Long,2022-01-24T18:39:00+00:00,2022-01-24T18:40:00+00:00,219.2188,219.9810,272.66,207.81,0.003477,60000,SessionClose,0.6000,0.6134,0.5195,0.7468,0.3333,0.6530,0.7468,0.3333,,,
trade,2022-01-24,NVDA,Long,2022-01-24T18:46:00+00:00,2022-01-24T18:47:00+00:00,219.6789,220.5409,275.12,237.14,0.003924,60000,SessionClose,0.6172,0.6312,0.3880,0.7974,0.3333,0.5276,0.7974,0.3333,,,
trade,2022-01-24,NVDA,Long,2022-01-24T18:49:00+00:00,2022-01-24T18:50:00+00:00,220.8392,221.7706,284.55,265.05,0.004218,60000,SessionClose,0.6385,0.6443,0.6005,0.7974,0.3333,0.6591,0.7974,0.3333,,,
trade,2022-01-24,NVDA,Long,2022-01-24T18:52:00+00:00,2022-01-24T18:53:00+00:00,222.2394,221.6312,312.10,-189.84,-0.002737,60000,SessionClose,0.6314,0.6045,0.5788,0.7891,0.3333,0.3104,0.7891,0.3333,,,
trade,2022-01-24,NVDA,Long,2022-01-24T18:55:00+00:00,2022-01-24T18:56:00+00:00,222.6695,221.9906,304.12,-206.48,-0.003049,60000,SessionClose,0.6347,0.5786,0.6122,0.7891,0.3333,0.2624,0.7539,0.3333,,,
trade,2022-01-24,NVDA,Long,2022-01-24T18:58:00+00:00,2022-01-24T18:59:00+00:00,222.5616,222.4855,311.39,-23.70,-0.000342,60000,SessionClose,0.5997,0.5991,0.4738,0.7539,0.3333,0.4672,0.7539,0.3333,,,
trade,2022-01-24,NVDA,Long,2022-01-24T20:11:00+00:00,2022-01-24T20:12:00+00:00,226.7203,226.8012,290.59,23.51,0.000357,60000,SessionClose,0.6269,0.6269,0.6134,0.7173,0.4506,0.6135,0.7173,0.4506,,,
trade,2022-01-24,NVDA,Long,2022-01-24T20:14:00+00:00,2022-01-24T20:15:00+00:00,227.2104,227.3085,291.52,28.60,0.000432,60000,SessionClose,0.6230,0.6217,0.5743,0.7173,0.4506,0.5609,0.7173,0.4506,,,
trade,2022-01-24,NVDA,Long,2022-01-24T20:17:00+00:00,2022-01-24T20:18:00+00:00,230.1310,228.5193,249.28,-401.77,-0.007004,60000,SessionClose,0.6961,0.6033,0.7115,0.6288,0.8256,0.3441,0.6288,0.6389,,,
trade,2022-01-24,NVDA,Long,2022-01-24T20:21:00+00:00,2022-01-24T20:22:00+00:00,228.5007,229.6491,232.88,267.44,0.005026,60000,SessionClose,0.6310,0.7305,0.2360,0.7081,0.6084,0.5792,0.7081,0.8256,,,
trade,2022-01-24,NVDA,Long,2022-01-24T20:24:00+00:00,2022-01-24T20:25:00+00:00,230.1210,228.9091,242.19,-293.51,-0.005266,60000,SessionClose,0.7341,0.6432,0.6161,0.7081,0.8256,0.0924,0.7081,0.6971,,,
trade,2022-01-24,NVDA,Long,2022-01-24T20:27:00+00:00,2022-01-24T20:28:00+00:00,230.6411,228.5093,232.15,-494.90,-0.009243,60000,SessionClose,0.7500,0.6223,0.6069,0.7360,0.8256,-0.1251,0.7360,0.6438,,,
trade,2022-01-24,NVDA,Long,2022-01-24T20:30:00+00:00,2022-01-24T20:31:00+00:00,228.7957,229.0392,215.84,52.54,0.001064,60000,SessionClose,0.6425,0.7412,-0.0253,0.7360,0.6781,0.1042,0.8578,0.7202,,,
summary,2022-01-24,NVDA,,,,,,,-489.37,,20,,,,,,,,,,1.0000,2022-01-21T14:31:00+00:00,516,1187
trade,2022-01-24,MSFT,Long,2022-01-24T18:01:00+00:00,2022-01-24T18:02:00+00:00,284.9720,284.1082,281.73,-243.36,-0.003031,60000,SessionClose,0.6014,0.5528,0.1268,0.8191,0.3241,-0.3590,0.8191,0.3241,,,
trade,2022-01-24,MSFT,Long,2022-01-24T18:04:00+00:00,2022-01-24T18:05:00+00:00,285.1720,285.5279,269.96,96.07,0.001248,60000,SessionClose,0.6187,0.6377,0.2996,0.8191,0.3241,0.4898,0.8191,0.3241,,,
trade,2022-01-24,MSFT,Long,2022-01-24T18:07:00+00:00,2022-01-24T18:08:00+00:00,286.0622,286.0378,264.43,-6.46,-0.000085,60000,SessionClose,0.6555,0.6551,0.5590,0.8373,0.3241,0.5551,0.8373,0.3241,,,
trade,2022-01-24,MSFT,Long,2022-01-24T18:10:00+00:00,2022-01-24T18:11:00+00:00,286.4223,287.0776,264.38,173.25,0.002288,60000,SessionClose,0.6252,0.7265,0.2560,0.8373,0.3241,0.5602,0.9555,0.3241,,,
trade,2022-01-24,MSFT,Long,2022-01-24T18:13:00+00:00,2022-01-24T18:14:00+00:00,287.2024,287.7874,264.61,154.80,0.002037,60000,SessionClose,0.7222,0.7310,0.5173,0.9555,0.3241,0.6051,0.9555,0.3241,,,
trade,2022-01-24,MSFT,Long,2022-01-24T18:16:00+00:00,2022-01-24T18:17:00+00:00,288.5577,289.6271,269.88,288.60,0.003706,60000,SessionClose,0.7263,0.7347,0.5642,0.9544,0.3241,0.6480,0.9544,0.3241,,,
trade,2022-01-24,MSFT,Long,2022-01-24T18:19:00+00:00,2022-01-24T18:20:00+00:00,289.5979,289.3971,284.10,-57.05,-0.000693,60000,SessionClose,0.7266,0.7239,0.5675,0.9544,0.3241,0.5402,0.9544,0.3241,,,
summary,2022-01-24,MSFT,,,,,,,405.85,,7,,,,,,,,,,1.0000,2022-01-21T14:31:00+00:00,353,1173
trade,2022-01-25,SPY,Long,2022-01-25T18:51:00+00:00,2022-01-25T18:52:00+00:00,435.5121,435.2379,301.28,-82.60,-0.000629,60000,SessionClose,0.5822,0.5786,0.5586,0.6181,0.5182,0.5232,0.6181,0.5182,,,
trade,2022-01-25,SPY,Long,2022-01-25T18:55:00+00:00,2022-01-25T18:56:00+00:00,436.0522,435.5479,297.15,-149.86,-0.001157,60000,SessionClose,0.5831,0.5593,0.5684,0.6181,0.5182,0.3047,0.6223,0.5182,,,
trade,2022-01-25,SPY,Long,2022-01-25T18:59:00+00:00,2022-01-25T19:00:00+00:00,436.1822,436.1977,289.07,4.49,0.000036,60000,SessionClose,0.5825,0.5840,0.5371,0.6223,0.5182,0.5521,0.6223,0.5182,,,
summary,2022-01-25,SPY,,,,,,,-227.97,,3,,,,,,,,,,0.8308,2022-01-24T20:58:00+00:00,799,1642
trade,2022-01-25,QQQ,Long,2022-01-25T18:59:00+00:00,2022-01-25T19:00:00+00:00,347.7245,347.8354,312.20,34.62,0.000319,60000,SessionClose,0.5872,0.5876,0.5464,0.6374,0.5003,0.5506,0.6374,0.5003,,,
summary,2022-01-25,QQQ,,,,,,,34.62,,1,,,,,,,,,,0.8654,2022-01-24T18:19:00+00:00,827,1668
trade,2022-01-25,AAPL,Long,2022-01-25T19:11:00+00:00,2022-01-25T19:12:00+00:00,160.4771,160.5445,300.00,20.22,0.000420,60000,SessionClose,0.6013,0.6052,0.4911,0.4874,0.8658,0.5301,0.4874,0.8658,,,
trade,2022-01-25,AAPL,Long,2022-01-25T19:14:00+00:00,2022-01-25T19:15:00+00:00,161.0272,160.9728,301.71,-16.41,-0.000338,60000,SessionClose,0.6085,0.6070,0.5628,0.4874,0.8658,0.5481,0.4874,0.8658,,,
trade,2022-01-25,AAPL,Long,2022-01-25T19:26:00+00:00,2022-01-25T19:27:00+00:00,161.2472,161.4327,300.98,55.82,0.001150,60000,SessionClose,0.5915,0.6273,0.1888,0.5214,0.8658,0.5469,0.5214,0.8658,,,
trade,2022-01-25,AAPL,Long,2022-01-25T19:29:00+00:00,2022-01-25T19:30:00+00:00,161.5073,161.6827,304.66,53.43,0.001086,60000,SessionClose,0.6192,0.6269,0.4657,0.5214,0.8658,0.5434,0.5214,0.8658,,,
trade,2022-01-25,AAPL,Long,2022-01-25T19:52:00+00:00,2022-01-25T19:53:00+00:00,162.2873,162.2587,308.21,-8.82,-0.000176,60000,SessionClose,0.5825,0.5806,0.5019,0.4543,0.8658,0.4824,0.4543,0.8658,,,
trade,2022-01-25,AAPL,Long,2022-01-25T19:55:00+00:00,2022-01-25T19:56:00+00:00,162.4275,162.5225,307.97,29.26,0.000585,60000,SessionClose,0.5829,0.5647,0.5060,0.4543,0.8658,0.5498,0.4167,0.8658,,,
summary,2022-01-25,AAPL,,,,,,,133.49,,6,,,,,,,,,,0.8012,2022-01-24T20:59:00+00:00,610,1598
summary,2022-01-25,NVDA,,,,,,,0.00,,0,,,,,,,,,,0.9356,2022-01-24T18:16:00+00:00,754,1550
summary,2022-01-25,MSFT,,,,,,,0.00,,0,,,,,,,,,,0.9375,2022-01-24T18:16:00+00:00,726,1505
summary,2022-01-26,SPY,,,,,,,0.00,,0,,,,,,,,,,0.8308,2022-01-24T20:58:00+00:00,1323,2562
summary,2022-01-26,QQQ,,,,,,,0.00,,0,,,,,,,,,,0.8654,2022-01-24T18:19:00+00:00,1364,2620
summary,2022-01-26,AAPL,,,,,,,0.00,,0,,,,,,,,,,0.8012,2022-01-24T20:59:00+00:00,1169,2517
summary,2022-01-26,NVDA,,,,,,,0.00,,0,,,,,,,,,,0.9356,2022-01-24T18:16:00+00:00,1353,2465
summary,2022-01-26,MSFT,,,,,,,0.00,,0,,,,,,,,,,0.9375,2022-01-24T18:16:00+00:00,1321,2442
summary,2022-01-27,SPY,,,,,,,0.00,,0,,,,,,,,,,0.8512,2022-01-24T20:58:00+00:00,1799,3167
summary,2022-01-27,QQQ,,,,,,,0.00,,0,,,,,,,,,,0.8688,2022-01-24T18:16:00+00:00,1843,3236
summary,2022-01-27,AAPL,,,,,,,0.00,,0,,,,,,,,,,0.8534,2022-01-24T14:39:00+00:00,1772,3101
summary,2022-01-27,NVDA,,,,,,,0.00,,0,,,,,,,,,,1.0000,2022-01-24T14:31:00+00:00,1847,3043
summary,2022-01-27,MSFT,,,,,,,0.00,,0,,,,,,,,,,0.9518,2022-01-25T23:10:00+00:00,1906,2955
summary,2022-01-28,SPY,,,,,,,0.00,,0,,,,,,,,,,0.8784,2022-01-25T15:48:00+00:00,1393,3136
summary,2022-01-28,QQQ,,,,,,,0.00,,0,,,,,,,,,,0.8252,2022-01-25T15:29:00+00:00,1472,3242
trade,2022-01-28,AAPL,Long,2022-01-28T16:16:00+00:00,2022-01-28T16:17:00+00:00,167.9186,168.0314,333.83,37.66,0.000672,60000,SessionClose,0.6168,0.6196,0.5577,0.6274,0.6152,0.5859,0.6274,0.6152,,,
trade,2022-01-28,AAPL,Long,2022-01-28T16:19:00+00:00,2022-01-28T16:20:00+00:00,168.5287,168.4913,336.48,-12.59,-0.000222,60000,SessionClose,0.6198,0.6190,0.5877,0.6274,0.6152,0.5802,0.6274,0.6152,,,
summary,2022-01-28,AAPL,,,,,,,25.07,,2,,,,,,,,,,0.9561,2022-01-25T15:48:00+00:00,2098,3148
summary,2022-01-28,NVDA,,,,,,,0.00,,0,,,,,,,,,,1.0000,2022-01-25T14:33:00+00:00,1332,3001
trade,2022-01-28,MSFT,Long,2022-01-28T15:56:00+00:00,2022-01-28T15:57:00+00:00,301.3253,301.1398,339.30,-62.94,-0.000616,60000,SessionClose,0.5929,0.5842,0.5344,0.7064,0.3854,0.4471,0.7064,0.3854,,,
trade,2022-01-28,MSFT,Long,2022-01-28T15:59:00+00:00,2022-01-28T16:00:00+00:00,301.9454,302.0946,336.14,50.15,0.000494,60000,SessionClose,0.5975,0.5964,0.5808,0.7064,0.3854,0.5693,0.7064,0.3854,,,
trade,2022-01-28,MSFT,Long,2022-01-28T16:16:00+00:00,2022-01-28T16:17:00+00:00,303.6357,303.8542,339.81,74.25,0.000720,60000,SessionClose,0.6304,0.6325,0.5978,0.6834,0.5355,0.6178,0.6834,0.5355,,,
trade,2022-01-28,MSFT,Long,2022-01-28T16:19:00+00:00,2022-01-28T16:20:00+00:00,303.9833,303.7142,345.14,-92.86,-0.000885,60000,SessionClose,0.6263,0.6239,0.5566,0.6834,0.5355,0.5327,0.6834,0.5355,,,
trade,2022-01-28,MSFT,Long,2022-01-28T20:21:00+00:00,2022-01-28T20:22:00+00:00,304.5559,304.5241,340.76,-10.84,-0.000104,60000,SessionClose,0.5882,0.5824,0.5798,0.5632,0.6410,0.5213,0.5632,0.6410,,,
trade,2022-01-28,MSFT,Long,2022-01-28T20:25:00+00:00,2022-01-28T20:26:00+00:00,304.7659,304.3741,341.07,-133.64,-0.001286,60000,SessionClose,0.5828,0.4468,0.5252,0.5632,0.6410,0.2234,0.3870,0.6410,,,
summary,2022-01-28,MSFT,,,,,,,-175.88,,6,,,,,,,,,,0.9986,2022-01-25T23:10:00+00:00,1900,2900
summary,2022-01-31,SPY,,,,,,,0.00,,0,,,,,,,,,,0.9499,2022-01-28T15:59:00+00:00,1004,1160
summary,2022-01-31,QQQ,,,,,,,0.00,,0,,,,,,,,,,0.9601,2022-01-28T15:54:00+00:00,1048,1177
trade,2022-01-31,AAPL,Long,2022-01-31T14:42:00+00:00,2022-01-31T15:56:00+00:00,171.8374,172.9404,306.57,338.16,0.006419,4440000,SessionClose,0.5819,0.3287,0.5938,0.4449,0.8519,0.4690,0.0968,0.7457,,,
summary,2022-01-31,AAPL,,,,,,,338.16,,1,,,,,,,,,,0.9588,2022-01-28T15:47:00+00:00,1113,1181
trade,2022-01-31,NVDA,Long,2022-01-31T19:26:00+00:00,2022-01-31T19:27:00+00:00,241.2732,241.2467,502.31,-13.31,-0.000110,60000,SessionClose,0.5982,0.6008,0.5453,0.4889,0.8344,0.5719,0.4889,0.8344,,,
trade,2022-01-31,NVDA,Long,2022-01-31T19:29:00+00:00,2022-01-31T19:30:00+00:00,241.5834,241.5067,502.32,-38.54,-0.000318,60000,SessionClose,0.6015,0.6011,0.5789,0.4889,0.8344,0.5746,0.4889,0.8344,,,
trade,2022-01-31,NVDA,Long,2022-01-31T19:32:00+00:00,2022-01-31T19:33:00+00:00,241.5354,241.5187,500.81,-8.37,-0.000069,60000,SessionClose,0.6145,0.6209,0.4972,0.5241,0.8344,0.5615,0.5241,0.8344,,,
trade,2022-01-31,NVDA,Long,2022-01-31T19:35:00+00:00,2022-01-31T19:36:00+00:00,241.8134,241.6967,500.92,-58.46,-0.000483,60000,SessionClose,0.6217,0.5810,0.5686,0.5241,0.8344,0.4900,0.4696,0.8344,,,
trade,2022-01-31,NVDA,Long,2022-01-31T19:38:00+00:00,2022-01-31T19:39:00+00:00,241.9534,241.7476,497.80,-102.42,-0.000850,60000,SessionClose,0.5845,0.5728,0.5245,0.4696,0.8344,0.4073,0.4696,0.8344,,,
trade,2022-01-31,NVDA,Long,2022-01-31T19:41:00+00:00,2022-01-31T19:42:00+00:00,242.1234,241.9466,492.58,-87.10,-0.000730,60000,SessionClose,0.6198,0.6165,0.5156,0.5299,0.8344,0.4820,0.5299,0.8344,,,
trade,2022-01-31,NVDA,Long,2022-01-31T19:45:00+00:00,2022-01-31T19:46:00+00:00,242.3135,242.2224,488.29,-44.44,-0.000376,60000,SessionClose,0.6224,0.4430,0.5411,0.5299,0.8344,0.4900,0.2395,0.8344,,,
summary,2022-01-31,NVDA,,,,,,,-352.63,,7,,,,,,,,,,0.9693,2022-01-28T15:49:00+00:00,946,1100
trade,2022-01-31,MSFT,Long,2022-01-31T14:56:00+00:00,2022-01-31T15:51:00+00:00,310.3371,308.7082,333.48,-543.18,-0.005249,3300000,ScoreExit,0.6071,-0.0518,0.6407,0.4964,0.8173,-0.3142,-0.3909,0.7137,,,
summary,2022-01-31,MSFT,,,,,,,-543.18,,1,,,,,,,,,,0.9593,2022-01-28T15:50:00+00:00,890,1044
summary,2022-02-01,SPY,,,,,,,0.00,,0,,,,,,,,,,0.6914,2022-01-31T15:09:00+00:00,1187,1519
summary,2022-02-01,QQQ,,,,,,,0.00,,0,,,,,,,,,,0.7799,2022-01-31T15:09:00+00:00,1230,1590
summary,2022-02-01,AAPL,,,,,,,0.00,,0,,,,,,,,,,0.7237,2022-01-31T15:00:00+00:00,1060,1521
summary,2022-02-01,NVDA,,,,,,,0.00,,0,,,,,,,,,,0.9949,2022-01-31T09:15:00+00:00,1114,1450
summary,2022-02-01,MSFT,,,,,,,0.00,,0,,,,,,,,,,0.7541,2022-01-31T15:08:00+00:00,420,1252
summary,2022-02-02,SPY,,,,,,,0.00,,0,,,,,,,,,,0.6914,2022-01-31T15:09:00+00:00,1862,2381
summary,2022-02-02,QQQ,,,,,,,0.00,,0,,,,,,,,,,0.7799,2022-01-31T15:09:00+00:00,1895,2496
summary,2022-02-02,AAPL,,,,,,,0.00,,0,,,,,,,,,,0.7237,2022-01-31T15:00:00+00:00,1627,2400
summary,2022-02-02,NVDA,,,,,,,0.00,,0,,,,,,,,,,0.9949,2022-01-31T09:15:00+00:00,1764,2328
trade,2022-02-02,MSFT,Long,2022-02-02T15:01:00+00:00,2022-02-02T15:52:00+00:00,314.3679,312.6225,292.09,-509.81,-0.005552,3060000,ScoreExit,0.5981,-0.0595,0.6076,0.7070,0.3772,-0.1979,-0.2548,0.3772,,,
summary,2022-02-02,MSFT,,,,,,,-509.81,,1,,,,,,,,,,0.7541,2022-01-31T15:08:00+00:00,974,2025
summary,2022-02-03,SPY,,,,,,,0.00,,0,,,,,,,,,,0.8950,2022-01-31T15:09:00+00:00,2125,2988
summary,2022-02-03,QQQ,,,,,,,0.00,,0,,,,,,,,,,0.9651,2022-01-31T14:41:00+00:00,1843,3129
summary,2022-02-03,AAPL,,,,,,,0.00,,0,,,,,,,,,,1.0000,2022-01-31T14:40:00+00:00,2000,2987
trade,2022-02-03,NVDA,Long,2022-02-03T15:15:00+00:00,2022-02-03T15:56:00+00:00,248.6647,248.6254,347.71,-13.69,-0.000158,2460000,SessionClose,0.5885,0.1638,0.6107,0.6640,0.4302,0.4771,-0.0217,0.4302,,,
summary,2022-02-03,NVDA,,,,,,,-13.69,,1,,,,,,,,,,1.0000,2022-01-31T14:34:00+00:00,1868,2941
summary,2022-02-03,MSFT,,,,,,,0.00,,0,,,,,,,,,,0.9104,2022-01-31T14:55:00+00:00,1080,2607
summary,2022-02-04,SPY,,,,,,,0.00,,0,,,,,,,,,,0.6065,2022-02-01T20:28:00+00:00,1346,3023
summary,2022-02-04,QQQ,,,,,,,0.00,,0,,,,,,,,,,0.6736,2022-02-01T21:29:00+00:00,1223,3159
summary,2022-02-04,AAPL,,,,,,,0.00,,0,,,,,,,,,,0.7523,2022-02-01T15:59:00+00:00,1642,3023
summary,2022-02-04,NVDA,,,,,,,0.00,,0,,,,,,,,,,0.9580,2022-02-01T21:27:00+00:00,1245,2887
summary,2022-02-04,MSFT,,,,,,,0.00,,0,,,,,,,,,,0.6701,2022-02-02T15:01:00+00:00,1291,2707
summary,2022-02-07,SPY,,,,,,,0.00,,0,,,,,,,,,,0.7089,2022-02-04T14:43:00+00:00,680,1136
summary,2022-02-07,QQQ,,,,,,,0.00,,0,,,,,,,,,,0.9369,2022-02-04T14:45:00+00:00,801,1160
summary,2022-02-07,AAPL,,,,,,,0.00,,0,,,,,,,,,,0.8932,2022-02-04T15:00:00+00:00,694,1074
summary,2022-02-07,NVDA,,,,,,,0.00,,0,,,,,,,,,,1.0000,2022-02-04T14:41:00+00:00,777,1013
summary,2022-02-07,MSFT,,,,,,,0.00,,0,,,,,,,,,,1.0000,2022-02-04T14:41:00+00:00,472,950
summary,2022-02-08,SPY,,,,,,,0.00,,0,,,,,,,,,,0.4670,2022-02-08T20:54:00+00:00,699,1460
summary,2022-02-08,QQQ,,,,,,,0.00,,0,,,,,,,,,,0.5761,2022-02-07T14:54:00+00:00,519,1508
summary,2022-02-08,AAPL,,,,,,,0.00,,0,,,,,,,,,,0.6844,2022-02-07T10:48:00+00:00,609,1353
trade,2022-02-08,NVDA,Long,2022-02-08T16:01:00+00:00,2022-02-08T16:02:00+00:00,246.4343,245.9258,309.23,-157.24,-0.002063,60000,SessionClose,0.5847,0.5544,0.5796,0.6369,0.4820,0.4586,0.6369,0.4214,,,
trade,2022-02-08,NVDA,Long,2022-02-08T16:08:00+00:00,2022-02-08T16:09:00+00:00,246.2392,246.6858,300.58,134.21,0.001813,60000,SessionClose,0.5809,0.6324,0.3161,0.6906,0.4497,0.5673,0.6906,0.5376,,,
trade,2022-02-08,NVDA,Long,2022-02-08T16:11:00+00:00,2022-02-08T16:12:00+00:00,246.9944,246.6457,309.38,-107.89,-0.001412,60000,SessionClose,0.6899,0.6416,0.5401,0.7742,0.5712,0.2089,0.7742,0.5206,,,
trade,2022-02-08,NVDA,Long,2022-02-08T16:14:00+00:00,2022-02-08T16:15:00+00:00,247.8746,247.8755,303.02,0.29,0.000004,60000,SessionClose,0.7258,0.7322,0.5326,0.7742,0.6934,0.5495,0.7742,0.7091,,,
trade,2022-02-08,NVDA,Long,2022-02-08T16:17:00+00:00,2022-02-08T16:18:00+00:00,248.2246,247.7853,303.71,-133.42,-0.001770,60000,SessionClose,0.6925,0.6691,0.5159,0.7136,0.7091,0.3169,0.7136,0.6975,,,
trade,2022-02-08,NVDA,Long,2022-02-08T16:20:00+00:00,2022-02-08T16:21:00+00:00,248.0546,247.5155,296.22,-159.69,-0.002173,60000,SessionClose,0.6722,0.6153,0.3128,0.7136,0.7091,-0.0552,0.7028,0.6637,,,
trade,2022-02-08,NVDA,Long,2022-02-08T16:23:00+00:00,2022-02-08T16:24:00+00:00,247.4845,247.4003,287.65,-24.21,-0.000340,60000,SessionClose,0.5900,0.5878,-0.2288,0.7028,0.6374,-0.2420,0.7028,0.6342,,,
trade,2022-02-08,NVDA,Long,2022-02-08T16:26:00+00:00,2022-02-08T16:27:00+00:00,248.1846,247.4556,286.54,-208.90,-0.002937,60000,SessionClose,0.6757,0.5915,0.4453,0.6973,0.7091,-0.2151,0.6973,0.6488,,,
trade,2022-02-08,NVDA,Long,2022-02-08T16:29:00+00:00,2022-02-08T16:30:00+00:00,247.9546,248.0054,274.78,13.96,0.000205,60000,SessionClose,0.6499,0.6602,0.1872,0.6973,0.7091,0.2907,0.6973,0.7091,,,
trade,2022-02-08,NVDA,Long,2022-02-08T16:32:00+00:00,2022-02-08T16:33:00+00:00,248.7647,248.7251,275.90,-10.93,-0.000159,60000,SessionClose,0.6781,0.6809,0.5246,0.6881,0.7091,0.5526,0.6881,0.7091,,,
trade,2022-02-08,NVDA,Long,2022-02-08T16:35:00+00:00,2022-02-08T16:36:00+00:00,248.5947,248.3272,275.78,-73.77,-0.001076,60000,SessionClose,0.6585,0.6054,0.3287,0.6881,0.7091,0.0724,0.6423,0.7091,,,
trade,2022-02-08,NVDA,Long,2022-02-08T16:38:00+00:00,2022-02-08T16:39:00+00:00,248.7117,248.4953,271.81,-58.83,-0.000870,60000,SessionClose,0.6176,0.6125,0.1943,0.6423,0.7091,0.1441,0.6423,0.7091,,,
summary,2022-02-08,NVDA,,,,,,,-786.41,,12,,,,,,,,,,0.7322,2022-02-08T16:14:00+00:00,800,1285
summary,2022-02-08,MSFT,,,,,,,0.00,,0,,,,,,,,,,0.8624,2022-02-07T12:34:00+00:00,382,1166
summary,2022-02-09,SPY,,,,,,,0.00,,0,,,,,,,,,,0.4670,2022-02-08T20:54:00+00:00,1359,2281
summary,2022-02-09,QQQ,,,,,,,0.00,,0,,,,,,,,,,0.5761,2022-02-07T14:54:00+00:00,1234,2382
summary,2022-02-09,AAPL,,,,,,,0.00,,0,,,,,,,,,,0.6844,2022-02-07T10:48:00+00:00,1237,2154
summary,2022-02-09,NVDA,,,,,,,0.00,,0,,,,,,,,,,0.7322,2022-02-08T16:14:00+00:00,1466,2060
summary,2022-02-09,MSFT,,,,,,,0.00,,0,,,,,,,,,,0.8624,2022-02-07T12:34:00+00:00,954,1819
summary,2022-02-10,SPY,,,,,,,0.00,,0,,,,,,,,,,0.5916,2022-02-07T15:34:00+00:00,1482,2850
summary,2022-02-10,QQQ,,,,,,,0.00,,0,,,,,,,,,,0.7790,2022-02-07T14:41:00+00:00,1452,2940
summary,2022-02-10,AAPL,,,,,,,0.00,,0,,,,,,,,,,0.8792,2022-02-07T14:42:00+00:00,1390,2687
trade,2022-02-10,NVDA,Long,2022-02-10T14:51:00+00:00,2022-02-10T15:56:00+00:00,263.0176,265.3519,299.31,698.70,0.008875,3900000,SessionClose,0.5960,0.0413,0.5117,0.6958,0.4245,-0.5314,-0.0854,0.4857,,,
summary,2022-02-10,NVDA,,,,,,,698.70,,1,,,,,,,,,,1.0000,2022-02-07T14:37:00+00:00,1831,2667
summary,2022-02-10,MSFT,,,,,,,0.00,,0,,,,,,,,,,0.6037,2022-02-07T14:32:00+00:00,1034,2299
summary,2022-02-11,SPY,,,,,,,0.00,,0,,,,,,,,,,0.8957,2022-02-08T16:04:00+00:00,1524,2892
summary,2022-02-11,QQQ,,,,,,,0.00,,0,,,,,,,,,,0.9564,2022-02-08T15:53:00+00:00,1591,2975
summary,2022-02-11,AAPL,,,,,,,0.00,,0,,,,,,,,,,0.9526,2022-02-08T16:02:00+00:00,1491,2725
summary,2022-02-11,NVDA,,,,,,,0.00,,0,,,,,,,,,,1.0000,2022-02-08T14:37:00+00:00,1605,2680
summary,2022-02-11,MSFT,,,,,,,0.00,,0,,,,,,,,,,0.9559,2022-02-08T16:02:00+00:00,1104,2307
summary,2022-02-14,SPY,,,,,,,0.00,,0,,,,,,,,,,0.7482,2022-02-11T14:46:00+00:00,43,1173
summary,2022-02-14,QQQ,,,,,,,0.00,,0,,,,,,,,,,0.7595,2022-02-11T14:46:00+00:00,185,1195
summary,2022-02-14,AAPL,,,,,,,0.00,,0,,,,,,,,,,0.5988,2022-02-11T14:46:00+00:00,414,1164
trade,2022-02-14,NVDA,Long,2022-02-14T14:31:00+00:00,2022-02-14T15:31:00+00:00,240.9277,244.3661,252.47,868.10,0.014272,3600000,ScoreExit,0.5809,-0.0685,0.6369,0.6953,0.3333,-0.0740,-0.2685,0.3333,,,
trade,2022-02-14,NVDA,Long,2022-02-14T16:17:00+00:00,2022-02-14T16:18:00+00:00,247.1443,246.9156,324.45,-74.21,-0.000925,60000,SessionClose,0.6267,0.5899,0.5637,0.4627,0.9758,0.3695,0.4627,0.9178,,,
trade,2022-02-14,NVDA,Long,2022-02-14T16:20:00+00:00,2022-02-14T16:21:00+00:00,247.6746,247.6355,319.20,-12.50,-0.000158,60000,SessionClose,0.6372,0.6742,0.5954,0.4627,1.0000,0.5757,0.5278,1.0000,,,
trade,2022-02-14,NVDA,Long,2022-02-14T16:23:00+00:00,2022-02-14T16:24:00+00:00,248.1145,247.9154,335.45,-66.79,-0.000802,60000,SessionClose,0.6763,0.6706,0.5966,0.5278,1.0000,0.5395,0.5278,1.0000,,,
trade,2022-02-14,NVDA,Long,2022-02-14T16:26:00+00:00,2022-02-14T16:27:00+00:00,247.7895,248.0304,342.07,82.38,0.000972,60000,SessionClose,0.6396,0.6756,0.1700,0.5377,1.0000,0.5302,0.5377,1.0000,,,
trade,2022-02-14,NVDA,Long,2022-02-14T16:29:00+00:00,2022-02-14T16:30:00+00:00,248.5947,248.3053,347.59,-100.59,-0.001164,60000,SessionClose,0.6780,0.6551,0.5540,0.5377,1.0000,0.3254,0.5377,1.0000,,,
trade,2022-02-14,NVDA,Long,2022-02-14T16:32:00+00:00,2022-02-14T16:33:00+00:00,248.1146,247.4555,341.30,-224.95,-0.002656,60000,SessionClose,0.6144,0.5698,-0.0258,0.5283,1.0000,-0.4722,0.5283,1.0000,,,
trade,2022-02-14,NVDA,Long,2022-02-14T16:35:00+00:00,2022-02-14T16:36:00+00:00,248.3028,248.1254,328.77,-58.35,-0.000715,60000,SessionClose,0.6452,0.5004,0.2823,0.5283,1.0000,0.2029,0.3001,1.0000,,,
summary,2022-02-14,NVDA,,,,,,,413.09,,8,,,,,,,,,,0.8813,2022-02-14T14:54:00+00:00,399,1154
summary,2022-02-14,MSFT,,,,,,,0.00,,0,,,,,,,,,,0.8113,2022-02-11T14:46:00+00:00,309,1076
summary,2022-02-15,SPY,,,,,,,0.00,,0,,,,,,,,,,0.6516,2022-02-15T09:19:00+00:00,1049,1559
summary,2022-02-15,QQQ,,,,,,,0.00,,0,,,,,,,,,,0.7335,2022-02-15T09:18:00+00:00,1195,1601
summary,2022-02-15,AAPL,,,,,,,0.00,,0,,,,,,,,,,0.6776,2022-02-14T13:01:00+00:00,1091,1452
summary,2022-02-15,NVDA,,,,,,,0.00,,0,,,,,,,,,,1.0000,2022-02-14T09:08:00+00:00,1168,1469
summary,2022-02-15,MSFT,,,,,,,0.00,,0,,,,,,,,,,0.8205,2022-02-14T10:23:00+00:00,903,1243
summary,2022-02-16,SPY,,,,,,,0.00,,0,,,,,,,,,,0.6516,2022-02-15T09:19:00+00:00,1578,2394
summary,2022-02-16,QQQ,,,,,,,0.00,,0,,,,,,,,,,0.7335,2022-02-15T09:18:00+00:00,1754,2458
summary,2022-02-16,AAPL,,,,,,,0.00,,0,,,,,,,,,,0.6776,2022-02-14T13:01:00+00:00,1550,2193
summary,2022-02-16,NVDA,,,,,,,0.00,,0,,,,,,,,,,1.0000,2022-02-14T09:08:00+00:00,1750,2323
summary,2022-02-16,MSFT,,,,,,,0.00,,0,,,,,,,,,,0.8205,2022-02-14T10:23:00+00:00,1200,1802
summary,2022-02-17,SPY,,,,,,,0.00,,0,,,,,,,,,,0.6465,2022-02-15T09:19:00+00:00,1635,2945
summary,2022-02-17,QQQ,,,,,,,0.00,,0,,,,,,,,,,0.8970,2022-02-14T14:52:00+00:00,1796,3001
summary,2022-02-17,AAPL,,,,,,,0.00,,0,,,,,,,,,,0.8932,2022-02-14T14:49:00+00:00,1608,2636
summary,2022-02-17,NVDA,,,,,,,0.00,,0,,,,,,,,,,1.0000,2022-02-14T14:34:00+00:00,1593,2958
summary,2022-02-17,MSFT,,,,,,,0.00,,0,,,,,,,,,,0.9077,2022-02-14T14:51:00+00:00,1104,2204
summary,2022-02-18,SPY,,,,,,,0.00,,0,,,,,,,,,,0.8173,2022-02-15T15:49:00+00:00,770,2907
summary,2022-02-18,QQQ,,,,,,,0.00,,0,,,,,,,,,,0.8717,2022-02-15T15:49:00+00:00,989,3000
summary,2022-02-18,AAPL,,,,,,,0.00,,0,,,,,,,,,,0.7223,2022-02-15T15:49:00+00:00,785,2634
summary,2022-02-18,NVDA,,,,,,,0.00,,0,,,,,,,,,,1.0000,2022-02-15T14:37:00+00:00,1116,2958
summary,2022-02-18,MSFT,,,,,,,0.00,,0,,,,,,,,,,0.8630,2022-02-15T15:49:00+00:00,359,2209
summary,2022-02-21,SPY,,,,,,,0.00,,0,,,,,,,,,,0.6135,2022-02-18T14:54:00+00:00,82,510
summary,2022-02-21,QQQ,,,,,,,0.00,,0,,,,,,,,,,0.7418,2022-02-18T14:54:00+00:00,62,506
summary,2022-02-21,AAPL,,,,,,,0.00,,0,,,,,,,,,,0.5043,2022-02-18T19:31:00+00:00,32,501
summary,2022-02-21,NVDA,,,,,,,0.00,,0,,,,,,,,,,0.8164,2022-02-18T19:28:00+00:00,66,504
summary,2022-02-21,MSFT,,,,,,,0.00,,0,,,,,,,,,,0.3795,2022-02-18T19:31:00+00:00,17,472
trade,2022-02-22,SPY,Long,2022-02-22T14:51:00+00:00,2022-02-22T15:42:00+00:00,434.2718,433.0784,358.20,-427.50,-0.002748,3060000,ScoreExit,0.5865,-0.0940,0.5930,0.4284,0.9007,-0.5835,-0.0637,0.0087,,,
trade,2022-02-22,SPY,Long,2022-02-22T20:03:00+00:00,2022-02-22T20:04:00+00:00,432.2914,432.4185,333.43,42.36,0.000294,60000,SessionClose,0.5997,0.6162,0.5413,0.7223,0.3739,0.5726,0.7223,0.4186,,,
summary,2022-02-22,SPY,,,,,,,-385.14,,2,,,,,,,,,,0.9569,2022-02-22T10:22:00+00:00,341,721
trade,2022-02-22,QQQ,Long,2022-02-22T14:46:00+00:00,2022-02-22T15:42:00+00:00,341.3132,341.3867,368.61,27.08,0.000215,3360000,ScoreExit,0.6593,-0.0746,0.6000,0.4988,1.0000,-0.5999,-0.1562,0.2639,,,
trade,2022-02-22,QQQ,Long,2022-02-22T19:54:00+00:00,2022-02-22T19:55:00+00:00,339.8330,339.2971,370.71,-198.64,-0.001577,60000,SessionClose,0.5923,0.5129,0.6388,0.6250,0.5115,0.5593,0.6250,0.2732,,,
trade,2022-02-22,QQQ,Long,2022-02-22T19:57:00+00:00,2022-02-22T19:58:00+00:00,340.1230,339.9370,359.49,-66.87,-0.000547,60000,SessionClose,0.6166,0.6076,0.6072,0.5927,0.6674,0.5705,0.5927,0.6497,,,
trade,2022-02-22,QQQ,Long,2022-02-22T20:01:00+00:00,2022-02-22T20:02:00+00:00,339.8730,340.1470,356.27,97.62,0.000806,60000,SessionClose,0.6347,0.6722,0.3950,0.7652,0.4534,0.5385,0.7652,0.5306,,,
trade,2022-02-22,QQQ,Long,2022-02-22T20:04:00+00:00,2022-02-22T20:05:00+00:00,341.3132,341.2167,362.69,-35.00,-0.000283,60000,SessionClose,0.7027,0.7019,0.5948,0.7652,0.6137,0.5864,0.7652,0.6137,,,
trade,2022-02-22,QQQ,Long,2022-02-22T20:11:00+00:00,2022-02-22T20:12:00+00:00,341.0532,341.1867,361.87,48.33,0.000392,60000,SessionClose,0.5834,0.6108,0.2449,0.6247,0.6137,0.5186,0.6247,0.6137,,,
trade,2022-02-22,QQQ,Long,2022-02-22T20:14:00+00:00,2022-02-22T20:15:00+00:00,341.2932,340.8868,366.32,-148.89,-0.001191,60000,SessionClose,0.5909,0.5548,0.3198,0.6247,0.6137,-0.0419,0.6247,0.6137,,,
summary,2022-02-22,QQQ,,,,,,,-276.37,,7,,,,,,,,,,0.9584,2022-02-22T10:23:00+00:00,386,717
trade,2022-02-22,AAPL,Long,2022-02-22T15:26:00+00:00,2022-02-22T15:42:00+00:00,166.1984,165.4419,345.84,-261.64,-0.004552,960000,ScoreExit,0.6051,-0.1166,0.2843,0.4612,1.0000,-0.5861,-0.1312,0.0693,,,
trade,2022-02-22,AAPL,Long,2022-02-22T20:03:00+00:00,2022-02-22T20:04:00+00:00,164.9180,165.0620,330.49,47.59,0.000873,60000,SessionClose,0.6066,0.6404,0.5376,0.5973,0.6482,0.5903,0.5973,0.7433,,,
trade,2022-02-22,AAPL,Long,2022-02-22T20:12:00+00:00,2022-02-22T20:13:00+00:00,165.1980,165.0020,333.72,-65.42,-0.001187,60000,SessionClose,0.5919,0.5397,0.5345,0.5096,0.7757,0.2146,0.5096,0.7085,,,
summary,2022-02-22,AAPL,,,,,,,-279.47,,3,,,,,,,,,,0.9584,2022-02-22T10:24:00+00:00,340,675
trade,2022-02-22,NVDA,Long,2022-02-22T14:41:00+00:00,2022-02-22T15:51:00+00:00,234.2318,235.5979,308.17,420.98,0.005832,4200000,ScoreExit,0.8005,-0.1399,0.6297,0.7292,1.0000,-0.5431,-0.3295,0.3736,,,
trade,2022-02-22,NVDA,Long,2022-02-22T19:51:00+00:00,2022-02-22T19:52:00+00:00,234.7419,234.9079,322.01,53.44,0.000707,60000,SessionClose,0.7023,0.7703,0.5241,0.7313,0.7037,0.5704,0.7313,0.9149,,,
trade,2022-02-22,NVDA,Long,2022-02-22T19:54:00+00:00,2022-02-22T19:55:00+00:00,236.9624,236.2227,324.73,-240.18,-0.003121,60000,SessionClose,0.8075,0.7997,0.6873,0.7313,1.0000,0.6085,0.7313,1.0000,,,
trade,2022-02-22,NVDA,Long,2022-02-22T19:57:00+00:00,2022-02-22T19:58:00+00:00,237.2225,236.7526,324.12,-152.30,-0.001981,60000,SessionClose,0.7521,0.7415,0.6479,0.6455,1.0000,0.5418,0.6455,1.0000,,,
trade,2022-02-22,NVDA,Long,2022-02-22T20:00:00+00:00,2022-02-22T20:01:00+00:00,236.3523,236.6177,316.56,84.02,0.001123,60000,SessionClose,0.7007,0.8755,0.1334,0.6455,1.0000,0.3939,0.8935,1.0000,,,
trade,2022-02-22,NVDA,Long,2022-02-22T20:03:00+00:00,2022-02-22T20:04:00+00:00,238.4202,238.6673,308.95,76.34,0.001036,60000,SessionClose,0.8953,0.9001,0.5923,0.8935,1.0000,0.6399,0.8935,1.0000,,,
trade,2022-02-22,NVDA,Long,2022-02-22T20:06:00+00:00,2022-02-22T20:07:00+00:00,238.1526,237.7174,322.96,-140.54,-0.001827,60000,SessionClose,0.7087,0.6843,0.3085,0.6298,1.0000,0.0647,0.6298,1.0000,,,
trade,2022-02-22,NVDA,Long,2022-02-22T20:09:00+00:00,2022-02-22T20:10:00+00:00,238.0426,237.1976,316.29,-267.28,-0.003550,60000,SessionClose,0.6970,0.6483,0.1910,0.6298,1.0000,-0.2954,0.6298,1.0000,,,
trade,2022-02-22,NVDA,Long,2022-02-22T20:12:00+00:00,2022-02-22T20:13:00+00:00,238.3422,237.8274,310.49,-159.82,-0.002160,60000,SessionClose,0.7293,0.6959,0.4070,0.6477,1.0000,0.0725,0.6477,1.0000,,,
trade,2022-02-22,NVDA,Long,2022-02-22T20:15:00+00:00,2022-02-22T20:16:00+00:00,237.6730,238.1574,302.28,146.40,0.002038,60000,SessionClose,0.6682,0.6234,-0.2044,0.6477,1.0000,0.2183,0.5027,1.0000,,,
trade,2022-02-22,NVDA,Long,2022-02-22T20:18:00+00:00,2022-02-22T20:19:00+00:00,237.9284,237.4775,308.48,-139.09,-0.001895,60000,SessionClose,0.5945,0.5632,-0.0705,0.5027,1.0000,-0.3841,0.5027,1.0000,,,
summary,2022-02-22,NVDA,,,,,,,-318.04,,11,,,,,,,,,,0.9636,2022-02-22T10:14:00+00:00,398,697
trade,2022-02-22,MSFT,Long,2022-02-22T14:41:00+00:00,2022-02-22T15:56:00+00:00,286.7723,288.4873,358.99,615.65,0.005980,4500000,SessionClose,0.5926,-0.0454,0.4299,0.4915,0.8490,-0.4673,-0.3175,0.6394,,,
trade,2022-02-22,MSFT,Long,2022-02-22T19:53:00+00:00,2022-02-22T19:54:00+00:00,288.8978,289.0572,396.82,63.26,0.000552,60000,SessionClose,0.6630,0.6640,0.6048,0.5042,1.0000,0.6149,0.5042,1.0000,,,
trade,2022-02-22,MSFT,Long,2022-02-22T19:58:00+00:00,2022-02-22T19:59:00+00:00,288.8127,288.3473,400.89,-186.59,-0.001612,60000,SessionClose,0.5990,0.4692,0.4637,0.4211,1.0000,-0.0002,0.4211,0.7218,,,
trade,2022-02-22,MSFT,Long,2022-02-22T20:02:00+00:00,2022-02-22T20:03:00+00:00,288.5627,289.0872,389.25,204.15,0.001818,60000,SessionClose,0.5949,0.6402,0.2212,0.5854,0.7386,0.5145,0.5854,0.7917,,,
trade,2022-02-22,MSFT,Long,2022-02-22T20:05:00+00:00,2022-02-22T20:06:00+00:00,289.4629,289.0472,401.30,-166.82,-0.001436,60000,SessionClose,0.6426,0.4964,0.5381,0.5854,0.7917,0.2117,0.3962,0.7917,,,
trade,2022-02-22,MSFT,Long,2022-02-22T20:12:00+00:00,2022-02-22T20:13:00+00:00,289.5629,289.4171,391.68,-57.11,-0.000504,60000,SessionClose,0.5875,0.5839,0.5371,0.4938,0.7917,0.5005,0.4938,0.7917,,,
summary,2022-02-22,MSFT,,,,,,,472.55,,6,,,,,,,,,,0.9613,2022-02-22T10:39:00+00:00,293,608
summary,2022-02-23,SPY,,,,,,,0.00,,0,,,,,,,,,,0.9569,2022-02-22T10:22:00+00:00,748,1599
summary,2022-02-23,QQQ,,,,,,,0.00,,0,,,,,,,,,,0.9584,2022-02-22T10:23:00+00:00,892,1655
summary,2022-02-23,AAPL,,,,,,,0.00,,0,,,,,,,,,,0.9584,2022-02-22T10:24:00+00:00,713,1469
summary,2022-02-23,NVDA,,,,,,,0.00,,0,,,,,,,,,,0.9636,2022-02-22T10:14:00+00:00,772,1460
summary,2022-02-23,MSFT,,,,,,,0.00,,0,,,,,,,,,,0.9613,2022-02-22T10:39:00+00:00,547,1195
summary,2022-02-24,SPY,,,,,,,0.00,,0,,,,,,,,,,0.9569,2022-02-22T10:22:00+00:00,866,2549
trade,2022-02-24,QQQ,Long,2022-02-24T18:50:00+00:00,2022-02-24T18:51:00+00:00,333.7017,333.4683,357.76,-83.51,-0.000700,60000,SessionClose,0.5804,0.4430,0.6141,0.6479,0.4343,0.5450,0.4349,0.4252,,,
trade,2022-02-24,QQQ,Long,2022-02-24T19:31:00+00:00,2022-02-24T19:32:00+00:00,334.4519,334.2281,353.51,-79.09,-0.000669,60000,SessionClose,0.5819,0.5787,0.5560,0.5487,0.6569,0.5414,0.5487,0.6509,,,
trade,2022-02-24,QQQ,Long,2022-02-24T19:34:00+00:00,2022-02-24T19:35:00+00:00,334.7619,335.2079,349.32,155.80,0.001332,60000,SessionClose,0.5931,0.5995,0.5747,0.5487,0.6881,0.5985,0.5487,0.7012,,,
trade,2022-02-24,QQQ,Long,2022-02-24T19:37:00+00:00,2022-02-24T19:38:00+00:00,335.8622,335.7678,359.73,-33.93,-0.000281,60000,SessionClose,0.6212,0.6183,0.6163,0.5821,0.7012,0.5872,0.5821,0.7012,,,
trade,2022-02-24,QQQ,Long,2022-02-24T19:40:00+00:00,2022-02-24T19:41:00+00:00,336.4723,335.5779,358.15,-320.34,-0.002658,60000,SessionClose,0.6197,0.4197,0.6011,0.5821,0.7012,0.1222,0.3286,0.7012,,,
summary,2022-02-24,QQQ,,,,,,,-361.08,,5,,,,,,,,,,0.9584,2022-02-22T10:23:00+00:00,1184,2612
summary,2022-02-24,AAPL,,,,,,,0.00,,0,,,,,,,,,,0.9584,2022-02-22T10:24:00+00:00,936,2415
trade,2022-02-24,NVDA,Long,2022-02-24T14:31:00+00:00,2022-02-24T15:56:00+00:00,212.0575,224.9500,233.23,3006.96,0.060797,5100000,SessionClose,0.5877,0.3364,0.5468,0.8768,0.0232,0.6335,0.3577,0.1949,,,
trade,2022-02-24,NVDA,Long,2022-02-24T18:49:00+00:00,2022-02-24T18:50:00+00:00,227.4420,228.4693,464.68,477.38,0.004517,60000,SessionClose,0.5903,0.6210,0.5809,0.7347,0.3047,0.6106,0.7347,0.3970,,,
trade,2022-02-24,NVDA,Long,2022-02-24T19:31:00+00:00,2022-02-24T19:32:00+00:00,229.3409,229.1642,536.59,-94.82,-0.000770,60000,SessionClose,0.5898,0.5929,0.5075,0.6496,0.4976,0.5206,0.6496,0.5034,,,
trade,2022-02-24,NVDA,Long,2022-02-24T19:34:00+00:00,2022-02-24T19:35:00+00:00,229.6953,230.2189,532.23,278.68,0.002280,60000,SessionClose,0.6125,0.6328,0.5618,0.6496,0.5552,0.6018,0.6496,0.6095,,,
trade,2022-02-24,NVDA,Long,2022-02-24T19:37:00+00:00,2022-02-24T19:38:00+00:00,230.9111,230.7188,545.65,-104.89,-0.000832,60000,SessionClose,0.6385,0.6335,0.6266,0.6550,0.6095,0.5765,0.6550,0.6095,,,
trade,2022-02-24,NVDA,Long,2022-02-24T19:40:00+00:00,2022-02-24T19:41:00+00:00,231.5513,230.5989,539.32,-513.66,-0.004113,60000,SessionClose,0.6378,0.4077,0.6193,0.6550,0.6095,0.1538,0.3490,0.6095,,,
trade,2022-02-24,NVDA,Long,2022-02-24T19:51:00+00:00,2022-02-24T19:52:00+00:00,231.2312,230.9788,517.76,-130.70,-0.001092,60000,SessionClose,0.5814,0.5654,0.2764,0.6181,0.6095,0.1166,0.6181,0.6095,,,
trade,2022-02-24,NVDA,Long,2022-02-24T19:54:00+00:00,2022-02-24T19:55:00+00:00,231.5513,231.6687,510.64,59.93,0.000507,60000,SessionClose,0.6042,0.6081,0.5051,0.6181,0.6095,0.5440,0.6181,0.6095,,,
trade,2022-02-24,NVDA,Long,2022-02-24T20:03:00+00:00,2022-02-24T20:04:00+00:00,232.1464,232.2485,515.63,52.66,0.000440,60000,SessionClose,0.5942,0.5978,0.5484,0.5932,0.6115,0.5845,0.5932,0.6115,,,
trade,2022-02-24,NVDA,Long,2022-02-24T20:14:00+00:00,2022-02-24T20:15:00+00:00,233.2916,233.2483,518.81,-22.47,-0.000186,60000,SessionClose,0.5855,0.5823,0.5358,0.5808,0.6115,0.5037,0.5808,0.6115,,,
trade,2022-02-24,NVDA,Long,2022-02-24T20:17:00+00:00,2022-02-24T20:18:00+00:00,233.5817,233.5983,518.04,8.58,0.000071,60000,SessionClose,0.6686,0.6707,0.4662,0.7309,0.6115,0.4871,0.7309,0.6115,,,
trade,2022-02-24,NVDA,Long,2022-02-24T20:20:00+00:00,2022-02-24T20:21:00+00:00,234.2518,233.5883,520.12,-345.14,-0.002833,60000,SessionClose,0.6783,0.5257,0.5633,0.7309,0.6115,0.0797,0.5572,0.6115,,,
summary,2022-02-24,NVDA,,,,,,,2672.51,,12,,,,,,,,,,0.9636,2022-02-22T10:14:00+00:00,1127,2373
trade,2022-02-24,MSFT,Long,2022-02-24T15:16:00+00:00,2022-02-24T15:56:00+00:00,279.7009,282.8984,328.72,1051.09,0.011432,2400000,SessionClose,0.6713,0.3377,0.5686,0.8819,0.2845,0.5607,0.3192,0.3004,,,
trade,2022-02-24,MSFT,Long,2022-02-24T16:16:00+00:00,2022-02-24T16:17:00+00:00,284.3419,284.8230,452.46,217.71,0.001692,60000,SessionClose,0.6007,0.6237,0.5521,0.6488,0.5209,0.5955,0.6488,0.5831,,,
trade,2022-02-24,MSFT,Long,2022-02-24T16:19:00+00:00,2022-02-24T16:20:00+00:00,285.8823,286.0828,466.30,93.50,0.000701,60000,SessionClose,0.6468,0.6500,0.5945,0.6488,0.6604,0.6258,0.6488,0.6604,,,
trade,2022-02-24,MSFT,Long,2022-02-24T18:47:00+00:00,2022-02-24T18:48:00+00:00,286.5623,286.1578,472.29,-191.06,-0.001412,60000,SessionClose,0.6282,0.6073,0.4598,0.6320,0.6768,0.2505,0.6320,0.6768,,,
trade,2022-02-24,MSFT,Long,2022-02-24T18:50:00+00:00,2022-02-24T18:51:00+00:00,288.1626,287.9074,462.27,-117.98,-0.000886,60000,SessionClose,0.6436,0.4875,0.6139,0.6320,0.6768,0.5215,0.3873,0.6768,,,
summary,2022-02-24,MSFT,,,,,,,1053.25,,5,,,,,,,,,,0.9613,2022-02-22T10:39:00+00:00,929,2011
summary,2022-02-25,SPY,,,,,,,0.00,,0,,,,,,,,,,0.9018,2022-02-22T14:49:00+00:00,1340,3142
summary,2022-02-25,QQQ,,,,,,,0.00,,0,,,,,,,,,,0.9410,2022-02-22T14:46:00+00:00,1630,3208
summary,2022-02-25,AAPL,,,,,,,0.00,,0,,,,,,,,,,0.9001,2022-02-22T14:49:00+00:00,1335,2975
summary,2022-02-25,NVDA,,,,,,,0.00,,0,,,,,,,,,,1.0000,2022-02-22T14:40:00+00:00,1498,2900
summary,2022-02-25,MSFT,,,,,,,0.00,,0,,,,,,,,,,1.0000,2022-02-22T14:36:00+00:00,1306,2479
summary,2022-02-28,SPY,,,,,,,0.00,,0,,,,,,,,,,0.9585,2022-02-25T15:46:00+00:00,723,1200
summary,2022-02-28,QQQ,,,,,,,0.00,,0,,,,,,,,,,0.9610,2022-02-25T15:47:00+00:00,762,1221
summary,2022-02-28,AAPL,,,,,,,0.00,,0,,,,,,,,,,0.9586,2022-02-25T15:47:00+00:00,751,1131
trade,2022-02-28,NVDA,Long,2022-02-28T14:55:00+00:00,2022-02-28T15:56:00+00:00,240.3679,244.4361,341.94,1391.08,0.016925,3660000,SessionClose,0.5974,0.5710,0.5467,0.4046,1.0000,0.0996,0.4351,1.0000,,,
trade,2022-02-28,NVDA,Long,2022-02-28T15:58:00+00:00,2022-02-28T15:59:00+00:00,244.9540,245.0960,402.56,57.16,0.000580,60000,SessionClose,0.5857,0.5967,0.2462,0.4351,1.0000,0.3558,0.4351,1.0000,,,
trade,2022-02-28,NVDA,Long,2022-02-28T16:01:00+00:00,2022-02-28T16:02:00+00:00,245.1040,244.6661,417.17,-182.70,-0.001787,60000,SessionClose,0.6191,0.5891,0.2646,0.4878,1.0000,-0.0356,0.4878,1.0000,,,
trade,2022-02-28,NVDA,Long,2022-02-28T16:04:00+00:00,2022-02-28T16:05:00+00:00,244.9670,245.0460,407.30,32.18,0.000322,60000,SessionClose,0.6062,0.6296,0.1346,0.4878,1.0000,0.3691,0.4878,1.0000,,,
trade,2022-02-28,NVDA,Long,2022-02-28T20:21:00+00:00,2022-02-28T20:22:00+00:00,240.8332,241.0268,423.27,81.96,0.000804,60000,SessionClose,0.5990,0.6187,0.5328,0.4986,0.8220,0.5818,0.4986,0.8714,,,
trade,2022-02-28,NVDA,Long,2022-02-28T20:25:00+00:00,2022-02-28T20:26:00+00:00,240.8632,240.4969,428.36,-156.90,-0.001521,60000,SessionClose,0.5948,0.4403,0.4506,0.4986,0.8352,0.0652,0.3273,0.7914,,,
summary,2022-02-28,NVDA,,,,,,,1222.77,,6,,,,,,,,,,1.0000,2022-02-25T14:33:00+00:00,747,1078
summary,2022-02-28,MSFT,,,,,,,0.00,,0,,,,,,,,,,0.8986,2022-02-25T15:11:00+00:00,625,980
summary,2022-03-01,SPY,,,,,,,0.00,,0,,,,,,,,,,0.6901,2022-02-28T09:09:00+00:00,760,1608
summary,2022-03-01,QQQ,,,,,,,0.00,,0,,,,,,,,,,0.8053,2022-02-28T09:09:00+00:00,837,1612
summary,2022-03-01,AAPL,,,,,,,0.00,,0,,,,,,,,,,0.9316,2022-02-28T09:08:00+00:00,776,1403
summary,2022-03-01,NVDA,,,,,,,0.00,,0,,,,,,,,,,1.0000,2022-02-28T09:07:00+00:00,620,1314
summary,2022-03-01,MSFT,,,,,,,0.00,,0,,,,,,,,,,0.7336,2022-02-28T20:59:00+00:00,517,1120
summary,2022-03-02,SPY,,,,,,,0.00,,0,,,,,,,,,,0.6901,2022-02-28T09:09:00+00:00,1213,2496
summary,2022-03-02,QQQ,,,,,,,0.00,,0,,,,,,,,,,0.8053,2022-02-28T09:09:00+00:00,1246,2491
summary,2022-03-02,AAPL,,,,,,,0.00,,0,,,,,,,,,,0.9316,2022-02-28T09:08:00+00:00,1159,2179
summary,2022-03-02,NVDA,,,,,,,0.00,,0,,,,,,,,,,1.0000,2022-02-28T09:07:00+00:00,991,2011
summary,2022-03-02,MSFT,,,,,,,0.00,,0,,,,,,,,,,0.7336,2022-02-28T20:59:00+00:00,932,1702
summary,2022-03-03,SPY,,,,,,,0.00,,0,,,,,,,,,,0.9548,2022-02-28T15:42:00+00:00,1664,3058
summary,2022-03-03,QQQ,,,,,,,0.00,,0,,,,,,,,,,0.9598,2022-02-28T15:42:00+00:00,1382,3025
summary,2022-03-03,AAPL,,,,,,,0.00,,0,,,,,,,,,,0.9527,2022-02-28T15:56:00+00:00,1495,2670
summary,2022-03-03,NVDA,,,,,,,0.00,,0,,,,,,,,,,0.9594,2022-02-28T15:42:00+00:00,1172,2512
summary,2022-03-03,MSFT,,,,,,,0.00,,0,,,,,,,,,,0.9601,2022-02-28T15:42:00+00:00,1079,2168
summary,2022-03-04,SPY,,,,,,,0.00,,0,,,,,,,,,,0.5536,2022-03-02T16:13:00+00:00,1284,3047
summary,2022-03-04,QQQ,,,,,,,0.00,,0,,,,,,,,,,0.7714,2022-03-01T15:21:00+00:00,926,3036
summary,2022-03-04,AAPL,,,,,,,0.00,,0,,,,,,,,,,0.9842,2022-03-01T14:36:00+00:00,1130,2699
summary,2022-03-04,NVDA,,,,,,,0.00,,0,,,,,,,,,,0.8883,2022-03-01T15:32:00+00:00,927,2534
summary,2022-03-04,MSFT,,,,,,,0.00,,0,,,,,,,,,,0.8982,2022-03-01T14:50:00+00:00,674,2171
summary,2022-03-07,SPY,,,,,,,0.00,,0,,,,,,,,,,0.6346,2022-03-04T18:04:00+00:00,353,1194
summary,2022-03-07,QQQ,,,,,,,0.00,,0,,,,,,,,,,0.6340,2022-03-04T18:04:00+00:00,153,1185
summary,2022-03-07,AAPL,,,,,,,0.00,,0,,,,,,,,,,0.6017,2022-03-04T18:07:00+00:00,323,1151
summary,2022-03-07,NVDA,,,,,,,0.00,,0,,,,,,,,,,1.0000,2022-03-04T14:37:00+00:00,155,1083
summary,2022-03-07,MSFT,,,,,,,0.00,,0,,,,,,,,,,0.7299,2022-03-04T17:17:00+00:00,245,998
trade,2022-03-08,SPY,Long,2022-03-08T17:11:00+00:00,2022-03-08T17:12:00+00:00,421.2692,421.5707,324.28,97.75,0.000716,60000,SessionClose,0.5857,0.6008,0.5700,0.7050,0.3522,0.5907,0.7050,0.3958,,,
trade,2022-03-08,SPY,Long,2022-03-08T17:14:00+00:00,2022-03-08T17:15:00+00:00,422.4095,422.8904,331.12,159.25,0.001139,60000,SessionClose,0.6185,0.6373,0.5961,0.7050,0.4528,0.6069,0.7050,0.5120,,,
trade,2022-03-08,SPY,Long,2022-03-08T17:17:00+00:00,2022-03-08T17:18:00+00:00,423.4697,423.5003,341.56,10.45,0.000072,60000,SessionClose,0.7123,0.7181,0.5812,0.8165,0.5476,0.5889,0.8165,0.5642,,,
trade,2022-03-08,SPY,Long,2022-03-08T17:20:00+00:00,2022-03-08T17:21:00+00:00,424.2998,423.9802,343.00,-109.64,-0.000753,60000,SessionClose,0.7239,0.5831,0.5549,0.8165,0.5950,0.5151,0.5885,0.5950,,,
trade,2022-03-08,SPY,Long,2022-03-08T17:29:00+00:00,2022-03-08T17:30:00+00:00,423.4697,423.7002,319.48,73.66,0.000544,60000,SessionClose,0.6315,0.6563,0.2899,0.7331,0.5422,0.4194,0.7331,0.5817,,,
trade,2022-03-08,SPY,Long,2022-03-08T17:32:00+00:00,2022-03-08T17:33:00+00:00,423.3997,423.3703,325.32,-9.55,-0.000069,60000,SessionClose,0.6222,0.6402,0.0397,0.7638,0.5333,0.1751,0.7638,0.5482,,,
trade,2022-03-08,SPY,Long,2022-03-08T17:35:00+00:00,2022-03-08T17:36:00+00:00,424.7499,424.1302,325.61,-201.80,-0.001459,60000,SessionClose,0.6949,0.6597,0.5817,0.7638,0.5950,0.3541,0.7430,0.5950,,,
trade,2022-03-08,SPY,Long,2022-03-08T17:38:00+00:00,2022-03-08T17:39:00+00:00,424.5499,424.4801,329.38,-22.99,-0.000164,60000,SessionClose,0.6746,0.6772,0.5036,0.7430,0.5950,0.5295,0.7430,0.5950,,,
trade,2022-03-08,SPY,Long,2022-03-08T17:41:00+00:00,2022-03-08T17:42:00+00:00,424.4399,424.2001,331.07,-79.37,-0.000565,60000,SessionClose,0.6064,0.5919,0.1335,0.6910,0.5950,-0.0115,0.6910,0.5950,,,
trade,2022-03-08,SPY,Long,2022-03-08T17:44:00+00:00,2022-03-08T17:45:00+00:00,425.2500,424.8800,326.90,-120.96,-0.000870,60000,SessionClose,0.6472,0.6391,0.5417,0.6910,0.5950,0.4605,0.6910,0.5950,,,
trade,2022-03-08,SPY,Long,2022-03-08T17:47:00+00:00,2022-03-08T17:48:00+00:00,425.2600,424.9700,320.63,-93.00,-0.000682,60000,SessionClose,0.5928,0.5772,0.4875,0.6093,0.5950,0.3314,0.6093,0.5950,,,
trade,2022-03-08,SPY,Long,2022-03-08T17:54:00+00:00,2022-03-08T17:55:00+00:00,425.3300,425.4599,315.91,41.02,0.000305,60000,SessionClose,0.5882,0.5970,0.4876,0.6016,0.5950,0.5753,0.6016,0.5950,,,
summary,2022-03-08,SPY,,,,,,,-255.19,,12,,,,,,,,,,0.7295,2022-03-08T17:18:00+00:00,342,1620
trade,2022-03-08,QQQ,Long,2022-03-08T17:11:00+00:00,2022-03-08T17:12:00+00:00,326.2002,326.6197,281.89,118.24,0.001286,60000,SessionClose,0.6460,0.6680,0.5920,0.7672,0.4218,0.6119,0.7672,0.4882,,,
trade,2022-03-08,QQQ,Long,2022-03-08T17:14:00+00:00,2022-03-08T17:15:00+00:00,327.4805,328.0794,289.37,173.30,0.001829,60000,SessionClose,0.6928,0.7198,0.6136,0.7672,0.5704,0.6264,0.7672,0.6560,,,
trade,2022-03-08,QQQ,Long,2022-03-08T17:17:00+00:00,2022-03-08T17:18:00+00:00,328.7807,328.9292,280.17,41.59,0.000452,60000,SessionClose,0.8361,0.8467,0.6101,0.9328,0.7179,0.6114,0.9328,0.7530,,,
trade,2022-03-08,QQQ,Long,2022-03-08T17:20:00+00:00,2022-03-08T17:21:00+00:00,330.1110,330.0190,283.15,-26.06,-0.000279,60000,SessionClose,0.8469,0.7139,0.6063,0.9328,0.7553,0.5877,0.7143,0.7553,,,
trade,2022-03-08,QQQ,Long,2022-03-08T17:23:00+00:00,2022-03-08T17:24:00+00:00,329.1008,328.4893,278.40,-170.24,-0.001858,60000,SessionClose,0.6495,0.6086,-0.0364,0.7143,0.7487,-0.2756,0.7143,0.6920,,,
trade,2022-03-08,QQQ,Long,2022-03-08T17:26:00+00:00,2022-03-08T17:27:00+00:00,328.1006,327.7800,265.46,-85.10,-0.000977,60000,SessionClose,0.6460,0.6320,-0.4301,0.8327,0.6312,-0.5112,0.8327,0.6117,,,
trade,2022-03-08,QQQ,Long,2022-03-08T17:29:00+00:00,2022-03-08T17:30:00+00:00,329.2208,329.4491,261.48,59.69,0.000693,60000,SessionClose,0.7453,0.7654,0.1953,0.8327,0.7538,0.3919,0.8327,0.7553,,,
trade,2022-03-08,QQQ,Long,2022-03-08T17:32:00+00:00,2022-03-08T17:33:00+00:00,328.8608,328.9078,260.76,12.27,0.000143,60000,SessionClose,0.7315,0.7520,-0.1524,0.8865,0.7161,-0.0126,0.8865,0.7376,,,
trade,2022-03-08,QQQ,Long,2022-03-08T17:35:00+00:00,2022-03-08T17:36:00+00:00,330.7111,330.0590,261.74,-170.69,-0.001972,60000,SessionClose,0.8190,0.8065,0.6054,0.8865,0.7553,0.3803,0.9032,0.7553,,,
trade,2022-03-08,QQQ,Long,2022-03-08T17:38:00+00:00,2022-03-08T17:39:00+00:00,330.7111,330.6589,257.91,-13.48,-0.000158,60000,SessionClose,0.8269,0.8251,0.5838,0.9032,0.7553,0.5656,0.9032,0.7553,,,
trade,2022-03-08,QQQ,Long,2022-03-08T17:41:00+00:00,2022-03-08T17:42:00+00:00,330.8812,330.3389,269.74,-146.27,-0.001639,60000,SessionClose,0.7743,0.7451,0.3064,0.8618,0.7553,0.0145,0.8618,0.7553,,,
trade,2022-03-08,QQQ,Long,2022-03-08T17:44:00+00:00,2022-03-08T17:45:00+00:00,331.1812,331.2787,262.39,25.59,0.000294,60000,SessionClose,0.7921,0.8000,0.4848,0.8618,0.7553,0.5634,0.8618,0.7553,,,
trade,2022-03-08,QQQ,Long,2022-03-08T17:47:00+00:00,2022-03-08T17:48:00+00:00,331.7613,331.5387,276.07,-61.47,-0.000671,60000,SessionClose,0.7465,0.7427,0.5107,0.7814,0.7553,0.4730,0.7814,0.7553,,,
trade,2022-03-08,QQQ,Long,2022-03-08T17:50:00+00:00,2022-03-08T17:51:00+00:00,331.5913,330.4389,273.13,-314.76,-0.003475,60000,SessionClose,0.7298,0.6317,0.3441,0.7814,0.7553,-0.5185,0.7616,0.7553,,,
summary,2022-03-08,QQQ,,,,,,,-557.41,,14,,,,,,,,,,0.8502,2022-03-08T17:18:00+00:00,355,1611
trade,2022-03-08,AAPL,Long,2022-03-08T17:11:00+00:00,2022-03-08T17:12:00+00:00,158.5767,158.8232,335.40,82.68,0.001555,60000,SessionClose,0.5867,0.5894,0.5741,0.6455,0.4735,0.6006,0.6455,0.4735,,,
trade,2022-03-08,AAPL,Long,2022-03-08T17:14:00+00:00,2022-03-08T17:15:00+00:00,159.1968,159.5524,340.73,121.15,0.002233,60000,SessionClose,0.5885,0.6104,0.5918,0.6455,0.4735,0.6118,0.6455,0.5398,,,
trade,2022-03-08,AAPL,Long,2022-03-08T17:17:00+00:00,2022-03-08T17:18:00+00:00,159.8570,159.9330,348.38,26.49,0.000476,60000,SessionClose,0.7088,0.7199,0.6009,0.7835,0.5954,0.6023,0.7835,0.6319,,,
trade,2022-03-08,AAPL,Long,2022-03-08T17:20:00+00:00,2022-03-08T17:21:00+00:00,160.6821,160.4030,350.46,-97.82,-0.001737,60000,SessionClose,0.7671,0.6187,0.6053,0.7835,0.7883,0.5498,0.5701,0.7389,,,
trade,2022-03-08,AAPL,Long,2022-03-08T17:26:00+00:00,2022-03-08T17:27:00+00:00,159.7069,159.6897,344.98,-5.96,-0.000108,60000,SessionClose,0.5876,0.5991,-0.2708,0.7475,0.5540,-0.2129,0.7475,0.5729,,,
trade,2022-03-08,AAPL,Long,2022-03-08T17:29:00+00:00,2022-03-08T17:30:00+00:00,160.5471,160.8278,345.04,96.86,0.001749,60000,SessionClose,0.7219,0.7581,0.4742,0.7475,0.7531,0.5737,0.7475,0.8408,,,
trade,2022-03-08,AAPL,Long,2022-03-08T17:32:00+00:00,2022-03-08T17:33:00+00:00,160.3671,160.4029,351.35,12.59,0.000224,60000,SessionClose,0.6591,0.6798,0.0044,0.7426,0.7102,0.1346,0.7426,0.7359,,,
trade,2022-03-08,AAPL,Long,2022-03-08T17:35:00+00:00,2022-03-08T17:36:00+00:00,161.0622,160.8078,352.39,-89.64,-0.001579,60000,SessionClose,0.7565,0.7521,0.5637,0.7426,0.8485,0.3762,0.7754,0.8307,,,
trade,2022-03-08,AAPL,Long,2022-03-08T17:38:00+00:00,2022-03-08T17:39:00+00:00,161.2072,161.2127,347.35,1.92,0.000034,60000,SessionClose,0.7780,0.7754,0.5820,0.7754,0.8485,0.5556,0.7754,0.8485,,,
trade,2022-03-08,AAPL,Long,2022-03-08T17:41:00+00:00,2022-03-08T17:42:00+00:00,161.3573,161.2527,347.88,-36.36,-0.000648,60000,SessionClose,0.7709,0.7584,0.4475,0.7860,0.8485,0.3225,0.7860,0.8485,,,
trade,2022-03-08,AAPL,Long,2022-03-08T17:44:00+00:00,2022-03-08T17:45:00+00:00,161.7173,161.8326,345.99,39.89,0.000713,60000,SessionClose,0.7836,0.7846,0.5745,0.7860,0.8485,0.5849,0.7860,0.8485,,,
trade,2022-03-08,AAPL,Long,2022-03-08T17:47:00+00:00,2022-03-08T17:48:00+00:00,162.0474,161.9126,348.82,-47.02,-0.000832,60000,SessionClose,0.7317,0.7290,0.5408,0.7050,0.8485,0.5147,0.7050,0.8485,,,
trade,2022-03-08,AAPL,Long,2022-03-08T17:50:00+00:00,2022-03-08T17:51:00+00:00,161.8974,161.2627,346.49,-219.90,-0.003920,60000,SessionClose,0.7092,0.6481,0.3159,0.7050,0.8485,-0.4219,0.7262,0.8485,,,
trade,2022-03-08,AAPL,Long,2022-03-08T17:53:00+00:00,2022-03-08T17:54:00+00:00,161.6773,161.8926,333.64,71.83,0.001332,60000,SessionClose,0.6968,0.7315,0.0658,0.7262,0.8485,0.4120,0.7262,0.8485,,,
trade,2022-03-08,AAPL,Long,2022-03-08T17:58:00+00:00,2022-03-08T17:59:00+00:00,161.8224,161.6527,338.27,-57.40,-0.001049,60000,SessionClose,0.5803,0.5617,0.1155,0.5236,0.8485,-0.0700,0.5236,0.8485,,,
summary,2022-03-08,AAPL,,,,,,,-100.69,,15,,,,,,,,,,0.7846,2022-03-08T17:44:00+00:00,384,1540
trade,2022-03-08,NVDA,Long,2022-03-08T15:56:00+00:00,2022-03-08T15:57:00+00:00,213.9478,214.1772,251.44,57.67,0.001072,60000,SessionClose,0.6609,0.6628,0.6655,0.8848,0.2115,0.6849,0.8848,0.2115,,,
trade,2022-03-08,NVDA,Long,2022-03-08T15:59:00+00:00,2022-03-08T16:00:00+00:00,215.5881,215.9418,254.13,89.88,0.001641,60000,SessionClose,0.6650,0.6743,0.7065,0.8848,0.2115,0.7033,0.8848,0.2437,,,
trade,2022-03-08,NVDA,Long,2022-03-08T16:02:00+00:00,2022-03-08T16:03:00+00:00,216.2282,216.1519,265.99,-20.32,-0.000353,60000,SessionClose,0.6307,0.6284,0.6382,0.9339,0.0218,0.6045,0.9339,0.0254,,,
trade,2022-03-08,NVDA,Long,2022-03-08T16:05:00+00:00,2022-03-08T16:06:00+00:00,216.8584,215.7318,265.61,-299.21,-0.005195,60000,SessionClose,0.6500,0.0000,0.5960,0.9339,0.1004,0.1536,0.7245,-0.0501,,,
trade,2022-03-08,NVDA,Long,2022-03-08T17:11:00+00:00,2022-03-08T17:12:00+00:00,216.2281,216.5867,301.19,107.99,0.001658,60000,SessionClose,0.6268,0.6616,0.5064,0.6326,0.6553,0.6063,0.6326,0.7380,,,
trade,2022-03-08,NVDA,Long,2022-03-08T17:14:00+00:00,2022-03-08T17:15:00+00:00,217.0184,217.1491,307.06,40.12,0.000602,60000,SessionClose,0.6760,0.6892,0.5860,0.6326,0.7929,0.5859,0.6326,0.8368,,,
trade,2022-03-08,NVDA,Long,2022-03-08T17:17:00+00:00,2022-03-08T17:18:00+00:00,217.4585,217.9214,285.06,131.96,0.002129,60000,SessionClose,0.8194,0.8319,0.5647,0.8335,0.8761,0.5888,0.8335,0.9097,,,
trade,2022-03-08,NVDA,Long,2022-03-08T17:20:00+00:00,2022-03-08T17:21:00+00:00,219.6689,219.6211,291.80,-13.97,-0.000218,60000,SessionClose,0.8369,0.7500,0.6384,0.8335,0.9097,0.6106,0.6935,0.9097,,,
trade,2022-03-08,NVDA,Long,2022-03-08T17:23:00+00:00,2022-03-08T17:24:00+00:00,218.5587,218.2163,290.15,-99.33,-0.001566,60000,SessionClose,0.6943,0.6722,0.0527,0.6935,0.9097,-0.1679,0.6935,0.9097,,,
trade,2022-03-08,NVDA,Long,2022-03-08T17:26:00+00:00,2022-03-08T17:27:00+00:00,217.7735,217.1616,281.32,-172.17,-0.002810,60000,SessionClose,0.6897,0.6528,-0.3844,0.7586,0.9097,-0.5108,0.7586,0.8289,,,
trade,2022-03-08,NVDA,Long,2022-03-08T17:29:00+00:00,2022-03-08T17:30:00+00:00,218.4887,218.8411,273.64,96.44,0.001613,60000,SessionClose,0.7388,0.7559,0.1073,0.7586,0.9097,0.2777,0.7586,0.9097,,,
trade,2022-03-08,NVDA,Long,2022-03-08T17:32:00+00:00,2022-03-08T17:33:00+00:00,217.8486,217.9214,276.73,20.16,0.000334,60000,SessionClose,0.7272,0.7419,-0.3404,0.8139,0.9097,-0.1939,0.8139,0.9097,,,
trade,2022-03-08,NVDA,Long,2022-03-08T17:35:00+00:00,2022-03-08T17:36:00+00:00,219.6189,218.5813,277.59,-288.04,-0.004725,60000,SessionClose,0.8115,0.7776,0.5028,0.8139,0.9097,-0.0030,0.8416,0.9097,,,
trade,2022-03-08,NVDA,Long,2022-03-08T17:38:00+00:00,2022-03-08T17:39:00+00:00,219.4722,219.3391,261.57,-34.80,-0.000606,60000,SessionClose,0.8235,0.8283,0.4560,0.8416,0.9097,0.5040,0.8416,0.9097,,,
trade,2022-03-08,NVDA,Long,2022-03-08T17:41:00+00:00,2022-03-08T17:42:00+00:00,219.9340,219.2611,266.87,-179.56,-0.003059,60000,SessionClose,0.8177,0.7759,0.4079,0.8399,0.9097,-0.0096,0.8399,0.9097,,,
trade,2022-03-08,NVDA,Long,2022-03-08T17:44:00+00:00,2022-03-08T17:45:00+00:00,220.3606,220.5809,258.47,56.94,0.001000,60000,SessionClose,0.8322,0.8382,0.5530,0.8399,0.9097,0.6130,0.8399,0.9097,,,
trade,2022-03-08,NVDA,Long,2022-03-08T17:47:00+00:00,2022-03-08T17:48:00+00:00,221.1993,221.6707,259.57,122.34,0.002131,60000,SessionClose,0.8510,0.8525,0.5802,0.8667,0.9097,0.5949,0.8667,0.9097,,,
trade,2022-03-08,NVDA,Long,2022-03-08T17:50:00+00:00,2022-03-08T17:51:00+00:00,221.7994,220.2559,265.76,-410.17,-0.006959,60000,SessionClose,0.8474,0.7444,0.5447,0.8667,0.9097,-0.3693,0.8474,0.9097,,,
trade,2022-03-08,NVDA,Long,2022-03-08T17:53:00+00:00,2022-03-08T17:54:00+00:00,220.4491,221.5757,243.13,273.91,0.005110,60000,SessionClose,0.7536,0.8263,-0.2773,0.8474,0.9097,0.4495,0.8474,0.9097,,,
trade,2022-03-08,NVDA,Long,2022-03-08T17:56:00+00:00,2022-03-08T17:57:00+00:00,221.2092,220.7408,268.51,-125.77,-0.002117,60000,SessionClose,0.6656,0.6390,0.0797,0.6412,0.9097,-0.1858,0.6412,0.9097,,,
trade,2022-03-08,NVDA,Long,2022-03-08T17:59:00+00:00,2022-03-08T18:00:00+00:00,221.0092,221.2707,262.70,68.71,0.001183,60000,SessionClose,0.6423,0.6674,-0.1535,0.6412,0.9097,0.0975,0.6412,0.9097,,,
trade,2022-03-08,NVDA,Long,2022-03-08T18:02:00+00:00,2022-03-08T18:03:00+00:00,222.3395,222.7604,266.93,112.37,0.001893,60000,SessionClose,0.7227,0.7285,0.5598,0.7500,0.7225,0.6183,0.7500,0.7225,,,
trade,2022-03-08,NVDA,Long,2022-03-08T18:05:00+00:00,2022-03-08T18:06:00+00:00,223.2796,222.4805,272.43,-217.71,-0.003579,60000,SessionClose,0.7287,0.5690,0.6203,0.7500,0.7225,0.1780,0.5575,0.7225,,,
trade,2022-03-08,NVDA,Long,2022-03-08T18:08:00+00:00,2022-03-08T18:09:00+00:00,223.3697,223.0404,277.56,-91.40,-0.001474,60000,SessionClose,0.6087,0.5952,0.5751,0.5575,0.7225,0.4397,0.5575,0.7225,,,
summary,2022-03-08,NVDA,,,,,,,-773.94,,24,,,,,,,,,,0.8979,2022-03-07T09:08:00+00:00,443,1422
summary,2022-03-08,MSFT,,,,,,,0.00,,0,,,,,,,,,,0.9099,2022-03-08T17:18:00+00:00,397,1267
summary,2022-03-09,SPY,,,,,,,0.00,,0,,,,,,,,,,0.7295,2022-03-08T17:18:00+00:00,912,2562
summary,2022-03-09,QQQ,,,,,,,0.00,,0,,,,,,,,,,0.8502,2022-03-08T17:18:00+00:00,962,2533
summary,2022-03-09,AAPL,,,,,,,0.00,,0,,,,,,,,,,0.7846,2022-03-08T17:44:00+00:00,933,2434
trade,2022-03-09,NVDA,Long,2022-03-09T15:01:00+00:00,2022-03-09T15:56:00+00:00,226.0802,227.4595,325.78,449.35,0.006101,3300000,SessionClose,0.6302,0.0219,0.5771,0.6523,0.6035,-0.4327,-0.1931,0.6035,,,
summary,2022-03-09,NVDA,,,,,,,449.35,,1,,,,,,,,,,0.8979,2022-03-07T09:08:00+00:00,1061,2246
summary,2022-03-09,MSFT,,,,,,,0.00,,0,,,,,,,,,,0.9099,2022-03-08T17:18:00+00:00,897,1941
summary,2022-03-10,SPY,,,,,,,0.00,,0,,,,,,,,,,0.7136,2022-03-08T17:18:00+00:00,1192,3155
summary,2022-03-10,QQQ,,,,,,,0.00,,0,,,,,,,,,,0.8422,2022-03-08T17:18:00+00:00,1174,3135
summary,2022-03-10,AAPL,,,,,,,0.00,,0,,,,,,,,,,0.7775,2022-03-07T14:31:00+00:00,945,3000
summary,2022-03-10,NVDA,,,,,,,0.00,,0,,,,,,,,,,0.8727,2022-03-09T09:20:00+00:00,1445,2785
summary,2022-03-10,MSFT,,,,,,,0.00,,0,,,,,,,,,,0.9140,2022-03-08T17:18:00+00:00,1197,2476
summary,2022-03-11,SPY,,,,,,,0.00,,0,,,,,,,,,,0.8564,2022-03-08T17:18:00+00:00,1669,3085
summary,2022-03-11,QQQ,,,,,,,0.00,,0,,,,,,,,,,1.0000,2022-03-08T14:35:00+00:00,1685,3098
summary,2022-03-11,AAPL,,,,,,,0.00,,0,,,,,,,,,,1.0000,2022-03-08T14:35:00+00:00,1181,2973
summary,2022-03-11,NVDA,,,,,,,0.00,,0,,,,,,,,,,0.9936,2022-03-08T14:35:00+00:00,1773,2718
summary,2022-03-11,MSFT,,,,,,,0.00,,0,,,,,,,,,,0.9581,2022-03-08T17:11:00+00:00,1439,2349
summary,2022-03-14,SPY,,,,,,,0.00,,0,,,,,,,,,,0.4430,2022-03-11T15:57:00+00:00,138,1180
summary,2022-03-14,QQQ,,,,,,,0.00,,0,,,,,,,,,,0.1049,2022-03-11T14:50:00+00:00,8,1191
summary,2022-03-14,AAPL,,,,,,,0.00,,0,,,,,,,,,,0.4828,2022-03-11T14:35:00+00:00,42,1194
summary,2022-03-14,NVDA,,,,,,,0.00,,0,,,,,,,,,,0.4956,2022-03-11T14:30:00+00:00,105,1059
trade,2022-03-14,MSFT,Long,2022-03-14T14:12:00+00:00,2022-03-14T15:11:00+00:00,284.7820,283.7282,298.75,-314.82,-0.003700,3540000,ScoreExit,0.5942,-0.1584,0.5833,0.5669,0.6524,-0.5206,-0.3637,0.3727,,,
summary,2022-03-14,MSFT,,,,,,,-314.82,,1,,,,,,,,,,0.8330,2022-03-11T15:51:00+00:00,132,1012
summary,2022-03-15,SPY,,,,,,,0.00,,0,,,,,,,,,,0.6295,2022-03-14T14:59:00+00:00,657,1568
trade,2022-03-15,QQQ,Long,2022-03-15T14:38:00+00:00,2022-03-15T15:56:00+00:00,324.4499,324.7100,275.38,71.65,0.000802,4680000,SessionClose,0.5827,0.0095,0.5601,0.5455,0.6645,-0.5891,-0.2058,0.6396,,,
trade,2022-03-15,QQQ,Long,2022-03-15T19:16:00+00:00,2022-03-15T19:17:00+00:00,326.8604,326.9397,280.21,22.23,0.000243,60000,SessionClose,0.5844,0.5849,0.5374,0.5234,0.7221,0.5419,0.5234,0.7221,,,
trade,2022-03-15,QQQ,Long,2022-03-15T19:19:00+00:00,2022-03-15T19:20:00+00:00,327.5005,327.4195,282.39,-22.87,-0.000247,60000,SessionClose,0.5880,0.5857,0.5727,0.5234,0.7221,0.5502,0.5234,0.7221,,,
trade,2022-03-15,QQQ,Long,2022-03-15T19:22:00+00:00,2022-03-15T19:23:00+00:00,327.7805,327.6795,281.65,-28.47,-0.000308,60000,SessionClose,0.5821,0.5787,0.5657,0.5148,0.7221,0.5315,0.5148,0.7221,,,
summary,2022-03-15,QQQ,,,,,,,42.54,,4,,,,,,,,,,0.6659,2022-03-14T14:12:00+00:00,590,1612
trade,2022-03-15,AAPL,Long,2022-03-15T19:17:00+00:00,2022-03-15T19:18:00+00:00,154.8818,154.8940,280.64,3.44,0.000079,60000,SessionClose,0.5801,0.5856,0.5048,0.5049,0.7557,0.5598,0.5049,0.7557,,,
trade,2022-03-15,AAPL,Long,2022-03-15T19:20:00+00:00,2022-03-15T19:21:00+00:00,155.1310,154.9340,281.19,-55.40,-0.001270,60000,SessionClose,0.5859,0.5094,0.5628,0.5049,0.7557,0.3002,0.4211,0.7557,,,
summary,2022-03-15,AAPL,,,,,,,-51.96,,2,,,,,,,,,,0.6963,2022-03-14T08:08:00+00:00,699,1587
trade,2022-03-15,NVDA,Long,2022-03-15T14:01:00+00:00,2022-03-15T15:56:00+00:00,218.3679,224.8501,287.08,1860.95,0.029685,6900000,SessionClose,0.7543,0.0680,0.6524,0.6889,0.9192,-0.5503,-0.2483,0.9067,,,
trade,2022-03-15,NVDA,Long,2022-03-15T19:09:00+00:00,2022-03-15T19:10:00+00:00,228.8308,228.7092,408.44,-49.63,-0.000531,60000,SessionClose,0.5958,0.5951,0.5494,0.4834,0.8363,0.5422,0.4834,0.8363,,,
trade,2022-03-15,NVDA,Long,2022-03-15T19:16:00+00:00,2022-03-15T19:17:00+00:00,228.9908,229.2191,406.33,92.79,0.000997,60000,SessionClose,0.5981,0.6208,0.3480,0.5206,0.8363,0.5756,0.5206,0.8363,,,
trade,2022-03-15,NVDA,Long,2022-03-15T19:19:00+00:00,2022-03-15T19:20:00+00:00,229.5759,229.5691,413.13,-2.82,-0.000030,60000,SessionClose,0.6204,0.6195,0.5710,0.5206,0.8363,0.5624,0.5206,0.8363,,,
trade,2022-03-15,NVDA,Long,2022-03-15T19:22:00+00:00,2022-03-15T19:23:00+00:00,229.8610,229.7390,413.59,-50.42,-0.000530,60000,SessionClose,0.6173,0.6158,0.5405,0.5206,0.8363,0.5255,0.5206,0.8363,,,
trade,2022-03-15,NVDA,Long,2022-03-15T19:25:00+00:00,2022-03-15T19:26:00+00:00,229.9510,229.6691,411.57,-116.03,-0.001226,60000,SessionClose,0.6163,0.5000,0.5307,0.5206,0.8363,0.2345,0.3761,0.8363,,,
summary,2022-03-15,NVDA,,,,,,,1734.83,,6,,,,,,,,,,0.9609,2022-03-14T09:44:00+00:00,757,1326
summary,2022-03-15,MSFT,,,,,,,0.00,,0,,,,,,,,,,0.9613,2022-03-14T09:51:00+00:00,642,1224
trade,2022-03-16,SPY,Long,2022-03-16T19:21:00+00:00,2022-03-16T19:22:00+00:00,432.5164,432.7984,291.01,82.08,0.000652,60000,SessionClose,0.5838,0.5837,0.5921,0.6502,0.4480,0.5915,0.6502,0.4480,,,
summary,2022-03-16,SPY,,,,,,,82.08,,1,,,,,,,,,,0.6295,2022-03-14T14:59:00+00:00,1291,2447
trade,2022-03-16,QQQ,Long,2022-03-16T14:16:00+00:00,2022-03-16T15:41:00+00:00,336.5323,336.3377,303.06,-58.97,-0.000578,5100000,MaxHoldTimeout,0.5840,-0.0066,0.6167,0.5981,0.5449,-0.5690,-0.1794,0.5264,,,
trade,2022-03-16,QQQ,Long,2022-03-16T19:05:00+00:00,2022-03-16T19:06:00+00:00,335.5521,335.7178,289.52,47.99,0.000494,60000,SessionClose,0.5838,0.5110,0.4092,0.6274,0.5547,0.4551,0.4985,0.5547,,,
trade,2022-03-16,QQQ,Long,2022-03-16T19:14:00+00:00,2022-03-16T19:15:00+00:00,335.6821,336.0077,303.35,98.76,0.000970,60000,SessionClose,0.5912,0.6057,0.3433,0.6508,0.5547,0.4879,0.6508,0.5547,,,
trade,2022-03-16,QQQ,Long,2022-03-16T19:17:00+00:00,2022-03-16T19:18:00+00:00,335.9322,336.0478,308.03,35.61,0.000344,60000,SessionClose,0.6347,0.6524,0.2848,0.7330,0.5547,0.4617,0.7330,0.5547,,,
trade,2022-03-16,QQQ,Long,2022-03-16T19:20:00+00:00,2022-03-16T19:21:00+00:00,337.2024,337.0476,310.72,-48.12,-0.000459,60000,SessionClose,0.6658,0.6565,0.5953,0.7330,0.5547,0.5902,0.7184,0.5547,,,
trade,2022-03-16,QQQ,Long,2022-03-16T19:23:00+00:00,2022-03-16T19:24:00+00:00,337.2824,337.4675,311.03,57.56,0.000549,60000,SessionClose,0.6377,0.6517,0.4027,0.7184,0.5547,0.5426,0.7184,0.5547,,,
trade,2022-03-16,QQQ,Long,2022-03-16T19:26:00+00:00,2022-03-16T19:27:00+00:00,337.8225,337.6275,315.16,-61.49,-0.000577,60000,SessionClose,0.6482,0.6452,0.5549,0.7105,0.5547,0.5256,0.7105,0.5547,,,
trade,2022-03-16,QQQ,Long,2022-03-16T19:29:00+00:00,2022-03-16T19:30:00+00:00,337.7325,337.6874,312.07,-14.07,-0.000133,60000,SessionClose,0.6346,0.6438,0.4192,0.7105,0.5547,0.5116,0.7105,0.5547,,,
summary,2022-03-16,QQQ,,,,,,,57.28,,8,,,,,,,,,,0.6659,2022-03-14T14:12:00+00:00,1277,2523
trade,2022-03-16,AAPL,Long,2022-03-16T19:19:00+00:00,2022-03-16T19:20:00+00:00,158.0466,158.1234,291.52,22.38,0.000486,60000,SessionClose,0.5825,0.5838,0.5656,0.5974,0.5583,0.5790,0.5974,0.5583,,,
summary,2022-03-16,AAPL,,,,,,,22.38,,1,,,,,,,,,,0.6963,2022-03-14T08:08:00+00:00,1368,2457
trade,2022-03-16,NVDA,Long,2022-03-16T14:01:00+00:00,2022-03-16T15:56:00+00:00,238.1226,242.9864,452.71,2201.90,0.020426,6900000,SessionClose,0.5932,0.3169,0.4904,0.5468,0.7201,0.4353,0.0918,0.7276,,,
trade,2022-03-16,NVDA,Long,2022-03-16T18:51:00+00:00,2022-03-16T18:52:00+00:00,238.7538,239.4621,385.85,273.28,0.002966,60000,SessionClose,0.6623,0.6914,0.0097,0.7818,0.6410,0.3006,0.7818,0.6410,,,
trade,2022-03-16,NVDA,Long,2022-03-16T18:54:00+00:00,2022-03-16T18:55:00+00:00,240.5931,241.2449,396.65,258.55,0.002709,60000,SessionClose,0.7153,0.7217,0.5396,0.7818,0.6410,0.6037,0.7818,0.6410,,,
trade,2022-03-16,NVDA,Long,2022-03-16T18:57:00+00:00,2022-03-16T18:58:00+00:00,242.2155,241.8316,413.09,-158.59,-0.001585,60000,SessionClose,0.6027,0.5897,0.5830,0.5868,0.6410,0.4534,0.5868,0.6410,,,
trade,2022-03-16,NVDA,Long,2022-03-16T19:01:00+00:00,2022-03-16T19:02:00+00:00,240.3030,239.5371,413.93,-317.06,-0.003188,60000,SessionClose,0.5972,0.5886,-0.4153,0.7203,0.6884,-0.5011,0.7203,0.6884,,,
trade,2022-03-16,NVDA,Long,2022-03-16T19:04:00+00:00,2022-03-16T19:05:00+00:00,241.1032,240.9167,401.77,-74.93,-0.000774,60000,SessionClose,0.6579,0.6529,0.1920,0.7203,0.6884,0.1420,0.7203,0.6884,,,
trade,2022-03-16,NVDA,Long,2022-03-16T19:11:00+00:00,2022-03-16T19:12:00+00:00,240.9832,240.9858,433.50,1.13,0.000011,60000,SessionClose,0.6353,0.6438,0.0498,0.7063,0.6884,0.1342,0.7063,0.6884,,,
trade,2022-03-16,NVDA,Long,2022-03-16T19:14:00+00:00,2022-03-16T19:15:00+00:00,241.0932,241.2567,433.54,70.90,0.000678,60000,SessionClose,0.6472,0.6730,0.1689,0.7063,0.6884,0.4264,0.7063,0.6884,,,
trade,2022-03-16,NVDA,Long,2022-03-16T19:17:00+00:00,2022-03-16T19:18:00+00:00,241.0932,241.2499,450.95,70.68,0.000650,60000,SessionClose,0.6671,0.7026,-0.0480,0.7756,0.6884,0.3073,0.7756,0.6884,,,
trade,2022-03-16,NVDA,Long,2022-03-16T19:20:00+00:00,2022-03-16T19:21:00+00:00,242.1534,242.1866,455.03,15.08,0.000137,60000,SessionClose,0.7290,0.7475,0.5711,0.7756,0.6884,0.5732,0.8062,0.6884,,,
trade,2022-03-16,NVDA,Long,2022-03-16T19:23:00+00:00,2022-03-16T19:24:00+00:00,242.5836,242.7765,473.86,91.42,0.000795,60000,SessionClose,0.7335,0.7449,0.4327,0.8062,0.6884,0.5469,0.8062,0.6884,,,
trade,2022-03-16,NVDA,Long,2022-03-16T19:26:00+00:00,2022-03-16T19:27:00+00:00,243.2936,242.9581,529.31,-177.61,-0.001379,60000,SessionClose,0.7162,0.7027,0.5820,0.7524,0.6884,0.4476,0.7524,0.6884,,,
trade,2022-03-16,NVDA,Long,2022-03-16T19:29:00+00:00,2022-03-16T19:30:00+00:00,243.0861,242.9164,520.35,-88.30,-0.000698,60000,SessionClose,0.7071,0.6841,0.4914,0.7524,0.6884,0.2613,0.7524,0.6884,,,
summary,2022-03-16,NVDA,,,,,,,2166.44,,13,,,,,,,,,,0.9609,2022-03-14T09:44:00+00:00,1431,2137
summary,2022-03-16,MSFT,,,,,,,0.00,,0,,,,,,,,,,0.9613,2022-03-14T09:51:00+00:00,1079,1880
summary,2022-03-17,SPY,,,,,,,0.00,,0,,,,,,,,,,0.9557,2022-03-14T14:59:00+00:00,1845,3065
summary,2022-03-17,QQQ,,,,,,,0.00,,0,,,,,,,,,,0.9027,2022-03-14T14:12:00+00:00,1873,3141
summary,2022-03-17,AAPL,,,,,,,0.00,,0,,,,,,,,,,1.0000,2022-03-14T13:31:00+00:00,1802,3007
trade,2022-03-17,NVDA,Long,2022-03-17T13:53:00+00:00,2022-03-17T14:37:00+00:00,245.0690,242.2565,602.68,-1695.03,-0.011476,2640000,ScoreExit,0.6063,-0.0548,0.5069,0.6109,0.6301,-0.5726,-0.1455,0.2994,,,
summary,2022-03-17,NVDA,,,,,,,-1695.03,,1,,,,,,,,,,0.9457,2022-03-14T13:46:00+00:00,1901,2734
summary,2022-03-17,MSFT,,,,,,,0.00,,0,,,,,,,,,,0.9578,2022-03-14T13:36:00+00:00,1427,2352
summary,2022-03-18,SPY,,,,,,,0.00,,0,,,,,,,,,,0.9463,2022-03-15T14:40:00+00:00,2363,3055
trade,2022-03-18,QQQ,Long,2022-03-18T14:06:00+00:00,2022-03-18T15:56:00+00:00,345.9442,346.9756,339.46,350.13,0.002981,6600000,SessionClose,0.5903,0.1319,0.4881,0.6551,0.4949,-0.2411,0.0045,0.5111,,,
summary,2022-03-18,QQQ,,,,,,,350.13,,1,,,,,,,,,,0.9571,2022-03-15T15:04:00+00:00,2487,3112
summary,2022-03-18,AAPL,,,,,,,0.00,,0,,,,,,,,,,0.9552,2022-03-15T14:54:00+00:00,2377,2891
trade,2022-03-18,NVDA,Long,2022-03-18T19:21:00+00:00,2022-03-18T19:22:00+00:00,264.7080,264.6022,1331.61,-140.97,-0.000400,60000,SessionClose,0.6004,0.5980,0.5195,0.5776,0.6729,0.4952,0.5776,0.6729,,,
trade,2022-03-18,NVDA,Long,2022-03-18T19:24:00+00:00,2022-03-18T19:25:00+00:00,265.3481,265.2619,1324.67,-114.08,-0.000325,60000,SessionClose,0.6056,0.6056,0.5712,0.5776,0.6729,0.5717,0.5776,0.6729,,,
summary,2022-03-18,NVDA,,,,,,,-255.05,,2,,,,,,,,,,0.9581,2022-03-15T14:46:00+00:00,2300,2674
summary,2022-03-18,MSFT,,,,,,,0.00,,0,,,,,,,,,,0.9579,2022-03-15T14:49:00+00:00,1742,2252
summary,2022-03-21,SPY,,,,,,,0.00,,0,,,,,,,,,,0.8156,2022-03-18T14:12:00+00:00,938,1160
summary,2022-03-21,QQQ,,,,,,,0.00,,0,,,,,,,,,,0.9577,2022-03-18T15:04:00+00:00,904,1182
trade,2022-03-21,AAPL,Long,2022-03-21T15:21:00+00:00,2022-03-21T15:56:00+00:00,165.4281,165.9418,327.77,168.39,0.003105,2100000,SessionClose,0.5905,0.4025,0.5658,0.5405,0.6987,-0.2014,0.3550,0.6987,,,
summary,2022-03-21,AAPL,,,,,,,168.39,,1,,,,,,,,,,0.9568,2022-03-18T15:04:00+00:00,951,1080
trade,2022-03-21,NVDA,Long,2022-03-21T14:51:00+00:00,2022-03-21T15:56:00+00:00,265.3381,270.4409,317.84,1621.90,0.019231,3900000,SessionClose,0.6257,0.8007,0.6342,0.5365,0.8011,0.6021,0.7342,1.0000,,,
trade,2022-03-21,NVDA,Long,2022-03-21T15:58:00+00:00,2022-03-21T15:59:00+00:00,270.9492,270.9608,454.39,5.28,0.000043,60000,SessionClose,0.8003,0.7942,0.5973,0.7342,1.0000,0.5368,0.7342,1.0000,,,
summary,2022-03-21,NVDA,,,,,,,1627.18,,2,,,,,,,,,,1.0000,2022-03-18T13:32:00+00:00,965,1101
summary,2022-03-21,MSFT,,,,,,,0.00,,0,,,,,,,,,,0.9515,2022-03-18T15:04:00+00:00,700,981
summary,2022-03-22,SPY,,,,,,,0.00,,0,,,,,,,,,,0.4855,2022-03-21T13:36:00+00:00,884,1480
trade,2022-03-22,QQQ,Long,2022-03-22T14:19:00+00:00,2022-03-22T15:56:00+00:00,354.7759,356.8236,309.24,633.22,0.005772,5820000,SessionClose,0.5995,0.0474,0.5472,0.5634,0.6892,0.3384,-0.2936,0.6324,,,
summary,2022-03-22,QQQ,,,,,,,633.22,,1,,,,,,,,,,0.7053,2022-03-21T15:27:00+00:00,942,1563
trade,2022-03-22,AAPL,Long,2022-03-22T14:16:00+00:00,2022-03-22T15:56:00+00:00,167.3185,168.8570,308.44,474.56,0.009195,6000000,SessionClose,0.5847,0.1898,0.5344,0.4966,0.7776,0.5588,-0.1306,0.7075,,,
summary,2022-03-22,AAPL,,,,,,,474.56,,1,,,,,,,,,,0.6817,2022-03-21T15:22:00+00:00,954,1376
summary,2022-03-22,NVDA,,,,,,,0.00,,0,,,,,,,,,,0.8342,2022-03-21T09:34:00+00:00,873,1382
summary,2022-03-22,MSFT,,,,,,,0.00,,0,,,,,,,,,,0.8033,2022-03-21T09:33:00+00:00,646,1102
summary,2022-03-23,SPY,,,,,,,0.00,,0,,,,,,,,,,0.4855,2022-03-21T13:36:00+00:00,1238,2316
summary,2022-03-23,QQQ,,,,,,,0.00,,0,,,,,,,,,,0.7053,2022-03-21T15:27:00+00:00,1378,2426
summary,2022-03-23,AAPL,,,,,,,0.00,,0,,,,,,,,,,0.6817,2022-03-21T15:22:00+00:00,1549,2157
summary,2022-03-23,NVDA,,,,,,,0.00,,0,,,,,,,,,,0.8342,2022-03-21T09:34:00+00:00,959,2140
summary,2022-03-23,MSFT,,,,,,,0.00,,0,,,,,,,,,,0.8033,2022-03-21T09:33:00+00:00,971,1673
summary,2022-03-24,SPY,,,,,,,0.00,,0,,,,,,,,,,0.6858,2022-03-21T15:01:00+00:00,1521,2876
summary,2022-03-24,QQQ,,,,,,,0.00,,0,,,,,,,,,,0.8235,2022-03-21T13:41:00+00:00,1757,3000
summary,2022-03-24,AAPL,,,,,,,0.00,,0,,,,,,,,,,1.0000,2022-03-21T13:41:00+00:00,2068,2768
trade,2022-03-24,NVDA,Long,2022-03-24T14:02:00+00:00,2022-03-24T15:56:00+00:00,264.9080,278.5750,325.73,4451.78,0.051592,6840000,SessionClose,0.5845,0.2439,0.2468,0.6549,0.5563,-0.1930,0.1181,0.6411,,,
summary,2022-03-24,NVDA,,,,,,,4451.78,,1,,,,,,,,,,1.0000,2022-03-21T13:40:00+00:00,1290,2709
summary,2022-03-24,MSFT,,,,,,,0.00,,0,,,,,,,,,,0.7013,2022-03-21T15:23:00+00:00,1201,2120
summary,2022-03-25,SPY,,,,,,,0.00,,0,,,,,,,,,,0.8474,2022-03-22T14:43:00+00:00,1401,2858
summary,2022-03-25,QQQ,,,,,,,0.00,,0,,,,,,,,,,0.9523,2022-03-22T14:48:00+00:00,1643,2985
summary,2022-03-25,AAPL,,,,,,,0.00,,0,,,,,,,,,,1.0000,2022-03-22T13:39:00+00:00,2145,2826
summary,2022-03-25,NVDA,,,,,,,0.00,,0,,,,,,,,,,0.9567,2022-03-22T15:03:00+00:00,1357,2749
summary,2022-03-25,MSFT,,,,,,,0.00,,0,,,,,,,,,,0.9491,2022-03-22T14:51:00+00:00,1087,2142
summary,2022-03-28,SPY,,,,,,,0.00,,0,,,,,,,,,,0.8392,2022-03-25T14:42:00+00:00,720,1128
summary,2022-03-28,QQQ,,,,,,,0.00,,0,,,,,,,,,,0.7592,2022-03-25T14:42:00+00:00,728,1126
trade,2022-03-28,AAPL,Long,2022-03-28T13:40:00+00:00,2022-03-28T15:04:00+00:00,174.4099,174.3500,289.12,-17.30,-0.000343,5040000,MaxHoldTimeout,0.6109,0.0188,0.6063,0.5908,0.6527,-0.4505,-0.1281,0.4690,,,
summary,2022-03-28,AAPL,,,,,,,-17.30,,1,,,,,,,,,,0.9559,2022-03-25T14:42:00+00:00,628,1193
trade,2022-03-28,NVDA,Long,2022-03-28T13:55:00+00:00,2022-03-28T14:16:00+00:00,280.2110,277.8194,306.27,-732.48,-0.008535,1260000,ScoreExit,0.5805,-0.1561,0.6005,0.4137,0.9075,-0.4642,-0.4274,0.4890,,,
summary,2022-03-28,NVDA,,,,,,,-732.48,,1,,,,,,,,,,1.0000,2022-03-25T13:31:00+00:00,484,1083
summary,2022-03-28,MSFT,,,,,,,0.00,,0,,,,,,,,,,0.8742,2022-03-25T14:42:00+00:00,573,934
summary,2022-03-29,SPY,,,,,,,0.00,,0,,,,,,,,,,0.5981,2022-03-28T18:59:00+00:00,1050,1472
summary,2022-03-29,QQQ,,,,,,,0.00,,0,,,,,,,,,,0.6220,2022-03-28T18:59:00+00:00,1153,1535
summary,2022-03-29,AAPL,,,,,,,0.00,,0,,,,,,,,,,0.7153,2022-03-28T13:35:00+00:00,1128,1510
summary,2022-03-29,NVDA,,,,,,,0.00,,0,,,,,,,,,,0.9345,2022-03-28T08:57:00+00:00,1017,1402
summary,2022-03-29,MSFT,,,,,,,0.00,,0,,,,,,,,,,0.8055,2022-03-28T13:58:00+00:00,788,1144
summary,2022-03-30,SPY,,,,,,,0.00,,0,,,,,,,,,,0.5981,2022-03-28T18:59:00+00:00,1496,2305
summary,2022-03-30,QQQ,,,,,,,0.00,,0,,,,,,,,,,0.6220,2022-03-28T18:59:00+00:00,1659,2393
summary,2022-03-30,AAPL,,,,,,,0.00,,0,,,,,,,,,,0.7153,2022-03-28T13:35:00+00:00,1646,2325
summary,2022-03-30,NVDA,,,,,,,0.00,,0,,,,,,,,,,0.9345,2022-03-28T08:57:00+00:00,1284,2152
summary,2022-03-30,MSFT,,,,,,,0.00,,0,,,,,,,,,,0.8055,2022-03-28T13:58:00+00:00,1105,1744
summary,2022-03-31,SPY,,,,,,,0.00,,0,,,,,,,,,,0.6055,2022-03-28T14:59:00+00:00,1661,2850
summary,2022-03-31,QQQ,,,,,,,0.00,,0,,,,,,,,,,0.8082,2022-03-28T13:55:00+00:00,1803,2932
summary,2022-03-31,AAPL,,,,,,,0.00,,0,,,,,,,,,,1.0000,2022-03-28T13:35:00+00:00,1971,2801
summary,2022-03-31,NVDA,,,,,,,0.00,,0,,,,,,,,,,1.0000,2022-03-28T13:36:00+00:00,1267,2725
summary,2022-03-31,MSFT,,,,,,,0.00,,0,,,,,,,,,,1.0000,2022-03-28T13:34:00+00:00,1301,2192
summary,2022-04-01,SPY,,,,,,,0.00,,0,,,,,,,,,,0.5847,2022-03-29T19:34:00+00:00,694,2873
summary,2022-04-01,QQQ,,,,,,,0.00,,0,,,,,,,,,,0.5860,2022-03-29T19:08:00+00:00,748,2900
summary,2022-04-01,AAPL,,,,,,,0.00,,0,,,,,,,,,,0.8963,2022-03-29T13:47:00+00:00,1010,2818
summary,2022-04-01,NVDA,,,,,,,0.00,,0,,,,,,,,,,1.0000,2022-03-29T13:32:00+00:00,455,2679
summary,2022-04-01,MSFT,,,,,,,0.00,,0,,,,,,,,,,0.5889,2022-03-29T18:47:00+00:00,819,2172
summary,2022-04-04,SPY,,,,,,,0.00,,0,,,,,,,,,,0.5103,2022-04-01T18:32:00+00:00,697,1110
trade,2022-04-04,QQQ,Long,2022-04-04T13:56:00+00:00,2022-04-04T15:56:00+00:00,366.4983,367.9714,300.00,441.93,0.004019,7200000,SessionClose,0.5870,0.1873,0.5757,0.5866,0.5915,0.2905,-0.0114,0.5505,,,
summary,2022-04-04,QQQ,,,,,,,441.93,,1,,,,,,,,,,0.5870,2022-04-04T13:55:00+00:00,760,1144
trade,2022-04-04,AAPL,Long,2022-04-04T13:36:00+00:00,2022-04-04T15:37:00+00:00,176.0052,177.2395,300.00,370.31,0.007013,7260000,MaxHoldTimeout,0.6104,0.0292,0.5634,0.5546,0.7376,-0.5531,-0.1596,0.6007,,,
summary,2022-04-04,AAPL,,,,,,,370.31,,1,,,,,,,,,,0.6949,2022-04-04T13:54:00+00:00,706,1064
trade,2022-04-04,NVDA,Long,2022-04-04T13:41:00+00:00,2022-04-04T15:42:00+00:00,269.2241,275.4199,336.57,2085.32,0.023013,7260000,MaxHoldTimeout,0.6170,0.5861,0.5740,0.4902,0.8848,0.5774,0.4235,0.9143,,,
summary,2022-04-04,NVDA,,,,,,,2085.32,,1,,,,,,,,,,0.8164,2022-04-04T13:55:00+00:00,554,1059
trade,2022-04-04,MSFT,Long,2022-04-04T13:36:00+00:00,2022-04-04T15:37:00+00:00,312.2874,312.9374,293.88,191.01,0.002081,7260000,MaxHoldTimeout,0.5956,0.1337,0.6012,0.5791,0.6268,-0.4343,-0.0013,0.5932,,,
summary,2022-04-04,MSFT,,,,,,,191.01,,1,,,,,,,,,,0.8249,2022-04-01T14:53:00+00:00,578,937
summary,2022-04-05,SPY,,,,,,,0.00,,0,,,,,,,,,,0.7840,2022-04-04T09:12:00+00:00,771,1409
summary,2022-04-05,QQQ,,,,,,,0.00,,0,,,,,,,,,,0.8469,2022-04-04T09:15:00+00:00,808,1488
summary,2022-04-05,AAPL,,,,,,,0.00,,0,,,,,,,,,,0.8525,2022-04-04T09:13:00+00:00,697,1394
summary,2022-04-05,NVDA,,,,,,,0.00,,0,,,,,,,,,,0.8769,2022-04-04T09:23:00+00:00,577,1263
summary,2022-04-05,MSFT,,,,,,,0.00,,0,,,,,,,,,,0.7697,2022-04-04T10:22:00+00:00,534,1071
summary,2022-04-06,SPY,,,,,,,0.00,,0,,,,,,,,,,0.7840,2022-04-04T09:12:00+00:00,771,2274
summary,2022-04-06,QQQ,,,,,,,0.00,,0,,,,,,,,,,0.8469,2022-04-04T09:15:00+00:00,808,2380
summary,2022-04-06,AAPL,,,,,,,0.00,,0,,,,,,,,,,0.8525,2022-04-04T09:13:00+00:00,730,2224
summary,2022-04-06,NVDA,,,,,,,0.00,,0,,,,,,,,,,0.8769,2022-04-04T09:23:00+00:00,577,2086
summary,2022-04-06,MSFT,,,,,,,0.00,,0,,,,,,,,,,0.7697,2022-04-04T10:22:00+00:00,534,1731
summary,2022-04-07,SPY,,,,,,,0.00,,0,,,,,,,,,,0.7100,2022-04-04T15:04:00+00:00,763,2886
summary,2022-04-07,QQQ,,,,,,,0.00,,0,,,,,,,,,,0.9559,2022-04-04T15:04:00+00:00,731,2997
summary,2022-04-07,AAPL,,,,,,,0.00,,0,,,,,,,,,,1.0000,2022-04-04T13:34:00+00:00,725,2807
summary,2022-04-07,NVDA,,,,,,,0.00,,0,,,,,,,,,,1.0000,2022-04-04T13:40:00+00:00,577,2678
summary,2022-04-07,MSFT,,,,,,,0.00,,0,,,,,,,,,,1.0000,2022-04-04T13:35:00+00:00,513,2276
summary,2022-04-08,SPY,,,,,,,0.00,,0,,,,,,,,,,0.4735,2022-04-05T13:41:00+00:00,595,2884
summary,2022-04-08,QQQ,,,,,,,0.00,,0,,,,,,,,,,0.4095,2022-04-07T19:14:00+00:00,242,3031
summary,2022-04-08,AAPL,,,,,,,0.00,,0,,,,,,,,,,0.6769,2022-04-05T13:45:00+00:00,141,2757
summary,2022-04-08,NVDA,,,,,,,0.00,,0,,,,,,,,,,0.5208,2022-04-05T13:32:00+00:00,159,2747
summary,2022-04-08,MSFT,,,,,,,0.00,,0,,,,,,,,,,0.4409,2022-04-05T14:54:00+00:00,97,2254
summary,2022-04-11,SPY,,,,,,,0.00,,0,,,,,,,,,,0.9581,2022-04-08T15:01:00+00:00,224,1152
summary,2022-04-11,QQQ,,,,,,,0.00,,0,,,,,,,,,,0.9594,2022-04-08T15:01:00+00:00,158,1188
summary,2022-04-11,AAPL,,,,,,,0.00,,0,,,,,,,,,,0.9427,2022-04-08T15:02:00+00:00,224,1119
summary,2022-04-11,NVDA,,,,,,,0.00,,0,,,,,,,,,,0.7439,2022-04-08T15:02:00+00:00,257,1161
summary,2022-04-11,MSFT,,,,,,,0.00,,0,,,,,,,,,,0.9597,2022-04-08T15:01:00+00:00,165,1002
summary,2022-04-12,SPY,,,,,,,0.00,,0,,,,,,,,,,0.5500,2022-04-12T12:54:00+00:00,243,1520
summary,2022-04-12,QQQ,,,,,,,0.00,,0,,,,,,,,,,0.6797,2022-04-12T12:54:00+00:00,314,1581
summary,2022-04-12,AAPL,,,,,,,0.00,,0,,,,,,,,,,0.6266,2022-04-12T12:34:00+00:00,440,1460
summary,2022-04-12,NVDA,,,,,,,0.00,,0,,,,,,,,,,0.8505,2022-04-12T12:43:00+00:00,524,1480
summary,2022-04-12,MSFT,,,,,,,0.00,,0,,,,,,,,,,0.6194,2022-04-11T10:15:00+00:00,204,1258
summary,2022-04-13,SPY,,,,,,,0.00,,0,,,,,,,,,,0.5500,2022-04-12T12:54:00+00:00,533,2349
summary,2022-04-13,QQQ,,,,,,,0.00,,0,,,,,,,,,,0.6797,2022-04-12T12:54:00+00:00,663,2451
summary,2022-04-13,AAPL,,,,,,,0.00,,0,,,,,,,,,,0.6266,2022-04-12T12:34:00+00:00,1018,2232
trade,2022-04-13,NVDA,Long,2022-04-13T14:16:00+00:00,2022-04-13T15:56:00+00:00,220.2240,221.5607,265.97,355.50,0.006069,6000000,SessionClose,0.5993,0.2298,0.6270,0.6536,0.4815,0.4817,-0.0008,0.6071,,,
summary,2022-04-13,NVDA,,,,,,,355.50,,1,,,,,,,,,,0.8505,2022-04-12T12:43:00+00:00,858,2297
summary,2022-04-13,MSFT,,,,,,,0.00,,0,,,,,,,,,,0.6194,2022-04-11T10:15:00+00:00,455,1875
summary,2022-04-14,SPY,,,,,,,0.00,,0,,,,,,,,,,0.5686,2022-04-12T12:54:00+00:00,789,2856
summary,2022-04-14,QQQ,,,,,,,0.00,,0,,,,,,,,,,0.6909,2022-04-12T12:54:00+00:00,921,2982
summary,2022-04-14,AAPL,,,,,,,0.00,,0,,,,,,,,,,0.6446,2022-04-12T12:34:00+00:00,1238,2729
summary,2022-04-14,NVDA,,,,,,,0.00,,0,,,,,,,,,,0.9090,2022-04-11T13:47:00+00:00,1054,2799
summary,2022-04-14,MSFT,,,,,,,0.00,,0,,,,,,,,,,0.6427,2022-04-12T12:33:00+00:00,544,2254
summary,2022-04-15,SPY,,,,,,,0.00,,0,,,,,,,,,,0.8706,2022-04-12T13:53:00+00:00,788,2189
summary,2022-04-15,QQQ,,,,,,,0.00,,0,,,,,,,,,,0.9010,2022-04-12T13:53:00+00:00,814,2276
summary,2022-04-15,AAPL,,,,,,,0.00,,0,,,,,,,,,,0.9383,2022-04-12T13:45:00+00:00,850,2084
summary,2022-04-15,NVDA,,,,,,,0.00,,0,,,,,,,,,,0.9354,2022-04-12T13:52:00+00:00,825,2162
summary,2022-04-15,MSFT,,,,,,,0.00,,0,,,,,,,,,,0.9416,2022-04-12T13:45:00+00:00,507,1658
summary,2022-04-18,SPY,,,,,,,0.00,,0,,,,,,,,,,0.5409,2022-04-18T17:49:00+00:00,257,632
trade,2022-04-18,QQQ,Long,2022-04-18T14:23:00+00:00,2022-04-18T15:08:00+00:00,340.1630,339.4471,300.00,-214.78,-0.002105,2700000,ScoreExit,0.6227,-0.0569,0.5520,0.4459,1.0000,-0.3227,-0.2267,0.3713,,,
trade,2022-04-18,QQQ,Long,2022-04-18T17:36:00+00:00,2022-04-18T17:37:00+00:00,339.3729,339.2371,287.77,-39.06,-0.000400,60000,SessionClose,0.5991,0.5964,0.5918,0.5682,0.6633,0.5599,0.5682,0.6650,,,
trade,2022-04-18,QQQ,Long,2022-04-18T17:40:00+00:00,2022-04-18T17:41:00+00:00,339.4929,339.3771,286.14,-33.13,-0.000341,60000,SessionClose,0.6136,0.6212,0.5554,0.5682,0.7238,0.5259,0.5787,0.7381,,,
trade,2022-04-18,QQQ,Long,2022-04-18T17:43:00+00:00,2022-04-18T17:44:00+00:00,339.5129,339.3571,284.87,-44.37,-0.000459,60000,SessionClose,0.6151,0.6176,0.5100,0.5787,0.7228,0.5079,0.5787,0.7318,,,
trade,2022-04-18,QQQ,Long,2022-04-18T17:48:00+00:00,2022-04-18T17:49:00+00:00,339.5729,339.4971,283.08,-21.46,-0.000223,60000,SessionClose,0.5969,0.6196,0.2837,0.5671,0.7608,0.3896,0.5671,0.8011,,,
trade,2022-04-18,QQQ,Long,2022-04-18T17:51:00+00:00,2022-04-18T17:52:00+00:00,339.8530,339.7370,282.58,-32.76,-0.000341,60000,SessionClose,0.6347,0.6474,0.3739,0.5427,0.9056,0.4337,0.5427,0.9281,,,
trade,2022-04-18,QQQ,Long,2022-04-18T17:54:00+00:00,2022-04-18T17:55:00+00:00,340.1580,339.9770,281.32,-50.93,-0.000532,60000,SessionClose,0.6753,0.6740,0.4967,0.5427,1.0000,0.4836,0.5427,1.0000,,,
trade,2022-04-18,QQQ,Long,2022-04-18T17:57:00+00:00,2022-04-18T17:58:00+00:00,340.4831,340.2669,278.73,-60.25,-0.000635,60000,SessionClose,0.5980,0.5949,0.5466,0.4055,1.0000,0.5155,0.4055,1.0000,,,
trade,2022-04-18,QQQ,Long,2022-04-18T18:02:00+00:00,2022-04-18T18:03:00+00:00,340.4731,340.0120,275.69,-127.12,-0.001354,60000,SessionClose,0.5912,0.5402,0.5048,0.4012,1.0000,-0.0047,0.4012,1.0000,,,
summary,2022-04-18,QQQ,,,,,,,-623.85,,9,,,,,,,,,,0.6777,2022-04-18T17:49:00+00:00,342,672
trade,2022-04-18,AAPL,Long,2022-04-18T14:23:00+00:00,2022-04-18T15:08:00+00:00,165.9082,165.3569,292.59,-161.29,-0.003323,2700000,ScoreExit,0.6275,-0.1109,0.5747,0.4501,1.0000,-0.4449,-0.2515,0.2818,,,
summary,2022-04-18,AAPL,,,,,,,-161.29,,1,,,,,,,,,,0.6520,2022-04-18T14:44:00+00:00,287,584
trade,2022-04-18,NVDA,Long,2022-04-18T13:31:00+00:00,2022-04-18T15:16:00+00:00,213.8901,215.7068,300.00,545.03,0.008494,6300000,ScoreExit,0.6697,-0.1480,0.5246,0.5818,0.8940,-0.5684,-0.3956,0.4874,,,
trade,2022-04-18,NVDA,Long,2022-04-18T17:22:00+00:00,2022-04-18T17:23:00+00:00,215.7431,215.9718,333.05,76.15,0.001060,60000,SessionClose,0.5960,0.6913,0.3648,0.5768,0.7114,0.4645,0.5768,0.9957,,,
trade,2022-04-18,NVDA,Long,2022-04-18T17:25:00+00:00,2022-04-18T17:26:00+00:00,216.2582,216.0312,337.80,-76.70,-0.001050,60000,SessionClose,0.6915,0.6417,0.4539,0.5768,1.0000,0.4093,0.5012,1.0000,,,
trade,2022-04-18,NVDA,Long,2022-04-18T17:28:00+00:00,2022-04-18T17:29:00+00:00,216.2282,215.7722,333.89,-152.25,-0.002109,60000,SessionClose,0.6474,0.5366,0.4667,0.5012,1.0000,-0.1720,0.5012,0.8436,,,
trade,2022-04-18,NVDA,Long,2022-04-18T17:31:00+00:00,2022-04-18T17:32:00+00:00,215.9482,216.3917,325.54,144.39,0.002054,60000,SessionClose,0.6872,0.7821,-0.0663,0.7084,0.8958,0.5702,0.7084,1.0000,,,
trade,2022-04-18,NVDA,Long,2022-04-18T17:34:00+00:00,2022-04-18T17:35:00+00:00,217.5640,217.7914,335.63,76.33,0.001045,60000,SessionClose,0.7844,0.7869,0.5932,0.7084,1.0000,0.6187,0.7084,1.0000,,,
trade,2022-04-18,NVDA,Long,2022-04-18T17:37:00+00:00,2022-04-18T17:38:00+00:00,217.7085,217.7814,340.70,24.84,0.000335,60000,SessionClose,0.7887,0.7914,0.4936,0.7323,1.0000,0.5203,0.7323,1.0000,,,
trade,2022-04-18,NVDA,Long,2022-04-18T17:40:00+00:00,2022-04-18T17:41:00+00:00,218.2236,218.2925,343.00,23.63,0.000316,60000,SessionClose,0.7965,0.8197,0.5709,0.7323,1.0000,0.5597,0.7730,1.0000,,,
trade,2022-04-18,NVDA,Long,2022-04-18T17:43:00+00:00,2022-04-18T17:44:00+00:00,218.2987,218.2313,344.94,-23.22,-0.000308,60000,SessionClose,0.8159,0.8164,0.5208,0.7730,1.0000,0.5260,0.7730,1.0000,,,
trade,2022-04-18,NVDA,Long,2022-04-18T17:46:00+00:00,2022-04-18T17:47:00+00:00,218.3371,218.4513,344.36,39.34,0.000523,60000,SessionClose,0.7780,0.7847,0.1425,0.7730,1.0000,0.2095,0.7730,1.0000,,,
trade,2022-04-18,NVDA,Long,2022-04-18T17:49:00+00:00,2022-04-18T17:50:00+00:00,218.9438,218.9612,346.66,6.04,0.000080,60000,SessionClose,0.8179,0.8144,0.5407,0.7730,1.0000,0.5064,0.7730,1.0000,,,
trade,2022-04-18,NVDA,Long,2022-04-18T17:52:00+00:00,2022-04-18T17:53:00+00:00,219.2639,219.6344,348.20,128.98,0.001689,60000,SessionClose,0.8216,0.8188,0.5484,0.7780,1.0000,0.5202,0.7780,1.0000,,,
trade,2022-04-18,NVDA,Long,2022-04-18T17:55:00+00:00,2022-04-18T17:56:00+00:00,219.7239,219.9410,356.00,77.28,0.000988,60000,SessionClose,0.8183,0.6991,0.5152,0.7780,1.0000,0.5515,0.5732,1.0000,,,
trade,2022-04-18,NVDA,Long,2022-04-18T17:58:00+00:00,2022-04-18T17:59:00+00:00,219.8891,219.6111,361.15,-100.40,-0.001264,60000,SessionClose,0.6943,0.6567,0.5037,0.5732,1.0000,0.1279,0.5732,1.0000,,,
trade,2022-04-18,NVDA,Long,2022-04-18T18:01:00+00:00,2022-04-18T18:02:00+00:00,219.6139,220.2909,355.65,240.78,0.003083,60000,SessionClose,0.6056,0.6584,0.0421,0.5023,1.0000,0.5708,0.5023,1.0000,,,
trade,2022-04-18,NVDA,Long,2022-04-18T18:09:00+00:00,2022-04-18T18:10:00+00:00,219.3290,219.3811,370.73,19.34,0.000238,60000,SessionClose,0.5901,0.6139,-0.2376,0.5230,1.0000,0.0010,0.5230,1.0000,,,
trade,2022-04-18,NVDA,Long,2022-04-18T18:24:00+00:00,2022-04-18T18:25:00+00:00,219.5288,220.5009,372.43,362.04,0.004428,60000,SessionClose,0.5953,0.6099,0.4703,0.4137,1.0000,0.6169,0.4137,1.0000,,,
summary,2022-04-18,NVDA,,,,,,,1411.60,,17,,,,,,,,,,0.8218,2022-04-18T17:44:00+00:00,291,578
trade,2022-04-18,MSFT,Long,2022-04-18T13:34:00+00:00,2022-04-18T14:51:00+00:00,281.7518,281.6187,295.57,-39.36,-0.000473,4620000,MaxHoldTimeout,0.6290,0.1657,0.6438,0.4410,1.0000,-0.5498,-0.0686,0.8727,,,
summary,2022-04-18,MSFT,,,,,,,-39.36,,1,,,,,,,,,,0.8715,2022-04-18T11:14:00+00:00,235,500
trade,2022-04-19,SPY,Long,2022-04-19T14:09:00+00:00,2022-04-19T15:56:00+00:00,441.9234,443.7962,300.00,561.86,0.004238,6420000,SessionClose,0.5819,0.0585,0.5306,0.5868,0.5893,-0.3376,-0.1321,0.5717,,,
summary,2022-04-19,SPY,,,,,,,561.86,,1,,,,,,,,,,0.5837,2022-04-19T14:09:00+00:00,906,1503
summary,2022-04-19,QQQ,,,,,,,0.00,,0,,,,,,,,,,0.6777,2022-04-18T17:49:00+00:00,1017,1569
summary,2022-04-19,AAPL,,,,,,,0.00,,0,,,,,,,,,,0.6520,2022-04-18T14:44:00+00:00,887,1356
trade,2022-04-19,NVDA,Long,2022-04-19T14:07:00+00:00,2022-04-19T15:56:00+00:00,218.9438,222.9704,394.09,1586.85,0.018391,6540000,SessionClose,0.5993,0.1242,0.5744,0.4699,0.8666,-0.5182,-0.1413,0.8693,,,
summary,2022-04-19,NVDA,,,,,,,1586.85,,1,,,,,,,,,,0.8218,2022-04-18T17:44:00+00:00,922,1346
trade,2022-04-19,MSFT,Long,2022-04-19T14:01:00+00:00,2022-04-19T15:56:00+00:00,282.3615,284.4981,293.71,627.54,0.007567,6900000,SessionClose,0.5897,0.0885,0.5147,0.5803,0.6335,-0.1826,-0.1415,0.6388,,,
summary,2022-04-19,MSFT,,,,,,,627.54,,1,,,,,,,,,,0.8715,2022-04-18T11:14:00+00:00,718,1113
summary,2022-04-20,SPY,,,,,,,0.00,,0,,,,,,,,,,0.5837,2022-04-19T14:09:00+00:00,1480,2364
summary,2022-04-20,QQQ,,,,,,,0.00,,0,,,,,,,,,,0.6777,2022-04-18T17:49:00+00:00,1517,2500
summary,2022-04-20,AAPL,,,,,,,0.00,,0,,,,,,,,,,0.6520,2022-04-18T14:44:00+00:00,1370,2165
summary,2022-04-20,NVDA,,,,,,,0.00,,0,,,,,,,,,,0.8218,2022-04-18T17:44:00+00:00,1175,2137
summary,2022-04-20,MSFT,,,,,,,0.00,,0,,,,,,,,,,0.8715,2022-04-18T11:14:00+00:00,1142,1761
summary,2022-04-21,SPY,,,,,,,0.00,,0,,,,,,,,,,0.5783,2022-04-19T14:09:00+00:00,1825,2965
summary,2022-04-21,QQQ,,,,,,,0.00,,0,,,,,,,,,,0.8942,2022-04-18T14:25:00+00:00,1770,3079
summary,2022-04-21,AAPL,,,,,,,0.00,,0,,,,,,,,,,1.0000,2022-04-18T13:33:00+00:00,1739,2733
summary,2022-04-21,NVDA,,,,,,,0.00,,0,,,,,,,,,,1.0000,2022-04-18T13:33:00+00:00,1282,2742
trade,2022-04-21,MSFT,Long,2022-04-21T13:46:00+00:00,2022-04-21T14:41:00+00:00,292.7235,290.8268,330.86,-627.54,-0.006480,3300000,ScoreExit,0.5802,-0.0713,0.4850,0.6332,0.5059,-0.3712,-0.2258,0.3377,,,
summary,2022-04-21,MSFT,,,,,,,-627.54,,1,,,,,,,,,,1.0000,2022-04-18T13:33:00+00:00,1330,2223
summary,2022-04-22,SPY,,,,,,,0.00,,0,,,,,,,,,,0.9566,2022-04-19T14:41:00+00:00,1335,2919
summary,2022-04-22,QQQ,,,,,,,0.00,,0,,,,,,,,,,0.9585,2022-04-19T14:41:00+00:00,1122,3061
summary,2022-04-22,AAPL,,,,,,,0.00,,0,,,,,,,,,,0.9575,2022-04-19T14:41:00+00:00,1314,2759
summary,2022-04-22,NVDA,,,,,,,0.00,,0,,,,,,,,,,0.9614,2022-04-19T14:41:00+00:00,713,2792
summary,2022-04-22,MSFT,,,,,,,0.00,,0,,,,,,,,,,0.9584,2022-04-19T14:40:00+00:00,1075,2219
summary,2022-04-25,SPY,,,,,,,0.00,,0,,,,,,,,,,0.4890,2022-04-25T19:53:00+00:00,114,1202
summary,2022-04-25,QQQ,,,,,,,0.00,,0,,,,,,,,,,0.6606,2022-04-22T14:06:00+00:00,126,1213
summary,2022-04-25,AAPL,,,,,,,0.00,,0,,,,,,,,,,1.0000,2022-04-22T13:33:00+00:00,213,1173
summary,2022-04-25,NVDA,,,,,,,0.00,,0,,,,,,,,,,0.9364,2022-04-22T13:33:00+00:00,440,1159
summary,2022-04-25,MSFT,,,,,,,0.00,,0,,,,,,,,,,0.7835,2022-04-22T13:33:00+00:00,277,1032
summary,2022-04-26,SPY,,,,,,,0.00,,0,,,,,,,,,,0.6780,2022-04-25T18:51:00+00:00,727,1544
summary,2022-04-26,QQQ,,,,,,,0.00,,0,,,,,,,,,,0.7245,2022-04-25T14:31:00+00:00,799,1584
summary,2022-04-26,AAPL,,,,,,,0.00,,0,,,,,,,,,,0.6864,2022-04-25T18:53:00+00:00,594,1434
summary,2022-04-26,NVDA,,,,,,,0.00,,0,,,,,,,,,,0.8518,2022-04-25T14:31:00+00:00,635,1377
summary,2022-04-26,MSFT,,,,,,,0.00,,0,,,,,,,,,,0.7470,2022-04-25T14:31:00+00:00,608,1225
summary,2022-04-27,SPY,,,,,,,0.00,,0,,,,,,,,,,0.6780,2022-04-25T18:51:00+00:00,836,2487
summary,2022-04-27,QQQ,,,,,,,0.00,,0,,,,,,,,,,0.7245,2022-04-25T14:31:00+00:00,884,2533
summary,2022-04-27,AAPL,,,,,,,0.00,,0,,,,,,,,,,0.6864,2022-04-25T18:53:00+00:00,675,2323
summary,2022-04-27,NVDA,,,,,,,0.00,,0,,,,,,,,,,0.8518,2022-04-25T14:31:00+00:00,762,2210
summary,2022-04-27,MSFT,,,,,,,0.00,,0,,,,,,,,,,0.8916,2022-04-26T22:06:00+00:00,1233,2113
summary,2022-04-28,SPY,,,,,,,0.00,,0,,,,,,,,,,0.8612,2022-04-25T14:37:00+00:00,1201,3086
trade,2022-04-28,QQQ,Long,2022-04-28T17:01:00+00:00,2022-04-28T17:02:00+00:00,325.6302,325.3899,274.95,-66.07,-0.000738,60000,SessionClose,0.5961,0.5922,0.4879,0.6462,0.5319,0.4494,0.6462,0.5319,,,
trade,2022-04-28,QQQ,Long,2022-04-28T17:05:00+00:00,2022-04-28T17:06:00+00:00,325.9502,325.6299,271.90,-87.09,-0.000983,60000,SessionClose,0.6003,0.5407,0.5303,0.6462,0.5319,0.2501,0.5935,0.5319,,,
summary,2022-04-28,QQQ,,,,,,,-153.17,,2,,,,,,,,,,0.9067,2022-04-25T14:25:00+00:00,1321,3148
summary,2022-04-28,AAPL,,,,,,,0.00,,0,,,,,,,,,,0.9055,2022-04-25T14:26:00+00:00,1304,2924
trade,2022-04-28,NVDA,Long,2022-04-28T16:31:00+00:00,2022-04-28T16:32:00+00:00,191.7033,191.9365,326.37,76.10,0.001216,60000,SessionClose,0.6414,0.6408,0.5582,0.6578,0.6364,0.5524,0.6578,0.6364,,,
trade,2022-04-28,NVDA,Long,2022-04-28T16:34:00+00:00,2022-04-28T16:35:00+00:00,192.3885,192.3465,331.26,-13.90,-0.000218,60000,SessionClose,0.6416,0.6411,0.5606,0.6578,0.6364,0.5556,0.6578,0.6364,,,
trade,2022-04-28,NVDA,Long,2022-04-28T16:37:00+00:00,2022-04-28T16:38:00+00:00,192.6912,192.9845,330.56,96.94,0.001522,60000,SessionClose,0.6175,0.6217,0.5381,0.6212,0.6364,0.5809,0.6212,0.6364,,,
trade,2022-04-28,NVDA,Long,2022-04-28T16:40:00+00:00,2022-04-28T16:41:00+00:00,192.6835,193.1251,336.78,148.70,0.002292,60000,SessionClose,0.5836,0.7162,0.1998,0.6212,0.6364,0.5435,0.7849,0.6364,,,
trade,2022-04-28,NVDA,Long,2022-04-28T16:43:00+00:00,2022-04-28T16:44:00+00:00,193.3437,193.5263,345.96,63.18,0.000945,60000,SessionClose,0.7128,0.7176,0.5095,0.7849,0.6364,0.5572,0.7849,0.6364,,,
trade,2022-04-28,NVDA,Long,2022-04-28T16:46:00+00:00,2022-04-28T16:47:00+00:00,194.6439,194.7360,350.10,32.25,0.000473,60000,SessionClose,0.7358,0.7313,0.6131,0.8060,0.6364,0.5684,0.8060,0.6364,,,
trade,2022-04-28,NVDA,Long,2022-04-28T16:49:00+00:00,2022-04-28T16:50:00+00:00,194.8040,194.5360,352.18,-94.37,-0.001376,60000,SessionClose,0.7243,0.7050,0.4983,0.8060,0.6364,0.3049,0.8060,0.6364,,,
trade,2022-04-28,NVDA,Long,2022-04-28T16:52:00+00:00,2022-04-28T16:53:00+00:00,194.6325,194.5461,346.98,-29.99,-0.000444,60000,SessionClose,0.7266,0.7184,0.1977,0.8598,0.6364,0.1162,0.8598,0.6364,,,
trade,2022-04-28,NVDA,Long,2022-04-28T16:55:00+00:00,2022-04-28T16:56:00+00:00,195.2040,194.7160,345.01,-168.36,-0.002500,60000,SessionClose,0.7589,0.6257,0.5205,0.8598,0.6364,0.1527,0.6992,0.6364,,,
trade,2022-04-28,NVDA,Long,2022-04-28T16:58:00+00:00,2022-04-28T16:59:00+00:00,194.5239,194.8160,335.83,98.11,0.001502,60000,SessionClose,0.5937,0.6318,-0.1673,0.6992,0.6364,0.2137,0.6992,0.6364,,,
trade,2022-04-28,NVDA,Long,2022-04-28T17:01:00+00:00,2022-04-28T17:02:00+00:00,195.1140,195.4659,341.94,120.32,0.001803,60000,SessionClose,0.7426,0.7528,0.3999,0.8539,0.6343,0.5015,0.8539,0.6343,,,
trade,2022-04-28,NVDA,Long,2022-04-28T17:04:00+00:00,2022-04-28T17:05:00+00:00,196.2542,196.7876,349.91,186.64,0.002718,60000,SessionClose,0.7608,0.7649,0.5816,0.8539,0.6343,0.6226,0.8539,0.6343,,,
trade,2022-04-28,NVDA,Long,2022-04-28T17:07:00+00:00,2022-04-28T17:08:00+00:00,197.0744,196.8218,361.66,-91.35,-0.001282,60000,SessionClose,0.7408,0.7335,0.5901,0.8191,0.6343,0.5170,0.8191,0.6343,,,
trade,2022-04-28,NVDA,Long,2022-04-28T17:10:00+00:00,2022-04-28T17:11:00+00:00,196.8994,196.8656,356.38,-12.03,-0.000171,60000,SessionClose,0.7236,0.7223,0.4182,0.8191,0.6343,0.4024,0.8196,0.6343,,,
trade,2022-04-28,NVDA,Long,2022-04-28T17:13:00+00:00,2022-04-28T17:14:00+00:00,197.4045,196.9656,355.49,-156.02,-0.002223,60000,SessionClose,0.7371,0.7088,0.5510,0.8196,0.6343,0.2678,0.8196,0.6343,,,
trade,2022-04-28,NVDA,Long,2022-04-28T17:20:00+00:00,2022-04-28T17:21:00+00:00,196.9245,196.5557,346.82,-127.90,-0.001873,60000,SessionClose,0.5999,0.4573,0.1424,0.6590,0.6343,-0.1911,0.4768,0.6343,,,
summary,2022-04-28,NVDA,,,,,,,128.33,,16,,,,,,,,,,1.0000,2022-04-25T13:31:00+00:00,1115,2778
summary,2022-04-28,MSFT,,,,,,,0.00,,0,,,,,,,,,,0.9587,2022-04-26T22:06:00+00:00,1677,2661
summary,2022-04-29,SPY,,,,,,,0.00,,0,,,,,,,,,,0.5707,2022-04-27T13:48:00+00:00,1240,3122
summary,2022-04-29,QQQ,,,,,,,0.00,,0,,,,,,,,,,0.7060,2022-04-27T13:48:00+00:00,1328,3200
trade,2022-04-29,AAPL,Long,2022-04-29T13:52:00+00:00,2022-04-29T14:31:00+00:00,163.9378,163.0524,277.92,-246.07,-0.005401,2340000,ScoreExit,0.5806,-0.0642,0.4913,0.5579,0.6556,-0.4212,-0.2962,0.5187,,,
summary,2022-04-29,AAPL,,,,,,,-246.07,,1,,,,,,,,,,0.7226,2022-04-29T13:59:00+00:00,1506,3091
summary,2022-04-29,NVDA,,,,,,,0.00,,0,,,,,,,,,,0.8518,2022-04-27T13:44:00+00:00,1299,2872
summary,2022-04-29,MSFT,,,,,,,0.00,,0,,,,,,,,,,0.9811,2022-04-26T22:06:00+00:00,1421,2713
summary,2022-05-02,SPY,,,,,,,0.00,,0,,,,,,,,,,0.7756,2022-04-29T13:59:00+00:00,92,1162
summary,2022-05-02,QQQ,,,,,,,0.00,,0,,,,,,,,,,0.9079,2022-04-29T13:56:00+00:00,102,1181
summary,2022-05-02,AAPL,,,,,,,0.00,,0,,,,,,,,,,1.0000,2022-04-29T13:32:00+00:00,114,1141
summary,2022-05-02,NVDA,,,,,,,0.00,,0,,,,,,,,,,1.0000,2022-04-29T13:33:00+00:00,389,1095
trade,2022-05-02,MSFT,Long,2022-05-02T19:12:00+00:00,2022-05-02T19:13:00+00:00,280.7811,280.9388,300.00,47.30,0.000561,60000,SessionClose,0.5974,0.6121,0.6154,0.5778,0.6308,0.6300,0.5778,0.6749,,,
trade,2022-05-02,MSFT,Long,2022-05-02T19:15:00+00:00,2022-05-02T19:16:00+00:00,281.7013,281.8786,303.75,53.85,0.000629,60000,SessionClose,0.6397,0.6597,0.6425,0.5778,0.7627,0.6302,0.6062,0.7765,,,
trade,2022-05-02,MSFT,Long,2022-05-02T19:18:00+00:00,2022-05-02T19:19:00+00:00,281.3813,281.7286,307.45,106.80,0.001235,60000,SessionClose,0.6066,0.6498,0.2954,0.6062,0.7112,0.5418,0.6062,0.7730,,,
trade,2022-05-02,MSFT,Long,2022-05-02T19:21:00+00:00,2022-05-02T19:22:00+00:00,282.3114,282.3985,314.36,27.37,0.000308,60000,SessionClose,0.7230,0.7209,0.5926,0.7179,0.7765,0.5717,0.7179,0.7765,,,
trade,2022-05-02,MSFT,Long,2022-05-02T19:24:00+00:00,2022-05-02T19:25:00+00:00,282.8316,283.0184,316.54,59.14,0.000661,60000,SessionClose,0.7212,0.7197,0.5750,0.7179,0.7765,0.5602,0.7179,0.7765,,,
trade,2022-05-02,MSFT,Long,2022-05-02T19:27:00+00:00,2022-05-02T19:28:00+00:00,282.9816,283.0884,320.76,34.25,0.000377,60000,SessionClose,0.6311,0.6364,0.4671,0.5858,0.7765,0.5193,0.5858,0.7765,,,
summary,2022-05-02,MSFT,,,,,,,328.71,,6,,,,,,,,,,0.7612,2022-05-02T19:32:00+00:00,204,1010
summary,2022-05-03,SPY,,,,,,,0.00,,0,,,,,,,,,,0.8090,2022-05-02T19:32:00+00:00,888,1509
summary,2022-05-03,QQQ,,,,,,,0.00,,0,,,,,,,,,,0.7673,2022-05-02T19:34:00+00:00,931,1565
summary,2022-05-03,AAPL,,,,,,,0.00,,0,,,,,,,,,,0.7891,2022-05-02T19:32:00+00:00,883,1447
trade,2022-05-03,NVDA,Long,2022-05-03T17:11:00+00:00,2022-05-03T17:12:00+00:00,195.5441,195.6958,359.91,54.58,0.000776,60000,SessionClose,0.6067,0.6441,0.1240,0.5803,0.8203,0.4979,0.5803,0.8203,,,
trade,2022-05-03,NVDA,Long,2022-05-03T17:14:00+00:00,2022-05-03T17:15:00+00:00,196.4484,196.5557,363.66,39.02,0.000546,60000,SessionClose,0.6493,0.6488,0.5504,0.5803,0.8203,0.5447,0.5803,0.8203,,,
trade,2022-05-03,NVDA,Long,2022-05-03T17:17:00+00:00,2022-05-03T17:18:00+00:00,196.8368,196.9156,366.05,28.86,0.000401,60000,SessionClose,0.6583,0.6587,0.5485,0.5955,0.8203,0.5530,0.5955,0.8203,,,
trade,2022-05-03,NVDA,Long,2022-05-03T17:20:00+00:00,2022-05-03T17:21:00+00:00,197.0544,196.7856,368.38,-99.01,-0.001364,60000,SessionClose,0.6561,0.5869,0.5270,0.5955,0.8203,0.3367,0.5118,0.8203,,,
trade,2022-05-03,NVDA,Long,2022-05-03T17:23:00+00:00,2022-05-03T17:24:00+00:00,197.0644,196.5457,362.93,-188.26,-0.002632,60000,SessionClose,0.5988,0.5290,0.4558,0.5118,0.8203,-0.2420,0.5118,0.8203,,,
trade,2022-05-03,NVDA,Long,2022-05-03T17:31:00+00:00,2022-05-03T17:32:00+00:00,196.9644,196.9456,351.90,-6.61,-0.000095,60000,SessionClose,0.6157,0.6334,0.1801,0.5860,0.8203,0.3575,0.5860,0.8203,,,
trade,2022-05-03,NVDA,Long,2022-05-03T17:34:00+00:00,2022-05-03T17:35:00+00:00,197.0944,197.1556,352.29,21.54,0.000310,60000,SessionClose,0.6209,0.6438,0.2325,0.5860,0.8203,0.4608,0.5860,0.8203,,,
trade,2022-05-03,NVDA,Long,2022-05-03T17:37:00+00:00,2022-05-03T17:38:00+00:00,197.4845,197.4855,354.53,0.36,0.000005,60000,SessionClose,0.6663,0.6639,0.5472,0.6091,0.8203,0.5229,0.6091,0.8203,,,
trade,2022-05-03,NVDA,Long,2022-05-03T17:40:00+00:00,2022-05-03T17:41:00+00:00,197.7345,197.7304,355.02,-1.45,-0.000021,60000,SessionClose,0.6652,0.6809,0.5366,0.6091,0.8203,0.5598,0.6314,0.8203,,,
trade,2022-05-03,NVDA,Long,2022-05-03T17:43:00+00:00,2022-05-03T17:44:00+00:00,197.7545,197.6043,355.67,-53.45,-0.000760,60000,SessionClose,0.6599,0.6532,0.3495,0.6314,0.8203,0.2824,0.6314,0.8203,,,
summary,2022-05-03,NVDA,,,,,,,-204.42,,10,,,,,,,,,,0.8839,2022-05-02T13:43:00+00:00,926,1360
summary,2022-05-03,MSFT,,,,,,,0.00,,0,,,,,,,,,,0.7644,2022-05-02T19:32:00+00:00,686,1134
summary,2022-05-04,SPY,,,,,,,0.00,,0,,,,,,,,,,0.8090,2022-05-02T19:32:00+00:00,1457,2308
trade,2022-05-04,QQQ,Long,2022-05-04T18:51:00+00:00,2022-05-04T18:52:00+00:00,322.6695,323.2403,191.06,109.06,0.001769,60000,SessionClose,0.6075,0.6260,0.3834,0.6589,0.5792,0.5685,0.6589,0.5792,,,
trade,2022-05-04,QQQ,Long,2022-05-04T18:54:00+00:00,2022-05-04T18:55:00+00:00,324.8200,324.8000,195.34,-3.89,-0.000061,60000,SessionClose,0.6318,0.6334,0.6272,0.6589,0.5792,0.6428,0.6589,0.5792,,,
trade,2022-05-04,QQQ,Long,2022-05-04T18:57:00+00:00,2022-05-04T18:58:00+00:00,325.1100,324.6885,208.99,-88.08,-0.001296,60000,SessionClose,0.6599,0.6517,0.5775,0.7141,0.5792,0.4949,0.7141,0.5792,,,
trade,2022-05-04,QQQ,Long,2022-05-04T19:00:00+00:00,2022-05-04T19:01:00+00:00,325.0100,325.1999,205.72,39.08,0.000584,60000,SessionClose,0.6495,0.6938,0.4731,0.7141,0.5792,0.4909,0.7477,0.6537,,,
trade,2022-05-04,QQQ,Long,2022-05-04T19:03:00+00:00,2022-05-04T19:04:00+00:00,325.6101,324.6301,216.83,-212.50,-0.003010,60000,SessionClose,0.6945,0.6325,0.4975,0.7477,0.6537,-0.1224,0.7477,0.6537,,,
trade,2022-05-04,QQQ,Long,2022-05-04T19:06:00+00:00,2022-05-04T19:07:00+00:00,325.4401,324.9000,221.09,-119.40,-0.001660,60000,SessionClose,0.7017,0.6635,0.2986,0.7929,0.6537,-0.0837,0.7929,0.6537,,,
trade,2022-05-04,QQQ,Long,2022-05-04T19:09:00+00:00,2022-05-04T19:10:00+00:00,326.1502,325.8198,216.01,-71.37,-0.001013,60000,SessionClose,0.7248,0.7145,0.5297,0.7929,0.6537,0.4265,0.7929,0.6537,,,
trade,2022-05-04,QQQ,Long,2022-05-04T19:12:00+00:00,2022-05-04T19:13:00+00:00,326.2902,326.7796,225.14,110.18,0.001500,60000,SessionClose,0.7631,0.7679,0.5325,0.8562,0.6537,0.5811,0.8562,0.6537,,,
trade,2022-05-04,QQQ,Long,2022-05-04T19:15:00+00:00,2022-05-04T19:16:00+00:00,327.1604,327.0396,230.97,-27.91,-0.000369,60000,SessionClose,0.7665,0.6842,0.5665,0.8562,0.6537,0.5684,0.7187,0.6537,,,
trade,2022-05-04,QQQ,Long,2022-05-04T19:18:00+00:00,2022-05-04T19:19:00+00:00,328.0006,326.7796,235.38,-287.39,-0.003722,60000,SessionClose,0.6862,0.6261,0.5886,0.7187,0.6537,-0.0127,0.7187,0.6537,,,
trade,2022-05-04,QQQ,Long,2022-05-04T19:21:00+00:00,2022-05-04T19:22:00+00:00,327.1604,326.5997,236.61,-132.68,-0.001714,60000,SessionClose,0.6699,0.6381,0.1443,0.7656,0.6537,-0.1739,0.7656,0.6537,,,
summary,2022-05-04,QQQ,,,,,,,-684.91,,11,,,,,,,,,,0.7679,2022-05-04T19:12:00+00:00,1449,2390
trade,2022-05-04,AAPL,Long,2022-05-04T19:11:00+00:00,2022-05-04T19:12:00+00:00,164.1158,164.0222,293.38,-27.47,-0.000570,60000,SessionClose,0.5884,0.5838,0.4328,0.5773,0.6626,0.3859,0.5773,0.6626,,,
trade,2022-05-04,AAPL,Long,2022-05-04T19:14:00+00:00,2022-05-04T19:15:00+00:00,164.4379,164.3461,292.07,-26.80,-0.000558,60000,SessionClose,0.5999,0.5973,0.5471,0.5773,0.6626,0.5216,0.5773,0.6626,,,
trade,2022-05-04,AAPL,Long,2022-05-04T19:26:00+00:00,2022-05-04T19:27:00+00:00,164.8880,164.6121,290.76,-80.22,-0.001673,60000,SessionClose,0.5989,0.5637,0.4902,0.5852,0.6626,0.1379,0.5852,0.6626,,,
trade,2022-05-04,AAPL,Long,2022-05-04T19:29:00+00:00,2022-05-04T19:30:00+00:00,165.0230,164.9270,286.36,-27.49,-0.000582,60000,SessionClose,0.6048,0.5986,0.5488,0.5852,0.6626,0.4870,0.5852,0.6626,,,
summary,2022-05-04,AAPL,,,,,,,-161.97,,4,,,,,,,,,,0.7891,2022-05-02T19:32:00+00:00,1468,2197
trade,2022-05-04,NVDA,Long,2022-05-04T18:46:00+00:00,2022-05-04T18:47:00+00:00,194.8540,195.9457,211.82,231.25,0.005603,60000,SessionClose,0.7008,0.7064,0.7576,0.7389,0.6055,0.8143,0.7389,0.6055,,,
trade,2022-05-04,NVDA,Long,2022-05-04T18:49:00+00:00,2022-05-04T18:50:00+00:00,197.4195,197.2680,220.23,-33.35,-0.000767,60000,SessionClose,0.7019,0.6978,0.7688,0.7389,0.6055,0.7279,0.7389,0.6055,,,
trade,2022-05-04,NVDA,Long,2022-05-04T18:52:00+00:00,2022-05-04T18:53:00+00:00,196.8544,196.9556,226.66,22.95,0.000514,60000,SessionClose,0.7038,0.7074,0.5051,0.7861,0.6055,0.5409,0.7861,0.6055,,,
trade,2022-05-04,NVDA,Long,2022-05-04T18:55:00+00:00,2022-05-04T18:56:00+00:00,197.8641,197.9204,227.66,12.83,0.000285,60000,SessionClose,0.7166,0.7714,0.6328,0.7861,0.6055,0.6162,0.8803,0.6055,,,
trade,2022-05-04,NVDA,Long,2022-05-04T18:58:00+00:00,2022-05-04T18:59:00+00:00,198.3147,198.0554,235.82,-61.14,-0.001307,60000,SessionClose,0.7606,0.7459,0.5076,0.8803,0.6055,0.3615,0.8803,0.6055,,,
trade,2022-05-04,NVDA,Long,2022-05-04T19:01:00+00:00,2022-05-04T19:02:00+00:00,199.1889,199.4701,242.30,68.13,0.001412,60000,SessionClose,0.8148,0.8170,0.5460,0.9395,0.6551,0.5678,0.9395,0.6551,,,
trade,2022-05-04,NVDA,Long,2022-05-04T19:04:00+00:00,2022-05-04T19:05:00+00:00,199.6249,199.8043,245.37,44.02,0.000899,60000,SessionClose,0.8147,0.8147,0.5448,0.9395,0.6551,0.5447,0.9395,0.6551,,,
trade,2022-05-04,NVDA,Long,2022-05-04T19:07:00+00:00,2022-05-04T19:08:00+00:00,199.7849,200.1950,264.64,108.50,0.002052,60000,SessionClose,0.7729,0.7976,0.3032,0.9100,0.6551,0.5505,0.9100,0.6551,,,
trade,2022-05-04,NVDA,Long,2022-05-04T19:10:00+00:00,2022-05-04T19:11:00+00:00,200.2850,200.3449,269.57,16.14,0.000299,60000,SessionClose,0.7711,0.8293,0.2858,0.9100,0.6551,0.4220,0.9843,0.6551,,,
trade,2022-05-04,NVDA,Long,2022-05-04T19:13:00+00:00,2022-05-04T19:14:00+00:00,201.6603,201.7046,274.91,12.16,0.000219,60000,SessionClose,0.8459,0.8407,0.5878,0.9843,0.6551,0.5357,0.9843,0.6551,,,
trade,2022-05-04,NVDA,Long,2022-05-04T19:16:00+00:00,2022-05-04T19:17:00+00:00,201.7653,203.0700,264.02,344.45,0.006466,60000,SessionClose,0.7659,0.7781,0.5133,0.8634,0.6551,0.6355,0.8634,0.6551,,,
trade,2022-05-04,NVDA,Long,2022-05-04T19:19:00+00:00,2022-05-04T19:20:00+00:00,202.2654,201.2347,278.77,-287.33,-0.005096,60000,SessionClose,0.7228,0.6847,0.0825,0.8634,0.6551,-0.2987,0.8634,0.6551,,,
trade,2022-05-04,NVDA,Long,2022-05-04T19:22:00+00:00,2022-05-04T19:23:00+00:00,201.9654,201.7246,275.25,-66.26,-0.001192,60000,SessionClose,0.7323,0.7233,-0.0478,0.9008,0.6551,-0.1377,0.9008,0.6551,,,
trade,2022-05-04,NVDA,Long,2022-05-04T19:25:00+00:00,2022-05-04T19:26:00+00:00,202.0853,202.2945,272.69,57.05,0.001035,60000,SessionClose,0.7357,0.7490,-0.0136,0.9008,0.6551,0.1608,0.8939,0.6551,,,
trade,2022-05-04,NVDA,Long,2022-05-04T19:28:00+00:00,2022-05-04T19:29:00+00:00,202.7111,202.4945,300.60,-65.12,-0.001069,60000,SessionClose,0.7630,0.7531,0.3016,0.8939,0.6551,0.2025,0.8939,0.6551,,,
summary,2022-05-04,NVDA,,,,,,,404.27,,15,,,,,,,,,,0.8839,2022-05-02T13:43:00+00:00,1399,2167
trade,2022-05-04,MSFT,Long,2022-05-04T19:01:00+00:00,2022-05-04T19:02:00+00:00,285.9522,286.1078,245.93,38.26,0.000544,60000,SessionClose,0.5844,0.5895,0.4672,0.5801,0.6322,0.5177,0.5801,0.6322,,,
trade,2022-05-04,MSFT,Long,2022-05-04T19:06:00+00:00,2022-05-04T19:07:00+00:00,286.0522,285.1680,260.42,-230.27,-0.003091,60000,SessionClose,0.6078,0.5510,0.2251,0.6594,0.6322,-0.3434,0.6594,0.6322,,,
trade,2022-05-04,MSFT,Long,2022-05-04T19:09:00+00:00,2022-05-04T19:10:00+00:00,286.3022,286.1278,248.94,-43.44,-0.000609,60000,SessionClose,0.6318,0.6285,0.4654,0.6594,0.6322,0.4316,0.6594,0.6322,,,
trade,2022-05-04,MSFT,Long,2022-05-04T19:12:00+00:00,2022-05-04T19:13:00+00:00,286.4023,286.8876,263.74,128.01,0.001695,60000,SessionClose,0.6523,0.6696,0.4067,0.7032,0.6322,0.5800,0.7032,0.6322,,,
trade,2022-05-04,MSFT,Long,2022-05-04T19:15:00+00:00,2022-05-04T19:16:00+00:00,287.0424,286.8776,271.46,-44.73,-0.000574,60000,SessionClose,0.6656,0.5731,0.5403,0.7032,0.6322,0.5065,0.5547,0.6322,,,
trade,2022-05-04,MSFT,Long,2022-05-04T19:18:00+00:00,2022-05-04T19:19:00+00:00,287.6275,286.9076,277.33,-199.65,-0.002503,60000,SessionClose,0.5803,0.5318,0.5780,0.5547,0.6322,0.0935,0.5547,0.6322,,,
trade,2022-05-04,MSFT,Long,2022-05-04T19:25:00+00:00,2022-05-04T19:26:00+00:00,287.0624,287.4875,281.35,119.60,0.001481,60000,SessionClose,0.5858,0.6593,0.2466,0.6192,0.6322,0.5442,0.6920,0.6322,,,
trade,2022-05-04,MSFT,Long,2022-05-04T19:28:00+00:00,2022-05-04T19:29:00+00:00,287.8726,287.7374,291.03,-39.32,-0.000469,60000,SessionClose,0.6607,0.6587,0.5587,0.6920,0.6322,0.5382,0.6920,0.6322,,,
summary,2022-05-04,MSFT,,,,,,,-271.55,,8,,,,,,,,,,0.7644,2022-05-02T19:32:00+00:00,984,1677
summary,2022-05-05,SPY,,,,,,,0.00,,0,,,,,,,,,,0.9070,2022-05-02T14:25:00+00:00,1808,2969
summary,2022-05-05,QQQ,,,,,,,0.00,,0,,,,,,,,,,0.9329,2022-05-02T13:43:00+00:00,1774,3020
summary,2022-05-05,AAPL,,,,,,,0.00,,0,,,,,,,,,,0.9150,2022-05-02T14:30:00+00:00,1708,2748
summary,2022-05-05,NVDA,,,,,,,0.00,,0,,,,,,,,,,1.0000,2022-05-02T13:39:00+00:00,1644,2737
summary,2022-05-05,MSFT,,,,,,,0.00,,0,,,,,,,,,,0.9281,2022-05-02T13:43:00+00:00,1093,2148
summary,2022-05-06,SPY,,,,,,,0.00,,0,,,,,,,,,,0.8037,2022-05-04T19:12:00+00:00,1296,3000
summary,2022-05-06,QQQ,,,,,,,0.00,,0,,,,,,,,,,0.9070,2022-05-03T14:00:00+00:00,1280,3045
summary,2022-05-06,AAPL,,,,,,,0.00,,0,,,,,,,,,,0.8963,2022-05-03T14:01:00+00:00,1450,2795
summary,2022-05-06,NVDA,,,,,,,0.00,,0,,,,,,,,,,0.9289,2022-05-03T14:00:00+00:00,1123,2753
summary,2022-05-06,MSFT,,,,,,,0.00,,0,,,,,,,,,,0.7905,2022-05-04T19:31:00+00:00,634,2199
summary,2022-05-09,SPY,,,,,,,0.00,,0,,,,,,,,,,0.9629,2022-05-06T14:47:00+00:00,271,1201
summary,2022-05-09,QQQ,,,,,,,0.00,,0,,,,,,,,,,0.9632,2022-05-06T14:46:00+00:00,181,1199
summary,2022-05-09,AAPL,,,,,,,0.00,,0,,,,,,,,,,0.9553,2022-05-06T14:58:00+00:00,231,1183
summary,2022-05-09,NVDA,,,,,,,0.00,,0,,,,,,,,,,0.9733,2022-05-06T14:49:00+00:00,368,1125
summary,2022-05-09,MSFT,,,,,,,0.00,,0,,,,,,,,,,0.9608,2022-05-06T14:58:00+00:00,192,1036
trade,2022-05-10,SPY,Long,2022-05-10T17:36:00+00:00,2022-05-10T17:37:00+00:00,400.3351,400.2049,300.00,-39.03,-0.000325,60000,SessionClose,0.5888,0.5865,0.5982,0.6464,0.4703,0.5614,0.6464,0.4750,,,
trade,2022-05-10,SPY,Long,2022-05-10T17:39:00+00:00,2022-05-10T17:40:00+00:00,400.6151,400.5849,298.42,-9.02,-0.000075,60000,SessionClose,0.5930,0.5978,0.5616,0.6464,0.4965,0.5732,0.6464,0.5087,,,
trade,2022-05-10,SPY,Long,2022-05-10T17:42:00+00:00,2022-05-10T17:43:00+00:00,401.6853,401.4047,298.47,-83.75,-0.000699,60000,SessionClose,0.6588,0.6529,0.5867,0.7029,0.5946,0.5481,0.7029,0.5879,,,
trade,2022-05-10,SPY,Long,2022-05-10T17:45:00+00:00,2022-05-10T17:46:00+00:00,401.4353,401.4047,294.29,-9.00,-0.000076,60000,SessionClose,0.6293,0.6916,0.3609,0.7029,0.5717,0.4747,0.7806,0.5858,,,
trade,2022-05-10,SPY,Long,2022-05-10T17:48:00+00:00,2022-05-10T17:49:00+00:00,402.3354,402.1546,294.42,-53.26,-0.000450,60000,SessionClose,0.7191,0.7194,0.5403,0.7806,0.6557,0.5413,0.7806,0.6564,,,
trade,2022-05-10,SPY,Long,2022-05-10T17:51:00+00:00,2022-05-10T17:52:00+00:00,402.4755,401.7596,291.98,-209.01,-0.001779,60000,SessionClose,0.6794,0.6091,0.5180,0.7129,0.6664,-0.0459,0.7129,0.6199,,,
trade,2022-05-10,SPY,Long,2022-05-10T17:54:00+00:00,2022-05-10T17:55:00+00:00,402.3054,402.2645,280.27,-11.47,-0.000102,60000,SessionClose,0.6573,0.6704,0.3318,0.7129,0.6547,0.4269,0.7129,0.6667,,,
trade,2022-05-10,SPY,Long,2022-05-10T17:57:00+00:00,2022-05-10T17:58:00+00:00,402.7855,402.3445,280.39,-123.66,-0.001095,60000,SessionClose,0.7057,0.6712,0.5336,0.7426,0.6892,0.2376,0.7426,0.6729,,,
trade,2022-05-10,SPY,Long,2022-05-10T18:00:00+00:00,2022-05-10T18:01:00+00:00,403.1856,402.7244,273.69,-126.22,-0.001144,60000,SessionClose,0.7064,0.6030,0.5407,0.7426,0.6892,0.2808,0.6903,0.5360,,,
summary,2022-05-10,SPY,,,,,,,-664.42,,9,,,,,,,,,,0.7255,2022-05-10T17:49:00+00:00,525,1613
trade,2022-05-10,QQQ,Long,2022-05-10T17:31:00+00:00,2022-05-10T17:32:00+00:00,301.3452,301.1548,278.87,-53.10,-0.000632,60000,SessionClose,0.6131,0.6080,0.6104,0.6081,0.6239,0.5859,0.6081,0.6151,,,
trade,2022-05-10,QQQ,Long,2022-05-10T17:34:00+00:00,2022-05-10T17:35:00+00:00,301.4753,301.8736,276.23,110.03,0.001321,60000,SessionClose,0.6120,0.6331,0.5561,0.6081,0.6384,0.6074,0.6081,0.6915,,,
trade,2022-05-10,QQQ,Long,2022-05-10T17:37:00+00:00,2022-05-10T17:38:00+00:00,302.5955,302.4945,283.30,-28.62,-0.000334,60000,SessionClose,0.6600,0.6597,0.5669,0.6599,0.6915,0.5635,0.6599,0.6915,,,
trade,2022-05-10,QQQ,Long,2022-05-10T17:40:00+00:00,2022-05-10T17:41:00+00:00,302.8756,303.5193,282.54,181.88,0.002125,60000,SessionClose,0.6594,0.6970,0.5605,0.6599,0.6915,0.5963,0.7166,0.6915,,,
trade,2022-05-10,QQQ,Long,2022-05-10T17:43:00+00:00,2022-05-10T17:44:00+00:00,303.7457,303.8142,294.14,20.14,0.000225,60000,SessionClose,0.6919,0.6933,0.5450,0.7166,0.6915,0.5592,0.7166,0.6915,,,
trade,2022-05-10,QQQ,Long,2022-05-10T17:46:00+00:00,2022-05-10T17:47:00+00:00,303.7457,303.7142,295.75,-9.31,-0.000104,60000,SessionClose,0.7376,0.7432,0.4354,0.8110,0.6915,0.4916,0.8110,0.6915,,,
trade,2022-05-10,QQQ,Long,2022-05-10T17:49:00+00:00,2022-05-10T17:50:00+00:00,304.4059,304.5541,295.60,43.81,0.000487,60000,SessionClose,0.7474,0.7504,0.5336,0.8110,0.6915,0.5641,0.8110,0.6915,,,
trade,2022-05-10,QQQ,Long,2022-05-10T17:52:00+00:00,2022-05-10T17:53:00+00:00,303.9958,303.9405,298.55,-16.51,-0.000182,60000,SessionClose,0.6179,0.6281,-0.1041,0.7015,0.6915,-0.0024,0.7015,0.6915,,,
trade,2022-05-10,QQQ,Long,2022-05-10T17:55:00+00:00,2022-05-10T17:56:00+00:00,304.3859,304.2741,298.12,-33.31,-0.000367,60000,SessionClose,0.6564,0.6914,0.2804,0.7015,0.6915,0.3171,0.7537,0.6915,,,
trade,2022-05-10,QQQ,Long,2022-05-10T17:58:00+00:00,2022-05-10T17:59:00+00:00,304.4314,304.6940,296.80,77.96,0.000863,60000,SessionClose,0.6721,0.7109,0.1241,0.7537,0.6915,0.5126,0.7537,0.6915,,,
trade,2022-05-10,QQQ,Long,2022-05-10T18:01:00+00:00,2022-05-10T18:02:00+00:00,304.7159,304.4141,302.07,-91.17,-0.000991,60000,SessionClose,0.5923,0.5646,0.2268,0.6626,0.5736,-0.0507,0.6626,0.5736,,,
trade,2022-05-10,QQQ,Long,2022-05-10T18:04:00+00:00,2022-05-10T18:05:00+00:00,304.9760,304.7440,297.37,-68.97,-0.000761,60000,SessionClose,0.6048,0.5896,0.3513,0.6626,0.5736,0.1994,0.6626,0.5736,,,
summary,2022-05-10,QQQ,,,,,,,132.84,,12,,,,,,,,,,0.7504,2022-05-10T17:49:00+00:00,530,1656
trade,2022-05-10,AAPL,Long,2022-05-10T17:30:00+00:00,2022-05-10T17:31:00+00:00,154.6923,154.7767,283.96,23.97,0.000546,60000,SessionClose,0.5800,0.6055,0.5935,0.4664,0.8028,0.5629,0.5140,0.8028,,,
trade,2022-05-10,AAPL,Long,2022-05-10T17:33:00+00:00,2022-05-10T17:34:00+00:00,155.0860,154.9340,285.72,-43.43,-0.000980,60000,SessionClose,0.6092,0.6026,0.5995,0.5140,0.8028,0.5335,0.5140,0.8028,,,
trade,2022-05-10,AAPL,Long,2022-05-10T17:36:00+00:00,2022-05-10T17:37:00+00:00,155.5711,155.3939,283.26,-50.19,-0.001139,60000,SessionClose,0.6360,0.6314,0.5983,0.5590,0.8028,0.5517,0.5590,0.8028,,,
trade,2022-05-10,AAPL,Long,2022-05-10T17:39:00+00:00,2022-05-10T17:40:00+00:00,155.6361,155.6339,280.64,-0.63,-0.000014,60000,SessionClose,0.6326,0.6344,0.5639,0.5590,0.8028,0.5816,0.5590,0.8028,,,
trade,2022-05-10,AAPL,Long,2022-05-10T17:42:00+00:00,2022-05-10T17:43:00+00:00,156.1362,156.0888,280.82,-13.32,-0.000304,60000,SessionClose,0.6623,0.6597,0.5902,0.6041,0.8028,0.5639,0.6041,0.8028,,,
trade,2022-05-10,AAPL,Long,2022-05-10T17:45:00+00:00,2022-05-10T17:46:00+00:00,156.0562,155.9538,280.37,-28.71,-0.000656,60000,SessionClose,0.6360,0.6761,0.3264,0.6041,0.8028,0.2969,0.6760,0.8028,,,
trade,2022-05-10,AAPL,Long,2022-05-10T17:48:00+00:00,2022-05-10T17:49:00+00:00,156.3913,156.3737,278.95,-4.90,-0.000112,60000,SessionClose,0.7008,0.7027,0.5443,0.6760,0.8028,0.5623,0.6760,0.8028,,,
trade,2022-05-10,AAPL,Long,2022-05-10T17:51:00+00:00,2022-05-10T17:52:00+00:00,156.4913,156.1838,278.87,-85.76,-0.001965,60000,SessionClose,0.6438,0.5946,0.5190,0.5851,0.8028,0.0272,0.5851,0.8028,,,
trade,2022-05-10,AAPL,Long,2022-05-10T17:54:00+00:00,2022-05-10T17:55:00+00:00,156.3963,156.4137,274.28,4.78,0.000111,60000,SessionClose,0.6189,0.6317,0.2699,0.5851,0.8028,0.3978,0.5851,0.8028,,,
trade,2022-05-10,AAPL,Long,2022-05-10T17:57:00+00:00,2022-05-10T17:58:00+00:00,156.6863,156.4137,274.70,-74.89,-0.001740,60000,SessionClose,0.6650,0.6187,0.5117,0.6216,0.8028,0.0491,0.6216,0.8028,,,
trade,2022-05-10,AAPL,Long,2022-05-10T18:00:00+00:00,2022-05-10T18:01:00+00:00,156.7363,156.5737,270.35,-43.97,-0.001038,60000,SessionClose,0.6666,0.5329,0.5280,0.6216,0.8028,0.2706,0.4995,0.6871,,,
summary,2022-05-10,AAPL,,,,,,,-317.06,,11,,,,,,,,,,0.7031,2022-05-10T17:49:00+00:00,602,1559
summary,2022-05-10,NVDA,,,,,,,0.00,,0,,,,,,,,,,0.8528,2022-05-10T18:03:00+00:00,655,1511
trade,2022-05-10,MSFT,Long,2022-05-10T17:27:00+00:00,2022-05-10T17:28:00+00:00,268.9388,268.7212,283.60,-61.69,-0.000809,60000,SessionClose,0.5836,0.5737,0.5257,0.4695,0.8312,0.4259,0.4695,0.8312,,,
trade,2022-05-10,MSFT,Long,2022-05-10T17:30:00+00:00,2022-05-10T17:31:00+00:00,269.7415,270.1160,280.40,104.99,0.001388,60000,SessionClose,0.5899,0.6247,0.5886,0.4695,0.8312,0.5865,0.5278,0.8312,,,
trade,2022-05-10,MSFT,Long,2022-05-10T17:33:00+00:00,2022-05-10T17:34:00+00:00,270.2590,269.9110,286.81,-99.82,-0.001288,60000,SessionClose,0.6241,0.6130,0.5803,0.5278,0.8312,0.4698,0.5278,0.8312,,,
trade,2022-05-10,MSFT,Long,2022-05-10T17:36:00+00:00,2022-05-10T17:37:00+00:00,271.0592,271.0308,281.42,-8.00,-0.000105,60000,SessionClose,0.6805,0.6788,0.5952,0.6193,0.8312,0.5788,0.6193,0.8312,,,
trade,2022-05-10,MSFT,Long,2022-05-10T17:39:00+00:00,2022-05-10T17:40:00+00:00,271.5793,271.6807,281.27,28.51,0.000373,60000,SessionClose,0.6805,0.6819,0.5959,0.6193,0.8312,0.6093,0.6193,0.8312,,,
trade,2022-05-10,MSFT,Long,2022-05-10T17:42:00+00:00,2022-05-10T17:43:00+00:00,272.7795,272.8504,283.40,20.09,0.000260,60000,SessionClose,0.7546,0.7518,0.6138,0.7398,0.8312,0.5859,0.7398,0.8312,,,
trade,2022-05-10,MSFT,Long,2022-05-10T17:45:00+00:00,2022-05-10T17:46:00+00:00,272.7895,272.7504,285.02,-11.15,-0.000143,60000,SessionClose,0.7453,0.7758,0.5204,0.7398,0.8312,0.5284,0.7893,0.8312,,,
trade,2022-05-10,MSFT,Long,2022-05-10T17:48:00+00:00,2022-05-10T17:49:00+00:00,273.4697,273.2203,285.03,-71.07,-0.000912,60000,SessionClose,0.7785,0.7749,0.5557,0.7893,0.8312,0.5193,0.7893,0.8312,,,
trade,2022-05-10,MSFT,Long,2022-05-10T17:51:00+00:00,2022-05-10T17:52:00+00:00,273.4297,272.7404,280.85,-193.57,-0.002521,60000,SessionClose,0.6731,0.6210,0.4177,0.6367,0.8312,-0.1037,0.6367,0.8312,,,
trade,2022-05-10,MSFT,Long,2022-05-10T17:54:00+00:00,2022-05-10T17:55:00+00:00,273.1346,273.0704,270.16,-17.36,-0.000235,60000,SessionClose,0.6469,0.6475,0.1555,0.6367,0.8312,0.1610,0.6367,0.8312,,,
summary,2022-05-10,MSFT,,,,,,,-309.08,,10,,,,,,,,,,0.7785,2022-05-10T17:47:00+00:00,527,1314
summary,2022-05-11,SPY,,,,,,,0.00,,0,,,,,,,,,,0.7255,2022-05-10T17:49:00+00:00,832,2496
trade,2022-05-11,QQQ,Long,2022-05-11T13:48:00+00:00,2022-05-11T14:51:00+00:00,301.0152,300.3649,223.43,-145.29,-0.002160,3780000,ScoreExit,0.5814,-0.1645,0.6334,0.7177,0.2917,-0.5450,-0.2487,0.1306,,,
summary,2022-05-11,QQQ,,,,,,,-145.29,,1,,,,,,,,,,0.7504,2022-05-10T17:49:00+00:00,898,2562
summary,2022-05-11,AAPL,,,,,,,0.00,,0,,,,,,,,,,0.7031,2022-05-10T17:49:00+00:00,899,2368
summary,2022-05-11,NVDA,,,,,,,0.00,,0,,,,,,,,,,0.8528,2022-05-10T18:03:00+00:00,967,2290
summary,2022-05-11,MSFT,,,,,,,0.00,,0,,,,,,,,,,0.7785,2022-05-10T17:47:00+00:00,693,1971
summary,2022-05-12,SPY,,,,,,,0.00,,0,,,,,,,,,,0.6721,2022-05-10T17:49:00+00:00,858,3105
summary,2022-05-12,QQQ,,,,,,,0.00,,0,,,,,,,,,,0.8767,2022-05-09T13:38:00+00:00,1021,3179
summary,2022-05-12,AAPL,,,,,,,0.00,,0,,,,,,,,,,0.7142,2022-05-10T17:49:00+00:00,909,2997
summary,2022-05-12,NVDA,,,,,,,0.00,,0,,,,,,,,,,1.0000,2022-05-09T13:41:00+00:00,838,2864
summary,2022-05-12,MSFT,,,,,,,0.00,,0,,,,,,,,,,0.7911,2022-05-10T17:47:00+00:00,708,2522
summary,2022-05-13,SPY,,,,,,,0.00,,0,,,,,,,,,,0.8259,2022-05-10T17:49:00+00:00,1167,3089
summary,2022-05-13,QQQ,,,,,,,0.00,,0,,,,,,,,,,0.9038,2022-05-10T14:04:00+00:00,1270,3179
summary,2022-05-13,AAPL,,,,,,,0.00,,0,,,,,,,,,,0.8422,2022-05-10T14:06:00+00:00,868,3030
summary,2022-05-13,NVDA,,,,,,,0.00,,0,,,,,,,,,,0.9448,2022-05-10T13:57:00+00:00,1084,2848
summary,2022-05-13,MSFT,,,,,,,0.00,,0,,,,,,,,,,0.9006,2022-05-10T14:03:00+00:00,714,2492
summary,2022-05-16,SPY,,,,,,,0.00,,0,,,,,,,,,,0.9111,2022-05-13T14:54:00+00:00,736,1146
summary,2022-05-16,QQQ,,,,,,,0.00,,0,,,,,,,,,,0.9576,2022-05-13T14:54:00+00:00,755,1167
summary,2022-05-16,AAPL,,,,,,,0.00,,0,,,,,,,,,,0.9584,2022-05-13T14:54:00+00:00,730,1115
trade,2022-05-16,NVDA,Long,2022-05-16T14:30:00+00:00,2022-05-16T14:46:00+00:00,177.8006,174.9200,382.79,-1102.65,-0.016201,960000,ScoreExit,0.6028,-0.1021,0.5472,0.6239,0.5791,-0.5147,-0.1803,0.1919,,,
trade,2022-05-16,NVDA,Long,2022-05-16T17:39:00+00:00,2022-05-16T17:40:00+00:00,175.6401,175.5099,362.73,-47.24,-0.000741,60000,SessionClose,0.5926,0.5707,0.5095,0.5324,0.7409,0.3593,0.5324,0.7177,,,
trade,2022-05-16,NVDA,Long,2022-05-16T18:06:00+00:00,2022-05-16T18:07:00+00:00,176.4503,176.1098,360.22,-122.66,-0.001930,60000,SessionClose,0.5966,0.5878,0.5937,0.5838,0.6232,0.5055,0.5838,0.6232,,,
trade,2022-05-16,NVDA,Long,2022-05-16T18:09:00+00:00,2022-05-16T18:10:00+00:00,176.4103,176.4147,353.30,1.57,0.000025,60000,SessionClose,0.5926,0.5946,0.5535,0.5838,0.6232,0.5737,0.5838,0.6232,,,
summary,2022-05-16,NVDA,,,,,,,-1270.98,,4,,,,,,,,,,0.9669,2022-05-13T13:46:00+00:00,819,1073
trade,2022-05-16,MSFT,Long,2022-05-16T17:31:00+00:00,2022-05-16T17:32:00+00:00,262.6575,262.6775,298.97,5.96,0.000076,60000,SessionClose,0.6234,0.6241,0.5776,0.5565,0.7723,0.5845,0.5565,0.7723,,,
trade,2022-05-16,MSFT,Long,2022-05-16T17:34:00+00:00,2022-05-16T17:35:00+00:00,262.6575,262.9524,299.89,88.43,0.001123,60000,SessionClose,0.6129,0.6228,0.4726,0.5565,0.7723,0.5715,0.5565,0.7723,,,
trade,2022-05-16,MSFT,Long,2022-05-16T17:37:00+00:00,2022-05-16T17:38:00+00:00,263.1676,263.1523,306.07,-4.70,-0.000058,60000,SessionClose,0.6093,0.6112,0.5287,0.5412,0.7723,0.5478,0.5412,0.7723,,,
trade,2022-05-16,MSFT,Long,2022-05-16T17:40:00+00:00,2022-05-16T17:41:00+00:00,263.3577,263.4073,306.23,15.20,0.000189,60000,SessionClose,0.6116,0.6399,0.5521,0.5412,0.7723,0.5403,0.5903,0.7723,,,
trade,2022-05-16,MSFT,Long,2022-05-16T17:43:00+00:00,2022-05-16T17:44:00+00:00,263.3177,263.4723,307.35,47.53,0.000587,60000,SessionClose,0.6036,0.6344,0.1775,0.5903,0.7723,0.4855,0.5903,0.7723,,,
trade,2022-05-16,MSFT,Long,2022-05-16T17:51:00+00:00,2022-05-16T17:52:00+00:00,263.8278,264.0822,310.55,79.01,0.000964,60000,SessionClose,0.6057,0.6243,0.3647,0.5625,0.7723,0.5511,0.5625,0.7723,,,
trade,2022-05-16,MSFT,Long,2022-05-16T17:54:00+00:00,2022-05-16T17:55:00+00:00,264.0978,264.1422,315.94,14.01,0.000168,60000,SessionClose,0.6050,0.6195,0.3578,0.5625,0.7723,0.5026,0.5625,0.7723,,,
summary,2022-05-16,MSFT,,,,,,,245.44,,7,,,,,,,,,,0.9103,2022-05-13T13:53:00+00:00,585,957
summary,2022-05-17,SPY,,,,,,,0.00,,0,,,,,,,,,,0.6391,2022-05-17T08:38:00+00:00,955,1521
summary,2022-05-17,QQQ,,,,,,,0.00,,0,,,,,,,,,,0.6804,2022-05-17T08:16:00+00:00,885,1582
summary,2022-05-17,AAPL,,,,,,,0.00,,0,,,,,,,,,,0.8292,2022-05-16T09:15:00+00:00,965,1469
summary,2022-05-17,NVDA,,,,,,,0.00,,0,,,,,,,,,,0.8723,2022-05-17T08:16:00+00:00,810,1343
summary,2022-05-17,MSFT,,,,,,,0.00,,0,,,,,,,,,,0.8647,2022-05-16T09:04:00+00:00,812,1156
summary,2022-05-18,SPY,,,,,,,0.00,,0,,,,,,,,,,0.6391,2022-05-17T08:38:00+00:00,1184,2371
summary,2022-05-18,QQQ,,,,,,,0.00,,0,,,,,,,,,,0.6804,2022-05-17T08:16:00+00:00,1113,2438
summary,2022-05-18,AAPL,,,,,,,0.00,,0,,,,,,,,,,0.8292,2022-05-16T09:15:00+00:00,1185,2259
summary,2022-05-18,NVDA,,,,,,,0.00,,0,,,,,,,,,,0.8723,2022-05-17T08:16:00+00:00,1074,2117
summary,2022-05-18,MSFT,,,,,,,0.00,,0,,,,,,,,,,0.8647,2022-05-16T09:04:00+00:00,932,1777
summary,2022-05-19,SPY,,,,,,,0.00,,0,,,,,,,,,,0.8060,2022-05-16T14:29:00+00:00,1022,3038
summary,2022-05-19,QQQ,,,,,,,0.00,,0,,,,,,,,,,0.8875,2022-05-16T14:17:00+00:00,1133,3092
summary,2022-05-19,AAPL,,,,,,,0.00,,0,,,,,,,,,,0.8902,2022-05-16T13:43:00+00:00,1042,2949
summary,2022-05-19,NVDA,,,,,,,0.00,,0,,,,,,,,,,1.0000,2022-05-16T13:39:00+00:00,1316,2774
summary,2022-05-19,MSFT,,,,,,,0.00,,0,,,,,,,,,,0.7713,2022-05-16T15:53:00+00:00,1071,2393
summary,2022-05-20,SPY,,,,,,,0.00,,0,,,,,,,,,,0.6072,2022-05-17T19:04:00+00:00,727,3024
summary,2022-05-20,QQQ,,,,,,,0.00,,0,,,,,,,,,,0.6559,2022-05-17T19:04:00+00:00,775,3062
summary,2022-05-20,AAPL,,,,,,,0.00,,0,,,,,,,,,,0.6778,2022-05-17T13:33:00+00:00,530,2973
summary,2022-05-20,NVDA,,,,,,,0.00,,0,,,,,,,,,,1.0000,2022-05-17T13:33:00+00:00,1041,2792
summary,2022-05-20,MSFT,,,,,,,0.00,,0,,,,,,,,,,0.9309,2022-05-17T13:45:00+00:00,534,2346
summary,2022-05-23,SPY,,,,,,,0.00,,0,,,,,,,,,,0.8158,2022-05-20T19:58:00+00:00,723,1174
summary,2022-05-23,QQQ,,,,,,,0.00,,0,,,,,,,,,,0.8440,2022-05-20T19:58:00+00:00,749,1200
summary,2022-05-23,AAPL,,,,,,,0.00,,0,,,,,,,,,,0.9332,2022-05-20T13:43:00+00:00,810,1162
summary,2022-05-23,NVDA,,,,,,,0.00,,0,,,,,,,,,,0.9028,2022-05-20T19:55:00+00:00,652,1114
trade,2022-05-23,MSFT,Long,2022-05-23T15:04:00+00:00,2022-05-23T15:56:00+00:00,258.8768,259.7230,274.46,232.27,0.003269,3120000,SessionClose,0.5843,0.4179,0.5944,0.4444,0.8608,0.2118,0.2307,0.8608,,,
summary,2022-05-23,MSFT,,,,,,,232.27,,1,,,,,,,,,,0.8657,2022-05-20T13:54:00+00:00,613,1029
summary,2022-05-24,SPY,,,,,,,0.00,,0,,,,,,,,,,0.6470,2022-05-23T15:03:00+00:00,644,1579
summary,2022-05-24,QQQ,,,,,,,0.00,,0,,,,,,,,,,0.6672,2022-05-23T15:33:00+00:00,556,1629
summary,2022-05-24,AAPL,,,,,,,0.00,,0,,,,,,,,,,0.7685,2022-05-23T13:48:00+00:00,836,1521
summary,2022-05-24,NVDA,,,,,,,0.00,,0,,,,,,,,,,0.8077,2022-05-23T13:47:00+00:00,620,1408
summary,2022-05-24,MSFT,,,,,,,0.00,,0,,,,,,,,,,0.8109,2022-05-23T09:37:00+00:00,733,1215
summary,2022-05-25,SPY,,,,,,,0.00,,0,,,,,,,,,,0.6470,2022-05-23T15:03:00+00:00,1185,2447
summary,2022-05-25,QQQ,,,,,,,0.00,,0,,,,,,,,,,0.6672,2022-05-23T15:33:00+00:00,1000,2542
summary,2022-05-25,AAPL,,,,,,,0.00,,0,,,,,,,,,,0.7685,2022-05-23T13:48:00+00:00,1152,2370
trade,2022-05-25,NVDA,Long,2022-05-25T13:31:00+00:00,2022-05-25T15:05:00+00:00,162.0374,164.3421,281.41,648.57,0.014223,5640000,ScoreExit,0.5922,-0.0910,0.6288,0.7760,0.2124,-0.5286,-0.3558,0.5843,,,
trade,2022-05-25,NVDA,Long,2022-05-25T18:27:00+00:00,2022-05-25T18:28:00+00:00,168.9088,169.2611,320.81,113.04,0.002086,60000,SessionClose,0.5838,0.5859,0.5464,0.5428,0.6784,0.5673,0.5428,0.6784,,,
trade,2022-05-25,NVDA,Long,2022-05-25T19:01:00+00:00,2022-05-25T19:02:00+00:00,169.6038,169.7042,327.30,32.84,0.000592,60000,SessionClose,0.5885,0.5878,0.5810,0.5427,0.6825,0.5744,0.5427,0.6825,,,
trade,2022-05-25,NVDA,Long,2022-05-25T19:04:00+00:00,2022-05-25T19:05:00+00:00,170.4991,170.2109,329.70,-95.00,-0.001690,60000,SessionClose,0.5916,0.5859,0.6120,0.5427,0.6825,0.5551,0.5427,0.6825,,,
trade,2022-05-25,NVDA,Long,2022-05-25T19:11:00+00:00,2022-05-25T19:12:00+00:00,170.4891,170.5624,324.85,23.81,0.000430,60000,SessionClose,0.5803,0.5915,0.4475,0.5514,0.6825,0.5590,0.5514,0.6825,,,
trade,2022-05-25,NVDA,Long,2022-05-25T19:14:00+00:00,2022-05-25T19:15:00+00:00,171.0392,170.8308,326.84,-68.11,-0.001218,60000,SessionClose,0.5923,0.5807,0.5675,0.5514,0.6825,0.4509,0.5514,0.6825,,,
summary,2022-05-25,NVDA,,,,,,,655.16,,6,,,,,,,,,,0.8077,2022-05-23T13:47:00+00:00,1095,2229
summary,2022-05-25,MSFT,,,,,,,0.00,,0,,,,,,,,,,0.8109,2022-05-23T09:37:00+00:00,1187,1860
summary,2022-05-26,SPY,,,,,,,0.00,,0,,,,,,,,,,0.9598,2022-05-23T15:03:00+00:00,1744,3025
trade,2022-05-26,QQQ,Long,2022-05-26T13:57:00+00:00,2022-05-26T15:56:00+00:00,295.4541,297.8354,311.83,742.58,0.008060,7140000,SessionClose,0.5843,0.2610,0.5515,0.6160,0.5318,0.4106,0.0849,0.5632,,,
summary,2022-05-26,QQQ,,,,,,,742.58,,1,,,,,,,,,,0.9024,2022-05-23T13:45:00+00:00,1729,3138
trade,2022-05-26,AAPL,Long,2022-05-26T14:16:00+00:00,2022-05-26T15:56:00+00:00,141.0032,142.8664,350.70,653.44,0.013214,6000000,SessionClose,0.6242,0.2739,0.5550,0.6894,0.5168,0.4503,0.0900,0.5828,,,
summary,2022-05-26,AAPL,,,,,,,653.44,,1,,,,,,,,,,1.0000,2022-05-23T13:40:00+00:00,1369,2983
trade,2022-05-26,NVDA,Long,2022-05-26T13:32:00+00:00,2022-05-26T15:33:00+00:00,164.6760,175.4959,288.35,3119.90,0.065704,7260000,MaxHoldTimeout,0.6311,0.1106,0.7193,0.6797,0.5044,-0.1228,-0.1036,0.6168,,,
trade,2022-05-26,NVDA,Long,2022-05-26T16:16:00+00:00,2022-05-26T16:17:00+00:00,178.8108,178.7092,522.06,-52.99,-0.000568,60000,SessionClose,0.5911,0.5841,0.5511,0.5876,0.6113,0.4819,0.5876,0.6113,,,
trade,2022-05-26,NVDA,Long,2022-05-26T16:19:00+00:00,2022-05-26T16:20:00+00:00,178.9658,179.4001,519.21,225.51,0.002427,60000,SessionClose,0.5910,0.5951,0.5504,0.5876,0.6113,0.5918,0.5876,0.6113,,,
summary,2022-05-26,NVDA,,,,,,,3292.41,,3,,,,,,,,,,1.0000,2022-05-23T13:35:00+00:00,1823,2925
summary,2022-05-26,MSFT,,,,,,,0.00,,0,,,,,,,,,,0.9806,2022-05-23T13:41:00+00:00,1534,2318
summary,2022-05-27,SPY,,,,,,,0.00,,0,,,,,,,,,,0.7319,2022-05-24T16:14:00+00:00,2311,2955
summary,2022-05-27,QQQ,,,,,,,0.00,,0,,,,,,,,,,0.7501,2022-05-24T16:14:00+00:00,2434,3072
trade,2022-05-27,AAPL,Long,2022-05-27T14:11:00+00:00,2022-05-27T15:56:00+00:00,148.1145,148.5453,333.59,143.70,0.002908,6300000,SessionClose,0.5940,0.4026,0.5407,0.6351,0.5297,0.1393,0.3535,0.5886,,,
summary,2022-05-27,AAPL,,,,,,,143.70,,1,,,,,,,,,,0.7727,2022-05-24T16:14:00+00:00,1920,2923
trade,2022-05-27,NVDA,Long,2022-05-27T14:11:00+00:00,2022-05-27T15:01:00+00:00,185.6377,184.3226,585.33,-769.76,-0.007084,3000000,ScoreExit,0.6661,-0.0612,0.5946,0.7056,0.6107,-0.5071,-0.3393,0.6437,,,
summary,2022-05-27,NVDA,,,,,,,-769.76,,1,,,,,,,,,,0.9594,2022-05-24T13:32:00+00:00,2178,2954
summary,2022-05-27,MSFT,,,,,,,0.00,,0,,,,,,,,,,1.0000,2022-05-24T13:32:00+00:00,1734,2261
summary,2022-05-30,SPY,,,,,,,0.00,,0,,,,,,,,,,0.7955,2022-05-27T14:23:00+00:00,472,504
summary,2022-05-30,QQQ,,,,,,,0.00,,0,,,,,,,,,,0.8876,2022-05-27T14:21:00+00:00,481,503
summary,2022-05-30,AAPL,,,,,,,0.00,,0,,,,,,,,,,0.8949,2022-05-27T14:12:00+00:00,496,509
summary,2022-05-30,NVDA,,,,,,,0.00,,0,,,,,,,,,,1.0000,2022-05-27T13:32:00+00:00,439,497
summary,2022-05-30,MSFT,,,,,,,0.00,,0,,,,,,,,,,1.0000,2022-05-27T13:36:00+00:00,361,467
trade,2022-05-31,SPY,Long,2022-05-31T15:52:00+00:00,2022-05-31T15:56:00+00:00,414.2578,414.4321,300.00,52.28,0.000421,240000,SessionClose,0.6114,0.6195,0.5827,0.4219,1.0000,0.5544,0.4401,1.0000,,,
trade,2022-05-31,SPY,Long,2022-05-31T15:58:00+00:00,2022-05-31T15:59:00+00:00,414.5779,414.4771,303.84,-30.63,-0.000243,60000,SessionClose,0.6079,0.6125,0.4388,0.4401,1.0000,0.4848,0.4401,1.0000,,,
trade,2022-05-31,SPY,Long,2022-05-31T16:01:00+00:00,2022-05-31T16:02:00+00:00,414.8079,414.9320,302.76,37.56,0.000299,60000,SessionClose,0.6860,0.6899,0.5138,0.5578,1.0000,0.5529,0.5578,1.0000,,,
trade,2022-05-31,SPY,Long,2022-05-31T16:04:00+00:00,2022-05-31T16:05:00+00:00,415.5581,415.4419,305.72,-35.52,-0.000280,60000,SessionClose,0.6896,0.6908,0.5492,0.5578,1.0000,0.5618,0.5578,1.0000,,,
summary,2022-05-31,SPY,,,,,,,23.68,,4,,,,,,,,,,0.6913,2022-05-31T16:02:00+00:00,335,709
trade,2022-05-31,QQQ,Long,2022-05-31T14:45:00+00:00,2022-05-31T15:17:00+00:00,308.0866,306.9136,278.53,-326.72,-0.003807,1920000,ScoreExit,0.5863,-0.0662,0.5258,0.4610,0.8569,-0.3375,-0.0903,0.0723,,,
summary,2022-05-31,QQQ,,,,,,,-326.72,,1,,,,,,,,,,0.7286,2022-05-31T16:04:00+00:00,401,711
trade,2022-05-31,AAPL,Long,2022-05-31T15:46:00+00:00,2022-05-31T15:56:00+00:00,149.1848,149.9472,287.17,218.93,0.005110,600000,SessionClose,0.5926,0.6158,0.5235,0.4010,0.9988,0.5749,0.4305,1.0000,,,
trade,2022-05-31,AAPL,Long,2022-05-31T15:58:00+00:00,2022-05-31T15:59:00+00:00,150.0950,149.9350,300.64,-48.10,-0.001066,60000,SessionClose,0.6082,0.5856,0.4994,0.4305,1.0000,0.2726,0.4305,1.0000,,,
trade,2022-05-31,AAPL,Long,2022-05-31T16:01:00+00:00,2022-05-31T16:02:00+00:00,150.1300,150.2150,297.98,25.31,0.000566,60000,SessionClose,0.7098,0.7159,0.4902,0.6014,1.0000,0.5509,0.6014,1.0000,,,
trade,2022-05-31,AAPL,Long,2022-05-31T16:04:00+00:00,2022-05-31T16:05:00+00:00,150.5451,150.4949,299.81,-15.05,-0.000334,60000,SessionClose,0.7171,0.7164,0.5627,0.6014,1.0000,0.5560,0.6014,1.0000,,,
trade,2022-05-31,AAPL,Long,2022-05-31T16:07:00+00:00,2022-05-31T16:08:00+00:00,150.4751,150.3499,299.17,-37.45,-0.000832,60000,SessionClose,0.5989,0.5787,0.4593,0.4216,1.0000,0.2576,0.4216,1.0000,,,
summary,2022-05-31,AAPL,,,,,,,143.64,,5,,,,,,,,,,0.7171,2022-05-31T16:03:00+00:00,346,673
summary,2022-05-31,NVDA,,,,,,,0.00,,0,,,,,,,,,,0.7485,2022-05-31T14:42:00+00:00,325,653
summary,2022-05-31,MSFT,,,,,,,0.00,,0,,,,,,,,,,0.7581,2022-05-31T08:31:00+00:00,321,559
summary,2022-06-01,SPY,,,,,,,0.00,,0,,,,,,,,,,0.6913,2022-05-31T16:02:00+00:00,788,1565
summary,2022-06-01,QQQ,,,,,,,0.00,,0,,,,,,,,,,0.7286,2022-05-31T16:04:00+00:00,888,1581
summary,2022-06-01,AAPL,,,,,,,0.00,,0,,,,,,,,,,0.7171,2022-05-31T16:03:00+00:00,801,1458
summary,2022-06-01,NVDA,,,,,,,0.00,,0,,,,,,,,,,0.7485,2022-05-31T14:42:00+00:00,622,1413
summary,2022-06-01,MSFT,,,,,,,0.00,,0,,,,,,,,,,0.7581,2022-05-31T08:31:00+00:00,653,1164
summary,2022-06-02,SPY,,,,,,,0.00,,0,,,,,,,,,,0.6913,2022-05-31T16:02:00+00:00,1147,2413
summary,2022-06-02,QQQ,,,,,,,0.00,,0,,,,,,,,,,0.7286,2022-05-31T16:04:00+00:00,1303,2465
summary,2022-06-02,AAPL,,,,,,,0.00,,0,,,,,,,,,,0.7171,2022-05-31T16:03:00+00:00,1146,2229
summary,2022-06-02,NVDA,,,,,,,0.00,,0,,,,,,,,,,0.7776,2022-06-02T14:13:00+00:00,989,2150
summary,2022-06-02,MSFT,,,,,,,0.00,,0,,,,,,,,,,0.7581,2022-05-31T08:31:00+00:00,941,1738
summary,2022-06-03,SPY,,,,,,,0.00,,0,,,,,,,,,,0.8846,2022-05-31T15:03:00+00:00,1257,2939
summary,2022-06-03,QQQ,,,,,,,0.00,,0,,,,,,,,,,0.9539,2022-05-31T15:04:00+00:00,1540,3044
summary,2022-06-03,AAPL,,,,,,,0.00,,0,,,,,,,,,,0.8342,2022-05-31T16:03:00+00:00,1205,2773
summary,2022-06-03,NVDA,,,,,,,0.00,,0,,,,,,,,,,0.9569,2022-05-31T14:46:00+00:00,1145,2706
summary,2022-06-03,MSFT,,,,,,,0.00,,0,,,,,,,,,,0.7973,2022-05-31T16:04:00+00:00,1107,2276
summary,2022-06-06,SPY,,,,,,,0.00,,0,,,,,,,,,,0.7306,2022-06-06T08:11:00+00:00,531,1136
summary,2022-06-06,QQQ,,,,,,,0.00,,0,,,,,,,,,,0.7975,2022-06-03T14:01:00+00:00,468,1174
summary,2022-06-06,AAPL,,,,,,,0.00,,0,,,,,,,,,,0.8253,2022-06-03T14:00:00+00:00,420,1135
summary,2022-06-06,NVDA,,,,,,,0.00,,0,,,,,,,,,,1.0000,2022-06-03T13:31:00+00:00,366,1061
summary,2022-06-06,MSFT,,,,,,,0.00,,0,,,,,,,,,,1.0000,2022-06-03T13:32:00+00:00,260,951
summary,2022-06-07,SPY,,,,,,,0.00,,0,,,,,,,,,,0.5151,2022-06-07T14:48:00+00:00,480,1473
trade,2022-06-07,QQQ,Long,2022-06-07T14:46:00+00:00,2022-06-07T15:21:00+00:00,309.2668,308.1434,300.00,-337.04,-0.003633,2100000,ScoreExit,0.5968,-0.0678,0.5325,0.6295,0.5529,-0.4760,-0.1953,0.3232,,,
summary,2022-06-07,QQQ,,,,,,,-337.04,,1,,,,,,,,,,0.6340,2022-06-06T08:00:00+00:00,536,1522
trade,2022-06-07,AAPL,Long,2022-06-07T14:05:00+00:00,2022-06-07T15:29:00+00:00,146.7944,147.0506,300.00,76.87,0.001746,5040000,ScoreExit,0.5840,-0.0637,0.2701,0.6256,0.6052,-0.5283,-0.3143,0.5923,,,
summary,2022-06-07,AAPL,,,,,,,76.87,,1,,,,,,,,,,0.5840,2022-06-07T14:04:00+00:00,566,1432
trade,2022-06-07,NVDA,Long,2022-06-07T14:47:00+00:00,2022-06-07T15:20:00+00:00,188.7227,187.6025,271.74,-304.42,-0.005936,1980000,ScoreExit,0.5900,-0.0521,0.5773,0.6715,0.4313,-0.4501,-0.0498,0.0761,,,
summary,2022-06-07,NVDA,,,,,,,-304.42,,1,,,,,,,,,,0.8249,2022-06-06T08:44:00+00:00,458,1294
summary,2022-06-07,MSFT,,,,,,,0.00,,0,,,,,,,,,,0.5925,2022-06-06T14:00:00+00:00,442,1113
summary,2022-06-08,SPY,,,,,,,0.00,,0,,,,,,,,,,0.5151,2022-06-07T14:48:00+00:00,847,2306
summary,2022-06-08,QQQ,,,,,,,0.00,,0,,,,,,,,,,0.6340,2022-06-06T08:00:00+00:00,882,2351
summary,2022-06-08,AAPL,,,,,,,0.00,,0,,,,,,,,,,0.5840,2022-06-07T14:04:00+00:00,1046,2185
summary,2022-06-08,NVDA,,,,,,,0.00,,0,,,,,,,,,,0.8249,2022-06-06T08:44:00+00:00,741,1991
summary,2022-06-08,MSFT,,,,,,,0.00,,0,,,,,,,,,,0.5925,2022-06-06T14:00:00+00:00,712,1652
summary,2022-06-09,SPY,,,,,,,0.00,,0,,,,,,,,,,0.7230,2022-06-06T14:49:00+00:00,799,2857
summary,2022-06-09,QQQ,,,,,,,0.00,,0,,,,,,,,,,0.8778,2022-06-06T14:06:00+00:00,846,2886
summary,2022-06-09,AAPL,,,,,,,0.00,,0,,,,,,,,,,0.7820,2022-06-06T14:41:00+00:00,1148,2697
summary,2022-06-09,NVDA,,,,,,,0.00,,0,,,,,,,,,,0.9051,2022-06-06T14:03:00+00:00,727,2483
summary,2022-06-09,MSFT,,,,,,,0.00,,0,,,,,,,,,,0.9062,2022-06-06T14:00:00+00:00,899,2051
summary,2022-06-10,SPY,,,,,,,0.00,,0,,,,,,,,,,0.9559,2022-06-07T14:42:00+00:00,918,2917
summary,2022-06-10,QQQ,,,,,,,0.00,,0,,,,,,,,,,0.9567,2022-06-07T14:42:00+00:00,1151,2929
summary,2022-06-10,AAPL,,,,,,,0.00,,0,,,,,,,,,,1.0000,2022-06-07T13:35:00+00:00,1140,2692
summary,2022-06-10,NVDA,,,,,,,0.00,,0,,,,,,,,,,1.0000,2022-06-07T13:37:00+00:00,859,2487
summary,2022-06-10,MSFT,,,,,,,0.00,,0,,,,,,,,,,1.0000,2022-06-07T13:40:00+00:00,909,2050
summary,2022-06-13,SPY,,,,,,,0.00,,0,,,,,,,,,,0.5235,2022-06-10T18:58:00+00:00,135,1209
summary,2022-06-13,QQQ,,,,,,,0.00,,0,,,,,,,,,,0.5392,2022-06-10T19:27:00+00:00,178,1202
summary,2022-06-13,AAPL,,,,,,,0.00,,0,,,,,,,,,,0.6075,2022-06-10T13:31:00+00:00,339,1187
summary,2022-06-13,NVDA,,,,,,,0.00,,0,,,,,,,,,,0.9463,2022-06-10T13:45:00+00:00,264,1151
summary,2022-06-13,MSFT,,,,,,,0.00,,0,,,,,,,,,,0.3994,2022-06-10T19:27:00+00:00,127,1059
summary,2022-06-14,SPY,,,,,,,0.00,,0,,,,,,,,,,0.6515,2022-06-13T16:38:00+00:00,432,1621
summary,2022-06-14,QQQ,,,,,,,0.00,,0,,,,,,,,,,0.6773,2022-06-13T16:38:00+00:00,531,1638
summary,2022-06-14,AAPL,,,,,,,0.00,,0,,,,,,,,,,0.6435,2022-06-13T13:59:00+00:00,744,1530
summary,2022-06-14,NVDA,,,,,,,0.00,,0,,,,,,,,,,0.8562,2022-06-13T08:08:00+00:00,601,1456
summary,2022-06-14,MSFT,,,,,,,0.00,,0,,,,,,,,,,0.6354,2022-06-13T16:38:00+00:00,567,1272
summary,2022-06-15,SPY,,,,,,,0.00,,0,,,,,,,,,,0.6515,2022-06-13T16:38:00+00:00,846,2506
trade,2022-06-15,QQQ,Long,2022-06-15T18:41:00+00:00,2022-06-15T18:42:00+00:00,282.9416,283.6040,195.38,129.42,0.002341,60000,SessionClose,0.6151,0.6131,0.7290,0.6718,0.4638,0.7085,0.6718,0.4638,,,
trade,2022-06-15,QQQ,Long,2022-06-15T18:44:00+00:00,2022-06-15T18:45:00+00:00,284.5718,285.0530,200.75,96.60,0.001691,60000,SessionClose,0.6127,0.6149,0.7049,0.6718,0.4638,0.7270,0.6718,0.4638,,,
summary,2022-06-15,QQQ,,,,,,,226.02,,2,,,,,,,,,,0.6773,2022-06-13T16:38:00+00:00,1110,2519
summary,2022-06-15,AAPL,,,,,,,0.00,,0,,,,,,,,,,0.6435,2022-06-13T13:59:00+00:00,1367,2328
summary,2022-06-15,NVDA,,,,,,,0.00,,0,,,,,,,,,,0.8562,2022-06-13T08:08:00+00:00,1243,2181
summary,2022-06-15,MSFT,,,,,,,0.00,,0,,,,,,,,,,0.6482,2022-06-15T18:44:00+00:00,1073,1867
summary,2022-06-16,SPY,,,,,,,0.00,,0,,,,,,,,,,0.6531,2022-06-13T16:38:00+00:00,1114,3122
summary,2022-06-16,QQQ,,,,,,,0.00,,0,,,,,,,,,,0.8271,2022-06-13T13:37:00+00:00,1183,3149
summary,2022-06-16,AAPL,,,,,,,0.00,,0,,,,,,,,,,0.9230,2022-06-13T13:43:00+00:00,1356,2923
summary,2022-06-16,NVDA,,,,,,,0.00,,0,,,,,,,,,,1.0000,2022-06-13T13:32:00+00:00,1359,2728
summary,2022-06-16,MSFT,,,,,,,0.00,,0,,,,,,,,,,1.0000,2022-06-13T13:36:00+00:00,1066,2352
summary,2022-06-17,SPY,,,,,,,0.00,,0,,,,,,,,,,0.8371,2022-06-14T14:02:00+00:00,861,3138
summary,2022-06-17,QQQ,,,,,,,0.00,,0,,,,,,,,,,0.9053,2022-06-14T14:02:00+00:00,1173,3140
summary,2022-06-17,AAPL,,,,,,,0.00,,0,,,,,,,,,,0.8893,2022-06-14T13:58:00+00:00,1216,2938
summary,2022-06-17,NVDA,,,,,,,0.00,,0,,,,,,,,,,0.9131,2022-06-14T14:02:00+00:00,1331,2710
summary,2022-06-17,MSFT,,,,,,,0.00,,0,,,,,,,,,,0.7147,2022-06-14T14:49:00+00:00,1274,2332
summary,2022-06-20,SPY,,,,,,,0.00,,0,,,,,,,,,,0.9873,2022-06-17T13:41:00+00:00,302,508
summary,2022-06-20,QQQ,,,,,,,0.00,,0,,,,,,,,,,1.0000,2022-06-17T13:41:00+00:00,399,495
summary,2022-06-20,AAPL,,,,,,,0.00,,0,,,,,,,,,,1.0000,2022-06-17T13:33:00+00:00,387,503
summary,2022-06-20,NVDA,,,,,,,0.00,,0,,,,,,,,,,1.0000,2022-06-17T13:32:00+00:00,330,453
summary,2022-06-20,MSFT,,,,,,,0.00,,0,,,,,,,,,,1.0000,2022-06-17T13:32:00+00:00,351,445
trade,2022-06-21,SPY,Long,2022-06-21T13:41:00+00:00,2022-06-21T15:37:00+00:00,374.0098,374.9400,300.00,279.06,0.002487,6960000,ScoreExit,0.6194,-0.1495,0.5986,0.4984,0.8684,-0.5390,-0.3418,0.3648,,,
summary,2022-06-21,SPY,,,,,,,279.06,,1,,,,,,,,,,0.6802,2022-06-21T14:04:00+00:00,359,681
trade,2022-06-21,QQQ,Long,2022-06-21T13:36:00+00:00,2022-06-21T15:37:00+00:00,280.7511,282.4885,300.00,521.21,0.006188,7260000,ScoreExit,0.6767,-0.0560,0.6207,0.5244,1.0000,-0.5369,-0.3405,0.6733,,,
summary,2022-06-21,QQQ,,,,,,,521.21,,1,,,,,,,,,,0.7378,2022-06-21T14:04:00+00:00,283,708
trade,2022-06-21,AAPL,Long,2022-06-21T13:34:00+00:00,2022-06-21T15:35:00+00:00,134.6119,136.6377,300.00,607.72,0.015049,7260000,MaxHoldTimeout,0.6650,0.2946,0.5635,0.5145,1.0000,0.1791,-0.0389,1.0000,,,
summary,2022-06-21,AAPL,,,,,,,607.72,,1,,,,,,,,,,0.7560,2022-06-21T08:02:00+00:00,310,659
trade,2022-06-21,NVDA,Long,2022-06-21T13:30:00+00:00,2022-06-21T15:31:00+00:00,164.7279,169.5011,300.00,1431.95,0.028976,7260000,MaxHoldTimeout,0.5836,0.2636,0.5486,0.3813,1.0000,0.1110,-0.0792,1.0000,,,
trade,2022-06-21,NVDA,Long,2022-06-21T16:56:00+00:00,2022-06-21T16:57:00+00:00,168.7988,168.7412,386.00,-22.20,-0.000341,60000,SessionClose,0.5883,0.5776,0.5486,0.3935,0.9909,0.5231,0.3935,0.9640,,,
trade,2022-06-21,NVDA,Long,2022-06-21T16:59:00+00:00,2022-06-21T17:00:00+00:00,168.9388,168.9112,384.65,-10.60,-0.000163,60000,SessionClose,0.5930,0.5919,0.5688,0.3935,1.0000,0.5574,0.3935,1.0000,,,
trade,2022-06-21,NVDA,Long,2022-06-21T17:11:00+00:00,2022-06-21T17:12:00+00:00,168.8488,168.8712,384.23,8.63,0.000133,60000,SessionClose,0.6007,0.6080,0.4346,0.4288,1.0000,0.5073,0.4288,1.0000,,,
trade,2022-06-21,NVDA,Long,2022-06-21T17:14:00+00:00,2022-06-21T17:15:00+00:00,169.2338,169.0647,385.08,-65.14,-0.001000,60000,SessionClose,0.6144,0.6083,0.5718,0.4288,1.0000,0.5103,0.4288,1.0000,,,
summary,2022-06-21,NVDA,,,,,,,1342.63,,5,,,,,,,,,,0.8486,2022-06-21T14:00:00+00:00,355,625
trade,2022-06-21,MSFT,Long,2022-06-21T13:34:00+00:00,2022-06-21T15:24:00+00:00,251.6153,253.4843,300.00,560.69,0.007428,6600000,ScoreExit,0.6115,-0.0555,0.6065,0.4181,1.0000,-0.5542,-0.2194,0.4387,,,
summary,2022-06-21,MSFT,,,,,,,560.69,,1,,,,,,,,,,0.8100,2022-06-21T08:00:00+00:00,296,532
trade,2022-06-22,SPY,Long,2022-06-22T14:16:00+00:00,2022-06-22T15:41:00+00:00,374.9700,376.8446,317.55,595.30,0.004999,5100000,ScoreExit,0.5808,-0.0523,0.5684,0.6113,0.5240,-0.2127,-0.3084,0.5133,,,
summary,2022-06-22,SPY,,,,,,,595.30,,1,,,,,,,,,,0.6802,2022-06-21T14:04:00+00:00,792,1587
trade,2022-06-22,QQQ,Long,2022-06-22T13:54:00+00:00,2022-06-22T15:41:00+00:00,280.8412,283.6483,331.92,931.72,0.009995,6420000,ScoreExit,0.5870,-0.1123,0.5830,0.6900,0.3825,-0.4342,-0.3939,0.5582,,,
summary,2022-06-22,QQQ,,,,,,,931.72,,1,,,,,,,,,,0.7378,2022-06-21T14:04:00+00:00,673,1585
trade,2022-06-22,AAPL,Long,2022-06-22T14:13:00+00:00,2022-06-22T15:15:00+00:00,136.0822,136.2377,336.71,52.37,0.001143,3720000,ScoreExit,0.5818,-0.0779,0.4780,0.5694,0.6411,-0.4902,-0.2675,0.4386,,,
summary,2022-06-22,AAPL,,,,,,,52.37,,1,,,,,,,,,,0.7560,2022-06-21T08:02:00+00:00,732,1485
summary,2022-06-22,NVDA,,,,,,,0.00,,0,,,,,,,,,,0.8486,2022-06-21T14:00:00+00:00,657,1341
trade,2022-06-22,MSFT,Long,2022-06-22T13:55:00+00:00,2022-06-22T15:41:00+00:00,253.5357,256.4637,333.95,977.82,0.011549,6360000,ScoreExit,0.6020,-0.0784,0.6090,0.6438,0.5160,-0.4014,-0.3531,0.5787,,,
summary,2022-06-22,MSFT,,,,,,,977.82,,1,,,,,,,,,,0.8100,2022-06-21T08:00:00+00:00,665,1126
summary,2022-06-23,SPY,,,,,,,0.00,,0,,,,,,,,,,0.6802,2022-06-21T14:04:00+00:00,1208,2487
summary,2022-06-23,QQQ,,,,,,,0.00,,0,,,,,,,,,,0.7378,2022-06-21T14:04:00+00:00,1138,2493
summary,2022-06-23,AAPL,,,,,,,0.00,,0,,,,,,,,,,0.7560,2022-06-21T08:02:00+00:00,1197,2314
summary,2022-06-23,NVDA,,,,,,,0.00,,0,,,,,,,,,,0.8486,2022-06-21T14:00:00+00:00,777,2091
summary,2022-06-23,MSFT,,,,,,,0.00,,0,,,,,,,,,,0.8100,2022-06-21T08:00:00+00:00,1059,1709
trade,2022-06-24,SPY,Long,2022-06-24T14:01:00+00:00,2022-06-24T15:56:00+00:00,385.2605,386.7376,315.84,466.53,0.003834,6900000,SessionClose,0.5803,0.1508,0.5631,0.6173,0.5123,-0.2963,0.0583,0.4849,,,
summary,2022-06-24,SPY,,,,,,,466.53,,1,,,,,,,,,,0.9465,2022-06-21T14:55:00+00:00,1789,3075
trade,2022-06-24,QQQ,Long,2022-06-24T14:01:00+00:00,2022-06-24T15:11:00+00:00,291.5633,291.5767,342.37,4.58,0.000046,4200000,ScoreExit,0.6039,-0.0620,0.5547,0.6462,0.5359,-0.5520,-0.2729,0.5233,,,
summary,2022-06-24,QQQ,,,,,,,4.58,,1,,,,,,,,,,1.0000,2022-06-21T13:36:00+00:00,1724,3065
summary,2022-06-24,AAPL,,,,,,,0.00,,0,,,,,,,,,,1.0000,2022-06-21T13:33:00+00:00,1722,2845
trade,2022-06-24,NVDA,Long,2022-06-24T14:01:00+00:00,2022-06-24T15:16:00+00:00,167.1485,168.4213,291.11,370.52,0.007615,4500000,ScoreExit,0.6663,-0.1051,0.5701,0.6987,0.6337,-0.5951,-0.3716,0.5912,,,
summary,2022-06-24,NVDA,,,,,,,370.52,,1,,,,,,,,,,1.0000,2022-06-21T13:34:00+00:00,1150,2572
trade,2022-06-24,MSFT,Long,2022-06-24T13:36:00+00:00,2022-06-24T14:41:00+00:00,265.2280,264.4821,380.02,-283.47,-0.002812,3900000,ScoreExit,0.6453,-0.0596,0.6270,0.7059,0.5301,-0.5441,-0.2788,0.5405,,,
summary,2022-06-24,MSFT,,,,,,,-283.47,,1,,,,,,,,,,1.0000,2022-06-21T13:33:00+00:00,1506,2170
summary,2022-06-27,SPY,,,,,,,0.00,,0,,,,,,,,,,0.9567,2022-06-24T15:03:00+00:00,949,1182
summary,2022-06-27,QQQ,,,,,,,0.00,,0,,,,,,,,,,0.9007,2022-06-24T14:02:00+00:00,865,1189
summary,2022-06-27,AAPL,,,,,,,0.00,,0,,,,,,,,,,0.9193,2022-06-24T13:36:00+00:00,709,1144
trade,2022-06-27,NVDA,Long,2022-06-27T14:47:00+00:00,2022-06-27T15:56:00+00:00,169.5589,170.6009,338.17,352.36,0.006145,4140000,SessionClose,0.6096,0.1676,0.5540,0.4492,0.9488,-0.5050,-0.1364,1.0000,,,
summary,2022-06-27,NVDA,,,,,,,352.36,,1,,,,,,,,,,1.0000,2022-06-24T13:41:00+00:00,841,1063
summary,2022-06-27,MSFT,,,,,,,0.00,,0,,,,,,,,,,1.0000,2022-06-24T13:32:00+00:00,412,1008
summary,2022-06-28,SPY,,,,,,,0.00,,0,,,,,,,,,,0.5371,2022-06-27T15:24:00+00:00,483,1509
summary,2022-06-28,QQQ,,,,,,,0.00,,0,,,,,,,,,,0.5451,2022-06-27T14:57:00+00:00,408,1534
summary,2022-06-28,AAPL,,,,,,,0.00,,0,,,,,,,,,,0.5295,2022-06-27T15:59:00+00:00,472,1384
summary,2022-06-28,NVDA,,,,,,,0.00,,0,,,,,,,,,,0.8712,2022-06-27T08:08:00+00:00,416,1212
summary,2022-06-28,MSFT,,,,,,,0.00,,0,,,,,,,,,,0.4404,2022-06-27T14:56:00+00:00,140,1053
summary,2022-06-29,SPY,,,,,,,0.00,,0,,,,,,,,,,0.5371,2022-06-27T15:24:00+00:00,483,2366
summary,2022-06-29,QQQ,,,,,,,0.00,,0,,,,,,,,,,0.5451,2022-06-27T14:57:00+00:00,408,2416
summary,2022-06-29,AAPL,,,,,,,0.00,,0,,,,,,,,,,0.5295,2022-06-27T15:59:00+00:00,710,2164
summary,2022-06-29,NVDA,,,,,,,0.00,,0,,,,,,,,,,0.8712,2022-06-27T08:08:00+00:00,416,1944
trade,2022-06-29,MSFT,Long,2022-06-29T14:03:00+00:00,2022-06-29T15:02:00+00:00,261.5873,260.7028,300.00,-265.34,-0.003381,3540000,ScoreExit,0.5832,-0.0562,0.5960,0.7390,0.2674,-0.5362,-0.0751,0.1417,,,
summary,2022-06-29,MSFT,,,,,,,-265.34,,1,,,,,,,,,,0.5894,2022-06-29T14:03:00+00:00,377,1616
summary,2022-06-30,SPY,,,,,,,0.00,,0,,,,,,,,,,0.8862,2022-06-27T14:57:00+00:00,538,2944
summary,2022-06-30,QQQ,,,,,,,0.00,,0,,,,,,,,,,0.9347,2022-06-27T14:57:00+00:00,477,2985
summary,2022-06-30,AAPL,,,,,,,0.00,,0,,,,,,,,,,0.8555,2022-06-27T14:57:00+00:00,540,2678
trade,2022-06-30,NVDA,Long,2022-06-30T15:27:00+00:00,2022-06-30T15:56:00+00:00,154.4759,153.7442,284.13,-207.88,-0.004736,1740000,SessionClose,0.5880,0.2895,0.6251,0.8285,0.0944,-0.1352,0.4578,0.0944,,,
summary,2022-06-30,NVDA,,,,,,,-207.88,,1,,,,,,,,,,0.9583,2022-06-27T14:50:00+00:00,417,2533
summary,2022-06-30,MSFT,,,,,,,0.00,,0,,,,,,,,,,0.7832,2022-06-27T14:56:00+00:00,501,2074
summary,2022-07-01,SPY,,,,,,,0.00,,0,,,,,,,,,,0.6508,2022-06-28T13:38:00+00:00,246,2987
summary,2022-07-01,QQQ,,,,,,,0.00,,0,,,,,,,,,,0.7391,2022-06-28T13:32:00+00:00,282,3024
summary,2022-07-01,AAPL,,,,,,,0.00,,0,,,,,,,,,,1.0000,2022-06-28T13:34:00+00:00,647,2745
summary,2022-07-01,NVDA,,,,,,,0.00,,0,,,,,,,,,,1.0000,2022-06-28T13:32:00+00:00,246,2695
summary,2022-07-01,MSFT,,,,,,,0.00,,0,,,,,,,,,,1.0000,2022-06-28T13:32:00+00:00,670,2130
summary,2022-07-04,SPY,,,,,,,0.00,,0,,,,,,,,,,0.9051,2022-07-01T13:47:00+00:00,326,488
summary,2022-07-04,QQQ,,,,,,,0.00,,0,,,,,,,,,,0.9362,2022-07-01T13:46:00+00:00,286,477
summary,2022-07-04,AAPL,,,,,,,0.00,,0,,,,,,,,,,0.9290,2022-07-01T13:46:00+00:00,341,489
summary,2022-07-04,NVDA,,,,,,,0.00,,0,,,,,,,,,,0.9022,2022-07-01T13:52:00+00:00,21,490
summary,2022-07-04,MSFT,,,,,,,0.00,,0,,,,,,,,,,0.8987,2022-07-01T13:57:00+00:00,297,431
trade,2022-07-05,SPY,Long,2022-07-05T16:24:00+00:00,2022-07-05T16:25:00+00:00,376.8404,376.8296,300.00,-3.22,-0.000028,60000,SessionClose,0.6681,0.6686,0.5795,0.5169,1.0000,0.5846,0.5169,1.0000,,,
trade,2022-07-05,SPY,Long,2022-07-05T16:27:00+00:00,2022-07-05T16:28:00+00:00,376.9904,376.9796,300.50,-3.24,-0.000029,60000,SessionClose,0.5873,0.5897,0.5486,0.3874,1.0000,0.5728,0.3874,1.0000,,,
trade,2022-07-05,SPY,Long,2022-07-05T17:36:00+00:00,2022-07-05T17:37:00+00:00,377.4505,377.6894,301.03,71.94,0.000633,60000,SessionClose,0.6003,0.6056,0.5108,0.4154,1.0000,0.5634,0.4154,1.0000,,,
trade,2022-07-05,SPY,Long,2022-07-05T17:39:00+00:00,2022-07-05T17:40:00+00:00,377.8479,377.6495,305.98,-60.71,-0.000525,60000,SessionClose,0.6032,0.6013,0.5397,0.4154,1.0000,0.5205,0.4154,1.0000,,,
trade,2022-07-05,SPY,Long,2022-07-05T18:02:00+00:00,2022-07-05T18:03:00+00:00,377.6496,377.6095,303.08,-12.17,-0.000106,60000,SessionClose,0.5860,0.5917,0.4862,0.3957,1.0000,0.5427,0.3957,1.0000,,,
trade,2022-07-05,SPY,Long,2022-07-05T18:05:00+00:00,2022-07-05T18:06:00+00:00,378.2434,377.7794,303.08,-140.63,-0.001227,60000,SessionClose,0.5916,0.3528,0.5414,0.3957,1.0000,0.2026,0.0543,1.0000,,,
trade,2022-07-05,SPY,Long,2022-07-05T18:26:00+00:00,2022-07-05T18:27:00+00:00,378.7107,378.6992,295.38,-3.39,-0.000030,60000,SessionClose,0.5819,0.5819,0.5647,0.3758,1.0000,0.5641,0.3758,1.0000,,,
trade,2022-07-05,SPY,Long,2022-07-05T18:29:00+00:00,2022-07-05T18:30:00+00:00,378.9808,378.8711,295.71,-32.43,-0.000289,60000,SessionClose,0.5813,0.5762,0.5581,0.3758,1.0000,0.5071,0.3758,1.0000,,,
trade,2022-07-05,SPY,Long,2022-07-05T18:32:00+00:00,2022-07-05T18:33:00+00:00,379.3008,379.3091,294.29,2.44,0.000022,60000,SessionClose,0.6038,0.6080,0.4954,0.4237,1.0000,0.5372,0.4237,1.0000,,,
trade,2022-07-05,SPY,Long,2022-07-05T18:35:00+00:00,2022-07-05T18:36:00+00:00,379.6709,379.6291,295.15,-12.35,-0.000110,60000,SessionClose,0.6096,0.6456,0.5534,0.4237,1.0000,0.5707,0.4809,1.0000,,,
trade,2022-07-05,SPY,Long,2022-07-05T18:38:00+00:00,2022-07-05T18:39:00+00:00,379.9110,379.9390,295.13,8.27,0.000074,60000,SessionClose,0.6404,0.6437,0.5190,0.4809,1.0000,0.5518,0.4809,1.0000,,,
summary,2022-07-05,SPY,,,,,,,-185.50,,11,,,,,,,,,,0.6686,2022-07-05T16:24:00+00:00,278,678
trade,2022-07-05,QQQ,Long,2022-07-05T14:14:00+00:00,2022-07-05T15:12:00+00:00,279.5809,278.8192,300.00,-228.50,-0.002724,3480000,ScoreExit,0.6167,-0.1616,0.5828,0.4307,1.0000,-0.5677,-0.1877,0.0261,,,
trade,2022-07-05,QQQ,Long,2022-07-05T15:46:00+00:00,2022-07-05T15:56:00+00:00,281.0812,281.4187,286.75,96.78,0.001201,600000,SessionClose,0.5887,0.5116,0.5889,0.3830,1.0000,0.4849,0.2718,1.0000,,,
trade,2022-07-05,QQQ,Long,2022-07-05T16:19:00+00:00,2022-07-05T16:20:00+00:00,281.6613,281.7136,292.99,15.33,0.000186,60000,SessionClose,0.5852,0.6035,0.3187,0.4222,1.0000,0.5015,0.4222,1.0000,,,
trade,2022-07-05,QQQ,Long,2022-07-05T16:22:00+00:00,2022-07-05T16:23:00+00:00,281.7613,281.9786,294.45,63.97,0.000771,60000,SessionClose,0.6545,0.6804,0.3047,0.5400,1.0000,0.5645,0.5400,1.0000,,,
trade,2022-07-05,QQQ,Long,2022-07-05T16:25:00+00:00,2022-07-05T16:26:00+00:00,282.8616,282.8084,298.92,-15.88,-0.000188,60000,SessionClose,0.6827,0.6237,0.5872,0.5400,1.0000,0.5915,0.4409,1.0000,,,
trade,2022-07-05,QQQ,Long,2022-07-05T16:28:00+00:00,2022-07-05T16:29:00+00:00,283.0566,282.5785,298.57,-142.75,-0.001689,60000,SessionClose,0.6227,0.5838,0.5820,0.4409,1.0000,0.1929,0.4409,1.0000,,,
trade,2022-07-05,QQQ,Long,2022-07-05T17:34:00+00:00,2022-07-05T17:35:00+00:00,283.7217,283.7582,290.39,10.60,0.000129,60000,SessionClose,0.5970,0.6033,0.4857,0.4140,1.0000,0.5485,0.4140,1.0000,,,
trade,2022-07-05,QQQ,Long,2022-07-05T17:37:00+00:00,2022-07-05T17:38:00+00:00,284.2018,284.0582,291.49,-41.87,-0.000505,60000,SessionClose,0.6180,0.6150,0.5616,0.4363,1.0000,0.5321,0.4363,1.0000,,,
trade,2022-07-05,QQQ,Long,2022-07-05T17:40:00+00:00,2022-07-05T17:41:00+00:00,284.2118,284.0982,289.78,-32.94,-0.000400,60000,SessionClose,0.6114,0.4917,0.4955,0.4363,1.0000,0.5037,0.2356,1.0000,,,
trade,2022-07-05,QQQ,Long,2022-07-05T18:31:00+00:00,2022-07-05T18:32:00+00:00,284.9820,284.8280,288.26,-44.38,-0.000540,60000,SessionClose,0.5846,0.5763,0.5767,0.3783,1.0000,0.4931,0.3783,1.0000,,,
trade,2022-07-05,QQQ,Long,2022-07-05T18:35:00+00:00,2022-07-05T18:36:00+00:00,285.4721,285.5179,286.26,13.11,0.000160,60000,SessionClose,0.5838,0.6446,0.5686,0.3783,1.0000,0.5825,0.4772,1.0000,,,
trade,2022-07-05,QQQ,Long,2022-07-05T18:38:00+00:00,2022-07-05T18:39:00+00:00,285.8622,285.9178,287.63,16.00,0.000195,60000,SessionClose,0.6417,0.6422,0.5540,0.4772,1.0000,0.5589,0.4772,1.0000,,,
summary,2022-07-05,QQQ,,,,,,,-290.54,,12,,,,,,,,,,0.7238,2022-07-05T14:38:00+00:00,364,692
trade,2022-07-05,AAPL,Long,2022-07-05T13:46:00+00:00,2022-07-05T15:06:00+00:00,138.2076,138.4273,300.00,65.90,0.001589,4800000,ScoreExit,0.6082,-0.0619,0.5672,0.4734,0.8914,-0.5332,-0.1609,0.2933,,,
trade,2022-07-05,AAPL,Long,2022-07-05T15:51:00+00:00,2022-07-05T15:56:00+00:00,139.4729,139.5571,304.29,25.62,0.000604,300000,SessionClose,0.6267,0.4350,0.5589,0.4513,1.0000,0.3740,0.1627,1.0000,,,
trade,2022-07-05,AAPL,Long,2022-07-05T16:21:00+00:00,2022-07-05T16:22:00+00:00,139.4529,139.3421,306.06,-33.90,-0.000794,60000,SessionClose,0.5935,0.5736,0.2177,0.4529,1.0000,0.0185,0.4529,1.0000,,,
trade,2022-07-05,AAPL,Long,2022-07-05T16:24:00+00:00,2022-07-05T16:25:00+00:00,139.9230,139.9170,304.28,-1.82,-0.000043,60000,SessionClose,0.6280,0.6289,0.5622,0.4529,1.0000,0.5716,0.4529,1.0000,,,
trade,2022-07-05,AAPL,Long,2022-07-05T18:02:00+00:00,2022-07-05T18:03:00+00:00,140.0791,140.0770,304.47,-0.65,-0.000015,60000,SessionClose,0.5961,0.6062,0.4521,0.4181,1.0000,0.5536,0.4181,1.0000,,,
trade,2022-07-05,AAPL,Long,2022-07-05T18:05:00+00:00,2022-07-05T18:06:00+00:00,140.3531,140.1670,304.73,-56.71,-0.001326,60000,SessionClose,0.6045,0.3643,0.5365,0.4181,1.0000,0.2719,0.0618,1.0000,,,
trade,2022-07-05,AAPL,Long,2022-07-05T18:31:00+00:00,2022-07-05T18:32:00+00:00,140.7932,140.7069,301.72,-26.04,-0.000613,60000,SessionClose,0.6133,0.6052,0.5723,0.4268,1.0000,0.4907,0.4268,1.0000,,,
trade,2022-07-05,AAPL,Long,2022-07-05T18:34:00+00:00,2022-07-05T18:35:00+00:00,140.8232,140.9468,300.47,37.15,0.000878,60000,SessionClose,0.6050,0.6124,0.4888,0.4268,1.0000,0.5627,0.4268,1.0000,,,
trade,2022-07-05,AAPL,Long,2022-07-05T18:37:00+00:00,2022-07-05T18:38:00+00:00,141.2032,141.0918,303.00,-33.77,-0.000789,60000,SessionClose,0.6442,0.6400,0.5734,0.4781,1.0000,0.5310,0.4781,1.0000,,,
trade,2022-07-05,AAPL,Long,2022-07-05T18:40:00+00:00,2022-07-05T18:41:00+00:00,141.4233,141.3517,301.32,-21.56,-0.000506,60000,SessionClose,0.6441,0.5098,0.5724,0.4781,1.0000,0.5393,0.2597,1.0000,,,
summary,2022-07-05,AAPL,,,,,,,-45.77,,10,,,,,,,,,,0.6444,2022-07-05T18:35:00+00:00,360,615
trade,2022-07-05,NVDA,Long,2022-07-05T13:46:00+00:00,2022-07-05T15:47:00+00:00,142.8186,146.0508,300.00,969.67,0.022632,7260000,MaxHoldTimeout,0.6696,0.4135,0.5829,0.5188,1.0000,0.5680,0.0944,1.0000,,,
trade,2022-07-05,NVDA,Long,2022-07-05T16:21:00+00:00,2022-07-05T16:22:00+00:00,146.3543,146.4158,358.40,22.06,0.000421,60000,SessionClose,0.6537,0.6636,0.4655,0.5119,1.0000,0.5650,0.5119,1.0000,,,
trade,2022-07-05,NVDA,Long,2022-07-05T16:24:00+00:00,2022-07-05T16:25:00+00:00,147.2843,147.0856,360.20,-71.60,-0.001350,60000,SessionClose,0.6658,0.6626,0.5870,0.5119,1.0000,0.5545,0.5119,1.0000,,,
trade,2022-07-05,NVDA,Long,2022-07-05T16:27:00+00:00,2022-07-05T16:28:00+00:00,147.1405,147.2156,356.38,26.74,0.000510,60000,SessionClose,0.6658,0.6704,0.5425,0.5193,1.0000,0.5884,0.5193,1.0000,,,
trade,2022-07-05,NVDA,Long,2022-07-05T16:30:00+00:00,2022-07-05T16:31:00+00:00,147.3345,147.3056,358.16,-10.33,-0.000196,60000,SessionClose,0.6695,0.5664,0.5794,0.5193,1.0000,0.5478,0.3527,1.0000,,,
trade,2022-07-05,NVDA,Long,2022-07-05T17:16:00+00:00,2022-07-05T17:17:00+00:00,147.5745,147.4655,358.21,-39.05,-0.000739,60000,SessionClose,0.6154,0.6110,0.5699,0.4307,1.0000,0.5260,0.4307,1.0000,,,
trade,2022-07-05,NVDA,Long,2022-07-05T17:19:00+00:00,2022-07-05T17:20:00+00:00,147.8646,148.0354,356.03,60.82,0.001155,60000,SessionClose,0.6172,0.6177,0.5878,0.4307,1.0000,0.5930,0.4307,1.0000,,,
trade,2022-07-05,NVDA,Long,2022-07-05T17:22:00+00:00,2022-07-05T17:23:00+00:00,148.3747,148.4904,360.04,41.67,0.000780,60000,SessionClose,0.6179,0.6152,0.6045,0.4290,1.0000,0.5779,0.4290,1.0000,,,
trade,2022-07-05,NVDA,Long,2022-07-05T17:25:00+00:00,2022-07-05T17:26:00+00:00,148.3647,148.3562,362.81,-3.06,-0.000057,60000,SessionClose,0.5840,0.6184,0.2659,0.4290,1.0000,0.4436,0.4568,1.0000,,,
trade,2022-07-05,NVDA,Long,2022-07-05T17:28:00+00:00,2022-07-05T17:29:00+00:00,148.3747,148.2953,363.02,-28.80,-0.000535,60000,SessionClose,0.6027,0.5980,0.2862,0.4568,1.0000,0.2397,0.4568,1.0000,,,
trade,2022-07-05,NVDA,Long,2022-07-05T17:31:00+00:00,2022-07-05T17:32:00+00:00,148.2040,148.4853,361.64,101.72,0.001898,60000,SessionClose,0.6371,0.7027,-0.1771,0.5913,1.0000,0.4792,0.5913,1.0000,,,
trade,2022-07-05,NVDA,Long,2022-07-05T17:34:00+00:00,2022-07-05T17:35:00+00:00,148.9348,148.9485,368.01,5.05,0.000092,60000,SessionClose,0.7099,0.7108,0.5508,0.5913,1.0000,0.5599,0.5913,1.0000,,,
trade,2022-07-05,NVDA,Long,2022-07-05T17:37:00+00:00,2022-07-05T17:38:00+00:00,149.2864,148.9652,368.44,-118.33,-0.002151,60000,SessionClose,0.6682,0.6404,0.5793,0.5171,1.0000,0.3020,0.5171,1.0000,,,
trade,2022-07-05,NVDA,Long,2022-07-05T17:40:00+00:00,2022-07-05T17:41:00+00:00,149.0248,149.0652,361.73,14.61,0.000271,60000,SessionClose,0.6264,0.5623,0.1619,0.5171,1.0000,0.3139,0.3848,1.0000,,,
trade,2022-07-05,NVDA,Long,2022-07-05T17:43:00+00:00,2022-07-05T17:44:00+00:00,149.3050,148.8052,362.87,-181.34,-0.003347,60000,SessionClose,0.5833,0.5080,0.5246,0.3848,1.0000,-0.2287,0.3848,1.0000,,,
summary,2022-07-05,NVDA,,,,,,,789.83,,15,,,,,,,,,,0.8987,2022-07-05T14:38:00+00:00,383,610
trade,2022-07-05,MSFT,Long,2022-07-05T14:12:00+00:00,2022-07-05T15:03:00+00:00,257.2773,256.5637,300.00,-214.10,-0.002774,3060000,ScoreExit,0.6234,-0.0537,0.5290,0.4509,1.0000,-0.5223,-0.0964,0.1878,,,
trade,2022-07-05,MSFT,Long,2022-07-05T15:55:00+00:00,2022-07-05T15:56:00+00:00,257.9366,257.7534,287.75,-52.70,-0.000710,60000,SessionClose,0.5894,0.3972,0.4748,0.4033,1.0000,0.3611,0.1018,1.0000,,,
trade,2022-07-05,MSFT,Long,2022-07-05T16:24:00+00:00,2022-07-05T16:25:00+00:00,258.1666,258.1534,285.25,-3.78,-0.000051,60000,SessionClose,0.6072,0.6096,0.5614,0.4184,1.0000,0.5858,0.4184,1.0000,,,
trade,2022-07-05,MSFT,Long,2022-07-05T16:27:00+00:00,2022-07-05T16:28:00+00:00,258.4267,258.3433,285.59,-23.81,-0.000323,60000,SessionClose,0.5890,0.5900,0.5591,0.3885,1.0000,0.5697,0.3885,1.0000,,,
trade,2022-07-05,MSFT,Long,2022-07-05T17:16:00+00:00,2022-07-05T17:17:00+00:00,258.7867,258.6383,284.56,-42.25,-0.000574,60000,SessionClose,0.5979,0.5947,0.5405,0.4064,1.0000,0.5082,0.4064,1.0000,,,
trade,2022-07-05,MSFT,Long,2022-07-05T17:19:00+00:00,2022-07-05T17:20:00+00:00,259.1468,259.3031,282.56,44.17,0.000603,60000,SessionClose,0.5984,0.6009,0.5453,0.4064,1.0000,0.5707,0.4064,1.0000,,,
trade,2022-07-05,MSFT,Long,2022-07-05T17:22:00+00:00,2022-07-05T17:23:00+00:00,259.4869,259.5031,285.35,4.62,0.000062,60000,SessionClose,0.5977,0.5973,0.5504,0.4045,1.0000,0.5462,0.4045,1.0000,,,
trade,2022-07-05,MSFT,Long,2022-07-05T17:25:00+00:00,2022-07-05T17:26:00+00:00,259.5619,259.5931,285.77,8.91,0.000120,60000,SessionClose,0.5927,0.6074,0.4998,0.4045,1.0000,0.5221,0.4253,1.0000,,,
trade,2022-07-05,MSFT,Long,2022-07-05T17:28:00+00:00,2022-07-05T17:29:00+00:00,259.7674,259.6231,286.70,-41.39,-0.000556,60000,SessionClose,0.6068,0.6029,0.5164,0.4253,1.0000,0.4775,0.4253,1.0000,,,
trade,2022-07-05,MSFT,Long,2022-07-05T17:31:00+00:00,2022-07-05T17:32:00+00:00,259.7069,259.6831,284.62,-6.80,-0.000092,60000,SessionClose,0.6175,0.6316,0.3421,0.4722,1.0000,0.4827,0.4722,1.0000,,,
trade,2022-07-05,MSFT,Long,2022-07-05T17:34:00+00:00,2022-07-05T17:35:00+00:00,259.9570,259.8531,284.61,-29.56,-0.000400,60000,SessionClose,0.6366,0.6338,0.5333,0.4722,1.0000,0.5050,0.4722,1.0000,,,
trade,2022-07-05,MSFT,Long,2022-07-05T17:37:00+00:00,2022-07-05T17:38:00+00:00,260.0870,260.0590,283.39,-7.94,-0.000108,60000,SessionClose,0.6424,0.6466,0.4967,0.4879,1.0000,0.5380,0.4879,1.0000,,,
trade,2022-07-05,MSFT,Long,2022-07-05T17:40:00+00:00,2022-07-05T17:41:00+00:00,260.2270,260.0230,283.51,-57.85,-0.000784,60000,SessionClose,0.6386,0.4693,0.4587,0.4879,1.0000,0.1487,0.2574,1.0000,,,
trade,2022-07-05,MSFT,Long,2022-07-05T18:31:00+00:00,2022-07-05T18:32:00+00:00,260.6771,260.5929,280.42,-23.63,-0.000323,60000,SessionClose,0.5805,0.5733,0.5759,0.3715,1.0000,0.5040,0.3715,1.0000,,,
trade,2022-07-05,MSFT,Long,2022-07-05T18:35:00+00:00,2022-07-05T18:36:00+00:00,261.2672,261.2727,279.74,1.54,0.000021,60000,SessionClose,0.5801,0.6410,0.5722,0.3715,1.0000,0.5835,0.4711,1.0000,,,
trade,2022-07-05,MSFT,Long,2022-07-05T18:38:00+00:00,2022-07-05T18:39:00+00:00,261.5896,261.6827,280.06,26.06,0.000356,60000,SessionClose,0.6356,0.6398,0.5297,0.4711,1.0000,0.5713,0.4711,1.0000,,,
trade,2022-07-05,MSFT,Long,2022-07-05T18:52:00+00:00,2022-07-05T18:53:00+00:00,261.9524,261.6627,281.94,-81.68,-0.001106,60000,SessionClose,0.6053,0.5511,0.4855,0.4279,1.0000,-0.0567,0.4279,1.0000,,,
trade,2022-07-05,MSFT,Long,2022-07-05T18:55:00+00:00,2022-07-05T18:56:00+00:00,261.9774,261.8676,277.27,-30.44,-0.000419,60000,SessionClose,0.6076,0.6139,0.5089,0.4279,1.0000,0.4733,0.4442,1.0000,,,
trade,2022-07-05,MSFT,Long,2022-07-05T18:58:00+00:00,2022-07-05T18:59:00+00:00,262.1674,262.0026,275.88,-45.47,-0.000629,60000,SessionClose,0.6151,0.5970,0.4858,0.4442,1.0000,0.3043,0.4442,1.0000,,,
summary,2022-07-05,MSFT,,,,,,,-576.11,,19,,,,,,,,,,0.6494,2022-07-05T14:38:00+00:00,339,498
summary,2022-07-06,SPY,,,,,,,0.00,,0,,,,,,,,,,0.6686,2022-07-05T16:24:00+00:00,944,1553
summary,2022-07-06,QQQ,,,,,,,0.00,,0,,,,,,,,,,0.7238,2022-07-05T14:38:00+00:00,1094,1590
summary,2022-07-06,AAPL,,,,,,,0.00,,0,,,,,,,,,,0.6444,2022-07-05T18:35:00+00:00,984,1382
trade,2022-07-06,NVDA,Long,2022-07-06T14:51:00+00:00,2022-07-06T15:31:00+00:00,150.4851,149.4922,305.34,-303.17,-0.006598,2400000,ScoreExit,0.6472,-0.0625,0.4316,0.5912,0.8312,-0.6024,-0.2911,0.5746,,,
trade,2022-07-06,NVDA,Long,2022-07-06T18:41:00+00:00,2022-07-06T18:42:00+00:00,151.9654,152.2445,287.58,80.28,0.001837,60000,SessionClose,0.5944,0.5965,0.5538,0.4424,0.9117,0.5747,0.4424,0.9117,,,
trade,2022-07-06,NVDA,Long,2022-07-06T18:44:00+00:00,2022-07-06T18:45:00+00:00,152.2854,152.2945,292.53,2.66,0.000060,60000,SessionClose,0.5938,0.5958,0.5486,0.4424,0.9117,0.5684,0.4424,0.9117,,,
trade,2022-07-06,NVDA,Long,2022-07-06T18:47:00+00:00,2022-07-06T18:48:00+00:00,152.7956,152.5245,292.79,-79.36,-0.001774,60000,SessionClose,0.5894,0.5798,0.5844,0.4291,0.9117,0.4886,0.4291,0.9117,,,
trade,2022-07-06,NVDA,Long,2022-07-06T18:53:00+00:00,2022-07-06T18:54:00+00:00,152.5905,152.6395,288.41,14.12,0.000321,60000,SessionClose,0.5976,0.6081,0.4011,0.4733,0.9117,0.5064,0.4733,0.9117,,,
trade,2022-07-06,NVDA,Long,2022-07-06T18:56:00+00:00,2022-07-06T18:57:00+00:00,152.6756,152.5945,289.65,-23.51,-0.000532,60000,SessionClose,0.6208,0.6048,0.4130,0.5100,0.9117,0.2525,0.5100,0.9117,,,
trade,2022-07-06,NVDA,Long,2022-07-06T18:59:00+00:00,2022-07-06T19:00:00+00:00,152.8956,152.9144,288.47,5.43,0.000123,60000,SessionClose,0.6323,0.6348,0.5282,0.5100,0.9117,0.5534,0.5100,0.9117,,,
summary,2022-07-06,NVDA,,,,,,,-303.55,,7,,,,,,,,,,0.8987,2022-07-05T14:38:00+00:00,1052,1367
summary,2022-07-06,MSFT,,,,,,,0.00,,0,,,,,,,,,,0.6494,2022-07-05T14:38:00+00:00,824,1063
summary,2022-07-07,SPY,,,,,,,0.00,,0,,,,,,,,,,0.6686,2022-07-05T16:24:00+00:00,1657,2383
summary,2022-07-07,QQQ,,,,,,,0.00,,0,,,,,,,,,,0.7238,2022-07-05T14:38:00+00:00,1857,2450
summary,2022-07-07,AAPL,,,,,,,0.00,,0,,,,,,,,,,0.6444,2022-07-05T18:35:00+00:00,1642,2146
summary,2022-07-07,NVDA,,,,,,,0.00,,0,,,,,,,,,,0.8987,2022-07-05T14:38:00+00:00,1742,2084
summary,2022-07-07,MSFT,,,,,,,0.00,,0,,,,,,,,,,0.6494,2022-07-05T14:38:00+00:00,1235,1616
summary,2022-07-08,SPY,,,,,,,0.00,,0,,,,,,,,,,0.8291,2022-07-05T14:38:00+00:00,2306,2958
summary,2022-07-08,QQQ,,,,,,,0.00,,0,,,,,,,,,,0.9041,2022-07-05T14:38:00+00:00,2531,3013
summary,2022-07-08,AAPL,,,,,,,0.00,,0,,,,,,,,,,0.8972,2022-07-05T14:37:00+00:00,2209,2683
trade,2022-07-08,NVDA,Long,2022-07-08T15:01:00+00:00,2022-07-08T15:56:00+00:00,157.9967,158.6433,330.60,213.76,0.004092,3300000,SessionClose,0.6453,0.2000,0.5318,0.6764,0.6209,0.2615,-0.0207,0.6209,,,
summary,2022-07-08,NVDA,,,,,,,213.76,,1,,,,,,,,,,0.9600,2022-07-05T14:41:00+00:00,2296,2609
summary,2022-07-08,MSFT,,,,,,,0.00,,0,,,,,,,,,,0.8990,2022-07-05T14:38:00+00:00,1617,2060
summary,2022-07-11,SPY,,,,,,,0.00,,0,,,,,,,,,,0.9440,2022-07-08T14:45:00+00:00,294,1136
summary,2022-07-11,QQQ,,,,,,,0.00,,0,,,,,,,,,,0.9555,2022-07-08T15:02:00+00:00,383,1165
summary,2022-07-11,AAPL,,,,,,,0.00,,0,,,,,,,,,,1.0000,2022-07-08T13:41:00+00:00,415,1111
summary,2022-07-11,NVDA,,,,,,,0.00,,0,,,,,,,,,,1.0000,2022-07-08T13:33:00+00:00,540,1029
summary,2022-07-11,MSFT,,,,,,,0.00,,0,,,,,,,,,,0.9578,2022-07-08T15:01:00+00:00,487,911
summary,2022-07-12,SPY,,,,,,,0.00,,0,,,,,,,,,,0.7461,2022-07-11T09:14:00+00:00,554,1494
summary,2022-07-12,QQQ,,,,,,,0.00,,0,,,,,,,,,,0.6046,2022-07-11T17:39:00+00:00,653,1556
trade,2022-07-12,AAPL,Long,2022-07-12T13:36:00+00:00,2022-07-12T14:52:00+00:00,147.0844,146.5657,290.22,-150.55,-0.003527,4560000,MaxHoldTimeout,0.5948,0.2222,0.5751,0.6159,0.5590,-0.5561,0.1304,0.6653,,,
summary,2022-07-12,AAPL,,,,,,,-150.55,,1,,,,,,,,,,0.6513,2022-07-11T09:38:00+00:00,905,1370
trade,2022-07-12,NVDA,Long,2022-07-12T15:31:00+00:00,2022-07-12T15:56:00+00:00,152.6755,152.9844,299.14,92.39,0.002023,1500000,SessionClose,0.5900,0.5201,0.5449,0.5392,0.7065,0.4890,0.4321,0.7065,,,
summary,2022-07-12,NVDA,,,,,,,92.39,,1,,,,,,,,,,0.6117,2022-07-11T17:24:00+00:00,539,1285
summary,2022-07-12,MSFT,,,,,,,0.00,,0,,,,,,,,,,0.6761,2022-07-11T11:07:00+00:00,420,1021
summary,2022-07-13,SPY,,,,,,,0.00,,0,,,,,,,,,,0.7461,2022-07-11T09:14:00+00:00,678,2315
summary,2022-07-13,QQQ,,,,,,,0.00,,0,,,,,,,,,,0.6046,2022-07-11T17:39:00+00:00,884,2398
summary,2022-07-13,AAPL,,,,,,,0.00,,0,,,,,,,,,,0.6513,2022-07-11T09:38:00+00:00,1313,2099
trade,2022-07-13,NVDA,Long,2022-07-13T14:32:00+00:00,2022-07-13T15:31:00+00:00,150.2550,151.3447,305.00,332.35,0.007252,3540000,ScoreExit,0.5835,-0.1049,0.5621,0.7471,0.2635,-0.5771,-0.2446,0.3320,,,
summary,2022-07-13,NVDA,,,,,,,332.35,,1,,,,,,,,,,0.7476,2022-07-13T14:44:00+00:00,845,1958
summary,2022-07-13,MSFT,,,,,,,0.00,,0,,,,,,,,,,0.6761,2022-07-11T11:07:00+00:00,585,1678
summary,2022-07-14,SPY,,,,,,,0.00,,0,,,,,,,,,,0.5826,2022-07-11T17:39:00+00:00,494,2991
summary,2022-07-14,QQQ,,,,,,,0.00,,0,,,,,,,,,,0.6849,2022-07-11T14:41:00+00:00,752,3006
summary,2022-07-14,AAPL,,,,,,,0.00,,0,,,,,,,,,,0.9544,2022-07-11T14:40:00+00:00,1386,2650
trade,2022-07-14,NVDA,Long,2022-07-14T17:41:00+00:00,2022-07-14T17:42:00+00:00,152.8406,152.7244,315.59,-36.64,-0.000760,60000,SessionClose,0.5954,0.5888,0.6010,0.6554,0.4737,0.5344,0.6554,0.4737,,,
trade,2022-07-14,NVDA,Long,2022-07-14T17:44:00+00:00,2022-07-14T17:45:00+00:00,152.9235,152.8694,313.53,-16.95,-0.000354,60000,SessionClose,0.5892,0.5900,0.5384,0.6554,0.4737,0.5473,0.6554,0.4737,,,
trade,2022-07-14,NVDA,Long,2022-07-14T17:47:00+00:00,2022-07-14T17:48:00+00:00,153.0156,153.2433,312.80,71.24,0.001488,60000,SessionClose,0.6059,0.6064,0.5718,0.6777,0.4737,0.5772,0.6777,0.4737,,,
trade,2022-07-14,NVDA,Long,2022-07-14T17:50:00+00:00,2022-07-14T17:51:00+00:00,153.2756,152.9544,317.33,-101.94,-0.002096,60000,SessionClose,0.6043,0.4232,0.5561,0.6777,0.4737,0.0304,0.4635,0.4737,,,
summary,2022-07-14,NVDA,,,,,,,-84.29,,4,,,,,,,,,,0.7878,2022-07-11T14:39:00+00:00,1217,2494
summary,2022-07-14,MSFT,,,,,,,0.00,,0,,,,,,,,,,0.9571,2022-07-11T14:41:00+00:00,714,2170
summary,2022-07-15,SPY,,,,,,,0.00,,0,,,,,,,,,,0.7124,2022-07-12T13:37:00+00:00,1153,2970
summary,2022-07-15,QQQ,,,,,,,0.00,,0,,,,,,,,,,0.7224,2022-07-12T13:38:00+00:00,1349,3004
summary,2022-07-15,AAPL,,,,,,,0.00,,0,,,,,,,,,,1.0000,2022-07-12T13:36:00+00:00,1517,2676
summary,2022-07-15,NVDA,,,,,,,0.00,,0,,,,,,,,,,0.9850,2022-07-12T13:41:00+00:00,1623,2521
summary,2022-07-15,MSFT,,,,,,,0.00,,0,,,,,,,,,,0.5468,2022-07-15T14:17:00+00:00,902,2225
summary,2022-07-18,SPY,,,,,,,0.00,,0,,,,,,,,,,0.7217,2022-07-15T15:02:00+00:00,798,1154
summary,2022-07-18,QQQ,,,,,,,0.00,,0,,,,,,,,,,0.7166,2022-07-15T14:00:00+00:00,815,1163
summary,2022-07-18,AAPL,,,,,,,0.00,,0,,,,,,,,,,0.7998,2022-07-15T13:32:00+00:00,521,1103
trade,2022-07-18,NVDA,Long,2022-07-18T13:33:00+00:00,2022-07-18T14:50:00+00:00,164.6579,164.5921,308.61,-20.32,-0.000400,4620000,MaxHoldTimeout,0.6560,0.0683,0.6142,0.4996,0.9827,-0.5440,-0.2487,0.9064,,,
trade,2022-07-18,NVDA,Long,2022-07-18T15:35:00+00:00,2022-07-18T15:56:00+00:00,166.3686,167.3615,307.51,305.34,0.005968,1260000,SessionClose,0.5909,0.7011,0.5437,0.3941,1.0000,0.5370,0.5791,1.0000,,,
trade,2022-07-18,NVDA,Long,2022-07-18T15:58:00+00:00,2022-07-18T15:59:00+00:00,168.1186,168.2108,326.10,30.04,0.000548,60000,SessionClose,0.7079,0.7080,0.6046,0.5791,1.0000,0.6053,0.5791,1.0000,,,
trade,2022-07-18,NVDA,Long,2022-07-18T16:01:00+00:00,2022-07-18T16:02:00+00:00,168.3187,168.4713,328.29,50.11,0.000907,60000,SessionClose,0.6703,0.6759,0.5481,0.6015,0.8487,0.6039,0.6015,0.8487,,,
trade,2022-07-18,NVDA,Long,2022-07-18T16:04:00+00:00,2022-07-18T16:05:00+00:00,168.6887,168.6313,331.63,-19.06,-0.000341,60000,SessionClose,0.6685,0.6684,0.5302,0.6015,0.8487,0.5287,0.6015,0.8487,,,
summary,2022-07-18,NVDA,,,,,,,346.12,,5,,,,,,,,,,1.0000,2022-07-15T13:35:00+00:00,766,1112
summary,2022-07-18,MSFT,,,,,,,0.00,,0,,,,,,,,,,1.0000,2022-07-15T13:35:00+00:00,350,944
summary,2022-07-19,SPY,,,,,,,0.00,,0,,,,,,,,,,0.5009,2022-07-18T09:22:00+00:00,691,1515
summary,2022-07-19,QQQ,,,,,,,0.00,,0,,,,,,,,,,0.5696,2022-07-18T08:28:00+00:00,718,1562
summary,2022-07-19,AAPL,,,,,,,0.00,,0,,,,,,,,,,0.5477,2022-07-19T15:07:00+00:00,510,1457
trade,2022-07-19,NVDA,Long,2022-07-19T14:49:00+00:00,2022-07-19T15:56:00+00:00,165.1080,166.7316,302.41,491.01,0.009834,4020000,SessionClose,0.5823,0.3352,0.5830,0.4849,0.7769,0.0720,0.1136,0.8663,,,
trade,2022-07-19,NVDA,Long,2022-07-19T16:59:00+00:00,2022-07-19T17:00:00+00:00,167.9720,168.1512,332.22,59.53,0.001067,60000,SessionClose,0.5849,0.5861,0.5442,0.4451,0.8780,0.5564,0.4451,0.8780,,,
trade,2022-07-19,NVDA,Long,2022-07-19T17:04:00+00:00,2022-07-19T17:05:00+00:00,168.3777,168.3813,336.23,1.23,0.000022,60000,SessionClose,0.5834,0.5845,0.5509,0.4460,0.8692,0.5622,0.4460,0.8692,,,
trade,2022-07-19,NVDA,Long,2022-07-19T17:07:00+00:00,2022-07-19T17:08:00+00:00,168.6288,168.5644,336.70,-21.70,-0.000382,60000,SessionClose,0.5802,0.5770,0.5733,0.4369,0.8692,0.5408,0.4369,0.8692,,,
trade,2022-07-19,NVDA,Long,2022-07-19T17:11:00+00:00,2022-07-19T17:12:00+00:00,168.7910,168.8262,335.75,11.84,0.000209,60000,SessionClose,0.6315,0.6311,0.5658,0.5236,0.8692,0.5612,0.5236,0.8692,,,
trade,2022-07-19,NVDA,Long,2022-07-19T17:14:00+00:00,2022-07-19T17:15:00+00:00,169.0688,168.9912,336.81,-26.14,-0.000459,60000,SessionClose,0.6299,0.6293,0.5500,0.5236,0.8692,0.5441,0.5236,0.8692,,,
trade,2022-07-19,NVDA,Long,2022-07-19T17:40:00+00:00,2022-07-19T17:41:00+00:00,169.7589,169.5612,335.83,-66.42,-0.001165,60000,SessionClose,0.5908,0.4908,0.5437,0.4596,0.8692,0.4832,0.3028,0.8692,,,
trade,2022-07-19,NVDA,Long,2022-07-19T17:46:00+00:00,2022-07-19T17:47:00+00:00,169.7339,169.8110,332.44,25.63,0.000454,60000,SessionClose,0.5984,0.6011,0.4661,0.4852,0.8692,0.4926,0.4852,0.8692,,,
trade,2022-07-19,NVDA,Long,2022-07-19T17:49:00+00:00,2022-07-19T17:50:00+00:00,170.2632,170.2209,334.36,-14.14,-0.000248,60000,SessionClose,0.6049,0.6041,0.5310,0.4852,0.8692,0.5221,0.4852,0.8692,,,
trade,2022-07-19,NVDA,Long,2022-07-19T17:52:00+00:00,2022-07-19T17:53:00+00:00,170.3288,170.2909,334.11,-12.64,-0.000222,60000,SessionClose,0.5912,0.5919,0.5046,0.4666,0.8692,0.5121,0.4666,0.8692,,,
trade,2022-07-19,NVDA,Long,2022-07-19T17:55:00+00:00,2022-07-19T17:56:00+00:00,170.4341,170.3910,333.59,-14.37,-0.000253,60000,SessionClose,0.5945,0.4865,0.5377,0.4666,0.8692,0.4675,0.2983,0.8692,,,
trade,2022-07-19,NVDA,Long,2022-07-19T18:09:00+00:00,2022-07-19T18:10:00+00:00,170.8592,170.9208,333.27,20.54,0.000361,60000,SessionClose,0.5813,0.5772,0.5618,0.4689,0.8127,0.5205,0.4689,0.8127,,,
summary,2022-07-19,NVDA,,,,,,,454.38,,12,,,,,,,,,,0.9436,2022-07-18T08:18:00+00:00,868,1412
summary,2022-07-19,MSFT,,,,,,,0.00,,0,,,,,,,,,,0.7113,2022-07-18T08:29:00+00:00,450,1106
summary,2022-07-20,SPY,,,,,,,0.00,,0,,,,,,,,,,0.5175,2022-07-20T14:52:00+00:00,1324,2357
summary,2022-07-20,QQQ,,,,,,,0.00,,0,,,,,,,,,,0.5696,2022-07-18T08:28:00+00:00,1425,2479
summary,2022-07-20,AAPL,,,,,,,0.00,,0,,,,,,,,,,0.5477,2022-07-19T15:07:00+00:00,1156,2275
trade,2022-07-20,NVDA,Long,2022-07-20T14:06:00+00:00,2022-07-20T15:56:00+00:00,170.6091,177.8093,334.89,2411.31,0.042203,6600000,SessionClose,0.5987,0.1951,-0.2596,0.6934,0.6953,0.1195,-0.0457,0.7020,,,
summary,2022-07-20,NVDA,,,,,,,2411.31,,1,,,,,,,,,,0.9436,2022-07-18T08:18:00+00:00,1557,2240
summary,2022-07-20,MSFT,,,,,,,0.00,,0,,,,,,,,,,0.7113,2022-07-18T08:29:00+00:00,938,1744
summary,2022-07-21,SPY,,,,,,,0.00,,0,,,,,,,,,,0.5180,2022-07-20T14:52:00+00:00,1806,2962
summary,2022-07-21,QQQ,,,,,,,0.00,,0,,,,,,,,,,0.6314,2022-07-18T14:01:00+00:00,1982,3082
summary,2022-07-21,AAPL,,,,,,,0.00,,0,,,,,,,,,,0.7778,2022-07-18T14:01:00+00:00,1677,2834
summary,2022-07-21,NVDA,,,,,,,0.00,,0,,,,,,,,,,1.0000,2022-07-18T13:32:00+00:00,2042,2795
summary,2022-07-21,MSFT,,,,,,,0.00,,0,,,,,,,,,,0.8528,2022-07-18T13:37:00+00:00,1363,2284
summary,2022-07-22,SPY,,,,,,,0.00,,0,,,,,,,,,,0.9569,2022-07-19T14:51:00+00:00,2156,2927
summary,2022-07-22,QQQ,,,,,,,0.00,,0,,,,,,,,,,0.9578,2022-07-19T14:51:00+00:00,2288,3075
summary,2022-07-22,AAPL,,,,,,,0.00,,0,,,,,,,,,,0.9567,2022-07-19T14:49:00+00:00,2228,2802
summary,2022-07-22,NVDA,,,,,,,0.00,,0,,,,,,,,,,0.9583,2022-07-19T14:48:00+00:00,2005,2813
summary,2022-07-22,MSFT,,,,,,,0.00,,0,,,,,,,,,,0.9576,2022-07-19T14:51:00+00:00,1587,2317
summary,2022-07-25,SPY,,,,,,,0.00,,0,,,,,,,,,,0.5309,2022-07-22T13:39:00+00:00,343,1139
summary,2022-07-25,QQQ,,,,,,,0.00,,0,,,,,,,,,,0.8697,2022-07-22T13:50:00+00:00,101,1155
summary,2022-07-25,AAPL,,,,,,,0.00,,0,,,,,,,,,,0.7076,2022-07-22T13:50:00+00:00,151,1106
summary,2022-07-25,NVDA,,,,,,,0.00,,0,,,,,,,,,,0.6617,2022-07-22T14:54:00+00:00,249,1058
summary,2022-07-25,MSFT,,,,,,,0.00,,0,,,,,,,,,,0.6420,2022-07-22T13:51:00+00:00,100,966
summary,2022-07-26,SPY,,,,,,,0.00,,0,,,,,,,,,,0.8033,2022-07-25T09:21:00+00:00,395,1526
summary,2022-07-26,QQQ,,,,,,,0.00,,0,,,,,,,,,,0.7913,2022-07-25T09:22:00+00:00,267,1534
summary,2022-07-26,AAPL,,,,,,,0.00,,0,,,,,,,,,,0.8420,2022-07-25T09:39:00+00:00,223,1441
summary,2022-07-26,NVDA,,,,,,,0.00,,0,,,,,,,,,,0.8846,2022-07-25T08:42:00+00:00,375,1262
summary,2022-07-26,MSFT,,,,,,,0.00,,0,,,,,,,,,,0.7743,2022-07-25T10:02:00+00:00,368,1128
summary,2022-07-27,SPY,,,,,,,0.00,,0,,,,,,,,,,0.8033,2022-07-25T09:21:00+00:00,981,2395
summary,2022-07-27,QQQ,,,,,,,0.00,,0,,,,,,,,,,0.7913,2022-07-25T09:22:00+00:00,896,2439
summary,2022-07-27,AAPL,,,,,,,0.00,,0,,,,,,,,,,0.8420,2022-07-25T09:39:00+00:00,823,2266
trade,2022-07-27,NVDA,Long,2022-07-27T13:46:00+00:00,2022-07-27T15:35:00+00:00,172.2694,173.4303,299.64,347.84,0.006739,6540000,ScoreExit,0.7135,-0.0554,0.6356,0.7630,0.6404,-0.4889,-0.3009,0.5799,,,
trade,2022-07-27,NVDA,Long,2022-07-27T18:36:00+00:00,2022-07-27T18:37:00+00:00,175.2700,175.7099,321.05,141.20,0.002509,60000,SessionClose,0.6075,0.6162,0.5217,0.5707,0.7098,0.6078,0.5707,0.7098,,,
trade,2022-07-27,NVDA,Long,2022-07-27T18:39:00+00:00,2022-07-27T18:40:00+00:00,175.4801,176.1298,330.66,214.82,0.003702,60000,SessionClose,0.5958,0.6163,0.4046,0.5707,0.7098,0.6096,0.5707,0.7098,,,
trade,2022-07-27,NVDA,Long,2022-07-27T18:42:00+00:00,2022-07-27T18:43:00+00:00,177.1804,176.9820,343.80,-68.22,-0.001120,60000,SessionClose,0.7107,0.7073,0.6313,0.7245,0.7098,0.5973,0.7245,0.7098,,,
trade,2022-07-27,NVDA,Long,2022-07-27T18:45:00+00:00,2022-07-27T18:46:00+00:00,177.6006,177.5695,340.15,-10.59,-0.000175,60000,SessionClose,0.7140,0.6042,0.6635,0.7245,0.7098,0.6289,0.5474,0.7098,,,
trade,2022-07-27,NVDA,Long,2022-07-27T18:52:00+00:00,2022-07-27T18:53:00+00:00,177.0904,177.7049,339.47,208.58,0.003470,60000,SessionClose,0.6170,0.6501,0.2252,0.6359,0.7098,0.5571,0.6359,0.7098,,,
trade,2022-07-27,NVDA,Long,2022-07-27T18:55:00+00:00,2022-07-27T18:56:00+00:00,177.5555,177.4295,352.44,-44.41,-0.000710,60000,SessionClose,0.6209,0.5279,0.2650,0.6359,0.7098,0.1917,0.4929,0.7098,,,
trade,2022-07-27,NVDA,Long,2022-07-27T19:05:00+00:00,2022-07-27T19:06:00+00:00,177.4805,177.1796,349.99,-105.32,-0.001696,60000,SessionClose,0.5993,0.5237,0.4214,0.5905,0.6761,0.2892,0.4866,0.6761,,,
trade,2022-07-27,NVDA,Long,2022-07-27T19:26:00+00:00,2022-07-27T19:27:00+00:00,177.8606,178.1894,344.61,113.31,0.001849,60000,SessionClose,0.6250,0.6286,0.5547,0.6112,0.6761,0.5906,0.6112,0.6761,,,
trade,2022-07-27,NVDA,Long,2022-07-27T19:29:00+00:00,2022-07-27T19:30:00+00:00,178.6486,179.1693,351.73,183.12,0.002914,60000,SessionClose,0.6302,0.6322,0.6060,0.6112,0.6761,0.6267,0.6112,0.6761,,,
summary,2022-07-27,NVDA,,,,,,,980.33,,10,,,,,,,,,,0.8846,2022-07-25T08:42:00+00:00,958,2046
trade,2022-07-27,MSFT,Long,2022-07-27T13:36:00+00:00,2022-07-27T15:37:00+00:00,262.7975,264.0422,294.94,367.09,0.004736,7260000,MaxHoldTimeout,0.6153,0.2763,0.5888,0.5815,0.6917,0.5518,0.0627,0.6117,,,
trade,2022-07-27,MSFT,Long,2022-07-27T18:41:00+00:00,2022-07-27T18:42:00+00:00,267.0462,267.1316,317.48,27.10,0.000320,60000,SessionClose,0.6452,0.6447,0.6036,0.6589,0.6317,0.5982,0.6589,0.6317,,,
trade,2022-07-27,MSFT,Long,2022-07-27T18:44:00+00:00,2022-07-27T18:45:00+00:00,267.8886,268.5713,319.86,218.37,0.002548,60000,SessionClose,0.6466,0.6503,0.6172,0.6589,0.6317,0.6547,0.6589,0.6317,,,
trade,2022-07-27,MSFT,Long,2022-07-27T18:52:00+00:00,2022-07-27T18:53:00+00:00,268.4887,268.8212,333.33,110.84,0.001239,60000,SessionClose,0.6073,0.6219,0.3768,0.6335,0.6317,0.5230,0.6335,0.6317,,,
trade,2022-07-27,MSFT,Long,2022-07-27T18:55:00+00:00,2022-07-27T18:56:00+00:00,268.8037,268.7912,340.47,-4.26,-0.000047,60000,SessionClose,0.6094,0.4774,0.3974,0.6335,0.6317,0.4903,0.3982,0.6317,,,
summary,2022-07-27,MSFT,,,,,,,719.15,,5,,,,,,,,,,0.9329,2022-07-26T22:08:00+00:00,1033,1983
summary,2022-07-28,SPY,,,,,,,0.00,,0,,,,,,,,,,0.5630,2022-07-27T19:04:00+00:00,1557,2964
summary,2022-07-28,QQQ,,,,,,,0.00,,0,,,,,,,,,,0.5746,2022-07-27T19:04:00+00:00,1481,3049
summary,2022-07-28,AAPL,,,,,,,0.00,,0,,,,,,,,,,0.5896,2022-07-25T13:32:00+00:00,1354,2860
trade,2022-07-28,NVDA,Long,2022-07-28T15:24:00+00:00,2022-07-28T15:56:00+00:00,178.7207,179.1592,362.53,158.94,0.002453,1920000,SessionClose,0.6043,0.1981,0.5425,0.6172,0.5992,0.0349,0.0248,0.5992,,,
summary,2022-07-28,NVDA,,,,,,,158.94,,1,,,,,,,,,,0.9315,2022-07-25T13:46:00+00:00,1636,2588
trade,2022-07-28,MSFT,Long,2022-07-28T15:01:00+00:00,2022-07-28T15:56:00+00:00,273.4697,274.3701,346.87,312.33,0.003293,3300000,SessionClose,0.5851,0.0868,0.5781,0.5849,0.5879,-0.0055,-0.1483,0.5879,,,
summary,2022-07-28,MSFT,,,,,,,312.33,,1,,,,,,,,,,0.9742,2022-07-26T22:08:00+00:00,1431,2476
summary,2022-07-29,SPY,,,,,,,0.00,,0,,,,,,,,,,0.6134,2022-07-26T22:09:00+00:00,2116,2953
summary,2022-07-29,QQQ,,,,,,,0.00,,0,,,,,,,,,,0.6644,2022-07-26T22:09:00+00:00,2213,3080
summary,2022-07-29,AAPL,,,,,,,0.00,,0,,,,,,,,,,0.7573,2022-07-28T20:38:00+00:00,2257,2968
summary,2022-07-29,NVDA,,,,,,,0.00,,0,,,,,,,,,,0.8857,2022-07-26T13:56:00+00:00,1846,2659
summary,2022-07-29,MSFT,,,,,,,0.00,,0,,,,,,,,,,0.9972,2022-07-26T22:08:00+00:00,1895,2589
summary,2022-08-01,SPY,,,,,,,0.00,,0,,,,,,,,,,0.8733,2022-07-29T14:27:00+00:00,698,1101
trade,2022-08-01,QQQ,Long,2022-08-01T14:06:00+00:00,2022-08-01T15:56:00+00:00,316.9084,317.9014,305.94,303.81,0.003134,6600000,SessionClose,0.5887,0.1517,0.5293,0.5912,0.6035,-0.2893,0.0050,0.5920,,,
summary,2022-08-01,QQQ,,,,,,,303.81,,1,,,,,,,,,,0.9514,2022-07-29T14:44:00+00:00,832,1126
summary,2022-08-01,AAPL,,,,,,,0.00,,0,,,,,,,,,,1.0000,2022-07-29T13:40:00+00:00,564,1098
summary,2022-08-01,NVDA,,,,,,,0.00,,0,,,,,,,,,,1.0000,2022-07-29T13:31:00+00:00,797,1021
summary,2022-08-01,MSFT,,,,,,,0.00,,0,,,,,,,,,,0.8985,2022-07-29T14:27:00+00:00,451,950
summary,2022-08-02,SPY,,,,,,,0.00,,0,,,,,,,,,,0.6918,2022-08-01T09:34:00+00:00,523,1454
summary,2022-08-02,QQQ,,,,,,,0.00,,0,,,,,,,,,,0.7075,2022-08-01T14:05:00+00:00,657,1510
summary,2022-08-02,AAPL,,,,,,,0.00,,0,,,,,,,,,,0.6714,2022-08-01T13:48:00+00:00,350,1388
trade,2022-08-02,NVDA,Long,2022-08-02T14:51:00+00:00,2022-08-02T15:56:00+00:00,184.9074,185.3272,359.23,150.82,0.002271,3900000,SessionClose,0.5821,0.2539,0.6135,0.6062,0.5234,-0.2203,0.1408,0.6380,,,
trade,2022-08-02,NVDA,Long,2022-08-02T16:02:00+00:00,2022-08-02T16:03:00+00:00,185.9610,186.3377,368.74,138.92,0.002026,60000,SessionClose,0.5998,0.6076,0.4987,0.4683,0.8965,0.5773,0.4683,0.8965,,,
trade,2022-08-02,NVDA,Long,2022-08-02T16:05:00+00:00,2022-08-02T16:06:00+00:00,186.3323,186.1478,377.69,-69.68,-0.000990,60000,SessionClose,0.6010,0.5957,0.5106,0.4683,0.8965,0.3845,0.4805,0.8965,,,
trade,2022-08-02,NVDA,Long,2022-08-02T16:08:00+00:00,2022-08-02T16:09:00+00:00,186.5423,186.4777,374.10,-24.17,-0.000346,60000,SessionClose,0.6086,0.6105,0.5139,0.4805,0.8965,0.5325,0.4805,0.8965,,,
trade,2022-08-02,NVDA,Long,2022-08-02T16:11:00+00:00,2022-08-02T16:12:00+00:00,186.5224,186.5177,373.12,-1.76,-0.000025,60000,SessionClose,0.5857,0.6018,0.3904,0.4628,0.8965,0.5518,0.4628,0.8965,,,
trade,2022-08-02,NVDA,Long,2022-08-02T16:14:00+00:00,2022-08-02T16:15:00+00:00,186.9124,186.6877,373.94,-84.03,-0.001202,60000,SessionClose,0.6035,0.5845,0.5692,0.4628,0.8965,0.3788,0.4628,0.8965,,,
trade,2022-08-02,NVDA,Long,2022-08-02T16:17:00+00:00,2022-08-02T16:18:00+00:00,187.1224,187.5775,369.26,168.04,0.002432,60000,SessionClose,0.6615,0.6652,0.5489,0.5628,0.8965,0.5857,0.5628,0.8965,,,
trade,2022-08-02,NVDA,Long,2022-08-02T16:20:00+00:00,2022-08-02T16:21:00+00:00,187.7525,188.0174,379.81,100.59,0.001411,60000,SessionClose,0.6657,0.7439,0.5910,0.5628,0.8965,0.5968,0.6922,0.8965,,,
trade,2022-08-02,NVDA,Long,2022-08-02T16:23:00+00:00,2022-08-02T16:24:00+00:00,188.3228,188.1974,386.22,-48.43,-0.000666,60000,SessionClose,0.7424,0.7408,0.5811,0.6922,0.8965,0.5658,0.6922,0.8965,,,
trade,2022-08-02,NVDA,Long,2022-08-02T16:26:00+00:00,2022-08-02T16:27:00+00:00,188.6127,188.8372,383.93,86.20,0.001190,60000,SessionClose,0.6908,0.6961,0.5159,0.6171,0.8965,0.5696,0.6171,0.8965,,,
trade,2022-08-02,NVDA,Long,2022-08-02T16:29:00+00:00,2022-08-02T16:30:00+00:00,188.8528,188.6873,389.59,-64.48,-0.000876,60000,SessionClose,0.6918,0.6737,0.5266,0.6171,0.8965,0.3452,0.6171,0.8965,,,
trade,2022-08-02,NVDA,Long,2022-08-02T16:36:00+00:00,2022-08-02T16:37:00+00:00,188.4030,188.3673,385.99,-13.76,-0.000189,60000,SessionClose,0.6131,0.6189,-0.2169,0.6097,0.8965,-0.1583,0.6097,0.8965,,,
trade,2022-08-02,NVDA,Long,2022-08-02T16:39:00+00:00,2022-08-02T16:40:00+00:00,188.7924,189.0672,385.66,105.95,0.001455,60000,SessionClose,0.6762,0.6907,0.4143,0.6097,0.8965,0.5589,0.6097,0.8965,,,
trade,2022-08-02,NVDA,Long,2022-08-02T16:42:00+00:00,2022-08-02T16:43:00+00:00,189.2428,189.0872,392.63,-61.12,-0.000823,60000,SessionClose,0.6132,0.6101,0.5156,0.4878,0.8965,0.4852,0.4878,0.8965,,,
trade,2022-08-02,NVDA,Long,2022-08-02T16:45:00+00:00,2022-08-02T16:46:00+00:00,189.0828,188.5673,389.55,-200.83,-0.002726,60000,SessionClose,0.5877,0.4377,0.2608,0.4878,0.8965,-0.3312,0.3365,0.8965,,,
summary,2022-08-02,NVDA,,,,,,,182.26,,15,,,,,,,,,,0.8712,2022-08-01T14:13:00+00:00,697,1248
summary,2022-08-02,MSFT,,,,,,,0.00,,0,,,,,,,,,,0.6665,2022-08-01T14:53:00+00:00,265,1058
summary,2022-08-03,SPY,,,,,,,0.00,,0,,,,,,,,,,0.6918,2022-08-01T09:34:00+00:00,970,2274
summary,2022-08-03,QQQ,,,,,,,0.00,,0,,,,,,,,,,0.7075,2022-08-01T14:05:00+00:00,1181,2366
summary,2022-08-03,AAPL,,,,,,,0.00,,0,,,,,,,,,,0.6714,2022-08-01T13:48:00+00:00,843,2168
summary,2022-08-03,NVDA,,,,,,,0.00,,0,,,,,,,,,,0.8712,2022-08-01T14:13:00+00:00,1063,2013
summary,2022-08-03,MSFT,,,,,,,0.00,,0,,,,,,,,,,0.6665,2022-08-01T14:53:00+00:00,674,1602
summary,2022-08-04,SPY,,,,,,,0.00,,0,,,,,,,,,,0.9576,2022-08-01T14:53:00+00:00,1341,2880
summary,2022-08-04,QQQ,,,,,,,0.00,,0,,,,,,,,,,0.9574,2022-08-01T14:45:00+00:00,1666,2990
summary,2022-08-04,AAPL,,,,,,,0.00,,0,,,,,,,,,,1.0000,2022-08-01T13:40:00+00:00,1251,2721
summary,2022-08-04,NVDA,,,,,,,0.00,,0,,,,,,,,,,1.0000,2022-08-01T13:41:00+00:00,1489,2555
summary,2022-08-04,MSFT,,,,,,,0.00,,0,,,,,,,,,,0.9569,2022-08-01T14:55:00+00:00,1038,2084
summary,2022-08-05,SPY,,,,,,,0.00,,0,,,,,,,,,,0.9563,2022-08-02T14:53:00+00:00,1745,2815
summary,2022-08-05,QQQ,,,,,,,0.00,,0,,,,,,,,,,0.9593,2022-08-02T14:53:00+00:00,2027,2910
summary,2022-08-05,AAPL,,,,,,,0.00,,0,,,,,,,,,,0.9567,2022-08-02T14:44:00+00:00,1813,2654
trade,2022-08-05,NVDA,Long,2022-08-05T14:11:00+00:00,2022-08-05T15:01:00+00:00,190.2830,190.0270,283.98,-72.72,-0.001346,3000000,ScoreExit,0.5838,-0.1965,0.5410,0.6866,0.3924,-0.5767,-0.2887,0.1148,,,
summary,2022-08-05,NVDA,,,,,,,-72.72,,1,,,,,,,,,,1.0000,2022-08-02T13:31:00+00:00,1773,2508
summary,2022-08-05,MSFT,,,,,,,0.00,,0,,,,,,,,,,0.9433,2022-08-02T14:54:00+00:00,1498,2089
summary,2022-08-08,SPY,,,,,,,0.00,,0,,,,,,,,,,0.8899,2022-08-05T14:15:00+00:00,757,1125
summary,2022-08-08,QQQ,,,,,,,0.00,,0,,,,,,,,,,0.8971,2022-08-05T14:13:00+00:00,585,1125
summary,2022-08-08,AAPL,,,,,,,0.00,,0,,,,,,,,,,0.9628,2022-08-05T13:38:00+00:00,618,1078
summary,2022-08-08,NVDA,,,,,,,0.00,,0,,,,,,,,,,0.9055,2022-08-05T14:13:00+00:00,478,1007
summary,2022-08-08,MSFT,,,,,,,0.00,,0,,,,,,,,,,0.8946,2022-08-05T14:02:00+00:00,459,911
summary,2022-08-09,SPY,,,,,,,0.00,,0,,,,,,,,,,0.4849,2022-08-08T10:41:00+00:00,317,1446
summary,2022-08-09,QQQ,,,,,,,0.00,,0,,,,,,,,,,0.6809,2022-08-08T13:50:00+00:00,238,1513
summary,2022-08-09,AAPL,,,,,,,0.00,,0,,,,,,,,,,0.6183,2022-08-08T13:51:00+00:00,348,1339
summary,2022-08-09,NVDA,,,,,,,0.00,,0,,,,,,,,,,0.7780,2022-08-08T19:39:00+00:00,315,1402
summary,2022-08-09,MSFT,,,,,,,0.00,,0,,,,,,,,,,0.7731,2022-08-08T10:54:00+00:00,354,1045
summary,2022-08-10,SPY,,,,,,,0.00,,0,,,,,,,,,,0.6169,2022-08-10T12:35:00+00:00,737,2241
summary,2022-08-10,QQQ,,,,,,,0.00,,0,,,,,,,,,,0.6809,2022-08-08T13:50:00+00:00,641,2372
summary,2022-08-10,AAPL,,,,,,,0.00,,0,,,,,,,,,,0.6183,2022-08-08T13:51:00+00:00,849,2065
trade,2022-08-10,NVDA,Long,2022-08-10T15:01:00+00:00,2022-08-10T15:56:00+00:00,176.6103,179.2391,312.35,821.12,0.014885,3300000,SessionClose,0.5972,0.5566,0.5840,0.5583,0.6794,0.4621,0.5109,0.6794,,,
trade,2022-08-10,NVDA,Long,2022-08-10T16:01:00+00:00,2022-08-10T16:02:00+00:00,179.7910,179.4991,361.91,-105.63,-0.001623,60000,SessionClose,0.5893,0.5579,0.5252,0.5743,0.6406,0.2116,0.5743,0.6406,,,
trade,2022-08-10,NVDA,Long,2022-08-10T16:04:00+00:00,2022-08-10T16:05:00+00:00,180.0410,180.1090,355.80,24.18,0.000378,60000,SessionClose,0.5911,0.5934,0.5429,0.5743,0.6406,0.5660,0.5743,0.6406,,,
summary,2022-08-10,NVDA,,,,,,,739.68,,3,,,,,,,,,,0.7969,2022-08-10T12:48:00+00:00,741,2131
summary,2022-08-10,MSFT,,,,,,,0.00,,0,,,,,,,,,,0.7731,2022-08-08T10:54:00+00:00,846,1632
summary,2022-08-11,SPY,,,,,,,0.00,,0,,,,,,,,,,0.6194,2022-08-10T12:35:00+00:00,1202,2849
summary,2022-08-11,QQQ,,,,,,,0.00,,0,,,,,,,,,,0.9214,2022-08-08T13:44:00+00:00,1055,2955
summary,2022-08-11,AAPL,,,,,,,0.00,,0,,,,,,,,,,0.9344,2022-08-08T13:44:00+00:00,1390,2612
summary,2022-08-11,NVDA,,,,,,,0.00,,0,,,,,,,,,,1.0000,2022-08-08T13:32:00+00:00,1239,2690
summary,2022-08-11,MSFT,,,,,,,0.00,,0,,,,,,,,,,1.0000,2022-08-08T13:39:00+00:00,1151,2131
summary,2022-08-12,SPY,,,,,,,0.00,,0,,,,,,,,,,0.6609,2022-08-10T12:35:00+00:00,2050,2857
summary,2022-08-12,QQQ,,,,,,,0.00,,0,,,,,,,,,,0.7346,2022-08-10T12:47:00+00:00,2079,2942
summary,2022-08-12,AAPL,,,,,,,0.00,,0,,,,,,,,,,0.7033,2022-08-09T14:49:00+00:00,2163,2624
trade,2022-08-12,NVDA,Long,2022-08-12T14:16:00+00:00,2022-08-12T15:52:00+00:00,183.9918,184.0782,424.36,36.66,0.000470,5760000,ScoreExit,0.6270,-0.0719,0.3742,0.7226,0.5201,-0.5675,-0.2448,0.4390,,,
summary,2022-08-12,NVDA,,,,,,,36.66,,1,,,,,,,,,,0.9339,2022-08-09T13:41:00+00:00,1749,2517
summary,2022-08-12,MSFT,,,,,,,0.00,,0,,,,,,,,,,0.9553,2022-08-09T14:48:00+00:00,1655,2114
summary,2022-08-15,SPY,,,,,,,0.00,,0,,,,,,,,,,0.6331,2022-08-12T15:02:00+00:00,917,1164
summary,2022-08-15,QQQ,,,,,,,0.00,,0,,,,,,,,,,0.7167,2022-08-12T14:19:00+00:00,955,1139
summary,2022-08-15,AAPL,,,,,,,0.00,,0,,,,,,,,,,0.8880,2022-08-12T15:04:00+00:00,921,1104
trade,2022-08-15,NVDA,Long,2022-08-15T13:31:00+00:00,2022-08-15T14:21:00+00:00,187.7125,186.6577,329.32,-347.39,-0.005620,3000000,ScoreExit,0.7156,-0.1336,0.5860,0.6968,0.7965,-0.5110,-0.4398,0.6048,,,
trade,2022-08-15,NVDA,Long,2022-08-15T15:36:00+00:00,2022-08-15T15:56:00+00:00,188.5149,188.7672,308.90,77.95,0.001339,1200000,SessionClose,0.5820,0.4340,0.5725,0.5022,0.7447,0.0457,0.3434,0.7447,,,
summary,2022-08-15,NVDA,,,,,,,-269.44,,2,,,,,,,,,,1.0000,2022-08-12T13:40:00+00:00,964,1034
summary,2022-08-15,MSFT,,,,,,,0.00,,0,,,,,,,,,,0.6251,2022-08-12T14:19:00+00:00,739,917
summary,2022-08-16,SPY,,,,,,,0.00,,0,,,,,,,,,,0.5806,2022-08-15T15:53:00+00:00,936,1462
summary,2022-08-16,QQQ,,,,,,,0.00,,0,,,,,,,,,,0.6421,2022-08-15T15:48:00+00:00,896,1445
summary,2022-08-16,AAPL,,,,,,,0.00,,0,,,,,,,,,,0.6278,2022-08-15T15:48:00+00:00,904,1361
summary,2022-08-16,NVDA,,,,,,,0.00,,0,,,,,,,,,,0.7830,2022-08-15T13:34:00+00:00,737,1206
summary,2022-08-16,MSFT,,,,,,,0.00,,0,,,,,,,,,,0.7530,2022-08-15T10:10:00+00:00,666,1037
summary,2022-08-17,SPY,,,,,,,0.00,,0,,,,,,,,,,0.5806,2022-08-15T15:53:00+00:00,1065,2300
summary,2022-08-17,QQQ,,,,,,,0.00,,0,,,,,,,,,,0.6421,2022-08-15T15:48:00+00:00,1011,2267
summary,2022-08-17,AAPL,,,,,,,0.00,,0,,,,,,,,,,0.6278,2022-08-15T15:48:00+00:00,1380,2194
summary,2022-08-17,NVDA,,,,,,,0.00,,0,,,,,,,,,,0.7830,2022-08-15T13:34:00+00:00,791,1870
summary,2022-08-17,MSFT,,,,,,,0.00,,0,,,,,,,,,,0.7530,2022-08-15T10:10:00+00:00,871,1603
summary,2022-08-18,SPY,,,,,,,0.00,,0,,,,,,,,,,0.6333,2022-08-15T13:58:00+00:00,1113,2850
summary,2022-08-18,QQQ,,,,,,,0.00,,0,,,,,,,,,,0.7136,2022-08-15T13:58:00+00:00,1045,2860
summary,2022-08-18,AAPL,,,,,,,0.00,,0,,,,,,,,,,0.6846,2022-08-15T15:48:00+00:00,1800,2829
trade,2022-08-18,NVDA,Long,2022-08-18T15:24:00+00:00,2022-08-18T15:56:00+00:00,188.0326,188.4873,298.77,135.85,0.002418,1920000,SessionClose,0.5993,0.2295,0.5658,0.6111,0.5867,0.5469,-0.0020,0.5867,,,
summary,2022-08-18,NVDA,,,,,,,135.85,,1,,,,,,,,,,1.0000,2022-08-15T13:33:00+00:00,1076,2426
summary,2022-08-18,MSFT,,,,,,,0.00,,0,,,,,,,,,,0.7824,2022-08-15T13:56:00+00:00,836,2056
summary,2022-08-19,SPY,,,,,,,0.00,,0,,,,,,,,,,0.6464,2022-08-16T15:54:00+00:00,679,2883
summary,2022-08-19,QQQ,,,,,,,0.00,,0,,,,,,,,,,0.7229,2022-08-16T15:54:00+00:00,663,2921
summary,2022-08-19,AAPL,,,,,,,0.00,,0,,,,,,,,,,0.6635,2022-08-16T15:19:00+00:00,1415,2899
summary,2022-08-19,NVDA,,,,,,,0.00,,0,,,,,,,,,,0.7485,2022-08-16T15:54:00+00:00,824,2465
summary,2022-08-19,MSFT,,,,,,,0.00,,0,,,,,,,,,,0.7015,2022-08-16T15:54:00+00:00,558,2058
summary,2022-08-22,SPY,,,,,,,0.00,,0,,,,,,,,,,0.3157,2022-08-19T16:39:00+00:00,36,1179
summary,2022-08-22,QQQ,,,,,,,0.00,,0,,,,,,,,,,0.2889,2022-08-19T17:04:00+00:00,12,1152
summary,2022-08-22,AAPL,,,,,,,0.00,,0,,,,,,,,,,0.3907,2022-08-19T17:04:00+00:00,24,1172
summary,2022-08-22,NVDA,,,,,,,0.00,,0,,,,,,,,,,0.7849,2022-08-19T13:31:00+00:00,75,1064
summary,2022-08-22,MSFT,,,,,,,0.00,,0,,,,,,,,,,0.4656,2022-08-19T13:32:00+00:00,8,970
summary,2022-08-23,SPY,,,,,,,0.00,,0,,,,,,,,,,0.3666,2022-08-23T14:09:00+00:00,317,1517
summary,2022-08-23,QQQ,,,,,,,0.00,,0,,,,,,,,,,0.4346,2022-08-23T14:10:00+00:00,425,1523
summary,2022-08-23,AAPL,,,,,,,0.00,,0,,,,,,,,,,0.5253,2022-08-22T13:29:00+00:00,403,1451
trade,2022-08-23,NVDA,Long,2022-08-23T13:51:00+00:00,2022-08-23T14:54:00+00:00,172.9296,172.3905,300.00,-161.72,-0.003117,3780000,ScoreExit,0.6071,-0.1233,0.6121,0.6397,0.5403,-0.4959,-0.2885,0.3312,,,
summary,2022-08-23,NVDA,,,,,,,-161.72,,1,,,,,,,,,,0.6071,2022-08-23T13:50:00+00:00,378,1291
summary,2022-08-23,MSFT,,,,,,,0.00,,0,,,,,,,,,,0.4287,2022-08-22T13:29:00+00:00,87,1082
summary,2022-08-24,SPY,,,,,,,0.00,,0,,,,,,,,,,0.3666,2022-08-23T14:09:00+00:00,507,2310
summary,2022-08-24,QQQ,,,,,,,0.00,,0,,,,,,,,,,0.4346,2022-08-23T14:10:00+00:00,650,2329
summary,2022-08-24,AAPL,,,,,,,0.00,,0,,,,,,,,,,0.5253,2022-08-22T13:29:00+00:00,576,2191
summary,2022-08-24,NVDA,,,,,,,0.00,,0,,,,,,,,,,0.6071,2022-08-23T13:50:00+00:00,610,1965
summary,2022-08-24,MSFT,,,,,,,0.00,,0,,,,,,,,,,0.4287,2022-08-22T13:29:00+00:00,87,1624
summary,2022-08-25,SPY,,,,,,,0.00,,0,,,,,,,,,,0.4822,2022-08-25T08:01:00+00:00,943,2835
summary,2022-08-25,QQQ,,,,,,,0.00,,0,,,,,,,,,,0.4951,2022-08-25T08:01:00+00:00,1097,2915
summary,2022-08-25,AAPL,,,,,,,0.00,,0,,,,,,,,,,0.4478,2022-08-25T08:01:00+00:00,997,2681
trade,2022-08-25,NVDA,Long,2022-08-25T13:36:00+00:00,2022-08-25T15:37:00+00:00,170.3791,177.3995,290.56,2039.88,0.041205,7260000,MaxHoldTimeout,0.5840,0.3720,0.2857,0.7556,0.3401,0.6033,0.1859,0.6670,,,
summary,2022-08-25,NVDA,,,,,,,2039.88,,1,,,,,,,,,,0.9176,2022-08-22T13:45:00+00:00,1089,2678
summary,2022-08-25,MSFT,,,,,,,0.00,,0,,,,,,,,,,0.4555,2022-08-25T19:59:00+00:00,263,2047
summary,2022-08-26,SPY,,,,,,,0.00,,0,,,,,,,,,,0.7181,2022-08-23T14:10:00+00:00,1300,2843
summary,2022-08-26,QQQ,,,,,,,0.00,,0,,,,,,,,,,0.8990,2022-08-23T14:10:00+00:00,1387,2913
summary,2022-08-26,AAPL,,,,,,,0.00,,0,,,,,,,,,,0.7857,2022-08-23T14:11:00+00:00,1358,2639
summary,2022-08-26,NVDA,,,,,,,0.00,,0,,,,,,,,,,1.0000,2022-08-23T13:32:00+00:00,1177,2713
summary,2022-08-26,MSFT,,,,,,,0.00,,0,,,,,,,,,,0.8420,2022-08-23T14:11:00+00:00,776,2059
summary,2022-08-29,SPY,,,,,,,0.00,,0,,,,,,,,,,0.7474,2022-08-26T14:09:00+00:00,20,1196
summary,2022-08-29,QQQ,,,,,,,0.00,,0,,,,,,,,,,0.9163,2022-08-26T14:09:00+00:00,18,1199
summary,2022-08-29,AAPL,,,,,,,0.00,,0,,,,,,,,,,0.7981,2022-08-26T14:09:00+00:00,15,1178
summary,2022-08-29,NVDA,,,,,,,0.00,,0,,,,,,,,,,0.9232,2022-08-26T14:09:00+00:00,171,1119
summary,2022-08-29,MSFT,,,,,,,0.00,,0,,,,,,,,,,0.7842,2022-08-26T14:09:00+00:00,25,991
summary,2022-08-30,SPY,,,,,,,0.00,,0,,,,,,,,,,0.5829,2022-08-29T16:50:00+00:00,649,1571
summary,2022-08-30,QQQ,,,,,,,0.00,,0,,,,,,,,,,0.6013,2022-08-29T13:34:00+00:00,654,1566
summary,2022-08-30,AAPL,,,,,,,0.00,,0,,,,,,,,,,0.7184,2022-08-29T08:00:00+00:00,617,1470
summary,2022-08-30,NVDA,,,,,,,0.00,,0,,,,,,,,,,0.7453,2022-08-29T13:33:00+00:00,237,1395
summary,2022-08-30,MSFT,,,,,,,0.00,,0,,,,,,,,,,1.0000,2022-08-29T08:00:00+00:00,346,1083
summary,2022-08-31,SPY,,,,,,,0.00,,0,,,,,,,,,,0.5829,2022-08-29T16:50:00+00:00,701,2425
summary,2022-08-31,QQQ,,,,,,,0.00,,0,,,,,,,,,,0.6013,2022-08-29T13:34:00+00:00,805,2407
summary,2022-08-31,AAPL,,,,,,,0.00,,0,,,,,,,,,,0.7184,2022-08-29T08:00:00+00:00,699,2264
summary,2022-08-31,NVDA,,,,,,,0.00,,0,,,,,,,,,,0.7453,2022-08-29T13:33:00+00:00,237,2118
summary,2022-08-31,MSFT,,,,,,,0.00,,0,,,,,,,,,,1.0000,2022-08-29T08:00:00+00:00,501,1632
summary,2022-09-01,SPY,,,,,,,0.00,,0,,,,,,,,,,0.6241,2022-08-29T16:04:00+00:00,550,3009
summary,2022-09-01,QQQ,,,,,,,0.00,,0,,,,,,,,,,0.9714,2022-08-29T13:36:00+00:00,629,3021
summary,2022-09-01,AAPL,,,,,,,0.00,,0,,,,,,,,,,1.0000,2022-08-29T13:34:00+00:00,632,2834
summary,2022-09-01,NVDA,,,,,,,0.00,,0,,,,,,,,,,1.0000,2022-08-29T13:31:00+00:00,229,2792
summary,2022-09-01,MSFT,,,,,,,0.00,,0,,,,,,,,,,0.9321,2022-08-29T13:36:00+00:00,526,2156
summary,2022-09-02,SPY,,,,,,,0.00,,0,,,,,,,,,,0.4679,2022-09-02T12:37:00+00:00,776,2946
summary,2022-09-02,QQQ,,,,,,,0.00,,0,,,,,,,,,,0.4828,2022-09-02T14:32:00+00:00,921,3044
summary,2022-09-02,AAPL,,,,,,,0.00,,0,,,,,,,,,,0.4534,2022-08-31T10:54:00+00:00,834,2835
summary,2022-09-02,NVDA,,,,,,,0.00,,0,,,,,,,,,,0.5581,2022-08-30T13:33:00+00:00,285,2853
summary,2022-09-02,MSFT,,,,,,,0.00,,0,,,,,,,,,,0.4912,2022-08-31T10:50:00+00:00,632,2204
summary,2022-09-05,SPY,,,,,,,0.00,,0,,,,,,,,,,0.9541,2022-09-02T14:42:00+00:00,119,490
summary,2022-09-05,QQQ,,,,,,,0.00,,0,,,,,,,,,,0.9520,2022-09-02T14:42:00+00:00,117,483
summary,2022-09-05,AAPL,,,,,,,0.00,,0,,,,,,,,,,0.8888,2022-09-02T14:32:00+00:00,97,496
summary,2022-09-05,NVDA,,,,,,,0.00,,0,,,,,,,,,,0.9527,2022-09-02T14:42:00+00:00,111,479
summary,2022-09-05,MSFT,,,,,,,0.00,,0,,,,,,,,,,0.9545,2022-09-02T14:40:00+00:00,129,443
trade,2022-09-06,SPY,Long,2022-09-06T14:53:00+00:00,2022-09-06T15:56:00+00:00,393.0436,393.4963,300.00,135.81,0.001152,3780000,SessionClose,0.5836,0.3844,0.5609,0.4415,0.8752,0.3284,0.1325,0.9069,,,
summary,2022-09-06,SPY,,,,,,,135.81,,1,,,,,,,,,,0.6860,2022-09-06T15:08:00+00:00,212,656
trade,2022-09-06,QQQ,Long,2022-09-06T14:53:00+00:00,2022-09-06T15:56:00+00:00,294.9640,295.6159,300.00,195.57,0.002210,3780000,SessionClose,0.6081,0.4390,0.5732,0.4546,0.9269,0.4227,0.1611,1.0000,,,
summary,2022-09-06,QQQ,,,,,,,195.57,,1,,,,,,,,,,0.6836,2022-09-06T15:08:00+00:00,232,685
trade,2022-09-06,AAPL,Long,2022-09-06T14:53:00+00:00,2022-09-06T15:56:00+00:00,156.0662,156.1238,291.01,16.75,0.000369,3780000,SessionClose,0.5843,0.3057,0.5638,0.4226,0.9146,0.3584,0.0309,0.8377,,,
summary,2022-09-06,AAPL,,,,,,,16.75,,1,,,,,,,,,,0.6318,2022-09-06T15:08:00+00:00,239,640
trade,2022-09-06,NVDA,Long,2022-09-06T14:52:00+00:00,2022-09-06T15:56:00+00:00,136.1022,137.4175,300.00,394.59,0.009664,3840000,SessionClose,0.5984,0.4959,0.5747,0.4016,1.0000,0.3750,0.2640,1.0000,,,
summary,2022-09-06,NVDA,,,,,,,394.59,,1,,,,,,,,,,0.6983,2022-09-06T15:08:00+00:00,168,577
trade,2022-09-06,MSFT,Long,2022-09-06T14:54:00+00:00,2022-09-06T15:56:00+00:00,256.3763,256.3637,300.00,-3.76,-0.000049,3720000,SessionClose,0.5837,0.2074,0.5496,0.4566,0.8494,0.2026,-0.0184,0.6605,,,
summary,2022-09-06,MSFT,,,,,,,-3.76,,1,,,,,,,,,,0.6496,2022-09-06T14:57:00+00:00,102,499
summary,2022-09-07,SPY,,,,,,,0.00,,0,,,,,,,,,,0.6860,2022-09-06T15:08:00+00:00,800,1493
summary,2022-09-07,QQQ,,,,,,,0.00,,0,,,,,,,,,,0.6836,2022-09-06T15:08:00+00:00,784,1504
summary,2022-09-07,AAPL,,,,,,,0.00,,0,,,,,,,,,,0.6318,2022-09-06T15:08:00+00:00,756,1424
summary,2022-09-07,NVDA,,,,,,,0.00,,0,,,,,,,,,,0.6983,2022-09-06T15:08:00+00:00,511,1272
summary,2022-09-07,MSFT,,,,,,,0.00,,0,,,,,,,,,,0.6496,2022-09-06T14:57:00+00:00,519,1075
summary,2022-09-08,SPY,,,,,,,0.00,,0,,,,,,,,,,0.6860,2022-09-06T15:08:00+00:00,1357,2320
summary,2022-09-08,QQQ,,,,,,,0.00,,0,,,,,,,,,,0.6836,2022-09-06T15:08:00+00:00,1346,2341
summary,2022-09-08,AAPL,,,,,,,0.00,,0,,,,,,,,,,0.6318,2022-09-06T15:08:00+00:00,1020,2215
trade,2022-09-08,NVDA,Long,2022-09-08T14:17:00+00:00,2022-09-08T15:49:00+00:00,137.4525,138.6458,323.70,386.26,0.008681,5520000,ScoreExit,0.5804,-0.0504,0.6049,0.6363,0.4605,-0.5764,-0.2072,0.4384,,,
summary,2022-09-08,NVDA,,,,,,,386.26,,1,,,,,,,,,,0.6983,2022-09-06T15:08:00+00:00,989,1957
summary,2022-09-08,MSFT,,,,,,,0.00,,0,,,,,,,,,,0.6496,2022-09-06T14:57:00+00:00,856,1607
summary,2022-09-09,SPY,,,,,,,0.00,,0,,,,,,,,,,0.9519,2022-09-06T14:57:00+00:00,1843,2908
summary,2022-09-09,QQQ,,,,,,,0.00,,0,,,,,,,,,,0.9520,2022-09-06T14:57:00+00:00,1897,2923
summary,2022-09-09,AAPL,,,,,,,0.00,,0,,,,,,,,,,0.9517,2022-09-06T14:57:00+00:00,1274,2804
summary,2022-09-09,NVDA,,,,,,,0.00,,0,,,,,,,,,,0.9545,2022-09-06T14:59:00+00:00,1567,2470
summary,2022-09-09,MSFT,,,,,,,0.00,,0,,,,,,,,,,0.9511,2022-09-06T14:57:00+00:00,1306,2102
summary,2022-09-12,SPY,,,,,,,0.00,,0,,,,,,,,,,0.9016,2022-09-09T14:43:00+00:00,918,1150
summary,2022-09-12,QQQ,,,,,,,0.00,,0,,,,,,,,,,0.9547,2022-09-09T14:41:00+00:00,1011,1172
trade,2022-09-12,AAPL,Long,2022-09-12T13:56:00+00:00,2022-09-12T15:56:00+00:00,161.2372,162.0516,318.45,259.33,0.005051,7200000,SessionClose,0.6106,0.0202,0.5698,0.5705,0.7044,-0.5088,-0.1943,0.6256,,,
summary,2022-09-12,AAPL,,,,,,,259.33,,1,,,,,,,,,,0.9551,2022-09-09T14:42:00+00:00,1077,1139
summary,2022-09-12,NVDA,,,,,,,0.00,,0,,,,,,,,,,0.9622,2022-09-09T13:34:00+00:00,751,1036
summary,2022-09-12,MSFT,,,,,,,0.00,,0,,,,,,,,,,0.9561,2022-09-09T14:40:00+00:00,728,906
summary,2022-09-13,SPY,,,,,,,0.00,,0,,,,,,,,,,0.7478,2022-09-12T09:19:00+00:00,631,1482
summary,2022-09-13,QQQ,,,,,,,0.00,,0,,,,,,,,,,0.7871,2022-09-12T09:19:00+00:00,723,1527
summary,2022-09-13,AAPL,,,,,,,0.00,,0,,,,,,,,,,0.8334,2022-09-12T09:21:00+00:00,947,1510
summary,2022-09-13,NVDA,,,,,,,0.00,,0,,,,,,,,,,0.8579,2022-09-12T09:27:00+00:00,434,1275
summary,2022-09-13,MSFT,,,,,,,0.00,,0,,,,,,,,,,0.7304,2022-09-12T08:39:00+00:00,358,1065
summary,2022-09-14,SPY,,,,,,,0.00,,0,,,,,,,,,,0.7478,2022-09-12T09:19:00+00:00,631,2404
summary,2022-09-14,QQQ,,,,,,,0.00,,0,,,,,,,,,,0.7871,2022-09-12T09:19:00+00:00,723,2435
summary,2022-09-14,AAPL,,,,,,,0.00,,0,,,,,,,,,,0.8334,2022-09-12T09:21:00+00:00,1000,2373
summary,2022-09-14,NVDA,,,,,,,0.00,,0,,,,,,,,,,0.8579,2022-09-12T09:27:00+00:00,434,2101
summary,2022-09-14,MSFT,,,,,,,0.00,,0,,,,,,,,,,0.7304,2022-09-12T08:39:00+00:00,358,1714
summary,2022-09-15,SPY,,,,,,,0.00,,0,,,,,,,,,,0.7038,2022-09-12T14:25:00+00:00,546,3020
summary,2022-09-15,QQQ,,,,,,,0.00,,0,,,,,,,,,,0.8282,2022-09-12T14:00:00+00:00,623,2984
summary,2022-09-15,AAPL,,,,,,,0.00,,0,,,,,,,,,,0.8965,2022-09-12T13:57:00+00:00,831,2926
summary,2022-09-15,NVDA,,,,,,,0.00,,0,,,,,,,,,,0.9037,2022-09-12T13:56:00+00:00,490,2654
summary,2022-09-15,MSFT,,,,,,,0.00,,0,,,,,,,,,,0.8936,2022-09-12T13:56:00+00:00,332,2208
summary,2022-09-16,SPY,,,,,,,0.00,,0,,,,,,,,,,0.4091,2022-09-14T20:02:00+00:00,457,3080
summary,2022-09-16,QQQ,,,,,,,0.00,,0,,,,,,,,,,0.5025,2022-09-13T13:31:00+00:00,359,3046
summary,2022-09-16,AAPL,,,,,,,0.00,,0,,,,,,,,,,0.4759,2022-09-14T13:59:00+00:00,428,2940
summary,2022-09-16,NVDA,,,,,,,0.00,,0,,,,,,,,,,1.0000,2022-09-13T13:31:00+00:00,563,2745
summary,2022-09-16,MSFT,,,,,,,0.00,,0,,,,,,,,,,0.4923,2022-09-13T13:31:00+00:00,136,2307
summary,2022-09-19,SPY,,,,,,,0.00,,0,,,,,,,,,,0.8899,2022-09-16T14:36:00+00:00,593,1199
summary,2022-09-19,QQQ,,,,,,,0.00,,0,,,,,,,,,,0.8951,2022-09-16T14:34:00+00:00,549,1167
summary,2022-09-19,AAPL,,,,,,,0.00,,0,,,,,,,,,,0.6239,2022-09-16T18:53:00+00:00,593,1114
trade,2022-09-19,NVDA,Long,2022-09-19T13:31:00+00:00,2022-09-19T15:26:00+00:00,131.9014,132.8984,317.28,316.34,0.007559,6900000,ScoreExit,0.6883,-0.0738,0.6003,0.6216,0.8512,-0.5214,-0.4012,0.7301,,,
summary,2022-09-19,NVDA,,,,,,,316.34,,1,,,,,,,,,,1.0000,2022-09-16T13:39:00+00:00,944,1079
summary,2022-09-19,MSFT,,,,,,,0.00,,0,,,,,,,,,,0.6481,2022-09-16T19:08:00+00:00,313,956
summary,2022-09-20,SPY,,,,,,,0.00,,0,,,,,,,,,,0.6028,2022-09-19T14:40:00+00:00,799,1559
summary,2022-09-20,QQQ,,,,,,,0.00,,0,,,,,,,,,,0.5978,2022-09-19T14:41:00+00:00,965,1544
trade,2022-09-20,AAPL,Long,2022-09-20T15:21:00+00:00,2022-09-20T15:56:00+00:00,156.3863,157.3624,335.67,327.66,0.006242,2100000,SessionClose,0.6049,0.5606,0.5525,0.5101,0.8119,0.5762,0.4324,0.8119,,,
summary,2022-09-20,AAPL,,,,,,,327.66,,1,,,,,,,,,,0.6568,2022-09-19T13:58:00+00:00,1200,1455
summary,2022-09-20,NVDA,,,,,,,0.00,,0,,,,,,,,,,0.7365,2022-09-19T13:33:00+00:00,762,1333
summary,2022-09-20,MSFT,,,,,,,0.00,,0,,,,,,,,,,0.5717,2022-09-19T14:13:00+00:00,551,1118
summary,2022-09-21,SPY,,,,,,,0.00,,0,,,,,,,,,,0.6028,2022-09-19T14:40:00+00:00,1097,2420
summary,2022-09-21,QQQ,,,,,,,0.00,,0,,,,,,,,,,0.5978,2022-09-19T14:41:00+00:00,1445,2401
summary,2022-09-21,AAPL,,,,,,,0.00,,0,,,,,,,,,,0.6568,2022-09-19T13:58:00+00:00,1769,2267
trade,2022-09-21,NVDA,Long,2022-09-21T18:41:00+00:00,2022-09-21T18:42:00+00:00,136.0472,136.4877,314.02,138.33,0.003238,60000,SessionClose,0.6547,0.6936,-0.0261,0.7485,0.6939,0.3636,0.7485,0.6939,,,
trade,2022-09-21,NVDA,Long,2022-09-21T18:44:00+00:00,2022-09-21T18:45:00+00:00,138.8328,139.2144,322.20,122.95,0.002749,60000,SessionClose,0.7289,0.7292,0.7164,0.7485,0.6939,0.7198,0.7485,0.6939,,,
trade,2022-09-21,NVDA,Long,2022-09-21T18:47:00+00:00,2022-09-21T18:48:00+00:00,140.1230,139.3706,310.72,-233.78,-0.005370,60000,SessionClose,0.6393,0.6175,0.7015,0.6017,0.6939,0.4836,0.6017,0.6939,,,
trade,2022-09-21,NVDA,Long,2022-09-21T18:51:00+00:00,2022-09-21T18:52:00+00:00,138.0926,137.9574,300.46,-40.63,-0.000979,60000,SessionClose,0.6651,0.6597,-0.1951,0.7941,0.6939,-0.2490,0.7941,0.6939,,,
trade,2022-09-21,NVDA,Long,2022-09-21T18:54:00+00:00,2022-09-21T18:55:00+00:00,138.9328,139.1572,298.20,66.91,0.001615,60000,SessionClose,0.7159,0.7298,0.3126,0.7941,0.6939,0.4512,0.7941,0.6939,,,
trade,2022-09-21,NVDA,Long,2022-09-21T18:57:00+00:00,2022-09-21T18:58:00+00:00,138.2276,138.6773,309.39,139.11,0.003253,60000,SessionClose,0.6409,0.6661,-0.3767,0.7839,0.6939,-0.1246,0.7839,0.6939,,,
trade,2022-09-21,NVDA,Long,2022-09-21T19:00:00+00:00,2022-09-21T19:01:00+00:00,139.2175,138.8522,316.81,-115.73,-0.002624,60000,SessionClose,0.7058,0.3877,0.2723,0.7839,0.6939,0.0123,0.6006,0.0871,,,
summary,2022-09-21,NVDA,,,,,,,77.15,,7,,,,,,,,,,0.7365,2022-09-19T13:33:00+00:00,1143,2041
summary,2022-09-21,MSFT,,,,,,,0.00,,0,,,,,,,,,,0.5717,2022-09-19T14:13:00+00:00,937,1711
summary,2022-09-22,SPY,,,,,,,0.00,,0,,,,,,,,,,0.9561,2022-09-19T14:40:00+00:00,1111,3051
summary,2022-09-22,QQQ,,,,,,,0.00,,0,,,,,,,,,,0.9554,2022-09-19T14:41:00+00:00,1346,3036
summary,2022-09-22,AAPL,,,,,,,0.00,,0,,,,,,,,,,0.9570,2022-09-19T14:43:00+00:00,1675,2906
summary,2022-09-22,NVDA,,,,,,,0.00,,0,,,,,,,,,,1.0000,2022-09-19T13:32:00+00:00,1202,2686
summary,2022-09-22,MSFT,,,,,,,0.00,,0,,,,,,,,,,0.9207,2022-09-19T14:40:00+00:00,894,2291
summary,2022-09-23,SPY,,,,,,,0.00,,0,,,,,,,,,,0.6024,2022-09-20T16:04:00+00:00,753,3088
summary,2022-09-23,QQQ,,,,,,,0.00,,0,,,,,,,,,,0.7826,2022-09-20T14:59:00+00:00,814,3091
summary,2022-09-23,AAPL,,,,,,,0.00,,0,,,,,,,,,,0.9530,2022-09-20T14:49:00+00:00,981,2929
summary,2022-09-23,NVDA,,,,,,,0.00,,0,,,,,,,,,,0.9543,2022-09-20T14:51:00+00:00,688,2760
summary,2022-09-23,MSFT,,,,,,,0.00,,0,,,,,,,,,,0.8869,2022-09-20T13:46:00+00:00,796,2357
summary,2022-09-26,SPY,,,,,,,0.00,,0,,,,,,,,,,0.5751,2022-09-23T19:44:00+00:00,317,1199
trade,2022-09-26,QQQ,Long,2022-09-26T13:56:00+00:00,2022-09-26T15:06:00+00:00,277.9706,276.7651,300.00,-361.63,-0.004337,4200000,ScoreExit,0.5842,-0.1898,0.4345,0.5351,0.7324,-0.5475,-0.5023,0.5546,,,
summary,2022-09-26,QQQ,,,,,,,-361.63,,1,,,,,,,,,,0.5933,2022-09-26T13:59:00+00:00,484,1200
trade,2022-09-26,AAPL,Long,2022-09-26T13:36:00+00:00,2022-09-26T15:06:00+00:00,151.1259,152.2645,300.00,341.59,0.007534,5400000,ScoreExit,0.6040,-0.0853,0.5998,0.5084,0.7964,-0.5142,-0.3667,0.6205,,,
summary,2022-09-26,AAPL,,,,,,,341.59,,1,,,,,,,,,,0.6534,2022-09-26T13:59:00+00:00,568,1127
summary,2022-09-26,NVDA,,,,,,,0.00,,0,,,,,,,,,,1.0000,2022-09-23T13:34:00+00:00,510,1076
trade,2022-09-26,MSFT,Long,2022-09-26T14:17:00+00:00,2022-09-26T15:06:00+00:00,241.1883,239.7970,300.14,-417.58,-0.005769,2940000,ScoreExit,0.5852,-0.0994,0.5577,0.5438,0.6770,-0.5262,-0.3921,0.6282,,,
summary,2022-09-26,MSFT,,,,,,,-417.58,,1,,,,,,,,,,0.9358,2022-09-23T14:53:00+00:00,359,952
summary,2022-09-27,SPY,,,,,,,0.00,,0,,,,,,,,,,0.6461,2022-09-26T14:16:00+00:00,596,1595
summary,2022-09-27,QQQ,,,,,,,0.00,,0,,,,,,,,,,0.6826,2022-09-26T14:16:00+00:00,640,1620
summary,2022-09-27,AAPL,,,,,,,0.00,,0,,,,,,,,,,0.7471,2022-09-26T14:16:00+00:00,639,1455
summary,2022-09-27,NVDA,,,,,,,0.00,,0,,,,,,,,,,0.9116,2022-09-26T08:22:00+00:00,562,1378
summary,2022-09-27,MSFT,,,,,,,0.00,,0,,,,,,,,,,0.7692,2022-09-26T08:30:00+00:00,443,1166
summary,2022-09-28,SPY,,,,,,,0.00,,0,,,,,,,,,,0.6461,2022-09-26T14:16:00+00:00,965,2519
summary,2022-09-28,QQQ,,,,,,,0.00,,0,,,,,,,,,,0.6826,2022-09-26T14:16:00+00:00,1127,2552
summary,2022-09-28,AAPL,,,,,,,0.00,,0,,,,,,,,,,0.7471,2022-09-26T14:16:00+00:00,861,2355
summary,2022-09-28,NVDA,,,,,,,0.00,,0,,,,,,,,,,0.9116,2022-09-26T08:22:00+00:00,1108,2155
summary,2022-09-28,MSFT,,,,,,,0.00,,0,,,,,,,,,,0.7692,2022-09-26T08:30:00+00:00,762,1851
summary,2022-09-29,SPY,,,,,,,0.00,,0,,,,,,,,,,0.9023,2022-09-26T14:16:00+00:00,1238,3126
summary,2022-09-29,QQQ,,,,,,,0.00,,0,,,,,,,,,,0.8972,2022-09-26T14:16:00+00:00,1323,3149
summary,2022-09-29,AAPL,,,,,,,0.00,,0,,,,,,,,,,1.0000,2022-09-26T13:36:00+00:00,813,3010
summary,2022-09-29,NVDA,,,,,,,0.00,,0,,,,,,,,,,1.0000,2022-09-26T13:36:00+00:00,1226,2688
summary,2022-09-29,MSFT,,,,,,,0.00,,0,,,,,,,,,,1.0000,2022-09-26T13:33:00+00:00,772,2303
summary,2022-09-30,SPY,,,,,,,0.00,,0,,,,,,,,,,0.8942,2022-09-27T13:40:00+00:00,919,3139
summary,2022-09-30,QQQ,,,,,,,0.00,,0,,,,,,,,,,0.9355,2022-09-27T13:40:00+00:00,898,3144
summary,2022-09-30,AAPL,,,,,,,0.00,,0,,,,,,,,,,1.0000,2022-09-27T13:33:00+00:00,375,3075
summary,2022-09-30,NVDA,,,,,,,0.00,,0,,,,,,,,,,1.0000,2022-09-27T13:34:00+00:00,949,2638
summary,2022-09-30,MSFT,,,,,,,0.00,,0,,,,,,,,,,1.0000,2022-09-27T13:37:00+00:00,843,2311
summary,2022-10-03,SPY,,,,,,,0.00,,0,,,,,,,,,,0.9490,2022-09-30T15:04:00+00:00,569,1198
summary,2022-10-03,QQQ,,,,,,,0.00,,0,,,,,,,,,,0.9531,2022-09-30T14:59:00+00:00,445,1190
trade,2022-10-03,AAPL,Long,2022-10-03T14:21:00+00:00,2022-10-03T15:36:00+00:00,140.4443,140.4769,284.14,9.27,0.000232,4500000,ScoreExit,0.5871,-0.0660,0.5017,0.5483,0.6933,-0.5659,-0.3424,0.6534,,,
summary,2022-10-03,AAPL,,,,,,,9.27,,1,,,,,,,,,,1.0000,2022-09-30T13:33:00+00:00,443,1177
trade,2022-10-03,NVDA,Long,2022-10-03T14:03:00+00:00,2022-10-03T15:56:00+00:00,124.0898,124.2002,336.40,37.12,0.000889,6780000,SessionClose,0.6074,0.0049,0.6011,0.4124,0.9995,-0.5471,-0.3288,0.8563,,,
summary,2022-10-03,NVDA,,,,,,,37.12,,1,,,,,,,,,,1.0000,2022-09-30T13:31:00+00:00,644,1048
summary,2022-10-03,MSFT,,,,,,,0.00,,0,,,,,,,,,,0.9887,2022-09-30T13:33:00+00:00,538,1003
trade,2022-10-04,SPY,Long,2022-10-04T13:46:00+00:00,2022-10-04T15:47:00+00:00,374.8500,376.5797,300.32,519.46,0.004614,7260000,MaxHoldTimeout,0.5997,0.0110,0.5609,0.5402,0.7317,-0.4940,-0.2416,0.6847,,,
summary,2022-10-04,SPY,,,,,,,519.46,,1,,,,,,,,,,0.7561,2022-10-03T09:32:00+00:00,1400,1613
trade,2022-10-04,QQQ,Long,2022-10-04T13:58:00+00:00,2022-10-04T15:56:00+00:00,281.2903,281.7586,291.79,136.64,0.001665,7080000,SessionClose,0.5932,0.1709,0.5622,0.5316,0.7266,-0.3202,-0.0151,0.7067,,,
summary,2022-10-04,QQQ,,,,,,,136.64,,1,,,,,,,,,,0.8182,2022-10-03T09:34:00+00:00,1395,1601
summary,2022-10-04,AAPL,,,,,,,0.00,,0,,,,,,,,,,0.8897,2022-10-03T09:31:00+00:00,1354,1519
trade,2022-10-04,NVDA,Long,2022-10-04T13:36:00+00:00,2022-10-04T15:37:00+00:00,129.7009,131.7286,361.83,733.69,0.015634,7260000,MaxHoldTimeout,0.6248,0.3378,0.5445,0.5825,0.7362,0.4748,0.0660,0.8358,,,
summary,2022-10-04,NVDA,,,,,,,733.69,,1,,,,,,,,,,0.7501,2022-10-04T08:04:00+00:00,1173,1341
trade,2022-10-04,MSFT,Long,2022-10-04T13:46:00+00:00,2022-10-04T15:47:00+00:00,246.3893,248.6103,280.67,623.38,0.009014,7260000,MaxHoldTimeout,0.6157,-0.0239,0.4972,0.5630,0.7607,-0.3651,-0.3440,0.7302,,,
summary,2022-10-04,MSFT,,,,,,,623.38,,1,,,,,,,,,,0.7154,2022-10-04T13:58:00+00:00,1043,1185
summary,2022-10-05,SPY,,,,,,,0.00,,0,,,,,,,,,,0.7561,2022-10-03T09:32:00+00:00,1993,2506
summary,2022-10-05,QQQ,,,,,,,0.00,,0,,,,,,,,,,0.8182,2022-10-03T09:34:00+00:00,1953,2480
summary,2022-10-05,AAPL,,,,,,,0.00,,0,,,,,,,,,,0.8897,2022-10-03T09:31:00+00:00,1931,2313
summary,2022-10-05,NVDA,,,,,,,0.00,,0,,,,,,,,,,0.7501,2022-10-04T08:04:00+00:00,1651,2081
summary,2022-10-05,MSFT,,,,,,,0.00,,0,,,,,,,,,,0.7154,2022-10-04T13:58:00+00:00,1444,1772
summary,2022-10-06,SPY,,,,,,,0.00,,0,,,,,,,,,,0.9575,2022-10-03T14:47:00+00:00,2261,3101
summary,2022-10-06,QQQ,,,,,,,0.00,,0,,,,,,,,,,0.9567,2022-10-03T14:47:00+00:00,2233,3075
summary,2022-10-06,AAPL,,,,,,,0.00,,0,,,,,,,,,,1.0000,2022-10-03T13:36:00+00:00,2240,2844
trade,2022-10-06,NVDA,Long,2022-10-06T13:31:00+00:00,2022-10-06T14:11:00+00:00,132.7316,132.8284,365.28,35.36,0.000729,2400000,ScoreExit,0.6094,-0.0690,0.5524,0.6217,0.6039,-0.4950,-0.3319,0.5986,,,
summary,2022-10-06,NVDA,,,,,,,35.36,,1,,,,,,,,,,0.9568,2022-10-03T14:46:00+00:00,2030,2645
summary,2022-10-06,MSFT,,,,,,,0.00,,0,,,,,,,,,,0.9562,2022-10-03T14:46:00+00:00,1673,2241
summary,2022-10-07,SPY,,,,,,,0.00,,0,,,,,,,,,,0.9427,2022-10-04T14:58:00+00:00,898,3026
summary,2022-10-07,QQQ,,,,,,,0.00,,0,,,,,,,,,,0.9558,2022-10-04T14:58:00+00:00,1022,3015
summary,2022-10-07,AAPL,,,,,,,0.00,,0,,,,,,,,,,0.8969,2022-10-04T14:01:00+00:00,1166,2748
summary,2022-10-07,NVDA,,,,,,,0.00,,0,,,,,,,,,,1.0000,2022-10-04T13:39:00+00:00,1291,2698
summary,2022-10-07,MSFT,,,,,,,0.00,,0,,,,,,,,,,0.9019,2022-10-04T14:01:00+00:00,714,2223
summary,2022-10-10,SPY,,,,,,,0.00,,0,,,,,,,,,,0.4452,2022-10-10T17:54:00+00:00,77,1168
summary,2022-10-10,QQQ,,,,,,,0.00,,0,,,,,,,,,,0.3264,2022-10-10T12:59:00+00:00,10,1186
trade,2022-10-10,AAPL,Long,2022-10-10T17:48:00+00:00,2022-10-10T17:49:00+00:00,141.1932,141.3667,300.00,52.05,0.001229,60000,SessionClose,0.5917,0.5952,0.5536,0.5759,0.6359,0.5885,0.5759,0.6359,,,
trade,2022-10-10,AAPL,Long,2022-10-10T17:51:00+00:00,2022-10-10T17:52:00+00:00,141.5333,141.5084,303.33,-7.56,-0.000176,60000,SessionClose,0.5987,0.5994,0.5025,0.5962,0.6359,0.5095,0.5962,0.6359,,,
trade,2022-10-10,AAPL,Long,2022-10-10T17:54:00+00:00,2022-10-10T17:55:00+00:00,141.6583,141.7443,303.17,26.08,0.000607,60000,SessionClose,0.5970,0.6035,0.4851,0.5962,0.6359,0.5502,0.5962,0.6359,,,
summary,2022-10-10,AAPL,,,,,,,70.57,,3,,,,,,,,,,0.6053,2022-10-07T13:39:00+00:00,239,1143
summary,2022-10-10,NVDA,,,,,,,0.00,,0,,,,,,,,,,1.0000,2022-10-07T13:33:00+00:00,151,1075
summary,2022-10-10,MSFT,,,,,,,0.00,,0,,,,,,,,,,0.4577,2022-10-07T13:36:00+00:00,57,978
summary,2022-10-11,SPY,,,,,,,0.00,,0,,,,,,,,,,0.7702,2022-10-10T09:30:00+00:00,610,1559
summary,2022-10-11,QQQ,,,,,,,0.00,,0,,,,,,,,,,0.7656,2022-10-10T09:30:00+00:00,610,1589
summary,2022-10-11,AAPL,,,,,,,0.00,,0,,,,,,,,,,0.8075,2022-10-10T09:34:00+00:00,847,1437
trade,2022-10-11,NVDA,Long,2022-10-11T15:44:00+00:00,2022-10-11T15:56:00+00:00,116.4183,117.1116,299.47,207.62,0.005955,720000,SessionClose,0.5917,0.4982,0.5571,0.6404,0.5060,0.0576,0.5293,0.5830,,,
summary,2022-10-11,NVDA,,,,,,,207.62,,1,,,,,,,,,,0.7730,2022-10-10T17:50:00+00:00,552,1352
summary,2022-10-11,MSFT,,,,,,,0.00,,0,,,,,,,,,,0.9046,2022-10-10T09:47:00+00:00,307,1127
summary,2022-10-12,SPY,,,,,,,0.00,,0,,,,,,,,,,0.7702,2022-10-10T09:30:00+00:00,793,2450
summary,2022-10-12,QQQ,,,,,,,0.00,,0,,,,,,,,,,0.7656,2022-10-10T09:30:00+00:00,785,2473
summary,2022-10-12,AAPL,,,,,,,0.00,,0,,,,,,,,,,0.8075,2022-10-10T09:34:00+00:00,1039,2220
summary,2022-10-12,NVDA,,,,,,,0.00,,0,,,,,,,,,,0.7730,2022-10-10T17:50:00+00:00,874,2054
summary,2022-10-12,MSFT,,,,,,,0.00,,0,,,,,,,,,,0.9046,2022-10-10T09:47:00+00:00,334,1744
trade,2022-10-13,SPY,Long,2022-10-13T15:16:00+00:00,2022-10-13T15:56:00+00:00,356.6962,362.7024,297.95,1789.57,0.016838,2400000,SessionClose,0.6264,0.5217,0.4189,0.7866,0.3750,0.0461,0.5460,0.6315,,,
summary,2022-10-13,SPY,,,,,,,1789.57,,1,,,,,,,,,,0.8541,2022-10-13T15:38:00+00:00,834,3038
trade,2022-10-13,QQQ,Long,2022-10-13T15:16:00+00:00,2022-10-13T15:56:00+00:00,261.6773,266.8316,301.26,1552.78,0.019697,2400000,SessionClose,0.6533,0.5044,0.5398,0.8322,0.3333,-0.0966,0.5402,0.6333,,,
summary,2022-10-13,QQQ,,,,,,,1552.78,,1,,,,,,,,,,0.8465,2022-10-13T15:38:00+00:00,889,3013
trade,2022-10-13,AAPL,Long,2022-10-13T15:18:00+00:00,2022-10-13T15:56:00+00:00,138.9328,141.0869,298.96,644.00,0.015505,2280000,SessionClose,0.6028,0.5086,0.5623,0.6567,0.5086,-0.0985,0.5156,0.6969,,,
summary,2022-10-13,AAPL,,,,,,,644.00,,1,,,,,,,,,,0.8836,2022-10-10T14:27:00+00:00,1160,2710
trade,2022-10-13,NVDA,Long,2022-10-13T15:06:00+00:00,2022-10-13T15:56:00+00:00,114.4979,118.8762,319.55,1399.10,0.038239,3000000,SessionClose,0.6044,0.3679,0.5818,0.7223,0.3762,-0.4599,0.3518,0.6762,,,
trade,2022-10-13,NVDA,Long,2022-10-13T17:31:00+00:00,2022-10-13T17:32:00+00:00,119.8090,119.7211,403.73,-35.49,-0.000734,60000,SessionClose,0.6387,0.6361,0.5813,0.6362,0.6630,0.5555,0.6362,0.6630,,,
trade,2022-10-13,NVDA,Long,2022-10-13T17:34:00+00:00,2022-10-13T17:35:00+00:00,120.1790,120.3959,401.74,87.13,0.001805,60000,SessionClose,0.6358,0.6360,0.5519,0.6362,0.6630,0.5541,0.6362,0.6630,,,
summary,2022-10-13,NVDA,,,,,,,1450.74,,3,,,,,,,,,,0.7909,2022-10-13T15:18:00+00:00,1239,2542
trade,2022-10-13,MSFT,Long,2022-10-13T15:17:00+00:00,2022-10-13T15:56:00+00:00,227.6405,233.2183,297.54,1659.63,0.024503,2340000,SessionClose,0.6266,0.5608,0.5778,0.6372,0.6218,-0.0156,0.5999,0.6748,,,
trade,2022-10-13,MSFT,Long,2022-10-13T16:01:00+00:00,2022-10-13T16:02:00+00:00,233.2016,232.9984,397.65,-80.82,-0.000872,60000,SessionClose,0.6384,0.6311,0.1007,0.7115,0.6712,0.0279,0.7115,0.6712,,,
trade,2022-10-13,MSFT,Long,2022-10-13T16:04:00+00:00,2022-10-13T16:05:00+00:00,233.9418,234.0482,394.02,41.92,0.000455,60000,SessionClose,0.6829,0.6858,0.5466,0.7115,0.6712,0.5756,0.7115,0.6712,,,
summary,2022-10-13,MSFT,,,,,,,1620.73,,3,,,,,,,,,,0.7844,2022-10-13T15:38:00+00:00,536,2184
summary,2022-10-14,SPY,,,,,,,0.00,,0,,,,,,,,,,0.9592,2022-10-11T15:03:00+00:00,1590,3052
summary,2022-10-14,QQQ,,,,,,,0.00,,0,,,,,,,,,,0.9431,2022-10-11T15:03:00+00:00,1554,3020
summary,2022-10-14,AAPL,,,,,,,0.00,,0,,,,,,,,,,0.8984,2022-10-11T15:04:00+00:00,1219,2769
summary,2022-10-14,NVDA,,,,,,,0.00,,0,,,,,,,,,,0.9291,2022-10-11T13:31:00+00:00,1368,2496
summary,2022-10-14,MSFT,,,,,,,0.00,,0,,,,,,,,,,0.7856,2022-10-13T15:38:00+00:00,1207,2196
trade,2022-10-17,SPY,Long,2022-10-17T13:36:00+00:00,2022-10-17T14:51:00+00:00,365.8982,365.6719,300.00,-67.89,-0.000619,4500000,ScoreExit,0.6028,-0.0797,0.5780,0.5743,0.6680,-0.5460,-0.3459,0.6081,,,
summary,2022-10-17,SPY,,,,,,,-67.89,,1,,,,,,,,,,0.8443,2022-10-14T13:39:00+00:00,605,1172
trade,2022-10-17,QQQ,Long,2022-10-17T13:36:00+00:00,2022-10-17T14:51:00+00:00,268.2336,268.4113,300.00,53.30,0.000662,4500000,ScoreExit,0.6420,-0.0515,0.5882,0.5874,0.7690,-0.5059,-0.3400,0.6769,,,
summary,2022-10-17,QQQ,,,,,,,53.30,,1,,,,,,,,,,0.6448,2022-10-17T13:36:00+00:00,539,1171
summary,2022-10-17,AAPL,,,,,,,0.00,,0,,,,,,,,,,0.5565,2022-10-17T13:04:00+00:00,585,1130
trade,2022-10-17,NVDA,Long,2022-10-17T15:26:00+00:00,2022-10-17T15:56:00+00:00,117.7564,118.8412,330.34,358.34,0.009212,1800000,SessionClose,0.5915,0.4662,0.5624,0.3922,1.0000,-0.2348,0.3161,1.0000,,,
trade,2022-10-17,NVDA,Long,2022-10-17T17:47:00+00:00,2022-10-17T17:48:00+00:00,119.1188,119.1312,352.22,4.35,0.000104,60000,SessionClose,0.5846,0.5884,0.5287,0.3862,1.0000,0.5665,0.3862,1.0000,,,
trade,2022-10-17,NVDA,Long,2022-10-17T17:50:00+00:00,2022-10-17T17:51:00+00:00,119.2788,119.2511,352.79,-9.77,-0.000232,60000,SessionClose,0.5810,0.4646,0.4931,0.3862,1.0000,0.4956,0.1917,1.0000,,,
summary,2022-10-17,NVDA,,,,,,,352.92,,3,,,,,,,,,,0.8374,2022-10-17T13:37:00+00:00,492,1075
summary,2022-10-17,MSFT,,,,,,,0.00,,0,,,,,,,,,,0.7908,2022-10-17T13:49:00+00:00,495,972
summary,2022-10-18,SPY,,,,,,,0.00,,0,,,,,,,,,,0.7077,2022-10-17T13:36:00+00:00,1209,1614
summary,2022-10-18,QQQ,,,,,,,0.00,,0,,,,,,,,,,0.7558,2022-10-17T09:30:00+00:00,1268,1615
summary,2022-10-18,AAPL,,,,,,,0.00,,0,,,,,,,,,,0.6136,2022-10-17T13:04:00+00:00,1159,1489
trade,2022-10-18,NVDA,Long,2022-10-18T17:48:00+00:00,2022-10-18T17:49:00+00:00,119.9391,119.8910,365.51,-17.57,-0.000401,60000,SessionClose,0.5839,0.5752,0.5713,0.5001,0.7556,0.4845,0.5001,0.7556,,,
trade,2022-10-18,NVDA,Long,2022-10-18T17:51:00+00:00,2022-10-18T17:52:00+00:00,120.0290,119.8410,364.86,-68.58,-0.001566,60000,SessionClose,0.6101,0.5746,0.5533,0.5468,0.7556,0.1988,0.5468,0.7556,,,
trade,2022-10-18,NVDA,Long,2022-10-18T17:54:00+00:00,2022-10-18T17:55:00+00:00,120.0190,120.0310,360.90,4.33,0.000100,60000,SessionClose,0.5843,0.5978,0.2956,0.5468,0.7556,0.4305,0.5468,0.7556,,,
summary,2022-10-18,NVDA,,,,,,,-81.83,,3,,,,,,,,,,0.8386,2022-10-17T13:37:00+00:00,1033,1335
summary,2022-10-18,MSFT,,,,,,,0.00,,0,,,,,,,,,,0.8283,2022-10-17T13:49:00+00:00,771,1194
summary,2022-10-19,SPY,,,,,,,0.00,,0,,,,,,,,,,0.7077,2022-10-17T13:36:00+00:00,1575,2539
summary,2022-10-19,QQQ,,,,,,,0.00,,0,,,,,,,,,,0.7558,2022-10-17T09:30:00+00:00,1621,2552
summary,2022-10-19,AAPL,,,,,,,0.00,,0,,,,,,,,,,0.6136,2022-10-17T13:04:00+00:00,1670,2387
trade,2022-10-19,NVDA,Long,2022-10-19T14:11:00+00:00,2022-10-19T15:26:00+00:00,120.4891,121.1108,361.67,224.84,0.005160,4500000,ScoreExit,0.5917,-0.0523,0.5503,0.6596,0.4698,-0.5234,-0.2723,0.5448,,,
summary,2022-10-19,NVDA,,,,,,,224.84,,1,,,,,,,,,,0.8386,2022-10-17T13:37:00+00:00,1476,2124
summary,2022-10-19,MSFT,,,,,,,0.00,,0,,,,,,,,,,0.8283,2022-10-17T13:49:00+00:00,936,1875
summary,2022-10-20,SPY,,,,,,,0.00,,0,,,,,,,,,,0.9027,2022-10-17T13:40:00+00:00,1580,3144
trade,2022-10-20,QQQ,Long,2022-10-20T14:06:00+00:00,2022-10-20T15:20:00+00:00,273.3098,273.7502,276.09,121.62,0.001612,4440000,ScoreExit,0.5882,-0.0540,0.5791,0.6543,0.4591,-0.5314,-0.1786,0.3545,,,
summary,2022-10-20,QQQ,,,,,,,121.62,,1,,,,,,,,,,1.0000,2022-10-17T13:40:00+00:00,1618,3143
summary,2022-10-20,AAPL,,,,,,,0.00,,0,,,,,,,,,,1.0000,2022-10-17T13:41:00+00:00,1867,2925
summary,2022-10-20,NVDA,,,,,,,0.00,,0,,,,,,,,,,1.0000,2022-10-17T13:32:00+00:00,1751,2641
trade,2022-10-20,MSFT,Long,2022-10-20T14:06:00+00:00,2022-10-20T15:16:00+00:00,239.7329,239.5421,300.00,-57.26,-0.000796,4200000,ScoreExit,0.5906,-0.0782,0.5169,0.6491,0.4982,-0.4637,-0.2717,0.4374,,,
summary,2022-10-20,MSFT,,,,,,,-57.26,,1,,,,,,,,,,1.0000,2022-10-17T13:40:00+00:00,1000,2337
summary,2022-10-21,SPY,,,,,,,0.00,,0,,,,,,,,,,0.6762,2022-10-18T20:18:00+00:00,902,3086
summary,2022-10-21,QQQ,,,,,,,0.00,,0,,,,,,,,,,0.7411,2022-10-18T20:19:00+00:00,903,3101
summary,2022-10-21,AAPL,,,,,,,0.00,,0,,,,,,,,,,0.6683,2022-10-18T13:32:00+00:00,1282,2853
trade,2022-10-21,NVDA,Long,2022-10-21T16:01:00+00:00,2022-10-21T16:02:00+00:00,123.0496,123.1804,393.32,51.43,0.001063,60000,SessionClose,0.5841,0.5854,0.5288,0.6538,0.4630,0.5423,0.6538,0.4630,,,
trade,2022-10-21,NVDA,Long,2022-10-21T16:04:00+00:00,2022-10-21T16:05:00+00:00,123.3997,123.5203,396.28,47.80,0.000977,60000,SessionClose,0.5840,0.5893,0.5282,0.6538,0.4630,0.5810,0.6538,0.4630,,,
trade,2022-10-21,NVDA,Long,2022-10-21T16:15:00+00:00,2022-10-21T16:16:00+00:00,123.8698,123.5103,399.09,-143.46,-0.002902,60000,SessionClose,0.5811,0.3921,0.5405,0.6469,0.4630,0.2929,0.3732,0.4630,,,
summary,2022-10-21,NVDA,,,,,,,-44.24,,3,,,,,,,,,,0.8042,2022-10-19T14:28:00+00:00,1347,2631
summary,2022-10-21,MSFT,,,,,,,0.00,,0,,,,,,,,,,0.7271,2022-10-18T20:03:00+00:00,686,2271
summary,2022-10-24,SPY,,,,,,,0.00,,0,,,,,,,,,,0.9441,2022-10-21T13:46:00+00:00,1045,1205
summary,2022-10-24,QQQ,,,,,,,0.00,,0,,,,,,,,,,0.9431,2022-10-21T13:46:00+00:00,1040,1200
summary,2022-10-24,AAPL,,,,,,,0.00,,0,,,,,,,,,,0.9423,2022-10-21T13:46:00+00:00,1039,1161
trade,2022-10-24,NVDA,Long,2022-10-24T15:22:00+00:00,2022-10-24T15:56:00+00:00,123.5796,124.9000,313.37,413.78,0.010685,2040000,SessionClose,0.5882,0.5767,0.3049,0.5410,0.7771,0.5233,0.4853,0.7771,,,
trade,2022-10-24,NVDA,Long,2022-10-24T15:58:00+00:00,2022-10-24T15:59:00+00:00,125.0700,125.0919,338.58,7.40,0.000175,60000,SessionClose,0.5805,0.5789,0.5617,0.4853,0.7771,0.5454,0.4853,0.7771,,,
trade,2022-10-24,NVDA,Long,2022-10-24T16:16:00+00:00,2022-10-24T16:17:00+00:00,125.0900,125.0001,339.28,-30.51,-0.000719,60000,SessionClose,0.5863,0.5758,0.4827,0.5105,0.7725,0.3775,0.5105,0.7725,,,
trade,2022-10-24,NVDA,Long,2022-10-24T16:19:00+00:00,2022-10-24T16:20:00+00:00,125.4726,125.5199,337.59,15.97,0.000377,60000,SessionClose,0.5953,0.5953,0.5721,0.5105,0.7725,0.5722,0.5105,0.7725,,,
trade,2022-10-24,NVDA,Long,2022-10-24T18:06:00+00:00,2022-10-24T18:07:00+00:00,126.0778,126.0598,338.75,-6.11,-0.000143,60000,SessionClose,0.6146,0.6092,0.5701,0.5305,0.7976,0.5168,0.5305,0.7976,,,
trade,2022-10-24,NVDA,Long,2022-10-24T18:09:00+00:00,2022-10-24T18:10:00+00:00,126.1402,126.3497,338.79,70.98,0.001661,60000,SessionClose,0.6092,0.6136,0.5167,0.5305,0.7976,0.5604,0.5305,0.7976,,,
trade,2022-10-24,NVDA,Long,2022-10-24T18:12:00+00:00,2022-10-24T18:13:00+00:00,126.3903,126.4020,343.31,4.03,0.000093,60000,SessionClose,0.6048,0.6062,0.5466,0.5182,0.7976,0.5604,0.5182,0.7976,,,
trade,2022-10-24,NVDA,Long,2022-10-24T18:15:00+00:00,2022-10-24T18:16:00+00:00,126.4703,126.6597,343.94,65.13,0.001497,60000,SessionClose,0.6030,0.6077,0.5277,0.5182,0.7976,0.5721,0.5187,0.7976,,,
trade,2022-10-24,NVDA,Long,2022-10-24T18:18:00+00:00,2022-10-24T18:19:00+00:00,126.6703,126.6697,348.27,-0.23,-0.000005,60000,SessionClose,0.6000,0.6005,0.4952,0.5187,0.7976,0.5000,0.5187,0.7976,,,
summary,2022-10-24,NVDA,,,,,,,540.45,,9,,,,,,,,,,1.0000,2022-10-21T13:32:00+00:00,893,1078
summary,2022-10-24,MSFT,,,,,,,0.00,,0,,,,,,,,,,0.9294,2022-10-21T13:46:00+00:00,956,1033
trade,2022-10-25,SPY,Long,2022-10-25T13:46:00+00:00,2022-10-25T15:47:00+00:00,380.7211,383.5483,334.54,945.78,0.007426,7260000,MaxHoldTimeout,0.5819,0.3880,0.5287,0.5607,0.6419,0.1505,0.3140,0.6153,,,
summary,2022-10-25,SPY,,,,,,,945.78,,1,,,,,,,,,,0.6612,2022-10-24T10:19:00+00:00,1199,1594
trade,2022-10-25,QQQ,Long,2022-10-25T13:46:00+00:00,2022-10-25T15:47:00+00:00,281.1512,283.4783,321.16,747.36,0.008277,7260000,MaxHoldTimeout,0.6380,0.4101,0.5270,0.6046,0.7418,0.0556,0.3307,0.6872,,,
summary,2022-10-25,QQQ,,,,,,,747.36,,1,,,,,,,,,,0.6524,2022-10-25T13:54:00+00:00,1231,1574
summary,2022-10-25,AAPL,,,,,,,0.00,,0,,,,,,,,,,0.6766,2022-10-24T10:33:00+00:00,1162,1467
trade,2022-10-25,NVDA,Long,2022-10-25T15:36:00+00:00,2022-10-25T15:56:00+00:00,132.0814,132.2086,455.34,57.89,0.000963,1200000,SessionClose,0.6177,0.1529,0.5287,0.5207,0.8413,-0.4203,-0.0958,0.8413,,,
summary,2022-10-25,NVDA,,,,,,,57.89,,1,,,,,,,,,,0.9582,2022-10-24T09:49:00+00:00,1046,1243
summary,2022-10-25,MSFT,,,,,,,0.00,,0,,,,,,,,,,0.9600,2022-10-24T09:55:00+00:00,1022,1230
summary,2022-10-26,SPY,,,,,,,0.00,,0,,,,,,,,,,0.6612,2022-10-24T10:19:00+00:00,1678,2516
summary,2022-10-26,QQQ,,,,,,,0.00,,0,,,,,,,,,,0.6524,2022-10-25T13:54:00+00:00,1581,2507
summary,2022-10-26,AAPL,,,,,,,0.00,,0,,,,,,,,,,0.6766,2022-10-24T10:33:00+00:00,1597,2360
trade,2022-10-26,NVDA,Long,2022-10-26T14:36:00+00:00,2022-10-26T15:56:00+00:00,131.7213,132.9184,458.97,549.42,0.009088,4800000,SessionClose,0.5986,0.1016,0.5815,0.6074,0.5867,-0.2581,-0.0901,0.6049,,,
summary,2022-10-26,NVDA,,,,,,,549.42,,1,,,,,,,,,,0.9582,2022-10-24T09:49:00+00:00,1497,2030
summary,2022-10-26,MSFT,,,,,,,0.00,,0,,,,,,,,,,0.9600,2022-10-24T09:55:00+00:00,1024,2162
summary,2022-10-27,SPY,,,,,,,0.00,,0,,,,,,,,,,0.9386,2022-10-24T13:45:00+00:00,1827,3109
summary,2022-10-27,QQQ,,,,,,,0.00,,0,,,,,,,,,,0.9241,2022-10-24T13:45:00+00:00,1421,3122
summary,2022-10-27,AAPL,,,,,,,0.00,,0,,,,,,,,,,0.9182,2022-10-24T13:45:00+00:00,1495,2952
summary,2022-10-27,NVDA,,,,,,,0.00,,0,,,,,,,,,,0.8450,2022-10-25T13:59:00+00:00,1926,2636
summary,2022-10-27,MSFT,,,,,,,0.00,,0,,,,,,,,,,1.0000,2022-10-24T13:37:00+00:00,898,2786
summary,2022-10-28,SPY,,,,,,,0.00,,0,,,,,,,,,,0.8946,2022-10-25T13:55:00+00:00,1295,3103
summary,2022-10-28,QQQ,,,,,,,0.00,,0,,,,,,,,,,0.9037,2022-10-25T13:49:00+00:00,881,3172
summary,2022-10-28,AAPL,,,,,,,0.00,,0,,,,,,,,,,0.8977,2022-10-25T13:52:00+00:00,987,3079
summary,2022-10-28,NVDA,,,,,,,0.00,,0,,,,,,,,,,1.0000,2022-10-25T13:31:00+00:00,1634,2722
trade,2022-10-28,MSFT,Long,2022-10-28T14:41:00+00:00,2022-10-28T15:26:00+00:00,233.6767,233.0784,290.02,-173.53,-0.002561,2700000,ScoreExit,0.6172,-0.0882,0.5277,0.7142,0.4529,-0.5577,-0.2362,0.3642,,,
summary,2022-10-28,MSFT,,,,,,,-173.53,,1,,,,,,,,,,0.9034,2022-10-25T13:55:00+00:00,933,2927
summary,2022-10-31,SPY,,,,,,,0.00,,0,,,,,,,,,,0.9573,2022-10-28T14:46:00+00:00,831,1196
summary,2022-10-31,QQQ,,,,,,,0.00,,0,,,,,,,,,,1.0000,2022-10-28T13:40:00+00:00,854,1179
summary,2022-10-31,AAPL,,,,,,,0.00,,0,,,,,,,,,,1.0000,2022-10-28T13:35:00+00:00,649,1169
summary,2022-10-31,NVDA,,,,,,,0.00,,0,,,,,,,,,,1.0000,2022-10-28T13:32:00+00:00,721,1075
summary,2022-10-31,MSFT,,,,,,,0.00,,0,,,,,,,,,,1.0000,2022-10-28T13:32:00+00:00,739,1007
summary,2022-11-01,SPY,,,,,,,0.00,,0,,,,,,,,,,0.5471,2022-10-31T15:54:00+00:00,719,1567
summary,2022-11-01,QQQ,,,,,,,0.00,,0,,,,,,,,,,0.6050,2022-10-31T15:54:00+00:00,626,1514
summary,2022-11-01,AAPL,,,,,,,0.00,,0,,,,,,,,,,0.7580,2022-10-31T09:24:00+00:00,629,1473
summary,2022-11-01,NVDA,,,,,,,0.00,,0,,,,,,,,,,0.7678,2022-10-31T09:34:00+00:00,702,1235
summary,2022-11-01,MSFT,,,,,,,0.00,,0,,,,,,,,,,0.6405,2022-10-31T15:54:00+00:00,357,1139
summary,2022-11-02,SPY,,,,,,,0.00,,0,,,,,,,,,,0.5471,2022-10-31T15:54:00+00:00,776,2366
summary,2022-11-02,QQQ,,,,,,,0.00,,0,,,,,,,,,,0.6050,2022-10-31T15:54:00+00:00,633,2363
summary,2022-11-02,AAPL,,,,,,,0.00,,0,,,,,,,,,,0.7580,2022-10-31T09:24:00+00:00,629,2250
trade,2022-11-02,NVDA,Long,2022-11-02T13:41:00+00:00,2022-11-02T14:33:00+00:00,139.5629,138.1674,322.65,-450.28,-0.009999,3120000,ScoreExit,0.6408,-0.0888,0.5840,0.6288,0.6835,-0.5413,-0.3552,0.5946,,,
trade,2022-11-02,NVDA,Long,2022-11-02T18:04:00+00:00,2022-11-02T18:05:00+00:00,141.2833,141.3067,296.05,6.95,0.000166,60000,SessionClose,0.5828,0.5795,0.6848,0.7628,0.1888,0.6523,0.7628,0.1888,,,
summary,2022-11-02,NVDA,,,,,,,-443.33,,2,,,,,,,,,,0.7678,2022-10-31T09:34:00+00:00,1169,1932
summary,2022-11-02,MSFT,,,,,,,0.00,,0,,,,,,,,,,0.6405,2022-10-31T15:54:00+00:00,357,1743
summary,2022-11-03,SPY,,,,,,,0.00,,0,,,,,,,,,,0.6186,2022-10-31T15:54:00+00:00,656,2987
summary,2022-11-03,QQQ,,,,,,,0.00,,0,,,,,,,,,,0.6905,2022-10-31T15:54:00+00:00,565,3007
summary,2022-11-03,AAPL,,,,,,,0.00,,0,,,,,,,,,,0.6669,2022-10-31T15:44:00+00:00,562,2861
trade,2022-11-03,NVDA,Long,2022-11-03T14:11:00+00:00,2022-11-03T15:11:00+00:00,131.9714,135.4179,311.64,1074.08,0.026116,3600000,ScoreExit,0.6108,-0.0540,0.4615,0.7839,0.3145,-0.6220,-0.0855,0.1984,,,
summary,2022-11-03,NVDA,,,,,,,1074.08,,1,,,,,,,,,,0.7894,2022-10-31T15:54:00+00:00,1252,2486
summary,2022-11-03,MSFT,,,,,,,0.00,,0,,,,,,,,,,0.7195,2022-10-31T15:54:00+00:00,307,2298
summary,2022-11-04,SPY,,,,,,,0.00,,0,,,,,,,,,,0.5278,2022-11-02T18:01:00+00:00,238,2988
summary,2022-11-04,QQQ,,,,,,,0.00,,0,,,,,,,,,,0.5238,2022-11-02T18:01:00+00:00,172,3070
summary,2022-11-04,AAPL,,,,,,,0.00,,0,,,,,,,,,,0.5028,2022-11-02T18:08:00+00:00,158,2967
trade,2022-11-04,NVDA,Long,2022-11-04T14:11:00+00:00,2022-11-04T15:06:00+00:00,139.8830,140.2969,333.42,138.02,0.002959,3300000,ScoreExit,0.5888,-0.0564,0.4254,0.5282,0.7643,-0.4910,-0.3082,0.5921,,,
trade,2022-11-04,NVDA,Long,2022-11-04T18:41:00+00:00,2022-11-04T18:42:00+00:00,139.3529,139.3272,342.03,-8.77,-0.000184,60000,SessionClose,0.6492,0.6506,0.5413,0.6073,0.7691,0.5551,0.6073,0.7691,,,
trade,2022-11-04,NVDA,Long,2022-11-04T18:44:00+00:00,2022-11-04T18:45:00+00:00,139.9330,140.0170,341.64,28.70,0.000600,60000,SessionClose,0.6506,0.6522,0.5552,0.6073,0.7691,0.5706,0.6073,0.7691,,,
trade,2022-11-04,NVDA,Long,2022-11-04T18:56:00+00:00,2022-11-04T18:57:00+00:00,140.0430,140.2070,343.60,56.33,0.001171,60000,SessionClose,0.5927,0.5986,0.4036,0.5361,0.7691,0.4625,0.5361,0.7691,,,
trade,2022-11-04,NVDA,Long,2022-11-04T18:59:00+00:00,2022-11-04T19:00:00+00:00,140.3232,140.1470,347.42,-61.21,-0.001256,60000,SessionClose,0.6036,0.5656,0.5122,0.5361,0.7691,0.1326,0.5361,0.7691,,,
trade,2022-11-04,NVDA,Long,2022-11-04T19:02:00+00:00,2022-11-04T19:03:00+00:00,140.2230,140.1570,343.73,-22.71,-0.000471,60000,SessionClose,0.5954,0.5977,0.2224,0.5674,0.7756,0.2452,0.5674,0.7756,,,
trade,2022-11-04,NVDA,Long,2022-11-04T19:05:00+00:00,2022-11-04T19:06:00+00:00,140.3231,140.5569,342.70,80.13,0.001666,60000,SessionClose,0.6030,0.6728,0.2989,0.5674,0.7756,0.4999,0.6502,0.7756,,,
trade,2022-11-04,NVDA,Long,2022-11-04T19:08:00+00:00,2022-11-04T19:09:00+00:00,140.6931,140.8468,347.75,53.45,0.001092,60000,SessionClose,0.6761,0.6807,0.5327,0.6502,0.7756,0.5791,0.6502,0.7756,,,
trade,2022-11-04,NVDA,Long,2022-11-04T19:11:00+00:00,2022-11-04T19:12:00+00:00,141.1232,141.1668,351.51,15.31,0.000309,60000,SessionClose,0.6607,0.6633,0.5592,0.6202,0.7756,0.5847,0.6202,0.7756,,,
trade,2022-11-04,NVDA,Long,2022-11-04T19:14:00+00:00,2022-11-04T19:15:00+00:00,141.1155,141.1668,352.36,18.06,0.000363,60000,SessionClose,0.6318,0.6478,0.2701,0.6202,0.7756,0.4297,0.6202,0.7756,,,
summary,2022-11-04,NVDA,,,,,,,297.30,,10,,,,,,,,,,0.8835,2022-11-01T13:32:00+00:00,1272,2542
summary,2022-11-04,MSFT,,,,,,,0.00,,0,,,,,,,,,,0.5648,2022-11-02T18:01:00+00:00,371,2427
summary,2022-11-07,SPY,,,,,,,0.00,,0,,,,,,,,,,0.9546,2022-11-04T14:40:00+00:00,816,1189
summary,2022-11-07,QQQ,,,,,,,0.00,,0,,,,,,,,,,0.9560,2022-11-04T14:40:00+00:00,812,1156
summary,2022-11-07,AAPL,,,,,,,0.00,,0,,,,,,,,,,0.8925,2022-11-04T14:25:00+00:00,619,1193
summary,2022-11-07,NVDA,,,,,,,0.00,,0,,,,,,,,,,0.9084,2022-11-04T14:00:00+00:00,762,1048
summary,2022-11-07,MSFT,,,,,,,0.00,,0,,,,,,,,,,0.9572,2022-11-04T14:41:00+00:00,799,990
summary,2022-11-08,SPY,,,,,,,0.00,,0,,,,,,,,,,0.7502,2022-11-07T10:23:00+00:00,1051,1544
summary,2022-11-08,QQQ,,,,,,,0.00,,0,,,,,,,,,,0.6568,2022-11-07T10:23:00+00:00,1015,1500
summary,2022-11-08,AAPL,,,,,,,0.00,,0,,,,,,,,,,0.9202,2022-11-07T09:00:00+00:00,1014,1509
trade,2022-11-08,NVDA,Long,2022-11-08T16:31:00+00:00,2022-11-08T16:32:00+00:00,147.8146,148.0154,308.34,61.93,0.001359,60000,SessionClose,0.5954,0.6306,0.2165,0.5839,0.7446,0.5692,0.5839,0.7446,,,
trade,2022-11-08,NVDA,Long,2022-11-08T16:34:00+00:00,2022-11-08T16:35:00+00:00,148.2246,148.1154,312.38,-34.13,-0.000737,60000,SessionClose,0.6294,0.6255,0.5564,0.5839,0.7446,0.5178,0.5839,0.7446,,,
trade,2022-11-08,NVDA,Long,2022-11-08T16:37:00+00:00,2022-11-08T16:38:00+00:00,148.2246,148.1754,310.66,-15.31,-0.000332,60000,SessionClose,0.6249,0.6260,0.5214,0.5822,0.7446,0.5331,0.5822,0.7446,,,
trade,2022-11-08,NVDA,Long,2022-11-08T16:40:00+00:00,2022-11-08T16:41:00+00:00,148.5847,148.5653,309.97,-6.02,-0.000131,60000,SessionClose,0.6293,0.4621,0.5660,0.5822,0.7446,0.5297,0.3096,0.7446,,,
summary,2022-11-08,NVDA,,,,,,,6.46,,4,,,,,,,,,,0.8933,2022-11-07T10:58:00+00:00,918,1340
summary,2022-11-08,MSFT,,,,,,,0.00,,0,,,,,,,,,,0.8701,2022-11-07T11:03:00+00:00,843,1137
summary,2022-11-09,SPY,,,,,,,0.00,,0,,,,,,,,,,0.7502,2022-11-07T10:23:00+00:00,1297,2457
summary,2022-11-09,QQQ,,,,,,,0.00,,0,,,,,,,,,,0.6568,2022-11-07T10:23:00+00:00,1284,2391
summary,2022-11-09,AAPL,,,,,,,0.00,,0,,,,,,,,,,0.9202,2022-11-07T09:00:00+00:00,1218,2289
summary,2022-11-09,NVDA,,,,,,,0.00,,0,,,,,,,,,,0.8933,2022-11-07T10:58:00+00:00,1035,2075
summary,2022-11-09,MSFT,,,,,,,0.00,,0,,,,,,,,,,0.8701,2022-11-07T11:03:00+00:00,941,1684
summary,2022-11-10,SPY,,,,,,,0.00,,0,,,,,,,,,,0.8542,2022-11-10T13:40:00+00:00,1667,3003
summary,2022-11-10,QQQ,,,,,,,0.00,,0,,,,,,,,,,0.8785,2022-11-10T13:40:00+00:00,1700,2977
summary,2022-11-10,AAPL,,,,,,,0.00,,0,,,,,,,,,,0.8900,2022-11-07T15:16:00+00:00,1620,2825
trade,2022-11-10,NVDA,Long,2022-11-10T16:54:00+00:00,2022-11-10T16:55:00+00:00,152.4555,152.7254,336.17,90.75,0.001771,60000,SessionClose,0.5805,0.5828,0.5695,0.5291,0.6872,0.5919,0.5291,0.6872,,,
summary,2022-11-10,NVDA,,,,,,,90.75,,1,,,,,,,,,,0.9177,2022-11-07T15:04:00+00:00,1487,2617
summary,2022-11-10,MSFT,,,,,,,0.00,,0,,,,,,,,,,0.9571,2022-11-07T15:59:00+00:00,1302,2144
summary,2022-11-11,SPY,,,,,,,0.00,,0,,,,,,,,,,0.9561,2022-11-08T15:43:00+00:00,1555,3071
summary,2022-11-11,QQQ,,,,,,,0.00,,0,,,,,,,,,,0.9524,2022-11-08T15:48:00+00:00,1643,3080
trade,2022-11-11,AAPL,Long,2022-11-11T15:22:00+00:00,2022-11-11T15:56:00+00:00,147.7745,148.2165,373.89,165.26,0.002991,2040000,SessionClose,0.5805,0.3805,0.5806,0.5855,0.5704,0.1077,0.3310,0.5704,,,
summary,2022-11-11,AAPL,,,,,,,165.26,,1,,,,,,,,,,0.7964,2022-11-08T15:59:00+00:00,1612,2905
trade,2022-11-11,NVDA,Long,2022-11-11T15:30:00+00:00,2022-11-11T15:56:00+00:00,160.9472,160.6629,362.42,-103.04,-0.001767,1560000,SessionClose,0.5903,0.2446,0.5420,0.6225,0.5422,-0.0660,0.1475,0.5422,,,
trade,2022-11-11,NVDA,Long,2022-11-11T18:21:00+00:00,2022-11-11T18:22:00+00:00,162.0831,162.0843,356.43,0.42,0.000007,60000,SessionClose,0.5985,0.6014,0.5349,0.5950,0.6266,0.5643,0.5950,0.6266,,,
trade,2022-11-11,NVDA,Long,2022-11-11T18:24:00+00:00,2022-11-11T18:25:00+00:00,162.2664,162.3325,356.94,23.59,0.000407,60000,SessionClose,0.6013,0.5989,0.5630,0.5950,0.6266,0.5389,0.5950,0.6266,,,
trade,2022-11-11,NVDA,Long,2022-11-11T18:27:00+00:00,2022-11-11T18:28:00+00:00,162.3575,162.3480,358.65,-3.39,-0.000058,60000,SessionClose,0.5989,0.6034,0.4868,0.6038,0.6266,0.5320,0.6038,0.6266,,,
trade,2022-11-11,NVDA,Long,2022-11-11T18:30:00+00:00,2022-11-11T18:31:00+00:00,162.5810,162.6525,358.90,25.64,0.000439,60000,SessionClose,0.6048,0.6055,0.5458,0.6038,0.6266,0.5524,0.6037,0.6266,,,
trade,2022-11-11,NVDA,Long,2022-11-11T18:33:00+00:00,2022-11-11T18:34:00+00:00,163.0176,162.7324,360.84,-102.89,-0.001749,60000,SessionClose,0.6061,0.5878,0.5587,0.6037,0.6266,0.3761,0.6037,0.6266,,,
summary,2022-11-11,NVDA,,,,,,,-159.68,,6,,,,,,,,,,0.8959,2022-11-10T13:35:00+00:00,1496,2681
summary,2022-11-11,MSFT,,,,,,,0.00,,0,,,,,,,,,,0.9070,2022-11-08T14:53:00+00:00,1182,2210
summary,2022-11-14,SPY,,,,,,,0.00,,0,,,,,,,,,,0.8869,2022-11-11T15:21:00+00:00,801,1167
summary,2022-11-14,QQQ,,,,,,,0.00,,0,,,,,,,,,,0.9589,2022-11-11T15:49:00+00:00,882,1171
summary,2022-11-14,AAPL,,,,,,,0.00,,0,,,,,,,,,,0.9600,2022-11-11T15:49:00+00:00,889,1102
trade,2022-11-14,NVDA,Long,2022-11-14T15:16:00+00:00,2022-11-14T15:56:00+00:00,163.4768,163.3023,323.85,-56.50,-0.001067,2400000,SessionClose,0.6124,0.3482,0.5130,0.5396,0.7911,0.2721,0.1394,0.7911,,,
trade,2022-11-14,NVDA,Long,2022-11-14T16:46:00+00:00,2022-11-14T16:47:00+00:00,164.3379,164.7920,321.00,145.79,0.002764,60000,SessionClose,0.5841,0.6022,0.3876,0.4845,0.8489,0.5684,0.4845,0.8489,,,
trade,2022-11-14,NVDA,Long,2022-11-14T16:49:00+00:00,2022-11-14T16:50:00+00:00,164.6799,164.5420,330.11,-45.54,-0.000838,60000,SessionClose,0.5840,0.5707,0.3862,0.4845,0.8489,0.2533,0.4845,0.8489,,,
summary,2022-11-14,NVDA,,,,,,,43.75,,3,,,,,,,,,,1.0000,2022-11-11T14:40:00+00:00,951,1071
summary,2022-11-14,MSFT,,,,,,,0.00,,0,,,,,,,,,,0.9587,2022-11-11T15:51:00+00:00,379,978
summary,2022-11-15,SPY,,,,,,,0.00,,0,,,,,,,,,,0.5802,2022-11-14T18:26:00+00:00,883,1573
summary,2022-11-15,QQQ,,,,,,,0.00,,0,,,,,,,,,,0.6966,2022-11-15T13:33:00+00:00,1008,1555
summary,2022-11-15,AAPL,,,,,,,0.00,,0,,,,,,,,,,0.6611,2022-11-15T13:33:00+00:00,891,1402
summary,2022-11-15,NVDA,,,,,,,0.00,,0,,,,,,,,,,0.7687,2022-11-15T13:31:00+00:00,997,1301
summary,2022-11-15,MSFT,,,,,,,0.00,,0,,,,,,,,,,0.7259,2022-11-15T13:33:00+00:00,744,1180
summary,2022-11-16,SPY,,,,,,,0.00,,0,,,,,,,,,,0.5802,2022-11-14T18:26:00+00:00,1040,2471
summary,2022-11-16,QQQ,,,,,,,0.00,,0,,,,,,,,,,0.6966,2022-11-15T13:33:00+00:00,1200,2431
summary,2022-11-16,AAPL,,,,,,,0.00,,0,,,,,,,,,,0.6611,2022-11-15T13:33:00+00:00,1010,2211
summary,2022-11-16,NVDA,,,,,,,0.00,,0,,,,,,,,,,0.7687,2022-11-15T13:31:00+00:00,1103,2080
summary,2022-11-16,MSFT,,,,,,,0.00,,0,,,,,,,,,,0.7259,2022-11-15T13:33:00+00:00,917,1786
summary,2022-11-17,SPY,,,,,,,0.00,,0,,,,,,,,,,0.7639,2022-11-14T15:15:00+00:00,955,3075
summary,2022-11-17,QQQ,,,,,,,0.00,,0,,,,,,,,,,0.8896,2022-11-14T15:15:00+00:00,1136,3004
summary,2022-11-17,AAPL,,,,,,,0.00,,0,,,,,,,,,,0.6829,2022-11-14T17:13:00+00:00,1200,2767
summary,2022-11-17,NVDA,,,,,,,0.00,,0,,,,,,,,,,1.0000,2022-11-14T14:31:00+00:00,1242,2777
summary,2022-11-17,MSFT,,,,,,,0.00,,0,,,,,,,,,,0.8991,2022-11-14T15:00:00+00:00,1101,2265
summary,2022-11-18,SPY,,,,,,,0.00,,0,,,,,,,,,,0.3936,2022-11-16T09:23:00+00:00,469,3052
summary,2022-11-18,QQQ,,,,,,,0.00,,0,,,,,,,,,,0.5550,2022-11-15T15:05:00+00:00,410,3008
summary,2022-11-18,AAPL,,,,,,,0.00,,0,,,,,,,,,,1.0000,2022-11-15T14:32:00+00:00,1000,2774
summary,2022-11-18,NVDA,,,,,,,0.00,,0,,,,,,,,,,0.9070,2022-11-15T15:00:00+00:00,493,2837
summary,2022-11-18,MSFT,,,,,,,0.00,,0,,,,,,,,,,0.4677,2022-11-17T16:59:00+00:00,624,2171
summary,2022-11-21,SPY,,,,,,,0.00,,0,,,,,,,,,,0.5243,2022-11-18T20:49:00+00:00,314,1167
summary,2022-11-21,QQQ,,,,,,,0.00,,0,,,,,,,,,,0.4684,2022-11-18T20:49:00+00:00,135,1126
summary,2022-11-21,AAPL,,,,,,,0.00,,0,,,,,,,,,,0.5503,2022-11-18T16:19:00+00:00,105,1058
trade,2022-11-21,NVDA,Long,2022-11-21T16:18:00+00:00,2022-11-21T16:19:00+00:00,154.5759,154.7240,300.00,44.44,0.000958,60000,SessionClose,0.5899,0.5932,0.5648,0.5070,0.7640,0.5982,0.5070,0.7640,,,
trade,2022-11-21,NVDA,Long,2022-11-21T16:25:00+00:00,2022-11-21T16:26:00+00:00,154.4959,154.3341,302.72,-48.97,-0.001047,60000,SessionClose,0.5972,0.3396,0.4798,0.5563,0.7181,0.2749,0.1828,0.6747,,,
summary,2022-11-21,NVDA,,,,,,,-4.53,,2,,,,,,,,,,0.5972,2022-11-21T16:24:00+00:00,331,1039
trade,2022-11-21,MSFT,Long,2022-11-21T14:32:00+00:00,2022-11-21T15:22:00+00:00,243.7937,241.6934,300.00,-630.12,-0.008615,3000000,ScoreExit,0.5854,-0.0944,0.6417,0.5316,0.6742,-0.4494,-0.2857,0.4063,,,
summary,2022-11-21,MSFT,,,,,,,-630.12,,1,,,,,,,,,,0.5854,2022-11-21T14:31:00+00:00,427,915
summary,2022-11-22,SPY,,,,,,,0.00,,0,,,,,,,,,,0.4884,2022-11-21T18:39:00+00:00,981,1513
summary,2022-11-22,QQQ,,,,,,,0.00,,0,,,,,,,,,,0.4491,2022-11-22T20:33:00+00:00,749,1445
summary,2022-11-22,AAPL,,,,,,,0.00,,0,,,,,,,,,,0.5075,2022-11-21T13:22:00+00:00,661,1335
trade,2022-11-22,NVDA,Long,2022-11-22T15:01:00+00:00,2022-11-22T15:56:00+00:00,154.4359,157.4135,285.38,849.76,0.019281,3300000,SessionClose,0.5804,0.7200,0.6210,0.4002,0.9274,0.2952,0.6871,0.9274,,,
trade,2022-11-22,NVDA,Long,2022-11-22T15:58:00+00:00,2022-11-22T15:59:00+00:00,157.5365,158.0234,336.34,163.76,0.003091,60000,SessionClose,0.7259,0.7493,0.3536,0.6871,0.9274,0.5879,0.6871,0.9274,,,
summary,2022-11-22,NVDA,,,,,,,1013.51,,2,,,,,,,,,,0.8330,2022-11-21T10:14:00+00:00,815,1162
summary,2022-11-22,MSFT,,,,,,,0.00,,0,,,,,,,,,,0.6806,2022-11-21T14:31:00+00:00,570,1020
summary,2022-11-23,SPY,,,,,,,0.00,,0,,,,,,,,,,0.4884,2022-11-21T18:39:00+00:00,1616,2367
summary,2022-11-23,QQQ,,,,,,,0.00,,0,,,,,,,,,,0.4863,2022-11-23T19:04:00+00:00,1343,2261
summary,2022-11-23,AAPL,,,,,,,0.00,,0,,,,,,,,,,0.5075,2022-11-21T13:22:00+00:00,1164,2114
trade,2022-11-23,NVDA,Long,2022-11-23T15:03:00+00:00,2022-11-23T15:56:00+00:00,163.5377,164.0722,346.48,185.19,0.003268,3180000,SessionClose,0.5917,0.2445,0.4772,0.6229,0.5673,0.1810,0.0937,0.5673,,,
trade,2022-11-23,NVDA,Long,2022-11-23T19:03:00+00:00,2022-11-23T19:04:00+00:00,163.9377,163.9572,357.47,6.98,0.000119,60000,SessionClose,0.5862,0.5779,0.6040,0.5874,0.5779,0.5213,0.5874,0.5779,,,
summary,2022-11-23,NVDA,,,,,,,192.17,,2,,,,,,,,,,0.8330,2022-11-21T10:14:00+00:00,1402,1888
summary,2022-11-23,MSFT,,,,,,,0.00,,0,,,,,,,,,,0.6806,2022-11-21T14:31:00+00:00,984,1561
summary,2022-11-24,SPY,,,,,,,0.00,,0,,,,,,,,,,0.4899,2022-11-21T18:39:00+00:00,1632,2275
summary,2022-11-24,QQQ,,,,,,,0.00,,0,,,,,,,,,,0.5785,2022-11-21T14:51:00+00:00,1342,2192
summary,2022-11-24,AAPL,,,,,,,0.00,,0,,,,,,,,,,0.5977,2022-11-21T15:00:00+00:00,1168,2082
summary,2022-11-24,NVDA,,,,,,,0.00,,0,,,,,,,,,,1.0000,2022-11-21T14:40:00+00:00,1440,1846
summary,2022-11-24,MSFT,,,,,,,0.00,,0,,,,,,,,,,1.0000,2022-11-21T14:31:00+00:00,925,1531
summary,2022-11-25,SPY,,,,,,,0.00,,0,,,,,,,,,,0.8250,2022-11-22T15:55:00+00:00,1538,2005
summary,2022-11-25,QQQ,,,,,,,0.00,,0,,,,,,,,,,0.9552,2022-11-22T15:50:00+00:00,1498,1927
summary,2022-11-25,AAPL,,,,,,,0.00,,0,,,,,,,,,,0.9544,2022-11-22T15:49:00+00:00,1158,1913
summary,2022-11-25,NVDA,,,,,,,0.00,,0,,,,,,,,,,0.9631,2022-11-22T15:49:00+00:00,1357,1663
summary,2022-11-25,MSFT,,,,,,,0.00,,0,,,,,,,,,,0.8479,2022-11-22T15:59:00+00:00,1071,1333
summary,2022-11-28,SPY,,,,,,,0.00,,0,,,,,,,,,,0.7135,2022-11-25T16:03:00+00:00,163,1064
summary,2022-11-28,QQQ,,,,,,,0.00,,0,,,,,,,,,,0.5815,2022-11-25T16:03:00+00:00,114,969
summary,2022-11-28,AAPL,,,,,,,0.00,,0,,,,,,,,,,0.8934,2022-11-25T14:58:00+00:00,155,1014
summary,2022-11-28,NVDA,,,,,,,0.00,,0,,,,,,,,,,0.8942,2022-11-25T15:17:00+00:00,125,843
summary,2022-11-28,MSFT,,,,,,,0.00,,0,,,,,,,,,,0.4929,2022-11-25T14:37:00+00:00,46,762
summary,2022-11-29,SPY,,,,,,,0.00,,0,,,,,,,,,,0.3924,2022-11-28T14:34:00+00:00,313,1567
summary,2022-11-29,QQQ,,,,,,,0.00,,0,,,,,,,,,,0.5536,2022-11-28T14:41:00+00:00,306,1504
summary,2022-11-29,AAPL,,,,,,,0.00,,0,,,,,,,,,,0.6557,2022-11-28T14:43:00+00:00,279,1471
summary,2022-11-29,NVDA,,,,,,,0.00,,0,,,,,,,,,,0.6992,2022-11-28T14:41:00+00:00,160,1203
summary,2022-11-29,MSFT,,,,,,,0.00,,0,,,,,,,,,,0.4216,2022-11-28T13:53:00+00:00,68,1109
trade,2022-11-30,SPY,Long,2022-11-30T19:01:00+00:00,2022-11-30T19:02:00+00:00,400.4351,400.2149,300.00,-66.04,-0.000550,60000,SessionClose,0.6241,0.6208,0.5928,0.6799,0.5230,0.5597,0.6799,0.5230,,,
trade,2022-11-30,SPY,Long,2022-11-30T19:04:00+00:00,2022-11-30T19:05:00+00:00,400.6851,400.4849,296.80,-59.43,-0.000500,60000,SessionClose,0.6214,0.6198,0.5654,0.6799,0.5230,0.5495,0.6799,0.5230,,,
trade,2022-11-30,SPY,Long,2022-11-30T19:11:00+00:00,2022-11-30T19:12:00+00:00,401.2452,401.0298,294.00,-63.34,-0.000537,60000,SessionClose,0.6158,0.6074,0.4566,0.6888,0.5230,0.3719,0.6888,0.5230,,,
trade,2022-11-30,SPY,Long,2022-11-30T19:15:00+00:00,2022-11-30T19:16:00+00:00,401.3853,401.4147,290.91,8.56,0.000073,60000,SessionClose,0.6168,0.6821,0.4663,0.6888,0.5230,0.4921,0.7934,0.5230,,,
trade,2022-11-30,SPY,Long,2022-11-30T19:18:00+00:00,2022-11-30T19:19:00+00:00,402.3054,402.2945,292.17,-3.19,-0.000027,60000,SessionClose,0.6871,0.6874,0.5417,0.7934,0.5230,0.5449,0.7934,0.5230,,,
trade,2022-11-30,SPY,Long,2022-11-30T19:21:00+00:00,2022-11-30T19:22:00+00:00,402.9260,403.1144,292.81,55.16,0.000468,60000,SessionClose,0.6145,0.6203,0.4948,0.6801,0.5230,0.5528,0.6801,0.5230,,,
trade,2022-11-30,SPY,Long,2022-11-30T19:24:00+00:00,2022-11-30T19:25:00+00:00,403.0506,402.9444,296.61,-31.50,-0.000263,60000,SessionClose,0.6061,0.6105,0.4108,0.6801,0.5230,0.4551,0.6801,0.5230,,,
summary,2022-11-30,SPY,,,,,,,-159.77,,7,,,,,,,,,,0.6901,2022-11-30T19:19:00+00:00,585,2420
trade,2022-11-30,QQQ,Long,2022-11-30T18:39:00+00:00,2022-11-30T18:40:00+00:00,284.7719,284.6481,300.00,-37.17,-0.000435,60000,SessionClose,0.5945,0.5911,0.6235,0.6317,0.5105,0.5892,0.6317,0.5105,,,
trade,2022-11-30,QQQ,Long,2022-11-30T18:56:00+00:00,2022-11-30T18:57:00+00:00,285.1320,285.0379,297.88,-28.04,-0.000330,60000,SessionClose,0.6239,0.6244,0.5587,0.6915,0.5105,0.5634,0.6915,0.5105,,,
trade,2022-11-30,QQQ,Long,2022-11-30T18:59:00+00:00,2022-11-30T19:00:00+00:00,286.2822,286.0878,296.57,-57.68,-0.000679,60000,SessionClose,0.6292,0.6243,0.6114,0.6915,0.5105,0.5625,0.6915,0.5105,,,
trade,2022-11-30,QQQ,Long,2022-11-30T19:02:00+00:00,2022-11-30T19:03:00+00:00,286.7723,286.8876,293.75,33.86,0.000402,60000,SessionClose,0.6954,0.6956,0.5650,0.7556,0.6184,0.5669,0.7556,0.6184,,,
trade,2022-11-30,QQQ,Long,2022-11-30T19:05:00+00:00,2022-11-30T19:06:00+00:00,287.2044,287.5775,296.16,110.48,0.001299,60000,SessionClose,0.6970,0.6735,0.5811,0.7556,0.6184,0.5846,0.7158,0.6184,,,
trade,2022-11-30,QQQ,Long,2022-11-30T19:08:00+00:00,2022-11-30T19:09:00+00:00,287.7525,287.5025,303.79,-75.96,-0.000869,60000,SessionClose,0.6690,0.6570,0.5393,0.7158,0.6184,0.4195,0.7158,0.6184,,,
trade,2022-11-30,QQQ,Long,2022-11-30T19:11:00+00:00,2022-11-30T19:12:00+00:00,287.8025,287.7074,299.84,-28.52,-0.000330,60000,SessionClose,0.7051,0.7024,0.5029,0.7821,0.6184,0.4761,0.7821,0.6184,,,
trade,2022-11-30,QQQ,Long,2022-11-30T19:14:00+00:00,2022-11-30T19:15:00+00:00,287.8226,288.0474,298.80,67.18,0.000781,60000,SessionClose,0.6818,0.7056,0.2700,0.7821,0.6184,0.5088,0.7821,0.6184,,,
trade,2022-11-30,QQQ,Long,2022-11-30T19:17:00+00:00,2022-11-30T19:18:00+00:00,288.8027,288.9672,303.30,49.88,0.000569,60000,SessionClose,0.7724,0.7731,0.5521,0.8861,0.6184,0.5591,0.8861,0.6184,,,
trade,2022-11-30,QQQ,Long,2022-11-30T19:20:00+00:00,2022-11-30T19:21:00+00:00,289.9930,289.5721,306.87,-129.16,-0.001451,60000,SessionClose,0.7751,0.7330,0.5787,0.8861,0.6184,0.5112,0.8272,0.6184,,,
trade,2022-11-30,QQQ,Long,2022-11-30T19:23:00+00:00,2022-11-30T19:24:00+00:00,289.9930,289.7570,299.83,-70.75,-0.000814,60000,SessionClose,0.7346,0.7296,0.5279,0.8272,0.6184,0.4772,0.8272,0.6184,,,
trade,2022-11-30,QQQ,Long,2022-11-30T19:26:00+00:00,2022-11-30T19:27:00+00:00,289.8930,289.8170,296.06,-22.48,-0.000262,60000,SessionClose,0.6532,0.6582,0.3840,0.7154,0.6184,0.4347,0.7154,0.6184,,,
trade,2022-11-30,QQQ,Long,2022-11-30T19:29:00+00:00,2022-11-30T19:30:00+00:00,290.3231,289.9870,295.36,-99.26,-0.001158,60000,SessionClose,0.6663,0.6346,0.5154,0.7154,0.6184,0.1981,0.7154,0.6184,,,
summary,2022-11-30,QQQ,,,,,,,-287.62,,13,,,,,,,,,,0.7751,2022-11-30T19:19:00+00:00,534,2324
trade,2022-11-30,AAPL,Long,2022-11-30T18:40:00+00:00,2022-11-30T18:41:00+00:00,143.5464,143.5263,286.43,-5.76,-0.000140,60000,SessionClose,0.5847,0.4876,0.6336,0.6305,0.4770,0.5776,0.4770,0.4788,,,
trade,2022-11-30,AAPL,Long,2022-11-30T18:59:00+00:00,2022-11-30T19:00:00+00:00,144.2839,144.1462,286.12,-39.39,-0.000954,60000,SessionClose,0.5836,0.5754,0.6074,0.6160,0.5109,0.5250,0.6160,0.5109,,,
trade,2022-11-30,AAPL,Long,2022-11-30T19:02:00+00:00,2022-11-30T19:03:00+00:00,144.4438,144.3761,284.13,-19.23,-0.000468,60000,SessionClose,0.6380,0.6380,0.5266,0.6524,0.6465,0.5264,0.6524,0.6465,,,
trade,2022-11-30,AAPL,Long,2022-11-30T19:05:00+00:00,2022-11-30T19:06:00+00:00,144.5839,144.7360,283.18,43.08,0.001052,60000,SessionClose,0.6427,0.6290,0.5736,0.6524,0.6465,0.5384,0.6353,0.6465,,,
trade,2022-11-30,AAPL,Long,2022-11-30T19:08:00+00:00,2022-11-30T19:09:00+00:00,144.7840,144.7359,286.05,-13.73,-0.000332,60000,SessionClose,0.6169,0.6202,0.4174,0.6353,0.6465,0.4503,0.6353,0.6465,,,
trade,2022-11-30,AAPL,Long,2022-11-30T19:11:00+00:00,2022-11-30T19:12:00+00:00,144.9540,144.9060,285.44,-13.69,-0.000331,60000,SessionClose,0.6635,0.6577,0.5354,0.6933,0.6465,0.4777,0.6933,0.6465,,,
trade,2022-11-30,AAPL,Long,2022-11-30T19:14:00+00:00,2022-11-30T19:15:00+00:00,145.0021,145.1360,284.90,38.14,0.000923,60000,SessionClose,0.6453,0.6608,0.3540,0.6933,0.6465,0.5089,0.6933,0.6465,,,
trade,2022-11-30,AAPL,Long,2022-11-30T19:17:00+00:00,2022-11-30T19:18:00+00:00,145.5341,145.6259,287.36,26.37,0.000631,60000,SessionClose,0.7198,0.7201,0.5425,0.7860,0.6465,0.5453,0.7860,0.6465,,,
trade,2022-11-30,AAPL,Long,2022-11-30T19:20:00+00:00,2022-11-30T19:21:00+00:00,146.2143,145.9558,289.26,-74.78,-0.001768,60000,SessionClose,0.7223,0.6412,0.5673,0.7860,0.6465,0.5040,0.6615,0.6465,,,
trade,2022-11-30,AAPL,Long,2022-11-30T19:23:00+00:00,2022-11-30T19:24:00+00:00,146.1542,145.9658,285.25,-53.75,-0.001289,60000,SessionClose,0.6412,0.6195,0.5035,0.6615,0.6465,0.2868,0.6615,0.6465,,,
trade,2022-11-30,AAPL,Long,2022-11-30T19:26:00+00:00,2022-11-30T19:27:00+00:00,146.1242,146.0793,282.48,-12.69,-0.000308,60000,SessionClose,0.6013,0.6026,0.3992,0.6124,0.6465,0.4121,0.6124,0.6465,,,
trade,2022-11-30,AAPL,Long,2022-11-30T19:29:00+00:00,2022-11-30T19:30:00+00:00,146.4443,146.2533,281.98,-53.84,-0.001304,60000,SessionClose,0.6151,0.5960,0.5372,0.6124,0.6465,0.3459,0.6124,0.6465,,,
trade,2022-11-30,AAPL,Long,2022-11-30T19:32:00+00:00,2022-11-30T19:33:00+00:00,146.3143,146.1258,279.09,-52.61,-0.001288,60000,SessionClose,0.5816,0.5522,0.1288,0.6245,0.6465,-0.1650,0.6245,0.6465,,,
trade,2022-11-30,AAPL,Long,2022-11-30T19:35:00+00:00,2022-11-30T19:36:00+00:00,146.3943,146.2369,276.23,-43.46,-0.001075,60000,SessionClose,0.6045,0.3364,0.3578,0.6245,0.6465,0.1045,0.2200,0.6465,,,
summary,2022-11-30,AAPL,,,,,,,-275.34,,14,,,,,,,,,,0.7223,2022-11-30T19:19:00+00:00,506,2280
trade,2022-11-30,NVDA,Long,2022-11-30T18:36:00+00:00,2022-11-30T18:37:00+00:00,159.3469,159.0432,277.66,-84.32,-0.001906,60000,SessionClose,0.6642,0.6360,0.4612,0.7115,0.6373,0.2526,0.7115,0.6126,,,
trade,2022-11-30,NVDA,Long,2022-11-30T18:39:00+00:00,2022-11-30T18:40:00+00:00,160.9272,160.8928,272.91,-9.38,-0.000214,60000,SessionClose,0.6833,0.6809,0.6521,0.7115,0.6373,0.6283,0.7115,0.6373,,,
trade,2022-11-30,NVDA,Long,2022-11-30T18:56:00+00:00,2022-11-30T18:57:00+00:00,160.7771,160.5379,272.57,-65.22,-0.001488,60000,SessionClose,0.6658,0.6422,0.5590,0.6979,0.6373,0.3226,0.6979,0.6373,,,
summary,2022-11-30,NVDA,,,,,,,-158.91,,3,,,,,,,,,,0.7896,2022-11-30T19:16:00+00:00,437,1812
trade,2022-11-30,MSFT,Long,2022-11-30T18:55:00+00:00,2022-11-30T18:56:00+00:00,245.4941,245.5559,300.00,18.54,0.000252,60000,SessionClose,0.5853,0.6295,0.5275,0.5980,0.5791,0.5227,0.6725,0.5791,,,
trade,2022-11-30,MSFT,Long,2022-11-30T18:58:00+00:00,2022-11-30T18:59:00+00:00,246.2242,246.5957,301.51,111.99,0.001509,60000,SessionClose,0.6326,0.6379,0.5537,0.6725,0.5791,0.6066,0.6725,0.5791,,,
trade,2022-11-30,MSFT,Long,2022-11-30T19:01:00+00:00,2022-11-30T19:02:00+00:00,247.2444,246.8856,308.63,-110.74,-0.001451,60000,SessionClose,0.6921,0.6859,0.5685,0.7245,0.6685,0.5069,0.7245,0.6685,,,
trade,2022-11-30,MSFT,Long,2022-11-30T19:04:00+00:00,2022-11-30T19:05:00+00:00,247.2744,247.1956,302.20,-23.81,-0.000319,60000,SessionClose,0.6913,0.6910,0.5607,0.7245,0.6685,0.5582,0.7245,0.6685,,,
trade,2022-11-30,MSFT,Long,2022-11-30T19:07:00+00:00,2022-11-30T19:08:00+00:00,248.0296,247.6255,301.35,-121.79,-0.001629,60000,SessionClose,0.6750,0.6626,0.5814,0.6939,0.6685,0.4568,0.6939,0.6685,,,
trade,2022-11-30,MSFT,Long,2022-11-30T19:10:00+00:00,2022-11-30T19:11:00+00:00,247.6645,247.8299,294.40,48.69,0.000668,60000,SessionClose,0.6540,0.6948,0.3711,0.6939,0.6685,0.5098,0.7387,0.6685,,,
trade,2022-11-30,MSFT,Long,2022-11-30T19:13:00+00:00,2022-11-30T19:14:00+00:00,247.9946,247.7954,297.64,-59.28,-0.000803,60000,SessionClose,0.6909,0.6812,0.4713,0.7387,0.6685,0.3740,0.7387,0.6685,,,
trade,2022-11-30,MSFT,Long,2022-11-30T19:16:00+00:00,2022-11-30T19:17:00+00:00,248.3547,248.6253,294.83,79.78,0.001090,60000,SessionClose,0.7610,0.7666,0.5233,0.8469,0.6685,0.5786,0.8469,0.6685,,,
trade,2022-11-30,MSFT,Long,2022-11-30T19:19:00+00:00,2022-11-30T19:20:00+00:00,249.1548,249.6751,301.08,156.63,0.002088,60000,SessionClose,0.7632,0.7665,0.5448,0.8469,0.6685,0.5783,0.8469,0.6685,,,
trade,2022-11-30,MSFT,Long,2022-11-30T19:22:00+00:00,2022-11-30T19:23:00+00:00,249.7749,249.6901,310.79,-26.38,-0.000340,60000,SessionClose,0.7503,0.7484,0.5552,0.8237,0.6685,0.5360,0.8237,0.6685,,,
trade,2022-11-30,MSFT,Long,2022-11-30T19:25:00+00:00,2022-11-30T19:26:00+00:00,249.8450,249.4701,309.77,-116.12,-0.001500,60000,SessionClose,0.7482,0.5958,0.5342,0.8237,0.6685,0.1649,0.6314,0.6685,,,
trade,2022-11-30,MSFT,Long,2022-11-30T19:28:00+00:00,2022-11-30T19:29:00+00:00,249.9350,249.8251,303.22,-33.31,-0.000440,60000,SessionClose,0.6319,0.6280,0.5258,0.6314,0.6685,0.4865,0.6314,0.6685,,,
trade,2022-11-30,MSFT,Long,2022-11-30T19:31:00+00:00,2022-11-30T19:32:00+00:00,249.7949,249.5051,301.91,-87.51,-0.001160,60000,SessionClose,0.6249,0.5862,0.2357,0.6680,0.6685,-0.1515,0.6680,0.6685,,,
trade,2022-11-30,MSFT,Long,2022-11-30T19:34:00+00:00,2022-11-30T19:35:00+00:00,249.5849,249.7850,296.97,59.43,0.000802,60000,SessionClose,0.5823,0.6354,-0.1907,0.6680,0.6685,0.3402,0.6680,0.6685,,,
summary,2022-11-30,MSFT,,,,,,,-103.87,,14,,,,,,,,,,0.7666,2022-11-30T19:16:00+00:00,391,1614
summary,2022-12-01,SPY,,,,,,,0.00,,0,,,,,,,,,,0.6919,2022-11-30T19:19:00+00:00,1210,3021
summary,2022-12-01,QQQ,,,,,,,0.00,,0,,,,,,,,,,0.7772,2022-11-30T19:19:00+00:00,1145,2957
summary,2022-12-01,AAPL,,,,,,,0.00,,0,,,,,,,,,,0.9977,2022-11-28T14:33:00+00:00,1057,2874
summary,2022-12-01,NVDA,,,,,,,0.00,,0,,,,,,,,,,1.0000,2022-11-28T14:31:00+00:00,1077,2443
summary,2022-12-01,MSFT,,,,,,,0.00,,0,,,,,,,,,,0.7682,2022-11-30T19:16:00+00:00,893,2179
summary,2022-12-02,SPY,,,,,,,0.00,,0,,,,,,,,,,0.7516,2022-11-30T19:19:00+00:00,1840,2999
summary,2022-12-02,QQQ,,,,,,,0.00,,0,,,,,,,,,,0.8346,2022-11-30T19:19:00+00:00,1773,2922
summary,2022-12-02,AAPL,,,,,,,0.00,,0,,,,,,,,,,0.8952,2022-11-29T15:29:00+00:00,1578,2760
summary,2022-12-02,NVDA,,,,,,,0.00,,0,,,,,,,,,,0.8968,2022-11-29T15:08:00+00:00,1541,2450
summary,2022-12-02,MSFT,,,,,,,0.00,,0,,,,,,,,,,0.8329,2022-11-30T19:16:00+00:00,1364,2110
summary,2022-12-05,SPY,,,,,,,0.00,,0,,,,,,,,,,0.6882,2022-12-02T15:52:00+00:00,491,1201
summary,2022-12-05,QQQ,,,,,,,0.00,,0,,,,,,,,,,0.8999,2022-12-02T15:13:00+00:00,565,1128
trade,2022-12-05,AAPL,Long,2022-12-05T14:36:00+00:00,2022-12-05T15:16:00+00:00,149.4849,148.6453,281.02,-235.95,-0.005617,2400000,ScoreExit,0.6700,-0.0701,0.6040,0.6812,0.6693,-0.5688,-0.2658,0.4874,,,
summary,2022-12-05,AAPL,,,,,,,-235.95,,1,,,,,,,,,,0.7545,2022-12-02T15:13:00+00:00,578,1078
summary,2022-12-05,NVDA,,,,,,,0.00,,0,,,,,,,,,,1.0000,2022-12-02T14:32:00+00:00,574,979
summary,2022-12-05,MSFT,,,,,,,0.00,,0,,,,,,,,,,0.8928,2022-12-02T15:13:00+00:00,461,937
summary,2022-12-06,SPY,,,,,,,0.00,,0,,,,,,,,,,0.3879,2022-12-05T11:49:00+00:00,243,1600
summary,2022-12-06,QQQ,,,,,,,0.00,,0,,,,,,,,,,0.4087,2022-12-05T11:48:00+00:00,200,1475
summary,2022-12-06,AAPL,,,,,,,0.00,,0,,,,,,,,,,0.7735,2022-12-05T14:39:00+00:00,245,1370
summary,2022-12-06,NVDA,,,,,,,0.00,,0,,,,,,,,,,0.6434,2022-12-05T16:12:00+00:00,170,1106
summary,2022-12-06,MSFT,,,,,,,0.00,,0,,,,,,,,,,0.7068,2022-12-05T11:52:00+00:00,191,1037
summary,2022-12-07,SPY,,,,,,,0.00,,0,,,,,,,,,,0.3879,2022-12-05T11:49:00+00:00,243,2475
summary,2022-12-07,QQQ,,,,,,,0.00,,0,,,,,,,,,,0.4087,2022-12-05T11:48:00+00:00,229,2329
summary,2022-12-07,AAPL,,,,,,,0.00,,0,,,,,,,,,,0.7735,2022-12-05T14:39:00+00:00,245,2185
summary,2022-12-07,NVDA,,,,,,,0.00,,0,,,,,,,,,,0.6434,2022-12-05T16:12:00+00:00,340,1757
summary,2022-12-07,MSFT,,,,,,,0.00,,0,,,,,,,,,,0.7068,2022-12-05T11:52:00+00:00,277,1588
summary,2022-12-08,SPY,,,,,,,0.00,,0,,,,,,,,,,0.4240,2022-12-05T14:37:00+00:00,414,3031
summary,2022-12-08,QQQ,,,,,,,0.00,,0,,,,,,,,,,0.5532,2022-12-05T14:38:00+00:00,378,2904
summary,2022-12-08,AAPL,,,,,,,0.00,,0,,,,,,,,,,1.0000,2022-12-05T14:35:00+00:00,262,2727
trade,2022-12-08,NVDA,Long,2022-12-08T15:06:00+00:00,2022-12-08T15:56:00+00:00,164.3950,167.4015,290.70,873.99,0.018289,3000000,SessionClose,0.6542,0.4136,0.6277,0.6381,0.6953,-0.5676,0.4363,0.6953,,,
summary,2022-12-08,NVDA,,,,,,,873.99,,1,,,,,,,,,,0.8335,2022-12-05T16:04:00+00:00,799,2238
summary,2022-12-08,MSFT,,,,,,,0.00,,0,,,,,,,,,,0.6131,2022-12-05T14:49:00+00:00,467,2016
summary,2022-12-09,SPY,,,,,,,0.00,,0,,,,,,,,,,0.4317,2022-12-08T15:34:00+00:00,1338,2968
summary,2022-12-09,QQQ,,,,,,,0.00,,0,,,,,,,,,,0.4947,2022-12-08T15:34:00+00:00,1058,2894
summary,2022-12-09,AAPL,,,,,,,0.00,,0,,,,,,,,,,0.5780,2022-12-09T16:03:00+00:00,850,2695
summary,2022-12-09,NVDA,,,,,,,0.00,,0,,,,,,,,,,0.7655,2022-12-08T15:34:00+00:00,1395,2400
summary,2022-12-09,MSFT,,,,,,,0.00,,0,,,,,,,,,,0.5115,2022-12-09T16:02:00+00:00,900,2032
summary,2022-12-12,SPY,,,,,,,0.00,,0,,,,,,,,,,0.8522,2022-12-09T16:04:00+00:00,512,1143
summary,2022-12-12,QQQ,,,,,,,0.00,,0,,,,,,,,,,0.9588,2022-12-09T15:59:00+00:00,385,1124
summary,2022-12-12,AAPL,,,,,,,0.00,,0,,,,,,,,,,0.9596,2022-12-09T15:59:00+00:00,460,1044
trade,2022-12-12,NVDA,Long,2022-12-12T20:03:00+00:00,2022-12-12T20:04:00+00:00,173.5197,173.4303,291.26,-26.04,-0.000515,60000,SessionClose,0.5820,0.5817,0.3756,0.4764,0.8619,0.3723,0.4764,0.8619,,,
trade,2022-12-12,NVDA,Long,2022-12-12T20:06:00+00:00,2022-12-12T20:07:00+00:00,173.7197,173.8552,290.06,39.30,0.000780,60000,SessionClose,0.6419,0.6472,0.5047,0.5547,0.8619,0.5579,0.5547,0.8619,,,
trade,2022-12-12,NVDA,Long,2022-12-12T20:09:00+00:00,2022-12-12T20:10:00+00:00,174.1798,174.1202,292.90,-17.47,-0.000343,60000,SessionClose,0.6482,0.6451,0.5677,0.5547,0.8619,0.5365,0.5547,0.8619,,,
summary,2022-12-12,NVDA,,,,,,,-4.21,,3,,,,,,,,,,1.0000,2022-12-09T14:35:00+00:00,424,1025
trade,2022-12-12,MSFT,Long,2022-12-12T14:31:00+00:00,2022-12-12T15:46:00+00:00,248.2146,249.4651,308.75,386.09,0.005038,4500000,ScoreExit,0.5911,-0.0528,0.5892,0.5215,0.7309,-0.2536,-0.3663,0.6414,,,
summary,2022-12-12,MSFT,,,,,,,386.09,,1,,,,,,,,,,0.9597,2022-12-09T15:59:00+00:00,717,915
summary,2022-12-13,SPY,,,,,,,0.00,,0,,,,,,,,,,0.8510,2022-12-13T13:49:00+00:00,1213,1538
summary,2022-12-13,QQQ,,,,,,,0.00,,0,,,,,,,,,,0.9154,2022-12-13T13:49:00+00:00,1064,1482
summary,2022-12-13,AAPL,,,,,,,0.00,,0,,,,,,,,,,0.7851,2022-12-13T13:41:00+00:00,961,1330
summary,2022-12-13,NVDA,,,,,,,0.00,,0,,,,,,,,,,0.8657,2022-12-13T13:49:00+00:00,1077,1325
summary,2022-12-13,MSFT,,,,,,,0.00,,0,,,,,,,,,,0.8643,2022-12-13T13:49:00+00:00,814,1094
summary,2022-12-14,SPY,,,,,,,0.00,,0,,,,,,,,,,0.8510,2022-12-13T13:49:00+00:00,1679,2376
summary,2022-12-14,QQQ,,,,,,,0.00,,0,,,,,,,,,,0.9154,2022-12-13T13:49:00+00:00,1459,2323
summary,2022-12-14,AAPL,,,,,,,0.00,,0,,,,,,,,,,0.7851,2022-12-13T13:41:00+00:00,1226,2071
summary,2022-12-14,NVDA,,,,,,,0.00,,0,,,,,,,,,,0.8657,2022-12-13T13:49:00+00:00,1431,1972
summary,2022-12-14,MSFT,,,,,,,0.00,,0,,,,,,,,,,0.8643,2022-12-13T13:49:00+00:00,1231,1648
summary,2022-12-15,SPY,,,,,,,0.00,,0,,,,,,,,,,0.8313,2022-12-13T13:49:00+00:00,1677,3027
summary,2022-12-15,QQQ,,,,,,,0.00,,0,,,,,,,,,,0.9169,2022-12-13T13:49:00+00:00,1332,2950
summary,2022-12-15,AAPL,,,,,,,0.00,,0,,,,,,,,,,0.7866,2022-12-13T13:41:00+00:00,1169,2689
summary,2022-12-15,NVDA,,,,,,,0.00,,0,,,,,,,,,,0.9073,2022-12-12T14:53:00+00:00,1334,2544
summary,2022-12-15,MSFT,,,,,,,0.00,,0,,,,,,,,,,1.0000,2022-12-12T14:35:00+00:00,1231,2198
summary,2022-12-16,SPY,,,,,,,0.00,,0,,,,,,,,,,0.5161,2022-12-13T14:55:00+00:00,227,3067
summary,2022-12-16,QQQ,,,,,,,0.00,,0,,,,,,,,,,0.5789,2022-12-13T14:47:00+00:00,165,3009
summary,2022-12-16,AAPL,,,,,,,0.00,,0,,,,,,,,,,0.5073,2022-12-13T14:45:00+00:00,131,2805
summary,2022-12-16,NVDA,,,,,,,0.00,,0,,,,,,,,,,0.9464,2022-12-13T14:46:00+00:00,132,2471
summary,2022-12-16,MSFT,,,,,,,0.00,,0,,,,,,,,,,0.9113,2022-12-13T14:45:00+00:00,393,2203
summary,2022-12-19,SPY,,,,,,,0.00,,0,,,,,,,,,,0.6311,2022-12-16T20:30:00+00:00,294,1184
summary,2022-12-19,QQQ,,,,,,,0.00,,0,,,,,,,,,,0.8357,2022-12-16T14:49:00+00:00,223,1168
summary,2022-12-19,AAPL,,,,,,,0.00,,0,,,,,,,,,,0.9035,2022-12-16T14:53:00+00:00,265,1143
summary,2022-12-19,NVDA,,,,,,,0.00,,0,,,,,,,,,,1.0000,2022-12-16T14:33:00+00:00,212,986
summary,2022-12-19,MSFT,,,,,,,0.00,,0,,,,,,,,,,0.8184,2022-12-16T14:50:00+00:00,103,975
