row_type,date,ticker,direction,entry_time,exit_time,entry_price,exit_price,size,pnl,pnl_pct,hold_duration_ms,exit_reason,entry_composite,exit_composite,entry_1m,entry_5m,entry_1h,exit_1m,exit_5m,exit_1h,max_composite,max_composite_time,positive_ticks,total_ticks
summary,2022-01-03,SPY,,,,,,,0.00,,0,,,,,,,,,,0.4786,2022-01-03T10:28:00+00:00,621,1128
summary,2022-01-03,QQQ,,,,,,,0.00,,0,,,,,,,,,,0.4298,2022-01-03T18:44:00+00:00,526,1105
trade,2022-01-03,AAPL,Long,2022-01-03T14:36:00+00:00,2022-01-03T15:56:00+00:00,179.3209,180.9038,300.00,474.89,0.008828,4800000,SessionClose,0.5826,0.0922,0.5866,0.5670,0.6124,-0.3366,-0.0856,0.5907,,,
summary,2022-01-03,AAPL,,,,,,,474.89,,1,,,,,,,,,,0.6135,2022-01-03T14:41:00+00:00,588,1134
summary,2022-01-03,MSFT,,,,,,,0.00,,0,,,,,,,,,,0.5450,2022-01-03T09:03:00+00:00,267,966
summary,2022-01-04,SPY,,,,,,,0.00,,0,,,,,,,,,,0.7454,2022-01-03T10:30:00+00:00,867,1485
summary,2022-01-04,QQQ,,,,,,,0.00,,0,,,,,,,,,,0.7304,2022-01-03T10:22:00+00:00,753,1449
summary,2022-01-04,AAPL,,,,,,,0.00,,0,,,,,,,,,,0.7301,2022-01-03T14:41:00+00:00,905,1527
summary,2022-01-04,MSFT,,,,,,,0.00,,0,,,,,,,,,,0.5309,2022-01-03T11:01:00+00:00,380,1154
summary,2022-01-05,SPY,,,,,,,0.00,,0,,,,,,,,,,0.7454,2022-01-03T10:30:00+00:00,997,2336
summary,2022-01-05,QQQ,,,,,,,0.00,,0,,,,,,,,,,0.7304,2022-01-03T10:22:00+00:00,753,2270
summary,2022-01-05,AAPL,,,,,,,0.00,,0,,,,,,,,,,0.7301,2022-01-03T14:41:00+00:00,905,2311
summary,2022-01-05,MSFT,,,,,,,0.00,,0,,,,,,,,,,0.5309,2022-01-03T11:01:00+00:00,380,1745
summary,2022-01-06,SPY,,,,,,,0.00,,0,,,,,,,,,,0.4812,2022-01-03T14:37:00+00:00,1034,2996
summary,2022-01-06,QQQ,,,,,,,0.00,,0,,,,,,,,,,0.6862,2022-01-03T14:37:00+00:00,663,2922
summary,2022-01-06,AAPL,,,,,,,0.00,,0,,,,,,,,,,1.0000,2022-01-03T14:36:00+00:00,823,2962
summary,2022-01-06,MSFT,,,,,,,0.00,,0,,,,,,,,,,0.6808,2022-01-03T14:31:00+00:00,378,2340
summary,2022-01-07,SPY,,,,,,,0.00,,0,,,,,,,,,,0.3666,2022-01-04T14:41:00+00:00,254,3033
summary,2022-01-07,QQQ,,,,,,,0.00,,0,,,,,,,,,,0.4575,2022-01-04T20:49:00+00:00,232,2972
summary,2022-01-07,AAPL,,,,,,,0.00,,0,,,,,,,,,,0.5892,2022-01-04T14:56:00+00:00,25,2940
summary,2022-01-07,MSFT,,,,,,,0.00,,0,,,,,,,,,,0.4355,2022-01-04T20:49:00+00:00,25,2413
summary,2022-01-10,SPY,,,,,,,0.00,,0,,,,,,,,,,0.5639,2022-01-07T16:54:00+00:00,248,1132
summary,2022-01-10,QQQ,,,,,,,0.00,,0,,,,,,,,,,0.9103,2022-01-07T14:45:00+00:00,255,1130
summary,2022-01-10,AAPL,,,,,,,0.00,,0,,,,,,,,,,0.9397,2022-01-07T14:45:00+00:00,376,1130
summary,2022-01-10,MSFT,,,,,,,0.00,,0,,,,,,,,,,0.8914,2022-01-07T14:58:00+00:00,443,985
summary,2022-01-11,SPY,,,,,,,0.00,,0,,,,,,,,,,0.6436,2022-01-10T19:08:00+00:00,952,1534
trade,2022-01-11,QQQ,Long,2022-01-11T16:16:00+00:00,2022-01-11T16:17:00+00:00,383.6067,383.1484,292.02,-133.85,-0.001195,60000,SessionClose,0.6169,0.6103,0.6130,0.6047,0.6426,0.5466,0.6047,0.6426,,,
trade,2022-01-11,QQQ,Long,2022-01-11T16:19:00+00:00,2022-01-11T16:20:00+00:00,383.9868,383.5682,284.88,-119.25,-0.001090,60000,SessionClose,0.6150,0.6087,0.5938,0.6047,0.6426,0.5310,0.6047,0.6426,,,
trade,2022-01-11,QQQ,Long,2022-01-11T16:29:00+00:00,2022-01-11T16:30:00+00:00,383.6567,383.7866,278.42,36.17,0.000339,60000,SessionClose,0.5840,0.6007,0.3348,0.5961,0.6426,0.5023,0.5961,0.6426,,,
trade,2022-01-11,QQQ,Long,2022-01-11T16:36:00+00:00,2022-01-11T16:37:00+00:00,383.8918,384.1066,281.29,60.42,0.000560,60000,SessionClose,0.6310,0.6393,0.4430,0.6565,0.6426,0.5257,0.6565,0.6426,,,
trade,2022-01-11,QQQ,Long,2022-01-11T16:39:00+00:00,2022-01-11T16:40:00+00:00,384.6619,384.5881,285.54,-21.09,-0.000192,60000,SessionClose,0.6415,0.6417,0.5477,0.6565,0.6426,0.5501,0.6565,0.6426,,,
trade,2022-01-11,QQQ,Long,2022-01-11T16:42:00+00:00,2022-01-11T16:43:00+00:00,385.1520,385.1979,284.96,13.09,0.000119,60000,SessionClose,0.6503,0.6519,0.5681,0.6679,0.6426,0.5841,0.6679,0.6426,,,
trade,2022-01-11,QQQ,Long,2022-01-11T16:45:00+00:00,2022-01-11T16:46:00+00:00,385.3270,385.0180,286.61,-88.58,-0.000802,60000,SessionClose,0.6281,0.5296,0.3458,0.6679,0.6426,0.1716,0.5327,0.6426,,,
summary,2022-01-11,QQQ,,,,,,,-253.09,,7,,,,,,,,,,0.6841,2022-01-10T18:23:00+00:00,960,1546
summary,2022-01-11,AAPL,,,,,,,0.00,,0,,,,,,,,,,0.6469,2022-01-10T18:18:00+00:00,905,1472
trade,2022-01-11,MSFT,Long,2022-01-11T16:16:00+00:00,2022-01-11T16:17:00+00:00,315.0880,314.5321,282.32,-156.95,-0.001764,60000,SessionClose,0.6225,0.6131,0.6183,0.6083,0.6521,0.5252,0.6083,0.6521,,,
trade,2022-01-11,MSFT,Long,2022-01-11T16:19:00+00:00,2022-01-11T16:20:00+00:00,315.5781,315.2219,273.56,-97.43,-0.001129,60000,SessionClose,0.6215,0.6160,0.6087,0.6083,0.6521,0.5533,0.6083,0.6521,,,
summary,2022-01-11,MSFT,,,,,,,-254.38,,2,,,,,,,,,,0.7466,2022-01-10T18:24:00+00:00,714,1203
summary,2022-01-12,SPY,,,,,,,0.00,,0,,,,,,,,,,0.6436,2022-01-10T19:08:00+00:00,1529,2339
summary,2022-01-12,QQQ,,,,,,,0.00,,0,,,,,,,,,,0.6841,2022-01-10T18:23:00+00:00,1568,2400
summary,2022-01-12,AAPL,,,,,,,0.00,,0,,,,,,,,,,0.6469,2022-01-10T18:18:00+00:00,1497,2282
summary,2022-01-12,MSFT,,,,,,,0.00,,0,,,,,,,,,,0.7466,2022-01-10T18:24:00+00:00,1147,1824
summary,2022-01-13,SPY,,,,,,,0.00,,0,,,,,,,,,,0.6415,2022-01-10T19:08:00+00:00,1960,2904
summary,2022-01-13,QQQ,,,,,,,0.00,,0,,,,,,,,,,0.6791,2022-01-10T18:23:00+00:00,1995,2979
summary,2022-01-13,AAPL,,,,,,,0.00,,0,,,,,,,,,,0.8583,2022-01-10T14:50:00+00:00,1936,2804
summary,2022-01-13,MSFT,,,,,,,0.00,,0,,,,,,,,,,0.7426,2022-01-10T18:24:00+00:00,1350,2270
summary,2022-01-14,SPY,,,,,,,0.00,,0,,,,,,,,,,0.6642,2022-01-11T16:38:00+00:00,1548,2859
summary,2022-01-14,QQQ,,,,,,,0.00,,0,,,,,,,,,,0.9035,2022-01-11T15:05:00+00:00,1561,2994
summary,2022-01-14,AAPL,,,,,,,0.00,,0,,,,,,,,,,0.7954,2022-01-11T16:36:00+00:00,1492,2790
summary,2022-01-14,MSFT,,,,,,,0.00,,0,,,,,,,,,,0.8938,2022-01-11T15:05:00+00:00,1067,2396
summary,2022-01-17,SPY,,,,,,,0.00,,0,,,,,,,,,,0.7904,2022-01-14T14:55:00+00:00,263,492
summary,2022-01-17,QQQ,,,,,,,0.00,,0,,,,,,,,,,0.9074,2022-01-14T14:40:00+00:00,289,474
summary,2022-01-17,AAPL,,,,,,,0.00,,0,,,,,,,,,,0.8967,2022-01-14T14:55:00+00:00,227,475
summary,2022-01-17,MSFT,,,,,,,0.00,,0,,,,,,,,,,1.0000,2022-01-14T14:39:00+00:00,368,455
summary,2022-01-18,SPY,,,,,,,0.00,,0,,,,,,,,,,0.5527,2022-01-18T10:29:00+00:00,213,680
trade,2022-01-18,QQQ,Long,2022-01-18T15:09:00+00:00,2022-01-18T15:38:00+00:00,375.4401,374.2801,300.00,-347.98,-0.003090,1740000,ScoreExit,0.5856,-0.0552,0.6123,0.4032,0.9416,-0.5089,-0.0690,0.1237,,,
summary,2022-01-18,QQQ,,,,,,,-347.98,,1,,,,,,,,,,0.6156,2022-01-18T15:29:00+00:00,203,701
trade,2022-01-18,AAPL,Long,2022-01-18T14:30:00+00:00,2022-01-18T15:35:00+00:00,171.5393,171.6207,281.89,22.94,0.000474,3900000,ScoreExit,0.5876,-0.0599,0.5804,0.3827,1.0000,-0.5292,-0.0885,0.1539,,,
summary,2022-01-18,AAPL,,,,,,,22.94,,1,,,,,,,,,,0.6712,2022-01-18T10:13:00+00:00,201,660
trade,2022-01-18,MSFT,Long,2022-01-18T15:06:00+00:00,2022-01-18T15:52:00+00:00,307.9966,307.3235,263.19,-177.14,-0.002185,2760000,ScoreExit,0.6953,-0.0628,0.6107,0.5571,1.0000,-0.5427,-0.3239,0.6194,,,
summary,2022-01-18,MSFT,,,,,,,-177.14,,1,,,,,,,,,,0.6953,2022-01-18T15:05:00+00:00,198,600
summary,2022-01-19,SPY,,,,,,,0.00,,0,,,,,,,,,,0.5527,2022-01-18T10:29:00+00:00,611,1555
summary,2022-01-19,QQQ,,,,,,,0.00,,0,,,,,,,,,,0.6156,2022-01-18T15:29:00+00:00,563,1592
summary,2022-01-19,AAPL,,,,,,,0.00,,0,,,,,,,,,,0.6712,2022-01-18T10:13:00+00:00,414,1469
trade,2022-01-19,MSFT,Long,2022-01-19T14:36:00+00:00,2022-01-19T15:36:00+00:00,307.0664,310.1230,288.53,881.92,0.009954,3600000,ScoreExit,0.6585,-0.0676,0.5637,0.5626,0.8819,-0.2326,-0.3555,0.5630,,,
trade,2022-01-19,MSFT,Long,2022-01-19T17:11:00+00:00,2022-01-19T17:12:00+00:00,309.7269,309.9687,342.29,82.75,0.000781,60000,SessionClose,0.5822,0.5872,0.5013,0.5077,0.7583,0.5515,0.5077,0.7583,,,
trade,2022-01-19,MSFT,Long,2022-01-19T17:27:00+00:00,2022-01-19T17:28:00+00:00,310.8672,310.7329,347.93,-46.70,-0.000432,60000,SessionClose,0.6231,0.6169,0.5749,0.5636,0.7583,0.5131,0.5636,0.7583,,,
trade,2022-01-19,MSFT,Long,2022-01-19T17:30:00+00:00,2022-01-19T17:31:00+00:00,311.1472,310.9428,345.67,-70.66,-0.000657,60000,SessionClose,0.6237,0.5287,0.5813,0.5636,0.7583,0.5484,0.4106,0.7583,,,
summary,2022-01-19,MSFT,,,,,,,847.31,,4,,,,,,,,,,0.8328,2022-01-19T14:57:00+00:00,564,1315
summary,2022-01-20,SPY,,,,,,,0.00,,0,,,,,,,,,,0.5527,2022-01-18T10:29:00+00:00,766,2458
summary,2022-01-20,QQQ,,,,,,,0.00,,0,,,,,,,,,,0.6156,2022-01-18T15:29:00+00:00,735,2509
summary,2022-01-20,AAPL,,,,,,,0.00,,0,,,,,,,,,,0.6712,2022-01-18T10:13:00+00:00,576,2328
summary,2022-01-20,MSFT,,,,,,,0.00,,0,,,,,,,,,,0.8328,2022-01-19T14:57:00+00:00,894,2047
summary,2022-01-21,SPY,,,,,,,0.00,,0,,,,,,,,,,0.5242,2022-01-18T15:10:00+00:00,542,3098
summary,2022-01-21,QQQ,,,,,,,0.00,,0,,,,,,,,,,0.9026,2022-01-18T15:10:00+00:00,559,3134
summary,2022-01-21,AAPL,,,,,,,0.00,,0,,,,,,,,,,0.7419,2022-01-18T15:29:00+00:00,388,2981
summary,2022-01-21,MSFT,,,,,,,0.00,,0,,,,,,,,,,1.0000,2022-01-18T14:38:00+00:00,779,2655
summary,2022-01-24,SPY,,,,,,,0.00,,0,,,,,,,,,,0.9625,2022-01-21T15:50:00+00:00,241,1217
trade,2022-01-24,QQQ,Long,2022-01-24T18:11:00+00:00,2022-01-24T18:12:00+00:00,342.0734,341.8266,319.44,-78.83,-0.000721,60000,SessionClose,0.6043,0.6000,0.5605,0.7935,0.2405,0.5170,0.7935,0.2405,,,
trade,2022-01-24,QQQ,Long,2022-01-24T18:14:00+00:00,2022-01-24T18:15:00+00:00,342.4035,342.5565,315.93,48.34,0.000447,60000,SessionClose,0.6067,0.6054,0.5845,0.7935,0.2405,0.5712,0.7935,0.2405,,,
trade,2022-01-24,QQQ,Long,2022-01-24T18:17:00+00:00,2022-01-24T18:18:00+00:00,343.4637,343.2663,324.46,-64.03,-0.000575,60000,SessionClose,0.6434,0.6387,0.5957,0.8528,0.2405,0.5489,0.8528,0.2405,,,
trade,2022-01-24,QQQ,Long,2022-01-24T18:20:00+00:00,2022-01-24T18:21:00+00:00,343.5937,342.8064,321.83,-253.37,-0.002291,60000,SessionClose,0.6376,0.3554,0.5373,0.8528,0.2405,0.0051,0.4711,0.2405,,,
summary,2022-01-24,QQQ,,,,,,,-347.89,,4,,,,,,,,,,0.9629,2022-01-21T15:50:00+00:00,308,1221
summary,2022-01-24,AAPL,,,,,,,0.00,,0,,,,,,,,,,0.9065,2022-01-21T14:31:00+00:00,244,1200
trade,2022-01-24,MSFT,Long,2022-01-24T18:01:00+00:00,2022-01-24T18:02:00+00:00,284.9720,284.1082,281.73,-243.36,-0.003031,60000,SessionClose,0.6014,0.5528,0.1268,0.8191,0.3241,-0.3590,0.8191,0.3241,,,
trade,2022-01-24,MSFT,Long,2022-01-24T18:04:00+00:00,2022-01-24T18:05:00+00:00,285.1720,285.5279,269.96,96.07,0.001248,60000,SessionClose,0.6187,0.6377,0.2996,0.8191,0.3241,0.4898,0.8191,0.3241,,,
trade,2022-01-24,MSFT,Long,2022-01-24T18:07:00+00:00,2022-01-24T18:08:00+00:00,286.0622,286.0378,264.43,-6.46,-0.000085,60000,SessionClose,0.6555,0.6551,0.5590,0.8373,0.3241,0.5551,0.8373,0.3241,,,
trade,2022-01-24,MSFT,Long,2022-01-24T18:10:00+00:00,2022-01-24T18:11:00+00:00,286.4223,287.0776,264.38,173.25,0.002288,60000,SessionClose,0.6252,0.7265,0.2560,0.8373,0.3241,0.5602,0.9555,0.3241,,,
trade,2022-01-24,MSFT,Long,2022-01-24T18:13:00+00:00,2022-01-24T18:14:00+00:00,287.2024,287.7874,264.61,154.80,0.002037,60000,SessionClose,0.7222,0.7310,0.5173,0.9555,0.3241,0.6051,0.9555,0.3241,,,
trade,2022-01-24,MSFT,Long,2022-01-24T18:16:00+00:00,2022-01-24T18:17:00+00:00,288.5577,289.6271,269.88,288.60,0.003706,60000,SessionClose,0.7263,0.7347,0.5642,0.9544,0.3241,0.6480,0.9544,0.3241,,,
trade,2022-01-24,MSFT,Long,2022-01-24T18:19:00+00:00,2022-01-24T18:20:00+00:00,289.5979,289.3971,284.10,-57.05,-0.000693,60000,SessionClose,0.7266,0.7239,0.5675,0.9544,0.3241,0.5402,0.9544,0.3241,,,
summary,2022-01-24,MSFT,,,,,,,405.85,,7,,,,,,,,,,1.0000,2022-01-21T14:31:00+00:00,353,1173
trade,2022-01-25,SPY,Long,2022-01-25T18:51:00+00:00,2022-01-25T18:52:00+00:00,435.5121,435.2379,301.28,-82.60,-0.000629,60000,SessionClose,0.5822,0.5786,0.5586,0.6181,0.5182,0.5232,0.6181,0.5182,,,
trade,2022-01-25,SPY,Long,2022-01-25T18:55:00+00:00,2022-01-25T18:56:00+00:00,436.0522,435.5479,297.15,-149.86,-0.001157,60000,SessionClose,0.5831,0.5593,0.5684,0.6181,0.5182,0.3047,0.6223,0.5182,,,
trade,2022-01-25,SPY,Long,2022-01-25T18:59:00+00:00,2022-01-25T19:00:00+00:00,436.1822,436.1977,289.07,4.49,0.000036,60000,SessionClose,0.5825,0.5840,0.5371,0.6223,0.5182,0.5521,0.6223,0.5182,,,
summary,2022-01-25,SPY,,,,,,,-227.97,,3,,,,,,,,,,0.8308,2022-01-24T20:58:00+00:00,799,1642
trade,2022-01-25,QQQ,Long,2022-01-25T18:59:00+00:00,2022-01-25T19:00:00+00:00,347.7245,347.8354,312.20,34.62,0.000319,60000,SessionClose,0.5872,0.5876,0.5464,0.6374,0.5003,0.5506,0.6374,0.5003,,,
summary,2022-01-25,QQQ,,,,,,,34.62,,1,,,,,,,,,,0.8654,2022-01-24T18:19:00+00:00,827,1668
trade,2022-01-25,AAPL,Long,2022-01-25T19:11:00+00:00,2022-01-25T19:12:00+00:00,160.4771,160.5445,300.00,20.22,0.000420,60000,SessionClose,0.6013,0.6052,0.4911,0.4874,0.8658,0.5301,0.4874,0.8658,,,
trade,2022-01-25,AAPL,Long,2022-01-25T19:14:00+00:00,2022-01-25T19:15:00+00:00,161.0272,160.9728,301.71,-16.41,-0.000338,60000,SessionClose,0.6085,0.6070,0.5628,0.4874,0.8658,0.5481,0.4874,0.8658,,,
trade,2022-01-25,AAPL,Long,2022-01-25T19:26:00+00:00,2022-01-25T19:27:00+00:00,161.2472,161.4327,300.98,55.82,0.001150,60000,SessionClose,0.5915,0.6273,0.1888,0.5214,0.8658,0.5469,0.5214,0.8658,,,
trade,2022-01-25,AAPL,Long,2022-01-25T19:29:00+00:00,2022-01-25T19:30:00+00:00,161.5073,161.6827,304.66,53.43,0.001086,60000,SessionClose,0.6192,0.6269,0.4657,0.5214,0.8658,0.5434,0.5214,0.8658,,,
trade,2022-01-25,AAPL,Long,2022-01-25T19:52:00+00:00,2022-01-25T19:53:00+00:00,162.2873,162.2587,308.21,-8.82,-0.000176,60000,SessionClose,0.5825,0.5806,0.5019,0.4543,0.8658,0.4824,0.4543,0.8658,,,
trade,2022-01-25,AAPL,Long,2022-01-25T19:55:00+00:00,2022-01-25T19:56:00+00:00,162.4275,162.5225,307.97,29.26,0.000585,60000,SessionClose,0.5829,0.5647,0.5060,0.4543,0.8658,0.5498,0.4167,0.8658,,,
summary,2022-01-25,AAPL,,,,,,,133.49,,6,,,,,,,,,,0.8012,2022-01-24T20:59:00+00:00,610,1598
summary,2022-01-25,MSFT,,,,,,,0.00,,0,,,,,,,,,,0.9375,2022-01-24T18:16:00+00:00,726,1505
summary,2022-01-26,SPY,,,,,,,0.00,,0,,,,,,,,,,0.8308,2022-01-24T20:58:00+00:00,1323,2562
summary,2022-01-26,QQQ,,,,,,,0.00,,0,,,,,,,,,,0.8654,2022-01-24T18:19:00+00:00,1364,2620
summary,2022-01-26,AAPL,,,,,,,0.00,,0,,,,,,,,,,0.8012,2022-01-24T20:59:00+00:00,1169,2517
summary,2022-01-26,MSFT,,,,,,,0.00,,0,,,,,,,,,,0.9375,2022-01-24T18:16:00+00:00,1321,2442
summary,2022-01-27,SPY,,,,,,,0.00,,0,,,,,,,,,,0.8512,2022-01-24T20:58:00+00:00,1799,3167
summary,2022-01-27,QQQ,,,,,,,0.00,,0,,,,,,,,,,0.8688,2022-01-24T18:16:00+00:00,1843,3236
summary,2022-01-27,AAPL,,,,,,,0.00,,0,,,,,,,,,,0.8534,2022-01-24T14:39:00+00:00,1772,3101
summary,2022-01-27,MSFT,,,,,,,0.00,,0,,,,,,,,,,0.9518,2022-01-25T23:10:00+00:00,1906,2955
summary,2022-01-28,SPY,,,,,,,0.00,,0,,,,,,,,,,0.8784,2022-01-25T15:48:00+00:00,1393,3136
summary,2022-01-28,QQQ,,,,,,,0.00,,0,,,,,,,,,,0.8252,2022-01-25T15:29:00+00:00,1472,3242
trade,2022-01-28,AAPL,Long,2022-01-28T16:16:00+00:00,2022-01-28T16:17:00+00:00,167.9186,168.0314,333.83,37.66,0.000672,60000,SessionClose,0.6168,0.6196,0.5577,0.6274,0.6152,0.5859,0.6274,0.6152,,,
trade,2022-01-28,AAPL,Long,2022-01-28T16:19:00+00:00,2022-01-28T16:20:00+00:00,168.5287,168.4913,336.48,-12.59,-0.000222,60000,SessionClose,0.6198,0.6190,0.5877,0.6274,0.6152,0.5802,0.6274,0.6152,,,
summary,2022-01-28,AAPL,,,,,,,25.07,,2,,,,,,,,,,0.9561,2022-01-25T15:48:00+00:00,2098,3148
trade,2022-01-28,MSFT,Long,2022-01-28T15:56:00+00:00,2022-01-28T15:57:00+00:00,301.3253,301.1398,339.30,-62.94,-0.000616,60000,SessionClose,0.5929,0.5842,0.5344,0.7064,0.3854,0.4471,0.7064,0.3854,,,
trade,2022-01-28,MSFT,Long,2022-01-28T15:59:00+00:00,2022-01-28T16:00:00+00:00,301.9454,302.0946,336.14,50.15,0.000494,60000,SessionClose,0.5975,0.5964,0.5808,0.7064,0.3854,0.5693,0.7064,0.3854,,,
trade,2022-01-28,MSFT,Long,2022-01-28T16:16:00+00:00,2022-01-28T16:17:00+00:00,303.6357,303.8542,339.81,74.25,0.000720,60000,SessionClose,0.6304,0.6325,0.5978,0.6834,0.5355,0.6178,0.6834,0.5355,,,
trade,2022-01-28,MSFT,Long,2022-01-28T16:19:00+00:00,2022-01-28T16:20:00+00:00,303.9833,303.7142,345.14,-92.86,-0.000885,60000,SessionClose,0.6263,0.6239,0.5566,0.6834,0.5355,0.5327,0.6834,0.5355,,,
trade,2022-01-28,MSFT,Long,2022-01-28T20:21:00+00:00,2022-01-28T20:22:00+00:00,304.5559,304.5241,340.76,-10.84,-0.000104,60000,SessionClose,0.5882,0.5824,0.5798,0.5632,0.6410,0.5213,0.5632,0.6410,,,
trade,2022-01-28,MSFT,Long,2022-01-28T20:25:00+00:00,2022-01-28T20:26:00+00:00,304.7659,304.3741,341.07,-133.64,-0.001286,60000,SessionClose,0.5828,0.4468,0.5252,0.5632,0.6410,0.2234,0.3870,0.6410,,,
summary,2022-01-28,MSFT,,,,,,,-175.88,,6,,,,,,,,,,0.9986,2022-01-25T23:10:00+00:00,1900,2900
summary,2022-01-31,SPY,,,,,,,0.00,,0,,,,,,,,,,0.9499,2022-01-28T15:59:00+00:00,1004,1160
summary,2022-01-31,QQQ,,,,,,,0.00,,0,,,,,,,,,,0.9601,2022-01-28T15:54:00+00:00,1048,1177
trade,2022-01-31,AAPL,Long,2022-01-31T14:42:00+00:00,2022-01-31T15:56:00+00:00,171.8374,172.9404,306.57,338.16,0.006419,4440000,SessionClose,0.5819,0.3287,0.5938,0.4449,0.8519,0.4690,0.0968,0.7457,,,
summary,2022-01-31,AAPL,,,,,,,338.16,,1,,,,,,,,,,0.9588,2022-01-28T15:47:00+00:00,1113,1181
trade,2022-01-31,MSFT,Long,2022-01-31T14:56:00+00:00,2022-01-31T15:51:00+00:00,310.3371,308.7082,333.48,-543.18,-0.005249,3300000,ScoreExit,0.6071,-0.0518,0.6407,0.4964,0.8173,-0.3142,-0.3909,0.7137,,,
summary,2022-01-31,MSFT,,,,,,,-543.18,,1,,,,,,,,,,0.9593,2022-01-28T15:50:00+00:00,890,1044
summary,2022-02-01,SPY,,,,,,,0.00,,0,,,,,,,,,,0.6914,2022-01-31T15:09:00+00:00,1187,1519
summary,2022-02-01,QQQ,,,,,,,0.00,,0,,,,,,,,,,0.7799,2022-01-31T15:09:00+00:00,1230,1590
summary,2022-02-01,AAPL,,,,,,,0.00,,0,,,,,,,,,,0.7237,2022-01-31T15:00:00+00:00,1060,1521
summary,2022-02-01,MSFT,,,,,,,0.00,,0,,,,,,,,,,0.7541,2022-01-31T15:08:00+00:00,420,1252
summary,2022-02-02,SPY,,,,,,,0.00,,0,,,,,,,,,,0.6914,2022-01-31T15:09:00+00:00,1862,2381
summary,2022-02-02,QQQ,,,,,,,0.00,,0,,,,,,,,,,0.7799,2022-01-31T15:09:00+00:00,1895,2496
summary,2022-02-02,AAPL,,,,,,,0.00,,0,,,,,,,,,,0.7237,2022-01-31T15:00:00+00:00,1627,2400
trade,2022-02-02,MSFT,Long,2022-02-02T15:01:00+00:00,2022-02-02T15:52:00+00:00,314.3679,312.6225,292.09,-509.81,-0.005552,3060000,ScoreExit,0.5981,-0.0595,0.6076,0.7070,0.3772,-0.1979,-0.2548,0.3772,,,
summary,2022-02-02,MSFT,,,,,,,-509.81,,1,,,,,,,,,,0.7541,2022-01-31T15:08:00+00:00,974,2025
summary,2022-02-03,SPY,,,,,,,0.00,,0,,,,,,,,,,0.8950,2022-01-31T15:09:00+00:00,2125,2988
summary,2022-02-03,QQQ,,,,,,,0.00,,0,,,,,,,,,,0.9651,2022-01-31T14:41:00+00:00,1843,3129
summary,2022-02-03,AAPL,,,,,,,0.00,,0,,,,,,,,,,1.0000,2022-01-31T14:40:00+00:00,2000,2987
summary,2022-02-03,MSFT,,,,,,,0.00,,0,,,,,,,,,,0.9104,2022-01-31T14:55:00+00:00,1080,2607
summary,2022-02-04,SPY,,,,,,,0.00,,0,,,,,,,,,,0.6065,2022-02-01T20:28:00+00:00,1346,3023
summary,2022-02-04,QQQ,,,,,,,0.00,,0,,,,,,,,,,0.6736,2022-02-01T21:29:00+00:00,1223,3159
summary,2022-02-04,AAPL,,,,,,,0.00,,0,,,,,,,,,,0.7523,2022-02-01T15:59:00+00:00,1642,3023
summary,2022-02-04,MSFT,,,,,,,0.00,,0,,,,,,,,,,0.6701,2022-02-02T15:01:00+00:00,1291,2707
summary,2022-02-07,SPY,,,,,,,0.00,,0,,,,,,,,,,0.7089,2022-02-04T14:43:00+00:00,680,1136
summary,2022-02-07,QQQ,,,,,,,0.00,,0,,,,,,,,,,0.9369,2022-02-04T14:45:00+00:00,801,1160
summary,2022-02-07,AAPL,,,,,,,0.00,,0,,,,,,,,,,0.8932,2022-02-04T15:00:00+00:00,694,1074
summary,2022-02-07,MSFT,,,,,,,0.00,,0,,,,,,,,,,1.0000,2022-02-04T14:41:00+00:00,472,950
summary,2022-02-08,SPY,,,,,,,0.00,,0,,,,,,,,,,0.4670,2022-02-08T20:54:00+00:00,699,1460
summary,2022-02-08,QQQ,,,,,,,0.00,,0,,,,,,,,,,0.5761,2022-02-07T14:54:00+00:00,519,1508
summary,2022-02-08,AAPL,,,,,,,0.00,,0,,,,,,,,,,0.6844,2022-02-07T10:48:00+00:00,609,1353
summary,2022-02-08,MSFT,,,,,,,0.00,,0,,,,,,,,,,0.8624,2022-02-07T12:34:00+00:00,382,1166
summary,2022-02-09,SPY,,,,,,,0.00,,0,,,,,,,,,,0.4670,2022-02-08T20:54:00+00:00,1359,2281
summary,2022-02-09,QQQ,,,,,,,0.00,,0,,,,,,,,,,0.5761,2022-02-07T14:54:00+00:00,1234,2382
summary,2022-02-09,AAPL,,,,,,,0.00,,0,,,,,,,,,,0.6844,2022-02-07T10:48:00+00:00,1237,2154
summary,2022-02-09,MSFT,,,,,,,0.00,,0,,,,,,,,,,0.8624,2022-02-07T12:34:00+00:00,954,1819
summary,2022-02-10,SPY,,,,,,,0.00,,0,,,,,,,,,,0.5916,2022-02-07T15:34:00+00:00,1482,2850
summary,2022-02-10,QQQ,,,,,,,0.00,,0,,,,,,,,,,0.7790,2022-02-07T14:41:00+00:00,1452,2940
summary,2022-02-10,AAPL,,,,,,,0.00,,0,,,,,,,,,,0.8792,2022-02-07T14:42:00+00:00,1390,2687
summary,2022-02-10,MSFT,,,,,,,0.00,,0,,,,,,,,,,0.6037,2022-02-07T14:32:00+00:00,1034,2299
summary,2022-02-11,SPY,,,,,,,0.00,,0,,,,,,,,,,0.8957,2022-02-08T16:04:00+00:00,1524,2892
summary,2022-02-11,QQQ,,,,,,,0.00,,0,,,,,,,,,,0.9564,2022-02-08T15:53:00+00:00,1591,2975
summary,2022-02-11,AAPL,,,,,,,0.00,,0,,,,,,,,,,0.9526,2022-02-08T16:02:00+00:00,1491,2725
summary,2022-02-11,MSFT,,,,,,,0.00,,0,,,,,,,,,,0.9559,2022-02-08T16:02:00+00:00,1104,2307
summary,2022-02-14,SPY,,,,,,,0.00,,0,,,,,,,,,,0.7482,2022-02-11T14:46:00+00:00,43,1173
summary,2022-02-14,QQQ,,,,,,,0.00,,0,,,,,,,,,,0.7595,2022-02-11T14:46:00+00:00,185,1195
summary,2022-02-14,AAPL,,,,,,,0.00,,0,,,,,,,,,,0.5988,2022-02-11T14:46:00+00:00,414,1164
summary,2022-02-14,MSFT,,,,,,,0.00,,0,,,,,,,,,,0.8113,2022-02-11T14:46:00+00:00,309,1076
summary,2022-02-15,SPY,,,,,,,0.00,,0,,,,,,,,,,0.6516,2022-02-15T09:19:00+00:00,1049,1559
summary,2022-02-15,QQQ,,,,,,,0.00,,0,,,,,,,,,,0.7335,2022-02-15T09:18:00+00:00,1195,1601
summary,2022-02-15,AAPL,,,,,,,0.00,,0,,,,,,,,,,0.6776,2022-02-14T13:01:00+00:00,1091,1452
summary,2022-02-15,MSFT,,,,,,,0.00,,0,,,,,,,,,,0.8205,2022-02-14T10:23:00+00:00,903,1243
summary,2022-02-16,SPY,,,,,,,0.00,,0,,,,,,,,,,0.6516,2022-02-15T09:19:00+00:00,1578,2394
summary,2022-02-16,QQQ,,,,,,,0.00,,0,,,,,,,,,,0.7335,2022-02-15T09:18:00+00:00,1754,2458
summary,2022-02-16,AAPL,,,,,,,0.00,,0,,,,,,,,,,0.6776,2022-02-14T13:01:00+00:00,1550,2193
summary,2022-02-16,MSFT,,,,,,,0.00,,0,,,,,,,,,,0.8205,2022-02-14T10:23:00+00:00,1200,1802
summary,2022-02-17,SPY,,,,,,,0.00,,0,,,,,,,,,,0.6465,2022-02-15T09:19:00+00:00,1635,2945
summary,2022-02-17,QQQ,,,,,,,0.00,,0,,,,,,,,,,0.8970,2022-02-14T14:52:00+00:00,1796,3001
summary,2022-02-17,AAPL,,,,,,,0.00,,0,,,,,,,,,,0.8932,2022-02-14T14:49:00+00:00,1608,2636
summary,2022-02-17,MSFT,,,,,,,0.00,,0,,,,,,,,,,0.9077,2022-02-14T14:51:00+00:00,1104,2204
summary,2022-02-18,SPY,,,,,,,0.00,,0,,,,,,,,,,0.8173,2022-02-15T15:49:00+00:00,770,2907
summary,2022-02-18,QQQ,,,,,,,0.00,,0,,,,,,,,,,0.8717,2022-02-15T15:49:00+00:00,989,3000
summary,2022-02-18,AAPL,,,,,,,0.00,,0,,,,,,,,,,0.7223,2022-02-15T15:49:00+00:00,785,2634
summary,2022-02-18,MSFT,,,,,,,0.00,,0,,,,,,,,,,0.8630,2022-02-15T15:49:00+00:00,359,2209
summary,2022-02-21,SPY,,,,,,,0.00,,0,,,,,,,,,,0.6135,2022-02-18T14:54:00+00:00,82,510
summary,2022-02-21,QQQ,,,,,,,0.00,,0,,,,,,,,,,0.7418,2022-02-18T14:54:00+00:00,62,506
summary,2022-02-21,AAPL,,,,,,,0.00,,0,,,,,,,,,,0.5043,2022-02-18T19:31:00+00:00,32,501
summary,2022-02-21,MSFT,,,,,,,0.00,,0,,,,,,,,,,0.3795,2022-02-18T19:31:00+00:00,17,472
trade,2022-02-22,SPY,Long,2022-02-22T14:51:00+00:00,2022-02-22T15:42:00+00:00,434.2718,433.0784,358.20,-427.50,-0.002748,3060000,ScoreExit,0.5865,-0.0940,0.5930,0.4284,0.9007,-0.5835,-0.0637,0.0087,,,
trade,2022-02-22,SPY,Long,2022-02-22T20:03:00+00:00,2022-02-22T20:04:00+00:00,432.2914,432.4185,333.43,42.36,0.000294,60000,SessionClose,0.5997,0.6162,0.5413,0.7223,0.3739,0.5726,0.7223,0.4186,,,
summary,2022-02-22,SPY,,,,,,,-385.14,,2,,,,,,,,,,0.9569,2022-02-22T10:22:00+00:00,341,721
trade,2022-02-22,QQQ,Long,2022-02-22T14:46:00+00:00,2022-02-22T15:42:00+00:00,341.3132,341.3867,368.61,27.08,0.000215,3360000,ScoreExit,0.6593,-0.0746,0.6000,0.4988,1.0000,-0.5999,-0.1562,0.2639,,,
trade,2022-02-22,QQQ,Long,2022-02-22T19:54:00+00:00,2022-02-22T19:55:00+00:00,339.8330,339.2971,370.71,-198.64,-0.001577,60000,SessionClose,0.5923,0.5129,0.6388,0.6250,0.5115,0.5593,0.6250,0.2732,,,
trade,2022-02-22,QQQ,Long,2022-02-22T19:57:00+00:00,2022-02-22T19:58:00+00:00,340.1230,339.9370,359.49,-66.87,-0.000547,60000,SessionClose,0.6166,0.6076,0.6072,0.5927,0.6674,0.5705,0.5927,0.6497,,,
trade,2022-02-22,QQQ,Long,2022-02-22T20:01:00+00:00,2022-02-22T20:02:00+00:00,339.8730,340.1470,356.27,97.62,0.000806,60000,SessionClose,0.6347,0.6722,0.3950,0.7652,0.4534,0.5385,0.7652,0.5306,,,
trade,2022-02-22,QQQ,Long,2022-02-22T20:04:00+00:00,2022-02-22T20:05:00+00:00,341.3132,341.2167,362.69,-35.00,-0.000283,60000,SessionClose,0.7027,0.7019,0.5948,0.7652,0.6137,0.5864,0.7652,0.6137,,,
trade,2022-02-22,QQQ,Long,2022-02-22T20:11:00+00:00,2022-02-22T20:12:00+00:00,341.0532,341.1867,361.87,48.33,0.000392,60000,SessionClose,0.5834,0.6108,0.2449,0.6247,0.6137,0.5186,0.6247,0.6137,,,
trade,2022-02-22,QQQ,Long,2022-02-22T20:14:00+00:00,2022-02-22T20:15:00+00:00,341.2932,340.8868,366.32,-148.89,-0.001191,60000,SessionClose,0.5909,0.5548,0.3198,0.6247,0.6137,-0.0419,0.6247,0.6137,,,
summary,2022-02-22,QQQ,,,,,,,-276.37,,7,,,,,,,,,,0.9584,2022-02-22T10:23:00+00:00,386,717
trade,2022-02-22,AAPL,Long,2022-02-22T15:26:00+00:00,2022-02-22T15:42:00+00:00,166.1984,165.4419,345.84,-261.64,-0.004552,960000,ScoreExit,0.6051,-0.1166,0.2843,0.4612,1.0000,-0.5861,-0.1312,0.0693,,,
trade,2022-02-22,AAPL,Long,2022-02-22T20:03:00+00:00,2022-02-22T20:04:00+00:00,164.9180,165.0620,330.49,47.59,0.000873,60000,SessionClose,0.6066,0.6404,0.5376,0.5973,0.6482,0.5903,0.5973,0.7433,,,
trade,2022-02-22,AAPL,Long,2022-02-22T20:12:00+00:00,2022-02-22T20:13:00+00:00,165.1980,165.0020,333.72,-65.42,-0.001187,60000,SessionClose,0.5919,0.5397,0.5345,0.5096,0.7757,0.2146,0.5096,0.7085,,,
summary,2022-02-22,AAPL,,,,,,,-279.47,,3,,,,,,,,,,0.9584,2022-02-22T10:24:00+00:00,340,675
trade,2022-02-22,MSFT,Long,2022-02-22T14:41:00+00:00,2022-02-22T15:56:00+00:00,286.7723,288.4873,358.99,615.65,0.005980,4500000,SessionClose,0.5926,-0.0454,0.4299,0.4915,0.8490,-0.4673,-0.3175,0.6394,,,
trade,2022-02-22,MSFT,Long,2022-02-22T19:53:00+00:00,2022-02-22T19:54:00+00:00,288.8978,289.0572,396.82,63.26,0.000552,60000,SessionClose,0.6630,0.6640,0.6048,0.5042,1.0000,0.6149,0.5042,1.0000,,,
trade,2022-02-22,MSFT,Long,2022-02-22T19:58:00+00:00,2022-02-22T19:59:00+00:00,288.8127,288.3473,400.89,-186.59,-0.001612,60000,SessionClose,0.5990,0.4692,0.4637,0.4211,1.0000,-0.0002,0.4211,0.7218,,,
trade,2022-02-22,MSFT,Long,2022-02-22T20:02:00+00:00,2022-02-22T20:03:00+00:00,288.5627,289.0872,389.25,204.15,0.001818,60000,SessionClose,0.5949,0.6402,0.2212,0.5854,0.7386,0.5145,0.5854,0.7917,,,
trade,2022-02-22,MSFT,Long,2022-02-22T20:05:00+00:00,2022-02-22T20:06:00+00:00,289.4629,289.0472,401.30,-166.82,-0.001436,60000,SessionClose,0.6426,0.4964,0.5381,0.5854,0.7917,0.2117,0.3962,0.7917,,,
trade,2022-02-22,MSFT,Long,2022-02-22T20:12:00+00:00,2022-02-22T20:13:00+00:00,289.5629,289.4171,391.68,-57.11,-0.000504,60000,SessionClose,0.5875,0.5839,0.5371,0.4938,0.7917,0.5005,0.4938,0.7917,,,
summary,2022-02-22,MSFT,,,,,,,472.55,,6,,,,,,,,,,0.9613,2022-02-22T10:39:00+00:00,293,608
summary,2022-02-23,SPY,,,,,,,0.00,,0,,,,,,,,,,0.9569,2022-02-22T10:22:00+00:00,748,1599
summary,2022-02-23,QQQ,,,,,,,0.00,,0,,,,,,,,,,0.9584,2022-02-22T10:23:00+00:00,892,1655
summary,2022-02-23,AAPL,,,,,,,0.00,,0,,,,,,,,,,0.9584,2022-02-22T10:24:00+00:00,713,1469
summary,2022-02-23,MSFT,,,,,,,0.00,,0,,,,,,,,,,0.9613,2022-02-22T10:39:00+00:00,547,1195
summary,2022-02-24,SPY,,,,,,,0.00,,0,,,,,,,,,,0.9569,2022-02-22T10:22:00+00:00,866,2549
trade,2022-02-24,QQQ,Long,2022-02-24T18:50:00+00:00,2022-02-24T18:51:00+00:00,333.7017,333.4683,357.76,-83.51,-0.000700,60000,SessionClose,0.5804,0.4430,0.6141,0.6479,0.4343,0.5450,0.4349,0.4252,,,
trade,2022-02-24,QQQ,Long,2022-02-24T19:31:00+00:00,2022-02-24T19:32:00+00:00,334.4519,334.2281,353.51,-79.09,-0.000669,60000,SessionClose,0.5819,0.5787,0.5560,0.5487,0.6569,0.5414,0.5487,0.6509,,,
trade,2022-02-24,QQQ,Long,2022-02-24T19:34:00+00:00,2022-02-24T19:35:00+00:00,334.7619,335.2079,349.32,155.80,0.001332,60000,SessionClose,0.5931,0.5995,0.5747,0.5487,0.6881,0.5985,0.5487,0.7012,,,
trade,2022-02-24,QQQ,Long,2022-02-24T19:37:00+00:00,2022-02-24T19:38:00+00:00,335.8622,335.7678,359.73,-33.93,-0.000281,60000,SessionClose,0.6212,0.6183,0.6163,0.5821,0.7012,0.5872,0.5821,0.7012,,,
trade,2022-02-24,QQQ,Long,2022-02-24T19:40:00+00:00,2022-02-24T19:41:00+00:00,336.4723,335.5779,358.15,-320.34,-0.002658,60000,SessionClose,0.6197,0.4197,0.6011,0.5821,0.7012,0.1222,0.3286,0.7012,,,
summary,2022-02-24,QQQ,,,,,,,-361.08,,5,,,,,,,,,,0.9584,2022-02-22T10:23:00+00:00,1184,2612
summary,2022-02-24,AAPL,,,,,,,0.00,,0,,,,,,,,,,0.9584,2022-02-22T10:24:00+00:00,936,2415
trade,2022-02-24,MSFT,Long,2022-02-24T15:16:00+00:00,2022-02-24T15:56:00+00:00,279.7009,282.8984,328.72,1051.09,0.011432,2400000,SessionClose,0.6713,0.3377,0.5686,0.8819,0.2845,0.5607,0.3192,0.3004,,,
trade,2022-02-24,MSFT,Long,2022-02-24T16:16:00+00:00,2022-02-24T16:17:00+00:00,284.3419,284.8230,452.46,217.71,0.001692,60000,SessionClose,0.6007,0.6237,0.5521,0.6488,0.5209,0.5955,0.6488,0.5831,,,
trade,2022-02-24,MSFT,Long,2022-02-24T16:19:00+00:00,2022-02-24T16:20:00+00:00,285.8823,286.0828,466.30,93.50,0.000701,60000,SessionClose,0.6468,0.6500,0.5945,0.6488,0.6604,0.6258,0.6488,0.6604,,,
trade,2022-02-24,MSFT,Long,2022-02-24T18:47:00+00:00,2022-02-24T18:48:00+00:00,286.5623,286.1578,472.29,-191.06,-0.001412,60000,SessionClose,0.6282,0.6073,0.4598,0.6320,0.6768,0.2505,0.6320,0.6768,,,
trade,2022-02-24,MSFT,Long,2022-02-24T18:50:00+00:00,2022-02-24T18:51:00+00:00,288.1626,287.9074,462.27,-117.98,-0.000886,60000,SessionClose,0.6436,0.4875,0.6139,0.6320,0.6768,0.5215,0.3873,0.6768,,,
summary,2022-02-24,MSFT,,,,,,,1053.25,,5,,,,,,,,,,0.9613,2022-02-22T10:39:00+00:00,929,2011
summary,2022-02-25,SPY,,,,,,,0.00,,0,,,,,,,,,,0.9018,2022-02-22T14:49:00+00:00,1340,3142
summary,2022-02-25,QQQ,,,,,,,0.00,,0,,,,,,,,,,0.9410,2022-02-22T14:46:00+00:00,1630,3208
summary,2022-02-25,AAPL,,,,,,,0.00,,0,,,,,,,,,,0.9001,2022-02-22T14:49:00+00:00,1335,2975
summary,2022-02-25,MSFT,,,,,,,0.00,,0,,,,,,,,,,1.0000,2022-02-22T14:36:00+00:00,1306,2479
summary,2022-02-28,SPY,,,,,,,0.00,,0,,,,,,,,,,0.9585,2022-02-25T15:46:00+00:00,723,1200
summary,2022-02-28,QQQ,,,,,,,0.00,,0,,,,,,,,,,0.9610,2022-02-25T15:47:00+00:00,762,1221
summary,2022-02-28,AAPL,,,,,,,0.00,,0,,,,,,,,,,0.9586,2022-02-25T15:47:00+00:00,751,1131
summary,2022-02-28,MSFT,,,,,,,0.00,,0,,,,,,,,,,0.8986,2022-02-25T15:11:00+00:00,625,980
summary,2022-03-01,SPY,,,,,,,0.00,,0,,,,,,,,,,0.6901,2022-02-28T09:09:00+00:00,760,1608
summary,2022-03-01,QQQ,,,,,,,0.00,,0,,,,,,,,,,0.8053,2022-02-28T09:09:00+00:00,837,1612
summary,2022-03-01,AAPL,,,,,,,0.00,,0,,,,,,,,,,0.9316,2022-02-28T09:08:00+00:00,776,1403
summary,2022-03-01,MSFT,,,,,,,0.00,,0,,,,,,,,,,0.7336,2022-02-28T20:59:00+00:00,517,1120
summary,2022-03-02,SPY,,,,,,,0.00,,0,,,,,,,,,,0.6901,2022-02-28T09:09:00+00:00,1213,2496
summary,2022-03-02,QQQ,,,,,,,0.00,,0,,,,,,,,,,0.8053,2022-02-28T09:09:00+00:00,1246,2491
summary,2022-03-02,AAPL,,,,,,,0.00,,0,,,,,,,,,,0.9316,2022-02-28T09:08:00+00:00,1159,2179
summary,2022-03-02,MSFT,,,,,,,0.00,,0,,,,,,,,,,0.7336,2022-02-28T20:59:00+00:00,932,1702
summary,2022-03-03,SPY,,,,,,,0.00,,0,,,,,,,,,,0.9548,2022-02-28T15:42:00+00:00,1664,3058
summary,2022-03-03,QQQ,,,,,,,0.00,,0,,,,,,,,,,0.9598,2022-02-28T15:42:00+00:00,1382,3025
summary,2022-03-03,AAPL,,,,,,,0.00,,0,,,,,,,,,,0.9527,2022-02-28T15:56:00+00:00,1495,2670
summary,2022-03-03,MSFT,,,,,,,0.00,,0,,,,,,,,,,0.9601,2022-02-28T15:42:00+00:00,1079,2168
summary,2022-03-04,SPY,,,,,,,0.00,,0,,,,,,,,,,0.5536,2022-03-02T16:13:00+00:00,1284,3047
summary,2022-03-04,QQQ,,,,,,,0.00,,0,,,,,,,,,,0.7714,2022-03-01T15:21:00+00:00,926,3036
summary,2022-03-04,AAPL,,,,,,,0.00,,0,,,,,,,,,,0.9842,2022-03-01T14:36:00+00:00,1130,2699
summary,2022-03-04,MSFT,,,,,,,0.00,,0,,,,,,,,,,0.8982,2022-03-01T14:50:00+00:00,674,2171
summary,2022-03-07,SPY,,,,,,,0.00,,0,,,,,,,,,,0.6346,2022-03-04T18:04:00+00:00,353,1194
summary,2022-03-07,QQQ,,,,,,,0.00,,0,,,,,,,,,,0.6340,2022-03-04T18:04:00+00:00,153,1185
summary,2022-03-07,AAPL,,,,,,,0.00,,0,,,,,,,,,,0.6017,2022-03-04T18:07:00+00:00,323,1151
summary,2022-03-07,MSFT,,,,,,,0.00,,0,,,,,,,,,,0.7299,2022-03-04T17:17:00+00:00,245,998
trade,2022-03-08,SPY,Long,2022-03-08T17:11:00+00:00,2022-03-08T17:12:00+00:00,421.2692,421.5707,324.28,97.75,0.000716,60000,SessionClose,0.5857,0.6008,0.5700,0.7050,0.3522,0.5907,0.7050,0.3958,,,
trade,2022-03-08,SPY,Long,2022-03-08T17:14:00+00:00,2022-03-08T17:15:00+00:00,422.4095,422.8904,331.12,159.25,0.001139,60000,SessionClose,0.6185,0.6373,0.5961,0.7050,0.4528,0.6069,0.7050,0.5120,,,
trade,2022-03-08,SPY,Long,2022-03-08T17:17:00+00:00,2022-03-08T17:18:00+00:00,423.4697,423.5003,341.56,10.45,0.000072,60000,SessionClose,0.7123,0.7181,0.5812,0.8165,0.5476,0.5889,0.8165,0.5642,,,
trade,2022-03-08,SPY,Long,2022-03-08T17:20:00+00:00,2022-03-08T17:21:00+00:00,424.2998,423.9802,343.00,-109.64,-0.000753,60000,SessionClose,0.7239,0.5831,0.5549,0.8165,0.5950,0.5151,0.5885,0.5950,,,
trade,2022-03-08,SPY,Long,2022-03-08T17:29:00+00:00,2022-03-08T17:30:00+00:00,423.4697,423.7002,319.48,73.66,0.000544,60000,SessionClose,0.6315,0.6563,0.2899,0.7331,0.5422,0.4194,0.7331,0.5817,,,
trade,2022-03-08,SPY,Long,2022-03-08T17:32:00+00:00,2022-03-08T17:33:00+00:00,423.3997,423.3703,325.32,-9.55,-0.000069,60000,SessionClose,0.6222,0.6402,0.0397,0.7638,0.5333,0.1751,0.7638,0.5482,,,
trade,2022-03-08,SPY,Long,2022-03-08T17:35:00+00:00,2022-03-08T17:36:00+00:00,424.7499,424.1302,325.61,-201.80,-0.001459,60000,SessionClose,0.6949,0.6597,0.5817,0.7638,0.5950,0.3541,0.7430,0.5950,,,
trade,2022-03-08,SPY,Long,2022-03-08T17:38:00+00:00,2022-03-08T17:39:00+00:00,424.5499,424.4801,329.38,-22.99,-0.000164,60000,SessionClose,0.6746,0.6772,0.5036,0.7430,0.5950,0.5295,0.7430,0.5950,,,
trade,2022-03-08,SPY,Long,2022-03-08T17:41:00+00:00,2022-03-08T17:42:00+00:00,424.4399,424.2001,331.07,-79.37,-0.000565,60000,SessionClose,0.6064,0.5919,0.1335,0.6910,0.5950,-0.0115,0.6910,0.5950,,,
trade,2022-03-08,SPY,Long,2022-03-08T17:44:00+00:00,2022-03-08T17:45:00+00:00,425.2500,424.8800,326.90,-120.96,-0.000870,60000,SessionClose,0.6472,0.6391,0.5417,0.6910,0.5950,0.4605,0.6910,0.5950,,,
trade,2022-03-08,SPY,Long,2022-03-08T17:47:00+00:00,2022-03-08T17:48:00+00:00,425.2600,424.9700,320.63,-93.00,-0.000682,60000,SessionClose,0.5928,0.5772,0.4875,0.6093,0.5950,0.3314,0.6093,0.5950,,,
trade,2022-03-08,SPY,Long,2022-03-08T17:54:00+00:00,2022-03-08T17:55:00+00:00,425.3300,425.4599,315.91,41.02,0.000305,60000,SessionClose,0.5882,0.5970,0.4876,0.6016,0.5950,0.5753,0.6016,0.5950,,,
summary,2022-03-08,SPY,,,,,,,-255.19,,12,,,,,,,,,,0.7295,2022-03-08T17:18:00+00:00,342,1620
trade,2022-03-08,QQQ,Long,2022-03-08T17:11:00+00:00,2022-03-08T17:12:00+00:00,326.2002,326.6197,281.89,118.24,0.001286,60000,SessionClose,0.6460,0.6680,0.5920,0.7672,0.4218,0.6119,0.7672,0.4882,,,
trade,2022-03-08,QQQ,Long,2022-03-08T17:14:00+00:00,2022-03-08T17:15:00+00:00,327.4805,328.0794,289.37,173.30,0.001829,60000,SessionClose,0.6928,0.7198,0.6136,0.7672,0.5704,0.6264,0.7672,0.6560,,,
trade,2022-03-08,QQQ,Long,2022-03-08T17:17:00+00:00,2022-03-08T17:18:00+00:00,328.7807,328.9292,280.17,41.59,0.000452,60000,SessionClose,0.8361,0.8467,0.6101,0.9328,0.7179,0.6114,0.9328,0.7530,,,
trade,2022-03-08,QQQ,Long,2022-03-08T17:20:00+00:00,2022-03-08T17:21:00+00:00,330.1110,330.0190,283.15,-26.06,-0.000279,60000,SessionClose,0.8469,0.7139,0.6063,0.9328,0.7553,0.5877,0.7143,0.7553,,,
trade,2022-03-08,QQQ,Long,2022-03-08T17:23:00+00:00,2022-03-08T17:24:00+00:00,329.1008,328.4893,278.40,-170.24,-0.001858,60000,SessionClose,0.6495,0.6086,-0.0364,0.7143,0.7487,-0.2756,0.7143,0.6920,,,
trade,2022-03-08,QQQ,Long,2022-03-08T17:26:00+00:00,2022-03-08T17:27:00+00:00,328.1006,327.7800,265.46,-85.10,-0.000977,60000,SessionClose,0.6460,0.6320,-0.4301,0.8327,0.6312,-0.5112,0.8327,0.6117,,,
trade,2022-03-08,QQQ,Long,2022-03-08T17:29:00+00:00,2022-03-08T17:30:00+00:00,329.2208,329.4491,261.48,59.69,0.000693,60000,SessionClose,0.7453,0.7654,0.1953,0.8327,0.7538,0.3919,0.8327,0.7553,,,
trade,2022-03-08,QQQ,Long,2022-03-08T17:32:00+00:00,2022-03-08T17:33:00+00:00,328.8608,328.9078,260.76,12.27,0.000143,60000,SessionClose,0.7315,0.7520,-0.1524,0.8865,0.7161,-0.0126,0.8865,0.7376,,,
trade,2022-03-08,QQQ,Long,2022-03-08T17:35:00+00:00,2022-03-08T17:36:00+00:00,330.7111,330.0590,261.74,-170.69,-0.001972,60000,SessionClose,0.8190,0.8065,0.6054,0.8865,0.7553,0.3803,0.9032,0.7553,,,
trade,2022-03-08,QQQ,Long,2022-03-08T17:38:00+00:00,2022-03-08T17:39:00+00:00,330.7111,330.6589,257.91,-13.48,-0.000158,60000,SessionClose,0.8269,0.8251,0.5838,0.9032,0.7553,0.5656,0.9032,0.7553,,,
trade,2022-03-08,QQQ,Long,2022-03-08T17:41:00+00:00,2022-03-08T17:42:00+00:00,330.8812,330.3389,269.74,-146.27,-0.001639,60000,SessionClose,0.7743,0.7451,0.3064,0.8618,0.7553,0.0145,0.8618,0.7553,,,
trade,2022-03-08,QQQ,Long,2022-03-08T17:44:00+00:00,2022-03-08T17:45:00+00:00,331.1812,331.2787,262.39,25.59,0.000294,60000,SessionClose,0.7921,0.8000,0.4848,0.8618,0.7553,0.5634,0.8618,0.7553,,,
trade,2022-03-08,QQQ,Long,2022-03-08T17:47:00+00:00,2022-03-08T17:48:00+00:00,331.7613,331.5387,276.07,-61.47,-0.000671,60000,SessionClose,0.7465,0.7427,0.5107,0.7814,0.7553,0.4730,0.7814,0.7553,,,
trade,2022-03-08,QQQ,Long,2022-03-08T17:50:00+00:00,2022-03-08T17:51:00+00:00,331.5913,330.4389,273.13,-314.76,-0.003475,60000,SessionClose,0.7298,0.6317,0.3441,0.7814,0.7553,-0.5185,0.7616,0.7553,,,
summary,2022-03-08,QQQ,,,,,,,-557.41,,14,,,,,,,,,,0.8502,2022-03-08T17:18:00+00:00,355,1611
trade,2022-03-08,AAPL,Long,2022-03-08T17:11:00+00:00,2022-03-08T17:12:00+00:00,158.5767,158.8232,335.40,82.68,0.001555,60000,SessionClose,0.5867,0.5894,0.5741,0.6455,0.4735,0.6006,0.6455,0.4735,,,
trade,2022-03-08,AAPL,Long,2022-03-08T17:14:00+00:00,2022-03-08T17:15:00+00:00,159.1968,159.5524,340.73,121.15,0.002233,60000,SessionClose,0.5885,0.6104,0.5918,0.6455,0.4735,0.6118,0.6455,0.5398,,,
trade,2022-03-08,AAPL,Long,2022-03-08T17:17:00+00:00,2022-03-08T17:18:00+00:00,159.8570,159.9330,348.38,26.49,0.000476,60000,SessionClose,0.7088,0.7199,0.6009,0.7835,0.5954,0.6023,0.7835,0.6319,,,
trade,2022-03-08,AAPL,Long,2022-03-08T17:20:00+00:00,2022-03-08T17:21:00+00:00,160.6821,160.4030,350.46,-97.82,-0.001737,60000,SessionClose,0.7671,0.6187,0.6053,0.7835,0.7883,0.5498,0.5701,0.7389,,,
trade,2022-03-08,AAPL,Long,2022-03-08T17:26:00+00:00,2022-03-08T17:27:00+00:00,159.7069,159.6897,344.98,-5.96,-0.000108,60000,SessionClose,0.5876,0.5991,-0.2708,0.7475,0.5540,-0.2129,0.7475,0.5729,,,
trade,2022-03-08,AAPL,Long,2022-03-08T17:29:00+00:00,2022-03-08T17:30:00+00:00,160.5471,160.8278,345.04,96.86,0.001749,60000,SessionClose,0.7219,0.7581,0.4742,0.7475,0.7531,0.5737,0.7475,0.8408,,,
trade,2022-03-08,AAPL,Long,2022-03-08T17:32:00+00:00,2022-03-08T17:33:00+00:00,160.3671,160.4029,351.35,12.59,0.000224,60000,SessionClose,0.6591,0.6798,0.0044,0.7426,0.7102,0.1346,0.7426,0.7359,,,
trade,2022-03-08,AAPL,Long,2022-03-08T17:35:00+00:00,2022-03-08T17:36:00+00:00,161.0622,160.8078,352.39,-89.64,-0.001579,60000,SessionClose,0.7565,0.7521,0.5637,0.7426,0.8485,0.3762,0.7754,0.8307,,,
trade,2022-03-08,AAPL,Long,2022-03-08T17:38:00+00:00,2022-03-08T17:39:00+00:00,161.2072,161.2127,347.35,1.92,0.000034,60000,SessionClose,0.7780,0.7754,0.5820,0.7754,0.8485,0.5556,0.7754,0.8485,,,
trade,2022-03-08,AAPL,Long,2022-03-08T17:41:00+00:00,2022-03-08T17:42:00+00:00,161.3573,161.2527,347.88,-36.36,-0.000648,60000,SessionClose,0.7709,0.7584,0.4475,0.7860,0.8485,0.3225,0.7860,0.8485,,,
trade,2022-03-08,AAPL,Long,2022-03-08T17:44:00+00:00,2022-03-08T17:45:00+00:00,161.7173,161.8326,345.99,39.89,0.000713,60000,SessionClose,0.7836,0.7846,0.5745,0.7860,0.8485,0.5849,0.7860,0.8485,,,
trade,2022-03-08,AAPL,Long,2022-03-08T17:47:00+00:00,2022-03-08T17:48:00+00:00,162.0474,161.9126,348.82,-47.02,-0.000832,60000,SessionClose,0.7317,0.7290,0.5408,0.7050,0.8485,0.5147,0.7050,0.8485,,,
trade,2022-03-08,AAPL,Long,2022-03-08T17:50:00+00:00,2022-03-08T17:51:00+00:00,161.8974,161.2627,346.49,-219.90,-0.003920,60000,SessionClose,0.7092,0.6481,0.3159,0.7050,0.8485,-0.4219,0.7262,0.8485,,,
trade,2022-03-08,AAPL,Long,2022-03-08T17:53:00+00:00,2022-03-08T17:54:00+00:00,161.6773,161.8926,333.64,71.83,0.001332,60000,SessionClose,0.6968,0.7315,0.0658,0.7262,0.8485,0.4120,0.7262,0.8485,,,
trade,2022-03-08,AAPL,Long,2022-03-08T17:58:00+00:00,2022-03-08T17:59:00+00:00,161.8224,161.6527,338.27,-57.40,-0.001049,60000,SessionClose,0.5803,0.5617,0.1155,0.5236,0.8485,-0.0700,0.5236,0.8485,,,
summary,2022-03-08,AAPL,,,,,,,-100.69,,15,,,,,,,,,,0.7846,2022-03-08T17:44:00+00:00,384,1540
summary,2022-03-08,MSFT,,,,,,,0.00,,0,,,,,,,,,,0.9099,2022-03-08T17:18:00+00:00,397,1267
summary,2022-03-09,SPY,,,,,,,0.00,,0,,,,,,,,,,0.7295,2022-03-08T17:18:00+00:00,912,2562
summary,2022-03-09,QQQ,,,,,,,0.00,,0,,,,,,,,,,0.8502,2022-03-08T17:18:00+00:00,962,2533
summary,2022-03-09,AAPL,,,,,,,0.00,,0,,,,,,,,,,0.7846,2022-03-08T17:44:00+00:00,933,2434
summary,2022-03-09,MSFT,,,,,,,0.00,,0,,,,,,,,,,0.9099,2022-03-08T17:18:00+00:00,897,1941
summary,2022-03-10,SPY,,,,,,,0.00,,0,,,,,,,,,,0.7136,2022-03-08T17:18:00+00:00,1192,3155
summary,2022-03-10,QQQ,,,,,,,0.00,,0,,,,,,,,,,0.8422,2022-03-08T17:18:00+00:00,1174,3135
summary,2022-03-10,AAPL,,,,,,,0.00,,0,,,,,,,,,,0.7775,2022-03-07T14:31:00+00:00,945,3000
summary,2022-03-10,MSFT,,,,,,,0.00,,0,,,,,,,,,,0.9140,2022-03-08T17:18:00+00:00,1197,2476
summary,2022-03-11,SPY,,,,,,,0.00,,0,,,,,,,,,,0.8564,2022-03-08T17:18:00+00:00,1669,3085
summary,2022-03-11,QQQ,,,,,,,0.00,,0,,,,,,,,,,1.0000,2022-03-08T14:35:00+00:00,1685,3098
summary,2022-03-11,AAPL,,,,,,,0.00,,0,,,,,,,,,,1.0000,2022-03-08T14:35:00+00:00,1181,2973
summary,2022-03-11,MSFT,,,,,,,0.00,,0,,,,,,,,,,0.9581,2022-03-08T17:11:00+00:00,1439,2349
summary,2022-03-14,SPY,,,,,,,0.00,,0,,,,,,,,,,0.4430,2022-03-11T15:57:00+00:00,138,1180
summary,2022-03-14,QQQ,,,,,,,0.00,,0,,,,,,,,,,0.1049,2022-03-11T14:50:00+00:00,8,1191
summary,2022-03-14,AAPL,,,,,,,0.00,,0,,,,,,,,,,0.4828,2022-03-11T14:35:00+00:00,42,1194
trade,2022-03-14,MSFT,Long,2022-03-14T14:12:00+00:00,2022-03-14T15:11:00+00:00,284.7820,283.7282,298.75,-314.82,-0.003700,3540000,ScoreExit,0.5942,-0.1584,0.5833,0.5669,0.6524,-0.5206,-0.3637,0.3727,,,
summary,2022-03-14,MSFT,,,,,,,-314.82,,1,,,,,,,,,,0.8330,2022-03-11T15:51:00+00:00,132,1012
summary,2022-03-15,SPY,,,,,,,0.00,,0,,,,,,,,,,0.6295,2022-03-14T14:59:00+00:00,657,1568
trade,2022-03-15,QQQ,Long,2022-03-15T14:38:00+00:00,2022-03-15T15:56:00+00:00,324.4499,324.7100,275.38,71.65,0.000802,4680000,SessionClose,0.5827,0.0095,0.5601,0.5455,0.6645,-0.5891,-0.2058,0.6396,,,
trade,2022-03-15,QQQ,Long,2022-03-15T19:16:00+00:00,2022-03-15T19:17:00+00:00,326.8604,326.9397,280.21,22.23,0.000243,60000,SessionClose,0.5844,0.5849,0.5374,0.5234,0.7221,0.5419,0.5234,0.7221,,,
trade,2022-03-15,QQQ,Long,2022-03-15T19:19:00+00:00,2022-03-15T19:20:00+00:00,327.5005,327.4195,282.39,-22.87,-0.000247,60000,SessionClose,0.5880,0.5857,0.5727,0.5234,0.7221,0.5502,0.5234,0.7221,,,
trade,2022-03-15,QQQ,Long,2022-03-15T19:22:00+00:00,2022-03-15T19:23:00+00:00,327.7805,327.6795,281.65,-28.47,-0.000308,60000,SessionClose,0.5821,0.5787,0.5657,0.5148,0.7221,0.5315,0.5148,0.7221,,,
summary,2022-03-15,QQQ,,,,,,,42.54,,4,,,,,,,,,,0.6659,2022-03-14T14:12:00+00:00,590,1612
trade,2022-03-15,AAPL,Long,2022-03-15T19:17:00+00:00,2022-03-15T19:18:00+00:00,154.8818,154.8940,280.64,3.44,0.000079,60000,SessionClose,0.5801,0.5856,0.5048,0.5049,0.7557,0.5598,0.5049,0.7557,,,
trade,2022-03-15,AAPL,Long,2022-03-15T19:20:00+00:00,2022-03-15T19:21:00+00:00,155.1310,154.9340,281.19,-55.40,-0.001270,60000,SessionClose,0.5859,0.5094,0.5628,0.5049,0.7557,0.3002,0.4211,0.7557,,,
summary,2022-03-15,AAPL,,,,,,,-51.96,,2,,,,,,,,,,0.6963,2022-03-14T08:08:00+00:00,699,1587
summary,2022-03-15,MSFT,,,,,,,0.00,,0,,,,,,,,,,0.9613,2022-03-14T09:51:00+00:00,642,1224
trade,2022-03-16,SPY,Long,2022-03-16T19:21:00+00:00,2022-03-16T19:22:00+00:00,432.5164,432.7984,291.01,82.08,0.000652,60000,SessionClose,0.5838,0.5837,0.5921,0.6502,0.4480,0.5915,0.6502,0.4480,,,
summary,2022-03-16,SPY,,,,,,,82.08,,1,,,,,,,,,,0.6295,2022-03-14T14:59:00+00:00,1291,2447
trade,2022-03-16,QQQ,Long,2022-03-16T14:16:00+00:00,2022-03-16T15:41:00+00:00,336.5323,336.3377,303.06,-58.97,-0.000578,5100000,MaxHoldTimeout,0.5840,-0.0066,0.6167,0.5981,0.5449,-0.5690,-0.1794,0.5264,,,
trade,2022-03-16,QQQ,Long,2022-03-16T19:05:00+00:00,2022-03-16T19:06:00+00:00,335.5521,335.7178,289.52,47.99,0.000494,60000,SessionClose,0.5838,0.5110,0.4092,0.6274,0.5547,0.4551,0.4985,0.5547,,,
trade,2022-03-16,QQQ,Long,2022-03-16T19:14:00+00:00,2022-03-16T19:15:00+00:00,335.6821,336.0077,303.35,98.76,0.000970,60000,SessionClose,0.5912,0.6057,0.3433,0.6508,0.5547,0.4879,0.6508,0.5547,,,
trade,2022-03-16,QQQ,Long,2022-03-16T19:17:00+00:00,2022-03-16T19:18:00+00:00,335.9322,336.0478,308.03,35.61,0.000344,60000,SessionClose,0.6347,0.6524,0.2848,0.7330,0.5547,0.4617,0.7330,0.5547,,,
trade,2022-03-16,QQQ,Long,2022-03-16T19:20:00+00:00,2022-03-16T19:21:00+00:00,337.2024,337.0476,310.72,-48.12,-0.000459,60000,SessionClose,0.6658,0.6565,0.5953,0.7330,0.5547,0.5902,0.7184,0.5547,,,
trade,2022-03-16,QQQ,Long,2022-03-16T19:23:00+00:00,2022-03-16T19:24:00+00:00,337.2824,337.4675,311.03,57.56,0.000549,60000,SessionClose,0.6377,0.6517,0.4027,0.7184,0.5547,0.5426,0.7184,0.5547,,,
trade,2022-03-16,QQQ,Long,2022-03-16T19:26:00+00:00,2022-03-16T19:27:00+00:00,337.8225,337.6275,315.16,-61.49,-0.000577,60000,SessionClose,0.6482,0.6452,0.5549,0.7105,0.5547,0.5256,0.7105,0.5547,,,
trade,2022-03-16,QQQ,Long,2022-03-16T19:29:00+00:00,2022-03-16T19:30:00+00:00,337.7325,337.6874,312.07,-14.07,-0.000133,60000,SessionClose,0.6346,0.6438,0.4192,0.7105,0.5547,0.5116,0.7105,0.5547,,,
summary,2022-03-16,QQQ,,,,,,,57.28,,8,,,,,,,,,,0.6659,2022-03-14T14:12:00+00:00,1277,2523
trade,2022-03-16,AAPL,Long,2022-03-16T19:19:00+00:00,2022-03-16T19:20:00+00:00,158.0466,158.1234,291.52,22.38,0.000486,60000,SessionClose,0.5825,0.5838,0.5656,0.5974,0.5583,0.5790,0.5974,0.5583,,,
summary,2022-03-16,AAPL,,,,,,,22.38,,1,,,,,,,,,,0.6963,2022-03-14T08:08:00+00:00,1368,2457
summary,2022-03-16,MSFT,,,,,,,0.00,,0,,,,,,,,,,0.9613,2022-03-14T09:51:00+00:00,1079,1880
summary,2022-03-17,SPY,,,,,,,0.00,,0,,,,,,,,,,0.9557,2022-03-14T14:59:00+00:00,1845,3065
summary,2022-03-17,QQQ,,,,,,,0.00,,0,,,,,,,,,,0.9027,2022-03-14T14:12:00+00:00,1873,3141
summary,2022-03-17,AAPL,,,,,,,0.00,,0,,,,,,,,,,1.0000,2022-03-14T13:31:00+00:00,1802,3007
summary,2022-03-17,MSFT,,,,,,,0.00,,0,,,,,,,,,,0.9578,2022-03-14T13:36:00+00:00,1427,2352
summary,2022-03-18,SPY,,,,,,,0.00,,0,,,,,,,,,,0.9463,2022-03-15T14:40:00+00:00,2363,3055
trade,2022-03-18,QQQ,Long,2022-03-18T14:06:00+00:00,2022-03-18T15:56:00+00:00,345.9442,346.9756,339.46,350.13,0.002981,6600000,SessionClose,0.5903,0.1319,0.4881,0.6551,0.4949,-0.2411,0.0045,0.5111,,,
summary,2022-03-18,QQQ,,,,,,,350.13,,1,,,,,,,,,,0.9571,2022-03-15T15:04:00+00:00,2487,3112
summary,2022-03-18,AAPL,,,,,,,0.00,,0,,,,,,,,,,0.9552,2022-03-15T14:54:00+00:00,2377,2891
summary,2022-03-18,MSFT,,,,,,,0.00,,0,,,,,,,,,,0.9579,2022-03-15T14:49:00+00:00,1742,2252
summary,2022-03-21,SPY,,,,,,,0.00,,0,,,,,,,,,,0.8156,2022-03-18T14:12:00+00:00,938,1160
summary,2022-03-21,QQQ,,,,,,,0.00,,0,,,,,,,,,,0.9577,2022-03-18T15:04:00+00:00,904,1182
trade,2022-03-21,AAPL,Long,2022-03-21T15:21:00+00:00,2022-03-21T15:56:00+00:00,165.4281,165.9418,327.77,168.39,0.003105,2100000,SessionClose,0.5905,0.4025,0.5658,0.5405,0.6987,-0.2014,0.3550,0.6987,,,
summary,2022-03-21,AAPL,,,,,,,168.39,,1,,,,,,,,,,0.9568,2022-03-18T15:04:00+00:00,951,1080
summary,2022-03-21,MSFT,,,,,,,0.00,,0,,,,,,,,,,0.9515,2022-03-18T15:04:00+00:00,700,981
summary,2022-03-22,SPY,,,,,,,0.00,,0,,,,,,,,,,0.4855,2022-03-21T13:36:00+00:00,884,1480
trade,2022-03-22,QQQ,Long,2022-03-22T14:19:00+00:00,2022-03-22T15:56:00+00:00,354.7759,356.8236,309.24,633.22,0.005772,5820000,SessionClose,0.5995,0.0474,0.5472,0.5634,0.6892,0.3384,-0.2936,0.6324,,,
summary,2022-03-22,QQQ,,,,,,,633.22,,1,,,,,,,,,,0.7053,2022-03-21T15:27:00+00:00,942,1563
trade,2022-03-22,AAPL,Long,2022-03-22T14:16:00+00:00,2022-03-22T15:56:00+00:00,167.3185,168.8570,308.44,474.56,0.009195,6000000,SessionClose,0.5847,0.1898,0.5344,0.4966,0.7776,0.5588,-0.1306,0.7075,,,
summary,2022-03-22,AAPL,,,,,,,474.56,,1,,,,,,,,,,0.6817,2022-03-21T15:22:00+00:00,954,1376
summary,2022-03-22,MSFT,,,,,,,0.00,,0,,,,,,,,,,0.8033,2022-03-21T09:33:00+00:00,646,1102
summary,2022-03-23,SPY,,,,,,,0.00,,0,,,,,,,,,,0.4855,2022-03-21T13:36:00+00:00,1238,2316
summary,2022-03-23,QQQ,,,,,,,0.00,,0,,,,,,,,,,0.7053,2022-03-21T15:27:00+00:00,1378,2426
summary,2022-03-23,AAPL,,,,,,,0.00,,0,,,,,,,,,,0.6817,2022-03-21T15:22:00+00:00,1549,2157
summary,2022-03-23,MSFT,,,,,,,0.00,,0,,,,,,,,,,0.8033,2022-03-21T09:33:00+00:00,971,1673
summary,2022-03-24,SPY,,,,,,,0.00,,0,,,,,,,,,,0.6858,2022-03-21T15:01:00+00:00,1521,2876
summary,2022-03-24,QQQ,,,,,,,0.00,,0,,,,,,,,,,0.8235,2022-03-21T13:41:00+00:00,1757,3000
summary,2022-03-24,AAPL,,,,,,,0.00,,0,,,,,,,,,,1.0000,2022-03-21T13:41:00+00:00,2068,2768
summary,2022-03-24,MSFT,,,,,,,0.00,,0,,,,,,,,,,0.7013,2022-03-21T15:23:00+00:00,1201,2120
summary,2022-03-25,SPY,,,,,,,0.00,,0,,,,,,,,,,0.8474,2022-03-22T14:43:00+00:00,1401,2858
summary,2022-03-25,QQQ,,,,,,,0.00,,0,,,,,,,,,,0.9523,2022-03-22T14:48:00+00:00,1643,2985
summary,2022-03-25,AAPL,,,,,,,0.00,,0,,,,,,,,,,1.0000,2022-03-22T13:39:00+00:00,2145,2826
summary,2022-03-25,MSFT,,,,,,,0.00,,0,,,,,,,,,,0.9491,2022-03-22T14:51:00+00:00,1087,2142
summary,2022-03-28,SPY,,,,,,,0.00,,0,,,,,,,,,,0.8392,2022-03-25T14:42:00+00:00,720,1128
summary,2022-03-28,QQQ,,,,,,,0.00,,0,,,,,,,,,,0.7592,2022-03-25T14:42:00+00:00,728,1126
trade,2022-03-28,AAPL,Long,2022-03-28T13:40:00+00:00,2022-03-28T15:04:00+00:00,174.4099,174.3500,289.12,-17.30,-0.000343,5040000,MaxHoldTimeout,0.6109,0.0188,0.6063,0.5908,0.6527,-0.4505,-0.1281,0.4690,,,
summary,2022-03-28,AAPL,,,,,,,-17.30,,1,,,,,,,,,,0.9559,2022-03-25T14:42:00+00:00,628,1193
summary,2022-03-28,MSFT,,,,,,,0.00,,0,,,,,,,,,,0.8742,2022-03-25T14:42:00+00:00,573,934
summary,2022-03-29,SPY,,,,,,,0.00,,0,,,,,,,,,,0.5981,2022-03-28T18:59:00+00:00,1050,1472
summary,2022-03-29,QQQ,,,,,,,0.00,,0,,,,,,,,,,0.6220,2022-03-28T18:59:00+00:00,1153,1535
summary,2022-03-29,AAPL,,,,,,,0.00,,0,,,,,,,,,,0.7153,2022-03-28T13:35:00+00:00,1128,1510
summary,2022-03-29,MSFT,,,,,,,0.00,,0,,,,,,,,,,0.8055,2022-03-28T13:58:00+00:00,788,1144
summary,2022-03-30,SPY,,,,,,,0.00,,0,,,,,,,,,,0.5981,2022-03-28T18:59:00+00:00,1496,2305
summary,2022-03-30,QQQ,,,,,,,0.00,,0,,,,,,,,,,0.6220,2022-03-28T18:59:00+00:00,1659,2393
summary,2022-03-30,AAPL,,,,,,,0.00,,0,,,,,,,,,,0.7153,2022-03-28T13:35:00+00:00,1646,2325
summary,2022-03-30,MSFT,,,,,,,0.00,,0,,,,,,,,,,0.8055,2022-03-28T13:58:00+00:00,1105,1744
summary,2022-03-31,SPY,,,,,,,0.00,,0,,,,,,,,,,0.6055,2022-03-28T14:59:00+00:00,1661,2850
summary,2022-03-31,QQQ,,,,,,,0.00,,0,,,,,,,,,,0.8082,2022-03-28T13:55:00+00:00,1803,2932
summary,2022-03-31,AAPL,,,,,,,0.00,,0,,,,,,,,,,1.0000,2022-03-28T13:35:00+00:00,1971,2801
summary,2022-03-31,MSFT,,,,,,,0.00,,0,,,,,,,,,,1.0000,2022-03-28T13:34:00+00:00,1301,2192
summary,2022-04-01,SPY,,,,,,,0.00,,0,,,,,,,,,,0.5847,2022-03-29T19:34:00+00:00,694,2873
summary,2022-04-01,QQQ,,,,,,,0.00,,0,,,,,,,,,,0.5860,2022-03-29T19:08:00+00:00,748,2900
summary,2022-04-01,AAPL,,,,,,,0.00,,0,,,,,,,,,,0.8963,2022-03-29T13:47:00+00:00,1010,2818
summary,2022-04-01,MSFT,,,,,,,0.00,,0,,,,,,,,,,0.5889,2022-03-29T18:47:00+00:00,819,2172
summary,2022-04-04,SPY,,,,,,,0.00,,0,,,,,,,,,,0.5103,2022-04-01T18:32:00+00:00,697,1110
trade,2022-04-04,QQQ,Long,2022-04-04T13:56:00+00:00,2022-04-04T15:56:00+00:00,366.4983,367.9714,300.00,441.93,0.004019,7200000,SessionClose,0.5870,0.1873,0.5757,0.5866,0.5915,0.2905,-0.0114,0.5505,,,
summary,2022-04-04,QQQ,,,,,,,441.93,,1,,,,,,,,,,0.5870,2022-04-04T13:55:00+00:00,760,1144
trade,2022-04-04,AAPL,Long,2022-04-04T13:36:00+00:00,2022-04-04T15:37:00+00:00,176.0052,177.2395,300.00,370.31,0.007013,7260000,MaxHoldTimeout,0.6104,0.0292,0.5634,0.5546,0.7376,-0.5531,-0.1596,0.6007,,,
summary,2022-04-04,AAPL,,,,,,,370.31,,1,,,,,,,,,,0.6949,2022-04-04T13:54:00+00:00,706,1064
trade,2022-04-04,MSFT,Long,2022-04-04T13:36:00+00:00,2022-04-04T15:37:00+00:00,312.2874,312.9374,293.88,191.01,0.002081,7260000,MaxHoldTimeout,0.5956,0.1337,0.6012,0.5791,0.6268,-0.4343,-0.0013,0.5932,,,
summary,2022-04-04,MSFT,,,,,,,191.01,,1,,,,,,,,,,0.8249,2022-04-01T14:53:00+00:00,578,937
summary,2022-04-05,SPY,,,,,,,0.00,,0,,,,,,,,,,0.7840,2022-04-04T09:12:00+00:00,771,1409
summary,2022-04-05,QQQ,,,,,,,0.00,,0,,,,,,,,,,0.8469,2022-04-04T09:15:00+00:00,808,1488
summary,2022-04-05,AAPL,,,,,,,0.00,,0,,,,,,,,,,0.8525,2022-04-04T09:13:00+00:00,697,1394
summary,2022-04-05,MSFT,,,,,,,0.00,,0,,,,,,,,,,0.7697,2022-04-04T10:22:00+00:00,534,1071
summary,2022-04-06,SPY,,,,,,,0.00,,0,,,,,,,,,,0.7840,2022-04-04T09:12:00+00:00,771,2274
summary,2022-04-06,QQQ,,,,,,,0.00,,0,,,,,,,,,,0.8469,2022-04-04T09:15:00+00:00,808,2380
summary,2022-04-06,AAPL,,,,,,,0.00,,0,,,,,,,,,,0.8525,2022-04-04T09:13:00+00:00,730,2224
summary,2022-04-06,MSFT,,,,,,,0.00,,0,,,,,,,,,,0.7697,2022-04-04T10:22:00+00:00,534,1731
summary,2022-04-07,SPY,,,,,,,0.00,,0,,,,,,,,,,0.7100,2022-04-04T15:04:00+00:00,763,2886
summary,2022-04-07,QQQ,,,,,,,0.00,,0,,,,,,,,,,0.9559,2022-04-04T15:04:00+00:00,731,2997
summary,2022-04-07,AAPL,,,,,,,0.00,,0,,,,,,,,,,1.0000,2022-04-04T13:34:00+00:00,725,2807
summary,2022-04-07,MSFT,,,,,,,0.00,,0,,,,,,,,,,1.0000,2022-04-04T13:35:00+00:00,513,2276
summary,2022-04-08,SPY,,,,,,,0.00,,0,,,,,,,,,,0.4735,2022-04-05T13:41:00+00:00,595,2884
summary,2022-04-08,QQQ,,,,,,,0.00,,0,,,,,,,,,,0.4095,2022-04-07T19:14:00+00:00,242,3031
summary,2022-04-08,AAPL,,,,,,,0.00,,0,,,,,,,,,,0.6769,2022-04-05T13:45:00+00:00,141,2757
summary,2022-04-08,MSFT,,,,,,,0.00,,0,,,,,,,,,,0.4409,2022-04-05T14:54:00+00:00,97,2254
summary,2022-04-11,SPY,,,,,,,0.00,,0,,,,,,,,,,0.9581,2022-04-08T15:01:00+00:00,224,1152
summary,2022-04-11,QQQ,,,,,,,0.00,,0,,,,,,,,,,0.9594,2022-04-08T15:01:00+00:00,158,1188
summary,2022-04-11,AAPL,,,,,,,0.00,,0,,,,,,,,,,0.9427,2022-04-08T15:02:00+00:00,224,1119
summary,2022-04-11,MSFT,,,,,,,0.00,,0,,,,,,,,,,0.9597,2022-04-08T15:01:00+00:00,165,1002
summary,2022-04-12,SPY,,,,,,,0.00,,0,,,,,,,,,,0.5500,2022-04-12T12:54:00+00:00,243,1520
summary,2022-04-12,QQQ,,,,,,,0.00,,0,,,,,,,,,,0.6797,2022-04-12T12:54:00+00:00,314,1581
summary,2022-04-12,AAPL,,,,,,,0.00,,0,,,,,,,,,,0.6266,2022-04-12T12:34:00+00:00,440,1460
summary,2022-04-12,MSFT,,,,,,,0.00,,0,,,,,,,,,,0.6194,2022-04-11T10:15:00+00:00,204,1258
summary,2022-04-13,SPY,,,,,,,0.00,,0,,,,,,,,,,0.5500,2022-04-12T12:54:00+00:00,533,2349
summary,2022-04-13,QQQ,,,,,,,0.00,,0,,,,,,,,,,0.6797,2022-04-12T12:54:00+00:00,663,2451
summary,2022-04-13,AAPL,,,,,,,0.00,,0,,,,,,,,,,0.6266,2022-04-12T12:34:00+00:00,1018,2232
summary,2022-04-13,MSFT,,,,,,,0.00,,0,,,,,,,,,,0.6194,2022-04-11T10:15:00+00:00,455,1875
summary,2022-04-14,SPY,,,,,,,0.00,,0,,,,,,,,,,0.5686,2022-04-12T12:54:00+00:00,789,2856
summary,2022-04-14,QQQ,,,,,,,0.00,,0,,,,,,,,,,0.6909,2022-04-12T12:54:00+00:00,921,2982
summary,2022-04-14,AAPL,,,,,,,0.00,,0,,,,,,,,,,0.6446,2022-04-12T12:34:00+00:00,1238,2729
summary,2022-04-14,MSFT,,,,,,,0.00,,0,,,,,,,,,,0.6427,2022-04-12T12:33:00+00:00,544,2254
summary,2022-04-15,SPY,,,,,,,0.00,,0,,,,,,,,,,0.8706,2022-04-12T13:53:00+00:00,788,2189
summary,2022-04-15,QQQ,,,,,,,0.00,,0,,,,,,,,,,0.9010,2022-04-12T13:53:00+00:00,814,2276
summary,2022-04-15,AAPL,,,,,,,0.00,,0,,,,,,,,,,0.9383,2022-04-12T13:45:00+00:00,850,2084
summary,2022-04-15,MSFT,,,,,,,0.00,,0,,,,,,,,,,0.9416,2022-04-12T13:45:00+00:00,507,1658
summary,2022-04-18,SPY,,,,,,,0.00,,0,,,,,,,,,,0.5409,2022-04-18T17:49:00+00:00,257,632
trade,2022-04-18,QQQ,Long,2022-04-18T14:23:00+00:00,2022-04-18T15:08:00+00:00,340.1630,339.4471,300.00,-214.78,-0.002105,2700000,ScoreExit,0.6227,-0.0569,0.5520,0.4459,1.0000,-0.3227,-0.2267,0.3713,,,
trade,2022-04-18,QQQ,Long,2022-04-18T17:36:00+00:00,2022-04-18T17:37:00+00:00,339.3729,339.2371,287.77,-39.06,-0.000400,60000,SessionClose,0.5991,0.5964,0.5918,0.5682,0.6633,0.5599,0.5682,0.6650,,,
trade,2022-04-18,QQQ,Long,2022-04-18T17:40:00+00:00,2022-04-18T17:41:00+00:00,339.4929,339.3771,286.14,-33.13,-0.000341,60000,SessionClose,0.6136,0.6212,0.5554,0.5682,0.7238,0.5259,0.5787,0.7381,,,
trade,2022-04-18,QQQ,Long,2022-04-18T17:43:00+00:00,2022-04-18T17:44:00+00:00,339.5129,339.3571,284.87,-44.37,-0.000459,60000,SessionClose,0.6151,0.6176,0.5100,0.5787,0.7228,0.5079,0.5787,0.7318,,,
trade,2022-04-18,QQQ,Long,2022-04-18T17:48:00+00:00,2022-04-18T17:49:00+00:00,339.5729,339.4971,283.08,-21.46,-0.000223,60000,SessionClose,0.5969,0.6196,0.2837,0.5671,0.7608,0.3896,0.5671,0.8011,,,
trade,2022-04-18,QQQ,Long,2022-04-18T17:51:00+00:00,2022-04-18T17:52:00+00:00,339.8530,339.7370,282.58,-32.76,-0.000341,60000,SessionClose,0.6347,0.6474,0.3739,0.5427,0.9056,0.4337,0.5427,0.9281,,,
trade,2022-04-18,QQQ,Long,2022-04-18T17:54:00+00:00,2022-04-18T17:55:00+00:00,340.1580,339.9770,281.32,-50.93,-0.000532,60000,SessionClose,0.6753,0.6740,0.4967,0.5427,1.0000,0.4836,0.5427,1.0000,,,
trade,2022-04-18,QQQ,Long,2022-04-18T17:57:00+00:00,2022-04-18T17:58:00+00:00,340.4831,340.2669,278.73,-60.25,-0.000635,60000,SessionClose,0.5980,0.5949,0.5466,0.4055,1.0000,0.5155,0.4055,1.0000,,,
trade,2022-04-18,QQQ,Long,2022-04-18T18:02:00+00:00,2022-04-18T18:03:00+00:00,340.4731,340.0120,275.69,-127.12,-0.001354,60000,SessionClose,0.5912,0.5402,0.5048,0.4012,1.0000,-0.0047,0.4012,1.0000,,,
summary,2022-04-18,QQQ,,,,,,,-623.85,,9,,,,,,,,,,0.6777,2022-04-18T17:49:00+00:00,342,672
trade,2022-04-18,AAPL,Long,2022-04-18T14:23:00+00:00,2022-04-18T15:08:00+00:00,165.9082,165.3569,292.59,-161.29,-0.003323,2700000,ScoreExit,0.6275,-0.1109,0.5747,0.4501,1.0000,-0.4449,-0.2515,0.2818,,,
summary,2022-04-18,AAPL,,,,,,,-161.29,,1,,,,,,,,,,0.6520,2022-04-18T14:44:00+00:00,287,584
trade,2022-04-18,MSFT,Long,2022-04-18T13:34:00+00:00,2022-04-18T14:51:00+00:00,281.7518,281.6187,295.57,-39.36,-0.000473,4620000,MaxHoldTimeout,0.6290,0.1657,0.6438,0.4410,1.0000,-0.5498,-0.0686,0.8727,,,
summary,2022-04-18,MSFT,,,,,,,-39.36,,1,,,,,,,,,,0.8715,2022-04-18T11:14:00+00:00,235,500
trade,2022-04-19,SPY,Long,2022-04-19T14:09:00+00:00,2022-04-19T15:56:00+00:00,441.9234,443.7962,300.00,561.86,0.004238,6420000,SessionClose,0.5819,0.0585,0.5306,0.5868,0.5893,-0.3376,-0.1321,0.5717,,,
summary,2022-04-19,SPY,,,,,,,561.86,,1,,,,,,,,,,0.5837,2022-04-19T14:09:00+00:00,906,1503
summary,2022-04-19,QQQ,,,,,,,0.00,,0,,,,,,,,,,0.6777,2022-04-18T17:49:00+00:00,1017,1569
summary,2022-04-19,AAPL,,,,,,,0.00,,0,,,,,,,,,,0.6520,2022-04-18T14:44:00+00:00,887,1356
trade,2022-04-19,MSFT,Long,2022-04-19T14:01:00+00:00,2022-04-19T15:56:00+00:00,282.3615,284.4981,293.71,627.54,0.007567,6900000,SessionClose,0.5897,0.0885,0.5147,0.5803,0.6335,-0.1826,-0.1415,0.6388,,,
summary,2022-04-19,MSFT,,,,,,,627.54,,1,,,,,,,,,,0.8715,2022-04-18T11:14:00+00:00,718,1113
summary,2022-04-20,SPY,,,,,,,0.00,,0,,,,,,,,,,0.5837,2022-04-19T14:09:00+00:00,1480,2364
summary,2022-04-20,QQQ,,,,,,,0.00,,0,,,,,,,,,,0.6777,2022-04-18T17:49:00+00:00,1517,2500
summary,2022-04-20,AAPL,,,,,,,0.00,,0,,,,,,,,,,0.6520,2022-04-18T14:44:00+00:00,1370,2165
summary,2022-04-20,MSFT,,,,,,,0.00,,0,,,,,,,,,,0.8715,2022-04-18T11:14:00+00:00,1142,1761
summary,2022-04-21,SPY,,,,,,,0.00,,0,,,,,,,,,,0.5783,2022-04-19T14:09:00+00:00,1825,2965
summary,2022-04-21,QQQ,,,,,,,0.00,,0,,,,,,,,,,0.8942,2022-04-18T14:25:00+00:00,1770,3079
summary,2022-04-21,AAPL,,,,,,,0.00,,0,,,,,,,,,,1.0000,2022-04-18T13:33:00+00:00,1739,2733
trade,2022-04-21,MSFT,Long,2022-04-21T13:46:00+00:00,2022-04-21T14:41:00+00:00,292.7235,290.8268,330.86,-627.54,-0.006480,3300000,ScoreExit,0.5802,-0.0713,0.4850,0.6332,0.5059,-0.3712,-0.2258,0.3377,,,
summary,2022-04-21,MSFT,,,,,,,-627.54,,1,,,,,,,,,,1.0000,2022-04-18T13:33:00+00:00,1330,2223
summary,2022-04-22,SPY,,,,,,,0.00,,0,,,,,,,,,,0.9566,2022-04-19T14:41:00+00:00,1335,2919
summary,2022-04-22,QQQ,,,,,,,0.00,,0,,,,,,,,,,0.9585,2022-04-19T14:41:00+00:00,1122,3061
summary,2022-04-22,AAPL,,,,,,,0.00,,0,,,,,,,,,,0.9575,2022-04-19T14:41:00+00:00,1314,2759
summary,2022-04-22,MSFT,,,,,,,0.00,,0,,,,,,,,,,0.9584,2022-04-19T14:40:00+00:00,1075,2219
summary,2022-04-25,SPY,,,,,,,0.00,,0,,,,,,,,,,0.4890,2022-04-25T19:53:00+00:00,114,1202
summary,2022-04-25,QQQ,,,,,,,0.00,,0,,,,,,,,,,0.6606,2022-04-22T14:06:00+00:00,126,1213
summary,2022-04-25,AAPL,,,,,,,0.00,,0,,,,,,,,,,1.0000,2022-04-22T13:33:00+00:00,213,1173
summary,2022-04-25,MSFT,,,,,,,0.00,,0,,,,,,,,,,0.7835,2022-04-22T13:33:00+00:00,277,1032
summary,2022-04-26,SPY,,,,,,,0.00,,0,,,,,,,,,,0.6780,2022-04-25T18:51:00+00:00,727,1544
summary,2022-04-26,QQQ,,,,,,,0.00,,0,,,,,,,,,,0.7245,2022-04-25T14:31:00+00:00,799,1584
summary,2022-04-26,AAPL,,,,,,,0.00,,0,,,,,,,,,,0.6864,2022-04-25T18:53:00+00:00,594,1434
summary,2022-04-26,MSFT,,,,,,,0.00,,0,,,,,,,,,,0.7470,2022-04-25T14:31:00+00:00,608,1225
summary,2022-04-27,SPY,,,,,,,0.00,,0,,,,,,,,,,0.6780,2022-04-25T18:51:00+00:00,836,2487
summary,2022-04-27,QQQ,,,,,,,0.00,,0,,,,,,,,,,0.7245,2022-04-25T14:31:00+00:00,884,2533
summary,2022-04-27,AAPL,,,,,,,0.00,,0,,,,,,,,,,0.6864,2022-04-25T18:53:00+00:00,675,2323
summary,2022-04-27,MSFT,,,,,,,0.00,,0,,,,,,,,,,0.8916,2022-04-26T22:06:00+00:00,1233,2113
summary,2022-04-28,SPY,,,,,,,0.00,,0,,,,,,,,,,0.8612,2022-04-25T14:37:00+00:00,1201,3086
trade,2022-04-28,QQQ,Long,2022-04-28T17:01:00+00:00,2022-04-28T17:02:00+00:00,325.6302,325.3899,274.95,-66.07,-0.000738,60000,SessionClose,0.5961,0.5922,0.4879,0.6462,0.5319,0.4494,0.6462,0.5319,,,
trade,2022-04-28,QQQ,Long,2022-04-28T17:05:00+00:00,2022-04-28T17:06:00+00:00,325.9502,325.6299,271.90,-87.09,-0.000983,60000,SessionClose,0.6003,0.5407,0.5303,0.6462,0.5319,0.2501,0.5935,0.5319,,,
summary,2022-04-28,QQQ,,,,,,,-153.17,,2,,,,,,,,,,0.9067,2022-04-25T14:25:00+00:00,1321,3148
summary,2022-04-28,AAPL,,,,,,,0.00,,0,,,,,,,,,,0.9055,2022-04-25T14:26:00+00:00,1304,2924
summary,2022-04-28,MSFT,,,,,,,0.00,,0,,,,,,,,,,0.9587,2022-04-26T22:06:00+00:00,1677,2661
summary,2022-04-29,SPY,,,,,,,0.00,,0,,,,,,,,,,0.5707,2022-04-27T13:48:00+00:00,1240,3122
summary,2022-04-29,QQQ,,,,,,,0.00,,0,,,,,,,,,,0.7060,2022-04-27T13:48:00+00:00,1328,3200
trade,2022-04-29,AAPL,Long,2022-04-29T13:52:00+00:00,2022-04-29T14:31:00+00:00,163.9378,163.0524,277.92,-246.07,-0.005401,2340000,ScoreExit,0.5806,-0.0642,0.4913,0.5579,0.6556,-0.4212,-0.2962,0.5187,,,
summary,2022-04-29,AAPL,,,,,,,-246.07,,1,,,,,,,,,,0.7226,2022-04-29T13:59:00+00:00,1506,3091
summary,2022-04-29,MSFT,,,,,,,0.00,,0,,,,,,,,,,0.9811,2022-04-26T22:06:00+00:00,1421,2713
summary,2022-05-02,SPY,,,,,,,0.00,,0,,,,,,,,,,0.7756,2022-04-29T13:59:00+00:00,92,1162
summary,2022-05-02,QQQ,,,,,,,0.00,,0,,,,,,,,,,0.9079,2022-04-29T13:56:00+00:00,102,1181
summary,2022-05-02,AAPL,,,,,,,0.00,,0,,,,,,,,,,1.0000,2022-04-29T13:32:00+00:00,114,1141
trade,2022-05-02,MSFT,Long,2022-05-02T19:12:00+00:00,2022-05-02T19:13:00+00:00,280.7811,280.9388,300.00,47.30,0.000561,60000,SessionClose,0.5974,0.6121,0.6154,0.5778,0.6308,0.6300,0.5778,0.6749,,,
trade,2022-05-02,MSFT,Long,2022-05-02T19:15:00+00:00,2022-05-02T19:16:00+00:00,281.7013,281.8786,303.75,53.85,0.000629,60000,SessionClose,0.6397,0.6597,0.6425,0.5778,0.7627,0.6302,0.6062,0.7765,,,
trade,2022-05-02,MSFT,Long,2022-05-02T19:18:00+00:00,2022-05-02T19:19:00+00:00,281.3813,281.7286,307.45,106.80,0.001235,60000,SessionClose,0.6066,0.6498,0.2954,0.6062,0.7112,0.5418,0.6062,0.7730,,,
trade,2022-05-02,MSFT,Long,2022-05-02T19:21:00+00:00,2022-05-02T19:22:00+00:00,282.3114,282.3985,314.36,27.37,0.000308,60000,SessionClose,0.7230,0.7209,0.5926,0.7179,0.7765,0.5717,0.7179,0.7765,,,
trade,2022-05-02,MSFT,Long,2022-05-02T19:24:00+00:00,2022-05-02T19:25:00+00:00,282.8316,283.0184,316.54,59.14,0.000661,60000,SessionClose,0.7212,0.7197,0.5750,0.7179,0.7765,0.5602,0.7179,0.7765,,,
trade,2022-05-02,MSFT,Long,2022-05-02T19:27:00+00:00,2022-05-02T19:28:00+00:00,282.9816,283.0884,320.76,34.25,0.000377,60000,SessionClose,0.6311,0.6364,0.4671,0.5858,0.7765,0.5193,0.5858,0.7765,,,
summary,2022-05-02,MSFT,,,,,,,328.71,,6,,,,,,,,,,0.7612,2022-05-02T19:32:00+00:00,204,1010
summary,2022-08-09,SPY,,,,,,,0.00,,0,,,,,,,,,,0.4849,2022-08-08T10:41:00+00:00,317,1446
summary,2022-08-09,QQQ,,,,,,,0.00,,0,,,,,,,,,,0.6809,2022-08-08T13:50:00+00:00,238,1513
summary,2022-08-09,AAPL,,,,,,,0.00,,0,,,,,,,,,,0.6183,2022-08-08T13:51:00+00:00,348,1339
summary,2022-08-09,MSFT,,,,,,,0.00,,0,,,,,,,,,,0.7731,2022-08-08T10:54:00+00:00,354,1045
summary,2022-08-10,SPY,,,,,,,0.00,,0,,,,,,,,,,0.6169,2022-08-10T12:35:00+00:00,737,2241
summary,2022-08-10,QQQ,,,,,,,0.00,,0,,,,,,,,,,0.6809,2022-08-08T13:50:00+00:00,641,2372
summary,2022-08-10,AAPL,,,,,,,0.00,,0,,,,,,,,,,0.6183,2022-08-08T13:51:00+00:00,849,2065
summary,2022-08-10,MSFT,,,,,,,0.00,,0,,,,,,,,,,0.7731,2022-08-08T10:54:00+00:00,846,1632
summary,2022-08-11,SPY,,,,,,,0.00,,0,,,,,,,,,,0.6194,2022-08-10T12:35:00+00:00,1202,2849
summary,2022-08-11,QQQ,,,,,,,0.00,,0,,,,,,,,,,0.9214,2022-08-08T13:44:00+00:00,1055,2955
summary,2022-08-11,AAPL,,,,,,,0.00,,0,,,,,,,,,,0.9344,2022-08-08T13:44:00+00:00,1390,2612
summary,2022-08-11,MSFT,,,,,,,0.00,,0,,,,,,,,,,1.0000,2022-08-08T13:39:00+00:00,1151,2131
summary,2022-08-12,SPY,,,,,,,0.00,,0,,,,,,,,,,0.6609,2022-08-10T12:35:00+00:00,2050,2857
summary,2022-08-12,QQQ,,,,,,,0.00,,0,,,,,,,,,,0.7346,2022-08-10T12:47:00+00:00,2079,2942
summary,2022-08-12,AAPL,,,,,,,0.00,,0,,,,,,,,,,0.7033,2022-08-09T14:49:00+00:00,2163,2624
summary,2022-08-12,MSFT,,,,,,,0.00,,0,,,,,,,,,,0.9553,2022-08-09T14:48:00+00:00,1655,2114
summary,2022-08-15,SPY,,,,,,,0.00,,0,,,,,,,,,,0.6331,2022-08-12T15:02:00+00:00,917,1164
summary,2022-08-15,QQQ,,,,,,,0.00,,0,,,,,,,,,,0.7167,2022-08-12T14:19:00+00:00,955,1139
summary,2022-08-15,AAPL,,,,,,,0.00,,0,,,,,,,,,,0.8880,2022-08-12T15:04:00+00:00,921,1104
summary,2022-08-15,MSFT,,,,,,,0.00,,0,,,,,,,,,,0.6251,2022-08-12T14:19:00+00:00,739,917
summary,2022-08-16,SPY,,,,,,,0.00,,0,,,,,,,,,,0.5806,2022-08-15T15:53:00+00:00,936,1462
summary,2022-08-16,QQQ,,,,,,,0.00,,0,,,,,,,,,,0.6421,2022-08-15T15:48:00+00:00,896,1445
summary,2022-08-16,AAPL,,,,,,,0.00,,0,,,,,,,,,,0.6278,2022-08-15T15:48:00+00:00,904,1361
summary,2022-08-16,MSFT,,,,,,,0.00,,0,,,,,,,,,,0.7530,2022-08-15T10:10:00+00:00,666,1037
summary,2022-08-17,SPY,,,,,,,0.00,,0,,,,,,,,,,0.5806,2022-08-15T15:53:00+00:00,1065,2300
summary,2022-08-17,QQQ,,,,,,,0.00,,0,,,,,,,,,,0.6421,2022-08-15T15:48:00+00:00,1011,2267
summary,2022-08-17,AAPL,,,,,,,0.00,,0,,,,,,,,,,0.6278,2022-08-15T15:48:00+00:00,1380,2194
summary,2022-08-17,MSFT,,,,,,,0.00,,0,,,,,,,,,,0.7530,2022-08-15T10:10:00+00:00,871,1603
summary,2022-08-18,SPY,,,,,,,0.00,,0,,,,,,,,,,0.6333,2022-08-15T13:58:00+00:00,1113,2850
summary,2022-08-18,QQQ,,,,,,,0.00,,0,,,,,,,,,,0.7136,2022-08-15T13:58:00+00:00,1045,2860
summary,2022-08-18,AAPL,,,,,,,0.00,,0,,,,,,,,,,0.6846,2022-08-15T15:48:00+00:00,1800,2829
summary,2022-08-18,MSFT,,,,,,,0.00,,0,,,,,,,,,,0.7824,2022-08-15T13:56:00+00:00,836,2056
summary,2022-08-19,SPY,,,,,,,0.00,,0,,,,,,,,,,0.6464,2022-08-16T15:54:00+00:00,679,2883
summary,2022-08-19,QQQ,,,,,,,0.00,,0,,,,,,,,,,0.7229,2022-08-16T15:54:00+00:00,663,2921
summary,2022-08-19,AAPL,,,,,,,0.00,,0,,,,,,,,,,0.6635,2022-08-16T15:19:00+00:00,1415,2899
summary,2022-08-19,MSFT,,,,,,,0.00,,0,,,,,,,,,,0.7015,2022-08-16T15:54:00+00:00,558,2058
summary,2022-08-22,SPY,,,,,,,0.00,,0,,,,,,,,,,0.3157,2022-08-19T16:39:00+00:00,36,1179
summary,2022-08-22,QQQ,,,,,,,0.00,,0,,,,,,,,,,0.2889,2022-08-19T17:04:00+00:00,12,1152
summary,2022-08-22,AAPL,,,,,,,0.00,,0,,,,,,,,,,0.3907,2022-08-19T17:04:00+00:00,24,1172
summary,2022-08-22,MSFT,,,,,,,0.00,,0,,,,,,,,,,0.4656,2022-08-19T13:32:00+00:00,8,970
summary,2022-08-23,SPY,,,,,,,0.00,,0,,,,,,,,,,0.3666,2022-08-23T14:09:00+00:00,317,1517
summary,2022-08-23,QQQ,,,,,,,0.00,,0,,,,,,,,,,0.4346,2022-08-23T14:10:00+00:00,425,1523
summary,2022-08-23,AAPL,,,,,,,0.00,,0,,,,,,,,,,0.5253,2022-08-22T13:29:00+00:00,403,1451
summary,2022-08-23,MSFT,,,,,,,0.00,,0,,,,,,,,,,0.4287,2022-08-22T13:29:00+00:00,87,1082
summary,2022-08-24,SPY,,,,,,,0.00,,0,,,,,,,,,,0.3666,2022-08-23T14:09:00+00:00,507,2310
summary,2022-08-24,QQQ,,,,,,,0.00,,0,,,,,,,,,,0.4346,2022-08-23T14:10:00+00:00,650,2329
summary,2022-08-24,AAPL,,,,,,,0.00,,0,,,,,,,,,,0.5253,2022-08-22T13:29:00+00:00,576,2191
summary,2022-08-24,MSFT,,,,,,,0.00,,0,,,,,,,,,,0.4287,2022-08-22T13:29:00+00:00,87,1624
summary,2022-08-25,SPY,,,,,,,0.00,,0,,,,,,,,,,0.4822,2022-08-25T08:01:00+00:00,943,2835
summary,2022-08-25,QQQ,,,,,,,0.00,,0,,,,,,,,,,0.4951,2022-08-25T08:01:00+00:00,1097,2915
summary,2022-08-25,AAPL,,,,,,,0.00,,0,,,,,,,,,,0.4478,2022-08-25T08:01:00+00:00,997,2681
summary,2022-08-25,MSFT,,,,,,,0.00,,0,,,,,,,,,,0.4555,2022-08-25T19:59:00+00:00,263,2047
summary,2022-08-26,SPY,,,,,,,0.00,,0,,,,,,,,,,0.7181,2022-08-23T14:10:00+00:00,1300,2843
summary,2022-08-26,QQQ,,,,,,,0.00,,0,,,,,,,,,,0.8990,2022-08-23T14:10:00+00:00,1387,2913
summary,2022-08-26,AAPL,,,,,,,0.00,,0,,,,,,,,,,0.7857,2022-08-23T14:11:00+00:00,1358,2639
summary,2022-08-26,MSFT,,,,,,,0.00,,0,,,,,,,,,,0.8420,2022-08-23T14:11:00+00:00,776,2059
summary,2022-08-29,SPY,,,,,,,0.00,,0,,,,,,,,,,0.7474,2022-08-26T14:09:00+00:00,20,1196
summary,2022-08-29,QQQ,,,,,,,0.00,,0,,,,,,,,,,0.9163,2022-08-26T14:09:00+00:00,18,1199
summary,2022-08-29,AAPL,,,,,,,0.00,,0,,,,,,,,,,0.7981,2022-08-26T14:09:00+00:00,15,1178
summary,2022-08-29,MSFT,,,,,,,0.00,,0,,,,,,,,,,0.7842,2022-08-26T14:09:00+00:00,25,991
summary,2022-08-30,SPY,,,,,,,0.00,,0,,,,,,,,,,0.5829,2022-08-29T16:50:00+00:00,649,1571
summary,2022-08-30,QQQ,,,,,,,0.00,,0,,,,,,,,,,0.6013,2022-08-29T13:34:00+00:00,654,1566
summary,2022-08-30,AAPL,,,,,,,0.00,,0,,,,,,,,,,0.7184,2022-08-29T08:00:00+00:00,617,1470
summary,2022-08-30,MSFT,,,,,,,0.00,,0,,,,,,,,,,1.0000,2022-08-29T08:00:00+00:00,346,1083
summary,2022-08-31,SPY,,,,,,,0.00,,0,,,,,,,,,,0.5829,2022-08-29T16:50:00+00:00,701,2425
summary,2022-08-31,QQQ,,,,,,,0.00,,0,,,,,,,,,,0.6013,2022-08-29T13:34:00+00:00,805,2407
summary,2022-08-31,AAPL,,,,,,,0.00,,0,,,,,,,,,,0.7184,2022-08-29T08:00:00+00:00,699,2264
summary,2022-08-31,MSFT,,,,,,,0.00,,0,,,,,,,,,,1.0000,2022-08-29T08:00:00+00:00,501,1632
summary,2022-09-01,SPY,,,,,,,0.00,,0,,,,,,,,,,0.6241,2022-08-29T16:04:00+00:00,550,3009
summary,2022-09-01,QQQ,,,,,,,0.00,,0,,,,,,,,,,0.9714,2022-08-29T13:36:00+00:00,629,3021
summary,2022-09-01,AAPL,,,,,,,0.00,,0,,,,,,,,,,1.0000,2022-08-29T13:34:00+00:00,632,2834
summary,2022-09-01,MSFT,,,,,,,0.00,,0,,,,,,,,,,0.9321,2022-08-29T13:36:00+00:00,526,2156
summary,2022-09-02,SPY,,,,,,,0.00,,0,,,,,,,,,,0.4679,2022-09-02T12:37:00+00:00,776,2946
summary,2022-09-02,QQQ,,,,,,,0.00,,0,,,,,,,,,,0.4828,2022-09-02T14:32:00+00:00,921,3044
summary,2022-09-02,AAPL,,,,,,,0.00,,0,,,,,,,,,,0.4534,2022-08-31T10:54:00+00:00,834,2835
summary,2022-09-02,MSFT,,,,,,,0.00,,0,,,,,,,,,,0.4912,2022-08-31T10:50:00+00:00,632,2204
summary,2022-09-05,SPY,,,,,,,0.00,,0,,,,,,,,,,0.9541,2022-09-02T14:42:00+00:00,119,490
summary,2022-09-05,QQQ,,,,,,,0.00,,0,,,,,,,,,,0.9520,2022-09-02T14:42:00+00:00,117,483
summary,2022-09-05,AAPL,,,,,,,0.00,,0,,,,,,,,,,0.8888,2022-09-02T14:32:00+00:00,97,496
summary,2022-09-05,MSFT,,,,,,,0.00,,0,,,,,,,,,,0.9545,2022-09-02T14:40:00+00:00,129,443
trade,2022-09-06,SPY,Long,2022-09-06T14:53:00+00:00,2022-09-06T15:56:00+00:00,393.0436,393.4963,300.00,135.81,0.001152,3780000,SessionClose,0.5836,0.3844,0.5609,0.4415,0.8752,0.3284,0.1325,0.9069,,,
summary,2022-09-06,SPY,,,,,,,135.81,,1,,,,,,,,,,0.6860,2022-09-06T15:08:00+00:00,212,656
trade,2022-09-06,QQQ,Long,2022-09-06T14:53:00+00:00,2022-09-06T15:56:00+00:00,294.9640,295.6159,300.00,195.57,0.002210,3780000,SessionClose,0.6081,0.4390,0.5732,0.4546,0.9269,0.4227,0.1611,1.0000,,,
summary,2022-09-06,QQQ,,,,,,,195.57,,1,,,,,,,,,,0.6836,2022-09-06T15:08:00+00:00,232,685
trade,2022-09-06,AAPL,Long,2022-09-06T14:53:00+00:00,2022-09-06T15:56:00+00:00,156.0662,156.1238,291.01,16.75,0.000369,3780000,SessionClose,0.5843,0.3057,0.5638,0.4226,0.9146,0.3584,0.0309,0.8377,,,
summary,2022-09-06,AAPL,,,,,,,16.75,,1,,,,,,,,,,0.6318,2022-09-06T15:08:00+00:00,239,640
trade,2022-09-06,MSFT,Long,2022-09-06T14:54:00+00:00,2022-09-06T15:56:00+00:00,256.3763,256.3637,300.00,-3.76,-0.000049,3720000,SessionClose,0.5837,0.2074,0.5496,0.4566,0.8494,0.2026,-0.0184,0.6605,,,
summary,2022-09-06,MSFT,,,,,,,-3.76,,1,,,,,,,,,,0.6496,2022-09-06T14:57:00+00:00,102,499
summary,2022-09-07,SPY,,,,,,,0.00,,0,,,,,,,,,,0.6860,2022-09-06T15:08:00+00:00,800,1493
summary,2022-09-07,QQQ,,,,,,,0.00,,0,,,,,,,,,,0.6836,2022-09-06T15:08:00+00:00,784,1504
summary,2022-09-07,AAPL,,,,,,,0.00,,0,,,,,,,,,,0.6318,2022-09-06T15:08:00+00:00,756,1424
summary,2022-09-07,MSFT,,,,,,,0.00,,0,,,,,,,,,,0.6496,2022-09-06T14:57:00+00:00,519,1075
summary,2022-09-08,SPY,,,,,,,0.00,,0,,,,,,,,,,0.6860,2022-09-06T15:08:00+00:00,1357,2320
summary,2022-09-08,QQQ,,,,,,,0.00,,0,,,,,,,,,,0.6836,2022-09-06T15:08:00+00:00,1346,2341
summary,2022-09-08,AAPL,,,,,,,0.00,,0,,,,,,,,,,0.6318,2022-09-06T15:08:00+00:00,1020,2215
summary,2022-09-08,MSFT,,,,,,,0.00,,0,,,,,,,,,,0.6496,2022-09-06T14:57:00+00:00,856,1607
summary,2022-09-09,SPY,,,,,,,0.00,,0,,,,,,,,,,0.9519,2022-09-06T14:57:00+00:00,1843,2908
summary,2022-09-09,QQQ,,,,,,,0.00,,0,,,,,,,,,,0.9520,2022-09-06T14:57:00+00:00,1897,2923
summary,2022-09-09,AAPL,,,,,,,0.00,,0,,,,,,,,,,0.9517,2022-09-06T14:57:00+00:00,1274,2804
summary,2022-09-09,MSFT,,,,,,,0.00,,0,,,,,,,,,,0.9511,2022-09-06T14:57:00+00:00,1306,2102
summary,2022-09-12,SPY,,,,,,,0.00,,0,,,,,,,,,,0.9016,2022-09-09T14:43:00+00:00,918,1150
summary,2022-09-12,QQQ,,,,,,,0.00,,0,,,,,,,,,,0.9547,2022-09-09T14:41:00+00:00,1011,1172
trade,2022-09-12,AAPL,Long,2022-09-12T13:56:00+00:00,2022-09-12T15:56:00+00:00,161.2372,162.0516,318.45,259.33,0.005051,7200000,SessionClose,0.6106,0.0202,0.5698,0.5705,0.7044,-0.5088,-0.1943,0.6256,,,
summary,2022-09-12,AAPL,,,,,,,259.33,,1,,,,,,,,,,0.9551,2022-09-09T14:42:00+00:00,1077,1139
summary,2022-09-12,MSFT,,,,,,,0.00,,0,,,,,,,,,,0.9561,2022-09-09T14:40:00+00:00,728,906
summary,2022-09-13,SPY,,,,,,,0.00,,0,,,,,,,,,,0.7478,2022-09-12T09:19:00+00:00,631,1482
summary,2022-09-13,QQQ,,,,,,,0.00,,0,,,,,,,,,,0.7871,2022-09-12T09:19:00+00:00,723,1527
summary,2022-09-13,AAPL,,,,,,,0.00,,0,,,,,,,,,,0.8334,2022-09-12T09:21:00+00:00,947,1510
summary,2022-09-13,MSFT,,,,,,,0.00,,0,,,,,,,,,,0.7304,2022-09-12T08:39:00+00:00,358,1065
summary,2022-09-14,SPY,,,,,,,0.00,,0,,,,,,,,,,0.7478,2022-09-12T09:19:00+00:00,631,2404
summary,2022-09-14,QQQ,,,,,,,0.00,,0,,,,,,,,,,0.7871,2022-09-12T09:19:00+00:00,723,2435
summary,2022-09-14,AAPL,,,,,,,0.00,,0,,,,,,,,,,0.8334,2022-09-12T09:21:00+00:00,1000,2373
summary,2022-09-14,MSFT,,,,,,,0.00,,0,,,,,,,,,,0.7304,2022-09-12T08:39:00+00:00,358,1714
summary,2022-09-15,SPY,,,,,,,0.00,,0,,,,,,,,,,0.7038,2022-09-12T14:25:00+00:00,546,3020
summary,2022-09-15,QQQ,,,,,,,0.00,,0,,,,,,,,,,0.8282,2022-09-12T14:00:00+00:00,623,2984
summary,2022-09-15,AAPL,,,,,,,0.00,,0,,,,,,,,,,0.8965,2022-09-12T13:57:00+00:00,831,2926
summary,2022-09-15,MSFT,,,,,,,0.00,,0,,,,,,,,,,0.8936,2022-09-12T13:56:00+00:00,332,2208
summary,2022-09-16,SPY,,,,,,,0.00,,0,,,,,,,,,,0.4091,2022-09-14T20:02:00+00:00,457,3080
summary,2022-09-16,QQQ,,,,,,,0.00,,0,,,,,,,,,,0.5025,2022-09-13T13:31:00+00:00,359,3046
summary,2022-09-16,AAPL,,,,,,,0.00,,0,,,,,,,,,,0.4759,2022-09-14T13:59:00+00:00,428,2940
summary,2022-09-16,MSFT,,,,,,,0.00,,0,,,,,,,,,,0.4923,2022-09-13T13:31:00+00:00,136,2307
summary,2022-09-19,SPY,,,,,,,0.00,,0,,,,,,,,,,0.8899,2022-09-16T14:36:00+00:00,593,1199
summary,2022-09-19,QQQ,,,,,,,0.00,,0,,,,,,,,,,0.8951,2022-09-16T14:34:00+00:00,549,1167
summary,2022-09-19,AAPL,,,,,,,0.00,,0,,,,,,,,,,0.6239,2022-09-16T18:53:00+00:00,593,1114
summary,2022-09-19,MSFT,,,,,,,0.00,,0,,,,,,,,,,0.6481,2022-09-16T19:08:00+00:00,313,956
summary,2022-09-20,SPY,,,,,,,0.00,,0,,,,,,,,,,0.6028,2022-09-19T14:40:00+00:00,799,1559
summary,2022-09-20,QQQ,,,,,,,0.00,,0,,,,,,,,,,0.5978,2022-09-19T14:41:00+00:00,965,1544
trade,2022-09-20,AAPL,Long,2022-09-20T15:21:00+00:00,2022-09-20T15:56:00+00:00,156.3863,157.3624,335.67,327.66,0.006242,2100000,SessionClose,0.6049,0.5606,0.5525,0.5101,0.8119,0.5762,0.4324,0.8119,,,
summary,2022-09-20,AAPL,,,,,,,327.66,,1,,,,,,,,,,0.6568,2022-09-19T13:58:00+00:00,1200,1455
summary,2022-09-20,MSFT,,,,,,,0.00,,0,,,,,,,,,,0.5717,2022-09-19T14:13:00+00:00,551,1118
summary,2022-09-21,SPY,,,,,,,0.00,,0,,,,,,,,,,0.6028,2022-09-19T14:40:00+00:00,1097,2420
summary,2022-09-21,QQQ,,,,,,,0.00,,0,,,,,,,,,,0.5978,2022-09-19T14:41:00+00:00,1445,2401
summary,2022-09-21,AAPL,,,,,,,0.00,,0,,,,,,,,,,0.6568,2022-09-19T13:58:00+00:00,1769,2267
summary,2022-09-21,MSFT,,,,,,,0.00,,0,,,,,,,,,,0.5717,2022-09-19T14:13:00+00:00,937,1711
summary,2022-09-22,SPY,,,,,,,0.00,,0,,,,,,,,,,0.9561,2022-09-19T14:40:00+00:00,1111,3051
summary,2022-09-22,QQQ,,,,,,,0.00,,0,,,,,,,,,,0.9554,2022-09-19T14:41:00+00:00,1346,3036
summary,2022-09-22,AAPL,,,,,,,0.00,,0,,,,,,,,,,0.9570,2022-09-19T14:43:00+00:00,1675,2906
summary,2022-09-22,MSFT,,,,,,,0.00,,0,,,,,,,,,,0.9207,2022-09-19T14:40:00+00:00,894,2291
summary,2022-09-23,SPY,,,,,,,0.00,,0,,,,,,,,,,0.6024,2022-09-20T16:04:00+00:00,753,3088
summary,2022-09-23,QQQ,,,,,,,0.00,,0,,,,,,,,,,0.7826,2022-09-20T14:59:00+00:00,814,3091
summary,2022-09-23,AAPL,,,,,,,0.00,,0,,,,,,,,,,0.9530,2022-09-20T14:49:00+00:00,981,2929
summary,2022-09-23,MSFT,,,,,,,0.00,,0,,,,,,,,,,0.8869,2022-09-20T13:46:00+00:00,796,2357
summary,2022-09-26,SPY,,,,,,,0.00,,0,,,,,,,,,,0.5751,2022-09-23T19:44:00+00:00,317,1199
trade,2022-09-26,QQQ,Long,2022-09-26T13:56:00+00:00,2022-09-26T15:06:00+00:00,277.9706,276.7651,300.00,-361.63,-0.004337,4200000,ScoreExit,0.5842,-0.1898,0.4345,0.5351,0.7324,-0.5475,-0.5023,0.5546,,,
summary,2022-09-26,QQQ,,,,,,,-361.63,,1,,,,,,,,,,0.5933,2022-09-26T13:59:00+00:00,484,1200
trade,2022-09-26,AAPL,Long,2022-09-26T13:36:00+00:00,2022-09-26T15:06:00+00:00,151.1259,152.2645,300.00,341.59,0.007534,5400000,ScoreExit,0.6040,-0.0853,0.5998,0.5084,0.7964,-0.5142,-0.3667,0.6205,,,
summary,2022-09-26,AAPL,,,,,,,341.59,,1,,,,,,,,,,0.6534,2022-09-26T13:59:00+00:00,568,1127
trade,2022-09-26,MSFT,Long,2022-09-26T14:17:00+00:00,2022-09-26T15:06:00+00:00,241.1883,239.7970,300.14,-417.58,-0.005769,2940000,ScoreExit,0.5852,-0.0994,0.5577,0.5438,0.6770,-0.5262,-0.3921,0.6282,,,
summary,2022-09-26,MSFT,,,,,,,-417.58,,1,,,,,,,,,,0.9358,2022-09-23T14:53:00+00:00,359,952
summary,2022-09-27,SPY,,,,,,,0.00,,0,,,,,,,,,,0.6461,2022-09-26T14:16:00+00:00,596,1595
summary,2022-09-27,QQQ,,,,,,,0.00,,0,,,,,,,,,,0.6826,2022-09-26T14:16:00+00:00,640,1620
summary,2022-09-27,AAPL,,,,,,,0.00,,0,,,,,,,,,,0.7471,2022-09-26T14:16:00+00:00,639,1455
summary,2022-09-27,MSFT,,,,,,,0.00,,0,,,,,,,,,,0.7692,2022-09-26T08:30:00+00:00,443,1166
summary,2022-09-28,SPY,,,,,,,0.00,,0,,,,,,,,,,0.6461,2022-09-26T14:16:00+00:00,965,2519
summary,2022-09-28,QQQ,,,,,,,0.00,,0,,,,,,,,,,0.6826,2022-09-26T14:16:00+00:00,1127,2552
summary,2022-09-28,AAPL,,,,,,,0.00,,0,,,,,,,,,,0.7471,2022-09-26T14:16:00+00:00,861,2355
summary,2022-09-28,MSFT,,,,,,,0.00,,0,,,,,,,,,,0.7692,2022-09-26T08:30:00+00:00,762,1851
summary,2022-09-29,SPY,,,,,,,0.00,,0,,,,,,,,,,0.9023,2022-09-26T14:16:00+00:00,1238,3126
summary,2022-09-29,QQQ,,,,,,,0.00,,0,,,,,,,,,,0.8972,2022-09-26T14:16:00+00:00,1323,3149
summary,2022-09-29,AAPL,,,,,,,0.00,,0,,,,,,,,,,1.0000,2022-09-26T13:36:00+00:00,813,3010
summary,2022-09-29,MSFT,,,,,,,0.00,,0,,,,,,,,,,1.0000,2022-09-26T13:33:00+00:00,772,2303
summary,2022-09-30,SPY,,,,,,,0.00,,0,,,,,,,,,,0.8942,2022-09-27T13:40:00+00:00,919,3139
summary,2022-09-30,QQQ,,,,,,,0.00,,0,,,,,,,,,,0.9355,2022-09-27T13:40:00+00:00,898,3144
summary,2022-09-30,AAPL,,,,,,,0.00,,0,,,,,,,,,,1.0000,2022-09-27T13:33:00+00:00,375,3075
summary,2022-09-30,MSFT,,,,,,,0.00,,0,,,,,,,,,,1.0000,2022-09-27T13:37:00+00:00,843,2311
summary,2022-10-03,SPY,,,,,,,0.00,,0,,,,,,,,,,0.9490,2022-09-30T15:04:00+00:00,569,1198
summary,2022-10-03,QQQ,,,,,,,0.00,,0,,,,,,,,,,0.9531,2022-09-30T14:59:00+00:00,445,1190
trade,2022-10-03,AAPL,Long,2022-10-03T14:21:00+00:00,2022-10-03T15:36:00+00:00,140.4443,140.4769,284.14,9.27,0.000232,4500000,ScoreExit,0.5871,-0.0660,0.5017,0.5483,0.6933,-0.5659,-0.3424,0.6534,,,
summary,2022-10-03,AAPL,,,,,,,9.27,,1,,,,,,,,,,1.0000,2022-09-30T13:33:00+00:00,443,1177
summary,2022-10-03,MSFT,,,,,,,0.00,,0,,,,,,,,,,0.9887,2022-09-30T13:33:00+00:00,538,1003
trade,2022-10-04,SPY,Long,2022-10-04T13:46:00+00:00,2022-10-04T15:47:00+00:00,374.8500,376.5797,300.32,519.46,0.004614,7260000,MaxHoldTimeout,0.5997,0.0110,0.5609,0.5402,0.7317,-0.4940,-0.2416,0.6847,,,
summary,2022-10-04,SPY,,,,,,,519.46,,1,,,,,,,,,,0.7561,2022-10-03T09:32:00+00:00,1400,1613
trade,2022-10-04,QQQ,Long,2022-10-04T13:58:00+00:00,2022-10-04T15:56:00+00:00,281.2903,281.7586,291.79,136.64,0.001665,7080000,SessionClose,0.5932,0.1709,0.5622,0.5316,0.7266,-0.3202,-0.0151,0.7067,,,
summary,2022-10-04,QQQ,,,,,,,136.64,,1,,,,,,,,,,0.8182,2022-10-03T09:34:00+00:00,1395,1601
summary,2022-10-04,AAPL,,,,,,,0.00,,0,,,,,,,,,,0.8897,2022-10-03T09:31:00+00:00,1354,1519
trade,2022-10-04,MSFT,Long,2022-10-04T13:46:00+00:00,2022-10-04T15:47:00+00:00,246.3893,248.6103,280.67,623.38,0.009014,7260000,MaxHoldTimeout,0.6157,-0.0239,0.4972,0.5630,0.7607,-0.3651,-0.3440,0.7302,,,
summary,2022-10-04,MSFT,,,,,,,623.38,,1,,,,,,,,,,0.7154,2022-10-04T13:58:00+00:00,1043,1185
summary,2022-10-05,SPY,,,,,,,0.00,,0,,,,,,,,,,0.7561,2022-10-03T09:32:00+00:00,1993,2506
summary,2022-10-05,QQQ,,,,,,,0.00,,0,,,,,,,,,,0.8182,2022-10-03T09:34:00+00:00,1953,2480
summary,2022-10-05,AAPL,,,,,,,0.00,,0,,,,,,,,,,0.8897,2022-10-03T09:31:00+00:00,1931,2313
summary,2022-10-05,MSFT,,,,,,,0.00,,0,,,,,,,,,,0.7154,2022-10-04T13:58:00+00:00,1444,1772
summary,2022-10-06,SPY,,,,,,,0.00,,0,,,,,,,,,,0.9575,2022-10-03T14:47:00+00:00,2261,3101
summary,2022-10-06,QQQ,,,,,,,0.00,,0,,,,,,,,,,0.9567,2022-10-03T14:47:00+00:00,2233,3075
summary,2022-10-06,AAPL,,,,,,,0.00,,0,,,,,,,,,,1.0000,2022-10-03T13:36:00+00:00,2240,2844
summary,2022-10-06,MSFT,,,,,,,0.00,,0,,,,,,,,,,0.9562,2022-10-03T14:46:00+00:00,1673,2241
summary,2022-10-07,SPY,,,,,,,0.00,,0,,,,,,,,,,0.9427,2022-10-04T14:58:00+00:00,898,3026
summary,2022-10-07,QQQ,,,,,,,0.00,,0,,,,,,,,,,0.9558,2022-10-04T14:58:00+00:00,1022,3015
summary,2022-10-07,AAPL,,,,,,,0.00,,0,,,,,,,,,,0.8969,2022-10-04T14:01:00+00:00,1166,2748
summary,2022-10-07,MSFT,,,,,,,0.00,,0,,,,,,,,,,0.9019,2022-10-04T14:01:00+00:00,714,2223
summary,2022-10-10,SPY,,,,,,,0.00,,0,,,,,,,,,,0.4452,2022-10-10T17:54:00+00:00,77,1168
summary,2022-10-10,QQQ,,,,,,,0.00,,0,,,,,,,,,,0.3264,2022-10-10T12:59:00+00:00,10,1186
trade,2022-10-10,AAPL,Long,2022-10-10T17:48:00+00:00,2022-10-10T17:49:00+00:00,141.1932,141.3667,300.00,52.05,0.001229,60000,SessionClose,0.5917,0.5952,0.5536,0.5759,0.6359,0.5885,0.5759,0.6359,,,
trade,2022-10-10,AAPL,Long,2022-10-10T17:51:00+00:00,2022-10-10T17:52:00+00:00,141.5333,141.5084,303.33,-7.56,-0.000176,60000,SessionClose,0.5987,0.5994,0.5025,0.5962,0.6359,0.5095,0.5962,0.6359,,,
trade,2022-10-10,AAPL,Long,2022-10-10T17:54:00+00:00,2022-10-10T17:55:00+00:00,141.6583,141.7443,303.17,26.08,0.000607,60000,SessionClose,0.5970,0.6035,0.4851,0.5962,0.6359,0.5502,0.5962,0.6359,,,
summary,2022-10-10,AAPL,,,,,,,70.57,,3,,,,,,,,,,0.6053,2022-10-07T13:39:00+00:00,239,1143
summary,2022-10-10,MSFT,,,,,,,0.00,,0,,,,,,,,,,0.4577,2022-10-07T13:36:00+00:00,57,978
summary,2022-10-11,SPY,,,,,,,0.00,,0,,,,,,,,,,0.7702,2022-10-10T09:30:00+00:00,610,1559
summary,2022-10-11,QQQ,,,,,,,0.00,,0,,,,,,,,,,0.7656,2022-10-10T09:30:00+00:00,610,1589
summary,2022-10-11,AAPL,,,,,,,0.00,,0,,,,,,,,,,0.8075,2022-10-10T09:34:00+00:00,847,1437
summary,2022-10-11,MSFT,,,,,,,0.00,,0,,,,,,,,,,0.9046,2022-10-10T09:47:00+00:00,307,1127
summary,2022-10-12,SPY,,,,,,,0.00,,0,,,,,,,,,,0.7702,2022-10-10T09:30:00+00:00,793,2450
summary,2022-10-12,QQQ,,,,,,,0.00,,0,,,,,,,,,,0.7656,2022-10-10T09:30:00+00:00,785,2473
summary,2022-10-12,AAPL,,,,,,,0.00,,0,,,,,,,,,,0.8075,2022-10-10T09:34:00+00:00,1039,2220
summary,2022-10-12,MSFT,,,,,,,0.00,,0,,,,,,,,,,0.9046,2022-10-10T09:47:00+00:00,334,1744
trade,2022-10-13,SPY,Long,2022-10-13T15:16:00+00:00,2022-10-13T15:56:00+00:00,356.6962,362.7024,297.95,1789.57,0.016838,2400000,SessionClose,0.6264,0.5217,0.4189,0.7866,0.3750,0.0461,0.5460,0.6315,,,
summary,2022-10-13,SPY,,,,,,,1789.57,,1,,,,,,,,,,0.8541,2022-10-13T15:38:00+00:00,834,3038
trade,2022-10-13,QQQ,Long,2022-10-13T15:16:00+00:00,2022-10-13T15:56:00+00:00,261.6773,266.8316,301.26,1552.78,0.019697,2400000,SessionClose,0.6533,0.5044,0.5398,0.8322,0.3333,-0.0966,0.5402,0.6333,,,
summary,2022-10-13,QQQ,,,,,,,1552.78,,1,,,,,,,,,,0.8465,2022-10-13T15:38:00+00:00,889,3013
trade,2022-10-13,AAPL,Long,2022-10-13T15:18:00+00:00,2022-10-13T15:56:00+00:00,138.9328,141.0869,298.96,644.00,0.015505,2280000,SessionClose,0.6028,0.5086,0.5623,0.6567,0.5086,-0.0985,0.5156,0.6969,,,
summary,2022-10-13,AAPL,,,,,,,644.00,,1,,,,,,,,,,0.8836,2022-10-10T14:27:00+00:00,1160,2710
trade,2022-10-13,MSFT,Long,2022-10-13T15:17:00+00:00,2022-10-13T15:56:00+00:00,227.6405,233.2183,297.54,1659.63,0.024503,2340000,SessionClose,0.6266,0.5608,0.5778,0.6372,0.6218,-0.0156,0.5999,0.6748,,,
trade,2022-10-13,MSFT,Long,2022-10-13T16:01:00+00:00,2022-10-13T16:02:00+00:00,233.2016,232.9984,397.65,-80.82,-0.000872,60000,SessionClose,0.6384,0.6311,0.1007,0.7115,0.6712,0.0279,0.7115,0.6712,,,
trade,2022-10-13,MSFT,Long,2022-10-13T16:04:00+00:00,2022-10-13T16:05:00+00:00,233.9418,234.0482,394.02,41.92,0.000455,60000,SessionClose,0.6829,0.6858,0.5466,0.7115,0.6712,0.5756,0.7115,0.6712,,,
summary,2022-10-13,MSFT,,,,,,,1620.73,,3,,,,,,,,,,0.7844,2022-10-13T15:38:00+00:00,536,2184
summary,2022-10-14,SPY,,,,,,,0.00,,0,,,,,,,,,,0.9592,2022-10-11T15:03:00+00:00,1590,3052
summary,2022-10-14,QQQ,,,,,,,0.00,,0,,,,,,,,,,0.9431,2022-10-11T15:03:00+00:00,1554,3020
summary,2022-10-14,AAPL,,,,,,,0.00,,0,,,,,,,,,,0.8984,2022-10-11T15:04:00+00:00,1219,2769
summary,2022-10-14,MSFT,,,,,,,0.00,,0,,,,,,,,,,0.7856,2022-10-13T15:38:00+00:00,1207,2196
trade,2022-10-17,SPY,Long,2022-10-17T13:36:00+00:00,2022-10-17T14:51:00+00:00,365.8982,365.6719,300.00,-67.89,-0.000619,4500000,ScoreExit,0.6028,-0.0797,0.5780,0.5743,0.6680,-0.5460,-0.3459,0.6081,,,
summary,2022-10-17,SPY,,,,,,,-67.89,,1,,,,,,,,,,0.8443,2022-10-14T13:39:00+00:00,605,1172
trade,2022-10-17,QQQ,Long,2022-10-17T13:36:00+00:00,2022-10-17T14:51:00+00:00,268.2336,268.4113,300.00,53.30,0.000662,4500000,ScoreExit,0.6420,-0.0515,0.5882,0.5874,0.7690,-0.5059,-0.3400,0.6769,,,
summary,2022-10-17,QQQ,,,,,,,53.30,,1,,,,,,,,,,0.6448,2022-10-17T13:36:00+00:00,539,1171
summary,2022-10-17,AAPL,,,,,,,0.00,,0,,,,,,,,,,0.5565,2022-10-17T13:04:00+00:00,585,1130
summary,2022-10-17,MSFT,,,,,,,0.00,,0,,,,,,,,,,0.7908,2022-10-17T13:49:00+00:00,495,972
summary,2022-10-18,SPY,,,,,,,0.00,,0,,,,,,,,,,0.7077,2022-10-17T13:36:00+00:00,1209,1614
summary,2022-10-18,QQQ,,,,,,,0.00,,0,,,,,,,,,,0.7558,2022-10-17T09:30:00+00:00,1268,1615
summary,2022-10-18,AAPL,,,,,,,0.00,,0,,,,,,,,,,0.6136,2022-10-17T13:04:00+00:00,1159,1489
summary,2022-10-18,MSFT,,,,,,,0.00,,0,,,,,,,,,,0.8283,2022-10-17T13:49:00+00:00,771,1194
summary,2022-10-19,SPY,,,,,,,0.00,,0,,,,,,,,,,0.7077,2022-10-17T13:36:00+00:00,1575,2539
summary,2022-10-19,QQQ,,,,,,,0.00,,0,,,,,,,,,,0.7558,2022-10-17T09:30:00+00:00,1621,2552
summary,2022-10-19,AAPL,,,,,,,0.00,,0,,,,,,,,,,0.6136,2022-10-17T13:04:00+00:00,1670,2387
summary,2022-10-19,MSFT,,,,,,,0.00,,0,,,,,,,,,,0.8283,2022-10-17T13:49:00+00:00,936,1875
summary,2022-10-20,SPY,,,,,,,0.00,,0,,,,,,,,,,0.9027,2022-10-17T13:40:00+00:00,1580,3144
trade,2022-10-20,QQQ,Long,2022-10-20T14:06:00+00:00,2022-10-20T15:20:00+00:00,273.3098,273.7502,276.09,121.62,0.001612,4440000,ScoreExit,0.5882,-0.0540,0.5791,0.6543,0.4591,-0.5314,-0.1786,0.3545,,,
summary,2022-10-20,QQQ,,,,,,,121.62,,1,,,,,,,,,,1.0000,2022-10-17T13:40:00+00:00,1618,3143
summary,2022-10-20,AAPL,,,,,,,0.00,,0,,,,,,,,,,1.0000,2022-10-17T13:41:00+00:00,1867,2925
trade,2022-10-20,MSFT,Long,2022-10-20T14:06:00+00:00,2022-10-20T15:16:00+00:00,239.7329,239.5421,300.00,-57.26,-0.000796,4200000,ScoreExit,0.5906,-0.0782,0.5169,0.6491,0.4982,-0.4637,-0.2717,0.4374,,,
summary,2022-10-20,MSFT,,,,,,,-57.26,,1,,,,,,,,,,1.0000,2022-10-17T13:40:00+00:00,1000,2337
summary,2022-10-21,SPY,,,,,,,0.00,,0,,,,,,,,,,0.6762,2022-10-18T20:18:00+00:00,902,3086
summary,2022-10-21,QQQ,,,,,,,0.00,,0,,,,,,,,,,0.7411,2022-10-18T20:19:00+00:00,903,3101
summary,2022-10-21,AAPL,,,,,,,0.00,,0,,,,,,,,,,0.6683,2022-10-18T13:32:00+00:00,1282,2853
summary,2022-10-21,MSFT,,,,,,,0.00,,0,,,,,,,,,,0.7271,2022-10-18T20:03:00+00:00,686,2271
summary,2022-10-24,SPY,,,,,,,0.00,,0,,,,,,,,,,0.9441,2022-10-21T13:46:00+00:00,1045,1205
summary,2022-10-24,QQQ,,,,,,,0.00,,0,,,,,,,,,,0.9431,2022-10-21T13:46:00+00:00,1040,1200
summary,2022-10-24,AAPL,,,,,,,0.00,,0,,,,,,,,,,0.9423,2022-10-21T13:46:00+00:00,1039,1161
summary,2022-10-24,MSFT,,,,,,,0.00,,0,,,,,,,,,,0.9294,2022-10-21T13:46:00+00:00,956,1033
trade,2022-10-25,SPY,Long,2022-10-25T13:46:00+00:00,2022-10-25T15:47:00+00:00,380.7211,383.5483,334.54,945.78,0.007426,7260000,MaxHoldTimeout,0.5819,0.3880,0.5287,0.5607,0.6419,0.1505,0.3140,0.6153,,,
summary,2022-10-25,SPY,,,,,,,945.78,,1,,,,,,,,,,0.6612,2022-10-24T10:19:00+00:00,1199,1594
trade,2022-10-25,QQQ,Long,2022-10-25T13:46:00+00:00,2022-10-25T15:47:00+00:00,281.1512,283.4783,321.16,747.36,0.008277,7260000,MaxHoldTimeout,0.6380,0.4101,0.5270,0.6046,0.7418,0.0556,0.3307,0.6872,,,
summary,2022-10-25,QQQ,,,,,,,747.36,,1,,,,,,,,,,0.6524,2022-10-25T13:54:00+00:00,1231,1574
summary,2022-10-25,AAPL,,,,,,,0.00,,0,,,,,,,,,,0.6766,2022-10-24T10:33:00+00:00,1162,1467
summary,2022-10-25,MSFT,,,,,,,0.00,,0,,,,,,,,,,0.9600,2022-10-24T09:55:00+00:00,1022,1230
summary,2022-10-26,SPY,,,,,,,0.00,,0,,,,,,,,,,0.6612,2022-10-24T10:19:00+00:00,1678,2516
summary,2022-10-26,QQQ,,,,,,,0.00,,0,,,,,,,,,,0.6524,2022-10-25T13:54:00+00:00,1581,2507
summary,2022-10-26,AAPL,,,,,,,0.00,,0,,,,,,,,,,0.6766,2022-10-24T10:33:00+00:00,1597,2360
summary,2022-10-26,MSFT,,,,,,,0.00,,0,,,,,,,,,,0.9600,2022-10-24T09:55:00+00:00,1024,2162
summary,2022-10-27,SPY,,,,,,,0.00,,0,,,,,,,,,,0.9386,2022-10-24T13:45:00+00:00,1827,3109
summary,2022-10-27,QQQ,,,,,,,0.00,,0,,,,,,,,,,0.9241,2022-10-24T13:45:00+00:00,1421,3122
summary,2022-10-27,AAPL,,,,,,,0.00,,0,,,,,,,,,,0.9182,2022-10-24T13:45:00+00:00,1495,2952
summary,2022-10-27,MSFT,,,,,,,0.00,,0,,,,,,,,,,1.0000,2022-10-24T13:37:00+00:00,898,2786
summary,2022-10-28,SPY,,,,,,,0.00,,0,,,,,,,,,,0.8946,2022-10-25T13:55:00+00:00,1295,3103
summary,2022-10-28,QQQ,,,,,,,0.00,,0,,,,,,,,,,0.9037,2022-10-25T13:49:00+00:00,881,3172
summary,2022-10-28,AAPL,,,,,,,0.00,,0,,,,,,,,,,0.8977,2022-10-25T13:52:00+00:00,987,3079
trade,2022-10-28,MSFT,Long,2022-10-28T14:41:00+00:00,2022-10-28T15:26:00+00:00,233.6767,233.0784,290.02,-173.53,-0.002561,2700000,ScoreExit,0.6172,-0.0882,0.5277,0.7142,0.4529,-0.5577,-0.2362,0.3642,,,
summary,2022-10-28,MSFT,,,,,,,-173.53,,1,,,,,,,,,,0.9034,2022-10-25T13:55:00+00:00,933,2927
summary,2022-10-31,SPY,,,,,,,0.00,,0,,,,,,,,,,0.9573,2022-10-28T14:46:00+00:00,831,1196
summary,2022-10-31,QQQ,,,,,,,0.00,,0,,,,,,,,,,1.0000,2022-10-28T13:40:00+00:00,854,1179
summary,2022-10-31,AAPL,,,,,,,0.00,,0,,,,,,,,,,1.0000,2022-10-28T13:35:00+00:00,649,1169
summary,2022-10-31,MSFT,,,,,,,0.00,,0,,,,,,,,,,1.0000,2022-10-28T13:32:00+00:00,739,1007
summary,2022-11-01,SPY,,,,,,,0.00,,0,,,,,,,,,,0.5471,2022-10-31T15:54:00+00:00,719,1567
summary,2022-11-01,QQQ,,,,,,,0.00,,0,,,,,,,,,,0.6050,2022-10-31T15:54:00+00:00,626,1514
summary,2022-11-01,AAPL,,,,,,,0.00,,0,,,,,,,,,,0.7580,2022-10-31T09:24:00+00:00,629,1473
summary,2022-11-01,MSFT,,,,,,,0.00,,0,,,,,,,,,,0.6405,2022-10-31T15:54:00+00:00,357,1139
summary,2022-11-02,SPY,,,,,,,0.00,,0,,,,,,,,,,0.5471,2022-10-31T15:54:00+00:00,776,2366
summary,2022-11-02,QQQ,,,,,,,0.00,,0,,,,,,,,,,0.6050,2022-10-31T15:54:00+00:00,633,2363
summary,2022-11-02,AAPL,,,,,,,0.00,,0,,,,,,,,,,0.7580,2022-10-31T09:24:00+00:00,629,2250
summary,2022-11-02,MSFT,,,,,,,0.00,,0,,,,,,,,,,0.6405,2022-10-31T15:54:00+00:00,357,1743
summary,2022-11-03,SPY,,,,,,,0.00,,0,,,,,,,,,,0.6186,2022-10-31T15:54:00+00:00,656,2987
summary,2022-11-03,QQQ,,,,,,,0.00,,0,,,,,,,,,,0.6905,2022-10-31T15:54:00+00:00,565,3007
summary,2022-11-03,AAPL,,,,,,,0.00,,0,,,,,,,,,,0.6669,2022-10-31T15:44:00+00:00,562,2861
summary,2022-11-03,MSFT,,,,,,,0.00,,0,,,,,,,,,,0.7195,2022-10-31T15:54:00+00:00,307,2298
summary,2022-11-04,SPY,,,,,,,0.00,,0,,,,,,,,,,0.5278,2022-11-02T18:01:00+00:00,238,2988
summary,2022-11-04,QQQ,,,,,,,0.00,,0,,,,,,,,,,0.5238,2022-11-02T18:01:00+00:00,172,3070
summary,2022-11-04,AAPL,,,,,,,0.00,,0,,,,,,,,,,0.5028,2022-11-02T18:08:00+00:00,158,2967
summary,2022-11-04,MSFT,,,,,,,0.00,,0,,,,,,,,,,0.5648,2022-11-02T18:01:00+00:00,371,2427
summary,2022-11-07,SPY,,,,,,,0.00,,0,,,,,,,,,,0.9546,2022-11-04T14:40:00+00:00,816,1189
summary,2022-11-07,QQQ,,,,,,,0.00,,0,,,,,,,,,,0.9560,2022-11-04T14:40:00+00:00,812,1156
summary,2022-11-07,AAPL,,,,,,,0.00,,0,,,,,,,,,,0.8925,2022-11-04T14:25:00+00:00,619,1193
summary,2022-11-07,MSFT,,,,,,,0.00,,0,,,,,,,,,,0.9572,2022-11-04T14:41:00+00:00,799,990
summary,2022-11-08,SPY,,,,,,,0.00,,0,,,,,,,,,,0.7502,2022-11-07T10:23:00+00:00,1051,1544
summary,2022-11-08,QQQ,,,,,,,0.00,,0,,,,,,,,,,0.6568,2022-11-07T10:23:00+00:00,1015,1500
summary,2022-11-08,AAPL,,,,,,,0.00,,0,,,,,,,,,,0.9202,2022-11-07T09:00:00+00:00,1014,1509
summary,2022-11-08,MSFT,,,,,,,0.00,,0,,,,,,,,,,0.8701,2022-11-07T11:03:00+00:00,843,1137
summary,2022-11-09,SPY,,,,,,,0.00,,0,,,,,,,,,,0.7502,2022-11-07T10:23:00+00:00,1297,2457
summary,2022-11-09,QQQ,,,,,,,0.00,,0,,,,,,,,,,0.6568,2022-11-07T10:23:00+00:00,1284,2391
summary,2022-11-09,AAPL,,,,,,,0.00,,0,,,,,,,,,,0.9202,2022-11-07T09:00:00+00:00,1218,2289
summary,2022-11-09,MSFT,,,,,,,0.00,,0,,,,,,,,,,0.8701,2022-11-07T11:03:00+00:00,941,1684
summary,2022-11-10,SPY,,,,,,,0.00,,0,,,,,,,,,,0.8542,2022-11-10T13:40:00+00:00,1667,3003
summary,2022-11-10,QQQ,,,,,,,0.00,,0,,,,,,,,,,0.8785,2022-11-10T13:40:00+00:00,1700,2977
summary,2022-11-10,AAPL,,,,,,,0.00,,0,,,,,,,,,,0.8900,2022-11-07T15:16:00+00:00,1620,2825
summary,2022-11-10,MSFT,,,,,,,0.00,,0,,,,,,,,,,0.9571,2022-11-07T15:59:00+00:00,1302,2144
summary,2022-11-11,SPY,,,,,,,0.00,,0,,,,,,,,,,0.9561,2022-11-08T15:43:00+00:00,1555,3071
summary,2022-11-11,QQQ,,,,,,,0.00,,0,,,,,,,,,,0.9524,2022-11-08T15:48:00+00:00,1643,3080
trade,2022-11-11,AAPL,Long,2022-11-11T15:22:00+00:00,2022-11-11T15:56:00+00:00,147.7745,148.2165,373.89,165.26,0.002991,2040000,SessionClose,0.5805,0.3805,0.5806,0.5855,0.5704,0.1077,0.3310,0.5704,,,
summary,2022-11-11,AAPL,,,,,,,165.26,,1,,,,,,,,,,0.7964,2022-11-08T15:59:00+00:00,1612,2905
summary,2022-11-11,MSFT,,,,,,,0.00,,0,,,,,,,,,,0.9070,2022-11-08T14:53:00+00:00,1182,2210
summary,2022-11-14,SPY,,,,,,,0.00,,0,,,,,,,,,,0.8869,2022-11-11T15:21:00+00:00,801,1167
summary,2022-11-14,QQQ,,,,,,,0.00,,0,,,,,,,,,,0.9589,2022-11-11T15:49:00+00:00,882,1171
summary,2022-11-14,AAPL,,,,,,,0.00,,0,,,,,,,,,,0.9600,2022-11-11T15:49:00+00:00,889,1102
summary,2022-11-14,MSFT,,,,,,,0.00,,0,,,,,,,,,,0.9587,2022-11-11T15:51:00+00:00,379,978
summary,2022-11-15,SPY,,,,,,,0.00,,0,,,,,,,,,,0.5802,2022-11-14T18:26:00+00:00,883,1573
summary,2022-11-15,QQQ,,,,,,,0.00,,0,,,,,,,,,,0.6966,2022-11-15T13:33:00+00:00,1008,1555
summary,2022-11-15,AAPL,,,,,,,0.00,,0,,,,,,,,,,0.6611,2022-11-15T13:33:00+00:00,891,1402
summary,2022-11-15,MSFT,,,,,,,0.00,,0,,,,,,,,,,0.7259,2022-11-15T13:33:00+00:00,744,1180
summary,2022-11-16,SPY,,,,,,,0.00,,0,,,,,,,,,,0.5802,2022-11-14T18:26:00+00:00,1040,2471
summary,2022-11-16,QQQ,,,,,,,0.00,,0,,,,,,,,,,0.6966,2022-11-15T13:33:00+00:00,1200,2431
summary,2022-11-16,AAPL,,,,,,,0.00,,0,,,,,,,,,,0.6611,2022-11-15T13:33:00+00:00,1010,2211
summary,2022-11-16,MSFT,,,,,,,0.00,,0,,,,,,,,,,0.7259,2022-11-15T13:33:00+00:00,917,1786
summary,2022-11-17,SPY,,,,,,,0.00,,0,,,,,,,,,,0.7639,2022-11-14T15:15:00+00:00,955,3075
summary,2022-11-17,QQQ,,,,,,,0.00,,0,,,,,,,,,,0.8896,2022-11-14T15:15:00+00:00,1136,3004
summary,2022-11-17,AAPL,,,,,,,0.00,,0,,,,,,,,,,0.6829,2022-11-14T17:13:00+00:00,1200,2767
summary,2022-11-17,MSFT,,,,,,,0.00,,0,,,,,,,,,,0.8991,2022-11-14T15:00:00+00:00,1101,2265
summary,2022-11-18,SPY,,,,,,,0.00,,0,,,,,,,,,,0.3936,2022-11-16T09:23:00+00:00,469,3052
summary,2022-11-18,QQQ,,,,,,,0.00,,0,,,,,,,,,,0.5550,2022-11-15T15:05:00+00:00,410,3008
summary,2022-11-18,AAPL,,,,,,,0.00,,0,,,,,,,,,,1.0000,2022-11-15T14:32:00+00:00,1000,2774
summary,2022-11-18,MSFT,,,,,,,0.00,,0,,,,,,,,,,0.4677,2022-11-17T16:59:00+00:00,624,2171
summary,2022-11-21,SPY,,,,,,,0.00,,0,,,,,,,,,,0.5243,2022-11-18T20:49:00+00:00,314,1167
summary,2022-11-21,QQQ,,,,,,,0.00,,0,,,,,,,,,,0.4684,2022-11-18T20:49:00+00:00,135,1126
summary,2022-11-21,AAPL,,,,,,,0.00,,0,,,,,,,,,,0.5503,2022-11-18T16:19:00+00:00,105,1058
trade,2022-11-21,MSFT,Long,2022-11-21T14:32:00+00:00,2022-11-21T15:22:00+00:00,243.7937,241.6934,300.00,-630.12,-0.008615,3000000,ScoreExit,0.5854,-0.0944,0.6417,0.5316,0.6742,-0.4494,-0.2857,0.4063,,,
summary,2022-11-21,MSFT,,,,,,,-630.12,,1,,,,,,,,,,0.5854,2022-11-21T14:31:00+00:00,427,915
summary,2022-11-22,SPY,,,,,,,0.00,,0,,,,,,,,,,0.4884,2022-11-21T18:39:00+00:00,981,1513
summary,2022-11-22,QQQ,,,,,,,0.00,,0,,,,,,,,,,0.4491,2022-11-22T20:33:00+00:00,749,1445
summary,2022-11-22,AAPL,,,,,,,0.00,,0,,,,,,,,,,0.5075,2022-11-21T13:22:00+00:00,661,1335
summary,2022-11-22,MSFT,,,,,,,0.00,,0,,,,,,,,,,0.6806,2022-11-21T14:31:00+00:00,570,1020
summary,2022-11-23,SPY,,,,,,,0.00,,0,,,,,,,,,,0.4884,2022-11-21T18:39:00+00:00,1616,2367
summary,2022-11-23,QQQ,,,,,,,0.00,,0,,,,,,,,,,0.4863,2022-11-23T19:04:00+00:00,1343,2261
summary,2022-11-23,AAPL,,,,,,,0.00,,0,,,,,,,,,,0.5075,2022-11-21T13:22:00+00:00,1164,2114
summary,2022-11-23,MSFT,,,,,,,0.00,,0,,,,,,,,,,0.6806,2022-11-21T14:31:00+00:00,984,1561
summary,2022-11-24,SPY,,,,,,,0.00,,0,,,,,,,,,,0.4899,2022-11-21T18:39:00+00:00,1632,2275
summary,2022-11-24,QQQ,,,,,,,0.00,,0,,,,,,,,,,0.5785,2022-11-21T14:51:00+00:00,1342,2192
summary,2022-11-24,AAPL,,,,,,,0.00,,0,,,,,,,,,,0.5977,2022-11-21T15:00:00+00:00,1168,2082
summary,2022-11-24,MSFT,,,,,,,0.00,,0,,,,,,,,,,1.0000,2022-11-21T14:31:00+00:00,925,1531
summary,2022-11-25,SPY,,,,,,,0.00,,0,,,,,,,,,,0.8250,2022-11-22T15:55:00+00:00,1538,2005
summary,2022-11-25,QQQ,,,,,,,0.00,,0,,,,,,,,,,0.9552,2022-11-22T15:50:00+00:00,1498,1927
summary,2022-11-25,AAPL,,,,,,,0.00,,0,,,,,,,,,,0.9544,2022-11-22T15:49:00+00:00,1158,1913
summary,2022-11-25,MSFT,,,,,,,0.00,,0,,,,,,,,,,0.8479,2022-11-22T15:59:00+00:00,1071,1333
summary,2022-11-28,SPY,,,,,,,0.00,,0,,,,,,,,,,0.7135,2022-11-25T16:03:00+00:00,163,1064
summary,2022-11-28,QQQ,,,,,,,0.00,,0,,,,,,,,,,0.5815,2022-11-25T16:03:00+00:00,114,969
summary,2022-11-28,AAPL,,,,,,,0.00,,0,,,,,,,,,,0.8934,2022-11-25T14:58:00+00:00,155,1014
summary,2022-11-28,MSFT,,,,,,,0.00,,0,,,,,,,,,,0.4929,2022-11-25T14:37:00+00:00,46,762
summary,2022-11-29,SPY,,,,,,,0.00,,0,,,,,,,,,,0.3924,2022-11-28T14:34:00+00:00,313,1567
summary,2022-11-29,QQQ,,,,,,,0.00,,0,,,,,,,,,,0.5536,2022-11-28T14:41:00+00:00,306,1504
summary,2022-11-29,AAPL,,,,,,,0.00,,0,,,,,,,,,,0.6557,2022-11-28T14:43:00+00:00,279,1471
summary,2022-11-29,MSFT,,,,,,,0.00,,0,,,,,,,,,,0.4216,2022-11-28T13:53:00+00:00,68,1109
trade,2022-11-30,SPY,Long,2022-11-30T19:01:00+00:00,2022-11-30T19:02:00+00:00,400.4351,400.2149,300.00,-66.04,-0.000550,60000,SessionClose,0.6241,0.6208,0.5928,0.6799,0.5230,0.5597,0.6799,0.5230,,,
trade,2022-11-30,SPY,Long,2022-11-30T19:04:00+00:00,2022-11-30T19:05:00+00:00,400.6851,400.4849,296.80,-59.43,-0.000500,60000,SessionClose,0.6214,0.6198,0.5654,0.6799,0.5230,0.5495,0.6799,0.5230,,,
trade,2022-11-30,SPY,Long,2022-11-30T19:11:00+00:00,2022-11-30T19:12:00+00:00,401.2452,401.0298,294.00,-63.34,-0.000537,60000,SessionClose,0.6158,0.6074,0.4566,0.6888,0.5230,0.3719,0.6888,0.5230,,,
trade,2022-11-30,SPY,Long,2022-11-30T19:15:00+00:00,2022-11-30T19:16:00+00:00,401.3853,401.4147,290.91,8.56,0.000073,60000,SessionClose,0.6168,0.6821,0.4663,0.6888,0.5230,0.4921,0.7934,0.5230,,,
trade,2022-11-30,SPY,Long,2022-11-30T19:18:00+00:00,2022-11-30T19:19:00+00:00,402.3054,402.2945,292.17,-3.19,-0.000027,60000,SessionClose,0.6871,0.6874,0.5417,0.7934,0.5230,0.5449,0.7934,0.5230,,,
trade,2022-11-30,SPY,Long,2022-11-30T19:21:00+00:00,2022-11-30T19:22:00+00:00,402.9260,403.1144,292.81,55.16,0.000468,60000,SessionClose,0.6145,0.6203,0.4948,0.6801,0.5230,0.5528,0.6801,0.5230,,,
trade,2022-11-30,SPY,Long,2022-11-30T19:24:00+00:00,2022-11-30T19:25:00+00:00,403.0506,402.9444,296.61,-31.50,-0.000263,60000,SessionClose,0.6061,0.6105,0.4108,0.6801,0.5230,0.4551,0.6801,0.5230,,,
summary,2022-11-30,SPY,,,,,,,-159.77,,7,,,,,,,,,,0.6901,2022-11-30T19:19:00+00:00,585,2420
trade,2022-11-30,QQQ,Long,2022-11-30T18:39:00+00:00,2022-11-30T18:40:00+00:00,284.7719,284.6481,300.00,-37.17,-0.000435,60000,SessionClose,0.5945,0.5911,0.6235,0.6317,0.5105,0.5892,0.6317,0.5105,,,
trade,2022-11-30,QQQ,Long,2022-11-30T18:56:00+00:00,2022-11-30T18:57:00+00:00,285.1320,285.0379,297.88,-28.04,-0.000330,60000,SessionClose,0.6239,0.6244,0.5587,0.6915,0.5105,0.5634,0.6915,0.5105,,,
trade,2022-11-30,QQQ,Long,2022-11-30T18:59:00+00:00,2022-11-30T19:00:00+00:00,286.2822,286.0878,296.57,-57.68,-0.000679,60000,SessionClose,0.6292,0.6243,0.6114,0.6915,0.5105,0.5625,0.6915,0.5105,,,
trade,2022-11-30,QQQ,Long,2022-11-30T19:02:00+00:00,2022-11-30T19:03:00+00:00,286.7723,286.8876,293.75,33.86,0.000402,60000,SessionClose,0.6954,0.6956,0.5650,0.7556,0.6184,0.5669,0.7556,0.6184,,,
trade,2022-11-30,QQQ,Long,2022-11-30T19:05:00+00:00,2022-11-30T19:06:00+00:00,287.2044,287.5775,296.16,110.48,0.001299,60000,SessionClose,0.6970,0.6735,0.5811,0.7556,0.6184,0.5846,0.7158,0.6184,,,
trade,2022-11-30,QQQ,Long,2022-11-30T19:08:00+00:00,2022-11-30T19:09:00+00:00,287.7525,287.5025,303.79,-75.96,-0.000869,60000,SessionClose,0.6690,0.6570,0.5393,0.7158,0.6184,0.4195,0.7158,0.6184,,,
trade,2022-11-30,QQQ,Long,2022-11-30T19:11:00+00:00,2022-11-30T19:12:00+00:00,287.8025,287.7074,299.84,-28.52,-0.000330,60000,SessionClose,0.7051,0.7024,0.5029,0.7821,0.6184,0.4761,0.7821,0.6184,,,
trade,2022-11-30,QQQ,Long,2022-11-30T19:14:00+00:00,2022-11-30T19:15:00+00:00,287.8226,288.0474,298.80,67.18,0.000781,60000,SessionClose,0.6818,0.7056,0.2700,0.7821,0.6184,0.5088,0.7821,0.6184,,,
trade,2022-11-30,QQQ,Long,2022-11-30T19:17:00+00:00,2022-11-30T19:18:00+00:00,288.8027,288.9672,303.30,49.88,0.000569,60000,SessionClose,0.7724,0.7731,0.5521,0.8861,0.6184,0.5591,0.8861,0.6184,,,
trade,2022-11-30,QQQ,Long,2022-11-30T19:20:00+00:00,2022-11-30T19:21:00+00:00,289.9930,289.5721,306.87,-129.16,-0.001451,60000,SessionClose,0.7751,0.7330,0.5787,0.8861,0.6184,0.5112,0.8272,0.6184,,,
trade,2022-11-30,QQQ,Long,2022-11-30T19:23:00+00:00,2022-11-30T19:24:00+00:00,289.9930,289.7570,299.83,-70.75,-0.000814,60000,SessionClose,0.7346,0.7296,0.5279,0.8272,0.6184,0.4772,0.8272,0.6184,,,
trade,2022-11-30,QQQ,Long,2022-11-30T19:26:00+00:00,2022-11-30T19:27:00+00:00,289.8930,289.8170,296.06,-22.48,-0.000262,60000,SessionClose,0.6532,0.6582,0.3840,0.7154,0.6184,0.4347,0.7154,0.6184,,,
trade,2022-11-30,QQQ,Long,2022-11-30T19:29:00+00:00,2022-11-30T19:30:00+00:00,290.3231,289.9870,295.36,-99.26,-0.001158,60000,SessionClose,0.6663,0.6346,0.5154,0.7154,0.6184,0.1981,0.7154,0.6184,,,
summary,2022-11-30,QQQ,,,,,,,-287.62,,13,,,,,,,,,,0.7751,2022-11-30T19:19:00+00:00,534,2324
trade,2022-11-30,AAPL,Long,2022-11-30T18:40:00+00:00,2022-11-30T18:41:00+00:00,143.5464,143.5263,286.43,-5.76,-0.000140,60000,SessionClose,0.5847,0.4876,0.6336,0.6305,0.4770,0.5776,0.4770,0.4788,,,
trade,2022-11-30,AAPL,Long,2022-11-30T18:59:00+00:00,2022-11-30T19:00:00+00:00,144.2839,144.1462,286.12,-39.39,-0.000954,60000,SessionClose,0.5836,0.5754,0.6074,0.6160,0.5109,0.5250,0.6160,0.5109,,,
trade,2022-11-30,AAPL,Long,2022-11-30T19:02:00+00:00,2022-11-30T19:03:00+00:00,144.4438,144.3761,284.13,-19.23,-0.000468,60000,SessionClose,0.6380,0.6380,0.5266,0.6524,0.6465,0.5264,0.6524,0.6465,,,
trade,2022-11-30,AAPL,Long,2022-11-30T19:05:00+00:00,2022-11-30T19:06:00+00:00,144.5839,144.7360,283.18,43.08,0.001052,60000,SessionClose,0.6427,0.6290,0.5736,0.6524,0.6465,0.5384,0.6353,0.6465,,,
trade,2022-11-30,AAPL,Long,2022-11-30T19:08:00+00:00,2022-11-30T19:09:00+00:00,144.7840,144.7359,286.05,-13.73,-0.000332,60000,SessionClose,0.6169,0.6202,0.4174,0.6353,0.6465,0.4503,0.6353,0.6465,,,
trade,2022-11-30,AAPL,Long,2022-11-30T19:11:00+00:00,2022-11-30T19:12:00+00:00,144.9540,144.9060,285.44,-13.69,-0.000331,60000,SessionClose,0.6635,0.6577,0.5354,0.6933,0.6465,0.4777,0.6933,0.6465,,,
trade,2022-11-30,AAPL,Long,2022-11-30T19:14:00+00:00,2022-11-30T19:15:00+00:00,145.0021,145.1360,284.90,38.14,0.000923,60000,SessionClose,0.6453,0.6608,0.3540,0.6933,0.6465,0.5089,0.6933,0.6465,,,
trade,2022-11-30,AAPL,Long,2022-11-30T19:17:00+00:00,2022-11-30T19:18:00+00:00,145.5341,145.6259,287.36,26.37,0.000631,60000,SessionClose,0.7198,0.7201,0.5425,0.7860,0.6465,0.5453,0.7860,0.6465,,,
trade,2022-11-30,AAPL,Long,2022-11-30T19:20:00+00:00,2022-11-30T19:21:00+00:00,146.2143,145.9558,289.26,-74.78,-0.001768,60000,SessionClose,0.7223,0.6412,0.5673,0.7860,0.6465,0.5040,0.6615,0.6465,,,
trade,2022-11-30,AAPL,Long,2022-11-30T19:23:00+00:00,2022-11-30T19:24:00+00:00,146.1542,145.9658,285.25,-53.75,-0.001289,60000,SessionClose,0.6412,0.6195,0.5035,0.6615,0.6465,0.2868,0.6615,0.6465,,,
trade,2022-11-30,AAPL,Long,2022-11-30T19:26:00+00:00,2022-11-30T19:27:00+00:00,146.1242,146.0793,282.48,-12.69,-0.000308,60000,SessionClose,0.6013,0.6026,0.3992,0.6124,0.6465,0.4121,0.6124,0.6465,,,
trade,2022-11-30,AAPL,Long,2022-11-30T19:29:00+00:00,2022-11-30T19:30:00+00:00,146.4443,146.2533,281.98,-53.84,-0.001304,60000,SessionClose,0.6151,0.5960,0.5372,0.6124,0.6465,0.3459,0.6124,0.6465,,,
trade,2022-11-30,AAPL,Long,2022-11-30T19:32:00+00:00,2022-11-30T19:33:00+00:00,146.3143,146.1258,279.09,-52.61,-0.001288,60000,SessionClose,0.5816,0.5522,0.1288,0.6245,0.6465,-0.1650,0.6245,0.6465,,,
trade,2022-11-30,AAPL,Long,2022-11-30T19:35:00+00:00,2022-11-30T19:36:00+00:00,146.3943,146.2369,276.23,-43.46,-0.001075,60000,SessionClose,0.6045,0.3364,0.3578,0.6245,0.6465,0.1045,0.2200,0.6465,,,
summary,2022-11-30,AAPL,,,,,,,-275.34,,14,,,,,,,,,,0.7223,2022-11-30T19:19:00+00:00,506,2280
trade,2022-11-30,MSFT,Long,2022-11-30T18:55:00+00:00,2022-11-30T18:56:00+00:00,245.4941,245.5559,300.00,18.54,0.000252,60000,SessionClose,0.5853,0.6295,0.5275,0.5980,0.5791,0.5227,0.6725,0.5791,,,
trade,2022-11-30,MSFT,Long,2022-11-30T18:58:00+00:00,2022-11-30T18:59:00+00:00,246.2242,246.5957,301.51,111.99,0.001509,60000,SessionClose,0.6326,0.6379,0.5537,0.6725,0.5791,0.6066,0.6725,0.5791,,,
trade,2022-11-30,MSFT,Long,2022-11-30T19:01:00+00:00,2022-11-30T19:02:00+00:00,247.2444,246.8856,308.63,-110.74,-0.001451,60000,SessionClose,0.6921,0.6859,0.5685,0.7245,0.6685,0.5069,0.7245,0.6685,,,
trade,2022-11-30,MSFT,Long,2022-11-30T19:04:00+00:00,2022-11-30T19:05:00+00:00,247.2744,247.1956,302.20,-23.81,-0.000319,60000,SessionClose,0.6913,0.6910,0.5607,0.7245,0.6685,0.5582,0.7245,0.6685,,,
trade,2022-11-30,MSFT,Long,2022-11-30T19:07:00+00:00,2022-11-30T19:08:00+00:00,248.0296,247.6255,301.35,-121.79,-0.001629,60000,SessionClose,0.6750,0.6626,0.5814,0.6939,0.6685,0.4568,0.6939,0.6685,,,
trade,2022-11-30,MSFT,Long,2022-11-30T19:10:00+00:00,2022-11-30T19:11:00+00:00,247.6645,247.8299,294.40,48.69,0.000668,60000,SessionClose,0.6540,0.6948,0.3711,0.6939,0.6685,0.5098,0.7387,0.6685,,,
trade,2022-11-30,MSFT,Long,2022-11-30T19:13:00+00:00,2022-11-30T19:14:00+00:00,247.9946,247.7954,297.64,-59.28,-0.000803,60000,SessionClose,0.6909,0.6812,0.4713,0.7387,0.6685,0.3740,0.7387,0.6685,,,
trade,2022-11-30,MSFT,Long,2022-11-30T19:16:00+00:00,2022-11-30T19:17:00+00:00,248.3547,248.6253,294.83,79.78,0.001090,60000,SessionClose,0.7610,0.7666,0.5233,0.8469,0.6685,0.5786,0.8469,0.6685,,,
trade,2022-11-30,MSFT,Long,2022-11-30T19:19:00+00:00,2022-11-30T19:20:00+00:00,249.1548,249.6751,301.08,156.63,0.002088,60000,SessionClose,0.7632,0.7665,0.5448,0.8469,0.6685,0.5783,0.8469,0.6685,,,
trade,2022-11-30,MSFT,Long,2022-11-30T19:22:00+00:00,2022-11-30T19:23:00+00:00,249.7749,249.6901,310.79,-26.38,-0.000340,60000,SessionClose,0.7503,0.7484,0.5552,0.8237,0.6685,0.5360,0.8237,0.6685,,,
trade,2022-11-30,MSFT,Long,2022-11-30T19:25:00+00:00,2022-11-30T19:26:00+00:00,249.8450,249.4701,309.77,-116.12,-0.001500,60000,SessionClose,0.7482,0.5958,0.5342,0.8237,0.6685,0.1649,0.6314,0.6685,,,
trade,2022-11-30,MSFT,Long,2022-11-30T19:28:00+00:00,2022-11-30T19:29:00+00:00,249.9350,249.8251,303.22,-33.31,-0.000440,60000,SessionClose,0.6319,0.6280,0.5258,0.6314,0.6685,0.4865,0.6314,0.6685,,,
trade,2022-11-30,MSFT,Long,2022-11-30T19:31:00+00:00,2022-11-30T19:32:00+00:00,249.7949,249.5051,301.91,-87.51,-0.001160,60000,SessionClose,0.6249,0.5862,0.2357,0.6680,0.6685,-0.1515,0.6680,0.6685,,,
trade,2022-11-30,MSFT,Long,2022-11-30T19:34:00+00:00,2022-11-30T19:35:00+00:00,249.5849,249.7850,296.97,59.43,0.000802,60000,SessionClose,0.5823,0.6354,-0.1907,0.6680,0.6685,0.3402,0.6680,0.6685,,,
summary,2022-11-30,MSFT,,,,,,,-103.87,,14,,,,,,,,,,0.7666,2022-11-30T19:16:00+00:00,391,1614
summary,2022-12-01,SPY,,,,,,,0.00,,0,,,,,,,,,,0.6919,2022-11-30T19:19:00+00:00,1210,3021
summary,2022-12-01,QQQ,,,,,,,0.00,,0,,,,,,,,,,0.7772,2022-11-30T19:19:00+00:00,1145,2957
summary,2022-12-01,AAPL,,,,,,,0.00,,0,,,,,,,,,,0.9977,2022-11-28T14:33:00+00:00,1057,2874
summary,2022-12-01,MSFT,,,,,,,0.00,,0,,,,,,,,,,0.7682,2022-11-30T19:16:00+00:00,893,2179
summary,2022-12-02,SPY,,,,,,,0.00,,0,,,,,,,,,,0.7516,2022-11-30T19:19:00+00:00,1840,2999
summary,2022-12-02,QQQ,,,,,,,0.00,,0,,,,,,,,,,0.8346,2022-11-30T19:19:00+00:00,1773,2922
summary,2022-12-02,AAPL,,,,,,,0.00,,0,,,,,,,,,,0.8952,2022-11-29T15:29:00+00:00,1578,2760
summary,2022-12-02,MSFT,,,,,,,0.00,,0,,,,,,,,,,0.8329,2022-11-30T19:16:00+00:00,1364,2110
summary,2022-12-05,SPY,,,,,,,0.00,,0,,,,,,,,,,0.6882,2022-12-02T15:52:00+00:00,491,1201
summary,2022-12-05,QQQ,,,,,,,0.00,,0,,,,,,,,,,0.8999,2022-12-02T15:13:00+00:00,565,1128
trade,2022-12-05,AAPL,Long,2022-12-05T14:36:00+00:00,2022-12-05T15:16:00+00:00,149.4849,148.6453,281.02,-235.95,-0.005617,2400000,ScoreExit,0.6700,-0.0701,0.6040,0.6812,0.6693,-0.5688,-0.2658,0.4874,,,
summary,2022-12-05,AAPL,,,,,,,-235.95,,1,,,,,,,,,,0.7545,2022-12-02T15:13:00+00:00,578,1078
summary,2022-12-05,MSFT,,,,,,,0.00,,0,,,,,,,,,,0.8928,2022-12-02T15:13:00+00:00,461,937
summary,2022-12-06,SPY,,,,,,,0.00,,0,,,,,,,,,,0.3879,2022-12-05T11:49:00+00:00,243,1600
summary,2022-12-06,QQQ,,,,,,,0.00,,0,,,,,,,,,,0.4087,2022-12-05T11:48:00+00:00,200,1475
summary,2022-12-06,AAPL,,,,,,,0.00,,0,,,,,,,,,,0.7735,2022-12-05T14:39:00+00:00,245,1370
summary,2022-12-06,MSFT,,,,,,,0.00,,0,,,,,,,,,,0.7068,2022-12-05T11:52:00+00:00,191,1037
summary,2022-12-07,SPY,,,,,,,0.00,,0,,,,,,,,,,0.3879,2022-12-05T11:49:00+00:00,243,2475
summary,2022-12-07,QQQ,,,,,,,0.00,,0,,,,,,,,,,0.4087,2022-12-05T11:48:00+00:00,229,2329
summary,2022-12-07,AAPL,,,,,,,0.00,,0,,,,,,,,,,0.7735,2022-12-05T14:39:00+00:00,245,2185
summary,2022-12-07,MSFT,,,,,,,0.00,,0,,,,,,,,,,0.7068,2022-12-05T11:52:00+00:00,277,1588
summary,2022-12-08,SPY,,,,,,,0.00,,0,,,,,,,,,,0.4240,2022-12-05T14:37:00+00:00,414,3031
summary,2022-12-08,QQQ,,,,,,,0.00,,0,,,,,,,,,,0.5532,2022-12-05T14:38:00+00:00,378,2904
summary,2022-12-08,AAPL,,,,,,,0.00,,0,,,,,,,,,,1.0000,2022-12-05T14:35:00+00:00,262,2727
summary,2022-12-08,MSFT,,,,,,,0.00,,0,,,,,,,,,,0.6131,2022-12-05T14:49:00+00:00,467,2016
summary,2022-12-09,SPY,,,,,,,0.00,,0,,,,,,,,,,0.4317,2022-12-08T15:34:00+00:00,1338,2968
summary,2022-12-09,QQQ,,,,,,,0.00,,0,,,,,,,,,,0.4947,2022-12-08T15:34:00+00:00,1058,2894
summary,2022-12-09,AAPL,,,,,,,0.00,,0,,,,,,,,,,0.5780,2022-12-09T16:03:00+00:00,850,2695
summary,2022-12-09,MSFT,,,,,,,0.00,,0,,,,,,,,,,0.5115,2022-12-09T16:02:00+00:00,900,2032
summary,2022-12-12,SPY,,,,,,,0.00,,0,,,,,,,,,,0.8522,2022-12-09T16:04:00+00:00,512,1143
summary,2022-12-12,QQQ,,,,,,,0.00,,0,,,,,,,,,,0.9588,2022-12-09T15:59:00+00:00,385,1124
summary,2022-12-12,AAPL,,,,,,,0.00,,0,,,,,,,,,,0.9596,2022-12-09T15:59:00+00:00,460,1044
trade,2022-12-12,MSFT,Long,2022-12-12T14:31:00+00:00,2022-12-12T15:46:00+00:00,248.2146,249.4651,308.75,386.09,0.005038,4500000,ScoreExit,0.5911,-0.0528,0.5892,0.5215,0.7309,-0.2536,-0.3663,0.6414,,,
summary,2022-12-12,MSFT,,,,,,,386.09,,1,,,,,,,,,,0.9597,2022-12-09T15:59:00+00:00,717,915
summary,2022-12-13,SPY,,,,,,,0.00,,0,,,,,,,,,,0.8510,2022-12-13T13:49:00+00:00,1213,1538
summary,2022-12-13,QQQ,,,,,,,0.00,,0,,,,,,,,,,0.9154,2022-12-13T13:49:00+00:00,1064,1482
summary,2022-12-13,AAPL,,,,,,,0.00,,0,,,,,,,,,,0.7851,2022-12-13T13:41:00+00:00,961,1330
summary,2022-12-13,MSFT,,,,,,,0.00,,0,,,,,,,,,,0.8643,2022-12-13T13:49:00+00:00,814,1094
summary,2022-12-14,SPY,,,,,,,0.00,,0,,,,,,,,,,0.8510,2022-12-13T13:49:00+00:00,1679,2376
summary,2022-12-14,QQQ,,,,,,,0.00,,0,,,,,,,,,,0.9154,2022-12-13T13:49:00+00:00,1459,2323
summary,2022-12-14,AAPL,,,,,,,0.00,,0,,,,,,,,,,0.7851,2022-12-13T13:41:00+00:00,1226,2071
summary,2022-12-14,MSFT,,,,,,,0.00,,0,,,,,,,,,,0.8643,2022-12-13T13:49:00+00:00,1231,1648
summary,2022-12-15,SPY,,,,,,,0.00,,0,,,,,,,,,,0.8313,2022-12-13T13:49:00+00:00,1677,3027
summary,2022-12-15,QQQ,,,,,,,0.00,,0,,,,,,,,,,0.9169,2022-12-13T13:49:00+00:00,1332,2950
summary,2022-12-15,AAPL,,,,,,,0.00,,0,,,,,,,,,,0.7866,2022-12-13T13:41:00+00:00,1169,2689
summary,2022-12-15,MSFT,,,,,,,0.00,,0,,,,,,,,,,1.0000,2022-12-12T14:35:00+00:00,1231,2198
summary,2022-12-16,SPY,,,,,,,0.00,,0,,,,,,,,,,0.5161,2022-12-13T14:55:00+00:00,227,3067
summary,2022-12-16,QQQ,,,,,,,0.00,,0,,,,,,,,,,0.5789,2022-12-13T14:47:00+00:00,165,3009
summary,2022-12-16,AAPL,,,,,,,0.00,,0,,,,,,,,,,0.5073,2022-12-13T14:45:00+00:00,131,2805
summary,2022-12-16,MSFT,,,,,,,0.00,,0,,,,,,,,,,0.9113,2022-12-13T14:45:00+00:00,393,2203
summary,2022-12-19,SPY,,,,,,,0.00,,0,,,,,,,,,,0.6311,2022-12-16T20:30:00+00:00,294,1184
summary,2022-12-19,QQQ,,,,,,,0.00,,0,,,,,,,,,,0.8357,2022-12-16T14:49:00+00:00,223,1168
summary,2022-12-19,AAPL,,,,,,,0.00,,0,,,,,,,,,,0.9035,2022-12-16T14:53:00+00:00,265,1143
summary,2022-12-19,MSFT,,,,,,,0.00,,0,,,,,,,,,,0.8184,2022-12-16T14:50:00+00:00,103,975
summary,2022-12-20,SPY,,,,,,,0.00,,0,,,,,,,,,,0.6552,2022-12-19T10:22:00+00:00,567,1555
summary,2022-12-20,QQQ,,,,,,,0.00,,0,,,,,,,,,,0.6038,2022-12-19T10:21:00+00:00,355,1539
summary,2022-12-20,AAPL,,,,,,,0.00,,0,,,,,,,,,,0.6039,2022-12-19T10:23:00+00:00,436,1463
summary,2022-12-20,MSFT,,,,,,,0.00,,0,,,,,,,,,,0.6723,2022-12-19T11:21:00+00:00,418,1118
summary,2022-12-21,SPY,,,,,,,0.00,,0,,,,,,,,,,0.6552,2022-12-19T10:22:00+00:00,1190,2413
summary,2022-12-21,QQQ,,,,,,,0.00,,0,,,,,,,,,,0.6038,2022-12-19T10:21:00+00:00,949,2424
summary,2022-12-21,AAPL,,,,,,,0.00,,0,,,,,,,,,,0.6039,2022-12-19T10:23:00+00:00,1098,2288
summary,2022-12-21,MSFT,,,,,,,0.00,,0,,,,,,,,,,0.6723,2022-12-19T11:21:00+00:00,816,1712
summary,2022-12-22,SPY,,,,,,,0.00,,0,,,,,,,,,,0.4798,2022-12-21T15:39:00+00:00,1279,2993
summary,2022-12-22,QQQ,,,,,,,0.00,,0,,,,,,,,,,0.4774,2022-12-20T15:32:00+00:00,1043,2957
summary,2022-12-22,AAPL,,,,,,,0.00,,0,,,,,,,,,,0.5798,2022-12-21T15:57:00+00:00,1229,2797
summary,2022-12-22,MSFT,,,,,,,0.00,,0,,,,,,,,,,0.5230,2022-12-20T15:32:00+00:00,820,2128
summary,2022-12-23,SPY,,,,,,,0.00,,0,,,,,,,,,,0.8958,2022-12-20T15:53:00+00:00,1593,2956
summary,2022-12-23,QQQ,,,,,,,0.00,,0,,,,,,,,,,0.9173,2022-12-20T15:53:00+00:00,1183,2975
summary,2022-12-23,AAPL,,,,,,,0.00,,0,,,,,,,,,,0.9448,2022-12-20T15:53:00+00:00,1363,2778
summary,2022-12-23,MSFT,,,,,,,0.00,,0,,,,,,,,,,0.9431,2022-12-20T15:49:00+00:00,870,2083
summary,2022-12-26,SPY,,,,,,,0.00,,0,,,,,,,,,,0.9022,2022-12-23T15:18:00+00:00,385,482
summary,2022-12-26,QQQ,,,,,,,0.00,,0,,,,,,,,,,0.9066,2022-12-23T15:18:00+00:00,388,472
summary,2022-12-26,AAPL,,,,,,,0.00,,0,,,,,,,,,,0.9004,2022-12-23T15:18:00+00:00,386,476
summary,2022-12-26,MSFT,,,,,,,0.00,,0,,,,,,,,,,0.9581,2022-12-23T15:40:00+00:00,360,426
summary,2022-12-27,SPY,,,,,,,0.00,,0,,,,,,,,,,0.6918,2022-12-27T10:30:00+00:00,265,636
summary,2022-12-27,QQQ,,,,,,,0.00,,0,,,,,,,,,,0.5213,2022-12-27T10:14:00+00:00,142,656
trade,2022-12-27,AAPL,Long,2022-12-27T17:12:00+00:00,2022-12-27T17:13:00+00:00,130.5011,130.3889,296.99,-33.32,-0.000860,60000,SessionClose,0.5801,0.5641,0.5432,0.4014,0.9499,0.5195,0.4014,0.9045,,,
summary,2022-12-27,AAPL,,,,,,,-33.32,,1,,,,,,,,,,0.6537,2022-12-27T10:17:00+00:00,251,626
summary,2022-12-27,MSFT,,,,,,,0.00,,0,,,,,,,,,,0.4710,2022-12-27T15:39:00+00:00,203,532
summary,2022-12-28,SPY,,,,,,,0.00,,0,,,,,,,,,,0.6918,2022-12-27T10:30:00+00:00,521,1422
summary,2022-12-28,QQQ,,,,,,,0.00,,0,,,,,,,,,,0.5213,2022-12-27T10:14:00+00:00,267,1516
summary,2022-12-28,AAPL,,,,,,,0.00,,0,,,,,,,,,,0.6537,2022-12-27T10:17:00+00:00,504,1415
summary,2022-12-28,MSFT,,,,,,,0.00,,0,,,,,,,,,,0.4725,2022-12-28T14:34:00+00:00,367,1080
summary,2022-12-29,SPY,,,,,,,0.00,,0,,,,,,,,,,0.6918,2022-12-27T10:30:00+00:00,905,2276
summary,2022-12-29,QQQ,,,,,,,0.00,,0,,,,,,,,,,0.5213,2022-12-27T10:14:00+00:00,663,2352
summary,2022-12-29,AAPL,,,,,,,0.00,,0,,,,,,,,,,0.6537,2022-12-27T10:17:00+00:00,850,2276
summary,2022-12-29,MSFT,,,,,,,0.00,,0,,,,,,,,,,0.4954,2022-12-29T15:18:00+00:00,752,1661
summary,2022-12-30,SPY,,,,,,,0.00,,0,,,,,,,,,,0.8898,2022-12-27T15:46:00+00:00,1098,2872
summary,2022-12-30,QQQ,,,,,,,0.00,,0,,,,,,,,,,0.7837,2022-12-27T15:48:00+00:00,1025,2912
summary,2022-12-30,AAPL,,,,,,,0.00,,0,,,,,,,,,,0.6866,2022-12-27T17:11:00+00:00,1136,2817
summary,2022-12-30,MSFT,,,,,,,0.00,,0,,,,,,,,,,0.8979,2022-12-27T15:21:00+00:00,927,2050
